发布时间,标题标签,标题分数,内容标签,内容分数
2017-09-21 10:52:26,neutral,0.9998956918716431,,
2017-09-20 15:28:22,neutral,0.9998970031738281,,
2017-09-21 10:44:06,neutral,0.9998971223831177,,
2017-09-20 18:43:53,neutral,0.9999113082885742,,
2017-09-20 21:35:00,neutral,0.9998517036437988,,
2017-09-20 11:45:50,neutral,0.9999102354049683,,
2017-09-20 14:47:03,neutral,0.9999028444290161,,
2017-09-20 14:05:30,negative,0.9739635586738586,,
2017-09-20 14:03:17,neutral,0.9999071359634399,,
2017-09-20 13:58:13,neutral,0.9998961687088013,,
2017-09-20 09:40:24,positive,0.9995737671852112,,
2017-09-19 17:49:56,neutral,0.9999057054519653,,
2017-09-19 15:01:39,neutral,0.9999053478240967,,
2017-09-19 14:01:27,negative,0.9993002414703369,,
2017-09-19 13:29:08,neutral,0.9994303584098816,,
2017-09-19 10:47:08,neutral,0.9999004602432251,,
2017-09-18 21:05:11,neutral,0.9996002316474915,,
2017-09-18 13:46:35,neutral,0.9999086856842041,,
2017-09-18 15:34:35,negative,0.9994966983795166,,
2017-09-18 15:24:16,neutral,0.9999116659164429,,
2017-09-18 11:36:19,neutral,0.9998965263366699,,
2017-09-17 21:23:20,neutral,0.9998626708984375,,
2017-09-13 22:41:45,neutral,0.9998998641967773,,
2017-09-14 16:42:53,negative,0.999603807926178,,
2017-09-14 17:28:55,neutral,0.9999105930328369,,
2017-09-15 09:41:45,negative,0.9996086955070496,,
2017-09-17 14:55:22,negative,0.9923670887947083,,
2017-09-17 10:01:24,neutral,0.999874472618103,,
2017-09-16 23:16:49,neutral,0.9999053478240967,,
2017-09-16 21:47:15,neutral,0.999798595905304,,
2017-09-16 14:56:56,neutral,0.9999067783355713,,
2017-07-28 13:02:23,neutral,0.9999094009399414,,
2017-09-16 11:04:12,neutral,0.9998559951782227,,
2017-09-16 09:39:58,neutral,0.9999066591262817,,
2017-08-17 10:56:18,neutral,0.9999094009399414,,
2017-09-12 15:00:30,neutral,0.9999094009399414,,
2017-09-15 19:00:51,neutral,0.9999114274978638,,
2017-09-15 22:05:17,positive,0.5259512662887573,,
2017-09-15 18:39:24,neutral,0.9999098777770996,,
2017-06-08 20:28:39,neutral,0.9999150037765503,,
2017-09-15 15:24:16,neutral,0.9999129772186279,,
2017-09-14 14:39:53,neutral,0.9994750618934631,,
2017-09-15 14:28:22,neutral,0.7112246751785278,,
2017-09-15 14:22:20,neutral,0.9999071359634399,,
2017-09-14 13:14:43,neutral,0.9998977184295654,,
2017-09-15 09:39:56,negative,0.9985206723213196,,
2017-09-15 13:49:30,neutral,0.999907374382019,,
2017-09-15 13:44:54,neutral,0.9999063014984131,,
2017-09-15 12:18:46,neutral,0.9999136924743652,,
2017-09-15 10:56:48,positive,0.9993252754211426,,
2017-09-15 10:53:34,positive,0.9994262456893921,,
2017-09-15 10:52:25,neutral,0.9998804330825806,,
2017-09-15 10:39:15,neutral,0.9998819828033447,,
2017-09-15 10:35:50,neutral,0.9696338772773743,,
2017-09-15 10:28:31,neutral,0.9680829048156738,,
2017-09-15 10:11:26,neutral,0.9992097616195679,,
2017-09-15 10:10:09,neutral,0.9998952150344849,,
2017-09-14 12:01:10,neutral,0.9958781003952026,,
2017-09-14 16:52:57,neutral,0.999904990196228,,
2017-09-14 23:21:52,positive,0.9997480511665344,,
2017-09-14 21:34:41,neutral,0.9999136924743652,,
2017-09-14 15:18:44,neutral,0.9998892545700073,,
2017-07-26 12:29:16,neutral,0.9998743534088135,,
2017-07-27 15:10:04,neutral,0.999910831451416,,
2017-08-25 16:46:32,neutral,0.9998725652694702,,
2017-09-14 16:52:16,neutral,0.9998928308486938,,
2017-09-14 16:34:38,neutral,0.9999085664749146,,
2017-09-14 16:09:23,neutral,0.9998981952667236,,
2017-09-14 10:16:16,neutral,0.9998898506164551,,
2017-09-14 15:33:14,neutral,0.9973080158233643,,
2017-09-14 15:27:37,neutral,0.9998911619186401,,
2017-09-14 15:18:50,neutral,0.9998986721038818,,
2017-09-14 14:56:05,negative,0.999601423740387,,
2017-09-14 14:39:35,negative,0.8337455987930298,,
2017-09-13 21:44:06,neutral,0.9924426078796387,,
2017-09-14 14:21:28,neutral,0.9999134540557861,,
2017-09-14 10:59:00,neutral,0.9996067881584167,,
2017-09-14 12:54:33,neutral,0.9999072551727295,,
2017-08-23 14:51:51,neutral,0.999871015548706,,
2017-09-14 10:45:47,neutral,0.9999092817306519,,
2017-09-14 10:28:57,negative,0.9989953637123108,,
2017-09-14 09:26:33,neutral,0.9999110698699951,,
2017-09-14 09:14:59,positive,0.9997492432594299,,
2017-09-14 00:00:00,positive,0.9996306896209717,,
2017-09-13 21:40:19,negative,0.8255429863929749,,
2017-09-13 14:53:37,neutral,0.999853253364563,,
2017-09-12 13:40:50,neutral,0.9999136924743652,,
2017-09-13 15:49:35,neutral,0.9999053478240967,,
2017-09-13 14:53:25,neutral,0.9888567328453064,,
2017-09-12 17:36:42,neutral,0.9994226694107056,,
2017-09-13 11:02:26,positive,0.9997764229774475,,
2017-09-12 18:29:14,neutral,0.9620236754417419,,
2017-09-12 16:18:57,neutral,0.9999032020568848,,
2017-09-12 15:17:50,neutral,0.9999101161956787,,
2017-09-05 13:53:13,neutral,0.9999089241027832,,
2017-09-11 21:26:25,neutral,0.9999091625213623,,
2017-09-08 10:35:04,neutral,0.9998676776885986,,
2017-09-08 13:09:22,neutral,0.9936103224754333,,
2017-09-09 04:32:27,positive,0.9995498061180115,,
2017-09-08 15:58:34,neutral,0.9999133348464966,,
2017-09-11 15:01:31,positive,0.9997727274894714,,
2017-09-11 14:55:34,neutral,0.9999138116836548,,
2017-09-07 12:22:25,negative,0.9991819262504578,,
2017-09-11 14:53:18,neutral,0.9997778534889221,,
2017-09-11 14:52:47,positive,0.9997691512107849,,
2017-09-08 10:52:08,neutral,0.9998863935470581,,
2017-09-11 14:39:32,neutral,0.9998818635940552,,
2017-04-24 19:57:04,neutral,0.9999078512191772,,
2017-09-11 14:00:23,neutral,0.9998947381973267,,
2017-09-08 17:55:23,neutral,0.9998341798782349,,
2017-09-08 09:51:50,positive,0.6585116386413574,,
2017-09-11 11:03:13,neutral,0.999847412109375,,
2017-09-08 09:42:19,neutral,0.99985671043396,,
2017-09-08 11:00:08,neutral,0.9999065399169922,,
2017-09-08 11:00:47,neutral,0.9997788071632385,,
2017-09-08 10:10:57,neutral,0.9989905953407288,,
2017-09-08 09:56:41,neutral,0.999909520149231,,
2017-09-08 09:44:48,neutral,0.9998212456703186,,
2017-09-08 09:44:33,neutral,0.9999117851257324,,
2017-09-07 14:26:44,positive,0.9995858073234558,,
2017-09-08 08:41:31,neutral,0.9999098777770996,,
2017-09-07 14:58:52,negative,0.9833754897117615,,
2017-09-07 14:49:14,neutral,0.9998383522033691,,
2017-09-08 01:03:50,neutral,0.999911904335022,,
2017-09-07 22:18:09,neutral,0.9999083280563354,,
2017-09-07 14:31:38,neutral,0.9648132920265198,,
2017-09-07 15:50:34,neutral,0.9996073842048645,,
2017-09-07 14:55:15,negative,0.9996021389961243,,
2017-09-07 14:40:47,neutral,0.9997902512550354,,
2017-09-06 11:53:12,neutral,0.9994722008705139,,
2017-09-07 11:16:56,neutral,0.9975257515907288,,
2017-09-07 10:26:52,neutral,0.9999094009399414,,
2017-09-06 14:58:28,neutral,0.999908447265625,,
2017-09-07 14:04:27,neutral,0.9997933506965637,,
2017-09-07 11:13:42,neutral,0.999306321144104,,
2017-09-07 10:20:07,neutral,0.9999098777770996,,
2017-09-07 10:30:48,negative,0.9791932106018066,,
2017-09-07 10:04:16,negative,0.9996071457862854,,
