股票代码,标题,新闻发布时间,情绪标签,情绪分数
000156,华数传媒子公司购新疆广电10%股权,2015-01-04,neutral,0.9999136924743652
002037,久联发展子公司中标5.3亿元开发建设项目,2015-01-04,neutral,0.9999111890792847
002055,完善公司研发与制造基地 得润电子拟在鹤山建工业园,2015-01-07,neutral,0.9999082088470459
300220,金运激光子公司签订3D打印合作协议,2015-01-08,positive,0.9997503161430359
600057,象屿股份控股股东黑龙江签粮食仓储物流战略合作协议,2015-01-09,neutral,0.9972211122512817
002170,芭田股份与南宁振企签署战略协议 共建火龙果服务平台,2015-01-22,positive,0.9997610449790955
002178,延华智能中标4650万银联三期研发中心智能化项目,2015-01-26,neutral,0.9999117851257324
002364,中恒电气拟斥9000万收购资产并增资,2015-01-29,neutral,0.9999125003814697
300334,津膜科技中标1.12亿西安临潼区污水处理厂总承包项目,2015-01-29,neutral,0.9999135732650757
300190,维尔利深耕垃圾渗滤液处理市场 7523万元预中标成都项目,2015-02-02,neutral,0.9997761845588684
300090,盛运股份中标6593万元餐厨处理领域环保项目,2015-02-04,neutral,0.999911904335022
002519,银河电子中标7613万元户户通工程采购项目,2015-02-09,neutral,0.9999130964279175
600754,锦江股份收购卢浮集团完成交割,2015-03-02,neutral,0.9999113082885742
002320,海峡股份1亿报价中标“德银海”轮,2015-03-12,neutral,0.9999139308929443
600684,中证解读：鹏博士与VIZIO签署战略合作框架协议 搭建全球OTT平台,2015-03-24,neutral,0.9973217844963074
600270,外运发展与义乌市政府签署战略合作框架协议,2015-03-24,positive,0.9997133612632751
300345,红宇新材签战略合作框架协议,2015-04-02,positive,0.9652107357978821
002653,海思科携公司高管设立医疗健康创投基金,2015-04-10,neutral,0.9999074935913086
300187,永清环保预中标 竹埠港重金属污染修复工程,2015-04-15,neutral,0.999908447265625
002203,海亮股份收购浙江海元环境科技有限公司100%股权意向协议,2015-04-20,neutral,0.999909520149231
600398,海澜之家与万达签署战略合作框架协议,2015-04-28,positive,0.9983682036399841
300265,通光线缆中标国网7087万元项目,2015-05-04,neutral,0.9999109506607056
600290,华仪电气中标国网1.23亿元项目,2015-05-08,neutral,0.9999123811721802
300212,易华录与白俄罗斯公司签合作协议,2015-05-11,positive,0.9996931552886963
603077,中证解读：和邦股份签订农业电商协议 项目落地成都,2015-06-12,neutral,0.9920454025268555
002751,易尚展示与关联方签1.3亿建筑工程合同,2015-06-15,neutral,0.999901533126831
601179,中国西电发布公告称中标16.51亿元特高压大单,2015-06-17,neutral,0.9999105930328369
002310,东方园林中标总投资20亿元PPP项目,2015-06-19,neutral,0.9999123811721802
300197,铁汉生态1.72亿元 签署桃花源垸水溪故道水利综合整治工程,2015-06-26,neutral,0.9999111890792847
002583,海能达中标723万美元指挥调度系统,2015-07-07,neutral,0.9998871088027954
300334,津膜科技中标3960万元浙江美欣达印染集团污水零排放项目,2015-07-07,neutral,0.9999134540557861
002266,浙富控股与车猫网签署战略合作协议 13日复牌,2015-07-12,neutral,0.9950010180473328
300367,东方网力拓展家居安防市场,2015-07-14,neutral,0.9998506307601929
000558,莱茵置业加速推进体育产业合作,2015-07-24,positive,0.9997493624687195
002316,键桥通讯子公司中标5345万元施工合同,2015-07-27,neutral,0.9999014139175415
600567,山鹰纸业设立湖北子公司 提升市场占有率,2015-07-31,neutral,0.9995064735412598
002628,成都路桥中标宜宾1.81亿元PPP项目,2015-08-01,neutral,0.9999130964279175
300168,万达信息中标非公立医疗项目 提升医疗云服务范围,2015-08-04,neutral,0.9998980760574341
601186,中国铁建171亿中标成都地铁 BT模式纾解地方资金困局,2015-08-06,neutral,0.9999120235443115
002024,阿里巴巴与苏宁合作将形成丰富商业生态 最终实现共赢,2015-08-11,positive,0.9997745156288147
002296,辉煌科技拟收购拓展产品链 24日复牌,2015-08-21,neutral,0.9999125003814697
001696,宗申动力携手车护宝拓展汽车后市场服务,2015-08-21,neutral,0.9998763799667358
300130,新国都收购美ExaDigm 布局电子支付受理设备国际市场,2015-08-31,neutral,0.9999120235443115
300313,天山生物:推动消费众筹 携手百度网讯、中信信托巨头入场,2015-09-02,neutral,0.9999125003814697
300335,迪森股份拟投资建设生物质成型燃料集中供热项目,2015-09-02,neutral,0.9998748302459717
300164,通源石油拟与相关方收购美国Cutters 96%股权,2015-09-14,neutral,0.9999139308929443
601872,招商轮船与淡水河谷签长期运输协议,2015-09-25,positive,0.9995330572128296
002285,世联行代理销售金额突破3000亿 较去年提前77天,2015-10-08,neutral,0.995118260383606
300335,"迪森股份签署温室气体自愿减排项目战略合作协议
",2015-10-09,positive,0.9997416138648987
300365,恒华科技签订1.2亿元光伏发电工程承包合同,2015-10-19,neutral,0.9996360540390015
600654,中安消:获宁夏2.5亿元智慧医疗合同,2015-10-21,neutral,0.9981088638305664
600645,中源协和与北控医疗展开医疗合作,2015-10-22,neutral,0.9998495578765869
300021,大禹节水牵手以色列公司 进行海外并购投资,2015-10-26,neutral,0.9999074935913086
300359,全通教育获中国移动政企分公司教育类产品研发项目中标通知书,2015-11-09,neutral,0.9999116659164429
300253,卫宁软件3000万元投资互联网医疗公司,2015-11-09,neutral,0.9999113082885742
002729,好利来被认定为高新技术企业 享15%所得税率,2015-11-09,neutral,0.9998645782470703
300372,欣泰电气拟注销武汉欣飞 持股51%,2015-11-12,neutral,0.9999089241027832
000673,解读：当代东方收购中广院线30%股权 完善影视产业链布局,2015-11-27,neutral,0.9999141693115234
603636,南威软件中标8950万元城市安全项目,2015-12-04,neutral,0.9999120235443115
300189,神农基因与高科新农开展农业无人机应用战略合作,2015-12-07,neutral,0.999903678894043
600376,首开股份:与途家网战略合作 盘活房产项目,2015-12-15,neutral,0.9999139308929443
601311,骆驼股份签署战略合作 拓展新能源汽车业务,2015-12-29,positive,0.9997532963752747
002609,捷顺科技与上海交通卡开展战略合作,2016-01-13,neutral,0.9998745918273926
000018,神州长城与国药租赁签署战略合作框架协议,2016-01-22,positive,0.9996815919876099
300376,易事特与江苏广和慧云科技股份有限公司签订战略合作协议,2016-02-04,positive,0.999755322933197
002212,南洋股份中标1.19亿轨道电缆采购项目,2016-02-22,neutral,0.9999129772186279
002721,金一文化涨停 拟收购广东乐源51%股权,2016-03-04,positive,0.6252124905586243
601028,玉龙股份发起设立20亿教育基金,2016-03-22,neutral,0.9999126195907593
300347,泰格医药:6亿元收购捷通泰瑞100%股权 布局医疗器械领域,2016-03-24,neutral,0.9999139308929443
300335,迪森股份签署分布式能源战略合作协议,2016-03-24,positive,0.9997465014457703
300296,利亚德牵手川大智胜 谋求LED与VR技术融合,2016-03-24,neutral,0.9997885823249817
300156,神雾环保：牵手礼瀚投资 构建环保产业金融支持平台,2016-03-30,neutral,0.999901294708252
300356,光一科技预中标重大经营合同,2016-03-31,neutral,0.999889612197876
300207,欣旺达拟与清华大学深研院成立清新电源研究院,2016-04-05,neutral,0.9999122619628906
300264,佳创视讯：与多个合作方落实VR框架协议,2016-04-10,neutral,0.9998637437820435
002116,中国海诚获阿联酋16亿文化纸工程大单,2016-04-11,neutral,0.999576985836029
000558,莱茵体育牵手瑞士CCT 打造冰雪赛事平台,2016-04-12,neutral,0.9999126195907593
300262,巴安水务与淮安开发区管委会签署战略合作协议,2016-04-12,positive,0.9997419714927673
300495,美尚生态预中标2.3亿元景观改造工程,2016-04-15,neutral,0.999901294708252
600867,通化东宝:与腾讯公司签署互联网+战略合作协议,2016-04-21,neutral,0.9998558759689331
600530,交大昂立拟定增募资14.72亿元 完善大健康产业布局,2016-04-25,neutral,0.965179443359375
603778,乾景园林中标金额为9635万元PPP项目,2016-04-28,neutral,0.9999128580093384
002431,棕榈股份拟控股呀诺达景区运营公司,2016-05-05,neutral,0.9999121427536011
600050,中国联通:联通集团与上海市政府签署协议 140亿推进互联网+,2016-05-05,positive,0.9997733235359192
002616,长青集团拟投建生物质发电项目,2016-05-06,neutral,0.9999094009399414
300370,安控科技获多项计算机软件著作权和实用新型专利,2016-05-16,neutral,0.9999074935913086
603568,伟明环保：2.3亿中标界首市生活垃圾焚烧发电PPP项目,2016-05-17,neutral,0.999914288520813
002628,成都路桥联合体拟中标达州至宣汉通道PPP项目,2016-05-18,neutral,0.9999128580093384
002780,三夫户外与内蒙阿尔山市合作 布局户外赛事组织,2016-05-24,neutral,0.9999123811721802
600068,葛洲坝与四川省环保厅战略合作 开拓水务环保市场,2016-06-03,neutral,0.9999033212661743
002518,科士达与金寨县人民政府签订投资合作协议,2016-06-06,positive,0.9832091927528381
600836,界龙实业：与迪士尼签署采购协议,2016-06-08,positive,0.9997093081474304
601608,中信重工斩获菲律宾9.5亿水泥成套总包大单,2016-06-08,neutral,0.9999077320098877
002607,亚夏汽车牵手盛世景 拟设10亿元产业并购基金,2016-06-13,neutral,0.9998729228973389
002298,中电鑫龙子公司中标2.96亿元视频防控系统项目,2016-06-13,neutral,0.9998990297317505
300131,英唐智控与大富科技及华森科技战略合作,2016-06-17,neutral,0.9998835325241089
600340,华夏幸福携手印尼AS公司 开发首个海外产业新城项目,2016-06-22,neutral,0.9999133348464966
002678,珠江钢琴携手阿里云战略转型“互联网+”,2016-07-06,neutral,0.9999134540557861
300265,通光线缆中标6285万元合同,2016-07-08,neutral,0.9999104738235474
000018,神州长城子公司签署3亿美元海外合同,2016-07-11,positive,0.999665379524231
600068,葛洲坝计划5年内向云南投资500亿-1000亿,2016-07-11,neutral,0.9999109506607056
002431,棕榈股份签署战略合作框架协议 投资金额约50亿元,2016-07-14,positive,0.9997684359550476
300094,国联水产与思念食品战略合作 涵盖采购生产全方位业务,2016-07-22,neutral,0.9999039173126221
000672,上峰水泥拟筹划收购控股股东旗下房地产公司,2016-07-25,neutral,0.9999101161956787
601668,中国建筑与辽宁政府签战略合作协议 计划投资1500亿,2016-07-29,neutral,0.9997480511665344
300177,中海达子公司获广东省海洋探测科研项目,2016-08-01,neutral,0.9999105930328369
300020,银江股份500万美元投资AR公司Magic Leap,2016-08-16,neutral,0.9999086856842041
300075,数字政通签署智慧城市合作协议,2016-08-21,positive,0.999760091304779
300426,唐德影视牵手中文在线 多领域展开独家合作,2016-08-23,neutral,0.99989914894104
601186,中国铁建(01186)中标18.5亿美元轻轨项目,2016-08-30,neutral,0.9999116659164429
000605,渤海股份预中标水处理PPP项目,2016-08-30,neutral,0.9999122619628906
002551,尚荣医疗：中标6亿建设项目,2016-09-02,neutral,0.9999122619628906
600831,广电网络与陕西城固县政府签订“互联网+”合作协议,2016-09-03,positive,0.9997537732124329
000826,启迪桑德中标垃圾焚烧发电厂BOT项目 预计总投资4亿元,2016-09-06,neutral,0.9999071359634399
601919,中国远洋(01919)委任许遵武为公司总经理,2016-09-09,neutral,0.999914288520813
002121,科陆电子中标海外输电线项目 金额达1.35亿,2016-09-09,neutral,0.9999134540557861
002717,岭南园林中标5.55亿元PPP项目,2016-09-19,neutral,0.9999061822891235
601933,泰禾集团拟1.5亿参与发起设立民营银行福建华通银行,2016-09-19,neutral,0.9999121427536011
300210,森远股份联合体预中标44亿元PPP项目,2016-09-22,neutral,0.9999128580093384
300397,天和防务：子公司签订3486万日常经营合同,2016-09-30,positive,0.9997658133506775
002310,东方园林联合中标10.28亿元PPP项目,2016-10-13,neutral,0.9999123811721802
601390,中国中铁(00390)新获370亿元工程 房地产板块成公司增长引擎,2016-10-14,positive,0.9995964169502258
300376,易事特：5544万元收购光伏发电70%股权,2016-10-14,neutral,0.9999130964279175
300021,大禹节水：拟与中建六局合作投资PPP项目,2016-10-18,neutral,0.9999102354049683
002717,岭南园林：签订一项广场PPP投资合作框架协议,2016-10-19,positive,0.9997478127479553
600196,复星医药(02196)与蕲春县政府签订《战略合作框架协议》,2016-10-27,positive,0.9997212290763855
300001,特锐德与国网等四公司签订协议 推进新能源汽车充电业务,2016-11-02,positive,0.9996613264083862
002680,长生生物签署框架协议拟20亿投建连云港医药基地,2016-11-08,positive,0.9997628331184387
300070,碧水源收国内最大工业气体供应商 何愿平任其首席执行官,2016-11-08,neutral,0.9999134540557861
300398,飞凯材料拟收购长兴昆电超6成股权,2016-11-14,neutral,0.9999115467071533
300001,特锐德全资子公司签订3.52亿元EPC总承包合同,2016-11-17,positive,0.9997621178627014
300392,腾信股份及实控人 涉嫌向最高院原副院长之子行贿,2016-11-17,negative,0.9991669654846191
600491,龙元建设预中标26.74亿元PPP项目,2016-11-22,neutral,0.9999127388000488
002616,长青集团签下3.2亿生物质热电联产项目,2016-11-23,positive,0.999295711517334
000038,深大通拟参与设立并购基金,2016-11-25,neutral,0.9999117851257324
600571,信雅达：终止资产重组,2016-11-29,neutral,0.9999120235443115
002717,岭南园林：签51亿邹城市文化旅游项目建设开发合作协议,2016-11-30,neutral,0.9902263879776001
300145,"中金环境子公司收购Tigerflow Systems,LLC100%股权",2016-11-30,neutral,0.9999140501022339
300091,金通灵：签订2.5亿煤气发电改造工程合同,2016-12-08,positive,0.9996379613876343
601186,中国铁建：签37亿元海外工程合同,2016-12-08,neutral,0.9998306035995483
300362,天翔环境预中标2.48亿元项目,2016-12-09,neutral,0.9999101161956787
300197,铁汉生态：中泰创展接盘控股股东所持3.95%股权 签署战略合作,2016-12-12,neutral,0.6947488188743591
300356,光一科技中标9691万元合同 占2015年营业收入14%,2016-12-14,neutral,0.9999134540557861
603869,北部湾旅：签署协议合作推进好运角旅游度假区发展,2016-12-18,positive,0.5841830968856812
300338,开元仪器：获专项补助200万元,2016-12-20,neutral,0.9999133348464966
002310,东方园林中标75000万元ppp项目,2016-12-21,neutral,0.9999110698699951
300197,铁汉生态：预中标3.50亿河南水利治理PPP项目,2016-12-23,neutral,0.9999121427536011
300500,"苏州设计拟1200万元设立两子公司
",2016-12-26,neutral,0.9999134540557861
300145,中金环境与桃源县人民政府签署PPP项目合作意向书,2016-12-27,neutral,0.9999140501022339
300281,金明精机成功研制PVDC技术应用设备并拟投放市场,2017-01-10,positive,0.9997792840003967
300362,天翔环境拟出资4871万元设立PPP项目公司,2017-01-10,neutral,0.9999134540557861
000533,万家乐拟4.56亿元收购及增资浙江翰晟,2017-01-11,positive,0.980326771736145
002153,石基信息2636万欧元控股RRSA,2017-01-16,neutral,0.9999125003814697
300007,汉威电子中标1.02亿元智慧水务平台项目,2017-01-18,neutral,0.999914288520813
002460,赣锋锂业4900万美元认购美洲锂业19.9%股权,2017-01-18,neutral,0.9999130964279175
603636,南威软件中标福建省应急通信工程宽带集群通信系统建设项目,2017-01-19,neutral,0.9999098777770996
002205,国统股份：联合中标7.68亿地下管廊PPP项目,2017-01-19,neutral,0.9999139308929443
300363,博腾股份拟收购J-STAR100%股权 切入创新药API业务领域,2017-01-26,neutral,0.9999128580093384
300385,雪浪环境：中标2.2亿元烟气净化系统设备采购项目,2017-02-08,neutral,0.9999133348464966
600552,凯盛科技终止重大资产重组 2个月内不再筹划重组,2017-02-09,neutral,0.9830691814422607
300133,华策影视：《功夫瑜伽》上映11日票房13.65亿元,2017-02-10,neutral,0.9999111890792847
601186,中国铁建(01186)联合体签署18.51亿美元卡诺市轻轨合同,2017-02-10,positive,0.9995850920677185
002310,东方园林联合体中标贵州45亿PPP项目,2017-02-10,neutral,0.9999128580093384
600610,中毅达：中标贵阳PPP项目候选人 项目总投资预计35亿,2017-02-13,neutral,0.9999139308929443
600068,葛洲坝获得高新技术企业认定,2017-02-13,neutral,0.9997866749763489
002755,东方新星：中标9985万元工程项目 对2017年业绩产生影响,2017-02-16,neutral,0.9999103546142578
300116,坚瑞沃能携手中通客车“造车” 预计将创收逾20亿,2017-02-20,positive,0.9993128776550293
002293,罗莱生活拟设立基金 半年没进展叫停,2017-02-22,neutral,0.999882698059082
601800,中国交通建设子公司拟共同投资雅加达房产项目,2017-03-01,neutral,0.9999110698699951
300560,中富通预中标中国移动1.82亿元项目,2017-03-06,neutral,0.9999127388000488
002792,通宇通讯：联合设立通信产业并购基金 规模10亿,2017-03-06,neutral,0.9999135732650757
002775,文科园林斩获哈密市3亿元PPP项目,2017-03-07,neutral,0.9998971223831177
300116,坚瑞沃能子公司沃特玛获13亿新能源电池大单,2017-03-08,neutral,0.9999059438705444
002310,东方园林：联合中标16.36亿元PPP项目,2017-03-09,neutral,0.9999133348464966
300255,常山药业3000万元投资设立透明质酸全资子公司,2017-03-10,neutral,0.9999103546142578
300328,"LED胶水业现整并潮,宜安科技拟2.2亿收购欧普特",2017-03-13,neutral,0.9996684789657593
300222,科大智能豪掷11亿 建设机器人和人工智能产业基地,2017-03-15,positive,0.9997444748878479
300459,金科娱乐拟3亿元设立金科汤姆猫网络科技公司,2017-03-19,neutral,0.9999116659164429
600255,鑫科材料终止收购天马影视29.9%股权,2017-03-29,neutral,0.9999129772186279
600037,歌华有线中标1.17亿北京市高清交互数字电视普及项目,2017-04-06,neutral,0.9999129772186279
300569,古冶集团与天能重工、远景能源签订战略合作框架,2017-04-07,neutral,0.9991616010665894
300197,铁汉生态中标7亿元清水江生态治理建设工程,2017-04-11,neutral,0.9999091625213623
600718,辽宁丹东市牵手东软集团合作奠定“健康丹东”基石,2017-04-12,neutral,0.9998964071273804
300123,太阳鸟游艇中标2艘330客位高速客船,2017-04-12,neutral,0.9999045133590698
002310,东方园林联合体中标20亿城市建设及水治理PPP项目,2017-04-14,neutral,0.9999130964279175
300393,10GW！全球最大N型单晶IBC电池基地落户衢州,2017-04-14,neutral,0.9999103546142578
600512,腾达建设携刚泰集团与台州路桥区签署百亿PPP项目协议,2017-04-16,positive,0.9997460246086121
002027,分众传媒与WME|IMG中国签订商业合作协议,2017-04-16,positive,0.9997594952583313
002310,东方园林：中标5.62亿元重大工程,2017-04-23,neutral,0.9999107122421265
300343,联创互联：因信披违规遭山东证监局警示,2017-04-24,neutral,0.9998979568481445
300473,德尔股份拟不超过1.2亿元收购上海旭岛汽车零部件有限公司,2017-04-26,neutral,0.9999083280563354
002781,奇信股份牵手星河地产设立合资公司,2017-05-09,neutral,0.9999115467071533
002390,信邦制药控股股东转让全部股份 誉衡药业实控人30亿接盘,2017-05-10,neutral,0.9999020099639893
603658,安图生物2亿收购百奥泰康 切入生化类体外诊断领域,2017-05-10,neutral,0.9999085664749146
000564,供销大集收购港股顺客隆55.8%股权,2017-05-14,neutral,0.9999122619628906
300037,新宙邦拟9800万元增资认购永晶科技25%股权,2017-05-15,neutral,0.9999138116836548
300116,坚瑞沃能签署25.38亿元磷酸铁锂电池组销售合同,2017-05-22,positive,0.9997532963752747
300146,汤臣倍健：与巴斯夫签署研发战略合作协议,2017-05-23,positive,0.9997091889381409
300562,乐心医疗聘陈伟霆担任运动手环形象代言人,2017-05-23,neutral,0.9997707009315491
000018,神州长城签署1.2亿美元柬埔寨总承包工程合同 ,2017-05-23,positive,0.9997009038925171
002622,融钰集团子公司中标171万元项目,2017-05-24,neutral,0.9999101161956787
000869,张裕A：拟出资4083万美元与智利贝斯酒庄设立合资公司,2017-05-25,neutral,0.9999039173126221
000869,张裕A：收购智利贝斯酒庄下属子公司股权,2017-05-25,neutral,0.9999139308929443
000958,东方能源：签署两份清洁能源合作协议,2017-05-25,positive,0.9997655749320984
000732,泰禾9亿元竞得漳州三幅商住地 面积合计14万平米,2017-05-26,neutral,0.9999080896377563
300388,国祯环保预中标给排水PPP项目,2017-05-26,neutral,0.9999140501022339
600778,友好集团：提前终止五家渠友好时尚购物中心经营,2017-06-02,neutral,0.9999107122421265
002733,雄韬股份参股子公司获大订单,2017-06-02,neutral,0.9999091625213623
600340,华夏幸福7亿元收购印尼土地建产业园,2017-06-06,neutral,0.9999066591262817
601669,中国电建联合中标110亿元PPP项目,2017-06-06,neutral,0.9999121427536011
300223,北京君正取得一项专利证书,2017-06-07,neutral,0.9999037981033325
000625,长安汽车与PSA集团签署战略合作协议,2017-06-09,positive,0.9997541308403015
300152,科融环境签5亿元环境治理框架协议,2017-06-13,positive,0.9777824878692627
002579,中京电子：与蓝韵实业签署框架协议 发力医疗健康产业,2017-06-14,neutral,0.9998123049736023
300262,巴安水务中标4.92亿PPP项目,2017-06-15,neutral,0.9998968839645386
000612,焦作万方与阳光财险达成1.27亿赔付书,2017-06-20,neutral,0.999910831451416
300197,铁汉生态：拟20亿投资特色小镇及环境治理项目,2017-06-21,neutral,0.9999135732650757
600158,中体产业：控股股东协议转让公司全部股份 6月22日公开征集受让方,2017-06-21,neutral,0.9999144077301025
300348,长亮科技与“腾讯云”签署战略合作协议,2017-06-26,neutral,0.968909502029419
300198,纳川股份联合中标10.9亿元PPP项目,2017-06-29,neutral,0.9999129772186279
300058,蓝色光标：子公司拟斥资8亿进一步收购Madhouse股权,2017-07-07,neutral,0.9999138116836548
300668,杰恩设计拟投资1000万元设立全资子公司,2017-07-12,neutral,0.9999117851257324
300202,聚龙股份中标广州银行出纳机具采购项目,2017-07-12,neutral,0.9999122619628906
300143,星普医科拟投资1亿元设立中西友谊医院,2017-08-01,neutral,0.9999103546142578
300072,三聚环保与国开行北京分行等签投贷联动合作协议,2017-08-03,neutral,0.9999091625213623
300236,三项投资2846万元 上海新阳将分别在上海韩国设立子公司,2017-08-03,neutral,0.9999102354049683
300272,开能环保获得政府专项资金补助850万元,2017-08-09,neutral,0.999731719493866
300649,杭州园林签订1800万元工程设计合同,2017-08-11,positive,0.9989463686943054
300438,鹏辉能源获得AEO高级认证企业证书,2017-08-16,neutral,0.9999114274978638
300492,山鼎设计拟收购萨拉摩尔100%股权,2017-08-16,neutral,0.9999134540557861
600859,王府井42.9亿吸收合并王府井国际,2017-08-18,neutral,0.9999082088470459
300225,金力泰参与设立并购基金 拟对外投资,2017-08-22,neutral,0.999913215637207
002310,东方园林中标15亿规模PPP项目,2017-09-06,neutral,0.9999123811721802
300676,华大基因：子公司获美CLIA实验室资质认证,2017-09-08,neutral,0.9999133348464966
300647,超频三现金1.27亿收购浙江炯达能源科技有限公司51%股权,2017-09-11,neutral,0.9999136924743652
300679,电连技术取得三项专利证书,2017-09-13,neutral,0.9999113082885742
300199,翰宇药业获一项发明专利,2017-09-14,neutral,0.9998970031738281
603388,元成股份与子公司签署8.35亿工程大单,2017-09-17,positive,0.9915659427642822
300665,飞鹿股份拟收购湖南耐渗100%股权,2017-09-21,neutral,0.9999128580093384
300590,移为通信拟现金收购晨讯模块业务,2017-09-26,neutral,0.9999122619628906
600340,华夏幸福确认成为两PPP项目成交人,2017-10-20,neutral,0.9998756647109985
300490,华自科技：取得军工二级保密资格 奠定拓展军工业务基础,2017-10-25,neutral,0.9998637437820435
300055,"万邦达：签订泰国生活垃圾发电项目合作意向书
",2017-10-26,neutral,0.9999141693115234
603636,子公司引战投并设对赌 南威软件被上交所问询,2017-10-28,neutral,0.9999127388000488
300218,"安利股份主持制定的国家标准《人造革与合成革术语》批准发布
",2017-11-01,neutral,0.9999138116836548
603165,荣晟环保拟8033万收购德力晟环保100%股份,2017-11-03,neutral,0.9999099969863892
300145,中金环境拟承接8亿元污泥处理项目,2017-11-13,neutral,0.9999091625213623
300068,南都电源：预中标2亿元中国移动采购项目 拓展5G通信锂电业务,2017-11-14,neutral,0.9996507167816162
300601,康泰生物全资子公司获美国专利证书,2017-11-15,neutral,0.9999133348464966
603993,洛阳钼业4.5亿美元参与设立“NCCL自然资源投资基金”,2017-11-17,neutral,0.9999130964279175
002506,协鑫集成：拟10.5亿港元收购协鑫新能源10.01%股权,2017-11-24,neutral,0.9999147653579712
300708,聚灿光电与台LED厂泰谷光电签订战略合作协议,2017-11-24,positive,0.9993732571601868
600567,山鹰纸业拟设环保公司和重庆子公司,2017-11-30,neutral,0.9999113082885742
600737,中粮糖业签署协议托管合山市祥星制糖公司,2017-12-01,positive,0.9995217323303223
300336,新文化携手灵河文化加速开发网生内容,2017-12-04,neutral,0.9999123811721802
300065,海兰信：与全球领先卫星通信服务商达成战略合作,2017-12-05,neutral,0.9998617172241211
300708,聚灿光电6972万美元购置一批设备,2017-12-05,neutral,0.999910831451416
300075,数字政通中标9093万元PPP项目,2017-12-05,neutral,0.999913215637207
300266,兴源环境：联合预中标南平市污水处理PPP项目 金额9.6亿元,2017-12-06,neutral,0.9999110698699951
600567,山鹰纸业拟19亿元收购联盛纸业,2017-12-20,neutral,0.9999082088470459
300262,巴安水务联合预中标11.62亿元PPP项目,2018-01-02,neutral,0.9999123811721802
300108,吉药控股全资子公司获得政府补助3000万元,2018-01-03,neutral,0.999896764755249
601186,中国铁建(01186)：联合体中标伊犁39.7亿元的PPP项目,2018-01-05,neutral,0.9999148845672607
002559,两股东持股被冻结 亚威股份补偿股份回购注销“爽约”,2018-01-13,neutral,0.9999128580093384
002249,大洋电机出资650.38万欧元参股HT公司 布局氢能设备市场,2018-01-17,neutral,0.999911904335022
603979,金诚信中标海外采矿工程项目,2018-01-18,neutral,0.9999079704284668
300118,东方日升与芮城签署《投资框架协议》 拟投资2亿元建设生产线,2018-01-23,positive,0.9997698664665222
000797,中国武夷承接乌干达国际工程,2018-01-26,neutral,0.9999091625213623
002624,完美世界16.65亿向控股股东出售资产,2018-01-28,neutral,0.9999102354049683
002153,"石基信息拟4.86亿美元转让石基零售38%股权
",2018-02-08,neutral,0.9999138116836548
300021,大禹节水签署3亿合作项目框架协议,2018-03-13,positive,0.9997554421424866
002717,岭南股份子公司联合预中标7亿元项目,2018-03-14,neutral,0.9999114274978638
600117,西宁特钢：终止重大资产重组计划遭上交所问询,2018-03-17,neutral,0.999907374382019
300002,汉威科技与神州泰岳：共建工业互联网联合实验室,2018-03-19,neutral,0.9998950958251953
300072,三聚环保控股股东股权结构拟变更,2018-03-28,neutral,0.9999116659164429
300496,将唯一对手MMS收入囊中 中科创达智能视觉技术领跑全球,2018-03-30,neutral,0.9998934268951416
603619,中曼石油：签订1.44亿元巴基斯坦钻井工程项目合同,2018-04-08,positive,0.9997585415840149
300173,智慧松德5735.2万元竞得建设用地使用权,2018-04-10,neutral,0.9999135732650757
600283,"中国水务拟溢价要约收购
钱江水利10%股份",2018-04-13,neutral,0.9803708791732788
002717,岭南股份预中标PPP项目 项目总投资7.9亿元,2018-04-19,neutral,0.9999126195907593
300621,维业股份中标1.17亿元室内装修装饰工程项目,2018-04-19,neutral,0.9999107122421265
002717,岭南股份签署南安市2018年城市门户绿化提升工程EPC项目合同,2018-04-24,positive,0.9997660517692566
601238,广汽集团将为滴滴定制智能电动汽车,2018-04-24,neutral,0.9999107122421265
601238,广汽集团与日企合资成立自动变速器公司,2018-04-25,neutral,0.9999128580093384
300021,大禹节水收到15.92亿元PPP工程项目成交通知书,2018-04-26,neutral,0.999911904335022
300230,永利股份：5478万港元出售百汇科技,2018-05-10,neutral,0.9999135732650757
300516,久之洋:签订1.21亿元重大合同 ,2018-05-11,positive,0.9997128844261169
300321,同大股份获得山东省专利奖,2018-05-15,neutral,0.9999092817306519
300363,博腾股份：与华森制药签署药物开发战略合作协议,2018-05-18,neutral,0.9999079704284668
002310,东方园林中标礼泉城PPP项目,2018-05-22,neutral,0.9999114274978638
300384,三联虹普：签署逾1亿合同 占去年营收35%,2018-05-24,neutral,0.9998773336410522
300585,奥联电子：拟与TRUWIN株式会社合作在中国成立生产工厂,2018-05-28,neutral,0.9999136924743652
300072,三聚环保：合作推进悬浮床湿法脱硫市场推广工作,2018-05-28,positive,0.9997617602348328
002255,海陆重工签订6850万元设备供应合同,2018-06-11,positive,0.9997530579566956
002259,升达林业终止收购寓泰安防51%股权,2018-06-15,neutral,0.999913215637207
300364,号百控股：与中文在线签订战略合作框架协议,2018-06-20,neutral,0.9998956918716431
300397,天和防务：董事高管及核心团队拟增持不低于1000万元,2018-06-21,neutral,0.9643735289573669
300375,鹏翎股份：筹划重大资产重组 拟收购汽车零部件公司,2018-06-25,neutral,0.9999140501022339
002564,天沃科技拟收购浦景化工 欲分羹乙二醇市场红利,2018-06-25,positive,0.9947054982185364
300007,汉威科技子公司收到政府专项资金1.8亿元,2018-07-03,neutral,0.9999076128005981
300676,华大基因：子公司产品通过创新医疗器械特别审批,2018-07-06,neutral,0.9999134540557861
300294,博雅生物：WytoldRichardLebing为公司提供研发咨询服务,2018-07-13,neutral,0.9999129772186279
603801,志邦股份拟收购 海外橱柜制造商股权,2018-07-13,neutral,0.9999120235443115
300750,宁德时代与华晨宝马深化战略合作 华晨宝马有权对公司进行上限为28.525亿元的股权投资,2018-07-17,neutral,0.9999092817306519
300342,天银机电：子公司华清瑞达拟收购益为创65%股权,2018-07-19,neutral,0.9999099969863892
002810,山东赫达与德国可耐福签订纤维素醚供应合同,2018-07-27,neutral,0.9999099969863892
300281,金明精机与海南海药签订战略合作框架协议 共同推进大健康产业布局,2018-07-30,positive,0.9997761845588684
300198,纳川股份终止重组 是失败还是另有所图,2018-08-01,negative,0.9941582679748535
000908,景峰医药控股公司获得药品GMP证书,2018-08-30,neutral,0.9999130964279175
002445,业绩下滑不是唯一问题 中南文化最新六起诉讼涉金额5.62亿元,2018-08-30,negative,0.9996115565299988
300482,万孚生物：与Biocartis成立合资公司推进Idylla?分子诊断平台在国内的商业化应用,2018-09-03,neutral,0.9999105930328369
300037,新宙邦：收购巴斯夫欧美地区电解液业务,2018-09-25,neutral,0.9999121427536011
300715,凯伦股份:与恒乾材料签署战略合作框架协议,2018-09-25,neutral,0.999904990196228
300202,聚龙股份：终止筹划重大资产重组,2018-10-08,neutral,0.9999130964279175
002209,达意隆发布吹贴灌旋一体机新产品 将批量化推向市场,2018-10-23,neutral,0.9999123811721802
300094,国联水产签约益阳政府，中国虾王加速布局小龙虾产业,2018-10-24,neutral,0.9998427629470825
002611,东方精工股东补充质押210万股 占其所持公司股份1.11%,2018-10-24,neutral,0.9999135732650757
600519,贵州茅台：预计能顺利完成年度计划并有望超额完成,2018-10-30,neutral,0.9998993873596191
603283,赛腾股份股东孙丰补充质押100万股 占其所持股份0.95%,2018-11-01,neutral,0.9999128580093384
603283,A股首例 赛腾股份筹划定向可转债并购,2018-11-02,neutral,0.9999102354049683
300605,恒锋信息陈芳辞去副总经理职务 仍在公司就职,2018-11-07,neutral,0.999902606010437
300362,大股东占款惹祸 天翔环境累计逾期债务近10亿,2018-11-09,neutral,0.999897837638855
603977,国泰集团：控股股东将变更 触及要约收购,2018-11-12,neutral,0.9999125003814697
300467,迅游科技：拟与腾盾科技在无人机智能网络领域开展合作,2018-11-16,neutral,0.9999102354049683
300595,欧普康视：拟参与设立基因检测公司,2018-11-20,neutral,0.9999136924743652
300014,亿纬锂能：拟与以色列公司合作 生产“超高速可充电电池”,2018-11-27,neutral,0.9999122619628906
000923,河北宣工被处罚：去年税费用少计5711万 多计3381万,2018-11-28,negative,0.9995802044868469
300379,东方通拟收购泰策科技100%股权 泰策科技已完成工商变更登记手续,2018-12-05,neutral,0.9999072551727295
300133,华策影视：股东与杭金投签署股份转让框架协议,2018-12-06,neutral,0.9999140501022339
002359,北讯集团：与大唐泰科签署战略合作框架协议,2018-12-11,neutral,0.9993417859077454
300027,华谊兄弟：累计获得8645万元政府补助,2018-12-11,neutral,0.9999114274978638
300601,康泰生物:全资子公司拟竞拍国有土地使用权,2018-12-14,neutral,0.9999144077301025
000799,酒鬼酒：拟竞拍土地 用于酿酒生产及配套项目建设,2018-12-16,neutral,0.9999136924743652
300567,精测电子：今年以来获政府补助6335万元,2018-12-21,neutral,0.9999085664749146
600132,重庆啤酒董事长柯俊财辞职,2019-01-02,neutral,0.9999029636383057
300630,普利制药：注射用阿奇霉素获得德国上市许可,2019-01-07,neutral,0.9999141693115234
601992,冀东水泥揽收金隅集团全数水泥业务，将成全国第三大水泥制造商,2019-01-10,neutral,0.999914288520813
002841,视源股份：拟投资5亿元建设学生智慧终端研发中心,2019-01-13,neutral,0.9999144077301025
000413,东旭光电成为英国曼彻斯特大学石墨烯工程创新中心首家中国一级企业会员,2019-01-25,neutral,0.9999037981033325
600086,东方金钰终止控制权转让 目前正在寻求化解债务危机方案,2019-02-27,neutral,0.9999057054519653
002137,麦达数字：实益达工业获高新技术企业证书 智能硬件板块将享15%税率优惠,2019-02-28,neutral,0.9993595480918884
002840,华统股份：与温氏股份战略合作,2019-03-04,neutral,0.9999127388000488
300749,顶固集创(300749.SZ)取得一项发明专利证书,2019-03-12,neutral,0.9999116659164429
600234,ST山水董事长吴太交辞职 去年前三季度公司亏损268万元,2019-03-26,positive,0.9995309114456177
300175,朗源股份(300175.SZ)旗下优世联合与中移物联、京东云签署智慧物联城市战略合作协议,2019-04-02,positive,0.9997509121894836
300110,华仁药业与云南素麻签署正式合作协议 合作方以种植技术及资质作价入股,2019-04-03,positive,0.9997507929801941
000413,强强联合 东旭光电携手韩国LGD进军车载显示新蓝海,2019-04-09,positive,0.9966386556625366
600737,中粮糖业总经理李风春辞职，2018年业绩下滑明显,2019-04-11,negative,0.9996095299720764
600668,尖峰集团(600668.SH)盐酸奥洛他定滴眼液获批注册,2019-04-17,neutral,0.999901294708252
600160,雷俊辞去巨化股份总经理职务,2019-04-18,neutral,0.9999090433120728
000538,云南白药5月16日起停牌,2019-05-09,neutral,0.999903678894043
002702,海欣食品拟4500万元收购长恒食品 并购同业解决产能瓶颈,2019-05-13,neutral,0.9999126195907593
300666,江丰电子与西安高新区、西北致美共签合作框架协议,2019-05-13,positive,0.9997153878211975
300716,国立科技“一种再生塑料颗粒及其制备方法”获发明专利,2019-05-16,neutral,0.9998886585235596
300122,智飞生物重组结核杆菌及其制备方法获发明专利证书,2019-05-23,neutral,0.9999129772186279
300376,易事特(300376.SZ)取得4项发明专利证书 与EPS、光伏逆变器、小型及模块化电源相关,2019-05-27,neutral,0.9999130964279175
000523,傅勇国因工作原因辞任广州浪奇董事长,2019-05-29,neutral,0.9998983144760132
600609,金杯汽车董事长刘鹏程辞职 未持有公司股份,2019-05-29,neutral,0.9999092817306519
002037,久联发展子公司签订施工合同 金额暂定18亿元,2019-06-14,neutral,0.9998912811279297
002082,万邦德：子公司收到搬迁补偿款5400万元,2019-06-25,neutral,0.999913215637207
603500,祥和实业副总经理陈英辞职 2018年薪酬为32万元,2019-06-27,neutral,0.9999110698699951
300558,研发埃克替尼竞品违反当初承诺？贝达药业起诉原大股东,2019-07-12,negative,0.9992985725402832
300162,"雷曼光电：万达体育在纳斯达克上市 公司间接持股1.6%
",2019-07-29,neutral,0.9999133348464966
000597,东北制药(000597.SZ)取得两项药品GMP证书,2019-07-30,neutral,0.9999127388000488
300223,北京君正(300223.SZ)子公司获得政府补助294.16万元,2019-07-30,positive,0.7283833026885986
002239,奥特佳(002239.SZ)子公司成为标致雪铁龙集团巴西公司供应商,2019-08-05,positive,0.9997342228889465
002205,国统股份(002205.SZ)因间接控股股东变更 拟退出八里湖新区市政基础设施项目工程PPP项目,2019-08-07,neutral,0.9999140501022339
002317,众生药业获得国家知识产权局颁发的发明专利证书,2019-08-15,neutral,0.9999123811721802
000739,普洛药业(000739.SZ)与硕腾比利时签署主供货协议 进一步做优做强CDMO业务,2019-08-22,positive,0.9997807145118713
600118,中国卫星(600118.SH)：航天恒星科技拟获增资合计5亿元,2019-09-06,neutral,0.9998904466629028
603358,华达科技聘任葛江宏为总经理 聘任杨建国财务总监,2019-09-10,neutral,0.9998993873596191
600211,西藏药业全资子公司获GMP证书 生产多个独家产品,2019-10-10,neutral,0.9999055862426758
002152,广电运通(002152.SZ)旗下支点创投拟与城投佳朋等5家企业发起设立佳运创新投,2019-10-10,neutral,0.973787784576416
300176,派生科技聘任朱龙华为公司财务总监,2019-10-12,neutral,0.9999122619628906
300210,森远股份：中标3013万元项目,2019-10-15,neutral,0.9999111890792847
000048,康达尔：与华南农业大学合作设立生猪健康养殖研究院,2019-10-21,neutral,0.999909520149231
002157,正邦科技为下属子公司5.6亿元融资提供担保,2019-10-24,neutral,0.9921666383743286
300045,华力创通签署战略合作协议,2019-10-28,positive,0.9997554421424866
603699,纽威股份董事会秘书凌蕾菁辞职 2018年薪酬为70万元,2019-10-30,neutral,0.9999126195907593
002873,新天药业聘任袁列萍为副总经理 曾志辉为财务总监,2019-11-04,neutral,0.999876856803894
000927,一汽夏利董事田聪明辞职,2019-11-05,neutral,0.9999070167541504
300174,元力股份控股子公司与三元循环签署《销售合同》,2019-11-06,positive,0.9997150301933289
603922,金鸿顺副总经理林富雄辞职,2019-11-06,neutral,0.9999090433120728
002129,中环股份：拟认购道达尔公司增发股本 成为其第二大股东,2019-11-11,neutral,0.9999024868011475
300596,利安隆(300596.SZ)及子公司取得专利证书 涉一种液体抗氧化剂组合物及其应用,2019-11-13,neutral,0.9999139308929443
603556,海兴电力全资子公司对外投资启高基金 出资5000万元,2019-11-19,neutral,0.9999105930328369
601766,中国中车执行董事徐宗祥辞职 2018年薪酬为92万元,2019-11-19,neutral,0.9999115467071533
688299,长阳科技(688299.SH)涉发明专利侵权纠纷 遭日本东丽起诉,2019-11-22,negative,0.9995566010475159
603658,安图生物：取得2项医疗器械注册证书,2019-11-29,neutral,0.9999135732650757
002587,奥拓电子(002587.SZ)拟与奥伦德元器件合作开展项目合作,2019-12-01,positive,0.942713737487793
601238,广汽集团(02238)收到政府补助款项2亿元,2019-12-02,neutral,0.9999120235443115
601127,小康股份及子公司第四季度共计收到政府补助3160万元,2019-12-06,neutral,0.9999129772186279
300220,金运激光(300220.SZ)与广顺惠佳签署1100万元设备采购合同,2019-12-16,positive,0.9997512698173523
300486,东杰智能与成科中心签订战略合作框架协议,2019-12-16,positive,0.9997531771659851
600815,*ST厦工(600815.SH)12月20日停牌1个交易日,2019-12-19,neutral,0.9999102354049683
603019,中科曙光：收到与收益相关的政府补助4915.33万元,2019-12-19,neutral,0.9999070167541504
603313,快讯：梦百合财务总监辞职,2019-12-23,neutral,0.9999121427536011
002665,首航节能(002665.SZ)与甘肃金控、甘肃农村信用社等签署战略合作协议,2019-12-24,positive,0.999487042427063
600071,凤凰光学(600071.SH)：收到各类政府补助2378.86万元,2020-01-06,neutral,0.9999150037765503
600189,吉林森工：终止购入关联方房产及车位 不存在蓄意向控股股东输送资金等情况,2020-01-08,neutral,0.9999088048934937
300545,联得装备签订重大经营性合同 合同累计金额3.35亿元,2020-01-13,positive,0.9997435212135315
002791,坚朗五金(002791.SZ)获发明专利证书 涉传动器及门窗结构,2020-01-14,neutral,0.9999134540557861
002575,群兴玩具:聘任王昊为公司总经理,2020-01-14,neutral,0.9999102354049683
002838,道恩股份收到政府补助1120万元,2020-01-14,neutral,0.9999121427536011
600528,中铁工业2019年第四季度签约重大合同11.4亿元,2020-01-15,positive,0.9780532121658325
600079,人福医药：子公司“人福利康口服固体制剂车间”通过FDA认证,2020-01-15,neutral,0.9999092817306519
603606,东方电缆中标国家电网及深水脐带缆项目 中标金额约2.56亿元,2020-01-18,neutral,0.9999001026153564
600521,华海药业：阿立哌唑片和恩替卡韦片获得药品注册批件,2020-03-06,neutral,0.9999130964279175
300370,安控科技：已被移出失信被执行人名单,2020-03-16,neutral,0.9996381998062134
601608,中信重工：2020年累计收到政府补贴1551.11万元,2020-03-23,neutral,0.9999141693115234
000716,黑芝麻为下属公司合计提供8000万元担保,2020-03-24,neutral,0.9999122619628906
603609,禾丰牧业：拟在辽宁瓦房店建设四个涉农项目 完善肉禽产业化布局,2020-03-29,neutral,0.9999128580093384
002557,洽洽食品(002557.SZ)：拟在安徽滁州设子公司 负责实施年产10万吨坚果休闲食品项目,2020-04-08,positive,0.9804283976554871
002052,同洲电子(002052.SZ)：董事、董事长刘灿辞职,2020-04-17,neutral,0.9999136924743652
000541,佛山照明董事长何勇辞职 因工作调动原因,2020-04-26,neutral,0.9999078512191772
300026,红日药业：伊班膦酸钠注射液获得药品注册批件,2020-05-13,neutral,0.9999134540557861
300124,汇川技术：累计收到政府补贴4221.67万元,2020-05-14,neutral,0.9999136924743652
002226,推进两年未果 江南化工终止重大资产重组 控股股东陷470亿债务危机,2020-05-22,neutral,0.9985247254371643
300225,金力泰：终止与立邦投资共同出资设立合资公司,2020-05-29,neutral,0.9999120235443115
601606,长城军工：聘任周原为财务总监,2020-06-01,neutral,0.9999136924743652
002224,三力士(002224.SZ)：新世纪评级将公司及其发行的“三力转债”列入负面观察名单,2020-06-05,neutral,0.9994654059410095
300575,中旗股份：子公司淮安国瑞遭行政处罚,2020-06-10,negative,0.9881934523582458
600835,上海机电：8.05亿元收购三菱电机空调47.6%股权,2020-06-12,neutral,0.9999138116836548
600366,宁波韵升：财务总监朱建康辞职 张家骅接任,2020-06-16,neutral,0.9999125003814697
603683,晶华新材：累计收到拆迁补偿款1.08亿元,2020-06-22,neutral,0.9999145269393921
002481,双塔食品：拟与素莲食品在植物蛋白和植物基食品领域进行合作,2020-06-23,neutral,0.9999045133590698
688169,石头科技核心技术人员袁波离职,2020-07-01,neutral,0.9998934268951416
002547,春兴精工签署战略合作协议加码5G 流动资金状况曾遭深交所问询,2020-07-09,positive,0.9997749924659729
603555,贵人鸟因3.75亿元债务未还被申请仲裁 其共有14亿贷款逾期,2020-07-17,negative,0.9994078874588013
603396,金辰股份：副总经理潘树义辞职 ,2020-07-28,neutral,0.9999110698699951
002335,科华恒盛：与中科院设计院签署战略合作协议,2020-07-30,neutral,0.99989914894104
603600,永艺股份：2020年累计收到政府补贴1773.67万元,2020-08-10,neutral,0.9999139308929443
002665,"首航高科：签订电厂设备供货合同，金额15760万元
",2020-08-24,neutral,0.9977465271949768
600579,克劳斯：累计收到政府补助3117.04万元,2020-08-26,neutral,0.9999113082885742
603611,诺力股份：财务负责人徐海瑜辞职，毛兴峰上任,2020-08-27,neutral,0.9999117851257324
600332,白云山：聘任郑坚雄为公司副总经理 ,2020-08-28,neutral,0.999903678894043
300720,海川智能(300720.SZ)：取得“一种物料组合秤”专利证书,2020-09-01,neutral,0.9999134540557861
300601,康泰生物：五联疫苗及其制备方法获发明专利证书,2020-09-08,neutral,0.9999144077301025
600530,交大昂立底价出售生命科技公司股权 上半年净利同比下滑超58%,2020-09-09,negative,0.9995771050453186
300756,中山金马(300756.SZ)与中山市港口镇政府签署项目合作框架协议,2020-09-15,positive,0.9997676014900208
000630,安徽铜陵有色与阿里云签署合作协议 加快数字化转型升级,2020-09-18,neutral,0.9998972415924072
600251,冠农股份(600251.SH)：子公司与恒丰糖业及其股东解除合作框架协议,2020-09-21,neutral,0.999901533126831
600276,恒瑞医药：“缬沙坦氨氯地平片（I）”获得药品注册证书,2020-09-22,neutral,0.9999147653579712
688567,孚能科技：收到政府补助1711.58万元,2020-09-22,neutral,0.9999121427536011
000790,华神科技(000790.SZ)：华神药业拟在全国重点城市筹建大健康营销推广合资平台公司,2020-10-22,neutral,0.9999071359634399
300876,蒙泰高新(300876.SZ)：聘任刘小友为公司副总经理,2020-10-22,neutral,0.9998031258583069
002108,"沧州明珠：公司及其子公司获得政府补助共计约1845万元
",2020-10-29,neutral,0.9999136924743652
002411,延安必康：证券事务代表罗旭先生辞职,2020-10-29,neutral,0.9999133348464966
002489,浙江永强(002489.SZ)：子公司拟51万元参设一家专业从事户外家居用品领域的跨境电商公司,2020-11-17,positive,0.9997379183769226
603026,石大胜华(603026.SH)拟8620.48万元设立合资公司 出资比例30%,2020-11-26,positive,0.7128173112869263
603866,桃李面包：注销两家亏损子公司，拟1.3亿增资四川子公司,2020-11-27,neutral,0.9998365640640259
600600,青岛啤酒：股东于增彪减持计划完成 减持公司股份5000股,2020-12-14,neutral,0.9999048709869385
603822,嘉澳环保(603822.SH)：东江能源已累计收到增值税70%部分退税款770.36万元,2020-12-27,neutral,0.9994022846221924
002726,龙大肉食：与上海馨笆海签署战略合作协议,2021-01-08,neutral,0.9960194230079651
603816,顾家家居：提前归还1800万元募集资金,2021-01-27,neutral,0.9999048709869385
002971,和远气体(002971.SZ)拟使用不超1亿元闲置募集资金暂时补充流动资金,2021-02-01,neutral,0.9999022483825684
002594,比亚迪：拟对子公司汽车工业、比亚迪汽车及比亚迪供应链增资,2021-02-02,neutral,0.9999138116836548
002239,奥特佳：聘任朱光任公司财务总监，获英国伯明翰大学硕士学位，英国皇家特许会计师（ACA）,2021-02-04,neutral,0.9999115467071533
000597,配偶因误操作导致短线交易，东北制药董事郭启勇被罚2350元,2021-02-23,negative,0.9993135929107666
002899,英派斯(002899.SZ)与国际柔联签署赞助协议 总金额合计160万美元,2021-02-23,positive,0.9997766613960266
002902,铭普光磁“光功率监测方法、装置、设备及存储介质”获发明专利,2021-03-17,neutral,0.9999114274978638
002057,中钢天源（002057.SZ）拟向子公司中钢制品院增资9300万元,2021-03-29,neutral,0.9998925924301147
603626,科森科技：转让全资子公司股权,2021-04-20,neutral,0.999913215637207
002092,中泰化学：董事肖军辞职,2021-04-25,neutral,0.9999123811721802
688126,沪硅产业：董事戴敏敏辞职,2021-04-26,neutral,0.9999105930328369
603429,集友股份：副总裁曹萼辞职,2021-04-26,neutral,0.9999120235443115
600479,千金药业(600479.SH)控股子公司获阿哌沙班片《药品注册证书》,2021-04-27,neutral,0.9999144077301025
002179,中航光电：证券事务代表叶华辞职,2021-04-29,neutral,0.9999136924743652
002831,裕同科技：与苏大维格签署《战略合作框架协议》,2021-06-15,positive,0.9997755885124207
300596,利安隆(300596.SZ)取得1项实用新型专利证书,2021-06-21,neutral,0.9999117851257324
603001,奥康国际累计收到政府补助283.44万元,2021-07-18,neutral,0.9999029636383057
002388,新亚制程（002388.SZ）与格力金投达成战略合作,2021-07-26,neutral,0.9950512051582336
600779,酒业快讯丨水井坊终止对外投资,2021-08-01,neutral,0.9999104738235474
000100,杜娟因工作变动申请辞去TCL科技COO、CFO职务，分别由王成、黎健接任 ,2021-08-10,neutral,0.9997597336769104
300526,中潜股份：拟转让一批发泡设备,2021-09-22,neutral,0.9999133348464966
601179,中国西电：中标11.68亿元国家电网特高压工程采购项目,2021-09-30,neutral,0.9999139308929443
002365,永安药业：取得日本专利局颁发的《牛磺酸的制造方法》专利证书,2021-11-04,neutral,0.9999146461486816
603658,安图生物两产品获医疗器械注册证,2021-11-29,neutral,0.9999133348464966
688162,巨一科技：累计获得政府补助1905.32万元,2021-11-29,neutral,0.9999061822891235
600835,上海机电：累计收到政府补助1.56亿元,2022-01-12,neutral,0.9999140501022339
002824,和胜股份(002824.SZ)：拟向相关金融机构申请增加到16亿元的综合授信额度,2022-02-21,positive,0.9077638983726501
600416,“输血”湘电股份：一场正在进行的湖南国资改革行动,2022-02-22,neutral,0.9999063014984131
000016,深康佳A：副总裁孙清岩董事李峥齐辞职,2022-03-01,neutral,0.9999133348464966
836149,旭杰科技为苏州杰通、常州杰通提供担保,2022-03-14,neutral,0.9999102354049683
000581,威孚高科、万里扬各掏5000万认购高精尖产业基金 欲提高公司资金使用效率,2022-04-22,positive,0.9997785687446594
600177,捐赠13.6亿资产 雅戈尔要退出健康产业播报文章,2022-05-17,neutral,0.9999101161956787
300586,美联新材：控股子公司获得政府补助503.64万元,2022-06-23,neutral,0.9999134540557861
839729,永顺生物：猪支原体肺炎灭活疫苗（GD0503株）获新兽药注册证书,2022-07-18,neutral,0.9999144077301025
603332,苏州龙杰最新公告：收到市生态局的行政处罚决定书 涉及罚款20万元,2022-08-04,negative,0.9995630383491516
300565,科信技术：控股子公司签订战略合作及长期采购协议,2022-08-22,neutral,0.9997304081916809
688661,和林微纳：公司获得政府补助共计约1799万元,2022-09-01,neutral,0.999893307685852
002907,华森制药：控股股东成都地方建筑机械化工程有限公司持有公司的1.881亿股股份被司法冻结,2022-09-02,neutral,0.9998868703842163
002752,涉嫌证券市场操纵 昇兴股份董事长被罚100万,2022-09-13,negative,0.9988835453987122
300919,中伟股份：与欣旺达签署战略合作框架协议,2022-11-04,positive,0.9664130210876465
