标题,链接,发布时间,内容
已经没什么可说的了。控了一天的盘了，主力也不容易,"https://guba.eastmoney.com/news,002456,329066036.html",2016-04-18 14:53:15,已经没什么可说的了。控了一天的盘了，主力也不容易
看样子我不割肉，主力是不会拉了。,"https://guba.eastmoney.com/news,002456,328944483.html",2016-04-18 13:13:18,我来成全大伙
真他妈的垃圾啊，看看别的无人驾驶概念股都疯涨。,"https://guba.eastmoney.com/news,002456,328989341.html",2016-04-18 13:47:36,1
CTMD，鸡狗多了也不是好事，都想坐轿子，不想抬轿子。,"https://guba.eastmoney.com/news,002456,329054197.html",2016-04-18 14:43:36,1
无人驾驶发飙时，你最弱 虚拟现实发飙时，你最弱 因为基金太多，谁都不愿意拉 因为,"https://guba.eastmoney.com/news,002456,329047743.html",2016-04-18 14:38:19,"无人驾驶发飙时，你最弱
虚拟现实发飙时，你最弱
因为基金太多，谁都不愿意拉
因为盘子太大，拉升压力很大"
欧菲光老板就一个2B领教了,"https://guba.eastmoney.com/news,002456,329051642.html",2016-04-18 14:41:25,欧菲光老板就一个2B领教了
"CNMD, 主力。真你丫的怂啊","https://guba.eastmoney.com/news,002456,329043526.html",2016-04-18 14:34:59,1
11一卜入门,"https://guba.eastmoney.com/news,002456,329040031.html",2016-04-18 14:32:00,11一卜入门
他丫的，也不求你大涨了，能不绿就行了，就这么点要求了。,"https://guba.eastmoney.com/news,002456,329026180.html",2016-04-18 14:20:27,赶紧退出无人驾驶概念吧，坑人的东西。
托单太多，买单都是小散，这股票近期开始调整了,"https://guba.eastmoney.com/news,002456,329018490.html",2016-04-18 14:14:11,托单太多，买单都是小散，这股票近期开始调整了
看看中原内配,"https://guba.eastmoney.com/news,002456,329009486.html",2016-04-18 14:06:25,看看中原内配
看看亚太股份,"https://guba.eastmoney.com/news,002456,328992392.html",2016-04-18 13:50:21,1
看看万安科技,"https://guba.eastmoney.com/news,002456,328989685.html",2016-04-18 13:48:05,看看万安科技
万安  牛[赞],"https://guba.eastmoney.com/news,002456,328986324.html",2016-04-18 13:45:05,万安 牛
无人驾驶都开始拉  这个股连续几天跌  我走了,"https://guba.eastmoney.com/news,002456,328967235.html",2016-04-18 13:30:33,无人驾驶都开始拉 这个股连续几天跌 我走了
主力呀主力,"https://guba.eastmoney.com/news,002456,328967138.html",2016-04-18 13:30:26,主力 如果你在这么继续下去 你就跟着我们一起喝西北风吧。
艹主力，老子做一次T都那么困难，这分时线，我晕B了。,"https://guba.eastmoney.com/news,002456,328963149.html",2016-04-18 13:28:31,艹主力，老子做一次T都那么困难，这分时线，我晕B了。
我们把主力我们把主力玩死啦,"https://guba.eastmoney.com/news,002456,328949941.html",2016-04-18 13:17:39,我们把主力我们把主力玩死啦
明天就要出年报和季报了。看来不怎么地啊。,"https://guba.eastmoney.com/news,002456,328923024.html",2016-04-18 12:53:03,1
越买越跌,"https://guba.eastmoney.com/news,002456,328768739.html",2016-04-18 10:38:21,越买越跌
看样子是业绩出现问题了，最近每天都在跌了,"https://guba.eastmoney.com/news,002456,328911237.html",2016-04-18 12:42:29,看样子是业绩出现问题了，最近每天都在跌了
利好来了，老乡别跑。掩护主力撤退，小散断后,"https://guba.eastmoney.com/news,002456,328859816.html",2016-04-18 11:55:27,利好来了，老乡别跑。掩护主力撤退，小散断后
看今天的表现，年报季报肯定不好！,"https://guba.eastmoney.com/news,002456,328761262.html",2016-04-18 10:31:53,我觉得！
谁才是无人驾驶的龙头，一目了然了，亚太股份。这垃圾就知道胡吹。,"https://guba.eastmoney.com/news,002456,328712314.html",2016-04-18 09:54:58,1
欧菲光主力现在在做波段赚散户钱，主力将把股价打压到23～25做平台，所以散户投资,"https://guba.eastmoney.com/news,002456,328724700.html",2016-04-18 10:03:23,欧菲光主力现在在做波段赚散户钱，主力将把股价打压到23～25做平台，所以散户投资者现在快跑，股价可能在一两天内就跌入23～25，趁管理员删帖之前速看
垃圾跌起来不含糊，涨时象屎,"https://guba.eastmoney.com/news,002456,328719441.html",2016-04-18 09:59:52,垃圾跌起来不含糊，涨时象屎
188各基金买了这个垃圾，谁都不想抬轿，让别人占便宜。,"https://guba.eastmoney.com/news,002456,328715793.html",2016-04-18 09:57:26,基金多了也不是好事。不同心，抱不成团。
昨天长安无人驾驶汽车从重庆开往北京，视频我看了，的确很慢，全靠感应器探测路况，可,"https://guba.eastmoney.com/news,002456,321187166.html",2016-04-13 09:52:24,昨天长安无人驾驶汽车从重庆开往北京，视频我看了，的确很慢，全靠感应器探测路况，可能以后代驾不需要了！
长安汽车无人驾驶国内首测完成 产业发展提速,"https://guba.eastmoney.com/news,002456,328617327.html",2016-04-18 08:37:08,"长安汽车无人驾驶国内首测完成 产业发展提速
　　长安汽车望联手谷歌 无人驾驶汽车发展或提速
　　长安无人驾驶汽车进行2000公里路测
　　无人驾驶车：下一个最大投资风口
　　沃尔沃计划在中国测试无人驾驶汽车
　　智能汽车业绩可望爆发 无人驾驶商用还很遥远
　　""四轮驱动""推进智能汽车发展
　　中国工程院院士:预计2025年80%车辆可自动驾驶
　　长江证券：4月北京车展将催化 看好无人驾驶和后市场
　　智能汽车12只概念股价值解析

　　长安汽车无人驾驶国内首测完成 产业发展提速
　　作为国内首次无人驾驶长途路测，长安无人驾驶汽车重庆至北京的漫漫征程终于在4月17据记者历时5天、行程2000公里对路测进行了全程跟车试乘，一窥长安汽车无人驾驶的“道”与“术”。

　　与谷歌、百度等互联网企业“一步到位”的发展路径不同，以长安汽车为代表的主流车企采取渐进式发展路径，并以产业化为核心目标。为实现2018年量产目标，长安无人驾驶汽车在技术方面尽可能采用现有的成熟技术，并努力控制成本。不过，要摆脱成本的约束，长安汽车仍然需要整个体系的不断向上突破。

　　尽管长安汽车将此次长途路测冠以“超级无人驾驶”，通过全速自适应巡航、自动紧急刹车、交通拥堵辅助、车道对中、自动换道、主动限速、语音助手七大功能，在高速路上大部分时间可以实现无人驾驶，但实际上此次路测的两辆无人驾驶汽车仍处于高度自动驾驶的初级阶段，无人驾驶技术进一步提升仍然有赖于算法提高、数据积累以及更先进传感器的应用。

　　渐进式开发实现产业化
　　“啥时候能买到这种无人驾驶汽车？”“2018年能否量产，价格怎样？”长安无人驾驶汽车4月12日从重庆出发，在历经5天2000公里路测的过程中，公司无人驾驶汽车灵魂人物、工程研究总院总工程师黎予生不断面对这样的问题。

　　长安汽车共有三辆无人驾驶汽车，除了此次出征的两辆针对高速公路的无人驾驶汽车外，在出征仪式之前，记者还在厂区体验了另外一辆针对城市道路的无人驾驶汽车。该车在前方保险杠处搭载了一个激光雷达，车身四个角还有四个毫米波雷达，后视镜旁边装有一个工业级的单目摄像头，车顶上则有一根GPS天线，配合车内搭载的高精度地图进行精确定位，再配上银色车身，看起来十分酷炫。

　　但记者坐上此次出征的无人驾驶汽车的时候，不免有些失望。与厂区的那辆无人驾驶汽车相比，这两辆汽车前方保险杠处价格昂贵的激光雷达被换成毫米波雷达，工业级摄像头被换成了量产级别的摄像头，车顶的GPS天线和搭载的高精度地图也被拿掉据记者，2018年最终量产的无人驾驶汽车可能采取特斯拉模式，也就是把四个角的毫米波雷达也一并去掉。

　　谷歌和百度两家IT巨头的无人驾驶汽车处处体现着高科技，当然造价也是不菲。据了解，光是头顶上一个激光雷达的成本就高达50万元。而长安汽车工作人员对记者表示，“50万元把我们这两辆无人驾驶汽车买回家都没问题。”

　　两家IT巨头的无人驾驶汽车离量产还十分遥远，高昂成本也令人咋舌。长安汽车人士表示，公司针对高速公路的无人驾驶汽车2018年就能量产，而且还能“买得起”。这实际上反映了以长安汽车为代表的主流车企在发展无人驾驶技术方面与谷歌和百度为代表的IT巨头的差异。

　　按照国际惯例，无人驾驶分为四个阶段：辅助驾驶阶段、半自动驾驶阶段、高度自动驾驶阶段和无人驾驶阶段。为了实现无人驾驶的最终目标，IT巨头和主流车企从一开始就走了两条完全不同的路径，IT巨头追求的是无人驾驶一步到位，以充分发挥他们在人工智能深度学习和高精度地图上的优势；而长安汽车则代表了主流车企的思路。公司工程研究总院常务副院长谭本宏表示，长安汽车的无人驾驶有三个主要特点：以安全为基础、渐进式开发和产业化方案。

　　产业化是长安汽车开发无人驾驶汽车的核心目标。去年4月22日，长安汽车发布智能汽车“654”规划。仅仅一年后，长安汽车方面便表示，其无人驾驶汽车2018年实现量产。

　　要在短时间内实现无人驾驶汽车产业化，需要考虑两个重要因素：尽可能利用现有的成熟技术。以传感器中的激光雷达为例，谷歌和百度的无人驾驶汽车使用的均是Velodyne HDL-64的360度64束激光传感器，成本高达50万元，离实现量产还有较大的距离，即使是长安汽车厂区的那辆无人驾驶汽车使用的德国SICK LMS511室外型激光雷达成本也有8000元，也非量产级。为尽快实现量产，长安这两辆无人驾驶汽车上没有使用激光雷达，只保留了已经实现量产的毫米波雷达。价值8000元、非量产的Allied Vision的工业摄像头，则换成量产级别的摄像头。

　　成本则是另一个需要重点考虑的方面。目前，ACC、AEB等ADAS技术传感器在中高端车型的渗透率已经很高，7.1版本的特斯拉在高速公路上也能实现很高程度的无人驾驶。但一辆60万元的特斯拉搭载6万元的无人驾驶设备，价格只提升10%；一辆12万元的睿骋搭载这样一套无人驾驶设备，价格则要提升50%。

　　成本控制是自主品牌在强大竞争压力下赢得生存空间的最大法宝。目前，自主品牌的乘用车价格要突破15万元/辆尚且小心翼翼。长安汽车目前最贵的两款车睿骋和CS75的顶配版的价格均在15万元/辆上下。假设未来量产的无人驾驶汽车仍然以睿骋为平台的话，其顶配版的价格也不应该脱离目前的市场定位太远。据记者了解，进行路测的两辆无人驾驶汽车单车的改装成本在10000元左右。

　　想在无人驾驶方面不受成本的过度约束，获得更大的施展空间，长安汽车需要向上突破价格天花板。近年来，以长安汽车和长城汽车为代表的自主品牌车企正努力打破合资品牌对中高端市场的垄断，努力向上突破。据了解，在4月25日的北京国际车展上，长安汽车将发布旗舰版SUV车型CS95，这将是有史以来长安汽车最贵的一款车，高配版的价格据称将达到20万元/辆。

　　“无人驾驶技术应用将越来越从容。搭载无人驾驶技术的CS95未来也有希望实现量产。不过，研发无人驾驶技术的并不是基于CS95的平台，因此搭载无人驾驶技术的CS95要实现量产不会早于2018年。”黎予生对记者表示。

　　仍需“驾驶员”人工介入
　　在出征仪式现场，到处可见“长安汽车2000公里超级无人驾驶”的标示。不过，这里的“超级”更多的是指2000公里的超级征程，从技术方面来讲，长安汽车的无人驾驶还谈不上“超级”。黎予生也称，“长安汽车的无人驾驶刚进入高级自动驾驶阶段”。

　　谭本宏介绍，长安无人驾驶汽车有七大主要功能，包括全速自适应巡航、自动紧急刹车、交通拥堵辅助、车道对中、自动换道、主动限速、语音助手。依靠上述功能，长安无人驾驶汽车在高速公路上的大部分时间都能实现无人驾驶。进入自动驾驶模式后，通过全速自适应巡航功能，在纵向上可以根据事先设定好的时速实现自动加速和减速；在横向上，通过车道对中，可以清晰地检测到两边的车道线，包括虚线和实线，控制车辆自动保持在车道中间。不过，仅依靠目前的技术还不能实现完全无人驾驶。

　　有意思的是，在一次过收费站的时候，工作人员看到车身上的“无人驾驶”字样，专门跑过来看主驾驶座到底有没有人。其实，在园区进行路测的那辆无人驾驶汽车上主驾驶座并没有人，坐在副驾驶座上的“驾驶员”使用平板电脑可以控制汽车的启动和停止。但在社会化道路上，按照交通法规规定，主驾驶座上必须有人。此外，虽然行驶在高速路上的两辆无人驾驶汽车90%的时间可以实现自动驾驶，但仍然时常需要人工介入。

　　除了进入匝道、服务区、加油站的时候需要人工接管，长安无人驾驶汽车的很多无人驾驶功能也需要人工操作和无人驾驶来共同完成。“比如弯道超车的时候，就需要‘驾驶员’人工介入，通过打转向灯或发送语音的方式给汽车发出信号，汽车自动实现变道超车；在驾驶过程中，摄像头识别出前方有限速标示，会给‘驾驶员’发送提示，由‘驾驶员’介入完成减速操作。”长安无人驾驶汽车的“驾驶员”李增文告据记者。

　　同时，人工介入还是为了应对无人驾驶功能“失效”的情况。在此次出征的第一天，也就是“重庆——西安”路段，经历了连续隧道路段，包括长达18公里的秦岭大隧道。在隧道行车的过程中，由于光线昏暗且对比度差，加之隧道常年阴暗潮湿对车道线的侵蚀严重，无人驾驶汽车的摄像头多次出现无法识别车道线的情况，并发出预警，提醒“驾驶员”人工干预。

　　要提升无人驾驶的性能，除了摄像头、雷达等传感器本身的性能外，背后的算法极其重要。以以色列算法公司Mobileye为例，其使用单目摄像头通过机器视觉算法实现ADAS功能，该公司ADAS系统市场占比高达65%。目前，Mobileye与超过20家OEM主机厂建立了合作关系。长安无人驾驶汽车的摄像头、毫米波雷达，包括背后的算法来自于全球零部件巨头博世，长安汽车和清华大学也参与到算法的研发之中。

　　数据积累是另一个重要方面。谷歌已累计了150万公里以上的路测，全球零部件巨头德尔福在奥迪SQ3基础上改造的无人驾驶汽车也进行过历时12天5000公里的横穿美国之旅。黎予生告诉记者，之前长安无人驾驶汽车已经进行过1万公里左右的路测，但仍需要继续加大路测积累更多的数据。

　　对于长安无人驾驶汽车2000公里路测属于“作秀”的看法，李增文告诉记者，“这种跨省的长途路测面临的一个挑战是交通标志的识别，各个省的交通标志，比如限速标志等，多多少少有些差异。字号、颜色、大小，有时候可能与系统库里匹配不上，出现无法识别的情况，通过这种跨省的长途路测可以更多收集数据，进一步完善系统。”

　　要应对更为复杂的路况，实现更高程度的无人驾驶，仅仅依靠现有的传感器仍然不够。据了解，长安无人驾驶汽车进行的高速公路路测主要有三条线路，除了“重庆——北京”，还有“重庆——苏州”和“重庆——垫江”两条线路。其中，挑战最大的其实不是线路最长的“重庆——北京”和“重庆——苏州”两条线路，而是线路最短、路况却也最为复杂的“重庆——垫江”线路。“这条线路隧道多、路桥多、弯道多、坡道多、过弯道，特别是急转弯，无人驾驶汽车需要更大的力矩，这对转向系统是一个考验。上到坡道上后，因为摄像头主要监测前方，如果坡度太陡，前方检测范围会变小。要解决这些问题，还需要从硬件到软件的全面提升。”黎予生表示。

　　长安汽车总裁朱华荣告据记者，“长安汽车正加大在无人驾驶方面的投入力度，到2025年将累计投入56亿元，用于技术研发和产品开发，占长安汽车总体研发投入的十分之一。”尽管这一研发投入与IT巨头们相比是小巫见大巫，但对一家自主品牌车企来说，这样的投入力度已实属不易。

　　目前，长安汽车已建立“五国九地”的研发格局，除了中国，长安汽车还在意大利都灵、日本横滨、美国底特律、英国诺丁汉等地建立了设计、外饰、底盘、动力总成等研发中心。公司研发投入占销售总额的5%，上个五年累计投入160多亿元。黎予生告诉记者，美国底特律的研发中心未来将以无人驾驶技术的研发为主。长安汽车还准备在硅谷设立办事处，加快无人驾驶汽车的研发。目前此事已经得到公司的批准，正在准备过程中。

　　不过，仅仅依靠自身力量仍然远远不够。长安汽车需要更多的合作者参与进来，加快无人驾驶汽车的研发。长安汽车副总裁李伟表示，在开发无人驾驶汽车方面，长安汽车与博世、华为、360、高德地图、百度等众多企业建立了多方面的合作关系。

　　事实上，长安无人驾驶汽车身上已能看到很多合作伙伴的影子。博世提供执行系统的技术、摄像头和毫米波雷达以及背后的算法；同时，清华大学也参与到了算法的研发过程，并在中央处理系统的研发上给了长安汽车支持；另外，长安汽车园区的那辆无人驾驶汽车使用的高精度地图虽然由自己后期制作，但结构却来源于百度。

　　长安汽车还在寻求更多的合作和支持。3月31日，长安汽车与百度签署智慧汽车战略合作协议，双方将在汽车智能化领域开展全面且深入的合作。据了解，两者的合作可能集中在两个方面。在人车互联方面，百度将为长安提供CarLife、MyCar和CoDrive三技术平台；自动驾驶方面，百度将为长安无人驾驶汽车提供高精度百度地图以及其他应用产品。

　　此外，长安汽车尝试与IT巨头谷歌建立合作关系据记者获悉，继去年下半年考察硅谷后，今年1月份，长安汽车副总裁刘波、工程研究总院副院长何举刚、工程研究总院总工程师黎予生等一行高管拜访了硅谷四家科技公司，其中便包括谷歌无人驾驶汽车部门，并表达了与谷歌在无人驾驶汽车方面寻求合作的可能。由于谷歌仍未确定与车企的合作模式，双方并没有达成具体合作意向。谷歌迫切需要寻求合作伙伴共同生产无人驾驶汽车，但目前与欧美主流车企的合作进程陷入困境，并将目光转向中国市场，主动抛出橄榄枝的长安汽车或将最终成功牵手谷歌。

　　针对中国证券报的独家报道《长安汽车有望联手谷歌生产无人驾驶汽车》，国泰君安认为，长安如果能够联手谷歌生产无人驾驶汽车，积累更多路测数据以及算法改进的优势，更早一些实现量产，将使得中国汽车产业实现弯道超车成为可能。

　　从更长远的角度考虑，长安汽车推进无人驾驶汽车需要做更多准备。按照长安汽车的“654”战略规划，针对城市道路的无人驾驶汽车的量产预计在2025年实现。而谷歌无人驾驶汽车有望在2020年实现商业化，并于2025年实现量产。

　　与长安汽车有望达成合作的还有特斯拉。此前，特斯拉中国区负责人朱晓彤在接受媒体采访时表示，为了尽快实现国产化，管理层正在进行工厂的考察与调研。今年3月有消息称，苏州市正在研究协调特斯拉汽车项目落户苏州事宜。

　　按照相关法律规定，外资品牌在中国国内投资建厂必须采取与中方合资的方式，这意味着特斯拉要在国内投资建厂必须找国内的合作伙伴。特斯拉CEO马斯克今年2月表示，争取在2016年确定国产的合作伙伴。业内人士表示，种种迹象表明，特斯拉的合作伙伴很可能是长安汽车。就在一年前，特斯拉投资及政府关系总监Ken Morgan带领团队考察了长安汽车据记者就此采访长安汽车多位高管，均不置可否。(中国证券报)
展开阅读全文"
今天重要点，直接涨停就会连板，日本地震造成索尼停产直接受益股，敬请期待……,"https://guba.eastmoney.com/news,002456,328582599.html",2016-04-18 08:04:05,今天重要点，直接涨停就会连板，日本地震造成索尼停产直接受益股，敬请期待……
行情震荡难免一波三折，上纷享4月好股紧跟,"https://guba.eastmoney.com/news,002456,327488302.html",2016-04-17 22:20:11,行情震荡难免一波三折，上纷享4月好股紧跟
智能无人驾驶汽车特斯拉已领跑全球开启占领万亿市场征途,"https://guba.eastmoney.com/news,002456,316168253.html",2016-04-11 09:41:30,"智能无人驾驶汽车特斯拉已领跑全球开启占领万亿市场征途，犹如当年乔布斯苹果行情将贯 
智能无人驾驶汽车特斯拉已领跑全球开启占领万亿市场征途，犹如当年乔布斯苹果行情将贯穿廷伸至2018年，一定是市场最具爆发的牛股摇篮必出百元以上大牛股，股票中要千里挑一寻找技术最领先创新模式生态圈，未来市场占有率最高且产能开始释放不是讲故事并且目前市盈率最低，有增发或收购外延式爆发成长，能与特斯拉百度乐视比亚迪一汽上汽长安北汽等公司合作的子行业龙头必然成为未来的超级黑马，600074保千里600718东软集团300088长信科技。您可能不认可但可以去研究"
不让上,"https://guba.eastmoney.com/news,002456,327171287.html",2016-04-17 17:13:40,不让上
对于小欧，一颗红心，两手准备。所谓一颗红心，就是看好欧菲光的成长性和潜力。两手准,"https://guba.eastmoney.com/news,002456,326444435.html",2016-04-17 10:17:35,"对于小欧，一颗红心，两手准备。所谓一颗红心，就是看好欧菲光的成长性和潜力。两手准备，就是根据事件驱动和技术走势，随时高抛低吸。
1、形态：欧菲光虽沿上升通道震荡上行。但不排除有短时破位的可能，之前走势也证明了这一点。如有调整接近20日均线，是比较好的吸纳点位。而一旦快速冲高，设好止盈点位获利回吐。
2、事件消息驱动：对欧菲光比较有利。一是新掀起的VR热潮，可能形成新的投资风口。欧菲光的在虚拟现实概念中占有重要一席之地。二是新一轮智能手机双摄像头成为标配很快形成趋势。欧菲光是国内双摄像头主要制造商。三是无人驾驶和新能源汽车欧菲光也已经布局和介入，特别是收购北汽新能源部分股份，是欧菲光看清未来汽车发展趋势，立身不败之地的明智之举。四是本月一系列国际国内VR大会制造声势，长安汽车无人驾驶两千公里长途测试，华为P9搭载莱卡双摄像头上市等消息，对投资者有引导作用。四是综合观察，欧菲光公司内部治理比较稳健有序，技术处于同行业前沿，有些是龙头项目。所以欧菲光有可能被主力发掘，成为龙头。
周末闲来无事，看了看欧菲光，挺有感觉。只是本人一己之言，并非操作建议。据此操作者，盈者勿喜，亏者勿怨。"
早上好早上好早上好早上好早上好,"https://guba.eastmoney.com/news,002456,323733173.html",2016-04-15 09:40:14,早上好早上好早上好早上好早上好早上好早上好早上好早上好早上好早上好早上好早上好早上好早上好早上好早上好早上好早上好早上好早上好早上好早上好早上好早上好早上好早上好早上好
我现在关心的是一季报，有谁知道？,"https://guba.eastmoney.com/news,002456,324976663.html",2016-04-16 19:13:45,我现在关心的是一季报，有谁知道？
摄像头模组出货量,"https://guba.eastmoney.com/news,002456,324963780.html",2016-04-16 18:51:32,摄像头模组出货量
详细解盘：欧菲光，指标线以上继续满仓。,"https://guba.eastmoney.com/news,002456,324829883.html",2016-04-16 14:46:04,单击两次图片看K线，日线收盘为准。股友那么多，不可能都发送个股指标图，以后每天根据博文大盘指标线操作，就可以大赚小赔。庄家的操盘手法不同，指标计算的价位就不同。指标计算出的价位有时接近5日均线，有时接近10日均线，有时接近20日均线，有时接近30日均线，有时接近40日均线，有时接近50日均线，有时接近60日均线，有时接近70日均线，有时接近80日均线。指标要等租用平台之后才能赠送，绝对没有未来函数。现在每天只能在博文里发送大盘K线图及数据，个股根据大盘指标线来操作，就可以大赚小赔。波段操作：日线收盘在指标线以上满仓，日线收盘在指标线以下空仓。当日收盘放量突破指标线买进，当日收盘跌破指标线卖出。如果买到强势股就能够坚持到最后，如果买到弱势股就只能控制风险，指标不可能适合所有股票都赚大钱。弱势股反复跌破指标线，就只能根据大盘指标线来操作，其它别无办法。
周一涨涨涨,"https://guba.eastmoney.com/news,002456,324826120.html",2016-04-16 14:38:42,都坐稳了，周一要飞。
小日本地震 利好欧菲光吧？,"https://guba.eastmoney.com/news,002456,324181274.html",2016-04-15 20:50:35,小日本地震 利好欧菲光吧？
你好。证券报上看到:欧菲光不仅在车载摄像头领域走在国内前列，其ADAS核心算法已,"https://guba.eastmoney.com/news,002456,916412201.html",2016-04-19 10:14:00,"你好。证券报上看到:欧菲光不仅在车载摄像头领域走在国内前列，其ADAS核心算法已开发完成，ADAS产品已具备装车能力。其全产业链布局无人驾驶的力度和速度远超市场预期，有望成为新龙头。上述说法是否属实？ 
欧菲光
欧菲光：您好。感谢您关注仙坛股份！关于公司2015年年报详情，请联系公司证券事务部0535-4658717。谢谢!
(来自深交所互动易)答复时间 2016-04-19 10:14:00"
4月14和4月16日日本熊本县地震对贵司的经营是否有影响？尤其是索尼sensor,"https://guba.eastmoney.com/news,002456,916412002.html",2016-04-19 10:25:00,"4月14和4月16日日本熊本县地震对贵司的经营是否有影响？尤其是索尼sensor工厂停工是否对贵司的摄像头模组生产产生影响？ 
欧菲光
欧菲光：您好！感谢您对坚朗五金的关注，目前国内建筑五金市场仍处在不断发展成熟的阶段，目前暂未相似企业上市，谢谢！
(来自深交所互动易)答复时间 2016-04-19 10:25:00"
今天下午二点，华为P9上海发布会！证明双摄像头的趋势！,"https://guba.eastmoney.com/news,002456,323799666.html",2016-04-15 10:22:50,今天下午二点，华为P9上海发布会！证明双摄像头的趋势！
主力出了一个亿,"https://guba.eastmoney.com/news,002456,323944316.html",2016-04-15 14:08:39,主力出了一个亿
形态完美，坐等风起[微笑]，留人间多少爱，看股市万重变[想一下][想一下],"https://guba.eastmoney.com/news,002456,324672220.html",2016-04-16 09:57:58,形态完美，坐等风起，留人间多少爱，看股市万重变
完成,"https://guba.eastmoney.com/news,002456,324649984.html",2016-04-16 09:23:20,完成
无人驾驶成全球风口 中国市场机遇浮现,"https://guba.eastmoney.com/news,002456,323996614.html",2016-04-15 15:27:37,"无人驾驶正成为当前全球汽车产业和互联网企业争相布局的“风口”，逐步从概念变为现实。中国作为汽车消费大国，未来将具有更多发展机遇，但行业目前仍面临网络技术安全、法规监管、交通责任归属等难题待破解。

点评：以BAT为首的中国互联网巨头近年来纷纷宣布进军无人驾驶领域。特别是在2015年底，宝马与百度合作的自动驾驶汽车在北京完成路测，是中国无人驾驶汽车领域迄今为止进行的最接近真实路况的开放道路测试之一，标志中国无人驾驶发展进入新阶段。而在近日，沃尔沃宣布将运送100辆无人驾驶汽车到中国公共道路上进行试驾，并承诺如果这些无人驾驶汽车发生车祸或事故，沃尔沃将全权负责。据悉，上海将从6月起在嘉定国际汽车城开设我国第一个无人驾驶汽车测试的示范区。在拥有最大汽车消费潜力的中国，无人驾驶汽车测试将给正沸腾的世界无人驾驶行业再添一把干柴。无人驾驶汽车将成为下一个最大的投资风口，建议关注万安科技、亚太股份、欧菲光等。"
1.2月触摸屏出来了,"https://guba.eastmoney.com/news,002456,324138139.html",2016-04-15 19:42:31,1.2月触摸屏出来了
下周一会出一季报预报么？[为什么][为什么][为什么],"https://guba.eastmoney.com/news,002456,324017618.html",2016-04-15 16:15:46,下周一会出一季报预报么？
日本大地震 手机核心配件将面临缺货,"https://guba.eastmoney.com/news,002456,323800698.html",2016-04-15 10:23:30,索尼的CMOS传感器工厂有两座都在地震中心附近，应该会受印象去年索尼摄像头传感器就缺货过一次，不少厂商都被迫采用其它厂商的摄像头产品。到较大的牵连，所以索尼CMOS传感器可能又要缺货了，
貌似洗盘，尾盘加仓了。不知对否,"https://guba.eastmoney.com/news,002456,324035232.html",2016-04-15 16:56:53,貌似洗盘，尾盘加仓了。不知对否
逃吧，这垃圾回调了。走为上。,"https://guba.eastmoney.com/news,002456,323828258.html",2016-04-15 10:46:45,逃吧，这垃圾回调了。走为上。
看图形是快了，就这两周了，浮动筹码洗的差不多了，走势还是非常健康的[哭],"https://guba.eastmoney.com/news,002456,324026092.html",2016-04-15 16:35:27,看图形是快了，就这两周了，浮动筹码洗的差不多了，走势还是非常健康的
证监会的反馈意见是否已答复，未见公告，已过半月，按欧菲光的执行力不应该如此啊?,"https://guba.eastmoney.com/news,002456,916416826.html",2016-04-16 09:36:00,"证监会的反馈意见是否已答复，未见公告，已过半月，按欧菲光的执行力不应该如此啊? 
欧菲光
欧菲光：敬请关注公司后续发布的公告信息，谢谢！
(来自深交所互动易)答复时间 2016-04-16 09:36:00"
贵公司无人驾驶的研发及推广到底进行到何种程度，希望能介绍一下,"https://guba.eastmoney.com/news,002456,916413502.html",2016-04-18 17:07:00,"贵公司无人驾驶的研发及推广到底进行到何种程度，希望能介绍一下 
欧菲光
欧菲光：您好，截至4月15日股东人数是29107
(来自深交所互动易)答复时间 2016-04-18 17:07:00"
建议你司召开2015年业绩说明会，对投资者关心的问题给予说明，坚定投资者的信心,"https://guba.eastmoney.com/news,002456,916416824.html",2016-04-16 09:36:00,"建议你司召开2015年业绩说明会，对投资者关心的问题给予说明，坚定投资者的信心 
欧菲光
欧菲光：感谢您的建议！
(来自深交所互动易)答复时间 2016-04-16 09:36:00"
你方唱罢我登场,"https://guba.eastmoney.com/news,002456,323994674.html",2016-04-15 15:23:30,调整这么多天了 利空也出了 配资额也降了好多了 看好小欧下周重新登场表演 涨 涨 涨 如果不涨 坚决清仓 找无人驾驶 虚拟现实的龙头股去
上攻乏力，走为上。,"https://guba.eastmoney.com/news,002456,323831261.html",2016-04-15 10:50:23,上攻乏力，走为上。
您好，请问北汽新能源的无人驾驶技术是由公司提供吗？,"https://guba.eastmoney.com/news,002456,916413370.html",2016-04-18 17:26:00,"您好，请问北汽新能源的无人驾驶技术是由公司提供吗？ 
欧菲光
欧菲光：感谢投资者关注。公司将密切关注相关政策的变化及对公司的影响。
(来自深交所互动易)答复时间 2016-04-18 17:26:00"
统统不许动，大家表慌。老子要开枪啦。,"https://guba.eastmoney.com/news,002456,323906555.html",2016-04-15 13:14:17,统统不许动，大家表慌。老子要开枪啦。
日了狗，今天还没拉升就割韭菜？！！！！,"https://guba.eastmoney.com/news,002456,323905296.html",2016-04-15 13:12:09,日了狗，今天还没拉升就割韭菜？！！！！
无人驾驶就这垃圾跌的厉害,"https://guba.eastmoney.com/news,002456,323898726.html",2016-04-15 12:59:16,无人驾驶就这垃圾跌的厉害
沃尔沃宣布启动自动驾驶项目 概念股活跃,"https://guba.eastmoney.com/news,002456,323869904.html",2016-04-15 11:48:10,"据悉，沃尔沃宣布在中国启动自动驾驶汽车项目，并首次展示了旗下最新的自动驾驶汽车S90。实际上，对于沃尔沃来说，在这个时候宣布进军自动驾驶蓝海，除了中国市场环境的“地利”之外，还因为“天时”和“人和”。在会后专访时，沃尔沃Drive Me项目负责人Marcus Rothoff更是广纳贤良，将“人和”进行到底。他表示希望能够与高校和企业进行合作，以便达成学术、技术层次的合作。《证券日报》记者注意到，这次的研讨会就有清华、复旦、同济、北航、吉大、北京工业大学等高校的代表参加到席。
　　沃尔沃宣布启动自动驾驶项目吗，截止目前，概念股活跃。"
nnd，一直在出货,"https://guba.eastmoney.com/news,002456,323859401.html",2016-04-15 11:29:04,nnd，一直在出货
今天借意大跌！很正常！,"https://guba.eastmoney.com/news,002456,323848979.html",2016-04-15 11:14:37,今天借意大跌！很正常！
oppoR9指纹识别秒杀苹果指纹识别,"https://guba.eastmoney.com/news,002456,323486333.html",2016-04-15 05:43:02,oppoR9指纹识别秒杀苹果指纹识别
看空狗能猖狂到几时,"https://guba.eastmoney.com/news,002456,323818333.html",2016-04-15 10:36:42,空狗，小心爆仓，准备跳楼吧
早泄。鉴定完毕,"https://guba.eastmoney.com/news,002456,323771580.html",2016-04-15 10:04:44,[不赞]
请问贵公司有没有在虚拟现实领域开展业务,"https://guba.eastmoney.com/news,002456,916416820.html",2016-04-16 09:37:00,"请问贵公司有没有在虚拟现实领域开展业务 
欧菲光
欧菲光：公司的摄像头产品可作为虚拟现实的硬件入口之一，广泛应用于众多VR设备，感谢您的关注！
(来自深交所互动易)答复时间 2016-04-16 09:37:00"
关于欧菲光终止与联车科技之间的合作对于股价影响，我想股价已经给出了最好的答案！也,"https://guba.eastmoney.com/news,002456,323205880.html",2016-04-14 19:55:01,关于欧菲光终止与联车科技之间的合作对于股价影响，我想股价已经给出了最好的答案！也许换个角度看得更明了些，看多的看空的永远不可能统一，独立思考也是很重要的！
欧菲光:关于终止收购意向协议暨澄清公告,"https://guba.eastmoney.com/news,002456,323177927.html",2016-04-14 19:13:02,"公告日期：2016-04-15
证券代码：002456 证券简称：欧菲光 公告编号：2016-039

深圳欧菲光科技股份有限公司

关于终止收购意向协议暨澄清公告

本公司及董事会全体成员保证信息披露内容的真实、准确和完整，没有虚假记载、误导性陈述或重大遗漏。

一、概述

深圳欧菲光科技股份有限公司（以下简称：“公司”或“欧菲光”）于2015年6月10日公布《关于签署投资意向协议的公告》，公司拟以增资方式参股投资人民币5000万元，取得增资扩股后联车（上海）信息科技有限公司（以下简称“联车”）16.6667%的股权。

二、媒体质疑

近日有媒体刊登《联车科技炮轰上市公司欧菲光：“莫欺少年穷”》的文章，传闻内容如下：

1、谎称对外投资，并在定增时拿投资车联这事出来宣传。

2、文中载有“欧菲光定增介绍04.08国金.PPT”的图片。

三、澄清内容

现公司针对媒体相关传闻做如下澄清说明：

1、公司与联车之间签署的《股权投资项目商务条款》属于意向性协议，该

投资意向已经终止；

2、公司非公开发行股票项目的保荐券商为广发证券股份有限公司，自公司上市以来未聘请国金证券作为公司的保荐券商和财务顾问；

3、公司非公开发行项目的预案未涉及联车相关信息，也未借其之名做非公开发行的宣传。

四、终止投资意向的说明

经过充分的沟通和尽职调查，双方在资质、估值及合作方式等事项上存在较大分歧，未能就投资事项达成一致，最终未签署正式投资协议。欧菲光会慎重对待每一笔投资，保护投资者利益。

五、终止投资意向对公司的影响

公司与联车签署的《股权投资项目商务条款》属于意向性合作协议，双方未签署正式的合作协议，终止本次意向合作也未产生债权债务，不会对公司的生产经营及经营业绩产生影响。

公司经过多年的发展，在资本市场积累了良好的口碑，一直以来都是踏踏实实，兢兢业业做好实业来回报投资者。智能汽车行业有远大前景，欧菲光任重道远，并将一如既往的砥砺前行，为客户、股东、员工创造更美好的未来。

巨潮资讯网为本公司指定信息披露网站，《中国证券报》、《上海证券报》、《证券时报》、《证券日报》为公司指定的信息披露报刊，本公司发布的信息以在上述网站或指定报刊刊登的公告为准。请广大投资者理性投资，注意风险。

特此公告。

深圳欧菲光科技股份有限公司

2016年4月14日


[点击查看PDF原文]
提示：本网不保证其真实性和客观性，一切有关该股的有效信息，以交易所的公告为准，敬请投资者注意风险。
展开阅读全文"
看到终止收购联车科技，顿时觉得轻松了。,"https://guba.eastmoney.com/news,002456,323284012.html",2016-04-14 22:59:10,"当初看到欧菲光发布公告投资联车科技的时候，曾经担心是关联利益输出，毕竟增值率实在是太高。“截至 2014 年度末，联车信息资产总额 370.15万元，负债总额220.17万元，净资产 149.98 万元；2014 年度联车信息实现营业收入26.67万元，净利润-249.42 万元。”一家净资产只有150万左右的公司，估值竟然达到了3亿。（5000万占股16.67%），而根据《创业维艰：莫欺少年穷》文章中所说，估值更是达到了4.8亿（8000万占股16.67%）。市净率达到了320，可在沪深两市所有股票中排名第5。可能我目光短浅，但是我真不觉得联车科技有如此光明的前景，至少在面对强大的竞争者安吉星时，联车科技可以说毫无还手之力。
至于联车科技说，因为公告投资联车科技，欧菲光股价复牌后涨停，我只能说，哥们你能要点脸不？首先，大家是冲着"
知道欧菲光终止投资联车科技，心里松了口气。,"https://guba.eastmoney.com/news,002456,323283382.html",2016-04-14 22:57:50,"当初看到欧菲光发布公告投资联车科技的时候，曾经担心是关联利益输出，毕竟增值率实在是太高。“截至 2014 年度末，联车信息资产总额 370.15万元，负债总额220.17万元，净资产 149.98 万元；2014 年度联车信息实现营业收入26.67万元，净利润-249.42 万元。”一家净资产只有150万左右的公司，估值竟然达到了3亿。（5000万占股16.67%），而根据《创业维艰：莫欺少年穷》文章中所说，估值更是达到了4.8亿（8000万占股16.67%）。市净率达到了320，可在沪深两市所有股票中排名第5。可能我目光短浅，但是我真不觉得联车科技有如此光明的前景，至少在面对强大的竞争者安吉星时，联车科技可以说毫无还手之力。
至于联车科技说，因为公告投资联车科技，欧菲光股价复牌后涨停，我只能说，哥们你能要点脸不？首先，大家是冲着20亿设立欧菲智能车联公司去的，其次，涨停后一路狂跌，一度从54跌成了16，咋不说说？"
联车的事前几天就知道了，股价不跌反涨，不见得是利空。,"https://guba.eastmoney.com/news,002456,323251900.html",2016-04-14 21:40:58,希望明天大涨，打爆空头。
有时候故事不好讲，怎么办呢？明天怎么办？,"https://guba.eastmoney.com/news,002456,323238549.html",2016-04-14 20:59:56,有时候故事不好讲，怎么办呢？明天怎么办？
借欧菲光炒作自己而已联车,"https://guba.eastmoney.com/news,002456,323236540.html",2016-04-14 20:54:54,"定增是去年10月的事，都半年过去了，现在翻出来，这个小公司正面临A轮融资，想借不鸟欧菲光，来显示自己很牛逼，借机炒作而已。如果这点雕虫小技还看不出来

说利空跌停的都是踏空朋友，或者已经震仓出局的人。"
这样的题材板块，按现在大盘比例是低的，你们没学过数学吗,"https://guba.eastmoney.com/news,002456,323228626.html",2016-04-14 20:38:06,这样的题材板块，按现在大盘比例是低的，你们没学过数学吗
走了，你们玩吧,"https://guba.eastmoney.com/news,002456,312024952.html",2016-04-08 14:17:50,走了，你们玩吧
步步惊心，何时风再起,"https://guba.eastmoney.com/news,002456,323115029.html",2016-04-14 17:32:01,步步惊心，何时风再起
即将突破压力位,"https://guba.eastmoney.com/news,002456,323000598.html",2016-04-14 14:49:45,再来点量~~看30元附近
明天会有一个大阳棒吗？,"https://guba.eastmoney.com/news,002456,323033762.html",2016-04-14 15:32:55,
黑色星期四魔咒，本人全部清仓，规避风险,"https://guba.eastmoney.com/news,002456,322922992.html",2016-04-14 13:25:05,黑色星期四魔咒，本人全部清仓，规避风险
小欧能不能学学小爱（爱施德）弄个副龙头当当。也来个板啊！,"https://guba.eastmoney.com/news,002456,322978861.html",2016-04-14 14:21:22,小欧能不能学学小爱（爱施德）弄个副龙头当当。也来个板啊！
看这鸟样，尾盘肯定跳水,"https://guba.eastmoney.com/news,002456,322930701.html",2016-04-14 13:33:57,看这鸟样，尾盘肯定跳水
飞起来，再来个涨停瞅瞅。,"https://guba.eastmoney.com/news,002456,322810634.html",2016-04-14 10:58:52,飞起来，再来个涨停瞅瞅。
今年理应创新高。,"https://guba.eastmoney.com/news,002456,322360345.html",2016-04-13 23:05:51,形态，量能很完美。耐心很重要。
地球上缺了谁地球都照样转！一个联车科技算什么。本来投资5000万只有百分之16.,"https://guba.eastmoney.com/news,002456,322240791.html",2016-04-13 20:26:32,地球上缺了谁地球都照样转！一个联车科技算什么。本来投资5000万只有百分之16.66的股份，根本没有控股。欧菲光的目的是要对这种小公司全资控股，而联车科技不答应就这么简单。这次定增15亿和联车科技一点毛关系都没有！不要杞人忧天
今日走势大猜想 说出你的看法,"https://guba.eastmoney.com/news,002456,322654748.html",2016-04-14 07:51:15,昨天受全球股市利好刺激 大盘涨 个股普涨 但小涨幅的多 大涨的少 出现煤飞色舞（按以前惯例是要转跌了） 技术上明显有回调需要 而且昨天尾盘急挫 但昨晚又利好不断 那么今天会怎么走呢 说说你的看法 到底要赌哪头呢
联车昨天开始连发两篇:“三十年河西，三十年河东，莫欺少年穷”的文章，从标题和内容,"https://guba.eastmoney.com/news,002456,321939955.html",2016-04-13 17:13:23,"联车昨天开始连发两篇:“三十年河西，三十年河东，莫欺少年穷”的文章，从标题和内容上看欧菲应该是近日对联车要做点什么来的，而联车又傲气的很，应该是拒绝了欧菲的行动！
联车科技：回复@在回家路上3525340171:联车科技在此郑重声明 联车科技从未接受欧菲光的投资入股 也从未和欧菲光有任何业务往来 以前没有 现在没有 将来也不会有 另外之前欧菲光所发的公告也不属实 请联车科技的各位朋友不要上当受骗 。
这个时候正是欧菲定增，联车A轮融资之时。
联车明天还会接着发第三篇。
下面这张图片可能会有些想法，大家猜猜这个外延二是什么东西？会不会还有三？"
联车科技炮轰上市公司欧菲光：“莫欺少年穷”对此文章有没有什么想说的？,"https://guba.eastmoney.com/news,002456,916416819.html",2016-04-16 09:38:00,"联车科技炮轰上市公司欧菲光：“莫欺少年穷”对此文章有没有什么想说的？ 
欧菲光
欧菲光：敬请关注公司发布的公告，谢谢！
(来自深交所互动易)答复时间 2016-04-16 09:38:00"
关于昨天联车科技发的公司无意让欧菲光5000并购的信息，有人能回答吗？,"https://guba.eastmoney.com/news,002456,321279372.html",2016-04-13 10:36:47,"老板吩咐我：通知律师，立刻发律师函。

这一次，联车科技绝不姑息。

事情还得从去年夏天开始说起。大约是2015年5月，我接到一个陌生电话，对方自称是汽车行业某知名公司（以下简称“HD”）人士，受上市公司欧菲光委托，想和联车科技洽谈投资事宜。对方言辞恳切，诚意满满，我们老板就答应让欧菲光来我们公司聊一聊，顺便看一下产品演示。

不久欧菲光的投资总监高总就过来了，看完“联车魔方”产品演示之后，当即表示了强烈的投资意向。高总果然是上市公司高管，见多识广，大约觉得我们只是小小的创业公司，声称联车科技要么被纳入欧菲光的车联网产业版图中，成为其中的一块，要么被欧菲光的车联网帝国消灭掉！

可惜高总实在是太不了解我们老板的风格了，我们优秀的老板从来都是铁骨铮铮，不卑不亢，当即回答道：“不，如果合作，将来是欧菲光成为我们联车科技版图中的一块！”

很显然，双方未能在友好的气氛中愉快交谈。事后，HD的人又多次跟我们老板沟通，表示欧菲光希望能再次深入交流，因为联车科技是唯一一家能做汽车总线完整数据解析和数据分析的第三方公司，他们十分重视。

6月初，欧菲光高总突然给我们老板打电话，一改傲慢的态度，希望我们能同意欧菲光尽快来做一次尽调，加快投资进度。我们也没多想，没必要拒人千里，那就答应吧。因为当时我司还没有打算启动A轮，事情来得突然，我花了一个周末对照着欧菲光的尽调材料清单（满满三张list），整理好了所有的资料。我记得很清楚，那个星期天，我加班到夜里11点才回家，还发了说我上辈子一定是属蜜蜂的……

俗话说，无事献殷勤，非奸即盗，事出反常必有妖。"
今天没涨至少5.6个点的股都是耍流氓,"https://guba.eastmoney.com/news,002456,321649437.html",2016-04-13 14:10:52,要么下跌要么开始第三浪上升 小欧也该开始上涨了
上贼船了。哎。,"https://guba.eastmoney.com/news,002456,321698662.html",2016-04-13 14:37:47,
今天高抛低吸成功，增加了股数，对欧菲光越来越有信心了。,"https://guba.eastmoney.com/news,002456,276512679.html",2016-03-22 19:08:29,今天高抛低吸成功，增加了股数，对欧菲光越来越有信心了。
28是一道迈不过的坎？,"https://guba.eastmoney.com/news,002456,321574680.html",2016-04-13 13:32:25,28是一道迈不过的坎？
兵临城下，围而不攻,"https://guba.eastmoney.com/news,002456,321638996.html",2016-04-13 14:05:40,兵临城下，围而不攻
三月数据来发春！长期滞涨须释放！,"https://guba.eastmoney.com/news,002456,321558836.html",2016-04-13 13:22:58,三月数据来发春！长期滞涨须释放！
来了来了，推荐个新北洋给你们，我就是泰九。任性的泰九。,"https://guba.eastmoney.com/news,002456,321392798.html",2016-04-13 11:34:21,买卖自己决定，一样的味道，一样的滞涨。
指数都3100了，还这么墨迹,"https://guba.eastmoney.com/news,002456,321258092.html",2016-04-13 10:25:05,我擦了 你涨一下怎么就这么难，NIMA跌的时候 没见的这么难啊 鈤
还有二天！华为P9徕！,"https://guba.eastmoney.com/news,002456,321162462.html",2016-04-13 09:41:03,还有二天！华为P9徕！
离华为P9上海发布会还有二天！虽然摄像头不是欧菲光的，但是也是未来手机的标配，听,"https://guba.eastmoney.com/news,002456,321144134.html",2016-04-13 09:31:59,离华为P9上海发布会还有二天！虽然摄像头不是欧菲光的，但是也是未来手机的标配，听说iphone新品也是双摄像头！
狗庄的爷爷进场了。(o)明天大涨5点以上,"https://guba.eastmoney.com/news,002456,317059780.html",2016-04-11 21:20:37,狗庄的爷爷进场了。(o)明天大涨5点以上
只为定增护航，不到20不敢持有,"https://guba.eastmoney.com/news,002456,321061636.html",2016-04-13 08:52:57,定增股票只能做些波段，不敢一路持有，一旦定增完成将随波逐流无人管
欧菲光是加仓还是出货？现在应该很多人举棋不定，所以今天来此开贴向大家解惑！ 欧菲光我是3月29日在23.88提示大家建仓的，如果刚刚一个涨停你就怕了的话那你早上,"https://guba.eastmoney.com/news,002456,319671849.html",2016-04-12 21:56:31,欧菲光是加仓还是出货？现在应该很多人举棋不定，所以今天来此开贴向大家解惑！ 欧菲光我是3月29日在23.88提示大家建仓的，如果刚刚一个涨停你就怕了的话那你早上就挂单出货吧，而如果你想随我一起追求利润最大化的话那就安心等待我的卖出讯号，另外四月的金股也已经出炉，有心看到的人记得建仓！
明天打到26.2+_0.1可以满仓,"https://guba.eastmoney.com/news,002456,319601869.html",2016-04-12 21:21:08,看图说画
满仓了。感觉要满就真满上了,"https://guba.eastmoney.com/news,002456,319595210.html",2016-04-12 21:17:49,满仓了。感觉要满就真满上了
1，2月两个月指纹出货量出来了，再说一次，只是收集数据:和消息，没有别的意思。,"https://guba.eastmoney.com/news,002456,319325174.html",2016-04-12 18:15:52,1，2月两个月指纹出货量出来了，再说一次，只是收集数据:和消息，没有别的意思。
全天主力都在跑，真有傻帽在接盘啊，明天必然绿，大盘见顶了没看出来么？,"https://guba.eastmoney.com/news,002456,316574539.html",2016-04-11 15:21:52,全天主力都在跑，真有傻帽在接盘啊，明天必然绿，大盘见顶了没看出来么？
你们贪死！20不敢买，28疯狂买！[不赞][不赞][不赞],"https://guba.eastmoney.com/news,002456,309464586.html",2016-04-06 13:46:20,你们贪死！20不敢买，28疯狂买！[不赞][不赞][不赞]
此垃圾明天还要跌。,"https://guba.eastmoney.com/news,002456,319105599.html",2016-04-12 15:00:44,此垃圾明天还要跌。
忽悠讲故事公司，没有钱途，不入。,"https://guba.eastmoney.com/news,002456,319101633.html",2016-04-12 14:57:51,忽悠讲故事公司，没有钱途，不入。
垃圾真的开启下跌模式了,"https://guba.eastmoney.com/news,002456,318978183.html",2016-04-12 13:30:43,垃圾真的开启下跌模式了
深入虎穴,"https://guba.eastmoney.com/news,002456,318858538.html",2016-04-12 11:42:47,深入虎穴
3月卫冕第一 一季度北汽新能源销量热报 这不今年3月，北汽新能源再次向电粉们宣布,"https://guba.eastmoney.com/news,002456,317314261.html",2016-04-11 23:44:21,"3月卫冕第一 一季度北汽新能源销量热报
这不今年3月，北汽新能源再次向电粉们宣布：“纯电动汽车销售，我们又双叒叕第一!”
根据3月产销数据显示，北汽新能源销售纯电动汽车2532辆，继续保持纯电动汽车市场“一哥”地位，且销售增长趋势不减，增幅是去年同期1.6倍。正是得益于3月的出色表现，北汽新能源今年一季度累计销量达到6006辆，同比增长273%。那么这6006辆销售到了哪里，又都是谁贡献的?我们用一张图来解读销量背后的数据。"
打进敌人内部,"https://guba.eastmoney.com/news,002456,318857258.html",2016-04-12 11:41:52,打进敌人内部
只做高抛低吸，决不拿着不动。,"https://guba.eastmoney.com/news,002456,318824315.html",2016-04-12 11:18:40,只做高抛低吸，决不拿着不动。
25.94,"https://guba.eastmoney.com/news,002456,318684865.html",2016-04-12 09:48:11,000
掉个头看信号，目标44.72,"https://guba.eastmoney.com/news,002456,316709368.html",2016-04-11 17:45:59,掉个头看信号，目标44.72
28.10山顶冷飕飕！[哭],"https://guba.eastmoney.com/news,002456,316683144.html",2016-04-11 16:36:31,28.10山顶冷飕飕！
报告主力，我今天被洗出，明天可以涨停了,"https://guba.eastmoney.com/news,002456,316628596.html",2016-04-11 15:57:33,报告主力，我今天被洗出，明天可以涨停了
2点准时拉升  请注意时间,"https://guba.eastmoney.com/news,002456,316444609.html",2016-04-11 13:56:30,28.5
垃圾货，拉屎了,"https://guba.eastmoney.com/news,002456,316516572.html",2016-04-11 14:49:31,垃圾货，拉屎了
今天的缺口不补，主力睡不着觉,"https://guba.eastmoney.com/news,002456,316475989.html",2016-04-11 14:23:08,今天的缺口不补，主力睡不着觉
醒醒吧，吃完饭了，睡好觉了，该干活了,"https://guba.eastmoney.com/news,002456,316443558.html",2016-04-11 13:55:06,醒醒吧，吃完饭了，睡好觉了，该干活了
下午收绿，立贴为证。,"https://guba.eastmoney.com/news,002456,316388584.html",2016-04-11 13:07:21,下午收绿，立贴为证。
垃圾,"https://guba.eastmoney.com/news,002456,316406027.html",2016-04-11 13:23:03,垃圾
如果欧菲光再搞个高送转分配方案，肯定吸引市场更多关注，很可能表演出牛股、妖股好戏,"https://guba.eastmoney.com/news,002456,315838883.html",2016-04-11 06:27:05,如果欧菲光再搞个高送转分配方案，肯定吸引市场更多关注，很可能表演出牛股、妖股好戏
吸金买入做好准备！,"https://guba.eastmoney.com/news,002456,316272064.html",2016-04-11 11:05:55,吸金买入做好准备！
两市第一垃圾股,"https://guba.eastmoney.com/news,002456,316249914.html",2016-04-11 10:48:04,题材挺多，哪个题材里面涨幅都是倒数，垃圾一个再见
吸金买入？,"https://guba.eastmoney.com/news,002456,316241000.html",2016-04-11 10:40:33,吸金买入？
大家伙都和大盘慢慢往上爬，这鸟毛一一一一,"https://guba.eastmoney.com/news,002456,316240024.html",2016-04-11 10:39:40,大家伙都和大盘慢慢往上爬，这鸟毛一一一一
目标三十元！,"https://guba.eastmoney.com/news,002456,313338077.html",2016-04-09 17:09:14,目标三十元！
刘金秋：今日股市早评,"https://guba.eastmoney.com/news,002456,316142292.html",2016-04-11 09:17:04,"2016年4月11日 股市早评 

消息面上，当前我国经济增速接近触底，信托配资2:1杠杆获认可，经济温和复苏 机构预测一季度GDP增速6.7%，中石化领跑“三桶油” 混改 “垄断行业”或将逐一破局。上周两个交易日的回调，上证指数失守3000点整数关口，值得注意的是，尽管市场情绪回暖明显，但 由于行情的反复，以及指数在3000点位来回拉锯，对于市场是反弹还是反转，仍需进一步观察。操作上注意高抛低吸的机会，关注无人机板块相关个股。"
要发生大宗交易了,"https://guba.eastmoney.com/news,002456,315165819.html",2016-04-10 23:51:52,要发生大宗交易了
苏大维格之七大罪状,"https://guba.eastmoney.com/news,002456,314830170.html",2016-04-10 17:57:33,"1，占据资源却无力发展产业。（一个院士，一个准院士，几十个博士）。
2，管理层利欲熏心，无心发展。搞什么并购主业却起不来。
3，董事长只懂技术不懂管理。
4，无法跟中小股民沟通，互动平台长期不回复。
5，跟不上国家政策方向，国家鼓励发展虚拟现实， 两个光学院士居然不闻不问，错失发展良机。
6，不肯向同行最优秀的企业学习，例如康得新。
7，不专心做企业，当什么政协委员时刻面临政策风险。

最后的结论是： 复牌后股民用脚投票，机构争相弃之， 坚决远离此股票。否则赔了时间又赔钱。"
120分MACD准备高位死叉？,"https://guba.eastmoney.com/news,002456,314944538.html",2016-04-10 20:47:46,120分MACD准备高位死叉？
小幅洗盘后将一骑绝尘！,"https://guba.eastmoney.com/news,002456,310626021.html",2016-04-07 13:12:40,汽车股的王者归来！新贵诞生！
乐视要发布超级汽车，手机，应该和欧菲光有的产品，技术。,"https://guba.eastmoney.com/news,002456,314566317.html",2016-04-10 12:21:14,乐视要发布超级汽车，手机，应该和欧菲光有的产品，技术。
唉被洗出去了[哭],"https://guba.eastmoney.com/news,002456,314418442.html",2016-04-10 09:42:55,唉被洗出去了
借国内外利好消息，周一估计必有资金流入，开始进入拉升阶段，大盘向3100点进军[,"https://guba.eastmoney.com/news,002456,314402329.html",2016-04-10 09:27:29,借国内外利好消息，周一估计必有资金流入，开始进入拉升阶段，大盘向3100点进军
静观当下格局，多头在呐喊助威，空头在威吓阻击，双方的声音都很强大，说明这还是一个,"https://guba.eastmoney.com/news,002456,314396029.html",2016-04-10 09:21:07,"静观当下格局，多头在呐喊助威，空头在威吓阻击，双方的声音都很强大，说明这还是一个健康的市场。当舆论和呼声都一边倒的时候，就是大家都要警惕的时候了。
现在的情形，向上，也许还有一些空间，但是越是向上，越是阻力重重，前期3000_3200堆积的套牢盘非一两次冲击可以消化的。向下，又是多头最不愿意看到的，经过三个月的攻城略地，好不容易攻下3000这座山头，要放弃，谈何容易，因此向下空间也不会太大。
综上，现在对多头空头来说，都是鸡肋行情。在这样的拉锯战中，我等小散既不要死扛多头，也不要死扛空头，要做顺风顺势的滑头，暂时不要密集操作，控制好1/3的仓位，跌多了买，涨高了卖，我等滑头进出自如，这种灵活性是庄家所不具备，我们为什么不好好利用呢？
最后，祝各位股友收益多多，快乐多多！"
不知道8月2日解禁20.32%股权的压力有多大？谁能猜测出后市走势？庄家又是怎想,"https://guba.eastmoney.com/news,002456,312974671.html",2016-04-09 10:15:36,不知道8月2日解禁20.32%股权的压力有多大？谁能猜测出后市走势？庄家又是怎想的？
上海将在全国开展智能网联汽车测试 2股或受益,"https://guba.eastmoney.com/news,002456,312102274.html",2016-04-08 15:27:26,"今年6月，无人驾驶示范区将在上海唯一的智能制造示范基地——嘉定国际汽车城开园。据悉，这是全国第一个开展智能网联汽车测试示范的开放性公共平台。
上海的无人驾驶示范区位于安亭镇，面积达90平方公里，这里将开展智能网联汽车总体测试和智慧交通示范。“这将带动车载芯片、车载软件、汽车零部件、整车一体化等产业链，从而加快上海汽车电子产业朝高端发展。”市经信委电子信息产业处有关负责人说。


在封闭测试区，一期将形成29个功能测试场景，三年内将形成近百个测试试验场景，在总计20公里路段上开展车路协同应用试点，逐步在开放道路上探索实现车车通信预警、公交优先、自动泊车等示范应用，并结合智慧照明改造开展相关应用。
今年下半年，将在汽车城核心区安驰路、汽车创新港等区域新增部分场景，并在汽车博览公园一期7个场景的基础上开始二期示范，实现15-20个场景体验。到2018年，力争在汽车城核心区形成1000辆以上的多种车型智能网联汽车示范规模，实现信息提示、安全预警与控制、绿色节能等智能网联化应用，推动车联网、位置网和道路交通网三网融合，提升行车安全性，提高道路通行能力。
示范区典型的应用场景包括碰撞预警、紧急制动提醒、换道辅助、盲区预警、交叉口碰撞预警等。首批进入园区的整车企业有上汽、沃尔沃、通用、福特、长安等公司。
相关概念股：
欧菲光（002456）欧菲光于近日与北新能源签订了《增资协议》,公司拟以20,480万元人民币增资价款、2.56元/股的价格认购北汽新能源8000万元的注册资本(即8000万股股份)。北汽新能源本轮新增注册资本将由现有的人民币20亿元增加至不超过人民币32亿元。
华域汽车（600741）公司2015年实现营业收入911.2亿,同比增长23.18%;归属上市公司股东净利润47.8亿,同比增长7.35%;基本每股收益1.85元。同时,以公司现有31.53亿股为基准,每10股派送现金红利8.10元(含税) 受益配套集团外客户,收入增速超越行业。2015年国内乘用车销售2115万辆,同比增长7.3%;上汽集团[-0.89% 资金 研报]销售590万辆,同比增长5.0%。公司营业收入增长23.18%,扣除下半年合并江森内饰业务影响,收入增速约8%优于行业均值和上汽集团水平,主要原因是对外配套长安福特、长城等客户增长较快,同时通用五菱的MPV、SUV热销对内饰业务也有一定拉动。"
敢追就吃肉2.0,"https://guba.eastmoney.com/news,002456,310444075.html",2016-04-07 09:48:47,目标29.8
欧菲光是加仓还是出货？现在应该很多人举棋不定，所以今天来此开贴向大家解惑！ 欧菲光我是3月29日在23.88提示大家建仓的，如果刚刚一个涨停你就怕了的话那你早上,"https://guba.eastmoney.com/news,002456,296302719.html",2016-03-31 00:37:23,欧菲光是加仓还是出货？现在应该很多人举棋不定，所以今天来此开贴向大家解惑！ 欧菲光我是3月29日在23.88提示大家建仓的，如果刚刚一个涨停你就怕了的话那你早上就挂单出货吧，而如果你想随我一起追求利润最大化的话那就安心等待我的卖出讯号，另外四月的金股也已经出炉，有心看到的人记得建仓！
最高点走了一半还是不够坚决应该清了不管后面是T还是补都行,"https://guba.eastmoney.com/news,002456,312105965.html",2016-04-08 15:31:09,最高点走了一半还是不够坚决应该清了不管后面是T还是补都行
最近欧菲光又回到男人本色了。,"https://guba.eastmoney.com/news,002456,312079082.html",2016-04-08 15:03:20,1
002456将今日大批买了26.4元，等着吃肉了。等着吃肉了。等着吃肉了。,"https://guba.eastmoney.com/news,002456,312084198.html",2016-04-08 15:08:11,002456将今日大批买了26.4元，周一高开就卖，等着吃肉了。等着吃肉了。等着吃肉了。
今日002456欧菲光26.43元大批买入，等着吃肉啦。等着吃肉啦。等着吃肉啦。,"https://guba.eastmoney.com/news,002456,312079255.html",2016-04-08 15:03:30,002456欧菲光26.43元大批买入，等着吃肉啦。等着吃肉啦。等着吃肉啦。
不要抱希望，该走走吧，狗庄,"https://guba.eastmoney.com/news,002456,311984138.html",2016-04-08 13:42:25,不要抱希望，该走走吧，狗庄
坚定,"https://guba.eastmoney.com/news,002456,311772034.html",2016-04-08 09:41:55,现在不是靠技术吃饭的行情 短调之后重新向上 小心被洗 维持29.8目标不变
什么概念都沾点，可就不是龙头，跑个龙套。,"https://guba.eastmoney.com/news,002456,311864338.html",2016-04-08 11:19:16,1
不到31随它去折腾,"https://guba.eastmoney.com/news,002456,311856068.html",2016-04-08 11:10:03,不到31随它去折腾
下午的第一个三十分钟出短线买点！参考上证指数2910附近！这次的调整是30分钟顶,"https://guba.eastmoney.com/news,002456,292423417.html",2016-03-29 11:48:06,下午的第一个三十分钟出短线买点！参考上证指数2910附近！这次的调整是30分钟顶部背离形成的调整，一般周期为两天到三天！考虑到跌幅在2910附近空间就到了，时间不够的话会以横盘的方式来等待时间！这也是上次在25以上提醒减仓后的第一次买入点，参考仓位5成！善意提醒止损点位：跌破2856无条件清仓！
欧菲光爷来了,"https://guba.eastmoney.com/news,002456,295588085.html",2016-03-30 17:43:21,
谷歌将在凤凰城举行无人驾驶测试,"https://guba.eastmoney.com/news,002456,311807638.html",2016-04-08 10:18:28,如题
上海6月份在在全国首次进行只能网联汽车测试,"https://guba.eastmoney.com/news,002456,311796644.html",2016-04-08 10:06:49,首次进入园区的有：上汽，福特，长安等，可惜没有北汽新能源
欧菲光现在面临重要抉择,"https://guba.eastmoney.com/news,002456,280389760.html",2016-03-24 17:09:53,"大盘通过这几日在3000点附近的震荡，市场已达到一定的调整需求，在近期选择方向的概率逐渐加大。若近期市场持续站稳60日均线，且放量走高，则中期上升趋势可确立，投资者可适当增加仓位参与行情。但大盘同样存在向下杀跌的可能，尤其是前几个月月底均出现千股跌停的暴跌，月底大跌似乎已成为A股的一种规律，3月底是否将上演同样的大跌，将成为市场最为忧虑的因素。

>>>操作上，两日震荡行情充分说明，选好个股标的很重要，即便是短暂的调整，只要大盘企稳强者恒强的道理得到了充分的显现。现阶段的操作首先看大盘风险，如果大盘运行合理区间，个股调整都是正常的 ，抓紧强势个股，一是做到及时止盈，二是做到坚定持股。
大盘如此震荡，个人认为这是市场不错的机会期，千万不可错过，第一，强势个股都会这时浮出水面，第二，潜在牛股 正在小荷才露尖尖角，这是个非常机遇期。

欧菲光 虚拟现实概念，股价沿5日均线震荡上行，量能温和放大，后市应该会有冲击27.5元压力的机会，短期面临26元上方压力，注意反压力度，明显遇阻回落表现逢高减仓操作，后市回踩半年线企稳可考虑回补仓位。

>>>这几天大盘回暖，上攻3000点位，这边趁机带领大家小赚了一把。
3月11日买进的哈尔斯，15号早盘获利近20个点止盈；
3月15日买进的丽鹏股份，16日出局，赚的不多，也就7、8个点。
3月16日入手科大智能，这几天还是很强势的，连收五个板，40%的真金收到手了吧。
3月17日分享的奥飞动漫，24日早盘获利出局，虽然期间有高位卖点，不过该股走势非常不错，所以没有急于出手，现在临近月末，为了控制好仓位，暂时收手17个点的收益，看后期是否有机会可以再次接回。
同日推出的汉鼎股份目前，今日再次逆大盘强势上攻，固继续持有待涨，后面会给大家提示卖点的。
以上记录皆可查询，相信把握到的朋友已经乐开了花了吧，闲暇可以注意下我的自选组合，希望能帮到大家

股市没有神，谁也不能每天保证涨停板，总体来说收益还是相当不错的，学会知足最重要。
股市里赚钱才是王道！我们用实力说话，放平心态，方能在股市中游刃有余，圈里每天都会有详细的操作提示和重大消息公布提醒。每天时间有限，不在这里多做提示了。"
刘金秋：股市早评,"https://guba.eastmoney.com/news,002456,311737316.html",2016-04-08 09:11:15,"2016年4月8日 股市早评
消息面上，隔夜全球风险偏好再遭打压，欧美股市全线收跌，国际油价收跌。投资者规避风险投资对象，黄金与日元受到追捧。 金价收盘上涨1.1%，美元兑日元汇率下降至18个月新低，即2014年10月以来最低值。大盘站上3000点后并没有行成连续有效的上 攻，昨天收中阴线在某种程度上来讲已经破坏了这种上涨的形态。短期还有进一步振调的需要。上方压力3060，下方支撑2950， 在成交量能没有形成有效合力放大的情况下，操作上还要注意逢高减仓的防守策略，等待低吸的机会，控制好仓位。"
刘金秋：明日大盘走势预测,"https://guba.eastmoney.com/news,002456,311220842.html",2016-04-07 23:38:32,"【明日大盘走势预测】
我分析这三点都不会对市场趋势构成破坏。1、平台压力消化掉就可以了。2、量能不足，只要市场转暖，可以通过资金跟进和补量来解决。3、解禁引起市场恐慌，本来就是误会，4月市场并没有很大的减持压力。也就是说，导致今天下跌的利空原因，是不构成见顶危险的。
其中第1点和第3点，平台压力的抛压是散户性质的，解禁引起市场恐慌也是解户性质的，其杀伤力也就造成单日回调而已。那么主力怎么看呢？主力在调仓换股，目前3000点左右的主力在个股上止盈之后，会不会离场？不会，他们会重新布局新的股票，只要资金不走，市场怎么跌下来，还要怎么涨上去！"
