标题,链接,发布时间,内容
别装了，要么跌要么涨，痛快点,"https://guba.eastmoney.com/news,600418,815966795.html",2019-04-12 11:28:20,别装了，要么跌要么涨，痛快点
龙头个股分享，这几大热点板块能否继续延续热度,"https://guba.eastmoney.com/news,600418,815888932.html",2019-04-12 09:40:40,"7D6B：一汽夏利000927
2B：东风科技600081、江淮汽车600418
1B：东风汽车600006、安凯客车000868、曙光股份600303、斯太尔000760、浩物股份000757、林海股份600099、万集科技300552
汽车炒作是和华为造车有关，消息面上，华为与东风汽车合作打造智能化汽车，将在本月下旬举行上海车展中正式亮相。早盘直接引爆了和华为有合作的汽车股，比如东风汽车、东风科技、江淮汽车。
汽车板块正好还有一汽夏利的混改引领，7天6板成为高度龙头。东风系等也都是具备混改逻辑，叠加华为汽车的消息助推，直接一字杠开成为先锋龙头。
华为作为目前A股市场瞩目的题材，之前5G的大行情就是由华为引领，那么，这次华为汽车必然也会掀起风浪。短线大家记住了，一定要避高就低，拥抱新主流。
（长三角）
2B：保税科技600794、万林物流603117、天瑞仪器300165、苏州高新600736
1B：远大控股000626、科泰电源300153、上海雅仕603329
（成渝）
4B：渝开发000514
1B：四川金顶600678、富临运业002357
网传将建立长三角自贸区，由于上海和浙江都有自贸区，市场猜测落地在江苏概率大。龙头保税科技，万林物流+天瑞仪器两翼助攻。
这个方向属于新题材，但与前几天的上海自贸港一样，目前还处于猜测阶段，没有得到官方公布，需要后续的消息来刺激，若没有实垂消息，那么就会跟前几天的上海自贸港一样一日游行情。
有资金潜伏的重庆板块继续走高，重庆这边渝开发成为高度板，后面可能往成都方向扩散，成渝特区这一块是联动的。
2B：联环药业600513、四环生物000518
超级真菌的新闻，引爆了抗生素类个股，龙头联环药业2个一字板，四环生物助攻2连板。A股抗病毒三剑客联环药业+四环生物+鲁抗医药都是每次疫情必炒的股。
这种消息刺激按照以往经验，都需要事件进一步发酵才能有持续性，否则基本就是1-2日行情，所以要参与，需要密切留意消息面。
（来源：游资大咖的财富号 2019-04-12 09:40） [点击查看原文]"
磨磨唧唧干嘛呢,"https://guba.eastmoney.com/news,600418,815954754.html",2019-04-12 11:09:47,江淮今天干嘛呢，磨磨唧唧
说来说去还是没有否认，可笑,"https://guba.eastmoney.com/news,600418,815954978.html",2019-04-12 11:10:12,说来说去还是没有否认，可笑
大盘不会就此倒下。大跌才能轮换,"https://guba.eastmoney.com/news,600418,808255317.html",2019-03-11 10:00:58,否则某些疯狂的赌徒，、、、
封住,"https://guba.eastmoney.com/news,600418,815951797.html",2019-04-12 11:05:05,封住
江淮开板日，基金进场时,"https://guba.eastmoney.com/news,600418,815687028.html",2019-04-11 14:22:17,自悟
江淮汽车要不要拿着？  目前盘中已经出现放量出逃局面，果断卖出。下周将低开低走。,"https://guba.eastmoney.com/news,600418,815925498.html",2019-04-12 10:28:36,"江淮汽车要不要拿着？
目前盘中已经出现放量出逃局面，果断卖出。下周将低开低走。"
不出意外的话，今天买五全是基金大机构,"https://guba.eastmoney.com/news,600418,815933594.html",2019-04-12 10:40:14,希望看到回报
小买一点预备着，关注着！,"https://guba.eastmoney.com/news,600418,815948180.html",2019-04-12 10:59:47,小买一点预备着，关注着！
现在是不能承认 不能松开的 不然怎么跟大众谈判 怎么卖高价 怎么要筹码 [兴奋],"https://guba.eastmoney.com/news,600418,815948121.html",2019-04-12 10:59:32,现在是不能承认 不能松开的 不然怎么跟大众谈判 怎么卖高价 怎么要筹码
21世纪20年代的操盘手，都不喜欢阴线。十几根中大阳是常事,"https://guba.eastmoney.com/news,600418,815271196.html",2019-04-10 10:53:37,21世纪20年代的操盘手，都不喜欢阴线。十几根中大阳是常事
有被洗出去的朋友吗？,"https://guba.eastmoney.com/news,600418,815935005.html",2019-04-12 10:42:05,捂好手中筹码，机构吃相太难看了。这波上12是没有问题的。
越烂越好，有被巨头并购的机会,"https://guba.eastmoney.com/news,600418,814676727.html",2019-04-08 12:10:51,呵呵呵
是这样的，一拉一松，散户赚点碎银子，跑得比兔子快，才有利于机构收集筹码。,"https://guba.eastmoney.com/news,600418,815937185.html",2019-04-12 10:44:50,是这样的，一拉一松，散户赚点碎银子，跑得比兔子快，才有利于机构收集筹码。
该跑的跑完了，剩下的都是死磕的了,"https://guba.eastmoney.com/news,600418,815941073.html",2019-04-12 10:50:12,该跑的跑完了，剩下的都是死磕的了
我居然追高了[好困惑],"https://guba.eastmoney.com/news,600418,815939746.html",2019-04-12 10:48:21,我居然追高了
"股市定律,越想卖的股票 越要留着.","https://guba.eastmoney.com/news,600418,815344753.html",2019-04-10 13:57:25,"越跌的股票,越要卖掉."
这波上去再不封板，老子可要走了,"https://guba.eastmoney.com/news,600418,815940325.html",2019-04-12 10:49:13,这波上去再不封板，老子可要走了
大数据显示此股散户几乎跑光了， 跑光了，转头唱空的散户多了，,"https://guba.eastmoney.com/news,600418,808479654.html",2019-03-12 09:03:00,"大数据显示此股散户几乎跑光了，
跑光了，转头唱空的散户多了，"
关注000586,"https://guba.eastmoney.com/news,600418,815936238.html",2019-04-12 10:43:49,关注000586
有一次，我在股东减持公告后，清仓了,"https://guba.eastmoney.com/news,600418,808753269.html",2019-03-13 09:20:27,有一次，我在股东减持公告后，清仓了
现在就成交一亿股了！,"https://guba.eastmoney.com/news,600418,815936646.html",2019-04-12 10:44:20,现在就成交一亿股了！
今天半死不活的，又要完蛋了[好困惑],"https://guba.eastmoney.com/news,600418,815935439.html",2019-04-12 10:42:33,今天半死不活的，又要完蛋了
中文的博大精深我是在股市公告里服了,"https://guba.eastmoney.com/news,600418,815932713.html",2019-04-12 10:38:53,中文的博大精深我是在股市公告里服了
不管合不合作，今天都是涨停，,"https://guba.eastmoney.com/news,600418,815932692.html",2019-04-12 10:38:55,不管合不合作，今天都是涨停，
换手不够啊,"https://guba.eastmoney.com/news,600418,815934364.html",2019-04-12 10:41:12,换手不够啊
8.08跑了，赚了辆高尔夫，以车赚车岂不美滋滋[拜神]，后面的钱留给你们赚[赞],"https://guba.eastmoney.com/news,600418,815927665.html",2019-04-12 10:31:53,8.08跑了，赚了辆高尔夫，以车赚车岂不美滋滋，后面的钱留给你们赚
拿好筹码,"https://guba.eastmoney.com/news,600418,815926814.html",2019-04-12 10:30:35,拿好筹码
狗出不来难受,"https://guba.eastmoney.com/news,600418,815925982.html",2019-04-12 10:29:19,
6.03洗出去的 今天想接又不敢接 头疼,"https://guba.eastmoney.com/news,600418,815924066.html",2019-04-12 10:26:40,6.03洗出去的 今天想接又不敢接 头疼
我买的时候还不到5，没几天就卖了，今天回来看了一眼[哭],"https://guba.eastmoney.com/news,600418,815920754.html",2019-04-12 10:22:07,我买的时候还不到5，没几天就卖了，今天回来看了一眼
该上车的上车，后面没有后悔药，股东老澄清就是证明还要升！,"https://guba.eastmoney.com/news,600418,815908185.html",2019-04-12 10:05:08,该上车的上车，后面没有后悔药，股东老澄清就是证明还要升！
马上开始拉升,"https://guba.eastmoney.com/news,600418,815922233.html",2019-04-12 10:24:13,马上开始拉升
大盘准备调整到什么时候？抓住这个逆势机会！,"https://guba.eastmoney.com/news,600418,815774955.html",2019-04-11 19:41:18,"这里没有高深晦涩的文字，有的只有实在、接地气通俗易懂的观点策略给你直观的感受，财富路上大家共同风雨同行，望大家阅读后在右下边“在看”处点个赞，以示鼓励！长期坚持原创真的很不容易，多次想放弃，坚持是一种信仰，专注是一种态度。
大家好， 今天先提一个命题：现在是牛市吗？牛市在大多数人眼里就是股票、大盘全线上涨，就是一个ATM提款机。但是我可以负责任的告诉大家，今年为元年，我们的A股以后必将港股化、美股化，你看着美国股市年年涨，但也都是龙头股和绩优股的天下，和垃圾股没什么关系，退市是垃圾股们最后唯一的归宿，以后的A股也将是这样。
黑色星期四的魔咒，今天再次显灵。A股今日行业板块基本全部沦陷，前期火爆的白酒板块领跌，上证跌破3200点，报3189点，创业板失守1700点大关，报1691点。今天涨停数60多家，跌停数有十几家，市场热度在开始逐步降低。
受到华为与东风汽车合作打造的智能化汽车将在本月下旬亮相的消息刺激，今天早盘汽车板块大幅拉升，东风汽车、东风科技、江淮汽车等个股一字板开盘，板块龙头一汽夏利也快速封板，板块效应明显。
但是，在当下震荡行情中，大家还是要谨防追高风险。汽车板块特别是零部件后期还将受益于汽车刺激政策，待市场调整后再逢低埋伏不迟。
我平时都不喜欢画图的，今天给大家画个图：




大盘今天跌破3200点的支撑位置后，短线开启了下跌整理之路，前面的缺口位置也就是3100点将是强支撑，预计这波回撤将回补前期的缺口之后再度上涨，调整的时间周期大概为1-2周，这段时间大家一定要回避那些目前还在高位的股票，有仓位的可以果断出局。趁着大盘这段时间的回落进行一个调仓换股。
具体板块个股的话，我仍然看好大金融板块比如券商，多元金融，保险里面的龙头股，趁机回落可以进行一个布局。
大盘震荡回落对有的人来说是一个危，而对有些人来说是一个机，危中有机，机会有时候往往存在看似很危险的时候，关键是你要有一双发现的眼睛和一颗忍耐的心。
号百控股昨天逆势加仓被拍了一巴掌。今天在重现双头时果断选择减仓，将成本降下。目前号百有空中接力的表现，后期只需做高抛低吸便可！




（来源：侃股先生的财富号 2019-04-11 19:41） [点击查看原文]"
新庄多吃点货，然后一起飞,"https://guba.eastmoney.com/news,600418,815918658.html",2019-04-12 10:18:57,新庄多吃点货，然后一起飞
现在看江怀主力在逃小资金在买当心套山顶,"https://guba.eastmoney.com/news,600418,815917697.html",2019-04-12 10:17:38,现在看江怀主力在逃小资金在买当心套山顶
我去，买了就一直跌[亏大了],"https://guba.eastmoney.com/news,600418,815915808.html",2019-04-12 10:14:56,我去，买了就一直跌
今天刚买,"https://guba.eastmoney.com/news,600418,815910184.html",2019-04-12 10:07:43,今天刚买
赶快趁高走，既然消息不对。垃圾股只能是垃圾价格。,"https://guba.eastmoney.com/news,600418,815915097.html",2019-04-12 10:13:52,赶快趁高走，既然消息不对。垃圾股只能是垃圾价格。
今天调整，参考夏利。下周起飞,"https://guba.eastmoney.com/news,600418,815913723.html",2019-04-12 10:11:57,今天调整，参考夏利。下周起飞
你爷爷叔叔阿姨哥哥姐姐都涨了，快使出你的洪荒之力吧,"https://guba.eastmoney.com/news,600418,815911842.html",2019-04-12 10:09:49,你爷爷叔叔阿姨哥哥姐姐都涨了，快使出你的洪荒之力吧
散户真是没有赚钱的命,"https://guba.eastmoney.com/news,600418,815883892.html",2019-04-12 09:35:04,才开涨，刚解套，居然全跑了
要出货的今天是大好时机,"https://guba.eastmoney.com/news,600418,815911523.html",2019-04-12 10:09:24,要出货的今天是大好时机
过了今天就是风险大家规避,"https://guba.eastmoney.com/news,600418,815910139.html",2019-04-12 10:07:40,过了今天就是风险大家规避
江怀我走了去低买601600去了,"https://guba.eastmoney.com/news,600418,815910275.html",2019-04-12 10:07:49,江怀我走了去低买601600去了
无情的把你扔掉,"https://guba.eastmoney.com/news,600418,815909072.html",2019-04-12 10:06:20,无情的把你扔掉
散户警告,"https://guba.eastmoney.com/news,600418,815898353.html",2019-04-12 09:52:56,散户警告
加仓50000股,"https://guba.eastmoney.com/news,600418,815909493.html",2019-04-12 10:06:51,加仓50000股
跑了跑了，汽车股不好玩，我特么还是专心玩医药吧,"https://guba.eastmoney.com/news,600418,815907369.html",2019-04-12 10:04:04,跑了跑了，汽车股不好玩，我特么还是专心玩医药吧
金龙汽车下跌了,"https://guba.eastmoney.com/news,600418,815907128.html",2019-04-12 10:03:47,金龙汽车下跌了
这一波到10元,"https://guba.eastmoney.com/news,600418,815907334.html",2019-04-12 10:03:58,这一波到10元
安全第一呀。。。,"https://guba.eastmoney.com/news,600418,815905110.html",2019-04-12 10:01:12,安全第一呀。。。
汽车股都起来了，我就不信你还能跌,"https://guba.eastmoney.com/news,600418,815906778.html",2019-04-12 10:03:22,汽车股都起来了，我就不信你还能跌
趁着红盘还是走了，落袋为安,"https://guba.eastmoney.com/news,600418,815905092.html",2019-04-12 10:01:11,趁着红盘还是走了，落袋为安
A股重磅利好密集释放 这类强势股或呈二次上车机会,"https://guba.eastmoney.com/news,600418,815903227.html",2019-04-12 09:58:49,"【巨丰观点】
周四，两市高开低走，沪指跌破3200点整数关口，深市跌逾2%。板块方面，汽车、农牧饲渔等行业逆市走强，酿酒、农药兽药、医疗、家电、安防、环保、民航等跌幅居前；超级细菌、工业大麻、燃料电池、新能源车等概念涨幅居前，超级品牌、国产软件、精准医疗、化工原料等领跌。
汽车整车领涨，东风汽车、江淮汽车、安凯客车、一汽夏利涨停，中通客车、长城汽车、长安汽车、江铃汽车、亚星客车等涨幅居前。今日一汽轿车将复牌，预计汽车股仍有冲高。
氢能源概念延续强势：全柴动力、华昌化工、东方电气涨停，中泰股份、美锦能源、厚普股份、德威新材、凯龙股份涨幅居前。
3月CPI超过2%，猪肉概念再次拉高：傲农生物涨停，益生股份、禾丰牧业、新五丰、金新农、雏鹰农牧、唐人神、天邦股份、正邦科技等涨幅居前。
巨丰投顾认为沪指已进入2018年初的筹码密集区，需要反复震荡后方能继续上行。近期市场主线从此前的金融与科技逐步切换到业绩浪炒作上，主力资金调仓换股期间，大盘将构筑新的箱体（3129~3288）。酿酒、医药、家电、水泥等二线蓝筹股集体砸盘，技术面即将形成“短期头部”，大金融护盘劳而无功，但市场大趋势向好，这个位置构筑空头陷阱的概率更大。自3288点以来，沪指已连续调整4个交易日，预计将止跌回升。操作上，建议投资者远离短期涨幅过大品种，继续关注底部绩优股。
【消息面】
1、科创板拟实施市价订单保护限价
上海证券交易所昨日发布通知称，在征求市场意见的基础上，拟在科创板的市价申报订单中使用价格保护措施。通知要求4月22日之前，各证券公司、基金管理人等市场参与方应当做好技术准备，上交所和中国结算上海分公司届时将组织全天候测试。
2、中证报头版：A股“经济底”渐行渐近
中国证券报头版刊文称，一季度经济数据将在下周出炉，但从已公布的部分数据来看，生产活动超预期恢复，经济筑底企稳迹象初显。在“政策底”“市场底”相继明确之后，“经济底”的确认将为A股市场发展提供更加坚实的基本面支撑。
3、100天出了7个案例！市场暖风“吹热”借壳
进入随着A股市场回暖，借壳方案衔枚疾进。进入2019年至今100天内，已有至少6家上市公司披露借壳交易相关预案(包含终止案例)，另有1家签署了意向性协议。而2018全年，仅有10余个借壳案例。记者梳理发现，今年被借壳的上市公司市值普遍在三四十亿元左右，而借壳方的体量明显增大，百亿级借壳频现，其中包括私有化的海外上市资产。
来源：巨丰投顾
作者：丁臻宇 执业证书:A0680613040001
免责声明：以上内容仅供参考，不构成具体操作建议，据此操作盈亏自负、风险自担。
（来源：巨丰投顾财富号的财富号 2019-04-12 09:58） [点击查看原文]"
作为熟读四书五经，毕业于顶级大学的理科生的我，告诉你，江淮不敢说，没有股权转让计,"https://guba.eastmoney.com/news,600418,815862793.html",2019-04-12 08:09:58,作为熟读四书五经，毕业于顶级大学的理科生的我，告诉你，江淮不敢说，没有股权转让计划，而是说没有方案，内涵深渊
跌停啦,"https://guba.eastmoney.com/news,600418,815903201.html",2019-04-12 09:58:56,跌停啦
抄底的机会快来了，,"https://guba.eastmoney.com/news,600418,815902982.html",2019-04-12 09:58:39,抄底的机会快来了，
可能会反包。,"https://guba.eastmoney.com/news,600418,815902528.html",2019-04-12 09:58:02,可能会反包。
8.10元真爽啊,"https://guba.eastmoney.com/news,600418,815884313.html",2019-04-12 09:35:30,8.10元真爽啊
快打下来，哥好满上,"https://guba.eastmoney.com/news,600418,815899447.html",2019-04-12 09:54:09,快打下来，哥好满上
你越说没有，我越买，7.5加仓6000股,"https://guba.eastmoney.com/news,600418,815899933.html",2019-04-12 09:54:46,你越说没有，我越买，7.5加仓6000股
老乡上车了吗？,"https://guba.eastmoney.com/news,600418,815898278.html",2019-04-12 09:53:02,老乡上车了吗？
等收购风再刮的时候，保证你们：或者是进不来，或者是价格更高来买,"https://guba.eastmoney.com/news,600418,815897035.html",2019-04-12 09:51:26,等收购风再刮的时候，保证你们：或者是进不来，或者是价格更高来买
完了完了，挂的涨停板进的，我的胆子也忒大了[哭][哭][哭],"https://guba.eastmoney.com/news,600418,815897849.html",2019-04-12 09:52:32,完了完了，挂的涨停板进的，我的胆子也忒大了
阴线都没有，怕什么，抢，还有一倍，解禁股才不亏钱,"https://guba.eastmoney.com/news,600418,815896023.html",2019-04-12 09:50:33,阴线都没有，怕什么，抢，还有一倍，解禁股才不亏钱
今天量这么大，估计有游资进来玩了,"https://guba.eastmoney.com/news,600418,815895115.html",2019-04-12 09:49:24,今天量这么大，估计有游资进来玩了
在江淮呆了一年半，提前达到了我的目标，谢谢了[大笑][大笑][大笑][大笑],"https://guba.eastmoney.com/news,600418,815894676.html",2019-04-12 09:48:52,在江淮呆了一年半，提前达到了我的目标，谢谢了
这盘面，怎么走？[哭],"https://guba.eastmoney.com/news,600418,815880964.html",2019-04-12 09:29:59,这盘面，怎么走？
庄家出货中,"https://guba.eastmoney.com/news,600418,815892131.html",2019-04-12 09:45:35,庄家出货中
不要火中取栗,"https://guba.eastmoney.com/news,600418,815892456.html",2019-04-12 09:45:59,不要火中取栗
洗掉不稳定的筹码，然后接着拉升吧，5.13成本慢慢捂着你,"https://guba.eastmoney.com/news,600418,815892302.html",2019-04-12 09:45:46,洗掉不稳定的筹码，然后接着拉升吧，5.13成本慢慢捂着你
还有一个涨停版,"https://guba.eastmoney.com/news,600418,815891051.html",2019-04-12 09:44:10,还有一个涨停版
最后的登记机会了，抢吧,"https://guba.eastmoney.com/news,600418,815891535.html",2019-04-12 09:44:52,最后的登记机会了，抢吧
今天跌停啦,"https://guba.eastmoney.com/news,600418,815891784.html",2019-04-12 09:45:06,今天跌停啦
听到那么多唱空的才安心持有的大有人在……,"https://guba.eastmoney.com/news,600418,815887224.html",2019-04-12 09:39:03,听到那么多唱空的才安心持有的大有人在……
一地鸡毛,"https://guba.eastmoney.com/news,600418,815888993.html",2019-04-12 09:41:23,一地鸡毛
走了不玩了，太心跳了，受不了。,"https://guba.eastmoney.com/news,600418,815887550.html",2019-04-12 09:39:30,走了不玩了，太心跳了，受不了。
大众新能源商标欧盟已申报提请*,"https://guba.eastmoney.com/news,600418,815887679.html",2019-04-12 09:39:43,大众新能源商标欧盟已申报提请*
埋头苦干,"https://guba.eastmoney.com/news,600418,815886341.html",2019-04-12 09:38:00,埋头苦干
早盘特供（0412）：政府推动燃料电池车 利好6股 硝酸甘油涨价10倍,"https://guba.eastmoney.com/news,600418,815876139.html",2019-04-12 09:19:27,"今日操作建议：操作上，今天如果出现反弹，建议大家适当控制仓位，至少要撤离昨天加仓部分，随后等待大盘确定企稳信号，主攻目标还是一带一路。
早盘速递
1、中国新能源车发展调整 推进燃料电池、加氢站 关注6股
2、救命药硝酸甘油大面积断货 涨价近十倍 3股受益
3、国资国企改革加快推进 一汽系推利好 关注5股
4、欧美股市涨跌互现 美股区块链概念股集体下挫
5、【公司要闻】利民股份：参股公司百菌清项目开始盈利，2018年业绩增长逾50%
中国新能源车发展调整 推进燃料电池、加氢站 关注6股
近来，中国政府对新能源汽车计划的调整，已将重点从对纯电动汽车的补贴，转向对氢燃料电池车的推进，以及更为重要的是对基础设施加氢站的大力发展。新的补贴政策并不意味着政策方向的改变，而是再次强调了政府在“中国制造2025”和“第十三个五年规划“下，作为其战略愿景的一部分，对推行氢燃料电池车的重视。这两项创新战略都旨在实现对中国经济的转型和社会发展。
点评：中国汽车工程师学会已经制定了一个全面的氢燃料电池车发展路线图以支持这些计划，预计到2025年将有5万辆氢燃料电池车上路，而到2030年将达到100万辆。至关重要的是，他们还计划推出一个加氢站网络，如果要实现氢燃料电池车的使用目标，这一基础设施必不可少。
相关个股：600218全柴动力、002274华昌化工、000957中通客车、000723美锦能源、300471厚普股份、002639雪人股份
救命药硝酸甘油大面积断货 涨价近十倍 3股受益
硝酸甘油是冠心病和心绞痛病人的常用药，它不仅价格便宜，而且由于见效快，被称为心血管病患者的“救命药”。但据报道，近日各大药店硝酸甘油大面积断货，而且价格大幅上涨。原先不到10元的价格，现在报价都在近百元，涨幅接近10倍。有电商平台报价甚至高达150元。
点评：业内认为，国家环保力度加大，一批中小原料药企淘汰，导致少数几家大型企业对硝酸甘油原料药形成垄断。原料药购货渠道收紧，价格上涨，导致硝酸甘油产量下降，进而大幅涨价。由于生产企业较少，产量提升困难，短期内硝酸甘油很难实现充分供给，缺货状态或将延续。
关注个股：300158振东制药、002317众生药业、600062华润双鹤
国资国企改革加快推进 一汽系推利好 关注5股
当前，国有企业改革正处于改革乘数效应zui大的阶段。今年的《政府工作报告》在部署“深化重点领域改革，加快完善市场机制”时，将“加快国资国企改革”摆在突出位置，提出明确要求。另外，下“乘用车”，上“商用车”，一汽轿车主营业务迎来一场急速变道。停牌半个月后，一汽轿车11日晚发布重磅重组预案。
点评：目前国企改革的主要方式，包括混合所有制改革、员工持股、资产注入、引入战略投资者等，实际上都是国企“做大做强”的手段。此外，从去年第三批混改开始，试点已经从央企拓展到地方国企。
关注个股：000151中成股份、000927一汽夏利、600876洛阳玻璃、002066瑞泰科技、600962国投中鲁
欧美股市涨跌互现 美股区块链概念股集体下挫
欧美股市涨跌互现。美股区块链概念股集体下挫，Marathon Patent跌超17%，迅雷跌超10%。目前，投资者关注即将从本周五开始的美股财报季。经济数据方面，美国3月PPI环比增长0.6%，超出市场预期。道指跌14.11点，或0.05%，报26143.05点；标普500指数涨0.11点，报2888.32点；纳指跌16.88点，或0.21%，报7947.36点。
点评：影响中性
华为汽车亮相上海车展 剑指无人驾驶 5股迎机遇
4月10日，有媒体消息称，华为一款名为“Sharing-Van”的汽车将亮相上海车展。查询后发现，所谓华为“Sharing-Van”汽车，其实是东风汽车集团有限公司研发的移动出行服务平台，首次对外亮相是在4月2日东风、华为以及湖北襄阳政府签署的“智行隆中”项目战略合作框架协议的活动上。华为更多的举措在于如何与车企密切合作，拓展其在车联网的研究和应用，在满足车企在智能网联、自动驾驶等领域的升级之中，扮演好赋能者的角色。
点评：未来随着车联网市场的急剧扩大，以及华为逐渐深入的布局后，同样存在着调整战略方向，直接渗透到整车领域的可能性。届时，华为将为自身开拓一个全新的领域和庞大的市场，正如同当下的手机终端业务一样。
关注个股：600006东风汽车、600081东风科技、600418江淮汽车、002590万安科技、002906华阳集团
公司要闻
业绩预告>>>
　　利民股份：参股公司百菌清项目开始盈利，2018年业绩增长逾50%
　　金钼股份：2018年净利同比增255%，望持续受益钼价高企
　　吉祥航空：全年供给放缓，2018年净利同比降7%
　　长航油运：一季度净利同比增100%，市场回暖助力业绩大增
　　精工钢构：一季度净利同比预增279%-328%
　　粤电力A：煤电业务成本下降显著，一季度利润大幅回升
　　国瓷材料：盈利能力大幅提升，一季度净利润增近六成
　　石化油服：新签订单持续增长，一季度净利同比预增逾5倍
　　焦点科技：一季度净利大幅预增，非经常损益占比近九成
　　华菱钢铁：行业因素一季度业绩略降，公司高附加值产品占比提升
　　鞍钢股份：钢价下行压力持续增加，一季度净利同比大幅预降
　　柳钢股份：市场因素致销量下滑，一季度业绩预减六成
　　红旗连锁：一季度利润增近五成，公司转型成功助力业绩稳步增长
增减持>>>
　　华铁科技：获财开集团二度举牌，持股达10%
　　三七互娱：斥资1.16亿首次回购公司股权，计划尚未完成
　　海鸥住工：齐泓基金拟减持公司不超8.52%股权
　　浙江龙盛：两名董事拟合计减持不超716万股
重大事件>>>
　　东方电气：首条氢燃料电池自动化产线投产不会对今年业绩产生重大影响
　　一汽轿车：拟置入一汽解放100%股权主业变更为商用车研发销售
　　联环药业两连板提示风险：主要品种均不可用于治疗耳念珠菌
　　江淮汽车：与大众汽车没有关于股权收购的方案
　　劲拓股份：积极布局OLED设备，中标京东方柔性屏生产线项目
　　通用股份：拟认购天安智联12.36%股权，布局车联网业务
　　深康佳A：拟挂牌转让壹视界公司部分股权，进一步推动公司混改
　　华西证券：获准设立10家分支机构，期望增加新的利润中心
停复牌>>>
　　停牌：暂无
　　复牌：一汽轿车、露笑科技、刚泰控股
（来源：九菜盒子888的财富号 2019-04-12 09:19） [点击查看原文]
展开阅读全文"
封住,"https://guba.eastmoney.com/news,600418,815884878.html",2019-04-12 09:36:14,封住
不到十五谁卖谁傻,"https://guba.eastmoney.com/news,600418,815884638.html",2019-04-12 09:35:56,不到十五谁卖谁傻
没谈拢 要掉头下来了,"https://guba.eastmoney.com/news,600418,815884521.html",2019-04-12 09:35:46,没谈拢 要掉头下来了
逃命跑跑跑跑跑跑跑跑跑跑跑跑跑跑跑跑跑跑跑跑跑跑跑跑跑跑跑跑跑跑跑跑跑跑,"https://guba.eastmoney.com/news,600418,815884707.html",2019-04-12 09:36:13,逃命跑跑跑跑跑跑跑跑跑跑跑跑跑跑跑跑跑跑跑跑跑跑跑跑跑跑跑跑跑跑跑跑跑跑
不要玩天地板,"https://guba.eastmoney.com/news,600418,815884724.html",2019-04-12 09:36:02,不要玩天地板
谁吃到货了？,"https://guba.eastmoney.com/news,600418,815883685.html",2019-04-12 09:34:48,谁吃到货了？
融券的93万股赶紧封板拿货吧，否则要倾家荡产了,"https://guba.eastmoney.com/news,600418,815874606.html",2019-04-12 09:16:39,融券的93万股赶紧封板拿货吧，否则要倾家荡产了
汽车板块参考猪肉股走势 现在在卖的完全就是傻子,"https://guba.eastmoney.com/news,600418,815882822.html",2019-04-12 09:33:29,！
板上了,"https://guba.eastmoney.com/news,600418,815882914.html",2019-04-12 09:33:26,板上了
上车好机会吗,"https://guba.eastmoney.com/news,600418,815882820.html",2019-04-12 09:33:16,上车好机会吗
路特社消息:~,"https://guba.eastmoney.com/news,600418,815882585.html",2019-04-12 09:33:05,路特社消息:~
牛股一边洗一边上,"https://guba.eastmoney.com/news,600418,815881899.html",2019-04-12 09:31:56,牛股一边洗一边上
买入的时机,"https://guba.eastmoney.com/news,600418,815880916.html",2019-04-12 09:29:53,买入的时机
ZJH好好查查，有没有股东拉高出货,"https://guba.eastmoney.com/news,600418,815880048.html",2019-04-12 09:28:06,
早评：测试五周均线的支撑是关键,"https://guba.eastmoney.com/news,600418,815879250.html",2019-04-12 09:26:02,"1、北京疾病控制中心称，超级真菌对健康人群不会有传染威胁。
点评：超级真菌这种都属于小众题材，持续性比较差，其实只是给医药股反弹的一个由头而已，核心还是医药股涨幅较少被资金看中了。当轮动到医药这种防守板块的时候也是行情需要谨慎的时候了。
2、浙江龙盛高管减持716万股
点评：这无疑对化工股和高位股是晴空霹雳，今日早盘估计还有一波下杀，但是从盘面看提前调整的高位股已经有反弹迹象，比如昨日的商赢环球，所以问题也不太大。
盘面分析，周四上证指数收出调整的中阴线，成交量继续萎缩，让我们担心的事情发生了，正如我们之前就一直提示大家，第2波的上涨，量价一直背离，顶背离的结构一直在延续，调整的风险也一直存在。大盘首先是从60分钟开始做调整，慢慢延续到日线级别，周四的下跌又把5日均线跌穿，现在在10日均线上等待确认，目前已经展开调整的结构，小级别的MAC D、KDJ指标都已经发出了卖空信号。从中期趋势来看，现在也是要测试5周均线的支撑，一旦把这个支撑跌破，那么中期调整趋势就将展开。
创业板上目前指数就已经把20日均线给跌破，这是一个不太乐观的信号，本周要看5周均线是否能够站稳。不然创业板有可能会产生中期级别的调整。所以老魏还是提醒大家注意短期风险。
板块方面，昨天受益诸多利好消息影响，又在盘面主线匮乏的情况下，资金一致进攻汽车板块，使得整个汽车产业链发酵，目前前排龙头中一汽夏利、江淮汽车、东风汽车等依旧缩量封板，今天板块依旧有持续性行情。另外昨天稍微亮眼的板块像四川板块、超级真菌，超级真菌概念资金分歧加大，预计今天只有局部机会，关注前排几只龙头。四川板块中叠加新能源概念的富临运业和浩物股份早间快速封板，也带动起了成都路桥和四川金顶等股票的上涨，多数个股也是跟风盘。其他热门板块像猪肉农牧，傲农生物带动老妖股益生股份，勉强支撑起整个板块，短期有一些持续性。电气电网板块今天也在八板妖股置信电气和东方电气的带领下逆势走强，像摩恩电气、银星能源等老妖封停也给板块增添了热度，目前这个板块经过调整后有几天的短线行情。
操作上，仓位尽量控制在半仓内。结合60分钟，做自己手中个股的滚动差价。切记这里不追高。
执业编号：A0150618060002 （股市有风险，投资需谨慎。个人观点，仅供教学参考）
（来源：主力研报的财富号 2019-04-12 09:25） [点击查看原文]"
该停牌重组啦！,"https://guba.eastmoney.com/news,600418,815878879.html",2019-04-12 09:25:58,该停牌重组啦！
感谢感谢感谢！,"https://guba.eastmoney.com/news,600418,815878885.html",2019-04-12 09:26:02,感谢感谢感谢！
查查股东这几天有没有减持股份,"https://guba.eastmoney.com/news,600418,815878724.html",2019-04-12 09:25:42,
快跑，涨停打开了。不跑就是傻,"https://guba.eastmoney.com/news,600418,815877693.html",2019-04-12 09:23:41,快跑，涨停打开了。不跑就是傻
汽车板块参考猪肉板块的走势 低价品种都将涨到15到20元,"https://guba.eastmoney.com/news,600418,815877985.html",2019-04-12 09:24:13,"汽车板块参考猪肉板块的走势 低价品种都将涨到15到20元
猪肉股天邦股份　正邦科技　新五丰　唐人神　新希望　等低价品种都从三四元涨到15元到20多元 而高价的牧原股份更是涨到70多元　益生股份也涨到50多元


汽车股的走势极有可能复制猪肉板块的走势　东风汽车更是有华为概念加持　股价超低 盘子小 机构持股少　主力拉升容易　涨到15到20元是极有可能的"
账户剩了一点儿钱，为了不让资金闲置，昨天早上追进去300股……这是今年首次买到涨,"https://guba.eastmoney.com/news,600418,815877664.html",2019-04-12 09:23:36,账户剩了一点儿钱，为了不让资金闲置，昨天早上追进去300股……这是今年首次买到涨停板，哈哈哈哈！无心插柳柳成阴啊！今天要破板，再去弄点钱加仓。
建投减持了,"https://guba.eastmoney.com/news,600418,815877188.html",2019-04-12 09:22:31,建投减持了
感谢主力拉高让我们胜到大逃亡，18年418亏了7亿7我们理性抛光光,"https://guba.eastmoney.com/news,600418,815875384.html",2019-04-12 09:18:20,感谢主力拉高让我们胜到大逃亡，18年418亏了7亿7我们理性抛光光
肯定是假的，怎么可能，今天肯定不会一字涨停。骗我进去的是不是,"https://guba.eastmoney.com/news,600418,815875441.html",2019-04-12 09:18:28,肯定是假的，怎么可能，今天肯定不会一字涨停。骗我进去的是不是
妈的，假了吧？,"https://guba.eastmoney.com/news,600418,815874769.html",2019-04-12 09:16:53,妈的，假了吧？
一汽放出来大资金都去追买，涨多了的600418就退潮了，不做高位追涨傻事，理性不,"https://guba.eastmoney.com/news,600418,815867666.html",2019-04-12 08:43:09,一汽放出来大资金都去追买，涨多了的600418就退潮了，不做高位追涨傻事，理性不冲动！
一群踏空的在这里唱衰，今天继续板[赚大了][赚大了][赚大了],"https://guba.eastmoney.com/news,600418,815869942.html",2019-04-12 08:56:31,一群踏空的在这里唱衰，今天继续板
关注人数一天多了二十万，这个厉害了,"https://guba.eastmoney.com/news,600418,815872287.html",2019-04-12 09:07:18,关注人数一天多了二十万，这个厉害了
没有筹码的喊着做空，有筹码的怕是暗暗自喜欢！,"https://guba.eastmoney.com/news,600418,815864830.html",2019-04-12 08:25:30,没有筹码的喊着做空，有筹码的怕是暗暗自喜欢！
吃不到葡萄说葡萄酸的大把！,"https://guba.eastmoney.com/news,600418,815868002.html",2019-04-12 08:45:18,吃不到葡萄说葡萄酸的大把！
今天一汽轿车复牌，肯定能带动汽车板块，且汽车板块市值整体偏低，江淮汽车因大众欲控,"https://guba.eastmoney.com/news,600418,815863902.html",2019-04-12 08:18:20,今天一汽轿车复牌，肯定能带动汽车板块，且汽车板块市值整体偏低，江淮汽车因大众欲控股，会持续走强，外围板块前期暴涨，最近会缩量阴跌，汽车板块肯定会是热点，主力护盘！
先不说大众是否收购江淮汽车股份!最简单的道理!第一就是二股东建投公告减待到目前没,"https://guba.eastmoney.com/news,600418,815868599.html",2019-04-12 08:48:52,先不说大众是否收购江淮汽车股份!最简单的道理!第一就是二股东建投公告减待到目前没减待一股公告!也再等待股价最起码在增发价以上再减待吧!2016年江淮汽车增发价是10.62元!再加这三年的合理投资不亏的价应该是多少?第二江淮汽车的股票期权行权价格现在为12.23元!现在股票价格多少?
格罗夫车身碳纤维！是002450康得新做的！,"https://guba.eastmoney.com/news,600418,815867958.html",2019-04-12 08:45:14,格罗夫车身碳纤维！是002450康得新做的！
可贵的坚持，你还在吗？,"https://guba.eastmoney.com/news,600418,815867229.html",2019-04-12 08:40:35,好像看你说话，贴持仓图，赚个几百万，你一直在鼓励大家。
龙虎榜：江淮汽车两涨停 两机构席位两日买入近9000万元,"https://guba.eastmoney.com/news,600418,815748269.html",2019-04-11 17:17:33,"来源：证券时报网
　　江淮汽车(600418)近两个交易日连续涨停，盘后数据显示，机构资金积极买入。4月10日至11日期间，两个机构席位合计买入8889万元，国信证券深圳红岭中路营业部、中信证券杭州婺江路营业部各买入超3000万元。沪股通资金买入2042万元，同时卖出5209万元，位居卖一席位。招商证券深圳南山南油大道营业部等四个券商营业部合计卖出4092万元。


（文章来源：证券时报网） [点击查看原文]"
看见发利好新闻，担心出货,"https://guba.eastmoney.com/news,600418,815865744.html",2019-04-12 08:31:42,抛在机构前面就是胜利
早就卖了，成功躲过了暴跌，也成功踏空了暴涨，嘿嘿，与股市无缘，以后也不碰了[鼓掌,"https://guba.eastmoney.com/news,600418,815288031.html",2019-04-10 11:20:47,早就卖了，成功躲过了暴跌，也成功踏空了暴涨，嘿嘿，与股市无缘，以后也不碰了
大众收购江淮汽车还没影，股价上天，潍柴收购林德液压，法拉第游艇，博杜安等股价很安,"https://guba.eastmoney.com/news,600418,815864910.html",2019-04-12 08:25:53,大众收购江淮汽车还没影，股价上天，潍柴收购林德液压，法拉第游艇，博杜安等股价很快会表现的。
板板,"https://guba.eastmoney.com/news,600418,815864699.html",2019-04-12 08:24:30,8元还是可以看到的
江淮汽车关注度两天新增20万！,"https://guba.eastmoney.com/news,600418,815864143.html",2019-04-12 08:20:26,江淮汽车关注度两天新增20万！
大股东昨晚已经澄清，今天开盘抢跑为上。一字跌停没悬念,"https://guba.eastmoney.com/news,600418,815863475.html",2019-04-12 08:15:43,大股东昨晚已经澄清，今天开盘抢跑为上。一字跌停没悬念
之前我买青松建化，全出利好消息，结果在高位被套，主力大量出货，现在都还没涨回去！,"https://guba.eastmoney.com/news,600418,815863558.html",2019-04-12 08:16:18,之前我买青松建化，全出利好消息，结果在高位被套，主力大量出货，现在都还没涨回去！现在又来江淮汽车的利空，会是一种主力的一种同样战略吗？让我们拭目以待吧！
公告点击量这么大，看样子都是散户在买，千万不要一字跌停啊。,"https://guba.eastmoney.com/news,600418,815859355.html",2019-04-12 07:43:10,公告点击量这么大，看样子都是散户在买，千万不要一字跌停啊。
王亚伟入局抢筹 江淮股份混改预期两涨停，居然是机构主封，而且国信红岭中路上榜，这,"https://guba.eastmoney.com/news,600418,815863021.html",2019-04-12 08:11:45,王亚伟入局抢筹 江淮股份混改预期两涨停，居然是机构主封，而且国信红岭中路上榜，这是王亚伟的席位，很可能是王亚伟入局，想当年他也赌过一汽的混改，机构席位更像是王亚伟的马甲。
没有方案与没有计划，天壤之别。,"https://guba.eastmoney.com/news,600418,815862345.html",2019-04-12 08:05:45,没有方案与没有计划，天壤之别。
方案与计划的区别， 方案是从目的、要求、方式、方法、进度等都部署具体、周密，并有,"https://guba.eastmoney.com/news,600418,815854067.html",2019-04-12 06:50:55,"方案与计划的区别，
方案是从目的、要求、方式、方法、进度等都部署具体、周密，并有很强可操作性的计划"
【2019.04.11日资金路线图】主力资金净流出697亿元 龙虎榜机构抢筹11股,"https://guba.eastmoney.com/news,600418,815862094.html",2019-04-12 08:03:21,"4月11日，A股市场整体下跌。截至收盘，上证指数收报3189.96点，下跌1.6%，深证成指收报10158.4点，下跌2.65%，创业板指数收报1691.1点，下跌2.06%。两市合计成交8173.22亿元，较上一交易日减少816.39亿元。
1、两市全天资金净流出696.8亿元
今日沪深两市主力资金开盘净流出384.38亿元，尾盘净流出112.87亿元，两市全天资金净流出696.8亿元。
2、沪深300今日主力资金净流出242.39亿元
沪深300今日主力资金净流出242.39亿元，创业板净流出92.5亿元，中小板净流出155.78亿元。沪股通净流出14.73亿元，深股通净流出22.15亿元（本文中沪股通、深股通净流入额以当日已用额度来计，与成交净买入额略有差异，但表示的意义大体一致）。
3、医药生物行业净流出125.25亿元居首
28个申万一级行业中，无一行业实现资金净流入，医药生物、化工、电子、计算机等行业净流出规模居前，其中医药生物行业净流出125.25亿元居首。
4、鸡产业概念净流入3.56亿元居首
概念板块方面，今日鸡产业、能源互联网、液态金属、特高压等概念板块资金呈现净流入，其中鸡产业概念净流入3.56亿元居首。
5、摩恩电气主力资金净流入2.32亿元居首
（注：此表为主力资金净流入统计，与上一张表及下一张表的机构净买入统计口径均不同）
6、龙虎榜机构净买入11股
盘后龙虎榜数据显示，机构现身25股，其中江淮汽车等11股呈现机构净买入，南京港等14股呈现机构净卖出。
7、沪股通和深股通前十大活跃股
8、最新机构关注个股
原创： 胡华雄 证券时报网
注：以上个股均来自数据梳理，非荐股
东方财富证券提示您：股市有风险，投资需谨慎！
（来源：自在当下的财富号 2019-04-12 08:03） [点击查看原文]"
唉，每次收盘都后悔，今天没卖，下绝心明天开盘一定卖，等到开盘就又懵圈了,"https://guba.eastmoney.com/news,600418,815857356.html",2019-04-12 07:27:19,唉，每次收盘都后悔，今天没卖，下绝心明天开盘一定卖，等到开盘就又懵圈了
王亚伟也看上了？,"https://guba.eastmoney.com/news,600418,815861295.html",2019-04-12 07:55:59,王亚伟也看上了？
今日复盘：大盘调整可能要到这个位置！,"https://guba.eastmoney.com/news,600418,815739654.html",2019-04-11 16:35:07,"大盘今天单边下行，在大蓝筹也熄火后，市场进入到一种全面熄火的状态，昨天尾盘强势股杀跌的状况，今天在鼎捷软件快速封死跌停后继续延续，早间市场仅40多家家封涨停，题材除汽车、猪肉外几乎全灭熄火，个股跌多涨少。市场资金继续流出，外资日内再度流出30多亿已经表明其要落袋的态度，最终大盘在白酒、蓝筹带头杀跌之下，大跌超50个点，创业板和成指跌幅也超2%，在昨天的复盘中，我们已经提示过风险，目前就应该在控制仓位的基础上重个股机会。
从盘面上讲
，上证指数开盘后弱势下行，午后金融板块护盘，跌势减轻，而后尾盘再度杀跌，过程中成交量也出现了明显的萎缩。今天5日均线已经开始拐头向下，这都说明短期的调整已经展开，明天下方在10日均线、靠近3260-3288有部分支撑，但调整的目前可能会到20日均线3118点的位置。周K级别，上一周的上涨指数和5日均线背离过大，本周向下做一个修复，修正过大的乖离率。创业板指今天跌穿10日均线，短周期均线交出死叉来，短期可能要进一步向下调整，关注1267附近的颈线支撑位。
板块方面
，今天受益华为造车、上海车展等众多利好消息，在盘面主线匮乏下，资金一致推举汽车板块，导致整个产业链发酵，目前前排龙头一汽夏利、江淮汽车、东风汽车等依旧缩量封板，明天板块依旧有持续性行情。另外超级真菌概念早间依旧比较强势，联环药业、未名医药等依旧一字封板，但午后大盘走弱，导致板块资金分歧加大，明天预计只有局部机会，关注前排几只龙头。其他热门板块像猪肉农牧，傲农生物带动老妖股益生股份，勉强支撑起整个板块，明天未必能继续涨。电气电网板块今天也在八板妖股置信电气和东方电气的带领下逆势走强，像摩恩电气、银星能源等老妖封停也给板块增添了热度，目前这个板块经过调整后有一定的短线行情。
操作上
，目前还是控制仓位来应对调整，半仓不追涨，这里只能逢低用60分钟结构来做滚动的差价。
魏宁海：著名财经评论员，证券投资咨询编号：A0150618060002
（来源：魏宁海的财富号 2019-04-11 16:35） [点击查看原文]"
连亏两年要st了，就是一个坑，公司就是草包,"https://guba.eastmoney.com/news,600418,815859062.html",2019-04-12 07:41:43,连亏两年要st了，就是一个坑，公司就是草包
明天不要跌停啊[鼓掌][鼓掌][鼓掌],"https://guba.eastmoney.com/news,600418,815858736.html",2019-04-12 07:39:50,明天不要跌停啊
18年亏几个亿，股价几涨停，追高套山顶！还追?,"https://guba.eastmoney.com/news,600418,815823918.html",2019-04-12 00:26:23,18年亏几个亿，股价几涨停，追高套山顶！还追?
这个事还是蛮蹊跷的，大众放风出来的目的是什么,"https://guba.eastmoney.com/news,600418,815813165.html",2019-04-11 23:01:14,这个事还是蛮蹊跷的，大众放风出来的目的是什么
买进江淮汽车600418计100000股,"https://guba.eastmoney.com/news,600418,815310174.html",2019-04-10 12:49:21,"早上买进江淮汽车600418计100000股,6.1元买的"
谈收购也是与国资委谈判，等你知道后什么也晚了,"https://guba.eastmoney.com/news,600418,815855894.html",2019-04-12 07:11:09,谈收购也是与国资委谈判，等你知道后什么也晚了
关于大众老板和西门子老板的段子：,"https://guba.eastmoney.com/news,600418,815815808.html",2019-04-11 23:20:00,"混沌星光　
影响力　　吧龄　4.2年　
发表于 2019-04-11 21:34:50
大众老板和西门子老板在啤酒馆喝啤酒，西门子老板说上海这破地方人工太贵了，咱都把冰箱厂整合肥去了，要不然你也来，大众老板想了想说，行！哥们就这么定了，那正好有个破车厂可以收购，咱了一块到合肥喝啤酒，咸猪手配臭鳜鱼那是绝配！"
建投知道的比你多，7.36一股没卖。。,"https://guba.eastmoney.com/news,600418,815848377.html",2019-04-12 05:31:24,建投知道的比你多，7.36一股没卖。。
一箭数雕！高明！,"https://guba.eastmoney.com/news,600418,815789687.html",2019-04-11 20:52:12,"前面我说过了，此次是真来行情了！现在江淮所谓的澄清公告也出来了，更是证明了这不是空穴来风！
　
　　这次大众是真想对江淮下手了，这点肯定无疑了！而且手法很高明！


　目前对江淮虎视眈眈的绝不止大众，我以前发的帖子也说过，在A股的上市车企中，象江淮这样最近名声不好，但是质底优良的整车企业，可以说是独此一家！
　其有几个特质是其它厂家所没有的，一：汽车三大件，全能自产，二：劳工不愁，江淮集团旗下，有着安徽汽车职业技术学院，这是源源不断的优质劳力，只要江淮能把市场打开，劳动力就不愁！三：纯电动的研发实力，这点大家不用怀疑！能让一号和二号为之ZT的企业，没点真材实料可能吗！？前几年唯一的关于纯电技术的国家级大奖就是江淮独得的，我印象中是二亿多人民币。虽然这两三年因为乘用车产销巨跌，股价也一再低迷，但是江淮的的底子可是不同一般的！
　　
　　为什么说这次大众手法很高明，一箭数雕！
　　一：用此消息来挤兑上汽和一汽，向这两家合作伙伴施压，当初TSL玩这手也挺绝的，在大陆到处留情到处传绯闻，就是不松口没实锤，一个骨头哄几条狗， 　　就让各地方政府去为了争取TSL落户当地，去争的头破血流，它好从中获得最大利益！这点上和大众这次的手法都是一样！
　　
　　二：向江淮施压，双方的新能源产品一直不能上市，应当就是大众在阴着！这次就着国家这次对外方控股开放了，先放出风声试探江淮及其上级的反应！
　　
　　三：此次消息一出来，还起到一个重要作用，418的股价起来了，手中有粮的开始惜售了！让蔚来和百度这样有想法的竟争者，收不到筹码，或是收不到廉价 　　筹码！妖股的成长就是不断的无量涨停！这让其它有想法的潜在对手或买家头痛不已！"
不是大众就是百度腾讯华为之类民企。这事开弓没有回头箭。 省里考虑的事情。,"https://guba.eastmoney.com/news,600418,815837010.html",2019-04-12 02:58:04,"不是大众就是百度腾讯华为之类民企。这事开弓没有回头箭。
省里考虑的事情。"
澄清公告反应其一贯差劲的语文素养，应该说，股权转让之事与上市公司无关，属于，，，,"https://guba.eastmoney.com/news,600418,815848750.html",2019-04-12 05:39:05,澄清公告反应其一贯差劲的语文素养，应该说，股权转让之事与上市公司无关，属于，，，
第三篇 4.12周5研板早知道与操作策略,"https://guba.eastmoney.com/news,600418,815823832.html",2019-04-12 00:25:35,"第三篇 4.12周5研板早知道与操作策略
一、今日盘面分析及明日操作策略
1、今日大盘低开低走大跌1.6%，深市几大指数则均大跌逾2%。电力、汽车和银行等板块相对抗跌、酿酒、家电、化工化纤、医药医疗、食品、工程机械和建材和券商等领跌。题材则有华为汽车、燃料电池和长三角自贸概念等逞强，透明工厂、染料、5G、软件和高送概念等领跌。两市不到两成个股上涨，涨停板65个，其中一字板15个，涨停被砸个股37个。跌停板11个，大跌4%以上个股多达541个。
2、市场再现黑色星期四，周期和消费类蓝筹及科技股主跌，大金融午后出现次护盘动作，护盘的结局就是本来未出现恐慌的个股迎来恐慌性杀跌态势。盘面并非毫无亮点，只是热点题材一天一个节奏，昨天领涨的超级真菌和透明工厂加入到领跌的大军，这就是新题材的持续性，节奏稍慢一步就挨打。新热点频繁出现顺应的是个股高低切换的需求，也是资金试错的过程，按理来说越后出现的持续性会越差，不过契合市场情绪转折点的题材则有可能成为市场后市反弹的主角，一般来说引领反弹的热点或先有个酝酿和预热的过程，调整过程中抗跌尤其是不补跌而能逆市走出来的题材就需要跟踪，那种领涨下立马就领跌的题材就只是走过场。旧热点未必就不如新，毕竟不再是以前存量资金拆东墙补西墙的行情，那些资金介入深的强趋势板块短调后还是会再起，最近趋势性最强的两大板块燃料电池和工业大麻概念就还有些个股逆市，只是这类炒久了的题材不能再局限于板块整体而是相关个股轮番涨涨歇歇的节奏。盘面有热点活跃而市场却没被救起来，除了打砸的板块太衰外就在于救场的资金就像是无头苍蝇一样东拉西扯，时而拉万科时而拉民生时而拉东财等，没有齐心合力而是各拉各的从而被砸的居多，如此走势很多转势失败的个股明早还难免多杀多。不过经过风险连续释放后明天市场情绪应该会有修复，看似今天才大跌，实则前面连续三四天个股就已经是冰火两重天走势，轮番跌到普跌后也会出现缓跌再到止跌的过程。
3、大盘缩量大跌，可谓迎来真正的调整态势，也算是符合预期，毕竟已经提前两天强调了风险。明天还会有回踩惯性，但不至于再像今天这样单边下跌，再急跌一把后应该会出现反弹，只是不指望一下子又重回上升轨道，从太弱的深市几大指数来看恢复元气不易，还会有震荡盘整的过程。不存在抄底的说法，真正强的个股会提前逆市场而行，那些跟随指数走的个股也没抄底的价值，很多可能会是回抽一把再跌的节奏。短线操作上仍需保持一定的谨慎，局部机会只能量力而行，节奏感好的短线投机客才适度参与，如今再弱的大势氛围下还是会有些资金抱团的逆市品种。再急跌也不宜再盲目杀跌，仓位重的话可以等盘中回抽时再减，当然高位转弱的个股还是得果断走人。
二、盘中主要热点题材及点评
1、  汽车
华为汽车：东风汽车、东风科技、永贵电器、亚太股份、兆新股份
新能源汽车：江淮汽车、一汽夏利、富临运业、安凯客车、曙光股份、科泰电源
汽车：浩物股份、斯太尔、贵航股份、朗博科技、华菱星马
无人驾驶：万集科技、万安科技、华阳集团
点评：新起的热点板块，板块崛起是上海促汽车消费和华为汽车将亮相上海车展的消息刺激，前者利好并不算大，因为就新能源车行业而言补贴的大方向是转向充电桩和氢能而非整车，华为因素才是短炒的噱头，问题又在于这个消息之前媒体就报道过好几次，偏偏今天才爆发契合的其实就是热点新老交替的节奏。整车股短线难言好的持续性，华为汽车概念因为还有预期在才有点看头，不过直接涉及那款汽车的个股好像就东风汽车和亚太股份等少数几个，其他多是与华为有其他方面的合作而非直接针对那款汽车。因为华为打造的是智能汽车，就有可能引领下无人驾驶概念潮流。
2、  长三角自贸区：保税科技、万林物流、天瑞仪器、远大控股、南京港、苏州高新、上海雅仕
点评：板块持续性还算尚可，呈现的是前排个股强者恒强及少数低位个股补涨的行情，题材叠加类个股更强势点。江苏板块多达四百多个股，因为江苏本地股出身就炒自贸概念可以说很多都是乱炒，没有其他题材叠加隔天基本上就是去伪存真的节奏，物流和港口股还是有逻辑支撑。随着汽车板块抢它的风头后它的新鲜感优势会下降，也没再多少挖掘的意义，明天基本上又是淘汰赛的节奏，从今天走势来看保税科技是龙头。
3、  央企改革
央企改革：乐凯胶片、中成股份、平庄能源、银星能源、苏美达、林海股份
央企重组：置信电气、东方能源、中国船舶
点评：央改板块因为几个重组股而连续一字而刺激了资金的一些挖掘补涨行情，关键还是得看个股本身特质，而难言板块整体性行情，有重组或资产整合预期的国企股才有看头，仅仅是因为大股东是国企就说是炒这个概念那就只是个噱头而难炒出空间。八连板的置信电气已经成为市场连板高度最高的空间板，这会刺激后续的一些重组股行情，就它本身而言明天开板可能还有点超短线的空间，再后开板就难说了。
4、  燃料电池（氢能源）：东方电气、全柴动力、华昌化工、凯恩股份
5、  其他
超级真菌：联环药业、四环生物、瑞普生物、重药控股
工业大麻：方盛制药、兴民智通、龙津药业
成渝城市群：渝开发、四川金顶、成都路桥
化工：辉丰股份、永悦科技、新疆天业
超跌：摩恩电气、腾信股份、中润资源
互联网金融：科蓝软件
前期强势股：亚振家居
智能制造：智慧松德
多元金融：民生控股
重组：仁智股份
医药：兴齐眼药
猪肉：傲农生物
三、游资和机构龙虎榜
美锦能源（000723）：一机构买5000万
国际实业（000159）：一机构买1463万
佳电股份（000922）：三交易一机构买2595万
兴齐眼药（300573）：三交易日三机构买5143万，一机构卖425万
永贵电器（300351）：国君上海银城中路游资封板，二机构买2579万
江淮汽车（600418）：国信深圳红岭中路游资封板，二机构买8889万
南京港（002040）：海通蚌埠中荣街及东吴苏州西北街游资封板，一机构卖5396万
中润资源（000506）：国君成都北一环及安信南昌胜利路游资封板，一机构卖825万
兆新股份（002256）：东财江苏分公司游资封板，一机构买1529万，一机构卖3964万
瑞普生物（300119）：国海深圳中心路及申万金华八一北街游资封板，二机构卖2425万
东方电气（600875）：长江上海世纪大道游资封板，一机构买8236万，二机构卖6642万
辉丰股份（002496）：中信上海溧阳路及华鑫南昌红谷中大道游资封板，一机构卖1869万
东风汽车（600006）：中投杭州环球中心及中原平顶山分公司游资封板
亚振家具（603389）：开源西安长安南路及开源上海中山南路游资封板
科蓝软件（300663）：中投宁波江东北路及中信上海牡丹江路游资封板
华昌化工（002274）：银河上海靖宇东路及财通杭州体育管路游资封板
腾信股份（300392）：中泰武汉解放大道及天风北京莲花桥游资封板
重药控股（000950）：招商广州天河北路及广发郑州农业路游资封板
中成股份（000151）：海通南京广州路及大同朔州开发南路游资封板
渝开发A（000514）：华安河南分公司及银河杭州天城东路游资封板
银星能源（000862）：兴业佛山魁奇路及华泰苏州何山路游资封板
龙津药业（002750）：申万深圳金田路及中信上海分公司游资封板
智慧松德（300173）：财通温岭中华路及国融青岛秦岭路游资封板
四、晚间重要题材资讯
  首款氢能轿跑即将亮相，续航能力超过1000公里；国网联手明天氢能打造首个兆瓦级氢能源储能电站
氢能源概念股：凯龙股份（002783）、金通灵（300091）、雪人股份（002639）、动力源（600405）
  中移动联合华为百度展示5G应用，实现8K视频传输
超高清视频概念股：华平股份（300074）、飞利信（300287）、和晶科技（300279）、银河电子（002519）
  救命药硝酸甘油大面积断货，供给收缩涨价近十倍
硝酸甘油概念股：振东制药（300158）、众生药业（002317）、华润双鹤（600062）
  操作系统国产化取得重要进展，相关公司有望受益
国产操作系统概念股：北信源（300352）、同有科技（300302）、中国软件（600536）、同洲电子（002052）
  中国大陆首度跃升第二大半导体设备市场，需求有望持续旺盛
半导体设备概念股：北方华创（002371）、晶盛机电（300316）、长川科技（300604）、江丰电子（300666）
四、当天盘中仓位监控策略
第一压力位3251点第二压力位3271点
第一支撑位3215点第二支撑位3200点
保持总仓位6成
突破二压并站上增仓2成
跌破二支并破位减仓2成
积极主动，看趋势为主，把握主升浪牛股，寻机出击大牛股！
（以此操作，风险自担）
（来源：安能板研1778的财富号 2019-04-12 00:25） [点击查看原文]
展开阅读全文"
第一篇 4.11周4揭秘涨停板快报,"https://guba.eastmoney.com/news,600418,815823707.html",2019-04-12 00:24:20,"第一篇 4.11周4揭秘涨停板快报
1、汽车板块大涨 国企改革表现突出：三大股指全天震荡下挫，临近尾盘指数再度跳水加速，沪指失守3200点，创业板指跌超2%；高位强势股今日迎来全线回调，染料、透明工厂等近期热门板块集体领跌；仅华为汽车相关概念股逆势领涨；猪肉价格时隔25个月再度转涨，养殖板块表现活跃；盘面上个股普跌，场内观望情绪浓厚，赚钱效应减弱，炸板率急剧走高。　　
:2、个股活跃程度及脉络：
盘面上，券商、期货板块午后异动，但持续较弱再度走低，民生控股（000416）封板，华鑫股份（600621）、山西证券、华创阳安（600155）、国海证券等盘中冲高。汽车板块逆势领涨，东风汽车（600006）、一汽夏利（000927）、江淮汽车（600418）集体封板；养殖板块涨幅居前，傲农生物（603363）涨停，板块个股纷纷走高，消息面上：3月CPI数据公布，猪肉价格时隔25个月首次转涨；昨日强势的超级真菌概念股迎来分化，四环生物（000518）、重药控股（000950）、联环药业（600513）涨停，未名医药（002581）炸板、鲁抗医药（600789）等纷纷走弱；临近尾盘；高位强势股再度杀跌，梅安森（300275）、飞马国际（002210）、顺灏股份（002565）、华仁药业（300110）等个股快速下挫，鼎捷软件（300378）今日跌停。
　　
3、主流看点：汽车概念、央企国资改革 　封板效率：一般
（来源：安能板研1778的财富号 2019-04-12 00:24） [点击查看原文]"
2019，大众江淮元年,"https://guba.eastmoney.com/news,600418,815848428.html",2019-04-12 05:32:23,2019，大众江淮元年
啥也不说了，贴个三石的爆料吧,"https://guba.eastmoney.com/news,600418,815787108.html",2019-04-11 20:41:54,啥也不说了，贴个三石的爆料吧
"证券会查查谁造的谣,给予重罚.造谣的成本太低了.","https://guba.eastmoney.com/news,600418,815804563.html",2019-04-11 22:08:03,"证券会查查谁造的谣,给予重罚.造谣的成本太低了."
大众：我爱你，江淮：讨厌,"https://guba.eastmoney.com/news,600418,815788346.html",2019-04-11 20:46:45,大众：我爱你，江淮：讨厌
这股有托唱空骗筹码，大家千万别被忽悠割肉 ,"https://guba.eastmoney.com/news,600418,815829592.html",2019-04-12 01:29:50,这股有托唱空骗筹码，大家千万别被忽悠割肉
废话少说，涨停挂上！你敢砸我敢买！,"https://guba.eastmoney.com/news,600418,815808034.html",2019-04-11 22:28:30,废话少说，涨停挂上！你敢砸我敢买！
绝壁还要涨，现在才刚刚开始,"https://guba.eastmoney.com/news,600418,815828618.html",2019-04-12 01:16:57,绝壁还要涨，现在才刚刚开始
江淮和大众,"https://guba.eastmoney.com/news,600418,815827245.html",2019-04-12 01:03:04,"江淮不给大众，就是个二流汽车公司，股价不到净资产，对国资委没有什么好处。
不过江淮有个好处，很想借电动车来个弯道超车；做是做了不少，只是能力有限，有心无力罢了。
德国人还是有电动车焦虑的，那是个新的产业链，大众现在没办法。和江淮合作就好了，就像一个瞎子背个瘸子，天生一对。所以我觉得大众推迟iEV的上升期，是真心实意把车弄好，终究要把江淮的汽车提高到大众的水平，多化一年时间是有必要的。
我看好这件事。"
江淮，你有一封专递到了，请明天到上海查收,"https://guba.eastmoney.com/news,600418,815826721.html",2019-04-12 00:56:09,江淮，你有一封专递到了，请明天到上海查收
江淮汽车：与大众汽车没有关于股权收购的方案,"https://guba.eastmoney.com/news,600418,815757197.html",2019-04-11 18:03:38,"来源：证券时报网
　　江淮汽车(600418)4月11日晚间披露澄清公告的补充公告，公司与大众汽车未就报道中提及的事宜进行正式的商务谈判，也没有关于股权收购的方案。公司与大众汽车在新能源乘用车合资合作的基础上，双方一直就进一步深化合作进行探讨，双方未形成任何正式的方案。双方能否形成合作、具体的合作方式以及可能涉及的审批等事项，都存在较大的不确定性。
　　附公告全文：
（文章来源：证券时报网） [点击查看原文]"
理性买卖我已经抛了600418*,"https://guba.eastmoney.com/news,600418,815813142.html",2019-04-11 23:00:49,理性买卖我已经抛了600418*
高抛低吸千万在几个涨停后做接盘人免得套牢后悔，我在提醒大家。,"https://guba.eastmoney.com/news,600418,815821399.html",2019-04-12 00:03:09,高抛低吸千万在几个涨停后做接盘人免得套牢后悔，我在提醒大家。
看看,"https://guba.eastmoney.com/news,600418,815817626.html",2019-04-11 23:35:09,看看
最喜欢这样造谣的股票，国资委是不可能卖的，但游资已经上当了，所以.......,"https://guba.eastmoney.com/news,600418,815815775.html",2019-04-11 23:19:53,最喜欢这样造谣的股票，国资委是不可能卖的，但游资已经上当了，所以.......
600418:江淮汽车股票交易异常波动公告,"https://guba.eastmoney.com/news,600418,815756646.html",2019-04-12 00:00:00,"公告日期：2019-04-12

证券代码：600418 证券简称：江淮汽车 公告编号：临2019-016
安徽江淮汽车集团股份有限公司

股票交易异常波动公告

本公司董事会及全体董事保证本公告内容不存在任何虚假记载、误导性陈述或者重大遗漏，并对其内容的真实性、准确性和完整性承担个别及连带责任。

重要内容提示：

股票交易异常波动的情形：2019年4月9日、4月10日、4月11日，公司股票交易连续3个交易日内收盘价格涨幅偏离值累计达20%以上，根据《上海证券交易所交易规则》规定，属于股票交易异常波动情形。

公司核查发现的重大事项：公司与大众汽车未就媒体报道中提及的股权收购事宜进行正式的商务谈判，也没有关于股权收购的方案。

一、股票交易异常波动的具体情况

2019年4月9日、4月10日、4月11日，公司股票交易连续3个交易日内日收盘价格涨幅偏离值累计达20%以上，根据《上海证券交易所交易规则》规定，属于股票交易异常波动情形。

二、公司关注并核实的相关情况

针对公司股票交易出现异常波动的情形，经公司自查并向控股股东求证，特作出以下说明：

1、公司日常经营情况未发生重大变化。

2、公司、公司控股股东没有正在筹划并购重组、股份发行、债务重组、业务重组、资产剥离和资产注入等重大事项。

3、近期媒体报道“大众汽车正考虑收购公司大量股份......大众的收购计划尚处于初期阶段，但它渴望从江淮汽车股东手中购买大量股份”，经核查，公
司与大众汽车未就媒体报道中提及的股权收购事宜进行正式的商务谈判，也没有关于股权收购的方案。针对该事项，公司已于2019年4月11日发布《安徽江淮汽车集团股份有限公司澄清公告》(江淮汽车临2019-014)和2019年4月12日发布《安徽江淮汽车集团股份有限公司关于澄清公告的补充公告》（江淮汽车临2019-015）。

三、董事会声明

本公司董事会确认，（除前述第二部分涉及的披露事项外）本公司没有任何根据《股票上市规则》等有关规定应披露而未披露的事项或与该等事项有关的筹划和意向，董事会也未获悉根据《股票上市规则》等有关规定应披露而未披露的、对本公司股票价格可能产生较大影响的信息。

四、相关风险提示

公司指定信息披露媒体为《中国证券报》、《上海证券报》、《证券时报》、《证券日报》和上海证券交易所网站，公司发布的信息以在指定信息披露媒体发布的公告为准，提醒广大投资者理性投资，注意投资风险。

特此公告。

安徽江淮汽车集团股份有限公司
董事会
2019年4月12日

[点击查看PDF原文]
提示：本网不保证其真实性和客观性，一切有关该股的有效信息，以交易所的公告为准，敬请投资者注意风险。
展开阅读全文"
