标题,链接,发布时间,内容
惊天消息.国内某龙头级光伏企业以获联合国能源委核发的独家研发生产闪电能执照,"https://guba.eastmoney.com/news,600401,237794939.html",2015-12-31 13:57:41,"独家惊天消息.国内某龙头级光伏企业以获联合国能源委核发的独家研发生产闪电能执照
据闻.........独家惊天消息.国内某st光伏企业以获联合国能源委核发的独家研发生产闪电能执照.该执照具有专利独享.专利永久保护权.该企业具有开发闪电能的核心技术成果.以成功的解决了电压转换技术课题.具初步判研.......该公司电能配送之时.企业利润年不会少于1万亿美元.受能区域将跨越大西洋及太平洋.....受此影响一些低级开发电能技术将被此技术所淘"
唯有牺牲多壮志，敢叫日月换新天,"https://guba.eastmoney.com/news,600401,238049495.html",2016-01-02 09:12:12,一切以公告为准，嘛意思？
这么好的阳光企业，应该有国家队来接手 ，做出重量级别的新能源产业，,"https://guba.eastmoney.com/news,600401,238047286.html",2016-01-02 08:42:41,这么好的阳光企业，应该有国家队来接手 ，做出重量级别的新能源产业，
针对帅帅的贴：阿里巴巴会出现的，大家拭目以待，,"https://guba.eastmoney.com/news,600401,238014944.html",2016-01-01 22:10:38,针对帅帅的贴：阿里巴巴会出现的，大家拭目以待，
去你妈的闪电能,"https://guba.eastmoney.com/news,600401,238046835.html",2016-01-02 08:37:04,去你妈的闪电能
看看北京-谁主沉浮在海润中深套后如何自救，疯狂唱空 哈哈 其实它深套,"https://guba.eastmoney.com/news,600401,238014827.html",2016-01-01 22:09:04,
其实 北京-谁主沉浮真的在海润深套的臭虫而已,"https://guba.eastmoney.com/news,600401,238014642.html",2016-01-01 22:06:55,
2016年4月20号早着呢,"https://guba.eastmoney.com/news,600401,238013467.html",2016-01-01 21:54:36,2016年4月20号早着呢
什么时候复牌,"https://guba.eastmoney.com/news,600401,237949887.html",2016-01-01 07:19:04,什么时候复牌
特大好消息，海润和京东方联姻,"https://guba.eastmoney.com/news,600401,238031446.html",2016-01-02 02:34:41,特大好消息，海润和京东方联姻
特大好消息：海润可以和京东方密切配合，相互取长补短，以求得最佳效果。(本文纯属娱,"https://guba.eastmoney.com/news,600401,238030872.html",2016-01-02 02:23:00,特大好消息：海润可以和京东方密切配合，相互取长补短，以求得最佳效果。(本文纯属娱乐，文中内容纯属虚构，不够成客观实质性伤害)
踏空不可耻！什么可耻那？,"https://guba.eastmoney.com/news,600401,238001468.html",2016-01-01 19:19:59,开盘后，开板后，不接盘，那才叫可耻，到时候能满仓而不满仓，那才叫可耻！！！
经历海润多次重组，战投等欺骗，不管结果怎么样，感觉是一直在演绎着 狼来了的故事，,"https://guba.eastmoney.com/news,600401,238027535.html",2016-01-02 01:04:54,经历海润多次重组，战投等欺骗，不管结果怎么样，感觉是一直在演绎着 狼来了的故事，呵呵，希望这次真的狼来了
杨怀进都跑了，马上就出坚持公告，赚钱的话，他会跑吗，用你们的猪脑子好好想想吧，祝,"https://guba.eastmoney.com/news,600401,237988539.html",2016-01-01 16:02:37,杨怀进都跑了，马上就出坚持公告，赚钱的话，他会跑吗，用你们的猪脑子好好想想吧，祝你父母早点退市
有感而发,"https://guba.eastmoney.com/news,600401,238020135.html",2016-01-01 23:10:55,2.78进的海润，到现在成本已到3.13.先不说他退不退市，一直在看他的公告，自己感觉他还是在积极应对（动作不断），不是破罐子破摔，哪怕最后还是退市了，也不恨他，他努力了。如果他的动作是卖空转移资产，那只能说我又被骗了，把自己卖了还帮他数钱，那就恨自己为什么又犯错了，最大的车子骗了我两次，事不过3，希望这次是对的。
海润光伏当时送股方案隐瞒了亏损8个亿的事实。过后是9个亿。一群不懂的人瞎bb。可以索赔的！,"https://guba.eastmoney.com/news,600401,237576602.html",2015-12-30 21:43:59,海润光伏当时送股方案隐瞒了亏损8个亿的事实。过后是9个亿。一群不懂的人瞎bb。可以索赔的！我当时也买了几万股！我也在索赔中！
联合光伏集团宣布，与阿里巴巴旗下拔萃国际资产管理有限公司签署条款书，向其发行5000万美元可换股债券，以共同合作收购光伏电站。,"https://guba.eastmoney.com/news,600401,238017559.html",2016-01-01 22:41:19,联合光伏集团宣布，与阿里巴巴旗下拔萃国际资产管理有限公司签署条款书，向其发行5000万美元可换股债券，以共同合作收购光伏电站。
熔断机制会不会影响到涨势,"https://guba.eastmoney.com/news,600401,238001609.html",2016-01-01 19:22:17,熔断机制会不会影响到涨势
北京-谁猪沉浮已在海润套傻了 深套50% 可怜的猪,"https://guba.eastmoney.com/news,600401,238013704.html",2016-01-01 21:56:46,报料 北京-谁猪沉浮在5.85追进 在2.21割肉3.42又追入 停牌前一天割肉 已疯
一只被深套在海润的老鼠 北京-谁主沉浮,"https://guba.eastmoney.com/news,600401,238014397.html",2016-01-01 22:04:33,哈哈
北京-谁主沉浮就是一个在海润被深套的老鼠,"https://guba.eastmoney.com/news,600401,238014295.html",2016-01-01 22:03:28,
北京-谁主沉浮就是一个在海润被套傻的猪 一个深套的傻子,"https://guba.eastmoney.com/news,600401,238014094.html",2016-01-01 22:01:16,独家报料 谁主沉浮 老羊看股 看空做多 满仓海润被套40% 这两头猪
北京-谁主沉浮这个大SB在5.5-5.8满仓买入了海润 这个大SB,"https://guba.eastmoney.com/news,600401,238010797.html",2016-01-01 21:22:06,
如果海润重组成功，有几倍啊，大家说说[献花][献花][献花][献花][献花][献,"https://guba.eastmoney.com/news,600401,237932076.html",2016-01-01 00:28:41,如果海润重组成功，有几倍啊，大家说说
独家报料 谁主沉浮 老羊看股 看空做多 满仓海润被套40% 这两头猪,"https://guba.eastmoney.com/news,600401,238011722.html",2016-01-01 21:33:01,独家报料 谁主沉浮 老羊看股 看空做多 满仓海润被套40% 这两头猪
越来越多的信息在显视重组，没票的不要再叫唤，好吗？求你们了。,"https://guba.eastmoney.com/news,600401,237905578.html",2015-12-31 20:57:02,越来越多的信息在显视重组，没票的不要再叫唤，好吗？求你们了。
狗咬狗，一嘴毛啊[大笑][大便],"https://guba.eastmoney.com/news,600401,238012530.html",2016-01-01 21:43:23,狗咬狗，一嘴毛啊[大便]
北京-谁猪沉浮 在海润高吸低抛 看空做多 现在满仓成本20元以上 终身解套无望 好可怜,"https://guba.eastmoney.com/news,600401,238012304.html",2016-01-01 21:40:24,
踏空不可耻！摆正心态一样赚钱。如此发泄，让人觉得此人更加可悲！,"https://guba.eastmoney.com/news,600401,237986349.html",2016-01-01 15:30:42,踏空不可耻！摆正心态一样赚钱。如此发泄，让人觉得此人更加可悲！
发个帖玩下,"https://guba.eastmoney.com/news,600401,237979648.html",2016-01-01 13:47:04,自从停牌了就不知道干什么了，来看贴吧就不自觉地成为了习惯！！！！！！！！！！！！！！！
警惕点吧，吧里看多力量占据绝对优势，这么多看多的朋友我在想会不会是庄家利用各种膨,"https://guba.eastmoney.com/news,600401,237998667.html",2016-01-01 18:39:21,警惕点吧，吧里看多力量占据绝对优势，这么多看多的朋友我在想会不会是庄家利用各种膨胀信息让我们散户冲昏头脑，开盘拉升出货。本人声明全仓海润77500股，至于后市谁也看不透看不准，总之还是谨慎点吧
澄清公告的看点：1如果上市公司没有猫腻，2016摘帽有望  2.海润单方面表达了,"https://guba.eastmoney.com/news,600401,238003343.html",2016-01-01 19:47:07,澄清公告的看点：1如果上市公司没有猫腻，2016摘帽有望 2.海润单方面表达了对88亿合同交割的看法，注意，是海润单方面的看法，现在最关键的是联合方面的真实想法…… 这么大的盘子这么多散户，不要期望能涨多少倍…… 如果是大型名企借壳，那么恭喜各位了。[不屑][不屑]
忽悠退市我看是差不多了,"https://guba.eastmoney.com/news,600401,237992020.html",2016-01-01 16:56:40,忽悠退市我看是差不多了
谁主沉浮是猪 满仓5.5买入海润,"https://guba.eastmoney.com/news,600401,238010966.html",2016-01-01 21:24:03,
对&quot;老羊看股&quot;之流，我想大家应该这样看！ 这个吧里，像老羊之类有好几个，天天叫空,"https://guba.eastmoney.com/news,600401,237987567.html",2016-01-01 15:48:46,"对""老羊看股""之流，我想大家应该这样看！
这个吧里，像老羊之类有好几个，天天叫空，本来看空、老多，纯属个人观点别人无权说三道四，但是这几个人完全是恶意叫空，更让人无法忍受的是还幸灾乐祸，甚至歪曲误导！
这个吧里很多是新股民，本来操作经验就很差，平时也是听别人操作，这对他们会造成巨大损失，特别是原先被深套的股民，如果被他们误导错误操作，那损失将是致命的，我想问问这几个人，你们有没起码的做人准则！有人说你们是庄托，那太抬举你们了，哪个庄会用你们这种水准的托！
最后，我想说，如果你们还要继续无休止的、不负责任的发帖，请你们把你们的持股量晒出来，而且是可证实的，否则请你们闭嘴！不要害人了，害人不利己你们图什么？！"
散户太多了,"https://guba.eastmoney.com/news,600401,237983927.html",2016-01-01 14:53:26,散户太多了
退市，退市，退市，海润退市，,"https://guba.eastmoney.com/news,600401,237980704.html",2016-01-01 14:01:51,退市，退市，退市，海润退市，
持股的，肯定是赚了！让踏空唱空的去哭吧！,"https://guba.eastmoney.com/news,600401,238006309.html",2016-01-01 20:28:15,持股的，肯定是赚了！让踏空唱空的去哭吧！
为了证实谁是踏空的，咱们截下交易图上传。,"https://guba.eastmoney.com/news,600401,238003100.html",2016-01-01 19:44:02,为了证实谁是踏空的，咱们截下交易图上传。
独家报料 谁主沉浮是猪 满仓5.5买入海,"https://guba.eastmoney.com/news,600401,238011189.html",2016-01-01 21:26:29,独家报料 谁主沉浮是猪 满仓5.5买入海
*ST海润：第五届董事会第六十八次（临时）会议决议公告 中金在线 01-01 1,"https://guba.eastmoney.com/news,600401,238010503.html",2016-01-01 21:18:46,"*ST海润：第五届董事会第六十八次（临时）会议决议公告
中金在线
01-01 13:44
证券代码：600401 证券简称： *ST海润公告编号：临2016-001
海润光伏科技股份有限公司
第五届董事会第六十八次(临时)会议决议公告
本公司及董事会全体成员保证公告内容不存在虚假记载、误导性陈述或者
重大遗漏，并对其内容的真实、准确和完整承担个别及连带责任。
海润光伏科技股份有限公司(以下简称“公司”)第五届董事会第六十八次
(临时)会议，于 2015 年 12 月 28 日以电子邮件、电话通知的方式发出会议通
知和会议议案，于 2015 年 12 月 31 日在公司会议室召开，应到董事 5 名，实到
董事 5 名。公司监事、高级管理人员列席了会议，符合《公司法》和《公司章程》
的规定。会议由代理董事长李延人先生主持。会议经过讨论，通过了以下决议：
一、审议通过《关于转让全资子公司 70%股权的议案》
本 议 案 详 见 2016 年 1 月 4 日 刊 登 于 上 海 证 券 交 易 所 网 站
(http://www.sse.com.cn)及《证券时报》、《证券日报》、《上海证券报》、《中国"
12月30日，马云在浙商年会上表示，雾霾治理中有可能诞生中国未来30年最了不起,"https://guba.eastmoney.com/news,600401,237999926.html",2016-01-01 18:59:10,12月30日，马云在浙商年会上表示，浙商未来最大机会在于整个国家消费品质的提升，而雾霾治理中有可能诞生中国未来30年最了不起的企业。同时指出，中国未来3到5年经济情况并不容乐观，但未来5到15年，中国经济还是很有机会
如果年报盈利最早什么时候摘帽,"https://guba.eastmoney.com/news,600401,238004806.html",2016-01-01 20:05:04,谁知道
能和000520一样我就知足啦,"https://guba.eastmoney.com/news,600401,237988252.html",2016-01-01 15:58:21,能和000520一样我就知足啦
大家警惕点吧,"https://guba.eastmoney.com/news,600401,237998161.html",2016-01-01 18:29:28,大家警惕点吧
有票的和没票的现在争论都没什么意义，反正得等年报是亏是赚都是命,"https://guba.eastmoney.com/news,600401,238000557.html",2016-01-01 19:08:46,有票的和没票的现在争论都没什么意义，反正得等年报是亏是赚都是命
个人浅见，联合光伏100亿都已经融资好了，到底是用来买海润的电站还是直接入股海润,"https://guba.eastmoney.com/news,600401,237988279.html",2016-01-01 15:58:53,个人浅见，联合光伏100亿都已经融资好了，到底是用来买海润的电站还是直接入股海润就不好说，但再怎么样也不会拿着那100亿去告海润吧，去联合光伏的官网也没看到其他收购电站的公告，
祝福海润！祝福坚定持有海润的朋友！,"https://guba.eastmoney.com/news,600401,238008576.html",2016-01-01 20:55:53,祝福海润！祝福坚定持有海润的朋友！
我有一万股，大家出个价。,"https://guba.eastmoney.com/news,600401,237982928.html",2016-01-01 14:36:00,我有一万股，大家出个价。
我今天没出去玩，外面人太挤了。。。来个股票小知识，为什么不能重仓买一只股票？,"https://guba.eastmoney.com/news,600401,237980367.html",2016-01-01 13:56:29,我今天没出去玩，外面人太挤了。。。来个股票小知识，为什么不能重仓买一只股票？
这是什么？,"https://guba.eastmoney.com/news,600401,238001931.html",2016-01-01 19:27:33,这是什么？
我老婆说，这票是退市股，谁买谁亏，下周复牌定会五连跌，，哈哈哈,"https://guba.eastmoney.com/news,600401,237958292.html",2016-01-01 09:21:34,我老婆说，这票是退市股，谁买谁亏，下周复牌定会五连跌，，哈哈哈
其实那些整天说亏损，退市的，就系想博取点击率的，有什么好处不知道，只要大家不点击,"https://guba.eastmoney.com/news,600401,237989697.html",2016-01-01 16:19:14,其实那些整天说亏损，退市的，就系想博取点击率的，有什么好处不知道，只要大家不点击，不回复，他们就觉得无意思了，自然会收声闭嘴！海润停牌前大把时间让大家出货，海润的前途大家暂时都系只能猜测，既然守到现在，安静等待就好！
老杨，胸不平是你个人。我猜的,"https://guba.eastmoney.com/news,600401,237986164.html",2016-01-01 15:27:39,老杨，胸不平是你个人。我猜的
同喜同喜！海润敢于澄清终于驱散了持股者的阴霾！我也解读一下！ 虽然前途还有不少荆,"https://guba.eastmoney.com/news,600401,237985673.html",2016-01-01 15:20:08,"同喜同喜！海润敢于澄清终于驱散了持股者的阴霾！我也解读一下！
虽然前途还有不少荆棘，但这个核心问题太重要了，赚不到钱如果再贴钱那退市几成定局，从公告可以看出:1.收入的5亿未计入当年损益，说明前3季度的盈利与此无关。2. 88亿合同交割期有很大弹性，说明此前报道不实。3. 公司及时公告，说明新董事会对中小投资者诉求的重视有明显的改变。"
重大利空？联合光伏追讨10亿违约款，海润难逃退市厄运？持有海润光伏必将倾家荡产？,"https://guba.eastmoney.com/news,600401,237969994.html",2016-01-01 11:41:59,重大利空？联合光伏追讨10亿违约款，海润难逃退市厄运？持有海润光伏必将倾家荡产？
中科云网与海润光伏合并，叫中科海润,"https://guba.eastmoney.com/news,600401,237983248.html",2016-01-01 14:41:19,中科云网与海润光伏合并，叫中科海润
从海润澄清公告里可以看出，海润壳应该是保住了，现在终于松了口气了，联合的五亿预付,"https://guba.eastmoney.com/news,600401,237936181.html",2016-01-01 01:24:40,从海润澄清公告里可以看出，海润壳应该是保住了，现在终于松了口气了，联合的五亿预付款没有计入2015年损益，也就是说就卖那几家公司就可以把账面做平且微盈利。只要2015账面是扭亏为盈，壳就保住了，摘帽可能不会，去星是一定的。如果2016年报是盈利的，那么2017就摘帽。至于重组和增发，现在公司没有透露我们就不去猜测它，还有联合的工程交割延迟，也不会出现赔偿违约金，不过也算不上好消息，里面有一句海润无条件用已投产的同规模电站置换，“无条件”三字就足以说明海润会吃亏的，不过影响不会很大，大了海润也不会同意，海润也可以和联合扯“同规模”三字，比在建电站明显好的电站我可以说不同规模，因为规模不单指发电光伏功率。光伏跟地理环境，阳光饱和度的不同有很很大差别。慢慢和联合脱，我延迟交电站，你延迟给海润钱就行了。好像不够专业水准，说的是框架协议，应该还有一份正式合同才对，88亿大单的大买卖，不可能具备模棱两可，这位我们就不知道了！不管怎么样，是百分之百不会退市了，我们也就放心了，股价涨还是有希望的！我们赞一个！
新年海润股民发大财！,"https://guba.eastmoney.com/news,600401,237982799.html",2016-01-01 14:34:06,新年海润股民发大财！
散户太多，瑕疵太多，不退市就是万幸,"https://guba.eastmoney.com/news,600401,237981984.html",2016-01-01 14:22:22,散户太多，瑕疵太多，不退市就是万幸
股市无绝对，奉劝各位看多持股的散户也别太高兴，真正赚到钱才说吧,"https://guba.eastmoney.com/news,600401,237972497.html",2016-01-01 12:09:56,股市无绝对，奉劝各位看多持股的散户也别太高兴，一天没有摘帽重组公告都可能有意外的情况的，真正赚到钱才说吧，2016祝大家在海润光伏赚钱，我也希望海润继续停牌最少到4月份
持有海润的朋友，2016发大财！[财力][财力][财力][财力],"https://guba.eastmoney.com/news,600401,237979973.html",2016-01-01 13:51:56,持有海润的朋友，2016发大财！
"从公告看来,联合违约了，是否可以这样理解？","https://guba.eastmoney.com/news,600401,237977485.html",2016-01-01 13:17:20,本来6.20前应该付5亿预付款，为何致今没有收到?
什么时候复牌呀,"https://guba.eastmoney.com/news,600401,237960300.html",2016-01-01 09:47:18,什么时候复牌呀
看看踏空者的名就不正常.，什么不平.沉浮.小白.面具哥.西施.天天在那里空唱.。,"https://guba.eastmoney.com/news,600401,237971227.html",2016-01-01 11:54:29,看看踏空者的名就不正常.，什么不平.沉浮.小白.面具哥.西施.天天在那里空唱.。它们应该叫着(割肉退市)
发财了哈哈，我的50000股啊,"https://guba.eastmoney.com/news,600401,237963627.html",2016-01-01 10:28:33,。
新年好！,"https://guba.eastmoney.com/news,600401,237958509.html",2016-01-01 09:24:32,新年好！
股吧真的是什么人都有，是不是买ST的人都是赌徒？我就看三季度业绩是正的，股价是超,"https://guba.eastmoney.com/news,600401,237960372.html",2016-01-01 09:48:35,股吧真的是什么人都有，是不是买ST的人都是赌徒？我就看三季度业绩是正的，股价是超级低的，就买了点看看有希望摘帽不，尽然关了，关就关呗，股吧信息完全就是2个极端，一边是退市，一边是不设涨停的复盘暴涨，都不靠谱啊。
真不明白那些喊退市的人有啥根据这么说。哪位高手能给指点指点,"https://guba.eastmoney.com/news,600401,237961543.html",2016-01-01 10:04:08,真不明白那些喊退市的人有啥根据这么说。哪位高手能给指点指点
退市，退市，退市，海润退市，,"https://guba.eastmoney.com/news,600401,237954836.html",2016-01-01 08:34:22,退市，退市，退市，海润退市，
我对海润光伏公告的理解,"https://guba.eastmoney.com/news,600401,237933390.html",2016-01-01 00:44:59,2016年1月1日，新年伊始，海润光伏发布公告：1.“*ST海润澄清公告”、2.“*ST海润关于转让全资子公司70%股权的公告”、3.“*ST海润第五届董事会第六十八次(临时)会议决议公告”。第3则公告可以看过算过；第2则公告属于正常业务范畴，应该视作利好；第1则公告最有价值，这是公司对一些不良媒体的不实报道的反击，能安抚股民之心，这是公司的作为之举。
恭祝2016.中国a市红红火火.恭祝2016的你随心所欲,"https://guba.eastmoney.com/news,600401,237959419.html",2016-01-01 09:35:48,祝你2016，新的一年 一帆風順 二龍騰飛 三羊開泰 四季平安 五福臨門 六六大順 七星li照 八方來財 九九同心 十全十美，早安[玫瑰]
怎么样才能首日不设涨幅开盘？,"https://guba.eastmoney.com/news,600401,237936814.html",2016-01-01 01:36:19,"600401 好像是要增股 非公开增股能首日不设涨幅吗？
海润有可能首日不设涨幅吗　求大神指教.　

一：新股上市首日， 
二：股权分置改革完成复牌上市首日时视同新股上市， 
三：吸收合并整体上市的股票上市首日， 
四：暂停上市的股票恢复上市上市首日， 
五：股票增发增发股份上市上市首日。"
[亏大了][亏大了]如何阿里集团做大股东的话，你们觉得可以拉到什么价位[亏大了],"https://guba.eastmoney.com/news,600401,237933329.html",2016-01-01 00:44:28,如何阿里集团做大股东的话，你们觉得可以拉到什么价位
新领导比老杨强多了！！迅速做出反应,"https://guba.eastmoney.com/news,600401,237949019.html",2016-01-01 06:58:30,新领导比老杨强多了！！迅速做出反应
老羊不是一般人吧，一般人怎能读懂？,"https://guba.eastmoney.com/news,600401,237955419.html",2016-01-01 08:42:48,老羊不是一般人吧，一般人怎能读懂？
持股待涨，安心过新年！2016牛股600401，不到35元不放手！[微笑],"https://guba.eastmoney.com/news,600401,237959109.html",2016-01-01 09:32:06,持股待涨，安心过新年！2016牛股600401，不到35元不放手！
朋友们啊！已经2016了啊！我们小散就不要揣着几十万的钱，操着几个亿的心啦！是你,"https://guba.eastmoney.com/news,600401,237931020.html",2016-01-01 00:14:12,朋友们啊！已经2016了啊！我们小散就不要揣着几十万的钱，操着几个亿的心啦！是你的想跑也跑不掉，不是你的日思夜想也没有用！2016，让我们放下抱怨，甩掉烦恼，我在沈阳，祝大家新年快乐！点赞回复股票翻倍啦！
收官之年一记响亮的耳光！抽的踏空的造谣的满地找牙！,"https://guba.eastmoney.com/news,600401,237921837.html",2015-12-31 22:55:20,收官之年一记响亮的耳光！抽的踏空的造谣的满地找牙！
胸不平跟老羊的关系，男人都知道,"https://guba.eastmoney.com/news,600401,237907774.html",2015-12-31 21:12:13,胸不平跟老羊的关系，男人都知道
安祥恭祝海润股东新年快乐，恭祝海润光福人间！,"https://guba.eastmoney.com/news,600401,237929758.html",2016-01-01 00:00:01,开心投资，快乐生活！
安祥恭祝新亿股东新年快乐，恭祝新亿名至实归！,"https://guba.eastmoney.com/news,600401,237929666.html",2015-12-31 23:58:50,开心投资，快乐生活！
海润占大连鼎帝约30%的股权，2015年大连鼎帝的利润也有30%合并到海润年报中。,"https://guba.eastmoney.com/news,600401,237902558.html",2015-12-31 20:37:03,有会算的可以算一下，2015海润总利润会有多少？每股收益又有多少？
*ST海润：新华保险已在二级市场买入公司股票即将举牌公司？,"https://guba.eastmoney.com/news,600401,237747439.html",2015-12-31 11:58:19,"新华保险已在二级市场买入公司股票即将举牌公司？

　　*ST海润：以公司发布的相关公告为准

　　据传新华保险已在二级市场买入*ST海润（600401）股票，即将举牌海润。有投资者在上证e互动上询问公司情况是否属实。*ST海润表示，公司相关信息，请以公司发布的相关公告为准。"
2016海润必到20，大家一起等着数钱吧！,"https://guba.eastmoney.com/news,600401,237902125.html",2015-12-31 20:34:34,2016海润必到20，大家一起等着数钱吧！
还有卖票的吗？？？？3.01收。,"https://guba.eastmoney.com/news,600401,237910194.html",2015-12-31 21:30:02,还有卖票的吗？？？？3.01收。
我感觉小散跟取经一样半路老出妖精信念不坚定难成正果,"https://guba.eastmoney.com/news,600401,237913517.html",2015-12-31 21:55:49,还有漂亮的女人陷阱
胸不平跟老羊你卖吗？？？？,"https://guba.eastmoney.com/news,600401,237910401.html",2015-12-31 21:31:38,胸不平跟老羊你卖吗？？？？
退市，退市，复牌三连跌，,"https://guba.eastmoney.com/news,600401,237894563.html",2015-12-31 19:40:11,退市，退市，复牌三连跌，
猴年祝有票的发大财    没票的等30块我卖你们,"https://guba.eastmoney.com/news,600401,237901384.html",2015-12-31 20:29:57,心想事成
88亿 与15年全年业绩无关，空方就别拿这个理由唱空了，赶紧另外想折,"https://guba.eastmoney.com/news,600401,237897372.html",2015-12-31 19:58:42,"88亿 与15年全年业绩无关，空方就别拿这个理由唱空了，赶紧另外想折

经核实，现澄清如下：

1、截止目前，公司累计收到联合光伏支付预付款共计5亿港元，公司所收到的5亿港元并未计入当期损益；

看清楚 是截止目前 截止目前 截止目前 5亿港元并未计入当期损益，重要的事情说三遍，"
目前唱多唱空有卵用，安心等待后续公告才是。最后的结果不会因为唱多或唱空而改变。,"https://guba.eastmoney.com/news,600401,237901161.html",2015-12-31 20:28:25,目前唱多唱空有卵用，安心等待后续公告才是。最后的结果不会因为唱多或唱空而改变。
感觉海润腰板硬  像新东家不像海润以前的做法,"https://guba.eastmoney.com/news,600401,237885714.html",2015-12-31 18:46:58,感觉海润腰板硬 像新东家不像海润以前的做法
停牌期间唱空看高到30元,"https://guba.eastmoney.com/news,600401,237886304.html",2015-12-31 18:52:07,发了
出个澄清公告我没看见哪点好了。一个个还在那叫好！,"https://guba.eastmoney.com/news,600401,237892792.html",2015-12-31 19:29:00,看明白公告没，很多电站没交付呢，还打算和人家协商，如果协商不成，赔偿人家在所难免！看这架势一时半会电站也交付不了，这笔88亿单子差不多黄一半了！等退市吧.
《澄清公告》中为何没有涉及新华保险举牌？,"https://guba.eastmoney.com/news,600401,237892050.html",2015-12-31 19:24:45,莫非。。。哇塞，想想都激动。。。
年底最大利好！,"https://guba.eastmoney.com/news,600401,237886885.html",2015-12-31 18:56:15,年底最大利好！
大家不要相信小报财经消息。,"https://guba.eastmoney.com/news,600401,237837357.html",2015-12-31 15:00:31,大家不要相信小报财经消息，既然买了，股票也如我们买的初衷那样停牌了。还有什么担心的，昨天报出的那个88亿合同可能终止的消息，是真是假我不知道，也不做评价，但是我不会去在几个狗托狂叫的情况下强迫自己去相信，我只相信公司在证监会官方指定网站发的公告，其它一切渠道得来的消息都不一定是真的
有人盯上我们的票票了,"https://guba.eastmoney.com/news,600401,237878178.html",2015-12-31 17:52:15,打死也不卖，照着情况海润上30
海润不追究无良媒体责任吗让他们乱咬,"https://guba.eastmoney.com/news,600401,237884776.html",2015-12-31 18:39:45,乱叫
股民们要有理智，不要乱骂人。吧里没有一个人希望海润股票跌，都希望赚钱，有谁和钱过,"https://guba.eastmoney.com/news,600401,237605790.html",2015-12-31 00:27:41,股民们要有理智，不要乱骂人。吧里没有一个人希望海润股票跌，都希望赚钱，有谁和钱过不去。看空者有看空者的想法，看多者有看多这的想法。都没有怀什么坏意。毕竟我们几个散户左右不了股价。股价不会因我们的看法而改变。现在海润确实存在几方面困难，客观的说像海润这样一个基本可以说是资抵债后就是一空壳的公司。报表上是显示有四十七亿，是按它投入的资金计算的，一两年折旧也不会扣除多少。但按市场价值出去水分，海润资债相抵，不会超出十亿，也就是说每股实际净资产只有二三角钱。现在面临注册制壳不值钱了，要是以前一个空壳二十三十亿都排队抢，只能说是海润不縫时了。现在海润不但在前不久这节骨眼上证监会以海润发布虚假信息误导投资者被罚，接着就是投资者蜂拥而至索赔。再一个定海润生死的88亿大单搁浅，这不怪联合是海润在按约定时间推后十天都执行不了，就是三个月也无法完成。现在联合要收回预付款和赔偿金，同时合同取消。是合理合法的。现在不要说海润陪违约金，就是单退预付款都没钱拿出来。现在已经是月底，明天就2016年了。所以2015亏损是板上钉钉，也可以说是退市板上钉钉，已经连续三年亏损。即使引入战投，88亿单也奇迹般转机达成了，也是2016年的事了，也于2015年无关了。退市是定性了。现在海润还在拖，明年四月出财务报表。也就是说不会超过明年六月退市停止交易，在这几个月里就看大家的智慧了，机构想出来可能会往上拉，如果他们也狂抛的话立马就跌停，他们出不来，所以他们明知是烫手山芋也得在下面托到起，散户损失不会很大，结构，游资可能损失就大多了。估计什么重组，增发都是空事，因为现在的战投哪里还有傻子！个人看法，未免主观。望海涵！
定增已成定局，引进战投正在进行时,"https://guba.eastmoney.com/news,600401,237318140.html",2015-12-30 09:56:03,"定增已成定局，引进战投正在进行时
老杨为引进战投，主动辞去董事会所有职务（原因董事长如有处罚，36个月内不得进行任何重大事项）
在这里说老杨跑路的，可以消停了。老杨为了公司的发展，为了引进战投可以说是鞠躬尽瘁。
话说为什么老杨在一年前，冒天下之大不韪而大10送20呢？因为仗义！为了给支持他，帮助他的老股东，一个高回报的答卷。因为他要引进战投，现有的董事会成员，已经成为障碍。那么“请走”他们显然成为一件难事，这时高额送股拉高股价便成为最好的送别方式。让原有大股东赚得盆满钵满退出的同时，又引进了战投，唯一的副作用就是 违反了上市场规定，当然，成大事者可不拘小节。
就这样，杨在以高回报率送走前股东的同时又引进了战投。虽然自己已不再是董事长，然而，能看自己的孩子健康成长，作为父亲的杨又何尝不在偷着乐呢。

踏空者不甘踏空，继续唱空

满仓者胸有成竹，握紧筹码"
恒基罗汉洞20MW光伏电站项目并网发电 海润光伏为EPC总包方  哪家公司退市前还这么多项目落地？,"https://guba.eastmoney.com/news,600401,237876195.html",2015-12-31 17:40:42,"发送EMAIL 


2015年12月31日 

恒基罗汉洞20MW光伏电站项目并网发电 海润光伏为EPC总包方



12月29日，由海润光伏作为EPC总包方建设的秦皇岛恒基罗汉洞20MW光伏电站项目成功并网发电。

据河北省物价局关于该项目上网电价的批复，该项目自并网发电之日起，其上网电价暂在国家规定的光伏发电项目标杆上网电价基础上加价0.20元，即每千瓦时1.15元，并随国家对标杆上网电价的调整相应调整。三年后按国家规定的光伏发电项目标杆上网电价执行。

据悉，该项目位于秦皇岛市青龙县东南部隔河头镇罗汉洞村周边的丘陵荒山，全年水平面日辐射值约为4.39Wh/m2/day。预计本工程首年发电量为2800万kW·h，年等效利用小时数1400h。根据该光伏电站装机容量测算，按2013年全国60万千瓦及以上规模电厂供电标准煤耗321g/kWh计算，每年可为国家节省标煤0.899万t，与相同发电量的火电相比，该项目每年可减少烟尘排放量约161.3t（除尘器效率取99％），减少排放温室效应气体CO2约3.44万t，减少其他废气排放：SO2约134.1t（煤全硫分取0.7％，未脱硫），NO2约138t，CO约3.12t，并可减少相应的废水排放。"
摘帽是一定的了，88亿即使违约赔钱也是算在2016年，但88亿的利润已经算在20,"https://guba.eastmoney.com/news,600401,237868026.html",2015-12-31 16:46:54,"摘帽是一定的了，88亿即使违约赔钱也是算在2016年，但88亿的利润已经算在2015年前三季么?不计算88亿，2015年是盈利的。大家怎么看？
散户随便拿这个说退市还可谅解，但是媒体拿这个说退市是否有什么目的。手上这么多电站，随便卖卖就可保壳。而建电站卖电站不过是做产品卖产品。请无良媒体解读退市一说！"
退市，退市，退市，复牌三连跌，,"https://guba.eastmoney.com/news,600401,237860284.html",2015-12-31 16:08:00,退市，退市，退市，复牌三连跌，
看啊！把老杨控股的海润公司搞得混水一谭根源就是他。,"https://guba.eastmoney.com/news,600401,237866531.html",2015-12-31 16:38:35,第一钱作怪，第二就是缺钱，第三还是缺钱。
致海润股吧里的朋友：元旦快乐，股票买了就涨，卖了就跌，而不是买了就跌，卖了就涨[,"https://guba.eastmoney.com/news,600401,237864360.html",2015-12-31 16:26:42,"致海润股吧里的朋友：元旦快乐，股票买了就涨，卖了就跌，而不是买了就跌，卖了就涨！
现在吧里乌烟瘴气的，唱空的被唱多的骂空狗，唱多的被唱空骂无知！
我相信每位股民买一只股，都会对公司进行一次细致分析和了解，包括它的成长过程，盈利状况，股净率，未来发展，主力机构的持仓大致情况，持股大致成本，持仓强度，战术手法以及对大盘未来大致走向预判，是否配合主力预定运作等等都认真细致的分析过。
相信进海润的，不是看重基本面来的，因为基本面确实太差。更主要的成分是一个字“赌”，赌它的重组，赌它的脱帽进来的。既然是赌，那就是风险大，盈利大的代名词。成功了就大赚，失败了就大亏。早就有这心里准备和承受能力。既然我们怀着投机的梦想买了海润。就听天由命吧，不管唱多还是唱空，谁也不骂谁。觉得和自己的口味就点个赞，觉得不对就不理会就行了。别骂街，像个没素质的泼妇样，多给自己的颜值抹黑呀！
中国有句俗话，“忠言逆耳利于行，良药苦口利于病。”不和自己胃口的话不一定是坏话。"
引进360？,"https://guba.eastmoney.com/news,600401,237828874.html",2015-12-31 14:49:19,有可能
看你们这么猴急，我来答疑吧！,"https://guba.eastmoney.com/news,600401,237739988.html",2015-12-31 11:37:41,88亿大合同，肯定是不能全部执行的，要延后，如果毁约，其实也不是多大的事情，预付款退了，没多大影响，优质资产还在手里，怕啥？2016年继续卖就是了，光伏是优质资产，外面一堆人抢着要，说不定能多赚几个亿。
发达了 杨怀进连联合光伏都不放在眼里 你说重组方会是谁,"https://guba.eastmoney.com/news,600401,237748458.html",2015-12-31 12:01:50,发达了 杨怀进连联合光伏都不放在眼里 你说重组方会是谁
董秘因为广告出错透露机密在审核时候被羊发现故要迟点发公告,"https://guba.eastmoney.com/news,600401,236757816.html",2015-12-28 17:35:53,董秘因为广告出错透露机密在审核时候被羊发现故要迟点发公告
今天的两个公告，不知看空者今晚会说些什么？,"https://guba.eastmoney.com/news,600401,234552463.html",2015-12-23 19:04:15,肯定有不少原看好的跟不上突然停的步伐，不管是小机构还是小散户，都会在这不停的留点击，因为他们不甘心啊。所以点击量至少有5类人：买到的，没买到的，原买到的做短差踏空的，一直看好没有买到的，吃不到葡萄看别人吃说酸的.但我想今天对这公告看空的理由绝不会太多。
俺想了个好主意,"https://guba.eastmoney.com/news,600401,237758281.html",2015-12-31 12:40:33,"叫光伏和核电进行重组，那将是什么阵势！

第一、有重组概念了，强强联手

第二、环保、新能源、全有了

第三、体量肯定是巨无霸型的、谁也惹不起

第四、绝不会在给弄个st玩了

要是成功了，股价上100玩是的，小菜一碟，"
叫“中子光能”？,"https://guba.eastmoney.com/news,600401,237763943.html",2015-12-31 13:02:56,中威力大吧？够霸气吗？或叫“光伏恒能”
海润怎么了，摘帽没问题，定增有戏,"https://guba.eastmoney.com/news,600401,237760232.html",2015-12-31 12:48:38,"现在炒作联合光伏88亿订单成交不了，好像前三季度海润没有把这88亿放在利润里面，已经盈利了，即使年末把成本什么算上，但又卖了几个公司，盈利摘帽应该没问题，也不可能有问题吧。。。
现在是更改交易方式搞非公开增发，总共才38亿左右，是不是联合光伏的88亿，一部分改成增发了呢。。。。"
88亿将作为2016年战投换股权！计入2016年以确保2016年是盈利的一年,"https://guba.eastmoney.com/news,600401,237632857.html",2015-12-31 08:03:02,88亿将作为2016年战投换股权！计入2016年以确保2016年是盈利的一年
我盆友以前买的st超日就是重组失败，复牌一路狂跌30%， 最后1.91退市。那个,"https://guba.eastmoney.com/news,600401,237679828.html",2015-12-31 10:10:36,"我盆友以前买的st超日就是重组失败，复牌一路狂跌30%，
最后1.91退市。那个受得了。"
祝海润2016成妖,"https://guba.eastmoney.com/news,600401,237755384.html",2015-12-31 12:28:02,有妖的潜质
号外  号外  胸不平搞基的艾滋病,"https://guba.eastmoney.com/news,600401,237748363.html",2015-12-31 12:01:27,估计就这几天挂了
联合光伏背后还真的有马云的基金公司支持，这次发了,"https://guba.eastmoney.com/news,600401,237635086.html",2015-12-31 08:18:42,联合光伏背后还真的有马云的基金公司支持，这次发了
海润合作协会成立了,"https://guba.eastmoney.com/news,600401,237738894.html",2015-12-31 11:35:38,有卖的联系
我猜想买海润的不少卖的留电话,"https://guba.eastmoney.com/news,600401,237739957.html",2015-12-31 11:37:39,不要怕天不会踏下来
3元以下收海润卖的留电话我在买点,"https://guba.eastmoney.com/news,600401,237737273.html",2015-12-31 11:32:37,与海润共存亡 不成功变成仁
把痛苦留给我3元以下收啊门,"https://guba.eastmoney.com/news,600401,237735722.html",2015-12-31 11:30:08,把痛苦留给我3元以下收啊门
那么多利空这可怎么办呀 呜呜[哭],"https://guba.eastmoney.com/news,600401,237687787.html",2015-12-31 10:21:39,那么多利空这可怎么办呀 呜呜
谎言不攻自破3块卖的联系,"https://guba.eastmoney.com/news,600401,237730157.html",2015-12-31 11:22:00,我买把痛苦留给我
三块谁卖联系,"https://guba.eastmoney.com/news,600401,237726765.html",2015-12-31 11:17:12,我买
股民们的福音，证监会马上出台禁止高频撤单，这是打击机构操纵股票价格最有力武器！,"https://guba.eastmoney.com/news,600401,237716285.html",2015-12-31 11:01:54,股民们的福音，证监会马上出台禁止高频撤单，这是打击机构操纵股票价格最有力武器！
ST海润通过向联合光伏增发方式来进行重组!然后改名为&quot;联合光伏&quot;!,"https://guba.eastmoney.com/news,600401,237649331.html",2015-12-31 09:23:15,"ST海润通过向联合光伏增发方式来进行重组!然后改名为""联合光伏""!"
一个个的还在那做美梦呢，买了这么一个骗子公司的股票还盼着多少个板！,"https://guba.eastmoney.com/news,600401,237637699.html",2015-12-31 08:35:28,还都幻想什么战投重组呢，哪个战投的猪脑袋能看上这么一个不讲信用，盘子还大的烂公司！看看这一年里换几个财务了！说明这公司财务状况相当不好。买这股真心让人不放心！
忐忑不安，担心重组不成功，复牌一路狂泄……,"https://guba.eastmoney.com/news,600401,237650830.html",2015-12-31 09:26:24,忐忑不安，担心重组不成功，复牌一路狂泄……
海润光伏当时送股方案隐瞒了亏损8个亿的事实。过后是9个亿。我也在索赔中！,"https://guba.eastmoney.com/news,600401,237577801.html",2015-12-30 21:48:50,海润光伏当时送股方案隐瞒了亏损8个亿的事实。过后是9个亿。我也在索赔中！
一切都以公告为准，新闻都她妈扯蛋！一帮踏空人的龌蹉思维,"https://guba.eastmoney.com/news,600401,237604550.html",2015-12-31 00:16:24,一切都以公告为准，新闻都她妈扯蛋！一帮踏空人的龌蹉思维
ST海润通过向联合光伏增发方式来进行重组!,"https://guba.eastmoney.com/news,600401,237644939.html",2015-12-31 09:09:58,ST海润通过向联合光伏增发方式来进行重组!
海润为什么不对联合光伏表态88亿合同新闻做出反应???,"https://guba.eastmoney.com/news,600401,237626943.html",2015-12-31 07:13:34,海润为什么不对联合光伏表态88亿合同新闻做出反应???不需据理力争还是无言以对????
本公司及董事会全体成员保证信息披露的内容真实准确完整没有虚假记载、误导性陈述或重大遗漏。你了解他的含义吗？很多人就根本不懂证劵法！,"https://guba.eastmoney.com/news,600401,237597369.html",2015-12-30 23:25:17,本公司及董事会全体成员保证信息披露的内容真实、准确、完整，没有虚假记载、误导性陈述或重大遗漏。你了解他的含义吗？很多人就根本不懂证法！
谢谢各位唱空的人们，你们的好心我领了。 知道退市才买的。你是怕退市才清空的。 志,"https://guba.eastmoney.com/news,600401,237635284.html",2015-12-31 08:20:10,"谢谢各位唱空的人们，你们的好心我领了。
知道退市才买的。你是怕退市才清空的。
志不同不相为谋。 
你在咋说也卖不了，也不会卖。
请你们放心，我自己做的决定自己负责。
我的钱，我愿意买啥就买啥。"
看来这次踏空的不在少数啊！冤声太多了，,"https://guba.eastmoney.com/news,600401,237631872.html",2015-12-31 07:54:24,看来这次踏空的不在少数啊！冤声太多了，
谣言止于谣言！不攻自破，踏空割肉出局的太多，现在是他们歇斯底里的时候,"https://guba.eastmoney.com/news,600401,237631387.html",2015-12-31 07:50:15,谣言止于谣言！不攻自破，踏空割肉出局的太多，现在是他们歇斯底里的时候
这次请的狗还真多！看来狼来了是真的，收购必成功！,"https://guba.eastmoney.com/news,600401,237636084.html",2015-12-31 08:25:14,这次请的狗还真多！看来狼来了是真的，收购必成功！
你们最近看电视剧&lt;&lt;温州两家人&gt;&gt;没有，如果没看马上在网络上看看，剧情里的侯三寿,"https://guba.eastmoney.com/news,600401,237634971.html",2015-12-31 08:17:52,你们最近看电视剧<<温州两家人>>没有，如果没看马上在网络上看看，剧情里的侯三寿就是海润的老杨，这部片子就是中国光伏的真实写照，一点塑造水分没有，太催人泪下了，那些光伏企业股东因资金断裂而跳楼自杀的画面你看了，你一辈子都不会有一分钱的实力，去做几分钱的扩张。中 国的，钢铁，光伏，房 地 产，的过分扩张导致产能过剩，这和政 府，宏观调控没做好有一定关系，不过现在好了他们意识到了，任何产业都要有一个大的宏观调控，否则会出现危机。相信相 关部 门能协调好，整合一批，淘汰一批。度过这次产能过剩的难关！将来中国的汽车，电子，网商等等控制不好又会走产能过剩的老路，中 国做什么都一股狂风暴雨，不做谁也不做，一做一股疯的大家上的不利于经济平衡发展的坏毛病要改，要克服！
扇贝不见了亏咯9个亿，还不是好好的！,"https://guba.eastmoney.com/news,600401,237634015.html",2015-12-31 08:11:05,扇贝不见了亏咯9个亿，还不是好好的！
新大股东把后路都想好了，买入的股民放心睡大觉，明年收获抛在高位，让唱空的接盘,"https://guba.eastmoney.com/news,600401,237633546.html",2015-12-31 08:07:51,新大股东把后路都想好了，买入的股民放心睡大觉，明年收获抛在高位，让唱空的接盘
瞎子都看出来88亿是确保2016年盈利的，看来是中科招商入驻，还有马芸,"https://guba.eastmoney.com/news,600401,237633363.html",2015-12-31 08:06:38,瞎子都看出来88亿是确保2016年盈利的，看来是中科招商入驻，还有马芸
公告中一条很重要的信息，双方都未履行自己的职责！猜去吧,"https://guba.eastmoney.com/news,600401,237632644.html",2015-12-31 08:01:19,公告中一条很重要的信息，双方都未履行自己的职责！猜去吧就是没有预付款一说
看来踏空的机构挺多的！这么下血本来唱空！这样做要付法律责任,"https://guba.eastmoney.com/news,600401,237627465.html",2015-12-31 07:20:03,看来踏空的机构挺多的！这么下血本来唱空！这样做要付法律责任
不会赔偿了公告以说的很清楚！不够格！在这么瞎闹会原告变被告，等着坐牢！,"https://guba.eastmoney.com/news,600401,237604185.html",2015-12-31 00:12:57,不会赔偿了公告以说的很清楚！不够格！在这么瞎闹会原告变被告，等着坐牢！
那帮瞎BB的律师在闹就要进局子了，没看这次重组背后是谁在撑腰吗！必须成功！树立榜,"https://guba.eastmoney.com/news,600401,237604404.html",2015-12-31 00:15:01,那帮瞎BB的律师在闹就要进局子了，没看这次重组背后是谁在撑腰吗！必须成功！树立榜样！一带一路
很明显联合光伏合同就是给杨怀进下套！整垮海润联合光伏好来收购海润！,"https://guba.eastmoney.com/news,600401,237593409.html",2015-12-30 23:02:47,很明显联合光伏合同就是给杨怀进下套！整垮海润联合光伏好来收购海润！
凡持有海润的股东，在海润未出公告前，请不点击，不发贴，看看有多少唱空者,"https://guba.eastmoney.com/news,600401,237628191.html",2015-12-31 07:27:56,"如果你持有海润，你希望海润退市吗？在吧里唱空着一定是踏空者。
在海润未出公告前，请持有海润者不点击，不发贴，看看有多少唱空者。
请持有海润者安安心心过年，等待海润的好消息，2016发大财。"
退市了有票没票的都来看看,"https://guba.eastmoney.com/news,600401,237602106.html",2015-12-30 23:55:43,好多买了海润的朋友最怕的就是退市，那些踏空的做梦都想的就是退市，觉得退市了股票成了废纸、市值就成了鸭蛋了、钱钱就亏完了，是吗？其实不是的。我就来说说真的退市是怎么一回事。如果15年海润年报继续亏损，那明年4月20日公布年报后，因连续三年亏损，会暂停交易一年，注意不是一年后的真正退市。那一年后的情况会怎么样？海润如果扭亏，会恢复上市，和前段时间的长航凤凰（还有一个也是暂停一年后恢复上市，名字忘了，朋友们可以补充一下，谢谢）一样，都是涨了7、8倍，还有夸张的，我06年3元多买过600629，因为亏钱一直捏到了暂停上市，07年恢复上市当日最高涨幅14倍多！最后的可能就是暂停上市一年后继续亏损，就真的退市了，去所谓的老三板、退市板了。退市可怕吗？其实也不可怕，大家可以去查查40000*老三板，停牌重组的不说他，还在交易的最便宜是1.69元，最高的13.98元，1元多的是破产了公司都没有了的（人家买的美其名曰买原始股），和海润总股本相近的是去年退市的400061长油5，总股本50亿股，今天涨停板，收盘价3.83元！退市可怕吗？其实不可怕！！！！！！
海润迷局.是步步惊心的资本x局?还是步步为营的资本布局?,"https://guba.eastmoney.com/news,600401,235805115.html",2015-12-26 11:02:26,"当海润上空的雾霾散去时.你听见的.看见的会是资本惊雷炸响.黑云压顶吗????......现在的资产转让会是某公设的局中局的飘移术吗????...还是.....????88亿大合同把核心实体价值早卖给联合光伏了....这又开始转让资产....连海外工程项目全只收个权证费1.2亿就整体转让了?????有众人欢呼一个项目权证卖1.2亿401要发大财了.可否问询401洽谈此项目的全程业务费用1.2亿够用了吗?????.拿下此项目的潜规则费用敢报吗?????[[[600401:*ST海润关于为全资子公司提供担保的公告 查看PDF原文
公告日期：2015-12-24]]][[[*ST海润资讯
发表于 2015-12-25 18:19:04 股吧网页版
董秘直通车举报
600401:*ST海润关于转让控股子公司FORSHINE(HONG KONG)LIMITED的公告 查看PDF原文
公告日期：2015-12-26
证券代码：600401 证券简称：*ST海润 公告编号：临2015-192]]]]海润迷局.是步步惊心的资本x局?还是步步为营的资本布局?///.......试析后势.近期此类公告不会少而高管辞职公告不会出现集体辞职性公告吧?????这活胆小的不敢干.....设战投与重组方如不是莫须有.谁会上手一个值钱的产业全转让卖了.只留下一身债的企业.莫非真有寃大头资本存在//////////////////..?????????????"
今天谁有空请给海润董秘电话，验证媒体所言是否属实？如果媒体造谣，海润可以告Y 的,"https://guba.eastmoney.com/news,600401,237621079.html",2015-12-31 05:40:05,今天谁有空请给海润董秘电话，验证媒体所言是否属实？如果媒体造谣，海润可以告Y 的[不屑]
j如果从中不成功，会几时复牌吗？还是直接退市？晕死,"https://guba.eastmoney.com/news,600401,237603776.html",2015-12-31 00:09:25,j如果从中不成功，会几时复牌吗？还是直接退市？晕死
还在置顶不知道有何意思，官司不大，不会赔偿，公告以说清，都不够格发公告！草,"https://guba.eastmoney.com/news,600401,237603769.html",2015-12-31 00:09:42,还在置顶不知道有何意思，官司不大，不会赔偿，公告以说清，都不够格发公告！草
世人总爱小题大作，联合光伏公关总监也说了，请注意是可能而已，现在也还没有确定，为,"https://guba.eastmoney.com/news,600401,237588972.html",2015-12-30 22:40:12,世人总爱小题大作，联合光伏公关总监也说了，请注意是可能而已，现在也还没有确定，为啥都好像觉得这个就是已经确定要泡汤一样。大家也注意一下定增，海润公告也提了改变联系方式，我觉得最大的机会是定增给联合光伏，总体也说的通。剩下大家就静等消息，安心过新年。
看看这些人是会被忽悠的主？,"https://guba.eastmoney.com/news,600401,237594176.html",2015-12-30 23:07:07,看看这些人是会被忽悠的主？
只等复牌，多说无益，现在又不能买卖！,"https://guba.eastmoney.com/news,600401,237587557.html",2015-12-30 22:33:31,只等复牌，多说无益，现在又不能买卖！
腾讯新闻说联合光伏的新闻，这么大一个公司，这么大一个交易，不去做调研吗，调查一下,"https://guba.eastmoney.com/news,600401,237596493.html",2015-12-30 23:19:55,腾讯新闻说联合光伏的新闻，这么大一个公司，这么大一个交易，不去做调研吗，调查一下可以交付吗？现在又说交付有困难还先给人家5亿，脑子有病啊？
http://view.inews.qq.com/a/FIN2015123005,"https://guba.eastmoney.com/news,600401,237592125.html",2015-12-30 22:56:24,http://view.inews.qq.com/a/FIN2015123005663303
