标题,链接,发布时间,内容
——海润光伏——主力本周热点,"https://guba.eastmoney.com/news,600401,610218122.html",2017-02-20 06:26:53,
02月17日千股千评（沪市）,"https://guba.eastmoney.com/news,600401,610202251.html",2017-02-20 00:04:40,"千股千评:
趋势向好;积极增仓。"
对600401的处罚是利好,"https://guba.eastmoney.com/news,600401,610028634.html",2017-02-18 16:17:47,对600401是利好，因为证监会对600401的定性已经改变，只是内幕交易，不是虚假信息，所以不存在赔偿了。过去的虚假信息告一段落。
新规出台后，定增主力可能提前得到内幕消息，下周逐步退出海润,"https://guba.eastmoney.com/news,600401,610173419.html",2017-02-19 19:26:20,新规出台后，定增主力可能提前得到内幕消息，下周逐步退出海润
我们来讨论一下：孟广宝的14亿元到底能给海润光伏带来什么？,"https://guba.eastmoney.com/news,600401,593558954.html",2017-01-23 12:29:54,我看去掉谋取控制权，根本没有任何帮助！！！！！！！！！！！！！！！！！！
其实、涨也罢，跌也好，股市自有它的走向，不需要刻意的去夸张，刻意的夸张无非是想扰,"https://guba.eastmoney.com/news,600401,610176125.html",2017-02-19 19:53:30,其实、涨也罢，跌也好，股市自有它的走向，不需要刻意的去夸张，刻意的夸张无非是想扰乱股民思维而达到某种目地，这种行为不可取……
爆》一：2017年两会首份光热提案出炉：7个涨停,"https://guba.eastmoney.com/news,600401,610161342.html",2017-02-19 17:10:48,"据OFweek太阳能光伏 网讯：临近两会 ，中海阳能源集团股份有限公司等光热发电 企业近日共同提出了名为《关于加快太阳能光热发电 产业发展的提案》，呼吁政府从推进十三五 光热发电目标实施、在用地规划方面给予战略支持、推动光热支持政策落地等多方面促进中国光热发电产业快速发展。


光伏概念股：海润光伏（ 600401 ）、首航节能（ 002665 ）协鑫集成 002506 光电股份600184 等"
那些做美梦，想屎吃的都醒醒吧，马上退市了，做好退市准备才事真的,"https://guba.eastmoney.com/news,600401,610180063.html",2017-02-19 20:31:52,那些做美梦，想屎吃的都醒醒吧，马上退市了，做好退市准备才事真的
估计周一要跌了！限制再融资，意味着海润只能靠实打实的以业绩为主，一切金融运作将胎,"https://guba.eastmoney.com/news,600401,610166634.html",2017-02-19 18:07:38,估计周一要跌了！限制再融资，意味着海润只能靠实打实的以业绩为主，一切金融运作将胎死腹中了！
定增新规出炉 两类股直接受益,"https://guba.eastmoney.com/news,600401,610147350.html",2017-02-19 14:35:38,"定增新规出炉 两类股直接受益！(全名单)
　　昨晚开始，都在议论定增新规的事，对市场的影响已经有很多解读，咱们不再赘述，老掘跟大家聊聊对具体个股的影响！
　　不让搞定增了，那些喜欢搞定增、玩概念有股票，自然就失去了想象空间。下周这类股票很可能迎来腥风血雨，短线需要回避！
　　但有弊也有利，咱们再分析一下那些可能受益的个股！
　　1.已获批未发行
　　有了定增新规，接下来一段时间，定增很可能会出现一个空窗期，那此定增已经获受理但未发行的公司，不受新规影响，就具有了稀缺性！这类公司共有103家："
社保资金要进入了。大家注意了。最近可能要疯狂一下子了  社保资金体量这么大。每个,"https://guba.eastmoney.com/news,600401,609586749.html",2017-02-16 21:54:26,社保资金要进入了。大家注意了。最近可能要疯狂一下子了 社保资金体量这么大。每个股票都来点都能合适
澄清澄清澄清澄清澄清...畦,"https://guba.eastmoney.com/news,600401,609907176.html",2017-02-17 21:36:01,"三是杨怀进、周宜可、张永欣为海润光伏科技股份有限公司(简称海润光伏)高级管理人员，江阴市九润管业有限公司(简称九润管业)是海润光伏第二大股东，其实际控制人任向东亦为海润光伏高级管理人员。上述4人为海润光伏2014年度业绩预亏这一内幕信息的知情人。在内幕信息敏感期内，杨怀进减持“海润光伏”250万股，周宜可减持“海润光伏”54万股，张永欣减持“海润光伏”78.40万股，任向东减持“海润光伏”1,240.62万股。经查，4人未能实现避损，没有违法所得。九润管业减持“海润光伏”15,719.78万股，减持过程中还利用他人账户进行“过桥”减持，避损6,194.07万元。上述当事人的行为违反了《证券法》第73、76条规定，依据《证券法》第202、233条及《证券市场禁入规定》(证监会令第33号)第3、4、5条规定，我会决定对杨怀进、周宜可、张永欣、任向东分别处以60万元罚款；没收九润管业违法所得6,194.07万元，并处以6,194.07万元罚款；对九润管业违法行为直接负责的主管人员任向东给予警告，并处以30万元罚款。同时，对任向东、杨怀进、周宜可、张永欣分别采取3年至10年证券市场禁入措施。"
海润定增彻底没戏。孟骗子。,"https://guba.eastmoney.com/news,600401,610132027.html",2017-02-19 11:27:04,海润定增彻底没戏。孟骗子。
我15年就买了，套到现在！,"https://guba.eastmoney.com/news,600401,609898506.html",2017-02-17 20:51:21,我15年就买了，套到现在！
罚九润管业的6000多万是不是归上市公司海润光伏所有？,"https://guba.eastmoney.com/news,600401,610111089.html",2017-02-19 07:47:40,罚九润管业的6000多万是不是归上市公司海润光伏所有？
证券市场禁入的后果,"https://guba.eastmoney.com/news,600401,610131988.html",2017-02-19 11:26:43,证券市场禁入的后果
我发了个帖,"https://guba.eastmoney.com/news,600401,610092368.html",2017-02-19 02:22:14,我发了个帖
融资新规有没有把海润的定增刷下来？,"https://guba.eastmoney.com/news,600401,610062767.html",2017-02-18 20:51:03,融资新规有没有把海润的定增刷下来？
2016年业绩不好,"https://guba.eastmoney.com/news,600401,610085351.html",2017-02-19 00:34:16,要跌。
融资新规对募集资金比较关注，融资潮来了，解禁股也来了,"https://guba.eastmoney.com/news,600401,610075848.html",2017-02-18 22:48:32,融资新规对募集资金比较关注，融资潮来了，解禁股也来了
为啥发贴这难？是网络问题吗，,"https://guba.eastmoney.com/news,600401,609972537.html",2017-02-18 09:12:40,为啥发贴这难？是网络问题吗，
美国通胀2%以上，3月15日加息概率达50%，耶伦大妈将敲全世界的闷棍！,"https://guba.eastmoney.com/news,600401,610062626.html",2017-02-18 20:49:35,美国通胀2%以上，3月15日加息概率达50%，耶伦大妈将敲全世界的闷棍！
再融资新规！,"https://guba.eastmoney.com/news,600401,610055831.html",2017-02-18 19:50:40,再融资新规！
亏了，能下市吗？求各位大神指导下[拜神][拜神][拜神],"https://guba.eastmoney.com/news,600401,609948092.html",2017-02-18 04:12:44,亏了，能下市吗？求各位大神指导下
假帐做的如鱼得水，却奈何不了它。,"https://guba.eastmoney.com/news,600401,609957098.html",2017-02-18 06:34:29,假帐做的如鱼得水，却奈何不了它。
请教印花税单向收费拥金是单向收费吗？,"https://guba.eastmoney.com/news,600401,609958112.html",2017-02-18 06:48:30,请教
海润光优，基金，养老金，老手，正时收股票。,"https://guba.eastmoney.com/news,600401,609721894.html",2017-02-17 11:18:32,海润光优，基金，养老金，老手，正时收股票。
利好消息不断！下周上涨,"https://guba.eastmoney.com/news,600401,609999614.html",2017-02-18 12:35:29,高管被伐，企业亏损，利好来袭！不坚定的赶紧撤，想挣钱的就留下。
万达私有化概念股有望开始爆发：皇氏集团002329,"https://guba.eastmoney.com/news,600401,610033856.html",2017-02-18 16:53:07,水泥玻璃淘汰落后产能督查启动 三股或启动
定增价2.7元除以0.9等于3元。按照新的融资定增基准日规则，小润润股价得保持3,"https://guba.eastmoney.com/news,600401,610029207.html",2017-02-18 16:21:54,定增价2.7元除以0.9等于3元。按照新的融资定增基准日规则，小润润股价得保持3元左右。最低得2.7元
涨停几时有，把酒问证监，不知海润垃圾走势，还能熊几年？我欲清仓归去，又恐垃圾发电,"https://guba.eastmoney.com/news,600401,609928184.html",2017-02-17 23:29:52,涨停几时有，把酒问证监，不知海润垃圾走势，还能熊几年？我欲清仓归去，又恐垃圾发电，
主力拉两次盘了！什么意图？,"https://guba.eastmoney.com/news,600401,609982255.html",2017-02-18 10:22:46,主力拉两次盘了！什么意图？
海润光伏“利空”来了！下周涨停！,"https://guba.eastmoney.com/news,600401,610009681.html",2017-02-18 14:02:49,海润光伏“利空”来了！下周涨停！
600401的春天来到了！！！,"https://guba.eastmoney.com/news,600401,609986820.html",2017-02-18 10:55:08,"证监会对五宗案件作出行政处罚
来源：中国证券报 编辑：东方财富网
　　中国证监会近日依法对5宗案件作出行政处罚，其中包括：1宗信息披露违法及限制期内交易股票案、3宗内幕交易案、1宗编造传播虚假信息案。
　　1宗信息披露违法及限制期内交易股票案中，2015年4月29日至2016年2月5日，阎克伟控制使用“阎克伟”“于某新”账户连续交易大连易世达新能源发展股份有限公司(简称“易世达”)股票。2016年1月29日，两个账户合计持有“易世达”7,472,023股，占“易世达”总股本的6.33%，首次超过5%，阎克伟未履行报告和信息披露义务，也未停止买入。2016年2月5日，“阎克伟”账户通过大宗交易平台继续买入“易世达”210,000股，两个账户当日合计持有“易世达”7,682,023股，占总股本的6.51%。福建证监局决定责令阎克伟改正；对超比例持股未披露及限制转让期内买入股票行为给予警告，并合计处以35万元罚款。
　　3宗内幕交易案中，一是满某某系山东宝莫生物化工股份有限公司(简称“宝莫股份”)拟收购胜利油田康贝油气工程有限公司股权等事项这一内幕信息的知情人。高伟是满某某儿子的岳父，在内幕信息敏感期内，高伟与满某某存在通讯联络，高伟使用本人账户买入“宝莫股份”22,000股，获利约4.4万元。山东证监局决定没收高伟违法所得约4.4万元，并处以约4.4万元罚款。二是王某鸣系山东高速路桥集团股份有限公司(简称“山东路桥”)拟重大资产重组这一内幕信息的知情人。内幕信息敏感期内，蔡哲民与王某鸣联络接触，并控制使用多个账户交易“山东路桥”，获利约1,084万元。证监会决定没收蔡哲民违法所得约1,084万元，并处以约1,084万元罚款。三是杨怀进、周宜可、张永欣为海润光伏科技股份有限公司(简称“海润光伏”)高级管理人员，江阴市九润管业有限公司(简称“九润管业”)是海润光伏第二大股东，其实际控制人任向东亦为海润光伏高级管理人员。上述4人为海润光伏2014年度业绩预亏这一内幕信息的知情人。在内幕信息敏感期内，杨怀进减持“海润光伏”250万股，周宜可减持“海润光伏”54万股，张永欣减持“海润光伏”78.40万股，任向东减持“海润光伏”1,240.62万股。经查，4人未能实现避损，没有违法所得。九润管业减持“海润光伏”15,719.78万股，减持过程中还利用他人账户进行“过桥”减持，避损6,194.07万元。证监会决定对杨怀进、周宜可、张永欣、任向东分别处以60万元罚款；没收九润管业违法所得6,194.07万元，并处以6,194.07万元罚款；对九润管业违法行为直接负责的主管人员任向东给予警告，并处以30万元罚款。同时，对任向东、杨怀进、周宜可、张永欣分别采取3年至10年证券市场禁入措施。
　　1宗编造传播虚假信息案中，2015年11月25日至26日，上海有色金属交易中心有限公司(简称“有色中心”)通过其公司网站，编造、传播《国内主要镍生产商计划本周五举行专题会议》《打击市场恶意做空，维护市场秩序》的虚假信息，扰乱了期货市场秩序。证监会决定对有色中心给予警告，并处以40万元罚款；对直接负责的主管人员陆敏宏给予警告，并处以8万元罚款。
（来源：中国证券报 2017-02-18 03:21）"
海润我来了,"https://guba.eastmoney.com/news,600401,609835402.html",2017-02-17 16:01:27,海润我来了
这点产值，整天折腾来折腾去的，,"https://guba.eastmoney.com/news,600401,609993268.html",2017-02-18 11:38:19,这点产值，整天折腾来折腾去的，
周五主力高位出货，2.31抢筹码，尾盘拉升，但大盘指数收盘时多数机构并未出手吸筹,"https://guba.eastmoney.com/news,600401,609986831.html",2017-02-18 10:55:06,周五主力高位出货，2.31抢筹码，尾盘拉升，但大盘指数收盘时多数机构并未出手吸筹，所以下周一大盘一定是向下的，海润主力连续多日拉盘，周一以高位出货为主，有可能出现一波急跌低位吸筹后拉至2.25元。
审核排名网址,"https://guba.eastmoney.com/news,600401,609967321.html",2017-02-18 08:24:18,审核排名网址
海润光伏四高管提前减持涉内幕交易被罚 财新网　　财新网（记者 岳跃）证监会2月1,"https://guba.eastmoney.com/news,600401,609914154.html",2017-02-17 22:07:51,"海润光伏四高管提前减持涉内幕交易被罚
财新网　　财新网（记者 岳跃）证监会2月17日披露海润光伏科技股份有限公司（海润光伏，600401.SH）前高级管理人员任向东、杨怀进、周宜可、张永欣内幕交易一案，4人虽没有违法所得，但分别处以60万元罚款，并被采取3年至10年证券市场禁入措施。
　　值得一提的是，根据海润光伏2016年7月22日发布的公告，该公司近5年内已7次被监管关注、1次被行政处罚，其中收到江苏证监局的行政处罚决定书1次、监管关注函5次，上交所还两次对公司高管予以监管关注。据海润光伏2016年度业绩预告，预计归属于上市公司股东的净利润为亏损3.8亿元至亏损4.8亿元。"
三是杨怀进、周宜可、张永欣为海润光伏科技股份有限公司(简称海润光伏)高级管理人员,"https://guba.eastmoney.com/news,600401,609898462.html",2017-02-17 20:51:14,"三是杨怀进、周宜可、张永欣为海润光伏科技股份有限公司(简称海润光伏)高级管理人员，江阴市九润管业有限公司(简称九润管业)是海润光伏第二大股东，其实际控制人任向东亦为海润光伏高级管理人员。上述4人为海润光伏2014年度业绩预亏这一内幕信息的知情人。在内幕信息敏感期内，杨怀进减持“海润光伏”250万股，周宜可减持“海润光伏”54万股，张永欣减持“海润光伏”78.40万股，任向东减持“海润光伏”1,240.62万股。经查，4人未能实现避损，没有违法所得。九润管业减持“海润光伏”15,719.78万股，减持过程中还利用他人账户进行“过桥”减持，避损6,194.07万元。上述当事人的行为违反了《证券法》第73、76条规定，依据《证券法》第202、233条及《证券市场禁入规定》(证监会令第33号)第3、4、5条规定，我会决定对杨怀进、周宜可、张永欣、任向东分别处以60万元罚款；没收九润管业违法所得6,194.07万元，并处以6,194.07万元罚款；对九润管业违法行为直接负责的主管人员任向东给予警告，并处以30万元罚款。同时，对任向东、杨怀进、周宜可、张永欣分别采取3年至10年证券市场禁入措施。"
说说个人对海润看法,"https://guba.eastmoney.com/news,600401,609922883.html",2017-02-17 22:53:31,这只股票我从去年6月份开始玩的，那时2.4买2.5卖，2.3买2.44卖，这次2.27买2.37卖了 我觉的海润还不错，这股我从不做T，不加仓 到我心里点位差不多就卖 不贪多，当打新 每天挂自己的心里价位，因为他老是急拉，懒得看 大盘不好的才会特地去关注，说不定异动 哈哈 本人小散买的少就买了1万股 看好光伏产业，希望海润涨 慢慢涨不急 3个月来5个点就够了
证监会对5宗案件做出行政处罚 包括3宗内幕交易案 02-17 16:44&#160;&#160;来源,"https://guba.eastmoney.com/news,600401,609903449.html",2017-02-17 21:17:51,"证监会对5宗案件做出行政处罚 包括3宗内幕交易案
02-17 16:44  来源：证监会网站36评论
近日，证监会依法对5宗案件作出行政处罚，其中包括：1宗信息披露违法及限制期内交易股票案，3宗内幕交易案，1宗编造传播虚假信息案。
1宗信息披露违法及限制期内交易股票案中，2015年4月29日至2016年2月5日，阎克伟控制使用“阎克伟”、“于某新”账户连续交易大连易世达新能源发展股份有限公司(简称易世达)股票。2016年1月29日，两个账户合计持有“易世达”7,472,023股，占“易世达”总股本的6.33%，首次超过5%，阎克伟未履行报告和信息披露义务，也未停止买入。2016年2月5日，“阎克伟”账户通过大宗交易平台继续买入“易世达”210,000股，两个账户当日合计持有“易世达”7,682,023股，占总股本的6.51%。阎克伟的上述行为违反了《证券法》第38、86条规定，依据《证券法》第193条第2款、第204条规定，福建证监局决定责令阎克伟改正；对超比例持股未披露及限制转让期内买入股票行为给予警告，并合计处以35万元罚款。
3宗内幕交易案中，一是满某某系山东宝莫生物化工股份有限公司(简称宝莫股份)拟收购胜利油田康贝油气工程有限公司股权等事项这一内幕信息的知情人。高伟是满某某儿子的岳父，在内幕信息敏感期内，高伟与满某某存在通讯联络，高伟使用本人账户买入“宝莫股份”22,000股，获利约4.4万元。高伟的上述行为违反了《证券法》第73、76条规定，依据《证券法》第202条规定，山东证监局决定没收高伟违法所得约4.4万元，并处以约4.4万元罚款。二是王某鸣系山东高速路桥集团股份有限公司(简称山东路桥)拟重大资产重组这一内幕信息的知情人。内幕信息敏感期内，蔡哲民与王某鸣联络接触，并控制使用多个账户交易“山东路桥”，获利约1,084万元。蔡哲民的上述行为违反了《证券法》第73、76条规定，依据《证券法》第202条规定，我会决定没收蔡哲民违法所得约1,084万元，并处以约1,084万元罚款。三是杨怀进、周宜可、张永欣为海润光伏科技股份有限公司(简称海润光伏)高级管理人员，江阴市九润管业有限公司(简称九润管业)是海润光伏第二大股东，其实际控制人任向东亦为海润光伏高级管理人员。上述4人为海润光伏2014年度业绩预亏这一内幕信息的知情人。在内幕信息敏感期内，杨怀进减持“海润光伏”250万股，周宜可减持“海润光伏”54万股，张永欣减持“海润光伏”78.40万股，任向东减持“海润光伏”1,240.62万股。经查，4人未能实现避损，没有违法所得。九润管业减持“海润光伏”15,719.78万股，减持过程中还利用他人账户进行“过桥”减持，避损6,194.07万元。上述当事人的行为违反了《证券法》第73、76条规定，依据《证券法》第202、233条及《证券市场禁入规定》(证监会令第33号)第3、4、5条规定，我会决定对杨怀进、周宜可、张永欣、任向东分别处以60万元罚款；没收九润管业违法所得6,194.07万元，并处以6,194.07万元罚款；对九润管业违法行为直接负责的主管人员任向东给予警告，并处以30万元罚款。同时，对任向东、杨怀进、周宜可、张永欣分别采取3年至10年证券市场禁入措施。
1宗编造传播虚假信息案中，2015年11月25日至26日，上海有色金属交易中心有限公司(简称有色中心)通过其公司网站，编造、传播《国内主要镍生产商计划本周五举行专题会议》、《打击市场恶意做空，维护市场秩序》的虚假信息，扰乱了期货市场秩序。有色中心的上述行为违反了《期货交易管理条例》(2013年修订)第40条规定，依据《期货交易管理条例》第68条第3款规定，我会决定对有色中心给予警告，并处以40万元罚款；对直接负责的主管人员陆敏宏给予警告，并处以8万元罚款。
上述行为违反了证券期货法律法规，破坏了市场秩序，必须坚决予以打击。我会将保持对各类违法行为的高压态势，严厉查处以督促市场各方严守法律法规，切实维护好公开、公平、公正的资本市场秩序。"
海润及其大股东是彻头彻尾的大骗子，假话连篇，不务正业，一心圈钱，募资为了肥私。,"https://guba.eastmoney.com/news,600401,609901677.html",2017-02-17 21:08:15,海润及其大股东是彻头彻尾的大骗子，假话连篇，不务正业，一心圈钱，募资为了肥私。
600401海润光伏,"https://guba.eastmoney.com/news,600401,608499182.html",2017-02-14 12:07:13,600401海润光伏：个人分析海润这周应该是会高位回落，大盘有调整的可能。个人观点，个人判断。
复盘,"https://guba.eastmoney.com/news,600401,609883466.html",2017-02-17 19:40:24,"4万手进
1万手进
更大的五万多手进入
14.59分13897手进入
这难道不是主力?
收盘235
主力不是吃素的1"
还不错，尾盘拉回来了！有戏！,"https://guba.eastmoney.com/news,600401,609886843.html",2017-02-17 19:57:13,还不错，尾盘拉回来了！有戏！
主力货也出了，尾盘也把股价拉上去了，下周接着出货！,"https://guba.eastmoney.com/news,600401,609885839.html",2017-02-17 19:52:27,主力货也出了，尾盘也把股价拉上去了，下周接着出货！
海润光伏亏损是利好,"https://guba.eastmoney.com/news,600401,609885108.html",2017-02-17 19:48:46,海润光伏亏损是利好
复制2016-11-17，同样是星期四,"https://guba.eastmoney.com/news,600401,609436000.html",2017-02-16 13:56:44,请珍重！
光伏板块业绩预告亮眼 今年行业景气难言乐观  阳光工匠光伏网,"https://guba.eastmoney.com/news,600401,609652316.html",2017-02-17 09:02:12,据上证报报道，在去年上半年630抢装潮及整体市场回暖的大背景下，光伏上市公司普遍收获不俗的业绩。在目前已预告去年业绩的企业中，有超过四分之一公司预计净利润增幅超过100%。但随着今年补贴政策的调整以及原料成本的上涨，加上去年基数过大，业内认为光伏上市公司很难再复制去年的辉煌，增速亦可能下降。（来源：阳光工匠光伏网）
有些二货就喜欢催眠自己，想美事，以为能涨，其实是奔着退市去的，下个月就要退市了，,"https://guba.eastmoney.com/news,600401,609630105.html",2017-02-17 05:35:47,有些二货就喜欢催眠自己，想美事，以为能涨，其实是奔着退市去的，下个月就要退市了，都醒醒吧
今天解放了好多人！！！万手哥给力。人少了，反而不习惯了，明天往下打，多招些人进来,"https://guba.eastmoney.com/news,600401,609523040.html",2017-02-16 17:04:42,今天解放了好多人！！！万手哥给力。人少了，反而不习惯了，明天往下打，多招些人进来！
恭喜海润光伏研发新产品：海润避雷针,"https://guba.eastmoney.com/news,600401,609469010.html",2017-02-16 14:38:48,横看海润这一年，但凡来根避雷针，不知道要坑害多少散户入场，然后用2-3个月的时间磨灭散户的心，割肉之后又重新入场，都在梦想海润飞升。
有动作了,"https://guba.eastmoney.com/news,600401,609482406.html",2017-02-16 14:56:13,有动作了
唉，终于买了了，放个1年在说吧！[胜利],"https://guba.eastmoney.com/news,600401,609486241.html",2017-02-16 15:02:00,唉，终于买了了，放个1年在说吧！
董泌便秘，最近不回复股民的质疑，不寻常,"https://guba.eastmoney.com/news,600401,609495759.html",2017-02-16 15:21:30,董泌便秘，最近不回复股民的质疑，不寻常
根本没有机构持股，全她么是散户，你说这烂股能涨么，用脚趾头想想吧,"https://guba.eastmoney.com/news,600401,609630004.html",2017-02-17 05:34:21,根本没有机构持股，全她么是散户，你说这烂股能涨么，用脚趾头想想吧
上半年盈利全年却预亏4.8亿元遭质疑 海润光伏称下半年毛利下滑等是主因,"https://guba.eastmoney.com/news,600401,609277285.html",2017-02-16 04:16:30,"来源：证券日报 
　　日前，A股上市公司海润光伏发布了2016年年度业绩预告，经公司财务部门初步测算，预计2016年度经营业绩将出现亏损，2016年年度实现归属于上市公司股东的净利润预计为人民币-3.8亿元至-4.8亿元。 
　　此前，《证券日报》曾报道，就已披露的年度业绩预告来看，A股光伏板块2016年业绩整体向好，31家光伏类上市公司中仅有2家出现亏损，而海润光伏便是其中之一。
　　“海润光伏在产业繁荣的背景下，却出现亏损”吸引了市场乃至媒体的广泛关注。就相关报道提出的质疑，2月14日晚间，海润光伏发布了澄清公告给予了具体回应并说明。
　　据《证券日报》记者整理，海润光伏主要通过“2016年下半年主要产品毛利率发生了大幅下滑；去年公司业务调整，EPC总承包业务量大幅减少；去年第四季度单季共形成1.03 亿元汇兑损失”等数据，佐证其2016年年度业绩预告的真实。
　　抢装潮导致下半年产品毛利骤减
　　相较海润光伏预计2016年实现归属于上市公司股东的净利润为人民币-3.8亿元至-4.8亿元，2015年，公司实现归属于上市公司股东的净利润为9608万元。
　　透过2016年年度业绩预告，海润光伏表示，本期业绩预亏的主要原因为2016 年下半年光伏市场行情大幅下滑，公司主要产品销售毛利率下降；由于下半年美元汇率大幅上升导致汇兑损失激增；公司调整业务结构，收缩EPC工程总承包业务，减少了毛利来源。 
　　不过，媒体相关报道就此提出质疑，认为“海润光伏去年前三季度尚且盈利4528万元，到年底就变成了预亏3.8亿元至4.8亿元”不合理。
　　对于去年上半年与下半年存在的巨大业绩差距，海润光伏解释，2015年底国家发改委下发《关于完善陆上风电光伏发电上网标杆电价政策的通知》，明确规定我国一类、二类资源区的地面光伏电站发电每度电补贴分别降低0.1元、0.07元，三类资源区每度电补贴降低0.02元。通知还限定，2016年1月1日以后备案并纳入年度规模管理的光伏发电项目，执行2016年光伏发电上网标杆电价。2016年以前备案并纳入年度规模管理的光伏发电项目但于2016年6月30日以前仍未全部投运的，执行2016年上网标杆电价(业内称之为“630政策”). 
　　在上述政策的刺激和影响下， 2016年上半年光伏抢装并网现象出现在了6月30日之前，与以往12月31日之前光伏电站建设与并网高峰所带来的三四季度的行业旺季相比，2016年的行业周期以一、二季度为旺季。在经历了“630抢装潮”后，行业整体呈自然回落，国家能源局统计信息显示，2016年我国光伏发电新增装机容量3454万千瓦，其中2016年1月份-6月份超过2000万千瓦。
　　EPC收入缩水汇兑损失达1.03亿元
　　而除上述原因外，海润光伏还表示，去年10月底国家发改委下发的《关于完善陆上风电、光伏发电上网标杆电价政策的通知》(讨论稿)中，拟对2016年标杆上网电价的削减调整幅度较大，进一步使得第四季度组件价格大幅下降，导致产品销售毛利随之下降。
　　《证券日报》记者注意到，海润光伏澄清广告给出的数据显示，其多晶硅片、电池片、组件、发电收入、工程施工等业务的毛利率，在2015年时分别为-15.94%、8.98%、15.7%、43.47%、26.36%，到2016年上半年(1月份-6月份)时则分别为13.33%、17.49%、23.53%、54.29%、25.54%，而到2016年下半年(7月份-12月份)则下滑至7.94%、6.52%、11.28%、45.04%、6.26%。
　　同时，海润光伏还列举了同业上市公司公开数据，数据显示，国内主要光伏企业在2016年第四季度均出现了不同程度的利润收窄，或者第四季度当季亏损的情况，而这一现象，被海润光伏归咎于政策的影响。 
　　在此基础上，海润光伏还介绍，2015年公司完成EPC总承包业务量约200MW，2016年因调整业务结构，仅施工完成 30MW左右EPC总承包业务。此外，公司2016年第四季度美元对人民币调汇汇率从6.6778上升至6.937，导致2016年第四季度单季共形成1.03亿元的汇兑损失。 
（来源：证券日报 2017-02-16 04:35） [点击查看原文]
展开阅读全文"
哪里来哪里去，看吧！今天，明天…… 对倒激发人气！诱多！今天高点出了，两天后天一,"https://guba.eastmoney.com/news,600401,609570061.html",2017-02-16 20:44:53,"哪里来哪里去，看吧！今天，明天……
对倒激发人气！诱多！今天高点出了，两天后天一定可以在今天这个价位回来！"
脱离底部区域的行情逐步形成,"https://guba.eastmoney.com/news,600401,609550272.html",2017-02-16 19:18:07,脱离底部区域的行情逐步形成
不用想了！,"https://guba.eastmoney.com/news,600401,609585950.html",2017-02-16 21:50:57,不用想了，海润近期涨到头了，要是想在爬上另一个巅峰，先从这个巅峰下来才可以。明天赶紧逃吧！
孟，来海润一年多了，还是亏损，无股权，不行就撤吧，换个有能力的战投，老杨内鬼引来,"https://guba.eastmoney.com/news,600401,609549464.html",2017-02-16 19:13:45,孟，来海润一年多了，还是亏损，无股权，不行就撤吧，换个有能力的战投，老杨内鬼引来个外鬼，
摆在华君面前的只有两条路：1放弃定增，二级市场扫货；2定增成功，取消控盘,"https://guba.eastmoney.com/news,600401,609407189.html",2017-02-16 12:52:30,摆在华君面前的只有两条路：1：放弃定增，二级市场扫货；2：定增成功，取消控盘
别说这次业绩有问题！请求各位查一下海润历史领导层干过的事就知道了！害了多少中小投,"https://guba.eastmoney.com/news,600401,609556628.html",2017-02-16 19:46:39,别说这次业绩有问题！请求各位查一下海润历史领导层干过的事就知道了！害了多少中小投资者！
华锐风电快赶上来了,"https://guba.eastmoney.com/news,600401,609541113.html",2017-02-16 18:26:04,华锐风电快赶上来了
如此低的价格，稳步上升需要的不仅仅是故事更需要基本面,"https://guba.eastmoney.com/news,600401,609521765.html",2017-02-16 16:59:43,风水来的时候挡都挡不住，不求一飞冲天，但求机构不要忽悠小散。如此低的价格，稳步上升需要的不仅仅是故事更需要基本面——业绩。看看孟杨德能力，不要成梦。
织布机，,"https://guba.eastmoney.com/news,600401,609505724.html",2017-02-16 15:56:06,织布机，
[图片],"https://guba.eastmoney.com/news,600401,609500835.html",2017-02-16 15:37:54,[图片]
年报来临之际，啥么都是空，套韭菜发红包，惯例,"https://guba.eastmoney.com/news,600401,609497889.html",2017-02-16 15:28:09,年报来临之际，啥么都是空，套韭菜发红包，惯例
又在高邮吹牛皮，可喜可贺,"https://guba.eastmoney.com/news,600401,609495126.html",2017-02-16 15:19:48,又在高邮吹牛皮，可喜可贺
每天压盘不错，不过今天压盘的量太大，完全没有必要。似乎故意给谁看的。按照三季报第,"https://guba.eastmoney.com/news,600401,609127288.html",2017-02-15 16:41:23,每天压盘不错，不过今天压盘的量太大，完全没有必要。似乎故意给谁看的。按照三季报第二大流通股东才18万手，今天开盘就压了20万手，到底是谁的？庄家已经高度控盘。感觉是快了，要么飞，要么停。等等看吧。
真相!,"https://guba.eastmoney.com/news,600401,609336280.html",2017-02-16 10:10:06,"主力流入618万
小单在抛【低抛】"
收盘2.34,"https://guba.eastmoney.com/news,600401,609473317.html",2017-02-16 14:44:07,主力用了1.4亿收盘拉升2分钱
要退市了快跑吧,"https://guba.eastmoney.com/news,600401,609472111.html",2017-02-16 14:42:41,要退市了快跑吧
弄半天还是涨一分。靠。日了狗了,"https://guba.eastmoney.com/news,600401,609469867.html",2017-02-16 14:39:54,弄半天还是涨一分。靠。日了狗了
一炮搞了，就瘫倒在地了，唉，扶不起的啊斗，看看同是江阴的江阴银行[献花][献花],"https://guba.eastmoney.com/news,600401,609467458.html",2017-02-16 14:36:52,一炮搞了，就瘫倒在地了，唉，扶不起的啊斗，看看同是江阴的江阴银行
垃圾终归是垃圾[大笑],"https://guba.eastmoney.com/news,600401,609466426.html",2017-02-16 14:35:38,垃圾终归是垃圾
多头再次控盘，8万手就是不能收绿！,"https://guba.eastmoney.com/news,600401,609464841.html",2017-02-16 14:33:37,多头再次控盘，8万手就是不能收绿！
神奇两点半，马上到了,"https://guba.eastmoney.com/news,600401,609461025.html",2017-02-16 14:28:57,神奇两点半，马上到了
又萎缩回去了。真是不争气的东西,"https://guba.eastmoney.com/news,600401,609458859.html",2017-02-16 14:26:21,又萎缩回去了。真是不争气的东西
跳水冠军会刷新成绩，5253B向翻腾两周半转体周半屈体，完整做完整套动作，得分满分,"https://guba.eastmoney.com/news,600401,609452782.html",2017-02-16 14:19:25,跳水冠军会刷新成绩，5253B向翻腾两周半转体周半屈体，完整做完整套动作，得分满分
同志们！中国跳水队已集结完毕，两点半准时收看！,"https://guba.eastmoney.com/news,600401,609448216.html",2017-02-16 14:13:53,同志们！中国跳水队已集结完毕，两点半准时收看！
收盘2.4,"https://guba.eastmoney.com/news,600401,609410296.html",2017-02-16 13:04:52,收盘2.4
今天抛了5000股等下跌,"https://guba.eastmoney.com/news,600401,609426823.html",2017-02-16 13:40:23,今天抛了5000股等下跌
此处随时番脸走势,"https://guba.eastmoney.com/news,600401,609425386.html",2017-02-16 13:37:30,
换手率已创近几个月的新高，就看量价配合的情况了,"https://guba.eastmoney.com/news,600401,609425024.html",2017-02-16 13:36:39,换手率已创近几个月的新高，就看量价配合的情况了
又玩完了,"https://guba.eastmoney.com/news,600401,609423607.html",2017-02-16 13:34:00,又玩完了
杨总在业内被誉为低调的先行者、第一人,"https://guba.eastmoney.com/news,600401,609416391.html",2017-02-16 13:19:28,杨总是拓荒者，他把海润光伏的股价变成这个样子。沽名钓誉的结果！
查查它今天为何异动，吃药了？,"https://guba.eastmoney.com/news,600401,609423090.html",2017-02-16 13:33:02,查查它今天为何异动，吃药了？
已经射完了，该走快走吧,"https://guba.eastmoney.com/news,600401,609423049.html",2017-02-16 13:32:55,已经射完了，该走快走吧
怎么你也要,"https://guba.eastmoney.com/news,600401,609422128.html",2017-02-16 13:31:02,怎么你也要
扬烂人又在逗你玩了。,"https://guba.eastmoney.com/news,600401,609419035.html",2017-02-16 13:24:50,扬烂人又在逗你玩了。
我靠09年的帖子现在弄出来是什么意思,"https://guba.eastmoney.com/news,600401,609418663.html",2017-02-16 13:24:12,我靠09年的帖子现在弄出来是什么意思
明天涨停，特大利好连续涨停！特大利好,"https://guba.eastmoney.com/news,600401,608834968.html",2017-02-14 20:55:44,明天涨停，连续涨停！特大利好
两万手说撤就撤了，哪个大户坑逼做的！,"https://guba.eastmoney.com/news,600401,609416355.html",2017-02-16 13:19:30,两万手说撤就撤了，哪个大户坑逼做的！
一层窗户纸己被媒体捅破该怎样呢看着办吧，大家都心知肚明,"https://guba.eastmoney.com/news,600401,609346587.html",2017-02-16 10:26:18,一层窗户纸己被媒体捅破该怎样呢看着办吧，大家都心知肚明
海润光伏回应质疑 称四季度单季汇兑损失1.03亿元  阳光工匠光伏网,"https://guba.eastmoney.com/news,600401,609131474.html",2017-02-15 16:50:56,"海润光伏(600401.SH)2月14日晚公告，近日，有媒体发表了题为《A股“官司之王”海润光伏业绩又变脸 5年遭8次监管处罚》的报道，该报道称，公司主要产品销售毛利率下降根本站不住脚，第四季度业绩出现巨额亏损，不免让人生疑。”等相关内容。
公告称，公司就相关报道内容进行了核实，并就媒体报道中涉及的关于政府补贴、杨怀进先生股票减持以及公司业绩预告进行详细的说明。

海润光伏公司表示，公司于2016年12月21日收到高邮经济开发区管理委员会根据公司在高邮辖区内落户行为给予的人民币1.5亿元的奖励资金，上述补贴公司根据《企业会计准则》相关规定，所收到的上述奖励资金将作为营业外收入计入公司当期损益，具体会计处理以会计师年度审计确认后的结果为准。

就媒体报道中提到的：“14年1月27、28两日之内，杨怀进迅速减持了1.74亿股，约占总股本的2.16%，累计套现金额接近5亿元”。经海润光伏核实，2014年1月27、28两日，杨怀进先生并无股票减持的行为。截至公告日，杨怀进先生持有海润光伏股票312，383，022股，持股比例为6.61%，系公司目前第一大股东。

而针对公司业绩预告，海润光伏也就光伏发电政策、产品销售毛利环比及同期对比、同行业业绩对比、财务费用四个方面进行详实的说明。

受政策的刺激和影响，2016年上半年光伏抢装并网现象出现在了6月30日之前，与以往12月31日之前光伏电站建设与并网高峰所带来的三四季度的行业旺季相比，2016年的行业周期以上半年为旺季。

在经历了630抢装潮后，行业整体呈自然回落，国家能源局统计信息显示，2016年我国光伏发电新增装机容量3454万千瓦，其中2016年1-6月超过2000万千瓦。

此外2016年10月底国家发改委下发的《关于完善陆上风电、光伏发电上网标杆电价政策的通知》(讨论稿)中，拟对2016年标杆上网电价的削减调整幅度较大，进一步使得第四季度组件价格大幅下降，导致产品销售毛利随之下降。

媒体报道的：“其主要经营产品毛利率，组件、电池片及发电收入16年中的毛利分别是49%、10%、16%”。而经公司核实，该数据不实，公司2016年1-6月份主要产品毛利率分别为23.53%、17.49%、54.29%。海润光伏同时指出，2016年下半年公司主要产品销售毛利因行业政策等因素的刺激和影响，出现大幅下滑。同时2015年公司完成EPC总承包业务量约200MW，2016年因调整业务结构，仅施工完成30MW左右EPC总承包业务。

通过对包括协鑫集成、天龙光电(13.640, 0.06, 0.44%)等国内主要光伏企业在2016年数据对比，得出上述企业在第四季度均出现了不同程度的利润收窄，或者四季度亏损的情况，主要原因系国家发改委相关政策的影响。

对于财务费用方面，海润光伏也指出，公司2016年第四季度美元对人民币调汇汇率从6.6778上升至6.937，导致2016年第四季度单季共形成人民币1.03亿的汇兑损失。"
海润光伏投资高邮市的省级重点项目举行开工典礼 2017-02-16 12:40,"https://guba.eastmoney.com/news,600401,609413016.html",2017-02-16 13:12:07,"海润光伏投资高邮市的省级重点项目举行开工典礼
2017-02-16 12:40 OFweek 太阳能光伏网 T中
关注 OFweek太阳能光伏网 ,获取最新资讯
OFweek太阳能光伏网讯：2月12日上午，海润光伏投资的扬州海润光伏科技有限公司2GW铸锭及2GW切片项目作为高邮市辖区内的省级重点项目，举行了开工典礼。扬州市人大常委会副主任卢桂平，高邮市委书记勾凤诚，市委副书记、市长潘学元及张秋红、徐永宝、孙坚年、赵广华、杨向东、邱加永等市领导参加典礼，高邮市委副书记张新刚主持开工仪式。
开工仪式上，高邮市委副市记、市长潘学元在讲话中表示，该项目题量大、质态优、带动性强，是高邮市全细心全力某创业、抓发展的重要成果，其开工建设以及未来投产，必将为高邮市的经济发展注入新的升级和活力。
同时，潘学元希望全市上下要一次为契机，坚决贯彻落实市委、市政府的决策部署，全面拉开奋战新一年的序幕，迅速掀起新一轮重大项目建设的热潮，全力以赴攻坚项目建设，全力以赴做好服务保障，确保高质量、高效益完成全年发展目标，推动全市经济社会实现更大发展。此外，也希望项目建设单位精心组织，科学安排，倒排工期，加快推进项目建设，确保项目尽早建成竣工、及早投产达效。
海润光伏副董事长兼常务副总裁王德明先生随后也在讲话中首先表达了对地方各级政府及领导巨大支持与帮助的衷心感谢！其次，王德明对项目的进展情况作了现场汇报：该项目总投资50亿元，总建筑面积20万平方米，目前已完成施工图纸设计和地面整理，计划在六月底基本完工，八月份实现试产。项目投产后，将形成集铸锭、切片的研发、设计和生产加工为一体、技术先进、规模庞大的产业实体，也将成为我公司在国内最主要的生产基地，对于进一步壮大海润光伏的企业实力具有重大的战略意义。
最后，王德明表示，海润光伏作为光伏行业的知名企业，将继续坚持“高标准、高质量、高效益、高品位”的原则，在项目建设过程中将狠抓细节和安全管理，加快项目建设，力争用一流的设计、一流的施工、一流的监理、一流的管理，缔造出一流品质的“精品工程”，不辜负各级领导和高邮市人民的期望！"
又是长上影线又要调整数日,"https://guba.eastmoney.com/news,600401,609404823.html",2017-02-16 12:42:10,大盘到了阶段性顶部，很可能又要调整，大盘调整海润不可能独善其身，原本就是垃圾股。
有意思、快开电脑看集合竞价图,"https://guba.eastmoney.com/news,600401,609309824.html",2017-02-16 09:17:27,有意思、快开电脑看集合竞价图
今天2.35以上买的全部套。老司机告诉你。这个庄是个恶庄。持有海润18个月的老司,"https://guba.eastmoney.com/news,600401,609401546.html",2017-02-16 12:28:01,今天2.35以上买的全部套。老司机告诉你。这个庄是个恶庄。持有海润18个月的老司机。
这个涨法，难道定增过了吗？,"https://guba.eastmoney.com/news,600401,609390477.html",2017-02-16 11:49:21,这个涨法，难道定增过了吗？
是拉高出货还是利空出净是利好？小散们怎么看？？？,"https://guba.eastmoney.com/news,600401,609393200.html",2017-02-16 11:58:21,是拉高出货还是利空出净是利好？小散们怎么看？？？
2.36清仓了！后悔没有2.39卖尼玛大单不停的撤,"https://guba.eastmoney.com/news,600401,609376767.html",2017-02-16 11:18:35,2.36清仓了！后悔没有2.39卖尼玛大单不停的撤
终于迎来涨4分钱日子。我的18500兄弟还未脱贫[大笑][大笑],"https://guba.eastmoney.com/news,600401,609390057.html",2017-02-16 11:48:01,终于迎来涨4分钱日子。我的18500兄弟还未脱贫
举报海润被控盘,"https://guba.eastmoney.com/news,600401,609053222.html",2017-02-15 13:52:07,举报海润被控盘
下午涨5个点,"https://guba.eastmoney.com/news,600401,609387624.html",2017-02-16 11:40:53,下午涨5个点
什么时候发公告啊！,"https://guba.eastmoney.com/news,600401,609381743.html",2017-02-16 11:27:23,什么时候发公告啊！
为什么全世界股指都是涨的啊,"https://guba.eastmoney.com/news,600401,609381025.html",2017-02-16 11:26:14,为什么全世界股指都是涨的啊
好了主力不压盘了！,"https://guba.eastmoney.com/news,600401,609380875.html",2017-02-16 11:25:57,好了主力不压盘了！
[图片],"https://guba.eastmoney.com/news,600401,609213270.html",2017-02-15 21:06:16,[图片]
顾,"https://guba.eastmoney.com/news,600401,609380583.html",2017-02-16 11:25:23,sb你们抛什么
年线走平，选择方向百分之八十是向上的。等待最多两天,"https://guba.eastmoney.com/news,600401,608979417.html",2017-02-15 10:44:55,年线走平，选择方向百分之八十是向上的。等待最多两天
终于搞进去了，射了酸爽了[献花][献花][献花][献花][献花],"https://guba.eastmoney.com/news,600401,609379774.html",2017-02-16 11:23:50,终于搞进去了，射了酸爽了
从技术指标看。布林带上冲一次后已经微微开口。,"https://guba.eastmoney.com/news,600401,609379250.html",2017-02-16 11:23:10,从技术指标看。布林带上冲一次后已经微微开口。
庄家的哪根神经连线了，难道有什么好事不成？,"https://guba.eastmoney.com/news,600401,609379236.html",2017-02-16 11:23:03,庄家的哪根神经连线了，难道有什么好事不成？还是昙花一现？
海润光伏的逼太紧，根本搞不进[献花][献花][献花][献花],"https://guba.eastmoney.com/news,600401,609366299.html",2017-02-16 10:59:08,海润光伏的逼太紧，根本搞不进
几个意思？要加油门了吗！还没上车呢,"https://guba.eastmoney.com/news,600401,609378087.html",2017-02-16 11:21:03,几个意思？要加油门了吗！还没上车呢
赚一毛了，真是难啊,"https://guba.eastmoney.com/news,600401,609375194.html",2017-02-16 11:15:44,赚一毛了，真是难啊
迎春花开 财源都滚滚来 喜气洋洋迎接财神来哟嗬[拜神],"https://guba.eastmoney.com/news,600401,609375127.html",2017-02-16 11:15:39,迎春花开 财源都滚滚来 喜气洋洋迎接财神来哟嗬
我和我的小伙伴都惊呆了……看了看，真不错！,"https://guba.eastmoney.com/news,600401,609375096.html",2017-02-16 11:15:26,我和我的小伙伴都惊呆了……看了看，真不错！
有本事把2.32、2.33都吃了。,"https://guba.eastmoney.com/news,600401,609345452.html",2017-02-16 10:24:35,
2.32刚卖   艹,"https://guba.eastmoney.com/news,600401,609372669.html",2017-02-16 11:11:06,2.32刚卖 艹
什么个情况呀？,"https://guba.eastmoney.com/news,600401,609371492.html",2017-02-16 11:08:54,要启动了吗？
2元36今天清仓 不玩啦  感动哭啦  赚了1角多,"https://guba.eastmoney.com/news,600401,609371503.html",2017-02-16 11:08:53,
今天涨停[大笑],"https://guba.eastmoney.com/news,600401,609370064.html",2017-02-16 11:06:17,今天涨停
冲涨停去了,"https://guba.eastmoney.com/news,600401,609369781.html",2017-02-16 11:05:42,冲涨停去了
疯狂了,"https://guba.eastmoney.com/news,600401,609369521.html",2017-02-16 11:05:12,疯狂了
每天都是一分钱的买卖。,"https://guba.eastmoney.com/news,600401,609364631.html",2017-02-16 10:56:13,每天都是一分钱的买卖。
每天必上演的压盘大戏。。。。。,"https://guba.eastmoney.com/news,600401,609361052.html",2017-02-16 10:49:21,每天必上演的压盘大戏。。。。。
铡刀悬在3200点，大伙怎么看呢,"https://guba.eastmoney.com/news,600401,609354995.html",2017-02-16 10:39:06,铡刀悬在3200点，大伙怎么看呢
大盘阶段顶，大伙看着办吧,"https://guba.eastmoney.com/news,600401,609353533.html",2017-02-16 10:36:56,大盘阶段顶，大伙看着办吧
买白菜卖白菜，呵呵,"https://guba.eastmoney.com/news,600401,609352978.html",2017-02-16 10:35:56,买白菜卖白菜，呵呵
那个姓杨的，名字是拼音的是不是大恶啊，按证监会的话是要逮回来的，散户积极反映[献,"https://guba.eastmoney.com/news,600401,609350183.html",2017-02-16 10:31:51,那个姓杨的，名字是拼音的是不是大恶啊，按证监会的话是要逮回来的，散户积极反映
来个涨停可好,"https://guba.eastmoney.com/news,600401,609348307.html",2017-02-16 10:28:48,来个涨停可好
2017年，基金，养老金，老股，老手，百分之九拾，都收购3元下方的股票。小四川,"https://guba.eastmoney.com/news,600401,609346551.html",2017-02-16 10:26:19,2017年，基金，养老金，老股，老手，百分之九拾，都收购3元下方的股票。小四川
再不拉股价自救的话，很快就会被证监会问询咯。,"https://guba.eastmoney.com/news,600401,609346381.html",2017-02-16 10:26:01,
预测，今天涨两分钱,"https://guba.eastmoney.com/news,600401,609346332.html",2017-02-16 10:25:50,预测，今天涨两分钱
来来来。继续发力发力,"https://guba.eastmoney.com/news,600401,609345305.html",2017-02-16 10:24:19,来来来。继续发力发力
要知道庄这样梅花阵很有收益的，卖一出货，买一收货，这样一天下来，你知道的[献花],"https://guba.eastmoney.com/news,600401,609344359.html",2017-02-16 10:22:51,要知道庄这样梅花阵很有收益的，卖一出货，买一收货，这样一天下来，你知道的
上了上了。开始一起攻击了,"https://guba.eastmoney.com/news,600401,609344250.html",2017-02-16 10:22:39,上了上了。开始一起攻击了
要起飞的感觉啊,"https://guba.eastmoney.com/news,600401,609343623.html",2017-02-16 10:21:34,要起飞的感觉啊
上面压着万年僵尸，起不来,"https://guba.eastmoney.com/news,600401,609339103.html",2017-02-16 10:14:32,就这么损
2017年基金，养老金，老股民，老手，看好收购3元下方的股票。,"https://guba.eastmoney.com/news,600401,609338633.html",2017-02-16 10:14:00,2017年基金，养老金，老股民，老手，看好收购3元下方的股票。
这货一年半载的伏在路边一上一下的自娱自乐那,"https://guba.eastmoney.com/news,600401,609335735.html",2017-02-16 10:09:12,不要脸了
为什么这两天的上下拖压单都这么大呀,"https://guba.eastmoney.com/news,600401,609329857.html",2017-02-16 09:58:38,为什么这两天的上下拖压单都这么大呀？
2017年基金，养老金，老股民，䑒都收购3元下的股票，老手看股。,"https://guba.eastmoney.com/news,600401,609329670.html",2017-02-16 09:58:18,2017年基金，养老金，老股民，?都收购3元下的股票，老手看股。
我可能买到假的一带一路股了，海润光伏,"https://guba.eastmoney.com/news,600401,609328904.html",2017-02-16 09:56:55,我可能买到假的一带一路股了，海润光伏
2017年收购3元下的股票。,"https://guba.eastmoney.com/news,600401,609327938.html",2017-02-16 09:55:09,2017年收购3元下的股票。
五日k线四天都走出一样的线，死鱼中的咸鱼！,"https://guba.eastmoney.com/news,600401,609322511.html",2017-02-16 09:45:34,五日k线四天都走出一样的线，死鱼中的咸鱼！
强烈要求媒体写一篇报道，揭发海润的恶意控盘行为,"https://guba.eastmoney.com/news,600401,609060761.html",2017-02-15 14:05:34,强烈要求媒体写一篇报道，揭发海润的恶意控盘行为
今天勇夺第一！！！,"https://guba.eastmoney.com/news,600401,609312609.html",2017-02-16 09:25:35,今天勇夺第一！！！
看官网，各种殊荣和订单，却被外来狗坑了,"https://guba.eastmoney.com/news,600401,609306801.html",2017-02-16 09:05:18,不服啊
海润光伏业绩预告：上半年盈利全年预亏4.8亿 下半年毛利下滑   阳光工匠光伏网,"https://guba.eastmoney.com/news,600401,609304363.html",2017-02-16 08:54:54,"日前，A股上市公司海润光伏发布了2016年年度业绩预告，经公司财务部门初步测算，预计2016年度经营业绩将出现亏损，2016年年度实现归属于上市公司股东的净利润预计为人民币-3.8亿元至-4.8亿元。

此前，《证券日报》曾报道，就已披露的年度业绩预告来看，A股光伏板块2016年业绩整体向好，31家光伏类上市公司中仅有2家出现亏损，而海润光伏便是其中之一。

“海润光伏在产业繁荣的背景下，却出现亏损”吸引了市场乃至媒体的广泛关注。就相关报道提出的质疑，2月14日晚间，海润光伏发布了澄清公告给予了具体回应并说明。

据《证券日报》记者整理，海润光伏主要通过“2016年下半年主要产品毛利率发生了大幅下滑;去年公司业务调整，EPC总承包业务量大幅减少;去年第四季度单季共形成1.03 亿元汇兑损失”等数据，佐证其2016年年度业绩预告的真实。

抢装潮

导致下半年产品毛利骤减

相较海润光伏预计2016年实现归属于上市公司股东的净利润为人民币-3.8亿元至-4.8亿元，2015年，公司实现归属于上市公司股东的净利润为9608万元。

透过2016年年度业绩预告，海润光伏表示，本期业绩预亏的主要原因为2016 年下半年光伏市场行情大幅下滑，公司主要产品销售毛利率下降;由于下半年美元汇率大幅上升导致汇兑损失激增;公司调整业务结构，收缩EPC工程总承包业务，减少了毛利来源。

不过，媒体相关报道就此提出质疑，认为“海润光伏去年前三季度尚且盈利4528万元，到年底就变成了预亏3.8亿元至4.8亿元”不合理。

对于去年上半年与下半年存在的巨大业绩差距，海润光伏解释，2015年底国家发改委下发《关于完善陆上风电光伏发电上网标杆电价政策的通知》，明确规定我国一类、二类资源区的地面光伏电站发电每度电补贴分别降低0.1元、0.07元，三类资源区每度电补贴降低0.02元。通知还限定，2016年1月1日以后备案并纳入年度规模管理的光伏发电项目，执行2016年光伏发电上网标杆电价。2016年以前备案并纳入年度规模管理的光伏发电项目但于2016年6月30日以前仍未全部投运的，执行2016年上网标杆电价(业内称之为“630政策”)。

在上述政策的刺激和影响下， 2016年上半年光伏抢装并网现象出现在了6月30日之前，与以往12月31日之前光伏电站建设与并网高峰所带来的三四季度的行业旺季相比，2016年的行业周期以一、二季度为旺季。在经历了“630抢装潮”后，行业整体呈自然回落，国家能源局统计信息显示，2016年我国光伏发电新增装机容量3454万千瓦，其中2016年1月份-6月份超过2000万千瓦。

EPC收入缩水

汇兑损失达1.03亿元

而除上述原因外，海润光伏还表示，去年10月底国家发改委下发的《关于完善陆上风电、光伏发电上网标杆电价政策的通知》(讨论稿)中，拟对2016年标杆上网电价的削减调整幅度较大，进一步使得第四季度组件价格大幅下降，导致产品销售毛利随之下降。

《证券日报》记者注意到，海润光伏澄清广告给出的数据显示，其多晶硅片、电池片、组件、发电收入、工程施工等业务的毛利率，在2015年时分别为-15.94%、8.98%、15.7%、43.47%、26.36%，到2016年上半年(1月份-6月份)时则分别为13.33%、17.49%、23.53%、54.29%、25.54%，而到2016年下半年(7月份-12月份)则下滑至7.94%、6.52%、11.28%、45.04%、6.26%。

同时，海润光伏还列举了同业上市公司公开数据，数据显示，国内主要光伏企业在2016年第四季度均出现了不同程度的利润收窄，或者第四季度当季亏损的情况，而这一现象，被海润光伏归咎于政策的影响。

在此基础上，海润光伏还介绍，2015年公司完成EPC总承包业务量约200MW，2016年因调整业务结构，仅施工完成 30MW左右EPC总承包业务。此外，公司2016年第四季度美元对人民币调汇汇率从6.6778上升至6.937，导致2016年第四季度单季共形成1.03亿元的汇兑损失。
展开阅读全文"
再融资审核排名网址,"https://guba.eastmoney.com/news,600401,609294369.html",2017-02-16 07:50:42,再融资审核排名网址
海润光伏一带一路真正龙头，17年目标二十元不是梦。,"https://guba.eastmoney.com/news,600401,608839329.html",2017-02-14 21:18:32,海润光伏一带一路真正龙头，17年目标二十元不是梦。
没什么指望～,"https://guba.eastmoney.com/news,600401,609253913.html",2017-02-16 00:08:18,没什么指望～
证监会举报电话[献花][献花][献花][献花],"https://guba.eastmoney.com/news,600401,609057669.html",2017-02-15 14:00:02,证监会举报电话
垃圾股票害死人了,"https://guba.eastmoney.com/news,600401,609245192.html",2017-02-15 23:09:23,垃圾股票害死人了
明日开盘直线涨停！,"https://guba.eastmoney.com/news,600401,608857432.html",2017-02-14 23:08:33,
