标题,链接,发布时间,内容
白酒行业黑天鹅？这家酒企遭经销商实名举报！监管部门已受理 董秘深夜回应,"https://guba.eastmoney.com/news,000799,893254365.html",2019-12-20 22:08:20,"来源：e公司


　　白酒又曝出添加剂不合格！

　　酒鬼酒供销有限责任公司(酒鬼酒全资控股的批发销售公司)“54°500ml老酒鬼酒”总代理北京来今雨轩文化传播公司法人代表石磊实名举报称，他代理的一款酒鬼酒被检出添加了“甜蜜素”。有报道称，相关部门已接收相关举报材料，正式受理举报事项。
　　证券时报记者多次拨打酒鬼酒董秘李文生电话，但并未有人接听。不过，他在回复记者的微信时表示，市场监管部门并未受理此项检举。
　　经销商举报酒鬼酒检出“甜蜜素” 市监部门已受理
　　12月20日晚间，证券时报记者联系上举报人石磊，石磊是北京来今雨轩文化传播有限公司(以下简称来“今雨轩”)法人代表，而今雨轩是“54°500ml老酒鬼酒”总代理。
　　石磊向证券时报记者表示，他确实已向湘西州市场监督管理局提交54°500ml老酒鬼酒含有“甜蜜素”检举材料，石磊要求查明“该品种批次内是否非法含有甜蜜素如有应向社会公开召回。”
　　同时，石磊认为酒鬼酒应根据合同赔偿今雨轩相应损失。
　　石磊提供的检举材料称，2012年4月19日，今雨轩与酒鬼酒公司签订《买断产品总代理合同》，约定今雨轩代理销售酒鬼酒公司54°500ml老酒鬼酒。合同约定酒鬼酒公司应向今雨轩提供质量合格且稳定的产品，并保证产品符合国家规定的质量标准。
　　据介绍，当年该批次产品共有12万多瓶，价值3000万元。石磊表示，目前上述涉事批次产品还余5万多瓶。
　　石磊称，在代理销售的过程中今雨轩接到上海经销商关于54°500ml老酒鬼酒存在质量问题的投诉并要求退货。
　　今雨轩在接到投诉后，对封样样品以及库存产品按照法律规定的程序分别向国家食品质量监督检测中心以及国锦(上海)检测技术有限公司申请检测并分别出具《检验报告》。
　　石磊提供的上述检测报告均显示酒鬼酒向今雨轩交付的上述酒类产品中含有国家明令禁止添加的环己基氨基磺酸钠也就是俗称的甜蜜素。
　　国锦(上海)检测技术有限公司2016年5月4日《检验报告》显示，送检样品白酒中的甜蜜素测定值为0.384mg/L；国家食品质量监督检验中心2016年8月3日《检验报告》显示，甜蜜素测定值为0.36mg/kg；国家食品质量监督检验中心2019年8月29日《检验报告》显示，甜蜜素测定值为0.344 mg/kg。
　　此后2017年4月18日，石磊将酒鬼酒诉至湖南省湘西土家族苗族自治州中级人民法院，请求法院判令酒鬼酒公司返还购酒款。
　　案件审理过程中，酒鬼酒公司于2018年11月13日向法院提交《民事答辩状》以及当庭均表示同意召回今雨轩于2012年采购的54°500ml老酒鬼酒产品。
　　啥是甜蜜素？
　　俗称“甜蜜素”的环己基氨基磺酸，国家标准规定禁止在白酒中添加。根据《食品安全国家标准食品添加剂使用标准》(GB2760-2014)规定，甜蜜素可用于饮料、糕点、复合调味料、配置酒等食品，但不允许在白酒中使用，因为其有致癌、致畸作用。
　　甜蜜素超标的原因可能是个别企业为降低生产成本，或为改善产品的口感，在白酒中添加甜蜜素等甜味剂来调节风味，或者购入了含有甜蜜素的白酒为原料生产加工所致。长期过量食用甜蜜素超标的食品，可能会对人体健康造成一定影响。
　　记者在搜索引擎中搜索白酒+甜蜜素关键词，发现据报道，不少白酒在抽检中检出甜蜜素，多为散装白酒或小作坊生产的白酒。
北上资金、牛散踩雷？
　　数据显示，截至今年三季度，机构共持有酒鬼酒股份1396.82万股，占流通A股的4.3%。
　　值得注意的是，北上资金持有公司股份544.85万股，占流通股比1.58%，是公司的第三大流通股东，同时，牛散赵建平也现身公司十大流通股东之列，持有公司510万股，占流通股比1.57%。
　　7年前塑化剂事件曾导致行业地震
　　此次酒鬼酒被举报检出甜蜜素不得不让人想到7年前白酒塑化剂事件。该事件引发了整个白酒行业大地震。
　　当时的主角仍是酒鬼酒，2012年11月19日，酒鬼酒被检出塑化剂超标2.6倍。
　　从“酒鬼酒塑化剂含量超标260%”消息正式传出到2012年11月19日，仅仅一天时间，不仅酒鬼酒受塑化剂事件影响临时停牌，白酒板块也遭受重挫。截至收盘，白酒板块跌幅居首，据相关估算，两市白酒股总市值共蒸发近330亿元，跌幅前15的个股中，酒类占据10席。
　　酒鬼酒在11月 23日复牌后，连吃四个跌停。之后，公司业绩下滑，其中，2013年营业收入下降6成，净利润少了5个多亿，股价也是一路下跌，时至今日仍未恢复元气。
　　酒鬼酒三季度净利下滑
　　另外，在今年第三季度，酒鬼酒业绩为近9个季度以来首次下滑。
　　酒鬼酒10月17日晚发布三季报，公司前三季度营收为9.68亿元，同比增长27.34%；净利为1.84亿元，同比增长14.27%。其中，第三季度净利为2818万元，同比下降39.50%。
　　酒鬼酒表示，公司第三季度净利润同比下降跟公司的市场战略调整有关，因为需要维护市场，公司进行了必要的停货控货，导致了盈利正常幅度内波动，并非是公司营销受到阻碍，公司全年规划也不会受到影响。
　　公司解释称，主要是本季销售费用对比去年同期大幅增长，导致本报告期净利润下降。三季报显示，公司本期销售费用比上期多了3200多万。
（文章来源：e公司）[点击查看原文]
展开阅读全文"
茅台等酒企违规添加甜蜜素过量摄入危害人体健康2015-02-10来源:互联网彼时,"https://guba.eastmoney.com/news,000799,893279407.html",2019-12-21 08:54:56,"茅台等酒企违规添加甜蜜素 过量摄入危害人体健康
2015-02-10来源:互联网
彼时，塑化剂事件带给白酒行业的重创还历历在目，如今，白酒又染上“甜蜜素”，这对本来就处在寒冬中的白酒业来说，无疑是雪上加霜。一场有关白酒业的“新塑化剂危机”的言论在行业内流传。那么，白酒中检测出甜蜜素到底是食品安全问题还是其它？
对此，有业内人士对《证券日报》记者表示，甜蜜素不是食品安全性问题，所以不必担心，而甜蜜素事件也不会像塑化剂事件那样殃及整个白酒业。
多家酒企登
质检总局质量黑榜
据国家食品药品监管总局日前公布的抽检不合格名单显示，一共有278家白酒企业登上质量黑榜。
据了解，国家食品药品监管总局本次专项抽检共抽检样品3000批次，样品涉及全国30个省(区、市)1147家生产企业。此次抽检有177项次共108批次白酒甜味剂不合格，占抽检样品总数的3.6%。
国家食品药品监管局表示，根据相关食品安全国家标准和白酒产品标准规定，白酒中不允许添加甜味剂，甜蜜素、糖精钠和安赛蜜是人工生产的甜味剂。此次造成不合格的原因可能是生产企业为降低成本，同时增加产品的口感，在产品中添加甜蜜素、糖精钠、安赛蜜等甜味剂来调节口感，也可能是由于其它原辅料使用不当带入。
记者查看不合格的278家企业名单发现，多数企业为地方酒企，但值得注意的是，贵州茅台(182.88, -1.42, -0.77%)酒厂集团保健酒业有限公司生产的“锦绣东方酒”和甘肃皇台酒业(12.39, 0.00, 0.00%)股份有限公司生产的皇台本色酒(本色6#窖藏)、吉林省吉盛涌鑫酿酒有限公司生产的老北京二锅头酒也榜上有名。
对此，茅台保健酒公司回应媒体时表示，上述涉事酒是出了很久的老酒，“且锦绣东方品牌有很多款产品，仅从现在的信息上不能判定是哪一款，还需再核对一下”。公司在基酒检测上把关还是比较严格的，而且酱香型酒应该不存在甜蜜素。
那么白酒中检出“甜蜜素”一事，是否是涉及食品安全问题？
对此，中国酒业协会副秘书长宋书玉接受记者采访时表示，按照现行的白酒标准是不允许添加甜蜜素的，有的企业添加了，主要是为了增加产品的口感，只要添加的量在规定的范围内，对人体是没有害的。
企业采标错误
拿调制酒当白酒
据了解，甜蜜素是一种常用甜味剂，化学名称为环己基氨基磺酸钠，是由氨基磺酸与环己胺(C6H11NH2)及氢氧化钠反应而成，是食品生产中常用的添加剂。其甜度是蔗糖的30—40倍。消费者如果经常食用甜蜜素含量超标的饮料或其它食品，就会因摄入过量对人体的肝脏和神经系统造成危害，特别是对代谢排毒的能力较弱的老人、孕妇、小孩危害更明显。
一场不是人为添加的白酒塑化剂事件让白酒业遭受重创，那么这次人为添加甜蜜素是否也会带给行业深远的影响呢？
根据专家的意见，只要食品中添加的甜蜜素含量在允许的范围内，对人体是没有危害的。对于白酒中添加甜蜜素是否有必要，添加后既然对人的身体危害不大，那么为什么又不允许在白酒中添加呢？
对此，宋书玉表示，现在的白酒标准是不允许添加甜蜜素的，但是有的企业为了产品的口感会添加一些甜蜜素，只要在安全范围内，对人体是不会造成伤害的，但是，其在标注时不应该标注按照白酒标准生产的，应该采用配制酒标准。
按照宋书玉的说法，白酒企业在采用标准时出现错误，此次曝光的白酒中含有甜蜜素一事不会对整个酒行业造成深远影响，
宋书玉表示，被曝光的企业主要是采标混乱，没有按照规定进行标准，应该受到相关部门的处罚。
同样，在酿酒大师、景芝酒业销售总经理来安贵看来，白酒标准中是不允许添加甜味素的，如果添加就不应该采用白酒标准。
来安贵对《证券日报》记者表示，很多酒企一般在低端酒中添加甜蜜素，目的就是增加口感，只要在限量的标准内，对人体应该是安全的，但是不能采用白酒标准，应该采用配制酒标准。
对于曝光的白酒添加甜蜜素被曝光一事，在酒类专家肖竹青看来，虽然不是食品安全事件，但是，作为生产企业在产品标识方面不应该隐瞒消费者，让消费者明明白白消费，对不合规企业加大处罚力度。"
可以起诉经销商讹诈,"https://guba.eastmoney.com/news,000799,893279494.html",2019-12-21 08:56:40,敲诈
16年就给法院受理了怎么现在还说记者吃了多少好外,"https://guba.eastmoney.com/news,000799,893279156.html",2019-12-21 08:49:19,16年就给法院受理了怎么现在还说记者吃了多少好外
这个经销商太不是东西了，就因为没有讹到钱就恶语中伤，12年的酒拿到现在来说不觉得,"https://guba.eastmoney.com/news,000799,893279155.html",2019-12-21 08:49:17,这个经销商太不是东西了，就因为没有讹到钱就恶语中伤，12年的酒拿到现在来说不觉得太可笑吗，以前是可以添加甜蜜素的，怎么不告现在生产的酒添加甜蜜素？
我还有100股，气死了,"https://guba.eastmoney.com/news,000799,893279157.html",2019-12-21 08:49:25,我还有100股，气死了
真理胜于雄辩，12年的政策和现在对比差异较大；销售商做法也有嫌疑，不光明；遇到难,"https://guba.eastmoney.com/news,000799,893279070.html",2019-12-21 08:46:58,真理胜于雄辩，12年的政策和现在对比差异较大；销售商做法也有嫌疑，不光明；遇到难题，那就勇于破除它。我是支持酒鬼酒的
太不小心了，这么大的事怎么可以让外人知道呢，下次注意点。,"https://guba.eastmoney.com/news,000799,893266326.html",2019-12-21 00:49:03,太不小心了，这么大的事怎么可以让外人知道呢 ，下次注意点。
明天集合进价挂单~爆雷了,"https://guba.eastmoney.com/news,000799,893277734.html",2019-12-21 08:12:48,明天集合进价挂单~爆雷了
这里有很多复杂的关系，不只是停留在这文章上的。这是2012年塑化剂事件以前的产品,"https://guba.eastmoney.com/news,000799,893278878.html",2019-12-21 08:42:12,这里有很多复杂的关系，不只是停留在这文章上的。这是2012年塑化剂事件以前的产品，是历史遗留问题，这几年出品的产品每瓶出厂都要检测合格才能流向市场！
看看假外资从五百多万股在出问题之前迅速减成不到一百万股，牛！,"https://guba.eastmoney.com/news,000799,893278781.html",2019-12-21 08:40:17,看看假外资从五百多万股在出问题之前迅速减成不到一百万股，牛！
安心。静心。,"https://guba.eastmoney.com/news,000799,893278659.html",2019-12-21 08:37:08,安心。静心。
完了！玩完了！完犊子了！污点，一污再污！还有翻身的时候吗？除非被大品牌彻底重组，,"https://guba.eastmoney.com/news,000799,893278494.html",2019-12-21 08:33:04,完了！玩完了！完犊子了！污点，一污再污！还有翻身的时候吗？除非被大品牌彻底重组，中粮是不行了。
食品安全,"https://guba.eastmoney.com/news,000799,893278425.html",2019-12-21 08:31:07,酒鬼酒管理层应该自我反思，不要急功近利，要踏踏实实做好产品，回报客户，回报股东，回报社会，为什么出问题的总是你呢？
弱弱的问下这家伙五个跌停能打住吗我不知道啥时候进去谢谢大家告知,"https://guba.eastmoney.com/news,000799,893278357.html",2019-12-21 08:29:48,弱弱的问下 这家伙五个跌停能打住吗 我不知道啥时候进去 谢谢大家告知
扶不起的阿斗，塑化剂刚完又来甜蜜素，酒鬼酒真鬼啊，名字没起错。,"https://guba.eastmoney.com/news,000799,893278347.html",2019-12-21 08:29:30,扶不起的阿斗，塑化剂刚完又来甜蜜素，酒鬼酒真鬼啊，名字没起错。
甜蜜素事件利好青青稞酒，刚获食品安全企业荣誉称号。多年的自律坚持，经得起考验。,"https://guba.eastmoney.com/news,000799,893277625.html",2019-12-21 08:10:57,甜蜜素事件利好青青稞酒，刚获食品安全企业荣誉称号。多年的自律坚持，经得起考验。
周一低开是肯定的，如果低开五个点以上，加仓。怕什么？我不知道你们都怕什么，不要跟,"https://guba.eastmoney.com/news,000799,893278172.html",2019-12-21 08:25:00,周一低开是肯定的，如果低开五个点以上，加仓。怕什么？我不知道你们都怕什么，不要跟着一些别有用心的人带节奏
低开高走，盘升震荡。,"https://guba.eastmoney.com/news,000799,893278099.html",2019-12-21 08:22:26,低开高走，盘升震荡。
酒鬼酒又搞事了！十个跌停必须有！,"https://guba.eastmoney.com/news,000799,893273661.html",2019-12-21 07:15:31,杀！！！！！！！！！！！！！！！！！！！
我没有持仓酒鬼酒，我来说句公道话，股民买酒鬼酒的票就是相信酒鬼酒会做的越来越好，,"https://guba.eastmoney.com/news,000799,893277991.html",2019-12-21 08:19:23,我没有持仓酒鬼酒，我来说句公道话，股民买酒鬼酒的票就是相信酒鬼酒会做的越来越好，暴雷最大的受害者还是散户股民，大家不应该落井下石，雷无处不在有可能下一个就是你持仓里的一票，马上要过年了，我希望现在持酒鬼票的人能放平心态，就算跌停也要好好生活，愿菩萨能保佑你们
不管怎么说，周一能出来就出来把，留得青山在，不怕没柴烧，这是真理如果这事还在不停发酵那就是一个大雷，周一低开应该是肯定的出来吧！,"https://guba.eastmoney.com/news,000799,893278079.html",2019-12-21 08:21:42,不管怎么说，周一能出来就出来把，留得青山在，不怕没柴烧，这是真理如果这事还在不停发酵那就是一个大雷，周一低开应该是肯定的出来吧！
三个跌停板是跑不掉的了,"https://guba.eastmoney.com/news,000799,893277964.html",2019-12-21 08:18:30,一波未平一波又起，洒鬼酒的上层难道不知道？鬼才信呢。
中粮产业链品质保障，这句话真是打脸,"https://guba.eastmoney.com/news,000799,893277978.html",2019-12-21 08:18:57,中粮产业链品质保障，这句话真是打脸
所有加杠杆的这下都梭哈飞了,"https://guba.eastmoney.com/news,000799,893277945.html",2019-12-21 08:18:02,　这是要出人命啊！妥妥的四个板起步！自己安慰自己屁用没有。该哭就哭出声音来！启动人体的自我保护系统。
这是2012年塑化剂事件以前的产品，是历史遗留问题，这几年出品的产品每瓶出厂都要,"https://guba.eastmoney.com/news,000799,893277761.html",2019-12-21 08:13:12,这是2012年塑化剂事件以前的产品，是历史遗留问题，这几年出品的产品每瓶出厂都要检测合格才能流向市场
大家猜猜，要几个跌停。,"https://guba.eastmoney.com/news,000799,893274318.html",2019-12-21 07:39:23,大家猜猜，要几个跌停。
彻夜难眠,"https://guba.eastmoney.com/news,000799,893277234.html",2019-12-21 08:08:52,彻夜难眠
酒鬼酒12月20日获深股通减仓5.60万股,"https://guba.eastmoney.com/news,000799,893276421.html",2019-12-21 08:04:54,"






























12月20日酒鬼酒深股通持仓数据
收盘价：	39.15	涨跌幅：	-0.10%
持股量：	94.89万股	持股变化：	-5.60万股





数据显示，截至12月20日酒鬼酒于深股通持股量为94.89万股，占其A股股本比例为0.29%，比上一交易日减少5.60万股。据数据统计，该股近一个月内累计涨幅为6.21%，深股通累计减仓251.92万，深股通持仓累计变化比例为-72.64%，近三个月内累计涨幅为1.50%，深股通累计减仓619.54万，深股通持仓累计变化比例为-86.72%。


数据来源:东方财富




"
12年的酒现在才拿出来说事，14年国家才规定白酒中不得加入甜蜜素，酒鬼酒公司召回,"https://guba.eastmoney.com/news,000799,893275257.html",2019-12-21 07:57:26,12年的酒现在才拿出来说事，14年国家才规定白酒中不得加入甜蜜素，酒鬼酒公司召回时经销商干嘛去了，现在才报……这经销商明显有问题！
这个经销商仓库里那一年的酒都没有，就只有12年的酒，怎么不卖其他年份酒，专门保存,"https://guba.eastmoney.com/news,000799,893275171.html",2019-12-21 07:56:27,这个经销商仓库里那一年的酒都没有，就只有12年的酒，怎么不卖其他年份酒，专门保存塑化剂时的问题酒，老湈深算，技高一筹，了不起。
先五个跌停再说话，白酒完了。,"https://guba.eastmoney.com/news,000799,893274209.html",2019-12-21 07:35:22,先五个跌停再说话，白酒完了。
17号的报道怎么18号19号20号没跌停？？？难道周一才是好日子才能跌停？？？？,"https://guba.eastmoney.com/news,000799,893274110.html",2019-12-21 07:31:39,17号的报道怎么18号19号20号没跌停？？？难道周一才是好日子才能跌停？？？？？尼们的智商堪忧啊
昨天下午收盘前卖了！与雷擦肩而过[鼓掌][鼓掌][鼓掌][鼓掌],"https://guba.eastmoney.com/news,000799,893274193.html",2019-12-21 07:34:55,昨天下午收盘前卖了！与雷擦肩而过
如果真的只是12年的酒的问题的话，大可不必惊慌，低吸筹码的时候到了,"https://guba.eastmoney.com/news,000799,893273978.html",2019-12-21 07:27:49,如果真的只是12年的酒的问题的话，大可不必惊慌，低吸筹码的时候到了
一季报出来怎么办？,"https://guba.eastmoney.com/news,000799,893273885.html",2019-12-21 07:24:44,"　可怕的并不是一开始这三、四个板。是销售费用本来就剧增了，得！这回一瓶也甭想卖出去。一季报来个同比下降百分之九十？那样板儿就不是三、四个了。
目测，25开板；阴跌到一季报，20再开始板。。。不知道十块能不能跌。"
中粮公关连夜加班，18号回复24小时给出答复，今天几号了？[空仓][空仓][空仓,"https://guba.eastmoney.com/news,000799,893251714.html",2019-12-20 21:45:14,中粮公关连夜加班，18号回复24小时给出答复，今天几号了？
还好只留了1000股，成本降到12了。酒鬼酒确实好喝，馥郁香！不上头味道也挺甜的,"https://guba.eastmoney.com/news,000799,893273739.html",2019-12-21 07:18:37,"还好只留了1000股，成本降到12了。
酒鬼酒确实好喝，馥郁香！不上头味道也挺甜的"
这个雷要跌几个板,"https://guba.eastmoney.com/news,000799,893273688.html",2019-12-21 07:17:11,这个雷要跌几个板
新闻媒体要有职业道德，客观而正面地报道事实，为什么用12年的问题酒说事，出事了，,"https://guba.eastmoney.com/news,000799,893273566.html",2019-12-21 07:13:26,新闻媒体要有职业道德，客观而正面地报道事实，为什么用12年的问题酒说事，出事了，出事了！为什么不拿16，17，18，19的酒说車，说唄现在的酒没问题，媒体们报道耍对得起自己的良心，为中国酒企的努力，为中国酒企在本地扶贫、肋学做出的页献点赞，这些媒体是不愿报道的。
形态上酒鬼酒是主力准备拉升的姿态，也是瞄准春节假期效应，不过这个甜蜜素可能是操盘,"https://guba.eastmoney.com/news,000799,893248199.html",2019-12-20 21:12:47,形态上酒鬼酒是主力准备拉升的姿态，也是瞄准春节假期效应，不过这个甜蜜素可能是操盘的主力都无法预料到的重大突发情况。接下来一段时间白酒可没有好日子了，不过主力会在某个时间拉高出逃，毕竟这甜蜜素可不是小事儿，短期内是巨大利空
听我的你可以保命！趁现在问题还没有发酵到整个行业，赶快跌停卖出！看看当年塑化剂的价位，整个行业严重低估，这是什么意思？机构开始做空白酒了，才捅出了这个事情！另外...,"https://guba.eastmoney.com/news,000799,893266644.html",2019-12-21 01:00:51,听我的你可以保命！趁现在问题还没有发酵到整个行业，赶快跌停卖出！看看当年塑化剂的价位，整个行业严重低估，这是什么意思？机构开始做空白酒了，才捅出了这个事情！另外要把白酒的资金赶到低估的，政策支持的行业，白酒不跌牛市不会到来！我敢说未来30年白酒不可能有现在的高度了.就如07年的钢铁.现在破净值！说明开始绝杀白酒，关系国民身体健康！严重影响业绩！
12月20日消息，近日，酒鬼酒旗下一款54度500ml老酒鬼酒被全国经销商举报，,"https://guba.eastmoney.com/news,000799,893273365.html",2019-12-21 07:05:25,12月20日消息，近日，酒鬼酒旗下一款54度500ml老酒鬼酒被全国经销商举报，称产品违法添加环己基氨基磺酸钠（俗称“甜蜜素”），给消费者的健康带来了极大的隐患。目前，市场监管部门已受理。
坐看数板，敬请节哀,"https://guba.eastmoney.com/news,000799,893273045.html",2019-12-21 06:54:41,坐看数板，敬请节哀
添一点甜蜜素怕什么又不是塑化剂又不是农药喝了随时不会倒下实在卖不掉股吧里的支持着,"https://guba.eastmoney.com/news,000799,893273021.html",2019-12-21 06:53:09,添一点甜蜜素怕什么又不是塑化剂 又不是农药 喝了随时不会倒下 实在卖不掉股吧里的支持着每人买一箱 送给父母喝 就算添加农药你也不要说出来啊 不然散户骂死你
甜蜜素，其化学名称为环己基氨基磺酸钠，是食品生产中常用的添加剂。甜蜜素是一种常用,"https://guba.eastmoney.com/news,000799,893272987.html",2019-12-21 06:50:46,"甜蜜素，其化学名称为环己基氨基磺酸钠，是食品生产中常用的添加剂。甜蜜素是一种常用甜味剂，其甜度是蔗糖的30～40倍[1]。
分子式C6H12NNaO3S，分子量201.2。白色结晶或白色结晶粉末，无臭，味甜，易溶于水，难溶于乙醇，不溶于氯仿和乙醚。在酸性条件下略有分解，在碱性条件下稳定。[2]为无营养甜味剂，浓度大于0.4%时带苦味。小鼠经口半数致死剂量为18g/kg，FAO/WHO(1982)规定每日允许摄入量为0～11mg/kg。[3]1969年因用糖精-环己基氨基磺酸钠喂养的白鼠发现患有膀胱癌，故1970年美国、日本相继禁止使用。在随后的继续研究中，没有发现本品有致癌作用[4]。人口服环已基氨基磺酸钠，40%由尿排出，60%由粪便排出，无蓄积现象。我国《食品添加剂使用卫生标准》（GB 2760-2014）对食品加工中甜蜜素用量进行了严格限制。"
我差点也买了，有些后怕[鼓掌],"https://guba.eastmoney.com/news,000799,893272872.html",2019-12-21 06:45:48,我差点也买了，有些后怕
12年的问题酒早该销毁了，为什么现在还有，谁销售伏抓谁，炕害人呀！,"https://guba.eastmoney.com/news,000799,893272867.html",2019-12-21 06:45:31,12年的问题酒早该销毁了，为什么现在还有，谁销售伏抓谁，炕害人呀！
白酒股能不能被压垮呢？拭目以待。,"https://guba.eastmoney.com/news,000799,893272453.html",2019-12-21 06:28:14,白酒股能不能被压垮呢？拭目以待。
五个跌停之后，又是抢筹的机会。给你低位筹码，不要又不敢买了![胜利],"https://guba.eastmoney.com/news,000799,893272292.html",2019-12-21 06:21:32,五个跌停之后，又是抢筹的机会。给你低位筹码，不要又不敢买了!
搞笑！还会不会跌停？！,"https://guba.eastmoney.com/news,000799,893272035.html",2019-12-21 06:10:49,　讨论一下会不会退市吧！这事大了，是讨论茅台多少个跌停的问题了。
酒不能加甜蜜素是因为酒精本来就是伤肝的，而甜蜜素也是伤肝伤神经的，两样加起来的化,"https://guba.eastmoney.com/news,000799,893263592.html",2019-12-21 00:01:09,酒不能加甜蜜素是因为酒精本来就是伤肝的，而甜蜜素也是伤肝伤神经的，两样加起来的化学反应对肝脏有多大伤害想想都知道，基本等于毒酒了
$伊利股份(SH600887)$$蒙牛乳业(HK|02319)$,"https://guba.eastmoney.com/news,000799,893271304.html",2019-12-21 05:38:41,$伊利股份(SH600887)$$蒙牛乳业(HK|02319)$
千万别跌停呀.我满仓呀,"https://guba.eastmoney.com/news,000799,893271407.html",2019-12-21 05:40:37,千万别跌停呀.我满仓呀
$酒鬼酒(SZ000799)$在线收奶，谁有08的伊利蒙牛奶？高价收，搞几箱去找,"https://guba.eastmoney.com/news,000799,893271278.html",2019-12-21 05:37:37,$酒鬼酒(SZ000799)$在线收奶，谁有08的伊利蒙牛奶？高价收，搞几箱去找伊利蒙牛公司要赔偿，不接受退货
“甜蜜素”风波，会象当年“塑化剂”风波那样，致白酒板块腰斩再腰斩吗？,"https://guba.eastmoney.com/news,000799,893271105.html",2019-12-21 05:30:09,“甜蜜素”风波，会象当年“塑化剂”风波那样，致白酒板块腰斩再腰斩吗？
不是一般的讨厌！,"https://guba.eastmoney.com/news,000799,893270927.html",2019-12-21 05:19:09,　白酒版块算是让酒鬼各应死了，东一个雷西一个雷，现在整个板块刚要企稳，这货又出故事了。得！大家都给你垫个背，一起板儿一个。
石磊先生身边有三个傻子。半傻的人告诉他:石总，你早上喝的，中午吃的，下午饮的，晚,"https://guba.eastmoney.com/news,000799,893269609.html",2019-12-21 03:57:12,石磊先生身边有三个傻子。半傻的人告诉他:石总，你早上喝的，中午吃的，下午饮的，晚上用的，哪个没问题？全傻的人建议：石总，咱们向质检总局举报，销毁这些酒。更傻的人说:石总，能不能让我把酒拿走，十年以后我让它每瓶三千。聪明的石总看不起这几个傻子！选择了起诉
几个跌停板不至于最多像三季度那样跌一段时间，等着30以下接回，39.6全清了！,"https://guba.eastmoney.com/news,000799,893269522.html",2019-12-21 03:55:26,几个跌停板不至于最多像三季度那样跌一段时间，等着30以下接回，39.6全清了！
这代理商就想敲诈钱财,"https://guba.eastmoney.com/news,000799,893269010.html",2019-12-21 03:20:16,这代理商就想敲诈钱财
谁能告诉我怎么办啊，42的本现在又是这事完了。,"https://guba.eastmoney.com/news,000799,893268894.html",2019-12-21 03:13:19,谁能告诉我怎么办啊，42的本现在又是这事完了。
终究是渠道出了问题！都是扁平化惹的祸。中粮集团的人太业余！,"https://guba.eastmoney.com/news,000799,893268741.html",2019-12-21 03:03:44,终究是渠道出了问题！都是扁平化惹的祸。中粮集团的人太业余！
塑化剂是他们家吗？,"https://guba.eastmoney.com/news,000799,893268540.html",2019-12-21 02:47:08,塑化剂是他们家吗？
甜蜜素是2014年规定白酒不能添加，这酒是12年塑化剂塑化剂生产的[大笑][大笑,"https://guba.eastmoney.com/news,000799,893268467.html",2019-12-21 02:42:41,甜蜜素是2014年规定白酒不能添加，这酒是12年塑化剂塑化剂生产的
为周五出来的点赞！为周五进来的担心，但愿你们能早点出来。,"https://guba.eastmoney.com/news,000799,893268478.html",2019-12-21 02:44:01,为周五出来的点赞！为周五进来的担心，但愿你们能早点出来。
酒鬼酒股民有正气,"https://guba.eastmoney.com/news,000799,893268115.html",2019-12-21 02:23:39,面对那些个翻陈芝麻烂谷子旧帐的红眼病.手中只持有100股的小股民对你们发出鄙视的笑声.包括突然跑到酒鬼酒吧的生面小丑.你们的人品有问题.我呸
2012年的货物确实存在问题，但是2014年的新规定。《食品安全国家标准食品添加,"https://guba.eastmoney.com/news,000799,893268039.html",2019-12-21 02:19:17,"2012年的货物确实存在问题，但是2014年的新规定。
《食品安全国家标准食品添加剂使用标准》(GB 2760-2014)对甜蜜素的允许添加范围及含量有明确规定：配制酒中的甜蜜素(以环己基氨基磺酸计)应≤0.65g/ kg，其他酒类中均不得使用甜蜜素。"
故事还原：随着品牌的下降，经销商的酒慢慢的就卖不动了，但是有买断经营权的合同在那,"https://guba.eastmoney.com/news,000799,893268014.html",2019-12-21 02:16:39,故事还原：随着品牌的下降，经销商的酒慢慢的就卖不动了，但是有买断经营权的合同在那里。不能退货也不能不卖。经销商承担着巨额的亏损。于是釜底抽薪，把厂家给告了。要不然经销商会举报自己卖的产品吗？也不可能为了消费者这么好心对吧？你看茅台的经销商敢不敢，告茅台？肯定不敢
2012的事还拿出来说，那个酒鬼酒厂家一定要告他,"https://guba.eastmoney.com/news,000799,893267848.html",2019-12-21 02:05:46,2012的事还拿出来说，那个酒鬼酒厂家一定要告他
酒鬼酒真金不怕火炼,"https://guba.eastmoney.com/news,000799,893267738.html",2019-12-21 01:58:55,手持100股的酒鬼酒小股民.面对翻2012年旧帐的.突然之间窜到洒鬼股吧的生面小丑..告诉你们.老子一股不抛.笑看你们表演.发出鄙视的笑声
鼠光百货,"https://guba.eastmoney.com/news,000799,893267557.html",2019-12-21 01:47:16,"鼠光百货
观一元
鼠光百货
鼠光百货
2019-12-21 01:43:00*ST信威吧"
{必看}弄明天这几个问题，酒鬼还有一线生机。,"https://guba.eastmoney.com/news,000799,893267473.html",2019-12-21 01:42:52,"第一，2012年的酒塑化剂事件时厂方同意退货为什么不退货动机为何？
第二，这个国标是执行2014年的标准。这酒是2012年产的。这国标是否对2012年生产的酒有约束力。
第三，现有流通市场是否有抽检有添加甜蜜素情况来证明只是一个批次的问题。"
央企信得过,"https://guba.eastmoney.com/news,000799,893267359.html",2019-12-21 01:36:52,对老百信健康负责的央企酒业.面对红眼病翻旧帐.一句话:手中'100股，一股不抛
虽然我昨天今天连亏两天，但是还是心疼这个酒上的人,"https://guba.eastmoney.com/news,000799,893267318.html",2019-12-21 01:35:28,虽然我昨天今天连亏两天，但是还是心疼这个酒上的人
7年前事情现在还在说？,"https://guba.eastmoney.com/news,000799,893267200.html",2019-12-21 01:28:47,7年前事情现在还在说？
几个跌停，今天酒鬼酒明日什么酒,"https://guba.eastmoney.com/news,000799,893267128.html",2019-12-21 01:23:51,几个跌停，今天酒鬼酒明日什么酒
完了；大埋；最少10个一字跌,"https://guba.eastmoney.com/news,000799,893266937.html",2019-12-21 01:15:18,完了；大埋；最少10个一字跌
100股小民一股不拋,"https://guba.eastmoney.com/news,000799,893266917.html",2019-12-21 01:14:34,有人就是见不得洒鬼好.翻2012年的说事.其心可殊.虽然只有100股.但一股不拋.洒鬼就是不一般
高价收08年三聚氰胺的奶粉，我也要去敲诈[大笑][大笑][大笑][大笑],"https://guba.eastmoney.com/news,000799,893266823.html",2019-12-21 01:07:45,高价收08年三聚氰胺的奶粉，我也要去敲诈
重庆啤酒黑天鹅事件重演,"https://guba.eastmoney.com/news,000799,893266795.html",2019-12-21 01:05:40,重庆啤酒黑天鹅事件重演
猪年没,"https://guba.eastmoney.com/news,000799,893266600.html",2019-12-21 01:00:21,"猪年没
观一元
鼠年活水，一元退，千元没！
鼠年活水，一元退，千元没！
2019-12-21 00:55:50R长生1吧"
看来此经销商早有预谋，12年发生塑化剂问题，正常说应该全部退货，不退货是为什么呢,"https://guba.eastmoney.com/news,000799,893266511.html",2019-12-21 00:55:41,看来此经销商早有预谋，12年发生塑化剂问题，正常说应该全部退货，不退货是为什么呢？要坑害老占姓呀，或者说故意存起来，等有一天酒涨价了，以塑化剂以外的事情找公司退货，用现在的价格回收明显能赚一大笔钱，生意人啊。不要到时侯投鸡不成再失把米，打错小算盘。
完了这下真的完了。,"https://guba.eastmoney.com/news,000799,893266423.html",2019-12-21 00:52:40,完了这下真的完了。
酒鬼们酒精都不怕，难道还怕甜蜜素吗？,"https://guba.eastmoney.com/news,000799,893266330.html",2019-12-21 00:49:11,酒鬼们酒精都不怕，难道还怕甜蜜素吗？
白酒要完成最后一跌[滴汗],"https://guba.eastmoney.com/news,000799,893266151.html",2019-12-21 00:43:24,白酒要完成最后一跌
看了很久，没事，那人太坏了，奸商。周一低开我全仓买入,"https://guba.eastmoney.com/news,000799,893264848.html",2019-12-21 00:09:54,看了很久，没事，那人太坏了，奸商。周一低开我全仓买入
如何防止踩雷，就是等雷爆了之后,"https://guba.eastmoney.com/news,000799,893266158.html",2019-12-21 00:43:46,如何防止踩雷，就是等雷爆了之后
要看这批老酒鬼酒是不是配制酒,"https://guba.eastmoney.com/news,000799,893266157.html",2019-12-21 00:43:43,如果是配制酒，国家是允许添加甜蜜素的，限定在每公斤酒0.65克内。其他酒不能添加。
浏览第1位持高不下。现在吃瓜群众说:你有毒。酒鬼酒:我没有。吃瓜群众:不，你有。,"https://guba.eastmoney.com/news,000799,893266039.html",2019-12-21 00:40:01,浏览第1位持高不下。现在吃瓜群众说:你有毒。酒鬼酒:我没有。吃瓜群众:不，你有。酒鬼酒:我真的没有。吃瓜群众:我说你有你就有。
陈年往事，没法跌停[大笑][大笑][大笑],"https://guba.eastmoney.com/news,000799,893266011.html",2019-12-21 00:38:35,陈年往事，没法跌停
很多人说旧事重提，这不是旧事，是拖到现在都没有解决，代理举报酒有问题，要求退货赔,"https://guba.eastmoney.com/news,000799,893265959.html",2019-12-21 00:36:22,很多人说旧事重提，这不是旧事，是拖到现在都没有解决，代理举报酒有问题，要求退货赔偿，是有合同规定的，但酒鬼同意退货，不承认酒有问题，最神奇的是法院觉得都退货了，酒有没有问题不用检测了，不同意赔偿，你们说有什么问题，到底谁黑
这12年的酒不仅含甜蜜素，塑化剂也是超标的。,"https://guba.eastmoney.com/news,000799,893265949.html",2019-12-21 00:36:02,这12年的酒不仅含甜蜜素，塑化剂也是超标的。
活水,"https://guba.eastmoney.com/news,000799,893265786.html",2019-12-21 00:31:34,"活水
观一元
活水的缘头，再茅台！
活水的缘头，再茅台！
2019-12-21 00:19:06南宁百货吧"
公司要12年的价格退回，经销商要时下的价格退回还要敲一笔.公司想12年的价你有多,"https://guba.eastmoney.com/news,000799,893265621.html",2019-12-21 00:28:23,公司要12年的价格退回，经销商要时下的价格退回还要敲一笔.公司想12年的价你有多少我收多少，反正不亏.经销商想你不给钱我就搞你，让你股价在地下磨擦磨擦
白酒要下来了，这波直线向下了,"https://guba.eastmoney.com/news,000799,893265554.html",2019-12-21 00:26:29,白酒要下来了，这波直线向下了
过年了，敲诈勒索的，碰瓷的都出来了。为了钱不择手段。这经销商够狠毒的。,"https://guba.eastmoney.com/news,000799,893265463.html",2019-12-21 00:24:22,过年了，敲诈勒索的，碰瓷的都出来了。为了钱不择手段。这经销商够狠毒的。
这是局，弄好了进升白酒一线。弄不好退市不远。央企不会任人宰割。看这败局怎么破。,"https://guba.eastmoney.com/news,000799,893265406.html",2019-12-21 00:22:49,这是局，弄好了进升白酒一线。弄不好退市不远。央企不会任人宰割。看这败局怎么破。
陈年旧事 ，同为2012年的问题酒，企业会愚蠢到一个地方跌倒两次吗，而且大资金消息比你灵通得多，要有事早就跑了，应该这两天从股价上就能反映出来。我也1/3多点的...,"https://guba.eastmoney.com/news,000799,893265641.html",2019-12-21 00:28:41,陈年旧事 ，同为2012年的问题酒，企业会愚蠢到一个地方跌倒两次吗，而且大资金消息比你灵通得多，要有事早就跑了，应该这两天从股价上就能反映出来。我也1/3多点的仓位，别人恐慌我贪婪，如果周一跌的太多我会选择机加仓，找机会做做T也是不错的。
石磊想吃筹码,"https://guba.eastmoney.com/news,000799,893265403.html",2019-12-21 00:22:41,石磊想吃筹码
80后真不容易啊，小时候喝三鹿奶粉，20几岁发现酒里面有塑化剂，好不容易活到30,"https://guba.eastmoney.com/news,000799,893265300.html",2019-12-21 00:20:24,80后真不容易啊，小时候喝三鹿奶粉，20几岁发现酒里面有塑化剂，好不容易活到30岁发现了酒鬼酒，一句话中国人不容易，活下来的都是龙的传人
大庄都醉在酒里了，最近风大扯乎，赶紧跑。别醉得出不来。看来酒鼎不起来，要华鼎了。,"https://guba.eastmoney.com/news,000799,893265290.html",2019-12-21 00:20:11,大庄都醉在酒里了，最近风大扯乎，赶紧跑。别醉得出不来。看来酒鼎不起来，要华鼎了。
本人小散一枚，一直持股却从未发贴，觉得没必要也没意思，但这次我真是受够了，甜蜜素,"https://guba.eastmoney.com/news,000799,893265263.html",2019-12-21 00:19:13,本人小散一枚，一直持股却从未发贴，觉得没必要也没意思，但这次我真是受够了，甜蜜素是啥？那不就是一种碳水化合物么，对人体有什么害？按照这位石磊先生提供的检测报告来看，真要对人体产生危害需要每天喝将近2吨酒，并且长此以往坚持下去才有可能，所以拜托能别说的那么邪乎么？更何况这酒还是12年的？检测报告的准确程度也犹未可知。总是有一些别有用心的小人，想要借题发挥达到自己的目的，我们持点股容易么？能拉你就拉，不能你就砸，别竟整这种事，让人作呕！
经销商绝对有猫腻是不是被戴绿帽子了,"https://guba.eastmoney.com/news,000799,893264998.html",2019-12-21 00:12:46,经销商绝对有猫腻 是不是被戴绿帽子了
2012年的酒，不仅有甜蜜素，还有塑化剂。怎么不说塑化剂呢。塑化剂影响更恶劣呢！,"https://guba.eastmoney.com/news,000799,893264925.html",2019-12-21 00:11:20,2012年的酒，不仅有甜蜜素，还有塑化剂。怎么不说塑化剂呢。塑化剂影响更恶劣呢！！！！ 8月份洽洽食品也出过不合格事件，也上过热搜，股价也是高位，我当时反手买入，还赚了一笔，摊低了成本，更何况这种2012年的酒，反正里面有塑化剂，再多个甜蜜素又有什么关系，我的打算是有跌停那就打开时买，没跌停但跳空低开，那就开盘买。
毫无疑问，酒鬼酒塑化剂超标2.6倍，甜蜜素超标40倍。是40倍。想着都头痛。这种,"https://guba.eastmoney.com/news,000799,893264778.html",2019-12-21 00:08:15,毫无疑问，酒鬼酒塑化剂超标2.6倍，甜蜜素超标40倍。是40倍。想着都头痛。这种行业潜规则，白酒板块股价是2012年的多少倍？
GB 2760-2014 2014年的国标，2012年的酒？,"https://guba.eastmoney.com/news,000799,893264595.html",2019-12-21 00:04:10,
快跑吧，不管那年的事，也不管什么事，就是想告诉你！股价要下来了!！找个理由罢了，,"https://guba.eastmoney.com/news,000799,893264073.html",2019-12-21 00:02:59,快跑吧，不管那年的事，也不管什么事，就是想告诉你！股价要下来了!！找个理由罢了，你要较真，股价会狠狠打你的脸
好其怪，为什么多年前的事今天出来说？,"https://guba.eastmoney.com/news,000799,893263911.html",2019-12-21 00:01:52,好其怪，为什么多年前的事今天出来说？
我提出了一个问题。,"https://guba.eastmoney.com/news,000799,893263644.html",2019-12-21 00:01:45,000799酒鬼酒，出的哪个新闻，大家看怎么办啊，半仓
泡个酒都还要加点糖呢，难道错了？,"https://guba.eastmoney.com/news,000799,893263438.html",2019-12-20 23:58:32,求解？
怕了吗？赶紧交出你的筹码！,"https://guba.eastmoney.com/news,000799,893263370.html",2019-12-20 23:57:25,怕了吗？赶紧交出你的筹码！
这酒鬼酒屡教不改，以后哪敢喝，10元以下，其一：面临大量经销商退货索赔其二：市场,"https://guba.eastmoney.com/news,000799,893263308.html",2019-12-20 23:56:07,这酒鬼酒屡教不改，以后哪敢喝，10元以下，其一：面临大量经销商退货索赔 其二：市场难再打开
利啥空啊。甜甜的，多好喝。剂量不大，周一涨停。[鼓掌][鼓掌][鼓掌],"https://guba.eastmoney.com/news,000799,893262941.html",2019-12-20 23:49:17,利啥空啊。甜甜的，多好喝。剂量不大，周一涨停。
关灯吃面[哭],"https://guba.eastmoney.com/news,000799,893262799.html",2019-12-20 23:46:13,关灯吃面
昨天刚走的酒鬼不过还有泸州和五粮液在手哎,"https://guba.eastmoney.com/news,000799,893262663.html",2019-12-20 23:43:42,昨天刚走的酒鬼 不过还有泸州和五粮液在手 哎
完了,"https://guba.eastmoney.com/news,000799,893262666.html",2019-12-20 23:43:43,完了
【酒鬼酒举报人确认湘西州12315负责人已接收举报材料】酒鬼酒董秘回应市场监管部,"https://guba.eastmoney.com/news,000799,893261992.html",2019-12-20 23:33:02,【酒鬼酒举报人确认湘西州12315负责人已接收举报材料】酒鬼酒董秘回应市场监管部门并未受理检出“甜蜜素”的检举。举报人石磊确认，在媒体见证下，12月18日湘西州12315负责人已接收相关举报材料，并出具了手写收条。（财联社）手写。。。还是12315.....
怕个毛线啊，我昨天在园城黄金又有利空公告，结果今天还是赚了啊，周一高开涨停!,"https://guba.eastmoney.com/news,000799,893261868.html",2019-12-20 23:30:57,怕个毛线啊，我昨天在园城黄金又有利空公告，结果今天还是赚了啊，周一高开涨停!
1000多元买了一瓶说明液体,"https://guba.eastmoney.com/news,000799,893261838.html",2019-12-20 23:30:31,白酒中普遍添加了“甜蜜素”。甜蜜素可用于饮料、糕点、复合调味料、配置甜酒等食品，但不允许在白酒中使用，因在白酒中有致癌、致畸作用。
还有谁睡不着的？反正叔失眠了,"https://guba.eastmoney.com/news,000799,893261766.html",2019-12-20 23:29:37,还有谁睡不着的？反正叔失眠了
应该像打击“假预苗”事件那样进行彻底打击,"https://guba.eastmoney.com/news,000799,893261747.html",2019-12-20 23:29:13,食品中添加致癌物质，应该像打击“假预苗”事件那样进行彻底打击！让它退市！！！
白酒里压根就不应该含乙醇[俏皮],"https://guba.eastmoney.com/news,000799,893261741.html",2019-12-20 23:29:09,白酒里压根就不应该含乙醇
利好食品安全检测股,"https://guba.eastmoney.com/news,000799,893261721.html",2019-12-20 23:28:35,利好食品安全检测股
2012年的事？还是2012年的酒？,"https://guba.eastmoney.com/news,000799,893260250.html",2019-12-20 23:08:45,2012年的事？还是2012年的酒？
这下可好了，让你们不交筹码[胜利],"https://guba.eastmoney.com/news,000799,893261463.html",2019-12-20 23:25:03,这下可好了，让你们不交筹码
酒鬼酒甜蜜素？查出的是2012年批号的！！关键要看现在生产的是否添加了！！,"https://guba.eastmoney.com/news,000799,893261255.html",2019-12-20 23:21:45,
酒鬼酒，，，，酒鬼酒灬灬,"https://guba.eastmoney.com/news,000799,893261098.html",2019-12-20 23:19:50,酒鬼 酒，，，，酒 鬼酒灬灬
茅台加吗？,"https://guba.eastmoney.com/news,000799,893261186.html",2019-12-20 23:20:48,茅台加吗？
完咯,"https://guba.eastmoney.com/news,000799,893260953.html",2019-12-20 23:17:21,下周多少个板，你们说。。
甜蜜素变苦酒，找醉,"https://guba.eastmoney.com/news,000799,893260928.html",2019-12-20 23:17:00,甜蜜素变苦酒，找醉
机会！,"https://guba.eastmoney.com/news,000799,893260896.html",2019-12-20 23:16:40,机会！
黑龙江省12批次食品抽检不合格：冰棍菌落超标，白酒检出甜蜜素…据介绍，甜蜜素是一,"https://guba.eastmoney.com/news,000799,893260846.html",2019-12-20 23:15:53,黑龙江省12批次食品抽检不合格：冰棍菌落超标，白酒检出甜蜜素…据介绍，甜蜜素是一种常用的合成甜味剂，超标的原因可能是个别企业为降低生产成本，或在白酒中添加甜蜜素等甜味剂来调节口感，或者以含有甜蜜素的白酒为原料生产加工所致。长期过量食用甜蜜素超标的食品，可能会对人体健康造成一定影响。
加甜蜜素真够抠的。200多一瓶酒，加半斤白糖几块钱？,"https://guba.eastmoney.com/news,000799,893260803.html",2019-12-20 23:15:47,加甜蜜素真够抠的。200多一瓶酒，加半斤白糖几块钱？
被删重发：2012年的酒为什么没有检测出塑化剂呢？石先生的动机可能不纯吧。一个字,"https://guba.eastmoney.com/news,000799,893260708.html",2019-12-20 23:14:38,2012年的酒为什么没有检测出塑化剂呢？石先生的动机可能不纯吧。一个字：一股不卖！
这广告效应 周一低开抢筹 高开追涨,"https://guba.eastmoney.com/news,000799,893260689.html",2019-12-20 23:14:27,主升浪前奏
快来顾地科技，不要问我为什么，最少7倍[兴奋][兴奋][兴奋],"https://guba.eastmoney.com/news,000799,893260656.html",2019-12-20 23:14:02,快来顾地科技，不要问我为什么，最少7倍
白酒中禁止添加甜蜜素是国标2014年发布的这批酒是2012年生产的，并不触犯法律,"https://guba.eastmoney.com/news,000799,893260560.html",2019-12-20 23:12:52,白酒中禁止添加甜蜜素是国标2014年发布的 这批酒是2012年生产的，并不触犯法律。
糟啦糟啦，酒鬼酒再起波澜，被查出含有甜蜜素，恐基金机构争相出逃，君子不立危墙之下,"https://guba.eastmoney.com/news,000799,893258991.html",2019-12-20 22:54:47,糟啦糟啦，酒鬼酒再起波澜，被查出含有甜蜜素，恐基金机构争相出逃，君子不立危墙之下，周日晚上挂跌停价抢跑
周一涨跌全看中粮的公关能力了，作为一个股民，我建议中粮集团先停牌，然后向大众解释,"https://guba.eastmoney.com/news,000799,893260470.html",2019-12-20 23:11:37,周一涨跌全看中粮的公关能力了，作为一个股民，我建议中粮集团先停牌，然后向大众解释这一事件，消除隐患后再开盘，到时候股民买卖就看自己意愿
完了，尾盘买了100股,"https://guba.eastmoney.com/news,000799,893260154.html",2019-12-20 23:07:18,完了，尾盘买了100股
下午刚买,"https://guba.eastmoney.com/news,000799,893260068.html",2019-12-20 23:06:18,下午刚买
顺势打压大盘 配合证金汇金联合外资赚国人的钱,"https://guba.eastmoney.com/news,000799,893259124.html",2019-12-20 22:56:01,的
都说买国企股稳当？？？现在还稳当吗？？？现在看来国企股也不能闭着眼睛买了啊……,"https://guba.eastmoney.com/news,000799,893259871.html",2019-12-20 23:04:02,"都说买国企股稳当？？？现在还稳当吗？？？
现在看来国企股也不能闭着眼睛买了啊……"
今天出了奥迪的一万股全部买了你，想快过年了行情应该会有一波，而且走得也不错，没想,"https://guba.eastmoney.com/news,000799,893257236.html",2019-12-20 22:37:21,今天出了奥迪的一万股全部买了你，想快过年了行情应该会有一波，而且走得也不错，没想到你给我中个雷，这几个月的妖股可能白玩了，这运气，无语了！
周一卖了会当场拉起来的,"https://guba.eastmoney.com/news,000799,893259865.html",2019-12-20 23:04:01,周一卖了会当场拉起来的
好吧，中雷了，周一跑路，开砸,"https://guba.eastmoney.com/news,000799,893259183.html",2019-12-20 22:56:41,
利好医院医药股,"https://guba.eastmoney.com/news,000799,893257852.html",2019-12-20 22:43:21,利好医院医药股
过去又不上架的酒不鉴定，要销售的酒才鉴定,"https://guba.eastmoney.com/news,000799,893259779.html",2019-12-20 23:02:58,过去又不上架的酒不鉴定，要销售的酒才鉴定
没事啊，51倍动态pe，不高不高。十个跌停差不多回归价值。,"https://guba.eastmoney.com/news,000799,893259547.html",2019-12-20 23:00:46,没事啊，51倍动态pe，不高不高。十个跌停差不多回归价值。
10个跌停起步,"https://guba.eastmoney.com/news,000799,893259580.html",2019-12-20 23:00:52,10个跌停起步
关注了,"https://guba.eastmoney.com/news,000799,893259463.html",2019-12-20 23:00:10,关注了
这下瓜了,"https://guba.eastmoney.com/news,000799,893259274.html",2019-12-20 22:57:42,这下瓜了
今天刚想建仓[围观],"https://guba.eastmoney.com/news,000799,893259500.html",2019-12-20 23:00:31,今天刚想建仓
甜蜜素不算啥事,"https://guba.eastmoney.com/news,000799,893259335.html",2019-12-20 22:58:22,"甜蜜素不算啥事



"
踏空资金有机会进场了,"https://guba.eastmoney.com/news,000799,893259192.html",2019-12-20 22:56:49,踏空资金有机会进场了
三个跌停,"https://guba.eastmoney.com/news,000799,893259164.html",2019-12-20 22:56:32,三个跌停
等三个矿机。。。,"https://guba.eastmoney.com/news,000799,893259152.html",2019-12-20 22:56:25,等三个矿机。。。
好事！只有真的大跌就是场外踏空酒鬼酒资金入场机会！,"https://guba.eastmoney.com/news,000799,893258976.html",2019-12-20 22:54:38,好事！只有真的大跌就是场外踏空酒鬼酒资金入场机会！
全他妈水军,"https://guba.eastmoney.com/news,000799,893258948.html",2019-12-20 22:54:19,全他妈水军
“甜蜜素”在白酒中有致癌作用,"https://guba.eastmoney.com/news,000799,893258960.html",2019-12-20 22:54:25,白酒中普遍添加了“甜蜜素”。甜蜜素可用于饮料、糕点、复合调味料、配置甜酒等食品，但不允许在白酒中使用，因在白酒中有致癌、致畸作用。
