标题,链接,发布时间,内容
强烈建议公司立即停牌回避股灾，切实保护投资者的利益，拯救投资者！！！急急急！！！,"https://guba.eastmoney.com/news,002036,915371106.html",2015-07-10 13:02:00,"强烈建议公司立即停牌回避股灾，切实保护投资者的利益，拯救投资者！！！急急急！！！！
联创电子
联创电子：请关注公司公告！
(来自深交所互动易)答复时间 2015-07-10 13:02:00"
一带一路就是把一代人送上黄泉路,"https://guba.eastmoney.com/news,002036,183964403.html",2015-07-07 15:45:30,一带一路就是把一代人送上黄泉路
千万不要停，都跌到这份上了，,"https://guba.eastmoney.com/news,002036,183947231.html",2015-07-07 15:11:24,千万不要停，都跌到这份上了，
刚才发的两条提问，为啥不予公式？,"https://guba.eastmoney.com/news,002036,915387815.html",2015-07-07 16:37:00,"刚才发的两条提问，为啥不予公式？
联创电子
联创电子：请关注公司近期公告。
(来自深交所互动易)答复时间 2015-07-07 16:37:00"
当主力出逃时会画一个大烧饼引诱散户大量涌入,"https://guba.eastmoney.com/news,002036,183825086.html",2015-07-07 12:23:52,出货完毕股价开始跳水。
没走的耐心等待,"https://guba.eastmoney.com/news,002036,182955453.html",2015-07-04 12:10:15,我将与解放军一起来打扫战场
公司发布的 关于收到《中国证监会行政许可申请材料补正通知书》 的公告，寥寥几行，,"https://guba.eastmoney.com/news,002036,915387814.html",2015-07-07 16:37:00,"公司发布的 关于收到《中国证监会行政许可申请材料补正通知书》 的公告，寥寥几行，日期竟然是错的，应该是6月26日，错写为1月26日，如此重要的公告，..... ？？？给个解释吧！
联创电子
联创电子：请关注公司近期公告。
(来自深交所互动易)答复时间 2015-07-07 16:37:00"
今天近600家公司停牌，为什么汉麻不停牌，现在连天炮火轰击，保住命股东利益才是最,"https://guba.eastmoney.com/news,002036,915387868.html",2015-07-07 16:36:00,"今天近600家公司停牌，为什么汉麻不停牌，现在连天炮火轰击，保住命股东利益才是最重要的，为什么不停牌！！！危机公共如此滞后！！ 另外你们关于收到《中国证监会行政许可申请材料补正通知书》的公告中，就几行字的内容，竟然把日期搞错，6月26日错写成1月26日，什么样的专业素质！！！
联创电子
联创电子：: 请关注公司近期公告。
(来自深交所互动易)答复时间 2015-07-07 16:36:00"
"哈哈,卖报,卖报,创业板全部跌停,中小板也快了","https://guba.eastmoney.com/news,002036,183793551.html",2015-07-07 11:23:30,救市成这样也是天下独一份
这股！会死人的。,"https://guba.eastmoney.com/news,002036,183699240.html",2015-07-07 09:50:32,救人呀！
请问最近公司有无增持股票的计划,"https://guba.eastmoney.com/news,002036,915387958.html",2015-07-07 16:35:00,"请问最近公司有无增持股票的计划
联创电子
联创电子：您好！公司目前处于重大资产重组申报过程中。谢谢！
(来自深交所互动易)答复时间 2015-07-07 16:35:00"
请问公司最近有无增持公司股票的计划,"https://guba.eastmoney.com/news,002036,915387957.html",2015-07-07 16:35:00,"请问公司最近有无增持公司股票的计划
联创电子
联创电子：您好！公司目前处于重大资产重组申报过程中。谢谢！
(来自深交所互动易)答复时间 2015-07-07 16:35:00"
最近公司股票狂跌不止，公司为什么不维稳股价？希望汉麻是有责任的公司！,"https://guba.eastmoney.com/news,002036,915387980.html",2015-07-07 16:33:00,"最近公司股票狂跌不止，公司为什么不维稳股价？希望汉麻是有责任的公司！
联创电子
联创电子：公司已积极参与中小板50家上市公司二级市场维稳倡议书。谢谢！
(来自深交所互动易)答复时间 2015-07-07 16:33:00"
现在谁是汉麻最大的空头,"https://guba.eastmoney.com/news,002036,183100185.html",2015-07-05 08:32:07,谁满仓重仓谁就是空头，恐慌的反弹时随时会跑。
暂停lPO，我要解套了。哈哈！！！,"https://guba.eastmoney.com/news,002036,183043717.html",2015-07-04 20:32:04,暂停lPO，我要解套了。哈哈！！！
下跌认可期,"https://guba.eastmoney.com/news,002036,183179188.html",2015-07-05 21:16:31,抄底未到时
大家来说说，汉麻多少价位会止跌？,"https://guba.eastmoney.com/news,002036,182835940.html",2015-07-03 20:37:46,大家来说说，汉麻多少价位会止跌？
举头望明月低头思故乡,"https://guba.eastmoney.com/news,002036,182983672.html",2015-07-04 14:40:00,"满江红·中秋前夕观月
缠论第一高手

朗朗长空，谁洒落，漫天繁星。
朔风起，斗转星移，银河涟漪。
万家灯火映苍穹，九重天际听龙吟。
千江月，且随流水归，沙漏迟。

歌舞欢，天地喧，酒酣处，客归时。
横劫火焱焱，沧海舟楫。
狂涛犹带五浊浪，慧剑自断六道痴。
抬望眼，正狼烟缭绕，人间世。"
正在抓紧准备材料提交商务部,"https://guba.eastmoney.com/news,002036,181682962.html",2015-06-30 22:15:36,"问 汉麻产业
002036 浏览用户9461 老总：受理申请补正材料上交没有。抓紧上交，由于看好贵公司重组。我28元的成本被套了。你们应该不会搞个假重组出货吧。现在补正通知已发出几天了，你们交了没有？什么时候真正受理。
(0) (0)
(0) 2015-06-30 14:38:05 已回复
答 汉麻产业
002036 汉麻产业 您好！公司于6月26日收到证监会的补正通知书，要求公司补充提供商务部受理文件，公司已通知标的公司等正在抓紧准备材料提交商务部。感谢您的关注！"
股吧里有传闻:说汉麻最大的风险是重组不能通过，因为他在证券公司呆过，重组资料都按,"https://guba.eastmoney.com/news,002036,915395134.html",2015-07-06 10:30:00,"股吧里有传闻:说汉麻最大的风险是重组不能通过，因为他在证券公司呆过，重组资料都按证监会提出的要求一条条有专业的团队来准备，汉麻被通知资料不全，这个非常麻烦，十有八九不全的资料搞不到.是不是这回事。补正资料这么久都没上交，真让人怀疑啊！市场大盘又不好，股价天天跌停。
联创电子
联创电子：: 您好！证监会需要公司补充提供商务部受理文件。感谢您的关注！
(来自深交所互动易)答复时间 2015-07-06 10:30:00"
现在股市这么不稳定，好多上市公司都选择停牌。汉麻产业是否有这个方面考虑呢,"https://guba.eastmoney.com/news,002036,915395117.html",2015-07-06 10:32:00,"现在股市这么不稳定，好多上市公司都选择停牌。汉麻产业是否有这个方面考虑呢
联创电子
联创电子：您好！截止目前公司未有停牌事项。感谢您的关注！
(来自深交所互动易)答复时间 2015-07-06 10:32:00"
疯了快,"https://guba.eastmoney.com/news,002036,182520818.html",2015-07-03 09:18:44,疯了快
(周五)游资私募飙升牛股精选,"https://guba.eastmoney.com/news,002036,182436147.html",2015-07-02 22:08:30,汉麻产业(002036)江西联创电子将借壳上市，交易总对价28.5亿元。公司股票5月25日复牌。交易方案显示，本次交易包含资产置换、发行股份及支付现金购买资产以及非公开发行募集配套资金环节。汉麻产业拟置出资产6.155亿元，与联创电子股权的等值金额部分进行置换，置入资产联创电子100%股权作价为28.5亿元，差额部分由公司以7.65元/股合计发行30849.67万股，并支付现金1.255亿元。同时，公司拟非公开发行股份募集资金不超过2亿元，用于联创电子”年产6000万颗高像素手机镜头产业化项目”。本次交易完成后，不考虑募集配套资金的影响，雅戈尔集团持有上市公司的股份比例将下降至13.78%；陈伟通过金冠国际控制上市公司14.76%股份；韩盛龙通过江西鑫盛控制上市公司10.96%股份。根据陈伟和韩盛龙签署的《一致行动协议》，陈伟和韩盛龙将成为上市公司的共同实际控制人。葵花药业(002737)主营中成药生产和销售，是行业内领先企业，根据《2012年中国医药统计年报》发布的中成药工业企业法人单位按照主营业务收入排序，公司位列第16位。公司拥有722种药品的药品批准文号，涵盖中成药、化学药、生物药三个门类，15个剂型，拥有1个中药保护品种，独家品种12个。作为品牌OTC企业，葵花药业值得重点。西部证券(002673)华泰证券、中信证券、申万宏源等多家券商谋求两融业务扩容，公告定增方案。分析人士指出，随着融资融券余额的快速飙升，很多券商已经出现无钱可借的局面，而在当前券商的业务结构中，融资融券业务收入已经成为仅次于经纪业务的一项重要收入来源。资本的饥渴也加速了券商再融资的步伐，考虑到券商资本金的提升对其业务的开展将产生积极影响。此外，券商股的业绩向好，短期对于股价的支撑力度也较强，预计西部证券有望震荡企稳。八菱科技(002592)公司为国内领先的热交换器供应商，主要为汽车生产企业提供热交换器产品的设计、制造等一体化的服务，主打产品为铝质散热器、铜质散热器、车用暖风机，主要市场是国内汽车整车厂商。期高管或员工持股计划概念较为火爆，该股值得期待。新国都(300130)公 告高管增持计划。公司公告计划自2015 年6 月26日起六个月内，根据中国证券监督管理委员会和深圳证券交易所的规定，通过深圳证券交易所交易系统允许的方式（包括但不限于集中竞价和大宗交易）增持公司股份，增持所需资金由其自筹取得。高管均认为公司被低估。增持董监高达11位，包括3位副总、财务总监、董事会秘书、3位监事、助理总裁、2位总监。公告声明增持基于对公司未来发展前景的信心，可见高管均认为公司被低估。[点击查看博客原文]
汉麻没赶上好时候，本来上50的股，结果赶上大盘大跌！！！庄家也没想到吧！,"https://guba.eastmoney.com/news,002036,182189153.html",2015-07-02 11:47:59,汉麻没赶上好时候，本来上50的股，结果赶上大盘大跌！！！庄家也没想到吧！
这个时候卖汉麻的除了脑子有病还是脑子有病,"https://guba.eastmoney.com/news,002036,182286399.html",2015-07-02 14:46:57,这个时候卖汉麻的除了脑子有病还是脑子有病
一毛钱玩一天，然后尾盘跳水的节奏,"https://guba.eastmoney.com/news,002036,182140698.html",2015-07-02 10:31:37,一毛钱玩一天，然后尾盘跳水的节奏
汉麻会跌到哪里,"https://guba.eastmoney.com/news,002036,181037577.html",2015-06-29 11:29:42,60天均线在召唤
A股降印花税：明天开盘大涨,"https://guba.eastmoney.com/news,002036,182005494.html",2015-07-01 21:39:36,..................
分享图片,"https://guba.eastmoney.com/news,002036,181712510.html",2015-07-01 00:37:47,分享图片
现在动不动就是千股跌停板,"https://guba.eastmoney.com/news,002036,181892994.html",2015-07-01 15:07:58,"炒股8年没有见过这种场面，08年跌起来比最近温柔多了


其实都是股指期货造成的"
哪里神仙在抢筹啊,"https://guba.eastmoney.com/news,002036,181867486.html",2015-07-01 14:31:39,都是吃货。
今天涨停,"https://guba.eastmoney.com/news,002036,181786866.html",2015-07-01 10:50:26,今天涨停
今天要是涨停立马去撞豆腐  卖了汉麻买了2个套,"https://guba.eastmoney.com/news,002036,181786693.html",2015-07-01 10:50:05,·
002036扔了买了个天音控股那B 草,"https://guba.eastmoney.com/news,002036,181784925.html",2015-07-01 10:46:54,·
我买了,"https://guba.eastmoney.com/news,002036,181025949.html",2015-06-29 11:13:46,
各位老板，我昨天在18.28元割掉了002036，成本价31.5元。希望今天跌停,"https://guba.eastmoney.com/news,002036,181712104.html",2015-07-01 00:32:18,各位老板，我昨天在18.28元割掉了002036，成本价31.5元。希望今天跌停，这样我的心才安乐点。要是涨停，我这几天都睡不好了。希望再跌停三板，祝大家好运
请问，截至六月30日，公司的股东人数是多少？谢谢,"https://guba.eastmoney.com/news,002036,915404122.html",2015-07-02 08:50:00,"请问，截至六月30日，公司的股东人数是多少？谢谢
联创电子
联创电子：您好！6月30日股东人数比6月15日减少。感谢您的关注！
(来自深交所互动易)答复时间 2015-07-02 08:50:00"
下午，汉麻怎办？,"https://guba.eastmoney.com/news,002036,181501131.html",2015-06-30 12:56:37,下午，汉麻怎办？
上面全是套牢盘,"https://guba.eastmoney.com/news,002036,181566028.html",2015-06-30 14:55:42,，待解套的太多，怕是涨不了多少就要遭到抛压，现在这样就挺好了
老总：受理申请补正材料上交没有。抓紧上交，由于看好贵公司重组。我28元的成本被套,"https://guba.eastmoney.com/news,002036,915409475.html",2015-06-30 15:37:00,"老总：受理申请补正材料上交没有。抓紧上交，由于看好贵公司重组。我28元的成本被套了。你们应该不会搞个假重组出货吧。现在补正通知已发出几天了，你们交了没有？什么时候真正受理。
联创电子
联创电子：您好！公司于6月26日收到证监会的补正通知书，要求公司补充提供商务部受理文件，公司已通知标的公司等正在抓紧准备材料提交商务部。感谢您的关注！
(来自深交所互动易)答复时间 2015-06-30 15:37:00"
[置顶]汉麻股份 明天冲击涨停 庄家逆袭 同意者请顶贴！,"https://guba.eastmoney.com/news,002036,181238271.html",2015-06-29 19:19:17,"1、汉麻股份中期业绩暴增 收益0.56元/股；

2、重组联创电子正在走程序，利好将不断兑现；

3、大盘明天将企稳，在股价20元内庄家今日逆袭成功，明天很可能拉涨停板率先反弹，目标直指32元；

敬请期待！"
你好，目前，联创电子光学运动镜头出货量占美国GoPro公司运动摄影器材出货量的9,"https://guba.eastmoney.com/news,002036,915409546.html",2015-06-30 15:28:00,"你好，目前，联创电子光学运动镜头出货量占美国GoPro公司运动摄影器材出货量的90%以上 是否属实？
联创电子
联创电子：您好！请您参阅公司《重大资产置换及发行股份购买资产并募集配套资金暨关联交易报告书》中关于联创电子光学运动镜头业务的相关内容。谢谢！
(来自深交所互动易)答复时间 2015-06-30 15:28:00"
［置顶］汉麻产业 20元内中长线者进场 中期业绩暴增 重组即将成功！,"https://guba.eastmoney.com/news,002036,181056725.html",2015-06-29 12:08:00,［置顶］汉麻产业 20元内中长线者进场 中期业绩暴增 重组即将成功！
比上不足比下有余汉麻浮盈21万。,"https://guba.eastmoney.com/news,002036,171555166.html",2015-05-28 18:03:18,比上不足比下有余汉麻浮盈21万。
从近期大盘与汉麻走势看，汉麻应是企稳了(周五大部分时间远强于大盘，且放量)，结合,"https://guba.eastmoney.com/news,002036,180900076.html",2015-06-28 17:44:58,从近期大盘与汉麻走势看，汉麻应是企稳了(周五大部分时间远强于大盘，且放量)，结合央妈救市，汉麻下星期会有不错的表现。
下午，主力要强势拉升。[牛],"https://guba.eastmoney.com/news,002036,180450589.html",2015-06-26 11:22:40,下午，主力要强势拉升。
敢从跌停到涨停吗？[不屑],"https://guba.eastmoney.com/news,002036,181105468.html",2015-06-29 13:42:41,敢从跌停到涨停吗？[不屑]
不见不散,"https://guba.eastmoney.com/news,002036,180275399.html",2015-06-25 20:05:18,20元必破
"股指调到位了,是进股票的时候了","https://guba.eastmoney.com/news,002036,180522243.html",2015-06-26 13:56:54,"股指创了新低,到位了,要反弹了"
汉麻产业:关于收到《中国证监会行政许可申请材料补正通知书》的公告,"https://guba.eastmoney.com/news,002036,180609350.html",2015-06-26 16:54:32,"公告日期：2015-06-27
证券代码：002036 证券简称：汉麻产业 公告编号：2015-059

汉麻产业投资股份有限公司

关于收到《中国证监会行政许可申请材料补正通知书》的公告

本公司及董事会全体成员保证信息披露的内容真实、准确、完整，没有虚假记载、误导性陈述或重大遗漏。

2015年6月10日，汉麻产业投资股份有限公司（以下简称“公司”）2015年度第一次临时股东大会审议通过了重大资产重组相关议案。

2015年6月18日，中国证监会接收了公司报送的重大资产重组申请材料，并出具了《中国证监会行政许可申请材料接收凭证》（151773号）。

2015年1月26 日，公司收到中国证监会出具的《中国证监会行政许可申请

材料补正通知书》（151773号）。中国证监会依法对公司提交的《汉麻产业投资股份有限公司发行股份购买资产核准》行政许可申请材料进行了审查，经审查，该申请材料需要补正。中国证监会要求公司在补正通知书发出之日起30个工作日内向中国证监会行政许可申请受理部门报送有关补正材料。公司将按照补正通知书的要求，积极准备补正材料，及时报送中国证监会行政许可申请受理部门。

公司本次重大资产重组尚需取得中国证监会的核准和中国商务部对本次交易有关内容的批复，能否取得及取得中国证监会核准和中国商务部批复的时间尚存在不确定性。公司将根据本次重大资产重组进展情况及时履行信息披露义务，请广大投资者注意投资风险。

特此公告。

汉麻产业投资股份有限公司

董事会

2015年6月27日


[点击查看PDF原文]
提示：本网不保证其真实性和客观性，一切有关该股的有效信息，以交易所的公告为准，敬请投资者注意风险。"
[置顶]汉麻产业 明天大涨  中期每股收益0.56元，是去年同期14倍 收购联创电子进展顺利,"https://guba.eastmoney.com/news,002036,180277488.html",2015-06-25 20:13:45,"汉麻产业 明天大涨

大家拭目以待！

OK"
雅戈尔最好承诺一下一年内不减持,"https://guba.eastmoney.com/news,002036,180858224.html",2015-06-28 07:50:32,"这个票我介入3成，做了高抛低吸， 被套的不多， 002261也一样3成

看好这些小公司跨界并购的估值重修，2036开板后逢中小板中级调整，下跌很正常，也顺势清洗获利盘，
但是感觉其下跌是有限度的，在大资金的控范围内，建仓的主力筹码纹丝没动，跟随上来的散户基本出局！
前期10元启动突破3年的大箱体， 上涨3倍左右到32，作为这轮不看重业绩的中小板行情，其涨幅并没有体现借壳重组，这次回到20附近， 也刚好跌去了涨幅的 50%
卖地收入虽然不并入合并后的公司，但是至少让半年报业绩靓丽，至少不是坏事吧！
40%的公司提交后会被要求补正，是很正常的，公司重组被受理上会应该是时间问题，
退一步说， 就是这次不通过，大股东雅戈尔还会运作的，不用怀疑，
国家层面也支持产业转型，万众创新，支持小企业增发并购做大做强，这点也是这轮创业板牛市的主要逻辑，目前没有改变！


雅戈尔本身也在转型，是个有实力的大股东， 虽然和银行一样的估值，但其股价也在这样的大势下跌去了近30%，无法独善其身！

雅戈尔你是炒股高手，最好承诺一下一年内不减持，这个票还有空间，，，意下如何？"
请问证监会需要公司补正什么资料,"https://guba.eastmoney.com/news,002036,915409573.html",2015-06-30 15:19:00,"请问证监会需要公司补正什么资料
联创电子
联创电子：您好！证监会需要公司补充提供商务部受理文件。感谢您的关注！
(来自深交所互动易)答复时间 2015-06-30 15:19:00"
收市后看公告,"https://guba.eastmoney.com/news,002036,179565302.html",2015-06-23 14:31:18,大跌不要卖股
[置顶]汉麻产业 中期业绩暴增14倍 收益0.56元/股，重组创联电子受理消息将公布,"https://guba.eastmoney.com/news,002036,180251916.html",2015-06-25 18:37:06,"1、汉麻产业 业绩暴增14倍 收益0.56元/股；
2、重组创联电子证监会受理消息将公布；

后市大涨值得期待！


附件：业绩修正原因说明

宁波市鄞州区石碶街道宁波栎社国际机场三期扩建工程建设办公室征收公司的2宗国有建设用地使用权已收回国有，权证已被注销，且公司收到了其支付的15,000万元征收及补偿费，根据《企业会计准则》有关规定，预计产生10,843.73万元的收益将增加公司2015年1-6月的收益（《关于国有非住宅用房土地及厂房被征收的进展公告》刊登于2015年6月25日《证券时报》、《中国证券报》及巨潮资讯网（www.cninfo.com.cn），公告编号：2015-057），同时，由于2015年第二季度公司经营业绩与一季度相比回升不明显比预计下滑。

公司2014年1-6月归属于上市公司股东的净利润仅为714.17万元，数据偏低，准确预计业绩变动幅度范围存在一定的难度。"
再不跑，明天开盘连续一字跌停式补跌。,"https://guba.eastmoney.com/news,002036,180545035.html",2015-06-26 14:26:30,如题
26号的公告日期是不是搞错了，怎么会1月26日,"https://guba.eastmoney.com/news,002036,915412204.html",2015-06-29 16:09:00,"26号的公告日期是不是搞错了，怎么会1月26日
联创电子
联创电子：您好！公司《2015年半年报业绩预告修正公告》披露的时间是2015年6月26日。谢谢！
(来自深交所互动易)答复时间 2015-06-29 16:09:00"
sb庄，天天利好，都是这个样子！,"https://guba.eastmoney.com/news,002036,180600515.html",2015-06-26 16:21:28,sb庄，天天利好，都是这个样子！
20.9进--目标23，和25,"https://guba.eastmoney.com/news,002036,180565095.html",2015-06-26 14:50:38,20.9进--目标23，和25，大家分析下可以不？
汉麻产业上修中报业绩预期 预增逾14倍,"https://guba.eastmoney.com/news,002036,180258132.html",2015-06-25 19:03:59,"　　汉麻产业(002036)6月25日晚间发布业绩修正公告，公司将2015年1-6月净利润由此前预计的“同比下降20%至70%”上调为“同比增长1400%至1450%”，上年同期为714.17万元。
　　公司表示，宁波市鄞州区石碶街道宁波栎社国际机场三期扩建工程建设办公室征收公司的2宗国有建设用地使用权已收回国有，权证已被注销，且公司收到了其支付的1.5亿元征收及补偿费，根据《企业会计准则》有关规定，预计产生1.08亿元的收益将增加公司2015年1-6月的收益。
（来源：证券时报网）[点击查看原文]"
山上吹好大啊！心凉凉的！！！,"https://guba.eastmoney.com/news,002036,180476936.html",2015-06-26 12:28:22,山上吹好大啊！心凉凉的！！！
0.001分的14倍吗？？？,"https://guba.eastmoney.com/news,002036,180480484.html",2015-06-26 12:41:06,0.001分的14倍吗？？？
那个时不时出现的20万股的大单谁发现被吃了还是在上面横着呢。,"https://guba.eastmoney.com/news,002036,180433045.html",2015-06-26 10:57:51,那个时不时出现的20万股的大单谁发现被吃了还是在上面横着呢。
黑庄已开抛,"https://guba.eastmoney.com/news,002036,180416070.html",2015-06-26 10:32:08,黑庄已开抛
6.26精彩在线直播,"https://guba.eastmoney.com/news,002036,180368084.html",2015-06-26 09:20:59,股市有风险，投资需谨慎，仁者见仁，智者见智，博中内容只代表个人意见，不做为买卖依据，据此操作，风险自担！！如果您喜欢钱眼，请收藏好博客 市场行业消息：国-泰-君-安等五只新股上市；肖钢今日将在陆家嘴论坛发表演讲；亚投行协定签署仪式将于6月29日在北京举行；发-改-委正-编-制-节能减排等有关专项规划；多地研究落实京津冀规划；深圳四大国有银行上调首套房房贷利率；国办发文支持新-疆纺织服装产业发展；城市综合管廊投资估算指标发布；五-部-委-印-发进一步加强农村饮水安全工作通知；两部委印发应急产业重点产品目录，信息安全、消防设备、应急通信有望成为新的经济增长点；大飞机C919将于明年试飞。 昨夜美股收低，道指下跌0.42%，纳指下跌0.2%，标普下跌0.3%，欧洲主要国家股市收低。纽约原油期-货下跌57美分，跌幅为1%，收于每桶59.7美元；纽约黄金期-货下跌1.1美元，跌幅为0.1%，收于每盎司1171.8美元。 个股利好：佳士科技中报拟10转12；汉麻产业中报预增逾14倍；振芯科技中报预增251-280%；达安基因子公司获批挂牌新三板；保龄宝参股公司禹城农商行拟申请在新三板挂牌；中国中铁定增获批；爱尔眼科中报预增；众合科技签下1.4亿元尼日利亚城铁设备合同；中材国际子公司签订阿尔及利亚水泥生产线合同； 利空：福田汽车、鲁信创投、中粮地产、浙江东方、郴电国际、华斯股份、远东传动股东减持；冠福股份终止筹划重大事项；浔兴股份福建生产基地发生火灾； 其它消息：海立股份、汇鸿股份、星网锐捷、新开源、任子行资产收购获无条件通过；上海莱士与清华大学联合成立血液制品研究中心；铁汉生态与江西省水利投资集团合作；上海家化与漳州片仔癀达成合作意向，拟进军口腔护理领域；双环科技携手湖北宜化开发新疆煤矿；燕塘乳业与国际巨头康美包达成新项目合作意向；交大昂立遭衡锋投资及其一致人举牌；九芝堂拟65亿元购友搏药业100%股权；华友钴业拟定增22亿元；千足珍珠拟15亿揽入三家民营医院；吉视传媒拟2亿元参与文化投资基金、6.5亿元投资入股多家银行；国睿科技拟定增募资5亿元补充流动资金；南都电源3亿控股华铂科技；高乐股份拟投资1.8亿参设产业并购基金；史丹利拟推1亿元员工持股计划；太阳纸业拟1.2亿联手瑞力投资设立产业投资基金；天瑞仪器拟6000万元参设并购基金，5125万元参股中康尚德布局移动医疗；佳讯飞鸿4800万元收购威标至远16.67股权，拓展国防领域；美亚柏科3315万元收购武汉大千51%股权，加码信息安全；北京利尔3000万设电商公司，布局互联网；达华智能拟2473万受让卡友支付6.87%股权；金运激光与Materialise合作，加码3D打印；[点击查看博客原文]
【公告解读】6月26日：沪深两市重要公告集锦,"https://guba.eastmoney.com/news,002036,180365244.html",2015-06-26 09:10:11,【公告解读】6月26日：沪深两市重要公告集锦佳士科技：半年报拟10转增12股汉麻产业：上调中报业绩至预增逾14倍振芯科技：上半年净利预增251%至280%爱尔眼科：上半年净利预增35%至45%城投控股：拟以1:1的换股比例，向阳晨B股（900935）全体股东发行A股实施换股吸收合并南都电源：逾3亿控股华铂科技拓展可再生资源产业佳讯飞鸿：收购威标至远16.67%股权拓展国防领域千足珍珠：重组拟15亿揽入三家民营医院继续停牌美亚柏科：收购武汉大千51%股权加码信息安全继续停牌达华智能：拟2473万受让卡友支付6.87%股权华友钴业：拟定增22亿元二股东参与认购6月26日复牌国睿科技：拟定增募资5亿元补充流动资金6月26日复牌吉视传媒：拟参与文化投资基金、投资入股多家银行高乐股份：拟投资1.8亿参设产业并购基金太阳纸业：拟1.2亿联手瑞力投资设立产业投资基金6月26日复牌上海家化：牵手片仔癀拟进军口腔护理领域佐力药业：设立全资子公司打造大健康产业链上海莱士：与清华大学联合成立血液制品研究中心银江股份：合资设网络医院布局互联网医疗大众交通：联合科泰电源合资设小额贷款公司双环科技：携手湖北宜化开发新疆煤矿天瑞仪器：拟参设并购基金参股中康尚德布局移动医疗6月26日复牌金运激光：与Materialise合作加码3D打印北京利尔：3000万设电商公司布局互联网众合科技：签下1.4亿元尼日利亚城铁设备合同史丹利：拟推1亿元员工持股计划26日复牌杉杉股份：控股子公司拟申请挂牌新三板苏宁环球：管理层增持公司58万股股票达安基因：控股子公司获批挂牌新三板保龄宝：参股公司禹城农商行拟申请在新三板挂牌大橡塑：控股股东拟转让公司29.98%股权汇鸿股份：资产收购获无条件通过26日复牌海立股份：资产收购获无条件通过26日复牌星网锐捷：资产收购获无条件通过26日复牌任子行：资产收购获有条件通过26日复牌新开源：资产收购获有条件通过26日复牌深圳华强：重大资产重组获证监会受理安彩高科：定增方案获河南国资委批复中鼎股份：非公开发行获证监会受理中国中铁：非公开发行获证监会核准九州通：15亿可转债获证监会核准顺鑫农业：终止资产重组事项冠福股份：终止筹划重大事项26日复牌[点击查看博客原文]
20150626不改在行动早知道,"https://guba.eastmoney.com/news,002036,180355343.html",2015-06-26 08:26:05,昨夜美股收低，道指下跌0.42%，纳指下跌0.2%，标普下跌0.3%，欧洲主要国家股市收低。纽约原油期货下跌57美分，跌幅为1%，收于每桶59.7美元；纽约黄金期货下跌1.1美元，跌幅为0.1%，收于每盎司1171.8美元。市场信息：肖钢今日将在陆家嘴论坛发表演讲；国泰君安等五只新股上市；亚投行协定签署仪式将于6月29日在北京举行；城市综合管廊投资估算指标发布；五部委印发进一步加强农村饮水安全工作通知；两部委印发应急产业重点产品目录，信息安全、消防设备、应急通信有望成为新的经济增长点；发改委正编制节能减排等有关专项规划；多地研究落实京津冀规划；深圳四大国有银行上调首套房房贷利率；国办发文支持新疆纺织服装产业发展；大飞机C919将于明年试飞。个股信息，利好：佳士科技中报拟10转12；汉麻产业中报预增逾14倍；振芯科技中报预增251-280%；爱尔眼科中报预增；众合科技签下1.4亿元尼日利亚城铁设备合同；中材国际子公司签订阿尔及利亚水泥生产线合同；达安基因子公司获批挂牌新三板；保龄宝参股公司禹城农商行拟申请在新三板挂牌；中国中铁定增获批。利空：冠福股份终止筹划重大事项；浔兴股份福建生产基地发生火灾；福田汽车、鲁信创投、中粮地产、浙江东方、郴电国际、华斯股份、远东传动股东减持。其它：海立股份、汇鸿股份、星网锐捷、新开源、任子行资产收购获无条件通过；史丹利拟推1亿元员工持股计划；交大昂立遭衡锋投资及其一致人举牌；九芝堂拟65亿元购友搏药业100%股权；华友钴业拟定增22亿元；千足珍珠拟15亿揽入三家民营医院；吉视传媒拟2亿元参与文化投资基金、6.5亿元投资入股多家银行；国睿科技拟定增募资5亿元补充流动资金；南都电源3亿控股华铂科技；高乐股份拟投资1.8亿参设产业并购基金；太阳纸业拟1.2亿联手瑞力投资设立产业投资基金；天瑞仪器拟6000万元参设并购基金，5125万元参股中康尚德布局移动医疗；佳讯飞鸿4800万元收购威标至远16.67股权，拓展国防领域；美亚柏科3315万元收购武汉大千51%股权，加码信息安全；北京利尔3000万设电商公司，布局互联网；达华智能拟2473万受让卡友支付6.87%股权；金运激光与Materialise合作，加码3D打印；上海莱士与清华大学联合成立血液制品研究中心；铁汉生态与江西省水利投资集团合作；上海家化与漳州片仔癀达成合作意向，拟进军口腔护理领域；双环科技携手湖北宜化开发新疆煤矿；燕塘乳业与国际巨头康美包达成新项目合作意向；海立股份、汇鸿股份、国睿科技、华友钴业、太阳纸业、浔兴股份、冠福股份、金运激光、史丹利、新开源、星网锐捷、天瑞仪器、任子行复牌。限售股解禁：隧道股份、京新药业、广日股份、东方锆业、天广消防、新宙邦、中电环保、雪浪环境、飞天诚信。[点击查看博客原文]
汉麻产业:2015年半年报业绩预告修正公告,"https://guba.eastmoney.com/news,002036,180218808.html",2015-06-25 16:18:08,"公告日期：2015-06-26
证券代码：002036 证券简称：汉麻产业 公告编号：2015-058

汉麻产业投资股份有限公司

2015年半年报业绩预告修正公告

本公司及董事会全体成员保证信息披露的内容真实、准确、完整，没有虚假记载、误导性陈述或重大遗漏。

一、本期业绩预计情况

1、业绩预告期间：2015年1月1日至2015年6月30日；

2、前次业绩预告情况：公司2015年4月29日披露的《2015年第一季度报告》中预计2015年1-6月归属于上市公司股东的净利润变动区间为214.25万元至517.34万元，变动幅度为-70.00%至-20.00%。

3、修正后的业绩预计

亏损 扭亏为盈 √同向上升 同向下

降 其他

项目 本报告期 上年同期

归属于上市公司 比上年同期增长：1400%—1450% 盈利：714.17万元

股东的净利润

二、业绩预告修正预审计情况

本次业绩预告修正未经会计师事务所预审计。

三、业绩修正原因说明

宁波市鄞州区石碶街道宁波栎社国际机场三期扩建工程建设办公室征收公司的2宗国有建设用地使用权已收回国有，权证已被注销，且公司收到了其支付的15,000万元征收及补偿费，根据《企业会计准则》有关规定，预计产生10,843.73万元的收益将增加公司2015年1-6月的收益（《关于国有非住宅用房土地及厂房被征收的进展公告》刊登于2015年6月25日《证券时报》、《中国证券报》及巨潮资讯网（www.cninfo.com.cn），公告编号：2015-057），同时，由于2015年第二季度公司经营业绩与一季度相比回升不明显比预计下滑。

公司2014年1-6月归属于上市公司股东的净利润仅为714.17万元，数据偏低，准确预计业绩变动幅度范围存在一定的难度。

四、其他相关说明

1、本次业绩预告修正是公司财务部门初步估算结果，具体财务数据以公司正式披露的2015年半年报为准。

2、公司董事会对本次业绩预告修正给投资者带来的不便致以诚挚的歉意,敬请广大投资者谨慎决策，注意投资风险。

特此公告。

汉麻产业投资股份有限公司

董事会

2015年6月26日


[点击查看PDF原文]
提示：本网不保证其真实性和客观性，一切有关该股的有效信息，以交易所的公告为准，敬请投资者注意风险。
展开阅读全文"
周五早间市场信息,"https://guba.eastmoney.com/news,002036,180360856.html",2015-06-26 08:51:12,昨夜美股收低，道指下跌0.42%，纳指下跌0.2%，标普下跌0.3%，欧洲主要国家股市收低。纽约原油期货下跌57美分，跌幅为1%，收于每桶59.7美元；纽约黄金期货下跌1.1美元，跌幅为0.1%，收于每盎司1171.8美元。 市场信息：肖钢今日将在陆家嘴论坛发表演讲；国泰君安等五只新股上市；亚投行协定签署仪式将于6月29日在北京举行；城市综合管廊投资估算指标发布；五部委印发进一步加强农村饮水安全工作通知；两部委印发应急产业重点产品目录，信息安全、消防设备、应急通信有望成为新的经济增长点；发改委正编制节能减排等有关专项规划；多地研究落实京津冀规划；深圳四大国有银行上调首套房房贷利率；国办发文支持新疆纺织服装产业发展；大飞机C919将于明年试飞。 个股信息，利好：佳士科技中报拟10转12；汉麻产业中报预增逾14倍；振芯科技中报预增251-280%；爱尔眼科中报预增；众合科技签下1.4亿元尼日利亚城铁设备合同；中材国际子公司签订阿尔及利亚水泥生产线合同；达安基因子公司获批挂牌新三板；保龄宝参股公司禹城农商行拟申请在新三板挂牌；中国中铁定增获批。 利空：冠福股份终止筹划重大事项；浔兴股份福建生产基地发生火灾；福田汽车、鲁信创投、中粮地产、浙江东方、郴电国际、华斯股份、远东传动股东减持。 其它：海立股份、汇鸿股份、星网锐捷、新开源、任子行资产收购获无条件通过；史丹利拟推1亿元员工持股计划；交大昂立遭衡锋投资及其一致人举牌；九芝堂拟65亿元购友搏药业100%股权；华友钴业拟定增22亿元；千足珍珠拟15亿揽入三家民营医院；吉视传媒拟2亿元参与文化投资基金、6.5亿元投资入股多家银行；国睿科技拟定增募资5亿元补充流动资金；南都电源3亿控股华铂科技；高乐股份拟投资1.8亿参设产业并购基金；太阳纸业拟1.2亿联手瑞力投资设立产业投资基金；天瑞仪器拟6000万元参设并购基金，5125万元参股中康尚德布局移动医疗；佳讯飞鸿4800万元收购威标至远16.67股权，拓展国防领域；美亚柏科3315万元收购武汉大千51%股权，加码信息安全；北京利尔3000万设电商公司，布局互联网；达华智能拟2473万受让卡友支付6.87%股权；金运激光与Materialise合作，加码3D打印；上海莱士与清华大学联合成立血液制品研究中心；铁汉生态与江西省水利投资集团合作；上海家化与漳州片仔癀达成合作意向，拟进军口腔护理领域；双环科技携手湖北宜化开发新疆煤矿；燕塘乳业与国际巨头康美包达成新项目合作意向；海立股份、汇鸿股份、国睿科技、华友钴业、太阳纸业、浔兴股份、冠福股份、金运激光、史丹利、新开源、星网锐捷、天瑞仪器、任子行复牌。 限售股解禁：隧道股份、京新药业、广日股份、东方锆业、天广消防、新宙邦、中电环保、雪浪环境、飞天诚信。 昨日午后两市再度暴跌，近期急跌缓弹已成常态，当前来说，依照中级调整来对待，要有至少两个月左右调整的思想准备；对配资盘融资盘的狙击还在进行中；期间不随便出手抄底，中期操作要休息较长时间；对于手头个股，要么持有等待，要么逢反弹离场，随后不去弄其它品种，很忌讳继续杀来杀去，弱市里折腾太多只会徒增损失；有些个股腰斩后继续维持跌势，对于抗跌和强势品种甚至于近期的风口所在国企改革概念，也要防止补跌，阶段性熊市思维对待。[点击查看博客原文]
周五消息汇总,"https://guba.eastmoney.com/news,002036,180357649.html",2015-06-26 08:36:45,市场信息：肖钢今日将在陆家嘴论坛发表演讲；国泰君安等五只新股上市；亚投行协定签署仪式将于6月29日在北京举行；城市综合管廊投资估算指标发布；五部委印发进一步加强农村饮水安全工作通知；两部委印发应急产业重点产品目录，信息安全、消防设备、应急通信有望成为新的经济增长点；发改委正编制节能减排等有关专项规划；多地研究落实京津冀规划；深圳四大国有银行上调首套房房贷利率；国办发文支持新疆纺织服装产业发展；大飞机C919将于明年试飞。个股信息，利好：佳士科技中报拟10转12；汉麻产业中报预增逾14倍；振芯科技中报预增251-280%；爱尔眼科中报预增；众合科技签下1.4亿元尼日利亚城铁设备合同；中材国际子公司签订阿尔及利亚水泥生产线合同；达安基因子公司获批挂牌新三板；保龄宝参股公司禹城农商行拟申请在新三板挂牌；中国中铁定增获批。利空：冠福股份终止筹划重大事项；浔兴股份福建生产基地发生火灾；福田汽车、鲁信创投、中粮地产、浙江东方、郴电国际、华斯股份、远东传动股东减持。其它：海立股份、汇鸿股份、星网锐捷、新开源、任子行资产收购获无条件通过；史丹利拟推1亿元员工持股计划；交大昂立遭衡锋投资及其一致人举牌；九芝堂拟65亿元购友搏药业100%股权；华友钴业拟定增22亿元；千足珍珠拟15亿揽入三家民营医院；吉视传媒拟2亿元参与文化投资基金、6.5亿元投资入股多家银行；国睿科技拟定增募资5亿元补充流动资金；南都电源3亿控股华铂科技；高乐股份拟投资1.8亿参设产业并购基金；太阳纸业拟1.2亿联手瑞力投资设立产业投资基金；天瑞仪器拟6000万元参设并购基金，5125万元参股中康尚德布局移动医疗；佳讯飞鸿4800万元收购威标至远16.67股权，拓展国防领域；美亚柏科3315万元收购武汉大千51%股权，加码信息安全；北京利尔3000万设电商公司，布局互联网；达华智能拟2473万受让卡友支付6.87%股权；金运激光与Materialise合作，加码3D打印；上海莱士与清华大学联合成立血液制品研究中心；铁汉生态与江西省水利投资集团合作；上海家化与漳州片仔癀达成合作意向，拟进军口腔护理领域；双环科技携手湖北宜化开发新疆煤矿；燕塘乳业与国际巨头康美包达成新项目合作意向；海立股份、汇鸿股份、国睿科技、华友钴业、太阳纸业、浔兴股份、冠福股份、金运激光、史丹利、新开源、星网锐捷、天瑞仪器、任子行复牌。限售股解禁：隧道股份、京新药业、广日股份、东方锆业、天广消防、新宙邦、中电环保、雪浪环境、飞天诚信。昨日午后两市再度暴跌，近期急跌缓弹已成常态，当前来说，依照中级调整来对待，要有至少两个月左右调整的思想准备；对配资盘融资盘的狙击还在进行中；期间不随便出手抄底，中期操作要休息较长时间；对于手头个股，要么持有等待，要么逢反弹离场，随后不去弄其它品种，很忌讳继续杀来杀去，弱市里折腾太多只会徒增损失；有些个股腰斩后继续维持跌势，对于抗跌和强势品种甚至于近期的风口所在国企改革概念，也要防止补跌，阶段性熊市思维对待。[点击查看博客原文]
周五早间市场信息,"https://guba.eastmoney.com/news,002036,180356615.html",2015-06-26 08:31:48,昨夜美股收低，道指下跌0.42%，纳指下跌0.2%，标普下跌0.3%，欧洲主要国家股市收低。纽约原油期货下跌57美分，跌幅为1%，收于每桶59.7美元；纽约黄金期货下跌1.1美元，跌幅为0.1%，收于每盎司1171.8美元。 市场信息：肖钢今日将在陆家嘴论坛发表演讲；国泰君安等五只新股上市；亚投行协定签署仪式将于6月29日在北京举行；城市综合管廊投资估算指标发布；五部委印发进一步加强农村饮水安全工作通知；两部委印发应急产业重点产品目录，信息安全、消防设备、应急通信有望成为新的经济增长点；发改委正编制节能减排等有关专项规划；多地研究落实京津冀规划；深圳四大国有银行上调首套房房贷利率；国办发文支持新疆纺织服装产业发展；大飞机C919将于明年试飞。 个股信息，利好：佳士科技中报拟10转12；汉麻产业中报预增逾14倍；振芯科技中报预增251-280%；爱尔眼科中报预增；众合科技签下1.4亿元尼日利亚城铁设备合同；中材国际子公司签订阿尔及利亚水泥生产线合同；达安基因子公司获批挂牌新三板；保龄宝参股公司禹城农商行拟申请在新三板挂牌；中国中铁定增获批。 利空：冠福股份终止筹划重大事项；浔兴股份福建生产基地发生火灾；福田汽车、鲁信创投、中粮地产、浙江东方、郴电国际、华斯股份、远东传动股东减持。其它：海立股份、汇鸿股份、星网锐捷、新开源、任子行资产收购获无条件通过；史丹利拟推1亿元员工持股计划；交大昂立遭衡锋投资及其一致人举牌；九芝堂拟65亿元购友搏药业100%股权；华友钴业拟定增22亿元；千足珍珠拟15亿揽入三家民营医院；吉视传媒拟2亿元参与文化投资基金、6.5亿元投资入股多家银行；国睿科技拟定增募资5亿元补充流动资金；南都电源3亿控股华铂科技；高乐股份拟投资1.8亿参设产业并购基金；太阳纸业拟1.2亿联手瑞力投资设立产业投资基金；天瑞仪器拟6000万元参设并购基金，5125万元参股中康尚德布局移动医疗；佳讯飞鸿4800万元收购威标至远16.67股权，拓展国防领域；美亚柏科3315万元收购武汉大千51%股权，加码信息安全；北京利尔3000万设电商公司，布局互联网；达华智能拟2473万受让卡友支付6.87%股权；金运激光与Materialise合作，加码3D打印；上海莱士与清华大学联合成立血液制品研究中心；铁汉生态与江西省水利投资集团合作；上海家化与漳州片仔癀达成合作意向，拟进军口腔护理领域；双环科技携手湖北宜化开发新疆煤矿；燕塘乳业与国际巨头康美包达成新项目合作意向；海立股份、汇鸿股份、国睿科技、华友钴业、太阳纸业、浔兴股份、冠福股份、金运激光、史丹利、新开源、星网锐捷、天瑞仪器、任子行复牌。 限售股解禁：隧道股份、京新药业、广日股份、东方锆业、天广消防、新宙邦、中电环保、雪浪环境、飞天诚信。 昨日午后两市再度暴跌，近期急跌缓弹已成常态，当前来说，依照中级调整来对待，要有至少两个月左右调整的思想准备；对配资盘融资盘的狙击还在进行中；期间不随便出手抄底，中期操作要休息较长时间；对于手头个股，要么持有等待，要么逢反弹离场，随后不去弄其它品种，很忌讳继续杀来杀去，弱市里折腾太多只会徒增损失；有些个股腰斩后继续维持跌势，对于抗跌和强势品种甚至于近期的风口所在国企改革概念，也要防止补跌，阶段性熊市思维对待。[点击查看博客原文]
周五早间市场信息,"https://guba.eastmoney.com/news,002036,180353028.html",2015-06-26 08:13:39,昨夜美股收低，道指下跌0.42%，纳指下跌0.2%，标普下跌0.3%，欧洲主要国家股市收低。纽约原油期货下跌57美分，跌幅为1%，收于每桶59.7美元；纽约黄金期货下跌1.1美元，跌幅为0.1%，收于每盎司1171.8美元。 市场信息：肖钢今日将在陆家嘴论坛发表演讲；国泰君安等五只新股上市；亚投行协定签署仪式将于6月29日在北京举行；城市综合管廊投资估算指标发布；五部委印发进一步加强农村饮水安全工作通知；两部委印发应急产业重点产品目录，信息安全、消防设备、应急通信有望成为新的经济增长点；发改委正编制节能减排等有关专项规划；多地研究落实京津冀规划；深圳四大国有银行上调首套房房贷利率；国办发文支持新疆纺织服装产业发展；大飞机C919将于明年试飞。 个股信息，利好：佳士科技中报拟10转12；汉麻产业中报预增逾14倍；振芯科技中报预增251-280%；爱尔眼科中报预增；众合科技签下1.4亿元尼日利亚城铁设备合同；中材国际子公司签订阿尔及利亚水泥生产线合同；达安基因子公司获批挂牌新三板；保龄宝参股公司禹城农商行拟申请在新三板挂牌；中国中铁定增获批。 利空：冠福股份终止筹划重大事项；浔兴股份福建生产基地发生火灾；福田汽车、鲁信创投、中粮地产、浙江东方、郴电国际、华斯股份、远东传动股东减持。其它：海立股份、汇鸿股份、星网锐捷、新开源、任子行资产收购获无条件通过；史丹利拟推1亿元员工持股计划；交大昂立遭衡锋投资及其一致人举牌；九芝堂拟65亿元购友搏药业100%股权；华友钴业拟定增22亿元；千足珍珠拟15亿揽入三家民营医院；吉视传媒拟2亿元参与文化投资基金、6.5亿元投资入股多家银行；国睿科技拟定增募资5亿元补充流动资金；南都电源3亿控股华铂科技；高乐股份拟投资1.8亿参设产业并购基金；太阳纸业拟1.2亿联手瑞力投资设立产业投资基金；天瑞仪器拟6000万元参设并购基金，5125万元参股中康尚德布局移动医疗；佳讯飞鸿4800万元收购威标至远16.67股权，拓展国防领域；美亚柏科3315万元收购武汉大千51%股权，加码信息安全；北京利尔3000万设电商公司，布局互联网；达华智能拟2473万受让卡友支付6.87%股权；金运激光与Materialise合作，加码3D打印；上海莱士与清华大学联合成立血液制品研究中心；铁汉生态与江西省水利投资集团合作；上海家化与漳州片仔癀达成合作意向，拟进军口腔护理领域；双环科技携手湖北宜化开发新疆煤矿；燕塘乳业与国际巨头康美包达成新项目合作意向；海立股份、汇鸿股份、国睿科技、华友钴业、太阳纸业、浔兴股份、冠福股份、金运激光、史丹利、新开源、星网锐捷、天瑞仪器、任子行复牌。 限售股解禁：隧道股份、京新药业、广日股份、东方锆业、天广消防、新宙邦、中电环保、雪浪环境、飞天诚信。 昨日午后两市再度暴跌，近期急跌缓弹已成常态，当前来说，依照中级调整来对待[点击查看博客原文]
个股新闻,"https://guba.eastmoney.com/news,002036,180352758.html",2015-06-26 08:11:47,个股利好：佳士科技半年报拟10转增12股；汉麻产业上调中报业绩至预增逾14倍；振芯科技上半年净利预增251%至280%；爱尔眼科上半年净利预增35%至45%；众合科技签下1.4亿元尼日利亚城铁设备合同；苏宁环球管理层增持公司58万股股票。个股利空：冠福股份终止筹划重大事项；浔兴股份福建生产基地发生火灾预计影响有限;福田汽车、华斯股份、远东传动、大橡塑、鲁信创投、浙江东方、中粮地产、郴电国际遭减持。个股公告：星网锐捷、海立股份、汇鸿股份资产收购获无条件通过；千足珍珠重组拟15亿揽入三家民营医院双主业并行；金运激光与Materialise合作加码3D打印；太阳纸业拟1.2亿联手瑞力投资设立产业投资基金；华友钴业拟定增22亿元二股东参与认购；国睿科技拟定增募资5亿元补充流动资金；吉视传媒拟参与文化投资基金、投资入股多家银行；深圳华强重大资产重组获证监会受理；高乐股份拟投资1.8亿参设产业并购基金；达安基因控股子公司获批挂牌新三板；南都电源拟逾3亿元收购铅资源回收资产；保龄宝参股公司禹城农商行拟申请在新三板挂牌；佳讯飞鸿收购军工企业股权加码指挥调度系统；安彩高科定增方案获河南国资委批复；蓝星新材重要收购获发改委备案；达华智能拟2473万受让卡友支付6.87%股权；美亚柏科收购武汉大千51%股权加码信息安全；大橡塑控股股东拟转让29.98%股份大股东拟变更；北京利尔3000万设电商公司布局互联网；佳讯飞鸿收购威标至远16.67股权拓展国防领域；天瑞仪器拟参设并购基金参股中康尚德布局移动医疗。复牌个股：太阳纸业、浔兴股份、冠福股份、星网锐捷、海立股份、汇鸿股份资产、新开源、天瑞仪器、金运激光、任子行、停牌个股：华东医药、国创高新、中科英华、海峡股份、大名城、保千里、春秋航空解禁个股：京新药业、东方锆业、天广消防、新宙邦、中电环保、雪浪环境、飞天诚信、隧道股份、广日股份[点击查看博客原文]
周五早间市场信息,"https://guba.eastmoney.com/news,002036,180352321.html",2015-06-26 08:09:09,昨夜美股收低，道指下跌0.42%，纳指下跌0.2%，标普下跌0.3%，欧洲主要国家股市收低。纽约原油期货下跌57美分，跌幅为1%，收于每桶59.7美元；纽约黄金期货下跌1.1美元，跌幅为0.1%，收于每盎司1171.8美元。 市场信息：肖钢今日将在陆家嘴论坛发表演讲；国泰君安等五只新股上市；亚投行协定签署仪式将于6月29日在北京举行；城市综合管廊投资估算指标发布；五部委印发进一步加强农村饮水安全工作通知；两部委印发应急产业重点产品目录，信息安全、消防设备、应急通信有望成为新的经济增长点；发改委正编制节能减排等有关专项规划；多地研究落实京津冀规划；深圳四大国有银行上调首套房房贷利率；国办发文支持新疆纺织服装产业发展；大飞机C919将于明年试飞。 个股信息，利好：佳士科技中报拟10转12；汉麻产业中报预增逾14倍；振芯科技中报预增251-280%；爱尔眼科中报预增；众合科技签下1.4亿元尼日利亚城铁设备合同；中材国际子公司签订阿尔及利亚水泥生产线合同；达安基因子公司获批挂牌新三板；保龄宝参股公司禹城农商行拟申请在新三板挂牌；中国中铁定增获批。 利空：冠福股份终止筹划重大事项；浔兴股份福建生产基地发生火灾；福田汽车、鲁信创投、中粮地产、浙江东方、郴电国际、华斯股份、远东传动股东减持。其它：海立股份、汇鸿股份、星网锐捷、新开源、任子行资产收购获无条件通过；史丹利拟推1亿元员工持股计划；交大昂立遭衡锋投资及其一致人举牌；九芝堂拟65亿元购友搏药业100%股权；华友钴业拟定增22亿元；千足珍珠拟15亿揽入三家民营医院；吉视传媒拟2亿元参与文化投资基金、6.5亿元投资入股多家银行；国睿科技拟定增募资5亿元补充流动资金；南都电源3亿控股华铂科技；高乐股份拟投资1.8亿参设产业并购基金；太阳纸业拟1.2亿联手瑞力投资设立产业投资基金；天瑞仪器拟6000万元参设并购基金，5125万元参股中康尚德布局移动医疗；佳讯飞鸿4800万元收购威标至远16.67股权，拓展国防领域；美亚柏科3315万元收购武汉大千51%股权，加码信息安全；北京利尔3000万设电商公司，布局互联网；达华智能拟2473万受让卡友支付6.87%股权；金运激光与Materialise合作，加码3D打印；上海莱士与清华大学联合成立血液制品研究中心；铁汉生态与江西省水利投资集团合作；上海家化与漳州片仔癀达成合作意向，拟进军口腔护理领域；双环科技携手湖北宜化开发新疆煤矿；燕塘乳业与国际巨头康美包达成新项目合作意向；海立股份、汇鸿股份、国睿科技、华友钴业、太阳纸业、浔兴股份、冠福股份、金运激光、史丹利、新开源、星网锐捷、天瑞仪器、任子行复牌。 限售股解禁：隧道股份、京新药业、广日股份、东方锆业、天广消防、新宙邦、中电环保、雪浪环境、飞天诚信。 昨日午后两市再度暴跌，近期急跌缓弹已成常态，当前来说，依照中级调整来对待，要有至少两个月左右调整的思想准备；对配资盘融资盘的狙击还在进行中；期间不随便出手抄底，中期操作要休息较长时间；对于手头个股，要么持有等待，要么逢反弹离场，随后不去弄其它品种，很忌讳继续杀来杀去，弱市里折腾太多只会徒增损失；有些个股腰斩后继续维持跌势，对于抗跌和强势品种甚至于近期的风口所在国企改革概念，也要防止补跌，阶段性熊市思维对待。[点击查看博客原文]
[置顶]汉麻产业 中期业绩暴增14倍  收益0.56元/股，将公告重组联创电子正式受理消息,"https://guba.eastmoney.com/news,002036,180257037.html",2015-06-25 18:58:37,"1、汉麻产业 中期业绩暴增14倍，收益0.56元/股，业绩今年开始彻底大变...;

2、下周将公告证监会正式受理重组联创电子程序；

股价后期必暴涨，明天大涨值得期待！23.30元内值得全仓介入！"
汉麻产业:关于国有非住宅用房土地及厂房被征收的进展议案,"https://guba.eastmoney.com/news,002036,179934947.html",2015-06-24 18:51:55,"公告日期：2015-06-25
证券代码：002036 证券简称：汉麻产业 公告编号：2015-057

汉麻产业投资股份有限公司

关于国有非住宅用房土地及厂房被征收的进展议案

本公司及董事会全体成员保证信息披露的内容真实、准确、完整，没有虚假记载、误导性陈述或重大遗漏。

汉麻产业投资股份有限公司（以下简称“公司”）于2015 年4 月24日发布

了《关于增加2014年年度股东大会临时提案的通知》，董事会同意将《关于国有土地非住宅用房土地及厂房收购协议的议案》提交公司2014年年度股东大会进行审议，宁波市鄞州区石碶街道宁波栎社国际机场三期扩建工程建设办公室拟征收公司2宗国有建设用地使用权及地上建筑物、附属物、绿化等，面积约为46,769平方米，征收价格加上一次性搬迁补偿费等共计人民币15,791.13万元（《关于公司国有建设用地使用权被收购的公告》刊登于2015年4月24日《证券时报》、《中国证券报》及巨潮资讯网（www.cninfo.com.cn），公告编号：2015-027）。

近日，公司收到公司有关部门关于该事项进展情况的报告，现公告如下：一、目前上述国有建设用地使用权已收回国有，权证已被注销，相关地上建筑物、附属物、绿化等资产也处置完毕，公司收到了宁波市鄞州区石碶街道宁波栎社国际机场三期扩建工程建设办公室支付的15,000万元征收及补偿费，尚余791.13万元将按规定按时支付。

二、上述土地及建筑物、附属物、绿化等原值为1,747.67万元，已计提折旧或摊销414.85万元，净值为1,332.82万元，征收及补偿费预计产生10,843.73万元的收益。

根据《企业会计准则》有关规定，产生的收益记入2015年度“营业外收入”会计科目，具体会计处理须以会计师审计确认后的结果为准。

三、公司2015年4月29日公告的《2015年第一季度报告》中预计2015年1-6月的业绩为：2015年1-6月归属于上市公司股东的净利润与上年同期相比变动幅度为-70.00%至-20.00%。公司披露2015年一季度报告时，公司无法确定收回上述国有建设用地使用权的完成时间，故公司在2015年一季度报告披露的2015年1-6月度业绩预告不包括上述国有建设用地及地上建筑物等产生的收益。

四、征收及补偿费产生的收益将增加2015年1-6月的收益，同时，由于2015年上半年公司经营业绩下滑，故2015年1-6月归属于上市公司股东的净利润与上年同期相比变动幅度修正为1,500.00%至1,550.00%。

公司目前指定的信息披露媒体为《证券时报》、《中国证券报》及巨潮资讯网，本次业绩预告的修正是公司财务部门初步测算的结果，具体财务数据将在公司2015年度报告中予以详细披露。敬请广大投资者理性投资，注意投资风险。

特此公告。

汉麻产业投资股份有限公司

董事会

2015年6月25日


[点击查看PDF原文]
提示：本网不保证其真实性和客观性，一切有关该股的有效信息，以交易所的公告为准，敬请投资者注意风险。"
6.26冲高龙头股,"https://guba.eastmoney.com/news,002036,180246513.html",2015-06-25 18:12:37,"6.26冲高龙头股767选股室把握第一时间调整结束第一阳、资金异动、技术分析、盘面热点短线速升个股，欢迎广大散户互动交流、一起合作盘中提前布局短期收益最少8%以上。25日盘中建仓以下一只个股：一、汉麻产业002036：公司服装衬布业务在与法国霞日集团全方位战略合作的基础上，整合了业务渠道及产品结构，剥离了低附加值的业务，继续稳居国内中高档服装用衬布的龙头企业地位。公司产品定位于中高档服装衬布市场，公司宾霸里布业务与日本旭化成集团合作，宾霸产品获得Oeko-TexStandard100国际生态纺织品认证，销往国内各知名服装生产厂家及相关企业，远销日本、韩国、加拿大和港台等国家及地区；近期传闻卖壳；二、华斯股份002494：公司是我国裘皮行业生产规模最大的龙头企业，自主品牌“怡嘉琦"",建设有“河北省裘皮工程技术研究中心”，持续创新能力强，先后申请专利二十余项;公司拟与北京优舍科技有限公司(以下简称“优舍科技”)和北京易融德利网络科技有限公司(以下简称“易融德利”)共同投资设立肃宁县华斯易优互联网金融服务有限公司,进入互联金融领域！借助互联网技术力量,公司、移动社交电商平台和互联网金融服务公司的大数据平台将形成互为支撑的格局,实现裘皮行业信息与数据的高效收集、整理和分析,从而更好打通产业链,创造价值。25日个股收评：24日盘中股价31.95建仓002402和而泰，早盘冲高35.95元清仓观望，短线获利13%；温馨提示：以上的内容分析是我们机构观点，只供参考。股市有风险，投资需谨慎，不要盲目跟风操作，767选股室欢迎您的光临与参与。[点击查看博客原文]"
走成这样我已无力吐槽，还是走了！！大盘已经无药可救,"https://guba.eastmoney.com/news,002036,180202903.html",2015-06-25 15:26:06,走成这样我已无力吐槽，还是走了！！大盘已经无药可救
无语了涨好几还不如跌一天的猛！！！！,"https://guba.eastmoney.com/news,002036,180042532.html",2015-06-25 09:48:02,无语了涨好几还不如跌一天的猛！！！！
上半年的厂房被征收支付的15000万补偿费用，是保留在联创电子还是在宜科科技？,"https://guba.eastmoney.com/news,002036,915418429.html",2015-06-25 15:34:00,"上半年的厂房被征收支付的15000万补偿费用，是保留在联创电子还是在宜科科技？
联创电子
联创电子：: 您好！资产重组完成后，除保留公司168.13万元货币资金、募集资金专户余额43.50万元、8,600.00万元银行结构性存款以及8,427,026.89元无形资产（被征收的土地使用权）外，上市公司将剥离全部资产和负债。感谢您的关注！
(来自深交所互动易)答复时间 2015-06-25 15:34:00"
中报增长15倍！,"https://guba.eastmoney.com/news,002036,179970934.html",2015-06-24 21:32:59,今晚出了公告，大家说是市场会提前炒中报大增概念股吗？
悍马产业业绩悍马啊！半年报业绩暴增1500%,"https://guba.eastmoney.com/news,002036,180031614.html",2015-06-25 09:18:25,"半年报业绩暴增1500%，你们走吧。我看好。
收及补偿费产生的收益将增加2015年1-6月的收益，同时，由于2015年上半年公司经营业绩下滑，故2015年1-6月归属于上市公司股东的净利润与上年同期相比变动幅度修正为1,500.00%至1,550.00%。"
中报15倍值多少钱,"https://guba.eastmoney.com/news,002036,180005431.html",2015-06-25 01:39:38,明天什么价
汉麻现在炒的是联创的置入，汉麻产业赚还是亏已与股价没有任何关系，因为资产评估，置,"https://guba.eastmoney.com/news,002036,179955683.html",2015-06-24 20:27:49,"汉麻现在炒的是联创的置入，汉麻产业赚还是亏已与股价没有任何关系，因为资产评估，置换协议都已签订
联创电子资讯
汉麻产业:关于国有非住宅用房土地及厂房被征收的进展议案
公告日期：2015-06-25 证券代码：002036 证券简称：汉麻产业 公告编号：2015-057 汉麻产业投资股份有限公司 关于国有非住宅用房土地及厂房被征收的进展议案 本公司及董事会全体成员保证信息披露的内容真实、准确、完整，没有虚假记载、误导性陈述或重大遗漏。 ...
2015/6/24 18:51:55联创电子吧"
请问公司重组成功后，公司名称会改变吗,"https://guba.eastmoney.com/news,002036,915416614.html",2015-06-26 10:12:00,"请问公司重组成功后，公司名称会改变吗
联创电子
联创电子：您好！公司重组成功后，公司名称是否变更将由重组后的股东来决定的。感谢您的关注！
(来自深交所互动易)答复时间 2015-06-26 10:12:00"
重组材料正在加紧补充中，可于近日上报证监会!,"https://guba.eastmoney.com/news,002036,177982164.html",2015-06-17 08:29:24,"问 汉麻产业
002036 浏览用户1649 请问重组材料是否已经上报证监会？如果上报了，预估什么时候可以批复i？
(0) (0)
(0) 2015-06-16 08:38:13 已回复
答 汉麻产业
002036 汉麻产业 您好！重组材料正在加紧补充中，可于近日上报证监会。感谢您的关注！


联创电子全体股东承诺，标的公司2015-17年实现的扣非净利润分别不低于1.9亿元、2.5亿元和3.2亿元。
近期重大重组股是风港， 前期有神车，有600637，最近的600229 600981 002074等等都是我的 最爱！
300186 300159等全可以关注！

中创板中期头部已现，这轮牛市的几个最活跃板块全部破位，引起大家 注意，一带一路， 互联网+和 次新股，这次有点不一样了！"
如果联创有问题，雅戈尔会贱卖壳资源？,"https://guba.eastmoney.com/news,002036,179858400.html",2015-06-24 14:20:34,用屁股想想也不会！
收盘涨幅4.44死死死,"https://guba.eastmoney.com/news,002036,179885025.html",2015-06-24 15:06:28,收盘涨幅4.44死死死
静候重组材料上报,"https://guba.eastmoney.com/news,002036,179825617.html",2015-06-24 13:16:22,周一被带有沙土的风迷了一下眼，现在是恢复指标的时候 真正上涨在zjh受理前后 耐心持股。
请问 补充材料近日报证监会，作为上市公司，能不能给个严谨一点的时间表，少用些外交,"https://guba.eastmoney.com/news,002036,915418559.html",2015-06-25 15:12:00,"请问 补充材料近日报证监会，作为上市公司，能不能给个严谨一点的时间表，少用些外交辞令？
联创电子
联创电子：您好！公司重组资料已上报证监会，将在收到证监会的行政许可申请受理通知书时会及时公告。感谢您的关注！
(来自深交所互动易)答复时间 2015-06-25 15:12:00"
你就这点能耐我也是醉了,"https://guba.eastmoney.com/news,002036,179868389.html",2015-06-24 14:38:45,你就这点能耐我也是醉了
感觉在出货,"https://guba.eastmoney.com/news,002036,179780786.html",2015-06-24 10:54:29,感觉在出货
公司别光喊口号，竟然能追究相关当事人的法律责任那就告他，不让那些信口雌黄的人觉得,"https://guba.eastmoney.com/news,002036,915418568.html",2015-06-25 15:09:00,"公司别光喊口号，竟然能追究相关当事人的法律责任那就告他，不让那些信口雌黄的人觉得不说白不说，说了也白说，肃清一下市场也算是给社会传递点正能量。
联创电子
联创电子：谢谢您的建议！
(来自深交所互动易)答复时间 2015-06-25 15:09:00"
迎合大盘走势，早盘冲击涨停，加仓的可以赶紧上车，大家握好！,"https://guba.eastmoney.com/news,002036,179746485.html",2015-06-24 09:54:14,迎合大盘走势，早盘冲击涨停，加仓的可以赶紧上车，大家握好！
怎么没发公告？,"https://guba.eastmoney.com/news,002036,179729299.html",2015-06-24 08:53:58,连续三个交易日，涨跌幅超20%，应该发公告的啊！？
声明保留追究法律责任的权利,"https://guba.eastmoney.com/news,002036,179659844.html",2015-06-23 20:39:22,公司认为证券市场红周刊报道未向上市公司、标的公司及相关机构采访求证，属个人观点，报道的发布具有误导性分析结果及立场和观点。公司谴责相关当事人不负责任的行为，声明保留追究法律责任的权利
002036  宜科科技,"https://guba.eastmoney.com/news,002036,179682200.html",2015-06-23 22:15:13,现已更名为汉麻产业 今收盘22.07元。[点击查看博客原文]
投资者互动平台上公司澄清，大股东雅哥尔并未减持。那么这几天这么多大手卖单是谁在出,"https://guba.eastmoney.com/news,002036,179715220.html",2015-06-24 07:08:04,投资者互动平台上公司澄清，大股东雅哥尔并未减持。那么这几天这么多大手卖单是谁在出掉，用意何在。
三天跌幅超过百分之二十  今天会有公告出吗有人知道吗,"https://guba.eastmoney.com/news,002036,179607329.html",2015-06-23 16:19:49,"三天跌幅超过百分之二十 今天会有公告出吗

有人知道吗"
您好！在重组文件里公布的前五大客户中，并没有GOPRO，而公司却说是GOPRO光,"https://guba.eastmoney.com/news,002036,915418269.html",2015-06-25 16:03:00,"您好！在重组文件里公布的前五大客户中，并没有GOPRO，而公司却说是GOPRO光学镜头的最大供应商，这其中是否自相矛盾？同时，联创电子是何时正式成为GOPRO的供应商的？谢谢！
联创电子
联创电子：您好！重组文件里公司未披露过联创电子是GOPRO光学镜头的最大供应商。谢谢！
(来自深交所互动易)答复时间 2015-06-25 16:03:00"
太弱,"https://guba.eastmoney.com/news,002036,179549519.html",2015-06-23 13:59:32,大盘涨了 根本不动 艹
真垃圾，鉴定完毕！！！,"https://guba.eastmoney.com/news,002036,179580391.html",2015-06-23 14:54:49,反弹弱爆，垃圾尽显，别抱幻想，后面定是长期的下跌趋势的盘整阴跌，快走！！！
怎么还打压啊，操tm,"https://guba.eastmoney.com/news,002036,179554185.html",2015-06-23 14:08:48,怎么还打压啊，操tm
不必多说，大家快买。,"https://guba.eastmoney.com/news,002036,179534481.html",2015-06-23 13:27:15,不必多说，大家快买。
今天千股涨停 会少了汉麻 ?,"https://guba.eastmoney.com/news,002036,179445965.html",2015-06-23 10:10:35,坐等
媒体这么大的质疑，公司为什么没能及时澄清？,"https://guba.eastmoney.com/news,002036,179521910.html",2015-06-23 12:57:06,看人家海陆重工面对媒体质疑，马上启动停牌核实！
汉麻产业:独立董事相关事项事前认可意见,"https://guba.eastmoney.com/news,002036,176358431.html",2015-06-11 16:36:18,"公告日期：2015-06-12
汉麻产业投资股份有限公司独立董事

相关事项事前认可意见

根据《关于在上市公司建立独立董事制度的指导意见》、《上市公司治理准则》《公司章程》及《独立董事工作制度》等文件的有关规定，我们作为汉麻产业投资股份有限公司（以下简称“公司”）的独立董事，就公司对宁波霞日宜科纺织品商贸有限公司同比例减资的事项，发表如下独立意见：

公司董事会在审议该项议案前，向我们提供了相关资料，经过与公司沟通以及认真审阅相关资料，我们认为本次减资事项是根据宁波霞日宜科纺织品商贸有限公司经营业务的实际情况，依法减少注册资本金的行为；关联交易事项符合国家有关法律、法规的要求，没有违背公平、公正、公开的原则，不存在损害公司及股东利益的情形。我们同意公司按照关联交易审议程序，将该议案提交董事会审议。

独立董事：包新民、孙建江、李彤

2015年6月11日


[点击查看PDF原文]
提示：本网不保证其真实性和客观性，一切有关该股的有效信息，以交易所的公告为准，敬请投资者注意风险。"
海陆重工在有负面报道时股票停牌，贵公司在突发事件时无动于衷，对我们投资者来说是一,"https://guba.eastmoney.com/news,002036,915423158.html",2015-06-23 18:39:00,"海陆重工在有负面报道时股票停牌，贵公司在突发事件时无动于衷，对我们投资者来说是一种悲哀，请公司认真思考一下
联创电子
联创电子：您好！并不是您所说突发事件时公司无动于衷，公司看到报道后，与监管部门进行了沟通、走程序等，并已提交了《澄清公告》。
(来自深交所互动易)答复时间 2015-06-23 18:39:00"
想死的心都有啦,"https://guba.eastmoney.com/news,002036,179484514.html",2015-06-23 11:15:44,想死的心都有啦
汉麻还有人在装B买一一看您老装吧,"https://guba.eastmoney.com/news,002036,179446248.html",2015-06-23 10:10:58,汉麻还有人在装B买一一看您老装吧
这票走的很强呀，符合重组的走势,"https://guba.eastmoney.com/news,002036,178257427.html",2015-06-17 19:40:41,"先不急着进，最好再收一个阴一个阳
量要缩下来"
请公司以公告的形式对网上：“汉麻产业涉嫌逃税 收购对象麻烦多”的文章进行解释，如,"https://guba.eastmoney.com/news,002036,915423161.html",2015-06-23 18:29:00,"请公司以公告的形式对网上：“汉麻产业涉嫌逃税 收购对象麻烦多”的文章进行解释，如涉嫌诽谤公司应拿起法律武器。
联创电子
联创电子：: 您好！公司认为证券市场红周刊报道未向上市公司、标的公司及相关机构采访求证，属个人观点，报道的发布具有误导性分析结果及立场和观点。公司谴责相关当事人不负责任的行为，声明保留追究法律责任的权利。公司已提交了《澄清公告》，刊登在《中国证券报》、《证券时报》及巨潮资讯网http://www.cninfo.com.cn。祝您投资顺利！
(来自深交所互动易)答复时间 2015-06-23 18:29:00"
东财网转发证券市场红周刊发布的一篇＜＜汉麻产业收购联创电子，后者涉嫌逃税问题多＞,"https://guba.eastmoney.com/news,002036,915423265.html",2015-06-23 18:28:00,"东财网转发证券市场红周刊发布的一篇＜＜汉麻产业收购联创电子，后者涉嫌逃税问题多＞＞文章，引起投资者热议，请问这是事实还是恶意诽谤？如非事实，公司是否会进行澄清解释公告？
联创电子
联创电子：: 您好！公司认为证券市场红周刊报道未向上市公司、标的公司及相关机构采访求证，属个人观点，报道的发布具有误导性分析结果及立场和观点。公司谴责相关当事人不负责任的行为，声明保留追究法律责任的权利。公司已提交了《澄清公告》，刊登在《中国证券报》、《证券时报》及巨潮资讯网http://www.cninfo.com.cn。祝您投资顺利！
(来自深交所互动易)答复时间 2015-06-23 18:28:00"
这票还有几个散户？手指头都数得过来。周二是机会。,"https://guba.eastmoney.com/news,002036,179187678.html",2015-06-21 19:02:46,这票还有几个散户？手指头都数得过来。周二是机会。
为什么借壳ipo后汉麻还是纺织服装板块！,"https://guba.eastmoney.com/news,002036,178793853.html",2015-06-19 10:41:51,为什么借壳ipo后汉麻还是纺织服装板块！不应该是高科技电子信息之类的吗？这个板块名字什么时候改呢？
明天跌停是大概率时间,"https://guba.eastmoney.com/news,002036,175638150.html",2015-06-09 21:42:01,盘整一个礼拜继续向上
联创电子和韩国美法思创新为媒 强强联手,"https://guba.eastmoney.com/news,002036,176359850.html",2015-06-11 16:42:06,"创新为媒 强强联手


南昌高新区企业在创新中壮大。资料图片由本报记者杨继红提供

这几天，江西联创电子股份有限公司总裁韩盛龙格外忙碌。联创电子和韩国美法思株式会社合作的触摸屏项目进入关键环节，合资公司的注册进资、厂房净化装修、韩国设备报关转移，环环相扣、分秒必争，为的是力争明年初建成投产。

“与美法思合资后，我们将成为三星、LG的供应商，在海外与大客户合作就有更多的机会。”12月16日上午，趁着开会前的空当，韩盛龙告诉记者，美法思是全球触控显示IC领域排名前五的韩国高科技上市公司，掌握触控集成电路（IC）和触摸屏的核心技术。凭借自身的产业基础，联创电子整合承接了美法思公司的触控产业，实现强强联手。总投资1.5亿美元的项目投产后，联创电子的触摸屏产能将翻番，一年后，在国内触摸屏市场的占有率可从目前十名左右跃升为前五名。

在韩盛龙看来，以创新为媒实现强强联手，就是把企业的未来掌握在自己手中。他说，今年受经济下行压力影响，产品价格同比下跌10%以上，利润不断受挤压的形势下，寻找国际一流大客户合作显得更加紧迫。“和大客户合作，不是简单的量的扩张，而是技术创新能力的提升。”近几年，联创电子每年投入研发资金占销售收入5%以上，通过技术创新取得核心竞争优势。

记者来到产品展示厅，行政总监刘丹给记者展示了他们的另一个拳头产品——运动摄像机光学镜头。该镜头比普通镜头像素更高、更清晰、角度更广，通常安装在运动摄像机、无人机、行车记录仪、倒车雷达上。刘丹饶有兴趣地给记者讲了一个“逆袭”的故事。

美国GOPRO公司是全球运动摄像机的领导者，几年前，联创电子集中研发力量竞标其一款镜头，第一轮未能入围。公司副总裁、光学镜头事业部总经理曾吉勇并不气馁，而是致信GOPRO，详细阐述企业的研发、设备、产能等优势，并强调“虽然我们这款未入围，但是还没有做完的样品，我们会坚持按之前的计划做下去，而且会做得更好。”

过了不久，GOPRO询问样品的进展情况，是否真如信里所写的那样在继续生产。得到肯定答复后，要求联创电子10天后交新的样品。样品让GOPRO非常满意，接着又要求联创电子依据相机的改变对镜头再做一些改善，7天后再次交样，而联创电子3天就交了样。联创电子的效率让GOPRO十分惊讶，最后弃用其他竞争对手，让联创电子成为这款镜头的主力供应商。

现在，GOPRO生产的全球一流的运动摄像机，90%以上的光学镜头和保护镜片来自联创电子。因为与这个国际一流大客户的合作，小米、海康威视、AEE等国内大企业也纷纷找上门。

“今年我们公司主营业务收入可以增长50%，出口1亿美金，未来3年仍按每年50%以上的速度增长，用3至4年的时间向百亿目标冲刺。”对于未来，韩盛龙信心满满。

本报记者 黄继妍

新闻链接

今年，在经济下行压力不断加大的严峻形势下，全省工业经济保持了稳定增长。

我省实施“一产一策”，大力培育战略性新兴产业，推动传统产业改造升级，扬优成势。预计全年有色产业主营业务收入可突破6500亿元，纺织、建材产业可突破2000亿元，电子信息、汽车产业可确保过千亿元。重点产业集群迅速壮大，预计全年100亿元以上产业集群可达34个，新增8个，其中200亿元以上11个，南康家具、新余钢铁及钢材加工产业集群超500亿元。

今年，联点帮扶机制帮助企业破解难题，惠企政策措施掷地有声，龙头骨干企业发展实现提挡提速，做大做强步伐加快。预计全年主营业务收入过百亿的企业总数将达到18个，其中江铜集团主营业务收入可过2000亿元，江铃集团、正邦集团可突破500亿元，晶科能源可突破300亿元，新增欧菲光、洪都航空可过百亿元。
展开阅读全文"
我爱悍马,"https://guba.eastmoney.com/news,002036,178905981.html",2015-06-19 14:25:30,坚定信心
汉麻庄你要坚强些，不要想不开,"https://guba.eastmoney.com/news,002036,178901827.html",2015-06-19 14:20:21,汉麻庄你要坚强些，不要想不开，散户都没跑，你们死命的抛干啥？
开始数板,"https://guba.eastmoney.com/news,002036,169590434.html",2015-05-25 12:20:29,第一 9.45
即将反弹，速速买入，不可以卖。,"https://guba.eastmoney.com/news,002036,178793352.html",2015-06-19 10:40:59,速速买入汉麻产业，即将反弹拉回，别被骗，速速买入加仓，绝对有钱赚
快点跌呀，10w等着加仓呢,"https://guba.eastmoney.com/news,002036,178481027.html",2015-06-18 13:30:08,快点跌呀，10w等着加仓呢
这一段始终上午拉高下午出货,"https://guba.eastmoney.com/news,002036,178576051.html",2015-06-18 16:04:31,涨的太高了
汉麻产业不到45元 人气不肯高涨,"https://guba.eastmoney.com/news,002036,178360908.html",2015-06-18 09:25:35,现在市场关注度低
昨天28.5买了100股，今天26.56卖掉了，赔了200元,"https://guba.eastmoney.com/news,002036,178552438.html",2015-06-18 15:08:45,郁闷
真闹心,"https://guba.eastmoney.com/news,002036,178433280.html",2015-06-18 11:18:14,这算咋回事
看我汉麻产业，如何冲出重围！！,"https://guba.eastmoney.com/news,002036,178392445.html",2015-06-18 10:19:41,如题
汉麻产业:关于归还部分用于暂时补充流动资金的募集资金的公告,"https://guba.eastmoney.com/news,002036,178205396.html",2015-06-17 15:48:06,"公告日期：2015-06-18
证券代码：002036 证券简称：汉麻产业 公告编号：2015-055

汉麻产业投资股份有限公司关于

归还部分用于暂时补充流动资金的募集资金的公告

本公司及董事会全体成员保证信息披露的内容真实、准确、完整，没有虚假记载、误导性陈述或重大遗漏。

汉麻产业投资股份有限公司（以下简称“公司”）于2015年4月28日召开的第五届董事会第十四次会议审议通过了《关于继续使用部分闲置募集资金暂时补充流动资金的议案》，继续使用不超过10,000万元闲置募集资金暂时补充流动资金，使用期限为本次董事会审议通过之日起12个月内【具体内容详见公司于2015年4月29日公告的《关于继续使用部分募集资金暂时补充流动资金的公告》（公告编号：2015-033）】。公司第五届董事会第十六次会议于2015年6月11日召开，根据募投项目投资进度情况，会议同意使用募集资金2,800万元继续向武汉汉麻生物科技有限公司增资。

根据上述情况，公司于2015年6月17日，将其中用于暂时补充流动资金的2,600万元归还至公司募集资金专户，并将该事项通知了公司保荐机构。至此，公司尚未到期的7,400万元闲置募集资金继续补充流动资金，到期将以自有资金归还至公司募集资金专用账户。

特此公告。

汉麻产业投资股份有限公司

董事会

2015年6月18日


[点击查看PDF原文]
提示：本网不保证其真实性和客观性，一切有关该股的有效信息，以交易所的公告为准，敬请投资者注意风险。"
差不多了，可惜我被联通套住了，要不然就全仓了，,"https://guba.eastmoney.com/news,002036,178298965.html",2015-06-17 21:58:27,差不多了，可惜我被联通套住了，要不然就全仓了，
尾盘必定拉升，要进的赶紧了,"https://guba.eastmoney.com/news,002036,178139208.html",2015-06-17 13:54:34,尾盘必定拉升，要进的赶紧了
6月以来是否有机构前来公司调研？都有哪些机构？,"https://guba.eastmoney.com/news,002036,915431604.html",2015-06-18 11:11:00,"6月以来是否有机构前来公司调研？都有哪些机构？
联创电子
联创电子：您好！6月以来未有机构前来公司调研。感谢您对公司的关注！
(来自深交所互动易)答复时间 2015-06-18 11:11:00"
主力赶紧出货，我掩护！,"https://guba.eastmoney.com/news,002036,178109240.html",2015-06-17 12:51:33,主力赶紧出货，我掩护！
大盘跌成这样 出货的 绝对是个2B 主力,"https://guba.eastmoney.com/news,002036,178054797.html",2015-06-17 10:48:45,大盘跌成这样 出货的 绝对是个2B 主力
庄家已经控盘?,"https://guba.eastmoney.com/news,002036,178052243.html",2015-06-17 10:45:39,庄家已经控盘?
"大家有货都可以出了,每天上去,下午都会下来的","https://guba.eastmoney.com/news,002036,178052937.html",2015-06-17 10:45:29,"大家有货都可以出了,每天上去,下午都会下来的"
庄家已经控盘了 这还看啥啊,"https://guba.eastmoney.com/news,002036,178050000.html",2015-06-17 10:41:59,庄家已经控盘了 这还看啥啊
"游资在掩护主力出货,","https://guba.eastmoney.com/news,002036,178049193.html",2015-06-17 10:40:48,"游资在掩护主力出货,"
2个字  加仓,"https://guba.eastmoney.com/news,002036,178041348.html",2015-06-17 10:31:10,2个字 加仓
爱咋地咋地，反正成本低,"https://guba.eastmoney.com/news,002036,177677236.html",2015-06-16 10:36:50,不想看了，有种跌回9元
大盘配合，庄家边洗边吸，筹码轻松吃饱，接下来会发生什么大家都明白了吧,"https://guba.eastmoney.com/news,002036,177826613.html",2015-06-16 15:38:24,大盘配合，庄家边洗边吸，筹码轻松吃饱，接下来会发生什么大家都明白了吧
保持好心态，今天是最痛苦的煎熬,"https://guba.eastmoney.com/news,002036,177628027.html",2015-06-16 09:24:41,保持好心态，今天是最痛苦的煎熬
如此逆势而为，是要封板吗,"https://guba.eastmoney.com/news,002036,177779487.html",2015-06-16 14:16:20,如此逆势而为，是要封板吗
主力你以为用点小筹码拉升胡龙你。耶耶呢啊,"https://guba.eastmoney.com/news,002036,177754443.html",2015-06-16 13:37:31,"主力你以为用点小筹码拉升
胡龙你。耶耶呢啊
"
开盘即是最低点,"https://guba.eastmoney.com/news,002036,177624967.html",2015-06-16 09:19:03,开盘即是最低点
　　今年5月25日，汉麻产业发公告称，联创电子将携28.5亿元资产借壳上市。复牌,"https://guba.eastmoney.com/news,002036,177602169.html",2015-06-16 07:12:47,"　　今年5月25日，汉麻产业发公告称，联创电子将携28.5亿元资产借壳上市。复牌后，汉麻产业股价一路上行，从不到10元一度涨至30元以上只是汉麻停牌的补涨，借壳上市这是蛇吞象的大重组，就禾盛新材停牌资材注入都涨成那样，汉麻后续怎么涨自己想……不坚定的赶紧下车一边看涨去，我反正坚持不下车了，誓与汉麻同在！

"
截止6月15日，股东人数为多少？望回复，谢谢了！,"https://guba.eastmoney.com/news,002036,915438293.html",2015-06-16 10:41:00,"截止6月15日，股东人数为多少？望回复，谢谢了！
联创电子
联创电子：您好！截止6月15日股东人数增加了。感谢您的关注！
(来自深交所互动易)答复时间 2015-06-16 10:41:00"
大盘已经运行到了非常关键的节点,"https://guba.eastmoney.com/news,002036,177129113.html",2015-06-14 15:24:42,"个人认为要么向上突破，要么重新杀回通道下轨
向上突破需要权重，不知权重能否启动，
汉麻下周一早盘头30分钟不能快速拉升，短线中线都建议出局。
本人下周计划是打新，动用资金100万左右，重点关注的股票是金海环境能否抢到（60元之下），同时关注中国平安及方正证券（关注不是买，谨防热点转移）
以上个人观点，模仿者风险自负"
借势洗盘，不要心慌。,"https://guba.eastmoney.com/news,002036,177582352.html",2015-06-15 23:32:21,请问此股不上，还有谁？触控、速照都是前景产业，不重组也就这价，重组还有意义吗？相信我吧，不是托。我大胆的说一声，50元不是你在做梦。除非重组失败，但失败也是20多。
我在28等着你,"https://guba.eastmoney.com/news,002036,177275790.html",2015-06-15 10:06:35,我在28等着你
重组材料什么时候上报证监会？,"https://guba.eastmoney.com/news,002036,915438336.html",2015-06-16 10:35:00,"重组材料什么时候上报证监会？
联创电子
联创电子：您好！重组材料正在加紧补充中，可于近日上报证监会。感谢您的关注！
(来自深交所互动易)答复时间 2015-06-16 10:35:00"
重组方案什么时候报证监会批准？大概还要多长时间完成重组，以联创电子名义重新上市。,"https://guba.eastmoney.com/news,002036,915438301.html",2015-06-16 10:40:00,"重组方案什么时候报证监会批准？大概还要多长时间完成重组，以联创电子名义重新上市。
联创电子
联创电子：您好！重组材料正在加紧补充中，可于近日上报证监会。感谢您的关注！
(来自深交所互动易)答复时间 2015-06-16 10:40:00"
都出货去打新去了,"https://guba.eastmoney.com/news,002036,177304728.html",2015-06-15 10:47:12,不是很强势的个股都会上攻乏力
联创电子承诺利润包括了联思触控技术的产生的利润吗?,"https://guba.eastmoney.com/news,002036,915438318.html",2015-06-16 10:38:00,"联创电子承诺利润包括了联思触控技术的产生的利润吗?
联创电子
联创电子：您好！详情请查阅《汉麻产业投资股份有限公司重大资产置换及发行股份购买资产并募集配套资金暨关联交易报告书（草案）摘要》。感谢您的关注！
(来自深交所互动易)答复时间 2015-06-16 10:38:00"
联思触控技术什么时候第一期投产?估计利润多大?全部国内销售吗?还是出口?,"https://guba.eastmoney.com/news,002036,915438326.html",2015-06-16 10:37:00,"联思触控技术什么时候第一期投产?估计利润多大?全部国内销售吗?还是出口?
联创电子
联创电子：您好！详情请查阅《汉麻产业投资股份有限公司重大资产置换及发行股份购买资产并募集配套资金暨关联交易报告书（草案）摘要》。感谢您的关注！
(来自深交所互动易)答复时间 2015-06-16 10:37:00"
联创电子承诺利润包括了马上投产的联思触控公司吗？,"https://guba.eastmoney.com/news,002036,915438412.html",2015-06-16 10:22:00,"联创电子承诺利润包括了马上投产的联思触控公司吗？
联创电子
联创电子：: 您好！本次置入资产按照收益法评估作价，为保证本次重大资产重组的置入资产盈利切实可靠，切实保障上市公司及广大股东的利益，联创电子全体股东承诺标的公司2015年、2016年、2017年实现的净利润（指扣除非经常性损益后归属于母公司股东所有的净利润，不含募集配套资金收益）分别不低于1.9亿元、2.5亿元、3.2亿元。感谢您对公司的关注！
(来自深交所互动易)答复时间 2015-06-16 10:22:00"
继续下，等你,"https://guba.eastmoney.com/news,002036,177313525.html",2015-06-15 11:00:02,继续下，等你
主力使劲  跌停,"https://guba.eastmoney.com/news,002036,177432280.html",2015-06-15 14:59:02,你到底能不能迪跌停！！！！！！！！！！！！！
头部确立，下午很可能跌停！小心。,"https://guba.eastmoney.com/news,002036,177357877.html",2015-06-15 12:45:21,如题
短期头部汉麻产业，千万小心,"https://guba.eastmoney.com/news,002036,177322383.html",2015-06-15 11:13:21,创业板中期头部明显感觉，管理层打压创业板，暴涨小盘股，汉麻产业短期获利过大，应具备调整需要
大盘将连续暴跌，汉麻后面将可能连续跌停！快跑！,"https://guba.eastmoney.com/news,002036,177316351.html",2015-06-15 11:04:06,如题
