标题,链接,发布时间,内容
找死的节奏,"https://guba.eastmoney.com/news,002359,622992762.html",2017-03-30 14:32:02,找死的节奏
昨日推荐的齐星，今天验证实力,"https://guba.eastmoney.com/news,002359,622948128.html",2017-03-30 13:27:57,昨日推荐的齐星，今天验证实力
质押了这么多股 肯定有问题,"https://guba.eastmoney.com/news,002359,622978284.html",2017-03-30 14:11:22,"拉高骗散户，配合大股东出货
大股东全部在大宗交易出货"
还没出货要自救……,"https://guba.eastmoney.com/news,002359,622972143.html",2017-03-30 14:02:01,还没出货要自救……
呵呵。还装逼 35,"https://guba.eastmoney.com/news,002359,622965760.html",2017-03-30 13:53:28,啥用呢。。你自己玩吧。。你看我会买一毛钱么
无论如何齐星集团卖出齐星铁塔股票或拉高后质押必选其一,"https://guba.eastmoney.com/news,002359,622961530.html",2017-03-30 13:47:28,你们好好掂量掂量
风险释放也是好事，看个股还是比较活跃,"https://guba.eastmoney.com/news,002359,622951555.html",2017-03-30 13:32:34,风险释放也是好事，看个股还是比较活跃
杭州弘业期货：橡胶空单持有,"https://guba.eastmoney.com/news,002359,622925065.html",2017-03-30 12:44:52,周五收涨概率大于收跌
铁塔你做到了,"https://guba.eastmoney.com/news,002359,622908256.html",2017-03-30 11:53:12,早上和昨晚都发了帖子 齐星铁塔是冠豪高新的模型你做到了齐星铁塔 只要下午大盘不出现恐慌性下跌你就没有事 铁塔你真做到了我心里很高兴 我的心情也好了许多 我是30.47进入的 后续加仓 然后曾经要放弃你去买别的后来一看不能放弃你 我一直留了底仓不过你还是没让我失望 谢谢齐星铁塔
怎么做空齐星铁塔,"https://guba.eastmoney.com/news,002359,622905823.html",2017-03-30 11:48:27,怎么做空齐星铁塔
客终将站在高岗上,"https://guba.eastmoney.com/news,002359,622905632.html",2017-03-30 11:48:06,客终将站在高岗上
别人恐惧时贪婪,"https://guba.eastmoney.com/news,002359,622905545.html",2017-03-30 11:47:12,别人恐惧时贪婪
太吓人了，不玩了,"https://guba.eastmoney.com/news,002359,622903894.html",2017-03-30 11:44:05,太吓人了，不玩了
内蒙华电融资标的沪港通一路一带概念股2017年将进入黄金发展期600863融资标的沪港通,"https://guba.eastmoney.com/news,002359,622897228.html",2017-03-30 11:34:06,内蒙华电融资标的沪港通一路一带概念股2017年将进入黄金发展期600863融资标的沪港通
妖股,"https://guba.eastmoney.com/news,002359,622886211.html",2017-03-30 11:18:50,妖妖股妖股妖股妖股妖股
《 美盈森  002303 大股东增持被套！机构被套30% 》,"https://guba.eastmoney.com/news,002359,622813558.html",2017-03-30 09:50:10,《美盈森002303 大股东增持被套！机构被套30% 》
什么跑 庄跑不出来，不拉价？,"https://guba.eastmoney.com/news,002359,622818918.html",2017-03-30 09:56:14,
再不强势封住涨停， 就有拉高出货嫌疑！就像昨天尾盘！,"https://guba.eastmoney.com/news,002359,622813094.html",2017-03-30 09:49:37,再不强势封住涨停， 就有拉高出货嫌疑！就像昨天尾盘！
涨停吧你,"https://guba.eastmoney.com/news,002359,622805505.html",2017-03-30 09:41:25,看好
今天热闹了,"https://guba.eastmoney.com/news,002359,622803731.html",2017-03-30 09:38:05,当年的宏磊股份，顾地科技，暴露了
还炒嘛！套住的全是机构大户多。明知扭亏无望还不断用资金堆積股价，这回真给炒作亏损,"https://guba.eastmoney.com/news,002359,622795256.html",2017-03-30 09:25:11,还炒嘛！套住的全是机构大户多。明知扭亏无望还不断用资金堆積股价，这回真给炒作亏损题材股的投資者上了堂生动实例课了！
齐星铁塔澄清媒体报道,"https://guba.eastmoney.com/news,002359,622610058.html",2017-03-29 19:19:45,"来源：中国证券网
　　齐星铁塔29日晚间公告，2017年3月28日，公司在网络上发现题为《齐星集团资金链断裂，36家金融机构存70亿信贷敞口》、《齐星集团资金链断裂，控股公司齐星铁塔或受牵连》的报道，报道中涉及公司的内容主要为：齐星集团有限公司控股的山东齐星铁塔科技股份有限公司于2010年2月10日在深圳证券交易所成功挂牌上市。
　　公司表示，报道中所称内容与公司事实不符。目前，公司的控股股东为龙跃实业集团有限公司，齐星集团有限公司持有公司12,800,000股股份，占公司总股本的3.07%，持股比例较低，对上市公司构不成控制关系。公司与齐星集团有限公司及其下属公司均不存在任何形式的互相担保。
（来源：中国证券网 2017-03-29 19:16）[点击查看原文]"
铁塔的股吧好像不是很火爆呢。请看我上一条帖子，铁塔是12年冠豪高新的模型，5年出,"https://guba.eastmoney.com/news,002359,622775155.html",2017-03-30 08:16:56,铁塔的股吧好像不是很火爆呢。请看我上一条帖子，铁塔是12年冠豪高新的模型，5年出现了一只，当时冠豪高新横盘500多天，齐星铁塔横盘294天，所以涨幅缩小也应该在55—60附近。再加上澄清公告这就证明了主力还想往上搞。
齐星铁塔:关于媒体报道的澄清公告,"https://guba.eastmoney.com/news,002359,622590298.html",2017-03-29 18:19:54,"公告日期：2017-03-30
证券代码：002359 证券简称：齐星铁塔 公告编号：2017-025



山东齐星铁塔科技股份有限公司



关于媒体报道的澄清公告



本公司及董事会全体成员保证信息披露的内容真实、准确、完整，没有虚假记载、误导性陈述或重大遗漏。



一、报道简述



2017年3月28日，山东齐星铁塔科技股份有限公司（以下简称“公司”）



在网络上发现题为《齐星集团资金链断裂，36家金融机构存70亿信贷敞口》、



《齐星集团资金链断裂，控股公司齐星铁塔或受牵连》的报道，报道中涉及公司的内容主要为：齐星集团有限公司控股的山东齐星铁塔科技股份有限公司于2010年2月10日在深圳证券交易所成功挂牌上市。



二、澄清声明



报道中所称内容与公司事实不符。针对上述报道内容，现澄清如下：



1、2014年12月25日，公司原控股股东齐星集团有限公司将其持有的公司



78,754,674 股股份在中国证券登记结算有限责任公司深圳分公司办理了过户登



记，将股份过户至龙跃实业集团有限公司，公司的控股股东变更为龙跃实业集团有限公司。目前，公司的控股股东依然为龙跃实业集团有限公司。



2、公司资产完整，人员、业务、财务、机构独立，具有健全的内部经营管理机构，独立行使经营管理职权，具有完整的业务体系和直接面向市场独立经营的能力，与控股股东、实际控制人及其控制的其他企业间没有机构混同的情形。



公司与齐星集团有限公司及其下属公司均不存在任何形式的互相担保。



3、目前，齐星集团有限公司持有公司12,800,000股股份，占公司总股本的3.07%，持股比例较低，对上市公司构不成控制关系。



公司董事会郑重提醒广大投资者：《证券时报》、《证券日报》、《中国证券报》、《上海证券报》为公司指定信息披露报刊，公司发布的信息以在上述指定信息披露报刊及巨潮资讯网刊登的公告为准，敬请广大投资者理性投资，注意风险。



特此公告。



山东齐星铁塔科技股份有限公司董事会



二〇一七年三月二十九日




[点击查看PDF原文]
提示：本网不保证其真实性和客观性，一切有关该股的有效信息，以交易所的公告为准，敬请投资者注意风险。
展开阅读全文"
这股怎么能涨到这样的股价的？,"https://guba.eastmoney.com/news,002359,622772733.html",2017-03-30 08:04:20,这股怎么能涨到这样的股价的？
齐星铁塔：与齐星集团不存在任何形式互相担保,"https://guba.eastmoney.com/news,002359,622649756.html",2017-03-29 20:55:05,"来源：证券时报网
　　齐星铁塔29日晚间发布澄清公告，公司28日在网络上发现题为《齐星集团资金链断裂，36家金融机构存70亿信贷敞口》、《齐星集团资金链断裂，控股公司齐星铁塔或受牵连》的报道，现公司澄清：2014年12月25日，公司原控股股东齐星集团有限公司将其持有的公司78,754,674股股份在中国证券登记结算有限责任公司深圳分公司办理了过户登记，将股份过户至龙跃实业集团有限公司，公司的控股股东变更为龙跃实业集团有限公司。目前，公司的控股股东依然为龙跃实业集团有限公司。
　　公司资产完整，人员、业务、财务、机构独立，具有健全的内部经营管理机构，独立行使经营管理职权，具有完整的业务体系和直接面向市场独立经营的能力，与控股股东、实际控制人及其控制的其他企业间没有机构混同的情形。公司与齐星集团有限公司及其下属公司均不存在任何形式的互相担保。
　　目前，齐星集团有限公司持有公司12,800,000股股份，占公司总股本的3.07%，持股比例较低，对上市公司构不成控制关系。
（来源：证券时报网 2017-03-29 20:50）[点击查看原文]"
一鼓作气 不要再吃不掉,"https://guba.eastmoney.com/news,002359,622729312.html",2017-03-30 02:09:29,走喽，感觉不妙， 不玩了。
主题：这个股有常识的人,"https://guba.eastmoney.com/news,002359,622727576.html",2017-03-30 01:55:01,都不参与！
今天出了～明白人看图,"https://guba.eastmoney.com/news,002359,622579128.html",2017-03-29 17:49:31,今天出了～明白人看图
注册制实行之时，就是该股价值归零之日，目前新股发行节奏加快，如同注册制发行节奏，,"https://guba.eastmoney.com/news,002359,622617436.html",2017-03-29 19:38:53,注册制实行之时，就是该股价值归零之日，目前新股发行节奏加快，如同注册制发行节奏，温水煮青蛙！垃圾股逐渐归零，风险慢慢聚集！
齐星铁塔是12年冠豪高新重现。万丰奥威跟随齐星铁塔的模式。,"https://guba.eastmoney.com/news,002359,622623871.html",2017-03-29 19:53:03,齐星铁塔是12年冠豪高新重现。万丰奥威跟随齐星铁塔的模式。
七星铁塔明日报复涨停！,"https://guba.eastmoney.com/news,002359,622724040.html",2017-03-30 01:29:05,七星铁塔明日报复涨停！
齐星铁塔:关于深圳证券交易所问询函回复的公告(2017/3/30),"https://guba.eastmoney.com/news,002359,622624783.html",2017-03-29 19:56:07,"公告日期：2017-03-30
证券代码：002359 证券简称：齐星铁塔 公告编号：2017-026



山东齐星铁塔科技股份有限公司



关于深圳证券交易所问询函回复的公告



本公司及董事会全体成员保证信息披露的内容真实、准确、完整，没有虚假记载、误导性陈述或重大遗漏。



山东齐星铁塔科技股份有限公司（以下简称“公司”）于2017年



3月22日收到深圳证券交易所《关于对山东齐星铁塔科技股份有限



公司的问询函》（中小板问询函【2017】第128号）。公司接到问询函



后高度重视，及时向控股股东、实际控制人及董监高人员，传达了问询函的内容，并要求相关单位及人员对问询函涉及的事项认真自查，现就相关回复公告如下：



1、根据深圳证券交易所《中小板上市公司信息披露公告格式第 9号——上市公司股票交易异常波动公告格式》的规定，关注、核实相关事项，确认是否存在应披露而未披露的重大信息，公司基本面是否发生重大变化。



回复：根据深圳证券交易所《中小板上市公司信息披露公告格式第9号——上市公司股票交易异常波动公告格式》的规定，经公司核查，截至本回复披露日，公司不存在应披露而未披露的对股价有重大影响的事项，公司基本面未发生重大变化。



2、根据深圳证券交易所《中小企业板上市公司规范运作指引（2015 年修订）》的相关规定，向公司控股股东书面函询，说明股东 及实际控制人是否计划对你公司进行股权转让、资产重组以及其他对公司有重大影响的事项；其已披露的可能推出的上述计划的进展情况及后续安排等，并要求其书面回复。



回复：公司于2017年3月22日向控股股东龙跃实业集团有限公



司（以下简称“龙跃集团”）及实际控制人赵晶女士书面核实：截至本回复披露日，龙跃集团及赵晶女士未计划对公司进行对股价有重大影响的事项，包括但不限于重大资产重组、股份发行、股权转让、业务重组、资产剥离和资产注入等。



3、根据深圳证券交易所《中小企业板上市公司规范运作指引（2015年修订）》的相关规定，说明近 6个月以来接待机构和个人投资者调研的情况，并自查是否存在违反公平披露原则的事项。



回复：公司近6个月未接待机构和个人投资者调研。若公司接待



机构和个人投资者调研，公司会对调研、沟通内容进行详细记载，形成书面记录，并在投资者互动易上进行及时披露，公司不存在违反公平披露原则的事项。



4、你公司董事、监事、高级管理人员及其直系亲属是否存在买卖你公司股票的行为，是否存在涉嫌内幕交易的情形。



回复：经核实，近6个月，公司董事、监事、高级管理人员及其



直系亲属未买卖本公司股票，不存在涉嫌内幕交易的行为。



5、你公司董事、监事、高级管理人员在实际控制人变更公告披露后至今减持公司股票的详细情况，说明减持的原因及合规性。



回复：2014年12月25日，公司原控股股东齐星集团有限公司



将其持有的公司78,754,674股股份在中国证券登记结算有限责任公



司深圳分公司办理了过户登记，将股份过户至龙跃实业集团有限公司，龙跃集团成为公司控股股东。



公司现任董事、监事、高级管理人员，自2014年12月25日至



今，除张志国（监事张诚父亲）于2015年9月25日从二级市场以



18.18元/股购买公司200股股份外，其余人员均未买卖公司股票。



6、你公司认为应予说明的其他事项。



回复：截至本回复披露日，公司无应予说明的其他事项。公司将严格遵守《公司法》、《证券法》、《深圳证券交易所股票上市规则》等相关规定，及时、真实、准确、完整地履行信息披露义务。



公司郑重提醒广大投资者，有关公司信息请以公司指定媒体《证券时报》、《证券日报》、《中国证券报》、《上海证券报》及巨潮资讯网刊登的相关公告为准。敬请广大投资者理性投资，注意投资风险。



特此公告。



山东齐星铁塔科技股份有限公司董事会



二〇一七年三月二十九日




[点击查看PDF原文]
提示：本网不保证其真实性和客观性，一切有关该股的有效信息，以交易所的公告为准，敬请投资者注意风险。
展开阅读全文"
呵呵，大邹平这次火了！邹平的上市公司都受牵连！,"https://guba.eastmoney.com/news,002359,622687790.html",2017-03-29 22:37:09,呵呵，大邹平这次火了！邹平的上市公司都受牵连！
呵呵 吧里一堆注册7天的号,"https://guba.eastmoney.com/news,002359,622686111.html",2017-03-29 22:31:47,不停的发帖子 刷帖子 顶自己的帖子 真是辛苦你们了
这个龙虎榜 这个大宗交易 这个媒体澄清不就是摆在面上给你看的嘛,"https://guba.eastmoney.com/news,002359,622683898.html",2017-03-29 22:24:13,今天这走势不就是典型的温州帮手法嘛 看之前每日的分时图也很明显啊 就是温州帮操盘啊
成交量缓慢放大，股价慢慢推高，成交量在近期的,"https://guba.eastmoney.com/news,002359,622614572.html",2017-03-29 19:31:42,成交量缓慢放大，股价慢慢推高，成交量在近期的Ｋ线图上，形成了一个状似土堆的形态，堆得越漂亮
最后5分钟还是入袋为安了,"https://guba.eastmoney.com/news,002359,622502996.html",2017-03-29 14:59:15,走了
俺57出19元买如通，36卖亚振，买裕兴300305，11.7,"https://guba.eastmoney.com/news,002359,622666857.html",2017-03-29 21:38:01,俺57出19元买如通，36卖亚振，买裕兴300305，11.7
洗刷刷呀！[胜利],"https://guba.eastmoney.com/news,002359,622656512.html",2017-03-29 21:12:23,主力疯狂出货啊！这是怎么了?
澄清了哈哈,"https://guba.eastmoney.com/news,002359,622654804.html",2017-03-29 21:07:50,吓我一大跳，虚惊一场
今晚出公告澄清 今晚出公告澄清 今晚出公告澄清 重要的事情说三遍,"https://guba.eastmoney.com/news,002359,622518192.html",2017-03-29 15:25:03,"今晚出公告澄清
今晚出公告澄清
今晚出公告澄清
重要的事情说三遍"
"经验显示,市场自己会说话,市场永远是对的,凡是轻视市场能力的人,终究会吃亏的!","https://guba.eastmoney.com/news,002359,622649946.html",2017-03-29 20:54:47,"
经验显示,市场自己会说话,市场永远是对的,凡是轻视市场能力的人,终究会吃亏的! (即：顺势而为)"
澄清与虚汗一场！[滴汗],"https://guba.eastmoney.com/news,002359,622639873.html",2017-03-29 20:33:08,澄清与虚汗一场！
散户动脑想想，还有什么留恋的，此股价值为零！不信走着瞧！辉山乳业就是例证,"https://guba.eastmoney.com/news,002359,622614314.html",2017-03-29 19:30:14,散户动脑想想，还有什么留恋的，此股价值为零！不信走着瞧！辉山乳业就是例证
只有人买，却没有人卖，所以又急剧缩量,"https://guba.eastmoney.com/news,002359,622613796.html",2017-03-29 19:29:55,只有人买，却没有人卖，所以又急剧缩量。缩量一般发生在趋势的中期，大家都对后市走势十分认同
媒体报道不负责任！,"https://guba.eastmoney.com/news,002359,622615010.html",2017-03-29 19:32:46,借用长者一句话，“将来报道上有偏差，你们要负责的！”
堆得越漂亮，就越可能产生大行情,"https://guba.eastmoney.com/news,002359,622614710.html",2017-03-29 19:32:04,堆得越漂亮，就越可能产生大行情。相反，在高位的堆量表明主力已不想玩了，在大举出货。
当主力意欲拉升时，常把成交量做得非常漂亮,"https://guba.eastmoney.com/news,002359,622614475.html",2017-03-29 19:31:18,当主力意欲拉升时，常把成交量做得非常漂亮，几日或几周以来，成交量缓慢放大，股价慢慢推高　当主力意欲拉升时，常把成交量做得非常漂亮，几日或几周以来，成交量缓慢放大，股价慢慢推高
，控盘主力利用手中的筹码大手笔对敲放出天量,"https://guba.eastmoney.com/news,002359,622614365.html",2017-03-29 19:30:48,，控盘主力利用手中的筹码大手笔对敲放出天量，是非常简单的事。只要分析透了主力的用意，也就可以将计就计。
市场各方力量对后市分歧逐渐加大，在一部分人,"https://guba.eastmoney.com/news,002359,622614217.html",2017-03-29 19:30:42,市场各方力量对后市分歧逐渐加大，在一部分人坚决看空后市时，另一部分人却对后市坚决看好
放量一般发生在市场趋势发生转折的转折点处,"https://guba.eastmoney.com/news,002359,622614117.html",2017-03-29 19:30:38,放量一般发生在市场趋势发生转折的转折点处，市场各方力量对后市分歧逐渐加大，在一部分人坚决看空后市时
一些人纷纷把家底甩出，另一部分人却在大手笔吸纳,"https://guba.eastmoney.com/news,002359,622614284.html",2017-03-29 19:30:16,一些人纷纷把家底甩出，另一部分人却在大手笔吸纳。放量相对于缩量来说，有很大的虚假成份
上涨缩量，碰到这种情况，就应坚决买进,"https://guba.eastmoney.com/news,002359,622614037.html",2017-03-29 19:30:14,上涨缩量，碰到这种情况，就应坚决买进，坐等获利，等股价上冲乏力，有巨量放出的时候再卖出。
等量缩到一定程度，开始放量上攻时再买入,"https://guba.eastmoney.com/news,002359,622613945.html",2017-03-29 19:30:09,等量缩到一定程度，开始放量上攻时再买入。同样，上涨缩量，碰到这种情况，就应坚决买进，
缩量是指市场成交极为清淡，大部分人对市场后期,"https://guba.eastmoney.com/news,002359,622613640.html",2017-03-29 19:29:32,缩量是指市场成交极为清淡，大部分人对市场后期走势十分认同，意见十分一致
一是市场人士都十分看淡后市，造成只有人卖,"https://guba.eastmoney.com/news,002359,622613714.html",2017-03-29 19:29:24,一是市场人士都十分看淡后市，造成只有人卖，却没有人买，所以急剧缩量；二是，市场人士都对后市十分看好
所谓成交，当然是有买有卖才会达成,"https://guba.eastmoney.com/news,002359,622613497.html",2017-03-29 19:29:01,所谓成交，当然是有买有卖才会达成，光有买或光有卖绝对达不成成交。成交必然是一部分人所谓成交，当然是有买有卖才会达成，光有买或光有卖绝对达不成成交。成交必然是一部分人
缩量一般发生在趋势的中期，大家都对后市走势十分认同,"https://guba.eastmoney.com/news,002359,622613873.html",2017-03-29 19:28:49,缩量一般发生在趋势的中期，大家都对后市走势十分认同，下跌缩量，碰到这种情况，就应坚决出局，等量缩到一定程度，开始放量上攻时再买入。
成交必然是一部分人看空后市，另外一部分人看多,"https://guba.eastmoney.com/news,002359,622613561.html",2017-03-29 19:28:01,成交必然是一部分人看空后市，另外一部分人看多后市，造成巨大的分歧，又各取所需，才会成交。
齐星集团资金链断裂 控股公司齐星铁塔或受牵连，建议短线获利了结,"https://guba.eastmoney.com/news,002359,622426501.html",2017-03-29 13:07:01,3月28日消息，继山东长星集团有限公司破产重整后，山东省滨州市邹平县另一家大型企业也走在濒临破产的边缘。齐星集团有限公司日前因资金链断裂，大量银行贷款到期无法偿还，当地正组织金融机构成立债权人委员会来统一处理债权事宜。目前该股已经创新高，可以获利了结了。
购买北讯100%股权千万别那么快停牌，跑不赢高利贷呀,"https://guba.eastmoney.com/news,002359,622600041.html",2017-03-29 18:50:30,购买北讯100%股权千万别那么快停牌，跑不赢高利贷呀
改个名吧，一大波误伤正在来袭。。。,"https://guba.eastmoney.com/news,002359,622570999.html",2017-03-29 17:27:53,[不屑]
看来龙跃可以考虑把铁塔的名字更改下了，无辜呀。,"https://guba.eastmoney.com/news,002359,622594392.html",2017-03-29 18:32:12,看来龙跃可以考虑把铁塔的名字更改下了，无辜呀。
齐星铁塔：齐星集团持股比例较低 对公司构不成控制关系,"https://guba.eastmoney.com/news,002359,622591578.html",2017-03-29 18:23:31,"来源：证券时报
　　 齐星铁塔发布澄清公告称，目前，齐星集团有限公司持有公司1280万股股份，占公司总股本的3.07%，持股比例较低，对公司构不成控制关系。公司与齐星集团及其下属公司均不存在任何形式的互相担保。2014年12月25日，公司原控股股东齐星集团将其持有的公司78754674股过户至龙跃实业集团有限公司，公司控股股东变更为龙跃实业集团有限公司。
（来源：证券时报 2017-03-29 18:20）[点击查看原文]"
无辜躺枪,"https://guba.eastmoney.com/news,002359,622556099.html",2017-03-29 16:51:05,齐星集团在2014年就已经把齐星铁塔出售，目前齐星铁塔大股东为龙跃投资。齐星集团也就占那一点1280W股份，就算全部清光，按现在也就值4E多，还差几十E才够填洞
36.8出了，30%的利，感谢主力,"https://guba.eastmoney.com/news,002359,622542785.html",2017-03-29 16:20:41,36.8出了，30%的利，感谢主力
欣泰，墨龙，辉山，齐星,"https://guba.eastmoney.com/news,002359,622317175.html",2017-03-29 09:47:20,"欣泰，墨龙，辉山，齐星
金融系统性风险要回避！
资金链断裂是罪可怕的，
连日常支出都借钱，
那还有多于资金拉升，
只有卖股票套现！"
郭树清辞去山东省省长，孙伟、张务锋辞去山东省副省长。,"https://guba.eastmoney.com/news,002359,622541352.html",2017-03-29 16:16:55,"郭树清辞去山东省省长职务的请求，接受孙伟、张务锋辞去山东省副省长职务的请求。
滨州金融系统性风险紧迫， 这时候辞职， 不好吧！！！"
跑了铁塔，买的西西[鼓掌][鼓掌][鼓掌],"https://guba.eastmoney.com/news,002359,622540929.html",2017-03-29 16:16:30,跑了铁塔，买的西西
这就是齐星集团出货了，已经没他的事了。幸亏出来观望了！[鼓掌],"https://guba.eastmoney.com/news,002359,622539522.html",2017-03-29 16:12:44,这就是齐星集团出货了，已经没他的事了。幸亏出来观望了！
明天会反抽吗,"https://guba.eastmoney.com/news,002359,622516324.html",2017-03-29 15:20:49,拭目以待。
齐星铁塔与齐星集团公司没有债务债权关系，只是齐星集团还持有齐星铁塔的一点股份而已,"https://guba.eastmoney.com/news,002359,622520348.html",2017-03-29 15:28:25,齐星铁塔与齐星集团公司没有债务债权关系，只是齐星集团还持有齐星铁塔的一点股份而已！
跳水  咋回事,"https://guba.eastmoney.com/news,002359,622490147.html",2017-03-29 14:42:41,主力不按常路出牌
尾盘放量不是很大 明天企稳概率大,"https://guba.eastmoney.com/news,002359,622523676.html",2017-03-29 15:37:20,先抑后扬
没跌停[大笑][大笑],"https://guba.eastmoney.com/news,002359,622519407.html",2017-03-29 15:26:55,没跌停
齐星集团负债上百亿对齐星铁塔有很大影响吗,"https://guba.eastmoney.com/news,002359,622518092.html",2017-03-29 15:24:32,"齐星集团负债上百亿对齐星铁塔有很大影响吗？
北讯退
齐星铁塔：公司与齐星集团没有互相担保，齐星集团持有公司股份较少，其负债对公司造不出重大影响。
答复时间 2017-04-10 11:34:00"
齐星集团只持有齐星铁塔3.07%的股份，大股东是龙跃资本。严格来说齐星集团的债务,"https://guba.eastmoney.com/news,002359,622515303.html",2017-03-29 15:19:00,齐星集团只持有齐星铁塔3.07%的股份，大股东是龙跃资本。严格来说齐星集团的债务与齐星铁塔不沾边。
齐星资金链断裂、持有公司1280万股！[滴汗],"https://guba.eastmoney.com/news,002359,622154112.html",2017-03-28 21:11:12,齐星资金链断裂、持有公司1280万股！
乌龙指,"https://guba.eastmoney.com/news,002359,622492021.html",2017-03-29 14:45:23,乌龙指
筹码一松动今天进场的最高点小心站岗,"https://guba.eastmoney.com/news,002359,622477962.html",2017-03-29 14:24:30,
走吧，明天也强不了,"https://guba.eastmoney.com/news,002359,622500805.html",2017-03-29 14:56:47,走吧，明天也强不了
会不会一根线砸停[想一下],"https://guba.eastmoney.com/news,002359,622488535.html",2017-03-29 14:40:09,会不会一根线砸停
啧啧啧 简直可怕[大笑][大笑][大笑],"https://guba.eastmoney.com/news,002359,622495928.html",2017-03-29 14:49:48,啧啧啧 简直可怕
跑,"https://guba.eastmoney.com/news,002359,622494240.html",2017-03-29 14:48:21,最后的逃跑机会
"早已收益超300%，大庄家在自己玩，就小心吧,","https://guba.eastmoney.com/news,002359,622492440.html",2017-03-29 14:45:20,早已收益超涨300%，大庄家在自己玩，就小心吧
跑路,"https://guba.eastmoney.com/news,002359,622492281.html",2017-03-29 14:45:08,跑路
齐星铁塔搞好是只牛股，搞不好..,"https://guba.eastmoney.com/news,002359,622492078.html",2017-03-29 14:45:01,齐星铁塔搞好是只牛股，搞不好..
哈哈 十分钟就直接打跌停,"https://guba.eastmoney.com/news,002359,622491169.html",2017-03-29 14:44:00,哈哈 十分钟就直接打跌停
断头铡走势 3板打底,"https://guba.eastmoney.com/news,002359,622490463.html",2017-03-29 14:42:57,断头铡走势 3板打底
厉害了这一下 [想一下][滴汗],"https://guba.eastmoney.com/news,002359,622489385.html",2017-03-29 14:41:10,"厉害了这一下
"
市净率17， 这个铁塔高度比得上巴黎的了,"https://guba.eastmoney.com/news,002359,622299035.html",2017-03-29 09:14:46,从上面跳下来是什么感觉
早上吓跑了不少人吧,"https://guba.eastmoney.com/news,002359,622434584.html",2017-03-29 13:21:32,早上吓跑了不少人吧
上证在玩过山车,"https://guba.eastmoney.com/news,002359,622415797.html",2017-03-29 12:32:26,主力一直在流入，骗散户筹码
妖孽,"https://guba.eastmoney.com/news,002359,622392284.html",2017-03-29 11:29:33,妖孽
齐星集团破产了，塔塔竟然这么牛？,"https://guba.eastmoney.com/news,002359,622358902.html",2017-03-29 10:39:40,齐星集团破产了，塔塔竟然这么牛？
最好不要回头！,"https://guba.eastmoney.com/news,002359,621617063.html",2017-03-27 18:26:43,一鼓作气 不要再吃不掉
那么多负面消息居然一直涨,"https://guba.eastmoney.com/news,002359,622344077.html",2017-03-29 10:19:59,那么多负面消息居然一直涨
和西部建设一样的牛股,"https://guba.eastmoney.com/news,002359,622339008.html",2017-03-29 10:14:52,总龙头慢牛，买了没
提前下车了,"https://guba.eastmoney.com/news,002359,622050619.html",2017-03-28 16:47:56,提前下车了
有争议的股利空利好会拉锯,"https://guba.eastmoney.com/news,002359,622325316.html",2017-03-29 09:58:29,
打电话举报,"https://guba.eastmoney.com/news,002359,622303762.html",2017-03-29 09:25:23,比黑社会还黑，坑钱的玩意
被割的死死的,"https://guba.eastmoney.com/news,002359,621637469.html",2017-03-27 19:34:03,洗刷刷呀！
今天涨停吗?,"https://guba.eastmoney.com/news,002359,622298427.html",2017-03-29 09:13:17,今天涨停吗?
齐星集团的事情和齐星铁塔有毛关系？齐星铁塔的控股股东是龙跃集团。齐星集团只持有齐,"https://guba.eastmoney.com/news,002359,622273835.html",2017-03-29 07:35:13,齐星集团的事情和齐星铁塔有毛关系？齐星铁塔的控股股东是龙跃集团。齐星集团只持有齐星铁塔1280股，3·07％第四大流通股东，最坏的结果就是法院冻结齐星集团持有的1280万股，媒体新闻就是制造恐慌的，媒体新闻什么都没搞懂就不负责任乱说话。
气死了,"https://guba.eastmoney.com/news,002359,622292839.html",2017-03-29 08:57:05,11.3的本，持股多日，第一波12.7没卖，昨天下来受不了了，11.45卖了，他m今天又上去了，不气死才怪呢。
我是齐星附近的，齐醒资金链断了，明天有好戏，,"https://guba.eastmoney.com/news,002359,622178586.html",2017-03-28 22:17:02,我是齐星附近的，齐醒资金链断了，明天有好戏，
齐星集团资金链断裂，股价高位，明天开始不知道多少个跌停板。可怜的小散们，愿天保佑你们,"https://guba.eastmoney.com/news,002359,622174702.html",2017-03-28 22:06:42,齐星集团资金链断裂，股价高位，明天开始不知道多少个跌停板。可怜的小散们，愿天保佑你们
齐星铁塔和齐星集团不是一回事,"https://guba.eastmoney.com/news,002359,622152522.html",2017-03-28 21:06:28,仅仅占三个点股份而已
最大白菜价黑马必*钢宏兴惊天低价低,"https://guba.eastmoney.com/news,002359,622272618.html",2017-03-29 07:27:35,"电子元器件作为电子信息制造业基础性产品,未来"
承认齐心集团占三点几的股份吧，那你认为这三点几的股份不足以导致明天的杀跌吗？,"https://guba.eastmoney.com/news,002359,622196811.html",2017-03-28 23:13:19,承认齐心集团占三点几的股份吧，那你认为这三点几的股份不足以导致明天的杀跌吗？
002359明天还会板。开盘再买8000股,"https://guba.eastmoney.com/news,002359,622201922.html",2017-03-28 23:32:31,002359明天还会板。开盘再买8000股，股价会到150
"Gtja227002,身高一米六的上海小男人，矮矬穷一个，哈哈，在家受气包也就在","https://guba.eastmoney.com/news,002359,622044326.html",2017-03-28 16:33:01,"Gtja227002,身高一米六的上海小男人，矮矬穷一个，哈哈，在家受气包也就在这股吧找点存在感罢了。"
齐星铁塔，强庄股，末日不远！大股东的增持就是为了维持股价，铁塔业务和立体车库业务,"https://guba.eastmoney.com/news,002359,622172402.html",2017-03-28 21:58:38,齐星铁塔，强庄股，末日不远！大股东的增持就是为了维持股价，铁塔业务和立体车库业务都是幌子，不赚钱的资产。唯一期待的是那个三流电讯公司的注入，北讯的盈利能力不强，盈利模式不清晰，吹牛承诺2017年4.7亿净利。以增发后算，250亿左右市值，简直天价，最多50亿吧！在此价位交易的买家基于什么出价如此高？
感谢主力 回头想想这一个多月真是煎熬 ,"https://guba.eastmoney.com/news,002359,622175414.html",2017-03-28 22:08:24,大A市场后半周起将全方位
和气生财，尊重别人就是尊重你自己。,"https://guba.eastmoney.com/news,002359,622170692.html",2017-03-28 21:54:22,
和气生财，尊重别人就是尊重你自己。66666666,"https://guba.eastmoney.com/news,002359,622168328.html",2017-03-28 21:48:15,
看好立体停车场，这是每个大、中、小城市急待解决的停车难题[赞],"https://guba.eastmoney.com/news,002359,622141274.html",2017-03-28 20:40:05,看好立体停车场，这是每个大、中、小城市急待解决的停车难题
散户不知道死活往里冲,"https://guba.eastmoney.com/news,002359,614024573.html",2017-03-05 04:49:18,上午好好的捨不得出
有好戏看了，等着看戏[围观],"https://guba.eastmoney.com/news,002359,622111573.html",2017-03-28 19:25:12,有好戏看了，等着看戏
又玩昨天那一套,"https://guba.eastmoney.com/news,002359,622103615.html",2017-03-28 19:02:32,主力一直在流入，骗散户筹码
用什么业绩支撑,"https://guba.eastmoney.com/news,002359,621896700.html",2017-03-28 11:25:47,
大家不要再有任何幻想了！会很惨的！,"https://guba.eastmoney.com/news,002359,615839651.html",2017-03-10 06:47:41,集合竞价没进郁闷死了.........
散户不知道死活往里冲,"https://guba.eastmoney.com/news,002359,617543719.html",2017-03-15 16:06:00,散户不知道死活往里冲
还要大跌  快跑 免得被套 让大跌来的更猛烈些吧,"https://guba.eastmoney.com/news,002359,586804384.html",2017-01-10 14:57:46,还要大跌 快跑 免得被套 让大跌来的更猛烈些吧 套死买入的 套死买入的 套死买入的 哈哈哈哈
跑跑跑 前浪已死在沙滩上,"https://guba.eastmoney.com/news,002359,619270305.html",2017-03-21 09:39:37,跑跑跑 前浪已死在沙滩上
缩量反弹以减仓为主，静待大盘放量或回踩关键支撑企稳后再操作。,"https://guba.eastmoney.com/news,002359,619040315.html",2017-03-20 16:41:32,"缩量反弹以减仓为主，静待大盘放量或回踩关键支撑企稳后再操作。
"
收盘绿盘，今天就是墓碑线,"https://guba.eastmoney.com/news,002359,621511617.html",2017-03-27 14:21:21,砸盘的狗比散开！！！
成交量较少,"https://guba.eastmoney.com/news,002359,621865115.html",2017-03-28 10:39:47,成交量较少
不好猪肉荣来了,"https://guba.eastmoney.com/news,002359,621856172.html",2017-03-28 10:26:29,不好猪肉荣来了
快跑，头也不回地跑，再也不要回来,"https://guba.eastmoney.com/news,002359,621825683.html",2017-03-28 09:43:34,
齐星铁塔,"https://guba.eastmoney.com/news,002359,621850134.html",2017-03-28 10:17:20,这支股疯涨。。。大盘不起，铁塔不倒。
新高了，牛逼股[赞],"https://guba.eastmoney.com/news,002359,621793004.html",2017-03-28 08:21:01,新高了，牛逼股
横有多长，竖有多高，现在只是在半路上,"https://guba.eastmoney.com/news,002359,621788547.html",2017-03-28 08:04:23,横有多长，竖有多高，现在只是在半路上
你也加油，这波洗干净了,"https://guba.eastmoney.com/news,002359,621753053.html",2017-03-28 03:29:51,以为是你家的底部，没想到你家下面还有个菜窖！
[大笑],"https://guba.eastmoney.com/news,002359,620428048.html",2017-03-23 19:34:19,
大A市场后半周起将全方位,"https://guba.eastmoney.com/news,002359,621693395.html",2017-03-27 21:53:03,六块回来看大家，拜
30.4大宗交易，是好还是坏,"https://guba.eastmoney.com/news,002359,621580643.html",2017-03-27 16:43:45,30.4大宗交易，是好还是坏
无人问津好股，下周必创新高。,"https://guba.eastmoney.com/news,002359,620989619.html",2017-03-25 07:18:18,无人问津好股，下周必创新高。
一鼓作气 不要再吃不掉,"https://guba.eastmoney.com/news,002359,621611597.html",2017-03-27 18:09:05,主力一直在流入，骗散户筹码
散户不敢进的行情…,"https://guba.eastmoney.com/news,002359,621475782.html",2017-03-27 13:18:49,散户不敢进的行情…
那些在等回调到30的人呢？,"https://guba.eastmoney.com/news,002359,621366310.html",2017-03-27 09:38:08,那些在等回调到30的人呢？
黄冈,"https://guba.eastmoney.com/news,002359,621440444.html",2017-03-27 11:33:22,结合
这股票怎么看怎么会破位下行，目前所有的技术指标全部走坏，我就不明白了，你们非要等,"https://guba.eastmoney.com/news,002359,233928596.html",2015-12-22 09:50:50,这股票怎么看怎么会破位下行，目前所有的技术指标全部走坏，我就不明白了，你们非要等到放量破位到29左右再跑吗？30以上回晃晃悠悠的缓跌，一旦破了30将会快去下跌到25附近，春节前就这样了，25附近盘整等待消息吧，奉劝大家不要留恋
下支中国华神出现了，高估息个股000600建投能源，低价+低市盈率(7倍左右)+,"https://guba.eastmoney.com/news,002359,621375387.html",2017-03-27 09:51:21,下支中国华神出现了，高估息个股000600建投能源，低价+低市盈率(7倍左右)+中盘股+国企改革+电力改革+高分红(现价买进后利息高达5%且提前半年拿到利息相当于年利息高达7.5%)+高送转(公司N年没有送转股了)+原工持股(9元左右)+高机构持股(机构持股高达72%)一般机构持股时间高达一年以上才有行情+关停小火电厂(河北将关停30万以下的火电站，旦该股全部在50万以上的，该股今年业绩大增)+减持股(4月20减持前将有大动作)+打新股首选(可长年持有该股用来打新，每年分红就比银行强，中新股后又有一笔收人)+持河北银行股1亿股(今年河北银行发行上市将给该企业增厚4亿元左右的业绩)+增发失败(去年的增发价就是11元多)+该企业承诺三年内高送转红股(这是2015年的承诺)今年是最后一年+控股10%核电+本月29日就出年报了。
明天开始可以吃肉了,"https://guba.eastmoney.com/news,002359,621286300.html",2017-03-26 22:15:13,明天开始可以吃肉了
不影响齐星铁塔2015 年非公开发行股票的交易定,"https://guba.eastmoney.com/news,002359,621028012.html",2017-03-25 10:58:51,"二、新评估报告对本次收购的影响
受标的公司根据实际经营情况对收入、成本、费用的更新影响，新评估报告
的标的公司全部股东权益评估值为 366,268.24 万元，较原评估报告的标的公司
全部股东权益评估值增加 11,174.96 万元。新评估报告不涉及对公司的重大不利
变化，不影响齐星铁塔 2015 年非公开发行股票的交易定价。"
分级诊疗改革：下一个确定性机遇,"https://guba.eastmoney.com/news,002359,621096576.html",2017-03-25 17:37:53,"近期可关注： 002518,002171,300421,002091,600"
今日沪市成交量1663&#39;，开盘微幅低开震荡走,"https://guba.eastmoney.com/news,002359,621040124.html",2017-03-25 11:58:06,大盘面临方向选择 关注无人驾驶概念
先跌倒20，亏死进来抢钱的，不行跌倒18反正我成本7。一个铁塔老股民的心声,"https://guba.eastmoney.com/news,002359,609831497.html",2017-02-17 15:46:38,先跌倒20，亏死进来抢钱的，不行跌倒18反正我成本7。一个铁塔老股民的心声
买卖不是一个级别啊[为什么][为什么][为什么],"https://guba.eastmoney.com/news,002359,620613350.html",2017-03-24 10:07:56,买卖不是一个级别啊
感谢主力 回头想想这一个多月真是煎熬 ,"https://guba.eastmoney.com/news,002359,620613012.html",2017-03-24 10:07:28,几万手压单，主力又在吓唬人了
市场分化严重一类股受追捧,"https://guba.eastmoney.com/news,002359,620533763.html",2017-03-24 03:33:45,"市场分化严重一类股受追捧
"
周五美股总结耶伦称“近几个月升息可能性增强”,"https://guba.eastmoney.com/news,002359,620522651.html",2017-03-24 01:33:24,若您的亲朋没有没房住的，但多套房的却是不少，
圣鲁夫虽然水平有限，但是肯公开发表个人观点，勇气可嘉！,"https://guba.eastmoney.com/news,002359,620020035.html",2017-03-22 22:10:20,圣鲁夫虽然水平有限，但是肯公开发表个人观点，勇气可嘉！
短期目标，近50元。锁仓长期看涨至100。牛散进驻，目前震荡，珍惜加仓机会,"https://guba.eastmoney.com/news,002359,620370565.html",2017-03-23 16:49:22,短期目标，近50元。锁仓长期看涨至100。牛散进驻，目前震荡，珍惜加仓机会
只能说运气差，每次要破前高都碰到大盘跳水，可惜啊,"https://guba.eastmoney.com/news,002359,620268051.html",2017-03-23 13:40:05,只能说运气差，每次要破前高都碰到大盘跳水，可惜啊
明天还会涨吗？,"https://guba.eastmoney.com/news,002359,618932365.html",2017-03-20 12:54:40,猜猜看？
齐星铁塔:关于公司股东股权质押的公告,"https://guba.eastmoney.com/news,002359,620207082.html",2017-03-23 11:42:39,"公告日期：2017-03-23
证券代码：002359 证券简称：齐星铁塔 公告编号：2017-024



山东齐星铁塔科技股份有限公司



关于公司股东股权质押的公告



本公司及董事会全体成员保证信息披露的内容真实、准确、完整，没有虚假记载、误导性陈述或重大遗漏。



2017年3月22日，山东齐星铁塔科技股份有限公司（以下简称“公司”）收到公司股东吕清明先生的通知，吕清明先生将其持有的本公司股权中的



7,500,000股进行质押，具体情况如下：



一、股东股份质押的基本情况



1、股东股份质押基本情况



是否为第一大 本次质押占



质押开 质押到期



股东名称 股东及一致行 质押股数 质权人 其所持股份 用途



（股） 始日期 日期



动人 比例（%）



至申请解



2017年3 招商证券股 资金



吕清明 否 7,500,000 除质押之 16.21



月22日 份有限公司 需求



日止



合计 —— 7,500,000 —— —— —— 16.21 ——



2、股东股份累计被质押的情况



截至本公告披露日，吕清明先生共持有公司股份46,254,268 股，占公司总



股本的11.10%。其中，累计质押公司股份数为32,187,500股，占其所持股份比例69.59%，占公司总股本的7.72%。



特此公告。



山东齐星铁塔科技股份有限公司董事会



二○一七年三月二十三日




[点击查看PDF原文]
提示：本网不保证其真实性和客观性，一切有关该股的有效信息，以交易所的公告为准，敬请投资者注意风险。
展开阅读全文"
熬不住了，换了充电桩的002518和多佛多了,"https://guba.eastmoney.com/news,002359,205961445.html",2015-10-12 10:10:45,熬不住了，换了充电桩的002518和多佛多了
