标题,链接,发布时间,内容
我的欧菲光怎么成交的？,"https://guba.eastmoney.com/news,002456,960955410.html",2020-09-02 08:17:48,"我的欧菲光怎么成交的？股票交易程序设置是否有失公平原则？真的要把我们散户赶出这个市场吗？
2020年九月一日早上看到欧菲光被苹果公司踢出供应商的消息，所以，我打跌停板价格卖出，到11点半查，卖出都未成交，资金也没有回来，这个可以理解，因为咱们是散户，大单优先嘛！跑不掉很正常。但接下来发生的事情就非常奇怪了！12:41看到欧菲光的澄清公告，就立即打了撤单，（休市的时候可以下撤单的委托，但要等到开盘的时候才会撤单成功。）13：00一开盘居然发现撤单未成已成交，资金竟然回来了！奇怪的事情发生了！委托显示的成交时间竟然是早上9点26分，意味着我的欧菲光在集合竞价时就成交了！但我的当日成交上显示的成交时间却是中午13点整！各位大神解释一下这是怎么回事？申万宏源可以给我一个合理的解释吗？难道就为了多挣一点买卖的手续费就无视我的撤单请求？早上跌停板封死的时候，我们散户的单出不了！因为大单优先！十一点半停盘还有100多万手的封单！我12：41撤的欧菲光卖单，13：00点开盘不是先撤单，而是先成交！这是第一点奇怪的地方！第二点奇怪的地方，既然我的单撤不了，那一百多万手封单怎么撤的？为什么他们都可以撤？我就不可以撤？这时候难道又是大单先撤吗？这个逻辑如果成立，那就是中国股市的交易规则的制定有失公平了！希望看到帖子的朋友转发一下！引以为戒！你的交易不一定按你的指令进行！至于这里面到底发生了什么？天知道！
#笔记广场#"
呵呵,"https://guba.eastmoney.com/news,002456,960972289.html",2020-09-02 09:28:22,呵呵
昨天草率了,"https://guba.eastmoney.com/news,002456,960970550.html",2020-09-02 09:26:19,昨天草率了
牛逼！看不懂你我还不能走吗？？呵，这垃圾,"https://guba.eastmoney.com/news,002456,960970491.html",2020-09-02 09:25:14,牛逼！看不懂你我还不能走吗？？呵，这垃圾
不是说好跌停的吗？,"https://guba.eastmoney.com/news,002456,960969141.html",2020-09-02 09:23:40,不是说好跌停的吗？
，，。。。踩了。，真的是,"https://guba.eastmoney.com/news,002456,960969118.html",2020-09-02 09:23:35,，，。。。踩了。，真的是
一下就亏了7个点，砸种的,"https://guba.eastmoney.com/news,002456,960970398.html",2020-09-02 09:25:58,一下就亏了7个点，砸种的
佩服，一个乌龙直接导致欧菲股价持续下跌，不服都不行[微笑][微笑][微笑]赶紧看,"https://guba.eastmoney.com/news,002456,960970887.html",2020-09-02 09:25:51,佩服，一个乌龙直接导致欧菲股价持续下跌，不服都不行赶紧看谁跑的快
挂跌停家买有机会不？,"https://guba.eastmoney.com/news,002456,960970450.html",2020-09-02 09:25:09,挂跌停家买 有机会不？
开盘砸停,"https://guba.eastmoney.com/news,002456,960970357.html",2020-09-02 09:25:53,开盘砸停
这不是白抄低了，浪费手续费,"https://guba.eastmoney.com/news,002456,960970094.html",2020-09-02 09:24:27,这不是白抄低了，浪费手续费
昨天追的全部活埋,"https://guba.eastmoney.com/news,002456,960970105.html",2020-09-02 09:25:26,昨天追的全部活埋
远离问题及有问题倾向的个股,"https://guba.eastmoney.com/news,002456,960970740.html",2020-09-02 09:26:30,"
9月2日 读新闻理思路，知难慎入；讲真话求真知，不武不怒
冲动死守是下下
远离问题及有问题倾向的个股
市场很疯狂，不分内外。1，苹果、特斯拉涨疯了，一夜暴增8500亿,2，2.2万亿白酒、6000亿酱油…股价真没上限吗？
是跟着大企业发展带来的巨大财富增长，还是按照喊话：“不为创纪录的消费股再唱赞歌！”去做呢，是个选择题。
一般来说在做选择题时，需要想想墨菲定律（吸引定律），在方向问题上不发生错误，才能行稳致远。
读新闻，远离问题股，今天鲜活事例一则。早间，消息称苹果将欧菲光剔除供应链名单；个股应声跌停。盘中欧菲光：被苹果剔除供应链名单等信息为不实传闻。个股打开跌停。 同步消息：1，蓝思科技：没有发布承接欧菲光订单消息，2020年触控传感器订单增加；2，假如欧菲光退出了苹果“朋友圈”。
说重点，今后遇到这类个股怎么办。个人认为：出清为上，观望为下，死守是下下。进场为下，观望为下，冲动是下下。尽管盘中澄清了消息，但是无风不起浪，后续真是消息如何，短期依旧扑朔迷离。不立危墙之下，切记切记。

相关证券：
欧菲光(002456)
（来源：阳光暖屋的财富号 2020-09-02 09:26）[点击查看原文]
#笔记广场#"
韭菜啊韭菜,"https://guba.eastmoney.com/news,002456,960970420.html",2020-09-02 09:26:01,这是被埋了吗
看来坐实了传闻！,"https://guba.eastmoney.com/news,002456,960970302.html",2020-09-02 09:25:49,看来坐实了传闻！
肯定涨停！,"https://guba.eastmoney.com/news,002456,960960874.html",2020-09-02 08:54:52,肯定涨停！
说了今天继续跌停，那些忽悠别人的死拖,"https://guba.eastmoney.com/news,002456,960969634.html",2020-09-02 09:24:41,说了今天继续跌停，那些忽悠别人的死拖
咋办啊,"https://guba.eastmoney.com/news,002456,960969147.html",2020-09-02 09:22:43,咋办啊
把60亿进场的全部闷杀[大笑]咋想的?,"https://guba.eastmoney.com/news,002456,960969375.html",2020-09-02 09:24:08,把60亿进场的全部闷杀咋想的?
给机会跑要珍惜,"https://guba.eastmoney.com/news,002456,960969809.html",2020-09-02 09:24:50,给机会跑要珍惜
股价反映一切,"https://guba.eastmoney.com/news,002456,960969368.html",2020-09-02 09:24:08,股价反映一切
好股,"https://guba.eastmoney.com/news,002456,960970159.html",2020-09-02 09:25:31,好股
昨天听一个大佬说，20块以下的欧菲光可以安心，没什么好怕的,"https://guba.eastmoney.com/news,002456,960969189.html",2020-09-02 09:22:49,昨天听一个大佬说，20块以下的欧菲光可以安心，没什么好怕的
低开了[滴汗],"https://guba.eastmoney.com/news,002456,960968203.html",2020-09-02 09:21:38,低开了
又是跌停的节奏,"https://guba.eastmoney.com/news,002456,960969628.html",2020-09-02 09:24:40,又是跌停的节奏
这种垃圾公司，曹！,"https://guba.eastmoney.com/news,002456,960969072.html",2020-09-02 09:23:29,这种垃圾公司，曹！
昨天17.02买的，今天会不会哭晕厕所呢？？[大笑],"https://guba.eastmoney.com/news,002456,960968654.html",2020-09-02 09:22:38,昨天17.02买的，今天会不会哭晕厕所呢？？
跑路喽,"https://guba.eastmoney.com/news,002456,960969030.html",2020-09-02 09:22:29,跑路喽
又回到昨天近跌停的位置了，我看得加仓！,"https://guba.eastmoney.com/news,002456,960968901.html",2020-09-02 09:23:09,又回到昨天近跌停的位置了，我看得加仓！
低于17开麦人了,"https://guba.eastmoney.com/news,002456,960968929.html",2020-09-02 09:23:14,低于17开麦人了
基本可以确定昨天是机构和游资导演的一场戏！,"https://guba.eastmoney.com/news,002456,960967478.html",2020-09-02 09:19:18,基本可以确定昨天是机构和游资导演的一场戏！
垃圾很快破产，退市,"https://guba.eastmoney.com/news,002456,960968624.html",2020-09-02 09:22:36,垃圾很快破产，退市
今天又完蛋了,"https://guba.eastmoney.com/news,002456,960968007.html",2020-09-02 09:20:29,今天又完蛋了
今天有戏呦,"https://guba.eastmoney.com/news,002456,960969090.html",2020-09-02 09:23:32,今天有戏呦
低开低走。,"https://guba.eastmoney.com/news,002456,960968444.html",2020-09-02 09:21:18,低开低走。
玩完,"https://guba.eastmoney.com/news,002456,960968304.html",2020-09-02 09:21:53,玩完
竞价跌，惨了,"https://guba.eastmoney.com/news,002456,960968330.html",2020-09-02 09:21:02,竞价跌，惨了
昨天进的都得死,"https://guba.eastmoney.com/news,002456,960967908.html",2020-09-02 09:20:18,昨天进的都得死
宁可信久盘必跌，也不信盘多长涨多高！,"https://guba.eastmoney.com/news,002456,960968235.html",2020-09-02 09:20:48,宁可信久盘必跌，也不信盘多长涨多高！
哈哈，昨天抄底的，补仓的全部团灭,"https://guba.eastmoney.com/news,002456,960968093.html",2020-09-02 09:20:36,哈哈，昨天抄底的，补仓的全部团灭
你可真是，昨天让老子损失好几百,"https://guba.eastmoney.com/news,002456,960967896.html",2020-09-02 09:21:12,你可真是，昨天让老子损失好几百
能骗就骗的渣种资本市场！,"https://guba.eastmoney.com/news,002456,960968341.html",2020-09-02 09:21:58,能骗就骗的渣种资本市场！
原来这垃圾飞光一直就是一流氓公司，中国证券会应该 立案调查,"https://guba.eastmoney.com/news,002456,960968175.html",2020-09-02 09:21:34,原来这垃圾飞光一直就是一流氓公司，中国证券会应该 立案调查
什么不实？今天又暴跌实不实？,"https://guba.eastmoney.com/news,002456,960967802.html",2020-09-02 09:20:56,什么不实？今天又暴跌实不实？
看来这事不简单,"https://guba.eastmoney.com/news,002456,960967586.html",2020-09-02 09:20:26,看来这事不简单
今天会跌停？,"https://guba.eastmoney.com/news,002456,960967725.html",2020-09-02 09:20:44,今天会跌停？
哈哈哈，低开地走，庄家怎么可能让散户赚钱,"https://guba.eastmoney.com/news,002456,960967511.html",2020-09-02 09:20:16,哈哈哈，低开地走，庄家怎么可能让散户赚钱
还得负十吧,"https://guba.eastmoney.com/news,002456,960967426.html",2020-09-02 09:20:06,还得负十吧
哈哈哈。。还是跌停。。真是牛大了。。牛大了。。,"https://guba.eastmoney.com/news,002456,960967060.html",2020-09-02 09:19:28,哈哈哈。。还是跌停。。真是牛大了。。牛大了。。
再来一个跌停？,"https://guba.eastmoney.com/news,002456,960967414.html",2020-09-02 09:20:03,再来一个跌停？
今天还跌？,"https://guba.eastmoney.com/news,002456,960967061.html",2020-09-02 09:18:35,今天还跌？
跑，赶紧滴,"https://guba.eastmoney.com/news,002456,960967088.html",2020-09-02 09:19:31,跑，赶紧滴
小韭菜慌的一逼,"https://guba.eastmoney.com/news,002456,960966994.html",2020-09-02 09:19:20,小韭菜慌的一逼
今天可以看戏了。,"https://guba.eastmoney.com/news,002456,960966456.html",2020-09-02 09:18:24,今天可以看戏了。
今天能跑吗？,"https://guba.eastmoney.com/news,002456,960965822.html",2020-09-02 09:17:07,今天能跑吗？
今天在跌停一下，我进一百手,"https://guba.eastmoney.com/news,002456,960965754.html",2020-09-02 09:16:55,今天在跌停一下，我进一百手
没跌停啊，散了散了,"https://guba.eastmoney.com/news,002456,960965571.html",2020-09-02 09:15:14,没跌停啊，散了散了
大家都在等你表演.,"https://guba.eastmoney.com/news,002456,960965603.html",2020-09-02 09:16:23,大家都在等你表演.
今天又要低开三个点,"https://guba.eastmoney.com/news,002456,960965300.html",2020-09-02 09:14:09,今天又要低开三个点
9月1日情况 欢迎跟帖,"https://guba.eastmoney.com/news,002456,960965069.html",2020-09-02 09:14:37,"亏了也如实报 一个月下来看看输赢嘛 有信心的请跟帖



"
国外销售86亿元，如果国外仅苹果手机一家客户，仅此一项公司损失三分之一以上的收入,"https://guba.eastmoney.com/news,002456,960637939.html",2020-09-01 09:51:54,国外销售86亿元，如果国外仅苹果手机一家客户，仅此一项公司损失三分之一以上的收入。惨，惨，惨！！！
今天看你怎么玩,"https://guba.eastmoney.com/news,002456,960963957.html",2020-09-02 09:09:58,吃瓜开始
跌停开盘,"https://guba.eastmoney.com/news,002456,960964233.html",2020-09-02 09:10:15,跌停开盘
手无搏鸡之力，静静看大卡表演[呲牙][呲牙],"https://guba.eastmoney.com/news,002456,960964121.html",2020-09-02 09:09:44,手无搏鸡之力，静静看大卡表演
...,"https://guba.eastmoney.com/news,002456,960963114.html",2020-09-02 09:05:18,乱发假消息的不用承担责任么？
老周在不在，怎么不发言了？,"https://guba.eastmoney.com/news,002456,960963720.html",2020-09-02 09:08:59,老周在不在，怎么不发言了？
去有种预感！这个绝不是无中生有！不出一个月，将有一批股东叫苦连天开喷了！,"https://guba.eastmoney.com/news,002456,960963677.html",2020-09-02 09:07:44,去有种预感！这个绝不是无中生有！不出一个月，将有一批股东叫苦连天开喷了！
欧菲光辟谣：苹果将欧菲光剔除供应链名单为不实消息,"https://guba.eastmoney.com/news,002456,960963142.html",2020-09-02 09:06:17,"“目前两项业务都正常进行。”
作者：刚好 编辑：tuya 出品：财经涂鸦
9月1日，一则“苹果将欧菲光剔除供应链名单”的新闻掀起波澜，受消息影响，欧菲光（002456.SZ）开盘一字跌停，作为公司方，随即上午发布公告澄清消息为不实报道，午后公司迅速回升，至收盘全天收回近4%跌幅，报收17.66，跌6.6%。
关于欧菲光该事件的实际情况如何？公司情报专家《财经涂鸦》获悉，实际情况确未像前述媒体所述。实际情况为""A客户""在欧菲光有触控加镜头模组的业务，目前两项业务都正常进行，客户在供应商中的选择是正常竞争情况。
关于苹果的触控业务，1-6月份这不触控显示收入为14亿，占上半年收入比重不到6%，预计下半年这部分收入会更多，盈利能力保持良好。公司在该领域的经营思路为将剩下的触控业务做成材料公司，由于A客户的手机将来会用OLED，故手机触控会越来越小，公司保留了iPad部分，先做材料sensor、贴合，台湾由于没有sensor的能力，欧菲光将sensor出售给台方做贴合，公司自己承担了一部分贴合业务。
公司是在2019年初培育多个研发团队做日本材料的替代，目前开发成功了多个产品，包括薄膜材料（fccl膜，导电膜，半导体封装胶带等），预计明年能迎来大批量量产，对手只有日韩。触控材料叠加触控业务，明年预计至少是翻倍的营收规模，利润率也将随之上升。
公司近几年的业务增长主要由投资所带动，而在去年开始，公司的战略转型，从投资增长转向了研发创新驱动增长。主要的调整有几方面：
1、剥离手机触控业务，但保留了ipad的触控；
2、聚焦光学，尤其镜头业务（设计+模具+镜头制造），现已经基本全线打入安卓手机链（包括三星也在进行）；
3、摄像头模组及镜头业务，开拓车载及安防新赛道；
4、微电子：原来的指纹识别、人脸识别部分开始做模块产品，例如公司的DtoF已经上量，屏下摄像头、光通讯模块等等都在快速推进，为新增市场；
5、 开拓新业务：薄膜，半导体胶带，芯片封装膜等，尤其是FCCL膜，用于大客户触控业务，整体在往材料研发上转型，做日韩进口替代。
根据欧菲光对传言做出的回应，可见欧菲光在模组业务的主动调整，并非是客户剔除供应商名单。而在公司战略积极调整的背景下，研发创新驱动的欧菲光，当下的这次“黑天鹅”误杀，或许将为投资者带来更好的投资良机。
（来源：财经涂鸦的财富号 2020-09-02 09:06）[点击查看原文]
#公司研究#"
啥时能尘埃落定，不再纷纷扰扰？做个安静的美男子不好吗？,"https://guba.eastmoney.com/news,002456,960963064.html",2020-09-02 09:05:05,"啥时能尘埃落定，不再纷纷扰扰？
做个安静的美男子不好吗？"
今天放量下跌或者收个低位绿十字,"https://guba.eastmoney.com/news,002456,960962940.html",2020-09-02 09:05:17,今天放量下跌或者收个低位绿十字
今天高开2个点，不然机构资金没法跑,"https://guba.eastmoney.com/news,002456,960960098.html",2020-09-02 08:50:51,今天高开2个点，不然机构资金没法跑
过了一晚上，一个公告都没发？这么心大？还是确有其事？？,"https://guba.eastmoney.com/news,002456,960949491.html",2020-09-02 07:39:03,过了一晚上，一个公告都没发？这么心大？还是确有其事？？
好事不出门，,"https://guba.eastmoney.com/news,002456,960962048.html",2020-09-02 09:01:38,好事不出门，
欧菲光在苹果的业务量很小，就是没有那点业务也不影响欧菲光的业绩！大家要保持好的心,"https://guba.eastmoney.com/news,002456,960962078.html",2020-09-02 09:01:34,欧菲光在苹果的业务量很小，就是没有那点业务也不影响欧菲光的业绩！大家要保持好的心态，既然看好欧菲光就坚定持有，带血的筹码不要被不怀好心的人忽悠走了！！
可能低走。被算计反应太慢胖揍读秒中,"https://guba.eastmoney.com/news,002456,960961849.html",2020-09-02 08:59:32,"可能低走。
被算计反应太慢 胖揍读秒中"
欧菲光里外勾结，有种回购自家股票，给投资者一个交代,"https://guba.eastmoney.com/news,002456,960961509.html",2020-09-02 08:57:48,欧菲光里外勾结，有种回购自家股票，给投资者一个交代
早评：调整是低吸之机会,"https://guba.eastmoney.com/news,002456,960960255.html",2020-09-02 08:51:38,"周二，前天市场冲高回落，、而现在市场在摆脱了中报扰动后，市场盘整犹豫了一天，最后终于在尾盘资金有所反应，收盘站上3400点。再次证明调整是低吸之机会。

从沪深300指数来看，刚好是在突破上轨受到支撑上行，而MACD也是放出了红柱。那么，周三今天就是本周最关键的一天，想要确立突破的有效性就必须要扩大涨幅，指数出现非常明显的上涨。从时间上卡，这里不可能停留很久，周二的市场波动比较小，预计今天的波动会显著放大。
市场的运行比较平淡，没有太多的看点。比较引人注目的是关于欧菲光的传闻，早盘先是传出欧菲光被剔除出苹果供应链引发跌停，午盘公司辟谣随后巨量打开跌停，但收盘依然下跌了超过6%。
都知道关注欧菲光的投资者不少，简单对这次事件做一下分析。欧菲光的下跌并不意外，其实有没有这个消息，对于欧菲光而言，都已经被苹果产业链核心标的剔除了。
就单从股东人数变化上看，欧菲光在两个月内股东人数大幅增长超过50%，筹码分散迹象非常明显，资金退出的迹象已经显露。关于欧菲光传闻事件，也有的认为不会是空穴来风，但媒体应该略有夸大。相比于苹果对歌尔和立讯的扶持，欧菲光显然在苹果产业链当中没有太高的地位，光学赛道竞争很激烈。所以，欧菲光被边缘化的概率是很大的，这次准确的理解应该是丢了部分订单而不仅是失去了供应商的位置。
但我们应该认识到，就算是弹性非常强的消费电子板块而言其内部分化也是越来越大。特别是中美中断交流的背景下，厂商是受益还是受损一定要分析清楚，否则容易预见黑天鹅。
从这个事件也可以反映出为什么最近科技股投资变得比较艰难，不确定性增加是压制估值和股价表现很重要的因素。当然，一旦未来不确定性缓和，带来的弹性也是巨大的。
受到特斯拉的飙升带动，周二汽车板块明显转强，华昌达、比亚迪和长城汽车全部涨停。其实，还有一个核心点在于三季度汽车消费出现了明显好转，预计即将发布的八月份汽车销量数据可能超出市场预期。这其实和当时非典之后的情况非常相似，疫情的出现加速了人们购车的欲望，诱发了汽车消费的快速反弹。但能不能持续呢？
分析认为，持续的概率比较大，因为市场此前的预期比较低，特别是国内新能源汽车的销量方面。如果，一旦确认国内电动车销售能超预期，会带来整个锂电的一波估值修复。
最后，要提醒大家，创业板放宽了涨跌停限制后，要小心一些炒作概念个股的下跌风险。现在选偏稳健型的股也许更适合。热点个股网宿科技，新元科技，森源电气，飞天诚信。
股市有风险，投资需谨慎，祝您投资愉快！
（来源：涨金策略股友的财富号 2020-09-02 08:51）[点击查看原文]
#盘中直播#"
股价今天恢复,"https://guba.eastmoney.com/news,002456,960960778.html",2020-09-02 08:54:44,股价今天恢复
都一群蠢猪啊，动不动涨停，动不动跌停,"https://guba.eastmoney.com/news,002456,960959977.html",2020-09-02 08:49:51,都一群蠢猪啊，动不动涨停，动不动跌停
今天惯性低开，上蹿下跳，收-1.5点,"https://guba.eastmoney.com/news,002456,960961168.html",2020-09-02 08:57:04,静观其变
苹果沉默欧菲光否认 苹果离不开中国供应链,"https://guba.eastmoney.com/news,002456,960853281.html",2020-09-01 17:01:24,"来源：第一财经
　　苹果供应链企业欧菲光早间被曝已经被苹果公司剔除供应商名单，该公司股价一度跌停，不过公司随后发布公告称该消息不实，未出现“被美国大客户剔除供应链名单”的情况，周二下午欧菲光股价跌幅略有收窄，截至收盘股价下跌6.6%。


　　针对此前消息称欧菲光的触控订单归于蓝思科技子公司蓝思智控的说法，蓝思方面也已经公开予以否认。


　　第一财经记者在苹果公司官方网站上查询到，最新更新的一版2019年苹果供应商名单上，欧菲光位于江西和广东的四家生产厂在列。记者了解到，2020年的供应商名单可能要等到明年再公布。


　　苹果公司中国方面没有向第一财经记者确认欧菲光是否仍会被列入2020年的苹果供应链名单内。据介绍，欧菲光、GIS、TPK三家企业都是苹果iPad低价版的供应商，三家占比相当。


　　在苹果的供应商准则中，对供应商有严格的审核标准，只有符合这些标准的供应商才能进入苹果供应商名单，这些标准包括反歧视、反骚扰、防止非自愿劳动、外籍劳工保护、工作时间管理、工资福利合同、废物废水废气管理、资源消耗管理、物料采购等方面。


　　欧菲光对于被剔除供应商的消息予以否认，苹果公司仍保持沉默。但第一财经记者经查询美国商务部网站发现，今年7月20日，美国商务部将位于南昌的欧菲光与其他10家中国公司新添加到实体名单列表中。


　　一位资深行业人士告诉第一财经记者，不排除迫于美国政府的压力，苹果将欧菲光从供应商名单中剔除的可能性。


　　不过此前美国标普公司认为，美国企业要从中国大规模转移供应链几乎是很难发生的。“而且中国新兴的中产阶层已经成为制造商重要的终端市场。”标普在发给第一财经的一份报告中写道。


　　过去十年来，苹果之所以能够一跃成为全球的科技巨无霸，与中国供应链的支持不无关系。中国已经成为大多数技术产品的生产国，并且是各种科技产品和服务的庞大消费市场，在很多美国科技公司中占有可观的收入份额。这主要是由于持续融入的全球供应链，快速的城市化进程以及不断壮大的中产阶层的规模。


　　中国已经成为智能手机、笔记本电脑和商业IT产品等重要的终端市场。中国还是仅次于美国的iPhone全球第二大市场。根据标普公司的数据，2018年在全球2.25亿部手机中，约有4400万部手机在中国售出。为了打入这一重要市场，苹果将99%的iPhone生产放到了中国。


　　苹果即将推出的5G手机将成为该公司最重要的产品之一，这款产品预计将在今年10月发布，中国市场将成为决定苹果首款5G手机成败与否的关键。
（文章来源：第一财经）[点击查看原文]
#热点追踪#
展开阅读全文"
苹果“朋友圈”传闻引发两公司股价异动 欧菲光澄清“被踢群” 蓝思科技澄清“被接单”,"https://guba.eastmoney.com/news,002456,960938899.html",2020-09-02 03:35:52,"来源：证券时报作者：严翠 邢云


　　9月1日，一则突如其来的欧菲光触控业务被苹果剔除供应链名单的消息引发两家明星公司欧菲光、蓝思科技股价大幅波动，传蓝思科技承接苹果原欧菲光大部分触控业务订单。尽管午后两公司紧急进行了澄清，但不改欧菲光跌势与蓝思科技涨势。


　　对于传闻，两家公司均在第一时间向证券时报记者进行了回应，欧菲光表示：“公司未收到任何苹果剔除供应商名单相关通知，公司正在紧急召开会议，核实相关情况。”蓝思科技则回应称：“我们没对外发布承接欧菲光订单相关消息，蓝思智控本来就是苹果触控Film sensor的供应商。”


　　截至1日收盘，欧菲光跌6.61%，蓝思科技涨5.24%。


　　传被“踢群”


　　欧菲光紧急澄清


　　9月1日早间，有媒体报道，苹果将欧菲光剔除供应链名单，iPad触控订单全数由业成GIS与宸鸿TPK供货。此前苹果iPad低价版由欧菲光、GIS、TPK三家供应触控模组，而三家的供货比重基本一样。


　　对此，欧菲光回应证券时报e公司记者称，有关iPad产品触控业务订单被取消并转移台厂是来自外媒报道，截至目前，公司未收到苹果公司任何相关通知。目前公司正召开紧急会议，核实相关信息。


　　受此消息影响，欧菲光9月1日开盘一字跌停，截至上午收盘，仍有近130万手卖单牢牢压于跌停板。


　　9月1日午间，欧菲光紧急发布澄清公告称，多年以来，公司一直在为美国大客户提供产品和服务，公司与美国大客户的合作良好，订单情况持续稳定，未出现“被美国大客户剔除供应链名单”的情况，上述传闻均为不实传闻，公司对不实传闻的发布者予以强烈谴责，并且保留追究其法律责任的权利。


　　截至收盘，欧菲光仍跌6.61%，全天成交66亿元。龙虎榜数据显示，欧菲光遭三个机构席位卖出7.6亿元，北向资金净卖出5299万元；同时，中金财富证券汉中南团结街、华泰证券深圳益田路荣超商务中心买入逾1亿元。


　　据查，截至2020年8月20日，欧菲光共有股东39.23万。其中前十大流通股中，华夏中证5G通信ETF基金、南方成长先锋混合基金、信达澳银新能源产业股票基金、中欧时代先锋基金、高毅邻山1号远望基金，合计持股超1.3亿股。其中，南方成长先锋混基金合、中欧时代先锋基金、高毅邻山1号远望基金为今年二季度新进股东。


　　蓝思科技：


　　未发布承接订单消息


　　昨日上午11时左右，欧菲光遭苹果“踢群”传闻事件发生了一个小插曲。有媒体报道，大部分原欧菲光触控模组订单将由蓝思科技承接。


　　受此消息刺激，蓝思科技股价应声上涨，截至1日午间收盘，蓝思科技大涨11.18%。


　　但蓝思科技相关人士随即向证券时报记者表示，“公司没有对外发布承接欧菲光订单的相关消息，蓝思智控本来就是苹果触控Film sensor的供应商。”


　　蓝思科技发出上述回应后，蓝思科技涨幅收窄，最终报收36.33元/股，上涨5.24%。


　　证券时报记者进一步了解到，蓝思科技虽然没有正面回复是否承接了相关订单，但公司表示“有足够的承接能力”。


　　蓝思科技表示，为把握住触控传感器市场增长的商业机遇，满足下游客户需求，公司早在2017年就与NISSHA株式会社(下称“Nissha”)合作成立了专业从事触控传感器的子公司日写蓝思科技(长沙)有限公司(下称“日写蓝思”)。


　　彼时，蓝思科技称，作为消费电子产品防护玻璃行业的领先企业，公司在视窗防护玻璃盖板领域具有领先的技术、研发、产能及优质客户等竞争优势；Nissha元器件事业部则拥有世界一流的菲林触控传感器技术和生产能力，其触控传感器具备轻薄耐用的特点并可以同时实现高水平的光学特性和高清晰度图案，被广泛用于智能手机、平板电脑、便携式游戏机、工业设备和汽车等领域。


　　公告显示，蓝思科技希望把握住触控传感器市场增长的商业机遇，满足下游客户对菲林触控传感器产品的旺盛需求，蓝思科技与Nissha结合在各自领域的竞争优势，投资建立菲林触控传感器产品的批量化生产基地。


　　2019年12月2日，蓝思科技、蓝思国际与Nissha签署《股东协议书》，公司以Nissha承担日写蓝思超额亏损为前提，作价1美元收购其所持有的日写蓝思20%股权。日写蓝思变更为公司全资子公司。


　　与此同时，日写蓝思更名为蓝思智控(长沙)有限公司，主营业务为：触控传感器产品的研发、生产与销售。


　　蓝思科技表示，作为公司垂直整合、为客户提供一站式服务的重要组成部分，公司十分重视蓝思智控的发展，2020年触控传感器订单有所增加、产能利用率持续爬升，将对公司2020年度经营业绩带来积极影响。


　　记者查阅财务报表发现，蓝思智控2019年尚亏损2.98亿元，但蓝思科技2020年半年报显示，蓝思智控基本面迎来向上拐点。


　　欧菲光触控业务


　　收入持续下滑


　　尽管欧菲光否认被苹果剔除触控业务供应链，但欧菲光近年财报显示，其触控业务确实呈持续下滑态势。


　　目前欧菲光主营构成分为光学光电产品、微电子产品、智能汽车类产品、其他业务收入四大类，其中光学影像核心业务(光学光电产品)包括影像模组、光学镜头、触控产品(而非安卓触控产品是欧菲影像核心业务的一部分)，即触控业务属于欧菲光光学光电业务其中之一。


　　欧菲光触控业务收入情况在其2020年半年报中记载得非常清晰。上半年，欧菲光光学光电产品占欧菲光营业收入的大头，实现营收和营收占比分别为182亿元、占比77.55%。微电子产品业务营收次之，上半年营收和营收占比分别为44.64亿元、占比19.03%。光学光电产品业务和微电子产品业务二者合计营收占比达96.58%。


　　值得注意的是，上半年欧菲光实现净利润5.02亿元，同比增超22倍，公司称，这主要因报告期内部分大客户订单增加，光学业务继续保持快速增长，摄像头模组和光学镜头出货提升，同时受益于大客户平板电脑销量增长和触控业务结构优化，公司整体盈利能力持续改善，但欧菲光触控业务却拖了后腿。


　　半年报显示，欧菲光实现营业收入234.65亿元，同比下降0.53%，主要是因为安卓触控业务独立发展所致。公司触控产品实现营业收入26.77亿元，同比下降44.30%，产品出货量为0.92亿片，同比增长26.29%；主要原因为安卓触控业务出表独立发展，触控显示产品结构变化所致。


　　2019年，触控和触摸屏业务也表现不佳。欧菲光2019年半年报显示，触控显示类产品收入同比下滑15%，毛利率仅为7.23%，相比上年同期下降8.19个百分点，景气度仍处于下降周期。当年11月，欧菲光还将主要开展除苹果业务以外的触摸屏和触控显示全贴合模组业务的安徽精卓剥离。


　　风光时期，欧菲光曾被称为触控面板大厂，最大客户一度为联想，并曾拿下华为、中兴、小米等企业平板厂订单。


　　此前，7月20日，美商务部已将11家中国实体列入出口管制“实体清单”，其中包括南昌欧菲光科技有限公司。对此，欧菲光7月22日就此发布声明称：美国商务部做出该决定不符合客观实际情况。呼吁美国重新审视，并期待就此事与美国相关部门进行沟通，希望得到公平公正的对待。欧菲光将采取积极妥善的应对措施，一如既往地为客户提供优质产品和服务。欧菲光也将持续为所有雇员提供平等、友善、积极的工作氛围和职业发展路径。
（文章来源：证券时报）[点击查看原文]
#热点追踪#
展开阅读全文"
欧菲光被剔出苹果供应链的虚假消息是谁传出的,"https://guba.eastmoney.com/news,002456,960947186.html",2020-09-02 07:17:43,"欧菲光被剔出苹果供应链的虚假消息是谁传出的
9月1日，受被苹果剔除供应商名单传闻影响，欧菲光（002456）开盘一字跌停。欧菲光随即于午盘发布澄清公告称，看到媒体报道后就立即展开了认真核实，传闻中关于公司被美国大客户剔除供应链名单等信息为不实传闻。公司对不实传闻的发布者予以强烈谴责，并且保留追究其法律责任的权利。
确实，如果欧菲光真的被苹果剔出供应链，对欧菲光的影响是可想而知的。但是，为什么会传出这样的消息呢？到底是谁在传播这样的消息呢？一个细节不容忽视，9月1日，台湾经济日报报道称，苹果将全球触控龙头、欧菲光剔除供应链名单，iPad触控订单全数回归台厂，由台企业成GIS与宸鸿TPK分食。
也就是说，这则消息的发布者，是台湾媒体，台湾媒体为什么突然发布这样的消息，其目的是什么，显然，不会那么简单，也决不是什么空穴来风什么的。这家台湾媒体能够在没有核实的情况下就发布这样的消息，决不只是抢新闻、吸眼球那么简单，而很有可能是想制造某些舆论，或帮助某些企业或个人制造舆论紧张气氛。毕竟，眼下美国政府正在制造打击中国高科技企业的紧张空气，7月20日（美国东部时间）美国商务部发布了最新的“实体清单”，其中就包括欧菲光。在这样的情况下制造一个欧菲光被苹果抛弃的新闻，即便不是事实，也能对欧菲光这家中国高科技企业产生不利影响，让投资者对欧菲光的前景产生担忧。一旦阴谋得逞，自然会对欧菲光的发展带来冲击与影响。
好在苹果也随后发布了相关力挺欧菲光的消息。苹果表示，他们已经调查了针对欧菲光的指控，并没有发现任何问题。“我们在苹果生产线上没有发现存在强迫劳动的证据，另外我们计划继续监控。”这也意味着，对欧菲光的指控以及相关消息，都是凭空捏造出来的，是完全没有任何依据的。
但是，此起事件也进一步提醒我们，无论是各级政府还是企业，都必须做好更加艰苦而复杂的准备。首先，美国政府会在今后采取更加不理性、不理智，甚至完全疯狂的政策措施，对中国企业实施打压，以维护美国企业、特别是美国高科技企业的利益。同时，还有可能纠集其他一些国家和企业一起针对中国企业，如拉着英国、加拿大、澳大利亚等针对华为就是最好的例证。凡中国具有核心技术的高科技企业，都要做好充分的思想准备。
其二，要防止各种谣言传播。从欧菲光事件上不难看出，包括台湾地区在内的一些报纸，以及幕后人物和企业，也会蠢蠢欲动，借助美国对中国高科技企业的打压，试图兴风作浪。因此，一旦发生这样的事件，中国企业除了更好地预防和准备之外，要毫不犹豫地对相关媒体采取法律措施，对发布消息的媒体记者等追究法律责任。尤其要提高经济赔偿的力度，决不允许境外媒体再对中国高科技企业发布各种不利消息。
第三，中国企业也要学会多条腿走路。加强与境外企业的合作，十分重要。特别像苹果这样的企业，能够有效提升企业的市场竞争力和知名度。但是，也决不能一棵树上吊死，要学会多条腿走路，合作的触角要更多一些，范围更广一些。即便遇到问题，也能够风险有效把控，避免给企业发展带来严重伤害。
所以，欧菲光被剔出苹果供应链的虚假消息，给了我们很多启示，中国企业需要从这些启示中吸取教训，也要学到经验，不管在什么条件下，除了依法维权之外，就是要做好做强自己，让市场风浪，包括其他国家政府的干预，都不能对自己形成致命打击。
（来源：谭浩俊经济观察的财富号 2020-09-02 07:17）[点击查看原文]
#公司研究#
展开阅读全文"
小米，苹果都大涨，今天有关概念的估计全线大涨！,"https://guba.eastmoney.com/news,002456,960961160.html",2020-09-02 08:56:59,小米，苹果都大涨，今天有关概念的估计全线大涨！
昨天17.02买了一百多万手的人，今天只要不低于17.02，每卖一股就赚一股的钱,"https://guba.eastmoney.com/news,002456,960959464.html",2020-09-02 08:47:33,想想都开熏，一天至少赚了好几千万，甚至上亿感觉
我的图片呢？[大笑],"https://guba.eastmoney.com/news,002456,960960062.html",2020-09-02 08:50:29,我的图片呢？
公告显示，本次拟投向的新能源汽车项目主要用于高低压电连接件、动力电池结构件和氢燃,"https://guba.eastmoney.com/news,002456,960941062.html",2020-09-02 05:47:28,"公告显示，本次拟投向的新能源汽车项目主要用于高低压电连接件、动力电池结构件和氢燃料电池双极板项目的建设，预计建设周期18个月。长盈精密表示，项目实施地点上海临港是上海重点发展的六大功能区域之一，其中新能源汽车为重点发力的产业之一。
自2017年与特斯拉首次开展合作后，长盈精密逐步成为特斯拉新能源汽车零组件的重要供应商，在部分高精度产品占据核心供应份额。特斯拉超级工厂(二期)工程将于2021年投产，其产能持续提升，将极大地刺激新能源汽车零组件市场需求，并对供应链的供应数量、质量、速度等提出更高的要求。长盈精密拟通过募投项目的建设，实现对重点客户的就近配套，极大地提升公司供应链响应速度和客户服务能力。
此次定增募投项目中的5G项目，预计用于智能硬件结构模组和5G电连接模组项目的建设，预计建设周期18个月。
“募投项目主要着眼于提升公司新能源汽车零组件产能，巩固及提升公司在该领域的地位，同时抓住5G带来的市场发展机遇，提升行业地位，符合公司发展方向。”彭鹏对《证券日报》记者表示。"
不是我不明白，是这世界变化快,"https://guba.eastmoney.com/news,002456,960960090.html",2020-09-02 08:50:49,不是我不明白，是这世界变化快
生死看淡，不服就干！我就不信散户干不过鸡狗，船小好掉头[得意],"https://guba.eastmoney.com/news,002456,960959779.html",2020-09-02 08:49:07,生死看淡，不服就干！我就不信散户干不过鸡狗，船小好掉头
哈哈，果然是骗子股，终于炸了！,"https://guba.eastmoney.com/news,002456,960730481.html",2020-09-01 12:20:17,哈哈，果然是骗子股，终于炸了！
你炸了，苹果剔除你了,"https://guba.eastmoney.com/news,002456,960604827.html",2020-09-01 08:52:58,你炸了，苹果剔除你了
既然人气第一，不管涨跌都不卖,"https://guba.eastmoney.com/news,002456,960958274.html",2020-09-02 08:40:49,既然人气第一，不管涨跌都不卖
欧菲光：正在确认核实“被苹果剔除供应链”传闻,"https://guba.eastmoney.com/news,002456,960609592.html",2020-09-01 09:12:11,"来源：界面新闻
　　欧菲光相关负责人表示，其本人目前正在确认核实公司被苹果剔除供应链名单相关信息。稍早前，据媒体报道，苹果将欧菲光剔除供应链名单，此前苹果iPad低价版由欧菲光、GIS、TPK三家一起供应触控模组。
（文章来源：界面新闻）[点击查看原文]
#热点追踪#"
今天要是再跌，那我就买点,"https://guba.eastmoney.com/news,002456,960957324.html",2020-09-02 08:34:00,以表对欧菲的支持，虽然曾经爆过雷，但是最终没坑我，还是努力整回来了，目前内外勾结搞欧菲，虽然看不下去但也没法多说什么，那么就实际行动...先买点吧
做T，成功少亏,"https://guba.eastmoney.com/news,002456,960752390.html",2020-09-01 13:25:11,做T，成功少亏
我觉得，这件事能不能换个角度看？换成苹果倒闭了，这是天要下雨的事，天要下雨也要这,"https://guba.eastmoney.com/news,002456,960941901.html",2020-09-02 06:05:52,我觉得，这件事能不能换个角度看？换成苹果倒闭了，这是天要下雨的事，天要下雨也要这么激动吗？
地天板！梭哈,"https://guba.eastmoney.com/news,002456,960661288.html",2020-09-01 10:17:13,地天板！梭哈
低开低走。尾盘砸单9个点,"https://guba.eastmoney.com/news,002456,960958251.html",2020-09-02 08:40:35,低开低走。尾盘砸单9个点
我想找老周哭一会,"https://guba.eastmoney.com/news,002456,960953345.html",2020-09-02 08:02:03,我想找老周哭一会
要修复很久噢，这个招黑的体质。,"https://guba.eastmoney.com/news,002456,960957960.html",2020-09-02 08:37:44,要修复很久噢，这个招黑的体质。
手机多摄像头的趋势，年投入约25亿研发的高科技公司，出货量世界第一，何惧未来，从,"https://guba.eastmoney.com/news,002456,960956443.html",2020-09-02 08:26:20,手机多摄像头的趋势，年投入约25亿研发的高科技公司，出货量世界第一，何惧未来，从规模到权威到效益，请允许走这条路，请欧菲光再次拿出有效证据澄清昨天谣言
今天大盘高开，欧非涨停,"https://guba.eastmoney.com/news,002456,960957135.html",2020-09-02 08:32:25,今天大盘高开，欧非涨停
我们散户众筹给你，告诽谤,"https://guba.eastmoney.com/news,002456,960957233.html",2020-09-02 08:33:12,我们散户众筹给你，告诽谤
今天低开然后跌停然后阴跌,"https://guba.eastmoney.com/news,002456,960957412.html",2020-09-02 08:34:39,今天低开然后跌停 然后阴跌
被谣言所害，没人赔偿损失，今天涨一波如何？,"https://guba.eastmoney.com/news,002456,960957059.html",2020-09-02 08:30:40,被谣言所害，没人赔偿损失，今天涨一波如何？
澄清你们也不信，不澄清这么大的事要说没出来说话。这帮啥哈也是奇葩了。,"https://guba.eastmoney.com/news,002456,960954418.html",2020-09-02 08:09:10,澄清你们也不信，不澄清这么大的事要说没出来说话。这帮啥哈也是奇葩了。
都是股神呢？分析的条条是道的明天别追高哈哈哈哈哈明天大概率会突破3458点儿大行,"https://guba.eastmoney.com/news,002456,960930200.html",2020-09-02 01:00:30,都是股神呢？分析的条条是道的 明天别追高哈 哈哈哈哈 明天大概率会突破3458点儿 大行情来了？ 耐得住寂寞方能守得住繁华 哈哈哈哈
啊光啊，你看下那些苹果板块不是创新高的，你连你26块多都破不了，搞笑，,"https://guba.eastmoney.com/news,002456,960956467.html",2020-09-02 08:26:39,啊光啊，你看下那些苹果板块不是创新高的，你连你26块多都破不了，搞笑，
热度第一[大笑]$欧菲光(SZ002456)$$惠而浦(SH600983)$,"https://guba.eastmoney.com/news,002456,960875369.html",2020-09-01 19:08:49,热度第一$欧菲光(SZ002456)$$惠而浦(SH600983)$
热度到3了。。别再跌了。。要命了,"https://guba.eastmoney.com/news,002456,960957112.html",2020-09-02 08:31:15,热度到3了。。别再跌了。。要命了
好一场闹剧,"https://guba.eastmoney.com/news,002456,960949909.html",2020-09-02 07:41:06,"

今天，A股也上演了一场有意思的闹剧。
早上，外媒称，苹果取消了欧菲光的订单。欧菲光开盘一字榜跌停。
因为7月份欧菲光被美国纳入实体清单，如今传出欧菲光被苹果取消订单，市场想都没法想，就直接默认消息是真的，用脚投票，跌停出货。
午间，欧菲光澄清，并无此事。
午后开盘，欧菲光先是快速拉红，但很快又砸到跌停板上，最后收跌-6.6%。
澄清也没大用。
与之相对应的是蓝思科技。传闻欧菲光的订单将转给蓝思科技子公司，蓝思科技是闻声大涨14%。
随后，蓝思澄清，并无此事。
午后，蓝思科技股价闻声回落，最后却收涨5%。
一涨一跌之间，背后固然有谣言因素，结果却截然不同，这就是市场博弈的结果。
看上去像闹剧，我觉得市场还是很有道理的。欧菲光产品能力属于低端，苹果真找家企业替代，成本并不高；而类似同为苹果供应商的立讯精密，苹果对其依赖性就强多了，现在还不断给他新订单。
同为供应商，待遇不同，实力不同而已。
如今，美国对我国打压是越来越紧。想在国际产业链上立足，期望美国放过一马，显然是不靠谱，还得靠自己实打实的实力。他人不可取代，才是最安全的保障。
......
今天锂电池全线上涨。
其实，若看其中报业绩，实在不咋样：
璞泰来：-25%
恩捷股份：-17%
宁德时代：-7%
科达利：-42%
但是，今天涨势都不错。尤其科达利业绩跌的很惨，但今天涨幅依旧有7%。
锂电池上涨的原因，跟昨天的银行，有类似之处，就是利空出尽。
今年受疫情影响，国内外新能源车销量都很差，导致锂电池业绩普遍下滑；但六月以后，新能源车的景气度已经快速回升，尤其欧洲在加强版新能源汽车的刺激政策下，销量已经超过去年最高值。
锂电池二季度的业绩，基本就是最低谷，三季度业绩是确定性向好。
但同为利空出尽，为何银行不咋涨，锂电池却涨的凶呢？
原因是银行的上涨理由是估值低，锂电池上涨理由是成长性好。在大盘稳定的情况下，成长性好，会获得更大的股价弹性。
昨天，我在小密圈九州汇里写到：科达利作为一线锂电池，业绩跌幅最深，但股价却跌不动，说明锂电池已经跌到位，这位置就是锂电池的底部区域了。未曾料到，今天锂电池就大涨，市场真是给面子。
拉长周期来说，新能源车的渗透率还很低，未来还有很大成长空间，锂电池的一线龙头值得大家持续跟。
......
今天，三大指数均展开反弹，深成指继续演绎理想中的走势。
不过尚未吃掉昨天的阴线，量能也没有放大，算是走势2.1版本。多头仍需努力。
短期的多空博弈仍在继续，但部分行业的中期趋势已经悄悄形成。比如主线板块中类消费之药店连锁，四大药店近期股价均已经创出历史新高。
短线者揪心，中线者省心，正是此理。所以，大家还是在主线板块中，多多挖掘中线机会，这样做起来，就省心多了。
主线板块：
稳健的：大金融、旧基建，类消费；
弹性的：新基建、券商、消费电子、锂电池、半导体、物联网、传媒。
就这。
原创不易，求转发，求点“在看”，觉得好请关注，谢谢！
（来源：股市每日必读的财富号 2020-09-02 07:39）[点击查看原文]
#公司研究#
展开阅读全文"
今天机构全部买回,"https://guba.eastmoney.com/news,002456,960943314.html",2020-09-02 06:29:18,今天机构全部买回
精彩精彩真精彩。,"https://guba.eastmoney.com/news,002456,960956027.html",2020-09-02 08:23:18,精彩精彩真精彩。
欧飞光，往哪飞？,"https://guba.eastmoney.com/news,002456,960956012.html",2020-09-02 08:22:09,欧飞光，往哪飞？
吓死人了，不管真假都不敢买了！,"https://guba.eastmoney.com/news,002456,960955904.html",2020-09-02 08:21:06,如果是真的，不知道得有几个跌停？至少4个吧！重新回到8元？先看看戏再说了，不敢冒险！
今天一字板！,"https://guba.eastmoney.com/news,002456,960955542.html",2020-09-02 08:19:16,今天一字板！
今天想吃肉的看图这肉能不能吃到有连续7个交易日是流出,"https://guba.eastmoney.com/news,002456,960955223.html",2020-09-02 08:15:46,"今天想吃肉的看图 这肉能不能吃到
有连续7个交易日是流出"
绝对不能忽视！这一场风波，提醒我们潜在的风险！,"https://guba.eastmoney.com/news,002456,960955362.html",2020-09-02 08:17:12,"昨天市场最大的风波来自于欧菲光的传闻。顺时间线简单说一下，开盘前，来自财联社的消息，苹果将欧菲光踢出供应链，欧菲光开盘即跌停封死。午前，仍然是来自财联社的消息，欧菲光被踢后空出来的位子，将由蓝思科技接盘，蓝思科技迅速暴涨。午盘休息期间，欧菲光辟谣。午后开盘，欧菲光翘开跌停板，蓝思科技大幅回落。收盘后，双方都辟谣一番。
由于市场真真假假，很多所谓的辟谣最后都辟成了真事儿，所以我们仍然不能确认这则消息的真实性如何。

事儿就是这么个事儿。反映出来的问题有二。一是媒体的影响力很大，二是苹果对这些消费电子行业的巨头们影响也太大了。
第一点，媒体对市场的影响力是越来越大了，尤其是财联社这种头部的媒体，流量惊人。其实自媒体圈儿也是。
记得前天有个自媒体头部大V在夜报里面推荐了513100，也就是纳指ETF，其实这只基金我一直都有关注，也在我的持仓组合里。它最近已经高度溢价，风险极大。但是大V推荐以后，这只基金昨天开盘就暴涨5%。听了大V推荐的小伙伴儿都对大V顶礼膜拜。一说就涨，能不牛逼嘛。
但是，午间，不知道怎么滴，大V突然意识到溢价严重，又开始提醒风险。结果下午这只基金开盘就开始大幅下跌。早盘买入的粉丝儿全部被套。还好这只基金是T+0的，知道当日就能够跑的股民还能少损失一点。结果这么一只平时交易额只有几千万的基金，高位放巨量冲高回落，昨天全天成交了4.2亿。
大V们推荐一只股票或者基金，确实是买入就能涨，但是那是看了推荐的人自己把价格买上去的，并不是市场的正常合力。提示一下某只股票的风险，提示完就开始跌，那也是看到提示的人自己把价格卖崩的。流量太大，已经严重影响到市场。
这事儿能看出来头部媒体以及自媒体大号的风光之处。可以说是指哪儿打哪儿。但是每经历过一次这样的事情，就是消耗了自己的公信力，自身的风险也在加大。
第二点，苹果对这些消费电子的影响太大了。，苹果这样的单一大客户占比过大，风险还是不小的。对于消费电子这些快消品生产类公司来说，单一客户占比过大，或者单一供应商占比过大，都不是好事。
我查了一下欧菲光的去年年报。虽然没有直接写客户名称，但是第一名显然就是苹果，占该公司总营收的31.16%。也就是说欧菲光的营收有三分之一来自于苹果。如果真的被苹果完全踢出供应链，那就不是一个跌停的事儿了。

A股的果链上市公司得益于苹果的高速成长，在过去也是涨幅惊人，但都面临欧菲光同样的问题，苹果这个大客户占比很高。
比如市值大得多的立讯精密。来自苹果的营收占到整个公司的55.43%。也就是立讯精密一大半的收入来自于苹果。如果苹果更换供应链厂家，或者苹果自己业务萎缩，对立讯精密的影响会是相当大的。而且，立讯精密的客户分布集中度比欧菲光更高，除了苹果之外，其他的客户占比都比较小。
我列了一下消费电子领域，最大客户占营收比例在30%以上的公司名单，列表如下。相当一部分果链上市公司都面临这样的问题。立讯精密最为集中。
对于一个稳健的投资者来说，对于上表里面的这些单一客户占比过大的消费电子类股票，只能轻仓分散参与。
1、大基金公告减持长电科技。
大基金已经把持仓的股票几乎减持了个遍，汇顶科技、兆易创新、太极股份、北斗星通什么的，这回终于轮到长电科技了。能看出来大基金的减持还是挺克制的。没有一股脑同时减持，而是一个一个轮着来。不过，跟前面这几位减持的股份比例都是1%不同，大基金这次计划减持长电科技2%的股份。这次的减持用力一点。
2、牛股天山生物获准出笼。
天山生物这次透了养牛的底儿。天山生物确实是在养牛没错，但是从今年5月份才开始养，总共没养几个月。养牛的数量也只有596头，还没有出栏。就算每头牛能卖出来1万多块钱，这部分的营收也不会超过一千万元。不过，A股养猪养鸡的公司太多，相关公司的股价都涨到天上去了，而养牛的确实少，这也算是稀缺性吧。这就让这个牛股成了妖股。
3、新疆全面恢复正常生产生活秩序。
新疆一直是旅游的热门去处，尤其是现在出国游变成了一种危险活动以后。但是新疆的防疫政策一直在变，一会儿松一会儿紧，是政策变动最大的省份。经常有小伙伴儿反映去之前说好了可以自由活动，但是去了之后才发现不对劲，一下飞机就要被隔离。原因是政策又变了。
现在新疆算是有了官方认证了，全面恢复正常生产生活秩序。小伙伴儿们可以踩着秋天的脚步，放心去浪了。
4、阿里巴巴66亿元入股圆通速递。
阿里巴巴以17.406元/股的价格从圆通的实控人那里获得3.79亿股股份，占公司股份总数的12%，总共花了66亿元。阿里巴巴本来就通过直接和间接手段持有圆通10.5%的股份，现在相当于增持，总共持股22.5%，是第二大股东。圆通的大股东仍然持有41%的股份，是实控人。
阿里这几年持续投资三通一达，也就是圆通、中通、申通、韵达。除了圆通以外，阿里还持有中通8.7%的股份，持有申通14.65%的股份，持有韵达2%的股份。在顺丰和京东的竞争重压之下，三通一达这几年过的不咋地，业务量虽然没有怎么减少，但是三通一达内部的价格战激烈，客单价持续下降，严重增收不增利。阿里这也算是抄底加整合了。
5、科兴生物制药科创板IPO申请获通过。
我们都知道，科兴生物，就是那三家已经把新冠疫苗做到三期临床的中国公司之一，另外两家分别是国药和刚上市的康希诺。
这就看出来科创板注册制的好处了，上市奇快。在市场正在追捧生物制药这个板块的时候，能够快速上市，对于后续的相关行业融资非常有带头作用。要是搁以前，市场虽然很繁荣很捧场，但是IPO排队需要一等两三年。等到企业真的能上市的时候，黄花菜都凉了。
但是，此科兴非彼科兴。
这次科创板IPO通过的科兴生物制药，与新冠疫苗的那家科兴没有任何业务关联。这一家是做重组蛋白药物和微生态制剂的制药公司，是山东的公司。那家做疫苗的科兴，已经在美股上市了，是北京的企业。
不过，科创板要上市的这家科兴制药，也有新冠概念，不是疫苗，而是重组人干扰素。在A股，即便是没有与疫苗公司重名的李鬼概念，也是会要炒上一把的。
6、苹果市值超过罗素2000指数。
美股又暴涨。苹果股价收盘暴涨了4%，市值来到了2.3万亿美元。这个市值已经比美股罗素2000指数那2000只股票的总市值还要高了。这也是美股历史上首次有股票达到这样的成就。美股那边这几年的结构分化也是特别严重。
7、今日申购
新股：
603112
华翔股份
可转债申购：无。
----------------------------
没有交易，仍然轻仓看震荡。目前仓位是60%。
（来源：夏夜瓜棚的财富号 2020-09-02 08:17）[点击查看原文]
#今日复盘#
展开阅读全文"
它大涨15%，背后究竟是一种怎样的力量！,"https://guba.eastmoney.com/news,002456,960955171.html",2020-09-02 08:15:17,"开始今天的分析之前，我们先一起来看场戏；一场有种自导自演的戏份：首先早盘有消息传出，欧菲光被苹果踢出局，不再作为苹果的供应商，同时有消息传出欧菲光的订单由蓝思科技接单；于是上演了第一场戏《冰火两重天》：


欧菲光直接是跌停价格开盘，与此同时蓝思科技开始玩起了飙升一度上涨了15%；基本都是直线抽拉的状态！




时间到了中午，新的剧情开始反转，首先是欧菲光发布了一条辟谣公告称：传闻中关于公司被美国大客户剔除供应链名单等信息为不实信息；然后欧菲光就开始绝地反击，一度从跌停将要翻红，而蓝思科技开始冲高以后急速回落！




就在大家觉得剧情就要结束的时候，欧菲光又出现了比较大的回落；所以这一场戏下来还是很精彩的，先不去管这个事情的背后的操控者是谁，正所谓“无风不起浪”；突然有这么一个消息出来也不是那么简单的事情，对于欧菲光我们暂时不去做过多的猜测，只是从目前的状态看，这个股票的消息面过于模糊了，看不到的票小编的建议就是不做！好票多的是，为什么要在这些摸不着头脑的票上耗时间呢？




回到我们的市场，今天整体抗住了昨天的那一拨下杀的压力，整体走势还是相对平稳，也算是为我们的这个9月有了一个可以接受的开端；从北上资金的流向来看，今天并没有和昨天一样那么大幅度的流出，市场回归到一个正常的状态，是一个好事情，目前大盘的压力位在3458点，创业板的压力位在2834点，什么时候突破这么两大关口，什么时候就能迎来新的一波的行情！




回到我们的板块分析，首先昨天让大家走一波白酒类的权重股，现在看是走对了的一种状态，今天白酒板块全线回调，昨天走一波基本都是可以走在一个相对的高位的；另一方面让大家走一波，是因为最近涨幅有点大了，指数再次达到关键的关口，后面走势不清晰，落点为安一波，也好有更多的操作性！




另外我们昨天公众号重点提及的特斯拉概念股和苹果产业链今天都走的不错，还有不少的小伙伴问小编，特斯拉有哪些可以重点关注的，小编再给大家总结一下：首先是我们创业板的老大哥宁德时代（这个票我们的一只翻倍股的票），另外就是我们的新晋小生拓普集团，从我们提出到现在已经有了70%+的涨幅了，今天的表现也是非常不错，大涨了3.56%，目前的位置可以继续中断关注！




对于我们的苹果产业链，我们就重点关注三个：蓝思科技、立讯精密和歌尔股份；目前苹果关于5G的手机下单6000-8000万部，看来还是有大动作的，作为苹果产业链，这些公司是不缺订单的，有订单就会有业绩，有业绩股价就会提前表现，只要在真正的数据公布之前，市场对这些公司的期望是存在的，一旦苹果超预期，这些公司同步会受益，所以一直到发布会的全面开启，这三支票的炒作热度不会太差的！




对于我们的医药男神股，最近也都是出于一个横盘整体的状态，比如我们的人福医药，今天也是下探了1.63%，但是是有资金承接的，尾盘也拉升回来一波，最近的状态小编看来就是在走图形，走趋势；属于技术性维稳走势，不用太多理会，正常持有就好！


丽珠集团呢？也是一个相对墨迹的磨底行情，不过目前的筹码开始聚集，为后面的上涨在积累能量，我们还是之前的策略，有一个显性的支撑位，只要没有有效跌破50.7，我们就安心拿着就行！没有什么好纠结的！！当然如果你有更好的标的，也可以先离场，这个自己把握就好！！



#公司研究#
展开阅读全文"
欧菲光能不能股市回购，增加投资者信心？,"https://guba.eastmoney.com/news,002456,960947670.html",2020-09-02 07:22:13,欧菲光能不能股市回购，增加投资者信心？
踩16可以进,"https://guba.eastmoney.com/news,002456,960947341.html",2020-09-02 07:19:23,踩16可以进
苹果不会出面来证实的，他为什么要证实他为什么要证实？,"https://guba.eastmoney.com/news,002456,960951842.html",2020-09-02 07:54:01,苹果不会出面来证实的，他为什么要证实他为什么要证实？
直接跌到12,"https://guba.eastmoney.com/news,002456,960606326.html",2020-09-01 08:59:49,
谨慎操作！！！,"https://guba.eastmoney.com/news,002456,960954110.html",2020-09-02 08:06:03,谨慎操作！！！
出货已经快2个月了，一直幻想欧菲光能跌到17元再入手，真没想到以跌停这样的方式进,"https://guba.eastmoney.com/news,002456,960896962.html",2020-09-01 21:12:43,出货已经快2个月了，一直幻想欧菲光能跌到17元再入手，真没想到以跌停这样的方式进来了，吃午饭功夫一看瞬间涨到9个点。我是今年入股市的新韭菜，今年一年经历了巴菲特的一辈子，今天又再次刷新了我对股市的看法，值得玩味总结。
已实锤开盘涨停大概率事件，恭喜昨日买进的小伙伴[抄底][抄底][看多],"https://guba.eastmoney.com/news,002456,960934594.html",2020-09-02 02:57:58,已实锤开盘涨停大概率事件，恭喜昨日买进的小伙伴
今天直接涨停，业务虽下滑，到盈利也不少，比起那些亏本的还在涨的股票好多了，毕竟是,"https://guba.eastmoney.com/news,002456,960953465.html",2020-09-02 08:02:22,今天直接涨停，业务虽下滑，到盈利也不少，比起那些亏本的还在涨的股票好多了，毕竟是龙头，期待中！
以欧菲光为代表的科技股，波段在7月14日已经全部抛掉，并在7月14日当日提示跟随,"https://guba.eastmoney.com/news,002456,960927180.html",2020-09-02 00:15:09,"以欧菲光为代表的科技股，波段在7月14日已经全部抛掉，并在7月14日当日提示跟随的粉丝们将他们之前买入的长电科技、兆易创新、华天科技、北京君正等科技股全部抛掉，之后波段几乎每天都在提示粉丝们规避高位科技股的风险，关注低位创业板低价股的机会，所以欧菲光、兆易创新等股最近出现持续的大跌在意料之中，与苹果公司没什么关系，下图为7月14日抛掉欧菲光的交易截图，



"
已实锤开盘涨停大概率事件，恭喜昨日买进的小伙伴[抄底][抄底][看多],"https://guba.eastmoney.com/news,002456,960945359.html",2020-09-02 06:58:25,已实锤开盘涨停大概率事件，恭喜昨日买进的小伙伴
未核实就发表资讯出来，索赔,"https://guba.eastmoney.com/news,002456,960950217.html",2020-09-02 07:42:06,未核实就发表资讯出来，索赔
150多万手，25亿的资金，下午开盘后瞬间秒光……明天就算主力想下砸吓出恐慌盘，,"https://guba.eastmoney.com/news,002456,960888196.html",2020-09-01 20:25:19,150多万手，25亿的资金，下午开盘后瞬间秒光……明天就算主力想下砸吓出恐慌盘，底也就在17块左右了，成本就摆在那里，何况砸盘万一便宜的筹码被其他主力抢去咋办?
苹果公司如果没有正面回答供应链的问题，只能说明昨天那个事谣言。业务照旧！,"https://guba.eastmoney.com/news,002456,960951855.html",2020-09-02 07:53:20,苹果公司如果没有正面回答供应链的问题，只能说明昨天那个事谣言。业务照旧！
一个误会会让机构蜂蛹逃跑？你以为机构这么傻？,"https://guba.eastmoney.com/news,002456,960931801.html",2020-09-02 01:38:03,一个误会会让机构蜂蛹逃跑？你以为机构这么傻？
赶紧跌停，掉到10元我好上车[大笑][大笑][大笑],"https://guba.eastmoney.com/news,002456,960947655.html",2020-09-02 07:21:59,赶紧跌停，掉到10元我好上车
[赞][赞][赞],"https://guba.eastmoney.com/news,002456,960951496.html",2020-09-02 07:50:11,"作手浪K
【9.2前精选】该股属于远端次新+军工+智能电网+区块链+光伏概念，放量上涨之后缩量回踩洗盘，20日均线支撑，可以低吸等待爆发！
原创已分享。选股理由：该股属于远端次新+军工+智能电网+区块链+光伏概念，放量上涨之后缩量回踩洗盘，20日均线支撑，可以低吸等待爆发！前期跟踪中文在线（300364）：低位潜力爆发股，创业板+文化传媒，可以低吸！元祖股份（603886）：趋势不错，短线回调只是洗盘！《盘前精选》操作方法：1.低吸不追高。2.亏5%无条件止损。3.有利润了分批高抛，冲高回落止盈。4.利润撤回时，先保住本金。相关证券：...
2020-09-02 07:46:23财富号评论吧"
你一生走过的路不如老A套路深！,"https://guba.eastmoney.com/news,002456,960950661.html",2020-09-02 07:44:30,你一生走过的路不如老A套路深！
这个价位仍属历史高位，会不会庄家自己想出货自编自导自演一场戏！,"https://guba.eastmoney.com/news,002456,960949149.html",2020-09-02 07:35:50,这个价位仍属历史高位，会不会庄家自己想出货自编自导自演一场戏！
盘了这么欠，知道你会跌。今天借人捏造消息，是想诱进更多的机构和小散抄底。周三小冲,"https://guba.eastmoney.com/news,002456,960906364.html",2020-09-01 21:56:53,盘了这么欠，知道你会跌。今天借人捏造消息，是想诱进更多的机构和小散抄底。周三小冲高一下后，将会阴阴的一节一节的跌停为止，尾盘也可能回冲至-9%左右，这将诱进更多的机构和小散加仓或抄底，一波又一波，前赴后继.....
中午17.02元欧菲光割在地板上了，早上买了点蓝思科技和新能源汽车股保隆科技60,"https://guba.eastmoney.com/news,002456,960930520.html",2020-09-02 01:08:04,中午17.02元欧菲光割在地板上了，早上买了点蓝思科技和新能源汽车股保隆科技603179就靠他翻身把歌唱。
融券不就可以了吗，呵呵的赶紧去融券啊,"https://guba.eastmoney.com/news,002456,960945765.html",2020-09-02 07:03:13,融券不就可以了吗，呵呵的赶紧去融券啊
这次传言倒是敲响了警钟，以后这种事可能会发生啊,"https://guba.eastmoney.com/news,002456,960948544.html",2020-09-02 07:32:07,这次传言倒是敲响了警钟，以后这种事可能会发生啊
应该不是空穴来风，还是谨慎点好点,"https://guba.eastmoney.com/news,002456,960948199.html",2020-09-02 07:27:16,应该不是空穴来风，还是谨慎点好点
不到15不进,"https://guba.eastmoney.com/news,002456,960947733.html",2020-09-02 07:22:15,不到15不进
我成本16.1,"https://guba.eastmoney.com/news,002456,960596155.html",2020-09-01 07:49:45,我成本16.1
无风不起浪，信你个鬼！,"https://guba.eastmoney.com/news,002456,960946517.html",2020-09-02 07:09:34,无风不起浪，信你个鬼！
上次消息面利空，我果断买入了。这次的消息有点蹊跷，1，如果是苹果要剔除欧菲光，昨,"https://guba.eastmoney.com/news,002456,960924080.html",2020-09-01 23:46:09,上次消息面利空，我果断买入了。这次的消息有点蹊跷，1，如果是苹果要剔除欧菲光，昨天晚上就会有消息，不用等到早盘快开始才说，而且这个时间点，美国应该是晚上，或者下午了，也就是说苹果公司已经下班了，换成自己想一下，你会把这样的工作留着然后晚上要睡觉再说。2，更有意思了如果不让欧菲光加工了，也应该给三个厂家的另外两个啊，也不应该突然就说给蓝思科技了，而且就是时间点了，这个消息的时间，更晚了是苹果发消息的人，睡了一觉才想起来的吗！从以上2点我觉得是假的。，，，，但是，我看不懂的来了，希望大家给我分析一下。这样的消息机构就不问问公司，就把7.6个亿给卖了。注意是7.6个亿，7.6个亿，7.6个亿，重要的事情说三遍。这么草率就决定了，没理由啊，换成自己会这样冲动吗，而且当时也是一字板啊，他也卖不出去，就这么着急。想不懂
爆大雷！有朋友哭了，也有朋友笑了,"https://guba.eastmoney.com/news,002456,960945844.html",2020-09-02 07:04:23,"老高执业团队证书编号：
S1080617060007、S1080617120004、S1080618010006    
老高：爆大雷！有朋友哭了，也有朋友笑了From 涨停板先机 00:00 05:39

各位股民朋友，大家早上好！从昨天的盘面表现来看，市场还是有所谨慎。前天放量拉升的白马权重并没有延续上攻态势。可若指数向下回落，又迅速拉起。再加上量能的再度萎缩，以及指数技术形态走出的收敛三角形形态等，这些都表明多空双方处于相对平衡状态中，也在等市场给出一个明确的方向。
如今，沪指三次打到前期高点——3458一带，可都未能形成有效突破，量能也是一次不如一次。我们也知道“一鼓作气，再而衰，三而竭”的道理，若后市没有量能的有效放大，很有可能会在这里再次出现冲高回落走势，以时间换空间的方式，来消化上方套牢盘压力和夯实下方支撑。
那么，面对当前市场，我们又该如何操作呢？
先看下两市个股涨跌比：
从昨天的多空能量比来看，个股呈现涨多跌少格局，市场情绪明显回暖。两市上涨2303家、两市下跌1650家。其中，两市涨停56家、跌停9家。但两市涨幅在5%以上的有206家、以及两市涨幅在3%以上的有464家。可见两市个股赚钱效应不强。
不过，有两只标的蛮有意思的。先是欧菲光开盘一字板跌停，且是近20万手封单堵在跌停板，估计有不少朋友被吓到了，生怕和西水股份一样踩雷。这主要是有媒体报道“苹果将欧菲光剔除iPad供应链名单”，而欧菲光是苹果iPad低价版的三家触控膜组供应商之一。
可随后又有消息称，“欧菲光的大部分触控订单已归蓝思科技”。持有蓝思科技的朋友高兴了，股价随后暴力拉升，从微跌1%迅速干到14.4%。可若持有欧菲光的朋友是欲哭无泪。
但是，好景不长，欧菲光午后发公告辟谣，股价10分钟成交近30亿，一笔打上去，盘中一度翻红，随后冲高回落，最终是下跌6.61%，而对应的蓝思科技涨幅明显收窄，大涨5.24%。
虽然我们无法辨别消息真伪，但是，我们至少能感觉到市场对消息极为敏感，有不少资金更多是围绕消息面博弈短线投资机会，如近期的军工、特斯拉等等。
不过，从操作角度来看，对于有负面利空标的，我们还是敬而远之。选择标的还是回归到业绩上边。如茅台、五粮液、酒鬼酒、泸州老窖、恒顺醋业、涪陵榨菜等等迭创新高，哪怕它们不再是过去的高速发展阶段，资金也愿意给这些绩优标的很高的溢价空间。
另外，北上资金并没有延续周一尾盘加速流出态势，而是小幅回流19.31亿，可也出现明显的分化。沪股通小幅流出8.12亿、深股通小幅流入27.43亿。尾盘券商异动拉升，指数涨幅明显扩大，而北上资金也在尾盘加速回流。
但是，从沪股通、深股通涨幅榜前10的个股来看，主要集中在军工和新能源汽车领域。如军工里边有航天发展、天和防务、中国海防等，而新能源汽车里边有三丰智能、云内动力、比亚迪、星星科技、长城汽车、法拉电子、璞泰来、郑煤机、宏发股份等等。
这说明资金也不是盲目进场博弈的，也是围绕事件驱动展开的，多数是短线的交易性机会。可现在热点持续性不强，即使有人民币汇率的持续升值利好因素加码，可若市场没有良好的赚钱效应，北上资金也会以短线思维对待当前行情。
最后，对于当前市场波澜不惊，资金都在等方向出来。毕竟，前几次逼近前高，市场也曾在这里有过停留，可现在的量也远远不如前期。在市场没有给出明确方向之前，资金整体做多氛围不强。
因此，我们在操作策略上依旧是观望。在观望的同时，我们要将绩差标的，要把有边缘化风险个股踢出去，持有绩优标的，哪怕是茅台、五粮液涨幅较高，也不再是过去的高速发展阶段，资金也愿意给这些绩优标的很高的溢价空间。所以，价值投资会越来越备受市场资金认可，也是未来的趋势。


（来源：股票选股先机的财富号 2020-09-02 07:04）[点击查看原文]
#公司研究#
展开阅读全文"
开盘一字跌停！没有骨头的公司！赶紧退市！,"https://guba.eastmoney.com/news,002456,960946007.html",2020-09-02 07:04:24,开盘一字跌停！没有骨头的公司！赶紧退市！
今天最起码收复五日线，，否则欧菲光依然不看好，，，最主要的是，之前个把月欧菲虽然,"https://guba.eastmoney.com/news,002456,960945384.html",2020-09-02 06:57:42,今天最起码收复五日线，，否则欧菲光依然不看好，，，最主要的是，之前个把月欧菲虽然业绩预增二十三倍，机构资金反而趁机大幅流出减持，其中定有猫腻，，试问一家好公司，业绩大增，资金却是不断流出，，不现实，，，这家公司应该站出来为自己公司声明，，今后的发展方向，，而不是→_→沉默，，，，
打你脸。明天吃大肉,"https://guba.eastmoney.com/news,002456,960913968.html",2020-09-01 22:33:37,打你脸。明天吃大肉
昨天小散进去那么多还像涨，你以为柚子就是来抬轿子的？,"https://guba.eastmoney.com/news,002456,960945170.html",2020-09-02 06:55:23,昨天小散进去那么多还像涨，你以为柚子就是来抬轿子的？
今天看看怎么博弈,"https://guba.eastmoney.com/news,002456,960945151.html",2020-09-02 06:54:14,今天看看怎么博弈
傻傻的韭菜们，今天还有5-6个点的跌幅,"https://guba.eastmoney.com/news,002456,960944992.html",2020-09-02 06:54:14,傻傻的韭菜们，今天还有5-6个点的跌幅
明天十分钟内拉至涨停接着两连板礼拜五开板上下浮动吸收筹码后面的韭菜就知道怎么回事,"https://guba.eastmoney.com/news,002456,960914801.html",2020-09-01 22:38:12,明天十分钟内拉至涨停接着两连板礼拜五开板上下浮动吸收筹码后面的韭菜就知道怎么回事了
这么多筹码谁吃了？,"https://guba.eastmoney.com/news,002456,960915286.html",2020-09-01 22:39:35,这么多筹码谁吃了？
怎么都说被买了120万手？看看数据，实际成交应该也只有不到50万手。那个70多万,"https://guba.eastmoney.com/news,002456,960921918.html",2020-09-01 23:26:48,怎么都说被买了120万手？看看数据，实际成交应该也只有不到50万手。那个70多万手成交价17.33啊。
那些评论龙虎榜的，都在扯淡,"https://guba.eastmoney.com/news,002456,960916251.html",2020-09-01 22:45:53,"那些评论龙虎榜的，都在扯淡
看了评论龙虎榜的，都在说机构卖了多少钱，什么价位卖的，机构是不是要彻底跑路，这不是瞎扯淡吗？
一切都是自己的想象，股市你能看的懂吗？
就问一个最简单的问题，欧菲光500亿的盘子，主力和机构正常应该拿了多少筹码？9个亿，怕不是能有十分之一就不错了，机构跑了多少？
这个时间点很有意思，均线粘结，选择方向，出现大利空，这正常吗？
有人说什么割肉荣，假设明天今天的买入榜割肉了，买入的几个亿明天谁接？
所以一切都是猜测，明天如果开盘大幅下挫，盘中没有像样的反弹，或者一字跌停，那应该传言是真的，如果明天大幅震荡，低开走V ，那么这很大可能就是假新闻洗盘
所以，别瞎猜了，洗洗睡，明天看盘"
买了一点凑凑热闹。,"https://guba.eastmoney.com/news,002456,960920742.html",2020-09-01 23:16:33,买了一点凑凑热闹。
抄底成功,"https://guba.eastmoney.com/news,002456,960917782.html",2020-09-01 22:55:30,抄底成功
今天三机构跑了7亿应该是上午跌停价跑的，因为机构的席位都是ⅤⅰP，买卖他们都有优,"https://guba.eastmoney.com/news,002456,960918202.html",2020-09-01 22:58:44,今天三机构跑了7亿应该是上午跌停价跑的，因为机构的席位都是ⅤⅰP，买卖他们都有优先权。
