标题,链接,发布时间,内容
白瞎了科技这俩字[滴汗],"https://guba.eastmoney.com/news,002564,807052463.html",2019-03-05 10:30:25,白瞎了科技这俩字
天沃加油冲一下，速度封板了！,"https://guba.eastmoney.com/news,002564,807060360.html",2019-03-05 10:43:40,"天沃加油冲一下，速度封板了！
"
你看那上影长又长,"https://guba.eastmoney.com/news,002564,806968606.html",2019-03-04 19:50:59,"不要着急问为什么下午会走成这样！先回顾一下周末文章内容（见上图）第二条明显不符合条，所以我下午也跟着了结了一下，降低了仓位，具体在后面大盘分析中再谈。
 
今天想跟大家聊的是周末霸屏的“科创板细则”。具体规则已经相信大家已经有所了解，我就不再赘述了，只是想跟大家交流一下我的一点想法……
 
先在这里问一下大家？假如你符合科创板的门槛条件，你会去炒科创板吗？
我的答案是会，但是我不建议没有经历过无涨跌幅限制市场的你去做。为什么？
 
第一：由于A股的涨跌幅限制使得本身A股的参与者风险控制意识就很薄弱，更别提止损意识了。A股参与者大部分潜意识中认为拿着不动总会回来的，但科创板真的不一样。不建议没有过无涨跌幅限制市场操作经验的人去参与。
 
第二：“科创板细则”的出台，犯了A股的通病。说是优化了股份减持制度，只说了锁定期缩短了，却并没有相应的出台措施如何限制这些创业者“逃跑式”减持，且所谓最严的退市制度，却对于投资者的赔偿制度没有强调。谁来赔？怎么赔？比例多少？等问题不说清楚，难道遇见“乐视”、“长生”、“信威”们投资者就活该自认倒霉吗？
 
我选择会去炒，是因为我接触过期货，大宗等高风险交易品种。且只打算前期参与，炒个新鲜、热乎劲儿就收手得了。根本问题不解决的创新市场，保护的说不上是谁的利益呢！
步子迈大了容易扯到蛋，是对今天大盘的真实写照。跳空式高开跨越3000点是有多嚣张？让去年套在3000点上方的资金置自己于何处？人家不要面子的啊？所以这里有所反复也属正常，但这里还是要感叹一下这茬“新韭菜”长的真茁壮！
 
上影线虽然难看，但量能还是健康的，所以我倾向于这里会有所震荡。之前在2月收官之战结束的文章里我提过，周线上方有跳空缺口且超买，月线双中期均线叠加压顶，不是那么好冲破的，只是没想到来的这么快。我是后面开始看调整了，大家请随意。但这里的退潮不会那么快，还会有反复挣扎，这就为反复腾挪、炒作提供了温床。所以我看调不做空（因为毕竟长期趋势是好的）继续在局部寻找机会，除非市场的赚钱效应减弱到一定程度再收手。
上一篇文章里说了券商，保险完了是参股金融，顺序别搞错。券商情绪看东方财富，中信建投，保险看中国人保，空间看国盛金控明天能不能加速。参股金融就盯着大智慧然后找低位吧！太平洋我还会继续再找找低吸的机会。
都在之前文章里了，看截图吧！这也是一条线。
加分项，往其它热点上贴，比如高端制造。今天也上了一只叠加参股金融又低价的，看看明天有没有溢价。高度看天和防务即可，这只股走势很有意思，资金运作明显。
这个是新题材，看看后续表现。涉及的比较广，今天挖掘了边缘计算，所以贴到5G上去了。个人认为后面还可以挖掘，本质上说这都是科技概念的延伸，所以往芯片上应该也有所蔓延，大家可以留意挖掘一进二跟首板中去找机会。
加分项！加分项！加分项！重要的事情说三遍。前面文章的标的太平洋今天挂在3.99没成交，整个人都不好了。同样是军工+低价+高端制造，通裕重工表现的如此不济却上了车，连纯低价的庞大集团都比它强，溜了……溜了……看后面有没有机会再接回。
PS：大体的思路在文章里已经说了，降仓位选择下午在昨天收盘价出的通裕重工，下午打板了部分天沃科技，也是别人吹的票，因为看着价位比较低，又叠加概念较多就跟着风看看明天能不能获取点溢价（今天依然没有跑赢大盘，面壁思过去了……）
 
（来源：炒股精神好的财富号 2019-03-04 19:42）[点击查看原文]
展开阅读全文"
我靠8%！！涨停的节奏！,"https://guba.eastmoney.com/news,002564,807060505.html",2019-03-05 10:43:57,涨停！！！
我又割肉了……,"https://guba.eastmoney.com/news,002564,807058947.html",2019-03-05 10:41:22,我又割肉了……
该来的不会不来 可能迟到,"https://guba.eastmoney.com/news,002564,807058831.html",2019-03-05 10:41:08,该来的不会不来 可能迟到
超多概念的四不像，谁追谁套！,"https://guba.eastmoney.com/news,002564,807056037.html",2019-03-05 10:36:46,加油套
超过概念的四不像！值得被套住！,"https://guba.eastmoney.com/news,002564,807053578.html",2019-03-05 10:32:27,1
天沃科技 超多概念 你值得拥有,"https://guba.eastmoney.com/news,002564,807052278.html",2019-03-05 10:30:03,光伏 低价 高端装备 军工 信托 金融 准备上车
现在这行情都不敢卖股，卖了再想买回来都不是这个价了,"https://guba.eastmoney.com/news,002564,806829167.html",2019-03-04 11:03:54,现在这行情都不敢卖股，卖了再想买回来都不是这个价了
一下子出来这么多唱多的跟利好的帖子,"https://guba.eastmoney.com/news,002564,807050953.html",2019-03-05 10:27:35,千篇一律的套路 哈哈哈
已经废了[大笑],"https://guba.eastmoney.com/news,002564,807050626.html",2019-03-05 10:27:00,已经废了
扶不起的阿斗……,"https://guba.eastmoney.com/news,002564,807050437.html",2019-03-05 10:26:39,扶不起的阿斗……
天沃出货喽，出货喽，看有没有追高的出来走两步！,"https://guba.eastmoney.com/news,002564,807047688.html",2019-03-05 10:21:43,1
割韭菜喽！,"https://guba.eastmoney.com/news,002564,807047340.html",2019-03-05 10:20:55,割韭菜喽！
涨一点卖一点，一直压盘出货，天河防务其他几个都涨停了，要涨停刚才就冲涨停了,"https://guba.eastmoney.com/news,002564,807044517.html",2019-03-05 10:15:33,不会等到现在，今天完了，套死了
天沃科技：金融 光伏 低价 军工 高端装备 信托  超多概念 你值得拥有,"https://guba.eastmoney.com/news,002564,807044654.html",2019-03-05 10:15:46,
资金一直在出货啊，今天追高的套死！,"https://guba.eastmoney.com/news,002564,807043836.html",2019-03-05 10:14:23,1
期指高枕无忧    静待两点半    黑色星期二,"https://guba.eastmoney.com/news,002564,807043627.html",2019-03-05 10:14:02,道琼斯给力
攻不上去了，还得天海防务啊！,"https://guba.eastmoney.com/news,002564,807042513.html",2019-03-05 10:11:57,今天一直在出货啊！
上攻乏力,"https://guba.eastmoney.com/news,002564,807040573.html",2019-03-05 10:08:18,换手不低 短线客可以考虑了
估计明天口子开一开 继续板[微笑][微笑][微笑],"https://guba.eastmoney.com/news,002564,806924702.html",2019-03-04 14:57:54,估计明天口子开一开 继续板
大盘接近尾声，问题股和ST开始发力。,"https://guba.eastmoney.com/news,002564,807003417.html",2019-03-05 07:10:29,雷多也不用怕！
短线的可以撤了,"https://guba.eastmoney.com/news,002564,807038375.html",2019-03-05 10:04:26,已经上攻乏力了 换手率也不低了
发财富吧人呢？,"https://guba.eastmoney.com/news,002564,807018813.html",2019-03-05 09:24:46,怎么股票一涨人就失踪了呢？？？
这么大的量是公司有什么事情发生了？每个单都那么大是好是坏…………,"https://guba.eastmoney.com/news,002564,807023711.html",2019-03-05 09:37:44,这么大的量是公司有什么事情发生了？每个单都那么大是好是坏…………
不要接力,"https://guba.eastmoney.com/news,002564,807029367.html",2019-03-05 09:48:40,不要接力
技术不行，6.02走了，以后再来逛了,"https://guba.eastmoney.com/news,002564,807025904.html",2019-03-05 09:42:11,技术不行，6.02走了，以后再来逛了
同方出货、逃命机会、早晚S,"https://guba.eastmoney.com/news,002564,807024026.html",2019-03-05 09:38:26,同方出货、逃命机会、早晚S
封单很小，明天跌停。,"https://guba.eastmoney.com/news,002564,806958666.html",2019-03-04 18:12:03,封单很小，明天跌停。
3.5号别忘了第一时间卖出，有人在公众号吹票要出货了,"https://guba.eastmoney.com/news,002564,806993523.html",2019-03-04 23:58:30,3.5号别忘了第一时间卖出，有人在公众号吹票要出货了
今天是不是很多人下车了[大笑],"https://guba.eastmoney.com/news,002564,806935849.html",2019-03-04 15:43:44,今天是不是很多人下车了
天沃科技:关于完成工商变更登记的公告,"https://guba.eastmoney.com/news,002564,806962894.html",2019-03-04 18:55:16,"公告日期：2019-03-05


证券代码：002564 证券简称：天沃科技 公告编号：2019-034

苏州天沃科技股份有限公司



关于完成工商变更登记的公告



本公司及董事会全体成员保证信息披露的内容真实、准确和完整，没有

虚假记载、误导性陈述或重大遗漏。



苏州天沃科技股份有限公司（以下简称“公司”）于2019年2月1日召开第三届董事会第五十次会议，会议审议通过了《关于变更公司法定代表人的议案》，公司法定代表人由陈玉忠先生变更为林钢先生。具体内容详见公司于2019年2月2日在《证券时报》、《证券日报》和《上海证券报》及巨潮资讯网（http://www.cninfo.com.cn）披露的《关于变更公司法定代表人的公告》（公告编号：2019-021）。



近日，公司已完成相关工商变更登记手续，并取得了江苏省市场监督管理局换发的《营业执照》，相关变更信息如下：



一、本次工商变更登记的主要事项



变更事项 变更前 变更后



法定代表人 陈玉忠 林钢



二、变更后的《营业执照》详细信息



统一社会信用代码：91320500703676365K



名 称：苏州天沃科技股份有限公司



类 型：股份有限公司(上市)



住 所：江苏省张家港市金港镇长山村临江路1号



法定代表人：林钢



注册资本：88291.44万元人民币



成立日期：2001年03月31日



营业期限：2001年03月31日至2051年03月30日



经营范围：设计制造:A1级高压容器、A2级第三类低、中压容器；制造:A级锅炉部件(限汽包)。一般经营项目:石油、化工、医学、纺织、化纤、食品机械制造维修；机械配件购销；槽罐车安装销售；海洋工程装备的设计与制造；自



证券代码：002564 证券简称：天沃科技 公告编号：2019-034

营和代理各类商品及技术的进出口业务。(依法须经批准的项目,经相关部门批准后方可开展经营活动)



特此公告。



苏州天沃科技股份有限公司董事会

2019年3月5日




[点击查看PDF原文]
提示：本网不保证其真实性和客观性，一切有关该股的有效信息，以交易所的公告为准，敬请投资者注意风险。
展开阅读全文"
今天涨停板出来的才是高手,"https://guba.eastmoney.com/news,002564,806976028.html",2019-03-04 20:57:22,今天涨停板出来的才是高手
收半年线！,"https://guba.eastmoney.com/news,002564,806961336.html",2019-03-04 18:38:47,收半年线！
天沃科技03月04日资金揭秘,"https://guba.eastmoney.com/news,002564,806949472.html",2019-03-04 17:08:09,"





今日天沃科技主力净流入额达2764.61万元，净占比10.88%，
其中超大单净流入额2935.86万元,净占比11.60%，
大单净流入额-171.26万元，净占比-0.68%。







































天沃科技资金流向数据

类型	流入(万元)	流出(万元)
超大	4655.36	-1719.49
大单	6436.24	-6607.50
中单	8067.23	-9422.87
小单	6143.12	-7552.09




资金解读





天沃科技收盘涨幅9.98%，今日成交密集时间集中于

9:58-10:27

，区间涨幅0.08%，
区间成交均价5.61，
区间成交量占当日成交量的46.23%，
区间主动买入量占区间成交量的55.25%。





其中，区间成交最活跃的价格分别为5.73、5.70、5.72，区间成交密集的手数区间分布于700-1000、1000-1500、3000-5000手，中单介入居多。








成交活跃区间统计


9:58-10:27区间成交均价5.61













































成交价格	主买累计成交量	主卖累计成交量	主买占比	主卖占比
5.73	1836800	2361609	8.76%	11.26%
5.70	792898	274900	3.78%	1.31%
5.72	493547	79347	2.35%	0.38%
5.69	373098	80100	1.78%	0.38%
5.71	181153	138800	0.86%	0.66%












































成交手数分布	主买累计成交量	主卖累计成交量	主买估算笔数	主卖估算笔数
700-1000	457000	322781	457	323
1000-1500	361600	271191	241	181
3000-5000	382998	0	77	0
2000-3000	222000	0	74	0
1500-2000	150500	0	75	0




左右拖动表格，可查看剩余表格内容


行业个股资金流

























































机械行业成分股主力净流入排行
序号	代码	名称	涨幅	主力净流入
1	600031	三一重工	7.65%	34018.12万
2	002008	大族激光	4.97%	12956.03万
3	000425	徐工机械	4.49%	11565.95万
4	000338	潍柴动力	6.18%	9215.16万
5	002903	宇环数控	10.02%	5173.73万
10	002564	天沃科技	9.98%	2764.61万


数据来源:东方财富






展开阅读全文"
割肉了，你他妈涨停了,"https://guba.eastmoney.com/news,002564,806870654.html",2019-03-04 13:22:27,
哎呀  涨停了啊,"https://guba.eastmoney.com/news,002564,806940443.html",2019-03-04 16:13:37,今天没来得及看 竟然涨停了 恭喜有此股的朋友了
绿盘卖了你就涨停，气死了,"https://guba.eastmoney.com/news,002564,806866188.html",2019-03-04 13:13:55,绿盘卖了你就涨停，气死了
是走是留看着办[亏大了],"https://guba.eastmoney.com/news,002564,806899622.html",2019-03-04 14:16:15,是走是留看着办
可千万顶住啊,"https://guba.eastmoney.com/news,002564,806898318.html",2019-03-04 14:14:22,可千万顶住啊
还不走,"https://guba.eastmoney.com/news,002564,806893784.html",2019-03-04 14:06:33,还不走
请大家注意今天的开板时间！,"https://guba.eastmoney.com/news,002564,806861973.html",2019-03-04 13:05:48,在下午一点半左右？
昨晚食了伟哥了吗，终于硬了一次了,"https://guba.eastmoney.com/news,002564,806881988.html",2019-03-04 13:44:41,昨晚食了伟哥了吗，终于硬了一次了
出货好时机。,"https://guba.eastmoney.com/news,002564,806873615.html",2019-03-04 13:28:20,出货好时机。
吸引场外资金进场！,"https://guba.eastmoney.com/news,002564,806848158.html",2019-03-04 11:45:47,信托自救，不知内情的一定进了。
减了点仓，主力你是砸还是拉[大笑][大笑][大笑],"https://guba.eastmoney.com/news,002564,806859006.html",2019-03-04 12:52:49,减了点仓，主力你是砸还是拉
今天不跑路，明天两行泪！,"https://guba.eastmoney.com/news,002564,806857118.html",2019-03-04 12:40:40,今天不跑路，明天两行泪！
每个月的前三个交易日内必须发布回购公告，今天是第二天了，今天量放的非常大，半天已,"https://guba.eastmoney.com/news,002564,806855076.html",2019-03-04 12:26:46,每个月的前三个交易日内必须发布回购公告，今天是第二天了，今天量放的非常大，半天已经两个亿了，换手率也非常高，公告会有大利好，期待中……
请问公司在太阳能光热发电方面是否是龙头企业？,"https://guba.eastmoney.com/news,002564,804733473.html",2019-02-18 15:09:00,"请问公司在太阳能光热发电方面是否是龙头企业？
*ST天沃
天沃科技：您好，感谢您对天沃科技的关心和支持！公司子公司玉门鑫能光热第一电力有限公司正在积极推进甘肃玉门郑家沙窝熔盐塔式5万千瓦光热发电项目，该项目是国家能源局确定的首批20个光热示范项目之一，项目建设处于正常推进过程中，其采用的二次反射技术与传统塔式光热技术相比，具有安全性高、成本低、光学利用效率提高等显著优势。本项目的实施，将有助于公司在光热发电领域抢占先机，公司将积极开拓包括光热发电等清洁能源相关的业务，致力于成为国际一流的电力工程、新能源与清洁能源综合服务商。谢谢！
(来自深交所互动易)答复时间 2019-02-18 15:09:00"
割肉2564,"https://guba.eastmoney.com/news,002564,806831294.html",2019-03-04 11:08:14,割肉2564
下午涨停吗[大笑],"https://guba.eastmoney.com/news,002564,806843800.html",2019-03-04 11:30:53,下午涨停吗
请问公司目前在粤港澳大湾区签订的《东莞市中堂燃气热电联产项目EPC总承包合同》涉,"https://guba.eastmoney.com/news,002564,807752590.html",2019-03-07 16:59:00,"请问公司目前在粤港澳大湾区签订的《东莞市中堂燃气热电联产项目EPC总承包合同》涉及合同金额是多少？对一季报或半年报有没有影响？
*ST天沃
天沃科技：尊敬的投资者，您好！感谢您对天沃科技的关心和支持！《东莞市中堂燃气热电联产项目EPC总承包合同》项目总金额184,820万元，该合同工期为2018年9月8日起至2020年1月31日。根据公司的收入确认原则，本合同预计在2018年、2019年和2020年确认收入，年均合同金额6.16亿元，占公司经审计的2017年度营业收入的5.92%。本合同的履行预计将对公司2018、2019、2020年度经营业绩产生积极影响。目前，该项目尚在继续开展中，公司将继续开拓包括粤港澳大湾区在内的海内外能源工程EPC总承包业务，持续加强对区域电厂、自备电站、热电联产项目、输变电网络、风电、光伏和光热等新能源电站的服务，努力回馈广大投资者。关于前述合同的详情，请查阅公司2018年8月28日在公司指定信息披露媒体《中国证券报》、《证券时报》、《上海证券报》以及巨潮资讯网上披露的《重大合同公告》。谢谢！
(来自深交所互动易)答复时间 2019-03-07 16:59:00"
补涨啊，大盘都涨飞了，这属于超级滞涨股啊，涨幅落后于99%的股票，补涨,"https://guba.eastmoney.com/news,002564,806812557.html",2019-03-04 10:33:56,补涨啊，大盘都涨飞了，这属于超级滞涨股啊，涨幅落后于99%的股票，补涨
跑路，做差价的好机会！,"https://guba.eastmoney.com/news,002564,806830434.html",2019-03-04 11:06:37,跑路，做差价的好机会！
我就说你个家伙怎么还不动,"https://guba.eastmoney.com/news,002564,806829812.html",2019-03-04 11:05:17,我就说你个家伙怎么还不动
5.63卖出天沃科技 4.09接盘黄河旋风 留下的兄弟们发财 如果天沃跌回5.4,"https://guba.eastmoney.com/news,002564,806822844.html",2019-03-04 10:52:49,"5.63卖出天沃科技 4.09接盘黄河旋风
留下的兄弟们发财 如果天沃跌回5.4我会回来接盘的 当做个t 留了底仓"
跑！,"https://guba.eastmoney.com/news,002564,806815792.html",2019-03-04 10:40:17,跑！
刚刚好激动[大笑],"https://guba.eastmoney.com/news,002564,806799990.html",2019-03-04 10:11:14,刚刚好激动
谁能解释一下这一波想涨停是什么意思？？？,"https://guba.eastmoney.com/news,002564,806794668.html",2019-03-04 10:01:59,这个股冲涨停，有点接手不了的感觉
请问公司目前回购股份情况？请问公司有没有认为目前公司股价低估？怎么不加大回购力度,"https://guba.eastmoney.com/news,002564,804383719.html",2019-02-14 15:45:00,"请问公司目前回购股份情况？请问公司有没有认为目前公司股价低估？怎么不加大回购力度？
*ST天沃
天沃科技：您好，感谢您对天沃科技的关心和支持！截至2019年1月31日，公司以集中竞价方式共计回购股份4,667,323股，占公司总股本的0.53%，最高成交价为5.23元/股，最低成交价为5.03元/股，支付的总金额为23,999,558.54元（含佣金、过户费等交易费用）。具体关于公司回购股份的情况详见公司于2019年2月2日在指定信息披露媒体《中国证券报》、《上海证券报》、《证券时报》和巨潮资讯网上刊载的相关公告。谢谢！
(来自深交所互动易)答复时间 2019-02-14 15:45:00"
请问:公司业绩预大降，那中机电力的业绩承诺还作数不？,"https://guba.eastmoney.com/news,002564,804383724.html",2019-02-14 15:44:00,"请问:公司业绩预大降，那中机电力的业绩承诺还作数不？
*ST天沃
天沃科技：您好，感谢您对天沃科技的关心和支持！公司子公司中机电力目前经营状况良好，各项业务正在有序开展中，其对公司的业绩承诺仍在正常履行。谢谢！
(来自深交所互动易)答复时间 2019-02-14 15:44:00"
天沃科技:2018年度业绩快报公告,"https://guba.eastmoney.com/news,002564,806231767.html",2019-02-27 20:16:40,"公告日期：2019-02-28

证券代码：002564 证券简称：天沃科技 公告编号：2019-032

苏州天沃科技股份有限公司

2018年度业绩快报公告

本公司及董事会全体成员保证信息披露的内容真实、准确和完整，没有

虚假记载、误导性陈述或重大遗漏。

特别提示：

本公告所载2018年度的财务数据仅为初步核算数据，已经公司内部审计部门审计，未经

会计师事务所审计，与年度报告中披露的最终数据可能存在差异，请投资者注意投资风险。

一、2018年度主要财务数据和指标

单位：元

项目 本报告期 上年同期 增减变动幅度（％）
营业总收入 7,944,718,380.63 10,403,683,552.02 -23.64%

营业利润 199,701,014.34 275,913,083.79 -27.62%

利润总额 190,793,429.27 267,201,357.08 -28.60%

归属于上市公司股东的净利润 72,860,129.45 225,145,578.55 -67.64%

基本每股收益（元） 0.0887 0.31 -71.39%

加权平均净资产收益率 2.18% 8.66% -6.48%

项目 本报告期末 本报告期初 增减变动幅度（％）
总资产 25,960,490,681.80 22,586,717,443.96 14.94%

归属于上市公司股东的所有者权益3,793,407,333.49 2,712,090,017.31 39.87%

股本 882,914,400.00 735,762,000.00 20.00%

归属于上市公司股东的每股净资产 4.30 3.69 16.53%

（元）

注：上述数据以公司合并报表数据填列。截至2018年12月31日，公司总股本为

882,914,400.00股，已回购3,874,223股，根据《深圳证券交易所上市公司回购股份实施细

则》的规定，上市公司计算定期报告中每股收益等相关指标时，发行在外的总股本以扣减回

购专用账户中的股份数为准。

二、经营业绩和财务状况情况说明

（一）经营业绩


证券代码：002564 证券简称：天沃科技 公告编号：2019-032
2018年，随着国内宏观经济运行保持在低位运行区间。在此背景下，公司围绕“打造国际一流电力工程、新能源与清洁能源的综合性服务商；军民融合锻造国防科工建设重要力量”战略部署，抓住上海电气控股公司的机遇，积极应对市场带来的竞争环境变化，推进各业务板块调整发展，公司业务保持了稳定运行态势。

报告期内，公司实现营业总收入794,471.84万元，较上年同期下降23.64%；营业利润19,970.10万元，较上年同期下降27.62%；利润总额19,079.34万元，较上年同期下降28.60%；归属于上市公司股东的净利润7,286.01万元，较上年同期下降67.64%。报告期内，公司经营业绩下降的主要原因是：

1、报告期内，公司营业收入下降，主要是电力工程总包业务项目结构发生变化，新能源业务方面由于光伏市场萎缩，造成新能源业务收入减少，报告期风电项目增长，但风电项目建设周期较长，收入的增长暂未显现出来。

2、报……
[点击查看PDF原文]
提示：本网不保证其真实性和客观性，一切有关该股的有效信息，以交易所的公告为准，敬请投资者注意风险。
展开阅读全文"
这股基本面在走下坡路！,"https://guba.eastmoney.com/news,002564,806429619.html",2019-02-28 17:41:47,原来的大股东把股权转让的原因，他们自己最清楚。
科创板注册制落地，新股将蜂拥而出分流资金，现在每周几只的新股节奏弱爆了啊,"https://guba.eastmoney.com/news,002564,806691254.html",2019-03-02 10:17:23,"科创板注册制落地，新股将蜂拥而出分流资金，现在每周几只的新股节奏弱爆了啊
"
今天又纠杀了一批。,"https://guba.eastmoney.com/news,002564,806607790.html",2019-03-01 14:46:45,今天又纠杀了一批。
5.12全部割肉了 轻松多了,"https://guba.eastmoney.com/news,002564,806331528.html",2019-02-28 11:17:08,5.12全部割肉了 轻松多了
已经守不住了，该来的还是要来，别抱有幻想了,"https://guba.eastmoney.com/news,002564,806562347.html",2019-03-01 13:07:41,"已经守不住了，该来的还是要来，别抱有幻想了
"
主力和大户在跑，散户在抢着进[大笑][大笑][大笑],"https://guba.eastmoney.com/news,002564,805841168.html",2019-02-26 10:06:37,主力和大户在跑，散户在抢着进
天沃科技03月01日资金揭秘,"https://guba.eastmoney.com/news,002564,806638717.html",2019-03-01 17:06:19,"





今日天沃科技主力净流入额达176.89万元，净占比2.20%，
其中超大单净流入额200.79万元,净占比2.55%，
大单净流入额-23.90万元，净占比-0.30%。







































天沃科技资金流向数据

类型	流入(万元)	流出(万元)
超大	260.23	-59.44
大单	1675.66	-1699.56
中单	3218.85	-3380.74
小单	2706.82	-2721.82




资金解读





天沃科技收盘涨幅2.16%，
其中，成交最活跃的价格分别为5.17、5.18、5.20，成交密集的手数区间分布于200-300、150-200、300-500手，中单介入居多。











成交活跃统计


9:30-15:00成交均价5.11













































成交价格	主买累计成交量	主卖累计成交量	主买占比	主卖占比
5.17	1229200	657100	7.84%	4.19%
5.18	740000	106600	4.72%	0.68%
5.20	371600	251900	2.37%	1.61%
5.21	553700	18600	3.53%	0.12%
5.19	449100	89000	2.86%	0.57%












































成交手数分布	主买累计成交量	主卖累计成交量	主买估算笔数	主卖估算笔数
200-300	867100	456804	2890	1523
150-200	458500	422504	2293	2113
300-500	368700	509000	737	1018
500-700	282600	166200	404	237
700-1000	228400	150100	228	150




左右拖动表格，可查看剩余表格内容


行业个股资金流

























































机械行业成分股主力净流入排行
序号	代码	名称	涨幅	主力净流入
1	000338	潍柴动力	4.92%	18164.69万
2	600218	全柴动力	10.00%	10398.29万
3	002526	山东矿机	10.16%	8641.90万
4	601608	中信重工	9.95%	3668.28万
5	601106	中国一重	10.08%	3654.33万
47	002564	天沃科技	2.16%	176.89万


数据来源:东方财富






展开阅读全文"
还在压着回购？,"https://guba.eastmoney.com/news,002564,806610459.html",2019-03-01 14:51:12,还在压着回购？
晚上第二次公告，已经回购的数量，估计大的吓人，抢筹中……,"https://guba.eastmoney.com/news,002564,806590751.html",2019-03-01 14:13:51,晚上第二次公告，已经回购的数量，估计大的吓人，抢筹中……
头部已经形成5.15出了，还是要买强势股，换st毅达天天涨停,"https://guba.eastmoney.com/news,002564,806587075.html",2019-03-01 14:05:01,短期目标4元，信达证券成控股股东一旦借壳st毅达股价20不稀奇
看看这里多少庄狗托,"https://guba.eastmoney.com/news,002564,806585825.html",2019-03-01 14:02:20,看看这里多少庄狗托
发达了，发达了，老子每股赚了两毛多，呵呵呵呵,"https://guba.eastmoney.com/news,002564,806059300.html",2019-02-27 09:50:09,哈哈哈哈，你们羡慕嫉妒恨吧，呵呵呵呵......
真的要调整了,"https://guba.eastmoney.com/news,002564,806506670.html",2019-03-01 10:05:27,真的要调整了
看看上海国资委所有的上市公司都像是一坨坨牛屎,"https://guba.eastmoney.com/news,002564,806421260.html",2019-02-28 16:44:49,看看上海国资委所有的上市公司都像是一坨坨牛屎
3年没有一个利好消息的垃圾公司，拿着传给孙子么？,"https://guba.eastmoney.com/news,002564,806540354.html",2019-03-01 11:14:08,"3年没有一个利好消息的垃圾公司，拿着传给孙子么？
"
主力压盘，走吧,"https://guba.eastmoney.com/news,002564,806519410.html",2019-03-01 10:32:18,主力压盘，走吧
今天就让你们见识见识上海国资委举牌的天沃大垃圾！,"https://guba.eastmoney.com/news,002564,806382757.html",2019-02-28 14:21:02,沉狱中及其同都会被抓紧监狱，跑吧！
新能源业务收入锐减 天沃科技去年净利润下降近七成,"https://guba.eastmoney.com/news,002564,806493610.html",2019-03-01 09:40:51,"原创： 资本小明 江苏资本圈
近日，天沃科技（002564）发布了2018年度业绩快报，报告期内公司实现营业总收入 794,471.84 万元，较上年同期下降 23.64%；营业利润 19,970.10 万元，较上年同期下降 27.62%；利润总额 19,079.34 万元，较上年同期下降 28.60%；归属于上市公司股东的净利润 7,286.01 万元，较上年同期下降 67.64%。
据了解，苏州天沃科技股份有限公司是一家从事石油化工、煤化工、化工、有色金属等领域压力容器、非标设备的设计、制造的国内知名专业厂家。公司主营业务是工程项目设计咨询与工程总承包服务，主要产品是各种材质及规格的换热器、分离器、反应釜、储罐、塔器、过滤器、蒸发器等。公司被化学工业第二设计院颁发""合格供货商入网证书""、获得2009年装备制造业年度""十佳品牌供应商""称号、""江苏省机械行业最佳企业""称号、""苏州名牌产品证书""等荣誉与证书。
2018年上半年，公司实现营业收入397,968.55万元，比上年同期下降42.97%；实现净利润15,935.84万元，比上年同期增长10.56%；实现归属于上市公司股东的净利润10,299.37万元。公司表示，一季度受合同交期、春节假期及冬季项目施工条件等因素影响，公司有效工作时间减少，一季度完成的产值较上年同期减少，随着二季度业务正常开展，公司经营业绩恢复正常水平。但2018年公司前三季度公司依旧延续下滑态势，实现营业收入55.5125亿元，同比下降38.42%，归属于上市公司股东的净利润 1.6156亿元，同比下降21.50%。
公司表示，2018年全年公司营业收入下降，主要是电力工程总包业务项目结构发生变化，新能源业务方面由于光伏市场萎缩，造成新能源业务收入减少，报告期风电项目增长，但风电项目建设周期较长，收入的增长暂未显现出来。
此外，2018年公司计提各项资产减值准备较上年同期有较大增长，主要原因是受经济大环境影响，部分工程项目回款、部分产品货款回款低于预期，应收账款总量较期初增长，公司报告期内计提的坏账准备金额较上年同期有较大幅度增长。 
（来源：江苏资本圈的财富号 2019-03-01 09:29）[点击查看原文]"
这一波，不知又吓跑多少人了？,"https://guba.eastmoney.com/news,002564,806389667.html",2019-02-28 14:35:02,这一波，不知又吓跑多少人了？
天沃科技02月28日资金揭秘,"https://guba.eastmoney.com/news,002564,806425326.html",2019-02-28 17:10:59,"





今日天沃科技主力净流入额达-1316.36万元，净占比-16.03%，
其中超大单净流入额-514.58万元,净占比-6.33%，
大单净流入额-801.79万元，净占比-9.86%。







































天沃科技资金流向数据

类型	流入(万元)	流出(万元)
超大	0.00	-514.58
大单	1127.29	-1929.07
中单	3558.17	-3296.09
小单	3442.35	-2388.07




资金解读





天沃科技收盘涨幅-2.30%，
其中，成交最活跃的价格分别为5.22、5.21、5.23，成交密集的手数区间分布于200-300、150-200、300-500手，中单介入居多。











成交活跃统计


9:30-15:00成交均价5.11













































成交价格	主买累计成交量	主卖累计成交量	主买占比	主卖占比
5.22	187100	166300	1.17%	1.04%
5.21	224600	113200	1.40%	0.71%
5.23	97300	95100	0.61%	0.59%
5.24	60700	1100	0.38%	0.01%
5.25	9300	6500	0.06%	0.04%












































成交手数分布	主买累计成交量	主卖累计成交量	主买估算笔数	主卖估算笔数
200-300	582190	696000	1941	2320
150-200	392900	797121	1965	3986
300-500	405900	531000	812	1062
500-700	226900	324000	324	463
700-1000	0	80000	0	80




左右拖动表格，可查看剩余表格内容


行业个股资金流

























































机械行业成分股主力净流入排行
序号	代码	名称	涨幅	主力净流入
1	300272	开能健康	10.05%	4872.38万
2	002009	天奇股份	5.52%	2807.79万
3	601002	晋亿实业	1.98%	2134.56万
4	000821	京山轻机	7.73%	2007.41万
5	000425	徐工机械	0.77%	1954.33万
207	002564	天沃科技	-2.30%	-1316.36万


数据来源:东方财富






展开阅读全文"
这股最低4.25，短期一直上来最高5.35，反之下跌空间大概20%，上升无限空间,"https://guba.eastmoney.com/news,002564,806424282.html",2019-02-28 17:04:03,这股最低4.25，短期一直上来最高5.35，反之下跌空间大概20%，上升无限空间，下波起来可能就是他，其实大家真沒必要把自己的筹码乖乖交出来，勿喷
天沃科技就是一坨狗屎，同意的点赞,"https://guba.eastmoney.com/news,002564,806408255.html",2019-02-28 15:25:08,天沃科技就是一坨狗屎，同意的点赞
利空出尽！明天加速上涨。,"https://guba.eastmoney.com/news,002564,806391207.html",2019-02-28 14:38:27,"
"
天沃科技，你连垃圾都不如啊！人家巨亏几十亿的都来两个涨停，你别在丢人现眼了，退市,"https://guba.eastmoney.com/news,002564,806402705.html",2019-02-28 15:01:49,天沃科技，你连垃圾都不如啊！人家巨亏几十亿的都来两个涨停，你别在丢人现眼了，退市得了！你丢死了大A股的脸，知道不！
速速撤离此股，寻3元左右低价业绩巨亏股标的买入！！,"https://guba.eastmoney.com/news,002564,806405050.html",2019-02-28 15:09:42,速速撤离此股，寻3元左右低价业绩巨亏股标的买入！！
天沃科技:第三届董事会第五十一次会议决议的公告,"https://guba.eastmoney.com/news,002564,806231659.html",2019-02-27 20:16:12,"公告日期：2019-02-28


证券代码：002564 证券简称：天沃科技 公告编号：2019-027



苏州天沃科技股份有限公司



第三届董事会第五十一次会议决议的公告



本公司及董事会全体成员保证信息披露的内容真实、准确和完整，没有



虚假记载、误导性陈述或重大遗漏。



一、董事会会议召开情况



苏州天沃科技股份有限公司（以下简称“公司”）第三届董事会第五十一次

会议于2019年2月24日以电话、书面或电子邮件送达的形式通知全体董事，于

2019年2月27日上午以现场加通讯会议的方式召开。本次会议应到董事9名，实到董事9名，公司监事和部分高级管理人员列席了会议。会议由董事长司文培先

生主持。本次会议出席人数、召开程序、议事内容均符合《中华人民共和国公司

法》和《苏州天沃科技股份有限公司章程》的有关规定。



二、董事会会议审议情况



经与会董事认真审议，充分讨论，以现场加通讯表决的方式表决，会议审议

通过了以下议案：



1、会议以9票赞同、0票反对、0票弃权的结果审议通过了《关于2018年度计提资产减值准备的议案》



根据《企业会计准则》的相关规定，在对公司及下属子公司的各类资产进行了全面检查和减值测试的基础上，董事会同意公司2018年度计提资产减值准备26,685.75万元。详见2019年2月28日刊载于巨潮资讯网（http://www.cninfo.com.cn）、《中国证券报》、《证券时报》和《上海证券报》的《关于2018年度计提资产减值准备的公告》（公告编号：2019-030）。



独立董事对本议案发表了同意的独立意见，详见2019年2月28日刊载于巨潮资讯网（http://www.cninfo.com.cn）《独立董事关于第三届董事会第五十一次会议相关事项的独立意见》（公告编号：2019-029）。



三、备查文件



1、苏州天沃科技股份有限公司第三届董事会第五十一次会议决议；





证券代码：002564 证券简称：天沃科技 公告编号：2019-027

2、独立董事关于第三届董事会第五十一次会议相关事项的独立意见。



特此公告。



苏州天沃科技股份有限公司董事会



2019年2月28日




[点击查看PDF原文]
提示：本网不保证其真实性和客观性，一切有关该股的有效信息，以交易所的公告为准，敬请投资者注意风险。
展开阅读全文"
一跌，唱多的就冒头，完蛋，老股民死在抄底路上,"https://guba.eastmoney.com/news,002564,806325989.html",2019-02-28 11:04:49,一跌，唱多的就冒头，完蛋，老股民死在抄底路上
好多托单，一会儿砸穿！是吃好午饭下午有力气砸嘛？,"https://guba.eastmoney.com/news,002564,806335095.html",2019-02-28 11:25:34,好多托单，一会儿砸穿！是吃好午饭下午有力气砸嘛？
现在谁抄底谁死，千万别抄底，跌停再说！,"https://guba.eastmoney.com/news,002564,806328037.html",2019-02-28 11:09:02,"现在谁抄底谁死，千万别抄底，跌停再说！
"
天沃科技:独立董事关于第三届董事会第五十一次会议相关事项独立意见,"https://guba.eastmoney.com/news,002564,806231766.html",2019-02-27 20:16:40,"公告日期：2019-02-28

证券代码：002564 证券简称：天沃科技 公告编号：2019-029
苏州天沃科技股份有限公司独立董事

独立董事关于第三届董事会第五十一次会议相关事项

独立意见

根据《中华人民共和国公司法》、《关于在上市公司建立独立董事制度的指导意见》、《深圳证券交易所中小企业板块上市公司董事行为指引》等法律、法规和规范性文件以及《苏州天沃科技股份有限公司章程》等有关规定，我们作为苏州天沃科技股份有限公司（以下简称“天沃科技”、“公司”）独立董事，就公司第三届董事会第五十一次会议审议的相关事项发表独立意见如下：

一、关于公司计提资产减值准备

公司计提资产减值准备，公允的反应了公司资产状况，体现了国家经济环境的变化，能保证公司规范运作，能公允反映公司的财务状况以及经营成果。公司本次计提资产减值准备符合公司的整体利益，没有损害公司和股东利益的行为，批准程序符合有关法律法规和《公司章程》的规定，同意公司本次计提资产减值准备。

独立董事：唐海燕、黄雄、石桂峰
2019年2月28日


[点击查看PDF原文]
提示：本网不保证其真实性和客观性，一切有关该股的有效信息，以交易所的公告为准，敬请投资者注意风险。"
炒垃圾股，巨亏几十亿的。基本面还行的，散户扎堆，庄家不会抬轿！！！！,"https://guba.eastmoney.com/news,002564,806377175.html",2019-02-28 14:08:24,炒垃圾股，巨亏几十亿的。基本面还行的，散户扎堆，庄家不会抬轿！！！！
又是上压下托的 老套路[大笑][大笑][大笑][大笑],"https://guba.eastmoney.com/news,002564,806361086.html",2019-02-28 13:30:21,又是上压下托的 老套路
澄清报告，今天晚上出回购进展广告,"https://guba.eastmoney.com/news,002564,806358424.html",2019-02-28 13:23:24,澄清报告，今天晚上出回购进展广告
这家伙，这两天做丅的人太多，主力现在装僵尸了[俏皮]。,"https://guba.eastmoney.com/news,002564,806311165.html",2019-02-28 10:32:00,这家伙，这两天做丅的人太多，主力现在装僵尸了。
天沃科技:关于媒体报道的澄清公告,"https://guba.eastmoney.com/news,002564,806213243.html",2019-02-27 17:41:41,"公告日期：2019-02-28

证券代码：002564 证券简称：天沃科技 公告编号：2019-031
苏州天沃科技股份有限公司

关于媒体报道的澄清公告

本公司及董事会全体成员保证信息披露的内容真实、准确和完整，没有虚假记载、误导性陈述或重大遗漏。

一、传闻情况

2019年2月27日，苏州天沃科技股份有限公司（以下简称“公司”）关注到上海证券报等媒体发布的标题为《8.12亿竞得23.03%股权杭州锐奇将入主大连电瓷》的报道，文中称：

“根据企查查，杭州锐奇成立于2018年12月12日，目前有三家股东，分别是浙江讯飚信息技术有限公司、浙江众能投资发展有限公司、杭州凌晟投资管理合伙企业。讯飚信息占比最高，持股达85.59%。讯飚信息和众能投资的实际控制人均为自然人应坚，应坚目前担任中机国能电力工程有限公司（下称“中机电力”）杭州、宁波分公司法定代表人。中机电力则由深市公司天沃科技实控，而天沃科技第一大股东是上海电气集团股份有限公司，实际控制人为上海市国资委......”

二、澄清说明

为避免上述报道给广大投资者造成误导，公司对相关事项进行认真核实，现澄清说明如下：

1、中机国能电力工程有限公司杭州分公司负责人为林钢先生，并非应坚先生。

2、目前，中机国能电力工程有限公司宁波分公司正在办理注销手续中。
3、公司包括下属分子公司均没有以任何形式筹划、参与过同大连电瓷控制权变动有关的任何事项，也不存在通过应坚先生及其实际控制的企业参与同大连电瓷控制权变动有关的任何交易。应坚先生以任何名义参与大连电瓷控股权变动的交易，均与本公司无关。

三、必要风险提示

本公司郑重提醒广大投资者：本公司发布的信息以公告为准，公司指定的信

证券代码：002564 证券简称：天沃科技 公告编号：2019-031
息披露媒体为《证券时报》、《中国证券报》、《上海证券报》及中国证监会指定的信息披露网站巨潮资讯网（www.cninfo.com.cn），公司所有信息均以在上述指定媒体披露的信息为准。敬请广大投资者及时关注，注意投资风险。

特此公告。

苏州天沃科技股份有限公司董事会
2019年2月28日


[点击查看PDF原文]
提示：本网不保证其真实性和客观性，一切有关该股的有效信息，以交易所的公告为准，敬请投资者注意风险。"
问题股就是问题股！,"https://guba.eastmoney.com/news,002564,806345277.html",2019-02-28 12:11:13,一身雷，不确定因素太多！
无药可救了,"https://guba.eastmoney.com/news,002564,797802374.html",2018-12-14 10:01:45,无药可救了，鉴定完毕！
发表言论要审批,"https://guba.eastmoney.com/news,002564,806333576.html",2019-02-28 11:21:39,发表言论要审批
加油砸盘呀，伙计们，不然信托狗都跑完了！,"https://guba.eastmoney.com/news,002564,806329636.html",2019-02-28 11:12:35,"加油砸盘呀，伙计们，不然信托狗都跑完了！
"
看见了吗？500手以上的卖单，那是信托狗在出货了！,"https://guba.eastmoney.com/news,002564,806318069.html",2019-02-28 10:47:09,"散户们醒醒吧，把没有任何技术含量和竞争力的垃圾天沃砸个跌停！
"
散户不跑，这个垃圾公司的信托狗都跑完了！,"https://guba.eastmoney.com/news,002564,806318727.html",2019-02-28 10:48:41,沉狱中都已经成功出逃了！
主力，别装了，再装筹码都没了,"https://guba.eastmoney.com/news,002564,806315088.html",2019-02-28 10:40:16,主力，别装了，再装筹码都没了
信托狗今天继续砸盘，跑吧！！！,"https://guba.eastmoney.com/news,002564,806314622.html",2019-02-28 10:39:16,一定要跑在信托狗的前面！
让我们大喊一声：“补缺吧”！,"https://guba.eastmoney.com/news,002564,806286574.html",2019-02-28 09:42:33,"让我们大喊一声：“补缺吧”！
"
5元3角3已清仓了，祝大家赚大钱[大笑]。,"https://guba.eastmoney.com/news,002564,806129216.html",2019-02-27 13:21:22,5元3角3已清仓了，祝大家赚大钱。
董秘说，天沃是垃圾，今天跌停补缺口！,"https://guba.eastmoney.com/news,002564,806297134.html",2019-02-28 10:03:06,"董秘说，天沃是垃圾，今天跌停补缺口！
"
黑色星期四,"https://guba.eastmoney.com/news,002564,806209165.html",2019-02-27 17:17:06,黑色星期四
此股和军工无关吗？,"https://guba.eastmoney.com/news,002564,806087771.html",2019-02-27 10:45:20,此股和军工无关吗？
来了，今天咋这么弱[大笑][大笑],"https://guba.eastmoney.com/news,002564,806299948.html",2019-02-28 10:08:55,来了，今天咋这么弱
有人能告诉我，天沃科技属于什么概念？什么板块吗？,"https://guba.eastmoney.com/news,002564,806298361.html",2019-02-28 10:05:41,"董秘说，天沃是垃圾，今天跌停补缺口！
"
公司内部出大问题了？,"https://guba.eastmoney.com/news,002564,806293708.html",2019-02-28 09:56:26,为什么这么混乱！
18年计提减值，19年冲回后利润大增。,"https://guba.eastmoney.com/news,002564,806287308.html",2019-02-28 09:43:48,合理利用会计制度。
天沃科技:关于2018年度计提资产减值准备的公告,"https://guba.eastmoney.com/news,002564,806231790.html",2019-02-27 20:16:43,"公告日期：2019-02-28

证券代码：002564 证券简称：天沃科技 公告编号：2019-030
苏州天沃科技股份有限公司

关于2018年度计提资产减值准备的公告

公司及董事会全体成员保证信息披露的内容真实、准确和完整，没有虚假记载、误导性陈述或重大遗漏。

为更加客观公正地反映苏州天沃科技股份有限公司（以下简称“天沃科技”、“公司”）的财务状况和资产价值，公司于2019年2月27日召开第三届董事会第五十一次会议，审议通过了《关于2018年度计提资产准备准备的议案》。具体情况如下：

一、计提资产减值准备情况的概述

根据《企业会计准则》及《深圳证券交易所中小板上市公司规范运作指引》等相关规定的要求，为真实、准确反映公司截至2018年12月31日的财务状况、资产价值及经营成果，基于谨慎性原测，对公司及下属子公司的各类资产进行了全面检查和减值测试，2018年拟计提各项资产减值准备共计26,685.75万元，占2017年经审计归属于上市公司股东的净利润的118.53%，明细如下：

项目 本期金额（万元）

应收项款项目坏账准备 24,430.37

存货跌价准备 1,118.65

商誉减值准备 1,136.73

合计 26,685.75

二、本次计提减值准备的确认标准及计提方法

本次计提的减值准备为应收款项坏账准备、存货跌价准备、商誉减值准备。
（一）应收款项的计提办法

1、单项金额重大并单独计提坏账准备的应收款项：


证券代码：002564 证券简称：天沃科技 公告编号：2019-030

应收账款单项金额在100万或以上的款项；其他
单项金额重大的判断依据或金额标准 应收款单项金额在50万或以上的款项；子公司中
机电力应收款项单项金额在1000万或以上的款项
单项金额重大并单项计提坏账准备的计提根据该款项预计未来现金流量现值低于其账面价
方法 值的差额，单独进行减值测试，计提坏账准备。
2、按信用风险特征组合计提坏账准备的应收款项：

按信用风险特征组合计提坏账准备的计提方法

组合名称 坏账准备计提方法

组合 按账龄分析法计提坏账准备

组合中，采用账龄分析法计提坏账准备的：

账 龄 应收款项计提比例

1年以内（含1年） 3.00%

1－2年 5.00%

2－3年 20.00%

3－4年 40.00%

4－5年 60.00%

5年以上 100.00%

3、单项金额不重大但单独计提坏账准备的应收款项

单项计提坏账准备的理由 有客观证据表明可收回性存在明显差异

单独进行减值测试，根据其未来现金流量现值低于
坏账准备的计提方法 其账面价值的差额计提坏账准备

（二）存货跌价准备的计提办法

资产负债表日，存货采用成本与可变现净值孰低计量，按照单个存货成本高
……
[点击查看PDF原文]
提示：本网不保证其真实性和客观性，一切有关该股的有效信息，以交易所的公告为准，敬请投资者注意风险。
展开阅读全文"
天沃科技:第三届监事会第三十九次会议决议公告,"https://guba.eastmoney.com/news,002564,806231800.html",2019-02-27 20:16:45,"公告日期：2019-02-28

证券代码：002564 证券简称：天沃科技 公告编号：2019-028

苏州天沃科技股份有限公司

第三届监事会第三十九次会议决议公告

本公司及监事会全体成员保证公告内容的真实、准确和完整，对公告

的虚假记载、误导性陈述或者重大遗漏负连带责任。

一、监事会会议召开情况

苏州天沃科技股份有限公司（以下简称“公司”）第三届监事会第三十九次会议于2019年2月24日以电话、书面或电子邮件送达的形式通知全体监事，于2019年2月27日上午以现场加通讯会议方式召开。本次会议应到监事3名，实到监事3名，会议由监事会主席张艳女士主持。本次会议出席人数、召开程序、议事内容均符合《中华人民共和国公司法》和《苏州天沃科技股份有限公司章程》的有关规定。

二、监事会会议审议情况

经与会监事认真审议，充分讨论，以现场加通讯表决方式逐项表决，会议审议通过以下决议：

1、会议以3票赞同、0票反对、0票弃权的结果审议通过了《关于2018年度计提资产减值准备的议案》

在对公司及下属子公司的各类资产进行了全面检查和减值测试的基础上，根据《企业会计准则》的相关规定，监事会同意公司2018年度计提资产减值准备26,685.75万元。详见2019年2月28日刊载于巨潮资讯网（http://www.cninfo.com.cn）、《中国证券报》、《证券时报》和《上海证券报》的《关于2018年度计提资产减值准备的公告》（公告编号：2019-30）。

三、备查文件

1、第三届监事会第三十九次会议决议。

特此公告。


证券代码：002564 证券简称：天沃科技 公告编号：2019-028
苏州天沃科技股份有限公司监事会

2019年2月28日


[点击查看PDF原文]
提示：本网不保证其真实性和客观性，一切有关该股的有效信息，以交易所的公告为准，敬请投资者注意风险。"
补缺！补缺！补缺！,"https://guba.eastmoney.com/news,002564,806286988.html",2019-02-28 09:43:19,"补缺！补缺！补缺！
"
天沃科技:关于2018年度计提资产减值准备的合理性说明,"https://guba.eastmoney.com/news,002564,806231660.html",2019-02-27 20:16:12,"公告日期：2019-02-28


苏州天沃科技股份有限公司



关于2018年度计提资产减值准备的合理性说明



根据《深圳证券交易所股票上市规则》、《深圳证券交易所中小企业板上市公司运作规范指引》、《企业会计准则第8号——资产减值》等相关规定，我们作为苏州天沃科技股份股份有限公司（以下简称“公司”）董事会审计委员会成员，对公司《关于2018年度计提资产减值准备的议案》进行了认真审议，基于审慎的判断，发表如下说明：



本次计提资产减值准备事项符合《企业会计准则》和公司相关会计政策，依据充分，公允的反应了公司资产状况，体现了国家经济环境的变化，符合会计谨慎性原则，本次计提资产减值准备，符合公司实际情况。本次计提资产减值准备后能更加公允地反映截止2018年12月31日公司财务状况和资产价值，使公司的会计信息更具有合理性。基于此，董事会审计委员会同意本次计提资产减值准备26,685.75万元。



苏州天沃科技股份股份有限公司



董事会审计委员会



2019年2月27日




[点击查看PDF原文]
提示：本网不保证其真实性和客观性，一切有关该股的有效信息，以交易所的公告为准，敬请投资者注意风险。"
快跑，董秘说，他们是垃圾公司，快不行了,"https://guba.eastmoney.com/news,002564,805865682.html",2019-02-26 10:52:12,"快跑，董秘说，他们是垃圾公司，快不行了
"
信托狗要砸盘了，今天是垃圾天沃跌停的一天，开盘快跑吧！！,"https://guba.eastmoney.com/news,002564,806045589.html",2019-02-27 09:16:35,"今天是垃圾天沃跌停的一天，开盘快跑吧！！
"
天沃科技啥都不是！,"https://guba.eastmoney.com/news,002564,806103169.html",2019-02-27 11:18:49,"天沃科技啥都不是？军工？军民融合？太阳能？核电核能？互金？通达信显示的题材太多了，说明这货啥都不是，也从来不跟随板块一起上涨
"
计提减值后还有这么多利润不错了,"https://guba.eastmoney.com/news,002564,806279309.html",2019-02-28 09:25:08,计提减值后还有这么多利润不错了
因为天沃科技，让老子成了笑柄！！,"https://guba.eastmoney.com/news,002564,805626798.html",2019-02-25 10:46:00,2年前看好公司发展买入，当时天天公布大订单，后来有传出国资举牌，一直持有，结果一路下跌，到最后没撑住，卖出了，结果涨上来了（虽然这个垃圾没有涨过大盘），但是让我多亏损了3万！！！这个股票真的没的说了，我问董秘他们公司到底是不是垃圾，董秘竟然没有底气回答天沃科技公司不是垃圾公司，可笑啊天沃公司，我更可笑，还等着跌回来接盘。不知道跌回来能不能继续上涨，先这样等着吧！！！
天闻冬夕多无寐。 沃小如今学养蚕。 风劈老松疑虎怒。 云烟带月碧于蓝。,"https://guba.eastmoney.com/news,002564,805297947.html",2019-02-21 23:52:09,"天闻冬夕多无寐。
沃小如今学养蚕。
风劈老松疑虎怒。
云烟带月碧于蓝。"
妈的什么撒比公司啊？80亿才7、8千万的利润，钱都被吃了吗？,"https://guba.eastmoney.com/news,002564,806239465.html",2019-02-27 21:20:16,妈的什么撒比公司啊？80亿才7、8千万的利润，钱都被吃了吗？
加把油勒[摊手],"https://guba.eastmoney.com/news,002564,806102574.html",2019-02-27 11:17:29,加把油勒
卖垃圾天沃科技，买刚泰控股！,"https://guba.eastmoney.com/news,002564,806139904.html",2019-02-27 13:41:10,"卖垃圾天沃科技，买刚泰控股！
"
天沃科技02月27日资金揭秘,"https://guba.eastmoney.com/news,002564,806208226.html",2019-02-27 17:10:55,"





今日天沃科技主力净流入额达-419.70万元，净占比-3.74%，
其中超大单净流入额4.58万元,净占比0.04%，
大单净流入额-424.28万元，净占比-3.83%。







































天沃科技资金流向数据

类型	流入(万元)	流出(万元)
超大	106.30	-101.72
大单	1765.62	-2189.90
中单	5199.84	-5237.32
小单	3995.79	-3538.62




资金解读





天沃科技收盘涨幅1.75%，
其中，成交最活跃的价格分别为5.32、5.31、5.33，成交密集的手数区间分布于100-150、200-300、150-200手，小单介入居多。











成交活跃统计


9:30-15:00成交均价5.22













































成交价格	主买累计成交量	主卖累计成交量	主买占比	主卖占比
5.32	492600	168700	2.30%	0.79%
5.31	318100	324000	1.49%	1.51%
5.33	298900	1700	1.40%	0.01%
5.34	60100	0	0.28%	0.00%
5.35	59700	0	0.28%	0.00%












































成交手数分布	主买累计成交量	主卖累计成交量	主买估算笔数	主卖估算笔数
100-150	1464193	1395700	9761	9305
200-300	870398	1304938	2901	4350
150-200	816200	555436	4081	2777
300-500	617300	612800	1235	1226
500-700	213200	444100	305	634




左右拖动表格，可查看剩余表格内容


行业个股资金流

























































机械行业成分股主力净流入排行
序号	代码	名称	涨幅	主力净流入
1	002892	科力尔	2.68%	3217.26万
2	600435	北方导航	4.86%	3119.43万
3	601608	中信重工	9.92%	2177.30万
4	300411	金盾股份	8.01%	2153.89万
5	300116	坚瑞沃能	9.84%	1534.44万
136	002564	天沃科技	1.75%	-419.70万


数据来源:东方财富






展开阅读全文"
天沃科技:关于办公地址搬迁的公告,"https://guba.eastmoney.com/news,002564,803778561.html",2019-02-01 19:53:30,"公告日期：2019-02-02

证券代码：002564 证券简称：天沃科技 公告编号：2019-024
苏州天沃科技股份有限公司

关于办公地址搬迁的公告

公司及董事会全体成员保证信息披露的内容真实、准确和完整，没有虚假记载、误导性陈述或重大遗漏。

苏州天沃科技股份有限公司（以下简称“公司”）已于近日搬迁至新地址办公，现将办公地址变更的有关事项公告如下：

变更前：

1、办公地址：张家港市金港镇长山村临江路1号

2、邮政编码：215634

3、投资者联系电话：0512-58788351

4、联系传真：0512-58788326

5、电子邮箱：zhengquanbu@thvow.com

变更后：

1、办公地址：上海市普陀区中山北路1737号B103-104

2、邮政编码：200061

3、投资者联系电话：021-60736849

4、联系传真：021-60736953

5、电子邮箱：zhengquanbu@thvow.com（不变）

上述变更后的联系方式自本公告之日起正式启用。除上述变更内容外，公司注册地址、网址等其他联系方式均保持不变。

特此公告。

苏州天沃科技股份有限公司
董事会

2019年2月2日


[点击查看PDF原文]
提示：本网不保证其真实性和客观性，一切有关该股的有效信息，以交易所的公告为准，敬请投资者注意风险。"
尾盘拉升，明天主力接着出货。,"https://guba.eastmoney.com/news,002564,806181408.html",2019-02-27 14:56:18,尾盘拉升，明天主力接着出货。
信托狗开始砸盘了，快跑！,"https://guba.eastmoney.com/news,002564,806159412.html",2019-02-27 14:20:28,"信托狗开始砸盘了，快跑！
"
快点，信托狗要跑了！,"https://guba.eastmoney.com/news,002564,806141293.html",2019-02-27 13:43:41,"快点，信托狗要跑了！
"
涨不动啦，涨不动啦！快跑！,"https://guba.eastmoney.com/news,002564,806134605.html",2019-02-27 13:31:33,"涨不动啦，涨不动啦！
"
感觉彻底踏空了，股吧的伙计替我砸下来吧！,"https://guba.eastmoney.com/news,002564,805590764.html",2019-02-25 09:41:28,"虽然涨的不多，但是感觉彻底踏空了，股吧的同志替我砸下来吧！
"
每天2分钱是天沃大垃圾的宿命，快跑吧！,"https://guba.eastmoney.com/news,002564,806053681.html",2019-02-27 09:39:28,"每天2分钱是天沃大垃圾的宿命，快跑吧！
"
下面有缺口，明显是磁悬浮,"https://guba.eastmoney.com/news,002564,806131201.html",2019-02-27 13:25:24,下面有缺口，明显是磁悬浮
大盘要绿了，天沃科技也要绿了，快跑呀！,"https://guba.eastmoney.com/news,002564,806074218.html",2019-02-27 10:17:48,怎么都不听话？
天沃科技:关于与上海电气集团股份有限公司签订《借款展期合同》暨关联交易的公告,"https://guba.eastmoney.com/news,002564,805884887.html",2019-02-26 11:42:13,"公告日期：2019-02-26

证券代码：002564 证券简称：天沃科技 公告编号：2019-026
苏州天沃科技股份有限公司

关于与上海电气集团股份有限公司签订

《借款展期合同》暨关联交易的公告

本公司及董事会全体成员保证信息披露的内容真实、准确和完整，没有虚假记载、误导性陈述或重大遗漏。

一、本次关联交易概述

2018年8月3日，苏州天沃科技股份有限公司（以下简称“公司”）召开第三届董事会第四十二次会议，会议审议通过了《关于拟向股东借款暨关联交易的议案》。因公司业务发展需要，公司拟向上海电气集团股份有限公司（以下简称“上海电气”）申请借款，借款总额不超过20亿元，借款年利率不超过6.5%。2018年8月20日，公司召开2018年第五次临时股东大会，会议审议通过上述议案。详见公司2018年8月4日、8月21日刊载于巨潮资讯网（www.cninfo.com.cn）、中国证券报、上海证券报、证券时报的相关公告。

根据《深圳证券交易所股票上市规则》相关规定，上海电气为公司持股5%以上的股东，即为公司关联方。本次交易构成关联交易。本次交易不构成《上市公司重大资产重组管理办法》规定的重大资产重组。

2018年8月21日、2018年8月29日，公司与上海电气分别签订《借款合同》及相关附属合同。合同约定，公司向上海电气借款，金额共计人民币贰拾亿元（小写：人民币2,000,000,000.00元），借款期限为6个月。详见公司2018年8月23日、8月31日刊载于巨潮资讯网（www.cninfo.com.cn）、中国证券报、上海证券报、证券时报的相关公告。

2019年2月22日，公司与上海电气签订《借款展期协议》。合同约定，公司向上海电气20亿元借款展期12个月，原借款期限与展期期限之和为18个月。本次签署《借款展期协议》在公司股东大会、董事会授权期限内，无需再次提交公司股东大会、董事会审议。

二、关联交易对方基本情况


证券代码：002564 证券简称：天沃科技 公告编号：2019-026
上海电气集团股份有限公司（以下简称“上海电气”）

类型：股份有限公司（台港澳与境内合资、上市）

住所：上海市兴义路8号30层

法定代表人：郑建华

注册资本：1,472,517.494400万人民币

统一社会信用代码：91310000759565082B

经营范围：电站及输配电，机电一体化，交通运输、环保设备的相关装备制造业产品的设计、制造、销售，提供相关售后服务，以上产品的同类产品的批发、货物及技术进出口、佣金代理（不含拍卖），提供相关配套服务，电力工程项目总承包，设备总成套或分交，技术服务。【依法须经批准的项目，经相关部门批准后方可开展经营活动】

上海电气直接持有公司132,458,814股股票，占公司总股本的15.00%，通过表决权委托的形式取得公司131,290,074股股票的表决权，占公司总股本的14.87%，合计取得公司29.87%股权的表决权，为公司控股股东，其实际控制人上海市国资委成为公司实际控制人。

截至2017年12月31日，上海电气经审计的主要财务数据：2017年末总资产为19,934,575.9万元，净资产为7,072,158.7万元，业务收入为7,954,379.4万元，净利润为500,621.3万元。

三、借款展期合同主要内容

1、协议方

出借人：上海电气集团股份有限公司

借款人：苏州天沃科技股份有限公司

2、借款金额：人民币20亿元；

3、年利率：5.85%；

4、借款用途：归还金融机构借款、公司及下属各分、子公司运营资金补充；


证券代码：002564 证券简称：天沃科技 公告编号：2019-026
5、借款期限：

（1）13亿元借款日期为2018年8月21日至2020年2月21日；

（2）7亿元借款日期为2018年8月30日至2020年2月28日。

四、本次关联交易对公司的影响

公司本次借款展期充分考虑了公司目前的资金状况与实际经营情况，有助于拓宽公司融资渠道，有利于公司资金的统筹规划，降低公司财务成本，为公司经营提供资金保障，更好的支持公司业务发展，符合公司和全体股东的利益。

本次借款展期不会影响公司独立性，不会因履行合同而对合同对方形成依赖。

五、备查文件

……
[点击查看PDF原文]
提示：本网不保证其真实性和客观性，一切有关该股的有效信息，以交易所的公告为准，敬请投资者注意风险。
展开阅读全文"
最后的挣扎，跑吧！,"https://guba.eastmoney.com/news,002564,806101588.html",2019-02-27 11:15:23,"最后的挣扎，跑吧！
"
什么时候割韭菜？,"https://guba.eastmoney.com/news,002564,806109019.html",2019-02-27 11:33:44,我不怕。
冲高不减仓，被套才骂娘？,"https://guba.eastmoney.com/news,002564,806092959.html",2019-02-27 10:56:41,"冲高不减仓，被套才骂娘？
"
这几天大盘震荡，小心操做，最好确定回调或再次上冲时再决定加减仓。我也喘口气。,"https://guba.eastmoney.com/news,002564,806090021.html",2019-02-27 10:50:24,这几天大盘震荡，小心操做，最好确定回调或再次上冲时再决定加减仓。我也喘口气。
可以解读为上海电气增资天沃科技,"https://guba.eastmoney.com/news,002564,806087815.html",2019-02-27 10:45:28,可以解读为上海电气增资天沃科技
5.3才套了2个月，我本来10块多的成本，套了2年多了。这个垃圾让我失望之极！这轮还踏空了！！！！虽然这货太垃圾了，但是你这个成本还是能解套的！我只有羡慕的分了...,"https://guba.eastmoney.com/news,002564,805597654.html",2019-02-25 09:52:51,5.3才套了2个月，我本来10块多的成本，套了2年多了。这个垃圾让我失望之极！这轮还踏空了！！！！虽然这货太垃圾了，但是你这个成本还是能解套的！我只有羡慕的分了！
破位了，快跑，最后的机会！,"https://guba.eastmoney.com/news,002564,806068607.html",2019-02-27 10:06:50,"破位了，快跑，最后的机会！泡在信托前面！
"
我去！我要追了啊！,"https://guba.eastmoney.com/news,002564,805926756.html",2019-02-26 14:07:07,"我去！我要追了啊！我用四万股，替大家封板
"
这期横盘,"https://guba.eastmoney.com/news,002564,806064267.html",2019-02-27 09:59:15,这期横盘
天沃科技从5.01跌下来的大坑都填不上，你还在幻想什么？,"https://guba.eastmoney.com/news,002564,804840346.html",2019-02-19 11:21:22,"天沃科技从5.01跌下来的大坑都填不上，你还在幻想什么？坑底也没有成交量，说明这一波反弹，信托狗根本就没有出手，就是大小散户推动的被动反弹而已，跌吧，跌回4块再买，我等着大家！！！
"
涨停,"https://guba.eastmoney.com/news,002564,806055854.html",2019-02-27 09:43:47,涨停
行情这么火爆，公司再不回购成本就高了。,"https://guba.eastmoney.com/news,002564,805685062.html",2019-02-25 13:46:18,行情这么火爆，公司再不回购成本就高了。
明天创投版块带领上3000，你个货咋办,"https://guba.eastmoney.com/news,002564,806022240.html",2019-02-26 22:52:55,明天创投版块带领上3000，你个货咋办
垃圾啊！垃圾！天沃大垃圾！ 我呸！[怒],"https://guba.eastmoney.com/news,002564,805297138.html",2019-02-21 23:35:52,"垃圾啊！垃圾！天沃大垃圾！
我呸！"
最后的跑路机会，卖呀！,"https://guba.eastmoney.com/news,002564,805934060.html",2019-02-26 14:19:51,"最后的跑路机会，卖呀！
"
我准备减仓，你拉了还拉，我到底要不要走,"https://guba.eastmoney.com/news,002564,805934138.html",2019-02-26 14:19:59,我准备减仓，你拉了还拉，我到底要不要走
大盘都跌了，你们还不买？不怕吗？,"https://guba.eastmoney.com/news,002564,805953511.html",2019-02-26 14:51:23,"大盘都跌了，你们还不买？不怕吗？跌停吧
"
这个低价，谁还使劲卖啊，真是脑残！信托资金在里面，没有游资给抬轿子，不涨就不涨呗,"https://guba.eastmoney.com/news,002564,805962823.html",2019-02-26 15:06:45,这个低价，谁还使劲卖啊，真是脑残！信托资金在里面，没有游资给抬轿子，不涨就不涨呗，互相伤害呗，都不挣钱，卖它干啥啊，今天连中国中冶、中国一重都涨停了，我就不信天沃科技和死人一样
如果今天涨到5.4，我再也不在这个吧里出现,"https://guba.eastmoney.com/news,002564,805942159.html",2019-02-26 14:33:22,"如果今天涨到5.4，我再也不在这个吧里出现，垃圾股，跑吧
"
大资金都跑了，你还在留恋什么？抛压,"https://guba.eastmoney.com/news,002564,805939103.html",2019-02-26 14:28:39,"了，你还在留恋什么？抛压
"
我唱空就一直涨，我唱多你是不是就跌了？,"https://guba.eastmoney.com/news,002564,805927814.html",2019-02-26 14:08:58,"我唱空就一直涨，我唱多你是不是就跌了？
"
