标题,链接,发布时间,内容
这个柚子，别人大股东说句话就可三个板 你真金白银被打压了！ 你太老实麼了,"https://guba.eastmoney.com/news,002647,655954479.html",2017-06-15 20:35:00,"这个柚子，别人大股东说句话就可三个板
你真金白银被打压了！
你太老实麼了"
涨幅走势跟去年有点相识，去年高开9%今年低开9% 涨幅都是2%左右。下周一就知道,"https://guba.eastmoney.com/news,002647,644437834.html",2017-05-19 15:26:54,"涨幅走势跟去年有点相识，去年高开9%今年低开9%
涨幅都是2%左右。下周一就知道能不能复制
不过说实话，信心没有呢
尾盘把补的100股卖了"
我的实名举报截图,"https://guba.eastmoney.com/news,002647,480045856.html",2016-07-25 20:55:47,"有识之士，请行动起来。
再次重申，拨打12386、010－66210182、66210166都是没用的，因为这些电话不接受举报，只是记录而已。
要举报，就去http://jubao.csrc.gov.cn/statics/home.jsp实名举报，实名举报才会有后续反馈。

宏磊股份，如果无违规，就算所有股东举报都是没用的，就算举报多少次都是没用的。"
一定要强迫自己把股票的种类降下来 ,"https://guba.eastmoney.com/news,002647,658227012.html",2017-06-20 19:46:58,没有人能阻击你
真心劝柚子：吸货请走大宗，二级市场量不够，严重压制股价！,"https://guba.eastmoney.com/news,002647,654544680.html",2017-06-13 11:38:26,操盘手必须换
集合竞价老子挂跌停走了,"https://guba.eastmoney.com/news,002647,521330208.html",2016-08-08 09:35:06,集合竞价老子挂跌停走了
真过瘾,"https://guba.eastmoney.com/news,002647,656188309.html",2017-06-16 10:47:19,哈哈 真过瘾
与此同时日前,"https://guba.eastmoney.com/news,002647,655997251.html",2017-06-15 22:15:57,既然抓住了高送转的大毒瘤
问下什么时候出半年报？,"https://guba.eastmoney.com/news,002647,657322064.html",2017-06-19 10:24:43,问下什么时候出半年报？
民盛金科:关于资产出售暨关联交易事项的实施进展公告,"https://guba.eastmoney.com/news,002647,654283644.html",2017-06-12 20:49:25,"公告日期：2017-06-13
证券代码：002647 证券简称：民盛金科 公告编号：2017-086



民盛金科控股股份有限公司



关于资产出售暨关联交易事项的实施进展公告



本公司及董事会全体成员保证信息披露内容的真实、准确和完整，没有虚假记载、误导性陈述或重大遗漏。



民盛金科控股股份有限公司（以下简称“公司”）于2017年4月11日、2017



年4月28日分别召开了第三届三十三次董事会、2017年第二次临时股东大会，



审议通过了《关于公司转让持有的诸暨市宏润小额贷款有限公司 14%股权的议



案》。根据本次资产出售暨关联交易安排，公司向交易对手浙江宏磊东南房地产开发有限公司（以下简称“东南房产”）转让公司持有的诸暨市宏润小额贷款有限公司 14%股权。东南房产以现金的方式支付本次交易涉及的款项。（具体内容详见公司2017-041号《关于资产出售暨关联交易的公告》）



根据公司2017年第二次临时股东大会的决议，公司积极实施本次资产出售暨关联交易事宜的相关工作，本次交易双方已按照2017年4月11日签订《资产出售协议》有关条款，完成了本次转让标的物交割手续，且公司于2017年5月12日收到交易对手东南房产支付的第一次交易款人民币1700万元整。



公司已于2017年5月19日与上海江铜营销有限公司在诸暨市工商行政管



理局办理解除了诸暨市宏润小额贷款有限公司14%股权（5600万元）质押登记的



手续，诸暨市工商行政管理局出具了（诸市监）股质登记注字（2017）第 026



号《股权出资注销登记通知书》。



公司又于2017年6月12日收到交易对手东南房产支付的本次交易剩余价



款6800万元整。至此，公司已全部收到本次交易的价款总计8500万元整。



截止目前，公司按照交易双方签署的《资产出售协议》相关条款的约定，按时履约加快推进此次资产出售事项。本次出售的诸暨市宏润小额贷款有限公司14%股权涉及股东变更的事项尚需各级金融办公室审核批准后方可到诸暨市市场监督管理局办理变更登记手续，审批时间存在不确定性，预计大致完成时间在2017年7月底之前。



公司将继续推进本次交易的后续实施工作，并及时履行相关信息披露义务。



本公司郑重提醒广大投资者：《证券日报》、《证券时报》、《上海证券报》、《中国证券报》和巨潮资讯网为本公司指定信息披露媒体，公司所有信息均以在上述指定媒体刊登的信息为准。敬请广大投资者理性投资，注意投资风险。



特此公告



民盛金科控股股份有限公司董事会



二〇一七年六月十二日




[点击查看PDF原文]
提示：本网不保证其真实性和客观性，一切有关该股的有效信息，以交易所的公告为准，敬请投资者注意风险。
展开阅读全文"
科技金融是趋势,"https://guba.eastmoney.com/news,002647,656369169.html",2017-06-16 15:53:25,近两年来，大数据、人工智能、区块链技术的运用正在强力冲击着传统金融机构。在日前举行的2017年中国金融论坛上，业内人士表示，金融科技为金融的发展带来了许多积极的影响，传统金融机构应主动适应金融科技蓬勃发展的新趋势，转变经营理念，加强与金融科技企业的合作以求共赢。
盘口语言说明，尾盘的单子有三单组成，庄家应该是柚子。 不过大股东人品大家有目共睹,"https://guba.eastmoney.com/news,002647,656370699.html",2017-06-16 15:56:15,"盘口语言说明，尾盘的单子有三单组成，庄家应该是柚子。
不过大股东人品大家有目共睹，是个好人，但强龙不压地头蛇，现在被几个看空的中户和恐慌散户联合打压。
由于得不到机构，游资认可，股性较差，基本上很难做，小涨小跌就多，大钱赚不到，游资也看不上。
尾盘除去一个小单，实际上是2176
意思就是说我要吃了，要吃货了，可能是吃够了的意思！下周看情况就知道了！"
今天破成交量纪录?,"https://guba.eastmoney.com/news,002647,653094882.html",2017-06-09 11:34:43,今天破成交量纪录?
明天还是低开低走,"https://guba.eastmoney.com/news,002647,654233165.html",2017-06-12 18:44:18,勉强收红，唉！谁知道明天怎么样啊！
37.2被洗了，35以下再进场,"https://guba.eastmoney.com/news,002647,655043168.html",2017-06-14 11:11:05,37.2被洗了，35以下再进场
截至收盘,"https://guba.eastmoney.com/news,002647,654704861.html",2017-06-13 17:26:19,指数收于10306.92点
经济是个复杂的问题，不是那么简单的零和游戏。,"https://guba.eastmoney.com/news,002647,658261379.html",2017-06-20 20:59:36,请问，公司距离雄安首期30平方公里区域多少公里
37收盘，庄家玩的真好,"https://guba.eastmoney.com/news,002647,657488239.html",2017-06-19 14:54:49,37收盘，庄家玩的真好
金融科技对银行影响挺大的其实,"https://guba.eastmoney.com/news,002647,647967430.html",2017-05-27 13:54:05,金融科技在全球范围内对银行业的影响正逐渐深入：消费者以每年两位数百分比的增速从传统银行迁移到互联网金融，到2020年银行业将有近30%的营收受到影响
BUG已修复，可以用咯,"https://guba.eastmoney.com/news,002647,655922892.html",2017-06-15 19:32:22,
金融科技指数[想一下],"https://guba.eastmoney.com/news,002647,654552917.html",2017-06-13 11:58:54,金融科技指数
柚子，牛。可惜我今天卖了三分之一,"https://guba.eastmoney.com/news,002647,652433804.html",2017-06-07 21:06:30,柚子，牛。可惜我今天卖了三分之一
公司买的山茶油不错！好东西！,"https://guba.eastmoney.com/news,002647,642481456.html",2017-05-15 16:26:24,公司买的山茶油不错！好东西！
不存在周期性意味着公司运营好会持续稳定盈利,"https://guba.eastmoney.com/news,002647,650396767.html",2017-06-02 16:19:44,看民盛金科关于对 2016 年年报问询函回复的公告发现公司第三方支付业务主要销售模式是通过行业直接开拓，聚焦电商、游戏、机票、保险、教育、金融等行业客户，通过北京、上海、广州、深圳四大运营中心以及各地分公司的建设，同时结合发挥代理商作用的方式拓展市场。不存在周期性。
选择了证券投资而巨额亏钱不清仓，剩下资金作为,"https://guba.eastmoney.com/news,002647,657518926.html",2017-06-19 15:41:58,我已经将交易软件设置成红的跌，绿的涨！迷惑自
我已经下单200股,"https://guba.eastmoney.com/news,002647,651303742.html",2017-06-05 14:10:53,我已经下单200股
还包括投资功能,"https://guba.eastmoney.com/news,002647,653484535.html",2017-06-10 12:23:33,国家加大了对房地产的调控力度
今天37.63追高买了10手民盛金科，希望明日解套赚钱,"https://guba.eastmoney.com/news,002647,655248939.html",2017-06-14 17:05:43,今天37.63追高买了10手民盛金科，希望明日解套赚钱
股票永远是废纸 任何追高杀跌的行为都是自寻死路  ,"https://guba.eastmoney.com/news,002647,656100199.html",2017-06-16 05:55:32,似头不是头 还要创新高
调整到位，时空共振，明天大涨，拭目以待,"https://guba.eastmoney.com/news,002647,655730645.html",2017-06-15 14:17:25,调整到位，时空共振，明天大涨，拭目以待
尾盘拉升诱多，明天低开又套一大批,"https://guba.eastmoney.com/news,002647,657945280.html",2017-06-20 11:01:44,外国股票基本在涨 中国股市继续下跌有什么原因
放弃吧，雄安股是千年一遇的好机会！抓住雄安，就是抓住未来！！,"https://guba.eastmoney.com/news,002647,626630396.html",2017-04-10 10:52:22,
经调查了解，金盛其实就是一个空壳公司，穴头不少，庄也持股不少，可惜没用，现在庄也,"https://guba.eastmoney.com/news,002647,656212698.html",2017-06-16 11:25:43,经调查了解，金盛其实就是一个空壳公司，穴头不少，庄也持股不少，可惜没用，现在庄也愁怎么把手里的票出去，关键是一出就跌，不出又不涨。散们别急，庄比咱急，他们还有爆仓的可能。
今天怎么这么多卖盘，肯定有人在出货，大家觉得是谁,"https://guba.eastmoney.com/news,002647,656222360.html",2017-06-16 11:43:22,今天怎么这么多卖盘，肯定有人在出货，大家觉得是谁
58.76买了700股，58.48买了500股，58.29买了500股，总计17,"https://guba.eastmoney.com/news,002647,650359847.html",2017-06-02 15:08:46,58.76买了700股，58.48买了500股，58.29买了500股，总计1700股！持股观战！请问下贴图咋贴的？
今天这么大的单也没个公告！太假的吧！,"https://guba.eastmoney.com/news,002647,657670989.html",2017-06-19 20:28:52,今天这么大的单也没个公告！太假的吧！
竞价有被洗出去的嘛，嘿嘿,"https://guba.eastmoney.com/news,002647,654987389.html",2017-06-14 09:55:09,竞价有被洗出去的嘛，嘿嘿
商务部部长钟山谈中美经贸：贸易战有百害而无一,"https://guba.eastmoney.com/news,002647,653851348.html",2017-06-11 21:55:18,黄光裕出狱之后，董明珠会不会找他搭伙？
周K线的缺口看来必补了。明天开盘34.88，然后下探,"https://guba.eastmoney.com/news,002647,654212119.html",2017-06-12 17:50:24,周K线的缺口看来必补了。明天开盘34.88，然后下探
散户说，熊市了还有多少人要炒股呢？,"https://guba.eastmoney.com/news,002647,658182387.html",2017-06-20 18:14:38,跟大部分老不姓已经没啥关系，爱咋咋的！
股票长期下跌后反弹到长期下降趋势上轨处选择回调的,"https://guba.eastmoney.com/news,002647,655401217.html",2017-06-14 22:24:38,"股票长期下跌后反弹到长期下降趋势上轨处选择回调的,说明长期趋势线的压力不小,同时也显示这样的股票中的主力做多意愿的不坚决,应该波段卖出,等待股价重新跌回下轨处买回。一般讲,30日、60日、半年线(120日)和年线(250日)的压力都比较大,很可能成为阶段性顶部,如果这些阻力位被有效突破,则应该反手做多。"
我的天啊，走势太稳了！,"https://guba.eastmoney.com/news,002647,654157108.html",2017-06-12 15:44:59,我的天啊，走势太稳了！
主动吸筹,"https://guba.eastmoney.com/news,002647,647503709.html",2017-05-26 13:31:01,主动吸筹
同时出生于1974年的晋中郝建明和郝江波为晋中大户郝氏家族的杰出代表，他们两人的,"https://guba.eastmoney.com/news,002647,657848530.html",2017-06-20 07:23:54,同时出生于1974年的晋中郝建明和郝江波为晋中大户郝氏家族的杰出代表，他们两人的关系是咋样的，双胞胎还是堂兄妹
合利宝,"https://guba.eastmoney.com/news,002647,650344368.html",2017-06-02 14:46:11,"目前已经知道的是合利宝支付已与近百家合作机构就银行卡收单服务签订了市场拓展相关协议；创新业务方面，合利宝支付已向多家客户提供了行业定制支付服务业务，未来会以支付为基础，围绕支付做创新服务。
很厉害啊，加油！！！！！"
洪磊今天怎么了啊。涨的我都快性高潮了。这相当于涨停了。,"https://guba.eastmoney.com/news,002647,651318871.html",2017-06-05 14:37:26,洪磊今天怎么了啊。涨的我都快性高潮了。这相当于涨停了。
股性不活跃，一天白忙活。,"https://guba.eastmoney.com/news,002647,657959652.html",2017-06-20 11:24:03,
几笔大宗交易搞乱了股吧,"https://guba.eastmoney.com/news,002647,658335530.html",2017-06-21 00:09:21,
佛山无影脚进场，你们既然还敢买进？,"https://guba.eastmoney.com/news,002647,658290798.html",2017-06-20 22:06:15,昨天一分，今天一分，什么鬼啊
又拉银行股了！,"https://guba.eastmoney.com/news,002647,658276631.html",2017-06-20 21:33:50,阿弥陀佛保佑，放量吧！床前明月光，我是股元亨
如果说混改还可以看做是市场的一个热点的话,"https://guba.eastmoney.com/news,002647,658269755.html",2017-06-20 21:18:07,因为第一批明确进行混改的行业并没有油气行业
步步说股毛估估（11）,"https://guba.eastmoney.com/news,002647,657940789.html",2017-06-20 10:54:57,双底锅画出来了，就怕浇下来的是一瓢冷水!
记录以后大盘每一天,"https://guba.eastmoney.com/news,002647,657883682.html",2017-06-20 09:31:25,@可以买了!
没公告，明天继续跌，庄家自慰。,"https://guba.eastmoney.com/news,002647,657148211.html",2017-06-18 21:13:49,没公告，明天继续跌，庄家自慰。
黑心记者,"https://guba.eastmoney.com/news,002647,653142969.html",2017-06-09 13:37:52,不明白为什么总有那么多黑心记者，做媒体能不能站在公正公平的态度上
无语了!,"https://guba.eastmoney.com/news,002647,654478668.html",2017-06-13 09:43:11,无语了!
宏磊在同花顺那早更名了，东财神叨叨的，一会儿是民盛金科，这又是宏磊了。有股友说我,"https://guba.eastmoney.com/news,002647,655991952.html",2017-06-15 22:02:42,宏磊在同花顺那早更名了，东财神叨叨的，一会儿是民盛金科，这又是宏磊了。有股友说我软件没更新的，难道就我遇仙了？
幸亏今天早盘卖了部分，又吹公告了！哈哈？明天接回！！！,"https://guba.eastmoney.com/news,002647,654284674.html",2017-06-12 20:52:03,幸亏今天早盘卖了部分，又吹公告了！哈哈？明天接回！！！
抽什么风，大盘大涨，尾盘居然大跌。,"https://guba.eastmoney.com/news,002647,655910739.html",2017-06-15 19:08:32,抽什么风，大盘大涨，尾盘居然大跌。
这一笔是庄本尊吗？,"https://guba.eastmoney.com/news,002647,654502697.html",2017-06-13 10:25:47,这一笔是庄本尊吗？
公告，魔咒。,"https://guba.eastmoney.com/news,002647,652177324.html",2017-06-07 10:38:10,望破除魔咒
关了吧！,"https://guba.eastmoney.com/news,002647,656099542.html",2017-06-16 05:50:03,双针探底，股民多数都亏大了，没人愿意炒股了！
更体现了管理层对市场的多头思维,"https://guba.eastmoney.com/news,002647,652278743.html",2017-06-07 14:24:24,如果说混改还可以看做是市场的一个热点的话
6月9日，深圳市福田区金融发展事务署与深圳证券信息有限公司联合发布香蜜湖金融科技,"https://guba.eastmoney.com/news,002647,655348146.html",2017-06-14 20:09:52,"6月9日，深圳市福田区金融发展事务署与深圳证券信息有限公司联合发布香蜜湖金融科技指数（简称“金融科技”，代码“399699”）。该指数以2017年5月26日为基日，基点为3000点，旨在反映深圳市场金融科技相关上市公司的整体表现，向市场提供更丰富的业绩基准和投资标的。
据悉，该指数以深交所上市的金融科技相关企业为样本，选取满足入围标准的所有股票构成指数样本股，其中民盛金科（代码“002647”） 以总股本373,291,100 、 流通股本373,291,100成为最新一期样本股之一。

该指数每年1月和7月的第一个交易日实施样本股定期调整，自2011年12月底至2017年4月底，金融科技指数实现累计收益199%，同期沪深300累计收益46.64%。

深交所网站公告显示，金融科技指数界定产业覆盖分布式技术（包括区块链、云计算）、互联技术（电子及网络支付）、金融安全以及互联网金融（网络借贷等）等领域。以民盛金科为例，其于2016年通过收购合利宝获得全国性银行卡收单、互联网支付及移动电话支付三类业务牌照，随即先后设立互联网支付、小额贷款、保险经纪、征信公司，以及构建金融大数据平台，积极发展金融科技事业。在不到1年的时间内实现华丽转身成为“金融科技”类公司并能够取得首年净利高速增长。
据统计，目前A股市场与金融科技相关的上市公司共71家，其中59家在深交所上市，总市值超过6400亿元。"
全仓买入[牛][牛][牛],"https://guba.eastmoney.com/news,002647,651670882.html",2017-06-06 09:57:40,全仓买入
月线会收长针，站50元以上。7月份见高点88元。你有信心吗？,"https://guba.eastmoney.com/news,002647,654309164.html",2017-06-12 21:53:47,月线会收长针，站50元以上。7月份见高点88元。你有信心吗？
49自己慢慢消化掉,"https://guba.eastmoney.com/news,002647,655593663.html",2017-06-15 10:43:12,49自己慢慢消化掉
周五买的哈森股份跟正虹科技今天表现尚可，继续持有。。 某股票突然停牌，让我今年损,"https://guba.eastmoney.com/news,002647,651270797.html",2017-06-05 13:16:21,"周五买的哈森股份跟正虹科技今天表现尚可，继续持有。。
某股票突然停牌，让我今年损失惨重"
热烈祝贺民金与中信合作 猜猜中信图的啥呢？还是妥协的结果？[微笑],"https://guba.eastmoney.com/news,002647,654305209.html",2017-06-12 21:44:09,"热烈祝贺民金与中信合作
猜猜中信图的啥呢？还是妥协的结果？"
民盛牛[献花][献花][献花]，,"https://guba.eastmoney.com/news,002647,654659957.html",2017-06-13 15:41:30,民盛牛，
还故意守在五日均线上沿，搞笑啊！！！,"https://guba.eastmoney.com/news,002647,652788487.html",2017-06-08 16:54:03,还故意守在五日均线上沿，搞笑啊！！！
股指二次探底成功 大盘有望展开反弹,"https://guba.eastmoney.com/news,002647,656727066.html",2017-06-17 12:18:42,"↓空城计正在惊现多少座'底特律""?"
犹豫不前就得提防再次下杀的风险,"https://guba.eastmoney.com/news,002647,652939004.html",2017-06-09 01:06:04,先锋电子连续暴涨后今日便被主力砸盘致跌停等
36.7走了，赚9个点，过几天大盘不好再来,"https://guba.eastmoney.com/news,002647,654631500.html",2017-06-13 14:44:59,36.7走了，赚9个点，过几天大盘不好再来
民盛金科:关于收到深交所监管函及致歉的公告,"https://guba.eastmoney.com/news,002647,654709485.html",2017-06-13 17:36:38,"公告日期：2017-06-14
证券代码：002647 证券简称：民盛金科 公告编号：2017-087



民盛金科控股股份有限公司



关于收到深交所监管函及致歉的公告



本公司及董事会全体成员保证信息披露内容的真实、准确和完整，没有虚假记载、误导性陈述或重大遗漏。



一、存在的问题



鉴于民盛金科控股股份有限公司（以下简称“公司”）在2016年度业绩预



告修正公告中披露的修正后的预计净利润以及在2016年度业绩快报中披露的净



利润与实际数据差异较大，违反了深交所《股票上市规则（2014年修订）》第2.1



条、第11.3.3条和第11.3.7条及《中小企业板上市公司规范运作指引》第5.3.4



条的规定。深圳证券交易所（以下简称“深交所”）中小板公司管理部于近期向公司出具《关于对民盛金科控股股份有限公司的监管函》（中小板监管函【2017】第 78 号）。



二、主要的原因及致歉



造成公司2016年度业绩预告修正数据与实际数据差异较大的主要原因是重大资产购买重组事项标的公司广东合利金融科技有限公司（以下简称“合利金融”）在2016年度盈利预测未达标。公司于2016年10月31日完成对合利金融90%股权收购以来，由于公司接管合利金融晚于预期，导致管理团队的融合、扩充进度及各业务开展进度慢于预期，合利金融招募的支付领域的专业管理团队及人员未能及时到位，使得支付业务未能按计划进行有效拓展。同时，为了充分防止发生短期内交易数量快速上涨导致的系统软硬件及技术风险，合利金融控股子公司广州合利宝支付科技有限公司（以下简称“合利宝支付”）除了在原有系统上对支付业务系统进行全面升级，也进行了开发建设新的业务系统，在一定程度上影响了业务量的增长。合利宝支付的第三方支付业务未能按原计划开展，加之公司在团队建设、系统开发、产品研发、销售渠道建设等方面加大投入，因此对合利金融业绩产生一定的影响。



按照中国证监会《上市公司重大资产重组管理办法》第五十九条款的相关规定，针对公司在实施重大资产购买重组标的资产在2016年度实际运营情况与盈利预测存在较大差距的事项，公司及公司董事长闫伟先生、总经理胡德明先生；独立财务顾问新时代证券股份有限公司及主办人董晓瑜先生、赖波文先生、刘书锦先生（已离职）；资产评估机构万隆（上海）资产评估有限公司及资产评估师侯红骏女士、刘希广先生向投资者致歉。



三、公司的整改措施



公司董事会充分重视上述问题，认真分析了原因，吸取教训，及时整改，杜绝上述问题的再次发生。整改措施如下：



1、公司有针对性地组织董事、监事、高级管理人员、公司财务人员、内部审计人员、业务部门负责人就证券法律法规、财务管理、收入确认、资金往来等相关问题进行了专项培训，主要内容有：《深交所股票上市规则》、《深交所中小企业板上市公司规范运作指引》《关于规范上市公司与关联方资金往来及上市公司对外担保若干问题的通知》（证监发[2003]56 号）、《公司章程》、《年报信息披露重大差错责任追究制度》、《重大信息内部报告制度》、《信息披露管理制度》、《重大交易事项决策管理制度》等相关法律法规及公司内控制度进行分期系统的专题培训，以增强相关责任人员的合规意识，提升公司董监高人员和关键岗位责任人规范运作意识，促使其严格遵守法律法规及公司内部控制制度的规定。



2、随着公司对合利金融的整合工作不断进行，未来公司将采取一系列措施来增强合利金融的盈利能力和提升合利金融的利润水平。合利金融将加快拓展各项业务，不断加强和丰富合利金融的业务结构，扩大合利金融的业务规模，除了继续大力拓展第三方支付业务外，积极拓展合利金融的保理等业务，打造以支付为入口的金融科技生态闭环，通过多元化的业务模式，为合利金融的业绩提供有力支撑。同时，上市公司积极推进对合利金融的整合工作，在实现控制合利金融的同时，加大在团队建设、系统开发、销售渠道、产品研发、通道建设等方面的投入，夯实公司的业务基础，为后续的业务规模发展、提升盈利能力提供全力支持。同时，为充分保障上市公司及上市公司中小股东权益，同时考虑到合利金融未来业务的开展和布局情况，上市公司控股股东和柚技术集团有限公司针对本次重大资产购买的合利金融的交易实施完毕后连续两个会计年度的净利润自愿单方面作出了业绩补偿承诺，于2017年4月26日与上市公司签署了《业绩承诺补偿协议》。



公司将强化内部控制管理，不断提升规范运作水平，加快推进合利金融的业务拓展，增强盈利能力，促进其运营水平能达到盈利预测目标值，切实维护上市公司及全体股东的……
[点击查看PDF原文]
提示：本网不保证其真实性和客观性，一切有关该股的有效信息，以交易所的公告为准，敬请投资者注意风险。
展开阅读全文"
刚发现，民盛金科，质押比率高了，现在是35%了！[鼓掌],"https://guba.eastmoney.com/news,002647,651469856.html",2017-06-05 20:14:17,刚发现，民盛金科，质押比率高了，现在是35%了！
跌也跌不了。处于高度控盘。加上全部质押。,"https://guba.eastmoney.com/news,002647,645626466.html",2017-05-23 09:33:13,跌也跌不了。处于高度控盘。加上全部质押。
收购标的首份业绩亏损 民盛金科转型支付“很有信心”,"https://guba.eastmoney.com/news,002647,652097761.html",2017-06-07 05:48:33,"来源：每日经济新闻
　　收购广东合利金融科技服务有限公司(以下简称合利金融)，是民盛金科(002647，SZ)转型为第三方支付相关产业金融科技型公司的重要布局，但现在看来，民盛金科的转型之路因合利金融的业绩而显得不那么乐观——在完成被收购的首个会计年度，合利金融便出现了亏损问题，而且在2017年1月~4月，合利金融的实际业绩也远不如预期。
　　同时，民盛金科发布的2016年年报，被会计师事务所出具了“非标准无保留”的审计意见。双方争论的焦点在于，2016年度是否要对合利金融进行商誉减值。5月19日、24日，在分别回复深交所和浙江证监局的问询时，民盛金科均表示，第三方支付行业前景可观，对合利金融在未来的业绩充满“信心”，同时准备开展保理等业务，从而打造金融科技全服务平台。因此，无需对合利金融在2016年进行商誉减值。
　　多位业内人士分析，当前企业收购第三方支付公司，多是为了辅助自身业务，因为支付行业仍是薄利行业，需要相应的产业支撑，类似民盛金科这种收购后主做支付的企业，还是较为少见。而对上市公司而言，商誉减值将不利于项目的推荐，以及后续的资本运作。
　　收购当年标的业绩未达预期
　　公开资料显示，合利金融成立于2000年6月16日，注册资本约为1.11亿元，该公司并无实际实体经营，其主营业务主体是持有90%股权的子公司——广州合利宝支付科技有限公司(以下简称合利宝支付)。自2014年以后，大宗商品交易所相关的第三方支付业务，成为合利宝支付在报告期内的主要利润来源。
　　原有主业不振，是收购合利金融的重要原因。据民盛金科相关公告，上市公司原主营业务为漆包线、高精度铜管材和其他铜材的研发、生产和销售，在2014年、2015年和2016年，反映主营业务盈利能力的营业利润，分别亏损约6901.4万元、3亿元和6991.23万元。对此，民盛金科对原有业务进行了重大资产出售。
　　同时，基于行业的广阔前景，上市公司决定进军第三方支付行业。民盛金科在2016年9月14日发布了《重大资产重组报告书(草案)》，拟以14亿元现金购买张军红持有的合利金融90%股权；2017年1月11日，民盛金科全资子公司深圳民盛大数据技术有限公司又完成对合利金融剩余10%股权的收购。
　　然而，在收购后的首个会计年度，标的业绩未达预期。据民盛金科2016年年报，合利金融在报告期处于亏损状态。而《重大资产重组报告书(草案)》显示，对应合利金融90%股权，其子公司合利宝支付的收益法评估结果，2016年4月~12月实现的净利润应为2920.81万元。
　　民盛金科在回复深交所问询函中回应称，公司因取得合利金融控制权的时间晚于预期，自2016年10月31日完成对合利金融90%股权的收购，合利宝支付的第三方支付业务未能按原计划开展，加之公司在团队建设、系统开发、产品研发、销售渠道建设等方面加大投入，对合利金融的业绩产生了一定的影响。
　　曾在国内大型第三方支付平台任职一位资深人士表示，第三方支付是一个比较薄利的行业，目前来说，第三方支付企业的单独获利能力还很弱。
　　6月2日开始，《每日经济新闻》记者就相关问题多次致电民盛金科证券部，并向民盛金科2016年年报中公示的电子邮箱发送采访函，但是截至发稿均未获回复。
　　年报被出具“非标”意见
　　值得注意的是，在2016年度，民盛金科非同一控制下企业合并合利金融后，形成了约11.94亿元的商誉。虽然合利金融在2016年出现亏损，但是民盛金科在回复浙江证监局问询时认为，较为乐观的业绩增长假设合理，在此前提下，公司测算包含分摊商誉的资产组的可回收金额为19.1亿元较为恰当。即在报告期内，无需对合利金融进行商誉减值。
　　而作为本次年报审计机构，中汇会计师事务所(特殊普通合伙)认为，在较为不景气的宏观经济环境下，可能偏于保守的业绩假设下的第三方支付业务收入的增长水平，或者介于较为乐观和较为保守两者之间的区间，可能更符合第三方支付行业的整体增长趋势。民盛金科在深交所问询时提及，商誉如存在减值，减值损失应在0至2525万元之间。
　　然而，上市公司与会计师事务所的意见无法达成一致，导致民盛金科在2016年年报的审计意见，被中汇会计师事务所(特殊普通合伙)出具为非标准无保留。
　　中略资本创始合伙人高健锋分析，商誉减值就是衡量项目成功与否的一个指标，对于上市公司的市值和股价都会有影响。
　　从更长远来看，商誉减值或将影响后续的资本运作，产生恶性循环。高健锋进一步分析，如果开始商誉减值，或者商誉减值太厉害，上市公司或者是大股东将难以对机构投资者交代。在后续的资本运作中，其他机构投资者和股东将会进行回避。
　　据民盛金科发布的《重大资产重组报告书(草案)》显示，上市公司与张军红达成协议，张军红未向民盛金科作出业绩承诺，也未设定业绩补偿。不过，民盛金科的控股股东对合利金融的业绩，似乎颇有“信心”。
　　据民盛金科相关公告，作为民盛金科控股股东，天津柚子资产管理有限公司(已更名为和柚技术集团有限公司)承诺，在2017年、2018年度，合利金融的净利润数额分别不低于1.14亿元和2.18亿元，并将就合利金融实现净利润与承诺净利润数的差额予以补偿。
　　业绩预测如何实现
　　财务数据显示，2017年1月~4月，合利金融未经审计的营业收入为2633.86万元，其中银行卡收单业务贡献了75%的营业收入。而据民盛金科公告，公司对合利金融在2017年的业绩，分别进行了乐观与保守的业绩增长假设，营业收入分别为6.53亿元和4.71亿元。
　　显然民盛金科与其控股股东对合利金融充满期待，但是与具体的经营情况对比，不管对合利宝支付业务的预测是乐观还是保守，或许都显得有些“乐观”。
　　移动支付网分析师慕楚称，第三方支付市场已经到了巨头时代，其他支付机构生存较为艰难。
　　前述资深人士告诉《每日经济新闻》记者，要达到上述业绩预期，除非企业的主营业务不是第三方支付，而是去做其他的金融业务，支付业务只是为了合规。比较普遍的收购是，大量有场景、有产业的公司去收购第三方支付公司，收购公司所在的产业有巨大的支付需求，能抗衡支付所产生的成本。其实，这些收购公司并不是要在支付上获利，而是通过获得金融牌照来达到合规。
　　那么作为一家受上市公司期待，却可能在经营上无法“乐观”的企业，合利金融及其子公司合理宝支付如何看待专业人士提出的问题？
　　6月2日上午，按照国家企业信息公示系统显示的合利金融注册地址，记者来到广州市南沙区丰泽东路106号15层1501房。但在询问15层工作人员和该栋大楼前台后被告知，并不知道此处有合利金融这家企业。
　　于是，记者又驱车赶往合利宝支付所在地——广州市天河区珠江东路28号越秀金融大厦40楼。记者在走出电梯后找到了一位工作人员，在会议室，这位工作人员表示，公司总经理与总经办主任均已出差，需要另约采访时间。当晚，该工作人员又回复记者，已与相关部门协调，确定时间后会跟记者联系沟通。
　　6月6日，记者再次向合利宝支付的工作人员提出采访请求，但截至发稿未获回应。
（来源：每日经济新闻 2017-06-07 05:48）[点击查看原文]
展开阅读全文"
立贴为证，提前预测明日民盛金科必将大阳收报,"https://guba.eastmoney.com/news,002647,655298554.html",2017-06-14 18:34:47,立贴为证，提前预测明日民盛金科必将大阳收报
没见过这种票，什么时候都跌!,"https://guba.eastmoney.com/news,002647,654477512.html",2017-06-13 09:40:54,没见过这种票，什么时候都跌!
主力控盘程度高类个股,"https://guba.eastmoney.com/news,002647,650945656.html",2017-06-04 09:36:43,具有极其重要的实战意义
到尾盘了[哭][哭][哭],"https://guba.eastmoney.com/news,002647,657683080.html",2017-06-19 20:52:00,亿万股民对烂股市恨之入骨
竞猜，哪个战略伙伴进来了,"https://guba.eastmoney.com/news,002647,657309678.html",2017-06-19 10:09:29,竞猜，哪个战略伙伴进来了
对于这类公司的高送转,"https://guba.eastmoney.com/news,002647,657447611.html",2017-06-19 13:54:59,按比价效应
交易凝滞了诶,"https://guba.eastmoney.com/news,002647,657425603.html",2017-06-19 13:19:33,交易凝滞了诶
看来要让散户进来不容易呀！,"https://guba.eastmoney.com/news,002647,657313168.html",2017-06-19 10:13:21,看来要让散户进来不容易呀！
精彩，哪个战略伙伴进来了,"https://guba.eastmoney.com/news,002647,657309500.html",2017-06-19 10:09:06,精彩，哪个战略伙伴进来了
麻辣个巴子,"https://guba.eastmoney.com/news,002647,657295717.html",2017-06-19 09:50:56,周五割肉，今天你就疯
推土机战法打死你,"https://guba.eastmoney.com/news,002647,657292072.html",2017-06-19 09:44:39,推土机战法打死你
民盛金科:关于公司股票停牌的公告,"https://guba.eastmoney.com/news,002647,634815295.html",2017-04-27 20:34:53,"公告日期：2017-04-28
证券代码：002647 证券简称：民盛金科 公告编号：2017-064



民盛金科控股股份有限公司



关于公司股票停牌的公告



本公司及董事会全体成员保证信息披露内容的真实、准确和完整，没有虚假记载、误导性陈述或重大遗漏。



民盛金科控股股份有限公司（以下简称“公司”）2016年度财务报告的审计机构中汇会计师事务所(特殊普通合伙)在《关于对民盛金科控股股份有限公司2016年度财务报表出具保留意见的专项说明》中，就保留意见涉及的事项对“非标准无保留审计意见涉及的事项对报告期内公司财务状况和经营成果的影响”发表了“由于我们无法对民盛金科公司商誉减值测试结论的适当性作出准确判断，从而无法确定是否需对商誉减值准备作出调整，因此也无法确认非标准无保留审计意见涉及的事项对报告期内公司财务状况和经营成果产生的具体影响。”的意见。



由于公司2016年度财务报告审计机构所发表的意见不符合《深圳证券交易



所股票上市规则》6.11（二）条“非标准无保留审计意见涉及事项对报告期公司财务状况和经营成果影响的具体金额，若影响的金额导致公司盈亏性质发生变化的，应当明确说明”的要求，公司将配合审计机构就公司2016年度保留意见审计报告涉及事项对报告期公司财务状况和经营成果的影响展开相应工作。为避免公司股票的波动，特向深圳证券交易所申请公司股票（股票简称：民盛金科，股票代码：002647）自 2017年 4月 28 日开市起停牌，待公司审计机构发表明确结论性意见后申请复牌。



公司指定信息披露媒体为《中国证券报》、《证券时报》、《上海证券报》、《证券日报》和巨潮资讯网（http://www.cninfo.com.cn），有关公司的信息均以在上述指定媒体刊登的为准，敬请广大投资者关注相关公告，并注意投资风险。



特此公告



民盛金科控股股份有限公司董事会



二〇一七年四月二十八日




[点击查看PDF原文]
提示：本网不保证其真实性和客观性，一切有关该股的有效信息，以交易所的公告为准，敬请投资者注意风险。
展开阅读全文"
广发证券：A股未来一到两年很可能是“慢熊”格局 06-18 16:39&#160;&#160;来源：,"https://guba.eastmoney.com/news,002647,657166682.html",2017-06-18 22:11:51,"广发证券：A股未来一到两年很可能是“慢熊”格局
06-18 16:39  来源：证券时报网
147评论
广发证券今日发布策略观点认为，A股历史上值得借鉴的两次“慢熊”是01~05年和11~12年。股市的中期趋势是受盈利、利率、风险偏好这三方面的共同影响——更形象的说：这对应着“天时”(盈利)、“地利”(利率)、“人和”(风险偏好)。而从过去的历史经验来看，只有在“天时、地利、人和”至少占两个的时候，A股市场才具备牛市的环境(06~07年牛市、09年牛市是“天时、人和”，14~15年牛市是“地利、人和”)。但是展望未来一到两年，首先A股盈利增速的高点应该就在今年一季度，接下来很可能进入连续两年的盈利下行周期；其次，在“金融去杠杆”没有完成之前，国内或将处于漫长的利率上行周期之中。这样来看，“天时”和“地利”的条件已不具备，A股市场在未来一到两年很可能是“慢熊”格局。而2000年以来A股市场一共经历了三轮熊市，其中07~08年属于“快熊”；真正能给予我们借鉴的是01~05年“慢熊”和11~12年“慢熊”。
“慢熊”的特点之一是估值距离底部的空间不等于股价距离底部的空间——由于“慢熊”的时间跨度较长，因此盈利的波动会影响估值向股价的传导。三次熊市的PE(TTM)底部都在20倍左右的水平。而目前A股剔除金融的PE是31.5倍，距离底部还有接近40%的空间，因此一些悲观的投资认为大盘指数也还要跌40%才见底。但是从历史经验来看，由于“慢熊”的时间跨度长，在这个过程中企业盈利也会发生明显的波动，从而使得盈利波动会影响估值向股价的传导——比如01~05年“慢熊”中，虽然PE的跌幅高达70%(从68倍下降到20倍)，但大盘指数的跌幅只有55%(从2200点跌到1000点)，因为在这个过程中A股五年盈利累计增长了22%，帮助缓冲了估值下降对股价的冲击；又如2011~2012年的“慢熊”中，虽然PE的跌幅只有31%(从29倍下降到20倍)，但大盘指数的跌幅接近40%(从3159点跌到1950点)，因为在这个过程中A股两年盈利累计下跌了11%，反而进一步放大了估值对股价的冲击。再结合当前来看，虽然估值距离底部还有接近40%的空间，但是考虑到A股剔除金融在2017~18年的两年盈利累计增速可能有20%~30%，因此会帮助缓冲估值下降对股价的冲击，大盘指数距离底部的空间应该会远小于40%。
“慢熊”的特点之二：“双二法则”——在“慢熊”中，“熊市反弹”的持续时间很难超过2个月，上涨幅度很难超过20%。在历史上的两次“慢熊”中，大盘指数并不是持续下跌，而是“熊市反弹”和“阴跌”的交织，因此会形成很多小波段。而在这些小波段中，虽然每次下跌的时间和跌幅都没什么规律，但是在“熊市反弹”阶段的规律还是很明显——那就是几乎每一次“熊市反弹”的时间窗口都不超过2个月，反弹幅度也无法突破20%(唯一一次例外是2003年下半年的“五朵金花”阶段，当时反弹了4个月，上涨了35%)。再结合当前来看，本来投资者的一致预期是：考虑到6月份MPA考核导致流动性紧张，而三季度预计会有政策维稳，因此“6月份跌透、三季度反弹”；但近期监管层已经出台了一系列“维稳”措施(减持新规、IPO减速、央行投放流动性表态，等等)，这使得6月份的大盘指数就出现了反弹，但也打乱了一致预期的节奏，尤其受“双二法则”的影响，三季度的市场趋势可能并不会一帆风顺。
“慢熊”的特点之三： 3%的 “抱团赢家”——在“慢熊”过程中能有一到两成的个股因被“抱团”而创新高，但等“慢熊”结束时只有3%的个股还能保持正收益。今年以来虽然市场整体表现疲弱，但是一些被“抱团”的个股大幅跑赢市场，甚至有149只股票创了历史新高。不过根据我们对历史的统计发现，其实在“慢熊”之中股价创新高并不是稀罕事——01~05年“慢熊”中有172只股票创历史新高，11~12年“慢熊”中有208只股票创历史新高，在数量上占当时A股总体的比重能达到一至两成。但是当整个“慢熊”接近尾声时，我们再回过头来看这些曾经创新高的股票，却发现大部分还是逃不过下跌的命运——在两轮“慢熊”结束时，最终仅有占A股总体不到3%的个股既在熊市中创了股价新高，还在熊市结束时保持有正收益。再结合当前来看，虽然“抱团”行为短期很难结束，但是未来可能不断会有个股因为自身条件不足而被踢出“抱团”的阵营(比如估值过高、业绩低于预期，等等)，等本轮“慢熊”结束最终还能保持正收益的个股可能并不会太多。
编辑：东方财富网
正文分享至  朋友圈新浪微博
"
快递公司 cctv-13,"https://guba.eastmoney.com/news,002647,653071256.html",2017-06-09 10:54:41,有信仰的中技股东战无不胜保我成城，踏平朱
拉到3064.14,"https://guba.eastmoney.com/news,002647,656766552.html",2017-06-17 14:20:13,昨天的那个盘中拉高就
两市缩量翻红 创业板反弹逾1%,"https://guba.eastmoney.com/news,002647,656647058.html",2017-06-17 08:19:18,菜鸟哥5.24短评哪天创业板翻红哪天买入补仓
买买买,"https://guba.eastmoney.com/news,002647,655027875.html",2017-06-14 10:50:44,买买买
今天这走势看不懂[大笑],"https://guba.eastmoney.com/news,002647,650451100.html",2017-06-02 18:09:27,大家说说这股为什么爆跌！能不能抄底阿
明天配股了吧，应该封涨停了吧,"https://guba.eastmoney.com/news,002647,648759403.html",2017-05-30 21:04:33,明天配股了吧，应该封涨停了吧
撤了，亏点就亏点，不伺候了,"https://guba.eastmoney.com/news,002647,652457344.html",2017-06-07 22:25:06,再放量就是启动时
出公告必须大跌，目前为止没人改变了。,"https://guba.eastmoney.com/news,002647,654481544.html",2017-06-13 09:48:15,出公告必须大跌，目前为止没人改变了。
真正的良心股啊，外面早已血流成河。,"https://guba.eastmoney.com/news,002647,649728848.html",2017-06-01 15:30:44,真正的良心股啊，外面早已血流成河。
民盛金科:关于对浙江证监局监管关注函回复的公告,"https://guba.eastmoney.com/news,002647,645970720.html",2017-05-23 18:58:12,"公告日期：2017-05-24
证券代码：002647 证券简称：民盛金科 公告编号：2017-076



民盛金科控股股份有限公司



关于对浙江证监局监管关注函回复的公告



本公司及董事会全体成员保证信息披露内容的真实、准确和完整，没有虚假记载、误导性陈述或重大遗漏。



民盛金科控股股份有限公司（以下简称“民盛金科”或“公司”）于近期收到浙江证监局《上市公司监管关注函》（浙证监公司字（2017）71 号），经公司认真核查，现将相关问题回复并公告如下：



一、2016年，合利金融营业收入3,838.85万元，净利润-1242.44万元，



远低于重大资产重组报告书中收益法预测金额。请说明合利金融2016年经营状



况与预测数据差异较大的原因，你公司是否对合利金融经营状况的预测过于乐观。



回复：



2016年度，广东合利金融科技服务有限公司（以下简称“合利金融”）实际



经营情况与预测数据有较大的差异，其原因如下：



由于公司取得合利金融控制权的时间晚于预期，使得合利金融相关业务受到较大影响，导致管理团队的融合、扩充进度及各业务开展进度慢于预期，公司招募的支付领域的专业管理团队及人员未能及时到位，使得公司支付业务未能按计划进行有效拓展。



同时，为了充分防止发生短期内交易数量快速上涨导致的系统软硬件及技术风险，合利宝支付除了在原有系统上对支付业务系统进行全面升级，同时也进行开发建设新的业务系统，因此在一定程度上影响了业务量的增长。



因上述原因，自2016年10月31日公司完成对合利金融90%股权收购以来，



合利宝支付的第三方支付业务未能按原计划开展，加之公司在团队建设、系统开发、产品研发、销售渠道建设等方面加大投入，对合利金融业绩产生一定的影响。



公司自接管后，积极推进对合利金融的整合工作，在实现控制合利金融的同时，加大在团队建设、系统开发、销售渠道、产品研发、通道建设等方面的投入，夯实公司的业务基础，为后续的业务规模发展、提升盈利能力提供有效支持。随着公司对合利金融的整合工作不断进行，未来公司将采取一系列措施来增强合利金融的盈利能力和提升合利金融的利润水平。



2017年1-4月，合利金融各项业务实际经营情况如下（未经审计）：



单位：元



收入 2017年1-3月 2017年4月 2017年1-4月



互联网支付业务 1,856,012.68 314,349.51 2,170,362.19



银行卡收单业务 16,431,082.78 3,308,975.96 19,740,058.74



ATM业务 4,622.64 -- 4,622.64



保理业务 2,594,339.62 1,829,192.45 4,423,532.08



合计 20,886,057.72 5,452,517.92 26,338,575.65



互联网支付业务：截止本回复披露日，广州合利宝支付科技有限公司（以下简称“合利宝支付”）互联网支付和移动支付业务新增签约客户数十家，较之前线上客户数量大增，线上业务的市场开拓较为显着。2017年1-4月，手续费收入累计达217万元。随着合利金融2017年4月现阶段的各项工作部署包括现阶段系统升级改造、团队建设、产品开发、通道开拓、市场渠道建设等方面的达成，线上业务新客户逐步接入，线上业务从2017年5月起显着增长。公司通过深耕移动支付和互联网支付领域，开拓网关、快捷、无卡、扫码等线上产品，预计线上业务将能达到预期增长水平，公司互联网支付业务的盈利能力将得以提升。



银行卡收单业务：截止本回复披露日，合利宝支付已与近百家合作机构就银行卡收单服务签订了市场拓展相关协议。2017年1-4月，手续费收入累计达1,974万元。随着合利金融2017年4月现阶段的各项工作部署包括现阶段系统升级改造、团队建设、产品开发、通道开拓、市场渠道建设等方面的达成，尤其是北京、上海、广州、深圳四大运营中心以及各……
[点击查看PDF原文]
提示：本网不保证其真实性和客观性，一切有关该股的有效信息，以交易所的公告为准，敬请投资者注意风险。
展开阅读全文"
至少对市场人气方面的影响比较大,"https://guba.eastmoney.com/news,002647,654808689.html",2017-06-13 20:59:53,大部分板块个股在梦游
拟出售三处非生产性房产,"https://guba.eastmoney.com/news,002647,651101547.html",2017-06-04 23:50:32,尽管格力电器占据了
看不到前景和希望，想辙底清仓销户了，今年初到,"https://guba.eastmoney.com/news,002647,656349971.html",2017-06-16 15:20:04,跳水开始了
明天涨1.8元，小幅跑赢大盘！我猜的！,"https://guba.eastmoney.com/news,002647,648755441.html",2017-05-30 20:54:02,明天涨1.8元，小幅跑赢大盘！我猜的！
10档大量卖单涌出,"https://guba.eastmoney.com/news,002647,652275346.html",2017-06-07 14:18:31,10档大量卖单涌出
民盛金科:关于对媒体报道中关注的相关事项的说明公告,"https://guba.eastmoney.com/news,002647,652426543.html",2017-06-07 20:42:47,"公告日期：2017-06-08
证券代码： 002647 证券简称：民盛金科 公告编号： 2017-083

民盛金科控股股份有限公司

关于对媒体报道中关注的相关事项的说明公告

公司及董事会全体成员保证信息披露内容的真实、准确和完整，没有虚假记

载、误导性陈述或重大遗漏。

一、媒体报道简述

民盛金科控股股份有限公司（以下简称“公司” 或“ 上市公司” ）关注到 《每

日经济新闻》于2017年6月7日发表了题为《 收购标的首份业绩亏损 民盛金科转

型支付“很有信心”》的报道（以下简称“报道” ），主要对公司以下事项关注：

1、 第三方支付单独获利能力较弱； 2、 业绩预测如何实现； 3、 广东合利金融

科技服务有限公司（以下简称“合利金融”） 注册地问题； 4、 2017年半年报业绩

预计迄今完成的情况。

二、 对关注事项的说明

公司董事会十分重视上述报道内容，对公司相关事项进行了核查，并针对上

述报道关注事项特说明如下：

说明事项一： 第三方支付单独获利能力较弱

目前公司经营范围为：实业投资，资产管理。（未经金融等监管部门批准不

得从事向公众融资存款、融资担保、代客理财等金融服务），投资咨询服务，信

息系统集成服务，信息技术咨询服务，数据处理，数据库服务，企业征信服务，

网络技术的研究开发、技术咨询、技术服务，软件开发，企业管理咨询服务，供

应链管理，从事进出口业务。（依法须经批准的项目，经相关部门批准后方可开

展经营活动）

作为公司全资子公司合利金融控股的广州合利宝支付科技有限公司（以下简

称“合利宝支付”）拥有中国人民银行核发的支付业务许可证。正如该报道引用

的国内大型第三方支付平台任职的一位资深人士的说法，公司靠第三方支付业务

单独获利能力是有限的， 公司在实施完成 2016 年重大资产出售、重大资产购买

重组事项后，由铜加工的制造型公司转型为第三方支付相关产业的金融科技型公

司。公司已出资设立了共青城民盛金控投资管理有限公司、霍尔果斯民盛创业投

资有限公司、深圳前海民盛天宫供应链管理有限公司、深圳民盛大数据技术有限

公司、民盛金控（香港）有限公司等公司，且经公司 2017 年 4 月 11 日召开的第

三届董事会第三十三次会议审议通过，合利金融又向其全资子公司深圳前海合利

商业保理有限公司增资至 30,000 万元人民币。同时， 为满足公司发展战略转型

升级及多元化业务驱动需求， 为进一步拓展业务提供了资本支持，公司控股股东

和柚技术集团有限公司在截止目前已为公司借款余额达到 2.91 亿元的基础上，

经公司 2016 年度股东大会审议通过， 同意向控股股东借款不超过 200,000 万元

人民币，借款期限为十二个月，具体以银行转账凭据所记载的实际到账日为起算

日，实际还款日为到期日，借款利率为人民银行同期贷款利率（年利率 4.35%）。

公司通过设立子公司和孙公司搭建上下游产业链，公司控股股东提供借款全

力支持公司产业转型，拟通过大数据、区块链等技术的应用，围绕消费者需求满

足和维护，企业和商户综合支付解决方案，打造金融科技大平台，以第三方支付

业务为入口，切入保理、供应链、消费金融、互联网普惠金融、资产管理、大数

据、征信等多个细分领域，打造金融科技闭环生态圈。

说明事项二： 业绩预测如何实现

2016 年度，由于公司在实施重大资产购买重组事项时取得合利金融控制权

的时间晚于预期，使得合利金融相关业务受到较大影响。

2017 年，公司积极推进对合利金融的整合工作，在实现控制合利金融 100%

股权的同时，加大在团队建设、系统开发、销售渠道、产品研发、通道建设等方

面的投入，夯实公司的业务基础，为后续的业务规模发展、提升盈利能力提供有

效支持。

公司已组建了由一批具有多年相关工作经验的各类复合型人才组成的专业

管理团队，既具有相关的专业知识，又具备丰富的支付及金融行业管理经验。2017

年 3 月聘任原易宝支付有限公司副总裁章凯先生为公司副总经理，主管支付业

务。目前合利金融人员近 140 人，较接管之前增加近 2 倍。 2017 年 1-4 月， 合

利宝支付互联网支付和移动支付业务新增签约客户数十家，较之前线上客户数量

大增，线上业务的市场开拓较为显着， 手续费收入累计达 200 多万元。随着合利

金融对系统升级改造、团队建设、产品开发、通道开拓、市场渠道建设等方面的

达成，线上业务新客户逐步接入，线上业务从 2017 年 5 月起显着增长， 5 月份

同 4 月份相比交易量及毛利均有较大幅度的增长。合利宝支付已与近百家合作机

构就银行卡收单服务签订了市场拓展相关协议。 2017 年 1-4 月，手续费收入累

计达 1,974 万……
[点击查看PDF原文]
提示：本网不保证其真实性和客观性，一切有关该股的有效信息，以交易所的公告为准，敬请投资者注意风险。
展开阅读全文"
002647怎不崩.,"https://guba.eastmoney.com/news,002647,651673022.html",2017-06-06 10:00:06,002647怎不崩.
宏磊公告,"https://guba.eastmoney.com/news,002647,654289954.html",2017-06-12 21:06:02,又出公告了 自求多福吧
单边强劲上涨，人民币很值钱；,"https://guba.eastmoney.com/news,002647,653288262.html",2017-06-09 19:05:59,而回顾最近几次美联储
6月份34元的缺口必补！,"https://guba.eastmoney.com/news,002647,651647517.html",2017-06-06 09:15:44,6月份34元的缺口必补！
我掉线了吗？？？好几分钟都没看见交易？,"https://guba.eastmoney.com/news,002647,646764231.html",2017-05-25 09:59:56,什么情况
#万通智控等汽车行业股票必将狂飙29779美元以上,"https://guba.eastmoney.com/news,002647,656096173.html",2017-06-16 05:20:03,明后天就把今天的阳线吞没
这波多少人被洗掉了？举手我看看,"https://guba.eastmoney.com/news,002647,654817489.html",2017-06-13 21:17:39,这波多少人被洗掉了？举手我看看
得了吧，都别意淫了,"https://guba.eastmoney.com/news,002647,652795418.html",2017-06-08 17:12:10,"公告原文：
公司在2017年第一季度报告中已对2017年1-6月的业绩预计情况为0-1000
万元。但业绩能否实现取决于业务拓展、项目落实、收入确认、政策变化等各种
因素。鉴于 2017 年半年度报告期尚未结束，且报告期内新开展了保理、供应链
等相关新业务，公司财务部门对 2017 年半年报财务数据正在核算过程之中。如
果通过公司财务部门核算，2017 年半年度业绩预计的数据需要修正，公司将在
相关法律法规规定的时间内披露业绩预计修正的公告。

你们哪只眼睛看出来要向上修正业绩了？说的很清楚，业绩是否实现要看市场情况，因为自己有持仓就向好的方向臆测，你们还真是喜欢意淫。修正有两种情况，市场情况不好业绩完不成就要向下修正，一切都以市场为准。
少点意淫，多点理智。"
欢迎来到新都退。A股史上最牛股，你想出名吗？你想扬名立万吗？你想登上人生巅峰吗？,"https://guba.eastmoney.com/news,002647,650460417.html",2017-06-02 18:34:51,欢迎来到新都退。A股史上最牛股，你想出名吗？你想扬名立万吗？你想登上人生巅峰吗？现在给你登陆A股龙虎榜的机会来了。一手只要买一手，你就可以登陆A股龙虎榜。5月31日交易量只有一手龙虎榜一家独霸。只要一手你就能把市值过亿的上市企业砸到跌停。史上最实惠的出名广告
庄家离锁仓拉升，目标还差多少股？说一声，到涨停板给你！,"https://guba.eastmoney.com/news,002647,653985748.html",2017-06-12 10:26:36,庄家离锁仓拉升，目标还差多少股？说一声，到涨停板给你！
看来业绩会越来越好,"https://guba.eastmoney.com/news,002647,655361453.html",2017-06-14 20:44:54,看来业绩会越来越好
各路人马摩拳擦掌等待解禁时间到来,"https://guba.eastmoney.com/news,002647,649894718.html",2017-06-01 20:27:41,假洋鬼子们，你们任何的手段都打不垮我，因为有
调整两天，再向41.22发起冲锋？,"https://guba.eastmoney.com/news,002647,654642076.html",2017-06-13 15:02:01,或者再调整两个月、三个月、五个月？
转增前创新高(&gt;70.08)方显英雄本色,"https://guba.eastmoney.com/news,002647,651436095.html",2017-06-05 18:48:08,钛合金股东们不反对吧？
无聊。买游戏股去。重组的游戏股成为标杆。很可能成为标杆。,"https://guba.eastmoney.com/news,002647,652160603.html",2017-06-07 10:09:54,无聊。买游戏股去。重组的游戏股成为标杆。很可能成为标杆。
今天看到一个像样的挂单,"https://guba.eastmoney.com/news,002647,647410046.html",2017-05-26 10:49:21,今天看到一个像样的挂单
涨停板预测：35只股票或涨停 附重大利好消息一,"https://guba.eastmoney.com/news,002647,650707877.html",2017-06-03 11:03:37,安居宝、捷顺科技、
今天怎么那么多牛鬼蛇神？,"https://guba.eastmoney.com/news,002647,651684003.html",2017-06-06 10:17:28,今天怎么那么多牛鬼蛇神？
支付行业洗牌 民盛金科打造金融科技生态圈 来源:证券时报网 06-02 13:3,"https://guba.eastmoney.com/news,002647,650332676.html",2017-06-02 14:32:54,"支付行业洗牌 民盛金科打造金融科技生态圈
来源:证券时报网 06-02 13:34
　　
　　经过十多年的发展，我国第三方支付市场交易规模快速增长。然而近两年，随着第三方支付行业市场的不断饱和，行业已经进入洗牌阶段。支付宝和腾讯理财通占据了绝对的市场份额，但不同梯队中仍有第三方支付平台在各自领域中生存及良性发展。
　　对 民盛金科 （002647）旗下合利宝这类第三方支付机构而言，服务的提升、用户体验的改善将会是其在行业中脱颖而出的关键。高效率的对接增值服务业务、减少企业在结算当中繁琐过程是第三方支付功能在金融领域业务发展的重中之重。
　　移动支付网分析师慕楚曾表示，整个支付行业还在求生存的状态，要快速盈利或者爆发增长并不容易，只有创新并叠加更多服务才有更大空间。与传统金融机构相比，互联网金融企业综合化、全面化发展实力不足，需要与生态圈广泛合作，以更好地实现资源的优化配置，综合化经营转型已呈潮流之势。
　　民盛金科于2016年以收购合利金融为契机快速切入金融科技领域。收购完成后，公司通过下属子公司合利金融的支付业务许可证，大力发展线上、线下及创新业务等其他第三方支付上下游相关业务，重点打造金融科技产业生态闭环，在第三方支付、保理、供应链、大数据、征信业务的基础上，逐步搭建商业金融、科技金融、资产管理等创新金融领域的业务，培育公司新的经济增长点。
　　截止2016年底，合利宝支付已与近百家合作机构就银行卡收单服务签订了市场拓展相关协议，银行卡收单业务量逐月快速增长；创新业务方面，合利宝支付已向多家客户提供了行业定制支付服务业务，该业务开展顺利，营业收入快速增长，公司以支付为基础，围绕支付做创新服务。"
又回到了30块钱，啊哈，再翻一倍，不远了。,"https://guba.eastmoney.com/news,002647,654567287.html",2017-06-13 12:41:28,又回到了30块钱，啊哈，再翻一倍，不远了。
大哥，大盘在涨啊,"https://guba.eastmoney.com/news,002647,651665205.html",2017-06-06 09:48:24,大哥，大盘在涨啊
90后中年危机？我们如何从空巢青年沦为问题中年,"https://guba.eastmoney.com/news,002647,652701401.html",2017-06-08 13:56:07,次新股炒作风格转向：
说说今晚公告,"https://guba.eastmoney.com/news,002647,647572207.html",2017-05-26 15:00:22,[不屑]
又出公告，明天又跌吗？,"https://guba.eastmoney.com/news,002647,652428475.html",2017-06-07 20:49:58,又出公告，明天又跌吗？
大股东还要增持，还是平台整理，目前就等业绩修正预告了。,"https://guba.eastmoney.com/news,002647,656133993.html",2017-06-16 09:21:21,大股东还要增持，还是平台整理，目前就等业绩修正预告了。
买一2200手，你到是买上去啊[不说了],"https://guba.eastmoney.com/news,002647,656337774.html",2017-06-16 15:02:10,买一2200手，你到是买上去啊[不说了]
没有游资看好，上不去。散户太少了。,"https://guba.eastmoney.com/news,002647,656273459.html",2017-06-16 13:32:15,没有游资看好，上不去。散户太少了。
几大中散户联合绞杀柚子,"https://guba.eastmoney.com/news,002647,656206009.html",2017-06-16 11:15:25,几大中散户联合绞杀柚子
唉！还有三分之一等着成仙啦！不管它了。,"https://guba.eastmoney.com/news,002647,656210165.html",2017-06-16 11:22:53,唉！还有三分之一等着成仙啦！不管它了。
有一个庄家义庄闪崩了，英联股份，之前一直强于大盘，今天一度涨停！大家有什么看法？,"https://guba.eastmoney.com/news,002647,656153457.html",2017-06-16 09:58:08,有一个庄家义庄闪崩了，英联股份，之前一直强于大盘，今天一度涨停！大家有什么看法？
不要幻想，赶快跑呀！[亏大了],"https://guba.eastmoney.com/news,002647,656057927.html",2017-06-16 01:51:40,分红啦分红啦，分了15
柚子要明牌打了，其实也是暗仓出明仓接，又不是真吸那么多。,"https://guba.eastmoney.com/news,002647,655916616.html",2017-06-15 19:20:08,柚子要明牌打了，其实也是暗仓出明仓接，又不是真吸那么多。
我靠！,"https://guba.eastmoney.com/news,002647,655724861.html",2017-06-15 14:09:29,我靠！
IPO审核神速：两公司仅,"https://guba.eastmoney.com/news,002647,655814284.html",2017-06-15 16:14:32,尤其是今年，据记者统
每次大盘大涨，民盛金科反而不好,"https://guba.eastmoney.com/news,002647,655752875.html",2017-06-15 14:45:22,每次大盘大涨，民盛金科反而不好
眼花了吗？卖一7412手，闪一下就没,"https://guba.eastmoney.com/news,002647,655694014.html",2017-06-15 13:26:34,眼花了吗？卖一7412手，闪一下就没
短线可以卖了，因为大股东短期不会再增持，股价又得长期阳痿,"https://guba.eastmoney.com/news,002647,655579755.html",2017-06-15 10:25:16,短线可以卖了，因为大股东短期不会再增持，股价又得长期阳痿
柚子不买，股价？,"https://guba.eastmoney.com/news,002647,655547039.html",2017-06-15 09:42:01,柚子不买，股价？
本周能创新高吗？,"https://guba.eastmoney.com/news,002647,655027597.html",2017-06-14 10:49:21,i
低于收盘价0.03就为了收个阴线吧？ 今天月线支撑了。明天日线突破，周线突破![,"https://guba.eastmoney.com/news,002647,649716658.html",2017-06-01 15:16:01,"低于收盘价0.03就为了收个阴线吧？
今天月线支撑了。明天日线突破，周线突破!
虽然这股看这些没用，人家想收什么价就什么价"
和柚集团倡议书 公司员工买入自家股东，持有12个月，亏损由大股东补偿，盈利归个人,"https://guba.eastmoney.com/news,002647,652237816.html",2017-06-07 13:12:33,"和柚集团倡议书
公司员工买入自家股东，持有12个月，亏损由大股东补偿，盈利归个人所有！
出不出？"
排名第12的国家政要，,"https://guba.eastmoney.com/news,002647,651936781.html",2017-06-06 17:27:11,许家印称不是谁轻易都能做
这点量，是哪个在玩,"https://guba.eastmoney.com/news,002647,653090742.html",2017-06-09 11:27:18,这点量，是哪个在玩
走了，祝福留下的兄弟姐妹们,"https://guba.eastmoney.com/news,002647,653040190.html",2017-06-09 10:05:44,收不了啦，弄了个忽悠增持，趁早割肉不陪大家了
市场接纳新股的资金越来越少,"https://guba.eastmoney.com/news,002647,654305948.html",2017-06-12 21:46:09,而且当年未进行利润分配
177是啥意思,"https://guba.eastmoney.com/news,002647,644229517.html",2017-05-19 09:33:04,177是啥意思
第三方支付业务单独获利能力有限,"https://guba.eastmoney.com/news,002647,653145246.html",2017-06-09 13:41:07,第三方支付业务单独获利能力有限，这个大家都知道都懂啊，公司也没有说只是依靠第三方支付业务啊，是以第三方支付为契机，通过设立子公司和孙公司搭建上下游产业链，公司控股股东提供借款全力支持公司产业转型，拟通过大数据、区块链等技术的应用，围绕消费者需求满足和维护，企业和商户综合支付解决方案，打造金融科技大平台，以第三方支付业务为入口，切入保理、供应链、消费金融、互联网普惠金融、资产管理、大数据、征信等多个细分领域，打造金融科技闭环生态圈。
马上10分钟没有交易,"https://guba.eastmoney.com/news,002647,651735008.html",2017-06-06 11:20:20,马上10分钟没有交易
本文归,"https://guba.eastmoney.com/news,002647,651121852.html",2017-06-05 04:16:47,从深市三大指数来看
兄弟们，我在64.01这里等大家！！,"https://guba.eastmoney.com/news,002647,649011753.html",2017-05-31 13:43:37,兄弟们，我在64.01这里等大家！！
啥时候复牌,"https://guba.eastmoney.com/news,002647,643208208.html",2017-05-17 08:03:57,啥时候复牌
有个很有趣的现象 前天涨了1.37%，昨天刚好平了，今天跌1.37%。进1退2,"https://guba.eastmoney.com/news,002647,650382041.html",2017-06-02 15:48:22,"有个很有趣的现象
前天涨了1.37%，昨天刚好平了，今天跌1.37%。进1退2
庄家真牛逼"
这里多安全啊。,"https://guba.eastmoney.com/news,002647,649717146.html",2017-06-01 15:16:55,"今 天收盘80多支股票跌停，711支股票跌幅超5%，1442支股票跌幅超3%，1937支股票跌幅超2%。见红的才339支股票。
上证50继续创收盘新高，。创业板继续创收盘新低。感谢民科，感谢民科，感谢民科。"
