标题,链接,发布时间,内容
贵公司如果涉足井下机器人，有助于提高公司竞争力，也是创新型智能制造，贵公司有这方,"https://guba.eastmoney.com/news,300164,915175282.html",2015-11-05 16:04:00,"贵公司如果涉足井下机器人，有助于提高公司竞争力，也是创新型智能制造，贵公司有这方面考虑吗？
通源石油
通源石油：尊敬的投资者：您好，公司暂未涉足机器人的打算。谢谢。
(来自深交所互动易)答复时间 2015-11-05 16:04:00"
贵公司如果涉足井下机器人技术，绝对是全球领先，也是一种创新型智能制造,"https://guba.eastmoney.com/news,300164,915175288.html",2015-11-05 16:03:00,"贵公司如果涉足井下机器人技术，绝对是全球领先，也是一种创新型智能制造
通源石油
通源石油：尊敬的投资者：您好，公司暂未涉足机器人的打算。谢谢。
(来自深交所互动易)答复时间 2015-11-05 16:03:00"
中长线布局十三五主题,"https://guba.eastmoney.com/news,300164,209839305.html",2015-11-01 11:00:37,中长线布局十三五主题
8个交易内重组通过,"https://guba.eastmoney.com/news,300164,209474839.html",2015-10-29 20:52:12,8个交易内重组通过
通源石油:关于收到《中国证监会行政许可申请受理通知书》的公告,"https://guba.eastmoney.com/news,300164,207723924.html",2015-10-21 17:05:21,"公告日期：2015-10-21
证券代码：300164 证券简称：通源石油 公告编号：2015-097

西安通源石油科技股份有限公司

关于收到《中国证监会行政许可申请受理通知书》的公告

本公司及董事会全体成员保证信息披露内容的真实、准确和完整，没有虚假记载、

误导性陈述或重大遗漏。

西安通源石油科技股份有限公司（以下简称“公司”）于2015年10月21日收到中国证券监督管理委员会（以下简称“中国证监会”）出具的《中国证监会行政许可申请受理通知书》（153016号）。中国证监会依法对公司提交的《西安通源石油科技股有限公司发行股份购买资产核准》行政许可申请材料进行了审查，认为该申请材料齐全，符合法定形式，决定对该行政许可申请予以受理。

公司本次发行股份购买资产事项尚需中国证监会核准，能否获得核准仍存在不确定性。公司将根据中国证监会对该事项的审核进展情况及时履行信息披露义务，敬请广大投资者注意投资风险。

特此公告。

西安通源石油科技股份有限公司

董事会

二〇一五年十月二十一日


[点击查看PDF原文]
提示：本网不保证其真实性和客观性，一切有关该股的有效信息，以交易所的公告为准，敬请投资者注意风险。"
定增价格是12.86元,"https://guba.eastmoney.com/news,300164,209208966.html",2015-10-28 21:00:50,定增价格是12.86元
通源石油重组通过.周末有重大利好,"https://guba.eastmoney.com/news,300164,209734557.html",2015-10-30 20:54:16,通源石油重组通过
300157走势只是300164的预演,"https://guba.eastmoney.com/news,300164,209488362.html",2015-10-29 22:15:46,300157走势只是300164的预演
164会变成191吗,"https://guba.eastmoney.com/news,300164,209744319.html",2015-10-30 22:15:58,大家拭目以待 底部横盘合适位置吸纳仓位5-6成
主力压盘吸筹也在情理之中，但如果明天不拉就不是情理之中的事了。,"https://guba.eastmoney.com/news,300164,209479926.html",2015-10-29 21:22:13,压得喘不过气了，必须暢舒一口气来。但愿明天是真的动起来吧。
潜能的回复是给老张捎话，下午开盘就拉涨停，连续型的哈哈，,"https://guba.eastmoney.com/news,300164,209337986.html",2015-10-29 12:14:58,潜能的回复是给老张捎话，下午开盘就拉涨停，连续型的哈哈，
"最后机会,11.44跑,","https://guba.eastmoney.com/news,300164,209675840.html",2015-10-30 14:57:29,"速度跑啊,庄家打高出货"
"拉高就是为了出货,速度跑啊","https://guba.eastmoney.com/news,300164,209675197.html",2015-10-30 14:56:19,"速度跑啊,庄家打高出货"
ST通源,"https://guba.eastmoney.com/news,300164,209628634.html",2015-10-30 13:36:49,ST通源
"拉高就是为了出货,要涨,你散户是买不到的,不要指望这个贱庄了,速度跑啊","https://guba.eastmoney.com/news,300164,209673049.html",2015-10-30 14:52:17,"速度跑啊,庄家打高出货"
"千万不要买,周一低开,全是散户在跟,速度出货","https://guba.eastmoney.com/news,300164,209670795.html",2015-10-30 14:48:31,"速度跑啊,庄家打高出货"
"跑啊跑啊,大家一起跑啊,速度","https://guba.eastmoney.com/news,300164,209669863.html",2015-10-30 14:46:51,"速度跑啊,庄家打高出货"
"速度跑啊,庄家打高出货","https://guba.eastmoney.com/news,300164,209668870.html",2015-10-30 14:44:58,"速度跑啊,庄家打高出货"
有问题,"https://guba.eastmoney.com/news,300164,209594231.html",2015-10-30 11:29:33,从分时成交看是大单在买哦，怎么不涨！
创业板都飞了 你是不是啊啊啊啊啊,"https://guba.eastmoney.com/news,300164,209593087.html",2015-10-30 11:27:23,啊
赶快换股，绝对张不过大盘,"https://guba.eastmoney.com/news,300164,209571145.html",2015-10-30 10:46:17,要快
不知道&#165;11还能不能进点？,"https://guba.eastmoney.com/news,300164,209579675.html",2015-10-30 11:01:34,不知道¥11还能不能进点？
还想&#165;11元再进点，不知道有没有机会,"https://guba.eastmoney.com/news,300164,209577653.html",2015-10-30 10:57:54,还想¥11元再进点，不知道有没有机会
只有把11.02分的托单给干掉才能长,"https://guba.eastmoney.com/news,300164,209546540.html",2015-10-30 10:01:48,干掉它
把11.02分的托单给干掉,"https://guba.eastmoney.com/news,300164,209545244.html",2015-10-30 09:59:42,他妈的
挖坑进行中,"https://guba.eastmoney.com/news,300164,209529939.html",2015-10-30 09:31:56,跑
通源石油:关于公司股票停牌的公告,"https://guba.eastmoney.com/news,300164,126713017.html",2014-10-21 12:08:21,"公告日期：2014-10-21
　　 证券代码：300164 证券简称：通源石油 公告编号：2014-070

西安通源石油科技股份有限公司

关于公司股票停牌的公告

本公司及董事会全体成员保证信息披露内容的真实、准确和完整，没有虚

假记载、误导性陈述或重大遗漏。

西安通源石油科技股份有限公司（以下简称“公司”）正在筹划重大事项，

为保证公平信息披露，维护投资者利益，避免造成公司股价异常波动，根据深圳

证券交易所的相关规定，经公司申请，公司股票自2014年10月21日（星期二）下

午开市起停牌，待公司通过指定媒体披露相关公告后复牌。敬请广大投资者注意

风险。

特此公告。

西安通源石油科技股份有限公司

董事会

二〇一四年十月二十一日


[点击查看PDF原文]
提示：本网不保证其真实性和客观性，一切有关该股的有效信息，以交易所的公告为准，敬请投资者注意风险。"
通源石油:关于公司股票停牌的公告,"https://guba.eastmoney.com/news,300164,171591001.html",2015-05-28 20:15:25,"公告日期：2015-05-29
证券代码：300164 证券简称：通源石油 公告编号：2015-043

西安通源石油科技股份有限公司

关于公司股票停牌的公告

本公司及董事会全体成员保证信息披露内容的真实、准确和完整，没有虚假记载、误导性陈述或重大遗漏。

西安通源石油科技股份有限公司（以下简称“公司”）正在筹划重大事项，为保证公平信息披露，维护投资者利益，避免造成公司股价异常波动，根据深圳证券交易所的相关规定，经公司申请，公司股票于2015年5月28日（星期四）开市起停牌，待公司通过指定媒体披露相关公告后复牌。

敬请广大投资者注意风险。

特此公告。

西安通源石油科技股份有限公司

董事会

二〇一五年五月二十八日


[点击查看PDF原文]
提示：本网不保证其真实性和客观性，一切有关该股的有效信息，以交易所的公告为准，敬请投资者注意风险。"
9.30日股东数比6.30日减少，你们答复说是让问中国登记结算公司，不负责么。一,"https://guba.eastmoney.com/news,300164,915186323.html",2015-10-30 14:21:00,"9.30日股东数比6.30日减少，你们答复说是让问中国登记结算公司，不负责么。一半投资者怎么可能去询问，还是你们做准确解释为好。另并购基金希望尽快运作，开展实质性操作。具体的贵公司有何计划？
通源石油
通源石油：尊敬的投资者，您好。公司公布的股东数据均已中国登记结算公司下发数据为准。所有股东信息也均来自于中国登记结算公司。谢谢！
(来自深交所互动易)答复时间 2015-10-30 14:21:00"
说别的都特么没用，股价说明一切！,"https://guba.eastmoney.com/news,300164,208264938.html",2015-10-23 18:21:55,"1、当初，被动地关在里面，这期间，公司所谓的消息一个接一个，好象是利好不断，但当开盘之时，股价说明一切！连续几个跌停，股价从17元直跌到10元。
2、就算特么的没有什么并购，正常按上证指数的下跌比例也不过如此。还特么有脸说并购这个那个的，这个市场上股价就是王道，编的故事再动听也没毛用。
3、今天又出个什么澄清公告，不知到底是想说什么？是想我们散户继续被套？还是想再骗一些散户进场？
4、总之，仁者见仁。对于无良公司和没人性的主力，我们最好的办法就是远离之。"
通源石油:关于公司股票停牌的公告,"https://guba.eastmoney.com/news,300164,101638146.html",2014-02-25 17:57:56,"公告日期：2014-02-26
　　 证券代码：300164 证券简称：通源石油 公告编号：2014-008

西安通源石油科技股份有限公司

关于公司股票停牌的公告

本公司及董事会全体成员保证信息披露内容的真实、准确和完整，没有虚

假记载、误导性陈述或重大遗漏。

西安通源石油科技股份有限公司（以下简称“本公司”或“公司”）拟披露

重大事项，为保证公平信息披露，维护投资者利益，避免造成公司股价异常波动，

根据深圳证券交易所的相关规定，经公司申请，公司股票自2014年2月26日（星

期三）开市起停牌，待公司通过指定媒体披露相关公告后复牌。敬请广大投资者

注意风险。

特此公告。

西安通源石油科技股份有限公司

董事会

二〇一四年二月二十五日


[点击查看PDF原文]
提示：本网不保证其真实性和客观性，一切有关该股的有效信息，以沪深交易所的公告为准，敬请投资者注意风险。"
难道就是几个散户在做高抛低吸？还有没有庄家？,"https://guba.eastmoney.com/news,300164,209373736.html",2015-10-29 14:02:00,难道就是几个散户在做高抛低吸？还有没有庄家？
哥们注意拉.,"https://guba.eastmoney.com/news,300164,209396166.html",2015-10-29 14:38:05,沿5日线下探.
若庄,"https://guba.eastmoney.com/news,300164,209393681.html",2015-10-29 14:33:37,若庄
cnm，大盘都比你涨的多了,"https://guba.eastmoney.com/news,300164,209381476.html",2015-10-29 14:14:20,cnm，大盘都比你涨的多了
死猪不怕开水烫，大家随便骂,"https://guba.eastmoney.com/news,300164,209346481.html",2015-10-29 13:06:22,我哈哈哈 而过 真无语了。跌的比大盘猛 涨的比大盘弱 可以说弱爆了
我已经全仓一周了，在等待中……,"https://guba.eastmoney.com/news,300164,209267957.html",2015-10-29 09:38:54,我已经全仓一周了，在等待中……
给张国安电子邮件发送中,"https://guba.eastmoney.com/news,300164,209330328.html",2015-10-29 11:35:48,持有贵公司股票真叫人丢脸，你看看300191怎么回复深交所！
昨晚油价暴涨6%，不知道通源是否有点点反应呢,"https://guba.eastmoney.com/news,300164,209259334.html",2015-10-29 09:11:07,貌似是8个月最大涨幅。
改善手脚冰凉方1.红枣桂圆粥：红枣、桂圆大米一起熬粥，晚餐时服用，不仅益气壮骨，,"https://guba.eastmoney.com/news,300164,209241739.html",2015-10-29 06:06:29,改善手脚冰凉方1.红枣桂圆粥：红枣、桂圆大米一起熬粥，晚餐时服用，不仅益气壮骨，且安神助眠。2.大枣枸杞羊肉汤：锅内加水，放入羊肉，葱姜大料同煮。煮半熟时，加入大枣、枸杞和盐，再煮，煮熟即可，可补阴壮阳、补虚劳益气血。PS：以上粥或汤，阴虚火旺者，均需加百合麦冬各20克同煮。
奇葩的主力，我也帮你看空吧，9元你是否能打到。,"https://guba.eastmoney.com/news,300164,209167496.html",2015-10-28 16:46:15,逼着爷爷做波段。横横横NMB.
看跌至6元不要问我为什么我只给6元的估值,"https://guba.eastmoney.com/news,300164,209202807.html",2015-10-28 20:22:26,看跌至6元不要问我为什么我只给6元的估值
油价已在上涨,"https://guba.eastmoney.com/news,300164,209220019.html",2015-10-28 22:13:56,油价已在上涨
调整，倒是积极上车的机会。,"https://guba.eastmoney.com/news,300164,209151748.html",2015-10-28 15:27:18,调整，倒是积极上车的机会。
大盘涨不跟涨。大盘跌 比大盘跌的猛,"https://guba.eastmoney.com/news,300164,209105070.html",2015-10-28 13:43:34,留着还是 扔了 没戏的票
"哈哈,持有这股的三个基金就是停牌前一天进去的,","https://guba.eastmoney.com/news,300164,209111443.html",2015-10-28 13:56:56,哈哈
主力逼我加仓,"https://guba.eastmoney.com/news,300164,209042434.html",2015-10-28 10:30:53,早就没钱了，卑鄙无耻贪得无厌的主力
它不是做石油的,"https://guba.eastmoney.com/news,300164,209095119.html",2015-10-28 13:21:18,它不是做石油的
创业板涨它不涨 石油行业涨他也不涨 他是干啥的 啊 跑堂的吗啊,"https://guba.eastmoney.com/news,300164,209054983.html",2015-10-28 10:55:37,啊
B庄,"https://guba.eastmoney.com/news,300164,209029495.html",2015-10-28 10:06:25,B庄B庄B庄B庄B庄B庄B庄B庄B庄B庄B庄B庄B庄
重组方案通过 最少20天,"https://guba.eastmoney.com/news,300164,208933525.html",2015-10-27 18:53:20,10 21提交证监会申核 估计11.11 到 11月 21左右 通过
低于11元就进点,"https://guba.eastmoney.com/news,300164,209025194.html",2015-10-28 09:58:40,低于11元就进点
十三五油气改革方案。明天涨停,"https://guba.eastmoney.com/news,300164,208965442.html",2015-10-27 22:03:58,十三五油气改革方案。明天涨停
故意砸盘 太明显了 都跑吧 等地点咋玩 再接回来,"https://guba.eastmoney.com/news,300164,209021257.html",2015-10-28 09:51:16,啊
呵呵，比耐心,"https://guba.eastmoney.com/news,300164,209023077.html",2015-10-28 09:54:39,呵呵，比耐心
砸盘的太猛烈啊 呵呵,"https://guba.eastmoney.com/news,300164,209017621.html",2015-10-28 09:44:05,啊
严厉谴责昨天让人卖出的死拖。,"https://guba.eastmoney.com/news,300164,208795201.html",2015-10-27 10:42:18,让人低价割肉的人闭口。已看见彩虹。
这一波看高至22元。,"https://guba.eastmoney.com/news,300164,208027837.html",2015-10-22 22:16:06,把话放这，明天顶贴。明天为起点。
值得注意的是，雅化龙头股和上海普天就是在这一阶段率先完成股价翻番258=496。,"https://guba.eastmoney.com/news,300164,206966157.html",2015-10-17 15:39:52,值得注意的是，雅化龙头股和上海普天就是在这一阶段率先完成股价翻番258=496。
要是坚持买603889现在赚,"https://guba.eastmoney.com/news,300164,208896839.html",2015-10-27 15:24:07,要是坚持买603889现在赚
12进的，坑爹啊,"https://guba.eastmoney.com/news,300164,208896635.html",2015-10-27 15:23:17,12进的，坑爹啊
我真是服了，服了,"https://guba.eastmoney.com/news,300164,208845874.html",2015-10-27 13:33:32,"这主力
啧啧"
不要责怪主力，主力成本也不低！,"https://guba.eastmoney.com/news,300164,208856593.html",2015-10-27 13:58:11,不要责怪主力，主力成本也不低！
这是创业板的股票吗？出了，祝大家发财！,"https://guba.eastmoney.com/news,300164,208872566.html",2015-10-27 14:30:47,这是创业板的股票吗？出了，祝大家发财！
地上躺了半个月，终于要崛起了-翘首等待,"https://guba.eastmoney.com/news,300164,208803305.html",2015-10-27 10:57:48,拼耐性的票。不知道多杀人割肉跑了
一出就拉，狗庄太贱,"https://guba.eastmoney.com/news,300164,208800400.html",2015-10-27 10:52:09,一出就拉，狗庄太贱
今天涨停,"https://guba.eastmoney.com/news,300164,208780593.html",2015-10-27 10:18:20,今天涨停
股市正在上演捉仸计，又要整几天了[滴汗][滴汗][滴汗][滴汗],"https://guba.eastmoney.com/news,300164,208786826.html",2015-10-27 10:28:24,股市正在上演捉仸计，又要整几天了
现价卖出，逃命要紧,"https://guba.eastmoney.com/news,300164,208765926.html",2015-10-27 09:52:15,快跑
不怕死的小散还真多，小单进，大单出呀！,"https://guba.eastmoney.com/news,300164,208764464.html",2015-10-27 09:49:40,不怕死的小散还真多，小单进，大单出呀！
这股扼杀了多少人的希望，我是其中一个，快绝望了,"https://guba.eastmoney.com/news,300164,208718361.html",2015-10-26 23:00:41,这股扼杀了多少人的希望，我是其中一个，快绝望了
中线资金悄然布局中线价值型股通源石油。,"https://guba.eastmoney.com/news,300164,206906525.html",2015-10-16 19:57:57,当股价跌破估值中枢时，每一次利空都是买入的良机。股价越低越利于主力收集廉价筹码。月线指标多头格局依然没变，属于强势回踩走势，预计下周重返13元上方，以上观点仅供参考，拒绝模仿。
300164,"https://guba.eastmoney.com/news,300164,208693693.html",2015-10-26 20:18:34,不想发帖了静看表演！
展望“十三五”规划 高端装备享黄金期,"https://guba.eastmoney.com/news,300164,208672762.html",2015-10-26 18:19:46,展望“十三五”规划 高端装备享黄金期
300164涨,"https://guba.eastmoney.com/news,300164,208629020.html",2015-10-26 14:58:19,是白日做梦！
出货坚决呀,"https://guba.eastmoney.com/news,300164,208613592.html",2015-10-26 14:27:17,小买100股试一下手气，不过从盘面来看，庄家出货坚决呀
为啥不涨,"https://guba.eastmoney.com/news,300164,208590026.html",2015-10-26 13:39:05,"散户满仓,机构踏空.."
重组肯定会成功,"https://guba.eastmoney.com/news,300164,208558321.html",2015-10-26 11:35:47,重组成功
通源石油:关于收到《中国证监会行政许可申请受理通知书》谁是停牌,"https://guba.eastmoney.com/news,300164,208560000.html",2015-10-26 11:42:13,"关于收到《中国证监会行政许可申请受理通知书》的公告

本公司及董事会全体成员保证信息披露内容的真实、准确和完整，没有虚假记载、

误导性陈述或重大遗漏。

西安通源石油科技股份有限公司（以下简称“公司”）于2015年10月21日收到中国证券监督管理委员会（以下简称“中国证监会”）出具的《中国证监会行政许可申请受理通知书》（153016号）。中国证监会依法对公司提交的《西安通源石油科技股有限公司发行股份购买资产核准》行政许可申请材料进行了审查，认为该申请材料齐全，符合法定形式，决定对该行政许可申请予以受理。

公司本次发行股份购买资产事项尚需中国证监会核准，能否获得核准仍存在不确定性。公司将根据中国证监会对该事项的审核进展情况及时履行信息披露义务，敬请广大投资者注意投资风险。

特此公告。"
来消息，下午可能大涨,"https://guba.eastmoney.com/news,300164,208560119.html",2015-10-26 11:42:46,来消息，下午可能大涨
一起死164,"https://guba.eastmoney.com/news,300164,208535310.html",2015-10-26 10:46:03,DIF白线拐头，是进入的信号！
今天见收益了，,"https://guba.eastmoney.com/news,300164,208511239.html",2015-10-26 10:01:00,今天见收益了，
周一没机会了,"https://guba.eastmoney.com/news,300164,208470767.html",2015-10-25 23:36:49,周一没机会了
今年4月份买入贵公司股票，错过牛市行情，复牌后没有像样的反弹，怀疑贵公司已经没有,"https://guba.eastmoney.com/news,300164,915193412.html",2015-10-26 16:11:00,"今年4月份买入贵公司股票，错过牛市行情，复牌后没有像样的反弹，怀疑贵公司已经没有投资价值！如贵公司没有办法稳定老股东信心，多数股东会选择放弃公司股价暴跌，董事局希望看到这样的结果吗？
通源石油
通源石油：尊敬的投资者，您好。股价由二级市场决定，上市公司不能操控股价。谢谢！
(来自深交所互动易)答复时间 2015-10-26 16:11:00"
哈哈哈！期待星期一！[大笑][大笑][大笑][胜利],"https://guba.eastmoney.com/news,300164,208278475.html",2015-10-23 19:39:49,哈哈哈！期待星期一！
"6月30日股东户数17077,9月30日股东户数16988，停牌期间怎么会减少，","https://guba.eastmoney.com/news,300164,915193426.html",2015-10-26 16:10:00,"6月30日股东户数17077,9月30日股东户数16988，停牌期间怎么会减少，请说明一下
通源石油
通源石油：尊敬的投资者，你好。该数据为中国登记结算公司数据。应该是投资者进行质押进入证券公司账户导致。详情请询问中国登记结算公司。谢谢！
(来自深交所互动易)答复时间 2015-10-26 16:10:00"
"公司6月30号股东总户数17077,9月30号股东总户数16988，停牌期间股东","https://guba.eastmoney.com/news,300164,915193427.html",2015-10-26 16:10:00,"公司6月30号股东总户数17077,9月30号股东总户数16988，停牌期间股东户数能变化吗，错了吧
通源石油
通源石油：尊敬的投资者，你好。该数据为中国登记结算公司数据。应该是投资者进行质押进入证券公司账户导致。详情请询问中国登记结算公司。谢谢！
(来自深交所互动易)答复时间 2015-10-26 16:10:00"
上周四介入,"https://guba.eastmoney.com/news,300164,208419818.html",2015-10-25 11:51:00,上周四介入
300164要死一路死,"https://guba.eastmoney.com/news,300164,208418165.html",2015-10-25 11:24:54,明天开盘就玩跑的快！
请问公司是否有找油藏的技术能力，未来是否会并购具备找油藏能力的公司。,"https://guba.eastmoney.com/news,300164,915193444.html",2015-10-26 16:08:00,"请问公司是否有找油藏的技术能力，未来是否会并购具备找油藏能力的公司。
通源石油
通源石油：尊敬的投资者，您好，公司收购兼并均在产业上下游进行。谢谢
(来自深交所互动易)答复时间 2015-10-26 16:08:00"
复牌后打开跌停的股票 可能是下一个金矿,"https://guba.eastmoney.com/news,300164,208370934.html",2015-10-24 18:01:52,复牌后打开跌停的股票 可能是下一个金矿
300164新兴产业重大工程包发布，互联网 迎产业集群时代,"https://guba.eastmoney.com/news,300164,208357770.html",2015-10-24 14:39:30,300164新兴产业重大工程包发布，互联网 迎产业集群时代.发改委发布六大新兴产业重大工程包发改委23日下发关于实施新兴产业重大工程包的通知，通知指出，2015至2017年，重点开展信息消费、新型健康技术惠民、海洋工程装备、高技术服务业培育发展、高性能集成电路及产业创新能力等六大工程建设，按照“成熟一批、启动一批、储备一批、谋划一批”的要求，超前部署新兴产业工程项目，建立项目库，科学合理制定工程目标和建设方案，滚动推进实施。[影响领域]信息服务等概念[专家解读]涉及信息服务、基因检测、海洋工程、智能制造等领域的上市公司或受益，重点关注300164.300044.002497.300024[点击查看博客原文]
底位大概在9元,"https://guba.eastmoney.com/news,300164,208369085.html",2015-10-24 17:30:46,底位大概在9元
300164一朝掀起并购潮 狼性十足又见新猎物 5月份发布定增方案，,"https://guba.eastmoney.com/news,300164,208327102.html",2015-10-24 07:57:00,"300164300164一朝掀起并购潮 狼性十足又见新猎物5月份发布定增方案，收购麦迪克斯100%的股权，认购对象，大股东的自己人（他的兄弟姐妹）认购3.5亿，麦迪克斯的控股股东认购2亿，自己人认购大部分，并且把被收购方的控股股东拉进来，动机较强。5月30日公司跟中钰资本签订并购协议，中钰资本是专门做医疗方面并购的，团队脱胎于通源石油拟收购标的.市值管理野心勃勃 背后疑有大动作300164一朝掀起并购潮 狼性十足又见新猎物拿下高铁自主化最后难关 大功率核心芯片商机超百亿通源石油拟收购标的隶属中国中车(601766,SH)的永济新时速电机电器有限责任公司(以下简称永济电机)发布具有完全自主知识产权的6500V/200A高压大功率IGBT(绝缘栅双极型晶体管)模块。在轨道交通领域,高压大功率IGBT模块在电传动系统部件中发挥着关键作用,被称为大功率交流机车运行的“心脏”。2014年,虽然自主化牵引传动系统和网络控制系统陆续投入使用,但所有机车车辆用6500VIGBT芯片仍然依赖进口。中科院院士、中国中车首席技术顾问邹世昌在接受包括《每日经济新闻》在内的媒体采访时表示,这次中国“芯”研发成功,意味着完全替代了国外同类产品在我国地铁和铁路机车变流器中的“核芯”位置。打破国外垄断,降低了我国轨道交通、风力发电等产业发展过程中的经济风险,更加有利于推动中国高铁和大功率机车核心技术完全自主,可以说破除了高铁自主化的最后一道难关。每年进口花费数百亿通源石油拟收购标的在高压大功率IGBT芯片方面,由于对IGBT芯片可靠性要求非常高,此前,我国还没有厂家能够实现6500VIGBT芯片本土产业化。为此,国内企业每年需花费数百亿元资金从国外采购IGBT产品。“国外采购周期长达数动车、机车装备在国际市场的竞争力。”永济电机相关人士告诉《每日经济新闻》记者。月甚至一年以上,严重制约了我国轨道交通装备的自主创新和民族品牌创立,大大降低了国内[点击查看博客原文]"
健康中国开启十万亿元盛宴 三领域猛吸金(附股),"https://guba.eastmoney.com/news,300164,208326032.html",2015-10-24 07:39:56,健康中国开启十万亿元盛宴 三领域猛吸金(附股)
难道你们不知道重组出问题了吗 可以看下红日证券周刊说 收购标的有问题,"https://guba.eastmoney.com/news,300164,208004737.html",2015-10-22 19:42:43,难道你们不知道重组出问题了吗 可以看下红日证券周刊说 收购标的有问题
300164,"https://guba.eastmoney.com/news,300164,208289252.html",2015-10-23 20:41:45,一切利好皆为空！
庄及操盘手连个太监都不如,"https://guba.eastmoney.com/news,300164,208225319.html",2015-10-23 15:07:57,300164近年来有个涨停板的吗？跌停板倒是常见
想知道为什么长不起来吗.,"https://guba.eastmoney.com/news,300164,208188038.html",2015-10-23 14:10:22,"散户满仓,机构踏空."
明天必拉5点以上！,"https://guba.eastmoney.com/news,300164,207779621.html",2015-10-21 22:41:33,明天必拉5点以上！
借助大盘出反转，可惜没有量！,"https://guba.eastmoney.com/news,300164,208185497.html",2015-10-23 14:06:33,借助大盘出反转，可惜没有量！
真他妈受不了你了 佩服狗庄 我是撤了,"https://guba.eastmoney.com/news,300164,208176841.html",2015-10-23 13:53:11,真他妈受不了你了 佩服狗庄 我是撤了
是精子总会发光，等着吧，会漲的,"https://guba.eastmoney.com/news,300164,208071019.html",2015-10-23 09:38:45,是精子总会发光，等着吧，会漲的
这个精子没有胚胎[大笑][大笑],"https://guba.eastmoney.com/news,300164,208087372.html",2015-10-23 10:07:34,这个精子没有胚胎
300191人家都要上天了！都怪瞎眼买了你还以为你是妖股。,"https://guba.eastmoney.com/news,300164,208043771.html",2015-10-23 02:22:50,300191人家都要上天了！都怪瞎眼买了你还以为你是妖股。
今天进的,"https://guba.eastmoney.com/news,300164,207999619.html",2015-10-22 19:13:38,明天观察一天，只补一次仓。
300164,"https://guba.eastmoney.com/news,300164,207996690.html",2015-10-22 18:57:36,大单出逃，散户接货！
行情好，你大鳄,"https://guba.eastmoney.com/news,300164,207987143.html",2015-10-22 17:50:00,行情好，你大鳄
大胆买,"https://guba.eastmoney.com/news,300164,207672261.html",2015-10-21 14:32:23,RT
又有新低,"https://guba.eastmoney.com/news,300164,207925436.html",2015-10-22 14:13:20,新低会不断。。。
都超跌成什么样子了，还在砸！你还想来个报复性反弹是咋地！尼玛得！,"https://guba.eastmoney.com/news,300164,207900059.html",2015-10-22 13:22:15,都超跌成什么样子了，还在砸！你还想来个报复性反弹是咋地！尼玛得！
还得盘整一个礼拜,"https://guba.eastmoney.com/news,300164,207892641.html",2015-10-22 13:02:30,还得盘整一个礼拜
创业板大涨。这股拖后腿,"https://guba.eastmoney.com/news,300164,207863799.html",2015-10-22 11:05:20,拖后腿
反弹以下将继续寻低.,"https://guba.eastmoney.com/news,300164,207846452.html",2015-10-22 10:30:59,继续寻低.
12.00切入100手,"https://guba.eastmoney.com/news,300164,207568286.html",2015-10-21 10:21:37,严重滞涨，等待拉升
给点力，拉上去啊！狗庄家。,"https://guba.eastmoney.com/news,300164,207834682.html",2015-10-22 10:08:34,给点力，拉上去啊！狗庄家。
今天建仓，没买的跟上,"https://guba.eastmoney.com/news,300164,207596409.html",2015-10-21 11:11:01,今天建仓，没买的跟上
300164,"https://guba.eastmoney.com/news,300164,207743000.html",2015-10-21 18:48:13,明天还有一大跌！
12进入了，奶奶的，本以为有搞头,"https://guba.eastmoney.com/news,300164,207734452.html",2015-10-21 17:55:43,12进入了，奶奶的，本以为有搞头
今天买卖,"https://guba.eastmoney.com/news,300164,207707386.html",2015-10-21 15:53:05,100620 600485 信威集团 卖出 买卖 已成 23.500 5000.00 1613 23.530
12.86元非公开发行价，二级市场今天才10.88元，如不想办法提振股价，非公开,"https://guba.eastmoney.com/news,300164,915193557.html",2015-10-26 16:05:00,"12.86元非公开发行价，二级市场今天才10.88元，如不想办法提振股价，非公开发行只怕难以成功啊！
通源石油
通源石油：谢谢您的建议。
(来自深交所互动易)答复时间 2015-10-26 16:05:00"
尼玛，刚入就套。,"https://guba.eastmoney.com/news,300164,207698994.html",2015-10-21 15:23:03,尼玛，刚入就套。
10元就要到来.,"https://guba.eastmoney.com/news,300164,207652672.html",2015-10-21 13:59:05,开始建仓
222,"https://guba.eastmoney.com/news,300164,207666122.html",2015-10-21 14:21:28,fff
最后一天执出的机会了,"https://guba.eastmoney.com/news,300164,207559812.html",2015-10-21 10:07:41,最后一天执出的机会了
大家耐心持有就可以了,"https://guba.eastmoney.com/news,300164,207544260.html",2015-10-21 09:39:54,大家耐心持有就可以了
慢慢来，急不得！,"https://guba.eastmoney.com/news,300164,207542925.html",2015-10-21 09:36:39,慢慢来，急不得！
够背的了，头天买，第二天关几个月了，出来跌停板，再继续跌...,"https://guba.eastmoney.com/news,300164,207404872.html",2015-10-20 14:23:46,够背的了，头天买，第二天关几个月了，出来跌停板，再继续跌...
前天收十字星,"https://guba.eastmoney.com/news,300164,207520399.html",2015-10-21 06:31:26,没有守好
重大利好明天要么停.要么涨停,"https://guba.eastmoney.com/news,300164,207499761.html",2015-10-20 21:53:49,重大利好明天要么停.要么涨停
反弹都这么弱！真垃圾.！,"https://guba.eastmoney.com/news,300164,207383550.html",2015-10-20 13:45:04,反弹都这么弱！真垃圾.！
300191十个板了,"https://guba.eastmoney.com/news,300164,207501019.html",2015-10-20 22:04:22,300191十个板了
300164还在底部,"https://guba.eastmoney.com/news,300164,207501456.html",2015-10-20 22:07:40,300164还在底部
300157可能20个板,"https://guba.eastmoney.com/news,300164,207501192.html",2015-10-20 22:05:39,300157可能20个板
油气改革新动向！,"https://guba.eastmoney.com/news,300164,207429423.html",2015-10-20 15:13:26,"油气勘探开发市场首次向内资企业开放 13家企业参标

据中国国土资源报10月20日消息，新疆石油天然气勘查区块招标出让项目招标会今日在京举行，首次向内资企业开放油气勘探开发市场。本次投放5个区块，有13家企业参加投标。

　　此举打破常规油气勘探仅几家国有石油公司勘查开发局面，国土资源部还将向社会公开投放新一批的新疆油气勘查区块。"
心若在，梦就在，只不过是从头再来。,"https://guba.eastmoney.com/news,300164,207221536.html",2015-10-19 17:39:20,啥也不说，免得主力砸盘。
恭喜今天没被洗出去的朋友，你们都是高手！,"https://guba.eastmoney.com/news,300164,207267535.html",2015-10-20 00:08:51,恭喜今天没被洗出去的朋友，你们都是高手！
你好，现有媒体对贵收购标的公司财务数据提出质疑，请贵公司尽快回应，谢谢！,"https://guba.eastmoney.com/news,300164,915193570.html",2015-10-26 16:04:00,"你好，现有媒体对贵收购标的公司财务数据提出质疑，请贵公司尽快回应，谢谢！
通源石油
通源石油：你好，请查看公司的《澄清公告》。谢谢！
(来自深交所互动易)答复时间 2015-10-26 16:04:00"
通源石油:股票交易异常波动及风险提示公告,"https://guba.eastmoney.com/news,300164,206659691.html",2015-10-15 17:03:17,"公告日期：2015-10-15
证券代码：300164 证券简称：通源石油 公告编号：2015-095

西安通源石油科技股份有限公司

股票交易异常波动及风险提示公告

本公司及董事会全体成员保证信息披露的内容真实、准确、完整，没有虚假记载、误导性陈述或重大遗漏。

一、股票交易异常波动的具体情况

西安通源石油科技股份有限公司（以下简称“公司”)股票交易价格于2015年10月14日、10月15日连续两个交易日内收盘价格涨幅偏离值累计超过了20%。根据《深圳证券交易所创业板股票上市规则》的规定，属于股票交易异常波动的情况。

二、公司关注并核实情况的说明

董事会已对公司控股股东及实际控制人就近期公司股票交易发生异常波动问题进行了核实，现将有关情况说明如下：

1、公司于2015年10月12日针对2015年10月9日深圳证券交易所向公司发出的《关于对西安通源石油科技股份有限公司的重组问询函》（创业板许可类重组问询函【2015】第39号）进行了答复，并披露了《西安通源石油科技股份有限公司发行股份及支付现金购买资产并募集配套资金报告书（草案）（修订稿）及其摘要》（以下简称“《重组报告书（草案）》”）等相关文件；

2、公司于2015年10月14日发布了《2015年前三季度业绩预告》，受国际油价低位震荡运行，国内外油公司投资普遍减少和放缓的影响，2015年前三季度业绩为-2000万元至-1500万元。

3、公司前期披露的信息不存在需要更正、补充之处；

4、公司未发现近期公共传媒报道了可能或已经对本公司股票交易价格产生较大影响的未公开重大信息；

5、公司目前经营情况正常，内外部经营环境未发生重大变化；

6、公司、控股股东和实际控制人不存在关于本公司的应披露而未披露的重大事项，或处于筹划阶段的重大事项；

7、公司控股股东和实际控制人在股票异常波动期间不存在买卖公司股票的行为。

三、不存在应披露而未披露信息的说明

公司董事会确认，公司目前没有任何根据《深圳证券交易所创业板股票上市规则》等有关规定应予以披露而未披露的事项；董事会也未获悉公司有根据《深圳证券交易所创业板股票上市规则》等有关规定应予以披露而未披露的、对公司股票价格产生较大影响的信息；公司前期披露的信息不存在需要更正、补充之处。

本公司及董事会全体成员保证公告内容真实、准确、完整，没有虚假记载、误导性陈述或重大遗漏。

四、风险提示

（一）经自查，公司不存在违反公平信息披露的情况；

（二）本公司在《重组报告书（草案）》中详细披露了关于本次交易存在的不确定性因素，部分风险为：

1、审批风险

本次交易尚需取得标的企业商务主管部门的批准和中国证监会的核准，本次交易能否取得上述批准或核准及取得上述批准或核准的时间存在不确定性，方案最终能否成功实施存在上述审批风险。

2、本次交易可能取消的风险

本次交易存在因相关主体可能涉嫌内幕交易而暂停、终止或取消的风险。

本次交易存在因未及时获得中国证监会核准而被终止的风险。

此外，如监管机构对本次交易相关协议的内容和履行提出异议，交易双方无法就完善交易方案的措施达成一致，则本次交易存在终止的风险。

3、标的资产评估增值较大的风险

本次交易的标的资产为波特光盛70%股权和永晨石油55%股权。本次交易标的资产采用收益法和资产基础法评估，评估机构以收益法评估结果作为交易标的最终评估价值。经评估，波特光盛和永晨石油的评估增值率分别为170.27%和133.57%，增值率较高，提请投资者关注本次交易标的资产评估增值率较高的风险。

4、标的公司业绩承诺实现风险

尽管《业绩补偿协议》约定的业绩补偿方案可以较大程度地保障上市公司及广大股东的利益，但如果未来标的公司出现经营未达预期的情况，则会影响到上市公司的整体经营业绩和盈利规模。

5、商誉减值风险

本次交易完成后，在上市公司合并资产负债表中将会形成较大金额的商誉。

根据《企业会计准则》规定，商誉不作摊销处理，需在每年年度终了进行减值测试。若标的资产未来经营中不能较好的实现收益，那么本次交易所形成的商誉将会存在减值风险，从而对上市公司经营业绩产生不利影响。

6、募集配套资金未能实施或融资金额低于预期的风险

受股票市场波动及投资者预期的影响，公司本次募集配套资金能否顺利实施存在不确定性。在募集配套资金未能实施或募集金额低于预期的情形……
[点击查看PDF原文]
提示：本网不保证其真实性和客观性，一切有关该股的有效信息，以交易所的公告为准，敬请投资者注意风险。
展开阅读全文"
无良公司加上没人性主力造成散户亏损！（特开帖大骂此股。,"https://guba.eastmoney.com/news,300164,206864565.html",2015-10-16 15:00:04,欢迎在此股亏损的朋友来一同骂之。
跌不动，拉不起才最可怕！,"https://guba.eastmoney.com/news,300164,207420448.html",2015-10-20 14:52:46,跌不动，拉不起才最可怕！
只是在这个位置慢慢出货,"https://guba.eastmoney.com/news,300164,207388307.html",2015-10-20 13:54:17,没有拉升的意思，走吧。
反弹没结束，在等一等！就是太弱了！,"https://guba.eastmoney.com/news,300164,207388392.html",2015-10-20 13:54:27,反弹没结束，在等一等！就是太弱了！
出是明智的选择,"https://guba.eastmoney.com/news,300164,207205492.html",2015-10-19 15:57:00,出是明智的选择
都后一半也给你，不玩了。,"https://guba.eastmoney.com/news,300164,207334974.html",2015-10-20 10:56:07,都后一半也给你，不玩了。
我们错过了这一波吃饭行情了吗？,"https://guba.eastmoney.com/news,300164,207329954.html",2015-10-20 10:45:50,"至少我是错过了啊
伤痛不已
今天有拉高就出
一个月后再来"
11.8卖了一半，估计还有至少20点下跌。,"https://guba.eastmoney.com/news,300164,207311509.html",2015-10-20 10:08:29,11.8卖了一半，估计还有至少20点下跌。
他不是创业板,"https://guba.eastmoney.com/news,300164,207324863.html",2015-10-20 10:35:00,啊
没看到主力买，全是散户买主力卖。,"https://guba.eastmoney.com/news,300164,207321642.html",2015-10-20 10:28:33,没看到主力买，全是散户买主力卖。
今天又是下跌4个点,"https://guba.eastmoney.com/news,300164,207308446.html",2015-10-20 10:03:07,今天又是下跌4个点
昨天尾盘1万手出货，肯定又有大户跑了,"https://guba.eastmoney.com/news,300164,207292552.html",2015-10-20 09:24:38,昨天尾盘1万手出货，肯定又有大户跑了
股票马上复牌，准备资金买入！,"https://guba.eastmoney.com/news,300164,206056187.html",2015-10-12 15:28:09,公司已经得到深交所的批复，2日内就将复牌，有资金的朋友准备好了吗？我已经准备了10万元的资金继续加仓。
顶多十六,"https://guba.eastmoney.com/news,300164,207284431.html",2015-10-20 08:32:53,顶多十六
重大资产重组证监会核准快要停牌了,"https://guba.eastmoney.com/news,300164,207209825.html",2015-10-19 16:22:59,证监会核准
散户在自杀。至少还要跌百分30,"https://guba.eastmoney.com/news,300164,207159615.html",2015-10-19 13:46:45,散户在自杀。至少还要跌百分30
拉红意愿不强，大家多加小心吧！,"https://guba.eastmoney.com/news,300164,207186755.html",2015-10-19 14:49:37,拉红意愿不强，大家多加小心吧！
今天不见红，三天必须跑,"https://guba.eastmoney.com/news,300164,207185352.html",2015-10-19 14:46:44,今天不见红，三天必须跑
全球前十四位锂电池厂商排名 通源石油收购锂科公司换股吸收合并通源石油收,"https://guba.eastmoney.com/news,300164,206998125.html",2015-10-18 07:36:39,"全球前十四位锂电池厂商排名通源石油收购锂科公司换股吸收合并通源石油收购锂科公司兴柜电池厂锂科进军大陆电动车有成，与大陆江淮、上饶汽车签订电动车电池供应备忘录，预计今年营收将倍数成长。锂科资本额120.5亿元，股东有联电、日本电池芯大厂三洋，外传鸿海亦为股东；锂科从事正极材料研发，触角已从上游电池材料，延伸至中下游的电池芯及电池模组。　　国内电池业者分属上、下游模两极端。下游组装厂，包括新普、顺达科，至于上游包括能元、长园科等，锂科为少数上中下游兼备的电池厂。锂科昨日表示，五年内将投入10亿美元建厂电动车用锂电池，第一期在烟台建厂，第四季投产，目标成为全球电动车的电池供应大厂，去年营收103.1亿元，今年营收将倍增至27亿元，预计下半年送件，明年可望挂牌。　中国储能网讯：在全球锂电池生产厂商中，基本上是中日韩三分天下的局势，日本，韩国稍强，中国以比亚迪为代表的企业正迎头赶上。1、Sanyo（高能量锂离子电池 高功率锂离子电池）Sanyo(日本三洋电机株式会社)是目前世界上最大的锂电池生产企业，该公司目前主要生产高能量电池，广泛应用于手机、笔记本电脑等消费类电子设备上，月出货量约650 万节。2000 年，三洋公司在北京投资8900 万美元（注册资本3000 万美元）设立了三洋能源（北京）有限公司，主要生产锂离子电池，月出货量约7000 万节。三洋公司计划从2009 年开始投入1250 亿日元（约12 亿美元）扩大锂电池生产能力至9000 万节/月。2、Sony（高能量锂离子电池 高功率锂离子电池）SONY(日本索尼公司)是锂离子电池产业的先导者，目前其锂离子电池产能位居世界第二，该公司同时生产高能量电池和高功率电池，其中高能量电池月出货量约4000 万节。2000 年9 月7 日，索尼公司在江苏省无锡市投资2300 万美元（注册资本约 1000 万美元）建立生产聚合物锂离子充电电池的工厂“索尼电子（无锡）有限公司”，生产适用于移动电话等移动终端使用的聚合物锂离子充电电池。索尼公司计划从 2008 年开始其投入400 亿日元（约4 亿美元）并在2010 年第一期结束后继续投资以扩大其锂电池生产能力至7400 万节/月。3、MBI（高能量锂离子电池 高功率锂离子电池）MBI(Matsushita Battery Industrial Co., Ltd.)为日本松下公司下属的锂电池生产企业，创立于1923 年，1994 年开始生产锂离子电池，为世界第三大锂电池生产企业，该企业目前的电池出货量约为2500 万/月，该公司计划从2008 年底开始投入1230 亿日元（约12 亿美元）分两个阶段建设两个新工厂，同时改造现有工厂，最终将产能提高到7500 万节/月的水平。4、Maxell（高能量电池）Maxell(日本麦克赛尔株式会社) 成立于1960 年，是日本国内第一家研发生产碱性电池、软盘等产品的企业。目前为世界第四大锂电池生产企业，出货量约为1700 万节 /月。该公司在国内设立有无锡日立麦克赛尔有限公司。注册资本为 4000 万美元，总投资为9750 万美元。第一期投资开发、生产、销售无汞碱锰电池，第二期投资开发、生产、销售锂离子充电电池。5、SGS（高能量电池）由GS Yuasa (日本GS 汤浅)由Japan Storage Battery Co., Ltd（日本电池株式会社）和 Yuasa Corporation（日本汤浅公司）合资成立。SGS 在全球拥有81 个下属机构和41 个合资公司。公司主要生产各类蓄电池、电力供应系统、照明设备等。该公司锂电池月出货量约50 万节。6、NEC（高能量电池）NEC(日本电气株式会社)成立于 1899 年，总部位于日本东京，是世界 500 强企业之一。主要从事通信网络系统和设备、计算机软硬件及服务、集成电路及电子 元器件等产品的研发、生产和销售，产品种类多达 15000 多种。NEC 也是世界上开发和利用锂离子电池最早的企业之一，目前该公司锂离子电池出货量约48 万节/月。7、SDI（高能量锂离子电池 高功率锂离子电池）SDI(Samsung SDI，韩国三星SDI 公司)为韩国三星集团下属企业之一，主要从事显示器和锂离子电池的生产，目前锂离子电池月出货量约为530 万节。SDI 在国内有 6 家企业，其中东莞三星视界有限公司（三星 SDI 东莞）成立于 1997 年 12 月，专业生产多型号的液晶显示片（LCD）和锂离子电池。8、LGC（高能量锂离子电池 高功率锂离子电池）LGC 为韩国LG 集团下属企业，韩国LG 集团成立于1947 年，主要从事电子、化学、通信等产品的生产，在全球有130 多家子公司。目前该公司锂离子电池出货 量约300 万节/月。9、BYD（高能量电池）BYD 比亚迪股份有限公司（以下简称“比亚迪”）创立于 1995 年，是一家香港上市的高新技术民营企业，现拥有IT 和汽车两大产业群。目前比亚迪占据了世界9.8%的锂离子电池市场份额，为国内最大的锂离子电池生产企业，主要生产高能量电池，出货量约为300 万节/月，该公司目前正在加紧开发高功率电池。 10、Lishen（高能量电池） Lishen 天津力神电池股份有限公司是一家拥有自主知识产权核心技术，专业从事锂离子蓄电池技术研发、生产和经营的股份制高新技术企业。公司位于天津新技术产业园区华苑产业区，占地8.5 万平方米，成立于1997 年12 月25 日，注册资本8.5 亿元人民币，总资产28 亿元人民币。目前公司已具有2.5 亿只电池的年生产能力。11、ATL（高能量电池）ATL 香港新能源科技有限公司（Amperex Technology Limited）开发和生产适合于OEM 客户的高能量锂离子电池的电芯，2005 年日本著名的电子企业TDK 公司用约1 亿美元完成了对ATL 公司的收购。ATL 目前在东莞设有两家独资企业：东莞新能源电子科技有限公司和东莞新能源科技有限公司。12、BAK（高能量电池）BAK 深圳市比克电池有限公司是2001 年成立的高新科技企业，美国上市公司，注册资金8260 万美元，主要从事高能量锂离子电池的生产。近期内，随着比克公 司日产100 万只锂离子电池芯项目完成投产（据称，该数字可信度不高），比克公司有望成为世界最大的锂电专业制造商之一。13、E-one（高功率锂离子电池）E-one Moli（台湾能元科技股份有限公司），创立于1977 年的Moli Energy 系全世界第一家投入锂电池生产领域的工厂，座落于加拿大温哥华市郊，研发阵容坚强，在电池技术领域中拥有许多关键性的专利，并已在全球 33 个国家中取得注册商标。 1990 年Moli 加入日本NEC 集团，并于1994 年改装设备着手量产锂离子电池，次年上市销售；目前拥有四条圆型锂离子电池量产线及300 余员工，月产能可达180 万颗，雅化集团主要生产供给高能量锂离子电池和高功率锂离子电池。14、A123（高功率锂离子电池）A123 系统公司创立于 2001 年，由麻省理工，摩托罗拉，通用电气及其他投资者共同创建，是一家研究，生产及销售新一代锂离子电池的高科技公司，其总部及研发中心设在美国马萨诸塞 Water Town，在美国、中国（包括台湾）、韩国设有制造工厂，目前年产量已经超过500 万只锂离子电池，用于电动工具及远程信，客户包括 Black&Deker, Motorola, Google, GE 等。公司正在常州筹建高博能源电池组装厂，专门生产电动汽车及混合动力汽车用锂离子电池，现有客户包括GM, BMW，Volvo 等。美国A123 系统公司在常州设立了两家子公司，常州高博能源技术有限公司和常州高博能源材料有限公司，在镇江设立了镇江高博能源技术有限公司。通源石油收购锂科去年仍处城市工业，法人评估，今年有机会在3C电池扩大产能后，转亏为盈，元月营收91.33亿元，较去年同期成长522.09%。锂科昨兴柜收盘价11.90元。　　通源石油收购锂科昨日宣布与中研院及国立暨南大学签约，三方合作研究动力锂电池正极材料，预计今年将申请专利，从欧美掌握材料专利情况下，另辟蹊径；锂科在大陆合作伙伴-江西博能集团，昨日亦为座上宾。　　江西博能集团为大陆500强企业，旗下拥有上饶汽车，主要营业项目包括大型客车制造及房地产开发；博能集团总裁办公室主任彭震指出，锂科将是博能电动公车的电池主要供应商之一。　　据了解，通源石油收购锂科也与四川、重庆、安徽等的知名汽车厂签定供应链协定，将从开发、设计导入，初期以巴士的电池供应为主。近日，雅化集团(002497)高送转凸显管理层信心 碳酸锂价格连续上涨　雅化集团(002497)高送转凸显管理层信心碳酸锂价格连续上涨　　全球碳酸锂巨头FMC公司9月15日宣布，自2015年10月1日起，将在全球范围内，全线提升旗下锂产品价格。其中，碳酸锂、氯化锂、氢氧化锂等产品将提价15%。此次FMC全线涨价，将给我国供需偏紧的碳酸锂市场带来明显提振作用，目前该效应已逐步体现。　　根据“生意社”的碳酸锂报价，10月13日“雅化集团(002497”旗下电池级碳酸锂的出厂价已由55000元/吨提升至78500元/吨；而根据“亚洲金属网”的报价系统，国内电池级碳酸锂均价已持续上行至53500元/吨，氢氧化锂均价也已上行至48500元/吨；此外，13日“百川资讯”也将四川、江苏的高端和低端电池级碳酸锂价格均调高40000元至95000-98000元/吨。　　从下游电动汽车销量来看，中国汽车协会发布的最新数据显示，9月份新能源汽车产销延续高增长态势，远高于汽车行业平均水平。1月-9月份，新能源汽车累计生产14.4万辆，销售13.7万辆，同比分别增长2.0倍和2.3倍。相比而言，全国9月汽车销量同比增长仅为2.1%，1月-10月汽车销量同比增长1000.3%，远高于新能源车增速。机构预计，今年新能源汽车给碳酸锂带来的新增需求将超过1000万吨，行业供需格局继续改善，拥有锂矿资源、从事碳酸锂深加工等企业，将获得市场扩张机遇。　　此外，随着气温的下降，部分盐湖提锂的厂家将面临生产装置停产。目前生产碳酸锂主要有两种工艺，盐湖提锂和矿石提锂，由于我国盐湖主要集中在青海、西藏等地，随着秋冬季的来临，盐湖提锂装置将受到限制，国内碳酸锂供应迎来季节性的收缩，雅化集团(002497)从而为价格上涨起到进一步支撑ARPA-E资助阿贡实验室200万美元用于混合动力燃料电池技术的研究与开发。阿贡国家实验室获得高级研究雅化集团项目署能源中心（ARPA-E）的新项目“基于电化学系统的可靠电力”（REBELS）的200万美元资助，雅化集团用于开发混合动力燃料电池技术。雅化集团REBELS的重点是提高电网的稳定性，平衡间歇性可再生能源技术，并采用电化学分布式发电系统减少二氧化碳排放量。阿贡国家实验室的混合燃料电池项目允许燃料电池的设备在低温下启动，除了具有传统的燃料电池性能，还可以利用天然气生产乙烯以转换成液体燃料或其它高价值化学品。阿贡国家实验室混合动力燃料电池技术的研发获雅化集团的资助不仅能促进新技术的出现，还能在提高技术水平的同时提供更多的工作岗位。[点击查看博客原文]
展开阅读全文"
再好，我也不和你老赵玩了。88,"https://guba.eastmoney.com/news,300164,207160312.html",2015-10-19 13:48:40,再好，我也不和你老赵玩了。88
抢个反弹还是可以的,"https://guba.eastmoney.com/news,300164,207184127.html",2015-10-19 14:43:59,抢个反弹还是可以的
