标题,链接,发布时间,内容
不暴跌摸跌停千万别加仓，88.22现在都没站稳过，下周下跌77元。,"https://guba.eastmoney.com/news,300388,159093378.html",2015-04-17 15:57:39,不暴跌摸跌停千万别加仓，88.22现在都没站稳过，下周下跌77元。
明明空头出货浪，散户还要买,"https://guba.eastmoney.com/news,300388,159075397.html",2015-04-17 14:59:23,赔钱都可爱~
国祯环保的内幕交易感觉有人提前知道招标失败，所以出货。,"https://guba.eastmoney.com/news,300388,159088439.html",2015-04-17 15:35:55,"国祯环保的内幕交易

感觉有人提前知道招标失败，所以出货。"
不跌60元不买，高于50倍pe的不买,"https://guba.eastmoney.com/news,300388,159088149.html",2015-04-17 15:34:52,不跌60元不买，高于50倍pe的不买
松德股份10送20题材 创业板股票,"https://guba.eastmoney.com/news,300388,158915560.html",2015-04-17 09:57:02,"股价只有30元，国祯环保股价高达86元。

相差50元。


火线抢筹拉~"
现在388走势和前几天蓝盾很像,"https://guba.eastmoney.com/news,300388,159036355.html",2015-04-17 14:03:30,蓝盾三个涨停。。。388呢？
高送转涨得多，回落少，走的稳，只有002337！,"https://guba.eastmoney.com/news,300388,159000302.html",2015-04-17 13:01:43,"002195、300055都是个垃圾！

002337是私募徐翔人控制的！"
污水处理板块应该是长线金股,"https://guba.eastmoney.com/news,300388,158996697.html",2015-04-17 12:44:44,回档正是买入良机
污水处理板块中的工业污水处理含金量最高,"https://guba.eastmoney.com/news,300388,158993676.html",2015-04-17 12:29:26,工业污水处理的收益最好。
公司股票是高送转里走势很弱的，大盘都翻翻，而公司的股票也没涨多少，想必这也不是公,"https://guba.eastmoney.com/news,300388,915570157.html",2015-04-20 13:46:00,"公司股票是高送转里走势很弱的，大盘都翻翻，而公司的股票也没涨多少，想必这也不是公司做愿看到了。希望公司与时并进将进行互联网+产业方面的布局，多学学股票市场那些快速应变的上市公司向互联网+转型，成了股市的龙头股，对公司的业务获得也是最好的广告和营销！
节能国祯
国祯环保：: 您好。公司的工作重点是提升业绩，谢谢您的建议。
(来自深交所互动易)答复时间 2015-04-20 13:46:00"
松德涨停了,"https://guba.eastmoney.com/news,300388,158960877.html",2015-04-17 11:00:37,松德涨停了
松德涨停了。我靠。。,"https://guba.eastmoney.com/news,300388,158962412.html",2015-04-17 11:03:05,不给补仓机会啦
听我的这会赚个涨停板 不停结果就是踏空涨停板,"https://guba.eastmoney.com/news,300388,158958964.html",2015-04-17 10:57:51,可惜了吧~~~
发财了，赶紧上车[胜利][胜利][胜利][胜利][胜利][胜利][胜利][胜利],"https://guba.eastmoney.com/news,300388,158959527.html",2015-04-17 10:58:42,发财了，赶紧上车
两天换手率才70%多点，远远的不够，还得再打压，除非换手率这三五天的和值突破10,"https://guba.eastmoney.com/news,300388,158367770.html",2015-04-15 11:17:04,两天换手率才70%多点，远远的不够，还得再打压，除非换手率这三五天的和值突破100%
卖盘散户跑得差不多了，现在多半是三两个大庄的磨合默契期，他们再争388的控盘权，,"https://guba.eastmoney.com/news,300388,158372126.html",2015-04-15 11:23:38,卖盘散户跑得差不多了，现在多半是三两个大庄的磨合默契期，他们再争388的控盘权，买卖多半是他们之间的斗争，像黑帮挣地盘似的，他们的小弟是他们手里的筹码和资金，斗吧，我个小散接点便宜筹码
赶紧除权吧，除完后就没人说股价高了,"https://guba.eastmoney.com/news,300388,158878393.html",2015-04-17 06:58:48,赶紧除权吧，除完后就没人说股价高了
最后的机会，松德股份,"https://guba.eastmoney.com/news,300388,158945880.html",2015-04-17 10:39:23,"10送20 小盘创业板股票

绝对股价只有40元左右

国祯环保 10送20

绝对股价高达86元。

二者相差40多元

一个多头趋势，一个空头趋势。

玩高送转？应该买那只股票？"
松德股份10送20 股价40,"https://guba.eastmoney.com/news,300388,158943380.html",2015-04-17 10:36:01,"国祯环保10送20 股价85？

一个上升趋势，一个下降趋势。

该选哪个？"
落魄的凤凰 不如鸡,"https://guba.eastmoney.com/news,300388,158940232.html",2015-04-17 10:31:33,空头趋势，不易操作
松德股份主升浪开启 国祯环保太弱了,"https://guba.eastmoney.com/news,300388,158913731.html",2015-04-17 09:54:18,"散户赶紧抛弃，逢低买入松德股份。

不要追高呦！

10送20题材，创业板股票！"
国祯环保 空头趋势,"https://guba.eastmoney.com/news,300388,158936426.html",2015-04-17 10:26:21,空头趋势，观望操作。
右侧交易 不要买入空头趋势的国祯环保,"https://guba.eastmoney.com/news,300388,158926714.html",2015-04-17 10:12:38,"10送20，题材松德股份，股价只有40元。

10送20，国祯环保，股价高达85元

两者相差45元。"
不玩了，耽误赚钱时间,"https://guba.eastmoney.com/news,300388,158926305.html",2015-04-17 10:12:01,走了，让庄家自己玩吧
跟风松德股份！,"https://guba.eastmoney.com/news,300388,158914405.html",2015-04-17 09:55:00,[不赞]
哇哇哇 松德股份要涨停了,"https://guba.eastmoney.com/news,300388,158913037.html",2015-04-17 09:53:17,"国祯环保还在阴跌不休。


我开盘1%开始提示的。。

我可没让散户朋友们追高呦~"
松德股份 10送20 主升浪开启,"https://guba.eastmoney.com/news,300388,158912232.html",2015-04-17 09:52:08,"股价偏低，比国祯环保便宜50块。

股价只有30多元，都是10送20

都是创业板股票

趁着便宜赶紧买。"
放弃国真环保  买入松德股份,"https://guba.eastmoney.com/news,300388,158910113.html",2015-04-17 09:49:00,"国真环保 股价太高了

松德股份绝对股价不足30元 10送20股

国祯环保 股价85元 10送20

散户们，该买谁？"
主升浪已经过了，鱼尾行情，没有必要在参与了,"https://guba.eastmoney.com/news,300388,158906859.html",2015-04-17 09:43:53,散户不要追高，不要被庄家的假象给迷惑！
在熊市里，300388这种10送20高送转出不会只涨这点！何况还是国家投资热点行业！,"https://guba.eastmoney.com/news,300388,158742334.html",2015-04-16 14:29:36,[[不屑]机构太绝情！
松德股份 最新10送20概念股,"https://guba.eastmoney.com/news,300388,158889730.html",2015-04-17 08:48:58,"股价低，业绩好，又有10送20题材。

国真环保股价太高了。没什么希望，头部也出来了。

走，买松德股份去。"
打新资金回来了！如果今天再跌，在进一万股,"https://guba.eastmoney.com/news,300388,158878810.html",2015-04-17 07:05:22,打新资金回来了！如果今天再跌，在进一万股
都清干净了,"https://guba.eastmoney.com/news,300388,158872871.html",2015-04-17 03:02:51,这票再涨有点困难，换手太高，还是走为上！今天0410神机开盘又要数板了！哈哈哈！
明天看600436片仔簧10送15派9的表现,"https://guba.eastmoney.com/news,300388,158825001.html",2015-04-16 19:55:08,300388能否跟上
几天亏20%,"https://guba.eastmoney.com/news,300388,158739833.html",2015-04-16 14:25:36,"也怪自己追高，怪不得别人。

割了就心安了，听老股民的话，不要追高。

要不。。还是自己经验不足。

万一做头，随便就跌50%多。

他们说，牛市把熊市里赚的都亏回去了。

只要不赔本金就好了。"
国祯以后走势会怎么样啊？,"https://guba.eastmoney.com/news,300388,158779100.html",2015-04-16 15:55:26,51成本，109没卖，现在趋势向下，要隔不？
下午开始断头一侧刀 散户又追高,"https://guba.eastmoney.com/news,300388,158736794.html",2015-04-16 14:20:48,"下午午盘主力瞬间拉高，然后快速下跌，散户看见，以为是机会，谁知道，主力借力打力。

借水十条发布机会，成功拉出空间，疯狂阴跌出货，从分时图看，主力震荡阴跌。

小单，大单一起砸，60分钟内出货高达1亿资金，折合流通盘10%

断头一侧刀，果然名不虚传。"
永远不要买涨的太高的股票,"https://guba.eastmoney.com/news,300388,158751832.html",2015-04-16 14:43:51,亏损的教训啊。 炒高了 散步就别买了。
86.5卖了 轻松了,"https://guba.eastmoney.com/news,300388,158750334.html",2015-04-16 14:41:32,涨跌与我无关了
终于卖了 心安了,"https://guba.eastmoney.com/news,300388,158738595.html",2015-04-16 14:23:39,[不屑]可以给家里人交待了，至少不用失眠了。
尾市要跌3%以上，大家看好了！,"https://guba.eastmoney.com/news,300388,158714673.html",2015-04-16 13:43:51,哈哈哈哈哈哈哈哈
多么漂亮的圆弧顶！尾市暴跌3%以上！,"https://guba.eastmoney.com/news,300388,158704865.html",2015-04-16 13:28:20,"趁着水十条 庄家疯狂在出货
股价滞涨，就是表现。 庄家在接利好出货

散户在补仓，散户在买入。

庄家成功将筹码对倒给散户。

股价越跌，散户越买。"
祝贺北京金融街的朋友借利好全部清仓成功,"https://guba.eastmoney.com/news,300388,158723487.html",2015-04-16 13:57:41,祝贺你们！
祝贺杭州庆春路的朋友借利好全部清仓成功,"https://guba.eastmoney.com/news,300388,158722082.html",2015-04-16 13:55:20,祝贺祝贺
水十条发布了就这个表现，看来来晚了！,"https://guba.eastmoney.com/news,300388,158721128.html",2015-04-16 13:53:59,水十条发布了就这个表现，看来来晚了！水十条发布了就这个表现，看来来晚了！
暴跌开始了 准备降落伞,"https://guba.eastmoney.com/news,300388,158718701.html",2015-04-16 13:49:49,10，9，8，……
两市再赢 跌停潮,"https://guba.eastmoney.com/news,300388,158717781.html",2015-04-16 13:48:21,
今天买入 明天割肉 何时休？,"https://guba.eastmoney.com/news,300388,158714973.html",2015-04-16 13:44:05,"只有管住自己的手，才能避免庄家的诱惑。

你在买？ 那谁卖给你？ 卖给你的人傻吗？ 还是你很聪明？


庄家在借利好出货！！

水十条已经发布，利好见光死！

股价下跌空间已经打开，主升浪已经完成。"
今天借利好出逃 今天买入明天割肉,"https://guba.eastmoney.com/news,300388,158710222.html",2015-04-16 13:36:53,[不屑]
水十条 见光死,"https://guba.eastmoney.com/news,300388,158699240.html",2015-04-16 13:18:32,"股价滞涨，主力出货，见光死水十条

小心明天暴跌。"
趁着水十条发布 尾市在大幅跳水,"https://guba.eastmoney.com/news,300388,158706663.html",2015-04-16 13:31:21,庄家成功出逃。
水十条 喊了几个月了 发布就是见光死,"https://guba.eastmoney.com/news,300388,158702931.html",2015-04-16 13:25:00,庄家不拉升，388反跌，就是主力在出货的证据。大家小心。不要追高！
庄家出逃成功 尾市大跳水,"https://guba.eastmoney.com/news,300388,158705506.html",2015-04-16 13:29:24,追高的明天准备跌停板割肉吧
股民不要在听庄托的忽悠了！赶紧卖！尾市暴跌！,"https://guba.eastmoney.com/news,300388,158699191.html",2015-04-16 13:18:30,RT
叫多的股托这么多！赶紧卖！尾市要跌3个点！,"https://guba.eastmoney.com/news,300388,158697958.html",2015-04-16 13:16:12,RT
趁着水十条 该涨不涨 就该看跌,"https://guba.eastmoney.com/news,300388,158701824.html",2015-04-16 13:23:08,庄家在出货，散户不要补仓，不要买入。
趁着水十条 庄家疯狂在出货,"https://guba.eastmoney.com/news,300388,158701125.html",2015-04-16 13:21:55,"股价滞涨，就是表现。 庄家在接利好出货

散户在补仓，散户在买入。

庄家成功将筹码对倒给散户。

股价越跌，散户越买。"
趁着反弹赶紧卖，过了这村没这店,"https://guba.eastmoney.com/news,300388,158696676.html",2015-04-16 13:13:38,果断清仓
瘟鸡股！,"https://guba.eastmoney.com/news,300388,158696107.html",2015-04-16 13:12:28,鉴定完毕
国务院关于印发水污染防治行动计划的通知,"https://guba.eastmoney.com/news,300388,158680028.html",2015-04-16 11:57:34,"索 引 号： 000014349/2015-00042 主题分类： 城乡建设、环境保护\环境监测、保护与治理
发文机关： 国务院 成文日期： 2015年04月02日
标　　题： 国务院关于印发水污染防治行动计划的通知
发文字号： 国发〔2015〕17号 发布日期： 2015年04月16日
主 题 词：



国务院关于印发水污染防治行动计划的通知
国发〔2015〕17号

各省、自治区、直辖市人民政府，国务院各部委、各直属机构：
　　现将《水污染防治行动计划》印发给你们，请认真贯彻执行。
　　　　　　　　　　　　　　　　　　　　　　　　　　　　　　 国务院
　　　　　　　　　　　　　　　　　　　　　　　　　　　　 　2015年4月2日

　　（此件公开发布）"
即时消息：国家投4万亿治理污水,"https://guba.eastmoney.com/news,300388,158688944.html",2015-04-16 12:46:26,即时消息：国家投4万亿治理污水，远超预期！下午开盘抓紧抢入治理污水的龙头388.
国务院关于印发水污染防治行动计划的通知 国发〔2015〕17号,"https://guba.eastmoney.com/news,300388,158675575.html",2015-04-16 11:40:36,"国务院关于印发水污染防治行动计划的通知
国发〔2015〕17号，你懂的！"
国祯环保:项目预中标公告(2015-4-15),"https://guba.eastmoney.com/news,300388,158493665.html",2015-04-15 17:03:02,"公告日期：2015-04-15
证券代码：300388 证券简称：国祯环保 公告编号：2015-037

安徽国祯环保节能科技股份有限公司

项目预中标公告

本公司及董事会全体成员保证信息披露的内容真实、准确、完整，没有虚假记载、

误导性陈述或重大遗漏。

广东省招标投标监管网（http://www.gdzbtb.gov.cn/）于近日发布《潮州市第二污水处理厂一期工程及污泥处理中心项目（厂区部分）BOT公示》。安徽国祯环保节能科技股份有限公司（以下简称“公司”）作为联合体成员单位参与竞标,联合体成为第一中标候选人。

一、项目情况

招标人：潮州市供排水管理中心

项目名称：潮州市第二污水处理厂一期工程及污泥处理中心项目（厂区部分）BOT

第一中标候选人：联合体---汕头市瑞康投资有限公司（牵头人）；汕头市建筑工程总公司（组成方）；安徽国祯环保节能科技股份有限公司（组成方）项目概况：该项目设计规模为17万吨/日，其中一期规模6万吨/日，污泥处理中心为100吨/日，总投资为16,744万元；污水处理服务费1.250元/吨；污泥处理服务费99.000元/吨；特许经营权：25年

二、中标候选人公示内容

本次中标候选人公示媒体是广东省招标投标监管网，招标人为潮州市供排水管理中心，详细内容请查看广东省招标投标监管网

（http://www.gdzbtb.gov.cn/zbhxrgsbd/201504/t20150410_308334.htm）。公示时间：2015年4月13日至2015年4月15日。

三、此次预中标对公司的影响

根据联合体协议及与牵头人签署的合作协议，本项目牵头人（汕头市瑞康投资有限公司）负责项目的投融资，公司负责项目的技术支持。若联合体能够签订正式项目合同并顺利实施，预计将对公司贡献120万元技术服务费收入或该项目的设备集成及安装调试服务收入（预计金额不超过5000万元）。

四、风险提示

由于上述项目目前尚处于中标候选人公示期，在公示期内，联合体仅为预中标人，能否最终中标，并签订正式项目合同，尚存在一定的不确定性。公司将按

规定及时披露该项目最终中标结果及合同签订情况，敬请广大投资者注意投资风险。

特此公告。

安徽国祯环保节能科技股份有限公司 董事会

二〇一五年四月十五日


[点击查看PDF原文]
提示：本网不保证其真实性和客观性，一切有关该股的有效信息，以交易所的公告为准，敬请投资者注意风险。
展开阅读全文"
中证500期指创业板标的股马上要涨停了！,"https://guba.eastmoney.com/news,300388,158647689.html",2015-04-16 10:50:15,
高送转：最先拉红的是雪铁龙、三联虹300384,"https://guba.eastmoney.com/news,300388,158634731.html",2015-04-16 10:28:27,
耐心持股必有厚报！[买入],"https://guba.eastmoney.com/news,300388,158632048.html",2015-04-16 10:24:27,耐心持股必有厚报！你懂的！
今年10送20的有哪几只？,"https://guba.eastmoney.com/news,300388,158569547.html",2015-04-16 01:19:41,002337赛象 300055万邦达002195二三四五 300388 002707众信 还有哪些，补充下，谢谢
国祯环保预中标污水处理项目,"https://guba.eastmoney.com/news,300388,158518188.html",2015-04-15 19:19:15,"　　国祯环保(300388)4月15日晚间公告，广东省招标投标监管网于近日发布《潮州市第二污水处理厂一期工程及污泥处理中心项目(厂区部分)BOT 公示》。公司作为联合体成员单位参与竞标，联合体成为第一中标候选人。
　　该项目设计规模为17 万吨/日，其中一期规模6 万吨/日，污泥处理中心为100 吨/日，总投资为16,744 万元；污水处理服务费1.250 元/吨；污泥处理服务费99.000 元/吨；特许经营权25 年。
　　若联合体能够签订正式项目合同并顺利实施，预计将对公司贡献120万元技术服务费收入或该项目的设备集成及安装调试服务收入，预计金额不超过5000万元。(来源:中国证券报)[点击查看原文]"
中标PPP项目大单，促未来快速成长,"https://guba.eastmoney.com/news,300388,158410732.html",2015-04-15 13:33:34,
国祯环保:关于媒体报道的澄清公告,"https://guba.eastmoney.com/news,300388,158209103.html",2015-04-14 17:47:32,"公告日期：2015-04-14
证券代码：300388 证券简称：国祯环保 公告编号：2015-036

安徽国祯环保节能科技股份有限公司

关于媒体报道的澄清公告

本公司及董事会全体成员保证信息披露的内容真实、准确、完整，没有虚假记载、

误导性陈述或重大遗漏。

近日，相关媒体报道——“重要工程虚假披露 国祯环保涉嫌信披违规”。报

道中称，公司重大项目存虚假披露、重大工程无资质施工、违法分包。公司对媒体报道进行了认真核实，说明如下：

一、公司不存在重大工程无资质施工的情形

2013年公司中标合肥市巢湖流域乡镇污水处理厂（含湿地）DBO及配套管网建设项目，负责安徽省合肥市巢湖流域21个乡镇污水处理厂（含湿地）DBO及配套管网（以下简称“巢湖DBO项目”）的建设，合同总金额5.9亿元。

巢湖DBO项目招标文件第一卷《投标人须知》第一部分第一章“二、投标人资格要求”：1、参加投标的单个公司或联合体的各成员必须是中华人民共和国境内外依法注册的企业法人或企业法人联合体（联合体的成员不超过三家）；2、施工：独立投标人或联合体成员之一具有市政公用工程施工总承包壹级及以上资质，施工企业注册资本不少于人民币捌仟万元。依据以上招标要求，国祯环保作为投标联合体牵头人，与中铁四局集团有限公司（具有市政公用工程施工总承包壹级资质，注册资本2,202,950,400元）及北京市市政工程设计研究总院有限公司组成联合体参与投标活动，符合招标文件的要求，通过了招标方的资格审查，并经招标方公开招标程序选择该联合体为第一中标人并予以公示。因此，公司不存在重大工程无资质施工的情形。

二、公司不存在重大项目虚假披露的情形

在公司《首次公开发行股票并在创业板上市招股说明书》中，公司已对承建的上述巢湖DBO项目做了以下风险提示：“该项目合同总额大，涉及建设地点较多，管理难度较大，此外，项目中涉及的管网建设项目长度较大，有可能受到地质条件等不可预见因素的影响，从而对公司的经营业绩产生一定的影响”。

2014年9月，公司承建的巢湖DBO项目在施工过程中发生的一起坍塌事故（一般事故），该起事故未对公司造成合同违约及其他重大经济损失，公司并未收到相关部门作出的停业整顿通知，当时也未收到相关部门的处罚决定，因此，公司未进行信息披露。2015年2月13日，针对这起事故，公司及公司总经理王颖哲、副总经理刘端平收到了庐江县安全生产监督管理局下发的行政处罚决定书，2015年2月16日，公司已对该处罚事项以及对公司的影响做了相关的公告和说明，详见中国证监会指定的信息披露网站。

三、关于因分包受到行政处罚的说明

公司在巢湖DBO项目实施过程中，对项目工程进行了劳务分包，未履行分包审批程序，庐江县安全生产监督管理局认为公司违反了《中华人民共和国建筑法》第二十九条第一款“建筑工程总承包单位可以将承包工程中的部分工程发包给具有相应资质条件的分包单位；但是，除总承包合同中约定的分包外，必须经建设单位认可。施工总承包的，建筑工程主体结构的施工必须由总承包单位自行完成。”规定。2014年9月2日，庐江县住房和城乡建设局下发了《停工通知》，9月15日在上述暂停施工未经批准复工的情况下，该项目发生了坍塌事故。公司在该项目的施工过程中未认真落实施工方案，未落实行政主管部门的停产指令。

针对上述事项，庐江县安全生产监督管理局对公司下发了行政处罚决定书。

2015年2月16日，公司已对该处罚事项以及对公司的影响做了相关的公告和说明，详见中国证监会指定的信息披露网站。

四、整改措施

事件发生后公司管理层高度重视安全生产管理工作，加强和改进了安全生产工作，公司及公司全体董事、监事和高级管理人员将以此为诫，认真学习有关法律法规，提高遵纪守法意识，加强公司安全生产经营过程中的控制与监督，加大公司管理力度，杜绝此类行为的发生，以更积极的态度做好各方面工作，切实维护公司和股东的利益。

五、特别提示

公司在此提示广大投资者：本公司发布的信息均以在巨潮资讯网刊登的公告为准，敬请广大投资者理性投资，注意风险。

特此公告。

安徽国祯环保节能科技股份有限公司 董事会

二〇一五年四月十四日


[点击查看PDF原文]
提示：本网不保证其真实性和客观性，一切有关该股的有效信息，以交易所的公告为准，敬请投资者注意风险。
展开阅读全文"
先跌30~40%再说  530谁也跑不了,"https://guba.eastmoney.com/news,300388,158553070.html",2015-04-15 22:14:10,"100上方清仓的，等跌75左右接回，几天t+0 30%利润不错了。

至少80下方才开始接筹码，每下跌1块加仓5%，直至加满。

只要没有送转，可以继续持有。

但必须成本有优势，如果现在90开始买入，上面空间也就120左右没有空间

如果下跌到80下方甚至70左右，那么上涨空间就出来了。

50~80%利润，大把主力会抢筹的。流通盘才20亿，每天1.5万亿成交量，怕啥。

所以成本低是关键。"
这四天换手110%以上，那么88.22这价位会让55%左右的人套住！,"https://guba.eastmoney.com/news,300388,158499216.html",2015-04-15 17:29:25,剔出对敲盘！
国祯环保预中标污水处理厂项目,"https://guba.eastmoney.com/news,300388,158509357.html",2015-04-15 18:21:40,"　　国祯环保(300388)4月15日晚间发布公告，广东省招标投标监管网近日发布《潮州市第二污水处理厂一期工程及污泥处理中心项目(厂区部分)BOT公示》，公司作为联合体成员单位参与竞标，联合体成为第一中标候选人。
　　该项目设计规模为17万吨/日，其中一期规模6万吨/日，污泥处理中心为100吨/日，总投资为 1.67亿元；污水处理服务费1.25元/吨；污泥处理服务费99元/吨；特许经营权为25年。
　　国祯环保表示，根据联合体协议及与牵头人签署的合作协议，项目牵头人(汕头市瑞康投资有限公司)负责项目的投融资，公司负责项目的技术支持。若联合体能够签订正式项目合同并顺利实施，预计将对公司贡献120万元技术服务费收入或该项目的设备集成及安装调试服务收入(预计金额不超过5000万元). (来源:证券时报网)[点击查看原文]"
请问，截至4月十五日，公司的股东人数是多少？谢谢,"https://guba.eastmoney.com/news,300388,915570967.html",2015-04-20 09:16:00,"请问，截至4月十五日，公司的股东人数是多少？谢谢
节能国祯
国祯环保：您好。10761
(来自深交所互动易)答复时间 2015-04-20 09:16:00"
中证500期指4.16上市，将使创业板、中小板爆炒股进入死亡之旅！,"https://guba.eastmoney.com/news,300388,158392345.html",2015-04-15 12:37:05,清仓300388吧
逢跌买，不要追高,"https://guba.eastmoney.com/news,300388,158460749.html",2015-04-15 15:04:20,"水10条没有公布

10转20 没有转

大订单在公示期。

看看今天跌停板百家

首先创业板见头迹象很大，其次国祯环保短期涨幅巨大，回调30%左右价值就出来了。

也就是75~80之间，逢低吸。

昨天换手50%是主力出货的，但是有人卖就有人买，散户是买不了50%的，散户最多也就15左右%

所以不要恐慌，认为我是庄托的，明天开盘跌停可以走人。

下跌绝对是机会，因为10送20.在大陆高送转就是永恒的题材。

还有我没有被套，50买的90那天大暴跌，开闸没放水给卖了。

炒股回锅肉才是魅力。"
主力的货快出完了,"https://guba.eastmoney.com/news,300388,158508970.html",2015-04-15 18:18:00,不行
成交回报，机构跑光，,"https://guba.eastmoney.com/news,300388,158488479.html",2015-04-15 16:42:54,"国祯环保(代码300388) 换手率:27.92% 成交量:616万股 成交金额: 55801万元

买入金额最大的前5名

营业部或交易单元名称 买入金额(元) 卖出金额(元)
中国银河证券股份有限公司郑州健康路证券营业部 11691089.50 0.00
国泰君安证券股份有限公司北京知春路证券营业部 11607296.00 28494.00
华泰证券股份有限公司南京瑞金路证券营业部 9157577.00 81129.00
国信证券股份有限公司广州东风中路证券营业部 8778725.00 746817.00
招商证券股份有限公司福州六一中路证券营业部 8122004.00 817445.00

卖出金额最大的前5名

营业部或交易单元名称 买入金额(元) 卖出金额(元)
机构专用 0.00 45274004.80
招商证券股份有限公司南昌北京西路证券营业部 176440.00 25462588.00
机构专用 0.00 23101838.00
华泰证券股份有限公司深圳竹子林四路证券营业部 0.00 17025937.00
华泰证券股份有限公司武汉西马路证券营业部 0.00 13106046.00"
现在是时候大笔买入了，14.40开始快速反弹！！,"https://guba.eastmoney.com/news,300388,158438564.html",2015-04-15 14:27:06,现在是时候大笔买入了，14.40开始快速反弹！！
水十条通过,"https://guba.eastmoney.com/news,300388,158406303.html",2015-04-15 13:24:10,如题
收盘收涨！,"https://guba.eastmoney.com/news,300388,158398512.html",2015-04-15 13:04:50,收盘收涨！
这洗盘换手率一定得大于等于100%（≥100%），否则拉升等于给别人抬高轿，坐等,"https://guba.eastmoney.com/news,300388,158365923.html",2015-04-15 11:14:15,这洗盘换手率一定得大于等于100%（≥100%），否则拉升等于给别人抬高轿，坐等388
请继续卖吧[拜神][拜神][拜神][拜神][拜神][拜神][拜神][拜神]，我已,"https://guba.eastmoney.com/news,300388,158375409.html",2015-04-15 11:29:43,请继续卖吧，我已在跌停版等候多时，再让我多买点
主力 再牛个哥瞧瞧,"https://guba.eastmoney.com/news,300388,158373091.html",2015-04-15 11:25:41,
高送转、环保股、次新股，放心买吧,"https://guba.eastmoney.com/news,300388,158369327.html",2015-04-15 11:19:47,高送转后20多元，看看还有这么低价的环保次新股吗？！所以，尽管放心买，打死都不会亏钱的
我会在99，86元减仓,"https://guba.eastmoney.com/news,300388,156817406.html",2015-04-08 15:20:59,这个价格是第五个板的价格，减仓80%剩下的留着除权！
两天换手率70%再洗明天一天，明天肯定也是跌的，换手率≥100%，就等着涨到38,"https://guba.eastmoney.com/news,300388,158363362.html",2015-04-15 11:10:18,两天换手率70%再洗明天一天，明天肯定也是跌的，换手率≥100%，就等着涨到388吧
300388与300055比，哪个更具实力，更能创造更高营业收入？,"https://guba.eastmoney.com/news,300388,158328439.html",2015-04-15 10:16:34,
又有大戏上演了,"https://guba.eastmoney.com/news,300388,158233826.html",2015-04-14 20:14:10,牛市赔钱比熊市快，但时间短，109元如果满仓操作，资金当天缩水12%，股友们，这样的风险不得不防啊！换手50%，这意味着你的生死大权已经不在自己的手中了。至少今天被割韭菜了。
走了，昨天106多的本，继续玩的好好玩，祝你们好运,"https://guba.eastmoney.com/news,300388,158312350.html",2015-04-15 09:51:15,走了，昨天106多的本，继续玩的好好玩，祝你们好运
有图有真相,"https://guba.eastmoney.com/news,300388,158296688.html",2015-04-15 09:14:45,潮州市第二污水处理厂一期工程及污泥处理中心项目（厂区部分）BOT
潮州市第二污水处理厂一期工程及污泥处理中心项目（厂区部分）BOT,"https://guba.eastmoney.com/news,300388,158296962.html",2015-04-15 09:16:01,"项目名称 潮州市第二污水处理厂一期工程及污泥处理中心项目（厂区部分）BOT
项目单位 潮州市供排水管理中心
项目所在地区 广东省
公告名称 潮州市第二污水处理厂一期工程及污泥处理中心项目（厂区部分）BOT公示
中标候选人 联合体：汕头市瑞康投资有限公司（牵头人）；汕头市建筑工程总公司（组成方）；安徽国祯环保节能科技股份有限公司（组成方）
公告内容
公 示
潮州市第二污水处理厂一期工程及污泥处理中心项目（厂区部分）BOT于2015年4月10日在潮州市公共资源交易中心开、评标。评标结果如下：
第一中标候选人：联合体：汕头市瑞康投资有限公司（牵头人）；汕头市建筑工程总公司（组成方）；安徽国祯环保节能科技股份有限公司（组成方）；污水处理服务费1.250元/吨； 污泥处理服务费99.000元/吨；投标总报价：16744万元；项目负责人：吴燕玲；施工项目负责人：方超，注册证号：粤144101016053；工期：350个日历天，特许经营权:25年；
第二中标候选人：联合体：广东省广业环保产业集团有限公司（牵头人）；江苏天雨环保集团有限公司（组成方）；厦门安能建设有限公司（组成方）；污水处理服务费1.220元/吨； 污泥处理服务费98.883元/吨；投标总报价：16744万元；项目负责人：周华；施工项目负责人：陈新泉，注册证号：闽135051004343；工期：350个日历天，特许经营权:25年；
第三中标候选人：联合体：北京首创股份有限公司（牵头人）；广东省水利水电第三工程局有限公司（组成方）；污水处理服务费1.278元/吨； 污泥处理服务费91.272元/吨；投标总报价：16744万元；项目负责人：徐玉龙；施工项目负责人：钟许谋，注册证号：粤144141426188；工期：350个日历天，特许经营权:25年；
公示日期自2015年4月13日至2015年4月15日。
特此公示
招 标 人：潮州市供排水管理中心
招标代理：广东恒胜建设监理有限公司
2015年4月10日
发布人 广东恒胜建设监理有限公司
发布日期 2015-04-10"
国祯环保中标潮州市第二污水处理厂一期工程及污泥处理中心项目（厂区部分）BOT为什,"https://guba.eastmoney.com/news,300388,915577091.html",2015-04-16 10:44:00,"国祯环保中标潮州市第二污水处理厂一期工程及污泥处理中心项目（厂区部分）BOT为什么没有在披露信息中公告，谢谢
节能国祯
国祯环保：请查阅公司公告。谢谢
(来自深交所互动易)答复时间 2015-04-16 10:44:00"
庄不想留人，又何必自作多情，,"https://guba.eastmoney.com/news,300388,158287687.html",2015-04-15 08:14:30,庄不想留人，又何必自作多情，
发财了，今天又涨停了，赶紧上车。[胜利][胜利][胜利][胜利][胜利][胜利],"https://guba.eastmoney.com/news,300388,158283637.html",2015-04-15 07:38:38,发财了，今天又涨停了，赶紧上车。
大家一起去举报 精选金股洋洋得意,"https://guba.eastmoney.com/news,300388,157886720.html",2015-04-13 15:51:54,大家一起去举报 精选金股洋洋得意 这种恶意行为
周四创新高,"https://guba.eastmoney.com/news,300388,158271381.html",2015-04-15 00:34:33,周四创新高，立贴为证
国祯环保:关于公司及相关管理人员收到行政处罚决定书的公告,"https://guba.eastmoney.com/news,300388,148797556.html",2015-02-16 16:29:29,"公告日期：2015-02-16
证券代码：300388 证券简称：国祯环保 公告编号：2015-012

安徽国祯环保节能科技股份有限公司

关于公司及相关管理人员收到行政处罚决定书的公告

本公司及董事会全体成员保证信息披露的内容真实、准确、完整，没有虚假记载、

误导性陈述或重大遗漏。

近日，安徽国祯环保节能科技股份有限公司（以下简称“公司”） 及公司

总经理王颖哲、副总经理刘端平收到了庐江县安全生产监督管理局下发的行政处罚决定书（单位）（庐）安监管罚（2014）第（31-1）号、（个人）（庐）安监管罚（2014）第（31-2）号、（个人）（庐）安监管罚（2014）第（31-3）号。

现将有关情况公告如下：

一、处罚事项

公司承建的合肥市巢湖流域DBO乡镇污水处理厂及配套管网建设项目在施工过程中发生一起坍塌事故（一般事故）。公司在该项目的施工过程中未认真落实施工方案，未落实行政主管部门的停产指令，并对项目工程进行了分包，违反了《中华人民共和国建筑法》第二十九条第一款“建筑工程总承包单位可以将承包工程中的部分工程发包给具有相应资质条件的分包单位；但是，除总承包合同中约定的分包外，必须经建设单位认可。施工总承包的，建筑工程主体结构的施工必须由总承包单位自行完成。”规定。

公司总经理王颖哲作为安全生产主要负责人、公司副总经理刘端平作为分管安全生产工作负责人未能履行督促、检查本单位的安全生产工作，未及时消除生产安全事故隐患，违反了《中华人民共和国安全生产法》的有关规定。

二、处罚情况

1、依据《生产安全事故报告和调查处理条例》（国务院493号令）第三十七条第一项，给予公司14万元罚款的行政处罚决定。

2、依据《生产安全事故报告和调查处理条例》（国务院493号令）第三十八条第一项，给予公司总经理王颖哲10.2万元罚款的行政处罚决定。

3、依据《安全生产违法行为行政处罚办法》（国家安监总局第15号令）第四十四条第（一）项，给予公司副总经理刘端平警告并处9000元罚款的行政处罚决定。

三、处罚事项对公司的影响及说明

1、公司接受庐江县安全生产监督管理局的处罚决定，不申请行政复议或提起行政诉讼。

2、公司及相关高管将按处罚决定依法缴纳罚款。

3、上述处罚应计入2015年当期损益，最终结果以经会计师审计后的数据为准。本次处罚不会对公司的生产、销售造成重大影响。

4、事件发生后公司管理层高度重视安全生产管理工作，加强和改进了安全生产工作，公司及公司全体董事、监事和高级管理人员将以此为诫，认真学习有关法律法规，提高遵纪守法意识，加强公司安全生产经营过程中的控制与监督，加大公司管理力度，杜绝此类行为的发生，以更积极的态度做好各方面工作，切实维护公司和股东的利益。

特此公告。

安徽国祯环保节能科技股份有限公司董事会

二〇一五年二月十六日


[点击查看PDF原文]
提示：本网不保证其真实性和客观性，一切有关该股的有效信息，以交易所的公告为准，敬请投资者注意风险。
展开阅读全文"
108元以下接国祯一定不会套牢，立贴为证！,"https://guba.eastmoney.com/news,300388,158262844.html",2015-04-14 22:46:13,"我在99.86元就是昨天的涨停板杀出80%但是看今天的状况108元以下都不会套牢！今天用打新的余钱接了10手，等打新的钱回来，在全仓杀入！
这个票会有调整，只要除权以后，一定会填权，根据是业绩的长期增长，和环保产业的国家支持！技术上看短期是有筹码松动迹象，回调到5天线会有反抽机会，也许就是个涨停板！拭目以待！"
洗盘结束，无量涨停，公司晚上发澄清公告。,"https://guba.eastmoney.com/news,300388,158057621.html",2015-04-14 10:40:04,信不信由你
董秘这个时候该出来了吧！,"https://guba.eastmoney.com/news,300388,158188960.html",2015-04-14 16:02:54,董秘这个时候该出来了吧！
国祯环保中标潮州项目公示,"https://guba.eastmoney.com/news,300388,158153682.html",2015-04-14 14:30:58,"公 示
潮州市第二污水处理厂一期工程及污泥处理中心项目（厂区部分）BOT于2015年4月10日在潮州市公共资源交易中心开、评标。评标结果如下：
第一中标候选人：联合体：汕头市瑞康投资有限公司（牵头人）；汕头市建筑工程总公司（组成方）；安徽国祯环保节能科技股份有限公司（组成方）；污水处理服务费1.250元/吨； 污泥处理服务费99.000元/吨；投标总报价：16744万元；项目负责人：吴燕玲；施工项目负责人：方超，注册证号：粤144101016053；工期：350个日历天，特许经营权:25年；"
唱多被删掉,"https://guba.eastmoney.com/news,300388,157931317.html",2015-04-13 19:28:33,不信你看看嘛！
高送转的可能性不是没有，特别是在这个价格的区域里面最容易出现,"https://guba.eastmoney.com/news,300388,155887654.html",2015-04-02 16:47:51,"近期很多节能环保的个股都是在4月份陆续开始公布2014年的年报，有的票已经开始公布，并且出来高送转的消息，
比如300172的10转10，002658的10转12，300055的10转20，300140的10转10，002652的10送2转8，其实能够送转的这些票股价相对来说都是30以上，
至少价格不会偏低，那么300137的4月25号公布年报，300385的4月24年报，002499的4月18年报，这几个票的价格同样也符合送转的条件，（当然，本月17号它也是要公布年报的）
其实并不是说一定要实现高送转，炒股炒的就是预期，利好兑现的那天可能也就基本出货了事，大盘的风险也在日益加大，大家还是要谨慎对待"
换手高的吓人[摊手][拜神],"https://guba.eastmoney.com/news,300388,158158767.html",2015-04-14 14:40:54,换手高的吓人
一周100/二周120/三周140/四周160/品茶待涨,"https://guba.eastmoney.com/news,300388,158183257.html",2015-04-14 15:41:13,一周100/二周120/三周140/四周160/品茶待涨
今天手贱，105.25站岗了，明天开盘割肉,"https://guba.eastmoney.com/news,300388,158169410.html",2015-04-14 15:03:29,今天手贱，105.25站岗了，明天开盘割肉
意志不坚定的都走了，祝你们在其他股票中发财，留下的朋友会有更高收入和回报的,"https://guba.eastmoney.com/news,300388,158165482.html",2015-04-14 14:54:26,意志不坚定的都走了，祝你们在其他股票中发财，留下的朋友会有更高收入和回报的
这主力是真心猛,"https://guba.eastmoney.com/news,300388,158064523.html",2015-04-14 10:51:53,佩服！
明天会跌停？,"https://guba.eastmoney.com/news,300388,158158972.html",2015-04-14 14:41:20,明天会跌停？
主力跑光了[胜利][胜利][胜利][胜利][胜利][胜利][胜利][胜利][胜利,"https://guba.eastmoney.com/news,300388,158158439.html",2015-04-14 14:40:08,主力跑光了
换手率怎么这么高呀？,"https://guba.eastmoney.com/news,300388,158094956.html",2015-04-14 11:49:31,几个牛散是在减仓吗？谁在买入呀？
猪力在出货！[胜利][胜利][胜利][胜利][胜利][胜利][胜利][胜利][胜,"https://guba.eastmoney.com/news,300388,158062484.html",2015-04-14 10:48:54,猪力在出货！
国祯环保又是涨停！,"https://guba.eastmoney.com/news,300388,158058104.html",2015-04-14 10:40:47,有量的涨停
但愿能连涨板！,"https://guba.eastmoney.com/news,300388,155963237.html",2015-04-03 01:32:29,这票把人折腾的够呛！上次停牌定增，高开低走就洗了出去，涨停板又追的，今天又是差点洗出去，但愿明天不是高开低走！
002356浩宁达，互联网+钻石珠宝电商+一带一路特高压智能电网+重组概念+小股,"https://guba.eastmoney.com/news,300388,157991077.html",2015-04-14 06:20:26,002356浩宁达，互联网+钻石珠宝电商+一带一路特高压智能电网+重组概念+小股本高增长+高送转10转20！抢权行情，抢到就赚到！马上开启主升浪，快抢！
上午早盘19870封盘，下午收盘6154手，估计明天上午开盘主力己全部跑光，明天,"https://guba.eastmoney.com/news,300388,157899723.html",2015-04-13 16:46:20,上午早盘19870封盘，下午收盘6154手，估计明天上午开盘主力己全部跑光，明天低开跑路，今天高价买入估计要套上了，己经介入调查
国祯环保 历史第一牛股,"https://guba.eastmoney.com/news,300388,157680792.html",2015-04-12 20:56:32,"13天获利80%，赚了50多万。

明天第十四个交易日，一开盘我就获利12万。

后台第十五个交易日，一开盘我就获利13万。

大后天第十六个交易日，一开盘我就获利14万。

星期四可能有高位宽幅震荡，周五大阳线？为什么？因为打新资金回流股市。

股价国祯环保本周理论涨幅40~45%左右。

大家齐心协力把股价拉升到150左右。

散户主力一条心，这辈子就这一次机会了！抓住！"
估计明天该大跌了，公告都出来了，罚几千万估计正常[大笑][大笑][大笑][大笑],"https://guba.eastmoney.com/news,300388,157841885.html",2015-04-13 14:08:18,估计明天该大跌了，公告都出来了，罚几千万估计正常
国祯环保:项目预中标公告(2015-4-13),"https://guba.eastmoney.com/news,300388,157655024.html",2015-04-12 17:11:16,"公告日期：2015-04-13
证券代码：300388 证券简称：国祯环保 公告编号：2015-034

安徽国祯环保节能科技股份有限公司

项目预中标公告

本公司及董事会全体成员保证信息披露的内容真实、准确、完整，没有虚假记载、

误导性陈述或重大遗漏。

安徽合肥公共资源交易中心网站（http://www.hfztb.cn/hfzbtb/ztbzx/）于近日发布《合肥清溪净水厂PPP招标项目中标（成交）公示》。安徽国祯环保节能科技股份有限公司（以下简称“公司”）为上述招标项目预中标（成交）人。

一、项目情况

招标人：合肥市城乡建设委员会

项目名称：合肥清溪净水厂PPP招标项目

预中标单位：安徽国祯环保节能科技股份有限公司

中标 价：1.318元/立方米

项目概况：合肥市清溪净水厂PPP项目是合肥市首批采用PPP模式公开招标的项目，也是合肥市第一座全地埋式污水处理厂。项目设计规模20万吨/日，工程总投资约5.3亿元。

二、中标候选人公示内容

本次中标候选人公示媒体是安徽合肥公共资源交易中心网，招标人为合肥市城乡建设委员会，详细内容请查看安徽合肥公共资源交易中心网

（http://www.hfztb.cn/hfzbtb/InfoDetail/InfoID=34a43575-79c2-44fd-9cf6-260758053a76&from=groupmessage&isappinstalled=0）。公示时间：2015年04月10日至2015年04月20日。

三、此次预中标对公司的影响

若公司能够签订正式项目合同并顺利实施，将对公司2015年经营业绩产生积极影响。

四、风险提示

由于上述项目目前尚处于中标候选人公示期，在公示期内，公司仅为预中标（成交）人，能否最终中标，并签订正式项目合同，尚存在一定的不确定性。公司将按规定及时披露该项目最终中标结果及合同签订情况，敬请广大投资者注意投

资风险。

特此公告。

安徽国祯环保节能科技股份有限公司 董事会

二〇一五年四月十日


[点击查看PDF原文]
提示：本网不保证其真实性和客观性，一切有关该股的有效信息，以交易所的公告为准，敬请投资者注意风险。
展开阅读全文"
主力在出货了[胜利][胜利][胜利][胜利],"https://guba.eastmoney.com/news,300388,157808658.html",2015-04-13 13:05:49,主力在出货了
那些说公司有问题的投资者们，请你们离开，谢谢,"https://guba.eastmoney.com/news,300388,157716070.html",2015-04-13 09:24:43,那些说公司有问题的投资者们，请你们离开，谢谢
预中标，我去，还以为中标了！又是炒作，拿不下来怎么办了,"https://guba.eastmoney.com/news,300388,157796100.html",2015-04-13 12:03:12,又不想卖了都。。。
水十条,"https://guba.eastmoney.com/news,300388,157787468.html",2015-04-13 11:34:47,"备受关注的《水污染防治行动计划》(下称“水十条”)发布在即。2015年2月，获得国务院常委会通过。据测算，“水十条”投资将达两万亿元。经过多轮修改的“水十条”将在污水处理、工业废水、全面控制污染物排放等多方面进行强力监管并启动严格问责制，铁腕治污将进入“新常态”。有参与“水十条”编制的专家透露，“水十条”已通过国务院审议，预计将在2015年4月内正式发布。受此消息提振，本周国祯环保、万邦达、中电环保、巴安水务等污水处理概念股表现抢眼，不是接连涨停，就是股价创出历史新高。多家研究机构表示，“水十条”问世后，对于污水治理的目标将更加明确，由此给二级市场带来的投资机会也更加具体。



水十条概念股龙头股票分析
一、市政污水建设领域上市公司。近年来，我国排污企业与污水处理企业出水水质不达标、污泥处置达标率低等现象屡见不鲜。随着城镇化进程加速，加强污水处理建设势在必行，主要受益股包括：碧水源（300070）、巴安水务（300262）、南方汇通（000920）、创业环保（600874）等。
二、工业水处理领域上市公司。近年来，政府和民众对环保要求的一致提高，将推动工业污水处理投资加速增长，相关公司包括万邦达（300055）、中电环保（300172）等。
三、污水处理厂。目前我国一级A污水处理厂占城镇污水处理厂数量及规模比例过低，兴蓉投资（000598）、国中水务（600187）、翰蓝环境、重庆水务（601158）、洪城水业（600461）等值得关注。
四、污泥处理领域上市公司。我国污泥处理处置市场空间高达64亿元，且受国家政策重点支持，相关公司包括南方泵业（300145）、兴源过滤、宝莫股份（002476）等。
碧水源：14年利润增长10-30%，提速有待增发完成
碧水源以往奉行轻资产模式，市场担心PPP环境下公司资本沉淀于运营项目，影响利润增速。我们的观点：1)资产变重在一定程度上不可避免，因此非公开增发后公司有望加快增长；2)相比其他许多工程类公司，碧水源相对有资金优势；3)我们认为PPP模式下碧水源会主要把运营资产放在下属公司，母公司仍以提供膜技术工程和产品为主，通过母公司、合资公司和项目多级贷款，最大程度发挥资金效用，碧水源仍能保持较高的资产回报率和利润增速。
积极布局污泥处置，技术储备更趋多元
技术储备更趋多元：我国污水处理行业长期“重水轻泥”，污泥处理能力、技术和投入严重滞后于水处理行业，随着相关政策的落实及技术的发展，我国污泥处置领域未来发展空间巨大，公司积极储备技术、提早布局，等待市场爆发。公司现已储备“半干化 焚烧”及“干法 湿法”烟气处理技术和蚯蚓生物处理技术(生物法前期签订框架协议)，作为污泥处置技术的另一大积极尝试，水泥窑协同处置技术能够实现污泥的减量化、稳定化、无害化及资源化利用，进一步提升公司技术实力。都江堰拉法基是上市公司四川双马水泥股份有限公司控股的大型水泥厂，现有三条世界先进的新型干法窑外分解水泥生产线，生产能力已达530万吨/年，技术实力有保障。
国中水务：外延式发展加速战略转型，未来成长可期
公司2013年完成对天地人的全资收购，进入垃圾渗滤液和高难度废水膜法处理领域。天地人是垃圾渗滤液处理领域龙头企业，2014年上半年实现净利润2,357.15万元，对公司净利润的贡献度为44.01%；目前天地人在垃圾渗滤液领域的市场占有率稳定在10%左右，预计未来仍将持续为公司贡献较大利润。同时，天地人在高难度废水处理领域取得重大突破，近期与内蒙古达旗经开区管委会签订浓盐水处理特许经营协议，项目拟投资4,822万元，测算达产年满负荷运营年收入约2,400万元。该项目为公司在工业废水领域的深入拓展奠定了坚实基础。对于年需求或达千亿的工业废水处理市场而言，公司在这一领域的发展值得期待。
农村水务市场处于初级阶段，未来发展空间广阔。公司通过并购瑞典Josab和四川亿思通，构建起农村供排水领先技术体系，并较好地解决了农村供水与污水处理的高成本瓶颈。目前农村供排水业务拓展稳步推进，除与山东省和黑龙江省签订百镇供排水建设战略合作协议，提前锁定市场外；近期又中标四川荣县12个乡镇生活污水处理厂BOT新建项目。我们预计，2014年公司农村供水与污水处理订单总额将达2亿元。随着未来农村水务市场的加速发展，农村供排水业务有望为公司大幅贡献业绩。
津膜科技：15年增长有望提速
2015年公司具有增长提速的可能：1)对总包/分包市场更有经验，公司1月份中标西安MBR水厂1.1亿元EPC项目，未来可能有更多斩获；2)如果顺利完成增发，公司将有更充足的资金重启BOT业务或者外延扩张。
中电环保：经营稳健，核电、污泥订单有望超预期
公司子公司国能环保在污泥处臵方面积累多年，具备较高的竞争优势，同时在商业模式的探索上，南京污泥项目具备较高的示范意义，随着污泥市场逐渐打开，公司在污泥处臵业务上有望复制南京项目的成功经验，实现江苏省内乃至全国范围内的扩张。
万邦达：业务拓展快，中标榆横工业区大型运营项
在手项目多，大型运营项目持续发力。项目签订后公司在手大型运营项目将超10个，预计2015年运营项目收入3亿左右。至公司公告，2015年新增大型运营项目收入将有陕西神木天元、神华宁煤高盐水零排放及榆横工业区项目，每个项目的年贡献收入在5000万左右。公司目前拥有中大型EPC项目近13个，预计在手订单总额超10亿；在建项目主要有中石油华北石化炼油项目、神华宁煤400万吨/年间接液化项目、陕煤神木天元化工煤焦油轻质化项目和宁煤高盐水零排放项目；吉林固废处理中心预计2015年2季度通过试生产，年度贡献收入有望超过5000万。公司2015年中标芜湖30亿PPP项目落地后将大幅提升公司营收。
[点击查看博客原文]
展开阅读全文"
买300375,"https://guba.eastmoney.com/news,300388,157731206.html",2015-04-13 09:54:51,
交易不透明,"https://guba.eastmoney.com/news,300388,157768769.html",2015-04-13 10:58:08,明天怕是跌4个点你不舍得出来，下午大跌，新股申购资金，后天大跌，还是入袋为安好
中国经营报的文章（重要工程虚假披露 国祯环保涉嫌信披违规）严重地抹黑了公司的形象,"https://guba.eastmoney.com/news,300388,915580455.html",2015-04-15 08:09:00,"中国经营报的文章（重要工程虚假披露 国祯环保涉嫌信披违规）严重地抹黑了公司的形象。请问董事长：报道的事是否属实？还是公司在2月16日 （关于公司及相关管理人员收到行政处罚决定书的公告）已经公告了？公司是否通过法律途径起诉（中国经营报）？
节能国祯
国祯环保：: 您好。公司已针对此事做了澄清公告，请查阅。谢谢
(来自深交所互动易)答复时间 2015-04-15 08:09:00"
请问公司名字是否取自  中庸   ，国家将兴，必有祯祥？,"https://guba.eastmoney.com/news,300388,915586699.html",2015-04-13 09:07:00,"请问公司名字是否取自 中庸 ，国家将兴，必有祯祥？
节能国祯
国祯环保：“国之昌盛，祯乎吉祥”谢谢
(来自深交所互动易)答复时间 2015-04-13 09:07:00"
从388出来到385，又是五个涨停等着你！你就发财吧！哈哈哈,"https://guba.eastmoney.com/news,300388,157686928.html",2015-04-12 21:49:38,从388出来到385，又是五个涨停等着你！你就发财吧！哈哈哈
100连板 大家做上火箭登上月球,"https://guba.eastmoney.com/news,300388,157680469.html",2015-04-12 20:53:09,"明天起飞，第5个一字板。后天第六个，大后天第七个，大后天第八个。

自己慢慢算吧。"
理性看待，不要追高。,"https://guba.eastmoney.com/news,300388,157680166.html",2015-04-12 20:49:51,"首先散户场外资金追涨停，你是 当天没法获利的，甚至当天理论上可能亏损20%

而且集合进价玩法，是价位优先，时间优先，数量优先，所以散户肯定拼不过机构抢涨停，而且机构有专用通道优先通过。

所以机构要封死，你买不到。机构要打开，你封涨停封不住。

下了在看看中标公告，投资6亿吧，建设2年，运营27年合计29年后交给政府。

五六个亿的建设费用，期间的财务成本，人工成本扣除后公司能获利多少？

20万吨产能，1.3元水价，每年营收是9600万左右。在扣除设备折旧，人工成本，财务利息成本，后公司能盈利多钱？

29年运营期公司获利不超过3亿，那么折合下了每年也就1000万左右利润。

1000万利润，真的像多头想的封3个涨停？还是2个涨停？

1000万利润或2000万利润+10送20的威力真的比一个公司定向增发收购另一个公司，借壳重组更牛逼？

5连板？6，7连续板?"
国祯环保:复牌公告,"https://guba.eastmoney.com/news,300388,157655022.html",2015-04-12 17:11:14,"公告日期：2015-04-13
证券代码：300388 证券简称：国祯环保 公告编号：2015-035

安徽国祯环保节能科技股份有限公司

复牌公告

本公司及董事会全体成员保证信息披露的内容真实、准确、完整，没有虚假记载、

误导性陈述或重大遗漏。

安徽国祯环保节能科技股份有限公司（以下简称“公司”）于2015年4月10日披露了重大事项临时停牌公告，因存在生产经营方面的重大事项有待确定，根据深圳证券交易所《创业板股票上市规则》的有关规定，公司股票自2015年4月10日开市起停牌。

2015年4月10日，公司披露了合肥清溪净水厂PPP招标项目预中标公告，详见中国证监会指定的创业板信息披露网站，请投资者注意查阅。经向深圳证券交易所申请，公司股票将于2015年4月13日开市起复牌。

特此公告。

安徽国祯环保节能科技股份有限公司 董事会

二〇一五年四月十日


[点击查看PDF原文]
提示：本网不保证其真实性和客观性，一切有关该股的有效信息，以交易所的公告为准，敬请投资者注意风险。"
可惜了,"https://guba.eastmoney.com/news,300388,157656160.html",2015-04-12 17:20:31,可惜没报多少中标金额 我自己瞎算的 长期算应该是20亿左右
大难不死，必有后福,"https://guba.eastmoney.com/news,300388,157662775.html",2015-04-12 18:19:35,在此作为股民之一恭喜国祯环保中标工程，望更上一层楼，早日分红早日突破120元大关！！！
无论是利好还是利空我们都要坚挺！,"https://guba.eastmoney.com/news,300388,157587224.html",2015-04-11 16:02:25,既然买了这股就要相信自己眼光，无论是利好还是利空我们都要坚挺！
浅析国祯环保的去或留,"https://guba.eastmoney.com/news,300388,157613445.html",2015-04-11 23:34:47,"此时此刻，手里持有国祯环保的散户必定都心里忐忑不安，都在考虑一个问题：开盘后该持股还是离场？这里我给大家分析一下。
现在放在我们面前的有两个事情：一个中标的利好，一个是违规虚假纰漏。利好的话我就不多说了，谁都知道怎么操作，但是如果是利空的话我们是不是该离场呢？以下是我个人的意见可供参考：
如果真的是有利空最坏的结果是什么？我想大家都能想得到，最多也就是两个直线的跌停板，然后就会慢慢的回升，之后也就只是亏10多个点再套一个星期左右。然后后市该会如果走势，这里大家可以参考一下万邦达，同样是环保股的龙头企业，同样是10转20的风头，万邦达能上个140每股，国祯环保上个120每股也是正常的，然后分红除权，运气好的话还会有个填权走势，因此，你会因为一个不确定的利空而放弃一个确定了的利好（中标）和此股后面的利润空间吗？不要给这些牛鬼蛇神吓倒，还是坚定持有吧！（纯属个人看法）"
中国经营报（重要工程虚假披露 国祯环保涉嫌信披违规）闹的人心惶惶，请问董事长是真,"https://guba.eastmoney.com/news,300388,915580452.html",2015-04-15 08:10:00,"中国经营报（重要工程虚假披露 国祯环保涉嫌信披违规）闹的人心惶惶，请问董事长是真的吗？还是公司存在这种情况，但已经在2月公告了。希望董事长正面、快速回答散户投资者。
节能国祯
国祯环保：您好，公司已针对此事做了澄清公告，请查阅，谢谢
(来自深交所互动易)答复时间 2015-04-15 08:10:00"
有图有真相 确实中标,"https://guba.eastmoney.com/news,300388,157436314.html",2015-04-10 15:56:30,...
"请看图有连接,一群被甩下车的在叫唤,越多利空越代表公司实力强大","https://guba.eastmoney.com/news,300388,157603091.html",2015-04-11 20:43:52,"合肥清溪净水厂PPP招标项目中标（成交）公示
项目编号：2014CGFZ2452
安徽合肥公共资源交易中心（合肥市政府采购中心）受合肥市城乡建设委员会委托，2015年01月28日发布公告，对合肥清溪净水厂PPP招标进行公开招标。经评审，2015年04月09日确定了招标文件规定数量的预中标（成交）人。现将具体情况公告如下：



预中标（成交）人名称：安徽国祯环保节能科技股份有限公司

预中标（成交）金额：1.318元/立方米

中标（成交）候选人资料公示：点此浏览会员信息







评审委员会名单：鲍忠平,胡文淑,张亚,钱静，胡维杰、甘一萍、赵青平




项目负责人：杨鹏 联系电话：0551-66223693
公示期：2015年04月10日至2015年04月20日
若投标人对上述结果有异议，可在公示期内，以书面形式向安徽合肥公共资源交易中心业务管理部提出质疑，联系人：曹工，联系电话：0551-66223642。
若投标人对质疑处理意见有异议，可在规定时间内以书面形式向合肥市公共资源交易监督管理局督查处提出投诉，联系人：张工，联系电话：0551-66223531。
特此公告。
安徽合肥公共资源交易中心
2015年04月10日



附件：安徽国祯环保节能科技股份有限公司业绩公示一览表.doc


http://www.hfztb.cn/hfzbtb/InfoDetail/?InfoID=34a43575-79c2-44fd-9cf6-260758053a76"
"未中标合肥清溪项目,雇佣喉舌散布谣言,且勿相信","https://guba.eastmoney.com/news,300388,157601682.html",2015-04-11 20:20:22,"未中标合肥清溪项目,雇佣喉舌散布谣言,且勿相信"
有疑问的去查阅公司2月16日公告，处罚已经完事,"https://guba.eastmoney.com/news,300388,157601565.html",2015-04-11 20:18:09,有疑问的去查阅公司2月16日公告，处罚已经完事
这次停牌是生产经营的相关事情，和媒体报道及2月16日的处罚没有关系,"https://guba.eastmoney.com/news,300388,157601633.html",2015-04-11 20:19:25,这次停牌是生产经营的相关事情，和媒体报道及2月16日的处罚没有关系
突然蹦出几个牛鬼蛇神，你们是在考验股友们的智商吗？[不屑][不屑][不屑],"https://guba.eastmoney.com/news,300388,157596596.html",2015-04-11 18:45:44,突然蹦出几个牛鬼蛇神，你们是在考验股友们的智商吗？[不屑][不屑][不屑]
还是等深交所的公告吧。就算有问题，也会有公告的。反正都被关了。,"https://guba.eastmoney.com/news,300388,157584510.html",2015-04-11 15:29:41,还是等深交所的公告吧。就算有问题，也会有公告的。反正都被关了。
建议国帧集团向公安部门报案，对于虚假报道以点盖面的记者应当付出法律责任，这年头某,"https://guba.eastmoney.com/news,300388,157579553.html",2015-04-11 14:22:43,建议国帧集团向公安部门报案，对于虚假报道以点盖面的记者应当付出法律责任，这年头某些记者就喜欢借机敲诈勒索。
重要工程虚假披露 国祯环保涉嫌信披违规4月9日，国祯环保（300388.SZ),"https://guba.eastmoney.com/news,300388,157569470.html",2015-04-11 12:36:25,"重要工程虚假披露 国祯环保涉嫌信披违规
4月9日，国祯环保（300388.SZ)再一次涨停，这已经是其发布“10转20股派1.2元”高送转之后的第4个涨停。实际上，国祯环保的股价从3月19日就开始大幅上涨了，上涨当日公司发布了一则增发融资公告。从3月19日到4月10日不到一个月时间，国祯环保股价已经翻番。"
大家可以看看那些所谓虚假宣传的文章，另外再看看公司二月的公告，就明白这些人的企图,"https://guba.eastmoney.com/news,300388,157594012.html",2015-04-11 17:55:59,大家可以看看那些所谓虚假宣传的文章，另外再看看公司二月的公告，就明白这些人的企图了！
为什么我把300388和300385比较的帖子都消失了呢？二个公司类同，有可比性,"https://guba.eastmoney.com/news,300388,157569133.html",2015-04-11 12:30:15,为什么我把300388和300385比较的帖子都消失了呢？二个公司类同，有可比性，值得关注！
涨停板买少了[哭],"https://guba.eastmoney.com/news,300388,157490852.html",2015-04-10 20:33:55,涨停板买少了
《中国经营报》记者就此赴国祯环保项目实地调查发现，国祯环保重大营收项目却面临违法,"https://guba.eastmoney.com/news,300388,915580453.html",2015-04-15 08:10:00,"《中国经营报》记者就此赴国祯环保项目实地调查发现，国祯环保重大营收项目却面临违法分包现象的停业整顿处罚，甚至公司不具备项目招标公告中施工企业资质要求，国祯环保在头顶高送转概念光环之际，对于上述严重问题，公司并未予以公告及风险提示。请对此予以解释
节能国祯
国祯环保：: 您好，公司已针对此事做了澄清公告，请查阅，谢谢
(来自深交所互动易)答复时间 2015-04-15 08:10:00"
第四个涨停板出了70%,"https://guba.eastmoney.com/news,300388,157568573.html",2015-04-11 12:19:27,高送转是利好， 但是会不会填权，那真的难说了。 至少看筹码来说，主力已经撤了大部分筹码。。。。
国祯环保重大事项有待确定 4月10日起停牌,"https://guba.eastmoney.com/news,300388,157351222.html",2015-04-10 12:51:11,　　国祯环保(300388)4月10日午间公告，公司存在生产经营方面的重大事项有待确定，为避免公司股价异常波动，公司股票于2015年4月10日开市起临时停牌，公司通过指定媒体披露相关公告后复牌。(来源:证券时报网)[点击查看原文]
国祯环保拟披露重大事项 4月10日起停牌,"https://guba.eastmoney.com/news,300388,157260123.html",2015-04-10 09:16:39,　　深交所4月10日公告，国祯环保拟披露重大事项，经公司申请，公司股票(证券简称：国祯环保，证券代码：300388)于2015年4月10日开市起停牌，待公司通过指定媒体披露相关公告后复牌。(来源:证券时报网)[点击查看原文]
清溪净水厂项目，谁知道中标公示结果[拜神][拜神][拜神],"https://guba.eastmoney.com/news,300388,157433826.html",2015-04-10 15:43:31,清溪净水厂项目，谁知道中标公示结果
本项目收取基数为39.42亿元,"https://guba.eastmoney.com/news,300388,157429088.html",2015-04-10 15:23:28,如果中了，那是好事。
300388本周四个一字涨停！精准！恭喜提前潜伏的看官！今天停牌！,"https://guba.eastmoney.com/news,300388,157427995.html",2015-04-10 15:19:12,"300388本周四个一字涨停！精准！恭喜提前潜伏的看官！今天停牌！
[点击查看博客原文]"
国祯环保:临时停牌公告,"https://guba.eastmoney.com/news,300388,157340316.html",2015-04-10 11:58:56,"公告日期：2015-04-10
证券代码：300388 证券简称：国祯环保 公告编号：2015-033

安徽国祯环保节能科技股份有限公司

临时停牌公告

本公司及董事会全体成员保证信息披露的内容真实、准确、完整，没有虚假记载、

误导性陈述或重大遗漏。

安徽国祯环保节能科技股份有限公司（以下简称“公司”）存在生产经营方面的重大事项有待确定，为避免公司股价异常波动，维护广大投资者利益，根据《深圳证券交易所股票上市规则》的有关规定，经公司申请，公司股票于2015年4月10日开市起临时停牌，公司通过指定媒体披露相关公告后复牌，敬请投资者密切关注。

特此公告。

安徽国祯环保节能科技股份有限公司 董事会

二〇一五年四月十日


[点击查看PDF原文]
提示：本网不保证其真实性和客观性，一切有关该股的有效信息，以交易所的公告为准，敬请投资者注意风险。"
停牌是大好事啊，开了后接着爬梯子啊，这个庄厉害，这个公司有意思，配合得好，就凭这,"https://guba.eastmoney.com/news,300388,157349775.html",2015-04-10 12:41:31,停牌是大好事啊，开了后接着爬梯子啊，这个庄厉害，这个公司有意思，配合得好，就凭这套路，看150。
国祯环保:2015年第一季度业绩预告,"https://guba.eastmoney.com/news,300388,157142249.html",2015-04-09 16:24:24,"公告日期：2015-04-09
证券代码：300388 证券简称：国祯环保 公告编号：2015-031

安徽国祯环保节能科技股份有限公司

2015年第一季度业绩预告

本公司及董事会全体成员保证信息披露的内容真实、准确、完整，没有虚假记载、

误导性陈述或重大遗漏。

一、本期业绩预计情况

1、业绩预告期间：2015年1月1日至2015年3月31日

2、预计的业绩：同比略有增长

3、业绩预告情况表：

2015年1月1日

项目 上年同期

至2015年3月31日

盈利：903.85万元——

归属于上市公司股东的 994.24万元

盈利：903.85万元

净利润 较上年同期相比增长：

0——10%

二、业绩预告预审计情况

本次业绩预告未经注册会计师审计。

三、业绩变动原因说明

1、报告期内，预计归属于上市公司股东的净利润与上年同期相比略有增长。

2、报告期内，受部分子公司所得税优惠政策变动影响，公司所得税费用有所增加。

3、报告期内，非经常性损益对归属于上市公司股东的净利润影响额预计为-10万元至-20万元。上年度同期非经常性损益对净利润的影响金额为5.08万元。

四、其他相关说明

1、本次业绩预告是公司财务部门进行初步测算的预计，未经审计机构审计。

2、2015年一季度业绩具体数据将在本公司2015年一季度报告中详细披露，敬请广大投资者理性投资，注意风险。

特此公告。

安徽国祯环保节能科技股份有限公司 董事会

二〇一五年四月九日


[点击查看PDF原文]
提示：本网不保证其真实性和客观性，一切有关该股的有效信息，以交易所的公告为准，敬请投资者注意风险。
展开阅读全文"
股民可以准备索赔了,"https://guba.eastmoney.com/news,300388,157268057.html",2015-04-10 09:41:24,"公司及控股股东、实际控制人不存在应披露而未披露的重大事项，也不
存在处于筹划阶段的重大事项。

这是前几天公司披露的风险提示公告。

4月9日公布的。 可是公司4月10日就停牌了。

如果涉及重大资产收购，并购。那就是虚假陈述。"
