标题,链接,发布时间,内容
长线持有福田汽车，想卖的傻子快卖,"https://guba.eastmoney.com/news,600166,789970195.html",2018-10-31 10:47:18,"长线持有福田汽车，想卖的傻子快卖
"
人家不要宝沃啦！到二级市场买宝沃的爸爸啦！可以吗？,"https://guba.eastmoney.com/news,600166,789969687.html",2018-10-31 10:45:48,人家不要宝沃啦！到二级市场买宝沃的爸爸啦！可以吗？
福田员工快抢，1.9加油。还不知发生什么事？加油。嘻。,"https://guba.eastmoney.com/news,600166,789967306.html",2018-10-31 10:39:12,福田员工快抢，1.9加油。还不知发生什么事？加油。嘻。
持有福田的真是作孽啊，下跌时从不落后，上涨时永远都跟不上，持有福田的股友心理承受,"https://guba.eastmoney.com/news,600166,788003555.html",2018-10-19 14:33:55,持有福田的真是作孽啊，下跌时从不落后，上涨时永远都跟不上，持有福田的股友心理承受能力不是一般的强啊！服了！
庄家作死节奏啊,"https://guba.eastmoney.com/news,600166,789966215.html",2018-10-31 10:36:24,哎。
宝沃挂牌转让消息早出来，傻子们都没看到吗？,"https://guba.eastmoney.com/news,600166,789968358.html",2018-10-31 10:42:07,"宝沃挂牌转让消息早出来，傻子们都没看到吗？
"
现在是买的时候，等消息确定，就买不进！！,"https://guba.eastmoney.com/news,600166,789968023.html",2018-10-31 10:41:17,现在是买的时候，等消息确定，就买不进！！
北汽打的好算盘，宝沃技术预研数年，前后投入不下百亿，现在竟然以四十亿不到贱卖。桃,"https://guba.eastmoney.com/news,600166,787557017.html",2018-10-17 22:17:54,"北汽打的好算盘，宝沃技术预研数年，前后投入不下百亿，现在竟然以四十亿不到贱卖。桃子熟了，有人来摘桃。
如果宝沃失败，由股民买单。如果市场打开，就把福田所有优质资产打包注入宝沃，然后贱卖给大股东。既然知道现在要卖为什么在一个月前还猴急的注入优质资产(而且当时资产评估价格明显低估)。吃像太难看了。
把股民当冤大头啊。"
福田汽车：拟转让北京宝沃67%股权,"https://guba.eastmoney.com/news,600166,785410065.html",2018-10-08 19:14:14,"来源：证券时报
　　福田汽车(600166)10月8日晚间公告，公司拟在北京产权交易所预挂牌转让持有的全资子公司北京宝沃67%股权。截至8月31日，北京宝沃欠公司借款金额为42.71亿元。受让方应同意股权转让完成之日起3年内偿还上述全部借款。受让方应对上述全部借款提供公司认可的合法有效担保。截至8月31日，公司为北京宝沃及其子公司提供的全部担保金额为60.18亿元，受让方应对公司全部担保提供公司认可的合法有效反担保。

（来源：证券时报 2018-10-08 19:13）[点击查看原文]"
这票怎么那么猛,"https://guba.eastmoney.com/news,600166,789967520.html",2018-10-31 10:39:47,这票怎么那么猛
据悉，5毛已受重罚，因未有效阻止散户抢筹,"https://guba.eastmoney.com/news,600166,789967702.html",2018-10-31 10:40:21,"据悉，5毛已受重罚，因未有效阻止散户抢筹
"
靠！凤凰又有得瑟的本钱了，宝钛亲王7连阳，厉害呀！[赞][赞][赞][牛][牛],"https://guba.eastmoney.com/news,600166,789582456.html",2018-10-29 14:59:10,靠！凤凰又有得瑟的本钱了，宝钛亲王7连阳，厉害呀！
什么传言恒大啊，就是找个垃圾来接盘，也是利好啊，很多散户太傻,"https://guba.eastmoney.com/news,600166,789966888.html",2018-10-31 10:38:05,"什么传言恒大啊，就是找个垃圾来接盘，也是利好啊，很多散户太傻
"
汽车新四化下 看福田汽车如何打造智能服务新生态,"https://guba.eastmoney.com/news,600166,789381773.html",2018-10-27 09:07:35,"汽车新四化下 看福田汽车如何打造智能服务新生态
光明网
百家号03-1517:18
“智能网联”成为汽车行业的热门词汇，不管是无人驾驶，还是智能制造，都离不开智能。在服务领域，洞见行业发展趋势的企业已经开始在智能服务上布局，福田汽车就是这样的先行者。
“以前服务是为了更好的销售，如今销售是为了更好的服务，销售已从商业业态的终点成为了起点，在产品全生命周期内，如何把客户留在我们的网络，如何让我们所提供的服务涵盖客户绝大部分的需求，从而打造新的生态，这是新时代下所要面临的新命题。”福田汽车集团副总经理宋术山接受记者采访时如是表示，在他看来，在汽车工业面临大变革的当下，服务理念也要变革，要由客户服务向客户经营转型。
3月9日，宋术山向媒体记者娓娓道来福田汽车在打造智能服务新模式上的探索和实践。
着力全周期一站式智能服务
“电动化”、“网联化”、“智能化”、“共享化”的“新四化”已经成为汽车行业公认的未来趋势，它不仅带来了产品的巨大变化，而且是对消费理念和商业模式的一次革命。
对于这些变化，宋术山深有体会，汽车产品的变革、消费者理念的变化以及商业模式的改变，都对服务提出了新的要求。
“汽车品牌原先主要靠卖车挣钱，现在必须要靠服务，发达国家已经走过同样的路径。”宋术山表示，商用车4S店整车销售的利润越来越薄，利润增长点反而是来自汽车金融、车辆挂靠、保险、二手车等业务。与此同时，汽车行业高速增长的黄金时代已然过去，未来汽车行业的发展将长期处于GDP增速平均水平线之下，对车辆后市场和售后服务的挖掘更具备现实性和紧迫性。
因此只依靠线下单一的经销商网络很难满足新形势下客户的服务需求，必须将传统的经销商网络与车联网、互联网“三网”相融合。基于此，福田汽车对服务品牌理念进行了升级，追求全周期一站式智能服务，实现客户满意度最大化。
这里头，最大的变化莫过于智能两字，它意味着这是为用户“全需求”而生的智能互联专属服务平台，通过客户互联、车辆互联、服务互联为客户提供智能化服务，并为客户提供更加契合需求的出行解决方案。
福田汽车通过智能平台，在提高对用户服务效率的同时，也能够根据用户的评价，对自身服务体系做出全效分析，以促进服务质量不断提升、服务体系不断完善。
福田汽车第二届“金牌服务工程师”服务技能大赛决赛
建立互联互通的新型服务模式
福田汽车未来将会是这样一种状态：每卖出一台产品，要能监控产品的运行状态，要实现与客户实时的互联、互通。
这对服务网络提出了极高的要求，人、车、机彼此间的互联、互通，不同应用场景下的无缝对接，全都是大课题。
突破口在哪里？互联网、车联网以及会员体系。作为业界最早提出并践行工业4.0战略的企业，福田汽车通过促进信息智能技术与实体业态的联姻，确保企业长期引领行业转型浪潮。服务方面同样如此。福田汽车基于互联网、车联网以及会员体系，打造出一个覆盖全生命周期的智能服务体系。
通过互联网实现企业与客户的互联，基于福田e家平台实现企业与客户的信息互通互联。目前福田e家用户已达到75万，在福田e家APP端，记者看到，其功能十分强大，目前已经涵盖了客户服务、会员中心、营销、车联网等功能模块，还将继续开发车生活功能模块，让客户“用车便利、淘到好处、感到好玩”。
通过车联网实现车与客户的互联，目前车联网系统已经在福田欧曼、雷萨、欧辉、欧马可、奥铃、时代品牌进行安装应用，安装总量达到了19.7万。
此外，福田汽车还通过打造会员体系，为客户提供全生命周期差异化服务，从而增强客户黏性，提升客户忠诚度，实现会员营销。据了解，目前福田汽车会员已达到180万名。
这些举措实施，带来的最明显的变化就是，福田汽车服务满意度在逐年提升，企业的服务管控能力也逐步提升。
打造面向未来的工业互联网生态平台
为落实“以客户为中心”的服务理念，福田汽车将在服务领域进一步融入工业互联网技术，实现经销商网络与互联网、车联网“三网”的无缝对接，增强企业与用户之间的黏性。
福田汽车的工业互联网定义为“汽车 互联网”，其核心理念包括两部分，一是要借助车联网实现与每一辆车全生命周期的互联，提供全生命周期服务，二是要借助移动互联网实现与每一个客户的全程互联，提供选车、购车、用车、养车、换车全过程的优质服务，构建汽车产业互联网生态，从而实现由传统制造向制造服务型模式转型升级的总体目标。
车联网方面，2018年通过智能化、差异化的车联网客户服务体系，实现传统的售后服务向主动服务、远程在线服务、智能服务管控等方向转型升级。如故障提醒与主动服务、远程诊断与技术支持、保养提醒、精准救援、油保姆等。
互联网方面，抓手就是福田e家APP。这个上线仅一年多时间的平台，通过提升客户交互频次和用户黏性，共成交车辆3.07万台。福田汽车计划与营销管理本部副本部长表示，2018年，以福田e家平台为基础，福田汽车将围绕车辆预约/维保/救援的核心业务流程，进一步打通故障诊断、费用预估、线上付款与评价等全业务流程的在线化，实现信息透明化，提高服务效率，客户服务响应由以前的8分钟左右缩短为3分钟以内。预计2018年福田e家的客户将达到150万，会员招募量将至300万。
来源：光明网
展开阅读全文"
买入，坚定，加油。抢砸庄底筹。呵呵呵。,"https://guba.eastmoney.com/news,600166,789965579.html",2018-10-31 10:34:37,买入，坚定，加油。抢砸庄底筹。呵呵呵。
主力跑了,"https://guba.eastmoney.com/news,600166,789961497.html",2018-10-31 10:24:37,主力跑了 ，挣了俩涨停
买买买 1.86 冲涨停,"https://guba.eastmoney.com/news,600166,789958439.html",2018-10-31 10:16:29,买买买 1.86 冲涨停
今天卖光了，下来再买[不屑],"https://guba.eastmoney.com/news,600166,789960248.html",2018-10-31 10:20:42,今天卖光了，下来再买[不屑]
如果恒大真买入，请王金玉会来，股价会怎样？,"https://guba.eastmoney.com/news,600166,789959928.html",2018-10-31 10:20:05,脱离北汽，成私企！
游资跑了,"https://guba.eastmoney.com/news,600166,789957657.html",2018-10-31 10:14:47,游资跑了
赞！,"https://guba.eastmoney.com/news,600166,789959542.html",2018-10-31 10:19:04,赞！
公司收购吗,"https://guba.eastmoney.com/news,600166,789959018.html",2018-10-31 10:17:50,公司收购吗
套路太深,"https://guba.eastmoney.com/news,600166,789958087.html",2018-10-31 10:15:43,套路太深
没封涨停，拉高出货，跑！,"https://guba.eastmoney.com/news,600166,789950669.html",2018-10-31 09:57:41,没封涨停，拉高出货，跑！
赶快大盘3000点见,"https://guba.eastmoney.com/news,600166,789957195.html",2018-10-31 10:13:45,"
"
宝沃出让完成后福田汽车肯定是盈利的，不是我唱多，是事实，坐等宝沃出让完成,"https://guba.eastmoney.com/news,600166,789955838.html",2018-10-31 10:10:27,宝沃出让完成后福田汽车肯定是盈利的，不是我唱多，是事实，坐等宝沃出让完成
几个张婷才能回本啊,"https://guba.eastmoney.com/news,600166,789955138.html",2018-10-31 10:08:32,几个张婷才能回本啊
有些人就不希望福田涨上去，在这些人当中，福田公司是同伙，不知为什么？,"https://guba.eastmoney.com/news,600166,789955956.html",2018-10-31 10:10:42,有些人就不希望福田涨上去，在这些人当中，福田公司是同伙，不知为什么？
卑鄙，套人了,"https://guba.eastmoney.com/news,600166,789953169.html",2018-10-31 10:03:32,卑鄙，套人了
福田汽车：拟超38亿元挂牌转让北京宝沃67%股权,"https://guba.eastmoney.com/news,600166,787532978.html",2018-10-17 19:14:36,"来源：证券时报网
　　福田汽车(600166)10月17日晚间公告，公司拟通过北京产权交易所，公开挂牌转让全资子公司北京宝沃67%股权，挂牌价38.68亿元。此次转让股权有利于引入多元化的资金投入，保障北京宝沃的长远可持续发展，同时有利于公司聚焦商用车核心业务。
（文章来源：证券时报网）
（来源：证券时报网 2018-10-17 21:17）[点击查看原文]"
主力仓位太轻，派发筹码10万股支持下,"https://guba.eastmoney.com/news,600166,789952928.html",2018-10-31 10:02:54,主力仓位太轻，派发筹码10万股支持下
数十万亿美金市场，福田无人驾驶一片蓝海！,"https://guba.eastmoney.com/news,600166,789938766.html",2018-10-31 09:25:03,"背景
智能网联汽车作为实现自动驾驶和信息互联的新一代汽车，将成为汽车产业发展新的战略制高点，其发展和应用是世界主要汽车大国解决道路交通安全、环境和效率问题的重要途径，对汽车及其关联产业实现智能转型具有重要作用，对提升汽车生态发展水平具有重要意义。

从全球市场来看，智能网联汽车的发展热度高涨，此领域的投融资事件呈现出逐年增长的趋势。据美国波士顿咨询集团预测，智能网联汽车从2018年起将迎来持续二十年的高速发展，到2035年将占据全球25%左右的新车市场。

科技传媒网2017年6月5日讯 据科技新闻栏目记者获悉，全球知名科技公司英特尔近日联手了知名市场调查机构Strategy Analytics对外发布了一份关于无人驾驶汽车市场规模的报告。报告显示，预计到2035年全球自动驾驶汽车市场规模将达8000亿美元，而到2050年，这一市场规模将会达到7万亿美元。
　英特尔指出，自动驾驶汽车将创造一个巨大的经济机会，从2035年的8000亿美元(研究的基础年)到2050年的7万亿美元。其中，无人驾驶汽车提供的打车服务规模将达到约4万亿美元，无人驾驶汽车提供的快递和商业物流服务规模将达到约3万亿美元。而中国的客运经济规模将是共享经济的两倍以上。
　　此外，报告还指出，因为自动驾驶汽车在道路上比人类司机要谨慎得多，预计在2035年至2045年期间，将有585000人的生命由于因为自动驾驶汽车的存在得以挽救。同时预计到2050年，自动驾驶汽车的存在将让公共安全领域可以节省2340亿美元。

从国内市场看，中国公路货运费用市场规模超过5万亿人民币，中国卡车货运市场每年仅人工成本一项即是3万亿人民币。同时，公路货运市场也存在着行业集中度低、物流费用高、事故频发等诸多痛点。在自动驾驶风潮的推动下，作为公路货运的“主角”，货运卡车的无人驾驶领域自然成为资本追逐的一片蓝海！
《北京市智能网联汽车产业白皮书(2018年)》--2019年北京市将允许自动驾驶车辆在延崇高速和服务区域开展自动驾驶。目前本市自动驾驶开放测试道路里程已有123公里。到2022年，全市智能网联汽车及关联产业规模将突破1000亿元

智能网联应用 商用车打头阵

“公众可能认为对智能网联技术的应用，乘用车会走在前面，我们理解其实商用车在智能技术应用方面的需求是更加迫切的。”开门见山，会面伊始武锡斌就告诉了记者福田汽车对商用车智能网联技术的定位。他解释道，由于卡车拉货较多、重量大，而客车乘员较多，商用车的产品特点决定了它出事故后往往产生重大伤害，因此商用车迫切需要智能技术，以减少事故发生风险、降低事故的伤害、提升道路交通安全。另一方面，法规也在驱动商用车智能技术发展。随着国家对商用车安全问题的重视，强制装备主动安全技术的法规在陆续出台。比如，按照《机动车运行安全技术条件》（GB 7258-2017）要求，自2018年1月1日起第37个月，所有新定型车长＞11m的公路客车和旅游客车必须安装自动紧急制动系统；以及自2018年1月1日起第37个月开始，所有新定型总质量≥12T的危险货物运输货车必须安装电子制动系统。“还有，相对于主要在城区复杂道路行驶的乘用车，在矿区、港口、高速公路等固定线路、规则场地内行驶的商用车，更容易实现自动驾驶。”武锡斌补充道。
鉴于此，福田商用车将以在特定区域行驶的自动驾驶物流车、自动驾驶公交车切入智能汽车的研究开发，建立智能技术平台。据介绍，福田正在自主知识产权的驾驶辅助系统基础上开发无人驾驶公交车，预计2021年投放市场。武锡斌还向记者透露，福田正在与北京公交集团策划，开展自动驾驶公交专线示范运行。另外，为了让福田汽车智能网联技术更好更快发展，福田正在建立产业联盟，意在整合战略合作伙伴、体系供应商、高校科研力量和智能驾驶相关技术公司，组成智能驾驶开发联盟，实现福田智能驾驶产品产业化的目标。

福田汽车自动驾驶3步走策略：2019年首先在港口、矿山、景区、高速公路等场景实现示范性运营，2020年自动驾驶L3量产；2021年实现给客户带来商业价值的商品化运营，实际上目前图雅诺自动驾驶L3轻客EV已经在北京奥林匹克公园和辽宁盘锦红海滩景区行驶观光运营以及200辆欧马可自动驾驶L3超级卡车EV已经交付京东物流园运营；2025年批量投放高度自动驾驶L5车辆；所以，在2025年投入批量化运营之前，必须要解决成本问题（整合激光雷达、毫米波雷达和摄像头等相关企业）。
魔视智能创始人兼CEO虞正华接受汽车头条采访时表示，在自动驾驶的量产过程中有很多的关键因素：首先需要优异的人工智能算法，其次要有海量的数据来训练模型，第三要有车规级嵌入式芯片平台来承载算法，最后还要考虑所有环节的成本和功耗。
整合智能网联新能源汽车产业链顶级资源，组成智能驾驶开发联盟。

在智能网联“芯片”、“云平台”方面。
7月31日，福田汽车与紫光集团签署全面战略合作框架协议，框架协议中的智能网联汽车端到端解决方案合作、特定场景合作、汽车小镇合作三部分内容，展现出一幅完整的智能网联汽车产业链布局规划图。
在智能网联汽车端到端解决方案合作方面，依托紫光建立的从“芯”到“云”的科技产业生态系统和福田汽车建立的汽车产业生态系统，推动双方在智能网联汽车领域进行全面合作，包括但不限于基于智能网联汽车的标准体系、车规级芯片、仿真系统、智能汽车产业云及服务运营平台等。
在智能网联汽车特定场景合作方面，福田汽车与紫光集团聚焦特定场景市场，如矿区、港口、物流园区、旅游园区等，在特定场景下不断积累数据，提升自主可控能力，逐渐过渡到半开放场景的市场，争取早日实现规模商用。　
在智能网联汽车小镇合作上，福田汽车与紫光将在有条件的地市联合推动智能网联汽车小镇建设，在智慧网联汽车小镇范围内，开展绿色用车、共享出行、智慧路网等应用示范。　
根据框架协议，双方将构建政产学研用的创新协作平台，努力构建开放、高效、富有活力的生态系统，共同推动中国智能网联汽车产业发展。同时，以智能网联汽车协同创新平台为依托，形成产、学、研联动，提供汽车与科技人才培养服务。双方将联合各地高校，全面建成“学习型、创新型、活力型、增值型”人才队伍。打造创新平台型企业一直是重中之重，包含成果展示和试验验证平台、国际交流和人才培养平台等建设在内的发展方式，能够确保智能网联技术从研发到应用再到产业化的步伐更高效。未来，双方还将通过整合战略合作伙伴、体系供应商、高校资源和智能驾驶产业链相关技术公司，组成智能网联开发联盟，实现福田汽车智能驾驶产品产业化的宏大目标。
2019年，紫光展锐推出中国5G商用5G芯片，将在5G时代成为5G芯片全球领军企业之一。紫光展锐5G的设计以超大容量、超大带宽、超低时延作为重要特性，这是专门为满足物联网、自动驾驶等新兴领域设计，支持实现福田汽车智能驾驶产品产业化的宏大目标。

智能网联汽车EV三电动力系统方面。
高比能量NCA锂离子电池组，这是中国目前的短板。2018年09月18日，福田汽车与商丘市政府、天津力神动力合作，在河南商丘福田投资16.1亿元建设年产能4万辆纯电动奥铃EV超级卡车和中国首个高比能量NCA锂离子电池生产基地。

2018年10月16日，福田汽车与华锋股份、北京理工大学电动车辆国家工程实验室在北京签署了战略合作协议，三方将合力推进产学研一体化战略协作，打造新能源汽车协同创新平台，重点是整车控制器和高比能量NCA锂离子电池组及EV整车的三电管理系统，升华到“技术链 产业链 价值链”三个链条，合作开拓民用车、专用车、军用车三大领域。
2018年10月24日，第二十二届北京香港经济合作研讨洽谈会开幕式上，福田汽车与香港城市大学签约共同成立了“福田汽车-香港城大智能汽车联合研发中心”，聚合整车企业与香港高校的优势资源、优势互补，致力于打造全球顶尖的新能源智能汽车行业成果转化产业共同体，以产学研深度融合的形式树立了跨区域科技合作的范本。共同研究打造高科技创新产品，为用户提供高效的服务及增值产品，从技术、产品、市场等多个维度全面塑造核心竞争力；还就合作开展满足新能源电池动力汽车电池智能诊断系统研发工作等达成共识。此外，在与汽车相关的技术领域，双方将不排除进一步在转让或许可、科技咨询、智能驾驶决策与机制核心算法等其它更多、更广、更高的领域实施合作研发，并结合新能源、智能网联整车及系统相关技术业务。
福田汽车明确了“品牌 市场”双领导者的定位，并制定了新能源三年行动计划：2018年产销1200辆，同比增长68.5%；2019年产销25000辆，同比增长1983.3%，市场占有率达到14.9%；2020年产销50000辆，同比增长100.0%，占有率达到20.4%。2025年产销120000辆。

福田六项目入选工信部工业互联网试点示范项目。
2017年，福田汽车两个项目入选工信部2017年工业互联网试点示范项目，其中：
2017年8月31日，福田汽车“商用汽车产业链资源汇聚及研发创新平台”项目；
2017年10月16日，福田汽车“商用车辆智能制造试点示范项目”（ 为国内唯一家车企）。
2018年，福田汽车四个项目入选工信部2018年工业互联网试点示范项目，其中：
2018年6月14日 入选工信部“ 汽车行业工业互联网标识解析二级节点建设项目 ”（国内唯一） ；
2018年6月15日 入选“以轻量化底盘为核心的新能源商用车供应链网络协同制造”；　
2018年7月31日 入选工信部“ 汽车多车型智能化柔性制造试点示范项目”（全球唯一） ；
2018年8月10日，入选工信部“与面向客户售后配件服务需求的高效交付能力项目”。
以上入选工信部试点示范项目于2020年底前逐步完成验收，标志福田汽车工业互联网生态平台落成。

工业和信息化部 财政部关于印发智能制造发展规划（2016-2020年）的通知 工信部联规〔2016〕349号
到2020年，建成300个以上智能制造试点示范项目，数字化车间/智能工厂试点示范项目实施前后实现运营成本降低20%，产品研制周期缩短20%，生产效率提高20%，产品不良品率降低10%，能源利用率提高10%；遴选确定150个以上智能制造标杆企业。

总之，2020年，福田汽车工业互联网生态平台将完成工信部评价验收落成，当期有望收入过千亿元，净利润超200亿元，跨步迈入新一轮二十年高速发展周期。
展开阅读全文"
抓紧时间跑！,"https://guba.eastmoney.com/news,600166,789953562.html",2018-10-31 10:04:31,抓紧时间跑！
澄清个毛线啊，在帝都造汽车，本来就不是谁都可以的。。。。。。,"https://guba.eastmoney.com/news,600166,789945754.html",2018-10-31 09:45:40,澄清个毛线啊，在帝都造汽车，本来就不是谁都可以的。。。。。。
明天直接一字板,"https://guba.eastmoney.com/news,600166,789816775.html",2018-10-30 14:31:35,超低价，大佬进驻宝沃，北汽12月5日前回A方案随时可能公布
今晚出季报，7亿出让H5专利权给戴姆勒转亏为盈，下月宝沃战投公布，带来38亿现金,"https://guba.eastmoney.com/news,600166,789820923.html",2018-10-30 14:43:29,今晚出季报，7亿出让H5专利权给戴姆勒转亏为盈，下月宝沃战投公布，带来38亿现金和战投长期利好，重回三元!
193卖了是不是应该感谢主力？大家可以撤退了福田不会搞笑看到前面赚钱滴,"https://guba.eastmoney.com/news,600166,789951018.html",2018-10-31 09:58:31,193卖了是不是应该感谢主力？大家可以撤退了福田不会搞笑看到前面赚钱滴
被13.5吓着了吧，冲啊,"https://guba.eastmoney.com/news,600166,789950623.html",2018-10-31 09:57:33,被13.5吓着了吧，冲啊
弱水三千，只取一瓢，感谢20%的红包，祝大家发财，空头以后长点心吧，再敢制造恐慌,"https://guba.eastmoney.com/news,600166,789947727.html",2018-10-31 09:50:30,弱水三千，只取一瓢，感谢20%的红包，祝大家发财，空头以后长点心吧，再敢制造恐慌也要看看在谁的陷阱里哦，割肉请慎重。
今天张婷吗,"https://guba.eastmoney.com/news,600166,789948970.html",2018-10-31 09:53:31,今天张婷吗
呵呵!成天出来BB的Sb不见啦!,"https://guba.eastmoney.com/news,600166,789948761.html",2018-10-31 09:52:56,呵呵!成天出来BB的Sb不见啦!
不摇碧莲，假消息[不屑],"https://guba.eastmoney.com/news,600166,789947496.html",2018-10-31 09:49:54,不摇碧莲，假消息[不屑]
操tmd，前几天买怎么也买不到。,"https://guba.eastmoney.com/news,600166,789948482.html",2018-10-31 09:52:16,操tmd，前几天买怎么也买不到。
我就看看你们谁能打得过谁[大笑],"https://guba.eastmoney.com/news,600166,789947093.html",2018-10-31 09:48:57,我就看看你们谁能打得过谁
请立即、大胆买入福田汽车！,"https://guba.eastmoney.com/news,600166,789945719.html",2018-10-31 09:45:45,福田汽车罕见的与昨日涨停，换手率仅不到1%，可见主力惜售。今日开盘后20分钟，换手率达到了0.55%，是昨天的一半。低位放巨量，福田不仅是两市最低的汽车股，而且连续9年下跌，已经跌无可跌。证金及汇金长期持有，看好的是它经过转型期的新能源、车联网及高成长。请立即买入！
今天挂1.82，个人短线操作，只有1000股，成交就赚300块加个油。[胜利],"https://guba.eastmoney.com/news,600166,789932706.html",2018-10-31 08:44:26,今天挂1.82，个人短线操作，只有1000股，成交就赚300块加个油。
我把便宜的筹码都给你们哈，见者有份，哈哈，都给你们,"https://guba.eastmoney.com/news,600166,789942416.html",2018-10-31 09:37:26,我把便宜的筹码都给你们哈，见者有份，哈哈，都给你们
今天怎么走,"https://guba.eastmoney.com/news,600166,789942461.html",2018-10-31 09:37:36,各位高人今天怎么走呀分析一下。
抢呀，恒大收福田了。,"https://guba.eastmoney.com/news,600166,789942344.html",2018-10-31 09:37:14,抢呀，恒大收福田了。
昨天就是跟着汽车板块动了而已  今天打回原型,"https://guba.eastmoney.com/news,600166,789940244.html",2018-10-31 09:31:00,必须的
十月最后一天了，重点关注 南京证券 华升股份 和晶科技[胜利],"https://guba.eastmoney.com/news,600166,789938654.html",2018-10-31 09:24:30,十月最后一天了，重点关注南京证券华升股份和晶科技
[图片],"https://guba.eastmoney.com/news,600166,789940054.html",2018-10-31 09:30:03,[图片]
福田三季度亏损2毛5分，真吓人,"https://guba.eastmoney.com/news,600166,789938933.html",2018-10-31 09:25:46,RT
兴，昨天跑了。,"https://guba.eastmoney.com/news,600166,789939020.html",2018-10-31 09:26:00,兴，昨天跑了。
随便开，就挂1.82[大笑],"https://guba.eastmoney.com/news,600166,789936925.html",2018-10-31 09:16:29,随便开，就挂1.82
福田汽车今天一战成名[赞],"https://guba.eastmoney.com/news,600166,789937999.html",2018-10-31 09:21:34,福田汽车今天一战成名
许家印真正入驻的是广汇汽车,"https://guba.eastmoney.com/news,600166,789834687.html",2018-10-30 15:42:30,"在许家印正为其造车产业在国内布局之时，贾跃亭那边却在香港国际仲裁中心提出仲裁，要把恒大踢出局。

　　澎湃新闻根据企查查显示的信息发现，在恒大公开宣布斥资67.46亿港元入股贾跃亭的新能源汽车公司Faraday Future(以下简称“FF”)前后一段时间，恒大法拉第未来智能汽车(中国)集团有限公司(简称“恒大FF”)在国内布局了一系列涉足汽车产业业务的公司。

　　据澎湃新闻不完全统计，目前恒大FF在国内已拥有至少8家与汽车业务相关的公司。

　　其中，恒大法拉第未来智能汽车(广东)有限公司、恒大法拉第未来汽车科技(广东)有限公司、恒大法拉第未来汽车销售(广东)有限公司均由之前的睿驰智能汽车相关公司更名而来。

　　恒大法拉第未来智能汽车(中国)集团有限公司、恒大法拉第未来智能科技(广东)有限公司、睿驭汽车(北京)有限公司、浩俊生活服务(广东)有限公司和上海法苒汽车技术有限公司均为新成立的公司。

　　目前，恒大集团副总裁彭建军担任恒大法拉第未来智能汽车(中国)集团董事长。


　　在公司名字上并没有恒大法拉第未来显著标志的两家公司，一家注册在上海嘉定区，另一家注册于广州南沙区。

　　资料显示，上海法苒汽车成立于4月27日，注册资本1000万元，注册地址为上海市嘉定区安亭镇，法人代表王志刚。而王志刚此前曾为恒大法拉第未来智能汽车的法人代表。该公司的业务范围从事汽车整车及零部件技术、计算机技术、通信技术领域内的技术开发、技术服务、技术转让、技术咨询，企业管理咨询，商务信息咨询，会务服务，展览展示服务，电子商务(不得从事增值电信、金融业务)，汽车、汽车配件、五金交电、电器设备、机械设备、金属材料、日用百货、针纺织品的销售，从事货物及技术进出口业务，汽车租赁(不得从事金融租赁)。

　　值得一提的是，安亭镇以国际汽车城为产业支撑，上海国际汽车城集团有限公司总经理荣文伟曾表示，安亭下一步的产业目标是智能化、网联化、电动化、共享化，在安亭打造世界汽车产业中心，成为全球的汽车产业高地，并引领未来交通和能源使用方式。

　　另一家浩俊生活服务成立于9月21日，注册资本1亿元，注册地址为广州市南沙区海滨路171号9楼，其业务范围内与汽车相关的包括汽车零售、汽车销售、汽车零配件批发，同时该公司的业务还包括房地产开发经营和房地产资讯服务。其唯一股东为恒大FF。

　　浩俊生活服务公司的注册地与恒大法拉第未来智能汽车的注册地址一致。

　　恒大法拉第未来智能汽车曾在今年4月8日于广州南沙以3.64亿元的价格拍下一处造车用地。FF在公司4周年的全员信上写道，该公司将全面登陆中国，其中国总部将在广州落地，广州工厂很快就会如期开工。

　　从上述公司的业务范围来看，恒大FF在为法拉第未来的生产制造及销售渠道积极布局。

　　此外，就在9月23日，中国恒大(03333.HK)宣布，恒大集团与广汇集团在9月21日签订了战略合作协议，双方同意在汽车销售、能源、地产、物流等领域开展全面战略合作，充分发挥双方的资源优势进行资源整合，共同推动相关产业的发展。恒大集团144.9亿元入股广汇集团，公司40.964%的股权，成为该公司的第二大股东。

　　而广汇汽车服务股份公司是全球最大的乘用车经销与服务集团、中国最大的豪华乘用车经销与服务集团、中国最大的乘用车融资租赁提供商及中国汽车经销商中最大的二手车交易代理商。

　　然而，就在许家印为其汽车产业积极布局之时，贾跃亭实际控制的FF原股东FF Top Holding Ltd在10月3日向香港仲裁中心提出仲裁，要求剥夺恒大作为股东享有的有关融资的同意权，并解除所有协议。此后，恒大方面发布公告称，FF原股东在7月份提出，恒大此前投资的8亿美元已基本用完，要求恒大再提前支付7亿美元。 而按照此前签订的协议，恒大在三年内投资20亿美元，占合资公司45%股份，按照协议约定在2018年底前支付8亿美元、2019年支付6亿美元、2020年支付6亿美元。恒大在2018年5月25日已提前支付完毕2018年底前应支付的8亿美元。

　　恒大称，为了最大限度支持合资公司的发展，与贾跃亭签订了补充协议，同意在满足支付条件的情况下，可提前支付7亿美元。但原股东利用其在合资公司多数董事席位的权利操控合资公司，在没达到合约付款条件下，就要求恒大付款，并以此为借口于2018年10月3日在香港国际仲裁中心提出仲裁。

　　对此，FF在8日发布的声明中称，在恒大支付了首笔8亿美元之后，2018年7月，恒大主动提出签署原投资协议的补充修订协议(三方协议)，并同意在原合约约定日期之前，进一步向FF提供资金保障，包括在2018年内支付剩余12亿美元中的5亿美元。但在FF和公司创始人贾跃亭已经如期完成了2018年7月投资方提出签署的三方协议中要求的全部支付条件之后，恒大除了首笔8亿美元投资，未能兑现向FF支付任何额外资金的承诺，反而试图获得对FF中国和FF所有IP的控制权及所有权。

（文章来源：澎湃新闻）
展开阅读全文"
做空者在狂奔的路上,"https://guba.eastmoney.com/news,600166,789936015.html",2018-10-31 09:10:55,福田昨涨停，有新闻媒体说恒大已与福田接触，故而涨停。其实想投宝沃的有的是，不差恒大，做多机构知之福田季报不理想，敢于垃至涨停，其意图十分明了，多方反击刚开始，路很长，股价会有反复，但趋势已向好，宝沃是福田的，也是世界的，世界的舞台在中国，宝沃将会演出一台好戏。
战投宝沃67%，倒不如拿下福田51%股权！,"https://guba.eastmoney.com/news,600166,789825169.html",2018-10-30 14:55:55,拿下福田汽车51%，不仅获得宝沃100%股权，而且获得福田“智能网联新能源汽车 工业互联网生态平台”龙头！
刚刚1.6吓人？,"https://guba.eastmoney.com/news,600166,789936949.html",2018-10-31 09:16:38,刚刚1.6吓人？
市场上有较多投资者与其进行了接触，询问相关股权转让事宜,"https://guba.eastmoney.com/news,600166,789936271.html",2018-10-31 09:11:48,市场上有较多投资者与其进行了接触，询问相关股权转让事宜
本周内，福田必有一日4个点以上的涨幅！看准不准？[大笑][大笑],"https://guba.eastmoney.com/news,600166,789534429.html",2018-10-29 12:19:05,本周内，福田必有一日4个点以上的涨幅！看准不准？
福田人努力做“中国智造”的拓路者。,"https://guba.eastmoney.com/news,600166,789387944.html",2018-10-27 11:10:27,"产业 互联网福田汽车接轨“德国工业4.0”
　在“中国制造2025”战略引领下，福田人正以数字化、网络化、智能化制造理念突破产品质量，努力做“中国智造”的拓路者。
2015年10月29日，德国总理默克尔访华随行团队德国商协会和企业家代表参观并考察了位于北京怀柔的福田戴姆勒数字化工厂。以德国总理默克尔访华为契机，中德汽车产业合作和“德国工业4.0”再度成为人们关注的焦点。
福田戴姆勒总裁周亮陪同德国商协会企业家代表参观福田戴姆勒汽车厂
接轨“德国工业4.0”打造智能制造新标杆
当前，福田汽车正在科技创新上实现更大的突破，福田汽车以高科技成就品牌价值，以创新驱动战略转型，以数字化、网络化、智能化制造理念突破产品质量，推行绿色制造，按照世界标准开发产品，打造高科技、创新型、世界级的产品创造中心。
接轨“德国工业4.0”，就要多管齐下，统筹各方面资源，朝数字化、网络化、智能化方向一起发力。福田汽车2020战略目标，主要体现在三个层面：整车和动力系统合资合作，整合世界先进科学技术；追求领先时代的创新科技，推动技术进步；以高科技和不断体系创新，改进汽车产品实物质量。
当前，福田汽车链合全球优势资源，博采众长，实现行业突破。路径：福田汽车与奔驰合作，全面引进德国工业4.0体系，通过理念与技术全面接轨，打造国际领先的互联网智能汽车企业。据悉，福田汽车已经搭建了完善的商用车工业4.0顶层架构，以车联网、大数据及云平台为基础，建立以客户为中心的生态系统，利用大数据驱动企业管理的智能化，通过智能产品、智能工厂及智能制造实现大规模的客户个性化定制。
深化“产业 互联网”思维加速智能产品应用
智能化车联网系统可实现“人、车、手机”的互联信息交互，代表了今后汽车行业的发展潮流，将成为福田汽车重点着力耕耘的新领域。以构建“智能重卡车联网”平台方面的进展为例，福田戴姆勒汽车吸收了奔驰重卡的智能化车队管理系统理念，在满足国家道路运输政策法规的基础上，通过在欧曼GTL超能版上配装北斗智能车载终端，打造以“智慧重卡”及车联网为基础的，面向物流公司，方便物流公司对车辆、人员、货物和业务管理的“智能化车队管理系统”。
未来，搭载智能化车联网系统的欧曼GTL超能版，可以实现远程诊断，在线升级软件，实时上传车辆运营数据分析，对运营线路、驾驶行为、实时油耗管理、维保管理、运营管理进行监控，并提出优化方案。此外，福田戴姆勒汽车智能重卡车联网系统的接入，还能从行车安全、车辆安全、货物安全方面来方便驾车司机的驾驶，实现故障诊断、远程协助、车辆信息追踪、行车检测、行车导航、行车配货、行车安全、紧急求助等功能。
实际上，福田汽车正在这个领域迈出实质性步伐，并推动车联网业务逐渐向个性化以及专业定制化方向发展。目前，通过整车上配装智能车载终端并开发建立车联网管理系统平台，福田汽车正在建立满足客户、经销服务网络以及整车生产厂的互联互通，并提供基于车联网应用的增值服务。以萨瓦纳智联版产品为例，其可实现辅助驾驶、智能互联、信息查询等信息交互功能。其中智能互联功能可以实现团队路线分享和组队导航功能，为团队出行提供高效行车解决方案。
顶盖、车身、后围总成采用自动化机器人焊接，主线自动化水平达到60%
在智能升级方面，欧曼第三代渣土车满足了政府管理部门和车队管理双方面需求。针对管理部门，设置了轨迹智能管理（电子围栏、运营线路、卸料地点）、车辆智能化管理（超速报警、环保盖不密封报警、不按线路和地点卸货报警、远程限速及锁车控制）；针对车队管理，设置了驾驶员管理（油耗、操作习惯分析等）、车辆运营状况监控、远程车辆诊断、管理运营效率等。
就是说，按照智能化道路走下去，不久的未来，福田汽车系列产品将不再是冷冰冰的、彼此割裂的钢铁机器，而是可交互、可沟通、可联通、可监控、可实时管理优化的“变形金刚”。而支撑这一光辉愿景的，将是福田“以客户为中心”的全媒体客户关系平台，用互联网思维挖掘大数据，为客户提供优质服务，实现客户交互多渠道、营销服务模式多样化、系统高度集成化、智能化和业务组合多元化。
福田汽车通过接轨德国工业4.0、整合奔驰先进的研发技术、全球运作经验和资源，打造一整套从客户需求、产品设计、生产制造到销售服务的协同性的智能化管理模式。相信福田汽车必将成为引中国汽车工业迈入智能制造时代的先行者。
展开阅读全文"
恒大不靠谱。,"https://guba.eastmoney.com/news,600166,789934357.html",2018-10-31 08:55:57,能上假药停的船，那是二班人
今天怎么开盘很关键！,"https://guba.eastmoney.com/news,600166,789935229.html",2018-10-31 09:03:59,今天怎么开盘很关键！
三季度又多亏了一毛多，今年稳亏损了，呵呵,"https://guba.eastmoney.com/news,600166,789934998.html",2018-10-31 09:01:55,三季度又多亏了一毛多，今年稳亏损了，呵呵
看中的不是宝沃，是福，田，，直接把它控股了就什么都搞定了。当然可能性不大。。不大,"https://guba.eastmoney.com/news,600166,789923044.html",2018-10-31 07:04:29,看中的不是宝沃，是福，田，，直接把它控股了就什么都搞定了。当然可能性不大。。不大不小也是个国企控股，有钱的也要考虑考虑后果。
许司令减仓了,"https://guba.eastmoney.com/news,600166,789924393.html",2018-10-31 07:27:12,许司令减仓了
说假的就真的，说真的未必是真的，一切都是反的，买买买,"https://guba.eastmoney.com/news,600166,789933309.html",2018-10-31 08:49:48,说假的就真的，说真的未必是真的，一切都是反的，买买买
恒大要入股的是北汽集团，不是宝沃,"https://guba.eastmoney.com/news,600166,789932969.html",2018-10-31 08:46:50,恒大要入股的是北汽集团，不是宝沃
发不发消息无所谓，我是判断最近有大行情要来啦，所以一股没动,"https://guba.eastmoney.com/news,600166,789895829.html",2018-10-30 22:56:02,"发不发消息无所谓，我是判断最近有大行情要来啦，所以一股没动
"
今日搜狐网明确报道恒大、宝能、神州、五矿、复兴等5家公司参与宝沃67%股权竞投，,"https://guba.eastmoney.com/news,600166,790052590.html",2018-10-31 16:25:55,"今日搜狐网明确报道恒大、宝能、神州、五矿、复兴等5家公司参与宝沃67%股权竞投，而就在今日下午贵公司福田汽车股价异常波动涨停，为何晚间贵公司只澄清与恒大没有接触，而不澄清说明其它四家公司接触情况？我们十七万投资者，一亿A股股民有权知道另外4家公司接触情况？
福田汽车
福田汽车：尊敬的投资者您好！感谢您的关注！目前，宝沃汽车67%股权转让事宜处于预挂牌期间，尚未有实质性进展。公司将按相关规定及时披露本事项的重大实质性进展。重大事项请以公司公告为准。
(来自上证e互动)答复时间 2018-10-31 16:25:55"
一根阳线改变了很多人的信仰！,"https://guba.eastmoney.com/news,600166,789840768.html",2018-10-30 16:14:11,
看看股本股东里面，许加元减持了15.98万股，不会是昨天拉涨停了出的货吧！,"https://guba.eastmoney.com/news,600166,789904777.html",2018-10-31 00:44:41,看看股本股东里面，许加元减持了15.98万股，不会是昨天拉涨停了出的货吧！
许加元说要捂就发,"https://guba.eastmoney.com/news,600166,789931808.html",2018-10-31 08:35:18,许加元说要捂就发
福田半年报亏9亿，董秘说宝沃1-6月亏8亿，也就是说福田其它业务亏损1亿！三季报,"https://guba.eastmoney.com/news,600166,789887332.html",2018-10-30 21:41:00,福田半年报亏9亿，董秘说宝沃1-6月亏8亿，也就是说福田其它业务亏损1亿！三季报福田亏16.94亿，宝沃亏约12亿，也就是别的业务亏4.94亿，即使剔除宝沃，福田剩下的业务，亏损也在快速扩大！
连业绩预告都不敢出了是吗,"https://guba.eastmoney.com/news,600166,789907112.html",2018-10-31 01:31:15,连业绩预告都不敢出了是吗
福田汽车10月30日获沪股通减仓134.87万股,"https://guba.eastmoney.com/news,600166,789927922.html",2018-10-31 08:02:38,"






























10月30日福田汽车沪股通持仓数据
收盘价：	1.78	涨跌幅：	9.88%
持股量：	1113.83万股	持股变化：	-134.87万股





数据显示，截至10月30日福田汽车于沪股通持股量为1113.83万股，占其A股股本比例为0.16%，比上一交易日减少134.87万股。据数据统计，该股近一个月内累计涨幅为-4.81%，沪股通累计加仓467.17万，沪股通持仓累计变化比例为72.24%，近三个月内累计涨幅为-10.10%，沪股通累计加仓278.52万，沪股通持仓累计变化比例为33.34%。


数据来源:东方财富




"
还会有1.5买进的机会吗？,"https://guba.eastmoney.com/news,600166,789897062.html",2018-10-30 23:07:22,"还会有1.5买进的机会吗？
"
神州租车战投宝沃51%概率较大！,"https://guba.eastmoney.com/news,600166,789923770.html",2018-10-31 07:16:53,导入宝沃汽车出租销售模式大于天。
神州租车战投宝沃51%概率较大！,"https://guba.eastmoney.com/news,600166,789923770.html",2018-10-31 07:16:53,导入宝沃汽车出租销售模式大于天。
偷袭成功，在三季报前，在挂牌转让前！[大笑],"https://guba.eastmoney.com/news,600166,789814854.html",2018-10-30 14:26:06,偷袭成功，在三季报前，在挂牌转让前！
一个涨停不会让我兴奋！套那么深，三四个涨停还擦不干老子的眼泪！,"https://guba.eastmoney.com/news,600166,789905176.html",2018-10-31 00:52:13,一个涨停不会让我兴奋！套那么深，三四个涨停还擦不干老子的眼泪！
大家是不是特别希望福田能像“国海证券”一样，表现一下呢？,"https://guba.eastmoney.com/news,600166,788755608.html",2018-10-24 10:21:46,大家是不是特别希望福田能像“国海证券”一样，表现一下呢？
在股票交易软件中发布的消息被福田澄清，不是福田撒谎就是券商集体撒谎，总有一方违规,"https://guba.eastmoney.com/news,600166,789876391.html",2018-10-30 20:16:46,在股票交易软件中发布的消息被福田澄清，不是福田撒谎就是券商集体撒谎，总有一方违规需要赔偿投资者损失！同时，请福田回答，为什么不接触潜在战投？强势拒绝投资观致百亿的宝能后又拒绝不与神州租车接触，然后挂39亿出售67%股权？相对于宝能出现巨大的差距，继而拒绝与潜在客户恒大接触？福田不主动寻找大资金的行为十分异常，对福田投资者的利益造成损害，福田需要给出明确的解释，不主动寻找和接触可能的大资金是为什么？！是否已有更好的战投方？不然为何？！
今天撤出汽车股。你应该知道买我新选出的目标股,"https://guba.eastmoney.com/news,600166,789913773.html",2018-10-31 03:57:21,今天撤出汽车股。你应该知道买我新选出的目标股
山东高速(600350)融资融券信息(07-05),"https://guba.eastmoney.com/news,600166,789909591.html",2018-10-31 02:19:41,山东高速(600350)融资融券信息(07-05)
截止9.30许大官人减持15万股，猜猜10月份减持了多少？,"https://guba.eastmoney.com/news,600166,789906488.html",2018-10-31 01:17:14,截止9.30许大官人减持15万股，猜猜10月份减持了多少？
报告，大股东之间的较量已经无法阻当。是神刀神，特别见佛刀刀佛。哈哈，福田员工加油,"https://guba.eastmoney.com/news,600166,789905756.html",2018-10-31 01:02:19,报告，大股东之间的较量已经无法阻当。是神刀神，特别见佛刀刀佛。哈哈，福田员工加油，昨天不是告诉了向公司借工资了吗！加油加油。嘻嘻。
亏损严重居然涨停,"https://guba.eastmoney.com/news,600166,789902805.html",2018-10-31 00:17:22,亏损严重居然涨停
买入三年来的第一次涨停，三年呐，泪流满面,"https://guba.eastmoney.com/news,600166,789903677.html",2018-10-31 00:28:41,买入三年来的第一次涨停，三年呐，泪流满面
证金都买St了,"https://guba.eastmoney.com/news,600166,789902465.html",2018-10-31 00:12:11,证金都买St了
只要你没卖，这个消息和这个涨停就与你无关。,"https://guba.eastmoney.com/news,600166,789901451.html",2018-10-30 23:57:24,"只要你没卖，这个消息和这个涨停就与你无关。……
"
恒大和廊坊发展就玩的澄清公告，借雄安大涨，福田也接着玩这种套路，涨停1%换手率,"https://guba.eastmoney.com/news,600166,789891739.html",2018-10-30 22:18:17,明日下跌就是买入时机
单单一个宝沃公司市值就超过现在福田汽车的市值！,"https://guba.eastmoney.com/news,600166,786983791.html",2018-10-15 18:11:59,单单一个宝沃公司市值就超过现在福田汽车的市值！更不要说还有福田戴姆勒公司50%了！
明看谁跑的快,"https://guba.eastmoney.com/news,600166,789893679.html",2018-10-30 22:35:12,明看谁跑的快
一些SB没把握到行情，怪没发消息，消息能反应行情那就不是股市啦！,"https://guba.eastmoney.com/news,600166,789897436.html",2018-10-30 23:10:36,"一些SB没把握到行情，怪没发消息，消息能反应行情那就不是股市啦！
"
不是恒大也没撒，只要不是北汽就好！,"https://guba.eastmoney.com/news,600166,789896569.html",2018-10-30 23:02:51,不是恒大也没撒，只要不是北汽就好！
2018年1-9月经营同比分析：,"https://guba.eastmoney.com/news,600166,789895204.html",2018-10-30 22:49:31,"2018年1-9月经营同比分析：
营业总收入：-52.6734亿元；
营业总成本：-37.5752亿元；
股东净利润（当期）：-17.3339亿元。其中：
销售费用增加：387899247.96元；
管理费用增加：94312873.23元；
研发费用增加：485994871.10元；
财务费用增加：302698309.00元。
一、归母净利同比增亏分析　

2018年1-9月份上市公司归母净利-16.9亿元，同比下降18亿元，主要影响因素包括：
　1、销量下降及销售结构影响毛利同比下降4亿元，主要由于乘用车销量下滑及产品结构影响，毛利同比下降3.4亿元，商用车受轻卡、微卡销量下滑及大中客公交订单交付期影响毛利同比也有所
下降；　
2、运费同比增长1.6亿元，2017年4月份公司调整与经销商整车运费的结算方式及GB1589政策新规
（自2016年9月21日起，全面禁止“双排车”通行，运费成本上升）影响运费同比增加；为了促进
销售，1-9月份增加了新车型的市场调研以及大客户市场开发投入，导致调研经费及促销费同比增
长1.5亿元；
　3、研发投入转固，技术类无形资产摊销同比增长导致管理费用同比增长1.6亿元（税后1.36亿元）；
　4、外部融资额规模增长导致财务费用同比增加3亿元（税后2.55亿）；
　5、投资收益同比下降3亿元，主要由于去年同期有出售股权投资收益5.7亿（税后4.8亿）
　1-9月份归母净利同比增亏，但毛利率同比提升了1.08%，季度环比由二季度的15.76%上升至
三季度16.46%，主要是公司推行了季度绩增计划，安排了大量的降成本项目，包括整车零部件专
项降本、降低隐性成本等，这些措施逐步体现在利润中；同时公司今年以来一直严控各类管理类
成本费用，日常可控费用同比也在持续下降。
　二、改善措施　
四季度公司将继续推行降本增效的措施，逐步提升盈利水平：
　1、继续优化产品结构，加大新产品推广力度，提升销量；
（1）中重卡将加快结构调整，打造明星产品，同时结合法规升级、国家“蓝天保卫战”相关要求，
抓住老旧车辆淘汰机会、抢占市场，提升销量。
（2）轻卡将加大新产品投放，提升市场占有率，用有竞争力的产品组合和市场策略，提升业务运营能力。（3）微卡将围绕竞争及客户，有针对性的制定祥菱V的市场推广措施，通过多元化的竞争促销手段，分阶段建设独立的微车网络。（4）大中客将聚焦重点市场及价值客户，根据客户需求制定相应的产品、服务等资源组合规划，
通过商业模式创新，提升市场竞争力及市场销量。 （5）轻客将不断加快产品结构调整，强化重点产品及新产品的市场推广，同时内部持续推进精益
运营，提升市场响应速度。
　2、继续推行季度绩增计划，推进精益成本控制；
　3、继续严控各项管理类成本费用。

笔者评论：
一.季度绩增计划成效显现：1-9月，毛利率同比上升1.08%，环比上升0.7%。
1-9月份归母净利同比增亏，但毛利率同比提升了1.08%，季度环比由二季度的15.76%上升至 三季度16.46%，主要是公司推行了季度绩增计划，安排了大量的降成本项目，包括整车零部件专 项降本、降低隐性成本等，这些措施逐步体现在利润中；同时公司今年以来一直严控各类管理类 成本费用，日常可控费用同比也在持续下降。
二.宝沃汽车年度不合并报表，将会减少利润-3.34亿元和38.686股权出让现金进账而减少财务费用支付。
三.销售收入同比下降52.6734亿元，影响毛利润8.67亿元。
四.按年度计划600亿元，四季度要完成收入289.005亿元，压力山大。

2018年净利润正或负，在于：
1.四季度销售收入以及成本控制；
2.股权出让的溢价收益（宝沃、金融、智蓝‘成立’）。
展开阅读全文"
其他股涨好几个都没消息，北汽你太敏感了,"https://guba.eastmoney.com/news,600166,789888883.html",2018-10-30 21:54:15,跟恒大没关系你也不需要这么敏感吧 耽误你自己买自己了？？？
福田汽车的空狗们，真是呕心，都涨停啦，还给福田抹黑！,"https://guba.eastmoney.com/news,600166,789894818.html",2018-10-30 22:45:46,"福田汽车的空狗们，真是呕心，都涨停啦，还给福田抹黑！
"
空狗们，没有买到福田的筹码吧，就在吧里意淫吧！,"https://guba.eastmoney.com/news,600166,789894995.html",2018-10-30 22:47:34,"空狗们，没有买到福田的筹码吧，就在吧里意淫吧！
"
炒股亏损的逼，搞那些什么索赔的耍猴把戏，真叫呕心！,"https://guba.eastmoney.com/news,600166,789894451.html",2018-10-30 22:42:03,"炒股亏损的逼，搞那些什么索赔的耍猴把戏，真叫呕心！愿赌服输，资本市场本就有风险，亏钱自己承担！
"
请证监会严查福田澄清公告，是否有虚假内容，为什么今天发消息，马上就澄清是怕福田涨,"https://guba.eastmoney.com/news,600166,789894189.html",2018-10-30 22:39:34,请证监会严查福田澄清公告，是否有虚假内容，为什么今天发消息，马上就澄清是怕福田涨还是另有目地压股价，要严查，就像上次预增变预亏。
真的假不了，假的真不了，起码有5板，试目以待,"https://guba.eastmoney.com/news,600166,789871482.html",2018-10-30 19:37:22,真的假不了，假的真不了，起码有5板，试目以待
双十一龙头   安奈儿   国际顶级童装,"https://guba.eastmoney.com/news,600166,789891609.html",2018-10-30 22:16:50,双十一龙头安奈儿国际顶级童装
汽车是作为房产之后的第二大消费品，关键他还是损耗品,"https://guba.eastmoney.com/news,600166,789889514.html",2018-10-30 21:59:21,嘿嘿
福田汽车都涨停，吧里一些SB还在说三道四，是不是脑袋有病啊~！,"https://guba.eastmoney.com/news,600166,789890573.html",2018-10-30 22:08:04,"福田汽车都涨停，吧里一些SB还在说三道四，是不是脑袋有病啊~！
"
请伪空们变成真空， 都割了滚了，轿子让给我们坚定的多头坐吧。,"https://guba.eastmoney.com/news,600166,789877393.html",2018-10-30 20:24:36,嘿嘿
"福田汽车吧里，SB,CS真叫是多！","https://guba.eastmoney.com/news,600166,789890371.html",2018-10-30 22:06:34,"福田汽车吧里，SB,CS真叫是多！
"
福田携手紫光，紫光又把股份卖深控投？恒大？,"https://guba.eastmoney.com/news,600166,789400564.html",2018-10-27 16:18:36,有联系吗？
福田汽车怎么这么多SB瞎逼逼啊，涨停啦都瞎逼逼！,"https://guba.eastmoney.com/news,600166,789889849.html",2018-10-30 22:02:04,"福田汽车怎么这么多SB瞎逼逼啊，涨停啦都瞎逼逼！
"
福田汽车涨停是好事啊，一些SB不怀好意瞎逼逼！,"https://guba.eastmoney.com/news,600166,789889620.html",2018-10-30 22:00:08,"福田汽车涨停是好事啊，一些SB不怀好意瞎逼逼！
"
太敏感了,"https://guba.eastmoney.com/news,600166,789889065.html",2018-10-30 21:55:48,人家拿钱买 你还不打算卖给人家 压着股价？
福田汽车涨停是好事啊，怎么那么多SB瞎逼逼！,"https://guba.eastmoney.com/news,600166,789889523.html",2018-10-30 21:59:12,"福田汽车涨停是好事啊，怎么那么多SB瞎逼逼！
"
福田不经审核季报半年报，历史一会预增50%转脸预亏30%，三季报你能相信吗,"https://guba.eastmoney.com/news,600166,789889215.html",2018-10-30 21:56:57,17.7万散户，今日涨停换手不到1%，公告股权出让和恒大没有接触那就对了，明日下跌就是买入时机
福田你太敏感了,"https://guba.eastmoney.com/news,600166,789888991.html",2018-10-30 21:55:15,恒大来不来你也太虚了。。。人家看好了 还不卖？
福田涨停换手不到1%，公告和恒大没有接触那就对了，散户洗不出去，和福田季报一会预,"https://guba.eastmoney.com/news,600166,789886524.html",2018-10-30 21:34:42,预增50%，一会预亏30%，如果宝沃恒大成为股东，卖掉散户可以起诉福田赔赏
看看,"https://guba.eastmoney.com/news,600166,789884615.html",2018-10-30 21:20:12,看看
沃考 许加元还在，从5块跌倒1块多，他还在，[赞],"https://guba.eastmoney.com/news,600166,789883941.html",2018-10-30 21:15:32,沃考 许加元还在，从5块跌倒1块多，他还在，
不管是恒大还是谁买宝沃都可以帮福田回血，跌的够低的股价了,"https://guba.eastmoney.com/news,600166,789879439.html",2018-10-30 20:40:23,不管是恒大还是谁买宝沃都可以帮福田回血，跌的够低的股价了
报告，维维基基，今天出现了抢筹行动。市场抢前大十机构们砸庄底筹亏本肉。近来每抢一,"https://guba.eastmoney.com/news,600166,789881331.html",2018-10-30 20:54:07,报告，维维基基，今天出现了抢筹行动。市场抢前大十机构们砸庄底筹亏本肉。近来每抢一天就当晚多个利空发发。哈。明知17万大股东不单锁仓还在每天不停加仓中。市场建仓军追抢前大十与他的融盘底。主因也。本应没货可拋之地，那来这么多抛单呢？看谁愿意抛底仓吧日后。让砸庄继续在底左手过右手游戏。福田员工加油长线底仓，辛苦了工作。嘻。
今天的公告.横看竖看.福田就是不想自家股票上涨.老是想把股价打压下去.为什么?…,"https://guba.eastmoney.com/news,600166,789881091.html",2018-10-30 20:52:08,今天的公告.横看竖看.福田就是不想自家股票上涨.老是想把股价打压下去.为什么?……？.真看不懂.难道有人想低价卖福田.利益输送？
XXXX准备收购福田？,"https://guba.eastmoney.com/news,600166,789876673.html",2018-10-30 20:19:27,公告辟谣，暴涨。有点意思。为什么收购宝沃？收购福田不行吗？
几家大集团竞价收购宝沃67%的股权，能提高宝沃最终卖出的溢价。,"https://guba.eastmoney.com/news,600166,789834238.html",2018-10-30 15:40:01,现在就看能溢价多少了
三季度亏损王是你吗？,"https://guba.eastmoney.com/news,600166,789882186.html",2018-10-30 21:01:11,三季度亏损王是你吗？
大家散了吧，恒大改行炒股了，来钱快,"https://guba.eastmoney.com/news,600166,789881576.html",2018-10-30 20:56:11,大家散了吧，恒大改行炒股了，来钱快
恒大为何木有澄清,"https://guba.eastmoney.com/news,600166,789880364.html",2018-10-30 20:46:49,恒大为何木有澄清
明天多数完蛋,"https://guba.eastmoney.com/news,600166,789879709.html",2018-10-30 20:42:20,明天多数完蛋
9个月亏损17亿，三季度明显撑不住了，亏损扩大，成本却不断增加，照这趋势，年报起,"https://guba.eastmoney.com/news,600166,789879429.html",2018-10-30 20:40:20,9个月亏损17亿，三季度明显撑不住了，亏损扩大，成本却不断增加，照这趋势，年报起码亏损20亿以上。年度亏损三甲有望，可冲击亏损王称号。
600405:动力源关于募集资金半年度存放与实际使,"https://guba.eastmoney.com/news,600166,789874739.html",2018-10-30 20:03:05,600405:动力源关于募集资金半年度存放与实际使
澄清是不打自招，公告说很多人想收购宝沃，这些人是什么人，为什么不公布有要收购公司,"https://guba.eastmoney.com/news,600166,789878147.html",2018-10-30 20:30:15,澄清是不打自招，公告说很多人想收购宝沃，这些人是什么人，为什么不公布有要收购公司名单，还是想暗箱操作，侵占国有资产，卖宝能100亿，偏要38亿买关系户，福田股民有知情权
果然辟谣了 哈哈，套路，明天.,"https://guba.eastmoney.com/news,600166,789827482.html",2018-10-30 15:03:41,"
"
为啥福田市净率0.5都没人要，因为一多半净资产即将被打包无偿转让，资本被福田的任,"https://guba.eastmoney.com/news,600166,789442323.html",2018-10-28 15:45:21,为啥福田市净率0.5都没人要，因为一多半净资产即将被打包无偿转让，资本被福田的任意吓坏了。
明天开盘杀入，静等涨停[牛],"https://guba.eastmoney.com/news,600166,789877940.html",2018-10-30 20:28:42,明天开盘杀入，静等涨停
请福田董事会会公布，到底那些有意向购买宝沃公司地企业，还是北汽集团私下想收购宝沃,"https://guba.eastmoney.com/news,600166,789877336.html",2018-10-30 20:24:05,请福田董事会会公布，到底那些有意向购买宝沃公司地企业，还是北汽集团私下想收购宝沃，压低收购价，恶意侵犯福田股民权宜，请董事会澄清事实。
福田基本面处于谷底，股价自然也是历史大底，最近利好会逐步释放，股价有望强劲反弹！,"https://guba.eastmoney.com/news,600166,789780645.html",2018-10-30 12:16:46,福田基本面处于谷底，股价自然也是历史大底，最近利好会逐步释放，股价有望强劲反弹！
这是玩什么，亏损近17亿。又来个澄清。你这是想玩儿什么？,"https://guba.eastmoney.com/news,600166,789876586.html",2018-10-30 20:18:36,这是玩什么，亏损近17亿。又来个澄清。你这是想玩儿什么？
好票啊！明天再涨停板一下就好了。,"https://guba.eastmoney.com/news,600166,789875753.html",2018-10-30 20:11:37,好票啊！明天再涨停板一下就好了。
真真假假，战投花落谁家？各种消息，影响散户心理，加大震荡幅度吸筹，我想，这才是最,"https://guba.eastmoney.com/news,600166,789869149.html",2018-10-30 19:20:14,真真假假，战投花落谁家？各种消息，影响散户心理，加大震荡幅度吸筹，我想，这才是最真的真相。
公司借给宝沃40亿，担保贷款60亿，上次资产注入接近50亿，注册资金至少30亿(,"https://guba.eastmoney.com/news,600166,789371934.html",2018-10-27 05:45:28,"公司借给宝沃40亿，担保贷款60亿，上次资产注入接近50亿，注册资金至少30亿(不算最近注入资产)。算上其他投入资源，花费多少，现在38亿就卖了？
有人说宝沃借的和担保贷款要还，可你看清楚没，这要宝沃自己还如果宝沃三年内能挣百亿利润，现在卖不是傻逼么。
这件事前面几部推演都让我料到了，
第一步，不计成本砸钱投入宝沃的研发市场营销
第二步，在宝沃量产之际，把报表尽可能做差，便于后面估价尽可能低
第三步，寻找时机把福田优质资产注入宝沃，为利益输送做准备
第四步，发布公告公开转让，但实际早都串通好，收购方不是大股东就是其安排马仔
以上四步已成事实，或即将事实。
第五步，宝沃出售后，离开上市公司业务监管，资产再次被分解，三年内宣布破产，40亿借款打水漂，60亿贷款担保福田继续背。
之前的担心都被证实，但愿这次杞人忧天吧，但愿背后翻云覆雨的人不要这么黑。"
制造假消息出货，坑人啊！,"https://guba.eastmoney.com/news,600166,789868403.html",2018-10-30 19:15:34,制造假消息出货，坑人啊！
目前来看这么大的国企，越亏越好！那么钝刀拉肉，要么一刀切！[胜利],"https://guba.eastmoney.com/news,600166,789875721.html",2018-10-30 20:11:22,目前来看这么大的国企，越亏越好！那么钝刀拉肉，要么一刀切！
福田可以分产品引入真正具有实力的合作伙伴，氢能源汽车本已经有基础；卡车有底子但需,"https://guba.eastmoney.com/news,600166,789404338.html",2018-10-27 18:04:42,福田可以分产品引入真正具有实力的合作伙伴，氢能源汽车本已经有基础；卡车有底子但需解决供应链瓶颈问题；工程机械虽然已错过一轮，但还会有机会，也是引进技术、资金的时机，毕竟地处一线城市有人才资金技术市场的优势，希望做强做好
真正的考验来了，今天开始我不再说话，等卖出那天我会特此公告[大笑][毛估估]祝大,"https://guba.eastmoney.com/news,600166,789874455.html",2018-10-30 20:00:21,真正的考验来了，今天开始我不再说话，等卖出那天我会特此公告祝大家赚的满满的
宝沃“卖身”又出新传言，神州、宝能谁更有可能接盘？ 车哥们 百家号10-30 1,"https://guba.eastmoney.com/news,600166,789874526.html",2018-10-30 20:00:54,"宝沃“卖身”又出新传言，神州、宝能谁更有可能接盘？
车哥们
百家号10-30 19:43
关注
日前，有媒体称，宝沃汽车欲出售公司67%股权一事又有了新动向。消息称，除了此前一直热传的神州优车（以下简称神州），恒大、宝能、五矿、复星集团等多家机构也将加入这场混战。
自本月初宝沃挂牌出让股权以来，关于进展，其一直三缄其口，如今多家机构纷至沓来，显然让宝沃多了更多筹码，但业内人士分析认为，众多机构中，最终结果可能会在宝能、神州中产生。那么二者究竟谁才能笑到最后？从二者的综合实力来分析，车哥们以为神州优车和宝沃的契合度更高。先来看宝能不合适的原因，主要有两点：品牌契合度和大众消费市场的吸纳能力。根据宝能此前规划，宝能集团希望依托其强大的业务体系，在汽车领域覆盖高、中、低三个品类，全部车型采取私人销售与共享出行的多经营模式。基于这样的前提，为了进入汽车行业，宝能此前已经拿到了观致的绝对控股权，而观致和宝沃在品牌力和产品谱系规划上有着较高的重合度。二者品牌和消费人群定位都属于中端领域，让外界并没有看懂宝能这一手牌准备怎么出。一种可能的解释是，宝能正是看中了二者的高度重叠性，希望实现1+1＞2的结果，但这并不符合宝能覆盖高中低三个谱系的产品定位。
不仅如此，为了打造超级汽车帝国，宝能一直在跑马圈地，并且制定了强大的产能规划，并相继在杭州、昆明、广州和陕西西咸新区投建四个新能源整车及零部件生产基地，规划投资总额达1240亿元。其中，杭州富阳区产能为30万辆，昆明项目规划产能为50万辆，广州开发区规划产能为50万辆，陕西西咸新区规划产能为100万辆（一期工程为50万辆），合计230万辆。
而形成巨大反差的是，即便观致势头最猛的2018年，其目标销量也只有10万台。现今如果把宝沃收入囊中，其今年也只有10万的销量目标，二者加起来20万的销量甚至不足宝能产能规划的零头。无论如何，宝能未来的主要消费力一定要转向大众市场。
“短期内宝能通过协调自身资源来扶持观致，这也是当前可行的一种办法，至少可以救活企业。但长期来看，这种自我循环的模式不可能持续，观致仍然需要得到消费者的认可。”对于宝能盘活观致的可能性，知名汽车评论员钟师亦认为，未来的大众消费市场才会是观致的主要发力点。如今，观致尚没有起色的前提下，宝能再次接盘宝沃无疑给自己增加更大的包袱。
单从大众市场的消费体量来看，无论是观致还是宝沃短期内都无法在个人消费市场有太大突破，而宝能集团有限的内部需求并不能缓解其销量上的压力。
相较而言，神州与宝沃契合度就高得多。目前神州优车集团旗下包含汽车租赁（神州专车）、销售（神州买买买）、金融（神州车闪贷）等多项业务。
汽车周边业务上，神州优车也有布局。今年8月29日，百度与神州优车达成战略合作，双方将基于百度Apollo平台在智能网联、自动驾驶领域展开深度合作。
根据协议，神州优车将基于Apollo平台，搭建自有车载OS，实现百万辆级百度车联网产品搭载，完成车辆的智能化升级。在自动驾驶领域，双方将探索10万辆级自动驾驶车队的商业化运营，推动自动驾驶朝着量产和运营落地有效过渡，加速“自动驾驶+共享出行”的商业化应用。
此前的7月18日，神州优车与国网电动汽车公司在北京举行战略合作协议签约仪式，双方就充电基础设施建设、充电解决方案、车辆租赁等方面达成合作，并将应用智能车联网技术，推动实现平台互联互通和数据共享。
而在更早之前的7月11日，神州优车旗下神州租车发布公告，拟以11.4亿港元控股收购五龙电动车，收购完成后，神州租车将获得纯电动车制造全牌照，进一步完善公司在新能源电动车领域的布局。 显然，这一系列动作是冲着新能源汽车产业来的。
如此一连串的配套产业组合，神州优车比宝能更需要整车厂商作为硬性支撑，但规模又不能太大，太大无法消化，根据宝沃的年产能规划，宝沃在北京密云工厂和浙江嘉兴的规划年产能为50万辆，包括新能源和燃油车。而神州优车集团旗下服务网络覆盖全国约300个主要城市，管理车队规模40万台，用户数量超过6000万。如果内需和外销均摊，宝沃50万的产能恰好被神舟正常消耗。
抛开一切外界因素不谈，单从现状来分析，车哥们以为神州优车和宝沃的契合度更高，宝沃的挂牌截止时间是11月5日，究竟结果如何，年内便有分晓，不妨拭目以待。
本文由百家号作者上传并发布，百家号仅提供信息发布平台。文章仅代表作者个人观点，不代表百度立场。未经作者许可，不得转载。
举报
观致
观致汽车是一家创自中国、具备行业领先水准的中国汽车公司，汇集国际及中国汽车业高端团队，以卓越品质和精湛制造，为用户带来愉悦安全的驾乘体验。 观致成立于2007年12月，总部（生产基地）位于江苏常熟，该地区正日益成为中国汽车行业可持续发展的的重要区域。观致目前正在该地区建造一个设备先进、高效、环保的生产基地。该生产基地的初始产能为每年15万辆，最大产能...
赞
赞
不喜欢
2018年贬值车型top10排行榜，了解你的爱车还值多少钱
人人车广告
展开阅读全文"
600166:福田汽车关于召开2018年第五次临时股东大会二次通知的公告,"https://guba.eastmoney.com/news,600166,789657951.html",2018-10-29 21:31:18,"公告日期：2018-10-30
站（www.sse.com.cn）上刊登了《关于召开2018年第五次临时股东大会的通知》，由于本次股东大会将通过上海证券交易所股东大会网络投票系统向社会公众股股东提供网络投票平台，根据中国证监会《关于加强社会公众股股东权益保护的若干规定》的要求，现再次公告股东大会通知。
一、召开会议的基本情况

（一）股东大会类型和届次

2018年第五次临时股东大会

（二）股东大会召集人：董事会

（三）投票方式：本次股东大会所采用的表决方式是现场投票和网络投票相结合的方式
（四）现场会议召开的日期、时间和地点

召开的日期时间：2018年11月5日11点30分

召开地点：福田汽车109会议室

（五）网络投票的系统、起止日期和投票时间

网络投票系统：上海证券交易所股东大会网络投票系统


投票股东类型
序号 议案名称

A股股东

非累积投票议案

1 审议《关于公开挂牌转让北京宝沃汽车有限公司67%股权的议案》 √

1、各议案已披露的时间和披露媒体

公司董事会、监事会已审议通过了上述议案。上述议案内容详见公司另行披露的本次股东大会会议资料，本次股东大会会议资料已于2018年10月27日在上海证券交易所网站（www.sse.com.cn）披露。

2、特别决议议案：无

3、对中小投资者单独计票的议案：议案1

4、涉及关联股东回避表决的议案：无

5、涉及优先股股东参与表决的议案：无
三、股东大会投票注意事项

权出席股东大会（具体情况详见下表），并可以以书面形式委托代理人出席会议和参加表决（授权委托书见附件）。该代理人不必是公司股东。

股份类别 股票代码 股票简称 股权登记日

Ａ股 600166 福田汽车 2018/10/29

（二）公司董事、监事和高级管理人员。

（三）公司聘请的律师。

（四）其他相关人员。
五、会议登记方法

1、登记时间：2018年10月30日9：30－11：3013：00－15：00

2、登记地点：北京市昌平区沙河镇沙阳路 北汽福田汽车股份有限公司董事会办公室
3、登记方式：自然人股东应持股票账户卡、证券营业部的对帐单、本人身份证办理登记手续；委托代理人持授权委托书、本人身份证、委托人股票账户及证券营业部的对帐单；法人股东需持加盖单位公章的营业执照和授权委托书（见附件）；异地股东可用信函或传真方

北汽福田汽车股份有限公司
董事会

二〇一八年十月三十日
附件1：授权委托书


序号 非累积投票议案名称 同意 反对 弃权
1 审议《关于公开挂牌转让北京宝沃汽车有限公司67%股

权的议案》

委托人签名（盖章）： 受托人签名：

委托人身份证号： 受托人身份证号：

委托日期： 年 月 日

备注：
委托人应在委托书中“同意”、“反对”或“弃权”意向中选择一个并打“√”，对于委托人在本授权委托书中未作具体指示的，受托人有权按自己的意愿进行表决。


[点击查看PDF原文]
提示：本网不保证其真实性和客观性，一切有关该股的有效信息，以交易所的公告为准，敬请投资者注意风险。
展开阅读全文"
今天不拉涨停，亏了16亿会有2----3个跌停的,"https://guba.eastmoney.com/news,600166,789873846.html",2018-10-30 19:55:13,今天不拉涨停，亏了16亿会有2----3个跌停的
明天大跌,"https://guba.eastmoney.com/news,600166,789870820.html",2018-10-30 19:33:01,哼哼
套得太深，涨也好，跌也行。麻木了！,"https://guba.eastmoney.com/news,600166,789869527.html",2018-10-30 19:22:59,套得太深，涨也好，跌也行。麻木了！
今天资金的进入是特大单！小散自己去分析就知道庄家的狼子野心了！,"https://guba.eastmoney.com/news,600166,789870222.html",2018-10-30 19:28:20,今天资金的进入是特大单！小散自己去分析就知道庄家的狼子野心了！
庄说日了狗了，利空这么多就是吓不走这群人。 那主要是您前期操盘太操蛋了，愣是让股,"https://guba.eastmoney.com/news,600166,789873443.html",2018-10-30 19:51:48,"庄说日了狗了，利空这么多就是吓不走这群人。
那主要是您前期操盘太操蛋了，愣是让股东人数在熊市翻了两倍。"
明天比赛看谁跑的快，,"https://guba.eastmoney.com/news,600166,789867188.html",2018-10-30 19:07:03,明天比赛看谁跑的快，
一日游，好在我今天涨停出了。1.5元再来[微笑],"https://guba.eastmoney.com/news,600166,789871007.html",2018-10-30 19:34:21,一日游，好在我今天涨停出了。1.5元再来
上一次纰漏说是神州租车，但是股价没涨，今天说是恒大结果涨停了，谁知道给解释下,"https://guba.eastmoney.com/news,600166,789872455.html",2018-10-30 19:44:29,上一次纰漏说是神州租车，但是股价没涨，今天说是恒大结果涨停了，谁知道给解释下
我想问一下，亏埙的16亿包括宝沃的吗？,"https://guba.eastmoney.com/news,600166,789868398.html",2018-10-30 19:15:31,我想问一下，亏埙的16亿包括宝沃的吗？
估计啊，FF和恒大唱双簧，意在宝沃柔性生产线，恒大的工厂，至少2年后才能生产FF,"https://guba.eastmoney.com/news,600166,789871608.html",2018-10-30 19:38:09,"估计啊，FF和恒大唱双簧，意在宝沃柔性生产线，恒大的工厂，至少2年后才能生产FF，美国工厂，更是遥遥无期，FF如何投产？摆在许家印和FF面前。
许加元潜伏福田，看看梅雁吉祥上面许加元和恒大健康的配合吧，今天许加元和恒大又聚首福田了，哎又是来3波？估计地5波吧"
扣非亏损 23亿6千万,"https://guba.eastmoney.com/news,600166,789868320.html",2018-10-30 19:14:56,"厉害，他们在干什么昵？
"
股价会到1.2,"https://guba.eastmoney.com/news,600166,789870585.html",2018-10-30 19:31:23,股价会到1.2
亏了16亿什么概念,"https://guba.eastmoney.com/news,600166,789870563.html",2018-10-30 19:31:11,亏了16亿什么概念
