标题,链接,发布时间,内容
伊力特的走势非常完美，两阳夹一阴，上升通道也不陡峭，只要不放大量，会保持相当长时,"https://guba.eastmoney.com/news,600197,609011972.html",2017-02-15 11:50:22,伊力特的走势非常完美，两阳夹一阴，上升通道也不陡峭，只要不放大量，会保持相当长时间，会突破前高并创新高。
现在有研吧静的可怕,"https://guba.eastmoney.com/news,600197,604321809.html",2017-02-09 08:48:02,现在有研吧现在有研吧静的可怕的可怕
对于这类公司的高送转,"https://guba.eastmoney.com/news,600197,608905286.html",2017-02-15 05:46:14,这样的股市岂不成了大杂烩
大宗交易是操纵股价的新手法！,"https://guba.eastmoney.com/news,600197,608538560.html",2017-02-14 13:08:45,大宗交易是操纵股价的新手法！
我15.10割肉你天天漲[想一下],"https://guba.eastmoney.com/news,600197,608027488.html",2017-02-13 23:14:24,我15.10割肉你天天漲
新闻热点：欧普康视上市广告品牌效益明显，关注,"https://guba.eastmoney.com/news,600197,607900142.html",2017-02-13 19:59:26,船舶业转型升级计划印发 多股望爆发
炒股票就是要审时度势，既要做到不贪不惧。,"https://guba.eastmoney.com/news,600197,607791981.html",2017-02-13 17:58:01,"炒股票就是要审时度势，既要做到不贪不惧。
"
哈哈，下午涨停，耶耶耶耶耶[胜利][胜利],"https://guba.eastmoney.com/news,600197,607389548.html",2017-02-13 11:32:53,哈哈，下午涨停，耶耶耶耶耶
说说伊利特吧，这股最近让持股的很心焦，本人也一样，但我还是坚定长期看好白酒和医药,"https://guba.eastmoney.com/news,600197,551607739.html",2016-09-14 17:32:21,说说伊利特吧，这股最近让持股的很心焦，本人也一样，但我还是坚定长期看好白酒和医药，我已经持股半年了，从13起涨到18，跌到16补一次，15补一次，现在亏了一点点，我一直注重价值投资，不贪不喜不悲观，淡定看待股价的涨跌，回看我2年以前的票，现在还持有的，经历牛市也经历股灾，但全部都是赢利的，所以不要过份折腾才是王道
小市值白酒股，越跌越买 ,"https://guba.eastmoney.com/news,600197,522522912.html",2016-08-09 08:13:00,"导 读
前段时间，随着王石的大招迭出，似乎油条华没什么法子了，但想不到的是，恒大却来了个浑水摸鱼，万科又活蹦乱跳地起来了。一场资本大戏很精彩，给我们的启示很多，为什么土豪们接踵而来，连熊市也无法挡住他们的步伐，因为优质的股权就在那里，不摸白不摸。

大佬摸大鱼，我们摸杂鱼。

目前的市场很混乱，有不少小盘股票相对于历史高点而言，已遭腰斩，但从估值来看，仍高不可攀，在监管加强、筹码不断分散的背景下，不排除再度下跌的可能；而很多银行股、老牌传统绩优酒药股的估值虽不高，但价格却处于历史性高位，在获利盘、解套盘离场的影响下，也进入了较大幅度的调整。随着熊市节奏的不断推进，整体氛围越来越弱，大盘似乎会反弹，但也可能随时无理性崩跌，面对这种混乱的局面，就像在浑水里摸鱼，很难看清楚方向。

在这种时候，千万不要相信什么乱拳打死老师傅的街斗神话，更不要以为靠什么十八摸就能混得过关的。还是耐心地多听听我这个老江湖的摸鱼大法，才能体会到独钓寒江雪的逍遥。

一、鱼有鱼路
俗话说虾有瞎路，蟹有邪路，鱼自然也是有渔路的。
运动总以波动出现，规律总呈周期分布，万法相通，周期归来。熊市的总体规律就是主炒酒药股，这种周期规律反复出现。虽然谁也无法保证下一次还这样，但至少这一回又是这样。

所以，看不清短期波动不要紧，不知道经济的成长在哪里也不要紧，只要老老实实地抓住酒药股的主线，安度漫长熊市是不成问题的。

当然啦，有志青年会说，我要走出自己的路。呵呵，我以为，绝大多数人是难以成功的，因为未来总是混沌难猜的，最聪明的作法不是自己去开辟新路，而是延着有规律的路线前进。

二、鱼有渔法
不要低估每一条看似蠢笨的鱼。
哪怕我们知道鱼的洄游路线，也并不保证我们就能打到大的鱼群。股票像鱼群一样，总是做在齐涨齐跌的类股运动，但鱼群有大小，行情有起伏，追击鱼群，其下场往往是一哄而散，远不如迎头一网所得更多。

因此，即使我们遵循熊市抓酒药股的类股行情，错过了贵州茅台那样的领头羊也就不要再追了，而要致力于挖掘第二波酒药股行情。从历史来看，酒类股中后期表现较好的，反而是小市值且业绩提升较快的企业。因此，我们重点挑出了三家小市值大潜力酒企，分别是伊力特、顺鑫农业、古越龙山。

伊力特以68.13亿的总市值在白酒股中排名倒数第二，其收益的稳定性要远好于倒数第一的金种子酒，其在新疆市场具有垄断性地位，系采用天山雪水与自然原料酿造，酒质佳，虽全国知名度不高，但随着互联网的发展，物流越来越便捷，人们交往越来越广泛，其在全国具有更大的传播潜力，有望复制在浙江成功推广的奇迹，因此，长期成长潜力巨大，目前其市盈率、市销率在白酒类股中属于偏低的，作为白酒中的袖珍股，低估是很明显的。

顺鑫农业的总市值相对较大，达128.5亿，但是，其市净率是白酒股中最低的，而市销率同样是倒数排前，以其牛栏山二锅头的销量而言，目前市场给出的市值比，相对同样销售量的白酒企业而言，低估也是非常明显的，而在国内通胀持续的背景下，已经五年未提价的二锅头，进入提价周期也是可以预见的。

古越龙山的总市值达82.71亿元，虽是黄酒最大，但与白酒相比可差得远，其受制于国企体制的制约，发展较慢，市场给出的估值远低于另两家黄酒企业，但垃圾也有垃圾的尊严，其在今年五月份已经率先提价，因此，其业绩有实现困境反转的可能。

虽然这三家酒企，在今年以来的第一轮酒类股炒作中属于没怎么涨的股票，但是，其内在的素质与发展前景，有更大的补涨空间，在下半年或者明年年初的第二轮中，可能会有更好的机会。

因此，我们将这三家小市值酒企作为重要目标，开始了越跌越买的迎头痛击航程。

三、鱼有漁道
想要把鱼群一网打尽的想法是贪婪而不道的。
想要精准地低点买入是可遇不可求的。
而放弃一击必杀的方法，追求平均成功率，才更符合交易之道。

股票的难题在于，知道有把握的未来，却无法把握现在。
股票涨的时候，可以涨很久；跌的时候，可以跌很深；也可以不涨不跌久久久，谁也搞不清短期方向。

我建仓伊力特时，是在15.7元左右买入的，结果一买就涨，一路涨到18.5元，这是我们所没有预想到的；然后，同样无法预料的是，它很快就转头下跌，又把我们给套牢了。
相类似的还有顺鑫农业和古越龙山。

漫长的熊市让很多次买入都成为错误的买入，无论多么厉害的高手也无法完全避免中招，但是，如果我们反过来，将原来所计划的一次买入，转化成多次低位买入，反而可能得到一个成功的平均值，虽然其结果可能与一次交易差不多，但其过程会悠然自得得多。

因为，时间会成为我们的朋友。以这三个股票为例，古越龙山买得比较早，大头在下面，套得少；顺鑫农业买得最后，套得最多。

当然啦，想要与时间做朋友，仓位管理与现金留存是必须的，有时候，还得减持些获利筹码，才能完成最终大计。

今天我趁会稽山反弹，在14元以上减持出了约11%的现金出来，之所以，这样做，是因为该部分仓位已经获利达10%以上，虽然很遗憾地没有卖在高位，但能够回收盈利现金，加强低吸能力，从长远来看，是有利的。如果会稽山一路大涨，古越龙山迟早也会跟上，如果会稽山反弹到位而下跌，那么古越龙山多半也扛不住，那么我就可以进一步低买。

以上为渔者小思，也可以视为愚者一得，供参考。

最后，报告一下本周的知新1号组合的仓位调整与收益情况。
2016年6月6日成立，至2016年8月1日，赢利10.03%，同期沪深300指数涨幅为1.29%，在股吧网近百万个组合中，跑赢83.21%的组合。

组合持仓情况如下：
制药38.75%：
1、东阿阿胶，仓位32.87%，买入价46.31元，现价55.99元；
2、白云山，仓位4.92%，买入价24.46－23.38元，现价26.13元；
3、以岭药业，仓位0.96%，买入价15.48－15.06元，现价16.4元。
酒类42.25%：
4、古越龙山，仓位22.26%，买入价10.81－9.54元，现价10.23元；
5、顺鑫农业，仓位14.05%，买入价24.28－22.2元，现价22.52元；
6、伊力特，仓位4.94%，买入价15.76－15.48元，现价15.45元；
7、会稽山，仓位1.0%，买入价12.66－12.3元，现价14.08元；
（本周14.02－14元间减持11.5%）
现金留存：19%。

展望未来，

但不管市场如何动荡，分化如何复杂，以价值为导向，就永远不会在浑水中迷航。
展开阅读全文"
调整完毕，各位坐稳啦[献花][献花],"https://guba.eastmoney.com/news,600197,603761301.html",2017-02-08 11:47:07,调整完毕，各位坐稳啦
香港最大的RQFII A股ETF南方A50基金的资金流向发生逆转。,"https://guba.eastmoney.com/news,600197,607441509.html",2017-02-13 12:20:33,"香港最大的RQFIIA股ETF南方A50基金的资金流向发生逆转。
"
30元见吧,"https://guba.eastmoney.com/news,600197,607374398.html",2017-02-13 11:21:30,30元见吧
贾天将这下会成为富豪榜第几啊？,"https://guba.eastmoney.com/news,600197,607329899.html",2017-02-13 10:25:58,天元锰业2016年营业收入536亿元，实现利润20亿元，上缴税费11.69亿元，收购了英力特51%股权，如果资产注入英力特，贾天将身价会达到多少？会在富豪榜排第几啊？会超过马云王健林吗？
就无法阻挡汹涌的上市潮；如果不让操纵市场者重罚监禁，那这个市场的主流就是赌博欺骗,"https://guba.eastmoney.com/news,600197,605851618.html",2017-02-11 10:43:04,就无法阻挡汹涌的上市潮；如果不让操纵市场者重罚监禁，那这个市场的主流就是赌博欺骗
连续逼空上涨，开始分化与休整，,"https://guba.eastmoney.com/news,600197,607141350.html",2017-02-12 21:11:12,"连续逼空上涨，开始分化与休整，
"
摆正股市功能的成功经验,"https://guba.eastmoney.com/news,600197,606183126.html",2017-02-11 22:40:17,并且立即停止IPO（7个月）
醉了。好想找个地方睡觉觉。,"https://guba.eastmoney.com/news,600197,605384898.html",2017-02-10 11:00:27,醉了。好想找个地方睡觉觉。
新规制止大股东不务正业抽逃资金：上市三年内不,"https://guba.eastmoney.com/news,600197,605812931.html",2017-02-11 00:37:38,聚焦医疗创新 深耕大健康产业
酒喝醉了，一路往下栽！,"https://guba.eastmoney.com/news,600197,605653877.html",2017-02-10 15:12:17,酒喝醉了，一路往下栽！
这个王八旦,"https://guba.eastmoney.com/news,600197,605622944.html",2017-02-10 14:49:23,同上
今天涨停,"https://guba.eastmoney.com/news,600197,605354352.html",2017-02-10 10:34:48,今天涨停
不喝伊力特新疆振兴就是纸上谈兵,"https://guba.eastmoney.com/news,600197,605352097.html",2017-02-10 10:32:35,不喝伊力特新疆水泥就是水
喝了伊力特新疆基建才有劲头,"https://guba.eastmoney.com/news,600197,604850507.html",2017-02-09 22:26:21,喝了伊力特新疆基建才有劲头
不喝伊力特新疆水泥就是水,"https://guba.eastmoney.com/news,600197,605347658.html",2017-02-10 10:28:32,喝了伊力特新疆基建才有劲头
这一波上涨结束了，开始回调了！,"https://guba.eastmoney.com/news,600197,605306402.html",2017-02-10 09:47:21,这一波上涨结束了，开始回调了！
你妹的就是不能出研报，出研报唱多就回调,"https://guba.eastmoney.com/news,600197,605304759.html",2017-02-10 09:45:33,你妹的就是不能出研报，出研报唱多就回调
不错不错,"https://guba.eastmoney.com/news,600197,605293721.html",2017-02-10 09:33:22,不错不错
下来,"https://guba.eastmoney.com/news,600197,605247567.html",2017-02-10 08:27:46,下来
17元果断抛出，三连阳肯定回调一下子，地点再进,"https://guba.eastmoney.com/news,600197,604443109.html",2017-02-09 11:47:00,高抛低吸
明天暴跌,"https://guba.eastmoney.com/news,600197,604848706.html",2017-02-09 22:24:46,明天暴跌
有没有发现，涨起来特别容易。看筹码集中度就明白了。,"https://guba.eastmoney.com/news,600197,604544912.html",2017-02-09 14:46:30,有没有发现，涨起来特别容易。看筹码集中度就明白了。
你不是来炒股的。换个词，你是来投资的。炒来炒去，那是炒饭。,"https://guba.eastmoney.com/news,600197,604542492.html",2017-02-09 14:43:02,你不是来炒股的。换个词，你是来投资的。炒来炒去，那是炒饭。
涨起来太容易了，但是慢慢来,"https://guba.eastmoney.com/news,600197,604540664.html",2017-02-09 14:40:20,涨起来太容易了，但是慢慢来
逼你投降，继续加仓,"https://guba.eastmoney.com/news,600197,604538832.html",2017-02-09 14:37:47,逼你投降，继续加仓
再加仓,"https://guba.eastmoney.com/news,600197,604412363.html",2017-02-09 10:59:53,再加仓
2017，第一牛股,"https://guba.eastmoney.com/news,600197,604398891.html",2017-02-09 10:41:32,2017，第一牛股
专用设备板块净流入较多，化工行业板块净流出较多,"https://guba.eastmoney.com/news,600197,604376455.html",2017-02-09 10:12:22,"专用设备板块净流入较多，化工行业板块净流出较多
"
加仓吧,"https://guba.eastmoney.com/news,600197,603688820.html",2017-02-08 10:26:43,加仓吧
走了，烂股一支，买茅台,"https://guba.eastmoney.com/news,600197,603876921.html",2017-02-08 14:21:56,走了，烂股一支，买茅台
呼叫主力，明天我负责高开几分钱，你负责拉高股价保证我不亏。,"https://guba.eastmoney.com/news,600197,601997723.html",2017-02-06 16:28:34,收到请回复。
果断买入。主力拉锯了,"https://guba.eastmoney.com/news,600197,602843017.html",2017-02-07 14:16:43,果断买入。主力拉锯了
这肚子闹的，还止不住了。,"https://guba.eastmoney.com/news,600197,603975312.html",2017-02-08 16:29:17,这肚子闹的，还止不住了。
每个投资者不能不加以独立思考,"https://guba.eastmoney.com/news,600197,604337773.html",2017-02-09 09:19:41,公司以1.52亿元将清远市房产出售给广州市大洋房地产公司
改革决心彰显英雄本色,"https://guba.eastmoney.com/news,600197,604321403.html",2017-02-09 08:47:07,
先过20再说，控盘庄，妖起来，[大笑][大笑][大笑][大笑][大笑][大笑][,"https://guba.eastmoney.com/news,600197,603722995.html",2017-02-08 11:03:18,先过20再说，控盘庄，妖起来，
这个小5浪何时结束？按照江恩时间周期计算，大约还有8-9小时时间,"https://guba.eastmoney.com/news,600197,604003887.html",2017-02-08 17:12:06,这个小5浪何时结束？按照江恩时间周期计算，大约还有8-9小时时间
十万股,"https://guba.eastmoney.com/news,600197,603763882.html",2017-02-08 11:50:46,十万股
放量突破布林带上规，赶快抢筹，杀呀,"https://guba.eastmoney.com/news,600197,603906553.html",2017-02-08 14:54:22,主力筹码不拿白不拿
暂入1000股，看好,"https://guba.eastmoney.com/news,600197,603720588.html",2017-02-08 11:00:43,暂入1000股，看好
入了一个最高点。  打算放半年。,"https://guba.eastmoney.com/news,600197,603763804.html",2017-02-08 11:50:43,"入了一个最高点。
打算放半年。"
大家新年好！伊力特多少估值是合理的？,"https://guba.eastmoney.com/news,600197,600403871.html",2017-02-04 22:02:21,大家新年好！伊力特多少估值是合理的？
好业绩,"https://guba.eastmoney.com/news,600197,603726031.html",2017-02-08 11:06:22,要酒去。北斗泰子
切不可高位接盘,"https://guba.eastmoney.com/news,600197,603693929.html",2017-02-08 10:32:07,涨再多不要心动
300218安利股份 军民融合10送转30的鸡屎股,"https://guba.eastmoney.com/news,600197,603715773.html",2017-02-08 10:55:41,关注阿根廷降雨，豆粕多单继续持有--期乐网
新高了,"https://guba.eastmoney.com/news,600197,603666042.html",2017-02-08 10:03:43,新高了
坚持坚持再坚持,"https://guba.eastmoney.com/news,600197,603606717.html",2017-02-08 08:45:12,坚持坚持再坚持
我觉得做一个票还是要坚定，守得云开,"https://guba.eastmoney.com/news,600197,603293038.html",2017-02-07 23:43:56,我觉得做一个票还是要坚定，守得云开
下跌中继，不到14不建仓！忠言逆耳！！,"https://guba.eastmoney.com/news,600197,594813794.html",2017-01-25 13:24:06,下跌中继，不到14不建仓！忠言逆耳！！
此股我是14.7的成本，持有近两个月了；白酒板块有太多喜欢的看上的，此股只少量持,"https://guba.eastmoney.com/news,600197,603129755.html",2017-02-07 18:32:01,此股我是14.7的成本，持有近两个月了；白酒板块有太多喜欢的看上的，此股只少量持仓，只是用来感知整个板块的变动。买了与不卖，心态怎么会一样？
高市盈率源于股民愿意给股市送钱,"https://guba.eastmoney.com/news,600197,602931224.html",2017-02-07 15:28:54,零售价将迎年度最后一调 成品油批发行情恐难言
15.99能成交吗？我知足了,"https://guba.eastmoney.com/news,600197,602723366.html",2017-02-07 12:31:56,15.99能成交吗？我知足了
明天创新高,"https://guba.eastmoney.com/news,600197,602909070.html",2017-02-07 15:08:57,明天创新高
继续诱多！有本事冲破前高[想一下][想一下][想一下][想一下],"https://guba.eastmoney.com/news,600197,602642879.html",2017-02-07 11:09:49,继续诱多！有本事冲破前高
Z)一年了，公司拿什么回馈股东最重要，其他都浮云！,"https://guba.eastmoney.com/news,600197,602206877.html",2017-02-06 23:00:20,"分红季就是高送转，性价比越高越好,不看噱头一定要看实实在在的态度

1、5元股，和邦生物603077

2016年度利润分配预案的主要内容：公司拟以2016年12月31日的总股本向全体股东每10股转增10股、送红股2股（含税）、派现金红利0.1元（含税）。

2、14元股，利欧股份（002131）

2016年度利润分配预案的主要内容：公司拟以2016年12月31日的总股本向全体股东每10股送转增25股、派现金红利0.37元（含税）。

3、技术面选股：北京地产龙头600376收益（三）：0.346 PE（动）：25.01净资产：7.82市净率：1.48"
白酒股这种不死不活的行情让我很安心！,"https://guba.eastmoney.com/news,600197,602614610.html",2017-02-07 10:37:08,当前，不确定的事很多，但通胀复苏、白酒提价是确定的事，傻瓜才去追不靠谱的匹凸匹。
怕什么，今天收涨,"https://guba.eastmoney.com/news,600197,601672286.html",2017-02-06 11:29:17,怕什么，今天收涨
降税减费：最少使企业增加不低于%的净利润。,"https://guba.eastmoney.com/news,600197,602431935.html",2017-02-07 06:01:15,即将发生的大事，该不该关注？
赶快抄底，主力送钱来了,"https://guba.eastmoney.com/news,600197,601585889.html",2017-02-06 10:09:53,低价优质股越跌越买
等下午了，接,"https://guba.eastmoney.com/news,600197,594188744.html",2017-01-24 10:32:54,等下午了，接
要跌倒120,"https://guba.eastmoney.com/news,600197,600321518.html",2017-02-04 16:51:37,要跌倒120
突破的不错，完成任务后整理整理。,"https://guba.eastmoney.com/news,600197,599332383.html",2017-02-03 11:37:44,突破的不错，完成任务后整理整理。
吧里那么多唱空的贴说明可以果断抄底买入，狂买的时机到了,"https://guba.eastmoney.com/news,600197,597236495.html",2017-01-30 18:51:37,哈哈哈·
1993年鸡年，A股从300点涨到1500点。 2005年鸡年，A股从998点涨,"https://guba.eastmoney.com/news,600197,596605482.html",2017-01-29 14:08:10,"1993年鸡年，A股从300点涨到1500点。
2005年鸡年，A股从998点涨到6124点。
2017年鸡年，您知道该干嘛了吧？我知道，梦吧！"
发现别人没发现的，请仔细阅读：两市中有一只股票，参股40%的东莞证券和控股60%,"https://guba.eastmoney.com/news,600197,598353101.html",2017-02-01 15:10:12,发现别人没发现的，请仔细阅读：两市中有一只股票，参股40%的东莞证券和控股60%的中山证券（最近如增发完成控股近90%），东莞证券上市进程处于预披露更新即将上会，中山证券增发处于已反馈也即将上会，而这只股票自己目前的市值仅仅是200亿，相比最高位跌去六成，蛰伏在底部还没启动，这就是隐形的超级券商影子股：000712锦龙股份
散户们好好挣钱，股票打一枪就跑别留下给人宰，挣到钱就几年都别回来。让他们腊鸡狗腿,"https://guba.eastmoney.com/news,600197,583149770.html",2016-12-27 15:39:21,散户们好好挣钱，股票打一枪就跑别留下给人宰，挣到钱就几年都别回来。让他们腊鸡狗腿厮杀。
国信证券临近上市前，参股约4.90%的北京城建翻3倍 国泰君安临近上市前，参股约,"https://guba.eastmoney.com/news,600197,598355934.html",2017-02-01 15:16:26,"国信证券临近上市前，参股约4.90%的北京城建翻3倍
国泰君安临近上市前，参股约2.53%的大众交通翻3倍
华安证券临近上市前，参股约8.68%的东方创业翻2倍"
只需要看股东户数，就知道大资金在出逃,"https://guba.eastmoney.com/news,600197,597320627.html",2017-01-30 22:00:51,只需要看股东户数，就知道大资金在出逃
近三年操作指南--今年股价将在80至100之间筑底，标准操作就是80就吸，100,"https://guba.eastmoney.com/news,600197,596638564.html",2017-01-29 22:14:54,近三年操作指南--今年股价将在80至100之间筑底，标准操作就是80就吸，100就抛！明年盘升，幅度不会很大，在100至300的价格区间窄幅震荡！后年进入主升浪，最高股价将达800，彻彻底底的把茅台踩于脚下！笑傲两市！
哈哈哈哈哈，还好15。75卖了15等你[微笑],"https://guba.eastmoney.com/news,600197,595334842.html",2017-01-26 14:43:08,哈哈哈哈哈，还好15。75卖了15等你
大过年的不能干点人事吗？,"https://guba.eastmoney.com/news,600197,595322856.html",2017-01-26 14:16:10,大过年的不能干点人事吗？
k化工环保产业的强基；行业的翘楚——002637赞宇科技终于浮出水面！！未来10年高速成长,"https://guba.eastmoney.com/news,600197,595272954.html",2017-01-26 11:42:14,化工环保产业的强基；行业的翘楚——002637赞宇科技终于浮出水面！！未来10年高速成长
不得不说声！操盘手鸡年倒大霉！行狗屎运！打压了一上午，下杀了两毛钱！可喜呀！,"https://guba.eastmoney.com/news,600197,595272115.html",2017-01-26 11:39:38,不得不说声！操盘手鸡年倒大霉！行狗屎运！打压了一上午，下杀了两毛钱！可喜呀！
game over,"https://guba.eastmoney.com/news,600197,595259916.html",2017-01-26 11:10:03,game over
主力，不管怎么样，是不是给大家来个红盘就行,"https://guba.eastmoney.com/news,600197,595253267.html",2017-01-26 10:55:54,主力，不管怎么样，是不是给大家来个红盘就行
主力，广大小散，新年快乐,"https://guba.eastmoney.com/news,600197,595243562.html",2017-01-26 10:36:55,主力，广大小散，新年快乐
伊力特今日换手率0.38%，创近2年半新低！投资者惜售严重。,"https://guba.eastmoney.com/news,600197,583551272.html",2016-12-28 19:59:03,伊力特今日换手率0.38%，创近2年半新低！投资者惜售心理严重，值得关注！
有人辞官归故里，有人星夜赶考场,"https://guba.eastmoney.com/news,600197,594766105.html",2017-01-25 11:37:46,有人辞官归故里，有人星夜赶考场
再见了，伊力特，不相信你会一直死在这里……,"https://guba.eastmoney.com/news,600197,594712024.html",2017-01-25 10:18:57,再见了，伊力特，不相信你会一直死在这里……
"今天做把T,下午1:30爆拉","https://guba.eastmoney.com/news,600197,594704860.html",2017-01-25 10:09:16,"今天做把T,下午1:30爆拉"
赶紧跑，今日必大跌！,"https://guba.eastmoney.com/news,600197,594703966.html",2017-01-25 10:08:01,赶紧跑，今日必大跌！
怎么没有集合竞价？,"https://guba.eastmoney.com/news,600197,594680393.html",2017-01-25 09:29:29,怎么没有集合竞价？
要说军民融合，伊特特本身就是半军半民,"https://guba.eastmoney.com/news,600197,593612499.html",2017-01-23 14:07:50,要说军民融合，伊特特本身就是半军半民
拉高出货，又套牢一批[胜利][胜利],"https://guba.eastmoney.com/news,600197,593537396.html",2017-01-23 11:43:01,拉高出货，又套牢一批
I长江后浪推前浪：黑马龙头-绩优小盘环保股票002637赞宇科技终于浮出水面！！,"https://guba.eastmoney.com/news,600197,594225514.html",2017-01-24 11:23:24,长江后浪推前浪：黑马龙头-绩优小盘环保股票002637赞宇科技终于浮出水面！！
坐等解套,"https://guba.eastmoney.com/news,600197,594198395.html",2017-01-24 10:44:45,坐等解套
尾盘收盘大约16，3，见好就收了，,"https://guba.eastmoney.com/news,600197,593596830.html",2017-01-23 13:42:20,尾盘收盘大约16，3，见好就收了，
遐想 明日收盘中阳或大阳覆盖今日的倒t的十字线 那么短期还是有望加快脚步向上攀,"https://guba.eastmoney.com/news,600197,593670063.html",2017-01-23 15:56:29,遐想 明日收盘中阳或大阳覆盖今日的倒t的十字线 那么短期还是有望加快脚步向上攀 但是这个概率不强 短线有调整的需求 十五分 和 三十分钟 均线系统走势向空方靠拢 唯独六十分钟 还有二十日均线的支撑 明日假设不低开 在前半小时 还是给在16建仓的朋友机会出逃 若是你做的长线客 短线的回调不必太在乎 观点 短期调整 后期看高
酒香不怕宅院深！,"https://guba.eastmoney.com/news,600197,593629653.html",2017-01-23 14:34:45,。。。。。
下午两点！大盘有可能要跳水！退出观望,"https://guba.eastmoney.com/news,600197,593581939.html",2017-01-23 13:17:19,下午两点！大盘有可能要跳水！退出观望
2017的伊力特，令人刮目相看,"https://guba.eastmoney.com/news,600197,593025478.html",2017-01-22 11:51:28,"元月3日站上30日线
元月4日站上60日线
元月5日站上120日线
新年开年领涨两市所有白酒股"
卖卖卖，快卖！下午大盘180度掉头,"https://guba.eastmoney.com/news,600197,593523782.html",2017-01-23 11:20:18,卖卖卖，快卖！下午大盘180度掉头
只要突破前高，一切都好说(∩_∩),"https://guba.eastmoney.com/news,600197,590831855.html",2017-01-18 09:32:07,只要突破前高，一切都好说(∩_∩)
今天入住你，有三点 第一点 周线 和 日线 同时出现w形态往上延伸  第二点 m,"https://guba.eastmoney.com/news,600197,592167124.html",2017-01-19 20:35:32,今天入住你，有三点 第一点 周线 和 日线 同时出现w形态往上延伸 第二点 macd日线继续延伸红柱没有减弱 同时周线macd再次形成金叉 同时都在0轴之上 多方占优 其三第四季度通常是白酒的旺季 明日的看点是在下午是否决定性走强 把周线的上影线缩减 更看好
一切都要讲究配合，大阳之后没能高举高打就要想着减仓或卖出，今天走势很不理想！明天,"https://guba.eastmoney.com/news,600197,592115252.html",2017-01-19 16:49:26,一切都要讲究配合，大阳之后没能高举高打就要想着减仓或卖出，今天走势很不理想！明天若阳包阴则持，继续下跌则抛，即使收十字星也要看位置！
突破形态即将启动，伊力特大牛股呼之欲出,"https://guba.eastmoney.com/news,600197,592744850.html",2017-01-21 20:38:36,突破形态即将启动，伊力特大牛股呼之欲出
已开启下跌模式，不要被狗托迷惑了，大家可参考002277之前的走势！,"https://guba.eastmoney.com/news,600197,591919515.html",2017-01-19 10:43:53,已开启下跌模式，不要被狗托迷惑了，大家可参考002277之前的走势！
酒，饮完就买，电视1台看十年，消耗品与耐用品的区别,"https://guba.eastmoney.com/news,600197,592703271.html",2017-01-21 18:21:02,酒，饮完就买，电视1台看十年，消耗品与耐用品的区别
居然还有好多拖喊涨，的确没有只跌不涨的股票，但是那也要看底部在哪，目前是大盘涨它,"https://guba.eastmoney.com/news,600197,592371490.html",2017-01-20 14:24:42,居然还有好多拖喊涨，的确没有只跌不涨的股票，但是那也要看底部在哪，目前是大盘涨它小跌大盘跌它紧跟。个人观点关注为主
快跑！！！！！！,"https://guba.eastmoney.com/news,600197,592288625.html",2017-01-20 10:59:30,快跑！！！！！！
你个垃圾给新疆板块丢脸啦！！！,"https://guba.eastmoney.com/news,600197,592334521.html",2017-01-20 13:27:09,你个垃圾给新疆板块丢脸啦！！！
雪域灵芝——伊力特,"https://guba.eastmoney.com/news,600197,591973392.html",2017-01-19 12:28:49,"想买600519，一直没买上。终于买了600197，其义相同也！

持股成本比较高，但考虑到分红较稳定，于是，心中坦然！"
今天周五，缩量调整，下午急杀就是进场机会！,"https://guba.eastmoney.com/news,600197,592316487.html",2017-01-20 12:43:27,"600197进场，进场！

进场后，等待下周的喜悦收获，等发年底红包！

"
丽江旅游年报预告2016年年报每股业绩0.52元，现在股价才13.80元飙升在即！,"https://guba.eastmoney.com/news,600197,592165196.html",2017-01-19 20:25:06,丽江旅游全流通是名副其实的低价绩优蓝筹股！[不屑]
我昨天就说资金流出需要回调，一票拖继续喊涨，等真快要反弹时就是那些拖不说话的时候,"https://guba.eastmoney.com/news,600197,592292306.html",2017-01-20 11:07:25,我昨天就说资金流出需要回调，一票拖继续喊涨，等真快要反弹时就是那些拖不说话的时候
伊力特的庄家真孬种，大盘在涨你在跌很不像话，,"https://guba.eastmoney.com/news,600197,592280847.html",2017-01-20 10:43:18,杨飞，
真垃圾自选就这一个绿的,"https://guba.eastmoney.com/news,600197,592277976.html",2017-01-20 10:36:53,真垃圾自选就这一个绿的
3044点不会在短期内见到，股指有望依托大的支撑144日线3080点一带震荡上行,"https://guba.eastmoney.com/news,600197,592206726.html",2017-01-20 01:31:50,"3044点不会在短期内见到，股指有望依托大的支撑144日线3080点一带震荡上行，
"
今天明显出货还有人唱多，明天低开低走和今天一样,"https://guba.eastmoney.com/news,600197,592176952.html",2017-01-19 21:28:32,今天明显出货还有人唱多，明天低开低走和今天一样
伊力特今天的下跌，主要是散户抛售和创业板下跌造成的！加上七联阳获利回吐，量萎缩的,"https://guba.eastmoney.com/news,600197,586908191.html",2017-01-10 21:20:02,伊力特今天的下跌，主要是散户抛售和创业板下跌造成的！加上七联阳获利回吐，量萎缩的厉害，量萎缩到200万以下基本上就又见底了.
兴业投资：原油复制前一天走势 连跌进入技术熊,"https://guba.eastmoney.com/news,600197,592144730.html",2017-01-19 18:27:10,我是一滴水，一滴卑微的水珠
赚了一蚊鸡跑了，祝各位好运,"https://guba.eastmoney.com/news,600197,592119864.html",2017-01-19 17:00:14,赚了一蚊鸡跑了，祝各位好运
大单拖底不拉跌的前兆，庄家诱多。拭目以待,"https://guba.eastmoney.com/news,600197,592011351.html",2017-01-19 13:44:19,大单拖底不拉跌的前兆，庄家诱多。拭目以待
明天黑周五，伊力特补下面昨天缺口,"https://guba.eastmoney.com/news,600197,592061866.html",2017-01-19 14:57:36,铁定的了了
伊力特2017年经销商大会胜利召开,"https://guba.eastmoney.com/news,600197,592002052.html",2017-01-19 13:30:27,"2017年1月14日，伊力特实业股份有限公司一年一度经销商年会在雄壮的伊力特厂歌《万世流芳伊力特》中胜利召开，大会紧紧围绕着“聚力前行，共赢未来”为主题，共同回顾了伊力特经济稳步的2016年，展望充满希望的2017年。
大会由伊力特实业股份有限公司副总经理潘巍主持并做2016年度报告，总经理戴志坚致辞，委书记、董事长陈智做了《聚力前行，共赢未来》的重要讲话，他结合当前经济形势及白酒发展趋势，指出伊力特未来五年，公司将紧紧围绕白酒主业做大做强的发展战略。计划成立酒类营销运营中心，弥补营销短板；与大型酒商深度合作，主攻内地市场。有效盘活资产，扩大公司规模；利用上市公司的融资功能，将经销商、投资人以及资本捆绑到一起，形成紧密的战略合作伙伴关系，实现长效的经营机制。坚守标准与质量两条红线，确保伊力特品质稳步提升。不忘初心，真抓实干，不断提高伊力特员工的幸福指数。增长的2016年，展望充满希望的2017年。"
2017年1月14日，伊力特实业股份有限公司一年一度经销商年会在雄壮的伊力特厂歌,"https://guba.eastmoney.com/news,600197,591999996.html",2017-01-19 13:27:11,2017年1月14日，伊力特实业股份有限公司一年一度经销商年会在雄壮的伊力特厂歌《万世流芳伊力特》中胜利召开，大会紧紧围绕着“聚力前行，共赢未来”为主题，共同回顾了伊力特经济稳步增长的2016年，展望充满希望的2017年。大会由伊力特实业股份有限公司副总经理潘巍主持并做2016年度报告，总经理戴志坚致辞，委书记、董事长陈智做了《聚力前行，共赢未来》的重要讲话，他结合当前经济形势及白酒发展趋势，指出伊力特未来五年，公司将紧紧围绕白酒主业做大做强的发展战略。计划成立酒类营销运营中心，弥补营销短板；与大型酒商深度合作，主攻内地市场。有效盘活资产，扩大公司规模；利用上市公司的融资功能，将经销商、投资人以及资本捆绑到一起，形成紧密的战略合作伙伴关系，实现长效的经营机制。坚守标准与质量两条红线，确保伊力特品质稳步提升。不忘初心，真抓实干，不断提高伊力特员工的幸福指数。
昨天都放天量了，而且形成五日上离的局面，今天盈利减仓很正常啊。明天可能会会跌，重,"https://guba.eastmoney.com/news,600197,591948871.html",2017-01-19 11:28:54,昨天都放天量了，而且形成五日上离的局面，今天盈利减仓很正常啊。明天可能会会跌，重踩五日线。
阳线之后不高举高打就要想着减或走！！,"https://guba.eastmoney.com/news,600197,591936559.html",2017-01-19 11:08:47,阳线之后不高举高打就要想着减或走！！
又开始吸资金了，溜了。,"https://guba.eastmoney.com/news,600197,564774514.html",2016-11-03 09:38:33,又开始吸资金了，溜了。今天不太好呀
放量跳空上涨过劲线位，一波拉升趋势确立，必创新搞。,"https://guba.eastmoney.com/news,600197,591717991.html",2017-01-19 02:55:29,放量跳空上涨过劲线位，一波拉升趋势确立，必创新搞。
伊力特澄清：有关公司将定增的报道不准确,"https://guba.eastmoney.com/news,600197,590782400.html",2017-01-18 08:37:26,"来源：中国证券网
　　伊力特18日早间发布澄清公告，称媒体有关公司将进行定向增发的报道表述不准确。
　　公告称，近日，有媒体刊登相关报道，提及“公司将会进行定向增发”等内容。公司组织相关各方对该等媒体报道所涉及问题进行了核实，现澄清：媒体报道的 “伊力特将会进行定向增发”的表述不准确。公司在经销商会议上是有提到“利用上市公司的融资功能，将经销商、投资人以及资本捆绑到一起，形成紧密的战略合作伙伴关系”，但目前不存在以定向增发的方式进行再融资的计划。上述事项存在很大的不确定性。
（来源：中国证券网 2017-01-18 08:36）[点击查看原文]"
明天将是惊天动地的一字涨停板17.89见,"https://guba.eastmoney.com/news,600197,591192613.html",2017-01-18 16:15:57,拜拜
涨吧,"https://guba.eastmoney.com/news,600197,591319560.html",2017-01-18 18:07:45,涨吧
(万科)复盘跌 人气板块护局 指数收阳！,"https://guba.eastmoney.com/news,600197,591178985.html",2017-01-18 15:59:34,网约车合法地位明确 市场规模逾万亿
好多年没送股了，应该表示一下。,"https://guba.eastmoney.com/news,600197,591040353.html",2017-01-18 13:41:16,好多年没送股了，应该表示一下。
拉高出货,"https://guba.eastmoney.com/news,600197,591019226.html",2017-01-18 13:20:29,拉高出货
15，24==》17，00,"https://guba.eastmoney.com/news,600197,587665602.html",2017-01-12 19:59:26,
操盘的，累了就歇歇脚啊,"https://guba.eastmoney.com/news,600197,588502257.html",2017-01-16 12:27:54,
能走的赶紧走，紧跟着将是一波调整,"https://guba.eastmoney.com/news,600197,590939917.html",2017-01-18 11:13:55,能走的赶紧走，紧跟着将是一波调整
小扣柴扉久不开,"https://guba.eastmoney.com/news,600197,590934003.html",2017-01-18 11:06:09,
股吧怎么都没声了？每天像一群小麻雀叽叽喳喳的叫声哪儿去了？,"https://guba.eastmoney.com/news,600197,588470719.html",2017-01-16 11:15:32,[不屑]
拉高出货，快跑！！！,"https://guba.eastmoney.com/news,600197,590855603.html",2017-01-18 09:53:30,拉高出货，快跑！！！
垃圾,"https://guba.eastmoney.com/news,600197,590871469.html",2017-01-18 10:07:24,垃圾
197从来没定增过，近期有停牌定增可能性？,"https://guba.eastmoney.com/news,600197,590071333.html",2017-01-17 15:35:49,定增　　定增　　定增
伊力特想成为17年大牛股确实应该提高产品档次。塞外茅台应该走高端路线，现在产品价,"https://guba.eastmoney.com/news,600197,590093744.html",2017-01-17 15:58:54,伊力特想成为17年大牛股确实应该提高产品档次。塞外茅台应该走高端路线，现在产品价格较低
现在23倍市盈率发行，破发不容易了,"https://guba.eastmoney.com/news,600197,588195895.html",2017-01-14 14:11:57,现在23倍市盈率发行，破发不容易了
吉比特是深耕原创精品的游戏研运龙头，千元不是梦！,"https://guba.eastmoney.com/news,600197,585711718.html",2017-01-06 09:25:44,"吉比特是深耕原创精品的游戏研运龙头，千元不是梦！：吉比特成立于2004年，坚持制作原创精品网游，成功研发出《问道》、《斗仙》等多款立足于中华传统文化的客户端游戏。2011年公司设立雷霆游戏运营平台，专注于网络游戏的研发、

　　推广和运营。截至2016年9月末，公司游戏累计注册用户数量超过4亿，累计付费用户超过2,300万，累计充值金额超过84亿元，积累了丰富的游戏研发经验和庞大的用户群体。

　　业绩亮眼，手游成就新增长点：2016年1-9月实现了9.2亿元收入、4.615亿元归母净利润，分别同比增长300.55%、235.67%，其中由端游《问道》改编的移动游戏《问道手游》成为公司业绩增长的主要动力。《问道手游》自2016年4月正式上线运营后，成为公司收入和利润的主要来源，占2016年1-6月收入和毛利的比重分别为71.39%、71.05%。截至2016年9月30日，《问道手游》累计注册用户约1,200万，累计付费用户约290万，月度PCU最高突破50万，累计充值金额超过12亿元。《问道手游》在苹果APPStore畅销游戏类长期占据TOP20.

　　预计上市后借助资本市场继续进行生态布局：公司过去属于一款精品游戏打天下的状态，《问道》铸造了公司的传奇，《问道手游》再次延续了传奇。

　　自2016年开始，公司积极进行游戏生态布局，目前已经投资了超过10家游戏周边公司，预计未来上市后还将加大生态布局。

　　投资建议：公司是难得的研发龙头企业，实现了端游IP成功的手游化改编，并且积极进行游戏相关产业的投资布局，预计公司16-18年净利润为5.01、6.04、7.31亿，EPS为7.03、8.48、10.27元，对应的PE为12.2、10.1、8.3倍，首次覆盖给予“推荐”评级。"
伊力特伊力特17年特别牛？,"https://guba.eastmoney.com/news,600197,590224123.html",2017-01-17 19:25:01,伊力特伊力特伊力特伊力特
已不是去年的万科A了，没有那么大的影响力和标杆作用！,"https://guba.eastmoney.com/news,600197,590164867.html",2017-01-17 18:11:46,"已不是去年的万科A了，没有那么大的影响力和标杆作用！
"
一看就是还要跌，呵呵,"https://guba.eastmoney.com/news,600197,588554819.html",2017-01-16 14:13:56,
买在塔尖上的来和我一起报道,"https://guba.eastmoney.com/news,600197,563114283.html",2016-10-28 10:20:18,买在塔尖上的来和我一起报道
卖得早了,"https://guba.eastmoney.com/news,600197,589742793.html",2017-01-17 10:20:06,艹啊，要不要再追
伊力特周线太漂亮了！,"https://guba.eastmoney.com/news,600197,587695657.html",2017-01-12 21:56:38,伊力特　　伊力特　　　伊力特
尾蒡啦,"https://guba.eastmoney.com/news,600197,588559658.html",2017-01-16 14:19:20,尾蒡啦
跑,"https://guba.eastmoney.com/news,600197,588550822.html",2017-01-16 14:09:23,快跑
历史又迎新起点，金锅铁底潜龙升！,"https://guba.eastmoney.com/news,600197,588532776.html",2017-01-16 13:39:58,太可怕了，这股价值这么高！
[心碎]准备拉了,"https://guba.eastmoney.com/news,600197,588527784.html",2017-01-16 13:31:25,[心碎]准备拉了
干，一个字,"https://guba.eastmoney.com/news,600197,588414079.html",2017-01-16 09:50:22,干，一个字
还是现金申购好。这样起码冻结的资金不会缩水，何况现在中签率比以前更低了,"https://guba.eastmoney.com/news,600197,588189847.html",2017-01-14 13:29:53,还是现金申购好。这样起码冻结的资金不会缩水，何况现在中签率比以前更低了
什么数据都比同行青青稞酒高，股价却比人家低3块左右每股为什么？为什么？为什么？请,"https://guba.eastmoney.com/news,600197,563269171.html",2016-10-28 17:05:28,什么数据都比同行青青稞酒高，股价却比人家低3块左右每股为什么？为什么？为什么？请老股民解释一下！我觉得此股潜力股！对吗？
