标题,链接,发布时间,内容
虽然只有他一点票票 是否也该逃掉？,"https://guba.eastmoney.com/news,600250,618950554.html",2017-03-20 13:35:15,虽然只有他一点票票 是否也该逃掉？
根大阳线，唱空的就没了，这就是散户,"https://guba.eastmoney.com/news,600250,618948608.html",2017-03-20 13:31:30,根大阳线，唱空的就没了，这就是散户
最高检：今年严惩“老鼠仓”等证券期货领域犯罪,"https://guba.eastmoney.com/news,600250,618889613.html",2017-03-20 10:56:32,商务部部长钟山谈中美经贸：贸易战有百害而无一
这他妈啥破股啊没量呢,"https://guba.eastmoney.com/news,600250,618860566.html",2017-03-20 10:07:17,这他妈啥破股啊没量呢
面对6.26%的跌幅,"https://guba.eastmoney.com/news,600250,618806865.html",2017-03-20 05:01:39,今年卖房的上市公司数量达到百余家之多
大家快买要停盘重组了,"https://guba.eastmoney.com/news,600250,618741837.html",2017-03-19 17:43:06,":南纺股份(600250)到底重组不重组，再没有动作，我就离开亲了
03-13 12:55 来自 网站


南纺股份
南纺股份
投资者，您好！公司未来重大事项将视行业及资本市场情况，在符合上市公司利益最大化的前提下，做出相应研究和决策。"
13名责任人为南纺股份造假案埋单,"https://guba.eastmoney.com/news,600250,618568413.html",2017-03-18 12:58:28,"对于南纺股份造假案的处罚还在继续，昨日，证监会公开的最新市场禁入决定书显示，南纺股份原董事长单晓钟被判定为证券市场终身禁入者，另两位原任高管丁杰、刘盛宁也被禁入，与此同时，13名责任人为南纺股份造假案埋单。

　　这起持续时间长达5年，涉及金额高达3.44亿元的财务造假浮出水面，证监会的市场禁入决定书显示，南纺股份于2006年、2007年、2008年、2009年和2010年，分别虚构利润3109.15万元、4223.33万元、15199.83万元、6053.18万元和5864.12万元，占其披露利润的127.39%、151.22%、962.40%、382.43%和5590.73%。扣除虚构的利润，公司上述年份利润分别为-668.65万元、-1430.59万元、-13620.47万元、-4470.40万元和-5969.01万元。2006年至2010年，南纺股份累计虚增利润高达3.44亿元。

　　由于造假时间长、牵扯数额巨大，市场上把南纺股份称为“国企上市公司近十年造假第一股”，证监会决定，分别给予南纺股份和前董事长兼总经理单晓钟、前董事兼副总经理兼财务总监丁杰、前副总经理刘盛宁等12名责任人警告以及50万元至3万元不等的罚款。胡海鸽、周发亮等5人因已过行政处罚时效，不再行政处罚。

　　同时，证监会认定单晓钟为证券市场禁入者，终身不得从事证券业务或者担任上市公司董事、监事、高级管理人员职务；丁杰、刘盛宁也被认定为证券市场禁入者，10年内不得从事证券业务或者担任上市公司董事、监事、高级管理人员职务。"
又有19名股民向南纺股份索赔,"https://guba.eastmoney.com/news,600250,618567978.html",2017-03-18 12:55:26,"南纺股份昨日盘后公告，公司同日收到收到南京市中院送达的《应诉通知书》，因证券虚假陈述责任纠纷，19名股民向公司提起民事诉讼。
　　公告指出，2014年5月，公司收到证监会下发的《行政处罚决定书》，认定南纺股份在2006年至2010年期间存在虚构利润的证券违法行为。截至目前，公司共收到111起证券虚假陈述股民索赔案件，涉案金额共计约1748万元，案件均由南京市中院受理。公司于今年2月18日披露了前期85起股民索赔案件情况，涉案金额共计约1464万元。2月18日至今，公司新增26起股民索赔案件，涉案金额共计约284万元。截至目前，上述111起股民索赔案件中，72起已结案，20起已开庭审理，19起尚未开庭审理。
　　公告称，公司根据股民索赔诉讼受理情况及实际赔付情况滚动计提预计负债并列入营业外支出。根据诉讼目前进展情况，经公司财务测算，将补提预计负债并增加营业外支出约220万元。"
不是你的，不要挽留不真心想要的，不要将就。,"https://guba.eastmoney.com/news,600250,618271695.html",2017-03-17 13:35:07,不是你的，不要挽留不真心想要的，不要将就。
三亚加码楼市调控：第三套房及以上商业贷款停贷,"https://guba.eastmoney.com/news,600250,618509741.html",2017-03-18 06:21:34,上市公司资本“运作术”：财务数据造假 高溢价
国内钢价大幅下跌,"https://guba.eastmoney.com/news,600250,618446953.html",2017-03-17 21:45:00,道达投资手记：重要时间窗口将来临
下周走势其实已经很明朗下周走势其实已经很明朗,"https://guba.eastmoney.com/news,600250,618424043.html",2017-03-17 20:21:47,下周走势其实已经很明朗
因此筑底的行情将不会持续太久,"https://guba.eastmoney.com/news,600250,618420626.html",2017-03-17 20:09:09,给投资者跟风
最高检：2017将严惩“老鼠仓”等证券期货领域犯,"https://guba.eastmoney.com/news,600250,618394645.html",2017-03-17 18:21:06,险资新动向：新进10股 增持12股
USDA报告利空 豆粕延续弱势,"https://guba.eastmoney.com/news,600250,618387748.html",2017-03-17 17:52:36,遭遇九连阴 央行超级周黄金能否杀出重围？
政策影响 5000亿元资金或将逐步撤退,"https://guba.eastmoney.com/news,600250,618382634.html",2017-03-17 17:35:53,9月大盘究竟怎么走？这篇文章说清楚了！
开板新股和高送转概念股受机构追捧,"https://guba.eastmoney.com/news,600250,618348261.html",2017-03-17 15:52:30,证券法二审稿修改在即！四大内容达成共识 还有
管理层定调： 1，当前的监管要作重点是惩治； 2，反对炒作垃圾股，提倡科技绩优股,"https://guba.eastmoney.com/news,600250,617872831.html",2017-03-16 13:46:11,"管理层定调：
1，当前的监管要作重点是惩治；
2，反对炒作垃圾股，提倡科技绩优股；
3，不希望大盘暴涨暴跌，在平稳中小幅上涨。
今年你能炒作什么？
1，抛弃垃圾股，不要寄托垃圾上天的重组；
2，抛弃没有庄家的个股，特别是大盘股；
3，在新股中寻找有价值的个股炒作，这是今年的主要方向；什么国企改革？什么混改？尽量不要参与！"
明天要是再来一根两个点的阴线,"https://guba.eastmoney.com/news,600250,618269797.html",2017-03-17 13:32:39,明天要是再来一根两个点的阴线
亏钱的黔电，一直都在骂赚钱的团队。到底是谁有,"https://guba.eastmoney.com/news,600250,618272845.html",2017-03-17 13:36:42,亏钱的黔电，一直都在骂赚钱的团队。到底是谁有
现推荐600152.明日大涨，到时验证,"https://guba.eastmoney.com/news,600250,618271085.html",2017-03-17 13:33:58,现推荐600152.明日大涨，到时验证
阴损主力出不完的货，买这个股票耽误行情啊,"https://guba.eastmoney.com/news,600250,618270687.html",2017-03-17 13:33:43,阴损主力出不完的货，买这个股票耽误行情啊
高位5根缩量月阴线都吃不掉一根月阳线。元芳已,"https://guba.eastmoney.com/news,600250,618270443.html",2017-03-17 13:32:45,高位5根缩量月阴线都吃不掉一根月阳线。元芳已
道达投资手记：重要时间窗口将来临,"https://guba.eastmoney.com/news,600250,618269436.html",2017-03-17 13:31:34,道达投资手记：重要时间窗口将来临
整个创业板全天成交额3624万，而次新股板块成交,"https://guba.eastmoney.com/news,600250,618269092.html",2017-03-17 13:30:19,整个创业板全天成交额3624万，而次新股板块成交
黄金开启反转模式，龙头：中金黄金,"https://guba.eastmoney.com/news,600250,618255890.html",2017-03-17 13:04:54,治理之风尚未在新股领域产生任何作用！！！
为什么大股东都争相减持，为什么？,"https://guba.eastmoney.com/news,600250,583363141.html",2016-12-28 10:53:14,为什么大股东都争相减持，为什么？
到成本价了。 出了算了,"https://guba.eastmoney.com/news,600250,618200147.html",2017-03-17 10:45:34,到成本价了。 出了算了
继续加仓,"https://guba.eastmoney.com/news,600250,618175403.html",2017-03-17 10:07:50,继续加仓
对于中国联通,"https://guba.eastmoney.com/news,600250,617644765.html",2017-03-15 21:29:52,结合以往的一些走势
道达投资手记：重要时间窗口将来临,"https://guba.eastmoney.com/news,600250,618107207.html",2017-03-17 03:50:58,开板新股和高送转概念股受机构追捧
周期股走弱 中小创或存补涨机会,"https://guba.eastmoney.com/news,600250,618100960.html",2017-03-17 02:19:49,美联储加息概率接近100% 市场静待“变量红利”
明天要是再来一根两个点的阴线,"https://guba.eastmoney.com/news,600250,615348871.html",2017-03-08 21:19:46,我是不是还要减仓。
从被拦截到排队发声 部长通道再创新纪录,"https://guba.eastmoney.com/news,600250,617982306.html",2017-03-16 17:46:04,创业板企业代表委员：创新需要资本支持
基金销售逢低潮 委外“承包”生变局,"https://guba.eastmoney.com/news,600250,617960703.html",2017-03-16 16:42:14,酒类电商双寡头渐成
这个连大盘都跑不赢的节奏,"https://guba.eastmoney.com/news,600250,617938144.html",2017-03-16 15:40:41,[不说了]
又不能,"https://guba.eastmoney.com/news,600250,617922808.html",2017-03-16 15:04:05,非常干脆
目前的走势就像爹不亲娘不爱，没资金关注边缘化南京国改股垃圾中250战斗机,"https://guba.eastmoney.com/news,600250,617744782.html",2017-03-16 09:29:42,目前的走势就像爹不亲娘不爱，没资金关注边缘化南京国改股垃圾中250战斗机
主力那去了，好象大盘走势与南纺无关，只能说明重组节点还没到，主力在等，但有一点下,"https://guba.eastmoney.com/news,600250,617836698.html",2017-03-16 12:16:37,主力那去了，好象大盘走势与南纺无关，只能说明重组节点还没到，主力在等，但有一点下跌空间有限。
建议你跌到11,"https://guba.eastmoney.com/news,600250,617523514.html",2017-03-15 15:13:56,建议你跌到11
20个点晃悠吧！爱玩就玩,"https://guba.eastmoney.com/news,600250,617629790.html",2017-03-15 20:45:01,我在上大学的时候，别人都是一个月拿一次生活费
大象独舞是今天市场全天盘面最为奇葩和阴冷的一幕,"https://guba.eastmoney.com/news,600250,617644440.html",2017-03-15 21:28:46,同时文中涉及的股票只作参考不作推荐
主力你还想跌到啥时候,"https://guba.eastmoney.com/news,600250,617523262.html",2017-03-15 15:13:23,主力你还想跌到啥时候
南纺股份红衣大咖周鸿祎,"https://guba.eastmoney.com/news,600250,617485502.html",2017-03-15 14:10:57,南纺股份红衣大咖周鸿祎
阴损主力出不完的货，买这个股票耽误行情啊,"https://guba.eastmoney.com/news,600250,617466398.html",2017-03-15 13:39:35,今天买的，明天88
中国证监会主席怒斥野蛮人收购,"https://guba.eastmoney.com/news,600250,617340828.html",2017-03-15 09:10:20,基本上可以把今年上半年的亏损抹平
不是你的，不要挽留不真心想要的，不要将就。,"https://guba.eastmoney.com/news,600250,617340503.html",2017-03-15 09:09:03,"不是你的，不要挽留；
不真心想要的，不要将就。
若人走情凉，就守心自暖。
若聚散难挽，便独享浮世清欢"
虽然涨停股看起来较多,"https://guba.eastmoney.com/news,600250,617300170.html",2017-03-15 03:04:22,石化双雄显得相当霸气
出售空闲的或投资性的非生产性房产,"https://guba.eastmoney.com/news,600250,617295618.html",2017-03-15 02:13:15,也是为了避免上市公司将高送转拿来做人情
国务院国资委副主任黄丹华赴江苏调研,"https://guba.eastmoney.com/news,600250,617202501.html",2017-03-14 19:29:01,【国务院国资委副主任黄丹华赴江苏调研】3月13日，国务院国资委黄丹华副主任一行在南京召开调研座谈会。黄丹华此次调研的企业中，南京新工集团控股的上市公司最多，分别为南京医药、金陵药业、南京化纤、南纺股份。另外，盐业集团控股井神股份，索普集团控股江苏索普。
小阴小阴，挺进大阳！,"https://guba.eastmoney.com/news,600250,617136617.html",2017-03-14 15:51:47,小阴小阴，挺进大阳！
走势不错，量能继续放大最好,"https://guba.eastmoney.com/news,600250,617196080.html",2017-03-14 19:07:11,反弹信号显现 积极把握题材股补涨机会
北京股友也不见了，空头哪去了？反而让人不安,"https://guba.eastmoney.com/news,600250,616394757.html",2017-03-12 03:50:06,北京股友也不见了，空头哪去了？反而让人不安
向南纺股份这种连续5年造假王，长期不回报投资者僵尸企业,"https://guba.eastmoney.com/news,600250,616929956.html",2017-03-14 07:26:52,"分红年度 ｜分红方案 ｜ 每股收益(元) ｜

｜ 2016-06-30 ｜是否分配:不分配 ｜ -0.0600｜
｜ ｜进展说明:决案 ｜ ｜

｜ 2015-12-31 ｜是否分配:不分配 ｜ -0.1700｜
｜ ｜进展说明:决案 ｜ ｜
｜ ｜预案公布日:2016-04-27 ｜ ｜
｜ ｜股东大会审议日:2016-06-27 ｜ ｜
｜ ｜股东大会决议公告日:2016-06-28 ｜ ｜

｜ 2015-06-30 ｜是否分配:不分配 ｜ -0.3800｜
｜ ｜进展说明:决案 ｜ ｜

｜ 2014-12-31 ｜是否分配:不分配 ｜ 0.0600｜
｜ ｜进展说明:决案 ｜ ｜
｜ ｜预案公布日:2015-04-11 ｜ ｜
｜ ｜股东大会审议日:2015-06-29 ｜ ｜
｜ ｜股东大会决议公告日:2015-06-30 ｜ ｜

｜ 2014-06-30 ｜是否分配:不分配 ｜ -0.2400｜
｜ ｜进展说明:决案 ｜ ｜

｜ 2013-12-31 ｜是否分配:不分配 ｜ 0.4600｜
｜ ｜进展说明:决案 ｜ ｜
｜ ｜预案公布日:2014-04-26 ｜ ｜
｜ ｜股东大会审议日:2014-06-27 ｜ ｜
｜ ｜股东大会决议公告日:2014-06-28 ｜ ｜

｜ 2013-06-30 ｜是否分配:不分配 ｜ -0.2712｜
｜ ｜进展说明:决案 ｜ ｜

｜ 2012-12-31 ｜是否分配:不分配 ｜ 0.0677｜
｜ ｜进展说明:决案 ｜ ｜
｜ ｜预案公布日:2013-04-23 ｜ ｜
｜ ｜股东大会审议日:2013-06-28 ｜ ｜
｜ ｜股东大会决议公告日:2013-06-29 ｜ ｜

｜ 2012-06-30 ｜是否分配:不分配 ｜ -0.1935｜
｜ ｜进展说明:决案 ｜ ｜

｜ 2011-12-31 ｜是否分配:不分配 ｜ -0.4373｜
｜ ｜进展说明:决案 ｜ ｜
｜ ｜预案公布日:2012-04-28 ｜ ｜
｜ ｜股东大会审议日:2012-06-29 ｜ ｜
｜ ｜股东大会决议公告日:2012-06-30 ｜ ｜

｜ 2011-06-30 ｜是否分配:不分配 ｜ 0.0190｜
｜ ｜进展说明:决案 ｜ ｜

｜ 2010-12-31 ｜进展说明:实施 ｜ -0.2393｜
｜ ｜10派0.1元(含税) ｜ ｜
｜ ｜股权登记日:2011-07-08 ｜ ｜
｜ ｜预案公布日:2011-04-29 ｜ ｜
｜ ｜股东大会审议日:2011-05-30 ｜ ｜
｜ ｜股东大会决议公告日:2011-05-31 ｜ ｜
｜ ｜实施公告日:2011-07-05 ｜ ｜
｜ ｜除权除息日:2011-07-11 ｜ ｜
｜ ｜红利发放日:2011-07-15 ｜ ｜

｜ 2010-06-30 ｜是否分配:不分配 ｜ 0.0250｜
｜ ｜进展说明:决案
展开阅读全文"
第二大股东长期监督不力不作为，才使南纺股份成为僵尸企业，,"https://guba.eastmoney.com/news,600250,616939717.html",2017-03-14 08:33:06,"截至日期：2016-09-30 十大流通股东情况 A股户数:14527 户均流通股:17808
累计持有:13282.54万股,累计占流通股比例:51.34%,较上期变化:266.55万股↑
股东名称 (单位:万股) 持股数 占流通股比(%) 股东性质 增减情况

南京商贸旅游发展集团有 9051.66 34.99 A股 公司 未变
限责任公司
中国证券投资者保护基金 1860.93 7.19 A股 公司 未变
有限责任公司
南京斯亚集团有限公司 468.40 1.81 A股 公司 未变
胡志剑 461.89 1.79 A股 个人 ↑112.83
南京商厦股份有限公司 419.20 1.62 A股 公司 未变
胡志炜 260.38 1.01 A股 个人 ↑115.37
国信证券股份有限公司 227.90 0.88 A股 证券公司 未变
贵州汇新科技发展有限公 194.41 0.75 A股 公司 未变
司
潘文雄 171.98 0.66 A股 个人 新进
胡昇平 165.80 0.64 A股 个人 未变
"
南纺股份懂秘，我讲个笑话是个故事南纺股份公司你不要对号入作呀,"https://guba.eastmoney.com/news,600250,616227915.html",2017-03-11 07:47:40,南纺股份公司你不要对号入作呀；以前有个上市公司因为信息披露违规被处法，上市公司怕被套牢的投资者提起民事诉讼索赔，就放一个公司正在重组的利好消息，推高股价解套前期股民，然后过几个月在说重组失败，这是前期投资者因为已经解套就不告上市公司了，现在高位套牢的投资者因为不属于信息披露违规被处法期间买入的没有起民事诉讼索赔权力，牛吧高吧，上市公司出个似真似假利好消息就化解了上亿元民事诉讼索赔钱，这个事，是个故事南纺股份公司你不要对号入作呀
主席说的僵尸企业南纺股份5年造假王，长期不回报投资者僵尸企业,"https://guba.eastmoney.com/news,600250,616936686.html",2017-03-14 08:15:09,主席说的僵尸企业南纺股份5年造假王，长期不回报投资者僵尸企业
南纺股份5年造假王，长期不回报投资者僵尸企业,"https://guba.eastmoney.com/news,600250,616930699.html",2017-03-14 07:32:36,僵尸企业
今日沪指收了一根小阳线,"https://guba.eastmoney.com/news,600250,616923300.html",2017-03-14 06:17:57,指数在周四最终也是以下跌的方式收盘
保监会要求险资做友好投资人,"https://guba.eastmoney.com/news,600250,616861201.html",2017-03-13 22:02:33,所以通过卖房可以把业绩装扮得漂亮一些
庄啊，出货啊,"https://guba.eastmoney.com/news,600250,616635989.html",2017-03-13 11:21:14,想套人？
进入假下跌通道然后停牌？,"https://guba.eastmoney.com/news,600250,616794216.html",2017-03-13 18:00:36,进入假下跌通道然后停牌？
分红实实在在，分红季就是高送转,"https://guba.eastmoney.com/news,600250,616488010.html",2017-03-12 19:42:17,"耕耘一年只有高送转分红实实在在，分红季就是高送转，性价比越高越好,不看噱头一定要看实实在在的态度，低价高送转不是酸葡萄，你也可以的，找大股东不断增持的放心票逢低吸纳

凯迪生态（000939）
凯迪生态（000939）,2016年净利润同比增长0.37%-23.78%
　　2016年度利润分配预案的主要内容：公司拟以2016年12月31日的总股本向全体股东每10股送转增20股 ,更重要的是大股东在公布方案后没有减持计划，反而不断增仓彰显对公司未来发展充满信心！"
炒股要紧跟政策走，目前的政策就是大力发新股，严控和打击借壳重组股,"https://guba.eastmoney.com/news,600250,616689461.html",2017-03-13 13:50:00,为什么走弱，为什么不正钱，反思一下，多问问自己，政策都不让干的事，能涨吗，刘士余任内基调一定
只有退市后直接破产。,"https://guba.eastmoney.com/news,600250,616514107.html",2017-03-12 22:56:35,只有退市后直接破产。
不用化一分钱，出个利好消息，当年南纺股份为什要同南纺证卷重组，,"https://guba.eastmoney.com/news,600250,616225538.html",2017-03-11 07:29:30,一是市场影响大。重组信息披露后，南纺股份股价连续多个交易日涨停，涨幅超过200%。不用化一分钱，出个利好消息股价大涨，这可以让听了南纺股份财务作假投资者解套，不用提起民事诉讼，公告指出，2014年5月，公司收到证监会下发的《行政处罚决定书》，认定南纺股份在2006年至2010年期间存在虚构利润的证券违法行为。截至目前，公司共收到111起证券虚假陈述股民索赔案件，涉案金额共计约1748万元，案件均由南京市中院受理。公司于今年2月18日披露了前期85起股民索赔案件情况，涉案金额共计约1464万元。2月18日至今，公司新增26起股民索赔案件，涉案金额共计约284万元。截至目前，上述111起股民索赔案件中，72起已结案，20起已开庭审理，19起尚未开庭审理。高手
注意：英语教师008是个托，大家小心,"https://guba.eastmoney.com/news,600250,616485572.html",2017-03-12 19:22:58,他说南京市国资委可以注入301、601007，连南化是谁都不知道，还来炒股——301，ST南化，是南宁化工，不是南京化工；601007，金陵饭店，是江苏省国资委控股，不是南京市国资委控股。他天天在股吧里叫，你真是托一个！！
这么大的盘净玩过家家，丢人,"https://guba.eastmoney.com/news,600250,616513829.html",2017-03-12 22:54:30,这么大的盘净玩过家家，丢人
感觉有点量了，开心的时候准备来吧！,"https://guba.eastmoney.com/news,600250,616514425.html",2017-03-12 22:58:31,感觉有点量了，开心的时候准备来吧！
第四次满仓抄底机会来了,"https://guba.eastmoney.com/news,600250,616514273.html",2017-03-12 22:57:39,第四次满仓抄底机会来了
给服友兄弟满意冲长阳收,"https://guba.eastmoney.com/news,600250,616513558.html",2017-03-12 22:52:24,给服友兄弟满意冲长阳收
再不抢就完了，老子全进去了,"https://guba.eastmoney.com/news,600250,616513367.html",2017-03-12 22:50:56,再不抢就完了，老子全进去了
赶紧卖，我从早上卖到现在16800股,"https://guba.eastmoney.com/news,600250,616513121.html",2017-03-12 22:49:10,赶紧卖，我从早上卖到现在16800股
海纳百川，有容乃大。,"https://guba.eastmoney.com/news,600250,616512994.html",2017-03-12 22:48:09,海纳百川，有容乃大。
窄幅震荡 机构无心参与,"https://guba.eastmoney.com/news,600250,616490777.html",2017-03-12 20:05:25,基本是不赚指 数也不赚钱。建议：两 会 结 束 前，秉承现金为王的防守策略。
集团南纺股份红衣大咖周鸿祎的蜕变,"https://guba.eastmoney.com/news,600250,616453209.html",2017-03-12 15:22:06,集团南纺股份
如果前次募资使用效率差,"https://guba.eastmoney.com/news,600250,616379348.html",2017-03-12 00:18:09,一些IPO企业试图上市后马上进行再融资
格力电器会成为,"https://guba.eastmoney.com/news,600250,616359289.html",2017-03-11 21:37:09,深港通运营态势总体平稳的位置
解读证监会并购重组新规，重拳打击借壳保壳，南纺股份,"https://guba.eastmoney.com/news,600250,614800641.html",2017-03-07 13:59:59,"1、明确了认定期限为60个月，不能算限制，是进步。

2、增加了营业收入、净利润、净资产、发股数量及改变业务等指标，基本框死了，只要从新的实际控制人手里买资产，大概率构成借壳

3、取消借壳配套资金，使得不少中介丢了发财之道，很多中介帮着借壳方找壳就是冲着配套融资去的

4、增加锁定期，使得卖壳方成本大大增加，重组前卖老股或许也是不错的选择

5、没有对市场上控制权变更、并且从第三方买资产改变主营业务的行为进行调整

6.还有不改变实际控制人，重组方作为二股东进行重组，但实际上双方有约定或实际控制人重组前已经准备重组后卖股票从而实现控制人变更的类借壳，这个没有限制，只是在实际操作中仔细区分

1-4是新规限制；5-6是仍然有的漏洞

7、总体来说规避借壳难度大多了，一次性卖控制权的估计会多起来。从问题的本源来看，如果不放开IPO，壳资源价值仍然一致存在，借壳保壳只会变换花样；所以从IPO制度性层面改革是疏通之道；

8、净资产和净利润是大杀器，构成借壳的标准95%落到这个坑里

9、最后笔者认为应该加一条，上市公司购买资产构成重大资产重组的，且标的控股股东及其一致行动人持有股票达到20%以上的，上市公司实际控制人增加锁定24个月，这样就限制很多类借壳了

10、“上市公司及其控股股东、实际控制人不存在因涉嫌犯罪正被司法机关立案侦查或涉嫌违法违规被中国证监会立案调查的情形，或者涉嫌犯罪或违法违规的行为终止已满36个月；上市公司及其控股股东、实际控制人最近12个月内未受到证券交易所公开谴责，不存在其他重大失信行为”这条可能为不少壳公司判了死缓"
继绩优地产、银行、举牌概念后，绩优证券股必将,"https://guba.eastmoney.com/news,600250,616290657.html",2017-03-11 13:49:02,谷歌或于明年公布全球最强大量子计算机（附股）
南纺赔偿仅1900万99%股民不作为,"https://guba.eastmoney.com/news,600250,616238946.html",2017-03-11 09:11:07,"2014年5月16日晚间，南纺股份发布《关于收到中国证监会行政处罚决定书的公告》，称于 2014 年 5 月 15 日收到中国证监会下发的〔2014〕42 号《行政处罚决定书》。处罚书中证监会认定南纺股份2006年虚构利润3109.15万元、2007年虚构利润4223.33万元、2008年虚构利润15199.83万元、2009年虚构利润6053.18万元、2010年虚构利润5864.12万元。
　　《投资快报》记者粗略统计，该公司从2006年开始，连续五年虚增利润总额超过3.4亿元。公开资料显示，南纺股份上市于2001年，至2010年也仅仅上市九年时间，但虚假陈述历史却长达五年。也就是说，截至2010年，该公司有超过一半的时间在“打肿脸充胖子”。
　　维权投资者寥寥无几
　　虽然处罚公开之后，陆续有投资者发起索赔，但从南纺股份相关信披来看，投资者发起索赔的人数规模和标的规模总体上并不大。“2012年南纺股份一季报显示有一万六多个股东，我们判断大概有一万六千股东是符合南纺股份虚假陈述索赔案件的，但从目前南纺公告来看，实际仅有0.5%左右的投资者发起了索赔。”此次投资者索赔系列案件代理律师之一上海市华荣律师事务所许峰律师称，其在五一之后还会再次提交几位南纺股份投资者的索赔案件立案，但该律师也估计，“人数不会太多了，很多人不知道，有部分知道的投资者嫌麻烦放弃了。”
　　为什么南纺股份投资者不提起索赔？许峰律师分析，主要是早年买入南纺股份股票的投资者不知道可以索赔的消息，存在严重的信息不对称问题，再者部分知道的投资者因为怕麻烦，同时对于索赔存在误解等因素了，放弃了索赔。
　　还剩最后索赔机会
　　前述律师提示，实际今年3月已经出现了投资者获得索赔胜诉的判决，如果后续其他投资者提起索赔，胜诉概率极高，同时对于索赔费用的误解问题，律师称，投资者如果不获赔，并不会产生任何费用，但有时候投资者不会相信有这等好事，所以白白浪费了索赔机会。
　　许峰律师认为，如果投资者在2007年3月31日到2012年3月27日之间买入南纺股份(600250)股票，并且在2012年3月27日之后卖出或继续持有股票，在5月17日诉讼时效届满前仍可提起索赔，此后超过诉讼时效，投资者将不再有获赔机会。"
澄清公告南纺股份,"https://guba.eastmoney.com/news,600250,616224372.html",2017-03-11 07:18:08,讽刺的是，九好集团前不久才被浙江省企业信用促进会考核认定为“浙江省信用管理示范企业”，有效期三年……
南纺股份懂秘工作态度真,"https://guba.eastmoney.com/news,600250,616223052.html",2017-03-11 07:04:02,懂秘工作态度真懂秘工作态度真好职业素质高，股东提问积极回答，给予表扬.公司很多年都没有送股了，希望能回报长期持有支持公司发展的股东，今年送一股两股吧，谢谢
说重组的是不是忽悠人啊，看着不像,"https://guba.eastmoney.com/news,600250,616048500.html",2017-03-10 15:10:18,我觉得可能要大跌
甚至成为一种幕后交易的工具,"https://guba.eastmoney.com/news,600250,616131515.html",2017-03-10 19:35:10,甚至不排除成为一种违法违规行为
下周做好挨套的准备，,"https://guba.eastmoney.com/news,600250,616081088.html",2017-03-10 16:31:37,希望涨点
现在停牌，刚好赶上下半年的行情。,"https://guba.eastmoney.com/news,600250,616045717.html",2017-03-10 15:05:31,现在停牌，刚好赶上下半年的行情。
太狠毒了，一分也不让涨。,"https://guba.eastmoney.com/news,600250,616025630.html",2017-03-10 14:35:04,太狠毒了，一分也不让涨。
即将停牌,"https://guba.eastmoney.com/news,600250,615994678.html",2017-03-10 13:46:02,即将停牌
股吧里好清静，啊啊,"https://guba.eastmoney.com/news,600250,615993338.html",2017-03-10 13:43:44,股吧里好清静，啊啊
晨光生物：估值目标57元，加速抄底！,"https://guba.eastmoney.com/news,600250,615980416.html",2017-03-10 13:19:47,下周大盘前瞻:自救性护盘仍在 震荡中择机强反抽
定向增发将彻底告别“圈钱时代”,"https://guba.eastmoney.com/news,600250,615827159.html",2017-03-10 04:12:28,一些IPO企业试图上市后马上进行再融资
很牛今天南纺股份很牛大盘跌34点南纺股份还涨,"https://guba.eastmoney.com/news,600250,615535560.html",2017-03-09 11:05:19,大盘跌34点南纺股份还涨
不能让差的公司在市场上‘吸血’”的说法,"https://guba.eastmoney.com/news,600250,615872514.html",2017-03-10 09:31:03,不断融资
南纺股份天天收阴线创新高，要停盘重组了,"https://guba.eastmoney.com/news,600250,615889494.html",2017-03-10 09:58:31,要停盘重组了
又是高开，太坏了[微笑],"https://guba.eastmoney.com/news,600250,615870585.html",2017-03-10 09:26:43,又是高开，太坏了
定增价格通常都是折价发行,"https://guba.eastmoney.com/news,600250,615829998.html",2017-03-10 04:52:35,让优质公司可以得到更多的再融资金额
农林牧渔,"https://guba.eastmoney.com/news,600250,615798955.html",2017-03-09 23:23:04,具体表现在以下四方面
具体包括四个方面,"https://guba.eastmoney.com/news,600250,615789532.html",2017-03-09 22:37:29,上市公司可以推出高送转
600250:南纺股份澄清公告,"https://guba.eastmoney.com/news,600250,615260031.html",2017-03-08 16:11:32,"公告日期：2017-03-09
证券代码：600250 证券简称：南纺股份 编号：2017-002



南京纺织品进出口股份有限公司



澄清公告



本公司董事会及全体董事保证本公告内容不存在任何虚假记载、误导性陈述或者重大遗漏，并对其内容的真实性、准确性和完整性承担个别及连带责任。



一、报道简述



近日，中国证券网等媒体刊发或转载了题为《南京惩戒严重失信企业 南纺



股份在列》的新闻报道，称“南京市政府网站3月6日公布了对国家下发的严重



失信企业（第一批）实施惩戒的通知，其中南纺股份在列”，“信息显示，南纺股份既是证监-失信上市公司，也是高法-失信被执行人企业。根据相关惩戒措施，南京市将对严重失信企业实施惩戒”。



上述报道内容与事实有不符之处，经与南京市政府相关部门及媒体沟通核实，截至公告日，南京市政府网站及中国证券网已撤销相关通知和报道。



二、澄清说明



（一）关于证监-失信情况说明



1、2014年5月15日，公司收到中国证监会下发的《行政处罚决定书》，认



定公司在2006至2010年间存在虚构利润的证券违法行为，并对公司及相关责任



人做出行政处罚决定。



整改情况：公司一方面提升公司治理，加强规范运作，优化内部控制，提高信息披露质量和透明度，并通过多种方式提升公司盈利水平，另一方面积极处理行政处罚引发的股民索赔诉讼，及时赔付，切实维护中小投资者权益。诉讼效期内，公司共收到179起证券虚假陈述股民索赔案件，涉案金额共计约2,523万元，截至2016年末，上述案件已全部结案并赔付完毕。



2、2014年11月4日，公司收到上海证券交易所下发的《关于对南京纺织



品进出口股份有限公司及有关责任人予以通报批评的决定》，因公司对子公司南京建纺实业有限公司拆迁补偿事项未予及时披露，上海证券交易所对公司及有关责任人予以通报批评。



整改情况：公司对上述信披不及时问题高度重视，深入分析事件成因，从强化信息披露意识、加强公司信息管理、完善公司内部控制体系、多措并举加强子公司管控等方面制定了具体整改措施并予以落实。



（二）关于高法-失信情况说明



经查，公司曾因控股子公司大丰市佳事达制衣有限公司与无锡华利源服装设计有限公司之间买卖合同纠纷案被无锡市南长区人民法院列入失信被执行人名单，而公司并非该案件的被执行人，经公司申请，无锡市南长区人民法院已于2017年2月22日将公司从失信被执行人名单中移除。



（三）据南京市公共信用信息中心于2017年3月2日出具的《企业信用审



查报告》（报告编号：NJ-SC20170176），在省市企业信用基础数据库中未发现南纺股份有失信信息。



三、风险提示



公司郑重提醒广大投资者，有关公司信息以公司在上海证券交易所网站



（www.sse.com.cn）和法定信息披露媒体《上海证券报》《中国证券报》上刊登的公告为准。敬请广大投资者理性投资，注意投资风险。



特此公告



南京纺织品进出口股份有限公司董事会



2017年3月9日




[点击查看PDF原文]
提示：本网不保证其真实性和客观性，一切有关该股的有效信息，以交易所的公告为准，敬请投资者注意风险。
展开阅读全文"
就向市场伸手要钱,"https://guba.eastmoney.com/news,600250,615786804.html",2017-03-09 22:26:39,在当天证监会召开的新闻发布会上
创出阶段性新高,"https://guba.eastmoney.com/news,600250,615778458.html",2017-03-09 21:56:30,如000759
暴利个屁，南纺股份这货都重组过两回了，都失败了,"https://guba.eastmoney.com/news,600250,615753055.html",2017-03-09 20:32:05,暴利个屁，南纺股份这货都重组过两回了，都失败了
南京惩戒严重失信企业 南纺股份在列,"https://guba.eastmoney.com/news,600250,614679338.html",2017-03-07 09:51:54,"来源：中国证券网
　　南京市政府网站3月6日公布了对国家下发的严重失信企业(第一批)实施惩戒的通知，其中南纺股份在列，这是名单中的唯一一家上市公司。
　　信息显示，南纺股份既是证监-失信上市公司，也是高法-失信被执行人企业。根据相关惩戒措施，南京市将对严重失信企业实施惩戒，禁止其作为供应商参加政府采购活动，停止执行其享受的优惠政策，或者对其关于优惠政策的申请不予批准，限制取得政府资金等政策支持。在经营业绩考核、综合评价、评优表彰等工作中，限制其获得相关荣誉；撤销其被认定为严重失信企业以后获得的相关荣誉。
　　南纺股份近些年发展一直起起伏伏。2006年到2010年连续五年累计虚增利润3.44亿元，被证监会查处。之后，股民诉讼索赔不断。不过，现公司业绩在逐步好转，预计2016年净利润在1500万至2200万元，同比增长134.41%至150.47%。
（来源：中国证券网 2017-03-07 09:49）[点击查看原文]"
一旦有变，落袋为安,"https://guba.eastmoney.com/news,600250,615739890.html",2017-03-09 19:52:22,一旦有变，落袋为安
市场也在做底部的构筑,"https://guba.eastmoney.com/news,600250,615736140.html",2017-03-09 19:40:45,市场仅有的几只大象在哪里舞蹈
南纺股份借壳上市明天涨停板,"https://guba.eastmoney.com/news,600250,615541226.html",2017-03-09 11:13:46,南纺股份借壳上市南京金控明天涨停板
彪子，一手两手的卖！,"https://guba.eastmoney.com/news,600250,615582585.html",2017-03-09 13:16:49,如题[不屑]
南纺股份涨到100元,"https://guba.eastmoney.com/news,600250,615538415.html",2017-03-09 11:09:35,南纺股份涨到100元
万达私有化概念风云再起 南纺股份新华联等大涨今日，万达私有化概念风云再起。截至发,"https://guba.eastmoney.com/news,600250,615473704.html",2017-03-09 09:37:21,万达私有化概念风云再起 南纺股份新华联等大涨今日，万达私有化概念风云再起。截至发稿，南纺股份涨停，新华联大涨逾8%，皇氏集团涨逾7%。有消息称，根据工商注册信息显示：朗诗集团通过赣州招商致远壹号股权投资管理有限公司参股万达商业。据公司2015年报显示：南纺股份持有朗诗集团23.20%股权。
明天高开希望不低走[献花][献花][献花][献花],"https://guba.eastmoney.com/news,600250,615377535.html",2017-03-08 22:55:41,明天高开希望不低走
集群集团能否借壳南纺,"https://guba.eastmoney.com/news,600250,615145925.html",2017-03-08 11:47:41,"香港经济日报:江苏集群信息集团53亿借壳南纺股份
在中国资本市场,只有想不到的事,没有办不到的事。用这句话验证今年5月发生在南京证券借壳南纺股份的折戟故事上,一点也不过份。
2014年11月18日,对于南纺股份(SH.600250) 股民来说,无疑是个喜庆的日子。之前酝酿已久的南京国资委控股的南京证券借壳南纺股份,这一天起,正式拉开重组的大幕。按照南京市委市政府的要求,南纺股份将现有的纺织、服装、化工、金属等全部资产及负债置出,南京证券以净壳的方式,拟向南纺股份发行约28亿股股份,实现南京证券借壳上市。
然而,令人万万没有想到的是:停牌整整6个月的南纺股份,在今年5月19日复牌的关键时刻,却被公告告知因为重组方南京证券资产评估无法完成,以及面临重组的风险因素,南纺股份重组终止。其实,导致这一重大资产重组终止的根本原因,是南京证券遭遇了中国软件企业50强----江苏集群信息产业集团公司的横刀夺爱!更有江苏省国资委的官员调侃道:半路杀出的程咬金,消灭了南京证券的借壳梦。
一、江苏集群凭什么插足?
江苏集群官网显示:江苏集群信息产业集团公司成立于1998年，是以软件与服务外包及系统集成、网络、通讯电子、高科技投资等为主营业务的大型高科技软件企业。经过10余年高速稳健的发展，公司现已是“国家火炬计划产业化基地”实验单位之一、 “国家高新技术企业”、“计算机系统集成二级资质企业”、“CMMI4级企业” 和“ISO9001/ISO27001标准认证企业”。2009-2014年连续五年名列“中国软件创新十强企业”和 “全国软件业务收入百强企业”。在2014年中国民营企业500强”排名中,其以年营业收入147.3亿元蝉联榜单，位居第276位。被评为国家级软件开发资质企业 。
在软件业务和国际化战略方面,该集团公司以人才引进国际化、合作伙伴国际化、市场业务国际化为战略目标。在努力夯实产业基础的同时，积极开拓海外市场的软件业务。目前已在美国、加拿大、芬兰、日本、新加坡、韩国设立海外分支机构与销售网络，积极引进海外科技领军人才和高素质团队，建立现场（On-site）、近岸（Nearshore）和离岸(Off-shore)研发中心三者结合的全球交付中心（Global Delivery Center）。为国际客户提供包括咨询、实施、开发、测试、支持维护和持续改进的全生命周期服务。按照专业化经营、多元化投资的原则，坚持以研究院、软件学院为人才和技术资源平台，努力发展“5 1”业务格局，即：云计算、物联网、大数据、移动互联、智慧城市及软件和服务外包等核心业务，成长为一个资本实力雄厚、具有核心竞争力和创新能力的国际知名大型高科技企业集团。已与IBM、CITRIX等国际企业建立了紧密的合作伙伴关系。正迅速成长为集协同办公、金融科技、智联科技、云媒体为主营业务的国际一流的综合性高科技企业集团，成为中国信息产业的一面旗帜。
这些“硬件”,无疑成为其插足南京证券借壳的先天优势。而拟借壳南纺股份的南京证券,在整整六个月的资产评估工作中,各个大小股东横加干涉,无理要求漫天要价。有的股东甚至提出了必须保证将南京证券每股发行价在50元以上的无理要求!从而导致六个月重组期毫无进展,白白丧失了重组良机。
二、螳螂捕蝉,黄雀在后,国退民进为江苏集群带来历史机遇。
江苏集群信息产业集团公司一直有进入资本市场的强烈要求。曾多次拟借壳上市。2015年2月,江苏省委副书记、省长李学勇多次提出:要确保国有资产增值的前提下,江苏省国有企业要大胆尝试国退民进,要积极响应国务院关于国有企业体制改革的号召。2月中旬,江苏省国资委召开2014年度总结大会,省国资委主任徐郭平明确强调,要进一步健全江苏省国企国资改革的制度体系,要不拘一格地放开手脚,大胆引进优秀的民营企业入江苏省的国有企业改革发展,大刀阔斧地进行江苏省国有企业混合制改革。可以说,正是这些政策的春风,从心底激发了江苏集群信息产业董事长杨占勇借壳上市的雄心壮志。
为了抓住这一难得的历史性机遇 ,今年3--4月,杨占勇以江苏集群信息产业集团公司的名义,先后六次向江苏省委省政府提出借壳南纺股份的请示。省政府责成国资委深入调研,在确保绝对保密的前提下,省国资委先后三次邀请了投资银行、评估、会计师等机构召开了小范围的研讨会。之后,江苏省国资委基本确定了南京证券和江苏集群信息集团整体借壳南纺股份上市的两套方案。
有消息灵通人士透露:在江苏集群借壳南纺股份的方案中,江苏集群信息产业集团2014年底的总资产为64亿元,净资产为32亿元,2014年经审计的净利润为7.27亿元.如果借壳上市,其江苏集群信息产业集团拟以每股不高于9.9元的价格,向南纺股份发行不超过5.41亿股股份,江苏集群信息产业集团及董事长杨占勇承诺:2015年至2018年,每年净利润不低于7.5亿元;8.5亿元;9.5亿元及11.5亿元。否则,由董事长杨占勇以现金方式补足。即发行成功后,南纺股份总股份由目前的2.5869亿股,增至约为7.9996亿股,2015-2018年四年间,南纺股份每股收益分别为0.93元;1.06元;1.18元;1.43元。
三、杨占勇的附加承诺:由于江苏集群信息产业股份有限公司与施工单位及相关债务人存在三角债务纠纷,致使公司在今年初被人民法院列为失信人名单。目前,相关纠纷均已得到相应解决。在江苏集群信息产业集团公司借壳上市期间及以后四年内,如发生任何遗留诉讼或其他民事纠纷,均由杨占勇承担一切法律责任,与上市公司无关。这一承诺,意在确保上市公司借壳后不留下任何纠纷和或有风险。
展开阅读全文"
贵广网络 最低价小盘次新股 国企改革 低估元,"https://guba.eastmoney.com/news,600250,615221148.html",2017-03-08 14:42:15,看好：出版传媒已拟收购集团资产
万达谋求上市的最佳途径，借壳ST南化。,"https://guba.eastmoney.com/news,600250,615211708.html",2017-03-08 14:25:48,中国股市十大预言：上证综指运行区间点
尾市跌停这个股票阴线多，阳线少，没有机构，市盈侓500倍快卖尾市跌停,"https://guba.eastmoney.com/news,600250,615194968.html",2017-03-08 13:58:27,阳线少，没有机构，市盈侓500倍尾市跌停
k线今天收阴线明天低开，近期没有连收3个阳线的事情,"https://guba.eastmoney.com/news,600250,615190280.html",2017-03-08 13:50:24,近期没有连收3个阳线的事情
30分钟线破位快卖,"https://guba.eastmoney.com/news,600250,615188435.html",2017-03-08 13:46:35,30分钟线破位快卖
造假王南纺股份的罪与罚,"https://guba.eastmoney.com/news,600250,615148176.html",2017-03-08 11:54:52,臧小丽律师：一早看到华夏时报的文章《造假王南纺股份的罪与罚》，南纺股份被评为造假王真是名副其实。文章称南纺股民出现两大阵营，有支持股民索赔也有反对的。此报道客观中立，只是我纳闷的是：对造假公司启动索赔，何错之有？如果律师收费犯法吗？对造假公司能惯着
南纺股份上涨是对新退市制度极大讽刺,"https://guba.eastmoney.com/news,600250,615148380.html",2017-03-08 11:55:25,A股狙击狂：【投行人士：南纺股份上涨是对新退市制度极大讽刺】一位券商投行部门负责人称，这次退市制度改革，并没有对相应ST股造成足够威慑力，特别对南纺股份这种连续五年财务造假(实际亏损)的公司没有什么影响，新制度中并没有能让南纺股份这类典型公司退市的规定，
南京证券借壳南纺股份失败,"https://guba.eastmoney.com/news,600250,615146505.html",2017-03-08 11:49:04,"中国证券网讯 5月15日晚，南纺股份发布了终止重大资产重组公告，这意味着南京证券借壳南纺股份曲线上市失败。
　　公司表示，5月15日接到控股股东商旅集团通知，公司拟发行股份购买南京证券控股股权，并向不超过10名符合条件的特定投资者定向发行股份募集配套资金事宜，鉴于所涉及的交易对象及资产范围较广、程序较为复杂，与相关部门及与交易对方的沟通、协商时间较长，至今未有明确结果。综合考虑本次重大资产重组情况及面临的风险因素，继续推进将面临不确定因素。经审慎考虑，决定终止筹划本次重大资产重组事宜。
　　公司股票自2014年11月19日停牌以来，公司一直积极推进重大资产重组事宜，并于2015年2月17日与包含紫金集团在内的南京证券的5名股东（合计持有南京证券43.38%股权）先行签订了《发行股份购买资产意向协议》。（赵敏）"
南京证券借壳“造假王”南纺股份---退市制度蒙羞,"https://guba.eastmoney.com/news,600250,615143951.html",2017-03-08 11:41:10,"重大资产重组进展公告

本公司董事会及全体董事保证本公告内容不存在任何虚假记载、误导性陈述或者重大遗漏，并对其内容的真实性、准确性和完整性承担个别及连带责任。

南京纺织品进出口股份有限公司（以下简称“南纺股份”或“公司”）于2014年12月3日发布《重大资产重组停牌公告》，因公司正在筹划重大资产重组，公司股票自2014年12月3日起停牌不超过一个月；公司于2014年12月31日发布《重大资产重组继续停牌公告》，公司股票自2015年1月3日起继续停牌不超过一个月。
截至公告日，有关各方正在积极论证本次重大资产重组事项的相关事宜, 推
进重大资产重组所涉及的各项工作。本次重大资产重组可能涉及公司发行股份购买资产并募集配套资金，标的公司拟为南京证券股份有限公司。具体重组方案尚在研究论证中且需取得政府相关部门批准，有关各方尚未签订重组框架或意向协议，中介机构选聘工作正在进一步协商中。
由于该事项存在不确定性，为保证公平信息披露，维护投资者利益，继续停牌期间公司将根据重大资产重组的进展情况，及时履行信息披露义务，每五个交易日发布一次有关事项的进展情况。待相关工作完成后召开董事会审议重大资产重组预案，及时公告并复牌。
特此公告
南京纺织品进出口股份有限公司董事会
2015年1月23日





　　退市新政曾经让投资者对A股市场实行铁腕退市制度充满了期待，然而随着时间的推移，投资者越来越感到退市新政仍是一纸空文。不但造假上市的万福生科没有退市，换个实际控制人就能躲过一劫，而且连续5年业绩造假的南纺股份也退不了市，更逆天的是，居然让南京证券借壳上市，使其摇身一变成为市场最热门的券商股。

　　不难想象，一旦南京证券借壳南纺股份成功上市，将受到市场热烈追捧，股价将一飞冲天！这将再次树立一个乌鸡变凤凰的样板，也将进一步强化市场投机问题股的风气，让退市制度蒙羞！

　　券商借壳上市大门变相重开

　　让人百思不得其解的是，券商借壳上市的大门本已关上，现在却又变相重开了。2006年前后，海通证券、东北证券、长江证券、西南证券、国元证券、国海证券、国金证券、广发证券等纷纷借壳上市，争食牛市盛宴。伴随券商借壳上市热的是市场投机之风盛行，内幕交易层出不穷。当广发证券借壳S延边路过程中曝出巨额内幕交易后，监管部门终于痛下决心关闭券商借壳上市之门，除了已公告过预案的，不再新审核券商借壳上市，券商上市只能走IPO通道。已经公告过首创证券借壳上市预案的S前锋历经8年之久仍未成功，可见监管部门控制之严。

　　然而时间久了，监管部门却逐渐把不住大门了。券商借壳上市的门缝从安信证券借壳同一实际控制人旗下的中纺投资上市被撬开，监管部门并没有明言重新允许券商借壳上市，而是做了技术处理。根据证监会重大资产重组办法的相关政策，同一实际控制人范围内的资产重组，因不会造成上市公司控制人变更，不触发借壳要件，并不构成借壳上市。为规避借壳上市红线，安信证券精心设计，提前布局，通过股权转让，使国投公司成为自己的控股股东，而国投公司也是中纺投资的控股股东。经过如此一番资本运作，当安信证券借壳中纺投资上市时，因为中纺投资的实际控制人不变，因此不构成借壳上市。

　　由于安信证券借壳中纺投资上市绕过了券商借壳上市的禁区，因此引起了市场广泛关注，其中不乏异议之声，但监管部门并没有对此提出异议。效仿者很快接踵而至，越秀金控借壳广州友谊上市方案也高调亮相，越秀金控与广州友谊的实际控制人均为广州市国资委 ，同样也不构成借壳上市，这样越秀金控旗下的广州证券将曲线上市。本月7日中纺投资公告，公司重大资产重组获得证监会并购重组 委无条件审核通过。这标志着券商借壳同一控制人旗下上市公司上市的大门已经完全打开。受此鼓舞，南京证券借壳南纺股份上市的方案也出笼了。南京证券与南纺股份的实际控制人均为南京市国资委，也不构成借壳上市，当然也可以援例而行。

　　炒劣总能成为最后赢家

　　南京市国资委的理由或许是，既然安信证券干得，越秀金控也干得，那为什么南京证券就干不得呢？让南京证券借壳南纺股份上市还能一举两得，既实现了南京证券上市，又拯救了南纺股份。但南京市国资委不要忘了，南纺股份是一家连续五年业绩造假的“造假王”，劣迹斑斑，应该适用重大信披违法退市新政。如果要让南京证券借壳上市，也应该选择别的上市公司平台。现在选择南纺股份这个“造假王”作为南京证券借壳上市的平台，给市场树立了一个很坏的榜样，对市场投机问题股将起到推波助澜的作用。

　　事已至此，只有靠监管部门来把关。监管部门本来就不应该给券商借壳上市网开一面，事实证明，这个口子一开，就像洪水决堤，完全失控。如果只要是同一实际控制人旗下的资产重组就不构成借壳上市，那么对借壳上市的相关禁止性规定就形同虚设了，因为大多数上市公司的实际控制人其实都是国企，还有什么公司不能借壳上市？最低限度，对重大信披违法的上市公司应该先考虑退市，至少不能再进行任何形式的资本运作。否则，势必导致劣币驱逐良币的结果。

　　为什么A股市场炒差之风经久不衰？就是因为这种乌鸡变凤凰的故事太多了，炒差、炒劣总能成为最后的赢家。回看南纺股份的走势图，可以发现其连年业绩造假的违法行为曝光后，股价走势几乎没有受到任何影响，仍然一路向上。这也就是说，大多数投资者都不把违法造假当回事，甚至还认为这是买进的机会。结果那些大胆买进搏傻的人又搏对了，将坐享南京证券借壳上市后带来的饕餮盛宴。在这种情况下，还怎么要求投资者理性投资呢？退市新政也早已名存实亡。
展开阅读全文"
"南纺股份 ,今天压力位 15.66 ,支撑位 15.28 ","https://guba.eastmoney.com/news,600250,615137650.html",2017-03-08 11:27:04,"南纺股份 ,今天压力位 15.66 ,支撑位 15.28

今日，两市高开震荡，总体分化下保持相对强势。[img src=RVKE2Wu""]高送转概念依旧活跃，而权重股展开分化，个股行情继续进行,整体看，在经济趋稳迹象初现以及楼市调控所带来的资金分配适当受益下，市场向好基础逐步加强，在连续小幅放量击破年线后，股指有望迎来结构性上行行情。不过，目前不能乐此不疲，虽然市场底部坚实，但上方3100点和年线压力重合上下两难，大家可以围绕5日均线高抛低吸。"
最后的机会,"https://guba.eastmoney.com/news,600250,614634868.html",2017-03-07 07:12:44,趁大盘回档，15.1以下你就抢筹码，过不了15.5你就把吃进筹码高抛。但是底仓不能动。
靠15.29元刚卖，马的又涨了,"https://guba.eastmoney.com/news,600250,615125920.html",2017-03-08 11:06:00,靠15.29元刚卖，马的又涨了
抄股这都抄成啥样了都[亏大了],"https://guba.eastmoney.com/news,600250,615108533.html",2017-03-08 10:37:50,抄股这都抄成啥样了都
南纺股份大幅低开要买，k线提醒有人要涨停盘,"https://guba.eastmoney.com/news,600250,615060242.html",2017-03-08 09:21:15,涨停盘
谁放假的消息南纺股份,"https://guba.eastmoney.com/news,600250,615056229.html",2017-03-08 09:09:37,南纺股份
南纺股份参与万达商业私有化的新一批小鲜肉出炉,"https://guba.eastmoney.com/news,600250,615044767.html",2017-03-08 08:22:33,"注册信息显示：朗诗集团通过赣州招商致远壹号股权投资管理有限公司（简称“壹号基金”）参股万达商业。据招商证券官网：壹号基金成立于2013年，为招商致远资本投资有限公司下属股权投资基金，募集资金总规模35.08亿元。已完成了对大连万达、泰康人寿、申万宏源等一系列优质标的企业的投资。



据公司2015年报显示：南纺股份持有朗诗集团23.20%股权。朗诗集团创立于2001年，中国地产百强企业，目前总资产达275亿元人民币。"
朗诗绿色地产,"https://guba.eastmoney.com/news,600250,615044539.html",2017-03-08 08:21:33,"引入平安还不够 朗诗又..._华夏时报网

2015年12月11日 - 借壳上市两年解禁期满,朗诗绿色地产(00106.HK)启动了一系列全方位的资产腾挪。... 摘要:借壳上市两年解禁期满,朗诗绿色地产(00106.HK)启动了一系列全方..."
18日首次公布收购上市公司信息到7月30日完成全面要约收购，以及7月31日召开特别股东大会更名并且委派新董事，朗诗地产收购香港上市公司深圳科技控股有限公司(股份,"https://guba.eastmoney.com/news,600250,615043407.html",2017-03-08 08:14:52,"18日首次公布收购上市公司信息到7月30日完成全面要约收购，以及7月31日召开特别股东大会更名并且委派新董事，朗诗地产收购香港上市公司深圳科技控股有限公司(股份代号：HK106)成功收官。

　　近日，深圳科技在香港举行特别股东大会，且以高支持率(99.99%)投票通过上市公司更名为“朗诗绿色地产有限公司”的议案。至此，为上市辗转多年的朗诗成功完成其登陆香港资本市场的首演。

　　7月30日，上市公司对外公告了全面收购要约的结果。由于朗诗集团在6月18日通过旗下子公司收购了深圳科技63.4%的股份，按照香港相关的上市规则，朗诗7月2日发出对公众股东的现金全面收购要约，收购期持续28天，收购价格为每股0.685港元。

　　收购期内仅有极少量投资者以要约价格卖给收购方，约占上市公司已发行股本总数0.1%。这一要约结果，体现投资者对上市公司未来发展信心充足。

　　朗诗借壳深圳科技之事一直被券商及诸多业内人士看好，这点在深圳科技最近一个月的股价表现上可以反映出来。全面要约收购以后，上市公司股价一直远高于每股0.685港元，在7月30日收市时的股价为每股1.08港元，较收购价高出了50%以上。7月30日发出的公告显示，强制性现金全面收购要约已于2013年7月30日结束，要约截止后，朗诗持有1,261,709,743股股份，相当于上市公司已发行股本总数约63.5%。

　　昨天董事会同时宣布，议决委任田明先生为董事会主席，委任申乐莹女士为执行董事兼行政总裁、谢远建先生为执行董事兼首席技术官。

　　对于关注和重视绿色地产在中国发展的各方面人士来说，朗诗迈出登陆香港资本市场的一步，也是中国绿色地产的标志性事件。一位绿色科技建筑业内的资深专家表示，朗诗登陆资本市场其意义超出朗诗本身，更是中国绿色地产界的重要时刻。

　　朗诗集团董事长田明表示：朗诗集团将集集团之力，在资金、人员、技术等方面积极支持上市公司投资发展新的房地产项目，快速提升上市公司的项目数量、资产规模和品牌形象。"
南纺股份完成全面要约收购 朗诗地产香港借壳,"https://guba.eastmoney.com/news,600250,615043265.html",2017-03-08 08:14:12,"完成全面要约收购 朗诗地产香港借壳18日首次公布收购上市公司信息到7月30日完成全面要约收购，以及7月31日召开特别股东大会更名并且委派新董事，朗诗地产收购香港上市公司深圳科技控股有限公司(股份代号：HK106)成功收官。

　　近日，深圳科技在香港举行特别股东大会，且以高支持率(99.99%)投票通过上市公司更名为“朗诗绿色地产有限公司”的议案。至此，为上市辗转多年的朗诗成功完成其登陆香港资本市场的首演。

　　7月30日，上市公司对外公告了全面收购要约的结果。由于朗诗集团在6月18日通过旗下子公司收购了深圳科技63.4%的股份，按照香港相关的上市规则，朗诗7月2日发出对公众股东的现金全面收购要约，收购期持续28天，收购价格为每股0.685港元。

　　收购期内仅有极少量投资者以要约价格卖给收购方，约占上市公司已发行股本总数0.1%。这一要约结果，体现投资者对上市公司未来发展信心充足。

　　朗诗借壳深圳科技之事一直被券商及诸多业内人士看好，这点在深圳科技最近一个月的股价表现上可以反映出来。全面要约收购以后，上市公司股价一直远高于每股0.685港元，在7月30日收市时的股价为每股1.08港元，较收购价高出了50%以上。7月30日发出的公告显示，强制性现金全面收购要约已于2013年7月30日结束，要约截止后，朗诗持有1,261,709,743股股份，相当于上市公司已发行股本总数约63.5%。

　　昨天董事会同时宣布，议决委任田明先生为董事会主席，委任申乐莹女士为执行董事兼行政总裁、谢远建先生为执行董事兼首席技术官。

　　对于关注和重视绿色地产在中国发展的各方面人士来说，朗诗迈出登陆香港资本市场的一步，也是中国绿色地产的标志性事件。一位绿色科技建筑业内的资深专家表示，朗诗登陆资本市场其意义超出朗诗本身，更是中国绿色地产界的重要时刻。

　　朗诗集团董事长田明表示：朗诗集团将集集团之力，在资金、人员、技术等方面积极支持上市公司投资发展新的房地产项目，快速提升上市公司的项目数量、资产规模和品牌形象。"
南纺股份朗诗成功借壳上市 欲称南京楼市新霸主,"https://guba.eastmoney.com/news,600250,615042800.html",2017-03-08 08:10:11,"6月18日，朗诗集团在香港宣布成功收购深圳科技股权，借壳上市获得证监会核准，这个南京屈指可数的地产品牌上市后将会继续以住宅地产开发为主营业务，同时正积极开展绿色养老、绿建科技、绿色金融服务等新业务，朗诗还将视市场情况等拓展业务进入中国北方、南方和部份海外市场发展住宅项目，扩大经营范围。

朗诗借壳港股上市 田明为第一大股东占股27%

昨日朗诗集团在香港宣布成功收购深圳科技63.4%的股权（股票代码00106），为拓展绿色房地产开发业务建立平台。日后，朗诗将以上市公司为其绿色住宅发展业务的唯一上市平台。朗诗将在资金、人员、技术等方面积极支持上市公司投资发展新项目，提升上市公司的项目数量、资产规模和品牌形象。

朗诗创立于2001年，目前是中国地产百强企业，是中国领先的绿色科技地产开发和运营企业。集团长期实施绿色科技差异化发展战略，目前主营业务为住宅地产开发，同时正积极开展绿色养老、绿建科技、绿色金融服务等新业务。截至2013年5月底，朗诗的总资产超过人民币 150多亿元(未审计)。

朗诗董事长、总裁、集团创始人田明先生所拥有的股份约占总股本的27%，成为公司的第一大股东，田明表示：“我很高兴宣布这个标志着朗诗进军国际资本市场的转型交易。作为中国领先的绿色科技地产开发和运营企业，这项收购将为集团创建一个业务平台，进一步扩展业务。透过结合各方的努力，我们期望上市公司能够发展成为一家具有鲜明特色，在港上市领先的房地产企业。”

09年开始做准备 历经4年终上市

朗诗此次借壳上市，已经迅速成为业内关注的焦点，据了解，早在2009年朗诗董事长就公开表示过，IPO是朗诗的下一个目标，他表示，在企业发展的过程当中，上市对于朗诗来说，主要是想成为一家公众公司。公众公司比较透明，相关方会更多，在规则的监管下，这一种治理模式有助于朗诗的长治久安。所以朗诗追求上市的目的最主要是为了长治久安，是为了受到规则的监管。而不仅仅是为了去圈点钱。

在之后的几年，随着房地产调控政策的开始执行，房地产企业以IPO方式登陆A股市场的途径基本关闭，导致很多房地产企业只能望“股”兴叹，据了解，在这一过程当中，赴港上市将会变得快速一些，而朗诗此次也选择了这一方式。

在国家调控的大背景下，房企上市拓宽融资渠道、品牌化难度系数奇高，业内专家认为，朗诗作为南京屈指可数在全国叫得响的地产品牌，凭借绿色科技穿州过省，成为江苏乃至全国重量级的房企。"
南纺股份朗诗借壳上市的4大靓招，你绝对学不会,"https://guba.eastmoney.com/news,600250,615042357.html",2017-03-08 08:07:33,"明源地产研究网 王石在他的新书《大道当然》里回忆了中城联盟联合采购，盛誉了朗诗强大的采购能力，也赞赏了朗诗集团董事长田明的行动速度。在赴港买壳上市的过程中，田明又一次体现了他的行动速度。
“香港上市的事情我们研究一年多，但买壳的真正操作时间不到三个月。”田明直言。
2013年3月到6月期间，田明只带着一个助手，游走于深港两地，与不同的交易方见面谈判。而在当年6月18日，朗诗集团即宣布斥资8.63亿收购深圳技控股有限公司(下称“深圳科技”)63.4%的股权。随后，该上市公司更名为“朗诗绿色地产”。

一、选择一家有“客户思维”、“干干净净”的壳公司
据富盛资本与协纵国际总裁黄立冲的介绍，当时香港“壳价”的“正负零”对价是3.2亿~3.5亿元左右。

二、“正负零”对价
是假设上市公司在净资产为零的状态下，买家向上市公司原股东购买壳公司100%股权所需要支付的代价。
但真正零资产的上市公司和100%股权并不存在，因此，在买壳过程中，买家除了按实际购买的上市公司股权比例支付对价外，还要支付壳公司净资产或可套现资产的100%(不是按相应的股权比例)的价值。
按此测算，田明当前购买壳公司63.4%股权的总市价为“壳价”(约2亿~2.22亿元)，再加上公司净资产值(2012年年底约为5.28亿港元)。因此，公司的合理收购价其实应比实际收购价低1亿元左右。
实际上，朗诗当时面对着多个壳公司的选择。田明之所以最后选中深圳科技，最重要的原因在于，这是一个足够“为客户着想”的“干净的壳”：“老王(王聪德)做壳很专业。他是一个很有客户思维的人。”。“客户思维”一词在采访中被田明反复提及。
同时，当时的深圳科技，资产非常简单：现金4亿港元、一栋位于深圳楼，一层位于香港的写字楼。甚至没有任何债务，的确是一个“干干净净”的壳。
需要尽快打造融资平台的朗诗，没有精力和时间去处理其他备选壳的大量资产。深圳科技这样一个干净的壳就是一个最好的选择。
再有，往返于深港，对深圳科技当时的两项资产进行调查之后，田明还发现深圳的写字楼要比它的账面估值更值钱。综合权衡之下，田明选择了买下了深圳科技。
然而，借壳上市成功只是一个开始。未来的“育壳用壳”之路仍相当漫长。

三、四大“育壳”术做大深科，绕行政策障碍
按照香港联交所规定的反收购条款：
壳公司买方在成为拥有超过30%普通股的股东后的24个月内，累计注入资产的任一指标高于壳公司的收益、市值、资产、盈利、股本等五个测试指标中任何一条的100%，则该交易构成非常重大交易。
除非被特别豁免，否则将视为新上市处理——这相当于让已经上市的公司再走一遍IPO的审核流程，通过难度相当之大。
这意味着，资产超百亿的朗诗买下这个资产净值仅为5.28亿的小“壳”后，必须等两年后，才可能进行大规模注资和用壳。但田明显然并不打算坐着“干等”。
田明自有自己的一套“育壳术”：大股东借款与供股增资、业务委托、收购土地、适当注资。
这四大“育壳”术，简而言之就是“给钱”、“给人”、“买地”、“买项目”。
1.育壳第一招：将“给钱”进行到底
给钱有两种给法：
方式一：是把集团的现金借给上市公司。与此同时，公司的负债率会相应增加;
方式二：是扩股增资，增加大股东在公司的权益。
田明双管齐下。
截至2013 年年底，朗诗绿色地产已经累计获得控股股东朗诗集团40亿元人民币的授信额度，委托贷款利率为5.5%.不仅利率优于当前市场条件，且长期内并无偿债压力。田明更表示，如果2014年上市公司的投资比较顺利，集团将考虑继续借款给上市公司。
但与此同时，朗诗绿色地产年报显示，公司资产负债比不可避免的攀升至127.90%，远高于行业内的正常水平。
2013年11月25日，朗诗绿色地产通过供股增资的方式，筹集了约7.4亿港元资金。供股完成后，朗诗集团通过全资附属公司总计持有朗诗绿色地产公司约74.16%的股份。这个比例已然临近香港联交所规定的上市公司非公众股东最多只能占股75%的临界点。
公司的高负债率和大股东高权益显示，在“育壳”路上，田明的第一招是将“给钱”贯彻到底。
2.育壳第二招：业务托管,“给人”又“给钱”
作为朗诗集团承诺的唯一上市平台，朗诗绿色地产将承接集团的所有地产投资与地产项目业务。而无法大规模注资的这两年注定是一个过渡期，集团和上市公司同时进行地产业务。
为了整合业务和团队，田明选择了业务托管的方式。把集团的人力资源、管理架构移植到上市公司，同时把集团的项目委托给上市公司管理。
2014年2月23日，朗诗集团与朗诗绿色地产鼎立项目开发管理服务协议，将大部分朗诗集团地产开发业务的管理员工转职到上市公司，并由上市公司向朗诗集团现有地产项目提供项目开发管理服务。
此举完成后，将为上市公司带来一定的管理收入和现金流——公司预计未来三年给上市公司带来的管理收入最高不超过18.4亿人民币。同时，业务托管也使得朗诗绿色地产的预估毛利率有望超过50%.
3.育壳第三招：投资买地，做大规模
目前，在香港联交所的条款规定下，朗诗集团能够注入上市公司的项目仍是个别小项目。2014 年2 月23日，朗诗绿色地产旗下全资附属公司收购了集团旗下的无锡朗华置业公司的全部股份。其收购总价仅为人民币5000万元。但在田明看来，一步步加强上市公司自身的规模，逐步“蚂蚁搬家”式注入。
4.育壳第四招：终极破解，大股东注资
等到解禁期过后再集中注入优质资产。
四大育壳术，一环扣一环，互为条件、互成基础，可谓是当前形势下的“最优解”。(来源：地产杂
展开阅读全文"
南纺股份朗诗绿色地产决定分散持股吸引投资者,"https://guba.eastmoney.com/news,600250,615041950.html",2017-03-08 08:04:55,"人民网北京2月27日电 （余燕明）过去一年时间里，朗诗绿色地产股价平均下跌了0.28%，而恒生指数过去一年上涨了21.47%，恒生地产类指数去年则上涨了近30%。在多家港股内资房地产公司里，朗诗绿色地产的股价表现垫底。

　　朗诗绿色地产过去一年在港交所的换手率也很低，平均只有4.89%，同期龙湖地产平均换手率达到了26.15%，中国恒大为47.84%，旭辉控股集团为35.07%，万科企业高达221.84%，当代置业也达到了20.86%。

　　朗诗集团在朗诗绿色地产72%的已发行股份中拥有权益，这在上市的公众公司里，是非常高的持股比例，而且股份集中在单一大股东手中。单一控股股东在上市公司高度集中持股，限制了公众持股水平，其对上市公司股份流通及股价形成的损害十分明显。

　　朗诗绿色地产（00106.HK）的控股股东朗诗集团决意未来两、三年内分散持有该公司股份，扭转目前朗诗绿色地产的单一股东集中持股结构。

　　按照朗诗绿色地产公布的持股结构调整计划，朗诗集团将把其持有公司21%的股份转让予指名的实体或人士，分散转让的股份数额将按照朗诗集团各股东于朗诗集团的持股比例确定。

　　朗诗集团未在持股结构调整计划里言明将予转让的朗诗集团各股东指名的实体或人士是否属于关联人士或独立第三方。

　　但公司表示，持股结构调整的目的是为降低朗诗集团在朗诗绿色地产的持股水平及增加公众持股量，同时也要保证朗诗集团对公司的控股地位。

　　“通过增加股份的公众持股量，朗诗集团希望股份的成交量相应提高，进而吸引更多投资者投资股份。”朗诗集团在通告中称。

　　但中金香港证券一位人士向人民网记者评价说，该等持股结构调整计划无法实质扩充朗诗绿色地产的公众持股量，除非朗诗集团各股东指名的实体或人士受让股份以后开始售出，其他投资者参与购买。

　　“如果不扩大公开股份发行，除非控股股东或主要股东减持，否则不能实现扩充公众持股量的目的。”中金香港证券这位人士表示。

　　根据香港《上市规则》，上市公司最低公众持股量为25%，获得特定条件公众持股量豁免情形下，上市公司公众持股量可以维持在10%-25%之间。《上市规则》所称的“公众人士”，不包括上市公司的核心关联人士，及由核心关联人士资助购买证券、听从核心关联人士指示的相关人士。

　　《上市规则》进一步规定，核心关联人士是指上市公司或其附属公司的“董监高”人士及主要股东的关联人士，主要股东则以持股或投票权10%为限。

　　按此规定，朗诗集团将其持有朗诗绿色地产相应比例股份转让予朗诗集团各股东，该等人士仍然是朗诗绿色地产的核心关联人士，并不属公众人士，持股结构调整计划实施后并不能扩充公司的公众持股量。

　　“朗诗集团各股东受让21%的朗诗绿色地产股份以后，可以选择出售给公众投资者，弱化了朗诗集团直接减持的股价反应。也是朗诗绿色地产股东套现、市值管理的手段之一。”上述中金香港证券人士表示。

　　他也进一步分析，如果朗诗集团直接减持，整体上资本市场对大股东减持会对股价会形成负面反应，但先分散股份、绕开大股东减持会相对弱化市场反应，之后朗诗集团股东出售股份也不易被市场捕捉。

　　人民网记者查询了解到，截至2016年上半年，朗诗绿色地产股东结构里，朗诗集团持股72%，公众持股量28%，其中包括自然人股东王聪德及吴嘉芳持股5.24%，平安保险持股8.35%。

　　不过，朗诗集团和平安保险还分别持有朗诗绿色地产4.6亿股、1.73亿股可换股永久证券，这些衍生股份行权后，朗诗集团对朗诗绿色地产的持股比例会增至83.83%，平安保险持股比例会升至12.77%，并成为公司的主要股东。


　　届时，朗诗绿色地产的公众持股量会稀释至3.4%，明显不符香港《上市规则》限定的最低公众持股量条款。

　　据人民网记者了解，朗诗集团在2013年以现金要约的形式对深圳科技控股（朗诗绿色地产前身）完成了收购，获得了该公司63.4%的股份，并成为控股股东。其后，朗诗绿色控股继续对朗诗集团实施了配售，对上市公司的持股比例进一步上升到了76%，之后持股降至现在的72%。
展开阅读全文"
朗诗集团南纺股份,"https://guba.eastmoney.com/news,600250,615041423.html",2017-03-08 08:02:14,"今日，万达私有化概念风云再起。截至发稿，南纺股份涨停根据工商注册信息显示：朗诗集团通过赣州招商致远壹号股权投资管理有限公司参股万达商业。据公司2015年报显示：南纺股份持有朗诗集团23.20%股权。朗诗集团股份有限公司成立于2001年12月24日，是一家从事绿色科技地产以及相关产业的专业性房地产开发公司。目前，集团在江苏，浙江，上海，武汉，成都都有地产业务。集团总部位于江苏南京。
公司名称 朗诗集团股份有限公司 总部地点 江苏省南京市建邺路108号 成立时间 2001年12月24 公司性质 有限公司发展历程介绍
2001年12月24日 ，朗诗房地产有限公司成立。
2002年10月，南京的朗诗熙园项目开工建设。
2004年10月，公司的首个绿色节能住宅小区----朗诗国际街区奠基。
2005年7月，朗诗公司成为中国科技地产联盟主席单位。
2006年8月，朗诗地产登陆江苏无锡，成立了无锡公司。
2007年8月，朗诗未来之家入选建设部2007年科学技术项目计划————试点示范工程。
2008年9月，上海朗诗建筑科技有限公司在上海浦东成立。
2009年10月21日，“中国之家低碳发展联盟”成立，朗诗地产成为发起成员。
2009年12月15日，公司更名为朗诗集团股份有限公司。
2010年2月，朗诗在上海成立具有甲级设计资质的研发设计院。
2013年荣获中国房地产业联合会、中国行业信息统计协会、焦点中国网联合发布的2013年度中国房地产业综合实力100强。
公司进军武汉
2010年10月29日中午，朗诗地产以3.435亿元的价格获得武汉（2010）111号龙阳大道地块。继9月中旬进军绍兴后，朗诗地产的绿色版图上再添新城。
据了解，该地块位于武汉市汉阳区龙阳大道与龙阳湖南路交叉口处、中环线以内，可开发面积12万余平方米，成交楼板价2825元/平方米。业内人士普遍认为，武汉是长江中上游地区的中心城市，经济水平较高，市场地位重要，气候特征与长三角区域相似，朗诗此前开发绿色科技地产的丰富经验将显得游刃有余。"
万达私有化概念 南纺股份大涨,"https://guba.eastmoney.com/news,600250,615041009.html",2017-03-08 07:59:40,今日，万达私有化概念风云再起。截至发稿，南纺股份涨停，新华联大涨逾8%，皇氏集团涨逾7%。有消息称，根据工商注册信息显示：朗诗集团通过赣州招商致远壹号股权投资管理有限公司参股万达商业。据公司2015年报显示：南纺股份持有朗诗集团23.20%股权。
格力电器、美的集团和五粮液占据了深股通交易金额最大的前三位,"https://guba.eastmoney.com/news,600250,615039967.html",2017-03-08 07:52:12,再一次受到冲击；随后
投资需谨慎,"https://guba.eastmoney.com/news,600250,615001481.html",2017-03-08 01:03:22,对于中国联通
中小创本月即迎来高潮期，赶紧带上钱袋子抄底大妖股润欣科技，机不可失,"https://guba.eastmoney.com/news,600250,614992527.html",2017-03-07 23:56:14,盘子小，效益好，技术指标到位，上方也无套牢盘，抓紧时间买
八主老师怎么不说话了[微笑]我也来南纺看看,"https://guba.eastmoney.com/news,600250,614545585.html",2017-03-06 21:35:25,八主老师怎么不说话了我也来南纺看看
现象就会得到控制,"https://guba.eastmoney.com/news,600250,614968286.html",2017-03-07 22:05:31,原则上不支持
或与公司业绩相匹配,"https://guba.eastmoney.com/news,600250,614914695.html",2017-03-07 19:04:12,今年卖房的上市公司数量达到百余家之多
而且这种调控在明年还会继续下去,"https://guba.eastmoney.com/news,600250,614877846.html",2017-03-07 16:51:41,这是很有必要的
希望证监会审查清理股票交易软件和证券分析师,"https://guba.eastmoney.com/news,600250,614850614.html",2017-03-07 15:30:53,大盘每日复牌（图解）8月31日周三
南纺股份借壳上市南京金控明天涨停板,"https://guba.eastmoney.com/news,600250,614844266.html",2017-03-07 15:15:20,借壳上市南京金控明天涨停板
大家快买南纺股份借壳上市南京金控明天涨停板,"https://guba.eastmoney.com/news,600250,614843600.html",2017-03-07 15:14:34,借壳上市南京金控明天涨停板
南纺股份实际控制人不存在因涉嫌犯罪正被司法机关立案侦查或涉嫌违法违规被中国证监会立案调查,"https://guba.eastmoney.com/news,600250,614801320.html",2017-03-07 14:01:23,上市公司及其控股股东、实际控制人不存在因涉嫌犯罪正被司法机关立案侦查或涉嫌违法违规被中国证监会立案调查的情形，或者涉嫌犯罪或违法违规的行为终止已满36个月；上市公司及其控股股东、实际控制人最近12个月内未受到证券交易所公开谴责，不存在其他重大失信行为”这条可能为不少壳公司判了死缓
财务造假横跨5年 南纺股份虚增利润终获罚,"https://guba.eastmoney.com/news,600250,614797741.html",2017-03-07 13:54:56,"因连续多年虚增利润被行政处罚的南京纺织品进出口股份有限公司(下称“南纺股份 ”)信息披露违法案今年一度引发市场密切关注。南纺股份财务造假横跨5年，通过在自营进口业务中调低进口成本、在转口业务中虚增收入、在以外汇融资为目的的虚假转口业务中虚增收入及成本隐瞒财务费用、调节应收外汇账款账龄以少提坏账准备等多种手段虚增利润。
　　该案查明后，证监会依法对南纺股份予以警告，并处50万元罚款；公司12名相关责任人被给予警告并处3万元到30万元不等的罚款，其中3名责任人被施以市场禁入。
　　证监会调查显示，南纺股份于2006至2010年的5年间，持续虚构利润，掩盖公司连续亏损的财务状况。
　　其中，南纺股份2006年虚构利润3109.15万元，扣除虚构部分公司当年利润为—668.65万元，虚构利润占其披露利润的127.39%；2007年虚构利润4223.33万元，扣除虚构利润公司当年利润为-1430.59万元，虚构利润占其披露利润的151.22%；2008年虚构利润15199.83万元，扣除虚构利润当年利润为-13620.47万元，虚构利润占其披露利润的962.40%；2009年虚构利润6053.18万元，扣除虚构部分当年利润为-4470.40万元，虚构利润占其披露利润的382.43%；2010年虚构利润5864.12万元，扣除虚构部分当年利润为-5969.01万元，虚构利润占其披露利润的5590.73%。
　　南纺股份2011年年度报告披露，调减利润39688.71万元，其中包括2010年以前年度的利润31769.70万元，2010年利润7919.01万元。
　　证监会认定，南纺股份虚构利润的行为违反了《证券法》第六十三条关于上市公司依法披露的信息，必须真实、准确和完整，不得有虚假记载、误导性陈述或者重大遗漏的规定，构成了《证券法》第一百九十三条所述的上市公司报送的报告有虚假记载、误导性陈述或者重大遗漏的违法行为。
　　据此，证监会依法给予南纺股份警告，并处以50万元罚款；给予单晓钟等12名相关责任人警告，并处以30万元至3万元不等的罚款。时任南纺股份董事长、总经理单晓钟，时任南纺股份董事、副总经理、财务总监丁杰，时任南纺股份副总经理刘盛宁被认定为证券市场禁入者。单晓钟终身市场禁入，丁杰、刘盛宁自宣布决定之日起10年内不得从事证券业务或者担任上市公司董事、监事、高级管理人员职务。
　　南纺股份财务造假横跨5年，相关办案人员介绍，由于公司主要客户在香港和英国 ，南纺股份主要通过在自营进口业务中调低进口成本、在转口业务中虚增收入、在以外汇融资为目的的虚假转口业务中虚增收入及成本隐瞒财务费用、调节应收外汇账款账龄以少提坏账准备等多种手段虚增利润。
　　由于调查过程中主要决策、参与人员均已被司法羁押，给行政调查取证工作带来很大困难。据了解，2011年7月7日，南京市纪委、市公安局经侦支队、市审计局等组成专案组对南纺股份部分时任高管人员进行调查。证监会调查组创新调查手段，在南京市纪委的支持和协助下，分别约见了丁杰、单晓钟、刘盛宁并谈话。2012年9月7日，调查组收到南京市纪委出具的相关说明，介绍了2011年南京市纪委等有关部门成立联合调查组对南纺股份相关人员进行调查情况。
　　调查组以反映公司历年财务造假过程的工作底稿为突破口，结合境内外调查获取的相关证据资料，充分利用南京市联合调查组的调查结果，在较短时间内完成了复杂案件的调查工作。
　　此案爆出后，市场普遍对案件的处罚提出两点质疑，一是认为处罚过轻，公司连续5年财务造假，但处罚额度仅50万元；二是质疑如此重大案件为何没有移交司法处理。
　　对此，法律专家认为，监管部门依法对南纺股份信息披露违法案进行了处罚，按照《证券法》第一百九十三条，发行人、上市公司或其他信息披露义务人未按照规定披露信息，或信披存在虚假记载、误导性陈述或重大遗漏的，责令改正，给予警告，并处以30万元以上60万元以下的罚款，相关责任人员给予警告，并处3万元以上30万元以下的罚款。
　　另外，据了解，鉴于南纺股份连年虚增利润的行为涉嫌违反《刑法》相关规定，2013年3月29日证监会稽查局就本案移送事项与侦查局进行了沟通。侦查局认为，因本案主要涉案人因经济犯罪已被司法羁押，而上市公司涉嫌不披露重大信息犯罪为轻罪，按重罪吸收轻罪的原则，公安机关不可能再刑事立案。因此依据现有情况，本案无法移送公安机关侦查。(来源:上海证券报) [点击查看原文]"
十里相送，哥在此见证小散们的默默离开,"https://guba.eastmoney.com/news,600250,614235346.html",2017-03-06 08:47:16,今天的三种走势，一，周五仙人指路，二，今天底部完成搓揉，三，奇葩的十字星继续。
人生能有几次博，不赌就不会有暴利,"https://guba.eastmoney.com/news,600250,611571768.html",2017-02-24 11:28:01,哥选择回补，就现在这个价，我不想吃最低价，最低价让给你吧。
444手,"https://guba.eastmoney.com/news,600250,614778523.html",2017-03-07 13:19:47,444手
坚持一周再来看，说不定是惊喜,"https://guba.eastmoney.com/news,600250,612865575.html",2017-03-01 15:39:27,坚持一周再来看，说不定是惊喜
强烈要求换掉超盘手，两个月了天天444单压盘,"https://guba.eastmoney.com/news,600250,614534590.html",2017-03-06 20:56:50,这是侮辱我们小散的智商
看空不做空，看多不做多,"https://guba.eastmoney.com/news,600250,612421829.html",2017-02-28 10:53:25,"如题，相信有部分人如我一样，
缘分一样的遇上这股，时间也一年了，
持股不多当存银行。"
一树梨花压海棠尼玛，温柔乡是英雄冢，古人诚不欺我啊,"https://guba.eastmoney.com/news,600250,612883404.html",2017-03-01 16:42:49,一树梨花压海棠尼玛，温柔乡是英雄冢，古人诚不欺我啊
今天南纺要是还能收十字星，脑白金为你点赞,"https://guba.eastmoney.com/news,600250,613048551.html",2017-03-02 08:26:32,你这种走势是要气死周瑜吗。
英语老师008能否闭上你的嘴,"https://guba.eastmoney.com/news,600250,613094118.html",2017-03-02 10:15:58,英语老师008能否闭上你的嘴
真正让上市公司高送转与业绩成长性相匹配,"https://guba.eastmoney.com/news,600250,614205190.html",2017-03-06 00:45:47,为什么会出现上市公司扎堆卖房现象？归纳上市公司卖房的原因
龙轩认为大盘中期走势必定无像样的大行情,"https://guba.eastmoney.com/news,600250,614203605.html",2017-03-06 00:22:19,从而识别主力做庄行为
因为空头又进场了,"https://guba.eastmoney.com/news,600250,614163860.html",2017-03-05 21:00:42,但这并不能缓解年底市场流动性的危机
