标题,链接,发布时间,内容
遍地是雷～～,"https://guba.eastmoney.com/news,600487,829922278.html",2019-05-13 17:13:21,遍地是雷～～
TMD中国股市不能碰，全是一些垃圾，受了住考验,"https://guba.eastmoney.com/news,600487,829921182.html",2019-05-13 17:11:33,TMD中国股市不能碰，全是一些垃圾，受了住考验
请问亨通崔根良没有这样那样，其子还没有搞搞阵啊！为什么不澄清？,"https://guba.eastmoney.com/news,600487,829920764.html",2019-05-13 17:10:41,请问亨通崔根良没有这样那样，其子还没有搞搞阵啊！为什么不澄清？
新手请教一下：如果有问询函说明夏虫研报里说的这些事情是真的；如果澄清后没接，说明,"https://guba.eastmoney.com/news,600487,829921208.html",2019-05-13 17:11:37,新手请教一下：如果有问询函说明夏虫研报里说的这些事情是真的；如果澄清后没接，说明澄清的内容已经核实了吗？那么一般如果真的有问题多久会接问询函呢？
一天损失了近35个亿，谁负责？,"https://guba.eastmoney.com/news,600487,829920877.html",2019-05-13 17:11:02,一天损失了近35个亿，谁负责？
加速调整催化剂,"https://guba.eastmoney.com/news,600487,829920402.html",2019-05-13 17:10:05,加速调整催化剂
夏虫不是夏草，亨通不是康美！,"https://guba.eastmoney.com/news,600487,829920388.html",2019-05-13 17:10:01,夏虫不是夏草，亨通不是康美！
*st亨通,"https://guba.eastmoney.com/news,600487,829870328.html",2019-05-13 15:44:29,*st亨通
搞笑一个乌龙贴，把亨通干趴下了。,"https://guba.eastmoney.com/news,600487,829920043.html",2019-05-13 17:09:21,搞笑一个乌龙贴，把亨通干趴下了。
请问，股民的损失谁负责？,"https://guba.eastmoney.com/news,600487,829918496.html",2019-05-13 17:06:44,请问，股民的损失谁负责？
太不幸了，太意外了,"https://guba.eastmoney.com/news,600487,829918297.html",2019-05-13 17:06:36,太不幸了，太意外了
欧菲光4个，亨通光会有几个？,"https://guba.eastmoney.com/news,600487,829919008.html",2019-05-13 17:07:45,好一对难兄难弟完全可以参考康得新与康美药
"不管问 题大小,都叫有问题,","https://guba.eastmoney.com/news,600487,829918470.html",2019-05-13 17:06:43,"不管问 题大小,都叫有问题,对有问题的公司还是远离为好.一惊一咋,消息来源不公,小散们陪不起.让主力资金去玩."
夏虫是何许人？转发者又为何改成夏草？只因为有人想低价增发。,"https://guba.eastmoney.com/news,600487,829917515.html",2019-05-13 17:04:59,夏虫是何许人？转发者又为何改成夏草？只因为有人想低价增发。
不良公司和人员恶意做空获利！要严查！言论自由要有管控，否则市场乌烟瘴气！,"https://guba.eastmoney.com/news,600487,829917011.html",2019-05-13 17:03:46,不良公司和人员恶意做空获利！要严查！言论自由要有管控，否则市场乌烟瘴气！
亨通可是国之重器，体重量大，跌倒了可不是一般资金能托得住哦,"https://guba.eastmoney.com/news,600487,829916946.html",2019-05-13 17:03:29,亨通可是国之重器，体重量大，跌倒了可不是一般资金能托得住哦
这个能追究责任么？让我亏了1万多,"https://guba.eastmoney.com/news,600487,829915539.html",2019-05-13 17:00:51,这个能追究责任么？让我亏了1万多
[为什么][为什么][为什么][哭][哭][哭][拜神][拜神][拜神][滴汗],"https://guba.eastmoney.com/news,600487,829914812.html",2019-05-13 16:59:27,说清楚
亨通暴雷为哪般？,"https://guba.eastmoney.com/news,600487,829750653.html",2019-05-13 13:04:50,今天大盘一开盘，亨通就钉死在跌停板上，这个暴雷实在感到意外，一上午都在网上搜索，没有看到暴雷的真正原因，但有一篇是这么说的：亨通光电23亿预付款与集团69亿其他应收款之谜，从2017年说到2019年，篇幅相当长，没有看懂什么意思，暴雷之谜还是不清楚。
能相信亨通的澄清么？ 我觉得企业文化是一个方面，有哪个专家解释下，那么长一篇文不,"https://guba.eastmoney.com/news,600487,829914097.html",2019-05-13 16:58:20,"能相信亨通的澄清么？
我觉得企业文化是一个方面，有哪个专家解释下，那么长一篇文不管是正面的也好还是多好的现在都懒得看"
白马股味道不错，都拓麻是坑,"https://guba.eastmoney.com/news,600487,829914053.html",2019-05-13 16:58:07,白马股味道不错，都拓麻是坑
这雷爆的不是一般的完美[大笑][胜利],"https://guba.eastmoney.com/news,600487,829913747.html",2019-05-13 16:57:41,这雷爆的不是一般的完美
不需看这么多公告，股价不低于15.85就拿好。,"https://guba.eastmoney.com/news,600487,829912357.html",2019-05-13 16:55:13,不需看这么多公告，股价不低于15.85就拿好。
公司已经澄清，何去何从请自己决定。估计股价会企稳，但一时半会儿不会有大起色，要等,"https://guba.eastmoney.com/news,600487,829912491.html",2019-05-13 16:55:25,公司已经澄清，何去何从请自己决定。估计股价会企稳，但一时半会儿不会有大起色，要等到定增价确定才会回归到正常估值。
证监会电话：12386，可以咨询，一起举报造谣者,"https://guba.eastmoney.com/news,600487,829912367.html",2019-05-13 16:55:19,证监会电话：12386，可以咨询，一起举报造谣者
一个叫夏虫写了份不着边的分析，被人当成了夏草写的了，就给亨通整跌了，没脑子的股民,"https://guba.eastmoney.com/news,600487,829912213.html",2019-05-13 16:54:44,一个叫夏虫写了份不着边的分析，被人当成了夏草写的了，就给亨通整跌了，没脑子的股民啊！
神雾双雄当初也是这么辟谣的,"https://guba.eastmoney.com/news,600487,829911951.html",2019-05-13 16:54:07,如题
邪道应法律手段绳之法追究责任散佈者，造谣者，发佈者，要一个不落网，抓起来，不止制,"https://guba.eastmoney.com/news,600487,829896799.html",2019-05-13 16:28:00,邪道应法律手段绳之法追究责任散佈者，造谣者，发佈者，要一个不落网，抓起来，不止制韮菜损失更大，已造成股民损失。这些毫不根据刊登报导也登截真得不可思议，我国是一个法律社会，决不能让一些蛀虫的媒体雌口性黄无作非为扰乱媒体机构信服力，应严加管竦。
澄清公告日期是十四号啊，我是不是读早了,"https://guba.eastmoney.com/news,600487,829910026.html",2019-05-13 16:50:47,澄清公告日期是十四号啊，我是不是读早了
说句不好听的，亨通要是出问题整个5g板块的都没必要玩了哈，后续暴雷的排着队呢,"https://guba.eastmoney.com/news,600487,829910003.html",2019-05-13 16:50:38,说句不好听的，亨通要是出问题整个5g板块的都没必要玩了哈，后续暴雷的排着队呢
心定了，鼓励合理怀疑，但也要调查发帖人是不是有利益关联。,"https://guba.eastmoney.com/news,600487,829909583.html",2019-05-13 16:49:33,心定了，鼓励合理怀疑，但也要调查发帖人是不是有利益关联。
在中国这些太正常了，要不就不是中国，查了也一样，个个都目的不纯的，都为了，钱到位,"https://guba.eastmoney.com/news,600487,829908953.html",2019-05-13 16:48:34,在中国这些太正常了，要不就不是中国，查了也一样，个个都目的不纯的，都为了，钱到位什么都好使
一个诚清公告有用吗？永远割的是韭菜！机构在逃，你说为啥？此票总舵总说了会探到14,"https://guba.eastmoney.com/news,600487,829909190.html",2019-05-13 16:48:48,一个诚清公告有用吗？永远割的是韭菜！机构在逃，你说为啥？此票总舵总说了会探到14.8左右会有小反弹！不服的咱来赌一下！
还有俩跌停才能消化,"https://guba.eastmoney.com/news,600487,829908228.html",2019-05-13 16:47:26,唉，等吧
造谣者是谁？没有署名啊？向证监会告他,"https://guba.eastmoney.com/news,600487,829908562.html",2019-05-13 16:47:45,造谣者是谁？没有署名啊？向证监会告他
个人感觉是为了打压股价而已，应该没太大问题，想想不澄清的与澄清的后果，还有一个要,"https://guba.eastmoney.com/news,600487,829907867.html",2019-05-13 16:46:42,个人感觉是为了打压股价而已，应该没太大问题，想想不澄清的与澄清的后果，还有一个要增发的。
亨通管理层该起诉那条夏虫和起哄的媒体。为散户讨回公道,"https://guba.eastmoney.com/news,600487,829907201.html",2019-05-13 16:45:41,亨通管理层该起诉那条夏虫和起哄的媒体。为散户讨回公道
人家只是质疑而已，并非曝光，质疑个人认为是好事，清者自清，浊者自浊，侧面印证了基,"https://guba.eastmoney.com/news,600487,829907195.html",2019-05-13 16:45:40,人家只是质疑而已，并非曝光，质疑个人认为是好事，清者自清，浊者自浊，侧面印证了基本面没有问题
财务分析游久，千载难逢的买入机会 1.强。净资产17.2亿元；总资产：19.35,"https://guba.eastmoney.com/news,600487,829906793.html",2019-05-13 16:44:49,"财务分析游久，千载难逢的买入机会
1.强。净资产17.2亿元；总资产：19.35亿元；总市值：21.4亿元。
2.高。每股净资产：2.05元；每股资本公积金：1.07元。
3.低。资产负债率：11%，没有债务负担。
4.正。一季度净利润：1769万元；每股收益：0.02元；动态市盈率：30倍。
5.稳。持有北京国际信托和上海黑石各6%以上股权，每年带来稳定投资收益"
这种扰乱市场的行为难道是允许的吗？不用负责任的吗？给我们造成的损失怎么办？希望证,"https://guba.eastmoney.com/news,600487,829906328.html",2019-05-13 16:43:36,这种扰乱市场的行为难道是允许的吗？不用负责任的吗？给我们造成的损失怎么办？希望证监会该好好管管这种扰乱市场的行为
凯乐是造假骗钱高手，前几年我就知道！不信百度仔细研究一下！享通凯乐……！,"https://guba.eastmoney.com/news,600487,829905883.html",2019-05-13 16:42:25,凯乐是造假骗钱高手，前几年我就知道！不信百度仔细研究一下！享通凯乐……！
支持上市公司及时公告澄清，保护投资者利益。,"https://guba.eastmoney.com/news,600487,829905535.html",2019-05-13 16:41:51,有目的，有预谋的乱写上市公司，应该严加管理。
强烈要求亨通光电公司：就今天的所谓知名财经人士报道的情况如果有违事实情况，立即追,"https://guba.eastmoney.com/news,600487,829905149.html",2019-05-13 16:41:11,强烈要求亨通光电公司：就今天的所谓知名财经人士报道的情况如果有违事实情况，立即追求该人士的法律及经济责任！同时，要求该人士给众多股民造成的经济损失和精神伤害将承担法律责任和经济损失
亨通，凯乐股民要求两公司追究夏草歪曲报道，损害投资者利益的责任！！！,"https://guba.eastmoney.com/news,600487,829905057.html",2019-05-13 16:41:03,亨通，凯乐股民要求两公司追究夏草歪曲报道，损害投资者利益的责任！！！
"不用保留权利,如果公司财务没问题请直接起诉夏草","https://guba.eastmoney.com/news,600487,829903901.html",2019-05-13 16:39:02,"不用保留权利,如果公司财务没问题请直接起诉夏草.已经跌停了还说如果损害利益.不敢直接说要起诉作者,就是屁股上有屎"
证监会应当严肃查处某报黑嘴背后的利益链条,"https://guba.eastmoney.com/news,600487,829903447.html",2019-05-13 16:38:17,证监会应当严肃查处某报黑嘴背后的利益链条
夏虫说亨通是买光棒拉纤的企业是无知还是别有用心,"https://guba.eastmoney.com/news,600487,829867352.html",2019-05-13 15:39:35,夏虫说亨通是买光棒拉纤的企业是无知还是别有用心
证监会举报电话,"https://guba.eastmoney.com/news,600487,829903197.html",2019-05-13 16:38:01,010　88060082　　010 88060055
公司法务部应当出面起诉,"https://guba.eastmoney.com/news,600487,829903045.html",2019-05-13 16:37:35,公司法务部应当出面起诉
吧里面有没有法律专家或者内行人士，指点一下怎样维权？该怎样追究造谣生事的法律责任,"https://guba.eastmoney.com/news,600487,829902107.html",2019-05-13 16:36:03,吧里面有没有法律专家或者内行人士，指点一下怎样维权？该怎样追究造谣生事的法律责任？
你都要退市了，我还怎么信你？,"https://guba.eastmoney.com/news,600487,829901228.html",2019-05-13 16:34:37,"这里的市场有两个主要因素
一个是大家都知道的外部因素，这个基本大家都反馈到了。
后面定位是一个持久战，所以指数在这个缺口处支撑很强。
第二个，是市场自身的问题，关于信任问题。
主要集中在2个板块上的问题股
一个是ST股，比如之前的赫美集团。
一些前面的问题股，然后到了年报期后，问题被监管坐实了，大股东违规占用资金，银行账户冻结这种。
还有就是年报出来的会计审计无法出具意见。
比如赫美集团就是，本来业绩上只有一年亏损，但是由于年报出来后，会计事务18年财报无法表示意见，就说明有问题呗，交易所就直接ST了。
第二个是大白马财务信任问题，康得新，欧菲光，康美药业。
这批是也是前面陆续爆出来一些财务问题，但是随着年报期监管的严格审核，从态度和工作方向上可以看出，重心转向严打上市公司。
之前我们认为200-300亿的大白马很稳，甚至一度认为康美药业这种已经上岸了。但是结果是并没有，反而财务问题继续扩大，引发了二次风险释放。老问题没解决，新的信任危机开始扩散。
比如今天又一个大白马亨通光电也被按在地板上一字。原因是知名财务大V夏草撰文质疑亨通光电33亿预付款与集团69亿其他应收款有问题。
这就是信任没了，怀疑开始扩散，稍微有一点风吹草动，都给你按在地板上。
还有一个周末的大事情是乐视网终于退市了，虽然持续挣扎了好久，但是最后的结果还是走了。这个影响实际上给一批创业板股票下了一个定义，就是创业板的问题股，没有ST一说，而是直接退市。
信任是一个大问题
ST股，创业板，白马股，这三个方面在年报期都处于一个集中的风险释放中，其实很类似春节前那一次的商誉集体股，只不过这一次的级别更大一些。因为指数还有一个外部因素加持了不确定性，这会让人的心理更加慌张。关于信任，他形成了对于整个A股的二次试炼。
外部环境，内部问题。
1）对应指数的角度，上证指数这个缺口能抗住不？抗住了上升结构还能延续。
2）A股底线，最差的那批问题股到底如何定位？比如ST康得新，康美药业只留这个位置要不要新低？这涉及到A股最下限的边际问题。
所以，我们现在面临是实际是一个内外的信任问题，信任如何修复了，股价就会修复。
会有信号，大股有了，等小股
指数企稳，外部的信号就看大股，比如中国平安，比如贵州茅台。亦或是中兴通讯这样的巨炮，周五打出一个接近涨停的大阳线后，比如五粮液强势拉回平台，短期说明有大资金尝试做多。
现阶段，指数信号开始出现了，后面不出新低就乐观一些。
风险股的信号不明确，因为很多ST还没止跌。我们知道1月底那个低点涨的最快的是ST板块。所以现在要等这批下限股企稳，那么小股才会企稳。
（来源：鹰眼牛股说的财富号 2019-05-13 16:34）[点击查看原文]
展开阅读全文"
夏虫还是夏草？为什么原版是新浪财经的夏虫，后来转成著名财经分析师夏草,"https://guba.eastmoney.com/news,600487,829902454.html",2019-05-13 16:36:35,说没有目的。我真不信啊！
君子不立危墙之下,"https://guba.eastmoney.com/news,600487,829902874.html",2019-05-13 16:37:10,"人言可畏　众口铄金。
何况亨通光电还有很多说不清道不明的事情呢。"
正所谓无风不起浪，还记得当时的康美和康得新吗？也是同样的澄清自己，结果怎么样？现,"https://guba.eastmoney.com/news,600487,829898728.html",2019-05-13 16:30:38,正所谓无风不起浪，还记得当时的康美和康得新吗？也是同样的澄清自己，结果怎么样？现在还不是坐实，天天跌停！所以这种问题股，如果有机会就马上出来，永远别再碰！
最近雷区了！不小心踩雷了，就亏死了！分不清楚还是近期空仓划算,"https://guba.eastmoney.com/news,600487,829900838.html",2019-05-13 16:34:15,最近雷区了！不小心踩雷了，就亏死了！分不清楚还是近期空仓划算
亨通光电(600487)5月13日晚间公告,"https://guba.eastmoney.com/news,600487,829900829.html",2019-05-13 16:34:07,亨通光电(600487)5月13日晚间公告，部分媒体发布名为《亨通光电33亿预付款与集团69亿其他应收款之谜》的文章。经核查，所提及的相关内容为不实报道。公司业务经营和资金管理完全独立于亨通集团，未通过任何方式直接或间接地将资金提供给控股股东及实控人使用。
公司发公告澄清公告是要负发律责任的！没有的事就是没有的事，偏偏庸人自扰！！！,"https://guba.eastmoney.com/news,600487,829900751.html",2019-05-13 16:33:45,公司发公告澄清公告是要负发律责任的！没有的事就是没有的事，偏偏庸人自扰！！！
我猜一个人物这时候快要出来了,"https://guba.eastmoney.com/news,600487,829899474.html",2019-05-13 16:31:39,我猜一个人物这时候快要出来了
今天股市黑嘴是有预谋有计划的做空亨通光电。如果负责任为何不向亨通光电核实以后再发,"https://guba.eastmoney.com/news,600487,829898749.html",2019-05-13 16:30:39,今天股市黑嘴是有预谋有计划的做空亨通光电。如果负责任为何不向亨通光电核实以后再发表？要严惩黑嘴流氓行为。
凯乐科技预付款是票据，不涉及现金，请冬虫夏草的专家说下该怎么继续编故事,"https://guba.eastmoney.com/news,600487,829891630.html",2019-05-13 16:20:09,凯乐科技预付款是票据，不涉及现金，请冬虫夏草的专家说下该怎么继续编故事
是散户太多了吧，弄散户的吧？,"https://guba.eastmoney.com/news,600487,829897119.html",2019-05-13 16:28:20,是散户太多了吧，弄散户的吧？
宝宝很委屈，只是宝宝不说[为什么][为什么]。牛打架，马遭殃！受伤的总是散户！[,"https://guba.eastmoney.com/news,600487,829896629.html",2019-05-13 16:27:28,宝宝很委屈，只是宝宝不说。牛打架，马遭殃！受伤的总是散户！
我也看基本面是健康才买进亨通的，可惜令人失望，连个回应都没有,"https://guba.eastmoney.com/news,600487,829895386.html",2019-05-13 16:25:39,我也看基本面是健康才买进亨通的，可惜令人失望，连个回应都没有
亨通光电澄清：媒体报道内容不实 05-13 16:06 同花顺综合 　　亨通光电,"https://guba.eastmoney.com/news,600487,829894687.html",2019-05-13 16:24:39,"亨通光电澄清：媒体报道内容不实
05-13 16:06同花顺综合
　　亨通光电5月13日晚间公告，部分媒体发布名为《亨通光电33亿预付款与集团69亿其他应收款之谜》的文章。经核查，所提及的相关内容为不实报道。公司业务经营和资金管理完全独立于亨通集团，未通过任何方式直接或间接地将资金提供给控股股东及实控人使用。 　 　"
继续跌停，主力成本才8.25。,"https://guba.eastmoney.com/news,600487,829894444.html",2019-05-13 16:24:12,继续跌停，主力成本才8.25。
业绩一块4，分红一毛三，有点像康的新[微笑],"https://guba.eastmoney.com/news,600487,829893335.html",2019-05-13 16:22:36,业绩一块4，分红一毛三，有点像康的新
你们好不好奇这个特殊业务是啥,"https://guba.eastmoney.com/news,600487,829893709.html",2019-05-13 16:23:13,你们好不好奇这个特殊业务是啥
三安光电一样有计划、有预谋做空,"https://guba.eastmoney.com/news,600487,829892933.html",2019-05-13 16:22:11,两个光电联合索赔造谣方
作为股东，我全力支持亨通做大做强，但19年一季报的表现确实不好，崔根良是有责任的,"https://guba.eastmoney.com/news,600487,829891704.html",2019-05-13 16:20:31,作为股东，我全力支持亨通做大做强，但19年一季报的表现确实不好，崔根良是有责任的，在责任面前，我相信崔根良不会逃避，一定会加倍努力。我作为股东也要努力，维护股吧的正常交流，哈哈，大家一起快乐炒股！
两篇文章就“砸盘”？！,"https://guba.eastmoney.com/news,600487,829707960.html",2019-05-13 11:46:42,两篇文章“砸盘” ，老崔变坏了？亨通不行了？可能吗？
请用10个涨停板来澄清。谢谢。,"https://guba.eastmoney.com/news,600487,829891086.html",2019-05-13 16:19:05,请用10个涨停板来澄清。谢谢。
什么鬼，这么多雷。。。,"https://guba.eastmoney.com/news,600487,829884054.html",2019-05-13 16:08:13,什么鬼，这么多雷。。。
“一个人物”等死多傻多经常混淆好企业与好股票的概念，诱导投资人犯错被套！,"https://guba.eastmoney.com/news,600487,779099415.html",2018-08-20 09:57:32,"“一个人物”等死多傻多经常混淆好企业与好股票的概念，诱导投资人犯错被套！
好企业与好股票是完全不同领域不同事物的两概念，但“一个人物”等死多傻多经常将其混淆。其目的就是：一是为了诱导更多其他人投资人参与，好让自己高位获利；二是为了给自己买入的股票找理由壮胆，以达到自己不亏损的目的。他们所谓的长期价值投资，都是为了自己获利而打出的招牌和幌子。
目前，经“一个人物”推荐的雅戈尔、恒邦股份、金贵银业、亨通光电、露天煤业、万华股份、潍柴动力、新和成、鲁西化工和顺鑫农业等，几乎全部如此！
我们看看这些股票截止2018年8月17日（星期五）的情况：
雅戈尔，从2015年5月的最高25.87元，跌到现在的6.78元。以复权价11.85元计算，跌54.19%。
恒邦股份，从2016年7月12日的最高15.80元，跌到现在的8.74元。跌33.83%。“一个人物”称，还有很大上涨空间。
金贵银业，从2016年8月16日的最高29.95元，跌到现在的9.85元。跌66.94%。“一个人物”称，将涨至80元。
亨通光电，从2017年11月22日的最高46.87元，跌到现在的22.88元。以复权价32.19元计算跌31.32%。“一个人物”称，16年上50元，今天还会上80元、100元、“十年十倍”。
露天煤业，从2017年8月28日的最高15.20元，跌到现在的8.51元。以复权价8.81元计算，跌42.04%。“一个人物”称，还有很大上涨空间。
万华股份，从2018年7月18日的最高54.95元，跌到现在的47.52元。跌13.52%。
潍柴动力，从2018年6月12日的最高9.89元，跌到现在的7.50元。跌21.64%。
新和成，从2018年5月24日的最高38.67元，跌到现在的15.71元。以复权价27.41元计算，跌29.12%。
鲁西化工，从2018年2月6日的最高25.10元，跌到现在的15.98元。以复权价16.28元计算，跌35.14%。
顺鑫农业，从2018年8月1日的最高47.90元，跌到现在的35.88元。跌25.09%。

股票市场自有其运行规律，不会以这些死多傻多的意志为转移。"
所谓的白马价值蓝筹又要朋，茅台不是有仁言上千二？？这世界这么了？？,"https://guba.eastmoney.com/news,600487,829889289.html",2019-05-13 16:16:17,所谓的白马价值蓝筹又要朋，茅台不是有仁言上千二？？这世界这么了？？
一个上市公司你可以业绩不怎么样但是你真不能这样搞！拿着股东信任当游资！这样的跌停,"https://guba.eastmoney.com/news,600487,829888939.html",2019-05-13 16:15:50,一个上市公司你可以业绩不怎么样但是你真不能这样搞！拿着股东信任当游资！这样的跌停最少三个，这样的亏损你企业赔的起吗？
明天来个涨停回报一下大家受伤的心灵,"https://guba.eastmoney.com/news,600487,829888472.html",2019-05-13 16:15:06,明天来个涨停回报一下大家受伤的心灵
“一个人物”从2017年11月上中旬开始，一直在亨通股吧祸害散户到现在！,"https://guba.eastmoney.com/news,600487,786130330.html",2018-10-11 12:57:57,"“一个人物”从2017年11月上中旬开始，一直在亨通股吧祸害散户到现在！
从11月13日亨通光电42.35元以上（最高46.87元）算起，一直鼓吹高位加仓，自己还满融加仓；大吹特吹亨通光电的各种各类的好！引诱散户入瓮被套，让庄家顺利撤离。
时至2018年10月11日上午，亨通光电收21.01元（复权价29.57元）。
以最高46.87元，对比复权价计算，现已下跌了36.91%。
看目前的大趋势，亨通光电大有继续扩大跌势的可能。"
绝地反击之后的缩量，不仅难操作，还得小心踩雷,"https://guba.eastmoney.com/news,600487,829887238.html",2019-05-13 16:13:12,"两市集体低开，开盘之后多头发力，指数下探回升，三大指数跌幅均有收窄，此后指数持续震荡盘整，农业板块再度回暖，市场情绪趋于谨慎，在周五的暴力反弹之后，短期获利资金出逃，抄底资金观望为主，午后指数持续走弱，创业板指跌逾2%，沪指、深成指跌幅扩大，市场题材概念较为颓势，场内资金观望情绪浓厚，临近尾盘，大盘稍显企稳。
早上把周五买的股票卖出去后就没有怎么动，缩量，一天就觉得没有什么机会。


亨通光电(600487)今日股价跌停，知名财务分析人士夏草撰文质疑该公司33亿预付款与集团69亿其他应收款有问题。夏草是将上市公司亨通光电和母公司亨通集团放在一起，对比和两者发生资金往来的对象，上市公司财务值得推敲。在亨通集团595.27亿元的总资产仅有49.38亿元的归母“净资产”背景下，其对外的其他应收款却高达69亿元。亨通光电靠“ 定增 可转换债”募集资金超60亿元，另一边却是2018年预付33亿元给凯乐科技(600260)开展贸易业务。
4月30日凌晨康美药业发布了其2018年年度报告和《关于前期会计差错更正的公告》（下称“公正公告”），引爆了A股市场2018年以来最大的地雷。会计差错更正公告显示，康美药业对2017年度合并财务报表进行了追溯调整，调整科目涉及资产负债表、利润表和现金流量表，共计22个报表项目，尤为引人注目的是，其货币资金余额调减金额高达近300亿元，也印证了长期以来市场对其账面货币资金余额虚高的质疑。更正公告大幅调高了存货账面价值，调整后的存货账面价值300多亿元、异常偏高，远远超出了正常经营活动所需要的规模，为何要长期保持如此高的存货规模？账面300多亿元存货是否货真价实？如果巨额账面存货不实，只是以一个谎言掩盖另一个谎言。
*ST富控，一个15亿市值的公司竟亏掉55亿。4月25日晚间，*ST富控更正业绩预告，原预计2018年度净利润亏损约19.8亿元，现预计2018年度亏损约55.09亿元，而该公司的总资产也就60.03亿元。(截至2018年三季度末)
因为榜上猪肉概念，雏鹰农牧年内涨逾70%，此次也出现在暴雷名单中，业绩巨亏38亿元。可见暴雷并非垃圾股的专利，牛股也照样中招。
长安汽车2019年一季度净亏损高达20.96亿，而上年同期盈利13.9亿。
如果说，2017年A股雷区主要是信托风险和质押风险，那么2018年商誉暴雷可谓是“一枝独秀”。2019年恐怕是业绩变脸的年份。
 
1，行情差最好别碰小盘股，为什么？小企业抵抗经济环境能力差，一有个问题，立马业绩大变脸。你必须要等到转牛市了才能长持。其他的时间，如果操作，必须带有止损位。绝对不要在小企业上谈价值投资，谈网格操作。要不然真的会很伤。
2，国企和私企，尽量选择国企，为什么？很多人喜欢私企，私企竞争力强！这个说法确实不错。但你也要知道，他们的造假动力也最强。股市里，不要总想着找有进攻力的企业，环境差的时候，能抗的住，有命才有未来啊！！！钢铁，煤炭，国企能保，民企谁管你死活！！！你做的好，那是你本事，但你也要押的中，再说了，万一财务是造假的呢？
3.选行业，尽量回避那些不稳定的行业。炒股真的不需要找最强进攻力的企业的。能够业绩爆发的企业，必然大多数是行业不稳定的周期性企业你想要他的进攻力，他却会要你的命！！！
4.看利润，一定要看利润是不是内生性增长。不是靠并购而来的外延式增长。这里的水太深了。宁可错过，也绝不冒险
5.如果真的非要选，那么一定设定一个投入资金的上限。横竖这个企业，我只能投入这么多。原则上，单股不超过个人总资金的5%。
6，股票必须分红，分红的企业，有问题的概率就小很多了。真金白银最实际！
中国化学还有一点，其他周五买的股票都卖光了，实在看不懂这种缩量行情，感觉没什么机会，赌也不想赌，只能先看。目前人民币贬值速度也太快了，避险情绪还在，所以盘中都没有显示出什么机会，只能等待。
有些股票一旦大跌的时候，一定要买，但是记得我一直以来告诉你们的，尽量买蓝筹白马，小票只在行情好的时候玩，这种行情尽量少碰。
（来源：小生复盘的财富号 2019-05-13 16:13）[点击查看原文]
展开阅读全文"
亨通光电澄清：2017年亨通光电定增资金与亨通集团其他应收款无任何关联；部分媒,"https://guba.eastmoney.com/news,600487,829886825.html",2019-05-13 16:12:39,"

亨通光电澄清：2017年亨通光电定增资金与亨通集团其他应收款无任何关联；部分媒体发布名为《亨通光电33亿预付款与集团69亿其他应收款之谜》的文章，相关内容为不实报道。
(华尔街见闻7x24直播 不止是快) https://wallstreetcn.com/live/global"
民企股内部管理比较混乱，内部管理一团糟！早晚都要出事的，建议还是远离民企股，不管,"https://guba.eastmoney.com/news,600487,829886084.html",2019-05-13 16:11:21,民企股内部管理比较混乱，内部管理一团糟！早晚都要出事的，建议还是远离民企股，不管是不是白马，要做就做基本面较好的民企央企股，他们内部管理规范，安全放心 ！！
好了不要怕了，刚开始看吓人一跳，仔细再看漏洞百出！现在可以肯定，那个冬虫蝙蝠蛾是,"https://guba.eastmoney.com/news,600487,829885718.html",2019-05-13 16:10:43,好了不要怕了，刚开始看吓人一跳，仔细再看漏洞百出！现在可以肯定，那个冬虫蝙蝠蛾是无良专家，明天亨通涨回来
跌停价还有成交量，明天不会一字跌停。,"https://guba.eastmoney.com/news,600487,829884182.html",2019-05-13 16:08:42,跌停价还有成交量，明天不会一字跌停。
亨通光电的个人看法,"https://guba.eastmoney.com/news,600487,829882869.html",2019-05-13 16:06:48,"质疑声越来越多，但为什么上周风平浪静？有些财务问题，基金和机构应该很清楚。关键是有没有利益输送。就是用上市公司的钱给股东牟利。这个问题期待澄清。如果没有问题，那马上涨回去。亨通光电的产品和技术，在光线领域国内是领先的。海底电缆也一流。好产品不应被财务和利益输送毁了，连续的人大代表应该不至于。
投资者耐心等待消息吧。经得起市场质疑洗礼的公司，更值得投资者信赖。"
每股净资产6.77元，19亿的股本，为什么到了夏草哪里净资产41亿，看不懂，有大神解答下吗,"https://guba.eastmoney.com/news,600487,829883132.html",2019-05-13 16:07:04,
澄清公告来了,"https://guba.eastmoney.com/news,600487,829882446.html",2019-05-13 16:06:08,澄清公告来了
请问，对于夏草的文章，公司由什么回复？,"https://guba.eastmoney.com/news,600487,836571444.html",2019-05-28 10:18:08,"请问，对于夏草的文章，公司由什么回复？
亨通光电
亨通光电：您好！就相关事项公司已发布澄清公告，详见上海证券交易所网站公告，亨通光电：2019-061号。谢谢关注！
(来自上证e互动)答复时间 2019-05-28 10:18:08"
一个人物还嘲笑别人踩雷吗？,"https://guba.eastmoney.com/news,600487,829881874.html",2019-05-13 16:05:01,一个人物还嘲笑别人踩雷吗？
热烈祝贺人物彻底暴仓打脸！！！,"https://guba.eastmoney.com/news,600487,829875734.html",2019-05-13 15:55:33,热烈祝贺人物彻底暴仓打脸！！！
亨通融资了这么多钱，净资产才这么点，业绩还年年高增长，低分红，想想都知道什么回事,"https://guba.eastmoney.com/news,600487,829835970.html",2019-05-13 14:49:29,亨通融资了这么多钱，净资产才这么点，业绩还年年高增长，低分红，想想都知道什么回事，看看中天的净资产比你多多少，只是没你靓丽的业绩
夏虫的那篇文章，说亨通从国外进口预制棒，来拉光纤。这个基本事实都搞错了，他并不熟,"https://guba.eastmoney.com/news,600487,829877222.html",2019-05-13 15:58:32,夏虫的那篇文章，说亨通从国外进口预制棒，来拉光纤。这个基本事实都搞错了，他并不熟悉亨通，也不熟悉行业。
16.23卖的，现在是已报状态，明天能卖出吗？,"https://guba.eastmoney.com/news,600487,829876561.html",2019-05-13 15:57:28,谢谢，哪位达人告知下，是不是明早一开盘就会卖出？
又是一个民企股出事啦，亲们，民企股一律不要碰，要买就买国企央企股，前提是基本面较,"https://guba.eastmoney.com/news,600487,829876408.html",2019-05-13 15:56:30,又是一个民企股出事啦，亲们，民企股一律不要碰，要买就买国企央企股，前提是基本面较好的
三安光电，一毛一样的，当初以价值投资选了你，奈何你如此回报我，大失所望大失所望！,"https://guba.eastmoney.com/news,600487,829875536.html",2019-05-13 15:55:01,三安光电，一毛一样的，当初以价值投资选了你，奈何你如此回报我，大失所望大失所望！
39元减持转让再看现价格，何止五亿。不要被表面现象迷眼。,"https://guba.eastmoney.com/news,600487,829875011.html",2019-05-13 15:54:28,39元减持转让再看现价格，何止五亿。不要被表面现象迷眼。
谨慎驾驶 周末清仓走了 早上一看跌得那么低 没感觉哪里不对劲 手欠 又买了370,"https://guba.eastmoney.com/news,600487,829875686.html",2019-05-13 15:55:28,谨慎驾驶 周末清仓走了 早上一看跌得那么低 没感觉哪里不对劲 手欠 又买了3700股何去何从啊？
技术面、基本面、消息面全方位解析股市，后市布局方向！,"https://guba.eastmoney.com/news,600487,829875212.html",2019-05-13 15:54:26,"今日收评：
今天大盘不能一鼓作气的继续放量上攻，后市一时恐怕难以启动，所以我们预计大盘中线会在上下两个缺口之间进行震荡，震荡势高抛低吸，但目前为止建议多看少动，大盘总体动能依旧较弱！
实操指南：
先说技术面：
大盘目前的技术面走的很差，量能继续萎缩，这不利于后市行情的展开。量能是市场人气，没有人气的资本市场是不会有前途的，房子越涨价，大家越买房；黄金越上涨，大妈越抢黄金。股市也一样，赚钱效应越好，才能吸引更多的资金进来，更多的资金进来才能更好的上涨，目前资金又萎靡了，不利于后市，所以现在要控制仓位，建议3-5成仓为主。
再有，既然上下都有缺口，短线恐怕会在两个缺口之间震荡，可适当小仓位高抛低吸。
再说基本面：
今天亨通光电疑似暴雷，欧菲光再度跌停。这是继康美药业和康得新之后，再度白马股暴雷。
这两年暴雷的大白马有多少了，乐视网、长生生物、东方园林、两康再加上一大堆商誉减值，我相信这个基本面的雷是短线A股市场最大的问题，所以资金不敢轻易介入，连优质白马股都有这么多雷，谁知道市场背后会不会有更大的风险，所以大盘一时半会儿需要消化基本面带来的负面影响。
消息面压轴：
先说贸易摩擦！
再重申一遍，这几天走强的农业、人造肉、地域板块本人都不看好，之前讲过无数次，大盘不好上海股才会飚，这些板块也都是间歇性的发神经，不适合中长线投资；
摩擦产生两个板块利好，那就是国产芯片和国产软件，这两个板块加5G，是我能看到目前最有潜质的科技股，所以后市如果能选择向上，这三个板块加券商恐怕会是领头羊，所以后市的布局方向就给大家了。
其次的区块链、涨价概念、网络安全等板块近期也是消息不断，当然可以适当布局，但由于板块比较小，无法带动大盘上涨，做短周期波段还是可以的。
可操作板块：
证券、5G、芯片、计算机、燃料电池、网络安全
明日多空预判：
上证指数：上涨        创业板指：上涨
主力资金净流入前十名：
运达股份、新晨科技、丰乐种业、瑞普生物、绿康生化、创源文化、敦煌种业、中潜股份、鼎信通讯、容大感光
沪深港通资金流向：
暂停交易
5月13日机构“买入”评级个股一览：
华孚时尚、华宇软件、欣旺达、石基信息、金龙汽车、宁德时代、星云股份、华友钴业、石大胜华、汇顶科技、宇通客车、五粮液、奥佳华、新大陆、东方财富、中兴通讯、红豆股份、贝斯达、汤臣倍健、国药一致、璞泰来、特锐德、星宇股份、高新兴、良信电器、梦百合、晨光文具、尚品宅配、万科A、金禾实业、国轩高科、中南建设、大禹节水、华兰生物、高能环境、视联动力、沪电股份、东方雨虹
文/香蕉皮，转载请标明出处！
文中涉及到的股票不构成推荐，买卖自理，盈亏自负！
（来源：小巴侃股的财富号 2019-05-13 15:54）[点击查看原文]
#大盘点评#
展开阅读全文"
早就提示过你们，不要买，快离开。不听，这下好了，明天还是跌停，今天真是个好日子[,"https://guba.eastmoney.com/news,600487,829858972.html",2019-05-13 15:24:58,早就提示过你们，不要买，快离开。不听，这下好了，明天还是跌停，今天真是个好日子
还能相信谁啊？[哭][哭][哭],"https://guba.eastmoney.com/news,600487,829645188.html",2019-05-13 10:28:39,还能相信谁啊？
估计要跌到10元,"https://guba.eastmoney.com/news,600487,829873622.html",2019-05-13 15:51:04,估计要跌到10元
应该停牌，直到澄清复牌，害了享通的小散！,"https://guba.eastmoney.com/news,600487,829873115.html",2019-05-13 15:49:54,应该停牌，直到澄清复牌，害了享通的小散！
不出来辟谣一下吗,"https://guba.eastmoney.com/news,600487,829867724.html",2019-05-13 15:40:05,不出来辟谣一下吗
两天跟上总舵主的票赚了不少吧！保税科技、今天早上说的特发信息！哈哈哈，这就是实力,"https://guba.eastmoney.com/news,600487,829873219.html",2019-05-13 15:49:58,两天跟上总舵主的票赚了不少吧！保税科技、今天早上说的特发信息！哈哈哈，这就是实力！服不服？可爱的小散们！
明天 集合竞价 应该还是跌停,"https://guba.eastmoney.com/news,600487,829872174.html",2019-05-13 15:47:31,"明天 集合竞价 应该还是跌停　

跟518看起
"
夏草夏草？我是冬虫。卧底亨通，什么时候去？,"https://guba.eastmoney.com/news,600487,829869923.html",2019-05-13 15:43:44,夏草夏草？我是冬虫。卧底亨通，什么时候去？
如真财务造假，会计师事务所有责任吗？,"https://guba.eastmoney.com/news,600487,829869228.html",2019-05-13 15:42:52,如真财务造假，会计师事务所有责任吗？
融资盘裸奔，多杀多开启,"https://guba.eastmoney.com/news,600487,829868862.html",2019-05-13 15:42:07,为了低价增发，必须的。不排除股价会杀到低于预定最低增发价
明天跌停价多少？,"https://guba.eastmoney.com/news,600487,829868858.html",2019-05-13 15:42:06,明天跌停价多少？
公司何不回应股民关切！,"https://guba.eastmoney.com/news,600487,829868832.html",2019-05-13 15:41:58,公司何不回应股民关切！
有媒体曾质疑亨通光电的资金迷局，称亨通光电大股东亨通集团595.27亿元的总资产,"https://guba.eastmoney.com/news,600487,829855522.html",2019-05-13 15:19:26,有媒体曾质疑亨通光电的资金迷局，称亨通光电大股东亨通集团595.27亿元的总资产仅有49.38亿元的归母“净资产”，其对外的其他应收款却高达69亿元。
有公告了吗,"https://guba.eastmoney.com/news,600487,829868474.html",2019-05-13 15:41:23,董秘说会发公告。
这啥情况啦,"https://guba.eastmoney.com/news,600487,829868391.html",2019-05-13 15:41:14,"满怀涨停的憧憬，今天一看。。哇咔咔，真的停啦
　不过。。不过感觉不对劲呐。。　tmd。。你把方向搞反了吧"
各位兄弟姐妹！跌到5元，能开板吗？,"https://guba.eastmoney.com/news,600487,829867760.html",2019-05-13 15:40:17,各位兄弟姐妹！跌到5元，能开板吗？
借题发挥,"https://guba.eastmoney.com/news,600487,829866979.html",2019-05-13 15:39:00,借题发挥
所谓的知名财务。如果不成立就等接我律师函吧。,"https://guba.eastmoney.com/news,600487,829848871.html",2019-05-13 15:08:23,所谓的知名财务。如果不成立就等接我律师函吧。
请问公司的财务到底有什么问题？谢谢。,"https://guba.eastmoney.com/news,600487,836571443.html",2019-05-28 10:18:08,"请问公司的财务到底有什么问题？谢谢。
亨通光电
亨通光电：您好！就相关事项公司已发布澄清公告，详见上海证券交易所网站公告，亨通光电：2019-061号。谢谢关注！
(来自上证e互动)答复时间 2019-05-28 10:18:08"
阿亨还有几个跌停？大家预测一下，我估计还有6个，会开板！,"https://guba.eastmoney.com/news,600487,829866977.html",2019-05-13 15:38:54,阿亨还有几个跌停？大家预测一下，我估计还有6个，会开板！
上周什么问题都没有的白马还不一字跌停！！！,"https://guba.eastmoney.com/news,600487,829866615.html",2019-05-13 15:38:26,上周什么问题都没有的白马还不一字跌停！！！
为何游资只搞垃圾股，因为只是账目是真的，再也烂不到哪里去了，看看所谓白马吧,"https://guba.eastmoney.com/news,600487,829857564.html",2019-05-13 15:22:33,坑你没商量
市场暴雷不断，珍视科技股的大机会,"https://guba.eastmoney.com/news,600487,829865068.html",2019-05-13 15:35:31,"1、周末利空事件也不少，今天的开盘跌幅算小的，从驱动力看，还是以金融权重为首。开盘即是全日的低点，任凭盘中有多次的下探需求，都是未创日内新低，这足矣说明一种强势，看到行业指数上的跌幅榜，今天没有发生指数大跌，没有出现百股跌停，更是强势了。收盘沪指量能2000亿以上，守住了2900点整数关口，行情比较沉寂，但是概念炒作也相对比较明显，总之今天的市场没什么问题，反而在孕育机会。
2、周五的逆转，科技是先锋，起码从相对收益看，今天整体的科技板块并未在开盘的时候直接闷死，有赚钱效应，就代表有持续性。于是在整体板块确认收益的背景下，开始有细分的局部龙头诞生了，这种走势发生在开盘和尾盘，尤其是尾盘阶段，市场比较疲软，主力没有采取权重拉台，而是再次启动了科技，收尾相应，我没有任何理由不相信科技行情真的到来。2077已经确认了5板，空间打出来了，科技里面一进二成功的很多，上周国常会给集成电路企业降税减费，今天上海就发布了集成电路科技创新指南，在当下的时点，我们必须咬住了科技发展不动摇，政策有支持，二级市场没有任何理由不支持，而且，大家一定要相信周五科技的带动，绝对是一个信心扭转，这与节前节后市场的两种走势，有很大的相同点。那么，接下来在预期创业板市场先于主板市场走势的背景下，牢牢守住成长性指标，可以围绕科技股来重点参与了，仓位上适当提升，思路上可以适当激进。
3、如果说节前的商誉兑现是集体暴雷，近期的好股暴雷，产生的影响要远远大于商誉了，比如康美、康得新、欧菲光，昨天又出现了亨通光电和凯乐科技。目前商誉问题还在陆续的爆发，这些昔日的优质白马股居然也出现了比较大的问题，真是让人难以相信，一招毁三观，我们也可以明白为什么白马股最近持续下行了。同时，上周监管部门公布了几只标的退市，今天整体ST板块就沦陷了，随着科创板首只的落地，市场退市的口子算是真正打开了，今年绝对有很多公司要退市了，看到白马股都有这么多雷，作为投资者的您，心里面是否有畏惧之心呢？其实这样也挺好，别盯着概念了，趁着市场弱的时候研究研究上市公司，只要您去做了，其实两市3600只个股，真正适合您操作的，以及长期去参与的，最多几十只。监管已经在画退市的圈子，如果您非得往里面跳，没人会拦着，但是，我敢肯定是，这个圈子只会越来越大，我肯定不想与这个圈子有任何交集，怎么做到呢？继续提升我对上市公司基本面的把握能力。
4、展望后市，给予沪指少些重视，毕竟白马有这么多雷，而且接下来的经济数据可能也不理想，同时，沪指极易受A50、期指的影响，这两块目前有很大的问题，只能等后面政策层面去调节。在这之前，建议高度重视创业板的业绩确认和扭转，配以科技股，大家务必要抓住这个难道的市场共振下跌机会，如果您错过了节后的第一波市场大涨行情，那么千万不要再次错过本轮带领市场突围的科技股行情，所以，当下，看机会要大于风险。其实盘面也在逐步表现出这种策略了，指数别看跌幅大，资金已经在寻找方向，不怕市场大跌，就怕资金看戏不干活，接下来可以有比较高的期待了。
（来源：阿仙奴的投资世界的财富号 2019-05-13 15:35）[点击查看原文]
#大盘点评#"
有点儿看不下去了，亨通虽然财务上可能有点儿问题但在光纤行业地位和竞争力还是毋庸置,"https://guba.eastmoney.com/news,600487,829854357.html",2019-05-13 15:17:43,有点儿看不下去了，亨通虽然财务上可能有点儿问题但在光纤行业地位和竞争力还是毋庸置疑的，肯定比特发信息永鼎股份通鼎互联烽火通信这些二流光纤股强多了，凭什么那些二流光纤股估值那么贵，承认自己是垃圾就有理了吗，烽火这样的国企就安全吗，应收账款90亿存货100亿应付账款100亿负债63%资产减值3亿，短期借款15亿加长期借款5亿却一年有3亿的利息支出它借的是高利贷吗，就这公司40多倍市盈率基金扎堆券商们猛推拿着合资的光棒冲击国内市场没看比亨通强多少，亨通的光棒和海光缆还是代表了国内制造业的最高水平可以参与国际竞争的比那些没有好产品的垃圾股强，希望亨通只是财务问题没有业绩造假，有点儿创新能力的民营企业发展到现在不容易。
吓草的一篇文章，立马让股票市值下跌近50亿，这还是第一天的，威力十足,"https://guba.eastmoney.com/news,600487,829865025.html",2019-05-13 15:35:19,吓草的一篇文章，立马让股票市值下跌近50亿，这还是第一天的，威力十足
不太明白，专家讲讲,"https://guba.eastmoney.com/news,600487,829830861.html",2019-05-13 14:43:26,看了半天夏草的发文，最后结论是什么？是说业绩造价，还是说乱借钱给其他公司？前者跌停可以理解。如果是后者又怎么样？
如果军工项目属实，30多亿将产生多少利润？此外,"https://guba.eastmoney.com/news,600487,829864679.html",2019-05-13 15:34:59,如果军工项目属实，30多亿将产生多少利润？最迟明年该兑现了吧？加上明年海缆大项目投入运营；5G建设全面铺开，光纤用量回升；光模块进入收获期；那么明年亨通可望爆发
稳稳的跌停，稳稳的幸福,"https://guba.eastmoney.com/news,600487,829864147.html",2019-05-13 15:33:55,稳稳的跌停，稳稳的幸福
又是康得新的后路吗,"https://guba.eastmoney.com/news,600487,829857159.html",2019-05-13 15:21:51,又是康得新的后路吗
这股要凉凉了，刚刚把你加入自选，这么久阴跌不断，跌这么多，跟康得新一个套路,"https://guba.eastmoney.com/news,600487,829861506.html",2019-05-13 15:29:50,这股要凉凉了，刚刚把你加入自选，这么久阴跌不断，跌这么多，跟康得新一个套路
还有人心存侥幸，今天超五十万手封单，正所谓无风不起浪，出了这种情况，做好几个板的,"https://guba.eastmoney.com/news,600487,829860980.html",2019-05-13 15:28:10,还有人心存侥幸，今天超五十万手封单，正所谓无风不起浪，出了这种情况，做好几个板的心理准备吧，白马股暴雷秒变垃圾股！亨通早显猫腻，白马股近期走出垃圾股行情，难道机构不是先知先觉！
不要围观了，在中国不分红的股基本是垃圾！,"https://guba.eastmoney.com/news,600487,829859934.html",2019-05-13 15:26:40,不要围观了，在中国不分红的股基本是垃圾！
没人看见吗？,"https://guba.eastmoney.com/news,600487,829858056.html",2019-05-13 15:23:43,没人看见吗？
地雷,"https://guba.eastmoney.com/news,600487,829857873.html",2019-05-13 15:22:46,引爆
为什么这么多卖盘！ 你们也都挂跌停价出吗？ 这股要是跌倒五元！ 我肯定全仓买入！,"https://guba.eastmoney.com/news,600487,829857971.html",2019-05-13 15:23:18,为什么这么多卖盘！ 你们也都挂跌停价出吗？ 这股要是跌倒五元！ 我肯定全仓买入！
开启跌停,"https://guba.eastmoney.com/news,600487,829857298.html",2019-05-13 15:22:10,开启跌停
这公司跟抢劫没什么区别,"https://guba.eastmoney.com/news,600487,829854356.html",2019-05-13 15:17:52,这公司跟抢劫没什么区别
还有几个跌停！[拜神][拜神][拜神],"https://guba.eastmoney.com/news,600487,829852516.html",2019-05-13 15:14:16,还有几个跌停！
虽然我全仓亨通，但我还是希望亨通能一次跌透！亨通就是融资盘和散户都太多了！股价三,"https://guba.eastmoney.com/news,600487,829855150.html",2019-05-13 15:19:01,虽然我全仓亨通，但我还是希望亨通能一次跌透！亨通就是融资盘和散户都太多了！股价三跌停就到13.15元了，融资盘基本全暴仓，先来个多杀多！13元应该是第一支撑位，毕竟定增最低限价在那儿，看大股东要不要保定增，要是不保，估计能见到10元以下，定增自然泡汤了……
老崔，你是当过兵的，别让我失望,"https://guba.eastmoney.com/news,600487,829852948.html",2019-05-13 15:14:54,老崔，你是当过兵的，别让我失望
完犊子咯,"https://guba.eastmoney.com/news,600487,829852925.html",2019-05-13 15:14:56,完犊子咯
我现在就想知道夏草和夏虫是同一个人不,"https://guba.eastmoney.com/news,600487,829851938.html",2019-05-13 15:13:13,我现在就想知道夏草和夏虫是同一个人不
司回应了 董秘你好！近期有新闻报道提到亨通集团以及亨通光电给凯乐科技30多亿预付,"https://guba.eastmoney.com/news,600487,829791243.html",2019-05-13 13:58:23,"司回应了
董秘你好！近期有新闻报道提到亨通集团以及亨通光电给凯乐科技30多亿预付款，请问是否属实？贵公司跟亨通是什么合作关系，相关业务是不是军用专网通信后端加工业务，该业务目前进展情况如何，是否存在风险？
您好！感谢您对公司的关注。专网通信后端加工业务支付给公司的预付款，公司不存在风险。谢谢！
自己定"
出了春兴精工，周五来到大白马亨通光电，讨厌提心吊胆的日子，没想到直接闷杀，没啥可,"https://guba.eastmoney.com/news,600487,829850927.html",2019-05-13 15:11:28,出了春兴精工，周五来到大白马亨通光电，讨厌提心吊胆的日子，没想到直接闷杀，没啥可信的了
民企怎能轻易挂上线，当然是从ju企转接项目,"https://guba.eastmoney.com/news,600487,829850654.html",2019-05-13 15:10:59,民企怎能轻易挂上线，当然是从ju企转接项目
无非是光电牛了几年，现在补跌而已...,"https://guba.eastmoney.com/news,600487,829850945.html",2019-05-13 15:11:23,无非是光电牛了几年，现在补跌而已...
尾盘集合竞价卖出了是什么鬼[为什么],"https://guba.eastmoney.com/news,600487,829844340.html",2019-05-13 15:00:59,尾盘集合竞价卖出了是什么鬼
价值投资，呵呵,"https://guba.eastmoney.com/news,600487,829849757.html",2019-05-13 15:09:38,价值投资，呵呵
早上9点31。挂单。尾盘集合竞价成交。不过只出了三分之仓。原本以为卖不掉了。明天,"https://guba.eastmoney.com/news,600487,829848826.html",2019-05-13 15:08:10,早上9点31。挂单。尾盘集合竞价成交。不过只出了三分之仓。原本以为卖不掉了。明天还要吃面
一个动物出来走两步吧,"https://guba.eastmoney.com/news,600487,829790711.html",2019-05-13 13:57:44,一个动物出来走两步吧
今天收获最多的还是一个骗子，收获了无数句咒骂[大笑]估计这货要是敢把自己的定位发,"https://guba.eastmoney.com/news,600487,829847816.html",2019-05-13 15:06:30,今天收获最多的还是一个骗子，收获了无数句咒骂估计这货要是敢把自己的定位发发，还会收获很多拳脚
今天早盘开盘前，新浪财经报道亨通集团有大额应收款和预付款，并且亨通光电定增方与应,"https://guba.eastmoney.com/news,600487,836690317.html",2019-05-28 15:57:06,"今天早盘开盘前，新浪财经报道亨通集团有大额应收款和预付款，并且亨通光电定增方与应收款方有关联，能否进行说明，谢谢！
亨通光电
亨通光电：您好！就相关事项公司已发布澄清公告，详见上海证券交易所网站公告，亨通光电：2019-061号。谢谢关注！
(来自上证e互动)答复时间 2019-05-28 15:57:06"
早上新闻还报道亨通好，今看跌停了。唉，我大A处处都是雷，小散寸步难行啊！,"https://guba.eastmoney.com/news,600487,829848793.html",2019-05-13 15:08:04,早上新闻还报道亨通好，今看跌停了。唉，我大A处处都是雷，小散寸步难行啊！
25亿融资盘要s了，助涨助跌神器,"https://guba.eastmoney.com/news,600487,829844354.html",2019-05-13 15:01:02,
我最讨厌就是姓夏的,"https://guba.eastmoney.com/news,600487,829846650.html",2019-05-13 15:04:37,我最讨厌就是姓夏的
投资亨通需谨慎，给股民澄清啊？,"https://guba.eastmoney.com/news,600487,829844609.html",2019-05-13 15:01:54,"亨通2018年3季度利润9亿，4季度利润急速下降为4亿，较3季度利润腰斩，出现这种情况存在两种可能：其一，经营状况真正发生恶化，但去年四季度行业仍然正常；其二报表数据造假，操纵报表利润，值得怀疑。
2019年一季度亨通利润持续下滑，随着光缆价格下跌，前期规模过度扩张成为亨通经营包袱，一定程度上将拖累亨通。
亨通18年报表利润虽实现25.3亿，同比增长20%，刚好达到奖金激励条件，存在操纵利润嫌疑，我们担心出现图穷匕见一幕。
亨通存在资金、信用、经营三大危机，相比较而言，不及中天、长飞稳健，建议投资者谨慎投资。"
dach,"https://guba.eastmoney.com/news,600487,829844381.html",2019-05-13 15:01:14,dach
明天亨通光电会怎么走？高人指点,"https://guba.eastmoney.com/news,600487,829843670.html",2019-05-13 14:59:59,明天亨通光电会怎么走？高人指点
刚才电话联系了董秘，说很快就会出澄清公告！并且说有疑问24小时可以电话咨询。,"https://guba.eastmoney.com/news,600487,829813131.html",2019-05-13 14:23:29,刚才电话联系了董秘，说很快就会出澄清公告！并且说有疑问24小时可以电话咨询。
为什么会跌停？太出乎意料了。,"https://guba.eastmoney.com/news,600487,829840586.html",2019-05-13 14:55:20,为什么会跌停？太出乎意料了。
这是要消灭散户和融资盘吗？,"https://guba.eastmoney.com/news,600487,829838665.html",2019-05-13 14:52:58,这是要消灭散户和融资盘吗？
你们有没有打通电话的人呢？有的话出来吱个声，没人说话我害怕,"https://guba.eastmoney.com/news,600487,829837470.html",2019-05-13 14:51:30,你们有没有打通电话的人呢？有的话出来吱个声，没人说话我害怕
这是大机构在借机打压融资盘！爆仓！,"https://guba.eastmoney.com/news,600487,829696604.html",2019-05-13 11:29:11,这是大机构在借机打压融资盘！爆仓！
亨通跌得不够霸气，我觉得应该要霸气，一家好公司就应该霸气，下跌是市场投资人的不理,"https://guba.eastmoney.com/news,600487,828317556.html",2019-05-10 16:11:38,亨通跌得不够霸气，我觉得应该要霸气，一家好公司就应该霸气，下跌是市场投资人的不理智行为，和上市公司无关，业绩的波浪起伏很正常，只要不跑路，还在认真做实业，就不应该骂崔根良、骂亨通，要有战略定力，要有长线投资的定力，赌就一个字，我佩服孙宏斌那句话：愿赌服输！
