标题,链接,发布时间,内容
完了。。。泡汤了。他大爷的，停毛牌，害人的。,"https://guba.eastmoney.com/news,600654,651165325.html",2017-06-05 09:50:42,完了。。。泡汤了。他大爷的，停毛牌，害人的。
再提醒下此股最多值5元[大笑][大笑][大笑],"https://guba.eastmoney.com/news,600654,651165952.html",2017-06-05 09:48:59,再提醒下此股最多值5元
自己挖坑埋自己，悲哀的散户,"https://guba.eastmoney.com/news,600654,651164846.html",2017-06-05 09:48:30,自己挖坑埋自己，悲哀的散户
自救的办法很简单，开板后补仓。,"https://guba.eastmoney.com/news,600654,651159454.html",2017-06-05 09:37:46,自救的办法很简单，开板后补仓。
中安消真要倒闭了！,"https://guba.eastmoney.com/news,600654,651164014.html",2017-06-05 09:46:46,中安消真要倒闭了！
死人呀,"https://guba.eastmoney.com/news,600654,651161913.html",2017-06-05 09:43:01,死人呀
人寿、社保，相信你们也深套了吧。此时不加仓你们等死啊,"https://guba.eastmoney.com/news,600654,651127403.html",2017-06-05 05:49:06,人寿、社保，相信你们也深套了吧。此时不加仓你们等死啊
亏的一塌糊涂，理解想逃命的人吧，救命的稻草不想放弃，好可怜,"https://guba.eastmoney.com/news,600654,651164464.html",2017-06-05 09:46:04,亏的一塌糊涂，理解想逃命的人吧，救命的稻草不想放弃，好可怜
股吧已被人为的控制了，真话发不出去了，要出人命了,"https://guba.eastmoney.com/news,600654,651162712.html",2017-06-05 09:45:59,股吧已被人为的控制了，真话发不出去了，要出人命了
慢慢的大家都知道卖不出去了！才放弃逃的想法，有的人确实亏太多，有的人看跌的太多了,"https://guba.eastmoney.com/news,600654,651162169.html",2017-06-05 09:44:30,慢慢的大家都知道卖不出去了！才放弃逃的想法，有的人确实亏太多，有的人看跌的太多了甘心！这个时候机构，公司才会出手！太早出手一个价格高，一个大家都跑了，谁陪他们玩！所以到大家都失去信心的时候才是来板的时候！
这样真的会出大事啦？,"https://guba.eastmoney.com/news,600654,651161740.html",2017-06-05 09:42:26,这样真的会出大事啦？
散户们你们跑得了吗？大户优先,"https://guba.eastmoney.com/news,600654,651156857.html",2017-06-05 09:30:16,散户们你们跑得了吗？大户优先
现在是大户较量的时候，就看接盘的价位了，散户等着回抽吧,"https://guba.eastmoney.com/news,600654,651160814.html",2017-06-05 09:41:50,现在是大户较量的时候，就看接盘的价位了，散户等着回抽吧
做空中安消的势力很有实力啊！[赞][赞][赞],"https://guba.eastmoney.com/news,600654,651153622.html",2017-06-05 09:18:43,做空中安消的势力很有实力啊！
估计出大事了，,"https://guba.eastmoney.com/news,600654,651160424.html",2017-06-05 09:40:38,估计出大事了，
一个复牌补跌，被你们说出了花，各种分析，各种涂总，真他妈牛啊一个个，,"https://guba.eastmoney.com/news,600654,651160054.html",2017-06-05 09:39:48,一个复牌补跌，被你们说出了花，各种分析，各种涂总，真他妈牛啊一个个，
真寒心,"https://guba.eastmoney.com/news,600654,651161043.html",2017-06-05 09:39:22,真寒心
我不管了，随你怎么跌。,"https://guba.eastmoney.com/news,600654,651159629.html",2017-06-05 09:37:50,我不管了，随你怎么跌。
不跑让它跌,"https://guba.eastmoney.com/news,600654,651159145.html",2017-06-05 09:37:40,不跑让它跌
挂单啊,"https://guba.eastmoney.com/news,600654,651158566.html",2017-06-05 09:35:12,挂单啊
看跌停挂的单，今天是不是要开板儿？,"https://guba.eastmoney.com/news,600654,651158011.html",2017-06-05 09:34:03,看跌停挂的单，今天是不是要开板儿？
止跌的唯一办法就是停牌,"https://guba.eastmoney.com/news,600654,651157283.html",2017-06-05 09:31:32,
公司如果不真金白银的来行动看来是不行！不能光靠嘴，要出钱来买才行！发公告利好没用,"https://guba.eastmoney.com/news,600654,651157195.html",2017-06-05 09:31:09,公司如果不真金白银的来行动看来是不行！不能光靠嘴，要出钱来买才行！发公告利好没用！
都懒的说了。到底什么原因，这么不顾自杀出来呢。还又囤死自己。,"https://guba.eastmoney.com/news,600654,651154559.html",2017-06-05 09:25:13,都懒的说了。到底什么原因，这么不顾自杀出来呢。还又囤死自己。
股市总能让你想不到，今天开板！,"https://guba.eastmoney.com/news,600654,651126871.html",2017-06-05 05:39:57,股市总能让你想不到，今天开板！
有钱的买买买，让有票的出来透口气！[赞][赞][赞][赞],"https://guba.eastmoney.com/news,600654,651154127.html",2017-06-05 09:22:58,有钱的买买买，让有票的出来透口气！
最怕无事停牌的票，全是地雷,"https://guba.eastmoney.com/news,600654,651154753.html",2017-06-05 09:22:19,最怕无事停牌的票，全是地雷
有超级大集团军做空中安……实力很强大[赞],"https://guba.eastmoney.com/news,600654,651153792.html",2017-06-05 09:20:47,有超级大集团军做空中安……实力很强大
变态和萝卜还有坐板凳之流已经被古希腊魔咒说死到死二级 半夜已经睡不着觉 天天想着仇人的挖鼻屎呼出的空气，觉得很脏 天天在吧里看公告发帖  其实他们就是割肉的踏空,"https://guba.eastmoney.com/news,600654,636471830.html",2017-05-03 13:50:39,"变态和萝卜还有坐板凳之流已经被古希腊魔咒说死到死二级 半夜已经睡不着觉 天天想着仇人的挖鼻屎呼出的空气，觉得很脏 天天半夜在吧里看公告发帖（29号晚上就是最好的证明）
其实他们就是割肉的踏空者 而且输的很惨 所以想在尽量低点接散户带血的筹码 人心险恶！！！
而土狗只是太想把股价搞上去 避免自己爆仓和无法收购 所以想透支未来业绩 只是和事务所无法达成一致 只是技术环节上的小问题

变态和萝卜还有坐板凳看表演一路货，死后下地狱，报应现世报 ，萝卜，变态 做板凳看表演在这个吧里这么无耻 我偏向唱空都看不过去了 “亲爱的萝卜啊啊 我为何不变态 你相信报应么 ！ 亲爱的萝卜啊啊 我为何不变态 心理暗示
萝卜 我为何不变态 坐板凳之流在这个吧里这么无耻 我偏向唱空都看不过去了 萝卜 我为何不变态 坐板凳之流你相信报应么 ！
萝卜 我为何不变态 坐板凳之流 心理暗示(古希腊魔咒百分百灵验） 亲“萝卜 我为何不变态 坐板凳之流看见仇人挖鼻屎觉得很脏 不愿做仇人的椅子 碰仇人的东西，呼吸仇人呼出的空气 晚上睡不好 天天想着
第二天接着难受 最后疯掉 说的难受了吧 狗屎 这叫心理暗示 说的难受
说死亲爱的萝卜啊啊 我为何不变态 还有天天在这里唱多唱空的死托 还有畜生减持股东 得重度强迫症郁闷而死
中小安心理暗示 我为何不变态看到会得此重度强迫症
中小安心理暗示 我为何不变态看到会得此重度强迫症
中小安心理暗示 我为何不变态看到会得此重度强迫症
变态和萝卜还有坐板凳看表演一路货，死后下地狱，报应现世报"
贵公司5月31号开盘以来股价连续下跌股票异动，给持股人造成巨大损失且有网文直指贵,"https://guba.eastmoney.com/news,600654,654702292.html",2017-06-13 17:05:18,【问】贵公司5月31号开盘以来股价连续下跌股票异动，给持股人造成巨大损失且有网文直指贵公司财报不实且标的做假。股民人心惶惶若惊弓之鸟在股价跌停板挣相挂单唯恐自己的股票卖不出去！为免招更大损失请贵公司停牌自查澄清事实还广大股民一个公道！ 【答】*ST中安：您好，感谢您的关注。非标意见涉及事项不属于《公开发行证券的公司信息披露编报规则第14号－非标准无保留审计意见及其涉及事项的处理》中规定的明显违反会计准则、制度及相关信息披露规范规定的情形。公司已于近期披露了一篇澄清公告（公告编号：2017-115），并于2017年6月7日起因股价异常波动停牌自查并披露了自查结果（公告编号：2017-118），相关后续进展请见公司公告，谢谢。¶¶2017-06-13 17:05:18 §
你好，自从5月31日复牌以来一路跌停，请问会像之前所说的那样退市吗?如果真退市了,"https://guba.eastmoney.com/news,600654,657470595.html",2017-06-19 14:20:19,【问】你好，自从5月31日复牌以来一路跌停，请问会像之前所说的那样退市吗?如果真退市了，那我们这些散户的损失该如何挽回？ 【答】*ST中安：您好，感谢您的关注。1、二级市场股价受多重因素影响，公司不对股价走势发表评论。2、公司股票被实施*ST处理，系因年报非标审计意见引起。针对此事项公司已积极采取措施，争取尽早消除非标意见带来的不利影响，谢谢。¶¶2017-06-19 14:20:19 §
今天记得挂14.19,"https://guba.eastmoney.com/news,600654,651095952.html",2017-06-04 23:08:17,今天记得挂14.19
明天涨停开盘，那么大澄清，利好，可以涨停开盘，都补仓，别砸盘有票的明天止跌,"https://guba.eastmoney.com/news,600654,651083400.html",2017-06-04 21:43:01,明天涨停开盘，那么大澄清，利好，可以涨停开盘，都补仓，别砸盘有票的明天止跌
用大脑想想百分十的抛盘，抛得掉吗？，主力没那么傻,"https://guba.eastmoney.com/news,600654,651138003.html",2017-06-05 07:58:45,用大脑想想百分十的抛盘，抛得掉吗？，主力没那么傻
近期出来不少，新马甲，都是唱多的，跌成这样了，,"https://guba.eastmoney.com/news,600654,651137519.html",2017-06-05 07:54:06,近期出来不少，新马甲，都是唱多的，跌成这样了，
上海本地股都是有钱人，相信复牌会有大资金涨停板封单,"https://guba.eastmoney.com/news,600654,638537990.html",2017-05-08 02:29:49,上海本地股都是有钱人，相信复牌会有大资金涨停板封单
大盘又一波站稳3100点而且两只脚确认大盘止跌，以后的日子只有高点没底点了，大家,"https://guba.eastmoney.com/news,600654,647012510.html",2017-05-25 15:15:15,大盘又一波站稳3100点而且两只脚确认大盘止跌，以后的日子只有高点没底点了，大家安心持股中安消，会补涨的，停半年了，就该补涨
女子ATM机内自杀 保安远程监控见“水渍”成功营救 举报 普京重谈归还中国领土：,"https://guba.eastmoney.com/news,600654,648570804.html",2017-05-30 08:38:00,"女子ATM机内自杀 保安远程监控见“水渍”成功营救
举报
普京重谈归还中国领土：中俄将出大事！
ATM机保护罩是一种类似于电话亭式的安全设施，街头很常见。5月26日凌晨三点多，扬州市区四望亭路的上的一个ATM机保护罩内上演惊魂一幕，一名女子在里面没有取钱，而是取出了剪刀和刀片，意图自杀。这一幕，正好被银行监控室的保安通过远程监控看到了，一场生死营救就此展开。
当天凌晨三点五十分，保安赵华山和李晓冬正在银行的总监控室值班，监看扬州全市一千多个营业场所和ATM机的情况。突然，李晓冬发现大屏左上角的监控有异常。
扬州市保安服务总公司保安李晓冬说，当时一个女士睡在里面，我们一看以为是水渍，以为酒喝多了什么情况呢。
看到情况反常，保安赵华山立即打开监控对讲系统与女子交流。
虽然监控是黑白画面，分辨不出颜色，但细心的赵华山发现，地上的水渍越积越多，他感觉情况不对，立即查看之前的监控录像，结果让他大吃一惊。监控显示，该女子于三点三十五分进入罩中后，并没有取钱，而是坐在了地上，并从手包中拿出了刀片和剪刀。
监控视频显示，这名女子先用刀片划自己的左胳膊，之后又用剪刀戳自己的左胳膊。
看到这一幕，赵华山和同事一边报警，一边与这名女子对话以防她失血过多休克。"
2016年年度股东大会议案附件 公司业务市场区域扩大至澳洲、新西兰、泰国的安保服,"https://guba.eastmoney.com/news,600654,650027532.html",2017-06-02 04:51:56,"2016年年度股东大会议案附件
公司业务市场区域扩大至澳洲、新西兰、泰国的安保服务市场，初步形成以香港、
澳门、泰国、澳洲、新西兰为支点的境外安保运营服务体系。战略布局的持续推
进，公司市场区域、业务种类、技术实力、市场竞争力得以进一步提升，公司在
安保技术领域、安保服务领域的国际化品牌进一步树立。
公司近三年主要会计数据
（单位：元币种：人民币）
主要会计数据2016年
2015年
本期比上
年同期增
减(%)
2014年
调整后调整前调整后调整前
营业收入3,484,994,653.422,142,222,739.091,976,164,283.3162.681,689,227,211.381,155,598,595.24
归属于上市公司
股东的净利润
274,104,718.88337,747,787.58280,115,770.60(18.84)263,777,531.84190,983,314.38
归属于上市公司
股东的扣除非经
常性损益的净利
润
65,908,544.35263,141,283.44234,497,836.15(74.95)246,147,162.07184,284,757.19
经营活动产生的
现金流量净额
(1,269,735,659.49)(1,150,334,967.76)(1,147,753,081.18)(10.38)(43,060,879.92)(78,218,296.46)
2016年末
2015年末
本期末比
上年同期
末增减（
%）
2014年末
调整后调整前调整后调整前
归属于上市公司
股东的净资产
2,975,491,097.753,030,680,522.962,906,955,362.92(1.82)2,842,931,277.902,630,243,596.21
总资产10,754,315,830.136,566,490,516.486,406,213,868.1963.785,217,201,012.444,216,166,519.39
公司近三年主要财务指标
主要财务指标2016年
2015年本期比上年
同期增减(%)
2014年
调整后调整前调整后调整前
基本每股收益（元／股）0.210.270.22(22.22)0.670.48
稀释每股收益（元／股）0.210.270.22(22.22)0.670.48
扣除非经常性损益后的基本
每股收益（元／股）
0.050.210.18(76.19)0.620.47
加权平均净资产收益率（%）9.3110.238.34（0.92）16.4244.13
扣除非经常性损益后的加权
平均净资产收益率（%）
2.247.976.98
（5.73）
14.9742.92
三、2017年董事会工作计划
2017年，公司董事会将继续按照《公司法》、《上市公司治理准则》和《公
司章程》的要求，以股东利益最大化为出发点，加强制度建设，强化内控制度建
设，认真履行职责，不断提升公司的运行效率和整体竞争力，促进公司持续健康
展开阅读全文"
2016年年度股东大会议案 议案九、关于聘请大华会计师事务所（特殊普通合伙）为公,"https://guba.eastmoney.com/news,600654,650028347.html",2017-06-02 04:56:45,"2016年年度股东大会议案
议案九、关于聘请大华会计师事务所（特殊普通合伙）为公司
提供相关专项审核服务的议案
各位股东及股东代表：
鉴于德勤对公司2016年度财务会计报告及相关专项报告出具了非标准审计
意见，公司无法依据其审计意见要求相关方履行承诺并推进后续程序。为切实维
护公司及股东利益，特别是中小股东利益不受侵害，公司拟聘请大华会计师事务
所（特殊普通合伙）（以下简称“大华会计师事务所”）为公司提供服务，对公司
2016年度财务会计报告及相关专项报告进行专项审计或复核。聘请大华提供专
项审计或复核的报酬，提请股东大会同意董事会授权经营层根据专项审计的具体
工作量及市场价格水平确定。
大华创立于1985年，是国内最具规模的八大会计师事务所之一，是国内首
批获准从事H股上市审计资质的事务所，财政部大型会计师事务所集团化发展
试点事务所。2015年，大华业务收入超过15亿元人民币，排名居中国行业前十。
大华是马施云国际会计公司在华的唯一协调和联络机构。大华具有证券期货相关
业务资格，具备多年为上市公司提供审计服务的经验与能力，符合对公司财务会
计报告及专项审计的工作要求。
本议案已经公司第九届董事会第四十九次会议、第九届监事会第三十一次会
议审议通过。
以上议案，请各位股东及股东代表审议。
中安消股份有限公司
董事会
2017年6月9"
大华股份002236含有海康威视002415创5000点新高，为啥中安消同一板块,"https://guba.eastmoney.com/news,600654,649513675.html",2017-06-01 10:50:36,大华股份002236含有海康威视002415创5000点新高，为啥中安消同一板块安防服务板块，你缺跌，都自杀嘛，含不撤单都齐心买点拉到涨停止跌
2016年中国信息业上市公司营收百强排行榜 中安消排名前28牛逼给力,"https://guba.eastmoney.com/news,600654,651128516.html",2017-06-05 06:06:26,"2016年中国信息业上市公司营收百强排行榜
中安消排名前28牛逼给力"
广告公司！,"https://guba.eastmoney.com/news,600654,651099861.html",2017-06-04 23:37:58,广告公司！
为什么不挂跌停单?,"https://guba.eastmoney.com/news,600654,651090996.html",2017-06-04 22:32:27,"为什么不挂跌停单?


如果明天开板，那你可以在涨停价格卖，再差也可以在本周收盘价位上卖了，如果明天还是封死，你散户挂单能比得过机构,大户的快速通道吗？挂了也白挂。等于溺水的人想大口呼吸，只不过是多喝了一口水，加速死亡而已。

所以大家一定不要挂跌停单，就算看到有大单封跌停也不要跟。有时候大单封跌停就是为了试盘，如果没有大量散户卖盘跟进，也许就有资金心动了，那开板也不远了。

现在不要骂唱空，也不要骂涂，要做的就是靠自己救自己。

一旦继续无量跌停，那融资盘爆仓，那就真成了地狱了，11万散户，会有多少家庭离散，多少惨痛的故事……"
变态，萝卜故意诽谤，目前已被刑事拘留，据悉要判5年以上,"https://guba.eastmoney.com/news,600654,651026548.html",2017-06-04 16:59:51,变态，萝卜故意诽谤，目前已被刑事拘留，据悉要判5年以上
一个亏本又造假的的公司市值高达200亿，就算腰斩再腰斩都不过分,"https://guba.eastmoney.com/news,600654,651060059.html",2017-06-04 19:37:04,一个亏本又造假的的公司市值高达200亿，就算腰斩再腰斩都不过分
大家冷静的想想中安消应该被心术不正的人黑了,"https://guba.eastmoney.com/news,600654,651064823.html",2017-06-04 19:59:25,大家好，我是一个残疾人，行动不方便，我用家当20万买了中安消，自从中安消ST后睡不着，吃不好，开盘这几天跌停让我损失几万了心烦意乱，陷入困境，今天我冷静的想想为什么很多上市公司不如中安消而没有事，中安消这几年大家都看见了基本面好，收购那么多公司属于行业老大，做大做强了树大招风，肯定被心怀鬼胎的人心术不正落井下石了造成今天局面，害大家搭伙烧被子，目前大家都知道中安消利空，加上停牌这么久开盘都想挂跌停卖出股票，这两天中安消挂那么多跌停单，实际有没有成交的呢？包括，机构，散户，庄家，肯定没有成交的，既然挂跌停卖不出，大家不防都撤单或者挂涨停价试试，既然大家都挂跌停也卖不出股票，股票价格还缩水，机构想拉看见那么多跌停票敢拉吗，其实中安消利空，土狗，机构，庄家，都不愿意，都被套，他们也在想方设法稳定股票让股票涨上去，大家发现没有中国股票不是价值投资，以前的妖股都是不好的股票才成妖股的，希望大家明白一个价值一亿股票，跌百分之10，不是真滴卖出了一千万才跌百分之10，而是有人愿意百分之10卖出所以股票缩水了，同样的道理股票涨百分之百不是股票真滴成交了一亿，而是大家的股票都不愿意卖出，有人想出百分之百来买股票，有人想卖就成交，没有人卖出，对方想出更高价格买，股票价值就更高了。大家醒醒好吗不要在上心术不正的人当了明天挂涨停在不要挂跌停好吗，挂跌停也卖不出不如挂涨停试试好吗，希望大家考虑吧
你在白日做梦，亲父仔都没那么齐心，你要我存1、2万股跌停价卖给你。,"https://guba.eastmoney.com/news,600654,651097089.html",2017-06-04 23:16:55,你在白日做梦，亲父仔都没那么齐心，你要我存1、2万股跌停价卖给你。
多空应该利用周末达成协议，周一开板，请各位壮士烈士不要再挂板了,"https://guba.eastmoney.com/news,600654,651067972.html",2017-06-04 20:16:03,多空应该利用周末达成协议，周一开板，请各位壮士烈士不要再挂板了
今天买的 十年后会给你们解套的[大笑][大笑][大笑][大笑],"https://guba.eastmoney.com/news,600654,649062111.html",2017-05-31 14:48:08,今天买的 十年后会给你们解套的
沪市上市公司公告(6月5日) 来源：东方财富网 卧龙地产：拟控股手游公司君海网络,"https://guba.eastmoney.com/news,600654,651094065.html",2017-06-04 22:56:27,"沪市上市公司公告(6月5日)
来源：东方财富网
卧龙地产：拟控股手游公司君海网络
卧龙地产(600173)发布公告称，公司拟6.42亿元现金收购陈金海、葛坤洪等持有的君海网络38%股权。交易完成后，公司将持有君海网络51%股权。君海网络专注于手机游戏发行和运营服务，交易方承诺其2017年-2019年的税后净利润数分别为1.3亿元、1.69亿元和2.2亿元。且陈金海、葛坤洪应当以部分交易价款从二级市场认购分别不低于6000万元和2000万元卧龙地产股份。
三峡新材：实施10转5派0.4元方案
三峡新材(600293)发布公告称，公司2016年年度权益分派方案为向全体股东每股派发现金红利0.04元(含税)；以资本公积金向全体股东每10股转增5股。股权登记日为2017年6月9日；除权除息日为2017年6月12日。
海正药业：美国FDA解除公司原料药进口禁令
海正药业(600267)发布公告称，继5月22日美国食药局(FDA)官方正式通知解除公司人用原料药进口禁令后，近日公司收到FDA官方警告信关闭通知函，及通过FDA官网获悉对公司兽用原料药进口禁令已解除。公司在美注册批准的全部产品将正常出口。本次解除禁令涉及4个兽用原料药，在美国市场2015年1-8月销售收入8798万元，占公司营收的1.34%，销售毛利为6203万元，占销售毛利比重为3.63%。
浦发银行：董事任职资格获中国银监会核准
浦发银行(600000)发布公告称，近日，公司收到《中国银监会关于浦发银行傅帆、陈维中任职资格的批复》，中国银监会已核准傅帆先生、陈维中先生分别担任公司董事、独立董事的任职资格。
中体产业：大股东股权转让审批工作仍在进行 5日复牌
中体产业(600158)披露第一大股东股份转让最新进展，基金中心已组织论证本次股份转让初步方案及交易可行性，完成内部审议程序，形成申请材料对外报送，并正在履行国家体育总局和财政部的审批程序。目前，相关审批工作仍在进行中。根据相关规则及监管部门要求，经公司申请，公司股票将于6月5日起复牌。
*ST中安：不存在超过6亿元筹码面临爆仓的情形
*ST中安(600654)发布澄清公告称，近日有媒体报道称公司目前有超过6亿元的筹码正在面临爆仓风险，且多个重大项目涉嫌财务造假。公司表示，截至目前，公司第一期员工持股计划已进入清算阶段，第二期员工持股计划及实控人增持公司股份的中安消增持1号均已无杠杆融资，不存在爆仓风险。公司目前不存在超过6亿元筹码面临爆仓风险的情形。此外，公司亦不存在虚增合同金额等情形。
大湖股份： 拟发起设立垂钓公司开展水上运动休闲旅游业务
大湖股份(600257)发布公告称，公司与北京山水视窗文化传播公司发起设立成立北京山水垂钓体育文化有限公司。其中大湖股份出资510万元，占注册资本的51%。山水视窗拥有《四海钓鱼》频道的运营权。公司表示，通过合作可以引进全国性大型垂钓赛事活动落户公司旗下渔场；借助《四海钓鱼》频道加强大湖品牌、资源、优质水产品的宣传推广。
杭萧钢构：未在雄安新区设分支机构及承接相关项目
杭萧钢构(600477)发布公告称，近日，有券商发布公司相关研究报告，提及公司“深入布局雄安新区核心区域”、“受益雄安新区建设”相关内容，表述不准确。经核实，目前，公司未在雄安新区设有分支机构(包括子公司、参股公司)。截至目前，公司及控股子公司、参股公司未在雄安新区承接相关项目。在河北省(含雄安新区)尚未有5-8元/平方米的资源使用收入。
佳都科技：两子公司合计中标8257万元项目
佳都科技(600728)发布公告称，全资子公司新科佳都和华之源分别中标武汉市轨道交通自动售检票系统清分中心二期工程项目、宁波3号线及宁奉城际视频监控项目，中标金额分别为4480万元和3777万元，中标金额合计8257万元，占公司2016年度营业收入的2.90%。
网达软件：中标745万元智慧城市项目
网达软件(603189)发布公告称，公司收到上海市浦东新区政府采购中心发来的中标通知书，公司成为“自贸区综合服务平台项目”的中标人，中标金额745万元。公司表示，该项目中标，标志着公司在智慧城市领域取得了重大突破。
中国神华：控股股东拟筹划涉及公司重大事项 5日起停牌
中国神华发布公告称，公司接到公司控股股东神华集团有限责任公司通知，获悉其拟筹划涉及公司的重大事项，该事项存在重大不确定性，尚需获得有关主管部门批准。经申请，公司股票自6月5日起停牌。
国电电力：控股股东拟筹划重大事项 5日起停牌
国电电力发布公告称，公司控股股东中国国电集团公司拟筹划涉及公司的重大事项，该事项存在重大不确定性，尚需获得有关主管部门批准。公司股票自6月5日起停牌。
国旅联合：停牌筹划重组事项
国旅联合(600358)发布公告称，公司拟筹划重大事项可能涉及重大资产重组，鉴于该事项存在重大不确定性，经申请，公司股票自6月5日起停牌。
（来源：东方财富网 2017-06-04 21:36）
展开阅读全文"
这股就算跌到5元都还存在巨大泡沫[大笑][大笑][大笑][大笑],"https://guba.eastmoney.com/news,600654,649285259.html",2017-05-31 21:12:32,这股就算跌到5元都还存在巨大泡沫
朋友们仔细看看，想想，中安消终于渡过难关，一切都水落石出，中小股民支持你。 对于,"https://guba.eastmoney.com/news,600654,651093197.html",2017-06-04 22:47:21,"朋友们仔细看看，想想，中安消终于渡过难关，一切都水落石出，中小股民支持你。
对于那些造谣惑众，诬告陷害中安消公司和股东的害群之马，将被绳之以法。"
下周一定会开板！不开我吃变态和萝卜大翔！！[加油][加油][加油],"https://guba.eastmoney.com/news,600654,650983701.html",2017-06-04 13:32:02,下周一定会开板！不开我吃变态和萝卜大翔！！
明天看样子开板很难[傲],"https://guba.eastmoney.com/news,600654,651092158.html",2017-06-04 22:40:43,明天看样子开板很难
看看神雾双雄明日复牌！大股东全部增持！[赞],"https://guba.eastmoney.com/news,600654,651084247.html",2017-06-04 21:47:37,看看神雾双雄明日复牌！大股东全部增持！
停牌后的结果就是跌停，无良企业，曹尼玛,"https://guba.eastmoney.com/news,600654,649074938.html",2017-05-31 15:04:53,停牌后的结果就是跌停，无良企业，曹尼玛
600654全是主力在跑，散户还没来得及走，咋办？,"https://guba.eastmoney.com/news,600654,649016738.html",2017-05-31 13:51:27,600654全是主力在跑，散户还没来得及走，咋办？
在我个人看来，从这么多各方面新闻来看，中安消公司从各方面都不错，从上三十年内可以,"https://guba.eastmoney.com/news,600654,651032196.html",2017-06-04 17:27:37,在我个人看来，从这么多各方面新闻来看，中安消公司从各方面都不错，从上三十年内可以实现，仅个人关点，为啥sT，无非是德勤非标了，而且所谓的非标也是几个小公司没实识给与它回答，他也没对中安消旗下大多公司说啥，而且中安消公司对它的回决，它也没说否，所以我还是看好，至于这几个板，有恐慌，和补跌音素在里面，从停排到现在，大多中小创以跌百分之五十左右，所以个人认为大家不必太恐慌，，，
我还是建议停牌，等大盘4000点，脱帽再复牌,"https://guba.eastmoney.com/news,600654,651037197.html",2017-06-04 17:46:15,我还是建议停牌，等大盘4000点，脱帽再复牌
中安消因财务造假，除处罚外还要对财务造假年度内持股的投资进行赔偿，这样才合理。,"https://guba.eastmoney.com/news,600654,648790612.html",2017-05-31 00:09:54,中安消因财务造假，除处罚外还要对财务造假年度内持股的投资进行赔偿，这样才合理。
唱多的，你们倒是快接单啊！！一带一路，海外并购，大帽子用的不是1616的吗？怎么,"https://guba.eastmoney.com/news,600654,648962617.html",2017-05-31 12:07:30,唱多的，你们倒是快接单啊！！一带一路，海外并购，大帽子用的不是1616的吗？怎么现在不敢接单？
迟来的澄清公告，迟来的投资者说明会，还有迟来的大华审计报告,"https://guba.eastmoney.com/news,600654,651067639.html",2017-06-04 20:16:08,"中安消的澄清公告给市场一剂强心针，安防板块在周末英国恐怖袭击的影响下，周一会有表现。大的市场环境在IPO发行放缓的利好下，会触底反弹。

希望明天中安消能有机会强势开盘！"
星期天大家都不休息，提醒广大股友： 现在散户挂单就是自杀。 小散户只有耐心等待，,"https://guba.eastmoney.com/news,600654,651008182.html",2017-06-04 15:37:16,"星期天大家都不休息，提醒广大股友：
现在散户挂单就是自杀。
小散户只有耐心等待，不要上当受骗。变态，萝卜，踏空，因为利益冲突，出自同门，故意陷害中安消，它们是受人指使来害人的。。（公司准备报案追查了）。"
各位还是撤了吧，我还是昨天晚上挂的，完全没有卖掉的希望,"https://guba.eastmoney.com/news,600654,649584205.html",2017-06-01 12:30:11,各位还是撤了吧，我还是昨天晚上挂的，完全没有卖掉的希望
变态哥再次提醒，涂狗收购波兰公司必黄，收购款要通过香港一家私募募集，由中安消进行,"https://guba.eastmoney.com/news,600654,649412142.html",2017-06-01 07:40:38,变态哥再次提醒，涂狗收购波兰公司必黄，收购款要通过香港一家私募募集，由中安消进行担保。本来跨境担保效力就不高，万一还不出怎么执行？涂狗在香港有多少可以被执行的资产？更何况现在被st了，更没人信涂狗的担保效力。私募的合格投资者不是傻子，根本不会像a股的小散那样容易上当
雾里看花，水中望月，月朦胧，鸟朦胧,"https://guba.eastmoney.com/news,600654,651089361.html",2017-06-04 22:20:18,雾里看花，水中望月，月朦胧，鸟朦胧
中安消已经积极整改中安消技术有限公司总经理周侠已经被辞退回苏州老家，实际上离开中,"https://guba.eastmoney.com/news,600654,650052144.html",2017-06-02 07:21:00,中安消已经积极整改中安消技术有限公司总经理周侠已经被辞退回苏州老家，实际上离开中安消避责，八个运营中心将裁撤成三个，大量冗余人员被裁掉，轻装上阵
公司周围有大量警车，估计出大事了，,"https://guba.eastmoney.com/news,600654,650112514.html",2017-06-02 09:49:19,公司周围有大量警车，估计出大事了，
飞流直下三千尺…！,"https://guba.eastmoney.com/news,600654,650457988.html",2017-06-02 18:27:35,飞流直下三千尺…！
变态自从开盘后就消失了？,"https://guba.eastmoney.com/news,600654,651079532.html",2017-06-04 21:15:31,变态自从开盘后就消失了？
自掘坟墓！我们小散亏点也没事，毕竟不可能只买了一个股，就让中安消的富豪变成土狗吧,"https://guba.eastmoney.com/news,600654,651084287.html",2017-06-04 21:47:53,自掘坟墓！我们小散亏点也没事，毕竟不可能只买了一个股，就让中安消的富豪变成土狗吧！
我怀疑萝卜或者变态是周侠，被涂总开除了怀恨在心，天天造谣，诽谤,"https://guba.eastmoney.com/news,600654,650868141.html",2017-06-03 21:45:30,我怀疑萝卜或者变态是周侠，被涂总开除了怀恨在心，天天造谣，诽谤
萝卜是周侠,"https://guba.eastmoney.com/news,600654,650869827.html",2017-06-03 21:54:32,萝卜是周侠
如果中安消退市，保荐机构，上海国资委是必须赔钱的,"https://guba.eastmoney.com/news,600654,651018943.html",2017-06-04 16:26:40,如果中安消退市，保荐机构，上海国资委是必须赔钱的
听天由命。如果明天开板的话，再反对议案，也不亏。关键能开不？,"https://guba.eastmoney.com/news,600654,651080221.html",2017-06-04 21:22:02,听天由命。如果明天开板的话，再反对议案，也不亏。关键能开不？
这段时间害的吃不好睡不好该怎么办呀,"https://guba.eastmoney.com/news,600654,651084908.html",2017-06-04 21:49:37,这段时间害的吃不好睡不好该怎么办呀
骂萝卜和变态的，都是输不起的渣。事实证明他们说的没错！连事实都不愿意承认的，不亏,"https://guba.eastmoney.com/news,600654,650973318.html",2017-06-04 12:26:35,骂萝卜和变态的，都是输不起的渣。事实证明他们说的没错！连事实都不愿意承认的，不亏钱才怪！该骂的是土狗，一手好牌玩砸了，犯下这么低级的错误，害十万股民陪葬！
想想明天大盘可能反弹了，大部分股票都随着反弹，可是中安消还在不断跌停，心都要碎了,"https://guba.eastmoney.com/news,600654,651008641.html",2017-06-04 15:42:50,想想明天大盘可能反弹了，大部分股票都随着反弹，可是中安消还在不断跌停，心都要碎了。。。
不说造假不造假 先看看同类亏损的而且前期十几倍涨幅的公司都跌了多少。跌到最高点1,"https://guba.eastmoney.com/news,600654,651079577.html",2017-06-04 21:17:08,不说造假不造假 先看看同类亏损的而且前期十几倍涨幅的公司都跌了多少。跌到最高点1/5是正常的。
有谁见过连续几个月，几乎24小时不眠不休的守在股吧里，在几乎每一个帖子后面跟帖，,"https://guba.eastmoney.com/news,600654,651029810.html",2017-06-04 17:15:49,有谁见过连续几个月，几乎24小时不眠不休的守在股吧里，在几乎每一个帖子后面跟帖，用最恶毒甚至下流的语言谩骂、诋毁自己股票的公司和公司大股东？而且最后证明他还真说对了一些，这是一般散户吗？他怎么提前知道的？消息从哪里来的？为什么这么卖力？大家想想吧。
对了错了希望一笑而过,"https://guba.eastmoney.com/news,600654,651079468.html",2017-06-04 21:14:47,现在经过反弹之后
理性分析：每天竞价第一笔大单都是78万手，这绝对不是散户了。后面陆陆续续增加到稳,"https://guba.eastmoney.com/news,600654,651005499.html",2017-06-04 15:26:04,理性分析：每天竞价第一笔大单都是78万手，这绝对不是散户了。后面陆陆续续增加到稳定110万手，增加这部分是散户跑路无疑，大概30多万手。也就说散户抛单最多4，5个亿。只要机构撤单，翘板也只是瞬间的事。我们考虑这每天78万手压盘的目的是什么？反正它也卖不出的。
再次证明，中安消，涂总被幕后黑手黑了，树大招风，在中国真的就是这样!! 中安消这,"https://guba.eastmoney.com/news,600654,651050946.html",2017-06-04 18:53:26,再次证明，中安消，涂总被幕后黑手黑了，树大招风，在中国真的就是这样!! 中安消这次劫难，看到的是幕后台前群魔乱舞，诸如叶某某，吧里没有一股确有超乎常理的热情的装疯卖傻的萝卜，变态。。。苍天有眼，清则自清，阿弥陀佛，保佑安消否极泰来，涅槃重生，阿弥陀佛。。。。
都他妈什么，亏损近十万了,"https://guba.eastmoney.com/news,600654,651046416.html",2017-06-04 18:30:01,都他妈什么，亏损近十万了
星期一50亿资金拗板，看你们怕不怕,"https://guba.eastmoney.com/news,600654,651013893.html",2017-06-04 16:06:57,星期一50亿资金拗板，看你们怕不怕
倒血霉了，扔都扔不掉艹,"https://guba.eastmoney.com/news,600654,651049879.html",2017-06-04 18:48:12,倒血霉了，扔都扔不掉艹
武汉艾崴科技有限公司，这种公司产品，中安消要及时去了解,"https://guba.eastmoney.com/news,600654,651067094.html",2017-06-04 20:11:27,武汉艾崴科技有限公司，这种公司产品，中安消要及时去了解，如确实可靠有广泛市场的可以参股或收购！！
明天*st中安股价如何？,"https://guba.eastmoney.com/news,600654,651051574.html",2017-06-04 18:58:36,明天*st中安股价如何？
中安消事已至此，落井下石者，其心可诛！,"https://guba.eastmoney.com/news,600654,651023798.html",2017-06-04 16:48:59,"【本帖昨天中午发出，下午股吧就顶起几十个旧公告把本帖淹没，我只能再发一次了，看看别有用心之人还能淹没我几次】
中安消股民被媒体评为史上最憋屈的股民，在经历了长达5个月的漫长停牌之后，公司从当初基金扎堆、券商推荐、前景看好的准绩优股，一夜之间变成了万人唾弃的*st，其间的煎熬、痛苦、损失大家都感同身受。
中国股市，信息从来不对称，否则也不可能出现停牌前基金尽数跑完，也不可能有股评黑嘴“叶某人”、股吧里“我不是变态”、“亲爱的萝卜啊啊”等人先知先觉的持续攻击、抹黑中安消。
他们绝不是中安消的股民，而是一群别有用心的有计划、有预谋的股市屠夫，股市是一场血腥的博弈，当我们痛不欲生时，有人正躲在阴暗的角落里暗自高兴呢。
有谁见过连续几个月，几乎24小时不眠不休的守在股吧里，在几乎每一个帖子后面跟帖，用最恶毒甚至下流的语言谩骂、诋毁自己股票的公司和公司大股东？而且最后证明他还真说对了一些，这是一般散户吗？他怎么提前知道的？消息从哪里来的？为什么这么卖力？大家想想吧。
散户朋友们，看着股票天天跌停、卖不出去，人人心里难受，在股吧里发泄一些怨气本也无可厚非，但我们在股吧里大量指责、攻击、谩骂公司，再加上别有用心的故意放大负面消息，形成一种恐慌的氛围，这样的结果对谁有利，不言自明。
事已至此，我等散户能做什么，是在这里毫无意义的掰扯是非曲直？毫无理性的谩骂让公司形象更坏、让股价更低？不切实际的现在就叫嚷索赔？每天争先恐后的在跌停板上互相踩踏？还是保持一份定力和安静、不成为那些等着低位接我们血的别有用心者的帮凶、静静等待股价自然走稳？
中安消目前虽很困难，但既然已经开盘，就基本没有退市风险，经历这么大的风波，短期股价大幅波动在所难免，但总有走稳的一天，我们何必互相中伤、互相踩踏。
中安消股票无疑没有过去值钱了，但并非一钱不值，从股票停牌开始，股吧就充满了怪异的现象，说明觊觎我们手中股票乃至于大股东地位的大有人在，我们一定要擦亮眼睛。
事到如今，持有中安消的11万股民，无不流血流泪，13亿融资账户，更是岌岌可危，我们憋屈，却无处伸冤。
下一步，什么极端事件都有可能发生，再落井下石者，其心可诛！"
我两账户，都是600654，都不敢看账户，别说挂跌停单，我发誓我挂单就被车闯死，,"https://guba.eastmoney.com/news,600654,650930379.html",2017-06-04 07:34:40,我两账户，都是600654，都不敢看账户，别说挂跌停单，我发誓我挂单就被车闯死，求你们有票大户，不要挂了，补仓，不要作死，赶尽杀绝，留点德，有多少跳楼的，过年没钱过年，停半年啊，没法成交，为啥卖不出去也要挂单，作死节奏，都一起死，
中安消的管理们学学董明珠吧,"https://guba.eastmoney.com/news,600654,651055890.html",2017-06-04 19:17:11,中安消的管理们学学董明珠吧
希望是另外一个汉能，经过挫折后还能重新崛起，否则大家都是输家。非标问题目前不是最,"https://guba.eastmoney.com/news,600654,651052612.html",2017-06-04 19:03:12,希望是另外一个汉能，经过挫折后还能重新崛起，否则大家都是输家。非标问题目前不是最严重的了，证监会立案调查是最大的风险……明天能破板吗？
星期天大家都不休息，提醒广大股友： 现在散户挂单就是自杀。想想看如果有事也挂不了,"https://guba.eastmoney.com/news,600654,651009620.html",2017-06-04 15:43:59,"星期天大家都不休息，提醒广大股友：
现在散户挂单就是自杀。想想看如果有事也挂不了，如果没事，突然被吃去就是地板价，中圈套，拿了那么长时间的票被空狗拿去了。
小散户只有耐心等待，不要上当受骗。变态，萝卜，踏空，因为利益冲突，出自同门，故意陷害中安消，它们是受人指使来害人的。。（公司准备报案追查了）。"
明天*st股价如何？,"https://guba.eastmoney.com/news,600654,651051302.html",2017-06-04 18:55:37,明天*st股价如何？
社保基金惨痛的教训啊,"https://guba.eastmoney.com/news,600654,651033676.html",2017-06-04 17:30:06,社保基金惨痛的教训啊
因为st 大量融资盘涌出 没有流动性了 谁能注入 唯涂而已 界面用了暗示 引人联,"https://guba.eastmoney.com/news,600654,650990409.html",2017-06-04 14:15:12,因为st 大量融资盘涌出 没有流动性了 谁能注入 唯涂而已 界面用了暗示 引人联想 但取证却用了不同的方式 为什么不直接联系总院 海润光伏 不要忘了 这些数字本来就不在现在报表中 涂还要赔偿对赌 为利而来 为利而往 静待晚上公告吧
萝卜是大吊，同意的点赞,"https://guba.eastmoney.com/news,600654,650956019.html",2017-06-04 10:38:56,萝卜是大吊，同意的点赞
中安消信息产业中收入排名第28位,"https://guba.eastmoney.com/news,600654,651014007.html",2017-06-04 16:07:27,中安消信息产业中收入排名第28位
股东朋友们大家清醒一点：变态、萝卜、踏雪等等就是同一个狗托派的，出于卑鄙的目的，,"https://guba.eastmoney.com/news,600654,650866437.html",2017-06-03 21:34:57,股东朋友们大家清醒一点：变态、萝卜、踏雪等等就是同一个狗托派的，出于卑鄙的目的，天天候在这里欺骗散户，是什么人、目的是干什么，卑鄙的空托想清缴散户的筹码，，大家团结起来，不挂空单，不被忽悠，涨3个也不抛，六月目标涨回18，年内30以上再给它们。。。
公司账面17亿现金，可以用10亿来增持不？,"https://guba.eastmoney.com/news,600654,650959974.html",2017-06-04 11:04:45,公司账面17亿现金，可以用10亿来增持不？
涂国身作假了20几年居然没被发现？是有人眼红故意诽谤，还是手段高明，暗渡陈仓？请,"https://guba.eastmoney.com/news,600654,650938471.html",2017-06-04 08:48:58,涂国身作假了20几年居然没被发现？是有人眼红故意诽谤，还是手段高明，暗渡陈仓？请看今晚7点播出的焦点访谈
理性分析，融资盘处在爆仓边缘如果再不开板，每天都是100万手，如果开板，大家都会,"https://guba.eastmoney.com/news,600654,651007090.html",2017-06-04 15:31:39,理性分析，融资盘处在爆仓边缘如果再不开板，每天都是100万手，如果开板，大家都会找到自救资金买入
股价跌停，一字板，为啥公司不赶快出大华审计，成天发些没用公告，坑害们持股一年股东,"https://guba.eastmoney.com/news,600654,650906521.html",2017-06-04 03:04:16,"股价跌停，一字板，为啥公司不赶快出大华审计，成天发些没用公告，坑害们持股一年股东，停牌干嘛，骗人造假，带st,不把st去掉就复牌，你们公司领导就是没人性畜生，我们被关半年没法交易，出来卖都卖不出去，你们难道不知道为什么，畜生公司，骗子，停半年，忽悠重组，停成st,我们要维权，赔我们损失"
其他公司早就发公告澄清了，这个烂公司，没人出面，看来问题不小，应该停牌核查,"https://guba.eastmoney.com/news,600654,650931875.html",2017-06-04 07:53:06,其他公司早就发公告澄清了，这个烂公司，没人出面，看来问题不小，应该停牌核查
明天跌停是肯定的，关键是明天有不有量,"https://guba.eastmoney.com/news,600654,650938940.html",2017-06-04 08:51:27,明天跌停是肯定的，关键是明天有不有量
搞了半天网络投票平台。反对票，让涂狗送15%票来。都亏死了，一屁股债,"https://guba.eastmoney.com/news,600654,650797963.html",2017-06-03 16:11:31,搞了半天网络投票平台。反对票，让涂狗送15%票来。都亏死了，一屁股债
星期一涨就卖，跌就买，就这么定了,"https://guba.eastmoney.com/news,600654,650997470.html",2017-06-04 14:47:27,星期一涨就卖，跌就买，就这么定了
仓鼠之粪知丑乎,"https://guba.eastmoney.com/news,600654,650980854.html",2017-06-04 13:14:14,涂肯定没管理好公司或者说用人不当，公司布局没有问题，但效率低下，管理问题是暴露无遗！但在停牌后，类似叶檀、变态萝卜此类更可恨，落井下石，伤口撒盐，即使所说再对，都是马后炮，对于所有投资人都没有任何正面作用，打着帮助散户认清涂的幌子，制造恐慌加剧事态往更恶劣的方向发展，居心不良。尔等是何眼神？何心态？欲为仓鼠之粪鸣不平？愚夫莽夫也！
昨天冲高走了坐等回调五日线附近接回,"https://guba.eastmoney.com/news,600654,650943644.html",2017-06-04 09:25:37,主力出货.快走！
各位股友大人大德，请手下留情吧！求您别再落井下石，现在说再多都没用，请大家面对现,"https://guba.eastmoney.com/news,600654,650982861.html",2017-06-04 13:27:38,各位股友大人大德，请手下留情吧！求您别再落井下石，现在说再多都没用，请大家面对现实耐心等待，事实真相总有水落石出的一天，想要向这家公司索取赔偿，也得证监会出的行政命令才行
据了解，大连重工之前抛出了上市公司以1元/股的价格回购大股东所补偿的股份。但方案,"https://guba.eastmoney.com/news,600654,650858568.html",2017-06-03 20:46:39,"据了解，大连重工之前抛出了上市公司以1元/股的价格回购大股东所补偿的股份。但方案在股东大会上被否决之后，大股东便宣布进行股票赠予。
由于存在巨大的套利空间，大连重工股价在弱市环境下一路飙升，从最低5.34元涨到了最高19.18元。但对价送股，获赠股份后，瞬间浮盈82%。市场会自动除权，套利出货，引发股权登记日之后的5个交易日内连续跌停，来不及出逃的投资者只是纸面富贵了一把。
虽然大连重工大股东起重集团此次代价巨大，但在不少市场人士看来，却是为保护中小股东开了个好头。强烈要求投反对票"
白挂一天吧！闲的没事为空狗站岗，明天继续跌，你们继续挂，要能卖出去你祖坟冒烟！都,"https://guba.eastmoney.com/news,600654,649057691.html",2017-05-31 14:44:42,白挂一天吧！闲的没事为空狗站岗，明天继续跌，你们继续挂，要能卖出去你祖坟冒烟！都别挂还能少跌几个板！
股惑仔6真是傻瓜一个，没脑子一边呆去。骂娘也没办法,"https://guba.eastmoney.com/news,600654,650964852.html",2017-06-04 11:35:59,股惑仔6真是傻瓜一个，没脑子一边呆去。骂娘也没办法
现在这情况应该抓紧以自查名义再停牌，并加快速度审计,"https://guba.eastmoney.com/news,600654,650946441.html",2017-06-04 09:42:52,现在这情况应该抓紧再申请停牌，并加快速度审计，到时澄清加利好才能稳住人心，稳住股价，老涂你是真不懂吗？还是根本就知道审计不会好结果啊？两个无量跌停趋势就出来了，就这他么跌下去，哪有头啊。观察你几个月了，在应对和处理无论内部的还是外部的各种事件都不过关啊，资本市场怎么混这么多年的呢，全靠运气？？？假如再有两三个跌停你再想办法应对，毛也来不及了，，，i服了you
最近的消消确实让人不得消停，也许今晚会公告停牌，奇怪的是这次投资者互动会内容公司,"https://guba.eastmoney.com/news,600654,650946350.html",2017-06-04 09:40:33,最近的消消确实让人不得消停，也许今晚会公告停牌，奇怪的是这次投资者互动会内容公司居然没有公告，而是通过股友们的帖子碎片得知，互动会有网友提问做假事项，涂是否认的，所以这些都是证据，如果真没作假，我们只能等，也许会有柳暗花明的一天；如果作假，那就是涂没有说实话，我们肯定可以索赔。也许今晚继续没公告，本来预期是三个地板打开，现在看来还要熬两天，只是苦了那些融资盘的股友，连踩踏的机会都没有 ，没有融资的朋友就只能暂时鸵鸟政策吧！希望大家能理性一点，因为现阶段，不管我们如何着急也于事无补。既然买了这个股票，只能希望大股东能真正采取有效措施，正如签名有个股友起卦所说，要正视问题，不能回避了。大华的审计预计什么时候有说法?这个很重要。停牌是因为收购波兰公司，复牌是因为否定意见审计报告，真有点百思不得其解。
老章o 楼主  2017-06-04 10:23 53980楼 美国黑水创始人普,"https://guba.eastmoney.com/news,600654,650960847.html",2017-06-04 11:10:43,"老章o 楼主
2017-06-04 10:23
53980楼
美国黑水创始人普林斯入股中国最大防暴恐学校：中国版佣兵之王来了"
我要索赔。,"https://guba.eastmoney.com/news,600654,650845495.html",2017-06-03 19:38:15,股吧被人为控制，索赔程序无法上传。怎么办？
俺看比000033还要好。。,"https://guba.eastmoney.com/news,600654,650952763.html",2017-06-04 10:21:51,
推进保安服务业的发展不但可以优化服务产业结构，吸纳大量的剩余劳动力，缓解政府就业,"https://guba.eastmoney.com/news,600654,650952665.html",2017-06-04 10:20:48,"推进保安服务业的发展不但可以优化服务产业结构，吸纳大量的剩余劳动力，缓解政府就业压力;更能完善新时期群防群治工作，增强社会治安防控能力，缓解公安机关警力不足的矛盾，进而满足社会各界不同层次的安全服务需求，最终达到营造良好的社会环境和政治氛围的目的。
不过，从人均角度来说，我国保安服务人员在全国人口总数比重不大，与发达国家的保安服务业相比差距明显，未来还有很大增长空间。我国保安服务单位规模小的不足百人，规模大的数千人，万人规模的屈指可数。而美国平克顿侦探公司雇员有35000人，英国“G4S”拥有雇员70万人，高下立判。
随着加入WTO，我们的保安业也应在国际保安服务业市场上占有一席之地。展望保安业的未来，充满信心，保安的业务不能仅停留在简单的看家护院、巡逻站岗上，要把它当作一个产业来发展，现有的保安公司必须利用自身的市场优势，尽快完成从单纯的服务业向保安业的转变。
目前，各地基本上是以行政区划为范围设置保安公司的，形成了保安公司画地为牢，只能在自己的区域开展业务，跨地区、跨行业、跨部门的保安业务难以开展，客观上导致了保安服务行业的行业垄断和自我封闭，使其失去了应有的活力。"
为什么大股东会大量减持，因为股价太高，垃圾不,"https://guba.eastmoney.com/news,600654,650934183.html",2017-06-04 08:16:25,喝酒买醉
公司债券这两天企稳反弹,"https://guba.eastmoney.com/news,600654,650940896.html",2017-06-04 09:06:58,公司债券这两天企稳反弹
好股,"https://guba.eastmoney.com/news,600654,650939600.html",2017-06-04 08:58:36,好股
谁知道公告里面告状打官司是怎么回事  还有邮箱号 2017年前持有的公司说给索赔,"https://guba.eastmoney.com/news,600654,650937163.html",2017-06-04 08:40:48,谁知道公告里面告状打官司是怎么回事 还有邮箱号 2017年前持有的公司说给索赔
为什么挂单，撤单吧，成交不了，不要作死，有票的,"https://guba.eastmoney.com/news,600654,650169460.html",2017-06-02 10:56:28,为什么挂单，撤单吧，成交不了，不要作死，有票的
"早上特意起了一卦，无妄卦，九四和九五变爻，以九五爻词为主：&quot;无妄之疾，勿药有喜,","https://guba.eastmoney.com/news,600654,650826648.html",2017-06-03 18:13:03,"早上特意起了一卦，无妄卦，九四和九五变爻，以九五爻词为主：""无妄之疾，勿药有喜,""意思是：没有虚妄却生了病，不用吃药也会痊愈。中安要做到真诚，认真修德，真相才能大白天下。九四爻词：“可贞，无咎”，可以正固而没有灾难。无妄卦的启示：人若真诚，回归本来状态，“其匪正有眚”，如果不守正就会有危难”。"
中安消事已至此，落井下石者，其心可诛！,"https://guba.eastmoney.com/news,600654,650718334.html",2017-06-03 11:35:59,"中安消股民被媒体评为史上最憋屈的股民，在经历了长达5个月的漫长停牌之后，公司从当初基金扎堆、券商推荐、前景看好的准绩优股，一夜之间变成了万人唾弃的*st，其间的煎熬、痛苦、损失大家都感同身受。
中国股市，信息从来不对称，否则也不可能出现停牌前基金尽数跑完，也不可能有股评黑嘴“叶某人”、股吧里“我不是变态”、“亲爱的萝卜啊啊”等人先知先觉的持续攻击、抹黑中安消。
他们绝不是中安消的股民，而是一群别有用心的有计划、有预谋的股市屠夫，股市是一场血腥的博弈，当我们痛不欲生时，有人正躲在阴暗的角落里暗自高兴呢。
散户朋友们，看着股票天天跌停、卖不出去，人人心里难受，在股吧里发泄一些怨气本也无可厚非，但我们在股吧里大量指责、攻击、谩骂公司，再加上别有用心的故意放大负面消息，形成一种恐慌的氛围，这样的结果对谁有利，不言自明。
事已至此，我等散户能做什么，是在这里毫无意义的掰扯是非曲直？毫无理性的谩骂让公司形象更坏、让股价更低？不切实际的现在就叫嚷索赔？每天争先恐后的在跌停板上互相踩踏？还是保持一份定力和安静、不成为那些等着低位接我们血的别有用心者的帮凶、静静等待股价自然走稳？
中安消目前虽很困难，但既然已经开盘，就基本没有退市风险，经历这么大的风波，短期股价大幅波动在所难免，但总有走稳的一天，我们何必互相中伤、互相踩踏。
中安消股票无疑没有过去值钱了，但并非一钱不值，从股票停牌开始，股吧就充满了怪异的现象，说明觊觎我们手中股票乃至于大股东地位的大有人在，我们一定要擦亮眼睛。
落井下石者，其心可诛！"
方面如何操作目前还缺,"https://guba.eastmoney.com/news,600654,650906358.html",2017-06-04 03:01:49,方面如何操作目前还缺方面如何操作目前还缺
一晒都是几千手 真有钱 向,"https://guba.eastmoney.com/news,600654,650905767.html",2017-06-04 02:55:15,一晒都是几千手 真有钱 向
客家人的股票，相对放心,"https://guba.eastmoney.com/news,600654,650892410.html",2017-06-04 00:25:49,[
600654:中安消关于延期回复上海证券交易所《问询函》的公告(2017/4/25),"https://guba.eastmoney.com/news,600654,633271094.html",2017-04-24 20:14:02,"公告日期：2017-04-25
证券代码：600654 证券简称：中安消 公告编号：2017-074

债券代码：125620 债券简称：15中安消

债券代码：136821 债券简称：16中安消

中安消股份有限公司

关于延期回复上海证券交易所《问询函》的公告本公司董事会及全体董事保证本公告内容不存在任何虚假记载、误导性陈述或者重大遗漏，并对其内容的真实性、准确性和完整性承担个别及连带责任。

中安消股份有限公司（以下简称“公司”）拟以现金方式进行资产收购（涉及海外资产），且构成重大资产重组。经向上海证券交易所申请，公司股票自2016年12月22日起进入重大资产重组停牌，详见公司公告《中安消重大资产重组停牌公告》（公告编号：2016-274）、《中安消重大资产重组进展暨继续停牌公告》（公告编号：2017-009）、《中安消重大资产重组继续停牌公告》（公告编号：2017-020）、《中安消关于重大资产重组继续停牌暨对上海证券交易所问询函的回复公告》（公告编号：2017-042）、《中安消关于披露重大资产重组预案暨公司股票继续停牌的公告》（公告编号：2017-048）。

2017年3月17日，公司第九届董事会第四十六次会议审议通过《关于<中

安消股份有限公司重大资产购买预案>及其摘要的议案》等议案，并于2017年3

月18日披露了《中安消重大资产购买预案》及其他相关公告。

2017年3月31日，公司收到上海证券交易所《关于对中安消股份有限公司

2017年重大资产购买预案信息披露的问询函》（上证公函【2017】0364号）（以

下简称“《问询函》”），详见公司公告《中安消关于收到上海证券交易所问询函的公告》（公告编号：2017-060）。

2017年4月21日14:00-16:40，公司在上海证券交易所交易大厅召开重大资

产重组媒体说明会，对本次重大资产重组相关情况进行详细阐述，并对媒体及投资者普遍关注的问题进行了详尽的现场答复。详见公司公告《中安消关于重大资产重组媒体说明会召开情况的公告》（公告编号：2017-070）。

截至本公告日，公司正积极组织有关各方准备《问询函》的回复工作，由于被问询事项较为复杂、涉及境外法律合规性核查，预计无法按照原定日期完成，公司特向上海证券交易所申请延期回复《问询函》，公司预计于2017年4月29日前提交回复并发布公告。延期回复期间，公司股票将继续停牌。

公司指定信息披露媒体为《中国证券报》、《上海证券报》、《证券时报》、《证券日报》及上海证券交易所网站（www.sse.com.cn），公司公开披露的信息均以在上述指定信息披露媒体刊登的内容为准。敬请广大投资者关注后续公告并注意投资风险。

特此公告。

中安消股份有限公司

董事会

2017年4月24日


[点击查看PDF原文]
提示：本网不保证其真实性和客观性，一切有关该股的有效信息，以交易所的公告为准，敬请投资者注意风险。
展开阅读全文"
600654:*ST中安关于董事变更的公告,"https://guba.eastmoney.com/news,600654,640961100.html",2017-05-11 18:52:38,"公告日期：2017-05-12
证券代码：600654 证券简称：*ST中安 公告编号：2017-100

债券代码：125620 债券简称：15中安消

债券代码：136821 债券简称：16中安消

中安消股份有限公司

关于董事变更的公告

本公司董事会及全体董事保证本公告内容不存在任何虚假记载、误导性陈述或者重大遗漏，并对其内容的真实性、准确性和完整性承担个别及连带责任。

中安消股份有限公司（以下简称“公司”）董事会于近日收到张建英女士的书面辞职报告，张建英女士因个人原因申请辞去公司董事、董事会薪酬与考核委员会及财务总监职务。辞职后，张建英女士不再担任公司任何职务。

根据《公司法》及《公司章程》的有关规定，张建英女士的辞职报告自董事会收到之日起生效。为保证公司董事会正常运作，依照《公司法》和《公司章程》的相关规定，经公司董事会提名委员会审核，董事会提名王蕾女士为公司第九届董事会董事候选人，任期从股东大会审议通过之日起至本届董事会届满之日止。

同时，补选王蕾女士为公司第九届董事会薪酬与考核委员会委员，任期从股东大会审议通过其担任董事之日起至本届董事会届满之日止。王蕾女士已同意接受提名，王蕾女士简历附后。

独立董事发表意见如下：公司董事候选人王蕾女士的提名程序符合《公司法》和《公司章程》等有关规定；经审阅王蕾女士的个人履历，不存在《公司法》第146条规定的不能担任董事、监事、高级管理人员的情形，未受过中国证监会及其他有关部门的处罚和证券交易所惩戒，也不存在其他不得担任上市公司董事之情形；经了解王蕾女士的教育背景、工作经历和身体状况，我们认为其具备董事相应的任职资格，能够胜任相关职责的工作。我们同意提名王蕾女士为公司第九届董事会董事候选人，并提交公司股东大会审议。

特此公告。

中安消股份有限公司

董事会

2017年5月11日

附：王蕾女士简历

王蕾，女，35岁，中国国籍，无境外永久居留权，香港中文大学MBA学历，

曾在九鼎企业集团（深圳）有限公司、安防科技（中国）有限公司、安防投资（中国）有限公司、中国安防技术有限公司、深圳市中恒汇志投资有限公司、陕西吉安科技防范有限责任公司、中安消股份有限公司任职。现任中安消股份有限公司副总裁兼董事会秘书。王蕾女士与公司董事、监事、高级管理人员、持有公司百分之五以上股份的股东、实际控制人之间不存在关联关系，未受过中国证监会及其他有关部门的处罚和证券交易所惩戒。不存在《公司法》、《公司章程》中规定的不得担任公司高级管理人员的情形。


[点击查看PDF原文]
提示：本网不保证其真实性和客观性，一切有关该股的有效信息，以交易所的公告为准，敬请投资者注意风险。"
600654:*ST中安关于聘任公司副总裁的公告,"https://guba.eastmoney.com/news,600654,640961126.html",2017-05-11 18:52:40,"公告日期：2017-05-12
证券代码：600654 证券简称：*ST中安 公告编号：2017-102

债券代码：125620 债券简称：15中安消

债券代码：136821 债券简称：16中安消

中安消股份有限公司

关于聘任公司副总裁的公告

本公司董事会及全体董事保证本公告内容不存在任何虚假记载、误导性陈述或者重大遗漏，并对其内容的真实性、准确性和完整性承担个别及连带责任。

为保证中安消股份有限公司（以下简称“公司”）经营管理工作的有序开展，根据《公司法》及《公司章程》的有关规定，经公司总裁付欣先生提名，经公司提名委员会审议通过，并经公司第九届董事会第五十次会议审议通过，同意聘任张佳捷先生为公司副总裁，任期自本次董事会审议通过之日起至本届董事会届满之日止。

独立董事发表意见如下：公司聘任张佳捷先生担任公司副总裁的程序符合《公司法》和《公司章程》等有关规定；经审阅张佳捷先生的个人履历，不存在《公司法》第146条规定的不能担任董事、监事、高级管理人员的情形，未受过中国证监会及其他有关部门的处罚和证券交易所惩戒，也不存在其他不得担任上市公司高级管理人员之情形；经了解张佳捷先生的教育背景、工作经历和身体状况，我们认为其能够胜任副总裁相关职责的工作。我们同意聘任张佳捷先生为公司副总裁。

特此公告。

中安消股份有限公司

董事会

2017年5月11日

附：张佳捷先生简历

张佳捷，男，46 岁，中国国籍，无境外永久居留权，大学本科学历，具有

高级工程师、国家注册级建造师、上海市技防专家资格。曾任职于上海住总集团建设发展有限公司、上海延华智能科技（集团）股份有限公司，现任上海擎天电子科技有限公司总经理。张佳捷先生与公司董事、监事、高级管理人员、持有公司百分之五以上股份的股东、实际控制人之间不存在关联关系，未受过中国证监会及其他有关部门的处罚和证券交易所惩戒。不存在《公司法》、《公司章程》中规定的不得担任公司高级管理人员的情形。


[点击查看PDF原文]
提示：本网不保证其真实性和客观性，一切有关该股的有效信息，以交易所的公告为准，敬请投资者注意风险。"
600654:*ST中安关于第一期员工持股计划的提示性公告,"https://guba.eastmoney.com/news,600654,641514493.html",2017-05-12 19:06:10,"公告日期：2017-05-13
证券代码：600654 证券简称：*ST中安 公告编号：2017-104

债券代码：125620 债券简称：15中安消

债券代码：136821 债券简称：16中安消

中安消股份有限公司

关于第一期员工持股计划的提示性公告

本公司董事会及全体董事保证本公告内容不存在任何虚假记载、误导性陈述或者重大遗漏，并对其内容的真实性、准确性和完整性承担个别及连带责任。

中安消股份有限公司（以下简称“公司”）第一期员工持股计划分别于2015

年4月2日、2015年4月23日经第九届董事会第四次会议和2014年年度股东

大会审议通过，并于2015年5月26日完成公司股票的购买，累计购买公司股票

11,088,575股，占公司总股本的比例为0.86%。详见公司于2015年4月3日、2015

年4月24日、2015年5月28日在《中国证券报》、《上海证券报》、《证券时报》、

《证券日报》及上海证券交易所网站（www.sse.com.cn）的相关公告。

2017年2月24日、2017年3月3日、2017年3月29日公司分别召开第一

期员工持股计划持有人会议、第九届董事会第四十五次会议、2017 年第二次临

时股东大会审议通过《关于公司第一期员工持股计划存续期延期的议案》，将公司第一期员工持股计划的存续期延期24个月，即延期至2019年4月23日。 截至本公告日，公司第一期员工持股计划成立的国金中安消1号集合资产管理计划已经届满，由于该集合资产管理计划设置有优先级，根据中国证监会《证券期货经营机构私募资产管理业务运作管理暂行规定》的第四条的相关规定，公司第一期员工持股计划成立的国金中安消1号集合资产管理计划未能展期成功，将于合同到期后进行清算，并按持有人持有的份额进行分配。公司将持续关注公司员工持股计划的实施情况，并按照相关规定及时履行信息披露义务。

特此公告。

中安消股份有限公司

董事会

2017年5月12日


[点击查看PDF原文]
提示：本网不保证其真实性和客观性，一切有关该股的有效信息，以交易所的公告为准，敬请投资者注意风险。"
600654:*ST中安:华创证券关于中安消股份有限公司2015年非公开发行公司债券重大事项临时受托管理事务报告,"https://guba.eastmoney.com/news,600654,641515005.html",2017-05-12 19:07:23,"公告日期：2017-05-13
600654:*ST中安:华创证券关于中安消股份有限公司2015年非公开发行公司债券重大事项临时受托管理事务报告
华刨证券有限责任公司（以下简称“华创证券”）作为中安消股份有限公司
（以下简称“公司”、“上市公司”或“发行人”）201 5年非公开发行公司债券
的债券受托管理人（以下简称“受托管理人”），持续密切关注对债券持有人权
益有重大影响的事项。根据《公司债券发行与交易管理办法》、《公司债券受托
管理人执业行为准则》等相关规定及本次债券《受托管理协议》的约定，现就本
次债券重大事项报告如下：……
[点击查看PDF原文]
提示：本网不保证其真实性和客观性，一切有关该股的有效信息，以交易所的公告为准，敬请投资者注意风险。"
600654:*ST中安:天风证券关于中安消股份有限公司2016年公司债券重大事项受托管理事务临时报告,"https://guba.eastmoney.com/news,600654,643561421.html",2017-05-17 18:40:18,"公告日期：2017-05-18
600654:*ST中安:天风证券关于中安消股份有限公司2016年公司债券重大事项受托管理事务临时报告
[点击查看PDF原文]
提示：本网不保证其真实性和客观性，一切有关该股的有效信息，以交易所的公告为准，敬请投资者注意风险。"
600654:*ST中安关于延期回复上海证券交易所《问询函》暨公司股票和债券继续停牌的公告(2017/5/23),"https://guba.eastmoney.com/news,600654,645446714.html",2017-05-22 19:01:08,"公告日期：2017-05-23
证券代码：600654 证券简称：*ST中安 公告编号：2017-107

债券代码：125620 债券简称：15中安消

债券代码：136821 债券简称：16中安消

中安消股份有限公司

关于延期回复上海证券交易所《问询函》

暨公司股票和债券继续停牌的公告

本公司董事会及全体董事保证本公告内容不存在任何虚假记载、误导性陈述或者重大遗漏，并对其内容的真实性、准确性和完整性承担个别及连带责任。

中安消股份有限公司（以下简称“公司”）于2017年5月10日收到《关于对

中安消股份有限公司2016年年度报告的事后审核问询函》（上证公函【2017】0543

号，以下简称“《问询函》”），详见公司公告《中安消关于收到上海证券交易所<问询函>暨公司股票和债券继续停牌的公告》（公告编号：2017-096）。

截至本公告日，公司仍在积极组织有关各方按照《问询函》的要求落实相关意见，多数问题已形成回复意见，仍有个别问题需与相关各方确认后才能形成回复意见，公司预计无法按期报送问询函回复并披露，将尽快落实相关意见，对相关文件进行补充和完善，并及时履行信息披露义务。

为保证公平信息披露，维护投资者利益，避免造成公司股价异常波动，经向上海证券交易所申请，公司股票（证券简称：*ST中安，证券代码：600654）和债券（债券简称：15中安消，债券代码：125620；16中安消，债券代码：136821）自2017年5月23日起继续停牌2个交易日，公司将在落实《问询函》相关意见并回复后按照规定申请公司股票和债券复牌。

公司指定信息披露媒体为《中国证券报》、《上海证券报》、《证券时报》、《证券日报》及上海证券交易所网站（www.sse.com.cn），公司公开披露的信息均以在上述指定信息披露媒体刊登的内容为准。敬请广大投资者关注后续公告并注意投资风险。

特此公告。

中安消股份有限公司

董事会

2017年5月22日


[点击查看PDF原文]
提示：本网不保证其真实性和客观性，一切有关该股的有效信息，以交易所的公告为准，敬请投资者注意风险。"
600654:*ST中安:华创证券关于中安消股份有限公司2015年非公开发行公司债券重大事项临时受托管理事务报告,"https://guba.eastmoney.com/news,600654,646560002.html",2017-05-24 19:47:53,"公告日期：2017-05-25
600654:*ST中安:华创证券关于中安消股份有限公司2015年非公开发行公司债券重大事项临时受托管理事务报告
华刨证券有限责任公司（以下简称“华创证券”）作为中安消股份有限公司
（以下简称“公司”、“上市公司”或“发行人”）2015年非公开发行公司债券
的债券受托管理人（以下简称“受托管理人”），持续密切关注对债券持有人权
益有重大影响的事项。根据《公司债券发行与交易管理办法》、《公司债券受托
管理人执业行为准则》等相关规定及本次债券《受托管理协议》的约定，现就本
次债券重大事项报告如下：
一、公司股票及债券继续停牌公告
根据发行人2017年SH18日的公告(公告编号：2017-105)，发行人于2017年
5月10日收到上交所《关于对中安消股份有限公司2016年年度报告的事后审核问
……
[点击查看PDF原文]
提示：本网不保证其真实性和客观性，一切有关该股的有效信息，以交易所的公告为准，敬请投资者注意风险。"
600654:*ST中安:天风证券关于召开中安消股份有限公司2016年公开发行公司债券2017年第一次债券持有人会议的通知,"https://guba.eastmoney.com/news,600654,646565931.html",2017-05-24 19:59:27,"公告日期：2017-05-25
600654:*ST中安:天风证券关于召开中安消股份有限公司2016年公开发行公司债券2017年第一次债券持有人会议的通知
特别提示
（一）根据《债券持有人会议规则》的约定，债券持有人会议须经代表50%
以上有表决权的未偿还的本次债券张数的债券持有人（或债券持有人代理人）出
席方可召开。
（二）根据《债券持有人会议规则》的约定，债券持有人会议决议须经所有
代表有表决权的未偿还的本次债券的债券持有人或其代理人所持表决权的50%
以上通过方能形成有效决议。
（三）根据《债券持有人会议规则》的约定，债券持有人会议决议自决议通
过之日起生效，并对全体债券持有人具有同等约束力，但其中涉及须经有权机构
批准的事项，经有权机构批准后方能生效。生效日期另有明确规定的决议除外。
……
[点击查看PDF原文]
提示：本网不保证其真实性和客观性，一切有关该股的有效信息，以交易所的公告为准，敬请投资者注意风险。"
一个上市公司对于媒体报道，个人攻击无任何反应和澄清回击？肯定不正常，原因很简单：,"https://guba.eastmoney.com/news,600654,650800470.html",2017-06-03 16:19:44,一个上市公司对于媒体报道，个人攻击无任何反应和澄清回击？肯定不正常，原因很简单：无话可说！至于那变态和萝卜俩孙子就是唯恐天下不乱落井下石之流。
强烈要求投反对票,"https://guba.eastmoney.com/news,600654,650860753.html",2017-06-03 20:56:41,强烈要求投反对票
注意，涂总高位买入了6亿，并且高位员工持股。不想搞高股价，难道他们想赔钱？,"https://guba.eastmoney.com/news,600654,650814447.html",2017-06-03 17:17:38,注意，涂总高位买入了6亿，并且高位员工持股。不想搞高股价，难道他们想赔钱？
股吧需要安静，不会说的，喷粪空狗都滚蛋，没票肯定不会泡股吧，,"https://guba.eastmoney.com/news,600654,650865882.html",2017-06-03 21:32:20,股吧需要安静，不会说的，喷粪空狗都滚蛋，没票肯定不会泡股吧，
好消息又中标60万0？加上上半年的1500万，十几个亿的上市公司的业绩是不是有些可悲了！,"https://guba.eastmoney.com/news,600654,650693220.html",2017-06-03 10:12:53,600？加上上半年的1500万，十几个亿的上市公司的业绩是不是有些可悲了！
涂董居然连句澄清的话都没有,"https://guba.eastmoney.com/news,600654,650646508.html",2017-06-03 06:29:51,涂董居然连句澄清的话都没有
我不想看见萝卜，古惑仔等人发言，我顶我快乐，管的着吗？,"https://guba.eastmoney.com/news,600654,650862407.html",2017-06-03 21:08:56,我不想看见萝卜，古惑仔等人发言，我顶我快乐，管的着吗？
咨询，6月9日（周五）股东大会当日，预测*st中安股价是多少？,"https://guba.eastmoney.com/news,600654,650721779.html",2017-06-03 11:50:12,咨询，6月9日（周五）股东大会当日，预测*st中安股价是多少？
600654:*ST中安关于延期回复上海证券交易所《问询函》暨公司股票和债券继续停牌的公告(2017/5/18),"https://guba.eastmoney.com/news,600654,643559225.html",2017-05-17 18:34:25,"公告日期：2017-05-18
证券代码：600654 证券简称：*ST中安 公告编号：2017-105

债券代码：125620 债券简称：15中安消

债券代码：136821 债券简称：16中安消

中安消股份有限公司

关于延期回复上海证券交易所《问询函》

暨公司股票和债券继续停牌的公告

本公司董事会及全体董事保证本公告内容不存在任何虚假记载、误导性陈述或者重大遗漏，并对其内容的真实性、准确性和完整性承担个别及连带责任。

中安消股份有限公司（以下简称“公司”）于2017年5月10日收到《关于对

中安消股份有限公司2016年年度报告的事后审核问询函》（上证公函【2017】0543

号，以下简称“《问询函》”），详见公司公告《中安消关于收到上海证券交易所<问询函>暨公司股票和债券继续停牌的公告》（公告编号：2017-096）。

截至本公告日，公司正在积极组织有关各方按照《问询函》的要求落实相关意见，对《问询函》涉及内容在做进一步核实，将尽快对相关文件进行补充和完善，并及时履行信息披露义务。鉴于本次问询函回复涉及的相关查证事项范围较广，需要对以往年度相关业务进行自查，程序较为复杂，工作量较大，需要的工作时间较长，公司预计无法在2017年5月18日前报送问询函回复并披露。为保证公平信息披露，维护投资者利益，避免造成公司股价异常波动，经向上海证券交易所申请，公司股票（证券简称：*ST中安，证券代码：600654）和债券（债券简称：15中安消，债券代码：125620；16中安消，债券代码：136821）自2017年5月18日起继续停牌3个交易日，公司将在落实《问询函》相关意见并回复后按照规定申请公司股票和债券复牌。

公司指定信息披露媒体为《中国证券报》、《上海证券报》、《证券时报》、《证券日报》及上海证券交易所网站（www.sse.com.cn），公司公开披露的信息均以在上述指定信息披露媒体刊登的内容为准。敬请广大投资者关注后续公告并注意投资风险。

特此公告。

中安消股份有限公司

董事会

2017年5月17日


[点击查看PDF原文]
提示：本网不保证其真实性和客观性，一切有关该股的有效信息，以交易所的公告为准，敬请投资者注意风险。"
这么多股民没有一个带头的，被调查这么久居然说调查什么都不知道？,"https://guba.eastmoney.com/news,600654,650790910.html",2017-06-03 15:49:46,这么多股民没有一个带头的，被调查这么久居然说调查什么都不知道？
亏损的原来是万恶的停牌制度,"https://guba.eastmoney.com/news,600654,650847172.html",2017-06-03 19:46:31,亏损的原来是万恶的停牌制度
我们散户要抱团，投反对票和要求公司澄清媒体报道,"https://guba.eastmoney.com/news,600654,650842968.html",2017-06-03 19:27:35,我们散户要抱团，投反对票和要求公司澄清媒体报道
600654:*ST中安:华创证券关于中安消股份有限公司2015年非公开发行公司债券重大事项临时受托管理事务报告(2017/5/11),"https://guba.eastmoney.com/news,600654,640441201.html",2017-05-10 23:24:47,"公告日期：2017-05-11
600654:*ST中安:华创证券关于中安消股份有限公司2015年非公开发行公司债券重大事项临时受托管理事务报告
华刨证券有限责任公司（以下简称“华创证券”）作为中安消股份有限公司
（以下简称“公司”、“上市公司”或“发行人”）2015年非公开发行公司债券
的债券受托管理人（以下简称“受托管理人”），持续密切关注对债券持有人权
益有重火影响的事项。根据《公司债券发行与交易管理办法》、<公司债券受托
管理人执业行为准则>等相关规定及本次债券《受托管理协议》的约定，现就本
次债券重大事项报告如下：
一、聘请大华会计师事务所（特殊普通合伙）
根据发行人2017年5月6日的公告（公告编号：2017-090），公司于2017年5月
5日召开第九届董事会第四十九次会议、第九届监事会第三十一次会议，审议通
……
[点击查看PDF原文]
提示：本网不保证其真实性和客观性，一切有关该股的有效信息，以交易所的公告为准，敬请投资者注意风险。"
600654:*ST中安关于财务总监变更的公告,"https://guba.eastmoney.com/news,600654,640960674.html",2017-05-11 18:51:45,"公告日期：2017-05-12
证券代码：600654 证券简称：*ST中安 公告编号：2017-101

债券代码：125620 债券简称：15中安消

债券代码：136821 债券简称：16中安消

中安消股份有限公司

关于财务总监变更的公告

本公司董事会及全体董事保证本公告内容不存在任何虚假记载、误导性陈述或者重大遗漏，并对其内容的真实性、准确性和完整性承担个别及连带责任。

中安消股份有限公司（以下简称“公司”）董事会于近日收到张建英女士的书面辞职报告，张建英女士因个人原因申请辞去公司董事、董事会薪酬与考核委员会委员及财务总监职务。辞职后，张建英女士不再担任公司任何职务。

根据《公司法》及《公司章程》的有关规定，张建英女士的辞职报告自送达董事会之日起生效。为了保证公司财务管理工作的有序开展，依照《公司法》和《公司章程》的相关规定，经公司总裁付欣先生提名，公司董事会提名委员会审核，并经公司第九届董事会第五十次会议审议通过，公司聘任刘小榕女士为公司财务总监，任期自本次董事会审议通过之日起至本届董事会届满之日止。

独立董事发表意见如下：公司聘任刘小榕女士担任公司财务总监职务的程序符合《公司法》和《公司章程》等有关规定；经审阅刘小榕女士的个人履历，不存在《公司法》第146条规定的不能担任董事、监事、高级管理人员的情形，未受过中国证监会及其他有关部门的处罚和证券交易所惩戒，也不存在其他不得担任上市公司高级管理人员之情形；经了解刘小榕女士的教育背景、工作经历和身体状况，我们认为其能够胜任财务总监相关职责的工作。我们同意聘任刘小榕女士为公司财务总监。

特此公告。

中安消股份有限公司

董事会

2017年5月11日

附：刘小榕女士简历

刘小榕，女，34 岁，中国国籍，无境外永久居留权，中南财经政法大学本

科学历，中国注册会计师（非执业会员），拥有法律职业资格（非执业）。曾任职于中汇会计师事务所、安防投资（中国）有限公司，中安消技术有限公司，现任中安消股份有限公司总裁助理、投资管理中心总经理。刘小榕女士与公司董事、监事、高级管理人员、持有公司百分之五以上股份的股东、实际控制人之间不存在关联关系，未受过中国证监会及其他有关部门的处罚和证券交易所惩戒。不存在《公司法》、《公司章程》中规定的不得担任公司高级管理人员的情形。


[点击查看PDF原文]
提示：本网不保证其真实性和客观性，一切有关该股的有效信息，以交易所的公告为准，敬请投资者注意风险。"
600654:*ST中安独立董事关于公司第九届董事会第五十次会议相关事项的独立意见,"https://guba.eastmoney.com/news,600654,640957062.html",2017-05-11 18:43:23,"公告日期：2017-05-12
中安消股份有限公司独立董事

关于公司第九届董事会第五十次会议相关事项的独立意见

根据《公司法》、《上海证券交易所股票上市规则》及《公司章程》等法律、法规和规范性文件的有关规定，作为中安消股份有限公司（以下简称“公司”）的独立董事，基于独立判断的立场，我们经认真审核相关资料，现就公司第九届董事会第五十次会议审议的相关事项发表独立意见如下：

一、关于深圳市中恒汇志投资有限公司应补偿股份处置的议案

鉴于德勤不对中安消技术有限公司2016年盈利预测实现情况出具审核意见，

公司暂无法依据德勤出具的专项说明计算并推进业绩承诺补偿事宜。本次公司拟先行处置中恒汇志已冻结的2014年、2015年应补偿股份数合计48,691,587股。同时，中安消技术2016年盈利补偿承诺应履行的有关事宜，公司将根据大华会计师事务所对中安消技术2016年盈利预测实现情况的专项审核结果另行计算并推进。符合《盈利补偿协议》的约定，不存在损害公司及广大股东利益的情形，董事会在审议相关议案时，关联董事在表决过程中均依法进行回避，我们同意本项议案，并同意将该事项提交股东大会审议。

二、关于提名公司董事候选人的议案

公司董事候选人王蕾女士的提名程序符合《公司法》和《公司章程》等有关规定；经审阅王蕾女士的个人履历，不存在《公司法》第146条规定的不能担任董事、监事、高级管理人员的情形，未受过中国证监会及其他有关部门的处罚和证券交易所惩戒，也不存在其他不得担任上市公司董事之情形；经了解王蕾女士的教育背景、工作经历和身体状况，我们认为其具备董事相应的任职资格，能够胜任相关职责的工作。我们同意提名王蕾女士为公司第九届董事会董事候选人，并提交公司股东大会审议。

三、关于聘任财务总监的议案

公司聘任刘小榕女士担任公司财务总监职务的程序符合《公司法》和《公司章程》等有关规定；经审阅刘小榕女士的个人履历，不存在《公司法》第 146条规定的不能担任董事、监事、高级管理人员的情形，未受过中国证监会及其他有关部门的处罚和证券交易所惩戒，也不存在其他不得担任上市公司高级管理人员之情形；经了解刘小榕女士的教育背景、工作经历和身体状况，我们认为其能够胜任财务总监相关职责的工作。我们同意聘任刘小榕女士为公司财务总监。

四、关于聘任公司副总裁的议案

公司聘任张佳捷先生担任公司副总裁的程序符合《公司法》和《公司章程》等有关规定；经审阅张佳捷先生的个人履历，不存在《公司法》第146条规定的不能担任董事、监事、高级管理人员的情形，未受过中国证监会及其他有关部门的处罚和证券交易所惩戒，也不存在其他不得担任上市公司高级管理人员之情形；经了解张佳捷先生的教育背景、工作经历和身体状况，我们认为其能够胜任副总裁相关职责的工作。我们同意聘任张佳捷先生为公司副总裁。

（以下无正文）

（本页无正文，为《中安消股份有限公司独立董事关于公司第九届董事会第五十次会议相关事项的独立意见》之签字页）

独立董事签名：杨金才、秦永军、农晓东


[点击查看PDF原文]
提示：本网不保证其真实性和客观性，一切有关该股的有效信息，以交易所的公告为准，敬请投资者注意风险。"
四大维度看好公司成长为全球安防 运营服务大平台公司： 从产业周期、国家政策周期、,"https://guba.eastmoney.com/news,600654,650838452.html",2017-06-03 19:03:54,"四大维度看好公司成长为全球安防 运营服务大平台公司：
从产业周期、国家政策周期、
公司内在发展潜力、科技红利 四个维度精选看好公司成长为长期大方向型行业龙头。中安
消基于“信息安全、工业安全、人身安全”三大安全构建的大安全平台布局完整，全球并
购盛宴开启！安防运营由硬件制造往运营服务升级是产业拐点型机会，而安防运营由于行
业区域化特性及客户粘性高，通过全球化并购完成跑马圈地，加速全球化布局，并通过多
项业务提供增值服务加速增长是国际龙头的核心商业模式，于 2010 年就开始布局安防运营
的中安消已经先于行业开始技术积累以及商业模式探索，董事长创业以来经过了 60 余个并
购，在纽交所上市通过 22 个并购股价上涨 50 倍充分展示了公司的并购基因，并能充分融合
入自己的企业文化，其海外并购团队实力享誉业界，充分适应安防运营全球龙头加速成长
的核心商业模式，此次复牌，未来三年成为全球安防龙头战略格局形成，通过内生外延，
多项业务协同发展，全球并购盛宴开启，迎来高速成长阶段！
围绕三大安全，全球资产整合，搭建综合性安防运营大平台。
中国安 防运营服务市场蓝
海起步，从 0 到 1，预计规模将由 400 亿上升到 2000 亿元。中安消围绕“工业安全、信息
安全、生命安全”三位一体打造大安全平台，首先在海外持续并购成熟安防运营服务公司，
在澳门、香港、泰国之后进一步打造亚太、东南亚安防服务 体系，服务中资 企业“一带一
路”发展战略。并借助中国国内安防服务企业与公安脱钩，引入民营 化资本的政策东风，
成为国内安防服务资产整合者。通过持续的并购和资产整合，全球领先的综合性安防运营
大平台正在启航。
全球安防龙头成长的核心商业模式就是加速并购，中安消最强并购基因！
安防运营区域化属性特别强、客户粘性特别高，因此通过加速并购，能够加速规模化优势，更重要的是
能够跑马圈地，占据大批量客户，持续通过增值服务提升业务，充分卡位！深入研究一系
列海外安防龙头公司的 m"
都急疯了，卖不出去，还得还利息。咋办，快疯了。,"https://guba.eastmoney.com/news,600654,650773161.html",2017-06-03 14:49:22,都急疯了，卖不出去，还得还利息。咋办，快疯了。
600654:*ST中安第九届监事会第三十二次会议决议公告,"https://guba.eastmoney.com/news,600654,640957100.html",2017-05-11 18:43:26,"公告日期：2017-05-12
证券代码：600654 证券简称：*ST中安 公告编号：2017-098

债券代码：125620 债券简称：15中安消

债券代码：136821 债券简称：16中安消

中安消股份有限公司

第九届监事会第三十二次会议决议公告

本公司监事会及全体监事保证本公告内容不存在任何虚假记载、误导性陈述或者重大遗漏，并对其内容的真实性、准确性和完整性承担个别及连带责任。

一、 监事会会议召开情况

中安消股份有限公司（以下简称“公司”）第九届监事会第三十二次会议于2017年5月11日以现场结合通讯表决方式召开。会议通知以电话、电子邮件方式向全体监事发出。本次会议应出席监事5人，实际出席会议监事5人，会议由监事会主席谢忠信先生主持。会议的召集、召开及表决程序符合《公司法》和《公司章程》有关规定。

二、监事会会议审议情况

经与会监事书面表决，会议审议通过如下决议：

（一）审议通过《关于深圳市中恒汇志投资有限公司应补偿股份处置的议案》

表决情况：5票同意，0票反对，0票弃权。

本议案尚需提交公司股东大会审议。

特此公告。

中安消股份有限公司

监事会

2017年5月11日


[点击查看PDF原文]
提示：本网不保证其真实性和客观性，一切有关该股的有效信息，以交易所的公告为准，敬请投资者注意风险。"
我是股市新手，不懂什么技术指标只能看到一些公司发出来的报表，觉得还不错就买入了，,"https://guba.eastmoney.com/news,600654,650696534.html",2017-06-03 10:22:32,我是股市新手，不懂什么技术指标只能看到一些公司发出来的报表，觉得还不错就买入了，要当时买的时候能看到今天的结果我是绝不会买它的！现在这个情况相信大多数人都希望有人接盘把自己手中的股票卖出去但是这么多票都能卖出去吗？答案显然是否定的。大家有想过假如最后剩下的恰好是自己该怎么办吗？又或者所有人的票都没卖出去股票持续下跌到一万变十块最后不的不卖掉该怎么办？请大家不要存在侥幸心理了谁也不知道明天会发生什么，现在我们因该团结起来自救而不是坐以待毙！一个人智短两个人智长我只是在以自己的方式来挽回局面！如果谁有更好的办法请说出来我们共同努力！
这股市不在玩了，防不胜防 ，就踩到地雷，如果买在高位重仓的我是散户就惨烈啊，我看,"https://guba.eastmoney.com/news,600654,650821240.html",2017-06-03 17:46:50,这股市不在玩了，防不胜防 ，就踩到地雷，如果买在高位重仓的我是散户就惨烈啊，我看上海国资应该安全的，我就买了500股20.37还好没有多买啊，一进去就一路下跌，还好没有补仓，我进股市二十年第第一次买倒ST啊，说是重组变成ST中安，嗯本想割掉后悔啊
600654:*ST中安第九届董事会第四十九次会议决议公告,"https://guba.eastmoney.com/news,600654,637717085.html",2017-05-05 19:51:03,"公告日期：2017-05-06
证券代码：600654 证券简称：*ST中安 公告编号：2017-087

债券代码：125620 债券简称：15中安消

债券代码：136821 债券简称：16中安消

中安消股份有限公司

第九届董事会第四十九次会议决议公告

本公司董事会及全体董事保证本公告内容不存在任何虚假记载、误导性陈述或者重大遗漏，并对其内容的真实性、准确性和完整性承担个别及连带责任。

一、董事会会议召开情况

中安消股份有限公司（以下简称“公司”）第九届董事会第四十九次会议于2017年5月5日以现场结合通讯表决方式召开。会议通知以电话、电子邮件方式向全体董事发出。本次会议应参加表决董事9人，实际表决董事9人。本次会议的召集、召开及表决程序符合《公司法》和《公司章程》的规定。

二、董事会会议审议情况

经与会董事表决，会议审议通过如下决议：

（一）审议通过《关于公司2016年度盈利承诺完成情况的议案》

独立董事已发表独立意见。

表决情况：8票同意，0票反对，0票弃权。

关联董事涂国身先生已回避表决。

本议案尚需提交公司股东大会审议。

（二）审议通过《关于公司2016年度募集资金存放及使用情况专项报告的

议案》

表决情况：9票同意，0票反对，0票弃权。

（三）审议通过《关于会计师事务所对公司2016年度相关专项报告审计意

见的专项说明的议案》

独立董事已发表独立意见。

表决情况：9票同意，0票反对，0票弃权。

（四）审议通过《关于聘请大华会计师事务所（特殊普通合伙）为公司提供相关专项审核服务的议案》

独立董事已发表独立意见。

表决情况：9票同意，0票反对，0票弃权。

本议案尚需提交公司股东大会审议。

（五）审议通过《关于提请召开2016年年度股东大会的议案》

董事会同意公司召开2016年年度股东大会，有关股东大会召开的日期、时

间、地点等有关事项详见股东大会通知。

表决情况：9票同意，0票反对，0票弃权。

特此公告。

中安消股份有限公司

董事会

2017年5月5日


[点击查看PDF原文]
提示：本网不保证其真实性和客观性，一切有关该股的有效信息，以交易所的公告为准，敬请投资者注意风险。
展开阅读全文"
