标题,链接,发布时间,内容
3年股价最低12满仓放3年,"https://guba.eastmoney.com/news,600781,771208966.html",2018-07-06 16:49:50,3年股价最低12满仓放3年
二季度扭亏为盈了嘛,"https://guba.eastmoney.com/news,600781,771244593.html",2018-07-06 20:43:43,二季度扭亏为盈了嘛
出人口，入人耳,"https://guba.eastmoney.com/news,600781,771225791.html",2018-07-06 18:39:56,出人口，入人耳
这几个信号已经决定了大盘未来走势！,"https://guba.eastmoney.com/news,600781,771220317.html",2018-07-06 17:56:18,这几个信号已经决定了大盘未来走势！
重大利好 银龙要突破20来,"https://guba.eastmoney.com/news,600781,771219453.html",2018-07-06 17:50:45,重大利好 银龙要突破20来
牛市券商  熊市空仓 牛市的本质是券商的盛宴 重,"https://guba.eastmoney.com/news,600781,771217257.html",2018-07-06 17:36:32,牛市券商 熊市空仓 牛市的本质是券商的盛宴 重
软件股里搞军工的，军工股里,"https://guba.eastmoney.com/news,600781,771216500.html",2018-07-06 17:31:55,软件股里搞军工的，军工股里
已经放弃，反正是个跌，,"https://guba.eastmoney.com/news,600781,771212883.html",2018-07-06 17:11:01,已经放弃，反正是个跌，
真烂的垃圾，跌准跟跌，,"https://guba.eastmoney.com/news,600781,771211051.html",2018-07-06 17:00:20,真烂的垃圾，跌准跟跌，
可以满仓了。可以涨停了。,"https://guba.eastmoney.com/news,600781,766386877.html",2018-06-13 19:20:53,可以满仓了。可以涨停了。
片仔癀是什么癀？,"https://guba.eastmoney.com/news,600781,760563802.html",2018-05-15 20:56:46,片仔癀是什么癀？
就那么一小会，,"https://guba.eastmoney.com/news,600781,771207028.html",2018-07-06 16:42:24,就那么一小会，
今天有止跌迹象了！后市上冲100元！！！,"https://guba.eastmoney.com/news,600781,771201402.html",2018-07-06 16:20:17,今天有止跌迹象了！后市上冲100元！！！
辅仁药业07月06日资金揭秘,"https://guba.eastmoney.com/news,600781,771200402.html",2018-07-06 16:16:52,"





今日辅仁药业主力净流入额达-123.24万元，净占比-4.92%，
其中超大单净流入额0.00元,净占比0.00%，
大单净流入额-123.24万元，净占比-4.92%。







































辅仁药业资金流向数据

类型	流入(万元)	流出(万元)
超大	0.00	0.00
大单	237.36	-360.59
中单	1018.42	-836.16
小单	1246.85	-1305.88




资金解读





辅仁药业收盘涨幅-1.19%，
其中，成交最活跃的价格分别为15.18、15.20、15.21，成交密集的手数区间分布于150-200、50-70、70-100手，小单介入居多。











成交活跃统计


9:30-15:00成交均价15.03













































成交价格	主买累计成交量	主卖累计成交量	主买占比	主卖占比
15.18	33500	18100	2.01%	1.09%
15.20	22600	22600	1.36%	1.36%
15.21	4700	8000	0.28%	0.48%
15.19	8200	1300	0.49%	0.08%
15.22	5700	0	0.34%	0.00%












































成交手数分布	主买累计成交量	主卖累计成交量	主买估算笔数	主卖估算笔数
150-200	36000	69600	180	348
50-70	56600	47700	809	681
70-100	40500	53700	405	537
100-150	32900	30000	219	200
200-300	0	20000	0	67




左右拖动表格，可查看剩余表格内容


行业个股资金流

























































医药制造成分股主力净流入排行
序号	代码	名称	涨幅	主力净流入
1	600196	复星医药	1.17%	6404.96万
2	600645	中源协和	9.97%	4216.02万
3	300347	泰格医药	2.09%	3108.68万
4	300452	山河药辅	9.99%	2235.59万
5	300015	爱尔眼科	1.65%	2106.21万
138	600781	辅仁药业	-1.19%	-123.24万


数据来源:东方财富






展开阅读全文"
明天低开中阴线，因为今天拉尾盘无好事。,"https://guba.eastmoney.com/news,600781,771198581.html",2018-07-06 16:10:37,明天低开中阴线，因为今天拉尾盘无好事。
他妈的一夜成妖的机会都不把握，废柴庄,"https://guba.eastmoney.com/news,600781,771194186.html",2018-07-06 15:54:40,他妈的一夜成妖的机会都不把握，废柴庄
洗洗睡吧 今天晚上出不来了,"https://guba.eastmoney.com/news,600781,771192612.html",2018-07-06 15:48:51,洗洗睡吧 今天晚上出不来了
增持计划的窗口期还有最后一周了，不干了？不增持被处罚会不会无法实施增发呀,"https://guba.eastmoney.com/news,600781,771131891.html",2018-07-06 13:36:28,增持计划的窗口期还有最后一周了，不干了？不增持被处罚会不会无法实施增发呀
新疆众和会是下一个方大炭素吗,"https://guba.eastmoney.com/news,600781,771191141.html",2018-07-06 15:42:30,新疆众和会是下一个方大炭素吗
大师兄发力了嘛,"https://guba.eastmoney.com/news,600781,771180520.html",2018-07-06 15:06:54,大师兄发力了嘛
加油升呀[成交],"https://guba.eastmoney.com/news,600781,771172925.html",2018-07-06 14:52:12,加油升呀
京东方合肥第10.5代TFT—LCD生产线项目正在进行,"https://guba.eastmoney.com/news,600781,771169761.html",2018-07-06 14:47:21,京东方合肥第10.5代TFT—LCD生产线项目正在进行
这是卖了多少？肯定不会亏钱！,"https://guba.eastmoney.com/news,600781,771165996.html",2018-07-06 14:41:05,这是卖了多少？肯定不会亏钱！
希望之星即将升起。[微笑][微笑],"https://guba.eastmoney.com/news,600781,771153359.html",2018-07-06 14:17:05,希望之星即将升起。
头？所谓的资产注入是忽悠，还是利益输送？每年都,"https://guba.eastmoney.com/news,600781,771150945.html",2018-07-06 14:12:16,头？所谓的资产注入是忽悠，还是利益输送？每年都
月线大C浪主跌调整中，必破48元。立帖为证!,"https://guba.eastmoney.com/news,600781,771148487.html",2018-07-06 14:07:31,月线大C浪主跌调整中，必破48元。立帖为证!
你们是和钱有仇，还是和天业有仇呢？,"https://guba.eastmoney.com/news,600781,771141049.html",2018-07-06 13:52:44,你们是和钱有仇，还是和天业有仇呢？
重大利好 银龙要突破20来,"https://guba.eastmoney.com/news,600781,771137706.html",2018-07-06 13:46:41,重大利好 银龙要突破20来
几个整天在吧里的嚷叫的还有谁,"https://guba.eastmoney.com/news,600781,771111652.html",2018-07-06 12:46:16,几个整天在吧里的嚷叫的还有谁
庄家要带我们飞,"https://guba.eastmoney.com/news,600781,771107855.html",2018-07-06 12:26:47,庄家要带我们飞
3年股价最低12满仓放3年,"https://guba.eastmoney.com/news,600781,771106634.html",2018-07-06 12:21:44,3年股价最低12满仓放3年
发神了，360疯了,"https://guba.eastmoney.com/news,600781,771102912.html",2018-07-06 12:07:17,发神了，360疯了
庄股下场不会好，资金链断裂，连续跌停,"https://guba.eastmoney.com/news,600781,771102721.html",2018-07-06 12:06:29,庄股下场不会好，资金链断裂，连续跌停
拉升,"https://guba.eastmoney.com/news,600781,771096484.html",2018-07-06 11:46:19,拉升
期盼今天庄家主力抬轿拉升，共同暴富。,"https://guba.eastmoney.com/news,600781,771092575.html",2018-07-06 11:36:28,期盼今天庄家主力抬轿拉升，共同暴富。
上面都没抛压也不上攻。,"https://guba.eastmoney.com/news,600781,771089029.html",2018-07-06 11:25:08,上面都没抛压也不上攻。
有人亏疯了,"https://guba.eastmoney.com/news,600781,771070634.html",2018-07-06 11:05:04,有人亏疯了
中国股票为什么赚钱么么难,"https://guba.eastmoney.com/news,600781,771062979.html",2018-07-06 10:55:23,中国股票为什么赚钱么么难
600333:长春燃气2017年年度报告,"https://guba.eastmoney.com/news,600781,771055466.html",2018-07-06 10:44:01,600333:长春燃气2017年年度报告
大师兄发力了嘛,"https://guba.eastmoney.com/news,600781,771046616.html",2018-07-06 10:32:39,大师兄发力了嘛
国药一致赴海南考察,"https://guba.eastmoney.com/news,600781,771039419.html",2018-07-06 10:22:06,国药一致赴海南考察
京东方合肥第10.5代TFT—LCD生产线项目正在进行,"https://guba.eastmoney.com/news,600781,771032480.html",2018-07-06 10:11:50,京东方合肥第10.5代TFT—LCD生产线项目正在进行
看来还有的调整.都是盲目看多.,"https://guba.eastmoney.com/news,600781,771028350.html",2018-07-06 10:06:59,看来还有的调整.都是盲目看多.
那个王8干的,"https://guba.eastmoney.com/news,600781,771023805.html",2018-07-06 10:01:27,那个王8干的
几天是站上了5日线的！看了就知道它有多垃圾了！,"https://guba.eastmoney.com/news,600781,771020276.html",2018-07-06 09:56:32,几天是站上了5日线的！看了就知道它有多垃圾了！
神州数码:中天国富证券有限公司关于,"https://guba.eastmoney.com/news,600781,771016586.html",2018-07-06 09:50:44,神州数码:中天国富证券有限公司关于
辅仁药业牵手河南资管公司 谋求全产业链发展,"https://guba.eastmoney.com/news,600781,771015492.html",2018-07-06 09:48:58,"辅仁药业牵手河南资产管理有限公司（以下简称河南资管），欲通过双方战略合作实现以品种、质量和创新为核心的全产业链战略。
7月5日，辅仁药业发布公告称，辅仁药业与河南资产签署了《战略合作框架协议》（以下简称“协议”），双方将在资产整合业务、综合金融服务、咨询服务等方面进行合作。公告强调，协议为战略合作框架协议，不涉及具体金额，不构成关联交易。
打造全产业链发力医药电商市场
辅仁药业是一家以药业、酒业为主导，集研发、生产、经营、投资、管理于一体的综合性集团公司，囊括多家全资、控股子公司，产品涵盖中西药制剂、生化制药、生物制药、原料药、保健食品等多个门类。
据一季报显示，辅仁药业2018年一季度营业总收入13.56亿元，同比增长13.05%；归属上市公司净利润1.83亿元，同比增长128.76%。数据显示，归属上市公司净利润增长速度十分亮眼。
公开资料显示，早在2006年，辅仁药业就开始了电子商务的前期准备。2014年，辅仁药业正式启动了互联网战略。后在2016年，上线了基于全球的大宗交易平台“药素网”，布局互联网大交易中心。其实，这是辅仁药业打造全产业链闭环的一个步骤，也是进军医药电商市场的重要一步。
东方财富研报显示，我国处方药市场占药品终端消费市场85%的份额以上，但基本80%左右通过医院渠道销售。对比美国，从医院渠道销售的处方药占比仅40%。目前网上药店占全部医药市场比重仅1%，相信随着网售处方药政策的放开，通过互联网端口销售的医药商品占比若能提升到10%以上，则医药电商面临的市场空间将至少达2000亿。
目前对于我国医药制造类企业而言，抢占线上流量，同时布局线下渠道，是医药电商发展的主要方向。
据东方财富研报分析，网售处方药几经波折，近期有望出台相关放开政策。从近几年辅仁药业的布局不难看出，辅仁药业此次与河南资管实现战略合作，不仅可以在河南资管的帮助下加速打造全产业链，同时也能为辅仁药业未来在医药电商市场的发力添砖加瓦，这样一旦网售处方药放开，公司有望取得先机并在较大程度直接受益。
战略合作伙伴实力雄厚股东构成多样
目前河南能够提供资产金融服务的公司有很多，而辅仁药业此次选择合作的河南资管实力十分雄厚。
公开资料显示，河南资管于2017年8月注册，河南投资集团有限公司作为主发起人，引入大河传媒投资有限公司、国投资产管理公司、河南中原高速公路股份有限公司、中原信托有限公司、中原证券股份有限公司、河南颐城控股有限公司、建业住宅集团（中国）有限公司、河南省农村信用社联合社共同出资发起设立，注册资金为50亿元人民币。
从9个股东的背景来看，河南投资集团有限公司作为主发起人，同时引入央企、金融机构、上市公司、房地产企业作为共同发起人，股东主营业务多样化，且都较有实力。
公开资料显示，河南资产的经营范围为不良资产收购、管理和处置；投资及资产管理、私募基金管理；股权托管管理，受托资产管理;企业破产、清算等管理业务；企业并购服务、企业上市重组服务；财务、投资、法律及风险管理咨询服务等。"
钉是钉，铆是铆,"https://guba.eastmoney.com/news,600781,771014199.html",2018-07-06 09:46:47,钉是钉，铆是铆
死你，一天20多点利润了，呵呵[胜利][胜,"https://guba.eastmoney.com/news,600781,771011281.html",2018-07-06 09:41:39,死你，一天20多点利润了，呵呵[胜
这个垃圾辅仁药业，完蛋了！,"https://guba.eastmoney.com/news,600781,771011267.html",2018-07-06 09:41:39,这个垃圾辅仁药业，完蛋了！
希望之星即将升起。[微笑][微笑],"https://guba.eastmoney.com/news,600781,771007813.html",2018-07-06 09:36:26,希望之星即将升起。
今天如果跟多元金融走的话就破6了，是不是底本周应该能看出来了，希望不会再横一周，,"https://guba.eastmoney.com/news,600781,771006014.html",2018-07-06 09:33:40,今天如果跟多元金融走的话就破6了，是不是底本周应该能看出来了，希望不会再横一周，
头？所谓的资产注入是忽悠，还是利益输送？每年都,"https://guba.eastmoney.com/news,600781,771004292.html",2018-07-06 09:30:03,头？所谓的资产注入是忽悠，还是利益输送？每年都
量怎么上不去……,"https://guba.eastmoney.com/news,600781,771002786.html",2018-07-06 09:26:41,量怎么上不去……
月线大C浪主跌调整中，必破48元。立帖为证!,"https://guba.eastmoney.com/news,600781,771001986.html",2018-07-06 09:24:35,月线大C浪主跌调整中，必破48元。立帖为证!
这几个信号已经决定了大盘未来走势！,"https://guba.eastmoney.com/news,600781,770999976.html",2018-07-06 09:18:34,这几个信号已经决定了大盘未来走势！
重大利好 银龙要突破20来,"https://guba.eastmoney.com/news,600781,770998624.html",2018-07-06 09:13:37,重大利好 银龙要突破20来
顺之者昌，逆之者亡,"https://guba.eastmoney.com/news,600781,770997040.html",2018-07-06 09:06:14,顺之者昌，逆之者亡
主力欲情故纵。小心被套进来。,"https://guba.eastmoney.com/news,600781,770995806.html",2018-07-06 08:59:05,主力欲情故纵。小心被套进来。
[图片],"https://guba.eastmoney.com/news,600781,764044511.html",2018-06-01 19:09:43,[图片]
或者等到5.92元买1000股,"https://guba.eastmoney.com/news,600781,770984578.html",2018-07-06 07:30:43,或者等到5.92元买1000股
怎么就摊上你这瘟股，看看延华智能。。再看看你,"https://guba.eastmoney.com/news,600781,770980417.html",2018-07-06 06:33:47,怎么就摊上你这瘟股，看看延华智能。。再看看你
中国的相关法律法规有没有规定，股票暴跌时上市公司应负什么责任？,"https://guba.eastmoney.com/news,600781,770977833.html",2018-07-06 05:56:04,中国的相关法律法规有没有规定，股票暴跌时上市公司应负什么责任？
稳稳的躺地板了,"https://guba.eastmoney.com/news,600781,770973953.html",2018-07-06 04:55:34,稳稳的躺地板了
明天还要跌，亏4000，还是割了，不守高位了好冷,"https://guba.eastmoney.com/news,600781,770969865.html",2018-07-06 03:59:54,明天还要跌，亏4000，还是割了，不守高位了好冷
今天有止跌迹象了！后市上冲100元！！！,"https://guba.eastmoney.com/news,600781,770968623.html",2018-07-06 03:44:50,今天有止跌迹象了！后市上冲100元！！！
国电南自两个涨停了！,"https://guba.eastmoney.com/news,600781,770968588.html",2018-07-06 03:44:13,国电南自两个涨停了！
拉升,"https://guba.eastmoney.com/news,600781,770968176.html",2018-07-06 03:40:02,拉升
明天低开中阴线，因为今天拉尾盘无好事。,"https://guba.eastmoney.com/news,600781,770967754.html",2018-07-06 03:35:07,明天低开中阴线，因为今天拉尾盘无好事。
庄稼在出货，买入的少，卖出的多,"https://guba.eastmoney.com/news,600781,767198218.html",2018-06-19 10:23:13,庄稼在出货，买入的少，卖出的多
洗的越狠，拉的越猛[大笑],"https://guba.eastmoney.com/news,600781,770967137.html",2018-07-06 03:27:51,洗的越狠，拉的越猛
上面都没抛压也不上攻。,"https://guba.eastmoney.com/news,600781,770966827.html",2018-07-06 03:24:10,上面都没抛压也不上攻。
他妈的一夜成妖的机会都不把握，废柴庄,"https://guba.eastmoney.com/news,600781,770966362.html",2018-07-06 03:19:08,他妈的一夜成妖的机会都不把握，废柴庄
我扛不住了……,"https://guba.eastmoney.com/news,600781,770965873.html",2018-07-06 03:14:06,我扛不住了……
这是什么仙股？,"https://guba.eastmoney.com/news,600781,767443587.html",2018-06-19 21:20:28,这是什么仙股？
新疆众和会是下一个方大炭素吗,"https://guba.eastmoney.com/news,600781,770965377.html",2018-07-06 03:08:52,新疆众和会是下一个方大炭素吗
大师兄发力了嘛,"https://guba.eastmoney.com/news,600781,770962025.html",2018-07-06 02:34:14,大师兄发力了嘛
国药一致赴海南考察,"https://guba.eastmoney.com/news,600781,770961092.html",2018-07-06 02:22:54,国药一致赴海南考察
加油升呀[成交],"https://guba.eastmoney.com/news,600781,770960666.html",2018-07-06 02:17:32,加油升呀
有人去开股东会吗？,"https://guba.eastmoney.com/news,600781,770960468.html",2018-07-06 02:15:11,有人去开股东会吗？
唱空的都是有票的，这下跌得开心了吧。别自作聪,"https://guba.eastmoney.com/news,600781,766266872.html",2018-06-13 11:49:52,唱空的都是有票的，这下跌得开心了吧。别自作聪
明天打板买入,"https://guba.eastmoney.com/news,600781,770162404.html",2018-07-03 03:29:24,明天打板买入
宝钢午后突然发力了。,"https://guba.eastmoney.com/news,600781,763504429.html",2018-05-30 20:47:02,宝钢午后突然发力了。
我的票，今天有3个都涨停板了，但是我本人没有，只有部分股友有。恭喜持有60368,"https://guba.eastmoney.com/news,600781,770928637.html",2018-07-05 22:00:14,我的票，今天有3个都涨停板了，但是我本人没有，只有部分股友有。恭喜持有60368
“基金一姐”王茹远：一两年内 优质成长股将暴涨5-10倍 金融界 12-05 1,"https://guba.eastmoney.com/news,600781,770286117.html",2018-07-03 13:41:31,“基金一姐”王茹远：一两年内 优质成长股将暴涨5-10倍 金融界 12-05 1
跌到5块才会反弹。,"https://guba.eastmoney.com/news,600781,766607183.html",2018-06-14 15:53:16,跌到5块才会反弹。
我不是药王 可能导致一波药品的那啥..,"https://guba.eastmoney.com/news,600781,770911347.html",2018-07-05 20:11:51,。。。
人不知，鬼不觉,"https://guba.eastmoney.com/news,600781,770892875.html",2018-07-05 18:09:49,人不知，鬼不觉
000666即将暴涨的黑马,"https://guba.eastmoney.com/news,600781,766153381.html",2018-06-13 00:05:35,000666即将暴涨的黑马
我不是药神最正宗概念股，辅仁药业,"https://guba.eastmoney.com/news,600781,770683030.html",2018-07-05 08:57:44,辅仁和熙德隆成立合资公司，一期已经开始生产，集团承诺2020年底之前要注入上市公司。
辅仁药业07月05日资金揭秘,"https://guba.eastmoney.com/news,600781,770867225.html",2018-07-05 16:16:36,"





今日辅仁药业主力净流入额达46.51万元，净占比1.75%，
其中超大单净流入额212.70万元,净占比8.02%，
大单净流入额-166.19万元，净占比-6.26%。







































辅仁药业资金流向数据

类型	流入(万元)	流出(万元)
超大	212.70	0.00
大单	406.26	-572.45
中单	670.43	-983.45
小单	1364.20	-1097.69




资金解读





辅仁药业收盘涨幅-1.88%，
其中，成交最活跃的价格分别为15.53、15.52、15.51，成交密集的手数区间分布于500-700、300-500、100-150手，中单介入居多。











成交活跃统计


9:30-15:00成交均价15.11













































成交价格	主买累计成交量	主卖累计成交量	主买占比	主卖占比
15.53	7300	6000	0.42%	0.34%
15.52	11800	0	0.67%	0.00%
15.51	2600	300	0.15%	0.02%
15.54	2400	0	0.14%	0.00%
15.55	200	0	0.01%	0.00%












































成交手数分布	主买累计成交量	主卖累计成交量	主买估算笔数	主卖估算笔数
500-700	0	150000	0	214
300-500	0	102600	0	205
100-150	11200	55100	75	367
200-300	0	28280	0	94
150-200	0	15700	0	79




左右拖动表格，可查看剩余表格内容


行业个股资金流

























































医药制造成分股主力净流入排行
序号	代码	名称	涨幅	主力净流入
1	600196	复星医药	1.05%	3899.41万
2	002873	新天药业	6.55%	2513.20万
3	600572	康恩贝	-1.71%	1379.25万
4	600521	华海药业	-2.81%	751.44万
5	002030	达安基因	0.37%	719.22万
39	600781	辅仁药业	-1.88%	46.51万


数据来源:东方财富






展开阅读全文"
大盘是会说话的，他会用各种方法告诉你他要干什,"https://guba.eastmoney.com/news,600781,770848558.html",2018-07-05 15:15:56,大盘是会说话的，他会用各种方法告诉你他要干什
辅仁药业完蛋了！！！！！！,"https://guba.eastmoney.com/news,600781,770811255.html",2018-07-05 14:14:23,辅仁药业完蛋了！！！！！！
跌破了15元，很快就是12元接受考验,"https://guba.eastmoney.com/news,600781,770810240.html",2018-07-05 14:12:19,跌破了15元，很快就是12元接受考验
感天地，动鬼神,"https://guba.eastmoney.com/news,600781,770727303.html",2018-07-05 10:35:46,感天地，动鬼神
我草。神经病的股,"https://guba.eastmoney.com/news,600781,770704786.html",2018-07-05 09:56:46,我草。神经病的股
此股明天还得跌 [微笑],"https://guba.eastmoney.com/news,600781,770645557.html",2018-07-04 22:44:22,此股明天还得跌
呵 还是中小板领先突破~,"https://guba.eastmoney.com/news,600781,770668938.html",2018-07-05 05:06:47,呵 还是中小板领先突破~
世界上从来都没有过第二个比这市场更兰的了,"https://guba.eastmoney.com/news,600781,770642726.html",2018-07-04 22:21:01,世界上从来都没有过第二个比这市场更兰的了
大唐就是做空股市的发,"https://guba.eastmoney.com/news,600781,766639692.html",2018-06-14 18:35:03,大唐就是做空股市的发
辅仁药业06月11日资金揭秘,"https://guba.eastmoney.com/news,600781,765819069.html",2018-06-11 16:15:10,"





今日辅仁药业主力净流入额达-126.38万元，净占比-5.67%，
其中超大单净流入额0.00元,净占比0.00%，
大单净流入额-126.38万元，净占比-5.67%。







































辅仁药业资金流向数据

类型	流入(万元)	流出(万元)
超大	0.00	0.00
大单	316.66	-443.04
中单	835.62	-830.76
小单	1076.22	-954.70




资金解读





辅仁药业收盘涨幅-2.55%，
其中，成交最活跃的价格分别为18.38、18.37、18.39，成交密集的手数区间分布于300-500、50-70、100-150手，中单介入居多。











成交活跃统计


9:30-15:00成交均价18.09













































成交价格	主买累计成交量	主卖累计成交量	主买占比	主卖占比
18.38	6000	9700	0.49%	0.79%
18.37	9400	0	0.76%	0.00%
18.39	1900	3600	0.15%	0.29%
18.33	1300	1600	0.11%	0.13%
18.40	200	0	0.02%	0.00%












































成交手数分布	主买累计成交量	主卖累计成交量	主买估算笔数	主卖估算笔数
300-500	89800	0	180	0
50-70	49400	26000	706	371
100-150	20200	41600	135	277
70-100	17100	34100	171	341
200-300	0	20000	0	67




左右拖动表格，可查看剩余表格内容


行业个股资金流

























































医药制造成分股主力净流入排行
序号	代码	名称	涨幅	主力净流入
1	000813	德展健康	0.00%	1472.03万
2	300702	天宇股份	2.66%	1357.80万
3	600380	健康元	0.94%	1100.21万
4	000597	东北制药	4.51%	1019.96万
5	002900	哈三联	0.70%	697.57万
87	600781	辅仁药业	-2.55%	-126.38万


数据来源:东方财富






展开阅读全文"
今天收盘不会跌，你懂的,"https://guba.eastmoney.com/news,600781,770608398.html",2018-07-04 18:05:17,今天收盘不会跌，你懂的
31.44.60.收到。明白。,"https://guba.eastmoney.com/news,600781,770606955.html",2018-07-04 17:55:37,31.44.60.收到。明白。
哎，智商感人啊,"https://guba.eastmoney.com/news,600781,770593519.html",2018-07-04 16:41:14,哎，智商感人啊
辅仁药业07月04日资金揭秘,"https://guba.eastmoney.com/news,600781,770586795.html",2018-07-04 16:16:14,"





今日辅仁药业主力净流入额达-136.60万元，净占比-5.55%，
其中超大单净流入额0.00元,净占比0.00%，
大单净流入额-136.60万元，净占比-5.55%。







































辅仁药业资金流向数据

类型	流入(万元)	流出(万元)
超大	0.00	0.00
大单	113.37	-249.97
中单	1080.56	-1308.78
小单	1266.52	-901.70




资金解读





辅仁药业收盘涨幅-1.47%，
其中，成交最活跃的价格分别为15.85、15.83、15.84，成交密集的手数区间分布于70-100、50-70、30-50手，小单介入居多。











成交活跃统计


9:30-15:00成交均价15.57













































成交价格	主买累计成交量	主卖累计成交量	主买占比	主卖占比
15.85	22200	10000	1.40%	0.63%
15.83	17800	6000	1.13%	0.38%
15.84	12400	2300	0.78%	0.15%
15.87	1400	0	0.09%	0.00%
15.88	300	0	0.02%	0.00%












































成交手数分布	主买累计成交量	主卖累计成交量	主买估算笔数	主卖估算笔数
70-100	56000	155000	560	1550
50-70	31300	126800	447	1811
30-50	25100	92200	502	1844
100-150	30000	50200	200	335
300-500	0	33200	0	66




左右拖动表格，可查看剩余表格内容


行业个股资金流

























































医药制造成分股主力净流入排行
序号	代码	名称	涨幅	主力净流入
1	002007	华兰生物	6.07%	5217.61万
2	300147	香雪制药	9.99%	3311.91万
3	002198	嘉应制药	5.94%	2154.86万
4	600518	康美药业	-1.27%	1966.27万
5	300122	智飞生物	-0.02%	1857.74万
112	600781	辅仁药业	-1.47%	-136.60万


数据来源:东方财富






展开阅读全文"
几个意思。一手一手的调戏。,"https://guba.eastmoney.com/news,600781,770573533.html",2018-07-04 15:20:40,几个意思。一手一手的调戏。
坚决持股绝不动摇,"https://guba.eastmoney.com/news,600781,770554991.html",2018-07-04 14:39:05,坚决持股绝不动摇
尾盘放量拉升,"https://guba.eastmoney.com/news,600781,765912129.html",2018-06-12 07:03:01,尾盘放量拉升
不会涨停吧 我刚卖了,"https://guba.eastmoney.com/news,600781,770546630.html",2018-07-04 14:24:50,不会涨停吧 我刚卖了
好股，但确实长得太快了。,"https://guba.eastmoney.com/news,600781,770540903.html",2018-07-04 14:13:57,好股，但确实长得太快了。
还没跌透；快跑；,"https://guba.eastmoney.com/news,600781,770498452.html",2018-07-04 11:37:43,还没跌透；快跑；
武汉房价8000~1.万3，挣的钱去那了？小三裤档里呢？小心我打黑扫恶反腐查办,"https://guba.eastmoney.com/news,600781,770486233.html",2018-07-04 11:10:54,武汉房价8000~1.万3，挣的钱去那了？小三裤档里呢？小心我打黑扫恶反腐查办
赶快涨到10块吧。,"https://guba.eastmoney.com/news,600781,770424399.html",2018-07-04 07:44:17,赶快涨到10块吧。
有调整迹象！,"https://guba.eastmoney.com/news,600781,770416149.html",2018-07-04 05:04:47,有调整迹象！
昨天出来是来刷存在感的吧！,"https://guba.eastmoney.com/news,600781,770415219.html",2018-07-04 04:38:34,昨天出来是来刷存在感的吧！
还能说什么呢,"https://guba.eastmoney.com/news,600781,765313835.html",2018-06-08 12:42:48,还能说什么呢
妈的好不容,"https://guba.eastmoney.com/news,600781,770410051.html",2018-07-04 02:56:22,妈的好不容
忍痛走了，祝耐心的股友发财。,"https://guba.eastmoney.com/news,600781,770382906.html",2018-07-03 21:51:40,忍痛走了，祝耐心的股友发财。
野人长篇大论苦口婆心,"https://guba.eastmoney.com/news,600781,770375613.html",2018-07-03 20:56:07,野人长篇大论苦口婆心
现在坐庄很爽,"https://guba.eastmoney.com/news,600781,764013139.html",2018-06-01 16:03:29,现在坐庄很爽
箱内古老姓氏不远,"https://guba.eastmoney.com/news,600781,770358502.html",2018-07-03 18:25:08,箱内古老姓氏不远
辅仁药业05月31日资金揭秘,"https://guba.eastmoney.com/news,600781,763748734.html",2018-05-31 16:16:46,"





今日辅仁药业主力净流入额达-194.40万元，净占比-5.04%，
其中超大单净流入额-22.42万元,净占比-0.65%，
大单净流入额-171.99万元，净占比-5.02%。







































辅仁药业资金流向数据

类型	流入(万元)	流出(万元)
超大	7.65	-30.06
大单	550.08	-722.06
中单	1629.30	-1519.47
小单	1237.16	-1152.59




资金解读





辅仁药业收盘涨幅3.13%，
其中，成交最活跃的价格分别为18.79、18.78、18.80，成交密集的手数区间分布于70-100、100-150、200-300手，小单介入居多。











成交活跃统计


9:30-15:00成交均价18.40













































成交价格	主买累计成交量	主卖累计成交量	主买占比	主卖占比
18.79	33500	1500	1.60%	0.07%
18.78	9600	7000	0.46%	0.33%
18.80	9800	700	0.47%	0.03%
18.81	8700	0	0.41%	0.00%
18.77	1000	0	0.05%	0.00%












































成交手数分布	主买累计成交量	主卖累计成交量	主买估算笔数	主卖估算笔数
70-100	65600	59500	656	595
100-150	57200	51200	381	341
200-300	0	70200	0	234
150-200	0	52100	0	261
300-500	0	30100	0	60




左右拖动表格，可查看剩余表格内容


行业个股资金流

























































医药制造成分股主力净流入排行
序号	代码	名称	涨幅	主力净流入
1	000790	泰合健康	10.07%	7433.17万
2	000952	广济药业	10.00%	6859.32万
3	002433	太安堂	5.64%	3444.84万
4	000538	云南白药	5.38%	3388.13万
5	300558	贝达药业	4.36%	3024.38万
141	600781	辅仁药业	3.13%	-194.40万


数据来源:东方财富






展开阅读全文"
没有这么早，,"https://guba.eastmoney.com/news,600781,770348702.html",2018-07-03 17:12:56,没有这么早，
辅仁药业07月03日资金揭秘,"https://guba.eastmoney.com/news,600781,770337063.html",2018-07-03 16:15:52,"





今日辅仁药业主力净流入额达79.54万元，净占比3.42%，
其中超大单净流入额0.00元,净占比0.00%，
大单净流入额79.54万元，净占比3.42%。







































辅仁药业资金流向数据

类型	流入(万元)	流出(万元)
超大	0.00	0.00
大单	235.05	-155.50
中单	750.01	-867.28
小单	1337.67	-1299.95




资金解读





辅仁药业收盘涨幅2.35%，
其中，成交最活跃的价格分别为15.74、15.75、15.76，成交密集的手数区间分布于30-50、50-70、70-100手，小单介入居多。











成交活跃统计


9:30-15:00成交均价15.58













































成交价格	主买累计成交量	主卖累计成交量	主买占比	主卖占比
15.74	23900	100	1.60%	0.01%
15.75	15900	0	1.07%	0.00%
15.76	6500	0	0.44%	0.00%
15.72	2500	0	0.17%	0.00%
15.73	2000	0	0.13%	0.00%












































成交手数分布	主买累计成交量	主卖累计成交量	主买估算笔数	主卖估算笔数
30-50	76200	43600	1524	872
50-70	59500	51700	850	739
70-100	14900	50800	149	508
100-150	20000	30000	133	200
200-300	20000	20000	67	67




左右拖动表格，可查看剩余表格内容


行业个股资金流

























































医药制造成分股主力净流入排行
序号	代码	名称	涨幅	主力净流入
1	300676	华大基因	10.00%	5106.22万
2	300147	香雪制药	7.03%	2102.35万
3	300357	我武生物	7.39%	1940.57万
4	000650	仁和药业	2.20%	1312.66万
5	603858	步长制药	3.35%	1194.77万
34	600781	辅仁药业	2.35%	79.54万


数据来源:东方财富






展开阅读全文"
宁波海运涨停了,"https://guba.eastmoney.com/news,600781,770320716.html",2018-07-03 15:03:42,宁波海运涨停了
明天探底回升，不要问为什么！,"https://guba.eastmoney.com/news,600781,770136757.html",2018-07-02 22:27:50,明天探底回升，不要问为什么！
土地价值初步估算,"https://guba.eastmoney.com/news,600781,770268980.html",2018-07-03 12:37:43,土地价值初步估算
静地课堂热,"https://guba.eastmoney.com/news,600781,770263170.html",2018-07-03 12:01:24,静地课堂热
次次都是这样，开始的时候扭扭捏捏不肯跌，到了盘中就开始吃垃圾暴跌！,"https://guba.eastmoney.com/news,600781,770259115.html",2018-07-03 11:42:29,次次都是这样，开始的时候扭扭捏捏不肯跌，到了盘中就开始吃垃圾暴跌！
感觉一直有压盘[不赞]下作呸,"https://guba.eastmoney.com/news,600781,770258281.html",2018-07-03 11:39:16,感觉一直有压盘[不赞]下作呸
年报呢？？？？？[好困惑],"https://guba.eastmoney.com/news,600781,766558078.html",2018-06-14 13:51:30,年报呢？？？？？
复星十分看重豫园的股份，怪不得投入这样多资金,"https://guba.eastmoney.com/news,600781,770244396.html",2018-07-03 11:14:48,复星十分看重豫园的股份，怪不得投入这样多资金
小米推迟CDR发行申请 证监会回应称“尊重小米选择 决定取消审核”,"https://guba.eastmoney.com/news,600781,770230826.html",2018-07-03 10:53:44,小米推迟CDR发行申请 证监会回应称“尊重小米选择 决定取消审核”
这票最弱医药股哈哈哈，买到的恭喜恭喜啊，这都能选中最弱哈,"https://guba.eastmoney.com/news,600781,763008260.html",2018-05-29 10:18:42,这票最弱医药股哈哈哈，买到的恭喜恭喜啊，这都能选中最弱哈
我看大秦铁路,"https://guba.eastmoney.com/news,600781,770212732.html",2018-07-03 10:16:46,我看大秦铁路
王府井欠股民一波牛市何时才能把2008年的高点拿下。难道要到2022？,"https://guba.eastmoney.com/news,600781,770165771.html",2018-07-03 04:45:03,王府井欠股民一波牛市何时才能把2008年的高点拿下。难道要到2022？
有些人说认为这次连跌6天和600146过低的增发价,"https://guba.eastmoney.com/news,600781,770165133.html",2018-07-03 04:33:12,有些人说认为这次连跌6天和600146过低的增发价
",通道堵塞赶紧溜,通道不堵就不走","https://guba.eastmoney.com/news,600781,770164741.html",2018-07-03 04:25:36,",通道堵塞赶紧溜,通道不堵就不走"
获利丰厚的主力，玩死你们！,"https://guba.eastmoney.com/news,600781,770163186.html",2018-07-03 03:48:40,获利丰厚的主力，玩死你们！
辅仁药业的大底！拿到手你就是捡钱[胜利],"https://guba.eastmoney.com/news,600781,770125697.html",2018-07-02 21:07:26,辅仁药业的大底！拿到手你就是捡钱
看见了盛开的,"https://guba.eastmoney.com/news,600781,770123548.html",2018-07-02 20:54:52,看见了盛开的
远离辅仁，明智选择[大笑][大笑][大笑],"https://guba.eastmoney.com/news,600781,762468530.html",2018-05-25 14:04:54,远离辅仁，明智选择
众多股票不跟涨只跟跌这是为什么?。,"https://guba.eastmoney.com/news,600781,770115391.html",2018-07-02 19:59:50,众多股票不跟涨只跟跌这是为什么?。
自己太哦，看了钢铁股，不敢买，丫丫的,"https://guba.eastmoney.com/news,600781,770108888.html",2018-07-02 19:14:52,自己太哦，看了钢铁股，不敢买，丫丫的
600781:辅仁药业独立董事关于全资孙公司之子公司股权转让暨关联交易的独立意见,"https://guba.eastmoney.com/news,600781,763467367.html",2018-05-30 17:06:35,"公告日期：2018-05-31
辅仁药业集团实业股份有限公司独立董事



关于全资孙公司之子公司股权转让暨关联交易的



独立意见



辅仁药业集团实业股份有限公司（以下简称“公司”）全资子公司开封制药（集团）有限公司的全资子公司辅仁药业集团医药有限公司（以下简称“辅仁医药”），即公司全资孙公司辅仁医药，拟将其持有的郑州药素电子商务有限公司（以下简称“郑州药素”或“标的公司”）90%股权（以下简称“标的股权”）全部转让给河南辅仁控股集团股份有限公司（以下简称“辅仁控股”）。根据辅仁医药和辅仁控股双方的协商，本次标的股权的转让价格依据具有证券从业资格的评估事务所对标的股权的评估结果即 497.40万元以及评估报告基准日后辅仁医药新增出资430.00万元的基础上经双方协商，确定交易价格为人民币950.00万元。



2018年5月30日，公司召开了第七届董事会第十次会议（以下简称“本次



会议”）。根据《中华人民共和国公司法》、《中华人民共和国证券法》、《关于在上市公司建立独立董事制度的指导意见》等有关法律、法规、规范性文件以及《辅仁药业集团实业股份有限公司章程》、《辅仁药业集团实业股份有限公司关联交易管理办法》等有关规定，我们作为公司的独立董事，对《关于全资孙公司之子公司股权转让暨关联交易的议案》进行了审阅，本着认真、负责、独立判断的态度，发表独立意见如下：



公司全体独立董事认为：本次河南辅仁药业集团医药有限公司向河南辅仁控股集团股份有限公司转让郑州药素电子商务有限公司 90%股权的行为不会影响公司生产经营活动的正常运行，不会对公司财务及经营状况产生不利影响，符合公司经营发展的需要。公司董事会在审议该议案时，关联董事进行了回避，没有参加议案表决。会议形成的决议不存在损害公司和全体股东利益的情形。《关于全资孙公司之子公司股权转让暨关联交易的议案》符合国家有关法律法规和政策的规定，交易定价公允合理，没有损害公司和全体股东的利益，没有损害中小股东的利益。我们同意该关联交易。



（以下无正文）




[点击查看PDF原文]
提示：本网不保证其真实性和客观性，一切有关该股的有效信息，以交易所的公告为准，敬请投资者注意风险。"
治一经，损一经,"https://guba.eastmoney.com/news,600781,770094912.html",2018-07-02 17:38:52,治一经，损一经
至以发帖骂人为职业的,"https://guba.eastmoney.com/news,600781,770082661.html",2018-07-02 16:35:54,至以发帖骂人为职业的
辅仁药业07月02日资金揭秘,"https://guba.eastmoney.com/news,600781,770077639.html",2018-07-02 16:15:36,"





今日辅仁药业主力净流入额达-65.37万元，净占比-2.81%，
其中超大单净流入额0.00元,净占比0.00%，
大单净流入额-65.37万元，净占比-2.86%。







































辅仁药业资金流向数据

类型	流入(万元)	流出(万元)
超大	0.00	0.00
大单	163.52	-228.89
中单	1040.25	-854.24
小单	1081.38	-1202.02




资金解读





辅仁药业收盘涨幅-2.42%，
其中，成交最活跃的价格分别为15.79、15.78、15.76，成交密集的手数区间分布于30-50、50-70、100-150手，小单介入居多。











成交活跃统计


9:30-15:00成交均价15.22













































成交价格	主买累计成交量	主卖累计成交量	主买占比	主卖占比
15.79	5400	6800	0.36%	0.45%
15.78	2100	1000	0.14%	0.07%
15.76	1500	200	0.10%	0.01%
15.80	1500	0	0.10%	0.00%
15.77	800	0	0.05%	0.00%












































成交手数分布	主买累计成交量	主卖累计成交量	主买估算笔数	主卖估算笔数
30-50	34500	108100	690	2162
50-70	36500	83480	521	1193
100-150	10500	89200	70	595
70-100	33700	55800	337	558
150-200	16000	18300	80	92




左右拖动表格，可查看剩余表格内容


行业个股资金流

























































医药制造成分股主力净流入排行
序号	代码	名称	涨幅	主力净流入
1	002907	华森制药	10.01%	5026.75万
2	600867	通化东宝	2.92%	3545.17万
3	600771	广誉远	2.66%	3028.02万
4	300015	爱尔眼科	0.03%	2303.77万
5	600645	中源协和	3.37%	2278.11万
93	600781	辅仁药业	-2.42%	-65.37万


数据来源:东方财富






展开阅读全文"
见渔夫将船在,"https://guba.eastmoney.com/news,600781,770054671.html",2018-07-02 14:53:14,见渔夫将船在
再不买就没有机会了。,"https://guba.eastmoney.com/news,600781,770048256.html",2018-07-02 14:43:53,再不买就没有机会了。
美国华尔街借壳商赢环球。,"https://guba.eastmoney.com/news,600781,750812421.html",2018-03-25 22:21:06,美国华尔街借壳商赢环球。
这货太穷还玩券商，MDB,"https://guba.eastmoney.com/news,600781,769997655.html",2018-07-02 13:01:02,这货太穷还玩券商，MDB
俺煮福建老白茶,"https://guba.eastmoney.com/news,600781,743182427.html",2018-01-25 11:27:07,下午收盘后开煮
别看了下周一字板了进不来了,"https://guba.eastmoney.com/news,600781,769995619.html",2018-07-02 12:47:38,别看了下周一字板了进不来了
不度德，不量力,"https://guba.eastmoney.com/news,600781,769993749.html",2018-07-02 12:33:57,不度德，不量力
我曹，刚一看，跌这么多！你够牛！,"https://guba.eastmoney.com/news,600781,755694056.html",2018-04-18 10:29:53,我曹，刚一看，跌这么多！你够牛！
要洗澡了哦[鼓掌][鼓掌][鼓掌],"https://guba.eastmoney.com/news,600781,769992180.html",2018-07-02 12:23:14,要洗澡了哦
600781:辅仁药业关于实施2017年度利润分配后募集配套资金股份发行价格调整的公告,"https://guba.eastmoney.com/news,600781,768900418.html",2018-06-26 15:36:46,"公告日期：2018-06-27

证券代码：600781 证券简称：辅仁药业 公告编号：2018-034
辅仁药业集团实业股份有限公司

关于实施2017年度利润分配后

募集配套资金股份发行价格调整的公告

本公司董事会及全体董事保证本公告内容不存在任何虚假记载、误导性陈述
或者重大遗漏，并对其内容的真实性、准确性和完整性承担个别及连带责任。
重要内容提示：

辅仁药业集团实业股份有限公司（以下简称“公司”）2017年度利润分配
实施完成后，公司本次发行股份及支付现金购买资产并募集配套资金暨关联交易
（以下简称“本次重大资产重组”）中募集配套资金的股份发行价格由不低于16.50元/股调整为不低于16.38元/股。

一、本次重大资产重组事项概述

公司向辅仁药业集团有限公司等14名交易对方发行股份及支付现金购买其
合计持有的开药集团100%股权。同时公司拟采用询价方式向不超过10名符合条件的特定对象非公开发行股票募集配套资金，募集资金总额不超过262,800万元。
2015年12月20日，公司召开第六届董事会第十一次会议，审议通过了本
次重组预案和相关议案。

2016年4月25日，公司召开第六届董事会第十三次会议，审议通过了重大
资产重组报告书（草案）和本次重组相关议案。

2016年5月13日，公司召开2016年第一次临时股东大会，审议批准了本
次交易具体议案。

2017年10月13日，公司召开第七届董事会第三次会议，审议通过了《关
于公司延长本次重组相关事项决议及股东大会授权董事会办理本次重组相关事项有效期的议案》。


2017年11月1日，公司召开2017年第一次临时股东大会，审议批准了《关于公司延长本次重组相关事项决议及股东大会授权董事会办理本次重组相关事项有效期的议案》。

上述经审议通过的议案对募集配套资金的股份发行价格调整方法做了如下规定：本次募集配套资金的定价基准日为公司第六届董事会第十一次会议决议公告日。定价基准日至发行完成日期间，若上市公司发生派发股利、送红股、转增股本等除息、除权行为，发行底价将作相应调整。

2017年12月21日，中国证监会核发《关于核准辅仁药业集团实业股份有限公司重大资产重组及向辅仁药业集团有限公司等发行股份购买资产并募集配套资金的批复》（证监许可[2017]2367号），核准了本次交易。

2017年12月29日，公司本次重大资产重组中发行股份购买资产部分已实施完毕。

二、公司2017年度利润分配方案

公司于2018年5月14日召开2017年年度股东大会审议通过了《公司2017年度利润分配议案》。本次利润分配方案为：按照公司股本627,157,512股计算，向全体股东每10股派发现金红利人民币1.28元（含税）。本次分红不送红股、不以资本公积转增股本。实施上述利润分配方案，共需支付股利约人民币80,276,161.54元（含税），剩余未分配利润结转2018年度。

2018年6月20日，公司披露了《辅仁药业集团实业股份有限公司2017年年度权益分派实施公告》，本次利润分配股权登记日为2018年6月25日，除息日为2018年6月26日，现金红利发放日为2018年6月26日。截至2018年6月26日，公司2017年年度利润分配方案已经实施完毕。

三、本次重大资产重组募集配套资金发行股份的发行价格调整情况

鉴于公司2017年年度利润分配方案已实施完毕，现就本次重大资产重组募集配套资金发行股份的发行底价进行相应的调整，具体如下：

发行底价的调整公式为：P1=(P0-D)÷（1+N）


其中，P1为调整后的发行底价，P0为调整前的发行底价，D为每股派发的现金股利，N为每股送红股或转增股本数。

根据上述公式，调整后的发行底价为16.38元/股。具体计算情况：（调整前发行底价16.50元/股-每股派息0.128元）/（1+0）=16.372元/股。

四、其他事项

除上述调整情况外，本次重大资产重组的其他事项未发生变化。

特此公告。

辅仁药业集团实业股份有限公司董事会
2018年6月27日

[点击查看PDF原文]
提示：本网不保证其真实性和客观性，一切有关该股的有效信息，以交易所的公告为准，敬请投资者注意风险。
展开阅读全文"
一是一，二是二,"https://guba.eastmoney.com/news,600781,769982825.html",2018-07-02 11:32:35,一是一，二是二
明天反抽走人,"https://guba.eastmoney.com/news,600781,769978158.html",2018-07-02 11:21:27,明天反抽走人
