标题,链接,发布时间,内容
还要跌停,"https://guba.eastmoney.com/news,600872,161593708.html",2015-04-28 11:16:34,还要跌停
今天怎么走呢,"https://guba.eastmoney.com/news,600872,161518897.html",2015-04-28 09:27:51,今天怎么走呢
若明日再涨停，我就不带罩罩去逛街。,"https://guba.eastmoney.com/news,600872,161404248.html",2015-04-27 18:35:09,若明日再涨停，我就不带罩罩去逛街。
18.00元买到了！,"https://guba.eastmoney.com/news,600872,161179074.html",2015-04-27 09:44:42,
中炬前10大流通股新鲜出炉！,"https://guba.eastmoney.com/news,600872,143498662.html",2015-01-22 15:18:02,"0、华安中国 猛增3583万股，成为第一名。
1、易方达赔钱退出。
2、国泰金鼎减持500万股
3、生命周期增持300万
4、招商先锋基本持平。

筹码进一步集中，国际色彩浓厚。说明国内基金微减，借道沪港通的国资金进来了。"
真功夫者——广东中山股友,"https://guba.eastmoney.com/news,600872,161271084.html",2015-04-27 12:56:25,增大信息量为愿
渠道拓展稳步推进，国企改革预期强烈,"https://guba.eastmoney.com/news,600872,161163054.html",2015-04-27 08:47:49,
举牌应该不是为了收购，大股东持股8成怎么能收购？,"https://guba.eastmoney.com/news,600872,160931503.html",2015-04-25 08:31:24,".
拿大家都关注的南北车来说，

中国南车601766 和中国北车601299 两个上市公司大股东持股都是51%，

51%在资本市场叫做绝对控股线，

600872大股东控股已经超越了这个线，何来收购？

可能是举牌的投资人看好600872的投资价值，所以比南北车便宜一半的600872股票周一应该上涨。
."
中石化都涨停了，中炬你能涨到多少，拭目以待！,"https://guba.eastmoney.com/news,600872,161213858.html",2015-04-27 10:39:00,
今天买的，不知明天能否出来,"https://guba.eastmoney.com/news,600872,161197497.html",2015-04-27 10:15:17,
敢在这个高位举牌！,"https://guba.eastmoney.com/news,600872,161179991.html",2015-04-27 09:46:28,说明势在必得。成本在16元以上，看来不是简单的买卖，有意争夺第一大股东。可再看高。
TME被洗出来了,"https://guba.eastmoney.com/news,600872,161177732.html",2015-04-27 09:42:09,卖早了
600872:中炬高新关于股东权益变动的提示性公告,"https://guba.eastmoney.com/news,600872,160891468.html",2015-04-24 21:31:50,"公告日期：2015-04-25
　　 证券代码：600872 证券简称：中炬高新 公告编号：2015-010

中炬高新技术实业（集团）股份有限公司

关于股东权益变动的提示性公告

本公司董事会及全体董事保证本公告内容不存在任何虚假记载、误导性陈述或者重大遗漏，并对其内容的真实性、准确性和完整性承担个别及连带责任。

重要内容提示：

本次权益变动属于增持股份，不触及要约收购

本次权益变动未使公司控股股东及实际控制人发生变化

一、本次权益变动基本情况

中炬高新技术实业（集团）股份有限公司（以下简称“本公司”）于2015年4月23日收到前海人寿保险股份有限公司（以下简称“前海人寿”）的通知，截止至2015年4月23日，前海人寿持有本公司股份总数40,002,517股，占公司当前股份总数的5.02%，首次超过本公司总股本的5%。为核实有关信息，避免公司股价波动，公司向上海证券交易所申请了股票2015年4月24日临时停牌。

二、信息披露义务人基本情况：

公司名称：前海人寿保险股份有限公司

注册号：440301105979655

企业类型：股份有限公司

住所：深圳市南山区临海路59号招商海运9楼909-918房

法定代表人：姚振华

成立日期：2012年2月8日

三、股份增减变动情况：

前海人寿通过上海证券交易所集中交易方式增持本公司股份。截止至2015年4月23日，前海人寿持有本公司总股数达到40,002,517股，占公司当前股份总数的5.02%。

四、所涉及后续事项

本次权益变动未使公司控股股东、实际控制人变化。

根据有关规定，信息披露义务人编制了《简式权益变动报告书》，本公司代为履行信息披露义务，内容详见2015年4月25日《中国证券报》、《上海证券报》及上海证券交易所网站www.sse.com.cn。

公司股票将于2015年4月27日复牌交易。

特此公告。

中炬高新技术实业（集团）股份有限公司董事会

2015年4月24日


[点击查看PDF原文]
提示：本网不保证其真实性和客观性，一切有关该股的有效信息，以交易所的公告为准，敬请投资者注意风险。
展开阅读全文"
【4.27】早盘：实盘直播 个股出击,"https://guba.eastmoney.com/news,600872,161164155.html",2015-04-27 08:53:11,"欢迎来到【易山直播间】个股出击 洞悉资金 与庄共舞。本博每日盘前将收集影响行情走势的重要消息，并做市场解读；盘中为大家实时直播，挖掘最具上涨潜力个股、风险提示等，敬请各位股民关注。声明：本博所提示的相关个股及信息纯属个股观点，据此买入者，风险自担！如果觉得好的话希望大家收藏，以便下次查阅，股市有风险，投资需谨慎！顺祝投资愉快！8:50 600872中炬高新获前海人寿举牌 中炬高新公告，截止至4月23日，前海人寿持有公司股份总数40,002,517股，占公司当前股份总数的5.02%，首次超过公司总股本的5%。 公司股票4月24日临时停牌，27日复牌交易。按F5刷新[点击查看博客原文]"
前海人寿举牌中炬高新,"https://guba.eastmoney.com/news,600872,161145874.html",2015-04-27 03:51:49,"　　中炬高新(600872)4月25日发布权益变动报告书，前海人寿通过上海证券交易所集中交易方式增持公司股份。截至2015年4月23日，前海人寿持有公司总股数达到4000.2517万股，占公司股份总数的5.02%，触及5%的举牌红线。
　　简式权益变动报告书显示，前海人寿自今年4月份开始持有中炬高新股份，首次在15.1元至17元/股的股价区间买入3059.25万股，4月23日当天又大举买入941万股。
　　此前，前海人寿已参与华侨城A、南玻A的非公开发行，若相应的审批核准，则前海人寿将持有华侨城A和南玻A的股份分别为6.89%和8.84%。
　　目前中炬高新第一大股东中山火炬集团有限公司仅持有上市公司10.72%股权。(来源:中国证券报)[点击查看原文]"
感觉大盘不安全，昨天大盘不稳，该股先于大盘调整了,"https://guba.eastmoney.com/news,600872,160616886.html",2015-04-24 06:24:14,感觉大盘不安全，昨天大盘不稳，该股先于大盘调整了
一根烟一杯茶，静下心来思考！,"https://guba.eastmoney.com/news,600872,158553701.html",2015-04-15 22:18:08,"作为一个2008年入市的股民来说，股龄也有好几年了，之前的熊市还能通过分析判断找到买卖点，今年股市开启了牛市大行情，结果没挣钱就算了，还把老本给套了，一根烟一杯茶，静下心来思考这几个月来犯下的错误，大盘疯狂，自己不能发癫，对于买卖股票一定要坚持自己定好的纪律，不能随意买卖。

1、只做自己熟悉的股票，股市里面的票太多了，不可能个个都了解。
2、牛市行情建议做中线，看某个股票涨了2天，哇，追起，结果一调整，亏了几个点，又看到别的股票涨，割肉又去追，追对了补上亏了的点，盈利也不多，不停的换票，结果只有死路一条。
3、身边不懂股票的朋友都挣钱了，为什么？他们不懂股票，根本不去关心什么K线，消息等等，就是拿着，等涨上去了直接套现，涨不上去不卖，牛市中板块都在轮流的上涨，板块中强势和弱势的股票都会跟着大盘，只要大盘走的好，不怕不挣钱。
4、机构推荐的股票还是多观察多了解，宁可错过行情，也不要买错。
5、牛市中选择市盈率低的股票做中线。
6、想换某只股票的时候最好跟踪这个股票一段时间，熟悉它的走势。
7、切记不能全仓，股市的风险谁都无法预测，给自己留一条路。
8、炒股和养猪是一样的道理，选择的股票价格低，就好比买个小猪仔，等它成长，选择高位的股票就好比买了个200斤的猪，怎么成长也涨不出什么肉来了，业绩差的股票，就好比病猪，早晚要生病。

本人写的完全是个人理解，不喜欢的请不要喷，谢谢！
对于目前全仓600872亏10个点，在考虑到底要不要割肉换银行股，其实也明白如果大盘在调整阶段换什么股都是白搭，希望600872能再创高新吧。"
关于基金构成一致行动人，罢免董事长的决议,"https://guba.eastmoney.com/news,600872,158293176.html",2015-04-15 08:55:55,哈哈哈，股价大升
关注 前海人寿 概念股票,"https://guba.eastmoney.com/news,600872,161101138.html",2015-04-26 18:31:21,
险资高位抢筹举牌中炬高新,"https://guba.eastmoney.com/news,600872,161004571.html",2015-04-25 19:07:20,"　　继安邦保险、生命人寿之后，险资重拳出击的行事风格在前海人寿身上再次得到体现。拟出巨资参与华侨城A、南玻A定增的消息刚落定，前海人寿如今又通过举牌方式“突袭”中炬高新，风头甚是强劲。
　　根据中炬高新今日所发公告，截至4月23日，前海人寿已持有4000.25万股上市公司股份(占总股本的5.02%)，由此触及5%的举牌红线。权益变动报告书显示，前海人寿上述持股全部是在今年4月份买入，举牌态度相当坚决。其中，4月23日当天，前海人寿大举买入了941万股；此前数日则在15.1元至17元的股价区间内低调购入了3059.25万股。回看中炬高新4月份二级市场走势，期间股价已处于近年来的相对高位。
　　值得一提的是，或是由于对方增持动作过快的缘故，中炬高新方面对前海人寿此番举牌情况并没有提前关注到。据披露，前海人寿在4月23日举牌当日便向上市公司发出了通知，而为核实有关信息，中炬高新随后于4月24日申请了临时停牌。
　　前海人寿表示，本次举牌是对上市公司未来发展前景的看好。公开资料显示，中炬高新第一大股东中山火炬集团有限公司目前仅持有上市公司10.72%股权，控制权地位并不牢固。
　　事实上，在举牌中炬高新之前，前海人寿已在资本市场“频频露脸”。
　　就在4月22日，在南玻A刚刚披露的定增方案中，前海人寿现身拟以10亿现金认购1.12亿股，交易完成后前海人寿的持股比例将达到8.84%，晋升为公司单一第一大股东。再更早的3月份，在华侨城A的定增方案中，前海人寿出资40亿元认购股份，将持股6.89%，上升至第二大股东。
　　其中值得关注的是，前海人寿在参与南玻A的定增之前，已悄然“上位”南玻A。回查南玻A2014年财报前十大流通股股东榜，当时前海人寿尚未现身，但截至南玻A公布定增方案时，前海人寿的持股量已达到4.19%，距5%的举牌线已不远。(来源:上海证券报)[点击查看原文]"
看情况不妙，我昨天清仓了。,"https://guba.eastmoney.com/news,600872,160616802.html",2015-04-24 06:22:31,看情况不妙，我昨天清仓了。
世界这么大，我要打酱油,"https://guba.eastmoney.com/news,600872,160970509.html",2015-04-25 13:46:37,前期酱油瓶倒了的小散，记住赶快爬起，加入酱油大军
只有一件事可以确定，前海人寿有10亿套在南玻必须三年,"https://guba.eastmoney.com/news,600872,161032314.html",2015-04-25 23:52:12,
买亏了。周一追的买入。,"https://guba.eastmoney.com/news,600872,160993230.html",2015-04-25 17:05:30,买亏了。周一追的买入。
现在大家在看看4月15日某某调研机构说的中炬预付款的事，很明显是配合打压股价了吧,"https://guba.eastmoney.com/news,600872,161012149.html",2015-04-25 20:28:14,这些无耻的机构就是这样操纵舆论，不知道有多少交出筹码的。
看看后市这个野蛮人到底有多么野蛮嘛？,"https://guba.eastmoney.com/news,600872,160911260.html",2015-04-24 23:37:14,能把股价搞到25以上我就服你了
就是增加股本，不构成威胁，对于南玻A直接威胁，看中炬高新怎么反击了，观察下看看，,"https://guba.eastmoney.com/news,600872,160912300.html",2015-04-24 23:49:40,就是增加股本，不构成威胁，对于南玻A直接威胁，看中炬高新怎么反击了，观察下看看，个人判断不是什么利好，近期不会拉起来，野蛮人增加的股本价格在15-17元，估计高新最近应该还有大动作。
中炬高新获前海人寿举牌,"https://guba.eastmoney.com/news,600872,160889164.html",2015-04-24 21:20:40,　　中炬高新(600872)4月24日晚间公告，公司4月23日收到前海人寿的通知，前海人寿通过上海证券交易所集中交易方式增持公司股份。截止至2015年4月23日，前海人寿持有公司股份总数4000.25万股，占公司当前股份总数的5.02%，首次超过公司总股本的5%。(来源:证券时报网)[点击查看原文]
又一股权之争。翻版南玻。,"https://guba.eastmoney.com/news,600872,160925984.html",2015-04-25 07:42:48,又一股权之争。翻版南玻。
600872:中炬高新简式权益变动报告书(前海人寿保险股份有限公司),"https://guba.eastmoney.com/news,600872,160891803.html",2015-04-24 21:33:38,"公告日期：2015-04-25
　　中炬高新技术实业（集团）股份有限公司

简式权益变动报告书

上市公司名称：中炬高新技术实业（集团）股份有限公司

股票上市地点：上海证券交易所

股票简称：中炬高新

股票代码：600872

信息披露义务人：前海人寿保险股份有限公司

住所：深圳市南山区临海路59号招商海运9楼909-918厉

通讯地址：深圳市南山区临海路59号招商海运9楼909-918房

邮政编码：5 1 8000

股：份变动性质：增加

……
[点击查看PDF原文]
提示：本网不保证其真实性和客观性，一切有关该股的有效信息，以交易所的公告为准，敬请投资者注意风险。"
不事先通知就停牌，是不是被查了。估计开盘会跌停吧？,"https://guba.eastmoney.com/news,600872,160742666.html",2015-04-24 12:50:58,哈哈哈哈哈哈哈
今天交易实况，vvvvvv,"https://guba.eastmoney.com/news,600872,160238222.html",2015-04-22 20:12:22,你说散户容易么
中炬高新年报解读：美味鲜业绩增速放缓,"https://guba.eastmoney.com/news,600872,160029882.html",2015-04-22 10:19:12,"2014营收26.42亿，同比增长13.96%，净利润2.87亿，同比增长34.7%，其中第四季度营收只同比增长7.3%，净利润同比不增长，显然四季度的业绩非常糟糕，也说明了美味鲜的增速在四季度放缓（其实从三季度就可以看出来了）。
　　
　　拆分一下收入，房地产及服务业收入0.5亿元，较2013年减少了1.7亿元（营收增速下滑的原因之一），制造业（调味品）收入增长了3.4亿元(意味着美味鲜增速在20%左右)，公司本部及创新科技公司通过物业资产出售增加了收入1.5亿元，使公司营业收入同比增长了3.2亿元。
　　
　　公司的销售费用和管理费用合计5.2亿，同比增长25%以上，大幅高于营收增速，但因为公司的营业成本只增长了8.7%，所以公司净利润增速非常好。关于费用的增长公司的解释是，美味鲜公司随销售收入大幅增长，相应工资福利费、广告费、超市费用、运费、工资福利、科技研发、阳西厂至中山厂的往来物资调度运费及庆典费用增加等原因。其中2014研发支出9431万，同比增长38%，占比营收3.57%。
　　
　　公司毛利率比上年提升3.74个百分点至34.82%，其中制造业（调味品）毛利率34.65%，同比增速3.66个百分点，整体净利率为11.6%，比上年提升0.7个百分点。ROE为12.78%，比13年增加2.35个百分点；资产负债率几乎没变，为35.6%，ROE的提升依靠的是公司净利率的提升。
　　
　　因为行业属性的关系，公司的应收款非常低，只有5280万，同比小幅下滑，而存货高达12.6亿，同比增长4.5%。经营现金流净额同比增长148%至3.35亿。14年每股派息0.11元，忽略不计了。
　　
　　看看2014年公司干了点什么事：投资5000万元的酱油文化博物馆落成，为企业引入浓厚的文化气息。酱油博物馆这种公益工程其实是在损害股东利益的行为；投资6亿元的阳西生产基地一期工程于2014年6月竣工投产，2014年阳西基地实现主营业务收入2.16亿元。
　　
　　再看公司的2015年经营计划：
　　
　　实现营业收入29.25亿元, 比2014年增长10.72%；实现归属母公司的净利润2.2亿元，比2014年减少23.29%。利润下滑的原因如下：1、2015年预计产能还不能完全释放，阳西项目转固后折旧费用大幅增加，美味鲜人员增加，劳动力成本加大，导致美味鲜公司利润增幅放缓。2、中汇合创公司2015年营业收入较低，无业绩贡献；3、公司本部土地及物业转让大幅减少；本部发行公司债财务费用增加。
　　
　　虽然我已经做好了公司业绩增速放缓的准备，但公司竟然在计划的情况下利润都要下滑23.3%！这真的有点出乎我的想象，不过不论是美味鲜四季度增速大幅低于预期还是15年公司业绩大幅下滑，这都不能妨碍股价扶摇直上。之前美味鲜保持25%增速，公司股价在9元（PE30倍）的时候，我都觉得太贵，不是买点，而现在公司PE41倍，在业绩下滑的基础上，2015年的PE要直奔55倍了，果然A股是超级大牛市。反正这种牛市我是看不懂，即便公司很优秀未来很看好，我也不会在如此高估的价格下买入，彼得林奇说过，你不会因为你的不买入，而损失任何一分钱。
　　
　　从毛利率、净利率切入点看，美味鲜距离龙头海天仍有很大差距，海天净利率变态的达到21%以上，中炬估计只有10%出头，在说明海天的产品线、供应链管理能力是有多强的同时，也告诉我们中炬高新未来净利率的提升空间还很大，公司仍处在高速扩张阶段。
　　
　　最后，公司的股东人数在一季度大幅减少25%，14年底十大流通股东几乎换了个遍，社保新近2571万股成为第二大股东，其他国内外各大基金完成换手，上一季度持有的老基金几乎全部减仓或退出，新的机构入场。"
还好昨天清了！,"https://guba.eastmoney.com/news,600872,160672898.html",2015-04-24 10:14:58,还好昨天清了！
一字板开盘 奔20去了,"https://guba.eastmoney.com/news,600872,160899305.html",2015-04-24 22:13:26,必过20
下周能上18元，元吧,"https://guba.eastmoney.com/news,600872,160895527.html",2015-04-24 21:52:48,下周能上18
600872:中炬高新2014年年度股东大会决议公告,"https://guba.eastmoney.com/news,600872,160889463.html",2015-04-24 21:22:03,"公告日期：2015-04-25
　　 证券代码：600872 证券简称：中炬高新 公告编号：2015-011

中炬高新技术实业(集团)股份有限公司

2014年年度股东大会决议公告

本公司董事会及全体董事保证本公告内容不存在任何虚假记载、误导性陈述或者重大遗漏，并对其内容的真实性、准确性和完整性承担个别及连带责任。

重要内容提示：

本次会议是否有否决议案：无

一、 会议召开和出席情况

(一) 股东大会召开的时间：2015年4月24日

(二) 股东大会召开的地点：广东省中山市火炬开发区火炬大厦四楼

(三) 出席会议的普通股股东和恢复表决权的优先股股东及其持有股份情况：

1、出席会议的股东和代理人人数 68

2、出席会议的股东所持有表决权的股份总数（股） 192,326,048

3、出席会议的股东所持有表决权股份数占公司有表决权股

份总数的比例（%） 24.14

(四) 表决方式是否符合《公司法》及《公司章程》的规定，大会主持情况等。

本次会议由公司董事会召集，采取现场投票和网络投票相结合的方式召开，现场由公司董事长熊炜先生主持。本次会议的召集、召开及表决方式均符合《公司法》及《公司章程》有关规定。

(五) 公司董事、监事和董事会秘书的出席情况

1、公司在任董事5人，出席4人，逐一说明未出席董事及其理由；

2、公司在任监事3人，出席2人，逐一说明未出席监事及其理由；

3、董事会秘书彭海泓先生出席本次股东大会；高级管理人员吴剑先生、张卫华先生列席了本次股东大会。

二、 议案审议情况

(一) 非累积投票议案

1、议案名称：公司2014年度董事会工作报告

审议结果：通过

表决情况：

股东类型 同意 反对 弃权

票数 比例 票数 比例 票数 比例

（%） （%） （%）

A股 191,917,248 99.79 0 0.00 408,800 0.21

2、议案名称：公司2014年度监事会工作报告

审议结果：通过

表决情况：

股东类型 同意 反对 弃权

票数 比例 票数 比例 票数 比例

（%） （%） （%）

A股 191,917,248 99.79 0 0.00 408,800 0.21

3、议案名称：公司2014年度财务决算报告

审议结果：通过

表决情况：

股东类型 同意 反对 弃权

票数 比例 票数 比例 票数 比例

（%） （%） （%）

A股 191,917,248 99.79 0 0.00 408,800 0.21

4、议案名称：公司2015年度财务预算报告

审议结果：通过

表决情况：

股东类型 同意 反对 弃权

票数 比例 票数 比例 票数 比例

（%） （%） （……
[点击查看PDF原文]
提示：本网不保证其真实性和客观性，一切有关该股的有效信息，以交易所的公告为准，敬请投资者注意风险。
展开阅读全文"
600872:中炬高新2014年年度股东大会的法律意见书,"https://guba.eastmoney.com/news,600872,160886855.html",2015-04-24 21:09:31,"公告日期：2015-04-25
　　600872:中炬高新2014年年度股东大会的法律意见书……
[点击查看PDF原文]
提示：本网不保证其真实性和客观性，一切有关该股的有效信息，以交易所的公告为准，敬请投资者注意风险。"
000796也是临时停盘 结果一停就是半年,"https://guba.eastmoney.com/news,600872,160847702.html",2015-04-24 17:33:29,停盘前也是有大资金砸盘
东方上没发消息   同花顺发布了,"https://guba.eastmoney.com/news,600872,160743506.html",2015-04-24 12:54:17,东方上没发消息同花顺发布了
有眉目了,"https://guba.eastmoney.com/news,600872,160775941.html",2015-04-24 14:00:33,周日晚公布消息，
什么事情停盘了啊！！,"https://guba.eastmoney.com/news,600872,160649237.html",2015-04-24 09:35:38,什么事情停盘了啊?好事？坏事？
怎么投票？,"https://guba.eastmoney.com/news,600872,160696155.html",2015-04-24 10:51:07,888888888888888888
重要事项未公告，被停牌一天。,"https://guba.eastmoney.com/news,600872,160682765.html",2015-04-24 10:30:12,上交所一般公告
股东大会啊,"https://guba.eastmoney.com/news,600872,160650914.html",2015-04-24 09:39:23,股东大会啊
也没出公告咋停牌了,"https://guba.eastmoney.com/news,600872,160647415.html",2015-04-24 09:31:41,也没出公告咋停牌了
停牌了？,"https://guba.eastmoney.com/news,600872,160646865.html",2015-04-24 09:30:43,停牌为啥不公告？
这个庄有意思,"https://guba.eastmoney.com/news,600872,160035745.html",2015-04-22 10:27:57,在你对他绝望抛弃他的时候他开始挣扎，在你对他信心满满的时候他捅你一刀。
有些人看不懂大盘！那你就卖吧！有量就不怕！今天万亿不成问题,"https://guba.eastmoney.com/news,600872,160388550.html",2015-04-23 11:20:19,有些人看不懂大盘！那你就卖吧！有量就不怕！今天万亿不成问题
果断加仓，机会来了！,"https://guba.eastmoney.com/news,600872,160384973.html",2015-04-23 11:14:08,果断加仓，机会来了！
神龙教主，你就是活说八道,"https://guba.eastmoney.com/news,600872,160204055.html",2015-04-22 17:19:25,怎么给删了
股指跳水此股 直接翻绿,"https://guba.eastmoney.com/news,600872,160111265.html",2015-04-22 13:33:16,股指跳水此股 直接翻绿
完蛋了  踩空了,"https://guba.eastmoney.com/news,600872,160120846.html",2015-04-22 13:49:24,完蛋了 踩空了
印象中炬近年还没有涨停过,"https://guba.eastmoney.com/news,600872,160124793.html",2015-04-22 13:56:07,什么时候中炬也来个涨停。
吓死了  以为股指不跳水了呢,"https://guba.eastmoney.com/news,600872,160127295.html",2015-04-22 13:59:45,吓死了 以为股指不跳水了呢
出了，看样子要收跌！,"https://guba.eastmoney.com/news,600872,160095419.html",2015-04-22 12:56:50,出了，看样子要收跌！
跟你耗不起了  你慢慢玩吧,"https://guba.eastmoney.com/news,600872,160067205.html",2015-04-22 11:17:28,跟你耗不起了 你慢慢玩吧
翻绿的节奏,"https://guba.eastmoney.com/news,600872,160068268.html",2015-04-22 11:19:13,翻绿的节奏
13.5元是短期支撑，大的支撑在13.2元，如果这两个价位都跌穿，那下个支撑在1,"https://guba.eastmoney.com/news,600872,153520854.html",2015-03-22 11:15:49,13.5元是短期支撑，大的支撑在13.2元，如果这两个价位都跌穿，那下个支撑在11.8元，所以要看着这两个价位，压力位14.4元要突破这价位才会有他上走的可能，如果接下来两个星期都攻不下这价位，后期走向很难说清，我想年报前15元应该会有
牛市无技术，就是看你能不能坚持得守住[加油][想一下],"https://guba.eastmoney.com/news,600872,159868197.html",2015-04-21 15:37:59,牛市无技术，就是看你能不能坚持得守住
鬼哥来了！其他的不用说，你们懂的！[财力][财力][,"https://guba.eastmoney.com/news,600872,159683005.html",2015-04-21 08:20:49,鬼哥来了！其他的不用说，你们懂的！
投资赚钱讲究的就是大道至简，做到两点六个字了你就会成功：“选对股，守得住”,"https://guba.eastmoney.com/news,600872,159613592.html",2015-04-20 19:40:33,投资赚钱讲究的就是大道至简，做到两点六个字了你就会成功：“选对股，守得住”
为何主力要在15.30出货呢，而且是大手笔的？,"https://guba.eastmoney.com/news,600872,159668224.html",2015-04-21 01:42:29,难道要换庄？
主力目的15.30,"https://guba.eastmoney.com/news,600872,159540158.html",2015-04-20 14:44:29,对倒出货
主力很在意15.3,"https://guba.eastmoney.com/news,600872,159516985.html",2015-04-20 14:07:20,这个价附近应该买入，可惜我15.66全买了，没子弹了。
快跑不然就会被套,"https://guba.eastmoney.com/news,600872,159495722.html",2015-04-20 13:33:14,快跑不然就会被套
主力不是洗盘而是在出货,"https://guba.eastmoney.com/news,600872,159494365.html",2015-04-20 13:31:04,主力不是洗盘而是在出货
央行周日宣布降准1个百分点！,"https://guba.eastmoney.com/news,600872,159321427.html",2015-04-19 17:28:49,【央行周日宣布降准1个百分点！】自4月20日起下调各类存款类金融机构人民币存款准备金率1个百分点，对农信社、村镇银行等农村金融机构额外降低人民币存款准备金率1个百分点，并统一下调农村合作银行存款准备金率至农信社水平。
If,"https://guba.eastmoney.com/news,600872,159404826.html",2015-04-20 10:02:46,If
[微笑],"https://guba.eastmoney.com/news,600872,159351818.html",2015-04-19 22:06:39,
尘埃落定 广东自贸区4月21日南沙挂牌,"https://guba.eastmoney.com/news,600872,159319841.html",2015-04-19 17:18:00,"备受关注的中国(广东)自由贸易试验区挂牌仪式，将于下周二(4月21日)在南沙举行，广东省委书记胡春华，将为自贸试验区揭牌。
　　4月19日上午，来自南沙开发区管理委员会办公室的权威消息，备受关注的中国(广东)自由贸易试验区挂牌仪式，将于下周二(4月21日)在南沙举行，广东省委书记胡春华，将为自贸试验区揭牌。香港行政长官梁振英、澳门行政长官崔世安等，亦将出席揭牌仪式。上证报17日消息曾透露，广东自贸区范围内的横琴片区近日将进行挂牌仪式演练，这意味着广东自贸区挂牌真的来了。而广东自贸区也将抢到第二批自贸区首挂牌的头彩。






广东自贸区范围图获批的广东自贸园区总面积达到116.2平方公里，其中，南沙新区片区为60平方公里，前海蛇口片区28.2平方公里，珠海横琴新区片区28平方公里。在广东自贸区建设中，前海、横琴、南沙和白云机场保税区应当各有特色和侧重点，其中，前海在金融创新和人民币国际化方面肩负重任，横琴新区发展定位于发展七大战略性新兴产业，南沙可以发展加工制造业、物流业、贸易、港口、教育、旅游等产业，白云空港在“境内关外”、保税展示等方面则享有税收优惠的政策。

　　广东自贸区的功能主要是加强粤港澳合作，带动珠三角地区发展，其起点相对较高，在高端服务方面将有不少想像空间。“广东自贸区更加突出同香港澳门的合作，特别是加强对香港澳门服务业的开放和衔接。”广东省政府发展研究中心主任汪一洋多次向媒体表示，服务业开放将对提升广东制造业实力有巨大帮助。广东制造业为服务业提供了很好的载体，两者可互相促进。"
兄弟们，在香港坠楼的是云南中炬集团董事长，和中炬高新不是一家,"https://guba.eastmoney.com/news,600872,159291100.html",2015-04-19 10:33:40,兄弟们，在香港坠楼的是云南中炬集团董事长，和中炬高新不是一家
"大盘暴涨,中矩大跌。烂上加烂[加油]","https://guba.eastmoney.com/news,600872,158994472.html",2015-04-17 12:33:32,"大盘暴涨,中矩大跌。烂上加烂"
600872:中炬高新2014年年度股东大会会议资料,"https://guba.eastmoney.com/news,600872,159100886.html",2015-04-17 16:33:58,"公告日期：2015-04-18
　　中炬高新技术实业（集团）股份有限公司

2014年年度股东大会会议资料

会议时间：2015年4月24日下午2时30分

会议地点：中山市火炬开发区火炬大厦四楼会议室

中炬高新2014年年度股东大会议程

一、董事长主持会议，并宣布现场会议开始；

二、选举大会监票员；

三、审议公司2014年度董事会报告；

四、审议公司2014年度监事会报告；

五、审议公司2014年度财务决算报告；

六、审议公司2015年度财务预算报告；

七、审议公司2014年利润分配议案；

八、审议关于续聘会计师事务所的议案；

九、审议关于修改《公司章程》的议案；

十、审议关于修改《股东大会议事规则》的议案；

十一、审议公司2014年年度报告全文及摘要；

十二、审议公司《2015-2017年股东回报规划》；

十三、独立董事述职报告；

十四、讨论、审议，并对上述议案进行表决；

十五、董事会秘书宣读股东大会投票结果；

十六、见证律师宣读法律意见书；

十七、会议结束。

中炬高新技术实业（集团）股份有限公司

2014年度董事会工作报告

各位股东：

公司2014年董事会工作报告内容请参阅《2014年年报》中董事会报告。

请各位股东审议。

中炬高新技术实业（集团）股份有限公司

2015年4月24日

中炬高新技术实业（集团）股份有限公司

2014年度监事会工作报告

各位股东：

2014年监事会依据《公司法》、《证券法》等法律法规，在全体监事的共同努力下，做好了以下工作：

一、履行监督职能，做好本职工作。

监事会是公司依法设立的监督机构，担负起依法行使公司监督权的职责，回顾一年来的工作，监事会按照本身工作职能，以《公司法》、《证券法》等法律法规为依据，坚持以有利于企业的发展和维护广大的股东权益为检查、监督的标准，密切配合公司开展各项工作，为公司各项工作顺利开展作了积极的努力。

2014年，监事会召开了4次监事会会议，具体情况如下：

1、2014年3月14日召开第七届监事会第十次会议，审议通过了：（1）公司2013年度监事会工作报告；

（2）公司2013年度报告及年度报告摘要；

（3）公司2013年度利润分配预案；

（4）公司监事会换届选举的议案；

（5）公司《2013年企业社会责任报告》；

（6）《董监高等核心管理人员薪酬与绩效考核管理制度》。

2、2014年4月11日召开第八届监事会第一次会议，审议通过了选举田炳信先生为公司第八届监事会监事长。

3、2014年4月28日召开第八届监事会第二次会议，审议通过了公司2014年第一季度报告。

4、2014年8月22日召开第八届监事会第三次会议，审议通过了公司2014年半度报告及半年度报告摘要。

5、2014年10月23日召开第八届监事会第四次会议，审议通过了：

公司2014年三季度报告；

关于执行2014年新颁布的相关企业会计准则的议案。

在日常工作中，监事会注重日常监督，发现问题及时向董事会、经营班子提出意见和建议，以达到加强监督，强化管理的目的，保障国家，企业和全体股东的利益不受侵犯。

二、监事会对应披露的事项发表如下独立意见。

1、本年度公司能依法运作，依法管理，依法经营，公司董事、经理及高级管理人员执行公司职务时，没有发现违反法律、法规、公司章程或损害公司利益行为。

2、公司在年度内没有募集资金。

3、公司在报告期没有进行收购业务。

4、公司在报告期内没有进行重大关联交易。

5、天职国际会计师事务所本年度为公司出具了无保留意见的审计报告。

三、监事会2015年工作意见。

在新的一年里，我们着重抓好如下几个方面的工作：

1、认真履行监督职能，提高监事会的工作水平。

随着证券监督部门对上市公司规范管理的不断完善和加强，对监事会的监督职能和本职工作提出了更高要求，在新形势下，监事会需认真学习上市公司规范管理的新规定，有针对性参加相关培训，提高自身素质；严格按证……
[点击查看PDF原文]
提示：本网不保证其真实性和客观性，一切有关该股的有效信息，以交易所的公告为准，敬请投资者注意风险。
展开阅读全文"
卧槽！这么多18.XX手和4.XX手，出货也不嫌麻烦？,"https://guba.eastmoney.com/news,600872,159052575.html",2015-04-17 14:27:45,卧槽！这么多18.XX手和4.XX手，出货也不嫌麻烦？
主力机构用心折磨散户！垃圾中的垃圾！浪费行情。散人。,"https://guba.eastmoney.com/news,600872,159047724.html",2015-04-17 14:21:02,主力机构用心折磨散户！垃圾中的垃圾！浪费行情。散人。
强烈大骂一卖就涨,"https://guba.eastmoney.com/news,600872,159015311.html",2015-04-17 13:32:06,啥东西
只会自己玩的庄，开心吗,"https://guba.eastmoney.com/news,600872,159013570.html",2015-04-17 13:29:18,
建议换庄，可以拉到30,"https://guba.eastmoney.com/news,600872,159007788.html",2015-04-17 13:19:00,建议换庄，可以拉到30
主力机构没人性，大盘这么好。还在跌，国企改革最垃圾的一个！,"https://guba.eastmoney.com/news,600872,158972911.html",2015-04-17 11:20:08,主力机构没人性，大盘这么好。还在跌，国企改革最垃圾的一个！
大家说说这股到底怎么回事？,"https://guba.eastmoney.com/news,600872,158953843.html",2015-04-17 10:50:12,有点神经呀
这股就好像两夫妻经常发生家暴一样，心情不好就凑你一顿,"https://guba.eastmoney.com/news,600872,158966736.html",2015-04-17 11:09:59,[心碎]
两个5.61%，好玩,"https://guba.eastmoney.com/news,600872,158799247.html",2015-04-16 17:33:07,昨天跌5.61%，今天涨5.61%，好玩！！！
中炬高新预付款交易之拍案惊奇,"https://guba.eastmoney.com/news,600872,158275535.html",2015-04-15 05:21:29,"　　预付款通常是指企业根据合同或协议规定预先支付给交易对象的定金或货款，其目的一是体现完成交易的诚意，二是解决交易对象的资金周转问题。正常情况下，上市公司都会利用预付款来提升交易的成功率。
　　但也有部分上市公司的预付款交易明显超出合理范围。继昨日发布了关于中炬高新(600872)2014年年报中预付款混乱的调查报告，中国上市公司研究院通过对该公司过去几年的定期报告梳理还发现，该公司年年都向不同的、有千丝万缕关系的交易对象支付大额预付款，却始终难以把交易做成；且即便第一年预付款交易不成，但公司同样在第二年向对方预付大额现金，再不成，第三年仍“矢志不渝”地持续预付。这份坚持不得不让人拍案惊奇。
　　难产的预付款交易
　　中炬高新2011年年报显示，该公司于2011年12月21日与中山市火炬开发区张家边实业发展公司(以下简称：张家边实业)因签订土地使用权转让合同，而预付首期款1亿元。
　　在2012年年报中，该笔1亿元的预付款已经不见了踪影，这意味着要么双方执行了合同完成土地转让、要么该交易被取消无法实现。如果执行合同完成土地转让，根据会计准则，购买的相关资产需计入当期资产负债表对应的会计科目，如存货、固定资产、无形资产和投资性房地产科目等。
　　由于该合同是中炬高新母公司直接签署，故可查阅母公司财务报表中的相关会计科目，而上市公司当期母公司财务报表显示，存货的期末余额和期初余额分别为42万元和889万元，而当期营业成本为4758万元，因此当期存货增加额约为3911万元，是以不可能计入该科目。
　　考虑到母公司财务报表无法反应出固定资产、无形资产和投资性房地产的当期增加值，故只有从中炬高新2012年年报的合并报表中找寻答案。而数据显示，公司当期固定资产中的房屋及建筑物当期增加金额为4866万元、无形资产中的土地使用权当期增加金额为3204万元、投资性房地产当期增加金额为4503万元，均与1亿元相差较大，同样不可能计入上述三个会计科目。
　　事实上，经中国上市公司研究院再三求证，中炬高新最终也承认这笔1亿元的预付购地交易实际未能完成。
　　除张家边实业外，中炬高新其后多次的预付购地交易同样无疾而终。
　　公司2012年中报显示，当期上市公司母公司向东莞市虎门建设发展有限公司(以下简称：虎门建设发展)预付购地款8000万元，而到2012年年报时，该笔预付款已经消失。
　　由于对虎门建设的预付款是在2012年上半年支付，经查询当年上半年母公司现金流表，其“购买商品、接受劳务支付的现金”科目的金额为1054万元、“购建固定资产、无形资产和其他长期资产支付的现金”科目的金额为8034万元。
　　因此，这8000万元预付款在现金流量表中只能是计入了“购建固定资产、无形资产和其他长期资产支付的现金”科目。按照会计准则，上述情况在交易完成土地使用权入账时，只能计入固定资产、无形资产和投资性房地产科目。
　　而在2012年合并财务报表的相关科目中，固定资产中的房屋及建筑物当期增加金额为4866万元，无形资产中的土地使用权当期增加金额为3204万元，投资性房地产当期增加金额为4503万元，与8000万元相差较大。
　　综合来看，这笔交易又只能是取消了。
　　接下来便是从2012年起连续三年出现在上市公司预付款前五位的苏杨房地产。年报数据显示，2012年中炬高新向苏杨房地产预付了一笔2000万元的购地款，但财务数据显示，该交易最终未能完成(详细分析见本报昨日刊发的系列报道第一篇“中炬高新预付款乱象频现”).
　　不过，这并没有影响到中炬高新与苏杨房地产做生意的意愿。2013年，中炬高新又向其预付购地款3500万元。然而，一年下来，这笔预付购地交易还是没能做成(见前述报道)。连续两年购地失败，中炬高新并未望而却步，2014年仍然向苏杨房地产预付1500万元的购地款。如此“屡败屡战”，在上市公司中实属罕见。
　　交易对象多“老熟人”
　　值得注意的是，中炬高新给予大额预付款的公司，多数与其有着千丝万缕的关系，甚至部分公司实际控制人直接担任上市公司子公司的法人代表。
　　工商登记资料显示，张家边实业的实际控制人及法人代表均是自然人马建军，其同时也是中炬高新子公司中炬小额贷款股份有限公司的一名股东，持股比例为10%。马建军同时还出任中炬小额贷款股份有限公司的法人代表。
　　虎门建设发展同样如此。工商登记资料显示，中炬高新旗下主营房地产业务的子公司广东中汇合创房地产有限公司共有四名法人股东，其中一位法人股东为“东莞市虎门金鵉商业发展有限公司”。据查询，虎门金鵉的股东之一恰好正是虎门建设发展；且虎门金鵉与虎门建设发展共同的自然人股东苏志江，恰好也是中汇合创的董事。
　　除此之外，2014年中炬高新最新参股发起成立了“中山火炬开发区胜源科技小额贷款股份有限公司”，该公司注册资本2亿元，上市公司出资2000万元，占比10%，另外股东中，有一名自然人股东卢后南出资4000万元，占股20%。而2013年出现在中炬高新预付款前五位中的爱科数字，其实际控制人及法人代表恰好就是卢后南。
　　同时，在2013、2014年连续占据中炬高新预付款第一位的“中山市德仲健康医疗信息研发有限公司”，其股东之一就是爱科数字，且该公司的法人代表正是卢后南。
　　蹊跷的会计确认
　　中炬高新的预付款乱象还不限于此，该公司在预付款支出和收回时在现金流量表中所确认的会计科目也无法匹配，而其中透露的信息颇值得玩味。
　　以2011年给张家边实业的1亿元预付购地款为例，中炬高新在给中国上市公司研究院的回复中表示：因交易最终未能实现，1亿元预付款退回了公司，在编制现金流量表时，2011年支付当初计入了“购买商品、接受劳务支付的现金”科目，后审计中，会计师认为，该笔款项是属于长期性资产投资所产生的，因此在2012年年报中相应冲减了“投资活动所支付的现金”。
　　由于2011年度和2012年度中炬高新聘请的会计师事务所并没有改变，且有一名注册会计师连续两年都参与了公司的财务报表审计。如此背景下，难免会让人产生出疑问：同样的会计师事务所和会计师，为何在2011年支出预付款时认可该交易属于经营活动(注：“购买商品、接受劳务支付的现金”在现金流量表中属于经营活动项)，但是到2012年当该笔交易取消时，注册会计师却判断该笔交易属于投资活动(注：“投资活动所支付的现金”在现金流量表中属于投资活动项).
　　另一方面，在1亿元预付购地款退回时，注册会计师并不是要求冲减“构建固定资产、无形资产和其他长期资产支付的现金”，而是冲减“投资支付的现金”，也就是说注册会计师不认为该交易是购买固定资产、无形资产和其他长期资产的行为，而是认为该交易是金融投资行为。在这种情况下，该交易是否涉及真实资产，值得怀疑。(来源:证券时报)[点击查看原文]
展开阅读全文"
鸡鸣狗盗之辈,"https://guba.eastmoney.com/news,600872,158678506.html",2015-04-16 11:50:49,就是赚点差价，没出息
自己玩，好玩吗,"https://guba.eastmoney.com/news,600872,158650132.html",2015-04-16 10:54:33,
怎么了，停牌了吗？,"https://guba.eastmoney.com/news,600872,158599522.html",2015-04-16 09:28:22,怎么了，停牌了吗？
我 明天 将短暂告别下中炬高新 我 会回来的,"https://guba.eastmoney.com/news,600872,157943343.html",2015-04-13 20:28:58,我 明天 将短暂告别下 我 会回来的 ，本人估计大盘会在周四左右大跌 或者出现巨幅震荡 经自己慎重考虑所有股票明天都 将清仓 观察几天再说 不对勿喷 自己个人 观点仅供参考
回来看看，好凶险，幸好前两天出了！,"https://guba.eastmoney.com/news,600872,158475924.html",2015-04-15 15:50:28,回来看看，好凶险，幸好前两天出了！
砸盘吧！一路砸到跌停版！！！,"https://guba.eastmoney.com/news,600872,158339562.html",2015-04-15 10:33:29,砸盘吧！一路砸到跌停版！！！
600872:中炬高新澄清公告,"https://guba.eastmoney.com/news,600872,158202196.html",2015-04-14 17:09:23,"公告日期：2015-04-15
　　证券代码：600872 证券简称：中炬高新 编号：2015-009

中炬高新技术实业（集团）股份有限公司

澄清公告

特别提示

本公司董事会及全体董事保证本公告内容不存在任何虚假记载、误导性陈述或者重大遗漏，并对其内容的真实性、准确性和完整性承担个别及连带责任。

重要内容提示

证券时报网发表了题为《中炬高新预付款乱象频现》的“网评”（以下简称：“网评”），质疑公司“预付款交易或是明显超出合理范围、或是涉嫌构成虚假交易。超高价预付拿地的困惑”。

针对该“网评”内容，公司进行核实后确认：公司相关交易真实，交易定价合理，款项收支正常。

一、报道简述

2015年4月14日，该“网评”称：公司与中山市中炬再生资源回收有限公司（以下简称：“再生资源公司”）的交易标的定价过高；公司与中山市苏杨房地产投资有限公司（以下简称：“苏杨公司”）的预付款交易被频繁取消，上市公司资金被无偿占用。

二、澄清声明

经公司核实，认为“网评”内容与事实不符并存在重大差异。现就有关问题澄清如下：

（一）与再生资源公司的交易情况

1、2013年4月，公司与再生资源公司签订购地合同，公司预付款项1000万元；后由于对方原因合同中止，再生资源公司退回公司预付款1000万元，并支付违约金121万元；

2、2014年4月，子公司广东中汇合创房地产有限公司（以下简称“中汇合创”公司）与再生资源公司签订购地合同，中汇合创公司预付款项1000万元，目前合同尚在执行中；

3、2014年10月，公司与再生资源公司签订购买资产合同，公司预

证券代码：600872 证券简称：中炬高新 编号：2015-009

付款5600万元，购买的标的是再生资源公司位于火炬开发区濠泗村的工业厂房一栋，厂区内厂房及办公楼总面积12900.05平方米，使用土地面积78.24亩，经中介机构评估，公司应支付的总价款是6242.43万元（合同标的的定价参考中介机构的评估值，其中，土地计算单价60万元/亩，厂房及办公室计算单价1200元/平方米）。再生资源公司在资产出售时承诺将汽车拆解业务的相关经营许可让公司承包使用（具体事宜另行商议）。目前该合同尚在执行之中。

2013年10月，火炬开发区同地段一幅工业地公开拍卖，面积3866.7平方米，成交总价571万元，折合每亩成交价98.447万元。

公司本次交易定价合理，不存在高价拿地的情况。

（二）与苏杨公司的交易情况

1、2012年11月，公司与苏杨公司签订购地合同，公司预付款项2000万元；后由于对方原因合同中止，苏杨公司退回公司预付款2000万元，并支付违约金220.5万元；

2、2013年2月，公司与苏杨公司签订购地合同，公司预付款项1500万元；后由于对方原因合同中止，苏杨公司退回公司预付款1500万元，并支付违约金182.5万元；

3、2013年12月，中汇合创公司与苏杨公司签订购地合同，公司预付款项2000万元；后由于对方原因合同中止，苏杨公司退回公司预付款2000万元，并支付违约金232.8万元；

4、2014年2月，中汇合创公司与苏杨公司签订购地合同，公司预付款项1500万元；目前该合同尚在执行之中。

2012年及2013年，公司（含中汇合创公司）合计支付苏杨公司购地款2000万元及3500万元，但由于国家和中山市房地产政策变化、岐江新城规划调整等因素，以及苏杨公司自身原因，苏杨公司无法在合同生效后规定时间内完成标的土地的过户手续。按照合同的约定，苏杨公司退还了公司的预付款，并支付了违约金（合计635.8万元）。因此，公司不存在资金被侵占或被无偿占用的情况。

三、补充说明

1、公司内控制度完善，上述交易均履行了合法的审批程序；部分终止的交易均收回了本金，如对方违约的，均按照合同的规定收取了违约金；公司财务报告不存在虚构交易的情况。

证券代码：600872 证券简称：中炬高新 编号：2015-009

2、该调研机构于2015年1月至今向公司发送了三次调研提纲，并进行了两次现场调研，对相关问题本公司均已及时回复。

……
[点击查看PDF原文]
提示：本网不保证其真实性和客观性，一切有关该股的有效信息，以交易所的公告为准，敬请投资者注意风险。
展开阅读全文"
阴谋,"https://guba.eastmoney.com/news,600872,158335052.html",2015-04-15 10:26:15,
中国上市公司研究院是什么？,"https://guba.eastmoney.com/news,600872,158295984.html",2015-04-15 09:11:14,“度娘”也度不出来。
国有企业，管理混乱，快点举报,"https://guba.eastmoney.com/news,600872,158292919.html",2015-04-15 08:54:15,8888888888888888888888
我也持有中炬股票，昨天还增仓了，但是对管理层很失望，希望纪委好好查查，看看他们的,"https://guba.eastmoney.com/news,600872,158279114.html",2015-04-15 07:03:51,我也持有中炬股票，昨天还增仓了，但是对管理层很失望，希望纪委好好查查，看看他们的2015经营目标就很失望
中炬高新预付款乱象频现,"https://guba.eastmoney.com/news,600872,157989670.html",2015-04-14 05:22:02,"　　地处珠三角的中炬高新(600872)是国企转型概念的明星股，通过聚焦调味品和房地产业务，公司业绩最近三年保持了高速增长。但在风光表面背后，中炬高新混乱且难以判断真伪的预付款账目，却掩盖着大量谜团。
　　最新披露的2014年年报数据显示，截至去年底，中炬高新的预付款总额为2.21亿元，排在前五位的分别是中山市德仲健康医疗信息研发有限公司、中山市中炬再生资源回收有限公司、中山市苏杨房地产投资有限公司、中山市一点广告传媒有限公司和自然人李立群；预付款金额分别为9916.7万元、6600万元、1500万元、326.1万元和188.7万元，账龄大多在一年以内。
　　据中国上市公司研究院调查发现，中炬再生资源、苏杨房地产不但拥有共同的自然人股东和高管，且两家公司均连续几年接受中炬高新大额预付款，而这些预付款交易或是明显超出合理范围、或是涉嫌构成虚假交易。超高价预付拿地的困惑
　　以中炬再生资源为例，工商登记资料显示，该公司成立于2012年8月27日，股东为两名自然人杨恩业和何间珍。2013年2月27日，成立不久的中炬再生资源以2921.6万元的价格在中山市火炬区濠四村拿下一块约52000平米的工业用地，作为经营报废车辆回收拆解业务的场所。
　　值得注意的是，中炬再生资源虽然拿到了土地，但在当时该公司并不具备经营报废汽车回收拆解的企业资格。广东省经信委2013年2月6日发布的一则公开复函中明确表示，因中炬再生资源提交的预审材料里“没有现代化的报废机动车回收拆解企业的建设模式”、“环保部门未对是否可在项目地块建设报废机动车回收拆解企业提出意见”，故无法核准其“报废汽车回收拆解企业资格申请”，要求补充材料后再报。直到2013年6月，中炬再生资源才聘请中山市环境保护科学研究院编制了项目环境影响报告书。
　　然而，即便在中炬再生资源刚成立不久且不具备开展任何业务的背景下，中炬高新却在2013年上半年“慷慨”地向其支付了一笔1000万元的预付款，且用途并未在当年半年报中披露。这不由让人产生疑问，上市公司究竟要向一个刚成立、与主业毫不相关的公司购买什么资产或服务？这笔预付款对应的交易是否最终成交？若没有成交，这笔预付款是否回到了上市公司的账上？
　　更值得警惕的是，2014年年报显示，中炬高新又向中炬再生资源支付了一笔6600万元的预付购地款。按照中炬高新其他预付款的预付比例测算，通常为50%左右，以此计算，此次购地交易的总成交价格或高达1.32亿元。
　　而据查询国土资源部旗下的“中国土地市场网”、中山市国土局的招标拍卖成交公告、以及中炬再生资源官网等发现，除了2013年拿下的工业用地外，中炬再生资源并未通过转让和出让的方式拥有其他土地资源。这表明，中炬高新最新支付的预付购地款，极有可能是为购买上述位于濠四村的52000平米工业用地。
　　如此，按照1.32亿元的成交价计算，中炬高新的购地成本将高达2538.5元/平米，不但较两年前的价格溢价4倍以上，也大幅高于2015年中山市各镇区最新招标拍卖工业用地500-750元/平米的成交均价。
　　即便出现最极端的情况，即6600万元预付款为全部购地款，中炬高新所付出的购地成本仍高达1269.2元/平米，依然远超市场平均价。这样高成本购地并提前支付数千万预付款的不合理动作，其背后目的究竟为何？
　　预付款交易频繁被取消
　　实际上，中炬高新的预付款乱象还不只一例，同样的问题也存在于其他交易对象上，其中，苏杨房地产尤为显眼。工商登记资料显示，该公司成立于2009年，股东为两名自然人杨恩业与杨怀开，其中“杨恩业”与中炬再生资源的一位股东姓名恰巧相同；更巧的是，在中山火炬高新技术产业开发区工商业联合会网站公布的会员名录中，担任副会长的“杨怀开”，就职单位正好是中炬再生资源，职位为总经理。显然，中炬再生资源与苏杨房地产的关系显然非同一般，甚至很可能为同一控制人。
　　而查询中炬高新近几年年报发现，从2012年开始，中炬高新每年都向苏杨房地产预付大额购地款。根据2012年年报，中炬高新母公司曾于2012年11月19日与苏扬房地产因签订土地使用权转让合同而预付首期购地款2000万元。此后，2013年年报显示，中炬高新在2013年又向苏杨房地产预付了3500万元的购地款。(注：在2012、2013年年报显示的公司名均为“中山市苏扬房地产投资有限公司”，与苏杨房地产一字之差，但在工商登记中无法查询到该公司，应该为笔误)
　　由于2013年年报中预付购地款的账龄显示为一年以内，就意味着2012年预付2000万元所对应的购地交易要么在2013年内实现成交转结、要么被取消。
　　假设该交易在2013年实现成交，由于是母公司直接签署的协议，该笔土地使用权应转结应进入2013年母公司财务报表。根据会计相关规则，土地使用权可能进入的资产科目包括：存货、投资性房地产、无形资产等，而对比中炬高新2013年母公司财务报表，其“存货科目”余额仅有14万元，显然不可能计入该科目。
　　另外在“投资性房地产科目”中，由于母公司财务报表未有详细注释，可以参考合并财务报表中对于“投资性房地产科目”的详细注释。数据显示，中炬高新2013年合并财务报表中的投资性房地产当期增加额仅为263万元，远低于2000万元的预付款金额，也不可能计入该科目。
　　此外，在“无形资产科目”中，中炬高新母公司2013年的无形资产期初、期末余额均为零，且当期“营业外收入”仅有311.8万元，同样明显低于2000万元，也不可能计入。
　　综上所述，中炬高新2012年预付给苏杨房地产的2000万元，只能判断为交易最终被取消。
　　如果以上情况只是偶尔发生还能理解，但事实上，中炬高新在2012年、2013年连续两年给苏杨房地产预付了数千万购地款，而对应的交易却始终未能成行。
　　来看2014年年报，数据显示，中炬高新在去年依然给予苏杨房地产1500万元预付购地款，账龄显示为一年以内。换言之，2013年预付的3500万元，在2014年底之前要么实现成交转结、要么被取消。
　　同样，对比中炬高新2014年合并财务报表中的“投资性房地产”、“无形资产”、“存货—开发成本”的变化情况，其中，投资性房地产科目当期增加额为1762万元；无形资产科目中的当期土地使用权增加额为1070万元，均显然低于3500万元，交易结转不可能进入上述两个科目。
　　在“存货—开发成本”科目中，当期开发成本期末余额为100312万元，期初余额为97996万元，两者相差2316万元。由于中炬高新将房地产业务全部注入控股子公司中汇合创，而该子公司在2014年的营业收入仅为488.2万元，因此合并报表中的开发成本当期减少金额不会超过488.2万元，反过来推断，开发成本当期增加额就应不超过2316万元加上488.2万元，即不超过2804.2万元，与预付购地款的数目仍不匹配。
　　通过对财务数据的分析不难看出，中炬高新在2013年预付给苏杨房地产3500万元的购地交易，最终仍只能是被取消。这不禁让市场产生疑问，为何连续两年预付了大笔购地款，却始终未能取得土地，是否存在虚构交易？在预付购地的名义下，实际是苏杨房地产连续数年免费占用上市公司资金，是否构成利益输送甚至于国资流失？还有，在交易没有发生的背景下，中炬高新对苏杨房地产的数千万预付购地款最终是否回到了上市公司账上？
　　对于中国上市公司研究院提出的种种疑问，中炬高新在回复中仅表示，与中炬再生资源、苏杨房地产等公司的交易，涉及到预付购房购地款的，标的资产产权清晰，不存在权属争议，并签署了《买卖合同》，各方权利义务界定清晰。至于交易是否取消，取决于交易双方的意愿及市场变化等诸多因素，公司在签署合同中，都设定严格的保护条款，即使合同取消，双方都按有关合同执行责任赔偿。
　　然而，每年支付数千万的预付款，却每年都无法完成交易；如果预计交易难以实现，又为何要提前支付巨额预付款呢？显然，这背后隐藏的谜团亟需得到解答。我们将继续予以关注。(来源:证券时报)[点击查看原文]
展开阅读全文"
怪不得这股涨不起来 果然有猫腻啊,"https://guba.eastmoney.com/news,600872,158207176.html",2015-04-14 17:36:56,内幕交易 高价拿地，
要回调到15.3,"https://guba.eastmoney.com/news,600872,158148592.html",2015-04-14 14:22:02,待验证
卖了，换金融股去,"https://guba.eastmoney.com/news,600872,157744023.html",2015-04-13 10:14:21,卖了，换金融股去
调研报告：渠道空间广阔，国企改革值得预期,"https://guba.eastmoney.com/news,600872,157729667.html",2015-04-13 09:52:49,
2014年报点评：调味品业务依然强劲,"https://guba.eastmoney.com/news,600872,158003292.html",2015-04-14 08:20:51,
今天刚买这个股票，有关注这个股票的老手没有？请教下？,"https://guba.eastmoney.com/news,600872,157885813.html",2015-04-13 15:47:25,今天根据分析在16.80左右买进这个股票，我是根据MACD线判断的，市盈率也是很低45.7，这2天资金都是流入大于流出，目前都是跑输大盘，应该要补涨回来，感觉这个股票还有上升的空间，今天又创新高，MACD在4月9日已经交叉上升了，看历史感觉总有1个星期这样的调整然后冲高，不懂这个股票后期怎么样了，希望没有买错
不看好此股，大家抛吧！哥已经清仓了,"https://guba.eastmoney.com/news,600872,157853165.html",2015-04-13 14:26:31,不看好此股，大家抛吧！哥已经清仓了
上午交大家卖，有谁听了？,"https://guba.eastmoney.com/news,600872,157863698.html",2015-04-13 14:45:31,上午交大家卖，有谁听了？
这股现在还能买吗？,"https://guba.eastmoney.com/news,600872,154686253.html",2015-03-27 14:50:26,历史最高了，会不会再涨了？
倒来倒去，忙出货呢！,"https://guba.eastmoney.com/news,600872,157782650.html",2015-04-13 11:23:47,本周新股申购，肯定有一波跳水
创新高，出货？,"https://guba.eastmoney.com/news,600872,157742497.html",2015-04-13 10:11:38,创新高，出货？
今天应该看得见跳水表演！,"https://guba.eastmoney.com/news,600872,157750543.html",2015-04-13 10:27:12,今天应该看得见跳水表演！
啥情况,"https://guba.eastmoney.com/news,600872,157741494.html",2015-04-13 10:09:55,啥情况
创新高必调整,"https://guba.eastmoney.com/news,600872,157720438.html",2015-04-13 09:36:51,哈，真是这样
4月18，19日公布重大事项停盘两天，内部消息。,"https://guba.eastmoney.com/news,600872,157597838.html",2015-04-11 19:10:38,4月18，19日公布重大事项停盘两天，内部消息。
这波拉起来 不会回头了,"https://guba.eastmoney.com/news,600872,157406620.html",2015-04-10 14:39:07,这波拉起来 不会回头了
看完想死的心都有，哥摸着鬼头，很淡定，，,"https://guba.eastmoney.com/news,600872,157554720.html",2015-04-11 10:47:48,怎么样
天天调研啥意思,"https://guba.eastmoney.com/news,600872,156985487.html",2015-04-09 10:05:25,天天调研啥意思
今天没人骂了,"https://guba.eastmoney.com/news,600872,157401864.html",2015-04-10 14:31:57,今天没人骂了
满仓待涨,"https://guba.eastmoney.com/news,600872,157382083.html",2015-04-10 13:59:09,满仓待涨
创新高是必然的,"https://guba.eastmoney.com/news,600872,122417318.html",2014-09-05 13:43:27,年线急将突破
发贴的多了，注意风险,"https://guba.eastmoney.com/news,600872,157466207.html",2015-04-10 18:34:25,发贴的多了，注意风险
创新高必回调,"https://guba.eastmoney.com/news,600872,157404253.html",2015-04-10 14:35:49,老套路，减仓
独立独行，中炬高新,"https://guba.eastmoney.com/news,600872,151091407.html",2015-03-09 18:33:54,早上大盘暴跌，中炬高新依然奋扬，银行股启动。它依然不温不火。高度控盘，第一目标16。
还是小家子气,"https://guba.eastmoney.com/news,600872,157412345.html",2015-04-10 14:47:02,冲击涨停的勇气都没有
哎，,"https://guba.eastmoney.com/news,600872,157405321.html",2015-04-10 14:37:19,哎
砸,"https://guba.eastmoney.com/news,600872,157402201.html",2015-04-10 14:32:14,到16.6
拉高出货 还不走？,"https://guba.eastmoney.com/news,600872,157280591.html",2015-04-10 10:05:03,拉高出货 还不走？
散户已经没货，看戏,"https://guba.eastmoney.com/news,600872,157088931.html",2015-04-09 13:58:03,垃圾股一个，看戏中
准备24.5接回,"https://guba.eastmoney.com/news,600872,157016116.html",2015-04-09 10:46:21,
广东国企600872，打酱油的，国有股比例10.72%,"https://guba.eastmoney.com/news,600872,157064248.html",2015-04-09 12:51:22,广东国企600872，打酱油的，国有股比例10.72%
国有企业的通病：中炬高新！可是再看看公司年报，公司名下子公司一大把：什么房地产,"https://guba.eastmoney.com/news,600872,157056229.html",2015-04-09 12:14:57,"国有企业的通病：中炬高新！
可是再看看公司年报，公司名下子公司一大把：什么房地产，电池，工业制造业等等，都不挣钱，还占用公司很大一块资产，为什么不把这些目前没什么前途的子公司卖掉呢？集中精力把调味品做大做强呢？
国有企业的通病：养人！混日子！
"
国有企业的通病：中炬高新！一般的股民不知道中炬高新，听起来就是一个开发区股票，,"https://guba.eastmoney.com/news,600872,157056069.html",2015-04-09 12:14:09,"国有企业的通病：中炬高新！
一般的股民不知道中炬高新，听起来就是一个开发区股票，这样的公司全国多的是，可是仔细看看，原来它的主营是酱油，而且是国内大名鼎鼎的厨邦酱油，全国排名第二，仅次于海天酱油。
"
600872洗盘洗得很干净，可以下锅炒菜了！,"https://guba.eastmoney.com/news,600872,157031118.html",2015-04-09 11:11:27,600872洗盘洗得很干净，可以下锅炒菜了！
国泰君安今天出调研报告，600872看到19.60元,"https://guba.eastmoney.com/news,600872,157025758.html",2015-04-09 11:01:44,国泰君安今天出调研报告，600872看到19.60元
这么多人唱多 庄托吧 先走为上,"https://guba.eastmoney.com/news,600872,156967211.html",2015-04-09 09:33:17,这么多人唱多 庄托吧 先走为上 昨天做了一半 今天出光 不跟他墨迹了
"年度报告披露日前第五个交易日末的股东总数 (户) 45,486","https://guba.eastmoney.com/news,600872,156844722.html",2015-04-08 16:47:00,"年度报告披露日前第五个交易日末的股东总数
(户)
45,486"
今天国泰君安的新的调研报告，解释了600872的疑惑，大涨！,"https://guba.eastmoney.com/news,600872,156956586.html",2015-04-09 09:09:00,今天国泰君安的新的调研报告，解释了600872的疑惑，大涨！
总结,"https://guba.eastmoney.com/news,600872,156885199.html",2015-04-08 19:23:10,"总结
通过以上中期发展规划的实施，将进一步扩大公司规模，增强公司核心竞争
力，提升企业在调味品行业中的地位和影响力，在做强、做大调味品产业的基础
上，加快企业三步走总体发展战略规划的推进，最终实现总体发展战略目标：把
美味鲜公司建设成为“国内一流、技术领先、品牌强势、人才聚集、管理科学、
幸福和谐”的现代化大型食品企业集团。"
中矩是我们认为其中最有投资价值（结合增长潜力）的标的,"https://guba.eastmoney.com/news,600872,156881005.html",2015-04-08 19:02:49,调味品是食品饮料子行业中我们中长期看好的，而中矩是我们认为其中最有投资价值（结合增长潜力）的标的。1）中国酱油行业未来仍能维持 10%左右增长，且迅速结构升级（生抽替代老抽，高端放量增长） ，中炬高新凭借90%以上收入来自生抽，60%以上收入来自高端品牌“厨帮”，需求强劲；2）阳西新产能的释放能够满足需求放量，同时新设备的使用能够降低生产成本；3）另外，公司仿效丰田的精益生产管理，推出“厨帮智造”提升运营效率，降低费用率；4）公司作为全国调味品第二品牌，目前的净利润率只有行业龙头海天的一半，未来提升空间巨大；综上，调味品是食品饮料子行业中我们中长期看好的，而中矩是我们认为其中最有投资价值（结合增长潜力）的标的，短期业绩波动不改变我们对公司的长期看法，维持“增持”评级。
预计 2015 年，实现合并销售收入 28 亿元，实现合并净利润 3.13 亿元,"https://guba.eastmoney.com/news,600872,156884388.html",2015-04-08 19:20:11,"（2）目标规划
预计 2015 年，实现合并销售收入 28 亿元，实现合并净利润 3.13 亿元；未来
三年，公司预计保持 15%-20%以上的销售增速。"
第二步：利用企业的技术优势、品牌优势和资金优势，实现异地低成本扩张。,"https://guba.eastmoney.com/news,600872,156882965.html",2015-04-08 19:13:13,第二步：利用企业的技术优势、品牌优势和资金优势，实现异地低成本扩张。
自己玩有意思吗,"https://guba.eastmoney.com/news,600872,156796107.html",2015-04-08 14:35:26,[不赞]
全国社保基金一一零组合   2581.80      3.24      新增     流通A股,"https://guba.eastmoney.com/news,600872,156435155.html",2015-04-07 11:20:40,"（二）大股东持股

十大股东(截止日期：2014-12-31 单位：万股) A 户数:60256 人均持股: 13221;报告披露日前第五个交易日末 A 户数:45486

股东名称 持股数占总股本% 增减情况 股本性质

中山火炬集团有限公司 8542.55 10.72 未变 流通A股
全国社保基金一一零组合 2581.80 3.24 新增 流通A股
中国银行-大成财富管理2 1818.19 2.28 289.0185 流通A股
020生命周期证券投
资基金
中国工商银行-华安MSCI 1791.64 2.25 新增 流通A股
中国A股指数增强型
证券投资基金
国联安基金-招商银行-国 1411.45 1.77 新增 流通A股
联安-弘尚资产成长
精选1号资产管理计
划
中国建设银行-国泰金鼎 1350.00 1.69 -500.0000 流通A股
价值精选混合型证券
投资基金
中国工商银行-易方达价 1218.07 1.53 -548.1992 流通A股
值成长混合型证券投
资基金
中国银行-招商先锋证券 1136.87 1.43 -100.0000 流通A股
投资基金
加拿大年金计划投资委员 1127.19 1.41 新增 流通A股
会-自有资金
招商银行股份有限公司- 1003.36 1.26 新增 流通A股
光大保德信优势配置
股票型证券投资基金"
全国社保基金一一零组合   招商基金             股票型（附加一个未知名称组合,"https://guba.eastmoney.com/news,600872,156842763.html",2015-04-08 16:40:14,全国社保基金一一零组合 招商基金 股票型（附加一个未知名称组合
明天13。5元,"https://guba.eastmoney.com/news,600872,156807580.html",2015-04-08 14:57:22,明天13。5元
本来挺看好的，庄家最近已经慢慢出来了，也只好奉劝各位尽快减仓，好股票有的是&#39;,"https://guba.eastmoney.com/news,600872,156827875.html",2015-04-08 16:00:06,本来挺看好的，庄家最近已经慢慢出来了，也只好奉劝各位尽快减仓，好股票有的是'
完蛋了，什么破股,"https://guba.eastmoney.com/news,600872,156826061.html",2015-04-08 15:53:13,完蛋了，什么破股
主力出货 先走了,"https://guba.eastmoney.com/news,600872,156798198.html",2015-04-08 14:39:21,主力出货 先走了
好想吐,"https://guba.eastmoney.com/news,600872,156788436.html",2015-04-08 14:21:07,[不屑]
卖酱油的，我们集体跟着打酱油！,"https://guba.eastmoney.com/news,600872,156764986.html",2015-04-08 13:42:49,一群人跟着打酱油，我去！早看出来就不进来了。
中炬高新——一个长线的投资好标的！,"https://guba.eastmoney.com/news,600872,156770217.html",2015-04-08 13:53:23,中炬高新——一个长线的投资好标的！
立贴为证：鉴于大消费，长期高成长性，股价绝对额低的原因，本人长期持有中炬高新，三,"https://guba.eastmoney.com/news,600872,134036995.html",2014-12-05 04:32:23,立贴为证：鉴于大消费，长期高成长性，股价绝对额低的原因，本人长期持有中炬高新，三年内看30元，不到不抛！
怎么这么多大傻在里面，严重跑输指数,"https://guba.eastmoney.com/news,600872,156758125.html",2015-04-08 13:30:38,555555555555555555
这个股票这段时间真正浪费了好行情，前面有朋友说该股没有热点，我不同意，最大的热点,"https://guba.eastmoney.com/news,600872,156731467.html",2015-04-08 11:45:51,这个股票这段时间真正浪费了好行情，前面有朋友说该股没有热点，我不同意，最大的热点两条：一、被举牌，二、销量持续上，这是大家有目共睹的，但是，最不好的是国有股经营者不作为！
锁仓公告：本人持有6600股，从今天起封盘锁仓，爱谁谁了！另：成本11,"https://guba.eastmoney.com/news,600872,136293683.html",2014-12-16 19:32:36,"锁仓公告：本人持有6600股，从今天起封盘锁仓，爱谁谁了！另：成本11
"
股价远离目标价 或可满仓,"https://guba.eastmoney.com/news,600872,156726051.html",2015-04-08 11:35:47,股价远离目标价 或可满仓
真下流啊！,"https://guba.eastmoney.com/news,600872,156711975.html",2015-04-08 11:09:33,基金扎堆在里面做几毛钱的差价，你妈的不这么下流能死啊！
安心持股睡觉,"https://guba.eastmoney.com/news,600872,156558725.html",2015-04-07 17:13:49,安心持股睡觉
坚决买入,"https://guba.eastmoney.com/news,600872,156080066.html",2015-04-03 13:26:03,
600872，潜力超过600664，看18,"https://guba.eastmoney.com/news,600872,156505589.html",2015-04-07 14:30:29,600872，潜力超过600664，看18
雷德森俺的杰克曼，买此股都是傻瓜,"https://guba.eastmoney.com/news,600872,156481866.html",2015-04-07 13:51:12,55555555555555555555555555555
庄玩的好，快让散户疯狂了,"https://guba.eastmoney.com/news,600872,156430475.html",2015-04-07 11:10:49,5555555555555555555555555
我们全部出了，你就长？??,"https://guba.eastmoney.com/news,600872,156398784.html",2015-04-07 10:16:54,
