标题,链接,发布时间,内容
又不动了？,"https://guba.eastmoney.com/news,601018,647361379.html",2017-05-26 09:45:33,又不动了？
来个涨停吧。大哥,"https://guba.eastmoney.com/news,601018,647357937.html",2017-05-26 09:38:11,来个涨停吧。大哥
你欠大家五个涨停！,"https://guba.eastmoney.com/news,601018,647355189.html",2017-05-26 09:35:16,你欠大家五个涨停！
有的在4.78就大量介入了，还有的在5.45介入了，不过还有性急的早在5.95就,"https://guba.eastmoney.com/news,601018,647194753.html",2017-05-25 20:38:31,有的在4.78就大量介入了，还有的在5.45介入了，不过还有性急的早在5.95就满仓了。让人想不通的是5以下股价停留了很久没有介入，而偏偏在5.50介入的那真是有钱人就是任性
这完全是一种多余,"https://guba.eastmoney.com/news,601018,647124789.html",2017-05-25 18:16:47,还要老声常谈：
5.46先买1000股，看看后市怎么走,"https://guba.eastmoney.com/news,601018,646848297.html",2017-05-25 11:26:57,RT
近几日庄为什么要高买低卖---良心发现--提前分点红？,"https://guba.eastmoney.com/news,601018,646597183.html",2017-05-24 21:01:45,近几日庄为什么要高买低卖---良心发现--提前分点红？
资金紧张尾盘今天不拉了[微笑],"https://guba.eastmoney.com/news,601018,646745588.html",2017-05-25 09:37:47,资金紧张尾盘今天不拉了
mad，受不了了，扔了它，恶心。,"https://guba.eastmoney.com/news,601018,646789028.html",2017-05-25 10:26:54,mad，受不了了，扔了它，恶心。
高开低走,"https://guba.eastmoney.com/news,601018,646749680.html",2017-05-25 09:43:07,高开低走
主力连续三天最后一小时拉尾盘，成交量放大明显，节前还有两个交易日，明天是涨还是跌,"https://guba.eastmoney.com/news,601018,646413446.html",2017-05-24 15:16:47,主力连续三天最后一小时拉尾盘，成交量放大明显，节前还有两个交易日，明天是涨还是跌？
一个现金分红公告,"https://guba.eastmoney.com/news,601018,638977269.html",2017-05-08 17:30:04,一个现金分红公告
别了，股友们。在宁波港贴吧观望了俩年，最近才开始发帖。越来越失望，今年充斥着各种,"https://guba.eastmoney.com/news,601018,565673383.html",2016-11-05 19:20:03,别了，股友们。在宁波港贴吧观望了俩年，最近才开始发帖。越来越失望，今年充斥着各种骂战，骂人的话。闲人也过来参合。本来被套，心情就不好，看了帖子以后，心情更加郁闷。我也反思了。不会再把时间浪费于此，从股市里赚的钱终究还是要还回去的。风水轮流转，我也不信宁波港会一直一蹶不振。把时间浪费在这里真不值得。
用一枚花瓣煮雨,"https://guba.eastmoney.com/news,601018,640139058.html",2017-05-10 14:23:05,用一枚花瓣煮雨
不让我发帖[不赞]怕我说实话？,"https://guba.eastmoney.com/news,601018,637978744.html",2017-05-06 12:49:12,不让我发帖[不赞]怕我说实话？
有些人总是＂见异思迁＂，难道不懂得水涨船高吗？看样＂后来居上＂更理解不了了！[微,"https://guba.eastmoney.com/news,601018,622761586.html",2017-03-30 07:02:43,有些人总是＂见异思迁＂，难道不懂得水涨船高吗？看样＂后来居上＂更理解不了了！
注入的都是为了用来压盘,"https://guba.eastmoney.com/news,601018,646463676.html",2017-05-24 16:40:03,注入的都是为了用来压盘
珠海港都快涨停了，宁波港你还在磨磨唧唧干嘛呢！,"https://guba.eastmoney.com/news,601018,646372032.html",2017-05-24 14:21:39,买了你真的后悔
人家拉八个点你他妈不动,"https://guba.eastmoney.com/news,601018,646357518.html",2017-05-24 14:04:55,人家拉八个点你他妈不动
看样子上港今天不拉了就看你带头了,"https://guba.eastmoney.com/news,601018,646341660.html",2017-05-24 13:46:09,看样子上港今天不拉了就看你带头了
今天收盘不拉稀了,"https://guba.eastmoney.com/news,601018,646313911.html",2017-05-24 13:12:27,今天收盘不拉稀了
你总算把海运踩脚下了,"https://guba.eastmoney.com/news,601018,633111366.html",2017-04-24 15:05:05,你总算把海运踩脚下了
[加油][鼓掌][成交],"https://guba.eastmoney.com/news,601018,645820182.html",2017-05-23 14:26:27,
只是理由之一保险,"https://guba.eastmoney.com/news,601018,644113726.html",2017-05-18 21:21:08,只是理由之一
江苏省港口集团挂牌：南京连云港等八港并入，总资产逼近千亿,"https://guba.eastmoney.com/news,601018,645606657.html",2017-05-23 08:33:17,读的懂这条消息吗
知道就是这么烂,"https://guba.eastmoney.com/news,601018,645692889.html",2017-05-23 11:04:27,知道就是这么烂
宁波港和宁波海运又一样便宜了，还是换宁波海运吧,"https://guba.eastmoney.com/news,601018,645204176.html",2017-05-22 11:29:45,宁波港和宁波海运又一样便宜了，还是换宁波海运吧
最好砸停，[大笑][大笑][大笑][大笑][大笑][大笑][大笑],"https://guba.eastmoney.com/news,601018,630580475.html",2017-04-19 10:33:24,最好砸停，
！！601018投资者必须做好一件事,"https://guba.eastmoney.com/news,601018,645143054.html",2017-05-22 09:52:25,
宁波港惊爆了，官方提出明天将要资金回流！,"https://guba.eastmoney.com/news,601018,646029427.html",2017-05-23 21:11:48,宁波港惊爆了，官方提出明天将要资金回流！
舟山江海联运服务中心,"https://guba.eastmoney.com/news,601018,644965818.html",2017-05-21 14:34:01,"舟山江海联运服务中心2017年工作思路
【延伸阅读】
今年4月19日，国务院正式批复同意设立舟山江海联运服务中心，其后的5月31日，国家发改委正式印发《舟山江海联运服务中心总体方案》。这标志着舟山江海联运服务中心建设将进入到实质启动阶段。
舟山江海联运服务中心实施范围包括浙江舟山群岛新区全域和宁波市北仑、镇海、江东、江北等区域，陆域面积约2500平方公里，海域面积约2.1万平方公里。
根据方案，中心将划分为大宗散货联运片区、集装箱联运片区和现代航运服务集聚区等3大功能片区，主要任务是着力提升现代航运和航运交易服务能力，完善江海联运集疏运网络，推进大宗商品基地建设，探索建立舟山自由贸易港区，使大宗商品及集装箱在舟山实现“水水中转”。
舟山江海联运服务中心全面建成后，将成为我国乃至世界重要的大宗商品资源、交易和定价中心，预计到2020年，江海联运运量达到3.5亿吨，大宗商品交易额在2017年的基础上再翻一番。同时，方案要求国务院有关部门在规划编制、政策实施、项目布局和体制创新等方面，加强对舟山江海联运服务中心建设的支持，争取中心早出成效。"
今年股市只涨100点，跌进300点，不知证券会怎么管的？,"https://guba.eastmoney.com/news,601018,645002292.html",2017-05-21 17:28:11,这样下去股民股价跌近股灾时的价了，快救救股市吧
这货是护盘用的，超长线投资者参与，呵呵，如果尾盘再出状况，15分钟拉红了给你看看,"https://guba.eastmoney.com/news,601018,645803794.html",2017-05-23 14:04:23,什么上方压单重拉之类的，都是国家队左手倒右手护盘的单子
6.12--5.98--5.95--5.88--5.77--5.73--5.71,"https://guba.eastmoney.com/news,601018,644664802.html",2017-05-20 06:34:20,6.12--5.98--5.95--5.88--5.77--5.73--5.71--5.69--5.65--5.63--5.60--5.58--5.54--5.50--5.47--？从胜利走向胜利！
嗨了[微笑]今天吆喝不管用了[不屑],"https://guba.eastmoney.com/news,601018,629971961.html",2017-04-18 10:38:20,嗨了今天吆喝不管用了[不屑]
终于短时间超海运不过等一段还是比海运差,"https://guba.eastmoney.com/news,601018,645338499.html",2017-05-22 15:09:05,终于短时间超海运不过等一段还是比海运差
一带一路炒太长时间了开始调整明天不看好,"https://guba.eastmoney.com/news,601018,633255088.html",2017-04-24 19:40:52,一带一路炒太长时间了开始调整明天不看好
庄的操盘水平？,"https://guba.eastmoney.com/news,601018,646227896.html",2017-05-24 10:39:23,庄的操盘水平？
今天还是一天白玩[拜神],"https://guba.eastmoney.com/news,601018,645131128.html",2017-05-22 09:30:36,今天还是一天白玩
是怕三十分钟90均线向下叉年线，你要是拉上去不还是多头嘛，在于主力想不想做而已,"https://guba.eastmoney.com/news,601018,630102680.html",2017-04-18 14:17:12,是怕三十分钟90均线向下叉年线，你要是拉上去不还是多头嘛，在于主力想不想做而已
终于弯道超车海运了,"https://guba.eastmoney.com/news,601018,645926625.html",2017-05-23 17:18:01,终于弯道超车海运了
风平浪静时，没这货的事，呵呵,"https://guba.eastmoney.com/news,601018,646228061.html",2017-05-24 10:39:38,如题
这垃圾早上哭爹，下午喊,"https://guba.eastmoney.com/news,601018,646170828.html",2017-05-24 09:27:46,这垃圾早上哭爹，下午喊
诚意提示,"https://guba.eastmoney.com/news,601018,646137231.html",2017-05-24 07:29:54,"宁波港中报时会出现社保身影，所以各位应该知道怎样去做了！

"
短期内不会大涨，年线走平上翘再跟进都不会晚！[大笑]还要折腾很久呢！,"https://guba.eastmoney.com/news,601018,637780056.html",2017-05-05 22:02:40,短期内不会大涨，年线走平上翘再跟进都不会晚！还要折腾很久呢！
庄打的是明牌，如果有大量小散跟进---出货！如果小散们都在跑---拉升股价吸引眼,"https://guba.eastmoney.com/news,601018,637736323.html",2017-05-05 20:29:55,庄打的是明牌，如果有大量小散跟进---出货！如果小散们都在跑---拉升股价吸引眼球然后让你追高！真可谓不计成本，就是要套你
怕我说实话？,"https://guba.eastmoney.com/news,601018,644116565.html",2017-05-18 21:28:25,怕我说实话？
今天的波波方显龙头本色！,"https://guba.eastmoney.com/news,601018,645857056.html",2017-05-23 15:04:50,今天的波波方显龙头本色！
甚至成为利益输送的重要工具,"https://guba.eastmoney.com/news,601018,645852539.html",2017-05-23 15:02:17,不过在这个冠冕堂皇的理由背后
坐稳呢,"https://guba.eastmoney.com/news,601018,645835979.html",2017-05-23 14:43:15,坐稳呢
同志们，跌到5.4以下就有大单托起来，说明什么？趴倒了，忍个一两年出来！,"https://guba.eastmoney.com/news,601018,645779615.html",2017-05-23 13:35:34,同志们，跌到5.4以下就有大单托起来，说明什么？趴倒了，忍个一两年出来！
说展大侠不是脑残就弱智不对吗，他除了骂人还会什么呢，呵呵,"https://guba.eastmoney.com/news,601018,645539230.html",2017-05-22 23:05:31,说展大侠不是脑残就弱智不对吗，他除了骂人还会什么呢，呵呵
快来护盘,"https://guba.eastmoney.com/news,601018,645766869.html",2017-05-23 13:24:05,快来护盘
海运跌太狠了忽然觉得有点为你担心,"https://guba.eastmoney.com/news,601018,645766162.html",2017-05-23 13:23:44,海运跌太狠了忽然觉得有点为你担心
你猜今日大盘跌多少点，是20. 25. 45点？猜中有奖 每一次反弹都是逃跑的机会 闪崩的风险,"https://guba.eastmoney.com/news,601018,645647130.html",2017-05-23 10:00:49,你猜今日大盘跌多少点，是20. 25. 45点？猜中有奖 每一次反弹都是逃跑的机会 闪崩的风险
散户的共同特性，深套抱幻想，浅套不割肉。最终失败，从多角度去看问题，往往收获倍增,"https://guba.eastmoney.com/news,601018,645503293.html",2017-05-22 21:06:55,散户的共同特性，深套抱幻想，浅套不割肉。最终失败，从多角度去看问题，往往收获倍增
爱信不信,"https://guba.eastmoney.com/news,601018,632972936.html",2017-04-24 11:22:40,
为什么宁波港吧总有那么几位“常客”，自称没票还在那“品头论足”，呢，只能有一种结,"https://guba.eastmoney.com/news,601018,644616360.html",2017-05-19 23:36:44,为什么宁波港吧总有那么几位“常客”，自称没票还在那“品头论足”，呢，只能有一种结论，那就是在说慌，实际上深套其中不能自拔罢了!，呵呵
等5日线压下来本周进入5.3X时代,"https://guba.eastmoney.com/news,601018,638703690.html",2017-05-08 11:22:43,
宁波港杠杠的,"https://guba.eastmoney.com/news,601018,645351082.html",2017-05-22 15:31:40,宁波港杠杠的
看样子明天就5块,"https://guba.eastmoney.com/news,601018,645281238.html",2017-05-22 13:56:46,看样子明天就5块
涨的时候横着不动，跌的时候跟着跌。妈的,"https://guba.eastmoney.com/news,601018,645274035.html",2017-05-22 13:49:35,涨的时候横着不动，跌的时候跟着跌。妈的
5块才是阶段底，明天还是高开几分直接跌几毛。想翻身至少等明年一带一路大会了[微笑,"https://guba.eastmoney.com/news,601018,645271704.html",2017-05-22 13:46:37,5块才是阶段底，明天还是高开几分直接跌几毛。想翻身至少等明年一带一路大会了
还要再跌一毛钱，这个公司连一毛钱都看到眼里，可见是缺钱。散户都潜伏卧倒吧，这垃圾,"https://guba.eastmoney.com/news,601018,645239428.html",2017-05-22 12:48:29,还要再跌一毛钱，这个公司连一毛钱都看到眼里，可见是缺钱。散户都潜伏卧倒吧，这垃圾还不如连云港。
烂货，看了就难受，瞎眼找到这死股,"https://guba.eastmoney.com/news,601018,645164961.html",2017-05-22 10:28:50,烂货，看了就难受，瞎眼找到这死股
那位叫阴霾和曙光的不用再叫了，大哥哥己经从后台走入前台，原来三个妮称就是一个人，,"https://guba.eastmoney.com/news,601018,643464476.html",2017-05-17 15:10:32,那位叫阴霾和曙光的不用再叫了，大哥哥己经从后台走入前台，原来三个妮称就是一个人，真够累的，何苦呢，呵呵
放长线，叼大。这股没毛病的。,"https://guba.eastmoney.com/news,601018,645148198.html",2017-05-22 10:02:04,放长线，叼大。这股没毛病的。
这个时间，怎么不见尿台的团队出来拉一把？是时候展现实力了，支持你，拉到6块就行。,"https://guba.eastmoney.com/news,601018,645146696.html",2017-05-22 09:58:54,这个时间，怎么不见尿台的团队出来拉一把？是时候展现实力了，支持你，拉到6块就行。5.5介入，难道亏损出局？
港口概念哪几只有机会？？,"https://guba.eastmoney.com/news,601018,645132860.html",2017-05-22 09:33:15,"港口概念：宁波、舟山港的联姻，拉开了国内港口资源内部整合大幕，在“一带一路”倡议和长江经济带国家战略的大力推定下，国内主要港口正迎来“对内整合优化资源、对外积极资本出海”的双重浪潮，港口概念股迎利好驱动。

相关概念股：宁波港601018、盐田港000088、南京港002040"
一天又白玩。[鼓掌],"https://guba.eastmoney.com/news,601018,644266222.html",2017-05-19 10:30:31,一天又白玩。
昨天加今天，等于白玩[赞],"https://guba.eastmoney.com/news,601018,643961417.html",2017-05-18 15:17:20,昨天加今天，等于白玩
要出公告了,"https://guba.eastmoney.com/news,601018,644532768.html",2017-05-19 19:16:10,要出公告了
都说炒股能把一个人炒傻，这回大家还真信了，那位叫阴霾和曙光的不就是吗，是谁害的呢,"https://guba.eastmoney.com/news,601018,632753555.html",2017-04-23 23:25:05,都说炒股能把一个人炒傻，这回大家还真信了，那位叫阴霾和曙光的不就是吗，是谁害的呢？，呵呵
我看宁波港董事长也好早点下台了，人家港口都打回2014年价格，你还迂回在2014,"https://guba.eastmoney.com/news,601018,644198886.html",2017-05-19 07:18:36,"我看宁波港董事长也好早点下台了，人家港口都打回2014年价格，你还迂回在2014年的半价，真天跟阳痿似是，不涨天天阴跌
"
整合可能要失败，树倒猢狲散,"https://guba.eastmoney.com/news,601018,644683110.html",2017-05-20 09:04:54,散了散了
画图容易，画量难，[大笑][大笑][大笑][大笑][大笑],"https://guba.eastmoney.com/news,601018,644553031.html",2017-05-19 20:06:00,画图容易，画量难，
盾安子公司南通大通宝富去年赢利不少，今年其核,"https://guba.eastmoney.com/news,601018,625962332.html",2017-04-07 20:57:29,盾安子公司南通大通宝富去年赢利不少，今年其核
我昨天还牛吹出去了，你可要涨起来啊,"https://guba.eastmoney.com/news,601018,625958171.html",2017-04-07 20:44:15,我昨天还牛吹出去了，你可要涨起来啊
量跟不上，又不能创新高，追高需谨慎,"https://guba.eastmoney.com/news,601018,625951227.html",2017-04-07 20:24:43,量跟不上，又不能创新高，追高需谨慎
宁波港连个小散都打不过，也够倒霉的。,"https://guba.eastmoney.com/news,601018,644422228.html",2017-05-19 14:59:19,没用
大盘跌了中金快出来拉指数,"https://guba.eastmoney.com/news,601018,644375091.html",2017-05-19 13:52:08,大盘跌了中金快出来拉指数
分红 分红,"https://guba.eastmoney.com/news,601018,644365996.html",2017-05-19 13:39:07,分红 分红
十七部的兄弟们！要像我一样宽宽哒~,"https://guba.eastmoney.com/news,601018,637188948.html",2017-05-04 22:15:24,十七部的兄弟们！要像我一样宽宽哒~
好死股根本不涨,"https://guba.eastmoney.com/news,601018,644306795.html",2017-05-19 11:31:35,"好死股根本不涨
"
这个股票就是5.45吃药一样不动，整天就是这个价位几乎不动,"https://guba.eastmoney.com/news,601018,644296623.html",2017-05-19 11:16:04,这个股票就是5.45吃药一样不动，整天就是这个价位几乎不动
只要港口回升，宁波溪就不垫底汀危[大笑][大笑][大笑][大笑][大笑],"https://guba.eastmoney.com/news,601018,644266348.html",2017-05-19 10:30:42,只要港口回升，宁波溪就不垫底汀危
或未足额进行高送转股的,"https://guba.eastmoney.com/news,601018,644163124.html",2017-05-19 00:56:01,至今大盘已经像断线风筝跌落
昨天为啥拉起来？,"https://guba.eastmoney.com/news,601018,644116860.html",2017-05-18 21:29:50,昨天为啥拉起来？
那么多港口都涨停了，你怎么那么弱？,"https://guba.eastmoney.com/news,601018,627181269.html",2017-04-11 11:16:10,那么多港口都涨停了，你怎么那么弱？
可后来，我是屡战屡败。放弃？！不我要坚持！终于，在长达3个小时的拼杀，我赢了一局,"https://guba.eastmoney.com/news,601018,644065753.html",2017-05-18 19:09:33,可后来，我是屡战屡败。放弃？！不我要坚持！终于，在长达3个小时的拼杀，我赢了一局
饺子和美酒[微笑],"https://guba.eastmoney.com/news,601018,633248921.html",2017-04-24 19:30:11,饺子和美酒
到底是你操盘手不刁中还是怎么地，五分钟的年线处压着，突破上去可以走三浪和五浪，理,"https://guba.eastmoney.com/news,601018,630087299.html",2017-04-18 13:58:09,到底是你操盘手不刁中还是怎么地，五分钟的年线处压着，突破上去可以走三浪和五浪，理论上从底部起就算五分钟二浪回调弱势吧，即便做了V字调整，三浪也该启动吧，五分钟你倒要探多少回5.82元啊，要命了，再不懂人现在从底部连接又形成收口了，还玩毛啊
这股能走到5.30元之下,"https://guba.eastmoney.com/news,601018,633027070.html",2017-04-24 13:13:01,这股能走到5.30元之下
崖边上的舞者！舍我其谁？！,"https://guba.eastmoney.com/news,601018,632970968.html",2017-04-24 11:20:18,崖边上的舞者！舍我其谁？！
宁波港向广州港学习致敬！,"https://guba.eastmoney.com/news,601018,631158458.html",2017-04-20 10:50:57,如上
融资的已经开始减仓[大笑][大笑][大笑],"https://guba.eastmoney.com/news,601018,632544430.html",2017-04-23 12:05:01,融资的已经开始减仓
宁波港准备向下突破了，5.3左右,"https://guba.eastmoney.com/news,601018,634121071.html",2017-04-26 14:20:47,宁波港准备向下突破了，5.3左右
日了狗了。每天港口垫底,"https://guba.eastmoney.com/news,601018,634104508.html",2017-04-26 13:55:43,日了狗了。每天港口垫底
5.70真艰难,"https://guba.eastmoney.com/news,601018,633559262.html",2017-04-25 13:08:59,5.70真艰难
6.12竟然是今年的最高点,"https://guba.eastmoney.com/news,601018,634058064.html",2017-04-26 12:09:56,会不会再冲高呢。。。。。
要起飞了。吗,"https://guba.eastmoney.com/news,601018,633752632.html",2017-04-25 19:11:50,要起飞了。吗
跌停,"https://guba.eastmoney.com/news,601018,633985351.html",2017-04-26 10:07:46,跌停
十送0.68咋还不分红,"https://guba.eastmoney.com/news,601018,633628697.html",2017-04-25 14:50:26,十送0.68咋还不分红
获利回吐很正常 我昨天4毛9进的 刚出了,"https://guba.eastmoney.com/news,601018,633460332.html",2017-04-25 09:49:39,
大盘对敲出货了吧！,"https://guba.eastmoney.com/news,601018,633573422.html",2017-04-25 13:32:51,大盘对敲出货了吧！
大盘好不容易把散户整在高点再放出来，难吧，向上涨更难，那谁说三天不补[微笑]，结,"https://guba.eastmoney.com/news,601018,633595127.html",2017-04-25 14:03:37,大盘好不容易把散户整在高点再放出来，难吧，向上涨更难，那谁说三天不补，结果第三天来了根大阴线，今天加上雄安板块一拉，不知后面讲什么故事了
所有港口中排名倒第一，排名倒第二的大，连港都涨了1.68%，而这个货还是绿色的，,"https://guba.eastmoney.com/news,601018,633539228.html",2017-04-25 12:04:21,所有港口中排名倒第一，排名倒第二的大，连港都涨了1.68%，而这个货还是绿色的，这到底是为了什么呀？
你将比别人多出25天时间,"https://guba.eastmoney.com/news,601018,633711513.html",2017-04-25 17:32:39,你将比别人多出25天时间
宁波港三天上升，今天一天跌光，垃圾了,"https://guba.eastmoney.com/news,601018,633604281.html",2017-04-25 14:16:19,宁波港三天上升，今天一天跌光，垃圾了
终于超过宁波海运了,"https://guba.eastmoney.com/news,601018,633416971.html",2017-04-25 07:46:39,终于超过宁波海运了
今天不走的明天men着,"https://guba.eastmoney.com/news,601018,633606689.html",2017-04-25 14:20:17,今天不走的明天men着
以前龙头是南京港，后来是天津和唐山，现在是珠海港，苦了舟山港,"https://guba.eastmoney.com/news,601018,633485057.html",2017-04-25 10:25:57,以前龙头是南京港，后来是天津和唐山，现在是珠海港，苦了舟山港
盘子太大涨不动,"https://guba.eastmoney.com/news,601018,633528058.html",2017-04-25 11:35:57,盘子太大涨不动
咋就不让涨呢？昨天为啥拉起来？,"https://guba.eastmoney.com/news,601018,633567001.html",2017-04-25 13:23:16,咋就不让涨呢？昨天为啥拉起来？
这几天是，大单乘人不备猛拉下，中小单努力出货,"https://guba.eastmoney.com/news,601018,627116456.html",2017-04-11 09:53:26,这几天是，大单乘人不备猛拉下，中小单努力出货
宁波港喜欢垫底，无奈啊,"https://guba.eastmoney.com/news,601018,633474421.html",2017-04-25 10:08:36,宁波港喜欢垫底，无奈啊
早啊,"https://guba.eastmoney.com/news,601018,633459185.html",2017-04-25 09:48:14,早啊
这个垃圾还不如不涨了？,"https://guba.eastmoney.com/news,601018,643964555.html",2017-05-18 15:23:25,真垃圾还不如不涨了？
这帮SB基金反正钱不是自己的拼命砸盘,"https://guba.eastmoney.com/news,601018,642895496.html",2017-05-16 14:03:24,这帮SB基金反正钱不是自己的拼命砸盘
一匹黑马横空出世,"https://guba.eastmoney.com/news,601018,630309825.html",2017-04-18 20:40:26,一匹黑马横空出世
看新闻现在,"https://guba.eastmoney.com/news,601018,630274680.html",2017-04-18 19:18:33,看新闻现在
看到没大盘又不要脸了,"https://guba.eastmoney.com/news,601018,630104097.html",2017-04-18 14:17:39,看到没大盘又不要脸了
用事实说明，鼠标位置多少价位一看便知,"https://guba.eastmoney.com/news,601018,630116804.html",2017-04-18 14:31:14,用事实说明，鼠标位置多少价位一看便知
午觉醒来怎么还在5.78晃荡泥,"https://guba.eastmoney.com/news,601018,630096105.html",2017-04-18 14:09:14,
真抗涨啊！[微笑],"https://guba.eastmoney.com/news,601018,630057411.html",2017-04-18 13:19:35,真抗涨啊！
"都是证金在里面,为什么还有这么多傻子幻想018能涨","https://guba.eastmoney.com/news,601018,630034497.html",2017-04-18 12:27:03,"去买连云港把,弱B恒弱"
一句话 赚钱不卖等于割肉一句话 赚钱不卖等于割肉一句话 赚钱不卖等于割肉,"https://guba.eastmoney.com/news,601018,643879619.html",2017-05-18 13:10:42,一句话 赚钱不卖等于割肉
不想说什么，我的肾宝片呢,"https://guba.eastmoney.com/news,601018,629979319.html",2017-04-18 10:50:22,不想说什么，我的肾宝片呢
压的一手好单,"https://guba.eastmoney.com/news,601018,629982494.html",2017-04-18 10:54:10,"压的一手好单
"
不会跌停吧,"https://guba.eastmoney.com/news,601018,630531947.html",2017-04-19 09:51:08,
看成交明细一万多手了主力眼光还不错嘛[微笑],"https://guba.eastmoney.com/news,601018,629992054.html",2017-04-18 11:09:29,看成交明细一万多手了主力眼光还不错嘛
4449抛了就让你后悔,"https://guba.eastmoney.com/news,601018,629985438.html",2017-04-18 10:58:34,4449抛了就让你后悔
601018:宁波港2016年年度股东大会决议公告,"https://guba.eastmoney.com/news,601018,630897306.html",2017-04-19 19:48:33,"公告日期：2017-04-20
证券代码：601018 证券简称：宁波港 公告编号：2017-015



宁波舟山港股份有限公司



2016年年度股东大会决议公告



本公司董事会及全体董事保证本公告内容不存在任何虚假记载、误导性陈述或者重大遗漏，并对其内容的真实性、准确性和完整性承担个别及连带责任。



重要内容提示：



本次会议是否有否决议案：无



一、 会议召开和出席情况



(一) 股东大会召开的时间：2017年4月19日



(二) 股东大会召开的地点：宁波市宁东路269号宁波环球航运广场46楼4613



会议室



(三) 出席会议的普通股股东和恢复表决权的优先股股东及其持有股份情况：



1、出席会议的股东和代理人人数 20



2、出席会议的股东所持有表决权的股份总数（股） 10,806,320,513



3、出席会议的股东所持有表决权股份数占公司有表决权股



份总数的比例（%） 82.0348



(四) 表决方式是否符合《公司法》及《公司章程》的规定，大会主持情况等。



本次股东大会由公司董事会召集，公司董事毛剑宏先生主持会议。会议采取现场记名投票与网络投票相结合的方式，表决方式符合《公司法》及《公司章程》规定。



(五) 公司董事、监事和董事会秘书的出席情况



1、公司在任董事11人，出席5人，公司董事陈国潘、郑少平、陈志昂，独立董



事许永斌、杨梧、张四纲因工作原因，未能出席会议；



2、公司在任监事4人，出席3人，公司监事陈国荣因工作原因未能出席会议；



3、公司董事会秘书蒋伟出席会议。



二、 议案审议情况



(一) 非累积投票议案



1、议案名称：宁波舟山港股份有限公司2016年年度报告（全文及摘要）



审议结果：通过



表决情况：



股东类型 同意 反对 弃权



票数 比例（%） 票数 比例 票数 比例



（%） （%）



A股 10,806,306,713 99.9998 13,800 0.0002 0 0.0000



2、议案名称：宁波舟山港股份有限公司2016年度董事会工作报告



审议结果：通过



表决情况：



股东类型 同意 反对 弃权



票数 比例（%） 票数 比例 票数 比例



（%） （%）



A股 10,806,306,713 99.9998 13,800 0.0002 0 0.0000



3、议案名称：宁波舟山港股份有限公司2016年度监事会工作报告



审议结果：通过



表决情况：



股东类型 同意 反对 弃权



票数 比例（%） 票数 比例 票数 比例



（%） （%）



A股 10,806,313,213 99.9999 7,300 0.0001 0 0.0000



4、议案名称：关于宁波舟山港股份有限公司2017年度董事薪酬方案的议案



审议结果：通过



表决情况：



股东类型 同……
[点击查看PDF原文]
提示：本网不保证其真实性和客观性，一切有关该股的有效信息，以交易所的公告为准，敬请投资者注意风险。
展开阅读全文"
又亏了[不屑],"https://guba.eastmoney.com/news,601018,630940866.html",2017-04-19 21:20:37,又亏了[不屑]
恶有恶报,"https://guba.eastmoney.com/news,601018,630763074.html",2017-04-19 14:59:32,成氏金撰：中阴调整，下周市场怎么走？
这他妈的是回60日啊！,"https://guba.eastmoney.com/news,601018,630618339.html",2017-04-19 11:06:27,这他妈的是回60日啊！
601018:宁波港关于选举公司第四届监事会主席和副主席的公告,"https://guba.eastmoney.com/news,601018,630898717.html",2017-04-19 19:51:43,"公告日期：2017-04-20
证券代码：601018 证券简称：宁波港 公告编号：临2017－018



宁波舟山港股份有限公司



关于选举公司第四届监事会主席和副主席的公告本公司董事会及全体董事保证本公告内容不存在任何虚假记载、误导性陈述或者重大遗漏，并对其内容的真实性、准确性和完整性承担个别及连带责任。



2017年4月19日，宁波舟山港股份有限公司(以下简称“公司”)



在宁波环球航运广场4915会议室召开了第四届监事会第一次会议，



会议通知于2017年4月14日以书面方式通知了全体监事。



监事胡星儿、袁海平、蔡琳琳、金国平、胡耀华参加了本次会议。会议符合《公司监事会议事规则》规定召开的要求，且达到了《中华人民共和国公司法》和《公司章程》规定的召开监事会的法定人数。



本次会议由监事胡星儿主持，公司董事会秘书蒋伟先生列席会议。经过审议，会议一致通过了《关于选举宁波舟山港股份有限公司监事会主席和副主席的议案》，选举结果如下：



监事会以5票同意，0票反对，0票弃权，选举胡星儿先生为公



司第四届监事会主席，



监事会以5票同意，0票反对，0票弃权，选举袁海平先生为公



司第四届监事会副主席。



特此公告。



附件：胡星儿先生和袁海平先生简历



宁波舟山港股份有限公司监事会



二〇一七年四月二十日



附件



胡星儿先生和袁海平先生简历



胡星儿先生，出生于1957年9月，中国国籍，中共党员，无境



外居留权，现任浙江省海港投资运营集团有限公司、宁波舟山港集团有限公司财务部主任。胡先生于浙江省电力职工大学工业会计专业毕业，大学专科学历，会计师。1975年9月参加工作，1999年1月至2004年12月任台州发电厂财务部主任、副总会计师，2004年 12月至 2013年 4 月任浙江浙能电力股份有限公司财务产权部主任，2014年10月至2015年8月任浙江省海洋开发投资集团有限公司财务产权部主任，2015年8月至2016年2月任浙江省海港投资运营集团有限公司财务产权部主任，2016年2月至2017年1月任浙江省海港投资运营集团有限公司财务部主任，2017年1月至今任浙江省海港投资运营集团有限公司、宁波舟山港集团有限公司财务部主任。



袁海平先生，出生于1965年5月，中国国籍，中共党员，无境



外居留权，现任浙江省海港投资运营集团有限公司、宁波舟山港集团有限公司监察审计部副主任。袁先生在职本科学历，政工师。1982年 6 月参加工作，1982年 6 月至 1998年 8 月在部队服役（其间:1984.09--1987.07北京空军指挥学院航空兵参谋专业学习），2006年9月至2011年6月任镇海港埠分公司政工部主任，2011年6月至2016年3月任宁波港股份有限公司监察审计部副部长、纪委办公室主任，2016年3月至2017年1月任宁波舟山港集团有限公司纪委办公室主任、宁波舟山港股份有限公司监察审计部部长，2017年1月至今任浙江省海港投资运营集团有限公司、宁波舟山港集团有限公司监察审计部副主任。




[点击查看PDF原文]
提示：本网不保证其真实性和客观性，一切有关该股的有效信息，以交易所的公告为准，敬请投资者注意风险。
展开阅读全文"
能不能有效站上5.82元，最好是5.83元，曙光向我们招手[微笑],"https://guba.eastmoney.com/news,601018,629937453.html",2017-04-18 09:53:07,能不能有效站上5.82元，最好是5.83元，曙光向我们招手
说过多少次了，不要试图跟一个精神病人讲道理，那是对牛弹琴，让小丑自己表演吧！[微,"https://guba.eastmoney.com/news,601018,618766693.html",2017-03-19 20:51:50,说过多少次了，不要试图跟一个精神病人讲道理，那是对牛弹琴，让小丑自己表演吧！
不上船的就启动拉了抓经哦[微笑],"https://guba.eastmoney.com/news,601018,629967257.html",2017-04-18 10:32:29,不上船的就启动拉了抓经哦
在等港股开盘吗，美国大涨港股就大涨,"https://guba.eastmoney.com/news,601018,629956460.html",2017-04-18 10:18:49,在等港股开盘吗，美国大涨港股就大涨
昨天进的都割肉卖了？？,"https://guba.eastmoney.com/news,601018,630607126.html",2017-04-19 10:56:41,昨天进的都割肉卖了？？
中国（浙江）自由贸易试验区在舟山召开“国家战略与舟山实践”媒体座谈会。,"https://guba.eastmoney.com/news,601018,629948157.html",2017-04-18 10:06:41,"中国证券网讯 （记者 宋薇萍）4月18日，中国（浙江）自由贸易试验区在舟山召开“国家战略与舟山实践”媒体座谈会。上证报记者从座谈会上获悉，今后五年，舟山群岛新区工作将聚焦两重点，分别是建设自由贸易港区和建设海上花园城市。

　　舟山群岛新区拟经过三年左右有特色的改革探索，初步建成自由贸易港区先行区；经过更长时间的探索实践，舟山群岛新区将努力把舟山打造成为开放度更高、辐射力更强、全方位对接国际通行规则的自由贸易港区。

　　2017年，舟山群岛新区将以总体方案为契机，全力推进舟山自贸港区建设，将从三个方面进行突破。第一，建立健全好管理机制，抓紧出台《中国（浙江）自由贸易试验区条例》；第二，加快制度创新，复制、借鉴上海、天津等自贸区经验，加快推进综合服务大厅、单一窗口等建设，抓紧制订保税燃料油交易规则，完善外轮供应配套服务，增强自贸区综合竞争力；第三，加快实践创新。加快推进保税燃料油加注、重大基础设施建设、国际原油贸易企业招商等重大项目和重点事项，力争2017年保税燃料油供应量达到200万吨，配矿加工贸易量突破800万吨，建成黄泽山油品储运贸易基地150万立方米储罐。

　　据介绍，2011年6月30日，国务院批复设立浙江舟山群岛新区，这是继上海浦东、天津滨海、重庆两江之后我国设立的第四个新区，也是首个以海洋经济为主题的国家新区。2016年，舟山群岛新区地区生产总值达到1229亿元，增长11.3%。"
三是基于盘活非生产性房产、提高资产运营效率的需要,"https://guba.eastmoney.com/news,601018,632470113.html",2017-04-23 06:51:45,房子是用来住的、不是用来炒的
宁波港不知啥时能看到涨停啊[拜神][拜神][拜神][拜神][拜神],"https://guba.eastmoney.com/news,601018,631133350.html",2017-04-20 10:15:49,宁波港不知啥时能看到涨停啊
让市场按自身规律发展吧,"https://guba.eastmoney.com/news,601018,629814766.html",2017-04-17 22:56:10,让市场按自身规律发展吧
广州港明天开板！,"https://guba.eastmoney.com/news,601018,629727014.html",2017-04-17 19:10:53,广州港明天开板！
你这样玩小散，会有报应的这股有涨的理由吗？仔细想想真的没有，东北是阿,"https://guba.eastmoney.com/news,601018,629786956.html",2017-04-17 21:40:00,你这样玩小散，会有报应的这股有涨的理由吗？仔细想想真的没有，东北是阿这股有涨的理由吗？仔细想想真的没有，东北是阿
披沙拣金,"https://guba.eastmoney.com/news,601018,631217218.html",2017-04-20 12:37:18,猕猴骑土
601018:宁波港第四届董事会第一次会议决议公告,"https://guba.eastmoney.com/news,601018,630896434.html",2017-04-19 19:46:42,"公告日期：2017-04-20
证券代码：601018 证券简称：宁波港 编号：临2017－016



宁波舟山港股份有限公司



第四届董事会第一次会议决议公告



本公司董事会及全体董事保证本公告内容不存在任何虚假记载、误导性陈述或者重大遗漏，并对其内容的真实性、准确性和完整性承担个别及连带责任。



一、董事会会议召开情况



2017年 4月 19日，宁波舟山港股份有限公司(以下简称“公司”)



以现场结合电话的方式召开了第四届董事会第一次会议，此次会议于2017年4月14日以书面方式通知了全体董事。



公司董事毛剑宏、宫黎明、褚斌、蒋一鹏、金星、郑少平、陈志昂、许永斌、杨梧、张四纲、吕靖参加了本次会议。公司董事陈国潘因事请假，书面委托公司董事蒋一鹏代为出席。会议符合《公司董事会议事规则》规定的召开方式，且达到了《中华人民共和国公司法》和《公司章程》规定的召开董事会法定董事人数。



本次会议由毛剑宏主持，公司全体监事和部分高级管理人员列席了会议。



二、董事会会议审议情况



经过审议，本次会议经表决一致通过全部议案并形成如下决议：



(一)审议通过《关于选举宁波舟山港股份有限公司第四届董事会董事



长的议案》



会议选举毛剑宏先生为公司第四届董事会董事长。



表决结果：12票同意，0票反对，0票弃权。



(二)审议通过《关于宁波舟山港股份有限公司第四届董事会各专门委



员会换届的议案》



同意公司第四届董事会各专门委员会成员组成如下：



公司董事会战略委员会：由毛剑宏、宫黎明、褚斌、蒋一鹏、陈国潘组成，其中毛剑宏为主席；



公司董事会审计委员会：由许永斌、杨梧、张四纲、吕靖组成，其中许永斌为主席；



公司董事会薪酬与考核委员会：由张四纲、郑少平和吕靖组成，其中张四纲为主席；



公司董事会提名委员会：由吕靖、金星、陈志昂、杨梧和许永斌组成，其中吕靖为主席。



表决结果：12票同意，0票反对，0票弃权。



(三)审议通过《关于聘任宁波舟山港股份有限公司总经理的议案》



同意董事会聘任宫黎明先生担任公司总经理，任期自公司第四届董事会第一次会议通过之日起三年，任期届满可以续聘。



公司四名独立董事对该议案发表了同意的独立意见。



表决结果：12票同意，0票反对，0票弃权。



(四)审议通过《关于聘任宁波舟山港股份有限公司副总经理的议案》



同意聘任褚斌先生为公司副总经理，任期自公司第四届董事会第一次会议通过之日起三年，任期届满可以续聘。



表决结果：12票同意，0票反对，0票弃权。



同意聘任蒋一鹏先生为公司副总经理，任期自公司第四届董事会第一次会议通过之日起三年，任期届满可以续聘。



表决结果：12票同意，0票反对，0票弃权。



同意聘任陈国潘先生为公司副总经理，任期自公司第四届董事会第一次会议通过之日起三年，任期届满可以续聘。



表决结果：12票同意，0票反对，0票弃权。



公司四名独立董事对该议案发表了同意的独立意见。



(五)审议通过《关于聘任宁波舟山港股份有限公司董事会秘书的议



案》



同意聘任蒋伟先生为公司董事会秘书，任期自公司第四届董事会第一次会议通过之日起三年，任期届满可以续聘；



公司四名独立董事对该议案发表了同意的独立意见。



表决结果：12票同意，0票反对，0票弃权。



(六)审议通过《关于聘任宁波舟山港股份有限公司证券事务代表的议



案》



同意聘任蔡宇霞女士为公司证券事务代表，任期自公司第四届董事会第一次会议通过之日起三年，期满可以续聘。



特此公告。



附件：相关人员简历



宁波舟山港股份有限公司董事会



二○一七年四月二十日



附件



相关人员简历



毛剑宏先生，出生于1964年1月，工学博士，中国国籍，无境外居

……
[点击查看PDF原文]
提示：本网不保证其真实性和客观性，一切有关该股的有效信息，以交易所的公告为准，敬请投资者注意风险。
展开阅读全文"
连云港可能又要涨停了,"https://guba.eastmoney.com/news,601018,631132438.html",2017-04-20 10:14:10,连云港可能又要涨停了
今天股东大会，公告什么情况？什么时候分红？,"https://guba.eastmoney.com/news,601018,630888710.html",2017-04-19 19:27:58,今天股东大会，公告什么情况？什么时候分红？
今天或明天就到达这波调整的最低点，各位老板快进场抢便宜的筹码！,"https://guba.eastmoney.com/news,601018,630605147.html",2017-04-19 10:55:22,今天或明天就到达这波调整的最低点，各位老板快进场抢便宜的筹码！
601018:宁波港关于聘任证券事务代表的公告,"https://guba.eastmoney.com/news,601018,630899273.html",2017-04-19 19:52:57,"公告日期：2017-04-20
证券代码：601018 证券简称：宁波港 编号：临2017－020



宁波舟山港股份有限公司



关于聘任证券事务代表的公告



本公司董事会及全体董事保证本公告内容不存在任何虚假记载、误导性陈述或者重大遗漏，并对其内容的真实性、准确性和完整性承担个别及连带责任。



宁波舟山港股份有限公司（以下简称“公司”）于 2017年4月



19日在宁波环球航运广场4915会议室以现场结合电话会议方式召开



了公司第四届董事会第一次会议，会议审议通过了《关于聘任宁波舟山港股份有限公司证券事务代表的议案》，全体董事以12票赞成、0票反对、0票弃权同意聘任蔡宇霞女士担任公司证券事务代表，协助公司董事会秘书开展工作，聘用期为自公司第四届董事会第一次会议通过之日起三年，期满可以续聘。



蔡宇霞女士的简历请详见公司在上海证券交易所网站



（www.sse.com.cn）披露的“临2017-016”号公告。蔡宇霞女士的联



系方式如下：



电话：0574-27697137；



传真：0574-27687001；



邮箱：cyx@nbport.com.cn。



通信地址：宁波市宁东路269号宁波环球航运广场宁波舟山港股



份有限公司董事会办公室



宁波舟山港股份有限公司



董事会办公室



二〇一七年四月二十日




[点击查看PDF原文]
提示：本网不保证其真实性和客观性，一切有关该股的有效信息，以交易所的公告为准，敬请投资者注意风险。
展开阅读全文"
宁波港，全球最大港口，一带一路受益,"https://guba.eastmoney.com/news,601018,631703307.html",2017-04-21 10:45:48,宁波港，全球最大港口，一带一路受益
重要的是开始之后就不要停止,"https://guba.eastmoney.com/news,601018,630309914.html",2017-04-18 20:40:20,重要的是开始之后就不要停止
今天的波波的表现算好的了！没有大跌！,"https://guba.eastmoney.com/news,601018,630849704.html",2017-04-19 17:47:28,今天的波波的表现算好的了！没有大跌！
A股震荡依旧 蓝筹仍是看点,"https://guba.eastmoney.com/news,601018,630863034.html",2017-04-19 18:18:36,"A股震荡依旧 蓝筹仍是看点
"
此点如果破了，那将是相当不错的,"https://guba.eastmoney.com/news,601018,630833896.html",2017-04-19 17:12:10,"此点如果破了，那将是相当不错的
"
大盘在涨。庄你他妈是脑残么,"https://guba.eastmoney.com/news,601018,631673337.html",2017-04-21 10:09:23,大盘在涨。庄你他妈是脑残么
