标题,链接,发布时间,内容
大单超大单都在跑，难涨,"https://guba.eastmoney.com/news,601933,506068108.html",2016-08-02 14:50:42,大单超大单都在跑，难涨
别，我还没上车,"https://guba.eastmoney.com/news,601933,506001618.html",2016-08-02 14:15:51,别，我还没上车
跌停啊逗逼！,"https://guba.eastmoney.com/news,601933,505962635.html",2016-08-02 13:57:58,跌停啊逗逼！
张总退守4542高地[大笑][大笑][大笑],"https://guba.eastmoney.com/news,601933,505896209.html",2016-08-02 13:28:45,张总退守4542高地
这个绿帽活王八又扯什么疯啊！真是要作死！,"https://guba.eastmoney.com/news,601933,505864897.html",2016-08-02 13:13:30,这个绿帽活王八又扯什么疯啊！真是要作死！
这种垃圾，跌停最好！爆仓大股东！！！！,"https://guba.eastmoney.com/news,601933,505858588.html",2016-08-02 13:10:37,这种垃圾，跌停最好！爆仓大股东！！！！
没什么大的利空又跌成这样？,"https://guba.eastmoney.com/news,601933,505718282.html",2016-08-02 12:07:20,没什么大的利空又跌成这样？
谁能讲这不是人为操纵股票，,"https://guba.eastmoney.com/news,601933,505509422.html",2016-08-02 10:41:48,谁能讲这不是人为操纵股票，
今天没得搞了，睡觉[俏皮],"https://guba.eastmoney.com/news,601933,505610449.html",2016-08-02 11:22:28,今天没得搞了，睡觉
多跌点吸筹码也不是坏事,"https://guba.eastmoney.com/news,601933,505609394.html",2016-08-02 11:22:12,多跌点吸筹码也不是坏事
张总退守455高地[大笑][大笑][大笑],"https://guba.eastmoney.com/news,601933,505569722.html",2016-08-02 11:07:29,张总退守455高地
真他妈会玩！,"https://guba.eastmoney.com/news,601933,505531596.html",2016-08-02 10:52:49,真他妈会玩！
跌停的节奏,"https://guba.eastmoney.com/news,601933,505494432.html",2016-08-02 10:35:41,跌停的节奏
吸筹,"https://guba.eastmoney.com/news,601933,505427592.html",2016-08-02 10:11:51,主力又吸了
今天张总休息吗？！还没大单数据[大笑][大笑][大笑],"https://guba.eastmoney.com/news,601933,505401259.html",2016-08-02 10:02:30,今天张总休息吗？！还没大单数据
464高地[大笑][大笑][大笑],"https://guba.eastmoney.com/news,601933,505398929.html",2016-08-02 10:01:39,464高地
601933:永辉超市关于控股股东股份部分质押的公告  查看原文 公告日期：20,"https://guba.eastmoney.com/news,601933,503781445.html",2016-08-01 22:51:09,"601933:永辉超市关于控股股东股份部分质押的公告
查看原文
公告日期：2016-08-02
证券代码：601933 证券简称：永辉超市 公告编号：临-2016-40
永辉超市股份有限公司
关于控股股东股份部分质押的公告
本公司及董事会全体成员保证公告内容不存在虚假记载、误导性陈述或者重大遗漏，并对其内容的真实、准确和完整承担个别及连带责任。
永辉超市股份有限公司（下称“公司”）近日收到控股股东张轩松先生通知称：2016年8月1日，张轩松先生将所持有的295,000,000股公司无限售流通股质押予中信建投证券股份有限公司，期限一年。本次质押股份占公司总股本的3.63%，融资目的为张轩松先生本人投融资需要。
张轩松先生持有本公司股数1,612,770,406股，占本公司总股本19.82%。上述质押后张轩松先生累计股份质押数为1,194,580,000股，占本公司总股本的14.68%。
张轩松先生资信状况良好，具备相应的资金偿还能力，由此产生的质押风险在可控范围之内。
特此公告。
永辉超市股份有限公司董事会
二〇一六年八月二日"
下周一猜想？,"https://guba.eastmoney.com/news,601933,498742311.html",2016-07-30 23:10:46,下周一猜想？
加仓，干！,"https://guba.eastmoney.com/news,601933,502958940.html",2016-08-01 13:49:17,1111
下周一不涨才奇怪的[鼓掌],"https://guba.eastmoney.com/news,601933,500789465.html",2016-07-31 14:17:05,下周一不涨才奇怪的
4.67卖的 等大跌接回 哈哈哈哈,"https://guba.eastmoney.com/news,601933,503049620.html",2016-08-01 14:45:52,4.67卖的 等大跌接回 哈哈哈哈
尾盘开始起步了！,"https://guba.eastmoney.com/news,601933,503031874.html",2016-08-01 14:34:56,目标今天翻红，谢谢
永辉超市哥的成本3元都不到，就跟它耗着，全当存银行拿利息。,"https://guba.eastmoney.com/news,601933,502407116.html",2016-08-01 08:36:09,
这货也是高度控盘,"https://guba.eastmoney.com/news,601933,503042176.html",2016-08-01 14:41:12,这货也是高度控盘
不会比我卖价高的 放心,"https://guba.eastmoney.com/news,601933,503038668.html",2016-08-01 14:39:07,不会比我卖价高的 放心
终于翻红了,"https://guba.eastmoney.com/news,601933,503034571.html",2016-08-01 14:36:35,终于翻红了
赶紧大跌 我就可以买回了 今天还说我卖丢了么？哈哈,"https://guba.eastmoney.com/news,601933,502980566.html",2016-08-01 14:02:33,赶紧大跌 我就可以买回了 今天还说我卖丢了么？哈哈
今天差不多了，为了稳定，要小步慢跌！明天继续！[微笑],"https://guba.eastmoney.com/news,601933,502966047.html",2016-08-01 13:53:29,今天差不多了，为了稳定，要小步慢跌！明天继续！
绩优股涨势就是不如垃圾股，割肉，拜拜,"https://guba.eastmoney.com/news,601933,502925607.html",2016-08-01 13:28:30,绩优股涨势就是不如垃圾股，割肉，拜拜
失守464高地[大笑][大笑][大笑],"https://guba.eastmoney.com/news,601933,502887716.html",2016-08-01 13:04:42,失守464高地
这么大的单子跑啊，那我也跑,"https://guba.eastmoney.com/news,601933,502745775.html",2016-08-01 11:21:04,这么大的单子跑啊，那我也跑
1.6万手的砸盘，近千万的资金，小灰灰的庄家够黑,"https://guba.eastmoney.com/news,601933,502731268.html",2016-08-01 11:15:03,1.6万手的砸盘，近千万的资金，小灰灰的庄家够黑
猫逼大股神上周末冒泡了，今天这行情就算不错了。,"https://guba.eastmoney.com/news,601933,502607526.html",2016-08-01 10:12:38,猫逼大股神上周末冒泡了，今天这行情就算不错了。
我对超市很有信心！,"https://guba.eastmoney.com/news,601933,502587152.html",2016-08-01 10:02:48,我对超市很有信心！
永辉超市今天翻红，绝对有信心,"https://guba.eastmoney.com/news,601933,502571887.html",2016-08-01 09:54:22,有些大户刚进去，怎么会跌呢，预计今天上冲到4.76，
痴线,"https://guba.eastmoney.com/news,601933,502531235.html",2016-08-01 09:32:34,痴线
永辉超市两员工发现顾客调包 借机敲诈4000元获刑。。四元接你们的货,"https://guba.eastmoney.com/news,601933,501132689.html",2016-07-31 19:42:52,永辉超市两员工发现顾客调包 借机敲诈4000元获刑。。四元接你们的货
http://i.ifeng.com/news/sharenews.f?aid=,"https://guba.eastmoney.com/news,601933,500633957.html",2016-07-31 11:47:45,http://i.ifeng.com/news/sharenews.f?aid=111598277永辉超市两员工发现顾客调包 借机敲诈4千元获刑
我相信永辉无关大盘，会走出独立行情,"https://guba.eastmoney.com/news,601933,498446970.html",2016-07-30 20:19:40,这么好的股，不太容易被错杀！好多人都等着进。
传永辉超市正在洽谈并购北方某省最大连锁企业 亿邦动力网2016年07月25日 1,"https://guba.eastmoney.com/news,601933,480143079.html",2016-07-25 21:44:22,"传永辉超市正在洽谈并购北方某省最大连锁企业
亿邦动力网2016年07月25日 17:36
最近消息称，北方某省的最大连锁企业--X超市（暂以此代称）陷入经营困境，亏损项目较多，资金吃紧，根据官网新闻显示从2015年元月开始便未再发新店开业信息。并且近半年多分批关闭不少亏损门店，现正拟整体出售超市业务。
X超市历程超过20年，以大卖场业态为主，年销售超过60亿元，并且以省会为中心跨区域经营，是华北地区最大的连锁超市之一。
传参与收购洽谈的有永辉超市、华润集团等巨头，永辉提出只收购部分符合自身需求的门店，而X超市与当地政府希望整体打包出售，以避免亏损门店关闭数千员工失业。双方具体洽谈细节尚不得而知。
永辉超市按现在自营 入股(联华、中百)，已经与高鑫零售(大润发 欧尚)、华润万家的销售规模相当。同时这两年永辉超市正在进行以快消 生鲜为核心品类的门店升级和多业态发展，电商则与国内第二大电商公司京东集团合作为主。永辉是国内大型连锁超市中唯一快速年轻化的企业，不远的将来，随着各新业态(全球会员店、金标店等)更成熟和规模化拓展，新的收购机会再现，永辉超市势必成为国内销售规模与市值双项最高的连锁超市。"
永辉超市8.12或将亮相成都339 西南区还将开出64家店,"https://guba.eastmoney.com/news,601933,487982121.html",2016-07-27 21:36:00,"今年初与华润“分道扬镳”之后，脱掉“欢乐颂”帽子的成都339由全新的招商运营团队接手，并已进入紧锣密鼓的招商节奏之中。近日，“Gomall购成都”官方微博爆料称，成都339项目新引进的永辉超市（专题阅读）预计 8 月 4 日亮相开业。

　　其实，自从去年6月，华润万家旗下blt精品超市传出撤离当时还是以“欢乐颂”为后缀的成都339之时，就同时有消息称“永辉超市将接棒入驻”。随后，该消息得到印证，并很快在项目内看到了永辉超市的打围。而且，从打围信息上看，入驻成都339的永辉超市，为永辉旗下的高端精品超市——Bravo YH。



只不过，永辉Bravo YH入驻虽成定局，何时开业却一直没有对外透露。于是，在得知微博爆料之后，赢商网对此进行了核实，永辉超市相关负责人否定了网上传出的8月4日的开业时间，称成都339的永辉Bravo YH开业时间应该在8月10日之后，初步预计是8月12日左右。

　　当然，永辉Bravo YH以主力店的身份开业，无疑在很大程度上为全新出发的成都339吃了一颗“定心丸”，也有项目周边的消费者表示，很期待永辉超市的亮相，并认为这将会让他们的日常生活更加便利。

　　赢商网查阅永辉超市官方网站发现，截至2016年7月25日，永辉超市在全国范围内已开业门店423家，已签约未开的门店180家，华东区域185家位居第一，西南区域141家紧随其后。可见，西南市场已经成为永辉超市深耕细作的重点地区。

　就永辉在西南区域的拓展情况来看，目前四川市场已开业门店32家。在成都，永辉与万达、凯德、龙湖、银泰等知名企业都有合作，项目涉及蜀都万达广场、凯德魅力城、凯德·天府、龙湖天街系、银泰城、海滨城等等。

　　此外，西南区尚处于筹建中的门店65家，里面包括了成都339、汇点广场、富力广场、时代豪庭广场等不下14家成都市场的全新门店。而绵阳、泸州、达州、广安、乐山、眉山、遂宁、德阳等在内的四川二三线城市也将是永辉超市重点拓展的市场。

公开资料显示，永辉超市2016年上半年实现营收245.2亿，同比增长17.7%。归属母公司净利润6.7亿，同比增长27.0%。据悉，除了江苏、陕西经营业绩提升扭亏为盈之外，四川区域的净利润也得到明显增长。

　　以经营生鲜为特色的永辉超市，一直坚持线上线下双轨发展，满足大众消费和部分差异化消费群日常所需。并且在供应链方面继续扩大合作层面，同时配给优势资源发展电商、O2O和消费金融等新业务板块。

　　另一方面，作为主力店之一，永辉Bravo YH的亮相，也在一定程度上拉响了成都339蜕变之后的调整号角，全新出发的成都339会有哪些新的品牌和元素呈现给消费者？赢商网也会在近期推出的“成都购物中心调整调查系列报道”中，对成都339的调整做进一步的解读，敬请期待。"
4.2,"https://guba.eastmoney.com/news,601933,486855312.html",2016-07-27 13:05:55,4.2
这样的急跌，不会太可怕,"https://guba.eastmoney.com/news,601933,486856556.html",2016-07-27 13:06:33,这样的急跌，不会太可怕
601933:永辉超市关于控股股东股份部分解质及质押的公告,"https://guba.eastmoney.com/news,601933,487184360.html",2016-07-27 15:38:32,"公告日期：2016-07-28
证券代码：601933 证券简称：永辉超市 公告编号：临-2016-39

永辉超市股份有限公司

关于控股股东股份部分解质及质押的公告

本公司及董事会全体成员保证公告内容不存在虚假记载、误导性陈述或者重大遗漏，并对其内容的真实、准确和完整承担个别及连带责任。

永辉超市股份有限公司（下称“公司”）近日收到控股股东张轩松先生通知称：2016年7月25日，张轩松先生将所持有的295,000,000股公司无限售流通股质押予中信建投证券股份有限公司，期限一年。本次质押股份占公司总股本的3.63%，融资目的为张轩松先生本人投融资需要。

2016年7月26日、7月27日，中信建投证券股份有限公司为张轩松先生持有的永辉超市股份280,000,000股办理了解除质押的手续,本次解除质押股数占公司总股本3.44%。

张轩松先生持有本公司股数1,612,770,406股，占本公司总股本19.82%。上述质押及解质后张轩松先生累计股份质押的股数为778,280,000股，占本公司总股本的9.57%。张轩松先生资信状况良好，具备相应的资金偿还能力，由此产生的质押风险在可控范围之内。

特此公告。

永辉超市股份有限公司董事会

二〇一六年七月二十八日


[点击查看PDF原文]
提示：本网不保证其真实性和客观性，一切有关该股的有效信息，以交易所的公告为准，敬请投资者注意风险。"
601933:永辉超市2016年第二次临时股东大会会议资料,"https://guba.eastmoney.com/news,601933,487311316.html",2016-07-27 16:21:07,"公告日期：2016-07-28
永辉超市股份有限公司

二〇一六年第二次临时股东大会会议资料

二〇一六年八月

目录

永辉超市股份有限公司二〇一六年第二次临时股东大会会议议程......3

永辉超市股份有限公司二〇一六年第二次临时股东大会会议议案......4

议案一：关于补充选举第三届董事会董事的议案......4

议案二：关于修改公司经营范围及有关章程修订的议案......6

永辉超市股份有限公司

二〇一六年第二次临时股东大会会议议程

主持人：董事长张轩松先生

一、宣布股东签到及确认到会情况

二、议案简介:

1、关于补充选举第三届董事会董事的议案

2、关于修改公司经营范围及有关章程修订的议案

三、议案报告

四、股东发言

五、宣读表决方法

六、投票表决

七、宣读现场表决结果

八、律师宣读本次股东大会法律意见书

二〇一六年八月三日

永辉超市股份有限公司

二〇一六年第二次临时股东大会会议议案

议案一：

关于补充选举第三届董事会董事的议案

报告人：张经仪

各位股东、股东授权代理人：

公司第三届董事会董事艾特凯瑟克(AdamPhillipCharlesKeswick)先生因拟前往怡和集团英国总部履职向公司董事会提交了辞呈，申请辞去公司董事职务。

有鉴于此并根据牛奶有限公司提名并经董事会审议同意,现拟补充选举彭耀佳先生（简历附后）成为永辉超市股份有限公司第三届董事会董事，任至本届董事会届满。

候选人简历

彭耀佳(PANGYiuKai)，男，1960年出生，中国国籍。

先后获英国诺丁汉大学土木工程理学士学位和爱丁堡大学工商管理硕士学位，并于1998年修毕哈佛商学院的环球领袖课程。于2016年7月获爱丁堡大学颁授荣誉博士学位，以表扬其于商界及公共服务方面的成就。

2007年至今担任置地控股有限公司(HongkongLandHoldingsLimited)及香港置地集团公司(HongkongLandLimited)首席执行官，并为MCLLandLimited董事长，亦同时担任怡和控股有限公司(JardineMathesonHoldingsLimited)、怡和管理有限公司(JardineMathesonLimited)及怡和(中国)有限公司(JardineMatheson(China)Limited)董事。

将于2016年7月底退任置地集团行政职务和MCLLandLimited董事长，并于2016年8月1日继续担任置地控股有限公司(HongkongLandHoldingsLimited)及香港置地集团公司(Hongkong Land Limited)非执行董事，亦将出任怡和控股有限公司(JardineMathesonHoldingsLimited)副董事总经理，并兼任怡和太平洋有限公司(JardinePacificLimited)、仁孚行有限公司(ZungFuCompanyLimited)及GammonChinaLimited董事长、怡和汽车集

团有限公司(JardineMotorsGroupLimited)董事长及首席执行官，以及怡和管理有限公司(JardineMathesonLimited)副董事长，亦将同时担任牛奶国际控股有限公司(DairyFarmInternationalHoldingsLimited)、怡和策略控股有限公司(JardineStrategicHoldingsLimited)及文华东方国际有限公司(MandarinOrientalInternationalLimited)董事。

于1984年加入怡和集团(JardineMathesonGroup)，曾任职集团的贸易、市场推广和零售等多个部门，其后于1991年获委任为必胜客餐厅(PizzaHut)香港及华南地区首席执行官。

于1995年获委任为怡和太平洋集团有限公司(JardinePacificG……
[点击查看PDF原文]
提示：本网不保证其真实性和客观性，一切有关该股的有效信息，以交易所的公告为准，敬请投资者注意风险。
展开阅读全文"
永辉超市：未参与洽谈收购北方某省连锁企业,"https://guba.eastmoney.com/news,601933,483716277.html",2016-07-26 20:13:03,"来源：证券时报网
　　永辉超市(601933)7月26日晚间公告，公司关注到近日有媒体发布题为《传永辉超市正在洽谈并购北方某省最大连锁企业》的新闻报道。对此，公司进行认真核查。截至目前，公司未参与洽谈收购北方某省最大连锁企业，也未获悉媒体所述收购信息。
（来源：证券时报网 2016-07-26 20:30）[点击查看原文]"
增资永辉云创，加快创新业务发展,"https://guba.eastmoney.com/news,601933,987934860.html",2016-07-28 00:00:00,
试试还能发帖不,"https://guba.eastmoney.com/news,601933,488143526.html",2016-07-27 22:55:52,试试还能发帖不
上窜下跳，R有大毁N地球之势。,"https://guba.eastmoney.com/news,601933,487708666.html",2016-07-27 19:10:47,上窜下跳，R有大毁N地球之势。
7月28日股东资格登记日什么意思,"https://guba.eastmoney.com/news,601933,487093032.html",2016-07-27 14:44:51,请教下前辈
请肃静，不就是为了套一大批吗？,"https://guba.eastmoney.com/news,601933,479611730.html",2016-07-25 17:41:11,值得在这里大呼小叫，你争我斗，打情骂俏的吗？真正的股民会在这里没事嚷嚷吗？看多看空的都静静，都洗洗脸早点睡吧，乐呵乐呵得了。
再不涨，我老公就要把我卖掉了！,"https://guba.eastmoney.com/news,601933,448377969.html",2016-07-14 12:40:40,买入永辉超市亏了不少一笔，被我老公发现了。他给我定了时间，本月底本钱出不来，就要把我卖给云贵地区的偏远山区来抵这损失的钱，我赔不起啊，涨涨吧，真难过。
内幕追踪：这是利好吗？,"https://guba.eastmoney.com/news,601933,486597335.html",2016-07-27 11:10:29,众人皆知，上涨无力，传闻澄清。又是一颗烟幕弹，迷惑住我们的双眼，大手笔又出刀成功了。
哈哈哈，该跌不跌后面那个是什么话！如果筹码不在主力军手里，这逼会不跟跌吗？哈哈哈,"https://guba.eastmoney.com/news,601933,487159178.html",2016-07-27 15:22:02,哈哈哈，该跌不跌后面那个是什么话！如果筹码不在主力军手里，这逼会不跟跌吗？哈哈哈
永辉超市给力，今天给你点赞,"https://guba.eastmoney.com/news,601933,486913299.html",2016-07-27 13:28:52,希望主力给我们减少点损失，
诱空启动上攻行情,"https://guba.eastmoney.com/news,601933,486422313.html",2016-07-27 10:03:54,RT
增发完成后市值也不便宜了,"https://guba.eastmoney.com/news,601933,487043325.html",2016-07-27 14:22:15,增发完成后市值也不便宜了，这个市值级别的公司必须能保持高盈利和持续增长，永辉未必可以。
实体经济才是王道,"https://guba.eastmoney.com/news,601933,487042196.html",2016-07-27 14:21:35,"这次证监会出严查政策，是针对资本炒作，

对于业绩优良的实体公司，相信股价还是会稳步增长的，

今天本来是加仓好机会，可惜已经满仓永辉，

拉升吧！！！"
4.38反抽到位,"https://guba.eastmoney.com/news,601933,487023074.html",2016-07-27 14:13:20,尾盘会滑落
拉了！是不是拉了呢，应该是拉了。对，没错。明显拉了。我们再来看看，哦这个，好像不,"https://guba.eastmoney.com/news,601933,486844694.html",2016-07-27 13:01:18,拉了！是不是拉了呢，应该是拉了。对，没错。明显拉了。我们再来看看，哦这个，好像不是拉啊，再看看。嗯，确实没有拉......”中场休息。
垃圾,"https://guba.eastmoney.com/news,601933,486560009.html",2016-07-27 10:57:17,垃圾
加速上行。,"https://guba.eastmoney.com/news,601933,486547607.html",2016-07-27 10:52:39,加速上行。
是要收购世纪联华吗？,"https://guba.eastmoney.com/news,601933,483878866.html",2016-07-26 21:00:55,是要收购世纪联华吗？
豹子了,"https://guba.eastmoney.com/news,601933,486373611.html",2016-07-27 09:48:38,豹子了
601933:永辉超市关于媒体有关报道的澄清公告,"https://guba.eastmoney.com/news,601933,483621964.html",2016-07-26 18:31:49,"公告日期：2016-07-27
证券代码：601933 证券简称：永辉超市 公告编号：临-2016-38

永辉超市股份有限公司

关于媒体有关报道的澄清公告

本公司及董事会全体成员保证公告内容不存在虚假记载、误导性陈述或者重大遗漏，并对其内容的真实、准确和完整承担个别及连带责任。

———————————————————————————————————-——一、报道简述

公司关注到近日有媒体发布题为《传永辉超市正在洽谈并购北方某省最大连锁企业》的新闻报道。

二、澄清声明

公司对媒体报道内容进行了认真核查，现就相关事项声明如下：

截止本公告出具日，公司未参与洽谈收购北方某省最大连锁企业，也未获悉媒体所述收购信息。

三、风险提示

本公司指定信息披露媒体为《中国证券报》、《上海证券报》、《证券时报》、《证券日报》及上海证券交易所网站，敬请广大投资者以本公司公告为准，关注风险，理性投资。

特此公告。

永辉超市股份有限公司董事会

二〇一六年七月二十七日


[点击查看PDF原文]
提示：本网不保证其真实性和客观性，一切有关该股的有效信息，以交易所的公告为准，敬请投资者注意风险。"
永辉超市这个主力真纠结！也许不一定是坏事！,"https://guba.eastmoney.com/news,601933,486330520.html",2016-07-27 09:31:18,
跌起来真够劲,"https://guba.eastmoney.com/news,601933,485764211.html",2016-07-27 07:13:27,跌起来真够劲
14:11又有近90万股炸弹[大笑][大笑][大笑],"https://guba.eastmoney.com/news,601933,483311910.html",2016-07-26 14:14:12,14:11又有近90万股炸弹
连续两笔各约90万股炸弹[大笑][大笑][大笑],"https://guba.eastmoney.com/news,601933,483202857.html",2016-07-26 13:30:01,连续两笔各约90万股炸弹
这是要破产吗？这样大的单子往出抛呀！,"https://guba.eastmoney.com/news,601933,483204056.html",2016-07-26 13:30:33,
小心有一天砸个坑，这庄在磨耐性,"https://guba.eastmoney.com/news,601933,483437498.html",2016-07-26 15:45:38,小心有一天砸个坑，这庄在磨耐性
谁也没想到吧！这样的结局收尾！[牛],"https://guba.eastmoney.com/news,601933,483413860.html",2016-07-26 15:30:40,谁也没想到吧！这样的结局收尾！
连涨两天了,"https://guba.eastmoney.com/news,601933,483413319.html",2016-07-26 15:30:09,连涨两天了，6分钱，不容易啊
马上炸弹又来了！[胜利],"https://guba.eastmoney.com/news,601933,483339463.html",2016-07-26 14:25:03,马上炸弹又来了！
狗庄压价吸筹，还没吃够？老子有耐心，比比耐力。,"https://guba.eastmoney.com/news,601933,483274434.html",2016-07-26 13:59:46,狗庄压价吸筹，还没吃够？老子有耐心，比比耐力。
不论有多少买单，卖1处一直有7.8000手的压单借机出货，高明啊，不知不觉的主力,"https://guba.eastmoney.com/news,601933,482796223.html",2016-07-26 10:32:47,不论有多少买单，卖1处一直有7.8000手的压单借机出货，高明啊，不知不觉的主力就跑了。
十年炒股两茫茫，先亏车，后赔房； 千股跌停，无处话凄凉！ 纵有涨停应不识，人跌傻,"https://guba.eastmoney.com/news,601933,474159991.html",2016-07-24 23:04:01,十年炒股两茫茫，先亏车，后赔房； 千股跌停，无处话凄凉！ 纵有涨停应不识，人跌傻，本陪光。 牛市幽梦难还乡，睡不着，吃不香。 望盘无言，惟有泪千行！ 料得年年断肠处，熔断夜，大熊岗！
散户别买了行吗,"https://guba.eastmoney.com/news,601933,483166716.html",2016-07-26 13:14:43,让主力自娱自乐去吧，
垃圾！,"https://guba.eastmoney.com/news,601933,483159293.html",2016-07-26 13:11:53,垃圾！
尼玛不让涨，也不让跌，，，发癫啊啊。。。。,"https://guba.eastmoney.com/news,601933,482951697.html",2016-07-26 11:34:01,尼玛不让涨，也不让跌，，，发癫啊啊。。。。
大盘都起来了，你在等什么？,"https://guba.eastmoney.com/news,601933,482941739.html",2016-07-26 11:30:41,大盘都起来了，你在等什么？
看不懂，也不想懂！[傲],"https://guba.eastmoney.com/news,601933,482719225.html",2016-07-26 10:03:38,看不懂，也不想懂！
这个死庄,"https://guba.eastmoney.com/news,601933,482714922.html",2016-07-26 10:02:02,这个死庄
这&#39;这&#39;吃了屎吗,"https://guba.eastmoney.com/news,601933,482694734.html",2016-07-26 09:54:43,这'这'吃了屎吗
大家不要去管别人的唱多唱空，他们不是拖就是在刷影响力。估计今天永辉还会几分钱玩一,"https://guba.eastmoney.com/news,601933,482596383.html",2016-07-26 09:15:20,大家不要去管别人的唱多唱空，他们不是拖就是在刷影响力。估计今天永辉还会几分钱玩一天，有耐心的继续持有，没有的可以抛了换其他题材。
永辉超市2015开店报告曝光：逆势而上添62家新店！ 用一句流行的话来说“我要给,"https://guba.eastmoney.com/news,601933,472207245.html",2016-07-24 11:11:35,"永辉超市2015开店报告曝光：逆势而上添62家新店！
用一句流行的话来说“我要给永辉超市打99分，剩下1分是怕它骄傲！”
永辉超市2016年准备在开120家新店，主要集中在北京、上海、天津、广东。
在过去的2015年内，永辉超市相继开出62家新店。在经济下行、实体店普遍受互联网冲击的大环境下，永辉超市力挽狂澜，逆势而上，在中国零售的道路上阔步前行。"
记得前天大宗交易4.9买了50亿元。 现在主力用这50亿元开始砸盘吓虎怕死的散民,"https://guba.eastmoney.com/news,601933,465032125.html",2016-07-22 13:12:40,"记得前天大宗交易4.9买了50亿元。
现在主力用这50亿元开始砸盘吓虎怕死的散民呢。等散户跑完了，咔咔咔连续涨到6元吗。哈哈。。砸砸盘我都不卖。跟东京大户走，没错。东京入股平均股价是4.5元。
加一句。不到12。我不会卖的。"
只出不进，换股鸿博股份,"https://guba.eastmoney.com/news,601933,478882211.html",2016-07-25 14:00:23,"去鸿博股份不错。
鸿博股份两市融资买进量处于前8的股。
在目前两市两融持续下降时，该股融资量持续上升，后市看好。
目前调整洗盘已近尾声，大阳拉起一触即发。"
垃圾股行列，不明白哪些唱多的,"https://guba.eastmoney.com/news,601933,479258361.html",2016-07-25 15:53:02,垃圾股行列，不明白哪些唱多的
我去呀！下周将迎来超跌后的反弹ee,"https://guba.eastmoney.com/news,601933,479191701.html",2016-07-25 15:31:23,我去呀！下周将迎来超跌后的反弹ee
进军北京OTO  CPI上涨 连锁超市牛起,"https://guba.eastmoney.com/news,601933,478955018.html",2016-07-25 14:21:49,不用折腾了 拿着就完了 CPI上涨 连锁超市牛起
垃圾！[大笑],"https://guba.eastmoney.com/news,601933,478937952.html",2016-07-25 14:16:47,垃圾！
8月3号前大跌就加满仓 闭眼拿一个月就完了,"https://guba.eastmoney.com/news,601933,478873364.html",2016-07-25 13:57:44,不用折腾了 拿着就完了 CPI上涨 连锁超市牛起
不用折腾了 拿着就完了 CPI上涨 连锁超市牛起,"https://guba.eastmoney.com/news,601933,478870470.html",2016-07-25 13:56:54,不用折腾了 拿着就完了 CPI上涨 连锁超市牛起
永辉社区店进京布局O2O 来源：北京商报 编辑：东方财富网 　　在上海实验了半年,"https://guba.eastmoney.com/news,601933,478195304.html",2016-07-25 10:32:58,"永辉社区店进京布局O2O
来源：北京商报 编辑：东方财富网
　　在上海实验了半年后，永辉会员店首度进入北京市场。在超市业大店选址难、覆盖范围受限和开店速度慢的情形下，社区店成为巨头争先布局的目标。永辉会员店是面积仅200平方米、定位中高端的社区超市，将以到家模式切入社区O2O市场，并可能引入家政、餐饮等服务，形成社区消费闭环。
　　北京首家会员店
　　永辉会员体验店北京第一家店位于丰台区三环新城8号院底商，北京商报记者在现场看到，门店面积约200平方米。门店负责人表示，永辉会员体验店在上海已经有20多家门店，在运营中一直不断调整，向外扩张属于规划之中，正好北京三环新城物业方面出现了一个合适的门店。上述负责人认为，该门店规模大小及周边居住人群和永辉会员体验店“服务中产阶级”的定位较匹配。
　　据上述人士介绍，会员店精简SKU 1000多个，鉴于永辉的生鲜优势，会逐渐加大生鲜商品的比重，同时提高进口商品占比，目前各类商品结构还不完善，而且还没有开通会员体系，“现在还不是真正的会员店，就相当于一个永辉bravo门店的缩小版”。bravo俗称永辉绿标店，与永辉普通的红标店大卖场相比，属于精品超市。
　　以永辉会员店在上海的情况来看，成为会员需付费100元，同时会赠送数量不等的优惠券和其他权益，同时会员在永辉会员店App上购物可免费送货，非会员需支付运费。上述人士介绍，永辉会员店的运营团队属于永辉超市第二事业集群，目前在上海，团队接下来将把北京门店的会员体系以及App构建起来。
　　社区化O2O尝试
　　2015年11月，永辉超市在上海杨浦区国顺东路开出了第一家永辉会员体验店，当时店名为“YH会员店全球食品直购”。截至目前上海总共开了21家，初期保持类似风格，但后期开的店则改为“YH会员体验店”，门店大小保持在200平方米左右，商品结构也偏向于中高端，2公里之内送货到家。从门店更名可以看出，“YH会员体验店”侧重定位在线下体验功能，且店内设置了休息区域。
　　与沃尔玛山姆会员店、麦德龙等传统仓储式会员店相比，永辉会员店更像社区精品超市，可通过公众号、订阅号及“家门口永辉”App下单，一日两次配送，门店成了店仓结合的线下体验店和提货配送点。此前，网上一份关于永辉会员店的招聘启事中写到，“定位中高端消费人群，为顾客提供购物、餐饮、家政等一站式优质服务体验”。
　　永辉会员店布局社区O2O的意图明显。北京商报记者在三环新城的永辉会员体验店看到，所有商品都标有电子标签，上有二维码，扫描后可直接在京东到家平台上下单。线下会员可引导到线上消费，线上流量也可反溯到线下。目前永辉会员店在上海已有8万余会员。
　　永辉会员店在上海开业第一家门店时，永辉超市副总裁翁海辉在接受北京商报记者采访时表示，永辉会员店会密集开店且向外扩张，O2O模式对永辉的意义是，推广效果可查、每笔交易可追踪、透过实时数据反馈、优化后续商品与服务。
　　多渠道开放
　　实际上，永辉会员店模式融合了精品商品、贴近社区以及配送到家三种消费趋势。永辉超市以往的大卖场动辄四五千平方米，过万平方米也很常见，但如今一二线城市很难找到靠近消费者的大店选址了。永辉会员店于上海半年内开业21家店，若换成大卖场规模则不可能实现。同时，一二线城市的消费升级也日益明显，普通大卖场商品已经难以吸引消费者下单甚至进店，这是所有传统超市面临的难题。永辉超市近两年一直在将一线城市的红标店升级为绿标店，希望原地提高定位，低成本满足市场需求。但单个门店覆盖范围有限，小型门店则在开店速度和覆盖人群上效果更好。
　　在线上渠道布局上，虽然永辉超市和京东已达成股权合作，但永辉会员店持开放态度。上述永辉超市北京会员店负责人称，北京门店已在京东到家上线，后期会陆续开放永辉会员店App，但也不排除入驻如百度外卖、美团外卖等第三方O2O渠道。对于超市O2O已经非常成熟的北京市场来说，消费者接受程度非常高，物美已经在此领域实践了一年时间，家乐福也在几个月前将App引入北京，还有即将在京东到家上线的沃尔玛，未来将出现在美团上的华润万家，这些都是重量级玩家，永辉会员店的O2O策略能否得到京城消费者的欢心还不好说。"
坚决高抛,"https://guba.eastmoney.com/news,601933,477942573.html",2016-07-25 09:22:58,坚决高抛
2016零售企业500 强,"https://guba.eastmoney.com/news,601933,472379373.html",2016-07-24 13:09:41,年底，永辉还能前进俩名
主力怎么砸我也不卖。 坐等2018年永辉超市股价到12元左右。 现在已经锁仓。,"https://guba.eastmoney.com/news,601933,464752666.html",2016-07-22 11:31:33,"主力怎么砸我也不卖。
坐等2018年永辉超市股价到12元左右。
现在已经锁仓。"
免费升级windows10，大家觉得如何？,"https://guba.eastmoney.com/news,601933,472488808.html",2016-07-24 14:57:50,"前段时间，下载以后最后关头放弃了升级。现在，随着新版本的免费到期，突然间又想升级了。昨天台式XP升级到windows7,感觉体验很好。今天决定把一体机升级到windows10,毕竟是新兴版本，不想错过免费升级的最后时刻。大家感觉10如何？也没什么复杂的用途，基本就是简单的娱乐操作，应该不会有操作上的困难的吧。"
发布日期： 2016-07-24   来源：,"https://guba.eastmoney.com/news,601933,472121440.html",2016-07-24 10:16:15,"发布日期： 2016-07-24 来源： 永辉官网
7月24日，永辉超市与澳大利亚汉森果园、纳福海鲜、里德水果3家供货商签署了合作意向书。
此次合作不仅给永辉超市带来前所未有的机遇，也给中国消费者带来更多便利。澳洲优质水果、海鲜将直接进入中国超市，使得消费者在家门口就能买到国外的优质商品。
据悉，直接与海外供货商合作，还是永辉史上的首例。此次合作，又为永辉的货物供应开辟了一个新方向。
附：3家供货商简介
1.汉森果园（HansenOrchards）-澳洲塔斯曼尼亚（“塔州”）最大的樱桃出口商，出口樱桃和苹果，第4代营运这个果园，每年生产1500-1600吨樱桃，其产品质量是属高端产品，属于一流的樱桃果园。
2.纳福海鲜（Ralph’sSeafood）-塔州的最大出口中国（占75%到中国的鲍鱼出口份额）的鲍鱼生产商，公司营运了40多年，一个从意大利60年前移民到霍巴特的家族经营的。
3.里德水果（REIDSFRUITS）-塔州第二大樱桃出口商。这是3家唯一一家在霍巴特的公司，特别得到霍巴特市政府的重视。公司是第6代经营的企业，果园及生产的地方都在霍巴特。"
目测永辉超市和中恒集团2015年12月11日走势一样是否开启阴跌模式大家可以讨论讨论,"https://guba.eastmoney.com/news,601933,468680756.html",2016-07-23 13:12:40,目测永辉超市和中恒集团2015年12月11日走势一样是否开启阴跌模式大家可以讨论讨论
现在买入永辉超市的散户特点，千万别买！,"https://guba.eastmoney.com/news,601933,392927364.html",2016-05-17 16:29:11,"现在买入的绝不敢说是有多傻，因为本人算是高位买入了真是痛苦一万分。8元到9元之间的股价不算是很高，而且还会除权，之后就是4元多了。但要说是涨，就不一定了。即使便宜，但也不是买入就会上涨的理由。现在买入永辉超市，等于是存活期了。说深套，也不太会了。
反正现在买入永辉超市，可以说明这类股民唯价钱是瞻，也比较谨慎，有博涨的侥幸心理。股市也会有武力高强的人，我断定肯定不会现在买入永辉超市。换做是现在的我，也不会买入。因为，明摆着还有一些股票已经开始或者即将开始大涨。我现在是只能有苦说不出，这就是着急买入而且盲目永辉超市的后果。煎熬是苦的，永辉超市几近可以把我逼疯，但我都九死一生挺了过来。2015年12月30日标准的孕线阴孕线，第二天主力大量出货上亿元，当时同样看到很多大单接盘，抱有侥幸心理，结果小亏变成特大亏损。永辉超市真能折磨人，现在买入的人实在需要做好这种承担痛苦的准备。宁愿追涨，也不要抄底。永辉超市或许还有一跌，但深套者又不适合再做抛吸，很危险很容易被甩出去的。上涨的股票有惯性，即使套一两天，又会涨上去的，有获利了结的机会。而买在这个价位就比较不明智，一则底部无法确定，再则上涨也不是很容易的事情。这股再有若干月不涨也是可能的事情。超强股日K线级别的v型大反转都有，那是可遇而不可求的，即使买入我们大多数也都是过早自动下车的水平。股与股之间没有可比性，都是没办法的事，追求赚钱，千万不要往永辉超市里跑，至少现在。"
调整即将结束 下周两板块上涨一触即发 这10只股翻身十五个点稳稳的,"https://guba.eastmoney.com/news,601933,468314673.html",2016-07-23 09:02:02,调整即将结束 下周两板块上涨一触即发 这10只股翻身十五个点稳稳的
张总调皮438,"https://guba.eastmoney.com/news,601933,465332400.html",2016-07-22 14:43:09,张总调皮438
两周打下的江山一日就被洗劫了，内心要有多强大啊,"https://guba.eastmoney.com/news,601933,468029375.html",2016-07-23 06:50:10,两周打下的江山一日就被洗劫了，内心要有多强大啊
现在做实业的企业是值得长线持有的，最近京东方面资本运作较多，为在电商领域做大做强,"https://guba.eastmoney.com/news,601933,466437370.html",2016-07-22 21:15:21,现在做实业的企业是值得长线持有的，最近京东方面资本运作较多，为在电商领域做大做强，永辉必在相关布局之中，离双十一越近，惊喜越多，祝各位好运！
永辉今日为何跌这么狠啊？即便该调整也不至于跌成这样嘛！！！这种情况应该出现在大盘,"https://guba.eastmoney.com/news,601933,465479237.html",2016-07-22 15:30:47,永辉今日为何跌这么狠啊？即便该调整也不至于跌成这样嘛！！！这种情况应该出现在大盘大跌的时候啊，好奇怪，看不懂。。。
永辉超市啊啊啊啊啊啊,"https://guba.eastmoney.com/news,601933,465695528.html",2016-07-22 16:47:15,不知道东哥咋想的
最后5分钟抢筹码！5分钟就涨停了！速度！[胜利],"https://guba.eastmoney.com/news,601933,465363422.html",2016-07-22 14:53:10,最后5分钟抢筹码！5分钟就涨停了！速度！
被增持6千万 真是出利好就开始跌啊,"https://guba.eastmoney.com/news,601933,465486583.html",2016-07-22 15:33:15,增减持方面，和一季报相比，二季度基金重仓股增加242只。其中，中国石化(600028 )和永辉超市(601933)在二季度被大幅增持超6000万股位于前列。在减持上，二季度共有163只重仓股个股遭公募基金减持，其中减持最多的是民生银行(600016)，被基金净卖出1.52亿股，其次是兴业银行(601166)，被大幅卖出1.26亿股。
携手京东战四方，线上线下谋共赢；生鲜电商将起航，合纵连横功始成！,"https://guba.eastmoney.com/news,601933,465331211.html",2016-07-22 14:42:58,携手京东战四方，线上线下谋共赢；生鲜电商将起航，合纵连横功始成！
下午就涨停了！不急不急！[胜利],"https://guba.eastmoney.com/news,601933,464478448.html",2016-07-22 10:23:25,下午就涨停了！不急不急！
还不够深，没魄力！,"https://guba.eastmoney.com/news,601933,465352361.html",2016-07-22 14:49:42,还不够深，没魄力！
没钱用了，下周要卖掉了[哭],"https://guba.eastmoney.com/news,601933,465337339.html",2016-07-22 14:44:44,没钱用了，下周要卖掉了
601933:永辉超市关于非公开发行股票获中国证监会核准批文的,"https://guba.eastmoney.com/news,601933,465327748.html",2016-07-22 14:41:26,601933:永辉超市关于非公开发行股票获中国证监会核准批文的
大家不要着急，马上就要涨停了[胜利],"https://guba.eastmoney.com/news,601933,465265290.html",2016-07-22 14:22:57,大家不要着急，马上就要涨停了
养老金持股永辉看好,"https://guba.eastmoney.com/news,601933,465317370.html",2016-07-22 14:38:24,养老金持股永辉看好
涨了11天，一天就打回原形了，永辉就是个这东西。想回来再等三个月吧。刚进永辉的散户可以学习下长点 记性,"https://guba.eastmoney.com/news,601933,465276727.html",2016-07-22 14:26:37,涨了11天，一天就打回原形了，永辉就是个这东西。想回来再等三个月吧。
4.33挂单的快撤，不要埋怨没提醒哦,"https://guba.eastmoney.com/news,601933,465268643.html",2016-07-22 14:23:47,4.33挂单的快撤，不要埋怨没提醒哦
601933:永辉超市关于非公开发行股票获中国证监会核准批文的公告,"https://guba.eastmoney.com/news,601933,455347934.html",2016-07-19 16:16:28,"公告日期：2016-07-20
证券代码：601933 证券简称：永辉超市 公告编号：临-2016-37

永辉超市股份有限公司

关于非公开发行股票获中国证监会核准批文的公告

本公司及董事会全体成员保证公告内容不存在虚假记载、误导性陈述或者重大遗漏，并对其内容的真实、准确和完整承担个别及连带责任。

———————————————————————————————————-——2016年7月19日，永辉超市股份有限公司（下称“公司”）收到中国证券监督管理委员会（下称“中国证监会”）《关于核准永辉超市股份有限公司非公开发行股票的批复》（证监许可[2016]1318号），批复内容如下：

一、核准公司非公开发行不超过1,435,389,892股新股。

二、本次发行股票应严格按照报送中国证监会的申请文件实施。

三、该批复自核准发行之日起6个月内有效。

四、自核准发行之日起至本次股票发行结束前，公司如发生重大事项，应及时报告中国证监会并按有关规定处理。

公司董事会将根据上述核准文件的要求及公司股东大会的有关授权于近期办理本次非公开发行股票的相关事宜，并及时履行信息披露义务。

特此公告。

永辉超市股份有限公司董事会

二〇一六年七月二十日


[点击查看PDF原文]
提示：本网不保证其真实性和客观性，一切有关该股的有效信息，以交易所的公告为准，敬请投资者注意风险。"
难道这一切就是因为我[不说了][大笑][想一下],"https://guba.eastmoney.com/news,601933,465257933.html",2016-07-22 14:21:05,难道这一切就是因为我[不说了]
跟银行股一样,"https://guba.eastmoney.com/news,601933,465230091.html",2016-07-22 14:12:03,"跟银行股一样
"
长的时候那么慢跌的时候这么快 醉了,"https://guba.eastmoney.com/news,601933,465208503.html",2016-07-22 14:06:02,长的时候那么慢跌的时候这么快 醉了
门店增多对京东商城非常好,"https://guba.eastmoney.com/news,601933,465202678.html",2016-07-22 14:04:09,门店增多对京东商城非常好
818京东永辉强强联手,"https://guba.eastmoney.com/news,601933,465200421.html",2016-07-22 14:03:28,818京东永辉强强联手
出货真狠![哭],"https://guba.eastmoney.com/news,601933,465178267.html",2016-07-22 13:56:35,出货真狠!
要突破5元,"https://guba.eastmoney.com/news,601933,465172147.html",2016-07-22 13:54:19,要突破5元
永辉超市京东商城全力打造 国家对进入,"https://guba.eastmoney.com/news,601933,465170247.html",2016-07-22 13:54:12,永辉超市京东商城全力打造 国家对进入
吓唬爷啊，就这业绩这价位想吓走多少散户,"https://guba.eastmoney.com/news,601933,464757187.html",2016-07-22 11:32:42,吓唬爷啊，就这业绩这价位想吓走多少散户
这些大户，这时候抛，妈的是平仓了吗？,"https://guba.eastmoney.com/news,601933,464716274.html",2016-07-22 11:22:29,这些大户，这时候抛，妈的是平仓了吗？
今天怎么走？,"https://guba.eastmoney.com/news,601933,464767574.html",2016-07-22 11:35:23,今天怎么走？
今天量能跟不上，很难有什么大的作为,"https://guba.eastmoney.com/news,601933,461137833.html",2016-07-21 11:58:42,今天量能跟不上，很难有什么大的作为
在向养老金抛橄榄枝,"https://guba.eastmoney.com/news,601933,464816944.html",2016-07-22 11:48:58,在向养老金抛橄榄枝
大户全吓走了,"https://guba.eastmoney.com/news,601933,464802510.html",2016-07-22 11:44:58,一个新闻，基金公司减持6000万股，就把大户全吓走了。
该调整了，还是先避一避，2850再来,"https://guba.eastmoney.com/news,601933,464634547.html",2016-07-22 11:01:49,该调整了，还是先避一避，2850再来
昨天出了。,"https://guba.eastmoney.com/news,601933,464585715.html",2016-07-22 10:49:52,昨天出了。
有种你跌停！！！,"https://guba.eastmoney.com/news,601933,464508853.html",2016-07-22 10:30:46,有种你跌停！！！
放量了,"https://guba.eastmoney.com/news,601933,464473407.html",2016-07-22 10:21:44,放量了
死股是啥子回事哦，都买了一个月了，还是那样，要么就来个痛快点，不要这样要死要活的,"https://guba.eastmoney.com/news,601933,464391800.html",2016-07-22 10:01:44,死股是啥子回事哦，都买了一个月了，还是那样，要么就来个痛快点，不要这样要死要活的[不赞][不赞][不赞][不赞]
乌烟瘴气！,"https://guba.eastmoney.com/news,601933,464384058.html",2016-07-22 09:59:42,乌烟瘴气！
今天的成绩，都学着点。,"https://guba.eastmoney.com/news,601933,461218983.html",2016-07-21 13:04:13,能鼓捣一分是一分。
，退出股市，永不再碰。,"https://guba.eastmoney.com/news,601933,461721514.html",2016-07-21 18:57:10,，退出股市，永不再碰。
再见永辉，再见股票！,"https://guba.eastmoney.com/news,601933,461435757.html",2016-07-21 15:16:53,"一入股市深似海，一年时间里赚了10%，然而付出也很大，这几天永辉已经连续上扬，我在这次上扬中斩获3个点。。
然而震荡的格局让我实在煎熬，浪费了大量的时间。看着数字，忽上忽下，完全没有鸟用。。并不能改变我们的生活。散户不是专业的，有时间盯盘，不如踏实的生活工作，今天出清，又在最低位出的。想来这些天都是白玩，以后也不准备玩了，毕竟还有正事要做。

留最后一条信息，请各位控制好仓位，战胜贪念。 也许明年我还会回来的。"
应该就这样了，明天再来看你,"https://guba.eastmoney.com/news,601933,461720571.html",2016-07-21 18:56:08,应该就这样了，明天再来看你
你们自己看红色柱的面积 就知道咋回事了,"https://guba.eastmoney.com/news,601933,461681514.html",2016-07-21 18:30:36,你们自己看红色柱的面积 就知道咋回事了
今日清仓，退出股市，永不再碰。,"https://guba.eastmoney.com/news,601933,461614970.html",2016-07-21 17:40:14,今日清仓，退出股市，永不再碰。
买入东旭光电，坐上急速火箭,"https://guba.eastmoney.com/news,601933,461581016.html",2016-07-21 17:13:14,买入东旭光电，坐上急速火箭
一凶相毕露，主力有可能紧急猛烈砸盘！,"https://guba.eastmoney.com/news,601933,460731708.html",2016-07-21 09:55:55,不妙，撤！
重要事情说3遍，买，买，买[胜利],"https://guba.eastmoney.com/news,601933,461242561.html",2016-07-21 13:19:47,重要事情说3遍，买，买，买
宁愿大宗交易也不在二级市场买，缺德玩意,"https://guba.eastmoney.com/news,601933,460756031.html",2016-07-21 10:02:56,宁愿大宗交易也不在二级市场买，缺德玩意
张总求求你别发利好了，一发利好就跌，要跌回4块了。,"https://guba.eastmoney.com/news,601933,461045749.html",2016-07-21 11:27:34,别发利好了，再发利好，要跌回4块了。
极度控盘，证监会也有管的理由，否则徐翔是无辜的！,"https://guba.eastmoney.com/news,601933,461073981.html",2016-07-21 11:36:32,极度控盘，证监会也有管的理由，否则徐翔是无辜的！
重要的事情说三遍，撤！撤！撤！,"https://guba.eastmoney.com/news,601933,460748287.html",2016-07-21 10:00:29,重要的事情说三遍，撤！撤！撤！
不明白，安稳拿着待着呗，折腾个啥意思啊。,"https://guba.eastmoney.com/news,601933,460748092.html",2016-07-21 10:00:28,不明白，安稳拿着待着呗，折腾个啥意思啊。
永辉迷情：今天还会涨吗？,"https://guba.eastmoney.com/news,601933,460629307.html",2016-07-21 09:25:30,值得思考。
大家都看好了 4。48一破 跌到4。43就抢,"https://guba.eastmoney.com/news,601933,457305200.html",2016-07-20 10:48:07,非公开定增利好 对公司盈利能力大大增加
准备全仓杀进80万 14亿股发行 获证监会批文 等4.43全仓买进,"https://guba.eastmoney.com/news,601933,457196974.html",2016-07-20 09:50:31,14亿股发行 获证监会批文 等4.43全仓买进
价倍增业绩京东,"https://guba.eastmoney.com/news,601933,460598611.html",2016-07-21 09:15:40,价倍增业绩京东
明天有没有买入机会,"https://guba.eastmoney.com/news,601933,459116027.html",2016-07-20 23:48:02,明天有没有买入机会
说句真心话。 此票现在买拿到2018年，必到12元。 如果大盘稳定向上走，股价到,"https://guba.eastmoney.com/news,601933,457681576.html",2016-07-20 14:48:58,"说句真心话。
此票现在买拿到2018年，必到12元。
如果大盘稳定向上走，股价到15都有可能。
因为永辉超市是老百姓的实实在在的超市，业绩百分百每年都会提高。
坚持拿住业绩每年大增每年不断突破的好股票。寻找了2天，终于发现永辉超市值得大家拥有。。京东2015年入住永辉超市证明了什么？2016，2017，2018才只是永辉超市的开始。坚信京东，坚信永辉超市。"
