标题,链接,发布时间,内容
关键在解放北路,"https://guba.eastmoney.com/news,603388,627108914.html",2017-04-11 09:42:32,
这尼玛没好行业就是硬球不起来，十个板都没有。和新劲钢同一天上市，看看人家最少得比,"https://guba.eastmoney.com/news,603388,627107215.html",2017-04-11 09:40:50,这尼玛没好行业就是硬球不起来，十个板都没有。和新劲钢同一天上市，看看人家最少得比这孙子多五个板。
今天还会涨停的。,"https://guba.eastmoney.com/news,603388,627106774.html",2017-04-11 09:39:38,今天还会涨停的。
一群说话不算话的逗B 以后你们再也中不了新股,"https://guba.eastmoney.com/news,603388,627104864.html",2017-04-11 09:37:40,一群说话不算话的逗B 以后你们再也中不了新股
不要慌，机构无筹码，捂股不卖，进场抢单,"https://guba.eastmoney.com/news,603388,627105363.html",2017-04-11 09:37:30,不要慌，机构无筹码，捂股不卖，进场抢单
庄家开始砸了，接起来,"https://guba.eastmoney.com/news,603388,627104037.html",2017-04-11 09:34:57,庄家已经在试探，兄弟们，顶起来
不要慌，坚持住，另有机构进场抢单扫货,"https://guba.eastmoney.com/news,603388,627102576.html",2017-04-11 09:32:20,不要慌，坚持住，另有机构进场抢单扫货
小散们 稳住 别给机构机会,"https://guba.eastmoney.com/news,603388,627100711.html",2017-04-11 09:29:55,小散们 稳住 别给机构机会
卖了会后悔坚持,"https://guba.eastmoney.com/news,603388,627100889.html",2017-04-11 09:29:37,卖了会后悔坚持
机构会进场抢单，大家坚持住,"https://guba.eastmoney.com/news,603388,627100115.html",2017-04-11 09:28:44,机构会进场抢单，大家坚持住
挂单 700手 全部买到……,"https://guba.eastmoney.com/news,603388,627099366.html",2017-04-11 09:27:05,挂单 700手 全部买到……
不用怕，机构手里没筹码,"https://guba.eastmoney.com/news,603388,627098444.html",2017-04-11 09:26:20,不用怕，机构手里没筹码
妈的，今天悟住不卖,"https://guba.eastmoney.com/news,603388,627098423.html",2017-04-11 09:26:04,妈的，今天悟住不卖
呵呵，来个低开高走！目标100！,"https://guba.eastmoney.com/news,603388,627097810.html",2017-04-11 09:25:28,呵呵，来个低开高走！目标100！
难道今天就开板了？,"https://guba.eastmoney.com/news,603388,627095036.html",2017-04-11 09:20:07,难道今天就开板了？
团结一致，坚定挂单护盘！！！,"https://guba.eastmoney.com/news,603388,627095384.html",2017-04-11 09:20:14,
我已挂跌停板买入,"https://guba.eastmoney.com/news,603388,627094432.html",2017-04-11 09:18:48,我已挂跌停板买入
挂好了,"https://guba.eastmoney.com/news,603388,627094736.html",2017-04-11 09:19:55,挂好了
不要卖啊！,"https://guba.eastmoney.com/news,603388,627095115.html",2017-04-11 09:18:51,不要卖啊！
坚持住啊同志们,"https://guba.eastmoney.com/news,603388,627094290.html",2017-04-11 09:17:09,坚持住啊同志们
我们的目标不高，我们也不贪，我们就要80——100的股价，既现实又安全。机构配合,"https://guba.eastmoney.com/news,603388,627072725.html",2017-04-11 08:00:23,我们的目标不高，我们也不贪，我们就要80——100的股价，既现实又安全。机构配合我们要这个价，不配合我们也要这个价，因为元成就是这个价。从上市的这几天来看，中签元成的散户数量少，毕竟总共才两万个中签号，庆幸的是中签元成的散户都是经验丰富的老股民，顾大局，有担当，耍小聪明的少，都敢于挂单护盘，为了大家的共同利益，承担责任，这是非常难能可贵的。大家的团结，就注定了元成股份的不平凡，在新股中一枝独秀，出出类拔萃，重要的是元成高管也对元成有信心，及时辟谣，不让影响元成的股价和股民的信心。为了我们的百元元成，挂单护盘，一股不卖，尽自己的最大努力，挂单护盘。百元不是梦。
众人拾柴火焰高，继续挂单护盘捂股,"https://guba.eastmoney.com/news,603388,627088214.html",2017-04-11 09:02:32,众人拾柴火焰高，继续挂单护盘捂股
珍惜筹码，元成股份不同于其他别的股！他是生态园林！,"https://guba.eastmoney.com/news,603388,627058348.html",2017-04-11 06:32:12,珍惜筹码，元成股份不同于其他别的股！他是生态园林！
大家再坚定护板一个星期，收入就超过6000元一天了，基本达到了大部分人一个月的工,"https://guba.eastmoney.com/news,603388,626299775.html",2017-04-09 02:18:49,大家再坚定护板一个星期，收入就超过6000元一天了，基本达到了大部分人一个月的工资。所以一天一个月工资不是梦！黎明前的决战！
最近空狗眼馋我们签友吃肉，又苦于没票在手，先是利用不良媒体发布看空理论，被公司以,"https://guba.eastmoney.com/news,603388,626663561.html",2017-04-10 11:40:29,"最近空狗眼馋我们签友吃肉，又苦于没票在手，先是利用不良媒体发布看空理论，被公司以项目增加的利好打趴下了。现在又是盘中倒货，增加成交量来吓唬不明散户，又是放出多只空狗在贴吧吠。但我们签友是团结的，是知道元成的价值所在的，不会卖一股给你们这些不良鸡狗。
园林环保股、旗下中国园林网门户网站、工程项目增加、雄安建设都是我们大元成的价值所在和发展动力。
短线目标80之上，中线目标120，长期复权价400之上。
现在国家和管理层提倡什么？基建、环保、价值投资、元成都符合条件。
再次提醒签友：有钱挂单、没钱捂股。绝不给空狗任何可乘之机。
"
VIP通道没有完全关闭！中签的朋友要挺住！坚决不卖！,"https://guba.eastmoney.com/news,603388,627073128.html",2017-04-11 08:00:31,华福证券南平分公司，就是一家专门利用VIP通道抢板的营业部！他们抢到货后，会在次个交易日倒手，造成频繁的抛单，让散户给风卖出，其实买到的依然是他们！朋友们千万不要上当！现在雄安概念如日中天，环保，生态园林全部疯狂上涨，我们手中的元成股份是正宗的园林股，盘子小，流通市值才10个亿！一定要坚定持有！
签友们，开始干活了，护好我们的板，加油，从今天起一天四千多收入，坚持挂买单，捂股,"https://guba.eastmoney.com/news,603388,627063461.html",2017-04-11 07:09:07,签友们，开始干活了，护好我们的板，加油，从今天起一天四千多收入，坚持挂买单，捂股不卖，让元成多撑几个板
周二（明天）元成的涨停（一字板）价是45.21元，大家努力！,"https://guba.eastmoney.com/news,603388,626858512.html",2017-04-10 17:45:12,周二（明天）元成的涨停（一字板）价是45.21元，大家努力！
关键的一天，无论谁家的股，请抱紧了，不要搬石头砸自己脚，还是那话， 有钱挂单，没,"https://guba.eastmoney.com/news,603388,627069012.html",2017-04-11 07:41:17,"关键的一天，无论谁家的股，请抱紧了，不要搬石头砸自己脚，还是那话，
有钱挂单，没钱捂股，赳赳元成，共同富裕"
我的挂单买入怎么一股都交易不了呀。,"https://guba.eastmoney.com/news,603388,626771851.html",2017-04-10 14:54:57,我的挂单买入怎么一股都交易不了呀。
大家都来挂涨停护板，今天是最关键的时候了，一定要团结，我们一起胜利。,"https://guba.eastmoney.com/news,603388,627024791.html",2017-04-11 01:14:51,大家都来挂涨停护板，今天是最关键的时候了，一定要团结，我们一起胜利。
郑重广告广大签友，现在已经到了最关键时刻。大家一定要坚守，更要挂单。一定要付出行,"https://guba.eastmoney.com/news,603388,626865595.html",2017-04-10 17:59:51,郑重广告广大签友，现在已经到了最关键时刻。大家一定要坚守，更要挂单。一定要付出行动。越往后收益越来越大。大家一定要扩大我们的战果。坚持多多挂单。众人拾柴火焰高
元22成56股17份03中9签聚合地.大家一起顶啊！,"https://guba.eastmoney.com/news,603388,620860616.html",2017-03-24 18:25:14,元22成56股17份03中9签聚合地.大家一起顶啊！
顶起来！中签散户必看，别让机构趁虚而入！,"https://guba.eastmoney.com/news,603388,626501145.html",2017-04-10 00:08:53,"揭秘:新股是如何被黑心庄家砸开板的我也中了一签，告诉你们新股是怎样开板的，一定要看！新股开板比较常见的有两种模式：一种是12个板之前不开，散户和庄家一起盈利到20个板左右；第二种是早早开板，散户基本不盈利，庄家盈利得大头！
举例说明砸开后庄家的大盈利：通用股份，庄家运作比较成功的一只股票，散户中一签基本上只有七八千的利润，庄家在第九板砸开板，当天成交9亿左右，从13块多接的散户的筹码，一直涨到31块，第一天接的散户的筹码盈利一倍多，盈利数额高达十几亿的利润，还不算后面加上的筹码的盈利！当然，还有名家汇等个股，不一一列举。
试问哪个庄家不想早早砸开板，后面的利润多么的可观，但是他们刚开始是没有能力的，如果我是庄家，我就做我力所能及的事情：
首先，用我的券商VIP席位，每天在买一挂单，当然也不一定是同一个机构，同时VIP挂单也有先有后，有概率问题，如果我的挂单没有排到第一位，竞价以后我就会撤单，资金要炒作别的股票，如果我的挂单排到了第一，我今天的目的就是要买到散户丢掉的筹码，散户不丢筹码，我今天的努力就白费了！
其次，怎么做才能得到散户的筹码呢？这里很关键：我要配合别的庄家在前半个小时撤单的时候，做尽可能大的成交，左手倒右手，使劲买卖，但是不会让我的买一的单子全部成交，留一部分等着散户卖出成交，有Level-2数据的可以每天关注一下这个细节，很有意思，收集到的筹码都是大利润。
最后，收集到筹码以后，我会分两种情况走。第一种情况，12个板之前每个板利润都很小，只要能折腾我每天都会同样方法倒手，倒腾开板后我们的Boss还会发奖金，因为倒腾开后面的利润太大了。如果真是倒腾不开，散户团结一致，知识丰富，不交筹码，那也没办法，绝不会把手中收集到的筹码再拱手让给别人，所以所有的开板都是恐慌造成的，不可能是我们砸掉手中的筹码给散户和其他庄家而开的。第二种情况，12个板以后的每两个板就有一倍的利润，再往后一个板就会有一倍利润，再砸开后往上拉利润空间也不会太大，散户接盘也会减少，其他庄家跟风的热度也很低，就像汇顶科技，如果12个板以后只要砸开，几个月甚至一年都不会上涨，那我就跟散户一起挂单封板，能多高就多高，暴风科技多个庄家一起封板造就奇迹。
为什么新股一上市就会有人卖股票，真的是缺钱吗？
朋友们一定很好奇，为什么新股一上市就会有人卖股票，真的是缺钱吗？呵呵，我来解释一下为什么？卖股票的人是谁？他们是机构，没错，他们手上也有少量申购的新股，而他们通过交易所席位VIP通道在买一价位填上几十万手买单，这样抛售出来的股票是谁能买进呢？是机构自己！换句话说也就是倒手，自己卖给自己。大家明白了吧？所以这些成交量，是机构做出来的。随着板数增加，主力还会不断用这个方法来撬开一字涨停板，但是！！！主力手里的筹码有限，只要中签散户不被机构这些手法骗了，机构是砸不开一字板的。中签的兄弟姐妹们，拿好自己的票，并且每天挂上买单，把票价顶上去，任凭外面血雨腥风，我们这里安心赚钱！
每天挂一手买单的真正意义剖析：我们要齐心协力，每天坚持挂一手买单，当做必须做的任务来执行，不要看挂单太多就不挂了，挂单的真正意义不是自己能不能买到，而是让庄家望而却步，不敢用少的可怜的筹码砸盘，因为大家都这么做了，一手一手的积累，新股的特点就是散户就是主力，90%流通筹码在散户手中，如果每人每天挂涨停板买入一手，散户就是滔滔江水，相比之下庄家筹码是一滴水，滴水无法左右江水的方向，就看我们在越来越高的价位能不能坚持的更久，即使时间一长庄家收集到部分不坚定散户的筹码，我们坚定散户人多力量大，把庄家的筹码收走，将继续巨量封板，而你只要天天挂买入既能天天数板，越团结板板越多，切记！成功案例不少，某只新股上市后，散户非常团结，每天过凌晨12点就挂单买入一手，单数多了，主力是不敢轻易撤单砸盘的。只有散户不护板没人挂单，主力看到除了自己的大单以外没有几个买单就敢大胆的撤单砸开涨停板。
中签股友注意了， 我们齐心协力每天挂2手
下面的话非常重要，事关大家的切身利益，请大家认真阅读下面的话并严格遵守，这样会使大家从这次来之不易的中签机会中获取更大利益。
一，先说方法：
所有中签的散户，从上市之日起，大家每天开市后挂2手也就是200股，收盘后系统会自动撤销，第二天早盘再挂，每天当成作业来做，每天坚持，直到开板那天，最重要的是坚持，越到后边越要挂，不要耍小聪明，把风险让给别人，其实最后害的是你自己。
二，下面再说原理：
已经有不少的帖子说明挂单封单的重要性了，我也不过多的赘述了，我要说的是，一只新股什么时候开板，与盘子大小有关，与市盈率有关，与流通股本有关，与概念有关，但这些都不重要，重要的是持股者手中的筹码坚不坚定？筹码越坚定，开板越靠后，大家的利益就越丰厚。
每只新股中签结果公布当天就有空狗来唱空，为什么有人每天都会说20开板的帖子，你会每天都关注哪些新股公布中签了，然后急不可耐的搜索这个成立不久的新股吧，然后孜孜不倦的泼凉水吗？这些人是有病吗？不是，这些都是机构养的狗，专业的空狗，每个新股吧都有他们的身影，目的就是为了动摇大家持有筹码的坚定性，尽早的拿走你们手中的筹码。
那么每天挂单封单有什么用呢？非常有用。封单量是一个一字涨停股能不能打开的最重要指标，也是市场信心的表现，机构会通过左手倒右手来刷交易量、撤销买单等方式来造成持有市场恐慌，有很多人都会看到封单量大量减少而提前卖出，最后引发雪崩式卖盘而开板，各位中签散户，一人每天买2手，就是多少的封单量！会极大地延续市场信心，把开板时间延后几天或者更多。
关于空贴、卖单、封单的解释
1、关于空贴：什么人在吧里唱空？中签散户不可能，他们唱多还来不及。其他散户不可能，闲的呀找挨骂。所以只有机构在唱空，他们买不到，急的在吧里乱叫扰乱人心，大家一定要不看空贴、不回空贴，让他们白叫。
2、关于卖单：80%都是机构在倒手，新股机构都是这么操作，大家千万平稳心态，静静的看机构表演，别上当。
3、关于封单：今天我重点说的是封单问题，股价超过100后，机构会频繁挂单又突然撤单吓唬散户，利用散户的恐惧砸开涨停。大家想想，有人在吧里唱空我们管不了，机构倒手卖单我们管不了，我们能管的只有封单，这是重中之重，许多中签散户还没意识到这一点，只要我们中签散户尽可能挂封单，机构就不敢突然撤单，他一撤单我们散户的挂单就排在他们的前面了，他们就不敢砸盘了，一砸他们辛苦收集的筹码就没了，所以说挂封单是最重要的，在吧里说其它的都是浮云，只要我们中签散户都尽量挂封单，任机构怎么唱空怎么倒手都白费，他们不敢砸、也砸不开。所以股价的高低掌握在中签散户的手里，大家要想多赚钱就挂封单，这是我们唯一掌握主动权能做的。我在这里倡议，即使把其他股卖了，挂封单也合适，大家团结起来。
再强调下：
新股的庄家不是机构，是我们中签的散户，持有9成的流通股。散户如果卖出筹码，通过机构的绿色快速通道也只有给机构吸到，散户不可能吸到。散户不卖，机构没有足够的筹码砸开一字板。
大盘的跳水对没开过一字板的新股没任何影响，只要散户捂住筹码。
每天的成交量（换手率）只是机构把分散的筹码集中起来，并以成交量制造有散户卖出的假象，以此引诱散户把筹码卖给他们。
在吧里成天叫大盘跌，快点卖，或者我已卖出的全是托。为的就是让新股民和一些不明真相的散户上当，并吸进散户卖出的筹码。
也就是说，一个散户被忽悠卖出，对其他中签和持有的散户来说就少一分收益。很多的散户被忽悠卖出，这股票离打开一字板就不远了。股吧里常常我们看不到中签的人互相鼓励，给不明白的人讲清事实，更别说团结起来打击机构托了。反而喜欢去回复托的贴，让他们置顶，给更多新股民看。是不想赚钱吗？要知道每被忽悠走一个，等于我们自己也少赚一份。
还有，让那些托发的帖子石沉大海，咱们一个字都不回复他们。为了中签的你我他，请大家合作。
团结一致创辉煌。中签散户必看，别让机构趁虚而入！总结一下：
1、散户能和机构斗争并且战胜机构的只有新股，因为90%的筹码在散户手中；
2、散户的特点是分散，机构的特点是集中，但是共同的利益能够使散户团结起来；
3、只要每位散户每天坚持开巿前至少挂单涨停价100股，并且坚持开板前不卖自己的筹码，机构就无法砸开涨停板，而且机构也不敢去砸涨停板，因为会导致机构手中的筹码落入散户手中，彻底失败；
4、机构会通过大量的下单、倒手、撤单来制造恐慌情绪，并且会在股吧中散布各种看空、分析、理性、价值等等各种恐吓诱导散户卖股的帖子，只要散户不为所动，不去理睬、斥责空帖，让它自然沉下去，机构就会一筹莫展；
5、为了广大散户的既得利益不致蒙受更大损失，我们呼吁每位散户至少只挂单100股，这样即使打开涨停板，我们还有1000股可以自由支配，无伤大雅，当然，您愿意也可以多挂；
6、一旦挂单就不要撤单直到收市，因为您一旦撤单就可能给机构乘虚而入，不要以为还有多少单封着安全极了，因为那极有可能是机构的单。机构有可能之前挂许多单，让散户觉得封单已经安全了而撤掉自己的单，机构会突然把自己封单撤掉，再用自己的筹码一砸，涨停可以瞬间被打开；
7、如果确实股价到了某个位置后有个别散户由于各种原因想要卖出的，恳请不要在开市或中途卖出，希望能在收市前卖出。一是尽量不被机构利用，二是让筹码尽可能回到散户手中；
8、每天至少挂单一手，不撤单，不在打开涨停板前卖股！每天至少到贴吧发十条以上看多的信息，让更多的散户明白道理，团结如一人，共同维护我们的收益！
多顶以前正能量的贴。空狗贴不去评论。自然它就下去了。
散户必须知道的事情：每一位中签散户都有责任和义务去挂单，一手对于你我并不算多，可就这一手如果我们每位都做到的话，就有几万手封单量来护板。这么大的量没有任何机构能够砸开，那我们每天就可以数毛爷爷了，一天一万多，这么大的收益，难道不应该去挂单一手吗？所有中签散户都应该行动起来，不要在那角落里等其他人挂单，我为人人，人人为我！行动吧，亲爱的战友们，我们一起去创造奇迹！
所有中签散户都要有以下高度统一的思想和行动：一手不值得挂吗？至少一手。千万不要麻木放松，千万不要有让别人冲吧，自己聪明躲起看热闹的心态，挂单的战友不傻，傻子会玩股票吗？每个人都有自己的想法，挂单的战友就没有吗？他们为了咱们共同的利益，走在前面，难倒是为了让那些自以为聪明的人看笑话，其实他们才是真正的英雄，为了目标愿意付诸行动，可以担风险，捡拾别人的果敢，并且自以为是的人可耻。
我旁观了新股的开板过程，都是在集合竞价时主力不挂买单了，并且突然袭击，用手里不多的筹码砸板。大家注意：最最要命的是主力突然不挂封单后，露出水面的护板封单居然只有几千手？？？大量散户一看封单这么少，马上加入了卖出队伍。可悲啊！实际上单凭主力自己的筹码，就这几千手封单也打不穿，可就这样让恐慌的中签散户自己把自己本来稳稳的一字板给冲垮了。
最近创业板新股开板的案例就是给我们敲的警钟，在此正告所有中签散户：如果你希望自己的盈利最大化。
一是必须尽力多挂封单，否则你不挂他不挂，都寄希望于他人，最终还是损害自己的利益。只有我们中签散户9:15前挂的封单足够多，才能稳定军心，别耍小聪明，开盘后挂的毛用也没有，初步估计需要超过1万手，才能避免散户看到封单只有几千手，从而产生恐慌心理和踩踏惨剧的发生。希望大家把挂单这个事重视起来，当成吃饭一样每天完成，不要想着总有别人去挂，人人都那么想最终损失的是所有人的钱。重要的是坚持，尤其是最后几天，有些人看到股价越走越高就担心风险了，会耍小聪明，心想让别人去挂吧，所有人都耍小聪明，那么就会有大损失，只有团结起来一致行动，才能让我们的盈利最大化。
二是一定要牢记，绝对不要在集合竞价时挂卖单。
某一天9:15开始集合竞价时，你必然会看到封单只有前一天的20％，甚至于10％。但要知道，此时是最最关键的时刻，即使封单只有1万手，单凭主力的筹码也打不穿，千万不要成为主力掠夺自己的帮凶，只要你坚守15分钟，你就会发现集合竞价时挂出的大量卖单会撤掉。你要问为什么？如果主力不撤卖单，而散户没有发生踩踏，那主力所有的筹码就会被没收干净，你说主力发现散户没有发生踩踏时会怎么办？只有撤掉制造恐慌的卖单，不让这些卖单撮合成交。
记住：绝对不要在集合竞价时挂卖单。只要你坚守15分钟，实在需要用钱，也请您在下午快收盘时卖。”
中签者要明白这道理：1、从封单盈亏面来分析，人封一手，赚多亏少，赚大亏小；2、从封单效率分析，人封一手，以小博大，四两拨千斤；3、从封单团队意识来分析，人封一手，你为人人，人人为你。同意的赞起！
不要被假象蒙蔽：
1、机构有专用通道所以任凭你半夜挂单他们也会排在前几位；
2、机构互相都有默契，每天排在第一位大买单的机构，不断的以5手5手的小单卖出，造成有散户卖出的假象，同时自己的买单会全数买回来，同时骗到意志不坚定人的筹码；
3、随着板数增加，机构每天挂出的小卖单越频繁；
4、能够中签的散户之前都有股票才能申购，也就是多少都操作过有一些股票知识，都会知道新股至少有几个十几个涨停，一般在开板之前都不会卖的；
5、返过头来看看，从上市第一天就开始有的小卖单实际绝大多数都是机构表演的把戏。
新股开板的原因：股价已处于相对高位（开板的辅助条件，影响持股心态。但其实股价完全可能更高甚至更更高，属开板极次要的因素），主力机构通过忽悠已经累计取得一定筹码，一次砸出能够引起恐慌（开板必要条件之一）,主力撤封单后，散户封单量小（即散户团结不够，开板必要条件之二），散户助纣为虐：不提前封单，甚至始终不封单；关键时刻撤单导致封单继续减少；不但撤封单，还在开板前主动卖筹码（开板必要条件之三），而第二三个原因正是新股开板最根本最重要的因素，原因二只是诱因。
综上：正是因为我们中签队伍中，有一部分“聪明人”，在庄家集合竞价阶段不再挂大单的情况下或是庄家主动撤走所有大买单的关键时刻：一是不提前挂单，进行观望（不光是在关键时候，平时也是这样！！！）；二是虽挂单但又撤单；三是更为甚者，还没开板的情况下，提前“叛变”主动卖出中签筹码，帮助机构恐吓中签户，造成踩踏事故，帮助机构主动打开涨停板。
所以：挂单后，不管什么情况，即便你认为要开板、或是即将开板，不撤单，即便被成交！这是承诺，是人品问题！也是考验中签团队是否团结的验金石！在机构撤单，作势加大对倒的重要时刻，如果中签户都有“虽千万人，吾往矣“的勇气”，封单护板不为所动，结果就会是：机构放弃当天开板的念头！！！
展开阅读全文"
今天元成主力的表现正如本人8号发的帖子一样,"https://guba.eastmoney.com/news,603388,626614766.html",2017-04-10 10:31:07,加大了对到力度，空帖子也增多，制造恐慌情绪，散户不要上当！！！坚定持股挂单！不要与钱结仇！！！
今天元成又是一字板涨停，这一个个鲜亮的一字板是回敬托狗脸上一记记响亮的耳光，也是,"https://guba.eastmoney.com/news,603388,626983876.html",2017-04-10 22:33:06,今天元成又是一字板涨停，这一个个鲜亮的一字板是回敬托狗脸上一记记响亮的耳光，也是回敬机狗头上一记记结实的重拳，签友睿智！元成给力！
己挂单，谁卖谁傻，一天等于一个月工资，大家众志成城，一致对外，坚持挂单，捂股不卖,"https://guba.eastmoney.com/news,603388,627008791.html",2017-04-10 23:48:56,己挂单，谁卖谁傻，一天等于一个月工资，大家众志成城，一致对外，坚持挂单，捂股不卖，坚持，加油
周一破板，小心了,"https://guba.eastmoney.com/news,603388,626183258.html",2017-04-08 15:28:55,周一破板，小心了
坚持挂单，众人拾柴火焰高,"https://guba.eastmoney.com/news,603388,626569572.html",2017-04-10 09:27:16,坚持挂单，众人拾柴火焰高
力盛赛车因为连续一字板未开板明天起停牌自查，战友们努力，元成第一波停牌自查近在眼,"https://guba.eastmoney.com/news,603388,627011942.html",2017-04-11 00:00:26,力盛赛车因为连续一字板未开板明天起停牌自查，战友们努力，元成第一波停牌自查近在眼前！如若继续一字板必会引起ZJH强制性停牌自查。期间正好给战友们时间筹集资金继续封板下一波一字板，让吃不到葡萄的说葡萄酸去吧！
安心的睡吧，这礼拜是不会开板的了,"https://guba.eastmoney.com/news,603388,627003925.html",2017-04-10 23:32:08,安心的睡吧，这礼拜是不会开板的了
恒基达鑫（002492）高送增小市值的低价股，值得投资,"https://guba.eastmoney.com/news,603388,626357235.html",2017-04-09 10:56:22,恒基达鑫（002492）高送增小市值的低价股，值得投资
元成与中持将为目前新股的龙头，无惧调整！,"https://guba.eastmoney.com/news,603388,626992278.html",2017-04-10 22:56:36,前面虽然次新股调整，主要是新热点出现和政策性打压，但可持续性和可操作性钧无发与次新股比，我说过了，这次行情的支撑是新股，如果熄火了，也就全部结束，其他热点取代不了他，本周次新股票将停爹转强，资金已经回流，管理层并不希望新股发行出问题，爹停潮简直是开自己的玩笑！什么狗屁价值投资，只是政策忽悠，目前热点股票几个张停，与新股无可比拟，次新股里还真有金子，元成和中持都是，开扳也不卖！我只和东方园林比就是！
警告主力！,"https://guba.eastmoney.com/news,603388,626779217.html",2017-04-10 15:03:50,你们的手法在元成里是不顶用的！你们会捣乱失败！再捣乱再失败直至灭亡！因为我们的眼睛雪亮看清了你们丑陋的嘴脸，不会上当的！今天跑了的散户我为你们惋惜！因为明天还是板！没有后悔药！
坚定持股，勇于挂单，心态平和，必上百元！,"https://guba.eastmoney.com/news,603388,626592179.html",2017-04-10 10:00:58,"主力无筹,又奈我和，早跑痛苦，晚跑有福，此乃天赐，捂好握住，元成股民，齐心斗主，共创奇迹，股价要上一百五！！！"
今天顶了5手元城，计划明天顶10手，兄弟们，为了我们大家共同的利益，我计划和机构,"https://guba.eastmoney.com/news,603388,626668711.html",2017-04-10 11:52:46,今天顶了5手元城，计划明天顶10手，兄弟们，为了我们大家共同的利益，我计划和机构对抗6天，你们有钱的顶上2手，没钱的给个点赞，谢谢
明天低开跌停板。,"https://guba.eastmoney.com/news,603388,626971979.html",2017-04-10 22:04:15,明天低开跌停板。
自己卖 自己买 使劲倒腾！就是不卖！散户齐心协力，拿好自己的筹码，坚持下去才能赚,"https://guba.eastmoney.com/news,603388,626945513.html",2017-04-10 21:04:15,自己卖 自己买 使劲倒腾！就是不卖！散户齐心协力，拿好自己的筹码，坚持下去才能赚到钱！一天等于一个月的工资了，坚持不卖，让机构无懈可击！
明日必跌停,"https://guba.eastmoney.com/news,603388,626711491.html",2017-04-10 13:33:53,明日必跌停
看见没 主力骗取散户筹码 然后自己拉 散户一定要齐心协力 元成至少80  散户团,"https://guba.eastmoney.com/news,603388,626958302.html",2017-04-10 21:34:14,看见没 主力骗取散户筹码 然后自己拉 散户一定要齐心协力 元成至少80 散户团结一致
明日多狗想出洞，结果闷杀。,"https://guba.eastmoney.com/news,603388,626721320.html",2017-04-10 13:47:51,明日多狗想出洞，结果闷杀。
第十一个一字50后应该出500股,"https://guba.eastmoney.com/news,603388,626938509.html",2017-04-10 20:48:20,然后看，再次一字就再卖500股。如果50后下跌可以40附近买回500股。
有没有看好到每天一万多的小伙伴们[俏皮][俏皮][俏皮]好期待,"https://guba.eastmoney.com/news,603388,626900957.html",2017-04-10 19:25:21,有没有看好到每天一万多的小伙伴们好期待
，下面挂8手单有什么意思!,"https://guba.eastmoney.com/news,603388,626941347.html",2017-04-10 20:55:07,，下面挂8手单有什么意思!
捂股不卖，打出这8个字,"https://guba.eastmoney.com/news,603388,626941265.html",2017-04-10 20:54:57,捂股不卖，打出这8个字
坚持不卖，有种跌停,"https://guba.eastmoney.com/news,603388,626941150.html",2017-04-10 20:54:53,坚持不卖，有种跌停
散户朋友都注意重要通知,"https://guba.eastmoney.com/news,603388,626897385.html",2017-04-10 19:16:57,大家一定要认真看看看《顶起来！中签散户必看，别让机构趁虚而入！》这个贴字，18点41我在此帖的跟帖被人恶意删除了！大家看了心里就有底了！知道怎么做了！把这个贴一直顶在第一拜托了我跟不出去贴了
次新股没底哦,"https://guba.eastmoney.com/news,603388,626941094.html",2017-04-10 20:53:29,次新股没底哦
发帖被删，不公平！郑重呼吁各位签友，务必挂单，哪怕一人100股。众人拾柴火焰高。,"https://guba.eastmoney.com/news,603388,626902787.html",2017-04-10 19:30:36,发帖被删，不公平！郑重呼吁各位签友，务必挂单，哪怕一人100股。众人拾柴火焰高。挂单挂单挂单
郑重呼吁各位签友，务必挂单，哪怕一人100股。众人拾柴火焰高。挂单。挂单。挂单。,"https://guba.eastmoney.com/news,603388,626901369.html",2017-04-10 19:27:02,郑重呼吁各位签友，务必挂单，哪怕一人100股。众人拾柴火焰高。挂单。挂单。挂单。
这是一场散户与机构的战争 大家心齐 创个奇迹吧[鼓掌],"https://guba.eastmoney.com/news,603388,626632173.html",2017-04-10 10:54:50,这是一场散户与机构的战争 大家心齐 创个奇迹吧
鱼和熊掌都要! 低风险抓开板技巧在这里!,"https://guba.eastmoney.com/news,603388,626861408.html",2017-04-10 17:50:36,"很多的散户投资者都会有一种幻想，如果我抓住连续涨停板的股票，那该有多好！可是实际上呢？连续涨停板的股票可没那么好抓，如果你不是运气好的话，一般情况下是遇不到的，换句话说，就算你是运气好，你看到封了一字板，你真的能拿得住么？

其实很多人已经不去想连续一字板了，但是呢，这些股票开板以后，总是有这样那样的利好消息出来，你说能不心痒痒么？看到这些利好，你的心里是怎么想的？当然是要想办法抓住啦！可是一字板的股票很多都很高，开板就去抓？风险很大，让你做，你肯定是不会去做的。
抓住这类股票，其实有他的方法，但是做起来依然还是很悬的，比较大机会都是要冒大风险的，你不可能一点风险不冒，就想要赚钱对吧？
那么现在问题来了，既然风险大，我们有什么办法把风险降低呢？最简单的办法，你觉得风险大，那么就尽量的减小风险，你觉得价格高，那么就尽量的降低价格，最简单的方法，开板以后，不需要太着急，等一等，等到它调整的时候你再去做，是不是安全一点？
这里教你一个非常简单的小技巧，那就是利用均线作为支撑，来降低风险，具体的方法，下面两张图你可以看看：

其实这个方法很简单，就是依托EMA五日线，对一字板的股票做回调操作。在第一次开板的时候，不追，等它回调，调到了五日线下方，尝试介入，这个方法也是现在抓一字板第二波用的比较多的方法。

这个方法很好用，但是呢，不是说你用了这个方法风险就很小了，这类方法的风险就放在那里，不会变化很大的，变化的主要是机会的深度。
要用这个方法，下面这几点一定要注意：
1、前期涨停板不能太多。如果前面已经十个一字板了，那建议你洗洗睡吧。。
2、成交量不能异常放大。如果开板后，成交量异常放大，基本上说明行情已经到头了，你还想要做，难。
3、尽量不要去抓大权重。大权重一字板很少见，就算出现了，一两个也就差不多了，千万不要一时冲动，去抓大权重充数。"
有钱的多挂几手，没钱的少挂，挂了就不要撤，坚持加油努力，尽量让元成多撑几个板,"https://guba.eastmoney.com/news,603388,626539407.html",2017-04-10 06:52:33,有钱的多挂几手，没钱的少挂，挂了就不要撤，坚持加油努力，尽量让元成多撑几个板
元成股份的庄托狗删我的帖太多，本来不想再发言，但是良知告诉我不能就此屈服和放弃。,"https://guba.eastmoney.com/news,603388,626856380.html",2017-04-10 17:39:21,元成股份的庄托狗删我的帖太多，本来不想再发言，但是良知告诉我不能就此屈服和放弃。仅从心理面分析元成股份，欢迎各位战友自由评论。元成中签率相对其他新股偏低，所以筹码相对来说更加珍贵。如今吧里唱空的越来越多，为什么？因为葡萄最近吃多了，再就是良心被狗吃了。希望大家团结一致，坚决护板，护城河越宽，大家的收获会越大。
元成真行！元成真棒！中签元成是我们的幸运，拥有元成是我们的幸福！广大签友坚持挂单,"https://guba.eastmoney.com/news,603388,626698310.html",2017-04-10 13:14:08,元成真行！元成真棒！中签元成是我们的幸运，拥有元成是我们的幸福！广大签友坚持挂单，坚定护盘，元成股价必定一飞冲天，势不可挡！气死庄狗，急死机构！签友必胜，机狗必败！签友，让我们一起加油！！！
元成的股民好样的，经验丰富的股民居多，人心齐，泰山移，挂单护盘，一股不卖，不扯单,"https://guba.eastmoney.com/news,603388,626579439.html",2017-04-10 09:43:49,元成的股民好样的，经验丰富的股民居多，人心齐，泰山移，挂单护盘，一股不卖，不扯单，任你如何倒腾，我自巍然不动，你奈我何，就要100元的元成。
坚定挂单护盘,"https://guba.eastmoney.com/news,603388,626469408.html",2017-04-09 21:05:01,坚定挂单护盘
元成也有可能进入河北雄安新区的园林建设!已签约河北泊头人民公园项目。,"https://guba.eastmoney.com/news,603388,626838924.html",2017-04-10 17:03:20,"近年来，公司通过不断努力，在巩固浙江省内业务的基础上，相继在江苏、安徽、湖北、河北、山东、新疆等地承接了一定数量的大中型园林工程项目，如公司与河北泊头市住房和城乡建设局签署“泊头人民公园项目施工工程”,也有可能进入河北雄安新区的园林建设！"
元成股份签署河北省泊头市人民公园项目，也有可能参与雄安新区的园林建设！,"https://guba.eastmoney.com/news,603388,626831796.html",2017-04-10 16:47:54,近年来，公司在巩固浙江省内业务的基础上，相继在江苏、安徽、湖北、河北、山东、新疆等地承接了一定数量的大中型园林工程项目，如公司与河北省泊头市住房和城乡建设局签署“泊头人民公园项目施工工程”合同，因而也有可能进入雄安新区的园林建设。
元成就开板也不舍得卖！因为元成带来了运气！板板板.......,"https://guba.eastmoney.com/news,603388,626820011.html",2017-04-10 16:22:27,元成就开板也不舍得卖！因为元成带来了运气！板板板.......
好好珍惜来之不易的筹码吧！,"https://guba.eastmoney.com/news,603388,625987108.html",2017-04-07 22:13:01,大家元成中签率万分之二 自己想想要是不把握这次挣钱的机会，或许下一次中签要等多少年下去了，，，，奉劝中签的投资者
坚定持股 坚定护盘 两万签友必胜，无良机构必败！,"https://guba.eastmoney.com/news,603388,626280956.html",2017-04-08 23:34:47,坚定持股 坚定护盘 两万签友必胜，无良机构必败！
元成股份不输603903中持股份！,"https://guba.eastmoney.com/news,603388,626607678.html",2017-04-10 10:20:38,正宗浙江杭州股！全产业链运营！2500万流通盘！万分之二的中签率！元成就是金元宝！40元就有不怀好意的有些人在着急了！就是流通股本5000万都不止40元呢！大家紧紧抱住金元宝！多多配合挂单就好了！主力机构对倒其实是进行筹码集中的过程！我们中签的一股不卖而且配合挂单机构只能抬高股价收集筹码！大家与庄共舞抱紧筹码！
机构手中无筹码，连续几天通过不断减少封单吓我们，今天更是。我们一定要团结，坚持，,"https://guba.eastmoney.com/news,603388,625009242.html",2017-04-05 22:14:51,机构手中无筹码，连续几天通过不断减少封单吓我们，今天更是。我们一定要团结，坚持，每天挂一二手买单，他敢砸我们就敢买。
我挂了2000股，希望能买到,"https://guba.eastmoney.com/news,603388,626568386.html",2017-04-10 09:24:41,我挂了2000股，希望能买到
外盘0，全是内盘倒货。,"https://guba.eastmoney.com/news,603388,626606522.html",2017-04-10 10:19:18,每天这样倒货，不知道有什么意思。没有散户会把到手的钱送给不良机构的
40多亿市值可以破板了,"https://guba.eastmoney.com/news,603388,626596276.html",2017-04-10 10:05:36,40多亿市值可以破板了
第二个中持股份,"https://guba.eastmoney.com/news,603388,626581583.html",2017-04-10 09:47:02,第二个中持股份
开版还早这呢，大家继续唔股挂单,"https://guba.eastmoney.com/news,603388,626581354.html",2017-04-10 09:46:30,开版还早这呢，大家继续唔股挂单
大家淡定点，还不会开板的,"https://guba.eastmoney.com/news,603388,626577094.html",2017-04-10 09:40:06,
没资金了，挂一手护盘。,"https://guba.eastmoney.com/news,603388,626560737.html",2017-04-10 09:00:53,没资金了，挂一手护盘。
碳源科技3毛业绩 已拉13个板了！,"https://guba.eastmoney.com/news,603388,626560887.html",2017-04-10 09:01:22,元成5毛业绩 向20板冲刺！
朋友们都开始干活了，挂买单护板了，元成加油,"https://guba.eastmoney.com/news,603388,626539080.html",2017-04-10 06:47:32,朋友们都开始干活了，挂买单护板了，元成加油
已挂7手 尽绵薄之力,"https://guba.eastmoney.com/news,603388,626511835.html",2017-04-10 01:38:35,已挂7手 尽绵薄之力
周一不可能开板，大家放心，应该在60元以上开[大笑][大笑],"https://guba.eastmoney.com/news,603388,626201760.html",2017-04-08 16:45:04,周一不可能开板，大家放心，应该在60元以上开
我们跟随这两位股权投资人持股三年，保证大有收获。,"https://guba.eastmoney.com/news,603388,626221996.html",2017-04-08 18:21:11,"（三）经公司核查并由公司董事会向公司股东杨富金、陈芝浓书面征询确认，杨富金、陈芝浓均长期从事股权投资业务，长期关注拟上市企业的投资机会，在获取公司有上市规划后，二人各自分别与公司洽谈增投资事宜，且未就该事项达成共同安排。二人均以自有资金投资，且所持公司股份不存在委托代持的情况

以上信息摘自今天的《澄清公告》。从这些内容可以看出：杨富金，陈芝浓两位股权投资人长期看好元成股份。知道元成有上市规划后，各自主动地 找元成公司洽谈增投资事宜。并以自有资金投资。
这样看来，元成以后的增长潜力是不可估量的。因为他们的眼光都很长远。我们跟随这两位股权投资人持股三年，保证大有收获。
总之，元成开板100元以上，开板后也有很大涨幅。高送转复权后可达300元左右，三年后近千元，这些都不是梦。"
每天封单没明显减少，筹码锁定良好,"https://guba.eastmoney.com/news,603388,626276105.html",2017-04-08 23:06:23,向100元冲刺！
圆满成功3388,"https://guba.eastmoney.com/news,603388,626150477.html",2017-04-08 13:00:23,"客观的分析下：不喜勿喷
元成的中签率才0.02%，意味着一万人中才2人中签，谓之幸运
基本面上，现在园林工程是朝阳行业，国家提倡绿色环保生态，而且元成下面还有家传媒公司——中国园林网，园林行业的官方网，元成能提前做好这些，说明BOSS有远见，早有布局，未来说元成是园林行业的龙头，一点不为过，况且BOSS还是北嘉投资的掌门人，后面就不说了。。。。。。
上市至今，方才9个板，如此优质低价股，放在现在这么好的行情中，毫不夸张的讲，少于15个板都是造孽，虽说昨天的成交量略有放大，但不过是机构之间对倒的把戏，无须惊疑，16年上的新股，很多开板后都还有不错的涨幅，所以各位幸运儿，蛋定，蛋定，再蛋定，切莫在哪天开板后，相互贱踏，中一签12000，且说就算哪天跌到0了，少了这点钱，相信生活照样过，但如果坚定持有龙头元成股份3-5年呢？会翻多少倍？远的不说，看看周五除权的603636南威软件，14年12上市到现在，多少倍？？！！！！！
周五元成出了所谓的利空，今天官方予以澄清，说明消息来源有问题，有人在唱空，这是为什么呢？？
希望中签幸运儿
从自己做起，坚定持股，挂单护板！！
坚定看多，持股不卖，挂单护板，散户有责"
元成股份的朋友们，请好好看看603903中持股份！,"https://guba.eastmoney.com/news,603388,626347554.html",2017-04-09 09:43:35,中持股份在第13个一字板被砸开，后面接着是3个连续缩量一字板！中持股份也是环保题材股票，如果你不想成为下一个像中持一样的中签散户，就坚定持有元成股份！为了我们大家的共同利益，一起护板！不要被盘中的抛盘所迷惑!那是主力故意做出来的，就是为了让你交出手中的筹码...
自从最近追了新股，差点跳楼的决心都有了……开板追新，死得悲剧……,"https://guba.eastmoney.com/news,603388,626445038.html",2017-04-09 18:47:52,自从最近追了新股，差点跳楼的决心都有了……开板追新，死得悲剧……
一会唱空一会唱多，闹的是哪样？有种来点真金白银啊！天天封单那么少，说多是尿！[大,"https://guba.eastmoney.com/news,603388,626351177.html",2017-04-09 10:11:03,一会唱空一会唱多，闹的是哪样？有种来点真金白银啊！天天封单那么少，说多是尿！[大便]
元成每天封单极少，却打不开,"https://guba.eastmoney.com/news,603388,626411044.html",2017-04-09 16:01:11,元成每天封单极少，却打不开
元成股份加油再封2个板的话，机构就会帮助我们一起再封2个板，这样至少可以坚持到下周五,"https://guba.eastmoney.com/news,603388,626355567.html",2017-04-09 10:44:52,元成股份再封2个板的话，机构就会帮助我们一起再封2个板，这样第五个板才开，就可以到60.17左右才能开板，加油再封4个板！！！
周一庄也会有所表现，但是他能力有限！号召每人挂一手涨停板急死庄！,"https://guba.eastmoney.com/news,603388,626198142.html",2017-04-08 16:30:41,只要我们挂了主力不会给我们的！因为他们知道此股的价值！谁买到谁挣钱！！！
两次关于元成股份的发帖都被秒删，在此强烈进行谴责！周一大家坚定护板，淡定持股！散,"https://guba.eastmoney.com/news,603388,626297305.html",2017-04-09 01:56:02,两次关于元成股份的发帖都被秒删，在此强烈进行谴责！周一大家坚定护板，淡定持股！散户永远是弱势群体，为了自己的利益，大家要一致对外。
捂股挂单，一字板！,"https://guba.eastmoney.com/news,603388,626282353.html",2017-04-08 23:43:47,捂股挂单，一字板！
周一挂单，目标破百！,"https://guba.eastmoney.com/news,603388,626281862.html",2017-04-08 23:39:49,周一挂单，目标破百！
这个票网上配售百分之九十，所以筹码大部分在散户手中，只要大家捂住筹码在挂上几手，,"https://guba.eastmoney.com/news,603388,626249102.html",2017-04-08 20:49:59,这个票网上配售百分之九十，所以筹码大部分在散户手中，只要大家捂住筹码在挂上几手，很难砸开的，大家齐心合力可以多挣一些
奉劝中签的投资者 好好珍惜来之不易的筹码吧！！,"https://guba.eastmoney.com/news,603388,625907472.html",2017-04-07 18:23:59,目前需要做的：有钱的挂单，没钱的捂股！
人心齐，百元不是问题！,"https://guba.eastmoney.com/news,603388,626249211.html",2017-04-08 20:51:36,人心齐，百元不是问题！
各位签友，大家如有资金，可以积极挂单，挂的越早越好，中途不要撤单，直到收市。如果,"https://guba.eastmoney.com/news,603388,625941439.html",2017-04-07 19:59:14,各位签友，大家如有资金，可以积极挂单，挂的越早越好，中途不要撤单，直到收市。如果机构挂单没有排在前面，他就不能把多个账户的筹码集中到一块，每天的交易量也增加不了，那砸盘时间就会推迟。另外，分散筹码砸盘效果也不会太好。
机构和小托迫不及待、千方百计、没完没了、不知羞耻的折腾和忽悠，说明它们对筹码的垂,"https://guba.eastmoney.com/news,603388,626195047.html",2017-04-08 16:18:59,机构和小托迫不及待、千方百计、没完没了、不知羞耻的折腾和忽悠，说明它们对筹码的垂涎，对元成的觊觎，我们签友对自己所持股份要严防死守，确保收益最大化！
地方,"https://guba.eastmoney.com/news,603388,626215125.html",2017-04-08 17:46:04,道非道
此股封不住了，让我把他干开，里面的就别走吧，别太贪。到50，还到380呢？你得有,"https://guba.eastmoney.com/news,603388,625610709.html",2017-04-07 08:53:47,此股封不住了，让我把他干开，里面的就别走吧，别太贪。到50，还到380呢？你得有那茅台命啊！赶紧让座
机构迫不及待、千方百计的折腾和忽悠，正说明元成是股中好股，捂股挂单的想法更加坚定,"https://guba.eastmoney.com/news,603388,626171532.html",2017-04-08 14:41:10,机构迫不及待、千方百计的折腾和忽悠，正说明元成是股中好股，捂股挂单的想法更加坚定的不要不要的！
元成股东们 喜上加喜了！,"https://guba.eastmoney.com/news,603388,626156650.html",2017-04-08 13:31:22,元成股东，昨日起开始增加1000股打新份额了！股价越高，增加的份额就越多
看来这新股不一般，必上80元！,"https://guba.eastmoney.com/news,603388,626144349.html",2017-04-08 12:25:30,看来这新股不一般，必上80元！
元成17年一季度业绩比去年有大幅增长，全年会更好，百元元成不是梦！,"https://guba.eastmoney.com/news,603388,626116500.html",2017-04-08 10:15:10,元成17年一季度业绩比去年有大幅增长，全年会更好，百元元成不是梦！
元成股份存货狂飙埋雷 海通证券保荐疑存灰色利益链,"https://guba.eastmoney.com/news,603388,625625910.html",2017-04-07 09:35:33,"来源：中国经济网
　　2017年3月24日，浙江元成园林集团股份有限公司(以下称“元成股份”，股票代码603388)在上交所挂牌上市。元成股份本次发行数量为2,500万股，保荐机构为海通证券。元成股份上市募集资金总额为人民币30,250.00万元，扣除发行费用后，募集资金净额为26,715.00万元，分别用于“金湖苗木基地建设项目”、“菏泽苗木基地建设项目”、“补充工程流动资金项目”。


　　元成股份于2014年10月11日首次发布招股说明书，2016年12月30日首发申请获通过。2017年3月14日，元成股份启动申购，发行价格为12.10元/股。回拨机制启动前，网下初始发行数量为1,500万股，占本次发行数量的60%；网上初始发行数量为1,000万股，占本次发行数量的40%；回拨机制启动后，网下最终发行数量为250万股，占本次发行数量的10%；网上最终发行数量为 2,250万股，占本次发行数量的90%，网上发行最终中签率为0.02492855%，63,297股遭弃购。股价走势来看，元成股份3月24日上市以来连续八个交易日涨停，截止4月6日收盘，收报33.96元。


　　2013年至2016年，元成股份实现营业收入分别为40,618.45万元、52,064.34万元、44,352.51万元和54,550.66万元；分别实现归属于母公司股东净利润4,881.21万元、5,263.41万元、4,885.75万元和5,303.76万元。


　　元成股份预计2017年1-3月营业收入区间为5,985.00万元至6,615.00万元，上年同期数(未经审计)为3,138.44万元，变动幅度为90.70%至110.68%；2017年1-3月预计扣除非经常性损益后净利润区间为40.20万元至117.81万元，上年同期数(未经审计)为-492.57万元，较上年同期数增长明显。


　　2013年至2016年，元成股份应收账款净额分别为6,005.04万元、8,251.41万元、7,226.54万元和9,411.94万元，占各期末流动资产的比例分别为14.47%、16.10%、11.49%和12.13%。应收账款周转率分别为7.23次、6.82次、5.29次、6.00次。


　　2013年至2016年，元成股份存货余额分别为23,363.13万元、32,814.00万元、46,921.13万元和56,815.24万元。存货周转率分别为1.40次、1.37次、0.78次、0.79次。


　　报告期内，发行人经营活动现金流量净额较小或为负，2013至2016年，公司经营活动产生的现金流量净额分别为444.53万元、-6,186.47万元、1,070.73万元和1,060.43万元。公司的负债总额分别为24,834.06万元、31,687.38万元、41,404.05万元和47,398.45万元，其中流动负债占负债总额的比例超过90%。


　　2013年至2016年，元成股份主营业务毛利率分别为27.23%、25.90%、29.72%、24.79%。2014年、2015年同行业上市公司综合毛利率平均值分别为28.95%、25.39%。


　　价值线在报道中指出，公司前十大股东有6位自然人，第3大股东，拥有480万股股份的陈芝浓以及第8大股东，拥有292.50万股股份的杨富金格外显眼，两人都是以外部投资者的身份介入的。陈芝浓、杨富金频频出手，不论是杨富金的老东家银江股份，还是其后来投资的炬华科技、金固股份，以及现在的元成股份，他们共同的保荐人都是海通证券。这其中，是否存在着一条由保荐人穿针引线、相关人低价入股的隐秘利益链呢？


　　中国经济网记者就上述问题向公司董事会办公室发去采访函，截至发稿时未收到回复。


　　园林绿化企业上交所上市


　　元成股份人致力于建设生态文明及园林信息化建设，重点服务于地产景观、休闲度假园林、市政公共园林、生态湿地等园林绿化相关领域。经过十余年的发展，元成股份已经从一家以园林绿化工程施工为核心业务的区域性园林企业，发展成为一家拥有从工程施工、景观设计、绿化养护、苗木种植到信息服务完整产业链的跨区域园林产业综合服务商，业务范围已经涵盖了园林绿化产业链的各个环节。工程施工及绿化养护业务由元成股份经营，景观设计由园林设计院经营，信息服务由元成传媒提供。


　　公司在杭州下沙、杭州笕桥、浙江兰溪、江苏金湖和山东菏泽拥有3,000余亩苗木基地，待本次发行募集资金到位后，公司将利用募集资金分期投入建设江苏金湖和山东菏泽苗木基地，增强绿化苗木生产及储备能力，为园林施工业务提供资源保障。


　　公司及下属元成传媒为国家高新技术企业。公司及下属公司拥有城市园林绿化壹级资质，风景园林工程设计专项甲级资质、旅游规划设计甲级资质、市政公用工程施工总承包二级资质、古建筑工程专业承包二级资质、绿化造林设计乙级资质、绿化造林施工乙级资质、建筑工程施工总承包三级资质。公司被评为全国城市园林绿化50强企业、浙江省省级林业龙头企业、浙江省农业科技企业及浙江省专利示范企业，下属元成传媒拥有业内领先的大型专业园林门户网站——中国园林网。


　　2013年至2016年，元成股份实现营业收入分别为40,618.45万元、52,064.34万元、44,352.51万元和54,550.66万元；分别实现归属于母公司股东净利润4,881.21万元、5,263.41万元、4,885.75万元和5,303.76万元。


　　元成股份预计2017年1-3月营业收入区间为5,985.00万元至6,615.00万元，上年同期数(未经审计)为3,138.44万元，变动幅度为90.70%至110.68%；2017年1-3月预计扣除非经常性损益后净利润区间为40.20万元至117.81万元，上年同期数(未经审计)为-492.57万元，较上年同期数增长明显。


　　祝昌人除直接持有元成股份47.64%的股份外，同时还通过北嘉投资控制元成股份16%的股份。祝昌人合计控制元成股份63.64%的股份，为元成股份的实际控制人。


　　祝昌人，男，汉族，1967年生，中国国籍，无境外永久居留权，硕士研究生，高级工程师，高级经济师。现任公司董事长、总经理。1999年创办元成有限；1999年至2012年，任元成有限执行董事；2012年12月至今，任元成股份董事长兼总经理；2015年4月至今，任格润基金董事。目前，祝昌人先生同时担任园林设计院执行董事、元成传媒执行董事兼经理、北嘉投资执行董事、金湖元成执行董事兼经理、菏泽元成执行董事兼经理。祝昌人先生为杭州市园林绿化行业协会常务理事、杭州市国内来杭投资企业联合会常务副会长。


　　元成股份本次在上交所挂牌上市，发行数量为2,500万股，募集资金净额为26,715.00万元，分别用于“金湖苗木基地建设项目”、“菏泽苗木基地建设项目”、“补充工程流动资金项目”。


募集资金用途(来源：招股书)
　　现金流量净额与净利润不匹配遭问询


　　2016年7月14日，证监会公布了元成股份首次公开发行股票申请文件反馈意见，部分问询如下：


　　各报告期末发行人存货金额较大且持续增长，存货主要由工程施工、消耗性生物资产构成。请保荐机构、会计师说明对各期存货中工程施工所涉及项目是否正常执行的核查情况和结果，是否存在延期、暂停或中止等情况，说明对发行人存货跌价准备计提是否充分的核查情况和结果。


　　报告期各期，发行人经营活动产生的现金流量净额较小或为负数。请在招股说明书“重大事项提示”、“风险因素”中披露报告期经营活动产生的现金流量净额较小甚至为负的情况，并充分提示相关风险。


　　2016年12月30日，主板发审委2016年第199次会议召开，根据审核结果公告，发审委对元成股份提出如下问询：


　　请发行人代表进一步说明：(1)报告期存货增长较快、存货周转率较低且逐期下降的原因及其合理性，存货跌价准备是否充分合理计提，并与可比公司进行对比分析，会计处理是否符合《企业会计准则》的规定；(2)报告期内经营性应收款项大幅增加的原因以及经营性应收款项的回收风险，项目质保金是否均能收回，坏账准备计提是否充分；(3)公司五大苗圃基地中苗木投入结转真实性以及公司苗木成本与市场对比情况，2016年度公司使用自有苗木比例大幅上升的原因；(4)发行人经营活动产生的现金流量净额与净利润不匹配的原因；(5)营业税改征增值税带来的不利影响，2016上半年业绩与上年同期同比变动情况，结合公司现有订单增减变动情况和行业总体情况，说明公司业绩是否存在大幅下滑的风险；(6)发行人的主要客户情况，发行人所处的行业经营环境是否已经或将要发生重大变化且对发行人的持续盈利能力构成重大不利影响。相关的风险是否充分揭示。请保荐代表人发表核查意见。


　　请发行人代表进一步说明报告期内发行人与其实际控制人之间发生资金往来的相关情况及对当期经营业绩的影响，发行人关联交易、资金往来相关内部控制制度的有效执行情况。请保荐代表人发表核查意见。


　　应收账款、存货双增 现金流较小或为负数


　　2013年至2016年，元成股份应收账款净额分别为6,005.04万元、8,251.41万元、7,226.54万元和9,411.94万元，占各期末流动资产的比例分别为14.47%、16.10%、11.49%和12.13%。应收账款周转率分别为7.23次、6.82次、5.29次、6.00次。


　　2014年末、2015年末和2016年末，元成股份应收账款净额、一年内到期的非流动资产净额和长期应收款净额之和分别为18,728.47万元、16,668.86万元和14,462.34万元，合计占各期营业收入的比例分别为35.97%、37.58%和26.51%。


经营性应收款项净额占营业收入比重变动情况(来源：招股书)
　　若宏观调控、市场需求变化、下游客户发生重大不利变化等原因，导致应收账款快速增长、账期延长或部分款项无法回收，则元成股份将面临坏账损失的风险，并对元成股份资金周转及利润水平产生不利影响。


　　2013年至2016年，元成股份存货余额分别为23,363.13万元、32,814.00万元、46,921.13万元和56,815.24万元。存货周转率分别为1.40次、1.37次、0.78次、0.79次。


　　报告期内，元成股份各期末存货余额的主要构成是工程施工余额，2014年末、2015年末和2016年末，存货中工程施工余额分别为27,987.44万元、41,529.14万元和52,058.90万元，占存货的比例分别为85.29%、88.51%和91.63%。


　　工程施工余额主要是指累计已发生的合同成本和累计已确认的毛利之和超过已结算价款的部分。园林绿化工程施工行业的结算支付特点使得元成股份在工程施工项目数量增加、规模增大的情况下，累计已发生的合同成本和累计已确认的毛利大于已办理结算价款的差额扩大，导致工程施工余额逐年增加。


　　如果由于工程施工项目发生争议纠纷或客户财务状况发生恶化，可能导致存货出现跌价损失，从而对公司的经营业绩和财务状况产生不利影响。


　　报告期内，发行人经营活动现金流量净额较小或为负，2013至2016年，公司经营活动产生的现金流量净额分别为444.53万元、-6,186.47万元、1,070.73万元和1,060.43万元。公司的负债总额分别为24,834.06万元、31,687.38万元、41,404.05万元和47,398.45万元，其中流动负债占负债总额的比例超过90%。


　　如果今后公司经营活动产生的现金流量出现持续净流出的情况，将可能使公司面临一定的偿债风险，进而影响公司的持续发展。


　　主营业务毛利率下滑


　　2013年至2016年，元成股份务毛利分别为11,059.64 万元、13,485.71万元、13,183.17万元和13,522.86万元。工程施工业务的毛利占比分别为92.43%、90.69%和89.41%，占比较高且为公司最主要的毛利来源。


　　2013年至2016年，元成股份主营业务毛利率分别为27.23%、25.90%、29.72%、24.79%。2014年、2015年同行业上市公司综合毛利率平均值分别为28.95%、25.39%。


公司与同行业上市公司综合毛利率比较情况(来源：招股书)
　　报告期内，工程施工收入占主营业务收入的比例约为90%，工程施工毛利率逐年变动是主营业务毛利率变动的主要原因。2013年至2016年，公司工程施工毛利率分别为25.83%、24.89%、28.33%和23.27%。


　　市政园林工程施工项目垫支比例较高、周转速度慢，因而毛利率较高；地产园林工程施工项目垫支比例相对较低、回款较快，因而毛利率较低。


主营业务毛利率及分业务毛利率变动情况(来源：招股书)
　　自然人突击入股 海通证券架起隐秘利益链？


　　据价值线报道，元成股份招股书显示，公司前十大股东有6位自然人，其中除公司实际控制人及高管外，第3大股东，拥有480万股股份的陈芝浓以及第8大股东，拥有292.50万股股份的杨富金格外显眼，两人都是以外部投资者的身份介入的。


　　资料显示，2012年11月24日，元成股份实际控制人祝昌人将持有的元成有限180万股，以每股1.5元的低价转让给了杨富金。按照2012年元成股份0.56元的每股收益折算，杨富金的入股成本仅为2倍市盈率。为什么杨富金能够如此低价持股，元成股份在招股书里介绍，杨富金为专业投资者，能够为公司因快速发展而产生的融资需求提供专业建议和协助。此次转让完成后，元成股份进行了股份制改造。


　　半年之后，即2013年6月，元成股份进行了第一次增资，陈芝浓以货币出资2688万元认购480万股，杨富金再次以货币出资630万元认购112.5万股。2013年，元成股份每股收益0.72元，即陈芝浓、杨富金的此次的入股成本为7.7倍市盈率。对照目前A股园林板块，棕榈园林市盈率超过100倍、东方园林57倍、普邦股份72倍、铁汉生态、岭南园林市盈率均超过50倍，若元成股份成功上市，两人投资收益可轻松达到数十倍。


　　杨富金、陈芝浓何许人也？《价值线》杂志社IPO研究员发现，杨富金在2008年3月至2010年10月间曾任银江股份有限公司董事、董事会秘书。2011年3月，杨富金成立了浙江崇德投资有限公司，并且在成立之后第二个月，以4倍PE突击入股炬华科技，一跃成为公司第5大股东。


　　而在2009年11月，在金固股份上市冲刺的最后关头，杨富金以3.08元每股的价格(按2009年的净利润计算，折合6倍市盈率)出资338.8万元获得其110万股的股份，按照22元的发行价格计算，杨富金获得7倍的溢价。巧合的是，同期入股的还有陈芝浓。不同的是，陈芝浓获得的股份比杨富金还要多。资料显示，陈芝浓以616万元认购了200万股金固股份的原始股。


　　相比杨富金，陈芝浓显得更加神秘，元成股份关于为何引入陈芝浓作为公司第三大股东只字未提，只介绍其2009年至今任上海兴联企业管理有限公司总经理。


　　陈芝浓、杨富金频频出手，而不论是杨富金的老东家银江股份，还是其后来投资的炬华科技、金固股份，以及现在的元成股份，他们共同的保荐人都是海通证券。这其中，是否存在着一条由保荐人穿针引线、相关人低价入股的隐秘利益链呢？有分析人士告诉《价值线》，若其存在的话，其目标可能是券商保荐人、公司、相关人三方互利共赢。而此前，银江股份、金固股份都曾因自然人突击入股，与海通证券存在灰色交易而引发质疑。
（来源：中国经济网 2017-04-07 09:30）[点击查看原文]
展开阅读全文"
603388:元成股份:相关人员关于浙江元成园林集团股份有限公司媒体报道征询函的回复(1),"https://guba.eastmoney.com/news,603388,625929351.html",2017-04-07 19:27:42,"公告日期：2017-04-08
603388:元成股份:相关人员关于浙江元成园林集团股份有限公司媒体报道征询函的回复
浙江元成园林集团股份有限公司：
你公司发来的《关于浙江元成园林集团股份有限公司媒体报道的征询函》已
收悉。经自查，现就有关事项回复如下：
1、本人从事股权投资较长，比较关注企业拟规划上市等信息，听闻元成股
份有上市规划后，有意向增资成为元成股份的股东，即与元成股份就投资事宜进
行洽谈。
2、本人投资元成股份的投资款均为自有资金，并不存在股份代持情况。
3、本人单独与元成股份就投资事宜进行洽谈，该事项与杨富金先生无关联，
并未就元成股份投资事宜与杨富金先生达成共同行动安排。
4、本人与海通证券股份有限公司未存在关联关系，本人获取元成股份项目
信息及投资安排与海通证券股份有限公司无关。
5、本人与海通证券股份有限公司的相关人员不存在利益安排。……
[点击查看PDF原文]
提示：本网不保证其真实性和客观性，一切有关该股的有效信息，以交易所的公告为准，敬请投资者注意风险。"
603388:元成股份:相关人员关于浙江元成园林集团股份有限公司媒体报道征询函的回复(2),"https://guba.eastmoney.com/news,603388,625929609.html",2017-04-07 19:28:17,"公告日期：2017-04-08
603388:元成股份:相关人员关于浙江元成园林集团股份有限公司媒体报道征询函的回复
浙江元成园林集团股份有限公司：
你公司发来的《天于浙江元成园林集团股份有限公司媒体报道的征询函》已
收悉。经自查，现就有事项项回复如下：
1、本人从事股权投资业务，长期关注拟上市企业的投资机会，了解到元成
股份订上市规划，即与元成股份洽谈对公司增资成为股东宜：本人于2011年
投资元成股份，迄今已经6年。
2、本人投资元成股份的投资款均为自有资金，不存在股份代持情况……
[点击查看PDF原文]
提示：本网不保证其真实性和客观性，一切有关该股的有效信息，以交易所的公告为准，敬请投资者注意风险。"
从那找了个破报道吓唬人，砸不开板就开始骗，就算发个退市的报道我也不卖[大笑][大,"https://guba.eastmoney.com/news,603388,626005086.html",2017-04-07 23:20:49,从那找了个破报道吓唬人，砸不开板就开始骗，就算发个退市的报道我也不卖
603388:元成股份:关于浙江元成园林集团股份有限公司媒体报道的征询函,"https://guba.eastmoney.com/news,603388,625929753.html",2017-04-07 19:28:36,"公告日期：2017-04-08
603388:元成股份:关于浙江元成园林集团股份有限公司媒体报道的征询函
杨富金先生：
根据上海证券交易所《股票上市规则》等相关规则，作为浙江元成
园林集团股份有限公司的股东，恳请您核查并回复以下内容：
1、您是如何获取元成股份规划上市信息并与元成股份洽谈投资事宜
的？
2、您投资元成股份的投资款是否为自有资金？是否存在股份代持情
况？
3、您是如何与元成股份就投资事宜进行洽谈的，该事项是否与陈芝……
[点击查看PDF原文]
提示：本网不保证其真实性和客观性，一切有关该股的有效信息，以交易所的公告为准，敬请投资者注意风险。"
分析，按目前的换手率，通过这几天的交易，如果中签的散户不卖，机构的股票早就卖完了,"https://guba.eastmoney.com/news,603388,625632943.html",2017-04-07 09:47:03,分析，按目前的换手率，通过这几天的交易，如果中签的散户不卖，机构的股票早就卖完了，为什么还有这么多的成交量，对到，挂上你的护盘股数，淡定的持股，无论怎样倒手，机构都打不开涨停板。两万个中签号只要团结，很容易创造奇迹。
今天鸡狗唱空失败，大家不要掉以轻心，下周继续战斗！有钱的挂单，没钱的捂股！,"https://guba.eastmoney.com/news,603388,625946171.html",2017-04-07 20:11:26,今天鸡狗唱空失败，大家不要掉以轻心，下周继续战斗！有钱的挂单，没钱的捂股！
以下为我在金银河签友吧看到的，现在他们快20板了，现在粘贴过来，让大家好好学习。,"https://guba.eastmoney.com/news,603388,625434730.html",2017-04-06 19:45:18,"以下为我在金银河签友吧看到的，现在他们快20板了，现在粘贴过来，让大家好好学习。
机构每天都会上演三板斧，我们有三对策，在全网发行下，是散户的春天
机构每天都会上演“三板斧”，我们有“三对策”
在全网发行下，是散户的春天，机构的寒冬。于是机构每天都会上演“三板斧”。
第一板斧：是挂大封单（不挂大封单不行呀，不挂大封单就会连对倒的机会也没有了，会全部被散户吸完筹码的。毕竟机构的筹码太少了。）；
第二板斧：是很无聊既无奈地假装自己是小散户进行小单对倒（不排除哪天会突然放大，无论大小都是机构对倒，这一点要牢记！）；
第三板斧：是尾盘撤单恐吓散户（不排除盘中出现撤单），对中签散户进行突然偷袭（以此来击垮散户的心理防线），这也是为什么尾盘中签散户不撤单的原因，就是不够机构任何偷袭的机会。
针对机构的“三板斧”，我们也要有三对策：
对策一：要捂紧手中筹码（这样机构就收集不到足够筹码，没有筹码就不会形成砸板的拳头）；
对策二：每天开盘前尽量多挂封单（这样逼着机构也只能挂大封单，同时我不信我们中签朋友没有挂一手的资金，如果连挂一手的资金都没有，就是现在给你捡钱的机会都不要了，还炒股干什么？）；
对策三：封单要一直挂到收盘系统自动撤单为止（每人都要挂封单，不要等，不要靠，不要自己撤单，护板就是护自己，防偷袭）。
在这三个对策下，机构只能重复上演“三板斧”。这三个对策，每一个都很重要，缺一不可。这三个对策就是我们散户屹立不倒的法宝。我们散户如果是沙石子，那么这三个对策就分别是钢筋、水泥和水。当沙石子、钢筋、水泥、水充分结合团结起来的时候，就变成擎天柱了！
至于“明托”、“暗托”我们就没有必要去管他，毕竟机构也心急，这可以理解。只要我们守住“三对策”，管他们干什么？就让他们尽情地“裸奔”、“裸聊”去吧。
如果你觉得有道理，就顶起来，置顶！！让中签的朋友们都行动起来。"
根据其他新股得出，成交量破1500手以上，那么还可以有3个板板，现在还早呢！放心,"https://guba.eastmoney.com/news,603388,625826472.html",2017-04-07 15:08:57,根据其他新股得出，成交量破1500手以上，那么还可以有3个板板，现在还早呢！放心
37.36，明天涨停价。明早九点十分之前挂这个价买。延长我们的一字板，多一天就是,"https://guba.eastmoney.com/news,603388,625321486.html",2017-04-06 15:08:23,37.36，明天涨停价。明早九点十分之前挂这个价买。延长我们的一字板，多一天就是多好几千的时候到了，现在才是赚钱时刻。两万多个签号，都不卖而且挂几手的话，超过七十元不是梦。看看大千生态，都七十五才开板，元成怎么也应该到八十才对。
工程施工余额增 加主要系工程施工项目数量增加，规模扩大，但工程结算与完工进度未完全同步 所致。,"https://guba.eastmoney.com/news,603388,625963412.html",2017-04-07 21:01:27,"工程施工余额增
加主要系工程施工项目数量增加，规模扩大，但工程结算与完工进度未完全同步
所致。"
元成股份 只有你想不到的 没有你做不到的！,"https://guba.eastmoney.com/news,603388,622554919.html",2017-03-29 16:48:54,"元成股份603388 将要打造新股历史记录！见证奇迹！！
元成股份 股票代码：603388说明这个股要超茅台——股价388已成定局，元成要创新股记录！大家一定要齐心协力——顶！！！"
根据大千生态603955来看 近期元成603388不可能开板,"https://guba.eastmoney.com/news,603388,625904008.html",2017-04-07 18:13:39,如果和大千生态一致的话 最起码13个涨停板以上，，何况元成要比大千生态要强很多，拭目以待！！
下週開班,"https://guba.eastmoney.com/news,603388,625937180.html",2017-04-07 19:48:17,下週開班
加油，争取再来两三个一字,"https://guba.eastmoney.com/news,603388,625940602.html",2017-04-07 19:57:19,
闲钱全部挂单，元成雄起！,"https://guba.eastmoney.com/news,603388,625923583.html",2017-04-07 19:10:38,闲钱全部挂单，元成雄起！
应该到60多元成中签率低,"https://guba.eastmoney.com/news,603388,625917967.html",2017-04-07 18:54:36,应该到60多元成中签率低
今天成交量有点大了，根据我以往中签的新股打开板来看，估计下周会开板，今天没有大单,"https://guba.eastmoney.com/news,603388,625898249.html",2017-04-07 17:58:24,今天成交量有点大了，根据我以往中签的新股打开板来看，估计下周会开板，今天没有大单交易，礼拜一继续一字板，如果礼拜一有大单交易，那礼拜二铁定开板！
"中签者,说明这股签与你有缘分,钱财来叩门了","https://guba.eastmoney.com/news,603388,625770622.html",2017-04-07 13:49:21,"中签者,说明这股签与你有缘分,钱财来叩门了，可刚几个板，就慌不择路的，给卖出了，这不是拒绝财运进家，下次财神还敢再进你家吗"
下周开始每天盈利4000元，一天一个月工资，希望大家共同坚守,"https://guba.eastmoney.com/news,603388,625848218.html",2017-04-07 15:57:28,下周开始每天盈利4000元，一天一个月工资，希望大家共同坚守
悄悄地进村，打枪的不要,"https://guba.eastmoney.com/news,603388,625608058.html",2017-04-07 08:44:43,悄悄地进村，打枪的不要
卖出的人真是傻得可以，还没开板就卖，就算开板也不用卖啊，机构那么好心做接盘侠？人,"https://guba.eastmoney.com/news,603388,625802289.html",2017-04-07 14:32:38,卖出的人真是傻得可以，还没开板就卖，就算开板也不用卖啊，机构那么好心做接盘侠？人家不用赚钱啊？你们不想赚多点没人替你可惜，别害了其他中签的散户
我已经挂单买5000股,"https://guba.eastmoney.com/news,603388,625617019.html",2017-04-07 09:15:02,等上58再考虑卖不卖
脏主力几股几股的卖想动摇军心,"https://guba.eastmoney.com/news,603388,625788155.html",2017-04-07 14:12:04,因为他手里没有砝码
大家不要被换手率吓到了，也没必要去看换手率，因为元成盘子小，同样的成交量，换手率,"https://guba.eastmoney.com/news,603388,625814304.html",2017-04-07 14:49:07,大家不要被换手率吓到了，也没必要去看换手率，因为元成盘子小，同样的成交量，换手率肯定高，只要我们有足够的封单，不用怕
自拉自唱,"https://guba.eastmoney.com/news,603388,625809540.html",2017-04-07 14:43:57,有人说的好，这问章充满主观臆测.没有一点职业道德.就是为搞筹码.说严重点是没根据的误导.大家晚上上双倍挂单.现在成交的是庄家每天故意自拉自唱的.为了像一点还每天多挂几手.像是顶不住了样的假象.可以说没有散户买进过都被庄用快速通道自拉自唱
超过10手的卖单都接近300手了，看来真是散户卖的很少很少，大家要稳住，不要惊慌,"https://guba.eastmoney.com/news,603388,625755708.html",2017-04-07 13:27:36,超过10手的卖单都接近300手了，看来真是散户卖的很少很少，大家要稳住，不要惊慌，雷打不动继续捂股挂单
园林又大涨，元成也会水涨船高，我挂的1000股怎么1股也没买上，昨晚5点就挂买单,"https://guba.eastmoney.com/news,603388,625758226.html",2017-04-07 13:31:35,园林又大涨，元成也会水涨船高，我挂的1000股怎么1股也没买上，昨晚5点就挂买单了还挤不到前排？
元成明天开始的5个板的收益等于前面8个板的收益，坚持住啊，大家想象一下后面一天1,"https://guba.eastmoney.com/news,603388,625410520.html",2017-04-06 18:35:44,元成明天开始的5个板的收益等于前面8个板的收益，坚持住啊，大家想象一下后面一天1万的收益，等于几个月的工资啊，去倒腾外面的股票能稳赚吗？中一只新股不容易啊，都希望能有更多的收益，所以还是不厌其烦的建议大家捂股挂单！
环保，生态园林都在大涨！,"https://guba.eastmoney.com/news,603388,625736158.html",2017-04-07 12:49:49,你还在像弱智一样的卖出元成股份吗？
603029今日涨停,"https://guba.eastmoney.com/news,603388,625686886.html",2017-04-07 11:02:55,603029今日涨停
你现在卖？人家23万股的买单排第一等着呢,"https://guba.eastmoney.com/news,603388,625680413.html",2017-04-07 10:54:00,你现在卖？人家23万股的买单排第一等着呢，难道他比你傻？
《只说一句话： 加仓雄安新区 002477  雏鹰农牧！雄安县占地233亩》,"https://guba.eastmoney.com/news,603388,625654068.html",2017-04-07 10:16:04,《只说一句话： 加仓雄安新区 002477 雏鹰农牧！雄安县占地233亩》
不管怎么样，开板了也不卖，放一年在说，，，，，，,"https://guba.eastmoney.com/news,603388,625641551.html",2017-04-07 09:58:37,不管怎么样，开板了也不卖，放一年在说，，，，，，
外盘没有一手成交，各位战友不用恐慌，有钱的加仓封涨停。,"https://guba.eastmoney.com/news,603388,625636505.html",2017-04-07 09:51:51,外盘没有一手成交，各位战友不用恐慌，有钱的加仓封涨停。
机构拿不到货就开始唱空了，证明元成是好股票,"https://guba.eastmoney.com/news,603388,625635169.html",2017-04-07 09:50:24,机构拿不到货就开始唱空了，证明元成是好股票
早上一开盘机构就在倒腾了！可能有些同志忍不住了！大家千万不要别假像所迷惑啊！坚持,"https://guba.eastmoney.com/news,603388,625628110.html",2017-04-07 09:39:47,早上一开盘机构就在倒腾了！可能有些同志忍不住了！大家千万不要别假像所迷惑啊！坚持！别卖！机构手中吸收的筹码越多我们就越危险！
雄安概念继续,"https://guba.eastmoney.com/news,603388,625628017.html",2017-04-07 09:39:00,雄安概念继续
还真有舍得的,"https://guba.eastmoney.com/news,603388,625625586.html",2017-04-07 09:35:01,还真有舍得的
今天233手全倒腾到一个机构手上了。空头机构开始备战了。我们不要怕，算他乘以2也,"https://guba.eastmoney.com/news,603388,625407904.html",2017-04-06 18:28:28,今天233手全倒腾到一个机构手上了。空头机构开始备战了。我们不要怕，算他乘以2也不过500手。大家记得每天挂单。他敢砸咱小散就敢收。
通知所有队伍进村，逮兔子的干活,"https://guba.eastmoney.com/news,603388,625608643.html",2017-04-07 08:47:02,通知所有队伍进村，逮兔子的干活
加油护板，捂股不卖，挂买单就不要撤了，越是到收盘越是最危险，一定要小心机构趁虚而,"https://guba.eastmoney.com/news,603388,625589676.html",2017-04-07 07:13:38,加油护板，捂股不卖，挂买单就不要撤了，越是到收盘越是最危险，一定要小心机构趁虚而入
大家每天坚持挂涨停价买单，捂股不卖，而且在收盘前都不要撤单，如果撤单，封单会少，,"https://guba.eastmoney.com/news,603388,625589226.html",2017-04-07 07:10:36,大家每天坚持挂涨停价买单，捂股不卖，而且在收盘前都不要撤单，如果撤单，封单会少，会很危险的，机构会趁虚而入会借机砸盘的，为了元成能多几个板，一起加油吧
打响元成的保卫战，构筑元成坚固的护城河，大家一起努力。尽量增加资金护板。,"https://guba.eastmoney.com/news,603388,625518083.html",2017-04-06 23:23:07,打响元成的保卫战，构筑元成坚固的护城河，大家一起努力。尽量增加资金护板。
中签的朋友恭喜大家了！不用多说别的了，中签朋友只需要捂股 + 挂涨停单护板！！希,"https://guba.eastmoney.com/news,603388,620897822.html",2017-03-24 20:38:08,中签的朋友恭喜大家了！不用多说别的了，中签朋友只需要捂股 + 挂涨停单护板！！希望各位中签朋友不要有依赖思想，自己帮自己，坚决护板到底。。交易日9：15以前必须挂护板单，中途不撤单，系统15：00收盘后自动撤单的！另外，多多回复正能量帖子，空狗的帖子别去点也别回复，让其自然沉下去！谨记谨记谨记！
大家坚持住！不要卖出！不要给机构溜机会！,"https://guba.eastmoney.com/news,603388,625584781.html",2017-04-07 06:45:02,大家坚持住！不要卖出！不要给机构溜机会！
[哭]股灾亏了70%，上个个月中了元成，今天证券公司打电话来又中签了坤彩7328,"https://guba.eastmoney.com/news,603388,625133888.html",2017-04-06 09:38:16,股灾亏了70%，上个个月中了元成，今天证券公司打电话来又中签了坤彩732826，好想哭啊。就沪市5000股，运气太好了
大家一定不要买出了手里的原始股，现在是关键时刻，有钱的天天记得挂单，机构现在想抢,"https://guba.eastmoney.com/news,603388,625484880.html",2017-04-06 21:46:29,大家一定不要买出了手里的原始股，现在是关键时刻，有钱的天天记得挂单，机构现在想抢我们的钱，我们又不傻，现在才涨几个板，流通市值才多少，就算开板了也不要怕，最少还有5个板，越后面利越大，所以中签的股友多多坚持，您好我好大家好
到180元！！！耶,"https://guba.eastmoney.com/news,603388,625527573.html",2017-04-07 00:04:26,到180元！！！耶
昨常青跑路的散户要悔肠了吧！元成更要坚定持有！,"https://guba.eastmoney.com/news,603388,625383214.html",2017-04-06 17:27:10,昨天有一常青散户为吊一手封板后悔，看看今天是什么价格，机构全进入了，散户守不住呀！以后就看着机构吃肉吧！元成怎么低的中奖率，如此精美的盘子，几个亿流通值，还怕什么？这个也怕，我认为心态不适合抄股，所以大家一定要悟紧筹码，我每天很早就钓涨停也吃不到，很希望50内能成交放箱底留给下代。
封单了，敌动我不动，我们不卖空狗耐我何，气死你，坚持20个板,"https://guba.eastmoney.com/news,603388,625479757.html",2017-04-06 21:33:23,封单了，敌动我不动，我们不卖空狗耐我何，气死你，坚持20个板
603388:元成股份:控股股东及实际控制人对《关于浙江元成园林集团股份有限公司股票交易异常波动情况问询函》的回复(2017/4/7),"https://guba.eastmoney.com/news,603388,625418374.html",2017-04-06 18:59:08,"公告日期：2017-04-07
603388:元成股份:控股股东及实际控制人对《关于浙江元成园林集团股份有限公司股票交易异常波动情况问询函》的回复
浙江元成园林集团股份有限公司：
你公司发来的《浙江元成园林集团股份有限公司股票交易异常波动问询函》己
收悉。经自查，现就有关事项匝I复如下：
本人作为浙江元成园林集团股份有限公司的控股股东、实际控制人，截至目前，
不存在影响公司股票交易价格异常波动的重大事项；不存在应披露而未披露的重大
信息，包括但不限于重火资产重组、发行股票、上市公司收购、债务重组、业务重
组、资产剥离和资产注入等重大事项。
特此回复。……
[点击查看PDF原文]
提示：本网不保证其真实性和客观性，一切有关该股的有效信息，以交易所的公告为准，敬请投资者注意风险。"
