标题,链接,发布时间,内容
又买了 呵呵,"https://guba.eastmoney.com/news,002020,200610099.html",2015-09-07 09:32:17,
持有京新药业最根本的是不借钱炒股。,"https://guba.eastmoney.com/news,002020,200591234.html",2015-09-07 06:33:41,"私募退出市场本来就是借钱炒股引起的。公募时有后续公募接盘。做私募时就看你真本事了。做京新药业这样三年确定增长公司。只要是自己的钱。不在乎一时涨跌。最后会等到京新梦的实现。
巴菲特不借钱炒股。只有大跌后才会知道的真理"
又发不 出去,"https://guba.eastmoney.com/news,002020,200207268.html",2015-09-03 06:12:45,为什么
与之相似医药板块公司对比，大家说说,"https://guba.eastmoney.com/news,002020,198227920.html",2015-08-26 14:40:42,"比京新药业股价低的有众生药业。众生药业是以三七为原料核心品种复方血栓通。公司毛利润率与三七价格密切相关。三年之前十送十逆势炒过一波。从20涨到40.公司高管都是千万富翁。当初治疗帕金森症的新药健行颗粒最后无下文了。

信立泰是当初京新药业追求目标。不看好他理由是信立泰实控人抛990万股 套现3.14亿。股性差效益好就算了。大股东要抛10亿，那先闪吧。

现代制药大股东是上海医工院。在京新药业停牌期间股价翻翻，是国企改革标的。现在效益好于京新药业，成长性弱于京新药业希望京新用一年时间赶超它。
发的出去吗。再写"
托儿多了 股儿自然就要跌 比技术指标还灵,"https://guba.eastmoney.com/news,002020,200137935.html",2015-09-02 18:31:02,
托儿太多 25.23抛了,"https://guba.eastmoney.com/news,002020,200112818.html",2015-09-02 16:31:27,
国务院鼓励上市公司兼并重组、现金分红、回购股份公司有何打算？,"https://guba.eastmoney.com/news,002020,915251658.html",2015-09-02 16:20:00,"国务院鼓励上市公司兼并重组、现金分红、回购股份公司有何打算？
京新药业
京新药业：公司定增重组项目还在证监会审核，请关注公司信息披露公告。谢谢
(来自深交所互动易)答复时间 2015-09-02 16:20:00"
介绍一下未来3-5年公司发展规划，定位和目标,"https://guba.eastmoney.com/news,002020,915251612.html",2015-09-02 16:23:00,"介绍一下未来3-5年公司发展规划，定位和目标
京新药业
京新药业：: 公司以“做大成品药，做强原料药”为经营方针，大力培育成品药核心产品，增强企业竞争力；提高原料药产品竞争优势，提升盈利水平。强化产品研发科学布局，提高产品技术含量。加强人才培育力度，加强创新管理和文化建设，实现企业持续、健康、快速发展。谢谢
(来自深交所互动易)答复时间 2015-09-02 16:23:00"
医药公司参股医院。网购如火如荼。京新药业管理层有朝这方面打算吗？,"https://guba.eastmoney.com/news,002020,915251633.html",2015-09-02 16:22:00,"医药公司参股医院。网购如火如荼。京新药业管理层有朝这方面打算吗？
京新药业
京新药业：和公司发展方向相匹配的标的，都是公司并购的目标。谢谢
(来自深交所互动易)答复时间 2015-09-02 16:22:00"
京新药业收盘，正常,"https://guba.eastmoney.com/news,002020,199439129.html",2015-08-31 17:33:16,尾盘十分钟把一天买进全套。长线做京新星期五就能看出这票星期五就要跌，被大盘拉起。今天一天强势。庄在里面做T要把短线客振出才会拉升。明年之事。而且现在京新药业不算低估。短线继续做超跌股。
现在任何价位抛出，都还可以在更低的价位买回！,"https://guba.eastmoney.com/news,002020,196340483.html",2015-08-20 10:27:17,立帖为证。
公司会调低增发价还是取消增发？,"https://guba.eastmoney.com/news,002020,915251674.html",2015-09-02 16:19:00,"公司会调低增发价还是取消增发？
京新药业
京新药业：公司定增重组项目还在证监会审核，请关注公司信息披露公告。谢谢
(来自深交所互动易)答复时间 2015-09-02 16:19:00"
公司有中药品种吗,"https://guba.eastmoney.com/news,002020,915251746.html",2015-09-02 16:13:00,"公司有中药品种吗
京新药业
京新药业：公司全资子公司内蒙古京新药业就是特色中药企业，康复新液、养阴清肺糖浆、定坤丹、参竹精等都是较好的中药品种。谢谢
(来自深交所互动易)答复时间 2015-09-02 16:13:00"
公司股价跌破增发价，还会增发吗？,"https://guba.eastmoney.com/news,002020,915251673.html",2015-09-02 16:19:00,"公司股价跌破增发价，还会增发吗？
京新药业
京新药业：公司定增重组项目还在证监会审核，请关注公司信息披露公告。谢谢
(来自深交所互动易)答复时间 2015-09-02 16:19:00"
公司有在研发重要制剂吗？,"https://guba.eastmoney.com/news,002020,915251684.html",2015-09-02 16:18:00,"公司有在研发重要制剂吗？
京新药业
京新药业：公司研发实力雄厚，每年都有一定数量的产品立项研发和申报。谢谢
(来自深交所互动易)答复时间 2015-09-02 16:18:00"
公司效益是根本，今后几年公司效益能大幅增长吗？,"https://guba.eastmoney.com/news,002020,915251735.html",2015-09-02 16:14:00,"公司效益是根本，今后几年公司效益能大幅增长吗？
京新药业
京新药业：公司生产管理运行正常有序，管理层有信心保持企业业绩的稳定、快速增长。谢谢
(来自深交所互动易)答复时间 2015-09-02 16:14:00"
网传公司今后三年每年都会增长，是否属实？,"https://guba.eastmoney.com/news,002020,915251645.html",2015-09-02 16:21:00,"网传公司今后三年每年都会增长，是否属实？
京新药业
京新药业：公司生产管理运行正常有序，管理层有信心保持公司业绩的稳定、快速增长。谢谢
(来自深交所互动易)答复时间 2015-09-02 16:21:00"
公司股价即将破增发价，还继续增发吗？,"https://guba.eastmoney.com/news,002020,915251602.html",2015-09-02 16:24:00,"公司股价即将破增发价，还继续增发吗？
京新药业
京新药业：公司定增重组项目还在证监会审核，请关注公司信息披露公告。谢谢
(来自深交所互动易)答复时间 2015-09-02 16:24:00"
公司管理层讨论过员工持股事项吗？,"https://guba.eastmoney.com/news,002020,915251888.html",2015-09-02 16:09:00,"公司管理层讨论过员工持股事项吗？
京新药业
京新药业：公司还未实施员工持股计划。谢谢
(来自深交所互动易)答复时间 2015-09-02 16:09:00"
公司高管对员工持股计划如何打算,"https://guba.eastmoney.com/news,002020,915251889.html",2015-09-02 16:09:00,"公司高管对员工持股计划如何打算
京新药业
京新药业：公司还未实施员工持股计划。谢谢
(来自深交所互动易)答复时间 2015-09-02 16:09:00"
方盛制药收购 收购药王堂，公司有收购百年药店打算吗？,"https://guba.eastmoney.com/news,002020,915251903.html",2015-09-02 16:08:00,"方盛制药收购 收购药王堂，公司有收购百年药店打算吗？
京新药业
京新药业：和公司发展相匹配的标的，都是公司并购的目标。谢谢
(来自深交所互动易)答复时间 2015-09-02 16:08:00"
感觉要出大宗交易的节奏！,"https://guba.eastmoney.com/news,002020,199363829.html",2015-08-31 14:11:50,盘中倒货现象明显，最近几日可能要出大宗交易了！
"公司应该比照财经王晓璐的情况,要求公安机关拘捕红周刊访谈的那人,并诉红周刊10亿","https://guba.eastmoney.com/news,002020,915256646.html",2015-09-01 08:16:00,"公司应该比照财经王晓璐的情况,要求公安机关拘捕红周刊访谈的那人,并诉红周刊10亿赔偿。
京新药业
京新药业：谢谢建议！
(来自深交所互动易)答复时间 2015-09-01 08:16:00"
我也是醉了，上个星期没跑，现在跌了才跑，我走了，真心玩不过，欢迎接盘…,"https://guba.eastmoney.com/news,002020,199377934.html",2015-08-31 14:40:20,我也是醉了，上个星期没跑，现在跌了才跑，我走了，真心玩不过，欢迎接盘…
开盘半小时，主力净流出近270亿,"https://guba.eastmoney.com/news,002020,199278653.html",2015-08-31 10:06:52,开盘半小时，主力净流出近270亿
请问京新药业是集团公司吗,"https://guba.eastmoney.com/news,002020,915258555.html",2015-08-31 11:22:00,"请问京新药业是集团公司吗
京新药业
京新药业：不是，谢谢
(来自深交所互动易)答复时间 2015-08-31 11:22:00"
公司什么时间送股啊。,"https://guba.eastmoney.com/news,002020,915258556.html",2015-08-31 11:22:00,"公司什么时间送股啊。
京新药业
京新药业：谢谢！
(来自深交所互动易)答复时间 2015-08-31 11:22:00"
老年痴呆药今年能获批吗？,"https://guba.eastmoney.com/news,002020,915256643.html",2015-09-01 08:17:00,"老年痴呆药今年能获批吗？
京新药业
京新药业：卡巴拉汀还在待审状态，请关注公司信息披露公告。谢谢
(来自深交所互动易)答复时间 2015-09-01 08:17:00"
公司这几年打算员工持股计划吗,"https://guba.eastmoney.com/news,002020,915258551.html",2015-08-31 11:23:00,"公司这几年打算员工持股计划吗
京新药业
京新药业：公司未有实施员工持股计划，谢谢！
(来自深交所互动易)答复时间 2015-08-31 11:23:00"
公司京新梦规划300亿市值。但现在只有70亿市值。请问公司靠主营实现京新梦还是再,"https://guba.eastmoney.com/news,002020,915256633.html",2015-09-01 08:25:00,"公司京新梦规划300亿市值。但现在只有70亿市值。请问公司靠主营实现京新梦还是再次收购？
京新药业
京新药业：公司主营业务持续快速增长，对外并购也会持续实施。谢谢
(来自深交所互动易)答复时间 2015-09-01 08:25:00"
再发一遍,"https://guba.eastmoney.com/news,002020,199061754.html",2015-08-29 10:55:53,京新药业周五碰到10日，20日均线回调。下午被大盘指数拉起。尾盘3分钟跌二毛钱。看看发的出吗
你删我粘。粘了十次。最后认输。开新帖,"https://guba.eastmoney.com/news,002020,198511112.html",2015-08-27 10:45:10,中保期间选股。看了个网宿科技。走的不错，增长也不错。已要股看了个现代制药。京新药业是长线股。25整数关要盘整。大盘3000点不到，京新药业离停牌下跌10%，知足吧。短线不管他了。另找超跌股
政治任务,"https://guba.eastmoney.com/news,002020,198627507.html",2015-08-27 14:51:18,应该大涨。大家习惯二点大跌。主力用小筹码往下一砸。小散如惊弓之鸟割了。带血筹码就换人了。中国。在重大政治事件阶段，稳定压倒一切。
[置顶]京新药业  业绩大增 明天22.78元内介入，股价暴涨开始,"https://guba.eastmoney.com/news,002020,197914728.html",2015-08-25 16:36:26,下半年大牛股诞生了：京新药业002020
现阶段神奇制药才是医药龙头，京新药业只是追随者，但两股按质比较是京新要好一点,"https://guba.eastmoney.com/news,002020,198516748.html",2015-08-27 10:53:52,现阶段神奇制药才是医药龙头，京新药业只是追随者，但两股按质比较是京新要好一点
京新药业:关于股票交易异常波动公告,"https://guba.eastmoney.com/news,002020,198308755.html",2015-08-26 17:51:40,"公告日期：2015-08-27
证券代码：002020 证券简称：京新药业 公告编号：2015065

浙江京新药业股份有限公司

关于股票交易异常波动公告

本公司及董事会全体成员保证公告内容的真实、准确和完整，对公告的虚假记载、误导性陈述或者重大遗漏负连带责任。

一、股票交易异常波动情况

浙江京新药业股份有限公司（以下简称“公司”、“本公司”）2015年8月25日和8月26日连续两个交易日收盘价格涨幅偏离值累计达到20%，根据深圳证券交易所的有关规定，属于股票交易异常波动的情况。

二、公司关注并核实相关情况

针对公司股价异常波动，公司进行了核查，并就有关事项向公司董事、监事、高级管理人员、控股股东和实际控制人核实，并对下列事项作出核实结论：

1、公司于2015年7月28日披露《公司发行股份及支付现金购买资产并募集配套资金暨关联交易报告书（草案）》等公告，公司计划通过发行股份及支付现金的方式拟以6.93亿元购买深圳市巨烽显示科技有限公司90%股权。该事项已于2015年8月19日获得中国证监会受理，目前尚在证监会审核阶段。公司将根据相关事项的实际进展情况及时履行信息披露义务。

公司于2015年8月26日披露了《公司关于对外投资控股美国Pharmula公司的公告》（公告编号：2015064），公司拟以自有资金出资102万美元对外投资控股美国

Pharmula Laboratories公司，取得Pharmula公司51%股权。

以上内容详见巨潮资讯网（http://www.cninfo.com.cn）、《中国证券报》及《证券时报》。

2、公司2015年半年度报告所披露的财务数据与2015年半年度业绩快报相比不存在较大差异，公司前期披露的信息不存在需要更正、补充之处；

3、公司未发现近期公共媒体报道了可能或者已经对公司股票交易价格产生较大影响的未公开重大信息；

4、目前公司经营情况及内外部经营环境不存在发生或预计将要发生重大变化的情形，但近期国家有关药品医疗器械审评的政策陆续发布，2015年8月18日国务院发布了《关于改革药品医疗器械审评审批制度的意见》、2015年8月14日国家食品药品监督总局（CFDA）发布了《药品注册流程新规则》，以上政策变化将对创新型企业有一定的积极影响。

5、公司、控股股东和实际控制人不存在关于本公司的应披露而未披露的重大事项，也不存在处于筹划阶段的其它重大事项；

6、控股股东、实际控制人在股票交易异常波动期间不存在买卖公司股票的情形。

三、是否存在应披露而未披露信息的说明

本公司董事会确认，本公司目前没有任何根据《深圳证券交易所股票上市规则》等有关规定应予以披露而未披露的事项或与该事项有关的筹划、商谈、意向、协议等；董事会也未获悉本公司有根据《深圳证券交易所股票上市规则》等有关规定应予以披露而未披露的、对本公司股票及其衍生品种交易价格产生较大影响的信息；公司前期披露的信息不存在需要更正、补充之处。

四、必要的风险提示

1、公司经过自查不存在违反信息公平披露的情形；

2、公司郑重提醒广大投资者：巨潮资讯网（http://www.cninfo.com.cn）、《中国证券报》及《证券时报》为公司选定的信息披露媒体，公司所有信息均以在上述指定媒体刊登的信息为准。

本公司将严格按照有关法律法规的规定和要求，认真履行信息披露义务，及时做好信息披露工作。敬请广大投资者理性投资，注意风险。

特此公告。

浙江京新药业股份有限公司董事会

二一五年八月二十七日


[点击查看PDF原文]
提示：本网不保证其真实性和客观性，一切有关该股的有效信息，以交易所的公告为准，敬请投资者注意风险。
展开阅读全文"
底部不是V型反转，而是L型。让愿意跑的跑。让愿意买的买,"https://guba.eastmoney.com/news,002020,198086196.html",2015-08-26 09:47:51,"现在的世道，已经没有人看多了，像我一样的自有资金就趴下了。不看好的继续割肉离场。最苦的就是融资配资盘了，能割肉算烧高香了。这两天爆仓的比比皆是。
买股票买的是公司，董事长。京新药业虽然下跌，但较其他股好很多。这就是成长股的魅力。现在看就算大盘跌到2500点，京新药业最多短暂破增发价。还有一元钱下跌空间。自己的钱熬的住吗？"
靠拢20.00元,"https://guba.eastmoney.com/news,002020,197861833.html",2015-08-25 14:42:56,
今天追高的都死。估跌到前期增发价15块左右！,"https://guba.eastmoney.com/news,002020,197717084.html",2015-08-25 10:00:25,今天追高的都死。估跌到前期增发价15块左右！
神奇制药真的神奇，涨停了，京新实在垃圾,"https://guba.eastmoney.com/news,002020,197765506.html",2015-08-25 11:25:52,神奇制药真的神奇，涨停了，京新实在垃圾，主力阳痿。
小散容易犯错误,"https://guba.eastmoney.com/news,002020,198490472.html",2015-08-27 10:10:23,"最低点不是机构进的，最高点也不是机构抛的。
小散赚不到大钱原因
指数越高，仓位越重。仓位随着指数下跌越来越轻。
抄到底部，小赚就跑。以为机构也会跑。"
002020全仓买入：专利装备机器，宁波精达603088.,"https://guba.eastmoney.com/news,002020,198457193.html",2015-08-27 08:53:22,"全仓买入：专利装备机器，宁波精达603088.
买入提示;
1.2000万流通股本，流通市值6亿元。深沪市最小盘！
2.企业年金，社保基金第二季度买入603088。
3.为富士通、格力、美的、海尔、大金、日立等企业的装备提供商。装备自2011 年以来市场占有率均为行业第一。已成为全球知名汽车零部件供应商法雷奥、贝洱、电装、德尔福等公司的装备提供商。有望抢占市场先机。宁波精达是提供高科技装备给全球企业建厂的装备商！(全球热交换器装备行业持续领航者，冲压装备行业的领先者！掌握核心技术，为制造业提供高端装备和整体解决方案，振兴民族工业装备！)
选好个股。过山车怎么坐也不怕。选择好企业，长期持股，企业成长推生价值成长！"
老手死在炒底的路上！！！,"https://guba.eastmoney.com/news,002020,197334340.html",2015-08-24 10:44:12,你也在炒底吗？
京新药业好股，自上市后稳中大涨,"https://guba.eastmoney.com/news,002020,198370068.html",2015-08-26 20:48:04,京新药业好股，自上市后稳中大涨，老吕大方
*深互动长春高新：金赛药业的重组人生长激素产品粉针及水针已经进入国家医保目录 日,"https://guba.eastmoney.com/news,002020,198312141.html",2015-08-26 18:03:06,"*深互动长春高新：金赛药业的重组人生长激素产品粉针及水针已经进入国家医保目录
日期:2015-08-24 15:10:08 浏览用户2851问 长春高新(000661)请问生长激素（粉剂、注射剂）是否已进入全国的儿童用药医保目录？ 2015年08月22日 14:00 000661长春高新 长春高新答浏览用户2851: 您好！金赛药业的重组人生长激素产品粉针及水针已经进入国家医保目录。 2015年08月24日 14:58"
看样子主力套的挺深，大家见好就收吧，别跟27元以上的韭菜似的,"https://guba.eastmoney.com/news,002020,198241296.html",2015-08-26 14:59:40,看样子主力套的挺深，大家见好就收吧，别跟27元以上的韭菜似的
与公司有瑞舒伐他汀，那么阿托伐他汀有吗？哪个用量大？,"https://guba.eastmoney.com/news,002020,915256595.html",2015-09-01 08:36:00,"与公司有瑞舒伐他汀，那么阿托伐他汀有吗？哪个用量大？
京新药业
京新药业：瑞舒伐他汀、阿托伐他汀均是他汀类心血管药物，公司已上市心血管药物有辛伐他汀、瑞舒伐他汀、匹伐他汀等，阿托伐他汀还未上市。虽然都是他汀类药物，但在适应症、用量上均有一定差别的。谢谢
(来自深交所互动易)答复时间 2015-09-01 08:36:00"
我是全仓这支了。你们也邦一下主力吧,"https://guba.eastmoney.com/news,002020,198138972.html",2015-08-26 11:07:58,我是全仓这支了。你们也邦一下主力吧
这么好的消息都不涨停，说明庄家等散户走！,"https://guba.eastmoney.com/news,002020,198121283.html",2015-08-26 10:43:09,这么好的消息都不涨停，说明庄家等散户走！
量能没放出来，上涨乏力,"https://guba.eastmoney.com/news,002020,198116255.html",2015-08-26 10:36:20,量能没放出来，上涨乏力
神奇制药3万多手大单强势封板，魄力啊！,"https://guba.eastmoney.com/news,002020,198114750.html",2015-08-26 10:34:04,神奇制药3万多手大单强势封板，魄力啊！
神奇制药3万手大单强势封板,"https://guba.eastmoney.com/news,002020,198113903.html",2015-08-26 10:32:50,神奇制药3万手大单强势封板
我不能发言了,"https://guba.eastmoney.com/news,002020,198102855.html",2015-08-26 10:15:38,没有说危害国家的话呀
猪力和鸡狗真能装！,"https://guba.eastmoney.com/news,002020,198077885.html",2015-08-26 09:33:05,猪力和鸡狗真能装！
京新药业,"https://guba.eastmoney.com/news,002020,198048103.html",2015-08-26 06:27:18,京新药业(002020)　　核心观点：　　公司公布 15 年中报扣非净利润实现 51%的增长，符合市场预期　　公司公告称 15 年中报实现 6.94 亿元，净利润 0.95 亿元，扣非净利润0.9 亿元，分别同比增长 17%，60%，51%，实现基本 EOS0.33 元，符合我们与市场的预期。其中制剂业务实现收入 3.7 亿元，原料药业务实现收入 3.1 亿元，分别同比增长 23%和 13%，高毛利的制剂业务的快速增长以及原料药业务成本的下降是净利润增速大幅超过收入增速的主要原因。　　核心产品增速较快，制剂业务持续高增长确定　　公司上半年制剂收入 3.7 亿元，同比实现 23%的增长，高于医药行业平均增速：三大主力品种，瑞舒伐他汀、康复新液、地衣芽孢杆菌分别实现超过 60%，40%，100%的同比增长，全年销售收入有望达到 3 亿，1.6亿， 1 亿元，中远期看，三大主力品种均有望成为 5~10 亿级别的重磅品种。二线产品，舍曲林、辛伐他汀分别实现 45%和 20%的增长，匹伐他汀、左乙拉西坦近年来获批上市，四个二线产品未来均有望成为过亿元的品种。后续储备管线中卡巴拉汀、美金刚、帕利哌酮等重磅精神类新药研发进展顺利，独家专利新药 EVT201 项目临床进展顺利。　　制剂出口初具规模，国际市场拓展顺利　　公司制剂出口初具规模，国际市场扩展顺利：京新制剂出口在 2006年开始布局，2014 年实现收入 0.8 亿元，毛利率在 5~10%之间，目前出口品种有辛伐他汀、氯吡格雷、二甲双胍、左乙拉西坦等，主要品种（包括瑞舒伐他汀）在招标中享受单独质量层次。近年来公司相继与英国的CRESCENT 公司、美国的 Pharmula 实验室开展国际合作，加快瑞舒等多个品种的海外申报工作，增强公司在仿制药和创新药高端制剂的研发实力。　　不考虑并购，15-17 年 EPS 分别为 0.57 元、0.83 元、1.18 元　　不考虑巨烽显示收购，我们预计公司 15-17 年 EPS 分别为 0.57 元/0.83元/1.18 元，对应 PE 分别为 39/27/19 倍。考虑巨烽显示收购，并按照业绩承诺预测盈利，我们预计公司 15-17 年备考 EPS 分别为 0.67 元/0.95 元/1.32元，对应备考 EPS 分别为 33/23/17 倍。考虑到公司在同类公司中增速更快、市值更小，我们认为公司可享受更高估值，给予“买入”评级。　　风险提示　　瑞舒等核心产品招标降价；收购巨峰整合失败；海外业务扩展不利。[广发证券股份有限公司][点击查看博客原文]
是金子总会放光,"https://guba.eastmoney.com/news,002020,197704796.html",2015-08-25 09:42:18,该跌不跌理应看涨
今天不跌停的都是英雄！,"https://guba.eastmoney.com/news,002020,197489824.html",2015-08-24 14:49:06,京新目前只跌6%，更是英雄中的英雄
明日开盘会靠拢20.00元吗？,"https://guba.eastmoney.com/news,002020,197849628.html",2015-08-25 14:29:50,
您好，请问贵公司截止到8月25日股东人数是多少户？谢谢,"https://guba.eastmoney.com/news,002020,915256623.html",2015-09-01 08:29:00,"您好，请问贵公司截止到8月25日股东人数是多少户？谢谢
京新药业
京新药业：公司也未知。谢谢
(来自深交所互动易)答复时间 2015-09-01 08:29:00"
如果不是T+1，它敢这么玩么？,"https://guba.eastmoney.com/news,002020,197868263.html",2015-08-25 14:50:01,如果不是T+1，它敢这么玩么？
上午封板的话下午基本就没成交量了,"https://guba.eastmoney.com/news,002020,197748211.html",2015-08-25 10:54:15,上午封板的话下午基本就没成交量了
现代制药也追上来了,"https://guba.eastmoney.com/news,002020,197742311.html",2015-08-25 10:42:50,现代制药也追上来了
明天报复性反弹！开盘就抢，看看引起我们暴跌的美股表现，人家的权重股护盘多坚决，美,"https://guba.eastmoney.com/news,002020,197656034.html",2015-08-25 01:01:24,"明天报复性反弹！开盘就抢，看看引起我们暴跌的美股表现，人家的权重股护盘多坚决，美国的中石油苹果，从跌13%到涨2%也就一会功夫！
"
尝过无量跌停，才知京新药业的稳健,"https://guba.eastmoney.com/news,002020,197640095.html",2015-08-24 23:06:36,"7月初的股票才叫跌，京新药业的调整算是和风细雨了，这种微跌，该感恩而不是抱怨。

很难可能可贵的走势了，问题是能扛多久？这是个问题。"
请大股东提议年报送股稳定公司股价,"https://guba.eastmoney.com/news,002020,915256622.html",2015-09-01 08:29:00,"请大股东提议年报送股稳定公司股价
京新药业
京新药业：谢谢建议！
(来自深交所互动易)答复时间 2015-09-01 08:29:00"
公司董秘没有持有一股公司股票。建议学习梅雁吉祥购买100股。,"https://guba.eastmoney.com/news,002020,915257882.html",2015-08-31 15:17:00,"公司董秘没有持有一股公司股票。建议学习梅雁吉祥购买100股。
京新药业
京新药业：谢谢建议！
(来自深交所互动易)答复时间 2015-08-31 15:17:00"
不知吕董事长看不看互动平台内容？多少时间看一次？,"https://guba.eastmoney.com/news,002020,915257885.html",2015-08-31 15:17:00,"不知吕董事长看不看互动平台内容？多少时间看一次？
京新药业
京新药业：吕董有关注互动平台交流信息，谢谢
(来自深交所互动易)答复时间 2015-08-31 15:17:00"
公司信息披露没有，不知吕总看过这篇文章吗,"https://guba.eastmoney.com/news,002020,915257890.html",2015-08-31 15:16:00,"公司信息披露没有，不知吕总看过这篇文章吗
京新药业
京新药业：公司已于8月25日公布澄清公告，请关注信息披露公告。谢谢
(来自深交所互动易)答复时间 2015-08-31 15:16:00"
三天了，公司对红周刊回复就一句话。到现在澄清公告不出。股价已跌到增发价。用数据说,"https://guba.eastmoney.com/news,002020,915257895.html",2015-08-31 15:15:00,"三天了，公司对红周刊回复就一句话。到现在澄清公告不出。股价已跌到增发价。用数据说话。
京新药业
京新药业：公司已于8月25日公布澄清公告，请关注信息披露公告。谢谢
(来自深交所互动易)答复时间 2015-08-31 15:15:00"
互动平台公司回应,"https://guba.eastmoney.com/news,002020,197270193.html",2015-08-24 09:22:07,经核实，证券红周刊的报道是未经求证、文章充满误导表述、断章取义、概念混乱、不负责任的，公司将会披露澄清公告，请关注公司信息披露公告。谢谢!
1.2015年是招标大年，请问京新药业目前中标情况如何？,"https://guba.eastmoney.com/news,002020,915266711.html",2015-08-26 08:10:00,"1.2015年是招标大年，请问京新药业目前中标情况如何？
京新药业
京新药业：正常进行中。谢谢。
(来自深交所互动易)答复时间 2015-08-26 08:10:00"
2.目前医药招标中，医药降价是个大趋势，请问公司如何应对来规避降价导致的利润下降,"https://guba.eastmoney.com/news,002020,915256657.html",2015-09-01 08:08:00,"2.目前医药招标中，医药降价是个大趋势，请问公司如何应对来规避降价导致的利润下降？未来3-5年公司如何保证稳健发展？
京新药业
京新药业：: 1、公司有完善的质量保证体系，能有效保证产品质量；2、制剂生产线整体通过德国（欧盟）认证，在招投标中有一定竞争力；3、内部加强管理，降低成本、提升效率；4、公司重点产品市场前景好；公司有信心通过产品的销售提升来规避、减少降价导致的利润下降风险。谢谢
(来自深交所互动易)答复时间 2015-09-01 08:08:00"
帮忙介绍一下未来3-5年公司发展规划，定位和目标,"https://guba.eastmoney.com/news,002020,915256653.html",2015-09-01 08:11:00,"帮忙介绍一下未来3-5年公司发展规划，定位和目标
京新药业
京新药业：: 公司以“做大成品药，做强原料药”为经营方针，大力培育成品药核心产品，增强企业竞争力；提高原料药产品竞争优势，提升盈利水平。强化产品研发科学布局，提高产品技术含量。加强人才培育力度，加强创新管理和文化建设，实现企业持续、健康、快速发展。谢谢
(来自深交所互动易)答复时间 2015-09-01 08:11:00"
1.2015年是招标大年，请问京新药业目前中标情况如何？2.目前医药招标中，医药,"https://guba.eastmoney.com/news,002020,915256627.html",2015-09-01 08:28:00,"1.2015年是招标大年，请问京新药业目前中标情况如何？2.目前医药招标中，医药降价是个大趋势，请问公司如何应对来规避降价导致的利润下降？未来3-5年公司如何保证稳健发展？3.帮忙介绍一下未来3-5年公司发展规划，定位和目标
京新药业
京新药业：: 1、招标工作正常推进；2、公司有完善的质量保证体系，能有效保证产品质量；制剂生产线整体通过德国（欧盟）认证，在招投标中有一定竞争力3、内部加强管理，降低成本、提升效率；公司重点产品市场前景好；公司有信心通过产品的销售提升来规避、减少降价导致的利润下降风险。3、公司以“做大成品药，做强原料药”为经营方针，大力培育成品药核心产品，增强企业竞争力；提高原料药产品竞争优势，提升盈利水平。强化产品研发科学布局，提高产品技术含量。加强人才培育力度，加强创新管理和文化建设，实现企业持续、健康、快速发展。谢谢
(来自深交所互动易)答复时间 2015-09-01 08:28:00"
折腾一天，就是不跌停！,"https://guba.eastmoney.com/news,002020,197484448.html",2015-08-24 14:42:03,折腾一天，就是不跌停！
4元5元不是底1元2元撒满地,"https://guba.eastmoney.com/news,002020,197061890.html",2015-08-22 10:07:50,无奈
吕总在干嘛？这么大事，反应如此麻木。这是上市公司吗？,"https://guba.eastmoney.com/news,002020,915270051.html",2015-08-24 16:41:00,"吕总在干嘛？这么大事，反应如此麻木。这是上市公司吗？
京新药业
京新药业：经核实，证券红周刊的报道是未经求证、文章充满误导表述、断章取义、概念混乱、不负责任的，公司将会披露澄清公告，请关注公司信息披露公告。谢谢!
(来自深交所互动易)答复时间 2015-08-24 16:41:00"
公司高管都没有股份，所以股票涨跌与他们无关。,"https://guba.eastmoney.com/news,002020,915270059.html",2015-08-24 16:40:00,"公司高管都没有股份，所以股票涨跌与他们无关。
京新药业
京新药业：公司董事长是公司最大的股东，副董事长、总经理等均持有公司股票。谢谢
(来自深交所互动易)答复时间 2015-08-24 16:40:00"
公司还没有回应吗？解释就要有理有据。听牌四个月财务审计不及红周刊一小时报道。,"https://guba.eastmoney.com/news,002020,915270070.html",2015-08-24 16:39:00,"公司还没有回应吗？解释就要有理有据。听牌四个月财务审计不及红周刊一小时报道。
京新药业
京新药业：经核实，证券红周刊的报道是未经求证、文章充满误导表述、断章取义、概念混乱、不负责任的，公司将会披露澄清公告，请关注公司信息披露公告。谢谢!
(来自深交所互动易)答复时间 2015-08-24 16:39:00"
国务院批准养老金投资股市。3373点就是国家认可底部。,"https://guba.eastmoney.com/news,002020,197201312.html",2015-08-23 18:01:51,不要割在地板上
请大股东中报送股稳定股价,"https://guba.eastmoney.com/news,002020,915270077.html",2015-08-24 16:38:00,"请大股东中报送股稳定股价
京新药业
京新药业：谢谢
(来自深交所互动易)答复时间 2015-08-24 16:38:00"
红周刊发表两天公司毫无反应，最起码公司没有应急机制，制药机器还有急停按钮，建议追,"https://guba.eastmoney.com/news,002020,915270079.html",2015-08-24 16:38:00,"红周刊发表两天公司毫无反应，最起码公司没有应急机制，制药机器还有急停按钮，建议追究相关人士重大失误。
京新药业
京新药业：经核实，证券红周刊的报道是未经求证、文章充满误导表述、断章取义、概念混乱、不负责任的，公司将会披露澄清公告，请关注公司信息披露公告。谢谢!
(来自深交所互动易)答复时间 2015-08-24 16:38:00"
红周刊报到双休日两天疯狂转载，公司毫无反应，最起码公司没有应急机制，制药企业机器,"https://guba.eastmoney.com/news,002020,915270078.html",2015-08-24 16:38:00,"红周刊报到双休日两天疯狂转载，公司毫无反应，最起码公司没有应急机制，制药企业机器还有急停按钮。建议追究重大责任事故人员。
京新药业
京新药业：经核实，证券红周刊的报道是未经求证、文章充满误导表述、断章取义、概念混乱、不负责任的，公司将会披露澄清公告，请关注公司信息披露公告。谢谢!
(来自深交所互动易)答复时间 2015-08-24 16:38:00"
大盘以暴跌迎接保命钱入市。趴下吧。,"https://guba.eastmoney.com/news,002020,197277145.html",2015-08-24 09:35:45,大盘以暴跌迎接保命钱入市。趴下吧。
对影响公司重大事项，公司为什么不停牌解释,"https://guba.eastmoney.com/news,002020,915270359.html",2015-08-24 16:10:00,"对影响公司重大事项，公司为什么不停牌解释
京新药业
京新药业：经核实，证券红周刊的报道是未经求证、文章充满误导表述、断章取义、概念混乱、不负责任的，公司将会披露澄清公告，请关注公司信息披露公告。谢谢!
(来自深交所互动易)答复时间 2015-08-24 16:10:00"
不知吕总读了红周刊报道了吗,"https://guba.eastmoney.com/news,002020,915271490.html",2015-08-24 09:15:00,"不知吕总读了红周刊报道了吗
京新药业
京新药业：经核实，证券红周刊的报道是未经求证、文章充满误导表述、断章取义、概念混乱、不负责任的，公司将会披露澄清公告，请关注公司信息披露公告。谢谢!
(来自深交所互动易)答复时间 2015-08-24 09:15:00"
著名评论杂志红周刊对公司定增财务报表提出质疑。公司如果没有反驳那就证明质疑是真实,"https://guba.eastmoney.com/news,002020,915271491.html",2015-08-24 09:15:00,"著名评论杂志红周刊对公司定增财务报表提出质疑。公司如果没有反驳那就证明质疑是真实的。如果反驳但公司应急措施没有。双休日两天公司不闻不问。难道对公司如此重大事项不知道吗？
京新药业
京新药业：经核实，证券红周刊的报道是未经求证、文章充满误导表述、断章取义、概念混乱、不负责任的，公司将会披露澄清公告，请关注公司信息披露公告。谢谢!
(来自深交所互动易)答复时间 2015-08-24 09:15:00"
先停牌查一下，还投资者一个交代。,"https://guba.eastmoney.com/news,002020,197249135.html",2015-08-24 07:18:46,先停牌查一下，还投资者一个交代。
京新药业荣获中国2015医药最具成长力企业。 本报讯 中国最具影响力的医药行业年,"https://guba.eastmoney.com/news,002020,197157937.html",2015-08-23 07:28:11,"京新药业荣获中国2015医药最具成长力企业。
本报讯 中国最具影响力的医药行业年度评选盛事——第32届全国医药工业信息年会在成都隆重召开。浙江京新药业股份有限公司一举获得“2015年中国医药工业最具成长力企业”荣誉称号，成为全国医药行业十家最具成长力企业之一。 随着新一轮医疗体制改革的深入推进，一系列新态势对医药企业的生存发展带来压力与挑战。京新药业却始终保持着强劲的增长势头和良好的发展潜力，秉承“京新药、精心造”的理念，履行“为人类提供卓越的健康产品”的使命，在坚守主业的同时积极进行产业优化升级，聚焦科技创新，抓住发展机遇。（张 曼）"
问几个问题：1.公司2015年招标进展如何，除了浙江之外的省份结果是否理想？ 2,"https://guba.eastmoney.com/news,002020,915269999.html",2015-08-24 16:47:00,"问几个问题：1.公司2015年招标进展如何，除了浙江之外的省份结果是否理想？ 2.2015年是招标大年，对未来3-5年京新业绩影响如何？ 3.目前招标中药品降价是趋势性的，请问公司对于降价和竞争是如何应对的，如何保证公司未来3-5年业绩增长的？
京新药业
京新药业：: 1、公司招标工作推进正常，中标结果比较理想，对公司近几年的销售提升有积极意义。2、公司认为，招投标降价是趋势，公司将积极面对和处理，继续管理提升、降低成本；公司产品质量层次较高、制剂生产线通过欧盟认证，积极准备美国FDA注册，在招投标上有一定优势。谢谢
(来自深交所互动易)答复时间 2015-08-24 16:47:00"
24.80补了。一部分。再套再补。,"https://guba.eastmoney.com/news,002020,196808938.html",2015-08-21 13:38:08,24.80补了。一部分。再套再补。
你好，卡巴拉丁临床是否走完？预计什么时候获批上市？,"https://guba.eastmoney.com/news,002020,915270296.html",2015-08-24 16:17:00,"你好，卡巴拉丁临床是否走完？预计什么时候获批上市？
京新药业
京新药业：卡巴拉丁处于报批生产的待审状态，具体上市时间要看国家SFDA评审进程。谢谢
(来自深交所互动易)答复时间 2015-08-24 16:17:00"
有看到红周刊关于收购标的的访谈么？建议公司立即停牌，说明原委并解释“存疑”，如果,"https://guba.eastmoney.com/news,002020,915256071.html",2015-09-01 10:12:00,"有看到红周刊关于收购标的的访谈么？建议公司立即停牌，说明原委并解释“存疑”，如果真有问题应该中止收购。再，尽调和审查都没有查出问题？或者是有人的臆测？总之公司应当有应对措施，这才是负责任的上市公司。谢谢。
京新药业
京新药业：: 公司已发澄清公告。谢谢
(来自深交所互动易)答复时间 2015-09-01 10:12:00"
公司瑞舒伐他汀和康复新液是否存在医保控费压力？,"https://guba.eastmoney.com/news,002020,915256070.html",2015-09-01 10:12:00,"公司瑞舒伐他汀和康复新液是否存在医保控费压力？
京新药业
京新药业：不存在压力。谢谢
(来自深交所互动易)答复时间 2015-09-01 10:12:00"
红周刊对公司收购公司财务造假在各大网络，报纸纷纷转载。公司毫无反应。难道红周刊所,"https://guba.eastmoney.com/news,002020,915270347.html",2015-08-24 16:11:00,"红周刊对公司收购公司财务造假在各大网络，报纸纷纷转载。公司毫无反应。难道红周刊所说的都是真的吗？
京新药业
京新药业：经核实，证券红周刊的报道是未经求证、文章充满误导表述、断章取义、概念混乱、不负责任的，公司将会披露澄清公告，请关注公司信息披露公告。谢谢!
(来自深交所互动易)答复时间 2015-08-24 16:11:00"
关于对《红周刊》质疑巨烽显示财务数据的应对建议1）	建议公司申请临时停牌，澄清质,"https://guba.eastmoney.com/news,002020,915270349.html",2015-08-24 16:11:00,"关于对《红周刊》质疑巨烽显示财务数据的应对建议1） 建议公司申请临时停牌，澄清质疑。2） 保留起诉《红周刊》及该文作者诸法相空及责任编辑的权利。3） 公布巨烽显示母公司财务报表，对红周刊作者的数据进行证伪。 具体见：http://blog.sina.com.cn/s/blog_6cd477bf0102w9z3.html
京新药业
京新药业：: 谢谢建议！经核实，证券红周刊的报道是未经求证、文章充满误导表述、断章取义、概念混乱、不负责任的，公司将会披露澄清公告，请关注公司信息披露公告。谢谢!
(来自深交所互动易)答复时间 2015-08-24 16:11:00"
京新药业:2015年8月20日投资者关系活动记录表,"https://guba.eastmoney.com/news,002020,196963730.html",2015-08-21 19:04:22,"公告日期：2015-08-21
　　证券代码： 002020 证券简称：京新药业
浙江京新药业股份有限公司
投资者关系活动记录表
编号：2015006
投资者关系活动类别 特定对象调研 分析师会议
媒体采访 业绩说明会
新闻发布会 路演活动
现场参观 一对一沟通
其他 （请文字说明其他活动内容）
参与单位名称及人员姓名 西南证券陈铁林、施跃 申万宏源孙辰阳 南京证券倪翔
广发资管毛丁丁 上海正享投资徐文广 中海基金郑辰
金鹰基金赵志永 上海沃胜资产刘林 中航证券沈文文
大成基金徐彦 国元证券金红 华夏财富庞福栋
中港融鑫李枭立 国都证券姚巍、赵玥 景泰利丰文婷
中投证券梅梅 招商证券赵伟 野风资管宋思言
上海博颐耿华 弘尚资产于龙、何志俊
时间 2015年8月20日
地点 浙江京新药股份有限公司综合楼三楼会议室
上市公司接待人员 董事会秘书徐小明先生
投资者关系活动主要内容介绍 1、徐小明介绍深圳巨烽显示有限公司、浙江京新药业股份有限公司基本业务情况和未来发展规划。
2、回答机构投资者提问、现场交流沟通。
（1）深圳巨烽的主营业务，业绩情况如何？
巨烽显示是国内一家主要从事医用显示器研发、生产与销售的高科技公司，核心业务主要为医疗器械设备制造商提供定制化医用显示器；为医院提供标准化医用显示器。是国内唯一能够批量为国外主流医疗器械制造商定制显示设备的企业。国内市场占有率也处于第一位。
巨烽显示现有业务提升空间大，ODM定制响应快、技术强，不断获得国外订单；国内医院提供标准化医用显示器，国产第一品牌，有望争取外资市场；主营业务毛利率也较高，整体业绩较好。
（2）公司收购巨烽显示公司的目的和未来发展布局如何？
公司对医疗器械行业关注已久，认为医疗器械行业未来发展前景广阔，可能优于医药制造业。巨烽显示在医用显示行业具有行业地位，是细分领域的专家，是国内唯一能够批量为国外主流医疗器械制造商定制显示设备的企业。如收购成功，公司将进入市场前景良好的医疗器械行业，在原有医药研发生产的基础上，新增医疗专用显示设备生产和销售业务，有利于公司拓展和优化业务及产品结构，实现客户资源共享，满足客户多元化需求，并降低上市公司的单一医药业务经营风险，实现公司在医药及医疗器械领域内的综合发展。
（3）并购后对巨烽的管理？
并购后，巨烽的核心管理团队仍是原班人马，其对公司也有3年的盈利承诺。同时将加大巨烽显示与公司的协同效应，优势资源共享，共同发展。
（4）公司重点产品市场竞争力如何？
公司重点产品都有一定市场竞争力，发展前景较好。核心产品消化类药物康复新液仅有4家厂商生产，未来竞争格局稳定，公司康复新液增补浙江等省份基药，有望进入快速增长期；地衣芽孢杆菌活菌进入国家基药目录，目前竞争对手仅有东北制药一家，随着各省招投标的推进，销售将增长快速并逐渐贡献业绩。心血管药物瑞舒伐他汀继续保持快速增长；辛伐他汀在新一轮基药招标中在浙江等多个省份享受单独质量层次，增长明显；匹伐他汀已取得生产批件，有独家剂型，现处于市场培育期，有望起到很好的互补作用。精神神经类药物也是公司未来发展的重要制剂产品线，抗抑郁制剂盐酸舍曲林，已成为国产第一品牌，新上市的治疗癫痫的产品左乙拉西坦，是国内首批获得厂家之一，市场前景巨大，还有待审的卡巴拉汀，治疗中重度老年痴呆用药，随着老年化时代的来临，这类精神神经类药物发展空间将更大。
（5）公司未来发展布局和核心业务如何？
公司未来发展主要还是在成品药业务的快速发展，通过自身研发、对外并购实施，现已拥有化学制剂、传统中药和生物制剂三大类产品，并形成了有核心、有重点、有培育的梯队系列产品。公司核心增长在以化学药为主，有特色中药和生物药的成品药的大力发展。公司致力于成品药快速增长同时，保持原料药的稳定增长，原料药定位在保障制剂业务，形成原料、制剂一体化；同时将加大并购后的医疗器械业务板块的发展，以巨烽为平台，积极进入医疗器械板块，实现公司在医药及医疗器械领域内的综合发展。
（6）以后并购还会实施吗？方向如何？
为实现公司的持续快速发展，并购重组将是公司长期战略工作之一。公司并购工……

提示：本网不保证其真实性和客观性，一切有关该股的有效信息，以沪深交易所的公告为准，敬请投资者注意风险。
展开阅读全文"
还有三元钱下跌空间。跌倒增发价。做倒T敢吗？,"https://guba.eastmoney.com/news,002020,196900894.html",2015-08-21 15:45:08,会跌破增发价吗
通过去年的定增方案了解到公司瑞舒伐他汀片筹备扩张3亿粒产能，匹伐他汀分散片筹备扩,"https://guba.eastmoney.com/news,002020,915270313.html",2015-08-24 16:15:00,"通过去年的定增方案了解到公司瑞舒伐他汀片筹备扩张3亿粒产能，匹伐他汀分散片筹备扩张0.5亿粒，辛伐他汀筹备扩张1亿产能。请问这三样药目前的销售额和产能分别是多少？谢谢
京新药业
京新药业：瑞舒伐他汀片继续快速增长，增长速度符合公司预期；辛伐他汀实现了一定增长；匹伐他汀刚上市，还在市场培养期，销售额较小，公司相信未来增长空间较大。谢谢！
(来自深交所互动易)答复时间 2015-08-24 16:15:00"
有媒体刊登了《京新药业收购子公司或目的不纯 财务数据存疑》的文章，正在被市场关注,"https://guba.eastmoney.com/news,002020,915270335.html",2015-08-24 16:12:00,"有媒体刊登了《京新药业收购子公司或目的不纯 财务数据存疑》的文章，正在被市场关注。请公司给予详细的，以公告的方式给予官方回复。链接：http://finance.eastmoney.com/news/1354,20150822540461975.html
京新药业
京新药业：: 经核实，证券红周刊的报道是未经求证、文章充满误导表述、断章取义、概念混乱、不负责任的，公司将会披露澄清公告，请关注公司信息披露公告。谢谢!
(来自深交所互动易)答复时间 2015-08-24 16:12:00"
下周见22.00元,"https://guba.eastmoney.com/news,002020,196890248.html",2015-08-21 15:25:28,
25.00元难保,"https://guba.eastmoney.com/news,002020,196722635.html",2015-08-21 10:41:13,
再次进入京新 我又进入了京新，至少我觉得24-25之间符合我的逻辑、进入部分仓位,"https://guba.eastmoney.com/news,002020,196704935.html",2015-08-21 10:15:36,"再次进入京新
我又进入了京新，至少我觉得24-25之间符合我的逻辑、进入部分仓位，涨跌不管，祝大家好运.
哈哈....."
复盘一来说有减仓的全部被套,"https://guba.eastmoney.com/news,002020,196884961.html",2015-08-21 15:19:39,复盘一来说有减仓的全部被套
公司股价跌成这样，增发还有什么意义？,"https://guba.eastmoney.com/news,002020,915272703.html",2015-08-21 16:59:00,"公司股价跌成这样，增发还有什么意义？
京新药业
京新药业：公司董事长吕钢先生拟认购本次重组中配套募集资金的发行股份，充分体现了其对公司未来发展保持充分的信心，坚定维护资本市场稳定、传递股市正能量的信心和决心。
(来自深交所互动易)答复时间 2015-08-21 16:59:00"
梅雁吉祥高管还买100股自家股票，公司高管连1股都不买,"https://guba.eastmoney.com/news,002020,915272699.html",2015-08-21 17:00:00,"梅雁吉祥高管还买100股自家股票，公司高管连1股都不买
京新药业
京新药业：公司董事长吕钢先生拟认购本次重组中配套募集资金的发行股份，充分体现了其对公司未来发展保持充分的信心，坚定维护资本市场稳定、传递股市正能量的信心和决心。谢谢！
(来自深交所互动易)答复时间 2015-08-21 17:00:00"
其他公司高管在股灾期间增持公司股票。京新药业高管连买100股都不愿意吗,"https://guba.eastmoney.com/news,002020,915272704.html",2015-08-21 16:59:00,"其他公司高管在股灾期间增持公司股票。京新药业高管连买100股都不愿意吗
京新药业
京新药业：公司董事长吕钢先生拟认购本次重组中配套募集资金的发行股份，充分体现了其对公司未来发展保持充分的信心，坚定维护资本市场稳定、传递股市正能量的信心和决心。谢谢
(来自深交所互动易)答复时间 2015-08-21 16:59:00"
股灾了,"https://guba.eastmoney.com/news,002020,196804975.html",2015-08-21 13:32:00,跑吧。都退出股市了。留我一人
公司停牌4个余额，中报人数真么算？,"https://guba.eastmoney.com/news,002020,915272792.html",2015-08-21 16:49:00,"公司停牌4个余额，中报人数真么算？
京新药业
京新药业：请关注公司半年度报告，谢谢
(来自深交所互动易)答复时间 2015-08-21 16:49:00"
公司股价离增发价一步之遥，请大股东紧急停牌商量对策,"https://guba.eastmoney.com/news,002020,915272809.html",2015-08-21 16:49:00,"公司股价离增发价一步之遥，请大股东紧急停牌商量对策
京新药业
京新药业：谢谢建议！
(来自深交所互动易)答复时间 2015-08-21 16:49:00"
现在高科技如互联网家如火如荼，对此公司高管有和对策,"https://guba.eastmoney.com/news,002020,915272788.html",2015-08-21 16:50:00,"现在高科技如互联网家如火如荼，对此公司高管有和对策
京新药业
京新药业：公司一直有关注和思考，谢谢！
(来自深交所互动易)答复时间 2015-08-21 16:50:00"
真给机会了，看你能不能抓住了！,"https://guba.eastmoney.com/news,002020,196682647.html",2015-08-21 09:40:26,真给机会了，看你能不能抓住了！
今日大盘会崩溃吗？,"https://guba.eastmoney.com/news,002020,196673569.html",2015-08-21 09:20:50,
今日收盘价会破26.00元吗？,"https://guba.eastmoney.com/news,002020,196665658.html",2015-08-21 08:56:51,期待
新近机构名单,"https://guba.eastmoney.com/news,002020,196623474.html",2015-08-20 21:48:43,http://www.jingxinpharm.com/cn/about.asp
这几天大涨大跌，明显震仓，估计很快将突破40,"https://guba.eastmoney.com/news,002020,196493975.html",2015-08-20 15:26:11,这几天大涨大跌，明显震仓，估计很快将突破40
京新药业:2015年8月20日投资者关系活动记录表,"https://guba.eastmoney.com/news,002020,1015005107.html",2015-08-21 00:00:00,"公告日期：2015-08-21
证券代码： 002020 证券简称：京新药业

浙江京新药业股份有限公司

投资者关系活动记录表

编号：2015006

投资者关系活动类别 ■特定对象调研 □分析师会议

□媒体采访 □业绩说明会

□新闻发布会 □路演活动

□现场参观 □ 一对一沟通

□其他 （请文字说明其他活动内容）

参与单位名称及人员姓名 西南证券陈铁林、施跃 申万宏源孙辰阳 南京证券倪翔

广发资管毛丁丁 上海正享投资徐文广 中海基金郑辰

金鹰基金赵志永 上海沃胜资产刘林 中航证券沈文文

大成基金徐彦 国元证券金红 华夏财富庞福栋

中港融鑫李枭立 国都证券姚巍、赵玥 景泰利丰文婷

中投证券梅梅 招商证券赵伟 野风资管宋思言

上海博颐耿华 弘尚资产于龙、何志俊

时间 2015年8月20日

地点 浙江京新药股份有限公司综合楼三楼会议室

上市公司接待人员 董事会秘书徐小明先生

投资者关系活动主要内容介绍 1、徐小明介绍深圳巨烽显示有限公司、浙江京新药业股份有限公司基本业务情况和未来发展规划。

2、回答机构投资者提问、现场交流沟通。

（1）深圳巨烽的主营业务，业绩情况如何？

巨烽显示是国内一家主要从事医用显示器研发、生产与销售的高科技公司，核心业务主要为医疗器械设备制造商提供定制化医用显示器；为医院提供标准化医用显示器。是国内唯一能够批量为国外主流医疗器械制造商定制显示设备的企业。国内市场占有率也处于第一位。

巨烽显示现有业务提升空间大，ODM定制响应快、技术强，不断获得国外订单；国内医院提供标准化医用显示器，国产第一品牌，有望争取外资市场；主营业务毛利率也较高，整体业绩较好。

（2）公司收购巨烽显示公司的目的和未来发展布局如何？

公司对医疗器械行业关注已久，认为医疗器械行业未来发展前景广阔，可能优于医药制造业。巨烽显示在医用显示行业具有行业地位，是细分领域的专家，是国内唯一能够批量为国外主流医疗器械制造商定制显示设备的企业。如收购成功，公司将进入市场前景良好的医疗器械行业，在原有医药研发生产的基础上，新增医疗专用显示设备生产和销售业务，有利于公司拓展和优化业务及产品结构，实现客户资源共享，满足客户多元化需求，并降低上市公司的单一医药业务经营风险，实现公司在医药及医疗器械领域内的综合发展。

（3）并购后对巨烽的管理？

并购后，巨烽的核心管理团队仍是原班人马，其对公司也有3年的盈利承诺。同时将加大巨烽显示与公司的协同效应，优势资源共享，共同发展。

（4）公司重点产品市场竞争力如何？

公司重点产品都有一定市场竞争力，发展前景较好。核心产品消化类药物康复新液仅有4家厂商生产，未来竞争格局稳定，公司康复新液增补浙江等省份基药，有望进入快速增长期；地衣芽孢杆菌活菌进入国家基药目录，目前竞争对手仅有东北制药一家，随着各省招投标的推进，销售将增长快速并逐渐贡献业绩。心血管药物瑞舒伐他汀继续保持快速增长；辛伐他汀在新一轮基药招标中在浙江等多个省份享受单独质量层次，增长明显；匹伐他汀已取得生产批件，有独家剂型，现处于市场培育期，有望起到很好的互补作用。精神神经类药物也是公司未来发展的重要制剂产品线，抗抑郁制剂盐酸舍曲林，已成为国产第一品牌，新上市的治疗癫痫的产品左乙拉西坦，是国内首批获得厂家之一，市场前景巨大，还有待审的卡巴拉汀，治疗中重度老年痴呆用药，随着老年化时代的来临，这类精神神经类药物发展空间将更大。

（5）公司未来发展布局和核心业务如何？

公司未来发展主要还是在成品药业务的快速发展，通过自身研发、对外并购实施，现已拥有化学制剂、传统中药和生物制剂三大类产品，并形成了有核心、有重点、有培育的梯队系列产品。公司核心增长在以化学药为主，有特色中药和生物药的成品药的大力发展。公司致力于成品药快速增长同时，保持原料药的稳定增长，原料药定位在保障制剂业务，形成原料、制剂一体化；同时将加大并购后的医疗器械业务板块的发展，以巨烽为平台，积极进入医疗器械板块，实现公司在医药及医疗器械领域内的综合发展。

（6）以后并购还会实施吗？方向如何？

为实现公司的持续快速发展，并购重组将是公司长期战略工作之一。公司并购工作围绕公司战略实施，与巨烽联姻，巨烽在医疗器械细分领域具有一定行业地位和竞争力，借组公司资本和营销网络平台，可实现快速突破和发展；公司利用巨烽平台，快速进入医疗器械领域，实现在医药及医疗器械领域内的综合发展，并购工作将围绕公司持续快速发展战略持续实施。

附件清单……

提示：本网不保证其真实性和客观性，一切有关该股的有效信息，以交易所的公告为准，敬请投资者注意风险。
展开阅读全文"
京新药业:关于收到《中国证监会行政许可申请受理通知书》的公告,"https://guba.eastmoney.com/news,002020,196389767.html",2015-08-20 11:57:08,"公告日期：2015-08-20
证券代码：002020 证券简称：京新药业 公告编号：2015058

浙江京新药业股份有限公司

关于收到《中国证监会行政许可申请受理通知书》的公告

本公司及董事会全体成员保证公告内容的真实、准确和完整，对公告的虚假记载、误导性陈述或者重大遗漏负连带责任。

浙江京新药业股份有限公司（以下简称“公司”）于2015年8月19日收到中国证券监督管理委员会（以下简称“中国证监会”）出具的《中国证监会行政许可申请受理通知书》（152512号）。中国证监会依法对公司提交的《浙江京新药业股份有限公司发行股份购买资产核准》行政许可申请材料进行了审查，认为该申请材料齐全，符合法定形式，决定对该行政许可申请予以受理。

公司本次资产重组事项尚需中国证监会进一步审核，能否获得最终核准仍存在不确定性。公司将根据中国证监会对该事项的审核进展情况及时履行信息披露义务。敬请广大投资者注意投资风险。

特此公告。

浙江京新药业股份有限公司董事会

二〇一五年八月二十日


[点击查看PDF原文]
提示：本网不保证其真实性和客观性，一切有关该股的有效信息，以交易所的公告为准，敬请投资者注意风险。"
庄，你太弱小了，请你离开京新药业。,"https://guba.eastmoney.com/news,002020,196464706.html",2015-08-20 14:42:02,没有实力就不要来
抗抑郁制剂盐酸舍曲林,"https://guba.eastmoney.com/news,002020,194969311.html",2015-08-14 16:31:03,已成为国产第一品牌，新上市的治疗癫痫的产品左乙拉西坦，是国内首批获得厂家之一，市场前景巨大，还有待审的卡巴拉汀，治疗中重度老年痴呆用药，随着老年化时代的来临，这类精神神经类药物发展空间将更大。
增发受理，股价大跌。公司增发价破了怎么办,"https://guba.eastmoney.com/news,002020,915272834.html",2015-08-21 16:44:00,"增发受理，股价大跌。公司增发价破了怎么办
京新药业
京新药业：公司经营正常，业绩稳定，管理层对公司未来发展保持充分的信心。谢谢
(来自深交所互动易)答复时间 2015-08-21 16:44:00"
去年定增的都走了吗,"https://guba.eastmoney.com/news,002020,915272640.html",2015-08-21 17:10:00,"去年定增的都走了吗
京新药业
京新药业：公司也未知，谢谢
(来自深交所互动易)答复时间 2015-08-21 17:10:00"
大股东现价增持。提振股市,"https://guba.eastmoney.com/news,002020,915272870.html",2015-08-21 16:40:00,"大股东现价增持。提振股市
京新药业
京新药业：谢谢建议
(来自深交所互动易)答复时间 2015-08-21 16:40:00"
公司大跌到底怎么了,"https://guba.eastmoney.com/news,002020,915272860.html",2015-08-21 16:41:00,"公司大跌到底怎么了
京新药业
京新药业：公司经营正常，业绩稳定。谢谢！
(来自深交所互动易)答复时间 2015-08-21 16:41:00"
谢谢您针对之前对瑞舒伐他汀和康复新液产品咨询的回复。再请问公司和英国Cresce,"https://guba.eastmoney.com/news,002020,915272871.html",2015-08-21 16:40:00,"谢谢您针对之前对瑞舒伐他汀和康复新液产品咨询的回复。再请问公司和英国Crescent公司合作进展如何？公司的瑞舒伐他汀是否有望在12-18个月之内完成海外认证？公司在主力药出口上的规划是？ 谢谢解答。
京新药业
京新药业：: 对瑞舒伐、康复新的产品咨询已回复，谢谢！与英国客户的合资公司已成立，并开始注册产品，产品注册有一定的时间周期，一般要2、3年时间，公司会抓紧时间、积极推进。谢谢
(来自深交所互动易)答复时间 2015-08-21 16:40:00"
公司高管预测公司百亿市值要几十年？,"https://guba.eastmoney.com/news,002020,915272899.html",2015-08-21 16:37:00,"公司高管预测公司百亿市值要几十年？
京新药业
京新药业：公司经营业绩稳定增长，管理层有信心实现百亿市值梦想。谢谢
(来自深交所互动易)答复时间 2015-08-21 16:37:00"
老龄人口呈现几何式增长,"https://guba.eastmoney.com/news,002020,196510459.html",2015-08-20 16:03:04,"人类已经全面进入老龄化社会，伴随着未来老年人成为消费主力大军,相关产业望迎来爆发式增长。。老年痴呆状态。表情呆滞、淡漠，多卧床，无法进行正常谈话，语言支离破碎，有的走路不稳，东倒西歪或肢体挛缩。病人生活完全不能自理。头颅CT检查广泛脑萎缩，脑电图可见全面的慢波。 　
意见建议：　重酒石酸卡巴拉汀胶囊的治疗效果是相当不错的，如需购买重酒石酸卡巴拉汀胶囊，欢迎到网上药店"
会阴包阳吗？,"https://guba.eastmoney.com/news,002020,196452505.html",2015-08-20 14:26:47,
跌吧，跌停才好玩,"https://guba.eastmoney.com/news,002020,196453956.html",2015-08-20 14:28:22,跌吧，跌停才好玩
收盘价肯定是阴线27.10元下,"https://guba.eastmoney.com/news,002020,196057973.html",2015-08-19 13:41:57,
本周收盘拉阴或者阳十字星,"https://guba.eastmoney.com/news,002020,196440117.html",2015-08-20 14:06:41,
成交量明显不足今日无戏,"https://guba.eastmoney.com/news,002020,194467311.html",2015-08-13 09:38:19,[不赞]
请问王总：贵公司每年加入和离开公司的人员占公司人数的比例？,"https://guba.eastmoney.com/news,002020,915275397.html",2015-08-20 16:05:00,"请问王总：贵公司每年加入和离开公司的人员占公司人数的比例？
京新药业
京新药业：根据公司快速发展需求，公司近几年人员增加较多，已有一定的人才储备；离职流失率也在正常可控范围内。谢谢
(来自深交所互动易)答复时间 2015-08-20 16:05:00"
请问吕董平时喜欢看什么书？,"https://guba.eastmoney.com/news,002020,915275261.html",2015-08-20 16:18:00,"请问吕董平时喜欢看什么书？
京新药业
京新药业：吕董看书侧重在经济类、管理类。谢谢
(来自深交所互动易)答复时间 2015-08-20 16:18:00"
汇金持股中新药业！,"https://guba.eastmoney.com/news,002020,196217894.html",2015-08-19 20:30:38,汇金持股中新药业！
股东人数不是机密，为何必须到公司查询？外地的股东很多，怎么可能都到公司查询？请贵,"https://guba.eastmoney.com/news,002020,915275439.html",2015-08-20 16:03:00,"股东人数不是机密，为何必须到公司查询？外地的股东很多，怎么可能都到公司查询？请贵公司向其他上市公司学习，要么互动时及时给予解答，要么在电话中答复，也体现了对各股东的重视。
京新药业
京新药业：根据信息披露的相关规定，公司会在定期报告中披露每一阶段的股东人数，敬请关注！根据公司《章程》规定，您也可以携带相关证明文件到公司董事会办公室查询。谢谢
(来自深交所互动易)答复时间 2015-08-20 16:03:00"
请问贵公司截止8月15日的股东人数和持有贵公司股票的机构数量，谢谢,"https://guba.eastmoney.com/news,002020,915275435.html",2015-08-20 16:03:00,"请问贵公司截止8月15日的股东人数和持有贵公司股票的机构数量，谢谢
京新药业
京新药业：根据信息披露的相关规定，公司会在定期报告中披露每一阶段的股东人数，敬请关注！根据公司《章程》规定，您也可以携带相关证明文件到公司董事会办公室查询。谢谢
(来自深交所互动易)答复时间 2015-08-20 16:03:00"
今天大盘可能翻红涨。,"https://guba.eastmoney.com/news,002020,196072617.html",2015-08-19 14:08:46,京新药业买入后今天不做T
明天破27.00元,"https://guba.eastmoney.com/news,002020,195757092.html",2015-08-18 15:29:25,
庄说我与你们同套。,"https://guba.eastmoney.com/news,002020,195738110.html",2015-08-18 14:56:00,还说没庄吗
现价操作进入一定会拉伸，散户们都为自己加油吧,"https://guba.eastmoney.com/news,002020,195944122.html",2015-08-19 09:44:21,现价操作进入一定会拉伸，散户们都为自己加油吧
如果股民都疯了对这公司是重大利好,"https://guba.eastmoney.com/news,002020,195723793.html",2015-08-18 14:40:09,如果股民都疯了对这公司是重大利好
公司停牌至今还走不过大盘。,"https://guba.eastmoney.com/news,002020,915278326.html",2015-08-19 10:58:00,"公司停牌至今还走不过大盘。
京新药业
京新药业：股市有风险，投资需谨慎。谢谢
(来自深交所互动易)答复时间 2015-08-19 10:58:00"
公司只有几十亿市值。百亿市值就是梦想。何况300亿市值？,"https://guba.eastmoney.com/news,002020,915278318.html",2015-08-19 11:01:00,"公司只有几十亿市值。百亿市值就是梦想。何况300亿市值？
京新药业
京新药业：有梦想就有动力，京新梦是全体京新人的梦，我们有信心和决心去实现京新梦。谢谢
(来自深交所互动易)答复时间 2015-08-19 11:01:00"
公司有一类，二类新药研发吗,"https://guba.eastmoney.com/news,002020,915278379.html",2015-08-19 10:43:00,"公司有一类，二类新药研发吗
京新药业
京新药业：公司一贯重视新产品的研究开发，已形成新产品研发储备梯队，处于临床研究的EVT201项目就是独家专利新药。谢谢
(来自深交所互动易)答复时间 2015-08-19 10:43:00"
公司研发资金占受益百分比高吗,"https://guba.eastmoney.com/news,002020,915278374.html",2015-08-19 10:45:00,"公司研发资金占受益百分比高吗
京新药业
京新药业：公司每年保证一定比例的研发投入，随着企业经营业绩的快速增长，研发投入金额也在不断增大。谢谢
(来自深交所互动易)答复时间 2015-08-19 10:45:00"
这盘洗的，都不好意思做差价了，送钱没有这么送的,"https://guba.eastmoney.com/news,002020,195695736.html",2015-08-18 13:59:57,牛
公司股价好不容易一个涨停，第二天就跌停。公司市值管理有吗？,"https://guba.eastmoney.com/news,002020,915278393.html",2015-08-19 10:38:00,"公司股价好不容易一个涨停，第二天就跌停。公司市值管理有吗？
京新药业
京新药业：市值管理不是控制股价涨跌，股市有风险，投资需谨慎。谢谢！
(来自深交所互动易)答复时间 2015-08-19 10:38:00"
两桶油疯狂上拉，又到主力出货的时候了，小心了！,"https://guba.eastmoney.com/news,002020,195630398.html",2015-08-18 11:17:31,两桶油疯狂上拉，又到主力出货的时候了，小心了！
生来乍到，摸不着炉灶啊——朋友们大家好。,"https://guba.eastmoney.com/news,002020,195390608.html",2015-08-17 15:00:42,离开三湘来京新，风光依然股友亲；大家同度好时光，一片光阴遍地金。——祝大家风光炒股，贺朋友财源滚滚。
请问8月15日公司股东数多少？谢谢,"https://guba.eastmoney.com/news,002020,915278398.html",2015-08-19 10:36:00,"请问8月15日公司股东数多少？谢谢
京新药业
京新药业：根据信息披露的相关规定，公司会在定期报告中披露每一阶段的股东人数，敬请关注！根据公司《章程》规定，您也可以携带相关证明文件到公司董事会办公室查询。谢谢
(来自深交所互动易)答复时间 2015-08-19 10:36:00"
请问8月15日公司股东人数，谢谢,"https://guba.eastmoney.com/news,002020,915278397.html",2015-08-19 10:36:00,"请问8月15日公司股东人数，谢谢
京新药业
京新药业：根据信息披露的相关规定，公司会在定期报告中披露每一阶段的股东人数，敬请关注！根据公司《章程》规定，您也可以携带相关证明文件到公司董事会办公室查询。谢谢
(来自深交所互动易)答复时间 2015-08-19 10:36:00"
谁做T了,"https://guba.eastmoney.com/news,002020,195309494.html",2015-08-17 11:54:24,
主力大笔出逃,"https://guba.eastmoney.com/news,002020,195365449.html",2015-08-17 14:20:57,13.58大笔卖出3万多手。
拉高后，小伞接盘,"https://guba.eastmoney.com/news,002020,195363555.html",2015-08-17 14:17:42,拉高后，小伞接盘
早上亏了2毛卖了，进了京新药业和深圳能源，都大涨,"https://guba.eastmoney.com/news,002020,195328079.html",2015-08-17 13:12:35,"早上亏了2毛卖了，进了京新药业和深圳能源，都大涨
白云蓝天不是梦
鄂武商是一家没脸没皮的公司，对投资者不负责任。
恶庄加上烂股东，还有希望吗？我走人。
2015/8/17 11:20:06武商集团吧"
下周26.00元难保？,"https://guba.eastmoney.com/news,002020,194591772.html",2015-08-13 14:05:51,
主力在干嘛呢,"https://guba.eastmoney.com/news,002020,195270005.html",2015-08-17 10:33:36,主力，出一次风头啊
压过去,"https://guba.eastmoney.com/news,002020,195268715.html",2015-08-17 10:31:23,压过去
支撑挺强的，两个点就下不去了,"https://guba.eastmoney.com/news,002020,194906697.html",2015-08-14 13:59:17,支撑挺强的，两个点就下不去了
