标题,链接,发布时间,内容
空城计，你懂的,"https://guba.eastmoney.com/news,002186,446654237.html",2016-07-12 14:14:05,空城计，你懂的
有种拉上去,"https://guba.eastmoney.com/news,002186,446640570.html",2016-07-12 14:00:43,有种拉上去
哈哈，澄清了。但是现在不做，并不表明以后不做，不可能空穴来风。,"https://guba.eastmoney.com/news,002186,446604503.html",2016-07-12 13:18:53,哈哈，澄清了。但是现在不做，并不表明以后不做，不可能空穴来风。
我不信你能拉涨停,"https://guba.eastmoney.com/news,002186,446601911.html",2016-07-12 13:15:59,"我不信你能拉涨停
"
豫能控股。。赶紧进，短期效果应该好于全聚德,"https://guba.eastmoney.com/news,002186,446599072.html",2016-07-12 13:12:17,豫能控股。。赶紧进，短期效果应该好于全聚德
赚了9000块，全聚德旗下峨嵋酒家的菜好吃,"https://guba.eastmoney.com/news,002186,446567002.html",2016-07-12 12:20:53,赚了9000块，全聚德旗下峨嵋酒家的菜好吃
鸭子还是那个弱庄，鸭迷们命苦啊！,"https://guba.eastmoney.com/news,002186,446537299.html",2016-07-12 11:31:59,鸭子还是那个弱庄，鸭迷们命苦啊！
泄了,"https://guba.eastmoney.com/news,002186,446506546.html",2016-07-12 11:03:48,泄了
妈的，就你还是绿的，绿鸭子谁敢吃，老子不买了,"https://guba.eastmoney.com/news,002186,446444241.html",2016-07-12 10:16:18,妈的，就你还是绿的，绿鸭子谁敢吃，老子不买了
现在涨跌都在控制之内了,"https://guba.eastmoney.com/news,002186,446471586.html",2016-07-12 10:36:55,现在涨跌都在控制之内了
物极必反，关注底部盘整小盘央企,"https://guba.eastmoney.com/news,002186,445765985.html",2016-07-11 17:58:22,"A股巨资暗潮涌动，行情已经开始反转
场外资金陆续进场已经是不争事实
高新小差“杠铃”将沦落，蓝筹与改革崛起
央企改革领军，国企改革、蓝筹策应
急跌洗盘中关注股价处于底部盘整且先于大盘调整的小盘绩优央企（600469）

风神轮胎（600469）：小盘绩优央企
中国轮胎中央企业国际并购运作典范、央企重组整合潜在优质标的，值得关注"
反正炒股资金生活上也不用，想中长线投资，价值投资干起。,"https://guba.eastmoney.com/news,002186,446426239.html",2016-07-12 10:03:08,反正炒股资金生活上也不用，想中长线投资，价值投资干起。
推崇价值投资，买点，回调再加仓。,"https://guba.eastmoney.com/news,002186,446421401.html",2016-07-12 09:59:33,推崇价值投资，买点，回调再加仓。
快快跌，跌倒21,"https://guba.eastmoney.com/news,002186,446396198.html",2016-07-12 09:38:45,快快跌，跌倒21
【讨论】高管集体离职 全聚德后市将迎惊天巨变？,"https://guba.eastmoney.com/news,002186,445563773.html",2016-07-11 13:49:50,"整合贴
导语：7月10日晚间，全聚德连发5则公告，称董事会收到董事长王志强先生、总经理邢颖先生、董事会秘书施炳丰先生、董事张冬梅女士的辞职申请。分析人士指出，统领全聚德过去10多年发展的老管理班子全面辞职，未来全聚德管理层无疑将迎来重大变化。该股后市是否有望迎来爆发行情？大家不妨来讨论一下~
相关阅读：
五大原因致上市公司高管“一锅端”式辞职 今年已有13起！

股友观点：
天涯追杀:超级意淫，谁信谁有病1，据不可靠消息统计，首旅集团旗下有80余餐饮品牌，全聚得应该算是其长子。2，全聚德本身是一世界级名牌，其必须保持高端品牌形象，不得自降身段自毁前程。3，作为公司必须赢利才可持续，其旗下子品牌的发力可以为公司提供现前的利润。但是如果生意太好，又会对主品牌全聚德形成负面影响，这是一个矛盾。4，若要理顺关系，最好的办法就是公司之前提出的公司名称变更，改名中国首膳，重新搭建人事结构，全聚德及其它一众子品牌并列，各品牌成立各品牌分公司或独立事业部，彼此独立运营，它们各自作为独立主体扩展各自业务，共同对母公司中国首膳负责。5，首旅就可以把旗下所有的餐饮品牌整合到中国首膳里，这样既理清了首旅的三大上市板块，又可以给各品牌一条活路。6，可以想见不久的将来，各个城市都会有中国首膳的各种饭店，什么砂锅居，丰泽园，东来顺，四川饭店等等，遍地开花，还怕公司发展不起来？7，收不收购麦当劳都不耽误中国首膳爆发，收成了锦上添花，收不成，这麽多接地气的宝贝也够铺天盖地的发展一气的。呵呵，不爆发都难！

荣枯一岁:琅琊阁飞鸽传书：全聚德只是个道具，如何表演要看首旅爷。国营行政级别副焗上市餐馆，世界仅有，比起上级领导首旅，只能算小干部。‘’至2015年12月31日，在职职工人数是4686人，母公司及主要子公司需承担费用的离退休职工人数是764人‘’。说明领导干部在首旅拿工资，铁饭碗，任免由首旅决定......
延伸阅读:
股民学校
干货合集
核心内参
新股资讯"
一定会后悔,"https://guba.eastmoney.com/news,002186,446412955.html",2016-07-12 09:53:16,一定会后悔
肯定又是“斩仓专业户”光大奉化南山路在抛,"https://guba.eastmoney.com/news,002186,446411954.html",2016-07-12 09:52:27,肯定又是“斩仓专业户”光大奉化南山路在抛
等21的你还得等,"https://guba.eastmoney.com/news,002186,446403303.html",2016-07-12 09:44:55,等21的你还得等
一个百年品牌，金子招牌，几年碌碌无为，确实该挪窝给有经营才能的人,"https://guba.eastmoney.com/news,002186,446401309.html",2016-07-12 09:43:11,一个百年品牌，金子招牌，几年碌碌无为，确实该挪窝给有经营才能的人
完了完了，大家快跑呀，跑完了，我等着21进货呢，哈哈哈,"https://guba.eastmoney.com/news,002186,446395480.html",2016-07-12 09:38:00,完了完了，大家快跑呀，跑完了，我等着21进货呢，哈哈哈
30不见不散,"https://guba.eastmoney.com/news,002186,446388852.html",2016-07-12 09:31:13,30不见不散
之前要万手吧？还有别撤单啊！,"https://guba.eastmoney.com/news,002186,446377176.html",2016-07-12 09:16:07,之前要万手吧？还有别撤单啊！
一个涨停改变眼球，两个涨停改变态度，三个涨停改变信仰,"https://guba.eastmoney.com/news,002186,446350243.html",2016-07-12 08:32:30,一个涨停改变眼球，两个涨停改变态度，三个涨停改变信仰
要暴跌了，SB托都出来了，昨天涨停出货明显，机构席位有380多万的出货量。,"https://guba.eastmoney.com/news,002186,446268972.html",2016-07-12 06:29:03,要暴跌了，SB托都出来了，昨天涨停出货明显，机构席位有380多万的出货量。
鸭子的春天来了！,"https://guba.eastmoney.com/news,002186,446269721.html",2016-07-12 06:30:14,鸭子的春天来了！
鸭子涨到98元，俺也不卖，传家宝的初殇不改！,"https://guba.eastmoney.com/news,002186,446320611.html",2016-07-12 07:47:21,鸭子涨到98元，俺也不卖，传家宝的初殇不改！
今天跌停，就是这样。,"https://guba.eastmoney.com/news,002186,446259789.html",2016-07-12 06:12:19,今天跌停，就是这样。
不用看帖了，天大利好,"https://guba.eastmoney.com/news,002186,446286170.html",2016-07-12 06:53:06,不用看帖了，天大利好
鸭子技术流失了吗？,"https://guba.eastmoney.com/news,002186,446285526.html",2016-07-12 06:51:54,鸭子技术流失了吗？
还没吃饱,"https://guba.eastmoney.com/news,002186,446284783.html",2016-07-12 06:50:53,还没吃饱
今天又是一巨阳,"https://guba.eastmoney.com/news,002186,446284255.html",2016-07-12 06:50:11,今天又是一巨阳
何时一步到位,"https://guba.eastmoney.com/news,002186,446264178.html",2016-07-12 06:21:19,何时一步到位
何吋停盘,"https://guba.eastmoney.com/news,002186,446263735.html",2016-07-12 06:20:11,何吋停盘
财富如何分配？,"https://guba.eastmoney.com/news,002186,446263034.html",2016-07-12 06:19:04,财富如何分配？
烤鸭飞上了天………,"https://guba.eastmoney.com/news,002186,446251602.html",2016-07-12 05:58:34,烤鸭飞上了天………
全聚德有图有真像,"https://guba.eastmoney.com/news,002186,445844196.html",2016-07-11 19:54:33,全聚全的行情在绝望中产生，在犹豫中上涨，市场中她是一只稀缺品种、不可再生的好美女。是可遇而不可求的，一旦失之交臂总会令人神往、抱憾。股市中不好色，何来的此色彼色？宁可弱水三千，乃独取此一瓢。因为她让我怦然为之心动！！！该股从年2月16日、3月7日、控盘收集筹码、；5月5日、5月17日拉高后又砸盘收集筹码，5月31日至6月l3日继续挖坑洗筹。6月27日筹码收集完毕后，开始小始小幅拉升，直到今日7月11日盘面显示为高度控盘……微笑
22.00买了，会否被套？仓位比较重！现在有点后悔，买多了。,"https://guba.eastmoney.com/news,002186,445488580.html",2016-07-11 12:23:59,22.00买了，会否被套？仓位比较重！现在有点后悔，买多了。
明天10000股，20.50轻松接回！想想就激动哈哈哈！赚个差价,"https://guba.eastmoney.com/news,002186,445882373.html",2016-07-11 20:48:21,明天10000股，20.50轻松接回！想想就激动哈哈哈！赚个差价
必有重大事件发生。,"https://guba.eastmoney.com/news,002186,445985481.html",2016-07-11 23:18:07,必有重大事件发生。
我在等鸭子回补缺口再买人，涨停时清仓了！,"https://guba.eastmoney.com/news,002186,445446803.html",2016-07-11 11:21:04,哈哈哈哈
龙头出自迷茫  妖股来自烂板        当下的“烤鸭”不正是既“迷茫”，而且,"https://guba.eastmoney.com/news,002186,445960759.html",2016-07-11 22:36:58,"龙头出自迷茫 妖股来自烂板
当下的“烤鸭”不正是既“迷茫”，而且中途又“烂板”吗？
这样的股票打着灯笼也难找到！"
鸭子是压仓底的货，有涨就做T吧。不错鸭子今天还是封住涨停板了！,"https://guba.eastmoney.com/news,002186,445938392.html",2016-07-11 22:10:22,鸭子是压仓底的货，有涨就做T吧。不错鸭子今天还是封住涨停板了！
跟国旅 港中旅合并有没有关系,"https://guba.eastmoney.com/news,002186,445918613.html",2016-07-11 21:45:38,跟国旅 港中旅合并有没有关系
涨停打开像吸筹，关键看下午能不能封上。,"https://guba.eastmoney.com/news,002186,445435234.html",2016-07-11 11:08:26,涨停打开像吸筹，关键看下午能不能封上。
全聚德董事长等4名高管集体辞职 业内人士称或与竞标麦当劳有关,"https://guba.eastmoney.com/news,002186,445089929.html",2016-07-11 01:28:35,"来源：证券日报
　　经历改名风波后的全聚德，再次经历人事变动风波。
　　7月10日晚间，全聚德连发5份公告，称公司董事长王志强、总经理邢颖、董事会秘书施炳丰、董事张冬梅因工作变动原因向公司董事会申请辞职。同时公司发布独立董事意见，称关于董事长王志强、总经理邢颖辞职，对公司经营无重大影响。
　　对此。有投资者表示，公司此前承诺3个月内不筹划重大资产重组，如今承诺期限刚刚过去，全聚德便发布公司高管辞职公告，不免让人猜测公司在考虑重大资产重组方面有关事宜。
　　昨日晚间，全聚德发布公告称，公司董事会于2016年7月8日收到董事长王志强、总经理邢颖、董事张冬梅、董事会秘书施炳丰等人的辞职申请，董事长王志强、总经理邢颖仍保留董事职务，董事会秘书施炳丰仍留任副总经理。对于辞职原因，而上述几人的辞职原因都是因工作变动原因向公司董事会申请辞去公司现有职务。
　　值得注意的是，此前4月份公司，公司董秘施炳丰在投资者互动平台上与投资者沟通时曾直言有改名计划，命名为“中国北京首膳”，并在当时引起轰动，为此，4月11日，公司发布澄清公告称，“第一，公司没有考虑进行公司名称变更事宜，从长期来看，也没有进行公司名称变更的计划；第二，公司不存在应披露而未披露的重大信息，包括但不限于重大资产重组、 收购、发行股份等重大事项，并承诺至少未来3个月内不会策划该等重大事项。”
　　如今3个月期间承诺期限刚刚过去，全聚德变就发布了公司高管辞职公告。
　　可以佐证的是，此前有消息称全聚德大股东首旅集团正在参与麦当劳中国区业务的竞标，为此，三胞集团新闻发言人在接受《证券日报》记者采访时表示，三胞集团与首旅集团确实联合参与了此次项目的竞购，目前已向卖方提交了竞标书。
　　上述新闻发言人同时表示，选择首旅集团合作，是因为彼此认可。同时首旅集团拥有很多线下商业资源，能与三胞集团协同合作，因此联合参与了此次竞购。
（来源：证券日报 2016-07-11 01:21）[点击查看原文]"
002186一船头道弹，腾空而起!不漲？机会已给先知先觉的人，从此，一发弹已芙蓉,"https://guba.eastmoney.com/news,002186,445887355.html",2016-07-11 20:56:47,002186一船头道弹，腾空而起!不漲？机会已给先知先觉的人，从此，一发弹已芙蓉出水啦，不涨？嘿嘿嘿……拟目以待吧!
清扬路明天再进！！！再进！！！,"https://guba.eastmoney.com/news,002186,445866423.html",2016-07-11 20:25:13,清扬路明天再进！！！再进！！！
平均市场成本为2O&#183;07元，关注该价位突破后的走势,"https://guba.eastmoney.com/news,002186,416860479.html",2016-06-08 15:58:24,该股旗下拥有14家享誉京城的中华老字号，有1OO余家门店，经营网点遍布京城，经营：京、湘、鲁、苏、豫、川、清真等不同莱系，涵盖中式正餐、快餐、小吃、西餐等不同业种，年直营销售额5亿余元，享有西城区级、北京市级和国家级非物质文化遗产项目17项。有6家企业荣获北京市著名商标。目前通过整合、培育、发展、成为了跨地区、跨所有制、挖掘独特的文化视角，以“弘扬中华饮食文化，打造中国餐饮品牌联合舰队”为使命，实现了严细管理，灵活营销、开拓创新的大型餐饮控股集团……［据同花顺责编］，技木面分析：该股多头力量在聚集，市场平均成本19·28元，在当前的股价处获利盘占比68，机构与散户的平均市场成本为2O·07元，关注该价位突破后的走势。个人观点、不构成投资建议，不喜勿喷，提前祝大家端午节快乐。
看了看龙虎榜，风清扬大师来了啊，欢迎戴维医疗做的不错啊,"https://guba.eastmoney.com/news,002186,445750038.html",2016-07-11 17:35:35,我的小贝都跟着沾光了
全聚德合理估值200-300亿，500亿有泡沫…,"https://guba.eastmoney.com/news,002186,445816090.html",2016-07-11 19:12:37,全聚德合理估值200-300亿，500亿有泡沫…
打造价值投资金帖、金票： 全聚德002186,"https://guba.eastmoney.com/news,002186,405017296.html",2016-05-28 14:05:06,"打造价值投资金帖、金票：全聚德002186
具有核心价值及长期核心竞争力的公司会带动股价一直创出新高，这种优势蓝筹公司如全聚德业绩会依然保持良性增长，这将是一种长期趋势。全聚德的市场份额因行业品牌垄断与行业的稀缺会带来业绩的稳步提升，未来选择投资优势蓝筹将会获得稳定且无风险收益，哪怕是最近股市低迷引起的股价下跌是最佳投资良机。以目前全聚德的历史最低股价结合全聚德的基本面，我们建议大家做巴非特潜伏其中，享受未来垄断行业带来股价翻番乐趣。错过了7元买深发展，20元买贵州茅台，6元买大连商场，7元买稀土高科，6元买尤夫股份、7元买丹甫股份、7元多买常发股份、20元买鼎泰新材不要紧，选择他们以前共性的一点，因为垄断变为行业龙头且毛利率惊人的全聚德吧！　
全聚德目前的所谓大压盘，我们用以前布局丹甫股份、尤夫股份、黄海机械、鼎泰新材、深华发、法因数控、胜利精密、开元仪器、常发股份、青岛碱业等牛票时曾经用了四个字，目前同样适用于全聚德：“螳臂挡车”！
逆市做盘吸筹注定会失败，我们认为短视机构只能阻挡一时，长期看只能用弹簧理论来对应，压的越久，以后上升幅度越大。
我们认为凭借低估值、稀缺性、稳增长，全聚德将是受益深港通首选标的之一。新股开闸发行后的众多只新发股票已经给股市带来了巨大的财富效应，股价每天开盘至少比发行价上涨了45%，随后继续N个涨停，新股的价格已经较发行价翻了N番。5178点跌下来后，泥沙聚下，熊了1年的股市，全聚德在未来值得用翻N倍来期待，投资者可以加大投资的比例，重点布局中小板稀缺资源老字号股票全聚德，去分享IPO带来的比价成果。全聚德发行价11.39元，目前价格18.98元。我们的逻辑是，要么新股向老股靠拢，要么老股向新股靠拢。全聚德在年线附近横盘9年多时间，9年的大型潜伏底主力资金吸筹接近尾声，盘面看散户因高位长期被套惜售明显，盘面经常N分钟没有成交记录，近期4月8日、5月17日等日试探性买盘最近时常出现，近一周交易时间也有大笔换手出现。目前，全聚德股价处于临界点区域，众多餐饮食品股近期出现创出历史新高走势，大部分餐饮食品股从历史底部算起升幅接近N倍，最近国家出台营改增出现扶持税收政策，有理由相信，作为饮食消费大国，后期国家的保增长、促销费扶持政策仍值得期待。全聚德从历史底部升幅算起明显小于创业板、小于大盘，小于中小板、小于餐饮食品股、远远低于新股比价。我们预期，全聚德必向上突破，横有多长竖有多高的未来升幅将用N倍来计算。
全聚德属于是完全控盘的票，后期就如我们曾布局的三泰电子、胜利精密、鼎泰新材、法因数控、、、、、、等大牛票一样，以后散户想买，就算高位队也买不到。作为餐饮行业的领跑者，随着行业成长及国家产业政策大需求，业绩将迎来拐点的飞跃发展。股票价格应该也会很快纠正过来。严重低估的中华老字号全聚德具备超级大牛票所有特征：
1、18.98元股价较低，最近9年股价一直在年线附近徘徊
2、业绩出现预增，截至2016-05-28，6个月以内共有 8 家机构对全聚德的2016年度业绩作出预测；
预测2016年每股收益 0.48 元，较去年同比增长 12.91%， 预测2016年净利润 1.49 亿元，较去年同比增长 13.99%
3、新兴产业中新技术、新产品细分行业龙头，产品在国内外市场有竞争力，有价格话语权
4、股价距离历史最高价78,56元跌幅较大，泡沫没有了
5、行业前景保消费、促增长行业整体出现转暖迹象
6、走势出现多头排列，并出现多年难遇：群线中短期均线黏合现象
7、成交量上看有大资金一直在吸纳，OBV显示主力仍在大量吸纳
8、国务院总理李克强在5月11日主持召开的国务院常务会议时提到，部署促进消费品工业增品种提品质创品牌，更好满足群众消费升级需求，推动中华老字号传承升级，支持企业培育新品牌。
9、户均流通股:1.26万股，股东人数大幅减少，中央汇金公司高位被套
10、牛票基因必备，地域色彩较浓此股为深圳、中小板北京股，北京股每年跑出很多翻数倍大牛股
11、横盘9年多时间，吸纳周期较长，近期股价开始出现异动将群线并发
12、每股资本公积较高1.75元，每股未分利润:1.454元,毛利率媲美五粮液，高达65.2%
13、同类行业跑出了创历史新高股票、大多同行业股价出现翻几倍甚至创历史新高现象
14、 公司向北京鸭哥科技有限公司增资1524.11万元取得其55%股权。鸭哥科技专注于打造“全聚德及全国美食+互联网”的新产品，新品牌，新业态和新模式，以全聚德核心业务互联网化实践者和服务商为企业使命，以随时随地享用品质美食为愿景，力争成为中国美食外卖电商第一品牌。全聚德外卖依靠鸭哥科技与传统门店合作，开拓北京外卖产品市场，是公司创新经营，丰富餐饮业态的一项重要举措。鸭哥科技计划在2015年12月至2018年底间布局北京、重庆、上海三个城市，投资规模为3100万元。另外，公司在已有天猫商城全聚德旗舰店的基础上，陆续发展天猫超市，京东商城，1号店，中粮我买网，亚马逊中国，央视网商城等多个线上主流商城。
15、股东出现常年锁仓筹码非常集中现象，如近期买进可参与公司今年6月10派2.2元分红
16、中期均线纠结，阳放量阴缩量，底部抬高
17、坑底的成交量与前期成交量相比要小得多，就如同芝麻点一样，股价不创新低后，股价开始回升　
18、OBV出现新高股价必有新高，走势独立大盘，公司走势的背后应该还隐藏着并没有被市场发现的大题材。目前公司的股价还是跟着大盘的走势随波逐流，等到市场挖掘出它背后题材的时候，才是全聚德股价真正拉升的开始。日、周、月K线组合看全聚德的即将飙升绝不是心血来潮的偶然现象，主力蓄谋已久，长期以来外盘大于内盘，建仓周期接近9年。经常出现规律性的向上冲击波；N分钟无成交的原理我们认为与地量相同，由于超级主力控盘，散户手中没有筹码，尤其是在下跌中，主力不动，该股就没有成交-，此现象可以印证该股筹码已经全部集中于主力手中。后期将顺利实现“横多长，竖多高”的走势。
展开阅读全文"
那些说什么垃圾食品的我就问你一句，你自己去调查，你身边有几个吃过全聚德的烤鸭的，,"https://guba.eastmoney.com/news,002186,445823530.html",2016-07-11 19:24:03,那些说什么垃圾食品的我就问你一句，你自己去调查，你身边有几个吃过全聚德的烤鸭的，又有几个吃过麦当劳的。。多的就不说了，不要老打自己的脸，我也给你个实话，无论是全聚德还是麦当劳，我都吃的很少很少。。我也相信，多数人跟我一样的
这么大动作，是不是把鸭子业务剥离还给集团？,"https://guba.eastmoney.com/news,002186,445785776.html",2016-07-11 18:28:58,再引进其它业务做大市值？
全聚德,"https://guba.eastmoney.com/news,002186,445334403.html",2016-07-11 09:30:55,今天敢不敢拉个板哈哈哈
每次全聚德补涨就是大盘见顶的标志,"https://guba.eastmoney.com/news,002186,445592460.html",2016-07-11 14:18:26,太准了
一个半月后再来看，108手蹲守中,"https://guba.eastmoney.com/news,002186,445469958.html",2016-07-11 11:50:03,一个半月后再来看，108手蹲守中
下周一如果下探，那就是最后上车的机会。本人将打完最后的子弹。全聚有德之人-全聚德,"https://guba.eastmoney.com/news,002186,425606695.html",2016-06-24 22:30:34,下周一如果下探，那就是最后上车的机会。本人将打完最后的子弹。全聚有德之人-全聚德！
哈哈哈哈！换执政啦，鸭子一飞冲天,"https://guba.eastmoney.com/news,002186,445675664.html",2016-07-11 15:47:18,旧的不去新的不来，没有他们的全聚德才是银河系五百强之首！！！
全聚德:关于总经理辞职的公告,"https://guba.eastmoney.com/news,002186,444870646.html",2016-07-10 17:08:36,"公告日期：2016-07-11
证券代码：002186 证券简称：全聚德 公告编号：2016-19

中国全聚德（集团）股份有限公司

关于总经理辞职的公告

本公司及董事会全体成员保证公告内容的真实、准确和完整，没有虚假记载、误导性

陈述或者重大遗漏。

中国全聚德（集团）股份有限公司（以下简称“公司”）董事会于 2016 年

7 月 8 日收到总经理邢颖先生的辞职申请。 邢颖先生因工作变动原因特向公司董

事会申请辞去公司总经理职务，但仍将继续担任公司董事职务。

公司董事会对邢颖先生在任职公司总经理期间对公司所做的贡献表示衷心

感谢。

特此公告。

中国全聚德（集团）股份有限公司董事会

二0一六年七月八日
[点击查看PDF原文]
提示：本网不保证其真实性和客观性，一切有关该股的有效信息，以交易所的公告为准，敬请投资者注意风险。"
今天板价先出了，量太大了。,"https://guba.eastmoney.com/news,002186,445672374.html",2016-07-11 15:42:28,今天板价先出了，量太大了。
4月12日公告说3个月内不重组，7月11日董事长，总经理，董事都辞职了。傻子都知,"https://guba.eastmoney.com/news,002186,445656783.html",2016-07-11 15:19:43,4月12日公告说3个月内不重组，7月11日董事长，总经理，董事都辞职了。傻子都知道你们要做啥！
麦当劳这三个字，值300都是少说了,"https://guba.eastmoney.com/news,002186,445556421.html",2016-07-11 13:44:12,麦当劳这三个字，值300都是少说了
明天南海仲裁结果该出来了,"https://guba.eastmoney.com/news,002186,445636019.html",2016-07-11 14:56:42,明天南海仲裁结果该出来了，结果会是什么？
麦当劳垃圾食品，现在没有人吃了，现在都吃绿色食品了[微笑],"https://guba.eastmoney.com/news,002186,445477388.html",2016-07-11 12:03:56,麦当劳垃圾食品，现在没有人吃了，现在都吃绿色食品了
你也是牛逼，最后十分钟。,"https://guba.eastmoney.com/news,002186,445630005.html",2016-07-11 14:51:17,你也是牛逼
探讨：猜想，国企改革，全聚德大股东从北京旅游集团公司分离出来，组建北京歺饮集团股,"https://guba.eastmoney.com/news,002186,445627112.html",2016-07-11 14:49:14,探讨：猜想，国企改革，全聚德大股东从北京旅游集团公司分离出来，组建北京歺饮集团股份有限公司整体上市
全聚德拉高出货,"https://guba.eastmoney.com/news,002186,445625989.html",2016-07-11 14:48:12,今天进的明天开盘就卖，手慢的挨套！
正宗麦当劳非三元股份莫属，600429,"https://guba.eastmoney.com/news,002186,445622137.html",2016-07-11 14:44:55,正宗麦当劳非三元股份莫属，600429
明天停牌，停牌后大家猜猜有多少个涨停板！我先来……………………………………………,"https://guba.eastmoney.com/news,002186,445619734.html",2016-07-11 14:42:49,明天停牌，停牌后大家猜猜有多少个涨停板！我先来…………………………………………………………………………………………………………………………………………………………………………至少十个。
买你绝对不是为了板。。。我赌的就是连板,"https://guba.eastmoney.com/news,002186,445544363.html",2016-07-11 13:35:28,买你绝对不是为了板。。。我赌的就是连板
002186  是时候该减仓了赚的已经可以了全聚德  再见！,"https://guba.eastmoney.com/news,002186,445590600.html",2016-07-11 14:16:29,002186 是时候该减仓了赚的已经可以了全聚德再见！
封单上突然这么多抛盘，大家说是在出货还是洗盘？,"https://guba.eastmoney.com/news,002186,445589369.html",2016-07-11 14:14:52,封单上突然这么多抛盘，大家说是在出货还是洗盘？
哥买的不是全聚德，是麦当劳[大笑][大笑][大笑],"https://guba.eastmoney.com/news,002186,445562217.html",2016-07-11 13:48:43,哥买的不是全聚德，是麦当劳
暂时7000封住了，鸭鬼庄，还在慢慢拉后腿！,"https://guba.eastmoney.com/news,002186,445555006.html",2016-07-11 13:43:19,暂时7000封住了，鸭鬼庄，还在慢慢拉后腿！
小碎步上涨，大涨前兆[鼓掌][鼓掌][鼓掌],"https://guba.eastmoney.com/news,002186,444364248.html",2016-07-09 19:27:06,小碎步上涨，大涨前兆
单不要多，封住就好。,"https://guba.eastmoney.com/news,002186,445547732.html",2016-07-11 13:38:02,单不要多，封住就好。
吸筹结束，这下不会再开板了。,"https://guba.eastmoney.com/news,002186,445546359.html",2016-07-11 13:36:55,吸筹结束，这下不会再开板了。
麦当劳,"https://guba.eastmoney.com/news,002186,445527560.html",2016-07-11 13:20:12,？
超级意淫，谁信谁有病 1，据不可靠消息统计，首旅集团旗下有80余餐饮品牌，全聚得,"https://guba.eastmoney.com/news,002186,445537091.html",2016-07-11 13:29:01,"超级意淫，谁信谁有病
1，据不可靠消息统计，首旅集团旗下有80余餐饮品牌，全聚得应该算是其长子。
2，全聚德本身是一世界级名牌，其必须保持高端品牌形象，不得自降身段自毁前程。
3，作为公司必须赢利才可持续，其旗下子品牌的发力可以为公司提供现前的利润。但是如果生意太好，又会对主品牌全聚德形成负面影响，这是一个矛盾。
4，若要理顺关系，最好的办法就是公司之前提出的公司名称变更，改名中国首膳，重新搭建人事结构，全聚德及其它一众子品牌并列，各品牌成立各品牌分公司或独立事业部，彼此独立运营，它们各自作为独立主体扩展各自业务，共同对母公司中国首膳负责。
5，首旅就可以把旗下所有的餐饮品牌整合到中国首膳里，这样既理清了首旅的三大上市板块，又可以给各品牌一条活路。
6，可以想见不久的将来，各个城市都会有中国首膳的各种饭店，什么砂锅居，丰泽园，东来顺，四川饭店等等，遍地开花，还怕公司发展不起来？
7，收不收购麦当劳都不耽误中国首膳爆发，收成了锦上添花，收不成，这麽多接地气的宝贝也够铺天盖地的发展一气的。
呵呵，不爆发都难！"
全聚德这百年老店你也可以老树换新芽了,"https://guba.eastmoney.com/news,002186,445313275.html",2016-07-11 09:01:58,如题
今天办不了,"https://guba.eastmoney.com/news,002186,445535105.html",2016-07-11 13:27:23,今天办不了
鸭子加油！,"https://guba.eastmoney.com/news,002186,445518442.html",2016-07-11 13:10:17,鸭子加油！
琅琊阁飞鸽传书：全聚德只是个道具，如何表演要看首旅爷。 国营行政级别副焗上市餐馆,"https://guba.eastmoney.com/news,002186,445485899.html",2016-07-11 12:19:19,"琅琊阁飞鸽传书：全聚德只是个道具，如何表演要看首旅爷。
国营行政级别副焗上市餐馆，世界仅有，比起上级领导首旅，只能算小干部。‘’至2015年12月31日，在职职工人数是4686人，母公司及主要子公司需承担费用的离退休职工人数是764人‘’。说明领导干部在首旅拿工资，铁饭碗，任免由首旅决定。"
，目前第一轮投标刚刚结束，9月份还有第二轮投标。,"https://guba.eastmoney.com/news,002186,445496053.html",2016-07-11 12:38:02,北京志起未来咨询集团创始人李志起表示，这一猜测不能成立。一方面麦当劳的竞购还远远没有到水落石出的时候，目前第一轮投标刚刚结束，9月份还有第二轮投标。和其他竞购者相比，首旅也并非具备绝对优势。在结果还没有出现时，任何一个上市公司都不会为此作出人事安排。
服务只差，味道之一般，价格之贵，是该换人了。,"https://guba.eastmoney.com/news,002186,445494282.html",2016-07-11 12:34:16,服务只差，味道之一般，价格之贵，是该换人了。
20元以下卖出的，都是愚不可及，盛宴马上开席,"https://guba.eastmoney.com/news,002186,439158584.html",2016-07-06 09:09:55,煌上煌，是鸭子的鸭脖子而已，想想吧！
辞职后股价的表现，作为管理层应该羞死，这么些年难道是挽草喂瞎驴了?,"https://guba.eastmoney.com/news,002186,445472366.html",2016-07-11 11:54:22,辞职后股价的表现，作为管理层应该羞死，这么些年难道是挽草喂瞎驴了?
我只能以鼎泰新材看齐了，说什么麦当劳垃圾的，我只想说，有本事你让麦当劳店里的人都,"https://guba.eastmoney.com/news,002186,445471792.html",2016-07-11 11:53:12,我只能以鼎泰新材看齐了，说什么麦当劳垃圾的，我只想说，有本事你让麦当劳店里的人都出来呀，别进去吃呀，你觉得呢。。。
老字号上涨，鸭子今日第一,"https://guba.eastmoney.com/news,002186,445431873.html",2016-07-11 11:05:00,还不错，刚做了个差价，买了回来
全聚德,"https://guba.eastmoney.com/news,002186,434308291.html",2016-07-02 14:53:35,全聚德
11点以前涨停，大家稍后看结果,"https://guba.eastmoney.com/news,002186,445333297.html",2016-07-11 09:29:51,如题
着大戏,"https://guba.eastmoney.com/news,002186,440899053.html",2016-07-07 06:57:51,着大戏
麦当劳给个估值吧？200？[微笑],"https://guba.eastmoney.com/news,002186,445461546.html",2016-07-11 11:36:20,麦当劳给个估值吧？200？
[不说了]21.4跑了，我是有多沉不住气啊！哭,"https://guba.eastmoney.com/news,002186,445458742.html",2016-07-11 11:32:57,[不说了]21.4跑了，我是有多沉不住气啊！哭
上板[鼓掌],"https://guba.eastmoney.com/news,002186,445452047.html",2016-07-11 11:26:13,上板
大涨时希望你还在,"https://guba.eastmoney.com/news,002186,445443906.html",2016-07-11 11:18:04,谁的鸭子卖了，扣税了吧，我扣了百分之十。。。嘿嘿。。。
麦当劳要出新品了： 全聚德烤鸭汉堡,"https://guba.eastmoney.com/news,002186,445439901.html",2016-07-11 11:13:37,麦当劳要出新品了：全聚德烤鸭汉堡
玩的跟足球一样,"https://guba.eastmoney.com/news,002186,445412458.html",2016-07-11 10:47:32,一换主教练——成绩立马好了！
"发套套了!别抢,每人都有,瓷实!…","https://guba.eastmoney.com/news,002186,445434196.html",2016-07-11 11:07:22,"发套套了!别抢,每人都有,瓷实!…"
全聚德就没有一次像样的涨停板,"https://guba.eastmoney.com/news,002186,445432154.html",2016-07-11 11:05:13,全聚德就没有一次像样的涨停板
涨不停短线见顶，火速出逃……,"https://guba.eastmoney.com/news,002186,445430054.html",2016-07-11 11:03:02,涨不停短线见顶，火速出逃……
哎呀。。。。。煌上煌都是你惹的祸,"https://guba.eastmoney.com/news,002186,445394825.html",2016-07-11 10:29:42,哎呀。。。。。煌上煌都是你惹的祸
为什么成交量这么大，并且封不住呢？,"https://guba.eastmoney.com/news,002186,445421852.html",2016-07-11 10:55:48,为什么成交量这么大，并且封不住呢？
头一回，鸭子要成凤凰。。坚定。,"https://guba.eastmoney.com/news,002186,445416165.html",2016-07-11 10:50:58,头一回，鸭子要成凤凰。。坚定。
十点半之前封了板，不慌！！,"https://guba.eastmoney.com/news,002186,445412324.html",2016-07-11 10:47:22,十点半之前封了板，不慌！！
公告3个月后果然有大事件发生啊，已经重仓了，是要换将为重组扫清障碍吗？怎么应对？,"https://guba.eastmoney.com/news,002186,445287155.html",2016-07-11 08:24:42,公告3个月后果然有大事件发生啊，已经重仓了，是要换将为重组扫清障碍吗？怎么应对？
说真的是祸是福还不一定，但是已经当福对待了，见好就收吧,"https://guba.eastmoney.com/news,002186,445407665.html",2016-07-11 10:42:36,不要煮熟了的鸭子又飞了，
002186  七号买的 到现在一股已经赚了两元钱了,"https://guba.eastmoney.com/news,002186,445392490.html",2016-07-11 10:27:09,002186 七号买的 到现在一股已经赚了两元钱了
啥情况，鸭装又跳了？,"https://guba.eastmoney.com/news,002186,445400362.html",2016-07-11 10:35:22,啥情况，鸭装又跳了？
大盘最近有上行的要求 鸭庄注意,"https://guba.eastmoney.com/news,002186,400155137.html",2016-05-23 19:52:57,大盘最近看很难下去了 有反弹上行的要求。鸭庄 我已经提醒你了 你要抓紧拉升啊。
着概念我真是服了，老总们辞职是为了卖掉股票吧，也算利好？,"https://guba.eastmoney.com/news,002186,445378918.html",2016-07-11 10:13:55,醉了，醉了~
全聚德 3年必上40元,"https://guba.eastmoney.com/news,002186,376063555.html",2016-05-06 12:14:51,"深港通一开 外资必定大量买入全聚德
根据目前的沪港通数据 买入第一的是贵州茅台大胆预测 全聚德 定会受外资青睐
而且我非常看好 小鸭哥外卖系列"
全聚德今天涨停板，嘎嘎嘎嘎,"https://guba.eastmoney.com/news,002186,445323911.html",2016-07-11 09:18:54,123
鸭庄投降了,"https://guba.eastmoney.com/news,002186,428927755.html",2016-06-28 18:15:07,"继续横盘啊 拉起来干嘛？这么快就不玩拉 还没把我洗出去 你就拉升啊
你真没出息 做什么庄 连我都洗不走。"
从09年拿到现在，终于你盘够了，继续持有再拿5年……[大笑],"https://guba.eastmoney.com/news,002186,445394762.html",2016-07-11 10:29:35,从09年拿到现在，终于你盘够了，继续持有再拿5年……
这走势还是可能会板。,"https://guba.eastmoney.com/news,002186,445377377.html",2016-07-11 10:12:17,这走势还是可能会板。
东方集团也是黄金股，一直没涨，有资金的快抢,"https://guba.eastmoney.com/news,002186,445347422.html",2016-07-11 09:43:41,123
002186 七号买的 一股赚了两块钱了  哈哈哈哈哈,"https://guba.eastmoney.com/news,002186,445390433.html",2016-07-11 10:25:15,002186 七号买的 一股赚了两块钱了 哈哈哈哈哈
关门了 全聚德 涨停了,"https://guba.eastmoney.com/news,002186,445389267.html",2016-07-11 10:23:56,"五大原因致上市公司高管“一锅端”式辞职 今年已有13起！
来源：券商中国 编辑：东方财富网
　　难道真的是这届高管不行？不管怎么说，今年以来已有13家上市公司高管出现了集体辞职。

　　7月10日晚间，全聚德连发5则公告，称董事会收到董事长王志强先生、总经理邢颖先生、董事会秘书施炳丰先生、董事张冬梅女士的辞职申请。上述人员因工作变动原因特向公司董事会申请辞去公司董事长、总经理、董事会秘书、董事职位。


四位离职高管持有全聚德股份数如下


　　而现实版的权力的游戏——万科之争愈演愈烈，不知道我们能否看到万科高管团队集体离职的景象。

　　万科方：据媒体报道，万科一位高管称，不会有王石换掉、郁亮留下的可能性，也不会有郁亮走了其他高管留下的可能性；要走就是全体离开，这应当是管理层的基本态度。

　　宝能方：30多名潮商会会长拜访姚振华，并向其表示有需要尽管开口，他们全力支持。但姚老板一一婉拒，称自己可以解决问题。

　　6月以来已有6家公司高管集体辞职

　　无独有偶，上市公司高管集体“出走”的现象并不少见。据券商中国记者不完全统计，自今年6月份以来已有6家上市公司高管集体出走，分别是全聚德、沱牌舍得、科融环境、安泰集团、中毅达、中钨高新。

　　6只个股中，中毅达戏份最多，被市场戏称为“超级妖股”。6月2日，中毅达发布公告称，其董事马庆银、监事谢若锋等11名董监高人员，已经向该公司提出辞职。本次已是公司高管集体出走第二季了，早在5月24日，中毅达就发布公告称，董事长、总经理刘效军以及公司副总经理、董秘、财务总监林旭楠申请辞职，不再担任任何职务。至此，十天里该公司16名董监高人员中，已有13名人辞职。

　　安泰集团高管集体辞职较为特殊，原因系公司涉信披违法行为。安泰集团发布公告称，公司于2016年4月20日收到中国证券监督管理委员会山西监管局行政处罚决定书，因公司信息披露违法行为，对公司时任及现任董事等相关责任人进行了相应的处罚。

　　鉴于上述情况，为了不影响公司目前正在进行的重大资产重组方案的形成，并使公司尽快完善治理结构，保证规范化运作，满足公司发展需要，公司现任第八届董事会董事李猛先生、武辉先生、张德生先生、冀焕文先生和独立董事李挺先生、罗滋先生、裴正先生现决定全部辞去公司董事及相应的董事会专门委员会委员，以及各自担任的公司董事长、总经理、总工程师、副总经理等职务。

　　股价不care公司高管集体离职

　　对于公司高管集体辞职，投资者最为关心的就是公司股价是否会受其影响，从近期的沱牌舍得、科融环境、中毅达、中钨高新四只个股来看，股价貌似根本就不care公司高管的集体离职：

　　7月5日晚间，沱牌舍得公告称，董事长李家顺等9位高管辞职，高层集体大换血，次日(7月6日)，公司股价大涨7.06%；

　　7月5日晚间，科融环境发布公告称，副董事长裴万柱等7人集体辞职，次日(7月6日)，公司股价居然收平，不涨不跌；

　　6月2日晚间，中毅达发布公告称，公司11名董监高集体辞职，次日(6月3日)，公司股价下跌1.58%；

　　6月1日晚间，中钨高新公告称，杨伯华等6位董事集体辞职，次日(6月2日)，公司股价上涨0.45%。

　　高管为何集体辞职

　　对于公司高管集体离职，市场关注的另一话题就是，身为高管为何辞职？甚至是集体离职？券商中国记者通过梳理近半年A股上市公司高管集体辞职情况，得出一下五大原因：

　　一、工作变动原因

　　公司高管集体辞职原因中，“个人原因、工作原因”占到了绝大多数。如今日晚间全聚德发布的公告中，对于董事长王志强先生、总经理邢颖先生、董事会秘书施炳丰先生、董事张冬梅女士辞职的原因，给出的就是工作变动原因。


　　二、个人原因

　　“个人原因”在公司高管集体辞职原因中占比也较大，科融环境7月5日晚间发布公告称，本公司董事裴万柱先生、陈刚先生、华立新先生因个人工作原因，于2016年7月4日向公司董事会书面递交了辞去本公司董事职务的报告。


　　三、严重违纪

　　安泰集团6月中旬发布公告称，因公司涉信披违法行为，董事长李猛等全体7名董事“组团”辞职。

　　公告显示，公司于2016年4月20日收到中国证券监督管理委员会山西监管局行政处罚决定书，因公司信息披露违法行为，对公司时任及现任董事等相关责任人进行了相应的处罚。

　　四、重组后新的高管团队入驻

　　深信泰丰3月9日晚间发布公告称，董事会成员集体辞职，不难理解，重组后神州数码团队入驻已是必然。同样，酒鬼酒高管团队的集体辞职，直接原因就是重组后中粮系人马出手接管。

　　五、业绩不达标

　　上市公司高管尤其是职业经理人存在一定的经营业绩要求，如果在约定时间内没有达到董事会的要求，可能迫于业绩压力而辞职。宝塔实业董事会4名高管集体辞职，原因系工作原因，与其相对应的就是业绩大幅下滑：3月12日，宝塔实业发布年报，实现营业收入2.62亿元，同比下降41.22%，归属于上市公司股东净利润-1.37亿元，同比下降766.65%。

　　高管集体辞职场景回放

　　其实，将时间轴拉长，上市公司高管集体辞职的现象更多，券商中国记者就给大家回放一下本年度高管集体辞职(不完全统计)的画面：

　　7月10日

　　全聚德公告称，董事会于2016年7月8日收到董事长王志强先生、总经理邢颖先生、董事会秘书施炳丰先生的辞职申请。上述人员因工作变动原因特向公司董事会申请辞去公司董事长、总经理、董事会秘书职位。

　　7月5日

　　沱牌舍得发布公告称，公司董事会、监事会于2016年7月4日分别收到公司董事长李家顺，副董事长张树平，董事陈亮、马力军、李富全、虞晓冬先生，监事崔泽贵、马勇、张力先生的书面辞职报告。

　　7月5日

　　科融环境发布公告称，本公司监事王永浩先生、李鹏云先生、郝献涛先生因个人工作原因，本着对公司和股东负责的态度，于 2016 年7月4日向公司监事会书面递交了辞去本公司监事职务的报告，王永浩先生同时辞去了公司第三届监事会主席职务。

　　6月15日

　　安泰集团披露，因公司涉信披违法行为，董事长李猛等全体7名董事“组团”辞职。

　　6月2日

　　中毅达发布公告称，其董事马庆银、监事谢若锋等11董监高人员，已经向该公司提出辞职。加上此前辞职的董事长兼总经理刘效军、副总经理兼董秘林旭楠，十天里该公司16名董监高人员中，已有13名人辞职。

　　6月1日

　　中钨高新发布公告称，公司董事会于2016年5月31日分别收到董事李福利、杨伯华、颜四清、文跃华、盛忠杰、冯宝生的书面辞职报告。李福利先生、杨伯华先生、颜四清先生、文跃华先生、盛忠杰先生、冯宝生先生因工作原因申请辞去公司第八届董事会董事职务。

　　5月20日

　　秋林集团发布公告称，公司董事会收到公司副董事长张云琦、董事霍光、总裁平贵杰以书面形式提交的辞职报告。

　　3月14日

　　宝塔实业公告称，公司董事会于近日收到公司董事孙培华、钱诚、甄海洋、卜健的书面辞呈。公司董事孙培华、钱诚、卜健由于工作原因，公司董事甄海洋因个人原因，从即日起辞去公司董事职务。3月

　　3月9日

　　深信泰丰发布公告称，公司董事会于2016年3月9日先后收到公司董事鲁功亮先生、董事陈冬元先生、董事长晏群先生、独立董事王能光先生提交的书面辞职信。因工作变动，鲁功亮先生申请辞去公司董事、董事会审计委员会委员职务。陈冬元先生申请辞去公司董事职务。晏群先生申请辞去公司董事长、董事、董事会战略与投资委员会召集人职务。王能光申请辞去公司独立董事、董事会审计委员会召集人、绩效与薪酬委员会委员等职务。

　　2月23日

　　九九久发布公告称，公司董事会于2016年2月23日收到公司总经理朱建军先生、常务副总经理夏建华先生、副总经理郭金煌先生、副总经理高继业先生、副总经理张锦山先生、副总经理徐兵先生、财务负责人蒋筱刚先生的书面辞职报告。

　　2月3日

　　华信国际连续发布5则公告称，包括该公司总经理在内的12名高管同日提出辞职，占到该公司17名高管人员的70.6%。

　　1月17日

　　九芝堂发布公告称，公司董事会收到徐向平申请辞去公司总经理、董事会秘书职务的辞职报告，卢捷、俞沅申请辞去公司副总经理职务的辞职报告，毛凤云申请辞去公司财务总监职务的辞职报告，前述辞职自送达董事会时生效。

　　1月13日

　　酒鬼酒连发公告披露，董事长赵公微、董事沈树忠、总经理夏心国已向公司提交书面辞职报告，其中赵公微、沈树忠辞职后将不在酒鬼酒担任任何职务，夏心国将继续担任公司董事及董事会专业委员会的相关职务。

（来源：券商中国 2016-07-10 22:40
展开阅读全文"
热烈欢迎国企做大做强,"https://guba.eastmoney.com/news,002186,445388561.html",2016-07-11 10:23:15,热烈欢迎国企做大做强
要板早板了,"https://guba.eastmoney.com/news,002186,445387873.html",2016-07-11 10:22:47,要板早板了
加油，一次冲上去,"https://guba.eastmoney.com/news,002186,445386727.html",2016-07-11 10:21:50,加油，一次冲上去
磨磨唧唧，再往下砸，我还补仓,"https://guba.eastmoney.com/news,002186,445375533.html",2016-07-11 10:10:32,磨磨唧唧，再往下砸，我还补仓
...,"https://guba.eastmoney.com/news,002186,445374084.html",2016-07-11 10:09:10,"换高层爆涨,有什么大动作马"
谁能告诉我，这是出货还是吸货，真心看不懂,"https://guba.eastmoney.com/news,002186,445359783.html",2016-07-11 09:55:24,谁能告诉我，这是出货还是吸货，真心看不懂
多放努力上冲，空方拼命压盘，就是这样！！！,"https://guba.eastmoney.com/news,002186,445348464.html",2016-07-11 09:44:45,多放努力上冲，空方拼命压盘，就是这样！！！
庄家真弱爆了，这样的体裁还表现成这样,"https://guba.eastmoney.com/news,002186,445368070.html",2016-07-11 10:03:13,庄家真弱爆了，这样的体裁还表现成这样
360,"https://guba.eastmoney.com/news,002186,445362871.html",2016-07-11 09:58:19,360
看看人家紫金，又是涨停，学着点行不？,"https://guba.eastmoney.com/news,002186,445360290.html",2016-07-11 09:55:52,看看人家紫金，又是涨停，学着点行不？
支持国企做大做强，欢迎企业强强合作，全聚德中华老字号，不但要做全国人民口碑上的鸭,"https://guba.eastmoney.com/news,002186,445355832.html",2016-07-11 09:51:25,支持国企做大做强，欢迎企业强强合作，全聚德中华老字号，不但要做全国人民口碑上的鸭子，还要做全国人民口食上的鸭子
茅台股权价格已经一万元还多。全聚德合理价位 五千元。。,"https://guba.eastmoney.com/news,002186,444415045.html",2016-07-09 21:21:17,茅台股权价格已经一万元还多。全聚德合理价位 五千元。。
要大涨了..….,"https://guba.eastmoney.com/news,002186,444971593.html",2016-07-10 21:19:44,要大涨了..….
王志强好走，鸭子要飞的节奏啊。,"https://guba.eastmoney.com/news,002186,445331640.html",2016-07-11 09:27:58,王志强好走，鸭子要飞的节奏啊。
即将被发掘的全聚德 巴菲特们的选股思路,"https://guba.eastmoney.com/news,002186,445331037.html",2016-07-11 09:27:18,"即将被发掘的全聚德巴菲特们的选股思路
您好：全聚德作为上市公司，执行《企业会计准则》。对于固定资产的核算，须严格遵循《企业会计准则第4号--固定资产会计准则》，即按照成本进行初始计量。我司固定资产按照取得时的实际成本进行初始计量。对于自有的房产，作为经营管理者更关注的是通过有效利用所产生的经营成果，这是由餐饮企业固定资产特殊的经济性质决定的。因此，我公司账面记载的房产价值为历史成本，未重估价值。公司三大门店和平门、前门和王府井店地处北京二环内，三个门店的建筑面积共计33,582平方米。谢谢关注。"
一起顶到涨停呀，人多力量大，顶，顶，顶,"https://guba.eastmoney.com/news,002186,445330860.html",2016-07-11 09:27:09,一起顶到涨停呀，人多力量大，顶，顶，顶
[大笑][大笑][大笑][大笑]重大资产注入,"https://guba.eastmoney.com/news,002186,445324835.html",2016-07-11 09:20:06,重大资产注入
全聚德被抛弃了，得力的走了，领导们的亲属要进来了？全聚德总是停滞不前。,"https://guba.eastmoney.com/news,002186,445164171.html",2016-07-11 04:14:57,全聚德被抛弃了，得力的走了，领导们的亲属要进来了？全聚德总是停滞不前。
明天跌停 就是这样。。。,"https://guba.eastmoney.com/news,002186,441792283.html",2016-07-07 18:34:24,明天跌停 就是这样。。。
我草真涨停了[大笑] 周四20.40小鸭子被我做T踢飞了 还回来了吗[亏大了][,"https://guba.eastmoney.com/news,002186,445322833.html",2016-07-11 09:17:25,"我草真涨停了
周四20.40小鸭子被我做T踢飞了
还回来了吗！抢回"
牛鼻啊，[哭],"https://guba.eastmoney.com/news,002186,445322810.html",2016-07-11 09:17:25,牛鼻啊，
管理层跑光了，几个跌停？,"https://guba.eastmoney.com/news,002186,444999553.html",2016-07-10 22:06:17,管理层跑光了，几个跌停？
集体辞职是利好还是利空？请教高手,"https://guba.eastmoney.com/news,002186,445315154.html",2016-07-11 09:05:19,集体辞职是利好还是利空？请教高手
下一个就是万科吗？,"https://guba.eastmoney.com/news,002186,445313588.html",2016-07-11 09:02:25,快乐
麦当劳，早都过时了，快倒闭了，全聚德你还收购个P！垃圾食品，就算竞标成功，我也不,"https://guba.eastmoney.com/news,002186,445306832.html",2016-07-11 08:52:16,麦当劳，早都过时了，快倒闭了，全聚德你还收购个P！垃圾食品，就算竞标成功，我也不看好，现在麦当劳这样的行业没啥太大发展！！！
今年翻身全靠全聚德了,"https://guba.eastmoney.com/news,002186,445299775.html",2016-07-11 08:43:29,今年翻身全靠全聚德了
向辞职的老同志敬礼，你们为全聚德的发展做出重大贡献，历史会记住你们！,"https://guba.eastmoney.com/news,002186,445301000.html",2016-07-11 08:44:53,向辞职的老同志敬礼，你们为全聚德的发展做出重大贡献，历史会记住你们！
对辞职的老同志敬礼，俺们舍不得你们走！,"https://guba.eastmoney.com/news,002186,445298276.html",2016-07-11 08:41:11,对辞职的老同志敬礼，俺们舍不得你们走！
鸭子飞了,"https://guba.eastmoney.com/news,002186,445272509.html",2016-07-11 08:00:50,鸭子飞了
鸭子难道今天开始起飞，嘎嘎嘎嘎,"https://guba.eastmoney.com/news,002186,445268560.html",2016-07-11 07:54:43,123
全聚德 下周连续跌停  强势股补跌 就是这样。股灾继续，美国加息。,"https://guba.eastmoney.com/news,002186,444080602.html",2016-07-09 11:24:33,全聚德下周连续跌停 强势股补跌 就是这样。股灾继续，美国加息。
看不懂的说水很深，看懂的也就是那么回事，人往高处走，低水总会流到这。,"https://guba.eastmoney.com/news,002186,445165251.html",2016-07-11 04:17:25,看不懂的说水很深，看懂的也就是那么回事，人往高处走，低水总会流到这。
看走势机构早知道从组了,"https://guba.eastmoney.com/news,002186,445103968.html",2016-07-11 02:00:15,看走势机构早知道从组了
太搞笑了，管理层全体辞职有人还说是利好！,"https://guba.eastmoney.com/news,002186,444978319.html",2016-07-10 21:31:07,。。。。
全聚德:澄清公告,"https://guba.eastmoney.com/news,002186,316683354.html",2016-04-11 16:37:05,"公告日期：2016-04-12
证券代码：002186 证券简称：全聚德 公告编号：2016-11

中国全聚德（集团）股份有限公司

澄清公告

本公司及董事会全体成员保证公告内容的真实、准确和完整，没有虚假记载、

误导性陈述或者重大遗漏。

近日，有媒体陆续发表题为《全聚德否认改名想法：暂时没有改名重组的情况》、《全聚德拟改名“中国北京首膳”投资者吐槽》、《全聚德回应改名中国北京首膳：并没有此事》等新闻报道并被网络广泛转载。中国全聚德（集团）股份有限公司（以下简称“公司”）对报道中涉及事项进行了核查。

一、报道情况

上述报道中涉及的主要内容为：公司有意改名为“中国北京首膳”；股民关注公司近期是否会有重组事项。

二、澄清说明

为保护投资者利益，经核查，公司针对上述报道特澄清事项如下：

1、公司没有考虑进行公司名称变更事宜，从长期来看，也没有进行公司名称变更的计划。

2、公司不存在应披露而未披露的重大信息，包括但不限于重大资产重组、收购、发行股份等重大事项，并承诺至少未来3个月内不会策划该等重大事项。

3、公司董事会确认，公司目前没有任何根据《深圳证券交易所股票上市规则》等有关规定应予以披露而未披露的事项或与该事项有关的意向、协议等；董事会也未获悉公司有根据《深圳证券交易所股票上市规则》等有关规定应予以披露而未披露的、对公司股票交易价格产生较大影响的信息；公司前期披露的信息不存在需要更正、补充之处。

三、必要提示

公司在此提示广大投资者：《中国证券报》、《证券时报》和深圳证券交易所网站为公司指定的信息披露媒体，公司所有信息均以公司在上述媒体正式公告

披露的信息为准，敬请广大投资者理性投资，注意投资风险。

特此公告。

中国全聚德（集团）股份有限公司董事会

二〇一六年四月十一日


[点击查看PDF原文]
提示：本网不保证其真实性和客观性，一切有关该股的有效信息，以交易所的公告为准，敬请投资者注意风险。"
涨停板，重大资产重组！买入！,"https://guba.eastmoney.com/news,002186,445030698.html",2016-07-10 23:03:12,涨停板，重大资产重组！买入！
不用想，明天一字板,"https://guba.eastmoney.com/news,002186,444999891.html",2016-07-10 22:06:46,不用想，明天一字板
他们都走了，股票就该涨了！在这里这么多年股票没有一点变化。早该走了[大笑][大笑,"https://guba.eastmoney.com/news,002186,445017648.html",2016-07-10 22:37:57,他们都走了，股票就该涨了！在这里这么多年股票没有一点变化。早该走了
董事长、总经理辞职后的仍为董事、什么情况、、由高人来任董事长,"https://guba.eastmoney.com/news,002186,445006073.html",2016-07-10 22:17:52,董事长、总经理辞职后的仍为董事、什么情况、、由高人来任董事长
全聚德:关于董事辞职的公告,"https://guba.eastmoney.com/news,002186,444870349.html",2016-07-10 17:07:46,"公告日期：2016-07-11
证券代码：002186 证券简称：全聚德 公告编号：2016-20

中国全聚德（集团）股份有限公司

关于董事辞职的公告

本公司及董事会全体成员保证公告内容的真实、准确和完整，没有虚假记载、误导性陈述或者重大遗漏。

中国全聚德（集团）股份有限公司（以下简称“公司”）董事会于2016年7月8日收到董事张冬梅女士的辞职申请。张冬梅女士因工作变动原因特向公司董事会申请辞去公司第七届董事会董事职务，同时申请辞去公司董事会审计委员会委员职务。

鉴于张冬梅女士辞去公司董事职务未导致公司董事会成员人数低于法定最低人数，根据相关法律法规及规范性文件以及《中国全聚德（集团）股份有限公司章程》的有关规定，张冬梅女士的辞职报告自2016年7月8日送达公司董事会时生效。辞职后，张冬梅女士将不在公司担任任何职务。公司董事会将按相关规定尽快提名董事候选人，并提交股东大会审议。

张冬梅女士确认其与公司董事会之间无任何意见分歧，亦无任何与辞职有关的事项需提请公司股东注意。

公司董事会对张冬梅女士在任职期间对公司所做的贡献表示衷心感谢。

特此公告。

中国全聚德（集团）股份有限公司董事会

二〇一六年七月八日


[点击查看PDF原文]
提示：本网不保证其真实性和客观性，一切有关该股的有效信息，以交易所的公告为准，敬请投资者注意风险。"
