标题,链接,发布时间,内容
年报出现多处财务异常 协鑫集成遭深交所问询,"https://guba.eastmoney.com/news,002506,393143426.html",2016-05-17 19:15:55,"来源：中国证券网
　　一面是国内市场高达149.55%的营业收入增长，另一面的海外市场却缩水44.29%。尽管*ST超日(现改名协鑫集成)破产重整后的第一年实现总营业收入同比增幅翻番的优秀表现，但分地区来看，公司的海外市场并不乐观。
　　具体看，协鑫集成2015年实现营业收入62.84亿元，其中国内营收61.54亿元，占比97.63%；海外营收1.3亿元，占比仅为2.07%。值得关注的是，公司海外收入同比降幅高达44.29%，与国内市场表现相比更是大相径庭。
　　值得一提的是，公司年报中并未对海外收入的大幅下降做出解释。对此，深交所要求公司结合行业发展现状及公司发展战略说明公司海外销售下降的主要原因。
　　分产品看，公司2015年营业收入中，组件产品销售收入达37.14亿元，较去年同期增长近50%；其全新的系统集成业务更是实现销售收入22.3亿元，收入占比直接来到35.5%。深交所要求公司按客户名称、销售数量、分客户合同总金额、合同执行进展等情况说明 2015 年上述业务销售大幅上升的主要原因。
　　除公司主营业务外，深交所还注意到公司在报告期内经营活动产生的现金流量净额为-10.52 亿元，而归属上市股东的净利润仅为6.39亿元的情况。公司在年报中对此解释，原因为国内组件销售客户账期与供应商账期存在差异，而导致经营性现金流量净额为负值。
　　对公司的上述回应，深交所要求公司进一步详细列示主要销售客户及供应商名称、账款情况、信用政策及票据结算方式等说明公司经营性现金流净额与营收、净利润大幅背离的原因，并说明目前你公司现金流是否满足正常生产经营的需要及拟采取的措施。
　　协鑫集成高达10.92亿和54.94亿元的应收票据和应收账款余额也被深交所注意到，数据显示，两者合计占公司营业收入的比例已达104.81%。
　　对此，深交所要求公司说明形成大额应收账款的主要原因；说明公司的信用政策和回款情况，以及当期计提坏账准备的充分性；说明公司对按欠款方归集的，期末余额前五名的应收账款并未计提坏账准备的具体原因，并自查是否符合谨慎性原则。
　　此外，深交所还对公司存货跌价准备计提、递延所得税资产确认依据、公司资金状况以及偿还能力等问题表示关注，并要求公司于2016年5月31日前将有关材料对外披露并报送，同时抄报上海证监局上市公司监管处。
（来源：中国证券网 2016-05-17 19:14）[点击查看原文]"
量能不断萎缩，祸福难测，还是洗洗睡吧,"https://guba.eastmoney.com/news,002506,385810228.html",2016-05-11 16:24:06,泡妞泡成老公、炒股炒成股东！晕
知道为什么跌吗？股东参与股份增发的需满一年才能解禁，这是对原股东的重大利空，它打,"https://guba.eastmoney.com/news,002506,394673763.html",2016-05-18 19:02:43,知道为什么跌吗？股东参与股份增发的需满一年才能解禁，这是对原股东的重大利空，它打破了股东利用增发变相减持的潜规则。所以股东们抓紧时间抛。
90后自述 炒股历   说多了是泪，不说憋屈,"https://guba.eastmoney.com/news,002506,394668918.html",2016-05-18 18:56:23,自从去年3月份走到大街小巷 都听到股市怎么牛 一星期赚多少，一天赚多少， 于是本人 屁颠屁颠的跑到北京某某营业部 排队开户， 早晨7点去的， 人真是多啊， 九点正式上班， 十点开完户， 第三天 本人拿了两万买入了人生第一支股票汉王科技当时成本32入的， 36出的， 赚了，挺高兴，当时行情就是傻子也赚钱，遍地是黄金。于是胆子越来越大 不知不觉到了5月份本金就已经进了30多，接着暴跌的日子开始了， 跌了割肉 ， 割完肉就抄底， 慢慢的到了九月份本金还剩下十几万时候就清仓了， 今年不甘心 又进去了， 进入了这个十恶不赦的 协鑫， 哎， 又一个车尾巴赔进去了。。 现在我的生活严重的被影响， 协鑫主力啊，要是有点良心让老子回点本吧。
一股亏了1.5，15万股[哭]，是留是割肉[哭],"https://guba.eastmoney.com/news,002506,394635251.html",2016-05-18 18:13:53,一股亏了1.5，15万股，是留是割肉
股指跳空放量下挫，理论全天收光脚K线，邪心不能买,"https://guba.eastmoney.com/news,002506,394196393.html",2016-05-18 10:53:12,
6.3成功补仓，明天收大阳。,"https://guba.eastmoney.com/news,002506,394624819.html",2016-05-18 18:00:34,6.3成功补仓，明天收大阳。
大会开完怎么不发公告？？,"https://guba.eastmoney.com/news,002506,394627812.html",2016-05-18 18:04:38,大会开完怎么不发公告？？
准备好了今天进的朋友跟我一起发财，,"https://guba.eastmoney.com/news,002506,394528746.html",2016-05-18 16:05:21,准备好了今天进的朋友跟我一起发财，
大家来讨论下上一波从19.4回调到5.87，这一波16.3会到多少？[心碎],"https://guba.eastmoney.com/news,002506,394614076.html",2016-05-18 17:47:22,大家来讨论下上一波从19.4回调到5.87，这一波16.3会到多少？[心碎]
6.36 重仓持有,"https://guba.eastmoney.com/news,002506,394438820.html",2016-05-18 14:34:59,"就在刚刚，6.36 很激烈的争夺战中

我杀了进去"
主力资金不断出逃，此股已死！,"https://guba.eastmoney.com/news,002506,386374377.html",2016-05-12 04:50:51,4444444444444444444444444444448
不能买这股票。,"https://guba.eastmoney.com/news,002506,394564365.html",2016-05-18 16:48:36,不能买这股票。
庄已经跑了，怎么办？,"https://guba.eastmoney.com/news,002506,394562976.html",2016-05-18 16:47:26,
大师傅是打发需现场,"https://guba.eastmoney.com/news,002506,394541170.html",2016-05-18 16:19:49,想
屁话那么多，少跌一点才是真理,"https://guba.eastmoney.com/news,002506,394526242.html",2016-05-18 16:03:07,屁话那么多，少跌一点才是真理
想知道协鑫集成的股份是有多么的分散吗？,"https://guba.eastmoney.com/news,002506,386072218.html",2016-05-11 21:43:59,上次一季报我统计了一下，重组时期大股东从原股东手里抢走的16.8亿股的增发股份，一共被减持了4亿股左右，也就是还有12.8亿股在大股东手里，然后加上后来1元增发的25.2亿股尚在禁售期，再加上倪开路手里还有3.15亿股被冻结，协鑫集成总共有超过41亿股在大股东手里，那么在非大股东手里的总共也就9亿股，这9亿股由25.2293万个股东持有，人均持股数大概是3567股！这是多么分散啊，我貌似还没见过人均持股数这么低的票。高于人均股数的举个手或者点个赞如何？
关键,"https://guba.eastmoney.com/news,002506,394501528.html",2016-05-18 15:33:45,发
谈谈近期的市场情况,"https://guba.eastmoney.com/news,002506,393278040.html",2016-05-17 21:36:00,"先回顾一下近期的行情，两根长阴后大盘又搞了六颗星星，这轮熊市真是玩出了各种新花样，这手法我也懒得再吐槽了。说说接下来怎么搞。大方向继续跌是肯定的，但是目前周线已经4连阴，股灾以来周线最多的也就是4连阴。那么短线有两种情况，一，如果本周要收阳，那么意味着下半周不能有大跌，一旦大跌，击穿本周开盘价2816点那是分分钟的事，那么下半周就必须继续横盘或者有长阳拔起，才能做到周K线收阳。二，横盘实在是横得太久了，说实话，要突破太难，横久必跌，就像五一过后一样，下半周出现长阴的概率还是非常大的，那么周线就会出现5连阴。以上两种情况，我认为概率是四六开，虽然周线5连阴看起来有那么一丢丢的过分，但是在日K线上我实在看不出能再坚持3个交易日不跌，况且本周五还是股指期货交割日。所以后半周我判断偏空的概率大些。
最近也看到很多大V分析得头头是道，认为股市将在六月份见大底，理由基本上都是同一个，那就是参考08年的熊市周期，认为从牛市顶跌下来12个月时间会有反转。我早在去年国庆节的时候就提到过在今年六七月份见底，但是由于郭嘉队的存在，让我现在不得不改变见底的时间判断。我认为，估值因素比时间周期因素要重要得多。即使到六月份，熊市已经一周年，但是小票的估值目前依旧太高，高得不得了，这根本没办法吸引场外资金进来。目前场外资金非常多，多得没地方去，都在找估值洼地，这就是前期螺纹钢暴涨的原因。这些资金是最敏锐最聪明的，但是它们没地方去不代表就回来股市，因为与其来亏钱，不如不来。A股历来是小票最赚钱，以前是，现在是，以后也是！！！所以，如果小票估值没有足够的吸引力，这些场外资金是绝对不可能进来买的。那么蓝筹怎么样？蓝筹目前估值相对较低，但是蓝筹大多是周期股，经济L型，蓝筹股是没有戏的。所以，尽管蓝筹估值低，但场外的投机资金也不会买，蓝筹只能留给养老金了。
所以，经济L型的大前提下，估值不够低，资金进来股市风险就非常的大。那么，在我看来，大级别的反弹在郭嘉队的影响下，我实在无法从时间周期上去判断什么时候见大底，只能从估值角度去判断。我还是那个观点，总市值在10亿以下的股票超过50只的时候，就是大底！
最后再提一下协鑫集成。哈哈，这个公司实在是太恶了。前一篇文章我才刚提到它的一些财务指标，尤其是每股净现金流量是负数，而且负得不少。去年营业收入不足63亿，应收款却将近65亿，什么意思呢，就是去年卖的东西基本上都是让人打了白条，假如对方赖账，那得亏到死。哈哈，这怎么那么像当年的超日太阳啊，超日的问题集中在应收款巨大，现金流严重不足，今天的协鑫集成又是如此。也就难怪交易所要发询问函了。协鑫集成的股东们会重蹈超日股东的覆辙吗？我真心希望不会，但如果到了那一天，你们就该拿起法律的武器，捍卫自己的权利！"
奔6元而去，还犹豫什么？,"https://guba.eastmoney.com/news,002506,394496403.html",2016-05-18 15:27:51,奔6元而去，还犹豫什么？
还好我8块多卖了,"https://guba.eastmoney.com/news,002506,394493780.html",2016-05-18 15:25:19,还好我8块多卖了
公司股价一路下滑，上市公司有义务维持股价稳定，请问公司有没有什么具体措施？不要这,"https://guba.eastmoney.com/news,002506,916344711.html",2016-05-20 09:16:00,"公司股价一路下滑，上市公司有义务维持股价稳定，请问公司有没有什么具体措施？不要这样回答我：公司2015年度经营状况良好，实现营业收入达62.84亿元，同比增长132.80%；实现归属上市公司股东的扣除非经常性损益的净利润达6.35亿元，同比增长335%。公司始终坚持以稳健的经营，强化的风控，来实现企业的可持续健康发展，努力为投资者创造更多回报。
协鑫集成
协鑫集成：: 尊敬的投资者，感谢您对本公司的关注。公司的管理层与投资者一样，都十分关注股价，实时跟踪股价变化，定期分析变化原因。公司将通过做好信息披露工作、定期举行路演等投资者交流活动，持续加强与投资者的沟通、明确公司的发展战略、不断优化商业模式和盈利能力，努力创造价值来回报股东，谢谢。
(来自深交所互动易)答复时间 2016-05-20 09:16:00"
6.5将成为近期高点，还不跑等死吗,"https://guba.eastmoney.com/news,002506,394418594.html",2016-05-18 14:18:11,已经坏了
靠，回来看了一下，又跌了不少啊，这屁股,"https://guba.eastmoney.com/news,002506,394484747.html",2016-05-18 15:16:02,靠，回来看了一下，又跌了不少啊，这屁股
大家下午好啊啊啊啊,"https://guba.eastmoney.com/news,002506,394483341.html",2016-05-18 15:13:55,大家下午好啊啊啊啊打
花钱买套,"https://guba.eastmoney.com/news,002506,394468030.html",2016-05-18 15:00:01,花钱买套
退市吧，妈的就没涨过,"https://guba.eastmoney.com/news,002506,394467258.html",2016-05-18 14:59:49,退市吧，妈的就没涨过
这垃圾跌的还可以，六块不远了，明天就差不多抄底的时候了,"https://guba.eastmoney.com/news,002506,394466388.html",2016-05-18 14:58:38,这垃圾跌的还可以，六块不远了，明天就差不多抄底的时候了
看样子，明天早上低开5个点，不跌停庄心里不舒服啊,"https://guba.eastmoney.com/news,002506,394461602.html",2016-05-18 14:54:12,看样子，明天早上低开5个点，不跌停庄心里不舒服啊
快上车最后机会,"https://guba.eastmoney.com/news,002506,394443141.html",2016-05-18 14:38:16,快上车最后机会
诱高出货,"https://guba.eastmoney.com/news,002506,394446876.html",2016-05-18 14:41:10,诱高出货
狗屎股跌起来超快。,"https://guba.eastmoney.com/news,002506,394450517.html",2016-05-18 14:44:29,狗屎股跌起来超快。
立即半仓止损,"https://guba.eastmoney.com/news,002506,394449964.html",2016-05-18 14:43:47,立即半仓止损
不要抛啊,"https://guba.eastmoney.com/news,002506,394449258.html",2016-05-18 14:43:00,不要抛啊，
老子8个点都清，轻松。。。。。,"https://guba.eastmoney.com/news,002506,394447505.html",2016-05-18 14:41:42,老子8个点都清，轻松。。。。。
为什么换手率这么少，什么意思,"https://guba.eastmoney.com/news,002506,394446438.html",2016-05-18 14:40:49,为什么换手率这么少，什么意思
发给惊人的,"https://guba.eastmoney.com/news,002506,394444585.html",2016-05-18 14:39:24,分工
猪，干嘛不跌了，扶不上墙的货色。,"https://guba.eastmoney.com/news,002506,394443526.html",2016-05-18 14:38:46,猪，干嘛不跌了，扶不上墙的货色。
它不会跌的超出大盘百分之七的，不然它就出公告说不清楚了,"https://guba.eastmoney.com/news,002506,394440643.html",2016-05-18 14:36:37,它不会跌的超出大盘百分之七的，不然它就出公告说不清楚了
加油直接跌停算了，好烦[不赞][不赞][不赞][不赞],"https://guba.eastmoney.com/news,002506,394439652.html",2016-05-18 14:35:50,加油直接跌停算了，好烦[不赞][不赞][不赞][不赞]
你妈的，老子买了这个股，就他妈没消停过，天天跌，还作假，赶紧退市回家抱孩子吧！,"https://guba.eastmoney.com/news,002506,394438610.html",2016-05-18 14:34:44,你妈的，老子买了这个股，就他妈没消停过，天天跌，还作假，赶紧退市回家抱孩子吧！
快点下来了，别磨叽。,"https://guba.eastmoney.com/news,002506,394432013.html",2016-05-18 14:29:41,快点下来了，别磨叽。
3元再见,"https://guba.eastmoney.com/news,002506,394431356.html",2016-05-18 14:28:47,3元再见
我刚才买了1000股，最近买什么，什么就要跌得露卵，小心点吧,"https://guba.eastmoney.com/news,002506,394428487.html",2016-05-18 14:26:26,我刚才买了1000股，最近买什么，什么就要跌得露卵，小心点吧
等跌停补3000,"https://guba.eastmoney.com/news,002506,394427530.html",2016-05-18 14:25:53,等跌停补3000
控制不住了，庄家放手啦！！！！跌停,"https://guba.eastmoney.com/news,002506,394426941.html",2016-05-18 14:25:20,控制不住了，庄家放手啦！！！！跌停
可笑,"https://guba.eastmoney.com/news,002506,394419249.html",2016-05-18 14:18:47,可笑
6.47和6.48左手倒回右手好玩吗,"https://guba.eastmoney.com/news,002506,394415839.html",2016-05-18 14:15:30,6.47和6.48左手倒回右手好玩吗
撒旦撒旦撒啊是但是的,"https://guba.eastmoney.com/news,002506,394413058.html",2016-05-18 14:13:47,阿斯顿发送到撒旦阿萨
大盘不行，空仓观望为宜,"https://guba.eastmoney.com/news,002506,394413198.html",2016-05-18 14:12:55,大盘不行，空仓观望为宜
你给射起来啊，今天还没射呢？,"https://guba.eastmoney.com/news,002506,394379211.html",2016-05-18 13:42:21,你给射起来啊，今天还没射呢？
一邦酒囊饭袋[好逊],"https://guba.eastmoney.com/news,002506,394404861.html",2016-05-18 14:05:30,一邦酒囊饭袋[好逊]
补了12日缺口，下跌中继,"https://guba.eastmoney.com/news,002506,394404372.html",2016-05-18 14:05:30,补了12日缺口，下跌中继
是打发阿斯蒂芬撒旦,"https://guba.eastmoney.com/news,002506,394394369.html",2016-05-18 13:56:01,是
这垃圾会不会退市啊？,"https://guba.eastmoney.com/news,002506,394386381.html",2016-05-18 13:48:35,这垃圾会不会退市啊？
垃圾…,"https://guba.eastmoney.com/news,002506,394367555.html",2016-05-18 13:32:20,垃圾…
等着公告吧,"https://guba.eastmoney.com/news,002506,394365027.html",2016-05-18 13:30:05,等着公告吧
sb股 天天跌 恶心,"https://guba.eastmoney.com/news,002506,394363940.html",2016-05-18 13:28:40,sb股 天天跌 恶心
今天会逆转？,"https://guba.eastmoney.com/news,002506,394351527.html",2016-05-18 13:16:30,今天会逆转？
可以买入了,"https://guba.eastmoney.com/news,002506,394350486.html",2016-05-18 13:15:34,可以买入了
怕什么，此股最多跌至4元，也没多大空间了,"https://guba.eastmoney.com/news,002506,394344326.html",2016-05-18 13:09:39,怕什么，此股最多跌至4元，也没多大空间了
散户们还敢买呀，真是不怕死,"https://guba.eastmoney.com/news,002506,394268741.html",2016-05-18 11:43:04,散户们还敢买呀，真是不怕死
进来看看！！！,"https://guba.eastmoney.com/news,002506,394328665.html",2016-05-18 12:50:32,"今天跌，明天跌，天天都跌！
今天叫，明天叫，天天都叫！
横批：没妈的孩子"
5月18日午评：5月17日见高点，今天进入2天的调整时间，日内低点大概在14点之,"https://guba.eastmoney.com/news,002506,394317076.html",2016-05-18 12:36:26,5月18日午评：5月17日见高点，今天进入2天的调整时间，日内低点大概在14点之前。成交量放大符合要求，有人割肉就有主力扫货，昨天高抛了的今天低吸回来，昨天没跑的就不要乱动了
重处,"https://guba.eastmoney.com/news,002506,394307811.html",2016-05-18 12:25:28,对这种他妈的公司真的该好好的查处，把真正的股民当猴耍，财务总监该判刑
明天大盘开启瀑布模式，邪心向下突破6.5,"https://guba.eastmoney.com/news,002506,392839819.html",2016-05-17 15:11:26,明天早上看谁跑的快了。这几天收盘都没有大托单，所以勉强没有跌，今天收盘又见万手哥托盘，你懂得！
下跌趋势又下了一个台阶,"https://guba.eastmoney.com/news,002506,394281577.html",2016-05-18 11:55:48,完蛋了
世上最短命的上市公司！！协鑫集成,"https://guba.eastmoney.com/news,002506,394281220.html",2016-05-18 11:55:42,世上最短命的上市公司！！协鑫集成
全部清仓2506,"https://guba.eastmoney.com/news,002506,394279711.html",2016-05-18 11:53:30,亏损7万
短命的公司,"https://guba.eastmoney.com/news,002506,394276561.html",2016-05-18 11:50:49,短命的公司
买了,"https://guba.eastmoney.com/news,002506,394255232.html",2016-05-18 11:30:28,买了
受不了了,"https://guba.eastmoney.com/news,002506,394254354.html",2016-05-18 11:29:52,受不了了
近期以来，协鑫股价大跌，跌幅几成二市之冠。多次发布利好公告，股价也不涨反跌？近日,"https://guba.eastmoney.com/news,002506,916344714.html",2016-05-20 09:15:00,"近期以来，协鑫股价大跌，跌幅几成二市之冠。多次发布利好公告，股价也不涨反跌？近日，公司财务审计报告受到深交所问询，让人感觉到公司财务造假，是个极不负责任的公司。你作为总经理，对此有何策略？
协鑫集成
协鑫集成：: 尊敬的投资者，感谢您对本公司的关注。公司一直关注股价的走势，但是二级市场股价的波动除了受基本面影响外，还受到市场偏好、流动性、行情走势等多种因素的影响，公司只能进行合理的引导，不能直接干预。近日个别媒体出现了不实报道，引用的标题对投资者存在一定的误导，导致公司股价出现了波动，公司本着对投资者负责的态度，及时发布公告进行了澄清说明，最大程度地保护投资者权益。未来公司将持续加强与投资者的交流，让投资者了解公司，走进公司，公司也会始终坚持稳健经营，规范运作，以优秀的业绩回报广大投资者，谢谢。
(来自深交所互动易)答复时间 2016-05-20 09:15:00"
满地鸡毛满地血了，反正都亏一半了，爱怎跌就怎跌，锁仓不看了。,"https://guba.eastmoney.com/news,002506,394249411.html",2016-05-18 11:25:37,满地鸡毛满地血了，反正都亏一半了，爱怎跌就怎跌，锁仓不看了。
这个股就是个咋比,"https://guba.eastmoney.com/news,002506,394246790.html",2016-05-18 11:23:45,这个股就是个咋比
是大多数是撒 啊是,"https://guba.eastmoney.com/news,002506,394239703.html",2016-05-18 11:18:38,是
安抚的是是是,"https://guba.eastmoney.com/news,002506,394237407.html",2016-05-18 11:17:21,是
死啦死啦的[滴汗],"https://guba.eastmoney.com/news,002506,394234918.html",2016-05-18 11:15:49,死啦死啦的
协鑫垃圾股我发誓不再来了，昨天没涨，今天跌4.5个点。兔宝宝也跌了4个点，但是别,"https://guba.eastmoney.com/news,002506,394229214.html",2016-05-18 11:12:22,协鑫垃圾股我发誓不再来了，昨天没涨，今天跌4.5个点。兔宝宝也跌了4个点，但是别人昨天涨了2.5个点，特力A今天跌了3.8个点，别人昨天涨了3.6个点。老妖股里市值最大，涨的最少，最慢，跌的最凶，业绩最不好，你们还拿着干嘛？脑残？
倒闭了,"https://guba.eastmoney.com/news,002506,394217490.html",2016-05-18 11:05:20,倒闭了
涨不起来你还不如退市，这样走势股民没信心了,"https://guba.eastmoney.com/news,002506,394224843.html",2016-05-18 11:10:15,涨不起来你还不如退市，这样走势股民没信心了
已站在山顶了,"https://guba.eastmoney.com/news,002506,394224037.html",2016-05-18 11:09:25,已站在山顶了
SB公司，天天跌，走人了。,"https://guba.eastmoney.com/news,002506,394220466.html",2016-05-18 11:07:47,SB公司，天天跌，走人了。
强烈建议证监会要求协鑫集成控股股东回购股票,"https://guba.eastmoney.com/news,002506,394218708.html",2016-05-18 11:06:45,强烈建议证监会要求协鑫集成控股股东回购股票，并且冻结现有股票。
带符号,"https://guba.eastmoney.com/news,002506,394218521.html",2016-05-18 11:06:11,发
破产了,"https://guba.eastmoney.com/news,002506,394217833.html",2016-05-18 11:05:33,破产了
跌吧，跌吧,"https://guba.eastmoney.com/news,002506,394214192.html",2016-05-18 11:03:44,跌吧，跌吧
补了都跌，怎么办了，成本也高，都套了半年了,"https://guba.eastmoney.com/news,002506,394213898.html",2016-05-18 11:03:38,补了都跌，怎么办了，成本也高，都套了半年了
这是要逼良为娼啊,"https://guba.eastmoney.com/news,002506,394205095.html",2016-05-18 10:58:01,这是要逼良为娼啊
没有最低，只有更低。只要亏就卖了吧，没得玩,"https://guba.eastmoney.com/news,002506,394201797.html",2016-05-18 10:56:21,没有最低，只有更低。只要亏就卖了吧，没得玩
请教，是不是真造假了的话股民可以向他索赔？[为什么],"https://guba.eastmoney.com/news,002506,394200699.html",2016-05-18 10:55:48,请教，是不是真造假了的话股民可以向他索赔？
每次创新低…,"https://guba.eastmoney.com/news,002506,394200789.html",2016-05-18 10:55:29,每次创新低…
死股，跌了半年了,"https://guba.eastmoney.com/news,002506,394192096.html",2016-05-18 10:50:53,死股，跌了半年了
破6.7，加速！,"https://guba.eastmoney.com/news,002506,394040313.html",2016-05-18 09:28:10,
协鑫马上停牌，立帖为证,"https://guba.eastmoney.com/news,002506,394158735.html",2016-05-18 10:31:30,协鑫马上停牌，立帖为证
13.88本钱涨涨涨涨涨涨，不然不想活了。,"https://guba.eastmoney.com/news,002506,393776176.html",2016-05-18 06:25:35,13.88本钱涨涨涨涨涨涨，不然不想活了。
庄今天收了不少,"https://guba.eastmoney.com/news,002506,394171233.html",2016-05-18 10:38:09,庄今天收了不少
河北信盈太牛逼了独家出资1.8万亿收购了农业银行、,"https://guba.eastmoney.com/news,002506,394088721.html",2016-05-18 09:54:08,"民间股神之透视价值投资之大牛股
股市有句格言：价值投资。但并不是所有的股票放的时间越长收益率越高。在1997年1月2日至2000年8月31日的886个交易日中，根据我们的统计，深沪两市的1019只A股中，只有148只的总体涨幅超过了240%，而同期上证综合指数的涨幅为120.41%，深圳综合指数的涨幅为88.61%，深圳成分指数的涨幅为50.11%，但1997年1月2日以前上市的个股中还有23只个股不仅未能与大盘同步上扬，反而还以跌势报收。
　　因此，只有那些符合主力价值投资选股标准的个股才会远远地跑赢大市，才会为投资者带来巨额利润。笔者撰写本文的目的，就是想利用实证研究的方法，将1997年以来涨幅超过大盘涨幅1倍以上的个股进行统计分类，得出一些规律性的结论，为投资者发掘和收藏价值投资大牛股起到一定的借鉴作用。尽管兵无常势，水无常形，两颗炮弹不可能落在一个弹坑中，但历史往往会惊人地相似，主力选择做价值投资庄的思路以及选股标准几乎是大同小异。可以预言，随着证券市场监管力度的逐渐加强，随着机构投资者力量的更加壮大，随着中国证券市场投资理念的逐渐成熟，价值期持股几只股票的机构和个人投资者将越来越多，不久的将来，中国证券市场将逐渐步入投资时代。那么，哪些板块会跑出长线大牛股呢?哪些板块适合投资者长期持有呢?
　　业绩好的股：价值投资的大牛股的摇篮
　　业绩好的股(本文所指的业绩好股为流通多少股没有太大的关系)最大的优势就在于主力看重的是业绩筹码需要的高成长，适合一般机构的运作，但主力在运作价值投资时面临的最大难题就是收集筹码困难，而且想在短时间获取超额利润出局更加困难，因此，主力运作价值投资的基本思路就是打持久战和阵地战。一般来说，主力要完成价值投资股运作的全过程，时间跨度应在2年以上才可能获得较大的利润。主力运作价值投资股的操作方式一般是通过上市公司连续的送股、转增股本和配股，不断的扩张流通股本，在不断摊主力的持股成本的同时，增加了价值投资股的市场性和流通性，从而达到拿时间换空间，最终出局并获得超额利润的目的。
　　业绩好成长股在很大程度上有可能演化为大牛股。在本文选取的148只业绩好的大牛股中，1997年6月30日为业绩好、1997年6月30日后上市初期高成控盘股以及目前还是业绩极好股的个股为50只，占样本股总数的33.78%。
　　业绩支撑演变为大牛股最重要的实现途径就是通过连续的股本扩张。如中天企业(0540)1997年1月2日至2000年8月31日股价上涨了797.93%，而流通股本也由1997年6月30日的1848.00万股扩张为2000年6月30日的6611.53万股，扩张幅度为257.77%;再如新疆屯河(600737)1997年1月2日至2000年8月31日股价上涨了710.023%，而流通股本也由1997年6月30日的2100.00万股扩张为2000年6月30日的8474.70万股，扩张幅度为303.55%。当然业绩股演化为价值大牛股还需要其他条件的配合，但是，必须提醒投资者重视的是，价值股作为十分稀缺的高成长资源，由于收购成本低，改变经营状况相对容易，因此将长期得到主力的关照，成为培育价值大牛股的摇篮。
　　银行股：价值成长大牛股的基石
　　盈利是第一推动力，有实质性的盈利支撑股是股市健康发展的基石，这一点已得到发达国家证券市场的验证，尽管我国的股市水平和发达国家相比还存在一定的差距，但我国也在提倡、价值投资是我国经济可持续发展的基本国策，并给予价值增长许多的优惠政策。由于政策面的支持，高盈利类企业超常规的增长，1997年以来股票市场已将包括贵州茅台、银行、高速公路、垄断型企业、高成长、白酒科技等在内的科技股的价值反映得淋漓尽致，而绩优股股的价格之所以能在市场上得到广大投资者的认同和追捧，最关键的就在于这类公司经营业绩的大幅增长，这充分说明绩优股股是价值显现大牛股的基石。
　　我们所选取的21家业绩类上市公司中，除深科技(0021)2000年中期的净利润较1997年中期出现了较大幅度的滑坡外，其余20家科技类上市公司的净利润均较1997年中期大幅增长，而且2000年中期各家上市公司的“四项计提”还吃掉了部分利润，因此和1997年中期有一定的不可比性。但是，就是考虑了四项计提的因素影响，20家科技类上市公司的经营业绩还是出现了飞速增长，特别值得一提的是青鸟天桥(600657)2000年中期的净利润较1997年中期增长790.11%，南开戈德(0537)2000年中期的净利润较1997年中期增长1084.08%,风华高科(0636)2000年中期的净利润较1997年中期增长292.73%，东大阿派(600718)2000年中期的净利润较1997年中期增长218.06%，清华同方(600100)2000年中期的净利润较1997年中期增长281.98%，托普软件(0583)2000年中期的净利润较1997年中期增长5137.24%等，这就是科技类上市公司股价上扬的原动力。
　　由于政策面的扶植和成长类上市公司经营业绩的的超常规增长，因此在我国推出证券投资基金后，这些有实质性自主知识产权，经营业绩高速增长的公司很快得到了证券投资基金的追捧，并成为各家基金长线投资的重点品种，如农业银行(601288)2016年中期基金裕隆持有979.63万股、基金裕阳持有902.12万股。随着开放型基金以及社保基金、中外合作基金的运作，这类科技股还有可能出现更大的的投资高潮。
　　重组股：黑嘴骗人股的温床
　　上市公司重组，无外乎有两种类型，即外部重组和内部重组。发生控制权转移，第一大股东变更，而且主营业务发生重大变化的为外部重组，与控股公司进行资产置换的为内部重组。上市公司外部重组主要集中在1997年以后，1997年以前外部重组的上市公司总数为40家，而1998年达到25家，1998年为90家，1999年77家。根据我们的统计，投资资产重组股主要集中在散户盲从跟风结果深套。
　　我们选取了发生实质性外部重组的51家公司进行分析，而国有股的划转实现的股权变化不在本文考虑之列。一般来说，发生外部重组的上市公司，特别是民营企业借壳上市的公司，由于运行机制发生的重大变化，主营业务发生的重大变化，因此经营业绩往往会出现质的飞跃。如托普软件(0583)不仅从传统的机械行业跨入到信息产业，而且经营
　　此外，民营企业收购一家上市公司前后，由于市场监管法规的不完善，他们的关联企业很有可能利用内幕消息直接参与二级市场的运作，然而能真正成为长线大牛股的重组股必须伴随基本面的根本改善。
　　值得投资者注意的是重组股和一般的小盘股、科技股、蓝筹股不同，他们往往会披上一层神秘的面纱，而且股权的转让和收购还存在许多不确定性因素，投资者要在重组股中寻觅长线大牛股必须结合收购方的综合实力、收购动机
　　2000年10月8日，中国证监会发布了《开放式投资基金试点办法》，这标志着我国的开放式基金的运作已经水到渠成。开放式基金以及后续的社保基金的推出将成为蓝筹股价值发现与价值革命的生力军，这也预示着今后将有更多的蓝筹股演化为长线大牛股。
　　按照国内同业对蓝筹股的基本定义，所谓的蓝筹股应符合以下标准：
　　1、流通市值100亿元以上;
　　2、流通股本80000万股以上;
　　3、经营业绩稳定，连续三年的每股收益维持在0.4元以上，连续三年的净资产收益率在8%以上;
　　4、市盈率40倍以下(特殊行业可适当放宽);
　　5、属于朝阳性行业或基础产业，具有较强的成长性和一定的垄断性;
　　6、具备行业龙头地位，产品的市场占有率位居行业前列;
　　7、市场形象良好，投资者参与程度高。
展开阅读全文"
不要脸了还发行新股,"https://guba.eastmoney.com/news,002506,394162657.html",2016-05-18 10:33:32,555
你484傻?,"https://guba.eastmoney.com/news,002506,394158775.html",2016-05-18 10:31:05,你484傻?
停牌停牌,"https://guba.eastmoney.com/news,002506,394155427.html",2016-05-18 10:29:36,停牌停牌
今天收盘价6.55,"https://guba.eastmoney.com/news,002506,394144474.html",2016-05-18 10:23:25,今天收盘价6.55
惨不忍睹A股呼哀哉！[哭][哭][哭][哭],"https://guba.eastmoney.com/news,002506,394137151.html",2016-05-18 10:18:52,惨不忍睹A股呼哀哉！
哎，M的又是大托单,"https://guba.eastmoney.com/news,002506,394137037.html",2016-05-18 10:18:44,亏10个点割了8成。还有2成仓位看来也要割了破烂股！！！
没人了 你可以跌停了,"https://guba.eastmoney.com/news,002506,394133239.html",2016-05-18 10:17:07,没人了 你可以跌停了
没有跑的在三块见！！祝大家发财！！！,"https://guba.eastmoney.com/news,002506,394133387.html",2016-05-18 10:16:45,没有跑的在三块见！！祝大家发财！！！
今天涨停你信吗，,"https://guba.eastmoney.com/news,002506,393843076.html",2016-05-18 07:17:52,今天涨停你信吗，
垃圾,"https://guba.eastmoney.com/news,002506,394121455.html",2016-05-18 10:10:34,垃圾
协鑫已死，失望，不玩了,"https://guba.eastmoney.com/news,002506,394119138.html",2016-05-18 10:09:53,协鑫已死，失望，不玩了
2638绝对不会是今年的低点，中国股市存在太多不确定因素，政策，经济，关于股市管,"https://guba.eastmoney.com/news,002506,394101141.html",2016-05-18 10:00:39,2638绝对不会是今年的低点，中国股市存在太多不确定因素，政策，经济，关于股市管理的条条框框都尚未成熟，所谓的价值投资在现在的中国股市是不存在的，或者说不适合现在的中国股市，现在在股市里逗留的多数是投机客，就连社保基金也是如此，没有真正的价值投资，就不会有长远发展的说法。所以在种种不成熟和不确定因素的存在的同时，A股根本没有任何支撑的说法，只会一路下探创新低。
深交所在查协鑫做假帐快跑，，，,"https://guba.eastmoney.com/news,002506,394085317.html",2016-05-18 09:53:03,深交所在查协鑫做假帐快跑，，，
使劲跌啊，呵呵！,"https://guba.eastmoney.com/news,002506,394097958.html",2016-05-18 09:59:09,使劲跌啊，呵呵！
昨天的15000手也是骗局，只挂买单但是不买进。造成假象有多，今天他们在出货，废,"https://guba.eastmoney.com/news,002506,394092695.html",2016-05-18 09:56:25,昨天的15000手也是骗局，只挂买单但是不买进。造成假象有多，今天他们在出货，废了这个邪心吧
这股下跌没底线吖？,"https://guba.eastmoney.com/news,002506,394083805.html",2016-05-18 09:51:32,这股下跌没底线吖？
小鑫鑫不敢跌停了吧,"https://guba.eastmoney.com/news,002506,394076828.html",2016-05-18 09:48:11,6.15我挂了75万的单子，哇嘎嘎
协鑫公司出大事发生事故要破产了，赶紧出手[哭],"https://guba.eastmoney.com/news,002506,394076047.html",2016-05-18 09:47:59,协鑫公司出大事发生事故要破产了，赶紧出手
新能源 整个行业 都在赚钱  唯独协鑫亏损？ 造价顶多也就是200% 和盈利300%的区别  亏损应该不会,"https://guba.eastmoney.com/news,002506,394074122.html",2016-05-18 09:46:22,新能源 整个行业 都在赚钱 唯独协鑫亏损？ 造价顶多也就是200% 和盈利300%的区别 亏损应该不会
协鑫弄虚作假被查，大家赶紧跑,"https://guba.eastmoney.com/news,002506,394072963.html",2016-05-18 09:45:25,协鑫弄虚作假被查，大家赶紧跑
协鑫集成开盘须知,"https://guba.eastmoney.com/news,002506,393974368.html",2016-05-18 08:48:07,贴吧的托实在太多 针对问询函我来说几句：利润和应收账款有必然的关系？ 你今年卖出去1亿东西（5000万已经收回，5000万对方还还欠着） 去年卖出去0.4亿 难不成说今年就增加了0.1个亿的收入？5000多万没收回来 按照账期计提可能的坏账损失 也属于正常的风险管控哇 先计提1000万 可能收不回来 ，等收回来的时候再反冲 太正常不过的事情了 什么资产跌价准备的计提也是一样的啊 猪肉一个月前价格和现在能一样？只不过一个是溢价一个是跌价 还有现金流和利润大小有必然的关系么？ 这些证监会啊 受不了 我一个懂财务的都知道的事情 拜托专业点好么？ 大家要反过来想想 计提了这么多坏账损失和存货跌价 啥意思啊？ 利好啊 那证明要是不计提的话 利润更大! 懂了么？
被套牢，你妈的，,"https://guba.eastmoney.com/news,002506,394050443.html",2016-05-18 09:33:53,被套牢，你妈的，
又是暴跌，涨时吝啬，跌时非常慷慨。,"https://guba.eastmoney.com/news,002506,394037930.html",2016-05-18 09:27:02,又是暴跌，涨时吝啬，跌时非常慷慨。
关于问询函的个人理解,"https://guba.eastmoney.com/news,002506,394034765.html",2016-05-18 09:25:46,"公司主营业务收入62亿，应收账款合计64亿，证监会肯定会有一个大大的问号，这财务报表乍一看确实造假厉害。
但
我们都清楚，协鑫将2015年的主营收入没有完全在账期内确认，而是放到2016年1季度确认收入，也就是说2015年主营远远大于62亿
矛盾的是
收入2015年没有完全确认，应收账款肯定不能确认到2015年，我不相信协鑫的财务老总会出具这样的财报数据。

元芳，你怎么看？"
垃圾股，什么时候割肉都不晚,"https://guba.eastmoney.com/news,002506,394034498.html",2016-05-18 09:25:26,垃圾股，什么时候割肉都不晚
是否要跌停,"https://guba.eastmoney.com/news,002506,394030491.html",2016-05-18 09:22:27,是否要跌停
操，完蛋了,"https://guba.eastmoney.com/news,002506,394021104.html",2016-05-18 09:17:12,操，完蛋了
现在炒股谁在乎这些,"https://guba.eastmoney.com/news,002506,394013467.html",2016-05-18 09:12:01,现在炒股谁在乎这些，协鑫集成之前利好多多你看它涨过吗？退市博元面临退市，在大盘暴跌九十几个点的情况下照样涨几个点，现在炒股要反其道行之，懂吗？
特大利空开盘跌停,"https://guba.eastmoney.com/news,002506,393953986.html",2016-05-18 08:34:32,特大利空开盘跌停
今天一射为反向,"https://guba.eastmoney.com/news,002506,393922214.html",2016-05-18 08:12:54,今天一射为反向
开盘说不好－字跌停,"https://guba.eastmoney.com/news,002506,393907811.html",2016-05-18 08:02:40,开盘说不好－字跌停
爽,"https://guba.eastmoney.com/news,002506,393884340.html",2016-05-18 07:46:10,爽
今天开股东大会吗？,"https://guba.eastmoney.com/news,002506,393746461.html",2016-05-18 06:00:27,今天开股东大会吗？
明月择日进场[胜利][胜利][胜利]要爆发了[胜利],"https://guba.eastmoney.com/news,002506,393435737.html",2016-05-18 00:28:01,明月择日进场要爆发了
9个月不到17.64元跌到了6.82元！中国股市呀！,"https://guba.eastmoney.com/news,002506,393370367.html",2016-05-17 23:17:06,最高17.64元好像大盘是3700多点记得！100元9个月就变成了38元了！
终于出利空了，都慌了吧，明天都出吧，好让庄多吸点筹码，明天收盘会见分晓,"https://guba.eastmoney.com/news,002506,393265706.html",2016-05-17 21:23:37,终于出利空了，都慌了吧，明天都出吧，好让庄多吸点筹码，明天收盘会见分晓
此股，唯有大盘能解救，大盘若不争气它废了！,"https://guba.eastmoney.com/news,002506,393303102.html",2016-05-17 22:04:54,此股，唯有大盘能解救，大盘若不争气它废了！
典型的高位出货！,"https://guba.eastmoney.com/news,002506,393264562.html",2016-05-17 21:21:58,典型的高位出货！
在尾盘石油出手，有一种最后一诱之意，近期的横盘本身就带着吸引散户入场的意思，而石,"https://guba.eastmoney.com/news,002506,391598906.html",2016-05-16 23:43:37,在尾盘石油出手，有一种最后一诱之意，近期的横盘本身就带着吸引散户入场的意思，而石化双雄在这样的一处重要时候出手，很明显激发市场热情，而其的个股并没有得到实惠，无论市场的引领力量或动机如何，仍需要密切关注指数的点位，上方压力2850和2880，下方支撑2750，2750以上的其它位置暂不再作为支撑理解。
年报造假，快逃,"https://guba.eastmoney.com/news,002506,393197018.html",2016-05-17 20:13:30,年报造假，快逃
要退市了，造假坑小散,"https://guba.eastmoney.com/news,002506,393160757.html",2016-05-17 19:35:08,要退市了，造假坑小散
年报出现多处财务异常 协鑫集成遭深交所问询 完了没法翻身了[大笑],"https://guba.eastmoney.com/news,002506,393133664.html",2016-05-17 19:06:05,"年报出现多处财务异常协鑫集成遭深交所问询
完了没法翻身了"
大家勿追高,"https://guba.eastmoney.com/news,002506,392449353.html",2016-05-17 10:06:48,大家勿追高
国鑫所交易额破亿 开启协鑫绿色金融时代,"https://guba.eastmoney.com/news,002506,392962624.html",2016-05-17 16:51:11,"5月15日，协鑫集团金融成员国鑫所平台在徐州举行“爱在红五月”活动，同时宣布自3月底发布第一个产品以来，累计投资总额已突破1亿元。这一方面体现出新能源行业优质待开发资产潜力巨大，另一方面也表明在大众理财需求日益增加的背景下，互联网金融行业经过大浪淘沙留下的拥有良好资质的平台，将迎来新一轮的机遇。
“十三五”规划《纲要》和李克强总理今年的《政府工作报告》中，都对未来五年和今年新能源发展作出了部署，传递出很多积极的信号。国鑫所定位于“一站式综合能源金融服务平台”，以“能源+互联网+金融”三者融合为发展方向，背靠协鑫集团26年能源领域开发经验，通过对能源领域优质资产的积累和筛选，加快能源领域资产证券化进程，推动能源行业发展，并为机构及大众提供安全、快捷地投资绿色能源行业的途径，将绿色能源行业最优质能源资产的投资收益与社会分享，实现环保与财富的共赢。
与此同时，国鑫所业务团队核心骨干全部来自金融行业，将互联网金融还原金融的本质，将“风控”放在第一位，建立了一套包含“千家供应商+百项指标”的完备风险管控体系，通过对行业上下游公司多年积累的大数据分析，积累大量低风险资产包。
“安全”是国鑫所对所有投资者的郑重承诺，一方面保证平台所有项目真实可信，并可全流程追溯。另一方面，始终早于监管所想，做到超前合规，确保不设立资金池。
国鑫所首期产品“鑫安盈”定位于供应链金融，截止目前共发布41个产品，产品期限为1个月到7个月，年化收益率为6.7%-7.8%，发布以来受到市场热烈反响，最快满标时间仅为9秒。
未来，国鑫所将开发出更多具有差异化和娱乐性的抢标产品，使理财更具个性化体验，并融入场景模式，打造一个不一样的互联网金融平台。"
协鑫集成旗下国鑫所,"https://guba.eastmoney.com/news,002506,290377425.html",2016-03-28 16:49:18,听说协鑫旗下的金融平台国鑫所2天标都1分钟之内抢完了？
你好请问公司股票价格从19元跌到6元是否还会跌到1毛钱，冰冻3日非1日之寒，公司,"https://guba.eastmoney.com/news,002506,916346626.html",2016-05-19 11:27:00,"你好请问公司股票价格从19元跌到6元是否还会跌到1毛钱，冰冻3日非1日之寒，公司重组前的名声不好公司的做法跟前公司比有过之而无不及。
协鑫集成
协鑫集成：: 尊敬的投资者，您好。公司2015年实现营业收入达62.84亿元，同比增长132.80%；实现归属上市公司股东的扣除非经常性损益的净利润达6.35亿元，同比增长335%。2016年一季度公司实现的净利润为1.01亿元，同比增长了44%。但股价的波动除了受基本面影响外，还受到市场偏好、流动性、行情走势等多种因素的影响，公司始终坚持以稳健的经营，强化的风控，来实现企业的可持续健康发展，努力为投资者创造更多回报。
(来自深交所互动易)答复时间 2016-05-19 11:27:00"
7.2割肉走了。4000股亏了一万走了。死B还是这样子。,"https://guba.eastmoney.com/news,002506,392924811.html",2016-05-17 16:27:35,7.2割肉走了。4000股亏了一万走了。死B还是这样子。
主力天天换手，好像不要交税一样。最后还是散户买单。,"https://guba.eastmoney.com/news,002506,392902875.html",2016-05-17 16:12:00,主力天天换手，好像不要交税一样。最后还是散户买单。
国鑫所专享产品。。。,"https://guba.eastmoney.com/news,002506,319193421.html",2016-04-12 16:18:08,国鑫所推出的专享标是什么啊，要有什么条件，如何预约？
此股明天必跌立贴为正,"https://guba.eastmoney.com/news,002506,392829319.html",2016-05-17 15:02:08,此股明天必跌立贴为正
可怜的小散，拿起你们手中的筹码投票权，5.18那天股东大会，网络投票一律投否决，,"https://guba.eastmoney.com/news,002506,392846814.html",2016-05-17 15:17:01,可怜的小散，拿起你们手中的筹码投票权，5.18那天股东大会，网络投票一律投否决，这么多散户，决议很难通过的，记住哦，5.18深市网络投票！518！交易软件都有这个功能。这是你们发泄的唯一途径了！
我起来就给它砸,"https://guba.eastmoney.com/news,002506,392843281.html",2016-05-17 15:14:11,我起来就给它砸
明天一起来砸盘的报道,"https://guba.eastmoney.com/news,002506,392839591.html",2016-05-17 15:10:43,明天一起来砸盘的报道
公告：协鑫集成更名为协鑫缝纫机,"https://guba.eastmoney.com/news,002506,392742728.html",2016-05-17 13:55:39,公告：经公司深入研究探索特决议如下：协鑫集成自即日起更名为协鑫缝纫机
死气沉沉！！！,"https://guba.eastmoney.com/news,002506,392829748.html",2016-05-17 15:02:49,死气沉沉！！！
真是厉害的哇,"https://guba.eastmoney.com/news,002506,392827960.html",2016-05-17 15:01:10,真是厉害的哇
一天又一天！,"https://guba.eastmoney.com/news,002506,392825793.html",2016-05-17 14:59:30,一天又一天！
倒闭吧，输了就是输了,"https://guba.eastmoney.com/news,002506,392825289.html",2016-05-17 14:59:18,倒闭吧，输了就是输了
诱多的单撤的真快啊[大便],"https://guba.eastmoney.com/news,002506,392823553.html",2016-05-17 14:58:08,诱多的单撤的真快啊[大便]
万手已撤，砸盘开始,"https://guba.eastmoney.com/news,002506,392823006.html",2016-05-17 14:57:07,主力太阴暗
主力真能玩！！,"https://guba.eastmoney.com/news,002506,392821777.html",2016-05-17 14:56:28,主力真能玩！！
庄垃圾,"https://guba.eastmoney.com/news,002506,392819969.html",2016-05-17 14:54:43,庄垃圾
