标题,链接,发布时间,内容
靠刚清仓，又拉起来了。要不要再买回去呢？,"https://guba.eastmoney.com/news,002787,729420867.html",2017-11-17 13:25:33,靠刚清仓，又拉起来了。要不要再买回去呢？
华源后面走势早知道,"https://guba.eastmoney.com/news,002787,718541237.html",2017-10-18 14:13:13,华源后面走势早知道
射一哈久违了？？？那就要注意，既然来了就要雄起才行,"https://guba.eastmoney.com/news,002787,729418451.html",2017-11-17 13:21:43,射一哈久违了？？？那就要注意，既然来了就要雄起才行
妖狐,"https://guba.eastmoney.com/news,002787,729416047.html",2017-11-17 13:17:47,妖狐
诱多，明日继续深套！,"https://guba.eastmoney.com/news,002787,729417373.html",2017-11-17 13:19:55,诱多，明日继续深套！
还是你会玩,"https://guba.eastmoney.com/news,002787,729411189.html",2017-11-17 13:10:02,还是你会玩
这个股票有庄家，但是是个恶庄，把股价使劲往下做的那种。不停的大单压盘，盘跌明显，,"https://guba.eastmoney.com/news,002787,729340905.html",2017-11-17 10:39:08,这个股票有庄家，但是是个恶庄，把股价使劲往下做的那种。不停的大单压盘，盘跌明显，不是什么散户所为。
国家队在下一盘棋，下着下着就忘了是军棋还是象棋了，结果把自己带沟里去了,"https://guba.eastmoney.com/news,002787,729331322.html",2017-11-17 10:27:29,国家队在下一盘棋，下着下着就忘了是军棋还是象棋了，结果把自己带沟里去了
空头就这点本事啊，多少个千股跌停锻炼出来的，会被这点撒尿和泥的计量吓住吗,"https://guba.eastmoney.com/news,002787,729323714.html",2017-11-17 10:18:45,空头就这点本事啊，多少个千股跌停锻炼出来的，会被这点撒尿和泥的计量吓住吗
再说一次东,"https://guba.eastmoney.com/news,002787,729059847.html",2017-11-16 16:41:51,再说一次东
现在不买，后悔，一年。,"https://guba.eastmoney.com/news,002787,728441668.html",2017-11-15 12:39:29,现在不买，后悔，一年。
烂货,"https://guba.eastmoney.com/news,002787,729293158.html",2017-11-17 09:42:45,烂货
烂货,"https://guba.eastmoney.com/news,002787,729284891.html",2017-11-17 09:27:06,烂货
随便震吧，我已重仓，坚持自己的操作逻辑，赔了也无憾，其他人请自便，祝走好,"https://guba.eastmoney.com/news,002787,728435070.html",2017-11-15 12:17:30,随便震吧，我已重仓，坚持自己的操作逻辑，赔了也无憾，其他人请自便，祝走好
明天清仓，亏得一塌糊涂，不玩了。,"https://guba.eastmoney.com/news,002787,729038455.html",2017-11-16 15:56:03,明天清仓，亏得一塌糊涂，不玩了。
大资金是否有病，13.16疯狂卖，13.32疯狂买,"https://guba.eastmoney.com/news,002787,728839012.html",2017-11-16 10:18:05,大资金是否有病，13.16疯狂卖，13.32疯狂买
跑了。见过最坏的主力。散户别想在这里赚钱。,"https://guba.eastmoney.com/news,002787,729016396.html",2017-11-16 15:15:58,跑了。见过最坏的主力。散户别想在这里赚钱。
明天又是个低开补仓补死了,"https://guba.eastmoney.com/news,002787,729007947.html",2017-11-16 15:03:57,明天又是个低开补仓补死了
自吃自呕会不会得胃病！,"https://guba.eastmoney.com/news,002787,728964997.html",2017-11-16 14:08:31,自吃自呕会不会得胃病！
半死不活，唉，啥时候能走强？,"https://guba.eastmoney.com/news,002787,728962089.html",2017-11-16 14:04:20,半死不活，唉，啥时候能走强？
庄哥千手单一放就有Sb怕了，看庄哥吃掉,"https://guba.eastmoney.com/news,002787,728958806.html",2017-11-16 13:59:32,庄哥千手单一放就有Sb怕了，看庄哥吃掉
昨天加仓，主力今天配合点，拉一拉。,"https://guba.eastmoney.com/news,002787,728791169.html",2017-11-16 08:36:48,昨天加仓，主力今天配合点，拉一拉。
zaban,"https://guba.eastmoney.com/news,002787,728736296.html",2017-11-15 23:32:28,zaban
昨天假拉，今天真砸！,"https://guba.eastmoney.com/news,002787,728696905.html",2017-11-15 21:38:52,昨天假拉，今天真砸！
"公司股票自正式挂牌上市之日起三年内,一旦出现连续20个交易日股票收盘价均低于公司","https://guba.eastmoney.com/news,002787,724981033.html",2017-11-03 10:17:19,"公司股票自正式挂牌上市之日起三年内,一旦出现连续20个交易日股票收盘价均低于公司最近一期经审计的每股净资产,公司自该事项发生之日起3个交易日内启动预案。公司拟采取的股价稳定预案包括:在不影响公司正常生产经营的情况下,经董事会、股东大会审议同意,通过交易所集中竞价交易方式回购公司股票。公司用于回购股份的资金总额不低于上一个会计年度经审计净利润的10%,单一会计年度用于回购股份的资金总量不高于上一会计年度经审计净利润的50%。在保证公司经营资金需求的前提下,经董事会、股东大会审议同意,通过实施利润分配或资本公积金转增股本的方式稳定公司股价。通过削减开支、限制高级管理人员薪酬、暂停股权激励计划等方式提升公司业绩、稳定公司股价。"
下午要爆拉，赶紧抄底。,"https://guba.eastmoney.com/news,002787,728429685.html",2017-11-15 12:01:02,下午要爆拉，赶紧抄底。
怎么不破五日，丫的,"https://guba.eastmoney.com/news,002787,728522666.html",2017-11-15 14:59:20,怎么不破五日，丫的
继续跌,"https://guba.eastmoney.com/news,002787,728412696.html",2017-11-15 11:25:20,继续跌
往跌停干,"https://guba.eastmoney.com/news,002787,728392350.html",2017-11-15 10:54:12,往跌停干
继续砸,"https://guba.eastmoney.com/news,002787,728391939.html",2017-11-15 10:53:39,继续砸
坏啦又要创新高[亏大了][亏大了][亏大了][亏大了][亏大了][亏大了],"https://guba.eastmoney.com/news,002787,728339021.html",2017-11-15 09:36:36,坏啦又要创新高
一举收复20日线，底部确立，10个交易日内收复复盘价,"https://guba.eastmoney.com/news,002787,728051424.html",2017-11-14 15:00:51,一举收复20日线，底部确立，10个交易日内收复复盘价
老子一卖你就拉啊。明天我接着卖。,"https://guba.eastmoney.com/news,002787,728050740.html",2017-11-14 14:59:41,老子一卖你就拉啊。明天我接着卖。
自由贸易港主题来了，还在卖的后悔去吧,"https://guba.eastmoney.com/news,002787,727870698.html",2017-11-14 09:36:07,自由贸易港主题来了，还在卖的后悔去吧
为什么说自贸港和华源有关 做包装的 囤货吗 也是无语了,"https://guba.eastmoney.com/news,002787,727886677.html",2017-11-14 10:01:17,为什么说自贸港和华源有关 做包装的 囤货吗 也是无语了
卧槽，什么情况，几百年没有涨过这么厉害啦,"https://guba.eastmoney.com/news,002787,728047660.html",2017-11-14 14:54:38,卧槽，什么情况，几百年没有涨过这么厉害啦
每天都是冲高回落，又要大跌了。,"https://guba.eastmoney.com/news,002787,728015542.html",2017-11-14 14:05:38,每天都是冲高回落，又要大跌了。
连续涨停，卖出的后悔死去吧,"https://guba.eastmoney.com/news,002787,727871034.html",2017-11-14 09:36:46,连续涨停，卖出的后悔死去吧
牛,"https://guba.eastmoney.com/news,002787,728045155.html",2017-11-14 14:50:42,牛
又来尾盘杀。快跑哇。,"https://guba.eastmoney.com/news,002787,728005890.html",2017-11-14 13:49:56,又来尾盘杀。快跑哇。
托单出货，成交量醉了。,"https://guba.eastmoney.com/news,002787,727997695.html",2017-11-14 13:36:18,托单出货，成交量醉了。
你个烂货,"https://guba.eastmoney.com/news,002787,727984779.html",2017-11-14 13:11:48,你个烂货
当我凌霄泵,"https://guba.eastmoney.com/news,002787,727973040.html",2017-11-14 12:36:46,当我凌霄泵
这企业对员工还可以，拼死掩护员工出逃,"https://guba.eastmoney.com/news,002787,727908092.html",2017-11-14 10:31:37,这企业对员工还可以，拼死掩护员工出逃
快跑，主力又使坏啦。,"https://guba.eastmoney.com/news,002787,727950655.html",2017-11-14 11:35:30,快跑，主力又使坏啦。
烂货,"https://guba.eastmoney.com/news,002787,727950471.html",2017-11-14 11:35:10,烂货
这帮员工有点不地道，要走快走，诱多就不讲究了,"https://guba.eastmoney.com/news,002787,727910533.html",2017-11-14 10:34:45,这帮员工有点不地道，要走快走，诱多就不讲究了
因为近期解禁，庄家肯定会急拉诱多，引诱傻子资金跟风，解禁盘趁机卖出，问题是谁傻啊,"https://guba.eastmoney.com/news,002787,727745484.html",2017-11-13 21:43:12,因为近期解禁，庄家肯定会急拉诱多，引诱傻子资金跟风，解禁盘趁机卖出，问题是谁傻啊？
从一千股补成5000股了，再补真没钱了,"https://guba.eastmoney.com/news,002787,725625683.html",2017-11-06 14:49:45,从一千股补成5000股了，再补真没钱了
利空出尽，解禁而不跌，三日内涨停,"https://guba.eastmoney.com/news,002787,727505658.html",2017-11-13 11:08:59,利空出尽，解禁而不跌，三日内涨停
强烈要求动,"https://guba.eastmoney.com/news,002787,727617417.html",2017-11-13 15:29:13,强烈要求动
这股票已经,"https://guba.eastmoney.com/news,002787,727615305.html",2017-11-13 15:23:43,这股票已经
跌吧，已经套住了，跌了再买呗，反正不着急用钱,"https://guba.eastmoney.com/news,002787,727596135.html",2017-11-13 14:44:33,跌吧，已经套住了，跌了再买呗，反正不着急用钱
那个厉害的说下，股权激励在双11解禁了，但是流通股没增加,"https://guba.eastmoney.com/news,002787,727491629.html",2017-11-13 10:43:56,那个厉害的说下，股权激励在双11解禁了，但是流通股没增加，究竟是解禁了还是未解禁，如是未解禁，是否与股权激励计划的条件未达到有关，感谢
昨天收盘价,"https://guba.eastmoney.com/news,002787,727564606.html",2017-11-13 13:50:02,昨天收盘价
收盘涨一分给你们，哈哈哈,"https://guba.eastmoney.com/news,002787,727564556.html",2017-11-13 13:49:55,收盘涨一分给你们，哈哈哈
完犊子 跑了,"https://guba.eastmoney.com/news,002787,727558183.html",2017-11-13 13:37:38,完犊子 跑了
该发力了,"https://guba.eastmoney.com/news,002787,727550458.html",2017-11-13 13:22:56,该发力了
宋在操，马在叫，宝宝在咆哮,"https://guba.eastmoney.com/news,002787,727504057.html",2017-11-13 11:06:12,宋在操，马在叫，宝宝在咆哮
警告周广林,"https://guba.eastmoney.com/news,002787,727416141.html",2017-11-13 00:02:20,警告周广林
无节操下砸你妹的,"https://guba.eastmoney.com/news,002787,460897537.html",2016-07-21 10:44:30,无节操下砸你妹的
超大户在不断流出，这个时候进无疑主动买套,"https://guba.eastmoney.com/news,002787,726895489.html",2017-11-10 10:26:29,超大户在不断流出，这个时候进无疑主动买套
一分钱玩一天，好好玩，大爷陪你们玩,"https://guba.eastmoney.com/news,002787,727022102.html",2017-11-10 15:02:32,一分钱玩一天，好好玩，大爷陪你们玩
现在卖出的都是公司股东减持的，别人傻？根本都是赔的，不可能大把卖掉,"https://guba.eastmoney.com/news,002787,726931901.html",2017-11-10 11:27:56,现在卖出的都是公司股东减持的，别人傻？根本都是赔的，不可能大把卖掉
华源控股:关于公司控股股东、实际控制人股票质押式回购交易提前购回部分股份的公告,"https://guba.eastmoney.com/news,002787,726653661.html",2017-11-09 15:39:13,"公告日期：2017-11-10
关于公司控股股东、实际控制人股票质押式回购交易提前购回部分股份的公告



证券代码：002787 证券简称：华源控股 公告编号：2017-120



苏州华源控股股份有限公司



关于公司控股股东、实际控制人股票质押式回购交易



提前购回部分股份的公告



本公司及董事会全体成员保证信息披露的内容真实、准确和完整，没有虚假记载、误导性陈述或重大遗漏。



苏州华源控股股份有限公司（以下简称“公司”）于近日接到公司控股股东、实际控制人李志聪先生办理股票质押式回购交易提前购回部分股份业务的通知，具体事项公告如下：



一、股票质押式回购交易提前购回部分股份的基本情况



是否为第一 本次解除质



股东 原质押股数 原约定购回 提前购回股数 提前购回交



大股东及一 质押人 押占其所持



名称 （股） 交易日 （股） 易日



致行动人 股份比例



2019年11月 2017年11月 东吴证券股



李志聪 是 5,040,000 5,040,000 4.05%



8日 8日 份有限公司



二、股东股份累计被质押的情况：



截至本公告日，李志聪先生持有公司股份124,419,832股，占公司股份总数288,120,000股的



43.18%；其所持有的公司股份累计被质押51,790,000股，占李志聪先生持有公司股份总数的41.63%，



占公司总股本的17.98%。



（备注：上述比例均按照四舍五入保留两位小数计算）



三、备查文件



1、中国证券登记结算有限责任公司深圳分公司股份冻结明细。



特此公告。



苏州华源控股股份有限公司



董事会



2017年11月09日




[点击查看PDF原文]
提示：本网不保证其真实性和客观性，一切有关该股的有效信息，以交易所的公告为准，敬请投资者注意风险。
展开阅读全文"
我16的本一直在坚守，就是跌到十元以下我也不跑了。赔太多没办法了,"https://guba.eastmoney.com/news,002787,725119235.html",2017-11-03 14:51:00,我16的本一直在坚守，就是跌到十元以下我也不跑了。赔太多没办法了
5/2   雄安又创新高了,"https://guba.eastmoney.com/news,002787,636033799.html",2017-05-02 14:27:19,"部分小市值雄安新高了

本尊也算雄安概念，期待后期的业绩增长

送10股

等待中..."
(‵′),"https://guba.eastmoney.com/news,002787,636067577.html",2017-05-02 15:28:59,(‵′)
双11解禁，会不会大跌啊，套的好深啊，怎么办啊,"https://guba.eastmoney.com/news,002787,726592281.html",2017-11-09 13:35:34,双11解禁，会不会大跌啊，套的好深啊，怎么办啊
建议关注金融、地,"https://guba.eastmoney.com/news,002787,726701819.html",2017-11-09 18:38:15,建议关注金融、地
解禁就一百多万股翻不起什么浪花至于吓成这样吗！,"https://guba.eastmoney.com/news,002787,726657800.html",2017-11-09 15:51:59,解禁就一百多万股翻不起什么浪花至于吓成这样吗！
华源控股:关于2017年第六次临时股东大会增加临时提案及股东大会补充通知的公告,"https://guba.eastmoney.com/news,002787,726320939.html",2017-11-08 16:35:16,"公告日期：2017-11-09
证券代码：002787 证券简称：华源控股 公告编号：2017-119



苏州华源控股股份有限公司



关于2017年第六次临时股东大会增加临时提案



及股东大会补充通知的公告



本公司及董事会全体成员保证信息披露的内容真实、准确和完整，没有虚假记载、误导性陈述或重大遗漏。



苏州华源控股股份有限公司（以下简称“公司”）第二届董事会第二十八次会议决定于2017年11



月22日在苏州市吴江区桃源镇桃乌公路东侧1948号公司三楼会议室以现场会议与网络投票相结合的



方式召开公司2017年第六次临时股东大会，股权登记日为2017年11月16日，具体内容详见公司于



2017年11月7日披露于巨潮资讯网（www.cninfo.com.cn）的《关于召开2017年第六次临时股东大



会通知的公告》。



2017年11月8日，公司董事会收到控股股东李志聪先生提交的《关于提请苏州华源控股股份有



限公司2017年第六次临时股东大会增加临时提案的函》。为了充分保障中小投资者的知情权，李志聪



先生提请公司董事会将《关于<苏州华源控股股份有限公司发行股份及支付现金购买资产并募集配套资金报告书（草案）修订稿>及其摘要等文件修订的议案》，作为临时提案提交公司2017年第六次临时股东大会审议，此项议案已经公司2017年10月30日召开的第二届董事会第二十七次会议及第二届监事会第二十五次会议审议通过，公司独立董事亦发表了明确同意意见。《第二届董事会第二十七次会议决议公告》、《第二届监事会第二十五次会议决议公告》、《关于发行股份及支付现金购买资产并募集配套资金报告书（草案）修订稿修订说明的公告》、《独立董事关于第二届董事会第二十七次会议相关事项的独立意见》、《苏州华源控股股份有限公司发行股份及支付现金购买资产并募集配套资金报告书（草案）修订稿》及其摘要、《国海证券股份有限公司关于苏州华源控股股份有限公司发行股份及支付现金购买资产并募集配套资金之独立财务顾问报告（修订稿）》、中汇会计师事务所（特殊普通合伙）出具的中汇会审[2017]4587号《审计报告》等文件详见公司于2017年10月31日在巨潮资讯网发布的公告。



根据《中华人民共和国公司法》、《股东大会议事规则》和《公司章程》的有关规定：单独或合计持有公司3%以上股份的普通股股东，可以在股东大会召开10日前提出临时提案并书面提交召集人。截至本公告发布日，李志聪先生持有公司股份124,419,832股，占公司总股本的比例为43.18%，具有提出临时提案的法定资格，其提案内容未超出相关法律法规和《公司章程》的规定及股东大会职权范围，且提案程序亦符合《公司法》、《深圳证券交易所股票上市规则》、《公司章程》、《股东大会议事规则》的相关规定，公司董事会同意将上述临时提案提交公司2017年第六次临时股东大会审议。



因上述临时提案的增加，公司2017年第六次临时股东大会审议的议案有所变动，但公司2017



年第六次临时股东大会的召开时间、召开地点、召开方式、股权登记日事项均保持不变，2017年第



六次临时股东大会的具体补充通知如下：



一、召开会议基本情况



（一）股东大会届次：公司2017年第六次临时股东大会



（二）会议召集人：公司董事会。2017年11月6日召开的公司第二届董事会第二十八次会议审



议通过了《关于提请召开2017年第六次临时股东大会的议案》。



（三）会议召开的合法、合规性：本次股东大会会议的召集、召开程序符合《中华人民共和国公司法》、《上市公司股东大会规则(2016年修订)》等有关法律、行政法规、部门规章、规范性文件和《公司章程》的规定。



（四）会议召开日期、时间



1、现场会议



本次股东大会现场会议的召开时间为2017年11月22日（周三）下午14:30。



2、网络投票



本次股东大会的网络投票时间为：



（1）通过深圳证券交易所交易系统进行网络投票的时间为2017年11月22日上午9:30-11:30，



下午13:00-15:00；



（2）通过深圳证券交易所互联网投票系统（http://wltp.cninfo.com.cn）进行网络投票的时间为2017



年11月21日下午15:00至……
[点击查看PDF原文]
提示：本网不保证其真实性和客观性，一切有关该股的有效信息，以交易所的公告为准，敬请投资者注意风险。
展开阅读全文"
垃圾，我卖掉的中富通，财通证券这两天都十几个点的反弹.,"https://guba.eastmoney.com/news,002787,726644172.html",2017-11-09 15:11:22,垃圾，我卖掉的中富通，财通证券这两天都十几个点的反弹.
双11是星期六，明天最后一个交易日，会不会出现一泻千里，大跌的现象。都来预测，明,"https://guba.eastmoney.com/news,002787,726649227.html",2017-11-09 15:26:03,双11是星期六，明天最后一个交易日，会不会出现一泻千里，大跌的现象。都来预测，明天暴跌几个点。我估计会涨1.87%
给李董提个建议，邀请机构到本公司调研考察，让机构投资者看到公司发展前景并积极参与,"https://guba.eastmoney.com/news,002787,727463574.html",2017-11-13 09:39:00,【问】给李董提个建议，邀请机构到本公司调研考察，让机构投资者看到公司发展前景并积极参与实现双赢。企业的发展离不开投资者的参与和热情，人气旺生意才会旺。 【答】华源控股：您好，感谢您的建议！公司十分乐意接受个人或机构投资者的调研，如有安排调研，会在互动平台进行披露，谢谢。¶¶2017-11-13 09:39:00 §
下周三是买点，现在解禁前夜，风险太大,"https://guba.eastmoney.com/news,002787,726616935.html",2017-11-09 14:21:48,下周三是买点，现在解禁前夜，风险太大
4月17日两次大跌,"https://guba.eastmoney.com/news,002787,726567973.html",2017-11-09 12:13:50,4月17日两次大跌
裤衩掉了也,"https://guba.eastmoney.com/news,002787,726535207.html",2017-11-09 10:58:17,裤衩掉了也
短期看到22元，哈哈哈,"https://guba.eastmoney.com/news,002787,726472448.html",2017-11-09 08:53:29,短期看到22元，哈哈哈
再来一波行情。,"https://guba.eastmoney.com/news,002787,726431528.html",2017-11-09 00:55:32,再来一波行情。
明天看谁跑的快,"https://guba.eastmoney.com/news,002787,633624136.html",2017-04-25 14:43:30,走的图形都是起伏跌宕的！
好股啊 轻仓就是好，跌了没负担，随便跌，最好暴跌,"https://guba.eastmoney.com/news,002787,725024545.html",2017-11-03 11:27:45,好股啊 轻仓就是好，跌了没负担，随便跌，最好暴跌
而在市场成交量整体有限下,"https://guba.eastmoney.com/news,002787,633659385.html",2017-04-25 15:41:05,现在经过反弹之后
即使涨停能怎么？都赔了多少自己清楚,"https://guba.eastmoney.com/news,002787,726276684.html",2017-11-08 14:28:11,即使涨停能怎么？都赔了多少自己清楚
华源控股:关于收到《中国证监会行政许可申请受理通知书》的公告,"https://guba.eastmoney.com/news,002787,725915363.html",2017-11-07 11:49:53,"公告日期：2017-11-07
关于收到中国证监会行政许可申请受理通知书的公告



证券代码：002787 证券简称：华源控股 公告编号：2017-118



苏州华源控股股份有限公司



关于收到《中国证监会行政许可申请受理通知书》的公告



本公司及董事会全体成员保证信息披露的内容真实、准确和完整，没有虚假记载、误导性陈述或重大遗漏。



苏州华源控股股份有限公司（以下简称“公司”）于2017年11月6日收到中国证券监督管理委



员会（以下简称“中国证监会”）出具的《中国证监会行政许可申请受理通知书》（172049号）。



中国证监会对公司提交的《苏州华源控股股份有限公司上市公司发行股份购买资产核准》行政许可申请材料进行了审查，认为该申请材料齐全，符合法定形式，决定对该行政许可申请予以受理。



公司本次发行股份及支付现金购买资产并募集配套资金事项尚需中国证监会进一步审核，能否获得核准存在不确定性。公司将根据中国证监会对该事项的审核进展情况及时履行信息披露义务。



公司指定信息披露媒体为《证券时报》、《中国证券报》、《上海证券报》及巨潮资讯网



（www.cninfo.com.cn）。公司所有信息均以在上述媒体披露的信息为准。敬请广大投资者理性投资，注意投资风险。



特此公告。



苏州华源控股股份有限公司



董事会



2017年11月7日




[点击查看PDF原文]
提示：本网不保证其真实性和客观性，一切有关该股的有效信息，以交易所的公告为准，敬请投资者注意风险。
展开阅读全文"
飞吧宝贝 come on,"https://guba.eastmoney.com/news,002787,726248760.html",2017-11-08 13:29:45,飞吧宝贝 come on
看来要涨停,"https://guba.eastmoney.com/news,002787,726247840.html",2017-11-08 13:27:47,看来要涨停
可以进不,"https://guba.eastmoney.com/news,002787,726242323.html",2017-11-08 13:15:24,可以进不
留住自己的口袋～ 奉劝别再进啦～ 风险特大,"https://guba.eastmoney.com/news,002787,725596480.html",2017-11-06 13:53:27,"留住自己的口袋～
奉劝别再进啦～
风险特大"
想了想，同样在苏州，为何人家选了江南,"https://guba.eastmoney.com/news,002787,725973272.html",2017-11-07 14:36:00,唉
昨天换了8.1钢铁，赚了20%，曹,"https://guba.eastmoney.com/news,002787,725929949.html",2017-11-07 12:54:22,昨天换了8.1钢铁，赚了20%，曹
华源控股:关于修订《公司章程》的公告,"https://guba.eastmoney.com/news,002787,725651973.html",2017-11-06 15:59:49,"公告日期：2017-11-07
关于修订公司章程的公告



证券代码：002787 证券简称：华源控股 公告编号：2017-116



苏州华源控股股份有限公司



关于修订《公司章程》的公告



本公司及董事会全体成员保证信息披露的内容真实、准确和完整，没有虚假记载、误导性陈述或重大遗漏。



根据《中华人民共和国公司法》、《中华人民共和国证券法》、《上市公司监管指引第3号—上



市公司现金分红》及中国证券监督管理委员会《上市公司章程指引（2016 年修订）》等有关法律、



行政法规、规范性文件，结合公司实际情况，苏州华源控股股份有限公司（以下简称“公司”）第二届董事会第二十八次会议审议通过了《关于修订<公司章程>的议案》，拟对《公司章程》进行修订，具体内容如下：



序号 原《公司章程》内容 修订后《公司章程》内容



第一百五十八条公司的利润分配政策为： 第一百五十八条公司的利润分配政策为：



（一）利润分配原则。公司将重视对投资者的合理 （一）利润分配原则。公司将重视对投资者



投资回报并兼顾公司的可持续发展，实施积极的利润分 的合理投资回报并兼顾公司的可持续发展，实施



配政策，利润分配政策应保持一致性、合理性和稳定性。积极的利润分配政策，利润分配政策应保持一致



（二）利润分配形式。公司视具体情况采取现金、 性、合理性和稳定性。



股票、现金与股票相结合的方式或者法律、法规允许的 （二）利润分配形式。公司视具体情况采取



其他方式分配股利，并优先采取现金分红的方式进行利 现金、股票、现金与股票相结合的方式或者法律、



润分配。 法规允许的其他方式分配股利，并优先采取现金



在符合《公司法》及本章程规定的分红条件的情况 分红的方式进行利润分配。



下，公司每年以现金方式分配的利润应不低于当年实现 在符合《公司法》及本章程规定的分红条件



的可分配利润的15%。如果公司当年现金分红的利润已 的情况下，公司每年以现金方式分配的利润应不



超过当年实现的可分配利润的15%或在利润分配方案 低于当年实现的可分配利润的15%。公司利润



中拟通过现金方式分红的利润超过当年实现的可分配 分配不得超过累计可分配利润的范围，不得损害



1 利润的15%，对于超过当年实现的可分配利润的15%的 公司持续经营能力。



部分，在公司具有成长性、每股净资产的摊薄等真实合 公司董事会应当综合考虑公司所处行业特



理因素的条件下，公司可以采用股票股利方式进行利润 点、发展阶段、自身经营模式、盈利水平以及是



分配。 否有重大资金支出安排等因素，区分下列情形，



（三）利润分配的时间间隔。公司原则上每年进行 并按照公司章程规定的程序，提出差异化的现金



一次年度利润分配，董事会可以根据公司盈利及经营情 分红政策：



况提议公司进行中期利润分配。 1.公司发展阶段属成熟期且无重大资金支



（四）利润分配的具体条件： 出安排的，进行利润分配时，现金分红在本次利



1.公司当年盈利、累计未分配利润为正值； 润分配中所占比例最低应达到80%；



2.审计机构对公司该年度财务报告出具标准无保留 2.公司发展阶段属成熟期且有重大资金支



意见的审计报告。 ……
[点击查看PDF原文]
提示：本网不保证其真实性和客观性，一切有关该股的有效信息，以交易所的公告为准，敬请投资者注意风险。
展开阅读全文"
骂没有用，这个位置不要卖，可以适当加点仓。跌5%补1000股，再跌 再买。用这个,"https://guba.eastmoney.com/news,002787,723496379.html",2017-10-30 14:56:47,骂没有用，这个位置不要卖，可以适当加点仓。跌5%补1000股，再跌 再买。用这个办法，在A股里面，不会亏钱。就是费点时间。这样操作，庄家是不敢和散户耗的。
停牌前股价从60多跌到30多，复牌了从18多跌到12多，这个公司怎么上市的？退市,"https://guba.eastmoney.com/news,002787,725602502.html",2017-11-06 14:04:54,停牌前股价从60多跌到30多，复牌了从18多跌到12多，这个公司怎么上市的？退市算了。
发一大堆没用的公告，不如来点实际的，例如增持。稳定股价才是对的起股民,"https://guba.eastmoney.com/news,002787,725677083.html",2017-11-06 17:06:59,发一大堆没用的公告，不如来点实际的，例如增持。稳定股价才是对的起股民
华源控股:关于召开2017年第六次临时股东大会通知的公告,"https://guba.eastmoney.com/news,002787,725652499.html",2017-11-06 16:01:33,"公告日期：2017-11-07
证券代码：002787 证券简称：华源控股 公告编号：2017-117



苏州华源控股股份有限公司



关于召开2017年第六次临时股东大会通知的公告



本公司及董事会全体成员保证信息披露的内容真实、准确和完整，没有虚假记载、误导性陈述或重大遗漏。



苏州华源控股股份有限公司（以下简称“公司”）第二届董事会第二十八次会议决定于2017年11



月22日（周三）在苏州市吴江区桃源镇桃乌公路东侧1948号公司三楼会议室采取现场会议与网络投



票相结合的方式召开公司2017年第六次临时股东大会（以下简称“本次股东大会”），现将本次股东大



会会议有关事项通知如下：



一、召开会议基本情况



（一）股东大会届次：公司2017年第六次临时股东大会



（二）会议召集人：公司董事会。2017年11月6日召开的公司第二届董事会第二十八次会议审



议通过了《关于提请召开2017年第六次临时股东大会的议案》。



（三）会议召开的合法、合规性：本次股东大会会议的召集、召开程序符合《中华人民共和国公司法》、《上市公司股东大会规则(2016年修订)》等有关法律、行政法规、部门规章、规范性文件和《公司章程》的规定。



（四）会议召开日期、时间



1、现场会议



本次股东大会现场会议的召开时间为2017年11月22日（周三）下午14:30。



2、网络投票



本次股东大会的网络投票时间为：



（1）通过深圳证券交易所交易系统进行网络投票的时间为2017年11月22日上午9:30-11:30，



下午13:00-15:00；



（2）通过深圳证券交易所互联网投票系统（http://wltp.cninfo.com.cn）进行网络投票的时间为2017



年11月21日下午15:00至2017年11月22日下午15:00期间的任意时间。



（五）会议召开方式：



本次股东大会采取现场会议与网络投票相结合的方式召开，公司将通过深圳证券交易所交易系统 和互联网投票系统向全体股东提供网络形式的投票平台，股东可以在网络投票时间内通过上述系统行使表决权。同一股份只能选择现场或网络表决方式中的一种，同一股份通过现场或网络方式重复进行表决的，以第一次投票结果为准。



（六）股权登记日：2017年11月16日（周四）



（七）出席本次股东大会的对象：



1、截至2017年11月16日（股权登记日）下午收市时在中国证券登记结算有限责任公司深圳分



公司登记在册的本公司全体股东。上述本公司全体股东均有权出席本次股东大会并参加表决，因故不能亲自出席会议的股东可以书面形式委托代理人代为出席会议并参加表决，该股东代理人不必是本公司股东；



2、公司董事、监事和高级管理人员；



3、公司聘请的见证律师。



（八）现场会议召开的地点



本次2017年第六次临时股东大会现场会议召开的地点为苏州市吴江区桃源镇桃乌公路东侧1948



号公司三楼会议室。



二、会议审议事项



（二）提交本次会议审议和表决的议案如下：



序号 议案



1 《关于修订<公司章程>的议案》



该等议案已经公司第二届董事会第二十八次会议审议通过，议案具体内容详见公司于2017年11



月7日在《中国证券报》、《上海证券报》、《证券时报》和巨潮资讯网（www.cninfo.com.cn）上刊登的



《关于修订<公司章程>的公告》等相关公告。



该等议案为特殊决议事项，需由出席股东大会有表决权的股东（包括股东代理人）所持表决权 2/3以上同意即为通过。



根据《上市公司股东大会规则（2016年修订）》及《深圳证券交易所中小企业板上市公司规范运



作指引（2015年修订）》的要求，上述议案将对中小投资者的表决进行单独计票并及时公开披露。



三、提案编码



备……
[点击查看PDF原文]
提示：本网不保证其真实性和客观性，一切有关该股的有效信息，以交易所的公告为准，敬请投资者注意风险。
展开阅读全文"
华源控股:第二届董事会第二十八次会议决议公告,"https://guba.eastmoney.com/news,002787,725651778.html",2017-11-06 15:59:09,"公告日期：2017-11-07
第二届董事会第二十八次会议决议公告



证券代码：002787 证券简称：华源控股 公告编号：2017-114



苏州华源控股股份有限公司



第二届董事会第二十八次会议决议公告



本公司及董事会全体成员保证信息披露的内容真实、准确和完整，没有虚假记载、误导性陈述或重大遗漏。



一、董事会会议召开情况



苏州华源控股股份有限公司（以下简称“公司”）第二届董事会第二十八次会议（以下简称“董事会”）由董事长召集，于2017年11月3日以电话、邮件形式向全体董事发出通知，并于2017年11月6日以现场会议与通讯表决相结合的方式在公司三楼会议室举行。公司董事总数6人，出席本次会议的董事及受托董事共6人（其中受托董事0人），其中以通讯表决方式出席会议的董事有4人，分别为：张辛易先生、张月红女士、于耀东先生、张薇女士。出席本次会议董事超过公司董事总数的半数，本次会议符合《公司法》及《公司章程》关于召开董事会的规定。本次董事会由董事长李炳兴先生主持，公司部分监事及高级管理人员列席了会议。



二、董事会会议审议情况



1、审议通过《关于修订<公司章程>的议案》



公司根据《中华人民共和国公司法》、《中华人民共和国证券法》、《上市公司监管指引第3号



—上市公司现金分红》及中国证券监督管理委员会《上市公司章程指引（2016 年修订）》等有关法



律、行政法规、规范性文件，结合公司实际情况，对《公司章程》进行了修订。



同意： 6 票；反对： 0 票；弃权： 0 票；



同意的票数占出席本次会议有表决权董事的100%，表决结果为通过。



本议案尚需提交2017年第六次临时股东大会审议。



《关于修订<公司章程>的公告》与本决议公告同日在《证券时报》、《中国证券报》、《上海证券报》、巨潮资讯网（www.cninfo.com.cn）公告。



2、审议通过《关于提请召开2017年第六次临时股东大会的议案》



依据《中华人民共和国公司法》、《公司章程》的规定，现提议于2017年11月22日在苏州市吴



江区桃源镇桃乌公路东侧1948号公司三楼会议室召开2017年第六次临时股东大会，并准备会议相关



事宜。



第二届董事会第二十八次会议决议公告



同意： 6 票；反对： 0 票；弃权： 0 票；



同意的票数占出席本次会议有表决权董事的100%，表决结果为通过。



《关于召开2017年第六次临时股东大会通知的公告》与本决议公告同日在《证券时报》、《中



国证券报》、《上海证券报》及巨潮资讯网（www.cninfo.com.cn）公告。



三、备查文件



1、公司第二届董事会第二十八次会议决议。



特此公告。



苏州华源控股股份有限公司



董事会



2017年11月6日




[点击查看PDF原文]
提示：本网不保证其真实性和客观性，一切有关该股的有效信息，以交易所的公告为准，敬请投资者注意风险。
展开阅读全文"
华源控股:第二届董事会第二十八次会议决议公告,"https://guba.eastmoney.com/news,002787,725651777.html",2017-11-06 15:59:09,"公告日期：2017-11-07
第二届董事会第二十八次会议决议公告



证券代码：002787 证券简称：华源控股 公告编号：2017-114



苏州华源控股股份有限公司



第二届董事会第二十八次会议决议公告



本公司及董事会全体成员保证信息披露的内容真实、准确和完整，没有虚假记载、误导性陈述或重大遗漏。



一、董事会会议召开情况



苏州华源控股股份有限公司（以下简称“公司”）第二届董事会第二十八次会议（以下简称“董事会”）由董事长召集，于2017年11月3日以电话、邮件形式向全体董事发出通知，并于2017年11月6日以现场会议与通讯表决相结合的方式在公司三楼会议室举行。公司董事总数6人，出席本次会议的董事及受托董事共6人（其中受托董事0人），其中以通讯表决方式出席会议的董事有4人，分别为：张辛易先生、张月红女士、于耀东先生、张薇女士。出席本次会议董事超过公司董事总数的半数，本次会议符合《公司法》及《公司章程》关于召开董事会的规定。本次董事会由董事长李炳兴先生主持，公司部分监事及高级管理人员列席了会议。



二、董事会会议审议情况



1、审议通过《关于修订<公司章程>的议案》



公司根据《中华人民共和国公司法》、《中华人民共和国证券法》、《上市公司监管指引第3号



—上市公司现金分红》及中国证券监督管理委员会《上市公司章程指引（2016 年修订）》等有关法



律、行政法规、规范性文件，结合公司实际情况，对《公司章程》进行了修订。



同意： 6 票；反对： 0 票；弃权： 0 票；



同意的票数占出席本次会议有表决权董事的100%，表决结果为通过。



本议案尚需提交2017年第六次临时股东大会审议。



《关于修订<公司章程>的公告》与本决议公告同日在《证券时报》、《中国证券报》、《上海证券报》、巨潮资讯网（www.cninfo.com.cn）公告。



2、审议通过《关于提请召开2017年第六次临时股东大会的议案》



依据《中华人民共和国公司法》、《公司章程》的规定，现提议于2017年11月22日在苏州市吴



江区桃源镇桃乌公路东侧1948号公司三楼会议室召开2017年第六次临时股东大会，并准备会议相关



事宜。



第二届董事会第二十八次会议决议公告



同意： 6 票；反对： 0 票；弃权： 0 票；



同意的票数占出席本次会议有表决权董事的100%，表决结果为通过。



《关于召开2017年第六次临时股东大会通知的公告》与本决议公告同日在《证券时报》、《中



国证券报》、《上海证券报》及巨潮资讯网（www.cninfo.com.cn）公告。



三、备查文件



1、公司第二届董事会第二十八次会议决议。



特此公告。



苏州华源控股股份有限公司



董事会



2017年11月6日




[点击查看PDF原文]
提示：本网不保证其真实性和客观性，一切有关该股的有效信息，以交易所的公告为准，敬请投资者注意风险。
展开阅读全文"
华源控股:第二届监事会第二十六次会议决议公告,"https://guba.eastmoney.com/news,002787,725651658.html",2017-11-06 15:58:43,"公告日期：2017-11-07
第二届监事会第二十六次会议决议公告



证券代码：002787 证券简称：华源控股 公告编号：2017-115



苏州华源控股股份有限公司



第二届监事会第二十六次会议决议公告



本公司及监事会全体成员保证信息披露的内容真实、准确和完整，没有虚假记载、误导性陈述或重大遗漏。



一、监事会会议召开情况



苏州华源控股股份有限公司（以下简称“公司”）第二届监事会第二十六次会议（以下简称“监事会”）由监事会主席召集，于2017年11月3日以当面送达的方式向全体监事发出通知，并于2017年11月6日以现场会议的方式在公司三楼会议室举行。本次监事会由监事会主席王芳女士主持。公司监事总数3人，出席本次会议的监事及受托监事共3人（其中受托监事0人）；出席本次会议监事超过公司监事总数半数，符合《公司法》及《公司章程》关于召开监事会的规定。



二、监事会会议审议情况



1、审议通过《关于修订<公司章程>的议案》



公司根据《中华人民共和国公司法》、《中华人民共和国证券法》、《上市公司监管指引第3号



—上市公司现金分红》及中国证券监督管理委员会《上市公司章程指引（2016 年修订）》等有关法



律、行政法规、规范性文件，结合公司实际情况，对《公司章程》进行了修订。



同意： 3 票；反对： 0 票；弃权： 0 票；



同意的票数占出席本次会议有表决权监事的100%，表决结果为通过。



本议案尚需提交2017年第六次临时股东大会审议。



《关于修订<公司章程>的公告》与本决议公告同日在《证券时报》、《中国证券报》、《上海证券报》、巨潮资讯网（www.cninfo.com.cn）公告。



三、备查文件



1、公司第二届监事会第二十六次会议决议。



特此公告。



苏州华源控股股份有限公司



监事会



2017年11月6日




[点击查看PDF原文]
提示：本网不保证其真实性和客观性，一切有关该股的有效信息，以交易所的公告为准，敬请投资者注意风险。
展开阅读全文"
面对股价连续下跌，公司一点措施不想，对得起股民？退市吧,"https://guba.eastmoney.com/news,002787,725603412.html",2017-11-06 14:06:44,面对股价连续下跌，公司一点措施不想，对得起股民？退市吧
不破10不补仓,"https://guba.eastmoney.com/news,002787,725074971.html",2017-11-03 13:39:28,不破10不补仓
15.76买的14.26补的 结果又跌 12.79又补了 跌跌不休 我都快成大股,"https://guba.eastmoney.com/news,002787,725574207.html",2017-11-06 13:08:06,15.76买的14.26补的 结果又跌 12.79又补了 跌跌不休 我都快成大股东了 不会到最后他跟乐视一样无限期停牌吧 想想就恐怖
几个高管减持190万股，难道就把公司搞倒闭了？,"https://guba.eastmoney.com/news,002787,725289014.html",2017-11-04 12:30:53,几个高管减持190万股，难道就把公司搞倒闭了？
公司高管减持的后果，自食恶果,"https://guba.eastmoney.com/news,002787,725515813.html",2017-11-06 10:40:15,公司高管减持的后果，自食恶果
真是垃圾中的超级战斗机,"https://guba.eastmoney.com/news,002787,725510961.html",2017-11-06 10:32:27,真是垃圾中的超级战斗机
请问华源包装证券部联系怎么联系？,"https://guba.eastmoney.com/news,002787,726006248.html",2017-11-07 14:45:00,【问】请问华源包装证券部联系怎么联系？ 【答】华源控股：您好，华源控股证券部联系方式如下：电话：0512-63857748；传真：0512-63852178；邮箱：zqb@huayuan-print.com.详见公司于2017年8月24日在巨潮资讯网上公告的《2017年半年度报告》。¶¶2017-11-07 14:45:00 §
大家要有信心啊 还是有希望的 比如万一大盘涨停了 说不定这股就不跌了 运气好还能,"https://guba.eastmoney.com/news,002787,725431706.html",2017-11-05 23:02:25,大家要有信心啊 还是有希望的 比如万一大盘涨停了 说不定这股就不跌了 运气好还能涨半个点呢
小盘股市盈率30多，利润环比增加为利多；大盘毫无逻辑，这货要减持为利空；未来几个,"https://guba.eastmoney.com/news,002787,725459723.html",2017-11-06 08:25:58,小盘股市盈率30多，利润环比增加为利多；大盘毫无逻辑，这货要减持为利空；未来几个月就是上下折腾的趋势，任何时候买卖都没道理，就是不要关注，春节前再看盘
货币政策与金融稳定,"https://guba.eastmoney.com/news,002787,725378373.html",2017-11-05 14:45:53,货币政策与金融稳定
华源控股:关于公司控股股东、实际控制人股权质押的公告,"https://guba.eastmoney.com/news,002787,725169574.html",2017-11-03 17:10:00,"公告日期：2017-11-04
关于公司控股股东、实际控制人股权质押的公告



证券代码：002787 证券简称：华源控股 公告编号：2017-113



苏州华源控股股份有限公司



关于公司控股股东、实际控制人股权质押的公告



本公司及董事会全体成员保证信息披露的内容真实、准确和完整，没有虚假记载、误导性陈述或重大遗漏。



苏州华源控股股份有限公司（以下简称“公司”）于近日接到公司控股股东、实际控制人李志聪先生的通知，获悉其将持有的公司部分股份办理了补充质押业务，具体事项如下：



一、本次股份补充质押的基本情况



2017年11月2日，控股股东、实际控制人李志聪先生将其持有的4,000,000首发前个人类



限售股（占李志聪先生持有公司股份总数的3.21%，占公司总股本的1.39%）与长江证券股份有



限公司（以下简称“长江证券”）进行了股票质押式回购交易业务，作为对李志聪先生2016年



11月9日与长江证券开展的股票质押式回购交易（详见公司2016年11月11日在巨潮资讯网上



发布的《关于公司控股股东、实际控制人股权质押的公告》）的补充质押。上述质押的股份已在长江证券办理了相关质押登记手续。



截至本公告日，李志聪先生持有公司股份124,419,832股，占公司股份总数288,120,000股的



43.18%；其所持有的公司股份累计被质押56,830,000股，占李志聪先生持有公司股份总数的



45.68%，占公司总股本的19.72%。



（备注：上述比例均按照四舍五入保留两位小数计算）



二、补充质押目的、资金偿还能力及相关安排



上述股票质押式回购交易为对前次股票质押式回购交易的补充质押，不涉及新增融资安排。



公司控股股东、实际控制人李志聪先生资信状况良好，其质押融资的还款来源包括上市公司股票分红、投资收益、个人收入等，具备良好的资金偿还能力，质押风险在可控范围之内。



三、可能引发的风险及应对的措施



公司控股股东李志聪先生质押的股份目前不存在平仓风险，若质押达到履约保障预警线或最低线，控股股东尚有充足的股票可用于补仓，也可选择提前购回。公司控股股东未来股权变动如 关于公司控股股东、实际控制人股权质押的公告



达到《证券法》、《上市公司收购管理办法》等规定的相关情形，公司将严格遵守权益披露的相关规定，及时履行信息披露义务。



四、备查文件



1、中国证券登记结算有限责任公司深圳分公司股份冻结明细。



特此公告。



苏州华源控股股份有限公司



董事会



2017年11月3日




[点击查看PDF原文]
提示：本网不保证其真实性和客观性，一切有关该股的有效信息，以交易所的公告为准，敬请投资者注意风险。
展开阅读全文"
他我元快到,"https://guba.eastmoney.com/news,002787,725314865.html",2017-11-04 19:52:37,他我元快到
江南嘉捷是什么地方的？,"https://guba.eastmoney.com/news,002787,725311176.html",2017-11-04 18:31:43,苏州
股价喋喋不休，作为上市企业应该考虑股东利益，此时应该推出增持计划，提升股东信心。,"https://guba.eastmoney.com/news,002787,725298608.html",2017-11-04 14:47:36,"股价喋喋不休，作为上市企业应该考虑股东利益，此时应该推出增持计划，提升股东信心。公司从事包装行业，双十一会对公司业绩产生积极影响吗？
华源控股
华源控股：您好，感谢您的关注。公司如有股票增持计划，会按照规定履行信息披露义务。公司主要产品为金属包装，直接客户一般不是终端个人消费者，与双11的活动主旨不太一致，公司未对此期间的销售做具体统计。双11期间主要客户网店和线下门店进行促销活动，对公司产品的销量有一定的积极影响。谢谢。
答复时间 2017-11-13 09:32:00"
预测12.77是华源最低点，,"https://guba.eastmoney.com/news,002787,725116951.html",2017-11-03 14:47:19,预测12.77是华源最低点，
大盘跌的时候它涨，大盘涨的时候跌，主力意图十分明显，就看你拿不拿得住,"https://guba.eastmoney.com/news,002787,717843487.html",2017-10-17 10:44:20,大盘跌的时候它涨，大盘涨的时候跌，主力意图十分明显，就看你拿不拿得住
我只想知道。停牌和复牌间失去多少市值。有十几个亿没,"https://guba.eastmoney.com/news,002787,725120278.html",2017-11-03 14:52:48,我只想知道。停牌和复牌间失去多少市值。有十几个亿没
你是想震荡上攻，还是一鼓作气拿下5.77,"https://guba.eastmoney.com/news,002787,720400425.html",2017-10-22 16:59:46,好，碾压三星OLED
下午可能要跳水，都是小单接,"https://guba.eastmoney.com/news,002787,633201635.html",2017-04-24 17:48:23,砸盘的狗比散开！！！
个人感觉，该股离底部不远了，估计在7个点以内。先不要急着进场，主力大规模的进我们,"https://guba.eastmoney.com/news,002787,725201781.html",2017-11-03 19:34:10,个人感觉，该股离底部不远了，估计在7个点以内。先不要急着进场，主力大规模的进我们小散再跟。
有门,"https://guba.eastmoney.com/news,002787,724021659.html",2017-10-31 17:13:02,今天表现还是不错的。有启动迹象
每天下跌3个点左右 这频率真不错,"https://guba.eastmoney.com/news,002787,725147333.html",2017-11-03 15:57:56,每天下跌3个点左右 这频率真不错
很想知道16.66收购瑞杰科技，瑞杰科技现在是怎么看的？大家发表意见,"https://guba.eastmoney.com/news,002787,725127921.html",2017-11-03 15:06:51,很想知道16.66收购瑞杰科技，瑞杰科技现在是怎么看的？大家发表意见
大家晒晒成本.,"https://guba.eastmoney.com/news,002787,725011033.html",2017-11-03 11:06:46,大家晒晒成本.
你是真他妈能跌呀,"https://guba.eastmoney.com/news,002787,725122606.html",2017-11-03 14:56:44,你是真他妈能跌呀
管住自己的手     没有更低,"https://guba.eastmoney.com/news,002787,725106520.html",2017-11-03 14:31:33,管住自己的手 没有更低
停牌前到现在还没走的，我不信。,"https://guba.eastmoney.com/news,002787,725118704.html",2017-11-03 14:50:08,停牌前到现在还没走的，我不信。
不要去抄底，公司高管+高高管去抄底都亏了[大笑],"https://guba.eastmoney.com/news,002787,725113628.html",2017-11-03 14:41:56,不要去抄底，公司高管+高高管去抄底都亏了
在金融领域,"https://guba.eastmoney.com/news,002787,725092183.html",2017-11-03 14:09:37,在金融领域
管住自己的手，让狗庄去玩吧,"https://guba.eastmoney.com/news,002787,725077082.html",2017-11-03 13:43:14,管住自己的手，让狗庄去玩吧
还在出，不拋完跌不停,"https://guba.eastmoney.com/news,002787,725073315.html",2017-11-03 13:36:30,还在出，不拋完跌不停
深套了，等待主力拉伸做T呢，MD也不拉一下,"https://guba.eastmoney.com/news,002787,725060228.html",2017-11-03 13:12:46,深套了，等待主力拉伸做T呢，MD也不拉一下
注意安全 此刻开盘以来，没有上去过～ 奉劝不要进，危险～,"https://guba.eastmoney.com/news,002787,725058437.html",2017-11-03 13:09:07,"注意安全
此刻开盘以来，没有上去过～
奉劝不要进，危险～"
李炳兴你收购三板的垃圾，想到过今天的市值吗？,"https://guba.eastmoney.com/news,002787,725057418.html",2017-11-03 13:06:56,华源本来也就是个垃圾
今天破13，下周见11。市值29亿差不多了，烂公司,"https://guba.eastmoney.com/news,002787,724981266.html",2017-11-03 10:17:40,今天破13，下周见11。市值29亿差不多了，烂公司
这个股票有庄家大股东勾结嫌疑，不然恶庄不敢有恃无恐的这样砸盘，不然大股东增持，公,"https://guba.eastmoney.com/news,002787,725019550.html",2017-11-03 11:20:15,这个股票有庄家大股东勾结嫌疑，不然恶庄不敢有恃无恐的这样砸盘，不然大股东增持，公布利好，恶庄钱就扔水里了，如果有大户进来，恶庄挡不住，大股东就鼓励高管减持。
麻痹，天天跌,"https://guba.eastmoney.com/news,002787,725005980.html",2017-11-03 10:58:20,麻痹，天天跌
md,"https://guba.eastmoney.com/news,002787,724973032.html",2017-11-03 10:04:57,天天看，天天跌，割肉
死人股,"https://guba.eastmoney.com/news,002787,724956499.html",2017-11-03 09:40:49,死人股
这股劝大家放弃吧，3000多支没必要给他耗,"https://guba.eastmoney.com/news,002787,724857843.html",2017-11-02 22:19:45,这股劝大家放弃吧，3000多支没必要给他耗
权重也涨不动了，不是国家队控盘早回调了，权重回调大盘指数回调个股才有生机。,"https://guba.eastmoney.com/news,002787,724969917.html",2017-11-03 10:00:41,权重也涨不动了，不是国家队控盘早回调了，权重回调大盘指数回调个股才有生机。
您好，请公司高管增持本公司的股票不在于多少，主要在于意义，你们的增持会增加机构和,"https://guba.eastmoney.com/news,002787,726016460.html",2017-11-07 14:48:00,【问】您好，请公司高管增持本公司的股票不在于多少，主要在于意义，你们的增持会增加机构和股民的信心，高管们每人增持几万股总可以吧？请李炳兴董事长带头，我们齐心合力维护股价，维护公司的形象，谢谢！ 【答】华源控股：您好，非常感谢您的关注。公司高管如有增持股票计划，公司会按规定履行相应的信息披露义务。谢谢。¶¶2017-11-07 14:48:00 §
主力手法告诉我，明天一字涨停！,"https://guba.eastmoney.com/news,002787,724724115.html",2017-11-02 15:16:29,
市盈率不到四十倍 比很多新股市盈率都低，以这个流通盘和市盈率，不炒作在20也很正,"https://guba.eastmoney.com/news,002787,724753468.html",2017-11-02 16:36:03,"市盈率不到四十倍
比很多新股市盈率都低，以这个流通盘和市盈率，不炒作在20也很正常，耗着吧，看狗庄折腾"
股价跌跌不休，股民亏的太多了，强烈建议并真诚希望公司高管增持本公司股票，谢谢！另,"https://guba.eastmoney.com/news,002787,725474280.html",2017-11-06 08:32:00,【问】股价跌跌不休，股民亏的太多了，强烈建议并真诚希望公司高管增持本公司股票，谢谢！另外，请问在上海自贸区设立的全资公司上海顺源国际贸易有限公司业务情况如何？ 【答】华源控股：您好，感谢您对公司的关注。如果公司高管有增持股票计划，公司会按规定履行相应的信息披露义务。上海顺源国际贸易有限公司由公司全资子公司香港华源出资设立，主营业务为国际贸易、转口贸易，贸易代理以及贸易信息咨询服务等。公司也在积极关注国家政策及自由贸易港的情况，积极寻求业务机会。如有规划，公司将按照相关法律法规的规定及时履行信息披露义务，谢谢！¶¶2017-11-06 08:32:00 §
董秘，你好！ 上海发布服务国家一带一路建设桥头堡作用行动方案，加快上海自由港建设,"https://guba.eastmoney.com/news,002787,724987750.html",2017-11-03 09:57:00,【问】董秘，你好！ 上海发布服务国家一带一路建设桥头堡作用行动方案，加快上海自由港建设。其中，重要内容就是要发挥利用上海自贸区贸易便利性，子公司上海顺源国际贸易有限公司发展正当其实，将在此项政策下发挥什么作用？会不会对公司业务产生积极影响？ 【答】华源控股：您好，感谢您对公司的关注！上海顺源国际贸易有限公司由公司全资子公司香港华源出资设立，主营业务为国际贸易、转口贸易，贸易代理以及贸易信息咨询服务等。公司也在积极关注国家政策及自由贸易港的情况，合理有效的结合自身业务特点，积极寻求业务机会。如有规划，公司将按照相关法律法规的规定及时履行信息披露义务，谢谢！¶¶2017-11-03 09:57:00 §
罗定佬呢？去左边度？,"https://guba.eastmoney.com/news,002787,724749161.html",2017-11-02 16:22:52,有事求解。
华源包装的管理层真是脑残，看到股价60多元时蠢蠢欲动，小股东们一算个个千万身价，,"https://guba.eastmoney.com/news,002787,724741473.html",2017-11-02 15:59:56,华源包装的管理层真是脑残，看到股价60多元时蠢蠢欲动，小股东们一算个个千万身价，现在好了股价跌成这个样子，忙着出公告预计-10%～20%，这个时候主力还在吗？学习一下什么叫市值管理
提示该公司被查了,"https://guba.eastmoney.com/news,002787,724739313.html",2017-11-02 15:54:05,提示该公司被查了
一个月后会涨的，目前别想了,"https://guba.eastmoney.com/news,002787,724725998.html",2017-11-02 15:20:48,一个月后会涨的，目前别想了
争先恐后去赴死，,"https://guba.eastmoney.com/news,002787,724714308.html",2017-11-02 14:57:06,股价都这样了，都还那么不怕死。争着去抄底，你永远抄不到底，你以为的底，还是话语权的半山腰。慢慢等吧。亏了一千多，退出来了！
目标退市 速度,"https://guba.eastmoney.com/news,002787,724675196.html",2017-11-02 13:51:14,目标退市 速度
md,"https://guba.eastmoney.com/news,002787,724712646.html",2017-11-02 14:54:14,没有最低，只有更低。md
再努力一下，13.0是股权激励计划的持仓成本，双11之前砸在13元以下吧,"https://guba.eastmoney.com/news,002787,724696204.html",2017-11-02 14:26:01,再努力一下，13.0是股权激励计划的持仓成本，双11之前砸在13元以下吧，大家一起套着，反正本人持仓成本没有，未融资、借贷、套现信用卡，爱怎么玩，怎么玩，有机会做做t，降低成本。
I hat,"https://guba.eastmoney.com/news,002787,724695853.html",2017-11-02 14:25:28,I hat
肯定造假，等着退市。,"https://guba.eastmoney.com/news,002787,724691118.html",2017-11-02 14:16:50,肯定造假，等着退市。
没有最低，只有更低,"https://guba.eastmoney.com/news,002787,724689008.html",2017-11-02 14:13:24,没有最低，只有更低
002846第一妖,"https://guba.eastmoney.com/news,002787,724680510.html",2017-11-02 13:59:25,002846第一妖
死人股,"https://guba.eastmoney.com/news,002787,724675235.html",2017-11-02 13:51:17,死人股
跌跌不休,"https://guba.eastmoney.com/news,002787,724674022.html",2017-11-02 13:49:31,跌跌不休
目标价12元,"https://guba.eastmoney.com/news,002787,724655045.html",2017-11-02 13:15:53,目标价12元
