标题,链接,发布时间,内容
媒体报道称，研发中心变成了职工宿舍？是真是假，请正面回答，如果是媒体乱说，请将媒,"https://guba.eastmoney.com/news,002864,735611530.html",2017-12-08 17:27:00,"媒体报道称，研发中心变成了职工宿舍？是真是假，请正面回答，如果是媒体乱说，请将媒体告上法庭
盘龙药业
盘龙药业：答：尊敬的投资者您好！感谢您对公司的关心！我们近期会与个别媒沟通不实报道事宜，在必要时我们会运用法律赋予我们的权利，来维护投资者与公司的权益不受侵害。
(来自深交所互动易)答复时间 2017-12-08 17:27:00"
大家记住盘龙药业股价绝对在一品红之上,"https://guba.eastmoney.com/news,002864,732085396.html",2017-11-27 09:56:34,大家记住盘龙药业股价绝对在一品红之上 无论是从名称 净资产 市净率 总股本 盘龙都有优势
王家成品牌，是不是盘龙药业独家享有，市面上有很多王家成的产品，除了盘龙七以外，盘,"https://guba.eastmoney.com/news,002864,735645441.html",2017-12-08 20:19:00,"王家成品牌，是不是盘龙药业独家享有，市面上有很多王家成的产品，除了盘龙七以外，盘龙药业还有没有其他战略计划，中药产业，希望贵公司向云南白药，片仔癀学习，成为让我长期投资的品种
盘龙药业
盘龙药业：尊敬的投资者您好！十分感谢您对我公司的热心关注。公司将继续以“树立盘龙品牌，关爱人类健康”为企业宗旨，秉承“稳健经营，效益优先，诚实为本，信誉久远”的企业经营理念，以“打造中华风湿骨伤药物第一品牌”和“实现百年盘龙梦想”为愿景目标，为祖国的中医药事业和人类健康谱写更精美的篇章!我们非常愿意成为让您长期投资的公司。
(来自深交所互动易)答复时间 2017-12-08 20:19:00"
谢晓林她妹 这样操作算不算违规,"https://guba.eastmoney.com/news,002864,735673128.html",2017-12-08 23:13:25,谢晓林她妹 这样操作算不算违规
大盘跌一下，就把你们吓死了,"https://guba.eastmoney.com/news,002864,732095507.html",2017-11-27 10:18:55,各位怕不怕，一万多的封单。干嘛不砸开呢，现在很容易开的！
"这股毛利率高的变态,盘小,未来可能要到60元","https://guba.eastmoney.com/news,002864,735671993.html",2017-12-08 23:05:10,牛股毛利率都高
老板说。大妹子啊 你没文化 没资产 送你2000股，以后可以养老了。大妹说好啊好,"https://guba.eastmoney.com/news,002864,735666707.html",2017-12-08 22:29:57,老板说。大妹子啊 你没文化 没资产 送你2000股，以后可以养老了。大妹说好啊好啊，于是28多买了两千股。 今天开盘28，损失惨重，立马说不要了不要了。太可怕了
应该有问题。没有底气的回答。,"https://guba.eastmoney.com/news,002864,735653764.html",2017-12-08 21:45:47,应该有问题。没有底气的回答。
国企转过来的民企，看了你们的历史，应该继续加大研发投入，特别是要像科大讯飞之类的,"https://guba.eastmoney.com/news,002864,735645418.html",2017-12-08 20:28:00,"国企转过来的民企，看了你们的历史，应该继续加大研发投入，特别是要像科大讯飞之类的公司，在人才上下大力气储备，中国有很多很牛的中医，建议花重金去合作，你们的招股说明书讲和中医药大学的教授合作，这个可以多一点，甚至于资金投入可以向这些上面多考虑，好产品，不需要过多的营销，供不应求。
盘龙药业
盘龙药业：尊敬的投资者您好！您的建议我们会积极采纳，感谢您对我公司的关心与支持。
(来自深交所互动易)答复时间 2017-12-08 20:28:00"
002864次女级新股盘龙药业下一个300725,"https://guba.eastmoney.com/news,002864,735630272.html",2017-12-08 19:05:14,
明天负5收盘,"https://guba.eastmoney.com/news,002864,735562167.html",2017-12-08 14:57:44,明天负5收盘
不是我们不买老股，解禁害死人啊，先来次新看看吧,"https://guba.eastmoney.com/news,002864,735625500.html",2017-12-08 18:38:37,不是我们不买老股，解禁害死人啊，先来次新看看吧
如果盘龙收盘不能涨4个点以上，下周一又是一个大跌！,"https://guba.eastmoney.com/news,002864,735549044.html",2017-12-08 14:32:26,如果盘龙收盘不能涨4个点以上，下周一又是一个大跌！ 盘龙还是比较弱，如果收盘不能站在4个点以上，下个交易日又要大跌
遵守纪律，择机再T进。,"https://guba.eastmoney.com/news,002864,734389771.html",2017-12-05 10:07:00,“主净红再多一律砸！(九成是)”
创指已成功筑底，盘龙不涨是因为没有大资金进场。资本的逐利本质决定只会往阻力小的股,"https://guba.eastmoney.com/news,002864,735497193.html",2017-12-08 12:20:42,创指已成功筑底，盘龙不涨是因为没有大资金进场。资本的逐利本质决定只会往阻力小的股票涌，这就是强者恒强的道理。你小级别k线走的难看，人不愿意来。同行业同次新，资金现在在炒药石，所以只有药石滞涨，盘龙才有可能有资金愿意来炒。下午准备打证监会电话12386举报药石，上海营业部操纵市场。想解套的朋友们，口才好的一起行动起来，不然可能就要放很长时间才有可能解套了。
董秘你好，贵公司应该拿起法律武器追究个别媒体对公司的不实报道。,"https://guba.eastmoney.com/news,002864,735066000.html",2017-12-07 08:42:03,"董秘你好，贵公司应该拿起法律武器追究个别媒体对公司的不实报道。
盘龙药业
盘龙药业：尊敬的投资者您好！感谢您对公司的关注，尊敬的投资者您好！感谢您对公司的关心！我们近期会与个别媒沟通不实报道事宜，在必要时我们会运用法律赋予我们的权利，来维护投资者与公司的权益不受侵害。
(来自深交所互动易)答复时间 2017-12-08 13:38:00"
这个旧新闻让盘龙压着不敢涨，周末公司出个公告，下周连续涨停！,"https://guba.eastmoney.com/news,002864,735575612.html",2017-12-08 15:34:54,这个旧新闻让盘龙压着不敢涨，周末公司出个公告，下周连续涨停！
有何感想。,"https://guba.eastmoney.com/news,002864,735564228.html",2017-12-08 15:01:59,有何感想。
明天闷杀,"https://guba.eastmoney.com/news,002864,735557000.html",2017-12-08 14:47:54,明天闷杀
放涨停板上跑了吧。,"https://guba.eastmoney.com/news,002864,735540798.html",2017-12-08 14:15:37,放涨停板上跑了吧。
次新股大幅反弹大升，盘龙变盘蛇。,"https://guba.eastmoney.com/news,002864,735560125.html",2017-12-08 14:53:47,次新股大幅反弹大升，盘龙变盘蛇。
看星期一的了，还没解套,"https://guba.eastmoney.com/news,002864,735558685.html",2017-12-08 14:51:00,看星期一的了，还没解套
27.80元全要 要的挂上去 团结起来,"https://guba.eastmoney.com/news,002864,735556412.html",2017-12-08 14:46:44,徐小明002864 27.80元全要 要的挂上去
市场上出现公司的负面新闻，为什么没有公告，是不是真的有问题！,"https://guba.eastmoney.com/news,002864,735628502.html",2017-12-08 17:29:00,"市场上出现公司的负面新闻，为什么没有公告，是不是真的有问题！
盘龙药业
盘龙药业：答：尊敬的投资者您好！感谢您对公司的关心！我们近期会与个别媒体沟通不实报道事宜，在必要时我们会运用法律赋予我们的权利，来维护投资者与公司的权益不受侵害。
(来自深交所互动易)答复时间 2017-12-08 17:29:00"
市场上出现公司的负面新闻，为什么不停牌？不及时出面澄清？股民的损失谁来赔偿？,"https://guba.eastmoney.com/news,002864,735534326.html",2017-12-08 13:40:00,"市场上出现公司的负面新闻，为什么不停牌？不及时出面澄清？股民的损失谁来赔偿？
盘龙药业
盘龙药业：尊敬的投资者您好！感谢您对公司的关心！我们近期会与个别媒沟通不实报道事宜，在必要时我们会运用法律赋予我们的权利，来维护投资者与公司的权益不受侵害。
(来自深交所互动易)答复时间 2017-12-08 13:40:00"
【龙虎榜】有多少中签老铁还在坚守？,"https://guba.eastmoney.com/news,002864,735324330.html",2017-12-07 21:03:29,"002864<a href=""https://quote.eastmoney.com/unify/r/0.002864"">盘龙药业</a>今日龙虎榜揭秘，异常波动背后的深层原因到底是什么？其中是否隐藏着不为人知的主力资金，背后又隐藏着怎样的惊人秘密？本贴为你揭开传说中游资大佬的神秘面纱，揭示行情波动背后的深层原因，为你的炒股之路保驾护航，一切精彩内容尽在股吧“龙虎榜揭秘”，欢迎关注本栏目，关注本ID，很荣幸与你在股市中并肩作战！一切精彩内容尽在股吧“龙虎榜揭秘”，欢迎关注本栏目，关注本ID，很荣幸与你在股市中并肩作战！一切精彩内容尽在股吧“龙虎榜揭秘”，欢迎关注本栏目，关注本ID，很荣幸与你在股市中并肩作战！一切精彩内容尽在股吧“龙虎榜揭秘”，欢迎关注本栏目，关注本ID，很荣幸与你在股市中并肩作战！一切精彩内容尽在股吧“龙虎榜揭秘”，欢迎关注本栏目，关注本ID，很荣幸与你在股市中并肩作战！
盘龙药业(002864)2017-12-07星期四 公布异常交易信息 类型：换手率达20%的证券
收盘价：26.72元 涨跌幅：-7.42% 成交量：707.01万股 成交金额：19331.36万元




买方前五席位
营业部名称	买入额(万)	卖出额(万)	净买入额(万)
兴业证券
武汉民族大道	544.78	355.12	189.66
申万宏源西部证券
北京紫竹院路	495.62	0.00	495.62
华安证券
合肥润安大厦	374.83	0.00	374.83
财富证券
长沙八一路	296.80	0.00	296.80
方正证券
长沙五一东路	271.37	0.55	270.82


卖方前五席位
营业部名称	买入额(万)	卖出额(万)	净买入额(万)
东方证券
上海浦东新区
牡丹路	0.00	629.60	-629.60
兴业证券
武汉民族大道	544.78	355.12	189.66
宏信证券
成都一环路西
二段	5.18	233.66	-228.48
国信证券
泸州星光路	0.00	228.60	-228.60
海通证券
常州健身路	90.64	218.09	-127.45

买一席位是兴业证券-武汉民族大道，该席位买入金额为544.78万元，占总成交比例为2.82%，该席位上榜次数很少，最近三个月内仅仅上榜3次，该席位介入后，3日上涨概率为66.67%。。

买二席位是申万宏源西部证券-北京紫竹院路，该席位买入495.62万元，占总成交比例是2.56%，该席位谈不上活跃，最近三个月内只上榜了9次，数据显示该席位介入后，3日上涨概率为22.22%。。

买三席位是华安证券-合肥润安大厦，该席位买入374.83万元，占总成交比例为1.94%，该席位不算太活跃，最近三个月内只上榜了4次，数据显示该席位介入后，3日上涨概率为50.00%。。

买四席位是财富证券-长沙八一路，该席位买入296.80万元，占总成交比例是1.54%，该席位上榜次数很少，最近三个月内仅仅上榜2次，该席位介入后，3日上涨概率为0.00%。。

买五席位是方正证券-长沙五一东路，该席位买入金额是271.37万元，占总成交比例是1.40%，该席位上榜次数很少，最近三个月内仅仅上榜1次，该席位介入后，3日上涨概率为0.00%。。


卖一席位是东方证券-上海浦东新区牡丹路，该席位卖出金额为629.60万元，占总成交比例为3.26%，该席位谈不上活跃，最近三个月内只上榜了13次，数据显示该席位介入后，3日上涨概率为15.38%。。

卖二席位是兴业证券-武汉民族大道，该席位卖出金额为355.12万元，占总成交比例是1.84%，该席位上榜次数很少，最近三个月内仅仅上榜3次，该席位介入后，3日上涨概率为66.67%。。

卖三席位是宏信证券-成都一环路西二段，该席位卖出了233.66万元，占总成交比例是1.21%，该席位上榜次数很少，最近三个月内仅仅上榜1次，该席位介入后，3日上涨概率为100.00%。。

卖四席位是国信证券-泸州星光路，该席位卖出金额为228.60万元，占总成交比例为1.18%，该席位不算太活跃，最近三个月内只上榜了6次，数据显示该席位介入后，3日上涨概率为0.00%。。

卖五席位是海通证券-常州健身路，该席位卖出金额为218.09万元，占总成交比例是1.13%，该席位不太活跃，最近三个月内只上榜了12次，数据显示该席位介入后，3日上涨概率为25.00%。。




根据买方席位上榜次数和上涨概率计算的加权平均3日上涨数学期望值：31.58%，根据成交量调整后的数学期望值为：33.47%

根据卖方席位上榜次数和上涨概率计算的加权平均3日上涨数学期望值：22.86%，根据成交量调整后的数学期望值为：21.21%

根据买卖双方席位上榜次数和上涨概率综合计算的加权平均3日上涨数学期望值：25.92%，根据成交量调整后的数学期望值为：25.94%


（本文内容仅供参考，请自主、谨慎投资）


展开阅读全文"
拉高出货。2:40见绿。快跑啊,"https://guba.eastmoney.com/news,002864,735544671.html",2017-12-08 14:23:26,拉高出货。2:40见绿。快跑啊
能收27.4就有希望,"https://guba.eastmoney.com/news,002864,735549917.html",2017-12-08 14:34:09,能收27.4就有希望
今天次新股涨成这样他都没大动作，那近期是不会有大的涨幅了，涨停就别想了，横盘可能,"https://guba.eastmoney.com/news,002864,735548941.html",2017-12-08 14:32:12,今天次新股涨成这样他都没大动作，那近期是不会有大的涨幅了，涨停就别想了，横盘可能信较大
主力放谣言打压吸筹，毒辣！,"https://guba.eastmoney.com/news,002864,735548527.html",2017-12-08 14:31:20,主力放谣言打压吸筹，毒辣！
两点半正式开始出货,"https://guba.eastmoney.com/news,002864,735543396.html",2017-12-08 14:20:49,两点半正式开始出货
涨停板上就一千手卖单!,"https://guba.eastmoney.com/news,002864,735535865.html",2017-12-08 14:05:36,涨停板上就一千手卖单!
跌停的节奏,"https://guba.eastmoney.com/news,002864,735542339.html",2017-12-08 14:18:39,跌停的节奏
要做t不然不赚钱,"https://guba.eastmoney.com/news,002864,735545094.html",2017-12-08 14:24:15,要做t不然不赚钱
看来庄家没有钱，药石科技开板后又拉了三个板了，你能拉到50吗？,"https://guba.eastmoney.com/news,002864,735545000.html",2017-12-08 14:24:05,看来庄家没有钱，药石科技开板后又拉了三个板了，你能拉到50吗？
够贱,"https://guba.eastmoney.com/news,002864,735544602.html",2017-12-08 14:23:19,够贱
一浪比一浪低，收盘变绿吗？,"https://guba.eastmoney.com/news,002864,735543868.html",2017-12-08 14:21:45,一浪比一浪低，收盘变绿吗？
28都过不去，你们买吧。,"https://guba.eastmoney.com/news,002864,735534817.html",2017-12-08 14:03:26,28都过不去，你们买吧。
最后的逃命机会了,"https://guba.eastmoney.com/news,002864,735520301.html",2017-12-08 13:35:30,最后的逃命机会了
温和放量，有资金进场吸筹。,"https://guba.eastmoney.com/news,002864,735515468.html",2017-12-08 13:26:14,温和放量，有资金进场吸筹。
吧里怨气太重，远离！！！,"https://guba.eastmoney.com/news,002864,735532239.html",2017-12-08 13:58:17,公司好不好其实不重要，庄家好不好才最重要，也没见赚钱的公司你一定会赚钱，亏损的公司你一定不赚钱，所以烦吧里怨气太重，属于阴庄的赶紧撤吧，只会倒霉！！！
盘龙药业募投涉嫌造假,"https://guba.eastmoney.com/news,002864,735528964.html",2017-12-08 13:51:51,快跑
垃圾，药石科技，盘子是你3倍，开盘后又3个涨停了。你还在这要死不活的。,"https://guba.eastmoney.com/news,002864,735525745.html",2017-12-08 13:45:29,垃圾，药石科技，盘子是你3倍，开盘后又3个涨停了。你还在这要死不活的。
闭着眼睛买，现在的市值,"https://guba.eastmoney.com/news,002864,735524771.html",2017-12-08 13:43:45,闭着眼睛买，现在的市值
市场是公平的，在于严格的区分人群，糊涂的人割肉离场，明白的人吃肉喝汤，就是这么简单,"https://guba.eastmoney.com/news,002864,735524655.html",2017-12-08 13:43:32,你是什么样的人，由你自己决定，不要随波逐流，那样很可能中别人的圈套，被玩阴的玩死
还在压盘洗,"https://guba.eastmoney.com/news,002864,735524449.html",2017-12-08 13:43:10,还在压盘洗
今天他们公司六千万是有的[滴汗]你们这么抛[滴汗]服了,"https://guba.eastmoney.com/news,002864,735523481.html",2017-12-08 13:41:28,今天他们公司六千万是有的你们这么抛服了
证明公司有钱，每个职工一套房。,"https://guba.eastmoney.com/news,002864,735521210.html",2017-12-08 13:37:13,证明公司有钱，每个职工一套房。
最近媒体对贵公司研发中心的质疑，请尽快澄清说明，否则很影响对贵公司的投资,"https://guba.eastmoney.com/news,002864,735611448.html",2017-12-08 17:29:00,"最近媒体对贵公司研发中心的质疑，请尽快澄清说明，否则很影响对贵公司的投资
盘龙药业
盘龙药业：尊敬的投资者您好！感谢您对公司的关心！我们近期会与个别媒体沟通不实报道事宜，在必要时我们会运用法律赋予我们的权利，来维护投资者与公司的权益不受侵害。
(来自深交所互动易)答复时间 2017-12-08 17:29:00"
董事长怒了,"https://guba.eastmoney.com/news,002864,735519886.html",2017-12-08 13:34:44,董事长怒了
炒这股的游资就是一群死货,"https://guba.eastmoney.com/news,002864,735517384.html",2017-12-08 13:29:59,炒这股的游资就是一群死货
次新股暴涨的情况下 盘龙会有大批资金抢占的 应为盘子小 股价低 刚开板 股性活跃,"https://guba.eastmoney.com/news,002864,735516593.html",2017-12-08 13:28:27,次新股暴涨的情况下 盘龙会有大批资金抢占的 应为盘子小 股价低 刚开板 股性活跃
起飞。涨停,"https://guba.eastmoney.com/news,002864,735515903.html",2017-12-08 13:27:06,起飞。涨停
药石科技已经带动次新热情 开始建仓,"https://guba.eastmoney.com/news,002864,735475746.html",2017-12-08 11:13:32,药石科技已经带动次新热情 开始建仓
002864.只有你让我疼心26继续加仓你！成本均价27.5左右,"https://guba.eastmoney.com/news,002864,735515144.html",2017-12-08 13:25:39,002864.只有你让我疼心26继续加仓你！成本均价27.5左右
快跑,"https://guba.eastmoney.com/news,002864,735514568.html",2017-12-08 13:24:26,再不跑没机会了
盘龙药业募投涉嫌造假 下午拉高赶紧跑,"https://guba.eastmoney.com/news,002864,735487072.html",2017-12-08 11:39:12,下午拉高赶紧跑
此情此景我想做诗一首:...啊，股票啊，别人恐惧，我无惧也，就是干,"https://guba.eastmoney.com/news,002864,735477347.html",2017-12-08 11:16:34,此情此景我想做诗一首:...啊，股票啊，别人恐惧，我无惧也，就是干
干，直拉,"https://guba.eastmoney.com/news,002864,735505670.html",2017-12-08 13:01:15,干，直拉
28以上的弟兄们，千万把筹码握住了！,"https://guba.eastmoney.com/news,002864,735503783.html",2017-12-08 12:52:40,28以上的弟兄们，千万把筹码握住了！
快逃命啊,"https://guba.eastmoney.com/news,002864,735454777.html",2017-12-08 10:30:08,快逃命啊
前几天就出这个造假消息了，今天早上又拿出来发！,"https://guba.eastmoney.com/news,002864,735499085.html",2017-12-08 12:30:01,前几天就出这个造假消息了，今天早上又拿出来发！看看大智慧五号的新闻也是早上发的，今天就是复制那天的报道，一个字都没改，到底有何居心
盘面市值那么小，买进做长线，此情此景我想做诗一首:...啊，股票啊，别人恐惧，我,"https://guba.eastmoney.com/news,002864,735480315.html",2017-12-08 11:22:40,盘面市值那么小，买进做长线，此情此景我想做诗一首:...啊，股票啊，别人恐惧，我无惧也，就是干
董秘，你好，有媒体指控研发中心为员工宿舍，公司怎么不澄清一下？,"https://guba.eastmoney.com/news,002864,735484503.html",2017-12-08 11:31:56,董秘，你好，有媒体指控研发中心为员工宿舍，公司怎么不澄清一下？
今天来抄底想来,"https://guba.eastmoney.com/news,002864,734070548.html",2017-12-04 13:23:07,今天来抄底想来
盘龙药业募投涉嫌造假 中泰证券保荐赚1900万恐失职,"https://guba.eastmoney.com/news,002864,735479750.html",2017-12-08 11:21:33,盘龙药业募投涉嫌造假中泰证券保荐赚1900万恐失职
造假上市的 还不赶紧跑 换2913,"https://guba.eastmoney.com/news,002864,735475549.html",2017-12-08 11:13:05,造假上市的 还不赶紧跑
上市就造假要退市了，,"https://guba.eastmoney.com/news,002864,735471352.html",2017-12-08 11:04:23,上市就造假要退市了，
新股发行开板，已经暴涨之后！透支二十年五十年甚至上百年股票红利！剩下的可想而知就,"https://guba.eastmoney.com/news,002864,735405344.html",2017-12-08 07:44:02,新股发行开板，已经暴涨之后！透支二十年五十年甚至上百年股票红利！剩下的可想而知就是漫漫下跌路！谁接盘谁死翘翘。药石科技也疯狂不了多久，热钱，神秘资金随时可能跑路，热闹过后都散去，剩下一地鸡毛！鸡肉跟汤你都没有！谨慎操作，钱来的太容易不是什么好事情。
那帮做T的孙子 继续T，越T越低！有出息！！,"https://guba.eastmoney.com/news,002864,735428440.html",2017-12-08 09:39:14,通道向下，老子看你们T，能赚到钱么？？孙子辈的！！多好的票被你们这些垃圾做成这样！真有出息！
药石三涨停 盘龙3日跌15%！ 哈哈,"https://guba.eastmoney.com/news,002864,735469798.html",2017-12-08 11:00:49,药石三涨停 盘龙3日跌15%！ 哈哈
咋样啊？我说它涨不高吧，你们抄底的! 握住筹码，千万别卖。,"https://guba.eastmoney.com/news,002864,735476476.html",2017-12-08 11:14:56,咋样啊？我说它涨不高吧，你们抄底的! 握住筹码，千万别卖。
主力不强。撤。 药业开涨 次新开涨，你也就是飘飘红意思意思，不给力，尾盘估计见绿,"https://guba.eastmoney.com/news,002864,735473840.html",2017-12-08 11:09:32,主力不强。撤。 药业开涨 次新开涨，你也就是飘飘红意思意思，不给力，尾盘估计见绿
造假上市的 还不赶紧跑,"https://guba.eastmoney.com/news,002864,735469218.html",2017-12-08 10:59:37,造假上市的 还不赶紧跑
大家看看盘龙新闻，造假上市圈钱,"https://guba.eastmoney.com/news,002864,735468793.html",2017-12-08 10:58:39,大家看看盘龙新闻，造假上市圈钱
该退市的股 还不赶紧逃命,"https://guba.eastmoney.com/news,002864,735453448.html",2017-12-08 10:27:31,该退市的股 还不赶紧逃命
问题未解决还是先跑了,"https://guba.eastmoney.com/news,002864,735465068.html",2017-12-08 10:50:43,问题未解决还是先跑了
快跑，哈哈，就一个点，下午跌停,"https://guba.eastmoney.com/news,002864,735464437.html",2017-12-08 10:49:26,快跑，哈哈，就一个点，下午跌停
300708 才是牛股,"https://guba.eastmoney.com/news,002864,735464067.html",2017-12-08 10:48:44,300708 才是牛股
徐小明徒弟票 2167股 27元最低价格。认识徐小明的加仓吧,"https://guba.eastmoney.com/news,002864,735464063.html",2017-12-08 10:48:43,徐小明徒弟票002864 股本2167股 27元最低价格。认识徐小明的加仓吧 趋势向上认识的徒弟抢票吧
今天会一字跌停吗,"https://guba.eastmoney.com/news,002864,735408430.html",2017-12-08 08:22:55,如题，这么大的利空
开反不展你,"https://guba.eastmoney.com/news,002864,735460669.html",2017-12-08 10:41:57,开反不展你
割了盘龙了，全是托。忽悠人进来买，借机出货,"https://guba.eastmoney.com/news,002864,735460268.html",2017-12-08 10:41:05,割了盘龙了，全是托。忽悠人进来买，借机出货
赶紧割了还2913  今天必涨停,"https://guba.eastmoney.com/news,002864,735459016.html",2017-12-08 10:38:24,赶紧割了还2913 今天必涨停
割完换2913,"https://guba.eastmoney.com/news,002864,735431739.html",2017-12-08 09:45:49,割完换2913
欣泰电气 前车之鉴啊 赶紧跑,"https://guba.eastmoney.com/news,002864,735452260.html",2017-12-08 10:25:08,欣泰电气 前车之鉴啊 赶紧跑
2913今天今天必涨停 快买啊,"https://guba.eastmoney.com/news,002864,735455932.html",2017-12-08 10:32:26,2913今天今天必涨停 快买啊
募集资金造假，是不是会退市？,"https://guba.eastmoney.com/news,002864,735451400.html",2017-12-08 10:23:34,募集资金造假，是不是会退市？
日泥煤 买了个最垃圾的,"https://guba.eastmoney.com/news,002864,735450901.html",2017-12-08 10:22:40,日泥煤 买了个最垃圾的
再不跑没机会了,"https://guba.eastmoney.com/news,002864,735450757.html",2017-12-08 10:22:21,再不跑没机会了
涨不动了吧！,"https://guba.eastmoney.com/news,002864,735445980.html",2017-12-08 10:13:03,涨不动了吧！
已翻转,"https://guba.eastmoney.com/news,002864,735444998.html",2017-12-08 10:11:01,002864徐小明 赔了算我的 团结起来 永不赔钱股
快跑 马上开砸,"https://guba.eastmoney.com/news,002864,735444916.html",2017-12-08 10:10:51,快跑 马上开砸
跌停跌停跌停,"https://guba.eastmoney.com/news,002864,735444751.html",2017-12-08 10:10:32,跌停跌停跌停
团结点,"https://guba.eastmoney.com/news,002864,735444631.html",2017-12-08 10:10:18,徐小明说的此股已到了最低位置了 2167手流通 27元最低价格 市场上已找不到了
反弹力度太小，撤,"https://guba.eastmoney.com/news,002864,735443725.html",2017-12-08 10:08:33,反弹力度太小，撤
无风不起浪、不管是台风还是北风、总有大浪就好，股市欠的就是风、赚钱靠得就是守、,"https://guba.eastmoney.com/news,002864,735442660.html",2017-12-08 10:06:30,无风不起浪、不管是台风还是北风、总有大浪就好，股市欠的就是风、赚钱靠得就是守、
满仓干！,"https://guba.eastmoney.com/news,002864,735096402.html",2017-12-07 10:06:13,加至满仓！来吧！
今天进的全部站岗,"https://guba.eastmoney.com/news,002864,735436117.html",2017-12-08 09:54:16,今天进的全部站岗
出现了这么大的负面新闻，公司为什么不停牌自查？股民的损失谁负责？,"https://guba.eastmoney.com/news,002864,735434817.html",2017-12-08 09:51:46,出现了这么大的负面新闻，公司为什么不停牌自查？股民的损失谁负责？
翻倍是大概率！！目前流通值才5个亿，半年内无解禁压力，不排除年底高送转可能，30,"https://guba.eastmoney.com/news,002864,735433035.html",2017-12-08 09:48:23,翻倍是大概率！！目前流通值才5个亿，半年内无解禁压力，不排除年底高送转可能，300665飞鹿股份现价才26.8，大概率会是近期确定性的底！！加仓买进加仓买进！！今天MACD继续缩腿，黄白线稳步走强，继续看好，不做差价，拿稳就对了。 加仓，买买买！！！
今天还卖的都是SB,"https://guba.eastmoney.com/news,002864,735432309.html",2017-12-08 09:46:57,今天还卖的都是SB
看看药石科技，这就是一瘟股,"https://guba.eastmoney.com/news,002864,735431031.html",2017-12-08 09:44:30,看看药石科技，这就是一瘟股
游资徐小明大军,"https://guba.eastmoney.com/news,002864,735429642.html",2017-12-08 09:41:36,002864
靴子终于落地了,"https://guba.eastmoney.com/news,002864,735426497.html",2017-12-08 09:35:12,靴子终于落地了
停,"https://guba.eastmoney.com/news,002864,735426183.html",2017-12-08 09:34:36,停
准备索赔的来此报到,"https://guba.eastmoney.com/news,002864,735423677.html",2017-12-08 09:28:39,准备索赔的来此报到
这样涉嫌造假的消息出来，今天应该停牌，公司做出充分的解释。等小散交出带血的筹码，,"https://guba.eastmoney.com/news,002864,735417601.html",2017-12-08 09:09:51,这样涉嫌造假的消息出来，今天应该停牌，公司做出充分的解释。等小散交出带血的筹码，再解释，将视为诈骗！！！
欧美大涨,"https://guba.eastmoney.com/news,002864,735423384.html",2017-12-08 09:27:59,黄线在上 002864徐小明徒弟票 欧美大涨 全球牛市
去你妈的,"https://guba.eastmoney.com/news,002864,735421265.html",2017-12-08 09:22:34,去你妈的
看来主力想最快速度吸收筹码了,"https://guba.eastmoney.com/news,002864,735420882.html",2017-12-08 09:21:36,看来主力想最快速度吸收筹码了
董事长增持也不管用了看来，这是要瓜分流通股了,"https://guba.eastmoney.com/news,002864,735420340.html",2017-12-08 09:19:57,董事长增持也不管用了看来，这是要瓜分流通股了
要跌停了,"https://guba.eastmoney.com/news,002864,735419277.html",2017-12-08 09:16:52,要跌停了
刚上市十多天就能盖好大楼吗？,"https://guba.eastmoney.com/news,002864,735412170.html",2017-12-08 08:48:24,刚上市十多天就能盖好大楼吗？
[加油][献花],"https://guba.eastmoney.com/news,002864,735416114.html",2017-12-08 09:03:42,
这股,"https://guba.eastmoney.com/news,002864,735296018.html",2017-12-07 19:16:41,昨28.8走了
高管增持，明天放量涨停，毕竟价格太低了，短期溢价空间最少20%,"https://guba.eastmoney.com/news,002864,735336843.html",2017-12-07 21:38:14,高管增持，明天放量涨停，毕竟价格太低了，短期溢价空间最少20%
新学会个词  闷杀,"https://guba.eastmoney.com/news,002864,735367856.html",2017-12-07 23:46:10,的确厉害 进去的，一个都逃不掉
看看其他次新股增持后的走势，比如凯伦股份，大家不要做梦了。明天低开，继续阴跌,"https://guba.eastmoney.com/news,002864,735372011.html",2017-12-08 00:22:09,看看其他次新股增持后的走势，比如凯伦股份，大家不要做梦了。明天低开，继续阴跌
现在就是盘着的龙。。。。。,"https://guba.eastmoney.com/news,002864,735405273.html",2017-12-08 07:43:13,现在就是盘着的龙。。。。。
12.04榜一这几天没动静，买入1512万。潜伏吧。,"https://guba.eastmoney.com/news,002864,735404086.html",2017-12-08 07:35:24,12.04榜一这几天没动静，买入1512万。潜伏吧。
炒股的策略只有人弃我取才能赚到钱，否则再好的股票也会亏！,"https://guba.eastmoney.com/news,002864,735402150.html",2017-12-08 07:08:19,炒股的策略只有人弃我取才能赚到钱，否则再好的股票也会亏！ 盘龙目前的状况就是散户抱着不放，庄家和机构势必会放弃或者猛烈打压 这队散户来说是无谓的损失。要想炒盘龙不大涨不进。 目前一切小反弹都是逃跑机会
买买买！开盘建仓3000股,"https://guba.eastmoney.com/news,002864,735390552.html",2017-12-08 04:09:39,买买买！开盘建仓3000股
明天药石科技3连板，盘龙药业继续大跌。,"https://guba.eastmoney.com/news,002864,735378268.html",2017-12-08 01:26:36,明天药石科技3连板，盘龙药业继续大跌。
我就想说总市值23亿的股票，一个壳都不只这个价！,"https://guba.eastmoney.com/news,002864,735367308.html",2017-12-07 23:41:21,你们都在害怕啥？有本事再杀狠点！流通5亿多，我收藏了！你们使劲砸，加油！小盘医药股向来都是翻倍的票！
不要脸的股东还增持？明天跌停。套死你,"https://guba.eastmoney.com/news,002864,735371528.html",2017-12-08 00:16:57,不要脸的股东还增持？明天跌停。套死你
榨水县乾佑镇，高尔夫球厂后面的小药厂也来上市骗钱了,"https://guba.eastmoney.com/news,002864,735363877.html",2017-12-07 23:17:40,榨水县乾佑镇，高尔夫球厂后面的小药厂也来上市骗钱了
明天跌停,"https://guba.eastmoney.com/news,002864,735362701.html",2017-12-07 23:11:50,"明天跌停
"
#开板新股能不能追#  中农立,"https://guba.eastmoney.com/news,002864,735361030.html",2017-12-07 23:03:08,"#开板新股能不能追#
中农立华603970控股股东中国农业生产资料集团未来是要把它的化肥业务，农药业务（目前上市的中农立华，还有山东中农联合），农膜业务（旗下有中农通用，中农华峰），农机板块（中农装备），种子业务等资源整合在一起，再一起打包到上市公司，这么多优质资产，未来股价可期"
跟不跟，跟不跟!药石科技走势!不跟没机会。盘龙反超药石。,"https://guba.eastmoney.com/news,002864,735358832.html",2017-12-07 22:51:34,跟不跟，跟不跟!药石科技走势!不跟没机会。盘龙反超药石。
买入，这股会有机会的！！！,"https://guba.eastmoney.com/news,002864,734374701.html",2017-12-05 09:38:48,28.97元买。。。32.10元买726
唱多的不死，就会一直跌,"https://guba.eastmoney.com/news,002864,735329121.html",2017-12-07 21:19:10,唱多的不死，就会一直跌
高管相关人员增持信息,"https://guba.eastmoney.com/news,002864,735330845.html",2017-12-07 21:24:24,"盘龙药业(002864)2017-12-06高管持股信息显示：谢桂珍以成交价28.06元增持所持股份2,000股，占总股本比例0.0023%，变动金额5.61万元。"
周一开板,"https://guba.eastmoney.com/news,002864,733742275.html",2017-12-02 23:35:51,周一开板
你们真不知家长严管炒新股吗?找死,"https://guba.eastmoney.com/news,002864,735307956.html",2017-12-07 20:05:46,20元下再看稳定不
等市盈率降到35以下再考虑买回,"https://guba.eastmoney.com/news,002864,735306715.html",2017-12-07 20:00:55,价以偏高不敢动了
今天出货了，，，，，，跌死你个垃圾。。。。。明天低开九个点，直接跌停九个板,"https://guba.eastmoney.com/news,002864,735281881.html",2017-12-07 18:25:22,今天出货了，，，，，，跌死你个垃圾。。。。。明天低开九个点，直接跌停九个板
无量跟风拉一拉 韭菜来吃套 这股和牧场一样 韭菜坐庄,"https://guba.eastmoney.com/news,002864,735129976.html",2017-12-07 11:11:26,无量跟风拉一拉 韭菜来吃套 这股和牧场一样 韭菜坐庄
要是让你们看出来要涨还是要跌主力就别混了。闭上嘴自己判断自己操作。盈亏自负，别误,"https://guba.eastmoney.com/news,002864,735303620.html",2017-12-07 19:47:26,要是让你们看出来要涨还是要跌主力就别混了。闭上嘴自己判断自己操作。盈亏自负，别误导别人。
祝贺公司股票成功上市，希望公司能成为像云南白药那样的公司，因为公司也是中成药研发,"https://guba.eastmoney.com/news,002864,730077480.html",2017-11-20 10:38:00,【问】祝贺公司股票成功上市，希望公司能成为像云南白药那样的公司，因为公司也是中成药研发，也有口碑产品， 【答】盘龙药业：您好！十分感谢您对盘龙药业的支持与关注。盘龙药业将继续以“树立盘龙品牌，关爱人类健康”为企业宗旨，秉承“稳健经营，效益优先，诚实为本，信誉久远”的企业经营理念，以“打造中华风湿骨伤药物第一品牌”和“实现百年盘龙梦想”为愿景目标，为祖国的中医药事业和人类健康谱写更精美的篇章!¶¶2017-11-20 10:38:00 §
脑残散，要是让你们看出来要涨还是要跌主力就别混了。闭上嘴自己判断自己操作。盈亏自,"https://guba.eastmoney.com/news,002864,735299271.html",2017-12-07 19:29:33,脑残散，要是让你们看出来要涨还是要跌主力就别混了。闭上嘴自己判断自己操作。盈亏自负，别误导别人。
傻焖快买吧!买了就套 好像没有商量!!!!!,"https://guba.eastmoney.com/news,002864,735298247.html",2017-12-07 19:25:47,傻焖快买吧!买了就套 好像没有商量!!!!!
技术面60k缩量底背离，绝望情绪已生。明日低开满仓机会。,"https://guba.eastmoney.com/news,002864,735297123.html",2017-12-07 19:21:14,技术面60k缩量底背离，绝望情绪已生。明日低开满仓机会。
看了龙虎数据，希望主力明早能砸个坑来让我上车[鼓掌][鼓掌][鼓掌],"https://guba.eastmoney.com/news,002864,735292524.html",2017-12-07 19:03:24,看了龙虎数据，希望主力明早能砸个坑来让我上车
坚决不碰,"https://guba.eastmoney.com/news,002864,734117380.html",2017-12-04 14:47:23,你懂得
码，次新股你最差。别人翻个跟头你抬抬头。别人低低头你特么直接趴下了。艹 割肉,"https://guba.eastmoney.com/news,002864,735195985.html",2017-12-07 14:31:06,码，次新股你最差。别人翻个跟头你抬抬头。别人低低头你特么直接趴下了。艹 割肉出
庄家收不到货，也会不计成本往下砸。,"https://guba.eastmoney.com/news,002864,735278749.html",2017-12-07 18:15:22,庄家收不到货，也会不计成本往下砸。
还梦想到50元。,"https://guba.eastmoney.com/news,002864,735287539.html",2017-12-07 18:45:30,还梦想到50元。
稀缺品种，非卖品,"https://guba.eastmoney.com/news,002864,733956336.html",2017-12-04 08:30:32,稀缺品种，非卖品
明,"https://guba.eastmoney.com/news,002864,734543165.html",2017-12-05 15:02:04,涨停
【龙虎榜】多个席位都在做T，后市会怎么走？！,"https://guba.eastmoney.com/news,002864,734986886.html",2017-12-06 20:25:46,"002864<a href=""https://quote.eastmoney.com/unify/r/0.002864"">盘龙药业</a>今日龙虎榜揭秘，异常波动背后的深层原因到底是什么？其中是否隐藏着不为人知的主力资金，背后又隐藏着怎样的惊人秘密？本贴为你揭开传说中游资大佬的神秘面纱，揭示行情波动背后的深层原因，为你的炒股之路保驾护航，一切精彩内容尽在股吧“龙虎榜揭秘”，欢迎关注本栏目，关注本ID，很荣幸与你在股市中并肩作战！一切精彩内容尽在股吧“龙虎榜揭秘”，欢迎关注本栏目，关注本ID，很荣幸与你在股市中并肩作战！一切精彩内容尽在股吧“龙虎榜揭秘”，欢迎关注本栏目，关注本ID，很荣幸与你在股市中并肩作战！一切精彩内容尽在股吧“龙虎榜揭秘”，欢迎关注本栏目，关注本ID，很荣幸与你在股市中并肩作战！一切精彩内容尽在股吧“龙虎榜揭秘”，欢迎关注本栏目，关注本ID，很荣幸与你在股市中并肩作战！
盘龙药业(002864)2017-12-06星期三 公布异常交易信息 类型：换手率达20%的证券
收盘价：28.86元 涨跌幅：2.56% 成交量：709.95万股 成交金额：20229.04万元




买方前五席位
营业部名称	买入额(万)	卖出额(万)	净买入额(万)
东方证券
上海浦东新区
牡丹路	669.34	281.05	388.28
兴业证券
武汉民族大道	369.42	286.13	83.29
平安证券
芜湖江北	294.65	208.02	86.63
宏信证券
成都一环路西
二段	275.14	0.00	275.14
上海证券
妙境路	251.31	13.74	237.57


卖方前五席位
营业部名称	买入额(万)	卖出额(万)	净买入额(万)
华西证券
重庆中山三路	13.73	433.55	-419.82
兴业证券
武汉民族大道	369.42	286.13	83.29
东方证券
上海浦东新区
牡丹路	669.34	281.05	388.28
华福证券
永安新府路	49.07	276.63	-227.56
平安证券
上海分公司	128.14	223.89	-95.75

买一席位是东方证券-上海浦东新区牡丹路，该席位买入金额是669.34万元，占总成交比例为3.31%，该席位不算太活跃，最近三个月内只上榜了13次，数据显示该席位介入后，3日上涨概率为15.38%。。

买二席位是兴业证券-武汉民族大道，该席位买入金额是369.42万元，占总成交比例是1.83%，该席位上榜次数很少，最近三个月内仅仅上榜2次，该席位介入后，3日上涨概率为100.00%。。

买三席位是平安证券-芜湖江北，该席位买入金额为294.65万元，占总成交比例为1.46%，根据东方财富数据中心显示，最近三个月内该席位上榜21次，该席位介入后，3日上涨概率为28.57%。。

买四席位是宏信证券-成都一环路西二段，该席位买入金额为275.14万元，占总成交比例为1.36%，该席位上榜次数很少，最近三个月内仅仅上榜1次，该席位介入后，3日上涨概率为100.00%。。

买五席位是上海证券-妙境路，该席位买入金额为251.31万元，占总成交比例是1.24%，数据显示该席位很少上榜，最近三个月内仅仅上榜1次，该席位介入后，3日上涨概率为100.00%。。


卖一席位是华西证券-重庆中山三路，该席位卖出金额为433.55万元，占总成交比例是2.14%，该席位不太活跃，最近三个月内只上榜了15次，数据显示该席位介入后，3日上涨概率为20.00%。。

卖二席位是兴业证券-武汉民族大道，该席位卖出金额为286.13万元，占总成交比例为1.41%，数据显示该席位很少上榜，最近三个月内仅仅上榜2次，该席位介入后，3日上涨概率为100.00%。。

卖三席位是东方证券-上海浦东新区牡丹路，该席位卖出281.05万元，占总成交比例为1.39%，该席位不算太活跃，最近三个月内只上榜了13次，数据显示该席位介入后，3日上涨概率为15.38%。。

卖四席位是华福证券-永安新府路，该席位卖出276.63万元，占总成交比例是1.37%，该席位不太活跃，最近三个月内只上榜了6次，数据显示该席位介入后，3日上涨概率为50.00%。。

卖五席位是平安证券-上海分公司，该席位卖出金额为223.89万元，占总成交比例是1.11%，最近三个月内该席位上榜47次，该席位介入后，3日上涨概率为31.91%。。




根据买方席位上榜次数和上涨概率计算的加权平均3日上涨数学期望值：31.58%，根据成交量调整后的数学期望值为：27.06%

根据卖方席位上榜次数和上涨概率计算的加权平均3日上涨数学期望值：30.12%，根据成交量调整后的数学期望值为：28.91%

根据买卖双方席位上榜次数和上涨概率综合计算的加权平均3日上涨数学期望值：30.58%，根据成交量调整后的数学期望值为：28.15%


（本文内容仅供参考，请自主、谨慎投资）


展开阅读全文"
盘龙药业新股中签收益速算表,"https://guba.eastmoney.com/news,002864,725415537.html",2017-11-05 20:19:11,恭喜中签的朋友！
中国珍贵国卒，贵州茅台，云南白药，陕西盘龙七片，山东阿胶:。,"https://guba.eastmoney.com/news,002864,733682018.html",2017-12-02 07:16:00,中国珍贵国卒，贵州茅台，云南白药，陕西盘龙七片，山东阿胶:。
明日，你想以今天的价格卖出是不可能的，明日25大家一起爽歪歪。,"https://guba.eastmoney.com/news,002864,735205170.html",2017-12-07 14:48:26,明日，你想以今天的价格卖出是不可能的，明日25大家一起爽歪歪。
盘龙主力大便,"https://guba.eastmoney.com/news,002864,735260980.html",2017-12-07 17:22:38,盘龙主力大便
欢迎毒龙跌破20一市值，牛逼27.18买的都能套，最近兄弟们都亏哭了，工行大妈融,"https://guba.eastmoney.com/news,002864,735228528.html",2017-12-07 15:48:29,欢迎毒龙跌破20一市值，牛逼27.18买的都能套，最近兄弟们都亏哭了，工行大妈融E借说是能贷7.6万，怎么操作来炒股可以不被发现警告
虽然昨天差价跑了太快，盈利太少，但从最后的收盘来看，基本符合自己的判断。,"https://guba.eastmoney.com/news,002864,735241376.html",2017-12-07 16:26:27,向下的趋势没变，只不过明天本人还想做一次差价。
醉卧沙场君莫笑，古来征战几人回。,"https://guba.eastmoney.com/news,002864,735238101.html",2017-12-07 16:16:40,醉卧沙场君莫笑，古来征战几人回。
盘龙身陷泥潭,"https://guba.eastmoney.com/news,002864,735173581.html",2017-12-07 13:41:21,身陷华森制药的泥潭，是华森制药害死了盘龙
卖卖卖,"https://guba.eastmoney.com/news,002864,733440217.html",2017-12-01 09:55:02,我要留到第三次10送10才卖
