标题,链接,发布时间,内容
今天看好军工板块,"https://guba.eastmoney.com/news,300101,609303195.html",2017-02-16 08:50:08,今天看好军工板块
个人对创业板及振芯科技看法:首先创业板破位下行，小盘股已不在稀缺，上方套牢筹码巨,"https://guba.eastmoney.com/news,300101,588167761.html",2017-01-14 10:37:20,个人对创业板及振芯科技看法:首先创业板破位下行，小盘股已不在稀缺，上方套牢筹码巨大，中期趋势向下，短期应有反抽，但反抽结束后还有新低，极有可能用两三年修复估值高的问题。振芯科技军工概念，五连阴探底后，18.46阶段新低可确认，打底阳线有效，随军工概念走强一周，但周五中阴线实体过大，对短期走势造成趋势性影响，看筹码上方套牢盘也是相当大，但其中套牢筹码有部分主力的筹码，现在拉升基本无望，应该横盘震荡，带均线走平，不排除创业板继续下杀，振芯科技向下通杀获利盘，所以下周策略以高抛为主，暂不低吸。个人看法，保证本金安全性与流动性才是王道。
减持开始，垃圾股完了,"https://guba.eastmoney.com/news,300101,609158338.html",2017-02-15 17:58:56,减持开始，垃圾股完了
卖出，赶集,"https://guba.eastmoney.com/news,300101,608386471.html",2017-02-14 09:55:01,看
祈祷盘尾凸起[拜神],"https://guba.eastmoney.com/news,300101,609064411.html",2017-02-15 14:12:32,祈祷盘尾凸起
磨啊磨散户没有之时就是拉升之时,"https://guba.eastmoney.com/news,300101,609063110.html",2017-02-15 14:09:55,磨啊磨散户没有之时就是拉升之时
振芯科技大盘今日之我见9Sgm3,"https://guba.eastmoney.com/news,300101,608504267.html",2017-02-14 12:14:14,振芯科技大盘今日之我见dVqdd
一、二、三加仓[献花],"https://guba.eastmoney.com/news,300101,609026841.html",2017-02-15 12:55:41,一、二、三加仓
垃圾,"https://guba.eastmoney.com/news,300101,609009227.html",2017-02-15 11:42:14,RT！
散布谣言时跌，澄清谣言时也跌。为何不惩处谣言呢？,"https://guba.eastmoney.com/news,300101,608964545.html",2017-02-15 10:18:24,散布谣言时跌，澄清谣言时也跌。为何不惩处谣言呢？
构筑圆弧底，目标22元，年内28元，大胆持有。匆认匆喷,"https://guba.eastmoney.com/news,300101,608438746.html",2017-02-14 10:52:47,构筑圆弧底，目标22元，年内28元，大胆持有。匆认匆喷
19.85我丝毫没减，希望不会错,"https://guba.eastmoney.com/news,300101,608415625.html",2017-02-14 10:26:54,
19、49全割了、希望不要涨了[鼓掌][鼓掌][鼓掌],"https://guba.eastmoney.com/news,300101,608536983.html",2017-02-14 13:05:57,19、49全割了、希望不要涨了
都反复强调一个观点,"https://guba.eastmoney.com/news,300101,608849749.html",2017-02-14 22:17:51,都反复强调一个观点
据北斗卫星导航系统官网披露，日前中国卫星[股评]（600118）导航系统管理办公,"https://guba.eastmoney.com/news,300101,608009415.html",2017-02-13 22:04:22,据北斗卫星导航系统官网披露，日前中国卫星[股评]（600118）导航系统管理办公室召开会议，稳步推进北斗系统走出去。根据国家“一带一路”建设规划，稳步推进北斗系统走出去已列入国家“一带一路”建设任务。业内预计2020年我国卫星导航应用产业年值将超过4000亿元，复合增长率将大于40%，北斗产品市占率有望提升至60%以上。
关注军工股,"https://guba.eastmoney.com/news,300101,549826051.html",2016-09-08 22:38:37,九月布局軍工股，关注中航飞机，中航光电，北方导航，华力创通。以及振芯科技，华讯方舟，欧比特，盛路通信，全信股份。
亏钱如山倒，赚钱如抽丝！,"https://guba.eastmoney.com/news,300101,608399732.html",2017-02-14 10:09:31,亏钱如山倒，赚钱如抽丝！
明天死定了，开盘跌停,"https://guba.eastmoney.com/news,300101,607083171.html",2017-02-12 19:38:19,明天死定了，开盘跌停
军工股也就是作捕辅垫的，当大盘跌时带点人气，大盘回稳就回落。,"https://guba.eastmoney.com/news,300101,603696323.html",2017-02-08 10:34:44,军工股也就是作捕辅垫的，当大盘跌时带点人气，大盘回稳就回落。
吉林省国资委：选择10-20户国企开展混改试点,"https://guba.eastmoney.com/news,300101,607740698.html",2017-02-13 17:03:05,汽车动力电池洗牌加速 10股严重低估
2月10日至28日新股暂停，排队从10日直接排到28日了。,"https://guba.eastmoney.com/news,300101,605996313.html",2017-02-11 16:31:24,2月10日至28日新股暂停，排队从10日直接排到28日了。
深交所追问振芯科技实控人再遭调查传闻,"https://guba.eastmoney.com/news,300101,604555074.html",2017-02-09 15:01:29,"来源：中国证券网
　　振芯科技9日收到深交所问询函，深交所要求公司实控人何燕对媒体有关其再度接受公安机关调查的报道进行说明。
　　据问询函，近期公共媒体上出现有关何燕再度接受公安机关调查事项的报道。深交所请何燕就以下事项做出说明：
　　1、是否存在再度接受公安机关调查事项，如有，请进一步说明接受调查的事项以及对上市公司生产经营等可能产生的影响；
　　2、是否存在其他应当披露而未披露的重大信息；
　　3、认为需要说明的其他事项。
　　深交所要求何燕就上述问题做出书面说明，并在2 月11 日前报送有关说明材料。
（来源：中国证券网 2017-02-09 14:58）[点击查看原文]"
近来出这么多坏消息，而底部近来又放量，这是什么为什么？是谁在卖？又是谁买走了这些,"https://guba.eastmoney.com/news,300101,607189864.html",2017-02-12 22:25:02,"近来出这么多坏消息，而底部近来又放量，这是什么为什么？是谁在卖？又是谁买走了这些票？消息可真可假，但成交量是假不了的，请大家不要上当！我准,备杀入该股，跟着庄家玩，看你庄家有多大能耐，"
开一帖[买入][买入][买入],"https://guba.eastmoney.com/news,300101,606924049.html",2017-02-12 16:31:59,开一帖
维持目标不变，传言闲语不用理，守的是军工高科技，坚持会有厚报的[鼓掌][鼓掌][,"https://guba.eastmoney.com/news,300101,605331553.html",2017-02-10 10:12:53,维持目标不变，传言闲语不用理，守的是军工高科技，坚持会有厚报的
坐等你疯！哈哈,"https://guba.eastmoney.com/news,300101,605712710.html",2017-02-10 16:05:30,坐等你疯！哈哈
估计要破18,"https://guba.eastmoney.com/news,300101,605666591.html",2017-02-10 15:23:08,估计要破18
越来越觉得振芯科技好玩了,"https://guba.eastmoney.com/news,300101,605521965.html",2017-02-10 13:24:21,越来越觉得振芯科技好玩了
股价低位再发利空的老新闻，司马昭之心 路人皆知,"https://guba.eastmoney.com/news,300101,605325598.html",2017-02-10 10:06:54,股价低位再发利空的老新闻，司马昭之心 路人皆知
为什么没出公告收到问询涵,"https://guba.eastmoney.com/news,300101,604650787.html",2017-02-09 18:15:14,为什么没出公告收到问询涵
我就知道你逃不过我的！哈哈,"https://guba.eastmoney.com/news,300101,604646624.html",2017-02-09 18:05:47,我就知道你逃不过我的！哈哈
实际控制人问题还问解决持续发酵 明天估计大跌停,"https://guba.eastmoney.com/news,300101,604562238.html",2017-02-09 15:13:18,实际控制人问题还问解决持续发酵 明天估计大跌停
坐等你疯！,"https://guba.eastmoney.com/news,300101,604394174.html",2017-02-09 10:35:21,坐等你疯！
今天还是观望——（正解），昨天追高想做T的已出货——（换手），明后天还是观望——,"https://guba.eastmoney.com/news,300101,602651177.html",2017-02-07 11:20:10,"今天还是观望——（正解），昨天追高想做T的已出货——（换手），明后天还是观望——（不做韭菜），
个人观点，仅供娱乐。"
在上市公司高送转越发沦为,"https://guba.eastmoney.com/news,300101,604246575.html",2017-02-09 05:17:50,首先其次再次又次最后
振芯科技:关于使用闲置自有资金进行委托理财的进展公告,"https://guba.eastmoney.com/news,300101,593115314.html",2017-01-22 17:22:56,"公告日期：2017-01-23
证券代码：300101 证券简称：振芯科技 公告编号：2017-004



成都振芯科技股份有限公司



关于使用闲置自有资金进行委托理财的进展公告



本公司及董事会全体成员保证信息披露的内容真实、准确、完整，没有虚假记载、误导性陈述或重大遗漏。



2016年1月20日，成都振芯科技股份有限公司（以下简称“公司”）召开第三届董事会第十三次会议，审议通过了《关于公司及控股子公司使用闲置自有资金进行委托理财》的议案，董事会同意在确保公司正常生产经营的前提下，同意公司及控股子公司使用不超过人民币3亿元暂时闲置的自有资金进行委托理财。在上述额度内，资金可以滚动使用。董事会授权公司管理层具体实施上述事宜，授权期限自董事会审议通过之日起两年内有效。详细情况请查阅公司披露在中国证监会创业板指定信息披露网站刊载的相关文件。



近期，公司使用人民币1,000万元的闲置自有资金购买了银行的理财产品，现就相关事宜公告如下：



一、理财产品的基本情况



（一）购买理财产品的主要情况



是



否 委托理



投资 受托人名称 产品 关联关产品 财金额 起始 到期日 收益



主体 名称 关系联类型 （万 日期 期



交 元）



易



中国光大银 结构 年利



公司 行股份有限性 无 否 保本保 2017年1 2017年2率



公司成都分 息型 1,000 月18日 月18日



行 存款 3.00%



（二）审批程序



本次购买理财产品事宜已经公司第三届董事会第十三次会议审议通过，且金额均在上述会议审批额度内，无须再经公司董事会及股东大会审议。



二、委托理财的目的、存在的风险及应对措施、对公司的影响



（一）委托理财的目的



公司本次用于委托理财的资金来源为暂时闲置的自有资金。



公司购买理财产品的目的是充分利用闲置资金，提高资金使用效率和资金收益水平，提高短期财务投资收益，提升公司价值，为公司股东谋取更多投资回报。



（二）投资风险揭示



公司投资的理财产品可能存在政策风险、信用风险、市场风险、流动性风险、提前终止风险、不可抗力及意外事件风险、信息传递风险等银行理财产品常见风险。



（三）风险应对措施



1、公司将持续完善低风险投资理财的内部控制制度，坚持稳健投资理念，在满足公司经营资金需求的前提下适度开展低风险投资理财业务，做好低风险投资理财的配置，并根据外部环境变化适当调整投资策略与投资组合，在降低风险的前提下获取投资收益。



2、根据公司《委托理财管理制度》，由公司总经理负责组织实施，公司财务部作为具体实施部门。财务部、投资管理部等相关人员将及时分析和跟踪理财产品投向、项目进展情况，如评估发现存在可能影响公司资金安全的风险因素，将及时采取相应措施，控制投资风险。



3、公司审计部负责内部监督，定期对投资的理财产品进行全面检查，并向公司审计委员会汇报；



4、独立董事、监事会有权对资金使用情况进行监督与检查，必要时可以聘请专业机构进行审计；



5、理财业务均以公司或子公司自身名义，通过专用理财账户进行，并由专人负责理财账户的管理，包括开户、销户、使用登记等。严禁出借理财账户、使用其他投资账户、账外投资。



（四）对公司的影响



1、公司使用闲置资金购买低风险银行理财产品是在确保不影响主营业务正常开展的前提下实施的，不影响公司日常资金正常周转需要，不会影响公司主营业务的正常开展。



2、通过进行适度的低风险银行理财产品投资，可以提高资金使用效率，能获得一……
[点击查看PDF原文]
提示：本网不保证其真实性和客观性，一切有关该股的有效信息，以交易所的公告为准，敬请投资者注意风险。
展开阅读全文"
19.01出了一千股，成本也往上抬了一元多，不是说一卖就涨，一买就套，为使股价能,"https://guba.eastmoney.com/news,300101,604012646.html",2017-02-08 17:25:32,19.01出了一千股，成本也往上抬了一元多，不是说一卖就涨，一买就套，为使股价能上，我就作点牺牲，不要让我再买回来，拜托
15分钟，30分钟顶背离出现，调整开始。,"https://guba.eastmoney.com/news,300101,603736066.html",2017-02-08 11:16:56,15分钟，30分钟顶背离出现，调整开始。
300101：全红买入，其它卖出。,"https://guba.eastmoney.com/news,300101,598160385.html",2017-02-01 07:55:32,双击放大图片看K线，没有未来函数。指标全红买入，其它卖出。盘中巨量上涨1到3个点，指标全红买入，次日收盘指标翻绿止损。指标全红看涨，全绿看跌，红转绿，绿转红可以不买，也可以卖出。股价回调指标全红买入，盘中巨量上涨5个点，指标没有全红也可以买入，次日收盘指标翻绿止损。
军工行天超跌股振芯,"https://guba.eastmoney.com/news,300101,603817646.html",2017-02-08 13:15:05,远远还没到疯狂的时候
有人在诱多！警惕！,"https://guba.eastmoney.com/news,300101,603695104.html",2017-02-08 10:33:25,股东在不断减持，而有人不断在股吧里鼓吹跟进，什么情况，老股民都知道。
今天方向选择，希望鸡年振芯步步高升[鼓掌][鼓掌],"https://guba.eastmoney.com/news,300101,603650269.html",2017-02-08 09:47:29,今天方向选择，希望鸡年振芯步步高升
拉高出货，谁接谁倒霉,"https://guba.eastmoney.com/news,300101,603719533.html",2017-02-08 10:59:33,拉高出货，谁接谁倒霉
高抛,"https://guba.eastmoney.com/news,300101,603722042.html",2017-02-08 11:02:14,高抛
[满仓],"https://guba.eastmoney.com/news,300101,603718259.html",2017-02-08 10:58:16,
诱多，典型的诱多！千万警惕啊,"https://guba.eastmoney.com/news,300101,603716430.html",2017-02-08 10:56:20,诱多，典型的诱多！千万警惕啊
高抛一点,"https://guba.eastmoney.com/news,300101,603661012.html",2017-02-08 09:58:34,高抛一点
应该到18.7附近,"https://guba.eastmoney.com/news,300101,603660787.html",2017-02-08 09:58:21,应该到18.7附近
高抛一下,"https://guba.eastmoney.com/news,300101,603660481.html",2017-02-08 09:58:02,高抛一下
16.50再进行加仓,"https://guba.eastmoney.com/news,300101,603633483.html",2017-02-08 09:29:50,16.50再进行加仓
18.54[加仓][财力][买入],"https://guba.eastmoney.com/news,300101,603646162.html",2017-02-08 09:43:20,18.54
准备接回来,"https://guba.eastmoney.com/news,300101,603645562.html",2017-02-08 09:42:46,准备接回来
为什么公司层面公告2月3日起开始减持4700多万股，公司去年业绩没有明显突破，增,"https://guba.eastmoney.com/news,300101,603256532.html",2017-02-07 22:44:14,为什么公司层面公告2月3日起开始减持4700多万股，公司去年业绩没有明显突破，增幅同比下降，宏观层面：下周央行回笼资金9000亿，资金面进一步缩紧，本月迎年内首个解禁高峰，规模接近三千亿....还有人想着要抄底呢？
明天高开高走。涨停板[赚大了][拜神],"https://guba.eastmoney.com/news,300101,602634432.html",2017-02-07 10:59:46,明天高开高走。涨停板
自实控人问题不断以来 我就不再购买此股了,"https://guba.eastmoney.com/news,300101,601798550.html",2017-02-06 13:30:23,自实控人问题不断以来 我就不再购买此股了
回踩加仓,"https://guba.eastmoney.com/news,300101,601573455.html",2017-02-06 09:51:32,回踩加仓
解禁的还没抛完呢,"https://guba.eastmoney.com/news,300101,602892842.html",2017-02-07 14:55:45,解禁的还没抛完呢
回调是低吸的好机会[微笑],"https://guba.eastmoney.com/news,300101,602780615.html",2017-02-07 13:25:54,回调是低吸的好机会
[抄底][抄底][抄底][抄底][抄底][抄底][买入],"https://guba.eastmoney.com/news,300101,602776783.html",2017-02-07 13:22:46,
还等什么？回调了，卖吧！！！,"https://guba.eastmoney.com/news,300101,602764569.html",2017-02-07 13:12:23,肯定回调，你还不卖？
18.6跌破了还有什么希望呢？[俏皮]要割肉的赶紧。。。,"https://guba.eastmoney.com/news,300101,602627303.html",2017-02-07 10:51:34,18.6跌破了还有什么希望呢？要割肉的赶紧。。。
按照预测的低点3150在11:20出现。逢低买入或者接回早盘高抛的股票。。。。。,"https://guba.eastmoney.com/news,300101,602648537.html",2017-02-07 11:17:17,按照预测的低点3150在11:20出现。逢低买入或者接回早盘高抛的股票。。。。。预测今天收十字星。。。建议逢低买入。对应个股出现低点或者回踩均线。买入。。。买入。。买入。。指数十字星收3158。
今天又把追涨的套死了！[赞]18.52割肉吗？,"https://guba.eastmoney.com/news,300101,602642303.html",2017-02-07 11:09:02,今天又把追涨的套死了！18.52割肉吗？
18.53[心碎][毛估估][大便],"https://guba.eastmoney.com/news,300101,602641524.html",2017-02-07 11:08:10,18.53[心碎][大便]
18.55还有谁割肉的吗？赶紧,"https://guba.eastmoney.com/news,300101,602640572.html",2017-02-07 11:07:04,18.55还有谁割肉的吗？赶紧
[胜利]18.55[牛],"https://guba.eastmoney.com/news,300101,602633717.html",2017-02-07 10:59:01,18.55
今天指数收十字星。。。。对应,"https://guba.eastmoney.com/news,300101,602629427.html",2017-02-07 10:54:00,今天指数收十字星。。。。对应
股指期货必须成为过街老鼠！,"https://guba.eastmoney.com/news,300101,602623533.html",2017-02-07 10:47:13,年底环保股要大涨四成？珠三角万千企业停产环保
18.66/18.68逢低买回来,"https://guba.eastmoney.com/news,300101,602614767.html",2017-02-07 10:37:18,18.66/18.68逢低买回来
接回来。。。,"https://guba.eastmoney.com/news,300101,602614373.html",2017-02-07 10:36:48,接回来。。。
18.85要割肉的赶紧。。[财力][看多][加仓][复盘],"https://guba.eastmoney.com/news,300101,602584675.html",2017-02-07 10:02:35,18.85要割肉的赶紧。。
烽火电子连续2天封涨停振芯主力看你的了,"https://guba.eastmoney.com/news,300101,602564635.html",2017-02-07 09:38:30,也该来一个吧
回踩均线,"https://guba.eastmoney.com/news,300101,601594599.html",2017-02-06 10:23:32,回踩均线
私募界年会议:创业板高送转是年前年后上涨主题,"https://guba.eastmoney.com/news,300101,601843511.html",2017-02-06 14:08:32,星期二三以小幅震荡调整为主
今天是卖出——（正解） 今天买入——（追高） 明天——（观望） 个人观点，仅供娱,"https://guba.eastmoney.com/news,300101,601943582.html",2017-02-06 15:36:57,"今天是卖出——（正解）
今天买入——（追高）
明天——（观望）
个人观点，仅供娱乐"
应该能过18.6[牛],"https://guba.eastmoney.com/news,300101,601603201.html",2017-02-06 10:32:28,应该能过18.6
上方筹码压力过大，今天估计就这样横到天黑了。,"https://guba.eastmoney.com/news,300101,601788155.html",2017-02-06 13:21:33,上方筹码压力过大，今天估计就这样横到天黑了。
预测10:30指数开始变盘。。。。回踩均线之后不破。继续上攻。建议逢低买入。,"https://guba.eastmoney.com/news,300101,601595713.html",2017-02-06 10:25:09,预测10:30指数开始变盘。。。。回踩均线之后不破。继续上攻。建议逢低买入。
高抛一下,"https://guba.eastmoney.com/news,300101,601594374.html",2017-02-06 10:23:05,高抛一下
红三兵能否发力，看明天,"https://guba.eastmoney.com/news,300101,599684945.html",2017-02-03 21:00:20,红三兵能否发力，看明天
18.33[为什么],"https://guba.eastmoney.com/news,300101,601578266.html",2017-02-06 09:58:23,18.33
高抛。。跌破均线反弹还是高抛。,"https://guba.eastmoney.com/news,300101,601577930.html",2017-02-06 09:57:53,高抛。。跌破均线反弹还是高抛。
[亏大了],"https://guba.eastmoney.com/news,300101,601574286.html",2017-02-06 09:52:50,
[买入][买入][买入][买入][加仓][加仓][加仓][加仓][看多],"https://guba.eastmoney.com/news,300101,601573697.html",2017-02-06 09:51:54,
振芯科技实控人事件余波未了,"https://guba.eastmoney.com/news,300101,594604252.html",2017-01-25 03:57:12,"来源：中国证券报
　　国证券报记者1月24日获悉，公安机关近期再度调查振芯科技实际控制人何燕，具体事项不明。
　　与此同时，振芯科技近期定增终止、业绩大降的表现，已让资本市场浮想联翩。
　　2013年7月18日，何燕因个人涉嫌非法经营接受湖北省宜昌市公安机关调查。半年后，何燕被正式批捕。2014年1月16日，国腾电子发布公告称，公司实际控制人何燕因涉嫌挪用资金罪，被检察院批准逮捕。
　　2016年10月，振芯科技披露公司收到的相关法律文书称，公司实际控制人何燕因犯挪用资金罪、虚开发票罪，被判处有期徒刑五年，并处罚金人民币三十万元。
　　何燕为振芯科技实际控制人，其通过成都国腾电子集团有限公司持有振芯科技2.13亿股，占比38.33%。何燕直接持有成都国腾电子集团有限公司51%股权。
　　何燕作为上市公司实际控制人，因受到刑事处罚，对振芯科技的负面影响近期逐渐显现。
　　2016年11月1日，振芯科技称，鉴于资本市场环境发生变化，公司综合考虑融资环境、内部生产经营需要等诸多因素，拟终止非公开发行A股股票事项，并向中国证监会申请撤回相关申报文件。依据此前披露的预案，振芯科技原计划非公开发行的股票数量不超过6500万股，募集资金总额不超过11.65亿元，扣除发行费用后拟全部用于北斗研发基地建设。中国证券报记者近期到实地查看了解到，该项目仍无开工迹象。
　　2017年1月10日，公司发布2016年度业绩预告，预计去年实现净利润3913.59万元-6261.74万元，同比下降20%-50%。公司称，报告期内，受行业订货减少的影响，核心器件、设计服务、北斗终端销售及运营服务收入较上年同期下降。
　　尽管公司将原因归咎为外部因素，但多位受访者告诉中国证券报记者，无论是定增终止，还是业绩大降，均与何燕关系很大，实际控制人受刑罚已经影响到上市公司的生产经营和资本运作，上市公司实际控制人所引发的各类风险不可小觑。
（来源：中国证券报 2017-01-25 03:55）[点击查看原文]"
股票买点的几个催化剂： 1、盈利大超预期； 2、高管或大股东增持；  3、跌不动,"https://guba.eastmoney.com/news,300101,601166158.html",2017-02-05 12:48:19,"股票买点的几个催化剂：
1、盈利大超预期；
2、高管或大股东增持；
3、跌不动时（坏消息出来股价不跌甚至上涨）；
4、基本面拐点；
5、新订单、新技术突破、新产品、新管理层；"
无风险套利机会，买入！,"https://guba.eastmoney.com/news,300101,601073502.html",2017-02-05 11:06:24,无风险套利机会，买入！
无论是定增终止还是业绩大降，均与何燕违法关系很大。为了振芯的振兴，呼吁广大股东联合起来让何燕走人。,"https://guba.eastmoney.com/news,300101,595276000.html",2017-01-26 11:51:41,"振芯科技实际控制人何燕因犯罪被判处有期徒刑五年，尽管没有参与上市公司经营管理，但何燕获罪的影响着实不小。
　　按照有关规定，“若控股股东或者实际控制人最近12个月受到中国证监会的行政处罚，或者受到刑事处罚，上市公司将不得非公开发行股票融资。”对于振芯科技多个急需资金投入的项目而言，其影响可想而知。而且有些政府合同也附加要求控股股东或者实际控制人守法经营，公司去年第四季度业绩极其惨淡也与此有关。
无论是定增终止，还是业绩大降，均与何燕违法关系很大，因此呼吁广大股东要联合起来，为了振芯的未来让何燕转让股份走人，唯有如此尚有希望。"
18.03再加仓,"https://guba.eastmoney.com/news,300101,599455766.html",2017-02-03 14:54:26,18.03再加仓
逢低买入,"https://guba.eastmoney.com/news,300101,599451381.html",2017-02-03 14:48:25,逢低买入
拉高。。。指数也在拉高,"https://guba.eastmoney.com/news,300101,599446994.html",2017-02-03 14:42:22,拉高。。。指数也在拉高
早盘该卖的人在18.01应该卖了,"https://guba.eastmoney.com/news,300101,599446688.html",2017-02-03 14:42:00,早盘该卖的人在18.01应该卖了
回踩，继续买入,"https://guba.eastmoney.com/news,300101,599446366.html",2017-02-03 14:41:35,回踩，继续买入
维持目标价22.8预测不变,"https://guba.eastmoney.com/news,300101,599308707.html",2017-02-03 11:05:14,维持目标价22.8预测不变
加仓[加仓][财力],"https://guba.eastmoney.com/news,300101,599308402.html",2017-02-03 11:04:48,加仓
2017年是我国供给侧结构性改革的深化之年。全面深化改革就是要统筹推进各领域改革,"https://guba.eastmoney.com/news,300101,599286466.html",2017-02-03 10:37:08,2017年是我国供给侧结构性改革的深化之年。全面深化改革就是要统筹推进各领域改革，零敲碎打的调整不行，碎片化的修补也不行。对于如何进一步完善货币政策传导机制，道理也是如此。
有量,"https://guba.eastmoney.com/news,300101,599279077.html",2017-02-03 10:27:50,有量
应该到,"https://guba.eastmoney.com/news,300101,599278070.html",2017-02-03 10:26:30,应该到
军工，混改,"https://guba.eastmoney.com/news,300101,599254659.html",2017-02-03 09:56:17,军工，混改
加仓,"https://guba.eastmoney.com/news,300101,599253051.html",2017-02-03 09:54:12,加仓
这个军民混改题材对振芯也就拉高减仓的感觉,"https://guba.eastmoney.com/news,300101,599219647.html",2017-02-03 09:00:32,这个军民混改题材对振芯也就拉高减仓的感觉
皇氏集团吧002329:万达私有化启动龙头 国内早教,"https://guba.eastmoney.com/news,300101,599141891.html",2017-02-03 06:05:41,农业部促海洋渔业发展 四股重磅大戏即将上演
军工概念日K线图也就振芯躺着，别的都见底反弹了，东安，西仪等,"https://guba.eastmoney.com/news,300101,598873974.html",2017-02-02 11:45:52,军工概念日K线图也就振芯躺着，别的都见底反弹了，东安，西仪等
过完年还会有惊喜的:会跌百分之二十以上的:,"https://guba.eastmoney.com/news,300101,595348380.html",2017-01-26 15:12:58,过完年还会有惊喜的:会跌百分之二十以上的:
日线上上升缺口刚成立就在随后数日被填补反应该股短期内后劲不足，下跌通道未受丝毫动,"https://guba.eastmoney.com/news,300101,597320079.html",2017-01-30 21:59:47,日线上上升缺口刚成立就在随后数日被填补反应该股短期内后劲不足，下跌通道未受丝毫动摇。后市或许会在短在盘整后再度下行。
昨天收盘价格透露新春开市玄机：17.82，2017年一起发！祝依然看好振芯科技的,"https://guba.eastmoney.com/news,300101,595577824.html",2017-01-27 09:32:26,昨天收盘价格透露新春开市玄机：17.82，2017年一起发！祝依然看好振芯科技的各位股友们新春快乐，股票闻鸡起舞，振芯科技金鸡独立，再创新高！
下午会有惊喜,"https://guba.eastmoney.com/news,300101,595286386.html",2017-01-26 12:30:42,下午会有惊喜
今天收红，年后一个涨停[鼓掌][大笑],"https://guba.eastmoney.com/news,300101,595309749.html",2017-01-26 13:45:17,今天收红，年后一个涨停
17.9强阻力啊,"https://guba.eastmoney.com/news,300101,595294242.html",2017-01-26 13:04:23,
利空出尽就是利多，17元是底。加仓！！！,"https://guba.eastmoney.com/news,300101,595248276.html",2017-01-26 10:46:03,利空出尽就是利多，17元是底。加仓！！！
又玩高抛低吸了,"https://guba.eastmoney.com/news,300101,595264540.html",2017-01-26 11:20:10,
冲过17.80元就奔18元了，17.80元是庄家玩事，刻意压盘下方接！,"https://guba.eastmoney.com/news,300101,595260939.html",2017-01-26 11:12:12,耐心
振芯利空不段 表子公司,"https://guba.eastmoney.com/news,300101,595235646.html",2017-01-26 10:22:26,振芯利空不段 表子公司
我在10:10发起了直播，快来看看吧！,"https://guba.eastmoney.com/news,300101,595229062.html",2017-01-26 10:10:33,"快来看看我在播什么，跟我一起互动吧！
快去下载《浪客直播》APP"
估计9块接回来,"https://guba.eastmoney.com/news,300101,595215805.html",2017-01-26 09:45:23,估计9块接回来
今天来一个明天再来一个那就美死了，懂得自然懂,"https://guba.eastmoney.com/news,300101,594677777.html",2017-01-25 09:21:21,今天来一个明天再来一个那就美死了，懂得自然懂
人民网互联网彩票已经颁发，节后宣布！最少十个涨停！,"https://guba.eastmoney.com/news,300101,594746470.html",2017-01-25 11:07:10,人民网互联网彩票已经颁发，节后宣布！最少十个涨停！
股市基本规律:庄家机构联合公司用利好出货，利空建仓。,"https://guba.eastmoney.com/news,300101,595010667.html",2017-01-25 21:01:51,股市基本规律:庄家机构联合公司用利好出货，利空建仓。
积极落实军民融汇政策，国有军工企业要入股振芯科技。重大利好！,"https://guba.eastmoney.com/news,300101,594465089.html",2017-01-24 18:50:32,积极落实军民融汇政策，国有军工企业要入股振芯科技。重大利好！
期限一年内，目标28元，大家说说可能性高不高[摊手],"https://guba.eastmoney.com/news,300101,594749431.html",2017-01-25 11:11:26,期限一年内，目标28元，大家说说可能性高不高
周线收阳概率大,"https://guba.eastmoney.com/news,300101,594959705.html",2017-01-25 18:41:30,周线收阳概率大
预祝明天振芯科技给大伙儿发个红包，迎接金鸡起舞！春节快乐！心想事成！,"https://guba.eastmoney.com/news,300101,594953153.html",2017-01-25 18:24:43,预祝明天振芯科技给大伙儿发个红包，迎接金鸡起舞！春节快乐！心想事成！
野蛮人会上何燕不？,"https://guba.eastmoney.com/news,300101,594860192.html",2017-01-25 14:50:52,野蛮人会上何燕不？
我要拉了,"https://guba.eastmoney.com/news,300101,594738898.html",2017-01-25 10:55:45,我要拉了
鸡肋股，拿了近一年，亏死了，又出大利空，看不到希望,"https://guba.eastmoney.com/news,300101,594713261.html",2017-01-25 10:20:36,鸡肋股，拿了近一年，亏死了，又出大利空，看不到希望
我们要不要心存幻想？,"https://guba.eastmoney.com/news,300101,594865020.html",2017-01-25 14:58:17,风险远远大于机会！
主力今天做个逆势上涨给空方者个下马威，我们看好你股的质地，迟早发光，国航，军防国,"https://guba.eastmoney.com/news,300101,594706608.html",2017-01-25 10:11:35,主力今天做个逆势上涨给空方者个下马威，我们看好你股的质地，迟早发光，国航，军防国家重点扶持行业
知道受让8.5%股份的是谁吗？一旦公布，将一字涨停封板至少3日,"https://guba.eastmoney.com/news,300101,594752631.html",2017-01-25 11:16:17,知道受让8.5%股份的是谁吗？一旦公布，将一字涨停封板至少3日
会有高人接盘的，安心过年[拜神],"https://guba.eastmoney.com/news,300101,594819130.html",2017-01-25 13:39:17,会有高人接盘的，安心过年
从北斗星通放弃海外收购联想到振芯科技的股份转让，有趣,"https://guba.eastmoney.com/news,300101,594767378.html",2017-01-25 11:40:08,从北斗星通放弃海外收购联想到振芯科技的股份转让，有趣
看样振芯这公司没希望了,"https://guba.eastmoney.com/news,300101,594762325.html",2017-01-25 11:31:24,看样振芯这公司没希望了
振芯科技即将引入新的战略投资者,"https://guba.eastmoney.com/news,300101,594758002.html",2017-01-25 11:24:37,振芯科技即将引入新的战略投资者
大股东都沽卖的股票还有人买，亏死活该,"https://guba.eastmoney.com/news,300101,594692693.html",2017-01-25 09:52:13,100多倍市盈率，看看美国的卫星股价再说吧。
最黑暗的时期已过，接下来慢慢等待吧,"https://guba.eastmoney.com/news,300101,594723238.html",2017-01-25 10:33:48,最黑暗的时期已过，接下来慢慢等待吧
一群蠢猪，减持的对象都已经定了，只是交易的方式和价格了，8%的持股比例，这股东也,"https://guba.eastmoney.com/news,300101,594706868.html",2017-01-25 10:11:55,一群蠢猪，减持的对象都已经定了，只是交易的方式和价格了，8%的持股比例，这股东也小不了，还看不出来吗？
抢,"https://guba.eastmoney.com/news,300101,594691936.html",2017-01-25 09:51:09,抢
大宗交易，不影响股价，你为何这般跌,"https://guba.eastmoney.com/news,300101,594679766.html",2017-01-25 09:27:00,大宗交易，不影响股价，你为何这般跌
利空，出尽该见底才对,"https://guba.eastmoney.com/news,300101,594682260.html",2017-01-25 09:36:14,利空，出尽该见底才对
难怪主力昨天资金流出很多，原来是合谋啊,"https://guba.eastmoney.com/news,300101,594685138.html",2017-01-25 09:41:16,
垃圾，跌停没悬念,"https://guba.eastmoney.com/news,300101,594681460.html",2017-01-25 09:33:33,"垃圾，跌停没悬念
"
垃圾垃圾!,"https://guba.eastmoney.com/news,300101,594680553.html",2017-01-25 09:30:02,垃圾垃圾!
我真是够了，好不容易赚的钱全倒贴她了。尼玛,"https://guba.eastmoney.com/news,300101,594680512.html",2017-01-25 09:29:53,我真是够了，好不容易赚的钱全倒贴她了。尼玛
15%止跌,"https://guba.eastmoney.com/news,300101,594677951.html",2017-01-25 09:21:43,15%止跌
跌停了，哎。远离高市盈率业绩无法兑现创业板题材股。,"https://guba.eastmoney.com/news,300101,594676591.html",2017-01-25 09:18:25,跌停了，哎。远离高市盈率业绩无法兑现创业板题材股。
看清楚了，意思是采用大宗交易或股份转让方式，不会在二级市场上减,"https://guba.eastmoney.com/news,300101,594546839.html",2017-01-24 22:23:00,看清楚了，意思是采用大宗交易或股份转让方式，不会在二级市场上减
振芯通过大宗交易减持8.5%，根据规定持股超过5%股东半年内不得减持，这等于是拉,"https://guba.eastmoney.com/news,300101,594542156.html",2017-01-24 22:05:09,振芯通过大宗交易减持8.5%，根据规定持股超过5%股东半年内不得减持，这等于是拉来了战略投资人，延长了解禁期。怎么不是利好。而且，有半年的选择时间，不把股价拉上去，减持价格就低，傻逼才会低价卖掉。
散户买的太多 主力就是出货 散户都不买 主力就拉升 这就是散户的贱命,"https://guba.eastmoney.com/news,300101,594146051.html",2017-01-24 09:37:37,散户买的太多 主力就是出货 散户都不买 主力就拉升 这就是散户的贱命
加仓。。。。一个金叉。然后一个回踩确认。明天高开高走。,"https://guba.eastmoney.com/news,300101,594183034.html",2017-01-24 10:25:49,加仓。。。。一个金叉。然后一个回踩确认。明天高开高走。
最后机会了快点快点快点快点快点快点快点快点快点快点快点快点快点快点快点快点快点快,"https://guba.eastmoney.com/news,300101,594331013.html",2017-01-24 14:28:23,最后机会了快点快点快点快点快点快点快点快点快点快点快点快点快点快点快点快点快点快点快点快点快点快点快点快点快点快点快点快点快点快点快点快点快点快点快点快点快点快点快点快点快点快点快点快点快点快点快点快点快点快点快点快点快点快点快点快点快点快点快点快点快点
"振芯科技今天若再次跳空高开，后市可期, 行情或已经就此拉开","https://guba.eastmoney.com/news,300101,594138965.html",2017-01-24 09:27:17,"振芯科技今天若再次跳空高开，后市可期, 行情或已经就此拉开"
盼望明天涨停吧,"https://guba.eastmoney.com/news,300101,593641736.html",2017-01-23 14:55:01,盼望明天涨停吧
明天能涨七个点就好了！,"https://guba.eastmoney.com/news,300101,593826309.html",2017-01-23 21:51:39,明天能涨七个点就好了！
300283业绩增长七倍！,"https://guba.eastmoney.com/news,300101,593719661.html",2017-01-23 17:48:37,300283业绩增长七倍！
振芯科技:2016年年度业绩预告,"https://guba.eastmoney.com/news,300101,586499791.html",2017-01-09 16:01:17,"公告日期：2017-01-09
证券代码：300101 证券简称：振芯科技 公告编号：2017-001



成都振芯科技股份有限公司



2016年年度业绩预告



本公司及董事会全体成员保证信息披露的内容真实、准确、完整，没有虚假记载、误导性陈述或重大遗漏。



一、 本期业绩预计情况



1、业绩预告期间：2016年1月1日-2016年12月31日



2、预计的业绩：亏损 扭亏为盈 同向上升 同向下降



项目 本报告期 上年同期



归属于上市公司 比上年同期下降：20%—50%



盈利：7,827.18万元



股东的净利润 盈利：3,913.59万元—6,261.74万元



二、 业绩预告预审计情况



公司2016年年度业绩预告相关的财务数据未经注册会计师预审计，敬请投



资者注意投资风险。



三、 业绩变动原因说明



1、报告期内，受行业订货减少的影响，核心器件、设计服务、北斗终端销售及运营服务收入较上年同期下降；



2、预计报告期内非经常性损益对净利润的影响金额为2,000万元。



四、 其他相关说明



本次业绩预告是公司初步测算的结果，未经审计机构审计，具体财务数据公司将在2016年年度报告中详细披露，敬请广大投资者注意投资风险。



特此公告。



成都振芯科技股份有限公司



董事会



2017年1月9日




[点击查看PDF原文]
提示：本网不保证其真实性和客观性，一切有关该股的有效信息，以交易所的公告为准，敬请投资者注意风险。
展开阅读全文"
这股就这样，一旦创出新低就很难再上，前段时间能反弹至二十上，现看来十八都无望,"https://guba.eastmoney.com/news,300101,592412889.html",2017-01-20 15:42:49,这股就这样，一旦创出新低就很难再上，前段时间能反弹至二十上，现看来十八都无望
下午涨停没悬念。已经快起飞了。,"https://guba.eastmoney.com/news,300101,593592667.html",2017-01-23 13:35:44,下午涨停没悬念。已经快起飞了。
明天要低开啊,"https://guba.eastmoney.com/news,300101,593638864.html",2017-01-23 14:49:07,
覆盖我的贴，说明主力心虚。资金流出做高抛低吸，以为散户看不出啊,"https://guba.eastmoney.com/news,300101,593624776.html",2017-01-23 14:26:54,[不屑]
看出主力资金实力不行啊,"https://guba.eastmoney.com/news,300101,593601254.html",2017-01-23 13:49:34,[不屑]
散户抬抬台，主力压压呀！,"https://guba.eastmoney.com/news,300101,593595565.html",2017-01-23 13:40:27,散户抬抬台，主力压压呀！
