标题,链接,发布时间,内容
一纸公告和红岭没有业务往来就完事了？白纸黑字还想抵赖？几千家上市公司红岭为何就赖,"https://guba.eastmoney.com/news,300178,815238871.html",2019-04-10 10:05:11,一纸公告和红岭没有业务往来就完事了？白纸黑字还想抵赖？几千家上市公司红岭为何就赖上你了？
主力跌停板吸筹，捡廉价筹码,"https://guba.eastmoney.com/news,300178,815239960.html",2019-04-10 10:06:41,主力跌停板吸筹，捡廉价筹码
这种老赖公司的股票怎么可能高于净资产？看今天跳空低开走势马上腰斩了[鼓掌],"https://guba.eastmoney.com/news,300178,815215920.html",2019-04-10 09:35:31,这种老赖公司的股票怎么可能高于净资产？看今天跳空低开走势马上腰斩了
屁屁大点事，反应过激。,"https://guba.eastmoney.com/news,300178,815238149.html",2019-04-10 10:04:18,屁屁大点事，反应过激。
毫无信誉的老赖不跌停，天理难容！,"https://guba.eastmoney.com/news,300178,815238723.html",2019-04-10 10:05:00,毫无信誉的老赖不跌停，天理难容！
连续跌停的节奏,"https://guba.eastmoney.com/news,300178,815237858.html",2019-04-10 10:03:51,借钱过日子，好不了
中国股市现在流行出天大利空， 狂砸.....然后下面心知肚明的进场， 最后股价涨,"https://guba.eastmoney.com/news,300178,815238345.html",2019-04-10 10:04:25,"中国股市现在流行出天大利空，
狂砸.....然后下面心知肚明的进场，
最后股价涨到13元，可怜的股民没什么利润，
但心知肚明的那些资金已获利满满，
这种操作已比比皆是，
俗称不要脸和断肢结孙手法，
不排除腾邦也这样"
点石成金52快点救盘，跌停就完了！均线拐头向下，形态就完全被破坏了！庄家出来呀,"https://guba.eastmoney.com/news,300178,815238764.html",2019-04-10 10:05:02,点石成金52快点救盘，跌停就完了！均线拐头向下，形态就完全被破坏了！庄家出来呀
老赖跌停不正常吗,"https://guba.eastmoney.com/news,300178,815238014.html",2019-04-10 10:04:02,老赖跌停不正常吗
痛快，真痛快，8.88给我洗出去，老赖公司终于有今天了[鼓掌][鼓掌][鼓掌],"https://guba.eastmoney.com/news,300178,815236923.html",2019-04-10 10:02:52,痛快，真痛快，8.88给我洗出去，老赖公司终于有今天了
断头大铡刀，看这样子断崖式连续下跌模式开启了[大笑],"https://guba.eastmoney.com/news,300178,815230957.html",2019-04-10 09:54:53,断头大铡刀，看这样子断崖式连续下跌模式开启了
今天跌停，明天再低开五个点。,"https://guba.eastmoney.com/news,300178,815237625.html",2019-04-10 10:03:33,今天跌停，明天再低开五个点。
果然要跌停,"https://guba.eastmoney.com/news,300178,815237030.html",2019-04-10 10:02:50,果然要跌停
拿陈年往事说事，别有用心！,"https://guba.eastmoney.com/news,300178,815232445.html",2019-04-10 09:56:41,
看来资本市场的嗅觉是最灵敏的，不是吗？,"https://guba.eastmoney.com/news,300178,815236346.html",2019-04-10 10:02:07,看来资本市场的嗅觉是最灵敏的，不是吗？
老赖公司欠钱都不敢认，有多无赖，腾邦国际及子公司没欠钱，请董秘回答一下，母公司。,"https://guba.eastmoney.com/news,300178,815235346.html",2019-04-10 10:00:32,老赖公司欠钱都不敢认，有多无赖，腾邦国际及子公司没欠钱，请董秘回答一下，母公司。避重就轻，老赖无疑
跌停好，老赖公司,"https://guba.eastmoney.com/news,300178,815236106.html",2019-04-10 10:01:47,跌停好，老赖公司
完了，往5元去了，垃圾,"https://guba.eastmoney.com/news,300178,815234674.html",2019-04-10 09:59:51,RT
老赖公司快还钱，在不还钱到你公司要[加油],"https://guba.eastmoney.com/news,300178,815233375.html",2019-04-10 09:57:52,老赖公司快还钱，在不还钱到你公司要
老赖公司，老板人品也好不到哪里去,"https://guba.eastmoney.com/news,300178,815233800.html",2019-04-10 09:58:37,欠钱不还的东西
这种温水煮青蛙的盘旋式下跌才是最可怕,"https://guba.eastmoney.com/news,300178,815235659.html",2019-04-10 10:01:08,这种温水煮青蛙的盘旋式下跌才是最可怕
要完,"https://guba.eastmoney.com/news,300178,815235670.html",2019-04-10 10:01:00,要完
还钱，还钱。。。没天理的老赖公司。。我的帐户余额,"https://guba.eastmoney.com/news,300178,815232036.html",2019-04-10 09:56:17,还钱，还钱。。。没天理的老赖公司。。我的帐户余额
要被大单埋了,"https://guba.eastmoney.com/news,300178,815235591.html",2019-04-10 10:00:53,要被大单埋了
我艹，看来是真的，恐慌y形成，大势已去，不跑还等收尸?,"https://guba.eastmoney.com/news,300178,815232297.html",2019-04-10 09:56:35,我艹，看来是真的，恐慌y形成，大势已去，不跑还等收尸?
小庄筹码不够一定会向下压的，不知死活还往里钻，被套也是活该的啊，提示这么多次了还,"https://guba.eastmoney.com/news,300178,815233745.html",2019-04-10 09:58:32,小庄筹码不够一定会向下压的，不知死活还往里钻，被套也是活该的啊，提示这么多次了还在做梦
点石成金52在干吗？等你救盘呀，快点补充子弹，封涨停看下。庄家,"https://guba.eastmoney.com/news,300178,815220182.html",2019-04-10 09:41:23,点石成金52在干吗？等你救盘呀，快点补充子弹，封涨停看下。庄家
牛b，10.4全仓完毕。相信你加油[献花][献花][献花][献花][献花],"https://guba.eastmoney.com/news,300178,815220827.html",2019-04-10 09:42:08,牛b，10.4全仓完毕。相信你加油
公司都说没业务来往了，尼玛的还这么砸~~,"https://guba.eastmoney.com/news,300178,815231674.html",2019-04-10 09:55:43,真一群SB
快点还钱，钱还了我回来说一声,"https://guba.eastmoney.com/news,300178,815230389.html",2019-04-10 09:54:07,快点还钱，钱还了我回来说一声
集合竞价清仓了，红岭的赌徒疯了，逮谁咬谁，不要像td派生科技就麻烦。,"https://guba.eastmoney.com/news,300178,815214307.html",2019-04-10 09:32:53,集合竞价清仓了，红岭的赌徒疯了，逮谁咬谁，不要像td派生科技就麻烦。
要跌停了，快跑,"https://guba.eastmoney.com/news,300178,815219958.html",2019-04-10 09:41:04,要跌停了，快跑
哈哈哈，我开盘卖了7成腾邦找成凯撒是多么明智,"https://guba.eastmoney.com/news,300178,814269217.html",2019-04-04 14:17:58,自从这股里乌烟瘴气，就一直等出货点，今天终于换了7成，真及时啊
请问贵公司腾邦国际和母公司腾邦国际集团何时能够归还红岭创投旗下投资宝的欠款？一个,"https://guba.eastmoney.com/news,300178,815440002.html",2019-04-10 18:17:00,"请问贵公司腾邦国际和母公司腾邦国际集团何时能够归还红岭创投旗下投资宝的欠款？一个多亿的欠款为何没有在公告和报表中体现？公司报表是否有做假账的嫌疑？作为公司中小股东，我们有权力让公司进行账目公开，看看公司还有多少类似这样的隐瞒欠款而没有公开？
腾邦退
腾邦国际：尊敬的投资者您好，经核实我司与红岭创投或其旗下任何投资平台均不存在任何债务关系，请参照今日所发澄清公告。另外，上市公司定期报告的财务数据公布前均经过审计，保证公司披露数据真实。
(来自深交所互动易)答复时间 2019-04-10 18:17:00"
300178一季报是亏损吗?,"https://guba.eastmoney.com/news,300178,815230012.html",2019-04-10 09:53:35,
赖账成性，毫无信誉，必跌停？,"https://guba.eastmoney.com/news,300178,815228698.html",2019-04-10 09:51:57,赖账成性，毫无信誉，必跌停？
双死叉，虽然不是技术面原因造成的破位大跌，但是如果不是主力无意做多，又怎么可能这,"https://guba.eastmoney.com/news,300178,815229148.html",2019-04-10 09:52:30,双死叉，虽然不是技术面原因造成的破位大跌，但是如果不是主力无意做多，又怎么可能这样无抵抗的大跌。还是坚持我的观点，此股还不到中期持有的时候，如果黑天鹅最终证实，连碰都不要碰，试想国资看到这样一个烂摊子，还会真的遵守意向协议么？！
要跌停了，快跑,"https://guba.eastmoney.com/news,300178,815228288.html",2019-04-10 09:51:23,要跌停了，快跑
一旦红岭投资者闹到公司门口要债，不知道此股的投资机构还有没有时间出逃？,"https://guba.eastmoney.com/news,300178,815227502.html",2019-04-10 09:50:28,这是个意外事件，估计机构也始料未及，来不及出逃，在这个雷没有澄清前，机构只能自求多福了，看看是否能诱惑多少散户来接盘掩护自己出逃了，胆子再大点的看看可否拉高出货
不要脸的老赖快还钱，欠钱不还还撒谎，活该天天跌停,"https://guba.eastmoney.com/news,300178,815218371.html",2019-04-10 09:38:51,不要脸的老赖快还钱，欠钱不还还撒谎，活该天天跌停
老赖，赶紧逃,"https://guba.eastmoney.com/news,300178,815227263.html",2019-04-10 09:50:16,老赖，赶紧逃
请问董秘，腾邦国际或母公司腾邦国际集团是否欠钱不还（据报道是欠了P2P红岭创投旗,"https://guba.eastmoney.com/news,300178,905912515.html",2020-02-21 21:13:19,"请问董秘，腾邦国际或母公司腾邦国际集团是否欠钱不还（据报道是欠了P2P红岭创投旗下投资宝的资金）？作为一家上市公司应该以诚信为本，守法经营，恶意欠款不还是非常不应该的行为，请贵公司早日归还上述欠款，以免引起股价的大幅度下跌的风险，谢谢。
腾邦退
腾邦国际：感谢您对公司的关注！公司详情请以公司公告的内容为准，谢谢。(来自：深交所互动易)
(来自全景·路演天下)答复时间 2020-02-21 21:13:19"
请问董秘，腾邦国际或母公司腾邦国际集团是否欠钱不还（据报道是欠了P2P红岭创投旗,"https://guba.eastmoney.com/news,300178,905888312.html",2020-02-21 21:13:00,"请问董秘，腾邦国际或母公司腾邦国际集团是否欠钱不还（据报道是欠了P2P红岭创投旗下投资宝的资金）？作为一家上市公司应该以诚信为本，守法经营，恶意欠款不还是非常不应该的行为，请贵公司早日归还上述欠款，以免引起股价的大幅度下跌的风险，谢谢。
腾邦退
腾邦国际：感谢您对公司的关注！公司详情请以公司公告的内容为准，谢谢。
(来自深交所互动易)答复时间 2020-02-21 21:13:00"
不要玩文字游戏辟谣，欠红岭系投资宝的钱什么时候还？,"https://guba.eastmoney.com/news,300178,815225485.html",2019-04-10 09:48:08,董秘不要必要说跟红岭创投没有合作。你欠红岭系投资宝的钱，是有白字黑字的，敢辟谣说没有欠投资宝的钱吗？？？
这么早就预报一季度，目的性太强了,"https://guba.eastmoney.com/news,300178,815225604.html",2019-04-10 09:48:17,这么早就预报一季度，目的性太强了
跌停考虑买1000股,"https://guba.eastmoney.com/news,300178,815225489.html",2019-04-10 09:48:03,哇哈哈
呵呵！腾邦这个垃圾股票，大盘涨没份，跌就顺溜得很。,"https://guba.eastmoney.com/news,300178,815224708.html",2019-04-10 09:47:04,呵呵！腾邦这个垃圾股票，大盘涨没份，跌就顺溜得很。
还钱,"https://guba.eastmoney.com/news,300178,815223663.html",2019-04-10 09:45:49,还钱
小明同学又害死一大批人,"https://guba.eastmoney.com/news,300178,815213023.html",2019-04-10 09:30:03,小明同学又害死一大批人
快跑吧，不然一会跌停封死了,"https://guba.eastmoney.com/news,300178,815221460.html",2019-04-10 09:43:07,垃圾就是垃圾
老赖，快还钱,"https://guba.eastmoney.com/news,300178,815222733.html",2019-04-10 09:44:47,老赖，快还钱
马上跌停了,"https://guba.eastmoney.com/news,300178,815221108.html",2019-04-10 09:42:40,马上跌停了
打，狠狠地打。。。。 等上了12元…… 我置换地产再来狠狠撸腾邦。。。 保重。。,"https://guba.eastmoney.com/news,300178,815219419.html",2019-04-10 09:40:12,"打，狠狠地打。。。。
等上了12元……
我置换地产再来狠狠撸腾邦。。。
保重。。。
"
欠账不还，就是这个下场，能跑的赶紧跑，明天还是跌停,"https://guba.eastmoney.com/news,300178,815219410.html",2019-04-10 09:40:11,欠账不还，就是这个下场，能跑的赶紧跑，明天还是跌停
请董秘出来澄清欠款事情，还广大投资者和机构一个公道,"https://guba.eastmoney.com/news,300178,815218161.html",2019-04-10 09:38:41,无论欠款与否，面对这些负面消息，企业都应该正面出来澄清，如果是欠款，告诉大家什么时候清还，也不是什么大的事情，不要把这个雷隐藏下来，越来越大，这样子就连机构也无法逃脱，势必会践踏出逃
分批加仓！[赞][赞][赞],"https://guba.eastmoney.com/news,300178,815218923.html",2019-04-10 09:39:46,分批加仓！
恨此股不能做空,"https://guba.eastmoney.com/news,300178,815218207.html",2019-04-10 09:38:41,恨此股不能做空
老赖欠钱不还，昨天被曝光了，已经让你们今天开盘快跑了。,"https://guba.eastmoney.com/news,300178,815217605.html",2019-04-10 09:37:46,老赖欠钱不还，昨天被曝光了，已经让你们今天开盘快跑了。
10.6清仓，你们玩吧,"https://guba.eastmoney.com/news,300178,815217730.html",2019-04-10 09:37:56,10.6清仓，你们玩吧
还钱，还钱。。。。不要脸的老赖公司,"https://guba.eastmoney.com/news,300178,815215819.html",2019-04-10 09:35:25,还钱，还钱。。。。不要脸的老赖公司
开盘价不对啊！,"https://guba.eastmoney.com/news,300178,815215679.html",2019-04-10 09:35:12,开盘价不对啊！
坚定买入，要成妖[胜利][献花][献花][献花],"https://guba.eastmoney.com/news,300178,815215383.html",2019-04-10 09:34:38,坚定买入，要成妖
跑了没有？,"https://guba.eastmoney.com/news,300178,815215963.html",2019-04-10 09:35:36,跑了没有？
垃圾公司，看现在他怎么圆谎,"https://guba.eastmoney.com/news,300178,815215887.html",2019-04-10 09:35:32,诚信都去哪了？
跳空低开，估计断崖式下跌马上开启了[大笑],"https://guba.eastmoney.com/news,300178,815215008.html",2019-04-10 09:34:00,跳空低开，估计断崖式下跌马上开启了
董秘怎么说话说一半,"https://guba.eastmoney.com/news,300178,815215288.html",2019-04-10 09:34:36,腾邦集团，欠红岭旗下投资宝1.48个亿，怎么不澄清一下，出来走两步。
昨天就喊你们跑了，还在做梦呢,"https://guba.eastmoney.com/news,300178,815214692.html",2019-04-10 09:33:30,昨天就喊你们跑了，还在做梦呢
要想好好发展下去，还钱吧！,"https://guba.eastmoney.com/news,300178,815214795.html",2019-04-10 09:33:42,要想好好发展下去，还钱吧！
扑街啦！,"https://guba.eastmoney.com/news,300178,815215326.html",2019-04-10 09:34:35,扑街啦！
这就是欠钱不还的下场！,"https://guba.eastmoney.com/news,300178,815213190.html",2019-04-10 09:30:30,这就是欠钱不还的下场！
快点还红领系投资宝的1.48亿,"https://guba.eastmoney.com/news,300178,815214738.html",2019-04-10 09:33:34,快点还红领系投资宝的1.48亿
腾邦国际：与红岭创投没有发生过业务,"https://guba.eastmoney.com/news,300178,815129695.html",2019-04-09 19:56:49,"来源：证券时报网
　　腾邦国际(300178)9日在互动平台表示，腾邦国际与红岭创投没有发生过业务。据悉，红岭创投董事长昨天宣布平台流动性受到影响，原因之一是有两家公司拖欠款项，有媒体报道称腾邦国际是其中一家欠款公司。

（文章来源：证券时报网）[点击查看原文]"
欠红岭1.4亿不还，居然说没有业务往来，这样的公司你们也敢投?,"https://guba.eastmoney.com/news,300178,815212750.html",2019-04-10 09:29:19,欠红岭1.4亿不还，居然说没有业务往来，这样的公司你们也敢投?
今天跌停！,"https://guba.eastmoney.com/news,300178,815212711.html",2019-04-10 09:29:20,在投资宝欠款问题一日没澄清前，股价一直会跌，投资者最怕的就是雷，而且这个雷还是个大雷，一旦如实爆破，那将是大践踏跑路开始。
股吧涌入一群智障，反向指标，坚定加仓！！！,"https://guba.eastmoney.com/news,300178,815188200.html",2019-04-10 06:36:27,股吧涌入一群智障，反向指标，坚定加仓！！！
金钱看淡，不服就干！！！,"https://guba.eastmoney.com/news,300178,815205491.html",2019-04-10 09:04:35,金钱看淡，不服就干！！！
大幅低开，跳空缺口。我先跑了，君子不立危墙之下。万一他们说的是真的呢？几个跌停没,"https://guba.eastmoney.com/news,300178,815211928.html",2019-04-10 09:27:31,大幅低开，跳空缺口。我先跑了，君子不立危墙之下。万一他们说的是真的呢？几个跌停没我啥事，拜拜了。
艹，我果然是股市大悲催，买啥跌啥，昨天就买了6手，今天就低开6个点,"https://guba.eastmoney.com/news,300178,815211337.html",2019-04-10 09:26:28,艹，我果然是股市大悲催，买啥跌啥，昨天就买了6手，今天就低开6个点
唱多的都是托,"https://guba.eastmoney.com/news,300178,815211332.html",2019-04-10 09:26:18,RT
为了打压股价，公司配合私幕搞些这样的飞机，买进加仓。,"https://guba.eastmoney.com/news,300178,815210649.html",2019-04-10 09:24:44,为了打压股价，公司配合私幕搞些这样的飞机，买进加仓。
来这里要钱的：别在这里丢人现眼了，说的越多，越充分暴露了你们无知、粗鄙、贪婪的本,"https://guba.eastmoney.com/news,300178,815206491.html",2019-04-10 09:10:38,来这里要钱的：别在这里丢人现眼了，说的越多，越充分暴露了你们无知、粗鄙、贪婪的本质，留给人更多的笑柄！
来这里要钱的越来越少了，如果还有不醒悟的，来来来，尽管在这里留言，只要不是居心不,"https://guba.eastmoney.com/news,300178,815205897.html",2019-04-10 09:07:24,来这里要钱的越来越少了，如果还有不醒悟的，来来来，尽管在这里留言，只要不是居心不良，哥就陪你们理论理论，不把你们驳斥的哑口无言算腾邦国际真欠你们的。
谢谢给买入机会，看看能不能成交[鼓掌][鼓掌][鼓掌][鼓掌][献花][献花][,"https://guba.eastmoney.com/news,300178,815209558.html",2019-04-10 09:22:13,谢谢给买入机会，看看能不能成交
这么多家上市公司，为什么说你不说他呢？算了，还是回避该股安全,"https://guba.eastmoney.com/news,300178,815209549.html",2019-04-10 09:22:10,这么多家上市公司，为什么说你不说他呢？算了，还是回避该股安全。
低开高走涨停,"https://guba.eastmoney.com/news,300178,815209747.html",2019-04-10 09:22:37,低开高走涨停
果断加仓，感谢给机会,"https://guba.eastmoney.com/news,300178,815208849.html",2019-04-10 09:20:18,果断加仓，感谢给机会
老赖股要跌停，现在看到的速挂单跑,"https://guba.eastmoney.com/news,300178,815208340.html",2019-04-10 09:18:47,老赖股要跌停，现在看到的速挂单跑
跌停开盘！赶紧逃命吧！老赖欠1.5个亿，还钱还钱！否则等着起诉吧！我是红岭投资宝,"https://guba.eastmoney.com/news,300178,815207968.html",2019-04-10 09:17:44,跌停开盘！赶紧逃命吧！老赖欠1.5个亿，还钱还钱！否则等着起诉吧！我是红岭投资宝投资者！
今天大幅低开已成必然，无论上市公司有无干系，腾邦两个字就已经能让人大作文章，可怜,"https://guba.eastmoney.com/news,300178,815202102.html",2019-04-10 08:46:30,今天大幅低开已成必然，无论上市公司有无干系，腾邦两个字就已经能让人大作文章，可怜那些死多早不听劝啊
与红岭创投没有发生过业务！白底黑字读不懂吗？,"https://guba.eastmoney.com/news,300178,815197285.html",2019-04-10 08:07:29,"空托颠倒黑白、扰乱市场，该当何罪！可以向网警举报！
"
请问董秘，到底有没有借红岭创投或其旗下子公司如投资宝等公司的钱，请正面回答。,"https://guba.eastmoney.com/news,300178,905888311.html",2020-02-21 21:13:00,"请问董秘，到底有没有借红岭创投或其旗下子公司如投资宝等公司的钱，请正面回答。
腾邦退
腾邦国际：感谢您对公司的关注！公司详情请以公司公告的内容为准，谢谢。
(来自深交所互动易)答复时间 2020-02-21 21:13:00"
无风不起浪，君子不立危墙之下，持股的赶紧逃命吧！晚了被关几个跌停就惨了！老赖还钱,"https://guba.eastmoney.com/news,300178,815206855.html",2019-04-10 09:12:51,无风不起浪，君子不立危墙之下，持股的赶紧逃命吧！晚了被关几个跌停就惨了！老赖还钱！我是红岭投资宝投资者！
钟老板慈善就投了十几亿，看小丑们表演！！！,"https://guba.eastmoney.com/news,300178,815206698.html",2019-04-10 09:12:05,钟老板慈善就投了十几亿，看小丑们表演！！！
有人煽动闹事，希望公司报警。,"https://guba.eastmoney.com/news,300178,815194048.html",2019-04-10 07:44:56,有人煽动闹事，希望公司报警。
欠钱的老赖，公司也不会长久,"https://guba.eastmoney.com/news,300178,815206083.html",2019-04-10 09:08:12,欠钱的老赖，公司也不会长久
掰扯手豌继续！踏空狗,"https://guba.eastmoney.com/news,300178,815206430.html",2019-04-10 09:10:25,掰扯手豌继续！踏空狗
如果一个到处借钱不还的无赖公司还横行于股市，说明这个股市多不健康，多黑暗。,"https://guba.eastmoney.com/news,300178,815206011.html",2019-04-10 09:07:42,如果一个到处借钱不还的无赖公司还横行于股市，说明这个股市多不健康，多黑暗。
直接喊跌停实在！小人，！就算被欠钱也活该！,"https://guba.eastmoney.com/news,300178,815201434.html",2019-04-10 08:40:52,直接喊跌停实在！小人，！就算被欠钱也活该！
阳包阴,"https://guba.eastmoney.com/news,300178,815205768.html",2019-04-10 09:06:19,阳包阴
老赖公司，腾邦集团，欠红岭创投投资宝1.5亿元不还,"https://guba.eastmoney.com/news,300178,815203043.html",2019-04-10 08:51:46,靠借钱过日子的公司能好到哪去！！！！
借款合同都出来的，还tmd抵赖,"https://guba.eastmoney.com/news,300178,815205198.html",2019-04-10 09:02:24,无良公司啊，一点诚信都没有，董秘还抵赖
一群踏空狗，屁股决定脑袋,"https://guba.eastmoney.com/news,300178,815194559.html",2019-04-10 07:48:20,一群踏空狗，屁股决定脑袋
关注度排名一下子到317名,"https://guba.eastmoney.com/news,300178,815203487.html",2019-04-10 08:53:59,关注度排名一下子到317名
请催债者冷净思考以下问题1:欠债主体非腾邦国际却非要在这里闹，腾邦国际与腾邦集团,"https://guba.eastmoney.com/news,300178,815162510.html",2019-04-09 23:10:36,请催债者冷净思考以下问题1:欠债主体非腾邦国际却非要在这里闹，腾邦国际与腾邦集团在法律上是相互独立的个体，冤有头债有主该找谁找谁，你们如此行为与泼妇骂街何异？道德上令人不齿，就像你二姑欠你钱你却非去你二姨家里去闹一样，2、为何老周控股的深南股份不见你们去要帐，那可是直接欠你们钱的第一责任人啊，你们可否想过是否被人扇动，被人忽悠，力气用错了地方。3、据我所知红岭需要支付的有一百多亿，你们的精力全部用在这一个多亿上面，捡芝麻丢西瓜，既使红岭多了一个多亿有用吗？到你们手里还有多少钱？4、大家都是为了赚钱，但君子爱财取之有道，想高收益的时候就应该想到高风险，也请你们保留起码的人性，谁都不容易，“我不好也见不得你好”思想下只会是一个肮脏的灵魂，也会害了你们的子孙后代。5、红岭说你们的本金安全，只不过会少了利息，你们至于这么疯狂吗？
腾邦国际04月09日获深股通加仓58.26万股,"https://guba.eastmoney.com/news,300178,815197737.html",2019-04-10 08:10:31,"






























04月09日腾邦国际深股通持仓数据
收盘价：	11.27	涨跌幅：	3.02%
持股量：	367.62万股	持股变化：	58.26万股





数据显示，截至04月09日腾邦国际于深股通持股量为367.62万股，占其A股股本比例为0.59%，比上一交易日增加58.26万股。据数据统计，该股近一个月内累计涨幅为13.27%，深股通累计加仓83.48万，深股通持仓累计变化比例为29.38%，近三个月内累计涨幅为27.20%，深股通累计加仓311.46万，深股通持仓累计变化比例为554.67%。


数据来源:东方财富




"
无耻老赖公司，发公告玩文字游戏！,"https://guba.eastmoney.com/news,300178,815202537.html",2019-04-10 08:49:03,无耻老赖公司，发公告还玩文字游戏，真的是一幅赖皮嘴脸，这样的公司有何诚信可言？
不怕看空，就怕没人气！今天涨停！,"https://guba.eastmoney.com/news,300178,815201934.html",2019-04-10 08:45:04,不怕看空，就怕没人气！今天涨停！
踏空狗,"https://guba.eastmoney.com/news,300178,815201621.html",2019-04-10 08:42:21,踏空狗
直接喊跌停实在,"https://guba.eastmoney.com/news,300178,815201256.html",2019-04-10 08:39:26,直接喊跌停实在
腾邦国际和红岭创投下属公司投资宝欠款问题请公司如实披露,"https://guba.eastmoney.com/news,300178,815200395.html",2019-04-10 08:32:13,现在是互联网时代，腾邦国际或者腾邦国际大股东是不是欠红岭创投子公司投资宝1.48亿，请公司如实披露，不要挑字眼，不要隐瞒实情，我们投资人需要知道实情，造成投资损失到证监会起诉你们
腾邦公司原来是靠赖账发家的啊,"https://guba.eastmoney.com/news,300178,815199365.html",2019-04-10 08:22:07,欠红岭一个多亿赖账不还，真是黑心无良公司，离远点好
[空仓]大股东做了老赖，这股是不是要腰斩了？[空仓],"https://guba.eastmoney.com/news,300178,815198773.html",2019-04-10 08:17:37,大股东做了老赖，这股是不是要腰斩了？
等着被起诉吧，大家快逃命!,"https://guba.eastmoney.com/news,300178,815198240.html",2019-04-10 08:14:09,"欠着红岭投资宝的1亿多债不还，还想在股市圈钱,要不要脸，等着被起诉吧，大家快逃命!"
毫无诚信，披露的业绩优良，为啥不还钱？这种企业，你们还要买是你们的权利，请擦亮眼,"https://guba.eastmoney.com/news,300178,815198066.html",2019-04-10 08:12:55,毫无诚信，披露的业绩优良，为啥不还钱？这种企业，你们还要买是你们的权利，请擦亮眼睛
一季预告亮点：对公司未来业务发展有积极影响。,"https://guba.eastmoney.com/news,300178,815197906.html",2019-04-10 08:11:48,"报告期内，受宏观经济影响，公司原有战略布局放缓，致使公司2019年业绩比去年同期下降。公司处于快速扩张阶段，存在持续融资和融资渠道多元的需求，目前公司已与资管机构达成战略合作，将会对公司未来的业务发展有积极影响。
解决了持续融资和融资渠道多元的需求，也就解决了困扰公司的主要问题，有望步入良性发展，这才是一季报最大的亮点！
"
本来就是纾困概念股，股价已严重低估！,"https://guba.eastmoney.com/news,300178,815196216.html",2019-04-10 07:59:47,本来就是纾困概念股，股价已严重低估！
无风不起浪，何况君子不立围墙之下！持股的多长点心眼吧……,"https://guba.eastmoney.com/news,300178,815196013.html",2019-04-10 07:58:20,无风不起浪，何况君子不立围墙之下！持股的多长点心眼吧……
欠债的老赖，不还钱，怎么让投资人放心买你们的股票呢！,"https://guba.eastmoney.com/news,300178,815193944.html",2019-04-10 07:44:18,欠债的老赖，不还钱，怎么让投资人放心买你们的股票呢！
请问腾邦国际到底是欠了红岭创投的钱还是欠了红岭旗下的投资宝的钱？欠了多少钱？请公,"https://guba.eastmoney.com/news,300178,815192706.html",2019-04-10 07:35:19,请问腾邦国际到底是欠了红岭创投的钱还是欠了红岭旗下的投资宝的钱？欠了多少钱？请公司明示不要遮掩，让我们投资者有一个正确的判断和知情权
众犬狂吠必定大涨,"https://guba.eastmoney.com/news,300178,815160065.html",2019-04-09 22:49:56,"物极必反，踏空者的哀泣

"
本来还想拿着，负面影响太大，安全第一，走人是上策,"https://guba.eastmoney.com/news,300178,815191275.html",2019-04-10 07:17:41,本来还想拿着，负面影响太大，安全第一，走人是上策
今天开始腾邦开始走妖 三连板 估计还是天地板 你们越吹的厉害 越是涨,"https://guba.eastmoney.com/news,300178,815179184.html",2019-04-10 03:53:01,今天开始腾邦开始走妖 三连板 估计还是天地板 你们越吹的厉害 越是涨
关注度直线飙升 今日牛股 冠绝两市,"https://guba.eastmoney.com/news,300178,815189788.html",2019-04-10 06:57:01,关注度直线飙升 今日牛股 冠绝两市
没想到腾邦集团是个老赖,"https://guba.eastmoney.com/news,300178,815186476.html",2019-04-10 06:10:51,欠红岭投资宝一个多亿，难道这点钱还拿不出来吗？何必当这个老赖呢
欠钱不还 圈内笑柄 无信无用 迟早跌停 董秘敢说母公司没向投资宝借钱吗,"https://guba.eastmoney.com/news,300178,815180618.html",2019-04-10 04:25:05,欠钱不还 圈内笑柄 无信无用 迟早跌停 董秘敢说母公司没向投资宝借钱吗
航天发展，航天网安！ 神州信息，从54跌到13元，量子通信第一股科大国盾影子股！,"https://guba.eastmoney.com/news,300178,815019312.html",2019-04-09 13:45:03,"航天发展，航天网安！
神州信息，从54跌到13元，量子通信第一股科大国盾影子股！杰赛科技，中电通信，军工5G，天眼FAST，大国重器！凤凰光学，中电仪器重组成立获批！
很重要日期，海军建军节1949.04.23……
换神州信息，科大国盾(量子通信第一股)影子股！
中航 中电科……
中电通信，杰赛科技！
凤凰光学，中电仪器或中电光电！
中国卫星，北斗导航，航天五院！
神州信息，雄安土地流转！
中电科资产证券化……
杰赛科技，雄安数字5G通信！
航天科技000901，首先入驻雄安！
通过杰赛科技合并中电科5个所成立中电科通信公司为什么久拖不决？
杰赛科技军工5G；
神州信息服务三农量子通信第一股！
000901航天科技卫星导航，航天三院资产注入！"
腾邦赖账成性，毫无信誉,"https://guba.eastmoney.com/news,300178,815169699.html",2019-04-10 00:35:17,腾邦赖账成性，毫无信誉
腾邦老赖成性，毫无信誉,"https://guba.eastmoney.com/news,300178,815169608.html",2019-04-10 00:33:46,腾邦老赖成性，毫无信誉
国资介入的绝佳时机，坚决持有！,"https://guba.eastmoney.com/news,300178,815152002.html",2019-04-09 21:55:50,"今天的这个消息弄得大家都很恐慌，大家分析一下，是腾邦集团欠款，而不是腾邦国际欠款，腾邦集团持有腾邦国际30%的股份计1.77亿股，按现在的价格，出售1300万股即可还掉1.5亿元欠债，只占到持股的不足10%，没必要大惊小怪的。市场只所以这样做，目的是想制造恐慌，让国资入市。早先就有说国资驰援，现在应该正当时。
腾邦国际股价0.61港元，总股本3.49亿元。总市值低于2亿港元。但它持有的腾邦国际1.77亿股就价值18亿多，岂不怪哉？国资只需控股腾邦集团了，就直接控股了腾邦国际了。五个亿足够了，干嘛要来购买腾邦国际？有可能腾邦集团资产亏损高达16亿之多，国资看不上这一块资产。卖完了腾邦国际股票方可还债，这正好让国资接盘。
所以无论是哪条道，都是可以解决腾邦集团燃眉之急。解决后，不影响腾邦国际正常经营，投资人闹得越疯狂，事情解决得就会越快，因此，持股待涨是上上策。"
追债的想想，腾邦的官方说法，没有发生过关系，那再按照你们的说法如果是投资宝和腾邦,"https://guba.eastmoney.com/news,300178,815168738.html",2019-04-10 00:20:26,追债的想想，腾邦的官方说法，没有发生过关系，那再按照你们的说法如果是投资宝和腾邦的借贷关系，那和红岭有什么关系呢，投资宝拿回来的钱难道还红岭这边的吗？
利好利空不是你说了算，钱多的说了算。,"https://guba.eastmoney.com/news,300178,815160321.html",2019-04-09 22:52:11,今天吧里蛮有意思的，来了这么多要债的，俗话说：冤有头，债有主，讨债的连债主是谁都搞不清这不被骗才怪。就这票我说下自己的看法，这票现在处于历史大底中，行业属性绝对是好的，至于资金链问题已经是摆在明面上了，不缺钱要国资入股、资管合作干吗，一季报预减已经体现在股价上了，不然价格早就飞天了，还被年线死死的压着，连创业板指都比不上。还有这票在底部每天这么多的换手，股价就是不动，这就有妖了。仁者见仁，智者见智，操作选择权在自己手上，命运自己把握，风雨后的彩虹一定是最美的。
这票拿着不踏实，明天开盘清仓！,"https://guba.eastmoney.com/news,300178,815168389.html",2019-04-10 00:15:27,这票拿着不踏实，明天开盘清仓！
公司都辟谣了还有那么多水军颠倒黑白，真要启动了,"https://guba.eastmoney.com/news,300178,815167380.html",2019-04-10 00:00:30,"这么多水军颠倒黑白，拼命唱空，看来真要启动了
"
散了吧，把这个老赖公司折腾惨了还钱更无望了,"https://guba.eastmoney.com/news,300178,815166847.html",2019-04-09 23:53:50,散了吧，把这个老赖公司折腾惨了还钱更无望了
欠债还钱，天经地义，有诚信的公司是不会这这么无耻的，一般这样的公司都做不长久。,"https://guba.eastmoney.com/news,300178,815163264.html",2019-04-09 23:17:33,欠债还钱，天经地义，有诚信的公司是不会这这么无耻的，一般这样的公司都做不长久。
大家都暂时散了吧，维护社会稳定，合法清收,"https://guba.eastmoney.com/news,300178,815163378.html",2019-04-09 23:18:50,大家都暂时散了吧，维护社会稳定，合法清收
老赖公司啊，欠了一个多亿不还,"https://guba.eastmoney.com/news,300178,815162870.html",2019-04-09 23:14:10,老赖公司啊，欠了一个多亿不还
赶紧跑，明天必跌停，老赖要人人喊打,"https://guba.eastmoney.com/news,300178,815162296.html",2019-04-09 23:09:00,赶紧跑，明天必跌停，老赖要人人喊打
网贷投资者自己贪心的结果。,"https://guba.eastmoney.com/news,300178,815150713.html",2019-04-09 21:47:56,网贷投资者自己贪心的结果。
快还钱吧。老周真带几千买你们标的投资人堵门口催收，那得多丢人了，圈里笑柄，生意还,"https://guba.eastmoney.com/news,300178,815160237.html",2019-04-09 22:51:21,快还钱吧。老周真带几千买你们标的投资人堵门口催收，那得多丢人了，圈里笑柄，生意还做不做了
此公司估计要暴雷了，账上显示有11亿现金，却连1.4亿都还不起 一看就是做假账,"https://guba.eastmoney.com/news,300178,815160224.html",2019-04-09 22:51:22,"此公司估计要暴雷了，账上显示有11亿现金，却连1.4亿都还不起
一看就是做假账"
本是同根生相煎何太急，上面在看热闹。,"https://guba.eastmoney.com/news,300178,815160004.html",2019-04-09 22:49:27,本是同根生相煎何太急，上面在看热闹。
一个欠钱不还的老赖，既然还有股民在这里维护他们，真的恶心。你们要搞清楚，人家不是,"https://guba.eastmoney.com/news,300178,815159647.html",2019-04-09 22:46:50,一个欠钱不还的老赖，既然还有股民在这里维护他们，真的恶心。你们要搞清楚，人家不是没钱不还，是有钱不还。这样的老赖，很快就得人尽皆知了，一个人人唾弃的老赖，你们还想着会涨，傻不傻，赶紧跑吧。我再说一句，老赖不是没钱才不还，是有钱不还。懂这个意思吗？
利空出尽，明天涨停！[赞][赞][赞],"https://guba.eastmoney.com/news,300178,815157052.html",2019-04-09 22:27:50,利空出尽，明天涨停！
晚上全是还债的贴，主力想干什么，明天涨停,"https://guba.eastmoney.com/news,300178,815156555.html",2019-04-09 22:24:43,晚上全是还债的贴，主力想干什么，明天涨停
庆幸今天感觉拉升不对全部平仓。,"https://guba.eastmoney.com/news,300178,815156112.html",2019-04-09 22:21:59,庆幸今天感觉拉升不对全部平仓。
主力想涨就涨想跌就跌，一个小散不要自以为是。主力高兴明天就涨停给大家看。,"https://guba.eastmoney.com/news,300178,815155156.html",2019-04-09 22:14:57,主力想涨就涨想跌就跌，一个小散不要自以为是。主力高兴明天就涨停给大家看。
等这群可怜的、被老周耍的团团转的投资者明白过来就消停了。[鼓掌],"https://guba.eastmoney.com/news,300178,815130831.html",2019-04-09 20:04:42,等这群可怜的、被老周耍的团团转的投资者明白过来就消停了。
利空出尽，幸亏今天满仓了,"https://guba.eastmoney.com/news,300178,815141599.html",2019-04-09 20:58:55,利空出尽，幸亏今天满仓了
你们应该祈祷腾邦多来几个涨停，等公司有钱了，说不定把本不属于自己的债务当做慈善施,"https://guba.eastmoney.com/news,300178,815146418.html",2019-04-09 21:24:51,你们应该祈祷腾邦多来几个涨停，等公司有钱了，说不定把本不属于自己的债务当做慈善施舍给你们了
腾邦不还钱，被起诉是跑不掉的，背后还有我们20万投资人，随便来个十分之一，天天围,"https://guba.eastmoney.com/news,300178,815154603.html",2019-04-09 22:10:58,腾邦不还钱，被起诉是跑不掉的，背后还有我们20万投资人，随便来个十分之一，天天围起腾邦。别想有好果子吃
腾邦国际:关于公司与中国长城资产管理股份有限公司广东省分公司签署战略合作框架协议的公告,"https://guba.eastmoney.com/news,300178,814797347.html",2019-04-08 18:24:14,"公告日期：2019-04-09

关于公司与中国长城资产管理股份有限公司

广东省分公司签署战略合作框架协议的公告

证券代码：300178 证券简称：腾邦国际 公告编号：2019-016
腾邦国际商业服务集团股份有限公司

关于公司与中国长城资产管理股份有限公司广东省分公司
签署战略合作框架协议的公告

本公司及董事会全体成员保证公告内容的真实、准确和完整，没有虚假记
载、误导性陈述或者重大遗漏.

特别提示：

1、本次签署的战略合作框架协议属于建立合作关系的初步意向，具体的实施内容和进度尚存在不确定性。

2、本战略合作框架协议无需董事会批准,后续如签署正式合作协议，公司将按照《公司法》等有关法律法规及《公司章程》的规定履行相应的决策和审批程序，并依法履行信息披露义务。

敬请广大投资者谨慎决策，注意投资风险。

一、协议签订的基本情况

腾邦国际商业服务集团股份有限公司（以下简称“公司”）与中国长城资产管理股份有限公司广东省分公司（以下简称“长城资产”）于近日签署了《战略合作框架协议》（以下简称“协议”或“本协议”）。

长城资产认可公司在旅游行业的发展规划及战略布局，且由于公司处于快速扩张阶段，存在资产结构优化、存量债务结构优化、融资渠道多元化的需求。鉴于此，公司拟聘请长城资产作为金融服务顾问，长城资产拟接受聘请并为公司提供一揽子综合金融服务。双方在平等、自愿的基础上，通过友好协商达成本框架协议。

本协议为双方战略合作的框架协议，具体合作事项将另行商谈约定。本协议

关于公司与中国长城资产管理股份有限公司

广东省分公司签署战略合作框架协议的公告

的签署无需提交董事会或股东大会审议。

本协议的签署不构成关联交易，也不构成《上市公司重大资产重组管理办法》规定的重大资产重组。

二、合作对方基本情况

公司名称：中国长城资产管理股份有限公司广东省分公司

负责人：陈明

成立日期：2000年04月05日

统一社会信用代码：91440000722467796X

注册地址：广州市越秀区东风东路828-836号东峻广场A、B座12、32、33楼C座12楼

公司类型：股份有限公司分公司(非上市、国有控股)

经营范围：经营中国银行业监督管理委员会依照有关法律、行政法规和其他规定批准的业务，经营范围以批准文件所列为准。（依法须经批准的项目，经相关部门批准后方可开展经营活动）

中国长城资产管理股份有限公司成立于2016年12月，注册资本512亿元，股东为中华人民共和国财政部、全国社会保障基金理事会和中国人寿保险（集团）。前身为国务院于1999年批准设立的中国长城资产管理公司。中国长城资产服务网络遍及全国30个省、自治区、直辖市和香港特别行政区，致力于为客户提供包括不良资产经营、资产管理、银行、证券、保险、信托、租赁、投资等在内的“一站式、全方位”综合金融服务。为四大国有金融资产管理公司之一。
关联关系：长城资产与公司不存在关联关系，其与公司控股股东、实际控制人、董事、监事、高级管理人员不存在关联关系。

三、协议的主要内容

（一）合作宗旨

双方在遵守国家现行法律法规及相关行业规章制度的前提下，本着诚信、

关于公司与中国长城资产管理股份有限公司

广东省分公司签署战略合作框架协议的公告

平等、互利、双赢的原则，加强企业间的合作，长城资产通过发挥自身的综合金融服务优势，进一步帮助公司聚焦旅游主业做大做强，以多元化金融服务工具为企业的内生发展注入动力，增强可持续发展能力。

(二)合作内容

长城资产将利用自身的综合金融服务优势为公司提供一揽子综合金融服务，包括但不限于：资产结构优化、债务结构优化、经营管理优化等综合服务。

四、协议对上市公司的影响

此次合作旨在通过公司与长城资产的未来战略合作，优化资产结构、提高资产运营效率、提升企业盈利能力和可持……
[点击查看PDF原文]
提示：本网不保证其真实性和客观性，一切有关该股的有效信息，以交易所的公告为准，敬请投资者注意风险。
展开阅读全文"
17年红岭网贷就说2020年前就要清盘，自己贪心，不早走。钱丢了怪谁，来股吧凑热,"https://guba.eastmoney.com/news,300178,815150377.html",2019-04-09 21:45:59,17年红岭网贷就说2020年前就要清盘，自己贪心，不早走。钱丢了怪谁，来股吧凑热闹
2018年7月底，恒宇天泽发布公告称因“流动性问题”，其发行的“黄山十号”等基金,"https://guba.eastmoney.com/news,300178,815148485.html",2019-04-09 21:36:07,"2018年7月底，恒宇天泽发布公告称因“流动性问题”，其发行的“黄山十号”等基金出现延期。
公告显示，“黄山十号”基金由新锐的资产管理机构北京恒宇天泽基金销售有限公司（恒宇天泽）为腾邦集团有限公司（腾邦集团）募集，总额5亿元人民币。这5亿产品中有4.28亿份额共计130名持有人申请赎回，即相关方应履行回购义务，投资人持有期的收益率在9.5%-11%不等。不过，“由于市场流动性和再融资困难等原因，腾邦集团未能提前回购股份，产品未能如期分配收益，但腾邦集团方面反馈将在融资到期之前偿还。我司目前在积极协调腾邦集团有限公司调配资金回购我司持有目标公司的股份”。
资料显示，腾邦集团包括腾邦资产、腾邦国际和腾邦控股。其中，腾邦集团持有腾邦国际28.73%的股份，累计处于质押状态的股份为1.34亿股，占其所持有所有股份的75.93%。
资金都流向了哪里呢？销售材料显示，黄山十号基金主要投资于“歌迅特定股权投资私募基金”基金份额，该基金认购“宁波梅山保税港区恒宇锦绣山河一号股权投资合伙企业（有限合伙）”的LP份额。恒宇锦绣山河一号基金将对腾邦资产管理集团股份有限公司（腾邦资产）进行增资扩股，并投入到深圳福田保税区产业园升级改造项目建设。而腾邦资产是腾邦集团的重要的非上市控股子公司，即腾邦集团对恒宇锦绣山河一号基金的增资具有回购义务，实际为明股实债。
公开资料显示，腾邦资产作为深圳市人民政府指定的“深圳（福田）国际互联网金融产业园”独立运营主体，承接产业园规划、建设和整合工作，将斥资百亿建成总规模达70万平方米的国际互联网金融产业园。
在产品销售初期，恒宇天泽销售也对外宣称：本产品“还款来源不仅仅是（深圳福田保税区产业园）项目后续资金回流，还有整个腾邦集团与大股东的担保”。然而，腾邦集团2017年的年度报告里，“深圳（福田）国际互联网金融产业园有限公司建设工程”在2016年初的在建工程账面价值不到500万，2017年当年也未有新增。“深圳福田保税区产业园升级改造项目建设”存在疑点。"
我就知道要出事，现在信了吧，现在还在的来不及啦！,"https://guba.eastmoney.com/news,300178,815131333.html",2019-04-09 20:07:38,我就知道要出事，现在信了吧，现在还在的来不及啦！
几个地板，几个地板[哭][哭][哭][哭][哭][哭],"https://guba.eastmoney.com/news,300178,815153970.html",2019-04-09 22:06:57,几个地板，几个地板
癞皮狗腾邦，快还红岭老周的钱，欠钱不还天理难容，这家公司诚信度有极大的问题，不讲,"https://guba.eastmoney.com/news,300178,815153937.html",2019-04-09 22:06:44,癞皮狗腾邦，快还红岭老周的钱，欠钱不还天理难容，这家公司诚信度有极大的问题，不讲诚信的企业迟早玩完
老赖公司，毫无信用！拖欠红岭投资宝1.48亿 红岭已经要走快速起诉持续,"https://guba.eastmoney.com/news,300178,815153396.html",2019-04-09 22:03:40,老赖公司，毫无信用！拖欠红岭投资宝1.48亿 红岭已经要走快速起诉持续
不还钱，会被起诉的，到时候股票多少个跌停，呵呵。现在是信用社会，老赖公司一家一家,"https://guba.eastmoney.com/news,300178,815153134.html",2019-04-09 22:01:51,不还钱，会被起诉的，到时候股票多少个跌停，呵呵。现在是信用社会，老赖公司一家一家倒
就说业绩大幅下滑，明天千万不要一字板跌停哦！,"https://guba.eastmoney.com/news,300178,815152613.html",2019-04-09 21:58:57,就说业绩大幅下滑，明天千万不要一字板跌停哦！
