标题,链接,发布时间,内容
喋喋不休的减持，加上疫情，此股应下在6元,"https://guba.eastmoney.com/news,300218,926159688.html",2020-04-28 13:23:59,喋喋不休的减持，加上疫情，此股应下在6元
为什么每年的科研费用都需要8000多万？而不是有的年份要多一点投入，有的年份投入,"https://guba.eastmoney.com/news,300218,926145535.html",2020-04-28 12:51:29,为什么每年的科研费用都需要8000多万？而不是有的年份要多一点投入，有的年份投入少一点，这让人很怀疑是在操纵报表数据，希望监管部门好好查一查。
会仓买入5万股,"https://guba.eastmoney.com/news,300218,926109694.html",2020-04-28 11:08:23,会仓买入5万股
全仓买入，5万股,"https://guba.eastmoney.com/news,300218,926102556.html",2020-04-28 10:58:24,全仓买入，5万股
我已经卖了，你好像又启动了，难道要绝地反击？,"https://guba.eastmoney.com/news,300218,926090774.html",2020-04-28 10:42:47,我已经卖了，你好像又启动了，难道要绝地反击？
9.30卖掉，6.88接回，我感觉自己做了一回主力,"https://guba.eastmoney.com/news,300218,926083778.html",2020-04-28 10:35:19,9.30卖掉，6.88接回，我感觉自己做了一回主力
今天6.88买入，听天由命,"https://guba.eastmoney.com/news,300218,926061566.html",2020-04-28 10:11:39,今天6.88买入，听天由命
早上大跌要加仓，早上大涨要减仓,"https://guba.eastmoney.com/news,300218,926039998.html",2020-04-28 09:57:13,早上大跌要加仓，早上大涨要减仓
兄弟这跌的不够劲啊，快点卖快点卖,"https://guba.eastmoney.com/news,300218,926024934.html",2020-04-28 09:48:13,兄弟这跌的不够劲啊，快点卖快点卖
贵公司这么多专利，技术也宇宙最牛，自己也说最大的竞争对手就是自己，那么请问贵公司,"https://guba.eastmoney.com/news,300218,927129582.html",2020-04-30 13:44:00,"贵公司这么多专利，技术也宇宙最牛，自己也说最大的竞争对手就是自己，那么请问贵公司最近3年来市场占有率是多少，每年增长多少？是什么原因影响了自己的市场占有率？
安利股份
安利股份：您好！公司所属人造革合成革行业是完全开放竞争的行业，市场规模大，企业数量多，竞争激烈，行业集中度低，合成革企业市场占有率总体较低。近年来，公司主营产品生态功能性聚氨酯合成革市场占有率保持稳步增长，产品市场占有率和覆盖率在行业保持领先水平，行业地位突出。谢谢！
(来自深交所互动易)答复时间 2020-04-30 13:44:00"
可以开始补仓了,"https://guba.eastmoney.com/news,300218,926018396.html",2020-04-28 09:44:35,可以开始补仓了
真NM的垃圾！,"https://guba.eastmoney.com/news,300218,926010027.html",2020-04-28 09:37:46,你是跌跌不休！
我只请问，安利股份所有资产要是卖掉的话值不值15个亿？包括新老厂房，包括生产资料,"https://guba.eastmoney.com/news,300218,925968946.html",2020-04-28 06:49:39,我只请问，安利股份所有资产要是卖掉的话值不值15个亿？包括新老厂房，包括生产资料，包括账上存款，包括越南俄罗斯公司股份全部卖掉值不值15亿？安利市值就是15亿，大家自己思考吧！多空在你的心里，不在别人的嘴里。安利公司股价上不去，是管理层没能力失职导致的。安利是不赚钱公司吗？只是赚的钱都被标上科研投入了。这样的管理层不下台，安利业绩不会好。
定价高，下跌是必然的，民营企业急功近利！总会有报应！,"https://guba.eastmoney.com/news,300218,925921000.html",2020-04-27 22:12:02,定价高，下跌是必然的，民营企业急功近利！总会有报应！
创业板注册制推出了，不知道安利是不是该退市啦！本人支持安利早日退市，停止无休止的,"https://guba.eastmoney.com/news,300218,925919530.html",2020-04-27 22:07:27,创业板注册制推出了，不知道安利是不是该退市啦！本人支持安利早日退市，停止无休止的圈钱游戏。
8块5以上的两年解套，8-8.5的一年左右解套，7.5-8.0的半年左右解套，6,"https://guba.eastmoney.com/news,300218,925912886.html",2020-04-27 21:43:23,8块5以上的两年解套，8-8.5的一年左右解套，7.5-8.0的半年左右解套，6-7块建仓的年收益20-30%，如果再做T，年收益可达50%！想一口吃个胖子就不要买此股，此股适合建仓后半个月左右看一次就行了的，7块左右建仓后就不要经常看盘子了！！！我在7块以下建仓后最多半个月看一次盘面！！！
明天底开全仓买入，,"https://guba.eastmoney.com/news,300218,925886681.html",2020-04-27 20:03:38,明天底开全仓买入，
董秘你好！你在回复投资者中提到公司金寨路老厂区土地目前处于土地资产评估之中，正与,"https://guba.eastmoney.com/news,300218,927129588.html",2020-04-30 13:43:00,"董秘你好！你在回复投资者中提到公司金寨路老厂区土地目前处于土地资产评估之中，正与政府相关部门联系与洽谈，公司金寨路老厂区土地问题从2017年回复中也是说评估之中时间为何如此之长，是土地回购价不满意，还是压根就没跟进，回复中口口声声说重视中小投资者利益，所谓重视只是口头上的么。谢谢！
安利股份
安利股份：您好！公司老厂区土地处置事项不完全取决于公司方面，土地开发涉及政府部门多，程序复杂，与政府方面需要多方洽谈协调，老厂区的开发处置方案和时间具有不确定性。谢谢！
(来自深交所互动易)答复时间 2020-04-30 13:43:00"
董秘你好！公司几时公布派红日期，想问一下公司管理层为什么股价有点起色，就每每遇上,"https://guba.eastmoney.com/news,300218,927129589.html",2020-04-30 13:43:00,"董秘你好！公司几时公布派红日期，想问一下公司管理层为什么股价有点起色，就每每遇上股东减持这是为何，做为创业股东就是这样回报中小投资者的。
安利股份
安利股份：您好！有关2019年度利润分派事项请关注公司公告。公司股东减持系其自身资金需求，请理性看待。谢谢！
(来自深交所互动易)答复时间 2020-04-30 13:43:00"
大家想想，是好公司好产品，前二三位大股东会卖吗？,"https://guba.eastmoney.com/news,300218,925790292.html",2020-04-27 14:42:18,是好公司好产品，前二三位大股东会卖吗？长期持有分享公司成长的利润不好吗？这些大股东一定了解到了公司不为人知的不良细节，早不走晚不走偏偏这时候公布清仓式减持！所以大家一定要盯住公司是不是对问题有隐瞒，时时打电话去公司下游产业问询有无异常，有问题立即举报证监会有关部门！
小主力，已埋单，准备割肉你这窝囊，要不要随你，不过每天往上加2个点埋单，,"https://guba.eastmoney.com/news,300218,925754116.html",2020-04-27 13:53:41,算你狠，我服了
没有一丁点实力的小主力做庄，太差劲了,"https://guba.eastmoney.com/news,300218,925747078.html",2020-04-27 13:42:55,为了吸引眼球搞个涨停再出货，先天先跌7个多点，根本没一点实力的小主力！
昨天说好买二成，一激动加到四成。反正中线持股，至于庄怎么整我反正不动,"https://guba.eastmoney.com/news,300218,925741788.html",2020-04-27 13:34:35,昨天说好买二成，一激动加到四成。反正中线持股，至于庄怎么整我反正不动
坚决买入,"https://guba.eastmoney.com/news,300218,925715097.html",2020-04-27 12:16:03,7.12半仓已买进。持有。希望砸破7.06中轨。
坚定持股,"https://guba.eastmoney.com/news,300218,925682655.html",2020-04-27 11:00:57,坚定持股
董秘你好！股东为什么多次提出减持这样存在什么样问题，前段时间减持才刚结束又见减持,"https://guba.eastmoney.com/news,300218,927129591.html",2020-04-30 13:42:00,"董秘你好！股东为什么多次提出减持这样存在什么样问题，前段时间减持才刚结束又见减持，是不是对公司管理层有不满之处，希望公司管理层能处理好各方面利益，这样才能更好保护中小投资者。谢谢
安利股份
安利股份：您好！公司股东减持系其自身资金需求，请理性看待。谢谢！
(来自深交所互动易)答复时间 2020-04-30 13:42:00"
此股一年之内不会有起色，职工持股期限延长两年而不是象上次一样延长一年有深意，股东,"https://guba.eastmoney.com/news,300218,925587604.html",2020-04-27 08:37:32,此股一年之内不会有起色，职工持股期限延长两年而不是象上次一样延长一年有深意，股东之间的矛盾看来不可调合，不能形成合力，股价估计会在低位徘徊一年办左右，唉！只好潜伏了，深度套牢跑不了。
本来打算7.5去买的，结果来了个意外，刚好发布减持公告，周一计划买二成仓先打个底,"https://guba.eastmoney.com/news,300218,925567149.html",2020-04-27 01:28:12,本来打算7.5去买的，结果来了个意外，刚好发布减持公告，周一计划买二成仓先打个底，等了差不多一亾，月才到如今价格，这位置爆利空，要细品。
该反弹了，再不反弹就是真的恶意做空！,"https://guba.eastmoney.com/news,300218,925521618.html",2020-04-26 16:55:50,该反弹了，再不反弹就是真的恶意做空！
安利第二、三股东要淸仓应在低位大宗交易左手转右手少交税，和老大一起把做，同时解放,"https://guba.eastmoney.com/news,300218,925471524.html",2020-04-26 08:34:14,安利第二、三股东要淸仓应在低位大宗交易左手转右手少交税，和老大一起把做，同时解放员工二期。怎么，股东间闹翻了？刚一发布减持，就怕控制权转移，发了个八人联合声明成一致行动人，真的是三个大股东相互残杀吗？
另公司已经是行业龙头了专利最多.业绩这么差为什么不减少科研经费呢，难道说就是要花,"https://guba.eastmoney.com/news,300218,925472746.html",2020-04-26 08:50:36,另公司已经是行业龙头了专利最多.业绩这么差为什么不减少科研经费呢，难道说就是要花钱超越自己让以前的成果成废物吗，一年科研投入八千多万十年年业绩加起来都设到.科研力求领先就行，跑马拉松你能得第一就就行非得把自己累死不行吗？做企业盈利是金。
股价刷2个月新低后，安利股份再遭泼冷水,"https://guba.eastmoney.com/news,300218,925436295.html",2020-04-25 20:12:01,"作为安利股份的投资者，恐怕是相当郁闷，先是公司股价近年整体低迷，好不容易在今年2、3月反弹一波，但是从4月9日起接连下挫，到本周五（4月24日）收盘，公司二级市场股价收报7.35元/股，已经自4月高点下跌近22%，刷新最近2个月新低，相当于跌回反弹启动前。
如今，公司更是再遭泼冷水——在周五收盘后，安利股份发布了《关于持股 5%以上股东股份减持计划的预披露公告 》，宣布持本公司股份 2168.1039 万股（占本公司总股本比例 9.99%）的股东香港敏丰计划以集中竞价或大宗交易或协议转让的方式，减持不超过其所持有的本公司全部股份，即筹码清仓式的减持变现。
本次拟被减持的主角安利股份，是一家主要从事于人造革合成革行业的安徽企业，公司在2011年5月IPO登陆A股，上市已经有近9年的时间，公司一直专注于中高档聚氨酯合成革复合材料的研发、生产、销售与服务，没有像众多上市后四处并购转型的企业那般张狂，公司业绩也并不算出众，不属于成长型白马股的范畴，2017年甚至还出现了业绩亏损，身上没有过多的热门概念，近年股价也表现较为低迷，逐步沦为市值不足20亿元的小市值股。
去年倒是曾因为供货华为手机套而被二级市场戴上了“华为概念股”的光环局部炒作过，不过随后公司两位持股5%以上的股东劲达企业和香港敏丰便跳了出来宣布拟清仓减持不超过12.14%和10.75%股份，减持计划在日前才到期，最终劲达企业和香港敏丰分别减持了0.74%和0.75%，期间减持执行次数分别达到了17次和22次。
如今香港敏丰再度跳出来宣布拟清仓减持其所剩余持有的9.99%股权，无疑是减持意犹未尽，不清仓变现不罢休的姿态，参考安利股份24日收盘价，这约10%的股权当前市值约1.59亿元，金额不算大，但是近10%的股份拟清仓减持，对于任何一家上市公司的股价影响都不会少，下周安利股份二级市场股价将再度面临重压。
更让有忧心的是，既然香港敏丰已出手减持，那么去年和其一起披露清仓减持计划、持股规模更大的小伙伴劲达企业接下来是否会跟进披露减持计划？
（来源：风生焱起的财富号 2020-04-25 20:12）[点击查看原文]
#公司研究#"
敬告各位想买入做股东的朋友：该股昨日姚员外已经表态，二级市场无法预测，只有尽能力,"https://guba.eastmoney.com/news,300218,925296485.html",2020-04-24 19:07:40,敬告各位想买入做股东的朋友：该股昨日姚员外已经表态，二级市场无法预测，只有尽能力搞好企业经营管理，至于股东减持也是属于个人的行为，老厂房继续在评估，需要评估几年不清楚，因为牵涉政府部门太多，那么现在买入的朋友就要注意了，如果没有持久战的准备，建议勿入此股！特此通知
假突破，把我完美套在尖尖上了,"https://guba.eastmoney.com/news,300218,925361533.html",2020-04-25 03:49:54,假突破，把我完美套在尖尖上了
安利股份:关于持股5%以上股东股份减持计划的预披露公告(2020/04/24),"https://guba.eastmoney.com/news,300218,925327772.html",2020-04-24 21:50:42,"公告日期：2020-04-24

证券代码：300218 证券简称：安利股份 公告编号：2020-021
安徽安利材料科技股份有限公司

关于持股 5%以上股东股份减持计划的预披露公告

持股 5%以上的股东香港敏丰贸易有限公司（S.&F. TRADING CO. (H.K.)
LIMITED）保证向本公司提供的信息内容真实、准确、完整，没有虚假记载、误导性陈述或重大遗漏。

本公司及董事会全体成员保证公告内容与信息披露义务人提供的信息一致。

特别提示：

1、持本公司股份 2168.1039 万股（占本公司总股本比例 9.99%）的股东香港敏丰
贸易有限公司（S.&F. TRADING CO. (H.K.) LIMITED）计划以集中竞价或大宗交易或协议转让的方式，减持不超过其所持有的本公司全部股份，其中，通过集中竞价交易方式
减持的，自本公告之日起 15 个交易日后 6 个月内，减持不超过 433.96 万股，且任意连
续 90 日内减持股份总数不超过公司股份总数的 1%；通过大宗交易方式减持的，自本公
告之日起 3 个交易日后 6 个月内，减持不超过 867.92 万股，且任意连续 90 日内减持股
份总数不超过公司股份总数的 2%；通过协议转让方式减持的，按相关规定执行。

2、公司目前控股股东安徽安利科技投资集团股份有限公司及其实际控制人直接持有的股份占公司总股本的 22.31%，安利股份第 2 期员工持股计划持有公司 2.59%。香港敏丰贸易有限公司（S.&F. TRADING CO. (H.K.) LIMITED）本次减持计划，不会对公司控制权发生变更产生影响。

安徽安利材料科技股份有限公司（以下简称“安利股份”或“公司”）于 2020 年 4
月 23 日收到公司股东香港敏丰贸易有限公司（S.&F. TRADING CO. (H.K.) LIMITED）（以
下简称“香港敏丰”）发来的《股份减持计划告知函》，现将告知函具体内容公告如下：
一、股东的基本情况

1、香港敏丰贸易有限公司（S.&F. TRADING CO. (H.K.) LIMITED）


截至本公告披露之日，香港敏丰持有公司无限售流通股 2168.1039 万股，占公司总
股本的 9.99%。

二、本次减持计划的主要内容

1、本次拟减持原因：公司经营需要

2、股份来源：公司首次公开发行股票并上市前持有的股份以及该等股份上市后资本公积转增股本方式取得的股份。

3、拟减持数量及比例：按照目前公司的总股本，预计减持股份数量合计不超过2168.1039 万股（若减持期间公司有送股、资本公积金转增股本等股份变动事项，应对该数量进行相应调整），即不超过公司总股本的 9.99%。

4、减持期间：通过证券交易所集中竞价方式减持的，自本减持计划公告之日起 15
个交易日后 6 个月内减持不超过 433.96 万股，且任意连续 90 日内减持股份的总数不超
过公司股份总数的 1%；通过证券交易所大宗交易方式减持的，自本减持计划公告之日起
3 个交易日后 6 个月内减持不超过 867.92 万股，且任意连续 90 日内减持股份的总数不
超过公司股份总数的 2%；通过协议转让方式减持的，按相关规定执行。

5、减持方式：拟通过集中竞价或大宗交易或协议转让的方式减持。

6、减持价格：根据减持时的市场价格及交易方式确定。

三、股东的承诺及履行情况

香港敏丰在公司首次公开发行股票并上市时承诺：自公司股票首次公开发行并上市之日起三十六个月内，不上市流通或者委托他人管理本公司直接或间接持有的公司公开发行股票前已发行的股份，也不由公司回购本公司直接或间接持有的公司公开发行股票前已发行的股份；于前述锁定期满后，追加承诺：所持有安利股份的股份自 2014 年 5月 18 日锁定期满后 36 个月内，每年转让的股份数量不超过本公司上年末持有的安利股份股份总数的 25%。

上述承诺，香港敏丰已于 2017 年 5 月 17 日履行完毕，未发生违反上述承诺的情况。
四、相关风险提示

1、香港敏丰将根据市场情况、公司股价情况等因素综合决定是否实施本次股份减持计划，本次减持计划的减持时间、减持价格、减持数量均存在不确定性，也存在是否按期实施完成的不确定性。

2、香港敏丰不属于公司控股股东、实际控制人，本次减持计划不会对公司控制权发生变更产生影响。公司后续将会根据股东减持实际进展情况及时披露相关信息。


3、本次减持计划实施期间，公司董……
[点击查看PDF原文]
提示：本网不保证其真实性和客观性，一切有关该股的有效信息，以交易所的公告为准，敬请投资者注意风险。
展开阅读全文"
今天你安利了吗，你不安利就没有人安利啦！！,"https://guba.eastmoney.com/news,300218,925334839.html",2020-04-24 22:25:58,多好的公司名啊，借虎皮做大旗，中国公司就是这样会玩！
30分钟走势结构看，底部区域了，择机买入跟进。,"https://guba.eastmoney.com/news,300218,925244963.html",2020-04-24 15:28:06,30分钟走势结构看，底部区域了，择机买入跟进。
好多人成本都在八块左右吧，既然现在无论大盘涨跌都给你机会买，可以想想是为啥,"https://guba.eastmoney.com/news,300218,925127300.html",2020-04-24 12:06:52,好多人成本都在八块左右吧，既然现在无论大盘涨跌都给你机会买，可以想想是为啥
等不了了，来点[大笑],"https://guba.eastmoney.com/news,300218,925153095.html",2020-04-24 13:22:04,等不了了，来点
市值和换手率是真的，其它都是浮云。长线机会越来越近的，短线还得等等,"https://guba.eastmoney.com/news,300218,925130718.html",2020-04-24 12:20:32,市值和换手率是真的，其它都是浮云。长线机会越来越近的，短线还得等等
一下跌就没人敢买但有人割肉，一上涨就有追的，这样的股民太多了吗？,"https://guba.eastmoney.com/news,300218,925098655.html",2020-04-24 11:08:51,一下跌就没人敢买但有人割肉，一上涨就有追的，这样的股民太多了吗？
说了要加速,"https://guba.eastmoney.com/news,300218,925066773.html",2020-04-24 10:29:32,说了要加速
阴跌不止,"https://guba.eastmoney.com/news,300218,925059229.html",2020-04-24 10:22:16,阴跌不止
这股可以买入了吗,"https://guba.eastmoney.com/news,300218,925036893.html",2020-04-24 09:59:44,这股可以买入了吗
安利股份:关于持股5%以上股东股份减持计划时间届满暨实施情况的公告,"https://guba.eastmoney.com/news,300218,924865538.html",2020-04-23 16:45:33,"公告日期：2020-04-23

证券代码：300218 证券简称：安利股份 公告编号：2020-020
安徽安利材料科技股份有限公司

关于持股 5%以上股东股份减持计划时间届满暨实施情况的公告
持股 5%上的股东香港公司劲达企业有限公司（REAL TACT ENTERPRISE
LIMITED）、香港敏丰贸易有限公司（S.&F. TRADING CO. (H.K.) LIMITED）保证向
本公司提供的信息内容真实、准确、完整，没有虚假记载、误导性陈述或重大遗漏。
本公司及董事会全体成员保证公告内容与信息披露义务人提供的信息一致。

安徽安利材料科技股份有限公司（以下简称“公司”或“安利股份”）于 2019 年 9
月 25 日在巨潮资讯网披露《关于持股 5%以上股东股份减持计划的预披露公告》（公告编号：2019-049），股东香港公司劲达企业有限公司（REAL TACT ENTERPRISE LIMITED）（以下简称“劲达企业”）、香港敏丰贸易有限公司（S.&F. TRADING CO. (H.K.) LIMITED）（以下简称“香港敏丰”）计划通过集中竞价或大宗交易或协议转让的方式减持本公司股份合计分别不超过 2634.8 万股和 2331.6 万股（若减持期间公司有送股、资本公积金转增股本等股份变动事项，应对该数量进行相应调整），其中通过证券交易所集中竞价
方式减持的，自减持计划公告披露之日起 15 个交易日后 6 个月内减持不超过 433.96 万
股，且任意连续 90 日内减持股份的总数不超过公司股份总数的 1%；通过证券交易所大宗交易方式减持的，自减持计划公告披露之日起 3 个交易日后 6 个月内减持不超过867.92 万股，且任意连续 90 日内减持股份的总数不超过公司股份总数的 2%；通过协议转让方式减持的，按相关规定执行。具体内容详见上述公告。

截至 2020 年 4 月 23 日，劲达企业和香港敏丰减持计划时间已届满。公司收到劲达
企业和香港敏丰出具的《函》，2019 年 10 月 23 日至 2020 年 4 月 22 日期间，劲达企业
和香港敏丰分别累计减持本公司股份 159.8 万股和 163.4961 万股，现将相关事项公告如下：

一、已披露的减持计划实施进展情况

公司于 2019 年 12 月 17 日披露了《关于持股 5%以上股东减持比例达到 1%的公告》
（公告编号：2019-064），具体内容详见巨潮资讯网（http://www.cninfo.com.cn）刊登的
上述公告。

公司于 2020 年 1 月 23 日披露了《关于持股 5%以上股东股份减持计划时间过半的进
展公告》（公告编号：2020-003），具体内容详见巨潮资讯网（http://www.cninfo.com.cn）刊登的上述公告。

二、股东减持情况

1、股东减持股份情况

股东名称 减持方式 减持期间 减持均价 减持股数 占总股本

（元/股） （万股） 的比例

劲达企业 集中竞价 2019 年 10 月 23 日 7.49 159.8 0.74%

交易 -2020 年 4 月 22 日

香港敏丰 集中竞价 2019 年 10 月 23 日 7.49 163.4961 0.75%

交易 -2020 年 4 月 22 日

上述减持股份的来源均为公司首次公开发行股票并上市前持有的股份以及该等股份上市后资本公积转增股本方式取得的股份。减持计划期间内，劲达企业通过集中竞价
交易方式减持 17 次，减持价格区间为 7.13 元/股—8.06 元/股； 香港敏丰通过集中竞
价交易方式减持 22 次，减持价格区间为 7.11 元/股—8.08 元/股。（注：减持次数以每
一个交易日为一次计算）

2、股东本次减持前后持股情况

本次减持前持有股份 本次减持后持有股份

股东名称 股份性质 股份总数 占总股本 股份总数 占总股

（万股） 比例 （万股） 本比例

持有股份数量 2634.8 12.14% 2475 ……
[点击查看PDF原文]
提示：本网不保证其真实性和客观性，一切有关该股的有效信息，以交易所的公告为准，敬请投资者注意风险。
展开阅读全文"
安利你就是个笑话，香港股东想减持都卖不出去。,"https://guba.eastmoney.com/news,300218,924904815.html",2020-04-23 19:46:22,安利你就是个笑话，香港股东想减持都卖不出去。
辛苦各位了。希望公司会更好，希望不是纸上谈兵，希望成为事实。,"https://guba.eastmoney.com/news,300218,924874943.html",2020-04-23 17:04:45,"辛苦各位了。希望公司会更好，希望不是纸上谈兵，希望成为事实。
安利股份
安利股份：非常感谢您的鼓励，我们将勤勉尽责、恪尽职守、努力工作、努力创造良好的业绩。谢谢您！
(来自全景·路演天下)答复时间 2020-04-23 17:04:45"
叔叔好，什么是聚氨酯合成革,"https://guba.eastmoney.com/news,300218,924873365.html",2020-04-23 17:03:00,"叔叔好，什么是聚氨酯合成革
安利股份
安利股份：您好！聚氨酯合成革主要是以非织造布（无纺布）、机织布、针织弹力布等纤维织物为基材，以聚氨酯（PU）树脂涂覆表层，以湿法、干法或湿法加干法等工艺制成的一种复合材料。谢谢您！
(来自全景·路演天下)答复时间 2020-04-23 17:03:00"
请问董事长，贵公司主要生产经营聚氨酯树脂，有没有想过生产聚氨酯海绵口罩呢？,"https://guba.eastmoney.com/news,300218,924871435.html",2020-04-23 16:49:05,"请问董事长，贵公司主要生产经营聚氨酯树脂，有没有想过生产聚氨酯海绵口罩呢？
安利股份
安利股份：您好！暂没有生产聚氨酯海绵口罩的计划。谢谢您！
(来自全景·路演天下)答复时间 2020-04-23 16:49:05"
问董秘：请问贵公司名字和美国安利名字为什么一样，你们有关系吗,"https://guba.eastmoney.com/news,300218,924862657.html",2020-04-23 16:34:56,请问贵公司名字和美国安利名字为什么一样，是相关联的企业吗？美国授权这名字的吗？以后有没有可能合并！谢谢！
请问贵公司名字和美国安利名字为什么一样，是相关联的企业吗？美国授权这名字的吗？以,"https://guba.eastmoney.com/news,300218,924861556.html",2020-04-30 13:42:00,"请问贵公司名字和美国安利名字为什么一样，是相关联的企业吗？美国授权这名字的吗？以后有没有可能合并！谢谢！
安利股份
安利股份：您好！公司与美国安利没有关联关系，公司所拥有的“安利（ANLI）＋”商标为本土民族自主品牌，商标在在国内注册时间早于美国安利。国家允许商标可在不同类别注册，公司与美国安利商标在国内注册的类别不同，且企业经营范围也不同，非美国授权，不存在合并可能。公司安利商标中文寓意，一是表示公司是在“安徽省”成立，其合成革生产设备和工艺技术源自“意大利”；二是企业谋求“安全”、“安定”与“获利”、“大吉大利”的意思。谢谢！
(来自深交所互动易)答复时间 2020-04-30 13:42:00"
您好！公司对目前的估值按照全国上市公司的平均水平等多种因素分析，我们是不满意的，,"https://guba.eastmoney.com/news,300218,924869470.html",2020-04-23 16:42:50,"您好！公司对目前的估值按照全国上市公司的平均水平等多种因素分析，我们是不满意的，我们努力追求企业价值最大化，期望不断提高企业的市值，回报股东。谢谢您！没错，但是你们一直不断努力好多年了，每年都是这么回答，为什么就是看不到希望？希望不是用嘴说出来的，是用事实来证明的。
安利股份
安利股份：您好！公司2019年实现了7000多万元的盈利，实现了5.5亿左右的工业增加值。我们会不断改进工作。谢谢您！
(来自全景·路演天下)答复时间 2020-04-23 16:42:50"
公司为什么什么都是领先，什么都是第一，但结果就是亏损？这有些矛盾吧。企业就是拿效,"https://guba.eastmoney.com/news,300218,924869494.html",2020-04-23 16:40:58,"公司为什么什么都是领先，什么都是第一，但结果就是亏损？这有些矛盾吧。企业就是拿效益说话的。
安利股份
安利股份：您好!经济是有周期的，行业是有波动的，公司在发展过程中有时会遇到不可控的系统性风险，公司20多年来仅有2017年一个年度出现一定的亏损，公司从20多年的长周期看，公司为股东、为社会创造了良好的价值。我们未来会恪尽职守、勤勉尽责，努力实现良好的经济效益。谢谢您！
(来自全景·路演天下)答复时间 2020-04-23 16:40:58"
您好，姚总，请问目前我们安利公司的市场竞争对手主要是哪些品牌？我们的生态型PU产,"https://guba.eastmoney.com/news,300218,924867136.html",2020-04-23 16:29:29,"您好，姚总，请问目前我们安利公司的市场竞争对手主要是哪些品牌？我们的生态型PU产品在同行中属于领先地位吗？
安利股份
安利股份：您好！我们的最大竞争对手是自己，永不懈怠，持续改进，持续创新，追求不断发展，安利股份是国家工信部认定的全国制造业单项冠军示范企业，生态功能性聚氨酯合成革综合排序第一，我们在全球同行处于领先地位。谢谢您！
(来自全景·路演天下)答复时间 2020-04-23 16:29:29"
就是中报接着亏呗,"https://guba.eastmoney.com/news,300218,924857766.html",2020-04-23 16:16:07,就是中报接着亏呗
请问，二季度继续亏损的概率比较大吧，请实事求是回复。,"https://guba.eastmoney.com/news,300218,924864032.html",2020-04-23 16:20:49,"请问，二季度继续亏损的概率比较大吧，请实事求是回复。
安利股份
安利股份：您好！受疫情全球蔓延的影响，宏观形势严峻复杂，世界经济下行风险加剧，经济衰退趋势明显，对全球企业来说都是一次严峻挑战。面对国外疫情蔓延带来的物流不畅、对外贸易受阻、市场需求不振等严峻困难与巨大挑战，公司将积极调整经营策略，夯实企业管理，加强内部管理变革，加强与客户沟通与联系，努力推进品牌客户合作，做好产品开发与储备，努力减少疫情对公司经营的不利影响。目前，公司二季度产销情况具有重大不确定性。盈亏情况尚无法分析确定，谢谢您！
(来自全景·路演天下)答复时间 2020-04-23 16:20:49"
亏损快要四个点了，能掉到7.51吗，掉到我就割,"https://guba.eastmoney.com/news,300218,924801633.html",2020-04-23 14:23:41,亏损快要四个点了，能掉到7.51吗，掉到我就割
姚总，公司老厂区的土地说了好多年了，也是很吸引广大小股东的，我想确认一下，在20,"https://guba.eastmoney.com/news,300218,925510759.html",2020-04-23 16:02:50,"姚总，公司老厂区的土地说了好多年了，也是很吸引广大小股东的，我想确认一下，在2020年，老厂区的方案能定下来了吗？公司的主张是什么？
安利股份
安利股份：您好！老厂区的开发不完全取决于公司方面，土地开发涉及政府部门多，程序复杂，与政府方面需要洽谈协调，老厂区的开发处置方案和时间具有不确定性。谢谢您！
(来自全景·路演天下)答复时间 2020-04-23 16:02:50"
合成革市场竞争激烈，供远大于求，为什么还要继续扩大生产规模？在越南建厂。,"https://guba.eastmoney.com/news,300218,925510705.html",2020-04-23 16:09:13,"合成革市场竞争激烈，供远大于求，为什么还要继续扩大生产规模？在越南建厂。
安利股份
安利股份：您好！因为国际品牌产能转移到东南亚地区，为了更好的服务客户，获取订单，降低成本，规避关税壁垒，化解贸易冲突风险，适应产业转移的趋势，获取更好的竞争优势等原因。谢谢您！
(来自全景·路演天下)答复时间 2020-04-23 16:09:13"
请问贵公司，合肥市的新城区规划以及滨湖科学城的新规划，是否会对安利厂区规划产生影,"https://guba.eastmoney.com/news,300218,925510898.html",2020-04-23 15:54:45,"请问贵公司，合肥市的新城区规划以及滨湖科学城的新规划，是否会对安利厂区规划产生影响？
安利股份
安利股份：您好！新城区规划对老厂区土地开发利用具有良好的影响，安利工业园现处在经济开发区桃花工业园拓展区，是工业生产集聚区，且距离远，没有重大影响。谢谢您！
(来自全景·路演天下)答复时间 2020-04-23 15:54:45"
独董好：公司每年的研发费用比净利润换高？作为独董有没有关注这一现象，研发费用具体,"https://guba.eastmoney.com/news,300218,925510894.html",2020-04-23 15:54:58,"独董好：公司每年的研发费用比净利润换高？作为独董有没有关注这一现象，研发费用具体构成能否具体说明一下？是否变相调节利润？
安利股份
安利股份：您好！感谢您对公司财务数据的关注！本公司是国家重点高新技术企业，对每年的研发费用有一定的要求，同时公司有严格的研发计划，研发费用的投入对于产品的升级换代和竞争力的提高都很好的作用；本公司每年的研发费用均采用费用化，这样对公司的业绩更加稳健。
(来自全景·路演天下)答复时间 2020-04-23 15:54:58"
年线附近支撑再次确认，应该差不多该启动拉升了。,"https://guba.eastmoney.com/news,300218,924847624.html",2020-04-23 15:39:47,年线附近支撑再次确认，应该差不多该启动拉升了。
我是深圳一位投资者从17年在二级市场买入公司股票已经四年了业绩不好的时候在低位业,"https://guba.eastmoney.com/news,300218,924869478.html",2020-04-23 16:41:05,"我是深圳一位投资者从17年在二级市场买入公司股票已经四年了业绩不好的时候在低位业绩好了股价也在低位作为一个中小投资者真的是心力交瘁，4年多的时候，亏损严重
安利股份
安利股份：您好。公司多年深耕主业，夯实基础，提升公司价值。二级市场价格公司无法控制、影响，公司会继续努力，争取给股民更好的回报。谢谢！
(来自全景·路演天下)答复时间 2020-04-23 16:41:05"
公司管理层为什么不回购公司股票？是没信心还是觉得公司股票价格太高了？,"https://guba.eastmoney.com/news,300218,924854629.html",2020-04-23 15:41:55,"公司管理层为什么不回购公司股票？是没信心还是觉得公司股票价格太高了？
安利股份
安利股份：您好！回购公司股票将减少公司现金，增加公司资产负债率，影响公司负债筹资，且公司正在积极建设安利越南公司，扩大生产经营规模，回购公司股票将会影响公司和股东的长期利益。谢谢您！
(来自全景·路演天下)答复时间 2020-04-23 15:41:55"
董事长好：请问新冠对越南子公司，俄罗斯分公司影响有多大？,"https://guba.eastmoney.com/news,300218,924854649.html",2020-04-23 15:35:47,"董事长好：请问新冠对越南子公司，俄罗斯分公司影响有多大？
安利股份
安利股份：您好！安利越南公司正处于基本建设之中，主要设备合同已洽谈签订，因疫情影响，开工时间将延迟，安利俄罗斯公司因四月份俄罗斯全国放假，生产经营处在停滞及半停滞状态，对安利俄罗斯影响较大。但安利俄罗斯资产规模较小，营收占公司总营收的比重仅1.65%，对安利股份公司影响较小。谢谢您!
(来自全景·路演天下)答复时间 2020-04-23 15:35:47"
全球经济下行时期，公司减薪裁员了吗？降低成本了吗？有什么具体措施应对？,"https://guba.eastmoney.com/news,300218,924851428.html",2020-04-23 15:29:01,"全球经济下行时期，公司减薪裁员了吗？降低成本了吗？有什么具体措施应对？
安利股份
安利股份：您好！全球经济形势下行，公司认为人力资源是第一资源，事业成败在于人，员工是公司最宝贵的财富，公司目前没有裁员计划，薪酬根据生产经营业绩考核发放。公司积极努力加强采购，降低采购成本，优化产品配方设计，降低产品设计成本，提高质量、提高效率，降低成本费用。谢谢您！
(来自全景·路演天下)答复时间 2020-04-23 15:29:01"
公司换手率一直低迷，为什么不送股保持市场活跃度？另问二，三股东还会继续减持吗？,"https://guba.eastmoney.com/news,300218,924851432.html",2020-04-23 15:28:47,"公司换手率一直低迷，为什么不送股保持市场活跃度？另问二，三股东还会继续减持吗？
安利股份
安利股份：您好！公司利润分配政策严格按照法律法规及《公司章程》等规定制定，分配预案经董事会、监事会审议通过，提交股东大会审议同意后方能实施。公司三、四股东未来减持计划请关注公司公告。谢谢！
(来自全景·路演天下)答复时间 2020-04-23 15:28:47"
很多上市公司都增加主业生产口罩，防护服；安利为什么不生产？,"https://guba.eastmoney.com/news,300218,924851515.html",2020-04-23 15:14:56,"很多上市公司都增加主业生产口罩，防护服；安利为什么不生产？
安利股份
安利股份：您好！公司发展战略为专业化、特色化、品牌化、规模化，公司致力于打造全球领先的聚氨酯合成革开发生产企业，公司在熔喷布上既无生产设备，又无工艺技术，原材料来源等资源。因此，公司未从事熔喷布生产经营。谢谢您！
(来自全景·路演天下)答复时间 2020-04-23 15:14:56"
1.贵公司每年研发费用远超利润，一个成熟的传统行业的研发费用比高科技公司还多，并,"https://guba.eastmoney.com/news,300218,925510917.html",2020-04-23 15:48:16,"1.贵公司每年研发费用远超利润，一个成熟的传统行业的研发费用比高科技公司还多，并且研发出来的pu革，大同股份都能做，也没见什么真正有效的专利，并且大同还能研发纤维革，费用只有2000多万，贵公司是8000多万，请问贵公司的这些费用，人员每年都有什么样的考核？
安利股份
安利股份：您好！公司所属人造革合成革行业为完全开放竞争的行业，是一个快时尚的行业，工艺技术和产品更新速度快，市场竞争激烈。公司始终坚持科技引领，创新驱动的经营理念，注重研发投入，不断提升技术创新能力与产品竞争力，加大与品牌客户合作，促进企业转型升级，增强企业发展后劲。公司是国家科技部认定的“国家重点高新技术企业”，是国家发改委、科技部、财政部、国家海关、国家税务总局等五部委认定的“国家认定企业技术中心”，是国家知识产权局认定的“国家知识产权示范企业”，是“中国轻工业科技百强企业”，拥有“国家级博士后科研工作站”，是目前国内行业拥有专利最多、主持或参与国家和行业标准制定最多的企业。根据同大股份2019年度报告披露的信息，同大股份近三年研发投入占营业收入比例均在5%以上，研发投入占营业收入比例和公司研发投入情况基本相当。谢谢！
(来自全景·路演天下)答复时间 2020-04-23 15:48:16"
截止到4.20股东人数？,"https://guba.eastmoney.com/news,300218,925511017.html",2020-04-23 15:06:15,"截止到4.20股东人数？
安利股份
安利股份：您好！截止至4月20日，公司股东户数为12986户。谢谢！
(来自全景·路演天下)答复时间 2020-04-23 15:06:15"
到7元在进,"https://guba.eastmoney.com/news,300218,924808077.html",2020-04-23 14:32:17,到7元在进
等你跌太难受了,"https://guba.eastmoney.com/news,300218,924798270.html",2020-04-23 14:19:43,等你跌太难受了
减持开始了吗？今天最后天,"https://guba.eastmoney.com/news,300218,924797824.html",2020-04-23 14:18:54,减持开始了吗？今天最后天
割肉了，真恶心。,"https://guba.eastmoney.com/news,300218,924788456.html",2020-04-23 14:06:38,割肉了，真恶心。
强烈要求公司把那块地卖掉！,"https://guba.eastmoney.com/news,300218,924754442.html",2020-04-23 13:16:42,强烈要求公司把那块地卖掉！
本庄不回来此股不会涨的。,"https://guba.eastmoney.com/news,300218,924745331.html",2020-04-23 12:54:57,本庄不回来此股不会涨的。
有一次加速,"https://guba.eastmoney.com/news,300218,924712037.html",2020-04-23 11:12:49,有一次加速
7.68买的，割了,"https://guba.eastmoney.com/news,300218,924648061.html",2020-04-23 09:56:24,7.68买的，割了
洗得毛都掉了，还洗,"https://guba.eastmoney.com/news,300218,924668551.html",2020-04-23 10:17:50,洗得毛都掉了，还洗
妈妈的，9元追进去，把我亏得内裤都没了,"https://guba.eastmoney.com/news,300218,924509715.html",2020-04-22 18:25:55,妈妈的，9元追进去，把我亏得内裤都没了
来个冷笑话。。。股票不涨是因为亏的不够多！如果安利也能一年亏损十几亿，估计能拉五,"https://guba.eastmoney.com/news,300218,924664120.html",2020-04-23 10:12:48,来个冷笑话。。。股票不涨是因为亏的不够多！如果安利也能一年亏损十几亿，估计能拉五连涨停板！
安利股份澄清媒体不实报道：从未投资九次方,"https://guba.eastmoney.com/news,300218,924174899.html",2020-04-21 20:23:51,"来源：中国证券网作者：胡心宇
　　 安利股份4月21日晚间披露《关于媒体不实报道的澄清公告》，表示公司从未投资九次方。


　　公司近日关注到相关媒体刊登转载标题为《群兴玩具因九次方收关注函要当心另外三家上市公司也躺枪》的文章，文中提到安利股份投资九次方大数据信息集团有限公司等不实信息，包括：根据安利股份2018年年报，安利股份对九次方的投资为8000万元，投资九次方的估值为75亿元，如果九次方像媒体质疑那样，估值缩水的话，安利股份对九次方将会发生减值；安利股份2019年净利润只有2331万元。


　　公司称，文中所述安利股份2018年年报披露公司投资九次方事项严重与事实不符，公司从未投资九次方，也未在2018年年报披露上述信息；文中所述公司2019年度净利润情况与事实不符。


　　公司表示，上述不实传闻对公司声誉造成严重损害，公司将继续密切关注该事件的发展，保留采取进一步法律措施的权利，维护公司合法权益。(胡心宇)
（文章来源：中国证券网）[点击查看原文]
#热点追踪#"
董秘你好！你说公司2019年度拟现金分红总额较上年增加976.4415万元，增长,"https://guba.eastmoney.com/news,300218,927129590.html",2020-04-30 13:42:00,"董秘你好！你说公司2019年度拟现金分红总额较上年增加976.4415万元，增长60%。而公司2019年度利润总额较上年增长208.63%。对于公司研发费用居高跟产比对不上，研发本身是为了公司更好发展，如果研发费用是高投入少回报，是不是应该转变一下，关于老厂房后续问题是不是存在慢速谢谢！
安利股份
安利股份：您好！公司研发费用占营业收入比重处于行业合理水平，有明确具体的研发项目计划，持续稳定的研发投入有利于促进公司工艺技术进步及产品升级换代，增强企业产品竞争力，提高企业未来持续发展能力。公司老厂区土地处置事项不完全取决于公司方面，土地开发涉及政府部门多，程序复杂，与政府方面需要多方洽谈协调，老厂区的开发处置方案和时间具有不确定性。谢谢！
(来自深交所互动易)答复时间 2020-04-30 13:42:00"
跌不动了？,"https://guba.eastmoney.com/news,300218,924445974.html",2020-04-22 14:39:58,跌不动了？
错杀了！,"https://guba.eastmoney.com/news,300218,924431123.html",2020-04-22 14:19:03,错杀了！
很明显昨天那个就是底了，今天不买，以后每天都比今天高,"https://guba.eastmoney.com/news,300218,924393201.html",2020-04-22 13:25:03,很明显昨天那个就是底了，今天不买，以后每天都比今天高
我想问问大家，安利香港股东减持股份到哪天是截止日？,"https://guba.eastmoney.com/news,300218,924410660.html",2020-04-22 13:49:58,我想问问大家，安利香港股东减持股份到哪天是截止日？
我在7元等你[大笑],"https://guba.eastmoney.com/news,300218,924411835.html",2020-04-22 13:50:31,我在7元等你
准备逃跑了，马上开始表演跳水,"https://guba.eastmoney.com/news,300218,924391156.html",2020-04-22 13:21:43,准备逃跑了，马上开始表演跳水
下午可以跌了,"https://guba.eastmoney.com/news,300218,924370543.html",2020-04-22 12:10:22,下午可以跌了
调查：五一长假将到，国内外经济背景不好，石油暴跌，你会持股过节吗？,"https://guba.eastmoney.com/news,300218,924352956.html",2020-04-22 11:23:32,调查：五一长假将到，国内外经济背景不好，石油暴跌，你会持股过节吗？
7.68加仓！,"https://guba.eastmoney.com/news,300218,924292101.html",2020-04-22 10:04:21,7.68加仓！
铁公鸡一毛不拔可能吗？知道你目前还准备跌，看得清楚你想干什么，稍微涨点想骗些补仓,"https://guba.eastmoney.com/news,300218,924322961.html",2020-04-22 10:42:46,铁公鸡一毛不拔可能吗？知道你目前还准备跌，看得清楚你想干什么，稍微涨点想骗些补仓的，想法是好的，就你目前的态势补仓你骗三岁小孩还可以
老庄票砸了差不多了，今天收点筹码，明天又继续开砸了,"https://guba.eastmoney.com/news,300218,924308001.html",2020-04-22 10:22:35,老庄票砸了差不多了，今天收点筹码，明天又继续开砸了
今天又要跌了[哭],"https://guba.eastmoney.com/news,300218,924256886.html",2020-04-22 09:17:35,今天又要跌了
已买|万,"https://guba.eastmoney.com/news,300218,924283519.html",2020-04-22 09:53:45,已买|万
鳳釦龍鷹影响力注册时长19天今天22:03东方财富Android版明天换手率能达,"https://guba.eastmoney.com/news,300218,924198756.html",2020-04-21 22:18:12,"
鳳釦龍鷹
影响力注册时长19天
今天 22:03东方财富Android版
明天换手率能达到4个点以上就形成正式突破走主升浪了。不然还将形成缩量在旗型整理区纠缠。按最近风口来看应该是前者，按今日分时技术顶了下突破点后自然回落，尾盘固定了下明日启动点位置，明日高开低开都无所谓。
发表于:农产品吧
阅读 38
赞"
尼马，进来十天，没像样涨过一天[大笑],"https://guba.eastmoney.com/news,300218,924186674.html",2020-04-21 21:20:16,尼马，进来十天，没像样涨过一天
安利股份:关于媒体不实报道的澄清公告,"https://guba.eastmoney.com/news,300218,924149867.html",2020-04-21 18:10:00,"公告日期：2020-04-21

证券代码：300218 证券简称：安利股份 公告编号：2020-019
安徽安利材料科技股份有限公司

关于媒体不实报道的澄清公告

本公司及董事会全体成员保证公告内容真实、准确、完整，没有虚假记载、 误导性陈述或重大遗漏。

一、传闻情况

安徽安利材料科技股份有限公司（以下简称“安利股份”或“公司”）近日关注到相关媒体刊登转载标题为“群兴玩具因九次方收关注函 要当心另外三家上市公司也躺枪”的文章，文中提到安利股份投资九次方大数据信息集团有限公司（以下简称“九次方”）等不实信息，具体如下：

（1）根据安利股份 2018 年年报，安利股份对九次方的投资为 8000 万元，
投资九次方的估值为 75 亿元，如果九次方像媒体质疑那样，估值缩水的话，安利股份对九次方将会发生减值。

（2）安利股份 2019 年净利润只有 2331 万元。

二、澄清说明

经核实，本公司针对上述传闻事项说明如下：

（1）文中所述安利股份 2018 年年报披露公司投资九次方事项严重与事实不符，公司从未投资九次方，也未在 2018 年年报披露上述信息。

（2）文中所述公司 2019 年度净利润情况与事实不符，公司 2019 年度经营
财务数据已经大华会计师事务所（特殊普通合伙）审计，具体详见公司于 2020
年 4 月 17 日在巨潮资讯网披露的公司《2019 年年度报告》及《2019 年年度审计
报告》。


上述不实传闻对公司声誉造成严重损害，公司将继续密切关注该事件的发展，保留采取进一步法律措施的权利，维护公司合法权益。

三、必要提示

1、截至本公告披露日，公司不存在应予以披露而未披露的事项。

2、公司郑重提醒广大投资者，《上海证券报》、巨潮资讯网为本公司指定的信息披露媒体，公司所有信息均以公司在上述媒体刊登的公告为准。敬请广大投资者理性投资，注意风险。

特此公告。

安徽安利材料科技股份有限公司
董事会

二〇二〇年四月二十一日


[点击查看PDF原文]
提示：本网不保证其真实性和客观性，一切有关该股的有效信息，以交易所的公告为准，敬请投资者注意风险。"
托而不买秀肌肉吗。恐高,"https://guba.eastmoney.com/news,300218,924098858.html",2020-04-21 14:56:45,托而不买 秀肌肉吗。恐高
买一百股看看怎么样,"https://guba.eastmoney.com/news,300218,924042113.html",2020-04-21 13:22:33,买一百股看看怎么样
安利不破7主力资金是不会回来抄底的。,"https://guba.eastmoney.com/news,300218,924039476.html",2020-04-21 13:18:01,安利不破7主力资金是不会回来抄底的。
我被套四年了，在这四年中最大的感觉就是，这个老庄不容易呀！其实也就是一个韭菜庄，,"https://guba.eastmoney.com/news,300218,924023169.html",2020-04-21 12:25:27,我被套四年了，在这四年中最大的感觉就是，这个老庄不容易呀！其实也就是一个韭菜庄，经常被散户割的韭菜啊！
收盘看能不能站稳7.5,"https://guba.eastmoney.com/news,300218,924024134.html",2020-04-21 12:30:15,收盘看能不能站稳7.5
快砸,"https://guba.eastmoney.com/news,300218,924021676.html",2020-04-21 12:17:22,等，耐心等到7.2。
抓住业绩说明会最好的时机，减仓逃命吧，这可能是今年最后最好的机会了,"https://guba.eastmoney.com/news,300218,923868465.html",2020-04-21 00:56:21,抓住业绩说明会最好的时机，减仓逃命吧，这可能是今年最后最好的机会了
打到7.5收7.57[大笑][大笑],"https://guba.eastmoney.com/news,300218,923984394.html",2020-04-21 10:56:21,打到7.5收7.57
没忍住，回来发个贴，这个股就是8上卖8下买，绝对正确。很恶心！,"https://guba.eastmoney.com/news,300218,923750552.html",2020-04-20 14:58:22,没忍住，回来发个贴，这个股就是8上卖8下买，绝对正确。很恶心！
安利股份:关于举行2019年度网上业绩说明会的公告,"https://guba.eastmoney.com/news,300218,923765049.html",2020-04-20 15:41:39,"公告日期：2020-04-20

证券代码：300218 证券简称：安利股份 公告编号：2020-018
安徽安利材料科技股份有限公司

关于举行 2019 年度网上业绩说明会的公告

本公司及董事会全体成员保证公告内容真实、准确、完整，没有虚假记载、 误导性陈述或重大遗漏。

安徽安利材料科技股份有限公司（以下简称“公司”）已于 2020 年 4 月 17
日在巨潮资讯网披露了《2019 年年度报告》。为便于广大投资者更深入全面地了
解公司经营管理、发展战略、行业前景等情况，公司定于 2020 年 4 月 23 日（星
期四）下午 15:00－17:00 举行 2019 年度业绩说明会，本次业绩说明会将采用网络远程的方式举行，投资者可登陆“全景 路演天下”（http://rs.p5w.net）参与互动交流。

出席本次 2019 年度网上业绩说明会的人员有：公司董事长兼总经理姚和平先生、副总经理兼董事会秘书刘松霞女士、副总经理兼财务总监陈薇薇女士、独立董事李晓玲女士等。

欢迎广大投资者积极参与。

特此公告。

安徽安利材料科技股份有限公司
董事会

二〇二〇年四月二十日


[点击查看PDF原文]
提示：本网不保证其真实性和客观性，一切有关该股的有效信息，以交易所的公告为准，敬请投资者注意风险。"
安利股份2019年度业绩网上说明会,"https://guba.eastmoney.com/news,300218,923781262.html",2020-04-20 16:51:19,安利股份2019年度业绩网上说明会
缩量极阴次阳过半阴。等候跳空倍阳。中大阳。,"https://guba.eastmoney.com/news,300218,923749049.html",2020-04-20 14:55:30,缩量极阴次阳过半阴。等候跳空倍阳。中大阳。
大盘连续涨，这里连续跌。阴气阵阵,"https://guba.eastmoney.com/news,300218,923709135.html",2020-04-20 13:52:39,"大盘连续涨，这里连续跌。
阴气阵阵"
还红盘了,"https://guba.eastmoney.com/news,300218,923737176.html",2020-04-20 14:36:49,还红盘了
会到7块等7块在干,"https://guba.eastmoney.com/news,300218,923735155.html",2020-04-20 14:33:44,会到7块 等7块在干
请问公司目前经营状况是否正常？是否受疫情影响较大？,"https://guba.eastmoney.com/news,300218,924542257.html",2020-04-22 15:14:00,"请问公司目前经营状况是否正常？是否受疫情影响较大？
安利股份
安利股份：您好！目前公司已全面复工，但由于受新冠肺炎疫情全球蔓延的影响，宏观形势严峻复杂，世界经济下行风险加剧，经济衰退趋势明显，对全球企业来说都是一次严峻挑战。面对国外疫情蔓延带来的物流不畅、对外贸易受阻、市场需求不振等严峻困难与巨大挑战，公司将积极调整经营策略，夯实企业管理，加强内部管理变革，加强与客户沟通与联系，努力推进品牌客户合作，做好产品开发与储备，努力减少疫情对公司经营的不利影响。谢谢！
(来自深交所互动易)答复时间 2020-04-22 15:14:00"
7块再干它,"https://guba.eastmoney.com/news,300218,923723425.html",2020-04-20 14:15:41,7块再干它
老庄耍赖了，谁叫你们都叫着七元要买呢！,"https://guba.eastmoney.com/news,300218,923715393.html",2020-04-20 14:02:49,老庄耍赖了，谁叫你们都叫着七元要买呢！
扒着不动了,"https://guba.eastmoney.com/news,300218,923682365.html",2020-04-20 13:06:21,扒着不动了
不错不错今天涨了2分[大笑][大笑][大笑],"https://guba.eastmoney.com/news,300218,923677956.html",2020-04-20 12:46:33,不错不错今天涨了2分
等着大盘跳水你这垃圾杀跌一波再买,"https://guba.eastmoney.com/news,300218,923672163.html",2020-04-20 12:13:29,等着大盘跳水你这垃圾杀跌一波再买
快点跌，我等加码都等好几天了，不来个很的我怎么买，跌这么点我才不会买呢操盘这样墨,"https://guba.eastmoney.com/news,300218,923644108.html",2020-04-20 11:01:35,快点跌，我等加码都等好几天了，不来个很的我怎么买，跌这么点我才不会买呢操盘这样墨迹
极度缩量萎靡。到底了。,"https://guba.eastmoney.com/news,300218,923643642.html",2020-04-20 11:00:58,极度缩量萎靡。到底了。
同大股份每年只有2000多万的研发费用，每个季度还不亏损，贵公司的pu革他们能生,"https://guba.eastmoney.com/news,300218,924542254.html",2020-04-22 15:15:00,"同大股份每年只有2000多万的研发费用，每个季度还不亏损，贵公司的pu革他们能生产外还能生产纤维革，明显比贵公司研发效率高，贵公司是否可以考虑把8000多万的研发费用拿出6000多万来请养猪技术人员，合理利用其它股东说的两个厂区的地方，高技术养猪回报股东？
安利股份
安利股份：您好！公司所属人造革合成革行业为完全开放竞争的行业，是一个快时尚的行业，工艺技术和产品更新速度快，市场竞争激烈。公司始终坚持科技引领，创新驱动的经营理念，注重研发投入，不断提升技术创新能力与产品竞争力，加大与品牌客户合作，促进企业转型升级，增强企业发展后劲。公司是国家科技部认定的“国家重点高新技术企业”，是国家发改委、科技部、财政部、海关总署、国家税务总局等五部委认定的“国家认定企业技术中心”，是国家知识产权局认定的“国家知识产权示范企业”，是“中国轻工业科技百强企业”，拥有“国家级博士后科研工作站”，是目前国内行业拥有专利最多、主持或参与国家和行业标准制定最多的企业。根据同大股份2019年度报告披露的信息，同大股份近三年研发投入占营业收入比例均在5%以上，研发投入占营业收入比例和公司研发投入情况基本相当。谢谢！
(来自深交所互动易)答复时间 2020-04-22 15:15:00"
其实为什么其他都涨，他就不涨，肯定是有原因的，不是市场热点，不受资金待见，最好别,"https://guba.eastmoney.com/news,300218,923617004.html",2020-04-20 10:21:11,其实为什么其他都涨，他就不涨，肯定是有原因的，不是市场热点，不受资金待见，最好别碰
底部可能会远比7.68低吧？,"https://guba.eastmoney.com/news,300218,923031200.html",2020-04-17 09:19:16,拭目以待
地板下面还有地下室还是没跌透啊,"https://guba.eastmoney.com/news,300218,922392779.html",2020-04-15 10:15:29,地板下面还有地下室 还是没跌透啊
打心底里还想你们再卖卖，又可以多赚一些了,"https://guba.eastmoney.com/news,300218,923572489.html",2020-04-20 09:24:31,打心底里还想你们再卖卖，又可以多赚一些了
日布林线己死，午盘冲高回落，站稳918才能看高一线，短期很难站稳[胜利],"https://guba.eastmoney.com/news,300218,920973345.html",2020-04-09 12:42:28,日布林线己死，午盘冲高回落，站稳918才能看高一线，短期很难站稳
6元以下见，别问为什么,"https://guba.eastmoney.com/news,300218,923541845.html",2020-04-20 01:07:39,6元以下见，别问为什么
你妹的，9.05买的，才一周不到成7.6，一周不到亏快2万,"https://guba.eastmoney.com/news,300218,923434682.html",2020-04-18 20:28:13,你妹的，9.05买的，才一周不到成7.6，一周不到亏
庄，你就是个小庄,"https://guba.eastmoney.com/news,300218,923434029.html",2020-04-18 20:19:51,没有个性，操盘水平太臭。不会顺势而为。非的逆势砸盘。等着你砸。且行且珍惜
哎，我8.98卖的套了我3个多月，在里面大家都还好吗？再坚持几天我来救大家。,"https://guba.eastmoney.com/news,300218,923348150.html",2020-04-17 23:43:14,哎，我8.98卖的套了我3个多月，在里面大家都还好吗？再坚持几天我来救大家。
左手倒右手？,"https://guba.eastmoney.com/news,300218,923323589.html",2020-04-17 20:57:55,左手倒右手？
安利股份2019年盈利同比增长逾2倍 拟10派1.2元,"https://guba.eastmoney.com/news,300218,923313140.html",2020-04-17 19:59:57,"来源：中国证券网作者：胡心宇
　　安利股份4月17日披露年报。报告期内，公司实现营业收入16.95亿元，同比增长0.92%；净利润7111.27万元，同比增长208.63%。公司年度拟10派1.2元(含税)。


　　报告期内，公司积极转型升级，加大产品创新和市场开拓力度，优化客户结构和产品结构，高附加值产品比重进一步提升，主营产品平均销售单价较上年同期增长4.70%，毛利率提高1.71%，产品获利能力增强。公司主要原辅材料、能耗价格波动大，公司持续加大原辅材料及能源采购管理，效果较好。


　　公司内抓管理，加强产品优化设计，努力优化配方，积极降低成本费用，提高效率，成本费用控制良好。公司加强产品开发和应用，增强发展后劲，增强未来竞争能力和应变能力，全年研发费用8627.56万元，较上年同期增加420万元。报告期内，公司计入当期损益的政府补助3667.26万元，较上年同期增加604.12万元。


　　公司称，公司坚持以聚氨酯合成革和聚氨酯复合材料为主业，在“专业化、特色化、品牌化、规模化”的发展战略引领下，以“市场导向、敏捷高效、持续创新、追求卓越、团队合作”为核心价值观，始终瞄准全球不断变化的市场和技术发展动态，努力做大、做优、做强，努力打造成为“让员工自豪、受社会尊敬，具有国际竞争力和影响力”的企业，以先进的工艺技术，美好的材料，努力丰富社会需求，造福社会。公司称，公司坚持以聚氨酯合成革和聚氨酯复合材料为主业，在“专业化、特色化、品牌化、规模化”的发展战略引领下，以“市场导向、敏捷高效、持续创新、追求卓越、团队合作”为核心价值观，始终瞄准全球不断变化的市场和技术发展动态，努力做大、做优、做强，努力打造成为“让员工自豪、受社会尊敬，具有国际竞争力和影响力”的企业，以先进的工艺技术，美好的材料，努力丰富社会需求，造福社会。


　　2020年，公司将以经济效益为中心，外抓市场，内抓管理，提质增效，坚持锐意进取、顽强拼搏、奋发有为，坚持“速度与效益统筹、增量与提质统筹、增收与节支统筹、开发与营销统筹、国内市场与国际市场统筹、市场与现场统筹、企业管理与管理企业统筹、内涵提升与外延扩大统筹”；以“产品运营、项目运营”为二大抓手，努力争取实现公司“上质量、上品种、上规模、上效率、上收入、上效益”，不断提高自身生产经营管理能力，做大、做强，在新的起点上再接再厉，再上新台阶，进一步增强企业综合实力，努力打造全球行业领导者地位，为成为全球聚氨酯复合材料最优秀企业愿景继续向前奋斗。
（文章来源：中国证券网）[点击查看原文]
#热点追踪#"
请问截止4月17日，安利股份的公司股东（含合并信用账户）总人数是多少？,"https://guba.eastmoney.com/news,300218,924542253.html",2020-04-22 15:15:00,"请问截止4月17日，安利股份的公司股东（含合并信用账户）总人数是多少？
安利股份
安利股份：您好！中国证券登记结算公司定期向上市公司提供每月10日、20日和最后一个交易日的限定股东名册，公司未收到4月17日的股东名册，故无法告知股东人数。谢谢！
(来自深交所互动易)答复时间 2020-04-22 15:15:00"
不出意外，下周初还得来个下探,"https://guba.eastmoney.com/news,300218,923295142.html",2020-04-17 18:10:06,不出意外，下周初还得来个下探
会有一个杀跌出现,"https://guba.eastmoney.com/news,300218,921953449.html",2020-04-13 20:58:06,会有一个杀跌出现
看这股吧热度，股东户数十天增加了2000多户，还有得跌，慢慢洗吧,"https://guba.eastmoney.com/news,300218,923271713.html",2020-04-17 16:14:53,看这股吧热度，股东户数十天增加了2000多户，还有得跌，慢慢洗吧
删帖，不让发？,"https://guba.eastmoney.com/news,300218,923264472.html",2020-04-17 15:45:35,7.2全仓买进安利。希望庄快砸!
希望安利快点大跌,"https://guba.eastmoney.com/news,300218,923262690.html",2020-04-17 15:38:43,7.2元半仓等买入，庄家别墨迹快点砸到此位。
还好8.4元止损割肉了，这走势有问题，买了汉钟精机赚回来了,"https://guba.eastmoney.com/news,300218,923259446.html",2020-04-17 15:25:59,还好8.4元止损割肉了，这走势有问题，买了汉钟精机赚回来了
董秘您好，公司货币长年躺近3.5亿资金，既不用于回购公司股份也不用于多派发股民分,"https://guba.eastmoney.com/news,300218,924542252.html",2020-04-22 15:16:00,"董秘您好，公司货币长年躺近3.5亿资金，既不用于回购公司股份也不用于多派发股民分红？这样团队让人疑惑，公司旧厂房这么多年过去了，为什么到现在一直没动静，为何不把旧厂房换成现金这样有利于公司发展，又可以更好回报股东。谢谢
安利股份
安利股份：您好！公司重视对投资者的合理、稳定投资回报，坚持积极稳健的利润分配政策。公司2019年度利润分配预案是以公司实际经营情况、未来发展战略、股东即期利益和长远利益为出发点制定的，符合《公司法》、《公司章程》、中国证监会等有关规定，符合公司经营发展实际情况和需要。公司2019年度拟现金分红总额较上年增加976.4415万元，增长60%。公司金寨路老厂区土地目前处于土地资产评估之中，正与政府相关部门联系与洽谈。谢谢！
(来自深交所互动易)答复时间 2020-04-22 15:16:00"
越南开不了工，国内下游需求减弱，港灿还有三千万股减持，安利值六元一股。,"https://guba.eastmoney.com/news,300218,923250875.html",2020-04-17 15:04:21,越南开不了工，国内下游需求减弱，港灿还有三千万股减持，安利值六元一股。
不跌哪里有机会啊，现在是越跌越好,"https://guba.eastmoney.com/news,300218,923245030.html",2020-04-17 14:56:18,不跌哪里有机会啊，现在是越跌越好
一个盈利且干净的壳公司，才这么点价[赚大了],"https://guba.eastmoney.com/news,300218,923236926.html",2020-04-17 14:45:52,一个盈利且干净的壳公司，才这么点价
前天买的套了，今天又加仓，不加仓就是忍不住咋整,"https://guba.eastmoney.com/news,300218,923234930.html",2020-04-17 14:43:21,前天买的套了，今天又加仓，不加仓就是忍不住咋整
好股不回调，回踩这么深肯定不是好股,"https://guba.eastmoney.com/news,300218,923149665.html",2020-04-17 12:15:34,好股不回调，回踩这么深肯定不是好股
300手的压盘，没资金关注。,"https://guba.eastmoney.com/news,300218,923206999.html",2020-04-17 14:09:48,老庄？
要涨就涨要跌就跌，看着心好烦呀,"https://guba.eastmoney.com/news,300218,923168568.html",2020-04-17 13:17:54,要涨就涨要跌就跌，看着心好烦呀
这么用心做盘得是多大一个局啊,"https://guba.eastmoney.com/news,300218,923138206.html",2020-04-17 11:33:41,这么用心做盘得是多大一个局啊
安利股份拟10派1.2元,"https://guba.eastmoney.com/news,300218,923154380.html",2020-04-17 12:39:37,"来源：中国证券网
　　 安利股份4月17日午间披露2019年度利润分配预案，以截至2019年12月31日公司总股本2.17亿股为基数，向全体股东每10股派发现金股利1.2元人民币(含税)，共分配现金股利2603.844万元(含税)。
（文章来源：中国证券网）[点击查看原文]
#热点追踪#"
做好回年线的最坏打算。有资金记得分批买,"https://guba.eastmoney.com/news,300218,921289011.html",2020-04-10 10:56:59,不要一次性买进。
安利股份:关于2019年度利润分配预案的公告,"https://guba.eastmoney.com/news,300218,923142091.html",2020-04-17 11:44:47,"公告日期：2020-04-17

证券代码：300218 证券简称：安利股份 公告编号：2020-017
安徽安利材料科技股份有限公司

关于 2019 年度利润分配预案的公告

本公司及董事会全体成员保证公告内容真实、准确、完整，没有虚假记载、误导 性陈述或重大遗漏。

安徽安利材料科技股份有限公司（以下简称“公司”或“安利股份”）第五届董事会第九次会议审议通过了《关于 2019 年度利润分配预案的议案》，现将有关情况公告如下：

一、2019 年度利润分配预案

根据大华会计师事务所（特殊普通合伙）出具的审计报告（大华审字[2020] 004847
号），公司 2019 年度实现归属于上市公司股东的净利润为 71,112,717.84 元，母公司实现
净利润 69,422,281.92 元。截至 2019 年 12 月 31 日，公司合并报表未分配利润为
381,792,213.81 元，母公司报表未分配利润为 345,164,679.36 元。

根据中国证监会鼓励上市公司现金分红，给予投资者稳定、合理回报的指导意见，在符合利润分配原则、保证公司正常经营和长远发展的前提下，根据《公司法》、证监会《关于进一步落实上市公司现金分红有关事项的通知》、证监会《上市公司监管指引第 3 号—上市公司现金分红》及《公司章程》的相关规定，现拟定如下分配预案：

公司以截止 2019 年 12 月 31 日公司总股本 21,698.7 万股为基数，向全体股东每 10
股派发现金股利 1.2 元人民币（含税），共分配现金股利 2,603.844 万元（含税），剩余未分配利润结转以后年度；本次分配暂不进行资本公积转增股本。

二、独立董事意见

独立董事认为：公司利润分配预案符合公司实际情况，公司最近三年累计现金分红占最近三年实现的年均归属于公司普通股股东的净利润的 163.81%，超过《公司章程》规定的“最近三年以现金方式累计分配的利润不少于最近三年实现的年均可分配利润的百分之三十”要求，符合《公司法》、《公司章程》、中国证监会等有关规定，有利于公
司的正常经营和健康发展。

三、其他说明

1、在该利润分配预案披露前，公司严格控制内幕信息知情人的范围，并对相关内幕信息知情人履行了保密和严禁内幕交易的告知义务。

2、该利润分配预案尚需提交公司 2019 年度股东大会审议，敬请广大投资者谨慎决
策，注意投资风险。

四、备查文件

1、公司第五届董事会第九次会议决议；

2、公司第五届监事会第八次会议决议；

3、公司独立董事关于第五届董事会第九次会议相关事项的独立意见。

特此公告。

安徽安利材料科技股份有限公司
董事会

二〇二〇年四月十七日


[点击查看PDF原文]
提示：本网不保证其真实性和客观性，一切有关该股的有效信息，以交易所的公告为准，敬请投资者注意风险。
展开阅读全文"
等着你继续下行耐心十足[鼓掌],"https://guba.eastmoney.com/news,300218,923112494.html",2020-04-17 10:54:15,等着你 继续下行 耐心十足
半天了我还以为我网掉线了,"https://guba.eastmoney.com/news,300218,923091719.html",2020-04-17 10:28:50,半天了我还以为我网掉线了
今天都走出心电图了。成交量少得可怜。在不啦升。绝对有问题,"https://guba.eastmoney.com/news,300218,923101830.html",2020-04-17 10:41:56,今天都走出心电图了。成交量少得可怜。在不啦升。绝对有问题
问下分红什么时候到账？,"https://guba.eastmoney.com/news,300218,923096490.html",2020-04-17 10:35:25,问下分红什么时候到账？
这样的公司在A股有什么意义？,"https://guba.eastmoney.com/news,300218,923064950.html",2020-04-17 09:59:57,应该尽早退市！
大股东脑子有问题，没概念没题材,"https://guba.eastmoney.com/news,300218,923086685.html",2020-04-17 10:22:49,又不送股，谁会来炒你！
跌到你怀疑人生,"https://guba.eastmoney.com/news,300218,923109754.html",2020-04-17 10:51:46,跌到你怀疑人生
