标题,链接,发布时间,内容
这股历史低点0.39，我软件是不是有问题，如果没问题这股到2块多应该是大概率，业,"https://guba.eastmoney.com/news,600175,619439563.html",2017-03-21 15:15:54,这股历史低点0.39，我软件是不是有问题，如果没问题这股到2块多应该是大概率，业绩太差。每次分红和没分一样
闻掌华，万年楼主，你们对得起支持你们的美都广大股民吗？,"https://guba.eastmoney.com/news,600175,619309895.html",2017-03-21 10:41:28,"闻掌华，万年楼主，你们对得起支持你们的美都广大股民吗？
美都股价走成这个样子，你们还有良心对得起支持你们的美都广大股民吗？"
静等下跌。,"https://guba.eastmoney.com/news,600175,619382113.html",2017-03-21 13:39:23,静等下跌。
美都牌织布机全股市第一,"https://guba.eastmoney.com/news,600175,619373225.html",2017-03-21 13:23:13,美都牌织布机全股市第一
美都牌织布机,"https://guba.eastmoney.com/news,600175,619372344.html",2017-03-21 13:21:42,美都牌织布机
下降通道,"https://guba.eastmoney.com/news,600175,619355866.html",2017-03-21 12:27:19,死
“十三五”地热能重点工程落户京津冀 地热资源,"https://guba.eastmoney.com/news,600175,619350125.html",2017-03-21 11:59:46,兴业投资：Fed鹰语阵阵抬美元 油价冲高回落录阳
600175庄家，你能凶一下吗？,"https://guba.eastmoney.com/news,600175,617792969.html",2017-03-16 10:43:30,怎么看怎么像个太监。大盘怎么涨你都不动。大盘一跌你就下来。什么屁公司。。。。！！！！
走吧没庄了。,"https://guba.eastmoney.com/news,600175,617121897.html",2017-03-14 15:13:48,走吧没庄了。
这垃圾美都天天阴跌没有涨渣股一个,"https://guba.eastmoney.com/news,600175,617457397.html",2017-03-15 13:24:50,这垃圾美都天天阴跌没有涨渣股一个
今天最后一跌,"https://guba.eastmoney.com/news,600175,618956129.html",2017-03-20 13:43:58,今天最后一跌
002832买入肯定涨,"https://guba.eastmoney.com/news,600175,617881495.html",2017-03-16 13:58:57,换
你看，你看回来一看你还是那个逼样，可把看好你,"https://guba.eastmoney.com/news,600175,617634789.html",2017-03-15 20:59:56,你看，你看回来一看你还是那个逼样，可把看好你
走一了,"https://guba.eastmoney.com/news,600175,617786128.html",2017-03-16 10:32:56,走一了
沪股通月内净流入创年内新高 近70亿元资金加码1,"https://guba.eastmoney.com/news,600175,617304113.html",2017-03-15 03:57:01,海绵城市设计及建设第一股！同济科技3月26日公
PP概念龙头预计业绩每股收益1元,"https://guba.eastmoney.com/news,600175,617635122.html",2017-03-15 21:01:08,PP概念龙头预计业绩每股收益1元
更好,"https://guba.eastmoney.com/news,600175,617737301.html",2017-03-16 09:11:15,的隔阂入市
我是太阳,"https://guba.eastmoney.com/news,600175,617742588.html",2017-03-16 09:25:41,这
让,"https://guba.eastmoney.com/news,600175,617742956.html",2017-03-16 09:26:23,中被广泛
*ST吉恩面临暂停上市风险 三年期定增投资者将何,"https://guba.eastmoney.com/news,600175,617943234.html",2017-03-16 15:53:36,南美天气影响弱化
粉红色,"https://guba.eastmoney.com/news,600175,617744542.html",2017-03-16 09:29:35,不知道发回电话
希望是最后一跌,"https://guba.eastmoney.com/news,600175,618044923.html",2017-03-16 21:25:12,希望是最后一跌
怎么不跌破10块呢？等着进呢！,"https://guba.eastmoney.com/news,600175,618045580.html",2017-03-16 21:27:03,怎么不跌破10块呢？等着进呢！
卖出也是要,"https://guba.eastmoney.com/news,600175,618046258.html",2017-03-16 21:29:22,卖出也是要
银行股的心电图走势啊,"https://guba.eastmoney.com/news,600175,618046149.html",2017-03-16 21:28:44,银行股的心电图走势啊
为什么要,"https://guba.eastmoney.com/news,600175,618047095.html",2017-03-16 21:31:44,为什么要
美都，你的美油挣了多少？,"https://guba.eastmoney.com/news,600175,618207688.html",2017-03-17 10:56:44,美都，你的美油挣了多少？
等着进呢！,"https://guba.eastmoney.com/news,600175,618047064.html",2017-03-16 21:31:58,等着进呢！
票今天领涨大盘,"https://guba.eastmoney.com/news,600175,618045295.html",2017-03-16 21:25:40,票今天领涨大盘
半是对到交易,"https://guba.eastmoney.com/news,600175,618045245.html",2017-03-16 21:26:18,半是对到交易
停，拭目以待。,"https://guba.eastmoney.com/news,600175,618045192.html",2017-03-16 21:26:05,停，拭目以待。
数据都在那里,"https://guba.eastmoney.com/news,600175,618045748.html",2017-03-16 21:27:25,数据都在那里
斗，散户遭殃。,"https://guba.eastmoney.com/news,600175,618047633.html",2017-03-16 21:33:32,斗，散户遭殃。
季报公布了再来。,"https://guba.eastmoney.com/news,600175,618046089.html",2017-03-16 21:28:44,季报公布了再来。
主力大哥，吃啥了,"https://guba.eastmoney.com/news,600175,618045984.html",2017-03-16 21:27:53,主力大哥，吃啥了
我全部割肉,"https://guba.eastmoney.com/news,600175,618046418.html",2017-03-16 21:29:31,我全部割肉
最近利好消息占据多头吗，行情看涨看跌哦？？？,"https://guba.eastmoney.com/news,600175,618592494.html",2017-03-18 15:23:59,越是没有成交量，越是要炒小盘股。。
一天交易一次，一年只能交易250次的T+1是强行拖,"https://guba.eastmoney.com/news,600175,618674441.html",2017-03-19 06:13:52,万能险突发消息打压，不排除借机吸筹，两市低开
舒尔茨认为，这种投资只需简单做好一件事情，那就是简化投资工具。,"https://guba.eastmoney.com/news,600175,618793458.html",2017-03-20 00:29:17,舒尔茨认为，这种投资只需简单做好一件事情，那就是简化投资工具。
"其意图无非是,进入上升阶段后不断拉高股价以完成做庄目标","https://guba.eastmoney.com/news,600175,618792723.html",2017-03-20 00:21:41,"其意图无非是,进入上升阶段后不断拉高股价以完成做庄目标"
准备1000万元才敢生二孩 中国人幸福吗？,"https://guba.eastmoney.com/news,600175,618443505.html",2017-03-17 21:32:08,三亚加码楼市调控：第三套房及以上商业贷款停贷
美都你的美油,"https://guba.eastmoney.com/news,600175,618173021.html",2017-03-17 10:04:15,美都你的美油
哦，这个图形很凶险。每次冲高上引线都是吊索，杀人线，往下则是无底洞，无底洞出不了,"https://guba.eastmoney.com/news,600175,618923754.html",2017-03-20 12:16:12,哦，这个图形很凶险。每次冲高上引线都是吊索，杀人线，往下则是无底洞，无底洞出不了货才会有吊索形态。
特别是对那些三无题材类个股,"https://guba.eastmoney.com/news,600175,618811180.html",2017-03-20 06:34:32,明日未必还能够继续大涨
，究其失败之根源，就是连一些基础的实战操盘知识的都没有，怎么盈利？,"https://guba.eastmoney.com/news,600175,619048038.html",2017-03-20 17:02:11,，究其失败之根源，就是连一些基础的实战操盘知识的都没有，怎么盈利？
散户投资者，为何屡战不胜，反复的追涨杀跌，,"https://guba.eastmoney.com/news,600175,619047976.html",2017-03-20 17:02:18,散户投资者，为何屡战不胜，反复的追涨杀跌，
到4.50圆能买吗,"https://guba.eastmoney.com/news,600175,618950260.html",2017-03-20 13:34:32,不能
超级主力必抢牛股*惊天低价低估酒钢宏兴,"https://guba.eastmoney.com/news,600175,619053882.html",2017-03-20 17:18:54,每年必炒的ST概念 把握地位上车良机
九好集团出事三家机构踩雷 哪些新三板企业又躺,"https://guba.eastmoney.com/news,600175,619096425.html",2017-03-20 19:36:50,房贷月供利息或被纳入个税改革专项扣除
600175:美都能源有关媒体报道的澄清公告,"https://guba.eastmoney.com/news,600175,617534300.html",2017-03-15 15:40:52,"公告日期：2017-03-16
证券代码：600175 证券简称：美都能源 公告编号：2017-009



债券代码：122408 债券简称：15美都债



美都能源股份有限公司



有关媒体报道的澄清公告



本公司董事会及全体董事保证本公告内容不存在任何虚假记载、误导性陈述或者重大遗漏,并对其内容的真实性、准确性和完整性承担个别及连带责任。



一、媒体报道简述



近日有关媒体以《“大忽悠”九好集团幕后牵出美都能源子公司》、《美都能源卷入九好造假风波回应称“安排”是中性词》等为标题，报道提及“九好集团的大规模、系统性造假竟然还牵涉到美都能源子公司——杭州鑫合汇互联网金融服务有限公司。”等内容。



二、澄清声明



公司就相关媒体报道内容进行了核实，现澄清说明如下：



（一）2016年12月4日，公司下属子公司美都金控与杭州鑫合汇互联网金融服务有限公司（以下简称“鑫合汇”）的原股东各方以及鑫合汇管理团队及其实际控制人，签署了《关于杭州鑫合汇互联网金融服务有限公司之股权收购及增资协议书》：先由美都金控向鑫合汇增资取得6%的股权，增资完成后由原股东向美都金控转让其持有的鑫合汇28%的股权，增资转让完成后，美都金控将持有鑫合汇34%的股份，成为其第二大股东。此事项已经公司2016年12月20日召开的公司2016年第三次临时股东大会审议通过。2016年12月26日，鑫合汇已完成增资及股权转让后的工商变更事项。



按照《企业会计准则第2号——长期股权投资》规定，公司持有鑫合汇34%的股权，鑫合汇是公司的联营企业。鉴于鑫合汇工商变更事项于2016年底才完成，公司将从2017年1月1日起，对联营企业鑫合汇计算投资收益。



本次媒体报道所涉及事项，均发生在公司收购鑫合汇股权之前，因此对上市公司不构成影响。



(二)2015年9月，九好集团向鑫合汇申请15000万借款，用于向兴业银行



杭州分行购买结构性存款，借款申请中说明的还款来源为杭州煊隼贸易有限公司银行承兑汇票贴现回款。业务交易结构为九好集团存款为杭州煊隼贸易有限公司开立全额银行承兑汇票做质押担保，兴业银行杭州分行开立银承，杭州煊隼贸易有限公司将银承贴现后，贴现款作为鑫合汇还款来源。该业务前后共操作两次，当月已全部结清。截止目前，鑫合汇和九好集团之间没有任何业务。



本公司董事会郑重提醒广大投资者：《中国证券报》、《上海证券报》为本公司指定信息披露报刊，本公司发布的信息以在上述指定报刊和上海证券交易所网站（http://www.sse.com.cn）刊登的公告为准，敬请广大投资者理性投资，注意风险！



特此公告。



美都能源股份有限公司



董事会



2017年3月16日




[点击查看PDF原文]
提示：本网不保证其真实性和客观性，一切有关该股的有效信息，以交易所的公告为准，敬请投资者注意风险。
展开阅读全文"
让他织布，我们裁边，控制在3分以内，超过5分坚决裁边，,"https://guba.eastmoney.com/news,600175,614670953.html",2017-03-07 09:38:27,让他织布，我们裁边，控制在3分以内，超过5分坚决裁边，
中金所2月共处理82起异常交易行为,"https://guba.eastmoney.com/news,600175,619066560.html",2017-03-20 17:53:50,海航系险企背后的股东谜团
很多朋友都喜欢做短线，其实，做短线难度极大，风,"https://guba.eastmoney.com/news,600175,619048162.html",2017-03-20 17:02:04,很多朋友都喜欢做短线，其实，做短线难度极大，风
在任何时间，都不买在高位的股票，此为铁律！,"https://guba.eastmoney.com/news,600175,619048271.html",2017-03-20 17:01:45,在任何时间，都不买在高位的股票，此为铁律！
，陷入无休止的恶性循环，最终心灰意冷，,"https://guba.eastmoney.com/news,600175,619048000.html",2017-03-20 17:01:41,，陷入无休止的恶性循环，最终心灰意冷，
砸的狠一点，最好到4.81附近。,"https://guba.eastmoney.com/news,600175,618964750.html",2017-03-20 13:59:00,砸的狠一点，最好到4.81附近。
资本市场就跟穿这个项链是一样的，,"https://guba.eastmoney.com/news,600175,618822926.html",2017-03-20 08:39:14,要有好的珍珠，那就是高质量的上市公司，珍珠数量要够，那就是上市公司的数量还要增加。
IPO提速是去年下半年以来股市面临的最实际的问题。,"https://guba.eastmoney.com/news,600175,618822591.html",2017-03-20 08:36:51,从每个星期的交易日间隔发新股，到后来的每个交易日都发行新股，直至后来“极端”的“一日三发”，让投资者真切地感受到了IPO提速的“滋味”。当然，背后则是以股指的下跌调整作为代价的。
整合看法。,"https://guba.eastmoney.com/news,600175,618045457.html",2017-03-16 21:26:42,整合看法。
花了上百亿挖石油，一个季度石油收入才2亿，且还是石油期货所得，石油呢？,"https://guba.eastmoney.com/news,600175,617483672.html",2017-03-15 14:07:43,花了上百亿挖石油，一个季度石油收入才2亿，且还是石油期货所得，石油呢？
格力电器会成为,"https://guba.eastmoney.com/news,600175,618900603.html",2017-03-20 11:15:44,深股通第一套
今天准备满仓美美，谢谢小庄！,"https://guba.eastmoney.com/news,600175,618844337.html",2017-03-20 09:42:53,今天准备满仓美美，谢谢小庄！
下午两,"https://guba.eastmoney.com/news,600175,618736643.html",2017-03-19 17:09:35,点的时候
导致实体企业轻视主业甚至荒废主业的状况发生,"https://guba.eastmoney.com/news,600175,618820326.html",2017-03-20 08:21:00,规定上市公司每年高送转股的比例不得超过公司业绩增长的幅度
秃鹫投资就是应美国那种环境而生。,"https://guba.eastmoney.com/news,600175,618793333.html",2017-03-20 00:27:01,秃鹫投资就是应美国那种环境而生。
但也会给企业带来很大的麻烦。衍生品和结构性产品比那些较单纯的产品更难估值。,"https://guba.eastmoney.com/news,600175,618793785.html",2017-03-20 00:33:22,但也会给企业带来很大的麻烦。衍生品和结构性产品比那些较单纯的产品更难估值。
所谓的秃鹫投资者，就是专门处理有问题的或者即将垂死企业的证券,"https://guba.eastmoney.com/news,600175,618793134.html",2017-03-20 00:26:08,所谓的秃鹫投资者，就是专门处理有问题的或者即将垂死企业的证券
市场一般早在法庭对其法律责任做出明确的裁决之前，就已经抛弃了它。,"https://guba.eastmoney.com/news,600175,618794234.html",2017-03-20 00:38:42,市场一般早在法庭对其法律责任做出明确的裁决之前，就已经抛弃了它。
必须是股价处于低价区间的。不用问了我来告诉你为什么！,"https://guba.eastmoney.com/news,600175,618792884.html",2017-03-20 00:23:18,必须是股价处于低价区间的。不用问了我来告诉你为什么！
我从7.99开始盯，到现在，你才4.89，失望失望。不过一点一点买入建仓不错。,"https://guba.eastmoney.com/news,600175,618792668.html",2017-03-20 00:20:33,我从7.99开始盯，到现在，你才4.89，失望失望。不过一点一点买入建仓不错。
就是背后存在着利益关系,"https://guba.eastmoney.com/news,600175,618601594.html",2017-03-18 16:13:13,原则上不支持亏损或业绩大幅下滑公司高送转
今天抗跌,"https://guba.eastmoney.com/news,600175,618402754.html",2017-03-17 18:59:02,今天抗跌
则高送转就会成为业绩高成长公司的专利,"https://guba.eastmoney.com/news,600175,618498558.html",2017-03-18 04:11:10,如果不采取有效措施
乐视网将对野马财经采取追究经济和法律责任,"https://guba.eastmoney.com/news,600175,617711762.html",2017-03-16 06:42:49,现在这家媒体又来美都能源搅混水了 纯炒作吧 毋庸置疑 美都要火一把了
操盘猥琐的小庄[亏大了],"https://guba.eastmoney.com/news,600175,618278621.html",2017-03-17 13:47:44,操盘猥琐的小庄
这垃圾天天一分钱玩一天,"https://guba.eastmoney.com/news,600175,618181490.html",2017-03-17 10:17:38,这垃圾天天一分钱玩一天
石墨烯中科院石墨烯基超级电容器研究获突破,"https://guba.eastmoney.com/news,600175,617974002.html",2017-03-16 17:20:05,"中科院石墨烯基超级电容器研究获突破
2017年03月16日13:33 中国证券网 0
微博

QQ空间
添加喜爱
　　中国证券网讯 3月16日从中科院获悉，近日，中国科学院合肥物质科学研究院等离子体物理研究所博士王奇和南京师范大学教授韩敏课题组合作，在高性能杂原子掺杂石墨烯基纳米结构的规模化制备及其在柔性全固态超级电容器应用方面取得新进展。部分研究成果已在线发表于国际期刊Small上，并被选为该杂志的Inside Front Cover。

　　为满足人们对柔性可穿戴电子产品日益增长的需求，迫切需要发展柔性全固态功率源或能量储存装置。要想实现这一目的，关键在于设计开发出兼具优异储能和机械性质的电极材料。杂原子掺杂石墨烯以及2D层状金属硫化物(LMCs)纳米结构的出现，为高性能电极材料的设计带来了新的契机，但其储能性能(能量密度、循环稳定性等)尚需进一步提高。能否将上述两类材料有效“联姻”或耦合，从而发展出高性能的电极材料，至今仍是材料科学和化学领域极具挑战性的课题。


　　针对上述问题，王奇和韩敏课题组开展了合作研究，利用可控热转换油胺包裹的SnS2-SnS混相纳米盘前驱物的策略，巧妙地将有机分子的碳化、掺杂、相转换和自组装等重要的物理化学过程集成于一体，首次成功实现了硫掺杂石墨烯(S-G)和SnS杂化纳米片的原位合成与组装，得到了新颖的3D多孔SnS/S-G 杂化纳米建筑(HNAs，如图1所示)。相比传统合成策略，该方法具有简单高效、重现性好、可规模化制备等优点，为延伸和拓展掺杂石墨烯材料在清洁能源、光电和传感等重要技术领域的应用奠定了基础。在三电极体系中以KOH溶液作为电解液，所得3D石墨烯复合材料质量比电容高达642 F g-1 (电流密度为1 A g-1)，远高于近来报道的石墨烯复合物和其他电活性材料(如体相和纳米级的SnS及其复合物、G-Mn3O4纳米棒、G-CoS2、2D CoS1.07/N- C纳米杂化体等)。"
高中材打压巨石的逻,"https://guba.eastmoney.com/news,600175,618046665.html",2017-03-16 21:30:27,高中材打压巨石的逻
现在的价格相当,"https://guba.eastmoney.com/news,600175,618046347.html",2017-03-16 21:28:55,现在的价格相当
害死我了,"https://guba.eastmoney.com/news,600175,618046193.html",2017-03-16 21:28:54,害死我了
一天净买5千多万啊,"https://guba.eastmoney.com/news,600175,618046295.html",2017-03-16 21:28:32,一天净买5千多万啊
它越跌，出货,"https://guba.eastmoney.com/news,600175,618045938.html",2017-03-16 21:28:19,它越跌，出货
10元50手，睡觉。,"https://guba.eastmoney.com/news,600175,618045889.html",2017-03-16 21:28:05,10元50手，睡觉。
看看中国房地产股票保利集团,"https://guba.eastmoney.com/news,600175,618045847.html",2017-03-16 21:27:50,看看中国房地产股票保利集团
世界第一的玻纤企业，拿好了,"https://guba.eastmoney.com/news,600175,618046044.html",2017-03-16 21:27:48,世界第一的玻纤企业，拿好了
怎么不跌破10块呢？等着进呢！,"https://guba.eastmoney.com/news,600175,618045702.html",2017-03-16 21:27:01,怎么不跌破10块呢？等着进呢！
如果想在低位收集筹码，放任流言多好，为什么要澄清呢？就是货出不掉了，稳定军心而已,"https://guba.eastmoney.com/news,600175,617818878.html",2017-03-16 11:24:25,"如果想在低位收集筹码，放任流言多好，为什么要澄清呢？就是货出不掉了，稳定军心而已，看走势一步一个台阶向下走，老乡别跑，先站一个月岗再说…
呵呵，继续看空，任你吹上天，股价在那摆着，吸筹是上升的，好好想想吧，半山腰的风冷着哩"
想吸筹会公告澄清吗?,"https://guba.eastmoney.com/news,600175,617958931.html",2017-03-16 16:36:39,想吸筹会公告澄清吗?
我25万股5.03卖了18万股.换了次新股.赚了8万.美都亏17万还亏9万,"https://guba.eastmoney.com/news,600175,617815500.html",2017-03-16 11:18:49,垃圾
嘛把子，两分钱折腾一 天了。早点破产得了,"https://guba.eastmoney.com/news,600175,617891404.html",2017-03-16 14:14:16,嘛把子，两分钱折腾一 天了。早点破产得了
对投资各方持仓成本分析,"https://guba.eastmoney.com/news,600175,617690980.html",2017-03-16 01:25:10,指数上了10日均线
自被紫光举牌后，新华系亦介入抱团作战！既有明,"https://guba.eastmoney.com/news,600175,617512831.html",2017-03-15 14:55:00,我的持股--发现全年可长线的大牛股爆发发发发发
假如今天跌20点.600175会怎样,"https://guba.eastmoney.com/news,600175,617887451.html",2017-03-16 14:08:16,跌0.15
真够垃圾的,"https://guba.eastmoney.com/news,600175,617876487.html",2017-03-16 13:52:09,真够垃圾的
清仓,"https://guba.eastmoney.com/news,600175,617878786.html",2017-03-16 13:55:48,拿了将近2年，决定清仓这个股票了！
全国股民的资金都在买次新股了,"https://guba.eastmoney.com/news,600175,617859456.html",2017-03-16 13:25:20,傻逼还买600175
大家还记得隐身玩股票吹牛大狗比吗？这些天了图还不出来啊，你不是卖了，买回来嗮出来,"https://guba.eastmoney.com/news,600175,617606834.html",2017-03-15 19:33:09,大家还记得隐身玩股票吹牛大狗比吗？这些天了图还不出来啊，你不是卖了，买回来嗮出来啊二逼
报废了.,"https://guba.eastmoney.com/news,600175,617809619.html",2017-03-16 11:09:43,4月底5圆都不会到
美都能源澄清：九好集团“造假风波”对公司不构成影响,"https://guba.eastmoney.com/news,600175,617542711.html",2017-03-15 16:03:24,"来源：证券时报网
　　美都能源(600175)3月15日晚发布澄清公告称，近日有关媒体以《“大忽悠”九好集团幕后牵出美都能源子公司》、《美都能源卷入九好造假风波回应称“安排”是中性词》等为标题，报道提及“九好集团的大规模、系统性造假竟然还牵涉到美都能源子公司——鑫合汇互。”等内容。本次媒体报道所涉及事项，均发生在公司收购鑫合汇股权之前，因此对上市公司不构成影响。截止目前，鑫合汇和九好集团之间没有任何业务。
（来源：证券时报网 2017-03-15 16:00）[点击查看原文]"
在这价位再不买是傻子，小庄已经技穷（又把闻老板得罪了），小心闻老板出大招，废了小,"https://guba.eastmoney.com/news,600175,617768688.html",2017-03-16 10:06:49,在这价位再不买是傻子，小庄已经技穷（又把闻老板得罪了），小心闻老板出大招，废了小庄你。
傻死了,"https://guba.eastmoney.com/news,600175,617768835.html",2017-03-16 10:07:00,受伤
对美都澄清公告的解析,"https://guba.eastmoney.com/news,600175,617725562.html",2017-03-16 08:29:55,美都能源一则澄清公告等于证实了传闻。虽然子公司的行为是在美都收购之前，但是子公司的行为如果被调查势必牵扯到母公司。子公司过去的债不论多久都是要还的，所以这则传闻对美都能源无论如何都是大利空，谁知道会否牵扯出其他事情。看错了就要自己认输 持股美都能源一年， 成本价5.45元 ，现在不知何去何从？
美都能源澄清 子公司现与九好集团无任何业务,"https://guba.eastmoney.com/news,600175,617693632.html",2017-03-16 01:59:41,"来源：证券日报
　　近日有媒体报道美都能源子公司杭州鑫合汇互联网金融服务有限公司(以下简称“鑫合汇”)卷入浙江九好集团造假案一事。3月15日，美都能源紧急发布澄清公告称，媒体报道所涉及事项均发生在公司收购鑫合汇股权之前，因此对上市公司不构成影响。目前，公司子公司鑫合汇和九好集团之间没有任何业务。
　　美都能源在澄清公告中解释，2015年9月份，九好集团向鑫合汇申请15000万借款，用于向兴业银行杭州分行购买结构性存款，借款申请中说明的还款来源为杭州煊隼贸易有限公司银行承兑汇票贴现回款。业务交易结构为九好集团存款为杭州煊隼贸易有限公司开立全额银行承兑汇票做质押担保，兴业银行杭州分行开立银承，杭州煊隼贸易有限公司将银承贴现后，贴现款作为鑫合汇还款来源。该业务前后共操作两次，当月已全部结清。“截至目前，鑫合汇和九好集团之间没有任何业务”。
　　“本次媒体报道所涉及事项，均发生在公司收购鑫合汇股权之前，因此对上市公司不构成影响。”美都能源表示。
　　据美都能源发布的公告，2016年12月4日，公司下属子公司美都金控与鑫合汇的原股东各方以及鑫合汇管理团队及其实际控制人，签署了《关于杭州鑫合汇互联网金融服务有限公司之股权收购及增资协议书》：先由美都金控向鑫合汇增资取得6%的股权，增资完成后由原股东向美都金控转让其持有的鑫合汇28%的股权，增资转让完成后，美都金控将持有鑫合汇34%的股份，成为其第二大股东。
　　据美都能源彼时发布的公告，鑫合汇100%股权价值为人民币21.3亿元，交易各方经协商一致同意鑫合汇100%股权价值确定为21亿元。美都金控向鑫合汇增资金额为12600万元，另外，美都金控向中新力合控股、嘉善盛泰、支集控股购买鑫合汇28%股权的价格确定人民币5.88亿元。
　　据了解，2016年12月26日，鑫合汇已完成增资及股权转让后的工商变更事项。按照相关规定，美都能源持有鑫合汇34%的股权，鑫合汇是公司的联营企业。鉴于鑫合汇工商变更事项于2016年底才完成，美都能源从2017年1月1日起，对联营企业鑫合汇计算投资收益。
（来源：证券日报 2017-03-16 01:55）[点击查看原文]"
看来都没有主力军[大便][大便][大便][大便],"https://guba.eastmoney.com/news,600175,591030355.html",2017-01-18 13:31:27,看来都没有主力军[大便][大便][大便][大便]
最后一秒最后一单怎么回事,"https://guba.eastmoney.com/news,600175,591132997.html",2017-01-18 15:07:49,494成交。明天低点买回
香港传出利好本月公布深港通，当心跌进空头陷阱,"https://guba.eastmoney.com/news,600175,591173139.html",2017-01-18 15:52:53,市场惊现恶意做空，A股三年不翻身！
还好上证只跌6个点。,"https://guba.eastmoney.com/news,600175,588975860.html",2017-01-16 20:20:03,还好上证只跌6个点。
和合谷,"https://guba.eastmoney.com/news,600175,617743426.html",2017-03-16 09:26:50,不知羞耻的高点
今日英擎投资带来新股申购,"https://guba.eastmoney.com/news,600175,617742095.html",2017-03-16 09:24:22,好惊险人同疆人
是VB给对方和,"https://guba.eastmoney.com/news,600175,617741617.html",2017-03-16 09:23:16,二十四入市
别被“忽悠”！,"https://guba.eastmoney.com/news,600175,584472737.html",2017-01-02 07:31:51,"吧里总有“忽悠”散户跟风的。....

什么出季报呀？

什么要有利好呀？

什么好消息要发布？

都是庄家雇佣的吹鼓手在“忽悠”！！

别上当！

为什么，总是有二货信以为真！看来，套的还不够深！哈哈...

题材，是用来炒作的借口。都是为了高位兑现地。

就这业绩，就是垃圾股！你抱着，其结果，只能是深度套牢！~！[大便][好逊]"
七家拟受让企业是：中核、中航、中国北方工业公,"https://guba.eastmoney.com/news,600175,617635992.html",2017-03-15 21:03:52,七家拟受让企业是：中核、中航、中国北方工业公
国家能源电站空冷系统研发中心 国家能源电站空,"https://guba.eastmoney.com/news,600175,617635805.html",2017-03-15 21:03:15,国家能源电站空冷系统研发中心 国家能源电站空
七家拟受让企业是：中核、中航、中国北方工业公,"https://guba.eastmoney.com/news,600175,617635544.html",2017-03-15 21:02:32,七家拟受让企业是：中核、中航、中国北方工业公
此股已逐渐形成尖顶老鸭头，后市可期，一波行情,"https://guba.eastmoney.com/news,600175,617635341.html",2017-03-15 21:01:24,此股已逐渐形成尖顶老鸭头，后市可期，一波行情
美都能源澄清卷入九好造假风波,"https://guba.eastmoney.com/news,600175,617547595.html",2017-03-15 16:17:24,"来源：中国证券网
　　美都能源15日晚间公告，近日有关媒体以《“大忽悠”九好集团幕后牵出美都能源子公司》、《美都能源卷入九好造假风波回应称“安排”是中性词》等为标题，报道提及“九好集团的大规模、系统性造假竟然还牵涉到美都能源子公司——杭州鑫合汇互联网金融服务有限公司。”等内容。
　　对此，公司澄清，本次媒体报道所涉及事项，均发生在公司收购鑫合汇股权之前，因此对上市公司不构成影响。截止目前，鑫合汇和九好集团之间没有任何业务。
（来源：中国证券网 2017-03-15 16:15）[点击查看原文]"
做175也很简单,"https://guba.eastmoney.com/news,600175,617390001.html",2017-03-15 10:38:36,什么时候原油启动了，到60以上，就好死拿175了，现还不是时候，票是长线票，要不就一直持有不看它，以后一定会上的
艾，这是明的打闻老板的脸,"https://guba.eastmoney.com/news,600175,617486040.html",2017-03-15 14:11:56,艾，这是明的打闻老板的脸
当然有各种形形色色的事情在发生,"https://guba.eastmoney.com/news,600175,617440164.html",2017-03-15 12:34:58,这样作为格力电器的董事长董明珠来说就不用为
静等小庄继续砸盘，满仓美美[胜利],"https://guba.eastmoney.com/news,600175,617350579.html",2017-03-15 09:34:46,静等小庄继续砸盘，满仓美美
求高手算一下,"https://guba.eastmoney.com/news,600175,617123562.html",2017-03-14 15:17:38,请求高手查资料计算一下，股价跌到什么位置大股东会爆仓。谢谢[拜神[微笑]
美都能源卷入九好造假风波 回应称“安排”是中性词,"https://guba.eastmoney.com/news,600175,617306251.html",2017-03-15 04:28:39,"来源：证券时报
　　“忽悠式重组”第一单曝光后，“大忽悠”九好集团及其“合作伙伴”，也引起了外界广泛关注。在这场社会大拷问中，美都能源(600175)子公司，也卷入其中。
　　3月14日一大早，美都能源董秘王勤在上班的路上，就接到了上交所电话，询问其子公司杭州鑫合汇互联网金融服务有限公司与九好集团的相关事项。不过，问询的电话远没结束。“今天(14日)上午，陆陆续续接到很多的投资者打电话过来，都在问这事。”王勤如是表示。
　　美都能源到底摊上什么大事情了？根据证监会下发给鞍重股份(002667)的《行政处罚事先告知书》，2015年9月22日，九好集团在鑫合汇的安排下，向宁波盈祥投资管理合伙企业(有限合伙)借款1.5亿元转入九好集团兴业银行账户当日，九好集团把1.5亿元活期存款转化为半年期定期存单，并以该存单为质押物与兴业银行杭州分行签订质押合同，为杭州煊隼贸易有限公司当日开具的1.5亿元银行承兑汇票提供担保，兴业银行当日将该存单入库保管。当日，该票据贴现后资金还回宁波盈祥。2015年9月23日，九好集团再次重复上述过程。
　　对此，王勤对证券时报记者表示，“经向鑫合汇负责人咨询，在这笔1.5亿元借贷业务发生前，九好集团与鑫合汇就有业务往来，在这笔业务发生时，鑫合汇做了一些简单的尽职调查，所以这笔资金的用途去向，鑫合汇也没有管，因为对于鑫合汇来说，这就是纯粹的业务往来。”
　　据证监会稽查部调查，“2013年至2015年，九好集团为实现重组上市目的，有组织、有预谋地进行了大规模、系统性财务造假，通过虚构业务、虚设客户、虚签合同、虚减成本、虚构存款等手段达到虚增收入、利润的目的”。如此一来，九好集团与鑫合汇的业务往来，不得不让人遐想。更有业内人士指出，与其说是九好集团的合作方是受害者，不如说是他们在组团忽悠。
　　“我的理解，安排是中性词，可能大家理解的角度不同。”王勤表示，证监会曾到鑫合汇调查取证，鑫合汇也积极配合此次调查，并提供了一些资料，做了情况说明。后来，证监会也没有对鑫合汇做出过任何处罚。
　　同时，王勤还透露，2016年的2月底，九好集团就与鑫合汇完全结束了业务关系。美都能源是2016年12月底才完成对鑫合汇并购，并入上市公司报表则要从2017年开始，因此上市公司不会因此造成损失。
　　不知是口误还是因为其他原因，《行政处罚事先告知书》披露的情况与王勤说法略显不同。据证监会调查，2016年3月，九好集团3亿元银行存单到期后，被兴业银行直接解付承兑汇票。九好集团随即再次采用上述操作方式形成3亿元银行存款。
　　与此同时，3月13日，鑫合汇有关人士还主动以九好集团为例，向记者讲述了双方合作及其他事项。当记者问及目前鑫合汇与九好集团业务量时，上述人士的回复是“具体数据不清楚，那是资金端的事情，我们这边不太了解。”
　　不过，资深证券律师、上海严义明律师事务所严义明律师则认为，“通过”和“安排”这两个词，是说明配合九好集团造假介入的程度是不一样的。“‘通过’的意思，是说帮忙造假，别人只是配合一下。而‘安排’的意思则是，不光是借助鑫合汇的平台用一下的问题，而且具体介入很多的操作。”严义明律师打比方说，“‘安排’就是你叫我做一件事，我配合你做，但不光是我一个人就可以做到的，那样的话只要‘通过’我就行了，我还要叫其他人来配合，那就是我来‘安排’了。”
（来源：证券时报 2017-03-15 04:25）[点击查看原文]"
干脆退市了，天天当织布鸡,"https://guba.eastmoney.com/news,600175,617383815.html",2017-03-15 10:29:17,干脆退市了，天天当织布鸡
“大忽悠”九好集团幕后牵出美都能源子公司,"https://guba.eastmoney.com/news,600175,616912275.html",2017-03-14 03:56:18,"来源：证券时报
　　“忽悠式重组”第一案已经水落石出。随着案件的披露，被证监会点名的九好集团，成了股民心中不折不扣的“大忽悠”。“有组织、有预谋”地进行了大规模、系统性财务造假令人震惊。证券时报记者发现，九好集团的大规模、系统性造假竟然还牵涉到美都能源(600175)子公司——杭州鑫合汇互联网金融服务有限公司，而这位帮凶，不久前刚刚被美都能源以7.1亿元收入麾下。
　　“大忽悠”幕后黑手
　　据证监会稽查部调查，2013年至2015年，九好集团为实现重组上市目的，有组织、有预谋地进行了大规模、系统性财务造假，通过虚构业务、虚设客户、虚签合同、虚减成本、虚构存款等手段达到虚增收入、利润的目的。
　　从证监会辽宁局下发给鞍重股份(002667)《行政处罚事先告知书》来看，九好集团的“合作伙伴”显得尤为抢眼。2015年9月22日，九好集团在杭州鑫合汇互联网金融服务有限公司(以下简称鑫合汇)的安排下，向宁波盈祥投资管理合伙企业(有限合伙)借款1.5亿元转入九好集团兴业银行账户当日，九好集团把1.5亿元活期存款转化为半年期定期存单(期限为2015年9月22日~2016年3月21日)，并以该存单为质押物与兴业银行杭州分行签订质押合同，为杭州煊隼贸易有限公司。当日开具的1.5亿元银行承兑汇票提供担保，兴业银行当日将该存单入库保管。当日，该票据贴现后资金还回宁波盈祥。2015年9月23日，2016年3月，九好集团又采用同样的方式，再次重复操作。
　　如果说九好集团重组借壳鞍重股份是“忽悠式重组”，那么在这次重组过程中，鑫合汇就是“大忽悠”的帮凶。作为互联网金融公司，鑫合汇在上述操作中，自然不是免费劳务。而且《行政处罚事先告知书》中措词是“安排”。二者的关系，可想而知。
　　鑫合汇是谁？从股权结构来看，目前，美都能源(600175)系该公司第二大股东，持股比例为34%。3月13日，证券时报记者在九好集团总部所占地的同一个地段，找到了鑫合汇。二者的直线距离不足500米。从直观感受来说，鑫合汇与一般互联网公司没有太大区别，面积不大的办公大厅里，坐着几十号工作人员，看上去显得有点拥挤。
　　不过，鑫合汇的对外宣传却不简单，该公司主要提供互联网金融信息平台及撮合业务，自2014年成立以来，鑫合汇基于对过桥金融业务的深度了解，以资金过桥业务为突破口，成为国内规模最大的专业短期理财平台之一。
　　据公告，目前，鑫合汇已形成了银证金融、保证金、证券价值三大系列近20款产品，累计助力5000多家优质小微企业，在江、浙、沪、鲁、粤等28个城市设立了分公司或办事处，累计提供700亿元资金。资金平台方面，经过2年多的发展，鑫合汇2016年连续实现交易额300亿元、400亿元、500亿元的突破，目前累计注册用户超过550万人，累计投资人数超过34.6万人。
　　实际上，鑫合汇的经营模式，与九好集团颇为相似，都是互联网撮合平台，从中收取手续费。前者经营的领域办公用品、办公一体化和餐饮等；后者经营互联网金融。互联网撮合平台的普遍特点是，面向的客户小而多，分布区域较广。
　　然而，根据证监会调查，九好集团提供的1200家供应商联系方式中，错号、空号263家，查无此人或长期无人接听的210家。作为九好集团忽悠帮凶的鑫合汇，不知看到《行政处罚事先告知书》会作何感想。
　　溢价逾400倍的并购
　　鑫合汇是如何成为美都能源子公司的呢？这又得从半年前的一次并购说起。
　　2016年8月12日，美都能源控股子公司美都金控(杭州) 有限公司与浙江支集控股有限公司、鑫合汇签订《股权收购及增资意向协议书》，以不超过1.5亿元现金增资鑫合汇取得其6%股权，并拟以不超过7亿元收购支集控股所持有的鑫合汇28%的股权。交易完成后，美都金控合计持有鑫合汇34%的股权。
　　不过，上述股权收购和增资的方案，在4个月后的《协议书》出现了一些变化，受让价格从原本8.5亿元，降至7.14亿元。
　　2016年12月4日，美都金控、鑫合汇、浙江中新力合控股有限公司、鑫合汇实际控制人与管理团队各方签署《关于杭州鑫合汇互联网金融服务有限公司之股权收购及公司及增资协议书》，美都金控拟先以1.26亿元对鑫合汇进行增资并取得其6%的股权。增资完成后，再以5.88亿元受让中新力合控股、嘉善盛泰、支集控股所持有的鑫合汇共计28%的股权。收购完成后，美都金控将持有鑫合汇34%的股份，成为其第二大股东。
　　据披露，2015年末，鑫合汇资产总额为1.66亿元，净资产为-9918万元；2015年实现营业收入3149万元，实现净利润-1.13亿元。截至2016年6月30日，鑫合汇资产总额为1.76亿元，净资产为517万元；2016年1~6月实现营业收入8827万元，实现净利润435万元。
　　从上述简单财报来看，鑫合汇近年来的发展真可谓神速。2015年还亏损1.13亿元，到了2016年上半年，鑫合汇立马变身，上半年净利润变成了435万元。然后就有了美都能源的巨资收购。若按照调整后的7.14亿元收购价，此次资产并购的溢价率达到了406.19倍。如此估值是否公允？
　　工商资料显示，截至2016年12月底，原持股14.31%浙江中新力合控股有限公司，已经退出鑫合汇股东榜单。同期，2016年12月，美都能源公告显示，公司拟2.25亿元出售中新力合股份有限公司14.24%股份。中新力合控股持有中新力合股份28.52%股份，系第一大股东。
（来源：证券时报 2017-03-14 03:51）[点击查看原文]
展开阅读全文"
情况不妙,"https://guba.eastmoney.com/news,600175,617218060.html",2017-03-14 20:17:23,，今日明显有主力出逃的意思，尾盘资金出逃很不妙，均线全部进入下跌通道，最后一跌看起来还很遥远，美都下一步能否出现主力轮番出逃有待关注，下跌无下限，朋友们小心吧
7.37的本，4.5万股。今年能否跑的出？求大神指点,"https://guba.eastmoney.com/news,600175,616934577.html",2017-03-14 07:59:17,7.37的本，4.5万股。今年能否跑的出？求大神指点
美都重组永远实现不了的，只有故事。,"https://guba.eastmoney.com/news,600175,587523893.html",2017-01-12 13:46:48,美都重组永远实现不了的，只有故事。
这么好的股票怎么不买呢！那些唱多的死了啊,"https://guba.eastmoney.com/news,600175,617122414.html",2017-03-14 15:15:34,这么好的股票怎么不买呢！那些唱多的死了啊
今天最低会是多少？,"https://guba.eastmoney.com/news,600175,617047301.html",2017-03-14 12:39:02,今天最低会是多少？
呆鸟    快跟机构抢创业板次新股去    赚疯了,"https://guba.eastmoney.com/news,600175,617093798.html",2017-03-14 14:24:54,呆鸟 快跟机构抢创业板次新股去 赚疯了
看看前期低点是多少,"https://guba.eastmoney.com/news,600175,617090528.html",2017-03-14 14:18:46,4.53圆
关于对美都能源股份有限公司董事长闻掌华予以监管关注的决定,"https://guba.eastmoney.com/news,600175,588685825.html",2017-01-16 16:51:04,关于对美都能源股份有限公司董事长闻掌华予以监管关注的决定
机会来了！,"https://guba.eastmoney.com/news,600175,617083923.html",2017-03-14 14:08:12,机会来了！
目前600175股价低吗.注意还有更低.,"https://guba.eastmoney.com/news,600175,617054310.html",2017-03-14 13:05:43,呵呵
利空出尽，坐等长阴出现。,"https://guba.eastmoney.com/news,600175,617039027.html",2017-03-14 12:03:37,利空出尽，坐等长阴出现。
离三元股价还有九毛钱！[胜利],"https://guba.eastmoney.com/news,600175,617077753.html",2017-03-14 13:56:06,离三元股价还有九毛钱！
这个垃圾股，妈的，之前害我亏钱，终于遭到报应了,"https://guba.eastmoney.com/news,600175,617070877.html",2017-03-14 13:41:44,这个垃圾股，妈的，之前害我亏钱，终于遭到报应了
大涨一分，微跌五分[兴奋][兴奋][兴奋][兴奋],"https://guba.eastmoney.com/news,600175,617061797.html",2017-03-14 13:21:48,大涨一分，微跌五分
"“大忽悠”九好集团幕后牵出美都能源子公司,要晕","https://guba.eastmoney.com/news,600175,617026435.html",2017-03-14 11:28:17,"溢价逾400倍的并购
　　鑫合汇是如何成为美都能源子公司的呢？这又得从半年前的一次并购说起。
　　2016年8月12日，美都能源控股子公司美都金控(杭州) 有限公司与浙江支集控股有限公司、鑫合汇签订《股权收购及增资意向协议书》，以不超过1.5亿元现金增资鑫合汇取得其6%股权，并拟以不超过7亿元收购支集控股所持有的鑫合汇28%的股权。交易完成后，美都金控合计持有鑫合汇34%的股权。
　　不过，上述股权收购和增资的方案，在4个月后的《协议书》出现了一些变化，受让价格从原本8.5亿元，降至7.14亿元。
　　2016年12月4日，美都金控、鑫合汇、浙江中新力合控股有限公司、鑫合汇实际控制人与管理团队各方签署《关于杭州鑫合汇互联网金融服务有限公司之股权收购及公司及增资协议书》，美都金控拟先以1.26亿元对鑫合汇进行增资并取得其6%的股权。增资完成后，再以5.88亿元受让中新力合控股、嘉善盛泰、支集控股所持有的鑫合汇共计28%的股权。收购完成后，美都金控将持有鑫合汇34%的股份，成为其第二大股东。
　　据披露，2015年末，鑫合汇资产总额为1.66亿元，净资产为-9918万元；2015年实现营业收入3149万元，实现净利润-1.13亿元。截至2016年6月30日，鑫合汇资产总额为1.76亿元，净资产为517万元；2016年1~6月实现营业收入8827万元，实现净利润435万元。
　　从上述简单财报来看，鑫合汇近年来的发展真可谓神速。2015年还亏损1.13亿元，到了2016年上半年，鑫合汇立马变身，上半年净利润变成了435万元。然后就有了美都能源的巨资收购。若按照调整后的7.14亿元收购价，此次资产并购的溢价率达到了406.19倍。如此估值是否公允？
　　工商资料显示，截至2016年12月底，原持股14.31%浙江中新力合控股有限公司，已经退出鑫合汇股东榜单。同期，2016年12月，美都能源公告显示，公司拟2.25亿元出售中新力合股份有限公司14.24%股份。中新力合控股持有中新力合股份28.52%股份，系第一大股东。"
千万别进，一进就套,"https://guba.eastmoney.com/news,600175,617022749.html",2017-03-14 11:22:14,千万别进，一进就套
000002,"https://guba.eastmoney.com/news,600175,617003330.html",2017-03-14 10:49:46,大涨
假如散户都卖了,"https://guba.eastmoney.com/news,600175,617013552.html",2017-03-14 11:06:46,600175会怎样
创业板指周上涨21点，收上影线。,"https://guba.eastmoney.com/news,600175,616987526.html",2017-03-14 10:23:15,创业板指周上涨21点，收上影线。
中小指继续上扬逼近6800整数关口,"https://guba.eastmoney.com/news,600175,616987146.html",2017-03-14 10:22:43,中小指继续上扬逼近6800整数关口
大忽悠,"https://guba.eastmoney.com/news,600175,616979627.html",2017-03-14 10:10:36,真能忽悠 -----------忽悠接着忽悠
股价就一分钱的浮动空间,"https://guba.eastmoney.com/news,600175,616969962.html",2017-03-14 09:54:18,股价就一分钱的浮动空间
维权  美都赔款,"https://guba.eastmoney.com/news,600175,616956647.html",2017-03-14 09:31:10,维权 美都赔款
这垃圾公司，垃圾闻，能干点靠谱的事吗？,"https://guba.eastmoney.com/news,600175,616937414.html",2017-03-14 08:20:04,这垃圾公司，垃圾闻，能干点靠谱的事吗？
利空出尽，罚款是必须的。闻畜牲不搞主业，搞利益输送。如不改正，闻畜牲必身败名裂。,"https://guba.eastmoney.com/news,600175,616934778.html",2017-03-14 08:00:17,利空出尽，罚款是必须的。闻畜牲不搞主业，搞利益输送。如不改正，闻畜牲必身败名裂。
5块5的本，亏死了,"https://guba.eastmoney.com/news,600175,616154499.html",2017-03-10 21:06:16,5块5的本，亏死了
也不论上市公司是否给予投资者现金分红,"https://guba.eastmoney.com/news,600175,616920481.html",2017-03-14 05:39:53,这个间隔期的设置过于单一
格力电器套牢投资者的可能性很小,"https://guba.eastmoney.com/news,600175,616825341.html",2017-03-13 20:00:25,市场常常将其归结为
股价跌成这样，大股东还是回家抱孩子为上。,"https://guba.eastmoney.com/news,600175,616735559.html",2017-03-13 15:09:48,想重组翻身，越来越难。
温神,"https://guba.eastmoney.com/news,600175,616683939.html",2017-03-13 13:40:09,温神
真是死猪不怕开水烫,"https://guba.eastmoney.com/news,600175,616619889.html",2017-03-13 10:51:32,真是死猪不怕开水烫
美都I服了Y0u,"https://guba.eastmoney.com/news,600175,616605932.html",2017-03-13 10:28:00,美都I服了Y0u
锂电池板块走强。,"https://guba.eastmoney.com/news,600175,616587838.html",2017-03-13 09:57:47,锂电池板块走强。
前者是股价健康发展的正常需要,"https://guba.eastmoney.com/news,600175,616562124.html",2017-03-13 09:01:26,前者是股价健康发展的正常需要
只是股价变动的表象，背后隐藏着的才是,"https://guba.eastmoney.com/news,600175,616562251.html",2017-03-13 09:02:05,只是股价变动的表象，背后隐藏着的才是
有子万事足，无股一身轻,"https://guba.eastmoney.com/news,600175,616562211.html",2017-03-13 09:01:27,有子万事足，无股一身轻
