标题,链接,发布时间,内容
氢能源集体调整，封不住的,"https://guba.eastmoney.com/news,600213,1072058484.html",2021-08-17 10:29:50,氢能源集体调整，封不住的
大涨就会大跌，小心,"https://guba.eastmoney.com/news,600213,1071993345.html",2021-08-17 09:50:15,大涨就会大跌，小心
这么大成交量，主力跑了吧,"https://guba.eastmoney.com/news,600213,1072148599.html",2021-08-17 12:12:18,这么大成交量，主力跑了吧
速度太快,"https://guba.eastmoney.com/news,600213,1071999041.html",2021-08-17 09:53:39,速度太快
一波涨停，期待明天继续,"https://guba.eastmoney.com/news,600213,1072029735.html",2021-08-17 10:11:12,一波涨停，期待明天继续
入场,"https://guba.eastmoney.com/news,600213,1072113735.html",2021-08-17 11:14:48,入场
，放我出去,"https://guba.eastmoney.com/news,600213,1072111083.html",2021-08-17 11:12:30,放我出去
救命啊，涨停买的,"https://guba.eastmoney.com/news,600213,1072107445.html",2021-08-17 11:09:32,救命啊，涨停买的
[哭][哭][哭][哭][哭][哭][哭],"https://guba.eastmoney.com/news,600213,1072099221.html",2021-08-17 11:02:32,
明天跌五个点不过分吧,"https://guba.eastmoney.com/news,600213,1071795312.html",2021-08-16 17:02:05,明天跌五个点不过分吧
开板,"https://guba.eastmoney.com/news,600213,1072060553.html",2021-08-17 10:31:22,开板
天地板,"https://guba.eastmoney.com/news,600213,1072094889.html",2021-08-17 10:58:47,天地板
跟安凯学的炸板么[大笑][大笑][大笑][捂脸][捂脸][捂脸],"https://guba.eastmoney.com/news,600213,1072088022.html",2021-08-17 10:53:01,跟安凯学的炸板么
现成的氢能源客车不买，难道买还没有造出磨具的氢能源车吗？亚星客车我来了，，。,"https://guba.eastmoney.com/news,600213,1071994045.html",2021-08-17 09:50:40,现成的氢能源客车不买，难道买还没有造出磨具的氢能源车吗？亚星客车我来了，，。
9.35分赚两个点多跑了，特么拍大腿啊[哭],"https://guba.eastmoney.com/news,600213,1072077034.html",2021-08-17 10:44:02,9.35分赚两个点多跑了，特么拍大腿啊
小盘股，能源股，涨10倍没问题！,"https://guba.eastmoney.com/news,600213,1072001861.html",2021-08-17 09:55:14,小盘股，能源股，涨10倍没问题！
行情中后期才开始涨停的股票，只能算补涨，要想有龙头的高度，场外资金不认可的！,"https://guba.eastmoney.com/news,600213,1072075537.html",2021-08-17 10:42:50,行情中后期才开始涨停的股票，只能算补涨，要想有龙头的高度，场外资金不认可的！
亚星燃料电池新能源客车，未来城市公交车的主流。,"https://guba.eastmoney.com/news,600213,1072061590.html",2021-08-17 10:32:10,"最新数据统计显示：7月份新能源乘用车批发销量同比增加2倍，该公司主营业务涉及新能源车，此前有2款燃料电池客车入围车辆新产品名单。在碳中和政策下，城市新能源公交车将会代替燃油车。亚星燃料电池新能源客车，未来城市公交车的主流。
公司核心题材：客车产品研发、制造与销售 ，主要产品是新能源客车和电动客车。新推出的电动客车一次充电可行驶达180公里。目前，该车已经出口至卡塔尔等国家。
技术性分析：该股走势中规中矩，很适合高抛低吸的散户做T的胃口，也就是技术派的理想标的物。

"
又要开板了,"https://guba.eastmoney.com/news,600213,1072043639.html",2021-08-17 10:19:36,又要开板了
谁让你小呢，还是国企新能源，就你好炒了！…,"https://guba.eastmoney.com/news,600213,1072038315.html",2021-08-17 10:16:15,谁让你小呢，还是国企新能源，就你好炒了！…
期待涨停[上涨][上涨][上涨][上涨][上涨][上涨],"https://guba.eastmoney.com/news,600213,1072047341.html",2021-08-17 10:22:04,期待涨停
股吧没一个有自己见解的，跟风太严重，头一天的冲高回落，和今天的上涨明显交相呼应,"https://guba.eastmoney.com/news,600213,1071994623.html",2021-08-17 09:51:00,股吧没一个有自己见解的，跟风太严重，头一天的冲高回落，和今天的上涨明显交相呼应
放量跳水，有得跌了[捂脸],"https://guba.eastmoney.com/news,600213,1071694523.html",2021-08-16 14:12:06,放量跳水，有得跌了
廊坊买房房产证7年还没有,"https://guba.eastmoney.com/news,600213,1071986468.html",2021-08-17 09:46:12,廊坊买房房产证7年还没有
6.5见,"https://guba.eastmoney.com/news,600213,1066259965.html",2021-08-03 10:02:12,6.5见
这个拉板也太容易了吧,"https://guba.eastmoney.com/news,600213,1071988450.html",2021-08-17 09:47:22,这个拉板也太容易了吧
什么事了？,"https://guba.eastmoney.com/news,600213,1071987641.html",2021-08-17 09:46:56,什么事了？
氢能源风口？,"https://guba.eastmoney.com/news,600213,1071989735.html",2021-08-17 09:48:09,氢能源风口？
谁给个完美的解释,"https://guba.eastmoney.com/news,600213,1071985293.html",2021-08-17 09:45:25,为啥就涨停了呢，谁知道原因
惊喜来的太快，12元以下 哥不卖,"https://guba.eastmoney.com/news,600213,1071985359.html",2021-08-17 09:45:27,
今天大概率突破,"https://guba.eastmoney.com/news,600213,1071980316.html",2021-08-17 09:42:31,今天大概率突破
这个股冲高就走，下跌就买，都能赚不少[大笑],"https://guba.eastmoney.com/news,600213,1071971576.html",2021-08-17 09:37:38,这个股冲高就走，下跌就买，都能赚不少
亚星客车：隐形奥运股　：亚星氢能源客车将亮相冬奥会,"https://guba.eastmoney.com/news,600213,1071223664.html",2021-08-14 18:05:19,"


"
冒个泡,"https://guba.eastmoney.com/news,600213,1071884027.html",2021-08-16 23:00:18,冒个泡
老鼠仓,"https://guba.eastmoney.com/news,600213,1071830502.html",2021-08-16 19:23:37,老鼠仓
麻蛋，山顶好冷！7.94,"https://guba.eastmoney.com/news,600213,1071680536.html",2021-08-16 13:59:55,麻蛋，山顶好冷！7.94
看戏,"https://guba.eastmoney.com/news,600213,1071721379.html",2021-08-16 14:36:30,看戏
跑的对不,"https://guba.eastmoney.com/news,600213,1071697248.html",2021-08-16 14:14:24,跑的对不
呵呵，追高亏了一辆车了,"https://guba.eastmoney.com/news,600213,1071692313.html",2021-08-16 14:10:12,呵呵，追高亏了一辆车了
超,"https://guba.eastmoney.com/news,600213,1071684894.html",2021-08-16 14:04:04,"超
"
玩呢?,"https://guba.eastmoney.com/news,600213,1071678151.html",2021-08-16 13:57:35,玩呢?
跑,"https://guba.eastmoney.com/news,600213,1071485414.html",2021-08-16 10:07:27,跑
收购一个小的白酒厂怎么样,"https://guba.eastmoney.com/news,600213,1071483913.html",2021-08-16 10:06:27,收购一个小的白酒厂怎么样
亚星客车要连续涨停：看厚普股份,"https://guba.eastmoney.com/news,600213,1071460220.html",2021-08-16 09:52:33,哈
亚星客车2019年氢能源客车销售排名和氢燃料电池也被誉为汽车产业的终极技术路线。,"https://guba.eastmoney.com/news,600213,1071226202.html",2021-08-14 18:37:44,"


"
氢能源暴涨：亚星客车氢燃料电池,"https://guba.eastmoney.com/news,600213,1071441724.html",2021-08-16 09:42:25,好
下周氢燃料电池将启动：严重低估亚星客车：氢燃料电池龙头之一，已经成功,"https://guba.eastmoney.com/news,600213,1071363947.html",2021-08-16 00:02:43,"下周氢燃料电池将启动：严重低估亚星客车：氢燃料电池龙头之一，已经成功
"
这么多看多的，礼拜一有的跌了,"https://guba.eastmoney.com/news,600213,1071243682.html",2021-08-14 22:04:59,这么多看多的，礼拜一有的跌了
那么多瞎[摊手]明天先来个跌停,"https://guba.eastmoney.com/news,600213,1071348594.html",2021-08-15 21:32:25,那么多瞎明天先来个跌停
氢内燃机将超10万亿,"https://guba.eastmoney.com/news,600213,1071343974.html",2021-08-15 20:52:46,"。
"
盘子太小，控死了。想挣钱就得长线持有,"https://guba.eastmoney.com/news,600213,1071328481.html",2021-08-15 18:19:57,盘子太小，控死了。想挣钱就得长线持有
亚星客车PK大洋电机氢燃料电池严重低估,"https://guba.eastmoney.com/news,600213,1071319555.html",2021-08-15 16:40:06,"






"
请问贵公司具备生产氢能源电池为动力的车辆吗？,"https://guba.eastmoney.com/news,600213,1042946882.html",2021-06-07 09:55:24,"请问贵公司具备生产氢能源电池为动力的车辆吗？
*ST亚星
亚星客车：年报中已披露，公司具备研发、生产氢燃料电池客车的能力。
(来自上证e互动)答复时间 2021-06-07 09:55:24"
融资融券周汇总：亚星客车本周融资净买入57.46万元,"https://guba.eastmoney.com/news,600213,1071308114.html",2021-08-15 15:03:31,"亚星客车本周(2021/08/09-2021/08/13)累计涨幅达5.19%，截至8月13日最新股价报收7.70元。从增量上来看，8月9日至8月13日融资买入交易规模1777.47万元，融资偿还规模1720.01万元，期内融资净买入57.46万元。从存量上来看，截止8月15日，亚星客车融资融券余额7545.14万元，其中融资余额规模7545.14万元，融券余额规模0元。
数据来源：东方财富Choice数据
在两市2101家融资融券标的中，亚星客车期内融资净买入值排名第1008，期末融资余额排名第1800。按东财二级行业分类的融资融券标的统计情况来看，在所属汽车行业板块中，亚星客车本周融资净买入额排名37/66，期末融资余额行业排名53/66。
数据来源：东方财富Choice数据
免责声明：本文基于大数据生产，仅供参考，不构成任何投资建议，据此操作风险自担。

"
氢能源电池:亚星客车,"https://guba.eastmoney.com/news,600213,1071271915.html",2021-08-15 08:22:37,"


"
亚星10—11米氢能源客车已经运行,"https://guba.eastmoney.com/news,600213,1071222613.html",2021-08-14 17:53:48,"


"
年报中已披露，公司具备研发、生产氢燃料电池客车的能力,"https://guba.eastmoney.com/news,600213,1071222142.html",2021-08-14 17:47:54,"


"
严重低估：亚星9米氢能源客车今年2月已经运行成功了,"https://guba.eastmoney.com/news,600213,1071222394.html",2021-08-14 17:50:22,"


"
氢能电池新秀,"https://guba.eastmoney.com/news,600213,1071203565.html",2021-08-14 14:14:45,"。
"
市值20亿！10元,"https://guba.eastmoney.com/news,600213,1068552038.html",2021-08-09 09:44:55,市值20亿！ 10元
600213:亚星客车2021年第二次临时股东大会会议资料,"https://guba.eastmoney.com/news,600213,1071051471.html",2021-08-13 16:42:08,"公告日期：2021-08-14

扬州亚星客车股份有限公司

2021 年第二次临时股东大会

会议资料

二 O 二一年八月


一、2021 年第二次临时股东大会召开方式、时间及地点

1、召开方式

现场会议投票及网络投票相结合的方式。

2、现场会议召开时间、地点

时间：2021 年 8 月 19 日 14：00

地点：江苏省扬州市邗江汽车产业园潍柴大道 2 号

公司 316 会议室

3、网络投票系统、时间

网络投票系统：上海证券交易所股东大会网络投票系统。

网络投票起止时间：自 2021 年 8 月 19 日至 2021 年 8 月 19 日。

采用上海证券交易所网络投票系统，通过交易系统投票平台的投票时间为股东大会召开当日的交易时间段，即 9:15-9:25，9:30-11:30，13:00-15:00；通过互联网投票平台的投票时间为股东大会召开当日的9:15-15:00。

二、2021 年第二次临时股东大会议程

1、主持人：李树朋

2、议程

（1）宣布会议开始，报告出席现场会议股东及代理人人数、代表股份数；

（2）向大会报告议案；

（3）股东发言、提问；


（4）大会表决（休会、计票）；

（5）宣布表决结果；

（6）通过会议决议；

（7）律师发表法律意见；

（8）宣布现场会议结束。

三、2021 年第二次临时股东大会议案资料

议案序号 议案名称

1 关于公司董事、监事薪酬的议案

2 关于公司控股股东委托贷款展期暨关联交易的议案

议案 1:关于公司董事、监事薪酬的议案

扬州亚星客车股份有限公司

关于公司董事、监事薪酬的议案

独立董事的薪酬为 6 万元/年（税前），其他董事、监事不领取董事、监事薪酬。
本议案提请股东大会审议。

二Ｏ二一年八月
议案 2：关于公司控股股东委托贷款展期暨关联交易的议案

扬州亚星客车股份有限公司

关于公司控股股东委托贷款展期暨关联交易的议案

一、关联交易概述

2020 年 8 月 20 日，公司与潍柴扬州公司及山东重工集团财务有限公司签订了《委
托贷款合同》，到期日为 2021 年 8 月 19 日。届时公司将偿还本金 6000 万元。

经公司与潍柴扬州公司协商，拟对该笔委托贷款进行展期，展期期限为一年，展
期后到期日为 2022 年 8 月 19 日，利率 4.16%，不高于中国人民银行同期同档次贷款基
准利率，按月结息；委托贷款到期时公司一次性偿还本金。本次委托贷款手续费为贷款金额的万分之五，由潍柴扬州承担。本次委托贷款担保方式为应收账款质押。

本次交易对方潍柴扬州公司为公司控股股东，根据《上海证券交易所股票上市规则》相关规定，本次交易构成关联交易。

二、关联方介绍

1、关联方关系介绍

潍柴（扬州）亚星汽车有限公司持有公司 112,200,000股，占公司总股本的51.00%，为公司的控股股东。

2、关联人基本情况

公司名称：潍柴（扬州）亚星汽车有限公司

企业类型：有限责任公司

注册地址：扬州市扬菱路 8 号

法定代表人：张泉

注册资本：133,900 万元

经营范围：汽车零部件研究开发、制造、销售及服务；汽车(不含小轿车)研究开
发、销售及服务；客车、客车底盘开发、生产、销售及服务；自营和代理各类商品及技术的进出口业务；汽车及汽车零部件产业实业投资,有形动产租赁(不含融资租赁)服务。（依法须经批准的项目，经相关部门批准后方可开展经营活动）。

三、关联交易定价政策

本次交易利率 4.16%，不高于中国人民银行同期同档次贷款基准利率，按月结息；本次委托贷款展期手续费为贷款金额的万分之五，由潍柴扬州公司承担。关联交易的定价遵循公开、公平、公正的原则，不存在损害上市公司及全体股东特别是中小股东利益的情形。

四、关联交易的目的及影响

本次交易有利于补充公司流动资金，降低公司融资成本。体现了公司控股股东对公司业务发展的大力支持。本次关联交易不损害公司和中小股东利益，不会影响公司的独立性。

五、该关联交易应当履行的审议程序

2021 年 8 月 3 日召开……
[点击查看PDF原文]
提示：本网不保证其真实性和客观性，一切有关该股的有效信息，以交易所的公告为准，敬请投资者注意风险。
展开阅读全文"
你这垃圾还是新能源板块吗？,"https://guba.eastmoney.com/news,600213,1070868432.html",2021-08-13 12:35:02,你这垃圾还是新能源板块吗？
且行且珍惜氢能源暴涨,"https://guba.eastmoney.com/news,600213,1070984870.html",2021-08-13 14:36:00,哈
全柴动力又涨停,"https://guba.eastmoney.com/news,600213,1070978592.html",2021-08-13 14:30:40,哈
唯一没暴涨的氢能电池。厚普价格到30了,"https://guba.eastmoney.com/news,600213,1070973701.html",2021-08-13 14:26:20,"。
"
今天3个点7.74出了，昨天尾盘进的，庄完全控盘了，并且似乎资金不是太足似的，墨,"https://guba.eastmoney.com/news,600213,1070530781.html",2021-08-12 19:17:41,今天3个点7.74出了，昨天尾盘进的，庄完全控盘了，并且似乎资金不是太足似的，墨迹的很，今天的涨幅离5日线有些远了，希望是我看错了，这票多谢庄家不杀之恩，今天尾盘进新纶科技了，看看明天有机会没吧。
有氢电池储备，还怕不飞看看厚普,"https://guba.eastmoney.com/news,600213,1070961399.html",2021-08-13 14:15:15,就知道了
全柴动力和亚星客车,"https://guba.eastmoney.com/news,600213,1070953740.html",2021-08-13 14:08:20,飞
氢能源暴涨：严重低估氢了,"https://guba.eastmoney.com/news,600213,1070952457.html",2021-08-13 14:07:09,"。
"
氢概念暴涨,"https://guba.eastmoney.com/news,600213,1070907604.html",2021-08-13 13:29:30,"。
"
厚普疯狂上涨,"https://guba.eastmoney.com/news,600213,1070883702.html",2021-08-13 13:07:13,"。
"
氢能电池打破锂电垄断,"https://guba.eastmoney.com/news,600213,1070737406.html",2021-08-13 10:12:30,飞
锂电掀起涨停潮：氢能源电池且行且珍惜,"https://guba.eastmoney.com/news,600213,1070848124.html",2021-08-13 11:37:24,"


"
厚普疯狂了,"https://guba.eastmoney.com/news,600213,1070843149.html",2021-08-13 11:29:53,"厚普疯狂了
"
涉及氢能源客车研发：对标没研制出全柴动力,"https://guba.eastmoney.com/news,600213,1070831010.html",2021-08-13 11:19:31,"涉及氢能源客车研发：对标没研制出全柴动力
"
公司涉及氢电池研发,"https://guba.eastmoney.com/news,600213,1070799353.html",2021-08-13 10:55:03,哈
公司涉及氢电池：看厚普股份市值暴涨,"https://guba.eastmoney.com/news,600213,1070793229.html",2021-08-13 10:50:43,哈
我们的主力可能有些累了，先歇歇[大笑],"https://guba.eastmoney.com/news,600213,1070788663.html",2021-08-13 10:47:22,我们的主力可能有些累了，先歇歇
氢能源要大涨了：厚普都上来了,"https://guba.eastmoney.com/news,600213,1070785503.html",2021-08-13 10:44:58,哈
过半点开始拉升,"https://guba.eastmoney.com/news,600213,1070745959.html",2021-08-13 10:17:45,过半点开始拉升
氢能电池：独一龙头,"https://guba.eastmoney.com/news,600213,1070726862.html",2021-08-13 10:06:20,氢能电池
今天有点异动，入手3成仓位！坐等起飞,"https://guba.eastmoney.com/news,600213,1070356808.html",2021-08-12 13:36:59,
讲故事的来了，安全第一啊！,"https://guba.eastmoney.com/news,600213,1070633524.html",2021-08-13 08:20:28,讲故事的来了，安全第一啊！
明天跟踪亚星客车,"https://guba.eastmoney.com/news,600213,1070593694.html",2021-08-12 23:38:44,华菱线缆换手晋级6连板，明日能否突破中润资源的连板限制还有待观察。若能，该股就有希望成为主板的破局股。值得一提的是，最近主板股的赚钱效应不断回暖，今日连板股全是主板股。【逆势大增！7月新能源车卖疯了】8月10日，乘联会公布最新乘用车产销数据，7月乘用车销量同比略有下滑，新能源车销量却逆势大增，表现远远好于传统乘用车。比亚迪、理想汽车、小鹏汽车的国内销量均同比大涨，特斯拉7月在国内的销售却大跌七成。乘联会最新数据显示，今年7月乘用车市场零售达到150.0万辆，同比2020年7月下降6.2%，分析称这一数据或体现2020年下半年的高基数压力。在总体乘用车销量下滑的同时，7月新能源乘用车销量同比大涨169.4%，表现显著优于传统燃油车。
600213 亚星客车 有强烈补涨需求,"https://guba.eastmoney.com/news,600213,1070311304.html",2021-08-12 12:36:17,公司是重要的商用车生产企业之一，轻型卡车、大中型和轻型客车优势明显；主要业务为客车产品研发、制造与销售，产品范围覆盖从5 -18米各型客车，主要用于公路、公交、旅游、团体、新能源客车和校车等市场。拥有完善的质量管理体系，通过了环安体系认证；　2020年全球电动汽车销量大超预期。在现有政策支持和额外刺激措施的支持下，IEA 初步估计，全球电动汽车销量攀升至 300 万辆以上，市场份额超过 4%，使 2020 年成为电动汽车破纪录的一年。这相较于 2019 年售出的 210 万辆增长了 40% 以上。
亚星客车～～跌久必涨,"https://guba.eastmoney.com/news,600213,1070308399.html",2021-08-12 12:25:51,"7月27日，亚星客车对外发布了2021年上半年业绩报告，上半年公司实现营业收入4.94亿元，较上年同期下降47.39%；净利润亏损3862.75万元，上年同期亏损3934.92万元。

资产负债率达98% 订单严重不足
资料显示，亚星客车主要产品范围覆盖从5米至18米各型客车，主要用于公路、公交、旅游、团体、新能源客车和校车等市场。
上半年，亚星客车大中轻型客车产量为1011辆，较上年同期下降31.27%；销量为1053辆，较上年同期下降28.76%。
亚星客车认为，影响公司经营业绩主要因素有行业总体需求、产品竞争力、市场竞争度、市场占有率、公司运营能力以及成本管控能力等。
而从市场数据来看，2021年上半年，客车行业同比回暖。根据中汽协数据，2021年上半年客车累计销售25.82万辆，同比增长39.71%；其中大中型客车累计销量4.27万辆，同比增长11.79%。
具体来看，国内公交客车2021年上半年销售1.54万辆，同比减少20.9%；国内座位客车2021年上半年销售1.85万辆，同比增长56.2%；国内校车2021年上半年销售0.28万辆，同比增长75.7%。
中南财经政法大学数字经济研究院执行院长盘和林在接受《证券日报》记者采访时表示：“客车行业上半年需求依然旺盛，随着国内出行回暖，公共交通需求再次放量，公共车辆投放开始增加。亚星客车的亏损是一个个案，比如宇通客车从二季度月报看，各种车型销售都在增长，而比亚迪的客车业务也在崭露头角。”
“实际上亚星客车的亏损，个人认为主要是当前公共汽车定位在发生变化，未来新能源主导的公共汽车需求更大，而作为公共事业部门的公交公司，更加注重品牌。公共汽车作为一种生产资料，头部车企更加被公交公司所认可，市场总体趋于集中。况且，头部品牌的确具备更好的耐用性。”盘和林说道。
财务数据显示，截至2021年6月底，亚星客车的亚星客车。05%。应收账款25.79亿元，占总资产比重达到了75.41%。其中，信用期内(未逾期)的应收账款金额达到了23.22亿元。
盘和林称，“资产负债率98%是不正常的，接近于资不抵债，应收账款占总资产的比重超过75%也是不正常的，因为总资产中的存货占比太低，说明企业订单严重不足。”
透镜公司研究创始人况玉清在接受《证券日报》记者采访时表示：“公司期末现金及现金等价物余额仅有1.18亿元，而短期借款5.4亿元，一年内到期的非流动负债达到了8.41亿元。同时，从上述借款的构成来看，短期内需偿还的借款多为关联方借款。亚星客车主要靠关联方进行流动性接济，他的主业已经失去造血能力，负债又极高，没有关联方的流动性接济很难独立支撑运营。”
亚星客车则在半年报中表示，公司全面准备、积极应对，从产品、市场、技术等多个角度进行了改进和提升，寻找新的增长点。同时，通过集团委贷、供应链融资、银行贷款、融资租赁等多种方式筹措资金，保障公司平稳运营。
收入计划或再成“画大饼”
北方工业大学汽车产业创新研究中心主任纪雪洪对《证券日报》记者表示：“今年上半年客车领域增幅较大的是轻型客车，大中型客车增幅要低于轻型客车。这也反映出大中型客车受外部因素冲击较大，近些年来旅游车辆市场受高铁影响，城市公交市场受到网约车、共享单车等新型出行方式的冲击较大。”
据《证券日报》记者初步统计，截至7月28日，客车行业已披露业绩预告的上市公司中，安凯客车、中通客车上半年亏损，仅宇通客车预增。
纪雪洪告诉记者，“亚星客车要自救，短期来看，需要开拓市场，抓住客户。长期来看，则要靠自身的技术积累和品牌积累，需要长时间的高研发投入保障，相关人才引进等。此外，中国客车市场已经处于一个相对饱和的状态了，出口海外的中国客车还是很有竞争力的，海外市场也是亚星未来需要筹划发展的重点方向。”
记者注意到，亚星客车2019年至2021年连续三年收入计划为30亿元，但2019年、2020年营业收入分别实现27.08亿元、18.79亿元。在2020年年报中，亚星客车也表示2021年收入计划为30亿元。如今2021年已过半，亚星客车营业收入仅不到5亿元。
“公司的发展目标如果不切合实际，对于管理者、员工还是其他相关利益者来讲，会让大家觉得不可信。目标太低会影响士气，太高则托大，对于企业来讲，定目标也是两难的事情。对于亚星客车近几年下滑的状态，定一个合理的目标对股东和相关利益者才是一种负责任的态度。”纪雪洪说道。
“为何如此低的目标亚星客车还是很难达成，这就需要亚星客车寻找内部问题。可能是内部销售士气低落导致的。”盘和林告诉记者，“亚星客车当前最重要的是在技术上做一些突破。当前客车领域门槛不高，但是核心技术无非三点：发动机、变速箱、底盘。亚星客车背靠潍柴，需要在三大件上做一些技术突破，沉淀一点客车制造方面的壁垒，提升品牌含金量
展开阅读全文"
亚星客车：“财务模型有违商业逻辑，当心掉进财务造假陷阱”.这是今天网络头条财经新,"https://guba.eastmoney.com/news,600213,1070431180.html",2021-08-12 14:38:50,"亚星客车：“财务模型有违商业逻辑，当心掉进财务造假陷阱”.这是今天网络头条财经新闻，请董秘解释！
*ST亚星
亚星客车：请见公司的澄清公告。
(来自上证e互动)答复时间 2021-08-12 14:38:50"
看了快一年，我最近出了，太慢太慢了，跌得又快,"https://guba.eastmoney.com/news,600213,1070440512.html",2021-08-12 14:50:16,看了快一年，我最近出了，太慢太慢了，跌得又快
刚卖就涨,"https://guba.eastmoney.com/news,600213,1070440086.html",2021-08-12 14:49:54,刚卖就涨
你这分时图做的跟要涨停似的，决定减持200股。,"https://guba.eastmoney.com/news,600213,1070178310.html",2021-08-12 10:09:29,你这分时图做的跟要涨停似的，决定减持200股。
厉害！,"https://guba.eastmoney.com/news,600213,1070372858.html",2021-08-12 13:51:00,厉害！
市值小，背靠大树，有核心，坚定看好！,"https://guba.eastmoney.com/news,600213,1070311886.html",2021-08-12 12:38:32,市值小，背靠大树，有核心，坚定看好！
下午涨停,"https://guba.eastmoney.com/news,600213,1070285387.html",2021-08-12 11:29:09,下午涨停
氢能涨，你这用氢能的咋不来气。,"https://guba.eastmoney.com/news,600213,1070167453.html",2021-08-12 10:02:38,氢能涨，你这用氢能的咋不来气。
往下试盘，跌停，跑,"https://guba.eastmoney.com/news,600213,1070140837.html",2021-08-12 09:47:16,快速跑
7.21踢我下，谢谢,"https://guba.eastmoney.com/news,600213,1070138674.html",2021-08-12 09:46:06,7.21踢我下，谢谢
又玩竞价跌停，哈哈，今天要大涨[上涨],"https://guba.eastmoney.com/news,600213,1070095107.html",2021-08-12 09:17:16,又玩竞价跌停，哈哈，今天要大涨
收盘红盘就好,"https://guba.eastmoney.com/news,600213,1069895667.html",2021-08-11 14:54:40,收盘红盘就好
600213:扬州亚星客车股份有限公司关于媒体报道的澄清公告,"https://guba.eastmoney.com/news,600213,1069457272.html",2021-08-10 20:19:47,"公告日期：2021-08-11

证券代码：600213 证券简称：亚星客车 公告编号：2021-075
扬州亚星客车股份有限公司

关于媒体报道的澄清公告

本公司董事会及全体董事保证本公告内容不存在任何虚假记载、误导性陈述或者重大遗漏，并对其内容的真实性、准确性和完整性承担个别及连带责任。

一、报道简述

扬州亚星客车股份有限公司（以下简称“公司”）关注到近日有关媒体发布题为《财务模型有违商业逻辑，当心掉进财务造假陷阱》涉及公司的相关报道。

二、澄清说明

公司就相关报道内容进行了逐一对照核实，经核实，该报道涉及公司相关内容与公司实际情况不符，为了避免给投资者造成误导，现予以澄清说明如下：

1、关于公司应收账款账龄的划分

公司年报公告中按照账龄披露的应收账款为证监会年报格式的固定格式，具体的应收账款披露建议参照公司公告版的审计报告，2019 年审计报告中应收账款账龄披露格式如下：

账龄 期末余额

未逾期（信用期内） 4,031,183,473.36

逾期 1 年内 167,755,161.26

逾期 1-2 年 109,412,960.63

逾期 2-3 年 29,299,979.27

逾期 3 年以上 148,187,897.34

小计 4,485,839,471.86

减：坏账准备 461,704,161.83

合计 4,024,135,310.03


公司年报格式中的“1 年以内小计、1-2 年、2-3 年和 3 年以上”实质上为“逾期
1 年以内、逾期 1-2 年、逾期 2-3 年和逾期 3 年以上应收账款”，“未逾期（信用期内）”
实质上为“分期收款订单中尚未到收款期限的应收账款”，而非“期限在 4 年以上的超长账期应收账款”。

公司应收账款会计政策及会计估计详见2019年报“五、重要会计政策及会计估计”第10项“金融工具”及第41项 “重要会计政策和会计估计的变更”，主要描述摘录如下：
（1）应收账款确定组合的依据如下：

项目 确定组合的依据

逾期账龄组合 以应收账款是否超信用期作为信用风险特征

关联方组合 合并范围内关联方款项

无风险应收款组合 附信用证保证的出口应收款项

对于划分为组合的应收账款，公司参考历史信用损失经验，结合当前状况以及对未来经济状况的预测，编制应收账款逾期天数与整个存续期预期信用损失率对照表，计算预期信用损失。

（2） 财政部于 2017 年 3 月 31 日分别发布了《企业会计准则第 22 号——金融工
具确认和计量（2017 年修订）》（财会〔2017〕7 号）、《企业会计准则第 23 号——金融资产转移（2017 年修订）》（财会〔2017〕8 号）、《企业会计准则第 24 号——
套期会计（2017 年修订）》（财会〔2017〕9 号），于 2017 年 5 月 2 日发布了《企
业会计准则第 37 号——金融工具列报（2017 年修订）》（财 会〔2017〕14 号）（上
述准则以下统称“新金融工具准则”）。要求境内上市企业自 2019 年 1 月 1 日起
施行。 根据新金融工具准则的实施时间要求，公司于 2019 年 1 月 1 日起执行上述
新金融工具，并依据上述新金融工具准则的规定对相关会计政策进行变更。

公司上述会计政策应收账款账龄的划分是按照逾期账龄组合进行划分，符合企业会计准则及会计政策要求。

2、2020 年 12 月 31……
[点击查看PDF原文]
提示：本网不保证其真实性和客观性，一切有关该股的有效信息，以交易所的公告为准，敬请投资者注意风险。
展开阅读全文"
关于亚星财务问题的帖子在这个时间节点，K线走出这个形态时发出来，发帖者应该是有目,"https://guba.eastmoney.com/news,600213,1069664730.html",2021-08-11 10:28:41,关于亚星财务问题的帖子在这个时间节点，K线走出这个形态时发出来，发帖者应该是有目的的。还是那句话，仁者见仁智者见智。
亚星客车：财务模型有违商业逻辑，当心掉进财务造假陷阱,"https://guba.eastmoney.com/news,600213,1068983617.html",2021-08-10 06:03:29,"核心提示：
1. 如果企业以5%的利率向银行贷款50万元生产一辆客运大巴车，然后以不到60万元的价格卖出，合同约定付款周期为4-5年甚至更长，大家觉得这笔生意能挣到钱么？答案是：产品卖出去的当年可能挣得到钱，但那也只是暂时的账面利润，因为几年后你会发现当年挣的那笔账面利润，恐怕还不够支付这几年融资利息的！——亚星客车做的就是这种生意。仅2019年，亚星客车绝大部分的销售订单看起来都是通过这种方式来完成的，因为从当年开始，该公司的应收账款结构发生了骤变，其账期超过4-5年的应收账款余额占该公司同期应收账款总余额的90%左右……
2. 凭借以上“商业模式”，亚星客车成功保住了2019年利润表的颜面，并将业绩下滑的“锅”甩给了2020年疫情，但明白人很清楚这种生意不具持续性：因为卖出了货，亚星客车赚回来了大笔的应收账款和小笔的账面利润；同时，又因为收不回来钱，亚星客车被迫长期四处付息举债投入生产继续其垫资生意，然后又把产品按照同样套路卖给下一个客户……如此循环，周而复始，生生不息，直至故事彻底讲不下去——2019年当年，亚星客车的应收账款余额超过40亿元，占其总资产的81%；与此同时，亚星客车同期的有息负债余额超过25亿元，占其总负债的54%……
3. 基于亚星客车神奇的“商业模式”，透镜公司研究有理由怀疑其长期挂账的巨额应收账款的真实含金量，同时我们认为，当期应收账款的水分正是往期营收和利润水分不断“凝聚”而成的，如果亚星客车的应收账款有问题，那么该公司前几年本就不多的营收和微薄的账面利润数字是否也存在问题？更令人费解的是，在疫情大爆发、各企业现金流骤然紧张的2020年，亚星客车居然“毫发无损”地提前数年收回了至少10亿元剩余期限超长的未到期应收账款，而且关键在于，外界很难从亚星客车同期的三大财务报表相应科目中合理追踪到这笔10亿巨额应收回笼的痕迹……
 
主营业务分析：
九成营收靠超级赊销，回款至少等四年
亚星客车对于很多人来说或许并不陌生，这家公司的主营业务为客车及零部件的生产与销售，其中商用旅游大巴是其拳头产品。自从2016年创下了营收33.96亿元和净利润6231万元的“双顶点”之后，亚星客车随后几年业绩整体上走向了震荡式下滑的通道，其间的2018、2019两年业绩虽有过小幅回升，但从2020年开始，该公司又重新开启了一波新的加速下滑势头：当年，该公司的营收只有18.79亿元，较前一报告期同比缩水近三分之一，其同期的归属股东净利润亏损达到了1.58亿元，这一亏损额度，超过了该公司其此前五年的归属股东净利润之和。
从表面财务数据变化趋势来看，亚星客车“二次向下”的业绩拐点看似出在疫情爆发的2020年，但实际上，如果细分析其资产负债结构不难发现，疫情爆发只是该公司业绩滑铁卢的“背锅侠”，因为从2019年开始，亚星客车就采用了一种非常危险、且明显不符合正常商业逻辑的“商业模式”来驱动公司账面业绩的增长——这就是本文核心提示里所阐述的“商业模式”。 
为什么这么说呢？我们看看最近几年亚星客车的应收款结构便不难发现问题：
最近几年，亚星客车的应收账款规模一直很大，但从2019年开始，该公司的应收账款结构突然变得极不正常。在2018年及以前，亚星客车大部分的应收账款周期都在三年以内，其中以一年以内的部分为主；不过到了2019年，亚星客车应收账款中账期超过四年以上的部分占比突然急剧攀升，达到90%左右，其截至当年底的应收账款账面余额（坏账计提前值）为44.86亿元，其中未逾期（账期超过四年，仍处信用期内）的部分达到了40.31亿元。
很显然，从2019年开始，亚星客车突然通过疯狂延长应收款账期的方式来扩大产品出货制造账面营收和利润，以换取相对好看的利润表账面数据：2019年，亚星客车的总营收为27.08亿元，同比增长10.19%，但这样的营收数据，相比其同期超过40亿元的账期超过四年的应收账款来说，仍然显得十分“苍白”，由此透镜公司研究也可以判断：亚星客车2019年确认的营收中，绝大部分应该是通过账期超过4年以上的超长赊账方式来实现的，表面上看，亚星客车的货虽然卖出去了，但钱至少要等到四年以后才能全部收回来。
需要指出的是，以上所说的“四年以上”其实还是个非常保守的说法，因为亚星客车披露其应收款账期时，似乎将账期超过四年的应收款全部划入“未逾期（信用期内）”一栏内，至于其具体期限是四年、五年，还是六年、七年，由于该公司信披的颗粒度有限，外界目前还不得而知。
不过，按照一般理解，一辆重度使用的长途营运大巴车可能在投入商业运营5年之后已经接近甚至达到报废标准了，也就是说按亚星客车的应收款账期，客户当初购买的车辆都用到报废了，而亚星客车却可能还没有收回车款来。
关于亚星客车应收款账期的问题，同行业内可以对标的参照的两家上市公司分别是宇通客车和安凯客车：2020年年报显示，宇通客车的应收票据和应收账款期末账面余额（坏账计提前值，本段下同）为102.18亿元，其中账期一年以内的占55%，账期超过四年以上的部分只占1.2%；同期，安凯客车应收票据和应收账款期末账面余额为16.23亿元，其中账期一年以内的占43%，账期超过四年以上的部分也只占27%。
财务模型分析：
不以持续盈利为目的，制造假象讲故事
如果基于以上“商业模式”对亚星客车的财务模型进行一次综合分析的话，就会不难发现，亚星客车的上述“商业模式”完全是不以持续盈利为目的而设计的，它存在的最大合理性解释似乎在于：制造暂时盈利的假象，实现保壳并维稳股价之目的。
透镜公司研究认为，亚星客车的上述“商业模式”本质上是一门“垫资”生意：通过扩大赊销的方式来实现账面收入，但如此一来，对于亚星客车来说：它的产品表面上是卖出去了，但实际上钱却长期收不回来，它利润表上的营收和利润几乎全沉淀到资产负债表中的应收款中去了，所以它挣到的钱全是账面数字——不仅如此，为了挣到这些“账面数字”，亚星客车还得长期不断地垫钱投入生产，以保证订单的交付和账面收入、利润数字的确认与实现。
但问题是，从资产负债表上的余额数据和结构数据来看，亚星客车绝不是什么“富家子弟”，它根本不可能具有长期、持续大额垫资的能力，相反，该公司长期以来一直“囊中羞涩”，所以，亚星客车只能通过对外付息举债的方式来继续它的“垫资”生意——这一点，从亚星客车的核心资产和核心负债数据便不难看出：截至2019年底和2021年中，亚星客车的应收票据和应收账款（含应收款融资）余额分别为40.26亿元和26.31亿元，占其同期总资产的比重分别为81%和77%，是该公司绝对的核心资产；同期，亚星客车的有息负债余额分别为25.45亿元和20.40亿元（其中：短期借款分别为3.67亿元和5.40亿元，一年内到期的非流动负债分别为13.24亿元和8.41亿元，长期借款分别为8.54亿元和6.59亿元），占其同期总负债的比重分别为54%和61%，是其核心负债。
所以问题来了：既然核心资产负债数据显示亚星客车主要靠对外有息举债的方式来垫资生产，以交付那些销售回款账期超长的订单，那么就不得不考虑如下几个问题：亚星客车这些超长账期的销售订单平均毛利润率是多少？它的融资成本又是多少？在漫长的销售回款账期内，亚星客车的产品销售毛利润能否覆盖其累计融资利息支出？
主营业务毛利润率方面，2019年和2020年，亚星客车的营收分别为27.08亿元和18.79亿元，其当期的平均销售毛利润率分别为17.55%和9.42%；融资成本方面，亚星客车2019年和2020年四个季度末的平均有息负债余额（计算口径：有息负债=短期借款+一年内到期的非流动负债+长期借款）分别为23.38亿元和24.29亿元，而其同期的融资利息费用分别为1.11亿元和1.18亿元，由此推算亚星客车2019年、2020年的综合融资成本分别为4.7%和4.9%。
从上述数据不难看出，亚星客车最近两年的平均年化融资成本达到了4.8%左右，而且这个数据还是关联方“特殊照顾”的结果，因为该公司绝大部分的债务融资都来自其关联方旗下的财务公司。透镜公司研究认为，如果真采用完全市场化原则，凭亚星客车最近几年的资产负债状况（最新资产负债率超过98%，离资不抵债仅一步之遥），在没有外力介入的情况下，该公司应该是无法正常取得任何债务融资的，即便能够取得融资，其最终成本也至少是上述数字的两倍以上。
即便是按4.8%的融资成本计算，亚星客车4年（保守假设其应收款回款账期只有4年）的累计融资成本也达到了19.2%，超过了该公司2019年和2020年17.55%和9.42%的销售毛利润率——也就是说，如果按2019年的销售回款账期，亚星客车可能会在销售订单确认的当年实现利润表账面的暂时“盈利”，但这是以未来更大幅度的亏损为代价的，因为亚星客车卖出产品后取得的一次性销售毛利润，甚至可能都不够支付其为交付订单而举债的累计（从销售到回款期间）融资利息支出的，更别提这期间的其他正常运营支出了，这是一种典型的“产品卖得越多、当年盈利越多、但最终亏损也必然更多”的特殊“商业模式”。
综上，再重复一遍：基于上述财务模型分析结果，透镜公司研究认为，亚星客车的上述“商业模式”显然是不以持续盈利为目的而设计的，它存在的最大价值在于帮助公司制造暂时的账面利润，以实现保壳和维稳股价。
财务水分分析：
十亿应收款去向成谜，财务真实性存疑
明显有违正常商业逻辑的“商业模式”所产生出来的财务数据，其真实性究竟如何？这自然也是外界共同关注的问题。如果透镜公司研究怀疑亚星客车财务造假或财务粉饰的话，那首选的怀疑对象就是其奇葩商业模式下所产生的应收账款的真实性，而恰恰，亚星客车就在这项“核心资产”问题上曝出了让人难以理解的漏洞。
截至2019年底，亚星客车的应收账款余额为40.24亿元（坏账计提后，本段下同），但到了2020年底，该公司的应收账款余额大幅下降至30.69亿元，这表明亚星客车2020年应收账款实现了大约10亿元的巨额净回笼（应收账款回笼量减去新增量）——如果仔细对比亚星客车这两年的应收账款结构不难发现其中的非同寻常之处：让亚星客车2020年应收账款实现10亿元净回笼的，居然不是其较近期限销售合同的及时回款所致，反而是拜其远未到期的、期限在4年以上的超长账期应收账款提前收回所赐。
理论上，2019年底账期为4年以上的应收账款在2020年底的时候应该结转成剩余期限在3年以上（含4年以上）的应收账款，因此，即便完全不考虑2020年新增的账期在3年以上（含4年以上）的应收账款部分，亚星客车2020年底账期在3年以上（不含4年以上）及未逾期（账期超过四年，仍处信用期内）的两部分应收账款之和，不应该低于该公司2019年底时未逾期（账期超过四年，仍处信用期内）的应收账款余额才对，但实际情况却是：2019年底，亚星客车未逾期（账期超过四年，仍处信用期内）的应收账款余额为40.31亿元（计提前值，本段下同），但到了2020年底，该公司3年以上期（不含4年以上）期和未逾期（账期超过四年，仍处信用期内）的应收账款余额之和却变成了29.83亿元。
以上数据表明，2020年，亚星客车至少有10亿元级别以上的超长账期应收账款可能被提前收回来了（如果考虑到2020年新增超长账期的应收款，实际数字可能还不只如此），此处至少存在两大疑问：
其一，亚星客车提前数年从客户那里收回了巨额的货款，同时还未向应收客户让利，他们是如何做到的？如此“中国好客户”怕是打着灯笼都难找吧？更何况，这种事情还发在疫情全面爆发、企业纷纷选择现金为王的2020年！
其二，更让人难以理解的是，如果亚星客车应收款大幅减少确实是超长账款应收账款提前回收所致，那么如此巨额的资金流动应该会在其当期现金流中有所体现，但问题是，透镜公司研究在亚星客车同期的现金流量表中找不到这笔巨资回流的充分、合理痕迹。
2020年，亚星客车实现营业收入18.79亿元，在此基础上，如果该公司2020年同时还实现了10亿元的应收账款净回笼（回笼量减新增量）的话，那么考虑到13%的增值税率因素，一般情况下，亚星客车2020年现金流量表中“销售商品、提供劳务取得的现金”应该在33亿元左右，但实际情况却是：2020年，亚星客车销售商品、提供商务取得的现金却只有25.11亿元，其间的“误差”为8亿元。
根据三大财务报表间的勾稽关系，产生这8亿元“误差”的常见原因可能如下：
一是，亚星客车27亿元的营收中有大量是其前期预收款合同正式履约确认收入形成的，其营收虽然确认在2020年，但实际合同款可能在2019年及以前就提前预收了——但这种可能性几乎不存在，因为最近十年该公司的预收账款（合同负债）最高的时候也就3801万元；
二是，亚星客车与客户之间存在巨额的票据结算行为，其客户以票据的形式支付货款，且这些票据被亚星客车提前背书转让或贴现了——但这种可能性也微乎其微，因为该公司最近10年的最高应收票据余额也才只有5008万元，票据从来都不是该公司主要的合同回款结算方式；
三是，亚星客车存在巨额的非现金交易，其销售回款中有极高的比例不是通过现金完成的——目前来看，这种可能性最大，但相应的问题也最明显：8亿元的非现金交易，这个数额相较亚星客车当期的资产和业务规模而言是不是有些大？而且，非现金交易的标的合同本身就存在合同价值合理、可靠计量的问题，打个简单的比方：甲上市公司用一辆客运大巴车等价交换乙上市公司100台笔记本电脑，这个交易价值到底算是多少？如果完全按市场价值来算的话，这笔交易对价可能是50万元，但如果双方都想刷一下各自的财务数据的话，把交易价值在合同中明确为80万元似乎也说得过去，如此一来大家当期的收入和利润数据就都更好看了……
经典回顾
广誉远：货真卖出去了？款真能收回来？坏账计提到位了？ 华晨翻车：强行并表BMW刷评级，背后藏着一个极品型债券陷阱 广州浪奇：存货“失踪”后，应收款安全系数几何？贵州茅台中报真增长还是伪增长？今年茅台酒还会一瓶难求吗？ 瑞幸第二？神州优车涉嫌虚增1/3收入？ 易见股份：数据好得不真实，百亿保理贷款藏着多少秘密？ 贵州茅台：是否隐藏利润？如何隐藏？隐藏了多少？华谊兄弟商誉化解术：满分财伎四两拨千斤，10亿商誉遭隐藏 华谊兄弟离“海航式缩表瘦身”还有多远？ 联合资信评级“翻车”复盘：方正集团违约前夜3A评级是如何出炉的
格力混改交易架构分解：董明珠如何巧设杠杆实现少数派当家？ 海信老矣，尚能饭否？ 佳兆业尴局：昔日利润调节神器今成累赘，离卖血还债有多远？ 谁缔造了兰生股份十年业绩神话：炒股高手？OR会计高手 解码美的资本运作神迹：40亿回购如何精准护航144亿并购？ 解构铁汉生态神话：举债烧钱扩张20倍，资金链还能扛多久？
（来源：透镜公司研究的财富号 2021-08-09 11:43）[点击查看原文]
展开阅读全文"
唉，看了你一段时间了，小队形那个漂亮啊,"https://guba.eastmoney.com/news,600213,1069505592.html",2021-08-10 23:40:01,"唉，看了你一段时间了，小队形漂亮。
但却一路南飞，不解啊，就一直忍着没有参与。
现在基本完蛋了，凉凉。。。。。。"
亚星客车澄清：媒体报道涉及公司相关内容与实际情况不符,"https://guba.eastmoney.com/news,600213,1069459615.html",2021-08-10 20:27:31,"来源：e公司
　　亚星客车(600213)8月10日晚间公告，公司关注到近日有关媒体发布题为《财务模型有违商业逻辑，当心掉进财务造假陷阱》涉及公司的相关报道。经核实，该报道涉及公司相关内容与公司实际情况不符，公司希望有关媒体在全面掌握公司相关信息的情况下客观真实报道，公司亦愿意按照正常渠道积极与相关媒体沟通，以免产生片面或选择性报道而给投资者造成误导。
（文章来源：e公司）[点击查看原文]"
小市值研发费用占比如此高，这是近几年所有公司利用研发索取钱财的惯用伎俩，可怜我们,"https://guba.eastmoney.com/news,600213,1069469838.html",2021-08-10 21:05:32,小市值研发费用占比如此高，这是近几年所有公司利用研发索取钱财的惯用伎俩，可怜我们散户
明天涨停！,"https://guba.eastmoney.com/news,600213,1069432339.html",2021-08-10 18:34:07,"明天涨停！
东方财富资讯君
我国将制定氢能发展战略 氢气内燃机有望纳入其中获得支持
在碳达峰、碳中和目标的推动下，氢燃料电池技术高速发展。但这还不够，多家商用车企正在解锁氢能源的另一种利用形式——氢气发动机。记者从工业和信息化部获悉，该部将支持发展零碳排放的氢气发动机，下一步还将积极配合相关部门制定氢能发展战略，研究推动将氢气内燃机纳入其中予以支持。我国将制定氢能发展战略工业和信息化部是在对十三届全国人大四次会议第5736号建议的答复中做出以上表态的。工业和...
2021/8/10 17:16:52财经评论吧"
有点想涨停，，试一下，，，，，准备，，直线飙升,"https://guba.eastmoney.com/news,600213,1069258531.html",2021-08-10 13:33:46,，，，
今天能涨停不？,"https://guba.eastmoney.com/news,600213,1069044659.html",2021-08-10 09:41:07,今天能涨停不？
最近股吧很安静啊！上个月两大门派弟子都走了人？,"https://guba.eastmoney.com/news,600213,1068912312.html",2021-08-09 19:53:59,"人走茶凉啊！
"
可以建议一下公司，生产电池吗,"https://guba.eastmoney.com/news,600213,1068619246.html",2021-08-09 10:27:16,可以建议一下公司，生产电池吗
开始上涨了！,"https://guba.eastmoney.com/news,600213,1068745715.html",2021-08-09 13:27:24,开始上涨了！
何必在一棵树上吊死,"https://guba.eastmoney.com/news,600213,1068702503.html",2021-08-09 11:57:14,何必在一棵树上吊死
拉涨，加仓,"https://guba.eastmoney.com/news,600213,1068668988.html",2021-08-09 11:09:42,拉涨，加仓
潍柴动力最近一直涨了,"https://guba.eastmoney.com/news,600213,1068629929.html",2021-08-09 10:35:41,潍柴动力最近一直涨了
已经到下限，随时启动上涨,"https://guba.eastmoney.com/news,600213,1068575012.html",2021-08-09 09:58:11,已经到下限，随时启动上涨
好消息,"https://guba.eastmoney.com/news,600213,1068186514.html",2021-08-06 18:14:13,"好消息
东方财富资讯君
锂电技术再迎突破 燃料电池也有重磅消息 市场还要“卷”？
市场可能还要“卷”一段！8月6日，上证指数收跌0.24%，创业板指跌1.18%。从结构来看，新冠防治概念股全面走弱，其中新冠疫苗股跌幅惨重，整个生物疫苗板块市值蒸发近1000亿元。锂电池产业链则持续发酵，稀土永磁也强势续力。两市成交额连续13个交易日突破万亿。新冠疫苗板块最近表现其实是要强于整个医药板块的，但今天突然杀跌，可能与两件事有关：一是某大V大推特平台发布消息称，国内一直...
2021/8/6 17:27:09财经评论吧"
比中通强多了,"https://guba.eastmoney.com/news,600213,1068510941.html",2021-08-09 09:23:56,比中通强多了
亚星客车本周融资净偿还596.67万元，居汽车行业板块第十四,"https://guba.eastmoney.com/news,600213,1068415067.html",2021-08-08 15:03:40,"亚星客车本周(2021/08/02-2021/08/06)累计跌幅达1.61%，截至8月6日最新股价报收7.32元。从增量上来看，8月2日至8月6日融资买入交易规模1276.78万元，融资偿还规模1873.45万元，期内融资净偿还596.67万元。从存量上来看，截止8月8日，亚星客车融资融券余额7488.28万元，其中融资余额规模7488.28万元，融券余额规模0元。
数据来源：东方财富Choice数据
在两市2095家融资融券标的中，亚星客车期内融资净买入值排名第1518，期末融资余额排名第1794。按东财二级行业分类的融资融券标的统计情况来看，在所属汽车行业板块中，亚星客车本周融资净买入额排名53/66，期末融资余额行业排名53/66。
数据来源：东方财富Choice数据
免责声明：本文基于大数据生产，仅供参考，不构成任何投资建议，据此操作风险自担。

"
这吧里太冷清了！没人关注的垃圾废品！！,"https://guba.eastmoney.com/news,600213,1068377561.html",2021-08-08 07:48:55,这吧里太冷清了！没人关注的垃圾废品！！
我还以为能到20亿,"https://guba.eastmoney.com/news,600213,1068077160.html",2021-08-06 14:12:00,我还以为能到20亿
每天都是下套的走法。[围观][围观][围观],"https://guba.eastmoney.com/news,600213,1068010379.html",2021-08-06 13:08:29,每天都是下套的走法。
6.5耐心等待入场,"https://guba.eastmoney.com/news,600213,1068065290.html",2021-08-06 14:00:39,6.5耐心等待入场
建议退市[加油][加油][加油][加油][加油],"https://guba.eastmoney.com/news,600213,1068052984.html",2021-08-06 13:49:39,建议退市
此股真是丢新能源的脸，什么没得扒了,"https://guba.eastmoney.com/news,600213,1068046803.html",2021-08-06 13:43:58,此股真是丢新能源的脸，什么没得扒了
这个票里散户太多了庄家根本就不想拉,"https://guba.eastmoney.com/news,600213,1067963472.html",2021-08-06 11:24:20,这个票里 散户太多了 庄家根本就不想拉
亚星估计要完蛋了，什么都被给败光了…,"https://guba.eastmoney.com/news,600213,1068033450.html",2021-08-06 13:31:16,亚星估计要完蛋了，什么都被给败光了…
主力太垃圾了,"https://guba.eastmoney.com/news,600213,1067803075.html",2021-08-06 09:37:26,主力太垃圾了
还有没有继续下去的动力,"https://guba.eastmoney.com/news,600213,1067925579.html",2021-08-06 10:52:49,还有没有继续下去的动力
最怂的庄,"https://guba.eastmoney.com/news,600213,1067723964.html",2021-08-05 23:32:23,最怂的庄
此股已废鉴定完毕,"https://guba.eastmoney.com/news,600213,1067588609.html",2021-08-05 15:00:53,此股 已废 鉴定完毕
这股确实废了，好歹出个公告，不管好赖，啥也没有，就一直跌吧！,"https://guba.eastmoney.com/news,600213,1067637960.html",2021-08-05 17:22:13,这股确实废了，好歹出个公告，不管好赖，啥也没有，就一直跌吧！
转发,"https://guba.eastmoney.com/news,600213,1067595188.html",2021-08-05 15:09:36,"转发
东方财富资讯君
很抱歉，您访问的帖子不存在
很抱歉，您访问的帖子不存在
2021/8/5 12:25:24财经评论吧"
你的队友都红盘了，你加油,"https://guba.eastmoney.com/news,600213,1067491690.html",2021-08-05 13:32:52,你的队友都红盘了，你加油
主力，好久没涨停过啦,"https://guba.eastmoney.com/news,600213,1067444496.html",2021-08-05 12:11:09,主力，好久没涨停过啦
小市值，大利好，拉涨,"https://guba.eastmoney.com/news,600213,1067333067.html",2021-08-05 10:15:24,小市值，大利好，拉涨
比跌第一名,"https://guba.eastmoney.com/news,600213,1067365107.html",2021-08-05 10:38:31,比跌第一名
主力，继续拉涨！,"https://guba.eastmoney.com/news,600213,1067300369.html",2021-08-05 09:55:29,主力，继续拉涨！
至少20亿,"https://guba.eastmoney.com/news,600213,1066861025.html",2021-08-04 11:13:05,至少20亿
我是万万没想到，你是真不行啊,"https://guba.eastmoney.com/news,600213,1066785174.html",2021-08-04 10:13:53,我是万万没想到，你是真不行啊
今天大概率能调到7.08元～～,"https://guba.eastmoney.com/news,600213,1066671786.html",2021-08-04 04:25:54,今天大概率能调到7.08元～～
新能源低低市值股，向上看涨,"https://guba.eastmoney.com/news,600213,1066761196.html",2021-08-04 09:57:50,新能源低低市值股，向上看涨
新能源，就是你的不死光环。,"https://guba.eastmoney.com/news,600213,1066745202.html",2021-08-04 09:47:46,新能源，就是你的不死光环。
和金龙汽车真是一对胞弟啊……收盘价也是一样…………呵呵,"https://guba.eastmoney.com/news,600213,1066594186.html",2021-08-03 19:03:06,和金龙汽车真是一对胞弟啊……收盘价也是一样…………呵呵
600213:扬州亚星客车股份有限公司关于公司控股股东委托贷款展期暨关联交易的公告,"https://guba.eastmoney.com/news,600213,1066561074.html",2021-08-03 16:37:13,"公告日期：2021-08-04

证券代码：600213 证券简称：亚星客车 公告编号：2021-073
扬州亚星客车股份有限公司

关于公司控股股东委托贷款展期暨关联交易的公告

本公司董事会及全体董事保证本公告内容不存在任何虚假记载、误导性陈述或者重大遗漏，并对其内容的真实性、准确性和完整性承担个别及连带责任。

重要内容提示：

扬州亚星客车股份有限公司（以下简称“公司”）拟向控股股东潍柴（扬州）亚星汽车有限公司（以下简称“潍柴扬州公司”）申请将于近期到期的 6,000 万元委托贷款展期 1 年，利率 4.16%，不高于中国人民银行同期同档次贷款基准利率，按月结息；委托贷款到期时公司一次性偿还本金。本次委托贷款手续费为贷款金额的万分之五，由潍柴扬州承担。本次委托贷款担保方式为应收账款质押。

该交易构成关联交易，不构成《上市公司重大资产重组管理办法》规定的重大资产重组。

该交易已经公司第八届董事会第三次会议审议通过，根据《上海证券交易所股票上市规则》及《公司章程》等规定，需提交公司股东大会审议。

一、关联交易概述

2020 年 8 月 20 日，公司与潍柴扬州公司及山东重工集团财务有限公司签订了《委
托贷款合同》，到期日为 2021 年 8 月 19 日。届时公司将偿还本金 6000 万元。

经公司与潍柴扬州公司协商，拟对该笔委托贷款进行展期，展期期限为一年，展
期后到期日为 2022 年 8 月 19 日，利率 4.16%，不高于中国人民银行同期同档次贷款基
准利率，按月结息；委托贷款到期时公司一次性偿还本金。本次委托贷款手续费为贷款金额的万分之五，由潍柴扬州承担。本次委托贷款担保方式为应收账款质押。

本次交易对方潍柴扬州公司为公司控股股东，根据《上海证券交易所股票上市规则》相关规定，本次交易构成关联交易。


二、关联方介绍

1、关联方关系介绍

潍柴（扬州）亚星汽车有限公司持有公司 112,200,000股，占公司总股本的51.00%，为公司的控股股东。

2、关联人基本情况

公司名称：潍柴（扬州）亚星汽车有限公司

企业类型：有限责任公司

注册地址：扬州市扬菱路 8 号

法定代表人：张泉

注册资本：133,900 万元

经营范围：汽车零部件研究开发、制造、销售及服务；汽车(不含小轿车)研究开发、销售及服务；客车、客车底盘开发、生产、销售及服务；自营和代理各类商品及技术的进出口业务；汽车及汽车零部件产业实业投资,有形动产租赁(不含融资租赁)服务。（依法须经批准的项目，经相关部门批准后方可开展经营活动）。

三、关联交易定价政策

本次交易利率 4.16%，不高于中国人民银行同期同档次贷款基准利率，按月结息；本次委托贷款展期手续费为贷款金额的万分之五，由潍柴扬州公司承担。关联交易的定价遵循公开、公平、公正的原则，不存在损害上市公司及全体股东特别是中小股东利益的情形。

四、关联交易的目的及影响

本次交易有利于补充公司流动资金，降低公司融资成本。体现了公司控股股东对公司业务发展的大力支持。本次关联交易不损害公司和中小股东利益，不会影响公司的独立性。

五、该关联交易应当履行的审议程序

2021 年 8 月 3 日召开的公司第八届董事会第三次会议审议通过了《关于公司控股
股东委托贷款展期暨关联交易的预案》，根据《上海证券交易所上市公司关联交易实施
指引》规定，公司董事会审议本预案时，关联董事丁迎东、曲洪坤、王春鼎回避表决。表决结果：6 票同意，0 票反对，0 票弃权。

本次关联交易事项已取得独立董事的事前认可，并发表了如下独立意见：

1．公司控股股东潍柴扬州公司通过山东重工集团财务有限公司以委托贷款方式向公司提供借款 6,000 万元展期事项，有助于满足公司生产经营资金需求，本次委托贷款担保方式为应收账款质押，利率符合市场行情，交易遵循公平、公正、公允的原则，不会损害公司及中小股东利益，也不会影响公司的独立性。

2．公司董事会在审议《关于公司控股股东委托贷款展期暨关联交易的预案》时，关联董事回避了表决，表决程序合法。

此项交易尚须获得股东大会的批准，与该关联交易有利害关系的关联人将在股东大会上放弃行使对该议案的投票权。

六、需要特别说明的历史关联交易（日常关联交易除外）情况

除本次交易外，过去 12 个月内与控股股东潍柴（扬州）亚星汽车有限公司进行的关联交易金额为人民币 4.6 亿元。

七、备查文件

1、公司第八届董事会第三次会议决议。

2、独立董事意见。

特此公……
[点击查看PDF原文]
提示：本网不保证其真实性和客观性，一切有关该股的有效信息，以交易所的公告为准，敬请投资者注意风险。
展开阅读全文"
600213:扬州亚星客车股份有限公司第八届董事会第三次会议决议公告,"https://guba.eastmoney.com/news,600213,1066561079.html",2021-08-03 16:37:12,"公告日期：2021-08-04

证券代码：600213 证券简称：亚星客车 公告编号：2021-072
扬州亚星客车股份有限公司

第八届董事会第三次会议决议公告

本公司董事会及全体董事保证本公告内容不存在任何虚假记载、误导性陈述或者重大遗漏，并对其内容的真实性、准确性和完整性承担个别及连带责任。

一、董事会会议召开情况

（一）本次董事会会议的召开符合《公司法》和《公司章程》的有关规定。

（二）本次董事会会议通知和议案材料于 2021 年 7 月 29 日以书面及电子邮件形
式送达全体董事。

（三）本次董事会会议于 2021 年 8 月 3 日以通讯方式召开。

（四）本次董事会会议应参加表决董事 9 人，实际参加表决董事 9 人。

（五）本次董事会会议由董事长李树朋先生主持。

二、董事会会议审议情况

1、审议通过《关于公司控股股东委托贷款展期暨关联交易的预案》

2020 年 8 月 20 日，公司与潍柴（扬州）亚星汽车有限公司（以下简称“潍柴扬州
公司”）及山东重工集团财务有限公司签订了《委托贷款合同》，到期日为 2021 年 8 月19 日。届时公司将偿还本金 6000 万元。

经公司与潍柴扬州公司协商，拟对该笔委托贷款进行展期，展期期限为一年，展
期后到期日为 2022 年 8 月 19 日，利率 4.16%，不高于中国人民银行同期同档次贷款基
准利率，按月结息；本次委托贷款到期时公司一次性偿还本金。本次委托贷款手续费为贷款金额的万分之五，由潍柴扬州公司承担。本次委托贷款担保方式为应收账款质押。


具体内容详见公司在上海证券交易所网站（www.sse.com.cn）披露的《关于公司控股股东委托贷款展期暨关联交易的公告》。

3 名关联董事回避表决，6 名非关联董事参加表决。表决结果：6 票同意，0 票反
对，0 票弃权。

本预案将形成议案，提交股东大会审议。

2、审议通过《关于召开 2021 年第二次临时股东大会的议案》

具体内容详见公司在上海证券交易所网站（www.sse.com.cn）披露的《关于召开2021 年第二次临时股东大会的通知》。

表决结果：9 票同意，0 票反对，0 票弃权。

三、上网公告附件

独立董事意见。

特此公告。

扬州亚星客车股份有限公司董事会

二Ｏ二一年八月四日


[点击查看PDF原文]
提示：本网不保证其真实性和客观性，一切有关该股的有效信息，以交易所的公告为准，敬请投资者注意风险。
展开阅读全文"
600213:扬州亚星客车股份有限公司关于召开2021年第二次临时股东大会的通知,"https://guba.eastmoney.com/news,600213,1066561068.html",2021-08-03 16:37:11,"公告日期：2021-08-04

证券代码：600213 证券简称：亚星客车 公告编号：2021-074

扬州亚星客车股份有限公司

关于召开 2021 年第二次临时股东大会的通知

本公司董事会及全体董事保证本公告内容不存在任何虚假记载、误导性陈述或者重大遗漏，并对其内容的真实性、准确性和完整性承担个别及连带责任。

重要内容提示：

股东大会召开日期：2021年8月19日

本次股东大会采用的网络投票系统：上海证券交易所股东大会网络投票
系统

一、 召开会议的基本情况
(一) 股东大会类型和届次
2021 年第二次临时股东大会
(二) 股东大会召集人：董事会
(三) 投票方式：本次股东大会所采用的表决方式是现场投票和网络投票相结
合的方式
(四) 现场会议召开的日期、时间和地点

召开的日期时间：2021 年 8 月 19 日 14 点 00 分

召开地点：公司 316 会议室
(五) 网络投票的系统、起止日期和投票时间。


网络投票系统：上海证券交易所股东大会网络投票系统

网络投票起止时间：自 2021 年 8 月 19 日

至 2021 年 8 月 19 日

采用上海证券交易所网络投票系统，通过交易系统投票平台的投票时间为股东大会召开当日的交易时间段，即 9:15-9:25,9:30-11:30，13:00-15:00；通过互联网投票平台的投票时间为股东大会召开当日的 9:15-15:00。
(六) 融资融券、转融通、约定购回业务账户和沪股通投资者的投票程序

涉及融资融券、转融通业务、约定购回业务相关账户以及沪股通投资者
的投票，应按照《上海证券交易所上市公司股东大会网络投票实施细则》等
有关规定执行。
(七) 涉及公开征集股东投票权
不适用
二、 会议审议事项

本次股东大会审议议案及投票股东类型

序 投票股东类型
号 议案名称 A 股股东

非累积投票议案

1 关于公司董事、监事薪酬的议案 √

2 关于公司控股股东委托贷款展期暨关联交易的议案 √

1、 各议案已披露的时间和披露媒体

上述议案 1 披露时间是 2021 年 7 月 10 日，议案 2 披露时间是 2021 年 8 月 4
日。披露媒体均是《上海证券报》和上海证券交易所网站。
2、 特别决议议案：不适用
3、 对中小投资者单独计票的议案：2
4、 涉及关联股东回避表决的议案：2

应回避表决的关联股东名称：潍柴（扬州）亚星汽车有限公司

5、 涉及优先股股东参与表决的议案：不适用
三、 股东大会投票注意事项

(一) 本公司股东通过上海证券交易所股东大会网络投票系统行使表决权
的，既可以登陆交易系统投票平台（通过指定交易的证券公司交易终端）
进行投票，也可以登陆互联网投票平台（网址：vote.sseinfo.com）进
行投票。首次登陆互联网投票平台进行投票的，投资者需要完成股东身
份认证。具体操作请见互联网投票平台网站说明。

(二) 股东通过上海证券交易所股东大会网络投票系统行使表决权，如果
其拥有多个股东账户，可以使用持有公司股票的任一股东账户参加网络
投票。投票后，视为其全部股东账户下的相同类别普通股或相同品种优
先股均已分别投出同一意见的表决票。

(三) 同一表决权通过现场、本所网络投票平台或其他方式重复进行表决
的，以第一次投票结果为准。

(四) 股东对所有议案均表决完毕才能提交。
四、 会议出席对象
(一) 股权登记日收市后在中国证券登记结算有限责任公司上海分公司登记在
册的公司股东有权出席股东大会（具体情况详见下表），并可以以书面形式委
托代理人出席会议和参加表决。该代理人不必是公司股东。

股份类别 股票代码 股票简称 股权登记日

Ａ股 600213 亚星客车 2021/8/12

(二) 公司董事、监事和高级管理人员。
(三) 公司聘请的律师。
(四) 其他人员
五、 会议登记方法

（一）登记方式

1、法人股东由法定代表人出席……
[点击查看PDF原文]
提示：本网不保证其真实性和客观性，一切有关该股的有效信息，以交易所的公告为准，敬请投资者注意风险。
展开阅读全文"
600213:亚星客车独立董事关于公司控股股东委托贷款展期暨关联交易的独立意见,"https://guba.eastmoney.com/news,600213,1066561065.html",2021-08-03 16:37:09,"公告日期：2021-08-04

扬州亚星客车股份有限公司独立董事

关于公司控股股东委托贷款展期暨关联交易的

独立意见

根据《在上市公司建立独立董事制度的指导意见》、《上海证券交易所股票上市规则》、《独立董事工作制度》等有关规定，我们作为扬州亚星客车股份有限公司（以下简称公司）独立董事，对公司控股股东潍柴（扬州）亚星汽车有限公司（以下简称潍柴扬州公司）委托贷款展期暨关联交易事项发表独立意见如下：

1．公司控股股东潍柴扬州公司通过山东重工集团财务有限公司以委托贷款方式向公司提供借款 6000 万元展期事项，有助于满足公司生产经营资金需求，本次委托贷款担保方式为应收账款质押，利率符合市场行情，交易遵循公平、公正、公允的原则，不会损害公司及中小股东利益，也不会影响公司的独立性。

2．公司董事会在审议《关于公司控股股东委托贷款展期暨关联交易的预案》时，关联董事回避了表决，表决程序合法。
独立董事：

陈留平 温德成 赵毅红

二Ｏ二一年八月三日


[点击查看PDF原文]
提示：本网不保证其真实性和客观性，一切有关该股的有效信息，以交易所的公告为准，敬请投资者注意风险。"
快补仓呀,"https://guba.eastmoney.com/news,600213,1066487224.html",2021-08-03 14:26:49,快补仓呀
这家公司还有董秘啊，难得。董秘至少20亿，加油！,"https://guba.eastmoney.com/news,600213,1066478975.html",2021-08-03 14:19:23,这家公司还有董秘啊，难得。董秘至少20亿，加油！
山东比德文汽车目前还没有上市，亚星可以考虑收购这家企业，完善公司产品类型，打开公,"https://guba.eastmoney.com/news,600213,1066455558.html",2021-08-03 13:50:21,"山东比德文汽车目前还没有上市，亚星可以考虑收购这家企业，完善公司产品类型，打开公司成长空间，请务必向公司管理层转达，谢谢！
*ST亚星
亚星客车：感谢您的建议！
(来自上证e互动)答复时间 2021-08-03 13:50:21"
现在国内新能源电动汽车市场非常好，公司是否会考虑转型发展小型新能源汽车？或者收购,"https://guba.eastmoney.com/news,600213,1066455555.html",2021-08-03 13:49:21,"现在国内新能源电动汽车市场非常好，公司是否会考虑转型发展小型新能源汽车？或者收购国内一些知名的微型电动汽车厂商，像雷丁电动汽车就很不错，希望亚星能尽早转型生产小微家用汽车，提升公司业绩，谢谢！
*ST亚星
亚星客车：感谢您的建议！
(来自上证e互动)答复时间 2021-08-03 13:49:21"
8.5见,"https://guba.eastmoney.com/news,600213,1066364392.html",2021-08-03 11:26:33,8.5见
再次上车,"https://guba.eastmoney.com/news,600213,1065272843.html",2021-07-30 14:53:57,再次上车
诱多？诱空？~~智者自会了然于胸，坦然处之。,"https://guba.eastmoney.com/news,600213,1065981616.html",2021-08-02 14:21:17,诱多？诱空？~~智者自会了然于胸，坦然处之。
退市倒计时开始啦。,"https://guba.eastmoney.com/news,600213,1065707960.html",2021-08-02 09:38:50,退市倒计时开始啦。
（8-2）亚星客车连续三日收于年线之上，前次最大涨幅3.58%,"https://guba.eastmoney.com/news,600213,1066035037.html",2021-08-02 15:25:45,"2021年8月2日，亚星客车A股开盘7.72元，全日上涨2.15%，股价收报7.60元。自2021年7月29日以来，亚星客车收盘价连续三日收于年线（250日均线）之上。
前次回顾
东方财富Choice数据显示，亚星客车股价前一次连续三日收于年线之上为今年的7月22日，当日收盘价为7.82元（前复权）。次日亚星客车股价有所上涨，涨幅为1.79%，但下一日便向下跌破支撑价位7.82元，区间最大涨幅为3.58%。
历史回测
回溯近一年股价，亚星客车共计实现4次连续三日收于年线之上。值得注意的是，次日股价均实现了不同程度的上涨，其中次日最大涨幅为3.26%。
市场统计
统计2020年2月3日至2021年2月2日的全市场数据，东方财富Choice数据显示，共有3187只个股连续三日收与年线之上10397次，其中4971次第二日股价上涨，5165次股价下跌，261次股价无变动，全市场次日平均收益率为0.17%。若将期限拉长，一个月（20日）、三个月（60日）、六个月（120日）平均收益率分别为0.86%、3.23%、7.69%。
注：本文所使用的年线数据为未剔除停牌日的数据。
免责声明：本文基于大数据生产，仅供参考，不构成任何投资建议，据此操作风险自担。

"
这次慢涨先站稳20亿，其他汽车股都飞天了，你加油,"https://guba.eastmoney.com/news,600213,1066005092.html",2021-08-02 14:43:51,这次慢涨先站稳20亿，其他汽车股都飞天了，你加油
这股有毒，,"https://guba.eastmoney.com/news,600213,1065919264.html",2021-08-02 13:18:46,这股有毒，
业绩亏损可以参考易见股份，st易见,"https://guba.eastmoney.com/news,600213,1065466679.html",2021-07-31 11:58:31,业绩亏损可以参考易见股份，st易见
垃圾[惨!关灯吃面][惨!关灯吃面][惨!关灯吃面],"https://guba.eastmoney.com/news,600213,1065831814.html",2021-08-02 10:58:32,垃圾
竞价跌停是怎么回事,"https://guba.eastmoney.com/news,600213,1065684902.html",2021-08-02 09:27:07,竞价跌停是怎么回事
