标题,链接,发布时间,内容
今天如果实现不了量价反包，依然为下跌趋势,"https://guba.eastmoney.com/news,601615,1208293517.html",2022-07-20 11:32:55,$明阳智能(SH601615)$  今天如果实现不了量价反包，依然为下跌趋势
从没感觉北上资金如此丑陋，[主力],"https://guba.eastmoney.com/news,601615,1208312935.html",2022-07-20 12:40:38,从没感觉北上资金如此丑陋，
下跌放量，上涨无量，诱多小王子，下午跌回去,"https://guba.eastmoney.com/news,601615,1208296398.html",2022-07-20 11:39:12,$明阳智能(SH601615)$  下跌放量，上涨无量，诱多小王子，下午跌回去
这货都赶不上热的,"https://guba.eastmoney.com/news,601615,1208310556.html",2022-07-20 12:29:40,这货都赶不上热的
大金上一百你能到40,"https://guba.eastmoney.com/news,601615,1208253520.html",2022-07-20 10:53:09,$明阳智能(SH601615)$  大金上一百你能到40
太弱了，闭着眼睛买大金重工都比你强,"https://guba.eastmoney.com/news,601615,1208254569.html",2022-07-20 10:54:07,太弱了，闭着眼睛买大金重工都比你强
大金是怎么都跌不下去，明阳是怎么都涨不上来！,"https://guba.eastmoney.com/news,601615,1208175468.html",2022-07-20 09:56:43,$明阳智能(SH601615)$  大金是怎么都跌不下去，明阳是怎么都涨不上来！
在大金振江天顺面前就是垃圾,"https://guba.eastmoney.com/news,601615,1208226048.html",2022-07-20 10:30:26,在大金 振江 天顺面前就是垃圾
清户不玩上当了，我要唱空,"https://guba.eastmoney.com/news,601615,1208257566.html",2022-07-20 10:56:38,$明阳智能(SH601615)$  清户不玩上当了，我要唱空
我昨天就说了，跌了就是加仓机会。哪么多sb骂我，无语了。都是散户我怎么会害你们呢,"https://guba.eastmoney.com/news,601615,1208264739.html",2022-07-20 11:02:54,"$明阳智能(SH601615)$  
我昨天就说了，跌了就是加仓机会。哪么多sb骂我，无语了。都是散户我怎么会害你们呢？。"
大金涨两倍了，这货真不行,"https://guba.eastmoney.com/news,601615,1208275909.html",2022-07-20 11:13:19,大金涨两倍了，这货真不行
年内百元股妥妥的，如果各方配合好300也不是梦,"https://guba.eastmoney.com/news,601615,1208266741.html",2022-07-20 11:04:39,$明阳智能(SH601615)$  年内百元股妥妥的，如果各方配合好300也不是梦
这样的操作已经一倍多了，翻翻我前边的操作你就懂得！继续拿，炒股就得炒。。。短线就,"https://guba.eastmoney.com/news,601615,1207625264.html",2022-07-19 05:50:19,"$明阳智能(SH601615)$  这样的操作已经一倍多了，翻翻我前边的操作你就懂得！继续拿，炒股就得炒。。。短线就
。炒  炒 炒。。。
"
顶背离已现～,"https://guba.eastmoney.com/news,601615,1207133248.html",2022-07-17 19:36:14,$明阳智能(SH601615)$  顶背离已现～
公司是个好公司，但市场资金又回到了炒小不炒大的故事中来了，加上明阳主力没性格，任,"https://guba.eastmoney.com/news,601615,1208301747.html",2022-07-20 11:53:50,$明阳智能(SH601615)$  公司是个好公司，但市场资金又回到了炒小不炒大的故事中来了，加上明阳主力没性格，任意其他小风电超过自己的龙头地位
保本出来了，前期涨得太多了，有点怕,"https://guba.eastmoney.com/news,601615,1208300780.html",2022-07-20 11:50:40,$明阳智能(SH601615)$  保本出来了，前期涨得太多了，有点怕
明阳智能被沪股通减持366.04万股，已连续11日被沪股通减持，共计6427.7,"https://guba.eastmoney.com/news,601615,1208213782.html",2022-07-20 10:21:28,$明阳智能(SH601615)$  明阳智能被沪股通减持366.04万股，已连续11日被沪股通减持，共计6427.74万股，最新持股量为2.73亿股，占公司A股总股本的12.97%。减持还早着呢
致同助力明阳智能GDR在伦交所挂牌上市,"https://guba.eastmoney.com/news,601615,1208287266.html",2022-07-20 11:24:55,"7月13日，明阳智慧能源集团股份公司（以下简称“明阳智能”）发行的全球存托凭证（GDR）在伦敦证券交易所正式挂牌上市，证券代码为MYSE.L。明阳智能成为互联互通存托凭证业务新规实施以来，首家完成GDR境外上市的A股上市公司，也成为“中欧通”框架下在伦敦证券交易所上市的首家中国民企。
致同依托深厚的专业知识、多年的经验积累以及丰富的全球资源，为本次发行组建了国际化团队，以优质高效的服务，助力明阳智能成功完成此次GDR的发行工作。



致同项目组及其他中介机构与明阳智能管理层合影
据悉，明阳智能成立于2006年，主营风电整机和相关配件销售，以及风电场发电业务。此次GDR最终发行价格为每份21美元，发行数量数量为3366.05万份，所代表的基础证券A股股票168,302,500股，募集资金总额706,870,500美元。
2019年，“沪伦通”通航，上海证交所和伦敦股票交易市场实现互联互通，即允许上海证券交易所上市公司发行GDR，并在伦敦证券交易所上市。今年2月，中国证监会发布《境内外证券交易所互联互通存托凭证业务监管规定》，将“沪伦通”机制扩容为“中欧通”机制，深圳证券交易所和德国、瑞士纳入互联互通适用范围。
业内人士分析认为，作为新规出台后的首个项目，明阳智能本次GDR成功发行对中国企业尤其是制造业进军欧洲市场意义重大，将有利于促进并深化中欧资本市场互联互通、借助境外资本市场加快实体经济发展。



致同项目组与明阳智能管理层合影
明阳智能方面介绍，GDR项目在开簿后一个小时内便实现了对初始规模的覆盖，并在获得超过初始规模5倍的认购后提前结束簿记。在海内外投资机构的热烈追捧下，明阳智能最终将GDR发行规模由5亿美金提高至7亿美金，将发行价格由20.22美元提高至21.00美元，成为历史上第一次实现高于前20个交易日均价九折的GDR项目。
明阳智能GDR项目在火爆的认购下，最终国际主权基金和国内外长线基金的最终获配占比超过了70%，是2022年以来中资境外发行人中簿记质量最高的项目之一。
同时，明阳智能GDR上市后还获准使用伦敦证券交易所“绿色经济标志”，体现了中国企业“碳中和”理念在海外资本市场获得进一步的认可，也体现了伦敦证券交易所对明阳智能作为绿色革命引领者的认可。
未来，致同将继续发挥优势，为更多优秀A股公司境外发行GDR提供全方位的专业服务，助力企业跨境投融资战略的成功落地。


（来源：财经记录者的财富号 2022-07-20 11:24）[点击查看原文]
展开阅读全文"
砸个跌停，把龙头位置让给三一,"https://guba.eastmoney.com/news,601615,1208283905.html",2022-07-20 11:21:25,$明阳智能(SH601615)$  砸个跌停，把龙头位置让给三一
这是内资要洗外资吗？,"https://guba.eastmoney.com/news,601615,1208256475.html",2022-07-20 10:55:39,$明阳智能(SH601615)$  这是内资要洗外资吗？
[想一下][想一下][想一下],"https://guba.eastmoney.com/news,601615,1208245200.html",2022-07-20 10:46:04,$明阳智能(SH601615)$  
龙头大哥能不能给点力,"https://guba.eastmoney.com/news,601615,1208257383.html",2022-07-20 10:56:28,龙头大哥能不能给点力
明明是龙头，每天还要跟着小弟走,"https://guba.eastmoney.com/news,601615,1208256258.html",2022-07-20 10:55:30,$明阳智能(SH601615)$  明明是龙头，每天还要跟着小弟走
板块涨这么多，主力却压盘,"https://guba.eastmoney.com/news,601615,1208231456.html",2022-07-20 10:34:45,板块涨这么多，主力却压盘
昨天卖早了,"https://guba.eastmoney.com/news,601615,1208243786.html",2022-07-20 10:44:55,$明阳智能(SH601615)$  昨天卖早了
今天反包昨天逃跑的傻眼。,"https://guba.eastmoney.com/news,601615,1208241257.html",2022-07-20 10:42:47,$明阳智能(SH601615)$   今天反包昨天逃跑的傻眼。
今天收36上方就有搞头了,"https://guba.eastmoney.com/news,601615,1208235006.html",2022-07-20 10:37:37,$明阳智能(SH601615)$  今天收36上方就有搞头了
明阳得罪谁了？这么多压盘不让涨？,"https://guba.eastmoney.com/news,601615,1208218156.html",2022-07-20 10:24:33,明阳得罪谁了？这么多压盘不让涨？
你不得是龙头吗，涨啊,"https://guba.eastmoney.com/news,601615,1208223373.html",2022-07-20 10:28:31,你不得是龙头吗，涨啊
冲冲冲，,"https://guba.eastmoney.com/news,601615,1208232556.html",2022-07-20 10:35:37,$明阳智能(SH601615)$  冲冲冲，
一卖就涨，昨天吓跑了,"https://guba.eastmoney.com/news,601615,1208231740.html",2022-07-20 10:34:56,$明阳智能(SH601615)$  一卖就涨，昨天吓跑了
努力涨到35，和大金保持20的差距,"https://guba.eastmoney.com/news,601615,1208228443.html",2022-07-20 10:32:20,努力涨到35，和大金保持20的差距
跌的时候比谁都多涨慢死了,"https://guba.eastmoney.com/news,601615,1208228164.html",2022-07-20 10:32:08,跌的时候比谁都多 涨慢死了
我知道我不卖他不涨的卖了一大半,"https://guba.eastmoney.com/news,601615,1208223660.html",2022-07-20 10:28:45,$明阳智能(SH601615)$  我知道我不卖他不涨的 卖了一大半
反弹就要下来，需要休息调整了！,"https://guba.eastmoney.com/news,601615,1208223303.html",2022-07-20 10:28:27,反弹就要下来，需要休息调整了！
昨天出货的也没想到今天风电这么猛,"https://guba.eastmoney.com/news,601615,1208221631.html",2022-07-20 10:27:10,但是他把形态和人气破坏了，资金不愿意做明阳。
不是板块这垃圾早跌停了,"https://guba.eastmoney.com/news,601615,1208211889.html",2022-07-20 10:20:11,$明阳智能(SH601615)$  不是板块这垃圾早跌停了
风电金凤后就是你,"https://guba.eastmoney.com/news,601615,1208210784.html",2022-07-20 10:19:22,风电金凤后就是你
静静等待跌倒31，最好补缺，给个重仓进去的机会！,"https://guba.eastmoney.com/news,601615,1208206418.html",2022-07-20 10:16:17,$明阳智能(SH601615)$  静静等待跌倒31，最好补缺，给个重仓进去的机会！
你踏马有意思故意卡在33.50,"https://guba.eastmoney.com/news,601615,1208160216.html",2022-07-20 09:47:34,你踏马有意思 故意卡在33.50
这个废物和金风绝对是板块双耻,"https://guba.eastmoney.com/news,601615,1208194260.html",2022-07-20 10:08:17,$明阳智能(SH601615)$  这个废物和金风绝对是板块双耻
被按在地上摩擦，,"https://guba.eastmoney.com/news,601615,1208198357.html",2022-07-20 10:10:57,$明阳智能(SH601615)$  被按在地上摩擦，
一绿后必有三红,"https://guba.eastmoney.com/news,601615,1208193988.html",2022-07-20 10:08:05,一绿后必有三红
两波深V拉着蛋了吧,"https://guba.eastmoney.com/news,601615,1208183592.html",2022-07-20 10:01:44,两波深V拉着蛋了吧
港资不卖应该是43-45的股价了，这一波北向低估了内资的力量，仍然以为靠大资金可,"https://guba.eastmoney.com/news,601615,1207595242.html",2022-07-18 22:08:48,$明阳智能(SH601615)$  港资不卖应该是43-45的股价了，这一波北向低估了内资的力量，仍然以为靠大资金可以把股价卖崩，然后低位接回做T。接下来应该是北向反思操作的时间，预计不会再出售残余股票了，毕竟剩下也就不到11%的持仓了！这一波内资跟北向的激斗，散户筹码顺便也给内资机构收了！对于判断盘面资金方面，我的准确率还是很高的！
垃圾垃圾垃圾垃圾垃圾,"https://guba.eastmoney.com/news,601615,1208179127.html",2022-07-20 09:58:53,垃圾垃圾垃圾垃圾垃圾
今天企稳在32.80上，复制上一根大阴后走势，期望，星期五大阳，下周摸新高，纯猜,"https://guba.eastmoney.com/news,601615,1208178852.html",2022-07-20 09:58:44,今天企稳在32.80上，复制上一根大阴后走势，期望，星期五大阳，下周摸新高，纯猜测。
真拉支,"https://guba.eastmoney.com/news,601615,1208175666.html",2022-07-20 09:56:48,真拉支
北向一百亿铁了心往下砸，哪个机构接的住,"https://guba.eastmoney.com/news,601615,1208174348.html",2022-07-20 09:56:02,$明阳智能(SH601615)$  北向一百亿铁了心往下砸，哪个机构接的住
别倒几了…,"https://guba.eastmoney.com/news,601615,1208161711.html",2022-07-20 09:48:24,$明阳智能(SH601615)$  别倒几了…
一起开砸！30见！,"https://guba.eastmoney.com/news,601615,1208146857.html",2022-07-20 09:40:01,风叶材料（中材），储能投资（百川），HJT光伏，明阳的亮点都被大资金故意忽视了，情绪化砸盘！北向已经获利，准备撤退；可惜，内资不愿意高位接盘。博弈的结果应该在30左右，30以下就是建仓的好时机。明阳长期向好趋势不会变！
加仓的机会，不要错过了。涨的时候放量，跌的时候不放量。明显就是借机洗盘。,"https://guba.eastmoney.com/news,601615,1207895505.html",2022-07-19 13:58:05,加仓的机会，不要错过了。涨的时候放量，跌的时候不放量。明显就是借机洗盘。
资本市场是不知道明阳自己也做叶片吗,"https://guba.eastmoney.com/news,601615,1207942068.html",2022-07-19 14:48:15,$明阳智能(SH601615)$  资本市场是不知道明阳自己也做叶片吗
垃圾,"https://guba.eastmoney.com/news,601615,1208133161.html",2022-07-20 09:32:37,$明阳智能(SH601615)$  垃圾
有些韭菜总是认不清形势，被无良研报吹的脑子发热真看不懂吗？连续高位放量滞涨二次打,"https://guba.eastmoney.com/news,601615,1207749008.html",2022-07-19 10:28:28,$明阳智能(SH601615)$  有些韭菜总是认不清形势，被无良研报吹的脑子发热 真看不懂吗？连续高位放量滞涨 二次打到35 还是没法突破，北向六 七 个交易日出货20亿，是跟你闹着玩的？你讲一下 下跌就来骂人，多看看股性不行吗？从18北向一路加仓，涨多少了 人家还会给你抬轿？就是不理解社保为何高位进场了
外资流出3.79亿，这不就是7月7日的情形吗明天不论高开还是低开集合竞价就得跑,"https://guba.eastmoney.com/news,601615,1207584625.html",2022-07-18 21:24:42,$明阳智能(SH601615)$  外资流出3.79亿，这不就是7月7日的情形吗 明天不论高开还是低开 集合竞价就得跑 
昨天流出太多，今天能企稳就行,"https://guba.eastmoney.com/news,601615,1208103359.html",2022-07-20 08:16:22,昨天流出太多，今天能企稳就行
发展汽车风电项目，白天太阳能晚上风电，[捂脸],"https://guba.eastmoney.com/news,601615,1208100346.html",2022-07-20 07:56:24,发展汽车风电项目，白天太阳能晚上风电，
0719复盘：裁判下场逮人，低位个股久逢甘霖,"https://guba.eastmoney.com/news,601615,1207991849.html",2022-07-19 16:48:17,"1.今天指数虽然不给力，但是是妥妥大部分人赚钱的一天，北向全天卖出近百亿，卖出的都是核心资产，咱们的小票今天迎来反弹爆发行情。今天个股涨幅中位数0.87%，两市81家涨停，3274家上涨，小盘股当家作主的一天。

2.从盘面来看，今天领涨的是国产操作系统为首，主要是鸿蒙的消息刺激，从整个板块结构来看，只能当补涨来看，之前都没怎么涨。
3.昨晚中证1000股指期货挂牌的消息影响，今天走强的很明显是小盘股，这个消息会让资金被动去配置一些中小盘股，所以为什么今天小盘股涨的多的原因。

4.午间休息很多股民收到裁判的电话通知，导致通通同学几乎开盘就是砸到跌停板，尾盘跌停，好几个高位个股吓的不清，从连扳家数来看，很多都是二连扳，新的规则之下，很多妖股更多走的是趋势接力抱团路线，计算达到停牌要求的点位精准卡点，反应到盘面就是高位的龙头抱团可以考虑深水低吸的策略，计算好位置。
5.今天下跌的板块主要是前期的风光电储方向，市场短期做一次风格切换属于正常的调整，没有一直强势的板块，需要回调一下消化获利盘才能走的更远。
6.今天涨停的70%以上的个股图形类似于这样，一波反弹过后没怎么动的资金去做补涨，所以今天是深度套牢的股民的狂欢，最近一直赚钱的股民亏钱的一天，这就是风水轮流转。
以往出现这种情况，有两种可能，一是经过补涨之后行情再度开启新的一轮上涨，二是行情末期会再次往下，一个是调整蓄力往上，一个是反弹轮动往下，具体就等市场选择，提前预判市场的选择好做未来的策略。
今日操作：今天上了一笔某润和，排单三变KJ，储能的做平台突破，手速慢了没买上，小仓位半导体设备某北方继续持有，其他的都在某正泰光伏上，今天调整。
明日策略：最近两天明天市场偏热，风光电储有些个股连续两天弱于大盘，如果明天继续调整，那么会有资金去做低吸风光电储，策略上明天低吸的性价比很高，相对于一些小盘股，都是短线资金炒作，大资金会更青睐目前主线（风光电储）
今天的复盘就是这样，最后祝各位老师投资顺利。

免责声明 ：以上是大山个人观点仅供参考，不作为买卖依据投资有风险， 入市需谨慎，你的点赞关注分享或者转发文章是我做好的动力。
相关证券：
明阳智能(601615)
隆基绿能(601012)
阳光电源(300274)
XD正泰电(601877)
润和软件(300339)
（来源：大山看市C的财富号 2022-07-19 16:48）[点击查看原文]
#国产海上风电装备大突破#
展开阅读全文"
明阳智能07月19日被沪股通减持366.04万股,"https://guba.eastmoney.com/news,601615,1208108625.html",2022-07-20 08:49:39,"来源：东方财富Choice数据作者：财智星
07月19日，明阳智能被沪股通减持366.04万股，已连续11日被沪股通减持，共计6427.74万股，最新持股量为2.73亿股，占公司A股总股本的12.97%。
近五日持股量数据
持股量及股价变动图
注：文中持股数量经过前复权处理，可能存在与港交所披露不一致的情形。
免责声明：本文基于大数据生产，仅供参考，不构成任何投资建议，据此操作风险自担。
（文章来源：东方财富Choice数据）[点击查看原文]"
瑞银内地及香港公用事业及新能源首席分析师廖启华19日在一场媒体电话会上表示，中国,"https://guba.eastmoney.com/news,601615,1208098559.html",2022-07-20 07:41:06,$明阳智能(SH601615)$  瑞银内地及香港公用事业及新能源首席分析师廖启华19日在一场媒体电话会上表示，中国电力市场改革节奏有望加快。市场电价，风电现在才是起点，不是高点！
明阳智能：连续4日融资净买入累计2.2亿元（07-19）,"https://guba.eastmoney.com/news,601615,1208101568.html",2022-07-20 08:04:12,"来源：东方财富Choice数据作者：财智星
明阳智能融资融券信息显示，2022年7月19日融资净买入3569.37万元；融资余额23.66亿元，较前一日增加1.53%。
融资方面，当日融资买入2.84亿元，融资偿还2.49亿元，融资净买入3569.37万元，连续4日净买入累计2.2亿元。融券方面，融券卖出21.81万股，融券偿还95.71万股，融券余量1215.71万股，融券余额4.03亿元。融资融券余额合计27.69亿元。
明阳智能融资融券交易明细（07-19）
明阳智能历史融资融券数据一览
免责声明：本文基于大数据生产，仅供参考，不构成任何投资建议，据此操作风险自担。
（文章来源：东方财富Choice数据）[点击查看原文]"
第二天放量，北向流出403万股，明天继续跌,"https://guba.eastmoney.com/news,601615,1208069533.html",2022-07-19 22:33:04,$明阳智能(SH601615)$  第二天放量，北向流出403万股，明天继续跌
社保基金持有明阳智能已经两年了，一直都在，只是股份多少的问题,"https://guba.eastmoney.com/news,601615,1208066051.html",2022-07-19 22:17:01,社保基金持有明阳智能已经两年了，一直都在，只是股份多少的问题
北向跑了又能怎么样？中国人的核心资产难道要掌握在外资手里？这么好的标的在A股有几,"https://guba.eastmoney.com/news,601615,1207935145.html",2022-07-19 14:40:59,北向跑了又能怎么样？中国人的核心资产难道要掌握在外资手里？这么好的标的在A股有几个？外资跑了好，自然有内资机构进去。跌就是加仓的机会
【机构龙虎榜解读】风电+碳纤维+新能源车，产品涵盖750KW-12MW级别，给Vestas、金风科技、明阳智能等头部风电企业供货,"https://guba.eastmoney.com/news,601615,1208075877.html",2022-07-19 23:05:24,"1，风电+碳纤维+新能源车，产品涵盖750KW-12MW级别，给Vestas、金风科技、明阳智能等头部风电企业供货，机构净买入这家企业；


2，一体化压铸+汽车轻量化，主营业务订单持续放量，这家企业同时掌握压铸、锻造和挤出三种铝合金成型技术，电池相关业务已取得宁德时代、亿纬锂能等客户项目合作。


//电报内容
【龙虎榜|中通客车上演“天地板” 华龙证券济南经十东路卖出1.63亿元】中通客车今日上演“天地板”，成交额59.46亿元，换手率39.52%。龙虎榜数据显示，华龙证券济南经十东路卖出1.63亿元，东方财富证券拉萨三家营业部合计买入2.34亿元并卖出1.64亿元。
盘面简述
三大指数全天走势分化，沪指探底回升微涨，创业板指震荡走低领跌。总体上个股涨多跌少，两市超3300只个股上涨，超百股涨超9%，沪深两市今日成交额9967亿，较上个交易日缩量247亿，成交金额再度跌破万亿。盘面上，鸿蒙概念、数据安全、国产软件、云游戏等板块涨幅居前，电力、CRO、风电、储能等板块跌幅居前。
机构动向
今日机构参与度与较昨日下降，净买卖额超1000万元个股共18只，净买入9只，净卖出9只，其中净买入旭升股份(3日)2.33亿、祥鑫科技4202万、晨化股份2816万，净卖出中科环保1.06亿、大连重工1.06亿、华峰铝业1.02亿。
焦点公司
双一科技：今日碳纤维板块涨幅居前，消息面上，风电整机巨头维斯塔斯碳梁专利保护期今日（7月19日）正式到期，这意味着其他风电叶片制造商将可不受限制地推出应用碳梁的风电叶片产品。公司主要从事树脂基复合材料行业，主要产品为风电机舱罩类产品（产品规格涵盖750KW-12MW级别）、车辆碳纤维复合材料制品等，客户覆盖风电新能源、电动新能源汽车、航空航天等领域。公司目前是国内知名的风电机舱罩和车辆轻量化复合材料部件的供应商，已与Vestas、金风科技、明阳智能、西门子歌美飒、南车株州时代、三一重能、Caterpillar、中国中车、比亚迪等全球知名企业建立长期稳定的业务合作关系。
公司自主研发的分体风力发电叶片模具、全复合材料客车车身、风电叶片根、汽车车身轻量化碳纤维复合材料部件等高新技术产品，均填补国内空白，并率先在国内形成了产业化，被列为省级重点科技创新项目。
旭升股份：公司致力于新能源汽车和汽车轻量化领域，主导产品是新能源和传统汽车变速系统、传动系统、电池系统等核心系统的精密机械加工零部件。2021年公司铝压铸板块在手订单持续放量，锻造业务新增新了能源汽车转向节、热管理系统阀板等多个项目定点或量产。铝合金零部件代替传统钢铁是实现汽车轻量化的核心路径，公司前瞻性布局汽车轻量化，是该领域少有的同时掌握了压铸、锻造和挤出三种铝合金成型技术的企业。特斯拉是公司第一大客户。
此外，公司提前布局一体压铸，将在未来三年内向海天金属引进型号1300T-4500T、6600T和8800T的多套冷室压铸岛，为公司长期保持铝制汽车零部件领域优势提早铺垫。新能源电池包业务方面，公司已取得宁德时代、亿纬锂能、赛科利等多个客户项目。
当日机构交易一览
机构净买入/卖出超1000万元标的汇总
昨日上榜股表现
昨日机构净买入公司涨多跌少，其中，传艺科技涨停











（来源：AK龙上龙的财富号 2022-07-19 23:05）[点击查看原文]
展开阅读全文"
博傻结束，明天开始继续埋人,"https://guba.eastmoney.com/news,601615,1208012136.html",2022-07-19 18:06:50,博傻结束，明天开始继续埋人
周末思考之持股周期,"https://guba.eastmoney.com/news,601615,1207057801.html",2022-07-16 18:54:07,"$酒鬼酒(SZ000799)$  $中天科技(SH600522)$  $中矿资源(SZ002738)$  
首先给大家看一下，平时百亿以上的私募大佬的整体业绩情况（数据来源于私募拍拍网）
大V私募大佬长期业绩统计：
1、林园，从业年限34年，全部产品平均年化收益：17.92%
2、淡水泉赵军，从业年限24年，全部产品平均年化收益：13.60%
3、杨天南，从年年限30年，全部产品平均年化收益：负2.5%
4、但斌，从业年限30年，全部产品平均年化收益：17.31%
5、源乐晟资产，基金经理不详，全部产品平均年化收益：13.69%
6、余军，从业年限30年，全部产品平均年化收益：18.21%
7、王亚伟，从业年限29年，全部产品平均年化收益：17.05%
8、李泽刚，从业年限21年，全部产品平均年化收益：14.44%
9、马曼然，从业年限21年，全部产品平均年化收益：18.13%
10、张可兴，从业年限30年，全部产品平均年化收益：9.16%
11、董宝珍，从业年限29年，全部产品平均年化收益：4.04%
12、星石江晖，从业年限29年，全部产品平均年化收益：17.90%
13、裘国根，从业年限30年，全部产品平均年化收益：10.99%
14、邱国鹭，从业年限21年，全部产品平均年化收益：2.77%
12、冯柳、赵丹阳无数据。
我们按照最好的林园、马曼然和余军来说，就在年化20%左右，所以真正意义上来说，能够每年抓住一两个翻倍股，每年实现收益翻倍来说，是非常非常困难的。
现在的股市环境，热门的赛道股，几个月翻倍或者翻多倍，都很容易，在这其中，产生了很多大V，他们短期收益报表，个股数据研究深刻。吸引了很多粉丝来看。其实之前格力电器、中国平安、美的集团它们好的时候，都会产生一批大V。
还有还多人开始逐渐质疑我的操作，为什么不停的减仓明阳智能，加仓酒鬼酒。今天我就讲一下持股周期的概念。
从上面这些私募大佬的业绩来看，实际上是不如一直满仓拿着茅台收益高的，但是像但斌、林园，之前都是重仓茅台，后来通过不停的操作，反而收益不理想。也就是说，当发现一个优质股票的话，长期持有，拿这个公司，高速发展的黄金时期，是最好的选择，而不是频繁的买卖。
也就是说，持股周期，相对长一点要好很多。但是并不意味着，持有一个股票，永远持有是最好的，要持有这个股票的黄金阶段，就是增速最快，稳定性最好，估值最低的阶段。
而这个不停调整的过程中，短期的涨跌，已经不是最要考虑的，要看大的市场环境和投资环境如何。比如我调整明阳智能，实际上我是知道，卖的有点早的，因为现在环境对明阳智能是非常有利的，海风在大力发展，同时上游铜在降价。这是明阳智能最黄金的时候，但是，明年呢，后年呢，谁能保证制造业永远都是最好的阶段。所以我需要选择，能够永续的行业，为了我下一步净值能够稳定向上增长才行。
投资最后，一定离不开人的需求，科技的发展，最后也是造福人类。消费、科技、医疗等等行业，都是如此。现在的消费，确实因为不可控因素，遇到了瓶颈期，但是未来3-5年，我不相信还是会像现在这样，所以这笔投资，我只是赚多赚少，是不可能不赚的问题。而我对投资的收益预期，是只要能跑赢通胀就行。如果按照3-5个月的时间来看，我这笔调仓是错误的，但是对于3-5年来说，我的调仓，肯定是正确的。
对我来说，持股周期，不是一天两天，也不是一年两年，泸州老窖我已经拿了3年了，明阳智能也已经拿了2年了，都在这些标的里，赚了大钱了。未来我肯定也会很长期的拿着酒鬼酒，我相信酒鬼酒也会让我获得非常丰厚的收益的。
持仓周期，我认为长短要因人而异，要根据自己的投资逻辑和个股的生命周期去定，这是个没有对错的问题，作战不要在意一城一池的得失，而要在意，能不能获得长期稳定的收益，才是最重要的。
展开阅读全文"
看到唱空活跃起来了，我就知道该加仓了[得意],"https://guba.eastmoney.com/news,601615,1208074405.html",2022-07-19 22:57:18,看到唱空活跃起来了，我就知道该加仓了
明天大阳线,"https://guba.eastmoney.com/news,601615,1208063424.html",2022-07-19 22:04:06,明天大阳线
产品大幅降价,"https://guba.eastmoney.com/news,601615,1208065672.html",2022-07-19 22:15:26,$明阳智能(SH601615)$  产品大幅降价
高管，外资疯狂抛售！,"https://guba.eastmoney.com/news,601615,1208065104.html",2022-07-19 22:12:32,$明阳智能(SH601615)$  高管，外资疯狂抛售！
亚洲最长！明阳智能111.5米抗台风型海上叶片成功下线,"https://guba.eastmoney.com/news,601615,1208031343.html",2022-07-19 19:39:24,"2022年06月25日 13:02
深蓝新翼，御风腾飞。6月23日，长达111.5米的风电叶片在阳江高新区港口工业园明阳叶片厂区成功下线，这是明阳智能针对海上平价项目需求自主研发设计和制造，适用于超Ⅰ类风区的亚洲最长的抗台风型海上叶片，标志着明阳智能在风电叶片领域取得新突破，将有力促进阳江市海上风电高效开发和装备制造业高质量发展。
　　阳江市政府副市长刘德伟，南方电网公司原董事、党委副书记毕亚雄，明阳智慧能源集团股份公司总裁兼首席技术官张启应，阳江高新区党委副书记陈荣欣，阳江高新区管委会副主任谢彦举，阳江市、阳江高新区有关部门负责人及企业代表参加仪式。
　　刘德伟对明阳集团的发展硕果表示祝贺。他表示，近年来，阳江市认真贯彻落实省委、省政府关于发展海上风电的决策部署，举全市之力推进海上风电产业发展，全链条风电装备制造产业基地已初具规模，海上风电资源开发建设呈现出热火朝天的景象。作为阳江市海上风电新能源龙头企业，明阳集团坚持自主创新，研发高端装备制造，引领海上风电产业技术更新，产业持续升级，为阳江市促进海上风电高效开发和装备制造业高质量发展提供了有力支撑，作出了重要贡献，希望明阳集团以此次下线为契机，持续强化技术创新、扩大生产规模，做强做优做大，为阳江的经济社会发展作出更大贡献。
　　据了解，明阳智能111.5米叶片是明阳智能针对海上平价项目需求自主研发设计和制造，适用于超Ⅰ类风区的亚洲最长的抗台风型海上叶片，主要使用碳玻混的工艺技术，相比纯玻纤材料，叶片减重35%—40%，疲劳值提升50%，模量提升60%，成本/比模量提升10%，极大降低机组部件的载荷及成本，将有力促进海上风电进一步大规模化发展。
文章来源：南方Plus责任编辑：10
原标题：亚洲最长！明阳智能111.5米抗台风型海上叶片成功下线
郑重声明：东方财富网发布此信息的目的在于传播更多信息，与本站立场无关。
举报
东方财富网


"
还好，我有1百股，随便玩玩。,"https://guba.eastmoney.com/news,601615,1207955149.html",2022-07-19 15:02:28,还好，我有1百股，随便玩玩。
清洁能源发电装机容量同比增长，外资今天加减这些方向,"https://guba.eastmoney.com/news,601615,1208050348.html",2022-07-19 21:06:19,"各大基金板块加或者减，每天下午2 :20前都会分析和推送个人操作，不会模棱两可！
右上角点【关 注】，不迷路！
大家晚上好，今天A股三大指数分化，大盘没跌，但是反应盈亏效应的创业板跌超1.5%，今晚应该会吃口小面，不过问题不大，继续按计划蹲大盘的第二波行情，目前基金已经在陆续更新了，我们先来分析今天的重要消息面！
(1)能源局：1-6月太阳能发电装机容量同比增长25.8%。
其中，风电装机容量约3.4亿千瓦，同比增长17.2%；太阳能发电装机容量约3.4亿千瓦，同比增长25.8%。
这个消息对光伏、风电等清洁能源发电概念有正向影响，不过近期炒得有些高，逢跌定投问题不大，但大仓位抄底最好等等回调。
(2)工信部：相关部门正加紧研究免征新能源汽车购置税延期的问题，尽快出台有关结果。
结果出来前，当做一个中性消息看待就行。
今天中通客车受神秘力量影响被核，短期高位标的会有比较大的压力。
(3)交通运输部研究加快推进公路沿线充电设施建设。
这个消息利好充电桩等新能源汽车基础设施概念，这块偏场内概念多一些，了解下就行。
(4)上海文旅局局长：安全是文旅生命线，正抢抓元宇宙新赛道。
这个消息利好元宇宙概念，这块偏场内游资炒作，尽量避免因消息去追热。
(5)盘前美股期货和欧洲市场震荡上行，具体数据如下。
常用的大盘指数。A股大盘指数： 上证指数 深证成指 创业板指 。美股大盘指数： 道琼斯纳斯达克纳斯达克100 。香港大盘指数： 恒生指数 。
7月19日，北向资金合计净卖出98.59亿元。

前十大成交股中，净买入额居前三的是顺丰控股、华友钴业、五粮液，分别净买入1.33亿元、1.33亿元、1.06亿元。净卖出额居前三的是宁德时代、比亚迪、恒瑞医药。
外资今天加仓物流、能源金属和白酒，减仓锂电池、新能源汽车和医药。
ok，以上是今晚要闻解读。
下午2 :20前，我会公布操作，直说结论，不会模棱两可！
记得右上角点【关 注】，才不会错过。！
分析不易，最后希望大家能点个赞或回一个“198”，支持下老哈！
看完点赞，股基逢买就赚！
相关证券：
华夏能源革新股票A(003834)
农银新能源主题(002190)
金元顺安元启灵活配置混合(004685)
华友钴业(603799)
明阳智能(601615)
（来源：二哈也理财i的财富号 2022-07-19 21:06）[点击查看原文]
展开阅读全文"
今天好像赖不到北向了，不是北向砸的盘,"https://guba.eastmoney.com/news,601615,1208006776.html",2022-07-19 17:43:35,今天好像赖不到北向了，不是北向砸的盘
亚洲最长！明阳智能111.5米抗台风型海上叶片成功下线,"https://guba.eastmoney.com/news,601615,1197953193.html",2022-06-25 13:02:49,"来源：南方Plus
　　深蓝新翼，御风腾飞。6月23日，长达111.5米的风电叶片在阳江高新区港口工业园明阳叶片厂区成功下线，这是明阳智能针对海上平价项目需求自主研发设计和制造，适用于超Ⅰ类风区的亚洲最长的抗台风型海上叶片，标志着明阳智能在风电叶片领域取得新突破，将有力促进阳江市海上风电高效开发和装备制造业高质量发展。
　　阳江市政府副市长刘德伟，南方电网公司原董事、党委副书记毕亚雄，明阳智慧能源集团股份公司总裁兼首席技术官张启应，阳江高新区党委副书记陈荣欣，阳江高新区管委会副主任谢彦举，阳江市、阳江高新区有关部门负责人及企业代表参加仪式。
　　刘德伟对明阳集团的发展硕果表示祝贺。他表示，近年来，阳江市认真贯彻落实省委、省政府关于发展海上风电的决策部署，举全市之力推进海上风电产业发展，全链条风电装备制造产业基地已初具规模，海上风电资源开发建设呈现出热火朝天的景象。作为阳江市海上风电新能源龙头企业，明阳集团坚持自主创新，研发高端装备制造，引领海上风电产业技术更新，产业持续升级，为阳江市促进海上风电高效开发和装备制造业高质量发展提供了有力支撑，作出了重要贡献，希望明阳集团以此次下线为契机，持续强化技术创新、扩大生产规模，做强做优做大，为阳江的经济社会发展作出更大贡献。
　　据了解，明阳智能111.5米叶片是明阳智能针对海上平价项目需求自主研发设计和制造，适用于超Ⅰ类风区的亚洲最长的抗台风型海上叶片，主要使用碳玻混的工艺技术，相比纯玻纤材料，叶片减重35%—40%，疲劳值提升50%，模量提升60%，成本/比模量提升10%，极大降低机组部件的载荷及成本，将有力促进海上风电进一步大规模化发展。
（文章来源：南方Plus）[点击查看原文]
#热点追踪#"
明阳会被同门带进坑吗？,"https://guba.eastmoney.com/news,601615,1202273884.html",2022-07-05 05:21:21,"    目前股市已经进入了年内新高，昨天出现滞涨的补涨，现在面临中报的窗口前，二季度大范围受疫情、洪水等影响，不确定的因素将让股市进入整固期。
      明阳所在的风电产业，全行业享受了发展新能源的盛宴，大量个股股价创了历史新高，也要面临调整的局面，明阳虽然没突破前期高点，也会不可避免地受到行业板块表现的影响。
      近年风电产业形势大好，但一些问题能否改观，对下半年的走势必然会产生影响。如今年招投标热火朝天，但中标价格大幅度下降，一季度一些企业应收账款多，资产负债率高的状况能否改善；个别企业估值过高，风机倒塌，融资增发等情况产生的影响将有多大？都值得投资者关注，防止在盛宴里喝醉了。"
谁特么说看到40了的？,"https://guba.eastmoney.com/news,601615,1207961670.html",2022-07-19 15:12:00,谁特么说看到40了的？
内资控盘，以后股价就会像过山车一样,"https://guba.eastmoney.com/news,601615,1208009629.html",2022-07-19 17:55:41,$明阳智能(SH601615)$  内资控盘，以后股价就会像过山车一样
高温天气已过，行业拐点出现，双头形成，上涨无力，本王已清空，明天跌停,"https://guba.eastmoney.com/news,601615,1206343965.html",2022-07-14 16:04:28,$明阳智能(SH601615)$  高温天气已过，行业拐点出现，双头形成，上涨无力，本王已清空，明天跌停
有没有课代表能翻译下,"https://guba.eastmoney.com/news,601615,1208003844.html",2022-07-19 17:32:14,"$明阳智能(SH601615)$  
有没有课代表能翻译下"
风电招标本周放量，新增风机招标2.98GW，其中海上0.5GW。7月合计招标5.,"https://guba.eastmoney.com/news,601615,1207146300.html",2022-07-17 21:25:49,$明阳智能(SH601615)$  风电招标本周放量，新增风机招标2.98GW，其中海上0.5GW。7月合计招标5.08GW，其中陆上4.28GW，海上0.8GW。2022年初至今风机（含EPC中明确需要采购风机的项目）招标达56.9-57.4GW，其中海上6.5GW，陆上47.4GW，集采3-3.5GW。我们预计今年全年陆上招标有望超过80GW，海上有望接近20GW（目前国内海上已招标6.4GW，预计22年后续招标的有12.3GW，合计18.7GW），海陆合计招标有望达到100GW，创历史新高。
20天均线结实不结实？,"https://guba.eastmoney.com/news,601615,1207986101.html",2022-07-19 16:25:48,$明阳智能(SH601615)$  20天均线结实不结实？
明阳智能弱鸡,"https://guba.eastmoney.com/news,601615,1207971451.html",2022-07-19 15:33:46,"$明阳智能(SH601615)$  
明阳智能，明显不如大金重工，今天大阴杀跌，主力没有护盘"
天天盯着你，又不敢进来。都没有新的资金进场,"https://guba.eastmoney.com/news,601615,1207982830.html",2022-07-19 16:13:23,天天盯着你，又不敢进来。都没有新的资金进场
不懂就问，哪位解释一下最后一分钟出货1900多万对明天的价格影响有多大？,"https://guba.eastmoney.com/news,601615,1207980991.html",2022-07-19 16:06:13,$明阳智能(SH601615)$  不懂就问，哪位解释一下最后一分钟出货1900多万对明天的价格影响有多大？
小心头部成立，设好止损点,"https://guba.eastmoney.com/news,601615,1207976880.html",2022-07-19 15:51:05,$明阳智能(SH601615)$  小心头部成立，设好止损点
砸到28，都推到重来吧,"https://guba.eastmoney.com/news,601615,1207823361.html",2022-07-19 11:49:09,$明阳智能(SH601615)$  砸到28，都推到重来吧
获利盘跑路，调整两天继续，不慌,"https://guba.eastmoney.com/news,601615,1207957801.html",2022-07-19 15:06:18,$明阳智能(SH601615)$  获利盘跑路，调整两天继续，不慌
长期稳定超短线，短线游资带散户，今天买进隔天抛售,"https://guba.eastmoney.com/news,601615,1207969976.html",2022-07-19 15:29:05,长期稳定超短线，短线游资带散户，今天买进隔天抛售
明阳智能内部的资金尿性确实很差，持股体验不好,"https://guba.eastmoney.com/news,601615,1207953757.html",2022-07-19 15:00:42,$明阳智能(SH601615)$  明阳智能内部的资金尿性确实很差，持股体验不好
是不是差不多了？想出又不舍!还有吗？,"https://guba.eastmoney.com/news,601615,1207895962.html",2022-07-19 13:58:39,是不是差不多了？想出又不舍!还有吗？
昨天出了，幸运躲过大跌,"https://guba.eastmoney.com/news,601615,1207962219.html",2022-07-19 15:12:38,昨天出了，幸运躲过大跌
今天我低吸了，明天继续冲,"https://guba.eastmoney.com/news,601615,1207961834.html",2022-07-19 15:12:12,$明阳智能(SH601615)$  今天我低吸了，明天继续冲
慌啥啊，有点耐心，别被空狗带节奏[呲牙],"https://guba.eastmoney.com/news,601615,1207961219.html",2022-07-19 15:11:27,慌啥啊，有点耐心，别被空狗带节奏
砸盘砸的太恶心了吧,"https://guba.eastmoney.com/news,601615,1207949170.html",2022-07-19 14:55:25,$明阳智能(SH601615)$  砸盘砸的太恶心了吧
全完了,"https://guba.eastmoney.com/news,601615,1207934403.html",2022-07-19 14:40:12,$明阳智能(SH601615)$  全完了
25元接你,"https://guba.eastmoney.com/news,601615,1207949700.html",2022-07-19 14:55:58,25元接你
太恶心,"https://guba.eastmoney.com/news,601615,1207948603.html",2022-07-19 14:54:55,$明阳智能(SH601615)$  太恶心
完了,"https://guba.eastmoney.com/news,601615,1207934163.html",2022-07-19 14:39:55,$明阳智能(SH601615)$  完了
真恶心啊,"https://guba.eastmoney.com/news,601615,1207947281.html",2022-07-19 14:53:40,真恶心啊
窜稀,"https://guba.eastmoney.com/news,601615,1207946747.html",2022-07-19 14:53:08,$明阳智能(SH601615)$  窜稀
到最后一刻，还是抛压不断，明天继续了,"https://guba.eastmoney.com/news,601615,1207946676.html",2022-07-19 14:53:01,$明阳智能(SH601615)$  到最后一刻，还是抛压不断，明天继续了
明显资金在出逃又是谁在减持。,"https://guba.eastmoney.com/news,601615,1207944291.html",2022-07-19 14:50:37,$明阳智能(SH601615)$   明显资金在出逃又是谁在减持。
明显资金在出逃又是谁在减持。,"https://guba.eastmoney.com/news,601615,1207944311.html",2022-07-19 14:50:36,$明阳智能(SH601615)$   明显资金在出逃又是谁在减持。
今天杀的[大笑]就是各位龙头,"https://guba.eastmoney.com/news,601615,1207943112.html",2022-07-19 14:49:20,今天杀的就是各位龙头
尾盘再暴揍一顿,"https://guba.eastmoney.com/news,601615,1207942793.html",2022-07-19 14:49:02,尾盘再暴揍一顿
风电板块走的很好，可明阳实在太弱,"https://guba.eastmoney.com/news,601615,1207941015.html",2022-07-19 14:47:07,$明阳智能(SH601615)$  风电板块走的很好，可明阳实在太弱
起风了，我已重仓，决意这波吃肉到60,"https://guba.eastmoney.com/news,601615,1207118033.html",2022-07-17 16:34:27,$明阳智能(SH601615)$  起风了，我已重仓，决意这波吃肉到60
7月17日：关于大盘后期走势以及下周超短线特变电工的分析,"https://guba.eastmoney.com/news,601615,1207093779.html",2022-07-17 11:16:47,"一直关注本楼主的粉丝或股友都知道，本人对大盘（上证指数，以下同）的走势分析相对个股来说是很少的。在今年4月26日、27日大盘跌破3000点以至2900点以后到5月底，本楼主曾作过几次非常精彩的点评，如“最后一跌”“逼空行情”“V”型反转等预判并得到印证。

在4月底大盘再次站上3000点后，本人认为大盘风险基本解除，也就很少对大盘动向进行解析，最终大盘上冲到近期高点3424.84点。当然了，如果大盘真有风险，就完全空仓回避，这样的操作又有几人能做到？可能较为稳妥的办法还是意识到风险后降低仓位或精选个股。
虽说大盘涨跌“支配”或影响着很多个股的涨跌，但一些个股却常常走出独立行情。比如楼主关注的明阳智能（601615）、特变电工（600089）以及梅花生物（600873）等个股。即便大盘在最近2周从近期高点3424.84点跌到上周末收盘3228.06点（回调接近200点），仍无法阻止明阳智能与特变电工创历史新高、梅花生物屡创7年新高。
其实，两周前也就是在7月2日的专栏文章中，本人针对超短线时说过这样一句话，“随着大盘反弹越过3400点后现在逼近3400点，越往上走获利盘越多（或风险较大），所以针对超短线，不管粉丝朋友的风险偏好是高还是低，都应慎重行事”，这就是一种风险提示。当然，对于中长线来说，完全没必要太在意大盘走向，因为2863.65～3000点一线就是底部区域。
如今，大盘近2周从3424.84点调整到了3228.06点，已经释放了大部分风险。换句话说，大盘已在提前消化美国高通胀加息以及国内经济上半年增长2.5%不及预期。应该说，至少从8月份开始，经济形势会逐渐好转，给股市上涨提供一定支撑。而从股市本身来说，新能源板块、半导体板块、化工板块、食品、酒店旅游、餐饮板块再加上地产板块，可能在一定程度上拉涨指数。新能源板块是主线今年还未到疯狂时候，化工板块业绩非常好但上半年不到景气周期，地产板块下半年销售旺季到来或走出低谷，这些板块或会带动指数上涨。
由于本人对个股操作基本上立足于中长线，所以对大盘解析少之又少。当然，如果大盘真有风险，那就降低仓位（我做不到空仓）或精选个股。基于上述对大盘后市走向的判断，仍旧选择积极参与。自6月份开始每周推出超短线个股以来，共对5只股票（苏盐井神、常熟汽饰、明阳智能、常熟汽饰、特变电工、康缘药业）进行了6次超短线操作，实际战绩为4盈2亏（其中康缘药业未达止损位但陷入“缠斗”而强行“中断”视为1次亏损）。7月份还剩2周时间，还有2次超短线机会，之前说过“决不会无视粉丝们的时间成本与资金成本”，如果剩下的2次超短线结果是2亏，那毫无疑问，每周的超短线就没有继续推出的必要，如果是1盈1亏，就得看粉丝们的意见再决定是否继续。
总是有人在问，止盈止损位的设立。一般来说，中长线不会设置止损位（直白点说，设置止损位的人是对自己没信心或实力不够的表现），但会设置止盈位，每个人期望值不一样，有的人是30%、50%甚至100%及以上，当然还有分批止盈的做法，所以止盈位不尽相同，没有什么标准可言。而针对超短线，则必须设置止盈止损位，本人设置止盈位为（+6%至+10%）、止损位为（-6%）。
下周超短线重点关注个股：特变电工（600089）。依据是：一、特变电工已随大盘调整了近2周时间，在前期创历史新高后，调整时间较为充足；二、也许有人会说，你怎么说调整时间足够，也许才刚刚开始调整。本人认为，基于特变电工极其优秀的基本面，市盈率8倍多一点应该会在短期内再创历史新高，这两周调整不过是一个回抽（或蓄势）；三、作为沪深300指数样本，在大盘已跌去近200点后，后市指数短期内如果能反弹，特变电工应是“急先锋”之一。
除上述外，还有：四、上周特变电工在周一跌-3.90%后，周二三四五总体维持区间震荡，后面4天总体跌幅未超过1个点，相对来说抗跌性强；五、从日K线看到，均线系统除了5日线外已呈多头排列，5日线是超短期指标，1、2天内甚至半天时间就能修复。而60日、120日均线时间稍长，但均有所抬头可以配合短线或超短线上涨。即便周一二下跌，30日线（26.66元）应构成支撑或只是盘中跌破，无法触及到止损位；六、短期KDJ指标处于低位向下发散，其中J值到达3.29，由于股性被激活，盘中随时可能结束向下发散而向上形成金叉。
注重性价比、提升时间率，我是您的朋友：升涨有序。以上所述不构成操作建议，据此入市，风险自负！
相关证券：
特变电工(600089)
明阳智能(601615)
梅花生物(600873)
（来源：升涨有序的财富号 2022-07-17 11:16）[点击查看原文]
#午后缘何跳水？后市怎么看？#
展开阅读全文"
尾盘不拉一波吗,"https://guba.eastmoney.com/news,601615,1207930202.html",2022-07-19 14:35:48,尾盘不拉一波吗
$明阳智能(SH601615)$,"https://guba.eastmoney.com/news,601615,1207878262.html",2022-07-19 13:38:45,$明阳智能(SH601615)$  
这股被GDR玩残了,"https://guba.eastmoney.com/news,601615,1207910242.html",2022-07-19 14:14:38,这股被GDR玩残了
无量拉红上证指数，目的就是让资金从新能源撤退,"https://guba.eastmoney.com/news,601615,1207923760.html",2022-07-19 14:28:58,无量拉红上证指数，目的就是让资金从新能源撤退
刚才没抢到贵广网络正股的股友，可以抢贵广转债，一样可以享受借壳后的3倍利润,"https://guba.eastmoney.com/news,601615,1207915559.html",2022-07-19 14:20:15,$明阳智能(SH601615)$  刚才没抢到贵广网络正股的股友，可以抢贵广转债，一样可以享受借壳后的3倍利润
前几天放量滞胀今天大跌正常,"https://guba.eastmoney.com/news,601615,1207901476.html",2022-07-19 14:04:59,这波最好能调整到28左右再上攻，那样会走的更遥远。
北上今天最少出了8个亿的货,"https://guba.eastmoney.com/news,601615,1207896694.html",2022-07-19 13:59:31,$明阳智能(SH601615)$  北上今天最少出了8个亿的货
北向要出到啥时候才是头呀？,"https://guba.eastmoney.com/news,601615,1207908712.html",2022-07-19 14:13:05,$明阳智能(SH601615)$  北向要出到啥时候才是头呀？
主力有问题，谁有力量救救他,"https://guba.eastmoney.com/news,601615,1207903062.html",2022-07-19 14:06:50,主力有问题，谁有力量救救他
双顶已成,"https://guba.eastmoney.com/news,601615,1207911826.html",2022-07-19 14:16:14,双顶已成
北上疯狂卖出，是好事,"https://guba.eastmoney.com/news,601615,1207899299.html",2022-07-19 14:02:30,$明阳智能(SH601615)$  北上疯狂卖出，是好事
以上车明天涨停,"https://guba.eastmoney.com/news,601615,1207906067.html",2022-07-19 14:10:14,"以上车 明天涨停
"
收盘以后就会出利空消息,"https://guba.eastmoney.com/news,601615,1207906009.html",2022-07-19 14:10:09,$明阳智能(SH601615)$  收盘以后就会出利空消息
又一个大顶,"https://guba.eastmoney.com/news,601615,1207901813.html",2022-07-19 14:05:24,$明阳智能(SH601615)$  又一个大顶
明阳是真的独立行情[捂脸],"https://guba.eastmoney.com/news,601615,1207888280.html",2022-07-19 13:49:48,明阳是真的独立行情
市盈率虽低，但是盘子大，解禁股太多。,"https://guba.eastmoney.com/news,601615,1207899789.html",2022-07-19 14:03:04,市盈率虽低，但是盘子大，解禁股太多。
已上车，明天大涨[微笑],"https://guba.eastmoney.com/news,601615,1207894029.html",2022-07-19 13:56:24,"$明阳智能(SH601615)$  
已上车，明天大涨"
出什么事了，就这样啊[哭],"https://guba.eastmoney.com/news,601615,1207899040.html",2022-07-19 14:02:11,$明阳智能(SH601615)$  出什么事了，就这样啊
难得的抢筹机会,"https://guba.eastmoney.com/news,601615,1207898412.html",2022-07-19 14:01:27,$明阳智能(SH601615)$  难得的抢筹机会
到处圈钱、哪有不跌之理,"https://guba.eastmoney.com/news,601615,1207885379.html",2022-07-19 13:46:35,到处圈钱、哪有不跌之理
今天不砸破32.5，这票就废了,"https://guba.eastmoney.com/news,601615,1207895757.html",2022-07-19 13:58:24,今天不砸破32.5，这票就废了
早盘集合竞价跑了这波进场没吃到肉吃了点汤建仓了沪电股份调整了蛮久的试试水,"https://guba.eastmoney.com/news,601615,1207895339.html",2022-07-19 13:57:51,$明阳智能(SH601615)$  早盘集合竞价跑了 这波进场没吃到肉 吃了点汤 建仓了沪电股份调整了蛮久的 试试水
涨的时候不行，跌的时候第一,"https://guba.eastmoney.com/news,601615,1207881765.html",2022-07-19 13:42:36,涨的时候不行，跌的时候第一
我的天那！！！！！,"https://guba.eastmoney.com/news,601615,1207889244.html",2022-07-19 13:50:54,$明阳智能(SH601615)$  我的天那！！！！！
$明阳智能(SH601615)$,"https://guba.eastmoney.com/news,601615,1207880768.html",2022-07-19 13:41:30,$明阳智能(SH601615)$  
不等了，33.15已上车坐等拉升,"https://guba.eastmoney.com/news,601615,1207877292.html",2022-07-19 13:37:38,"$明阳智能(SH601615)$  
不等了，33.15已上车 坐等拉升"
正宗的黄昏十字星，技术分析信号还是强大快跑,"https://guba.eastmoney.com/news,601615,1207883635.html",2022-07-19 13:44:40,$明阳智能(SH601615)$  正宗的黄昏十字星，技术分析信号还是强大快跑
小恐慌小买！大恐慌大买！,"https://guba.eastmoney.com/news,601615,1207879325.html",2022-07-19 13:39:53,小恐慌小买！大恐慌大买！
大金跌的只是一点你啥情况,"https://guba.eastmoney.com/news,601615,1207877301.html",2022-07-19 13:37:38,$明阳智能(SH601615)$  大金跌的只是一点你啥情况
的,"https://guba.eastmoney.com/news,601615,1207876049.html",2022-07-19 13:36:16,的
互联互通新规下首单GDR发行！致同助力明阳智能成功登陆伦交所,"https://guba.eastmoney.com/news,601615,1207874404.html",2022-07-19 13:34:28,"沪伦通下全球存托凭证（Global Depositary Receipts，GDR）年内首发！
7月8日，明阳智慧能源集团股份公司（A股简称：明阳智能；A股代码：601615）发行的GDR在伦敦证券交易所（以下简称“伦交所”）开始附条件交易，并于7月13日正式上市（证券代码：MYSE.L）。明阳智能成为互联互通存托凭证业务新规落地以来首家完成GDR境外上市的A股上市公司，亦是首家成功发行GDR的民营企业。
致同依托丰富的全球资源和业务经验，为本次发行组建了国际化团队，以专业高效的服务，助力明阳智能成功完成此次GDR的发行工作。



致同项目组及其他中介机构与明阳智能管理层合影
明阳智能GDR最终发行价格为每份21美元，GDR数量为3366.05万份，所代表的基础证券A股股票168,302,500股，募集资金总额706,870,500美元。
作为证监会《境内外证券交易所互联互通存托凭证业务监管规定》出台后的首个项目，明阳智能GDR是中国A股上市公司用好国内国际“两个市场、两种资源”融资发展的标志性范例，也是中国资本市场制度型对外开放的典型案例之一。



致同项目组与明阳智能管理层合影
明阳智能GDR项目发行创下多项纪录。项目在开簿后一个小时内即实现了对初始规模的覆盖，并在获得超过初始规模5倍的认购后提前结束簿记，最终将GDR发行规模由5亿美金提高至7亿美金，将发行价格由20.22美元提高至21.00美元，成为历史上第一次实现高于前20个交易日均价九折的GDR项目。
本次GDR项目最终国际主权基金和国内外长线基金的最终获配占比超过了70%，是2022年以来中资境外发行人中簿记质量最高的项目之一。
同时，明阳智能GDR上市后还获准使用伦交所“绿色经济标志”，也体现出中国企业“碳中和”理念在海外资本市场获得进一步认可。
未来，致同将继续发挥优势，为更多优秀A股公司境外发行GDR提供全方位的专业服务，助力企业跨境投融资战略的成功落地。
关于致同
致同成立于1981年，是中国最早和最具影响力的会计师事务所之一。依托深厚的专业知识、多年的经验积累以及丰富的国内外资源，致同能够为客户提供审计、税务、咨询、评估与估值、工程管理等全方位高质量服务，致力于提升品牌价值，成为值得客户信赖的提供综合解决方案的最佳商业顾问。
致同采用“全国一所”的集团化管理模式，目前拥有28个分支机构，300余位合伙人，6,000多名员工，其中注册会计师超过1,200人，注册税务师200余人，全国会计领军人才50人以及军工涉密执业人员120人。除北京总部外，致同在长春、长沙、重庆、成都、大连、福州、广州、哈尔滨、海口、杭州、香港、济南、昆明、南京、南宁、宁波、青岛、上海、深圳、太原、天津、温州、武汉、厦门、西安、郑州、珠海等全国主要经济带及重要经济中心都有坚实的根基，并持续深化全国服务网络布局。
致同坚持质量至上，恪守独立性原则，是首批获得从事证券期货相关业务资格、首批获准从事特大型国有企业审计业务资格及首批取得金融审计资格的会计师事务所之一；同时也是首批获得H股企业审计业务资格的内地事务所之一，并在美国PCAOB注册。优质的执业质量和专业服务能力令致同赢得广泛客户群体的信赖，目前服务近300家上市公司，上万家大型国有、外资及民营企业。
致同亦是国际专业服务网络Grant Thornton International Ltd（简称“GTIL”，中文名称“致同国际”）的全球第三大成员所。借助致同国际遍及全球130多个国家/地区的强大国际网络，致同能够为有跨境需求的客户提供其所需的本地化专业支持。同时，致同还可依托致同国际在全球各主要经济区设置的国际商业中心，以及在20多个国家设立的全球中国事业部，进一步整合全球优质资源，为中国企业的国际市场发展保驾护航。


（来源：财经记录者的财富号 2022-07-19 13:34）[点击查看原文]
展开阅读全文"
双顶形成,"https://guba.eastmoney.com/news,601615,1207874309.html",2022-07-19 13:34:24,双顶形成
太狠了，不行一会出来什么鬼！抓紧拉起来我出去,"https://guba.eastmoney.com/news,601615,1207867737.html",2022-07-19 13:27:45,太狠了，不行一会出来什么鬼！抓紧拉起来 我出去
29以下再说,"https://guba.eastmoney.com/news,601615,1207866127.html",2022-07-19 13:26:10,$明阳智能(SH601615)$  29以下再说
又是一个大顶,"https://guba.eastmoney.com/news,601615,1207863498.html",2022-07-19 13:23:34,$明阳智能(SH601615)$  又是一个大顶
跌停吧,"https://guba.eastmoney.com/news,601615,1207862968.html",2022-07-19 13:23:01,跌停吧
明天能不能继续调整？,"https://guba.eastmoney.com/news,601615,1207858214.html",2022-07-19 13:17:57,目标位是多少？
本来想补点的，今天太弱了，明天再找机会吧,"https://guba.eastmoney.com/news,601615,1207854228.html",2022-07-19 13:13:34,本来想补点的，今天太弱了，明天再找机会吧
别去接飞刀，这仅仅还是开始,"https://guba.eastmoney.com/news,601615,1207853361.html",2022-07-19 13:12:37,$明阳智能(SH601615)$  别去接飞刀，这仅仅还是开始
双头已成，保命快逃,"https://guba.eastmoney.com/news,601615,1207851815.html",2022-07-19 13:10:59,$明阳智能(SH601615)$  双头已成，保命快逃
可以清仓走人，强势破5日线走人，一群无脑散还傻乎乎不听本王尊言，活该做韭菜,"https://guba.eastmoney.com/news,601615,1207837514.html",2022-07-19 12:53:56,$明阳智能(SH601615)$  可以清仓走人，强势破5日线走人，一群无脑散还傻乎乎不听本王尊言，活该做韭菜
今天满仓了，不过是虚拟账户，大家不要担心,"https://guba.eastmoney.com/news,601615,1207838489.html",2022-07-19 12:58:33,$明阳智能(SH601615)$  今天满仓了，不过是虚拟账户，大家不要担心
明阳智能07月18日被沪股通减持1085.45万股,"https://guba.eastmoney.com/news,601615,1207645376.html",2022-07-19 09:12:39,"来源：东方财富Choice数据作者：财智星
07月18日，明阳智能被沪股通减持1085.45万股，已连续10日被沪股通减持，共计6061.7万股，最新持股量为2.77亿股，占公司A股总股本的13.15%。
近五日持股量数据
持股量及股价变动图
注：文中持股数量经过前复权处理，可能存在与港交所披露不一致的情形。
免责声明：本文基于大数据生产，仅供参考，不构成任何投资建议，据此操作风险自担。
（文章来源：东方财富Choice数据）[点击查看原文]"
31再加仓,"https://guba.eastmoney.com/news,601615,1207793741.html",2022-07-19 11:08:26,31再加仓
长江商报看空明阳智能背后的逻辑,"https://guba.eastmoney.com/news,601615,1206175776.html",2022-07-14 12:27:31,"$明阳智能(SH601615)$  
        前天，长江商报一篇文章《明阳智能二季度扣非或首现负增长 三大股东10名董监高疯狂减持套现88亿》引发投资者尤其散户的争议。文章主要引用财务数据对质疑证明阳智能的成长性，进而推理大股东和管理层的大幅减持和退出，表面看似好像有道理。 
      
       其实也很多投资者包括散户都不以为然，认为大宗原材料涨价，低价拉单，疫情等等客观因素导致，还有二季度是否有电站转让收益也是一大悬念，公司也没有说明。
       
       但是的但是，不知道大家注意没有，明阳智能二级市场的走势确很难理解，为什么利空加融资客和北上资金连续减持这样多的消息没有阻挡他的下跌呢？是散户的力量吗？


         其实答案很简单，有大资金在加仓，就在长江商报看空的第二天，大资金净流入近3个亿，自12日以来，机构连续三天增持？自己在分歧中博弈，背后的逻辑是什么？明阳智能到底是拐点将至还是迎接新一轮的爆发？我们拭目以待！
2022-07-14 12:41:42作者更新以下内容
如果疫情形势得到较好的控制，下半年明阳智能的业绩表现或许会让投资者意外加惊喜一把。
        二级市场，明阳智能放量上攻，他在是反弹还是反攻，我们拭目以待。但我坚定看好。
2小时前 作者更新了以下内容
明阳智能今日继续放量上攻，给看空者响亮一击。
2022-07-15 17:09:20作者更新以下内容
不出所料，今日明阳智能逆势上攻，走出新高，全天大单净流入2.8个亿，为连续4天主力净流入。
展开阅读全文"
这波北上的短线分子太多了，耐心等待吧[哼],"https://guba.eastmoney.com/news,601615,1207834402.html",2022-07-19 12:38:01,这波北上的短线分子太多了，耐心等待吧
今天外资又要砸几个亿？,"https://guba.eastmoney.com/news,601615,1207826796.html",2022-07-19 12:01:44,$明阳智能(SH601615)$  今天外资又要砸几个亿？
清仓，股性太差，小双头成立。换股玩了！,"https://guba.eastmoney.com/news,601615,1207833040.html",2022-07-19 12:31:16,$明阳智能(SH601615)$  清仓，股性太差，小双头成立。换股玩了！
为什么？,"https://guba.eastmoney.com/news,601615,1207810731.html",2022-07-19 11:25:20,$明阳智能(SH601615)$  为什么？
