标题,链接,发布时间,内容
今天有多少朋友关灯吃粽子,"https://guba.eastmoney.com/news,601928,178976760.html",2015-06-19 16:56:17,粽子都随大盘投江了，还有的吃吗
保住成果，下周出来！,"https://guba.eastmoney.com/news,601928,179002863.html",2015-06-19 19:10:30,这两天大跌，让我大幅度减少利润，为了保住成果，下周准备出来算了。我们不亏损就万幸，留置得青山在，不怕没柴烧。
股市就是一个散户掏钱，给国家搞建设。最后还落一赌徒。,"https://guba.eastmoney.com/news,601928,178907320.html",2015-06-19 14:28:15,股市就是一个散户掏钱，给国家搞建设。最后还落一赌徒。
天理难容,"https://guba.eastmoney.com/news,601928,179031225.html",2015-06-19 22:01:56,从来没碰到过2个以上涨停 ，今天却收了3跌停，天理难容。
妈的，割肉，销户。正式进入熊市。,"https://guba.eastmoney.com/news,601928,178875709.html",2015-06-19 13:42:19,妈的，割肉，销户。正式进入熊市。
这股应该随大盘调整到17左右启稳,"https://guba.eastmoney.com/news,601928,178836532.html",2015-06-19 11:57:23,昨天没创新高就说明主力无心恋战
对发布停牌类似言论，对打广告者的真实警告,"https://guba.eastmoney.com/news,601928,178618203.html",2015-06-18 18:26:41,"关于对发布关于停牌类似言论者，将上报给证监会及网警处理，对因此蒙受损失者提供依据索赔。对打广告者以及顶贴者以同案犯处理，大家相互转告。
最后想说的是，对该股技术面，基本面，宏观等分析是可以发表言论的。"
总结，传媒里面的垃圾，文化李明的糟粕,"https://guba.eastmoney.com/news,601928,178794226.html",2015-06-19 10:42:20,总结，传媒里面的垃圾，文化李明的糟粕
通知 今天跌停，受不了的快跑！,"https://guba.eastmoney.com/news,601928,178740647.html",2015-06-19 09:28:18,通知 今天跌停，受不了的快跑！
今天直接跌停吧，跌的很小马哥才会来！,"https://guba.eastmoney.com/news,601928,178742727.html",2015-06-19 09:32:55,今天直接跌停吧，跌的很小马哥才会来！
针对有个“哈尔滨的朋友”的先骂我，而我反击的声明,"https://guba.eastmoney.com/news,601928,178357421.html",2015-06-18 09:12:01,是你们东北人不是在先，我并不是全部针对东北人， 是那个哈尔滨的有个你们中的败类，先侮辱我，我一急，就多打个们，其实我真正的意思是骂那个人是你们东北的猪。在此，对东北的其他朋友深深的说声：对不起，我错了。但我也希望大家都能互相尊重，都别再出言不逊了。
股吧用去年的停牌公告置顶，大家速度拍照保留，如因以损失去告它。,"https://guba.eastmoney.com/news,601928,178702104.html",2015-06-19 00:48:26,股吧用去年的停牌公告置顶，大家速度拍照保留，如因以损失去告它。
大盘恶劣，凤凰今天表现还算不错跑赢大盘,"https://guba.eastmoney.com/news,601928,178623294.html",2015-06-18 18:49:53,大盘一旦企稳，凤凰将展翅高飞
国际板来了，你准备好了吗,"https://guba.eastmoney.com/news,601928,178660577.html",2015-06-18 21:19:24,新三板、新兴板、国际板、板板见血。
真强假强看明天了。。。。[拜神][拜神][拜神][拜神],"https://guba.eastmoney.com/news,601928,178581963.html",2015-06-18 16:19:46,真强假强看明天了。。。。
阿里收购三成股份，题材多多,"https://guba.eastmoney.com/news,601928,178611778.html",2015-06-18 17:57:46,，，，，，，，，，，，，，
吗的，看着走势，阿里马云真的要来收购啊！,"https://guba.eastmoney.com/news,601928,178416758.html",2015-06-18 10:53:44,吗的，看着走势，阿里马云真的要来收购啊！
小姨子和我说洗盘结束，明天开始涨停之路，,"https://guba.eastmoney.com/news,601928,177800249.html",2015-06-16 14:46:52,买入
黑色星期四,"https://guba.eastmoney.com/news,601928,178545873.html",2015-06-18 14:59:18,黑色星期四
要死了，还停牌,"https://guba.eastmoney.com/news,601928,178535509.html",2015-06-18 14:47:05,要死了，还停牌
无风不起浪，具有重大收购题材,"https://guba.eastmoney.com/news,601928,178493893.html",2015-06-18 13:49:36,，，，，，，，，，，，
凤凰——总有一天变金凤凰,"https://guba.eastmoney.com/news,601928,178486345.html",2015-06-18 13:38:31,"文化
传媒引力传媒(47.67 9.99%)齐心集团(33.81 9.99%)唐德影视(153.85 6.31%)皖新传媒(38.41 3.75%)中文在线(156.00 3.32%)视觉中国(55.40 2.27%)"
赶紧走吧，我已出，一日情。传媒没绿的~,"https://guba.eastmoney.com/news,601928,178390530.html",2015-06-18 10:16:09,赶紧走吧，我已出，一日情。传媒没绿的~赶紧下车。。。。
凤凰起飞了……                                 ,"https://guba.eastmoney.com/news,601928,178424839.html",2015-06-18 11:06:41,凤凰起飞了…… 迈进26.48 再见了22元……
草！看来阿里还真的要来买凤凰啊，马云真任性啊！,"https://guba.eastmoney.com/news,601928,178425292.html",2015-06-18 11:06:32,草！看来阿里还真的要来买凤凰啊，马云真任性啊！
想要多高就有多高,"https://guba.eastmoney.com/news,601928,178417632.html",2015-06-18 10:55:09,想要多高就有多高
今天会再创新高,"https://guba.eastmoney.com/news,601928,178364657.html",2015-06-18 09:34:58,必须的
换其他文化传媒行业,"https://guba.eastmoney.com/news,601928,178362011.html",2015-06-18 09:28:27,换其他文化传媒行业
企鹅要泡凤凰，360也爱上了凤凰，阿里说你们走开我来,"https://guba.eastmoney.com/news,601928,178297401.html",2015-06-17 21:52:05,靠，搞什么搞，要不你们4P吧
坚定看好凤凰不弃不离，就是调整也坚定此股三个月上50的预测,"https://guba.eastmoney.com/news,601928,178347324.html",2015-06-18 08:24:06,在我所有关注的票了，唯一坚定看好和坚持看多的一个股票。
想捡便宜货再不可能了。,"https://guba.eastmoney.com/news,601928,176582918.html",2015-06-12 10:35:18,想捡便宜货再不可能了。
分众借壳宏达新材生变，找姐姐凤凰求安慰,"https://guba.eastmoney.com/news,601928,178306399.html",2015-06-17 22:30:08,哈哈，小弟可别爱上凤凰姐啊
今天涨停是因为江苏银行！,"https://guba.eastmoney.com/news,601928,176882975.html",2015-06-12 23:13:12,实际上在小散还不知道的情况下主力已经知道要上会了，参考其他IPO股票影子股走势，从上会前到过会一般都要上涨40%---80%，最近的可以看国泰君安影子股大众交通、深圳能源的走势，都是连续两三个板再调整两天再两三个板的走势。实际上从现在起凤凰传媒已经不再是传统意义上的传媒股了。
加码买入，主升段，,"https://guba.eastmoney.com/news,601928,177267881.html",2015-06-15 09:55:39,买入
宁沪高速、华西股份、凤凰传媒谁是正真的龙头？,"https://guba.eastmoney.com/news,601928,178281587.html",2015-06-17 21:02:24,从今天走势看是凤凰传媒！坚定持有至上市
早跟你们说了缺口必补，没人听！,"https://guba.eastmoney.com/news,601928,136483198.html",2014-12-17 14:11:08,"现在看见趋势了没？
告诉你们，听话的话，就在11.30附近再考虑买入，几毛钱也是利润，何况1928这只烂股上面几毛钱的波动算大的了！"
晚上会不会有停牌公告,"https://guba.eastmoney.com/news,601928,178190205.html",2015-06-17 15:05:46,
明日上午卖出601928，收回600184,"https://guba.eastmoney.com/news,601928,178323241.html",2015-06-17 23:56:24,"明日上午卖出601928，收回600184
天山狼007
Good bye 600184让我赔钱了，再也不回理你了，狗庄。
Good bye 600184让我赔钱了，再也不回理你了，狗庄。
2015/6/17 18:46:56光电股份吧"
分众的恋人宏达犯事，失恋了就来找姐姐悄悄话,"https://guba.eastmoney.com/news,601928,178308831.html",2015-06-17 22:41:05,哈哈
下午大盘还会跳水，获利出了，祝各位发财,"https://guba.eastmoney.com/news,601928,178113500.html",2015-06-17 13:05:58,下午大盘还会跳水，获利出了，祝各位发财
企鹅360阿里都爱上了凤凰，凤凰说别闹我爱的分众,"https://guba.eastmoney.com/news,601928,178307113.html",2015-06-17 22:33:34,这都什么什么啊，乱套了。
江苏银行上市龙头！月末过会，下月上市,"https://guba.eastmoney.com/news,601928,178278418.html",2015-06-17 20:54:08,"江苏银行上市龙头！月末过会，下月上市
预计获利12亿"
号外号外：企鹅要泡凤凰了，大家送祝福吗,"https://guba.eastmoney.com/news,601928,178274730.html",2015-06-17 20:44:40,不管你信不信，反正我是信了。
企鹅勾搭凤凰，凤凰欲拒还迎,"https://guba.eastmoney.com/news,601928,178268075.html",2015-06-17 20:25:00,哈哈，男欢女爱就是爽。
阿里股，目标50元,"https://guba.eastmoney.com/news,601928,178255662.html",2015-06-17 19:32:45,，，，，，，，，，
狗庄自己玩吧，今天买入601928吧损失的钱赚回来了,"https://guba.eastmoney.com/news,601928,178246652.html",2015-06-17 18:51:15,"狗庄自己玩吧，今天买入601928吧损失的钱赚回来了
天山狼007
Good bye 600184让我赔钱了，再也不回理你了，狗庄。
Good bye 600184让我赔钱了，再也不回理你了，狗庄。
2015/6/17 18:46:56光电股份吧"
声明:今天涨停是在线教育和BAT，非传言。不用公告:-(,"https://guba.eastmoney.com/news,601928,178245721.html",2015-06-17 18:46:20,"声明:
今天涨停是在线教育和BAT，非传言。不用公告:-("
凤凰传媒的主升段将在近期产生，建议大家积极布局，,"https://guba.eastmoney.com/news,601928,177722814.html",2015-06-16 12:03:49,目标价格40元，
今天不用关灯吃面了,"https://guba.eastmoney.com/news,601928,178004779.html",2015-06-17 09:42:49,哈哈
601928:凤凰传媒2015年第一次临时股东大会会议材料,"https://guba.eastmoney.com/news,601928,177828129.html",2015-06-16 15:41:36,"公告日期：2015-06-17


江苏凤凰出版传媒股份有限公司

601928

2015年第一次临时股东大会会议材料

二Ｏ一五年六月二十六日召开

目 录

1、股东大会议程…………………………………………………22、股东大会会议须知……………………………………………33、关于使用联合竞拍土地使用权为关联人银行贷款提供抵押担保的议案………………………………………………………………5

江苏凤凰出版传媒股份有限公司

2015年第一次临时股东大会议程

会议时间：2015年6月26日（星期五）上午9:30

会议地点：南京市湖南路1号凤凰广场A座2807会议室

召集人：公司董事会

参加人员：符合条件的股东或其授权委托人、公司董事、监事及高级管理人员、见证律师

一、大会主持人宣布2015年第一次临时股东大会开始，报告出席会议股东、持有股份数及比例、参会人员

二、董事会秘书宣读本次股东大会须知

三、审议股东大会议案

（一）宣读议案

关于使用联合竞拍土地使用权为关联人银行贷款提供抵押担保的议案

（二）股东及股东代表发言，回答问题

（三）推荐计票、监票的股东、监事代表及律师

（四）对上述议案进行审议和投票表决

（五）休会10分钟，计票人计票，监票人监票

（六）由监事监票人宣布投票表决结果

四、请大会见证律师对本次股东大会出具《法律意见书》

五、大会主持人宣读2015年第一次临时股东大会决议

六、宣布2015年第一次临时股东大会闭幕

七、与会董事、监事在股东大会决议与记录上签字

江苏凤凰出版传媒股份有限公司

二一五年第一次临时股东大会会议须知

为了维护广大投资者的合法权益，保证股东在本公司股东大会上依法行使职权，确保股东大会的正常秩序和议事效率，根据《中华人民共和国公司法》（以下简称“公司法”）、《上市公司股东大会规范意见》及《公司章程》等有关规定，制定以下会议须知。

一、会议的组织方式

1、会议由公司董事会依法召集。

2、本次会议的出席人员为2015年6月17日下午上海证券交易所交易结束后，在中国证券登记结算有限责任公司上海分公司登记在册的本公司股东或其委托代理人；本公司董事、监事和高级管理人员。

3、本次会议行使《公司法》、《公司章程》、《公司股东大会议事规则》等规定的股东大会职权。

二、会议的表决方式

1、出席此次会议的股东及股东代表以其所代表的有表决权股份数额行使表决权，每一股份享有一票表决权。参会股东代表表决时，须持有效授权委托书。

2、本次临时股东大会采取现场表决投票与网络投票相结合的方式召开。公司股东只能选择现场投票和网络投票中的一种表决方式。

如同一股份通过现场和网络投票系统重复进行表决的，以第一次投票结果为准。

3、本次会议采用记名方式投票表决，股东及股东代表在大会主持人安排下对决议事项进行表决。

4、投票结束后，由监票员统计有效表决票。

5、出席本次会议的股东及股东代表，若已进行会议报到并领取

表决票，但未进行投票表决，则视为自动放弃表决权利，其所持有的表决权在统计表决结果时作弃权处理。

三、要求和注意事项

1、股东或股东代表请按时有序进入指定会场，到场签名登记。

2、大会主持人开始宣布出席会议股东情况之后到场的股东或股东代表，可以列席会议，但不能参加投票表决。

3、出席会议人员应遵守会议纪律，不得随意走动和喧哗，不得无故退场。

4、为保证股东大会秩序，股东或股东代表要求发言，请于开会前15分钟向签到处登记，并填写“股东大会发言申请表”，写明发言主题及主要内容，由大会秘书处按登记先后顺序安排发言。

5、股东发言由大会主持人点名后到指定的位置进行发言，内容应围绕股东大会的相关议案阐述观点和建议。超出议案范围，欲向公司了解某方面的具体情况，则建议该股东在会后向公司董事会秘书咨询。每位股东发言的时间原则上不超过5分钟。

6、除涉及公司商业秘密不能在股东大会上公开外，公司的董事会、监事会成员有义务认真、负责地回答股东提出的问题。……
[点击查看PDF原文]
提示：本网不保证其真实性和客观性，一切有关该股的有效信息，以交易所的公告为准，敬请投资者注意风险。
展开阅读全文"
主力加油，给点力,"https://guba.eastmoney.com/news,601928,178142234.html",2015-06-17 13:58:24,别他妈的像娘们，一硬不就冲到顶了吗
你选。。。我选《凤凰》,"https://guba.eastmoney.com/news,601928,178134839.html",2015-06-17 13:46:20,你选。。。我选《凤凰》广电网络(26.92 10.01%)引力传媒(43.34 10.00%)新华传媒(23.92 9.42%)腾信股份(202.00 8.95%)中文在线(147.00 7.10%)凤凰传媒(23.54 6.56%
还好昨天开盘跑了，这垃圾估计还要暴跌,"https://guba.eastmoney.com/news,601928,177999720.html",2015-06-17 09:30:11,还好昨天开盘跑了，这垃圾估计还要暴跌
腾讯的朋友告诉我：企鹅和凤凰在相亲,"https://guba.eastmoney.com/news,601928,178109422.html",2015-06-17 12:52:03,哈哈，双方干柴烈火，激情四射，迫不及待的要入洞房了。
马云缺席，马化腾补上,"https://guba.eastmoney.com/news,601928,178108390.html",2015-06-17 12:49:24,哈哈，马到成功，此股要一马当先了。
拥有此股的，今天不会再关灯吃面了,"https://guba.eastmoney.com/news,601928,178102037.html",2015-06-17 12:28:57,涨停可期
散户都撤吧,"https://guba.eastmoney.com/news,601928,178017810.html",2015-06-17 10:01:16,今天涨停
跌到14我满仓,"https://guba.eastmoney.com/news,601928,177799616.html",2015-06-16 14:45:49,真的，我等。
凤凰变落汤鸡，继续领跌文化传媒,"https://guba.eastmoney.com/news,601928,178004133.html",2015-06-17 09:40:20,凤凰变落汤鸡，继续领跌文化传媒
今天继续关灯吃面,"https://guba.eastmoney.com/news,601928,177979968.html",2015-06-17 08:19:34,因为关灯，泪流面里看不见
抄底的好机会来了，,"https://guba.eastmoney.com/news,601928,177989845.html",2015-06-17 08:59:44,抄底的好机会来了，
已经清仓,"https://guba.eastmoney.com/news,601928,177893700.html",2015-06-16 19:58:37,大家快走吧 不走 内裤都没了
走势明显强于大盘，上升通道完好，长线客不必动摇。,"https://guba.eastmoney.com/news,601928,177816789.html",2015-06-16 15:14:11,别害怕，
星期一27.15元是铁定的事情，不涨停，你打我。,"https://guba.eastmoney.com/news,601928,177093038.html",2015-06-14 11:09:06,"这个时候谁敢承认这个满天飞的消息是真的，泄漏是要追责的，公司已经明确了下半年的战略引进BAT，过几天就停盘了，
至少后面有5个涨停，
第一个涨停；27.15元
第二个涨停；29.86元
第三个涨停；32.85元
第四个涨停；36.13元
第五个涨停；39.74元"
这股不会连续拉的，赚它的钱不易。。。。,"https://guba.eastmoney.com/news,601928,177932261.html",2015-06-16 22:17:16,这股不会连续拉的，赚它的钱不易。。。。
见顶了,"https://guba.eastmoney.com/news,601928,177893992.html",2015-06-16 19:59:40,次股 已经 降横盘3月 大家快走吧
今天平盘收,"https://guba.eastmoney.com/news,601928,177743027.html",2015-06-16 13:17:01,哈哈
凤凰折翼--恶庄明显利用阿里入股谣言拉高出货,"https://guba.eastmoney.com/news,601928,177858695.html",2015-06-16 17:28:25,周五猛拉，午盘利用阿里入股谣言封停，昨天一度涨幅达七个点，然而一整天都在出货。全天成交33个亿，换手率18.39.主力高位派发明显，大肆出货。今天跳空低开下杀，使得昨天买进的人全部被套。恶庄嘴脸暴露无遗。各位在高位站岗的朋友被这个流氓主力骗了！
计划跌10%就加仓10%,"https://guba.eastmoney.com/news,601928,177768169.html",2015-06-16 13:59:12,越跌越买
昨天汇阳的冯利勇每次推荐，此股必跌。,"https://guba.eastmoney.com/news,601928,177803250.html",2015-06-16 14:51:18,昨天汇阳的冯利勇每次推荐，此股必跌。
大盘又开始跳水了,"https://guba.eastmoney.com/news,601928,177771253.html",2015-06-16 14:03:56,艹
今天洗盘结束,"https://guba.eastmoney.com/news,601928,177760239.html",2015-06-16 13:46:55,下午吹集结号。。。。。。。
股东大会后停牌，关门前股价33元左右,"https://guba.eastmoney.com/news,601928,177476325.html",2015-06-15 17:14:24,不管你信不信，反正我信了
今天是介入凤凰传媒的良机,"https://guba.eastmoney.com/news,601928,177710207.html",2015-06-16 11:27:40,机不可失。
冷静处理！目前该股放量上影线短线肯定是要离场的。昨天至今天没有机会离场的朋友可以,"https://guba.eastmoney.com/news,601928,177733873.html",2015-06-16 12:50:48,冷静处理！目前该股放量上影线短线肯定是要离场的。昨天至今天没有机会离场的朋友可以观察下午。下午若收长下影线那么可以继续持有看明天。目前不能再有赌性和幻想！做股票不是靠感觉不是靠消息不是靠绯闻！那样必败无疑！要理智冷静。从技术面配合上为主。消息为辅！祝大家发财。
以静制动[微笑],"https://guba.eastmoney.com/news,601928,177734028.html",2015-06-16 12:51:23,以静制动
100米冲刺：深蹲；拉起；向前冲！目前就是深蹲的时刻。,"https://guba.eastmoney.com/news,601928,177731209.html",2015-06-16 12:39:19,100米冲刺：深蹲；拉起；向前冲！目前就是深蹲的时刻。
这几年凤凰传媒通过上市，降低融资成本，不断开拓进取，经营业绩不断提升，股本还从没,"https://guba.eastmoney.com/news,601928,177716701.html",2015-06-16 11:42:57,这几年凤凰传媒通过上市，降低融资成本，不断开拓进取，经营业绩不断提升，股本还从没扩张过，题材多多。像这样又有业绩又有题材的股票，真的很难找了，各位要珍惜啊！
全清仓了,"https://guba.eastmoney.com/news,601928,177696174.html",2015-06-16 11:05:13,886
大盘跌成这样,"https://guba.eastmoney.com/news,601928,177465051.html",2015-06-15 16:32:32,这样的表现很平常。不必在意一两天的涨跌。。。不必天天看盘。。。
今天咱家小姨子看到了马云在凤凰传媒总部，说搞什么大数据，云计算。,"https://guba.eastmoney.com/news,601928,176639494.html",2015-06-12 12:09:13,"至少后面有5个涨停，
第一个涨停；27.15元
第二个涨停；29.86元
第三个涨停；32.85元
第四个涨停；36.13元
第五个涨停；39.74元"
我就这三只票，骗你们我是你们日出来的,"https://guba.eastmoney.com/news,601928,151577499.html",2015-03-11 14:53:31,我就这三只票，骗你们我是你们日出来的
凤凰变母鸡，再不撤，套牢3月,"https://guba.eastmoney.com/news,601928,177663407.html",2015-06-16 10:18:55,凤凰变母鸡，再不撤，套牢3月
越跌越买，必有厚报,"https://guba.eastmoney.com/news,601928,177651974.html",2015-06-16 10:05:48,如题
宁沪高速又板,"https://guba.eastmoney.com/news,601928,177625402.html",2015-06-16 09:19:25,宁沪高速又板
看谁跑的快,"https://guba.eastmoney.com/news,601928,177628382.html",2015-06-16 09:26:39,看谁跑的快
"mlgc,与国中铁比跌幅了","https://guba.eastmoney.com/news,601928,177627622.html",2015-06-16 09:25:02,跑了，再不跑就要死了
秘闻：凤凰传媒与腾讯已接洽,"https://guba.eastmoney.com/news,601928,177507831.html",2015-06-15 19:27:44,千真万确
看看南北车、南北船，传闻比公告还准确！,"https://guba.eastmoney.com/news,601928,176787264.html",2015-06-12 16:43:19,看看南北车、南北船，传闻比公告还准确！
风物长宜放眼量,"https://guba.eastmoney.com/news,601928,177465372.html",2015-06-15 16:33:37,不畏浮云遮望眼。共勉。
周一的下跌是为了更好的上涨,"https://guba.eastmoney.com/news,601928,177447498.html",2015-06-15 15:33:57,今天，沪市大盘略为高开后就急速下跌，可能受制于新股申购和投资者的谨慎情绪的影响，沪市大盘成交量一直不能有效放大，所以在10点多钟的反弹没有力度，沪市大盘只有选择向下调整，打算吸引观望资金及时介入，但效果不明显，主力在11点钟再次打压指数。下午开盘，市场有所企稳，至2点多钟沪指接近红盘，在此时，成交量仍然不能放大，主力只好放弃后30分钟的护盘，并故意打压指数，造成恐慌盘的杀出，至收盘，沪指大跌103.36点，成交量10650亿，比周五略为小一些。我认为，今日大盘的下跌是为了明后天更好的上涨。 今日实盘操作： 1、上午开盘不久，卖出获利丰厚的凤凰传媒，运盛医药，航天电器，一拖股份，光大证券，丽珠集团和山东路桥等股票。 2、下午2:00钟，分别买入四川路桥，金山股份，华电能源，文山电力，国投新集，中粮生化等股票。 3、原持仓的中远航运，宁波银行，新华医疗，北方稀土，北新路桥不动。 本人的持仓情况只作为实际操盘日志备查，对他人不起到任何参考作用，请勿乱加评论。谢谢。[点击查看博客原文]
没跌死你们算幸运的，出货痕迹非常明显，好自为之,"https://guba.eastmoney.com/news,601928,177431789.html",2015-06-15 14:59:34,这根高压避雷针，携带天量，今天起将进入至少30个交易日的打压期
这个是双重底，今天成型右肩,"https://guba.eastmoney.com/news,601928,177576533.html",2015-06-15 23:01:55,没有看出是个W吗
今天涨停不了，收盘24.98,"https://guba.eastmoney.com/news,601928,177406628.html",2015-06-15 14:20:04,我檫，我没票了，想24以下进，看来机会不好瞅啊
明日凤凰,"https://guba.eastmoney.com/news,601928,177538476.html",2015-06-15 20:59:22,趋势未坏，但放量，明日若无长阳，则短线十分危险，有盈利的可先走。
央行将于6月20日,"https://guba.eastmoney.com/news,601928,177527072.html",2015-06-15 20:25:15,下调各类存款类金融机构人民币存款金率0.5个百分点。
601928,"https://guba.eastmoney.com/news,601928,174337460.html",2015-06-05 19:04:08,601928
凤凰传媒到底和江苏银行IPO有多大关系？？,"https://guba.eastmoney.com/news,601928,176981896.html",2015-06-13 14:34:59,？？
面对现实吧，资金上午出了这么多，下午稍微拉高，明天就危险了。,"https://guba.eastmoney.com/news,601928,177345934.html",2015-06-15 12:00:01,面对现实吧，资金上午出了这么多，下午稍微拉高，明天就危险了。
周五中午发布的阿里入股凤凰传媒的消息预计是庄家？机构或者游资所为？收盘凤凰传媒发,"https://guba.eastmoney.com/news,601928,177211145.html",2015-06-14 22:33:29,周五中午发布的阿里入股凤凰传媒的消息预计是庄家？机构或者游资所为？收盘凤凰传媒发布公告澄清没有此事。两则公告对比鲜明。一个抬轿，一个打压。其目的已经很明显了。对于一只股价偏低的优质成长股来说，一则是出假利好趁机提前抬高股价，一则是怕股价抬的过高，影响子公司上市计划。预测凤凰传媒周一有两种走法，高开或低开。高开出货，低开加仓。不管庄家如何打压洗牌股价，坚定不移越跌越买。高抛低吸。这回我就和你耗上了。看谁能把我洗出去。
学科网才多大的规模，几千万就能拿到51.8%的股份,"https://guba.eastmoney.com/news,601928,177126120.html",2015-06-14 15:12:30,即使BAT战略合作，感觉也是小儿科。
坚定持股，做好打持久战的准备,"https://guba.eastmoney.com/news,601928,177440731.html",2015-06-15 15:15:42,三个月此股上50元是我一贯的预测，坚定持有。
那个浦发银行还不是澄清，现在还不是停牌重组了,"https://guba.eastmoney.com/news,601928,177429237.html",2015-06-15 14:54:33,那个浦发银行还不是澄清，现在还不是停牌重组了
江苏银行拟ipo,"https://guba.eastmoney.com/news,601928,177449393.html",2015-06-15 15:39:13,"招股书预先披露稿显示，江苏银行成立时进行了增资扩股，向35户法人定向发行约35.37亿股，其中24户为引进的新股东，11户为原10家城商行股东。前三大股东分别为江苏信托、凤凰集团、华泰证券(601688).

　　近10年的发展，江苏银行已跃居城商行第一梯队。"
没有涨停只有涨不停，三个月必上50,"https://guba.eastmoney.com/news,601928,177442501.html",2015-06-15 15:19:59,请朋友记住
马云要办的事情，谁也阻挡不了,"https://guba.eastmoney.com/news,601928,177427238.html",2015-06-15 14:51:38,马云要办的事情，谁也阻挡不了
上了套,"https://guba.eastmoney.com/news,601928,177420326.html",2015-06-15 14:41:30,[失望]
一下没看，怎么变天了，什么节奏,"https://guba.eastmoney.com/news,601928,177419388.html",2015-06-15 14:40:07,这次解手亏大了
割肉走了，流了好多血,"https://guba.eastmoney.com/news,601928,177405468.html",2015-06-15 14:18:08,换南天都5个点
如果6月不能空仓，那么你将会在此处站岗一年。叶荣添,"https://guba.eastmoney.com/news,601928,177099773.html",2015-06-14 12:24:16,"如果6月不能空仓，那么你将会在此处站岗一年。此话在这，以待验证。6月，是中国股市有史以来最危险的一个月，我们，将面临人生最大的选择。市场，将面临诞生以来最大的考验。大盘，将面临一次千点级别的下跌，甚至更多。此刻，你唯有不留任何情面，将手上持股全部剁掉，一股不留，才是保全性命的唯一方式！今天你相信我，1个月后你将会觉得万幸！

最后一越 叶荣添"
凤凰后市看法，勿喷。,"https://guba.eastmoney.com/news,601928,176935961.html",2015-06-13 10:36:21,"公告澄清后，周一低开高走，午后涨停，后连续一字板，然后停牌重组！
理由如下：转股友“清影独钓”的。
1.传闻也罢，澄清也罢，此传闻始作俑者有名有姓有单位，如无权威信息而发此文，那是在冒着被机构和中小投资者状告起诉和索赔的风险，请问，值吗？
2.公司澄淸公告措词严谨并有余地，虽截止目前，公司尚未就股权投资项目与阿里进行过合作谈判；截止目前，本公司尚未就图书出版、游戏、在线教育等项目与阿里进行过合作谈判。但公告也再次重申了之前战略决策，此路必走而且相关工作正在推进。
此事并非空穴来风。"
关注大股东的承若，没有诚信就没有股民的未来,"https://guba.eastmoney.com/news,601928,177071611.html",2015-06-14 04:01:02,"凤凰集团拟注入8.9亿股江苏银行股份】2013年年报披露，根据凤凰集团董事
会决定，凤凰集团拟将其直接持有的江苏银行股份有限公司8.9亿股注入凤凰股份。
凤凰集团将在满足国家相关法规政策的前提下，根据市场情况选择适当时机和注入
方式，具体方案报相关部门批准后确定。
2013年江苏银行的股份凤凰集团承若将以合适方式转给凤凰股份发行价格是公允价格，所有人无权说三道四，既然承诺了，市场价和发行价的价差应该由凤凰股份获取，这是承诺的代价，大家呼吁，如果发布该公告，凤凰无疑会大涨，大股东想打懒帐，说明诚信有问题，正在进行中的增发应该取消，支持的顶"
凤凰潜在利好,"https://guba.eastmoney.com/news,601928,176969144.html",2015-06-13 13:26:54,"苏银行;即将IPO最受益的十大股东排名
江苏银行十大股东 十大股东情况（2013年） 股东名称 股份（亿股） 占比（％） 1江苏省国际信托有限责任公司 9.1 （亿股） 10.00 2华泰证券股份有限公司 6.40 （亿股） 7.03％ 3江苏凤凰出版传媒集团 5.51 （亿股） 6.05％
4无锡市建设发展投资公司 4.87 （亿股） 5.35％
5中国东方资产管理公司 3.01 （亿股） 3.31％
6 江苏沙钢集团有限公司 3.00 （亿股） 3.30％
7江苏华西村股份有限公司 2.49 （亿股） 2.73％
8南通国有资产控股有限公司 2.21 （亿股） 2.44％
9丰立集团有限公司 1.50 （亿股） 1.65％
10苏宁电器股份有限公司 1.50 （亿股） 1.65％"
江苏银行十大股东排序,"https://guba.eastmoney.com/news,601928,177137206.html",2015-06-14 16:09:59,"江苏银行十大股东
序号 股东名称 股东性质 持股数(股) 持股比例
1 江苏省国际信托有限公司 国有 910,000,000 10.00@
2 华泰证券股份有限公司 国有 640,000,000 7.03%
3 江苏凤凰出版传媒集团有限公司 国有 551,000,000 6.05%
4 无锡市建筑发展投资公司 国有 487,015,540 5.53%
5 中国东方资产管理公司 国有 301,300,000 3.31%
6 江苏沙钢集团有限公司 民营 300,000,000 3.30%
7 江苏华西村股份有限公司 民营 248.809.215 2.73%
8 南通国有资产投资控股有限公司 国有 222,448,644 2.44%
9 丰立集团有限公司 民营 150,000,000 1.65%
10 苏宁电器股份有限公司 民营 150,000,000 1.65%"
个人感觉，估计要关门了~,"https://guba.eastmoney.com/news,601928,177362773.html",2015-06-15 13:03:06,个人感觉，估计要关门了~
江苏银行和凤凰传媒没一点关系，被误导，给大家解释一下,"https://guba.eastmoney.com/news,601928,176119490.html",2015-06-11 09:11:24,600716凤凰股份，2013年年报中集团公司公告承诺将母公司所持有的8.9亿股择机注入子公司凤凰股份，之前集团已将2亿股南京证券股权注入了凤凰股份，打造金融地产股，可查到相关内容。所以凤凰传媒没有江苏银行上市利好概念，大家别被一些主力发出假消息误导，造成损失，仅作提醒，物喜勿喷。谢谢
星期一还有机会进场,"https://guba.eastmoney.com/news,601928,176853207.html",2015-06-12 21:17:55,星期一大幅低开，然后不久拉停。星期一全仓进入。
无风不起浪，凤凰传媒可以看好！,"https://guba.eastmoney.com/news,601928,177335645.html",2015-06-15 11:33:40,无风不起浪，凤凰传媒可以看好！
董事长说了；高管股票买少了，那我们多买点。OK,"https://guba.eastmoney.com/news,601928,177309378.html",2015-06-15 10:53:10,OK
传的沸沸扬扬的江苏银行股份,"https://guba.eastmoney.com/news,601928,177158018.html",2015-06-14 18:03:46,"大家先看看凤凰股份2013年的年报第三页：

根据凤凰集团董事会决定，凤凰集团拟将其直接持有的江苏银行股份有限公司8.9亿股注入凤凰股份。凤凰集团将在满足国家相关法规政策的前提下，根据市场情况选择适当时机和注入方式，具体方案报相关部门批准后确定。

1.这不算是凤凰集团的承诺，只是凤凰股份的信息披露，假如集团董事会又不注入江苏银行股份，最多也只是凤凰股份的信披违规，虚假信息。对于这种虚假信息，证监会没什么处罚力度吧？

2.假如集团还是会注入江苏银行股份，看看最新的江苏银行招股说明书，上市后锁定期更改为36个月。如果有谁准备拿到3年后，现在都可以不用看了，关电脑去玩吧。也许有人说上市前会注入，这需要专业人士来解答，不知道ipo排队期间是否可以转让？估计很悬，想注入的话，应该早就注入，而不会等到现在。而且，按现在证监会的审批速度，江苏银行应该很快就能上市，看看最近每月都安排的大盘股上市就知道。

3.再来看看假如3年后考虑注入，大家也是无可奈何，只能深深体会到中国文字的博大精深。
（1）根据凤凰集团董事会决定：信息披露时是有依据的，没有乱披露，还不一定算的上是信披违规。
（2）凤凰集团将在满足国家相关法规政策的前提下：要是不满足相关政策而不能注入，那也是没办法的。比如因为锁定期而无法注入。
（3）适当时机和注入方式：就是没有承诺是什么时间，也许5年也许10年，都不算反悔；也没有承诺注入方式，也许按成本价，也许按净值，也许按市场价。"
澄清了，明天大跌,"https://guba.eastmoney.com/news,601928,177162902.html",2015-06-14 18:30:28,最近澄清的都大跌
早盘入仓了吗？,"https://guba.eastmoney.com/news,601928,177267975.html",2015-06-15 09:55:30,感觉怎样？
凤凰传媒，澄清是诱空,"https://guba.eastmoney.com/news,601928,177263561.html",2015-06-15 09:50:29,真的没有消息吗，真的是假传吗，别忽悠了。
今天高开低走，甚至低开。,"https://guba.eastmoney.com/news,601928,177248977.html",2015-06-15 09:12:44,今天高开低走，甚至低开。
凤凰集团的承若,"https://guba.eastmoney.com/news,601928,177071581.html",2015-06-14 03:56:24,"凤凰集团拟注入8.9亿股江苏银行股份】2013年年报披露，根据凤凰集团董事
会决定，凤凰集团拟将其直接持有的江苏银行股份有限公司8.9亿股注入凤凰股份。
凤凰集团将在满足国家相关法规政策的前提下，根据市场情况选择适当时机和注入
方式，具体方案报相关部门批准后确定。
2013年江苏银行的股份凤凰集团承若将以合适方式转给凤凰股份发行价格是公允价格，所有人无权说三道四，既然承诺了，市场价和发行价的价差应该由凤凰股份获取，这是承诺的代价，大家呼吁，如果发布该公告，凤凰无疑会大涨，大股东想打懒帐，说明诚信有问题，正在进行中的增发应该取消，支持的顶"
我想请教一下，为什么澄清公告非要等到收市以后才能发布，盘中不能发布吗？是盘中发布,"https://guba.eastmoney.com/news,601928,177009916.html",2015-06-13 17:24:36,我想请教一下，为什么澄清公告非要等到收市以后才能发布，盘中不能发布吗？是盘中发布保护投资者还是收市以后发布保护投资者？
601928:凤凰传媒2014年年度股东大会决议公告,"https://guba.eastmoney.com/news,601928,175081651.html",2015-06-08 18:43:57,"公告日期：2015-06-09
证券代码：601928 证券简称：凤凰传媒 公告编号：2015-020

江苏凤凰出版传媒股份有限公司

2014年年度股东大会决议公告

本公司董事会及全体董事保证本公告内容不存在任何虚假记载、误导性陈述或者重大遗漏，并对其内容的真实性、准确性和完整性承担个别及连带责任。

重要内容提示：

本次会议是否有否决议案：无

一、 会议召开和出席情况

(一) 股东大会召开的时间：2015年6月8日

(二) 股东大会召开的地点：南京市湖南路1号凤凰广场A座2807会议室

(三) 出席会议的普通股股东和恢复表决权的优先股股东及其持有股份情况：

1、出席会议的股东和代理人人数 46

2、出席会议的股东所持有表决权的股份总数（股） 1,838,844,539

3、出席会议的股东所持有表决权股份数占公司有表决权股

份总数的比例（%） 72.25

(四) 表决方式是否符合《公司法》及《公司章程》的规定，大会主持情况等。

本次股东大会由公司董事会召集，会议由陈海燕董事长主持。股东大会采取现场记名投票方式与网络投票方式表决。本次股东大会网络投票由公司通过上海证券交易所交易系统向公司股东提供网络形式的投票平台。表决方式符合《公司

法》及《公司章程》的规定。

(五) 公司董事、监事和董事会秘书的出席情况

1、公司在任董事10人，出席4人；董事周斌、黎雪，独立董事徐小琴、沈坤荣、冯辕因在外地出差，未能出席本次会议；

2、公司在任监事3人，出席3人；

3、董事会秘书徐云祥出席了会议；财务总监吴小毓列席会议。

二、 议案审议情况

(一) 非累积投票议案

1、议案名称：关于《公司2014年度董事会工作报告》的议案

审议结果：通过

表决情况：

股东类型 同意 反对 弃权

票数 比例 票数 比例 票数 比例

（%） （%） （%）

A股 1,838,826,039 99.99 17,600 0.00 900 0.00

2、议案名称：关于《公司2014年度监事会工作报告》的议案

审议结果：通过

表决情况：

股东类型 同意 反对 弃权

票数 比例 票数 比例 票数 比例

（%） （%） （%）

A股 1,838,826,039 99.99 17,600 0.00 900 0.00

3、议案名称：关于《公司2014年度报告及其摘要》的议案

审议结果：通过

表决情况：

股东类型 同意 反对 弃权

票数 比例 票数 比例 票数 比例

（%） （%） （%）

A股 1,838,826,039 99.99 17,600 0.00 900 0.00

4、议案名称：关于《2014年度财务决算报告》的议案

审议结果：通过

表决情况：

股东类型 同意 反对 弃权

票数 比例 票数 比例 票数 ……
[点击查看PDF原文]
提示：本网不保证其真实性和客观性，一切有关该股的有效信息，以交易所的公告为准，敬请投资者注意风险。
展开阅读全文"
2013年年报披露，根据凤凰集团董事会决定，凤凰集团拟将其直接持有的江苏银行股,"https://guba.eastmoney.com/news,601928,177216720.html",2015-06-14 23:05:13,"2013年年报披露，根据凤凰集团董事
会决定，凤凰集团拟将其直接持有的江苏银行股份有限公司8.9亿股注入凤凰股份。
凤凰集团将在满足国家相关法规政策的前提下，根据市场情况选择适当时机和注入
方式，具体方案报相关部门批准后确定。
2013年江苏银行的股份凤凰集团承若将以合适方式转给凤凰股份发行价格是公允价格，所有人无权说三道四，既然承诺了，市场价和发行价的价差应该由凤凰股份获取，这是承诺的代价，大家呼吁，如果发布该公告，凤凰无疑会大涨，大股东想打懒帐，说明诚信有问题，正在进行中的增发应该取消，支持的顶"
凤凰传媒：审阅通过江苏银行Ipo上市流程！,"https://guba.eastmoney.com/news,601928,177057931.html",2015-06-13 22:44:00,凤凰传媒：审阅通过江苏银行Ipo上市流程！
凤凰传媒否认与阿里巴巴洽谈合作,"https://guba.eastmoney.com/news,601928,176790178.html",2015-06-12 16:52:42,"　　凤凰传媒(601928)6月12日晚间公告，公司关注到相关财经媒体刊登了“阿里巴巴拟投资凤凰传媒，布局在线教育”的报道，报道谈及三点内容：阿里巴巴将投资国内上市公司凤凰传媒，持股比例或将达到32%，目前交易已经接近尾声，预计不久将对外宣布；阿里将与凤凰传媒在图书出版、游戏，特别是教育方面展开深入的合作；今年4月凤凰传媒发布的年报中，其就曾经宣布计划将凤凰学易公司(学科网)注入股份公司，同时引入以BAT为主的战略投资者，打造成为全国K12在线教育领域的领军企业。
　　凤凰传媒表示，经与公司控股股东、实际控制人江苏凤凰出版传媒集团有限公司核实，截至目前，公司尚未就股权投资项目与阿里进行过合作谈判；截至目前，公司尚未就图书出版、游戏、在线教育等项目与阿里进行过合作谈判。
　　此外，公司已于2015年5月22日对外公告，全资子公司凤凰数媒以现金收购公司控股股东江苏凤凰出版传媒集团有限公司持有的凤凰学易51.8%的股权。今后，公司将逐步引入以BAT为主的战略投资者，大力扶持凤凰学易公司获得更快发展，成为全国K12在线教育领域的领军企业，相关工作正在推进中。
（来源：证券时报网）[点击查看原文]"
凤凰传媒：未就股权项目与阿里进行过合作谈判,"https://guba.eastmoney.com/news,601928,177071896.html",2015-06-14 04:33:28,"　　凤凰传媒(601928)6月12日晚间公告，公司关注到相关财经媒体刊登了“阿里巴巴拟投资凤凰传媒，布局在线教育”的报道，报道谈及三点内容：阿里巴巴将投资国内上市公司凤凰传媒，持股比例或将达到32%，目前交易已经接近尾声，预计不久将对外宣布；阿里将与凤凰传媒在图书出版、游戏，特别是教育方面展开深入的合作；今年4月凤凰传媒发布的年报中，其就曾经宣布计划将凤凰学易公司注入股份公司，同时引入以BAT为主的战略投资者，打造成为全国K12在线教育领域的领军企业。
　　凤凰传媒表示，经与公司控股股东、实际控制人江苏凤凰出版传媒(601999)集团有限公司核实，截至目前，公司尚未就股权投资项目与阿里进行过合作谈判；截至目前，公司尚未就图书出版、游戏、在线教育等项目与阿里进行过合作谈判。
　　此外，公司已于2015年5月22日对外公告，全资子公司凤凰数媒以现金收购公司控股股东江苏凤凰出版传媒集团有限公司持有的凤凰学易51.8%的股权。今后，公司将逐步引入以BAT为主的战略投资者，大力扶持凤凰学易公司获得更快发展，成为全国K12在线教育领域的领军企业，相关工作正在推进中。
（来源：证券时报网）[点击查看原文]"
中国南车去年9月份澄清公告,"https://guba.eastmoney.com/news,601928,177202351.html",2015-06-14 21:55:40,"601766 : 中国南车澄清公告暨复牌公告 查看PDF原文
公告日期：2014-09-05
　　 证券代码：601766（A股） 股票简称：中国南车（A股） 编号：临2014-043

证券代码：1766（H股） 股票简称：中国南车（H股）

中国南车股份有限公司澄清公告暨复牌公告

本公司董事会及全体董事保证本公告内容不存在任何虚假记载、误导性

陈述或者重大遗漏，并对其内容真实性、准确性和完整性承担个别及连带责

任。

2014年9月3日，有媒体陆续发表题为《国资委暗推南北车整合》、《传国

资委推南北车整合各自方案已上报》、《传国资委力推南北车合并以促高铁技术出

口》等新闻报道并被网络广泛转载。本公司对报道内容高度重视，对报道中涉及

事项进行了核查。

一、报道情况

上述报道称：国资委目前正在力推中国南车和中国北车重新整合为一家公

司，以便中国的高铁技术更好地出口到海外；合并一事由国务院主导，已基本定

调，但目前还在初步阶段，双方尚未接触和谈判。中国南车和中国北车都上报了

各自方案供国资委参考。

二、澄清说明

经核查，本公司针对上述报道事项说明如下：

1.央企重组整合相关事宜由上级有关部门决定，经征询本公司控股股东中

国南车集团公司，截至目前，公司控股股东未接到有关文件。

2.本公司及控股股东未就本公司和中国北车整合事宜向上级有关部门申报

过相应方案。

三、必要提示

本公司在此提示广大投资者：《证券时报》、《中国证券报》、《上海证券报》、

《证券日报》和上海证券交易所网站(http://www.sse.com.cn)、香港联合交易所有

限公司网站(http://www.hkex.com.hk)为本公司指定的信息披露媒体，公司所有信

1

息均以公司在上述媒体正式公告披露的信息为准，敬请广大投资者理性投资，注

意投资风险。
展开阅读全文"
这个周末对消息面的影响有限,"https://guba.eastmoney.com/news,601928,177200634.html",2015-06-14 21:43:18,"首先是澄清，其实一定会澄清的，为什么呢？大家应该知道上市公司的信披规定。
二是董事长说高管持股数不够，想多持有，其实是好事。
三是大事，江苏银行IPO，第二大股东为凤凰出版传媒集团，旗下控股股东为凤凰传媒和凤凰股份，大家记住，凤凰传媒和凤凰股份母公司都是凤凰出版传媒集团。

综上，看平50% 看多70% 看空100%"
停牌真的很重要吗？,"https://guba.eastmoney.com/news,601928,153501059.html",2015-03-21 21:48:32,"咱们这些人巳经历了去年停牌，期间真是做梦都在连续涨停，可盼来盼去，肦来一场空。归根到底，还是一夜暴富急于求成的心态在作怪。
其实，换一种思维，凤凰传媒本就有众多利好，如：世界儿童读物、云计算、网游、电影、……等等。随便一、二个真正搞好了，产生效益，那股价也不知到那个地步。我们持有凤凰，正是看好这些以拥有的东西，我们等待也正是这些东西的对现。（我们一直把凤凰传媒定于中、长线，也基于此。）所以停牌并不重要，顶多再多个题材吧。"
大家有看看公告里BTA的意思没？我给大家介绍一下,"https://guba.eastmoney.com/news,601928,177054063.html",2015-06-13 22:10:23,"今后，公司将逐步引入以BAT为主的战略投资者，大力扶持凤凰学易公司获得更快发展，成为全国K12在线教育领域的领军企业，相关工作正在推进中。

BAT，分别是B百度、A阿里巴巴、T腾讯的首字母。
　　
所以这样的缩写BAT级别，就是说超一流规模的互联网公司。"
凤凰传媒：尚未就股权投资项目与阿里进行过合作谈判,"https://guba.eastmoney.com/news,601928,176810434.html",2015-06-12 18:05:53,"　　凤凰传媒6月12日晚间公告，截止目前，公司尚未就股权投资项目与阿里进行过合作谈判。截止目前，公司尚未就图书出版、游戏、在线教育等项目与阿里进行过合作谈判。
　　近期有媒体报道阿里巴巴将投资国内上市公司凤凰传媒，持股比例或将达到32%，目前交易已经接近尾声，预计不久将对外宣布；阿里将与凤凰传媒在图书出版、游戏，特别是教育方面展开深入的合作。
（来源：中国证券网）[点击查看原文]"
又一潜在利好出现了：高管将增持。,"https://guba.eastmoney.com/news,601928,177178940.html",2015-06-14 19:52:53,又一潜在利好出现了：高管将增持。
我又回来了！！,"https://guba.eastmoney.com/news,601928,177052976.html",2015-06-13 21:59:31,手里拿着100多万的现金，空仓踏空的滋味可不好受啊(除了10万股的新华传媒以外)。所以周5看新华要涨停，就追涨了凤凰，当时还只有23.52的时候，我就直接挂了个23.6*10000股，我想凤凰再弱，也应该能涨个8%吧，所以就追涨（我最喜欢的，强者恒强）
恭喜恭喜涨停板买进的人，你们运气好啊！,"https://guba.eastmoney.com/news,601928,177023234.html",2015-06-13 18:46:59,恭喜恭喜涨停板买进的人，你们运气好啊！
低开是肯定的了，能不能迅速上拉，还要看大盘是否配合。说老实话，如果不澄清最好，还,"https://guba.eastmoney.com/news,601928,177006350.html",2015-06-13 16:57:21,低开是肯定的了，能不能迅速上拉，还要看大盘是否配合。说老实话，如果不澄清最好，还能飚涨，现在澄清总归不好，毕竟传言才刚在市场流传就死了。
撒泡尿洗洗手的功夫，涨停了！哈！,"https://guba.eastmoney.com/news,601928,176637019.html",2015-06-12 12:01:25,撒泡尿洗洗手的功夫，涨停了！哈！
"凤凰传媒表示，经与公司控股股东、实际控制人江苏凤凰出版传媒(20.25,0.94","https://guba.eastmoney.com/news,601928,177156466.html",2015-06-14 17:49:39,"凤凰传媒表示，经与公司控股股东、实际控制人江苏凤凰出版传媒(20.25,0.940,4.87%)集团有限公司核实，截至目前，公司尚未就股权投资项目与阿里进行过合作谈判；截至目前，公司尚未就图书出版、游戏、在线教育等项目与阿里进行过合作谈判。
国泰君安资讯
很抱歉，您访问的帖子不存在
很抱歉，您访问的帖子不存在
2015/6/14 6:54:29国泰君安吧"
引进战略投资者用不用停牌？哪位大神解释一下？,"https://guba.eastmoney.com/news,601928,177156187.html",2015-06-14 17:47:35,引进战略投资者用不用停牌？哪位大神解释一下？
坐看风云起！,"https://guba.eastmoney.com/news,601928,176962138.html",2015-06-13 12:49:04,"坐看风云起！
很多凤凰持有者经历了周五涨停突破带来的快乐，也马上被傍晚的澄清公告给自己增添了几分不安，我是凤凰的坚定持有者，我自问了几个问题：
基本面
1、凤凰是不是一家质地优良的公司？是！
2、凤凰的业绩是不是保持成长?是！
3、凤凰上市以来投资的项目成功率是不是很高？是！
4、从企业经营的角度，凤凰的布局是不是合理？是不是符合趋势？是！
5、凤凰所处的产业是不是符合社会发展方向？是不是国家扶持？是！
6、凤凰上市以来最大的投资文化MALL今年才陆续投产会逐步发挥效益是不是？是！
技术面
1、凤凰上市以来是不是还没有爆炒过？是！
2、这波牛市凤凰升幅不大是不是？是！
3、凤凰各种技术指标很好是不是？是！
4、在传闻阿里入股前走势很好是不是？是！（经过前期充分整理后，凤凰随传媒板块已突破前期23.66高点，没有传闻阿里入股凤凰走的也很好，当天也有可能涨停，怀疑庄家是不是故弄玄虚，声东击西，因为凤凰本来就要引进BAT）
5、凤凰绝对价格、市盈率、市净率不高是不是？是！

问完自己后，抽完三支烟，喝完一杯茶，最后问自己一个问题：
我是不是像以前一样坚定持有凤凰传媒？
我的答案：是是是！！！..."
教你们一个测试涨停实力的初级手法,"https://guba.eastmoney.com/news,601928,177135608.html",2015-06-14 16:00:31,"每次涨停后，挂1手买单，若成交，则说明机构在封涨停的价位上边撤单边挂上买单，则有偷梁换柱之嫌，此时可以考虑卖出手上股份。不成交，则是实实在在的封盘。

当然，这里面还有时机及其他学问，不是三言两语就能说清的。"
凤凰传媒是不会让你跳楼的一只股票，主力选择星期五释放消息，是让整个市场引起对凤凰,"https://guba.eastmoney.com/news,601928,177097373.html",2015-06-14 11:53:55,"从涨停板创出历史新高和成交量看，主力并无出逃痕迹，从3月5号带量涨停板以来，和十大股东变化来看可以断定主力成本区就在14元-17元附近，主力会在17元附近收集筹码，可见主力志在长远，并不急于拉升，只是沿着上升通道上行，主力选择星期五发布夸大的消息，目的只是想用少量的资金，把股票价格拉出成本区而已，
基本面：来看凤凰传媒是传媒板块市值最大的一只综合性的股票，也是出版行业的领军企业，也是第一家进军美国的传媒企业，符合国家的战略方针，鼓励走出去的战略，后续肯定还有大合作和收购动作，
在线教育也是公司目前重点发展方向，K12一旦成熟将引领中国整个教育行业。
值得长线投资，在大盘牛市没有结束，任何时候卖出凤凰传媒都是错误。
穷人变富人的一只股票，
短期涨跌别太在意，凤凰传媒是不会让你跳楼的一只股票。"
要哭了，早上挂涨停有事出去了,"https://guba.eastmoney.com/news,601928,176851882.html",2015-06-12 21:12:24,本来预计今天最多到24.50，早上出门时挂涨停卖出试试，就出去办事了，等晚上才回来，家里也没电刚来电，打开看看，一股都没了，我一直预测三个月到50元，
大家再仔细推敲一下公告第三条，明确了将来引进BAT为主的战略投资者是肯定的，特别,"https://guba.eastmoney.com/news,601928,176835013.html",2015-06-12 20:09:34,大家再仔细推敲一下公告第三条，明确了将来引进BAT为主的战略投资者是肯定的，特别别是最后说相关的工作正在推进中，说明工作在推进但没有具体结果。个人认为就算不是阿里也不是啥利空吧，阿里搞商品流通领域是老大，搞教育，就算了吧！
对，谁说真的，谁摊上大事，你说这是真吗？认为真的做个马甲[加油][加油][加油],"https://guba.eastmoney.com/news,601928,177101441.html",2015-06-14 12:43:25,对，谁说真的，谁摊上大事，你说这是真吗？认为真的做个马甲
双方辟谣，子虚乌有，追查,"https://guba.eastmoney.com/news,601928,177099507.html",2015-06-14 12:20:52,，，，，，，，，，，，
K12、职业教育在线教育创业公司前景被看好,"https://guba.eastmoney.com/news,601928,177085003.html",2015-06-14 09:48:18,"由于在线教育市场巨大，细分起来，每一个领域都能产生新的互联网大型公司，因此，现在在线教育企业，切入在线教育市场的定位有很大不同。因此，主要业务点也会不同。不过从很多方面反馈的信息来看。从K12、职业教育切入的在线教育创业公司前景被看法。
　　K12 教育和职业教育是在线教育两大重要市场：从用户购买力角度来看，K12 教育和职业教育是在线教育中最有希望发展起来的两个子领域，也是一级市场投融资最多的两个领域。职业教育的目标用户是已经毕业的学生，为了增强职场竞争力而再次学习，这部分人群由于已经工作，所以具备了一定的购买力。K12 用户则是家长，家长对于孩子的教育支出从来都不是吝啬的。
　　垂直型的公司有大的发展机会：市场并不会完全被巨头吃掉。垂直型的，扎根于自身所在客户群体的互联网公司有大的发展机会。模考吧在线题库，拥有庞大的试题库(历年真题,模拟试题和预测题，是一个各类执业、从业资格等考试的在线模拟考试网站，自建立初期，就以全面、权威、详细的真题、模拟试题、预测题等优点，帮助了众多执业考试考试学员。专注于职业教育、执业考试这一垂直领域，以试题这一学习必不可少的工具为载体，将学员引导到自有的职业教育业务，既做好考试，同时又辐射影响教育学习业务。
　　外延发展是模考吧的重要战略：外延整合是模考吧今年的重要战略，方向是在教学管理软件、考试阅卷软件、评测系统、在线教育和个性化服务等。随着在线教育这股风的不断吹动，模考吧、考试在线也不断增长，因而外延并购的条件逐渐具备。
　　通过做同步教育软件积累，内容端在逐渐丰富，增加线上互动：模考吧做在线试题库，与测评多年，以考试内容试题为作为优势起点，特别是执业考试同步辅导在业内独树一帜，这为模考吧的进一步发展打好了基础。"
凤凰传媒的周五涨停是因为江苏银行过会，看新闻,"https://guba.eastmoney.com/news,601928,177061568.html",2015-06-13 23:20:25,"凤凰传媒的周五涨停是因为江苏银行过会，看新闻



"
为何受伤的总是中国的股民,"https://guba.eastmoney.com/news,601928,177071603.html",2015-06-14 04:00:03,"凤凰集团拟注入8.9亿股江苏银行股份】2013年年报披露，根据凤凰集团董事
会决定，凤凰集团拟将其直接持有的江苏银行股份有限公司8.9亿股注入凤凰股份。
凤凰集团将在满足国家相关法规政策的前提下，根据市场情况选择适当时机和注入
方式，具体方案报相关部门批准后确定。
2013年江苏银行的股份凤凰集团承若将以合适方式转给凤凰股份发行价格是公允价格，所有人无权说三道四，既然承诺了，市场价和发行价的价差应该由凤凰股份获取，这是承诺的代价，大家呼吁，如果发布该公告，凤凰无疑会大涨，大股东想打懒帐，说明诚信有问题，正在进行中的增发应该取消，支持的顶"
凤凰集团怎么了,"https://guba.eastmoney.com/news,601928,177071582.html",2015-06-14 03:56:45,"凤凰集团拟注入8.9亿股江苏银行股份】2013年年报披露，根据凤凰集团董事
会决定，凤凰集团拟将其直接持有的江苏银行股份有限公司8.9亿股注入凤凰股份。
凤凰集团将在满足国家相关法规政策的前提下，根据市场情况选择适当时机和注入
方式，具体方案报相关部门批准后确定。
2013年江苏银行的股份凤凰集团承若将以合适方式转给凤凰股份发行价格是公允价格，所有人无权说三道四，既然承诺了，市场价和发行价的价差应该由凤凰股份获取，这是承诺的代价，大家呼吁，如果发布该公告，凤凰无疑会大涨，大股东想打懒帐，说明诚信有问题，正在进行中的增发应该取消，支持的顶"
股民们醒醒吧，这样的承若能将中国股市搞好吗,"https://guba.eastmoney.com/news,601928,177071574.html",2015-06-14 03:55:46,"凤凰集团拟注入8.9亿股江苏银行股份】2013年年报披露，根据凤凰集团董事
会决定，凤凰集团拟将其直接持有的江苏银行股份有限公司8.9亿股注入凤凰股份。
凤凰集团将在满足国家相关法规政策的前提下，根据市场情况选择适当时机和注入
方式，具体方案报相关部门批准后确定。
2013年江苏银行的股份凤凰集团承若将以合适方式转给凤凰股份发行价格是公允价格，所有人无权说三道四，既然承诺了，市场价和发行价的价差应该由凤凰股份获取，这是承诺的代价，大家呼吁，如果发布该公告，凤凰无疑会大涨，大股东想打懒帐，说明诚信有问题，正在进行中的增发应该取消，支持的顶"
股民难道都是蚂蚁,"https://guba.eastmoney.com/news,601928,177071565.html",2015-06-14 03:54:39,"凤凰集团拟注入8.9亿股江苏银行股份】2013年年报披露，根据凤凰集团董事
会决定，凤凰集团拟将其直接持有的江苏银行股份有限公司8.9亿股注入凤凰股份。
凤凰集团将在满足国家相关法规政策的前提下，根据市场情况选择适当时机和注入
方式，具体方案报相关部门批准后确定。
2013年江苏银行的股份凤凰集团承若将以合适方式转给凤凰股份发行价格是公允价格，所有人无权说三道四，既然承诺了，市场价和发行价的价差应该由凤凰股份获取，这是承诺的代价，大家呼吁，如果发布该公告，凤凰无疑会大涨，大股东想打懒帐，说明诚信有问题，正在进行中的增发应该取消，支持的顶"
陈海燕的承若,"https://guba.eastmoney.com/news,601928,177071559.html",2015-06-14 03:54:00,"凤凰集团拟注入8.9亿股江苏银行股份】2013年年报披露，根据凤凰集团董事
会决定，凤凰集团拟将其直接持有的江苏银行股份有限公司8.9亿股注入凤凰股份。
凤凰集团将在满足国家相关法规政策的前提下，根据市场情况选择适当时机和注入
方式，具体方案报相关部门批准后确定。
2013年江苏银行的股份凤凰集团承若将以合适方式转给凤凰股份发行价格是公允价格，所有人无权说三道四，既然承诺了，市场价和发行价的价差应该由凤凰股份获取，这是承诺的代价，大家呼吁，如果发布该公告，凤凰无疑会大涨，大股东想打懒帐，说明诚信有问题，正在进行中的增发应该取消，支持的顶"
大股东的承若难道是放屁,"https://guba.eastmoney.com/news,601928,177071552.html",2015-06-14 03:53:18,"凤凰集团拟注入8.9亿股江苏银行股份】2013年年报披露，根据凤凰集团董事
会决定，凤凰集团拟将其直接持有的江苏银行股份有限公司8.9亿股注入凤凰股份。
凤凰集团将在满足国家相关法规政策的前提下，根据市场情况选择适当时机和注入
方式，具体方案报相关部门批准后确定。
2013年江苏银行的股份凤凰集团承若将以合适方式转给凤凰股份发行价格是公允价格，所有人无权说三道四，既然承诺了，市场价和发行价的价差应该由凤凰股份获取，这是承诺的代价，大家呼吁，如果发布该公告，凤凰无疑会大涨，大股东想打懒帐，说明诚信有问题，正在进行中的增发应该取消，支持的顶"
强势依旧，新高在即，建议买入，随时新高。,"https://guba.eastmoney.com/news,601928,176307532.html",2015-06-11 14:38:43,买入，别害怕。
凤凰与江苏有线比较,"https://guba.eastmoney.com/news,601928,172672732.html",2015-06-02 07:05:22,天壤之别在股东结构。
