标题,链接,发布时间,内容
浦东新区将打造300个典型数字化转型应用场景,"https://guba.eastmoney.com/news,603466,1145375954.html",2022-02-23 20:26:30,"可惜腊鸡不停大宗折价交易
"
两口合计持有56%多，不减没人抬这个轿子。辛坚持是负责任的表现。,"https://guba.eastmoney.com/news,603466,1145374440.html",2022-02-23 20:20:19,两口合计持有56%多，不减没人抬这个轿子。辛坚持是负责任的表现。
发现一个好玩的事,"https://guba.eastmoney.com/news,603466,1145340545.html",2022-02-23 17:50:50,今天大宗交易买的席位，在2019年7月到10月底一直大宗交易300679，当时价格19元左右，一年多后300679价格到达59，603466会咋样你们猜吧。
$风语筑(SH603466)$从高点35元多跌到当下22元多，跌幅已近30%之多,"https://guba.eastmoney.com/news,603466,1145375760.html",2022-02-23 20:25:41,$风语筑(SH603466)$  从高点35元多跌到当下22元多，跌幅已近30%之多，今天又见大宗交易，真令人悲哀！最起码在这个位置还有大小非在抛，证明还没到真正的底部，所以下挡缺口一定会补，寻底还在进行中。
$风语筑(SH603466)$心好阴这个瞅鼻不死，这股没救，OMG,"https://guba.eastmoney.com/news,603466,1145372257.html",2022-02-23 20:11:55,$风语筑(SH603466)$  心好阴这个瞅鼻不死，这股没救，OMG
$风语筑(SH603466)$股减持没完没了,"https://guba.eastmoney.com/news,603466,1145367393.html",2022-02-23 19:52:56,$风语筑(SH603466)$  股减持没完没了
$风语筑(SH603466)$明天走了，亏30个点抗不住了,"https://guba.eastmoney.com/news,603466,1145353251.html",2022-02-23 18:52:40,$风语筑(SH603466)$  明天走了，亏30个点抗不住了
武陵源区召开文旅产业创新发展座谈会,"https://guba.eastmoney.com/news,603466,1145361215.html",2022-02-23 19:27:28,"$风语筑(SH603466)$  
2月22日，武陵源区委书记，张管局党委书记张龚主持召开文旅产业创新发展座谈会。区人民政府副区长龚兴隆，区委办、区大数据中心、张管局门票管理中心等相关单位负责人，上海风语筑文化科技股份有限公司负责人参加会议。
会议听取了风语筑公司关于灵境张家界元宇宙文旅战略合作产品策划和概念性规划方案汇报。与会人员结合申办全省旅发大会工作，针对目前制约武陵源区文旅产业发展的短板和弱项，围绕推动武陵源区文旅产业高质量发展等内容提出了具有针对性和可操作性的意见和建议。
张龚指出，要以打造“文旅行业标杆”为目标，深耕辖区内特有旅游资源，开发独具特色的旅游文创产品，做到“人无我有、人有我优、人优我特”，提高景区辨识度；要坚持融合发展，进一步统筹谋划，推进“旅游+科技”“旅游+元宇宙”深度融合，为申办全省旅发大会奠定坚实基础。风语筑公司要深入解放思想，进一步细化方案，切实将项目思维向市场思维转变，打造更有吸引力的优质产品，塑造更有冲击力的品牌效应，助推武陵源文旅产业创新发展。"
大宗交易：风语筑成交1066.05万元，折价11.59%（02-16）,"https://guba.eastmoney.com/news,603466,1142728032.html",2022-02-16 18:00:20,"来源：东方财富Choice数据作者：财智星
2022年2月16日，风语筑发生了2笔大宗交易，总成交49.4万股，成交金额1066.05万元，成交均价21.58元。当日收盘报价24.41元，涨幅2.39%，成交金额3.73亿元；大宗交易成交金额占当日成交金额2.85%，折价11.59%。
大宗交易明细
序号	成交数量（股）	成交金额（元）	占当日成交额（%）	成交价（元）	收盘价（元）	折溢率（%）	买方	卖方
1	40.00万	863.20万	2.31	21.58	24.41	-11.59	中国银河证券股份有限公司上海五莲路证券营业部	中信建投证券股份有限公司上海市华灵路证券营业部
2	9.40万	202.85万	0.54	21.58	24.41	-11.59	安信证券股份有限公司佛山北滘证券营业部	中信建投证券股份有限公司上海市华灵路证券营业部
数据来源：Choice数据

2月16日，欣旺达、普丽盛、北方稀土、韵达股份、康龙化成等公司均发生大宗交易，具体情况如下表：
沪深两市大宗交易一览（2022-02-16）
证券代码	证券简称	成交笔数	成交均价（元）	收盘价（元）	平均折溢率（%）	成交总数量（股）	成交总金额（元）	占当日成交额（%）
300207	欣旺达	1	33.00	35.42	-6.83	1163.00万	3.84亿	56.59
300442	普丽盛	1	37.00	41.10	-9.98	424.50万	1.57亿	1371.66
600111	北方稀土	6	43.08	46.15	-6.65	310.00万	1.34亿	2.12
002120	韵达股份	17	17.34	18.41	-5.81	588.00万	1.02亿	72.05
300759	康龙化成	1	116.04	116.98	-0.80	70.00万	8122.80万	11.06
数据来源：Choice数据
（注：当日成交金额指竞价交易的成交金额，不包括大宗交易成交的部分）
免责声明：本文基于大数据生产，仅供参考，不构成任何投资建议，据此操作风险自担。
（文章来源：东方财富Choice数据）[点击查看原文]
#热点追踪#
展开阅读全文"
$风语筑(SH603466)$明天不仅仅要吃面，还要加个蛋，核蛋！[哭][哭],"https://guba.eastmoney.com/news,603466,1145362967.html",2022-02-23 19:34:33,$风语筑(SH603466)$  明天不仅仅要吃面，还要加个蛋，核蛋！
有总比没有强，仅供参考,"https://guba.eastmoney.com/news,603466,1145359876.html",2022-02-23 19:21:56,"有总比没有强，仅供参考
东方财富资讯君
很抱歉，您访问的帖子不存在
很抱歉，您访问的帖子不存在
2022/2/23 19:06:04财经评论吧"
大宗交易：风语筑成交1066.05万元，折价11.59%（02-23）,"https://guba.eastmoney.com/news,603466,1145345989.html",2022-02-23 18:15:46,大宗交易：风语筑成交1066.05万元，折价11.59%（02-23）
大宗交易完蛋了,"https://guba.eastmoney.com/news,603466,1145334326.html",2022-02-23 17:25:00,大宗交易完蛋了
$风语筑(SH603466)$哈哈哈哈，果然又是大宗,"https://guba.eastmoney.com/news,603466,1145350578.html",2022-02-23 18:38:32,$风语筑(SH603466)$  哈哈哈哈，果然又是大宗
今天又卖三十万股有病啊卖出多少了,"https://guba.eastmoney.com/news,603466,1145349718.html",2022-02-23 18:34:25,今天又卖三十万股有病啊卖出多少了
疯乳猪！哈哈！有点像,"https://guba.eastmoney.com/news,603466,1144866870.html",2022-02-22 20:36:19,有人建议公司为疯乳猪，有意思！
$风语筑(SH603466)$今天没大宗交易不习惯,"https://guba.eastmoney.com/news,603466,1145336800.html",2022-02-23 17:35:01,$风语筑(SH603466)$  今天没大宗交易不习惯
今天大宗交易套现多少,"https://guba.eastmoney.com/news,603466,1145307662.html",2022-02-23 15:47:29,今天大宗交易套现多少
哪只股票有一堆玻璃心的散户，就会暴跌，稍有风吹草动，就夺路而逃，相互踩踏,"https://guba.eastmoney.com/news,603466,1145347178.html",2022-02-23 18:21:43,哪只股票有一堆玻璃心的散户，就会暴跌，稍有风吹草动，就夺路而逃，相互踩踏
这票难有起色了，大股东大宗交易恶意压价，股价一涨，立马就开始卖出压价,"https://guba.eastmoney.com/news,603466,1145340188.html",2022-02-23 17:49:00,这票难有起色了，大股东大宗交易恶意压价，股价一涨，立马就开始卖出压价
所有说大宗交易引起的暴跌的，不是别有用心，就是根本不懂。不明白的散户谈大宗交易就,"https://guba.eastmoney.com/news,603466,1145344821.html",2022-02-23 18:09:52,所有说大宗交易引起的暴跌的，不是别有用心，就是根本不懂。不明白的散户谈大宗交易就恐慌，形成踩踏，从而产生暴跌，不要归咎于主力砸盘，更不要怪罪大宗交易减持，通过大宗交易减持，调整股权结构，增加流通股，应该是积极的做法，大盘和板块的下跌，叠加散户的恐慌，才会造成这几次大跌，当然，不否认有资金恶意砸盘吸筹
不知道你们自己有没有算过去年34.95到14块，去除送股合算8.87元，跌了12,"https://guba.eastmoney.com/news,603466,1145338681.html",2022-02-23 17:42:53,不知道你们自己有没有算过去年34.95到14块，去除送股合算8.87元，跌了12块多，今年35跌倒昨天算下跌去12.73元，前面用了4个月 这波1个月，那个缺口昨天实际已经回补一部分，在动用筹码去砸丢筹码风险加大了，昨天那个有可能就是黄金坑，除非有重大利空没有放出来
大宗呢，快出来[滴汗],"https://guba.eastmoney.com/news,603466,1145343063.html",2022-02-23 18:02:09,大宗呢，快出来
心好阴的大宗来咯,"https://guba.eastmoney.com/news,603466,1145341026.html",2022-02-23 17:52:57,心好阴的大宗来咯
这股只能做长期了，陪着大宗交易的伙伴玩儿六个月[发呆],"https://guba.eastmoney.com/news,603466,1145336723.html",2022-02-23 17:34:41,这股只能做长期了，陪着大宗交易的伙伴玩儿六个月
跌的多，涨的时候就象征性的玩你一下，大跌在即,"https://guba.eastmoney.com/news,603466,1145249367.html",2022-02-23 14:25:29,跌的多，涨的时候就象征性的玩你一下，大跌在即
$风语筑(SH603466)$风语筑也该拉一波了,"https://guba.eastmoney.com/news,603466,1144442396.html",2022-02-22 07:31:36,"$风语筑(SH603466)$  
风语筑也该拉一波了"
又涨辣，怎么办捏，OMG,"https://guba.eastmoney.com/news,603466,1145309527.html",2022-02-23 15:53:32,又涨辣，怎么办捏，OMG
人性难改，人心难劝。,"https://guba.eastmoney.com/news,603466,1145312834.html",2022-02-23 16:05:55,人性难改，人心难劝。
大股东和主力的配合真好，大股东减持完，股价从35飞落至22,"https://guba.eastmoney.com/news,603466,1145244260.html",2022-02-23 14:20:25,太明显张扬了
$风语筑(SH603466)$垃圾垃圾！！诈骗的公司，无处不在的诈骗犯，假元宇宙,"https://guba.eastmoney.com/news,603466,1145297698.html",2022-02-23 15:19:56,"$风语筑(SH603466)$  垃圾  垃圾！！
诈骗的公司，无处不在的诈骗犯，假元宇宙  假元宇宙！！"
$风语筑(SH603466)$碴，创业板板块都比他涨得多,"https://guba.eastmoney.com/news,603466,1145287976.html",2022-02-23 15:02:53,$风语筑(SH603466)$  碴，创业板板块都比他涨得多
$风语筑(SH603466)$明天估计又是绿，太垃圾了[怒][怒][怒],"https://guba.eastmoney.com/news,603466,1145284866.html",2022-02-23 14:59:36,$风语筑(SH603466)$  明天估计又是绿，太垃圾了
出了一半，明天早盘还会低开压跌停板然后9.25前回拉。建议挂单在....,"https://guba.eastmoney.com/news,603466,1145284344.html",2022-02-23 14:58:51,"建议挂单在-5%的价位，收到后拉升可以赚，打压也不会深套。小散们谨慎行事！
"
$风语筑(SH603466)$她说风语者还在等什么哪怕前面坎坷人生,"https://guba.eastmoney.com/news,603466,1145252944.html",2022-02-23 14:29:04,$风语筑(SH603466)$  她说风语者还在等什么 哪怕前面坎坷人生
$风语筑(SH603466)$比个机会解套走人呢,"https://guba.eastmoney.com/news,603466,1145270718.html",2022-02-23 14:45:58,$风语筑(SH603466)$  比个机会解套走人呢
$风语筑(SH603466)$啊,"https://guba.eastmoney.com/news,603466,1145266700.html",2022-02-23 14:42:18,$风语筑(SH603466)$  啊
以后上海城投肯定入股风雨筑！,"https://guba.eastmoney.com/news,603466,1144404754.html",2022-02-21 22:52:00,最近上海各个片区滴一些发展规划活动都少木了风雨筑滴身影，OMG！
$风语筑(SH603466)$就这量，明天吃面[大笑]晚上又要公告减持，早上竞价,"https://guba.eastmoney.com/news,603466,1145257595.html",2022-02-23 14:33:36,$风语筑(SH603466)$  就这量，明天吃面晚上又要公告减持，早上竞价出的
$风语筑(SH603466)$明天跌停,"https://guba.eastmoney.com/news,603466,1145250863.html",2022-02-23 14:27:00,$风语筑(SH603466)$  明天跌停
$风语筑(SH603466)$明天跌停,"https://guba.eastmoney.com/news,603466,1145250866.html",2022-02-23 14:27:01,$风语筑(SH603466)$  明天跌停
增长股，加油，涨停,"https://guba.eastmoney.com/news,603466,1145232710.html",2022-02-23 14:08:46,涨停
一人一个小心眼，总想别人抬轿子，自己占便宜。心不齐，人性使然,"https://guba.eastmoney.com/news,603466,1145196788.html",2022-02-23 13:33:45,一人一个小心眼，总想别人抬轿子，自己占便宜。心不齐，人性使然
亏2个点跑了，这家伙老是玩突击，我小白鼠陪不起，玩其它元宇宙去了[大笑],"https://guba.eastmoney.com/news,603466,1145239273.html",2022-02-23 14:15:24,亏2个点跑了，这家伙老是玩突击，我小白鼠陪不起，玩其它元宇宙去了
明天下跌就放弃,"https://guba.eastmoney.com/news,603466,1145233898.html",2022-02-23 14:10:03,明天下跌就放弃
$风语筑(SH603466)$已经打入冷宫没人碰的垃圾了没有人气了,"https://guba.eastmoney.com/news,603466,1145232772.html",2022-02-23 14:08:50,$风语筑(SH603466)$  已经打入冷宫没人碰的垃圾了没有人气了
$风语筑(SH603466)$今天没有5个点以上直接走,"https://guba.eastmoney.com/news,603466,1145210871.html",2022-02-23 13:47:19,$风语筑(SH603466)$  今天没有5个点以上直接走
清了，估计至少俩星期后才能回到25。。。,"https://guba.eastmoney.com/news,603466,1145224333.html",2022-02-23 14:00:16,"那时黄花菜都凉了。。。这是一只广大散户喜欢的股票，因此不可能成为妖股，能跟上大盘就不错了。。。如果元宇宙再兴起，或许能好点，但该股大涨除非元宇宙项目签大单，元宇宙项目业绩可视。
"
解套走了，留下的发财,"https://guba.eastmoney.com/news,603466,1145216319.html",2022-02-23 13:52:35,解套走了，留下的发财
$风语筑(SH603466)$反正已经拿你2年半了，砸这么狠就补点,"https://guba.eastmoney.com/news,603466,1145084438.html",2022-02-23 10:44:12,$风语筑(SH603466)$  反正已经拿你2年半了，砸这么狠就补点
风语筑02月16日被沪股通减持61.95万股,"https://guba.eastmoney.com/news,603466,1142824532.html",2022-02-17 07:44:05,"来源：东方财富Choice数据作者：财智星
02月16日，风语筑被沪股通减持61.95万股，最新持股量为196.64万股，占公司A股总股本的0.47%。
近五日持股量数据
持股量及股价变动图
注：文中持股数量经过前复权处理，可能存在与港交所披露不一致的情形。
免责声明：本文基于大数据生产，仅供参考，不构成任何投资建议，据此操作风险自担。
（文章来源：东方财富Choice数据）[点击查看原文]
#热点追踪#"
加油，增长股，加油,"https://guba.eastmoney.com/news,603466,1145213473.html",2022-02-23 13:49:47,加油
真是垃圾，反弹一点力度都没有,"https://guba.eastmoney.com/news,603466,1145204205.html",2022-02-23 13:40:56,真是垃圾，反弹一点力度都没有
$风语筑(SH603466)$这样的垃圾黑心股真特么无语，真走了,"https://guba.eastmoney.com/news,603466,1145202194.html",2022-02-23 13:38:58,$风语筑(SH603466)$  这样的垃圾黑心股真特么无语，真走了
$风语筑(SH603466)$大盘涨疯了风语筑真要脸业绩如此牛逼吹出来的吗,"https://guba.eastmoney.com/news,603466,1145191554.html",2022-02-23 13:28:37,$风语筑(SH603466)$  大盘涨疯了风语筑真要脸 业绩如此牛逼吹出来的吗
今天就到这儿吧下班,"https://guba.eastmoney.com/news,603466,1145206904.html",2022-02-23 13:43:25,今天就到这儿吧 下班
$风语筑(SH603466)$完全不知道控股股东是什么想法看好公司的业绩和基本面,"https://guba.eastmoney.com/news,603466,1145199477.html",2022-02-23 13:36:28,"$风语筑(SH603466)$  
完全不知道控股股东是什么想法
看好公司的业绩和基本面，重仓买入！然后，从30多买了之后，一路跌到现在。反弹无力，套牢！估计即便是回本也要度过一个漫长的时间了……"
上涨没量还得跌,"https://guba.eastmoney.com/news,603466,1145194650.html",2022-02-23 13:31:47,上涨没量还得跌
$风语筑(SH603466)$业绩还行怎么就连五日线都跨不过去？！,"https://guba.eastmoney.com/news,603466,1145192062.html",2022-02-23 13:29:08,$风语筑(SH603466)$  业绩还行怎么就连五日线都跨不过去？！
下午已经开始出货了，叔也跟着出一半,"https://guba.eastmoney.com/news,603466,1145190511.html",2022-02-23 13:27:46,"下午已经开始出货了，叔也跟着出一半
"
盘面感觉是压着来慢慢收货,"https://guba.eastmoney.com/news,603466,1144605727.html",2022-02-22 11:04:05,盘面感觉是压着来慢慢收货
这种行情，除非放量站上5日线，后续大盘和板块配合才会慢慢修复指标，出一个实质利好,"https://guba.eastmoney.com/news,603466,1145155109.html",2022-02-23 12:32:27,这种行情，除非放量站上5日线，后续大盘和板块配合才会慢慢修复指标，出一个实质利好就好了
$风语筑(SH603466)$准备起飞，今年必到60以上。,"https://guba.eastmoney.com/news,603466,1145180664.html",2022-02-23 13:18:04,$风语筑(SH603466)$  准备起飞，今年必到60以上。
$风语筑(SH603466)$跟不上大盘的熊蛋逼,"https://guba.eastmoney.com/news,603466,1145180691.html",2022-02-23 13:18:06,$风语筑(SH603466)$  跟不上大盘的熊蛋逼
$风语筑(SH603466)$快跑快跑快跑,"https://guba.eastmoney.com/news,603466,1145178677.html",2022-02-23 13:15:59,$风语筑(SH603466)$  快跑快跑快跑
$风语筑(SH603466)$不反弹8个点以上的，都不是反弹,"https://guba.eastmoney.com/news,603466,1145136451.html",2022-02-23 11:34:59,$风语筑(SH603466)$  不反弹8个点以上的，都不是反弹
明天一字板涨停,"https://guba.eastmoney.com/news,603466,1145177250.html",2022-02-23 13:14:29,明天一字板涨停
散户自己不争气，自己砸，还骂别人不争气，都打自己的小算盘，这就是人性。所以，别怪,"https://guba.eastmoney.com/news,603466,1145174053.html",2022-02-23 13:11:11,散户自己不争气，自己砸，还骂别人不争气，都打自己的小算盘，这就是人性。所以，别怪别人
$风语筑(SH603466)$又要跑操，涨不跟就他妈往死砸垃圾到家,"https://guba.eastmoney.com/news,603466,1145172699.html",2022-02-23 13:09:44,$风语筑(SH603466)$  又要跑操，涨不跟就他妈往死砸垃圾到家
搞不懂这家公司的管理层，为什么不找有实力的合作方以出售股份的方式来达成合作，而是,"https://guba.eastmoney.com/news,603466,1145140559.html",2022-02-23 11:43:23,搞不懂这家公司的管理层，为什么不找有实力的合作方以出售股份的方式来达成合作，而是无脑的减持！
$风语筑(SH603466)$今日风语筑主力资金借大盘大跌和小道利空消息顺势下杀,"https://guba.eastmoney.com/news,603466,1144813821.html",2022-02-22 16:53:20,$风语筑(SH603466)$  今日风语筑主力资金借大盘大跌和小道利空消息顺势下杀实属平常，前期涨幅较大，本来就没有调整到位，到今天价位应该下跌短期到位了，再向下空间10%左右了，此处不宜杀跌，耐心观察，等待底部形态出现后逢低买入或加仓，控制好仓位，后期必有大收获！！！一家之言！！！
$风语筑(SH603466)$套牢盘不割肉，下方获利盘不出局主力不会拉的，我先撤,"https://guba.eastmoney.com/news,603466,1145154572.html",2022-02-23 12:30:25,$风语筑(SH603466)$  套牢盘不割肉，下方获利盘不出局主力不会拉的，我先撤了，留下兄弟发财
$风语筑(SH603466)$套牢盘不割肉，下方获利盘不出局主力不会拉的，我先撤,"https://guba.eastmoney.com/news,603466,1145154570.html",2022-02-23 12:30:25,$风语筑(SH603466)$  套牢盘不割肉，下方获利盘不出局主力不会拉的，我先撤了，留下兄弟发财
不放量，只是小资金做T买入，实际意义不大,"https://guba.eastmoney.com/news,603466,1145154320.html",2022-02-23 12:29:32,不放量，只是小资金做T买入，实际意义不大
光弘科技13元以下的优质筹码弥足珍贵，操盘机构对倒打压时当然只买绝对是不卖，今明,"https://guba.eastmoney.com/news,603466,1145153850.html",2022-02-23 12:28:09,"光弘科技13元以下的优质筹码弥足珍贵，操盘机构对倒打压时当然只买绝对是不卖，今明两年业绩复合增长率50%以上。光弘科技是国内EMS领先企业，为客户提供定制化的电子产品制造服务，产品涉及消费电子、网络通讯、汽车电子等领域，公司必然也是数字经济产业化细分领域的一部分。22年随着新产能的逐步释放，公司将再次步入高成长阶段。目前产品订单饱满，手机定制业务和汽车消费电子均呈现产能快速释放期，尤其是汽车电子方面，公司一直以来为诸多知名汽车品牌生产包括行车记录仪、车载通讯模块在内的各类汽车信息采集、处理、传输产品,有生产EBD和T-BOX（黑厂匣子），产品充分展现了数字经济产业化的一个重要标志。光弘科技预计22年和23年EPS分别为0.78元及1.05元左右，当前动态市盈率只有16倍和11倍上下，其价值洼地已经非常显现，投资者可逢低重点关注。"
大家稳住，是技术性调整，记住5年10倍，OMG！,"https://guba.eastmoney.com/news,603466,1144640996.html",2022-02-22 11:49:15,"大家稳住，是技术性调整，记住5年10倍，OMG！
"
今天肯定有大宗交易，明天肯定绿,"https://guba.eastmoney.com/news,603466,1145149533.html",2022-02-23 12:10:38,今天肯定有大宗交易，明天肯定绿
没有量，今天只能算是超跌反弹，120线附近才能企稳,"https://guba.eastmoney.com/news,603466,1145140300.html",2022-02-23 11:43:10,没有量，今天只能算是超跌反弹，120线附近才能企稳
拉高出货这么多天，今天该表现一下了吧,"https://guba.eastmoney.com/news,603466,1145140723.html",2022-02-23 11:43:49,拉高出货这么多天，今天该表现一下了吧
今天的筹码格外便宜，有没有捡到漏的~~~,"https://guba.eastmoney.com/news,603466,1145136176.html",2022-02-23 11:34:25,"今天的筹码格外便宜，有没有捡到漏的~~~
各大机构折价大笔买入的筹码都没今天的便宜~~真是爽歪歪哈哈哈！
开盘已加仓20万~~~  舒服~"
元宇宙与春晚碰撞背后这四家科技公司身影显现,"https://guba.eastmoney.com/news,603466,1145117496.html",2022-02-23 11:13:42,"$捷成股份(SZ300182)$  
元宇宙与春晚“碰撞”背后，这四家科技公司身影显现
零
零壹财经
02-21 00:00:00
如今，春晚不仅是一场文化盛宴，也成为映射我国数字技术发展的一个重要窗口。春晚舞美的“进阶史”背后，是数字技术的发展与进步。
随着元宇宙概念的大火，与之相关的虚拟人、VR/AR/XR等技术也被各大春晚所应用。央视总台春晚有机融合XR、虚拟、全息等技术，呈现了全景式舞美的空间感；北京台春晚将虚拟人“苏小妹”融入古风歌舞；安徽台春晚上，虚拟人“小安”成为主持人……2022军营网络春晚更是首次落地“元宇宙概念”，搭建了多维空间和互动平台，提供了特定场景下跨域交互的沉浸式体验。
春晚已经成为展示新科技的最大流量入口。文化传媒是元宇宙的重要应用场景。在这些“元宇宙”春晚背后，有哪些科技公司的加持？这些公司又是如何布局元宇宙的？
一、捷成股份：通过元宇宙布局，加强“内容版权”主业优势
在2022央视春晚中，捷成股份（300182.SZ）参与了部分节目的制作及央视春晚高清/4K重播版的制作任务。捷成股份在2021年业绩预告中提到，“仍将加强在4/8K超高清技术、三维声技术、虚拟技术等相关高新视频业务领域的布局，积极探索元宇宙时代下相关音视频技术的市场需求及发展方向，不断提升市场竞争力。”
为应对监管环境的变化和现金流压力，目前，捷成股份确立了“以内容版权运营”为核心的发展战略，将业务聚焦在新媒体版权运营及发行方面。
2016年，捷成股份参股子公司世优科技，目前持股比例为24.38%。世优科技是一家专注于VR/AR研发与应用的科技公司，其虚拟数字人、虚拟演播室等相关业务被运用于广电和新媒体行业，目前正在探索虚拟IP运营业务，并已经打造了诸如花样滑冰冠军陈露的虚拟分身、妙江天的虚拟IP等，未来将在直播、短视频、虚拟演唱会等领域进行布局。
此外，捷成股份还计划将的新媒体版权运用于世优科技元宇宙分身秀平台，打造元宇宙平台的电影复播。
可以看出，捷成股份主要通过虚拟人赛道切入元宇宙领域，通过虚拟IP运营，加强其在内容版权方面的优势地位。第一，通过虚拟现实技术，可以实现元宇宙场景下的虚拟人IP矩阵打造、虚拟内容版权和生态运营，以及以虚拟IP衍生为主的流量变现与增值业务；第二，通过元宇宙分身秀平台，能够将公司的IP和影视剧内容进一步开发利用。
虽在业务布局上具有前瞻性，但捷成股份并未因此获得可观的业务收入。据其相关公告介绍，截至目前，世优科技的收入规模对公司收入及利润不会产生重大影响，对公司后续年度的业绩和经营成果的影响尚存在不确定性。
二、数码视讯：从元宇宙底层技术切入数字藏品
2022年元宇宙军营网络春晚是首次将“元宇宙概念”落地的春晚，通过“元宇宙”虚拟舞台，让所有参与者能够在春晚的平行空间里，跨维度、跨时空徜徉其中，由数码视讯（300079.SZ）子公司快视听与中国军网联合推出。
作为一家视频技术服务平台公司，数码视讯业务涵盖传媒科技行业、信息服务行业、公共安全行业、金融科技行业、特种需求定制及其它行业。多元化的业务布局也为其在元宇宙赛道的多维度发展奠定了一定的基础。
数码视讯的元宇宙布局涉及底层技术、数字藏品及交互应用场景等。
数码视讯的安全系统框架、低延时传输、超高清编码、5G视频应用、区块链应用及智能合约等技术可为元宇宙提供底层技术支持；它还创建了数字藏品流转平台“洞壹元典”，洞壹元典平台发展初衷是希望以数字藏品为资产框架，打造有藏品属性的数字内容，构建多元化数字藏品社群，并以内容链接进入元宇宙；而在构建元宇宙交互应用场景方面，数码视讯推出了“元宇宙会议”、“元宇宙直播”，“元宇宙展览”等场景。
三、蓝色光标：以虚拟人为切入口，“激进式”布局元宇宙
2022年2月1日，蓝色光标（300058.SZ）旗下首个数字虚拟人苏小妹在北京台春晚亮相，苏小妹是蓝色光标虚拟IP业务的首发形象，以传说中苏东坡的妹妹为创意原型，截至2月7日，“真的是苏小妹”抖音账号粉丝量已达39.5万。
蓝色光标在元宇宙上的布局堪称“激进式”布局。从组织架构调整，到业务布局，再到投资合作，蓝色光标似乎在进行一场“全方位”的元宇宙布局。
蓝色光标曾表示，元宇宙相关业务方向是公司未来会重点关注并全力投入的赛道，公司对这一领域的投资额度不设上限，公司管理层和投资部目前正在对相关标的进行全面的调研和谈判，公司可支持超10亿的资金投入布局元宇宙相关赛道，全面构建公司的自有IP、技术和内容核心能力。
然而，蓝色光标作为一家营销科技公司，元宇宙的加持能否为其主营业务带来质的蜕变，似乎还难以确定。元宇宙相关技术和概念仍处于发展早期，将营销活动移植到元宇宙中，可能会面临技术、消费者习惯、收益等多方面的问题。
四、风语筑：将元宇宙融入文化新基建
2021年11月，数字化体验服务商风语筑（603466.SH）正式宣布布局元宇宙赛道，并计划将浙江深白数字科技有限公司更名为浙江风语宙数字科技有限公司（简称风语宙），经营范围新增虚拟现实设备制造、动漫游戏开发、人工智能应用软件开发、区块链技术相关软件和服务等。此外，风语宙还计划通过自主研发和外部合作的方式，探索元宇宙游戏领域。
在2022年安徽春晚中，风语宙与安徽广电共同打造的虚拟人“小安”成为主持人。除了虚拟人，风语筑还在数字藏品及元宇宙场景等方面进行了探索。
数字藏品方面，风语筑投资NFT发行技术公司星图比特，并联合闪萌推出国内首个NFT表情包数字藏品；元宇宙场景打造方面，与百度达成元宇宙生态合作关系，作为希壤元宇宙虚拟3D开发商之一，承接3D虚拟建筑、数字空间的开发打造及内容运营，并于希壤内上线风语筑场馆，此外，还与万达影城、星轶影城达成战略合作，将开拓元宇宙泛娱乐时代虚拟场景。
风语筑以展示展览为主业，元宇宙概念中的人机交互、VR/AR等技术能够帮助其展陈内容融入更多的创意、设计、数字艺术和沉浸式体验元素，从而增强各类数字化体验空间的科技感和体验感。
结语
总结以上代表性科技公司的元宇宙布局路径可以看出，它们均成立了相关子公司，来专注元宇宙赛道的发展，并且将虚拟人作为切入元宇宙赛道的重要突破口。同时，在虚拟人的推广和应用上，这些公司也面临政策上的利好。《广播电视和网络视听“十四五”科技发展规划》中指出，要面向新闻、综艺、体育、财经、气象等电视节目研究虚拟形象合成技术。
此外，可以发现，这些科技公司希望通过与元宇宙结合，来助推主营业务的发展。由于元宇宙相关技术、应用场景等仍处在发展初期，这些科技公司在实际推进过程中仍存在较大的不确定性，在元宇宙相关布局上也未成体系，仍处于探索阶段。
微信
朋友圈
不喜欢
3
全部评论
顾的阿鸠
2
你以为那些科技公司都是做什么的？
02-22 06:09
分享
回复
已显示全部评论
展开阅读全文"
$风语筑(SH603466)$别涨了，继续下跌吧，否则晚上又是大宗交易折价减持公,"https://guba.eastmoney.com/news,603466,1145135693.html",2022-02-23 11:33:27,$风语筑(SH603466)$  别涨了，继续下跌吧，否则晚上又是大宗交易折价减持公告
$风语筑(SH603466)$扛起大旗走起来,"https://guba.eastmoney.com/news,603466,1145126752.html",2022-02-23 11:22:59,$风语筑(SH603466)$  扛起大旗走起来
今天这属于超跌反弹了，没有量,"https://guba.eastmoney.com/news,603466,1145133976.html",2022-02-23 11:30:40,今天这属于超跌反弹了，没有量
老实说股价大跌至少公司出面说一下，你看风语筑那哈麻批股价夭折公司一个屁都没有，那,"https://guba.eastmoney.com/news,603466,1145102947.html",2022-02-23 11:00:11,老实说股价大跌至少公司出面说一下，你看风语筑那哈麻批股价夭折公司一个屁都没有，那才叫恶心。
"增长股，加油，上25,加油","https://guba.eastmoney.com/news,603466,1145112951.html",2022-02-23 11:09:25,加油
昨天我说我说我要进，结果七八个人叫我不要进，现在好了，今天大涨，我只能眼睁睁看着,"https://guba.eastmoney.com/news,603466,1145063076.html",2022-02-23 10:27:17,昨天我说我说我要进，结果七八个人叫我不要进，现在好了，今天大涨，我只能眼睁睁看着，还不敢买多了
$风语筑(SH603466)$入股市两年。亏了一半本金。今天最高点介入。买了就跌,"https://guba.eastmoney.com/news,603466,1145097560.html",2022-02-23 10:55:31,$风语筑(SH603466)$  入股市两年。亏了一半本金。今天最高点介入。买了就跌。目标47回本。这个赛道这个市值两年翻倍没问题吧？
跑路了。不玩这个了，垃圾,"https://guba.eastmoney.com/news,603466,1145090804.html",2022-02-23 10:49:28,跑路了。不玩这个了，垃圾
$风语筑(SH603466)$什么时候发债啊,"https://guba.eastmoney.com/news,603466,1145083243.html",2022-02-23 10:43:13,$风语筑(SH603466)$  什么时候发债啊
下面一个小小的上跳缺口不补，反弹就不会很“流畅”，小反抽千万不要介入。回补下方缺,"https://guba.eastmoney.com/news,603466,1145073906.html",2022-02-23 10:35:32,下面一个小小的上跳缺口不补，反弹就不会很“流畅”，小反抽千万不要介入。回补下方缺口是大概率的事！
$风语筑(SH603466)$缺口不补，还是强势，价值回归，后市可期。,"https://guba.eastmoney.com/news,603466,1145064104.html",2022-02-23 10:28:04,$风语筑(SH603466)$  缺口不补，还是强势，价值回归，后市可期。
下杀了快跑,"https://guba.eastmoney.com/news,603466,1145066549.html",2022-02-23 10:29:52,下杀了快跑
风语筑：澄清媒体报道,"https://guba.eastmoney.com/news,603466,1144806091.html",2022-02-22 16:24:40,"来源：每日经济新闻


　　风语筑(SH 603466，收盘价：22.49元)2月22日晚间发布公告称，上海风语筑文化科技股份有限公司留意到有标题名为“中迪禾邦旗下风语筑被罚2万元，违反保障农民工工资支付条例”的媒体报道，称重庆风语筑装饰设计工程有限公司近日被广州市荔湾区人力资源和社会保障局处以罚款2万元的行政处罚。 为避免对投资者造成误导，公司对相关报道内容进行了核实，现就相关情况澄清如下： 公司与重庆风语筑装饰设计工程有限公司不存在任何关联关系。公司目前的各项生产经营情况一切正常，公司及公司的子公司均不存在违反《保障农民工工资支付条例》的情形。


　　2020年1至12月份，风语筑的营业收入构成为：数字化体验占比100.0%。


　　风语筑的董事长是李晖，男，52岁，学历背景为本科；总经理是陈礼文，男，53岁，学历背景为大专。
（文章来源：每日经济新闻）[点击查看原文]
#热点追踪#"
"加油，增长股，上24,加油","https://guba.eastmoney.com/news,603466,1145054974.html",2022-02-23 10:20:41,加油
主力会玩啊.,"https://guba.eastmoney.com/news,603466,1145049293.html",2022-02-23 10:16:16,一直减持出货造成股价下跌 .然后发个澄清公告 拉上一波.叫大伙信了你的话追进去.星期4 5再来个绿8 哈哈哈.我跑还不行.谁爱追追吧.
"加油，上24,加油","https://guba.eastmoney.com/news,603466,1145041083.html",2022-02-23 10:10:20,加油
$风语筑(SH603466)$不带这样玩的。还没到14又起来了。,"https://guba.eastmoney.com/news,603466,1145036563.html",2022-02-23 10:07:11,$风语筑(SH603466)$  不带这样玩的。还没到14又起来了。
NFT是一种应用软件现在国内出了用人民币结算和出金不用代币,"https://guba.eastmoney.com/news,603466,1145024210.html",2022-02-23 09:58:29,NFT是一种应用软件现在国内出了用人民币结算和出金不用代币
这货跌起来猛如虎，涨起来哎,"https://guba.eastmoney.com/news,603466,1145026820.html",2022-02-23 10:00:17,"这货跌起来猛如虎，涨起来哎
"
大失所望的股票远离恶庄,"https://guba.eastmoney.com/news,603466,1145025757.html",2022-02-23 09:59:33,大失所望的股票远离恶庄
加油，增长股，加油，加油,"https://guba.eastmoney.com/news,603466,1145022537.html",2022-02-23 09:57:25,加油
$风语筑(SH603466)$我，被你这只垃圾坑死了！疯语猪！了！,"https://guba.eastmoney.com/news,603466,1145014915.html",2022-02-23 09:52:40,"$风语筑(SH603466)$  
我，被你这只垃圾坑死了！
疯语猪！了！"
大家大胆买，今天的大宗交易我接了，六个月之内不抛！,"https://guba.eastmoney.com/news,603466,1145019609.html",2022-02-23 09:55:29,大家大胆买，今天的大宗交易我接了，六个月之内不抛！
$风语筑(SH603466)$回到平台我相信,"https://guba.eastmoney.com/news,603466,1145012093.html",2022-02-23 09:50:51,$风语筑(SH603466)$  回到平台我相信
$风语筑(SH603466)$费物东西，看看天神娱乐[大笑],"https://guba.eastmoney.com/news,603466,1145013051.html",2022-02-23 09:51:30,$风语筑(SH603466)$  费物东西，看看天神娱乐
$风语筑(SH603466)$真宇宙吗？,"https://guba.eastmoney.com/news,603466,1145008626.html",2022-02-23 09:48:44,$风语筑(SH603466)$  真宇宙吗？
$风语筑(SH603466)$跌下来容易，涨回去难。还得继续磨底。最有可能的还是,"https://guba.eastmoney.com/news,603466,1145007565.html",2022-02-23 09:48:08,$风语筑(SH603466)$  跌下来容易，涨回去难。还得继续磨底。最有可能的还是补缺口。
公司的公告与主力的意图配合的天衣无缝，散户被拿捏的死死的,"https://guba.eastmoney.com/news,603466,1145006777.html",2022-02-23 09:47:40,公司的公告与主力的意图配合的天衣无缝，散户被拿捏的死死的
加油，增长股，上24，加油,"https://guba.eastmoney.com/news,603466,1145003777.html",2022-02-23 09:45:50,加油
$风语筑(SH603466)$1234再来一次？冲高回落，在小冲下收个小红，明天,"https://guba.eastmoney.com/news,603466,1144994572.html",2022-02-23 09:40:38,$风语筑(SH603466)$  1234再来一次？冲高回落，在小冲下收个小红，明天直接绿？
缺口不补不敢上车啊,"https://guba.eastmoney.com/news,603466,1144988813.html",2022-02-23 09:37:23,缺口不补不敢上车啊
赶紧补仓，加油,"https://guba.eastmoney.com/news,603466,1144980994.html",2022-02-23 09:32:56,加油
今天补完缺口，直奔18块！,"https://guba.eastmoney.com/news,603466,1144957744.html",2022-02-23 08:58:14,今天补完缺口，直奔18块！
干脆点把缺口补了啊,"https://guba.eastmoney.com/news,603466,1144967610.html",2022-02-23 09:25:07,干脆点把缺口补了啊
$风语筑(SH603466)$[笑哭][笑哭][笑哭]我这运气,"https://guba.eastmoney.com/news,603466,1144963733.html",2022-02-23 09:17:50,$风语筑(SH603466)$  我这运气
真恶心，这只彻底废了。,"https://guba.eastmoney.com/news,603466,1144965059.html",2022-02-23 09:20:09,真恶心，这只彻底废了。
$风语筑(SH603466)$芭比Q了,"https://guba.eastmoney.com/news,603466,1144963528.html",2022-02-23 09:17:25,$风语筑(SH603466)$  芭比Q了
$风语筑(SH603466)$oh，大面,"https://guba.eastmoney.com/news,603466,1144963293.html",2022-02-23 09:16:53,$风语筑(SH603466)$  oh，大面
贪婪地买入者......。,"https://guba.eastmoney.com/news,603466,1144961953.html",2022-02-23 09:12:53,贪婪地买入者......。
$风语筑(SH603466)$这完全不是一家元宇宙公司该有的估值，给的建筑板块股,"https://guba.eastmoney.com/news,603466,1144956199.html",2022-02-23 08:53:01,$风语筑(SH603466)$  这完全不是一家元宇宙公司该有的估值，给的建筑板块股价估值吧
$风语筑(SH603466)$到下引线位置，看看,"https://guba.eastmoney.com/news,603466,1144954807.html",2022-02-23 08:47:24,$风语筑(SH603466)$  到下引线位置，看看
近期跌掉20%！今天板块大涨，也还这叼样？后期估计没多大救了[得意],"https://guba.eastmoney.com/news,603466,1144357988.html",2022-02-21 19:39:43,近期跌掉20%！今天板块大涨，也还这叼样？后期估计没多大救了
$风语筑(SH603466)$天要下雨，娘要嫁人，就让它一直跌吧，大家都别想赚钱,"https://guba.eastmoney.com/news,603466,1144954190.html",2022-02-23 08:43:42,$风语筑(SH603466)$  天要下雨，娘要嫁人，就让它一直跌吧，大家都别想赚钱！
你以为他会补缺口，但是他就是不补，直接拉，这就是股市，反人性,"https://guba.eastmoney.com/news,603466,1144949709.html",2022-02-23 08:16:20,你以为他会补缺口，但是他就是不补，直接拉，这就是股市，反人性
$风语筑(SH603466)$垃圾[怒][怒][怒]30的本,"https://guba.eastmoney.com/news,603466,1144737822.html",2022-02-22 14:22:40,$风语筑(SH603466)$  垃圾30的本
董秘你好，据网络消息公司参加了广东省城乡规划设计研究院有限责任公司混改增资项目，,"https://guba.eastmoney.com/news,603466,1103697474.html",2021-11-08 10:01:39,"董秘你好，据网络消息公司参加了广东省城乡规划设计研究院有限责任公司混改增资项目，请问消息是否属实，公司增资认购资金股份占比多少？
风语筑
风语筑：尊敬的投资者，您好！公司核心能力集中体现为“数字化场景搭建”和“沉浸式体验打造”,现阶段这些核心能力的主要应用场景为公共文化体验空间和企业品牌展示空间，而市政规划、建筑设计是建设各类公共文化体验空间的业务开端，因此公司高度重视在规划、设计领域的战略布局。此前，公司已战略投资有着湖南国企“混改”第一单之称的湖南省建筑设计院集团有限公司；目前，公司正在积极推进对广东省城乡规划设计研究院有限责任公司的战略投资。上述战略投资布局将进一步强化公司在华中及华南市场的业务渗透能力。感谢您对公司的关注！
(来自上证e互动)答复时间 2021-11-08 10:01:39"
已经不想再发帖说话了，今天这个走势，纯粹是元宇宙板块暴跌引起踩踏形成的。有些人老,"https://guba.eastmoney.com/news,603466,1144878361.html",2022-02-22 21:20:43,"已经不想再发帖说话了，今天这个走势，纯粹是元宇宙板块暴跌引起踩踏形成的。有些人老是问我风语筑还有没有？我现在来说下近期自己的操作。前二天在24元减仓后（只留了部分底仓不动），分别进场捷成股份跟吉峰科技。捷成股份昨日感觉不对劲，均价亏5分出局，12.9建仓华铭智能，吉峰科技目前盈利10多个点，明日看情况操作。
关于风语筑后续操作，本人暂时不动，看看外围局势变化 ，再观察公司有没有其他信息。不管咋样，底仓不动，形势变化会随时进场加仓。"
多地推动元宇宙与实体经济融合2022年02月23日05:55作者：唐维来源：证券,"https://guba.eastmoney.com/news,603466,1144941101.html",2022-02-23 07:29:00,"多地推动元宇宙与实体经济融合
2022年02月23日 05:55 作者： 唐维 来源： 证券时报网
　　对于元宇宙的远景，市场各方普遍认为这是未来发展的必然趋势。彭博预计，元宇宙将在2024年达到8000亿美元市场规模；普华永道预测，元宇宙市场规模在2030年将达1.5万亿美元；摩根士丹利认为，中国元宇宙市场的潜在规模将达8万亿美元。
　　美好愿景面前，我国多地加快了对元宇宙的前瞻布局，以期促进地方经济结构升级。证券时报记者梳理发现，元宇宙已经写入了上海、深圳、杭州等地的政府工作报告，北京、浙江等地也对元宇宙有布局。
　　1月8日，元宇宙写入了上海市徐汇区政府工作报告，报告提出，探索成立元宇宙创新联盟，推动人工智能与文化创意、绿色低碳、智能制造等融合发展。在此之前，2021年12月30日，《上海市电子信息产业发展“十四五”规划》将元宇宙作为前沿新兴领域之一。
　　1月，深圳福田区政府工作报告首次提到元宇宙，报告提出要大力发展数字产业，推动区块链、量子信息、类脑智能等未来产业的技术转化成果加速落地，多领域拓展数字人民币、元宇宙等技术应用场景。
　　杭州在去年年底成立了元宇宙专委会，并在今年的政府工作报告中提到了元宇宙，表示要超前布局量子通信、“元宇宙”等未来产业，高水平打造“全国数字经济第一城”。
　　1月10日，合肥市政府工作报告中，同样出现了“元宇宙”的身影。合肥市市长罗云峰表示，未来5年，合肥将前瞻布局未来产业，瞄准元宇宙、超导技术、精准医疗等前沿领域，打造一批领航企业、尖端技术、高端产品。
　　1月11日，武汉市委副书记、市长程用文作政府工作报告时指出，要加快壮大数字产业，推动元宇宙、大数据、云计算、区块链、地理空间信息、量子科技等与实体经济融合。
　　1月23日，成都市市长王凤朝作政府工作报告时提出，在推动新经济新赛道加快布局方面，成都将大力发展数字经济，主动抢占量子通信、元宇宙等未来赛道，打造数字化制造“灯塔工厂”。
　　此外，北京通州区在内容设计、产业空间、应用场景方面都做出了相应的规划。江苏、海南、江西等省份也明确了元宇宙产业的发展方向。
　　“地方政府接连的积极表态体现了对前沿领域的重视程度，元宇宙不是单一的技术，而是多项技术，代表着一场社会性的变革。”鲸平台智库专家、中关村大数据产业联盟秘书长赵国栋表示，“这也是产业变革的机会，推动元宇宙发展的过程对地方经济结构升级有着巨大作用。”
文章来源：证券时报网"
快手“出手”？互联网巨头纷纷“入局”元宇宙2022年02月22日23:08来源：,"https://guba.eastmoney.com/news,603466,1144940404.html",2022-02-23 07:25:37,"快手“出手”？互联网巨头纷纷“入局”元宇宙
2022年02月22日 23:08 来源： 上海证券报 3人评论 10 3
摘要
【快手“出手”？互联网巨头纷纷“入局”元宇宙】在入局元宇宙方面，快手也准备“出手”了。22日，记者查询天眼查发现，广州弹指宇宙科技有限公司于2月18日成立，法定代表人贾弘毅，注册资本1000万元，由快手关联公司北京慕远科技有限公司全资控股。目前，尽管快手尚未明确入局元宇宙，但已有相关布局。此外，腾讯、阿里、网易、爱奇艺等互联网巨头，也在元宇宙方面频频做文章。"
明天如果飘红，尾盘又资讯某鹰又tnn的折价减持，后天又开始跌，然后.......,"https://guba.eastmoney.com/news,603466,1144911702.html",2022-02-22 23:55:47,明天如果飘红，尾盘又资讯某鹰又tnn的折价减持，后天又开始跌，然后.......tnn的无限循环，c
$风语筑(SH603466)$板块跌成狗,"https://guba.eastmoney.com/news,603466,1144798951.html",2022-02-22 16:01:06,$风语筑(SH603466)$  板块跌成狗
$风语筑(SH603466)$今天又进了1.5万股再跌真没钱补仓了。人家割韭菜，,"https://guba.eastmoney.com/news,603466,1144713999.html",2022-02-22 13:56:23,$风语筑(SH603466)$  今天又进了1.5万股再跌真没钱补仓了。人家割韭菜，你这是拔韭菜泥都要打包啊
$风语筑(SH603466)$缺口近在咫尺，并且从1.24日开始背离那么久了，是,"https://guba.eastmoney.com/news,603466,1144910818.html",2022-02-22 23:48:45,$风语筑(SH603466)$ 缺口近在咫尺，并且从1.24日开始背离那么久了，是不是要来一波？？时间节点下周？
$风语筑(SH603466)$投身股市至今，风语筑给了我最响的耳光，之前我还一厢,"https://guba.eastmoney.com/news,603466,1144874384.html",2022-02-22 21:06:11,$风语筑(SH603466)$  投身股市至今，风语筑给了我最响的耳光，之前我还一厢情愿的想着以后每个月买一手风语筑，现在想想真是脑袋瓜子嗡嗡的。那句好戏才刚刚开始，真是太牛批了。
$风语筑(SH603466)$德清小镇开启招投标了。,"https://guba.eastmoney.com/news,603466,1144903093.html",2022-02-22 23:03:46,$风语筑(SH603466)$  德清小镇开启招投标了。
风语祝你还是你么,"https://guba.eastmoney.com/news,603466,1144907288.html",2022-02-22 23:26:39,是谁这么无情 ！！！！这段时间真是被砸成了，太惨烈了……………………
上市公司该好好管管自家股票了，都跌成元宇宙板块倒数第二了，对得起投资者吗！,"https://guba.eastmoney.com/news,603466,1144905955.html",2022-02-22 23:18:30,上市公司该好好管管自家股票了，都跌成元宇宙板块倒数第二了，对得起投资者吗！
什么时候发债,"https://guba.eastmoney.com/news,603466,1144902076.html",2022-02-22 22:59:05,什么时候发债
$风语筑(SH603466)$股价下跌，主要是大股东挤牙膏式大宗交易折价减持造成,"https://guba.eastmoney.com/news,603466,1144894422.html",2022-02-22 22:28:46,$风语筑(SH603466)$  股价下跌，主要是大股东挤牙膏式大宗交易折价减持造成的，跟传闻无半毛关系，
35不会是今年的高点,"https://guba.eastmoney.com/news,603466,1144883247.html",2022-02-22 21:40:33,短线超跌，日线周线多已到位，明开始反弹，目标27.5.今年35决不是最高点，咋知道的就不和你们说了。哈
不要忘记梧桐放语空的经营属性是属于乡村振兴的范畴，文化艺术必定会成为乡镇的引流方,"https://guba.eastmoney.com/news,603466,1144861813.html",2022-02-22 20:15:47,"不要忘记梧桐放语空的经营属性是属于乡村振兴的范畴，文化艺术必定会成为乡镇的引流方式。乡村振兴也是内循环的一个战略。未来将会发展成任何一个乡镇都是一个景点。
东方财富资讯君
一图读懂！2022年中央一号文件要点
【一图读懂！2022年中央一号文件要点】中共中央、国务院印发《关于做好2022年全面推进乡村振兴重点工作的意见》，一图读懂2022年中央一号文件要点。（上海证券报）
2022/2/22 19:57:22财经评论吧"
这里有不少买了小五百万的大佬被套了是不是啊[惊吓][惊吓][惊吓],"https://guba.eastmoney.com/news,603466,1144837075.html",2022-02-22 18:32:21,这里有不少买了小五百万的大佬被套了是不是啊
[新华基金]2022年2月22日元宇宙显化内容价值，2022商业化落地超预期,"https://guba.eastmoney.com/news,603466,1144872490.html",2022-02-22 20:58:45,"[新华基金]2022年2月22日
元宇宙显化内容价值，2022商业化落地超预期
2022年前三周，游戏行业发生两笔百亿美元以上的并购，上一次要追溯到2016年。微软花费687亿美元现金、以45%高溢价收购动视暴雪，其CEO明确表示游戏将在微软元宇宙平台中发挥关键作用。这笔交易，是IP价值重估的开始。以游戏为代表的数字原生内容在现阶段的元宇宙发展中将优先受益。
元宇宙普遍被认为是一组技术的集合，依赖XR硬件的渗透率提升和AI、区块链等技术的发展。我们认为，元宇宙在现阶段，思想的跃迁领先于技术的突破，其本质是数字生活比重和重要度的提升，以及随之而来的数字世界中消费、工作、娱乐、社交等新的商业模式的拓展。2021年，元宇宙最火爆的应用如NFT、区块链游戏等，更多是模式而非技术创新。
展望2022年，在“做强做优做大我国数字经济”的政策指引下，元宇宙商业化落地有望超预期。目前已有多个城市把“元宇宙”作为新兴产业列入发展规划，积极促进产业生态建设。相较海外“元宇宙”发展，国内监管环境下元宇宙并没有出现过度炒作和泡沫化的问题，政策态度清晰后，国内元宇宙有望在数字内容开发、数字资产确权和流通、虚拟消费场景建设等方面加速商业化落地。
我们认为2022元宇宙商业化发展最有望超预期的几个方向包括：
1.NFT/NFR提升数字资产确权和流通效率，并带来原创内容和经典IP价值的重估。
2.实体品牌加速虚拟化探索，虚拟人成为品牌传递复杂价值、拓展年轻市场的利器。
3.平台经济转向创作者经济，为创作者赋能的新型平台、软硬件工具获得快速发展。"
啥也不说了，17块腰斩位等你，不见不散！,"https://guba.eastmoney.com/news,603466,1144874049.html",2022-02-22 21:04:47,啥也不说了，17块腰斩位等你，不见不散！
风雨粥是标准的数字基建股,"https://guba.eastmoney.com/news,603466,1143977571.html",2022-02-21 07:41:01,风雨粥是标准的数字基建股
$风语筑(SH603466)$继续跌吧！我都麻木了，跌透了我再补。,"https://guba.eastmoney.com/news,603466,1144851976.html",2022-02-22 19:35:55,$风语筑(SH603466)$  继续跌吧！我都麻木了，跌透了我再补。
$风语筑(SH603466)$风语者也属于数字基建好不好而且是很牛逼的数字基建老,"https://guba.eastmoney.com/news,603466,1143967042.html",2022-02-21 03:51:39,$风语筑(SH603466)$  风语者也属于数字基建好不好而且是很牛逼的数字基建老头 凭什么走这逼样 被错杀的一个隐形王者 
啊啊！终于找到下跌原因了。感谢公司。,"https://guba.eastmoney.com/news,603466,1144854164.html",2022-02-22 19:44:55,啊啊！终于找到下跌原因了。感谢公司。
这一跌，很多牛鬼蛇神都出来了，有看热闹的，有起哄的，有泄私愤的，有所谓的托，群魔,"https://guba.eastmoney.com/news,603466,1144782431.html",2022-02-22 15:15:01,这一跌，很多牛鬼蛇神都出来了，有看热闹的，有起哄的，有泄私愤的，有所谓的托，群魔乱舞。这点儿风浪都经不起，还是撤吧。永远要记住，炒股，是来抢钱的，不是来捡钱的，很多时候，抢不到钱，还会挨顿揍，不正常吗？恐惧和贪婪都会有，但要掌握好度，和心态的自我调节，制定下一步的交易策略。共勉
断头的元宇宙伪科学,"https://guba.eastmoney.com/news,603466,1144858067.html",2022-02-22 20:01:01,断头的元宇宙伪科学
不要想太多明天就割吧，明天肯定，百分百跌停,"https://guba.eastmoney.com/news,603466,1144846345.html",2022-02-22 19:13:28,不要想太多明天就割吧，明天肯定，百分百跌停
风语筑的营业收入构成为：数字化体验占比100.0%,"https://guba.eastmoney.com/news,603466,1144823346.html",2022-02-22 17:30:00,    公告目的；我是当前最热的数字化公司，与重庆风语筑装饰设计工程有限公司不存在任何关联关系。可风雨季筑一下布局了十多家公司都要用钱，这一笔笔的大宗交易的钱撒出去用于布局，不知收获如何？
这个地方是割还是不割呢？,"https://guba.eastmoney.com/news,603466,1144830158.html",2022-02-22 17:58:30,这个地方是割还是不割呢？
这种下杀短期是起不来了，阴跌到没朋友,"https://guba.eastmoney.com/news,603466,1144825641.html",2022-02-22 17:38:53,这种下杀短期是起不来了，阴跌到没朋友
偶们的口号是5年10倍，要不是聪明的投资者撑着，今天就跌停了，感谢OMG,"https://guba.eastmoney.com/news,603466,1144828525.html",2022-02-22 17:51:56,"偶们的口号是5年10倍，要不是聪明的投资者撑着，今天就跌停了，感谢OMG
"
都跌破100亿了,"https://guba.eastmoney.com/news,603466,1144830517.html",2022-02-22 18:00:06,都跌破100亿了 垃圾
$风语筑(SH603466)$不破20不用看，家族公司，股权比太高，不放出来谁给,"https://guba.eastmoney.com/news,603466,1144826455.html",2022-02-22 17:42:57,$风语筑(SH603466)$  不破20不用看，家族公司，股权比太高，不放出来谁给你抬轿
[新华基金]2022年2月22日元宇宙显化内容价值，2022商业化落地超预期,"https://guba.eastmoney.com/news,603466,1144825957.html",2022-02-22 17:40:35,"[新华基金]2022年2月22日
元宇宙显化内容价值，2022商业化落地超预期
2022年前三周，游戏行业发生两笔百亿美元以上的并购，上一次要追溯到2016年。微软花费687亿美元现金、以45%高溢价收购动视暴雪，其CEO明确表示游戏将在微软元宇宙平台中发挥关键作用。这笔交易，是IP价值重估的开始。以游戏为代表的数字原生内容在现阶段的元宇宙发展中将优先受益。
元宇宙普遍被认为是一组技术的集合，依赖XR硬件的渗透率提升和AI、区块链等技术的发展。我们认为，元宇宙在现阶段，思想的跃迁领先于技术的突破，其本质是数字生活比重和重要度的提升，以及随之而来的数字世界中消费、工作、娱乐、社交等新的商业模式的拓展。2021年，元宇宙最火爆的应用如NFT、区块链游戏等，更多是模式而非技术创新。
展望2022年，在“做强做优做大我国数字经济”的政策指引下，元宇宙商业化落地有望超预期。目前已有多个城市把“元宇宙”作为新兴产业列入发展规划，积极促进产业生态建设。相较海外“元宇宙”发展，国内监管环境下元宇宙并没有出现过度炒作和泡沫化的问题，政策态度清晰后，国内元宇宙有望在数字内容开发、数字资产确权和流通、虚拟消费场景建设等方面加速商业化落地。
我们认为2022元宇宙商业化发展最有望超预期的几个方向包括：
1.NFT/NFR提升数字资产确权和流通效率，并带来原创内容和经典IP价值的重估。
2.实体品牌加速虚拟化探索，虚拟人成为品牌传递复杂价值、拓展年轻市场的利器。
3.平台经济转向创作者经济，为创作者赋能的新型平台、软硬件工具获得快速发展。"
$风语筑(SH603466)$今天又进了1.5万股再跌真没钱补仓了。人家割韭菜，,"https://guba.eastmoney.com/news,603466,1144714011.html",2022-02-22 13:56:23,$风语筑(SH603466)$  今天又进了1.5万股再跌真没钱补仓了。人家割韭菜，你这是拔韭菜泥都要打包啊
