标题,链接,发布时间,内容
感觉又出早了,"https://guba.eastmoney.com/news,603606,205676332.html",2015-10-09 10:55:32,感觉又出早了
兄弟们快来接盘，我们都 要出货了！,"https://guba.eastmoney.com/news,603606,205646201.html",2015-10-09 09:34:54,兄弟们快来接盘，我们都 要出货了！兄弟们快来接盘，我们都 要出货了！兄弟们快来接盘，我们都 要出货了！
最后的卖出机会，明天开盘低开5%以上,"https://guba.eastmoney.com/news,603606,205550775.html",2015-10-08 14:49:59,狗庄已经跑了
10月8日还会升！,"https://guba.eastmoney.com/news,603606,205248841.html",2015-10-03 23:44:36,10月8日还会升！
跌停倒是有可能，还想涨停！,"https://guba.eastmoney.com/news,603606,205526545.html",2015-10-08 13:36:58,大盘涨成这样都猪一样的走势
露笑快涨停了，你还墨迹,"https://guba.eastmoney.com/news,603606,205529601.html",2015-10-08 13:45:38,懒驴拉磨
17.29买入就赚。天量换手率。你担心个毛线,"https://guba.eastmoney.com/news,603606,205471676.html",2015-10-08 09:51:07,17.29买入就赚。天量换手率。你担心个毛线
跳水了,"https://guba.eastmoney.com/news,603606,205522797.html",2015-10-08 13:25:29,跳水了
70元买的，何时才能解套？,"https://guba.eastmoney.com/news,603606,205460101.html",2015-10-08 08:58:35,70元买的，何时才能解套？
今天创业板疯了，你们觉得这票能赶上？,"https://guba.eastmoney.com/news,603606,205484388.html",2015-10-08 10:26:53,今天创业板疯了，你们觉得这票能赶上？今天创业板疯了，你们觉得这票能赶上？今天创业板疯了，你们觉得这票能赶上？今天创业板疯了，你们觉得这票能赶上？
东风不败够悬，在17元附近有一阵磨,"https://guba.eastmoney.com/news,603606,205470459.html",2015-10-08 09:47:07,东风不败够悬，在17元附近有一阵磨
2014年中国最大23家电线电缆公司企业排名,"https://guba.eastmoney.com/news,603606,147514641.html",2015-02-08 12:52:13,"2014年中国最大23家电线电缆公司企业排行榜

1.远东电缆有限公司

2.宝胜科技创新股份有限公司

3.中利科技集团股份有限公司

4.无锡江南电缆有限公司

5.青岛汉缆股份有限公司

6.兴乐集团有限公司

7.山东阳谷电缆集团有限公司

8.河南金水电缆集团有限公司

9.福建南平太阳电缆股份有限公司

10.上海浦东电线电缆集团有限公司

11.浙江万马电缆股份有限公司

12.江苏中天科技股份有限公司

13.江苏上上电缆集团有限责任公司

14.上海胜华电缆(集团)有限公司

15.广东金华电缆股份有限公司

16.安徽华电线缆集团有限公司

17.远程电缆股份有限公司

18.杭州电缆股份有限公司

19.上海浦东电缆集团有限公司

20.特变电工山东鲁能泰山电缆有限公司

21.杭州华新电力线缆有限公司

22.江苏中超电缆股份有限公司

23.广东南洋电缆集团股份有限公司
展开阅读全文"
今后三年里连续保持复合增长率高于35%的成长股300259新天科技,"https://guba.eastmoney.com/news,603606,205288059.html",2015-10-04 20:52:44,"确定性的成长股300259新天科技

11元以下的价格是长线底部的价格区域"
18.85买入，坐等翻翻[大笑][大笑][大笑],"https://guba.eastmoney.com/news,603606,205089991.html",2015-09-30 14:48:08,18.85买入，坐等翻翻
拙劣拉高出货手法，大家好自为之。,"https://guba.eastmoney.com/news,603606,205060584.html",2015-09-30 13:39:20,拙劣拉高出货手法，大家好自为之。
公司董事长提供托底保证，承诺,"https://guba.eastmoney.com/news,603606,205160123.html",2015-10-01 15:42:53,"公司董事长李广胜对员工持股计划提供托底保证，承诺在该计划终止清算时，承担优先级份额的本金以及约定年预期收益的差额补足责任，并且保证次级份额本金及其收益率不低于10%/年。上半年，公司实现营业收入3.19亿元，同比增长25.32%，归属于上市公司的净利润为76.21万元，已经实现扭亏为盈。分析人士称，如此“托底保证”，显示了公司董事长对公司发展的信心。（来源：中国证券报）根据全景网投资者关系互动平台显示，中国证券金融股份有限公司和中央汇金投资有限责任公司分别为该公司第二和第十大股东，这也说明证券市场对明星电缆未来发展信心十足。（来源：中国证券网）股价异动提示原因分析：近日(9月8至10日)，在受邀参加的“2015中国国际核电工业装备展览会”上，明显电缆“第三代核电站用1E级电缆产品”吸引了众多国内外核电产品使用、制造厂商和科研单位关注。明星电缆董事长李广胜向证券时报记者透露，借助中国核电迈向国际市场的东风，公司将把优秀的电缆产品送出国门，走向世界。随着国内核电项目陆续开工建设，公司已做好充分准备，全力创新核心科技，努力研发拳头产品，积极开拓全新市场，将借助核电发展的良好局面，迎来自身的飞跃发展。扣除以上不会减持的大股东持股83% 与同样不会减持的第二大股东，中国证金及中央汇金流通股后，明星电缆的实际流通股仅有六千万左右，实际流通市值非常小!明星家园1号集合资产管理计划，既然为1号，就可能有2号，甚至有3号等。另外目前还有比明星电缆那么小盘、那么低价,没有大小非的,发行价9.3元的次新股核电军工的股票吗？
股价上30不是梦，只是时间的问题,此股有故事，拿住了随时停牌，大股东李广元还不知在哪儿呢？李广元所持股份无偿按比例赠送大大小小股东。流通盘非常小,没有大小非的次新股，稀世珍品，值得拥有, 明星电缆，是支潜力股。有必要握住,明星电缆: 2015 并购增发值得期待！明星电缆被举牌收购,明星电缆现在的流通市值是11亿多，这样的市值极容易被一些股权投资机构看上。 该股题材多多，2015年大牛股。 明星电缆无需技术，无需看盘，预期是确定的，后市空间不可估量。明星电缆即使再8个涨停，明星电缆与相仿的数十元股比价，明星电缆依然绝对价位极端低估！主力仅靠以上的确定的题材，就可把明星电缆做到50元以上！现主力正在吸纳与洗盘，马上就来的主升浪!从今天起将连续涨停迎接重组停牌！"
大盘今天该跌不跌，节后就涨，,"https://guba.eastmoney.com/news,603606,205125158.html",2015-09-30 20:36:40,今天走势预示节后继续涨，
看看你们的账户，东方电缆都亏了，呵呵,"https://guba.eastmoney.com/news,603606,170688985.html",2015-05-28 08:17:46,
东方电缆内部问题比较严重，贪加造假，庄家出完货将是几元钱都不值,"https://guba.eastmoney.com/news,603606,147649014.html",2015-02-09 13:19:27,幻想的小散都好好想想吧现在跑还来得及，一但澄清跑都没有法跑
603606如何操作,"https://guba.eastmoney.com/news,603606,185047190.html",2015-07-09 23:43:00,今日此股过下降压力线，明天回踩此压力线不漏，是给买入的机会，过前高收红K就红上红，60分钟指标背离，反弹继续，保守者请等5曰线金叉10日线在进，然后就一个字，抱！等下一次顶部出现卖出。
开买！！！,"https://guba.eastmoney.com/news,603606,205090158.html",2015-09-30 14:48:15,开买！！！
要跳了？,"https://guba.eastmoney.com/news,603606,205088418.html",2015-09-30 14:44:23,"要跳了？
"
东方电缆，今天是逃跑的机会,"https://guba.eastmoney.com/news,603606,205059900.html",2015-09-30 13:37:36,如题，股价已经顶背离，今天必收在18.51以下，接着继续往下调整
有没有老龙头000025的K线形态？,"https://guba.eastmoney.com/news,603606,205060870.html",2015-09-30 13:40:01,流通市值才12.8亿，几个亿就控盘呀，庄哥哥，不要搞得太显眼了，免得被查，你从70元除权后，在34元左右一路阴跌至10.77元，还好多人等你解放呢
新韭菜们，这就是典型的拉高出货手法。,"https://guba.eastmoney.com/news,603606,205060013.html",2015-09-30 13:37:47,拉高到解禁股上市之日，开始慢慢地抛。不可被拉高迷恋住，好自为之。
诱多出货，好自为之,"https://guba.eastmoney.com/news,603606,205059861.html",2015-09-30 13:37:26,大盘震荡，切勿追涨
举报举报,"https://guba.eastmoney.com/news,603606,205058517.html",2015-09-30 13:34:03,举报举报
洗盘？！出货？！,"https://guba.eastmoney.com/news,603606,205056323.html",2015-09-30 13:28:05,洗盘？！出货？！
果然碉堡了，东方，我没看错你，,"https://guba.eastmoney.com/news,603606,205055854.html",2015-09-30 13:26:44,果然碉堡了，东方，我没看错你，
逃命要快,"https://guba.eastmoney.com/news,603606,205008423.html",2015-09-30 10:20:48,逃命要快
看来不是特立A的走法，今天够悬，如果今天收大阴，反弹完结，千万不能跌穿5天线,"https://guba.eastmoney.com/news,603606,205009018.html",2015-09-30 10:22:11,看来不是特立A的走法，今天够悬，如果今天收大阴，反弹完结，千万不能跌穿5天线
又开始洗盘了,"https://guba.eastmoney.com/news,603606,204991104.html",2015-09-30 09:41:28,回踩一下布林线上轨继续上
拿不住的把你那100股卖了回家哄孩子吧,"https://guba.eastmoney.com/news,603606,204997467.html",2015-09-30 09:56:19,拿不住的把你那100股卖了回家哄孩子吧
封住！！！！！,"https://guba.eastmoney.com/news,603606,204878188.html",2015-09-29 14:49:56,封住！！！！！
第一次单日买进赚到10个点以上，可惜只买了100股！[微笑],"https://guba.eastmoney.com/news,603606,204899304.html",2015-09-29 15:55:40,第一次单日买进赚到10个点以上，可惜只买了100股！
真妖，我挨洗出来了。,"https://guba.eastmoney.com/news,603606,204895986.html",2015-09-29 15:41:28,算你狠，我还会回来。
上午被洗了,"https://guba.eastmoney.com/news,603606,204866500.html",2015-09-29 14:25:54,上午被洗了
午盘提示,"https://guba.eastmoney.com/news,603606,204824049.html",2015-09-29 11:53:44,依据上午数据所得：下午大盘低点在3028点附近，高点在3065点附近。高低点数据差距为37点，如果按照这个走势午后大盘就这样窄幅震荡。无法判断方向性。按照这个点位推测：1，午盘后稍微回踩一下，掉头向上。2，午盘后上升，到高点3065点附近，再掉头向下。个人意见为暂时观望为主。我觉得大盘或者在选择方向了。具体看尾盘动静。个人操作：我这个人是个闲不住的人，昨天高抛了三分之二，低吸了三分之一。仓位是三分之一。按照昨天博文中点位，今天在开盘3055点低吸了一部分，个股做个高抛，比如东方电缆，红豆股份，埃斯顿等，现在追高已经不合适了。在午盘前在3040点附近，又低吸了一部分。如果大盘上升到3065点附近，有波段了再做个T，没有波段了，就放着吧。整体仓位还控制在三分之一仓位。个人意见，不做参考。[点击查看博客原文]
看看周线和月线，不到20元坚决不卖,"https://guba.eastmoney.com/news,603606,204798123.html",2015-09-29 10:42:56,到20元也只是减一半
我以16.83元卖出东方电缆(603606)，理由是：[卖出],"https://guba.eastmoney.com/news,603606,204782330.html",2015-09-29 10:06:00,"我以16.83元卖出东方电缆(603606)，理由是：
纳兰嘉灿
纳兰嘉灿创建了模拟组合 小赢一手
组合 id:1600334
2015/9/1 9:38:57投资组合吧"
10月15日7000万解禁股出笼，够小散喝一壶了。,"https://guba.eastmoney.com/news,603606,204766251.html",2015-09-29 09:24:16,看好的就刀口舔血吧。我们静静地看。
我以16.87元买入东方电缆(603606)，理由是：主力己介入,"https://guba.eastmoney.com/news,603606,204779211.html",2015-09-29 09:59:03,"我以16.87元买入东方电缆(603606)，理由是：主力己介入
吻你承诺
吻你承诺创建了模拟组合 涨发发财
组合 id:1681076
2015/9/29 9:41:59投资组合吧"
太机巴牛了，昨天再低13.9元，今天就到了17.4元，,"https://guba.eastmoney.com/news,603606,204778904.html",2015-09-29 09:58:23,太机巴牛了，昨天再低13.9元，今天就到了17.4元，
强势，果然猜对了,"https://guba.eastmoney.com/news,603606,204777269.html",2015-09-29 09:54:07,强势，果然猜对了
猥琐庄，赶紧把你筹码全压上,"https://guba.eastmoney.com/news,603606,204602016.html",2015-09-28 10:27:05,今天大盘大阳线，大把人接筹码，你赶紧砸卖，别像个娘们。
一会儿 ，我一分钟内拉板，你们等着！,"https://guba.eastmoney.com/news,603606,204672528.html",2015-09-28 14:51:56,一会儿 ，我一分钟内拉板，你们等着！一会儿 ，我一分钟内拉板，你们等着！
拉升出货，赶紧快跑，一会跌停！,"https://guba.eastmoney.com/news,603606,204667270.html",2015-09-28 14:39:09,明显拉高出货！连昨天的涨停位置都没洗盘，肯定是出货了！明天跌停
宁波资金今天 出了2000W，散朋友 们，还是出了吧,"https://guba.eastmoney.com/news,603606,204601833.html",2015-09-28 10:26:57,宁波资金今天 出了2000W，散朋友 们，还是出了吧
tmd  刚出来就涨  操,"https://guba.eastmoney.com/news,603606,204598243.html",2015-09-28 10:17:26,tmd 刚出来就涨 操
周五主力在涨停板吸够了筹码并提前一个钟封板，下周一绝对一字板开盘，不给你们入场机,"https://guba.eastmoney.com/news,603606,204498819.html",2015-09-26 18:00:18,周五主力在涨停板吸够了筹码并提前一个钟封板，下周一绝对一字板开盘，不给你们入场机会…
34000股走了，看起来不靠谱！安心过个中秋！！哈哈！,"https://guba.eastmoney.com/news,603606,204369318.html",2015-09-25 14:06:11,34000股走了，看起来不靠谱！安心过个中秋！！哈哈！
快出了，看来今天 会跌停的~,"https://guba.eastmoney.com/news,603606,204596565.html",2015-09-28 10:13:17,快出了，看来今天 会跌停的~快出了，看来今天 会跌停的~
出来了  害怕,"https://guba.eastmoney.com/news,603606,204594761.html",2015-09-28 10:08:48,希望我的选择是正确的
后悔了，早上挂-9个点，没买到,"https://guba.eastmoney.com/news,603606,204592494.html",2015-09-28 10:03:07,后悔了，早上挂-9个点，没买到，现在怎么追都觉得不踏实
我以15.00元买入东方电缆(603606)，理由是：[买入],"https://guba.eastmoney.com/news,603606,204578833.html",2015-09-28 09:27:19,"我以15.00元买入东方电缆(603606)，理由是：
纳兰嘉灿
纳兰嘉灿创建了模拟组合 小赢一手
组合 id:1600334
2015/9/1 9:38:57投资组合吧"
周一可能要调整了，大家小心一点,"https://guba.eastmoney.com/news,603606,204553119.html",2015-09-27 21:57:49,周一可能要调整了，大家小心一点
9.25，连续三天龙虎榜,"https://guba.eastmoney.com/news,603606,204423873.html",2015-09-25 17:33:10,"2015-09-25 星期五 类型：连续三个交易日收盘价涨幅偏离值累计20%
成交量：14.54万手 成交金额：21876.78万元
买入金额最大的前5名
序号 交易营业部名称 买入金额(万) 占总成交比例 卖出金额(万) 占总成交比例 净额(万)
1 中国银河证券股份有限公司杭州天城东路证券营业部 845.49 3.15% - - -
2 招商证券股份有限公司青岛香港中路证券营业部 830.32 3.09% - - -
3 华泰证券股份有限公司厦门厦禾路证券营业部 814.44 3.03% - - -
4 山西证券股份有限公司太原迎泽大街证券营业部 574.48 2.14% - - -
5 兴业证券股份有限公司福州湖东路证券营业部 552.27 2.06% - - -
卖出金额最大的前5名
序号 交易营业部名称 买入金额(万) 占总成交比例 卖出金额(万) 占总成交比例 净额(万)
1 招商证券股份有限公司青岛香港中路证券营业部 - - 908.45 3.38% -
2 华融证券股份有限公司长沙韶山路证券营业部 - - 704.11 2.62% -
3 兴业证券股份有限公司福州湖东路证券营业部 - - 591.35 2.20% -
4 中信证券(浙江)有限责任公司杭州解放东路证券营业部 - - 296.52 1.10% -
5 华泰证券股份有限公司上海威宁路证券营业部 - - 239.33 0.89% -
(买入前5名与卖出前5名)总合计: - - - -"
603606:东方电缆关于股票交易异常波动公告,"https://guba.eastmoney.com/news,603606,204432982.html",2015-09-25 19:08:11,"公告日期：2015-09-26


证券代码：603606 证券简称：东方电缆 公告编号：2015-033

宁波东方电缆股份有限公司

关于股票交易异常波动公告

本公司董事会及全体董事保证本公告内容不存在任何虚假记载、误导性陈述或者重大遗漏，并对其内容的真实性、准确性和完整性承担个别及连带责任。

重要内容提示：

宁波东方电缆股份有限公司（以下简称“本公司”或“公司”）股票（股票简称：东方电缆 股票代码：603606）于2015年9月24日、9月25日连续二个交易日内收盘价格涨幅偏离值累计超过20%，经公司自查，并向公司控股股东及实际控制人发函问询得知，确认不存在应披露而未披露的重大信息。

一、股票交易异常波动的具体情况

本公司股票于2015年9月24日、9月25日连续二个交易日内收盘价格涨幅偏离值累计超过20%，根据《上海证券交易所交易规则》的有关规定，属于股票交易异常波动。

二、公司关注并核实的相关情况

1、经公司自查，公司目前生产经营活动正常，公司前期披露的信息不存在需要更正、补充之处；公司不存在影响公司股票交易价格异常波动的重大事宜。

2、经向公司控股股东及实际控制人函证确认，本公司、公司控股股东及实际控制人承诺不存在应披露而未披露的重大信息，包括但不限于重大资产重组、发行股份、上市公司收购、债务重组、业务重组、资产剥离和资产注入等重大事项。

三、不存在应披露而未披露的重大信息的声明

本公司董事会确认，根据《上海证券交易所股票上市规则》等有关规定，本公司目前不存在应披露而未披露的事项或与该事项有关的策划、商谈、意向、协议等，董事会也未获悉本公司有根据《上海证券交易所股票上市规则》等有关规定应披露而未披露的、对本公司股票及其衍生品种交易价格产生较大影响的信息。

四、上市公司认为必要的风险提示

有关公司信息以公司在上海证券交易所（www.sse.com.cn）和公司指定信息披露媒体的相关公告为准，敬请广大投资者理性投资，注意投资风险。

特此公告。

宁波东方电缆股份有限公司

董事会

二零一五年九月二十六日


[点击查看PDF原文]
提示：本网不保证其真实性和客观性，一切有关该股的有效信息，以交易所的公告为准，敬请投资者注意风险。"
601088中国神华涉嫌做空A股！求证据。,"https://guba.eastmoney.com/news,603606,204388639.html",2015-09-25 14:48:42,601088中国神华涉嫌做空A股！求证据。
封不住了,"https://guba.eastmoney.com/news,603606,204383670.html",2015-09-25 14:38:48,封不住了
放大量总不是好事。统计了下，前面6次放量，6次见顶。不知道这次能不能例外！,"https://guba.eastmoney.com/news,603606,204361759.html",2015-09-25 13:47:30,放大量总不是好事。统计了下，前面6次放量，6次见顶。不知道这次能不能例外！
前面6次放量，6次见顶，不知道这次会不会例外！,"https://guba.eastmoney.com/news,603606,204364232.html",2015-09-25 13:53:14,前面6次放量，6次见顶，不知道这次会不会例外！
哈哈，洗的干净，洗的彻底。,"https://guba.eastmoney.com/news,603606,204347408.html",2015-09-25 13:09:03,哈哈，洗的干净，洗的彻底。
海底电缆前途无量,"https://guba.eastmoney.com/news,603606,204341309.html",2015-09-25 12:34:12,南海造礁建跑道，海底输电需求大，小盘低价收益好，前途无量。
不要卖啊？至少还两个板,"https://guba.eastmoney.com/news,603606,204322187.html",2015-09-25 11:18:08,不要卖啊？至少还两个板
现在还有人在卖？,"https://guba.eastmoney.com/news,603606,204306859.html",2015-09-25 10:48:29,小心抓出去弹JJ
我擦，开了,"https://guba.eastmoney.com/news,603606,204321285.html",2015-09-25 11:16:45,我擦，开了
下周大盘如果没有大跌，应该至少还有两个板,"https://guba.eastmoney.com/news,603606,204280193.html",2015-09-25 09:52:15,下周大盘如果没有大跌，应该至少还有两个板
漂亮，果然上我猜对了 今天又是一个板,"https://guba.eastmoney.com/news,603606,204274063.html",2015-09-25 09:37:18,"漂亮，果然上我猜对了
今天又是一个板"
我擦，什么情况？第一次那么牛逼,"https://guba.eastmoney.com/news,603606,204062047.html",2015-09-24 09:56:08,我擦，什么情况？第一次那么牛逼
这股，很久很久很久没有那么早强势涨停，这股现在不该那么早买，一般三十分钟封涨停，,"https://guba.eastmoney.com/news,603606,204158152.html",2015-09-24 14:42:55,这股，很久很久很久没有那么早强势涨停，这股现在不该那么早买，一般三十分钟封涨停，要么有利好，要么还会强势几天，有新庄来
连续涨停去库存最快；对期货，先买入平仓者胜！先买入开仓者也,"https://guba.eastmoney.com/news,603606,204151561.html",2015-09-24 14:29:03,"连续涨停去库存最快；对期货，先买入平仓者胜！先买入开仓者也胜！好啊！再关注假期降准降息逆回购？空头平仓致涨停？建议钢企及钢贸商等赶紧用期货开多单锁定低价于交割库！资金正在空翻多。期货空军“壮士断臂”。
000401：物极必反，涨停开盘，连续涨停？巨资持续涌入时几分钟就能涨停。持续高涨速，天天高涨幅；未买者踏空！卖出者轧空！现在散户的割肉是未来机构的利润！巴菲特先生建议“弃债投股”。"
\,"https://guba.eastmoney.com/news,603606,204113018.html",2015-09-24 12:33:40,\
我以12.61元卖出东方电缆（603606），理由是：,"https://guba.eastmoney.com/news,603606,203856316.html",2015-09-23 10:19:42,"我以12.61元卖出东方电缆（603606），理由是：
木心3
用户4835094256285908创建了投资组合
组合 id:1483006
2015/8/5 12:48:56投资组合吧"
又停牌了？,"https://guba.eastmoney.com/news,603606,204050502.html",2015-09-24 09:23:58,垃圾股，没人气，竞价都没人
我以12.36元买入东方电缆（603606），理由是：,"https://guba.eastmoney.com/news,603606,203464127.html",2015-09-21 11:27:15,"我以12.36元买入东方电缆（603606），理由是：
木心3
用户4835094256285908创建了投资组合
组合 id:1483006
2015/8/5 12:48:56投资组合吧"
2:30以后很有可能涨停,"https://guba.eastmoney.com/news,603606,203927881.html",2015-09-23 14:19:46,节奏
兄弟姐妹们注意了，公司增持价格在16元左右，所以现在这个价进去你心里应该是有底气的,"https://guba.eastmoney.com/news,603606,203581975.html",2015-09-21 21:10:18,"兄弟姐妹们注意了，公司增持价格在16元左右，所以现在这个价进去你心里应该是有底气的（2015年8月24日,增持1000多万"
停牌了？,"https://guba.eastmoney.com/news,603606,203623429.html",2015-09-22 09:16:55,停牌了？不会把？？？
不要买了，尾盘拉升,"https://guba.eastmoney.com/news,603606,203516875.html",2015-09-21 14:40:48,不要买了，尾盘拉升
流通盘太小了！快解禁了！解禁后会拉升么？,"https://guba.eastmoney.com/news,603606,203316551.html",2015-09-19 20:16:31,流通盘太小了！快解禁了！解禁后会拉升么？
暴涨开始好好珍惜,"https://guba.eastmoney.com/news,603606,203178619.html",2015-09-18 14:47:04,暴涨开始好好珍惜
暴涨开始,"https://guba.eastmoney.com/news,603606,203176097.html",2015-09-18 14:41:48,暴涨开始
今天能不能再拉个涨停？,"https://guba.eastmoney.com/news,603606,202834108.html",2015-09-17 10:32:15,100多年没见过了
涨停还在卖的什么鸟人？！,"https://guba.eastmoney.com/news,603606,202667846.html",2015-09-16 14:48:36,拉出去。。。。。
跳水一条龙啊,"https://guba.eastmoney.com/news,603606,202008056.html",2015-09-14 11:18:52,艹
1700手的大单是谁的？,"https://guba.eastmoney.com/news,603606,202074303.html",2015-09-14 14:13:01,麻烦老板你撤回去吧，别吓我嘛小散了，你挂着也没人吃得了，有意思吗？
东方电缆没庄家,"https://guba.eastmoney.com/news,603606,201586091.html",2015-09-11 09:51:22,从数据来看，现在这股票是处于无庄状态了，可以建仓，坐等新庄抬轿
没人竞价？我还以为停牌了,"https://guba.eastmoney.com/news,603606,201576614.html",2015-09-11 09:22:06,艹
看如何突破13.44元683单,"https://guba.eastmoney.com/news,603606,201606377.html",2015-09-11 10:37:05,看如何突破13.44元683单
搞毛啊？,"https://guba.eastmoney.com/news,603606,201576497.html",2015-09-11 09:21:53,搞毛啊？
停牌？,"https://guba.eastmoney.com/news,603606,201575640.html",2015-09-11 09:18:46,停牌？
4个亿的盘子，我已全仓，明年这个时候取钱,"https://guba.eastmoney.com/news,603606,201472915.html",2015-09-10 16:29:51,当存款啊。
险！！,"https://guba.eastmoney.com/news,603606,201272513.html",2015-09-09 20:14:08,险！！
没有最低只有更低,"https://guba.eastmoney.com/news,603606,201206175.html",2015-09-09 14:48:07,控盘好少啊！
37元的成本，天上人间。,"https://guba.eastmoney.com/news,603606,201100481.html",2015-09-09 09:24:33,37元的成本，天上人间。
603606:东方电缆关于股票交易异常波动公告,"https://guba.eastmoney.com/news,603606,200171693.html",2015-09-02 20:52:36,"公告日期：2015-09-03


证券代码：603606 证券简称：东方电缆 公告编号：2015-032

宁波东方电缆股份有限公司

关于股票交易异常波动公告

本公司董事会及全体董事保证本公告内容不存在任何虚假记载、误导性陈述或者重大遗漏，并对其内容的真实性、准确性和完整性承担个别及连带责任。

重要内容提示：

宁波东方电缆股份有限公司（以下简称“本公司”或“公司”）股票（股票简称：东方电缆 股票代码：603606）于2015年8月31日、9月1日、9月2日连续三个交易日内收盘价格跌幅偏离值累计超过20%，经公司自查，并向公司控股股东及实际控制人发函问询得知，确认不存在应披露而未披露的重大信息。

一、股票交易异常波动的具体情况

本公司股票于2015年8月31日、9月1日、9月2日连续三个交易日内收盘价格跌幅偏离值累计超过20%，根据《上海证券交易所交易规则》的有关规定，属于股票交易异常波动。

二、公司关注并核实的相关情况

1、经公司自查，公司目前生产经营活动正常，公司前期披露的信息不存在需要更正、补充之处；公司不存在影响公司股票交易价格异常波动的重大事宜。

2、经向公司控股股东及实际控制人函证确认，本公司、公司控股股东及实际控制人承诺不存在应披露而未披露的重大信息，包括但不限于重大资产重组、发行股份、上市公司收购、债务重组、业务重组、资产剥离和资产注入等重大事项。

三、不存在应披露而未披露的重大信息的声明

本公司董事会确认，根据《上海证券交易所股票上市规则》等有关规定，本公司目前不存在应披露而未披露的事项或与该事项有关的策划、商谈、意向、协议等，董事会也未获悉本公司有根据《上海证券交易所股票上市规则》等有关规定应披露而未披露的、对本公司股票及其衍生品种交易价格产生较大影响的信息。

四、上市公司认为必要的风险提示

有关公司信息以公司在上海证券交易所（www.sse.com.cn）和公司指定信息披露媒体的相关公告为准，敬请广大投资者理性投资，注意投资风险。

特此公告。

宁波东方电缆股份有限公司

董事会

二零一五年九月七日


[点击查看PDF原文]
提示：本网不保证其真实性和客观性，一切有关该股的有效信息，以交易所的公告为准，敬请投资者注意风险。"
给大家见个红吧,"https://guba.eastmoney.com/news,603606,199975047.html",2015-09-02 11:18:05,NND垃圾
这股真牛逼,"https://guba.eastmoney.com/news,603606,200075671.html",2015-09-02 15:02:51,"这股真牛逼,一天一个跌停.那不是在有十天就破产了."
618东方电缆基本面，技术面，主力的操盘手法都是上选，流通量也好，再好的股也要级别,"https://guba.eastmoney.com/news,603606,199945884.html",2015-09-02 10:27:20,这个票涨跌从不含糊，幅度喜欢，早盘或尾盘运作，股票池小盘股优选。
跌停天天有，涨停没见过,"https://guba.eastmoney.com/news,603606,198813716.html",2015-08-28 10:15:22,主力，你就不能拿出点气概拉个涨停给大家看看？[不赞]
12.61的大单是怎么个意思？,"https://guba.eastmoney.com/news,603606,198537505.html",2015-08-27 11:28:30,高手说下
者行情输到烫掉裤。跌跌跌，跌卖歇，跌存十个银我住来买。,"https://guba.eastmoney.com/news,603606,198278226.html",2015-08-26 16:21:30,者行情输到烫掉裤。跌跌跌，跌卖歇，跌存十个银我住来买。
拿好了,"https://guba.eastmoney.com/news,603606,198150231.html",2015-08-26 11:26:35,哪个烂手的还卖呢？傻呀！
603606:东方电缆关于控股股东完成增持公司股份的公告,"https://guba.eastmoney.com/news,603606,197652264.html",2015-08-25 00:23:17,"公告日期：2015-08-25


证券代码：603606 证券简称：东方电缆 公告编号：2015-031

宁波东方电缆股份有限公司

关于控股股东完成增持公司股份的公告

本公司董事会及全体董事保证本公告内容不存在任何虚假记载、误导性陈述或者重大遗漏，并对其内容的真实性、准确性和完整性承担个别及连带责任。

2015年8月24日，宁波东方电缆股份有限公司（以下简称“公司”）

接到控股股东宁波东方集团有限公司（以下简称“东方集团”）的通知，

东方集团通过上海证券交易所交易系统增持公司部分股份，现将有关

情况公告如下：

一、本次增持计划

2015年7月9日，公司发布《关于控股股东拟增持公司股份的公告》

（2015-024），宁波东方集团有限公司计划在未来六个月内（自2015年7

月9日起）通过上海证券交易所交易系统增持公司股份，计划累计增持

金额不低于人民币1,000万元。

二、本次增持情况

2015年8月24日，东方集团通过上海证券交易所交易系统增持了

公司股份304,900股，约占公司总股本的0.098%。本次增持前，东方

集团持有公司股份114,945,000股，约占公司总股本的36.963%。本次

增持完成后，东方集团持有公司股份115,249,900股，约占公司总股本

的37.061%（含限售股114,642,000股）。截至目前,本次增持计划已经

全部实施完毕，本次累计增持了607,900股，投入金额人民币

10,096,801.64元。

三、后续增持计划

根据市场情况的变化，公司控股股东不排除通过合理方式继续增

持公司股票的可能，本公司将根据相关法律法规的规定，持续关注控

股股东增持公司股份的相关情况，并依据相关规定及时履行信息披露

义务。

四、本次增持行为符合《证券法》、《上市公司收购管理办法》及

上海证券交易所业务规则等有关规定。

五、控股股东承诺在本次增持计划完成后的法定期限内不减持其

所持有的公司股份。

六、公司将根据《上海证券交易所股票上市规则》等相关规定，

持续关注公司控股股东增持公司股份的有关情况，及时履行信息披露

义务。

特此公告。

宁波东方电缆股份有限公司

董事会

二零一五年八月二十五日


[点击查看PDF原文]
提示：本网不保证其真实性和客观性，一切有关该股的有效信息，以交易所的公告为准，敬请投资者注意风险。
展开阅读全文"
无所作为,"https://guba.eastmoney.com/news,603606,197395818.html",2015-08-24 12:17:59,无所作为的请离开
跌如风，涨如松！,"https://guba.eastmoney.com/news,603606,197279817.html",2015-08-24 09:39:35,好股啊[不屑]
看看十大流通股股东和散户人数，不知道7.9号是怎样的。,"https://guba.eastmoney.com/news,603606,196611094.html",2015-08-20 20:43:11,看看十大流通股股东和散户人数，不知道7.9号是怎样的。
603606:东方电缆2015年半年报,"https://guba.eastmoney.com/news,603606,196553483.html",2015-08-20 17:17:31,"公告日期：2015-08-21
公司代码：603606 公司简称：东方电缆

宁波东方电缆股份有限公司

2015年半年度报告

二零一五年八月

重要提示

一、本公司董事会、监事会及董事、监事、高级管理人员保证半年度报告内容的真实、准确、完

整，不存在虚假记载、误导性陈述或重大遗漏，并承担个别和连带的法律责任。

二、未出席董事情况

未出席董事职务 未出席董事姓名 未出席董事的原因说明 被委托人姓名

董事 陈建中 因公出差 夏崇耀

独立董事 杨黎明 因公出差 杨华军

三、本半年度报告未经审计。

四、公司负责人夏崇耀、主管会计工作负责人柯军及会计机构负责人（会计主管人员）夏小瑜

声明：保证半年度报告中财务报告的真实、准确、完整。

五、经董事会审议的报告期利润分配预案或公积金转增股本预案

无

六、前瞻性陈述的风险声明

本报告涉及的未来计划等前瞻性陈述，不构成公司对投资者的实质性承诺，请投资者注意投资风

险。

七、是否存在被控股股东及其关联方非经营性占用资金情况

否

八、 是否存在违反规定决策程序对外提供担保的情况

否

九、 其他

无

目录

第一节 释义......4

第二节 公司简介......4

第三节 会计数据和财务指标摘要......6

第四节 董事会报告......8

第五节 重要事项......18

第六节 股份变动及股东情况......28

第七节 优先股相关情况......35

第八节 董事、监事、高级管理人员情况......35

第九节 财务报告......37

第十节 备查文件目录......125

第一节 释义

在本报告书中，除非文义另有所指，下列词语具有如下含义：

常用词语释义

证监会 指 中国证券监督管理委员会

上交所 指 上海证券交易所

东方集团、控股股东 指 宁波东方集团有限公司（公司控股股东）

东方电缆、本公司、公司 指 宁波东方电缆股份有限公司

股东大会 指 宁波东方电缆股份有限公司股东大会

海缆研究院 指 宁波海缆研究院工程有限公司（公司下属全

资子公司）

江西东方 指 江西东方电缆有限公司（公司下属全资子公

司）

东方道柯 指 宁波东方道柯海洋技术有限公司（公司下属

全资子公司）

华夏投资 指 宁波华夏科技投资有限公司（公司股东）

宁波工投 指 宁波市工业投资有限责任公司（公司股东）

金帆投资 指 宁波经济技术开发区金帆投资有限公司（公

司股东）

大永润投资 指 舟山市大永润投资有限公司（公司股东）

赣源投资 ……
[点击查看PDF原文]
提示：本网不保证其真实性和客观性，一切有关该股的有效信息，以交易所的公告为准，敬请投资者注意风险。
展开阅读全文"
603606:东方电缆关于公司2015年半年度募集资金存放与实际使用情况的公告,"https://guba.eastmoney.com/news,603606,196553071.html",2015-08-20 17:17:05,"公告日期：2015-08-21
证券代码：603606 证券简称：东方电缆 公告编号：2015-029

宁波东方电缆股份有限公司

关于公司2015年半年度募集资金存放

与实际使用情况的公告

本公司董事会及全体董事保证本公告内容不存在任何虚假记载、误导性陈述

或者重大遗漏，并对其内容的真实性、准确性和完整性承担个别及连带责任。

根据中国证监会《上市公司监管指引第2号-上市公司募集资金管理和使用的监管

要求》、《上海证券交易所上市公司募集资金管理办法（2013年修订）》和《宁波东方电

缆股份有限公司募集资金管理办法》的相关规定，现将宁波东方电缆股份有限公司（以

下简称“公司”或“本公司”）2015年上半年度募集资金存放与实际使用情况报告如下：

一、募集资金基本情况

(一)实际募集资金金额和资金到账时间

经中国证券监督管理委员会证监许可〔2014〕948号文核准，本公司由主承销商西

部证券股份有限公司（以下简称西部证券）采用网下向投资者询价配售与网上按市值申

购发行相结合的方式，向社会公众公开发行人民币普通股（A股）股票3,535万股（包

括新股发行3,135万股，老股转让400万股），发行价为每股人民币8.20元，新股共计

募集资金25,707.00万元，坐扣承销和保荐费用2,139.75万元（不含已预付的保荐费

用100.00万元）后的募集资金为23,567.25万元，已由主承销商西部证券于2014年9

月30日汇入本公司募集资金监管账户。另减除上网发行费、招股说明书印刷费、申报

会计师费、律师费等与发行权益性证券直接相关的新增外部费用1,372.71万元后，公

司本次募集资金净额为22,194.54万元。上述募集资金到位情况业经天健会计师事务所

（特殊普通合伙）验证，并由其出具《验资报告》（天健验〔2014〕212号）。

(二)募集资金使用和结余情况

本公司以前年度已使用募集资金173.79万元，以前年度收到的银行存款利息扣除

银行手续费等的净额为157.32万元；本报告期实际使用募集资金1,461.49万元，2015

年上半年使用闲置募集资金暂时补充流动资金尚未归还余额为6,000.00万元，及购买

理财产品未到期余额3,000.00万元。2015年上半年收到的银行存款利息扣除银行手续

费等的净额为89.22万元；累计已使用募集资金1,635.28万元，累计收到的银行存款

利息扣除银行手续费等的净额为246.54万元。

截至 2015年 6月 30 日，募集资金余额为11,805.81万元（包括累计收到的银行

存款利息扣除银行手续费等的净额），使用闲置募集资金暂时补充流动资金尚未归还余

额为6,000.00万元，购买理财产品未到期余额3,000.00万元。

二、募集资金管理情况

(一) 募集资金管理情况

为了规范募集资金的管理和使用，提高资金使用效率和效益，保护投资者权益，本

公司按照《中华人民共和国公司法》、《中华人民共和国证券法》、《上海证券交易所股票

上市规则》及《上海证券交易所上市公司募集资金管理办法(2013年修订)》等有关法律、

法规和规范性文件的规定，结合公司实际情况，制定了《宁波东方电缆股份有限公司募

集资金管理制度》（以下简称《管理制度》）。根据《管理制度》，本公司对募集资金实行

专户存储，在银行设立募集资金专户，并连同保荐机构西部证券于2014年9月26日分别

与中国建设银行股份有限公司宁波北仑支行、中国农业银行股份有限公司宁波金丰支行

签订了《募集资金三方监管协议》，明确了各方的权利和义务。三方监管协议与上海证

券交易所三方监管协议范本不存在重大差异，本公司在使用募集资金时已经严格遵照履

行。

(二) 募集资金专户存储情况

截至2015年6月30日，本公司有2个募集资金专户和3个定期存款账户，募集资

金存放情况如下：

单位：人民币元

开户银行 银行账号 募集资金余额 备注

中国建设银行

股份有限公司 3310198414605050……
[点击查看PDF原文]
提示：本网不保证其真实性和客观性，一切有关该股的有效信息，以交易所的公告为准，敬请投资者注意风险。
展开阅读全文"
603606:东方电缆第三届监事会第8次会议决议公告,"https://guba.eastmoney.com/news,603606,196553426.html",2015-08-20 17:17:28,"公告日期：2015-08-21
证券代码：603606 证券简称：东方电缆 公告编号：2015-030

宁波东方电缆股份有限公司

第三届监事会第8次会议决议公告

本公司监事会及全体监事保证本公告内容不存在任何虚假记载、误导性陈述或者重大遗漏，并对其内容的真实性、准确性和完整性承担个别及连带责任。

一、监事会会议召开情况

1、本次监事会会议的召开符合《公司法》与《公司章程》的规定；

2、本次监事会会议于2015年8月7日以电话及邮件方式向监事会全体监事发出第三届监事会第8次会议通知和材料；

3、本次监事会会议于2015年8月19日以现场会议方式在宁波东方电缆股份有限公司二楼会议室召开。

4、本次监事会应参加表决的监事3人，实际参与表决监事3人。

5、本次监事会会议由监事会主席项冠军先生主持，公司高级管理人员列席了会议。

经与会监事认真审议，会议以投票表决方式通过如下决议：

二、监事会会议审议情况

1、审议通过了公司《2015年半年度报告全文及摘要》；

表决结果：赞成3票，反对0票，弃权0票；

经审议，我们认为：公司2015年半年度报告全文及摘要的编制和审议程序符合法律、法规、公司章程和公司内部管理制度的各项规定；半年度报告的内容和格式符合中国证监会和上海证券交易所的各项规定，所包含的信息能从各个方面真实地反映出公司2015年半年度的经营状况、成果和财务状况；在提出本意见前，未发现参与年报编制和审议的人员有违反保密规定的行为。公司2015年半年度报告全文及摘要详见上海证券交易所网站www.sse.com.cn。

2、审议通过了《关于公司募集资金存放与实际使用情况专项报告的议案》；

表决结果：赞成3票，反对0票，弃权0票。

详见上海证券交易所网站www.sse.com.cn《关于公司2015年半年度募集资金存放与实际使用情况的公告》，报告编号：2015-029。

特此公告。

宁波东方电缆股份有限公司监事会

二零一五年八月二十一日


[点击查看PDF原文]
提示：本网不保证其真实性和客观性，一切有关该股的有效信息，以交易所的公告为准，敬请投资者注意风险。"
603606:东方电缆2015年半年报摘要,"https://guba.eastmoney.com/news,603606,196553094.html",2015-08-20 17:17:06,"公告日期：2015-08-21
公司代码：603606 公司简称：东方电缆

宁波东方电缆股份有限公司

2015年半年度报告摘要

一 重要提示

1.1本半年度报告摘要来自半年度报告全文，投资者欲了解详细内容，应当仔细阅读同时刊载于上海证券交易所网站等中国证监会指定网站上的半年度报告全文。

1.2公司简介

公司股票简况

股票种类 股票上市交易所 股票简称 股票代码 变更前股票简称

A股 上海证券交易所 东方电缆 603606

联系人和联系方式 董事会秘书 证券事务代表

姓名 乐君杰 江雪微

电话 0574-86188666 0574-86188666

传真 0574-86188666 0574-86188666

电子信箱 orient@orientcable.com orient@orientcable.com

二 主要财务数据和股东情况

2.1公司主要财务数据

单位：元 币种：人民币

本报告期末比上年度末

本报告期末 上年度末 增减(%)

总资产 1,733,581,359.49 1,644,552,581.15 5.41

归属于上市公司股 780,134,444.55 771,461,997.44 1.12

东的净资产

本报告期 本报告期比上年同期增

上年同期

（1-6月） 减(%)

经营活动产生的现 -242,518,305.77 38,064,393.60 -737.13

金流量净额

营业收入 869,609,730.64 678,039,979.69 28.25

归属于上市公司股 22,807,447.11 26,084,354.91 -12.56

东的净利润

归属于上市公司股 21,851,439.47 18,511,995.83 18.04

东的扣除非经常性

损益的净利润

加权平均净资产收 2.96 5.12 减少2.16个百分点

益率（%）

基本每股收益（元／ 0.13 0.11 18.18

股）

稀释每股收益（元／ 0.13 0.11 18.18

股）

2.2 截止报告期末的股东总数、前十名股东、前十名流通股东（或无限售条件股东）持股情况

表

……
[点击查看PDF原文]
提示：本网不保证其真实性和客观性，一切有关该股的有效信息，以交易所的公告为准，敬请投资者注意风险。
展开阅读全文"
603606:东方电缆第三届董事会第12次会议决议公告,"https://guba.eastmoney.com/news,603606,196553069.html",2015-08-20 17:17:05,"公告日期：2015-08-21
证券代码：603606 证券简称：东方电缆 公告编号：2015-028

宁波东方电缆股份有限公司

第三届董事会第12次会议决议公告

本公司董事会及全体董事保证本公告内容不存在任何虚假记载、误导性陈述或者重大遗漏，并对其内容的真实性、准确性和完整性承担个别及连带责任。

一、董事会会议召开情况

宁波东方电缆股份有限公司（以下简称“公司”）第三届董事会

第12次会议于2015年8月19日在公司会议室（宁波市北仑区江南东路

968号）召开，本次会议通知于2015年8月7日以书面和邮件方式送达

各位董事，会议由董事长夏崇耀先生主持。本次董事会应参加董事9

人，实际到现场参加会议董事7人，独立董事杨黎明先生因公出差，

委托独立董事杨华军先生代为行使表决权；董事陈建中先生因公出差，

委托董事夏崇耀先生行使表决权。本次董事会会议的召开符合《公司

法》与《公司章程》的规定。公司全体监事与高级管理人员列席了会

议。本次会议审议通过2项议案：

二、 董事会会议审议情况

1、 审议通过了2015年半年度报告全文及摘要；

表决结果：赞成9票，反对0票，弃权0票。

详见上交所网站www.sse.com.cn《2015年半年度报告全文》及

《2015年半年度报告摘要》。

2、审议通过了关于公司募集资金存放与实际使用情况专项报告的议

案；

表决结果：赞成9票，反对0票，弃权0票。

具体内容详见上海证券交易所网站www.sse.com.cn《关于公司

2015年半年度募集资金存放与使用情况的公告》，公告编号：2015-029。

特此公告。

宁波东方电缆股份有限公司董事会

二O一五年八月二十一日


[点击查看PDF原文]
提示：本网不保证其真实性和客观性，一切有关该股的有效信息，以交易所的公告为准，敬请投资者注意风险。
展开阅读全文"
永别了这个世界。,"https://guba.eastmoney.com/news,603606,178815892.html",2015-06-19 11:14:00,买了这只股，几百万就这样没了什么都没了
加了三成，静观[胜利],"https://guba.eastmoney.com/news,603606,195957809.html",2015-08-19 10:09:00,加了三成，静观
今日观望咯。焉知祸福[胜利],"https://guba.eastmoney.com/news,603606,194886321.html",2015-08-14 13:26:24,今日观望咯。焉知祸福
先抛了 有点恐高,"https://guba.eastmoney.com/news,603606,160024955.html",2015-04-22 10:12:04,主力不强
10月份大部分股份开始解禁，股票应该会拉到四十吧，,"https://guba.eastmoney.com/news,603606,194483992.html",2015-08-13 10:09:34,10月份大部分股份开始解禁，股票应该会拉到四十吧，
此公司的懂事胆挺大啊，有利好不发，即不让股票跌也不让涨，恶意控制，我看只能等股东,"https://guba.eastmoney.com/news,603606,194272340.html",2015-08-12 13:36:11,此公司的懂事胆挺大啊，有利好不发，即不让股票跌也不让涨，恶意控制，我看只能等股东的限售解禁后才能～自由～！
这种流通股少的股票公司分红时都特别多，不能套现时最好的拿钱办法，大家不要卖，等分,"https://guba.eastmoney.com/news,603606,194285656.html",2015-08-12 14:01:04,这种流通股少的股票公司分红时都特别多，不能套现时最好的拿钱办法，大家不要卖，等分红，什么时候股东解禁限售股后再卖！
中国为什么不让老百姓有钱，普通人买房子得用半辈子还钱，孩子上学花掉一少半，看病还,"https://guba.eastmoney.com/news,603606,194280110.html",2015-08-12 13:50:51,中国为什么不让老百姓有钱，普通人买房子得用半辈子还钱，孩子上学花掉一少半，看病还得花一半，投资买股票，能赔死你，变态！！！！
公司股东要增持股份，如果恶意打压股价，会不会被查？让它自然涨吧！,"https://guba.eastmoney.com/news,603606,194006167.html",2015-08-11 14:06:05,公司股东要增持股份，如果恶意打压股价，会不会被查？让它自然涨吧！
明天回调哥全收，然后锁仓半年,"https://guba.eastmoney.com/news,603606,193867955.html",2015-08-10 22:51:54,明天回调哥全收，然后锁仓半年
妈的，不下去了？[大笑][大笑][大笑],"https://guba.eastmoney.com/news,603606,193924764.html",2015-08-11 10:23:06,妈的，不下去了？
垃圾，又开始踩踏了[傲][傲][傲],"https://guba.eastmoney.com/news,603606,193907096.html",2015-08-11 09:47:12,垃圾，又开始踩踏了
星期一冲击涨停[赚大了][赞],"https://guba.eastmoney.com/news,603606,193501756.html",2015-08-08 16:01:08,星期一冲击涨停
2点钟跳水时间到,"https://guba.eastmoney.com/news,603606,193326430.html",2015-08-07 14:01:29,今天还跳不跳？
持续地量，大家都在观望，等待击穿政策底，才会有大的爬升。极速反弹，跌得更多。建议,"https://guba.eastmoney.com/news,603606,192843240.html",2015-08-05 19:37:34,持续地量，大家都在观望，等待击穿政策底，才会有大的爬升。极速反弹，跌得更多。建议轻仓操作，等待明显信号入场。
为什么没有停牌公告,"https://guba.eastmoney.com/news,603606,193219961.html",2015-08-07 09:30:16,没有停牌公告，好像不合规定
地量，等大盘稳收五日线。[胜利],"https://guba.eastmoney.com/news,603606,193043461.html",2015-08-06 14:06:15,地量，等大盘稳收五日线。
怎么个意思，横着走,"https://guba.eastmoney.com/news,603606,193017231.html",2015-08-06 13:14:24,又准备两点钟定生死？
操，不会玩，先走了,"https://guba.eastmoney.com/news,603606,192942626.html",2015-08-06 10:01:26,看不懂18.45先出来看看
今天能收到19不？,"https://guba.eastmoney.com/news,603606,192718375.html",2015-08-05 13:12:23,大家说说看谁靠谱
等啊等，等地量,"https://guba.eastmoney.com/news,603606,192741378.html",2015-08-05 14:04:41,成交量已经萎缩啦 ~ ~
跳水冠军吗？,"https://guba.eastmoney.com/news,603606,192695361.html",2015-08-05 11:25:58,没看两分钟居然跌绿了
这垃圾股，风雨不动安如山啊[怒],"https://guba.eastmoney.com/news,603606,192689555.html",2015-08-05 11:13:28,这垃圾股，风雨不动安如山啊
垃圾股，表现太平庸！高空总有抛售，都没票了哪来的打压！不打呀早上20了,"https://guba.eastmoney.com/news,603606,192669733.html",2015-08-05 10:33:55,垃圾股，表现太平庸！高空总有抛售，都没票了哪来的打压！不打呀早上20了
昨天突破19.22就是艳阳天了，加油啊,"https://guba.eastmoney.com/news,603606,192666574.html",2015-08-05 10:27:10,让东方电缆飞起来
初步估计第一步涨到25元以上,"https://guba.eastmoney.com/news,603606,192611486.html",2015-08-05 00:08:55,初步估计第一步涨到25元以上
603606:东方电缆关于媒体报道不实的澄清公告,"https://guba.eastmoney.com/news,603606,192544978.html",2015-08-04 18:21:33,"公告日期：2015-08-05


证券代码：603606 证券简称：东方电缆 公告编号：2015-027

宁波东方电缆股份有限公司

关于媒体报道不实的澄清公告

本公司董事会及全体董事保证本公告内容不存在任何虚假记载、误导性陈述或者重大遗漏，并对其内容的真实性、准确性和完整性承担个别及连带责任。

一、媒体报道简述

近日，我公司关注到有相关网站发表了一篇题为《浙江省质监局：

电线电缆产品不合格率为1.69%》的文章，文中写到“近期，浙江省质

量技术监督局组织开展全省电线电缆产品监督抽查。2015年第二季度，

电线电缆产品不合格率为1.69%。全省178家生产企业的178个批次产

品中，共有3批次不合格。不合格项目分别是标签检查、标志连续性、

绝缘老化前后抗张强度。不合格生产厂家含宁波东方电缆、浙江万马、

太平洋电缆等大型电缆企业。”

二、澄清声明

公司关注到上述报道后，立即向相关部门进行核实确认，现经确

定该文为不实报道，目前该网站已将此信息更正并致歉

（http://news.cableabc.com/domestic/20150804022529.html）。关

于此报道的实际情况请参阅浙江省质量技术监督局官网，具体链接为

http://www.zjbts.gov.cn/HTML/2015729/cctg/8397f4195aad49459c

5caf5cebf63ec4.html。

公司一直视产品质量为企业的生命线，以“提供畅通连接”为企

业使命，致力于为客户提供更加先进、优质可靠的电线电缆产品。

三、必要风险提示

公司提醒广大投资者：本公司指定的信息披露报纸为《中国证券

报》、《上海证券报》、《证券时报》、《证券日报》，法定的信息

披露网站为上海证券交易所网站（http://www.sse.com.cn），公司所

有公开披露的信息均以在上述指定的报刊和网站刊登的公告为准。公

司将严格按照有关法律法规的规定和要求，及时做好信息披露工作，

请广大投资者关注法定公告，注意投资风险。

特此公告。

宁波东方电缆股份有限公司

董事会

二零一五年八月五日


[点击查看PDF原文]
提示：本网不保证其真实性和客观性，一切有关该股的有效信息，以交易所的公告为准，敬请投资者注意风险。
展开阅读全文"
要个涨停可好[拜神],"https://guba.eastmoney.com/news,603606,192482027.html",2015-08-04 14:45:40,要个涨停可好
尾盘会涨停吗？,"https://guba.eastmoney.com/news,603606,192480002.html",2015-08-04 14:42:18,靠，没抓住
603606:东方电缆关于控股股东继续增持公司股份的进展情况公告,"https://guba.eastmoney.com/news,603606,192236659.html",2015-08-03 17:56:40,"公告日期：2015-08-04


证券代码：603606 证券简称：东方电缆 公告编号：2015-026

宁波东方电缆股份有限公司

关于控股股东继续增持公司股份的进展情况公告

本公司董事会及全体董事保证本公告内容不存在任何虚假记载、误导性陈述或者重大遗漏，并对其内容的真实性、准确性和完整性承担个别及连带责任。

2015年8月3日，宁波东方电缆股份有限公司（以下简称“公司”）接

到控股股东宁波东方集团有限公司（以下简称“东方集团”）的通知，东

方集团通过上海证券交易所交易系统增持公司部分股份，现将有关情

况公告如下：

一、本次增持情况

2015年8月3日，东方集团通过上海证券交易所交易系统增持了公

司股份200,000股，约占公司总股本的0.064%。本次增持前，东方集团

持有公司股份114,745,000股，约占公司总股本的36.899%（含限售股

114,642,000股）。本次增持完成后，东方集团持有公司股份114,945,000

股，约占公司总股本的36.963%。

二、后续增持计划

本次增持，是公司控股股东东方集团实施已披露增持计划后的第

二次增持，基于对公司未来发展前景的信心以及对公司价值的认可，

为促进公司持续、稳定、健康发展并维护公司股东利益，东方集团将

严格按照增持计划自2015年7月9日起六个月内，继续通过上海证券交

易所交易系统适时增持公司股份，累计增持金额不低于人民币1,000万

元，累计增持比例不超过公司已发行总股份的2%。公司具体增持计划

公告详见公司2015年7月9日发布的刊载于《中国证券报》、《上海证券

报》、《证券日报》、《证券时报》及上海证券交易所网站

http://www.sse.com.cn编号为2015-024的临时公告。

三、本次增持行为符合《证券法》、《上市公司收购管理办法》及

上海证券交易所业务规则等有关规定。

四、控股股东承诺在本次增持计划实施期间及本次增持计划完成

后的法定期限内不减持其所持有的公司股份。

五、公司将根据《上海证券交易所股票上市规则》等相关规定，

持续关注公司控股股东增持公司股份的有关情况，及时履行信息披露

义务。

特此公告。

宁波东方电缆股份有限公司

董事会

二零一五年八月四日


[点击查看PDF原文]
提示：本网不保证其真实性和客观性，一切有关该股的有效信息，以交易所的公告为准，敬请投资者注意风险。
展开阅读全文"
不急不急，现在macd还没有背离，等待。,"https://guba.eastmoney.com/news,603606,192354962.html",2015-08-04 09:45:20,不急不急，现在macd还没有背离，等待。
向大家认错         本人7月30日未按原则操作 听取所谓私募消,"https://guba.eastmoney.com/news,603606,192338158.html",2015-08-04 08:47:57,"向大家认错 本人7月30日未按原则操作 听取所谓私募消息买入20.5买入东方电缆3天亏损15% 认亏出局 总结原因 自己写的文章自己没有做到 贪心蒙蔽了理智 希望大家从我的亏损中吸取教训 引以为戒 读一遍 做一生 炒股终身不被套一篇好文章带来一生炒股好运—— 愿天下的股民健康幸福快乐 ——特别声明：本文所涉及股票操作，纯系作者为佐证《炒股发财就这么简单》文章中的个人观点。切勿盲目跟风，以免给你带来风险和损失。股市里好股票太多了，只要你认真学习“一篇好文章带来一生炒股好运”这篇文章并努力践行，相信好股票很快就会来找你了！一 当前操作空仓 注意风险安全第一留得青山在不怕没柴烧（不要太关心具体股票关键是好好学做文章的要求） 二 操作历史回顾如下 （博客里有具体操作记录）第一次 同洲电子获利 200%第二次 烯碳新材获利 100%第三次厦门国贸获利 50%第四次农业银行获利 30%第五次 大连港含融资利润合计获利 22%第六次 大连港含融资利润合计获利 10.238%第七次 海南航空含融资利润合计获利 28%第八次海南航空含融资利润 103.67% 第九次海南航空含融资利润 -1.8%第十次海南航空含融资利润 21.38%第十一次海南航空含融资利润 33.79%第十二次操作海南航空含融资-5% 第十三次操作南方航空获利17%第十四次操作南方航空-9% 桂东电力-1%、第十伍次操作汉缆股份获利10.8% 第十六次操作东方电缆非计划贪心操作亏损15%三 正文 （依照奉行 受益无穷）股市没有专家 只有赢家和输家 因为相信才看到是智者 因为看到才相信是芸芸众生 如果看到了还不相信应该是什么 思考一下 想做智者吗想当赢家吗 就看你做不做 不做有一千个理由做只要一个理 不想多说了 看《炒股发财就这么简单》吧 要想达到效果关键在持之以恒的做到文章的要求炒 股 发 财 就 这 么 简 单 引 文炒股票想赚钱，就一定要选好股；那么好股是怎样选到的呢？相信你一定能说出很多方法；但是我说的这个方法你应该没听过。那就是好股选好人，股票选人的方法。你可曾想过？来到这个世界上的每一个人，其实都在努力。婴儿呱呱坠地以后，本能的都想多吃一点奶水，可是偏偏就有要挨饿的；上学以后孩子们都努力想成为老师喜欢的好学生，然而被老师欣赏的又有几人；长大成人以后，谁又不是怀揣梦想渴望成功，但是成功者却廖若星辰。请问，你可曾想过其中的原因吗？在这里让我告诉并同你一起探讨验证其中的原因——即不是人选股，而是股选人；好股选好人 ,好人持好股；厚德载物这个亘古不变的规律和真理。具体方法就是按我写的博文“《炒股发财就这么简单》”说的去做。相信好股票很快就会来找你，当然钱也就来找你了！你可以试一试、品一品、做一做，反正对你也没有什么损失。你再看看我博客股票历史操作记录日志，算一算我从“《炒股发财就这么简单》”这篇文章里获得的巨额利润。事实摆在面前，如果你还不相信。那么财富就有可能会绕你而走了！具体文章如下：炒 股 发 财 就 这 么 简 单 正 文亲爱的朋友：在生活经历中，你和我可能有过相似的经历：赚过很多钱和拥有过很多财富。但是，不知道是什么原因，很快就花掉或亏掉这些钱和财富。百思不解，直到我看到下面的文章我才知道其中的原因。之后，就按文章说的调整了自己的生活状态。结果奇迹出现了，仅仅用了不到一年的时间我的生活就发生了微妙的变化：生意开始好转并稳步盈利；家人身体也不像以前那么易生病了；家庭关系也和睦了。在高兴之余，就想到可能还有很多和我一样经历的朋友还不知道这个方法。所以在这里。就把我的体会和亲身经历告诉大家，希望大家和我一样，能够早日走出阴霾，实现财富的增长、身体的健康、家庭的幸福，轻松快乐的生活。我看到的文章如下，仅供参考。大千世界、人海茫茫，为什么有人贫穷有人富有？为什么有人健康有人疾病？为什么有人幸福有人痛苦？你想知道其中的原因吗？回答无疑是肯定的。那么现在我就把其中最主要的原因告诉你！原因一、在生活中多数人，尤其是男人容易沾染邪淫，万恶淫为首。这个问题最泄男人的财气 ；对女人也是如此。原因二，在家庭风水五行学中妻子属水，水在风水中代表财。如果家里的男人有邪淫，妻子一定会烦恼不安，即家财不宁，家财不宁外财怎能进你的家门？所以男人，要尽早了断外面的邪淫，让外财能尽早入你的家的门。在生活中，怕老婆的家庭一般都很富裕，所谓怕，不是畏惧的意思，而是疼爱，珍惜，舍不得自己老婆受委屈；也就是不让自己的财受委屈。请注意你是否是这样怕老婆的男人。如果是，那么恭喜你。你的家庭一定是财源广进、富裕幸福或将要财源广进、富裕幸福家庭。原因三、既然女人为水，男人就应该是缸。海纳百川，有容乃大，男人有多大的肚量，家庭缸就能盛装多大财富，这样，妻子五行的财和外财才能有地方存放。所以，作为男人一定要有度量，不能斤斤计较。要喜舍和包容。喜舍和包容的人，在别人的眼里，就是财神。财神自然不会缺钱。原因四、在家庭风水五行里，夫妻还代表阴阳。夫妻和睦，则阴阳平衡。阴阳平衡，家中万事就兴；也就是常言说的家和万事兴。反之亦然。原因五、财富和健康的源头，还在于孝亲祭祖，也就是孝敬双重父母，不忘祖先的教诲。这样，你的健康和财富就有了根深蒂固、兴旺发达的基础。原因六、欺骗人、欺负人、刁难人、陷害人、算计人、抱怨人，怀疑人、嫉妒人、憎恨人、轻视人、贪心、偷窃、生气、害怕、杀生害命、践踏生灵。这样的人，身体会聚集大量的阴气。阴气聚集多了，人肯定会倒霉，发生破财和生病应该算是正常的事情了。[点击查看博客原文]"
向大家爆料,"https://guba.eastmoney.com/news,603606,192321664.html",2015-08-04 05:03:01,本人7月30日未按原则操作 听取所谓私募消息买入20.5买入东方电缆3天亏损15% 认亏出局 总结原因 自己写的文章自己没有做到 贪心蒙蔽了理智 希望大家从我的亏损中吸取教训 引以为戒 [点击查看博客原文]
持币观望。,"https://guba.eastmoney.com/news,603606,192178536.html",2015-08-03 14:59:12,持币观望。
603606:东方电缆关于控股股东增持公司股份的进展情况公告,"https://guba.eastmoney.com/news,603606,191026024.html",2015-07-29 17:17:48,"公告日期：2015-07-30


证券代码：603606 证券简称：东方电缆 公告编号：2015-025

宁波东方电缆股份有限公司

关于控股股东增持公司股份的进展情况公告

本公司董事会及全体董事保证本公告内容不存在任何虚假记载、误导性陈述或者重大遗漏，并对其内容的真实性、准确性和完整性承担个别及连带责任。

2015年7月29日，宁波东方电缆股份有限公司（以下简称“公司”）

接到控股股东宁波东方集团有限公司（以下简称“东方集团”）的通知，

东方集团通过上海证券交易所交易系统增持公司部分股份，现将有关

情况公告如下：

一、本次增持情况

2015年7月29日，东方集团通过上海证券交易所交易系统增持了公

司股份103,000股，约占公司总股本的0.033%。本次增持前，东方集团

持有公司股份114,642,000股，约占公司总股本的36.866%（含限售股

114,642,000股）。本次增持完成后，东方集团持有公司股份114,745,000

股，约占公司总股本的36.899%。

二、后续增持计划

本次增持，是公司控股股东东方集团实施已披露增持计划后的首

次增持，基于对公司未来发展前景的信心以及对公司价值的认可，为

促进公司持续、稳定、健康发展并维护公司股东利益，东方集团将严

格按照增持计划自2015年7月9日起六个月内，继续通过上海证券交易

所交易系统适时增持公司股份，累计增持金额不低于人民币1,000万元，

累计增持比例不超过公司已发行总股份的2%（含本次已增持股份）。公

司具体增持计划公告详见公司2015年7月9日发布的刊载于《中国证券

报》、《上海证券报》、《证券日报》、《证券时报》及上海证券交易所网

站http://www.sse.com.cn编号为2015-024的临时公告。

三、本次增持行为符合《证券法》、《上市公司收购管理办法》及

上海证券交易所业务规则等有关规定。

四、控股股东承诺在本次增持计划实施期间及本次增持计划完成

后的法定期限内不减持其所持有的公司股份。

五、公司将根据《上海证券交易所股票上市规则》等相关规定，

持续关注公司控股股东增持公司股份的有关情况，及时履行信息披露

义务。

特此公告。

宁波东方电缆股份有限公司

董事会

二零一五年七月三十日


[点击查看PDF原文]
提示：本网不保证其真实性和客观性，一切有关该股的有效信息，以交易所的公告为准，敬请投资者注意风险。
展开阅读全文"
收盘会有3个点的涨幅，大家拭目以待。不解释,"https://guba.eastmoney.com/news,603606,189691007.html",2015-07-24 13:53:44,收盘会有3个点的涨幅，大家拭目以待。不解释
老夫以为明天会涨5个点，不解释。大家拭目以待,"https://guba.eastmoney.com/news,603606,188115500.html",2015-07-20 18:27:12,老夫以为明天会涨5个点，不解释。大家拭目以待
让我们收入口袋，,"https://guba.eastmoney.com/news,603606,189289432.html",2015-07-23 13:32:11,让我们收入口袋，
本股东郑重承诺！,"https://guba.eastmoney.com/news,603606,188239194.html",2015-07-21 07:40:33,37元站岗到现在，不收复失地，决不罢休！
603606明日走势！,"https://guba.eastmoney.com/news,603606,189075352.html",2015-07-22 20:52:38,日线上，应该先冲高至30日均线后回踩震荡，等待30日均线走平！
啥子情况？大东方今天这么坚挺,"https://guba.eastmoney.com/news,603606,188890966.html",2015-07-22 14:12:52,有利好出来吗？
我站岗37元！,"https://guba.eastmoney.com/news,603606,188428170.html",2015-07-21 14:21:52,我在除权后涨起来的那天买的，37元，晕死！！你比我幸运！
"坑爹货,","https://guba.eastmoney.com/news,603606,186396054.html",2015-07-15 11:37:07,"坑爹货,我37.80的成本.我看你能给我跌到那?"
怎么回事？,"https://guba.eastmoney.com/news,603606,187872469.html",2015-07-20 10:36:59,10.15有一笔31822的大卖单，是怎么回事？有高手给解释一下吧？
砸停，拉倒！,"https://guba.eastmoney.com/news,603606,186373137.html",2015-07-15 10:56:17,都卖不了
这是要停了吗,"https://guba.eastmoney.com/news,603606,186363506.html",2015-07-15 10:39:11,要跌停了？
如果这种形势下，东方电缆二次封板，值得拥有,"https://guba.eastmoney.com/news,603606,173743564.html",2015-06-04 13:19:43,如果这种形势下，东方电缆二次封板，值得拥有
