标题,链接,发布时间,内容
中普达拟募资1.29亿元,"https://guba.eastmoney.com/news,603877,760147232.html",2018-05-14 03:55:25,中普达拟募资1.29亿元
横盘了……不痛不痒,"https://guba.eastmoney.com/news,603877,760594260.html",2018-05-16 01:49:31,横盘了……不痛不痒
000818:方大化工关注函,"https://guba.eastmoney.com/news,603877,760530645.html",2018-05-15 17:01:32,000818:方大化工关注函
今天大盘走势决定后期方向,"https://guba.eastmoney.com/news,603877,760530314.html",2018-05-15 17:00:04,今天大盘走势决定后期方向
沪指上涨2.72点。,"https://guba.eastmoney.com/news,603877,760522620.html",2018-05-15 16:22:06,沪指上涨2.72点。
7月27日国内四大证券报纸头版头条内容精华摘要,"https://guba.eastmoney.com/news,603877,760521640.html",2018-05-15 16:17:37,7月27日国内四大证券报纸头版头条内容精华摘要
同是上海股，市北高新涨停。,"https://guba.eastmoney.com/news,603877,760514882.html",2018-05-15 15:49:22,同是上海股，市北高新涨停。
不要接盘！回调26元以下！触底21.3元！立贴为证！,"https://guba.eastmoney.com/news,603877,760508586.html",2018-05-15 15:18:14,不要接盘！回调26元以下！触底21.3元！立贴为证！
不要接盘！回调26元以下！三只大阴线了！,"https://guba.eastmoney.com/news,603877,760508073.html",2018-05-15 15:16:04,不要接盘！回调26元以下！三只大阴线了！
不要接盘！回调26元以下！连续三天大阴线！,"https://guba.eastmoney.com/news,603877,760507826.html",2018-05-15 15:14:57,不要接盘！回调26元以下！连续三天大阴线！
回来看看，好像企稳了。,"https://guba.eastmoney.com/news,603877,760482704.html",2018-05-15 14:12:22,回来看看，好像企稳了。
2点五十偷一下顶。,"https://guba.eastmoney.com/news,603877,760448446.html",2018-05-15 11:54:33,2点五十偷一下顶。
进入+2行情是什么概念?附图主题是何意？,"https://guba.eastmoney.com/news,603877,760395417.html",2018-05-15 09:46:34,进入+2行情是什么概念?附图主题是何意？
就这行情，心里踏实多了。,"https://guba.eastmoney.com/news,603877,760389401.html",2018-05-15 09:33:30,就这行情，心里踏实多了。
继续下行！目标价格26元左右！大盘不好探底21.3元发行价！,"https://guba.eastmoney.com/news,603877,760384469.html",2018-05-15 09:17:59,继续下行！目标价格26元左右！大盘不好探底21.3元发行价！
等周末的公告。看陈环多少钱接,"https://guba.eastmoney.com/news,603877,760069695.html",2018-05-12 14:32:30,等周末的公告。看陈环多少钱接
一泻千里！回调到26元左右增持成本价！小心徐翔做空！,"https://guba.eastmoney.com/news,603877,759946344.html",2018-05-11 14:22:27,一泻千里！回调到26元左右增持成本价！小心徐翔做空！
太差了，看看珠海港r,"https://guba.eastmoney.com/news,603877,760359539.html",2018-05-15 03:20:24,太差了，看看珠海港r
这支股票，等涨了再买就迟了,"https://guba.eastmoney.com/news,603877,754590868.html",2018-04-12 18:31:16,爱司凯的压电喷墨打印头，国内还没有可以与之比肩的产品，今年5月爱司凯搭载自主研发喷头的3D打印机一旦亮相，肯定能涨停，现在不增持就晚了。
自从公司宣布配股以后，公司的走势弱势不堪，上,"https://guba.eastmoney.com/news,603877,760353127.html",2018-05-15 00:49:36,自从公司宣布配股以后，公司的走势弱势不堪，上
强烈要求！！！原始股不得减持，如要减持须按分红的1比1相应减持!!!,"https://guba.eastmoney.com/news,603877,760082582.html",2018-05-12 19:20:53,强烈要求！！！原始股不得减持，如要减持须按分红的1比1相应减持!!!
太平鸟02月08日获沪股通减仓5.71万股,"https://guba.eastmoney.com/news,603877,745937250.html",2018-02-09 08:02:19,"






























02月08日太平鸟沪股通持仓数据
收盘价：	27.32	涨跌幅：	1.22%
持股量：	8.02万股	持股变化：	-5.71万股





数据显示，截至02月08日太平鸟于沪股通持股量为8.02万股，占其A股股本比例为0.04%，比上一交易日减少5.71万股。据数据统计，该股近一个月内累计涨幅为10.38%，沪股通持仓累计变化比例为420.20%，近三个月内累计涨幅为-2.91%，沪股通持仓累计变化比例为27.50%。


数据来源:东方财富




"
主力一直在吃货,"https://guba.eastmoney.com/news,603877,760335863.html",2018-05-14 21:52:56,主力一直在吃货
我一开口说话就跌,"https://guba.eastmoney.com/news,603877,759773054.html",2018-05-10 19:03:45,我一开口说话就跌
太平鸟：2017年渠道建设成效显著 非常有信心完成2018年经营目标,"https://guba.eastmoney.com/news,603877,760268548.html",2018-05-14 14:46:22,"来源：证券时报
　　5月14日，太平鸟(603877)举行2017年年度股东大会。董事长张江平表示，2017年公司升级线下渠道，拥抱新零售，渠道建设成效显著，非常有信心完成2018年经营目标。
（来源：证券时报 2018-05-14 14:45）[点击查看原文]"
明天再跌几个点的话就买点吧、管他减不减持了,"https://guba.eastmoney.com/news,603877,760261267.html",2018-05-14 14:31:01,明天再跌几个点的话就买点吧、管他减不减持了
尾盘应该会搞点小动作的,"https://guba.eastmoney.com/news,603877,760259889.html",2018-05-14 14:27:28,尾盘应该会搞点小动作的
哥心脏不是很好、最后的库存也清了……,"https://guba.eastmoney.com/news,603877,760179549.html",2018-05-14 09:55:47,哥心脏不是很好、最后的库存也清了……
尾盘打板，冲！！！！。,"https://guba.eastmoney.com/news,603877,760172544.html",2018-05-14 09:40:41,尾盘打板，冲！！！！。
限价止赢交易指令：38.90元上下。,"https://guba.eastmoney.com/news,603877,760157753.html",2018-05-14 08:09:27,限价止赢交易指令：38.90元上下。
除了次新银行股，就数太平鸟最差了，没几天解禁了，这个价格你们股东也不划算啊，赶快,"https://guba.eastmoney.com/news,603877,738775809.html",2017-12-26 20:26:29,除了次新银行股，就数太平鸟最差了，没几天解禁了，这个价格你们股东也不划算啊，赶快拉吧，还能多赚一点
第一次到太平鸟的购物体验并不好，衣服款式好，但服务不行,"https://guba.eastmoney.com/news,603877,760146944.html",2018-05-14 03:45:29,第一次到太平鸟的购物体验并不好，衣服款式好，但服务不行
明天肯定要回调了,"https://guba.eastmoney.com/news,603877,759733256.html",2018-05-10 15:13:40,明天肯定要回调了
每天成交了2-3百万股，却要减持5000万股，想卖都卖不出，这只股半年内无戏，估,"https://guba.eastmoney.com/news,603877,760049820.html",2018-05-12 08:44:07,每天成交了2-3百万股，却要减持5000万股，想卖都卖不出，这只股半年内无戏，估计跌到25
今天尾盘收红，目测三个点,"https://guba.eastmoney.com/news,603877,760126002.html",2018-05-13 19:02:03,今天尾盘收红，目测三个点
软件应该有个拉黑股票的功能 ，把这样的股票拉黑永远不看它,"https://guba.eastmoney.com/news,603877,760106083.html",2018-05-13 10:42:29,软件应该有个拉黑股票的功能 ，把这样的股票拉黑永远不看它
明天惨了，希望别跌停！,"https://guba.eastmoney.com/news,603877,760104189.html",2018-05-13 09:56:11,明天惨了，希望别跌停！
603877:太平鸟关于增资入股宁波太平鸟巢艺术文化传播有限公司暨关联交易的公告,"https://guba.eastmoney.com/news,603877,743834456.html",2018-01-29 19:33:49,"公告日期：2018-01-30
证券代码：603877 证券简称：太平鸟 编号：2018-004



宁波太平鸟时尚服饰股份有限公司



关于增资入股宁波太平鸟巢艺术文化传播有限公司



暨关联交易的公告



本公司董事会及全体董事保证本公告内容不存在任何虚假记载、误导性陈述或者重大遗漏，并对其内容的真实性、准确性和完整性承担个别及连带责任。



重要内容提示：



宁波太平鸟时尚服饰股份有限公司（以下简称“公司”）拟以自有资金2,325



万元人民币增资入股宁波太平鸟巢艺术文化传播有限公司（以下简称“太平鸟巢”）；增资完成后，公司将持有太平鸟巢51%的股权。



由于控股股东太平鸟集团有限公司（以下简称“太平鸟集团”）持有太平鸟巢 100%股份，本次交易构成关联交易，关联董事张江平、张江波、刘军回避了表决。过去12个月内公司与同一关联人（实际控制人张江平、张江波）直接或间接控制的企业发生的关联交易金额累计共7,233万元（已按累计计算原则履行股东大会决策程序的交易，不纳入上述累计计算范围）。



本次交易对公司而言不构成《上市公司重大资产重组管理办法》中规定的重大资产重组。



一、关联交易概述



（一）本次交易的基本情况



为进一步完善品牌生态圈，抢占时尚家居市场先机，发挥品牌协同效应，结合公司经营发展规划，公司拟与太平鸟巢签署《增资入股协议》，以自有资金2,325万元人民币增资入股太平鸟巢；增资完成后，公司将持有太平鸟巢51%的股权。（二）关联关系



公司控股股东太平鸟集团有限公司（以下简称“太平鸟集团”）现持有太平鸟巢100%股权，公司实际控制人张江平先生、张江波先生间接持有太平鸟集团100%股权，公司董事刘军先生担任太平鸟集团高级管理人员。根据《上海证券交易所股票上市规则》等相关规定，本次交易构成关联交易。本次交易未构成《上市公司重大资产重组管理办法》规定的重大资产重组。



（三）本次交易的审议程序



本次关联交易事项已经公司第二届董事会第十五次会议审议通过，关联董事张江平、张江波、刘军均回避了表决。公司独立董事已发表了事前认可意见与独立意见，保荐机构出具了专项核查意见。根据《上海证券交易所股票上市规则》、《上海证券交易所上市公司关联交易实施指引》等相关规定，本次关联交易金额与过去12个月内公司与同一关联人（实际控制人张江平、张江波）直接或间接控制的企业发生的关联交易金额累计共9,558万元（已按累计计算原则履行股东大会决策程序的交易，不纳入上述累计计算范围），未达到上市公司最近一期经审计净资产绝对值5%以上，本次关联交易无需提交公司股东大会审议。



二、交易对方暨关联方介绍



（一）基本信息



企业名称：太平鸟集团有限公司



企业性质：有限责任公司（自然人投资或控股的法人独资）



成立时间：1995年7月28日



注册资本：15,870万元



公司住所：宁波市海曙环城西路南段776号3幢



法定代表人：张江平



实际控制人：张江平、张江波



主要业务：主要经营实业投资，是一家以服饰品牌的创意、设计和营销为产业核心，同时发展汽车商城、供应链管理、商业投资为一体的多元化企业集团。



近三年经营业务发展良好。



（二）与本公司的关联关系



太平鸟集团持有公司 47.69%股份，系公司控股股东。故本次交易构成关联



交易。



（三）最近一年主要财务指标



截至2017年9月30日，太平鸟集团资产总额为121.54亿元，资产净额为



30.69亿元；2017年前三季度营业收入为109.46亿元，净利润为1,942.68万元



（上述数据未经审计，太平鸟集团2017年度合并财务报表尚在编制中）。



三、关联交易标的基本情况



（一）交易标的：太平鸟巢51%的股权



1、太平鸟巢公司基本情况



公司名称：宁波太平鸟巢艺术文化传播有限公司



公司类型：有限责任公司（自然人投资或控股的法人独资）



成立时间：2011年8月9日



注册资本：4,200万元



法定代表人：楼甲子



公司住所：浙江省宁波高新区菁华路188号2幢152室



公司股东：太平鸟集团持有100%股权



主营业务：属于家居行业，主营……
[点击查看PDF原文]
提示：本网不保证其真实性和客观性，一切有关该股的有效信息，以交易所的公告为准，敬请投资者注意风险。
展开阅读全文"
军工里的垃圾股——航发动力,"https://guba.eastmoney.com/news,603877,760077382.html",2018-05-12 17:13:58,军工里的垃圾股——航发动力
从马云买下大润发超市的那一刻。。。京东的短板是服装，接下来服装行业有大戏,"https://guba.eastmoney.com/news,603877,744581480.html",2018-02-01 14:20:40,从马云买下大润发超市的那一刻。。。京东的短板是服装，接下来服装行业有大戏
太平鸟05月11日获沪股通减仓9.65万股,"https://guba.eastmoney.com/news,603877,760047427.html",2018-05-12 08:03:58,"






























05月11日太平鸟沪股通持仓数据
收盘价：	33.90	涨跌幅：	-2.42%
持股量：	146.98万股	持股变化：	-9.65万股





数据显示，截至05月11日太平鸟于沪股通持股量为146.98万股，占其A股股本比例为0.73%，比上一交易日减少9.65万股。据数据统计，该股近一个月内累计涨幅为9.82%，沪股通累计加仓140.58万，沪股通持仓累计变化比例为2197.47%，近三个月内累计涨幅为28.85%，沪股通累计加仓136.81万，沪股通持仓累计变化比例为1344.97%。


数据来源:东方财富




"
哈哈，老汉今晚可以喝点小酒了。,"https://guba.eastmoney.com/news,603877,743810901.html",2018-01-29 16:46:33,哈哈，老汉今晚可以喝点小酒了。
太平鸟03月12日资金揭秘,"https://guba.eastmoney.com/news,603877,748906727.html",2018-03-12 16:28:03,"





今日太平鸟主力净流入额达397.15万元，净占比6.78%，
其中超大单净流入额0.00元,净占比0.00%，
大单净流入额397.15万元，净占比6.78%。







































太平鸟资金流向数据

类型	流入(万元)	流出(万元)
超大	0.00	0.00
大单	1056.98	-659.83
中单	2565.83	-2523.59
小单	2234.59	-2673.99




资金解读





太平鸟收盘涨幅1.50%，
其中，成交最活跃的价格分别为31.82、31.85、31.83，成交密集的手数区间分布于30-50、100-150、50-70手，小单介入居多。











成交活跃统计


9:30-15:00成交均价31.28













































成交价格	主买累计成交量	主卖累计成交量	主买占比	主卖占比
31.82	7300	4200	0.39%	0.22%
31.85	500	0	0.03%	0.00%
31.83	500	0	0.03%	0.00%
31.84	300	0	0.02%	0.00%
31.81	300	0	0.02%	0.00%












































成交手数分布	主买累计成交量	主卖累计成交量	主买估算笔数	主卖估算笔数
30-50	87100	75488	1742	1510
100-150	45800	31300	305	209
50-70	51800	11700	740	167
150-200	32400	0	162	0
70-100	16800	7600	168	76




左右拖动表格，可查看剩余表格内容


行业个股资金流

























































纺织服装成分股主力净流入排行
序号	代码	名称	涨幅	主力净流入
1	600884	杉杉股份	6.04%	9876.02万
2	002486	嘉麟杰	9.96%	5281.10万
3	601599	鹿港文化	5.59%	3074.96万
4	600146	商赢环球	1.26%	2510.08万
5	002563	森马服饰	8.32%	1934.68万
13	603877	太平鸟	1.50%	397.15万


数据来源:东方财富






展开阅读全文"
不跑就完了,"https://guba.eastmoney.com/news,603877,760016273.html",2018-05-11 20:52:35,不跑就完了
上啊，安徽股真不行啊,"https://guba.eastmoney.com/news,603877,760016189.html",2018-05-11 20:51:30,上啊，安徽股真不行啊
太平鸟股东Proven拟清仓减持10.9%股份,"https://guba.eastmoney.com/news,603877,760011787.html",2018-05-11 20:11:13,"来源：中国证券网
　　太平鸟公告，持股占比10.9163%的公司股东Proven计划以大宗交易、集中竞价或协议转让的方式减持其所持有的股份。减持期间为5月17日-11月12日。
（来源：中国证券网 2018-05-11 20:10）[点击查看原文]"
不让发言？300亿去哪了？,"https://guba.eastmoney.com/news,603877,760009910.html",2018-05-11 19:55:00,不让发言？300亿去哪了？
散户选股应设定一个持股周期,"https://guba.eastmoney.com/news,603877,759992518.html",2018-05-11 17:22:31,散户选股应设定一个持股周期
回购增持频繁出现：品牌服装行业要回暖了吗？,"https://guba.eastmoney.com/news,603877,743665481.html",2018-01-29 10:01:45,"一叶落而知天下秋。若隐若现的信号显示：品牌服装行业回暖了。
在香港第二上市的优衣库母公司迅销日前发布2018财年一季度（2017/9/1-2017/11/30）财报，海外优衣库收益首次超越日本优衣库，大中华地区表现强劲。
2017年下半年以来，在港上市的男装品牌中国利郎以及佐丹奴国际持续回购股票，股价从底部开始进二退一式的抬升。
岁末年初，一些在A股上市的品牌服装企业控股股东也开始增持股票。
……
前有回购，后有迅销业绩报喜，中国品牌服装上市公司，尤其是A股，业绩有可能超预期吗？我们先来仔细读一读迅销的财报。
 “迅销:优衣库海外业务收益首次超越日本 大中华地区表现强劲” 
2018年1月12日，优衣库母公司迅销集团（6288.HK）发布2018财年一季度（2017/9/1-2017/11/30）财报，报告期间，收入同比增长16.7%至6170亿日元，归母净利润同比增长12.7%至785亿日元。
其中，日本UNIQLO，2018财年一季度收益为2570亿日元，同比增长7.6%；经营溢利为541亿日元，同比增长18.6%。同店销售净额（包括网络商店）同比增长8.4%。
海外UNIQLO，一季度收益为2582亿日元，同比增长31.4%；经营溢利为466亿日元，同比增长54.7%。
根据公告，这一季度海外UNIQLO收益首次超越日本UNIQLO，尤其是大中华地区、南韩以及东南亚和大洋洲区表现持续强劲。其中，大中华地区与南韩秋冬天气候较上一年来得寒冷，促使御寒效果衣物销售情况良好。
自2012年，整个服装行业消费疲软之后，迅销也曾在2014及2016财年，因品牌及门店减值，使净利润出现大幅下滑。
2016年底2017年初，在实体零售哀鸿遍野之际，优衣库门店数量逆市扩张。2017财年，优衣库在俄罗斯及法国开设了20家新门店；优衣库大中华区行政总裁也曾表示，预计未来将在内地每年增加100家分店。
2017财年，迅销业绩恢复增长，2018财年一季度再进一步。随着业绩提升，其股价也水涨船高。2017年9月8日以来，在香港发行的FAST RETAIL-DRS股价涨幅超过50%。
现在看来，当时的“逆势而为”其实是“顺势而为”。
 库存调整到位，中国服装类零售额增速回升 
由于早期粗犷式的扩张，加之2012年中国经济增速换挡，网络购物崛起，终端销售环境恶化，行业渠道库存积压，中国的服装行业进入寒冬。
行业不景气加上店铺销售效率下降、店铺成本高企，各品牌开始大规模收缩旗下店铺数量，开始漫长的库存去化周期。同时，竞争能力差的小服装产开始退出。
从相对简单的男装品牌行业来看，在最严寒的2014年，七匹狼终端渠道减少681家，中国利郎店铺数量减少376家，九牧王门店数量减少179家……
2012年至2016年6月30日，男装行业总库存同比增速分别为4.34%、-0.2%、1.44%、-2.35%和2.90%，呈现上下浮动的态势。行业存货量告别高增长趋势，整体保持平稳。2016年6月30日，行业存货达285亿元，已低于2011年的同期存货水平。
作为行业渠道库存的替代指标，行业应收账款有所改善，2015年同比下降1.42%，16年6月30日应收账款已接近11年同期水平，这反映了渠道库存趋于健康化。
经历近7年的行业调整，2017年下半年，服装行业终于迎来了一丝春风。
根据国家统计局数据，自2011年初以来，服装类零售额累计同比增速持续下滑，经历多年的行业调整以及去库存后，随着消费升级效应显现，2017年8月，服装类零售额累计同比增速超过上年同期，增速开始回升。
资本总是走在市场前面，在股价大幅下挫之后，一些公司已经开始回购股票。
 资本动作：中国利郎、佐丹奴国际持续回购股票 刺激股价回升 
2017年8月以来，在港上市的男装品牌中国利郎（1234.HK）五次回购公司股票，合计回购1191.9万股，回购金额约0.6亿元。以下为中国利郎回购数据统计：
另外，2018年初，中国利郎获股东增持。
港交所最新资料显示，2018年1月3日及8日，中国利郎获股东Value Partners Hong Kong Limited（惠理集团）增持89.7万股，增持后，该股东持股比例由4.98%升至6.03%。
持续性的回购股票以及股东增持刺激公司股价上扬。2017年8月17日以来，中国利郎股价震荡上行，上涨约四成。
同时，在港上市的另外一个服装品牌——佐丹奴国际（0709.HK）也在持续回购股票。以下为佐丹奴国际回购数据统计：
2017年下半年，佐丹奴国际合计回购了744.2万股，回购金额约0.27亿元。
在开始回购股票之后，佐丹奴国际的股价也有所上涨。2017年6月22日至2017年10月11日，其股价涨幅为21.41%，但随后其股价开始回落，目前股价略高于回购前的价格。
总体来看，在港股市场，不管是优衣库母公司迅销，还是中国利郎以及佐丹奴国际，股价均已进入上升通道。虽然从佐丹奴国际的走势来看，市场对于本土服装品牌的信心还不算高。
由此及彼，A股的品牌服装行业是否也有回暖的苗头？
 A股品牌服装困局：乱花渐欲迷人眼 
通过上文的分析，种种迹象表明中国服装行业出现了回暖迹象，借此我们希望从A股里找一些市场的信号。
先来看看，A股品牌服装上市公司的大致情况。
从估值来看，男装品牌中，摩登大道、希努尔以及报喜鸟动态市盈率还是负值，而女装以及休闲服饰品牌中的商赢环球以及美邦服饰动态市盈率高于80倍。由于盈利低迷，目前市盈率还不具有参考性。
从市净率来看，男装、女装以及休闲服饰的平均市净率为3.19倍。
从二级市场表现来看，近3月以来，绝大多数个股基本维持跌势。其中，还不乏2017年上市的次新股太平鸟、拉夏贝尔、安正时尚及日播时尚。
尽管股价低迷，但随着行业回暖，部分上市公司的控股股东开始增持股份。不过，问题在于逻辑不是灰常清晰。
例如，2017年1月登陆上交所的太平鸟，在经历新股上市短暂的上涨之后，股价开始持续下跌，2017年7月股价最低达到23.5元/股，距离破发仅有不到10%的下跌空间。
随后，在2017年8月，上市公司披露了关于实际控制人、控股股东及其全资子公司增持公司股份计划公告；2017年12月，太平鸟实际控制人、控股股东及其全资子公司累计增持公司股份193.38万股，占公司总股本的0.402%，累计增持金额5,078.62万元。
另外一只次新股——安正时尚与太平鸟遭遇相似。于2017年2月在上交所上市的安正时尚，股价短暂上涨之后，持续下滑，2017年12月最低达到21.97元/股，距离破发有不到25%的下跌空间。
2018年1月19日，安正时尚披露关于实际控制人增持股份计划进展公告：实际控制人郑安政先生累计增持公司股份440,756股，占公司总股本的0.15%，累计增持金额1,023.08万元。
另外，2017年12月，报喜鸟（002154.SZ）发布公告：公司第一大股东吴志泽之女吴婷婷累计增持公司股份12,632,858股，已达到公司总股本的1%。
除了控股股东的增持计划，服装行业里率先发布业绩预告的公司，也是业绩向好。但这些业绩回升的信号却不像优衣库那样让人放心。
2018年1月8日晚，太平鸟披露了2017年度业绩预增公告：公司业绩预计增加4,589万元左右，同比增加10.73%左右； 扣除非经常性损益事项后，业绩预计增加2,533万元左右，同比增加7.23%左右。
根据公告，公司本次业绩预增主要受主营业务增长影响。报告期内，公司营业收入较上年同期增长约15.4%，同时，报告期内公司通过加强过季存货处理力度，资产减值损失增长得到一定控制，全年减值计提增长3,320万左右。
2018年1月15日，男装品牌希努尔（002485.SZ）披露2017年度业绩预告修正公告：预计2017年度归属于上市公司股东的净利润为2,501.98万元–3,749.24万元，比上年同期增长235% - 402%。
根据公告，业绩修正原因为公司对外转让原全资子公司诸城市普兰尼奥男装有限公司100%股权和自有商铺对外出售影响。
总的来说，服装行业的确在回暖，但想在A股找到好公司不容易。乱花渐欲迷人眼，瘸子里面选将军难度不小。
本文作者：面包财经
免责声明：本文仅供信息分享，不构成对任何人的任何投资建议。    
展开阅读全文"
终于等到准备跌停了,"https://guba.eastmoney.com/news,603877,750354274.html",2018-03-22 11:05:38,终于等到准备跌停了
中报显示，社保和保险与我同时进去了，我傻但有,"https://guba.eastmoney.com/news,603877,759973086.html",2018-05-11 15:44:38,中报显示，社保和保险与我同时进去了，我傻但有
出的货模式再次开启,"https://guba.eastmoney.com/news,603877,759959119.html",2018-05-11 14:52:15,出的货模式再次开启
看来今天不是跌一、两个点那么筒单了……,"https://guba.eastmoney.com/news,603877,759925005.html",2018-05-11 13:25:20,看来今天不是跌一、两个点那么筒单了……
腾讯入股海澜之家，太平鸟阿里入股的可能性很大！,"https://guba.eastmoney.com/news,603877,744846185.html",2018-02-02 13:20:25,太平鸟董事长从考查海澜之家，到海澜之家和阿里合作新零售，目前腾讯入股海澜之家，太平鸟的遐想空间很大，目前太平鸟布局家居，18年还可能布局其他新品牌，坚决持有，看好爆发！
没有量，又处在高位，主力没法跑，大幅拉升又爬被别人收割。,"https://guba.eastmoney.com/news,603877,759911490.html",2018-05-11 12:11:54,没有量，又处在高位，主力没法跑，大幅拉升又爬被别人收割。焦灼中。观望。
整体业绩拐点向上，关注TOC模式推进,"https://guba.eastmoney.com/news,603877,759691870.html",2018-05-10 13:28:59,
玩不死你，还能当流氓吗？,"https://guba.eastmoney.com/news,603877,759817338.html",2018-05-11 03:05:36,玩不死你，还能当流氓吗？
新零售赋能！阿里目标！太平鸟！标的40元！,"https://guba.eastmoney.com/news,603877,747784177.html",2018-03-03 10:15:24,美国纽约时装周！阿里唯独在国内具有很大影响力和流量入口的两个品牌（太平鸟和李宁）！太平鸟店铺基数大2018年5000多家！顾客流量多！唯独太平鸟多年在阿里系双十一排行前几名！加上太平鸟品牌矩阵非常多！可想阿里和太平鸟的合作的深入度！以及阿里入股太平鸟的可能性！腾讯入股了海澜之家（海澜之家2017年收购广州英氏股份和入股UR）！太平鸟（太平鸟男装-太平鸟女装-乐町-MINIPEACE-MG-巢家居）以及2018年太平鸟目前洽谈收购国内和国外品牌的可能性！
也许想着未来的事情太遥远,"https://guba.eastmoney.com/news,603877,759183069.html",2018-05-08 02:00:16,也许想着未来的事情太遥远
这种鸟逼垃圾服装还百多亿，谁鸟逼你，自己吹逼玩，六十亿都是吹逼,"https://guba.eastmoney.com/news,603877,743876615.html",2018-01-30 07:33:19,这种鸟逼垃圾服装还百多亿，谁鸟逼你，自己吹逼玩，六十亿都是吹逼
到2023年才有牛市,"https://guba.eastmoney.com/news,603877,759808866.html",2018-05-11 00:03:21,到2023年才有牛市
涨一点都累死了。。。,"https://guba.eastmoney.com/news,603877,759793506.html",2018-05-10 21:36:58,涨一点都累死了。。。
有本事砸啊，装什么孙子,"https://guba.eastmoney.com/news,603877,753396939.html",2018-04-04 21:00:43,有本事砸啊，装什么孙子
用5000五股换取2.76亿股真的很值得,"https://guba.eastmoney.com/news,603877,744319464.html",2018-01-31 16:07:34,用5000五股换取2.76亿股真的很值得
半个小时成交一百万都不到,"https://guba.eastmoney.com/news,603877,742227593.html",2018-01-19 09:52:36,半个小时成交一百万都不到
太平鸟05月10日资金揭秘,"https://guba.eastmoney.com/news,603877,759750469.html",2018-05-10 16:34:38,"





今日太平鸟主力净流入额达-235.65万元，净占比-2.46%，
其中超大单净流入额208.40万元,净占比2.19%，
大单净流入额-444.06万元，净占比-4.67%。







































太平鸟资金流向数据

类型	流入(万元)	流出(万元)
超大	364.00	-155.60
大单	1130.01	-1574.07
中单	4194.23	-3590.55
小单	3830.21	-4198.24




资金解读





太平鸟收盘涨幅2.78%，
其中，成交最活跃的价格分别为35.49、35.46、35.45，成交密集的手数区间分布于70-100、100-150、150-200手，小单介入居多。











成交活跃统计


9:30-15:00成交均价34.71













































成交价格	主买累计成交量	主卖累计成交量	主买占比	主卖占比
35.49	2300	2700	0.08%	0.10%
35.46	400	3900	0.01%	0.14%
35.45	4200	0	0.15%	0.00%
35.48	1200	2600	0.04%	0.09%
35.50	3100	0	0.11%	0.00%












































成交手数分布	主买累计成交量	主卖累计成交量	主买估算笔数	主卖估算笔数
70-100	16200	45800	162	458
100-150	20000	30906	133	206
150-200	0	50146	0	251
300-500	0	38600	0	77
200-300	0	20194	0	67




左右拖动表格，可查看剩余表格内容


行业个股资金流

























































纺织服装成分股主力净流入排行
序号	代码	名称	涨幅	主力净流入
1	300591	万里马	5.04%	1080.72万
2	603157	拉夏贝尔	2.32%	825.97万
3	603238	诺邦股份	2.06%	807.81万
4	002486	嘉麟杰	3.33%	695.34万
5	002762	金发拉比	4.79%	592.36万
65	603877	太平鸟	2.78%	-235.65万


数据来源:东方财富






展开阅读全文"
业绩向好+美元持续走强利好出口，或有一波行情，关注。,"https://guba.eastmoney.com/news,603877,759742670.html",2018-05-10 16:02:38,业绩向好+美元持续走强利好出口，或有一波行情，关注。
稳指数重个股 成长股风口来到,"https://guba.eastmoney.com/news,603877,759735954.html",2018-05-10 15:27:15,稳指数重个股 成长股风口来到
怎么感觉遍地是黄金啊！,"https://guba.eastmoney.com/news,603877,759701670.html",2018-05-10 13:54:06,怎么感觉遍地是黄金啊！
上不去，都怪我买啥跌啥[哭],"https://guba.eastmoney.com/news,603877,759646665.html",2018-05-10 10:42:49,上不去，都怪我买啥跌啥
有谁中午排板买进的吗,"https://guba.eastmoney.com/news,603877,759042669.html",2018-05-07 11:09:20,有谁中午排板买进的吗
妈的。估计今晚有减持公告，现在有庄家急着出货,"https://guba.eastmoney.com/news,603877,741613952.html",2018-01-16 11:26:37,妈的。估计今晚有减持公告，现在有庄家急着出货
太平鸟03月09日资金揭秘,"https://guba.eastmoney.com/news,603877,748666761.html",2018-03-09 16:25:37,"





今日太平鸟主力净流入额达1075.44万元，净占比14.76%，
其中超大单净流入额339.18万元,净占比4.66%，
大单净流入额736.26万元，净占比10.11%。







































太平鸟资金流向数据

类型	流入(万元)	流出(万元)
超大	399.34	-60.16
大单	2510.67	-1774.41
中单	2632.84	-2528.50
小单	1741.33	-2921.11




资金解读





太平鸟收盘涨幅2.26%，
其中，成交最活跃的价格分别为31.12、31.18、31.16，成交密集的手数区间分布于70-100、50-70、100-150手，小单介入居多。











成交活跃统计


9:30-15:00成交均价30.49













































成交价格	主买累计成交量	主卖累计成交量	主买占比	主卖占比
31.12	200	5100	0.01%	0.21%
31.18	900	0	0.04%	0.00%
31.16	500	0	0.02%	0.00%
31.15	500	0	0.02%	0.00%
31.14	100	0	0.00%	0.00%












































成交手数分布	主买累计成交量	主卖累计成交量	主买估算笔数	主卖估算笔数
70-100	86279	122242	863	1222
50-70	59300	88200	847	1260
100-150	108800	31200	725	208
200-300	49000	0	163	0
150-200	33979	0	170	0




左右拖动表格，可查看剩余表格内容


行业个股资金流

























































纺织服装成分股主力净流入排行
序号	代码	名称	涨幅	主力净流入
1	600884	杉杉股份	4.38%	6657.57万
2	600146	商赢环球	5.49%	2936.76万
3	603889	新澳股份	1.48%	2266.05万
4	002674	兴业科技	7.17%	1388.93万
5	002293	罗莱生活	5.30%	1161.92万
6	603877	太平鸟	2.26%	1075.44万


数据来源:东方财富






展开阅读全文"
努力干吧,"https://guba.eastmoney.com/news,603877,748358645.html",2018-03-07 22:43:43,努力干吧
太平鸟05月09日资金揭秘,"https://guba.eastmoney.com/news,603877,759525085.html",2018-05-09 16:33:16,"





今日太平鸟主力净流入额达645.29万元，净占比4.56%，
其中超大单净流入额871.53万元,净占比6.18%，
大单净流入额-226.24万元，净占比-1.60%。







































太平鸟资金流向数据

类型	流入(万元)	流出(万元)
超大	1541.10	-669.57
大单	2513.72	-2739.95
中单	4509.62	-4825.57
小单	5536.05	-5865.40




资金解读





太平鸟收盘涨幅3.05%，
其中，成交最活跃的价格分别为34.49、34.47、34.45，成交密集的手数区间分布于700-1000、100-150、200-300手，中单介入居多。











成交活跃统计


9:30-15:00成交均价33.79













































成交价格	主买累计成交量	主卖累计成交量	主买占比	主卖占比
34.49	14000	59	0.34%	0.00%
34.47	10841	2700	0.26%	0.06%
34.45	11700	100	0.28%	0.00%
34.48	6682	1318	0.16%	0.03%
34.46	900	0	0.02%	0.00%












































成交手数分布	主买累计成交量	主卖累计成交量	主买估算笔数	主卖估算笔数
700-1000	164300	0	164	0
100-150	131757	21867	878	146
200-300	44100	0	147	0
300-500	31000	0	62	0
150-200	15000	0	75	0




左右拖动表格，可查看剩余表格内容


行业个股资金流


















































纺织服装成分股主力净流入排行
序号	代码	名称	涨幅	主力净流入
1	603365	水星家纺	4.29%	996.65万
2	002563	森马服饰	-0.93%	684.15万
3	603877	太平鸟	3.05%	645.29万
4	600146	商赢环球	0.18%	636.46万
5	002612	朗姿股份	2.65%	447.58万


数据来源:东方财富






展开阅读全文"
4.70有人卖的吗,"https://guba.eastmoney.com/news,603877,759520608.html",2018-05-09 16:13:07,4.70有人卖的吗
不卖不卖就不卖,"https://guba.eastmoney.com/news,603877,747707588.html",2018-03-02 13:40:18,不卖不卖就不卖
鸟成凤，欲火重生。,"https://guba.eastmoney.com/news,603877,759468623.html",2018-05-09 12:53:11,鸟成凤，欲火重生。
鸟成凤，展翅飞翔。,"https://guba.eastmoney.com/news,603877,759203917.html",2018-05-08 09:21:35,鸟成凤，展翅飞翔。
太平鸟05月08日获沪股通加仓1.03万股,"https://guba.eastmoney.com/news,603877,759400561.html",2018-05-09 08:03:37,"






























05月08日太平鸟沪股通持仓数据
收盘价：	32.80	涨跌幅：	4.53%
持股量：	164.93万股	持股变化：	1.03万股





数据显示，截至05月08日太平鸟于沪股通持股量为164.93万股，占其A股股本比例为0.82%，比上一交易日增加1.03万股。据数据统计，该股近一个月内累计涨幅为6.70%，沪股通累计加仓158.48万，沪股通持仓累计变化比例为2454.14%，近三个月内累计涨幅为20.06%，沪股通累计加仓156.91万，沪股通持仓累计变化比例为1956.56%。


数据来源:东方财富




"
套牢一年今天清仓！,"https://guba.eastmoney.com/news,603877,747755492.html",2018-03-02 18:49:33,88，哥不玩了，3万股29.99元清仓了！套牢LZ一年的太平鸟服装我不会买的！
石油下周涨停，开启翻倍之旅！漂亮50以后会,"https://guba.eastmoney.com/news,603877,759390314.html",2018-05-09 04:40:05,石油下周涨停，开启翻倍之旅！漂亮50以后会
垃圾中的战斗机，炒股这么多年，第一次见股性，走势，各方面全方位都垃圾的股票。,"https://guba.eastmoney.com/news,603877,742110440.html",2018-01-18 14:32:09,垃圾中的战斗机，炒股这么多年，第一次见股性，走势，各方面全方位都垃圾的股票。
太平鸟05月08日资金揭秘,"https://guba.eastmoney.com/news,603877,759330123.html",2018-05-08 16:32:53,"





今日太平鸟主力净流入额达971.83万元，净占比7.02%，
其中超大单净流入额1403.69万元,净占比10.17%，
大单净流入额-431.86万元，净占比-3.13%。







































太平鸟资金流向数据

类型	流入(万元)	流出(万元)
超大	1881.16	-477.47
大单	2387.63	-2819.48
中单	4413.03	-5016.00
小单	5118.77	-5487.62




资金解读





太平鸟收盘涨幅4.53%，
其中，成交最活跃的价格分别为34.52、34.50、34.51，成交密集的手数区间分布于200-300、150-200、70-100手，中单介入居多。











成交活跃统计


9:30-15:00成交均价33.13













































成交价格	主买累计成交量	主卖累计成交量	主买占比	主卖占比
34.52	147373	322227	3.54%	7.73%
34.50	38200	28200	0.92%	0.68%
34.51	43900	18400	1.05%	0.44%
34.49	16300	0	0.39%	0.00%
34.48	3500	0	0.08%	0.00%












































成交手数分布	主买累计成交量	主卖累计成交量	主买估算笔数	主卖估算笔数
200-300	119800	21927	399	73
150-200	65138	55800	326	279
70-100	40300	61957	403	620
100-150	53400	37973	356	253
300-500	0	64227	0	128




左右拖动表格，可查看剩余表格内容


行业个股资金流


















































纺织服装成分股主力净流入排行
序号	代码	名称	涨幅	主力净流入
1	000158	常山北明	10.01%	9347.17万
2	603839	安正时尚	1.16%	1047.07万
3	002762	金发拉比	6.18%	1016.20万
4	603877	太平鸟	4.53%	971.83万
5	002327	富安娜	1.58%	907.10万


数据来源:东方财富






展开阅读全文"
没买的赶快了，14.30主力要暴力拉升到十块零三,"https://guba.eastmoney.com/news,603877,759303437.html",2018-05-08 14:40:02,没买的赶快了，14.30主力要暴力拉升到十块零三
快点跌停吧,"https://guba.eastmoney.com/news,603877,759300410.html",2018-05-08 14:31:56,快点跌停吧
垃圾b,"https://guba.eastmoney.com/news,603877,759300225.html",2018-05-08 14:31:29,垃圾b
研报帮从库存角度分析纺织服装证明复苏可持续/4月陆股通买了啥/还有鸡会/计算机看云计算,"https://guba.eastmoney.com/news,603877,759271805.html",2018-05-08 13:12:55,"今日导读
  第一篇  行业：从库存角度分析纺织服装证明复苏可持续
  第二篇  行业：4月陆股通买了啥/还有鸡会/计算机看云计算
A股机构化趋势愈发明显，我们用专业的眼光挑选市场优秀的研报信息，阐述最核心逻辑，让您的投资做到知其所以然。每天进步一点点，让我们一起成长。
——边际投资
从库存周期分析得出目前纺服行业进入了补库存周期，一季度强劲的零售数据验证了需求与周期的共振。板块在2018年有望持续获得表现，回调积极介入。
第一篇   行业：长江&天风—从库存角度分析纺织服装证明复苏可持续
1、为什么需要从库存角度分析？
因为库存是纺服零售企业逃不掉的周期。具体而言提前备货（库存）解决了即时消费需求与生产周期之间的时间矛盾，在终端销售环境较好的情况下，剩余库存规模可控且可通过打折促销方式快速出清。一旦遇到销售环境恶化，则容易形成存货挤压，占用资金。所以通过通过库存分析可以知道行业目前现状是什么情况。
 
2、现在行业处于哪个周期？
纺织服装行业进入去库存末期，新的补库存周期叠加下游需求持续增加进一步推动行业复苏
回顾2003-2009以及2010-2016两大完整库存周期，每轮周期持续5-6年时间。其中有一个共性：产品价格见底往往先于存货见底，而库存高低是决定未来价格是否继续下跌的重要因素；在库存消化的后半段，当库存规模下降到一定程度价格将止跌回升，此后随着正常需求的恢复，库存也将在一定程度恢复。
 
对比购进额与销售额增速差数据，2017年我国纺织业/纺织服装、服饰业库存销售比分别为3.89%/4.63%，增速环比改善0.18pct/0.22pct，是2007年以来首次库存销售比环比恢复正增长的年份，验证下游服装需求向好的态势。
 
工业企业景气复苏支撑居民收入预期向好，低线城市消费升级或为未来3-5年主导服装消费支出增长的核心驱动力；服装消费总量稳增长叠加前期渠道库存消化较为彻底，自2017年开始的补库周期有望持续。
 
销售数据不断验证。18年1-3月，社会消费品零售总额90275亿，同比+9.8%。结构来看，服装鞋帽、针纺织品类同比+14.8%大幅增加；抛除节日影响，1-3月，服装鞋帽、针纺织品类同比+9.8%同样也有较大提升。
3、新的周期开始，我们选择哪些公司？
首选估值低，业绩稳健的龙头太平鸟、海澜之家、森马服饰
太平鸟：收入、净利率迎来向上拐点；渠道结构调整结束；品牌年轻化调整结束。
海澜之家：主品牌回暖趋势确立，线上翻倍增长线下稳步复苏。
森马服饰：童装、电商稳步增长，库存优化，18Q1业绩稳步回暖。
第二篇    行业：4月陆股通大举流入买了啥？/鸡不可失，还有鸡会/计算机景气主线看云计算
1、长江证券—4月陆港通大举流入买了啥
4月陆股通单月净流入386.5亿元，净流入规模创2017年以来单月流入规模新高。统计发现2018年4月净流入较高的行业有食品饮料（79.90亿元）、非银金融（34.42亿元）、建筑材料（26.79亿元）、电子（18.19亿元）等，前四大行业累计净流入159.30亿元。长江策略还认为4月的大幅流入除了A股目前估值较低外可能还与MSCI临近资金或可能借助陆股通渠道提前布局A股。
 
2、国君君安—鸡不可失，还有机会
价格最醒目的上涨在6月展开，这次的核心是商品代。核心逻辑换羽影响边际下降，祖代引种连续三年不足的影响即将体现，首先冲击的就是换羽能力的下降，新引进的祖代，父母代公鸡比例下调，换羽对公鸡繁殖性能影响，换羽导致鸡苗高成本但低售价将限制换羽增加供给的影响；资金链紧张限制扩产能力，12-17年行业表现较为低迷预期较高的17年再度出现大幅亏损更是让行业身心俱疲（现金流紧张，信心大降）在产父母代的下滑就是最直接的证明（核心指标全国在产父母代存栏自17年10月底以来连续下降，目前仅为1900万套左右，达到有数据以来新低）。股价低位，强烈推荐益生股份、民和股份。
3、海通证券—计算机景气主线看云计算
数据说话公有云2017年市场整体规模达到246.4亿元，同比增长44.86%。预计2020年市场规模有望达到604亿元，2018-2020三年复合增长率达到34.8%。私有云2017年中国私有云市场规模达到425.5亿元，同比增长23.4%。预计2020年市场规模将达到762.4亿元，3年复合增长率达到21.4%。国内云计算龙头阿里云2018年一季度营收43.85亿元，同比增长101%，季度营收连续12个季度同比翻倍。亚马逊AWS2017年净销售额达到了174亿美元，同比增长43%，2018年一季度销售额54.4亿美元，同比增长48.6%；回顾2017年年报数据，发现两个趋势，一是云收入放量，占营收比重提升，另一个是云收入增速持续高增长，与行业高速发展趋势吻合。重点推荐IDC：宝信软件；云基础设施：太极股份；硬件：中科曙光、浪潮信息、紫光股份、易华录；软件：用友网络、汉得信息；工具：网宿科技、启明星辰；应用：恒生电子、赢时胜、华宇软件。
 
郑重声明
本文所参考资料来自于网络公开信息，所涉及的公司及个股仅作为研究分析使用，文中的信息或所表达意见均不构成投资、法律、会计或税务的最终操作建议。请牢记投资有风险，风险且自担。
展开阅读全文"
不封板，不妥，感觉要卖了,"https://guba.eastmoney.com/news,603877,759265210.html",2018-05-08 12:32:10,不封板，不妥，感觉要卖了
哥几个速速撤出太平雀。换成300307,"https://guba.eastmoney.com/news,603877,759239983.html",2018-05-08 10:51:44,哥几个速速撤出太平雀。换成300307
这个股厉害,"https://guba.eastmoney.com/news,603877,759260999.html",2018-05-08 11:57:49,这个股厉害
鸟要飞了,"https://guba.eastmoney.com/news,603877,759239392.html",2018-05-08 10:50:11,鸟要飞了
太平鸟05月07日获沪股通减仓6977股,"https://guba.eastmoney.com/news,603877,759195047.html",2018-05-08 08:03:24,"






























05月07日太平鸟沪股通持仓数据
收盘价：	31.38	涨跌幅：	2.72%
持股量：	163.90万股	持股变化：	-6977股





数据显示，截至05月07日太平鸟于沪股通持股量为163.90万股，占其A股股本比例为0.82%，比上一交易日减少6977股。据数据统计，该股近一个月内累计涨幅为2.08%，沪股通累计加仓157.44万，沪股通持仓累计变化比例为2438.14%，近三个月内累计涨幅为16.27%，沪股通累计加仓150.17万，沪股通持仓累计变化比例为1093.75%。


数据来源:东方财富




"
老子被套5天了,"https://guba.eastmoney.com/news,603877,757832603.html",2018-04-27 22:43:08,老子被套5天了
太平鸟05月07日资金揭秘,"https://guba.eastmoney.com/news,603877,759124364.html",2018-05-07 16:31:54,"





今日太平鸟主力净流入额达634.29万元，净占比11.06%，
其中超大单净流入额254.55万元,净占比4.64%，
大单净流入额379.74万元，净占比6.92%。







































太平鸟资金流向数据

类型	流入(万元)	流出(万元)
超大	254.55	0.00
大单	1484.10	-1104.36
中单	1639.36	-2054.35
小单	2107.67	-2326.97




资金解读





太平鸟收盘涨幅2.72%，
其中，成交最活跃的价格分别为31.93、31.92、31.95，成交密集的手数区间分布于50-70、70-100、100-150手，小单介入居多。











成交活跃统计


9:30-15:00成交均价31.35













































成交价格	主买累计成交量	主卖累计成交量	主买占比	主卖占比
31.93	17600	5800	0.96%	0.32%
31.92	7200	15400	0.39%	0.84%
31.95	13200	0	0.72%	0.00%
31.94	7100	1400	0.39%	0.08%
31.96	300	0	0.02%	0.00%












































成交手数分布	主买累计成交量	主卖累计成交量	主买估算笔数	主卖估算笔数
50-70	69726	57800	996	826
70-100	51900	43239	519	432
100-150	57908	22072	386	147
200-300	21300	0	71	0
150-200	0	18100	0	91




左右拖动表格，可查看剩余表格内容


行业个股资金流


















































纺织服装成分股主力净流入排行
序号	代码	名称	涨幅	主力净流入
1	002563	森马服饰	2.67%	1376.34万
2	603808	歌力思	3.49%	919.79万
3	603839	安正时尚	4.58%	894.64万
4	603877	太平鸟	2.72%	634.29万
5	603238	诺邦股份	2.09%	631.68万


数据来源:东方财富






展开阅读全文"
没有资金进来投资，还是些融资客高卖低买，在捣,"https://guba.eastmoney.com/news,603877,759066572.html",2018-05-07 13:17:17,没有资金进来投资，还是些融资客高卖低买，在捣
喝茶看戏[大笑],"https://guba.eastmoney.com/news,603877,749422271.html",2018-03-15 14:52:21,喝茶看戏
这鸟不是好鸟，凤凰,"https://guba.eastmoney.com/news,603877,759051731.html",2018-05-07 11:34:52,这鸟不是好鸟，凤凰
603877:太平鸟:太平鸟集团及太平鸟巢财务报表,"https://guba.eastmoney.com/news,603877,743834641.html",2018-01-29 19:34:52,"公告日期：2018-01-30
603877:太平鸟:太平鸟集团及太平鸟巢财务报表


[点击查看PDF原文]
提示：本网不保证其真实性和客观性，一切有关该股的有效信息，以交易所的公告为准，敬请投资者注意风险。"
603877:太平鸟2018年第一次临时股东大会会议资料,"https://guba.eastmoney.com/news,603877,745450999.html",2018-02-06 15:50:55,"公告日期：2018-02-07
宁波太平鸟时尚服饰股份有限公司



2018 年第一次临时股东大会会议资料



2018年2月14日



目录



2018年第一次临时股东大会会议议程......2



会议须知......3



议案一 关于增加闲置自有资金现金管理投资范围的议案......4



宁波太平鸟时尚服饰股份有限公司



2018年第一次临时股东大会会议议程



一、现场会议时间：2018年2月14日（星期三） 14:30



网络投票时间：2018年2月14日（星期三）



采用上海证券交易所网络投票系统，通过交易系统投票平台的投票时间为股东大会召开当日的交易时间段，即9:15-9:25,9:30-11:30，13:00-15:00；通过互联网投票平台的投票时间为股东大会召开当日的9:15-15:00。



二、会议地点：宁波市海曙区环城西路南段826号公司会议室



三、表决方式：现场投票与网络投票相结合的表决方式



四、议程及安排：



1、股东及参会人员签到；



2、主持人宣布大会开始，介绍到会人员、会议注意事项及推举计票人、监票人；



3、宣读并逐项审议以下议案：



1）《关于增加闲置自有资金现金管理投资范围的议案》



4、现场投票表决及股东发言；



5、监票人宣布现场投票结果，中场休会待网络投票统计结果；



6、监票人宣布投票结果；



7、主持人宣读股东大会决议；



8、现场见证律师对本次股东大会发表见证意见；



9、主持人宣布本次股东大会结束。



会议须知



各位股东及股东代表：



为了维护投资者的合法权益，确保股东在本公司2018年第一次临时股东



大会期间依法行使权利，保证股东大会的正常秩序和议事效率，依据中国证券监督管理委员会《上市公司股东大会规则》等有关规定，制定如下有关规定：一、董事会在股东大会的召开过程中，应当以维护股东的合法权益，确保正常程序和议事效率为原则，认真履行法定职责。



二、参加公司2018年第一次临时股东大会的股东，依法享有发言权、表



决权等权利，不得侵犯其他股东合法权益、扰乱大会的正常秩序，共同维护好股东大会秩序。



三、股东（代表）在大会上有权发言和提问，有发言意向的股东（代表）报到时向工作人员登记，由主持人视会议的具体情况合理安排股东（代表）发言，并安排公司有关人员回答股东提出的问题，每位股东（代表）的发言请不要超过五分钟，发言内容应当与本次大会表决事项相关。



四、本次大会表决采用现场投票和网络投票相结合的表决方式。公司股东只能选择现场投票和网络投票中的一种表决方式。如同一股份通过现场和网络投票系统重复进行表决的，以第一次投票表决结果为准。



五、本次股东大会共审议1项议案，无特别决议事项。



六、会议议案详见本会议资料，议案附件详见公司披露在上海证券交易所网站及其他指定媒体的相关公告。



七、议案表决后，由监票人宣布投票结果，并由律师宣读法律意见书。



八、未经公司董事会同意，除公司工作人员外的任何人不得以任何方式进行摄像、录音、拍照。



九、本公司不向参加股东大会的股东发放礼品，不负责安排股东的食宿和接送等事宜，以平等对待所有股东。



议案一



关于增加闲置自有资金现金管理投资范围的议案



各位股东及股东代表：



根据宁波太平鸟时尚服饰股份有限公司（以下简称“公司”）的经营状况和资金筹划，为进一步提高闲置自有资金的使用效率和收益水平，在保证日常经营运作资金需求、有效控制投资风险的前提下，拟增加自有资金现金管理的投资范围，由投资保本型理财产品变更为投资安全性高、流动性好的理财产品，自有资金现金管理的额度保持8亿元不变，使用期限不超过12个月，在上述额度及决议有效期内，可循环滚动使用。具体情况如下：



一、本次增加闲置自有资金现金管理投资范围的情况



1、投资目的：提高公司及控股子公司自有资金的使用效率、增加公司收益。



2、投资额度：维持原有现金管理余额不超过人民币8亿元。



3、投资品种：具有合法经营资格的金融机构发行的低风险、流动性好、……
[点击查看PDF原文]
提示：本网不保证其真实性和客观性，一切有关该股的有效信息，以交易所的公告为准，敬请投资者注意风险。
展开阅读全文"
能摊低成本！,"https://guba.eastmoney.com/news,603877,759000838.html",2018-05-07 08:52:16,能摊低成本！
公司股价太差劲，严重影响了公司的品牌，希望公司需要有所作为,"https://guba.eastmoney.com/news,603877,741795409.html",2018-01-17 09:56:05,公司股价太差劲，严重影响了公司的品牌，希望公司需要有所作为
短线可以玩， 半仓就可以。,"https://guba.eastmoney.com/news,603877,758946635.html",2018-05-06 17:25:11,短线可以玩， 半仓就可以。
快走，拉高出货！！！！！,"https://guba.eastmoney.com/news,603877,740524562.html",2018-01-09 09:34:16,快走，拉高出货！！！！！
太平鸟05月02日资金揭秘,"https://guba.eastmoney.com/news,603877,758319809.html",2018-05-02 16:29:16,"





今日太平鸟主力净流入额达-300.33万元，净占比-5.69%，
其中超大单净流入额1.99万元,净占比0.04%，
大单净流入额-302.32万元，净占比-5.73%。







































太平鸟资金流向数据

类型	流入(万元)	流出(万元)
超大	1.99	0.00
大单	649.40	-951.72
中单	1709.14	-2031.06
小单	2916.03	-2293.78




资金解读





太平鸟收盘涨幅-1.84%，
其中，成交最活跃的价格分别为28.98、28.80、28.79，成交密集的手数区间分布于30-50、50-70、100-150手，小单介入居多。











成交活跃统计


9:30-15:00成交均价27.86













































成交价格	主买累计成交量	主卖累计成交量	主买占比	主卖占比
28.98	5000	0	0.26%	0.00%
28.80	100	1500	0.01%	0.08%
28.79	1100	500	0.06%	0.03%
28.78	1100	300	0.06%	0.02%
28.91	1100	0	0.06%	0.00%












































成交手数分布	主买累计成交量	主卖累计成交量	主买估算笔数	主卖估算笔数
30-50	83100	99219	1662	1984
50-70	54600	26700	780	381
100-150	22000	43100	147	287
70-100	24900	35100	249	351
300-500	30300	0	61	0




左右拖动表格，可查看剩余表格内容


行业个股资金流

























































纺织服装成分股主力净流入排行
序号	代码	名称	涨幅	主力净流入
1	600146	商赢环球	0.80%	3201.48万
2	600398	海澜之家	4.79%	941.46万
3	002003	伟星股份	2.32%	715.88万
4	603958	哈森股份	1.19%	499.69万
5	002485	希努尔	2.37%	451.64万
75	603877	太平鸟	-1.84%	-300.33万


数据来源:东方财富






展开阅读全文"
2017山东富豪榜洗牌：百亿富豪8位 张士平首富王,"https://guba.eastmoney.com/news,603877,758338060.html",2018-05-02 18:42:04,2017山东富豪榜洗牌：百亿富豪8位 张士平首富王
保守一点！逢高减仓，后期低位再接回来。,"https://guba.eastmoney.com/news,603877,758894354.html",2018-05-06 07:27:15,保守一点！逢高减仓，后期低位再接回来。
向全体股东每10股派人民币7元现金（含税）,"https://guba.eastmoney.com/news,603877,758854315.html",2018-05-05 16:43:05,向全体股东每10股派人民币7元现金（含税），还算一个良心企业。
没有高转送，哈哈，还好昨天卖出,"https://guba.eastmoney.com/news,603877,757158203.html",2018-04-25 14:44:49,没有高转送，哈哈，还好昨天卖出
太平鸟05月04日获沪股通加仓15.15万股,"https://guba.eastmoney.com/news,603877,758831332.html",2018-05-05 08:03:19,"






























05月04日太平鸟沪股通持仓数据
收盘价：	30.55	涨跌幅：	1.13%
持股量：	164.60万股	持股变化：	15.15万股





数据显示，截至05月04日太平鸟于沪股通持股量为164.60万股，占其A股股本比例为0.82%，比上一交易日增加15.15万股。据数据统计，该股近一个月内累计涨幅为-0.62%，沪股通累计加仓158.14万，沪股通持仓累计变化比例为2448.94%，近三个月内累计涨幅为10.33%，沪股通累计加仓160.67万，沪股通持仓累计变化比例为4086.43%。


数据来源:东方财富




"
量能太弱，主力加把劲,"https://guba.eastmoney.com/news,603877,744784385.html",2018-02-02 10:32:17,量能太弱，主力加把劲
10股派7块，为什么不送股呀,"https://guba.eastmoney.com/news,603877,758782460.html",2018-05-04 16:52:01,10股派7块，为什么不送股呀
太平鸟05月04日资金揭秘,"https://guba.eastmoney.com/news,603877,758778336.html",2018-05-04 16:30:25,"





今日太平鸟主力净流入额达-144.89万元，净占比-2.74%，
其中超大单净流入额79.05万元,净占比1.51%，
大单净流入额-223.94万元，净占比-4.28%。







































太平鸟资金流向数据

类型	流入(万元)	流出(万元)
超大	79.05	0.00
大单	621.08	-845.02
中单	1533.80	-1823.35
小单	2998.06	-2563.63




资金解读





太平鸟收盘涨幅1.13%，
其中，成交最活跃的价格分别为30.98、30.95、30.96，成交密集的手数区间分布于30-50、70-100、50-70手，小单介入居多。











成交活跃统计


9:30-15:00成交均价30.16













































成交价格	主买累计成交量	主卖累计成交量	主买占比	主卖占比
30.98	12202	11198	0.70%	0.65%
30.95	1900	3594	0.11%	0.21%
30.96	5100	100	0.29%	0.01%
30.97	800	2505	0.05%	0.14%
30.99	800	0	0.05%	0.00%












































成交手数分布	主买累计成交量	主卖累计成交量	主买估算笔数	主卖估算笔数
30-50	41743	45936	835	919
70-100	15250	34028	153	340
50-70	12100	29418	173	420
100-150	10000	11200	67	75
200-300	0	20100	0	67




左右拖动表格，可查看剩余表格内容


行业个股资金流

























































纺织服装成分股主力净流入排行
序号	代码	名称	涨幅	主力净流入
1	002327	富安娜	2.62%	940.44万
2	603839	安正时尚	-0.13%	712.80万
3	002154	报喜鸟	1.95%	674.24万
4	002875	安奈儿	2.88%	627.08万
5	002563	森马服饰	3.30%	562.08万
58	603877	太平鸟	1.13%	-144.89万


数据来源:东方财富






展开阅读全文"
今天临时停盘运气很好阿,"https://guba.eastmoney.com/news,603877,757471917.html",2018-04-26 15:47:45,今天临时停盘运气很好阿
已涨停6只。,"https://guba.eastmoney.com/news,603877,740602262.html",2018-01-09 14:07:30,太平鸟是第七只？
太平鸟05月03日获沪股通加仓19.70万股,"https://guba.eastmoney.com/news,603877,758643183.html",2018-05-04 08:03:08,"






























05月03日太平鸟沪股通持仓数据
收盘价：	30.21	涨跌幅：	9.14%
持股量：	149.45万股	持股变化：	19.70万股





数据显示，截至05月03日太平鸟于沪股通持股量为149.45万股，占其A股股本比例为0.75%，比上一交易日增加19.70万股。据数据统计，该股近一个月内累计涨幅为0.87%，沪股通累计加仓140.83万，沪股通持仓累计变化比例为1634.28%，近三个月内累计涨幅为9.10%，沪股通累计加仓145.52万，沪股通持仓累计变化比例为3701.20%。


数据来源:东方财富




"
什么鸟逼垃圾衣服，还吹逼一百多亿，什么破玩意，随你吹,"https://guba.eastmoney.com/news,603877,758599574.html",2018-05-03 23:31:02,什么鸟逼垃圾衣服，还吹逼一百多亿，什么破玩意，随你吹
应收帐款增加太多了,"https://guba.eastmoney.com/news,603877,758596539.html",2018-05-03 23:07:05,应收帐款增加太多了
老汉又可以吃酒了[大笑][大笑][大笑],"https://guba.eastmoney.com/news,603877,745197035.html",2018-02-05 15:42:29,老汉又可以吃酒了
下午拉不回去，此股要死一段时间。,"https://guba.eastmoney.com/news,603877,758235585.html",2018-05-02 11:05:17,下午拉不回去，此股要死一段时间。
哥几个，明天早上注意高跑减仓,"https://guba.eastmoney.com/news,603877,758573910.html",2018-05-03 20:21:23,哥几个，明天早上注意高跑减仓
赶快高抛进金股300471.300345[微笑],"https://guba.eastmoney.com/news,603877,758554801.html",2018-05-03 18:07:02,赶快高抛进金股300471.300345
朗姿股份，666,"https://guba.eastmoney.com/news,603877,758507789.html",2018-05-03 14:45:56,666
并称二期兑付日期为8月31日前。,"https://guba.eastmoney.com/news,603877,758500877.html",2018-05-03 14:29:37,并称二期兑付日期为8月31日前。
又是这招[大笑]一毛就想T??反正没票你随便[俏,"https://guba.eastmoney.com/news,603877,758494113.html",2018-05-03 14:13:36,又是这招一毛就想T??反正没票你随便[俏
拟溢价20%要约收购27.65%股份 哈哈,"https://guba.eastmoney.com/news,603877,757226965.html",2018-04-25 19:44:37,"【拟溢价要约收购27.65%股份太平鸟实控人看上宁波中百】宁波中百今日发布要约收购报告书摘要，宁波鹏渤拟向除汇力贸易、鹏源资管、张江平以外的上市公司全体股东发出部分要约，拟收购6202.19万股，占公司总股本的27.65%，要约收购价为12.77元/股，较公司停牌前价格10.57元/股溢价约20.81%。如要约收购顺利完成，则宁波鹏渤及其一致行动人将合计持有32%的宁波中百股份。（上海证券报）

看看两只股票的走势

太平鸟 的日线图

昨天此股反弹，日K线受阻于大线，今日的走势正常，跌幅大受到此消息的影响了。

太平鸟的月线图

一月份反弹至大线，2、3月的月K线继续被大线压制，目前的4月的K线走势正常。

月线的大线压制会让股价去考验前期的月线低点。

宁波中百今日受到此消息一字涨停，此股的月线的大线极限阻力在13.33，注意风险。



大线和小线的应用说明：大线是趋势转换的分界点，上升趋势中大线是调整波段的低点和再涨一波的起点，下跌趋势中大线是反弹波段的高点和再跌一波的起点，各个周期的大线作用一致。一、如在上升趋势中分为两大上升波段，小线是第一、二上涨波段中的调整低点。二、如在下跌趋势中分为两大下跌波段，小线是第一、二下跌波段中的反弹高点。注意：远离日K线处于大线下方的股票，最好选择日周月三个周期全部处于大线上方的股票。K线与大小线相接触必定出现反应，文中粗体字和图片是自己的观点，其它都是引述。
各个周期更详尽的走势图,欢迎回访财富号 http://caifuhao.eastmoney.com/cfh/126113"
太平鸟05月02日获沪股通加仓7.73万股,"https://guba.eastmoney.com/news,603877,758390438.html",2018-05-03 08:03:05,"






























05月02日太平鸟沪股通持仓数据
收盘价：	27.68	涨跌幅：	-1.84%
持股量：	129.75万股	持股变化：	7.73万股





数据显示，截至05月02日太平鸟于沪股通持股量为129.75万股，占其A股股本比例为0.65%，比上一交易日增加7.73万股。据数据统计，该股近一个月内累计涨幅为-8.04%，沪股通累计加仓119.84万，沪股通持仓累计变化比例为1209.61%，近三个月内累计涨幅为-0.04%，沪股通累计加仓125.82万，沪股通持仓累计变化比例为3200.08%。


数据来源:东方财富




"
太平鸟前4个月获政府补助7174万，这家宁波服饰企业凭啥这么拽？,"https://guba.eastmoney.com/news,603877,757720799.html",2018-04-27 13:17:36,"　　宁波太平鸟时尚服饰股份有限公司（以下简称“太平鸟”）4月26日发布公告称，公司及部分下属子公司、孙公司于2018年初至本公告日，陆续收到政府各类补助合计7174.990540万元，其中金额100万元及以上的政府补助明细如下：
　　除上述明细表中的补助外，公司及部分下属子公司还收到包括运营补助、大学生生活补助等小额补助资金共47笔，累计资金19,905.40元，均与收益相关。以上政府补助合计7174.990540万元，其中2947.990540万元计入公司2018年第一季度合并报表的当期损益中，4227万元计入公司2018年第二季度合并报表的当期损益中。　
　　太平鸟表示，上述政府补助均为与收益相关的补助，款项将计入各子公司、孙公司2018年度当期损益，预计将对公司2018年度合并报表的经营业绩（损益部分）产生一定的积极影响，
　　财报显示，太平鸟2012-2017年营业收入从25.7亿元增长为71.4亿元，CAGR22.7%，归属于母公司的净利润从1.00亿元增长至4.56亿元，CAGR为35.6%。其中，2016年开始太平鸟推进年轻化转型，2017年收入利润均恢复增长。
　　分品牌看，核心品牌Peacebird女装和男装为主要收入来源，2017年占公司营业总收入的比例分别为38.16%和35.82%；新兴品牌乐町收入占比为13.48%，童装收入贡献从2013年的0.65%增加至2017年的10.08%。盈利方面，2017年太平鸟品牌系列毛利率水平均高于50%，乐町定位大众时尚、毛利率为43.70%。
　　公开资料显示，太平鸟以PEACEBIRD女装和男装为基础，实施包含新兴品牌（乐町女装、MiniPeace童装）和初创品牌（MATERIALGIRL、AMAZINGPEACE、太平鸟巢）在内的梯度发展战略，打造了风格定位错落有致的多品牌矩阵，2013-2016年太平鸟营收复合增速超过18%。
　　从渠道规模来看，太平鸟渠道结构良好，新兴渠道销售占比达到48%。2017年公司购物中心门店达到1386家，实现零售额28.68亿元（+16.16%），占比达到27.56%（+2.6pct）；得益于O2O的打通和智慧门店的落地，公司线上电商实现较高速增长，2017年全年实现零售额21.66亿元（+35.57%），占比达到20.7%（4.55pct）。
　　另外，截止2017年年末，太平鸟全品牌有效会员总数超过1406万人，与上年同期相比增长38.15%，贡献零售额39.69亿元，与上年同期相比增长35.9%，占比达到37.81%，其中活跃有效会员超124万人，与上年同期相比增长30.95%，贡献零售额24.49亿元，与上年同期相比增长36.22%），占总零售额比例23.39%，与上年同期相比增长4.67pct。
　　业内人士表示，随着千禧一代逐渐成为时装消费主力，新一代的消费人群的需求呈现个性化趋势。在消费升级的浪潮下，跟随时代潮流对产品进行变革成为了大众服饰企业的一大课题。定位大众时尚的太平鸟以积极心态面对市场变化，率先做出了产品年轻化变革。公司之所以成为大众服饰品牌中年轻化改革并获取成效的先行者，背后的原因在于公司敢于自我革新的企业文化、充分放权的事业部设臵以及对设计团队的培养。












　　长江证券分析师雷玉认为，伴随着客户群年龄增长，“紧抓流行趋势满足定位的年轻客群”还是“保持既定风格追随成熟客群”是品牌成长过程中终要面对的问题。而面对千禧一代消费者的不同潮流需求，太平鸟选择了前者，通过重新定义产品风格、满足核心25-30岁客群的潮流着装需求。产品风格短期大幅调整无疑会加大研发企划风险，但确是永葆品牌活力的根本。正是在这样的战略布局和风格定位下，太平鸟才能够从本土大众品牌中脱颖而出，得以进驻年轻人群聚集的购物中心，并随新兴渠道拓展不断提升其在年轻时尚人群中的影响力。（第一纺织网　martin）
展开阅读全文"
晚评,"https://guba.eastmoney.com/news,603877,757222889.html",2018-04-25 19:24:02,"今日沪指低开，维持在3100点上方窄幅震荡运行。创业板指相对较强，题材股等轮番表现。全天，沪股通净流入10.7亿元，深股通净流入4.07亿元。

虽然有外围市场的影响，今天的调整也主要是在昨天大涨过后的震荡行情，昨天的文章已经有所提醒了，属于比较正常走势，无需太过担心。"
中百已公告了，这里还要澄清什么？,"https://guba.eastmoney.com/news,603877,757544655.html",2018-04-26 20:58:47,中百已公告了，这里还要澄清什么？
昨天的大绿棒，表面下跌通道已开启 业绩不急预期，利润率太低 停牌，也跑不了后期的,"https://guba.eastmoney.com/news,603877,757562936.html",2018-04-26 22:33:50,昨天的大绿棒，表面下跌通道已开启 业绩不急预期，利润率太低 停牌，也跑不了后期的急跌阴跌
可能是为4.27号的公告做准备……,"https://guba.eastmoney.com/news,603877,757159577.html",2018-04-25 14:48:03,可能是为4.27号的公告做准备……
静待产品批量上市,"https://guba.eastmoney.com/news,603877,758348612.html",2018-05-02 20:13:43,静待产品批量上市
卖了卖了， 耗不起,"https://guba.eastmoney.com/news,603877,758344097.html",2018-05-02 19:38:20,卖了卖了， 耗不起
方大化工03月10日资金揭秘,"https://guba.eastmoney.com/news,603877,757303919.html",2018-04-26 06:37:14,方大化工03月10日资金揭秘
关于众筹收购太平鸟的发起公告,"https://guba.eastmoney.com/news,603877,757323548.html",2018-04-26 09:11:18,本人发起众筹6000万股太平鸟。每人至少投1万股，投10万股以上可提名担任公司副董事长、或提名聘为兼职副总经理。请各位跟贴报名。
怎么停牌了？,"https://guba.eastmoney.com/news,603877,757324550.html",2018-04-26 09:16:37,怎么停牌了？
还好昨天就跑了！这是奔着跌停去啊……,"https://guba.eastmoney.com/news,603877,757158694.html",2018-04-25 14:46:00,还好昨天就跑了！这是奔着跌停去啊……
18Q1扣非净利翻倍，澄清负面消息，调整带来配置机会,"https://guba.eastmoney.com/news,603877,758223341.html",2018-05-02 10:36:19,
买入好时机，大胆重仓干,"https://guba.eastmoney.com/news,603877,757585366.html",2018-04-27 01:35:41,买入好时机，大胆重仓干
快点跌停我好买进,"https://guba.eastmoney.com/news,603877,757158682.html",2018-04-25 14:46:00,快点跌停我好买进
放量破位,"https://guba.eastmoney.com/news,603877,757157589.html",2018-04-25 14:43:17,跑就一个字
哪位大神帮忙介绍一下解禁股的成本价多少？谢谢！,"https://guba.eastmoney.com/news,603877,739706273.html",2018-01-03 08:37:55,哪位大神帮忙介绍一下解禁股的成本价多少？谢谢！
主品牌迎来复苏，业绩有望快速增长,"https://guba.eastmoney.com/news,603877,1379767489.html",2018-05-02 00:00:00,
把交易费赚了走了，跌尼玛那么多真是神伤[摊手],"https://guba.eastmoney.com/news,603877,756816503.html",2018-04-24 10:22:12,把交易费赚了走了，跌尼玛那么多真是神伤
这个小贼庄简直坑人,"https://guba.eastmoney.com/news,603877,757187508.html",2018-04-25 16:34:06,这个小贼庄简直坑人
603877,"https://guba.eastmoney.com/news,603877,743001285.html",2018-01-24 13:30:23,002315焦点科技可能会成为股王！在25·5元以下分批一点一点进入！先超过31元以上！也可能会涨3倍以上！也可能更高！100股贵州茅台80000元贵州茅台100股去年分红可能640元左右！贵州茅台100股卖掉买进了002315焦点科技3800股，焦点科技去年100股分红可能3800元左右同时享受股价增值带来的收益！拿住002315焦点科技股王10年后可能养老钱也有了，也可能就财务自由了啊！价值投资加波段操作！后面可能会送转股预期！哈哈！买到就是赚到！准备拿10年就当存银行好啦！茅台我已经空仓！卖空高估值买进低估值的002315焦点科技！不做接盘侠！茅台卖的是酒又不是水黄金！喝酒能强国吗？显然有点怀疑！科技能强国吗！显然值得期待！国家反贪污力度的强大！国家加强监管力度非常强！显然是要把股市建设的制度更完善！更先进！建设成与国际接轨的资本市场接轨的股市！国家才会更强大！期待吧！一个强大的国家正在崛起！一个与国际资本市场接轨的资本市场正在扑面而来！个人观点！仅供参考！风险自担！
3月9日大解禁——彻底完啦！,"https://guba.eastmoney.com/news,603877,758053216.html",2018-05-01 05:07:25,3月9日大解禁——彻底完啦！
炒新股！炒新股！,"https://guba.eastmoney.com/news,603877,757234443.html",2018-04-25 20:24:27,"最近看中这个603876鼎胜新材，锂电池材料中的独角兽，感念股吧！每天挂500股！希望能买到
电池电极用铝箔作为锂电池正极集电体,市场空间十分广阔,鼎胜新材率先切入锂电池铝箔领域,目前已快速发展成为国内锂电池用铝箔龙头企业。
鼎胜新材电池箔客户涵盖了国内主要的储能和动力电池生产厂商,具体包括比亚迪集团、深圳市沃特玛电池有限公司、CATL集团、ATL集团、合肥国轩高科动力能源有限公司、银隆新能源股份有限公司以及微宏动力系统(湖州)有限公司等。
这个论坛里气氛不错！要是能抢到一签就发了"
跌是必然，41等你……k,"https://guba.eastmoney.com/news,603877,745015407.html",2018-02-04 00:33:21,跌是必然，41等你……
哈哈哈,"https://guba.eastmoney.com/news,603877,757174649.html",2018-04-25 15:44:47,哈哈哈
这鸟不是个好鸟，而是凤凰欲火重生[赞],"https://guba.eastmoney.com/news,603877,757912134.html",2018-04-28 20:12:38,这鸟不是个好鸟，而是凤凰欲火重生
哈哈老子跌停满仓稳赚发财了稳赚,"https://guba.eastmoney.com/news,603877,757158908.html",2018-04-25 14:46:28,哈哈老子跌停满仓稳赚发财了稳赚
好下作的操作[亏大了][亏大了],"https://guba.eastmoney.com/news,603877,757158526.html",2018-04-25 14:45:40,好下作的操作
厉害,"https://guba.eastmoney.com/news,603877,757648332.html",2018-04-27 09:48:53,厉害
吃错药了吧,"https://guba.eastmoney.com/news,603877,757158011.html",2018-04-25 14:44:22,吃错药了吧
2018年一季报点评：核心品牌保持稳增 线下保持扩张 业绩略超预期,"https://guba.eastmoney.com/news,603877,757789008.html",2018-04-27 17:15:28,
今天能红盘算我输[不屑],"https://guba.eastmoney.com/news,603877,757634477.html",2018-04-27 09:19:51,今天能红盘算我输[不屑]
女装男装回暖，线上持续增长， 轻装上阵有望继续稳步增长,"https://guba.eastmoney.com/news,603877,757738293.html",2018-04-27 14:05:28,
太平鸟进太平  间了，鸟是死鸟,"https://guba.eastmoney.com/news,603877,739960368.html",2018-01-04 11:52:13,太平鸟进太平 间了，鸟是死鸟
