标题,链接,发布时间,内容
请问贵公司当时发行的时候博奥生物以5项专利入股请问具体是哪5项，能简单说明下么,"https://guba.eastmoney.com/news,688321,1116690415.html",2021-12-08 16:04:27,"请问贵公司当时发行的时候博奥生物以5项专利入股请问具体是哪5项，能简单说明下么
微芯生物
微芯生物：尊敬的投资者，您好！博奥生物所投入5项专有技术涉及的专利为集成式微阵列装置、微流体系统中实体分子的操纵方法及相关试剂盒、用核酸酶解活性和杂交技术鉴别核酸分子的方法和组合物、芯片上分离实体分子的方法和所需器件和试剂、利用声场力和其它作用力对微粒进行场流分离的装置和方法。感谢您的关注。
(来自上证e互动)答复时间 2021-12-08 16:04:27"
你好，请问免疫疗法在中国发展趋势如何？对公司影响如何？,"https://guba.eastmoney.com/news,688321,1116690418.html",2021-12-08 16:03:27,"你好，请问免疫疗法在中国发展趋势如何？对公司影响如何？
微芯生物
微芯生物：尊敬的投资者，您好！免疫疗法作为新的治疗手段会促进包括中国在内的全球相关疾病临床治疗的提升，公司的西达本胺就具有典型的激活免疫治疗的机制特征，同时公司也在持续关注和投入这一领域，感谢您的关注。
(来自上证e互动)答复时间 2021-12-08 16:03:27"
危险生物相约16。我和你16有个约会。看好你，等着你。,"https://guba.eastmoney.com/news,688321,1116683679.html",2021-12-08 15:48:18,危险生物相约16。我和你16有个约会。看好你，等着你。
微芯生物：股东LAV One Co. Limited及其一致行动人减持413万股公司股份,"https://guba.eastmoney.com/news,688321,1113862924.html",2021-12-01 16:38:07,"来源：每日经济新闻


　　微芯生物(SH 688321，收盘价：36.25元)12月1日晚间发布公告称，深圳微芯生物科技股份有限公司于2021年11月30日收到公司股东LAV One Co。 Limited及其一致行动人Vertex Technology Fund (III) Ltd发来的《关于权益变动的告知函》。2021年10月20日~11月30日， 上述股东合计减持413万股公司股份，占比1.005%。本次减持计划尚未实施完毕。


　　2020年年报显示，微芯生物的主营业务为医药制造业，占营收比例为：100.0%。


　　微芯生物的总经理、董事长均是XIANPING LU，男，58岁，学历背景为博士。
（文章来源：每日经济新闻）[点击查看原文]
#热点追踪#"
这支股就是上市骗钱的，专打各种价值投资者的脸，啪啪啪,"https://guba.eastmoney.com/news,688321,1116627516.html",2021-12-08 14:30:44,这支股就是上市骗钱的，专打各种价值投资者的脸，啪啪啪
太垃圾了，大盘都一个点了。,"https://guba.eastmoney.com/news,688321,1116654223.html",2021-12-08 14:53:54,太垃圾了，大盘都一个点了。
坦克垃圾车,"https://guba.eastmoney.com/news,688321,1116643121.html",2021-12-08 14:44:30,坦克垃圾车
这个逼真的病得不轻啊,"https://guba.eastmoney.com/news,688321,1116625710.html",2021-12-08 14:29:12,这个逼真的病得不轻啊
今天不红，天理难容,"https://guba.eastmoney.com/news,688321,1116600680.html",2021-12-08 14:05:21,今天不红，天理难容
猪力啥时候蹦极一跳呢[呲牙],"https://guba.eastmoney.com/news,688321,1116615646.html",2021-12-08 14:19:45,猪力啥时候蹦极一跳呢
这个猪力庄控盘太了，不是人玩的地方,"https://guba.eastmoney.com/news,688321,1116611473.html",2021-12-08 14:15:36,这个猪力庄控盘太了，不是人玩的地方
太垃圾,"https://guba.eastmoney.com/news,688321,1116582160.html",2021-12-08 13:47:32,太垃圾
直爽，天天绿就对了，就几万块不会加仓的，看你能跌到哪里，专打那些大神脸哈哈,"https://guba.eastmoney.com/news,688321,1116493738.html",2021-12-08 11:22:41,直爽，天天绿就对了，就几万块不会加仓的，看你能跌到哪里，专打那些大神脸哈哈
跌跌不休…,"https://guba.eastmoney.com/news,688321,1116364327.html",2021-12-08 09:47:22,跌跌不休…
微芯生物：连续3日融资净偿还累计971.11万元（12-07）,"https://guba.eastmoney.com/news,688321,1116301364.html",2021-12-08 07:56:56,"来源：东方财富Choice数据作者：财智星
微芯生物融资融券信息显示，2021年12月7日融资净偿还495.47万元；融资余额4.11亿元，较前一日下降1.19%
融资方面，当日融资买入381.33万元，融资偿还876.8万元，融资净偿还495.47万元，连续3日净偿还累计971.11万元。融券方面，融券卖出10.99万股，融券偿还2.57万股，融券余量220.8万股，融券余额7977.33万元。融资融券余额合计4.91亿元。
微芯生物融资融券交易明细（12-07）
微芯生物历史融资融券数据一览
免责声明：本文基于大数据生产，仅供参考，不构成任何投资建议，据此操作风险自担。
（文章来源：东方财富Choice数据）[点击查看原文]"
微芯，在梦里、云里、雾里等你！,"https://guba.eastmoney.com/news,688321,1115757028.html",2021-12-07 07:51:00,微芯，在梦里、云里、雾里等你！
这票可能真得再套一年,"https://guba.eastmoney.com/news,688321,1116223837.html",2021-12-07 20:48:19,这票可能真得再套一年
鲁壬8本来就没有脸，谈何要脸？,"https://guba.eastmoney.com/news,688321,1115999186.html",2021-12-07 12:53:51,"鲁壬8本来就没有脸，谈何要脸？
"
大宗交易：微芯生物成交336.4万元，折价6.89%（12-07）,"https://guba.eastmoney.com/news,688321,1116183932.html",2021-12-07 18:00:31,"来源：东方财富Choice数据作者：财智星
2021年12月7日，微芯生物发生了1笔大宗交易，总成交10万股，成交金额336.4万元，成交价33.64元。当日收盘报价36.13元，跌幅1.20%，成交金额5707.06万元；大宗交易成交金额占当日成交金额5.89%，折价6.89%。
大宗交易明细
序号	成交数量（股）	成交金额（元）	占当日成交额（%）	成交价（元）	收盘价（元）	折溢率（%）	买方	卖方
1	10.00万	336.40万	5.89	33.64	36.13	-6.89	安信证券股份有限公司盐城世纪大道证券营业部	安信证券股份有限公司深圳宝安海秀路证券营业部
数据来源：Choice数据

12月7日，金地集团、上海建工、兆易创新、昊华科技、佳士科技等公司均发生大宗交易，具体情况如下表：
沪深两市大宗交易一览（2021-12-07）
证券代码	证券简称	成交笔数	成交均价（元）	收盘价（元）	平均折溢率（%）	成交总数量（股）	成交总金额（元）	占当日成交额（%）
600383	金地集团	1	10.98	11.56	-5.02	1.36亿	14.88亿	115.94
600170	上海建工	3	3.22	3.39	-5.01	1.78亿	5.73亿	182.23
603986	兆易创新	7	164.16	171.00	-4.00	74.50万	1.22亿	4.85
600378	昊华科技	1	35.61	37.92	-6.09	300.00万	1.07亿	63.45
300193	佳士科技	2	10.98	13.20	-16.82	813.00万	8926.74万	51.19
数据来源：Choice数据
（注：当日成交金额指竞价交易的成交金额，不包括大宗交易成交的部分）
免责声明：本文基于大数据生产，仅供参考，不构成任何投资建议，据此操作风险自担。
（文章来源：东方财富Choice数据）[点击查看原文]"
天天这么骂卤勃土，算不算网络暴力呢？会不会被跨省抄水表啊？,"https://guba.eastmoney.com/news,688321,1116076035.html",2021-12-07 14:13:43,"天天这么骂卤勃土，算不算网络暴力呢？会不会被跨省抄水表啊？
"
微芯生物12月7日大宗交易成交336.40万元,"https://guba.eastmoney.com/news,688321,1116190696.html",2021-12-07 18:30:29,"来源：数据宝


　　微芯生物12月7日大宗交易平台出现一笔成交，成交量10.00万股，成交金额336.40万元，大宗交易成交价为33.64元，相对今日收盘价折价6.89%。该笔交易的买方营业部为安信证券股份有限公司盐城世纪大道证券营业部，卖方营业部为安信证券股份有限公司深圳宝安海秀路证券营业部。


　　进一步统计，近3个月内该股累计发生45笔大宗交易，合计成交金额为3.32亿元。


　　证券时报·数据宝统计显示，微芯生物今日收盘价为36.13元，下跌1.20%，日换手率为0.62%，成交额为5707.06万元，全天主力资金净流出534.72万元，近5日该股累计上涨0.64%，近5日资金合计净流入2465.22万元。


　　两融数据显示，该股最新融资余额为4.16亿元，近5日增加146.07万元，增幅为0.35%。(数据宝)


　　12月7日微芯生物大宗交易一览


成交量(万股)	成交金额(万元)	成交价格(元)	相对当日收盘折溢价(%)	买方营业部	卖方营业部
10.00	336.40	33.64	-6.89	安信证券股份有限公司盐城世纪大道证券营业部	安信证券股份有限公司深圳宝安海秀路证券营业部
（文章来源：数据宝）[点击查看原文]"
骂声一片的股票应该是好股票,"https://guba.eastmoney.com/news,688321,1111561544.html",2021-11-25 16:22:33,今天才看到它，不然我可能也早深套了。谢谢各位大佬的评论，让我了解了这个股票不少。综合起来，我也被吸引了，今天卖了点其他股票，买入50手先看看。准备只买不卖，于鲁博士做战友，为社会做贡献。
微芯生物：不存在“2021年都采用了较为激进的研发投入会计处理政策”情况,"https://guba.eastmoney.com/news,688321,1113416536.html",2021-11-30 21:10:20,"来源：上海证券报·中国证券网作者：孔子元


　　微芯生物发布澄清公告，公司关注到有媒体在网络发布题为《微芯生物财务激进护航再融资》的文章。经查，公司不存在“2021年都采用了较为激进的研发投入会计处理政策”的情况。公司研发支出资本化会计政策在公司上市前后均保持一致，使公司研发费用计量更加符合公司实际情况。公司不存在“刻意延迟转固”的情形。公司在建工程转入固定资产的的条件符合会计准则要求和医药行业的法规要求。截至目前，公司经营一切正常。

（文章来源：上海证券报·中国证券网）[点击查看原文]"
放弃抵抗了…………,"https://guba.eastmoney.com/news,688321,1116132621.html",2021-12-07 15:12:46,放弃抵抗了…………
连个做T的空间都没有,"https://guba.eastmoney.com/news,688321,1116123778.html",2021-12-07 14:59:55,连个做T的空间都没有
没注意，咋跌成这个鬼样子？,"https://guba.eastmoney.com/news,688321,1116115553.html",2021-12-07 14:51:16,没注意，咋跌成这个鬼样子？
鲁壬8真牛，上市就是天花板，然后一跌下跌，这是复制中石油哇,"https://guba.eastmoney.com/news,688321,1116103254.html",2021-12-07 14:39:46,"鲁壬8真牛，上市就是天花板，然后一跌下跌，这是复制中石油哇
"
能一步到位吗,"https://guba.eastmoney.com/news,688321,1116011316.html",2021-12-07 13:08:29,能一步到位吗
同为创新药，为什么与神州差那么远？！,"https://guba.eastmoney.com/news,688321,1115983739.html",2021-12-07 11:57:37,
老鲁搞这么大事业，没有任何资金为他捧场！,"https://guba.eastmoney.com/news,688321,1115915195.html",2021-12-07 10:43:04,靠割小散的肉过日子，你说这说得过去吗？
天天绿就对了，不指望红，反正就是要打所有人的脸，爽,"https://guba.eastmoney.com/news,688321,1115930343.html",2021-12-07 10:53:14,天天绿就对了，不指望红，反正就是要打所有人的脸，爽
不要心急，主力所图甚大呀。没有天荒地老的勇气，就出去换成兆易创新吧。,"https://guba.eastmoney.com/news,688321,1115931321.html",2021-12-07 10:53:52,不要心急，主力所图甚大呀。没有天荒地老的勇气，就出去换成兆易创新吧。
罕见病用药，投资者切记！,"https://guba.eastmoney.com/news,688321,1115763451.html",2021-12-07 08:31:48,罕见病用药，投资者切记！
往死里砸就对了，整天吹审批新药的，各种利好的通通套死,"https://guba.eastmoney.com/news,688321,1115556028.html",2021-12-06 14:27:31,往死里砸就对了，整天吹审批新药的，各种利好的通通套死
微芯生物：2022年或将巨变！,"https://guba.eastmoney.com/news,688321,1114971955.html",2021-12-03 20:43:37,"我一直感觉到微芯生物变化，稳稳地。。。
2022年的脚步也在加快；
大宗交易经常在发生；
创新药在顺利地展开着，尽管第二大新药已经面世，
股价波澜不惊；
今晚又有的一大药西达本胺成功续约医保，而且没有降价：
昨天，已在两地上市的百济神州又在内地申购
。。。
随着百济神州同在科创板上市，微芯生物“创新药第一”会被从新认识



"
微芯生物：融资净偿还130.9万元，融资余额4.16亿元（12-06）,"https://guba.eastmoney.com/news,688321,1115758905.html",2021-12-07 07:59:53,"来源：东方财富Choice数据作者：财智星
微芯生物融资融券信息显示，2021年12月6日融资净偿还130.9万元；融资余额4.16亿元，较前一日下降0.31%
融资方面，当日融资买入915.29万元，融资偿还1046.19万元，融资净偿还130.9万元。融券方面，融券卖出1.43万股，融券偿还4.41万股，融券余量212.37万股，融券余额7766.43万元。融资融券余额合计4.94亿元。
微芯生物融资融券交易明细（12-06）
微芯生物历史融资融券数据一览
免责声明：本文基于大数据生产，仅供参考，不构成任何投资建议，据此操作风险自担。
（文章来源：东方财富Choice数据）[点击查看原文]"
看到微芯生物这么多怨妇在哀嚎，作为一个二十多年老股民，我知道春天就要来了。,"https://guba.eastmoney.com/news,688321,1115707577.html",2021-12-06 21:57:15,
相约16，看好你危险生物,"https://guba.eastmoney.com/news,688321,1115699096.html",2021-12-06 21:21:13,相约16，看好你危险生物
未来几个月都没什么希望，这样讲吧，淡马锡要清仓减持，如果你是淡马锡有人接盘你是不,"https://guba.eastmoney.com/news,688321,1115587346.html",2021-12-06 14:54:01,未来几个月都没什么希望，这样讲吧，淡马锡要清仓减持，如果你是淡马锡有人接盘你是不是恨不得马上甩货给他。但是问题是没人愿意接盘
百济神州为什么市值几千亿[滴汗],"https://guba.eastmoney.com/news,688321,1115099186.html",2021-12-04 21:01:45,百济神州为什么市值几千亿
鲁壬8，不愧就是鲁壬8,"https://guba.eastmoney.com/news,688321,1115521591.html",2021-12-06 13:54:31,"鲁壬8，不愧就是鲁壬8
"
彻底洗不出量了,"https://guba.eastmoney.com/news,688321,1115434013.html",2021-12-06 11:24:05,浮筹都收不到了
除了超大和大资金倒腾的那些，还有啥？,"https://guba.eastmoney.com/news,688321,1115457987.html",2021-12-06 12:23:33,除了超大和大资金倒腾的那些，还有啥？
看微芯的K线有一种路漫漫其修远兮……,"https://guba.eastmoney.com/news,688321,1115429398.html",2021-12-06 11:19:34,"看微芯的K线有一种路漫漫其修远兮……吾将如何能逃脱的感觉！唉
"
药明李革才是成功的科学家+企业家。,"https://guba.eastmoney.com/news,688321,1115387425.html",2021-12-06 10:42:13,药明李革才是成功的科学家+企业家。
卤仙皮，快绿。你爹在召唤你,"https://guba.eastmoney.com/news,688321,1115364697.html",2021-12-06 10:24:32,"卤仙皮，快绿。你爹在召唤你。。。
"
快跑，鬼来了！,"https://guba.eastmoney.com/news,688321,1115375830.html",2021-12-06 10:33:09,鬼来了！
白瞎了你还是个药企业，真是吃啥药也硬不了三分钟,"https://guba.eastmoney.com/news,688321,1115358328.html",2021-12-06 10:19:55,白瞎了你还是个药企业，真是吃啥药也硬不了三分钟
周一减仓微芯生物，缴款百济神州得意,"https://guba.eastmoney.com/news,688321,1115060071.html",2021-12-04 12:47:44,周一减仓微芯生物，缴款百济神州得意
关于西达本胺适应症的问题，我一直困惑，为什么最难的都可以，简单的反而不行？不过我,"https://guba.eastmoney.com/news,688321,1115127055.html",2021-12-05 07:10:16,关于西达本胺适应症的问题，我一直困惑，为什么最难的都可以，简单的反而不行？不过我知道有一个药，叫替罗非班，是抗血小板的，说明书是说用于心血管系统，但是临床也用于神经系统，效果非常好。但是说明书上就是没有写这个适应症。
明天感觉不太可能涨停,"https://guba.eastmoney.com/news,688321,1115184156.html",2021-12-05 18:39:29,明天感觉不太可能涨停
xMHB88原来把贝达吹上天，结果腰斩，今天大吹微芯，微芯股友当心了,"https://guba.eastmoney.com/news,688321,1115196938.html",2021-12-05 20:42:27,xMHB88原来把贝达吹上天，结果腰斩，今天大吹微芯，微芯股友当心了
估计微芯生物很快就会收到海正药业的4000万授权销售费用了。,"https://guba.eastmoney.com/news,688321,1115187078.html",2021-12-05 19:11:10,估计微芯生物很快就会收到海正药业的4000万授权销售费用了。
微芯生物连续2周融资净买入合计1041.93万元,"https://guba.eastmoney.com/news,688321,1115164467.html",2021-12-05 15:05:14,"微芯生物本周(2021/11/29-2021/12/03)累计涨幅达1.07%，截至12月3日最新股价报收36.97元。从增量上来看，11月29日至12月3日融资买入交易规模4468.89万元，融资偿还规模3823.93万元，期内融资净买入644.96万元。从存量上来看，截止12月5日，微芯生物融资融券余额4.97亿元，其中融资余额规模4.18亿元，融券余额规模7961.54万元。
数据来源：东方财富Choice数据
微芯生物本周两融余额延续增长态势，融资余额已连续2周增长累计达1041.93万元。在两市2202家融资融券标的中，微芯生物期内融资净买入值排名第671，期末融资余额排名第923。按东财二级行业分类的融资融券标的统计情况来看，在所属化学制药板块中，微芯生物本周融资净买入额排名27/71，期末融资余额行业排名23/71。
数据来源：东方财富Choice数据
免责声明：本文基于大数据生产，仅供参考，不构成任何投资建议，据此操作风险自担。

"
这个回复里到底什么意思？,"https://guba.eastmoney.com/news,688321,1114337504.html",2021-12-02 14:49:34,这个回复里到底什么意思？
百济神州喊你上去,"https://guba.eastmoney.com/news,688321,1115097189.html",2021-12-04 20:37:34,百济神州喊你上去
微芯生物西达本胺续谈纳入国家医保目录,"https://guba.eastmoney.com/news,688321,1114975572.html",2021-12-03 20:59:04,"来源：上海证券报·中国证券网作者：孔子元


　　微芯生物公告，公司产品西达本胺片(爱谱沙)续谈成功，纳入《国家医保目录》。功能主治：限既往至少接受过1次全身化疗的复发或难治的外周T细胞淋巴瘤(PTCL)患者。

（文章来源：上海证券报·中国证券网）[点击查看原文]
#热点追踪#"
微芯生物：融资净偿还344.75万元，融资余额4.18亿元（12-03）,"https://guba.eastmoney.com/news,688321,1115032901.html",2021-12-04 07:59:29,"来源：东方财富Choice数据作者：财智星
微芯生物融资融券信息显示，2021年12月3日融资净偿还344.75万元；融资余额4.18亿元，较前一日下降0.82%
融资方面，当日融资买入488.28万元，融资偿还833.03万元，融资净偿还344.75万元。融券方面，融券卖出1.9万股，融券偿还8.34万股，融券余量215.35万股，融券余额7961.54万元。融资融券余额合计4.97亿元。
微芯生物融资融券交易明细（12-03）
微芯生物历史融资融券数据一览
免责声明：本文基于大数据生产，仅供参考，不构成任何投资建议，据此操作风险自担。
（文章来源：东方财富Choice数据）[点击查看原文]"
微芯生物：西达本胺续约进入国家医保目录,"https://guba.eastmoney.com/news,688321,1114915461.html",2021-12-03 16:15:56,"来源：每日经济新闻
　　12月3日，微芯生物公告，公司产品西达本胺续约进入国家医保目录。功能主治：限既往至少接受过1次全身化疗的复发或难治的外周T细胞淋巴瘤(PTCL)患者。
（文章来源：每日经济新闻）[点击查看原文]
#热点追踪#"
688321:关于公司产品西达本胺续约进入国家医保目录的公告,"https://guba.eastmoney.com/news,688321,1114912488.html",2021-12-03 16:07:20,"公告日期：2021-12-04

证券代码：688321 证券简称：微芯生物 公告编号：2021-095
深圳微芯生物科技股份有限公司

关于西达本胺续谈纳入《国家医保目录》的公告

本公司董事会及全体董事保证本公告内容不存在任何虚假记载、误导性陈述或者重大遗漏，并对其内容的真实性、准确性和完整性依法承担法律责任。

2021 年 12 月 3 日，根据国家医保局、人力资源社会保障部
发布的《关于印发（国家基本医疗保险、工伤保险和生育保险药品目录（2021 年）的通知》【医保发（2021）50 号】，深圳微芯生物科技股份有限公司（以下简称“公司”）产品西达本胺片（爱谱沙）续谈成功，纳入《国家基本医疗保险、工伤保险和生育保险药品目录（2021 年）》（以下简称《国家医保目录》）。该产品具体情况如下：

一、产品情况

药品通用名称：西达本胺片

注册类别：化学药品第 1.1 类

药品分类：抗肿瘤药及免疫调节剂-其他抗肿瘤药物

医保分类：乙类

编号：141

剂型：口服常释剂型

独家品种：是


医保支付标准：343 元（5mg/片）（维持原支付标准）

功能主治：限既往至少接受过 1 次全身化疗的复发或难治的
外周 T 细胞淋巴瘤（PTCL）患者

协议有效期：截至 2023 年 12 月 31 日

二、风险提示

公司产品西达本胺片已于 2017 年 7 月进入国家医保目录，
2019 年 11 月续约至 2021 年 12 月 31 日，本次续约进入国家医
保目录将有利于该产品的销售，对公司的经营发展有积极的作用，预计短期不会对公司业绩产生重大影响，敬请广大投资者谨慎决策，注意防范投资风险。

特此公告。

深圳微芯生物科技股份有限公司董事会
2021 年 12 月 4 日

[点击查看PDF原文]
提示：本网不保证其真实性和客观性，一切有关该股的有效信息，以交易所的公告为准，敬请投资者注意风险。"
十字星看好你,"https://guba.eastmoney.com/news,688321,1114985392.html",2021-12-03 21:46:56,十字星 看好你
双洛平京东怎么下架了，什么情况,"https://guba.eastmoney.com/news,688321,1114609453.html",2021-12-03 10:03:24,双洛平京东怎么下架了，什么情况
微芯生物：西达本胺续谈纳入国家医保目录,"https://guba.eastmoney.com/news,688321,1114916223.html",2021-12-03 16:18:05,"来源：证券时报·e公司


　　微芯生物(688321)12月3日晚间公告，公司产品西达本胺片(爱谱沙)续谈成功，纳入国家医保目录。西达本胺片为抗肿瘤药及免疫调节剂-其他抗肿瘤药物。

（文章来源：证券时报·e公司）[点击查看原文]
#热点追踪#"
微芯生物(688321.SH)：西达本胺续谈纳入《国家医保目录》,"https://guba.eastmoney.com/news,688321,1114915200.html",2021-12-03 16:17:28,"微芯生物(688321.SH)发布公告，2021年12月3日，根据国家医保局、人力资源社会保障部发布的《关于印发(国家基本医疗保险、工伤保险和生育保险药品目录(2021年)的通知》【医保发(2021)50号】，公司产品西达本胺片(爱谱沙)续谈成功，纳入《国家基本医疗保险、工伤保险和生育保险药品目录(2021年)》(简称《国家医保目录》)。
（来源：智通财经的财富号 2021-12-03 16:17）[点击查看原文]"
国家医保局已经公布了最新的药品目录，西达本胺成功续约医保，而且没有降价。,"https://guba.eastmoney.com/news,688321,1114766882.html",2021-12-03 13:10:11,国家医保局已经公布了最新的药品目录，西达本胺成功续约医保，而且没有降价。
国家医保局已经公布了最新的药品目录，西达本胺成功续约医保，而且没有降价。,"https://guba.eastmoney.com/news,688321,1114772586.html",2021-12-03 13:16:07,
西达本胺，名字太差。吃饲料、喝氨水长大的？,"https://guba.eastmoney.com/news,688321,1114880816.html",2021-12-03 14:55:16,西达本胺，名字太差。吃饲料、喝氨水长大的？
进医保是实力，进不去失利,"https://guba.eastmoney.com/news,688321,1114803017.html",2021-12-03 13:44:28,进医保是实力，进不去失利
鲁壬8喜欢头顶大草原,"https://guba.eastmoney.com/news,688321,1114771604.html",2021-12-03 13:15:04,"鲁壬8喜欢头顶大草原
"
萎芯被鸡狗们玩成了一坨臭,"https://guba.eastmoney.com/news,688321,1114741484.html",2021-12-03 12:12:57,"鸡狗们，好好玩吧，把卤勃土玩成一坨臭吧。
"
萎芯已然被鸡狗玩成了一坨臭,"https://guba.eastmoney.com/news,688321,1114741111.html",2021-12-03 12:11:29,"鸡狗们，好好玩吧，把卤勃土玩成一坨臭吧。
"
微芯为什么没有机构调研。,"https://guba.eastmoney.com/news,688321,1114701415.html",2021-12-03 11:10:21,微芯为什么没有机构调研。
这个公司的董秘严重不称职！,"https://guba.eastmoney.com/news,688321,1114737982.html",2021-12-03 12:01:03,这个公司的董秘严重不称职！
鲁总这是盖了一间牢房，把所有散户关起来，把牢底坐穿,"https://guba.eastmoney.com/news,688321,1114728402.html",2021-12-03 11:38:10,鲁总这是盖了一间牢房，把所有散户关起来，把牢底坐穿
这只股票像大便,"https://guba.eastmoney.com/news,688321,1114705848.html",2021-12-03 11:14:14,这只股票像大便
请问西奥罗尼大概何时可以上市哦,"https://guba.eastmoney.com/news,688321,1114610402.html",2021-12-03 10:03:52,请问西奥罗尼大概何时可以上市哦
是减持还是吸筹，大家从买10卖10里看。,"https://guba.eastmoney.com/news,688321,1114649835.html",2021-12-03 10:29:48,是减持还是吸筹，大家从买10卖10里看。
这主力好郁闷，上涨下跌均无量！,"https://guba.eastmoney.com/news,688321,1114611880.html",2021-12-03 10:04:47,"慢慢盘，想盘多久盘多久，反正无业绩，怎么玩都行！
"
支持记者杜鹏用数据和事实反击，强烈要求接受媒体采访！,"https://guba.eastmoney.com/news,688321,1113356171.html",2021-11-30 17:00:53,支持记者杜鹏用数据和事实反击，强烈要求接受媒体采访！
毫无底线的股，大家涨它就跌，主要还是配合减持，减吧，反正喜欢看它绿，什么股神来这,"https://guba.eastmoney.com/news,688321,1114577657.html",2021-12-03 09:46:04,毫无底线的股，大家涨它就跌，主要还是配合减持，减吧，反正喜欢看它绿，什么股神来这股都没用，看了这股里，雪球里对这股各种分析利好才进来的，也是套着，几万块当给你，就给绿就行
绿就对了，就是绿,"https://guba.eastmoney.com/news,688321,1114570444.html",2021-12-03 09:42:20,绿就对了，就是绿
微芯生物：融资余额4.21亿元，创历史新高（12-02）,"https://guba.eastmoney.com/news,688321,1114518704.html",2021-12-03 08:00:31,"来源：东方财富Choice数据作者：财智星
微芯生物融资融券信息显示，2021年12月2日融资净买入115.18万元；融资余额4.21亿元，创历史新高，较前一日增加0.33%
融资方面，当日融资买入1513.06万元，融资偿还1397.88万元，融资净买入115.18万元。融券方面，融券卖出5.42万股，融券偿还18.99万股，融券余量221.79万股，融券余额8210.57万元。融资融券余额合计5.03亿元。
微芯生物融资融券交易明细（12-02）
微芯生物历史融资融券数据一览
免责声明：本文基于大数据生产，仅供参考，不构成任何投资建议，据此操作风险自担。
（文章来源：东方财富Choice数据）[点击查看原文]"
大宗交易：微芯生物成交200.1万元，折价9.91%（12-02）,"https://guba.eastmoney.com/news,688321,1114410624.html",2021-12-02 18:00:53,"来源：东方财富Choice数据作者：财智星
2021年12月2日，微芯生物发生了1笔大宗交易，总成交6万股，成交金额200.1万元，成交价33.35元。当日收盘报价37.02元，涨幅2.12%，成交金额1.25亿元；大宗交易成交金额占当日成交金额1.60%，折价9.91%。
大宗交易明细
序号	成交数量（股）	成交金额（元）	占当日成交额（%）	成交价（元）	收盘价（元）	折溢率（%）	买方	卖方
1	6.00万	200.10万	1.60	33.35	37.02	-9.91	华泰证券股份有限公司广州云城西路证券营业部	安信证券股份有限公司深圳宝安海秀路证券营业部
数据来源：Choice数据

12月2日，北方稀土、东方雨虹、凯美特气、宏发股份、蓝思科技等公司均发生大宗交易，具体情况如下表：
沪深两市大宗交易一览（2021-12-02）
证券代码	证券简称	成交笔数	成交均价（元）	收盘价（元）	平均折溢率（%）	成交总数量（股）	成交总金额（元）	占当日成交额（%）
600111	北方稀土	8	50.50	55.65	-9.25	830.00万	4.19亿	4.72
002271	东方雨虹	1	40.31	40.31	0.00	630.00万	2.54亿	15.01
002549	凯美特气	11	15.07	15.70	-4.01	1247.40万	1.88亿	57.31
600885	宏发股份	6	67.13	71.80	-6.50	250.00万	1.68亿	44.86
300433	蓝思科技	5	20.57	20.57	0.00	760.56万	1.56亿	27.06
数据来源：Choice数据
（注：当日成交金额指竞价交易的成交金额，不包括大宗交易成交的部分）
免责声明：本文基于大数据生产，仅供参考，不构成任何投资建议，据此操作风险自担。
（文章来源：东方财富Choice数据）[点击查看原文]"
明天攻克20周线,"https://guba.eastmoney.com/news,688321,1114465400.html",2021-12-02 21:59:26,明天攻克20周线
3天赚了小几千[大笑]上午先出了，逮到机会再进,"https://guba.eastmoney.com/news,688321,1114215715.html",2021-12-02 12:44:40,3天赚了小几千上午先出了，逮到机会再进
重仓微芯生物被套十多个点了，但是今天依然全额申购百济神州，这里有两个希望，其一就是希望百济神州上市股价可以高开高走，把微芯带出泥潭，其二期望可以中签百济神州。,"https://guba.eastmoney.com/news,688321,1114432694.html",2021-12-02 19:46:08,
百济神州科创板上市，重估创新药,"https://guba.eastmoney.com/news,688321,1114174246.html",2021-12-02 11:14:53,百济神州科创板上市，重估创新药
是深圳科创板上市第一家吧？,"https://guba.eastmoney.com/news,688321,1114392414.html",2021-12-02 16:51:51,是深圳科创板上市第一家吧？
到收盘收绿就行了,"https://guba.eastmoney.com/news,688321,1114282472.html",2021-12-02 14:00:52,到收盘收绿就行了
没有止跌迹象,"https://guba.eastmoney.com/news,688321,1114280015.html",2021-12-02 13:59:10,没有止跌迹象
一段时间有几个人来唱多，现在有个kg20的，呵呵,"https://guba.eastmoney.com/news,688321,1114258145.html",2021-12-02 13:38:16,一段时间有几个人来唱多，现在有个kg20的，呵呵
下午六个点,"https://guba.eastmoney.com/news,688321,1114214938.html",2021-12-02 12:41:40,下午六个点
没个2-3年，这里面的人会被逼疯，哈哈，无所谓了几万块希望你天天跌,"https://guba.eastmoney.com/news,688321,1114066841.html",2021-12-02 09:56:59,没个2-3年，这里面的人会被逼疯，哈哈，无所谓了几万块希望你天天跌
今天开始以身试药,"https://guba.eastmoney.com/news,688321,1112285591.html",2021-11-27 23:13:46,今天开始以身试药
微芯生物好好学习一下百济神州吧，人家亏损着的发行价还近200元,"https://guba.eastmoney.com/news,688321,1114060169.html",2021-12-02 09:53:03,"据交易所公告，百济神州今日申购，申购代码：787235，发行价格：192.6元/股，单一账户申购上限33,000股，顶格申购需配市值33万元。"
百济神州归来，难兄难弟再出发[大笑],"https://guba.eastmoney.com/news,688321,1114132986.html",2021-12-02 10:41:35,百济神州归来，难兄难弟再出发
发个利好早上拉升盘中砸，套路太了,"https://guba.eastmoney.com/news,688321,1114101943.html",2021-12-02 10:19:00,发个利好早上拉升盘中砸，套路太了
微芯生物海外合作方沪亚生物宣布西达本胺单药治疗外周T细胞淋巴瘤在日本获批,"https://guba.eastmoney.com/news,688321,1114076486.html",2021-12-02 10:02:51,"北京时间2021年12月1日，深圳微芯生物科技股份有限公司（以下简称“微芯生物，股票代码：688321.SH）收到海外合作方美国沪亚生物国际有限责任公司（HUYABIO INTERNATIONAL，以下简称“沪亚生物”）电文通知，其获微芯生物专利授权开发的全新分子实体、全球首个口服、亚型选择性组蛋白去乙酰化酶（HDAC）抑制剂西达本胺（Chidamide；通用名：Tucidinostat;日本商品名：Hiyasta；海外编号：HBI-8000）单药治疗外周T细胞淋巴瘤（PTCL）适应症获日本药监局批准。这是西达本胺继成人T细胞白血病/淋巴瘤（ATL）之后，第二个在日本获批上市的肿瘤适应症。
PTCL适应症的获批是基于来自日本和韩国 55 名侵袭性 PTCL 患者的 2b 期研究数据。入组受试者均为复发或难治性晚期PTCL患者，每周两次口服 HBI-8000 40mg 治疗。试验研究的客观反应率为 46%，中位无进展生存期为 5.6 个月，中位总生存期为 22.8 个月。
HBI-8000Ⅱ期研究医学专家、日本国家癌症中心医院访问科学家Kensei Tobinai博士说：“复发和/或难治性PTCL预后不佳，治疗选择有限。来自HBI-8000的注册临床研究数据表明，尽管疾病处于晚期，但显示出具有临床意义的反应和可接受的安全性，有望解决该类患者群体中未满足的重要医疗需求。”
沪亚生物的CEO兼执行主席Mireille Gillings博士表示：“我们的主要肿瘤药物Hiyasta在日本的第二次监管批准，扩大了我们的药物对严重血液系统恶性肿瘤患者的适应症。我们期待Hiyasta未来扩展其他肿瘤适应症，使更多的患者受益。”
微芯生物董事长兼总经理鲁先平博士表示：“微芯生物自主研发的原创新药西达本胺于2006年将其发明专利授权给沪亚生物进行大中华区以外的海外市场开发，外周T细胞淋巴瘤适应症在日本获批，是西达本胺在海外市场扩展的又一个重要里程碑。衷心感谢我们的合作方沪亚生物，能够为罹患外周T细胞淋巴瘤的日本患者提供西达本胺，标志着微芯生物朝着为全球患者提供可承受抗肿瘤药物的愿景又近一步，希望西达本胺单药及联合其他抗肿瘤药物针对其他血液肿瘤及实体瘤等更多适应症的临床研究不断取得新的进展，造福全球患者。”
关于西达本胺
西达本胺是微芯生物独家发现的具有全球专利保护的新分子实体药物，是我国首个获批上市的原创化学新药，也是全球首个亚型选择性组蛋白去乙酰化酶（HDAC）口服抑制剂。属于机制新颖的表观遗传调控类药物。已在中国获批用于治疗外周T细胞淋巴瘤以及联合内分泌药物治疗雌激素受体阳性乳腺癌患者，也是全球首个用于实体瘤治疗的表观遗传调控类药物。
西达本胺在全球近三十个国家和地区获得发明专利权，公司通过“许可费+里程碑收入+收益分成”的技术授权许可方式将西达本胺在美国、日本、欧盟等国家的权利授权给沪亚生物国际有限责任公司，由其共同推进西达本胺在不同适应症领域的全球同步开发与商业化。
关于微芯生物
微芯生物是由资深留美归国团队于2001年创立的现代生物医药企业。公司专长于原创新分子实体药物研发，致力于为全球患者提供价格可承受的、临床亟需的、具有革命性疗效的创新机制药物。
凭借自主创建的国际先进的“基于化学基因组学的集成式药物发现及早期评价平台”，微芯生物在肿瘤、代谢性疾病、自身免疫性疾病、中枢神经性疾病和抗病毒等五个重大疾病领域已开发出包括西达本胺（已上市）、西格列他钠（已上市）、西奥罗尼（已进入临床Ⅲ期）和CS12192(Ⅰ期临床试验开展中)在内的多个原创新药产品线。
目前，微芯生物拥有以深圳总部/研发中心/GMP生产基地全资子公司深圳微芯药业有限责任公司、成都区域总部/研发中心/创新药生产基地全资子公司成都微芯药业有限公司、北京分公司（临床研究中心）、上海分公司（商业中心）及微芯生物科技（美国）有限公司的全球化产业布局。同时，作为国家首批“创新药物孵化基地”，国家高新技术企业，公司独立承担数十项国家“863”、“十五”、“十一五”、“十二五”及“十三五”国家重大科技专项及“重大新药创制”项目。累计申请境内外发明专利353项，109项已获授权。
（来源：商道经纬的财富号 2021-12-02 10:02）[点击查看原文]"
微芯生物：融资余额4.2亿元，创历史新高（12-01）,"https://guba.eastmoney.com/news,688321,1114015892.html",2021-12-02 09:29:19,"来源：东方财富Choice数据作者：财智星
微芯生物融资融券信息显示，2021年12月1日融资净买入484.77万元；融资余额4.2亿元，创历史新高，较前一日增加1.17%
融资方面，当日融资买入999.69万元，融资偿还514.92万元，融资净买入484.77万元。融券方面，融券卖出8.25万股，融券偿还7.51万股，融券余量236.36万股，融券余额8567.91万元。融资融券余额合计5.05亿元。
微芯生物融资融券交易明细（12-01）
微芯生物历史融资融券数据一览
免责声明：本文基于大数据生产，仅供参考，不构成任何投资建议，据此操作风险自担。
（文章来源：东方财富Choice数据）[点击查看原文]"
老鲁头，坏得狠！,"https://guba.eastmoney.com/news,688321,1113998976.html",2021-12-02 08:59:32,老鲁头，坏得狠！
688321:自愿披露关于公司产品西达本胺新适应症在日本获批上市的公告,"https://guba.eastmoney.com/news,688321,1113859757.html",2021-12-01 16:28:26,"公告日期：2021-12-02

证券代码：688321 证券简称：微芯生物 公告编号：2021-094
深圳微芯生物科技股份有限公司

自愿披露关于公司产品西达本胺新适应症在日本获批上市
的公告

本公司董事会及全体董事保证本公告内容不存在任何虚假记载、误导性陈述或者重大遗漏，并对其内容的真实性、准确性和完整性依法承担法律责任。

重要内容提示：

深圳微芯生物科技股份有限公司（以下简称“公司”）合作方沪亚生物国际有限责任公司（美国企业，以下简称“沪亚”）近日收到了日本医药品医疗器械综合机构（PMDA）批准西达本胺（海外编号：HBI-8000）上市的批件，用于单药治疗复发性或难治性（R/R）外周 T 细胞淋巴瘤（PTCL）。这是西达本胺继 2021年 6 月在日本获批用于单一疗法治疗复发性或难治性（R/R）成人 T 细胞白血病（ATL）之后，在日本再次获批上市的新的一种肿瘤适应症。本次获批，公司将获得对应的里程碑收入及未来相应比例的销售分成。具体销售情况可能受到市场环境变化、销售渠道等多种因素的影响，具有不确定性。敬请广大投资者谨慎决策，注意防范投资风险。现将相关情况公告如下：
……

[点击查看PDF原文]
提示：本网不保证其真实性和客观性，一切有关该股的有效信息，以交易所的公告为准，敬请投资者注意风险。"
多少牛散被收割，引入外资做财务投资者的后遗症从赵建平，到谢愿冬，黎朗威，这些想在,"https://guba.eastmoney.com/news,688321,1113987845.html",2021-12-02 07:47:57,"多少牛散被收割，引入外资做财务投资者的后遗症
从赵建平，到谢愿冬，黎朗威，这些想在中国第一原创药微芯生物上羊毛的牛散，无一不是被外资割了韭菜，刹羽而归，甚至连董事沈建华也在高位站了岗，片草不留，这就是典型的外资财务投资者的做法，国内投资者会进行包装炒作，牟取丰厚利润，而外资，只要年化5个点以上就会兑现，有了十几二十倍的回报会怎么样呢？看看港股，你就明白了。当年鲁引进了这些人，现在就是双刃剑，所以现在很少有公司上市会让外资持股超3个点，因为他们会砸的你不省人事。没办法的，只有等他们走，希望走得快点，走得安详些。"
多少牛散被收割，引入外资做财务投资者的后遗症从赵建平，到谢愿冬，黎朗威，这些想在,"https://guba.eastmoney.com/news,688321,1113987758.html",2021-12-02 07:46:59,"多少牛散被收割，引入外资做财务投资者的后遗症
从赵建平，到谢愿冬，黎朗威，这些想在中国第一原创药微芯生物上羊毛的牛散，无一不是被外资割了韭菜，刹羽而归，甚至连董事沈建华也在高位站了岗，片草不留，这就是典型的外资财务投资者的做法，国内投资者会进行包装炒作，牟取丰厚利润，而外资，只要年化5个点以上就会兑现，有了十几二十倍的回报会怎么样呢？看看港股，你就明白了。当年鲁引进了这些人，现在就是双刃剑，所以现在很少有公司上市会让外资持股超3个点，因为他们会砸的你不省人事。没办法的，只有等他们走，希望走得快点，走得安详些。"
688321:关于5%以上股东减持超过1%的提示性公告,"https://guba.eastmoney.com/news,688321,1113859751.html",2021-12-01 16:28:24,"公告日期：2021-12-02

证券代码：688321 证券简称：微芯生物 公告编号：2021-093
深圳微芯生物科技股份有限公司

关于 5%以上股东减持超过 1%的提示性公告

本公司董事会及全体董事保证本公告内容不存在任何虚假记载、误导性陈述或者重大遗漏，并对其内容的真实性、准确性和完整性依法承担法律责任。

重要内容提示：

●本次权益变动为履行此前披露的股份减持计划，不触及要约收购。

●本次权益变动为持股 5%以上非第一大股东减持，不会使公司控股股东、实际控制人发生变化。

●本次权益变动后，信息披露义务人持有公司股份数量为 24,555,745 股，持 有公司股份比例将从 6.98%减少至 5.98%。

深圳微芯生物科技股份有限公司（以下简称“公司”）于 2021 年 11 月 30 日
收到公司股东 LAV One (Hong Kong) Co., Limited（以下简称“LAV One”） 及其
一致行动人 Vertex Technology Fund (III) Ltd（以下简称“Vertex”）发来的《关于
权益变动的告知函》，现将其有关权益变动情况告知如下：

一、本次权益变动情况

信息 LAV One (Hong Kong) Co., Limited 及其一致行动人 Vertex

名称

披露 Technology Fund (III) Ltd

义务 LAV One：中国香港

人基 注册地址

Vertex：新加坡

本信

息 权益变动时间 2021 年 10 月 20 日-2021 年 11 月 30 日

减持股数 减持比例
变动方式 变动日期 股份种类

权益 （股） （%）


变动 集中竞价 2021/10/20-2021/11/30 人民币普通股 631,825 0.154%

明细 大宗交易 2021/10/20-2021/11/30 人民币普通股 3,494,000 0.851%

合计 - - 4,125 ,825 1.005%

备注：

1、 本次权益变动所涉及股份均享有表决权，不存在表决权委托或受限等任何权利限制或限制转让的情况。

2、本次变动不存在违反《证券法》、《上市公司收购管理办法》等法律法规和上海证券交易所业务规则等相关规定情形及其相关承诺。

二、本次权益变动前后，信息披露义务人拥有公司权益的股份情况

本次变动前持有股份 本次变动后持有股份
股东名称 股份性质 持股数量 持股比例 持股数量 持股比例
（股） （%） （股） （%）

LAV One (Hong 合计持有股份 10,935,668 2.66% 6,809,843 1.66%

Kong) Co., 其中：无限售条

10,935,668 2.66% 6,809,843 1.66%
Limited 件流通股股份

Vertex 合计持有股份 17,745,902 4.32% 17,745,902 4.32%
Technology

其中：无限售条

Fund (III) Ltd 17,745,902 4.32% 17,745,902 4.32%
件流通股股份

备注：本次权益变动后所持有的公司股份均享有表决权，不存在表决权委托或受限等任何权利限制或限制转让的情况。

三、其他情况说明

……
[点击查看PDF原文]
提示：本网不保证其真实性和客观性，一切有关该股的有效信息，以交易所的公告为准，敬请投资者注意风险。
展开阅读全文"
(688321)微芯生物：股东LAVOne减持1.005%公司股份,"https://guba.eastmoney.com/news,688321,1113954836.html",2021-12-01 23:12:00,(688321)微芯生物：股东LAV One减持1.005%公司股份
9.30号以后大宗交易一共交易了2.84亿元，才减持了2%。以淡马锡的宣布清仓还,"https://guba.eastmoney.com/news,688321,1112870989.html",2021-11-29 20:30:14,9.30号以后大宗交易一共交易了2.84亿元，才减持了2%。以淡马锡的宣布清仓还有很多
大宗交易：微芯生物成交1026.3万元，折价6.48%（11-26）,"https://guba.eastmoney.com/news,688321,1112111427.html",2021-11-26 18:00:50,"来源：东方财富Choice数据作者：财智星
2021年11月26日，微芯生物发生了1笔大宗交易，总成交30万股，成交金额1026.3万元，成交价34.21元。当日收盘报价36.58元，跌幅1.61%，成交金额7205.28万元；大宗交易成交金额占当日成交金额14.24%，折价6.48%。
大宗交易明细
序号	成交数量（股）	成交金额（元）	占当日成交额（%）	成交价（元）	收盘价（元）	折溢率（%）	买方	卖方
1	30.00万	1026.30万	14.24	34.21	36.58	-6.48	华泰证券股份有限公司南昌苏圃路证券营业部	安信证券股份有限公司深圳宝安海秀路证券营业部
数据来源：Choice数据

11月26日，凯赛生物、传音控股、中公教育、隧道股份、浙商证券等公司均发生大宗交易，具体情况如下表：
沪深两市大宗交易一览（2021-11-26）
证券代码	证券简称	成交笔数	成交均价（元）	收盘价（元）	平均折溢率（%）	成交总数量（股）	成交总金额（元）	占当日成交额（%）
688065	凯赛生物	2	130.95	154.37	-15.17	833.00万	10.91亿	355.10
688036	传音控股	8	160.70	172.90	-7.06	420.00万	6.75亿	258.51
002607	中公教育	7	9.00	9.82	-8.35	3886.40万	3.50亿	72.94
600820	隧道股份	1	4.91	5.10	-3.73	6000.00万	2.95亿	702.14
601878	浙商证券	1	12.66	12.66	0.00	2297.46万	2.91亿	54.74
数据来源：Choice数据
（注：当日成交金额指竞价交易的成交金额，不包括大宗交易成交的部分）
免责声明：本文基于大数据生产，仅供参考，不构成任何投资建议，据此操作风险自担。
（文章来源：东方财富Choice数据）[点击查看原文]
#热点追踪#"
本来想买点的，但查了一下，不可思议。从去年8月到现大宗交易21个亿，流通盘才98,"https://guba.eastmoney.com/news,688321,1111644876.html",2021-11-25 22:12:22,本来想买点的，但查了一下，不可思议。从去年8月到现大宗交易21个亿，流通盘才98个亿，而且还在不停的减。
微芯生物12月1日大宗交易成交990.90万元,"https://guba.eastmoney.com/news,688321,1113890962.html",2021-12-01 18:37:46,"来源：数据宝


　　微芯生物12月1日大宗交易平台出现一笔成交，成交量30.00万股，成交金额990.90万元，大宗交易成交价为33.03元，相对今日收盘价折价8.88%。该笔交易的买方营业部为广发证券股份有限公司上海石泉路证券营业部，卖方营业部为兴业证券股份有限公司泉州通港西街证券营业部。

　　进一步统计，近3个月内该股累计发生43笔大宗交易，合计成交金额为3.27亿元。
　　证券时报·数据宝统计显示，微芯生物今日收盘价为36.25元，上涨0.97%，日换手率为0.71%，成交额为6546.05万元，全天主力资金净流入244.67万元，近5日该股累计下跌1.04%，近5日资金合计净流出1733.59万元。
　　两融数据显示，该股最新融资余额为4.15亿元，近5日增加909.17万元，增幅为2.24%。(数据宝)
　　12月1日微芯生物大宗交易一览
成交量(万股)	成交金额(万元)	成交价格(元)	相对当日收盘折溢价(%)	买方营业部	卖方营业部
30.00	990.90	33.03	-8.88	广发证券股份有限公司上海石泉路证券营业部	兴业证券股份有限公司泉州通港西街证券营业部


（文章来源：数据宝）[点击查看原文]"
每次一个利好过后都是10个点的跌幅,"https://guba.eastmoney.com/news,688321,1113866621.html",2021-12-01 16:53:32,每次一个利好过后都是10个点的跌幅
微芯生物：产品西达本胺新适应症在日本获批上市,"https://guba.eastmoney.com/news,688321,1113861660.html",2021-12-01 16:31:42,"来源：每日经济新闻


　　每经AI快讯，12月1日，微芯生物公告，公司产品西达本胺新适应症在日本获批上市。

（文章来源：每日经济新闻）[点击查看原文]
#热点追踪#"
82块目标价,"https://guba.eastmoney.com/news,688321,1113419743.html",2021-11-30 21:24:07,82块目标价
产能一亿片，一年总值九亿多元，流通市值九十多亿，哈哈，想想吧………所有人再投10,"https://guba.eastmoney.com/news,688321,1113857169.html",2021-12-01 16:18:41,产能一亿片，一年总值九亿多元，流通市值九十多亿，哈哈，想想吧………所有人再投10%资金，买断。利润就算一半，每股块把钱！那股价?何止上涨10%啊……
日100也有人买[为什么],"https://guba.eastmoney.com/news,688321,1113887276.html",2021-12-01 18:22:19,日100也有人买
大宗交易：微芯生物成交990.9万元，折价8.88%（12-01）,"https://guba.eastmoney.com/news,688321,1113883401.html",2021-12-01 18:01:23,"来源：东方财富Choice数据作者：财智星
2021年12月1日，微芯生物发生了1笔大宗交易，总成交30万股，成交金额990.9万元，成交价33.03元。当日收盘报价36.25元，涨幅0.97%，成交金额6546.05万元；大宗交易成交金额占当日成交金额15.14%，折价8.88%。
大宗交易明细
序号	成交数量（股）	成交金额（元）	占当日成交额（%）	成交价（元）	收盘价（元）	折溢率（%）	买方	卖方
1	30.00万	990.90万	15.14	33.03	36.25	-8.88	广发证券股份有限公司上海石泉路证券营业部	兴业证券股份有限公司泉州通港西街证券营业部
数据来源：Choice数据

12月1日，贵州茅台、潍柴动力、捷佳伟创、天风证券、金诚信等公司均发生大宗交易，具体情况如下表：
沪深两市大宗交易一览（2021-12-01）
证券代码	证券简称	成交笔数	成交均价（元）	收盘价（元）	平均折溢率（%）	成交总数量（股）	成交总金额（元）	占当日成交额（%）
600519	贵州茅台	1	1930.77	1932.99	-0.11	11.95万	2.31亿	4.55
000338	潍柴动力	7	16.05	16.37	-1.93	1193.12万	1.92亿	4.72
300724	捷佳伟创	7	111.50	121.58	-8.29	164.35万	1.83亿	16.61
601162	天风证券	2	3.90	3.90	0.00	4220.09万	1.65亿	59.69
603979	金诚信	2	19.75	21.27	-7.15	809.70万	1.60亿	159.26
数据来源：Choice数据
（注：当日成交金额指竞价交易的成交金额，不包括大宗交易成交的部分）
免责声明：本文基于大数据生产，仅供参考，不构成任何投资建议，据此操作风险自担。
（文章来源：东方财富Choice数据）[点击查看原文]"
微芯生物(688321.SH)股东LAV One及一致行动人合计减持412.58万股 减持比例达1%,"https://guba.eastmoney.com/news,688321,1113862976.html",2021-12-01 16:39:46,"微芯生物(688321.SH)发布公告，公司于2021年11月30日收到公司股东LAV One (Hong Kong)Co., Limited(简称“LAV One”)及其一致行动人Vertex Technology Fund (III) Ltd(简称“Vertex”)发来的《关于权益变动的告知函》，LAV One及其一致行动人于2021年10月20日-2021年11月30日期间合计减持412.58万股，减持比例1.005%。
（来源：智通财经的财富号 2021-12-01 16:39）[点击查看原文]"
微芯生物(688321.SH)：西达本胺新适应症在日本获批上市,"https://guba.eastmoney.com/news,688321,1113863833.html",2021-12-01 16:43:00,"微芯生物(688321.SH)发布公告，公司合作方沪亚生物国际有限责任公司(美国企业，简称“沪亚”)近日收到了日本医药品医疗器械综合机构(PMDA)批准西达本胺(海外编号：HBI-8000)上市的批件，用于单药治疗复发性或难治性(R/R)外周T细胞淋巴瘤(PTCL)。
这是西达本胺继2021年6月在日本获批用于单一疗法治疗复发性或难治性(R/R)成人T细胞白血病(ATL)之后，在日本再次获批上市的新的一种肿瘤适应症。本次获批，公司将获得对应的里程碑收入及未来相应比例的销售分成。
（来源：智通财经的财富号 2021-12-01 16:43）[点击查看原文]"
微芯生物：公司产品西达本胺新适应症在日本获批上市,"https://guba.eastmoney.com/news,688321,1113861547.html",2021-12-01 16:33:28,"来源：证券时报


　　微芯生物(688321)12月1日晚间公告，公司合作方沪亚生物国际有限责任公司(美国企业，简称“沪亚”)近日收到了日本医药品医疗器械综合机构(PMDA)批准西达本胺(海外编号：HBI-8000)上市的批件，用于单药治疗复发性或难治性(R/R)外周T细胞淋巴瘤(PTCL)。

（文章来源：证券时报）[点击查看原文]"
微芯生物财务激进护航再融资,"https://guba.eastmoney.com/news,688321,1113304453.html",2021-11-30 14:55:49,"微芯生物产品线薄弱，不得不采用激进的会计手段粉饰业绩。
本刊记者杜鹏／文
微芯生物（688321.SH）是一家创新药上市公司，2021年前三季度实现营业收入2.77亿元，同比增长48.61%；净利润亏损2425万元，上年同期为3843万元；公司11月23日收盘总市值150亿元。
2021年以来，微芯生物采用了更加激进的研发投入会计处理政策，大额在建工程也存在延迟转固之嫌。如果没有激进的会计政策，2021年将发生更大的亏损，此举存在粉饰业绩护航再融资之嫌。
激进的会计政策
2021年三季度末，微芯生物开发支出账面价值2.06亿元，相比2020年同期的1.21亿元增加70.21%，较2021年年初的1.33亿元增加54.89%。
根据2021年中报，微芯生物2021年上半年研发投入合计1.02亿元，资本化研发投入4397万元，研发投入资本化比例43.17%。2020年同期，其研发投入合计5909万元，资本化研发投入2355万元，研发投入资本化比重39.85%。
可以看出，微芯生物研发投入资本化比例一直处于高位，采取了激进的研发投入会计处理政策。
目前，A股医药上市公司中总市值排名靠前的有恒瑞医药（600276.SH）、长春高新（000661.SZ）、君实生物（688180.SH）等。
其中，恒瑞医药和君实生物账面上没有任何开发支出，研发投入全部做了费用化处理。长春高新2021年上半年研发投入总额和资本化研发投入分别为4.47亿元、9514万元，据此计算研发投入资本化比例21.29%，显著低于微芯生物。
无论是纵向还是横向比较，微芯生物2021年都采用了较为激进的研发投入会计处理政策，最大好处是可以直接增厚当期利润和净资产。2021年前三季度，微芯生物净利润亏损2425万元，开发支出期间增加额7271万元。如果没有研发投入资本化，净利润将有更大幅度的亏损。
除了开发支出以外，微芯生物的在建工程科目也值得商榷。2021年三季度末，公司在建工程账面价值3.95亿元，占总资产的22.67%。根据2021年中报，在建工程共有三个项目构成，分别为成都创新药生产基地（一期、二期）、成都创新药生产基地（三期）、成都研发中心及区域总部。
成都创新药生产基地（一期、二期）预算投资额2.8亿元，累计投入112.74%，已经显著超出预算。根据2020年年报及2021年中报介绍，一期项目已竣工验收，并收到GMP符合性通知书和药品生产许可证（A证）；二期项目已完成厂房、生产及辅助设施工程建设，并完成了西奥罗尼原料药及胶囊研究。这说明该项目已经符合转固条件，但奇怪的是仍有2.48亿元挂在在建工程科目，存在延迟转固之嫌。
成都研发中心及区域总部项目预算投资额2.67亿元，累计投入99.91%。根据2021年中报，项目2017年10月开始动工，目前即将完成竣工验收，但是该项目仍有2.67亿元挂在在建工程科目，几乎没有做过转固处理，恐怕也存在刻意延迟转固之嫌。
在建工程延迟转固最大的好处是可以减少计提折旧及利息，增加利润。上面两个项目2021年上半年末挂在在建工程科目的金额合计5.15亿元，按照20年折旧计算，每延迟1年转固就可以少计提折旧2575万元。
此外，政府补助对于微芯生物业绩也有较大贡献。2021年前三季度，公司其他收益1843万元。根据2020年年报及2021年中报披露，其他收益全部来自政府补助。
微芯生物努力粉饰业绩，显然有利于融资。8月29日晚间，上市公司公告称，公司拟发行可转换公司债券募集不超过5亿元，期限为自发行之日起六年，募集资金用于创新药生产基地（三期）、西奥罗尼联合紫杉醇治疗巢癌III期临床试验、补充流动资金。10月29日，本次可转债事项获得上交所受理。
产品线薄弱
微芯生物通过会计手段粉饰利润，说明其主业并不乐观。
2001年，微芯生物由以鲁先平博士为核心的资深留美归国团队创立，主攻first-in-class级的新分子实体原创药。2020年和2021年前三季度，公司营业额为2.69亿元、2.77亿元。
信达生物（01801.HK）与君实生物均是国内具有代表性的创新药上市公司，两者创立时间分别为2011年8月、2012年12月，2020年营业额分别为38.44亿元、15.95亿元。信达生物2021年上半年营业额20.32亿元，君实生物2021年前三季度收入27.18亿元。
可以看出，微芯生物成立时间比信达生物、君实生物早了足足十年，但是其目前销售额仅为后者的零头，错失创新药的黄金时代，背后的原因在于微芯生物产品线过于薄弱。
微芯生物目前已上市销售的产品仅有两款，分别为西达本胺和西格列他钠，两者均为国家1 类原创新药。
西达本胺目前已有两个适应症成功获批上市，用于治疗外周T细胞淋巴瘤和乳腺癌，获批时间分别为2014年12月、2019年11月。
淋巴瘤是起源于淋巴造血系统的恶性肿瘤，可分为非霍奇金淋巴瘤（NHL）和霍奇金淋巴瘤（HL），前者占整个淋巴瘤的90%，其中外周T细胞淋巴瘤发病率约占NHL的10%-15%。
平安证券研究报告称，目前国内淋巴瘤每年新发病例约10.31万人。按照上述比例测算，外周T细胞淋巴瘤每年新发病例仅有0.93万-1.39万人，销售空间不被市场看好。微芯生物2020年以前的营业收入基本全部来自外周T细胞淋巴瘤适应症，该适应症2017年进入国家医保乙类目录，但是公司营业收入仅从2017年的1.11亿元增加至2019年的1.74亿元，增加额只有6330万元。可以看出，这款适应症市场空间极其有限。
相比外周T细胞淋巴瘤，微芯生物西达本胺于2019年11月获批的乳腺癌适应症，虽然是个大病种，但是这款适应症至今仍未进入医保目录。
2021年上半年，微芯生物实现营业收入1.83亿元。国海证券研究报告称，2021年上半年公司确认了沪亚生物支付的西达本胺成年人T细胞白血病（ATL）适应症日本获批阶段技术授权收入，预计收到约2000余万元。
扣除掉海外技术授权收入之后，微芯生物西达本胺国内市场销售额大约1.63亿元，相比公司2019年和2020年中期营业收入增加额分别为8139万元、5272万元。
可以看出，没有进入医保目录的乳腺癌适应症放量并不明显，对销售额拉动有限。2021年三季度单季，微芯生物实现营业收入9324万元，环比二季度减少1476万元，存在放缓趋势。
为了拓展市场，微芯生物新增西达本胺新适应症乳腺癌的学术推广费用、扩招肿瘤销售团队、组建代谢产品事业部团队，使得2021年前三季度销售费用达到1.61亿元，同比增长104.24%，管理费用也达到5494万元，同比增长73.33%。2021年前三季度发生亏损，最主要的原因就是营业收入难以覆盖费用支出。
除了西达本胺以外，微芯生物的西格列他钠于2021年10月获批上市，适用于配合饮食控制和运动，改善成人II型糖尿病患者的血糖控制。糖尿病是个大病种，目前中国有1.16亿糖尿病患者，其中90%左右为II型糖尿病，但是用于治疗糖尿病的药物数量众多，竞争极其激烈，而西格列他钠并非突破性创新药。
II型糖尿病主要治疗药物包括胰岛素及其类似物、双胍类、糖苷酶抑制剂类、磺酰脲类、胰高血糖素样肽-1（GLP-1）类似物、二肽基肽酶-4（DPP-4）抑制剂、钠-葡萄糖共转运蛋白2（SGLT-2）抑制剂、噻唑烷二酮（TZD）类等。
根据《中国II型糖尿病防治指南》，目前二甲双胍是首选药物，-糖苷酶抑制、胰岛素促泌剂同为一线治疗药物。但从指南发展趋势看，GLP-1 类似物、DPP-4 抑制剂、SGLT-2 抑制剂等新型机制药物正逐步成为重要的二线药物，未来甚至有望成为一线用药，这些新型机制药物是西格列他钠的主要竞争药品。
西格列他钠10月获批上市以后，微芯生物二级市场股价并没有良好表现，市场对这款药信心似乎也并不大。
从研发管线上来看，微芯生物目前处于临床三期的品种并不多，期待值不高。在研发路线上，微芯生物采用的是差异化开发策略，远离单抗、双抗、细胞治疗等热门靶点，做的大部分是冷门品种。
这种研发路线并没有得到资本市场认可，自2019年上市以来，公司股价已从高点125元/股最低跌至33.44元/股，11月23日收盘价36.4元/股。
《证券市场周刊》记者给微芯生物发去了采访函，截至发稿未收到上市公司回复。
（来源：证券市场周刊的财富号 2021-11-30 14:55）[点击查看原文]
展开阅读全文"
鲁药头的股微芯生物今天表现不错,"https://guba.eastmoney.com/news,688321,1113833830.html",2021-12-01 15:10:38,相当不错
快下来，让我进点货,"https://guba.eastmoney.com/news,688321,1113767915.html",2021-12-01 14:03:35,不看好快点出给我
涨上去是为了更好的下跌吗,"https://guba.eastmoney.com/news,688321,1113751756.html",2021-12-01 13:47:56,。。
等着爆炸，不是烟花就是地雷[吃瓜][买入][火箭],"https://guba.eastmoney.com/news,688321,1113744492.html",2021-12-01 13:40:31,等着爆炸，不是烟花就是地雷
看看大宗交易，接盘的不是托就是哈怂。,"https://guba.eastmoney.com/news,688321,1113714397.html",2021-12-01 13:10:36,看看大宗交易，接盘的不是托就是哈怂。
大家觉得微芯真实的交易量有多少？,"https://guba.eastmoney.com/news,688321,1113562492.html",2021-12-01 09:58:17,今天开盘半小时交易量只有0.1%，这两天的利空反而导致交易量进一步锐减，如果不算主力抛出来压盘的筹码，真实交易量只会更少！
减持结束，马上启航,"https://guba.eastmoney.com/news,688321,1113668887.html",2021-12-01 11:23:02,减持结束，马上启航
，涨是为了下一次砸盘,"https://guba.eastmoney.com/news,688321,1113678952.html",2021-12-01 11:35:54,这票抱有期望的散户太多，远没有见底。。
百济上市，建议直接把微芯收购得了,"https://guba.eastmoney.com/news,688321,1113491351.html",2021-12-01 08:44:59,1+1>2，老鲁还是好好的研发吧，别参合公司销售和管理了
688321:深圳微芯生物科技股份有限公司关于媒体报道的澄清公告,"https://guba.eastmoney.com/news,688321,1113346698.html",2021-11-30 16:27:34,"公告日期：2021-12-01

证券代码：688321 证券简称：微芯生物 公告编号：2021-092
深圳微芯生物科技股份有限公司

关于媒体报道的澄清公告

本公司董事会及全体董事保证本公告内容不存在任何虚假记载、误导性陈述或者重大遗漏，并对其内容的真实性、准确性和完整性依法承担法律责任。
一、媒体报道简述

近日，深圳微芯生物科技股份有限公司（以下简称“微芯生物”或“公司”）关注到有媒体在网络发布题为《微芯生物财务激进护航再融资》的文章。公司第一时间关注到上述报道并立即进行了认真核实，为了避免对投资者造成误导，现予以澄清说明。
二、澄清声明

针对报道中提及的问题，澄清如下：

（一）关于研发投入会计处理政策

文章报道：2021 年三季度末，微芯生物开发支出账面价值 2.06 亿元，相比
2020 年同期的 1.21 亿元增加 70.21%，较 2021 年年初的 1.33 亿元增加 54.89%。
根据 2021 年中报，微芯生物 2021 年上半年研发投入合计 1.02 亿元，资本化研
发投入 4397 万元，研发投入资本化比例 43.17%。2020 年同期，其研发投入合计5909 万元，资本化研发投入 2355 万元，研发投入资本化比重 39.85%。可以看出，微芯生物研发投入资本化比例一直处于高位，采取了激进的研发投入会计处理政策。

公司核实情况如下：

由于医药研发高投入、高风险、长周期的特点，国内部分医药企业采取了研发支出资本化的方式。公司与同行业上市公司均根据自身药品开发的技术特征和
开发经验等确定研发支出资本化的时点。公司根据自身实际情况以药品上市前取得最后一次临床试验批件作为开发阶段的起点，进入开发阶段且满足资本化条件的项目支出进行资本化。同行业上市公司中，前沿生物以开始临床 III 期研究之日作为开发阶段的起点，进入开发阶段且满足资本化条件的项目支出进行资本化；贝达药业对于 1、2 类新药自开始开展实质性 III 期临床试验至取得生产批件的期间为开发阶段，对于以 II 期临床试验支持上市申请的新药研发项目，自开始开展实质性 II 期临床试验至取得生产批件的期间为开发阶段，进入开发阶段
且满足资本化条件的项目支出进行资本化；恒瑞医药于 2021 年 11 月 19 日发布
公告，对于需要临床试验的药品研发项目，开发阶段支出是指药品研发进入Ⅲ期临床试验（或关键性临床试验）阶段后的研发支出，开发阶段支出经评估满足资本化条件时，计入开发支出。因此，公司研发支出资本化会计政策与同行业公司不存在重大差异，且该会计政策在公司上市前后均保持一致。

医药企业研发支出资本化的金额和比例与公司的研发支出资本化会计政策、研发管线的临床进展情况密切相关。2021 年公司开发支出增加主要原因系公司针对西达本胺弥漫大 B 细胞淋巴瘤适应症等临床项目加大研发投入所致。2021年上半年和 2020 年上半年，公司研发投入资本化比例分别为 43.17%和 39.85%，同行业上市公司中，贝达药业 2021 年上半年和 2020 年上半年研发投入资本化比
例分别为 39.08%和 53.97%，特宝生物 2021 年上半年和 2020 年上半年研发投入
资本化比例分别为 44.26%和 25.87%，信立泰 2021 年上半年和 2020 年上半年研
发投入资本化比例分别为 61.30%和 26.19%。因此，公司研发投入资本化比例与同行业公司不存在重大差异。

综上，公司不存在“2021 年都采用了较为激进的研发投入会计处理政策”的情况。公司研发支出资本化会计政策在公司上市前后均保持一致，使公司研发费用计量更加符合公司实际情况。

（二）关于在建工程转固

文章报道：2021 年三季度末，公司在建工程账面价值 3.95 亿元，占总资产
的 22.67%。根据 2021 年中报，在建工程共有三个项目构成，分别为成都创新药生产基地（一期、二期）、成都创新药生产基地（三期）、成都研发中心及区域总部。成都创新药生产基地（一期、二期）预算投资额 2.8 亿元，累计投入 112.74%，
已经显著超出预算。根据 2020 年年报及 2021 年中报介绍，一期项目已竣工验收，并收到 GMP 符合性通知书和药品生产许可证（A 证）；二期项目已完成厂房、生产及辅助设施工程建设，并完成了西奥罗尼原料药及胶囊研究。这说明该项目已经符合转固条件，但奇怪的是仍有 2.48 亿元挂在在建工程科目，存在延迟转固之嫌。成都研发中心及区域总部项目预算投资额 2.67 亿元，累计投入 99.91%。
根据 2021 年中报，项目 2017 年 10 月开始动工，目前即……
[点击查看PDF原文]
提示：本网不保证其真实性和客观性，一切有关该股的有效信息，以交易所的公告为准，敬请投资者注意风险。
展开阅读全文"
几万当给你了，天天绿就行,"https://guba.eastmoney.com/news,688321,1113520581.html",2021-12-01 09:34:20,几万当给你了，天天绿就行
今天问了一个内分泌科的主任，问他知道西格列他钠吗？他说不知道，问他知道双洛平吗？,"https://guba.eastmoney.com/news,688321,1113414629.html",2021-11-30 21:04:58,今天问了一个内分泌科的主任，问他知道西格列他钠吗？他说不知道，问他知道双洛平吗？他说也不知道，给他看了微芯生物视频号里面的介绍，里面有几个专家，问他这几个人在业内权威吗？他说还是挺权威的，综上所述，微芯生物要打开市场任重而道远！
今天跟不跟老美？,"https://guba.eastmoney.com/news,688321,1113484504.html",2021-12-01 08:05:54,今天跟不跟老美？
微芯生物：融资净偿还1.44万元，融资余额4.15亿元（11-30）,"https://guba.eastmoney.com/news,688321,1113483409.html",2021-12-01 07:59:24,"来源：东方财富Choice数据作者：财智星
微芯生物融资融券信息显示，2021年11月30日融资净偿还1.44万元；融资余额4.15亿元，较前一日下降0%
融资方面，当日融资买入682.16万元，融资偿还683.6万元，融资净偿还1.44万元。融券方面，融券卖出5.07万股，融券偿还5.76万股，融券余量235.62万股，融券余额8458.68万元。融资融券余额合计5亿元。
微芯生物融资融券交易明细（11-30）
微芯生物历史融资融券数据一览
免责声明：本文基于大数据生产，仅供参考，不构成任何投资建议，据此操作风险自担。
（文章来源：东方财富Choice数据）[点击查看原文]"
终于有利空了，不容易呀，,"https://guba.eastmoney.com/news,688321,1113447770.html",2021-11-30 23:34:43,终于 有利空了，不容易呀，
微芯生物现2笔大宗交易 均为折价成交,"https://guba.eastmoney.com/news,688321,1113381381.html",2021-11-30 18:43:49,"来源：数据宝


　　微芯生物11月30日大宗交易平台共发生2笔成交，合计成交量35.00万股，成交金额1157.10万元。成交价格均为33.06元，相对今日收盘价折价7.91%。

　　进一步统计，近3个月内该股累计发生42笔大宗交易，合计成交金额为3.17亿元。
　　证券时报·数据宝统计显示，微芯生物今日收盘价为35.90元，下跌0.11%，日换手率为0.74%，成交额为6668.54万元，全天主力资金净流出422.62万元，近5日该股累计下跌1.37%，近5日资金合计净流出2828.73万元。
　　两融数据显示，该股最新融资余额为4.15亿元，近5日增加1147.49万元，增幅为2.84%。(数据宝)
　　11月30日微芯生物大宗交易一览
成交量(万股)	成交金额(万元)	成交价格(元)	相对当日收盘折溢价(%)	买方营业部	卖方营业部
23.00	760.38	33.06	-7.91	华泰证券股份有限公司南昌苏圃路证券营业部	安信证券股份有限公司深圳宝安海秀路证券营业部
12.00	396.72	33.06	-7.91	华泰证券股份有限公司南昌苏圃路证券营业部	安信证券股份有限公司深圳宝安海秀路证券营业部


（文章来源：数据宝）[点击查看原文]"
加大仓位！时机已到！黑媒所说的那些，对于一家创新型公司来说，都不算是问题！科创板,"https://guba.eastmoney.com/news,688321,1113417367.html",2021-11-30 21:15:07,"加大仓位！时机已到！
黑媒所说的那些，对于一家创新型公司来说，都不算是问题！
科创板的意义是什么？就是给未来有巨大价值，但是目前亏损的企业融资！
买股要看未来！用炒主板的思路炒科创板，是不适合的"
微芯生物(688321.SH)澄清：不存在“2021年都采用了较为激进的研发投入会计处理政策”情况,"https://guba.eastmoney.com/news,688321,1113352327.html",2021-11-30 16:47:09,"微芯生物(688321.SH)公告，公司近日关注到有媒体在网络发布题为《微芯生物财务激进护航再融资》的文章。公司关注到上述报道并立即进行了认真核实，并予以澄清说明。针对报道中提及的问题，澄清如下：
(一)关于研发投入会计处理政策
文章报道：2021年三季度末，微芯生物开发支出账面价值2.06亿元，相比2020年同期的1.21亿元增加70.21%，较2021年年初的1.33亿元增加54.89%。根据2021年中报，微芯生物2021年上半年研发投入合计1.02亿元，资本化研发投入4397万元，研发投入资本化比例43.17%。2020年同期，其研发投入合计5909万元，资本化研发投入2355万元，研发投入资本化比重39.85%。可以看出，微芯生物研发投入资本化比例一直处于高位，采取了激进的研发投入会计处理政策。
公司核实情况如下：由于医药研发高投入、高风险、长周期的特点，国内部分医药企业采取了研发支出资本化的方式。公司与同行业上市公司均根据自身药品开发的技术特征和开发经验等确定研发支出资本化的时点。公司根据自身实际情况以药品上市前取得最后一次临床试验批件作为开发阶段的起点，进入开发阶段且满足资本化条件的项目支出进行资本化。同行业上市公司中，前沿生物以开始临床III期研究之日作为开发阶段的起点，进入开发阶段且满足资本化条件的项目支出进行资本化;贝达药业对于1、2类新药自开始开展实质性III期临床试验至取得生产批件的期间为开发阶段，对于以II期临床试验支持上市申请的新药研发项目，自开始开展实质性II期临床试验至取得生产批件的期间为开发阶段，进入开发阶段且满足资本化条件的项目支出进行资本化;恒瑞医药于2021年11月19日发布公告，对于需要临床试验的药品研发项目，开发阶段支出是指药品研发进入Ⅲ期临床试验(或关键性临床试验)阶段后的研发支出，开发阶段支出经评估满足资本化条件时，计入开发支出。因此，公司研发支出资本化会计政策与同行业公司不存在重大差异，且该会计政策在公司上市前后均保持一致。
医药企业研发支出资本化的金额和比例与公司的研发支出资本化会计政策、研发管线的临床进展情况密切相关。2021年公司开发支出增加主要原因系公司针对西达本胺弥漫大B细胞淋巴瘤适应症等临床项目加大研发投入所致。2021年上半年和2020年上半年，公司研发投入资本化比例分别为43.17%和39.85%，同行业上市公司中，贝达药业2021年上半年和2020年上半年研发投入资本化比例分别为39.08%和53.97%，特宝生物2021年上半年和2020年上半年研发投入资本化比例分别为44.26%和25.87%，信立泰2021年上半年和2020年上半年研发投入资本化比例分别为61.30%和26.19%。因此，公司研发投入资本化比例与同行业公司不存在重大差异。
综上，公司不存在“2021年都采用了较为激进的研发投入会计处理政策”的情况。公司研发支出资本化会计政策在公司上市前后均保持一致，使公司研发费用计量更加符合公司实际情况。
(二)关于在建工程转固
文章报道：2021年三季度末，公司在建工程账面价值3.95亿元，占总资产的22.67%。根据2021年中报，在建工程共有三个项目构成，分别为成都创新药生产基地(一期、二期)、成都创新药生产基地(三期)、成都研发中心及区域总部。成都创新药生产基地(一期、二期)预算投资额2.8亿元，累计投入112.74%，已经显著超出预算。根据2020年年报及2021年中报介绍，一期项目已竣工验收，并收到GMP符合性通知书和药品生产许可证(A证);二期项目已完成厂房、生产及辅助设施工程建设，并完成了西奥罗尼原料药及胶囊研究。这说明该项目已经符合转固条件，但奇怪的是仍有2.48亿元挂在在建工程科目，存在延迟转固之嫌。成都研发中心及区域总部项目预算投资额2.67亿元，累计投入99.91%。根据2021年中报，项目2017年10月开始动工，目前即将完成竣工验收，但是该项目仍有2.67亿元挂在在建工程科目，几乎没有做过转固处理，恐怕也存在刻意延迟转固之嫌。
公司核实情况如下：成都创新药生产基地(一期、二期)项目包括非肿瘤创新药生产及辅助设施(一期)、肿瘤创新药生产及辅助设施(二期)，为原创抗2型糖尿病新药西格列他钠和原创抗肿瘤新药西奥罗尼在成都市高新西部园区配套建设符合美国、欧盟cGMP标准和中国GMP标准的小分子药物生产基地。其中，成都创新药生产基地(一期、二期)项目中质检楼和综合楼于2020年达到预定可使用状态已转入固定资产;成都创新药生产基地(一期、二期)项目中西格列他钠原料药、制剂生产线已于2021年7月通过GMP现场检查，满足《药品生产质量管理规范》中关于厂房与设施、设备管理等要求，达到预定可使用状态，公司取得四川省药品监督管理局签发的“川2021071”号《药品GMP现场检查结果通知书》并已将相应在建工程转入固定资产;成都创新药生产基地(一期、二期)项目中西奥罗尼原料药、制剂生产线尚未转固系由于西奥罗尼处于III期临床试验，尚未达到GMP验收阶段，不满足转入固定资产的条件。
成都研发中心及区域总部项目系公司在成都高新区建设的区域运营总部及研发中心，目前已完工正在办理相关竣工验收手续。由于公司的成都研发中心及区域总部为研发、管理所建设，目前尚未达到预定可使用状态，因此，成都研发中心及区域总部不满足转入固定资产的条件。
综上，公司不存在“刻意延迟转固”的情形。公司在建工程转入固定资产的的条件符合会计准则要求和医药行业的法规要求。
(三)关于政府补助
文章报道：政府补助对于微芯生物业绩也有较大贡献。2021年前三季度，公司其他收益1843万元。根据2020年年报及2021年中报披露，其他收益全部来自政府补助。
公司核实情况如下：2020年度，公司其他收益为2,395.44万元;2021年1-9月，公司其他收益为1,842.86万元，均来自政府补助。目前国家及地方政府高度重视生物医药行业的发展，鼓励生物医药企业勇于创新及开拓。公司作为一家自主研发新分子实体药物的创新型生物医药企业，积极响应国家号召，申请了多项研究课题并取得一系列成果，获得了国家及地方政府的政策和资金支持。公司的政府补助系根据研发进展和研发成果向有关部门申请后获得，有助于公司进一步加大研发投入并拓展产品管线。
综上，公司已经基于核心技术平台建立了从临床前候选药物筛选到创新药产品商业化的全产业链布局，近年来营业收入持续增长，对政府补助不存在重大依赖。
(四)关于产品线薄弱
文章报道：微芯生物成立时间比信达生物、君实生物早了足足十年，但是其目前销售额仅为后者的零头，错失创新药的黄金时代，背后的原因在于微芯生物产品线过于薄弱。……从研发管线上来看，微芯生物目前处于临床三期的品种并不多，期待值不高。在研发路线上，微芯生物采用的是差异化开发策略，远离单抗、双抗、细胞治疗等热门靶点，做的大部分是冷门品种。
公司核实情况如下：公司是国内最早开展原创新药研发的公司之一，致力于为患者提供可承受的、临床亟需的、具有革命性疗效的创新机制药物，坚持以原始创新来满足未被满足的临床需求。公司主要产品均为自主研究发现与开发的新分子实体且作用机制新颖的原创新药，其中已获批上市的国家1类原创新药西达本胺是全球首个亚型选择性组蛋白去乙酰化酶(HDAC)抑制剂;已获批上市的国家1类原创新药西格列他钠是全球首个获批治疗2型糖尿病的PPAR全激动剂，在糖尿病领域，以噻唑烷二酮(TZD)类为代表的的PPAR激动剂开创了胰岛素增敏剂时代，由于安全性隐患而受到市场限制。西格列他钠在上述背景下创新性地引入了平衡的PPAR全激动剂设想，旨在最大化发挥PPAR激动剂在胰岛素增敏、脂质代谢以及能量代谢平衡方面的综合疗效同时降低单一亚型激动剂的潜在风险。尽管临床研究已经显示出其上述临床特点，但是作为全球第一个该机制药物，相比于现有其他上市药物，西格列他钠仍处在临床应用的初级阶段，相信随着更多正在和即将开展的临床研究的结果获取以及临床应用的深入，临床医生和患者从研究证据和实际体验中进一步了解西格列他钠带来的综合获益，它的临床价值和市场影响力会得到真正的体现;处于临床阶段的三通路肿瘤靶向抑制剂西奥罗尼、高选择性JAK3激酶抑制剂CS12192亦均为国家1类原创新药，且全球尚无同类机制的药物获批上市，将带来差异化的临床治疗价值和独特的市场定位。上述产品具有多种适应症拓展潜力，在多项适应症领域进行全球同步开发与商业化。
总体上看，公司在研管线品种丰富，目前已上市或临床阶段的品种都体现了公司一脉相承的创新药策略，都具有独特的临床应用和市场价值。公司专注对人类生命健康造成严重威胁的恶性肿瘤、代谢性疾病、自身免疫性疾病、中枢神经系统疾病及抗病毒等五大领域的原创新药研发，药物形式也兼顾传统小分子化学药物和抗体及核酸等大分子药物。随着公司成都研发中心的成立和研发队伍的稳步扩充，后续产品链的建设工作正有条不紊地开展，为公司的长期良性发展奠定良好基础。
（来源：智通财经的财富号 2021-11-30 16:47）[点击查看原文]
展开阅读全文"
这篇杜某人写的文章别有用心，如果小散们不会判断有所亏损可以留证据，因为这是恶意做,"https://guba.eastmoney.com/news,688321,1113360659.html",2021-11-30 17:17:41,这篇杜某人写的文章别有用心，如果小散们不会判断有所亏损可以留证据，因为这是恶意做空，低位收集带血筹码。等公司出公告说明拉高再反手卖出，一个字高。只能说为了利益不择手段。
半个月内上40,"https://guba.eastmoney.com/news,688321,1113395547.html",2021-11-30 19:47:05,半个月内上40
建议今后如有媒体在低位发表不实、猜测，亿想的针对上市公司文章而造成投资者损失的要,"https://guba.eastmoney.com/news,688321,1113413704.html",2021-11-30 21:01:29,建议今后如有媒体在低位发表不实、猜测，亿想的针对上市公司文章而造成投资者损失的要首先保存证据，以便于日后向证监会举报！向黑媒索赔！！！
三重底，三次背离，理论上要翻万江个箱体。,"https://guba.eastmoney.com/news,688321,1113396838.html",2021-11-30 19:52:27,三重底，三次背离，理论上要翻万江个箱体。
看看股价和大股东减持就知道了！再澄清也没用！,"https://guba.eastmoney.com/news,688321,1113397246.html",2021-11-30 19:54:16,看看股价和大股东减持就知道了！再澄清也没用！
融资5亿，让人看不起。非公开发行，融上50亿，有那能耐吗?怕没底气吧，丢人。,"https://guba.eastmoney.com/news,688321,1113356681.html",2021-11-30 17:03:01,融资5亿，让人看不起。非公开发行，融上50亿，有那能耐吗?怕没底气吧，丢人。
我就问一句，前一段时间有股东买了一些西格列他纳吃了效果比同类产品有没有好,"https://guba.eastmoney.com/news,688321,1113381864.html",2021-11-30 18:47:04,我就问一句，前一段时间有股东买了一些西格列他纳吃了效果比同类产品有没有好
大宗交易：微芯生物成交1157.1万元，折价7.91%（11-30）,"https://guba.eastmoney.com/news,688321,1113376871.html",2021-11-30 18:00:54,"来源：东方财富Choice数据作者：财智星
2021年11月30日，微芯生物发生了2笔大宗交易，总成交35万股，成交金额1157.1万元，成交均价33.06元。当日收盘报价35.90元，跌幅0.11%，成交金额6668.54万元；大宗交易成交金额占当日成交金额17.35%，折价7.91%。
大宗交易明细
序号	成交数量（股）	成交金额（元）	占当日成交额（%）	成交价（元）	收盘价（元）	折溢率（%）	买方	卖方
1	23.00万	760.38万	11.40	33.06	35.90	-7.91	华泰证券股份有限公司南昌苏圃路证券营业部	安信证券股份有限公司深圳宝安海秀路证券营业部
2	12.00万	396.72万	5.95	33.06	35.90	-7.91	华泰证券股份有限公司南昌苏圃路证券营业部	安信证券股份有限公司深圳宝安海秀路证券营业部
数据来源：Choice数据

11月30日，东方雨虹、雅本化学、美盛文化、海利得、协鑫集成等公司均发生大宗交易，具体情况如下表：
沪深两市大宗交易一览（2021-11-30）
证券代码	证券简称	成交笔数	成交均价（元）	收盘价（元）	平均折溢率（%）	成交总数量（股）	成交总金额（元）	占当日成交额（%）
002271	东方雨虹	2	39.55	39.53	0.04	665.00万	2.63亿	25.25
300261	雅本化学	1	7.24	7.66	-5.48	1900.00万	1.38亿	22.57
002699	美盛文化	1	4.39	4.48	-2.01	2811.15万	1.23亿	59.09
002206	海利得	5	8.96	10.59	-15.39	1200.00万	1.08亿	19.13
002506	协鑫集成	2	4.23	4.32	-2.08	2400.00万	1.02亿	16.21
数据来源：Choice数据
（注：当日成交金额指竞价交易的成交金额，不包括大宗交易成交的部分）
免责声明：本文基于大数据生产，仅供参考，不构成任何投资建议，据此操作风险自担。
（文章来源：东方财富Choice数据）[点击查看原文]
展开阅读全文"
如果做仿制药，就会说不是FIC，没有技术含量；如果做孤儿药，就会说市场太小；反之,"https://guba.eastmoney.com/news,688321,1108410819.html",2021-11-18 08:48:56,"如果做仿制药，就会说不是FIC，没有技术含量；如果做孤儿药，就会说市场太小；反之，就会说市场竞争激烈；如果进入医保，就会说价格要大幅度降低，利润会减少；反之，就会说销量上不去；如果销量稳步增长，就会说市场不认可。
没有完美的公司，也没有完美的股票。
4000多个股票，你干嘛买微芯？无非是你眼力差，还有你心态差！"
去海正了。拜拜喽。,"https://guba.eastmoney.com/news,688321,1113159438.html",2021-11-30 11:47:29,去海正了。拜拜喽。
融资5亿，让人看不起。非公开发行，融上50亿，有那能耐吗?怕没底气吧，丢人。,"https://guba.eastmoney.com/news,688321,1113357097.html",2021-11-30 17:04:18,融资5亿，让人看不起。非公开发行，融上50亿，有那能耐吗?怕没底气吧，丢人。
真的供不应求？,"https://guba.eastmoney.com/news,688321,1112369151.html",2021-11-28 19:00:03,"


"
咋回事？难道出公告拉？,"https://guba.eastmoney.com/news,688321,1113290502.html",2021-11-30 14:42:25,咋回事？难道出公告拉？
我知道这货为啥天天跌了，因为卤腊即喜欢当爹呀,"https://guba.eastmoney.com/news,688321,1113212865.html",2021-11-30 13:32:08,"因为卤腊即喜欢当爹呀。所以这货天天跌。这样所有人都要叫他一声卤爹。
"
那么多唱空的，难道快涨了[为什么][为什么][为什么]事出反常必有妖，先加仓10,"https://guba.eastmoney.com/news,688321,1113238228.html",2021-11-30 13:55:09,那么多唱空的，难道快涨了事出反常必有妖，先加仓1000
看样子大股东还没减持完，不到30元散户不要进。,"https://guba.eastmoney.com/news,688321,1113206460.html",2021-11-30 13:26:05,看样子大股东还没减持完，不到30元散户不要进。
新低，破发，可以痛快点吗？,"https://guba.eastmoney.com/news,688321,1113206727.html",2021-11-30 13:26:20,新低，破发，可以痛快点吗？
我决定喊他鲁药客---或者鲁药头？,"https://guba.eastmoney.com/news,688321,1113167576.html",2021-11-30 12:13:27,什么鲁博士，鲁教授都太文气，跟鲁药客的本质不符。
卤腊鸡,"https://guba.eastmoney.com/news,688321,1113173062.html",2021-11-30 12:33:10,"卤腊鸡
"
由于长生事件出现了疫苗股的暴涨！,"https://guba.eastmoney.com/news,688321,1113158620.html",2021-11-30 11:45:03,"由于塑化剂事件出现了白酒股的暴涨；
由于集采事件又将出现原创药的暴涨。
耐心等待是上策！"
只有跌破33元，散户才会比赛割肉。今年年报业绩必须是大雷！,"https://guba.eastmoney.com/news,688321,1113155365.html",2021-11-30 11:38:01,只有跌破33元，散户才会比赛割肉。今年年报业绩必须是大雷！
象艾利斯-U一样，一款爆品出来，业绩马上增长百分几千，股价就飞了。这种票适合低吸,"https://guba.eastmoney.com/news,688321,1112950636.html",2021-11-30 07:46:45,象艾利斯-U一样，一款爆品出来，业绩马上增长百分几千，股价就飞了。这种票适合低吸潜伏，慢慢买，不可能买在最低点，但保证买在底部区域。
这周破3344是必然,"https://guba.eastmoney.com/news,688321,1113039339.html",2021-11-30 10:01:26,这周破3344是必然
