标题,链接,发布时间,内容
固德威算良心了，昨天给了那么长的时间让大家跑路，还想刀口舔血的，也是活该,"https://guba.eastmoney.com/news,688390,1223170590.html",2022-08-31 12:07:15,$固德威(SH688390)$  固德威算良心了，昨天给了那么长的时间让大家跑路，还想刀口舔血的，也是活该
派能都跌停了还等什么呢大家一起死呗,"https://guba.eastmoney.com/news,688390,1223153552.html",2022-08-31 11:27:43,$固德威(SH688390)$  派能都跌停了 还等什么呢 大家一起死呗
5000万利润，400亿市值，又不是什么技术含量很高的企业，这是基金坐庄做疯了，,"https://guba.eastmoney.com/news,688390,1223138664.html",2022-08-31 11:14:12,5000万利润，400亿市值，又不是什么技术含量很高的企业，这是基金坐庄做疯了，坚决回避。
散户们团结起来，千万别买！让鸡狗们互相残杀,"https://guba.eastmoney.com/news,688390,1223147420.html",2022-08-31 11:22:12,散户们团结起来，千万别买！让鸡狗们互相残杀
快抄底，能上1000，光伏统领全世界[呲牙],"https://guba.eastmoney.com/news,688390,1223140661.html",2022-08-31 11:16:12,快抄底，能上1000，光伏统领全世界
10个跌停板见[微笑],"https://guba.eastmoney.com/news,688390,1223141958.html",2022-08-31 11:17:25,10个跌停板见
前两天听我的清仓买白酒就好了！,"https://guba.eastmoney.com/news,688390,1223138038.html",2022-08-31 11:13:32,前两天听我的清仓买白酒就好了！
462永远解不了套了~,"https://guba.eastmoney.com/news,688390,1223135234.html",2022-08-31 11:10:28,462永远解不了套了~
千万别买，别让鸡狗们跑了！让他们自己互相割韭菜,"https://guba.eastmoney.com/news,688390,1223134655.html",2022-08-31 11:09:51,千万别买，别让鸡狗们跑了！让他们自己互相割韭菜
股价炒上天，业绩亮瞎眼,"https://guba.eastmoney.com/news,688390,1223131080.html",2022-08-31 11:05:53,"股价炒上天，业绩亮瞎眼
"
就一头300斤的猪你要往里注10000万斤的水,"https://guba.eastmoney.com/news,688390,1223130980.html",2022-08-31 11:05:45,就一头300斤的猪你要往里注10000万斤的水，逆变器这个市值太阳能板是要铺满地球两层么
不管是造假还是造谣。赶紧查清楚，该罚款罚款，该判刑判刑,"https://guba.eastmoney.com/news,688390,1223126275.html",2022-08-31 11:01:11,不管是造假还是造谣。赶紧查清楚，该罚款罚款，该判刑判刑
报团终有瓦解的一天，接下来就是抢跑时间,"https://guba.eastmoney.com/news,688390,1223124686.html",2022-08-31 10:59:34,$固德威(SH688390)$  报团终有瓦解的一天，接下来就是抢跑时间
高价股票要闪崩快跑，禾迈股份就是前车之鉴,"https://guba.eastmoney.com/news,688390,1223124381.html",2022-08-31 10:59:16,"$固德威(SH688390)$  
  高价股票要闪崩快跑，禾迈股份就是前车之鉴
"
腰斩再说,"https://guba.eastmoney.com/news,688390,1223106676.html",2022-08-31 10:43:30,$固德威(SH688390)$  腰斩再说
大家赶紧抄底啊！！这股估值一万亿，宇宙第一，马上反弹！短线长线都可以买！走过路过,"https://guba.eastmoney.com/news,688390,1223106459.html",2022-08-31 10:43:19,"$固德威(SH688390)$  
大家赶紧抄底啊！！
这股估值一万亿，
宇宙第一，
马上反弹！
短线长线都可以买！
走过路过不要错过。"
这还不抄底，底都喊话了:来呀来呀,"https://guba.eastmoney.com/news,688390,1223067859.html",2022-08-31 10:13:46,这还不抄底，底都喊话了:来呀来呀
这股最多100块，等着跌破一百,"https://guba.eastmoney.com/news,688390,1223082555.html",2022-08-31 10:23:18,这股最多100块，等着跌破一百
要深度调整了,"https://guba.eastmoney.com/news,688390,1223068638.html",2022-08-31 10:14:12,$固德威(SH688390)$  要深度调整了
抄底，年底2000,"https://guba.eastmoney.com/news,688390,1223043530.html",2022-08-31 09:59:57,抄底，年底2000
固德威为什么买不了？,"https://guba.eastmoney.com/news,688390,1223018151.html",2022-08-31 09:45:57,固德威为什么买不了？
光伏还是要继续炒，md，那些缺德的主力都炒到什么地步了,"https://guba.eastmoney.com/news,688390,1223037817.html",2022-08-31 09:56:23,$固德威(SH688390)$  光伏还是要继续炒，md，那些缺德的主力都炒到什么地步了
100亿市值都高估了！有的跌了,"https://guba.eastmoney.com/news,688390,1223037158.html",2022-08-31 09:56:01,100亿市值都高估了！有的跌了
快跌，套死狂龙,"https://guba.eastmoney.com/news,688390,1223034076.html",2022-08-31 09:54:20,跌20个点吧，套死狂龙
准备迎接地天,"https://guba.eastmoney.com/news,688390,1223029415.html",2022-08-31 09:51:47,$固德威(SH688390)$  准备迎接地天
喊你们抄，你们听过我没有,"https://guba.eastmoney.com/news,688390,1222576952.html",2022-08-30 09:50:36,喊你们抄，你们听过我没有
再不走20cm，向下的,"https://guba.eastmoney.com/news,688390,1223024519.html",2022-08-31 09:49:17,再不走20cm，向下的
价值回归，70倍市盈率。价格跌七成左右才合理。,"https://guba.eastmoney.com/news,688390,1223021801.html",2022-08-31 09:47:53,$固德威(SH688390)$  价值回归，70倍市盈率。价格跌七成左右才合理。
这些机构都是拿了好处的，千万别相信他们的话！赶紧清仓,"https://guba.eastmoney.com/news,688390,1223019423.html",2022-08-31 09:46:37,这些机构都是拿了好处的，千万别相信他们的话！赶紧清仓
暴跌，暴跌，暴跌，赶紧清仓！,"https://guba.eastmoney.com/news,688390,1223012700.html",2022-08-31 09:42:50,暴跌，暴跌，暴跌，赶紧清仓！
这种没业绩瞎炒作的仅值100元,"https://guba.eastmoney.com/news,688390,1223010252.html",2022-08-31 09:41:24,这种没业绩瞎炒作的 仅值100元
历史上报团全部失败,"https://guba.eastmoney.com/news,688390,1223008480.html",2022-08-31 09:40:22,$固德威(SH688390)$  历史上报团全部失败
对应四百多的股价，差了，之前预期中报业绩会反转，中报还是一塌糊涂，预期你拿2块左,"https://guba.eastmoney.com/news,688390,1222439039.html",2022-08-29 19:14:32,对应四百多的股价，差了，之前预期中报业绩会反转，中报还是一塌糊涂，预期你拿2块左右的年终业绩来支撑四百多的股价，结局可想而知，高价股价值投资是最基本支撑点，即使短期价值偏离，从长期来看必定价值回归！
固德威08月30日被沪股通减持42.33万股,"https://guba.eastmoney.com/news,688390,1222966435.html",2022-08-31 07:57:20,"来源：东方财富Choice数据作者：财智星
08月30日，固德威被沪股通减持42.33万股，已连续3日被沪股通减持，共计78.39万股，最新持股量为675.96万股，占公司A股总股本的5.49%。
近五日持股量数据
持股量及股价变动图
注：文中持股数量经过前复权处理，可能存在与港交所披露不一致的情形。
免责声明：本文基于大数据生产，仅供参考，不构成任何投资建议，据此操作风险自担。
（文章来源：东方财富Choice数据）[点击查看原文]"
不管鸡狗怎么叫，你们自己割自己的韭菜吧,"https://guba.eastmoney.com/news,688390,1222966212.html",2022-08-31 07:56:36,$固德威(SH688390)$  不管鸡狗怎么叫，你们自己割自己的韭菜吧
固德威：连续3日融资净买入累计2570.42万元（08-30）,"https://guba.eastmoney.com/news,688390,1222964472.html",2022-08-31 07:45:58,"来源：东方财富Choice数据作者：财智星
固德威融资融券信息显示，2022年8月30日融资净买入1544.9万元；融资余额2.15亿元，较前一日增加7.74%
融资方面，当日融资买入6880.79万元，融资偿还5335.88万元，融资净买入1544.9万元，连续3日净买入累计2570.42万元。融券方面，融券卖出2.55万股，融券偿还3.68万股，融券余量112.63万股，融券余额4.39亿元。融资融券余额合计6.54亿元。
固德威融资融券交易明细（08-30）
固德威历史融资融券数据一览
免责声明：本文基于大数据生产，仅供参考，不构成任何投资建议，据此操作风险自担。
（文章来源：东方财富Choice数据）[点击查看原文]"
“赶碳号科技”微信公众号发布了多篇文章，质疑逆变器公司销售数据。,"https://guba.eastmoney.com/news,688390,1222958142.html",2022-08-31 06:39:29,“赶碳号科技”微信公众号发布了多篇文章，质疑逆变器公司销售数据。
好,"https://guba.eastmoney.com/news,688390,1222958043.html",2022-08-31 06:36:51,好
过一阵子有业绩说明会，到时候听听怎么个意思，这么多机构抱团，不会都傻吧,"https://guba.eastmoney.com/news,688390,1222957615.html",2022-08-31 06:26:47,过一阵子有业绩说明会，到时候听听怎么个意思，这么多机构抱团，不会都傻吧
市值500亿，盈利0.5亿。这公司有价值？？？,"https://guba.eastmoney.com/news,688390,1222935429.html",2022-08-30 23:20:13,$固德威(SH688390)$  市值500亿，盈利0.5亿。这公司有价值？？？
明天20cm,"https://guba.eastmoney.com/news,688390,1222887112.html",2022-08-30 19:53:45,明天20cm
安信证券维持固德威买入评级 目标价454.58元,"https://guba.eastmoney.com/news,688390,1222883830.html",2022-08-30 19:41:09,"安信证券8月30日发布研报，维持固德威买入评级，目标价位454.58元。截至报告日，公司最新收盘价为390元，较目标价有16.56%的上行空间。安信证券预测，固德威2022年归母净利润4.4亿元，同比增长57.4%。
主要财务指标与估值	2022E	2023E	2024E
营业总收入(亿元)	51.2	106.7	164.5
归母净利润(亿元)	4.4	10.2	15.4
每股收益(元)	3.59	8.27	12.53
每股净资产(元)	16.26	22.87	32.89
市盈率(PE)	116	50.3	33.2
市净率(PB)	25.6	18.2	12.6
净资产收益率(%)	22.1	36.1	38.1
总资产收益率(%)	7.6	9.5	11
注：数据获取自研报正文。


免责声明：本文基于大数据生产，仅供参考，不构成任何投资建议，据此操作风险自担。

"
机构给的目标价是611，他喵的在逗我,"https://guba.eastmoney.com/news,688390,1222883443.html",2022-08-30 19:39:43,机构给的目标价是611，他喵的在逗我
明天呵呵,"https://guba.eastmoney.com/news,688390,1222877332.html",2022-08-30 19:15:51,$固德威(SH688390)$  明天呵呵
炒这股回本要500年[大笑],"https://guba.eastmoney.com/news,688390,1222875449.html",2022-08-30 19:08:29,炒这股回本要500年
资产负债表中资产总额只有40几亿，却能有400亿的市值,"https://guba.eastmoney.com/news,688390,1222857715.html",2022-08-30 17:50:17,资产负债表中资产总额只有40几亿，却能有400亿的市值
干啥啥不行，造假第一名,"https://guba.eastmoney.com/news,688390,1222852739.html",2022-08-30 17:29:54,干啥啥不行，造假第一名
我主要不理解，收到这么多红利政策，怎么没赚到钱,"https://guba.eastmoney.com/news,688390,1222867675.html",2022-08-30 18:34:05,我主要不理解，收到这么多红利政策，怎么没赚到钱
大家看财报了没，净利率不足4%的原因是什么？,"https://guba.eastmoney.com/news,688390,1222430813.html",2022-08-29 18:39:50,大家看财报了没，净利率不足4%的原因是什么？
造假第一名,"https://guba.eastmoney.com/news,688390,1222851287.html",2022-08-30 17:24:46,$固德威(SH688390)$  造假第一名
放量下跌，看来不会空穴来风，谨慎！,"https://guba.eastmoney.com/news,688390,1222850259.html",2022-08-30 17:21:11,$固德威(SH688390)$  放量下跌，看来不会空穴来风，谨慎！
逆变器销售数据来确定,"https://guba.eastmoney.com/news,688390,1222848880.html",2022-08-30 17:16:18,$固德威(SH688390)$  逆变器销售数据来确定
下一个汇顶科技，兄弟们现在是散户教育机构的好机会，抓紧一键清仓！,"https://guba.eastmoney.com/news,688390,1222839117.html",2022-08-30 16:38:25,"$固德威(SH688390)$  
下一个汇顶科技，兄弟们现在是散户教育机构的好机会，抓紧一键清仓！"
下一个神雾,"https://guba.eastmoney.com/news,688390,1222834053.html",2022-08-30 16:20:06,跑
只值25,"https://guba.eastmoney.com/news,688390,1222832778.html",2022-08-30 16:16:00,只值25
200亿都嫌贵,"https://guba.eastmoney.com/news,688390,1222803227.html",2022-08-30 14:58:03,200亿都嫌贵
这个是费了，出货为主,"https://guba.eastmoney.com/news,688390,1222821297.html",2022-08-30 15:36:48,$固德威(SH688390)$  这个是费了，出货为主
$固德威(SH688390)$,"https://guba.eastmoney.com/news,688390,1222775305.html",2022-08-30 14:25:35,$固德威(SH688390)$  
688390:2022年半年度报告,"https://guba.eastmoney.com/news,688390,1222404528.html",2022-08-29 16:51:41,"公告日期：2022-08-30

公司代码：688390 公司简称：固德威
固德威技术股份有限公司

2022 年半年度报告


重要提示

本公司董事会、监事会及董事、监事、高级管理人员保证半年度报告内容的真实性、准确性、完整性，不存在虚假记载、误导性陈述或重大遗漏，并承担个别和连带的法律责任。

重大风险提示

公司已在本报告中详细描述可能存在的相关风险，具体内容详见本报告第三节“管理层讨论与分析”之“五、风险因素”相关内容。

公司全体董事出席董事会会议。

本半年度报告未经审计。

公司负责人黄敏、主管会计工作负责人都进利及会计机构负责人（会计主管人员）李晓凤声明：保证半年度报告中财务报告的真实、准确、完整。

董事会决议通过的本报告期利润分配预案或公积金转增股本预案

无

是否存在公司治理特殊安排等重要事项
□适用 √不适用

前瞻性陈述的风险声明
√适用 □不适用

本报告所涉及的公司未来发展战略、业务规划、经营计划、财务状况预期等前瞻性陈述。这些陈述乃基于当前能够掌握的信息与数据对未来所做出的估计或预测，不构成公司对投资者的实质承诺，敬请投资者注意投资风险。
……

[点击查看PDF原文]
提示：本网不保证其真实性和客观性，一切有关该股的有效信息，以交易所的公告为准，敬请投资者注意风险。"
暴跌，暴跌，暴跌，跌起来没底！赶紧清仓！！不用谢,"https://guba.eastmoney.com/news,688390,1222791852.html",2022-08-30 14:44:56,暴跌，暴跌，暴跌，跌起来没底！赶紧清仓！！不用谢
跑，要踩踏了,"https://guba.eastmoney.com/news,688390,1222791302.html",2022-08-30 14:44:17,"跑，要踩踏了
"
厉害,"https://guba.eastmoney.com/news,688390,1222727898.html",2022-08-30 13:26:18,$固德威(SH688390)$  厉害
这成交量,"https://guba.eastmoney.com/news,688390,1222720542.html",2022-08-30 13:17:24,这成交量
十倍股，加仓干！！！,"https://guba.eastmoney.com/news,688390,1222716123.html",2022-08-30 13:11:42,十倍股，加仓干！！！$索通发展(SH603612)$  $大金重工(SZ002487)$  $固德威(SH688390)$  
如果加上研发的一系列费用，业绩还是可以的，没有那么差。机构研究员也不是傻帽。,"https://guba.eastmoney.com/news,688390,1222703009.html",2022-08-30 12:42:32,如果加上研发的一系列费用，业绩还是可以的，没有那么差。机构研究员也不是傻帽。
居然没有跌停，天理不容啊，强烈要求严查背后炒作资金！,"https://guba.eastmoney.com/news,688390,1222572664.html",2022-08-30 09:47:50,$固德威(SH688390)$  居然没有跌停，天理不容啊，强烈要求严查背后炒作资金！
为什么业绩这么差，储能这么热门,"https://guba.eastmoney.com/news,688390,1222700266.html",2022-08-30 12:29:10,为什么业绩这么差，储能这么热门
庄股出不了货，就只能这样吸引接盘侠，我就看你怎么表演,"https://guba.eastmoney.com/news,688390,1222647473.html",2022-08-30 10:47:39,庄股出不了货，就只能这样吸引接盘侠，我就看你怎么表演
固德威：新设智慧能源等事业部尚未同比产生收入 上半年归母净利润同比降64.32%,"https://guba.eastmoney.com/news,688390,1222408965.html",2022-08-29 17:03:13,"来源：界面新闻


　　固德威8月29日发布2022年半年度报告，2022年半年度公司实现营业收入14.52亿元，较上年同期增加33.61%；归属于上市公司股东的净利润5462万元，较上年同期减少64.32%。公司2021年营业总收入与上年同期相比有所增长，主要系公司持续拓展光伏逆变器境外市场，公司销售规模扩大带动公司营业总收入的增长。

　　净利润变动主要系公司经营规模扩大，员工人数增加，另新设智慧能源事业部、光电建材事业部，各项日常经营开支增加，但新设事业部尚未同比产生收入所致。
（文章来源：界面新闻）[点击查看原文]
#热点追踪#"
420买入只涨不跌,"https://guba.eastmoney.com/news,688390,1222280627.html",2022-08-29 13:05:17,$固德威(SH688390)$  420买入只涨不跌
基金真厉害厉害,"https://guba.eastmoney.com/news,688390,1222617776.html",2022-08-30 10:21:23,$固德威(SH688390)$  基金真厉害厉害
无惧美股大跌施压，A股低开回升，午后能不能走高？,"https://guba.eastmoney.com/news,688390,1222276633.html",2022-08-29 13:00:19,"每天分析所有基金板块不模棱两可，下午2 :20发布个人操作和全方位晒实盘，右上角【+关】，不掉队，后市一起赚！

大家中午好，上午A股顶住美股大跌的压力，三大指数低开后震荡回升。两市成交额5536亿，比上周五缩量353亿。
盘面上，个股上涨超2600家，新能源设备概念、军工概念、采掘行业和旅游酒店等逆盘走高。北向资金净买入23.13亿。
新能源汽车
(锂电池、锂矿、整车)
早盘新能源汽车探底回升，中午收跌小一个点，成色稍逊色于光伏，但是整体的承接还行。
目前新能源车指数已经接近半年线（蓝线）支撑点，在这里止跌回升的概率不低，午后老哈会考虑左侧低吸。( 东方新能源汽车主题混合 )
光伏
(储能)
早盘光伏低开高走，场内光伏设备、电池等概念重启涨势，我们拿的低碳涨约3.5%，上周五也趁跌低吸过，所以午后可以先观望，等下一个回踩机会。
受大环境和高位抛压影响，光伏短期可能还有回踩，但下半年仍会是市场的大主线和大热点，跌下来是机会。(中信建投低碳成长混合C天弘中证光伏产业指数C)
白酒
开盘那会儿白酒一波拉高后低走，中午跌超1%，不构成左侧低吸信号，午后没有变化的话要继续观望。
下方支撑位在半年线（蓝线），接下来白酒可能要回这里重新寻求支撑。( 招商中证白酒指数C )
医疗
早盘医疗低开震荡，中午跌超1%，从相对位置来看，距离10000点大关已经很近了，在这里筑底的概率不低，所以逢跌可以当做一个小的左侧信号。
不过，医疗指数早盘的量能偏大，仓位足够想稳一点的，可以先观察一天。(招商国证生物医药指数(LOF)A)
半导体
（芯片）
早盘半导体低开回升，不过反弹成色一般，成交量也没有完全放出来，不构成左右侧信号。
8200点是一个小支撑，先观察它能不能止跌这里。
老哈半导体在7月份已经止盈了，接下来看有没有更香的低点，再重新做。(诺安成长混合)
畜牧
(猪肉、农业、农牧)
早盘畜牧低开高走后，随着大盘板块轮动跳水转跌。消息面上，可能受到上面投放猪肉储备的影响。
但上面投放猪肉的目的稳定猪价（双节即将到来），但整体不改下半年猪周期向上的趋势。
所以老哈畜牧(猪肉)基金会继续拿，然后能拿得住下半年的可以直接进，不然尽量等回踩机会。(招商中证畜牧养殖ETF联接C)
煤炭
早盘煤炭探底回升收长下影线，在全球煤炭供需偏紧+高价的影响下，接下来不排除有突破新高的机会。
所以，午后老哈会考虑重新分批慢投煤炭，往下保持足额的流动仓可以抓底，往上防错过煤炭的下一波行情。( 富国中证煤炭指数C )
军工
早盘军工低开下探半年线（蓝线）后，高走反包上周五的阴线，原本可以当做一个小的右侧信号追加，不过军工基金我们上周五低吸过，那么午后观望就行。今年全球局势等问题不间断刺激，有合适的调整都是机会。(易方达国防军工混合A)
证券
(券商)
早盘证券低开震荡，持续受上方5日线（黑线）、半年线（蓝线）的压制，今年低开还留下缺口，暂时不构成左侧低吸信号。
不过证券公司指数675点不到，这里是中线布局区，等信号出现老哈还会左侧布局。(南方中证全指证券公司ETF联接C)
房地产
早盘地产跳空大幅低开，虽然盘中跌幅有所收窄，但是留下的破位缺口午后不能吃回来的话，会变成阻力位，所以暂时不构成左侧信号，先观察。
一些常用的大盘指数分享：A股大盘 上证指数 创业板指 深证成指 ；港股 恒生指数 ；美股纳斯达克道琼斯 纳斯达克100 。
ok，花了不少时间分析，希望大家能帮忙点个赞或回一句“198”。
最后，大家觉得今天A股能不能走出独立行情（午后转涨）？[好主意]
老哈认为还是震荡为主。

相关证券：
广发中证军工ETF联接C(005693)
易方达国防军工混合A(001475)
天弘中证光伏产业指数C(011103)
固德威(688390)
宁德时代(300750)
（来源：二哈也理财i的财富号 2022-08-29 13:00）[点击查看原文]
#卖疯了！英国太阳能板销售暴增#
展开阅读全文"
再不跑，跌停,"https://guba.eastmoney.com/news,688390,1222606602.html",2022-08-30 10:11:50,再不跑，跌停
这垃圾业绩你们还托着？狗主力,"https://guba.eastmoney.com/news,688390,1222600505.html",2022-08-30 10:06:58,这垃圾业绩你们还托着？狗主力
庄股就是庄股，广发无耻的嘴脸，硬生生把一只业绩稀巴烂的妖股炒上天[赞],"https://guba.eastmoney.com/news,688390,1222598851.html",2022-08-30 10:05:46,$固德威(SH688390)$  庄股就是庄股，广发无耻的嘴脸，硬生生把一只业绩稀巴烂的妖股炒上天
5个跌停都不过哈哈哈哈哈哈哈哈哈哈哈哈哈哈哈哈哈哈哈哈哈哈哈哈,"https://guba.eastmoney.com/news,688390,1222531706.html",2022-08-30 09:15:38,5个跌停都不过哈哈哈哈哈哈哈哈哈哈哈哈哈哈哈哈哈哈哈哈哈哈哈哈
谈业绩你就输了,"https://guba.eastmoney.com/news,688390,1222586639.html",2022-08-30 09:57:00,$固德威(SH688390)$  谈业绩你就输了
这么差的业绩这么高的市值，你涨上天我都不羡慕,"https://guba.eastmoney.com/news,688390,1222584157.html",2022-08-30 09:55:14,$固德威(SH688390)$  $固德威(SH688390)$  这么差的业绩这么高的市值，你涨上天我都不羡慕
做多值100的股票，抱团取暖炒到400，可恶！,"https://guba.eastmoney.com/news,688390,1222569374.html",2022-08-30 09:45:41,$固德威(SH688390)$  做多值100的股票，抱团取暖炒到400，可恶！
像昨天的阳光电源学习，威哥威武,"https://guba.eastmoney.com/news,688390,1222564258.html",2022-08-30 09:42:13,像昨天的阳光电源学习，威哥威武
赶紧买入，下午地天,"https://guba.eastmoney.com/news,688390,1222547896.html",2022-08-30 09:32:21,赶紧买入，下午地天
估计20cm没跑了，整个行业业绩都不好，何况这么虚。几个20cm就不知道了,"https://guba.eastmoney.com/news,688390,1222556702.html",2022-08-30 09:37:43,$固德威(SH688390)$  估计20cm没跑了，整个行业业绩都不好，何况这么虚。几个20cm就不知道了
抄底啊，能到3000，还有十倍的空间,"https://guba.eastmoney.com/news,688390,1222555632.html",2022-08-30 09:37:03,抄底啊，能到3000，还有十倍的空间
抱团，买,"https://guba.eastmoney.com/news,688390,1222555083.html",2022-08-30 09:36:43,抱团，买
要不要跑，兄弟们,"https://guba.eastmoney.com/news,688390,1222553961.html",2022-08-30 09:36:03,$固德威(SH688390)$  要不要跑，兄弟们
听我言者，那两天450、460卖掉有多庆幸！,"https://guba.eastmoney.com/news,688390,1222551713.html",2022-08-30 09:34:42,听我言者，那两天450、460卖掉有多庆幸！
冲啊，利空出尽就是利好,"https://guba.eastmoney.com/news,688390,1222541767.html",2022-08-30 09:30:01,$固德威(SH688390)$  冲啊，利空出尽就是利好
100元不值,"https://guba.eastmoney.com/news,688390,1222534240.html",2022-08-30 09:22:11,这股跌破100元才值得关注
赶紧吸，万年大底,"https://guba.eastmoney.com/news,688390,1222535422.html",2022-08-30 09:24:59,赶紧吸，万年大底
还在假装没啥事！牛皮,"https://guba.eastmoney.com/news,688390,1222535174.html",2022-08-30 09:24:26,还在假装没啥事！牛皮
只跌这么点？这个行业真的病态了,"https://guba.eastmoney.com/news,688390,1222534204.html",2022-08-30 09:22:06,$固德威(SH688390)$  只跌这么点？这个行业真的病态了
与小弟弟禾迈股份比，简直就是一个天上一个地下！这一波反弹就看出了与禾迈股份的差距,"https://guba.eastmoney.com/news,688390,1222534201.html",2022-08-30 09:22:06,与小弟弟禾迈股份比，简直就是一个天上一个地下！这一波反弹就看出了与禾迈股份的差距，老是跟风！
一个没有行业壁垒的东西被吹嘘炒作成这个鸟样现在业绩出来了故作玄虚耳,"https://guba.eastmoney.com/news,688390,1222533599.html",2022-08-30 09:20:34,$固德威(SH688390)$ 一个没有行业壁垒的东西被吹嘘炒作成这个鸟样现在业绩出来了故作玄虚耳
固德威抱团,"https://guba.eastmoney.com/news,688390,1222530714.html",2022-08-30 09:10:57,"逆天器一个个揭开庐山真面目之后，也许炒作开始熄火~如果说阳光电源广发系集体抱团还能低开拉起不少，它是低利润高估值好赛道的代表之一的话，那么固德威五百亿市值五千万净利润，还同比下降，超一百只基金抱团，估计市场再也不能忍了~~情绪蔓延到别的逆变器的话，对储能短期会有一个打击~
"
鸡狗抱团取暖，未来几百年的业绩都透支了,"https://guba.eastmoney.com/news,688390,1222527196.html",2022-08-30 08:55:56,鸡狗抱团取暖，未来几百年的业绩都透支了
古瑞瓦特、固德威、首航新能海外销售之谜,"https://guba.eastmoney.com/news,688390,1222526186.html",2022-08-30 08:49:38,"近日，赶碳号通过正规渠道，拿到一组中国光伏企业的海关数据。
海关数据，就是海关履行进出口贸易统计职能中产生的各项进出口统计数据，是各国最真实的、买方和卖方的海关交易记录，即海关提单信息汇总。
数据字段主要包括：供应商信息、时间、单号、采购商信息、HS编码、单价、总价、起运港、目的国、收款人等。
相关证券：
固德威(688390)
（来源：问财信息的财富号 2022-08-30 08:49）[点击查看原文]"
散户看业绩和市盈率炒股，机构只看筹码控制权，散户越看空，机构越猛拉，这才叫股市。,"https://guba.eastmoney.com/news,688390,1222524605.html",2022-08-30 08:36:28,$固德威(SH688390)$  散户看业绩和市盈率炒股，机构只看筹码控制权，散户越看空，机构越猛拉，这才叫股市。看业绩炒股的话，那还割谁的韭菜。
跌停见，有造假嫌疑,"https://guba.eastmoney.com/news,688390,1222520881.html",2022-08-30 08:02:16,$固德威(SH688390)$  跌停见，有造假嫌疑
固德威08月29日被沪股通减持14.47万股,"https://guba.eastmoney.com/news,688390,1222520588.html",2022-08-30 07:59:55,"来源：东方财富Choice数据作者：财智星
08月29日，固德威被沪股通减持14.47万股，最新持股量为718.29万股，占公司A股总股本的5.83%。
近五日持股量数据
持股量及股价变动图
注：文中持股数量经过前复权处理，可能存在与港交所披露不一致的情形。
免责声明：本文基于大数据生产，仅供参考，不构成任何投资建议，据此操作风险自担。
（文章来源：东方财富Choice数据）[点击查看原文]"
固德威：融资净买入302.97万元，融资余额2亿元（08-29）,"https://guba.eastmoney.com/news,688390,1222519246.html",2022-08-30 07:52:15,"来源：东方财富Choice数据作者：财智星
固德威融资融券信息显示，2022年8月29日融资净买入302.97万元；融资余额2亿元，较前一日增加3.48%
融资方面，当日融资买入4225.28万元，融资偿还3922.31万元，融资净买入302.97万元。融券方面，融券卖出3.27万股，融券偿还14.71万股，融券余量113.77万股，融券余额4.73亿元。融资融券余额合计6.73亿元。
固德威融资融券交易明细（08-29）
固德威历史融资融券数据一览
免责声明：本文基于大数据生产，仅供参考，不构成任何投资建议，据此操作风险自担。
（文章来源：东方财富Choice数据）[点击查看原文]"
什么业绩,"https://guba.eastmoney.com/news,688390,1222518081.html",2022-08-30 07:46:10,$固德威(SH688390)$  什么业绩
突然多了好多人,"https://guba.eastmoney.com/news,688390,1222515214.html",2022-08-30 07:29:31,$固德威(SH688390)$  突然多了好多人
机构报团令人发指，恶炒垃圾是大盘十几年不涨的罪魁祸首，绩优股不去买，买一大堆垃圾,"https://guba.eastmoney.com/news,688390,1222510693.html",2022-08-30 06:14:50,$固德威(SH688390)$  机构报团令人发指，恶炒垃圾是大盘十几年不涨的罪魁祸首，绩优股不去买，买一大堆垃圾
市盈率比股价还高，高实在是高。,"https://guba.eastmoney.com/news,688390,1222509367.html",2022-08-30 05:32:15,市盈率比股价还高，高实在是高。
严查令人发指的报团机构利益输送，老鼠仓。,"https://guba.eastmoney.com/news,688390,1222506864.html",2022-08-30 03:52:14,$固德威(SH688390)$  严查令人发指的报团机构利益输送，老鼠仓。
公司越垃圾，股价炒的越凶猛,"https://guba.eastmoney.com/news,688390,1222503202.html",2022-08-30 01:37:11,$固德威(SH688390)$  公司越垃圾，股价炒的越凶猛
你上头条新闻，成网红了，500亿市值5000万利润,"https://guba.eastmoney.com/news,688390,1222501647.html",2022-08-30 00:57:30,$固德威(SH688390)$  你上头条新闻，成网红了，500亿市值5000万利润
500亿市值，半年利润5000万，笑死我了，哈哈哈哈,"https://guba.eastmoney.com/news,688390,1222499828.html",2022-08-30 00:27:30,500亿市值，半年利润5000万，笑死我了，哈哈哈哈
羡慕有此股的朋友，5000多万的利润，能撑起500多亿的市值。,"https://guba.eastmoney.com/news,688390,1222496783.html",2022-08-29 23:56:52,$固德威(SH688390)$  羡慕有此股的朋友，5000多万的利润，能撑起500多亿的市值。
炒了个寂寞，什么高景气赛道成长赛道，反正688没散户买机构一路抬。,"https://guba.eastmoney.com/news,688390,1222495425.html",2022-08-29 23:43:36,炒了个寂寞，什么高景气赛道成长赛道，反正688没散户买机构一路抬。
散户明天务必一键清仓，千万别让主力跑了[捂脸],"https://guba.eastmoney.com/news,688390,1222493940.html",2022-08-29 23:29:09,$固德威(SH688390)$  散户明天务必一键清仓，千万别让主力跑了
牛逼的股票不看业绩的,"https://guba.eastmoney.com/news,688390,1222489217.html",2022-08-29 22:55:36,哈哈哈，牛逼大了去了
500亿的市值，半年才赚几千万！明天一字板，按在地上摩擦！还没跑的，坐好准备了吗,"https://guba.eastmoney.com/news,688390,1222489883.html",2022-08-29 22:59:43,500亿的市值，半年才赚几千万！明天一字板，按在地上摩擦！还没跑的，坐好准备了吗？
688390:2022年半年度报告摘要,"https://guba.eastmoney.com/news,688390,1222404514.html",2022-08-29 16:51:37,"公告日期：2022-08-30

公司代码：688390 公司简称：固德威
固德威技术股份有限公司

2022 年半年度报告


第一节 重要提示

1.1 本半年度报告摘要来自半年度报告全文，为全面了解本公司的经营成果、财务状况及未来发

展规划，投资者应当到 www.sse.com.cn 网站仔细阅读半年度报告全文。
1.2 重大风险提示

公司已在本报告中详细描述可能存在的相关风险，具体内容详见本报告第三节“管理层讨论 与分析”之“五、风险因素”相关内容。

本公司董事会、监事会及董事、监事、高级管理人员保证半年度报告内容的真实性、准确性、 完整性，不存在虚假记载、误导性陈述或重大遗漏，并承担个别和连带的法律责任。
1.3 公司全体董事出席董事会会议。
1.4 本半年度报告未经审计。
1.5 董事会决议通过的本报告期利润分配预案或公积金转增股本预案

无
1.6 是否存在公司治理特殊安排等重要事项
□适用 √不适用


第二节 公司基本情况

2.1 公司简介
公司股票简况

公司股票简况

股票种类 股票上市交易所 股票简称 股票代码 变更前股票简称

A股 上海证券交易所科创板 固德威 688390 不适用

公司存托凭证简况
□适用 √不适用
联系人和联系方式

联系人和联系方式 董事会秘书（信息披露境内代表） 证券事务代表

姓名 王银超 吴正炜

电话 0512-62397978转8213 0512-62397978转8213

办公地址 苏州市高新区紫金路90号 苏州市高新区紫金路90号

电子信箱 ir@goodwe.com ir@goodwe.com

2.2 主要财务数据

单位：元 币种：人民币

本报告期末 上年度末 本报告期末比上
年度末增减(%)

总资产 4,252,336,144.70 3,714,703,328.03 14.47

归属于上市公司股东的净资产 1,629,560,189.08 1,655,924,629.28 -1.59

本报告期 上年同期 本报告期比上年
同期增减(%)

营业收入 1,452,405,069.72 1,087,071,454.87 33.61

归属于上市公司股东的净利润 54,620,046.07 153,078,727.01 -64.32

归属于上市公司股东的扣除非经常 47,883,264.81 143,000,703.12 -66.52
性损益的净利润

经营活动产生的现金流量净额 -34,694,718.96 44,299,641.89 -178.32

加权平均净资产收益率（%） 3.22 10.10 减少……
[点击查看PDF原文]
提示：本网不保证其真实性和客观性，一切有关该股的有效信息，以交易所的公告为准，敬请投资者注意风险。
展开阅读全文"
600449宁夏建材收收购全球第一，作为华为智能光伏逆变器管控系统龙头中建信息1,"https://guba.eastmoney.com/news,688390,1222488947.html",2022-08-29 22:53:54,"

600449宁夏建材收收购全球第一，作为华为智能光伏逆变器管控系统龙头中建信息100%股权
千亿光伏逆变器赛道绑定！

，600449宁夏建材央企国资改革重组收购中建信息100%股权(华为企业光伏逆变器与华为新能源汽车总销售商!年销售华为产品超一百三十亿元)600449宁夏建材2022年中报收益每股0.80元!每股净资产14.48元!宁夏建材公司签方42亿元出售公司水泥资产51%股权于天山水泥公司!宁夏建材股股转出后还持有49%股权不卖为公司投资参股持有!公司42亿将使公司年报收益超10元!关注:600449宁夏建材收购全球第一，作为华为智能光伏逆变器管控系统龙头中建信息
全球第一中建信息智能光伏管控系统，中建信息能力中心智能制造产品线经理王冲介绍智能光伏管控系统功能创新
华为解决方案负责人卞常乐介绍智能光伏十大趋势
智能光伏管控系统功能创新赋能行业活力
8月8日至10日，一年一度的光伏行业盛典“第十四届（2020）国际太阳能光伏与智慧能源（上海）展览会暨论坛”在上海新国际博览中心举办。
中建材信息技术股份有限公司（以下简称“中建信息”）作为华为光伏领域的生态合作伙伴，携智能光伏管控系统、综合能源管控平台、视频AI模块亮相华为展台，共同探讨新时代下产业发展新趋势与新机遇。展会期间，吸引了众多客户及专业人士驻足交流，受到高度关注与好评。
中建信息智能光伏管控系统
未来的光伏电站场景管理复杂多样，要求管理与监视平台能够更加轻量化、模块化、智能化、快速布置，并能兼具各种主流功能。中建信息智能光伏管控系统就此应运而生。它的结构轻量、系统模块化、界面组态化，在设备智能领域，系统充分融合华为IV曲线产品，结合视频AI实现故障隐患智能识别与确认。系统实现了智能一键设备诊断，定制化报表与设备管理和故障预警系统打通，做到智能排班、智能规划巡检路线、智能决策等功能。系统可以根据客户的需要快速配置为站控、区域运维中心、区域集中监控等专用平台。平台还会增加基于电池隐患预警、储能智能运维等模块，适应未来的光储时代
智能光伏管控系统业务模块介绍


大数据中心实现智慧运营
在综合能源管控领域，中建信息积累了大量电力生产企业知识，可以全方面协助企业完成能源大数据中心咨询、设计、建设与运营。同时，团队也积累了大量的风电、光伏设备的预警算法，协助电力集团企业实现真正意义上的智慧运营中心。
综合能源管控平台界面


视频AI加持助力生产运维
智能AI识别算法基于人工智能和深度学习模式，采用后端服务器分析结合前端视频采集的架构以保证后期的高可扩展性；智能分析服务器支持同时运行多种算法分析，智能分析系统支持与相应的报警系统与报警设备集成联动，实现本地或远程告警、APP告警等。视频AI的加持，从另一维度重新认识了光伏电站，华为IV曲线与中建信息视频AI结合，为光伏电站持续健康运行保驾护航。截止2021年底，中建信息实现华为光伏逆变器的总发货量超过60GW，光伏逆变器业务营业收入持续增长。其中，华为数字能源公司旗下的智能光伏在未来3年的业绩目标分别为300亿元、600亿元、800亿元，
600449宁夏建材央企国资改革重组收购中建信息100%股权(华为企业光伏逆变器与华为新能源汽车总销售商!年销售华为产品超一百三十亿元)600449宁夏建材2022年中报收益每股0.80元!每股净资产14.48元!宁夏建材公司签方42亿元出售公司水泥资产51%股权于天山水泥公司!宁夏建材股股转出后还持有49%股权不卖为公司投资参股持有!公司42亿将使公司年报收益超10元!关注:


展开阅读全文"
固德威上半年收入14.52亿，同比大增34%;逆变器销量16.5万台，储能逆变器销量6.87万台,"https://guba.eastmoney.com/news,688390,1222487845.html",2022-08-29 22:47:30,"加群时请您注明姓名、公司、职务、部门，通过概率更大。
2022年上半年实现营业收入14.52亿元，同比增长33.61%；归属于上市公司股东的净利润5462万元。基本每股收益0.44元。
,公司逆变器销量约为23.37万台,其中并网逆变器销量约为16.5万台,占比约70.6%;储能逆变器销量约为6.87万台（去年同期2.1万台）,占比约29.40%。
公司表示，2022年上半年营业总收入与上年同期相比保持一定的增幅,主要受益于光伏行业的发展,销售规模扩大带动公司营业总收入的增长,但由于半导体、大宗商品、国际物流等成本大幅增加,叠加公司长期战略布局、员工人数增长、股权激励计划等导致期间费用增速远高于营业收入的增速,最终导致净利润有所变化。
从财务状况看,报告期末,公司财务状况良好,总资产额为42.52亿元,较上年末增长14.47%;归属于上市公司股东的所有者权益为16.3亿元,较上年末减少1.59%。
能源一号注意到，上半年公司的销售毛利率为29.176%，继续维持高位，公司研发费用为1.53亿，上升123个百分点。
市场营销方面，公司产品已批量销往德国、意大利、澳大利亚、韩国、荷兰、印度、比利时、土耳其、墨西哥、巴西、波兰、南非等全球多个国家和地区。
公司始终围绕已制定的发展战略和年度经营目标,积极采取措施应对各类不利影响,持续加大研发投入和技术创新,并积极拓展国内外市场,持续加速全球战略部署。
前六月,该公司相继推出GW50K-BTC三相交流耦合逆变器、GW50K-ETC三相光储逆变器,为工商业项目实现电力的自发自用提供解决方案,推动企业打造零碳工厂,率先让工厂实现低碳发展和能源自治。
该公司还全新推出了两款家用储能锂电池,高压LynxHomeF系列、低压LynxHomeU系列,可以与公司双向储能逆变器搭配使用,组成“光伏+储能”系统,实现家庭电力的自发自用。
在智慧能源管理系统方面,公司综合运用物联网技术,利用公司的各类数据采集设备,接入风电、充电等多种发电和用电设备数据,结合大数据分析和云计算技术,促进系统内各能源生产和应用的互联互通、区域自治、智能管理调度,最终形成以电力为核心的能源互联网生态系统解决方案。
2021年公司开始布局BIPV业务和分布式户用光伏发电系统。BIPV是分布式光伏电站的一个分支,契合绿色建筑发展理念,使建筑材料与光伏器件相结成,兼具发电和建材功能。BIPV的表现形式可分为建材型和构件型光伏系统:建材型使太阳能电池与建筑材料形成不可分割的整体,如光伏瓦、光伏砖、光伏卷材;构件型结合光伏构件与建筑构件形成一个新的整体,如光伏屋顶、光伏幕墙、光伏车棚。BIPV将“建筑”与“光伏”深度结合,项目经济优势明显,政策支持空前,市场空间巨大。2021年6月20日,国家能源局综合司发布了《关于报送整县(市、区)屋顶分布式光伏开发试点方案的通知》,通知指出:开展整县(市、区)推进屋顶分布式光伏建设,有利于整合资源实现集约开发,是加快推进屋顶分布式光伏发展的重要举措。在整县推进的过程中,针对不同客户的需求,让代理商也一同参与到模式制定的环节中,定制符合不同用户需求的产品,做到真正的普惠农村。在整县推进的过程中,我们把眼光和足迹放在农村的真实市场环境,把光伏发电、绿色低碳的理念传递到农村市场。
在BIPV和“整县推进”的共同促进下,公司分布式光伏将迎来规模化发展的市场空间。
截至2022年6月30日,公司拥有已授权知识产权181项,其中发明专利53项、实用新型专利87项、外观设计专利19项,软件著作权20项,其他类知识产权2项。报告期内,公司新增已授权知识产权18项,其中发明专利9项、实用新型专利5项、外观设计专利1项、软件著作权3项。
管理方面报告期内,公司继续深化推行IPD变革。IPD(Integratedproductdevelopment)即“集成的产品开发”,是新产品开发管理的一种模式。
IPD运行的主体是产品开发团队,聚焦解决产品开发的工作效率、工作质量、运作成本问题。公司实行IPD变革,基本思路是从客户中来,到客户中去,以最有效的方式实现流程贯通。IPD改革的最大特点,是通过一层层放权,整个流程系统变成一个柔软的结构,不再僵化,来适应公司未来的发展。
在未来,更为高效的产品开发流程给公司所带来的好处主要有如下几点:首先,能够提高产品开发效率,增强市场渗透力,提高产品生命周期收入;其次,缩短开发周期、减少开发浪费、合理利用资源,有利于提高产品开发生产力;再者,降低工程变更成本,提高产品投入市场的预见性,有利于提高运作效率;最后,收入的增长、产品开发生产率的提高以及运作效率的改善,三者结合在一起,就形成综合的竞争优势。
在人才建设方面，固德威专门设立了干部管理体系,对能够在固德威认同的价值体系内表现出色并立足的人才可被评为管理干部。公司于2021年4月16日,经股东大会审议通过实施“2021年限制性股票激励计划”,通过股权激励形式对员工进行长期激励,让员工分享企业成长所带来的收益。公司已于2021年6月11日首次授予激励对象限制性股票,2022年4月14日授予了预留部分的限制性股票。


（来源：能源一号的财富号 2022-08-29 22:47）[点击查看原文]
展开阅读全文"
跌停吧啊固,"https://guba.eastmoney.com/news,688390,1222486435.html",2022-08-29 22:40:02,跌停吧 啊固
通俗整理 光伏一条龙上下游,"https://guba.eastmoney.com/news,688390,1222019564.html",2022-08-28 13:43:04,"1：原始的材料是硅，硅是从硅矿提取出来的，龙头是合盛硅业。有了硅矿不能直接用呀，都是一堆笨石头，要把硅石头变成纯净的硅料，公司是通威股份。 
2：笨石头变成了纯净的硅料，也不能直接用，要放进一个专用的设备里面炼制，类似于炼丹炉，制作这个硅晶炉的公司叫做晶盛机电。 


3：把硅料制作成硅片的公司，主要是隆基绿能、TCL、中环。他们两个尺寸不一样，就像电池大号和小号一样，隆基主要做182，更好的中环主要做210+的，不同的技术路线。


 4：切割硅片的公司，叫做高测股份。切割硅片要用金刚线，金刚线是母线做的，叫福立旺。TOPCON硅片上要印很多线条，是丝网印刷的，明年会用到福立旺的丝网。HJT路线才需要用到激光或者铜电镀。硅片上面有很多条状的线条，这些线都是用激光雕刻的，主要公司是帝尔激光。 


5：有了能用的硅片之后，需要做成一小块一小块的电池片，相关公司是通威股份，爱旭股份，晶科能源，晶澳科技。二晶和隆基是一条绳上的，爱旭跟TCL、中环是一条绳上的，通威是“脚踏两条船”，两条线都站。


 6：有了小的电池片，主要组装成一块更大的电池片，就是图片上那种几平米的，组装的主要公司是晶科能源，晶澳科技，天合光能，东方日升。 


7：这么大一个电池板，为了防止风吹日晒，是不是得像你手机一样，贴个膜啊？做胶膜的相关公司是，福斯特。贴了膜再搞个玻璃盖上去保护一下，相关公司是福莱特。 


8：这时候有了电池板，太阳一照就有电了是吧，但是这个是直流电，我们生活中要用的是交流电，需要一个逆变器转换一下，制作逆变器的相关公司有阳光电源，上能电气，固德威，特变电工。 


9：有的地方是一大片光伏发电板，那个叫集中式光伏，需要用集中式逆变器，主要公司是阳光电源，上能电器，特变电工。 


10：有的地方是一小块光伏板，平时生活中用的，叫做分布式光伏，用分布式逆变器，主要公司是锦浪科技，固德威。 


11：为什么光伏炒这么猛呢？因为光伏行业的平均增速能达到100%，而其他行业能达到20%都不错了，大部分行业都是和经济增速不相上下，5%左右。 


12：为什么光伏里面逆变器炒得最猛呢？因为光伏太阳板30年都不用换，但是逆变器很容易坏，5年一换个，更新频率也高。
$合盛硅业(SH603260)$  $通威股份(SH600438)$  $固德威(SH688390)$  
展开阅读全文"
业绩下降有点多，难以支撑现在的股价,"https://guba.eastmoney.com/news,688390,1222482636.html",2022-08-29 22:20:31,$固德威(SH688390)$  业绩下降有点多，难以支撑现在的股价
现实就是买对题材，业绩再差也能上天,"https://guba.eastmoney.com/news,688390,1222476666.html",2022-08-29 21:53:43,现实就是买对题材，业绩再差也能上天
此票散户千万不要买，被套10年可能都不回本,"https://guba.eastmoney.com/news,688390,1222474120.html",2022-08-29 21:41:43,此票散户千万不要买，被套10年可能都不回本
固德威好于永和智控，利润比永和智控高,"https://guba.eastmoney.com/news,688390,1222472184.html",2022-08-29 21:33:15,"固德威好于永和智控，利润比永和智控高
经纶满堂de怜星
净利润确实不如，688390半年能赚5000多万，永和智控不行啊，利润才人家6折
$永和智控(SZ002795)$净利润确实不如$固德威(SH688390)$，688390半年能赚5000多万，永和智控不行啊，利润才人家6折。
2022-08-29 20:39:19永和智控吧"
明天能够下跌20cm吗？这周能跌40cm吗？,"https://guba.eastmoney.com/news,688390,1222470963.html",2022-08-29 21:27:28,$固德威(SH688390)$  明天能够下跌20cm吗？这周能跌40cm吗？
看这么多小三唱空我就放心了，明天继续涨,"https://guba.eastmoney.com/news,688390,1222454508.html",2022-08-29 20:19:50,$固德威(SH688390)$  看这么多小三唱空我就放心了，明天继续涨
7000多个股东小散唱空没用里面的人出货才会开跌不然为啥拉4倍多呢就是因为流动性,"https://guba.eastmoney.com/news,688390,1222468688.html",2022-08-29 21:18:06,7000多个股东 小散唱空没用 里面的人出货才会开跌 不然为啥拉4倍多呢 就是因为流动性差 拉高了出货的时候利润垫才够厚 反正看看就算了 别去接了 没有成本优势
Q3估计股东人数会增加很多，Q2股东人数刚好卡在派发前。最近这种剧烈振荡，估计在,"https://guba.eastmoney.com/news,688390,1222466871.html",2022-08-29 21:11:00,"$固德威(SH688390)$  
Q3估计股东人数会增加很多，Q2股东人数刚好卡在派发前。
最近这种剧烈振荡，估计在派发。流通盘不大，派发时间已经很充足了，空间也够了。"
这个利润牛逼了，5500万利润股价400多，市值500多亿，真的开眼界，小弟甘拜,"https://guba.eastmoney.com/news,688390,1222461433.html",2022-08-29 20:49:43,这个利润牛逼了，5500万利润股价400多，市值500多亿，真的开眼界，小弟甘拜下风
净利润确实不如，688390半年能赚5000多万，永和智控不行啊，利润才人家6折,"https://guba.eastmoney.com/news,688390,1222458923.html",2022-08-29 20:39:19,$永和智控(SZ002795)$  净利润确实不如$固德威(SH688390)$  ，688390半年能赚5000多万，永和智控不行啊，利润才人家6折。
明天一字板走起,"https://guba.eastmoney.com/news,688390,1222457221.html",2022-08-29 20:32:06,$固德威(SH688390)$  明天一字板走起
哈哈，就这破股，敢炒到600亿,"https://guba.eastmoney.com/news,688390,1222454307.html",2022-08-29 20:19:02,哈哈，就这破股，敢炒到600亿
这股真绝，业绩一塌糊涂，股价一飞冲天,"https://guba.eastmoney.com/news,688390,1222448164.html",2022-08-29 19:53:56,这股真绝，业绩一塌糊涂，股价一飞冲天
机构认为，目前全钒液流电池产业处于导入期向成长期过渡阶段，处于大规模产业化的前夕,"https://guba.eastmoney.com/news,688390,1222452771.html",2022-08-29 20:12:48,"$固德威(SH688390)$  
机构认为，目前全钒液流电池产业处于导入期向成长期过渡阶段，处于大规模产业化的前夕，在产业化过程中，电池端和材料端的相关企业都将充分受益。具体来看：
1）电堆端技术壁垒较高，具有技术积累和资本优势的行业龙头将保持长期竞争力，代表性企业是大连融科、北京普能，另有多家上市公司开展了相关布局，如国网英大、上海电气、易成新能。PCS环节相关公司包括固德威、科华数据；EMS环节相关公司有中电兴发；变频器环节公司则有汇川技术。"
业绩从来没有好过，纯属概念谨防要爆雷,"https://guba.eastmoney.com/news,688390,1222450176.html",2022-08-29 20:01:57,业绩从来没有好过，纯属概念谨防要爆雷
哇哦！半年报每股收益才四毛多，股价400多元！你们说明天怎么样？,"https://guba.eastmoney.com/news,688390,1222406145.html",2022-08-29 16:57:46,$固德威(SH688390)$  哇哦！半年报每股收益才四毛多，股价400多元！你们说明天怎么样？
粗略拆分报表，真实利润应是增长的,"https://guba.eastmoney.com/news,688390,1222447706.html",2022-08-29 19:52:16,"详见半年报财报所示：
半年报表示上半年大幅度增加了研发/销售团队，并设立了一些和销售相关的分支（暂未产生收益），导致销售费用/管理费用/研发费用大增。
可以预见的是，下半年这部分费用不会再大比例增加（相对于去年同期会有增加），除非继续大规模扩大。随着营收规模增加，这部分影响会摊薄。
假设把这部分增加的费用（扣减合理增加部分）回冲，则H1净利润同比是增加的。
同时分季度观察，Q2/Q1环比增幅是巨大的，这也验证了上述假设部分。
考虑本币汇率波动因素（贬值主要体现在最近两个月）在上半年并没有体现出来，在下半年汇兑收益会体现在报表中，无形中也增加了收益项。
综合考量，固德威的真实业绩并非数据体现的。或许换一个视角考量更合适。"
无所谓的，基金继续拉升。因为不是自己的钱[微笑][微笑][微笑][微笑][微笑],"https://guba.eastmoney.com/news,688390,1222446359.html",2022-08-29 19:46:10,无所谓的，基金继续拉升。因为不是自己的钱
年底搞不好2千亿起步,"https://guba.eastmoney.com/news,688390,1222443664.html",2022-08-29 19:34:32,年底搞不好2千亿起步
还是你牛，业绩前大涨，然后告诉别人你二季度亏钱！！！！阳光二季度赚4.9亿被骂上,"https://guba.eastmoney.com/news,688390,1222442220.html",2022-08-29 19:27:20,$固德威(SH688390)$  还是你牛，业绩前大涨，然后告诉别人你二季度亏钱！！！！阳光二季度赚4.9亿被骂上天，立刻低开7个点，你这不20CM直接埋人？
实盘持仓及新仓买入计划！挑战一个月50w到500w，今日+8w,"https://guba.eastmoney.com/news,688390,1222419024.html",2022-08-29 17:46:18,"今天在早盘延续一个冰点恐慌，指数再次杀一波后。
开始修复了，比较乱，因为修复的方向很多。
但是情绪流这里是必出手的。

消息说

中共中央、国务院：
氢能源/燃料电池 +1.23%
理由 上海逐步探索建设全国性氢交易所，加快推动光伏制氢的示范应用

国产芯片 +0.65%
理由 龙头业绩超预期20%涨停
光伏 +2.03%
理由 工信部：推动N型高效电池、柔性薄膜电池、钙钛矿及叠层电池等先进技术的研发应用
储能 +1.14%
理由 德国基准电价升破800欧元，几乎为去年同期的十倍


情绪方面

早盘开盘
竞价顶一字的是慧博普 5亿+的封单 你说这个是给天然气打call 还是氢能源打call呢？
市场应该是理解给天然气打call了，所以德龙汇能 开在9+了，这不是闹吗。
而动力源 没有顶一字说明氢能源不强啊，但开盘后一进二基本围绕储能和氢能在做。

德龙汇能开盘就被按了，但是承接强势，没按死，回流后，资金分歧很大，毕竟指数这个鸟样
8板是要停牌的，谁敢封板啊。但是整体证明这里情绪回暖了。

西部创业 和黑芝麻 开盘就分出强弱了。西部创业这个昨天有兄弟来说没人吹稳了。
还稳不？这个东西走业绩线3板差不多了，除非他的其他属性可以发散。
而黑芝麻有粮食+储能，预期差大的多的。

上午修复的方向比较多，尤其是短期超跌的风光储，这个不意外，但是没用皇氏和智光这些领涨
有些意外。而是换了一批。

而芯片和消费电子的修复，就完全预期外了。
这里国光被资金相中了，这里如果今天能板就不是简单的盘顶的问题了。
这是有资金开始介入，开始走横盘了。
感觉就是开始等风口了，这个风口是新周期投机情绪的回暖加强，低位新发补涨加强推他走二波。
文投控股 没了，算个4阶段不合格的补涨吧，然后维科和数源科技 板了，这都是新的反卡烈性。
这波如果国光电器 能等到新的一波，低位补涨加强，不排除可以继续走二波新高
就像当初的翠微股份 等来了自己的恒宝股份 一样。
但是这一切的前提是，这里资金完全切入投机连板的周期，新的周期赚钱效应非常强。

上午指数有止跌的预期，下午要是能红，那么今天就是冰点后冰点延续后的修复，那么大概率
明天还会延续修复，这就是昨天说的起码有一天的做多时间，下午开始算半天。
所以今天买大概率买不了吃亏上当，关键是你是打板，低吸还是半路了。

德龙汇能 今天感觉即使断板了，明天也有修复发包预期，所以早盘低吸接飞刀了。
第一笔吸的不够低所以吸了两笔，仓位给多了，4成了。

黑芝麻
这个今天就看弱转强了，但是早盘盘口走的太难看了。没低吸，也没半路，打板上的。不到2成。
今天的均线偏离值依然大。

操作

==========================

德固特 冲高减仓 还有2成

德龙汇能 早盘接飞刀低吸 4成

黑芝麻 打板 不到2成。



特别注意: 朋友们手上有个谷问题或者想提前看明日计划欢迎评论区交流，我在置顶等你！
$黑芝麻(SZ000716)$  $德龙汇能(SZ000593)$  $固德威(SH688390)$  
展开阅读全文"
一直以为宁德时代比亚迪被严重高估了，现在看看这些了色逆变器企业我才发现什么是高估,"https://guba.eastmoney.com/news,688390,1222435318.html",2022-08-29 18:59:26,$固德威(SH688390)$  一直以为宁德时代比亚迪被严重高估了，现在看看这些了色逆变器企业我才发现什么是高估。
你自己看，半年赚几百万可对得起你的股价,"https://guba.eastmoney.com/news,688390,1222433902.html",2022-08-29 18:52:33,你自己看，半年赚几百万可对得起你的股价
这些逆变器的业绩，吼吼，都够难看的，增收不增利,"https://guba.eastmoney.com/news,688390,1222432477.html",2022-08-29 18:47:02,"。。。
"
科创板简直就是搏傻游戏，难怪A股万年3000点，佩服佩服，再广阔的前景也撑不起当,"https://guba.eastmoney.com/news,688390,1222430901.html",2022-08-29 18:40:08,科创板简直就是搏傻游戏，难怪A股万年3000点，佩服佩服，再广阔的前景也撑不起当下这个市梦率
20cm,"https://guba.eastmoney.com/news,688390,1222425830.html",2022-08-29 18:16:13,$固德威(SH688390)$  20cm
你的高增长呢？机构眼里，你是每年都要增长百分之两百，五年后利润起码20亿啊,"https://guba.eastmoney.com/news,688390,1222424435.html",2022-08-29 18:10:17,$固德威(SH688390)$  你的高增长呢？机构眼里，你是每年都要增长百分之两百，五年后利润起码20亿啊
固德威上半年营收同比增长33.61%,"https://guba.eastmoney.com/news,688390,1222422017.html",2022-08-29 17:56:26,"来源：上海证券报·中国证券网作者：孔子元


　　固德威发布半年报。2022年上半年实现营业收入14.52亿元，同比增长33.61%；归属于上市公司股东的净利润5462万元，同比下降64.32%。基本每股收益0.44元。

（文章来源：上海证券报·中国证券网）[点击查看原文]"
哇靠，所以它今天为什么涨,"https://guba.eastmoney.com/news,688390,1222416511.html",2022-08-29 17:35:47,哇靠，所以它今天为什么涨
机构报团令人发指，迟早崩盘，,"https://guba.eastmoney.com/news,688390,1222421738.html",2022-08-29 17:58:12,$固德威(SH688390)$  机构报团令人发指，迟早崩盘，
股价涨上天了，结果就这垃圾业绩？？基金就拿散户的钱不当钱，往往一句道歉了事！看看,"https://guba.eastmoney.com/news,688390,1222421524.html",2022-08-29 17:57:18,$固德威(SH688390)$  股价涨上天了，结果就这垃圾业绩？？基金就拿散户的钱不当钱，往往一句道歉了事！看看隆基，中环等光伏企业，业绩好，就是不涨！
市梦率,"https://guba.eastmoney.com/news,688390,1222408170.html",2022-08-29 17:04:56,$固德威(SH688390)$  市梦率
明天一个字，砰，两个字，嗝屁，三个字，凉凉凉！,"https://guba.eastmoney.com/news,688390,1222414997.html",2022-08-29 17:29:44,$固德威(SH688390)$  明天一个字，砰，两个字，嗝屁，三个字，凉凉凉！
明天一个字，砰，砰砰砰！,"https://guba.eastmoney.com/news,688390,1222414365.html",2022-08-29 17:27:18,$固德威(SH688390)$  明天一个字，砰，砰砰砰！
现在谁敢说阳光不好,"https://guba.eastmoney.com/news,688390,1222414115.html",2022-08-29 17:26:22,现在谁敢说阳光不好
固德威股东户数下降9.60%，户均持股318.94万元,"https://guba.eastmoney.com/news,688390,1222413775.html",2022-08-29 17:24:35,"来源：东方财富Choice数据作者：财智星
固德威2022年8月30日在半年度报告中披露，截至2022年6月30日公司股东户数为7918户，较上期（2022年3月31日）减少841户，减幅为9.60%。
固德威股东户数低于行业平均水平。根据Choice数据，截至2022年6月30日电力设备行业上市公司平均股东户数为4.68万户。其中，公司股东户数处于2万~4万区间占比最高，为27.39%。
电力设备行业股东户数分布
股东户数与股价
2021年6月30日至今，公司股东户数显著增长，区间涨幅为28.81%。2021年6月30日至2022年6月30日区间股价上涨31.65%。
股东户数及股价
股东户数与股本
截至2022年6月30日，公司最新总股本为1.23亿股，其中流通股本为8067.96万股。户均持有流通股数量由上期的6552股上升至1.02万股，户均流通市值318.94万元。
户均持股金额
固德威户均持有流通市值高于行业平均水平。根据Choice数据，截至2022年6月30日，电力设备行业A股上市公司平均户均持有流通股市值为49.62万元。其中，24.75%的公司户均持有流通股市值在12万~24万区间内。
电力设备行业户均流通市值分布
沪股通持股
2022年6月30日，沪股通持有固德威的股份数量为552.66万股，占流通股本的6.85%，较上期（2022年3月31日）的68.07万股上升711.86%。
沪股通持股图
免责声明：本文基于大数据生产，仅供参考，不构成任何投资建议，据此操作风险自担。
（文章来源：东方财富Choice数据）[点击查看原文]
展开阅读全文"
抄底，，阳光电源都没跌,"https://guba.eastmoney.com/news,688390,1222412041.html",2022-08-29 17:19:13,抄底，，阳光电源都没跌
明天涨停，这叫困境反转，现在机构流行这种垃圾股。越垃圾越好，业绩好的他们不买的，,"https://guba.eastmoney.com/news,688390,1222409859.html",2022-08-29 17:11:27,$固德威(SH688390)$  明天涨停，这叫困境反转，现在机构流行这种垃圾股。越垃圾越好，业绩好的他们不买的，
这炒得啥子哟。,"https://guba.eastmoney.com/news,688390,1222408429.html",2022-08-29 17:05:51,这炒得啥子哟。
跟禾迈没得比,"https://guba.eastmoney.com/news,688390,1222408321.html",2022-08-29 17:05:31,跟禾迈没得比
神奇的故事,"https://guba.eastmoney.com/news,688390,1222408097.html",2022-08-29 17:04:44,$固德威(SH688390)$  神奇的故事
固德威：2022上半年净利润同比下降64.32%,"https://guba.eastmoney.com/news,688390,1222405084.html",2022-08-29 16:53:53,"固德威（688390）发布中报，2022上半年实现营业总收入14.52亿元，同比增长33.61%；归属母公司股东净利润5462万元，同比下降64.32%；基本每股收益为0.44元。
免责声明：本文基于大数据生产，仅供参考，不构成任何投资建议，据此操作风险自担。

"
