标题,链接,发布时间,内容
继续砸我继续200200买,"https://guba.eastmoney.com/news,688567,958579646.html",2020-08-25 13:49:08,继续砸我继续200200买
被摁在地板上摩擦,"https://guba.eastmoney.com/news,688567,958547707.html",2020-08-25 13:06:02,被摁在地板上摩擦
亏死我了，[大笑],"https://guba.eastmoney.com/news,688567,958527479.html",2020-08-25 11:49:45,亏死我了，
太优秀了，20可能都止不住，解套时间两年。,"https://guba.eastmoney.com/news,688567,958576637.html",2020-08-25 13:44:51,太优秀了，20可能都止不住，解套时间两年。
差不多所有人都是亏损的，还有谁在抛？,"https://guba.eastmoney.com/news,688567,958576144.html",2020-08-25 13:44:32,差不多所有人都是亏损的，还有谁在抛？
你是不是要把我吓死啊！[囧][惊讶][惊讶],"https://guba.eastmoney.com/news,688567,958520082.html",2020-08-25 11:32:38,你是不是要把我吓死啊！
这垃圾，要害死多少人！吹牛逼第一！软包国内第一，全球第三，奔驰入股，什么玩意？！,"https://guba.eastmoney.com/news,688567,958569017.html",2020-08-25 13:33:53,这垃圾，要害死多少人！吹牛逼第一！软包国内第一，全球第三，奔驰入股，什么玩意？！
这是逼小散们交出带血的筹码！狠心的恶庄！,"https://guba.eastmoney.com/news,688567,958567672.html",2020-08-25 13:32:35,这是逼小散们交出带血的筹码！狠心的恶庄！
这是新能源？能跌成这样的吗……,"https://guba.eastmoney.com/news,688567,958565286.html",2020-08-25 13:28:41,这是新能源？能跌成这样的吗……
无能为力！无语！无底！无耻！,"https://guba.eastmoney.com/news,688567,958559286.html",2020-08-25 13:22:35,无能为力！无语！无底！无耻！
特么来两个涨停我回本就跑，天天压，就是倒闭我都不会交出筹码,"https://guba.eastmoney.com/news,688567,958557694.html",2020-08-25 13:20:40,特么来两个涨停我回本就跑，天天压，就是倒闭我都不会交出筹码
6个阴棒了，无能确实无能。,"https://guba.eastmoney.com/news,688567,958546802.html",2020-08-25 13:03:45,6个阴棒了，无能确实无能。
为什么不叫无能科技,"https://guba.eastmoney.com/news,688567,958544586.html",2020-08-25 12:58:01,为什么不叫无能科技
看来一下，此股没券可融。难道这些卖出都是融资爆仓的。,"https://guba.eastmoney.com/news,688567,958461136.html",2020-08-25 10:27:16,看来一下，此股没券可融。难道这些卖出都是融资爆仓的。
赣州人都不看好孚能科技,"https://guba.eastmoney.com/news,688567,958524965.html",2020-08-25 11:42:53,赣州人都不看好孚能科技。
3000手卖下来可以砸停,"https://guba.eastmoney.com/news,688567,958516257.html",2020-08-25 11:27:53,3000手卖下来可以砸停
同样是新能源电池，真无能啊[惨!关灯吃面],"https://guba.eastmoney.com/news,688567,958524490.html",2020-08-25 11:41:34,同样是新能源电池，真无能啊
你们信不信？只要你们卖了，马上就涨，而且是翻倍的涨。哈哈,"https://guba.eastmoney.com/news,688567,958515997.html",2020-08-25 11:27:23,你们信不信？只要你们卖了，马上就涨，而且是翻倍的涨。哈哈
要命啊,"https://guba.eastmoney.com/news,688567,958512414.html",2020-08-25 11:23:07,要命啊
冲动了，投机不成,"https://guba.eastmoney.com/news,688567,958527176.html",2020-08-25 11:48:50,冲动了，投机不成
真球垃圾，服了没有，大家？早点退市吧，天天跌,"https://guba.eastmoney.com/news,688567,958503151.html",2020-08-25 11:12:43,真球垃圾，服了没有，大家？早点退市吧，天天跌
我对你真的是失望至极,"https://guba.eastmoney.com/news,688567,958501222.html",2020-08-25 11:11:04,我对你真的是失望至极
我就说一个问题大家自己想，这货基本上从来不大跌，基本面真的那么差，一天就可以跌个,"https://guba.eastmoney.com/news,688567,958472107.html",2020-08-25 10:38:45,"我就说一个问题大家自己想，这货基本上从来不大跌，基本面真的那么差，一天就可以跌个20%
，为什么分几个星期慢慢跌"
亏点钱就亏点钱，保重身体要紧,"https://guba.eastmoney.com/news,688567,958497278.html",2020-08-25 11:05:55,亏点钱就亏点钱，保重身体要紧
网下打新什么时候可以交易,"https://guba.eastmoney.com/news,688567,958462492.html",2020-08-25 10:28:40,往下打新什么时候可以交易 现在是不是网下中新的筹码在不计成本的跑反正他们只要不破发就是赚的　　上市换手都超过350%不是打新进来的 每天新低砸盘的都是割肉　他们就这样跟自己的钱过不去？？？大哀也是搞不懂 了
会玩，当前最低价23，45,"https://guba.eastmoney.com/news,688567,958493910.html",2020-08-25 11:02:38,"
"
今天红盘收,"https://guba.eastmoney.com/news,688567,958490380.html",2020-08-25 10:58:35,今天红盘收
脏货,"https://guba.eastmoney.com/news,688567,958492867.html",2020-08-25 11:01:26,脏货
真壮观啊,"https://guba.eastmoney.com/news,688567,958488337.html",2020-08-25 10:56:14,跌出快感来了
看了一下，此券没券可融卖出。难道都是融资爆仓的。,"https://guba.eastmoney.com/news,688567,958467759.html",2020-08-25 10:34:30,看了一下，此券没券可融卖出。难道都是融资爆仓的。
第一次骂人,"https://guba.eastmoney.com/news,688567,958487279.html",2020-08-25 10:54:25,*娘养的
全即把完了,"https://guba.eastmoney.com/news,688567,958485110.html",2020-08-25 10:51:54,割了跑
六连阴，不断创新低，牛,"https://guba.eastmoney.com/news,688567,958479760.html",2020-08-25 10:46:59,六连阴，不断创新低，牛
小刀割肉，慢慢疼,"https://guba.eastmoney.com/news,688567,958477214.html",2020-08-25 10:43:46,小刀割肉，慢慢疼
最低价可能是22或者20。立帖为证！,"https://guba.eastmoney.com/news,688567,958476907.html",2020-08-25 10:44:02,如果基本面恶化也可能到18.....等着吧
无能科技，名副其实,"https://guba.eastmoney.com/news,688567,958472643.html",2020-08-25 10:39:18,无能科技，名副其实
跌到16-18是必然趋势,"https://guba.eastmoney.com/news,688567,958487481.html",2020-08-25 10:55:10,跌到16-18是必然趋势
科创雄起，孚能回归,"https://guba.eastmoney.com/news,688567,958465508.html",2020-08-25 10:31:15,科创雄起，孚能回归
既定方针不变跌一元买200,"https://guba.eastmoney.com/news,688567,958453529.html",2020-08-25 10:19:27,既定方针不变跌一元买200
跌不死的货,"https://guba.eastmoney.com/news,688567,958453050.html",2020-08-25 10:18:25,跌不死的货
大盘不差，你就怂样！等大盘跌下来你不就完蛋了吗？无能公司！,"https://guba.eastmoney.com/news,688567,958451363.html",2020-08-25 10:16:37,大盘不差，你就怂样！等大盘跌下来你不就完蛋了吗？无能公司！
老哥，你的底在哪里,"https://guba.eastmoney.com/news,688567,958395064.html",2020-08-25 09:12:12,老哥，你的底在哪里
还有那么多人有信心就说明还没有跌透,"https://guba.eastmoney.com/news,688567,958451525.html",2020-08-25 10:17:29,还有那么多人有信心就说明还没有跌透
这就是炒鸡拉基,"https://guba.eastmoney.com/news,688567,958443875.html",2020-08-25 10:09:50,这就是炒鸡拉基
奔二十去了！,"https://guba.eastmoney.com/news,688567,958442505.html",2020-08-25 10:08:33,奔二十去了！
太垃圾,"https://guba.eastmoney.com/news,688567,958448264.html",2020-08-25 10:14:15,太垃圾
作孽啊,"https://guba.eastmoney.com/news,688567,958424647.html",2020-08-25 09:51:28,作孽啊
垃圾股连跌6天了，真是倒霉,"https://guba.eastmoney.com/news,688567,958447065.html",2020-08-25 10:13:04,垃圾股连跌6天了，真是倒霉
沒啥事，天塌不下来,"https://guba.eastmoney.com/news,688567,958417919.html",2020-08-25 09:45:31,沒啥事，天塌不下来
等机构资金低价筹码吃饱了就来劲了！,"https://guba.eastmoney.com/news,688567,958390919.html",2020-08-25 08:52:06,等机构资金低价筹码吃饱了就来劲了！
有人刻意打压,"https://guba.eastmoney.com/news,688567,958439667.html",2020-08-25 10:05:43,加油啊下来好一起捡便宜货
烂泥扶不上墙,"https://guba.eastmoney.com/news,688567,958437188.html",2020-08-25 10:02:49,烂泥扶不上墙
弱者恒弱,"https://guba.eastmoney.com/news,688567,958421434.html",2020-08-25 09:48:32,弱者恒弱
我中签了，赚钱了再加仓，,"https://guba.eastmoney.com/news,688567,958363532.html",2020-08-25 02:04:23,我中签了，赚钱了再加仓，
必须删自选,"https://guba.eastmoney.com/news,688567,958357225.html",2020-08-25 00:11:29,必须删自选
垃圾亏损股，都是散户，而且散户都亏的很惨，也会越来越惨,"https://guba.eastmoney.com/news,688567,958354895.html",2020-08-24 23:50:40,垃圾亏损股，都是散户，而且散户都亏的很惨，也会越来越惨
被软包龙头和国新投资忽悠进来的，不管大盘涨跌都是一路绿灯，真是让人怀疑为啥买这个,"https://guba.eastmoney.com/news,688567,958205834.html",2020-08-24 14:19:16,被软包龙头和国新投资忽悠进来的，不管大盘涨跌都是一路绿灯，真是让人怀疑为啥买这个。
到发行价就补仓，长线不吃亏。,"https://guba.eastmoney.com/news,688567,958349948.html",2020-08-24 23:10:43,到发行价就补仓，长线不吃亏。
满仓满融加杠杆，赌它不会新低！！拼了~,"https://guba.eastmoney.com/news,688567,956855115.html",2020-08-19 12:17:18,满仓满融加杠杆，赌它不会新低！！拼了拼了~
每月发工资坚持买五百股，一年后肯定赚钱等着吧[呲牙],"https://guba.eastmoney.com/news,688567,958342708.html",2020-08-24 22:30:44,每月发工资坚持买五百股，一年后肯定赚钱等着吧
自燃的居然传说是宁德时代的电池，怪不得今天宁德时代暴涨，原来是因为用户多自燃的才,"https://guba.eastmoney.com/news,688567,958334218.html",2020-08-24 21:52:46,自燃的居然传说是宁德时代的电池，怪不得今天宁德时代暴涨，原来是因为用户多自燃的才多麽？孚能科技什么时候也燃一个？
忠告大家，孚能科技和中芯国际换手率都很低，最近不会有行情，只会更低。,"https://guba.eastmoney.com/news,688567,949323895.html",2020-07-23 21:12:11,忠告大家，孚能科技和中芯国际换手率都很低，最近不会有行情，只会更低。
到底自燃的电池是谁家的，有没有个准信？,"https://guba.eastmoney.com/news,688567,958313481.html",2020-08-24 20:16:27,到底自燃的电池是谁家的，有没有个准信？
黑啊，继续来黑！NND的。爆炸的，起火的都是孚能的。没问题的都是宁德时代的。能不,"https://guba.eastmoney.com/news,688567,958299857.html",2020-08-24 18:59:40,黑啊，继续来黑！NND的。爆炸的，起火的都是孚能的。没问题的都是宁德时代的。能不能别那么没底线！
上涨趋势的票，什么时间买都是对的，下跌趋势的票，什么时间卖都是正确的，看来没错！,"https://guba.eastmoney.com/news,688567,958284408.html",2020-08-24 17:38:45,上涨趋势的票，什么时间买都是对的，下跌趋势的票，什么时间卖都是正确的，看来没错！
8月23日，海口市广汽新能源埃安S自燃，电池可能来自孚能科技！,"https://guba.eastmoney.com/news,688567,958270245.html",2020-08-24 16:38:15,入夏以来，有关新能源汽车电池的安全问题再度引发关注。8月23日上午，海南省海口市琼山区椰博路与椰合一街交叉路口，一辆广汽新能源埃安S当街起火自燃，熊熊烈火照亮了整个驾驶舱，滚滚黑烟直冲云霄。消防员随即赶到将火扑灭。据统计，这已经是埃安S今年发生的至少第三起自燃事件，同时也是两周内发生的第二起自燃事件
太菜了，孚能科技一个没有？8月24日，工信部发布了2020年第9批《新能源汽车推,"https://guba.eastmoney.com/news,688567,958295358.html",2020-08-24 18:32:55,"太菜了，孚能科技一个没有？8月24日，工信部发布了2020年第9批《新能源汽车推广应用推荐车型目录》，共有263款车型入选，其中包括纯电动车型236款、插电式混合动力车型13款、燃料电池车型14款。
从车型来看，新能源乘用车有59款、占比22.4%，新能源客车有59款、占比22.4%，新能源专用车有145款、占比55.2%。
在乘用车领域，本批次目录共有20家企业提供电池配套，分别是宁德时代（11）、比克（5）、中航锂电/力神/欣旺达/北电爱思特/一汽/（4）、桑顿/瑞浦能源/华霆动力/威马汽车（3）、重庆弗迪/正力新能源（2）、国轩高科/蜂巢能源/鹏辉电源/横店东磁/江淮华霆/科易新动力/神龙汽车（1）。"
发行价是16，今天的收盘价是24，如果跌到发行价还要跌8元。,"https://guba.eastmoney.com/news,688567,958304602.html",2020-08-24 19:28:25,我在发行价等你，哈哈
转发,"https://guba.eastmoney.com/news,688567,958310861.html",2020-08-24 20:02:04,"转发
光子量化
新能源汽车加速全球化布局，长期走势将持续向上
在特斯拉外盘利好的影响下，今日国内新能源汽车、特斯拉、锂电池等板块，稳中有涨。新能源车的大热，让它及上下游相关产业，获得了投资机构、个人的青睐，那么新能源汽车发展潜力怎样？适合长线投资吗？我们就来梳理下新能源汽车的现状及发展空间。新能源汽车景气长期向上，主流供应链抢占先机新能源汽车全球化快速推进，领军企业不断涌现。当前，全球新一轮科技革命和产业变革蓬勃发展。汽车与能源、交通、信息通信等领域加速...
2020-08-24 16:12:40财富号评论吧"
感觉孚能科技引起了同行的不满，不知道什么原因,"https://guba.eastmoney.com/news,688567,958284117.html",2020-08-24 17:37:26,感觉孚能科技引起了同行的不满，不知道什么原因
再次友情提醒，按照亏损初创公司5倍市销率计算，公司的估值应该在120亿左右……,"https://guba.eastmoney.com/news,688567,956965138.html",2020-08-19 15:14:31,再次友情提醒，按照亏损初创公司5倍市销率计算，公司的估值应该在120亿左右……
今天再出坏消息明天继续砸！垃圾桶,"https://guba.eastmoney.com/news,688567,958238241.html",2020-08-24 15:02:24,今天再出坏消息明天继续砸！垃圾桶
看好的拿牢了，孚能被人黑，被人恶意做空，只能说明孚能是竞争对手的劲敌，就像华为，,"https://guba.eastmoney.com/news,688567,957963179.html",2020-08-23 19:06:50,看好的拿牢了，孚能被人黑，被人恶意做空，只能说明孚能是竞争对手的劲敌，就像华为，新能源不止局限于汽车，用途太广泛了，后市可期！
目测要破发的节奏,"https://guba.eastmoney.com/news,688567,958263560.html",2020-08-24 16:11:15,目测要破发的节奏
市场不认可，市场对,"https://guba.eastmoney.com/news,688567,958262172.html",2020-08-24 16:06:06,市场不认可，市场对
破发只是第一步[大笑],"https://guba.eastmoney.com/news,688567,954562760.html",2020-08-11 15:44:09,破发只是第一步
参考一下688338，以后孚能也这么走,"https://guba.eastmoney.com/news,688567,957333727.html",2020-08-20 15:16:36,参考一下688338，以后孚能也这么走
孚（沃）能本地的客户都搞不定，全被抛弃，人家奔驰又不傻，只能又皮赖脸的找宁德,"https://guba.eastmoney.com/news,688567,952924522.html",2020-08-05 21:48:52,孚（沃）能本地的客户都搞不定，全被抛弃，人家奔驰又不傻，只能又皮赖脸的找宁德合作，肯定是公司的技术水平太差，产品质量不好，不然，上半年居然营收不足3亿，新增产能打水漂
行业和市场是巨大的，能否飞天就得看总经理了，中的新股这价也没必要卖了没两个钱。,"https://guba.eastmoney.com/news,688567,958246068.html",2020-08-24 15:16:32,行业和市场是巨大的，能否飞天就得看总经理了，中的新股这价也没必要卖了没两个钱。
这货估计和传音控股的走势有点相似！,"https://guba.eastmoney.com/news,688567,958243172.html",2020-08-24 15:09:57,这货估计和传音控股的走势有点相似！
孚能变沃能,"https://guba.eastmoney.com/news,688567,953336543.html",2020-08-06 23:48:23,孚能变沃能
又创新低，你奶奶的,"https://guba.eastmoney.com/news,688567,958238496.html",2020-08-24 15:02:44,真不要脸。
现价买入两年后挣钱,"https://guba.eastmoney.com/news,688567,958243697.html",2020-08-24 15:11:36,现价买入两年后挣钱
融资的暴仓，现触券的也怕暴仓，乖了点中新的还有两三千元利润，短期别看了。,"https://guba.eastmoney.com/news,688567,958226664.html",2020-08-24 14:47:38,融资的暴仓，现触券的也怕暴仓，乖了点中新的还有两三千元利润，短期别看了。
这种报道就有点造谣的成分了，那么多电池供应商，偏偏只写无能，这样也太明显的空狗了,"https://guba.eastmoney.com/news,688567,957809517.html",2020-08-22 00:51:46,这种报道就有点造谣的成分了，那么多电池供应商，偏偏只写无能，这样也太明显的空狗了！看了那拆解视频，讲解人哪里提及过电池供应商是孚能！想拿筹码也别搞假新闻啦！
每天上来就是2个点下去，看你们走不走，不走明天继续，一个月再看你们这群小散割肉不,"https://guba.eastmoney.com/news,688567,958224628.html",2020-08-24 14:44:52,每天上来就是2个点下去，看你们走不走，不走明天继续，一个月再看你们这群小散割肉不。最近融券一直在买入，大家注意点吧。
北汽新能源用的是孚能电池,"https://guba.eastmoney.com/news,688567,958215818.html",2020-08-24 14:33:30,8月20日，福建三明一辆北汽新能源汽车在充电站时突然冒烟，报警后救援人员赶到现场，用水灭火又发生了爆炸，整个车身损毁严重。北汽新能源负责公关的工作人员对媒体表示，事故具体原因不详。
下降通道，建议不碰，等到发行价附近介入,"https://guba.eastmoney.com/news,688567,958232161.html",2020-08-24 14:54:56,下降通道，建议不碰，等到发行价附近介入
加油，涨50%我就回本了[困顿][困顿][困顿][困顿][困顿][困顿],"https://guba.eastmoney.com/news,688567,958166432.html",2020-08-24 13:20:40,加油，涨50%我就回本了
科创兴邦,"https://guba.eastmoney.com/news,688567,958173808.html",2020-08-24 13:31:52,科创兴邦
补了2000股，连带中签都亏了，垃圾,"https://guba.eastmoney.com/news,688567,958194424.html",2020-08-24 14:02:17,补了2000股，连带中签都亏了，垃圾
破发,"https://guba.eastmoney.com/news,688567,958194016.html",2020-08-24 14:01:40,破发
今天是历史大底，立帖为证！,"https://guba.eastmoney.com/news,688567,958184446.html",2020-08-24 13:47:28,今天是历史大底，立帖为证！
眼瞎！,"https://guba.eastmoney.com/news,688567,958189555.html",2020-08-24 13:55:05,眼瞎！
公司也算是独角兽？,"https://guba.eastmoney.com/news,688567,958104095.html",2020-08-24 10:53:13,公司也算是独角兽？
骗子公司,"https://guba.eastmoney.com/news,688567,958186303.html",2020-08-24 13:50:24,骗子公司
买了天天跌，看看宁德时代！,"https://guba.eastmoney.com/news,688567,958183708.html",2020-08-24 13:46:32,买了天天跌，看看宁德时代！
垃圾股，股市吧,"https://guba.eastmoney.com/news,688567,958162115.html",2020-08-24 13:13:39,垃圾股，股市吧
药不能停,"https://guba.eastmoney.com/news,688567,958176644.html",2020-08-24 13:36:17,药不能停
投降了,"https://guba.eastmoney.com/news,688567,958159188.html",2020-08-24 13:08:56,投降了
现在叫人买的都是托,"https://guba.eastmoney.com/news,688567,950092251.html",2020-07-27 14:04:37,现在叫人买的都是托
干脆全部解散！,"https://guba.eastmoney.com/news,688567,958148543.html",2020-08-24 12:26:46,干脆全部解散！
科创板四大天王，金手指只相中孚能科技！科创板中次新股中，中芯国际、国盾量子、孚能,"https://guba.eastmoney.com/news,688567,955955265.html",2020-08-16 20:34:04,"科创板四大天王，金手指只相中孚能科技！
科创板中次新股中，中芯国际、国盾量子、孚能科技、康希诺-U为四大天王，分别为新兴细分行业科技龙头。中芯国际主业芯片业，国盾量子主业量子通信，孚能科技主业三元软包电池(还有固态电池技术储备)，康希诺是新冠疫苗第一股。
中芯、国盾、康希诺发行价畸高，要想在现有股价基础上翻倍，难！
而孚能科技，其主营三元软包电池，市场运用前景好，德国奔驰入股3%。当前供不应求，产能未跟上。新能源汽车取代燃油车不仅是大趋势，而且已有时间表。其储备的固态电池技术是电池领域的硬核技术。孚能科技的产能肯定会跟上来，业绩大幅增厚绝不是画饼。
四只股，金手指只相中孚能科技。因为其发行价没水份，其他三只均虚高了很多。上市来孚能震荡下行，量能萎缩厉害，机构与散户均呈一致性惜售心态，构筑底部雏形渐行渐近。
金手指与大多数投资不一样，老金习惯用""金字塔″左侧建仓，股价越跌买入越多，股价相对最低时，买入的股票最多。
个人观点，仅供参考，不作投资依据。
"
买了你真是瞎了眼，给亿纬锂能提鞋都不配。,"https://guba.eastmoney.com/news,688567,958102801.html",2020-08-24 10:51:53,买了你真是瞎了眼，给亿纬锂能提鞋都不配。
深套中,"https://guba.eastmoney.com/news,688567,958139343.html",2020-08-24 11:49:15,只看吹牛了没有市值太高哎挣的钱全还给你了！
走就走了，自已培养自已的人才不就中了。,"https://guba.eastmoney.com/news,688567,958034779.html",2020-08-24 09:41:09,走就走了，自已培养自已的人才不就中了。
一个套钱的公司，包装的高大上,"https://guba.eastmoney.com/news,688567,958118351.html",2020-08-24 11:12:28,一个套钱的公司，包装的高大上
勒色,"https://guba.eastmoney.com/news,688567,958109397.html",2020-08-24 10:59:57,勒色
订单饱满才四处建厂。一`二、三期接连不断。放心吧。34元马上来到。50不是梦,"https://guba.eastmoney.com/news,688567,957457091.html",2020-08-21 07:27:22,订单饱满才四处建厂。一`二、三期接连不断。放心吧。34元马上来到。50不是梦
越买越亏,"https://guba.eastmoney.com/news,688567,958054115.html",2020-08-24 09:55:59,越买越亏
地域有几层？,"https://guba.eastmoney.com/news,688567,958094423.html",2020-08-24 10:41:12,地域有几层？
现在卖的都是吧,"https://guba.eastmoney.com/news,688567,958044022.html",2020-08-24 09:48:43,现在卖的都是吧
此庄心太狼，不能玩，再见,"https://guba.eastmoney.com/news,688567,958089796.html",2020-08-24 10:35:52,此庄心太狼，不能玩，再见
走了走了，32的本就当瞎了眼了,"https://guba.eastmoney.com/news,688567,958064898.html",2020-08-24 10:06:43,走了走了，32的本就当瞎了眼了
宗盛,"https://guba.eastmoney.com/news,688567,958087434.html",2020-08-24 10:33:08,宗盛
利空因素,"https://guba.eastmoney.com/news,688567,958071078.html",2020-08-24 10:13:42,利空因素
步步下地御,"https://guba.eastmoney.com/news,688567,958061879.html",2020-08-24 10:03:38,步步下地 御
吓死宝宝了，还好没贪[滴汗],"https://guba.eastmoney.com/news,688567,958059534.html",2020-08-24 10:01:17,吓死宝宝了，还好没贪
都是新能源车概念差距咋这么大呢,"https://guba.eastmoney.com/news,688567,958053690.html",2020-08-24 09:55:37,都是新能源车概念差距咋这么大呢
估计新庄会一直打压，从25吸到20再反弹，唉没办法。散发利空就是为了扫荡。,"https://guba.eastmoney.com/news,688567,958053572.html",2020-08-24 09:55:42,估计新庄会一直打压，从25吸到20再反弹，唉 没办法。散发利空就是为了扫荡。
无能要破发了,"https://guba.eastmoney.com/news,688567,958042873.html",2020-08-24 09:48:04,无能要破发了
赶紧破发,"https://guba.eastmoney.com/news,688567,958034841.html",2020-08-24 09:41:11,赶紧破发
确实垃圾，也配科创板,"https://guba.eastmoney.com/news,688567,958031252.html",2020-08-24 09:38:16,确实垃圾，也配科创板
隔壁家的事情不要去凑热闹[呲牙],"https://guba.eastmoney.com/news,688567,958025404.html",2020-08-24 09:32:39,隔壁家的事情不要去凑热闹
688567:孚能科技:华泰联合证券有限责任公司关于孚能科技(赣州)股份有限公司核心技术人员离职的核查意见,"https://guba.eastmoney.com/news,688567,957734995.html",2020-08-21 16:26:17,"公告日期：2020-08-22

华泰联合证券有限责任公司

关于孚能科技（赣州）股份有限公司

核心技术人员离职的核查意见

华泰联合证券有限责任公司（以下简称“华泰联合证券”、“保荐机构”）作为孚能科技（赣州）股份有限公司（以下简称“孚能科技”、“公司”）首次公开发行股票并在科创板上市的保荐机构，根据《证券发行上市保荐业务管理办法》《科创板首次公开发行股票注册管理办法（试行）》《科创板上市公司持续监管办法（试行）》《上海证券交易所科创板股票上市规则》等有关规定，对公司核心技术人员离职情况进行了认真、审慎的核查，核查情况及核查意见如下：

一、核心技术人员离职的具体情况

Daniel Ba Le 先生、Matthew Paul Klein III 先生因个人原因辞去相关职务，
并于近日办理完毕离职手续。

（一）核心技术人员的具体情况

Daniel Ba Le 先生，1980 年 11 月出生，美国国籍。Arizona State University
学士，University of Virginia 硕士、博士。2005 年 7 月至 2009 年 5 月，担任 NASA
LaRC 职员；2010 年 5 月至 2011 年 5 月，担任 General Motors 研发职员；2011
年 12 月至 2018 年 12 月，担任 Johnson Controls, Inc.研发经理；2018 年 12 月至
2019 年 6 月，担任 Farasis Energy, Inc.高级经理；2019 年 7 月至 2020 年 7 月，
担任 Farasis Energy USA, Inc.高级经理。

Matthew Paul Klein III 先生，1986 年 7 月出生，美国国籍。University of
California，Davis 学士、博士。2010 年 6 月至 2012 年 12 月，担任 Kleenspeed
Technologies, Inc.首席工程师；2013 年 9 月至 2014 年 12 月，担任 Totus Power, Inc.
首席工程师；2015 年 5 月至 2016 年 8 月，任职于 Tesla Motors, Inc.；2016 年 9
月至 2019 年 5 月，担任 Farasis Energy, Inc.工程师；2019 年 5 月至 2020 年 8 月，
担任 Farasis Energy Europe GmbH 研发高级总监。

截至本核查意见出具日，Daniel Ba Le 先生直接持有赣州港瑞企业管理合伙

间接持有公司 0.2891%的股份。Matthew Paul Klein III 先生分别直接持有赣州港
瑞企业管理合伙企业（有限合伙）、赣州精创企业管理合伙企业（有限合伙）2.2798%、5.3835%的权益比例，赣州港瑞企业管理合伙企业（有限合伙）、赣州精创企业管理合伙企业（有限合伙）分别间接持有公司 0.2891%、0.0338%的股份。

（二）参与的研发项目和专利情况

1、Daniel Ba Le 参与的研发项目和专利情况

Daniel Ba Le 先生任职期间主导核心技术包括“电池模组设计技术”、“软包电
芯组件技术”、“电池管理系统技术”，主要参与的在研项目包括“智能化、模块化电池系统研究与应用”、“动力电池系统安全防护技术研究”。公司主导参与上述核心技术和在研项目的研发人员还包括 Keith D. Kepler 先生、刘丽荣先生等核心技术人员。Daniel Ba Le 先生的离职不会影响上述核心技术和在研项目的推进与实施。截至本核查意见出具日，除上述外，Daniel Ba Le 先生未涉及公司其他核心技术研发，未参加其他在研项目，不会对公司核心技术和现有研发项目的进展产生影响。

Daniel Ba Le 先生任职期间无任何作为发明人的专利或专利申请。截至本核
查意见出具日，Daniel Ba Le 先生不存在涉及职务发明的纠纷或潜在纠纷，DanielBa Le 先生的离职不影响公司专利权的完整性。

2、Matthew Paul Klein III 参与的研发项目和专利情况

Matthew Paul Klein III 先生任职期间主导核心技术包括“用于电池包模组电
压均衡方法技术”、“电池系统侧面加热技术”、“电池管理系统技术”，主要参与的在研项目包括“新型电池控制系统（BMS）开发”、“高安全高比能动力电池及其管理系统技术开发与应用”。公司主导参与上述核心技术和在研项目的研发人
员还包括 Keith D. Kepl……
[点击查看PDF原文]
提示：本网不保证其真实性和客观性，一切有关该股的有效信息，以交易所的公告为准，敬请投资者注意风险。
展开阅读全文"
垃圾,"https://guba.eastmoney.com/news,688567,957853891.html",2020-08-22 13:06:44,垃圾
天美、aionv，下半年看这两款卖的咋样了！,"https://guba.eastmoney.com/news,688567,957883366.html",2020-08-22 20:10:13,天美、aionv，下半年看这两款卖的咋样了！
星期一涨停板上见！,"https://guba.eastmoney.com/news,688567,957790021.html",2020-08-21 21:50:03,星期一涨停板上见！
凉凉,"https://guba.eastmoney.com/news,688567,957743388.html",2020-08-21 17:03:49,凉凉
再跌融资盘快挺不住了，爆仓，割肉，血灾一片,"https://guba.eastmoney.com/news,688567,957879130.html",2020-08-22 19:04:58,再跌融资盘快挺不住了，爆仓，割肉，血灾一片
破发这是时间问题,"https://guba.eastmoney.com/news,688567,957864092.html",2020-08-22 15:31:02,破发这是时间问题
今天看了一下，比最高37元已经跌了很多了，个人认为这个价位已经可以慢慢买一点了,"https://guba.eastmoney.com/news,688567,957828410.html",2020-08-22 07:56:08,今天看了一下，比最高37元已经跌了很多了，个人认为这个价位已经可以慢慢买一点了
对目前孚能的期待,"https://guba.eastmoney.com/news,688567,957229615.html",2020-08-20 11:52:32,"我对孚能是有期待的，基本面就不用说了，毕竟不管是披露还是各种报道，大家都是看在眼里的，但大家看到的都是好的一面，却忽略了不好的一面。
孚能的缺点是什么？单一性。。任何企业只要涉及单一性问题的，在行业出现拐点时都是挂得很明显的，做投资10年以上的股民应该很明白这个道理。而目前行业并未完全出现反弹拐点，所以单一性产品企业会继续以惨来形容，而行业反弹拐点显现，单一性产品企业也不会率先爆发，因为单一性无法做到东边不亮西边亮的现象，只有待行业出现了反弹并且稳定在已反弹的向好趋势时，单一性才会开始出现缓解的局面，然后慢慢的进入爬升期。。


这就是显而易见的事，新能源汽车产业链已经出现反弹，大家看得见，上面说了，反弹对孚能的这种单一性是没什么优势的，要趋稳，进入上升趋势，孚能的优势才能得到体现，毕竟市场对软包的接受度还比较低。而要趋稳，至少得看到明天的一季度中后期，那我们是否可以理解孚能科技的预期，至少得看到明年一季度的中后期呢？如果是，那么股价的提前反映至少要等到四季度中期，而现在还在三季度，业绩前景还无法体现的情况下贸然拉升，对，股价是上去了，四季度业绩扭转程度并不强，那主力资金就要扪心自问是不是给散户抬轿了，他们可没有那么傻，不然韭菜就不是散户了。。


所以现在孚能在没有业绩前景兑现可行性的情况下，选择做空来获取筹码，换成你是主力，你愿意不？换我的话，我肯定愿意，筹码越多，未来的时间成本风险就越小，风控自然就更加有把握，而孚能这种单一性在未来的两年要改变的可能性，十分小，那么至少要做未来两年的风控计划，那现在的筹码收取，个人认为，是最好的选择。


所以我作为一个以年为结算单位的超长期投资主义者，对孚能有期待，但该摸的时候还早，毕竟我不是大主力，我的钱是有限的。"
转发,"https://guba.eastmoney.com/news,688567,957829010.html",2020-08-22 08:00:08,"转发
东方财富资讯君
证监会就《欺诈发行上市股票责令回购实施办法》征求意见
欺诈发行责令回购是科创板试点注册制改革时探索创立、新《证券法》正式确立的一项重要制度创新，是借鉴境外成熟市场实践经验的制度成果，也是注册制改革的一项重要配套措施，对于提高违法成本，维护证券市场秩序，保护投资者合法权益具有重要意义。为落实新《证券法》规定，证监会在深入研究论证、广泛听取意见、借鉴境外有益经验的基础上，研究起草了《欺诈发行上市股票责令回购实施办法(试行)(征求意见稿)》(以下简称...
2020/8/21 18:02:26财经评论吧"
刚上市就有2名核心技术人员离职，一走就是两个核心人员，不可思议。,"https://guba.eastmoney.com/news,688567,957798513.html",2020-08-21 22:46:49,这个公司还有救吗？
总感觉有个无形的手在压着这票不让涨,"https://guba.eastmoney.com/news,688567,957693860.html",2020-08-21 14:42:33,总感觉有个无形的手在压着这票不让涨
三四季度装机暴量，年内收复失地。明年奔驰放量，启航！[怒][怒][怒]谁不会做梦,"https://guba.eastmoney.com/news,688567,957790331.html",2020-08-21 21:52:10,三四季度装机暴量，年内收复失地。明年奔驰放量，启航！谁不会做梦呢
亏了六万多，成本30.坚信浮能下半年转好！公司IPO完，就完犊子，这不和逻辑！！,"https://guba.eastmoney.com/news,688567,957734244.html",2020-08-21 16:23:04,亏了六万多，成本30.坚信浮能下半年转好！公司IPO完，就完犊子，这不和逻辑！！
估计是北汽自己的问题，无能或许是无辜的！[大笑][哭]估计下周股价会有点呛。,"https://guba.eastmoney.com/news,688567,957762845.html",2020-08-21 18:49:54,估计是北汽自己的问题，无能或许是无辜的！估计下周股价会有点呛。
不断创新低，牛，是不是最差的科创板股票了？,"https://guba.eastmoney.com/news,688567,957773414.html",2020-08-21 20:03:35,不断创新低，牛，是不是最差的科创板股票了？
孚能科技2019年出货量和营业额显示出孚能科技的有效产能低于3G瓦，请问影响孚能,"https://guba.eastmoney.com/news,688567,957753105.html",2020-08-21 17:42:17,"孚能科技2019年出货量和营业额显示出孚能科技的有效产能低于3G瓦，请问影响孚能科技产销量的瓶颈在哪里？是因为有效订单和需求不足还是生产不出合格产品？2020年下半年，产销量是否得到有效改善？目前有效产能多少？
孚能科技
孚能科技：尊敬的投资者，您好！公司2019年度的有效产能3.13GWh，产能利用率约90%，产销率超过80%，公司2019年赣州基地处于产能扩张阶段，新增产能的建设需要一定的周期，投产需要一个爬坡过程；目前镇江产能逐步投产中，建设进度符合预期。谢谢您的关注！
(来自上证e互动)答复时间 2020-08-21 17:42:17"
公司在产能大幅提高，订单饱满抓紧生产的情况下如何做到7月份同比大幅下降三成的？是,"https://guba.eastmoney.com/news,688567,957753104.html",2020-08-21 17:41:25,"公司在产能大幅提高，订单饱满抓紧生产的情况下如何做到7月份同比大幅下降三成的？是这届股民数学明显不行吗？
孚能科技
孚能科技：尊敬的投资者，您好！公司基本面良好，产能建设和客户拓展按照计划推进。谢谢您的关注！
(来自上证e互动)答复时间 2020-08-21 17:41:25"
好，下周直接大盘直接闷杀,"https://guba.eastmoney.com/news,688567,957705122.html",2020-08-21 14:56:30,好，下周直接大盘直接闷杀
大家都在抄底就怕抄在了半山腰哎,"https://guba.eastmoney.com/news,688567,957703564.html",2020-08-21 14:54:17,大家都在抄底就怕抄在了半山腰哎
你们都那么看好我就知道有的跌来,"https://guba.eastmoney.com/news,688567,957702489.html",2020-08-21 14:53:56,你们都那么看好我就知道有的跌来
三月内无行情散了吧,"https://guba.eastmoney.com/news,688567,957701690.html",2020-08-21 14:53:08,三月内无行情散了吧
扛不住啦～～[哭],"https://guba.eastmoney.com/news,688567,957698984.html",2020-08-21 14:48:15,扛不住啦～～
慢慢熬，时间换空间，当然，向下的空间也只能熬着了～毕竟37的本，割了也太疼了,"https://guba.eastmoney.com/news,688567,957691018.html",2020-08-21 14:39:09,慢慢熬，时间换空间，当然，向下的空间也只能熬着了～毕竟37的本，割了也太疼了
比三,"https://guba.eastmoney.com/news,688567,957686008.html",2020-08-21 14:33:30,比三
三重顶让我们一起快乐的逃跑吧！,"https://guba.eastmoney.com/news,688567,957678175.html",2020-08-21 14:25:51,三重顶让我们一起快乐的逃跑吧！
越补越跌，财去人安。,"https://guba.eastmoney.com/news,688567,957672038.html",2020-08-21 14:18:31,越补越跌，财去人安。
又要绿了,"https://guba.eastmoney.com/news,688567,957548761.html",2020-08-21 10:37:59,又要绿了
可怜,"https://guba.eastmoney.com/news,688567,957666153.html",2020-08-21 14:12:19,可怜
查查这公司是怎么混进证券市场的？,"https://guba.eastmoney.com/news,688567,957618444.html",2020-08-21 13:06:36,查查这公司是怎么混进证券市场的？
确实是人渣,"https://guba.eastmoney.com/news,688567,957684527.html",2020-08-21 14:30:50,确实是人渣
改名吧，垃圾，无能软包科技，天天跌,"https://guba.eastmoney.com/news,688567,957650590.html",2020-08-21 13:53:13,改名吧，垃圾，无能 软包科技，天天跌
反弹不是看散户，而是看机构。,"https://guba.eastmoney.com/news,688567,957635417.html",2020-08-21 13:32:53,反弹不是看散户，而是看机构。
爆的雷还没开始发酵吗,"https://guba.eastmoney.com/news,688567,957607908.html",2020-08-21 12:23:40,爆的雷还没开始发酵吗
出货了？真是不如,"https://guba.eastmoney.com/news,688567,957536152.html",2020-08-21 10:24:17,出货了？真是不如
25元割了,"https://guba.eastmoney.com/news,688567,957182111.html",2020-08-20 10:37:45,全即把完了
