标题,链接,发布时间,内容
织布开始,"https://guba.eastmoney.com/news,000761,554189771.html",2016-09-26 10:12:38,织布开始
真垃圾，敢不敢涨点,"https://guba.eastmoney.com/news,000761,554188921.html",2016-09-26 10:11:23,真垃圾，敢不敢涨点
跌停,"https://guba.eastmoney.com/news,000761,554160320.html",2016-09-26 09:28:40,跌停快跑
梦想鞍本重组，那只是国家意志不是辽宁意志！,"https://guba.eastmoney.com/news,000761,553699288.html",2016-09-23 22:45:05,本钢集团并没有整体上市，这事办下来至少得个一年半载，鞍钢又在破净中，如果是鞍钢吃掉本钢，又鞍钢那破价格去增发购买本钢集团的资产，那是亏大了。用本钢吃掉鞍钢，似乎又不太可能，看来看去，说鞍本重组的人，真的只是在国家队里面混饭吃，完全不懂行。
放量意味着有了新力量强势插入？这样理解可以吗？,"https://guba.eastmoney.com/news,000761,554125242.html",2016-09-26 06:28:02,放量意味着有了新力量强势插入？这样理解可以吗？
000761是航母概念股，业绩暴增，股价低位，MACD底背离，本月站上6.30以,"https://guba.eastmoney.com/news,000761,554058961.html",2016-09-25 20:55:10,000761是航母概念股，业绩暴增，股价低位，MACD底背离，本月站上6.30以后，将走出超级牛股！！
钢铁行业供给侧改革：“宝武”合并迈出本轮行业整合第一步 事件：宝钢和武钢同时公告,"https://guba.eastmoney.com/news,000761,553940290.html",2016-09-25 07:13:03,"钢铁行业供给侧改革：“宝武”合并迈出本轮行业整合第一步
事件：宝钢和武钢同时公告重组方案：宝钢股份向武钢股份全体换股股东发行A股股票，吸并武钢股份。其中宝钢股份为合并方暨存续方，武钢股份为被合并方暨非存续方。本次吸并换股价以停牌前20个交易日均价的90%换股价，即宝钢股份换股价为4.60元/股，武钢股份换股价为2.58元/股，由此确定的宝钢和武钢的换股比例为0.56:1，即每1股武钢股份的股票可换取0.56股宝钢股份的股票。同时为充分保护双方异议股东的利益，宝钢和武钢均赋予异议股东现金选择权，现金对价等于换股价格，即宝钢股份现金对价4.60元/股，武钢股份现金对价2.58元/股。
投资要点：全球钢铁行业并购史：不同背景下重组思路大不同，深度整合是核心。纵观全球钢铁行业发展历程，美国、日本、欧洲的钢铁行业的兼并重组均经历了由小到大，由小范围到全球化，由政府主导到政府引导，由扩产能到去产能的路径。在行业走弱阶段，“重组去产能”是正道。而日本新日铁与住金的成功案例表明，并购重组的关键是实现产品结构优化与资源整合，这也是我国钢铁行业整合需要借鉴和学习的地方。
“整而不合”的简单产能叠加，国内上一轮行业整合效果不佳。21世纪以来，我国钢铁行业发生了多起兼并重组案例，其中央企以跨区域整合为主，地方国企以省内整合为主。上一轮钢铁行业的整合，主要目的是企业区域和规模的扩张，但由于政府强行拉郎配，企业并购重数量而不重质量，导致在行业景气度下降时，出现大面积亏损，行业集中度也由2011年的49%下滑至2015年的34%。
钢铁业航母起航在即。2015年宝钢和武钢的粗钢产量分别为3494万吨和2578万吨，合并后年产量超过6000万吨，将超过河钢集团，一跃成为世界第二。并且宝钢和武钢产品结构相似，均为国内板材龙头，合并后核心产品的市占率基本在50%以上，议价能力将大幅增强。同时，宝武合并后会优化双方资源配置，在区位、研发、采购、生产、营销、产品、技术创新、企业文化等方面都将发挥协同效应。
行业整合大势启动，“强强联手，区域整合”和“重组去产能”并进。根据《关于推进钢铁产业兼并重组处置僵尸企业的指导意见》中的主要精神，到2025年，中国钢铁产业60%-70%的产量将集中在10家左右的大集团内，其中包括8000万吨级的钢铁集团3家-4家、4000万吨级的钢铁集团6家-8家和一些专业化的钢铁集团，例如无缝钢管、不锈钢等专业化钢铁集团。宝武合并是此轮行业整合的先行者，而宝钢到2018年将陆续淘汰920万吨粗钢产能，武钢2016年将淘汰442万吨粗钢产能，在“重组去产能”方面宝武集团已为未来的案例作出表率。
投资建议：认为未来10年将是中国钢铁行业密集整合重组的十年，经过这一轮并购：整合，行业有望化解产能过剩矛盾，提高行业集中度，优化产品结构，之后进入新的发展周期。推荐有行业整合预期的马钢股份、本钢板材、鞍钢股份，建议关注*ST八钢、*ST韶钢。"
本钢板材201608:二次探底 震荡突破,"https://guba.eastmoney.com/news,000761,532957333.html",2016-08-15 22:58:30,二次探底 震荡突破
是不是要买本钢b股？,"https://guba.eastmoney.com/news,000761,553945177.html",2016-09-25 07:55:53,是不是要买本钢b股？
坚持就是胜过，用事实说话！,"https://guba.eastmoney.com/news,000761,553038409.html",2016-09-22 05:59:31,坚持就是胜过，用事实说话！
中阳完成，后市调整！,"https://guba.eastmoney.com/news,000761,553605271.html",2016-09-23 15:53:01,中阳完成，后市调整！
看多的全是托，主力先知，早已经进场埋伏，现借消息出货,"https://guba.eastmoney.com/news,000761,553444887.html",2016-09-23 10:10:33,看多的全是托，主力先知，早已经进场埋伏，现借消息出货
好险恶，往下压上面卖盘特别大在那摆着，一会功夫向上拉卖单就不见了，也没见成交,"https://guba.eastmoney.com/news,000761,553583882.html",2016-09-23 15:00:14,好险恶，往下压上面卖盘特别大在那摆着，一会功夫向上拉卖单就不见了，也没见成交
本钢板材主力你把本钢啦到6.6元我以后再也不打搅本钢板材永远拜拜,"https://guba.eastmoney.com/news,000761,553569647.html",2016-09-23 14:38:03,本钢板材主力你把本钢啦到6.6元我以后再也不打搅本钢板材永远拜拜
解套就走人,"https://guba.eastmoney.com/news,000761,553557905.html",2016-09-23 14:19:05,解套就走人
宝武合并方案出炉 还有哪些股可能接棒？(图表),"https://guba.eastmoney.com/news,000761,553364930.html",2016-09-22 23:38:22,"宝武合并方案出炉 还有哪些股可能接棒？(图表)

2016年09月22日 20:05来源：东方财富网

　宝钢股份周四(9月22日)晚间公告称，将换股吸收合并武钢股份，宝钢股份换股吸收合并武钢股份换股价格确定为4.60元/股，武钢股份的换股价格确定为2.58元/股。每1股武钢股份的股份可以换取0.56股宝钢股份的股份。宝钢股份拟向武钢股份股东发行56.5亿股股份，暂不复牌。合并完成后，合并后上市公司股份总数为221.19亿股，宝钢集团持股比例为52.1%，武钢集团持有13.48%。

　　根据方案，宝钢股份为此次合并的合并方暨存续方，武钢股份为此次合并的被合并方暨非存续方；武钢股份现有的全部资产、负债、业务、人员、合同、资质及其他一切权利与义务由武钢有限承接与承继，自交割日起，武钢有限的100%股权由宝钢股份控制。


　　此次换股合并中，宝钢股份向武钢股份全体股东发行股份的数量=武钢股份的股份总数×宝钢股份与武钢股份的换股比例，即5,652,516,701股。

　　为充分保护宝钢股份股东的利益，宝钢股份将赋予其异议股东以现金选择权。有权行使现金选择权的宝钢股份异议股东，可就其有效申报的每一股宝钢股份股份，在现金选择权实施日，获得由现金选择权提供方按照换股价格(即每股4.60元)支付的现金对价，同时异议股东将相应的股票过户到现金选择权提供方名下。

　　宝钢股份停牌前收于每股4.90元，武钢股份收于每股2.76元。

还有这些钢铁股也可能合并

　　而宝钢和武钢合并重组已经引发钢铁行业出现重组潮。除宝钢换股吸收合并武钢这一重组方案落定外，其它市场预期较高的钢铁行业内部重组事项还有：鞍钢股份和本钢板材；河钢股份和首钢股份。尽管鞍钢股份、本钢板材澄清鞍钢本钢重组传闻，但在钢铁行业并购重组的大背景下，市场仍给予较高的预期。

　　广发证券研报指出，通过分析，我们认为：在同等的条件下，央企的兼并重组的难度将小于地方国企；第一大股东持股比例高的国企兼并重组的难度将小于持股比例低的国企。

　　具体而言，宝钢股份、鞍钢股份、武钢股份、*ST韶钢、*ST八钢、新兴铸管和大冶特钢为中央国有企业，其中前六家实际控制人是国务院国资委，大冶特钢的实际控制人是财政部；就控股比例而言，宝钢股份、鞍钢股份、武钢股份、*ST韶钢、*ST八钢五家央企大股东控股比例均超过50%。

此外值得注意的是，4只个股停牌或因重大重组事项或因收购其它领域资产谋求转型。它们是重庆钢铁、首钢股份、常宝股份和沙钢股份。

　　沙钢股份9月19日公告称，公司拟筹划资产收购的重大事项，标的资产所属行业为IDC大数据。

　　重庆钢铁9月1日公告显示，公司拟出售本公司目前所持有的与钢铁生产经营相关的资产，收购涉及金融、产业投资等领域的优质资产。

　　首钢股份9月13日公告称，目前控股股东首钢总公司正在筹划关于本公司的重大事项。

　　常宝股份8月25日公告称，公司拟筹划重大事项，该事项涉及购买资产，标的公司所属行业为医疗服务业。
展开阅读全文"
辽宁省环保厅拟审批本钢板材自备电厂燃气蒸汽联合循环发电项目,"https://guba.eastmoney.com/news,000761,553365761.html",2016-09-22 23:44:35,"辽宁省环保厅拟审批本钢板材自备电厂燃气蒸汽联合循环发电项目

来源：中国能源网 　　时间：2016-9-22 21:07:51

近日，辽宁省环保厅拟审批1个1x150MW级燃气蒸汽联合循环(Combined Cycle Power Plant，CCPP)发电站项目。详情如下：
项目名称：本钢板材股份有限公司CCPP发电工程
建设地点：辽宁省本溪市平山区
建设单位：本钢板材股份有限公司
环境影响评价机构：沈阳市环境科学研究院
项目概况：
本项目位于本钢板材股份有限公司厂区。项目为了提升煤气综合利用效率，拟建设1座150MW级燃气蒸汽联合循环(Combined Cycle Power Plant，CCPP)发电站。本项目通过提高全厂煤气资源综合利用效率，增加企业自发电量。项目总投资98826.8万元、占地面积40200m2。
主要环境影响及预防或者减轻不良影响的对策和措施
1.废气：本项目燃气轮机产生的废气，经余热锅炉回收余热后，经一根高60m、内径6.3m烟囱排放。本项目烟气量125.6万m3/h。SO2排放速率为23.66kg/h，排放量SO2189.3t/a，排放浓度为18.9mg/m3。烟尘排放速率为0.7 kg/h，烟尘排放量5.6t/a，烟尘排放浓度为0.55 mg/m3。NOx排放浓度50mg/m3，NOx排放速率41.7kg/h，NOx排放量502.4t/a。本工程烟尘、SO2、NOX排放浓度均满足《火电厂大气污染物排放标准》(GB13223-2011)表1中以其他气体为燃料的燃气轮机组污染物排放浓度限值的要求。
2.废水：本项目所需劳动成员均从厂区调配，不新增劳动成员，因此不新增生活污水。本项目废水量为180.396m3/h。净循环水系统排水、锅炉排污水排入本钢污水处理厂。煤气柜排水、湿式电除尘废水、煤气冷却器废水的污染物浓度低于酚氰废水的污染物浓度，可作为本钢焦化厂酚氰废水处理系统的稀释水。本钢污水处理厂处理后的净化水水质满足《钢铁工业废水治理及回用工程技术规范》(HJ2019-2012)中回用水水质要求后回用于生产系统。本钢焦化厂酚氰废水处理系统经深度处理后的污水将全部排入本溪市污水处理厂，本项目废水不外排。
3.固废：本项目产生废润滑油，产生量10t/a。煤气柜检修过程中排放密封油，年排放量2t/a，暂存于危险废物暂存间，暂存后委托有资质单位处置。危险废物暂存间建筑面积10m2，做好防渗、防腐、防流失措施。危险废物暂存间按照《危险废物贮存污染控制标准》(GB18597-2001)修改单(环境保护部，2013.6)的要求严格执行。暂存后委托有资质单位处置，危险废物不得随意堆放或丢弃。
4.噪声：本工程噪声源主要为燃气轮机、煤气压缩机、发电机、汽轮机、冷却塔、风机和各类泵等设备产生的机械噪声、空气动力性噪声和振动噪声。主要噪声设备选用低噪声设备，尽量布置于厂房内，并采取相应的减振、消声措施。采取相关治理措施后的设备噪声可降低20-25 dB(A)。本期工程投产后，昼间和夜间厂界噪声满足《工业企业厂界环境噪声排放标准》(GB12348-2008)3类、4类标准。"
今天就这样了，半死不活到收盘，喝酒去了。。,"https://guba.eastmoney.com/news,000761,553488638.html",2016-09-23 11:20:36,今天就这样了，半死不活到收盘，喝酒去了。。
上面压力重重。向上南。,"https://guba.eastmoney.com/news,000761,553466707.html",2016-09-23 10:45:03,
请董事会今晚公告“辽宁鞍本钢铁集团公司”现状和未来？,"https://guba.eastmoney.com/news,000761,553466538.html",2016-09-23 10:44:54,"本钢板材股份有限公司 董事会：

9月22日晚间，宝钢集团称：已收到国资委《关于宝钢集团有限公司与武汉钢铁(集团)公司重组的通知》，同意宝钢集团有限公司与武汉钢铁(集团)公司实施联合重组。

国资委早在2011年已对鞍钢本钢合并作出指导意见，并在国资委副主任亲自主持下，成立了""辽宁鞍本钢铁集团公司""。目前，“宝武”已接过我国钢铁企业大整合第一棒，“鞍本”第二棒何时接过？请本钢董事会，对投资者关切的“辽宁鞍本钢铁集团公司”现状和未来，作出说明。

本钢板材股份有限公司 部分流通股股东
2016.9.23"
本钢MACD 分时金叉,"https://guba.eastmoney.com/news,000761,553466087.html",2016-09-23 10:44:09,哈哈
哈哈，拉高出货，猪能飞高吗。,"https://guba.eastmoney.com/news,000761,553456358.html",2016-09-23 10:28:07,哈哈，拉高出货，猪能飞高吗。
本钢今天最少上4个点，坐等。,"https://guba.eastmoney.com/news,000761,553453535.html",2016-09-23 10:23:57,本钢今天最少上4个点，坐等。
今天本钢鞍钢涨跌幅度不一样了，但是换手率还是一样的,"https://guba.eastmoney.com/news,000761,553452265.html",2016-09-23 10:22:01,换手率一样的！！！
大家抓稳了今天猪要飞,"https://guba.eastmoney.com/news,000761,553413126.html",2016-09-23 09:05:14,大家抓稳了今天猪要飞
大家尽量不要做T让主力把价格拉上来过了6.2元上面便是一马平川7元一定到。,"https://guba.eastmoney.com/news,000761,553445944.html",2016-09-23 10:12:13,大家尽量不要做T让主力把价格拉上来过了6.2元上面便是一马平川7元一定到。
不要高兴跌停跌停跌停跌停哈哈哈哈哈哈哈哈大笑,"https://guba.eastmoney.com/news,000761,553442708.html",2016-09-23 10:06:59,不要高兴跌停跌停跌停跌停哈哈哈哈哈哈哈哈大笑
还没看出来吗，鞍钢一涨，本钢马上涨,"https://guba.eastmoney.com/news,000761,553433663.html",2016-09-23 09:52:24,还没看出来吗，鞍钢一涨，本钢马上涨，这里面肯定有故事。快跟主力抢筹吧
亏6个点割了……,"https://guba.eastmoney.com/news,000761,553109788.html",2016-09-22 10:29:48,亏6个点割了……
辽宁省环保厅拟审批本钢板材自备电厂燃气蒸汽联合循环发电项目 辽宁省环保厅拟审批本,"https://guba.eastmoney.com/news,000761,553392731.html",2016-09-23 06:45:25,"辽宁省环保厅拟审批本钢板材自备电厂燃气蒸汽联合循环发电项目
辽宁省环保厅拟审批本钢板材自备电厂燃气蒸汽联合循环发电项目
来源：中国能源网 　　时间：2016-9-22 21:07:51
近日，辽宁省环保厅拟审批1个1x150MW级燃气蒸汽联合循环(Combined Cycle Power Plant，CCPP)发电站项目。详情如下：
项目名称：本钢板材股份有限公司CCPP发电工程
建设地点：辽宁省本溪市平山区
建设单位：本钢板材股份有限公司
环境影响评价机构：沈阳市环境科学研究院
项目概况：
本项目位于本钢板材股份有限公司厂区。项目为了提升煤气综合利用效率，拟建设1座150MW级燃气蒸汽联合循环(Combined Cycle Power Plant，CCPP)发电站。本项目通过提高全厂煤气资源综合利用效率，增加企业自发电量。项目总投资98826.8万元、占地面积40200m2。
主要环境影响及预防或者减轻不良影响的对策和措施
1.废气：本项目燃气轮机产生的废气，经余热锅炉回收余热后，经一根高60m、内径6.3m烟囱排放。本项目烟气量125.6万m3/h。SO2排放速率为23.66kg/h，排放量SO2189.3t/a，排放浓度为18.9mg/m3。烟尘排放速率为0.7 kg/h，烟尘排放量5.6t/a，烟尘排放浓度为0.55 mg/m3。NOx排放浓度50mg/m3，NOx排放速率41.7kg/h，NOx排放量502.4t/a。本工程烟尘、SO2、NOX排放浓度均满足《火电厂大气污染物排放标准》(GB13223-2011)表1中以其他气体为燃料的燃气轮机组污染物排放浓度限值的要求。
2.废水：本项目所需劳动成员均从厂区调配，不新增劳动成员，因此不新增生活污水。本项目废水量为180.396m3/h。净循环水系统排水、锅炉排污水排入本钢污水处理厂。煤气柜排水、湿式电除尘废水、煤气冷却器废水的污染物浓度低于酚氰废水的污染物浓度，可作为本钢焦化厂酚氰废水处理系统的稀释水。本钢污水处理厂处理后的净化水水质满足《钢铁工业废水治理及回用工程技术规范》(HJ2019-2012)中回用水水质要求后回用于生产系统。本钢焦化厂酚氰废水处理系统经深度处理后的污水将全部排入本溪市污水处理厂，本项目废水不外排。
3.固废：本项目产生废润滑油，产生量10t/a。煤气柜检修过程中排放密封油，年排放量2t/a，暂存于危险废物暂存间，暂存后委托有资质单位处置。危险废物暂存间建筑面积10m2，做好防渗、防腐、防流失措施。危险废物暂存间按照《危险废物贮存污染控制标准》(GB18597-2001)修改单(环境保护部，2013.6)的要求严格执行。暂存后委托有资质单位处置，危险废物不得随意堆放或丢弃。
4.噪声：本工程噪声源主要为燃气轮机、煤气压缩机、发电机、汽轮机、冷却塔、风机和各类泵等设备产生的机械噪声、空气动力性噪声和振动噪声。主要噪声设备选用低噪声设备，尽量布置于厂房内，并采取相应的减振、消声措施。采取相关治理措施后的设备噪声可降低20-25 dB(A)。本期工程投产后，昼间和夜间厂界噪声满足《工业企业厂界环境噪声排放标准》(GB12348-2008)3类、4类标准。"
鞍本神钢，可以常期持有，必是翻翻行情！,"https://guba.eastmoney.com/news,000761,553373811.html",2016-09-23 01:01:54,鞍本神钢，可以常期持有，必是翻翻行情！
中国钢铁业大重组:“三步走”或组建十大集团,"https://guba.eastmoney.com/news,000761,553268651.html",2016-09-22 16:36:25,"中国钢铁业大重组:“三步走”或组建十大集团

2016年09月21日 00:07作者：夏旭田 梁梦雅来源：21世纪经济报道

到2025年，六成以上产量有可能集中在十家集团，为此将分三步走来推动钢铁行业的重组，而继“宝武”重组之后，“鞍本”的实质性重组也将在年内提上日程。

　　宝钢与武钢重组正在拉开一场序幕。

　　9月20日，两公司分别发布公告称，本次重大资产重组初步交易方案拟为宝钢股份向武钢股份全体换股股东发行 A 股股票，换股吸收合并武钢股份，其中，宝钢股份为合并方暨存续方，武钢股份为被合并方暨非存续方，预计不会导致公司最终控制权发生变更，也不会构成借壳上市。

　　继宝钢、武钢重组之后，中国正在谋划一盘更为庞大的钢铁行业重组的棋局。

　　产能过剩大背景下，中国钢铁企业“散小乱弱”的现状带来的恶性竞争等问题日益暴露，行业整合已迫在眉睫。

　　9月19日，在中国国际经济交流中心主办的以“化解过剩产能的思路与出路”为主题的“经济每月谈”上，中国钢铁工业协会副会长迟京东透露，国务院将系统地推进钢铁产业开展大范围的兼并重组。

　　到2025年，六成以上产量有可能集中在十家集团，为此将分三步走来推动钢铁行业的重组，而继“宝武”重组之后，“鞍本”的实质性重组也将在年内被提上日程。

　　“鞍本”再重组提上日程

　　中国进出口银行原董事长兼行长李若谷不久前向中央提交过一个钢铁行业产能过剩的材料，在他看来，在产能过剩的背后，钢铁企业面临的一个重大问题是分散。

　　“分散是一个非常大的问题，据工信部统计，我们的钢铁企业300多家，平均一个省10家，全世界没有产能这么分散的状况。如果把凡是和钢铁有关系的企业加起来是2000多家，产能分散非常严重。”李若谷说。

　　分散的一个后果就是钢铁企业普遍的恶性竞争。全联中小冶金企业商会原名誉会长赵喜子告诉21世纪经济报道记者，钢铁近些年来的大面积亏损最大的原因就是行业间的恶性竞争。尽管近期价格有所回升，但中国钢铁市场的主体格局不发生改变，行业间的恶性竞争就不会消除，去产能也很难推进。

　　值得注意的是，钢铁行业兼并重组的进程已初露迹象。

　　备受关注的宝钢、武钢两大钢铁央企的重组方案已通过国资委上报至国务院。中国有望诞生一家总资产超过7000亿元、年产能达到6000万吨、规模位列中国第一、全球第二的钢铁“巨无霸”。

　　中国钢铁工业协会副会长迟京东表示，宝钢和武钢同处长江流域，市场比较集中，生产要素条件也比较相似，档次差别不大，兼并重组后市场竞争力可得到大幅提升。

　　“比如硅钢，当年武钢生产的时候，最紧缺时一吨卖4万元。宝钢开发出来以后，价格降到现在不到1万元/吨。如果重组，两家就不存在恶性竞争了。”他说。

　　迟京东称，宝钢和武钢的兼并重组对行业来讲是一个启示，今后钢铁业的发展将以兼并重组为主导方向，而不是像过去那样盲目扩张。

　　“下一个兼并重组的对象，国家推动的是‘鞍本’的兼并重组，马上就会研究，到年底可能会对外公布。现在开始，国家推动的重组，宝钢、武钢是第一个，下一个就是‘鞍本’。”迟京东透露，继“宝武”之后，“鞍本”进一步重组已经被国务院提上日程。

　　不过，鞍山钢铁集团规划发展部部长贾启超在回应21世纪经济报道记者求证时表示，也是从媒体上获取这一消息，其所在企业还没具体的规划，企业也没有提前动作。

　　早在2005年，鞍钢和本钢就已经联合重组成立了鞍本集团，但多年来两家公司除了挂牌和共享统计数据等最初成果外，实质性重组基本停滞，人事调整和资产整合更是没有触及。

　　国资委研究中心研究员胡迟在接受21世纪经济报道记者采访时表示，鞍钢和本钢重组面临着复杂的所有制归属以及由此而来的权责关系。

　　“鞍钢属于央企，本钢属于辽宁省国企，其重组既跨区域又跨所有者，由于双方利益纠缠不断，又互相推诿义务，加上厂办大集体职工安置等历史遗留问题无法解决，历经波折之后也只是成立了一个松散的鞍本集团。”他说。

　　胡迟表示，武钢和宝钢的重组更为顺利是因为两者都是央企，统一归国资委监管，属于同一所有者框架内的重组，部分业务也有重叠之处，因而更容易操作，但鞍本重组则要复杂得多。从整个国企层面看，实现整合重组的也主要以央企为主。如何实现跨地区、跨所有者的兼并重组一直是一个待解的问题。

　　“三步走”组建十大集团

　　“过去做的很多兼并重组是局部的，这次可能要系统性地推进兼并重组。”迟京东表示，宝钢和武钢的兼并重组只是钢铁产业兼并重组示范性的第一步。

　　他透露，国务院正在全国层面推动一轮钢铁行业兼并重组、处置僵尸企业的系列动作，并发布了相应的指导意见。

　　迟京东表示，这一轮重组的目标是，到2025年，中国钢铁产业60%-70%的钢产量聚集在十家左右的大集团里面。

　　“这些大的集团基本是3-4家八千万吨级的钢铁集团，6-8家四千万吨级的钢铁集团以及一些专业化的集团，比如无缝钢管、不锈钢等产品会形成一些专业化集团。”

　　“(上述)指导意见管十年，分三步走，第一步到2018年，第二步到2020年，第三步到2025年，三步走明确了不同的要求，最终兼并重组将成为钢铁行业今后发展的主线。”迟京东表示，围绕这个总目标，已初步确定了“三步走”的路线图。

　　第一步是2016年-2018年，以去产能为主，并作出兼并重组的示范。

　　迟京东表示，这一阶段的去产能是要把影响钢铁行业长远发展的产能出清，“不单纯是过剩的，包括无效的、已停产的，以及有可能将来恢复的，该出清的都要出清，2018年前以此为重点。”

　　赵喜子表示，增加钢铁行业的市场集中度是钢铁行业多年来不变的课题。但由于产能过剩，钢企大多负担沉重，钢企缺乏联合重组的动力，而实践中，一些重组甚至出现了1+1小于2的双输局面。

　　他认为，去产能为钢铁行业提升集中度提供了难得的机遇。去产能以“瘦身”为基础的，三十到五十万吨产能的小钢企有可能整体死亡或被兼并，只有在此基础上，联合重组才会成为可能。

　　第二步是2018年-2020年，这一阶段将完善有关兼并重组的政策，解除一些政策对钢企兼并重组的制约。

　　“从今年开始到2018年也不能说不完善这些政策，但有些政策可能留不出时间来，这主要集中在2018年-2020年左右，围绕兼并重组的政策进行完善。”迟京东称。

　　一位发改委官员告诉21世纪经济报道记者，正研究相关政策支持融资、资产管理公司参与处理破产重组或退出企业的债务，同时优化兼并重组的市场环境，比如给兼并主体以“三减两免”的税收优惠以及相应的融资政策，从而提升兼并重组主体的意愿。

　　第三步是大规模推进阶段，时间是在2020年-2025年。实际上，工信部部长苗圩在多个场合强调，今后一段时间内将重点推动产能过剩产业重组、消除僵尸企业，这一过程中将积极推进破局性、战略性兼并重组，培育一批核心竞争力强的企业集团。

　　毫无疑问，钢铁是大规模兼并重组的主战场。因此，在迟京东看来，未来每个钢铁企业在思考自身发展时，都要考虑一下“我和谁重组，谁和我重组，我跟谁优化，谁跟我优化”，而不是像过去那样，一心想着“上两个高炉、上两个转炉”。
展开阅读全文"
并购重组 6只钢铁股处于停牌状态,"https://guba.eastmoney.com/news,000761,553364311.html",2016-09-22 23:33:59,"并购重组 6只钢铁股处于停牌状态

2016-09-22 01:16:43 证券日报

日前国务院发布了主要针对钢铁行业兼并重组的46号文件——《关于推进钢铁产业兼并重组处置僵尸企业的指导意见》。该意见提出，到2025年，中国钢铁产业60%-70%的产量将集中在10家左右的大集团内。对此，分析人士表示，在政策的推动下，预计未来钢铁行业合并重组速度将加快。

　　据《证券日报》记者统计显示，在34只钢铁股中，已有6只个股处于停牌状态，除宝钢股份(600019,股吧)、武钢股份(600005,股吧)合并重组外，另外4只个股分别为：重庆钢铁、首钢股份(000959,股吧)、常宝股份(002478,股吧)和沙钢股份(002075,股吧)；这4只个股停牌或因重大重组事项或因收购其它领域资产谋求转型。沙钢股份9月19日公告称，公司拟筹划资产收购的重大事项，标的资产所属行业为IDC大数据。重庆钢铁9月1日公告显示，公司拟出售本公司目前所持有的与钢铁生产经营相关的资产，收购涉及金融、产业投资等领域的优质资产。首钢股份9月13日公告称，目前控股股东首钢总公司正在筹划关于本公司的重大事项。常宝股份8月25日公告称，公司拟筹划重大事项，该事项涉及购买资产，标的公司所属行业为医疗服务业。

　　除宝钢换股吸收合并武钢这一重组方案落定外，其它市场预期较高的钢铁行业内部重组事项还有：鞍钢股份和本钢板材(000761,股吧)；河钢股份和首钢股份。尽管鞍钢股份、本钢板材澄清鞍钢本钢重组传闻，但在钢铁行业并购重组的大背景下，市场仍给予较高的预期。另外兰格钢铁研究中心主任王国清就表示，河钢股份、与首钢股份、很可能会合并，虽然两者分属于不同省份的国资委，但都同属于国企，而且首钢搬迁至河北之后，本身就兼并重组了通钢、长治钢厂、水钢等企业。此外，除了钢铁行业的去产能及重组这个大前提，京津冀一体化进程同样是他们重组的催化剂。

　　对此，分析人士表示，长期看，兼并重组将提高行业集中度，最终将提高行业、钢企的经济效益、减少恶性竞争，有利于上市公司业绩增厚。

　　业绩 8只个股三季报预喜

　　在政策、重组预期升温等多重背景下，钢铁板块昨日再度站在涨幅榜前列，整体涨幅为1.29%，在28个申万一级行业中排名第一。个股方面，鞍钢股份、本钢板材、抚顺特钢(600399,股吧)、马钢股份和华菱钢铁(000932,股吧)等个股涨幅居前，均在2%以上。

　　市场人士表示，钢铁板块昨日再次异动除受国企改革、供给侧改革等政策利好刺激外，业绩转暖，是市场追捧该板块的主要原因。

　　从中期业绩来看，在沪深两市上市的34只钢铁股中，今年中期净利润实现增长的有26只个股，占比达76.5%；其中，鲁银投资(600784,股吧)、太钢不锈(000825,股吧)、南钢股份(600282,股吧)、三钢闽光(002110,股吧)、杭钢股份(600126,股吧)、山东钢铁(600022,股吧)和沙钢股份等个股中期净利润同比最大增幅均在200%以上。从三季报业绩预告来看，截至昨日，已有10只钢铁股披露中报业绩预告，其中8只个股业绩预喜。具体来看，鲁银投资为预增；金洲管道(002443,股吧)、久立特材(002318,股吧)为续盈；永兴特钢(002756,股吧)为略增；三钢闽光、沙钢股份、马钢股份和安阳钢铁(600569,股吧)等4只个股均预计前三季度净利润同比实现扭亏。

　　对于钢铁板块的投资策略，广发证券(000776,股吧)表示，改革和转型过程中，特钢将在军工、核电、航天航空、汽车、高铁等领域承担重任，能源结构升级将倒逼油气管网加速建设，特钢和钢管领域的投资机会值得重点关注。维持钢铁板块“买入”评级，重点推荐低估值龙头、有转型预期、有土地资源和业绩明确的公司，重视国企改革、“一带一路”、京津冀一体化等主题性投资机会。首推：河钢股份、首钢股份、宝钢股份、玉龙股份(601028,股吧)、新钢股份(600782,股吧)等。
展开阅读全文"
一定要搞清楚，到底是谁在大举进场扫筹码，跟上大资金真的有肉吃的,"https://guba.eastmoney.com/news,000761,553360171.html",2016-09-22 23:08:45,一定要搞清楚，到底是谁在大举进场扫筹码，跟上大资金真的有肉吃的
我国高层有令：鞍本合并，大势所趋！,"https://guba.eastmoney.com/news,000761,553158971.html",2016-09-22 12:17:03,北京高层早有指示和动作：辽宁鞍钢本钢合并。这是高层的既定方针！董事会所谓“澄清公告”避而不谈高层指示，违背高层鞍本整合意志，应当对广大投资股东检讨。
缩量调整，明天中阳！,"https://guba.eastmoney.com/news,000761,553249040.html",2016-09-22 15:31:28,缩量调整，明天中阳！
现在本钢，鞍钢涨跌幅一样的,"https://guba.eastmoney.com/news,000761,553231105.html",2016-09-22 14:53:32,现在本钢，鞍钢涨跌幅一样的，发帖一说就被删，不合并有鬼，骗筹码啊！！！
套了,"https://guba.eastmoney.com/news,000761,553252525.html",2016-09-22 15:42:11,套了
收盘6.07,"https://guba.eastmoney.com/news,000761,553217764.html",2016-09-22 14:31:59,收盘6.07
想学南车，北车一样，骗散户上车，如上车全歼，大伙千力别上当，,"https://guba.eastmoney.com/news,000761,553238263.html",2016-09-22 15:05:10,想学南车，北车一样，骗散户上车，如上车全歼，大伙千力别上当，
本钢，鞍钢跌幅涨幅趋于一致，你说没合并消息？,"https://guba.eastmoney.com/news,000761,553229900.html",2016-09-22 14:51:39,本钢，鞍钢跌幅涨幅趋于一致，你说没合并消息？骗鬼啊，现在明显做盘吃筹码，大家不要被主力玩
本钢板材,"https://guba.eastmoney.com/news,000761,553219175.html",2016-09-22 14:34:09,本钢板材这次实在欲擒故纵，大家如果上当请出门左转
主力你真笨我回来看看你你还是个狗熊，难道你的时间不是金钱？,"https://guba.eastmoney.com/news,000761,553217023.html",2016-09-22 14:30:58,哈哈
一句话，追进必获利！,"https://guba.eastmoney.com/news,000761,553179785.html",2016-09-22 13:29:01,一句话，追进必获利！
本钢比鞍钢更具人气基础，但是……（欢迎补充）,"https://guba.eastmoney.com/news,000761,553032053.html",2016-09-22 04:39:30,本钢比鞍钢更具人气基础，但是……（欢迎补充）
昨天我我虽然卖了，回来看看，用我点评吗,"https://guba.eastmoney.com/news,000761,553107058.html",2016-09-22 10:25:28,哈哈
昨天买入本钢，今天割肉的，请留言～,"https://guba.eastmoney.com/news,000761,553135244.html",2016-09-22 11:11:06,昨天买入本钢，今天割肉的，请留言～
上面10档盘上亿手的卖单，谁敢去找死？,"https://guba.eastmoney.com/news,000761,553143584.html",2016-09-22 11:26:01,上面10档盘上亿手的卖单，谁敢去找死？
昨天买的，亏6个点割了，心理踏实多了………,"https://guba.eastmoney.com/news,000761,553148739.html",2016-09-22 11:36:09,昨天买的，亏6个点割了，心理踏实多了………
关门打狗,"https://guba.eastmoney.com/news,000761,553108777.html",2016-09-22 10:28:10,昨天一个跳空高开高走后卖了一天，就等散户接单，今天一个低开，把昨天买入的人都套进去，准备亏3个月吧，最少跌15%，跌20%比较合理
尼玛明显的拖单出货了………跑……跑……跑…,"https://guba.eastmoney.com/news,000761,553113428.html",2016-09-22 10:35:46,尼玛明显的拖单出货了………跑……跑……跑…
遇到这样的SB无赖主力，只能呵呵了。,"https://guba.eastmoney.com/news,000761,553112732.html",2016-09-22 10:34:42,遇到这样的SB无赖主力，只能呵呵了。
半日行情,"https://guba.eastmoney.com/news,000761,553073973.html",2016-09-22 09:30:10,别要想太多
买买买！跌也买！！涨也买11,"https://guba.eastmoney.com/news,000761,553072347.html",2016-09-22 09:26:28,
既然起风了就不要怕风不会吹、当风一旦加速猪也会上天、本钢目标价7元不变。,"https://guba.eastmoney.com/news,000761,553102974.html",2016-09-22 10:19:16,既然起风了就不要怕风不会吹、当风一旦加速猪也会上天、本钢目标价7元不变。
半小时涨停!,"https://guba.eastmoney.com/news,000761,552725522.html",2016-09-21 09:28:27,半小时涨停!
太坑了，,"https://guba.eastmoney.com/news,000761,553090533.html",2016-09-22 09:59:32,太坑了，
去你妈蛋，本钢就是一个扶不起的阿斗,"https://guba.eastmoney.com/news,000761,553076978.html",2016-09-22 09:36:48,去你妈蛋，本钢就是一个扶不起的阿斗
拉一下想退市,"https://guba.eastmoney.com/news,000761,553076820.html",2016-09-22 09:36:28,拉一下想退市
再怎么澄清也是枉然，大势所趋，环境所趋，要想生存必为之！,"https://guba.eastmoney.com/news,000761,553066011.html",2016-09-22 09:05:26,再怎么澄清也是枉然，大势所趋，环境所趋，要想生存必为之！
[图片],"https://guba.eastmoney.com/news,000761,553039028.html",2016-09-22 06:06:36,[图片]
坚持就是胜利，用事实说话！,"https://guba.eastmoney.com/news,000761,553036851.html",2016-09-22 05:40:50,坚持就是胜利，用事实说话！
吧里这么安静大多散户应是在今天洗出去了明天庄可以放心拉板了。,"https://guba.eastmoney.com/news,000761,552939560.html",2016-09-21 18:34:42,吧里这么安静大多散户应是在今天洗出去了明天庄可以放心拉板了。
6.18短期高点已确立,"https://guba.eastmoney.com/news,000761,552816527.html",2016-09-21 13:10:46,6.18短期高点已确立
《辽宁省本钢鞍钢仅相距60公里，不合并不符改革要求》,"https://guba.eastmoney.com/news,000761,552820000.html",2016-09-21 13:18:32,本钢板材（000761）位于辽宁省本溪市，鞍钢股份（000898）位于辽宁省鞍山市。同属辽宁省的本钢和鞍钢仅相距60公里。如不合并，不符我国钢铁企业改革要求。
世界钢企合并新日铁住金：惊世三合，并中生机,"https://guba.eastmoney.com/news,000761,552953092.html",2016-09-21 19:41:09,"世界钢企合并专题之新日铁住金：惊世三合，并中生机

www.eastmoney.com 2016年09月21日 00:00长江证券

几经变幻，屹立不倒的行业标杆

作为国际钢铁行业的标杆性企业，新日铁住金的发展历程源远流长，前后共经历了三次重要合并（1970、2012 年两次经营权转移的法律形式合并&2002 年非经营权转移的非法律形式合并），最终形成了内部持股结构复杂并且分散的股权特点，以及专注主业并开拓其他业务（比如新材料、工程、化工等）的经营格局。目前，新日铁住金粗钢产量世界排名第三，同时在近几年全行业景气恶化情形下，公司盈利表现也较为稳定，合并激发的活力愈加凸显。

三曲合并颂，共谱最强音

1）1970 年3 月，八幡、富士两家大型钢铁公司分而复合，形成新日铁；2）新日铁、住友金属以及神户制钢三方于2002 年11 月份，正式签订软联盟协议，宣告了以新日铁和住友金属为核心的战略软联盟开始形成；3）2012 年10 月1日，新日铁公司与住友金属公司正式合并，形成新日铁住金，并一跃成为当时全球产量第二的龙头钢企。

纵观新日铁住金历史上三次合并，不难发现其在合并背景、合并动因及最终的合并效果都呈现出一定的共同特征。具体而言：1）三次合并基本都发生在宏观经济偏弱、行业供需恶化及国内外竞争加剧的背景下；2）合并动因都源于在政府或政策助力情形下，合并参与主体在前期合作基础之上试图通过合并产生产能协同性，以扩大优势产品的产量与品质优势，进而提升市场竞争力；3）合并效果总体来讲是显着的，三次合并均实现了公司优势产量增长，随之带动行业集中度提升，同时公司自身市场占有率以及出口得到提升，并最终实现业绩好转。据报道，不久的将来，新日铁住金或许将与日新制钢展开新一轮合并。

低估值、基本面，轮番主宰合并行情

就新日铁住金三次重大合并来看，在低估值和基本面驱动下，消息释放期间相应主体股价超额收益相对显着，不过主体间表现有所分化，而正式合并后，相应标的超额收益围绕基本面进行演绎。1970 年首次合并短期推升板块超额收益，彼时合并主体还没上市；2002 年软联盟成立过程中，低估值成为合并行情主要驱动因素，因此参与联盟的低估值标的，无论长短期行情，受益均更加显着；2012 年新日铁住金成立，不同于2002 年软联盟成立行情主题成分较大（估值因素成主导），投资者对本次实质合并改善经营业绩的预期相对稳定（盈利因素成主导，合并期间累计超额收益整体上行即可印证），而从合并后中长期行情来看，新日铁住金投资逻辑也基本跟随公司基本面，2013 年起，公司股价相对钢铁板块指数超额收益与ROE 差值指标便呈一致走势，持续至今。"
如果风不动，树也不动。树动则风不止。各位把握机会吧,"https://guba.eastmoney.com/news,000761,552934607.html",2016-09-21 18:08:51,如果风不动，树也不动。树动则风不止。各位把握机会吧
《辽宁省本钢鞍钢相距仅60公里，不合并不符改革要求》,"https://guba.eastmoney.com/news,000761,552824277.html",2016-09-21 13:28:04,本钢板材（0000761）位于辽宁省本溪市，鞍钢股份（000898）位于辽宁省鞍山市，两者相距仅60公里，相距如此之近的同属辽宁省的本钢、鞍钢，不合并不符合我国钢铁企业改革要求。
主力呀你就差我那80000股吗？我一卖你就开始涨。今年不适合投资。两次了,"https://guba.eastmoney.com/news,000761,552895197.html",2016-09-21 15:57:46,主力呀你就差我那80000股吗？我一卖你就开始涨。今年不适合投资。两次了
天药股份，6块钱左右就是庄家的钻石本，在这个区间庄家要获得筹码，就要不断的震荡吸,"https://guba.eastmoney.com/news,000761,552866637.html",2016-09-21 14:48:29,"天药股份，6块钱左右就是庄家的钻石本，在这个区间庄家要获得筹码，就要不断的震荡吸筹，庄家花这么长时间震荡，人力物力花这么多，目标价可以想像～
天药股份，天上神药，飞天妖 （药）股，国企改革，医药板块， 京津冀概念，重组题材， 庄家现在是在慢拉吸筹，压价打击人气， 一点一点的吸，就是不放量大涨，红蚂蚁是最好的证明，是空仓踏空者最好的投资标的，踏空的散户可趁现在打压，逐步吸筹，在东方财富软件上，（在前复权下显示）看看2000年左右到现在的所有上市公司，最低多少钱～：天药股份最低1块2毛多，到现在才翻了4倍左右，有多少只个股，从负的1块多，到现在十几块？有多少只个股从一两毛钱，涨到现在十几、几十块，都翻了几十～几百倍！天药股份才翻不到5倍，多么便宜的股票啊！
未来一到两年内，天药股份翻翻以上的概率非常大！甚至可能会上20元以上，国企改革，京津冀，自贸区、重组等概念题材，我信心十足，不怕跌，就怕没有信心！
医药股大都涨幅超过10%，天药股份那么多题材，涨幅可想而知，至少20％！
天药股份历史底部，长线持有必有厚报！
好股票推荐给好眼光的人，天药股份盘子不大，要上几十元，控庄资金不需要太多，所谓慧眼识金股，有恒心必有大财富，天药股份是中长线资金最好的选择！
天药股份从2001年上市至今仍然没有爆炒过，我相信天药股份最终能成黑马！"
才7成仓位，买太少了。,"https://guba.eastmoney.com/news,000761,552865454.html",2016-09-21 14:46:31,才7成仓位，买太少了。
今晚再次停盘！,"https://guba.eastmoney.com/news,000761,552864953.html",2016-09-21 14:45:39,为了骗钱，啥都干得出来的~
本板并入鞍钢，本钢壳卖给360,"https://guba.eastmoney.com/news,000761,552831531.html",2016-09-21 13:43:53,本板并入鞍钢，本钢壳卖给360
60分钟会有回调,"https://guba.eastmoney.com/news,000761,552828138.html",2016-09-21 13:36:44,可短线操作
MD，岛形反转啊,"https://guba.eastmoney.com/news,000761,552807030.html",2016-09-21 12:31:15,
廖英强中午又要开始吹本钢了,"https://guba.eastmoney.com/news,000761,552792217.html",2016-09-21 11:32:08,廖英强中午又要开始吹本钢了
英强牛逼,"https://guba.eastmoney.com/news,000761,552787759.html",2016-09-21 11:23:20,英强牛逼
鞍钢涨停本钢才能涨停,"https://guba.eastmoney.com/news,000761,552788045.html",2016-09-21 11:23:55,鞍钢涨停本钢才能涨停
俩亏损国企不改革就是仨亏损。,"https://guba.eastmoney.com/news,000761,552787025.html",2016-09-21 11:21:52,俩亏损国企不改革就是仨亏损。
在只是回本的情况下要不要抛了呀?,"https://guba.eastmoney.com/news,000761,552742955.html",2016-09-21 10:02:34,在只是回本的情况下要不要抛了呀?
追高了 悲剧,"https://guba.eastmoney.com/news,000761,552756126.html",2016-09-21 10:25:15,追高了 悲剧
我日  怎么下来了,"https://guba.eastmoney.com/news,000761,552743775.html",2016-09-21 10:03:57,我日 怎么下来了
本钢板材:澄清公告,"https://guba.eastmoney.com/news,000761,552567770.html",2016-09-20 16:40:34,"公告日期：2016-09-21
证券代码：000761200761 证券简称：本钢板材 本钢板B 编号：2016-043

本钢板材股份有限公司澄清公告

本公司及董事会全体成员保证公告内容真实、准确和完整，没有虚假记载、误导性陈述或者重大遗漏。

一、 传闻简述

2016年9月20日，上海证券报一篇题目为《钢铁业重组路线图排定 鞍本将接棒宝武》的文章报道：“下一步的钢企重组将是鞍本钢铁重组的实质性推进……下一个国家推动的兼并重组对象将是鞍钢和本钢，马上就会研究，到年底可能就会对外公布”。

二、澄清说明

经向本公司的控股股东核实，本公司针对上述传闻事项说明如下：

到目前为止，本公司及控股股东均未收到有关部门关于本钢与鞍钢合并重组事宜的任何信息。本公司目前无任何应披露而未披露的信息。

三、其他说明

公司郑重提醒广大投资者，有关本公司的信息以本公司公告内容为准，本公司信息露指定媒体为《中国证券报》、《证券时报》、《香港商报》和巨潮资讯网http://www.cninfo.com.cn。

特此公告。

本钢板材股份有限公司董事会

二一六年九月二十日


[点击查看PDF原文]
提示：本网不保证其真实性和客观性，一切有关该股的有效信息，以交易所的公告为准，敬请投资者注意风险。"
601899紫金矿业3元黄金稀缺资源有色冶炼股,"https://guba.eastmoney.com/news,000761,552754411.html",2016-09-21 10:22:16,601899 3元紫金矿业稀缺资源有色股冶炼金铜钼等稀有金属矿贮备大幅提升抢战全球矿产先机，收益一路一带沪 港通
套人 让你追,"https://guba.eastmoney.com/news,000761,552739485.html",2016-09-21 09:56:11,套人 让你追 钢铁板块蠢蠢欲动
闪人 涨停没卖 郁闷,"https://guba.eastmoney.com/news,000761,552753565.html",2016-09-21 10:20:50,早盘没有一鼓作气 看来今天涨停没戏了
节前卖的就这样至少错过了10%,"https://guba.eastmoney.com/news,000761,552752224.html",2016-09-21 10:18:31,节前卖的就这样至少错过了10%
站岗了我操,"https://guba.eastmoney.com/news,000761,552744490.html",2016-09-21 10:05:18,站岗了我操
6.13卖了，卖早了，妈蛋,"https://guba.eastmoney.com/news,000761,552736250.html",2016-09-21 09:50:12,6.13卖了，卖早了，妈蛋
连续涨停！涨涨涨！！,"https://guba.eastmoney.com/news,000761,552742773.html",2016-09-21 10:02:12,
鞍钢停了,"https://guba.eastmoney.com/news,000761,552740651.html",2016-09-21 09:58:14,鞍钢停了
今天必涨停还会有涨停明天继续拭目以待,"https://guba.eastmoney.com/news,000761,552739915.html",2016-09-21 09:56:58,今天必涨停还会有涨停明天继续拭目以待
英强概念股 八个涨停没悬念[鼓掌][鼓掌][鼓掌][鼓掌],"https://guba.eastmoney.com/news,000761,552739668.html",2016-09-21 09:56:31,英强概念股 八个涨停没悬念
封不住啊，我擦,"https://guba.eastmoney.com/news,000761,552737892.html",2016-09-21 09:53:20,封不住啊，我擦，鞍钢封的死死的
今天太牛B了[赞] 赚了[大笑],"https://guba.eastmoney.com/news,000761,552736634.html",2016-09-21 09:50:58,"今天太牛B了
赚了"
鞍钢涨停了,"https://guba.eastmoney.com/news,000761,552735203.html",2016-09-21 09:48:23,鞍钢涨停了
卖亏了 擦擦擦啊,"https://guba.eastmoney.com/news,000761,552734899.html",2016-09-21 09:47:51,"卖亏了
擦擦擦啊"
哪里热门，哪里有我，噢耶,"https://guba.eastmoney.com/news,000761,552733077.html",2016-09-21 09:44:15,哪里热门，哪里有我，噢耶
博重组块买今天会涨停,"https://guba.eastmoney.com/news,000761,552732327.html",2016-09-21 09:42:49,博重组块买今天会涨停
有倒鸭嘴被套的么还？,"https://guba.eastmoney.com/news,000761,552731000.html",2016-09-21 09:40:25,
就停这2天有什么意义吗，艹,"https://guba.eastmoney.com/news,000761,552729345.html",2016-09-21 09:37:12,就停这2天有什么意义吗，艹
此地无银三百两，竟然还有人卖，哈哈,"https://guba.eastmoney.com/news,000761,552723203.html",2016-09-21 09:23:00,重组已经掩藏不住了
今天涨停最少5%以上好苗头,"https://guba.eastmoney.com/news,000761,552723796.html",2016-09-21 09:24:25,今天涨停最少5%以上好苗头
关于本钢板材股份有限公司股票临时停牌的公告,"https://guba.eastmoney.com/news,000761,552389161.html",2016-09-20 09:19:00,"公告日期：2016-09-20
关于本钢板材股份有限公司股票临时停牌的公告

日期： 2016-9-20

因媒体报道了本钢板材股份有限公司的相关信息，根据《深圳证券交易所股票上市规则》第12.4条的规定，经公司申请，本所将于2016年9月20日开市起对（证券简称：本钢板材，证券代码：000761；证券简称：本钢板Ｂ，证券代码：200761）进行临时停牌，待公司刊登相关公告后复牌。





深圳证券交易所

2016年9月20日


[点击查看PDF原文]
提示：本网不保证其真实性和客观性，一切有关该股的有效信息，以交易所的公告为准，敬请投资者注意风险。"
544满仓了，开盘会大涨吗？卖错天马买了他。,"https://guba.eastmoney.com/news,000761,552707559.html",2016-09-21 08:08:57,544满仓了，开盘会大涨吗？卖错天马买了他。
梅开二度,"https://guba.eastmoney.com/news,000761,552659613.html",2016-09-20 23:39:09,继宝钢发帖后停牌以来，于9月7日再次在本钢股吧看多以来，第二个停牌的股票了！谁是下一个呢？
临停跟重大事项重组停牌公告就不一样，估计晚上要出澄清公告了,"https://guba.eastmoney.com/news,000761,552436523.html",2016-09-20 10:52:13,临停跟重大事项重组停牌公告就不一样，估计晚上要出澄清公告了
本钢板材:董事会七届二次会议决议公告,"https://guba.eastmoney.com/news,000761,539980353.html",2016-08-24 15:42:43,"公告日期：2016-08-25
股票代码：000761 200761 股票简称：本钢板材 本钢板B 编号：2016-041

本钢板材股份有限公司董事会七届二次会议决议公告

本公司及董事会全体成员保证信息披露的内容真实、准确、完整，没有虚假记载、误导性陈述或重大遗漏。

一、董事会会议召开情况

1. 董事会于2016年8月12日以书面形式发出会议通知。

2. 2016年8月23日公司会议室召开董事会会议。

3. 本次董事会会议应出席董事人数为7人，实际出席会议的董事人数7人。

4. 本次董事会会议的主持人为董事长赵忠民先生，公司监事、高级管理人

员列席了会议。

5. 本次董事会会议的召开符合有关法律、行政法规、部门规章、规范性文

件和公司章程的规定。

二、董事会会议审议情况

经认真审议研究，全体董事以举手表决方式形成以下决议：

1.以7票同意，0票反对，0票弃权的结果审议通过了《2016年半年度报告》及《2016年半年度报告摘要》。《全文》详见指定信息披露网站http//www.cninfo.com.cn、《摘要》内容详见公司2016－040号公告。

2.以4票同意、0票反对、0票弃权的结果审议通过了《本钢股份有限公司关于本钢集团财务有限责任公司风险评估报告的议案》，该议案属于关联事项，关联董事赵忠民先生、曹爱民先生、赵伟先生对此议案回避表决。

根据深圳证券交易所《信息披露业务备忘录第 37 号——涉及财务公司关联

存贷款等金融业务的信息披露》的要求，公司审核了本钢集团财务公司对 2016

年6月30 日与其经营资质、业务和风险状况相关的风险评估说明。

公司认为：

1、本钢财务公司具有合法有效的《金融许可证》、《企业法人营业执照》；2、未发现本钢财务公司存在违反中国银行业监督管理委员会颁布的《企业集团财务公司管理办法》规定的情况，本钢财务公司的资产负债比例符合该办法第三十四条的规定要求。

《本钢股份有限公司关于本钢集团财务有限责任公司风险评估报告》具体内容于2016年8月25日载于巨潮资讯网http://www.cninfo.com.cn。

独立董事对此发表独立意见如下：

关于本钢集团财务有限责任公司风险评估报告，关联董事就该关联事项在董事会会议上回避表决，表决程序符合有关法律、法规和《公司章程》的规定。

3、.以7票同意，0票反对，0票弃权的结果审议通过了《关于公司董事赵伟先生辞职的议案》。公司董事赵伟先生，因工作调动原因不再担任公司董事，同时辞去公司董事会各委员会委员职务,辞职后赵伟先生将不在公司担任任何职务。

董事会对赵伟先生在任职期间为公司做出的贡献深表感谢。

4、以7票同意，0票反对，0票弃权的结果审议通过了《关于提名唐朝盛先生为公司董事候选人的议案》。

经控股股东本溪钢铁（集团）有限责任公司推荐、公司董事会提名委员会提名唐朝盛先生为公司第七届董事会董事候选人。

公司独立董事就本次提名选举董事的所涉事项发表了同意此项议案的独立意见。

该议案尚需提交股东大会审议。

特此公告。

一、 备查文件

经与会董事签字并加盖董事会印章的董事会决议

2016年半年度报告及摘要

本钢板材股份有限公司董事会

二Ｏ一六年八月二十五日

附：简历

唐朝盛，男，53，大学学历，学士学位，高级会计师。历任本钢集团大连耐火材料有限公司总会计师；本钢集团公司审计部一处处长；北营公司总会计师；至今任本钢集团有限公司财务部长。

该拟任人员未持有本公司股份，没有受过中国证监会及其他有关部门的处罚和证券交易所的惩戒，符合《公司法》等相关法律、法规规定的任职条件。


[点击查看PDF原文]
提示：本网不保证其真实性和客观性，一切有关该股的有效信息，以交易所的公告为准，敬请投资者注意风险。
展开阅读全文"
为什么不使劲拉一下再停牌呢？,"https://guba.eastmoney.com/news,000761,552431400.html",2016-09-20 10:42:19,为什么不使劲拉一下再停牌呢？
怎么还没有出复牌公告啊,"https://guba.eastmoney.com/news,000761,552611339.html",2016-09-20 19:35:15,怎么还没有出复牌公告啊
本钢鞍钢合并后应该叫什么？名字一经采用，审请专利并有高额奖金,"https://guba.eastmoney.com/news,000761,552563269.html",2016-09-20 16:25:49,北钢集团
昨天涨第二天停牌，小散可能被坑的节奏啊。,"https://guba.eastmoney.com/news,000761,552601972.html",2016-09-20 18:51:15,"昨天涨第二天停牌，小散可能被坑的节奏啊。
"
大家知道为什么今天停牌 澄清公告也没用说今天为什么停牌 知道的朋友可以说一下吗,"https://guba.eastmoney.com/news,000761,552574037.html",2016-09-20 17:01:57,大家知道为什么今天停牌 澄清公告也没用说今天为什么停牌 知道的朋友可以说一下吗 谢谢
再次验证,"https://guba.eastmoney.com/news,000761,552598098.html",2016-09-20 18:32:13,登录名
扯蛋,"https://guba.eastmoney.com/news,000761,552597178.html",2016-09-20 18:27:52,"据上海证券报报道，19日，中国钢铁工业协会副会长迟京东在中国国际经济交流中心主办的“经济每月谈”上透露， 国务院近期发布了主要针对钢铁行业兼并重组的46号文件——《关于推进钢铁产业兼并重组处置僵尸企业的指导意见》。6月底正式开启的宝钢武钢重组，正是落实此份文件的一项重要举措。下一步的钢企重组将是鞍本钢铁重组的实质性推进。
　　迟京东表示，下一个国家推动的兼并重组对象将是鞍钢和本钢，马上就会研究，到年底可能就会对外公布。"
澄清个屁，人家本来就没说马上重组,"https://guba.eastmoney.com/news,000761,552577226.html",2016-09-20 17:12:31,下一个国家推动的兼并重组对象将是鞍钢和本钢，马上就会研究，到年底可能就会对外公布。
本钢板材:澄清公告  查看原文 公告日期：2016-09-21 证券代码：000,"https://guba.eastmoney.com/news,000761,552571067.html",2016-09-20 16:51:45,"
本钢板材:澄清公告
查看原文
公告日期：2016-09-21
证券代码：000761200761 证券简称：本钢板材 本钢板B 编号：2016-043
本钢板材股份有限公司澄清公告
本公司及董事会全体成员保证公告内容真实、准确和完整，没有虚假记载、误导性陈述或者重大遗漏。
一、 传闻简述
2016年9月20日，上海证券报一篇题目为《钢铁业重组路线图排定 鞍本将接棒宝武》的文章报道：“下一步的钢企重组将是鞍本钢铁重组的实质性推进……下一个国家推动的兼并重组对象将是鞍钢和本钢，马上就会研究，到年底可能就会对外公布”。
二、澄清说明
经向本公司的控股股东核实，本公司针对上述传闻事项说明如下：
到目前为止，本公司及控股股东均未收到有关部门关于本钢与鞍钢合并重组事宜的任何信息。本公司目前无任何应披露而未披露的信息。
三、其他说明
公司郑重提醒广大投资者，有关本公司的信息以本公司公告内容为准，本公司信息露指定媒体为《中国证券报》、《证券时报》、《香港商报》和巨潮资讯网http://www.cninfo.com.cn。
特此公告。"
澄清报章报道 本公告乃由鞍钢股份有限公司（「本公司」）应香港联合交易所有限公司（,"https://guba.eastmoney.com/news,000761,552563960.html",2016-09-20 16:28:04,"
澄清报章报道
本公告乃由鞍钢股份有限公司（「本公司」）应香港联合交易所有限公司（「联交所」）的要求根据联交所证券上市规则第13.10条而作出。
本公司董事会（「董事会」）得悉，上海证券报於二零一六年九月二十日刊登一份报道（「该报道」），内容有关在中华人民共和国（「中国」）中央人民政府倡导下，鞍钢可能与本钢集团进行合并（「可能合并事项」）。
–1–
董事会谨此澄清，经过向本公司的控股股东鞍山钢铁集团公司方面进行核实，本公司对该报道所提及的可能合并事项并不知情。经本公司作出相关情况之合理查询後，董事会确认其并不知悉有任何必须公布以避免本公司证券出现虚假市场情况之资料，或任何根据《证券及期货条例》（香港法例第571章）第XIVA部须作披露之内幕消息。
承董事会命
鞍钢股份有限公司
姚林
执行董事兼董事长"
鞍钢股份(00347)发布公告，公司董事会得悉，上海证券报于2016年9月20日,"https://guba.eastmoney.com/news,000761,552563487.html",2016-09-20 16:26:29,"鞍钢股份(00347)发布公告，公司董事会得悉，上海证券报于2016年9月20日刊登一份报道，内容有关在中华人民共和国中央人民政府倡导下，鞍钢可能与本钢集团进行合并。
董事会谨此澄清，经过向公司的控股股东鞍山钢铁集团公司方面进行核实，公司对该报道所提及的可能合并事项并不知情。
"
本钢别得意，先看看鞍钢对攀钢重组后鞍钢的走势，从14.61搞到2.56了！看看重,"https://guba.eastmoney.com/news,000761,552549163.html",2016-09-20 15:40:38,本钢别得意，先看看鞍钢对攀钢重组后鞍钢的走势，从14.61搞到2.56了！看看重组后都是咋抢攀钢的吧！
本钢已进入中期底部区间运行,"https://guba.eastmoney.com/news,000761,552335482.html",2016-09-19 23:24:51,此股作为中盘股，但融资比例超低，奇也怪也。
妈蛋，昨天刚买今天就停牌了,"https://guba.eastmoney.com/news,000761,552390603.html",2016-09-20 09:23:04,妈蛋，昨天刚买今天就停牌了
要重组了早盘全仓杀进,"https://guba.eastmoney.com/news,000761,552379135.html",2016-09-20 08:32:11,要重组了早盘全仓杀进
1个垃圾+1个垃圾=大垃圾,"https://guba.eastmoney.com/news,000761,552512593.html",2016-09-20 14:20:46,[不屑]
本板并入鞍钢，本钢壳卖给360,"https://guba.eastmoney.com/news,000761,552439915.html",2016-09-20 10:59:01,"本板并入鞍钢，本钢壳卖给360
三大欢喜。"
猜猜开盘会有几个涨停版吧[鼓掌][鼓掌][鼓掌][鼓掌]，我要求不高，两个就行。,"https://guba.eastmoney.com/news,000761,552449340.html",2016-09-20 11:18:33,猜猜开盘会有几个涨停版吧，我要求不高，两个就行。
本溪的有吗？有内幕消息的讲解一下！,"https://guba.eastmoney.com/news,000761,552405301.html",2016-09-20 09:54:47,本溪的有吗？有内幕消息的讲解一下！
停牌的公告在哪？,"https://guba.eastmoney.com/news,000761,552395928.html",2016-09-20 09:36:28,同上
坚守了3个月，终于等到你停牌了！,"https://guba.eastmoney.com/news,000761,552396000.html",2016-09-20 09:36:36,坚守了3个月，终于等到你停牌了！
临时停牌，利好还是利空,"https://guba.eastmoney.com/news,000761,552391328.html",2016-09-20 09:25:02,临时停牌，利好还是利空，有知道内幕的没？
停牌了,"https://guba.eastmoney.com/news,000761,552390660.html",2016-09-20 09:23:15,停牌了
鞍钢本钢重组大戏拉开了！,"https://guba.eastmoney.com/news,000761,552369583.html",2016-09-20 07:23:45,鞍钢本钢重组大戏拉开了！
来了,"https://guba.eastmoney.com/news,000761,552369180.html",2016-09-20 07:20:16,来了
这股怨念好重,"https://guba.eastmoney.com/news,000761,552232988.html",2016-09-19 15:37:57,这股怨念好重
做短线中长线的投资者你持有本钢板材股票可以卖了，因为本钢板材十八年了股价还是发行价5.4元,"https://guba.eastmoney.com/news,000761,552214174.html",2016-09-19 14:48:02,做短线中长线的投资者你持有本钢板材股票可以卖了，因为本钢板材十八年了股价还是发行价5.4元
主力今天想5.62收盘，你们还是赶紧走吧,"https://guba.eastmoney.com/news,000761,552211673.html",2016-09-19 14:42:51,哈哈
希望本钢板材能跌停因为本钢板材主力就是蠢猪拿自己的钱不当回事永远解不了套,"https://guba.eastmoney.com/news,000761,552209035.html",2016-09-19 14:37:36,希望本钢板材能跌停因为本钢板材主力就是蠢猪拿自己的钱不当回事永远解不了套
今天本钢板材主力又是失败的一天，跟本钢板材主力永远赚不到钱这就是结论,"https://guba.eastmoney.com/news,000761,552204542.html",2016-09-19 14:28:19,今天本钢板材主力又是失败的一天，跟本钢板材主力永远赚不到钱这就是结论
本钢真的会破产了么？看新闻说申报了破产？有高人详细解释下么？,"https://guba.eastmoney.com/news,000761,552201257.html",2016-09-19 14:21:30,本钢真的会破产了么？看新闻说申报了破产？有高人详细解释下么？
周线直直往下走，连走平趋势都没有，量又这么小，6.3又不能突破，你们告诉我他能涨,"https://guba.eastmoney.com/news,000761,552194833.html",2016-09-19 14:08:16,周线直直往下走，连走平趋势都没有，量又这么小，6.3又不能突破，你们告诉我他能涨，呵呵！
本钢板材120周5.65元都支撑不了说明本钢板材有多垃圾，发行价5.4元十八年后今天股价还是5.6元，垃圾垃圾垃圾,"https://guba.eastmoney.com/news,000761,552198683.html",2016-09-19 14:16:17,本钢板材120周5.65元都支撑不了说明本钢板材有多垃圾，发行价5.4元十八年后今天股价还是5.6元，垃圾垃圾垃圾
英强融资买入了[胜利][胜利][胜利][胜利],"https://guba.eastmoney.com/news,000761,552086632.html",2016-09-19 09:19:27,英强融资买入了
本钢B要疯狂拉升了,"https://guba.eastmoney.com/news,000761,552190134.html",2016-09-19 13:58:03,好啊好啊
英强概念股崛起，本钢板材目标7.5,"https://guba.eastmoney.com/news,000761,552169694.html",2016-09-19 13:09:17,英强老师太厉害了
英强融资买入  你们速度跑  让英强爆仓,"https://guba.eastmoney.com/news,000761,552171492.html",2016-09-19 13:14:11,英强融资买入 你们速度跑 让英强爆仓
内盘比外盘大太多收盘能企稳5.6就不错了,"https://guba.eastmoney.com/news,000761,552177167.html",2016-09-19 13:28:14,内盘比外盘大太多收盘能企稳5.6就不错了
早上开盘太高，有的调了，减仓观望了,"https://guba.eastmoney.com/news,000761,552171350.html",2016-09-19 13:13:48,上周末补得少了 唉
5.75元减仓10000回到5.2我再买回来。,"https://guba.eastmoney.com/news,000761,552108217.html",2016-09-19 10:07:42,5.75元减仓10000回到5.2我再买回来。
如果破产怎么弄？请高人指点一下。谢谢,"https://guba.eastmoney.com/news,000761,552127058.html",2016-09-19 10:46:53,如果破产怎么弄？请高人指点一下。谢谢
本钢板材跌停跌停跌停再垃圾也让散户买点散户陪你被退市你好损失少点,"https://guba.eastmoney.com/news,000761,552143014.html",2016-09-19 11:20:21,本钢板材跌停跌停跌停再垃圾也让散户买点散户陪你被退市你好损失少点
下跌中继！高开低走！,"https://guba.eastmoney.com/news,000761,552123543.html",2016-09-19 10:39:33,下跌中继！高开低走！
跌停[赞][赞][赞],"https://guba.eastmoney.com/news,000761,552114298.html",2016-09-19 10:20:17,跌停
出货可能大，如果突破6.7将另眼相看。,"https://guba.eastmoney.com/news,000761,552111804.html",2016-09-19 10:14:57,出货可能大，如果突破6.7将另眼相看。
今天是英强测试压力  速度上车,"https://guba.eastmoney.com/news,000761,552104656.html",2016-09-19 10:00:34,今天是英强测试压力 速度上车
本钢启动了亏损的快补仓5.8元下方的机会不多了,"https://guba.eastmoney.com/news,000761,552093587.html",2016-09-19 09:38:34,本钢启动了亏损的快补仓5.8元下方的机会不多了
垃圾每天开盘前都飓那么高!,"https://guba.eastmoney.com/news,000761,552090100.html",2016-09-19 09:29:32,垃圾每天开盘前都飓那么高!
宝钢合并武钢催生“巨无霸” 钢铁股或鸡犬升天,"https://guba.eastmoney.com/news,000761,552054226.html",2016-09-18 23:21:08,"宝钢合并武钢催生“巨无霸” 钢铁股或鸡犬升天

2016年09月18日 16:59:03 采贝财经

据 财新网报道，宝钢股份、武钢两大钢铁央企重组方案即将公布。国务院国资委已于8月最后一个星期通过了宝武重组方案，并于9月初上报国务院。合并方案的核心 内容是：宝钢将扮演整合者的角色，吸收合并武钢，武钢整体并入宝钢。新成立的集团拟命名“宝武钢铁集团”。不出意外，一家总资产超过7000亿元，年产能 达到6000万吨，规模位列全球第二的钢铁“巨无霸”将在月内诞生。

作为中国两大龙头钢铁央企，宝钢集团和武钢集团在今年6月底启动“联 姻”，被称为近年来中国钢铁产业最大规模的重组事件。之所以两家集团企业合并备受关注，主要是因为这两家企业体量巨大。数据显示，2015年宝钢集团粗钢 产量为3493.8万吨，名列全国第二，武钢产量为2577.6万吨，名列全国第六，合并后将超过河北钢铁成为中国第一大、全球第二大钢铁企业。

此 前，武钢与宝钢曾多次“辟谣”合并，相关人员总会出面公关“我们绝对不会合并”，“这是不可能的事”。但显然，央企合并的套路大家都心知肚明，只要第一时 间出来澄清，那这个消息大多属实。因此，在每次传出合并消息时，资本市场总能给出积极回应，稍显遗憾的是，新公司并没有取名“中国神钢”。

宝 钢武钢为什么要合并？有两大原因，一是在钢铁产业寒冬下，两家企业的经营都遇到困难，武钢集团亏损严重，宝钢集团利润大幅下滑，通过合并可以减少竞争，形 成互补。二是两家企业都是大型的钢铁行业央企，合并重组符合国企目前改革的方向，并在化解钢铁过剩产能上，起到带头作用。

海通证券认为，宝钢武钢重组说明供给侧和国企改革的步伐在加快，钢铁央企重组之后，再由重组后的钢铁央企去吸收地方诸侯钢企，配合淘汰部分小钢企，行业生态将明显净化，海通证券表示，未来几年将进入钢铁整合时代。

申万宏源认为，中国钢铁重组最终有望形成3家产能规模过亿吨，2家产能规模过5000万吨的超大型钢铁联合体。“强强联手”的思路将大大提高龙头企业的市场竞争力，压缩中小钢厂的生存空间，从而淘汰低效产能，实现规模效应。

分析认为，宝钢吸收武钢意味着钢铁行业实质性兼并重组的大幕开启，宝钢武钢股价会显著受益，但应该不会高于此前预期，不过，两家公司合并或对钢铁板块有巨大刺激。

钢铁概念股一览

包钢股份、酒钢宏兴、河钢股份、方大特钢、本钢板材、山东钢铁、鲁银投资、马钢股份、抚顺特钢、新钢股份、大冶特钢、鞍钢股份、太钢不锈、南钢股份、重庆钢铁、首钢股份、八一钢铁、杭钢股份。"
市中行“金融大篷车”开进本钢集团金融中心,"https://guba.eastmoney.com/news,000761,552054413.html",2016-09-18 23:23:23,"市中行“金融大篷车”开进本钢集团金融中心

本溪网 2016-09-18 09:13

本报讯 【本溪日报记者 张梦实】 为更好地宣传金融产品，让客户体验到更加方便、高效、快捷的金融服务，近日，市中行个金板块、公司板块联合辖属本钢支行进行公私联动，推出中国银行本溪分行“金融大篷车”活动，来自中国银行本溪分行各条线的负责人以及客户经理来到本钢集团金融中心，为员工们现场讲解市中行的金融产品。此举进一步推进了银行与企业之间的深入对接和互动。

一直以来，市中行始终把“担当社会责任，做最好的银行”作为宗旨，把更好地服务社会服务客户放在首位，积极探索“一站式”金融服务之路。本钢集团金融中心是本钢集团金融板块的重要组成部分，包含本钢集团财务有限公司、辽宁容大投资有限公司、本钢板材股份有限公司结算中心等6家机构，金融需求强烈。基于此，市中行有针对性地为企业量身定做了“金融大篷车”活动。此次活动汇集了中国银行个人金融热门产品，种类多样，形式新颖，体现了一站式金融服务的理念。在活动中，市中行专业的客户经理针对现场客户感兴趣的个人理财、消费贷款、出国金融等一系列服务做了详细介绍，对有意向的客户进行登记并建立客户关系，不仅提高了人们对新形势下金融产品的认可度，同时也在银行与企业之间建立了良好的合作关系。为了使本次活动取得良好效果，市中行还精心准备了宣传展架和宣传品等，激发了大家参与的积极性。他们还事先根据客户年龄、身份等方面做好分层、分类，推出几款符合该企业员工特点的主打产品，展现了市中行的贴心服务理念，深受本钢集团金融中心领导和员工的欢迎。

据悉，市中行“金融大篷车”的下一站目前已在筹备中，市中行也将以此次活动为契机，为我市广大企业和市民送去最贴心的“一站式”金融服务。"
听英强的话，亏了一套房，悲哀！！！！,"https://guba.eastmoney.com/news,000761,551717591.html",2016-09-15 12:32:38,听英强的话，亏了一套房，悲哀！！！！
我相信按年持股今后必到15元,"https://guba.eastmoney.com/news,000761,551636659.html",2016-09-14 20:43:32,主力跌吧我找机会再进，哈哈
