标题,链接,发布时间,内容
把删帖的积极性用在股价上，估计破百了！ 中钢股价不行，死托一批批出来学狗叫 唱利,"https://guba.eastmoney.com/news,002057,351263618.html",2016-04-26 13:49:24,"把删帖的积极性用在股价上，估计破百了！
中钢股价不行，死托一批批出来学狗叫 唱利好！
用意何在？兄弟们注意啊！"
中钢股价不行，死托一批批出来学狗叫 唱利好！ 用意何在？兄弟们注意啊！,"https://guba.eastmoney.com/news,002057,351261654.html",2016-04-26 13:47:52,"中钢股价不行，死托一批批出来学狗叫 唱利好！
用意何在？兄弟们注意啊！"
野蛮人在踢门了，中钢集团怕未？,"https://guba.eastmoney.com/news,002057,351256029.html",2016-04-26 13:41:48,[不屑]
昨天没有卖或买进的朋友，大家都发财啊！,"https://guba.eastmoney.com/news,002057,351253638.html",2016-04-26 13:39:32,昨天没有卖或买进的朋友，大家都发财啊！
昨天涨停板加仓了3000股，加仓有点高，但对于今天来说，高也值得，起码昨天加进去,"https://guba.eastmoney.com/news,002057,351248919.html",2016-04-26 13:34:58,昨天涨停板加仓了3000股，加仓有点高，但对于今天来说，高也值得，起码昨天加进去了，要是今天涨停板买估计还买不进去。
昨天主力故意涨停开板，让那些自以为是的人以为主力出货，就一阵狂卖，主力就慢慢吸筹,"https://guba.eastmoney.com/news,002057,351102217.html",2016-04-26 11:13:01,昨天主力故意涨停开板，让那些自以为是的人以为主力出货，就一阵狂卖，主力就慢慢吸筹，本来盘子就不大，主力吸筹五千万就够了，今天一定会突破昨天的13.17。这波行情到20没有问题。
照这样下去，下午会开板吗？,"https://guba.eastmoney.com/news,002057,351247516.html",2016-04-26 13:33:29,照这样下去，下午会开板吗？
中钢天源有望成妖，是第2个特力A,"https://guba.eastmoney.com/news,002057,347735827.html",2016-04-25 12:58:29,小伙伴们千万坚持住了
卖啊，继续卖啊，搞死你们,"https://guba.eastmoney.com/news,002057,351241828.html",2016-04-26 13:27:33,卖啊，继续卖啊，搞死你们
是不是野蛮人在踢门,"https://guba.eastmoney.com/news,002057,351241507.html",2016-04-26 13:27:11,主力进来了，坚决否决重组方案，卖壳、卖壳、卖壳！
今天感觉良好，恭喜走路的人[胜利],"https://guba.eastmoney.com/news,002057,351239179.html",2016-04-26 13:24:08,今天感觉良好，恭喜走路的人
今天最高还不错[大笑]波导和你都版了,"https://guba.eastmoney.com/news,002057,351238905.html",2016-04-26 13:23:43,今天最高还不错波导和你都版了
封住妥妥的， 13块加仓了[大笑][大笑][大笑]数板,"https://guba.eastmoney.com/news,002057,351238855.html",2016-04-26 13:23:25,封住妥妥的， 13块加仓了数板
爽啊，昨天卖出的偷偷的去哭吧！,"https://guba.eastmoney.com/news,002057,351237243.html",2016-04-26 13:22:19,爽啊，昨天卖出的偷偷的去哭吧！
大盘给点力，今天能涨停了,"https://guba.eastmoney.com/news,002057,351235955.html",2016-04-26 13:20:41,。
停牌了,"https://guba.eastmoney.com/news,002057,351190663.html",2016-04-26 12:20:38,停牌了
000969安泰科技控股股东2016年注入稀土，也算稀土股吧,"https://guba.eastmoney.com/news,002057,351187852.html",2016-04-26 12:16:07,000969安泰科技控股股东2016年注入稀土，也算稀土股吧
麻了吧子，今天十三块买的最高价[失望],"https://guba.eastmoney.com/news,002057,351153615.html",2016-04-26 11:42:24,麻了吧子，今天十三块买的最高价[失望]
直接涨停得了，主力该洗够了,"https://guba.eastmoney.com/news,002057,351163413.html",2016-04-26 11:51:33,直接涨停得了，主力该洗够了
守望者上20元！,"https://guba.eastmoney.com/news,002057,351153693.html",2016-04-26 11:42:32,守望者上20元！
一抛你就涨，唉,"https://guba.eastmoney.com/news,002057,351096186.html",2016-04-26 11:10:10,一抛你就涨，唉
庄在出货,"https://guba.eastmoney.com/news,002057,347449005.html",2016-04-25 11:13:18,庄在出货
控股中钢集才1600多万。谁怕谁？,"https://guba.eastmoney.com/news,002057,351010922.html",2016-04-26 09:59:16,[不屑]
砸停吧。看你还有多少筹码,"https://guba.eastmoney.com/news,002057,351001721.html",2016-04-26 09:50:56,[不屑]
烂股，烂公司,"https://guba.eastmoney.com/news,002057,350996601.html",2016-04-26 09:47:22,烂股，烂公司
再砸我满仓,"https://guba.eastmoney.com/news,002057,350995569.html",2016-04-26 09:46:32,[不屑]
有本事砸个跌停,"https://guba.eastmoney.com/news,002057,350979931.html",2016-04-26 09:34:51,[不屑]
凡重组股必有持续行情！,"https://guba.eastmoney.com/news,002057,348560014.html",2016-04-25 18:00:56,凡重组股都有持续行情，必涨无疑！
04月25日千股千评（深市） 4月25日,"https://guba.eastmoney.com/news,002057,349235554.html",2016-04-25 23:07:23,千股千评:仍有上行空间;增仓。
从上市至今的涨停，跌停次数，都看看,"https://guba.eastmoney.com/news,002057,349161940.html",2016-04-25 22:03:47,从上市至今的涨停，跌停次数，都看看
今天砸了1077万股。还有吗？,"https://guba.eastmoney.com/news,002057,348620083.html",2016-04-25 18:25:01,控股集团中钢集团才16502858股。
砸吧。我看你手上还有多少筹码？,"https://guba.eastmoney.com/news,002057,348604584.html",2016-04-25 18:18:30,
封板没封住，看来主力在配合大股东啊，吸筹好投赞成票，大家别上当。这么小的盘子，负,"https://guba.eastmoney.com/news,002057,347864248.html",2016-04-25 13:43:46,封板没封住，看来主力在配合大股东啊，吸筹好投赞成票，大家别上当。这么小的盘子，负债率也不高，是上好的壳。即使不做壳，按中钢天源的业绩也不是一无是处。如果矿山火起来了，天源的业绩估计还是不错的。
此股太恶心了,"https://guba.eastmoney.com/news,002057,348153660.html",2016-04-25 15:22:37,此股太恶心了
看到今天这种表现，和以往几乎一样，对于这样的重组，大家还有什么疑问么？  201,"https://guba.eastmoney.com/news,002057,347240408.html",2016-04-25 10:06:38,"看到今天这种表现，和以往几乎一样，对于这样的重组，大家还有什么疑问么？
2016年5月18号 9:30-11:30，13:00-15:00
股票代码：362057 天源投票
价格：100.00
购买数：2股
没有人为我们小散，我们小散也只能自己争口气争取！"
主力拉高诱多，实则出货,"https://guba.eastmoney.com/news,002057,347978179.html",2016-04-25 14:22:11,主力拉高诱多，实则出货
请问公司的稀土永磁电机项目何时能投产，为公司贡献利润？,"https://guba.eastmoney.com/news,002057,916378002.html",2016-05-04 11:37:00,"请问公司的稀土永磁电机项目何时能投产，为公司贡献利润？
中钢天源
中钢天源：该项目现已投产。
(来自深交所互动易)答复时间 2016-05-04 11:37:00"
太弱，还钢个屁，进来就亏，明天赚场酒钱走人。,"https://guba.eastmoney.com/news,002057,348102865.html",2016-04-25 15:04:37,太弱，还钢个屁，进来就亏，明天赚场酒钱走人。
三个涨停板是保底！坐等数钱！,"https://guba.eastmoney.com/news,002057,345136396.html",2016-04-24 19:47:17,三个涨停板是保底！坐等数钱！
主力大单资金纯流出1300万，我草！,"https://guba.eastmoney.com/news,002057,347279132.html",2016-04-25 10:19:08,主力大单资金纯流出1300万，我草！
主力高抛低吸，又洗出散户够奸诈的,"https://guba.eastmoney.com/news,002057,347831960.html",2016-04-25 13:32:27,主力高抛低吸，又洗出散户够奸诈的
华菱钢铁撤销了已经在证监会排队等待上会的增发预案，又重新开始了重组谈判，难道它也,"https://guba.eastmoney.com/news,002057,344621944.html",2016-04-24 15:57:53,华菱钢铁撤销了已经在证监会排队等待上会的增发预案，又重新开始了重组谈判，难道它也想被360借壳？中钢现在改方案，时间绰绰有余。我怀疑下周继续停牌。
中钢天源:关于召开2016年第一次临时股东大会的通知,"https://guba.eastmoney.com/news,002057,344777626.html",2016-04-24 17:09:42,"公告日期：2016-04-25
证券代码： 002057 证券简称：中钢天源公告编号：2016-033

中钢集团安徽天源科技股份有限公司

关于召开 2016 年第一次临时股东大会的通知

中钢集团安徽天源科技股份有限公司（以下简称“公司”）第五届董事会第

十四次（临时）会议决定，公司定于 2016 年 5 月 18 日召开 2016 年第一次临时

股东大会，现将会议有关事项通知如下：

一、会议基本情况

1、会议召集人：公司第五届董事会

2、股东大会召开时间：

现场会议召开时间：2016 年 5 月 18 日下午 14:00

网络投票时间：2016 年 5 月 17 日至 2016 年 5 月 18 日。其中：

通过深圳证券交易所交易系统进行网络投票的具体时间为 2016 年 5 月 18

日上午 9:30—11:30，下午 13:00—15:00；

通过深圳证券交易所互联网投票系统进行网络投票的具体时间为 2016 年 5

月 17 日下午 15:00 至 2016 年 5 月 18 日下午 15:00 的任意时间。

3、现场会议召开地点：马鞍山市雨山区霍里山大道南段 9 号公司六楼会议

室。

4、会议召开方式：采取现场投票和网络投票相结合的方式。公司将通过深

圳证券交易所交易系统和互联网投票系统向公司股东提供网络形式的投票平台，

公司股东可以在上述网络投票时间内通过深圳证券交易所的交易系统或互联网

本公司及董事会全体成员保证公告内容真实、准确和完整，并对公告中

的虚假记载、误导性陈述或者重大遗漏承担责任。

投票系统行使表决权。

5、股权登记日：2016 年 5 月 12 日

6、投票规则：本次股东大会提供现场投票和网络投票两种投票表决方式，

同一股份只能选择现场投票或网络投票中的一种表决方式，不能重复投票。同一

股份通过现场方式和网络方式重复进行投票的，以第一次投票结果为准。

二、会议议题

（一）审议《关于公司符合发行股份购买资产并募集配套资金条件的议案》

（二）审议《关于公司发行股份购买资产并募集配套资金构成关联交易的议

案》

（三）审议《关于本次交易符合<关于规范上市公司重大资产重组若干问题

的规定>第四条规定的议案》

（四）审议《关于重大资产重组交易对方变更承诺的议案》

（五）逐项审议《关于公司发行股份购买资产并募集配套资金暨关联交易的

方案的议案》

1、发行股份购买资产

（1）交易对方

（2）标的资产

（3）标的资产定价原则及交易价格

（4）发行股份

①发行股份种类和面值

②发行对象及发行方式

③定价基准日和发行价格

④发行数量

⑤锁定期安排

⑥上市地点

（5）损益归属

（6）滚存利润分配

（7）盈利承诺补偿

（8）资产交割和违约责任

（9）决议有效期

2、非公开发行股份募集配套资金

（1）股票发行种类和面值

（2）定价基准日及发行价格

（3）发行数量

（4）配套募集资金用途

（5）锁定期安排

（6）上市地点

（7）滚存利润分配

（8）决议有效期

（六）审议《关于<中钢集团安徽天源科技股份有限公司发行股份购买资产

并募集配套资金暨关联交易报告书（草案）>及其摘要的议案》

（七）审议《关于公司与交易对方签署附条件生效的<发行股份购买资产协

议>的议案》

（八）审议《关于公司与交易对方签署附条件生效的<发行股份购买资产协

议之补充协议>的议案》

（九）审议《关于公司与交易对方签署附条件生效的<盈利预测补偿协议>

的议案》

（十）审议《关于公司与交易对方签署附条件生效的<盈利预测补偿协议之

补充协议>的议案》

（十一）审议《关于提请股东大会授权董事会办理本次发行股份购买资产并

募集配套资金暨关联交易相关事项的议案》

（十二）审议《关于提请股东大会审议同意中国中钢股份有限公司及其一致

行动人免于以要约收购方式增持公司股份的议案》

（十三）审议《关于重大资产重组履行法定程序的完备性、合规性及提交的

法律文件的有效性的说明的议案》

（十四）审议《关于批准本次交易相关审计报告及资产评估报告的议案》

（十五）审议《关于评估机构的独立性、评估假设前提的合理性、评估方法

与评估目的的相关性以及评估定价的公允性的议案》

（十六）审议《关于本次交易完成后关联交易事宜的议案》

（十七）审议《中钢集团安徽天源科技股份有限公司未来三年股东回报规划

（2015 年-2017 年）》

具体详见公司分别于 2015 年 9 月 25 日和 2016 年 2 月 25 日在《证券时报》、

《中国证券报》、《上海证券报》及巨潮资讯网（www.cninfo.com.cn）上披露的《第

……
[点击查看PDF原文]
提示：本网不保证其真实性和客观性，一切有关该股的有效信息，以交易所的公告为准，敬请投资者注意风险。
展开阅读全文"
我被套了就投反对票，有本事拉上去把我洗了,"https://guba.eastmoney.com/news,002057,347491693.html",2016-04-25 11:27:12,
手贱啊，12.41补了点仓，看来又套住了！,"https://guba.eastmoney.com/news,002057,347397520.html",2016-04-25 10:56:31,手贱啊，12.41补了点仓，看来又套住了！
为何会下来呢，吸筹吗还是高抛？期待下午,"https://guba.eastmoney.com/news,002057,347481226.html",2016-04-25 11:24:06,为何会下来呢，吸筹吗还是高抛？期待下午
散户看好的。机构看空,"https://guba.eastmoney.com/news,002057,347363572.html",2016-04-25 10:45:24,散户买进。机构卖出。股价下行
完蛋,"https://guba.eastmoney.com/news,002057,347305751.html",2016-04-25 10:27:34,完蛋
完了，大盘又开始跳水了！,"https://guba.eastmoney.com/news,002057,347305112.html",2016-04-25 10:27:09,完了，大盘又开始跳水了！
主力大单纯流出资金1400万了！,"https://guba.eastmoney.com/news,002057,347291850.html",2016-04-25 10:23:04,主力大单纯流出资金1400万了！
大家拿好，庄家故意洗牌,"https://guba.eastmoney.com/news,002057,347288343.html",2016-04-25 10:22:03,大家拿好，庄家故意洗牌
大单纯流出资金1300万，主力跑光了！,"https://guba.eastmoney.com/news,002057,347269326.html",2016-04-25 10:15:48,大单纯流出资金1300万，主力跑光了！
为什么大家都不看好啊，还有这么多的抛盘？难道都赚到钱了？,"https://guba.eastmoney.com/news,002057,347268760.html",2016-04-25 10:15:45,为什么大家都不看好啊，还有这么多的抛盘？难道都赚到钱了？
不甘心啊！没办法，你们玩,"https://guba.eastmoney.com/news,002057,347266149.html",2016-04-25 10:14:58,不甘心啊！没办法，你们玩
11.5以下可以考虑！,"https://guba.eastmoney.com/news,002057,347250635.html",2016-04-25 10:10:03,11.5以下可以考虑！
套人的票，不要买了！,"https://guba.eastmoney.com/news,002057,347246144.html",2016-04-25 10:08:35,套人的票，不要买了！
大单杀下来吧，我买不到,"https://guba.eastmoney.com/news,002057,347240286.html",2016-04-25 10:06:36,大单杀下来吧，我买不到
马上要绿了,"https://guba.eastmoney.com/news,002057,347233113.html",2016-04-25 10:04:19,垃圾
我在下面等你，不要太久,"https://guba.eastmoney.com/news,002057,347231297.html",2016-04-25 10:03:45,我在下面等你，不要太久
追高被套了，草蛋！,"https://guba.eastmoney.com/news,002057,347231158.html",2016-04-25 10:03:43,追高被套了，草蛋！
散户别买。补跌,"https://guba.eastmoney.com/news,002057,347230274.html",2016-04-25 10:03:27,[不屑]
完了，刚复牌就要奔跌停了,"https://guba.eastmoney.com/news,002057,347225407.html",2016-04-25 10:02:00,完了，刚复牌就要奔跌停了
补涨,"https://guba.eastmoney.com/news,002057,347208682.html",2016-04-25 09:56:46,补涨
老子走人了，高开低走,"https://guba.eastmoney.com/news,002057,347177350.html",2016-04-25 09:46:24,老子走人了，高开低走
永磁板块继续强势，天源这段时间停牌已经落后不是一点点了,"https://guba.eastmoney.com/news,002057,347166620.html",2016-04-25 09:43:10,永磁板块继续强势，天源这段时间停牌已经落后不是一点点了
大盘不炒它复盘晕,"https://guba.eastmoney.com/news,002057,347163095.html",2016-04-25 09:42:01,大盘不炒它复盘晕
低开的国恩无理由不出，这个股碰运气,"https://guba.eastmoney.com/news,002057,347143979.html",2016-04-25 09:35:49,低开的国恩无理由不出，这个股碰运气
中钢股份怎么不把马矿院这部分资产放入中钢天源里呢，马矿院这部分资产还是不错的优质,"https://guba.eastmoney.com/news,002057,347006311.html",2016-04-25 08:46:41,中钢股份怎么不把马矿院这部分资产放入中钢天源里呢，马矿院这部分资产还是不错的优质资产。
中钢天源继续推进重大资产重组 25日复牌,"https://guba.eastmoney.com/news,002057,345788360.html",2016-04-25 00:42:01,"来源：中国证券网
　　中钢天源4月24日晚间披露，4月21日，公司收到中钢股份发来的《关于重大资产重组有关事项的说明》，获悉中钢集团已与债委会就同意公司本次重大资产重组召开股东大会及向证监会申报材料的事项达成一致意见。公司继续推进重大资产重组，本次重大资产重组的发行价格暂时不进行调整，股票将于2016年4月25日开市起复牌。
　　公司同时披露一季报。2016年1-3月，公司实现营业收入69,955,076.86元，同比增长1.28%；净利润1,254,372.19元，同比增长22.78%。
　　公司预计2016年1-6月实现净利润320.76至521.24万元，同比变动幅度为-20%至30%。
　　公司称，报告期内，国内实体经济下行压力较大，市场需求不旺，产能利用率有所下降，单位产品固定费用上升，利润率相应降低。
（来源：中国证券网 2016-04-25 00:41）[点击查看原文]"
5月18日否决重组的必要性！ 就事论事，大家自己参考，用自己的头脑思考问题。 首,"https://guba.eastmoney.com/news,002057,346699285.html",2016-04-25 06:49:13,"5月18日否决重组的必要性！
就事论事，大家自己参考，用自己的头脑思考问题。
首先，自从中钢天源确定重组事项和增发价格之后，股价一直围绕增发价格11.31波动，上下不超过10%，无论行情多么有力，始终被打压着，受伤和被套的总是小散，如果重组方案和增发价格不变，大股东为了保障增发，股价依然不会有太大突破，小散们依然没有收益。
其次，若重组成功了，集团的债务和标的公司的亏损会顺理成章的嫁接到天源上，不但搞大了天源的盘子，让想要炒作的大资金望而却步，还会整体拖累天源的业绩，造成天源由原来的中等业绩转为绩差或亏损，如此蒙受损失的还是中小投资者。我们投资的是天源的股票，天源是一家好公司，好股票，无端为了集团，而重组，变成了烂公司和烂股票，伤害到了我们的利益，却肥了大股东，我们不应该妥协。
最后，注册制超预期的延后了，战新版停了，都让目前壳资源充满想象。中钢天源总市值不过20亿左右，而大股东中钢股份当初因为疯狂套现，现今占股比例9%左右，如果重组被否决了，大股东占股比例不会发生变化，中钢天源随时可能被举牌，10几亿甚至最多20几亿就可以持股50%以上，夺得公司的控制权，远比目前随便一个壳就50几亿甚至超百亿划算的多。别看是国企，国企既然上市了，也要按照市场规则来，也可以被举牌，被收购，没有特殊保护条款。一旦被收购，被借壳，想象空间不可估量。
总之，让大家投反对票，并不是在唱空中钢天源，而是为了保护大家的利益，为我们的投资负责。做为投资者，对我们没有好处的方案，我们必须反对，没有妥协。资本市场，无利不往，既然有更好的想象空间和发展可能，我们就有必要为之搏一搏。
如果中钢集团怕了，可以高价收我手里的筹码，白白把筹码廉价的给你们是不可能的。中钢集团想重组成功，想获得利益内部的利益输送，就要拿出真金白银来，光靠几个没有素质的枪手来股吧造势是不够的。
小散们都来看看吧！为什么要对重组投反对票，事关自己贴身利益，一定要搞懂了，不要糊里糊涂的'，不管香的臭的只要是重组就以为是好事，不要被别人卖了还帮他数钱！坚决反对重组！！！！"
中钢天源停盘期间，稀土永磁类股票飙涨，按理讲明天复牌应该有2个或以上的一字板。其,"https://guba.eastmoney.com/news,002057,344977765.html",2016-04-24 18:35:21,中钢天源停盘期间，稀土永磁类股票飙涨，按理讲明天复牌应该有2个或以上的一字板。其实股东大会没必要开，现在就应该知道结果如何，除非增发价30块每股，也许大家会同意。
中钢天源:第五届董事会第十四次(临时)会议决议公告,"https://guba.eastmoney.com/news,002057,344777616.html",2016-04-24 17:09:42,"公告日期：2016-04-25
证券代码：002057 证券简称：中钢天源 公告编号：2016-031

中钢集团安徽天源科技股份有限公司

第五届董事会第十四次（临时）会议决议公告

本公司及董事会全体成员保证公告内容真实、准确和完整，并对公告中的虚假记载、误导性陈述或者重大遗漏承担责任。

中钢集团安徽天源科技股份有限公司（以下简称“公司”）于2016年4月20日发出会议通知,于2016年4月22日以现场结合通讯方式召开了公司第五届董事会第十四次(临时)会议，会议由董事长洪石笙先生主持。会议应参加董事9人，实际参会董事9人，其中亲自出席董事8人，委托出席董事1人。董事姜宝才先生因工作原因，未能亲自出席本次董事会,委托董事王云琪先生代为行使表决权。本次会议的出席人数、召集召开程序、议事内容均符合《公司法》和《公司章程》的要求。公司部分监事及高级管理人员列席了本次会议。

出席本次会议的董事对以下事项以投票表决的方式，进行了审议表决：

一、审议通过《2015年第一季度报告》

审议结果：9票赞成；0票反对；0票弃权；一致通过。

详见公司于2016年4月25日在《证券时报》、《中国证券报》、《上海证券报》及巨潮资讯网（http://www.cninfo.com.cn）上披露的《2015年第一季度报告》。

二、审议通过《关于中钢集团安徽天源科技股份有限公司南京磁性材料厂搬迁的议案》

2016年1月，公司收到南京市浦口区人民政府下发的《南京市浦口区人民政府房屋征收决定》（浦政征字[2015]27号），详见公司于2016年1月4日在《证券时报》、《中国证券报》、《上海证券报》及巨潮资讯网（http://www.cninfo.com.cn）上披露的《关于收到政府房屋征收决定的公告》。

公司按要求配合政府对南磁厂房地产、资产等进行清点造册并核对。

公司将尽快实施搬迁工作，以符合拆迁进度。公司董事会授权董事长办理搬迁相关事宜。

审议结果：9票赞成；0票反对；0票弃权；一致通过。

三、审议通过《关于召开2016年第一次临时股东大会的议案》

第五届董事会第九次（临时）会议和第五届董事会第十一次（临时）会议通过的部分议案须经公司股东大会审议通过。因此，公司根据《公司法》、《证券法》及《公司章程》的相关规定，定于2016年5月18日下午2点召开公司2016年第一次临时股东大会，会议采取现场结合网络投票方式召开。

审议结果：9票赞成；0票反对；0票弃权；一致通过。

详见公司于2016年4月25日在《证券时报》、《中国证券报》、《上海证券报》及巨潮资讯网（http://www.cninfo.com.cn）上披露的《关于召开2016年第一次临时股东大会的通知》。

特此公告。

中钢集团安徽天源科技股份有限公司

董事会

二〇一六年四月二十五日


[点击查看PDF原文]
提示：本网不保证其真实性和客观性，一切有关该股的有效信息，以交易所的公告为准，敬请投资者注意风险。
展开阅读全文"
复牌后大跌的可能性不大，留住筹码是关键。,"https://guba.eastmoney.com/news,002057,342994355.html",2016-04-24 06:00:10,"复牌后大跌的可能性并不大，因为无论中钢集团，还是相关债权人，都会积极收集筹码。中钢集团收集筹码的目的是能有更多的赞成票来让重组顺利通过，而债权人收集筹码的目的则正好相反，为了能有更多的反对票来否决重组。所以即便复牌后股价有所波动，也不要轻易出掉手中的筹码，因为在利益较量的过程中，筹码就是关键，只会随着较量的升级而升值。

中钢集团的资产负债率为94.87%，如此之高，债权人是不会心甘情愿的为其消化债务和承担业绩的亏损的，债权人只是想通过债转股的方式拿到足够的股权，来掌控中钢天源这个十分宝贵的壳资源，来获得更多的利益。而此次重组方案对重组标的的高估值，稀释了债权人的应得股权，使其无法得到足够的股权来掌控中钢天源的壳资源，所以债权人是肯定要反对的，因为资本市场里大家更多看重的则是利益。

而中钢集团也是不会轻易放弃重组的，因为中钢天源的重组对中钢集团来说，好处是毋庸置疑的，把一部分负债和亏损嫁接到中钢天源在A股的壳中进行消化，通过对重组标的的高估值，在增发过程中获得一部分实实在在的收益来与债务进行对冲，如意算盘打的甚好，但不得不说有些不择手段了，最终的结果就是，让债权人和中钢天源的A股股民们拿出真金白银，来帮集团承担一部分资产负债和业绩亏损，而通过高估值的增发债权人又拿不到足够的股权，无法掌控中钢天源的壳资源。

综上，做为小散，手中的筹码就是双方利益争夺的关键，谁拿到了足够的筹码，谁就能在股东大会上获得足够的支持。所以即便股价有所波动，也不要轻易的出掉筹码，因为随着利益争夺的升级，筹码是必然要升值的，对于双方都可能获得的巨额利益来说，为了收集筹码而做的小小花费是不值一提的。而且，就算筹码的争夺没有预计的那么激烈，做为小散，我们手中有足够的筹码，可以否决中钢天源此次的重组方案，对于中钢天源来说，也是有利的，因为方案否决了之后，天源就不必为集团承担债务也业绩亏损了，而天源本身又是一个业绩比较可观的小盘股，价值肯定会有所提升的，至少远远不是如今这个价格，而价格的提升，对小散来说，才是实实在在的收益。"
中钢和马矿院加在一起也就30%，按照理论上讲，大股东应该回避投票表决。所以这是一,"https://guba.eastmoney.com/news,002057,344856605.html",2016-04-24 17:42:52,中钢和马矿院加在一起也就30%，按照理论上讲，大股东应该回避投票表决。所以这是一场散户没打仗就注定会赢的战争。我投反对票。
我的中钢天源明天涨停！我的2万股可发了,"https://guba.eastmoney.com/news,002057,345480502.html",2016-04-24 22:29:54,我的中钢天源明天涨停！我的2万股可发了
涨停！无悬念,"https://guba.eastmoney.com/news,002057,345482707.html",2016-04-24 22:31:03,涨停！无悬念
我的2万股，明天涨停可发了,"https://guba.eastmoney.com/news,002057,345477423.html",2016-04-24 22:28:26,我的2万股，明天涨停可发了
终于复牌了，可以投反对票了。,"https://guba.eastmoney.com/news,002057,344846616.html",2016-04-24 17:38:25,终于复牌了，可以投反对票了。
看了看公告，长期来看依然看好，继续买进。,"https://guba.eastmoney.com/news,002057,345052405.html",2016-04-24 19:09:11,看了看公告，长期来看依然看好，继续买进。
中钢天源:2016年第一季度报告正文,"https://guba.eastmoney.com/news,002057,344776557.html",2016-04-24 17:09:15,"公告日期：2016-04-25
证券代码：002057 证券简称：中钢天源 公告编号：2016-032

中钢集团安徽天源科技股份有限公司2016年第一季度报告正文

第一节 重要提示

公司董事会、监事会及董事、监事、高级管理人员保证季度报告内容的真实、准确、完整，不存在虚假记载、误导性陈述或者重大遗漏，并承担个别和连带的法律责任。

所有董事均已出席了审议本次季报的董事会会议。

公司负责人洪石笙、主管会计工作负责人张野及会计机构负责人(会计主管人员)芮沅林声明：保证季度报告中财务报表的真实、准确、完整。

第二节 主要财务数据及股东变化

一、主要会计数据和财务指标

公司是否因会计政策变更及会计差错更正等追溯调整或重述以前年度会计数据

□是√否

本报告期 上年同期 本报告期比上年同期增减

营业收入（元） 69,955,076.86 69,067,803.70 1.28%

归属于上市公司股东的净利润（元） 1,254,372.19 1,021,626.23 22.78%

归属于上市公司股东的扣除非经常性损

909,620.55 804,668.04 13.04%

益的净利润（元）

经营活动产生的现金流量净额（元） -9,655,531.17 -861,521.55 -1,020.75%

基本每股收益（元/股） 0.01 0.01 0.00%

稀释每股收益（元/股） 0.01 0.01 0.00%

加权平均净资产收益率 0.24% 0.21% 0.03%

本报告期末比上年度末增

本报告期末 上年度末

减

总资产（元） 586,298,722.34 602,665,650.24 -2.72%

归属于上市公司股东的净资产（元） 512,753,561.72 511,508,502.32 0.24%

非经常性损益项目和金额

√适用□不适用

单位：元

项目 年初至报告期期末金额 说明

非流动资产处置损益（包括已计提资产减值准备的冲销部分） -87,717.58

计入当期损益的政府补助（与企业业务密切相关，按照国家统

258,000.00

一标准定额或定量享受的政府补助除外）

债务重组损益 ……
[点击查看PDF原文]
提示：本网不保证其真实性和客观性，一切有关该股的有效信息，以交易所的公告为准，敬请投资者注意风险。
展开阅读全文"
中钢天源:2016年第一季度报告全文,"https://guba.eastmoney.com/news,002057,344776514.html",2016-04-24 17:09:14,"公告日期：2016-04-25
中钢集团安徽天源科技股份有限公司

2016年第一季度报告

2016年04月

第一节 重要提示

公司董事会、监事会及董事、监事、高级管理人员保证季度报告内容的真实、准确、完整，不存在虚假记载、误导性陈述或者重大遗漏，并承担个别和连带的法律责任。

所有董事均已出席了审议本次季报的董事会会议。

公司负责人洪石笙、主管会计工作负责人张野及会计机构负责人(会计主管人员)芮沅林声明：保证季度报告中财务报表的真实、准确、完整。

第二节 主要财务数据及股东变化

一、主要会计数据和财务指标

公司是否因会计政策变更及会计差错更正等追溯调整或重述以前年度会计数据

□是√否

本报告期 上年同期 本报告期比上年同期增减

营业收入（元） 69,955,076.86 69,067,803.70 1.28%

归属于上市公司股东的净利润（元） 1,254,372.19 1,021,626.23 22.78%

归属于上市公司股东的扣除非经常性损

909,620.55 804,668.04 13.04%

益的净利润（元）

经营活动产生的现金流量净额（元） -9,655,531.17 -861,521.55 -1,020.75%

基本每股收益（元/股） 0.01 0.01 0.00%

稀释每股收益（元/股） 0.01 0.01 0.00%

加权平均净资产收益率 0.24% 0.21% 0.03%

本报告期末比上年度末增

本报告期末 上年度末

减

总资产（元） 586,298,722.34 602,665,650.24 -2.72%

归属于上市公司股东的净资产（元） 512,753,561.72 511,508,502.32 0.24%

非经常性损益项目和金额

√适用□不适用

单位：元

项目 年初至报告期期末金额 说明

非流动资产处置损益（包括已计提资产减值准备的冲销部分） -87,717.58

计入当期损益的政府补助（与企业业务密切相关，按照国家统

258,000.00

一标准定额或定量享受的政府补助除外）

债务重组损益 14,239.92

除上述各项之外的其他营业外收入和……
[点击查看PDF原文]
提示：本网不保证其真实性和客观性，一切有关该股的有效信息，以交易所的公告为准，敬请投资者注意风险。
展开阅读全文"
马矿院为啥不参加会议？,"https://guba.eastmoney.com/news,002057,341229262.html",2016-04-23 13:39:16,同在马鞍山马矿院是中刚股份的子公司.连它都不参加股东大会.从中可以看出对它对重组天源的消极态度.明显表现不满..
中钢天源:2015年度股东大会的法律意见书,"https://guba.eastmoney.com/news,002057,339516301.html",2016-04-22 19:06:06,"公告日期：2016-04-23
中钢天源:2015年度股东大会的法律意见书
[点击查看PDF原文]
提示：本网不保证其真实性和客观性，一切有关该股的有效信息，以交易所的公告为准，敬请投资者注意风险。"
复牌跌停，唱空的人终于如愿以偿了,"https://guba.eastmoney.com/news,002057,339694100.html",2016-04-22 23:43:48,看到这么中小投资者投反对票，唱空的人终于可以松口气了，赶紧准备子弹，复牌后就补仓吧，，至少还可以再捡点便宜。
中钢天源:2015年度股东大会决议公告,"https://guba.eastmoney.com/news,002057,339516258.html",2016-04-22 19:06:01,"公告日期：2016-04-23
证券代码：002057 证券简称：中钢天源 公告编号：2016-030

中钢集团安徽天源科技股份有限公司

二〇一五年度股东大会决议公告

本公司及董事会全体成员保证公告内容真实、准确和完整，

并对公告中的虚假记载、误导性陈述或者重大遗漏承担责任。

重要提示：

1、本次股东大会无否决提案的情况；

2、本次股东大会无修改提案的情况；

3、本次股东大会无新提案提交表决；

4、本次股东大会以现场结合网络投票方式召开。

一、会议的召开情况

（一）会议召开方式：本次会议采取现场投票和网络投票相结合的方式。本次会议的通知已于2016年4月2日以公告形式刊登在《证券时报》、《中国证券报》、《上海证券报》及巨潮资讯网。

（二）会议召开时间：现场会议召开时间：2016年4月22日下午2：00。

网络投票时间：深圳证券交易所交易系统网络投票时间：2016年4月22日上午9：30—11：30，下午13：00—15：00；深圳证券交易所互联网投票系统网络投票时间：2016年4月21日下午15：00至2016年4月22日下午15：00的任意时间。

（三）现场会议召开地点：马鞍山市雨山区霍里山大道南段9号中钢天源六楼会议室。

（四）会议召集人：公司第五届董事会

（五）会议主持人：董事长洪石笙

（六）本次股东大会的召开符合《中华人民共和国公司法》、《上市公司股东大会规则》、《中钢集团安徽天源科技股份有限公司章程》以及有关法律、法规的规定。

二、会议出席情况

公司总股本199381670股。参加本次股东大会表决的股东、股东代表及委托代理人共计49人，代表公司股份54601627股，占公司股份总数的27.3855%。

其中，出席现场会议的股东、股东代表及委托代理人共1人，代表公司股份51718294股，占公司股份总数的25.9393%；通过网络投票的股东48人，代表公司股份2883333股，占公司股份总数的1.4461%。公司部分董事、监事、高级管理人员以及见证律师出席了会议。

三、提案的审议和表决情况

本次股东大会以现场记名投票与网络投票相结合的方式，审议通过了以下议案：

（1）审议《2015年度董事会工作报告》

表决情况：同意52081341股，占出席会议所有股东所持股份的95.3842%；反对2520286股，占出席会议所有股东所持股份的4.6158%；弃权0股。

中小投资者表决情况：同意363047股，占出席会议中小股东所持股份的12.5912％；反对2520286股，占出席会议中小股东所持股份的87.4088％；弃权0股。

（2）审议《2015年度监事会工作报告》

表决情况：同意52081341股，占出席会议所有股东所持股份的95.3842%；反对2520286股，占出席会议所有股东所持股份的4.6158%；弃权0股。

中小投资者表决情况：同意363047股，占出席会议中小股东所持股份的12.5912％；反对2520286股，占出席会议中小股东所持股份的87.4088％；弃权0股。

（3）审议《2015年度财务决算报告》

表决情况：同意52081341股，占出席会议所有股东所持股份的95.3842%；反对2520286股，占出席会议所有股东所持股份的4.6158%；弃权0股。

中小投资者表决情况：同意363047股，占出席会议中小股东所持股份的12.5912％；反对2520286股，占出席会议中小股东所持股份的87.4088％；弃权0股。

（4）审议《2015年度报告及年度报告摘要》

表决情况：同意52081341股，占出席会议所有股东所持股份的95.3842%；反对2520286股，占出席会议所有股东所持股份的4.6158%；弃权0股。

中小投资者表决情况：同意363047股，占出席会议中小股东所持股份的12.5912％；反对2520286股，占出席会议中小股东所持股份的87.4088％；弃权0股。

（5）审议《2015年度内部控制评价报告》

表决情况：同意52081341股，占出席会议所有股东所持股份的95.3842%；反对2520286股，占出席会议所有股东所持股份的4.6158%；弃权0股。

中小投资者表决情况：同意363047股，占出席会议中小股东所持股份的12.5912％；反对252……
[点击查看PDF原文]
提示：本网不保证其真实性和客观性，一切有关该股的有效信息，以交易所的公告为准，敬请投资者注意风险。
展开阅读全文"
准备给独立董事打电话，请他们分析研究我提出的疑问。,"https://guba.eastmoney.com/news,002057,337911665.html",2016-04-21 17:19:30,准备给独立董事打电话，请他们分析研究我提出的疑问。
反对重组的股友也并不是没道理，但是天源25号前开盘的话就以现在的行情再加上重组失,"https://guba.eastmoney.com/news,002057,337095721.html",2016-04-21 08:25:56,反对重组的股友也并不是没道理，但是天源25号前开盘的话就以现在的行情再加上重组失败的消息，开盘是跌的可能性远远大过上涨。假设重组顺利通过，加上最近稀土永磁概念的火热开盘涨停可能性还是比较大的。我的想法很简单，以现在的行情短线有涨就会卖掉保障资金安全，重组什么资产对以后有什么影响我不care。所以近期就要复牌的话，都是正面的消息才好呀！有一样想法的顶一下！
现在吧不知道谁是好人，谁是坏人，如果您十牛手上无票，就是坏人，就是忽悠我们散户。,"https://guba.eastmoney.com/news,002057,337266981.html",2016-04-21 09:26:51,现在吧不知道谁是好人，谁是坏人，如果您十牛手上无票，就是坏人，就是忽悠我们散户。您十牛说的话虽有道理，但每次听您都吃亏。@牛犇犇犇
公司承诺复牌时间不晚于2016年4月25日,"https://guba.eastmoney.com/news,002057,339526220.html",2016-04-22 19:31:28,25日星期一，坐等！
投票方法： 二、会议议题  （一）审议《2015年度董事会工作报告》  听取独立,"https://guba.eastmoney.com/news,002057,316661306.html",2016-04-11 16:18:35,"投票方法：
二、会议议题
（一）审议《2015年度董事会工作报告》
听取独立董事年度述职报告
（二）审议《2015年度监事会工作报告》
（三）审议《2015年度财务决算报告》
（四）审议《2015年年度报告全文及摘要》
（五）审议《2015年度内部控制评价报告》
（六）审议《2015年度募集资金存放与使用专项报告》
（七）审议《2015年度利润分配预案》
（八）审议《关于银行贷款额度的议案》
（九）审议《关于使用节余募集资金永久补充流动资金的议案》
（一）采用交易所系统投票操作流程：
1、通过深圳证券交易所交易系统进行网络投票的具体时间为2016年4月6日上午9:30—11:30，下午13:00—15:00；
2、投票期间，交易系统将挂牌一只投票证券，股东以申报买入委托的方式对表决议案进行投票表决。该投票证券信息如下：
代码：362057 简称：天源投票
3、在投票当日，天源投票昨日收盘价显示的数字为本次股东大会审议的议案总数。
4、股东投票的具体程序为
（1）买卖方向为买入证券。
（2）在“委托价格”项下填报相关股东会议议案序号。100.00元代表总议案，1.00元代表议案一，2.00元代表议案二，依此类推。每一议案应以相应的价格分别申报。股东对“总议案”进行投票，视为对本次会议的所有议案表达相同意见。
对于逐项表决的议案，如议案一中有多个需表决的子议案，1.00元代表对议案一下全部子议案进行表决，1.01元代表议案一中子议案一，1.02元代表议案一中子议案二，以此类推。
本次股东大会需表决的议案事项及对应申报价格如下表所示：
序号 议案内容 委托价格
总议案 所有议案 100.00元
议案一 《2015年度董事会工作报告》 1.00元
议案二 《2015年度监事会工作报告》 2.00元
议案三 《2015年度财务决算报告》 3.00元
议案四 《2015年年度报告全文及摘要》 4.00元
议案五 《2015年度内部控制评价报告》 5.00元
议案六 《2015年度募集资金存放与使用专项报告》 6.00元
议案七 《2015年度利润分配预案》 7.00元
议案八 《关于银行贷款额度的议案》 8.00元
议案九 《关于使用节余募集资金永久补充流动资金的议案》 9.00元
（3）在“委托股数”项下填报表决意见，1股代表同意，2股代表反对，3股代表弃权。表决意见对应的申报股数如下：
表决意见种类 对应的申报股数
同意 1股
反对 2股
弃权 3股
（4）对同一议案的投票只能申报一次，不能撤单；
（5）不符合上述规定的申报无效，深圳证券交易所交易系统作自动撤单处理，视为未参与投票。
投票举例：股权登记日持有“中钢天源”A股的投资者拟对议案一《关于公司符合发行股份购买资产并募集配套资金条件的议案》投同意票，其申报如下： 投票代码 买卖方向 申报价格 申报股数
362057 买入 1.00 1股
如某投资者对本次网络投票的议案拟投反对票或弃权票，只需将前款所述的申报数改为2股或3股，其它内容相同。
展开阅读全文"
至所有散户：这只股票，从去年停牌那么长重组时间以来到国资委通过了重组议案再到现在,"https://guba.eastmoney.com/news,002057,339298037.html",2016-04-22 12:12:45,"至所有散户：这只股票，从去年停牌那么长重组时间以来到国资委通过了重组议案再到现在的股价，大家伙想想，整天喊重组，重大事项，都到这份上了真是利好，会是现在这个股价吗？？ 说明什么，说明现在这股这情况就连比我们小散更要接近公司内部的庄家根本就也不敢拉！ ！ 复牌后没有应该有的涨停和股价，就说明这重组绝对有巨大的问题！！ 大家换位想想，如果重组是利好，这么多利好，你是庄家 你会让股价到这么低的位置让别人进么？？
今天可以拿这个投票练练手。复牌后大家拭目以待！
投票方法：
二、会议议题
（一）审议《2015年度董事会工作报告》
听取独立董事年度述职报告
（二）审议《2015年度监事会工作报告》
（三）审议《2015年度财务决算报告》
（四）审议《2015年年度报告全文及摘要》
（五）审议《2015年度内部控制评价报告》
（六）审议《2015年度募集资金存放与使用专项报告》
（七）审议《2015年度利润分配预案》
（八）审议《关于银行贷款额度的议案》
（九）审议《关于使用节余募集资金永久补充流动资金的议案》
（一）采用交易所系统投票操作流程：
1、通过深圳证券交易所交易系统进行网络投票的具体时间为2016年4月22日上午9:30—11:30，下午13:00—15:00；
2、投票期间，交易系统将挂牌一只投票证券，股东以申报买入委托的方式对表决议案进行投票表决。该投票证券信息如下：
代码：362057 简称：天源投票
3、在投票当日，天源投票昨日收盘价显示的数字为本次股东大会审议的议案总数。
4、股东投票的具体程序为
（1）买卖方向为买入证券。
（2）在“委托价格”项下填报相关股东会议议案序号。100.00元代表总议案，1.00元代表议案一，2.00元代表议案二，依此类推。每一议案应以相应的价格分别申报。股东对“总议案”进行投票，视为对本次会议的所有议案表达相同意见。
对于逐项表决的议案，如议案一中有多个需表决的子议案，1.00元代表对议案一下全部子议案进行表决，1.01元代表议案一中子议案一，1.02元代表议案一中子议案二，以此类推。
本次股东大会需表决的议案事项及对应申报价格如下表所示：
序号 议案内容 委托价格
总议案 所有议案 100.00元
议案一 《2015年度董事会工作报告》 1.00元
议案二 《2015年度监事会工作报告》 2.00元
议案三 《2015年度财务决算报告》 3.00元
议案四 《2015年年度报告全文及摘要》 4.00元
议案五 《2015年度内部控制评价报告》 5.00元
议案六 《2015年度募集资金存放与使用专项报告》 6.00元
议案七 《2015年度利润分配预案》 7.00元
议案八 《关于银行贷款额度的议案》 8.00元
议案九 《关于使用节余募集资金永久补充流动资金的议案》 9.00元
（3）在“委托股数”项下填报表决意见，1股代表同意，2股代表反对，3股代表弃权。表决意见对应的申报股数如下：
表决意见种类 对应的申报股数
同意 1股
反对 2股
弃权 3股
（4）对同一议案的投票只能申报一次，不能撤单；
（5）不符合上述规定的申报无效，深圳证券交易所交易系统作自动撤单处理，视为未参与投票。
投票举例：股权登记日持有“中钢天源”A股的投资者拟对议案一《关于公司符合发行股份购买资产并募集配套资金条件的议案》投同意票，其申报如下： 投票代码 买卖方向 申报价格 申报股数
362057 买入 1.00 1股
如某投资者对本次网络投票的议案拟投反对票或弃权票，只需将前款所述的申报数改为2股或3股，其它内容相同。

展开阅读全文"
我在想，万一大股东今天忘记投票了，年报被否决了，该怎么办呀？想想都好担心。,"https://guba.eastmoney.com/news,002057,339472991.html",2016-04-22 16:55:50,我在想，万一大股东今天忘记投票了，年报被否决了，该怎么办呀？想想都好担心。
中钢天源:重大事项停牌进展公告,"https://guba.eastmoney.com/news,002057,331593007.html",2016-04-19 16:59:52,"公告日期：2016-04-20
证券代码：002057 证券简称：中钢天源 公告编号：2016-029

中钢集团安徽天源科技股份有限公司

重大事项停牌进展公告

本公司及董事会全体成员保证公告内容真实、准确和完整，并对公告中的虚假记载、误导性陈述或者重大遗漏承担责任。

中钢集团安徽天源科技股份有限公司（以下简称“公司”）于2016年3月29日收到公司控股股东中国中钢股份有限公司（以下简称“中钢股份”）通知，中钢股份认为公司实际控制人中国中钢集团公司正处于债务重组过程中，收到中钢集团金融机构债权人委员会函件将对公司本次重大资产重组产生不利影响。经申请，公司股票已于2016年3月30日开市起停牌至今，并于2016年3月30日发布了《重大事项停牌公告》，于2016年4月7日、2016年4月13日发布了《重大事项停牌进展公告》。上述公告已刊登在《证券时报》、《中国证券报》、《上海证券报》及巨潮资讯网（http://www.cninfo.com.cn）上。

截止目前，中钢股份与中钢集团金融机构债权人委员会的沟通仍在进行中，进一步工作仍在继续推进中。鉴于该事项存在不确定性，为切实维护投资者利益，经申请，公司股票于2016年4月20日开市起继续停牌。停牌期间，公司将根据相关规定在公司法定披露媒体《证券时报》、《中国证券报》、《上海证券报》及巨潮资讯网（www.cninfo.com.cn）及时履行信息披露义务，因该事项存在不确定性，敬请广大投资者注意投资风险。

公司将在了解上述情况的后续进展后按照相关规定及时履行信息披露义务并复牌。

特此公告。

中钢集团安徽天源科技股份有限公司

董事会

2016年4月20日


[点击查看PDF原文]
提示：本网不保证其真实性和客观性，一切有关该股的有效信息，以交易所的公告为准，敬请投资者注意风险。"
"中钢天源 ,复牌后预计 ,第一目标位 13.17 ,第二目标位 14.36 ","https://guba.eastmoney.com/news,002057,339446344.html",2016-04-22 15:50:23,"看空的这么多真开心
中钢天源,复牌后预计 ,第一目标位 13.17 ,第二目标位 14.36

周五收盘评：今天我定义为下跌中途的缩量反弹，量够低，但是价不低。代表有没人抛，也没有人买，大家都等下一步结果。但是这里又不是十字星，说明，今天参与的都是博短差的。博周末是否降准。上午不敢买。午盘后，缓缓买，一步三回头，生怕下午几个小时砸盘。到最后，看到没有人砸盘，就拉起来了。尤为突出的是，沪港通，最后5分钟，流入2.84亿（整个周五全天都是流出，最后流入，可见都在赌周末）。创业这几天跌的多，今天涨的比主板也多一些。但是今天主板，创业板，收盘价都在前天大跌的 收盘下。说明今天的买入者只是先搏差价，不想给大跌那天的人解套。看指标，主板和创业板，60分钟，kdj开始向上，macd有起好迹象。代表下周的上半周可能有小肉吃。但是只要再跌一下，指标就又坏了。创业板前期的2个缺口补掉了，暂时安全。下周展望：由于所有日线级别指标都不好了，所以定义为下跌趋势中。下跌趋势的做法是 低买，高卖，反弹必须卖出，只要你卖出，肯定有低点给你买。日线级别MACD，0轴上死叉，一年不会有几次，看到了，就100%要调整1-2个月了。静心等待指标走好吧。提示一下，做T和短差的，一般都不会有好结果。几次赚的，也会被亏回来。下跌过程中，最好就是安静等待。再等几天，创业板坐实跌破60天后还有一跌的。我没有看到安全点，我不买。"
今天投票吗？,"https://guba.eastmoney.com/news,002057,339212348.html",2016-04-22 10:31:26,今天投票吗？
十牛，不要老是唧唧歪歪 你只要说，现在看多还是看空。如果重组不满意，直接卖股票走,"https://guba.eastmoney.com/news,002057,338758814.html",2016-04-22 02:20:11,"十牛，不要老是唧唧歪歪
你只要说，现在看多还是看空。如果重组不满意，直接卖股票走人。至于是否投票，各股民自愿。不一定非要和你一致。股民对怎么重组不太介意，倒是债主对如何重组十分在意。股民不满，卖了就行，看好他就买并拿好。你即使投反对票，重组失败，股价会涨？如果重组成功，股价会跌？股民最关心股价，其他扯蛋。"
这中钢从13年死磕到现在只涨一倍值得不？还准备否决以后再磕几年赌重组？,"https://guba.eastmoney.com/news,002057,337759921.html",2016-04-21 16:06:19,做股票不要执着了，除了这个还有几千只股票在外面。有赚就行了。
那些说中钢天源坏话的人你们究竟买中钢天源的股票没有？,"https://guba.eastmoney.com/news,002057,335652431.html",2016-04-20 22:40:24,如果你们重仓中钢天源的股票，你们还会这样呼唤大家反对中钢天源重组吗？想搞不懂你们几个究竟是怎么想的。当然，在这股吧里面呼叫有个屁用。
顶十牛，投反对票！中钢必须提出一个使广大股民都能接受的重组预案，而不是如今这个打,"https://guba.eastmoney.com/news,002057,337965685.html",2016-04-21 17:47:00,顶十牛，投反对票！中钢必须提出一个使广大股民都能接受的重组预案，而不是如今这个打包资产良莠不齐，漏洞百出的东西。
中钢天源停牌的真正原因是...,"https://guba.eastmoney.com/news,002057,337651255.html",2016-04-21 15:15:22,中钢天源停牌的真正原因是.怕公布来函.股下价下跌.被场外资金吸足码失去控股权..否定了重组废方案...
打算投反对票的，到这里来报个到。,"https://guba.eastmoney.com/news,002057,330604692.html",2016-04-19 08:27:36,"我不像十牛那么厉害，能查到那么多的数据，但是这么简单的道理我还是明白的。

中钢集团是中钢天源的大股东，而中钢集团旗下其他企业的债务问题，属于大股东的私债，与中钢天源无关。不可能中钢天源所有的股东来为大股东还私债，就如同中钢集团不会为小股东们还房贷车贷是一个道理。

如果中钢集团真的资不抵债了，可以质押或者变卖掉其在中钢天源里的股份股权，或者将中钢天源卖壳，来为其还自己的私债。做为一个既有的企业，不会因为大股东易主了而影响到实际的业绩收入，反而如果让中钢天源牺牲掉自己的业绩只为帮大股东还私债的话，那么就等同于为了大股东而牺牲了所有股东的利益。

有一百股，你也算中钢天源的股东，你愿意牺牲掉自己的利益来为大股东们还债吗？如果不愿意，那就投反对票。就是这么简单的道理，如果还有人在那帮着中钢集团鼓吹的话，不是智力不健全，那就只能怀疑你们的用心了。"
还不开盘，这些天稀土永磁涨疯了。,"https://guba.eastmoney.com/news,002057,337371398.html",2016-04-21 10:45:59,还不开盘，这些天稀土永磁涨疯了。
卖壳吧,"https://guba.eastmoney.com/news,002057,337334719.html",2016-04-21 10:13:09,大股东居心叵测，如果真想中钢天源好，就装点值钱的东西进来，否则，还真不如卖壳算了！看看这两天的稀土永磁板块，涨的时候他停牌了，到跌的时候就出来，一帮窝囊废领导！
为什么每次发贴都失败,"https://guba.eastmoney.com/news,002057,337279357.html",2016-04-21 09:34:59,为什么每次发贴都失败
25曰能复牌吗？,"https://guba.eastmoney.com/news,002057,337200286.html",2016-04-21 09:02:23,25曰能复牌吗？
中银新机遇灵活配置混合型证券投资基金2016年第1季度报告,"https://guba.eastmoney.com/news,002057,335567382.html",2016-04-20 21:55:11,"公告日期：2016-04-21
　　中银新机遇灵活配置混合型证券投资基金
2016年第1季度报告
2016年3月31日
基金管理人：中银基金管理有限公司
基金托管人：兴业银行股份有限公司
报告送出日期：二〇一六年四月二十一日
第1页共13页
1重要提示
基金管理人的董事会及董事保证本报告所载资料不存在虚假记载、误导性陈述或重大遗漏，并对其内容的真实性、准确性和完整性承担个别及连带责任。
基金托管人兴业银行股份有限公司根据本基金合同规定，于2016年4月19日复核了本报告中的财务指标、净值表现和投资组合报告等内容，保证复核内容不存在虚假记载、误导性陈述或者重大遗漏。
基金管理人承诺以诚实信用、勤勉尽责的原则管理和运用基金资产，但不保证基金一定盈利。
基金的过往业绩并不代表其未来表现。投资有风险，投资者在作出投资决策前应仔细阅读本基金的招募说明书。
本报告中财务资料未经审计。
本报告期自2016年1月1日起至3月31日止。
2基金产品概况
基金简称 中银新机遇混合
基金主代码 002057
基金运作方式 契约型、开放式
基金合同生效日 2015年11月19日
报告期末基金份额总额 1,174,408,330.64份
投资目标 本基金重点把握中国经济新常态下，经济结构转型升级过
程中的投资机遇，在严格控制风险的基础上，力求实现基
金资产的长期稳健增值。
投资策略 本基金前瞻性地研究经济结构转型升级过程中政策、产业
和行业的发展变化，重点关注国有企业、金融、能源、价
格、教育、医疗等核心改革领域，各大新兴产业，以及
“一带一路”、自贸区等区域开发，挖掘具有中长期发展机
遇和投资价值的个股。本基金将采用“自上而下”与“自下
而上”相结合的主动投资管理策略，将定性分析与定量分
析贯穿于大类资产配置、......
[点击查看PDF原文]
提示：本网不保证其真实性和客观性，一切有关该股的有效信息，以沪深交易所的公告为准，敬请投资者注意风险。"
MD，争取21日收到债权人的书面含，最晚不晚于25日复盘，明天就21号了，看你怎,"https://guba.eastmoney.com/news,002057,331659225.html",2016-04-19 17:37:08,MD，争取21日收到债权人的书面含，最晚不晚于25日复盘，明天就21号了，看你怎么去向证监会解释。
今天有会有公告吗？,"https://guba.eastmoney.com/news,002057,335006414.html",2016-04-20 16:45:53,今天有会有公告吗？
今天稀土永磁集体发力啊 NND 错过几波行情了,"https://guba.eastmoney.com/news,002057,334821103.html",2016-04-20 14:40:31,[不屑]
大盘不好这货马上复牌了要，一起吃跌停吧[大笑],"https://guba.eastmoney.com/news,002057,334478872.html",2016-04-20 11:31:37,大盘不好这货马上复牌了要，一起吃跌停吧
明摆着中钢天源和庄家勾结打压股价,"https://guba.eastmoney.com/news,002057,334722999.html",2016-04-20 13:01:11,散户们顶起来不要让他们拿到廉价筹码
继续撕天源，重组失败是利空,"https://guba.eastmoney.com/news,002057,331519595.html",2016-04-19 16:18:23,现在有的人认为否决重组是利好，可以涨停。这个股票的价格是由壳价值和重组预期组成，少了重组预期会不跌？还有人举了重组否决上涨的例子，你怎么不举成飞集成、重庆啤酒，去年徐翔案牵涉的那些重组失败的例子？不要你想否决重组就挖空心思找理由，欢迎来撕
呵呵，又删我帖子？,"https://guba.eastmoney.com/news,002057,322330833.html",2016-04-13 22:15:56,我们有自己的判断，如果你有好的依据，也可以拿出来大家探讨。比如，你认为天源此次停牌合理吗？有依据吗？债权人所发的函的具体内容是什么？交易所有规定，不可就同一件事进行两次停牌天，那么我问你，此次停牌是否于重组有关？算不算重复停牌？如果不算，那么债权人是天源的债券人吗？如果不是天源的债权人而是中钢集团的债券人，那么为何只停牌天源不停牌国际？媒体爆料天源此次重组涉及高估值收购公司，利益输送，如果是造谣，不属实，中钢为何不拿起法律武器？为何只是发一个文字游戏的澄清公告？各种说不通，各种隐晦，各种不透明，仅仅靠文字游戏就忽悠中小投资者了？别人我管不了，反正我上面提的问题，没有合理解释的话，此次重组我必定投反对票，用我的唯一能用的方式来维护我的合法权益而已！
黔驴技穷了……,"https://guba.eastmoney.com/news,002057,329133147.html",2016-04-18 15:59:31,我看有枪手聚散把10年的帖子都顶起来了，看来真是黔驴技穷了…可能中钢集团对于媒体和小散的质疑，已经无法解释了，蒙混过关的如意算盘落空了，请来枪手帮唱也不知从何下手了，真是悲哀……做为一个上市企业，一不想着搞好公司业绩，二不想着维护股东利益，用惦记着那些歪门邪道，落到今天这种尴尬的局面，也只能说是自作孽了……希望管理层好好换换血吧，该调整一下中钢的管理层了，多提拔一些做实事的，国企改革，不是弄虚作假的圈钱，而是要想方设法把企业改活，做大！像现在中钢天源重组方案这种做法，就是在钻国改政策的空子，想方设法的捞一笔，对企业本身的发展没有任何好处，相出这种办法和方案的企业管理层，就是企业的蛀虫！
我在湖南特才评估报告中发现的问题比中唯公司严重。将在即将推出的《关于拟注入公司湖,"https://guba.eastmoney.com/news,002057,330797820.html",2016-04-19 10:04:28,我在湖南特才评估报告中发现的问题比中唯公司严重。将在即将推出的《关于拟注入公司湖南特材的几点疑问》予以阐述，敬请期待。
水均益请不来了，就请水军吧。,"https://guba.eastmoney.com/news,002057,331009377.html",2016-04-19 11:58:51,中小股东一定要擦亮眼睛，要有明辨是非的能力。大家可以看看西部材料，北矿磁材的价格，同样的题材，同样是国企，可见机构并不看好重组。
中钢天源低迷的股价证明市场不看好大股东的重组方案,"https://guba.eastmoney.com/news,002057,330877930.html",2016-04-19 10:53:32,"中钢天源低迷的股价说明了一切！市场不看好大股东的重组方案，已经用脚投票，导致天源股价上不去，极大的损害了散户利益。所以，散户一定要投反对票，坚决否定大股东的重组方案。
否定大股东的重组方案,坚决要求卖壳，让股价像世纪游轮一样一飞冲天才符合全体股东的利益。"
希望债权人委员会控股卖壳，最好卖给中概股,"https://guba.eastmoney.com/news,002057,330659177.html",2016-04-19 08:51:58,希望债权人委员会控股卖壳，最好卖给中概股
最近有一个江西吉安手机股友，在中钢天源不断发帖，也用尽了各种言语质疑和催促中钢天,"https://guba.eastmoney.com/news,002057,322310201.html",2016-04-13 21:49:36,最近有一个江西吉安手机股友，在中钢天源不断发帖，也用尽了各种言语质疑和催促中钢天源尽快复牌，但我在此提醒大家，此人言语只应当代表他自己的看法，也很可能是因为急需用钱或者只是个炒短线者，其他股友切勿一味跟风，每个人都应该自己去看相关资料并有自己的看法和判断。仅此而已。
中钢究竟在搞什么？有没有知情的人来透口气嘛,"https://guba.eastmoney.com/news,002057,329535302.html",2016-04-18 22:36:52,大盘涨得这么好，中钢莫名其妙地被关了，很担心放出来的时候正是大盘大跌之时。就像深康佳，关了这么久，放出来套死小散一大堆，这种垃圾国企股害死人啊
25号开盘.5个涨停.5月1去旅游。,"https://guba.eastmoney.com/news,002057,328783590.html",2016-04-18 10:51:12,不要问为什么！我想静静！
我保持中立，静观其变，总之这么小的盘，这么低的价，抢的人总是多的，复牌赚钱走人,"https://guba.eastmoney.com/news,002057,318390713.html",2016-04-12 07:20:16,我保持中立，静观其变，总之这么小的盘，这么低的价，抢的人总是多的，复牌赚钱走人
好久没来呢，等开盘小钢钢必买5成仓位冲喜！！,"https://guba.eastmoney.com/news,002057,328824776.html",2016-04-18 11:22:58,
大家自己动脑思考吧，事实说话，换位思考！,"https://guba.eastmoney.com/news,002057,324843338.html",2016-04-16 15:13:35,呵呵，看来中钢找了不少抢手来吧里唱多支持重组哈，而且还特意用了假ip化身江西网友，太有趣了，大家可千万别被忽悠了啊。本次重组并购的公司资产评估不清不楚，业绩承诺含含糊糊，就连我们小股东最基本的知情权都被肆意践踏了，还能指望大股东们为我们创造利润？别傻了好吧！如果大股东们不是为了自己的利益要牺牲我们，那他们为什么把重组弄的如此扑朔迷离欲盖弥彰呢，如此的不透明又为了什么呢？如果那么利好，又有何不可公之于众的呢？大家都用自己的脑袋好好思考一下吧！还有，媒体曝光了这么大的利空，明眼人都看的出来，居然还有人唱多支持重组，可见其用心多么歹毒了！如果说媒体曝光的不是真相，是造谣，这么关键的时期，中钢的大股东会不用法律武器维护自己？如果你是大股东会只发个含含糊糊的公告澄清就完事了？之所以不敢告人家，是因为人家说对了，打官司也打不过人家，懂不？就说这么多，自己思考吧，反正我的十几万股必投反对票！没的商量，尽自己的绵之力来尽力维护自己的合法权益！
这些让大家投反对票的是些什么人？,"https://guba.eastmoney.com/news,002057,317064595.html",2016-04-11 21:23:19,这些人为什么要在这里疯狂叫嚣让大家投反对票？我不懂！
要想天源卖个好价钱，就投票否定大股东的重组方案,"https://guba.eastmoney.com/news,002057,327091304.html",2016-04-17 16:04:32,大股东的重组方案是把垃圾资产高价卖给天源，那就会使天源的股价向下沉沦、永无翻身之日。一旦散户否决了大股东的重组方案，股价最少张10块。
中钢天源:对深圳证券交易所关注函的回复公告,"https://guba.eastmoney.com/news,002057,322176035.html",2016-04-13 19:47:09,"公告日期：2016-04-14
证券代码：002057 证券简称：中钢天源 公告编号：2016-028

中钢集团安徽天源科技股份有限公司

对深圳证券交易所关注函的回复公告

本公司及董事会全体成员保证公告内容真实、准确和完整，并对公告中的虚假记载、误导性陈述或者重大遗漏承担责任。

特别提示：公司重大资产重组事项尚存在不确定性，请广大投资者注意投资风险。

中钢集团安徽天源科技股份有限公司（以下简称“公司”）重大资产重组方案已经公司董事会审议通过，并获国务院国有资产监督管理委员会批复。鉴于该事项存在重大不确定因素，为了维护投资者利益，避免对公司股价造成重大影响，公司股票（证券简称：中钢天源；证券代码：002057）自2016年3月30日开市起停牌至今。详见公司于2016年3月30日在《中国证券报》、《证券时报》、《上海证券报》和巨潮资讯网（http://www.cninfo.com.cn）上披露的《重大事项停牌公告》。

公司于2016年4月7日收到深圳证券交易所（以下简称“深交所”）《关于对中钢集团安徽天源科技股份有限公司的关注函》（中小板关注函【2016】第66号，以下简称“关注函”）。根据关注函的要求，经征询有关单位，公司对关注函中有关事项回复说明如下：

一、关于中钢集团与中钢集团金融机构债权人委员会的沟通进展情况

中国中钢集团公司（以下简称“中钢集团”）自2016年3月25日收到中钢集团金融机构债权人委员会（以下简称“债委会”）发来的《关于对中钢天源重大资产重组事项的函》后，由中钢股份根据相关规定将收到债委会来函事宜通知了本公司，本公司根据信息披露的相关规定于2016年3月30日于《证券时报》、《中国证券报》、《上海证券报》及巨潮资讯网（http://www.cninfo.com.cn）发布了《关于重大资产重组的风险提示公告》和《重大事项停牌公告》，公司股票于当日开市起停牌。

中钢集团自2016年3月25日收到债委会来函后进一步加大了与债委会及相关直接金融债权人的沟通力度，于2016年3月30日向债委会递交了《<关于对中钢天源重大资产重组事项的函>之回函》，恳请债委会尽快给予书面明确意见。目前沟通仍在进行中，尚未获得债委会的书面明确意见。

二、申请股票继续停牌的必要性

鉴于中钢集团与债委会的沟通仍在进行中，该事项尚有不确定性，预计股价将不可避免产生波动，为了维护中小投资者的利益，本公司申请股票继续停牌。

三、下一步工作计划及预计复牌时间

本公司将继续督促中钢集团与债委会进行积极沟通，力争最晚在2016年4月21日前获得债委会的书面意见。

公司承诺复牌时间不晚于2016年4月25日。停牌期间，公司按规定将履行信息披露义务。

特此公告。

中钢集团安徽天源科技股份有限公司

董事会

2016年4月14日


[点击查看PDF原文]
提示：本网不保证其真实性和客观性，一切有关该股的有效信息，以交易所的公告为准，敬请投资者注意风险。
展开阅读全文"
不管什么数据支撑。现在这逼股，公告了几次重组进度，每次看似都是利好，每次都跌。看,"https://guba.eastmoney.com/news,002057,324707606.html",2016-04-16 10:53:48,不管什么数据支撑。现在这逼股，公告了几次重组进度，每次看似都是利好，每次都跌。看来重组不是什么好玩意儿！那就去特么投反对票，否决重组，重组成功又能有几个板？
十牛，你究竟有多少万股中钢嘛？分析得这么透彻,"https://guba.eastmoney.com/news,002057,324953877.html",2016-04-16 18:34:38,"随便你怎么叫，号召散户投反对票根本就没有任何作用，最后的结果是那帮人想怎么搞就怎么搞。该怎么通过就怎么通过。我在ST贤成，现在的青海春天上就吃过这种亏。
看看深康佳A，放出来后就是套人的。"
关于此次重组方案以及债务重组的一些个人见解，正确与否请自行动脑分析。,"https://guba.eastmoney.com/news,002057,325088134.html",2016-04-16 22:12:08,"下面我说一下，关于此次中钢天源的重组方案以及债务重组的个人见解，至于分析的是否正确，各位请自行动脑思考。

首先，我感觉此次债权人和散户小股东，是站在同一个战线的，原因如下：此次中钢集团的债务重组，应该是等额债权转股权的形式进行的。那么，中钢集团的债权人肯定不是单一的债权人，里面自然有国有银行债权人以及民间资金债权人。做为银行债权人是愿意为国企分忧的，不会计较利益得失，甚至愿意为中钢集团免去一部分债务，但是做为民间资金的债权人，是要计较利益得失的。如果此次天源重组高估值了被收购的公司，那么债权人在等额债权转股权的情况下，股权就会被稀释，道理很简单，同样一百万股的话，正常情况下如果占公司1%的股份，在中钢集团两倍高估值被收购的公司后，就只占0.5%的股份了，债权人的利益收到了稀释和冲击，大股东可能变小股东，小股东可能变大散或小散了，就这个道理。

其次，也许会有人问，这跟我们小散有什么关系呢？是的，我们小散所占的股份很少，稀释与否都起不到什么决定的作用。但是有一点，越高的估值，就面临越大额的增发，股票的盘子就会越大。盘子大了，游资是搞不动的，游资对于自己搞不动的盘子是绝对不会沾手的。那么除了游资，就只剩下大型机构的资金可以介入了。

好，我们来分析一下机构是否会介入。此次重组方案中，中钢天源对未来业绩和利润的预期真可谓是含糊其辞，欲盖弥彰啊，甚至可以说，一变再变，都没有任何明确的盈利承诺，甚至在方案里我们可以看见，对中钢制品院这个标的的收购，竟然是亏损的，是利润不断下滑的。我们姑且不谈此次中钢天源重组的真正目的，单凭这种业绩预期来讲，是不会有大机构的资金愿意介入的。没有了游资，又没有机构大资金介入，那么这就是一只烂票了，股价可想而知会是一种什么样的走势，而股价的走势，正是直接关系到小散们利益得失的关键所在。

好了，说到这，可能又会有人说了，盘子大了，一样可以玩，中石油那么大的盘子，不是一样有人在玩嘛。是的，什么样的股票，都是可以玩的，也都是可以投资的，但是可能各位不记得了，当初中石油小盘子的时候是什么样价格，现在又是什么价格，在这个价格的变动中有多少血淋淋的故事，宋丹丹的白云黑土的小品我想很多人都看过吧。很庆幸，可能很多人没有赶上那个年代，但是你们赶上了中钢天源的这次重组，情况可能没有那么严重，但是性质是一样的，损失是必然的。

最近吧里很多人说我居心叵测，我姑且不把他们列为枪手。我居心叵测了吗？十几万股而已，别说小股东，甚至我连大散都算不上，我只是拿着自己的血汗钱，靠着自己的经验分析着，做一些投资来尽量改善生活环境罢了。我号召投反对票，对于大股东来说，可能是居心叵测了，因为我损害了他们的利益，但是做为小散，我只是在维护自己的合法权益和维护自己的利益罢了。

现在中钢天源是一只什么样的股票，高市盈率率，中等业绩，小盘子，这是多么好的优势。好吧，重组如果对于公司发展来说，是必须和必然的话，那么至少也要是优质资产的重组，至少也要有合理且合格的业绩预期，有正常的利润收入预期，而不是含糊不清，甚至像中钢制品院那样收过来直接亏损，如果这样的话，重组之后，中港天源就变成了一只低市盈率，业绩差，或者亏损，而且大盘子的股票了，还有人认为这样的重组之后股票会大涨吗？南车北车重组了，大涨了吗？各位都有心有脑袋，自己思考一下看。。。

至于债权人，我想诉求也很简单，要么转股权后出掉股票套现，要么占一部分合理股份分红，肯定是那条路都走不通，才会被逼急了，闹翻了。人家也不是傻子，发现自己被玩了之后，肯定不干。

还是那句话，资本市场里，只讲利益，不谈感情。既然此次重组方案不是很合理，伤害到了小散的利益，那么我在此号召小散们在股东大会上投否决票否决此次重组方案。至于我说的是否有道理，分析的是否正确，各位都是成年人了，可以自行分析，然后做决定。"
不管怎样！都是好菜！,"https://guba.eastmoney.com/news,002057,326327992.html",2016-04-17 09:27:01,不管怎样！都是好菜！
请公司公开《中钢集团金融机构债权人委员会《关于对中钢天源重大资产重组事项的函》》,"https://guba.eastmoney.com/news,002057,916378961.html",2016-05-04 09:04:00,"请公司公开《中钢集团金融机构债权人委员会《关于对中钢天源重大资产重组事项的函》》，里面的信息对于我们中小投资者判断股票复牌后的走势至关重要。如果该函有损中钢天源以及天源股东的利益，我们自会拿起法律武器维权，不需要公司以“保护投资者”为借口剥夺我们作为股东的知情权。
中钢天源
中钢天源：公司股票已复牌，详见相关公告，谢谢理解。
(来自深交所互动易)答复时间 2016-05-04 09:04:00"
请问，重组方案中中钢制品院的合并利润表里2015年，2014年以及2013年的扣,"https://guba.eastmoney.com/news,002057,916378006.html",2016-05-04 11:36:00,"请问，重组方案中中钢制品院的合并利润表里2015年，2014年以及2013年的扣除非经常性损益后归属于母公司所有者的净利润仅为442.47万元，217.66万元以及456.75万元，怎么那么低？非经常性损益有哪些？
中钢天源
中钢天源：请参见制品院审计报告报表附注64页、65页关于营业外收支的明细。
(来自深交所互动易)答复时间 2016-05-04 11:36:00"
请问公司重组后，公司的董事会和管理层会发生变化吗？如果不会，公司管理层打算如何异,"https://guba.eastmoney.com/news,002057,916379000.html",2016-05-04 08:58:00,"请问公司重组后，公司的董事会和管理层会发生变化吗？如果不会，公司管理层打算如何异地管理中钢制品院，中唯公司，湖南特材以及中钢投资？
中钢天源
中钢天源：公司重组事项尚未完成，正在进行中，对于后期管理层变动及相关标的公司管理方面的问题暂未予讨论。
(来自深交所互动易)答复时间 2016-05-04 08:58:00"
已经出公告了，4月22号开股东大会，,"https://guba.eastmoney.com/news,002057,324171358.html",2016-04-15 20:34:40,已经出公告了，4月22号开股东大会，
中钢天源复牌走势如何？,"https://guba.eastmoney.com/news,002057,324158047.html",2016-04-15 20:13:14,大概率封涨停板。原因是这段时间壳股走势火爆，无论重组结果如何都会补涨。
十牛看过来 中钢债务重组已上报国务院，包括债务延期，债务减免和债转股，对天源来说,"https://guba.eastmoney.com/news,002057,323865701.html",2016-04-15 11:39:35,"十牛看过来
中钢债务重组已上报国务院，包括债务延期，债务减免和债转股，对天源来说岂不是重大利好"
中钢力拓恰那合营铁矿再续约5年供应中钢7000万吨铁矿石14日下午，中钢力拓就恰,"https://guba.eastmoney.com/news,002057,323624734.html",2016-04-15 08:02:41,"
中钢力拓恰那合营铁矿再续约5年供应中钢7000万吨铁矿石14日下午，中钢力拓就恰那铁矿合营项目二次续约。连同新签署的包销合同在内，未来5年内，力拓将向中钢集团供应7000万吨高品质低成本的铁矿石产品。对于一年多来债务缠身、现金流承压的中钢集团，这无疑是一个巨大利好。"
就怕复牌的时候，已经不炒小盘股了,"https://guba.eastmoney.com/news,002057,322387896.html",2016-04-13 23:49:39,这几天中钢天源不知招惹了什么人，吧里全是莫名其妙的叫嚣
中钢天源:中天运会计师事务所(特殊普通合伙)关于媒体新闻的会计师意见,"https://guba.eastmoney.com/news,002057,322177262.html",2016-04-13 19:47:56,"公告日期：2016-04-14
中钢天源:中天运会计师事务所(特殊普通合伙)关于媒体新闻的会计师意见
[点击查看PDF原文]
提示：本网不保证其真实性和客观性，一切有关该股的有效信息，以交易所的公告为准，敬请投资者注意风险。"
什么时候投票,"https://guba.eastmoney.com/news,002057,322912785.html",2016-04-14 13:12:46,什么时候投票
钟格在林股份中也是十大股东之其一，其是牛散吗？,"https://guba.eastmoney.com/news,002057,322783126.html",2016-04-14 10:32:40,钟格在林股份中也是十大股东之其一，其是牛散吗？
中钢天源:重大事项停牌进展公告(2016/4/13),"https://guba.eastmoney.com/news,002057,319246970.html",2016-04-12 17:04:16,"公告日期：2016-04-13
证券代码：002057 证券简称：中钢天源 公告编号：2016-026

中钢集团安徽天源科技股份有限公司

重大事项停牌进展公告

本公司及董事会全体成员保证公告内容真实、准确和完整，并对公告中的虚假记载、误导性陈述或者重大遗漏承担责任。

中钢集团安徽天源科技股份有限公司（以下简称“公司”）于2016年3月29日收到公司控股股东中国中钢股份有限公司（以下简称“中钢股份”）通知，中钢股份认为公司实际控制人中国中钢集团公司正处于债务重组过程中，收到中钢集团金融机构债权人委员会函件将对公司本次重大资产重组产生不利影响。经申请，公司股票已于2016年3月30日开市起停牌至今，并于2016年3月30日发布了《重大事项停牌公告》，于2016年4月7日发布了《重大事项停牌进展公告》。上述公告已刊登在《证券时报》、《中国证券报》、《上海证券报》及巨潮资讯网（http://www.cninfo.com.cn）上。

截止目前，中钢股份与中钢集团金融机构债权人委员会的沟通仍在进行中，进一步工作仍在继续推进中。鉴于该事项存在不确定性，为切实维护投资者利益，经申请，公司股票于2016年4月13日开市起继续停牌。停牌期间，公司将根据相关规定在公司法定披露媒体《证券时报》、《中国证券报》、《上海证券报》及巨潮资讯网（www.cninfo.com.cn）及时履行信息披露义务，因该事项存在不确定性，敬请广大投资者注意投资风险。

公司将在了解上述情况的后续进展后按照相关规定及时履行信息披露义务并复牌。

特此公告。

中钢集团安徽天源科技股份有限公司

董事会

2016年4月13日


[点击查看PDF原文]
提示：本网不保证其真实性和客观性，一切有关该股的有效信息，以交易所的公告为准，敬请投资者注意风险。"
中钢天源:关于延期回复深圳证券交易所关注函的公告,"https://guba.eastmoney.com/news,002057,316857780.html",2016-04-11 19:26:20,"公告日期：2016-04-12
证券代码：002057 证券简称：中钢天源 公告编号：2016-025

中钢集团安徽天源科技股份有限公司

关于延期回复深圳证券交易所关注函的公告

本公司及董事会全体成员保证公告内容真实、准确和完整，并对公告中的虚假记载、误导性陈述或者重大遗漏承担责任。

中钢集团安徽天源科技股份有限公司（以下简称“公司”）重大资产重组方案已经公司董事会审议通过，并获国务院国有资产监督管理委员会批复。鉴于该事项存在重大不确定因素，为了维护投资者利益，避免对公司股价造成重大影响，公司股票（证券简称：中钢天源；证券代码：002057）自2016年3月30日开市起停牌至今。详见公司于2016年2月25日、2016年3月22日、2016年3月30日和2016年4月7日在《中国证券报》、《证券时报》、《上海证券报》和巨潮资讯网（http://www.cninfo.com.cn）上披露的相关公告。

公司于2016年4月7日收到深圳证券交易所（以下简称“深交所”）《关于对中钢集团安徽天源科技股份有限公司的关注函》（中小板关注函【2016】第66号，以下简称“关注函”）。关注函要求公司说明中国中钢集团公司与中钢集团金融机构债权人委员会的沟通进展情况、申请股票继续停牌的必要性、下一步工作计划和预计复牌时间，并在2016年4月12日前向贵所提交书面说明材料并对外披露。

鉴于关注函要求的说明材料准备、方案制定尚需要时间，现将向深交所提交书面说明材料并对外披露的时间延期到2016年4月14日前。

公司重大资产重组事项尚存在不确定性，请广大投资者注意投资风险。

特此公告。

中钢集团安徽天源科技股份有限公司

董事会

2016年4月12日


[点击查看PDF原文]
提示：本网不保证其真实性和客观性，一切有关该股的有效信息，以交易所的公告为准，敬请投资者注意风险。"
5月3日之前复牌的概率是0,"https://guba.eastmoney.com/news,002057,321246097.html",2016-04-13 10:19:35,大股东原先以为可以本月13日复牌，没想到债权人这次铁了心死磕，国际股价也被刻意打压，继续低位质押即意味付出更多成本，本来到期12日的10月中钢债回售又泡汤，继续延期到5月3日。呵呵，天源的大股东哦，人算不如天算，报应啊。哈哈
肝儿颤吧，大股东！,"https://guba.eastmoney.com/news,002057,321166977.html",2016-04-13 09:43:08,欺骗小股东的阴谋暴露了！我们散户将团结起来对你的重组方案投反对票！你只有卖壳一条道！
像中钢投资的这种利润承诺比较奇怪。,"https://guba.eastmoney.com/news,002057,321511883.html",2016-04-13 12:54:33,中钢投资的利润承诺有点前无古人后无来者，你融完资，拿完钱，利润却越做越少。好像上市公司中还没有如此承诺的。那你融到的15个亿没有用在公司的发展上，难道是给大股东还债吗？那对中小股东是不公平的，大家希望这笔钱能给公司打来更好发展。而不是替大股东还账。
看到中钢国际又在打跌，本座开心的笑了,"https://guba.eastmoney.com/news,002057,319149202.html",2016-04-12 15:42:04,这样就打断国际继续高价质押的美梦，发过来对天源大大地有利，更可以增加重组的不确定性。呵呵。
再次YY一下被退市中概股借壳,"https://guba.eastmoney.com/news,002057,317622364.html",2016-04-12 02:16:37,"360如果要借壳A股，按照360私有化项目的承销商华泰联合证券的路线图（本图由波导股吧帖子借来），4月份停牌的股票很有可能被360借壳。如果停牌太晚，则借壳代价将过高。中钢天源恰好于3月30日停牌，股价还没启动。总市值仅24亿。

中钢天源可能被360借壳吗？
中钢天源可能被360借壳吗？
中钢天源可能被360借壳吗？
重要的YY要重复三遍。

方案：
1. 由债权人提供贷款，中钢股份15亿买下中钢天源所有资产和负债（注意不是股份），不存在国有资产流失。
2. 中钢天源变成净壳，同时拥有15亿现金，市值24亿，壳价值9亿。
3. 11元发行股份40亿股，购买360股权。
4. 配套增发8亿股，募集资金88亿。重组和增发成功后总股本50亿股。
5. 复牌后股价涨4倍，中钢股份和马矿院以及安徽省国资委持股增值4倍，皆大欢喜。
6. 中钢股份和马矿院减持总计3000万股股份，获得资金15亿元归还债权人提供的贷款。中钢股份和马矿院依旧持有3800万股360A股股权，价值19亿元，同时持有原中钢天源100%资产，两者合计远高于目前持有的8.2亿元中钢天源市值。
7. 中钢股份债权人获得中钢股份债转股，由于中钢股份资产中包含原中钢天源全部资产（净资产5亿），以及中钢股份拥有360股权，资产质量进一步提升，负债率进一步下降，因此由债权转得的股权大大增值。多赢！

一群酒囊饭袋，你们就不能动动脑子好好搞好重组吗？安徽国资委，你的股权对于否决原重组方案至关重要！"
被关了，不论什么关我屁事,"https://guba.eastmoney.com/news,002057,319094805.html",2016-04-12 14:53:36,在开盘之日，如果大涨就拿着，下跌跑了。投不投票都不会改变结果。
没有利润承诺吗？,"https://guba.eastmoney.com/news,002057,318876517.html",2016-04-12 11:57:01,2016年2月26日的公告不是有么？
有位股友说道：投票的事不要人云亦云，瞎表态。 债权人比中小投资者更在乎方案是否合,"https://guba.eastmoney.com/news,002057,317217034.html",2016-04-11 22:51:09,有位股友说道：投票的事不要人云亦云，瞎表态。 债权人比中小投资者更在乎方案是否合理，如果你是债权人，给你一堆垃圾当还债，你愿意么？ 所以我更关心债权人的新方案。 我觉得有道理，大家都冷静下来，静等看看后续事态的发展。
河池化工开启央企让贤新篇章。中钢，放手吧！让天源飞！,"https://guba.eastmoney.com/news,002057,310767308.html",2016-04-07 15:25:49,河池化工开启央企让贤新篇章。中钢，放手吧！让天源飞！
14日开盘，12号大股东定方案,"https://guba.eastmoney.com/news,002057,316858088.html",2016-04-11 19:26:32,14日开盘，12号大股东定方案
坚决反对重组！！！,"https://guba.eastmoney.com/news,002057,316773081.html",2016-04-11 18:32:55,坚决反对重组！！！
恭喜持有天源的股东朋友,"https://guba.eastmoney.com/news,002057,314671934.html",2016-04-10 14:58:11,"付梓钦质疑过的公司：雅本化学、世纪鼎利、汇冠股份、星河生物、蓝丰生化、精华制药，股价全部大涨！

所以，我们所要做的，就是和文章保持一致。既然是涉嫌利益输送，我们就要表态，如果不修改重组方案，我们就会在股东大会上否决重组议案。因为重组议案大股东不能投票，所以否决与否由小股东们说了算。

倒不是因为付梓钦是托或者主力，而是因为这个媒体实在是太强大了，比方我在这股吧拼命叫好或者反对都然并卵，大股东当我们是跳蚤，但是人家在媒体上一发声就不同，大股东估计现在头都大了，能不考虑改变吗？"
反对票怎么投？求指导,"https://guba.eastmoney.com/news,002057,314623092.html",2016-04-10 13:50:27,反对票怎么投？求指导
垃圾级评级快点开盘送你回老家我要出货直接砸跌停,"https://guba.eastmoney.com/news,002057,316147831.html",2016-04-11 09:21:48,垃圾级评级快点开盘送你回老家我要出货直接砸跌停
帖子被删了，不让说实话，呵呵，再发。,"https://guba.eastmoney.com/news,002057,315004727.html",2016-04-10 21:41:21,如果天源这样，向关联方利益输送，高估值收购的关键公司，而且每次又都在大盘走高的时候停牌，走低的时候复牌，如此的，非常严重的罔顾投资者小股东的利益不顾，那么，我也投反对票！跌停我也认了，绝对跟你死磕！这样天源你有些太不是人了！做为小股东和投资者，既然我们的利益没人保护，那么我们只有行驶自己唯一的权利，投反对票！
关于公司的——重组建议！！！,"https://guba.eastmoney.com/news,002057,309918443.html",2016-04-07 00:03:32,"仔细阅读公司关于发行股份购买资产并募集配套资金及关联交易预案：可只发行股份购买向中钢股份发行117,066,551股购买其持有的中钢投资100%股权，中钢投资的交易价格为132,402.27万元。至于购买其它3家的股份看来看去只能算是微利公司，为了公司的利益有舍才有得。只要中钢投资 只要中钢投资 只要中钢投资，重要的事说3遍！！！这样公司的股本也不至于扩大太多。同意的顶起！！！"
