标题,链接,发布时间,内容
一老掉牙新闻也可以这样跌？,"https://guba.eastmoney.com/news,002155,629443879.html",2017-04-17 10:01:54,"一老掉牙新闻也可以这样跌？
"
狗庄不怕抄底吗,"https://guba.eastmoney.com/news,002155,629455904.html",2017-04-17 10:17:29,狗庄不怕抄底吗
期金站稳1270后，将进入主升浪！,"https://guba.eastmoney.com/news,002155,611690206.html",2017-02-24 17:55:00,期金站稳1270后，将进入主升浪！
主力疯狂出货啊！这是怎么了？,"https://guba.eastmoney.com/news,002155,630241445.html",2017-04-18 17:53:58,主力疯狂出货啊！这是怎么了？
湖南黄金旗下矿山发生事故，湖南安监局扣压了生产许可证,"https://guba.eastmoney.com/news,002155,630240651.html",2017-04-18 17:53:38,"湖南黄金旗下矿山发生事故，湖南安监局扣压了生产许可证
果断出逃"
市场热点逐渐的开始转移，资金逐渐向其他板块活跃,"https://guba.eastmoney.com/news,002155,628890429.html",2017-04-14 18:45:47,"市场热点逐渐的开始转移，资金逐渐向其他板块活跃
"
保龄球下令立即撤离湖南黄金1000股居民,"https://guba.eastmoney.com/news,002155,630239917.html",2017-04-18 17:52:32,保龄球下令立即撤离湖南黄金1000股居民
高开高走直奔14，否则短期麻烦大了！,"https://guba.eastmoney.com/news,002155,629390186.html",2017-04-17 06:59:56,高开高走直奔14，否则短期麻烦大了！
赤峰黄金  要见红的  小湖南 就装逼,"https://guba.eastmoney.com/news,002155,629567638.html",2017-04-17 13:37:59,赤峰黄金要见红的 小湖南 就装逼
低开低走是想大暴跌吗,"https://guba.eastmoney.com/news,002155,628977882.html",2017-04-14 23:48:59,"低开低走是想大暴跌吗
"
四月危机。,"https://guba.eastmoney.com/news,002155,629291584.html",2017-04-16 17:13:03,四月危机。
我果断的割肉了,"https://guba.eastmoney.com/news,002155,630238770.html",2017-04-18 17:48:53,我果断的割肉了
还是买点中金去避避好,"https://guba.eastmoney.com/news,002155,629398633.html",2017-04-17 08:15:38,还是买点中金去避避好
啥意思11.90元要压着.....,"https://guba.eastmoney.com/news,002155,630063020.html",2017-04-18 13:26:31,啥意思11.90元要压着.....
明天低开大胆大仓，同志们,"https://guba.eastmoney.com/news,002155,629844771.html",2017-04-18 00:55:47,明天低开大胆大仓，同志们
跑跑跑 卖掉去买晋亿实业,"https://guba.eastmoney.com/news,002155,630078550.html",2017-04-18 13:46:15,跑跑跑
全部先出来趋势向下，破了12块后启稳再接回来!争取主动。这事只能无招胜有招了。,"https://guba.eastmoney.com/news,002155,629458775.html",2017-04-17 10:20:59,全部先出来趋势向下，破了12块后启稳再接回来!争取主动。这事只能无招胜有招了。
湖金星期一危险了,"https://guba.eastmoney.com/news,002155,628907698.html",2017-04-14 19:43:38,湖金星期一危险了
国际涨，你tm 跌,"https://guba.eastmoney.com/news,002155,629596125.html",2017-04-17 14:24:11,"国际涨，你tm
跌"
短期最大利好或是它,"https://guba.eastmoney.com/news,002155,628899311.html",2017-04-14 19:17:54,"短期最大利好或是它
"
山东黄金好西部黄金先后停牌。奇了怪了。,"https://guba.eastmoney.com/news,002155,629418108.html",2017-04-17 09:28:36,山东黄金好西部黄金先后停牌。奇了怪了。
黄金想做多，先回补,"https://guba.eastmoney.com/news,002155,629522455.html",2017-04-17 11:51:58,"上周黄金收盘1287一线,也成为今天的重要支撑位置,今天黄金高开低走,下方也会测试这一点的支撑力,而地缘政治问题的紧张化,也让黄金得到有效的支撑,短时间内黄金仍为一个多头趋势,今天操作上回撤1287-88一线多,损1284,目标1293-1298
　　
　　　
　　原油还是维持周评给出的操作策略.原油大周期上多头趋势依旧，短期市场因市场供求关系出现了走弱，周四收盘也报收上影线较长到锤子线，对后市的走强有一定的打压，综合来看下周预计先跌后涨的过程，上方关注53.4一线压制，下方关注52.4一线支撑即可。"
《回顾、展望作手在春天等你》.,"https://guba.eastmoney.com/news,002155,629246646.html",2017-04-16 12:07:06,见兔撒鹰，蛇打七寸
财神点金：金价见顶  再不跑就要被套了,"https://guba.eastmoney.com/news,002155,629473571.html",2017-04-17 10:42:12,"不多说，关注本人，可以去看一下昨日的分析。目前金价已见顶，日线、周线在触及压力，目前也是近几年下跌趋势的边沿位置，而且空头能量柱已经开始放量，市场也将迎来做空良机。
伦敦金操作策略：行情反弹1296-1297 空 目标1290-1285-1280 止损1300
财神本人也倾向于目前中长线空单可以进场"
"金老虎：4.11油价三阳初开迎涨声,黄金1253下方接多！","https://guba.eastmoney.com/news,002155,629348923.html",2017-04-16 22:25:52,"金老虎：4.11油价三阳初开迎涨声,黄金1253下方接多！"
调整过程可重点关注这类股,"https://guba.eastmoney.com/news,002155,628909343.html",2017-04-14 19:49:51,"调整过程可重点关注这类股
"
只此一法可以把坚果保龄球清洗出局,"https://guba.eastmoney.com/news,002155,629899619.html",2017-04-18 08:33:50,"早盘以跌停方式开盘，牢牢封死跌停。然后
坚果保龄球血压升高，心率加快，额头上渗出冷汗。然后
坚果保龄球恐慌加剧，痛哭流涕，要死的心都有了。然后
坚果保龄球实在太恐慌了，忍受不了刺激，惨痛割肉出局。然后
主力操盘手脸上露出灿烂的笑容！终于成功了！"
凉快啊，搭上了老董的顺风车,"https://guba.eastmoney.com/news,002155,629317117.html",2017-04-16 19:39:55,"凉快啊，搭上了老董的顺风车
"
不同的行情，有不同的炒股方法！,"https://guba.eastmoney.com/news,002155,628879327.html",2017-04-14 18:12:40,"不同的行情，有不同的炒股方法！
"
美副总统与韩代总统会面 双方确认尽快部署萨德,"https://guba.eastmoney.com/news,002155,629827778.html",2017-04-17 23:37:21,美副总统与韩代总统会面 双方确认尽快部署萨德
002155：湖南黄屎，关于小股东坚果对公司股份进行增持的公告,"https://guba.eastmoney.com/news,002155,629744116.html",2017-04-17 19:57:14,"002155：湖南黄屎，关于小股东坚果对公司股份进行增持的公告
因价差较大，且12.5以上割出的肉肉比大粪还多，因提款需要，经研究决定，对公司股份进行初步增持。
股市有风险，投资需谨慎，照此操作给你带来亏损，本球概无负责，特此公告。"
黄金还在涨，现价买入时很爽的,"https://guba.eastmoney.com/news,002155,629436260.html",2017-04-17 09:50:58,
今天强势涨停,"https://guba.eastmoney.com/news,002155,629915780.html",2017-04-18 09:18:31,今天强势涨停
集合竞价没进郁闷死了.........,"https://guba.eastmoney.com/news,002155,629708178.html",2017-04-17 18:14:54,不行了，走了，今天很无力，好像在出
套人，星期一跳水,"https://guba.eastmoney.com/news,002155,628712010.html",2017-04-14 13:06:13,[失望]
没有融资，湖南黄金就是死猪了,"https://guba.eastmoney.com/news,002155,628778335.html",2017-04-14 14:34:17,哈哈哈。跟中金的差距立马见效。赶紧走人，换。
金子就是金子，发光是迟早的。不离不弃，一直都在。,"https://guba.eastmoney.com/news,002155,630144208.html",2017-04-18 15:01:43,金子就是金子，发光是迟早的。不离不弃，一直都在。
天天大单砸？,"https://guba.eastmoney.com/news,002155,629991482.html",2017-04-18 11:09:38,天天大单砸？
来个万兽哥 砸砸砸使劲砸 跌停爆你局 哈哈哈,"https://guba.eastmoney.com/news,002155,629480537.html",2017-04-17 10:52:52,有意思
牛！真狠！,"https://guba.eastmoney.com/news,002155,629937049.html",2017-04-18 09:53:23,牛！真狠！
置顶湖南黄金旗下矿山安全隐患四伏 瞒报事故涉嫌信披违规,"https://guba.eastmoney.com/news,002155,629826741.html",2017-04-17 23:34:24,"【置顶】湖南黄金旗下矿山安全隐患四伏 瞒报事故涉嫌信披违规
终于有一个大利空了，我实在太恐慌了！唛唛，会不会跌停开盘，我强烈需要割肉！"
阴线怕极了 那阳线也怕吗,"https://guba.eastmoney.com/news,002155,629504613.html",2017-04-17 11:25:29,"阴线怕极了 那阳线也怕吗
"
美国原先还说要拦截中国去南海岛礁船只，最后也不了了之，证明美国也是吃软怕硬，这次,"https://guba.eastmoney.com/news,002155,629223948.html",2017-04-16 08:56:00,美国原先还说要拦截中国去南海岛礁船只，最后也不了了之，证明美国也是吃软怕硬，这次肯定不打了
不看空，跟着做，全仓不空仓。,"https://guba.eastmoney.com/news,002155,630192367.html",2017-04-18 16:16:30,
大盘起来了，加油,"https://guba.eastmoney.com/news,002155,629615376.html",2017-04-17 14:50:37,大盘起来了，加油
狂洗盘，拉升在即，握紧带血筹码。,"https://guba.eastmoney.com/news,002155,630079035.html",2017-04-18 13:47:59,狂洗盘，拉升在即，握紧带血筹码。
黄金多空争斗不休，原油趋势高空为主,"https://guba.eastmoney.com/news,002155,630190519.html",2017-04-18 16:12:11,"本周投资者需重点关注的是即将于4月23日来临的法国大选首轮投票，相信这将会是本周金融市场的焦点。目前距离法国大选首轮投票仅仅一周，勒庞、马克龙、梅郎雄和菲永的民意支持率各自差距不足4个百分点。大选前夕的局势仍极不明朗，因此任何风吹草动都极可能改变金融市场走势。

黄金白银方面：周一，包括美国在内的全球市场在结束了耶稣受难日和复活日假期以后恢复了交易，当日金属市场对地缘政治事件作出了回应。周一刚开盘，现货金银价格就直线上涨，不过在触及1295.45美元后有所下跌，最低触及1281.08美元/盎司，最终收于1284.56美元/盎司，收跌-0.44%；现货白银同样是冲高回落，最高触及18.634美元/盎司后，下探18.345美元/盎司，最终收于18.394美元/盎司，收跌-0.88%。

黄金行情走势技术分析

昨日黄金早间开盘高开高走，直接上冲1300一线，但是亚盘初市，黄金在触及1295.39一线之后开始触顶回落，日内行情虽然几经反弹，但是均受制于1292一线的压力，未能进一步创新高，午夜行情更是迎来一波暴跌，下方最低下探至1281一线，后市以小幅震荡收尾，彻底无缘千三关口。

今日早间黄金再度小幅高开，开盘便进入盘整状态，日线图看，虽然黄金昨日收阴，但是总体趋势还是呈现多头排列的，均线系统依然保持金叉上扬的状态；从小时图看，昨日黄金整体走势呈现波浪式下跌，开盘行情虽有反弹之势，但是均线系统已经死叉向下，做单方面建议反弹做空为主，上方关注1292一线的压力，下方关注1280一线的支撑。

黄金操作策略

1、反弹1292一线做空，止损1296，目标1282

2、回调1280一线不破做多，止损1276，目标1289

白银方面

白银走势同步黄金，昨日白银也是在早间高开高走，亚盘初市创下了18.65的最高点后，触顶回落，下方最低点18.35，日内跌幅还是较大的，今日白银开盘同样是进入盘整状态，白银做单思路与黄金一样反弹做空为主，上方关注18.60一线的压力，下方关注18.30一线支撑。

白银操作建议

1、反弹18.55一线做空，止损18.65，目标18.35

2、回撤18.30附近做多，止损18.20，目标18.50

原油方面

周一（4月17日）原油市场交投清淡，因受到美国页岩油产量提振的影响，油价微幅收跌。WTI原油期货收盘下跌0.43美元/桶，跌幅0.81%，报52.75美元/桶；布伦特油期货收盘下跌0.39美元/桶，跌幅0.7%，报55.5美元/桶。

技术面分析

昨日原油的行情可谓是相当的刺激，大涨大跌，亚盘原油先是迎来一波跌幅，后市进入震荡状态，欧盘也无太大波动，美盘前夕原油开启了反弹模式，创下了53.21的高位，后市立马触顶回落，走出了一大波单边下跌的行情，凌晨收盘虽有小幅反弹，但是今早开盘行情有走出了单边轨迹，虽然小幅高开，但是开盘以后原油直接走低，没有回头的余地，目前来看亚盘行情可以判定空头趋势已形成，做单方面高空为主。

原油操作建议

1、反弹52.70一线做空，止损53.00，目标52.27

2、回落52.30不破做多，止损52.00，目标52.88

3、强势下破52.30，反弹52.50做空，止损52.80，目标51.50

4、行情瞬息万变，实时做单以本人实盘指导为主

一个人只能为别人引路，不能代替他们走路，年轻不为梦想买单，老了拿什么话说当年，一花凋零荒芜不了整个春天，一次挫折也荒废不了整个人生，一次套单更加不能决定你整个投资生涯！一次之教，一生挚友，阳光4月，携手前行。
展开阅读全文"
在这多事之秋，持有黄金是避险、是对冲。,"https://guba.eastmoney.com/news,002155,630132010.html",2017-04-18 14:48:45,在这多事之秋，持有黄金是避险、是安全的。
主力还在砸,"https://guba.eastmoney.com/news,002155,630130555.html",2017-04-18 14:47:29,主力还在砸
财神点金：黄金股接二连三停盘 是庄家幕后操盘还是？,"https://guba.eastmoney.com/news,002155,630130028.html",2017-04-18 14:47:05,"大家都知道目前黄金股应该是股市表现很强势，但是从4.6号山东黄金停盘开始，再到今天西部黄金停盘，这中间究竟存在多少幕后内容，相信大家都一无所知。
昨日财神本人已经提醒大家黄金多单出场了，到了晚间金价也是大跌，最终我们也是获利10美元左右，随着避险情绪的减弱，金价还会延续跌势。原油昨日依旧延续空头跌势，日线3连阴，我们也是获利颇丰。
伦敦金：1287-1288 空 目标1281-1278-1275 止损位1292
美原油：52.70-52.8 空 目标52.50-52.30-52 止损位53"
12.01进8手，今天会不会套我？,"https://guba.eastmoney.com/news,002155,630129724.html",2017-04-18 14:46:25,12.01进8手，今天会不会套我？
黄金变成a股避险股,"https://guba.eastmoney.com/news,002155,630129332.html",2017-04-18 14:46:14,黄金变成a股避险股
手贱要吃大亏的,"https://guba.eastmoney.com/news,002155,630126893.html",2017-04-18 14:43:21,不信试试
A股的每一次下跌，都是进货的良机。,"https://guba.eastmoney.com/news,002155,630064220.html",2017-04-18 13:28:40,A股的每一次下跌，都是进货的良机。
还跌。呵呵,"https://guba.eastmoney.com/news,002155,630118885.html",2017-04-18 14:33:11,还跌。呵呵
看样子黄金股难大涨了，国家队在,"https://guba.eastmoney.com/news,002155,630114248.html",2017-04-18 14:29:36,看样子黄金股难大涨了，国家队在，大盘大跌，黄金股就拉升。
中金黄金都翻红了,"https://guba.eastmoney.com/news,002155,630111525.html",2017-04-18 14:26:45,这不是龙头股
山东黄金明天复盘、周五法国大选，下周周大生上市。看好黄金,"https://guba.eastmoney.com/news,002155,630085543.html",2017-04-18 13:54:55,山东黄金明天复盘、周五法国大选，下周周大生上市。看好黄金
呼叫卡尔文森！请报告你的坐标，请进入一级战备！随时等候进一步指令！,"https://guba.eastmoney.com/news,002155,630070039.html",2017-04-18 13:35:21,呼叫卡尔文森！请报告你的坐标，请进入一级战备！随时等候进一步指令！
贵金即将暴跌 zjh一定严惩不贷 主力不出货难道还进货么,"https://guba.eastmoney.com/news,002155,630061092.html",2017-04-18 13:24:02,跑跑跑
卖单这么大？我做股东了,"https://guba.eastmoney.com/news,002155,630056358.html",2017-04-18 13:17:44,卖单这么大？我做股东了
主力疯狂出货啊！这是怎么了?,"https://guba.eastmoney.com/news,002155,630039942.html",2017-04-18 12:42:20,主力一直在流入，骗散户筹码
好机会，抄啊,"https://guba.eastmoney.com/news,002155,630030388.html",2017-04-18 12:15:28,好机会，抄啊
买早了，套住了[哭][哭][哭],"https://guba.eastmoney.com/news,002155,630005622.html",2017-04-18 11:28:16,买早了，套住了
财神点金：再一次警告 多单再不出必被套,"https://guba.eastmoney.com/news,002155,629753302.html",2017-04-17 20:19:57,"长话短说，昨日财神本人给大家做了一下上周的复盘已经今日黄金的走势，需要的朋友可以去看一下。
特朗普已经退让，选择和平解决与朝鲜的关系，所以消除了战争的因素，避险情绪必将减弱，金价接下来将走下坡路。
伦敦金：行情反弹1288-1289 空 目标1283-1280-1275 止损位1292
财神本人建议大家可以做个中长线的空单 目标看120-1240"
怎样设止损止盈，设置止损止盈有多重要,"https://guba.eastmoney.com/news,002155,629816299.html",2017-04-17 23:00:55,"初入市场者，难免眩目于市场纷纭变化的数据和信息，历练数年后，又会困惑于庞杂的分析方法和操作流派。在经历了一次又一次相似的操作经历和困惑后。人们仍孜孜于各种方法的学习，热衷于追逐市场的每一次可能赢利。这一半是由于赢利可能性的驱动和诱惑，一半则是人类探索的天性和追求完美的本能使然。我不知道自己适不适合你，我只能说，有缘，一切都是水到渠成，我不喜欢勉强别人，也不喜欢勉强自己，遇到，是缘，错过，是命。

你的抉择，决定你的道路。你的盈利，我不懈的追求！

亏损单的形成无非以下四大原因

一、看错方向。入市后行情没有按预期的走，而是直接扑向止损。

二、止损位不合适。行情没有直接按预期的走，而是先杀了个回马枪后才又回头走向止盈，但这个回马枪打掉了止损单。

三、入市价不合适。入市属于逆市，或是虽顺势但入在了短期冲得过急的时候，行情的反扑空间很大，止损被迫放得很大，寄希望于行情不反扑或小反扑，不如愿时只好在心理压力过大的情况下提前止损了事。

四、止盈盘放得过远。行情因各种原因未能到达预测的止盈位就回头并反转扑向止损或吊在半空。

亡羊补牢为时不晚。散户、小资金投资者如果能在受挫之后客观的认识自己亏损、套单的原因，理性的去解决问题，尝试去克服技术和心态上所遇到的障碍，就能渐渐立足原油市场，找到属于自己的投资风格和获利方法。向金鑫18小时在线随时为大家提供套单解套、解锁、盈亏分析、在线解盘。

止损就是重生

从亏损的原因中可以看到止损的重要性向金鑫觉得设置止损是手段，而不是目的，我们设置止损的目的不是为了亏损，而是要降低操作风险。但控制操作风险的最有效方法并不是止损，止损只是我们控制风险的最后一道关卡，所以在设置止损之前，必须要做的事情还很多。

什么是止损

止损也叫“割肉”，是指当现货投资出现的亏损达到预定数额时，及时斩仓出局，以避免形成更大的亏损。其目的就在于投资失误时把损失限定在较小的范围内。

止损的重要性

于止损的重要性，专业人士常用鳄鱼法则来说明。鳄鱼法则的原意是：假定一只鳄鱼咬住你的脚，如果你用手去试图挣脱你的脚，鳄鱼便会同时咬住你的脚与手。你愈挣扎，就被咬住得越多。所以，万一鳄鱼咬住你的脚，你唯一的机会就是牺牲一只脚。俗话说得好：留得青山在，不怕没柴烧。止损的意义就是保证你能在市场中长久地生存。甚至有人说：止损=再生。

设置止损的方法

一、求止损点：行情一直都在波动，机会时刻都有，原因就在我们做交易前，看准了某一个位置的同时，还需要参考止损位置是否好设置，利润空间能把握多少，是否起到了以小博大的作用。这就需要重要点位的判断

二、止损的大小：可依据上面的寻求止损点中的阻力支撑来设置，这里我们所说的止损的大小更多的应依据利润空间来设置，这就是以小博大，当我们的利润空间只能看到5-8个点时，止损可控制在3个点左右;操作中长线交易止损点可适当放大，利润点在30个点以上时，止损可设置为8-10个点以上。当然止损的大小更多的参考因素还是在阻力以及支撑。

三、止损中的点差：我们都知道交易的费用由点差以及手续费组成,我们在下单的时候，尽量去寻找最佳的入场点，会去计算点差，那么在设置止损时也是一样，上面给大家谈到了寻找止损点以及止损的大小，那么在原油投资市场中，往往是一个小数点就可以改变盈利或亏损的，所以我们在设置止损时需要把点差计算在内。

“纸上得来终归浅，绝知此事要躬行”任何技术都需要实践来证明，在实战中寻找自己的做单方法，在实践中终结自己的经验。如果有任何投资方面的问题都可以来咨询文韬金略。
展开阅读全文"
今日黄金行情解析（连载）,"https://guba.eastmoney.com/news,002155,629598923.html",2017-04-17 14:28:41,市场对黄金的恐慌情绪有了一定的抗性，目前的形态回调修正，测试支撑的力度，我们先空仓等待进场的机会
感谢湖金庄家给我上车的机会,"https://guba.eastmoney.com/news,002155,629980317.html",2017-04-18 10:51:34,"感谢湖金庄家给我上车的机会，
我已经卖光五粮液，
全部买入湖金了。
：）"
速度逃命吧 不排除跌破1140 切记切记千万不要补仓 跑了就暂时不要回来了 不信邪就上 O胆小不玩了,"https://guba.eastmoney.com/news,002155,629982665.html",2017-04-18 10:54:31,切记切记
不排除与监管下的乐视网退市可能 跑跑跑,"https://guba.eastmoney.com/news,002155,629979598.html",2017-04-18 10:50:01,跑跑跑
求解：有安全隐患不能治愈吗？是不是长期利空？,"https://guba.eastmoney.com/news,002155,629933423.html",2017-04-18 09:47:13,有安全隐患不能治愈吗？是不是长期利空？
这个股到底是不是黄金股，和黄金走势没有联动性吗？,"https://guba.eastmoney.com/news,002155,629931114.html",2017-04-18 09:45:30,这个股到底是不是黄金股，和黄金走势没有联动性吗？
2015年发生的事也拿来说事，西部黄金公告重大资产重组,"https://guba.eastmoney.com/news,002155,629785859.html",2017-04-17 21:37:21,2015年发生的事也拿来说事，西部黄金公告重大资产重组
专治各种不服,"https://guba.eastmoney.com/news,002155,629925580.html",2017-04-18 09:37:02,专治各种不服
看见都在叫跑，我果断又加仓了，,"https://guba.eastmoney.com/news,002155,629913147.html",2017-04-18 09:11:49,股市如果涨不起来，先拿这些权重蓝筹开刀
湖南黄金瞒报事故，违规不信息披露，必然要遭到证监会严厉处罚……杀一儆百，刚刚好撞,"https://guba.eastmoney.com/news,002155,629905932.html",2017-04-18 08:53:12,湖南黄金瞒报事故，违规不信息披露，必然要遭到证监会严厉处罚……杀一儆百，刚刚好撞枪口上了
清盘，有本事明天来个涨停,"https://guba.eastmoney.com/news,002155,629832309.html",2017-04-17 23:54:16,清盘，有本事明天来个涨停
中国股市受伤的永远是小散！,"https://guba.eastmoney.com/news,002155,629835140.html",2017-04-18 00:04:33,在中国股市小散真的很可伶！都是血泪！
迎接超跌股所有跨年跃春节的千载难逢机会，借钱,"https://guba.eastmoney.com/news,002155,629863451.html",2017-04-18 03:50:45,蓝海韬略2016投资策略：向所股民推荐买高送转
以前的怀化股,"https://guba.eastmoney.com/news,002155,629849546.html",2017-04-18 01:34:37,以前的怀化股
湖南黄金绝对是一砣屎，明天即便跌到12块以下我也不买，立贴为证,"https://guba.eastmoney.com/news,002155,629834496.html",2017-04-18 00:02:56,"湖南黄金绝对是一砣屎，明天即便跌到12块以下我也不买，立贴为证
太垃圾了，安全隐患四伏！瞒报事故"
湖南黄金，你可不能再跌了，我怕！,"https://guba.eastmoney.com/news,002155,629820730.html",2017-04-17 23:13:27,我真的好恐慌啊！
中国股市打一词,"https://guba.eastmoney.com/news,002155,629774918.html",2017-04-17 21:11:29,朕有罪！何罪之有？怀璧其罪！（1863就俺知道）
提懵懂之时那时,"https://guba.eastmoney.com/news,002155,629786044.html",2017-04-17 21:38:53,提懵懂之时那时
走的图形都是起伏跌宕的！,"https://guba.eastmoney.com/news,002155,629785479.html",2017-04-17 21:36:26,要跑的赶紧跑，马上尾盘跌停！
支持,"https://guba.eastmoney.com/news,002155,629345371.html",2017-04-16 22:08:36,支持
愚善的人们觉醒吧！......,"https://guba.eastmoney.com/news,002155,629772159.html",2017-04-17 21:04:07,股吧真是一堆名嘴，各种打脸
15年的事，现在拿出来什么意思？ 是谁这么缺德？,"https://guba.eastmoney.com/news,002155,629685581.html",2017-04-17 17:20:08,"15年的事，现在拿出来什么意思？
是谁这么缺德？"
等〇山东黄金复牌带你装逼带你飞[围观],"https://guba.eastmoney.com/news,002155,629763581.html",2017-04-17 20:44:43,等〇山东黄金复牌带你装逼带你飞
看好啊，大资金加速建仓，准备拉升哦,"https://guba.eastmoney.com/news,002155,629331323.html",2017-04-16 20:56:01,看好啊，大资金加速建仓，准备拉升哦
上午好好的捨不得出,"https://guba.eastmoney.com/news,002155,629755724.html",2017-04-17 20:26:04,此刻今天进的游资只能硬着头皮吃
看透主力 吸筹 马上封板 不买等后悔,"https://guba.eastmoney.com/news,002155,629755104.html",2017-04-17 20:25:12,下午可能要跳水，都是小单接
还有没有天理&#160;山东黄金也仃牌&#160;西部黄金也仃牌 奈奈的 O的钱钱[围观],"https://guba.eastmoney.com/news,002155,629728652.html",2017-04-17 19:15:07,还有没有天理 山东黄金也仃牌 西部黄金也仃牌 奈奈的 O的钱钱
我还是没有入门,"https://guba.eastmoney.com/news,002155,629659629.html",2017-04-17 16:16:15,跌的好！最好再跌2000点！
晚上国际金价很可能下跌调整,"https://guba.eastmoney.com/news,002155,629595496.html",2017-04-17 14:22:44,晚上国际金价很可能下跌调整
湖南省安监局组成员、副局长朱崇洲 黄金集团事故频发--旗下矿山被扣证。钟文科表,"https://guba.eastmoney.com/news,002155,629598813.html",2017-04-17 14:27:59,"湖南省安监局组成员、副局长朱崇洲
黄金集团事故频发--旗下矿山被扣证。钟文科表示，根据《矿山安全法》，湖南黄金作为安化渣滓锡矿业的全资一级母公司虽无法直接决定、保证其安全设置及工程建设等具体工作的落实，但亦不能免除其对子公司负有安全管理监督义务。同时，湖南黄金作为上市公司亦属于公众公司，其要积极督促子公司做好管理工作，严格遵守相关法律法规规定，以更好维护投资人及股东的权益。"
湖南黄金隐瞒重大事故被揭露，股价放量跳空下跌，大单踩踏出逃。,"https://guba.eastmoney.com/news,002155,629463830.html",2017-04-17 10:28:11,湖南黄金今天放量跳空下跌。
明天应该看到11字开头了，因为尾盘假买单托盘又出来了，股友们目前下跌趋势千万割了,"https://guba.eastmoney.com/news,002155,629643387.html",2017-04-17 15:38:11,明天应该看到11字开头了，因为尾盘假买单托盘又出来了，股友们目前下跌趋势千万割了别再急着进来，一定要耐心再耐心等待启稳向上放量再进来，这个星期应该看到11块5左右，决不可再犯冲动错误。准备子弹到割的下面吃骨随!
引领大盘上涨 券商股龙头： 国海证券000750,"https://guba.eastmoney.com/news,002155,629641337.html",2017-04-17 15:34:48,引领大盘上涨 券商股龙头：国海证券000750
[不赞][不赞][不赞][不赞][不赞][不赞][不赞][不赞][不赞][不赞],"https://guba.eastmoney.com/news,002155,629613907.html",2017-04-17 14:48:36,[不赞][不赞][不赞][不赞][不赞][不赞][不赞][不赞][不赞][不赞][不赞][不赞][不赞][不赞][不赞][不赞][不赞][不赞][不赞][不赞][不赞][不赞][不赞][不赞]
已经成为最烂的黄金股,"https://guba.eastmoney.com/news,002155,629611784.html",2017-04-17 14:44:25,"只有这个股是真的跌。估计没有三个月不要参与该股。恒邦中金好太多。

跌的好。"
大胆抄底吧，下午有可能红盘5个点,"https://guba.eastmoney.com/news,002155,629552443.html",2017-04-17 13:14:36,大胆抄底吧，下午有可能红盘5个点
去你妈的，越来越低,"https://guba.eastmoney.com/news,002155,629592212.html",2017-04-17 14:17:32,去你妈的，越来越低
跌停板煲剧准备中 有意思有意思,"https://guba.eastmoney.com/news,002155,629592547.html",2017-04-17 14:17:10,有意思
黄金集团事故频发--旗下矿山被扣证 　　据省安监局最新消息，今年3月湖南省安监局,"https://guba.eastmoney.com/news,002155,629589725.html",2017-04-17 14:13:09,"黄金集团事故频发--旗下矿山被扣证
　　据省安监局最新消息，今年3月湖南省安监局召开会商会，专题研究湖南黄金集团及下属矿山安全生产工作。会上，湖南省安监局组成员、副局长朱崇洲指出，湖南黄金集团下属矿山生产安全事故多发，特别是今年以来不到3个月连续发生3起生产安全事故，安全生产形势很严峻。"
黄金股票,"https://guba.eastmoney.com/news,002155,629589625.html",2017-04-17 14:12:42,国际涨价你下跌，国际涨价你也跌，就是专靠骗！不要脸
锑在涨价啊！wu也在涨价,"https://guba.eastmoney.com/news,002155,629581162.html",2017-04-17 14:00:04,股票再跌？看不懂
违规被查，湖南黄金暴跌之谜 湖南黄金旗下矿山安全隐患四伏 瞒报事故涉嫌信披违规近,"https://guba.eastmoney.com/news,002155,629588517.html",2017-04-17 14:11:42,"违规被查，湖南黄金暴跌之谜
湖南黄金旗下矿山安全隐患四伏 瞒报事故涉嫌信披违规近期，湖南省安监局一纸安全生产督查情况通报揭开了湖南黄金旗下矿山存在的诸多安全隐患。无独有偶，湖南黄金控股股东湖南黄金集团旗下金水塘矿业亦因3月内连续发生3起安全事故被暂扣安全生产许可证。"
老董稳的一批，两个涨停,"https://guba.eastmoney.com/news,002155,629528793.html",2017-04-17 12:07:24,"老董稳的一批，两个涨停
"
跌破发行价吧,"https://guba.eastmoney.com/news,002155,629564706.html",2017-04-17 13:34:54,"跌破发行价吧
"
跌吧 我好卖点,"https://guba.eastmoney.com/news,002155,629563027.html",2017-04-17 13:30:25,跌吧 我好卖点
中金黄金可能要发威啦 奈奈的,"https://guba.eastmoney.com/news,002155,629560017.html",2017-04-17 13:26:08,有意思
奈奈的 冲冲冲 冲冲冲 看谁是贵金头头 亚的很 弹得高 煲剧劲爆局,"https://guba.eastmoney.com/news,002155,629550674.html",2017-04-17 13:11:39,有意思
黄金涨  股票跌  呵呵,"https://guba.eastmoney.com/news,002155,629459931.html",2017-04-17 10:22:58,黄金涨 股票跌 呵呵
今天是好机会，不出意外下午就能翻起来。,"https://guba.eastmoney.com/news,002155,629541338.html",2017-04-17 12:45:28,今天是好机会，不出意外下午就能翻起来。
有湖南黄金,"https://guba.eastmoney.com/news,002155,629539423.html",2017-04-17 12:40:42,买了2斤假黄金，002155
雄安的农业：亚盛集团（600108）农业混改资产注入重组土地430万亩惊人。,"https://guba.eastmoney.com/news,002155,629532230.html",2017-04-17 12:17:45,雄安的农业：亚盛集团（600108）农业混改资产注入重组土地430万亩惊人。
4.13黄金现货回撤1283一线多单直接入场，目标看前期起跌点1292一线,"https://guba.eastmoney.com/news,002155,628186061.html",2017-04-13 10:23:29,先重申一下，本操作建议只针对现货投资朋友，其他投资有什么需要了解的可以在下方留言，博主也会给出操作策略以做参考。昨日黄金给出的1275空.1280加仓也成功获利出局，昨日晚间特朗普讲话，嫌弃美元太高不利于美国在国际上的竞争力，而后美元也应声急跌，黄金得到一波充能后，突破1280一线压制，且刷新去年11月10日以来的高位，后市也会继续上探，今天操作回撤1283-84多单入场，损1278，目标1292一线
《华夏幸福 600340 跌停满仓狠干！买进涨停！》,"https://guba.eastmoney.com/news,002155,629457560.html",2017-04-17 10:20:21,《华夏幸福600340 跌停满仓狠干！买进涨停！》
看你是不是托单 砸砸砸使劲砸空仓狗好痛苦呀 砸砸砸使劲砸,"https://guba.eastmoney.com/news,002155,629498190.html",2017-04-17 11:17:15,砸砸砸
黄金涨这股还暴跌，原来是踩了大地雷了 ，跑,"https://guba.eastmoney.com/news,002155,629488307.html",2017-04-17 11:01:58,黄金涨这股还暴跌，原来是踩了大地雷了 ，跑
下行趋势形成了，今天上午放量下跌，本星期内最晚下星期月底11块5都能看见，湖金害,"https://guba.eastmoney.com/news,002155,629467976.html",2017-04-17 10:33:31,下行趋势形成了，今天上午放量下跌，本星期内最晚下星期月底11块5都能看见，湖金害人精，快快到位现原形!
大盘下行，买黄金的好机会！湖南黄金与中金黄金,"https://guba.eastmoney.com/news,002155,629483718.html",2017-04-17 10:56:22,大盘下行，买黄金的好机会！湖南黄金与中金黄金
来个万兽哥 砸砸砸使劲砸 跌停进货 奈奈的,"https://guba.eastmoney.com/news,002155,629476170.html",2017-04-17 10:46:04,奈奈的
黄金已疯涨,"https://guba.eastmoney.com/news,002155,629471056.html",2017-04-17 10:39:13,黄金已疯涨
图穷匕首见，下面的假托买单越大越多跌的就会越深，哈哈哈哈，使劲下探，还是那句话，,"https://guba.eastmoney.com/news,002155,628284138.html",2017-04-13 13:33:04,图穷匕首见，下面的假托买单越大越多跌的就会越深，哈哈哈哈，使劲下探，还是那句话，下星期破12块!
黄金期货,"https://guba.eastmoney.com/news,002155,629468070.html",2017-04-17 10:34:02,黄金期货
若今天湖南黄金因事故瞒报大跌，我们持有湖金的小散将集体起诉,"https://guba.eastmoney.com/news,002155,629388987.html",2017-04-17 06:42:45,若今天湖南黄金因事故瞒报大跌，我们持有湖金的小散将集体起诉湖南黄金信息批露违现！
黄金股一涨准没好事,"https://guba.eastmoney.com/news,002155,628662267.html",2017-04-14 11:04:42,黄金股一涨准没好事
黄金为什么跌,"https://guba.eastmoney.com/news,002155,629453124.html",2017-04-17 10:13:19,黄金为什么跌
11.4元才可以买啊！,"https://guba.eastmoney.com/news,002155,629452653.html",2017-04-17 10:12:58,同志们先上
抄家伙，上啊，牛回头的机会来啦,"https://guba.eastmoney.com/news,002155,629449650.html",2017-04-17 10:09:27,抄家伙，上啊，牛回头的机会来啦
苍天啊！大地啊！谁在抛啊？快快把我们这十几个姐妹解放出来，最多再观察一星期真被整,"https://guba.eastmoney.com/news,002155,629429314.html",2017-04-17 09:44:36,苍天啊！大地啊！谁在抛啊？快快把我们这十几个姐妹解放出来，最多再观察一星期真被整的受不了啊！想哭，冲动是魔鬼!
大单、超大单卖出，小单接盘,"https://guba.eastmoney.com/news,002155,629444120.html",2017-04-17 10:02:23,大单卖出，小单买入
坚持住!难道十几个人的三百万斤的大米就这样被关煮熟了？再守一星期!我们真不信邪了,"https://guba.eastmoney.com/news,002155,629443485.html",2017-04-17 10:00:48,坚持住!难道十几个人的三百万斤的大米就这样被关煮熟了？再守一星期!我们真不信邪了！
黄金股里做反方向的就是湖南黄金,"https://guba.eastmoney.com/news,002155,629441968.html",2017-04-17 09:58:47,"我看到的只有一个。原因就是机构打架。原先做钴的退出，然后假装做多的做黄金的现在跑。

它们在乎的不是大方向，而是机构之间及与散户的博弈。

这应该是黄金股里最差的一只。跌的好。"
期货金大跌，源于炒作过度，投机资金获利丰厚。就像雄安概念。,"https://guba.eastmoney.com/news,002155,629431124.html",2017-04-17 09:46:02,湖南黄金控股股东湖南黄金集团旗下金水塘矿业亦因3月内连续发生3起安全事故被暂扣安全生产许可证。
想要筹码吗，华山一条道。,"https://guba.eastmoney.com/news,002155,629429417.html",2017-04-17 09:43:54,想要筹码吗，华山一条道。
先买入再说，管他利空不利空/,"https://guba.eastmoney.com/news,002155,629420520.html",2017-04-17 09:31:10,
凉快啊，搭上了老董的顺风车,"https://guba.eastmoney.com/news,002155,629421638.html",2017-04-17 09:34:08,"凉快啊，搭上了老董的顺风车
"
黄金中线布局看1380，1：4或1：5的比例盈亏,"https://guba.eastmoney.com/news,002155,615655914.html",2017-03-09 15:30:40,"又一次到布局中长线的时候了，个人建议是在1210附近的范围分三次建仓中线多单，止损放在1170前低点，目标区域看到1360-1380，只要起来了，1280估计就像窗户上的纸一样，划下就破。

现在我来给大家好好算算：

如果以1180向下10美金作为防守点，从1215开始布局中线，以10标准手来计划，1215-1205的范围内三次建仓，均价应该在1210，而向下止损点极限一些在1170附近，也就是40美金，意味着若是打掉止损就要亏损4万美金，或者你有套牢盘在这里解套，要计算好到1170才可以爆，不能刚好到爆点价格开始反弹，到时哭都不知道怎么哭了。

同时，上升先不按利润的180来计算，按区间范围算150-200的区间算，一旦成立150是没什么问题的，止盈点就有可能在15-20万美金，也就是说1：4或1：5的比例盈亏。

如果，你准备把握这次，假如你计划自己能翻倍，这次是一个机会，假如，你怕请绕道，中线不代表无底线。一句话不执行看看就好，就当我讲个笑话你们听听，但是错过了你就是2017年开年的笑话。"
湖南黄金大利空,"https://guba.eastmoney.com/news,002155,629419554.html",2017-04-17 09:30:37,湖南黄金控股股东湖南黄金集团旗下金水塘矿业亦因3月内连续发生3起安全事故被暂扣安全生产许可证。
黄金1300了，你还能装多久呢，搞个小利空好怕怕啊。搞不好低开高走了。,"https://guba.eastmoney.com/news,002155,629416817.html",2017-04-17 09:27:07,黄金1300了，你还能装多久呢，搞个小利空好怕怕啊。搞不好低开高走了。
A股军工板块正“走红” 寻找领头羊还需看“海空”,"https://guba.eastmoney.com/news,002155,629409640.html",2017-04-17 09:08:31,"A股军工板块正“走红” 寻找领头羊还需看“海空”
"
求教，请大家分析一下周五收盘前的大托买单是真是假啊？现已站岗被套，如果托买单是假,"https://guba.eastmoney.com/news,002155,629398843.html",2017-04-17 08:16:08,求教，请大家分析一下周五收盘前的大托买单是真是假啊？现已站岗被套，如果托买单是假后果太可怕了！
创业板跌破相应操盘线,"https://guba.eastmoney.com/news,002155,629408124.html",2017-04-17 09:01:08,"创业板跌破相应操盘线
"
全球将遇“多事之夏”：金价与恐慌指数齐飞,"https://guba.eastmoney.com/news,002155,629402672.html",2017-04-17 08:41:02,"全球将遇“多事之夏”：金价与恐慌指数齐飞

作者：官平来源：中国证券报·中证网2017-04-17 07:50
　　在过去的半个月里，素有“恐慌指数”之称的VIX波动率指数累计涨幅近30%，全球金融市场的宁静终被打破。可以看到，国际金价正在加速上涨，而此前一路高歌猛进的美股愈显乏力。
　　分析人士称，全球将遭遇“多事之夏”，特朗普政策不确定性仍较高，从而使得滋生的市场风险无法移除，另一方面包括中东、半岛地区地缘政治危机频发，进入二季度，包括法国大选在内的欧洲政局纷争产生的风险也越来越近，避险情绪快速升温，一旦出现“黑天鹅”事件，全球投资者可能增持黄金以渡过危机。数据显示，截至4月14日，芝商所（CME）旗下COMEX黄金期货价格报每盎司1290.1美元，今年以来累计涨幅接近12%。
　　恐慌指数离开“风平浪静区域”
　　今年第一季度，国际市场上衡量恐慌情绪的指标VIX指数（通常被称为“恐慌指数”）持续下降，在2月1日最低探至9.97点，接近10年来最低水平。
　　中国证券报期货周刊在2017年3月13日刊发报道《“恐慌指数”超淡定 金市平静中酝酿风暴》中指出，包括中美股市在内的全球金融市场“安静得可怕”，“恐慌指数”超淡定的表现令市场担忧，投资者几乎一致偏好风险资产，而往往这时黄金资产将面临“拐点”，黄金市场的风暴随时降临。
　　VIX指数源自标普500指数的期权价格，是衡量股市波动预期的“晴雨表”。VIX指数和标普500指数通常呈负相关关系，即股市上涨时，VIX指数往往下跌，反之亦然。去年11月美国总统大选结束后，VIX指数一度显著走高，但这并未持续多久。
　　3月以来，美股“特朗普行情”开始告一段落，标普500指数从3月1日至今下跌逾2％，自美国大选后首次跌破50日均线。如今，随着全球政治、经济风险积聚，市场恐慌进一步增加，衡量标普指数稳定性的瑞士信贷风险指数（Credit Suisse Fear Barometer）4月份大幅飙涨46%，达到45.74，逼近该指数在去年英国脱欧时的峰值。
　　瑞士信贷分析师Mandy Xu在新近的一份报告中表示，过去一周这一指数确实有所上涨，最大的变化实际上来自股票买入方。报价数量下降表明投资者感觉市场上涨的潜力较小，也许是因为认识到经济和政治阻力的增大。除瑞士信贷风险指数逼近新高，截至4月14日，判断市场恐慌的另一指数VIX指数报15.96点，当月累计涨幅近30%。
　　国内一些分析师指出，投资者的焦虑情绪主要源于对政治风险、美国经济前景的担忧。近期，美国在叙利亚使用化学武器后发射导弹打击，不久派出航母驶向朝鲜半岛临近海域，朝鲜局势进入紧张状态。在欧洲，法国大选结果仍存不确定性，第一轮投票将于4月23日进行。此外，市场对英国脱欧谈判带来的冲击也开始忧虑。在美国国内，特朗普的医改方案上月胎死腹中，投资者对其基建、税改方案能否顺利实施仍持怀疑态度。
　　美国股市的担忧情绪是不容忽视的，此外，欧洲VIX(VStoxx：衡量欧洲斯托克50指数期权成本)指数也达到前所未有的高点。VStoxx期货数量攀升至创纪录高位，Vstoxx是相对于VIX指数的一种买入保护而非卖出。投资者增加在法国总统选举之前增加对冲，金融市场震荡恐愈演愈烈。距离4月23日的法国第一轮大选还有差不多一周时间，但市场上已涌现出不少声音警惕投资者关注欧元的相关风险。
　　二季度“黑天鹅”事件发生概率大
　　按照一季度VIX指数，全球金融市场的“黑天鹅”似乎都飞走了。但随着二季度到来，欧洲将正式步入“多事之夏”，前期累积的政治风险在二季度集中爆发的可能仍无法移除，故一旦出现“意外”事件，甚至是“黑天鹅”事件，恐将进一步加剧金融市场波动，从而引发贵金属市场巨震。
　　分析人士称，欧洲政局的不确定性，注定将成为二季度市场的焦点。在各国大选尚未尘埃落定之际，这些政治局势的变化，可能在短、中期内推升避险情绪，从而利好贵金属市场。
　　2017年3月9日，英国如期宣布正式启动退欧程序，这意味着英国在退欧方面取得较为积极的进展。当前英国方面政治风险有所下降，但对于英国退欧来说，未来仍是挑战重重。
　　国贸期货分析师预计，最后为避免断崖式退欧，较大概率是英国与欧盟各自让步，从而达成退欧。虽然英国退欧程序的启动意味着英国退欧进程更进一步，但英国退欧之路仍困难重重，期间英国政府与各方势力的谈判博弈仍有可能加剧市场波动。
　　进入二季度，法国大选将是欧洲政局面临的最大风险事件，因其选举议程贯穿整个二季度；4月23日和5月7日分别进行两轮总统选举，6月11日和18日则举行议会选举。
　　对此，业内人士表示，因二季度欧洲步入“多事之夏”，所以在政治局势紧张的情形下，欧洲央行和英国央行亦难有大动作，继续按兵不动的概率加大。
　　另外，特朗普方面，虽然当前“特朗普政策落地—影响经济—影响美联储加息节奏—影响美元走势”这条主线逻辑实现的可能性暂时较低，但特朗普政策不确定性需持续关注，尤其是市场对于财政政策如期推行及落地的可能性存较大疑虑。
　　投资者在恐慌中增持黄金
　　投资者对黄金和日元等“避险天堂”的交易正在变得流行。黄金价格自特朗普大选获胜以来在上周首次接近1300美元/盎司。
　　在去年11月特朗普当选美国总统和12月美联储加息后，金价去年四季度经历了大幅回调。步入2017年一季度，因特朗普交易降温、欧洲政局动荡提振避险需求，以及亚洲黄金实物需求攀升，令金价在1月至2月整体呈现出明显的上行趋势。
　　随后，2月底至3月初，因美联储官员密集鹰派发声，美联储3月加息概率两周内急剧攀升至90%上方，提振美元走强，金价承压下跌近70美元/盎司。但随着3月加息靴子的落地，市场“买预期卖事实”的场景再现，加息后叠加特朗普政策波折不断，美元出现回调再次跌破100大关，提振金价再次走出一波上涨行情。
　　可以看到，美联储今年加息行动将会表现得更加坚定：自2016年12月美联储进一步加息且称2017年美联储将加息三次后，步入2017年，美联储的加息节奏明显较2106年有所提速，尤其是此次3月份的加息也进一步反映美联储正逐渐回归正常的加息道路，且未来采取行动的灵活性也在进一步提高。
　　实际上，美联储的2月议息会议并未就未来加息给出任何暗示，然而在2月底至3月初，仅仅两周不到的时间，因美联储官员的密集鹰派发声，令市场彻底扭转了对3月加息的预判。这表明美联储的预期管理途径，正由此前的议息会议声明逐渐向官员言论转变。这样的改变将会大大缩短美联储加息的“预热期”，且通过官员言论来释放加息信号，也将使得美联储更加的灵活，且美联储后续的加息路径也将更加难以预测。
　　但无论如何，就当前美联储官员的不断针对加息发声和对“缩表”讨论的日渐升温。上述人士指出，在当前美国经济已走上稳健复苏轨道的情形下，美联储大概率步入稳定的加息周期，美联储在今年的加息行动将会表现得更加坚定，这无形中会给予美元一定支撑。但就美国目前的经济基本面和特朗普政策不确定性仍较高的形势下，美联储在3月加息后，后续进一步加息的紧迫性似乎也并不强。虽预计美联储年内仍将有两次加息，但6月加息尚难定论。
　　尽管如此，央行及投资者仍对黄金市场持有期待。数据显示，全球央行虽已连续24个季度净购金，全球央行2016年第四季度黄金购买量为114.4吨，较上一季度增加32.7吨，主要是2016年四季度特朗普当选美国总统等相关政治风险事件推升了央行的购金需求。
　　另外，美国商品期货交易委员会(CFTC) 4月7日公布的周度报告显示，截至4月4日当周，对冲基金经理连续第三周增持COMEX黄金净多头寸，还增持了白银净多头寸。
　　数据显示，COMEX黄金期货投机净多头寸增加16455手至115605手，为2月底以来最高水准。
　　业内人士表示，因核心通胀仍旧温和，且油价走高恐难持续，故美国通胀持续大幅上扬动力或不足，6月加息尚难定论，叠加特朗普政策能否如期落地受到市场较大存疑，故美元进一步上行空间也较为有限。整体来看，维持美元指数二季度仍将在100点附近高位震荡，从而导致金价随之震荡，多空博弈并存。建议投资者密切关注特朗普政策动向及美联储6月加息概率，二者将对未来美元走势产生一定影响，从而波及贵金属市场。
展开阅读全文"
竟猜下今天开盘价与收盘价[俏皮],"https://guba.eastmoney.com/news,002155,629397733.html",2017-04-17 08:07:49,竟猜下今天开盘价与收盘价
正在交易中的国际现货黄金继续大涨现价1296美元,"https://guba.eastmoney.com/news,002155,629395009.html",2017-04-17 07:44:27,正在交易中的国际现货黄金继续大涨现价1296美元，涨势如虹，料今天能轻松升破1300美元大关。
翻倍理论：不到23元不卖湖南黄金！,"https://guba.eastmoney.com/news,002155,611430370.html",2017-02-23 21:49:43,翻倍理论：不到23元不卖湖南黄金！
足者常乐切莫该争时不争该止,"https://guba.eastmoney.com/news,002155,629375014.html",2017-04-17 01:58:12,足者常乐切莫该争时不争该止
西部黄金目标价位能到65元,"https://guba.eastmoney.com/news,002155,629255444.html",2017-04-16 13:19:08,湖南黄金目标价位能到36元
了如何才能做一个真正的人,"https://guba.eastmoney.com/news,002155,629338356.html",2017-04-16 21:33:12,了如何才能做一个真正的人
老董，我是你的小乖猫，喵~,"https://guba.eastmoney.com/news,002155,629337971.html",2017-04-16 21:31:43,"老董，我是你的小乖猫，喵~
"
老董稳的一批，两个涨停,"https://guba.eastmoney.com/news,002155,629327207.html",2017-04-16 20:34:48,"老董稳的一批，两个涨停
"
兄弟们，目前这阶段，我觉得可以慢慢低吸此股了~！,"https://guba.eastmoney.com/news,002155,623409849.html",2017-03-31 10:45:26,兄弟们，今天是抄底黄金的良机啊....大家逢低买入啊...清明假期后，上涨趋势黄金..一个字
周一开始突破13.5之旅 半岛危机黄金暴涨,"https://guba.eastmoney.com/news,002155,629280885.html",2017-04-16 16:15:10,半岛危机黄金暴涨
周一高开高走直接涨停,"https://guba.eastmoney.com/news,002155,629232122.html",2017-04-16 10:18:58,
唱多的一多，湖金肯定反向走。下周很有可能掉头下探调整！,"https://guba.eastmoney.com/news,002155,629240032.html",2017-04-16 11:24:14,唱多的一多，湖金肯定反向走。下周很有可能掉头下探调整！
下周糊涂金要回调到12了。哎，今天又接高了,"https://guba.eastmoney.com/news,002155,628943662.html",2017-04-14 21:36:03,下周糊涂金要回调到12了。哎，今天又接高了
