标题,链接,发布时间,内容
在港上市，已成仙股，可见A股估值太高,"https://guba.eastmoney.com/news,002199,762503764.html",2018-05-25 15:29:51,在港上市，已成仙股，可见A股估值太高
如果周末继续发新股，下周继续暴跌，12月跌破净资产1.86元，,"https://guba.eastmoney.com/news,002199,762496644.html",2018-05-25 15:02:51,如果周末继续发新股，下周继续暴跌，12月跌破净资产1.86元，
可以吃了，明天大有可能涨停,"https://guba.eastmoney.com/news,002199,762495002.html",2018-05-25 14:59:04,可以吃了，明天大有可能涨停
又删除一个自选股，免得再被吸引,"https://guba.eastmoney.com/news,002199,762486989.html",2018-05-25 14:43:03,割了好大一块肉
妖变脸？银座股份大股东抢锁筹，国改爆发？,"https://guba.eastmoney.com/news,002199,762490904.html",2018-05-25 14:50:54,妖变脸？银座股份大股东抢锁筹，国改爆发？
散户兄弟姐妹们清仓逃命，每周都新股发行，东晶电子年底跌破净资产1.86元,"https://guba.eastmoney.com/news,002199,762487866.html",2018-05-25 14:45:00,散户兄弟姐妹们清仓逃命，每周都新股发行，东晶电子年底跌破净资产1.86元
现在五月份，再过6个月，12月东晶电子股价跌破1.86元,"https://guba.eastmoney.com/news,002199,762486553.html",2018-05-25 14:42:03,现在五月份，再过6个月，12月东晶电子股价跌破1.86元
看谁跑得快，有奖！！！,"https://guba.eastmoney.com/news,002199,762481560.html",2018-05-25 14:31:17,看谁跑得快，有奖！！！
散户兄弟姐妹们清仓逃命，东晶电子2018年12月股价跌破1.01元，如果年底亏损,"https://guba.eastmoney.com/news,002199,762480709.html",2018-05-25 14:29:35,散户兄弟姐妹们清仓逃命，东晶电子2018年12月股价跌破1.01元，如果年底亏损，甚至跌破一块钱
不停止IPO发行，东晶电子年底股价一块钱见，散户兄弟姐妹们快逃命，问题股，亏损股,"https://guba.eastmoney.com/news,002199,762479331.html",2018-05-25 14:27:11,不停止IPO发行，东晶电子年底股价一块钱见，散户兄弟姐妹们快逃命，问题股，亏损股，强迫平仓股
感觉基金经理是不是应该加点军民融合的进去,"https://guba.eastmoney.com/news,002199,762429542.html",2018-05-25 11:25:32,感觉基金经理是不是应该加点军民融合的进去
，IPO不停止，亏损垃圾股东晶电子，年底跌破净资产，,"https://guba.eastmoney.com/news,002199,762473030.html",2018-05-25 14:14:33,，IPO不停止，亏损垃圾股东晶电子，年底跌破净资产，
新股发行不停止，股市暴跌不会结束，东晶电子今年年底跌破净资产1.86元,"https://guba.eastmoney.com/news,002199,762472498.html",2018-05-25 14:13:31,新股发行不停止，股市暴跌不会结束，东晶电子今年年底跌破净资产1.86元
国芳集团涨停汇嘉时代业绩暴增，大牛，搬回亏损,"https://guba.eastmoney.com/news,002199,762471297.html",2018-05-25 14:11:12,国芳集团涨停汇嘉时代业绩暴增，大牛，搬回亏损
跟申科股份学学，男人一些,"https://guba.eastmoney.com/news,002199,762458904.html",2018-05-25 13:41:50,申科股份业绩亏损照样说翻倍就翻倍，凭什么任由鸡苟操纵指数打压个股，市场买卖自由，三公在哪里
跌到三块钱再来抢反弹,"https://guba.eastmoney.com/news,002199,762457045.html",2018-05-25 13:37:27,跌到三块钱再来抢反弹
拿什么拯救你  你这个让大家上火的玩意,"https://guba.eastmoney.com/news,002199,762456990.html",2018-05-25 13:37:21,拿什么拯救你 你这个让大家上火的玩意
半小时没看又创新低，今天铁定封板了！,"https://guba.eastmoney.com/news,002199,762456860.html",2018-05-25 13:37:03,半小时没看又创新低，今天铁定封板了！
周一还是跳空低开，现在业绩亏损股票，居然现在股价还在七块钱，,"https://guba.eastmoney.com/news,002199,762455113.html",2018-05-25 13:32:55,周一还是跳空低开，现在业绩亏损股票，居然现在股价还在七块钱，
逐笔说明苏思通持股的质押情况，是否存在平仓风险，还用问，这样跌法，肯定不计成本平,"https://guba.eastmoney.com/news,002199,762453701.html",2018-05-25 13:29:15,逐笔说明苏思通持股的质押情况，是否存在平仓风险，还用问，这样跌法，肯定不计成本平仓了
亏损这么多年垃圾股，净资产1.86，说老实话股价三块钱都太贵了,"https://guba.eastmoney.com/news,002199,762452488.html",2018-05-25 13:25:59,亏损这么多年垃圾股，净资产1.86，说老实话股价三块钱都太贵了
九块钱不能跌破，跌破散户割肉盘会蜂涌而出，砸死庄家,"https://guba.eastmoney.com/news,002199,762451734.html",2018-05-25 13:23:52,九块钱不能跌破，跌破散户割肉盘会蜂涌而出，砸死庄家
有种不计成本强迫平仓走势，看样子苏思痛这次纰漏大了。,"https://guba.eastmoney.com/news,002199,762450578.html",2018-05-25 13:20:30,有种不计成本强迫平仓走势，看样子苏思痛这次纰漏大了。
汽车板块买入！东晶抛给庄家！,"https://guba.eastmoney.com/news,002199,762450231.html",2018-05-25 13:19:26,汽车板块买入！东晶抛给庄家！
现如今喝酒吃药，这电子元件压根不能吃！,"https://guba.eastmoney.com/news,002199,762449484.html",2018-05-25 13:17:19,现如今喝酒吃药，这电子元件压根不能吃！
买黄金板块去了,"https://guba.eastmoney.com/news,002199,762447310.html",2018-05-25 13:10:44,[不赞]
16元成本的有没有啊[傲][心碎]。何时是个头。深 深 套了,"https://guba.eastmoney.com/news,002199,762435317.html",2018-05-25 11:45:24,16元成本的有没有啊[心碎]。何时是个头。深 深 套了
净资产1块八毛六，亏损股，平仓风险股，里面庄家自求多福吧,"https://guba.eastmoney.com/news,002199,762446281.html",2018-05-25 13:06:53,净资产1块八毛六，亏损股，平仓风险股，里面庄家自求多福吧
3元我在等你来[献花],"https://guba.eastmoney.com/news,002199,762445616.html",2018-05-25 13:03:34,3元我在等你来
快赔没了，没人管了吗，什么情况！,"https://guba.eastmoney.com/news,002199,762420559.html",2018-05-25 11:05:31,快赔没了，没人管了吗，什么情况！
东晶电子:关于深圳证券交易所关注函延期回复的公告(2018/05/25),"https://guba.eastmoney.com/news,002199,762315641.html",2018-05-24 19:39:10,"公告日期：2018-05-25
证券代码：002199 证券简称：东晶电子 公告编号：2018025



浙江东晶电子股份有限公司



关于深圳证券交易所关注函



延期回复的公告



本公司全体董事保证公告内容真实、准确和完整，并对公告的虚假记载、误导性陈述或者重大遗漏负连带责任。



浙江东晶电子股份有限公司（以下简称“公司”）董事会于2018年5月23



日收到深圳证券交易所中小板管理部下发的《关于对浙江东晶电子股份有限公司的关注函》中小板关注函【2018】第167号（以下简称“《关注函》”），要求公司2018年5月25日前对《关注函》相关问题作出书面说明报送并对外披露。公司董事会收到《关注函》后，立即组织工作人员及中介机构积极准备《关注函》的回复工作。鉴于该《关注函》中的部分事项需要向相关方核实并取得书面确认文件，同时中介机构需要履行相关核查程序及内部审批流程，公司预计无法在2018年5月25日前完成全部回复工作。经公司董事会审慎决定，公司向深圳证券交易所申请延期最晚于2018年5月30日前完成上述《关注函》的回复工作并进行信息披露。



公司指定的信息披露媒体为《证券时报》和巨潮资讯网（www.cninfo.com.cn），公司所有信息均以在上述指定媒体披露的信息为准。敬请广大投资者理性投资，注意投资风险。



特此公告



浙江东晶电子股份有限公司



董事会



二〇一八年五月二十五日




[点击查看PDF原文]
提示：本网不保证其真实性和客观性，一切有关该股的有效信息，以交易所的公告为准，敬请投资者注意风险。
展开阅读全文"
九元不能跌破，跌破就不知道什么是底了，今天放量下跌,"https://guba.eastmoney.com/news,002199,762427526.html",2018-05-25 11:20:36,九元不能跌破，跌破就不知道什么是底了，今天放量下跌
东晶该抛了买入金华本地股万里扬，今飞凯达！,"https://guba.eastmoney.com/news,002199,761983790.html",2018-05-23 12:03:17,东晶该抛了买入金华本地股万里扬，今飞凯达！
快买入，只有今天最低点已经到了,"https://guba.eastmoney.com/news,002199,762433772.html",2018-05-25 11:38:55,快买入，只有今天最低点已经到了
哇哇，大盘涨了一波，散户上半年收入不错！,"https://guba.eastmoney.com/news,002199,762431461.html",2018-05-25 11:30:48,A股充满了希望
3年，投了30万！目前仅剩10万！这就是中国股市！,"https://guba.eastmoney.com/news,002199,762430896.html",2018-05-25 11:29:05,3年，投了30万！目前仅剩10万！这就是中国股市！
清仓走人，跌破净资产，百度阿里回归，新股发行常态化，亏损多年东晶电子,"https://guba.eastmoney.com/news,002199,762430150.html",2018-05-25 11:27:00,清仓走人，跌破净资产，百度阿里回归，新股发行常态化，亏损多年东晶电子
五穷六绝七翻身。。。。如果套在6月。。下半年吃饭行情就没你们的。。。要顺势而为。,"https://guba.eastmoney.com/news,002199,762429999.html",2018-05-25 11:26:39,五穷六绝七翻身。。。。如果套在6月。。下半年吃饭行情就没你们的。。。要顺势而为。。猪顺势也会飞。。。龙逆流也会被杀。。。每年五月六月百分之八十的股都下跌。
新股发行常态化，壳已经毫无价值，亏损多年的垃圾公司东晶电子，跌破净资产是肯定的,"https://guba.eastmoney.com/news,002199,762424366.html",2018-05-25 11:13:13,新股发行常态化，壳已经毫无价值，亏损多年的垃圾公司东晶电子，跌破净资产是肯定的
据说百度，阿里，有望回归A股，呵呵，逃吧，绝大部分股票股价回归净资产,"https://guba.eastmoney.com/news,002199,762420381.html",2018-05-25 11:05:07,据说百度，阿里，有望回归A股，呵呵，逃吧，绝大部分股票股价回归净资产
买入002199，等待爆发,"https://guba.eastmoney.com/news,002199,762412462.html",2018-05-25 10:50:17,无限风景在险峰，002199行业的龙头，爆发在即
多年亏损股票，股价八元以上估值太高，有反弹赶快逃,"https://guba.eastmoney.com/news,002199,762418243.html",2018-05-25 11:01:32,多年亏损股票，股价八元以上估值太高，有反弹赶快逃
今天是不是又有人爆仓了？,"https://guba.eastmoney.com/news,002199,762414832.html",2018-05-25 10:55:09,感觉坚持不住了
东晶大股东自作死，连累股民损失怎办！,"https://guba.eastmoney.com/news,002199,762410428.html",2018-05-25 10:46:44,东晶大股东自作死，连累股民损失怎办！
目前价格不宜割肉,"https://guba.eastmoney.com/news,002199,762410311.html",2018-05-25 10:46:29,
小庄顶不住了爆仓了！,"https://guba.eastmoney.com/news,002199,762407159.html",2018-05-25 10:41:02,小庄顶不住了爆仓了！
没人要了吗,"https://guba.eastmoney.com/news,002199,762406210.html",2018-05-25 10:39:29,没人要了吗
东晶价值最多5元！！！！！,"https://guba.eastmoney.com/news,002199,762404175.html",2018-05-25 10:35:59,东晶价值最多5元！！！！！
这周有惊喜跌停等着你！,"https://guba.eastmoney.com/news,002199,762403647.html",2018-05-25 10:34:55,这周有惊喜跌停等着你！
东晶电子留着吧，每周包你有惊喜，周周创新低！,"https://guba.eastmoney.com/news,002199,762199712.html",2018-05-24 11:08:21,东晶电子留着吧，每周包你有惊喜，周周创新低！
任何有效的抵抗都成炮灰！,"https://guba.eastmoney.com/news,002199,762398888.html",2018-05-25 10:26:03,任何有效的抵抗都成炮灰！
东晶再不卖就成古懂了！,"https://guba.eastmoney.com/news,002199,762398043.html",2018-05-25 10:24:29,东晶再不卖就成古懂了！
中国航天空气动力研究所的股票要爆涨！！,"https://guba.eastmoney.com/news,002199,762397231.html",2018-05-25 10:22:41,军用无人机大量装备军队
此处应该有几个跌停！,"https://guba.eastmoney.com/news,002199,762395315.html",2018-05-25 10:18:59,此处应该有几个跌停！
开始步入阴跌期！！,"https://guba.eastmoney.com/news,002199,762392668.html",2018-05-25 10:14:00,开始步入阴跌期！！
这才是真正的虐杀！,"https://guba.eastmoney.com/news,002199,762391787.html",2018-05-25 10:12:17,这才是真正的虐杀！
002199大涨之前利空多,"https://guba.eastmoney.com/news,002199,761973251.html",2018-05-23 11:25:52,主力殚精竭虑逼散户出局
刚刚开始，后期会涨,"https://guba.eastmoney.com/news,002199,761591721.html",2018-05-21 18:10:16,刚刚开始，后期会涨
这时候唱多002199--,"https://guba.eastmoney.com/news,002199,762301563.html",2018-05-24 17:30:25,里面超级主力恨之入骨
若使生活过得去，总得要有一点绿,"https://guba.eastmoney.com/news,002199,762301542.html",2018-05-24 17:30:12,若使生活过得去，总得要有一点绿
东晶电子05月24日资金揭秘,"https://guba.eastmoney.com/news,002199,762289221.html",2018-05-24 16:22:37,"





今日东晶电子主力净流入额达-35.76万元，净占比-3.70%，
其中超大单净流入额0.00元,净占比0.00%，
大单净流入额-35.76万元，净占比-3.82%。







































东晶电子资金流向数据

类型	流入(万元)	流出(万元)
超大	0.00	0.00
大单	74.85	-110.61
中单	322.06	-463.19
小单	539.98	-363.09




资金解读





东晶电子收盘涨幅-1.70%，
其中，成交最活跃的价格分别为9.92、9.91、9.93，成交密集的手数区间分布于50-70、200-300、100-150手，小单介入居多。











成交活跃统计


9:30-15:00成交均价9.83













































成交价格	主买累计成交量	主卖累计成交量	主买占比	主卖占比
9.92	17700	7200	1.80%	0.73%
9.91	6500	13800	0.66%	1.41%
9.93	8100	5900	0.83%	0.60%
9.94	0	3500	0.00%	0.36%
9.95	3200	0	0.33%	0.00%












































成交手数分布	主买累计成交量	主卖累计成交量	主买估算笔数	主卖估算笔数
50-70	10000	87700	143	1253
200-300	25000	51100	83	170
100-150	0	36200	0	241
70-100	23700	8700	237	87
150-200	0	15200	0	76




左右拖动表格，可查看剩余表格内容


行业个股资金流

























































电子元件成分股主力净流入排行
序号	代码	名称	涨幅	主力净流入
1	603386	广东骏亚	9.99%	10297.54万
2	300139	晓程科技	10.04%	3569.28万
3	000062	深圳华强	3.03%	2699.10万
4	002512	达华智能	0.59%	2245.95万
5	600884	杉杉股份	2.07%	2209.46万
58	002199	东晶电子	-1.70%	-35.76万


数据来源:东方财富






展开阅读全文"
又创新低！,"https://guba.eastmoney.com/news,002199,762275223.html",2018-05-24 15:10:19,又创新低！
加了，不想放弃机会,"https://guba.eastmoney.com/news,002199,762274665.html",2018-05-24 15:08:14,加了，不想放弃机会
无暴跌，不暴涨，横盘越久，就越有希望，等着吧- -,"https://guba.eastmoney.com/news,002199,762256511.html",2018-05-24 14:26:19,无暴跌，不暴涨，横盘越久，就越有希望，等着吧- -
惨不忍睹,"https://guba.eastmoney.com/news,002199,762248001.html",2018-05-24 14:06:20,惨不忍睹
董秘您好!请问公司控股股东有没有变更完毕，钱总已经掌控企业了吗？,"https://guba.eastmoney.com/news,002199,762241585.html",2018-05-24 13:51:10,"董秘您好!请问公司控股股东有没有变更完毕，钱总已经掌控企业了吗？
东晶电子
东晶电子：您好，公司控制权变更仍在进展中。公司将按照规定及时对实际控制人变更事项的后续进展情况进行披露。感谢关注。
(来自深交所互动易)答复时间 2018-06-06 16:24:00"
一个没前途的企业靠讲故事生存墙倒众人推！,"https://guba.eastmoney.com/news,002199,762225801.html",2018-05-24 13:13:48,一个没前途的企业靠讲故事生存墙倒众人推！
东晶电子惊现“萝卜章” 深交所追问实控人债务乱象,"https://guba.eastmoney.com/news,002199,762134888.html",2018-05-24 06:44:47,"来源：上海证券报
　　前脚刚收到法院传票，后脚关注函接踵而至。
　　5月23日，深交所向东晶电子下发关注函，追问公司实控人苏思通的债务谜局。关注函要求上市公司自查银行账户被冻结事项是否已触碰实行风险警示的情形；要求补充披露目前已涉诉讼的汇总情况，是否对生产经营产生重大影响；逐笔说明苏思通持股的质押情况，是否存在平仓风险等。
　　5月22日，东晶电子“更新”了此前银行账户遭冻结一事的进展。据公告，诉讼缘起于刘润东与苏思通、苏思通之妻朱嬛，及其实际控制的蓝海投控四方之间的民间债务纠葛。
　　据公告，2017年4月27日，苏思通向刘润东出具结算条，确认欠款8437万元，该笔借款由朱嬛及蓝海投控、东晶电子提供担保。此后，苏思通尚欠刘润东部分本金、利息、违约金未偿还，经多次催要无果后，刘润东对上述主体提起诉讼，请求判令各被告共同或连带偿还共计1950万元的借款、利息及违约金等。对此，兰山法院作出了查封苏思通、朱嬛、蓝海投控、东晶电子价值3000万元的财产的裁定结果。
　　较为关键的是，尽管苏思通在东晶电子银行账户遭冻结后即出面“兜底”，称上述民间借贷纠纷与东晶电子无任何关联，但这与民间借贷担保书上出现的东晶电子的公章“自相矛盾”。对此，东晶电子坚称，公司董事会和股东大会未审议过任何对苏思通及其关联方债务的担保事项，要求在开庭审理时对所盖印章真伪进行司法鉴定。
　　约一个月前，东晶电子宣布易主，现任实控人苏思通将让渡控股权。交易完成后，创锐投资将掌控东晶电子25.10%股票的表决权，上市公司实控人变更为钱建蓉。如今，在苏思通个人债务曝光之后，该交易还能否如期推进？
　　控股权变更事项的进展，也是交易所关注的问题。另据披露，创锐投资间接取得蓝海投控所持公司25.10%股票表决权中，10.02%股权为苏思通实际持有，另15.08%股权的持有人并非蓝海投控，而是由李庆跃、吴宗泽、池旭明等人委托苏思通代为行使表决权。为此，关注函要求东晶电子补充披露创锐投资间接取得委托行使表决权的合理性及有效性，是否得到该股份持有人李庆跃、吴宗泽、池旭明、俞尚东等人的同意，是否存在法律障碍。
（来源：上海证券报 2018-05-24 06:42）[点击查看原文]"
自从购买后，就没有见过红。,"https://guba.eastmoney.com/news,002199,762221329.html",2018-05-24 12:54:10,自从购买后，就没有见过红。
"希望今年变成st,变成st才是大利好，东晶电子以前st天天涨，摘帽以后天天跌","https://guba.eastmoney.com/news,002199,762172896.html",2018-05-24 10:11:20,"希望今年变成st,变成st才是大利好，东晶电子以前st天天涨，摘帽以后天天跌"
你怎么又绿了呢,"https://guba.eastmoney.com/news,002199,762201121.html",2018-05-24 11:11:54,你怎么又绿了呢
庄托开始活动！,"https://guba.eastmoney.com/news,002199,762198407.html",2018-05-24 11:05:08,庄托开始活动！
不会好了,"https://guba.eastmoney.com/news,002199,762195395.html",2018-05-24 10:57:42,不会好了
其实交易量很小，要拉升太容易了,"https://guba.eastmoney.com/news,002199,762182357.html",2018-05-24 10:30:30,其实交易量很小，要拉升太容易了
来个消息大涨,"https://guba.eastmoney.com/news,002199,762177906.html",2018-05-24 10:21:09,来个消息大涨
老乡快跑！！,"https://guba.eastmoney.com/news,002199,762170999.html",2018-05-24 10:07:24,老乡快跑！！
目前可以关注601989中国重工，短期止跌明显，筑底时间长，调整很充分，可能会涨,"https://guba.eastmoney.com/news,002199,762169260.html",2018-05-24 10:03:46,
大手笔买盘即将来到,"https://guba.eastmoney.com/news,002199,762165860.html",2018-05-24 09:56:58,大手笔买盘即将来到
现在出掉的人可以抄底建仓了，,"https://guba.eastmoney.com/news,002199,762164405.html",2018-05-24 09:54:05,现在出掉的人可以抄底建仓了，
消息即将来到，,"https://guba.eastmoney.com/news,002199,762162026.html",2018-05-24 09:49:23,消息即将来到，
昨天东晶高管出来评论，来吧才一天！,"https://guba.eastmoney.com/news,002199,762160423.html",2018-05-24 09:46:17,昨天东晶高管出来评论，来吧才一天！
今天是东晶电子的低点，,"https://guba.eastmoney.com/news,002199,762157874.html",2018-05-24 09:41:16,今天是东晶电子的低点，
马上大涨，,"https://guba.eastmoney.com/news,002199,762156984.html",2018-05-24 09:39:24,马上大涨，
东晶玩完再三说了抛抛抛光！,"https://guba.eastmoney.com/news,002199,762154944.html",2018-05-24 09:35:10,东晶玩完再三说了抛抛抛光！
002199:东晶电子关注函,"https://guba.eastmoney.com/news,002199,761907675.html",2018-05-23 08:52:53,"公告日期：2018-05-23
关于对浙江东晶电子股份有限公司的关注函



中小板关注函【2018】第 167号



浙江东晶电子股份有限公司董事会：



你公司于2018年5月21日发布《关于收到临沂市兰山区人民法



院传票及相关法律文书的公告》，称因刘润东与苏思通、朱嬛、蓝海思通投资控股（上海）有限公司及你公司民间借贷纠纷一案，兰山法院查封（冻结）了苏思通、朱嬛、蓝海思通投资控股（上海）有限公 司及你公司价值3000万元的财产一宗，你公司在中国银行金华分行（以下简称“金华中行”）的账户被暂停支付12个月（从2018年5月 10日至2019年5月9日）。4月19日，你公司发布《关于实际控制人拟发生变更的提示性公告》，称你公司实际控制人苏思通先生拟通过协议转让方式转让公司控制权，权益变动全部完成后，公司控股股东仍然为宁波梅山保税港区蓝海投控投资管理中心（有限合伙）（以下简称“蓝海投控”），实际控制人将变更为钱建蓉先生。



我部对此表示高度关注。请你公司自查并补充披露以下内容：1、请补充披露你公司银行账户被冻结事项是否已触碰本所《股 票上市规则（2018年修订）》第13.3.1条规定的情形。如是，请你公 司董事会根据本所《股票上市规则（2018年修订）》第13.3.3条的规定发表意见并披露。请律师就上述问题发表专业意见。



2、请补充披露你公司目前已涉诉讼的汇总情况及金额，你公司涉及诉讼事项的具体情形、可能承担的法律责任和解决措施，你公司为厘清和梳理公司涉及民间借贷纠纷总规模和具体情形拟采取的措施，涉及民间借贷纠纷事项对你公司2018年财务报表的影响。请年报审计师就公司涉及民间借贷纠纷事项对2018年财务报表的影响情况发表意见。



3、前述诉讼事项是否对你公司生产经营活动产生重大影响，如是，请说明相关事项影响程度以及你公司拟采取的解决措施。



4、逐笔说明截至目前苏思通将你公司股份质押的具体情况，包括但不限于质押时间、质押期限、质押权人、融资金额、融资用途、到期日（回购日）等；质押的主要原因，质押融资的主要用途，是否存在平仓风险以及针对未来潜在平仓风险拟采取的应对措施。



5、除上述质押股份外，苏思通持有你公司股份是否还存在其他权利受限的情形；如存在，请说明具体情况以及对协议转让的影响，并按规定及时履行信息披露义务。



6、你公司涉及控制权变更事项的进展，包括但不限于尽职调查开展情况、相关事前审批事项的进展情况和重大事项进程安排。



7、《关于实际控制人拟发生变更的提示性公告》显示，权益变动完成后，上海创锐投资管理有限公司（以下简称“创锐投资”）间接取得蓝海投控所持有的你公司 25.10%股票表决权（含登记在蓝海投控名下之 10.02%的你公司股票以及未登记在蓝海投控名下但其通过接受委托行使表决权之 15.08%你公司股票）。请你公司补充披露创锐投资间接取得委托行使表决权的合理性及有效性，是否得到该股份持有人李庆跃、吴宗泽、池旭明、俞尚东等的同意，是否存在法律障碍。



请你公司就上述问题做出书面说明，在2018年5月25日前将有



关说明材料报送我部并对外披露，同时抄报浙江证监局上市公司监管处。同时，提醒你公司：上市公司应当按照国家法律、法规、本所《股票上市规则》和《中小企业板上市公司规范运作指引》等规定，诚实守信，规范运作，认真和及时地履行信息披露义务。



特此函告



中小板公司管理部



2018年5月22日




[点击查看PDF原文]
提示：本网不保证其真实性和客观性，一切有关该股的有效信息，以交易所的公告为准，敬请投资者注意风险。
展开阅读全文"
故事讲完东晶也该退市了,"https://guba.eastmoney.com/news,002199,761977692.html",2018-05-23 11:37:36,故事讲完东晶也该退市了
稳住补仓，不要怂,"https://guba.eastmoney.com/news,002199,761981308.html",2018-05-23 11:50:03,稳住补仓，不要怂
保佑出点好消息吧，现在已经重仓了，没有钱补仓了,"https://guba.eastmoney.com/news,002199,762060278.html",2018-05-23 16:25:04,保佑出点好消息吧，现在已经重仓了，没有钱补仓了
小苏苏挺住啊？这次算买个教训。别放弃梦想,"https://guba.eastmoney.com/news,002199,761910622.html",2018-05-23 09:12:45,小苏苏挺住啊？这次算买个教训。别放弃梦想
平仓，跌至5元,"https://guba.eastmoney.com/news,002199,762074713.html",2018-05-23 17:53:56,惨
今天是不是有人爆仓了？,"https://guba.eastmoney.com/news,002199,761994069.html",2018-05-23 13:09:47,跌的那么厉害
东晶电子05月23日资金揭秘,"https://guba.eastmoney.com/news,002199,762059772.html",2018-05-23 16:22:40,"





今日东晶电子主力净流入额达-150.69万元，净占比-7.91%，
其中超大单净流入额0.00元,净占比0.00%，
大单净流入额-150.69万元，净占比-8.13%。







































东晶电子资金流向数据

类型	流入(万元)	流出(万元)
超大	0.00	0.00
大单	126.49	-277.19
中单	734.79	-889.16
小单	992.94	-687.88




资金解读





东晶电子收盘涨幅-3.01%，
其中，成交最活跃的价格分别为10.26、10.24、10.27，成交密集的手数区间分布于50-70、100-150、70-100手，小单介入居多。











成交活跃统计


9:30-15:00成交均价9.97













































成交价格	主买累计成交量	主卖累计成交量	主买占比	主卖占比
10.26	11400	2600	0.60%	0.14%
10.24	3000	10600	0.16%	0.56%
10.27	2500	2100	0.13%	0.11%
10.28	700	700	0.04%	0.04%
10.25	0	900	0.00%	0.05%












































成交手数分布	主买累计成交量	主卖累计成交量	主买估算笔数	主卖估算笔数
50-70	78632	141919	1123	2027
100-150	42431	109200	283	728
70-100	31350	77569	314	776
200-300	24000	44900	80	150
150-200	0	49300	0	247




左右拖动表格，可查看剩余表格内容


行业个股资金流

























































电子元件成分股主力净流入排行
序号	代码	名称	涨幅	主力净流入
1	300390	天华超净	9.98%	9930.20万
2	002129	中环股份	2.54%	6557.84万
3	603386	广东骏亚	10.00%	5980.16万
4	002925	盈趣科技	3.06%	4991.04万
5	300739	明阳电路	4.07%	4550.63万
103	002199	东晶电子	-3.01%	-150.69万


数据来源:东方财富






展开阅读全文"
严打炒股型上市公司,"https://guba.eastmoney.com/news,002199,762045397.html",2018-05-23 15:10:59,卖
靠炒股维持上市公司是思路一条，还是学学巴菲特吧,"https://guba.eastmoney.com/news,002199,762044969.html",2018-05-23 15:09:21,卖
东晶实控人已经变更完毕了吗？生效了吗？,"https://guba.eastmoney.com/news,002199,762020116.html",2018-05-23 14:12:22,"东晶实控人已经变更完毕了吗？生效了吗？
东晶电子
东晶电子：您好，公司控制权变更仍在进展中。公司将按照规定及时对实际控制人变更事项的后续进展情况进行披露。感谢关注。
(来自深交所互动易)答复时间 2018-06-06 16:24:00"
这么些年的妖股了,"https://guba.eastmoney.com/news,002199,762006969.html",2018-05-23 13:42:27,这么些年的妖股了
买一套一，来俩套双！,"https://guba.eastmoney.com/news,002199,762000951.html",2018-05-23 13:28:55,买一套一，来俩套双！
澄清之后估计就会涨了，25日之前,"https://guba.eastmoney.com/news,002199,761993864.html",2018-05-23 13:09:11,澄清之后估计就会涨了，25日之前
补多套多别听庄托！,"https://guba.eastmoney.com/news,002199,761982887.html",2018-05-23 11:57:46,补多套多别听庄托！
屁股向下一路拉屎！,"https://guba.eastmoney.com/news,002199,761975580.html",2018-05-23 11:31:08,屁股向下一路拉屎！
别做梦涨了，周线月线以破位，一路阴跌至5元！,"https://guba.eastmoney.com/news,002199,761969139.html",2018-05-23 11:17:05,别做梦涨了，周线月线以破位，一路阴跌至5元！
能卖的都是高手，留着的都是傻蛋！！！,"https://guba.eastmoney.com/news,002199,761962644.html",2018-05-23 11:03:32,能卖的都是高手，留着的都是傻蛋！！！
东晶退市以定！！！,"https://guba.eastmoney.com/news,002199,761961969.html",2018-05-23 11:02:09,东晶退市以定！！！
纸是包不住火的，臭媳妇总要见公婆。坦白一点，或许还有机会。,"https://guba.eastmoney.com/news,002199,761959971.html",2018-05-23 10:58:05,纸是包不住火的，臭媳妇总要见公婆。坦白一点，或许还有机会。
利空出尽！企稳逐步向上！,"https://guba.eastmoney.com/news,002199,761798697.html",2018-05-22 15:27:50,利空出尽！企稳逐步向上！
垃圾股，等着和吉恩一起退市吧,"https://guba.eastmoney.com/news,002199,761837198.html",2018-05-22 19:10:53,垃圾股，等着和吉恩一起退市吧
东晶电子05月22日资金揭秘,"https://guba.eastmoney.com/news,002199,761811246.html",2018-05-22 16:22:04,"





今日东晶电子主力净流入额达-66.81万元，净占比-8.10%，
其中超大单净流入额0.00元,净占比0.00%，
大单净流入额-66.81万元，净占比-8.34%。







































东晶电子资金流向数据

类型	流入(万元)	流出(万元)
超大	0.00	0.00
大单	108.61	-175.41
中单	271.93	-321.27
小单	420.16	-304.02




资金解读





东晶电子收盘涨幅-0.87%，
其中，成交最活跃的价格分别为10.35、10.36、10.38，成交密集的手数区间分布于100-150、300-500、200-300手，小单介入居多。











成交活跃统计


9:30-15:00成交均价10.22













































成交价格	主买累计成交量	主卖累计成交量	主买占比	主卖占比
10.35	44000	18200	5.49%	2.27%
10.36	4500	5400	0.56%	0.67%
10.38	5400	0	0.67%	0.00%
10.37	400	3600	0.05%	0.45%
10.39	300	0	0.04%	0.00%












































成交手数分布	主买累计成交量	主卖累计成交量	主买估算笔数	主卖估算笔数
100-150	44800	14600	299	97
300-500	32500	0	65	0
200-300	0	23600	0	79
70-100	15300	7200	153	72
150-200	0	19800	0	99




左右拖动表格，可查看剩余表格内容


行业个股资金流

























































电子元件成分股主力净流入排行
序号	代码	名称	涨幅	主力净流入
1	300735	光弘科技	6.51%	9000.57万
2	600330	天通股份	5.84%	6727.67万
3	002806	华锋股份	6.31%	4782.79万
4	000988	华工科技	1.87%	3171.33万
5	002512	达华智能	3.37%	2911.51万
95	002199	东晶电子	-0.87%	-66.81万


数据来源:东方财富






展开阅读全文"
买了你  你就拉后腿！,"https://guba.eastmoney.com/news,002199,761800405.html",2018-05-22 15:35:48,买了你 你就拉后腿！
大家把钱交给你  你却是个大废物  以后没人用你了！,"https://guba.eastmoney.com/news,002199,761798439.html",2018-05-22 15:26:40,大家把钱交给你 你却是个大废物 以后没人用你了！
东晶电子短期不会这么快企稳。其实你如果不舍得割肉，可以这样做。,"https://guba.eastmoney.com/news,002199,760532472.html",2018-05-15 17:11:22,"如果亏损比较严重可以不割肉，做法就是把大部分割掉，留个几手或者一手做底仓，然后去关注其他股票，在其他有行情的股票赚回来一些损失，这个股票也随时关注，等到真正企稳，满仓买回来，这样成本就拉低了很多，如果你死守，场外资金也不多。那你就只有白白的等待，到时候，就算解套，那也是半年以后的事情了，你就竹篮打水一场空！
短期可以关注600213亚星客车，目前正在缓步上涨态势，短线目标10.8.
000010前期涨了一波，目前缩量整理企稳，短线还有上冲的可能，短线目标先关注4.15~4.20.如果突破可能会有新行情！"
蓄势待发,"https://guba.eastmoney.com/news,002199,761748915.html",2018-05-22 13:18:17,蓄势待发
故事讲完了，快撤！,"https://guba.eastmoney.com/news,002199,761740500.html",2018-05-22 12:38:17,故事讲完了，快撤！
开涨了可能吗？看着反弹实则出货！！！,"https://guba.eastmoney.com/news,002199,761740296.html",2018-05-22 12:36:36,开涨了可能吗？看着反弹实则出货！！！
今天加一点,"https://guba.eastmoney.com/news,002199,761703081.html",2018-05-22 10:39:03,今天加一点
开涨了，赶紧买入,"https://guba.eastmoney.com/news,002199,761702047.html",2018-05-22 10:36:53,开涨了，赶紧买入
开涨了,"https://guba.eastmoney.com/news,002199,761673145.html",2018-05-22 09:40:25,开涨了
这个基金最差劲！没信任度了！,"https://guba.eastmoney.com/news,002199,761615881.html",2018-05-21 21:06:37,这个基金最差劲！没信任度了！
这基太差劲，涨一点就偷吃，而且太明鲜，今天卖了,"https://guba.eastmoney.com/news,002199,761606294.html",2018-05-21 19:59:39,这基太差劲，涨一点就偷吃，而且太明鲜，今天卖了
今天涨1.21％，又食0.1％以上！,"https://guba.eastmoney.com/news,002199,761600940.html",2018-05-21 19:23:18,今天涨1.21％，又食0.1％以上！
东晶电子:关于全资子公司设立完成的公告,"https://guba.eastmoney.com/news,002199,761581044.html",2018-05-21 17:03:42,"公告日期：2018-05-22
证券代码：002199 证券简称：东晶电子 公告编号：2018024



浙江东晶电子股份有限公司



关于全资子公司设立完成的公告



本公司全体董事保证公告内容真实、准确和完整，并对公告的虚假记载、误导性陈述或者重大遗漏负连带责任。



浙江东晶电子股份有限公司（以下简称“公司”）于2018年5月8日召开第五



届董事会第十四次会议，会议审议通过了《关于设立全资子公司的议案》，具体详见公司于2018年5月9日在公司指定披露媒体刊登的《关于拟设立全资子公司的公告》（公告编号：2018020）



近日，经宁波市北仑区市场监督管理局核准，公司完成了对全资子公司浙江宏瑞供应链管理有限公司的工商注册登记手续并领取了营业执照，具体如下：1、名称：浙江宏瑞供应链管理有限公司



2、类型：有限责任公司（非自然人投资或控股的法人独资）



3、统一社会信用代码：91330206MA2AJR154M



4、住所：浙江省宁波市北仑区梅山盐场1号办公楼十一号2870室



5、法定代表人：王皓



6、注册资本：壹亿元整



7、营业期限：2018年5月17日至长期



8、经营范围：供应链管理；投资咨询；投资管理；电子产品、金属材料、金属制品的批发、零售。（未经金融等监管部门批准不得从事吸收存款、融资担保、代客理财、向社会公众集（融）资等金融业务）（依法须经批准的项目，经相关部门批准后方可开展经营活动）



特此公告



浙江东晶电子股份有限公司



董事会



二〇一八年五月二十二日




[点击查看PDF原文]
提示：本网不保证其真实性和客观性，一切有关该股的有效信息，以交易所的公告为准，敬请投资者注意风险。
展开阅读全文"
东晶电子:关于收到临沂市兰山区人民法院传票及相关法律文书的公告,"https://guba.eastmoney.com/news,002199,761580936.html",2018-05-21 17:02:58,"公告日期：2018-05-22
证券代码：002199 证券简称：东晶电子 公告编号：2018023



浙江东晶电子股份有限公司



关于收到临沂市兰山区人民法院传票及相关法律文书的公告



本公司及董事会全体成员保证信息披露的内容真实、准确、完整，没有虚假记载、误导性陈述或重大遗漏。



一、诉讼概况介绍



浙江东晶电子股份有限公司（以下简称“公司”）于2018年5月14日在公司指定信息披露媒体披露了《关于公司部分银行账户被冻结的公告》（公告编号：2018021）：因刘润东与苏思通、朱嬛、蓝海思通投资控股（上海）有限公司及公司民间借贷纠纷一案，公司在中国银行金华分行的账户被暂停支付12个月（从2018年5月10日至2019年5月9日）。近日经公司委托律师前往临沂市兰山区人民法院（以下简称“兰山法院”）了解案情，签收了案号为（2018）鲁1302民初8173号的《民事裁定书》（财产保全）、《应诉通知书》、《民事起诉状》、《举证通知书》及《开庭传票》。



二、收到相关法律文书的主要内容



（一）《民事裁定书》的主要内容



申请人刘润东与被申请人苏思通、朱嬛、蓝海思通投资控股（上海）有限公司、浙江东晶电子股份有限公司民间借贷纠纷一案，刘润东于2018年5月7日向兰山法院申请财产保全，请求查封（冻结）被申请人苏思通、朱嬛、蓝海思通投资控股（上海）有限公司、浙江东晶电子股份有限公司价值3000万元的财产一宗，并已向兰山法院提供了担保。



兰山法院经审查认为，申请人的申请，符合法律规定，依照《中华人民共和国民事诉讼法》第一百条、第一百零二条、第一百零三条第一款规定，裁定如下：



（1） 查封（冻结）被申请人苏思通、朱嬛、蓝海思通投资控股（上海）有限公



司、浙江东晶电子股份有限公司价值3000万元的财产一宗。



（2） 冻结银行存款的期限为1年；查封动产的期限为2年；查封不动产的期限为3



年。



需要续行查封、冻结的，应当在查封、冻结限届满7日前向兰山法院提出续行查封、冻结的书面申请；履行义务后可以申请解除保全。



（二）《应诉通知书》的主要内容



兰山法院已受理原告刘润东诉公司民间借贷纠纷一案，通知公司有权依法行使诉讼权利，履行诉讼义务，要求公司在收到起诉状副本后十五日内向兰山法院提交答辩状。



（三）《民事起诉状》的主要内容



1、诉讼当事人



原告：刘润东，男，1990年1月9日出生，汉族，居民



被告：苏思通，男，1983年8月9日出生，汉族，居民



被告：朱嬛，女，1987年9月22日生，汉族，居民，系苏思通之妻



被告：蓝海思通投资控股（上海）有限公司，法定代表人：朱大为，执行董事被告：浙江东晶电子股份有限公司，法定代表人：王皓，董事长



被告：北京蓝海韬略资本运营中心（有限合伙），执行事务合伙人：苏思通，经理



2、诉讼请求



（1）请求判令各被告共同或连带偿还原告借款1,950万元以及利息、违约金；



（2）本案的诉讼费、保全费等由被告承担。



3、事实和理由：



2017年4月27日，被告苏思通向原告出具结算条，确认尚欠原告8,437万元未偿还。



该笔借款由被告之妻朱嬛及其实际控制的蓝海思通投资控股（上海）有限公司、浙江东晶电子股份有限公司提供担保。现被告苏思通尚欠原告部分本金及利息、违约金未偿还，且被告之间存在人格相互混同等之情形，经原告多次催要，被告拒不结算，拒不偿还。



（四）《开庭传票》的主要内容



兰山法院要求公司于2018年7月2日，到兰山法院参加案号为（2018）鲁1302民初8173号的民间借贷纠纷一案的开庭审理。



三、公司对上述诉讼事项的说明



公司对兰山法院提供的《民事起诉状》随附的《担保书》复印件（苏思通签字并加盖手印、加盖公司公章）进行核查，确认公司董事会和股东大会未审议过任何对苏思通及其关联方债务的担保事项，该份《担保书》在公司正常合同审批流程和公司用章审批流程中从未出现过，公司未签署过该份《担保书》。公司将在开庭审理时请求对所盖印章真伪进行司法鉴定。



四、判决或裁决情况



上述案件尚未开庭审理，公司将按照有关规定并根据本案进展情况及时履行信息披露义务。



五、其他尚未披露的诉讼仲裁事项



公司没有应披露而未披露的其他诉讼、仲裁事项。……
[点击查看PDF原文]
提示：本网不保证其真实性和客观性，一切有关该股的有效信息，以交易所的公告为准，敬请投资者注意风险。
展开阅读全文"
杠杆玩家退潮进行时！明星私募都栽了，你还敢炒壳？,"https://guba.eastmoney.com/news,002199,761577023.html",2018-05-21 16:42:45,"来源：浙江资本圈


几天前，曾经的私募冠军新价值罗伟广身陷债务危机，所持金刚玻璃股份被冻结。


几天前，*ST 天马老板星河系徐茂栋无力支付购回金额，华融证券向法院申请拟对质押标的进行相关处置。


几天前，曾经的私募冠军蓝海系苏思通也曝出债务危机，旗下东晶电子的银行账户给法院冻结了。


资本滑铁卢名单上，还有夏建统、颜静刚……


1）“快刀八郎”绚烂时刻


苏思通的蓝海系确曾绚烂，却如烟花般短暂。


蓝海系掌门苏思通，出生于1983年，曾任职于新时代证券等机构，有着十余年的资本市场运作经历，投资风格以快、准、狠著称，市场人称“快刀八郎”。


几年前，“蓝海一号”在私募排排网的宣传材料上写道：“泽熙旧部，重出江湖；快刀八郎，唯苏思通。操作手法，快进快出，极稳极狠。”


这名号，的确让人联想到前总舵主的“一字断魂刀”。


北京蓝海韬略资本运营中心是蓝海系私募产品的运营主体，“蓝海一号”2016年以绝对优势摘下私募桂冠，发行过“蓝海二号”、“蓝海三号”、“蓝海金牛”、“蓝海稳定成长”、“蓝海汇金”等12只产品。


蓝海韬略在基金业协会的登记备案时间是2015年6月5日，法人代表和总经理均是苏思通。


苏思通一战成名的“蓝海一号”成立于2015年12月23号，成功躲过熔断暴跌。产品获批后，于2016年1月19日开始建仓，加上A股在2016年二季度快速反弹，该产品于2016年7月22日达到3.0114元的净值高点。2016年，“蓝海一号”以181%的收益率问鼎。


但2017年，蓝海系竟满仓遭遇小股灾，净值一跌再跌。


曾经风光无二的苏思通，此后再难复当年之勇，旗下12只私募产品6只提前清算！


2）鲁西南的清华生


苏思通是何来历？泽熙旧部无据可考，其与另一曾经的资本大系有染，并曾与温州帮同声共气，一度也遭遇监管部门调查。


苏思通的过往，公开报道是这么说的：


苏思通出生于鲁西南的一个小村子里，清华大学毕业后，就职于北京城建经纪公司。2007年苏思通与几个好友合资5万块以“定金订房”的方式进行房屋转卖赚得第一桶金。2008年，在美国次贷危机的影响下，苏思通果断放弃“炒房”。


离开楼市的苏思通以其敏锐的洞察力进入黄金市场，他以300万元开了黄金期货账户，准备做空黄金。在两个月的时间里，获利700多万元。用他自己的话说“这个时候点燃了自己的贪婪和奢望”。在苏思通选择全仓跟进后，历史上前所未有的一个“奇观”：“美元和黄金双双上涨”。在坚持了三个月后，苏思通遭遇账户爆仓。


在遭遇打击后，苏思通去了新时代证券做客户经理，积累客户，准备东山再起。2013年，离开新时代证券，成立私募公司。


可见，高学历的苏思通，是个极为激进的投机者。但苏思通难道不知道？“蓝海一号”的绚烂，只是因为碰巧踏准了市场的节奏，加之一些二级市场的小动作使然。


说句大实话，自称泽熙旧部的苏思通，比起前辈徐大佬，差的可不只是解放南路一条街。


3）失意东晶电子


蓝海系成长于2015年，2016年扬名。


2016年末，苏思通掌控的蓝海投控以20元/股、2.45亿元的对价，获得*ST东晶5.03%股权，并将剩余的15.08%股权对应的表决权收入囊中。


2.45亿元掌控一家上市公司，成本极低。当然，苏思通必然拍着胸脯打了包票，要给东晶电子改头换面。


四个月后，苏思通又秀了秀肌肉。2017年4月5日至4月7日三天，蓝海投控耗资约2.4亿元完成二次举牌，直接持股比例升至10%，增持成本约20元/股。


蓝海入主之后，空降大将——1988年出生、投行背景的王皓，也是苏思通的拍档，成为上市公司董事长兼董秘。但一年多过去了，东晶电子除了勉强保壳之外，庸碌无为。东晶电子5月15日最新股价为10.43元！股价已被腰斩！


卖壳，成了苏思通的唯一选择。东晶电子4月20日披露，实控人苏思通拟将其持有的蓝海投控5.28亿元有限合伙财产份额分别向创锐投资及鹰虹投资转让，同时将其持有的思通卓志51%的股权零价转让给创锐投资。


交易完成后，创锐投资将成为蓝海投控执行事务合伙人（GP）思通卓志的控股股东，创锐投资间接掌控东晶电子25.10%股票表决权，上市公司实际控制人变更为钱建蓉。


看本次交易结构，钱老板这次是平价受让了东晶电子控股权，但须背负50%的浮亏再次出发。


赌局嘛，认栽出局也是最佳选择之一。但近期东晶电子又披露，因涉苏思通个人债务纠纷，上市公司的银行账户被冻结。


这就引人担忧了：苏思通究竟还有多少隐性债务？会对东晶电子带来何种影响？


据 “浙江资本圈”观测，但凡近年激进扩张的资本系，在这波去杠杆风浪中伤亡惨重。所以，管好你口袋里的钱，不要撬动欲望的杠杆。
展开阅读全文"
东晶电子05月21日资金揭秘,"https://guba.eastmoney.com/news,002199,761571768.html",2018-05-21 16:21:32,"





今日东晶电子主力净流入额达-135.80万元，净占比-9.37%，
其中超大单净流入额0.00元,净占比0.00%，
大单净流入额-135.80万元，净占比-9.45%。







































东晶电子资金流向数据

类型	流入(万元)	流出(万元)
超大	0.00	0.00
大单	333.47	-469.27
中单	655.49	-478.11
小单	448.57	-490.14




资金解读





东晶电子收盘涨幅0.97%，
其中，成交最活跃的价格分别为10.42、10.44、10.45，成交密集的手数区间分布于200-300、70-100、100-150手，中单介入居多。











成交活跃统计


9:30-15:00成交均价10.39













































成交价格	主买累计成交量	主卖累计成交量	主买占比	主卖占比
10.42	57000	65300	4.09%	4.68%
10.44	68167	31533	4.89%	2.26%
10.45	37200	23300	2.67%	1.67%
10.43	39400	11800	2.83%	0.85%
10.46	37000	0	2.65%	0.00%












































成交手数分布	主买累计成交量	主卖累计成交量	主买估算笔数	主卖估算笔数
200-300	73600	60000	245	200
70-100	61331	69100	613	691
100-150	24500	94600	163	631
150-200	18567	72800	93	364
300-500	0	75500	0	151




左右拖动表格，可查看剩余表格内容


行业个股资金流

























































电子元件成分股主力净流入排行
序号	代码	名称	涨幅	主力净流入
1	002049	紫光国微	5.00%	20341.04万
2	002241	歌尔股份	9.01%	15179.93万
3	600703	三安光电	3.88%	14238.34万
4	002916	深南电路	3.71%	7256.88万
5	002180	纳思达	7.09%	6565.76万
143	002199	东晶电子	0.97%	-135.80万


数据来源:东方财富






展开阅读全文"
请问各位基友，我上周一15点前买的，今天15点前卖掉，手续费算多少？算七天吗？,"https://guba.eastmoney.com/news,002199,761482623.html",2018-05-21 11:08:58,请问各位基友，我上周一15点前买的，今天15点前卖掉，手续费算多少？算七天吗？
别人都2个3个的往上窜  你却寸步的爬行  下溜你挺快！,"https://guba.eastmoney.com/news,002199,761533930.html",2018-05-21 14:16:18,别人都2个3个的往上窜 你却寸步的爬行 下溜你挺快！
走势猥琐至极，下流股,"https://guba.eastmoney.com/news,002199,761532595.html",2018-05-21 14:12:51,走势猥琐至极，下流股
你今天不上2个点，对不起我守你几个月。,"https://guba.eastmoney.com/news,002199,761516396.html",2018-05-21 13:31:34,你今天不上2个点，对不起我守你几个月。
你再不涨几天怎么也说不过去。,"https://guba.eastmoney.com/news,002199,761498777.html",2018-05-21 12:05:15,你再不涨几天怎么也说不过去。
请问基友，上周一15点前买的，今天15点前卖掉，手续费多少？算七天吗？,"https://guba.eastmoney.com/news,002199,761486335.html",2018-05-21 11:18:28,请问基友，上周一15点前买的，今天15点前卖掉，手续费多少？算七天吗？
怎么发帖发不出？,"https://guba.eastmoney.com/news,002199,761485765.html",2018-05-21 11:16:50,怎么发帖发不出？
请问各位基友，我上周一15点买的，今天15点前卖掉，手续费是多少？算持有7天吗？,"https://guba.eastmoney.com/news,002199,761481684.html",2018-05-21 11:06:43,请问各位基友，我上周一15点买的，今天15点前卖掉，手续费是多少？算持有7天吗？
马上要涨了吧,"https://guba.eastmoney.com/news,002199,761446274.html",2018-05-21 09:48:47,马上要涨了吧
东晶电子05月18日资金揭秘,"https://guba.eastmoney.com/news,002199,761392304.html",2018-05-20 17:23:25,"





今日东晶电子主力净流入额达51.71万元，净占比5.90%，
其中超大单净流入额0.00元,净占比0.00%，
大单净流入额51.71万元，净占比6.13%。







































东晶电子资金流向数据

类型	流入(万元)	流出(万元)
超大	0.00	0.00
大单	140.32	-88.61
中单	381.34	-347.10
小单	321.54	-407.48




资金解读





东晶电子收盘涨幅1.28%，
其中，成交最活跃的价格分别为10.29、10.30、10.33，成交密集的手数区间分布于50-70、70-100、100-150手，小单介入居多。











成交活跃统计


9:30-15:00成交均价10.17













































成交价格	主买累计成交量	主卖累计成交量	主买占比	主卖占比
10.29	37000	15400	4.31%	1.80%
10.30	23500	4200	2.74%	0.49%
10.33	21400	5600	2.49%	0.65%
10.32	15000	2700	1.75%	0.31%
10.31	3900	2500	0.45%	0.29%












































成交手数分布	主买累计成交量	主卖累计成交量	主买估算笔数	主卖估算笔数
50-70	43700	38100	624	544
70-100	8400	70900	84	709
100-150	53300	22500	355	150
150-200	34200	0	171	0
200-300	0	20000	0	67




左右拖动表格，可查看剩余表格内容


行业个股资金流

























































电子元件成分股主力净流入排行
序号	代码	名称	涨幅	主力净流入
1	600884	杉杉股份	4.71%	9017.80万
2	300014	亿纬锂能	2.24%	2814.03万
3	002156	通富微电	2.07%	2067.93万
4	002179	中航光电	1.42%	1914.96万
5	002288	超华科技	1.37%	1851.99万
49	002199	东晶电子	1.28%	51.71万


数据来源:东方财富






展开阅读全文"
东晶电子05月17日资金揭秘,"https://guba.eastmoney.com/news,002199,761389901.html",2018-05-20 17:12:08,"





今日东晶电子主力净流入额达6.28万元，净占比0.55%，
其中超大单净流入额0.00元,净占比0.00%，
大单净流入额6.28万元，净占比0.56%。







































东晶电子资金流向数据

类型	流入(万元)	流出(万元)
超大	0.00	0.00
大单	39.52	-33.24
中单	568.93	-646.62
小单	505.38	-433.97




资金解读





东晶电子收盘涨幅-0.39%，
其中，成交最活跃的价格分别为10.28、10.30、10.29，成交密集的手数区间分布于30-50、100-150、50-70手，小单介入居多。











成交活跃统计


9:30-15:00成交均价10.23













































成交价格	主买累计成交量	主卖累计成交量	主买占比	主卖占比
10.28	59200	29700	5.29%	2.65%
10.30	48600	13800	4.34%	1.23%
10.29	20900	1600	1.87%	0.14%
10.32	5900	0	0.53%	0.00%
10.31	4300	0	0.38%	0.00%












































成交手数分布	主买累计成交量	主卖累计成交量	主买估算笔数	主卖估算笔数
30-50	50200	87713	1004	1754
100-150	65900	67500	439	450
50-70	43901	84299	627	1204
70-100	22213	58613	222	586
150-200	16700	50087	84	250




左右拖动表格，可查看剩余表格内容


行业个股资金流

























































电子元件成分股主力净流入排行
序号	代码	名称	涨幅	主力净流入
1	000988	华工科技	4.24%	8570.94万
2	002371	北方华创	2.72%	4530.34万
3	600183	生益科技	0.00%	1857.76万
4	002782	可立克	2.62%	1803.22万
5	600884	杉杉股份	0.72%	1622.64万
52	002199	东晶电子	-0.39%	6.28万


数据来源:东方财富






展开阅读全文"
东晶电子05月16日资金揭秘,"https://guba.eastmoney.com/news,002199,761387459.html",2018-05-20 16:59:21,"





今日东晶电子主力净流入额达-293.61万元，净占比-14.78%，
其中超大单净流入额0.00元,净占比0.00%，
大单净流入额-293.61万元，净占比-15.47%。







































东晶电子资金流向数据

类型	流入(万元)	流出(万元)
超大	0.00	0.00
大单	193.07	-486.68
中单	750.87	-698.94
小单	954.12	-712.44




资金解读





东晶电子收盘涨幅-2.21%，
其中，成交最活跃的价格分别为10.30、10.32、10.31，成交密集的手数区间分布于200-300、100-150、70-100手，中单介入居多。











成交活跃统计


9:30-15:00成交均价10.04













































成交价格	主买累计成交量	主卖累计成交量	主买占比	主卖占比
10.30	15200	47800	0.78%	2.46%
10.32	16400	15300	0.84%	0.79%
10.31	3400	13100	0.17%	0.67%
10.29	600	11300	0.03%	0.58%
10.33	5900	0	0.30%	0.00%












































成交手数分布	主买累计成交量	主卖累计成交量	主买估算笔数	主卖估算笔数
200-300	29300	92200	98	307
100-150	22800	88738	152	592
70-100	40112	65838	401	658
150-200	46900	48700	235	244
300-500	0	62000	0	124




左右拖动表格，可查看剩余表格内容


行业个股资金流

























































电子元件成分股主力净流入排行
序号	代码	名称	涨幅	主力净流入
1	002308	威创股份	10.00%	10152.54万
2	600703	三安光电	1.15%	8538.46万
3	000636	风华高科	2.56%	5864.21万
4	600183	生益科技	0.07%	2854.31万
5	002179	中航光电	1.55%	2712.63万
114	002199	东晶电子	-2.21%	-293.61万


数据来源:东方财富






展开阅读全文"
东晶电子部分银行账户被冻结,"https://guba.eastmoney.com/news,002199,760258915.html",2018-05-14 14:24:52,"来源：中证网
东晶电子(002199)5月14日午间公告，于近日查询公司银行账户发现，公司在中国银行金华分行(简称“金华中行”)的账户被暂停支付12个月。经公司向金华中行询问，根据山东省临沂市兰山法院向金华中行出具的法律文书，因刘润东与苏思通、朱嬛、蓝海思通投资控股(上海)有限公司及公司民间借贷纠纷一案，经刘润东申请，兰山法院对公司在金华中行的银行账户于2018年5月10日采取了冻结资金的强制措施。

　　据公告，经公司自查，公司未与刘苏等4方发生任何资金往来，公司董事会和股东大会未审议过公司与刘苏等4方的任何债务及担保事项，公司未与刘苏等4方签署任何债务及担保相关的协议或法律文件。
　　截至本公告披露之日，公司的全部主营业务石英晶体元器件业务由全资子公司东晶电子金华有限公司(以下简称“东晶金华”)经营，东晶金华作为独立法人主体运营，经自查业务开展和现金周转情况良好。
　　公司表示，本次公司被冻结账户为母公司所使用之银行账户，日常主要用于支付母公司层面之管理费用，涉及往来资金金额较小，不会影响公司的日常经营活动和正常的管理活动。(董安琪)
（来源：中证网 2018-05-14 14:24）[点击查看原文]"
涨0.3％,"https://guba.eastmoney.com/news,002199,761264109.html",2018-05-18 20:17:39,涨0.3％
让人恶心的经理！,"https://guba.eastmoney.com/news,002199,761245796.html",2018-05-18 17:26:32,让人恶心的经理！
"糟糕,动态股东数增加了!","https://guba.eastmoney.com/news,002199,761173899.html",2018-05-18 13:28:08,"糟糕,动态股东数增加了!昨天收盘动态股东数8653人,今天现在查8705人!
散户不走,庄家不拉!"
下个星期东晶前面肯定加st了,"https://guba.eastmoney.com/news,002199,761162745.html",2018-05-18 12:51:30,下个星期东晶前面肯定加st了
"空头接近最后一击,连续的长阴短柱骗你筹码赶快交出来.","https://guba.eastmoney.com/news,002199,761107167.html",2018-05-18 10:06:03,"连续的长阴短柱后,空头压单必然涨,时不时抛大单吓一吓人,其实不过接近最后一击,骗你筹码赶快交出来."
跌得差不多了，该涨了吧,"https://guba.eastmoney.com/news,002199,761123925.html",2018-05-18 10:38:35,跌得差不多了，该涨了吧
等消息，这个股现在不能看技术指标。,"https://guba.eastmoney.com/news,002199,761119549.html",2018-05-18 10:29:37,等消息，这个股现在不能看技术指标。
这里害人不浅啊，投资6万加仓两次共10万，损我6钱大洋呢！何以平天下,"https://guba.eastmoney.com/news,002199,761069616.html",2018-05-18 06:43:17,这里害人不浅啊，投资6万加仓两次共10万，损我6钱大洋呢！何以平天下
明天没有错的话应该低开，踩地雷了,"https://guba.eastmoney.com/news,002199,761045916.html",2018-05-17 22:57:14,明天没有错的话应该低开，踩地雷了
坑不够深、使劲挖！,"https://guba.eastmoney.com/news,002199,761056018.html",2018-05-18 00:52:04,庄家挖个大坑、我们小散才有机会低价入货。
会不会加上ST 东晶电子(002199)银行账户遭冻结,"https://guba.eastmoney.com/news,002199,761035251.html",2018-05-17 21:34:57,凡银行账户遭冻结都会加上ST的
打开周线月线才发现这股完了，要过完5元大底才有起色！,"https://guba.eastmoney.com/news,002199,761025087.html",2018-05-17 20:22:43,打开周线月线才发现这股完了，要过完5元大底才有起色！
私募冠军苏思通摊上大事，竟导致东晶电子银行账户被冻结！,"https://guba.eastmoney.com/news,002199,761017861.html",2018-05-17 19:34:50,"来源：每日经济新闻
　　前私募冠军苏思通投资风格以快、准、狠著称，2016年让苏思通一战成名的产品蓝海一号以180.92%的收益成为当之无愧的私募冠军。但私募冠军的风光并未延续太久，此后市场陆续传出苏思通旗下私募产品清盘的消息。值得注意的是，日前东晶电子的一则公告揭开了苏思通的债务危机，东晶电子5月14日公告称，大股东苏思通陷民间借贷诉讼，并牵连上市公司，致公司银行账户遭法院冻结。


　　东晶电子银行账户遭法院冻结


　　2018年5月14日，东晶电子发布公告称，公司于近日查询公司银行账户发现，公司在中国银行金华分行的账户被暂停支付12个月(从2018年5月10日至2019年5月9日)。经公司向金华中行询问，根据山东省临沂市兰山区人民法院向金华中行出具的法律文书，因刘润东与苏思通、朱嬛、蓝海思通投资控股(上海)有限公司及公司民间借贷纠纷一案，经刘润东申请，兰山法院对公司在金华中行的银行账户于2018年5月10日采取了冻结资金的强制措施。


(图片来自：上市公司公告)
　　值得注意的是，经东晶电子自查，公司未与刘润东、苏思通、朱嬛、蓝海思通投资控股(上海)有限公司(以下合称“刘苏等4方”)发生任何资金往来，公司董事会和股东大会未审议过公司与刘苏等4方的任何债务及担保事项，公司未与刘苏等4方签署任何债务及担保相关的协议或法律文件。


　　针对上述事宜，经公司向苏思通本人询问，苏思通出具了书面的《确认函》。苏思通对相关事宜确认如下：


　　1、东晶电子未为本人或本人关联方提供任何形式的担保(包括但不限于保证、抵押、质押)，本人与自然人刘润东的民间借贷纠纷与东晶电子无任何关联。


　　2、东晶电子如因上述民间借贷纠纷遭受任何风险或损失的，由本人负责承担或赔偿。


　　3、本确认函及确认事项于本人签字之日起生效并对本人产生完全的法律约束力；未经东晶电子书面同意，本人不对本承诺函及承诺事项进行任何撤销、撤回、变更或终止。


　　4、因上述民间借贷纠纷导致的信息披露、责任承担等相关事项，需本人配合签署其他相关文件的，本人承诺无条件配合东晶电子签署相关文件。


　　值得注意的是，东晶电子和私募冠军苏思通的交集还要回溯到2016年11月份，当时苏思通凭借旗下私募基金取得优异的成绩，势头正盛的苏思通凭借其控制的蓝海投控，以2.45亿元收购ST东晶5.03%股份以及获得当时公司实控人李庆跃和其他三位股东对应15.08%表决权，以合计20.11%的表决权成为新的实控人。到了2017年4月，蓝海投控又耗资约2.4亿元完成二次举牌，将持股比例升至10.03%。


　　对于私募冠军的强势入局，市场对此寄予厚望，但是苏思通入主东晶电子后，在资本运作上面一直没有动作，同时东晶电子的业绩也无太大起色，2017年年报显示，东晶电子实现营收2.32亿元，扣非净利润亏损1200万元，已经连续5年为负值。截至5月17日收盘，东晶电子报收10.16元/股，与蓝海投控入主东晶电子时成本约20元/股，几乎腰斩。对此火山君电话联系了东晶电子证券部的一位工作人员，她告诉火山君，目前苏思通的股权还未成功转让，而对于苏思通的民间借贷行为，公司没有为其做任何担保。


　　私募冠军苏思通陷入民间借贷纠纷


　　值得注意的是，东晶电子在2018年4月20日发布公告称，4月19日东晶电子接到实际控制人苏思通通知，苏思通与上海创锐投资、上海鹰虹投资等签署《财产份额转让协议》，该事项将导致公司控制权变更，具体情况如下：公司实际控制人苏思通与创锐投资、鹰虹投资于4月18日签署《财产份额转让协议》，约定苏思通将其实际持有的宁波梅山保税港区蓝海投控投资管理中心(以下简称“蓝海投控”)5.28亿元有限合伙财产份额分别向创锐投资及鹰虹投资转让，其中将3.566亿元财产份额(占比67.53%)转让给创锐投资、将1.71亿元财产份额(占比32.45%)转让给鹰虹投资；同时苏思通与创锐投资签署《股权转让协议》，约定苏思通将其持有的宁波梅山保税港区思通卓志投资管理有限公司(以下简称“思通卓志”)51.00%的股权以0元价格转让给创锐投资。


　　本次权益变动全部完成后，创锐投资将成为蓝海投控执行事务合伙人思通卓志的控股股东，创锐投资通过取得思通卓志51.00%股权以及取得蓝海投控67.53%有限合伙财产份额，从而间接取得蓝海投控所持有的东晶电子25.10%股票表决权，公司控股股东仍然为蓝海投控，实际控制人将变更为钱建蓉。


　　值得注意的是，在4月28日，东晶电子回复了浙江证监局的问询函，对于要求公司具体说明苏思通与上海鹰虹投资之间债权债务形成的原因、过程、处理及结果，公司在回复中表示，今年2月5日，苏思通从鹰虹投资处借款2.01亿元，借款利率为年化12%，借款期限为6个月，协议由蓝海投控与北京蓝海韬略资本运营中心共同提供连带责任担保。而债权的处理方式及结果就是苏思通拟将蓝海投控32.45%的财产份额向鹰虹投资转让，即是用于抵偿1.71亿元债务。


(图片来自：上市公司公告)
　　苏思通旗下上市公司股权用于抵债，并且旗下的私募产品也陷入危机，据数据显示，苏思通前后发行了12只产品，其中蓝海二号、蓝海八号、蓝海汇金、蓝海三号和蓝海稳定成长等五只产品因亏损进行了清算。目前还在运营的6只产品中，包括蓝海六号、蓝海汇智、蓝海五号等3只亏损超过了20%。实际上苏思通的业绩不佳早在2017年的蓝筹白马股行情中就显露无疑，苏思通曾公开表示，其重仓的军工股市场表现不尽如人意。
（来源：每日经济新闻 2018-05-17 19:32）[点击查看原文]
展开阅读全文"
昨天提示的00010美丽生态，今天下午大涨7%以上,"https://guba.eastmoney.com/news,002199,760722021.html",2018-05-16 14:10:10,
想建仓,"https://guba.eastmoney.com/news,002199,760959229.html",2018-05-17 14:36:45,想建仓
不要在群里乱说话，不然就把你永久禁言,"https://guba.eastmoney.com/news,002199,760945213.html",2018-05-17 14:04:35,不要在群里乱说话，不然就把你永久禁言
加,"https://guba.eastmoney.com/news,002199,760944072.html",2018-05-17 14:01:41,加
军工去死吧,"https://guba.eastmoney.com/news,002199,760934628.html",2018-05-17 13:39:21,军工去死吧
各位大神些今天该怎样操作呢,"https://guba.eastmoney.com/news,002199,760933475.html",2018-05-17 13:36:27,各位大神些今天该怎样操作呢
