标题,链接,发布时间,内容
4天横盘了，要横到什么时候？,"https://guba.eastmoney.com/news,002206,194613179.html",2015-08-13 14:40:51,4天横盘了，要横到什么时候？
这是要把散户的毛洗光光的节奏,"https://guba.eastmoney.com/news,002206,194576605.html",2015-08-13 13:38:42,太弱啦！
海里的 我真是日了你的先人,"https://guba.eastmoney.com/news,002206,194565808.html",2015-08-13 13:17:06,海里的 我真是日了你的先人
还好上午卖光了！走在庄前,"https://guba.eastmoney.com/news,002206,194561797.html",2015-08-13 13:07:10,还好上午卖光了！走在庄前
瞧刚才这水跳的,"https://guba.eastmoney.com/news,002206,194508083.html",2015-08-13 10:46:51,瞧刚才这水跳的
这股真垃圾,"https://guba.eastmoney.com/news,002206,194506523.html",2015-08-13 10:44:25,这股真垃圾
724巨量过不去了，大家散了吧,"https://guba.eastmoney.com/news,002206,194473795.html",2015-08-13 09:51:45,但我不走
请问公司在总收入中，美元，欧元，人民币比重各多少？,"https://guba.eastmoney.com/news,002206,915280348.html",2015-08-18 14:01:00,"请问公司在总收入中，美元，欧元，人民币比重各多少？
海利得
海利得：您好，感谢您的关注。公司出口收入占公司总收入的75%左右。
(来自深交所互动易)答复时间 2015-08-18 14:01:00"
人民币暴跌！海利得重大利好！,"https://guba.eastmoney.com/news,002206,194264675.html",2015-08-12 13:20:29,价值！
重大利好，逆市大涨一分钱！,"https://guba.eastmoney.com/news,002206,194400139.html",2015-08-12 20:30:53,"不错
后市乐观
"
下午暴跌！大单净流入！把庄全套进去了！哈哈,"https://guba.eastmoney.com/news,002206,194298869.html",2015-08-12 14:25:06,下午暴跌！大单净流入！把庄全套进去了！哈哈
感觉下午要涨一波  你们说呢,"https://guba.eastmoney.com/news,002206,194283445.html",2015-08-12 13:56:51,感觉下午要涨一波 你们说呢
走法跟咋一样！上午拉高后一直出货,"https://guba.eastmoney.com/news,002206,194290493.html",2015-08-12 14:10:06,走法跟咋一样！上午拉高后一直出货
请问，公司产品以出口为主，近日人民币贬值将近4%，对公司的净利润率会有影响吗，会,"https://guba.eastmoney.com/news,002206,915280349.html",2015-08-18 14:01:00,"请问，公司产品以出口为主，近日人民币贬值将近4%，对公司的净利润率会有影响吗，会提高公司的净利润率吗?
海利得
海利得：: 您好，感谢您的关注。公司高度重视汇率波动风险，因此采取了债务管理方式对冲人民币波动风险，对公司的净利没有产生不利的影响。反而在产品出口方面有利好作用，人民币贬值利好中国产品的出口，使中国产品出口到欧美更具竞争力了。
(来自深交所互动易)答复时间 2015-08-18 14:01:00"
海利得石塑地板在欧洲德国DIBT实验室检测的环保项目已通过，证书尚未发放。,"https://guba.eastmoney.com/news,002206,185575781.html",2015-07-12 16:21:18,"这是一个了不得的题材，能够通过欧洲德国DIBT实验室检测的环保项目，是个极其不容易的事情，等于拿到了海利得石塑地板畅销全世界的通行证！

海利得(002206)公司表示，公司石塑地板预计会在拿到欧美标认证后三季度左右放量生产。"
30分上有250钱压着！海不放量别想漲！小散只要冲过再跟,"https://guba.eastmoney.com/news,002206,194015064.html",2015-08-11 14:22:43,30分上有250钱压着！海不放量别想漲！小散只要冲过再跟
人民币贬值对企业是特大利好吧？,"https://guba.eastmoney.com/news,002206,915280355.html",2015-08-18 14:00:00,"人民币贬值对企业是特大利好吧？
海利得
海利得：: 您好，感谢您的关注。公司高度重视汇率风险，因此采取了债务管理方式对冲人民币波动风险，因此此次人民币贬值对公司现有的外债没有影响。反而在产品出口方面有利好作用，人民币贬值利好中国产品的出口，使中国产品出口到欧美更具竞争力了。
(来自深交所互动易)答复时间 2015-08-18 14:00:00"
币贬值--利好2206,"https://guba.eastmoney.com/news,002206,193974601.html",2015-08-11 12:42:28,出口值占72%，人币贬值，增强产品竞争力。
请问，国内汽车销量同比下滑，这会影响公司涤纶丝作为安全气囊的销量吗,"https://guba.eastmoney.com/news,002206,915280367.html",2015-08-18 13:59:00,"请问，国内汽车销量同比下滑，这会影响公司涤纶丝作为安全气囊的销量吗
海利得
海利得：: 您好，感谢您的关注。涤纶安全气囊丝目前处在替代尼龙66安全气囊丝的前期，且现在汽车行业对于人的安全关注度走越来越高配置的安全气囊数量越来越多，因此汽车行业的增速整体下行，不会对公司的销量产生影响，会更加促使汽车生产商在不影响产品性能的前提下寻求低成本原料的积极性，公司的涤纶气囊丝以稳定优秀的品质及相比尼龙气囊的成本低的性价比优势，有望迎来更快的替代进程。
(来自深交所互动易)答复时间 2015-08-18 13:59:00"
怎么样，战术减仓,"https://guba.eastmoney.com/news,002206,193936738.html",2015-08-11 10:45:21,分批出点
请问你公司的产品与桐昆股份的产品有何区别？桐昆股份是你行业中的龙头企业吗？,"https://guba.eastmoney.com/news,002206,915290051.html",2015-08-12 09:33:00,"请问你公司的产品与桐昆股份的产品有何区别？桐昆股份是你行业中的龙头企业吗？
海利得
海利得：您好，感谢您的关注。公司产品是涤纶工业长丝，桐昆股份的产品是民用丝，两家公司产品的下游应用是不一样的。
(来自深交所互动易)答复时间 2015-08-12 09:33:00"
请问油价的升降与公司产品的成本和价格分别是呈什么关系？,"https://guba.eastmoney.com/news,002206,915280368.html",2015-08-18 13:58:00,"请问油价的升降与公司产品的成本和价格分别是呈什么关系？
海利得
海利得：您好，感谢您的关注。油价的升降会影响公司原材料PT等的价格，进而影响公司的生产成本，因公司车用丝的销售差价相对稳定，且公司根据订单情况进行了套期，所以影响相对较小。
(来自深交所互动易)答复时间 2015-08-18 13:58:00"
这层膜终于捅破了！,"https://guba.eastmoney.com/news,002206,193659882.html",2015-08-10 11:18:29,以后就越来越爽了
再给大家说下：12.5以下买---见15卖,"https://guba.eastmoney.com/news,002206,193279026.html",2015-08-07 11:24:51,12.5以下买---见15卖，还不懂吗
海利得:关于巴西对我国PVC涂料布反倾销调查初裁结果的公告,"https://guba.eastmoney.com/news,002206,190336477.html",2015-07-27 16:21:08,"公告日期：2015-07-28
证券代码：002206 证券简称：海利得 公告编号：2015-060

浙江海利得新材料股份有限公司

关于巴西对我国PVC涂料布反倾销调查初裁结果的公告

本公司及全体董事、监事、高级管理人员保证公告内容的真实、准确和完整，并对公告中的虚假记载、误导性陈述或者重大遗漏承担责任。

2015年3月27日，浙江海利得新材料股份有限公司（以下简称“公司”、“本公司”）从中国商务部网站得知巴西外贸委员会发布2015年第16号令，决定对进口自中国的PVC涂料布（涉案产品南共市税号为：3921.90.19）启动反倾销调查，公司已被列入巴方拟抽样中国生产商之列。公司已于2015年3月28日刊登了《关于巴西对我国PVC涂料布启动反倾销调查的公告》（公告编号 2015-030详见 2015年3月 28日的巨潮资讯网 http://www.cninfo.com.cn 及《证券时报》。

近日，公司收到巴西律师通知，巴西调查机构DECOM就PVC涂层布反倾销一案发布初步裁决，暂不征收临时反倾销税。目前公司正在积极应诉过程中，争取终裁能够维持初裁决定。根据深圳证券交易所《股票上市规则》的相关规定，公司将继续关注巴西反倾销终裁结果的进展情况，并及时履行持续披露义务。

敬请广大投资者注意投资风险。

特此公告。

浙江海利得新材料股份有限公司董事会

2015年7月28日


[点击查看PDF原文]
提示：本网不保证其真实性和客观性，一切有关该股的有效信息，以交易所的公告为准，敬请投资者注意风险。"
买错也行！我的天哦！你们有过吗？,"https://guba.eastmoney.com/news,002206,193065891.html",2015-08-06 14:45:19,买错也行！我的天哦！你们有过吗？
看样子今天必须涨停，大家顶一个,"https://guba.eastmoney.com/news,002206,193016273.html",2015-08-06 13:12:14,看样子今天必须涨停，大家顶一个
请大家举报正在出货的账户！,"https://guba.eastmoney.com/news,002206,193048006.html",2015-08-06 14:15:12,勇敢举报
再给大家说下：12.5---15箱体,"https://guba.eastmoney.com/news,002206,193018675.html",2015-08-06 13:17:58,再给大家说下：12.5·····15箱体，
今天拉涨有没有？,"https://guba.eastmoney.com/news,002206,193015442.html",2015-08-06 13:09:29,今天拉涨有没有？
注意一下,"https://guba.eastmoney.com/news,002206,192985242.html",2015-08-06 11:16:48,一会拉
8月21号，建议小散维护自己的权益，海利得不缺资金，拿着钱去理财，还要定增圈钱，,"https://guba.eastmoney.com/news,002206,192879660.html",2015-08-05 22:19:49,8月21号，建议小散维护自己的权益，海利得不缺资金，拿着钱去理财，还要定增圈钱，大家网络投票时不同意
萨拉热窝的兄弟们。。。千股跌停又要看到,"https://guba.eastmoney.com/news,002206,192706375.html",2015-08-05 12:03:35,快跑
"目前是窗口期，增持受限这话请具体解析一下,谢谢.","https://guba.eastmoney.com/news,002206,915290050.html",2015-08-12 09:33:00,"目前是窗口期，增持受限这话请具体解析一下,谢谢.
海利得
海利得：您好，感谢您的关注。公司大股东及董监高增持不受窗口期限制是有一定的条件的，适用于公司股价前10个交易日累计跌幅超过30%的情况，公司不适用这个情况。具体内容详见证监发[2015>51号文。
(来自深交所互动易)答复时间 2015-08-12 09:33:00"
成交回报，都白j8看,"https://guba.eastmoney.com/news,002206,192596780.html",2015-08-04 22:02:32,散户太多了
领导，您好，我想问下，定增的截止日期是什么时候？,"https://guba.eastmoney.com/news,002206,915290052.html",2015-08-12 09:33:00,"领导，您好，我想问下，定增的截止日期是什么时候？
海利得
海利得：: 您好，感谢您的关注。公司将于2015年8月21日召开2015年第一次临时股东大会审议非公开发行事项，随后向证监会提交申报材料，等待审核，证监会审核同意后，公司可以选择在6个月以内发行。具体时间点要看各项进程进展情况。
(来自深交所互动易)答复时间 2015-08-12 09:33:00"
海利得:非公开发行股票预案,"https://guba.eastmoney.com/news,002206,177509574.html",2015-06-15 19:34:09,"公告日期：2015-06-16
股票简称：海利得 股票代码：002206

浙江海利得新材料股份有限公司

非公开发行股票预案

二〇一五年六月

公司声明

1、公司及董事会全体成员保证预案内容真实、准确、完整，并确认不存在虚假记载、误导性陈述或重大遗漏。

2、本次非公开发行股票完成后，公司经营与收益的变化，由公司自行负责；因本次非公开发行股票引致的投资风险，由投资者自行负责。

3、本预案是公司董事会对本次非公开发行股票的说明，任何与之相反的声明均属不实陈述。

4、投资者如有任何疑问，应咨询自己的股票经纪人、律师、专业会计师或其他专业顾问。

5、本预案所述事项并不代表审批机关对于本次非公开发行股票相关事项的实质性判断、确认、批准或核准。本预案所述本次非公开发行股票相关事项的生效和完成尚待取得有关审批机关的批准或核准。

特别提示

1、本次非公开发行股票的发行对象范围为：符合中国证监会规定的证券投资基金管理公司、证券公司、保险机构投资者、信托投资公司、财务公司及其他合格投资者、自然人等不超过10名的特定对象。证券投资基金管理公司以多个投资账户申购股份的，视为一个发行对象；信托投资公司作为发行对象的，只能以自有资金认购。

最终发行对象将在本次非公开发行获得中国证监会核准批文后，根据发行对象申购报价情况，遵照价格优先、时间优先原则确定。

2、本次非公开发行股票数量不超过3,903万股（含3,903万股）。最终发行数量由公司董事会根据公司股东大会的授权及发行时的实际情况，与本次发行的保荐机构（主承销商）协商确定。

3、本次非公开发行的定价基准日为公司第五届董事会第二十一次会议决议公告日（2015年6月16日）。本次非公开发行股票的发行价格不低于定价基准日前二十个交易日公司股票交易均价的90%，即不低于16.65元/股。具体发行价格将在本次发行获得证监会核准后，由公司股东大会授权董事会根据发行对象申购报价的情况，以竞价方式确定。若公司股票在定价基准日至本次非公开发行的股票发行日期间发生派发现金股利、派送股票股利、资本公积金转增股本、配股等除息、除权事项，本次发行数量和发行底价将进行相应调整。

4、本次发行对象认购的股份，自本次非公开发行结束之日起十二个月内不得转让。

5、本次非公开发行股票募集资金总额预计不超过65,000万元，扣除发行费用后全部用于以下投资项目：智能试验工厂项目、年产4万吨车用差别化涤纶工业丝技改项目和补充流动资金。

6、本次非公开发行股票不会导致公司实际控制权的变化，不会导致公司股权分布不具备上市条件。

7、本次发行前公司滚存的未分配利润，由本次发行完成后的新老股东共享。

8、公司重视对投资者的持续回报，最近三年以现金方式累计分配的利润不少于最近三年实现的年均可分配利润的30%。有关公司利润分配政策、最近三年现金分红金额及比例等情况，详见本预案“第四节公司利润分配情况”相关内容。

9、本次非公开发行相关事项已经2015年6月15日召开的公司第五届董事会第二十一次会议审议通过。本次发行方案及相关事项尚需公司股东大会审议通过以及中国证监会的核准。

目录

公司声明 ......2

特别提示 ......3

目录 ......5

释义 ......6

第一节 本次非公开发行股票方案概要 ......7

一、本次非公开发行的背景和目的......7

二、发行对象及其与公司的关系......9

三、发行股份的价格及定价原则、发行数量、限售期等......9

四、募集资金投向......11

五、本次发行是否构成关联交易......11

六、本次发行是否导致公司控制权发生变化......12

七、本次发行方案已经取得有关主管部门批准的情况以及尚需呈报批准的程序......12

第二节 董事会关于本次募集资金使用的可行性分析......13

一、本次募集资金使用概况......13

二、募集资金投资项目的具体情况......13

三、本次募集资金投资项目对公司经营管理、财务状况等方面的影响......20

第三……
[点击查看PDF原文]
提示：本网不保证其真实性和客观性，一切有关该股的有效信息，以交易所的公告为准，敬请投资者注意风险。
展开阅读全文"
加油，今天冲涨停,"https://guba.eastmoney.com/news,002206,192432722.html",2015-08-04 13:11:44,加油，今天冲涨停
他妈的，被程序固化了，大盘一动，他们的就动。跨市场套利。请举报,"https://guba.eastmoney.com/news,002206,192371229.html",2015-08-04 10:16:02,举报。
近期海利得价格告诉你,"https://guba.eastmoney.com/news,002206,192361533.html",2015-08-04 09:59:08,12.5到15之间，具体自己操作
举报这大户，用程序化在操作！！,"https://guba.eastmoney.com/news,002206,192368871.html",2015-08-04 10:11:55,打电话，举报
无忧买入,"https://guba.eastmoney.com/news,002206,192175650.html",2015-08-03 14:54:40,12.5元内无忧买入，保证！！！
002206，内幕,"https://guba.eastmoney.com/news,002206,191321213.html",2015-07-30 15:50:32,票是好票，散户太多
准备迎接二次买点,"https://guba.eastmoney.com/news,002206,190144838.html",2015-07-27 09:20:19,可能很吓人，一般人不敢下手
什么时侯中车跌到10元，什么时候大盘就到底了。,"https://guba.eastmoney.com/news,002206,192153475.html",2015-08-03 14:22:03,大家记住，千万不要和趋势作对。
海利得你这个庄家呀也真的很恶毒,"https://guba.eastmoney.com/news,002206,192149373.html",2015-08-03 14:15:42,"海利得你这个庄家呀也真的很恶毒,还在有意打压,真没劲,太毒了"
已经没有底部筹码了。还在打压价格？？？,"https://guba.eastmoney.com/news,002206,192142355.html",2015-08-03 14:04:46,跌吧，经济都这被这样的人搞乱了的。
请问7月31日股东人数，多谢,"https://guba.eastmoney.com/news,002206,915290053.html",2015-08-12 09:32:00,"请问7月31日股东人数，多谢
海利得
海利得：您好，感谢您的关注。截至到7月底，公司股东数是25000多人。
(来自深交所互动易)答复时间 2015-08-12 09:32:00"
大跌内幕,"https://guba.eastmoney.com/news,002206,192089483.html",2015-08-03 11:51:57,我靠，敌对势力太多了
002427油斑！,"https://guba.eastmoney.com/news,002206,192070449.html",2015-08-03 11:17:49,让她板吧
高董，你好，首先我觉得贵公司管理层在A股那么多公司中属于非常优秀的，从你们不厌其,"https://guba.eastmoney.com/news,002206,915290054.html",2015-08-12 09:32:00,"高董，你好，首先我觉得贵公司管理层在A股那么多公司中属于非常优秀的，从你们不厌其烦地向那些短线客提供股东人数，仅仅这点就很不错，我认为未来涤纶丝如果有寡头，应该是海利得。我想请问的是，目前汽车行业整体下行趋势明显，对贵公司的产品销量以及单价是否有影响？汽车行业的大趋势向下，有没有想过利用行业下行的机会，抢占竞争对手的市场份额？谢谢
海利得
海利得：: 您好，感谢您的关注。汽车行业的增速整体下行，会更加促使汽车生产商在不影响产品品质的前提下寻求低成本原料的积极性，公司的涤纶气囊丝以稳定优秀的品质及相比尼龙气囊的成本绝对优势，有望迎来更快的替代进程。还有近期国内轮胎双反，对公司不仅没有预期中的负面影响，还间接扩大了国外高端客户的市场份额，进而给公司增加了机会。公司目前车用丝供不应求，如有合适机会，公司也会考虑向横向或纵向拓展，进一步巩固公司的竞争地位。
(来自深交所互动易)答复时间 2015-08-12 09:32:00"
不受窗口期限制 证监会鼓励大股东及董监高增持公司要跟上形势呀。好好学习一下相关文,"https://guba.eastmoney.com/news,002206,915290060.html",2015-08-12 09:29:00,"不受窗口期限制 证监会鼓励大股东及董监高增持公司要跟上形势呀。好好学习一下相关文件精神。
海利得
海利得：您好，感谢您的关注。公司大股东及董监高增持不受窗口期限制是有一定的条件的，适用于公司股价前10个交易日累计跌幅超过30%的情况，公司不适用这个情况。具体内容详见证监发[2015>51号文。
(来自深交所互动易)答复时间 2015-08-12 09:29:00"
请问，截至七月31日，公司的股东人数是多少？谢谢,"https://guba.eastmoney.com/news,002206,915308205.html",2015-08-03 09:44:00,"请问，截至七月31日，公司的股东人数是多少？谢谢
海利得
海利得：您好，感谢您的关注。截至到7月底，公司股东数是25000多人。
(来自深交所互动易)答复时间 2015-08-03 09:44:00"
海利得:重大诉讼进展公告,"https://guba.eastmoney.com/news,002206,190336005.html",2015-07-27 16:20:00,"公告日期：2015-07-28
证券代码：002206 证券简称：海利得 公告编号：2015-061

浙江海利得新材料股份有限公司

重大诉讼进展公告

本公司及董事会全体成员保证信息披露内容的真实、准确和完整，没有虚假记载、误导性陈述或重大遗漏。

浙江海利得新材料股份有限公司（以下简称“公司”“本公司”、“海利得”）于近日就（2014）浙嘉商初字第 11 号一案提起上诉，向嘉兴市中级人民法院递交了《民事上诉状》，并于2015年7月27日向二审法院浙江省高级人民法院预缴上诉案件受理费，完成上诉行为。现将有关情况公告如下：

一、有关本次诉讼事项的基本情况

有关本次诉讼事项的基本情况参见公司于2014年9月13日发布的公司与广西地博矿业集团股份有限公司、广西鑫鑫交通能源投资有限公司、孙文忠、施琴芳、广西田阳中金金业有限公司新增资本认购纠纷一案的重大诉讼公告，公告编号为2014-057，内容详见2014年9月13日刊登在《证券时报》和巨潮资讯网（http://www.cninfo.com.cn）。

二、案件进展情况

1、一审审理结果

嘉兴市中级人民法院一审审理后作出（2014）浙嘉商初字第 11 号一审民事

判决书判决如下：

（一）、广西鑫鑫交通能源投资有限公司、孙文忠、施琴芳于本判决生效之日起十五日内向浙江海利得新材料股份有限公司支付人民币98280000元，用于受让浙江海利得新材料股份有限公司持有的广西地博矿业集团股份有限公司11.3%的股份；

（二）、广西鑫鑫交通能源投资有限公司、孙文忠、施琴芳于本判决生效之日起十五日内向浙江海利得新材料股份有限公司支付逾期付款违约金（以98280000元为基数，按中国人民银行公布的同期同档次贷款基准利率的1.95倍，从2014年9月11日起计算至实际偿清之日止）；

（三）、广西田阳中金金业有限公司对广西鑫鑫交通能源投资有限公司、孙文忠、施琴芳的上述第一、二项债务承担连带清偿责任；

（四）、驳回浙江海利得新材料股份有限公司的其他诉讼请求。

2、二审进展情况

近日，本公司就（2014）浙嘉商初字第 11 号案提起上诉，上诉请求如下：

（一）、撤销（2014）浙嘉商初字第11号民事判决主文第一项中部分判决内容，即“用于受让浙江海利得新材料股份有限公司持有的广西地博矿业集团股份有限公司11.3%的股份”。

（二）、撤销（2014）浙嘉商初字第11号民事判决主文第二项中部分判决内容，即“（以98280000元为基数，按中国人民银行公布的同期同档次贷款基准利率的1.95倍，从2014年9月11日起计算至实际清偿之日止）”，并改判为“（以98280000元为基数，按16%每年的比例自2013年2月28日起计算至实际清偿之日止）”。

（三）、撤销（2014）浙嘉商初字第11号民事判决主文第四项判决，并改判为“（一）判决支持上诉人一审第一项诉讼请求，即判决被上诉人一至四向上诉人支付9828万元以及自2013年2月28日起至实际偿付之日止按16%每年的比例所计算的资金损失；（二）判决支持上诉人一审第三项诉讼请求，即判决被上诉人五对被上诉人一至四的全部债务承担连带清偿责任；（三）判决支持上诉人一审增加诉讼请求第一项，即判决撤销上诉人与被上诉人一至四于2013年1月22日所签署的《关于广西地博矿业集团股份有限公司的股份认购协议》及《关于广西地博矿业集团股份有限公司股份认购的补充协议》”。

（四）、本案一审、二审案件受理费、财产保全费、公告费等由被上诉人承担。

本公司及董事会全体成员保证信息披露的内容真实、准确、完整，没有虚假记载、误导性陈述或重大遗漏。

目前，本案二审尚未开庭审理，暂无审理结果。

三、简要说明是否有其他尚未披露的诉讼仲裁事项

截至公告之日，公司无应披露而未披露的其他诉讼及仲裁事项。

四、本次公告的诉讼对公司本期利润或期后利润的可能影响

本案刚进入高级人民法院的二审程序，目前尚不能确定二审审理结果，无法准确判断本次诉讼事项对公司本期利润或期后利润的最终影响。

公司将根据本次诉讼进展情况及时履行信息披露义务，请广大投资者注意投资风险。

五、备查文件

1、（2014）浙嘉商初字第 11 号民事判决书

2、《民事上诉状》

特此公告。

浙江海利得新……
[点击查看PDF原文]
提示：本网不保证其真实性和客观性，一切有关该股的有效信息，以交易所的公告为准，敬请投资者注意风险。
展开阅读全文"
请问，7月底的股东人数为多少？,"https://guba.eastmoney.com/news,002206,915308202.html",2015-08-03 09:44:00,"请问，7月底的股东人数为多少？
海利得
海利得：您好，感谢您的关注。截至到7月底，公司股东数是25000多人。
(来自深交所互动易)答复时间 2015-08-03 09:44:00"
大家说说，今天上午高总的一千万是不是开始买入呢？,"https://guba.eastmoney.com/news,002206,191530601.html",2015-07-31 11:16:20,RT
今天最高价是我卖的。,"https://guba.eastmoney.com/news,002206,191416860.html",2015-07-30 21:36:33,卖了个最高价，可成交明细不显示，不知道为什么。买回来的时机没把握好，还是被套近3个多点，不管怎么说t 0套利3个点.
请问截至到7月底，公司股东数是多少？,"https://guba.eastmoney.com/news,002206,915308203.html",2015-08-03 09:44:00,"请问截至到7月底，公司股东数是多少？
海利得
海利得：您好，感谢您的关注。截至到7月底，公司股东数是25000多人。
(来自深交所互动易)答复时间 2015-08-03 09:44:00"
请问，说好的增持还有吗？,"https://guba.eastmoney.com/news,002206,915308204.html",2015-08-03 09:44:00,"请问，说好的增持还有吗？
海利得
海利得：您好，感谢您的关注。公司将于8月27日公布半年报，目前是窗口期，增持受限，公司一直以规范运作树立公司在资本市场的形象。
(来自深交所互动易)答复时间 2015-08-03 09:44:00"
公司在机构调研的时候一直声称通过了国内外知名轮胎厂商的认证，但是从来不进行公告。,"https://guba.eastmoney.com/news,002206,915309170.html",2015-08-01 11:23:00,"公司在机构调研的时候一直声称通过了国内外知名轮胎厂商的认证，但是从来不进行公告。作为公司竞争伙伴的尤夫股份近日通过了普利司通（欧洲）及大陆轮胎（欧洲）供应商资质的认证后马上进行公告并详细阐述了通过该认证的意义，向广大股民传递正能量。公司这样欲说还休是什么意思呢？是不是对广大股民不负责任的表现？
海利得
海利得：: 您好，感谢您的关注。公司经营车用丝时间较长，通过国际知名品牌厂商的供应商资质认证比较多，公司之前认为通过认证只是一项正常的经营活动，且通过认证后供应商采购量的增加是需要有一个过程的，短时间内无法对公司的盈利产生重要影响。当然通过认证是否作为重大事项各公司的判断不同也是正常的。
(来自深交所互动易)答复时间 2015-08-01 11:23:00"
截至今天已经有多家中小板公司公布了业绩快报及大比例送转股票预案，公布业绩快报向广,"https://guba.eastmoney.com/news,002206,915309169.html",2015-08-01 11:23:00,"截至今天已经有多家中小板公司公布了业绩快报及大比例送转股票预案，公布业绩快报向广大股东传达正能量是贵公司的应有义务，公司为何坚持不公布业绩快报？公司一直坚持不送转股票的原因何在？这和公司响应维护股价的回应是否背道而驰？
海利得
海利得：: 您好，感谢您的关注。公司半年度业绩预计较上年同期增长20－50%，因未超出区间，无须公布业绩快报。
(来自深交所互动易)答复时间 2015-08-01 11:23:00"
请问说好的增持呢？为什么不出来维稳股价？,"https://guba.eastmoney.com/news,002206,915309173.html",2015-08-01 11:21:00,"请问说好的增持呢？为什么不出来维稳股价？
海利得
海利得：您好，感谢您的关注。公司将于8月27日公布半年报，目前是窗口期，增持受限，公司一直以规范运作树立公司在资本市场的形象。
(来自深交所互动易)答复时间 2015-08-01 11:21:00"
小海明天出利好吗,"https://guba.eastmoney.com/news,002206,191082811.html",2015-07-29 21:07:05,海利得里小散太多，其走势和大盘一模一样的，说明没庄在里面，挺好，这样也有利于小海自由回归价值，免得大起大落，公司在近期会有利好突然发布，以实现资本运作，激活股性。明天的走势很关键，大盘难得在顶级技术高手的指导下，以最小的资金量击溃空头，明天会趁势而上，站上3847甚至3909.小海能来个涨板吗，起码的站上布林中轨，才可能进一步发展。
该拉、不拉、增发失败,"https://guba.eastmoney.com/news,002206,191191597.html",2015-07-30 10:52:32,实力有限
董事长你好，公司与尤夫股份公司属于同行业，产品也基本相同。现在想请您客观公正真实,"https://guba.eastmoney.com/news,002206,915309172.html",2015-08-01 11:21:00,"董事长你好，公司与尤夫股份公司属于同行业，产品也基本相同。现在想请您客观公正真实地评价一下两个企业在产品市场占有率、产品核心竞争力、客户满意度、营收效益、企业未来前景、资本市场认可度等方面那个公司更好些。谢谢。
海利得
海利得：: 您好，感谢您的关注。公司与尤夫股份公司同属化纤行业，但产品上存在差异，公司侧重于生产车用丝，并以车用丝的品质和技术作为产品的核心竞争力，尤夫股份在普通丝上产能比我们大，且他们采用的是熔体直纺，因此两个公司各有侧重。
(来自深交所互动易)答复时间 2015-08-01 11:21:00"
海蛎子看来跌到半年线附近问题并不太大,"https://guba.eastmoney.com/news,002206,190498999.html",2015-07-28 09:27:57,准备在年线和半年线附近低吸
据中国经济网报道“上市公司中期分红井喷 15家企业推10转20高送转预案15家企,"https://guba.eastmoney.com/news,002206,915309171.html",2015-08-01 11:21:00,"据中国经济网报道“上市公司中期分红井喷 15家企业推10转20高送转预案15家企业推10转20高送转预案 其中金一文化业绩最牛据汉缆股份公告显示，其向全体股东每10股转增10股，并每10股送红股11股，现金分红每10股派3元15家企业推10转20高送转预案”，海利得作为一家业绩快速增长的公司已经几年没有送转股票了，恳请公司董秘将广大股民的心声传达到公司高管，我们强烈要求公司中期高送转！
海利得
海利得：: 您好，感谢您的关注及建议，我会将您的建议提交公司董事会。
(来自深交所互动易)答复时间 2015-08-01 11:21:00"
请问高总，公司股价在短短两周时间内跌幅超过百分之五十，公司在中小板公司纷纷站出稳,"https://guba.eastmoney.com/news,002206,915309175.html",2015-08-01 11:20:00,"请问高总，公司股价在短短两周时间内跌幅超过百分之五十，公司在中小板公司纷纷站出稳定股价后才迫于舆论压力发布了响应公告，增持也只有区区千万，为什么就不能给坚守海利得的小股民一点点念想呢？公司投资一次次的失误，投锂电，质量不行；投金矿，被骗；增发，失败；收购，失败。公司不会是把广大股东当猴耍吧？公告上说公司连续两年增长，但是为什么对广大股东要求分红的正当诉求置之不理？
海利得
海利得：: 您好，感谢您的关注。公司的两次投资失败，更让公司坚定做精做强主业，以更好的业绩回报广大投资者。为了回报投资者，公司已连续多年进行高比例现金分红。公司的增发事项正有序推进，公司未曾公告过终止增发事项。至于收购事项如同谈恋爱，并非一方主观上想结婚就一定能结婚的事。
(来自深交所互动易)答复时间 2015-08-01 11:20:00"
今天蚂蚁搬家，化零为整。,"https://guba.eastmoney.com/news,002206,190851909.html",2015-07-29 10:25:17,1手、2手、3手成交的单子很多很多。
请问高总，半年都已经过去一个月了虽然半年报没有出，但是公司管理层对半年来的公司运,"https://guba.eastmoney.com/news,002206,915309174.html",2015-08-01 11:20:00,"请问高总，半年都已经过去一个月了虽然半年报没有出，但是公司管理层对半年来的公司运营情况是了解的，和当初一季报预测的半年业绩是否相符？能否给我们这些苦苦坚守的海利得股东一丝丝小惊喜呢？谢谢了
海利得
海利得：您好，感谢您的关注。公司一直努力主业经营，以优秀的品质和先进的技术作为公司的核心竞争力，以最好的业绩回报广大股东。预计半年度业绩较上年增长20%－50%。
(来自深交所互动易)答复时间 2015-08-01 11:20:00"
请问高经理：15年中报的业绩快报何时发布？,"https://guba.eastmoney.com/news,002206,915309178.html",2015-08-01 11:19:00,"请问高经理：15年中报的业绩快报何时发布？
海利得
海利得：您好，感谢您的关注。15年中报于8月27日发布。
(来自深交所互动易)答复时间 2015-08-01 11:19:00"
海利得:关于媒体报道的澄清公告,"https://guba.eastmoney.com/news,002206,190691735.html",2015-07-28 17:27:09,"公告日期：2015-07-29
证券代码：002206 证券简称：海利得 公告编号：2015-062

浙江海利得新材料股份有限公司

关于媒体报道的澄清公告

本公司及董事会全体成员保证信息披露内容的真实、准确和完整，没有虚假记载、误导性陈述或重大遗漏。

日前，《21世纪经济报道》刊登了一篇标题为《九上市公司暴跌日增列遭处罚清单(图)》的文章，并为国内其他网站转载。浙江海利得新材料股份有限公司（以下简称“公司”、“本公司”）董事会现就相关事项说明如下：

一、媒体报道情况

《九上市公司暴跌日增列遭处罚清单(图)》一文声称：

包括涪林榨菜（002507.SZ）、海利得（002206.SZ）、金运激光（300220.SZ）等公司在内，沪深两市共有不少于11家上市公司于7月27日当天发布股东被查公告。

二、澄清说明

本公司对上述报道所涉及事项作出澄清及说明如下：

公司7月27日当天未发布任何公告，更没有发布股东被查公告，因此不存在相关媒体所述的股东被查公告，公司及控股股东致力于规范运作，未发生相关违规事项。

三、其他说明

1、对相关机构的误导性报道，公司提请广大投资者理性解读，公司保留对相关机构或个人追究法律责任的权利；

2、本公司所有公开披露的信息均以在指定媒体《证券时报》和公司指定信息披露网站巨潮资讯网（http://www.cninfo.com）上的披露为准，敬请广大投资者理性投资，注意风险。

特此公告。

浙江海利得新材料股份有限公司董事会

2015年7月28日


[点击查看PDF原文]
提示：本网不保证其真实性和客观性，一切有关该股的有效信息，以交易所的公告为准，敬请投资者注意风险。"
请问三季度定单充足吗？,"https://guba.eastmoney.com/news,002206,915309176.html",2015-08-01 11:19:00,"请问三季度定单充足吗？
海利得
海利得：您好，感谢您的关注。公司订单正常。
(来自深交所互动易)答复时间 2015-08-01 11:19:00"
明天还是个紧张的一天？,"https://guba.eastmoney.com/news,002206,190746297.html",2015-07-28 21:18:24,大盘明朗了吗？海利得有国家队护盘吗？质地好的股证金不救，恶庄徐的暴风科技、狗庄王的三聚环保，还有九阳股份、荣之联，给他们解套？不顾优质股海利得，证金花他妈2.3亿还是跌停的荣之联给那个恶庄解脱了，这样救老子不忿。
这么多敌对势力，股票要跌,"https://guba.eastmoney.com/news,002206,190776935.html",2015-07-28 23:04:21,55555555555555555
请问公司生产的涤纶帘子布与神马股份生产的锦纶帘子布有何差异？,"https://guba.eastmoney.com/news,002206,915309177.html",2015-08-01 11:19:00,"请问公司生产的涤纶帘子布与神马股份生产的锦纶帘子布有何差异？
海利得
海利得：: 您好，感谢您的关注。锦纶帘子布分为锦纶6和锦纶66帘子布，一般锦纶帘子布分为锦纶6帘子布和锦纶66帘子布，其中锦纶6帘子布多用于农用车、工程车等慢速车胎上；锦纶66帘子布用于乘用车轮胎的冠带层，涤纶帘子布用于轮胎的胎体层。
(来自深交所互动易)答复时间 2015-08-01 11:19:00"
告诉你们一个事实,"https://guba.eastmoney.com/news,002206,190059242.html",2015-07-26 15:21:16,散户比较多，庄不会拉，公司质地倒不错
当前欧美对中国轮胎实施双反，对公司的产品销售有无影响？若实行双反，影响有多大？,"https://guba.eastmoney.com/news,002206,915309180.html",2015-08-01 11:18:00,"当前欧美对中国轮胎实施双反，对公司的产品销售有无影响？若实行双反，影响有多大？
海利得
海利得：: 您好，感谢您的关注。欧美对中国轮胎实施双反，对国内的轮胎行业冲击很大，但会加大国外轮胎企业的竞争机会，公司目前的帘子布和高模低收缩丝大部分都是销往国际品牌轮胎厂商的，所以对公司来说不仅不会有影响，甚至会因双反增加对国外一线品牌轮胎厂商的供货机会，逐步实现公司帘子布客户结构的调整。
(来自深交所互动易)答复时间 2015-08-01 11:18:00"
公司报表显示，目前是增利不增收，销售收入不放量一直让人心生疑虑。请问公司的收入什,"https://guba.eastmoney.com/news,002206,915309179.html",2015-08-01 11:18:00,"公司报表显示，目前是增利不增收，销售收入不放量一直让人心生疑虑。请问公司的收入什么时候能增长，而不是只靠毛利率的增长？
海利得
海利得：: 您好，感谢您的关注。公司的销售收入与原材料价格涨跌有同向关系，因石油价格大幅下跌，公司原材料PTA价格也大幅下跌，进而导致公司的销售收入下降，由于公司车用差别化产品差价相对固定，因而盈利也相对稳定。
(来自深交所互动易)答复时间 2015-08-01 11:18:00"
请公司讲一讲帘子布到目前为止获得了哪些知名轮胎厂商的认证？,"https://guba.eastmoney.com/news,002206,915309181.html",2015-08-01 11:16:00,"请公司讲一讲帘子布到目前为止获得了哪些知名轮胎厂商的认证？
海利得
海利得：您好，感谢您的关注。目前通过帘子布认证并批量供货的厂商有：国外有米其林、大陆轮胎、住友、韩泰、、固铂等；国内有中策、三角、金宇、国风、昊华等。
(来自深交所互动易)答复时间 2015-08-01 11:16:00"
据网易转载财经网报道，公司违规减持被查出，请公司对该报道的真伪予以证实，谢谢！网,"https://guba.eastmoney.com/news,002206,915309182.html",2015-08-01 11:15:00,"据网易转载财经网报道，公司违规减持被查出，请公司对该报道的真伪予以证实，谢谢！网址如下：http://news.163.com/15/0728/10/AVJT58QV0001124J.html
海利得
海利得：您好，感谢您的关注。公司已于7月28日晚发布澄清公告，公司不存在违规减持情况。
(来自深交所互动易)答复时间 2015-08-01 11:15:00"
二次探底成功！,"https://guba.eastmoney.com/news,002206,190545121.html",2015-07-28 10:45:20,准备突破箱体
如果给二次买点，大家不要手软,"https://guba.eastmoney.com/news,002206,190139178.html",2015-07-27 09:01:56,"前期10块附近就是历史大底

回调都是加仓机会"
海利得被调查了吗？,"https://guba.eastmoney.com/news,002206,190503912.html",2015-07-28 09:37:56,21世纪经济报说海利得违规减持遭调查，是真的吗?如果是，为什么不公告。
我为什么暂时离开海利得。,"https://guba.eastmoney.com/news,002206,189925787.html",2015-07-25 11:08:14,海利得复牌以后表现极其出色，比绝大多数复牌的股票涨的好，但是本周五的表现让我失望，本应该趁大盘调整而大幅调整却没有出现，15.81开盘15.81收盘，这预示着会有一段时间调整，要知道目前的股市是存量资金的博弈，就是说大户、机构、散户和国家队的博弈，更是心理的博弈，如果不进行一次充分的调整，我对手中的股票没信心，那我就忍痛割肉先出来两天，等下周三周四看情况再回来，希望小海能给我机会！周五下午翻看其他股票，看看技术指标好的股票买个尝尝新，该股复牌后涨了40%而且调整充分，目前低于非公开发行股票价，更重要的是周五国务院发文钦点了该公司要重点扶持，这现象极为罕见，该消息市场尚未发酵，先埋伏里，等风来！怕看多小海的粉丝骂我，就不说是哪个股了。我看空小海是暂时的，别骂我，起码我没有骗人，也没给什么利益集团做广告，更没有想影响什么人，这只是我真实的想法，“和而不同”是孔老夫子的话。佛法的最高智慧是布施，佛法的最高境界是法布施，小散不敢布施，更不敢法布施，只是交流想法，再见小海，我会回来的！
下周走势,"https://guba.eastmoney.com/news,002206,189756135.html",2015-07-24 16:03:56,盘跌，天量天价，别听庄托忽悠
截止到今天上午10点，大单出了5000万,"https://guba.eastmoney.com/news,002206,189579582.html",2015-07-24 10:11:58,80%是小单买进，是走是留自己看着办
请问贵公司的增持什么时候开始呢？复牌后总体感觉有些弱势，希望公司能在合适的时间提,"https://guba.eastmoney.com/news,002206,915319618.html",2015-07-29 09:01:00,"请问贵公司的增持什么时候开始呢？复牌后总体感觉有些弱势，希望公司能在合适的时间提振一下广大股民的信心！
海利得
海利得：您好，感谢您的关注及建议。
(来自深交所互动易)答复时间 2015-07-29 09:01:00"
海’要调整一周，先走了,"https://guba.eastmoney.com/news,002206,190184451.html",2015-07-27 10:44:32,300037调整充分
请问高经理，关于投资地博矿业一事一审判决后，到目前为止，贵公司或被诉方有没有提起,"https://guba.eastmoney.com/news,002206,915319616.html",2015-07-29 09:01:00,"请问高经理，关于投资地博矿业一事一审判决后，到目前为止，贵公司或被诉方有没有提起上诉？
海利得
海利得：您好，感谢您的关注。投资地博矿业一审判决后，公司已提出上诉，相关信息请关注公司7月28日的公告。
(来自深交所互动易)答复时间 2015-07-29 09:01:00"
庄家有种你往下打！,"https://guba.eastmoney.com/news,002206,190139565.html",2015-07-27 09:03:13,"嘿嘿
"
一周涨50%，太爽了，这还是海利得吗？,"https://guba.eastmoney.com/news,002206,189909229.html",2015-07-25 09:58:12,
同日复牌的3只股一比较 方知海利得是弱庄,"https://guba.eastmoney.com/news,002206,190060485.html",2015-07-26 15:35:45,"2229鸿博股份23.47元 5个板 持仓25.80% 亏损
2167东方锆业11.62元 5个板 持仓31.43% 亏损
2206海 利 得15.81元 4个板 持仓34.08% 33.77倍市盈率"
我以15.98元买入海 利 得（002206），理由是：猪肉连续涨价，猪企赢利翻,"https://guba.eastmoney.com/news,002206,189624724.html",2015-07-24 11:19:53,"我以15.98元买入海 利 得（002206），理由是：猪肉连续涨价，猪企赢利翻番
东财网友2430513663778592
东财网友2430513663778592创建了模拟组合
组合 id:1352312
2015/7/3 6:20:09投资组合吧"
高总承诺买入1千万元什么时候兑现？定增还继续吗？定増价格也不变吗？,"https://guba.eastmoney.com/news,002206,915319615.html",2015-07-29 09:01:00,"高总承诺买入1千万元什么时候兑现？定增还继续吗？定増价格也不变吗？
海利得
海利得：您好，感谢您的关注。增持承诺大股东及其一致行动人会择机履行，定增程序在正常进行
(来自深交所互动易)答复时间 2015-07-29 09:01:00"
15块以下越多，海利得越有罕见的投资价值！,"https://guba.eastmoney.com/news,002206,182495817.html",2015-07-03 07:32:32,"市场总是从一个极端走向另一个极端
　现在市场已失去理性，稍有风吹草动，就无理由的抛出。
　　正是这些无理由的抛出，使得股价暴跌，，形成恶性循环，感觉像是卖对了。
　
　现在正是利用价值投资的理念，独立思考的时候。
　　　不要随波逐流，永远做少数人。"
说别的没用，看交割单,"https://guba.eastmoney.com/news,002206,190016021.html",2015-07-25 20:52:54,"嘿嘿
"
具有2025中国智制典范的智能车间，发行价都在16.65元（于6月15日确定）,"https://guba.eastmoney.com/news,002206,189906697.html",2015-07-25 09:45:48,"具有2025中国智制典范的智能车间，发行价都在16.65元（于6月15日确定）
所以，空间仍然巨大，无需理会大盘调整"
本周重兵集结在15-16区间,"https://guba.eastmoney.com/news,002206,189844546.html",2015-07-24 21:07:20,这形势有看头
下周一可以了,"https://guba.eastmoney.com/news,002206,189735696.html",2015-07-24 15:07:33,今天小海反复震荡，成交量创下天量，主力流出量巨大，压力线16.11洗盘充分，周末不出利好的话，周一顺势下探，重拾升势。
谨防尾盘杀跌,"https://guba.eastmoney.com/news,002206,189654707.html",2015-07-24 12:51:43,大盘连阳，获利盘巨大，前期涨幅过大个股，谨防尾盘杀跌，小海涨幅如何呢？各自评判。有一点可以肯定，小海的未来好。技术面有需求，卖盘大，主力流出多达8711万元。
今天必跌，看量、看价、看走势，中期需要跌,"https://guba.eastmoney.com/news,002206,189596072.html",2015-07-24 10:36:15,跌一下，会走的更远
冲上60日线，再次关门。,"https://guba.eastmoney.com/news,002206,189578667.html",2015-07-24 10:10:31,冲上60日线，再次关门。
现在获利还不走，傻子，收盘见,"https://guba.eastmoney.com/news,002206,189604485.html",2015-07-24 10:49:24,高抛低吸
都坐稳了。哥一会拉,"https://guba.eastmoney.com/news,002206,189575919.html",2015-07-24 10:07:33,88888888888888
确实壮观,"https://guba.eastmoney.com/news,002206,189586671.html",2015-07-24 10:21:38,88888888888888888888
今天封板的可能还是很大的,"https://guba.eastmoney.com/news,002206,189570117.html",2015-07-24 10:00:13,"这量真好
长线放心了"
董事长：你的不低于1000万元增持的承诺，千万要用在关键位置上，四两拨千斤哦！,"https://guba.eastmoney.com/news,002206,915319627.html",2015-07-29 09:00:00,"董事长：你的不低于1000万元增持的承诺，千万要用在关键位置上，四两拨千斤哦！
海利得
海利得：您好，感谢您的关注及建议。
(来自深交所互动易)答复时间 2015-07-29 09:00:00"
半年报庄家早知道了，只是我们小户不知道,"https://guba.eastmoney.com/news,002206,189571141.html",2015-07-24 10:01:33,肯定非常好
小海今天的走势,"https://guba.eastmoney.com/news,002206,189558389.html",2015-07-24 09:40:24,大盘惯性高走，然后下探，给获利盘机会，小海也一样，上午10点40左右和下午13点30需要当心。咱是割肉小散，只是希望在吃回来，长期看好他也需要高抛低吸的震荡。目前多空激烈搏杀，看着也不错。
海利得明天(24日)就得开板了吧,"https://guba.eastmoney.com/news,002206,189363743.html",2015-07-23 15:26:51,"明天开盘涨停,然后打开.16元左右会调整一些时间,根据大盘的动向决定走向"
好现象，集合竞价不错,"https://guba.eastmoney.com/news,002206,189552380.html",2015-07-24 09:22:38,虽然我出的价格不是最高的，还是希望小海按自身价值和大盘趋势走，也给我重新杀入机会，也告诉其他散户，高位，有点危机感不是坏事。
沪深两市7月以来上市公司频频遭举牌,"https://guba.eastmoney.com/news,002206,189155930.html",2015-07-23 08:37:18,.
海利得明天会怎样？,"https://guba.eastmoney.com/news,002206,189459342.html",2015-07-23 20:18:09,海利得股票上市七年以来，股性一直不活跃，可能与高管的做派有关，象今天这样这么大的成交量这几年很罕见，加之今天大盘涨势如虹，所以多赚了个涨停！这是纵向比较。从横向比较，比如盾安环境、卫星石化等差不多的股票都是三个涨停开始盘整，基于这样的判断，尾盘果断出来了，虽然不一定卖个最高点，我相信一定能在比这价格低的地方买回来，没那个股票会一直拉个不停，总得歇歇脚，才会更好上涨，我等小散比机构灵活，仔细研究股票可能战胜机构大户，看多看空是每个人的自由，别骂我，也是被套小散一枚，交流一下咱不怕庄家看见，随便。
看换手率,"https://guba.eastmoney.com/news,002206,189259798.html",2015-07-23 11:50:23,半天换手率比今年任何一天的都高，谁在抛？小散怎么办?难道要二次探底？今天可是魔咒星期四，纠结呀，还没够本，先出来，等海利得出利好再进？下午大盘会下吗？从最低点到现在已经涨了46%，也不少了和别的股相比。下午封不住就出来，明天可能低开，出！
换手咋这么高呢,"https://guba.eastmoney.com/news,002206,189498948.html",2015-07-23 22:15:16,今天的换手有些高啊！看来庄要走了！
庄家是不是纯爷们儿就看明天了,"https://guba.eastmoney.com/news,002206,189486482.html",2015-07-23 21:32:53,
海利得阶段性高点了，需要震荡整理了，可以出来看看，高抛低吸的好机会。,"https://guba.eastmoney.com/news,002206,189263021.html",2015-07-23 12:02:24,海利得阶段性高点了，需要震荡整理了，可以出来看看，高抛低吸的好机会。
安心封板了，不用看了。,"https://guba.eastmoney.com/news,002206,189185249.html",2015-07-23 09:46:34,
海利得会在那个价位构筑平台，立贴求证！,"https://guba.eastmoney.com/news,002206,189314732.html",2015-07-23 14:10:06,"16.44高处压制，价值中轨1542，,下轨支撑13.64.这个平台会盘一段时间，等好消息突破前期高点。"
海利得中报高送转吗,"https://guba.eastmoney.com/news,002206,915319625.html",2015-07-29 09:00:00,"海利得中报高送转吗
海利得
海利得：您好，相关信息请关注公司半年报。
(来自深交所互动易)答复时间 2015-07-29 09:00:00"
今天怎么看都像是在对敲出货,"https://guba.eastmoney.com/news,002206,189233217.html",2015-07-23 10:59:51,主力的成本在10元以下左右，在后市大盘不明的情况下，主力先落袋为安不失为上上策
297谁挂的 这么给力的,"https://guba.eastmoney.com/news,002206,189237231.html",2015-07-23 11:05:59,297谁挂的 这么给力的
海利得今天的换手率吓人,"https://guba.eastmoney.com/news,002206,189234145.html",2015-07-23 11:00:53,感觉不妙，10点40以后的机构抛压大了，小散开始跟风，和其他股相比，已经没有优势了，不行我也跑？择机再来。
今天大户封不住，原因就是机构在出,"https://guba.eastmoney.com/news,002206,189230954.html",2015-07-23 10:56:31,跟机构干，真是找死
今天全是散户和一些大户进的，机构一直在出,"https://guba.eastmoney.com/news,002206,189197716.html",2015-07-23 10:04:49,有些人真是险恶用心！！！
我开始分批出了,"https://guba.eastmoney.com/news,002206,189173738.html",2015-07-23 09:24:01,天天挂涨停价
今天必开版，,"https://guba.eastmoney.com/news,002206,189190395.html",2015-07-23 09:54:26,16元下调整
今天量越大越好,"https://guba.eastmoney.com/news,002206,189176644.html",2015-07-23 09:31:47,磊
海利得质地优良  赢得官司是重大利好,"https://guba.eastmoney.com/news,002206,189168428.html",2015-07-23 09:11:15,"海利得正以全球经营的战略思维、国际先进的核心技术、领先的制造能力、卓越的企业品牌，致力于涤纶工业丝、数码喷绘材料与轮胎帘子布三大产业基地建设，努力打造成为世界领先的供应商。
公司拟通过增发募资6.5亿元，驱动公司战略升级，投资智能试验工厂、差别化涤纶和补充流动资金。"
集体锁仓五个板儿,"https://guba.eastmoney.com/news,002206,187366872.html",2015-07-17 19:14:41,嘿嘿
海利得:股价异动公告,"https://guba.eastmoney.com/news,002206,188999720.html",2015-07-22 17:30:23,"公告日期：2015-07-23
证券代码：002206 证券简称：海利得 公告编号：2015-059

浙江海利得新材料股份有限公司

股价异动公告

本公司及全体董事、监事、高级管理人员保证公告内容的真实、准确和完整，并对公告中的虚假记载、误导性陈述或者重大遗漏承担责任。

一、股票交易异常波动情况

浙江海利得新材料股份有限公司（以下简称“公司”或“本公司”）于2015年7月20日、7月21日、7月22日连续三个交易日收盘价格涨幅偏离值累计超过20%，根据深圳证券交易所的有关规定，属于股票交易异常波动的情况。

二、 公司关注并核实相关情况

针对公司股票异常波动，公司对有关事项进行了核查，有关情况说明如下：1、公司前期披露的信息不存在需要更正、补充之处；

2、公司未发现近期公共传媒报道了可能或已经对本公司股票交易价格产生较大影响的未公开重大信息；

3、近期公司经营情况及内外部经营环境未发生重大变化；

4、公司、控股股东和实际控制人不存在关于本公司的应披露而未披露的重大事项，或处于筹划阶段的重大事项；股票异动期间，未发生公司控股股东、实际控制人买卖公司股票的行为。

5、公司不存在违反公平信息披露规定的情形。

三、 是否存在应披露而未披露信息的说明

本公司及董事会全体成员保证公告内容的真实、准确和完整，并对公告中的虚假记载、误导性陈述或重大遗漏承担责任。

经公司董事会确认，除前述事项外，本公司目前没有任何根据深交所《股票上市规则》规定应予以披露而未披露的事项或与该事项有关的筹划、商谈、意向、协议等；董事会也未获悉本公司有根据深交所《股票上市规则》的规定应予以披露而未披露的、对本公司股票及其衍生品种交易价格产生较大影响的信息；公司前期披露的信息不存在需要更正、补充之处。

四、 风险提示

1、经自查，公司不存在违反信息公平披露的情形；

2、《证券时报》以及巨潮资讯网（www.cninfo.com.cn）为本公司指定的信息披露媒体，公司所有信息均以公司在上述媒体刊登的公告为准，请广大投资者理性投资、注意风险。

特此公告。

浙江海利得新材料股份有限公司董事会

2015年7月23日


[点击查看PDF原文]
提示：本网不保证其真实性和客观性，一切有关该股的有效信息，以交易所的公告为准，敬请投资者注意风险。"
草根调研，今年的车市非常差，整车厂库存量大，上下游配套厂商比如轮胎都不好干。请问,"https://guba.eastmoney.com/news,002206,915319626.html",2015-07-29 09:00:00,"草根调研，今年的车市非常差，整车厂库存量大，上下游配套厂商比如轮胎都不好干。请问公司的产品却供不应求，这怎么解释？
海利得
海利得：: 您好，感谢您的关注。公司车用丝中的高模低收缩丝是用于制造轮胎的骨架材料，轮胎不仅用于新车配套，还用于保有车轮胎的更换，且公司的客户为大陆轮胎、米其林、普利斯通等，美国对中国轮胎的双反，给这些公司的增产提供了机会，相应地增加了本公司的采购。
(来自深交所互动易)答复时间 2015-07-29 09:00:00"
天大利好，你们都忽略,"https://guba.eastmoney.com/news,002206,188970656.html",2015-07-22 16:28:32,大股东还没开始增持
目前公司气囊丝产品供不应求，因此正在加快新产能的建设,"https://guba.eastmoney.com/news,002206,188835274.html",2015-07-22 12:22:21,不敢拿的，看看这句话，目前公司气囊丝产品供不应求，因此正在加快新产能的建设，所以定增必须成功
看公司的各方面都不错，每年分红比例也高，就是净利润率不高。不知道随着产能利用率的,"https://guba.eastmoney.com/news,002206,915331070.html",2015-07-23 13:53:00,"看公司的各方面都不错，每年分红比例也高，就是净利润率不高。不知道随着产能利用率的提升，毛利润会不会进一步提升。还有感觉公司的石塑地板很有前景，环保重量轻等优势明显，不知产品售价每平方大概多少钱，安装是否方便，谢谢
海利得
海利得：: 您好，感谢您的关注及支持。产能利用率的提升，毛利率肯定会有进一步的提升，公司石塑地板具有环保、耐磨、防潮、易安装等优点，其价格应规格不同有差异。
(来自深交所互动易)答复时间 2015-07-23 13:53:00"
明天开不开板和大盘有很大关系,"https://guba.eastmoney.com/news,002206,188886559.html",2015-07-22 14:06:42,明天开不开板和大盘有很大关系
请问高总，公司车用丝供不应求，为何不考虑收购其它小企业扩大产能占领市场？,"https://guba.eastmoney.com/news,002206,915331073.html",2015-07-23 13:52:00,"请问高总，公司车用丝供不应求，为何不考虑收购其它小企业扩大产能占领市场？
海利得
海利得：您好，感谢您的关注。如有合适的标的，公司会考虑。
(来自深交所互动易)答复时间 2015-07-23 13:52:00"
封单小多了,"https://guba.eastmoney.com/news,002206,188729569.html",2015-07-22 09:31:17,大家怎么看
反正成本为负。跌了就补。15元以下都是买入。不到30不出。啊哈哈。,"https://guba.eastmoney.com/news,002206,188258577.html",2015-07-21 09:09:59,反正成本为负。跌了就补。15元以下都是买入。不到30不出。啊哈哈。
买不进的买光明乳业8号停盘，明天开盘，资产注入，大家晚上准备好挂单买啊，买到最少,"https://guba.eastmoney.com/news,002206,188817743.html",2015-07-22 11:30:18,买不进的买光明乳业8号停盘，明天开盘，资产注入，大家晚上准备好挂单买啊，买到最少6个板以上
从估值看，海利得相当于当年的5块钱！,"https://guba.eastmoney.com/news,002206,184182145.html",2015-07-08 07:08:06,老话说熊市赚股
尼玛庄家做多意愿强烈，散户到不坚定了！,"https://guba.eastmoney.com/news,002206,188741857.html",2015-07-22 09:47:27,我到想看看散户现在卖了是不做股票了还是再去买什么？
苦也！,"https://guba.eastmoney.com/news,002206,188749363.html",2015-07-22 09:55:36,和海利得同时买进同时停牌的威海广泰今天又停牌了，他比海利得早一周开盘，期间做个T，昨天又卖出了，本想今天买回，减少损失，不想他又因收购资产停牌了，再开盘不知道又几个涨停，我把事情搞砸了！呜呜呜，吓得我海利得不敢动了，也怕他再来个突然停牌，收购资产什么的，还是老实点吧。
我炒股半背子了 ，也没见过这种图形.,"https://guba.eastmoney.com/news,002206,188745886.html",2015-07-22 09:51:34,
请问高总，如果这次增发失败，这次增发的两个项目公司是否会继续推进？,"https://guba.eastmoney.com/news,002206,915331076.html",2015-07-23 13:51:00,"请问高总，如果这次增发失败，这次增发的两个项目公司是否会继续推进？
海利得
海利得：您好，感谢您的关注。公司增发的两个项目是一定要推进的，若整个二级市场不好导致增发失败，公司融资方式除了股权融资外还有较高额度的银行授信，能够确保项目顺利实施。
(来自深交所互动易)答复时间 2015-07-23 13:51:00"
大盘可能要不行，两个板地先出点吧,"https://guba.eastmoney.com/news,002206,188275561.html",2015-07-21 09:51:46,"我试试我的影响力怎么样

见好就收吧"
7月22号大盘走势和海利得,"https://guba.eastmoney.com/news,002206,188632548.html",2015-07-21 21:07:29,好现象，今天大盘站稳4000点，明天最好在此横盘整理，免得上冲导致救市资金逃跑，这样也给个股高抛低吸机会。海利得今天该表扬，成交1082手，比昨天少，说明惜筹，封盘29万，看来明天还是一字板！本人也是被套散，希望再有几个板，大盘给点力，感觉海利得快出利好了。
不到30pe，想走快点，别墨迹,"https://guba.eastmoney.com/news,002206,188580170.html",2015-07-21 19:23:19,5555555555555
公司灯箱上下游的供应商及客户比较分散，针对这一特点，公司在经营模式以及供应链上会,"https://guba.eastmoney.com/news,002206,915331075.html",2015-07-23 13:51:00,"公司灯箱上下游的供应商及客户比较分散，针对这一特点，公司在经营模式以及供应链上会摸索更多的创新点。请解释这个创新点主要是哪些？
海利得
海利得：您好，感谢您的关注。公司在灯箱布的经营模式上还在探索过程中，公司会关注和考虑各种合适的机会。
(来自深交所互动易)答复时间 2015-07-23 13:51:00"
公司在机构调研时提到石塑地板已经向欧洲发货，请问这次发货量大概是多少平方？,"https://guba.eastmoney.com/news,002206,915331077.html",2015-07-23 13:50:00,"公司在机构调研时提到石塑地板已经向欧洲发货，请问这次发货量大概是多少平方？
海利得
海利得：您好，感谢您的关注。公司向欧洲开始发货，所以量不会太大，约几千平方。
(来自深交所互动易)答复时间 2015-07-23 13:50:00"
吧里的气氛不对了,"https://guba.eastmoney.com/news,002206,188380617.html",2015-07-21 13:15:15,感觉吧里的气氛怪兮兮的，悄悄地生怕海利得打开似地，风声鹤唳了。放心吧，海利得目前为止没有空方，绝大多数的筹码都带着血肉，不会轻易抛，所有的技术指标都失真着呢，没参考价值，目前只是修复指标！需要注意的是心理的博弈，市场情绪的博弈，大家保持好心态就行了，海利得会自然找到自己的位置，那时，你们在做判断！2015.07.21--13:15
公司2015年，是否还有计提减值（投资地博矿业的减值准备）？,"https://guba.eastmoney.com/news,002206,915331079.html",2015-07-23 13:49:00,"公司2015年，是否还有计提减值（投资地博矿业的减值准备）？
海利得
海利得：您好，感谢您的关注。至目前，公司未在2015年计提投资地博矿业的减值准备，后续是否要计提，取决于该事项的进展情况。
(来自深交所互动易)答复时间 2015-07-23 13:49:00"
请问：贵公司与广西地博的官司，对方是否已经启动应诉程序？根据嘉兴市的一审判定如在,"https://guba.eastmoney.com/news,002206,915331080.html",2015-07-23 13:48:00,"请问：贵公司与广西地博的官司，对方是否已经启动应诉程序？根据嘉兴市的一审判定如在15天内部上诉就意味着生效，应该进入赔偿和执行期，请详细说明一下。谢谢 潘益丰
海利得
海利得：您好，感谢您的关注。相关信息请关注公司后续公告。
(来自深交所互动易)答复时间 2015-07-23 13:48:00"
15以下出的，都是脑袋瓜子进水了，,"https://guba.eastmoney.com/news,002206,188266532.html",2015-07-21 09:34:10,"嘿嘿
干死空头"
请问公司从七月六号收到判决书已经十五天了，公司是否上诉？是否接到法院通知被告方是,"https://guba.eastmoney.com/news,002206,915331081.html",2015-07-23 13:48:00,"请问公司从七月六号收到判决书已经十五天了，公司是否上诉？是否接到法院通知被告方是否对一审判决上诉？
海利得
海利得：您好，感谢您的关注。相关信息请关注公司后续公告。
(来自深交所互动易)答复时间 2015-07-23 13:48:00"
7月21日大盘走势海利得？,"https://guba.eastmoney.com/news,002206,188180313.html",2015-07-20 21:20:01,今天大盘有惊无险保持稳定，造谣者应该受到谴责！明天无重大消息的情况下会有短线获利盘出逃，极有可能收阴，咱不祈求大盘怎么的，只要在4000点附近盘个几天就好，海利得就会本着自身价值运行，今天成交1163手，带集合竞价共23笔，换手率0.03%超出我预料的0.02%，是因为谣言吓的跑了100多手，明天还是一字板，可能换手率会达到个位数，有想补仓的集合竞价时开始排队，看运气吧，站上半年线后再进一步预测。预测本身就是靠经验来得，有误差，别骂。
从首日换手率和封单分析后市会有几个板儿。,"https://guba.eastmoney.com/news,002206,188234755.html",2015-07-21 06:08:14,大家说说看
好运气终有一天会来的！,"https://guba.eastmoney.com/news,002206,185072364.html",2015-07-10 08:00:54,"一路坏运气

也要到头了

能坚守到这个低位，也算革命意志合格了

市场会给我们回报的"
海利得纠错行情会怎么走，小散怎么做。,"https://guba.eastmoney.com/news,002206,187779044.html",2015-07-19 20:59:39,不出意外，纠错行情有三个涨停，然后再增发价以下筑建平台，运行一段时间后，择机上攻，冲击前期高点。当然这一切都必须建立在大盘运行健康的前提下，也必须得上市公司配合，小散们前三天别动，后两天高手做T，减少损失。争取在9月前挣到钱，祝大家好运。
