标题,链接,发布时间,内容
加油！,"https://guba.eastmoney.com/news,002285,399173670.html",2016-05-22 15:05:17,加油！
[兴奋][兴奋],"https://guba.eastmoney.com/news,002285,399173002.html",2016-05-22 15:02:12,
世联行  一切安好,"https://guba.eastmoney.com/news,002285,399170102.html",2016-05-22 14:50:26,一切安好
世联行,"https://guba.eastmoney.com/news,002285,399169505.html",2016-05-22 14:48:27,世联行哈哈
下周世联行起爆，拭目以待,"https://guba.eastmoney.com/news,002285,398284695.html",2016-05-21 16:13:13,
近期，一旦跌破7.4元就会反弹。可见，7.4元是世联行支撑价，也是庄家心里底价，,"https://guba.eastmoney.com/news,002285,397432611.html",2016-05-20 21:17:52,近期，一旦跌破7.4元就会反弹。可见，7.4元是世联行支撑价，也是庄家心里底价，他们在极力护盘，只要你不交出带血筹码，拉升指日可待。
世联行:关于收到非公开发行股票反馈意见的公告,"https://guba.eastmoney.com/news,002285,397360580.html",2016-05-20 19:34:44,"公告日期：2016-05-21
证券代码：002285 证券简称：世联行 公告编号：2016-061

深圳世联行地产顾问股份有限公司

关于收到非公开发行股票反馈意见的公告

本公司及董事会全体成员保证公告内容真实、准确、完整，并对公告中的虚假记载、误导性陈述或者重大遗漏承担责任。

深圳世联行地产顾问股份有限公司（以下简称“公司”）于2016年5月20日收到中国证券监督管理委员会（以下简称“中国证监会”）出具的《中国证监会行政许可项目审查反馈意见通知书》（160881号）。中国证监会依法对公司提交的《深圳世联行地产顾问股份有限公司非公开发行股票申请文件》进行了审查，现需要公司和保荐机构就有关问题作出书面说明和解释，并在30日内向中国证监会行政许可受理部门提交书面回复意见。

公司与相关中介机构将按照中国证监会上述通知书的要求，在规定的期限内及时组织有关材料报送中国证监会行政许可受理部门。

公司本次非公开发行股票事项尚需中国证监会的核准，能否获得核准尚存在不确定性，公司董事会将根据非公开发行进展情况，及时履行信息披露义务，敬请广大投资者注意投资风险。

特此公告。

深圳世联行地产顾问股份有限公司

董事会

二〇一六年五月二十一日


[点击查看PDF原文]
提示：本网不保证其真实性和客观性，一切有关该股的有效信息，以交易所的公告为准，敬请投资者注意风险。"
谁玩的这样好啊？15元多不卖10元拼命卖？,"https://guba.eastmoney.com/news,002285,397290266.html",2016-05-20 17:42:30,高人啊？
这就是小单增持大单卖的结果！,"https://guba.eastmoney.com/news,002285,397289548.html",2016-05-20 17:41:02,公司自作聪明，结果就是被市场抛弃。
谁玩的这样好啊？15元时不卖，现在10元了拼命卖？,"https://guba.eastmoney.com/news,002285,397288638.html",2016-05-20 17:39:20,真是高人啊！不赔钱难受啊。
"天天创新低,也是真能玩儿.","https://guba.eastmoney.com/news,002285,396935702.html",2016-05-20 11:10:08,"虽然我只有两成仓位,这么个跌法也不行啊!"
一点波动都没有，单边下跌。。。[不赞][不赞][不赞],"https://guba.eastmoney.com/news,002285,397167994.html",2016-05-20 14:51:47,一点波动都没有，单边下跌。。。[不赞][不赞][不赞]
给了你们足够的机会，为何不买入？,"https://guba.eastmoney.com/news,002285,397158772.html",2016-05-20 14:41:28,给了你们足够的机会，为何不买入？
废物,"https://guba.eastmoney.com/news,002285,397140671.html",2016-05-20 14:24:06,废物
世联行是不是要停牌了，最近跌得挺厉害的，请各位大神指点！,"https://guba.eastmoney.com/news,002285,390705686.html",2016-05-16 09:51:12,世联行是不是要停牌了，最近跌得挺厉害的，请各位大神指点！
这股是不是黑天鹅了。,"https://guba.eastmoney.com/news,002285,397126995.html",2016-05-20 14:09:44,这股是不是黑天鹅了。
什么j8情况,"https://guba.eastmoney.com/news,002285,397111793.html",2016-05-20 13:55:51,什么j8情况
作死的节奏～,"https://guba.eastmoney.com/news,002285,397097501.html",2016-05-20 13:43:33,作死的节奏～
7.43挂了撤，撤了挂，好玩不？,"https://guba.eastmoney.com/news,002285,397064114.html",2016-05-20 13:16:01,
买买买,"https://guba.eastmoney.com/news,002285,396948990.html",2016-05-20 11:19:27,买买买
被套已经套牢卧倒等待黎明，绝不能在这个位置割肉。60分钟扫货明显不知道是哪路神仙,"https://guba.eastmoney.com/news,002285,396913154.html",2016-05-20 10:53:03,被套已经套牢卧倒等待黎明，绝不能在这个位置割肉。60分钟扫货明显不知道是哪路神仙
每压500手以上，吃一次,"https://guba.eastmoney.com/news,002285,396865505.html",2016-05-20 10:19:55,
今天开始扫货，谁压单吃谁,"https://guba.eastmoney.com/news,002285,396840046.html",2016-05-20 10:02:26,
世联行：无论大盘涨跌，我自跌跌不休！主力无良，看看一个月以来的日K线，飞流直下三,"https://guba.eastmoney.com/news,002285,396823312.html",2016-05-20 09:51:10,世联行：无论大盘涨跌，我自跌跌不休！主力无良，看看一个月以来的日K线，飞流直下三千尺，疑似银河落九天！
6.93,"https://guba.eastmoney.com/news,002285,396781725.html",2016-05-20 09:20:00,.....
世联行近底约在6。2左右，最低可探至5。3。等瞧。。。,"https://guba.eastmoney.com/news,002285,395849760.html",2016-05-19 14:56:17,世联行近底约在6。2左右，最低可探至5。3。等瞧。。。
这股谁买谁死,"https://guba.eastmoney.com/news,002285,395591316.html",2016-05-19 10:41:38,这股谁买谁死
世联是人力资源型企业，请问近期政府关于社保养老金缴费标准的降低，会否对公司的人力,"https://guba.eastmoney.com/news,002285,916342290.html",2016-05-20 18:38:00,"世联是人力资源型企业，请问近期政府关于社保养老金缴费标准的降低，会否对公司的人力成本有较大的影响？另外，营改增对公司的影响如何？请问公司对上述两项因素有何内部测算？
世联行
世联行：: 感谢您的关注。关于养老金的问题，近期的确有一些城市公布养老金上缴比例调整的新闻，但对公司总体的养老金支出影响不明显，我们认为原因有二：第一，目前只是部分城市有调整养老金的上缴比例，但公司是全国性公司，所以只有相关的地区公司的人力成本因此受益，总体影响有限；第二，各地是下调养老金的上缴比例，但养老金的缴纳基数客观上随着工资水平在不断提高，这个因素在某种程度上会对冲一部分缴纳比例下调的影响。对于营改增的问题，公司曾经做过测算：新税制下公司主营的代理、顾问、物业管理服务等的增值税率为6%，但由于税额的计算方法跟原来的营业税有差异，如果转换成同口径，实际的增值税销项税额比营业税额高0.66%，但与此同时，公司的正常采购产生可以抵扣的增值税进项税额，降低了公司的相关成本，一定程度上对冲了销项税额增加的影响，所以总体而言，我们预计营改增对于公司的影响基本中性，在某些公司物资采购，设备、装修投入比较密集的时期，公司的增值税负比照之前的营业税负可能还会有所下降。
(来自深交所互动易)答复时间 2016-05-20 18:38:00"
"2014年世联小贷营业收入为2.41亿元,净利润达到0.98亿元;2015年世联","https://guba.eastmoney.com/news,002285,916336932.html",2016-05-24 21:05:00,"2014年世联小贷营业收入为2.41亿元,净利润达到0.98亿元;2015年世联小贷营业收入为3.69亿元,增长50%左右,净利润却只有0.75亿元.请问是什么原因造成营业收入大幅增长而利润却下降的呢?谢谢
世联行
世联行：感谢关注，一方面2015年小贷公司在可控范围内出现了一些不良贷款，为此公司根据规定对于这些不良贷款计提损失准备，另一方面，2015年公司也引进了不少金融高端人才，短期减少了公司2015年的利润。经过分析，我们发现大部分不良贷款出现在2014年云贷业务发展比较快的时间；再进一步分析发现，这些不良贷款产生的主要原因不是云贷产品本身的缺陷，而是云贷业务执行过程中的流程不完善或流程执行不到位的问题。对此，公司迅速对于业务流程做了调整和优化。经过对新流程下所产生的贷款资产的跟踪，我们发现相关的不良贷款的发生概率已经明显下降。从云贷业务的发展来看，一个业务从零开始发展到目前的规模，一定会经过一个不断发现问题并且学习完善的过程，这段时间中出现一些问题应该算是正常的现象。对此我们主要是这么考虑的：第一、虽然发生了问题，但发生的问题只是指向业务流程而不是产品本身，说明我们的云贷产品在基础逻辑上的合理性，从而坚定了公司继续开拓云贷业务的信心；第二、发现问题之后公司一定要做到迅速反映，改善流程，优化管理，及时制止问题的进一步蔓延，以至于发生的损失完全在公司能够承受的水平之下。第三、目前公司的不良贷款规模持续控制在较低可控的范围，只要我们持续做到这一点，世联的金融业务就有为公司产生利润，为股东持续创造价值。
(来自深交所互动易)答复时间 2016-05-24 21:05:00"
世联行:关于更换保荐机构后重新签署募集资金三方监管协议的公告,"https://guba.eastmoney.com/news,002285,396115937.html",2016-05-19 19:54:02,"公告日期：2016-05-20
证券代码：002285 证券简称：世联行 公告编号：2016-060

深圳世联行地产顾问股份有限公司

关于更换保荐机构后

重新签署募集资金三方监管协议的公告

本公司及董事会全体成员保证公告内容真实、准确和完整，并对公告中的虚假记载、误导性陈述或者重大遗漏承担责任。

深圳世联行地产顾问股份有限公司（以下简称“公司”或“世联行”）于2016年3月30日披露了《深圳世联行地产顾问股份有限公司关于更换保荐机构的公告》（公告编号：2016-036）。招商证券股份有限公司未完成的对公司2014年度非公开发行股票的持续督导工作将由中信建投证券股份有限公司（以下简称“中信建投证券”）完成。

为规范募集资金的管理和使用，保障投资者利益，根据《深圳证券交易所股票上市规则》、《深圳证券交易所中小板企业上市公司规范运作指引》等相关法律、法规和规范性文件的规定，公司及中信建投证券分别与招商银行股份有限公司深圳分行、广东华兴银行股份有限公司深圳分行、上海浦东发展银行股份有限公司深圳分行（以下均称“相关银行”）重新签署了《募集资金三方监管协议》,协议主要内容约定如下：

一、募集资金专项账户情况

本公司已在相关银行开设募集资金专项账户（以下简称“专户”），用于募集资金的存储和使用，不得用作其他用途。专户及募集资金存放情况如下：

开户银行 账号 截止日期 专户余额（万元） 募集资金用途

755903042310888 2016年5月10日 58,763.673333 补充流动资金

人力发展与培训中

755903042310166 2016年5月10日 628.31015

心项目

招商银行股份有限公司深圳分行

755903042310226 2016年5月10日 311.398724 集成服务管理平台

755903042310516 2016年5月10日 260.041213 超额募集

755903042310408 2016年5月10日 10.960770 品牌建设

广东华兴银行股份有限公司深圳 大数据的O2M平台

805880100014172 2016年5月10日 39,752.356762

分行 建设

上海浦东发展银行股份有限公司 顾问代理业务全国

79170155300001231 2016年5月10日 7,281.752663

深圳分行 布局

二、公司与相关银行应当共同遵守《中华人民共和国票据法》、《支付结算办法》、《人民币银行结算账户管理办法》等法律、法规、规章。

三、中信建投证券作为公司的保荐机构，应当依据有关规定指定保荐代表人或者其他工作人员对公司募集资金使用情况进行监督。中信建投证券应当依据……
[点击查看PDF原文]
提示：本网不保证其真实性和客观性，一切有关该股的有效信息，以交易所的公告为准，敬请投资者注意风险。
展开阅读全文"
明天交割日，今天不出来，明天低开低走！[大笑],"https://guba.eastmoney.com/news,002285,396130533.html",2016-05-19 20:12:33,明天交割日，今天不出来，明天低开低走！
6月份开股东大会是啥事？？有知道的吗？,"https://guba.eastmoney.com/news,002285,396018175.html",2016-05-19 17:46:28,请高手回答
"反抽无力,收盘翻绿.","https://guba.eastmoney.com/news,002285,395795855.html",2016-05-19 14:13:49,洗洗睡了.
有除权前买入，坚守至今的吗？[微笑],"https://guba.eastmoney.com/news,002285,393556011.html",2016-05-18 02:45:18,本人除权前一两天买入，亏了几个点，9.32出来。现在看来还是算及时。不然，更死了。
跌吧垃圾！昨天已经清了，亏了十二个点，你有种破7块我又来。,"https://guba.eastmoney.com/news,002285,395847703.html",2016-05-19 14:54:47,跌吧垃圾！昨天已经清了，亏了十二个点，你有种破7块我又来。
有本事st，不然不涨到12块不出货 欧耶 该咋咋地,"https://guba.eastmoney.com/news,002285,395815313.html",2016-05-19 14:28:58,有本事st，不然不涨到12块不出货 欧耶 该咋咋地
世联行,"https://guba.eastmoney.com/news,002285,395638382.html",2016-05-19 11:19:00,世联行
观望  还是那句话 上8元减点 破7元补点,"https://guba.eastmoney.com/news,002285,395628880.html",2016-05-19 11:11:01,"观望
还是那句话 上8元减点 破7元补点"
[鼓掌]  今天进个100手！,"https://guba.eastmoney.com/news,002285,395615542.html",2016-05-19 11:00:36,今天进个100手！
主升浪即将展开！中期目标15,"https://guba.eastmoney.com/news,002285,395628559.html",2016-05-19 11:10:58,主升浪即将展开！中期目标15
来三个涨板都没感觉了。,"https://guba.eastmoney.com/news,002285,395615319.html",2016-05-19 11:00:08,来三个涨板都没感觉了。
世联行,"https://guba.eastmoney.com/news,002285,395552361.html",2016-05-19 10:10:45,世联行
世联行:2016年5月17日投资者关系活动记录表,"https://guba.eastmoney.com/news,002285,1015009166.html",2016-05-19 00:00:00,"公告日期：2016-05-19
证券代码： 002285 证券简称：世联行



深圳世联行地产顾问股份有限公司投资者关系活动记录表

编号：20160517

投资者关系活动类别

√特定对象调研 □分析师会议

□媒体采访 □业绩说明会

□新闻发布会 □路演活动

□现场参观

□其他 （请文字说明其他活动内容）

参与单位名称及人员姓名 高盛（亚洲）有限责任公司、BlackRock

时间 2016年05月17日

地点 世联行总部15楼

上市公司接待人员姓名

副总经理、董秘袁鸿昌先生；证券事务代表赵飞鸿先生

投资者关系活动主要内容介绍

Q1：深圳四月份房价涨幅超60%，是否可以持续？

A1：与其谈价格，不如谈价值；与其谈房市，不如谈城市。深圳是中国一个很独特的城市，很像美国的旧金山。中国最好、最具创新的公司都出现在深圳，包括平安、万科、华为、腾讯等。深圳房价是否会继续涨，取决于未来深圳是否最具有创新、最具有创富能力的城市。



Q2：最近深圳的限购政策所带来的影响如何？

A2：刚需楼盘价格还是比较坚挺，但是高端楼盘的价格今年会有不确定性，因为今年的资本市场并不好、实体经济也具有不确定性，所以高端楼盘的价格可能会出现波动，但是从中长期看，如果深圳继续具备创富能力，还是会继续上涨。



Q3：深圳购房客户的年龄层分布如何？

A3：深圳购房客户趋向年轻化，约80%的客户属于80后，50%的属于85后。有人会说深圳高房价会影响竞争力，但是深圳有其特殊之处，因为有城中村提供了有大约650万套廉价租金的住房，这比北京、上海稍好一点。

Q4：如果利率上升，对目前房地产市场有什么影响？

A4：在中国，负债率最高的是企业和地方政府，对于普通购房者而言，影响相对较少。因为东方人财务观念还是相对保守，杠杆都不会用得太高，相对理性。

附件清单（如有） 无

日期 2016年05月17日





提示：本网不保证其真实性和客观性，一切有关该股的有效信息，以交易所的公告为准，敬请投资者注意风险。
展开阅读全文"
这股破7.4是下周铁板钉钉的事！,"https://guba.eastmoney.com/news,002285,387605046.html",2016-05-13 15:56:13,这股破7.4是下周铁板钉钉的事！
"2800点跌破了,继续向下寻求支撑.","https://guba.eastmoney.com/news,002285,394237756.html",2016-05-18 11:17:25,"眼看手勿动,抄底还得等等."
什么意思。。？破股,"https://guba.eastmoney.com/news,002285,394462444.html",2016-05-18 14:54:57,什么意思。。？破股
去你大爷的，看不到希望了，拜拜,"https://guba.eastmoney.com/news,002285,394448773.html",2016-05-18 14:43:22,去你大爷的，看不到希望了，拜拜
今天又是放量下跌，明天继续跳空低开,"https://guba.eastmoney.com/news,002285,394432558.html",2016-05-18 14:30:09,
增发价格3.94一股，等这价格破了再考虑入场,"https://guba.eastmoney.com/news,002285,394298489.html",2016-05-18 12:15:14,增发价格3.94一股，等这价格破了再考虑入场
坚持拥有！,"https://guba.eastmoney.com/news,002285,369307811.html",2016-05-03 14:30:31,坚持拥有！
快买，今天会涨停,"https://guba.eastmoney.com/news,002285,390762364.html",2016-05-16 10:33:27,快买，今天会涨停
又要见6元？,"https://guba.eastmoney.com/news,002285,394242129.html",2016-05-18 11:19:53,又要见6元？
今天莫非要千股跌停,"https://guba.eastmoney.com/news,002285,394153408.html",2016-05-18 10:28:24,今天莫非要千股跌停
继续跌啊，有本事跌停,"https://guba.eastmoney.com/news,002285,394141380.html",2016-05-18 10:21:42,
明天全仓进,"https://guba.eastmoney.com/news,002285,370409011.html",2016-05-03 22:56:00,明天全仓进
资产服务重要载体申请新三板挂牌,"https://guba.eastmoney.com/news,002285,388792495.html",2016-05-14 14:20:59,
[想一下]那份说世联行4月减持了10亿是误导小散，但是目的是什么，只有发布者心里,"https://guba.eastmoney.com/news,002285,392964121.html",2016-05-17 16:52:02,"那份说世联行4月减持了10亿是误导小散，但是目的是什么，只有发布者心里明白！另外，看到股吧有人骂陈总，其实我觉得没必要，因为大家当时为什么买这个股票，是陈总逼你买的？股价有涨有跌很正常，只是我们的介入时点错了，但是长远来看，世联行还是有潜力的，咋们输的是时间！而从陈总的作风看，他是个实干家，不搞什么概念来炒作股价，这一点对股民小散来说，确实没什么好意淫的念头，但是正因为他务实、年轻、肯干，企业才能活得更好更久，相信世联行3-5-7年的股价不会差到哪里去，或许从他上市以来，他年年有分红，只是一年没转送股，可以看出它的成长性是不错的！
对于目前这个点位，我定义为它是为了增发而压低股价，所以短期在7.45这个地点应该有一定支撑力，近期股价可能在7.5-8之间震荡！
对于大盘，我觉得如果这个星期指数能站稳2850以上，甚至去补上面2900多点那个缺口，那么场外部分观望资金可能会进来！（可以关注上证周k线的macd，这个属于中线趋势）
在相对底部区域，持股比做t更重要！希望我们一起努力一起交流！个人观点，不喜勿喷！谢谢！
"
卖了就涨,"https://guba.eastmoney.com/news,002285,392757078.html",2016-05-17 14:06:57,上午忍不住了7.62卖了。惨！！！
这种垃圾圈钱公司太明显了，大家都不要买卖结果会怎样？,"https://guba.eastmoney.com/news,002285,392643072.html",2016-05-17 12:25:54,这种垃圾圈钱公司太明显了，大家都不要买卖结果会怎样？
午后有没有拉高的可能,"https://guba.eastmoney.com/news,002285,392572273.html",2016-05-17 11:21:28,午后有没有拉高的可能
世联行里各大股东经多年各种方式圈线，目前全是零成本，三五年之内只跌不涨，不可能有,"https://guba.eastmoney.com/news,002285,392428743.html",2016-05-17 09:54:11,世联行里各大股东经多年各种方式圈线，目前全是零成本，三五年之内只跌不涨，不可能有好行情，目前第一目标是向7.10元增发价回归。
陈劲松很阴险，假增持配合真减持。散户上当受骗，全部被套，实际上所谓自有增持资金就,"https://guba.eastmoney.com/news,002285,392475618.html",2016-05-17 10:22:31,陈劲松很阴险，假增持配合真减持。散户上当受骗，全部被套，实际上所谓自有增持资金就是圈套，陈劲松一分未出，完全是大股东左右口袋的同一笔钱，以陈劲松名义增持而已，只是圈钱骗人把戏。
这几天会横盘，然后证明盘久必跌的道理！,"https://guba.eastmoney.com/news,002285,392471473.html",2016-05-17 10:21:07,这几天会横盘，然后证明盘久必跌的道理！
太好了，今天第九天流出。,"https://guba.eastmoney.com/news,002285,392400230.html",2016-05-17 09:37:44,太好了，今天第九天流出。
辣鸡，今天你又要跟着大盘反着做吗,"https://guba.eastmoney.com/news,002285,392295530.html",2016-05-17 08:29:19,辣鸡，今天你又要跟着大盘反着做吗
"小力增持,大力减持,无耻的陈劲松.","https://guba.eastmoney.com/news,002285,391114033.html",2016-05-16 16:25:07,"上市公司重要股东具备着一般投资者所不具备的信息优势，他们的增减仓行为更像是股价的晴雨表。近段时间上市公司的增持公告频现，于是有了大股东热情增持的观点，真相又是什么呢？

　　据券商中国记者统计，今年以来，除1月份上市公司重要股东净增持155.9亿元外，上市公司重要股东已经保持了连续三个月多的净减持态势，即便是在市场回暖的3、4月份也不例外。

　　值得关注的是4月以来的数据，上市公司重要股东合计净减持1.41亿股，涉及市值139.16亿元，其中有65只个股的净减持市值过亿元，二三四五、美的集团、东兴证券、尤夫股份和世联行等5只个股的净减持规模超过10亿元。"
你们盘中自己都盯着吗？没看到每天都有压盘的么？多明显，就是想让动摇的小散交出筹码,"https://guba.eastmoney.com/news,002285,392229176.html",2016-05-17 07:44:35,你们盘中自己都盯着吗？没看到每天都有压盘的么？多明显，就是想让动摇的小散交出筹码！世联都这个价格了你们怕个P啊！
稍安勿躁,"https://guba.eastmoney.com/news,002285,392160117.html",2016-05-17 06:56:43,世联行仅5﹪获利，还能跌到那里去。今天大盘继续反弹，世联行会有所表现的。世联行现在是底部区域，吸纳为宜。
资料说世联行4月份重要股东减持10亿元？然后8次减持，涉及股东数1个；我算了下，,"https://guba.eastmoney.com/news,002285,391140836.html",2016-05-16 16:58:01,资料说世联行4月份重要股东减持10亿元？然后8次减持，涉及股东数1个；我算了下，能够减持超过10亿元的就大股东或者第二流通股东乌鲁木齐……，他有大概7597.8万股（换算送股配股，1.063692亿股），如果全部减持完，那么减持均价应该是9.4左右，或除权前大概13.16左右减持的………这样是有可能的，而这区间是谁去接的盘？但是资料说他区间减持股数为3880万股左右，即使是还没除权，减持均价也是25.7左右？那好像与股价对不上，试问，到底是我算错，还是资料显示错？个人分析，请高手指点一二！
我在跌停处等着,"https://guba.eastmoney.com/news,002285,390928763.html",2016-05-16 13:20:33,我在跌停处等着
请问公司二股东减持的公告为什么这么迟？而且会是在大股东增持之后才公告，这中间有什,"https://guba.eastmoney.com/news,002285,916350600.html",2016-05-17 16:40:00,"请问公司二股东减持的公告为什么这么迟？而且会是在大股东增持之后才公告，这中间有什么利益交换吗？
世联行
世联行：: 感谢您的关注，根据《上市公司收购管理办法》及相关法规规定，持股5%以上的股东（除控股股东）持股比例每增加或者减少5%需要公告。因2016年5月11日公司股权激励计划限制性股票上市，导致公司第三大股东卓群创展持有公司股份比例被动稀释，累计减少了4.99%，因此按相关要求进行公告。另外，关于前十股东的持股情况公司一直于定期报告中持续披露。
(来自深交所互动易)答复时间 2016-05-17 16:40:00"
今天的走势，印证了我个人判断，目前满仓，短期来看，测算大盘会向2935进军。到2,"https://guba.eastmoney.com/news,002285,391061754.html",2016-05-16 15:25:41,今天的走势，印证了我个人判断，目前满仓，短期来看，测算大盘会向2935进军。到2920左右减仓一半。世联行到8.5左右减仓一半！希望能够实现，拭目以待！
可以去死了,"https://guba.eastmoney.com/news,002285,391039018.html",2016-05-16 14:58:41,"可以去死了
"
原二当家早应该滚，一家金融投资公司白吃白拿。新二当家原就做物业技术，现强强联合。,"https://guba.eastmoney.com/news,002285,391015543.html",2016-05-16 14:32:50,原二当家早应该滚，一家金融投资公司白吃白拿。新二当家原就做物业技术，现强强联合。赞。
你可以死了，8.8跌到7.6,"https://guba.eastmoney.com/news,002285,391012787.html",2016-05-16 14:30:15,你可以死了，8.8跌到7.6
请问公司自身认为哪些业务完成了0到1的过程，未来只需要规模化前进就行？哪些业务仍,"https://guba.eastmoney.com/news,002285,916342304.html",2016-05-20 18:35:00,"请问公司自身认为哪些业务完成了0到1的过程，未来只需要规模化前进就行？哪些业务仍需探讨0到1的过程，寻找合适商业模式？谢谢
世联行
世联行：感谢您的关注，房地产告别建造时代，进入服务时代。世联行作为国内最大的一手房代理商，2015年代理销售额超过4000亿元，代理业务作为公司的入口服务，已衍生出许多创新业务，如金融业务、互联网+业务，这些业务已完成从0到1的过程且均实现快速的增长。公司始终沿着快速扩大入口、持续深化服务的战略前行，一方面公司在自身探索0到1的创新业务，另一方面也在寻找市场上适合公司深服务的0到1的创新业务。
(来自深交所互动易)答复时间 2016-05-20 18:35:00"
一毛钱玩一天不错了，就怕最后2分钱玩一天,"https://guba.eastmoney.com/news,002285,390981843.html",2016-05-16 14:04:01,[不屑]
为什么减持持续了这么久，13号才来给通知？是有什么隐瞒吗？,"https://guba.eastmoney.com/news,002285,916350583.html",2016-05-17 16:43:00,"为什么减持持续了这么久，13号才来给通知？是有什么隐瞒吗？
世联行
世联行：: 感谢您的关注，关于前十股东的持股情况公司一直于定期报告中持续披露。根据《上市公司收购管理办法》及相关法规规定，持股5%以上的股东（除控股股东）持股比例每增加或者减少5%需要公告。因2016年5月11日公司股权激励计划限制性股票上市，导致公司第三大股东卓群创展持有公司股份比例被动稀释，累计减少了4.99%，因此按相关要求进行公告。
(来自深交所互动易)答复时间 2016-05-17 16:43:00"
又是一毛钱玩一天,"https://guba.eastmoney.com/news,002285,390960956.html",2016-05-16 13:50:16,又是一毛钱玩一天
世联行是最垃圾的股，没有之一，大盘跌他暴跌，大盘涨他还跌！,"https://guba.eastmoney.com/news,002285,390952202.html",2016-05-16 13:43:04,世联行是最垃圾的股，没有之一，大盘跌他暴跌，大盘涨他还跌！
世联的定增算不算跨界？,"https://guba.eastmoney.com/news,002285,390943505.html",2016-05-16 13:35:12,世联的定增算不算跨界？
"这股已经没什么希望了,洗洗睡吧!","https://guba.eastmoney.com/news,002285,390811976.html",2016-05-16 11:13:12,大股东都减持不看好了
走吧，这货不是个好货，浪费资源，属孙子的。,"https://guba.eastmoney.com/news,002285,390807301.html",2016-05-16 11:09:19,走吧，这货不是个好货，浪费资源，属孙子的。
千万别买  还在疯狂的减持,"https://guba.eastmoney.com/news,002285,390742557.html",2016-05-16 10:18:42,千万别买 还在疯狂的减持
猜猜今天跌多少,"https://guba.eastmoney.com/news,002285,390655018.html",2016-05-16 09:10:01,猜猜今天跌多少
值得关注的是4月以来的数据，上市公司重要股东合计净减持1.41亿股，涉及市值13,"https://guba.eastmoney.com/news,002285,390158463.html",2016-05-15 22:28:29,"值得关注的是4月以来的数据，上市公司重要股东合计净减持1.41亿股，涉及市值139.16亿元，其中有65只个股的净减持市值过亿元，二三四五、美的集团、东兴证券、尤夫股份和世联行等5只个股的净减持规模超过10亿元。
较为乐观的数据则是，两市有128只个股在4月以来得到重要股东的净增持，其中有27只个股或增持资金超1亿元，苏宁云商和大名城的获增持资金超过10亿元，分别达到30.88亿元和19.99亿元。
27只个股增持过亿元
近期关于上市公司增持的公告不少，为何4月份以来的数据依然是净减持？
让数据说话，从增减持次数来看，4月份以来共有543次增持行动，次数并不比减持次数少很多，但增减持的力量却差异较大，可谓“小力增持、大力减持”，单笔大规模的减持就足以抵消多次小规模的增持。
可以对比的数据是，4月份的增持有235次增持行动涉及的市值都不超100万元，同时只有36次增持的市值超过亿元；相较之下，有92次减持行动的市值都超过1亿元，美的集团和暴风科技的单笔减持就分别达到13.96亿元和9.74亿元。
不过，重要股东连续净减持之下，依然有27只个股在4月以来获得重要股东青睐，获得增持超过亿元，其中苏宁云获得的增持资金超30亿元。
苏宁云商第二大股东苏宁电气集团在4月7日披露称，已经完成股票增持计划，其于2016年1月6日至4月6日期间，合计增持3.03亿元股，增持总金额为34.06亿元。剔除1月13日已经披露部分，苏宁电器集团在1月13日至4月6日期间合计增持了苏宁云商2.74亿股，交易均价为11.17元每股，增持市值达到30.56亿元，是最高的单笔增持记录，也是4月以来获得最高增持金额的个股。此外，大名城在4月以来获得了重要股东的三笔增持，也获得了超10亿元以上的股东增持，合计增持市值达到2.01亿股，涉及纸质19.99亿元。
同样获得大资金增持的个股，还包括新潮实业、大商股份、生益科技和法尔胜，四月以来分别被净增持了4315.16万股、1468.60万股、5627.61万股和3796.52万股，增持参考市值分别达到7.14亿元、5.47 亿元、4.23 亿元和4.02亿元。
63只个股净减持超亿元
所谓的上市公司重要股东，是指在增减持时具有信息披露义务的上市公司股东，一般包括公司董事、监事、高管、大股东和其他具有披露义务的股东，其中相关股东的直属亲属股东也包含在内。相较于公司公开层面的齐声看好股价，这些股东真金白银的增减仓更能代表他们对公司股价的预判态度，遭遇重要股东大比例减持的投资者或需要进一步研究其减持理由和动机。
据统计，四月以来两市共发生了679起重要股东减持，合计减持14.47亿元股，涉及参考市值323.39亿元，有91起减持涉及的市值超过1亿元，其中美的集团的一笔股东减持市值超过10亿元。
数据显示，美的集团的原第二大股东融睿股权投资在4月25日通过大宗交易系统减持了4502万股，占总股本的1.05%，交易均价为31元每股，共减持了13.96亿元市值，是4月以来的最大规模的单笔减持记录。此外，暴风科技的原第二大股东和谐成长投资中心也在4月6日通过大宗交易方式减持了暴风科技1100万股，占公司总股本的4%，交易均价为88.59元每股，减持市值达到9.74亿元，是四月以来第二大规模的单笔减持。
以个股维度来看，两市四月以来共有63只个股被减持的市值超过亿元，14只个股被净减持市值超过5亿元，其中被减持市值最高的个股为二三四五。数据显示，二三四五自四月以来共有披露了16条被减持记录，合计被减持了6，512.68万股，减持人包括公司第五大股东张淑霞和第八大股东吉隆瑞科投资，以期间均价计算，二三四五合计被减持了17.67亿元。
此外，同样被重要股东减持市值超过10亿元的个股还包括美的集团、东兴证券、尤夫股份和世联行，它们在4月以来分别被减持了14.44亿元14.18亿元、10.39亿元和10亿元。"
我操，四月份以来世联行重要股东净坚持10元，他妈的你们就玩吧  增持1.5亿配合,"https://guba.eastmoney.com/news,002285,390157851.html",2016-05-15 22:26:52,我操，四月份以来世联行重要股东净坚持10元，他妈的你们就玩吧 增持1.5亿配合坚持10亿！狗比养的 垃圾
楼市再升温，1-4月中国房地产投资销售继续回升。统计局数据显示，1-4月，全国房,"https://guba.eastmoney.com/news,002285,390129883.html",2016-05-15 21:13:48,"楼市再升温，1-4月中国房地产投资销售继续回升。统计局数据显示，1-4月，全国房地产开发投资同比增7.2%，创一年新高，高于前值的6.2%。商品房销售额同比增长55.9%，1-3月同比增速为54.1%。
一、房地产开发投资完成情况
2016年1-4月份，全国房地产开发投资25376亿元，同比名义增长7.2%，增速比1-3月份提高1个百分点。其中，住宅投资16887亿元，增长6.4%，增速提高1.8个百分点。住宅投资占房地产开发投资的比重为66.5%。
数据表
1-4月份，东部地区房地产开发投资14927亿元，同比增长5.8%，增速比1-3月份提高0.4个百分点；中部地区投资5071亿元，增长12.3%，增速提高2.8个百分点；西部地区投资5378亿元，增长6.6%，增速提高1.1个百分点。
1-4月份，房地产开发企业房屋施工面积634261万平方米，同比增长5.8%，增速与1-3月份持平。其中，住宅施工面积434753万平方米，增长3.9%。房屋新开工面积43425万平方米，增长21.4%，增速提高2.2个百分点。其中，住宅新开工面积29606万平方米，增长18.0%。房屋竣工面积25478万平方米，增长20.1%，增速提高2.4个百分点。其中，住宅竣工面积18622万平方米，增长19.9%。
1-4月份，房地产开发企业土地购置面积5114万平方米，同比下降6.5%，降幅比1-3月份收窄5.2个百分点；土地成交价款1568亿元，下降0.2%，1-3月份为增长3.7%。
数据表
二、商品房销售和待售情况
1-4月份，商品房销售面积36012万平方米，同比增长36.5%，增速比1-3月份提高3.4个百分点。其中，住宅销售面积增长38.8%，办公楼销售面积增长33.9%，商业营业用房销售面积增长13.5%。商品房销售额27656亿元，增长55.9%，增速提高1.8个百分点。其中，住宅销售额增长61.4%，办公楼销售额增长60.1%，商业营业用房销售额增长15.3%。"
世联行:关于控股子公司深圳世联兴业资产管理有限公司启动改制设立股份有限公司并申请在全国中小企业股份转让系统挂牌的公告,"https://guba.eastmoney.com/news,002285,386931389.html",2016-05-12 20:41:51,"公告日期：2016-05-13
证券代码：002285 证券简称：世联行 公告编号：2016—057

深圳世联行地产顾问股份有限公司

关于控股子公司深圳世联兴业资产管理有限公司启动改制设立股份有限公司并申请在全国中小企业股份转让系统挂牌的公告

本公司及董事会全体成员保证公告内容真实、准确、完整，并对公告中的虚

假记载、误导性陈述或者重大遗漏承担责任。

深圳世联行地产顾问股份有限公司（以下简称“世联行”或“公司”）第三届董事会第五十二次会议审议通过了《关于控股子公司深圳世联兴业资产管理有限公司启动改制设立股份有限公司并申请在全国中小企业股份转让系统挂牌的议案》，公司控股子公司深圳世联兴业资产管理有限公司（以下简称“世联兴业”）拟进行改制，设立股份有限公司，并在符合国家相关法律法规政策和条件成熟的情况下，申请在全国中小企业股份转让系统（以下简称“新三板”）挂牌并公开转让。现将相关事项公告如下：

一、世联兴业的基本情况

1、公司名称：深圳世联兴业资产管理有限公司

2、公司类型：有限责任公司（法人独资）

3、成立日期：2013年7月17日

4、住所：深圳市罗湖区深南东路2028号罗湖商务中心12楼

5、法人代表：朱敏

6、注册资本：2,000万元

7、经营范围：一般经营项目：受托投资管理、投资管理；物业管理；房地产经纪；信息咨询；关于空调、机电设备选型采购、安装调试等咨询服务；电子设备工程、电子自动化工程、监控系统、保安监控及防盗报警系统、智能卡系统、电子工程、智能化系统、建筑物空调设备、采暖系统、通风设备系统上门安装；机电设备上门安装与维修；提供机动车辆停放服务；企业管理咨询；销售五金交电、化工产品（不含易燃易爆危险化学品）、装饰材料、日用品。许可经营项目：餐饮服务；游泳池经营；提供酒店客房服务。

8、世联行及深圳恒睿汇创投资管理合伙企业（有限合伙）分别增资后的世联兴业股权结构：

股东名称 出资方式 出资金额（万元） 持股比例

深圳世联行地产顾问股份有限公司 现金 7416.6667 90%

深圳恒睿汇创投资管理合伙企业 现金 824.0741 10%

（有限合伙）

总计 8240.7408 100%

二、近两年主要财务数据（金额单位:人民币元）

项目 2014年12月31日 2015年12月31日

总资产 136,214,032.24 202,456,017.74

归属母公司的净资产 20,631,269.58 23,541,328.60

营业收入 170,842,995.98 258,083,998.39

净利润 3,343,196.54 8,244,308.56

三、世联兴业拟申请在新三板挂牌的具体方案

世联兴业拟引入深圳恒睿汇创投资管理合伙企业（有限合伙），整体变更改制为股份有限公司。变更完成后，世联兴业的股东成为新设立股份有限公司的股东，股权比例不变。同时，原世联兴业的业务、资产、人员和债权债务由变更后的股份有限公司承继。

世联兴业改制为股份有限公司后，在符合国家相关法律法规的情况下，拟申请在新三板挂牌。

四、世联兴业的核心业务

世联行依托于“祥云战略”，通过逐步转型已形成房地产交易服务、资产管理服务、互联网+、金融服务四大业务板块。世联兴业作为世联行旗下子公司，主要从事商办物业的顾问咨询、物业管理和物业运营等业务，是资产管理服务业务板块中面向写字楼、产业园、众创空间、街区商业等非住宅类物业拥有者及使用者提供服务的重要载体。世联兴业致力于以构建资产运营管理的完整产业链为核心竞争力，将在商办物业领域成为具备物业管理、物业运营、顾问咨询等综合服务提供商，在商业模式、专业服务能力上具有一定优势。

世联兴业在新三板挂牌，不影响上市公司业务的正常开……
[点击查看PDF原文]
提示：本网不保证其真实性和客观性，一切有关该股的有效信息，以交易所的公告为准，敬请投资者注意风险。
展开阅读全文"
什麼時候破7?,"https://guba.eastmoney.com/news,002285,388782838.html",2016-05-14 14:06:34,什麼時候破7?
刚卖掉利好就来了,"https://guba.eastmoney.com/news,002285,387632481.html",2016-05-13 16:46:58,[失望]
世联行:简式权益变动报告书,"https://guba.eastmoney.com/news,002285,387850499.html",2016-05-13 20:38:58,"公告日期：2016-05-14


深圳世联行地产顾问股份有限公司

简式权益变动报告书

上市公司名称：深圳世联行地产顾问股份有限公司

股票上市地点：深圳证券交易所

股票简称：世联行

股票代码：002285

信息披露义务人：乌鲁木齐卓群创展股权投资合伙企业（有限合伙）注册地址：新疆乌鲁木齐高新技术产业开发区(新市区)高新街258号数码港大厦2015-159号

股份变动性质：股份减少、被动稀释

签署日期：2016年 05月 13日

信息披露义务人声明

一、本报告书根据《中华人民共和国证券法》（以下简称“《证券法》”）、《上市公司收购管理办法》（以下简称“《收购办法》”）、《公开发行证券公司信息披露内容与格式准则第15号—权益变动报告书》及相关法律、法规编写；

二、信息披露义务人签署本报告已获得必要的授权和批准，其履行亦不违反信息披露义务人章程或内部规则中的任何条款，或与之相冲突；

三、依据《证券法》、《收购办法》、《公开发行证券公司信息披露内容与格式准则第15号——权益变动报告书》的规定，本报告书已全面披露了信息披露义务人在世联行拥有权益的股份变动情况。截至本报告签署之日，除本报告书披露的持股信息外，信息披露义务人没有通过其他方式增加或减少其在深圳世联行地产顾问股份有限公司中拥有权益的股份。

四、本次权益变动是根据本报告所载明的资料进行的。信息披露义务人没有委托或者授权其他任何人提供未在本报告书列载的信息和对本报告书做出任何解释或者说明；

五、信息披露义务人承诺本报告不存在虚假记载、误导性陈述或者重大遗漏，并对其真实性，准确性和完整性承担个别和连带的法律责任。

目录

信息披露义务人声明......2

目录......3

第一节释义......4

第二节信息披露义务人介绍......5

第三节权益变动的目的及计划......6

第四节信息披露义务人权益变动方式......7

第五节前六个月内买卖上市公司股份的情况......9

第六节其他重大事项......9

第七节备查文件......10

第一节 释义

在本报告书中，除非文义载明，以下简称具有如下含义：

简称 释义

世联行、上市公司 指 深圳世联行地产顾问股份有限公司

信息披露义务人 指 乌鲁木齐卓群创展股权投资合伙企业(有限合

伙)（以下简称“卓群创展”）

深交所 指 深圳证券交易所

2015年5月29日，世联行非公开发行新增股份

223,654,630股；2016年5月11日世联行股权激励

被动稀释 计划限制性股票共2,099.44万股，两次总股本增

加导致信息披露义务人持有世联行股份比例减

少。

自2013年9月18日起至2016年3月22日止，

本次权益变动 指 信息披露义务人持有深圳世联行地产顾问股份

有限公司股份变动的行为

本报告书 深圳世联行地产顾问股份有限公司

指 简式权益变动报告书

元 人民币元

指

第二节 信息披露义务人介绍
……
[点击查看PDF原文]
提示：本网不保证其真实性和客观性，一切有关该股的有效信息，以交易所的公告为准，敬请投资者注意风险。
展开阅读全文"
破增发价必须的，等着7块买,"https://guba.eastmoney.com/news,002285,386017380.html",2016-05-11 20:25:34,破增发价必须的，等着7块买进
今天的IPO 估计会让下周大盘指数见2700点以下点位 而此股跟跌不跟涨 应该会,"https://guba.eastmoney.com/news,002285,387819743.html",2016-05-13 20:04:36,今天的IPO 估计会让下周大盘指数见2700点以下点位 而此股跟跌不跟涨 应该会见7.00元以下价位 下周7元埋单买点 摊低成本
世联行目标价在6.5可以企稳！,"https://guba.eastmoney.com/news,002285,387605853.html",2016-05-13 15:57:18,世联行目标价在6.5可以企稳！
最新消息 ，此股下个礼拜跌6元左右，下半周开始回升！,"https://guba.eastmoney.com/news,002285,386815589.html",2016-05-12 15:44:30,最新消息 ，此股下个礼拜跌6元左右，下半周开始回升！
别急，跌就买。总会有回报。,"https://guba.eastmoney.com/news,002285,387669167.html",2016-05-13 17:39:48,都不看好。
主力仍在跑，何时到底部哦！,"https://guba.eastmoney.com/news,002285,387586232.html",2016-05-13 15:27:37,不知为何机构不看好世联，这个位置了还在跑，看来大盘情况不妙，看周末有无利好，不好就要跑出来了，太弱了！
从除权开始21个交易日，两个阳星，4个小阳线，其他全是绿，也真是没谁了,"https://guba.eastmoney.com/news,002285,387570905.html",2016-05-13 15:08:09,从除权开始21个交易日，两个阳星，4个小阳线，其他全是绿，也真是没谁了
整天发圈钱公告，对股东一分回报没有，真不要脸。,"https://guba.eastmoney.com/news,002285,387557742.html",2016-05-13 14:54:15,整天发圈钱公告，对股东一分回报没有，真不要脸。
什么卵子公司入股，狗屎，如果真的是利好会不涨？现在这是满地垃圾随便捡都没人要。真,"https://guba.eastmoney.com/news,002285,387490683.html",2016-05-13 13:47:10,什么卵子公司入股，狗屎，如果真的是利好会不涨？现在这是满地垃圾随便捡都没人要。真的是利好的话会让你买不进去的。
卵用的公司入股，还是遍地垃圾随便捡,"https://guba.eastmoney.com/news,002285,387494568.html",2016-05-13 13:50:53,卵用的公司入股，还是遍地垃圾随便捡
一角钱走天下,"https://guba.eastmoney.com/news,002285,387521747.html",2016-05-13 14:19:44,"一角钱走天下
"
本以为今天会创下历史新低，所以7.70割肉了，尾盘发现爆拉。,"https://guba.eastmoney.com/news,002285,386701127.html",2016-05-12 12:36:13,看来2016年的新低就是现在了，再也不可能跌落了。
卖吧……高点产生了,"https://guba.eastmoney.com/news,002285,387313763.html",2016-05-13 09:33:28,卖吧……高点产生了
一盘就该出大棒子了,"https://guba.eastmoney.com/news,002285,387358356.html",2016-05-13 10:52:45,一盘就该出大棒子了
世联行:关于向全资子公司深圳世联兴业资产管理有限公司增资的公告,"https://guba.eastmoney.com/news,002285,386931406.html",2016-05-12 20:41:51,"公告日期：2016-05-13
证券代码：002285 证券简称：世联行 公告编号：2016-055

深圳世联行地产顾问股份有限公司

关于向全资子公司深圳世联兴业资产管理有限公司增资的公告

本公司及董事会全体成员保证公告内容真实、准确、完整，并对公告中的虚假记载、误导性陈述或者重大遗漏承担责任。

一、对外投资概述

1、为满足资产管理服务业务板块的发展需要，深圳世联行地产顾问股份有限公司（以下简称“公司”或“世联行”）拟以自有资金6,500万元人民币增资全资子公司深圳世联兴业资产管理有限公司（以下简称“世联兴业”）,其中5,416.6667万元作为世联兴业的注册资本，其余1083.3333万元计入世联兴业的资本公积。

2、根据《公司章程》、《深圳证券交易所股票上市规则》等相关规定，上述增资事项已经公司第三届董事会第五十二次会议审议通过。本次增资在公司董事会审批权限内，无需提交股东大会审议。

3、本次增资事项不涉及关联交易，不构成《上市公司重大资产重组管理办法》规定的重大资产重组。

二、投资标的的基本情况

1、公司名称：深圳世联兴业资产管理有限公司

2、住所：深圳市罗湖区深南东路2028号罗湖商务中心12楼

3、法定代表人：朱敏

4、注册资本：2,000万元

5、成立日期：2013年7月17日

6、经营范围：一般经营项目：受托投资管理、投资管理；物业管理；房地产经纪；信息咨询；关于空调、机电设备选型采购、安装调试等咨询服务；电子设备工程、电子自动化工程、监控系统、保安监控及防盗报警系统、智能卡系统、电子工程、智能化系统、建筑物空调设备、采暖系统、通风设备系统上门安装；机电设备上门安装与维修；提供机动车辆停放服务；企业管理咨询；销售五金交电、化工产品（不含易燃易爆危险化学品）、装饰材料、日用品。许可经营项目：餐饮服务；游泳池经营；提供酒店客房服务。

7、主要财务状况：

金额单位：人民币元

项目 2014年12月31日 2015年12月31日

总资产 136,214,032.24 202,456,017.74

归属母公司的净资产 20,631,269.58 23,541,328.60

营业收入 170,842,995.98 258,083,998.39

净利润 3,343,196.54 8,244,308.56

三、增资目的和对公司的影响

世联行依托于“祥云战略”，通过逐步转型已形成房地产交易服务、资产管理服务、互联网+、金融服务四大业务板块。世联兴业作为世联行旗下子公司，主要从事商办物业的顾问咨询、物业管理和物业运营等业务，是资产管理服务业务板块中面向写字楼、产业园、众创空间、街区商业等非住宅类物业拥有者及使用者提供服务的重要载体。世联兴业致力于以构建资产运营管理的完整产业链为核心竞争力，将在商办物业领域成为具备物业管理、物业运营、顾问咨询等综合服务提供商，在商业模式、专业服务能力上具有一定优势。

面对国内商办物业领域巨大的市场空间，世联兴业的注册资本或净资产已无法满足未来大资管战略的发展需要。通过此次增资，能够满足世联兴业的经营及发展的需要，符合公司的发展战略。本次增资对象为公司全资子公司，且增资资金来源为自有资金，因此不会对公司财务及经营状况产生重大影响。

特此公告。

深圳世联行地产顾问股份有限公司

董事会

二〇一六年五月十三日


[点击查看PDF原文]
提示：本网不保证其真实性和客观性，一切有关该股的有效信息，以交易所的公告为准，敬请投资者注意风险。
展开阅读全文"
大盘拉高诱多,"https://guba.eastmoney.com/news,002285,387325902.html",2016-05-13 09:56:50,
恒睿汇创投资管理合伙企业 臭狗屎入股有个卵用，,"https://guba.eastmoney.com/news,002285,387320196.html",2016-05-13 09:46:15,恒睿汇创投资管理合伙企业 臭狗屎入股有个卵用，
世联行:中信建投证券股份有限公司关于公司关联交易事项的核查意见,"https://guba.eastmoney.com/news,002285,386931357.html",2016-05-12 20:41:49,"公告日期：2016-05-13
中信建投证券股份有限公司

关于深圳世联行地产顾问股份有限公司关联交易事项的核查意见

中信建投证券股份有限公司（以下简称“中信建投证券”或“本保荐机构”）于2016年3月承接了深圳世联行地产顾问股份有限公司（以下简称“世联行”或“公司”）2014年度非公开发行股票保荐机构招商证券股份有限公司的持续督导工作。根据《证券发行上市保荐业务管理办法》、《深圳证券交易所上市公司保荐工作指引》、《深圳证券交易所股票上市规则》、《深圳证券交易所中小企业板上市公司规范运作指引》等有关法律法规和规范性文件的要求，对关联方向公司全资子公司增资的关联交易事项进行了认真、审慎的核查，核查具体情况如下：一、关联交易事项概述

深圳恒睿汇创投资管理合伙企业（有限合伙）（以下简称“深圳恒睿”）拟向公司的全资子公司深圳世联兴业资产管理有限公司（以下简称“世联兴业”）增资人民币988.8889万元，其中，824.0741万元计入注册资本，164.8148万元计入资本公积。本次增资完成后，深圳恒睿将持有世联兴业10%的股权。

由于公司副总经理林蔚女士为深圳恒睿的普通合伙人，根据《深圳证券交易所股票上市规则》的规定，本次交易构成关联交易。

本次关联交易不构成《上市公司重大资产重组管理办法》规定的重大资产重组。本次关联交易涉及金额未达到股东大会审议权限范围，因此，本次关联交易经本次董事会审议通过后即可实施，无需提交股东大会审议。

二、关联方深圳恒睿基本情况

公司名称：深圳恒睿汇创投资管理合伙企业（有限合伙）

住所：深圳市罗湖区东门街道深南东路2028号罗湖商务中心12楼

执行合伙人：林蔚

认缴出资额：1,000万元

注册时间：2016年04月21日

经营范围：投资管理、投资咨询（不含人才中介服务、证券、期货、保险、金融业务及其它限制项目）；对未上市企业进行股权投资。（企业经营涉及前置性行政许可的，须取得前置性行政许可文件后方可经营）

深圳恒睿的出资情况如下：

单位：万元

序号 合伙人名称 合伙人类型 出资金额 出资比例

1 林蔚 普通合伙人 700.00 70.00%

2 潘希艺 有限合伙人 300.00 30.00%

合计 1,000.00 100.00%

公司副总经理林蔚女士为深圳恒睿的普通合伙人，符合《深圳证券交易所股票上市规则》第10.1.3 条第（三）项规定的关联法人认定情形，因此，深圳恒睿本次拟向公司全资子公司增资的交易构成关联交易。

三、交易标的世联兴业基本情况

公司名称：深圳世联兴业资产管理有限公司

住所：深圳市罗湖区深南东路2028号罗湖商务中心12楼

法定代表人：朱敏

注册资本：2,000万元

注册时间：2013年7月17日

经营范围：一般经营项目：受托投资管理、投资管理；物业管理；房地产经纪；信息咨询；关于空调、机电设备选型采购、安装调试等咨询服务；电子设备工程、电子自动化工程、监控系统、保安监控及防盗报警系统、智能卡系统、电子工程、智能化系统、建筑物空调设备、采暖系统、通风设备系统上门安装；机电设备上门安装与维修；提供机动车辆停放服务；企业管理咨询；销售五金交电、化工产品（不含易燃易爆危险化学品）、装饰材料、日用品。许可经营项目：餐饮服务；游泳池经营；提供酒店客房服务。

本次增资完成后，世联兴业的股权结构如下：

单位：万元

序号 股东名称 出资金额 出资比例

1 世联行 7416.6667 90.00%

2 深圳恒睿 824.……
[点击查看PDF原文]
提示：本网不保证其真实性和客观性，一切有关该股的有效信息，以交易所的公告为准，敬请投资者注意风险。
展开阅读全文"
妈的，跌成屎了还在这显摆！,"https://guba.eastmoney.com/news,002285,387293938.html",2016-05-13 08:10:08,妈的，跌成屎了还在这显摆！
发这么多公告，完了，明天有的跌了,"https://guba.eastmoney.com/news,002285,386947638.html",2016-05-12 21:21:16,发这么多公告，完了，明天有的跌了
世联行:关于召开2016年第二次临时股东大会的通知,"https://guba.eastmoney.com/news,002285,386931378.html",2016-05-12 20:41:51,"公告日期：2016-05-13
证券代码：002285 证券简称：世联行 公告编号：2016—058

深圳世联行地产顾问股份有限公司

关于召开2016年第二次临时股东大会的通知

本公司及董事会全体成员保证公告内容真实、准确、完整，并对公告中的虚假记载、误导性陈述或者重大遗漏承担责任。

深圳世联行地产顾问股份有限公司（以下简称“公司”）于2016年5月11日召开了第三届董事会第五十二次会议，会议决议定于2016年6月14日（星期二）召开公司2016年第二次临时股东大会，现将本次临时股东大会的有关事项公告如下：

一、召开会议的基本情况

1、会议召开时间：

（1）现场会议召开时间：2016年6月14日（星期二）下午2:30

（2）网络投票时间：2016年6月13日—2016年6月14日

其中：通过深圳证券交易所交易系统进行网络投票的具体时间为2016年6月14日上午9∶30—11∶30，下午1∶00—3∶00；通过深圳证券交易所互联网投票系统进行网络投票的具体时间为2016年6月13日下午3∶00至2016年6月14日下午3∶00的任意时间。

2、股权登记日：2016年6月6日

3、现场会议召开地点：深圳市罗湖区深南东路2028号罗湖商务中心12楼1205会议室

4、会议召集人：公司董事会

5、会议方式：本次股东大会采取现场投票与网络投票相结合的方式。公司将通过深圳证券交易所交易系统和互联网投票系统向公司股东提供网络形式的投票平台，公司股东可以在网络投票时间内通过深圳证券交易所的交易系统或互联网投票系统行使表决权。

6、参加会议的方式：公司股东只能选择现场投票（现场投票可以委托代理人代为投票）和网络投票中的一种表决方式，同一表决权出现重复表决的以第一次投票结果

为准。

二、本次股东大会出席对象

1、本次股东大会股权登记日为2016年6月6日。股权登记日在中国证券登记结算有限责任公司深圳分公司登记在册的本公司股东，均有权以本通知公布的方式出席本次股东大会及参加表决；因故不能亲自出席现场会议的股东可书面授权代理人出席和参加表决（该股东代理人可不必是公司的股东），或在网络投票时间内参加网络投票。

2、公司董事、监事和高级管理人员。

3、公司聘请的律师。

三、会议议题

1、审议《关于控股子公司深圳世联兴业资产管理有限公司启动改制设立股份有限公司并申请在全国中小企业股份转让系统挂牌的议案》

2、审议《关于修订<公司章程>的议案》

以上议案1、2已经第三届董事会第五十二次会议审议通过，详见2016年5月13日登载于指定信息披露媒体《证券时报》、《中国证券报》、《上海证券报》、巨潮资讯网（www.cninfo.com.cn）的《第三届董事会第五十二次会议决议公告》

本次临时股东大会审议的议案1、2为特别议案，应当由出席股东大会的股东（包括股东代理人）所持表决权的2/3以上通过。

本次临时股东大会审议的议案1为需要对中小投资者的表决单独计票的审议事项。

四、本次股东大会现场会议的登记方法

1、登记手续

（1）自然人股东持本人身份证、股东账户卡办理登记手续，委托代理人持本人身份证、股东账户卡、股东授权委托书等办理登记手续；

（2）法人股东由其法定代表人出席会议的，应持本人身份证、营业执照复印件（加盖公章）办理登记手续；由其法定代表人委托的代理人出席会议的，应当持本人身份证、营业执照复印件（加盖公章）和法定代表人依法出具的书面委托书办理登记手续；（3）异地股东可以凭以上有关证件采取信函或传真方式登记（必须在2016年6月8日下午5：30之前送达或传真至公司董事会办公室），不接受电话登记。

2、登记时间：2016年6月7日、6月8日，每日上午9∶00—11∶30，下午1∶30—5∶30

3、登记地点及联系方式：

深圳市罗湖区深南东路2028号罗湖商务中心15楼

电话：0755-22162144 0755-22162824

传真：0755-22162231

联系人：赵飞鸿、叶建初

4、注意事项

出席现场会议的股东和股东代表请携带相关证件原件于会前半小时到会场办理登记手续。

五、其他事项：与会人员的食宿及交通等费用自理。

六、参与网络投票的股东身份认证与投票程序

本次股东大会向股东提供网络式的投……
[点击查看PDF原文]
提示：本网不保证其真实性和客观性，一切有关该股的有效信息，以交易所的公告为准，敬请投资者注意风险。
展开阅读全文"
一下子发9条公告，活裸行,"https://guba.eastmoney.com/news,002285,386933918.html",2016-05-12 20:48:39,一下子发9条公告，活裸行
活裸行，一下子发9天公告，,"https://guba.eastmoney.com/news,002285,386933781.html",2016-05-12 20:48:17,活裸行，一下子发9天公告，
世联行   加油！,"https://guba.eastmoney.com/news,002285,386932347.html",2016-05-12 20:44:22,加油！
世联行:公司章程(2016年5月),"https://guba.eastmoney.com/news,002285,386931391.html",2016-05-12 20:41:51,"公告日期：2016-05-13


深圳世联行地产顾问股份有限公司 章 程

二0一六年五月

目录

第一章 总则......3

第二章 经营宗旨和范围......4

第三章 股份......4

第一节 股份发行......4

第二节 股份增减和回购......5

第三节 股份转让......6

第四章 股东和股东大会......7

第一节股东......7

第二节 股东大会的一般规定......9

第三节 股东大会的召集......11

第四节 股东大会的提案与通知......13

第五节 股东大会的召开......14

第六节 股东大会的表决和决议......17

第五章 董事会......21

第一节董事......21

第二节 董事会......24

第六章 总经理及其他高级管理人员......29

第七章 监事会......30

第一节监事......30

第二节 监事会......31

第八章 财务会计制度、利润分配和审计......33

第一节财务会计制度......33

第二节利润分配......34

第三节内部审计......37

第四节会计师事务所的聘任......37

第九章 通知和公告......37

第一节 通知......37

第二节 公告......38

第十章 合并、分立、增资、减资、解散和清算......38

第一节 合并、分立、增资和减资......39

第二节 解散和清算......39

第十一章 修改章程......41

第十二章 附则......42



第一章总则

第一条 为维护深圳世联行地产顾问股份有限公司(以下简称“公司”)、股

东和债权人的合法权益，规范公司的组织和行为，根据《中华人民共和国公司法》（以下简称《公司法》）、《中华人民共和国证券法》（以下简称《证券法》）和其他有关规定，制订本章程。

第二条 公司系依照《公司法》和其他有关规定成立的外商投资股份有限公

司。

公司经中华人民共和国商务部批准，由世联地产顾问（深圳）有限公司整体变更设立。公司在深圳市工商行政管理局注册登记，营业执照号为：440301501120135。

第三条 公司于【2009】年【8】月【5】日经中国证券监督管理委员会（以

下简称“中国证监会”）【证监许可[2009]740】号文核准，首次向社会公众发行人民币普通股【3200万】股，于【2009】年【8】月【28】日在深圳证券交易所上市。

第四条 公司注册名称：中文：深圳世联行地产顾问股份有限公司

英文：SHENZHENWORLDUNIONPROPERTIESCONSULTANCY

INCORPORATED.

第五条 公司住所：深圳市罗湖区深南东路2028号罗湖商务中心12楼。邮

政编码：518001。

第六条 公司注册资本为人民币【2,044,969,122】元。

第七条 公司为永久存续的股份有限公司。

第八条 董事长为公司的法定代表人。

第九条 公司全部资产分为等额股份，股东以其认购的股份为限对公司承担

责任，公司以其全部资产对公司的债务承担责任。

第十条 本公司章程自生效之日起，即成为规范公司的组织与行为、公司与

股东、股东与股东之间权利义务关系的具有法律约束力的文件，对公司、股东、董事、监事、高级管理人员具有法律约束力的文件。

依据本章程，股东可以起诉股东，股东可以起诉公司董事、监事、总经理和其他高级管理人员，股东可以起诉公司，公司可以起诉股东、董事、监事、总经理和其他高级管理人员。

第十一条 本章程所称其他高级管理人员是指公司的副总经理、董事会秘书、

财务负责人。

第二章经营宗旨和范围

第十二条 公司的经营宗旨……
[点击查看PDF原文]
提示：本网不保证其真实性和客观性，一切有关该股的有效信息，以交易所的公告为准，敬请投资者注意风险。
展开阅读全文"
世联行:第三届监事会第三十九次会议决议公告,"https://guba.eastmoney.com/news,002285,386931385.html",2016-05-12 20:41:51,"公告日期：2016-05-13
证券代码：002285 证券简称：世联行 公告编号：2016—054

深圳世联行地产顾问股份有限公司

第三届监事会第三十九次会议决议公告

本公司及监事会全体成员保证公告内容真实、准确、完整，并对公告中的虚假记载、误导性陈述或者重大遗漏承担责任。

深圳世联行地产顾问股份有限公司（以下简称“公司”）第三届监事会第三十九次会议通知于2016年5月8日以邮件和电话方式送达各位监事，会议于2016年5月11日以现场加通讯方式在公司会议室举行。会议应到监事3名，实际到会监事3名。会议由监事会主席滕柏松先生主持，会议的召开和表决程序符合《公司法》和《公司章程》的有关规定。经与会监事认真审议，通过如下决议：

一、审议通过了《关于向全资子公司深圳世联兴业资产管理有限公司增资的议案》《关于向全资子公司深圳世联兴业资产管理有限公司增资的公告》全文刊登于2016年5月13日的《证券时报》、《中国证券报》、《上海证券报》和巨潮资讯网（http://www.cninfo.com.cn）上。

表决结果：3票通过、0票反对、0票弃权

二、审议通过了《关于关联企业以增资方式获取深圳世联兴业资产管理有限公司部分股权的议案》

监事会认为本次关联交易既能满足世联兴业进行股份制改造的实际需要，又能激励和吸引高端优秀人才，增强企业的核心竞争力，符合公司的长远发展战略。交易价格公允，未损害中小股东和非关联股东的权益，符合全体股东的利益。

《关于深圳恒睿汇创投资管理合伙企业（有限合伙）增资深圳世联兴业资产管理有

限公司暨关联交易的公告》全文刊登于2016年5月13日的《证券时报》、《中国证券报》、《上海证券报》和巨潮资讯网（http://www.cninfo.com.cn）上，公司独立董事发表的独立意见内容详见巨潮资讯网（http://www.cninfo.com.cn）。

表决结果：3票通过、0票反对、0票弃权

三、审议通过了《关于控股子公司深圳世联兴业资产管理有限公司启动改制设立股份有限公司并申请在全国中小企业股份转让系统挂牌的议案》

同意公司控股子公司深圳世联兴业资产管理有限公司进行改制，设立股份有限公司，并在符合国家相关法律法规政策和条件成熟的情况下，申请在全国中小企业股份转让系统（以下简称“新三板”）挂牌并公开转让。

《关于控股子公司深圳世联兴业资产管理有限公司启动改制设立股份有限公司并申请在全国中小企业股份转让系统挂牌的公告》全文刊登于2016年5月13日的《证券时报》、《中国证券报》、《上海证券报》和巨潮资讯网（http://www.cninfo.com.cn）上，公司独立董事发表的独立意见内容详见巨潮资讯网（http://www.cninfo.com.cn）。

表决结果：3票通过、0票反对、0票弃权

特此公告。

深圳世联行地产顾问股份有限公司

监事会

二〇一六年五月十三日


[点击查看PDF原文]
提示：本网不保证其真实性和客观性，一切有关该股的有效信息，以交易所的公告为准，敬请投资者注意风险。
展开阅读全文"
世联行:关于深圳恒睿汇创投资管理合伙企业(有限合伙)增资深圳世联兴业资产管理有限公司暨关联交易的公告,"https://guba.eastmoney.com/news,002285,386931381.html",2016-05-12 20:41:51,"公告日期：2016-05-13
证券代码：002285 证券简称：世联行 公告编号：2016—056

深圳世联行地产顾问股份有限公司

关于深圳恒睿汇创投资管理合伙企业（有限合伙）增资深圳世联兴业资产管理有限公司暨关联交易的公告

本公司及董事会全体成员保证公告内容真实、准确、完整，并对公告中的虚

假记载、误导性陈述或者重大遗漏承担责任。

一、关联交易的概述

1、深圳恒睿汇创投资管理合伙企业（有限合伙）（以下简称“合伙企业”或“深圳恒睿”）拟向深圳世联行地产顾问股份有限公司（以下简称“世联行”或“公司”）的全资子公司深圳世联兴业资产管理有限公司（以下简称“世联兴业”）增资人民币988.8889万元以获得世联兴业10%的股权，其中，824.0741万元计入世联兴业的注册资本，164.8148万元计入世联兴业的资本公积。本次交易完成后，合伙企业持有世联兴业10%的股权。

2、公司高级管理人员林蔚女士为合伙企业的普通合伙人，根据《深圳证券交易所股票上市规则》的规定，本次交易构成了公司的关联交易。

3、公司于2016年5月11日召开的第三届董事会第五十二次会议审议通过《关于关联企业以增资方式获取深圳世联兴业资产管理有限公司部分股权的议案》，其中9票同意、0 票反对、0 票弃权。独立董事对本次关联交易发表了独立意见。

4、本次关联交易不构成《上市公司重大资产重组管理办法》规定的重大资产重组。

本次关联交易涉及金额未达到股东大会审议权限范围，因此，本次关联交易经本次董事会审议通过后即可实施。

二、关联方的基本情况

1、企业名称：深圳恒睿汇创投资管理合伙企业（有限合伙）

2、经营场所：深圳市罗湖区东门街道深南东路2028号罗湖商务中心12楼

3、合伙期限：永续经营

4、认缴出资额：1,000万元

5、市场主体类型：有限合伙

6、成立时间：2016年4月21日

7、经营范围：投资管理、投资咨询（不含人才中介服务、证券、期货、保险、金融业务及其它限制项目）；对未上市企业进行股权投资。（企业经营涉及前置性行政许可的，须取得前置性行政许可文件后方可经营）

8、出资情况：普通合伙人林蔚女士出资人民币700 万元；有限合伙人潘希艺先生

出资人民币300万元

9、关联关系的说明：

公司副总经理林蔚女士为合伙企业的普通合伙人，符合《深圳证券交易所股票上市规则》第10.1.3 条第（三）项规定，因此本次交易构成关联交易。

三、交易标的的基本情况

1、公司名称：深圳世联兴业资产管理有限公司

2、公司类型：有限责任公司（法人独资）

3、成立日期：2013年7月17日

4、住所：深圳市罗湖区深南东路2028号罗湖商务中心12楼

5、法人代表：朱敏

6、注册资本：2,000万元

7、经营范围：一般经营项目：受托投资管理、投资管理；物业管理；房地产经纪；

信息咨询；关于空调、机电设备选型采购、安装调试等咨询服务；电子设备工程、电子自动化工程、监控系统、保安监控及防盗报警系统、智能卡系统、电子工程、智能化系统、建筑物空调设备、采暖系统、通风设备系统上门安装；机电设备上门安装与维修；提供机动车辆停放服务；企业管理咨询；销售五金交电、化工产品（不含易燃易爆危险化学品）、装饰材料、日用品。许可经营项目：餐饮服务；游泳池经营；提供酒店客房服务。

8、世联行及合伙企业分别增资后的股权结构：

股东名称 出资方式 出资金额（万元） 持股比例

深圳世联行地产顾问股份有限公司 现金 7416.6667 90%

深圳恒睿汇创投资管理合伙企业 现金 824.0741 10%

（有限合伙）

总计 8240.7408 100%

9、世联兴业近两年主要财务数据（金额单位：人民币元）

项目 2014年12月31日 2015年12月31日

总资产 136,214,032.24 202,456,017.74

……
[点击查看PDF原文]
提示：本网不保证其真实性和客观性，一切有关该股的有效信息，以交易所的公告为准，敬请投资者注意风险。
展开阅读全文"
世联行:独立董事关于第三届董事会第五十二次会议相关事项的事前认可及独立意见,"https://guba.eastmoney.com/news,002285,386931380.html",2016-05-12 20:41:51,"公告日期：2016-05-13
深圳世联行地产顾问股份有限公司独立董事

关于第三届董事会第五十二次会议相关事项的事前认可及独立意见

深圳世联行地产顾问股份有限公司（以下简称“公司”）于2016年5月11日召开了第三届董事会第五十二次会议，根据《公司法》、《证券法》、中国证监会《关于在上市公司建立独立董事制度的指导意见》、《上市公司治理准则》、《深圳证券交易所股票上市规则》及公司《独立董事工作制度》的有关规定，作为公司的独立董事，就本次会议审议的相关议案发表的事前认可及独立意见如下：

一、关于关联企业以增资方式获取深圳世联兴业资产管理有限公司部分股权的事前认可及独立意见

《关于关联企业以增资方式获取深圳世联兴业资产管理有限公司部分股权的议案》涉及的关联交易事项系为满足深圳世联兴业资产管理有限公司（以下简称“世联兴业”）进行股份制改造的实际需要，符合公司实际情况，符合公司的长远利益。公司关联交易价格公允合理，体现了公平、公正的市场化原则，不存在损害公司及股东特别是中小股东利益的情况。我们一致同意将该议案提交公司第三届董事会第五十二次会议审议。

经过认真审核，我们认为上述关联交易符合中国证监会、深圳证券交易所及公司的相关规定，该关联交易按照市场公平原则进行，交易价格参考了世联兴业最近一年末归属于母公司的净资产，定价公允，没有违反公开、公平、公正的原则，且不影响公司运营的独立性，不存在损害公司和中小股东利益的

行为。公司董事会审议本次关联交易决策程序符合有关法律、法规的规定。

二、关于控股子公司深圳世联兴业资产管理有限公司启动改制设立股份有限公司并申请在全国中小企业股份转让系统挂牌的独立意见

经过认真审核，我们认为：公司控股子公司深圳世联兴业资产管理有限公司启动改制设立股份有限公司及拟申请在全国中小企业股份转让系统挂牌并公开转让有利于其进一步完善法人治理结构，提高经营管理水平，完善激励机制，借助资本市场平台，实现更长远的发展目标，有利于公司总体经营战略的实施，不存在损害股东和公司利益的情形。

独立董事：但斌张炯陈杰平

二〇一六年五月十二日


[点击查看PDF原文]
提示：本网不保证其真实性和客观性，一切有关该股的有效信息，以交易所的公告为准，敬请投资者注意风险。"
世联行:第三届董事会第五十二次会议决议公告,"https://guba.eastmoney.com/news,002285,386931375.html",2016-05-12 20:41:51,"公告日期：2016-05-13
证券代码：002285 证券简称：世联行 公告编号：2016—053

深圳世联行地产顾问股份有限公司

第三届董事会第五十二次会议决议公告

本公司及董事会全体成员保证公告内容真实、准确、完整，并对公告中的虚假记载、误导性陈述或者重大遗漏承担责任。

深圳世联行地产顾问股份有限公司（以下简称“公司”）第三届董事会第五十二次会议通知于2016年5月8日以邮件和电话方式送达各位董事，会议于2016年5月11日以现场加通讯的方式在公司会议室举行。会议应到董事9名，实际到会董事9名；3名监事列席本次会议。会议由董事长陈劲松先生主持，会议的召开和表决程序符合《公司法》和《公司章程》的有关规定。经与会董事认真审议，通过如下决议：

一、审议通过了《关于向全资子公司深圳世联兴业资产管理有限公司增资的议案》

《关于向全资子公司深圳世联兴业资产管理有限公司增资的公告》全文刊登于2016年5月13日的《证券时报》、《中国证券报》、《上海证券报》和巨潮资讯网（http://www.cninfo.com.cn）上。

表决结果：9票通过、0票反对、0票弃权

二、审议通过了《关于关联企业以增资方式获取深圳世联兴业资产管理有限公司部分股权的议案》

《关于深圳恒睿汇创投资管理合伙企业（有限合伙）增资深圳世联兴业资产管理有限公司暨关联交易的公告》全文刊登于2016年5月13日的《证券时报》、《中国证券报》、《上海证券报》和巨潮资讯网（http://www.cninfo.com.cn）上，公司独立董事发表的独立意见内容详见巨潮资讯网（http://www.cninfo.com.cn）。

表决结果：9票通过、0票反对、0票弃权

三、审议通过了《关于控股子公司深圳世联兴业资产管理有限公司启动改制设立股份有限公司并申请在全国中小企业股份转让系统挂牌的议案》

同意公司控股子公司深圳世联兴业资产管理有限公司进行改制，设立股份有限公司，并在符合国家相关法律法规政策和条件成熟的情况下，申请在全国中小企业股份转让系统（以下简称“新三板”）挂牌并公开转让。

并提请股东大会授权董事会全权处理深圳世联兴业资产管理有限公司申请新三板挂牌事宜中所有涉及本公司股东权利的相关事项。

《关于控股子公司深圳世联兴业资产管理有限公司启动改制设立股份有限公司并申请在全国中小企业股份转让系统挂牌的公告》全文刊登于2016年5月13日的《证券时报》、《中国证券报》、《上海证券报》和巨潮资讯网（http://www.cninfo.com.cn）上，公司独立董事发表的独立意见内容详见巨潮资讯网（http://www.cninfo.com.cn）。

表决结果：9票通过、0票反对、0票弃权

本议案尚需提交股东大会审议。

四、审议通过了《关于修订<公司章程>的议案》

鉴于公司限制性股票激励计划已实施完毕，已授予402名激励对象2,099.44万股限制性股票，限制性股票的授予日期为2016年3月11日，上市日期为2016年5月11日。公司注册资本、股份总数已发生变化，拟对《公司章程》做相应的修改。

章程修改前

第六条公司注册资本为人民币【2,023,974,722】元。

第十九条公司股份总数为【2,023,974,722】股，均为人民币普通股。

章程修改后

第六条公司注册资本为人民币【2,044,969,122】元。

第十九条公司股份总数为【2,044,969,122】股，均为人民币普通股。

《公司章程》修正案内容详见巨潮资讯网（http://www.cninfo.com.cn）。

表决结果：9 票通过、0 票反对、0 票弃权

本议案尚需提交股东大会审议。

五、审议通过了《关于召开2016年第二次临时股东大会的议案》

公司拟定于2016 年6月14日（星期二）召开2016年第二次临时股东大会。

《关于召开2016年第二次临时股东大会的通知》全文刊登于2016 年5月13日

的《证券时报》、《中国证券报》、《上海证券报》和巨潮资讯网（http://www.cninfo.com.cn）上。

表决结果：9票通过、0票反对、0票弃权

特此公告。

深圳世联行地产顾问股份有限公司

……
[点击查看PDF原文]
提示：本网不保证其真实性和客观性，一切有关该股的有效信息，以交易所的公告为准，敬请投资者注意风险。
展开阅读全文"
明天8.25了,"https://guba.eastmoney.com/news,002285,386907846.html",2016-05-12 19:27:55,明天8.25了
今天奉劝不看好的赶紧卖！否咋卖不到低点了！,"https://guba.eastmoney.com/news,002285,386899457.html",2016-05-12 18:48:15,如果现在不卖，以后想卖在低点难了！
如果你觉得2800点是中国股市的顶，7.7是世联顶你就卖！,"https://guba.eastmoney.com/news,002285,386888716.html",2016-05-12 18:05:06,本人只买不卖，现在卖比买风险大多了
高管13.5买，现在11.就买了爱咋咋地。,"https://guba.eastmoney.com/news,002285,382726567.html",2016-05-09 21:45:06,我回来了，9.7涨到15.72就卖了爱咋咋地，现在15.73跌倒11，就买了，爱咋咋地。
15.72跌倒10.80元了，就是买，爱咋咋地！,"https://guba.eastmoney.com/news,002285,385904846.html",2016-05-11 18:06:02,跌我就买。股市黄了我认了。
天天跌，尼玛的,"https://guba.eastmoney.com/news,002285,386747555.html",2016-05-12 13:57:48,[心碎]
雄起，陈总[微笑][俏皮],"https://guba.eastmoney.com/news,002285,386779305.html",2016-05-12 14:43:27,雄起，陈总
"收盘7.77,跌幅1.77％,最后一笔交易1477,好多的7啊，有什么寓意么","https://guba.eastmoney.com/news,002285,385753235.html",2016-05-11 15:18:50,"收盘7.77,跌幅1.77％,最后一笔交易1477,好多的7啊，有什么寓意么"
越跌越买，10手10手加仓，我就不信不解套。,"https://guba.eastmoney.com/news,002285,386587819.html",2016-05-12 09:55:10,越跌越买，10手10手加仓，我就不信不解套。
被套的，出来晒晒几个点,"https://guba.eastmoney.com/news,002285,385896416.html",2016-05-11 17:57:26,被套的，出来晒晒几个点 为了点分红，套了 24个点，悲哀。。
鬼子狠狠的砸盘 悄悄的进村,"https://guba.eastmoney.com/news,002285,386668508.html",2016-05-12 11:25:22,[不屑]
下午会跳水吗?   估计大多数人都以麻木了!,"https://guba.eastmoney.com/news,002285,386659177.html",2016-05-12 11:10:53,"下午会跳水吗?
估计大多数人都以麻木了!"
都这行情了，还有货出吗，何人如此不够坚定的出货，散户吗？,"https://guba.eastmoney.com/news,002285,386650307.html",2016-05-12 10:58:00,主力如此低位出货，有利润吗？吸筹也得有人给他们啊，换手率这么低，卖盘还不断出现，大家小散们都装死，让主力自娱自乐，没有了卖盘，股价自然就上去了。筹码分布集中的那么明显，都是亏损套牢的。还亏本卖啊？
世联行到底怎么了？业绩也不错，怎么萎得跟什么一样？主力资金每天都在出逃！陈总，你,"https://guba.eastmoney.com/news,002285,386641550.html",2016-05-12 10:47:41,世联行到底怎么了？业绩也不错，怎么萎得跟什么一样？主力资金每天都在出逃！陈总，你怎么看？
亏五个点止损出局，别幻想了，大盘有阴跌2300的架势，到时候世联行多少钱你算算,"https://guba.eastmoney.com/news,002285,386183793.html",2016-05-12 00:03:10,亏五个点止损出局，别幻想了，大盘有阴跌2300的架势，到时候世联行多少钱你算算
世联行:关于限制性股票授予登记完成的公告,"https://guba.eastmoney.com/news,002285,382522958.html",2016-05-09 18:44:41,"公告日期：2016-05-10
证券代码：002285 证券简称：世联行 公告编号：2016—052

深圳世联行地产顾问股份有限公司

关于限制性股票授予登记完成的公告

本公司及董事会全体成员保证公告内容真实、准确、完整，并对公告中的虚假记载、误导性陈述或者重大遗漏承担责任。

深圳世联行地产顾问股份有限公司（以下简称“公司”）根据中国证监会《上市公司股权激励管理办法（试行）》、深圳证券交易所、中国证券登记结算有限责任公司深圳分公司有关规则的规定，完成了《深圳世联行地产顾问股份有限公司限制性股票激励计划（草案）》限制性股票授予登记工作，有关具体情况公告如下：

一、限制性股票授予情况

1、授予日：2016年3月11日。

2、授予数量2,099.44万股。

在授予限制性股票的过程中，由于39名激励对象放弃认购限制性股票且公司于2016年4月14日实施了2015年度权益分派，限制性股票授予总量由1,536.05万股调整为2,099.44万股。

3、授予人数：402人。

在授予限制性股票的过程中，由于39名激励对象放弃认购限制性股票，对象人数由441人调整为402人。

4、授予价格：3.936元/股。

在授予限制性股票的过程中，由于2016年4月14日实施了2015年度权益分派，限制性股票授予价格由5.55元/股调整为3.936元/股。

5、股票来源：公司向激励对象定向发行2,099.44万股，占授予前公司股本总额2,023,974,722股的1.04%，涉及的标的股票种类为人民币A股普通股。

6、限制性股票解锁安排：

本计划有效期为自限制性股票授予之日起计算，最长不超过5年。限制性股票解锁安排如表所示：

可解锁数量占获授

解锁安排 解锁时间 限制性股票数量的

比例

自授予日起满12个月后的首个交易日至

第一次解锁 25%

授予日起24个月内的最后一个交易日止

自授予日起满24个月后的首个交易日至

第二次解锁 25%

授予日起36个月内的最后一个交易日止

自授予日起满36个月后的首个交易日至

第三次解锁 25%

授予日起48个月内的最后一个交易日止

自授予日起满48个月后的首个交易日至

第四次解锁 25%

授予日起60个月内的最后一个交易日止

7、限制性股票解锁条件

本计划授予的限制性股票，在解锁期的4个会计年度中，分年度进行绩效考核并解锁，以达到绩效考核目标作为激励对象的解锁条件。

限制性股票的各年度绩效考核目标如下表所示：

解锁期 业绩考核目标

锁定期内归属于上市公司股东的净利润及归属于上市公司股东的扣

除非经常性损益的净利润均不得低于授予日前最近三个会计年度的

平均水平且不得为负。

第一个解锁期 公司还需满足……
[点击查看PDF原文]
提示：本网不保证其真实性和客观性，一切有关该股的有效信息，以交易所的公告为准，敬请投资者注意风险。
展开阅读全文"
"3.936元授予的股票今天上市,不卖才怪!","https://guba.eastmoney.com/news,002285,385735856.html",2016-05-11 15:04:20,"今天不跌就有鬼了,明天来个跌停就到非公开发行价了."
现在卖比买风险大！不信走着瞧,"https://guba.eastmoney.com/news,002285,385979695.html",2016-05-11 19:31:09,输时间不输钱。
002285 走势预测,"https://guba.eastmoney.com/news,002285,290435912.html",2016-03-28 17:14:09,002285 一直以来利好很多，但今天全天弱势，这理解为主力洗盘，怕是不合适，我们还是要在成交量的轨迹上辨别主力意图，周五股价强势上涨，突破盘整区间，但没有成交量的配合，硬伤造成了今天的跳空低开，今天第一个小时放出了全天的最大量，尾盘跟随大盘出现调整，那周五的上涨为什么没量，消息面上是股东增持，分时图盘中看到的是上涨中的倒手量。这样的倒手量会有持续的下跌吗，我认为不会，1 股东增持有成本，在利好频出的时间点，跌破成本价不合适宜。2，这样的倒手量意义只能是吸筹，，如果是吸筹，按技术图，跌到通道线的下轨，就会开始拉升，综合分析主力吸筹不够，明天预期收阳线5%左右（个人观点，欢迎指正）
请陈总增持！！！陈总你要是个正直诚实负责的老总，请你继续增持！你之前的增持要不是,"https://guba.eastmoney.com/news,002285,385814792.html",2016-05-11 16:29:13,请陈总增持！！！陈总你要是个正直诚实负责的老总，请你继续增持！你之前的增持要不是在做鬼，请你增持！！你要是对公司发展有信心，请你增持！！！如今机构已经跑完，庄家已经死完，股价跌致历史低位，你为何不增持？？？你的1亿5千万不是钱吗？？？小散们共同討伐他吧！！！直到他拿出有说服力的证据与行动。。。
跌呗，老陈13.5元买，我10.8元买！合适,"https://guba.eastmoney.com/news,002285,385923526.html",2016-05-11 18:27:13,就是买，爱咋咋地。谢谢啊！
垃圾中的战斗机,"https://guba.eastmoney.com/news,002285,385864716.html",2016-05-11 17:24:29,垃圾中的战斗机
此股就像庄的老婆，深不可测啊！,"https://guba.eastmoney.com/news,002285,385740236.html",2016-05-11 15:07:21,此股就像庄的老婆，深不可测啊！
压的漂亮,"https://guba.eastmoney.com/news,002285,385722121.html",2016-05-11 14:54:06,压的漂亮
九块买入，看业绩不错，谁知垃圾一枚。,"https://guba.eastmoney.com/news,002285,385708453.html",2016-05-11 14:44:03,九块买入，看业绩不错，谁知垃圾一枚。
超级垃圾 日了狗了,"https://guba.eastmoney.com/news,002285,385681603.html",2016-05-11 14:22:33,超级垃圾 日了狗了
垃圾，只会跌！,"https://guba.eastmoney.com/news,002285,385668277.html",2016-05-11 14:14:03,垃圾，只会跌！
为何还将跳水,"https://guba.eastmoney.com/news,002285,385648593.html",2016-05-11 14:00:53,为何还将跳水
跌多涨少，每天和大盘对比下就知道了，大盘跌一两个点他跌四五个点，大盘涨一两个点他,"https://guba.eastmoney.com/news,002285,385566514.html",2016-05-11 13:00:33,跌多涨少，每天和大盘对比下就知道了，大盘跌一两个点他跌四五个点，大盘涨一两个点他只涨零点一两个点，甚至还绿盘。
拉級的不想說你,"https://guba.eastmoney.com/news,002285,385475168.html",2016-05-11 11:38:14,拉級的不想說你
炒股把人会让人发疯，我看这股疯了几个？,"https://guba.eastmoney.com/news,002285,385474688.html",2016-05-11 11:37:43,炒股把人会让人发疯，我看这股疯了几个？
战胜人性恐惧的时候到了,"https://guba.eastmoney.com/news,002285,385431731.html",2016-05-11 11:10:05,
垃圾中的垃圾,"https://guba.eastmoney.com/news,002285,385395221.html",2016-05-11 10:45:37,垃圾中的垃圾
股市要崩盘,"https://guba.eastmoney.com/news,002285,385368780.html",2016-05-11 10:28:45,股市要崩盘
今日冲击跌停价,"https://guba.eastmoney.com/news,002285,385348176.html",2016-05-11 10:17:09,今日冲击跌停价
今天跌的比昨天利好,"https://guba.eastmoney.com/news,002285,385341386.html",2016-05-11 10:14:32,今天跌的比昨天利好
天天绿，,"https://guba.eastmoney.com/news,002285,385331602.html",2016-05-11 10:09:47,天天绿，
嗨，废物,"https://guba.eastmoney.com/news,002285,385311697.html",2016-05-11 09:58:58,嗨，废物
怎么回事3.94增发，我不同意,"https://guba.eastmoney.com/news,002285,385279853.html",2016-05-11 09:41:33,怎么回事3.94增发，我不同意，什么玩意。
