标题,链接,发布时间,内容
越来越没出息了,"https://guba.eastmoney.com/news,002405,899152595.html",2020-01-18 18:27:49,"就剩下基础数据了，越来越没出息了，真的是王小二过年一年不如一年，等到地图也卖不出去了，你还剩下啥可以炫耀的，上有北斗星通，中有百度高德，下有万通智控，几个月前就看到了你的结局，到头了。墓志铭：生于2006年12月14日，地图被抢，卒。卒于2020年1月17日。
"
大伙儿看一下300418昆仑万维，1/16号的性质好像一样,"https://guba.eastmoney.com/news,002405,899152048.html",2020-01-18 18:14:01,大伙儿看一下300418昆仑万维，1/16号的性质好像一样
那又买错了，都说低开跌停,"https://guba.eastmoney.com/news,002405,899152011.html",2020-01-18 18:11:59,那又买错了，都说低开跌停
高开抛，低开加？还是？,"https://guba.eastmoney.com/news,002405,899151083.html",2020-01-18 17:50:45,高开抛，低开加？还是？
四维图新解禁前不会大涨。,"https://guba.eastmoney.com/news,002405,899151068.html",2020-01-18 17:49:26,四维图新解禁前不会大涨。
高开就跑，低开就加，,"https://guba.eastmoney.com/news,002405,899150965.html",2020-01-18 17:47:31,高开就跑，低开就加，
过完年有3亿多解禁股，现在又来这新闻，小心脏受不了，星期一卖给庄家，大跌在买回来,"https://guba.eastmoney.com/news,002405,899150936.html",2020-01-18 17:45:55,过完年有3亿多解禁股，现在又来这新闻，小心脏受不了，星期一卖给庄家，大跌在买回来
什么都不信小四想留小散星期一过前高收在5天线上.否则拜拜,"https://guba.eastmoney.com/news,002405,899150845.html",2020-01-18 17:44:14,股票
据多位特斯拉车主抱怨，地图导航规划时常出现误差，数据服务质量不足，导致不少车主不,"https://guba.eastmoney.com/news,002405,899202198.html",2020-01-19 15:31:00,"据多位特斯拉车主抱怨，地图导航规划时常出现误差，数据服务质量不足，导致不少车主不得不选择手机进行导航，而特斯拉方面亦受到有关这方面的意见反馈。看到这篇报道我觉得很惊讶，难道公司没有接收到这样的反馈吗？解决用户的痛点一直是公司的宗旨，质量是企业的生命线，是公司发展的根基，离开质量一切都是浮云。
四维图新
四维图新：答：您好，非常感谢您的关注。该在线功能非公司提供，因此公司并非收到反馈的相关方。而自特斯拉2014年入华至今日，四维图新一直为特斯拉全系车提供地图产品，也说明B端客户对公司的认可。
(来自深交所互动易)答复时间 2020-01-19 15:31:00"
低开是必然，小散看不清真相必恐慌，庄家低位接盘,"https://guba.eastmoney.com/news,002405,899150351.html",2020-01-18 17:29:22,低开是必然，小散看不清真相必恐慌，庄家低位接盘
4个月辛苦变成今天的股价太难了如今又要面对更大...妖怪,"https://guba.eastmoney.com/news,002405,899149886.html",2020-01-18 17:19:15,股票
明天能涨几个点？,"https://guba.eastmoney.com/news,002405,899149709.html",2020-01-18 17:14:22,明天能涨几个点？
说白了有吊用百度和高德没在A股上市只有四维爱买不买,"https://guba.eastmoney.com/news,002405,899149622.html",2020-01-18 17:11:55,说白了有吊用百度和高德没在A股上市 只有四维 爱买不买
没有重量回复一定有问题.开盘小散一起砸盘可能性很大,"https://guba.eastmoney.com/news,002405,899148590.html",2020-01-18 16:47:19,股票
小散的力量在关键点位是海量的.没小散的抬轿.怎么赢利,"https://guba.eastmoney.com/news,002405,899148302.html",2020-01-18 16:39:41,股票
人性就是听其一.小四不动脑的说明.那只能说对钱过不去.重来,"https://guba.eastmoney.com/news,002405,899147892.html",2020-01-18 16:27:25,股票
回应明确点.就不会麻烦否则亏大了重头在来,"https://guba.eastmoney.com/news,002405,899147620.html",2020-01-18 16:22:34,股票
星期一四维图新的股价走势非常关键～～为了利益，一些媒体故意进行错误导向宣传。——,"https://guba.eastmoney.com/news,002405,899147479.html",2020-01-18 16:19:09,"星期一四维图新的股价走势非常关键～～
为了利益，一些媒体故意进行错误导向宣传。
—————— 四维的大股东和二股东腾讯应该联合起来，用股价大涨的实力粉碎这个误导投资者的不良企图！！稳定投资者预期。"
特斯拉发公告是否在给小四打广告.小四回力不到位.否则玩蛋,"https://guba.eastmoney.com/news,002405,899147328.html",2020-01-18 16:15:49,股票
腾讯在自动驾驶领域和地图领域已经很落后了，百度领先了。四谁与百度合作可能更好些，,"https://guba.eastmoney.com/news,002405,899146453.html",2020-01-18 15:52:40,腾讯在自动驾驶领域和地图领域已经很落后了，百度领先了。四谁与百度合作可能更好些，但没有办法了，腾讯入股了。
[图片],"https://guba.eastmoney.com/news,002405,899146413.html",2020-01-18 15:51:33,[图片]
下周多空对决，看谁胜出,"https://guba.eastmoney.com/news,002405,899146200.html",2020-01-18 15:45:27,下周多空对决，看谁胜出
下周多空对决，看谁胜出,"https://guba.eastmoney.com/news,002405,899146201.html",2020-01-18 15:44:34,下周多空对决，看谁胜出
'咱们散户只能持股待涨了吧，一切看主力吧，目前浮盈20%,"https://guba.eastmoney.com/news,002405,899145970.html",2020-01-18 15:39:45,'咱们散户只能持股待涨了吧，一切看主力吧，目前浮盈20%
要跌停了，哈哈,"https://guba.eastmoney.com/news,002405,899145771.html",2020-01-18 15:32:33,要跌停了，哈哈
建议腾讯增资收购四维图新,"https://guba.eastmoney.com/news,002405,899145357.html",2020-01-18 15:21:51,建议腾讯增资收购四维图新
周一低开已经不可避免。第一，虽然官方有澄清，但是情绪一旦形成，肯定要宣泄。第二，,"https://guba.eastmoney.com/news,002405,899144705.html",2020-01-18 15:03:18,周一低开已经不可避免。第一，虽然官方有澄清，但是情绪一旦形成，肯定要宣泄。第二，即使使用百度的是在线渲染，不涉及底层数据，也会给市场一个预期: 以后说不定底层数据也换成百度了。10线扛不住了，看看20日线缺口处吧。这个缺口很重要，能守住则表明周末的消息影响不大。
要是主力你还有能力砸到缺口、老子肯定你吓不到任何人割肉,"https://guba.eastmoney.com/news,002405,896071356.html",2020-01-03 22:15:05,还会招来抄底盘
取代谷歌地图，华为与TomTom合作开发自家应用地图,"https://guba.eastmoney.com/news,002405,899143897.html",2020-01-18 14:42:11,"取代谷歌地图，华为与TomTom合作开发自家应用
　　"
四维图新已经说的很明白了，只是一些小散的理解能力有限，四维只为特斯拉提供底层数据,"https://guba.eastmoney.com/news,002405,899127887.html",2020-01-18 09:34:57,"四维图新已经说的很明白了，只是一些小散的理解能力有限，四维只为特斯拉提供底层数据，百度地图是做在线渲染技术,两者没有关系"
这个消息本来以为是利空!原来是个特大利好.本来没那么小散知道的这次免费帮四维卖广,"https://guba.eastmoney.com/news,002405,899142853.html",2020-01-18 14:16:39,这个消息本来以为是利空!原来是个特大利好.本来没那么小散知道的这次免费帮四维卖广告
天天利好，能不能涨几个点，好好回家过年,"https://guba.eastmoney.com/news,002405,899142120.html",2020-01-18 13:59:15,天天利好，能不能涨几个点，好好回家过年
周一敢跌停我就敢买2000股,"https://guba.eastmoney.com/news,002405,899141783.html",2020-01-18 13:51:02,周一敢跌停我就敢买2000股
1.20 周一盘面预测,"https://guba.eastmoney.com/news,002405,899141497.html",2020-01-18 13:42:47,"09：15 平开
09：20 下跌 - 5%
09：25 下跌 -8%
09：30 跌停开盘
09：45 打开跌停，-7%
10：30 再次跌停
11：10 散户卖出，大单买入
13：10 开板后，再跌停板
13：40 开始上涨， 5%
14：00 冲高回落，下跌-4%
14：30 上涨3%
14：57 完成一天的巨幅震荡"
特斯拉更换地图数据服务商一事。四维图新澄清称，该产品替换，其实对于四维图新来说不,"https://guba.eastmoney.com/news,002405,899141165.html",2020-01-18 13:34:11,特斯拉更换地图数据服务商一事。四维图新澄清称，该产品替换，其实对于四维图新来说不相关，之前该产品也不是四维图新提供。 其实很多人没搞清楚一个事，如果四维图新真被替换掉不合作，而四维图新发布这个澄清新闻就是信披违规、虚假陈述，谁敢明目张胆在这样情况下信披违规，股民是可以以此要求赔偿的。既然四维图新敢发布这样澄清公告就证明还合作，替换掉的不是四维图新产品。只是个人见解。
即非利空也非利好，消息的发散只有一个好处：请大家重视带牌照的小四，自动驾驶元年，,"https://guba.eastmoney.com/news,002405,899140319.html",2020-01-18 13:11:38,即非利空也非利好，消息的发散只有一个好处：请大家重视带牌照的小四，自动驾驶元年，小四所处的位置，看看小四的大股东和二股东，腾讯持股超过10%的A股还有吗？周一怎么走就看主力怎么想了，抛开消息纯就周五的技术提示下周一涨的可能性大一些，但这周末的消息主力要不用就可惜了，是否，周一见了
炸锅了太热闹了,"https://guba.eastmoney.com/news,002405,899139598.html",2020-01-18 12:55:24,炸锅了 太热闹了
估计有人想打压股价，地位拿货,"https://guba.eastmoney.com/news,002405,899139557.html",2020-01-18 12:54:48,估计有人想打压股价，地位拿货
我满仓，不管利好利空，反正是赌，愿赌服输。,"https://guba.eastmoney.com/news,002405,899139285.html",2020-01-18 12:47:45,我满仓，不管利好利空，反正是赌，愿赌服输。
虽然是利空，不知道为啥我感觉周一得大涨……,"https://guba.eastmoney.com/news,002405,899137459.html",2020-01-18 12:06:42,虽然是利空，不知道为啥我感觉周一得大涨……
四维图新主要面向B端用户，不是c端用户，搞清楚概念好吗？新京报记者那篇文章有问题,"https://guba.eastmoney.com/news,002405,899137028.html",2020-01-18 11:58:03,四维图新主要面向B端用户，不是c端用户，搞清楚概念好吗？新京报记者那篇文章有问题，标题，所以在四维图新回复后火速撤稿，不然可以告他。
12月31日才宣布公司为特斯拉独家提供地图服务，现在就变成了两家提供。这再次证明,"https://guba.eastmoney.com/news,002405,899098388.html",2020-01-17 22:11:54,12月31日才宣布公司为特斯拉独家提供地图服务，现在就变成了两家提供。这再次证明，四维高管不是公司运作高手，但是资本运作高手。
这票，牛的地方不止地图服务，因为有牌照，略带自然垄断性质。2020年开始车辆安装,"https://guba.eastmoney.com/news,002405,899136635.html",2020-01-18 11:51:40,这票，牛的地方不止地图服务，因为有牌照，略带自然垄断性质。2020年开始车辆安装胎压监测装置，小四的芯片进入量产了吧，这才更牛的地方，看看某etc的企业，利润怎么爆发的。
此股真是完蛋了,"https://guba.eastmoney.com/news,002405,899136276.html",2020-01-18 11:45:05,特斯拉都说了，可以烧香点蜡了
这篇文章其实讲清了！其实这次特斯拉转向百度影响的是腾讯地图而非四维图新，对四维真,"https://guba.eastmoney.com/news,002405,899132191.html",2020-01-18 10:29:45,这篇文章其实讲清了！其实这次特斯拉转向百度影响的是腾讯地图而非四维图新，对四维真的无关。而腾讯是四维图新的二股东，四维不便明说。
你好，我是公司的长期价值投资者。请问贵公司:简要说明华为采购贵公司自动驾驶地图数,"https://guba.eastmoney.com/news,002405,899202196.html",2020-01-19 15:31:00,"你好，我是公司的长期价值投资者。请问贵公司:简要说明华为采购贵公司自动驾驶地图数据业务以及和华为公司合作智能网联，自动驾驶等业务情况。关于特斯拉更换地图服务商，有媒体报道，被特斯拉踢出供应链是否属实。对不良媒体失实报道，织造谣言，误导投资者，是否发起对媒体法律程序。
四维图新
四维图新：答：您好，非常感谢您的关注。目前公司与华为的合作领域主要在面向B端的导航电子地图，自动驾驶地图，V2X，智慧城市，平安园区，华为云等方面，未来将构建“网，云，端”一体化解决方案。公司已做澄清，关于特斯拉在线地图渲染切换的新闻，该产品替换对于四维图新来说不相关，之前该产品也不是公司提供。自特斯拉2014年入华至今日，四维图新一直为特斯拉全系车提供地图产品。很多媒体已经撤稿或做出更新说明，公司也不排除后续采取进一步措施。
(来自深交所互动易)答复时间 2020-01-19 15:31:00"
正解,"https://guba.eastmoney.com/news,002405,899128399.html",2020-01-18 09:41:29,正解
1、地图分成高精度地图和导航地图。两者什么关系呢？高精度地图你就理解成为程序语言,"https://guba.eastmoney.com/news,002405,899113085.html",2020-01-18 01:56:28,"
1、地图分成高精度地图和导航地图。两者什么关系呢？
高精度地图你就理解成为程序语言好了，黑屏白字那种代码。导航地图就理解成为win好了。
win的背后是代码，导航地图背后是高精度地图。
尤其是L3以上级别汽车，对高精度地图依赖非常大，譬如这些车有车道识别功能，那么内置地图总要可以精确到车道黄线吧？
2、国内高精度地图玩家有哪些？
高精度地图的玩家，国内主要是四维和高德。百度一开始是四维的客户，但随着他要做全自动驾驶，所以也切入了高精度地图。
目前从巨头来看，四维图新的客户主要是德系日系巨头，高德主要是美系。百度主要是用阿波罗切入国内的自主品牌。
作为最早发现地图是入口的BAT，阿里下手最重，直接吃掉了高德。腾讯则直接坐到了四维图新的董事会上。那么百度被迫自己下手做高精度地图。
好，现在到说特斯拉了。
腾讯投了特斯拉5%，所以特斯拉来中国，底层地图包用腾讯系的四维图新产品，表层导航的直接用腾讯地图，是最符合腾讯利益的。
但随着中国特斯拉用户群体的扩大，尤其是建厂后，特斯拉必须面对自己用户对腾讯地图的吐槽。把表层的腾讯地图换掉。
那么换阿里系的高德吗？腾讯打死都不会答应的。最多只能接受表层换成百度地图，满足特斯拉对于AI嵌入以及POI快速更新的需要。
且考量之后的自动驾驶升级，同一方向的百度显然跟合适。而底层地图还是四维图新，否则等于腾讯系被特斯拉踢出局，且拱手送给了百度。
未来这样一惊一乍的事情还会发生在华为汽车BU上，比如华为自己上地图了，而且直接上到和他合作的车上了，大家又会觉得是四维图新死了，其实华为用的底层还是四维图新。
真正能革大多数地图商命的是大疆，地表测绘这种事，用天文学手段来是降维打击，大疆无人机加个算法，加个北斗，小矩阵飞起来测，成本狂降。
可惜这个事情一时半会儿发生不了，跟民航的死穴一样，大疆做这事，一样面临的是禁飞限制。
讲完了。"
唐史主任司马迁科普文：高精度地图领导者——四维图新,"https://guba.eastmoney.com/news,002405,899131387.html",2020-01-18 10:18:07,"文章转自唐史主任主任司马迁微博，题目为转发者自加。


新蔬菜、次新蔬菜多了，真的有点烦。
好，从SPA床上爬起来讲清楚。


1、地图分成高精度地图和导航地图。两者什么关系呢？
高精度地图你就理解成为程序语言好了，黑屏白字那种代码。导航地图就理解成为win好了。
win的背后是代码，导航地图背后是高精度地图。
尤其是L3以上级别汽车，对高精度地图依赖非常大，譬如这些车有车道识别功能，那么内置地图总要可以精确到车道黄线吧？


2、国内高精度地图玩家有哪些？
高精度地图的玩家，国内主要是四维和高德。百度一开始是四维的客户，但随着他要做全自动驾驶，所以也切入了高精度地图。
目前从巨头来看，四维图新的客户主要是德系日系巨头，高德主要是美系。百度主要是用阿波罗切入国内的自主品牌。
作为最早发现地图是入口的BAT，阿里下手最重，直接吃掉了高德。腾讯则直接坐到了四维图新的董事会上。那么百度被迫自己下手做高精度地图。


好，现在到说特斯拉了。
腾讯投了特斯拉5%，所以特斯拉来中国，底层地图包用腾讯系的四维图新产品，表层导航的直接用腾讯地图，是最符合腾讯利益的。
但随着中国特斯拉用户群体的扩大，尤其是建厂后，特斯拉必须面对自己用户对腾讯地图的吐槽。把表层的腾讯地图换掉。
那么换阿里系的高德吗？腾讯打死都不会答应的。最多只能接受表层换成百度地图，满足特斯拉对于AI嵌入以及POI快速更新的需要。
且考量之后的自动驾驶升级，同一方向的百度显然跟合适。而底层地图还是四维图新，否则等于腾讯系被特斯拉踢出局，且拱手送给了百度。


未来这样一惊一乍的事情还会发生在华为汽车BU上，比如华为自己上地图了，而且直接上到和他合作的车上了，大家又会觉得是四维图新死了，其实华为用的底层还是四维图新。


真正能革大多数地图商命的是大疆，地表测绘这种事，用天文学手段来是降维打击，大疆无人机加个算法，加个北斗，小矩阵飞起来测，成本狂降。
可惜这个事情一时半会儿发生不了，跟民航的死穴一样，大疆做这事，一样面临的是禁飞限制。


讲完了。
#公司研究#
展开阅读全文"
吃肉没赶上，挨打倒一顿都不落下。,"https://guba.eastmoney.com/news,002405,899083287.html",2020-01-17 19:53:48,吃肉没赶上，挨打倒一顿都不落下。
深股通大幅减持四维图新…特斯拉改用百度地图…全年业绩亏损严重…市盈率上千倍……此,"https://guba.eastmoney.com/news,002405,899129986.html",2020-01-18 10:01:06,深股通大幅减持四维图新…特斯拉改用百度地图…全年业绩亏损严重…市盈率上千倍……此股完蛋了……退市是肯定的了……
周一暴涨,"https://guba.eastmoney.com/news,002405,899129961.html",2020-01-18 10:00:48,周一暴涨
周一开始到你表演了,"https://guba.eastmoney.com/news,002405,899129917.html",2020-01-18 09:59:54,周一开始到你表演了
突破的前夜,"https://guba.eastmoney.com/news,002405,899129098.html",2020-01-18 09:49:38,突破的前夜
周一高开5个点,"https://guba.eastmoney.com/news,002405,899128715.html",2020-01-18 09:45:59,周一高开5个点
不少专家在文章中言之凿凿的说，高德和四维图新是国内仅有的两家具备互地图测绘资质的,"https://guba.eastmoney.com/news,002405,899128281.html",2020-01-18 09:40:14,不少专家在文章中言之凿凿的说，高德和四维图新是国内仅有的两家具备互地图测绘 资质的企业——他们甚至都没有考证所谓地图测绘资质是否存在！真实情况是，国家测绘地理信息局官方网站很清楚的列出了“全国甲级互联网地图服务测绘资质单位名单”，高德、四维图新、搜狗、百度、新浪等166家企业、院所和单位名列其中，所谓稀缺从何谈起？
这股不确定性太多，风险太大，鸡狗不想做，都是游资在搞一日游行情，外面好股多的是，,"https://guba.eastmoney.com/news,002405,898993092.html",2020-01-17 13:46:23,这股不确定性太多，风险太大，鸡狗不想做，都是游资在搞一日游行情，外面好股多的是，不要在这里浪费时间和生命！
一首凉凉送给四维，本以为能搭上特斯拉的顺风车，没想到半路被甩客了。,"https://guba.eastmoney.com/news,002405,899125834.html",2020-01-18 08:58:45,一首凉凉送给四维，本以为能搭上特斯拉的顺风车，没想到半路被甩客了。
周一该怎么办，重仓啊，完蛋了，这利空消息发的我心里拔凉拔凉的，至少几个点低开啊，,"https://guba.eastmoney.com/news,002405,899124870.html",2020-01-18 08:40:22,周一该怎么办，重仓啊，完蛋了，这利空消息发的我心里拔凉拔凉的，至少几个点低开啊，合作的好好的怎么就被踢出供应链了，看来产品是真的有问题，不然不会在这个时候出事，特斯拉刚大量生产就发生了，思维产品是真是的，中短期利空会稍微反弹我就减仓了后会阴跌，，长期那就要等时间了
无人驾驶对胎压监测,"https://guba.eastmoney.com/news,002405,899124302.html",2020-01-18 08:30:46,"无人驾驶离我们很远很远，胎压监测就在眼前！
无人驾驶汽车的核心技术分成三个部分，主要是感知，规划和控制。其中感知是最贵的，成本高达8000至75000美元之间。单就这一成本，无人驾驶汽车短期内想进入市场，痴人说梦。

2020年1月1日起，中国所有汽车必须安装胎压监测！小四开发出了这一芯片，现在已经量产，就看它如何跟老外争市场了！打得过，钱就来了，打不过，就完蛋。"
高开高走，有一波了，小四还是牛，不管你用什么地图，反正底层核心都是我的，特斯拉这,"https://guba.eastmoney.com/news,002405,899123859.html",2020-01-18 08:21:51,高开高走，有一波了，小四还是牛，不管你用什么地图，反正底层核心都是我的，特斯拉这隐藏的好广告
不涨有不涨的道理，这股破了好多人的发财梦哦。周一大战。,"https://guba.eastmoney.com/news,002405,899123739.html",2020-01-18 08:19:50,不涨有不涨的道理，这股破了好多人的发财梦哦。周一大战。
这波广告真优秀！优秀！,"https://guba.eastmoney.com/news,002405,899123444.html",2020-01-18 08:13:26,这波广告真优秀！优秀！
四维图新01月17日获深股通减仓295.52万股,"https://guba.eastmoney.com/news,002405,899122329.html",2020-01-18 08:04:48,"






























01月17日四维图新深股通持仓数据
收盘价：	17.78	涨跌幅：	1.08%
持股量：	3355.94万股	持股变化：	-295.52万股





数据显示，截至01月17日四维图新于深股通持股量为3355.94万股，占其A股股本比例为1.71%，比上一交易日减少295.52万股。据数据统计，该股近一个月内累计涨幅为3.67%，深股通累计加仓760.89万，深股通持仓累计变化比例为29.32%，近三个月内累计涨幅为21.37%，深股通累计加仓2155.98万，深股通持仓累计变化比例为179.67%。


数据来源:东方财富




"
2001年1月1日，国家测绘地理信息局(当时名为国家测绘局)将我国第一张导航电子,"https://guba.eastmoney.com/news,002405,899121190.html",2020-01-18 07:57:59,2001年1月1日，国家测绘地理信息局(当时名为国家测绘局)将我国第一张导航电子地图资质颁发给了四维图新导航信息技术有限公司。
这个广告做的太好了.原来不知四维图新这么牛.,"https://guba.eastmoney.com/news,002405,899119775.html",2020-01-18 07:35:46,这个广告做的太好了.原来不知四维图新这么牛.
四维图新胎压监测真正技术突破国际垄断的王者，却把地图搞那么热，万通智控因为胎压监,"https://guba.eastmoney.com/news,002405,899119457.html",2020-01-18 07:27:19,四维图新胎压监测真正技术突破国际垄断的王者，却把地图搞那么热，万通智控因为胎压监测概念一波上去了
四维图新沾什么都不涨,"https://guba.eastmoney.com/news,002405,899118790.html",2020-01-18 07:09:59,四维图新沾什么都不涨
腾讯地图换百度地图，就这,"https://guba.eastmoney.com/news,002405,899118366.html",2020-01-18 06:58:40,腾讯地图换百度地图，就这
解读个屁，这种新闻都能股价没有影响，那不是扯淡？至少把特斯拉的溢价跌完。,"https://guba.eastmoney.com/news,002405,899118068.html",2020-01-18 06:48:21,解读个屁，这种新闻都能股价没有影响，那不是扯淡？至少把特斯拉的溢价跌完。
小四，成热点了,"https://guba.eastmoney.com/news,002405,899117168.html",2020-01-18 06:17:43,"一夜之间，小四竟然成为了焦点！热度好高呀！
个人认为不管小四以后是涨是跌，最好别跟特斯拉关联。大家可以看看，特斯拉概念个股都涨多少了？有小四的份吗？小四跟特斯拉合作不合作，都挣不了几个钱。
现在国家要强制实施胎压监测，这才是厉害。看到ETC类个股的涨幅了。就知道胎压监测才是真正的可获大利的项目。小四的胎压监测芯片已经正式量产了！"
本来就不挣特斯拉的钱，这次彻底别指望挣特斯拉的钱了。,"https://guba.eastmoney.com/news,002405,899116810.html",2020-01-18 06:04:08,四维公告无毛病，本来就不挣特斯拉的钱，这次彻底别指望挣特斯拉的钱了。估计的回归14元在售。
[图片],"https://guba.eastmoney.com/news,002405,899114828.html",2020-01-18 04:03:30,[图片]
听说很多韭菜看不懂公告[胜利],"https://guba.eastmoney.com/news,002405,899113765.html",2020-01-18 02:43:06,听说很多韭菜看不懂公告
特斯拉开始回调现在撇清关系真好,"https://guba.eastmoney.com/news,002405,899113222.html",2020-01-18 02:06:00,"特斯拉开始回调 现在撇清关系真好
"
水军厉害啊，明显的利空说成利好，跑都来不及,"https://guba.eastmoney.com/news,002405,899111619.html",2020-01-18 00:48:05,水军厉害啊，明显的利空说成利好，跑都来不及
周一要凉了。。,"https://guba.eastmoney.com/news,002405,899112697.html",2020-01-18 01:33:17,周一要凉了。。
下周看谁跑得快,"https://guba.eastmoney.com/news,002405,899112075.html",2020-01-18 01:06:30,下周看谁跑得快
这场纠葛可能会引发另一个技术爆点。三维激光实景技术！三维激光实景技术！三维激光实,"https://guba.eastmoney.com/news,002405,899111901.html",2020-01-18 00:58:42,"这场纠葛可能会引发另一个技术爆点。
三维激光实景技术！
三维激光实景技术！
三维激光实景技术！
四维图新如果被抛弃，一定是因为特斯拉的全自动驾驶需要三维激光实景技术支持！而四维图新不行。
做激光雷达的很多，三维激光雷达技术能做好的不多，中海达旗下海达数云正在等待这个技术的量产，等待被市场发掘认可，这个时机刚刚好！
上海机光所和中海达是此中翘楚！上市公司中海达是此块独角兽！其它都还没走出实验室。
特斯拉技术整合能力惊人，1毫米波雷达 4光学镜头 12微波传感就可以上L3无人驾驶，但国产车整合能力不行，只能硬拼直接跨代上激光雷达，比如深圳福田保税区无人驾驶公交阿尔法巴的实验基地里的巴士都是直接上激光雷达，有无法替代的优越性。
无论直接装激光雷达还是使用激光雷达的实景地图，国内智能驾驶无法避开中海达技术支持。中海达多个子公司的技术已经提前布局了三维地图实景采集，底层测绘数据支持，导航到商业流量的转化，工业级精准定位，室内级定位防盗等等，从基建到军工再到科研和民用转化，全面覆盖！"
地图简单分两类，一类是基础数据，一类是渲染。比如道路，建筑，信号灯，加油站银行数,"https://guba.eastmoney.com/news,002405,899111768.html",2020-01-18 00:52:01,地图简单分两类，一类是基础数据，一类是渲染。比如道路，建筑，信号灯，加油站银行数据需要采集，四维图新干的这个活（高德也干这个）。这些道路，路标如何在地图上显示，用什么符号表示，字体多少，这些是渲染。特斯拉这次更换的是数据服务商这块的渲染业务，从腾讯更换到百度。 用心不良的媒体，为什么带四维图新的节奏？
四维股价没有大幅波动，就资金进出非常的频繁，这种建议箱体来回震荡的做高抛低吸吧1,"https://guba.eastmoney.com/news,002405,899111434.html",2020-01-18 00:43:59,"四维股价没有大幅波动，就资金进出非常的频繁，这种建议箱体来回震荡的做高抛低吸吧 18.3左右抛 17.2左右吸 只要有胆子 不担心今年杰发减商誉就大胆低吸 来回等待突破周线箱体 20左右吧 这样后续就可以长期拿了。
上面是技术形态 地图这行业算垄断吧 目前给特斯拉供应 未来也有业绩支持 加上最近北京国企有改革风向 还是可能有起风口的"
想洗盘的节奏,"https://guba.eastmoney.com/news,002405,899111335.html",2020-01-18 00:41:24,想洗盘的节奏
股价一直未受特斯拉概念上涨这波红利而大涨，现在发澄清资讯要表达什么？用来打压股价,"https://guba.eastmoney.com/news,002405,899110299.html",2020-01-18 00:12:10,股价一直未受特斯拉概念上涨这波红利而大涨，现在发澄清资讯要表达什么？用来打压股价？想想就不可能，下周一必定一字板涨停开盘，欢迎打脸
四维图新重点是胎压监测真正技术突破国际垄断的王者，万通智控因为胎压监测概念一波上,"https://guba.eastmoney.com/news,002405,899107540.html",2020-01-18 00:02:34,四维图新重点是胎压监测真正技术突破国际垄断的王者，万通智控因为胎压监测概念一波上去了
这波广告做的好啊！免费广告,"https://guba.eastmoney.com/news,002405,899107255.html",2020-01-17 23:57:43,这波广告做的好啊！免费广告
特斯拉不出这事儿还不知道四维图新这么牛逼,"https://guba.eastmoney.com/news,002405,899106928.html",2020-01-17 23:51:28,特斯拉不出这事儿还不知道四维图新这么牛 逼
减持到位了继续减到见仓底为止,"https://guba.eastmoney.com/news,002405,899106743.html",2020-01-17 23:49:09,减持到位了继续减到见仓底为止
不要说了，弃用四维图新，用百度，百度比四维图新好用。,"https://guba.eastmoney.com/news,002405,899106121.html",2020-01-17 23:39:38,不要说了，弃用四维图新，用百度，百度比四维图新好用。
大家都醒醒吧!这股无任何业绩可言，除了讲故事，千万别做中长线，只适合短线，今年夏,"https://guba.eastmoney.com/news,002405,899105893.html",2020-01-17 23:35:53,大家都醒醒吧!这股无任何业绩可言，除了讲故事，千万别做中长线，只适合短线，今年夏天卖掉了，买了一些涨浮一般的股，总资产竟然比不卖它高出3成。
排名进入50了，恭喜有股的各位，周一必涨！,"https://guba.eastmoney.com/news,002405,899106070.html",2020-01-17 23:37:36,排名进入50了，恭喜有股的各位，周一必涨！
300177中海达20号以10.33元涨停开盘至收盘,"https://guba.eastmoney.com/news,002405,899106013.html",2020-01-17 23:37:25,"中海达20号以10.33元涨停开盘至收盘
300177商誉减值是个短期利空，特拉斯用百度地图是超级利好

公司股价10元不到，处于历史低位区域，北斗星通都还在25元，300036，002405也比他高出很多，公司厚积薄发，前途无量，业绩爆发在即。
斗胆预言：20号以10.33元涨停开盘至收盘"
四维图新胎压监测真正技术突破国际垄断的王者，万通智控因为胎压监测概念一波上去干了,"https://guba.eastmoney.com/news,002405,899105845.html",2020-01-17 23:34:10,四维图新胎压监测真正技术突破国际垄断的王者，万通智控因为胎压监测概念一波上去干了160%，四维图新还没有涨呢
借鉴三安光电被黑后的走势，低开高走，并连续新高！,"https://guba.eastmoney.com/news,002405,899105861.html",2020-01-17 23:34:29,借鉴三安光电被黑后的走势，低开高走，并连续新高！
好坏消息一堆堆的出，屎劲吹,"https://guba.eastmoney.com/news,002405,899105588.html",2020-01-17 23:31:20,好坏消息一堆堆的出，屎劲吹
地图卫星这是关系国家安全，地图导航与卫星相接，底层数据芯片是关系国家安全的保密的,"https://guba.eastmoney.com/news,002405,899104740.html",2020-01-17 23:19:01,地图卫星这是关系国家安全，地图导航与卫星相接，底层数据芯片是关系国家安全的保密的，不是随意拥有的。百度，腾讯都是前方软件应用商，相当于华为，中兴，OPPO手机用的芯片里数据都是有安全保密性的。理解对吗
现在媒体确实烂，还说三安暴雷，结果三安股价创出新高！,"https://guba.eastmoney.com/news,002405,899104772.html",2020-01-17 23:19:39,现在媒体确实烂，还说三安暴雷，结果三安股价创出新高！
通过特斯拉更换地图商事件，我们终于明白了：不管是腾讯还是百度或者其他公司，地图底,"https://guba.eastmoney.com/news,002405,899104673.html",2020-01-17 23:18:23,通过特斯拉更换地图商事件，我们终于明白了：不管是腾讯还是百度或者其他公司，地图底层数据包都是出自四维图新。
我想唱空来接盘,"https://guba.eastmoney.com/news,002405,899104647.html",2020-01-17 23:17:59,我想唱空来接盘
最后一次洗筹码。估计星期一低开后下午反弹就会走出持续慢牛上涨行情,"https://guba.eastmoney.com/news,002405,899104009.html",2020-01-17 23:09:49,最后一次洗筹码。估计星期一低开后下午反弹就会走出持续慢牛上涨行情
炒归炒，业绩每年都是水水的！[想一下],"https://guba.eastmoney.com/news,002405,899102909.html",2020-01-17 22:57:21,炒归炒，业绩每年都是水水的！
炒归炒，业绩每年都是水水的！[想一下],"https://guba.eastmoney.com/news,002405,899102907.html",2020-01-17 22:57:20,炒归炒，业绩每年都是水水的！
四维图新:你大爷的特斯拉，更换百度地图服务商，后边就没解释跟四维没关系的事呢？我,"https://guba.eastmoney.com/news,002405,899102717.html",2020-01-17 22:55:17,四维图新:你大爷的特斯拉，更换百度地图服务商，后边就没解释跟四维没关系的事呢？我这边都炸锅了。特斯拉:这么多年您的地位底图难道大家不知道吗？所以我也就没多余说啊。四维图新：哎，本来可以洗洗再拉的，这下好了都知道我牛了，为了不让股价波动太大只能澄清了，没办法了只能拉了，特斯拉：嗯嗯，反正早晚都得拉
吃大面，今天刚进也是个悲剧了,"https://guba.eastmoney.com/news,002405,899102248.html",2020-01-17 22:49:59,吃大面，今天刚进也是个悲剧了
特斯拉特地给四维图新做了个广告下周妥了,"https://guba.eastmoney.com/news,002405,899102326.html",2020-01-17 22:50:54,
腾讯是特斯拉第五大股东，腾讯是四维图新第二大股东。,"https://guba.eastmoney.com/news,002405,899101900.html",2020-01-17 22:46:34,腾讯是特斯拉第五大股东，腾讯是四维图新第二大股东。
转发：:地图数据提供商：四维图新地图数据服务商：百度，腾讯，高德提供商不变，服务,"https://guba.eastmoney.com/news,002405,899101984.html",2020-01-17 22:46:57,"转发：:地图数据提供商：四维图新
地图数据服务商：百度，腾讯，高德
提供商不变，服务商从腾讯变成了百度"
什么叫独家?,"https://guba.eastmoney.com/news,002405,899101722.html",2020-01-17 22:44:43,什么叫独家?
问公司和特拉斯有合作吗答您好，非常感谢您的关注。在特斯拉进入中国市场以来，公司一,"https://guba.eastmoney.com/news,002405,899099216.html",2020-01-17 22:20:11,"问
公司和特拉斯有合作吗
答您好，非常感谢您的关注。在特斯拉进入中国市场以来，公司一直为特斯拉中国的独家导航地图供应商。
来自 互动易答复时间 2020-01-15 17:19:00
发表于:四维图新吧"
看别人官方怎么说,"https://guba.eastmoney.com/news,002405,899101071.html",2020-01-17 22:37:24,看别人官方怎么说
来中海达，百度地图合作方[微笑],"https://guba.eastmoney.com/news,002405,899099960.html",2020-01-17 22:26:46,"来中海达，百度地图合作方
执着长远
现在股吧浏览排名进前50了。趁热打铁，抓住机会为中海达广告一下
业绩预告利空利好如下：一、利空如下：1、预计亏损1.5亿、商誉减值1.9亿。商誉减值预期内，亏损不意外。2、传统业务RTK产品受市场需求不足的影响，销售收入有一定下滑，降幅约为25%；这部分业务常态，趋势这样，无惊无喜。二、利好如下：1、报告期内，时空数据及行业应用解决方案业务取得较大幅度增长，总额增幅约为80%；这块很漂亮，值得赞扬。2、受公司自动驾驶、星基增强和智慧施工等新业务的研发投入...
2020-01-17 21:59:11中海达吧"
遭特斯拉“抛弃”？四维图新：该替换产品与公司并不相关,"https://guba.eastmoney.com/news,002405,899094922.html",2020-01-17 21:38:36,"来源：第一财经
　　1月17日晚间，四维图新在其官方微博澄清表示，特斯拉在线地图渲染切换与公司并不相关，该产品不是四维图新提供。


　　四维图新表示，从2014年自特斯拉入华至今日，四维图新一直为特斯拉全系车提供地图产品，四维图新产品能力和特斯拉自身的品牌定位完全一致。


　　今日晚间，特斯拉在其官方微博宣布，特斯拉地图数据服务商将更换为百度地图。


　　据了解，百度地图此次与特斯拉达成合作，将为特斯拉提供中国境内的地图数据服务。此次百度地图国内首发SVG(Scalable Vector Graphics)API，为特斯拉提供底图展示、实时路况、POI检索等地图数据服务。


　　而2019年12月31日，四维图新亦曾在交易所的投资者互动平台上表示，在特斯拉进入中国市场以来，公司一直为特斯拉中国的独家导航地图供应商。


　　四维图新是否遭特斯拉“抛弃”？


　　随后，四维图新转发了特斯拉“官宣”微博，并回应称，车机端地图包全系都是四维图新数据，对其在特斯拉产品和服务提供不受任何影响。


（文章来源：第一财经）[点击查看原文]
#热点追踪#
展开阅读全文"
特斯拉换地图，是把腾讯地图换成了百度地图，所以换不换跟四维无关，但是特斯拉用的无,"https://guba.eastmoney.com/news,002405,899099587.html",2020-01-17 22:22:57,特斯拉换地图，是把腾讯地图换成了百度地图，所以换不换跟四维无关，但是特斯拉用的无论腾讯地图还是百度地图，底层车机端地图产品，都是四维提供的。说不定高德地图底层车机端地图也是四维提供的，你们说四维到底牛不牛？不知道的别瞎比比
妈了逼，不该贪地呀，估计前面的盈利要被全部擦掉了,"https://guba.eastmoney.com/news,002405,899099114.html",2020-01-17 22:18:16,还不知能不能保住本金杀出来
特斯拉：我们今天换地图服务商了，换成了百度了。四维图新：嗯，你换你的，不管换啥，,"https://guba.eastmoney.com/news,002405,899098921.html",2020-01-17 22:17:13,"特斯拉：我们今天换地图服务商了，换成了百度了。
四维图新：嗯，你换你的，不管换啥，提供商还是我，和我没啥关系。
散户：不，有关系，你得跌停。"
四维今天因一则事不关己的新闻炸版了。星期一有好戏看了。,"https://guba.eastmoney.com/news,002405,899098278.html",2020-01-17 22:09:57,四维今天因一则事不关己的新闻炸版了。星期一有好戏看了。
看评论多多少少清楚股民为何亏多赚少了！最先发文的说特斯拉踢出四维图新。那我们应该,"https://guba.eastmoney.com/news,002405,899093282.html",2020-01-17 21:23:39,看评论多多少少清楚股民为何亏多赚少了！最先发文的说特斯拉踢出四维图新。那我们应该去看公众号呀！我看了，是说了更换地图商，但几 个字看了几遍也未找到四维图新四个字。买卖四维图新竟然不知四维图新是干什么的。它只是数据提供商。特斯拉进入中国时用腾讯，现在改用百度，但数据提供依旧是四维图新。
企业反应迅速，及时澄清。加油！望为国更加创新发展！我暂无四维图新股份，但将会买的,"https://guba.eastmoney.com/news,002405,899098393.html",2020-01-17 22:11:52,企业反应迅速，及时澄清。加油！望为国更加创新发展！我暂无四维图新股份，但将会买的，特此申明！
快跑吧，是真的,"https://guba.eastmoney.com/news,002405,899097591.html",2020-01-17 22:03:19,"来源：同花顺金融研究中心 2020-01-17 22:01:17
关键词：
百度
特斯拉
　　针对特斯拉此前公布将地图数据服务商更换为百度地图的消息，百度方面表示，将为特斯拉提供中国境内的地图数据服务，此次百度地图国内首发SVG(Scalable Vector Graphics)API，为特斯拉提供底图展示、实时路况、POI检索等地图数据服务。提供服务支持画质无损的自由缩放，且图标皆可随底图360度任意旋转，升级版的百度地图数据服务地图细节更精准。(36氪)"
针对特斯拉此前公布将地图数据服务商更换为百度地图的消息，百度方面表示，将为特斯拉,"https://guba.eastmoney.com/news,002405,899097805.html",2020-01-17 22:06:23,"来源：同花顺金融研究中心 2020-01-17 22:01:17
关键词：
百度
特斯拉
　　针对特斯拉此前公布将地图数据服务商更换为百度地图的消息，百度方面表示，将为特斯拉提供中国境内的地图数据服务，此次百度地图国内首发SVG(Scalable Vector Graphics)API，为特斯拉提供底图展示、实时路况、POI检索等地图数据服务。提供服务支持画质无损的自由缩放，且图标皆可随底图360度任意旋转，升级版的百度地图数据服务地图细节更精准。(36氪)"
跌停,"https://guba.eastmoney.com/news,002405,899097687.html",2020-01-17 22:05:06,跌停
四维图新，正宗的庄股，细心的股民会知道2015，2016年到现在的股票走势，一会,"https://guba.eastmoney.com/news,002405,899096919.html",2020-01-17 21:57:21,四维图新，正宗的庄股，细心的股民会知道2015，2016年到现在的股票走势，一会拉升，一会跌，反反复复，让你赚点捂不住，亏点不舍得抛，无奈
特斯拉改用百度地图百度的三维全景地图使用了中海达子公司海达数云三维激光技术，实现,"https://guba.eastmoney.com/news,002405,899096911.html",2020-01-17 21:56:16,"特斯拉改用百度地图
百度的三维全景地图使用了中海达子公司海达数云三维激光技术，实现了全景视图的3D 模型化。该公司iScan 一体化移动三维测量系统扫描实景信息，通过2 亿有效像素的高清全景相机拍摄实景照片，结合成三维空间模型，进而绘制出真实再现实景的三维地图。在全球，只有Google 使用三维地图，此为国内首次互联网实景三维地图应用，意义重大，为未来移动位置服务、广告推送等提供了最佳的平台和入口，市场潜力巨大。
国内三维激光扫描仪市场之前为国外产品垄断，该公司是国内首家也是目前唯一一家实现三维激光扫描仪销的厂家，不仅在某些技术指标有一定优势，而且具有较高的性价比。三维激光扫描仪可广泛应用于测绘、文物保护、建筑等多个领域，其iScan一体化移动三维测量系统更是通过车载，可以为三维街景提供基础点云数据。 数据应用前景更为广阔，未来有望成为三维影像应用综合业务提供商。"
这波广告真优秀，之前可能很多人还不知道特斯拉底层数据是思维图新提供的，这下好了，,"https://guba.eastmoney.com/news,002405,899096745.html",2020-01-17 21:55:51,"这波广告真优秀，之前可能很多人还不知道特斯拉底层数据是思维图新提供的，这下好了，都知道了。
太优秀了。"
看着里面的人捉急，我来说两句：1、四维图新一直为特斯拉提供高精度地图数据，现在也,"https://guba.eastmoney.com/news,002405,899096042.html",2020-01-17 21:48:21,"看着里面的人捉急，我来说两句：
1、四维图新一直为特斯拉提供高精度地图数据，现在也是；
2、特斯拉更换了百度地图为地图应用服务商，此前四维图新并不是为四维图新提供地图应用服务的，而是高精度数据，所以此次换百度地图，和四维图新没有关系；
3、很重要的一点是，趋势。未来是自动驾驶的未来，高精度地图数据为自动驾驶提供支持。所以四维图新表示：“四维图新产品能力和特斯拉自身品牌定位完全一致。” 特斯拉在做的就是自动驾驶，四维图新提供的高精度数据，可以理解为不管是在线还是离线都能为自动驾驶提供支持。
4、最后一点，特斯拉其实也无所谓，北斗导航才是真正的趋势。
大家觉得我说的对就顶一下吧"
地图数据提供商：四维图新地图数据服务商：百度，腾讯，高德提供商不变，服务商从腾讯,"https://guba.eastmoney.com/news,002405,899095449.html",2020-01-17 21:44:04,"地图数据提供商：四维图新
地图数据服务商：百度，腾讯，高德
提供商不变，服务商从腾讯变成了百度"
这下好了…利空总算来了…周一可以直接涨了哈,"https://guba.eastmoney.com/news,002405,899095295.html",2020-01-17 21:42:21,这下好了…利空总算来了…周一可以直接涨了哈
周一至少五个点低开,"https://guba.eastmoney.com/news,002405,899095109.html",2020-01-17 21:39:53,周一至少五个点低开
我说特斯拉以外资独资企业进入中国是全国首家，马克斯前一两年陷入资金危机，产能不足,"https://guba.eastmoney.com/news,002405,899094137.html",2020-01-17 21:32:15,我说特斯拉以外资独资企业进入中国是全国首家，马克斯前一两年陷入资金危机，产能不足等问题，目前翻身股价重回高点全靠中国政府特殊照顾，给地，给政策给钱。四维图新作为一家国企背景企业，可想只要服务没有问题，马克斯打死都不会换掉四维图新。
这下好了，因为京报小编不懂乱说话，让四维图新官方澄清暴露了四维的实力，同时这一报,"https://guba.eastmoney.com/news,002405,899094305.html",2020-01-17 21:32:46,这下好了，因为京报小编不懂乱说话，让四维图新官方澄清暴露了四维的实力，同时这一报道给四维拉来了太多太多的人气，太牛了
所以四维图新的产品本身对应任何品牌都是ok的，与特斯拉没毛关系。懂得自然懂，这才,"https://guba.eastmoney.com/news,002405,899094255.html",2020-01-17 21:33:15,所以四维图新的产品本身对应任何品牌都是ok的，与特斯拉没毛关系。懂得自然懂，这才是最大的亮点！周一开始起飞！！
从来没有浏览第四,"https://guba.eastmoney.com/news,002405,899094051.html",2020-01-17 21:30:32,从来没有浏览第四
这关注度，绝对大利好！两次辟谣，庄家推动，太牛了！！！,"https://guba.eastmoney.com/news,002405,899094117.html",2020-01-17 21:31:04,这关注度，绝对大利好！两次辟谣，庄家推动，太牛了！！！
脑残们再学习一下，特斯拉换地图，是把腾讯地图换成了百度地图，所以换不换跟四维无关,"https://guba.eastmoney.com/news,002405,899093018.html",2020-01-17 21:22:15,脑残们再学习一下，特斯拉换地图，是把腾讯地图换成了百度地图，所以换不换跟四维无关，但是特斯拉用的无论腾讯地图还是百度地图，底层车机端地图产品，都是四维提供的。说不定高德地图底层车机端地图也是四维提供的，你们说四维到底牛不牛？不知道的别瞎比比
特斯拉地图服务商是从腾讯改成百度，但是数据一直用的四维图新，大家别造谣了，这样诋,"https://guba.eastmoney.com/news,002405,899093390.html",2020-01-17 21:25:30,特斯拉地图服务商是从腾讯改成百度，但是数据一直用的四维图新，大家别造谣了，这样诋毁一家中国地图数据提供商有意思吗？
哎，听了主任的，买了四维图新，开盘要跌停了吧,"https://guba.eastmoney.com/news,002405,899093733.html",2020-01-17 21:27:04,哎，听了主任的，买了四维图新，开盘要跌停了吧
脑残们再学习一下，特斯拉换地图，是把腾讯地图换成了百度地图，所以换不换跟四维无关,"https://guba.eastmoney.com/news,002405,899092976.html",2020-01-17 21:21:55,脑残们再学习一下，特斯拉换地图，是把腾讯地图换成了百度地图，所以换不换跟四维无关，但是特斯拉用的无论腾讯地图还是百度地图，底层车机端地图产品，都是四维提供的。说不定高德地图底层车机端地图也是四维提供的，你们说四维到底牛不牛？不知道的别瞎比比
为什么这条新闻反而让我觉得是利好呢？可能是媒体记者不懂或者是故意为之的。相当于免,"https://guba.eastmoney.com/news,002405,899092846.html",2020-01-17 21:20:13,为什么这条新闻反而让我觉得是利好呢？可能是媒体记者不懂或者是故意为之的。相当于免费的广告，而华为的向全球发布的HMS才是应该关注的新闻，提供基础服务的才是底层操作系统！而上面的app不过是应用程序，你应用程序再牛I3没有操作系统还不是凉凉！
你们都没有提炼出最重要的一句话:四维图新产品能力和特斯拉自身品牌定位完全一致。这,"https://guba.eastmoney.com/news,002405,899092444.html",2020-01-17 21:16:21,你们都没有提炼出最重要的一句话:四维图新产品能力和特斯拉自身品牌定位完全一致。这才是重点啊朋友们，你品，你细细品
特斯拉概念，原来特斯拉一直用的是四维,"https://guba.eastmoney.com/news,002405,899092315.html",2020-01-17 21:16:15,特斯拉概念，原来特斯拉一直用的是四维
不用想，周一就是跌停,"https://guba.eastmoney.com/news,002405,899091911.html",2020-01-17 21:12:35,不用想，周一就是跌停
[cp]关于特斯拉在线地图渲染切换的新闻，四维图新澄清如下：该产品替换，其实对于,"https://guba.eastmoney.com/news,002405,899088665.html",2020-01-17 20:43:05,[cp]关于特斯拉在线地图渲染切换的新闻，四维图新澄清如下：该产品替换，其实对于四维图新来说不相关，之前该产品也不是四维图新提供。从2014年自特斯拉入华至今日，四维图新一直为特斯拉全系车提供地图产品，四维图新产品能力和特斯拉自身的品牌定位完全一致。注重100%安全和稳定的离线环境下路径规划和导航引导。[太开心][太开心][太开心][/cp]
四维图新：一直为特斯拉全系车提供地图产品22分钟前第一财经关于特斯拉在线地图渲染,"https://guba.eastmoney.com/news,002405,899091750.html",2020-01-17 21:11:24,"四维图新：一直为特斯拉全系车提供地图产品
22分钟前第一财经
关于特斯拉在线地图渲染切换的新闻，四维图新澄清称，该产品替换，其实对于四维图新来说不相关，之前该产品也不是四维图新提供。从2014年自特斯拉入华至今日，四维图新一直为特斯拉全系车提供地图产品，四维图新产品能力和特斯拉自身的品牌定位完全一致。注重100%安全和稳定的离线环境下路径规划和导航引导。
（文章来源：第一财经）"
有人故意的，公众号上只写了更换地图商，并未有四维图新这四个字。最先发文的不是不懂,"https://guba.eastmoney.com/news,002405,899091681.html",2020-01-17 21:10:51,有人故意的，公众号上只写了更换地图商，并未有四维图新这四个字。最先发文的不是不懂就是有恶意！
特斯拉将地图服务商更换为百度地图 四维图新回应：我们还是好伙伴,"https://guba.eastmoney.com/news,002405,899091657.html",2020-01-17 21:09:40,"来源：中国证券报中证网作者：崔小粟
　　 1月17日，针对特斯拉将地图服务商更换为百度地图，四维图新在微博上表示：“特斯拉车机端地图包全系都是四维图新数据，对四维图新在特斯拉产品和服务提供不受任何影响，我们还是好伙伴。”同日，特斯拉表示，特斯拉地图数据服务商将更换为百度地图。


（文章来源：中国证券报中证网）[点击查看原文]
#热点追踪#"
带你了解四维与百度地图的关系。,"https://guba.eastmoney.com/news,002405,899090755.html",2020-01-17 21:02:47,带你了解四维与百度地图的关系。
2017年与百度的超期使用诉讼案，结果还不得知。,"https://guba.eastmoney.com/news,002405,899090933.html",2020-01-17 21:04:33,2017年与百度的超期使用诉讼案，结果还不得知。
虚惊一场，公司回应了，给力！周一涨停！,"https://guba.eastmoney.com/news,002405,899083285.html",2020-01-17 19:53:39,虚惊一场，公司回应了，给力！周一涨停！
喜讯！这次乌龙终于确认四维有特斯拉题材，下周一要大涨了！这真是一次好营销机会！,"https://guba.eastmoney.com/news,002405,899090477.html",2020-01-17 20:59:08,喜讯！这次乌龙终于确认四维有特斯拉题材，下周一要大涨了！这真是一次好营销机会！
啥也不说了爱咋咋，小四加油,"https://guba.eastmoney.com/news,002405,899090838.html",2020-01-17 21:03:26,啥也不说了爱咋咋，小四加油
有点微妙，二股东是腾讯地图，现在换百度地图，二股东什么意见？咋们今后是不是不和百,"https://guba.eastmoney.com/news,002405,899090845.html",2020-01-17 21:02:38,有点微妙，二股东是腾讯地图，现在换百度地图，二股东什么意见？咋们今后是不是不和百度合作了？
周一必跌我说的,"https://guba.eastmoney.com/news,002405,899090588.html",2020-01-17 21:01:22,周一必跌我说的
都说要跌，我就知道这是要开始涨了,"https://guba.eastmoney.com/news,002405,899090414.html",2020-01-17 20:58:33,都 说要跌，我就知道这是要开始涨了
早上那么多大卖盘，我不信没人提前得到消息,"https://guba.eastmoney.com/news,002405,899089418.html",2020-01-17 20:49:32,早上那么多大卖盘，我不信没人提前得到消息
最新声明！！！从不相关,"https://guba.eastmoney.com/news,002405,899088207.html",2020-01-17 20:37:40,"最新声明！！！
从不相关"
把人气搞起来了，空狗偷鸡不着反蚀[微笑]一把米,"https://guba.eastmoney.com/news,002405,899089007.html",2020-01-17 20:45:18,把人气搞起来了，空狗偷鸡不着反蚀一把米
小四的价值从这周末开始真正体现,"https://guba.eastmoney.com/news,002405,899089054.html",2020-01-17 20:46:27,小四的价值从这周末开始真正体现
看似利空，其实并不是。gis业内人士都知道，导航软件由前端显示和底层地图组成。这,"https://guba.eastmoney.com/news,002405,899089041.html",2020-01-17 20:45:31,看似利空，其实并不是。gis业内人士都知道，导航软件由前端显示和底层地图组成。这次特斯拉只是把前端由腾讯换成了百度，底层数据并没有换，为什么呢？因为全国能提供数据的加起来没几家。
[cp]关于特斯拉在线地图渲染切换的新闻，四维图新澄清如下：该产品替换，其实对于,"https://guba.eastmoney.com/news,002405,899088434.html",2020-01-17 20:40:06,[cp]关于特斯拉在线地图渲染切换的新闻，四维图新澄清如下：该产品替换，其实对于四维图新来说不相关，之前该产品也不是四维图新提供。从2014年自特斯拉入华至今日，四维图新一直为特斯拉全系车提供地图产品，四维图新产品能力和特斯拉自身的品牌定位完全一致。注重100%安全和稳定的离线环境下路径规划和导航引导。[太开心][太开心][太开心][/cp]
三个跌停,"https://guba.eastmoney.com/news,002405,899088478.html",2020-01-17 20:41:30,三个跌停
20:39关于特斯拉在线地图渲染切换的新闻，四维图新澄清称：该产品替换，其实对于,"https://guba.eastmoney.com/news,002405,899088441.html",2020-01-17 20:40:11,20:39 关于特斯拉在线地图渲染切换的新闻，四维图新澄清称：该产品替换，其实对于四维图新来说不相关，之前该产品也不是四维图新提供。从2014年自特斯拉入华至今日，四维图新一直为特斯拉全系车提供地图产品，四维图新产品能力和特斯拉自身的品牌定位完全一致。注重100%安全和稳定的离线环境下路径规划和导航引导。(来自财联社APP)
