标题,链接,发布时间,内容
走了，扔了一万大洋[哭],"https://guba.eastmoney.com/news,002570,213223332.html",2015-11-13 10:06:43,走了，扔了一万大洋
没搞懂,"https://guba.eastmoney.com/news,002570,213204787.html",2015-11-13 09:52:56,宁波解放南路拿了2亿多的货一直没拉升，就这样认输立场？不可能吧
马上14元等好了,"https://guba.eastmoney.com/news,002570,213202369.html",2015-11-13 09:50:59,14元等好了
tmd  狗庄一路狂奔,"https://guba.eastmoney.com/news,002570,213195541.html",2015-11-13 09:45:56,15分钟 跑3500万
喝小贝的奶发育不良吗？操,"https://guba.eastmoney.com/news,002570,213189115.html",2015-11-13 09:40:39,喝小贝的奶发育不良吗？操
明日涨停，连板没商量,"https://guba.eastmoney.com/news,002570,212541695.html",2015-11-12 17:24:22,明日涨停，连板没商量
操，没用的贝因美，都一个月了一直这鸟样。,"https://guba.eastmoney.com/news,002570,213180539.html",2015-11-13 09:33:03,操，没用的贝因美，都一个月了一直这鸟样。
今日开始上扬，二胎龙头蛰伏了这么久，应该启动新一轮行情,"https://guba.eastmoney.com/news,002570,213025344.html",2015-11-13 06:08:36,今日开始上扬，二胎龙头蛰伏了这么久，应该启动新一轮行情
请问贵公司2015年11月12日总股东人数是多少？,"https://guba.eastmoney.com/news,002570,915136912.html",2015-11-23 14:12:00,"请问贵公司2015年11月12日总股东人数是多少？
贝因美
贝因美：尊敬的投资者您好，感谢您的关注和建议，公司股东人数按监管机构相关规定进行披露，请您关注公司定期报告中相关内容。谢谢！
(来自深交所互动易)答复时间 2015-11-23 14:12:00"
昨天卖了茂硕电源补了这个垃圾，哭了,"https://guba.eastmoney.com/news,002570,212542073.html",2015-11-12 17:25:05,昨天卖了茂硕电源补了这个垃圾，哭了
明天将是重要的一天。看好贝因美，二胎概念,"https://guba.eastmoney.com/news,002570,211987152.html",2015-11-10 23:22:55,明天将是重要的一天。看好贝因美，二胎概念
走了，希望剩下的兄弟们能赚到,"https://guba.eastmoney.com/news,002570,212488466.html",2015-11-12 14:50:43,走了，希望剩下的兄弟们能赚到
贝因美儿童奶作为转型产品，但是目前表现很不乐观，可以这样说与市场不接轨，如果贵公,"https://guba.eastmoney.com/news,002570,915162964.html",2015-11-12 17:01:00,"贝因美儿童奶作为转型产品，但是目前表现很不乐观，可以这样说与市场不接轨，如果贵公司想把液态奶做好，请做好充分的市场调研，同时做一些媒体宣传，主要城市可以与你们当地的分公司合作操作，这样速度会快，同时也能节约很多费用，资源共享，毕竟贝因美的方向是好的，关键就是要切合实际。贝因美奶粉就是老大，但是液奶需要放下身段，否则就会定位失误。
贝因美
贝因美：: 尊敬的投资者您好，感谢您的关注和建议，我们会将您的意见转达公司相关部门及管理层。非常感谢！
(来自深交所互动易)答复时间 2015-11-12 17:01:00"
黄总：我是贝因美的股东，近期的公司的转型我也在关注，但是发现现在产品市场终端表现,"https://guba.eastmoney.com/news,002570,915136810.html",2015-11-23 14:27:00,"黄总：我是贝因美的股东，近期的公司的转型我也在关注，但是发现现在产品市场终端表现大不如以前，很多终端已经失守，如此下去业绩如何能做的好？另外公司近两年来要做的儿童奶，为何市场曝光率如此低，少数区域能见到，但都出现在小店，而且价位不菲，但是包装却于实际产品价值不符，同样了解到终端动销也不好，基本没有什么营销手段，与白热化的其他液奶品牌比，贝因美儿童奶显得太单薄。请问未来会有什么动作吗？
贝因美
贝因美：: 尊敬的投资者您好，儿童奶系列产品是我公司战略转型升级中的重要组成部分，承载着贝因美品牌及消费群体延伸的重要使命，生产儿童奶的原料都来自全球顶级供应商，采用进口奶粉为原料，科学配比并添加国际品质的营养成分，更好地满足中国儿童不同阶段成长发育的营养需求。儿童奶业务目前正按公司既定规划稳步推进，我们会力争更快更好的满足市场与客户的需求，为广大消费者做好各项服务。感谢关注！
(来自深交所互动易)答复时间 2015-11-23 14:27:00"
一会大盘又开始表演了，大家注意系好安全带，要是怕危险，就提前下车,"https://guba.eastmoney.com/news,002570,212467355.html",2015-11-12 14:21:10,一会大盘又开始表演了，大家注意系好安全带，要是怕危险，就提前下车
看样子今天是没戏了.,"https://guba.eastmoney.com/news,002570,212466856.html",2015-11-12 14:20:24,看样子今天是没戏了.
是不是就差我这点不卖，你就不涨停啊，我成全你,"https://guba.eastmoney.com/news,002570,212462216.html",2015-11-12 14:13:28,是不是就差我这点不卖，你就不涨停啊，我成全你
大盘又在开始下跌，机构助力做空，真他妈的害小散，务必注意风险,"https://guba.eastmoney.com/news,002570,212435018.html",2015-11-12 13:29:33,注意风险注意风险注意风险注意风险，我都说了好几遍了，貌似没有人听得进去
下午跌停，赶快逃命,"https://guba.eastmoney.com/news,002570,212418674.html",2015-11-12 12:45:56,下午跌停，赶快逃命
大盘又一波下跌开始了，大家注意控制好仓位，千万注意风险,"https://guba.eastmoney.com/news,002570,212423634.html",2015-11-12 13:05:56,注意风险注意风险注意风险注意风险
今天看来也没什么希望了 盘面不好 短线应该止损了吧 中线继续持有呗,"https://guba.eastmoney.com/news,002570,212401327.html",2015-11-12 11:34:59,今天看来也没什么希望了 盘面不好 短线应该止损了吧 中线继续持有呗
朋友们，你们还在往里冲吗,"https://guba.eastmoney.com/news,002570,212389668.html",2015-11-12 11:14:02,朋友们，你们还在往里冲吗
20元的成本，被套一个月了，一买就套，亏得受不了，准备挥刀自宫。再见了朋友们,"https://guba.eastmoney.com/news,002570,212373993.html",2015-11-12 10:48:41,股票不是好东西
兄弟们不要急着买进，现在买，只能是给庄家套住,"https://guba.eastmoney.com/news,002570,212370449.html",2015-11-12 10:43:05,兄弟们不要急着买进，现在买，只能是给庄家套住
10天前就告诉大家在出货,"https://guba.eastmoney.com/news,002570,212368470.html",2015-11-12 10:40:00,时间是最重要的成本 让庄家自己玩吧
王八蛋,"https://guba.eastmoney.com/news,002570,212352417.html",2015-11-12 10:15:44,王八蛋
洗洗最健康！最变态美！,"https://guba.eastmoney.com/news,002570,212351940.html",2015-11-12 10:14:59,拜拜！
利好就是跑路的机会，别上了鬼子的当,"https://guba.eastmoney.com/news,002570,212326846.html",2015-11-12 09:37:27,利好就是跑路的机会，别上了鬼子的当
一早我在群里的操作建议,"https://guba.eastmoney.com/news,002570,210061769.html",2015-11-02 15:22:31,有多少人做到了？
卫计委：流动人口生育“二孩”可在现居住地登记,"https://guba.eastmoney.com/news,002570,212288452.html",2015-11-11 23:36:53,"中新网11月11日电 国家卫生计生委流动人口司司长王谦今日表示，流动人口生育第二个孩子可以在现居住地登记。

　　国家卫生计生委11日召开例行新闻发布会，发布《中国流动人口发展报告(2015)》，介绍2015年流动人口卫生计生服务管理工作进展。

　　对于流动人口可否在现居住地办理二孩生育登记，王谦指出，第二个孩子按照原来的政策要求回到户籍地去审批，近期宣布一孩二孩生育登记都已经不再审批了，这样流动人口生育第二个孩子也可以在现居住地登记。

　　王谦表示，现在已经把原来用于一孩登记的有关工作程序扩展到二孩，比如手续不全要通过承诺制来做，现在需要做的就是把这些程序告诉基层，指导基层加强流入地和户籍地的信息沟通，把网上办事工作进一步往前推进，因此也预计到，全面两孩政策实施后，流动人口在现居住地生育的数量会大幅度上升。

　　王谦强调，流动人口是全部人口的一部分，对于流动人口相关管理和服务服从整个工作安排，要落实好，让流动人口更方便。"
贝因美:预计明年启动广西儿童奶市场,"https://guba.eastmoney.com/news,002570,212221138.html",2015-11-11 16:52:44,"周三贝因美(002570)在全景网互动平台上表示,儿童奶业务目前正按公司既定规划稳步推进,2016年预计将启动广西市场。

　　公司介绍称,儿童奶系列产品是公司战略转型升级中的重要组成部分,生产儿童奶的原料都来自全球顶级供应商。

　　贝因美主要从事婴幼儿食品的研发、生产和销售等业务。(全景网)"
黄总您好，公司前三季度奶粉销量是多少吨？预计2015达到多少吨？,"https://guba.eastmoney.com/news,002570,915162973.html",2015-11-12 16:58:00,"黄总您好，公司前三季度奶粉销量是多少吨？预计2015达到多少吨？
贝因美
贝因美：尊敬的投资者您好，公司营业收入、销量等财务数据请关注公司定期报告相关内容。谢谢！
(来自深交所互动易)答复时间 2015-11-12 16:58:00"
解套就卖，绝不留恋,"https://guba.eastmoney.com/news,002570,212251617.html",2015-11-11 19:34:55,解套就卖，绝不留恋
这个股都是套牢盘。小心啦！,"https://guba.eastmoney.com/news,002570,212209153.html",2015-11-11 16:00:46,这个股都是套牢盘。小心啦！
小贝很好  此庄已不得人心,"https://guba.eastmoney.com/news,002570,212183015.html",2015-11-11 14:49:33,弃之
今天清仓走人了，跟随主力出货步伐，祝留下的发财,"https://guba.eastmoney.com/news,002570,212186225.html",2015-11-11 14:54:42,今天清仓走人了，跟随主力出货步伐，祝留下的发财
爱多一次，痛多一次,"https://guba.eastmoney.com/news,002570,212185397.html",2015-11-11 14:53:22,谁能忍受，醒过后不再回头。
终于不再煎熬了 无论前面有几个板  哥我也不稀罕,"https://guba.eastmoney.com/news,002570,212168278.html",2015-11-11 14:28:08,不只是伤不起 是耗不起 与此庄共舞 劳心伤身 see you no later
朋友们，你们回去追涨这只股票吗，我在观察是不是真的想拉涨停,"https://guba.eastmoney.com/news,002570,212172642.html",2015-11-11 14:34:32,朋友们，你们回去追涨这只股票吗，我在观察是不是真的想拉涨停，还是庄家恶意出货，让散户接盘
今天最后逃命机会，快跑,"https://guba.eastmoney.com/news,002570,212175338.html",2015-11-11 14:38:17,今天最后逃命机会，快跑
终于不再折磨,"https://guba.eastmoney.com/news,002570,212161923.html",2015-11-11 14:18:23,狗B庄 再见
你们赶紧都跑啊 要要跌了,"https://guba.eastmoney.com/news,002570,212168771.html",2015-11-11 14:29:05,你们赶紧都跑啊 要要跌了
不要成小孩子的吉吉,"https://guba.eastmoney.com/news,002570,212160872.html",2015-11-11 14:16:50,
每次拉上去又下来有意思吗?直接涨停得了。,"https://guba.eastmoney.com/news,002570,212165813.html",2015-11-11 14:24:33,每次拉上去又下来有意思吗?直接涨停得了。
002570领袖股应该出来了,"https://guba.eastmoney.com/news,002570,212154601.html",2015-11-11 14:07:23,我们不能只看现在状况，要看未来，将来一霸
雄起了,"https://guba.eastmoney.com/news,002570,212162150.html",2015-11-11 14:18:56,雄起了
涨停‘’目标价35元,"https://guba.eastmoney.com/news,002570,212128838.html",2015-11-11 13:23:57,涨停‘’目标价35元
来个8点大阳线后事60元,"https://guba.eastmoney.com/news,002570,212120370.html",2015-11-11 13:06:21,来个8点大阳线
自选股入选：贝因美  二胎概念，先由婴儿奶粉开始，值得跟踪。,"https://guba.eastmoney.com/news,002570,209745514.html",2015-10-30 22:27:00,"【提示：入选自选股的是预期看好，不是让你马上买，而是要有纪律的操作，首先你要看该股什么时候入选自选股，如果是前一天选入，就要看第二天分时图走势； 如果是当天选入，就要看当天分时图走势； 不管什么时候，看分时图时要注意一下几点：必须是在分时图0轴上方，最好在均线上方，且盘整时不会破均线，等待突破前高 成交量放量，可以介入，买入之后就是止盈止损计划，一定要有自己的计划，长期下来，你绝对是赢多亏少，这样做的目的是控制住自己随心所欲的，自以为是的，想当然买卖；一定要有耐心，多静心看盘面，知主力动向才能行事，切记。---无形手记】

贝因美， 二胎概念已经确定，且二胎应由婴儿的奶粉开始，关注二胎婴童概念的相关股票，才是第一梯队的引领者，
该股得到机构和私募的高度亲睐，望引领走出一片新天地，值得你关注。感谢"
17.50有80万股,"https://guba.eastmoney.com/news,002570,212139265.html",2015-11-11 13:41:07,涨停‘’目标价35元
来个8点大阳线,"https://guba.eastmoney.com/news,002570,212119343.html",2015-11-11 13:03:19,来个8点大阳线
内部消息，下午二胎概念将强势拉升…,"https://guba.eastmoney.com/news,002570,212113083.html",2015-11-11 12:30:11,内部消息，下午二胎概念将强势拉升…
看着股吧都在骂人！哈哈！,"https://guba.eastmoney.com/news,002570,212101242.html",2015-11-11 11:37:47,看来可以买一点了！哈哈！
看来都是被套的在说话,"https://guba.eastmoney.com/news,002570,212017180.html",2015-11-11 08:30:37,看来都是被套的在说话
目前主力资金流出64%，散户谨慎入场,"https://guba.eastmoney.com/news,002570,212031316.html",2015-11-11 09:36:04,散户要谨慎购买此股票
此庄太弱  以下跌打压生存  没操守,"https://guba.eastmoney.com/news,002570,211843701.html",2015-11-10 13:49:57,看着闹心 17.40走了
牛股整理阶段，适当介入,"https://guba.eastmoney.com/news,002570,211977346.html",2015-11-10 22:09:23,蒙古总统访华，你懂的。
恒天然入股35亿是否到账成疑 贝因美资金缺口怎么填,"https://guba.eastmoney.com/news,002570,211235923.html",2015-11-07 01:22:53,"来源：华夏时报
　　经历了恒天然入股和“二次创业”等一系列的改革之后，依然没能解救国产奶粉贝因美(002570)于水深火热之中。根据贝因美10月31日公布的2015年前三季度业绩显示，净利再度出现2.15亿元的亏损缺口。
　　然而，即便是今年初已经获得商务部批准并在近期正式交割与恒天然的系列合作，目前看来也未能帮忙，至少，从贝因美呈现负数的现金流报表中，恒天然以35亿元的价格入股近20%股权的资金是否到账即是疑点之一。
　　35亿入股资金在哪？
　　从年中亏损1.02亿元，到三季报亏损拉大到2.15亿元，贝因美的资金缺口逐渐拉大，恒天然的入股资金却还没有蛛丝马迹可循。
　　今年3月份，恒天然全资子公司恒天然香港向贝因美的全体流通股股东发出部分要约收购18.88%的股权，并成为贝因美第二大股东，按照当时贝因美的股价计算，恒天然出资额为35亿元。下一阶段，双方将一起建立从牧场到中国消费者的一条完整的供应链，并为贝因美提供恒天然位于新西兰、澳大利亚和欧洲的奶源和生产基地。
　　随后，这一项交易也获得了商务部的批准，并在近日陆续进行了后续合作的系列交割。
　　10月28日，贝因美董事会审议通过了《关于收购境外资产、对外投资暨关联交易的议案》，决定将以3.67亿元的价格收购恒天然在澳大利亚的子公司达润工厂51%股权，剩下49%股权由恒天然持有，并且，双方还将共同出资2亿澳元进行达润工厂运营。
　　对此，贝因美相关负责人在接受《华夏时报》记者采访时表示，上述举动也意味着贝因美和恒天然的合作已经完成正式交割并投入使用。
　　其中，值得注意的是，近几年来发展不尽如人意的贝因美此次收购的3.67亿元资金也标注的是“海外融资”获得，那么既然恒天然与贝因美的交易已经获得商务部批准，后续交割也开始实行，当初协议中规定的35亿元资金去哪了？
　　“一切以公告为准，我也对入股资金到账与否的事宜不了解。”上述贝因美相关负责人对本报记者说。
　　而目前可以查到的资料只是显示，根据之前的协议，在恒天然发出要约收购书后的1个月内，恒天然需收满11%则协议成立，其中贝因美集团承诺直接转让8%，并承诺若恒天然未能收满11%则贝因美集团补足缺少的股份，而恒天然只需在未来12个月内在二级市场完成剩下的收购即可。资金如何交割并未明确提及。
　　不过，从贝因美刚刚发布的2015年前三季度的现金流指数为-1.9亿元的报表来看，贝因美的资金压力不言而喻。
　　资金短缺下再拉外援
　　详细来看，今年前三季度，贝因美营收和净利等业绩指标都出现了前所未有的大幅下跌之势。
　　其中，营收为26.4亿元，同比下降23.17%，净利润为-2.15亿元，同比下降260.47%，现金流更是-1.9亿元，同比下降45.77%。贝因美官方对此解释主要是因为销售和来自政府方面的补助都有所减少。
　　中投顾问食品行业研究员简爱华认为，在外企入侵、内部竞争日渐激烈的国产婴幼儿配方奶粉市场上，创新依然不足的贝因美，昔日国产奶粉龙头之一的优势已经不明显。
　　而贝因美也深知这一点，在和恒天然联手之后，又把目光瞄向其他合作方。10月底，贝因美宣布使用自有资金360万元与韩国第二大乳企“韩国每日”的香港全资子公司每日香港成立合资公司。合资公司主要从事特殊医学用途婴儿配方乳粉、婴幼儿配方食品、孕产妇奶粉及营养品等的研发业务。
　　公告给出的合资公司名称为杭州贝每特食品有限公司，注册资本600万元。股权结构为贝因美持有60%股权，每日香港持有40%股权。特殊配方奶粉主要用于早产/低出生体重婴儿、原发或继发乳糖不耐受婴儿、食物蛋白过敏及氨基酸代谢障碍等特殊婴儿人群。
　　据了解，特殊配方奶粉属于医学配方，生产门槛比较高，在中国市场，目前特殊配方奶粉主要由国外进口，价格也比较高。同时，贝因美也称，此举“有利于公司在中国开拓特殊配方乳粉市场”，提升公司的经营业绩，同时双方也将进一步探索扩大合作领域的可能性。
　　值得注意的是，贝因美还特别指出，目前，有关中国境内生产的婴幼儿配方乳粉的注册管理办法已截止征求意见，正在酝酿出台。“进口婴幼儿配方乳粉注册管理办法或有可能随后征询意见并出台，给本次合作增加了一些不确定性因素。”
　　二次创业不奏效
　　为了重现昔日的“辉煌”，贝因美也做过很多努力，寄希望于凤凰涅槃，而事实证明，这些改革对贝因美来说，还远远不够。
　　“现在是贝因美经营比较苦难的时期，三季度基本上还是处在亏损的状态，股价相对来说属于一个相对的低位。”上海证券首席投资顾问付少琪在接受媒体采访时指出，“恒天然虽然在销售渠道上不能给予更多的帮助，但是毕竟对于贝因美的品牌效应会起到相当好的帮助作用。贝因美与恒天然之间的合作并不具有立竿见影的效果。这些渠道能不能进一步渗透，还是需要时间来观察的。所以我觉得业绩的拐点不一定能在很短时间内就可以完成，还需要有一定时间的观察才可以。”
　　按照贝因美的设想，未来十年公司三分之二的销售收入将来自海外。而公司转型的核心还是产品结构的调整。自2013年起，股份公司除婴童食品以外其他业务全部剥离。同时，集团旗下其余亲子教育、亲子用品和亲子服务业务也将和食品业务并驾齐驱发展。
　　令人遗憾的是，当初痛彻心扉地提出“二次创业”的口号还言犹在耳，贝因美管理层在出席不同场合时都在大谈“二次创业”的战略设想，试图借此改写公司业绩困局的愿景依然没能实现。此次和“韩国每日”的合作以及达润工厂的投资又能否拯救贝因美？
（来源：华夏时报 2015-11-07 01:20）[点击查看原文]
展开阅读全文"
“大跌，大买。小跌，小买。不跌，不买。大涨，出一点，小涨，拿好了。不涨，不卖。就,"https://guba.eastmoney.com/news,002570,209504422.html",2015-10-30 02:03:17,"“大跌，大买。小跌，小买。不跌，不买。大涨，出一点，小涨，拿好了。不涨，不卖。就这么玩！"""
国产奶粉，你敢给小孩买吗，要钱还是要命，想想也是醉了。,"https://guba.eastmoney.com/news,002570,209825052.html",2015-11-01 02:27:17,国产奶粉，你敢给小孩买吗，要钱还是要命，想想也是醉了。
002570已经持稳，可以发挥,"https://guba.eastmoney.com/news,002570,211742471.html",2015-11-10 09:58:34,提示
大家放心买。有钱一起赚。[大笑],"https://guba.eastmoney.com/news,002570,211481926.html",2015-11-09 10:57:24,大家放心买。有钱一起赚。
002570已经回稳，还具有表现潜力,"https://guba.eastmoney.com/news,002570,211744215.html",2015-11-10 10:01:43,提示
诶，心塞,"https://guba.eastmoney.com/news,002570,211733023.html",2015-11-10 09:42:22,诶，心塞
明天跌停开盘？,"https://guba.eastmoney.com/news,002570,211679530.html",2015-11-09 22:13:13,观战；
小白兔有胡萝卜吃今日准备拉升突破,"https://guba.eastmoney.com/news,002570,211705363.html",2015-11-10 06:12:03,小白兔有胡萝卜吃今日准备拉升突破
贝因美:关于媒体报道的澄清公告,"https://guba.eastmoney.com/news,002570,211421143.html",2015-11-09 08:22:08,"公告日期：2015-11-09
证券代码：002570 证券简称：贝因美 公告编号：2015-070

贝因美婴童食品股份有限公司

关于媒体报道的澄清公告

本公司及董事会全体成员保证信息披露内容的真实、准确和完整，没有虚假记载、误导性陈述或重大遗漏。

一、媒体报道情况

11月7日，华夏时报刊登了作者为金晓岩的文章—《贝因美再现资金缺口恒天然入股35亿是否到账成疑》，并相继为国内其他媒体所转载。文章提及：从贝因美呈现负数的现金流报表中，恒天然以35亿元的价格入股近20%股权的资金是否到账即是疑点之一；从年中亏损1.02亿元，到三季报亏损拉大到2.15亿元，贝因美的资金缺口逐渐拉大，恒天然的入股资金却还没有蛛丝马迹可循；该文章亦称公司资料并未明确提及恒天然要约收购资金如何交割。

二、澄清说明

公司董事会在获悉上述报道内容后十分重视，该篇报道所涉及的相关内容失实，本着保护上市公司及广大投资者的利益，避免歪曲报道对投资者形成误导，公司特此做出澄清说明如下：

1、恒天然要约收购资金的缴付及所有依约出让股份的原股东均已合法依规完成了相关交易的交割，公司未接到任何异常情况的信息。

2、在法律关系上，要约收购系受让方（恒天然）和转让方（接受要约收购的贝因美股东）双方之间的股权转让关系，股权转让款项由受让方支付给转让方。

为保障转让方权益，根据《上市公司收购管理办法》相关规定，恒天然将不少于收购价款总额的20%作为履约保证金存入证券登记结算机构指定的银行。

上述情况已在《董事会关于恒天然乳品（香港）有限公司要约收购事宜致全体股东的报告书》中载明。

《关于恒天然乳品（香港）有限公司实施部分要约收购的公告》关于要约收购资金划转部分已经载明资金支付安排事宜，恒天然将在收购期满的次一交易日将收购资金（含税）划入中登公司的结算备付金账户，继而转入收购证券资金结算账户。收购资金经上述账户最终划入股权转让方证券账户，完成资金过户手续，恒天然则经深交所法律部确认后完成股权过户手续。《恒天然乳品（香港）有限公司要约收购结果暨股票复牌等相关事项的公告》公告了上述手续在2015年3月18日已完成。

如上所述，要约收购资金归属受让方股东所有，而非贝因美婴童食品股份有限公司所有，因而不存在资金是否到账的问题。相关报道视有关公告内容于不顾，公然编造歪曲事实的新闻报告，公司提醒投资者明辨是非。

3、公司在经营活动中注重风险控制，追求持续稳健发展，与多家银行保持长期合作，现金流状况稳健。截至2015年9月30日，公司资产负债率为28.2%，该指标值不仅显示公司资产负债状况良好，也属同行业较低水平。该负债率状况给公司的经营及投资扩展，留有充分的融资余地。

三、其他说明

1、华夏时报的报道未向上市公司及相关机构采访求证，且文章中充满误导表述、断章取义、概念混乱，报道是不负责任的。上述报道具有误导性分析结果，对公司和恒天然信誉均造成了恶劣影响。公司谴责相关当事人不负责任的行为，声明保留追究法律责任的权利。

2、《证券时报》、《上海证券报》和巨潮资讯网为本公司指定的信息披露媒体，公司所有信息均以在上述指定媒体刊登为准，敬请广大投资者理性投资，注意风险。

特此公告。

贝因美婴童食品股份有限公司

董事会

二○一五年十一月九日


[点击查看PDF原文]
提示：本网不保证其真实性和客观性，一切有关该股的有效信息，以交易所的公告为准，敬请投资者注意风险。
展开阅读全文"
今天要亏钱，必找黑嘴！,"https://guba.eastmoney.com/news,002570,211490726.html",2015-11-09 11:13:28,起诉必赢！
钱没有塞足，只说明一点，贝因美高管是正义的,"https://guba.eastmoney.com/news,002570,211625978.html",2015-11-09 17:23:49,"钱没有塞足，只说明一点，贝因美高管是正义的
贝因美资讯
贝因美:关于媒体报道的澄清公告
公告日期：2015-11-09证券代码：002570证券简称：贝因美公告编号：2015-070贝因美婴童食品股份有限公司关于媒体报道的澄清公告本公司及董事会全体成员保证信息披露内容的真实、准确和完整，没有虚假记载、误导性陈述或重大遗漏。一、媒体报道情况11月7日，华夏时报刊登了作者为金晓岩的文章—《贝因美再现资金缺口恒天然入股35亿是否到账成疑》，并相继为国内其他媒体所转载。文章提及：从贝因美...
2015/11/9 8:22:08贝因美吧"
典型教科书顶部,"https://guba.eastmoney.com/news,002570,211569734.html",2015-11-09 14:27:59,MACD死叉。
贝因美澄清恒天然35亿资金是否到账报道,"https://guba.eastmoney.com/news,002570,211433327.html",2015-11-09 09:34:18,"来源：中国证券网
　　贝因美9日早间公告称，公司针对恒天然以35亿元的价格入股近 20%股权的资金是否到账的质疑作出回应，称恒天然要约收购资金的缴付及所有依约出让股份的原股东均已合法依规完成了相关交易的交割，未接到任何异常情况的信息。
　　对此，公司回应称，《关于恒天然乳品(香港)有限公司实施部分要约收购的公告》关于要约收购资金划转部分已经载明资金支付安排事宜，恒天然将在收购期满的次一交易日将收购资金(含税)划入中登公司的结算备付金账户，继而转入收购证券资金结算账户。收购资金经上述账户最终划入股权转让方证券账户，完成资金过户手续，恒天然则经深交所法律部确认后完成股权过户手续。《恒天然乳品(香港)有限公司要约收购结果暨股票复牌等相关事项的公告》公告了上述手续在2015年3月18日已完成。如上所述，要约收购资金归属受让方股东所有，而非贝因美婴童食品股份有限公司所有，因而不存在资金是否到账的问题。
　　同时，公司表示，公司在经营活动中注重风险控制，追求持续稳健发展，与多家银行保持长期合作，现金流状况稳健。截至 2015 年 9 月 30 日，公司资产负债率为 28.2%，该指标值不仅显示公司资产负债状况良好，也属同行业较低水平。该负债率状况给公司的经营及投资扩展，留有充分的融资余地。
　　贝因美三季报显示，2015年前三季度，公司营业收入约为26.4亿元，同比跌幅达23.2%；归属于上市公司股东的净利润约为-2.2亿元，同比大幅下跌260.5%。在今年贝因美发布中报时，已经亏损了1.02亿元。而第三季度报告期内，又再度亏损1.1亿元，比上年同期更是下降了522%。
（来源：中国证券网 2015-11-09 09:32）[点击查看原文]"
董秘你好！请问截止11月9日，公司的股东人数是多少？谢谢，祝你身体健康工作顺利！,"https://guba.eastmoney.com/news,002570,915167936.html",2015-11-10 15:04:00,"董秘你好！请问截止11月9日，公司的股东人数是多少？谢谢，祝你身体健康工作顺利！
贝因美
贝因美：尊敬的投资者您好，公司股东人数按监管机构相关规定进行披露，请您关注公司定期报告中相关内容。感谢您的关注和支持！
(来自深交所互动易)答复时间 2015-11-10 15:04:00"
根据公告：达润工厂将由恒天然独家提供奶源并管理，为公司及香港恒天然生产产品。对此,"https://guba.eastmoney.com/news,002570,915162969.html",2015-11-12 16:59:00,"根据公告：达润工厂将由恒天然独家提供奶源并管理，为公司及香港恒天然生产产品。对此想咨询一下：达润工厂生产的产品是否全部或部分在国内销售，除品质外，相较于国内生产而言，生产成本方面是否有优势，大概数据级是多少？委托生产数量是否有计划？此投资是否有避免汇率风险的措施？后续是否在国内与恒天然存在比较严重同业竞争问题及有无相应措施？媒体报道恒天然婴幼儿奶粉的国内业务已经交由公司打理是否属实？谢谢！
贝因美
贝因美：: 尊敬的投资者您好，达润工厂按目前规划将向贝因美提供非成品产品，作为原料需要再加工，进一步加强奶源的稳定性。此次合作资金来源为海外融资，公司会把控风险。恒天然目前只有安满产品由公司进行独家代理。感谢关注！
(来自深交所互动易)答复时间 2015-11-12 16:59:00"
看来还不到时候……,"https://guba.eastmoney.com/news,002570,211568355.html",2015-11-09 14:25:56,看来还不到时候……
狗庄你打压也该有个度吧！现在不趁大盘上涨拉，更待何时？,"https://guba.eastmoney.com/news,002570,211527384.html",2015-11-09 13:19:33,狗庄你打压也该有个度吧！现在不趁大盘上涨拉，更待何时？
估计官方叫板机构了  感觉交易正常了,"https://guba.eastmoney.com/news,002570,211477086.html",2015-11-09 10:49:00,本股是员工参股 太闹心的话 影响的不只是股市
我一卖就涨，割在地板上，主力就差我那么一点么，祝坚持下来的赚钱,"https://guba.eastmoney.com/news,002570,211503874.html",2015-11-09 11:42:08,我一卖就涨，割在地板上，主力就差我那么一点么，祝坚持下来的赚钱
下一只股002570想赚钱更上哦,"https://guba.eastmoney.com/news,002570,211478753.html",2015-11-09 10:52:02,"下一只股002570想赚钱更上哦
冷冷冷冷冷冷
大家放买我又杀回来了
大家放买我又杀回来了
2015/11/6 10:45:02海欣食品吧"
既然下来了20日线.就不会那么快上去.未来几天的受压20日线,"https://guba.eastmoney.com/news,002570,211468026.html",2015-11-09 10:33:43,既然下来了20日线.就不会那么快上去.未来几天的受压20日线
我以16.5元买入贝因美  (002570)，理由是：逢低补仓,"https://guba.eastmoney.com/news,002570,211456834.html",2015-11-09 10:14:50,"我以16.5元买入贝因美(002570)，理由是：逢低补仓
Mr_荣
Mr_荣创建了模拟组合 提前埋伏
组合 id:1747138
2015/10/29 14:42:57投资组合吧"
伊利负债率50%——光明81%,"https://guba.eastmoney.com/news,002570,211424301.html",2015-11-09 08:49:43,贝因美才28%——说这个公司现金流有问题的——都是别有用心的——好在公司及时发了澄清公告！——虽然没有此股——但短时间出现很多莫须有的利空一定别有用心！——虽然我也希望跌下来买一点！
贝因美澄清称恒天然已合法完成交易,"https://guba.eastmoney.com/news,002570,211425639.html",2015-11-09 08:59:20,"贝因美（002570）周一早间发布澄清公告称，恒天然要约收购资金的缴付及所有依约出让股份的原股东均已合法依规完成了相关交易的交割，公司未接到任何异常情况的信息。

公司表示，在法律关系上，要约收购系受让方（恒天然）和转让方（接受要约收购的贝因美股东）双方之间的股权转让关系，股权转让款项由受让方支付给转让方。根据相关规定，恒天然将不少于收购价款总额的20%作为履约保证金存入证券登记结算机构指定的银行。

相关公告关于要约收购资金划转部分已载明资金支付安排事宜，恒天然将在收购期满的次一交易日将收购资金（含税）划入中登公司的结算备付金账户，继而转入收购证券资金结算账户。收购资金经上述账户最终划入股权转让方证券账户，完成资金过户手续，恒天然则经深交所法律部确认后完成股权过户手续。上述手续在2015年3月18日已完成。

如上所述，要约收购资金归属受让方股东所有，而非贝因美婴童食品股份有限公司所有，因而不存在资金是否到账的问题。

公告显示，11月7日，华夏时报刊登了作者为金晓岩的文章—《贝因美再现资金缺口恒天然入股35亿是否到账成疑》，并相继为国内其他媒体所转载。文章提及从贝因美呈现负数的现金流报表中，恒天然以35亿元的价格入股近20%股权的资金是否到账即是疑点之一；从年中亏损1.02亿元，到三季报亏损拉大到2.15亿元，贝因美的资金缺口逐渐拉大，恒天然的入股资金却还没有蛛丝马迹可循；该文章亦称公司资料并未明确提及恒天然要约收购资金如何交割。（全景网）"
周末终于没等到什么利好，周一不知有没有机会逃跑？？,"https://guba.eastmoney.com/news,002570,211386005.html",2015-11-08 20:16:36,周末终于没等到什么利好，周一不知有没有机会逃跑？？
400手已经割肉走人，大,"https://guba.eastmoney.com/news,002570,211348415.html",2015-11-08 11:52:47,400手已经割肉走人，大盘暴涨它都能跌，还想指望它能涨？
我等P民还是退出股市吧，信息不对等，重启IPO公布前证券连续三个涨停，没鬼谁信，,"https://guba.eastmoney.com/news,002570,211373182.html",2015-11-08 17:58:15,我等P民还是退出股市吧，信息不对等，重启IPO公布前证券连续三个涨停，没鬼谁信，现在散户还敢买证券吗，想当接盘手啊
本周盘整突破20大洋，静等收钱,"https://guba.eastmoney.com/news,002570,211346049.html",2015-11-08 11:19:25,
18.71的本 哪位大人能教教 到底该咋办啊[哭]拜托啦,"https://guba.eastmoney.com/news,002570,211319552.html",2015-11-07 23:10:13,18.71的本 哪位大人能教教 到底该咋办啊拜托啦
看昨天中央台的报道，打掉一个建国以来最大的奶粉走私案件，利好贝因美！！,"https://guba.eastmoney.com/news,002570,211286967.html",2015-11-07 15:37:01,看昨天中央台的报道，打掉一个建国以来最大的奶粉走私案件，利好贝因美！！
生与不生，在农村不过是罚款四千，有影响吗？而城市巨额扶幼，教育，养育，购房……费,"https://guba.eastmoney.com/news,002570,211243402.html",2015-11-07 06:43:09,"生与不生，在农村不过是罚款四千，有影响吗？而城市巨额扶幼，教育，养育，购房……费用？！生得起吗？二胎政策有其积极一面，人性化一面实际影响不大，计生政策步子应放大一点！而二胎概念，纯属无聊恶炒，绝不能追捧！当然象伊利这样优秀龙头企业估值并不高，而贝因美等靠讲故事拉升应谨慎对待！
股友E7c2101810
很抱歉，您访问的帖子不存在
很抱歉，您访问的帖子不存在
2015/11/6 8:32:27江南高纤吧"
看来周一低开低走了，18元的本什么时候能解套呢？？？？？？？,"https://guba.eastmoney.com/news,002570,211250925.html",2015-11-07 08:49:33,看来周一低开低走了，18元的本什么时候能解套呢？？？？？？？
卫计委确定两孩实施时间：现在开始怀孕应该不算违反政策,"https://guba.eastmoney.com/news,002570,211255232.html",2015-11-07 09:34:36,
光明日报11月6日报道，对于社会广泛关注的何时开始怀孕才算不违反政策，国家卫计委,"https://guba.eastmoney.com/news,002570,211249533.html",2015-11-07 08:29:48,光明日报11月6日报道，对于社会广泛关注的何时开始怀孕才算不违反政策，国家卫计委计划生育基层指导司司长杨文庄11月5日表示，目前相关工作进展很快，现在开始怀孕应该不算违反政策，只要二孩是在新修订的《人口与计划生育法》颁布后出生，就是符合政策的。
淡定有钱剩，下周突破20元,"https://guba.eastmoney.com/news,002570,211201570.html",2015-11-06 20:24:34,淡定有钱剩，下周突破20元
无论市盈，市净，净资产，净利，市场占有率，成长性，业绩……除了编故事，讲故事贝因,"https://guba.eastmoney.com/news,002570,211243727.html",2015-11-07 06:52:43,"无论市盈，市净，净资产，净利，市场占有率，成长性，业绩……除了编故事，讲故事贝因美不如伊利！而股价却明显倒置！除了疯狂炒作，也有操纵股价因素？股市有风险，投资须谨慎！
股友E7c2101810
很抱歉，您访问的帖子不存在
很抱歉，您访问的帖子不存在
2015/11/6 8:32:27江南高纤吧"
ipo越来越近,"https://guba.eastmoney.com/news,002570,211193524.html",2015-11-06 19:38:31,会的，总有开头的时候，又是次新股的天下，券商让位！
请问二孩政策出台以后，会对奶粉市场带来什么影响， 又会给我们带来哪些机遇呢？我们,"https://guba.eastmoney.com/news,002570,915162989.html",2015-11-12 16:54:00,"请问二孩政策出台以后，会对奶粉市场带来什么影响， 又会给我们带来哪些机遇呢？我们要怎么迎接挑战
贝因美
贝因美：: 尊敬的投资者您好，达润工厂按目前规划将向贝因美提供非成品产品，作为原料需要再加工，进一步加强奶源的稳定性。此次合作资金来源为海外融资，公司会把控风险。恒天然目前只有安满产品由公司进行独家代理。感谢关注！
(来自深交所互动易)答复时间 2015-11-12 16:54:00"
郁闷惨了,"https://guba.eastmoney.com/news,002570,211128201.html",2015-11-06 14:49:18,郁闷惨了
贝因美不涨原因是不想还小三,"https://guba.eastmoney.com/news,002570,211111902.html",2015-11-06 14:26:28,哈哈哈
月线看,"https://guba.eastmoney.com/news,002570,211072753.html",2015-11-06 13:34:49,下半个月 可以见14
等会跳水 你知道一个字,"https://guba.eastmoney.com/news,002570,211069413.html",2015-11-06 13:30:34,惨
和大盘倒着走，牛,"https://guba.eastmoney.com/news,002570,211068749.html",2015-11-06 13:29:49,和大盘倒着走，牛
希望今天跌多点,"https://guba.eastmoney.com/news,002570,211032624.html",2015-11-06 11:27:59,
加油，加下跌至16元下周跌破 15,"https://guba.eastmoney.com/news,002570,211031305.html",2015-11-06 11:25:36,
002570,"https://guba.eastmoney.com/news,002570,209736997.html",2015-10-30 21:13:53,$贝因美(002570.SZ)$ 11月中 17.37 压力 21.16 22.57 支持 15.96
希望今天表现好些,"https://guba.eastmoney.com/news,002570,211025806.html",2015-11-06 11:15:50,希望今天表现好些
他曾经是三鹿的合伙人。可想而知。以后二孩绝对不能买这奶粉。孩纸都成石头人了,"https://guba.eastmoney.com/news,002570,211022270.html",2015-11-06 11:10:08,他曾经是三鹿的合伙人。可想而知。以后二孩绝对不能买这奶粉。孩纸都成石头人了
今天跌停,"https://guba.eastmoney.com/news,002570,211002352.html",2015-11-06 10:35:06,
你们现在不买二胎，一定要等到10个月以后，二胎的股票涨飞以后再追涨吗？今天已经见,"https://guba.eastmoney.com/news,002570,211003497.html",2015-11-06 10:37:05,你们现在不买二胎，一定要等到10个月以后，二胎的股票涨飞以后再追涨吗？今天已经见底，下周坐等涨停，
我以17.3元买入贝因美  (002570)，理由是：二胎龙头，积极关注,"https://guba.eastmoney.com/news,002570,210997446.html",2015-11-06 10:27:21,"我以17.3元买入贝因美(002570)，理由是：二胎龙头，积极关注
Mr_荣
Mr_荣创建了模拟组合 提前埋伏
组合 id:1747138
2015/10/29 14:42:57投资组合吧"
又尼玛拉高出货，超！,"https://guba.eastmoney.com/news,002570,210990701.html",2015-11-06 10:16:18,又尼玛拉高出货，超！
拱北海关查获最大宗奶粉走私案,"https://guba.eastmoney.com/news,002570,210935701.html",2015-11-05 23:59:27,在海关总署统一指挥下，今天拱北海关在珠海、深圳、广州三地展开集中打击奶粉走私收网行动，打掉7个跨境走私奶粉团伙，现场查扣的罐装奶粉等大量进口食品，初步估计案值超过5亿元。
贝因美分析,"https://guba.eastmoney.com/news,002570,210917186.html",2015-11-05 21:25:26,贝因美与转型之路正是开启，与恒天然合作是双赢之举，澳大利亚工厂奶源直销国内，以后恒天然会与贝因美有更深入的合作，恒天然入股贝因美就是希望与贝因美更加深入的合作，以后会有更多的合作项目继续加入，2016年贝因美业绩可能会暴增，春节前贝因美会到30元以上甚至50元左右，近段时间贝因美资金介入明显，明显有机构和有识之士在布局贝因美，贝因美业绩好转的时候股价就上天了。
这几天热点是金融三剑客，先撤出做南京银行,"https://guba.eastmoney.com/news,002570,210699700.html",2015-11-05 09:56:37,这几天热点是金融三剑客，先撤出做南京银行
真心不希望贝因美像黑牛一样！,"https://guba.eastmoney.com/news,002570,210888208.html",2015-11-05 18:25:55,"真心不希望贝因美像黑牛一样！
贝因美资讯
很抱歉，您访问的帖子不存在
很抱歉，您访问的帖子不存在
2015/11/5 15:19:04贝因美吧"
看贝因美 三个字,"https://guba.eastmoney.com/news,002570,210835877.html",2015-11-05 14:36:54,就觉得恶心想吐 以后见人别买这奶粉
明天涨停板,"https://guba.eastmoney.com/news,002570,210866552.html",2015-11-05 16:12:20,涨停板
你家死光没，大盘涨100点，你还一整天绿男子在带。。。,"https://guba.eastmoney.com/news,002570,210824961.html",2015-11-05 14:17:04,你家死光没，大盘涨100点，你还一整天绿男子在带。。。
置顶。还有几个板，是机会还是坑？,"https://guba.eastmoney.com/news,002570,209710432.html",2015-10-30 17:49:37,置顶。还有几个板，是机会还是坑？
没什么事，来看看大家,"https://guba.eastmoney.com/news,002570,210802374.html",2015-11-05 13:36:47,"昨天清仓小贝，还有人骂我，唉。。。
我说今天早盘不会难看，也有人反对。。。
我最后说句，小贝17元左右，并没有调整到位，望各位不要惊慌，暂时不做任何操作"
主力货都出差不多了，散户接盘了,"https://guba.eastmoney.com/news,002570,210802121.html",2015-11-05 13:36:05,主力货都出差不多了，散户接盘了
涨幅榜没有你就算了…居然还杀入跌幅榜。[不赞][不赞]势头不妙 快撑不住了,"https://guba.eastmoney.com/news,002570,210800783.html",2015-11-05 13:34:05,涨幅榜没有你就算了…居然还杀入跌幅榜。[不赞][不赞]势头不妙 快撑不住了
准备,"https://guba.eastmoney.com/news,002570,210799576.html",2015-11-05 13:32:10,做好飞机开了
你妈的，大盘涨四个点，你还跌这么多,"https://guba.eastmoney.com/news,002570,210796631.html",2015-11-05 13:27:32,你妈的，大盘涨四个点，你还跌这么多
别买了，都别买，让庄自己砸，砸到跌停，我们散户反正钱不多,"https://guba.eastmoney.com/news,002570,210794226.html",2015-11-05 13:23:57,求你们别买了
涨大盘不涨个股的时候了,"https://guba.eastmoney.com/news,002570,210793112.html",2015-11-05 13:22:14,"涨大盘不涨个股的时候了
"
3000股 你排最后一百,"https://guba.eastmoney.com/news,002570,210791106.html",2015-11-05 13:19:09,够倒霉买你
浪费一拨行情,"https://guba.eastmoney.com/news,002570,210786173.html",2015-11-05 13:11:00,浪费一拨行情
牛人啊，说说贝因美吧，套牢了,"https://guba.eastmoney.com/news,002570,210782158.html",2015-11-05 13:01:41,"牛人啊，说说贝因美吧，套牢了
烟的方向
这几天热点是金融三剑客，先撤出做南京银行
这几天热点是金融三剑客，先撤出做南京银行
2015/11/5 9:56:37贝因美吧"
竞价拉涨停几个意思？,"https://guba.eastmoney.com/news,002570,210760812.html",2015-11-05 11:27:58,竞价拉涨停几个意思？
跌停老子接你草。。。,"https://guba.eastmoney.com/news,002570,210751211.html",2015-11-05 11:10:51,跌停老子接你草。。。
跌停的节奏，赶紧跑,"https://guba.eastmoney.com/news,002570,210747717.html",2015-11-05 11:04:40,跌停的节奏，赶紧跑
温水煮青蛙,"https://guba.eastmoney.com/news,002570,210746018.html",2015-11-05 11:01:45,感觉不会爱了！进那里那里跌！出来就涨！换一圈回来还资金越来越少了！看来只能不看了！看多错多！
今天千股跌停 皆因昨天乌龙,"https://guba.eastmoney.com/news,002570,210736809.html",2015-11-05 10:47:45,
贝因美 弱过头,"https://guba.eastmoney.com/news,002570,210737891.html",2015-11-05 10:49:21,不卖会后悔
十五分钟净流出5000多万，什么情况,"https://guba.eastmoney.com/news,002570,210691109.html",2015-11-05 09:41:43,十五分钟净流出5000多万，什么情况
天天流出，看不懂,"https://guba.eastmoney.com/news,002570,210725059.html",2015-11-05 10:30:24,天天流出，看不懂
喝小贝的奶阳痿，所以股票涨不了。,"https://guba.eastmoney.com/news,002570,210720319.html",2015-11-05 10:23:53,喝小贝的奶阳痿，所以股票涨不了。
机构跑了 买蓝筹股去了,"https://guba.eastmoney.com/news,002570,210714772.html",2015-11-05 10:17:47,呼呼
给大家吃个定心丸，没上车的赶紧，本周暴涨，,"https://guba.eastmoney.com/news,002570,209964954.html",2015-11-02 10:53:02,大盘在这个位置，这么大的成交量，是不会出现大幅度的暴跌的， 所以这一点大家可以放心，只要大盘不出现暴跌，个股就会活跃， 就会有分化。不过仓位较重的，还是要注意控制一下仓位，尽量不要满仓操作
有病阿压那么狠出货,"https://guba.eastmoney.com/news,002570,210688692.html",2015-11-05 09:36:23,[不屑][不屑]
西部牧业才是二胎真正领头羊,"https://guba.eastmoney.com/news,002570,210653825.html",2015-11-04 23:07:37,花园牌奶粉中国纯天然婴儿第一品牌，年底40元
002570,"https://guba.eastmoney.com/news,002570,210684001.html",2015-11-05 09:20:43,怎么回事
涨停一下子就没了[大笑],"https://guba.eastmoney.com/news,002570,210684000.html",2015-11-05 09:20:36,涨停一下子就没了
能不能涨停,"https://guba.eastmoney.com/news,002570,210659860.html",2015-11-05 00:25:10,能不能涨停
个人见解 不喜勿喷,"https://guba.eastmoney.com/news,002570,210657611.html",2015-11-04 23:50:02,"2胎概念见光死 等政策落实明年吧 黄花菜都凉了
庄家拉高出货太明显 今天是被大盘挟持上涨
短线堪舆"
大家撤退吧,"https://guba.eastmoney.com/news,002570,210657399.html",2015-11-04 23:47:16,"今天是被大盘挟持上涨 所以还没跑赢大盘
庄家高位抛售太明显 这么弱势的票
大家撤退吧
当然等个2,3年翻翻还是有希望的
2胎概念见光死 等政策落实明年吧
短期坚持看到14"
庄家拼了老命在出货  还敢进  找套呢,"https://guba.eastmoney.com/news,002570,210657076.html",2015-11-04 23:43:08,"庄家拼了老命在出货 还敢进 找套呢
撤退到劵商和锂电池板块吧
贝贝 中长线持有 短期就不要想了
看到14"
最后加仓机会,"https://guba.eastmoney.com/news,002570,210446520.html",2015-11-04 10:17:10,最后加仓机会
小贝明天开盘不会难看，大家尽管放心吧,"https://guba.eastmoney.com/news,002570,210600562.html",2015-11-04 17:09:46,如题
说说贝因美啊,"https://guba.eastmoney.com/news,002570,210599148.html",2015-11-04 17:01:36,"说说贝因美啊
很抱歉，您访问的帖子不存在
很抱歉，您访问的帖子不存在
2015/11/4 11:33:03贝因美吧"
这个也跑输了大盘，跑输了创业板一大截，连保险都跑不赢,"https://guba.eastmoney.com/news,002570,210594641.html",2015-11-04 16:35:24,这个也跑输了大盘，跑输了创业板一大截，连保险都跑不赢
贝贝是好股，庄家是好人，只要耐心，肯定会有收获,"https://guba.eastmoney.com/news,002570,210580560.html",2015-11-04 15:20:23,上次我在贝贝套了30个点，结果不仅赚了回来，还盈利20个点。大家不要换来换去了，更别追涨杀跌。我这波就是出了贝贝，追了其他涨势好的，结果把小贝赚的全吐出去了。我都后悔出了贝贝，也在等机会拣回来。祝持有贝贝的发财／好运
今天大盘放量勉强站上五日均线，还有得一洗,"https://guba.eastmoney.com/news,002570,210585456.html",2015-11-04 15:43:59,今天大盘放量勉强站上五日均线，还有得一洗
今天资金进入这么多还不大涨，为什么,"https://guba.eastmoney.com/news,002570,210585688.html",2015-11-04 15:45:19,感觉有新庄进，老庄出
此股短期不宜介入，长期会有较出色的表现,"https://guba.eastmoney.com/news,002570,210585258.html",2015-11-04 15:43:14,如题
明天涨停板,"https://guba.eastmoney.com/news,002570,210577042.html",2015-11-04 15:08:29,
都没跑赢大盘的垃圾。。。。,"https://guba.eastmoney.com/news,002570,210576105.html",2015-11-04 15:05:44,都没跑赢大盘的垃圾。。。。
此股还有大涨机会！搞一点！,"https://guba.eastmoney.com/news,002570,210569671.html",2015-11-04 14:52:43,此股还有大涨机会！搞一点！
再见，祝你们发财！,"https://guba.eastmoney.com/news,002570,210547532.html",2015-11-04 14:19:58,
果然准备跳水,"https://guba.eastmoney.com/news,002570,210546088.html",2015-11-04 14:17:52,
