标题,链接,发布时间,内容
奇怪了，跌怕了,"https://guba.eastmoney.com/news,300027,765926693.html",2018-06-12 09:11:07,到多吃点饭
大家认为卖还是不还评一下，看看有多少人认为卖,"https://guba.eastmoney.com/news,300027,765926604.html",2018-06-12 09:10:37,大家认为卖还是不还评一下，看看有多少人认为卖
相信股市会有正能量,"https://guba.eastmoney.com/news,300027,765926573.html",2018-06-12 09:10:28,相信
大盘停盘呀,"https://guba.eastmoney.com/news,300027,765926447.html",2018-06-12 09:10:01,大单
天天跌的股市啊,"https://guba.eastmoney.com/news,300027,765926372.html",2018-06-12 09:09:26,多少
再下跌，受不了,"https://guba.eastmoney.com/news,300027,765926197.html",2018-06-12 09:08:57,低声说
清仓这类股换持有前途城市的水务股票或铜等有色股持有至少不会遭这类股闪崩,"https://guba.eastmoney.com/news,300027,765926116.html",2018-06-12 09:08:37,慢慢看
但是规格化，娱乐？,"https://guba.eastmoney.com/news,300027,765926075.html",2018-06-12 09:08:25,很过分
这是要退市呀,"https://guba.eastmoney.com/news,300027,765925935.html",2018-06-12 09:07:54,的答复
今天给你个小反弹的话，该撤就撤,"https://guba.eastmoney.com/news,300027,765925848.html",2018-06-12 09:07:41,给机会别不珍惜
中国没有真心做实业的企业。,"https://guba.eastmoney.com/news,300027,765925764.html",2018-06-12 09:07:11,中国没有真心做实业的企业。
越跌利空越多,"https://guba.eastmoney.com/news,300027,765925481.html",2018-06-12 09:05:49,法第四十
真正的“奔跑吧，兄弟”即将拉开序幕,"https://guba.eastmoney.com/news,300027,765921461.html",2018-06-12 08:33:50,没有兄弟，只剩下王八。小散们该如何是好？是打110报警，还是打120救自己。
反正不敢买于了,"https://guba.eastmoney.com/news,300027,765925339.html",2018-06-12 09:05:04,的份上
演员的工作就是假线真做，套路多多。此股复权价现高达102元，己毫无价值可言。散户,"https://guba.eastmoney.com/news,300027,765925296.html",2018-06-12 09:05:00,演员的工作就是假线真做，套路多多。此股复权价现高达102元，己毫无价值可言。散户们可留意一下，601518，救你们一把。
算了，亏得多了,"https://guba.eastmoney.com/news,300027,765925241.html",2018-06-12 09:04:37,但纷纷
钱没了，人活着,"https://guba.eastmoney.com/news,300027,765925196.html",2018-06-12 09:04:09,分手费
总得吃饭,"https://guba.eastmoney.com/news,300027,765925140.html",2018-06-12 09:03:39,法定
股市还搞不搞呀,"https://guba.eastmoney.com/news,300027,765925086.html",2018-06-12 09:03:14,规范了健康
要钱不要脸,"https://guba.eastmoney.com/news,300027,765925037.html",2018-06-12 09:02:55,要钱不要脸
下跌，利空也多了,"https://guba.eastmoney.com/news,300027,765925020.html",2018-06-12 09:02:46,个梵蒂冈
大不了，大家都亏,"https://guba.eastmoney.com/news,300027,765924943.html",2018-06-12 09:02:10,规范的
想要跌倒哪里去呀,"https://guba.eastmoney.com/news,300027,765924874.html",2018-06-12 09:01:40,的典范
天天啊，跌,"https://guba.eastmoney.com/news,300027,765924814.html",2018-06-12 09:01:12,都是
除非2王拿出真金白银主动性买人增持10E,"https://guba.eastmoney.com/news,300027,765924659.html",2018-06-12 09:00:09,除非2王拿出真金白银主动性买人增持10E
卖出评级，澄清公告，只是说股东们给我顶住，我在后面,"https://guba.eastmoney.com/news,300027,765924574.html",2018-06-12 08:59:35,卖出评级，澄清公告，只是说股东们给我顶住，我在后面
靠，天天跌，乐视的节奏,"https://guba.eastmoney.com/news,300027,765924554.html",2018-06-12 08:59:27,四元以下
2王顶不住了，要爆仓了，卖出评级,"https://guba.eastmoney.com/news,300027,765924303.html",2018-06-12 08:57:26,2王顶不住了，要爆仓了，卖出评级
真正不看好就直接抛售了，怎会折价质押，二王一直在增持，看好了,"https://guba.eastmoney.com/news,300027,765924284.html",2018-06-12 08:57:17,真正不看好就直接抛售了，怎会折价质押，二王一直在增持，看好了
果断离场，公司不靠谱,"https://guba.eastmoney.com/news,300027,765924057.html",2018-06-12 08:55:26,果断离场，公司不靠谱
2015年11月24日至今，王中军、王中磊累计增持金额合计约6.4亿元。二王增持,"https://guba.eastmoney.com/news,300027,765923307.html",2018-06-12 08:49:35,2015年11月24日至今，王中军、王中磊累计增持金额合计约6.4亿元。二王增持成本17/18元附近，我们怕啥！
如此低位质押，要出事了吗？,"https://guba.eastmoney.com/news,300027,765922979.html",2018-06-12 08:46:48,
2015年11月24日至今，王中军、王中磊累计增持金额合计约6.4亿元。,"https://guba.eastmoney.com/news,300027,765922560.html",2018-06-12 08:43:38,2015年11月24日至今，王中军、王中磊累计增持金额合计约6.4亿元。
现在无非两种可能，：一是套现跑路；二是在公司危机事件出来后再故意套现压低股价，等,"https://guba.eastmoney.com/news,300027,765922292.html",2018-06-12 08:41:20,现在无非两种可能，：一是套现跑路；二是在公司危机事件出来后再故意套现压低股价，等价格适当时候再次买入增加手中持股股票
明天反弹就跑，7.1附近,"https://guba.eastmoney.com/news,300027,765818067.html",2018-06-11 16:11:02,明天反弹就跑，7.1附近
请问10个跌停后价格多少？[傲],"https://guba.eastmoney.com/news,300027,765922144.html",2018-06-12 08:40:04,请问10个跌停后价格多少？
出来混，迟早要还,"https://guba.eastmoney.com/news,300027,765921897.html",2018-06-12 08:37:51,出来混，迟早要还
如果明星脑残了，兄弟们你怎么办？,"https://guba.eastmoney.com/news,300027,765921460.html",2018-06-12 08:33:48,如果明星脑残了，兄弟们你怎么办？
同志们，截住他，别让他们跑了！,"https://guba.eastmoney.com/news,300027,765913760.html",2018-06-12 07:28:23,同志们，截住他，别让他们跑了！
停牌吧，，要不连渣子都不剩,"https://guba.eastmoney.com/news,300027,765920332.html",2018-06-12 08:22:54,停牌吧，，要不连渣子都不剩
上市这么多年，2王赚的盆满钵满，股东分红年年还不到0.5%,"https://guba.eastmoney.com/news,300027,765920212.html",2018-06-12 08:21:19,对于这种只想套现，不给股民分钱的公司，我们还有什么理由继续支持他
全部质押，说明问题很严重了,"https://guba.eastmoney.com/news,300027,765887846.html",2018-06-11 23:43:42,狗急了才会跳墙
窝草，比乐视还惨！,"https://guba.eastmoney.com/news,300027,765920159.html",2018-06-12 08:20:52,窝草，比乐视还惨！
一句呵呵哒,"https://guba.eastmoney.com/news,300027,765920030.html",2018-06-12 08:19:19,一句呵呵哒
反弹是你跑路的唯一选择,"https://guba.eastmoney.com/news,300027,765919754.html",2018-06-12 08:16:05,不相信就等着
全是谣言和水军，华谊这波上60,"https://guba.eastmoney.com/news,300027,765919668.html",2018-06-12 08:15:19,全是谣言和水军，华谊这波上60
8月解禁股1.9亿股！股价会一直下跌！下跌！,"https://guba.eastmoney.com/news,300027,765919321.html",2018-06-12 08:12:08,8月解禁股1.9亿股！股价会一直下跌！下跌！
快跑吧！！！马上就断了！！！,"https://guba.eastmoney.com/news,300027,765919274.html",2018-06-12 08:11:38,快跑吧！！！马上就断了！！！
曾经的辉煌已经过了 兄弟真的不行了,"https://guba.eastmoney.com/news,300027,765919151.html",2018-06-12 08:10:55,曾经的辉煌已经过了 兄弟真的不行了
美利坚合众国？,"https://guba.eastmoney.com/news,300027,765919064.html",2018-06-12 08:10:28,美利坚合众国？
华谊兄弟06月11日获深股通加仓154.65万股,"https://guba.eastmoney.com/news,300027,765918939.html",2018-06-12 08:09:56,"






























06月11日华谊兄弟深股通持仓数据
收盘价：	6.85	涨跌幅：	-3.25%
持股量：	1037.55万股	持股变化：	154.65万股





数据显示，截至06月11日华谊兄弟于深股通持股量为1037.55万股，占其A股股本比例为0.37%，比上一交易日增加154.65万股。据数据统计，该股近一个月内累计涨幅为-21.89%，深股通累计加仓298.56万，深股通持仓累计变化比例为40.40%，近三个月内累计涨幅为-30.36%，深股通累计加仓115.30万，深股通持仓累计变化比例为12.50%。


数据来源:东方财富




"
远离切记！,"https://guba.eastmoney.com/news,300027,765918787.html",2018-06-12 08:09:17,再见
看戏，打人，掌声，喝彩,"https://guba.eastmoney.com/news,300027,765918272.html",2018-06-12 08:06:48,看戏，打人，掌声，喝彩
兄弟俩就是没钱买画了，别多想[不屑],"https://guba.eastmoney.com/news,300027,765918214.html",2018-06-12 08:06:31,兄弟俩就是没钱买画了，别多想[不屑]
能见3元吗，我觉得行。,"https://guba.eastmoney.com/news,300027,765918143.html",2018-06-12 08:06:12,"能见3元吗，我觉得行。
"
今天继续大跌，没商量。看谁跑得快,"https://guba.eastmoney.com/news,300027,765918038.html",2018-06-12 08:05:37,今天继续大跌，没商量。看谁跑得快
大跌块来了，跑步离去！,"https://guba.eastmoney.com/news,300027,765915749.html",2018-06-12 07:45:39,大跌块来了，跑步离去！
太多问题了，散户千万别碰这样的股票哦，切记切记,"https://guba.eastmoney.com/news,300027,765917565.html",2018-06-12 08:03:21,太多问题了，散户千万别碰这样的股票哦，切记切记
尼玛花十亿买空壳公司因为它能拍产值十亿的电影？亏你想的出来，华谊不就是拍电影的吗，它干嘛非要脱了裤子放屁？,"https://guba.eastmoney.com/news,300027,765917511.html",2018-06-12 08:03:06,尼玛花十亿买空壳公司因为它能拍产值十亿的电影？亏你想的出来，华谊不就是拍电影的吗，它干嘛非要脱了裤子放屁？自己投十亿拍电影不就结了！洗钱转移资产被脑残们自圆其说，真特么逗
华谊争辩股权质押：不是抛售，是掏空,"https://guba.eastmoney.com/news,300027,765917090.html",2018-06-12 08:00:58,华谊争辩股权质押：不是抛售，是掏空
2018年6月11日（周一）晚间，《操盘信息必读》重要财经新闻汇总,"https://guba.eastmoney.com/news,300027,765917002.html",2018-06-12 08:00:36,"一、【重要资讯】
1、证监会主席刘士余主持召开会议，听取10位企业家对《上市公司治理准则(修订稿)》的意见和建议。与会企业家一致认为，完善上市公司治理，提高上市公司质量，是保障资本市场稳定健康发展的基础。在“修订稿”下一步修改过程中，切实提升上市公司治理水平，提高上市公司质量，保护投资者合法权益，促进资本市场稳定健康发展。下一步，证监会将抓紧继续完善“修订稿”，吸收各方宝贵意见，一是更充分体现我国十几年来公司治理的实践经验，二是更充分体现国际公认的公司治理基本准则，并在履行公开征求意见等立法程序后，尽快推出新《准则》，切实提高上市公司质量，更好服务实体经济发展。
2、证监会召开会议部署动员稽查执法科技化建设工作。会议要求，稽查执法科技化建设要以落实《稽查执法科技化建设工作规划》为抓手，紧紧围绕数据集中、数据建模、取证软件、质量控制、案件管理、辅助工具“六大工程”和执法监督模块的建设目标，突出需求导向、突出数据集中、突出智能应用、突出规范要求，扎实推进实施。会议明确，今年要力争在商业银行账户电子查询、案件管理系统上线、语音设备配置、取证工具推广、远程听证装备等方面取得明显进展。
3、近日，银保监会召开偿付能力监管委员会第42次工作会议，会议指出，当前保险业偿付能力充足稳定。2018年第1季度末，纳入本次会议审议的173家保险公司的平均综合偿付能力充足率为248%，较上季末下降3个百分点；平均核心偿付能力充足率为237%，较上季末下降2.9个百分点。会议强调，对公司治理存在问题的公司采取必要措施，督促公司及时进行整改。当前保险业风险总体可控，但风险形势依然复杂严峻。银保监会将继续贯彻党的十九大、中央经济工作会议、全国金融工作会议、中央财经委会议和全国“两会”精神，稳中求进，从严监管，确保机构改革和监管工作“两不误、两促进”。
4、推进奶业振兴保障乳品质量安全的意见。到2020年，奶业供给侧结构性改革取得实质性成效，奶业现代化建设取得明显进展。奶业综合生产能力大幅提升，100头以上规模养殖比重超过65%，奶源自给率保持在70%以上。到2025年，奶业实现全面振兴，基本实现现代化，奶源基地、产品加工、乳品质量和产业竞争力整体水平进入世界先进行列。在加工环节，重点支持婴幼儿配方乳粉企业兼并重组、乳品质量安全追溯体系建设。鼓励社会资本按照市场化原则设立奶业产业基金，放大资金支持效应。强化金融保险支持，鼓励金融机构开展奶畜活体抵押贷款和养殖场抵押贷款等信贷产品创新。
5、作为石油管网改革计划的一部分，中国正在推进将三大国有油气公司的管道资产合并为一家公司。知情人士称，中国政府计划在今年冬天用气高峰到来前推出明确的改革方案，计划将分三步进行。中国石油、中国石化和中海油将其所属管道资产和员工剥离并转移至这家新公司，并将根据各自管道资产的估值确定在新公司的股权比例。新组建的公司的估值将达到3000-5000亿元人民币，计划引入约占总股本50%的社会资本，其中拟包括国有投资基金和民营资本。新组建的公司将寻求上市。
6、华谊兄弟董事长王中军今日发表致全体股东的一封信 ，他表示：公司依法纳税，未曾减持过公司股份，且累计增持股票金额合计约6.4亿元。关于“税务局进驻华谊兄弟审查合同”一说纯属捏造。有声音质疑收购东阳美拉和东阳浩瀚是否合理，实际上这两家公司这几年的表现已经是很好的回答。至于所谓商誉，也实在不必放大到洪水猛兽的高度。
7、国家能源局今日召开会议就531通知相关事项进行解读。国家能源局称，《 关于2018年光伏发电有关事项的通知》出台后，有些地方电网公司简单的理解为国家要控制光伏的发展，该并网的项目也不给并了，按政策要求该垫付的分布式光伏发电的补贴也停止了，应立即改正。
8、上证报关于“战略配售基金的规模门槛50亿元即可设立，上限仍为500亿元不变”消息准确。据发行独角兽基金的公募人士透露，已接到证监会的口头窗口指导，要求尽量将个人投资者的规模控制在200亿元，之前则未明确机构和个人的规模。另有机构人士称，目前机构申购额度还没有确定。
二、【行业新闻】
1、丹东市今日召开保持房地产市场健康发展工作会议。会议指出，毫不动摇地坚持“房子是用来住的，不是用来炒的”定位，毫不动摇地坚持房地产市场调控目标，毫不动摇地维护调控政策的连续性和稳定性，切实做好房地产市场监管和房价稳控工作，确保房地产市场平稳健康发展。会议强调，要未雨绸缪，切实做好房地产调控应急准备。要集体约谈甚至逐一约谈辖区内开发企业，迅速组织辖区内所有开发企业联合发出“不顶风涨价的倡议”。要做好新的政策储备。
2、国内首个区块链不动产登记项目“四网互通”落地湖南娄底，“四网互通”系统投入运营后，所有房产交易记录会被完整记录在区块链上，房产过往交易信息得以被跟踪；对于涉及多个部门的同一业务，只需要具有相关权限即可，数据会同步即时送达相关部门；信息在国土部、房产局等部门仅需填报一次，群众也只需向综合窗口提交“一套材料”即可。
3、国家药监局发布消息称：四价流感病毒裂解疫苗在我国获批上市。消息说，2017年12月以来至2018年初，全国各地流感疫情明显增高。为此，国家药品监督管理局会同有关部门，积极指导企业加快推进四价流感疫苗的研发进程，推动疫苗尽快上市应用。2018年6月8日，国家药品监督管理局分别批准了华兰生物疫苗有限公司及长春长生生物科技股份有限公司四价流感病毒裂解疫苗的生产注册申请。
4、发改委发布关于组织实施生物医药合同研发和生产服务平台建设专项的通知。通过专项实施，有效支撑创新药研发和产业化，力争达到每年为100个以上新药开发提供服务的能力；提高药品生产规模化、集约化水平和全产业发展效率，支撑一批创新创业型中小企业发展；带动区域生物医药产业进一步高质量集聚，加快培育形成一批世界级生物医药产业集群。重点支持具有较强行业影响力、高标准质量保证体系、健全公共服务机制的优势企业，在药学研究、临床前安全性评价、新药临床研究等细分领域建设合同研发服务平台，优先支持能提供多环节、国际化服务的综合性一体化合同研发服务平台。
三、【重要公告】
1、华谊兄弟发布澄清公告称，经核实，王忠军、王忠磊自2014年至今未减持过公司股份，不存在抛售所持公司股份套现的行为。2015年11月24日至今，王忠军、王忠磊先生累计增持金额合计约6.4亿元。王忠军、王忠磊先生股权质押的资金用途，主要用于项目投资及股权投资。股权质押是目前市场上常见的筹资形态，不代表王忠军、王忠磊不看好公司未来，也不会影响公司的正常经营。
3、长航凤凰公告，公司6月8日收到海运事业部管理团队大量员工辞职的报告，该部49人的经营团队有42人向公司递交了辞职报告(含该部总经理楼小云）。以上人员离职前均服务于公司的支柱性产业（沿海海运），管理和组织着公司自有海轮和13艘待收回的租赁海轮的经营生产。预计短期内难以找全与之匹配的人员，可能对该事业部的正常运转和沿海海运业务的维持带来不利影响，导致短期内业务量和利润的下滑。
免责声明：
《操盘信息必读》上述所有信息，均来于媒体公开信息，涉及个股仅为参考，并非诱导入市，本文不作投资决策依据！
展开阅读全文"
又一个乐视太黑了没人管吗,"https://guba.eastmoney.com/news,300027,765915366.html",2018-06-12 07:41:23,又一个乐视太黑了没人管吗
事实不清，远离问题股。这些不是小散能了解的，国家告诉我们，远离问题股！,"https://guba.eastmoney.com/news,300027,765916782.html",2018-06-12 07:58:55,事实不清，远离问题股。这些不是小散能了解的，国家告诉我们，远离问题股！
不要再跌了，再跌就爆仓了。,"https://guba.eastmoney.com/news,300027,765916586.html",2018-06-12 07:56:28,不要再跌了，再跌就爆仓了。
拭目以待,"https://guba.eastmoney.com/news,300027,765916430.html",2018-06-12 07:54:26,拭目以待
不跑才是傻！,"https://guba.eastmoney.com/news,300027,765915546.html",2018-06-12 07:43:28,不跑才是傻！
快逃命吧，这兄弟俩把公司的钱快掏空啦,"https://guba.eastmoney.com/news,300027,765916108.html",2018-06-12 07:50:36,快逃命吧，这兄弟俩把公司的钱快掏空啦
华谊兄弟今天会盘中闪崩封死跌停板吗？？？,"https://guba.eastmoney.com/news,300027,765913843.html",2018-06-12 07:29:27,感觉可能性非常非常大...........
糊涂快乐,"https://guba.eastmoney.com/news,300027,765915672.html",2018-06-12 07:44:46,糊涂快乐
顺融资的资金用于项目投资……我比较好奇到底是什么大项目，要让王老板自己账户里几十,"https://guba.eastmoney.com/news,300027,765915574.html",2018-06-12 07:43:52,顺融资的资金用于项目投资……我比较好奇到底是什么大项目，要让王老板自己账户里几十亿资金不够用，还要质押和弟弟二人在华谊兄弟里所有的股权来凑数？所有钱加一起，项目约估初期投资额达50亿以上，这么大的项目肯定有详细周密的项目计划书的。如此一个晒出来自证清白的机会，为何王老板却四字带过？”
跌是肯定的，记住了千万不要做T.因为会越亏越多。,"https://guba.eastmoney.com/news,300027,765915063.html",2018-06-12 07:38:13,跌是肯定的，记住了千万不要做T.因为会越亏越多。
中国就这一个股票了？,"https://guba.eastmoney.com/news,300027,765914305.html",2018-06-12 07:34:48,现在争论买不买有意思吗？无论什么目的，是真要跑或者故意打压大概率就是跌，难道会大涨？真跑了就不是1 2个跌停的事情了，在风险和收益不成正比的情况下为什么要赌？
这么多人关心华谊兄弟，无非是想骗带血的筹码，华谊只弟这么大的上市公司，不会被一些,"https://guba.eastmoney.com/news,300027,765911792.html",2018-06-12 06:57:40,这么多人关心华谊兄弟，无非是想骗带血的筹码，华谊只弟这么大的上市公司，不会被一些喷子搞垮，除非经营严重亏损，散户斟酌…
其实华谊兄弟这样闹一闹说不定是好事。把那二个不务正业的王老虎闹醒。再像假药停那样,"https://guba.eastmoney.com/news,300027,765914030.html",2018-06-12 07:31:57,其实华谊兄弟这样闹一闹说不定是好事。把那二个不务正业的王老虎闹醒。再像假药停那样不务正业的搞收藏只有完蛋。公司跨了你那点收藏能保证你们永远富下去吗？只有公司经营好了，市值上千亿才是你们唯一出路。
华谊兄弟6月6日发布公告，公告宣布华谊兄弟持股人王中军、王中磊的股份质押状况，截,"https://guba.eastmoney.com/news,300027,765913967.html",2018-06-12 07:30:59,"华谊兄弟6月6日发布公告，公告宣布华谊兄弟持股人王中军、王中磊的股份质押状况，截止2018年3月31日王中军持股612，229，855股，占公司总股本22.07%。截止公告日，王中军共向中信建投证券有限公司质押股份550，879，999股，占公司总股本19.86%，作为第一大股东、公司法人，手里仅剩2.21%的公司股份。
王中磊持股171，681，986股，占据公司总股本6.19%，质押股份142，799，999股，占据公司总股本5.15%，手里仅剩1.04%。
王氏两兄弟疯狂套现，是要贾跃亭的节奏吗？"
4年不减持是因为有限制期 现在一起减 多好,"https://guba.eastmoney.com/news,300027,765913800.html",2018-06-12 07:28:57,4年不减持是因为有限制期 现在一起减 多好
越描越黑，出公告这是要割韭菜的节奏啊！,"https://guba.eastmoney.com/news,300027,765912542.html",2018-06-12 07:09:56,越描越黑，出公告这是要割韭菜的节奏啊！
看今晨吧里的态势，开盘又要跌停[不赞][不赞][不赞],"https://guba.eastmoney.com/news,300027,765912402.html",2018-06-12 07:07:31,看今晨吧里的态势，开盘又要跌停[不赞][不赞][不赞]
想回本就走，结果越亏越多了[滴汗],"https://guba.eastmoney.com/news,300027,765912396.html",2018-06-12 07:07:21,想回本就走，结果越亏越多了
学学乐视，拿真金白银来拉几个涨停！我要出去！！,"https://guba.eastmoney.com/news,300027,765912285.html",2018-06-12 07:05:44,学学乐视，拿真金白银来拉几个涨停！我要出去！！
学学乐视，拿真金白银来拉几个涨停！我要出去！！,"https://guba.eastmoney.com/news,300027,765912285.html",2018-06-12 07:05:44,学学乐视，拿真金白银来拉几个涨停！我要出去！！
惨啊！,"https://guba.eastmoney.com/news,300027,765911873.html",2018-06-12 06:58:12,惨啊！
谁跑得快，谁亏得少！就是赚钱！,"https://guba.eastmoney.com/news,300027,765911754.html",2018-06-12 06:56:59,谁跑得快，谁亏得少！就是赚钱！
跌停很无奈,"https://guba.eastmoney.com/news,300027,765911497.html",2018-06-12 06:51:43,跌停很无奈
给机会走吗？兄弟！,"https://guba.eastmoney.com/news,300027,765910970.html",2018-06-12 06:41:12,给机会走吗？兄弟！
跑路了，怎么办？,"https://guba.eastmoney.com/news,300027,765910495.html",2018-06-12 06:32:19,跑路了，怎么办？
我踩着地雷了，华谊兄弟就是一个连环地雷。,"https://guba.eastmoney.com/news,300027,765910475.html",2018-06-12 06:31:58,我踩着地雷了，华谊兄弟就是一个连环地雷。
解释那么多都是解释，就想轻轻问几句:你们兄弟夹带着难兄难弟股东从华谊兄弟输出了多,"https://guba.eastmoney.com/news,300027,765897786.html",2018-06-12 02:01:38,解释那么多都是解释，就想轻轻问几句:你们兄弟夹带着难兄难弟股东从华谊兄弟输出了多少钱？给投资你们公司的股民分了多少钱？质押后华谊兄弟公司含金量值多少？
第二个乐视网.大家把盘子端好咯.[大笑][大笑][大笑],"https://guba.eastmoney.com/news,300027,765908555.html",2018-06-12 05:57:28,第二个乐视网.大家把盘子端好咯.
贾跃亭说下周回国反正我是信了,"https://guba.eastmoney.com/news,300027,765907676.html",2018-06-12 05:41:04,天天盼
不要跌停，让我走，，，,"https://guba.eastmoney.com/news,300027,765906608.html",2018-06-12 05:14:17,不要跌停，让我走，，，
今日涨停！涨停！涨停！,"https://guba.eastmoney.com/news,300027,765906569.html",2018-06-12 05:12:53,今日涨停！涨停！涨停！
0.6元见,"https://guba.eastmoney.com/news,300027,765905284.html",2018-06-12 04:42:18,0.6元见
戏演得再好，终究是演戏,"https://guba.eastmoney.com/news,300027,765905194.html",2018-06-12 04:40:45,戏演得再好，终究是演戏
这种公司也能上市，乱套了，乱套了,"https://guba.eastmoney.com/news,300027,765903212.html",2018-06-12 03:50:50,这种公司也能上市，乱套了，乱套了
强烈要求二王公布国籍,"https://guba.eastmoney.com/news,300027,765902427.html",2018-06-12 03:31:31,拭目以待
睡不着！跑不了！,"https://guba.eastmoney.com/news,300027,765901915.html",2018-06-12 03:21:12,睡不着！跑不了！
年底前可能跌破3块,"https://guba.eastmoney.com/news,300027,765901476.html",2018-06-12 03:10:11,年底前可能跌破3块
[cp]安娜说，买这只股票的可以哭了，建议用降A或降B调。 [/cp],"https://guba.eastmoney.com/news,300027,765897887.html",2018-06-12 02:03:40,[cp]安娜说，买这只股票的可以哭了，建议用降A或降B调。 [/cp]
公告增持才是出路，你以为我们是傻瓜。,"https://guba.eastmoney.com/news,300027,765898012.html",2018-06-12 02:06:32,公告增持才是出路，你以为我们是傻瓜。
不管真假，已经出现踩踏事件！,"https://guba.eastmoney.com/news,300027,765897998.html",2018-06-12 02:06:18,不管真假，已经出现踩踏事件！
这算是乐视网第二的走势？,"https://guba.eastmoney.com/news,300027,765894275.html",2018-06-12 00:59:47,这算是乐视网第二的走势？
明天要跌停吗,"https://guba.eastmoney.com/news,300027,765893572.html",2018-06-12 00:50:06,明天要跌停吗
有点悬,"https://guba.eastmoney.com/news,300027,765892740.html",2018-06-12 00:37:43,有点悬
跑得快好世界！,"https://guba.eastmoney.com/news,300027,765892465.html",2018-06-12 00:33:55,跑得快好世界！
还好我50万股亏了我百分之18走了，不然现在走又多亏8个点，血亏恨死他们了,"https://guba.eastmoney.com/news,300027,765868817.html",2018-06-11 21:25:55,还好我50万股亏了我百分之18走了，不然现在走又多亏8个点，血亏恨死他们了
投资的纪律，远离问题股,"https://guba.eastmoney.com/news,300027,765891809.html",2018-06-12 00:25:54,投资的纪律，远离问题股
怎么一些贴子打开就不存在了?,"https://guba.eastmoney.com/news,300027,765890770.html",2018-06-12 00:12:45,怎么一些贴子打开就不存在了?
天大骗局，小心，,"https://guba.eastmoney.com/news,300027,765891632.html",2018-06-12 00:23:19,天大骗局，小心，
质押 到强平线 没股票补充质押物  被强平  质押出来的钱不用还,"https://guba.eastmoney.com/news,300027,765891477.html",2018-06-12 00:21:05,就这么简单
一连串的突发消息使得各路神仙还没跑完，目前仍然是硬抗着慢慢出货中。现在若是砸跌停,"https://guba.eastmoney.com/news,300027,765890763.html",2018-06-12 00:12:37,一连串的突发消息使得各路神仙还没跑完，目前仍然是硬抗着慢慢出货中。现在若是砸跌停更是出不了货。现在可以肯定是留下来的不是赌徒就是深套的可怜人。
利空大雪球滚起来！股价奔向无底洞[摊手],"https://guba.eastmoney.com/news,300027,765890116.html",2018-06-12 00:05:05,利空大雪球滚起来！股价奔向无底洞
华谊兄弟:2018年6月12日投资者关系活动记录表,"https://guba.eastmoney.com/news,300027,766140700.html",2018-06-12 00:00:00,"证券代码： 300027 证券简称：华谊兄弟
华谊兄弟传媒股份有限公司投资者关系活动记录表
编号： 2018-002
投资者关系活
动类别
√特定对象调研 分析师会议
媒体采访 业绩说明会
新闻发布会 路演活动
现场参观
其他
参与单位及人
员
中金公司印培
中金公司 王婧人
国金证券吴午
华泰证券周钊
国都证券 魏金剑
天风证券王博华
天风证券 张爽
中冀投资 魏万炜
恒基伟业 曾吉庆
新时代证券 姚轩杰
宜庆投资 王战勇
安信证券 王中骁
华安资管 祁昊龙
华安资管 王倩
时间 2018 年 6 月 12 日
地点 公司会议室
上市公司接待
人员 公司副总经理、董事会秘书高辉先生
一、 介绍公司近期情况
公司运营一切正常，业务发展进展顺利。
投资者关系活
动主要内容介
绍
投资者关系活
动主要内容介
绍
1、 电影业务方面： 华谊兄弟电影业务继续加大内容生产力度，
《狄仁杰之四大天王》 目前定档 7 月 27 日上映， 管虎导演的战争
新片《八佰》 已杀青，《死亡循环》《阴阳师》 在筹备开机。此外，
华影天下也发布了 2018 年片单， 主要包括徐克导演携手陈国富监
制的《狄仁杰之四大天王》， 吕乐执导、 冯小刚监制，并由姚晨和
马伊琍两位实力派演员主演的催泪情感电影《找到你》， 冯小刚执
导、 刘震云编剧的《手机 2》， 由非行导演打造，根据天下霸唱的
鬼吹灯系列小说改编的电影《云南虫谷》， 以及贾樟柯导演的《江
湖儿女》。
2、 国际化方面： 公司与美国 STX 公司的合作项目仍在稳步
实施，合作影片陆续上映，其中《茉莉的牌局》荣获第 90 届奥斯
卡最佳改编剧本提名。 公司和罗素兄弟合资成立的合资公司也有
多个项目同步开发， 今年 9 月份预计将会有第一部电影发行。 公
司还拿到了今年戛纳电影节备受瞩目项目《 355》在大中华地区的
独家权利。 随着这些影视作品的陆续制作与推出， 公司在全球电
影市场的话语权也将得到进一步的提高。
3、 电视剧及网剧网大业务方面： 公司已成立了“华谊兄弟电
视数字娱乐事业部”，由总裁王忠磊亲自挂帅任负责人，这个事业
部将公司涉及电视剧制作的子公司聚集起来进行资源整合，进一
步拓展电视剧、网剧网大等业务规模。 2018 年预计参与的项目主
要包括《古董局中局》、《火王》、《谋杀记忆》、《超能太监 3》、《喜
欢你时风好甜》、《食味记》等。
4、 品牌授权与实景娱乐业务方面： 华谊兄弟电影世界（苏州）、
华谊兄弟长沙电影小镇、华谊兄弟南京电影小镇和建业华谊兄弟
电影小镇（郑州）预计将于 2018 年陆续开业。 公司的实景娱乐业
务将正式进入开疆拓土与守业运营双线并行的发展阶段。
二、问答环节
提问 1： 华谊兄弟如何看待公司目前的商誉水平？ 公司计划
如何应对未来的商誉减值风险？
回答： 控制在正常比例内的商誉对公司整体经营并无不良影
响，而且代表了企业做大做强的主观意愿。
商誉并不意味着绝对的风险，以华谊兄弟并购银汉科技为例，
经过对银汉科技主营业务的成功孵化助力其进一步资本化，华谊
兄弟获得可观利润回报，并仍保有银汉 25%股权，有机会分享银
汉未来资本化的更大收益。再如华谊兄弟成功孵化的控股公司“新
圣堂”，不仅成功打造出爱情喜剧系列 IP “前任系列”、创下累
计票房 23.21 亿的纪录，同时在网剧端也以《花间提壶方大厨》
取得品质口碑和市场表现双高的优异表现。在华谊兄弟的大娱乐
生态和优质内容基因的孵化下，被并购公司可实现核心竞争力和
盈利能力的高质量提升，拥有更大的发展空间和增值能力。
提问 2： 有声音质疑公司并购东阳美拉和东阳浩瀚的估值标
准和合理性，公司怎么看待？ 通过资本绑定导演和明星的合作方
式现在看是成功的吗？
回答： 东阳浩瀚和东阳美拉业绩承诺完成率极高。东阳美拉
在顺利完成业绩承诺的同时，奉献出了《芳华》这样票房与口碑
双丰收的爆款作品，也参与了多部影视剧；东阳浩瀚在综艺领域
有充足的项目储备，比如《奔跑吧》第二季、《王牌对王牌》第三
季、《约吧大明星》第三季、《年味有 FUN》第三季等综艺项目；
电视剧《好久不见》已经顺利播出贡献收入，网剧《胭脂债》、《喵
喵汪汪有妖怪》等也在正常推进中。 两家公司各具特质，既是对
华谊兄弟内容版图的扩充和完善，也为公司做出了稳定的业绩贡
献。
如今娱乐产业已进入“明星驱动 IP”的时代，华谊兄弟围绕
明星所展开的 IP 发掘、制作、流转和价值最大化的布局也已经得
到了市场印证。在过去的 20 多年中，冯小刚导演和华谊兄弟一起
创造了多部深入人心的电影佳作，赢得了亿万观众的关注，可以
说冯小刚本身就是 IP 级的导演。很多文学作品通过冯导的转化，
成为脍炙人口的大片，比如《芳华》、《我不是潘金莲》、《天下无
贼》、《手机》、《集结号》、《非诚勿扰》系列、《唐山大地震》、《一
九四二》等等；而很多参演冯小刚电影的演员，也迅速跃升为当
红明星；而随着位于海口的华谊冯小刚电影公社 2014 年开街，冯
导的电影世界也已经被转化为实景娱乐项目，带给影迷们身临其
境的体验。作为一线大导，冯小刚创造和转化 IP 的能力和价值已
得到印证。
提问 3：《手机 2》遭遇舆论风波，东阳美拉 2018 年是否还能
完成业绩对赌？
回答： 目前《手机 2》在拍摄中。与此同时，东阳美拉也参
与到多个影视剧项目的制作中；并在不断培养年轻导演，签下部
分艺人经纪合约，多元化发展前景良好。
提问 4： 能否说一下大股东股权质押的情况？
回答： 股权质押不是抛售股票， 忠军总和忠磊总自 2014 年至
今没有减持过公司股份，而且自 2015 年以来累计增持金额合计约
6.4 亿元。股权质押是目前市场上常见的筹资形态， 不代表不看
好华谊未来，也不会影响华谊兄弟的正常经营。 两位老板一直关
注各个行业的创新发展，也希望这些领域可以与上市公司有更好
的联动，促进华谊兄弟的整体发展。他们股权质押的资金用途，
主要用于项目投资及股权投资，为引领行业发展注入新的活力。
附件清单（如
有） 无
记录日期 2018 年 6 月 12 日

[点击查看PDF原文]
展开阅读全文"
不怕明跌停，怕二王跑了！快措施！,"https://guba.eastmoney.com/news,300027,765889382.html",2018-06-11 23:57:53,不怕明跌停，怕二王跑了！快措施！
比乐视网还差的是，乐视起码还有概念可以炒作，资金会进去，玩输玩赢是另一码事，华谊,"https://guba.eastmoney.com/news,300027,765888911.html",2018-06-11 23:53:30,比乐视网还差的是，乐视起码还有概念可以炒作，资金会进去，玩输玩赢是另一码事，华谊，我真看不出有资金会进来博弈
有人在偷偷减持,"https://guba.eastmoney.com/news,300027,765888767.html",2018-06-11 23:52:06,有人在偷偷减持
当喷子的意义何在？有时间研究一下能不能挣钱。平均7元左右进了2万股，先看看了，跌,"https://guba.eastmoney.com/news,300027,765888753.html",2018-06-11 23:51:56,当喷子的意义何在？有时间研究一下能不能挣钱。平均7元左右进了2万股，先看看了，跌10%割肉。
三个地板起步，明早上跑掉的就是行大运。 还有人说是部分人希望大跌想抄底，三千多只,"https://guba.eastmoney.com/news,300027,765888362.html",2018-06-11 23:48:08,"三个地板起步，明早上跑掉的就是行大运。
还有人说是部分人希望大跌想抄底，三千多只票，来抄这种底，不要自欺欺人？
这么多问题都撞枪口，死倒不至于，至少得脱层皮。墙倒众人推。"
惨了！,"https://guba.eastmoney.com/news,300027,765887968.html",2018-06-11 23:44:37,惨了！
跌到5元，会不会爆仓阿？？明天继续大跌,"https://guba.eastmoney.com/news,300027,765886874.html",2018-06-11 23:35:14,跌到5元，会不会爆仓阿？？明天继续大跌
董事长出来说话。明天反弹。,"https://guba.eastmoney.com/news,300027,765887631.html",2018-06-11 23:41:41,董事长出来说话。明天反弹。
此股3元都不要，股东几角买的现价都翻了几十倍了不套现不傻子吗？谁赔谁知道。,"https://guba.eastmoney.com/news,300027,765887174.html",2018-06-11 23:37:42,此股3元都不要，股东几角买的现价都翻了几十倍了不套现不傻子吗？谁赔谁知道。
明天估计跌停,"https://guba.eastmoney.com/news,300027,765887026.html",2018-06-11 23:36:28,明天估计跌停
都特么不是什么好鸟,"https://guba.eastmoney.com/news,300027,765886783.html",2018-06-11 23:34:25,套了的想接盘侠来拉，涨了好跑！想抄底的巴不得继续跌，更低价来抄底。都是坏人。
乐视股价等着你，下去作伴吧[大笑],"https://guba.eastmoney.com/news,300027,765886230.html",2018-06-11 23:30:03,乐视股价等着你，下去作伴吧
这周华谊兄弟有好戏看，几个地板后开始爆仓,"https://guba.eastmoney.com/news,300027,765886212.html",2018-06-11 23:29:58,这周华谊兄弟有好戏看，几个地板后开始爆仓
屏蔽发言？,"https://guba.eastmoney.com/news,300027,765886047.html",2018-06-11 23:28:42,屏蔽发言？
又是一个乐视网，骗子骗子骗子,"https://guba.eastmoney.com/news,300027,765885880.html",2018-06-11 23:27:25,又是一个乐视网，骗子骗子骗子
山雨欲来风满楼  君子不立围墙之下,"https://guba.eastmoney.com/news,300027,765885382.html",2018-06-11 23:23:57,36计走位上！
为什么别的股不澄清？华谊怎么了？一个冯导能支撑住吗？,"https://guba.eastmoney.com/news,300027,765885184.html",2018-06-11 23:22:19,为什么别的股不澄清？华谊怎么了？一个冯导能支撑住吗？
只能呵呵了,"https://guba.eastmoney.com/news,300027,765884240.html",2018-06-11 23:14:41,只能呵呵了
8.21号解禁的2.91亿股，是之前24.7增发的。 中途有个10送10。 那成,"https://guba.eastmoney.com/news,300027,765884069.html",2018-06-11 23:13:31,"8.21号解禁的2.91亿股，是之前24.7增发的。
中途有个10送10。
那成本还在12.3左右。 亏大发了。。。
看他们要不要拉回成本。"
一直持有华谊4年多，真的很累。以华谊现在面临的问题，真的不敢对股价有太多期望了，,"https://guba.eastmoney.com/news,300027,765871214.html",2018-06-11 21:41:38,一直持有华谊4年多，真的很累。以华谊现在面临的问题，真的不敢对股价有太多期望了，现在唯一希望的就是二王真的质押跑路，蚂蚁金服借壳上市……
有问题还进去，怪不得别人，这次事不了了之，希望就没了,"https://guba.eastmoney.com/news,300027,764920200.html",2018-06-06 21:40:23,有问题还进去，怪不得别人，这次事不了了之，希望就没了
华谊垃圾，合理股价3.50元,"https://guba.eastmoney.com/news,300027,764411713.html",2018-06-04 19:58:20,哇，要跌八九个停板才能到。
一天拍一部，拍一辈子电影，也挣不了这么多钱，傻子才不套现！散户把他当兄弟，人家把,"https://guba.eastmoney.com/news,300027,765881839.html",2018-06-11 22:56:41,一天拍一部，拍一辈子电影，也挣不了这么多钱，傻子才不套现！散户把他当兄弟，人家把你当韭菜，当傻逼！[允悲]
华谊兄弟：王忠军王忠磊并非忽然质押 2014年至今未减持,"https://guba.eastmoney.com/news,300027,765862911.html",2018-06-11 20:43:37,"来源：证券时报
　　华谊兄弟(300027)6月11日晚间公告称，近日，公司注意到有媒体刊登了《华谊兄弟忽然质押几乎全部股权疯狂套现》、《华谊兄弟忽然质押几乎全部股权，好戏还在后头！》《突发！华谊兄弟忽然质押几乎全部股权，疯狂套现！》《华谊兄弟质押全部身家给中信建设投资是在转移资金吗》的相关报道。


　　为避免投资者对市场传闻形成误读，公司对有关媒体报道的内容进行了认真核实，现将有关情况澄清说明如下：


　　1。报道称“华谊兄弟忽然质押几乎全部股权”， 经核实，王忠军于2011年4月18日开始，陆续进行将所持有的部分股份质押，王忠磊自2012年4月10日开始，陆续进行将所持有的部分股份质押；并通知公司进行了相应的信息披露。


　　2。报道称“华谊兄弟质押全部身家给中信建设投资”，“截止6月6日，王忠军共向中信建投证券有限公司质押股份550,879,999股”。经核实，截至2018年6月6日，王忠军向中信建投证券有限公司累计质押股份合计205,749,999股，占其持股总数量的33.61%。


　　3。经核实，王忠军、王忠磊自2014年至今未减持过公司股份，不存在抛售所持公司股份套现的行为。2015年11月24日至今，王忠军、王忠磊先生累计增持金额合计约6.4亿元。


　　股权质押是目前市场上常见的筹资形态，不代表王忠军、王忠磊先生不看好公司未来，也不会影响公司的正常经营。王忠军、王忠磊先生一直关注各个行业的创新发展，也希望这些领域可以与公司有更好的联动，促进公司的整体发展。王忠军、王忠磊先生股权质押的资金用途，主要用于项目投资及股权投资。
（来源：证券时报 2018-06-11 20:42）[点击查看原文]"
爱奇艺和云峰基金投资3亿元入股华谊浩瀚，占股6%，是否属实？,"https://guba.eastmoney.com/news,300027,765789487.html",2018-06-11 14:16:00,"爱奇艺和云峰基金投资3亿元入股华谊浩瀚，占股6%，是否属实？
华谊兄弟
华谊兄弟：2017年，北京爱奇艺科技有限公司、上海云锋新呈投资中心（有限合伙）向浙江东阳浩瀚影视娱乐有限公司共计增加投资3亿元，合计取得浙江东阳浩瀚影视娱乐有限公司6%的股权。2017年9月8日，浙江东阳浩瀚影视娱乐有限公司办理完毕该增资事项的工商变更登记，浙江东阳浩瀚影视娱乐有限公司增资完毕后，公司仍持有浙江东阳浩瀚影视娱乐有限公司65.8%的股权。感谢您的关注！
(来自深交所互动易)答复时间 2018-06-11 14:16:00"
谁不卖继续深套谁,"https://guba.eastmoney.com/news,300027,765880950.html",2018-06-11 22:50:22,谁不卖继续深套谁
正义,"https://guba.eastmoney.com/news,300027,765880462.html",2018-06-11 22:46:39,正义可能会迟到，但一定不会缺席！
华谊兄弟传媒股份有限公司澄清公告,"https://guba.eastmoney.com/news,300027,765880297.html",2018-06-11 22:45:12,"证券代码：300027 证券简称：华谊兄弟公告编号：2018-050

　　华谊兄弟传媒股份有限公司

　　澄清公告



　　本公司及其董事会全体成员保证公告内容真实、准确和完整，没有虚假记载、误导性陈述或重大遗漏。




　　一、 传闻情况

　　近日，华谊兄弟传媒股份有限公司（以下简称“公司”）注意到有媒体刊登了《华谊兄弟忽然质押几乎全部股权疯狂套现》、《华谊兄弟忽然质押几乎全部股权，好戏还在后头！》《突发！华谊兄弟忽然质押几乎全部股权，疯狂套现！》《华谊兄弟质押全部身家给中信建设投资是在转移资金吗》的相关报道。

　　二、澄清说明

　　为避免投资者对市场传闻形成误读，公司对有关媒体报道的内容进行了认真核实，现将有关情况澄清说明如下：

　　1. 报道称“华谊兄弟忽然质押几乎全部股权”，经核实，王忠军于2011年4月18日开始，陆续进行将所持有的部分股份质押，王忠磊自2012年4月10日开始，陆续进行将所持有的部分股份质押；并通知公司进行了相应的信息披露。

　　2. 报道称“华谊兄弟质押全部身家给中信建设投资”，“截止6月6日，王忠军共向中信建投证券有限公司质押股份550,879,999股”。经核实，截至2018年6月6日，王忠军向中信建投证券有限公司累计质押股份合计205,749,999股，占其持股总数量的33.61%。

　　3. 经核实，王忠军、王忠磊自2014年至今未减持过公司股份，不存在抛售所持公司股份套现的行为。2015年11月24日至今，王忠军、王忠磊先生累计增持金额合计约6.4亿元。

　　股权质押是目前市场上常见的筹资形态，不代表王忠军、王忠磊先生不看好公司未来，也不会影响公司的正常经营。王忠军、王忠磊先生一直关注各个行业的创新发展，也希望这些领域可以与公司有更好的联动，促进公司的整体发展。王忠军、王忠磊先生股权质押的资金用途，主要用于项目投资及股权投资。

　　4. 提醒广大投资者对上述报道中的不实信息不要误信、误传。公司将保留对发布错误信息者追究法律责任的权利。

　　三、必要提示

　　公司郑重提醒广大投资者，中国证监会指定的创业板信息披露网站巨潮资讯网（www.cninfo.com.cn）、《中国证券报》、《证券时报》、《证券日报》、《上海证券报》为公司指定的信息披露媒体，公司所有信息均以在上述指定媒体刊登的信息为准。敬请广大投资者理性投资，注意风险。

　　特此公告。

　　华谊兄弟传媒股份有限公司董事会

　　二O一八年六月十一日
展开阅读全文"
王氏兄弟的手法,"https://guba.eastmoney.com/news,300027,765880273.html",2018-06-11 22:45:03,大家注意他们说没有坚持2014年以后 但是在2013 他们坚持了3000多万股价格33元附近，他们说增持了公司股票其实和贾跃亭说借给自己公司前如出一辙！ 还有一条他们比贾跃亭更狠，为什么说 大家知道影视娱乐公司是属于轻资产上市公司，根本没啥实物资产。不像工厂企业还有设备地皮。 所以说这样的公司质押7层就等同于跑路！ 不服来辩！
只能说老板们在股市越来越难明目张胆地骗了。,"https://guba.eastmoney.com/news,300027,765880204.html",2018-06-11 22:44:25,只能说老板们在股市越来越难明目张胆地骗了。
明天给跑的机会不？！,"https://guba.eastmoney.com/news,300027,765876319.html",2018-06-11 22:17:53,明天给跑的机会不？！
都质押了还抛售个毛线，当股民傻子啊，和贾一个套路,"https://guba.eastmoney.com/news,300027,765876052.html",2018-06-11 22:16:04,都质押了还抛售个毛线，当股民傻子啊，和贾一个套路
目标价2元,"https://guba.eastmoney.com/news,300027,765877490.html",2018-06-11 22:24:48,目标价2元
越描越黑，明天机构抢先跑！下降趋势别作对,"https://guba.eastmoney.com/news,300027,765880118.html",2018-06-11 22:43:47,越描越黑，明天机构抢先跑！下降趋势别作对
听我一句话，人生的成功就是在关键的时候敢于做出大的决定，梭哈！,"https://guba.eastmoney.com/news,300027,765880084.html",2018-06-11 22:43:35,听我一句话，人生的成功就是在关键的时候敢于做出大的决定，梭哈！
韭菜亏损的主要原因就是不止损.,"https://guba.eastmoney.com/news,300027,765879966.html",2018-06-11 22:42:38,到了今天了还寄希望于回来本钱.少亏损就是你的本钱.
明天开始连续拉两个涨停，我就清仓不玩了认亏出局。买了这个垃圾股现在亏损百分之60,"https://guba.eastmoney.com/news,300027,765879666.html",2018-06-11 22:40:29,明天开始连续拉两个涨停，我就清仓不玩了认亏出局。买了这个垃圾股现在亏损百分之60……
绝望了吧？天真的股民还相信所谓的质押，股东就跑不了，这些王8断把想着法把公司上市，发些这消息那消息推高股价，然还把股份质押给银行,"https://guba.eastmoney.com/news,300027,765879504.html",2018-06-11 22:39:15,天真的股民还相信所谓的质押，股东就跑不了，这些王8断把想着法把公司上市，发些这消息那消息推高股价，然还把股份质押给银行，天真的股民还认为这下这些股东就跑不脱了，不然股价下跌30%银行就有权拍卖股份，哈哈笑死人了，人家钱早就到手了，公司管特么谁的，爱咋咋的，悲哀啊
大量质押是从5月29日开始，两个兄弟一定会在近期跑掉，拭目以待。,"https://guba.eastmoney.com/news,300027,765874297.html",2018-06-11 22:03:37,大量质押是从5月29日开始，两个兄弟一定会在近期跑掉，拭目以待。
明天跌停我就不做空了！给散户逃跑的机会！阿弥陀佛！,"https://guba.eastmoney.com/news,300027,765879018.html",2018-06-11 22:35:30,明天跌停我就不做空了！给散户逃跑的机会！阿弥陀佛！
华谊的小散赶紧逃吧,"https://guba.eastmoney.com/news,300027,765878835.html",2018-06-11 22:34:17,无论是消息面还是技术面，该股已经是到了悬崖边缘了，趁现在公司还在尽力维稳，能出来就赶紧出来。本人判断时间无多了，但愿明天还有给你们跑的机会。
不立危墙之下 跑,"https://guba.eastmoney.com/news,300027,765878704.html",2018-06-11 22:33:23,不立危墙之下 跑
完了完了，法克,"https://guba.eastmoney.com/news,300027,765878531.html",2018-06-11 22:32:11,完了完了，法克
高价收购，再吃回扣，都是套路,"https://guba.eastmoney.com/news,300027,765878505.html",2018-06-11 22:31:53,高价收购，再吃回扣，都是套路
二王急了，明日大跌。 三元可期，断漄下跌。,"https://guba.eastmoney.com/news,300027,765878228.html",2018-06-11 22:29:55,"二王急了，明日大跌。
三元可期，断漄下跌。"
散户不要在天真了！大股东都没有心经营这家公司了！能跑多快，就跑多快吧。,"https://guba.eastmoney.com/news,300027,765878192.html",2018-06-11 22:29:38,散户不要在天真了！大股东都没有心经营这家公司了！能跑多快，就跑多快吧。
套路啊，法克,"https://guba.eastmoney.com/news,300027,765877830.html",2018-06-11 22:27:03,套路啊，法克
