标题,链接,发布时间,内容
有可能再次,"https://guba.eastmoney.com/news,300084,732023474.html",2017-11-26 21:03:03,有可能再次
请问董秘,"https://guba.eastmoney.com/news,300084,732003653.html",2017-11-26 18:44:49,公司股价如此喋喋不休这么多日、实属市场罕见、而公司采取了什么措施？难道要让股民失望的看到变身ST？公司有何打算？还能力挽狂澜吗？请直接回答。
海默科技有望成可燃冰新龙头,"https://guba.eastmoney.com/news,300084,645251481.html",2017-05-22 13:15:03,买
对于市场整,"https://guba.eastmoney.com/news,300084,731976672.html",2017-11-26 16:01:30,对于市场整
目前东神雾,"https://guba.eastmoney.com/news,300084,731973450.html",2017-11-26 15:37:04,目前东神雾
进入下半年,"https://guba.eastmoney.com/news,300084,731964599.html",2017-11-26 14:11:25,进入下半年
海默科技:关于使用闲置募集资金购买保本理财产品的公告,"https://guba.eastmoney.com/news,300084,731398784.html",2017-11-23 17:54:41,"公告日期：2017-11-24
证券代码：300084 证券简称：海默科技 公告编号：2017-084



海默科技(集团)股份有限公司



关于使用闲置募集资金购买保本理财产品的公告本公司及董事会全体成员保证信息披露的内容真实、准确、完整，没有虚假记载、误导性陈述或重大遗漏。



海默科技（集团）股份有限公司（以下简称“公司”）于2017年9月20



日召开的第五届董事会第三十四次会议、第五届监事会第十六次会议审议通过了《关于继续授权公司管理层使用闲置募集资金购买保本理财产品的议案》，同意继续授权公司管理层使用额度不超过35,000万元的闲置募集资金购买安全性高、流动性好、有保本约定的理财产品，期限不超过12个月。在上述额度内和期限内，资金可以滚动使用。公司全体独立董事对该议案发表了同意的独立意见，保荐机构国金证券股份有限公司对该议案发表了专项核查意见。具体内容见公司于2017年9月21日在巨潮资讯网（www.cninfo.com.cn）发布的相关公告。



公司与招商银行股份有限公司兰州城南支行（以下简称“招商银行”）签订公司理财产品购买协议，使用闲置募集资金人民币 15,000 万元购买招商银行CLZ00041理财产品。现将相关事项公告如下：



一、本次购买理财产品的主要情况



1、产品名称：CLZ00041



2、产品类型：保本浮动收益型



3、理财金额：15,000万元



4、预期净收益率：1.25%-3.50%/年



5、本金及收益保证：本理财产品为保本浮动收益型理财产品，招商银行确保客户产品收益，在投资兑付日，招商银行将按协议约定及客户持有的理财产品金额支付对应的产品本金及收益（即到期支付款项）至客户指定账户。



6、产品起息日：2017年11月21日



7、产品到期日：2018年01月22日



8、产品期限：62天



9、投资范围/挂钩标的：浮动利率与黄金价格水平挂钩，浮动利率根据所挂钩的黄金价格表现来确定。



10、还本付息：投资到期日当日兑付本金及收益。如遇节假日则顺延至下一工作日，同时投资期限也相应延长。



11、资金来源：闲置募集资金



12、关联关系说明：公司与招商银行股份有限公司无关联关系。



二、风险揭示



公司本次购买的理财产品虽然为保本保收益型，但仍不能排除由于受国家宏观政策、市场波动、不可抗力风险以及相关法律法规发生变化，影响理财产品的投资、兑付等行为的正常进行，进而导致本次购买的理财产品不能获得产品收益，甚至不能获得本金回收。



三、风险控制措施



针对投资风险，公司拟采取措施如下：



1、公司财务部及审计部将及时分析和跟踪理财产品的投向、项目进展情况，一旦发现或判断有不利因素，将及时采取相应的保全措施，控制投资风险。



2、独立董事、监事会、保荐机构有权对上述闲置募集资金使用情况进行监督与检查，必要时可以聘请专业机构进行审计。



3、公司将依据深圳证券交易所的相关规定，在相关定期报告中披露报告期内理财产品的购买以及相应的损益情况。



四、对公司的影响



公司通过对闲置募集资金进行适当的现金管理，有利于提高募集资金的使用效率，获取一定的投资收益，促进公司整体的业绩提升，促使实现公司和股东利益的最大化。公司严格遵守相关法律法规、规范性文件、部门规章等规定，合理规划，谨慎投资，防控风险，在正常经营和资金安全的前提下，使用闲置募集资金购买保证收益型理财产品，不会影响募集资金投资计划的正常进行。



五、本公告日前十二个月内，公司购买理财产品情况



序 产品 发行 投资金 资金 投资期限 产品 预期年



号 名称 主体 额（万 来源 类型 化收益 取得的收益



元） 起息日 到期日 率



招商银



行股份 闲置 保本



1 CLZ00041 有限公 15,000 募集 2017/11 2018/1/ 浮动 ……
[点击查看PDF原文]
提示：本网不保证其真实性和客观性，一切有关该股的有效信息，以交易所的公告为准，敬请投资者注意风险。
展开阅读全文"
原来尾盘突拉到7.37是为了盘后按这个价大宗交易减持,"https://guba.eastmoney.com/news,300084,731785101.html",2017-11-24 20:55:16,这个位置了还在减持，这得有多不看好这票啊
俗话说瘦死,"https://guba.eastmoney.com/news,300084,731738750.html",2017-11-24 17:26:01,俗话说瘦死
今晚有几个,"https://guba.eastmoney.com/news,300084,731727430.html",2017-11-24 16:46:11,今晚有几个
现在割肉无异于自杀,"https://guba.eastmoney.com/news,300084,731591957.html",2017-11-24 11:11:32,半个月跌幅30%，盘子小，有题材，有现金，有科技含量的股票。
7.24买了，跌无可跌了，明拉升就走,"https://guba.eastmoney.com/news,300084,731567492.html",2017-11-24 10:26:12,7.24买了，跌无可跌了，明拉升就走
固定动作哈，拉尾盘,"https://guba.eastmoney.com/news,300084,731692270.html",2017-11-24 15:05:31,拉了多少第二天就低开多少嘿嘿
一网打尽 嘿嘿,"https://guba.eastmoney.com/news,300084,731689395.html",2017-11-24 15:00:27,可以的
硬砸,"https://guba.eastmoney.com/news,300084,731681273.html",2017-11-24 14:47:53,硬砸
有一个实事：公司手握巨额现金,"https://guba.eastmoney.com/news,300084,731477998.html",2017-11-23 23:37:32,经常放账理财，你们怎么看？
对面的女嘉宾，你还在不在,"https://guba.eastmoney.com/news,300084,731656038.html",2017-11-24 14:06:00,估计你还在
3元不是梦,"https://guba.eastmoney.com/news,300084,731653984.html",2017-11-24 14:02:09,3元不是梦
嘿嘿 出得好 舒服,"https://guba.eastmoney.com/news,300084,729325425.html",2017-11-17 10:20:42,哈哈
庄家就看出大家以为他的股票有题材，所以吃定了小散户[傲],"https://guba.eastmoney.com/news,300084,731626548.html",2017-11-24 13:08:08,庄家就看出大家以为他的股票有题材，所以吃定了小散户
垃圾之王，狗公司,"https://guba.eastmoney.com/news,300084,731643270.html",2017-11-24 13:42:25,垃圾之王，狗公司
绿了11天了,"https://guba.eastmoney.com/news,300084,731623099.html",2017-11-24 12:54:16,绿了11天了
这支股票不健康，股民们出吧，20个连跌你能吃的消吗[亏大了],"https://guba.eastmoney.com/news,300084,731589534.html",2017-11-24 11:07:03,这支股票不健康，股民们出吧，20个连跌你能吃的消吗
11连阴，庄家也是付出了带血的筹码了,"https://guba.eastmoney.com/news,300084,731577961.html",2017-11-24 10:45:10,11连阴，庄家也是付出了带血的筹码了
真牛，连跌这么多天,"https://guba.eastmoney.com/news,300084,731573821.html",2017-11-24 10:38:00,真牛，连跌这么多天
坐等破7艹底,"https://guba.eastmoney.com/news,300084,731174696.html",2017-11-23 09:32:06,坐等破7艹底
连跌10天，比较罕见，庄家成功了,"https://guba.eastmoney.com/news,300084,731335689.html",2017-11-23 15:00:35,连跌10天，比较罕见，庄家成功了
董秘，您好！谢谢您对所提的问题及时作出了回复，正如您回复中提到：李建国先生减持是,"https://guba.eastmoney.com/news,300084,732107394.html",2017-11-27 10:23:00,【问】董秘，您好！谢谢您对所提的问题及时作出了回复，正如您回复中提到：李建国先生减持是在业绩预增公告出来之后与业绩修正公告发布之前这期间。我们投资者才会质疑事先知道业绩修正才进行减持，如果是修正公告之后减持，我们也无法可说，毕竟是符合当时的高管减持规定！这也是当时制度的漏洞，证监会才会对高管减持重新做出规定！希望一家公司的高管对广大投资者又有一颗感恩的心，不要只会索取，不懂回报！多做有益于股价稳定的事！ 【答】海默科技：您好，感谢您的理解，我们会一如既往的努力做好经营，回报股东，谢谢！¶¶2017-11-27 10:23:00 §
请问，刚解禁的6000万股如果持有该股份的大股东需要套现，是否要先提交减持申请并,"https://guba.eastmoney.com/news,300084,701305599.html",2017-09-08 10:48:00,【问】请问，刚解禁的6000万股如果持有该股份的大股东需要套现，是否要先提交减持申请并公告？ 【答】海默科技：您好，不需要，谢谢！¶¶2017-09-08 10:48:00 §
7.3元全部买入。在跌我没钱补了,"https://guba.eastmoney.com/news,300084,731363360.html",2017-11-23 15:59:41,7.3元全部买入。在跌我没钱补了
随你怎么折腾，别想拿走我的一分筹码,"https://guba.eastmoney.com/news,300084,731347311.html",2017-11-23 15:20:34,随你怎么折腾，别想拿走我的一分筹码
尾盘有人做善事,"https://guba.eastmoney.com/news,300084,731343047.html",2017-11-23 15:12:02,哈哈！
qiang抢 嘿嘿,"https://guba.eastmoney.com/news,300084,731334315.html",2017-11-23 14:58:40,哈哈
割肉的孙子，且割且珍惜,"https://guba.eastmoney.com/news,300084,731275906.html",2017-11-23 13:20:33,割肉的孙子，且割且珍惜
董秘，您好！公司做出的澄清报告中指出业绩修正李建国并不知情一说，我觉得也太牵强了,"https://guba.eastmoney.com/news,300084,731410358.html",2017-11-23 18:03:00,【问】董秘，您好！公司做出的澄清报告中指出业绩修正李建国并不知情一说，我觉得也太牵强了一点，李建国做为公司高管，纵然不负责财务这块，难道业绩这么大幅度变动，公司内部高层会上都不要要通报吗？难道说李建国在预增公告到修正公告间进行减持，与后面的股价大幅下泻没有任何关联吗？请正视问题，勇敢回答！ 【答】海默科技：您好，公司2016年年度业绩快报的修正是在年报审计过程中，发现修正事项后，会计师提出的意见，经过公司和会计师的沟通，公司认为确实需要进行修正，而后发布了修正公告，而且会计师发现问题到公司发布业绩修正公告均在公司董事、高管李建国先生减持股票之后，不存在李建国先生知情的情形和可能，谢谢！¶¶2017-11-23 18:03:00 §
瘟了几年啦！什么科技股哦？,"https://guba.eastmoney.com/news,300084,731074102.html",2017-11-22 20:24:54,这股就是边缘化的股票，死不了，活不好。
雄安开始铺水泥路了,"https://guba.eastmoney.com/news,300084,731194243.html",2017-11-23 10:06:43,雄安开始铺水泥路了
如果股价近期下挫了% u,"https://guba.eastmoney.com/news,300084,692091624.html",2017-08-12 18:06:51,如果股价近期下挫了% u
今天本来想涨停板买进，可海默就没那个命！如果今天幅高开我都会.追进，好在劲价时没,"https://guba.eastmoney.com/news,300084,711400494.html",2017-09-29 10:19:33,今天本来想涨停板买进，可海默就没那个命！如果今天幅高开我都会.追进，好在劲价时没高开。
解释即有问题！娶不早涨停了！,"https://guba.eastmoney.com/news,300084,730941909.html",2017-11-22 14:06:42,解释即有问题！娶不早涨停了！
海默科技:关于控股股东进行股票质押式回购交易的公告,"https://guba.eastmoney.com/news,300084,731046716.html",2017-11-22 18:54:03,"公告日期：2017-11-23
证券代码：300084 证券简称：海默科技 公告编号：2017—083



海默科技（集团）股份有限公司



关于控股股东进行股票质押式回购交易的公告



本公司及董事会全体成员保证信息披露的内容真实、准确、完整，没有虚假记载、误导性陈述或重大遗漏。



海默科技（集团）股份有限公司（以下简称“公司”）近日接到公司控股股东窦剑文先生将其持有的本公司部分股份进行股票质押式回购交易的通知，具体事项如下：



一、股东进行股票质押式回购交易的基本情况



本次股票质押式回购交易的明细：



股东 是否为第一 质押 股份 初始交 购回交 本次质押



名称 大股东及一 股数 性质 易日 易日 质权人 占其所持 用途



致行动人 股份比例



130万 无限 2017年 2018年 招商证券 个人



窦剑文 是 股 售流 11月14 10月30 股份有限 1.89% 资金



通股 日 日 公司 需要



质押期间该部分股份予以冻结不能转让，上述质押已在招商证券股份有限公司和中国证券登记结算有限责任公司深圳分公司办理了相关手续。本次股票质押式回购交易不影响窦剑文先生对公司的实际控制权。



二、控股股东所持股份累计质押情况



截至本公告日，窦剑文先生直接持有本公司股份68,736,810股，占公司总股本的17.86%。本次质押后，窦剑文先生累计质押其持有的公司股份36,017,600股，占其持有本公司股份总数的52.40%,占公司总股本的9.36%。



三、备查文件



中国证券登记结算有限责任公司深圳分公司《证券质押及司法冻结明细表》。



特此公告。



海默科技（集团）股份有限公司



董事会



2017年11月22日




[点击查看PDF原文]
提示：本网不保证其真实性和客观性，一切有关该股的有效信息，以交易所的公告为准，敬请投资者注意风险。
展开阅读全文"
证监会啊快出来吧，管管这帮造谣者吧。严厉打击造谣者。一假文章把我们坑苦了。谁来管,"https://guba.eastmoney.com/news,300084,730936178.html",2017-11-22 13:56:54,证监会啊快出来吧，管管这帮造谣者吧。严厉打击造谣者。一假文章把我们坑苦了。谁来管呢？
雇用记者写文章制造恐慌。把股价打下来再回购。这是天大的阴谋。请证监会的调查调查。,"https://guba.eastmoney.com/news,300084,731056688.html",2017-11-22 19:27:56,雇用记者写文章制造恐慌。把股价打下来再回购。这是天大的阴谋。请证监会的调查调查。
"为了保护小股民利益，要求ST公司公布2016,2015对国内15左右油田公司销售","https://guba.eastmoney.com/news,300084,731404322.html",2017-11-23 17:51:00,"【问】为了保护小股民利益，要求ST公司公布2016,2015对国内15左右油田公司销售收据和开票信息。其他的开票数目大的话，可能是假账。 【答】海默科技：您好，您提到是＂ST公司＂指的是什么？¶¶2017-11-23 17:51:00 §"
海默科技:关于媒体报道的澄清公告,"https://guba.eastmoney.com/news,300084,730657021.html",2017-11-21 18:00:55,"公告日期：2017-11-22
证券代码：300084 证券简称：海默科技 公告编号：2017—082



海默科技（集团）股份有限公司



关于媒体报道的澄清公告



本公司及董事会全体成员保证信息披露的内容真实、准确、完整，没有虚假记载、误导性陈述或重大遗漏。



一、媒体报道简述



2017年11月17日，有媒体刊登名为《海默科技经营持续不善，溢价并购遭遇“李鬼”公司》的相关报道，部分网站进行了转载，文中对海默科技（集团）股份有限公司（以下简称“海默科技”或“公司”）股东减持情况及海默科技本次收购的标的公司西安思坦仪器股份有限公司（以下简称“思坦仪器”或“标的公司”）的财务数据提出相关质疑。公司在获悉上述报道后，及时对相关情况进行了核查。经核实，海默科技及思坦仪器不存在相关媒体报道的情况。



二、关于报道的澄清说明



（一）“公司定期报告对经营环境的描述与实际经营业绩不匹配”的观点报道中提到：公司在2017年半年报中，“美国页岩油气勘探开发活动的活跃度较2016年有大幅度提升，导致对压裂设备的需求大幅增加，公司面临的经营环境有所改善。”的表述与净利润同比下滑近三分之一的经营情况不符。



澄清说明：



公司在2017年半年度报告“第四节 经营情况讨论与分析”中对2017年上半



年总体经营情况的描述如下：“报告期，油气行业延续着自2016年下半年以来逐步复苏的趋势，石油输出国组织（OPEC）延长减产协议有效期对国际油价形成一定的支持，国际油价稳定在50美元左右，国内外油气行业上游勘探开发活动景气度有所提升，相应地对油田设备需求增加。尤为显着的是美国页岩油气勘探开发活动的活跃度较2016年有大幅度提升，导致对压裂设备的需求大幅增加。



因此，公司面临的经营环境有所改善。”



公司认为2017年上半年公司面临经营环境有所改善是基于以下原因：



1、根据Wind资讯数据，2017年上半年国际原油现货均价比2016年全年均价有所上涨。2017年上半年北海布伦特原油现货年平均价格为51.68美元/桶，比2016年全年均价上涨18.40%；美国西德克萨斯中质原油（“WTI”）2017年上半年现货平均价格为49.67美元/桶，比2016年全年均价上涨14.34%。



2、2017年上半年油气行业总体仍处于相对低谷，但随国际油价的逐步恢复，油气行业上游勘探开发也逐步回升，美国页岩油气的景气度提升较快，根据国际着名油服公司贝克休斯的统计数据，从2016年7月份开始至2017年6月底，全球活跃钻机数由1471部增加至2041部，增长38.75%；其中美国的活跃钻机数量由449部增加至931部，增长107.35%。美国油气勘探开发的增长主要来自于页岩油气，因此对油气田压裂设备的需求随之增加。公司从事油气田压裂设备业务的子公司上海清河机械有限公司（以下简称“清河机械”）的经营情况来看，2017年上半年销售收入较2016年同期增长49.29%。



报道中提到的公司2017年上半年净利润并未反应出公司所描述的“经营环境有所改善”所出现的变化，主要原因如下：



1、公司管理费用较上年同期增加550.11万元，增长了17.13%，原因一是公司增加人力资源储备，2017年6月末公司员工人数较2016年末增加8.23%，员工薪酬费用整体增加；二是公司承接国家重大科研专项课题项目及公司其他研发项目费用共计增加189.72万元。



公司2017年上半年主要财务数据如下：



单位：元



项目 2017年上半年 2016年上半年 比上年同期增减



营业总收入 162,805,151.00 153,802,196.29 5.85%



归属于上市公司股东的净利润 1,996,256.44 2,912,502.92 -31.46%



归属于上市公司股东的扣除非 2,116,126.53 2,200,382.63 -3.83%



经常性损益后的净利润



经营活动产生的现金流量净额 26,793,227.90 4,016,840.03……
[点击查看PDF原文]
提示：本网不保证其真实性和客观性，一切有关该股的有效信息，以交易所的公告为准，敬请投资者注意风险。
展开阅读全文"
还有谁不割肉[大笑],"https://guba.eastmoney.com/news,300084,730938999.html",2017-11-22 14:01:24,还有谁不割肉
小海后期走势。,"https://guba.eastmoney.com/news,300084,701418966.html",2017-09-09 05:26:50,小海后期走势。
套路玩得深谁把谁当真,"https://guba.eastmoney.com/news,300084,730904264.html",2017-11-22 12:43:42,套路玩得深谁把谁当真
昨天跟你们说大盘要爆涨远离这个垃圾的  这下傻眼了吧,"https://guba.eastmoney.com/news,300084,730869579.html",2017-11-22 11:07:50,昨天跟你们说大盘要爆涨远离这个垃圾的 这下傻眼了吧
割肉的孙子，快点割，好让庄家以后带着筹码，后面拉升,"https://guba.eastmoney.com/news,300084,730864098.html",2017-11-22 10:58:02,"割肉的孙子，快点割，好让庄家以后带着筹码，后面拉升
"
要有两股势力在互相PK,"https://guba.eastmoney.com/news,300084,730822412.html",2017-11-22 09:50:45,要有两股势力在互相PK
逆势而为 不可取,"https://guba.eastmoney.com/news,300084,730848066.html",2017-11-22 10:31:30,逆势坐庄 就是失败的开始
10 12 10 12 10 17全是这种打压价格,"https://guba.eastmoney.com/news,300084,730853901.html",2017-11-22 10:41:21,10 12 10 12 10 17全是这种打压价格
举报吧，这么小的盘，盘面筹码这么多，要查查。,"https://guba.eastmoney.com/news,300084,730840304.html",2017-11-22 10:18:42,举报吧，这么小的盘，盘面筹码这么多，要查查。
这孙子一贯套路就是低开高走低开高走低开高走 八连阴，全是这套路，他妈的有意思吗,"https://guba.eastmoney.com/news,300084,730828201.html",2017-11-22 09:59:34,"这孙子一贯套路就是低开高走低开高走低开高走
八连阴，全是这套路，他妈的有意思吗"
主力借机砸下来后，没吃到足够带血筹码，是不会有动作的！,"https://guba.eastmoney.com/news,300084,730826924.html",2017-11-22 09:57:34,主力借机砸下来后，没吃到足够带血筹码，是不会有动作的。 没赚够差价，把散户洗掉，他怎么可能轻易拉。主力是吃肉喝血的。！！！
这孙子利好利空都特么跌，都他妈的快九阴白骨爪了，证监会也该查一下了吧,"https://guba.eastmoney.com/news,300084,730816961.html",2017-11-22 09:42:13,这孙子利好利空都特么跌，都他妈的快九阴白骨爪了，证监会也该查一下了吧
庄家惯用伎俩   找人写篇文章 大肆宣传放空   居心叵测    。    明显,"https://guba.eastmoney.com/news,300084,729839456.html",2017-11-19 12:05:11,庄家惯用伎俩 找人写篇文章 大肆宣传放空 居心叵测 。 明显的国际油价上涨 中美能源合作 页岩气 可燃冰 都可持续发展，大环境长期利好海默， 岂能在底部交出筹码，正是建仓良机。
海默科技称思坦仪器收入体现在四季度,"https://guba.eastmoney.com/news,300084,730776329.html",2017-11-22 02:31:30,"来源：中国证券报
　　11月21日晚，海默科技针对外界有关公司收购标的思坦仪器经营状况及财务数据不实等质疑做出回应，强调思坦仪器收入将集中体现在第四季度。
　　审计调整影响数据差异
　　针对外界质疑思坦仪器财务数据矛盾的问题，公司解释称，这是外界对其编制基础理解有误以及公司备考审计调整所致。
　　其中，对于“客户销售数据矛盾”以及“供应商采购数据矛盾”的质疑，公司回应称，差异是因为此次重大资产购买审计过程中的审计调整影响所致。思坦仪器在年报中未将暂估采购款结转至结算采购款的金额扣除，因此造成该部分金额重复计算，导致与重大资产购买报告书中披露的金额不一致。
　　对于“思坦仪器备考审计报告营业收入与其年报披露的营业收入不一致”的问题，公司称，这是外界对思坦仪器备考审计报告的编制基础理解有误。公司进一步解释，在2015年年报中，思坦仪器的4家子公司纳入了思坦仪器的合并范围，因此相关收入做了合并抵消；在备考审计报告中，基于编制基础相关收入未作抵消，故产生数据差异。
　　对于思坦仪器2015年年报中子公司思坦油气2015年存在经营活动，而在重大资产购买报告书中未出现与经营活动相关数据的问题，公司解释称，2015年思坦油气尚未纳入思坦仪器合并范围，因此其资产、负债、利润均不纳入思坦仪器合并报表范围，故2015年度报表数据填列为“不适用”。
　　公司在此前的公告中已披露，思坦仪器在年报披露过程中数据统计存在一定误差，在本次重大资产购买过程中，已在财务报告及重大资产购买报告书中对前期差错予以调整及更正。
　　2016年10月，海默科技斥资2.22亿元受让三板挂牌公司思坦仪器27.82%股权；今年9月，又以4.57亿元现金收购思坦仪器57.19%股份。交易完成后，公司将合计持有思坦仪器85.01%股份。
　　资料显示，思坦仪器是国内规模最大的井下注水工具和测井仪器研发制造企业，综合毛利率高达60%左右。
　　收入确认有季节性
　　海默科技在收购思坦仪器时，思坦仪器承诺2017年-2019年度净利润分别不低于7000万元、7700万元和8500万元。而思坦仪器今年上半年仅实现营业收入3153.87万元，相当于2016年全年营收金额的13.78%，且上半年亏损2881.35万元。因此，有外界质疑思坦仪器的实际经营能力，以及海默科技并购思坦仪器对其业绩的提振效果。
　　对此，公司回应称因所属行业特性，思坦仪器的营业收入存在各季度不均衡的特点。石油行业客户的内部采购流程一般可以分为：制定预算及采购计划(一般于年初)、审批预算及采购计划、技术评估并与供货商签订技术协议、拟定商务购销合同、内部审批并签订商务购销合同、接受货物并验收，该整体流程较长。思坦仪器的主要客户系国内大型石油公司，其采购流程对思坦仪器的销售确认有较大的影响。因此，思坦仪器集中在第四季度与客户完成验收手续并确认销售收入，属于行业普遍情况。
　　公司强调，受上述季节性影响，思坦仪器前三季度实现的收入较少，收入将集中体现在第四季度。
　　公司相关负责人称，此次收购将进一步拓展油田设备产品线，完善产业链条，巩固技术研发优势，扩大市场和客户覆盖度。同时，践行公司油气勘探开发“两下战略”(水下和井下)，致力把公司打造成为中国领先、国际先进的集页岩油气的勘探生产、技术研发、设备制造和油田服务于一体的新型独立能源公司。
（来源：中国证券报 2017-11-22 02:24）[点击查看原文]
展开阅读全文"
明天破7  玩九阴白骨爪,"https://guba.eastmoney.com/news,300084,730593680.html",2017-11-21 15:07:29,明天破7 玩九阴白骨爪
自己看压单  庄家想干嘛 就是要恶心你,"https://guba.eastmoney.com/news,300084,730471437.html",2017-11-21 10:46:39,自己看压单 庄家想干嘛 就是要恶心你！！！
暂时别指望这股跟着指数涨了。庄家会再11.10那样压制下砸把形态做难看，就是为了这会的吸筹,"https://guba.eastmoney.com/news,300084,730451429.html",2017-11-21 10:14:26,暂时别指望这股跟着指数涨了。庄家会再11.10那样压制下砸把形态做难看，就是为了这会的吸筹。吃散户割肉的血。除非大盘大爆发，否则这票不会怎么跟涨
直升机[大笑]哪个SB刚才割肉了[胜利],"https://guba.eastmoney.com/news,300084,730572976.html",2017-11-21 14:31:58,直升机哪个SB刚才割肉了
哪个孙子在压盘？,"https://guba.eastmoney.com/news,300084,730565415.html",2017-11-21 14:18:31,哪个孙子在压盘？
尾盘杀跌破7,"https://guba.eastmoney.com/news,300084,730552499.html",2017-11-21 13:55:32,尾盘杀跌破7
快跑啊  大盘爆涨了,"https://guba.eastmoney.com/news,300084,730547931.html",2017-11-21 13:47:43,快跑啊 大盘爆涨了
悲哀啊东一,"https://guba.eastmoney.com/news,300084,730542060.html",2017-11-21 13:37:44,悲哀啊东一
海默牛逼,"https://guba.eastmoney.com/news,300084,730428383.html",2017-11-21 09:34:13,海默牛逼
上次9.17的成本，9.35卖出，这次9.2的成本，舍不得空仓赚不了呀[哭][哭,"https://guba.eastmoney.com/news,300084,730526203.html",2017-11-21 13:05:54,上次9.17的成本，9.35卖出，这次9.2的成本，舍不得空仓赚不了呀
才看见这股票的增涨点！1是重组年利润6000多万。2是加码新能源（也就是核能）3,"https://guba.eastmoney.com/news,300084,730475384.html",2017-11-21 10:52:57,才看见这股票的增涨点！1是重组年利润6000多万。2是加码新能源（也就是核能）3未来参与可燃冰
请问董秘，贵公司截止到11月15日股东人数是多少人？,"https://guba.eastmoney.com/news,300084,730915797.html",2017-11-22 12:57:00,【问】请问董秘，贵公司截止到11月15日股东人数是多少人？ 【答】海默科技：您好，公司2017年11月15日的股东人数为22786，谢谢！¶¶2017-11-22 12:57:00 §
苦中作乐吧,"https://guba.eastmoney.com/news,300084,730061702.html",2017-11-20 10:40:35,又能怎样呢，套的死死的了。
自己看挂单图片，庄家就是要恶心你。,"https://guba.eastmoney.com/news,300084,730472395.html",2017-11-21 10:48:13,自己看挂单图片，庄家就是要恶心你。
刚才太激动，忘记说牛逼的原因了！！补上。被证券市场红周刊付梓钦质疑过的公司：雅本,"https://guba.eastmoney.com/news,300084,730432665.html",2017-11-21 09:42:51,刚才太激动，忘记说牛逼的原因了！！补上。被证券市场红周刊付梓钦质疑过的公司：雅本化学、世纪鼎利、汇冠股份、星河生物、蓝丰生化、精华制药“负面”材料。一般都是后续大涨！
海默海默海默海默海默海默海默海默海默海默海默海默,"https://guba.eastmoney.com/news,300084,730447461.html",2017-11-21 10:08:15,海默海默海默海默海默海默海默海默海默海默海默海默海默海默海默海默海默海默海默海默海默海默海默海默能不能入手啊啊啊啊啊啊
这股啥情况啊现在，有希望就准备建仓了,"https://guba.eastmoney.com/news,300084,730445367.html",2017-11-21 10:04:56,这股啥情况啊现在，有希望就准备建仓了
大家别看这支股票了，推荐一个，后续三倍，立帖为证。。。。。浙江医药,"https://guba.eastmoney.com/news,300084,730440872.html",2017-11-21 09:57:24,大家别看这支股票了，推荐一个，后续三倍，立帖为证。。。。。浙江医药
不跑来不及了,"https://guba.eastmoney.com/news,300084,730443239.html",2017-11-21 10:01:21,不跑来不及了
看到别的股票再看看这只股，虽然被套还是蛮庆幸的。。。。,"https://guba.eastmoney.com/news,300084,730442834.html",2017-11-21 10:00:38,看到别的股票再看看这只股，虽然被套还是蛮庆幸的。。。。
到底公司出现什么情况了出公告说明一下，让一个记者写的文章把这股整的死去活来的,"https://guba.eastmoney.com/news,300084,730409288.html",2017-11-21 07:38:47,到底公司出现什么情况了出公告说明一下，让一个记者写的文章把这股整的死去活来的
这个走势和消息面来看，是不是有人看中这个壳？？？,"https://guba.eastmoney.com/news,300084,730342349.html",2017-11-20 22:07:01,不会是条大鲸鱼吧
周五赚钱不跑！[胜利]今天补跌这么厉害和谁俩的,"https://guba.eastmoney.com/news,300084,730044310.html",2017-11-20 10:11:42,周五赚钱不跑！今天补跌这么厉害和谁俩的
默默的看着你。我一点也不急，我等了一年多怎会[],"https://guba.eastmoney.com/news,300084,730280816.html",2017-11-20 19:28:27,默默的看着你。我一点也不急，我等了一年多怎会[]
强化监管 为不兑现承诺者敲警钟,"https://guba.eastmoney.com/news,300084,730207867.html",2017-11-20 16:18:57,"强化监管 为不兑现承诺者敲警钟
"
这垃圾巳经破相了,"https://guba.eastmoney.com/news,300084,727477123.html",2017-11-13 10:19:25,这垃圾巳经破相了
董秘，您好！针对媒体今天对公司并购思坦仪器的报道，不知是否属实？如果属实是否要给,"https://guba.eastmoney.com/news,300084,730915786.html",2017-11-22 12:57:00,【问】董秘，您好！针对媒体今天对公司并购思坦仪器的报道，不知是否属实？如果属实是否要给全体股东一个交代，如若不属实是否要进行澄清，甚至于向相关媒体追责，在监管越来越严厉的今天，我想媒体也不敢凭空捏造报道上的内容，做为公司管理层要敢做为，但不要不作为与乱作为！ 【答】海默科技：您好，有媒体对公司的质疑完全是误解、误读，公司已经做了澄清，详细内容请查阅公司澄清公告，谢谢！¶¶2017-11-22 12:57:00 §
董秘，您好！对于今媒体对公司收购思坦仪器的质疑报道，公司怎么看？如果不属实，公司,"https://guba.eastmoney.com/news,300084,730909221.html",2017-11-22 12:51:00,【问】董秘，您好！对于今媒体对公司收购思坦仪器的质疑报道，公司怎么看？如果不属实，公司是否需要进行澄清！ 【答】海默科技：您好，公司已经做了澄清，详细内容请查阅公司相关公告，谢谢！¶¶2017-11-22 12:51:00 §
请问董秘，贵公司近期股票持续下跌，请问贵公司近期有提振市场信心的举措计划吗？,"https://guba.eastmoney.com/news,300084,730514719.html",2017-11-21 11:51:00,【问】请问董秘，贵公司近期股票持续下跌，请问贵公司近期有提振市场信心的举措计划吗？ 【答】海默科技：您好，公司只有努力做好经营，实现更多的利润，才能更好的回报股东，谢谢！¶¶2017-11-21 11:51:00 §
200手继续吃货。,"https://guba.eastmoney.com/news,300084,729490058.html",2017-11-17 14:52:27,200手继续吃货。
难道今天从跌停到涨停,"https://guba.eastmoney.com/news,300084,730069547.html",2017-11-20 10:54:08,难道今天从跌停到涨停
兄弟们逃命吧[毛估估],"https://guba.eastmoney.com/news,300084,723828360.html",2017-10-31 10:14:51,兄弟们逃命吧
个股闪崩渐趋尾声，次新股还能追吗？,"https://guba.eastmoney.com/news,300084,730074506.html",2017-11-20 11:03:18,"个股闪崩渐趋尾声，次新股还能追吗？
"
没有利空，制造利空也要砸。呵呵 蛮拼的，下了血本了,"https://guba.eastmoney.com/news,300084,730069479.html",2017-11-20 10:54:02,没有利空，制造利空也要砸。呵呵 蛮拼的，下了血本了
还有几个跌停板？？？,"https://guba.eastmoney.com/news,300084,730038766.html",2017-11-20 10:03:48,还有几个跌停板？？？
没有利空，制造利空也要砸。呵呵，孙子蛮拼的,"https://guba.eastmoney.com/news,300084,730068739.html",2017-11-20 10:52:42,没有利空，制造利空也要砸。呵呵，孙子蛮拼的
明天破7,"https://guba.eastmoney.com/news,300084,730034815.html",2017-11-20 09:58:25,明天破7
胆子放大，新矿种跌停价买入10000股,"https://guba.eastmoney.com/news,300084,730037638.html",2017-11-20 10:02:11,胆子放大，新矿种跌停价买入10000股
新低，准备建仓[大笑],"https://guba.eastmoney.com/news,300084,730031837.html",2017-11-20 09:54:04,新低，准备建仓
国内油价今年第十次上调 或迎年内最大涨幅 2017-11-20 08:52　来源,"https://guba.eastmoney.com/news,300084,730027444.html",2017-11-20 09:47:44,"国内油价今年第十次上调 或迎年内最大涨幅
2017-11-20 08:52　来源：人民网-财经频道　
　　人民网北京11月16日电　新一轮成品油调价窗口将于11月16日24时开启，隆众石化网统计数据显示，以当前国际油价水平测算，调价窗口开启当天，对应调整幅度或在280-300元/吨，将刷新年内上调记录。
　　数据来源：隆众石化网
　　“11月17日0点将上调汽柴油限价，每吨汽油上调265、柴油上调250元，折合每升89#0.19、92#0.21、95#0.22、0#0.21元。”隆众资讯成品油分析师赵桂珍表示，本次调价是年内第十次上调，也创下今年年内最大涨幅。本次调价过后，2017年成品油调价将呈现“十涨六跌六搁浅”的格局。下一次调价窗口将在2017年11月30日24时开启。
　　隆众石化网成品油分析师丁旭指出，本轮调价后，全国92#汽油零售限价已逼近7元/升，0#车柴已有个别地区超过6.5元/升，均比去年同期高0.8元左右。今年汽油累计涨幅为365元/吨，柴油350元/吨。
　　“以油箱容量50L的普通私家车计算，这次调价后，车主们加满一箱油将多花10元左右；按市区百公里耗油7L-8L的车型，平均每行驶一千公里费用增加16元左右。而对满载50吨的大型物流运输车辆而言平均每行驶一千公里，燃油费用增长80元左右，双十一物流高峰期未过，运输企业成本增加显著。”卓创资讯研究员高健如是说。
　　高健认为，由于近期国内部分地区成品油资源相对偏紧，汽柴油批发价格大幅上涨，导致加油站利润大幅收缩，尤其是柴油。所以，本来国内成品油零售限价上调将会一定程度上缓解加油站的经营压力。不过，主营加油站和民营加油站的降价促销活动仍在继续，但由于利润空间大幅压缩，所以优惠幅度预计不会扩大。相反，主营加油站优惠力度呈现逐步收缩的态势。
　　隆众石化网分析师李彦表示，近期国际油价出现高位回落迹象，主要由于减产相关的利好已被消化，同时美国原油产量创历史新高并持续向上，给供应端再度带来压力，基本面的表现也难以支撑油价长时间站在高位。前期油价的疯涨主要靠预期及心态利好支撑，另外就是美国库存的下降，而目前美国库存也出现了回升的迹象。另一方面，以当前的国际原油价格水平计算，下一轮成品油调价开局将呈现下调趋势，幅度在60元/吨左右，这样的幅度意味着下一轮调价周期的趋势可能相对较弱，因此预计下一轮成品油调价下调或搁浅的概率较大。（朱江）返回光明网首页"
说说有几个是看了新闻被套了。,"https://guba.eastmoney.com/news,300084,729646568.html",2017-11-17 23:16:49,说说有几个是看了新闻被套了。
又怎么了？,"https://guba.eastmoney.com/news,300084,730020592.html",2017-11-20 09:38:53,又怎么了？又怎么了？又怎么了？
请问董秘，中核集团与甘肃省签署战略合作协议，是否会对贵公司的销售带来一定利好影响,"https://guba.eastmoney.com/news,300084,730510590.html",2017-11-21 11:47:00,【问】请问董秘，中核集团与甘肃省签署战略合作协议，是否会对贵公司的销售带来一定利好影响，贵公司现在可以被中核集团采购的产品，每年生产产值有多少， 【答】海默科技：您好，公司目前没有直接向中核集团提供产品，后续若有产品向中核集团销售，也要根据具体的投标情况来确定，谢谢！¶¶2017-11-21 11:47:00 §
请问董秘，截止到11月15日，和11月20日贵公司股东人数分别是多少？,"https://guba.eastmoney.com/news,300084,730510618.html",2017-11-21 11:45:00,【问】请问董秘，截止到11月15日，和11月20日贵公司股东人数分别是多少？ 【答】海默科技：您好，公司2017年11月15日的股东人数为22786，11月20日的股东人数公司也无从得知。谢谢！¶¶2017-11-21 11:45:00 §
大家都在等最后一跌，哈哈！,"https://guba.eastmoney.com/news,300084,729938440.html",2017-11-19 21:27:41,庄家，你的计划打乱了，白请人写软文了，这下坏了。哈哈！
周末再有媒体出个利空文章，周一完美跳空杀跌，主力阳谋达到了。这就是为什么11.1,"https://guba.eastmoney.com/news,300084,729824439.html",2017-11-19 09:28:05,周末再有媒体出个利空文章，周一完美跳空杀跌，主力阳谋达到了。这就是为什么11.10号无所顾忌的高开下砸。
海默合理股价3元左右,"https://guba.eastmoney.com/news,300084,729833290.html",2017-11-19 11:07:42,海默合理股价3元左右
报告期内，公司主业大屏视讯业务销售额同比大幅下降；,"https://guba.eastmoney.com/news,300084,687636021.html",2017-08-03 17:19:59,全国社保和养老金相关工作由公司机构理财部负责。
海默科技经营持续不善　溢价并购遭遇“李鬼”公司,"https://guba.eastmoney.com/news,300084,729689421.html",2017-11-18 09:42:42,"红刊财经 特约作者 付梓钦  
海默科技近几年持续业绩不佳，为寻求新业绩增长点，选择并购思坦仪器，可让人惊异的是，做为新三板市场挂牌的公司，思坦仪器自身发布的财务数据却与海默科技本次收购报告书中的相关数据有多处不同，涉及金额巨大。
 
近年来,伴随着中国石油减少对民营经济体的采购规模，主营业务为油田设备销售及配套服务的海默科技自2015年开始,经营业绩长期处在下滑状态，2015年至2017上半年净利润同比增幅分别为-74.05%、-32.02%和-31.46%，销售净利率也分别仅有2.86%、2.66%和1.11%的微利水平，相比2014年及以前年度动辄百分之十几甚至20%以上的销售净利率，已不可同日而语。截止到今年上半年末，海默科技每股收益只剩下0.0052元、勉强维持未亏损状态,而在最新披露的三季报中，虽然公司的业绩表面上同比出现回暖,扣非后归母公司股东的净利润同比增长了89.9%,但实际上单季扣非后净利润却是亏损了25.05万元。
耐人寻味的表述
  
耐人寻味的是，尽管海默科技的经营业绩在2017年上半年出现同比大幅下滑，销售净利润尚不足2016年全年的一半，且三季度单季扣非后利润还是亏损的，但是该公司在4月26日披露的2016年年报和8月26日披露的2017年半年报却对行业景气度的描述却表现出截然不同态度。
  
在经营业绩表现还相对较好的2016年，海默科技在其董事会报告中描述称：“从全年来看，受低油价影响，国内外石油公司资本性开支仍处于较低水平，采购计划不断延迟，导致对油气田设备和服务的需求不足，市场竞争更加激烈。”该表述说明其管理层对于行业的前景和盈利能力变化方向仍持谨慎态度。
  
然而到了盈利能力进一步恶化的2017年上半年，海默科技却在半年报的经营情况讨论与分析中描述称：“美国页岩油气勘探开发活动的活跃度较2016年有大幅度提升，导致对压裂设备的需求大幅增加。因此，公司面临的经营环境有所改善。”最新的表述完全不像是一个净利润出现同比大幅下滑了近三分之一的公司对自己经营情况的描述，如果说“公司面临的经营环境已有所改善”，可为什么还会出现销售净利率折损过半的尴尬情形呢？
股东精准减持
  
其实，就在海默科技经营业绩持续大幅下滑的同时，重要股东和高管的连续减持也成为公司的“痛点”。据统计，自2016年至今已有研发部经理周建峰、董事兼常务副总裁马骏、董事李建国等多名高管人员减持公司股份。
  
特别是在今年3月2日至3月10日期间，DCG集团副总裁、董事李建国通过大宗交易3次大笔减持所持股份，合计减持股份数量多达384万股、套现约4600万元尤其值得关注。从李建国选择的套现时点来看，可谓时机选择得非常精准。在其完成减持后不久,海默科技的股价即出现持续大幅下跌，短期最大跌幅超过了30%,至目前的股价也仅在9.1元左右，相比李建国套现时12元以上的交易均价，跌幅仍在20%以上。
  
这种巧合或许并非是偶然，也就在李建国最后一次抛售股份仅一个月时间，海默科技相继发布了《2017年第一季度业绩预告》和《2016年度业绩快报修正公告》，迥然不同的业绩表现引发了股价的持续暴跌。
  
在早先的2月28日发布的业绩快报中，海默科技曾乐观地预计“2016年度实现归属上市公司股东的净利润为1345.06万元、同比增长29.23%”，该公告在当时对维持股价的平稳表现是非常有利的，即为李建国的后续减持行为营造出良好的二级市场环境。然而股价的平稳表现终结于4月上旬，即在海默科技4月8日发布《2017年第一季度业绩预告》，预计2017年第一季度亏损200万元~400万元后，股价随即出现持续下跌,至4月20日发布《2016年度业绩快报修正公告》时，即“归属上市公司股东的2016年度净利润预计金额为707.58万元、同比下滑32.02%”后，又进一步引发股价崩塌，至年报发布日，股价跌至9.6元。4月26日，海默科技发布了2016年年报正式报告，净利润同比下降32.02%。
  
核心高管人员的精准减持，再加上“恰到好处”的信息披露时点，以及前后差异巨大的业绩财报，综合来看怎能不令人怀疑海默科技的高管人员减持存在内幕交易的嫌疑？海默科技很可能存在通过人为操纵信息披露，为核心高管人员减持“保驾护航”。
经营情况令人担忧
  
8月26日，海默科技发布了2017年半年报，中期盈利199.63万元，同比下滑34.46%，持续经营不振的困局或是难以摆脱，公司便寄希望于外延式收购，寻找新的业绩增长点。
  
9月29日，海默科技发布了《重大资产购买报告书(草案)》，计划拟以每股7.41元的价格收购思坦仪器61670912股股份，占该公司总股本比例的57.19%。以每股7.41元收购价格测算，思坦仪器整体估值高达8.05亿元，相比其账面净资产5.08亿元溢价近3亿元，溢价58.38%。从近年内二级市场收购情况看，58.38%的溢价幅度并不高，但就此次海默科技收购标的思坦仪器而言，思坦仪器近年来的业绩表现却使得这58.38%低溢价收购变得有些让人担忧。
  
重组报告披露，尽管思坦仪器2016年营业利润实现金额为6942.67万元，相比2015年的6786.81万元同比增长了160万元左右，但事实上该公司2016年的营业收入同比却是下滑的，由2015年的27737.17万元大幅下滑到了2016年的22886.42万元，下滑幅度达17.49%。而究其营业利润在2016年保持正增长原因，可以发现，这主要是源自于期间费用的减少，即当期财务费用一项同比少支出了两百余万元。
  
2017年上半年，思坦仪器经营颓势和业绩的下滑程度更加明显。公司在今年上半年实现营业收入为3153.87万元，仅相当于2016年全年营收金额的13.78%；毛利率由2016年的63.54%大幅下滑到2017年上半年的42.8%。也就在此基础上，上半年公司亏损了2881.35万元。
  
重组报告还披露，思坦仪器的主营业务聚焦于石油开发领域的测井、试井、煤层气自动排采等方面的技术开发和仪器生产，主要产品包括井下套管形变、井下多参数测井仪器系列、井下注水智能分层测调仪器及井下配套工具系列、产油井智能分层采油测调仪器及井下配套工具系列、煤层气智能监控和设备系列等，其本质上是与海默科技同属于油田服务行业，与海默科技的行业景气度基本一致，因此该公司也会面临着与海默科技类似的盈利能力下滑的尴尬。在行业整体景气度未回暖下，海默科技此时巨资并购思坦仪器是否明智？能否能给上市公司带来业绩提振还是非常值得怀疑的。
  
值得注意的是，海默科技在2016年10月8日与思坦仪器部分原股东签订了协议，以每股7.41元的价格现金收购3000万股思坦仪器股票，占思坦仪器股份总数的27.82%，合计使用22230万元。当时的交易价格与本次控股思坦仪器所支付的价格完全一致，这意味着在历经一年多时间之后，思坦仪器的股权价值仍未出现增值。
神秘的子公司
  
被收购标的思坦仪器早在2015年4月便在新三板市场挂牌，并按照相关信息披露规则披露各年度年报。对比该公司此前发布的年报数据和海默科技本次发布的收购报告书数据，笔者发现两者之间有多处信息存在着明显差异、涉及金额巨大。
  
根据收购报告书披露，被收购标的思坦仪器的子公司之一为“西安思坦油气工程服务有限公司”，该公司最初的资本结构是由长业油气控股、思坦仪器参股，后思坦仪器于2016年11月以1050万元受让长业油气持有的思坦油气15%股权，由此思坦油气成为思坦仪器的控股子公司并被纳入合并范围。对此，思坦仪器在其2016年年报中也披露了该子公司的“合并报表时间2016年11月30日”。
针对这家子公司的经营情况，海默科技在收购报告书中披露了相关数据，从收购报告披露的信息来看，思坦油气在2015年没有任何经营活动，也不存在任何资产负债。然而根据思坦仪器此前发布的2015年年报数据却显示，当时的“西安思坦油气工程服务有限公司”作为思坦仪器参股公司类关联方进行披露，思坦仪器当年向思坦油气销售金额高达472.2万元，同时还在当年末形成552.48万元的应收账款，由此足以证明思坦油气在2015年时是存在经营活动的，且在2015年末至少拥有552.48万元、对思坦仪器的关联负债。
由此来看，海默科技在收购报告书中披露的思坦油气在2015年无经营活动、不存在任何资产负债的财务数据就是虚假披露，隐瞒了思坦油气真实的经营信息。

  
不仅如此，从思坦油气净资产的变动情况看，也证实了该公司在2015年是有经营活动存在的。收购报告书披露，思坦油气2016年末净资产为3408.21万元，相比其2014年成立时的注册资本2500万元增加了908.21万元，但是该公司在2016年实现净利润金额却仅有691.48万元，相比净资产增量少了200余万元，显然这是不符合正常的会计核算逻辑的。由此来看，这多出来的200余万元净资产只可能是在2015年产生的。
连续两年购销数据异常
  
再来看一下思坦仪器的整体财务信息，根据海默科技发布的思坦仪器备考审计报告披露，该公司合并口径下在2016年实现主营业务收入22886.42万元，这与思坦仪器在新三板挂牌时发布的2016年年报披露当年主营业务收入22887.67万元基本一致。造成这微小差异的原因，应当是源自于针对子公司思坦油气合并范围的确认时点差异。在思坦仪器发布的2016年报中，思坦油气的合并时点是2016年11月，而海默科技发布的思坦仪器备考审计报告则是将思坦油气2016年全年纳入合并范围的模拟数据。
 　
在合理条件下，这就应当导致海默科技发布的备考审计报告中，针对思坦仪器2016年的营业收入确认金额要略高于思坦仪器2016年年报数据，差异金额也即思坦油气2016年12月份单月的营业收入。可事实上，海默科技发布的备考审计报告中针对思坦仪器2016年的营业收入确认金额不仅没有高于思坦仪器2016年年报数据，相反还略低了1.25万元，这是非常奇怪的财务数据表现。
  
当然，如果从具体客户销售数据来看，则这个差异会显得更加明显。
根据海默科技发布的收购报告书披露，思坦仪器在2016年向第一大客户“大庆油田物资公司”销售金额仅为4650.43万元，占当年营业收入总额的比重为20.32%。但是在思坦仪器发布的2016年年报中，所披露的2016年对“大庆油田物资公司”的销售金额则高达5441万元，相比海默科技发布的收购报告书中披露的销售额多出了将近800万元，两次信息披露是存在明显差异的。不仅如此，对比2016年度其他4家主要客户的销售数据，也可发现思坦仪器发布的2016年年报确认销售金额，始终超过海默科技发布收购报告书披露的同口径数据，且累计差异数据1615.06万元明显超过了两版信息披露文件中针对2016年度营业总收入的1.25万元差异额。
不仅如此，根据思坦仪器2016年年报披露的前五大客户销售金额合计高达11029.13万元、占当年营业总收入比重的39.28%进行测算，则该公司当年营业收入总金额将高达28078.16万元，这与该公司年报披露的营业收入总金额22887.62万元相差巨大。如此一来，很难令人相信该公司所披露财务数据的真实性。
再来看一下2016年度的采购数据，同样也存在类似的问题。根据海默科技发布的收购报告书披露内容，思坦仪器2016年第一大供应商为“西安晖昀石油仪器设备有限公司”，涉及采购金额仅为1020.9万元，但是思坦仪器在2016年年报中则披露，2016年向该供应商采购了1571.55万元，两版信息披露相差高达500万元以上。与此同时，针对其他4家主要供应商也均存在金额不等的差异。
同时，海默科技发布的收购报告书披露2016年向前五大供应商采购金额合计为3504.94万元，占当年采购总额的比重为33.9%，由此计算当年采购总额仅为10339.06万元；而思坦仪器在2016年年报中披露，2016年向前五大供应商采购金额合计为5680.59万元，占当年采购总额的比重为29.89%，由此计算当年采购总额则高达19004.98万元。两版信息披露的2016年采购总额竟然相差高达近9000万元，如此巨大的差异金额实在令人咋舌。
  
除了2016年购销数据异常外，其实，思坦仪器2015年购销方面也同样存在与2016年类似的情况。
  
海默科技发布的思坦仪器备考审计报告披露，思坦仪器2015年实现营业收入27737.17万元，而思坦仪器在2015年年报中则披露，当年实现营业收入25469.89万元，也即海默科技发布的审计报告中，思坦仪器2015年度营业收入明显超过了思坦仪器自己披露的年报数据。
  
从这两版信息披露的范围差异来看，海默科技发布的备考审计报告中，并未包含在2016年处理的4家非油田服务行业子公司（分别为西安思坦航空技术有限公司、西安思坦电气技术有限公司、西安思坦科技有限公司、西安思坦测控技术有限公司），而在思坦仪器2015年年报中则又包含了上述4家子公司的财务数据；同时，海默科技发布的备考审计报告中还包含了思坦油气公司的财务数据，而在思坦仪器2015年年报中则并未将这家子公司纳入到合并范围，原因应是思坦油气在2015年还不存在经营及利润数据。
  
因此从整体来看，思坦仪器2015年年报中的核算范围，是大于海默科技发布的备考审计报告的，可事实上在此核算范围存在明显差异的基础上，海默科技发布的备考审计报告中确认的2015年度营业收入不仅没有低于思坦仪器2015年年报数据，相反还多出了2000万元以上，这样的财务数据表现实在是令人匪夷所思的。
从细节来看，思坦仪器2015年的采购数据，根据海默科技发布的收购报告书披露，2015年第一大客户为“大庆油田物资公司”，涉及销售金额为6321.16万元，而思坦仪器2015年年报披露的针对该客户销售金额同样为6321.16万元，这意味着两版信息披露中至少针对油田类客户的销售收入核算范围和口径是一致。但是这也进一步凸显出前文所述的、2016年两版信息披露确认收入数据存在较大差异，是不符合正常逻辑的。
同时，海默科技发布的收购报告书披露2015年向客户“中国石油集团测井有限公司”销售1728万元，但是思坦仪器2015年年报则披露向该客户的销售额只有1687.14万元，两组数据也存在数十万元差异，这同样是在合理条件下不应该出现的数据矛盾。
与营业收入相比，海默科技和思坦仪器针对2015年度的采购数据差异则更加明显。根据海默科技发布收购报告书披露，2015年向前五大供应商采购金额合计为3138.95万元、占同年采购总额比重的31.03%，由此计算2015年度采购总额仅为10115.86万元；与此同时，思坦仪器2015年年报则披露，当年向前五大供应商采购金额合计为4364.26万元、占同年采购总额的比重为28.35%，由此计算2015年度采购总额高达15394.22万元。
从细节看采购数据同样如此，如针对2015年第一大供应商“陕西鑫瓷机械制造有限公司”，海默科技发布的收购报告书披露的采购额为1192.44万元，而思坦仪器2015年年报则披露为1576.11万元，两项数据也相差了将近400万元。


展开阅读全文"
Kdj 日线金叉即将出现,"https://guba.eastmoney.com/news,300084,729683127.html",2017-11-18 08:35:52,Kdj 日线金叉即将出现
这股有点超级异动！！！,"https://guba.eastmoney.com/news,300084,729650158.html",2017-11-17 23:39:48,一口气收这么多阴线，两市非常罕见。今日更是开始剧烈波动，莫非是360换了目标了？加上今晚江南嘉捷似乎举出了问题，我们不得不思考，难道还有一线生机？或许还有另外一个巨头看中了这厮？那样的话就发了，哈哈！
这个垃圾股票。 各种利好都是各种出货。出你全家。打电话举报一下个垃圾高管,"https://guba.eastmoney.com/news,300084,729612097.html",2017-11-17 20:40:28,这个垃圾股票。 各种利好都是各种出货。出你全家。打电话举报一下个垃圾高管
最高价到最低价，相当于跌停,"https://guba.eastmoney.com/news,300084,729560644.html",2017-11-17 17:28:36,我好在8.66元手起刀落，哈哈！赚2毛钱
压力重重东,"https://guba.eastmoney.com/news,300084,729579304.html",2017-11-17 18:34:56,压力重重东
中国四川国际合作股份有限公司股票交易停牌公告,"https://guba.eastmoney.com/news,300084,729550088.html",2017-11-17 16:58:24,中国四川国际合作股份有限公司股票交易停牌公告
海默科技:国金证券股份有限公司关于公司定期现场检查报告,"https://guba.eastmoney.com/news,300084,729549413.html",2017-11-17 16:56:32,"公告日期：2017-11-18
国金证券股份有限公司关于海默科技（集团）股份有限公司定期现场检查报告



保荐机构名称：国金证券股份有限公司 被保荐公司简称：海默科技



保荐代表人姓名：林海峰 联系电话：0755-2391-3670



保荐代表人姓名：王可 联系电话：021-6882-6017



现场检查人员姓名：林海峰 王可



现场检查对应期间：□√2017年1-10月



现场检查时间：2017年11月



一、现场检查事项 现场检查意见



（一）公司治理 是 否 不适用



现场检查手段（包括但不限于本指引第33条所列）：



1.公司章程和公司治理制度是否完备、合规 √



2.公司章程和三会规则是否得到有效执行 √



3.三会会议记录是否完整，时间、地点、出席人员及会√



议内容等要件是否齐备，会议资料是否保存完整



4.三会会议决议是否由出席会议的相关人员签名确认 √



5.公司董监高是否按照有关法律、行政法规、部门规章、√



规范性文件和本所相关业务规则履行职责



6.公司董监高如发生重大变化，是否履行了相应程序和√



信息披露义务



7.公司控股股东或者实际控制人如发生变化，是否履行 √



了相应程序和信息披露义务



8.公司人员、资产、财务、机构、业务等方面是否独立√



9.公司与控股股东及实际控制人是否不存在同业竞争 √



（二）内部控制



现场检查手段（包括但不限于本指引第33条所列）：



1.是否按照相关规定建立内部审计制度并设立内部审计√



部门



2.是否在股票上市后6个月内建立内部审计制度并设立 √



内部审计部门（中小企业板上市公司适用）



3.内部审计部门和审计委员会的人员构成是否合规 √



4.审计委员会是否至少每季度召开一次会议，审议内部√



审计部门提交的工作计划和报告等（中小企业板和创业



板上市公司适用）



5.审计委员会是否至少每季度向董事会报告一次内部审√



计工作进度、质量及发现的重大问题等（中小企业板和



创业板上市公司适用）



6.内部审计部门是否至少每季度向审计委员会报告一次√



内部审计工作计划的执行情况以及内部审计工作中发



现的问题等（中小企业板和创业板上市公司适用）



7.内部审计部门是否至少每季度对募集资金的存放与使√



用情况进行一次审计



8.内部审计部门是否在每个会计年度结束前二个月内向√



审计委员会提交次一年度内部审计工作计划（中小企业



板和创业板上市公司适用）



9.内部审计部门是否在每个会计年度结束后二个月内向√



审计委员会提交年度内部审计工作报告（中小企业板和



创业板上市公司适用）



10.内部审计部门是否至少每年向审计委员会提交一次√



内部控制评价报告（中小企业板和创业板上市公司适



用）



11.从事风险投资、委托理财、套期保值业务等事项是否√



建立了完备、合规的内控制度



（三）信息披露



现场检查手段（包括但不限于本指引第33条所列）：



1.公司已披露的公告与实际情况是否一致 √



2.公司已披露的内容是否完整 √



3.公司已披露事项是否未发生重大变化或者取得重要进√



展



4.是否不存在应予披露而未披露的重大事项 √



5.重大信息的传递、披露流程、保密情况等是否符合公√



司信息披露管理制度的相关规定



6.投资者关系活动记录表是否及时在本所互动易网站刊√



载



（四）保护公司利益不受侵害长效机制的建立和执行情



况



现场检查手段（包括但不限于本指引第33条所列）：



1.是否建立了防止控股股东、实际控制人及其关联人直√



接或者间接占用上市公司资金或者其他资源的制度



2.控股股东、实际控制人及其关联人是否不存在直接或√



者间接占用上市公司资金或者其他资源的情形



3.关联交易的审议程序是否……
[点击查看PDF原文]
提示：本网不保证其真实性和客观性，一切有关该股的有效信息，以交易所的公告为准，敬请投资者注意风险。
展开阅读全文"
此股明天有可能涨5个点以上，不要问为什么,"https://guba.eastmoney.com/news,300084,729159184.html",2017-11-16 20:29:52,此股明天有可能涨5个点以上，不要问为什么
能给个痛快嘛？？,"https://guba.eastmoney.com/news,300084,727902503.html",2017-11-14 10:24:04,能给个痛快嘛？？
海默科技:2017年第一次临时股东大会决议公告,"https://guba.eastmoney.com/news,300084,729136528.html",2017-11-16 19:32:14,"公告日期：2017-11-17
证券代码：300084 证券简称：海默科技 公告编号：2017—081



海默科技（集团）股份有限公司



2017年第一次临时股东大会决议公告



本公司及董事会全体成员保证信息披露的内容真实、准确、完整，没有虚假记载、误导性陈述或重大遗漏。



特别提示：



1.本次股东大会无增加、变更及否决议案的情况；



2.本次股东大会以现场投票和网络投票相结合的表决方式召开。



一、会议召开情况



1.会议召开时间：



（1）现场会议召开时间：2017年11月16日14:30；



（2）网络投票时间：2017年11月15日—11月16日，其中：



①深圳证券交易所交易系统进行网络投票的时间为：2017年11月16日上



午9:30-11:30,下午13:00-15:00；



②通过互联网系统投票的具体时间为2017年11月15日15:00至2017年



11月16日15:00的任意时间。



2.现场会议召开的地点：甘肃省兰州市城关区张苏滩593号海默科技（集团）



股份有限公司四楼会议室。



3.会议召开方式：采取现场投票表决与网络投票相结合的方式。



4.会议召集人：公司董事会



5.会议主持人：董事长窦剑文先生



6.本次股东大会的通知已于2017年10月31日在中国证监会指定的创业板



信息披露网（巨潮资讯网 www.cninfo.com.cn）上披露。



7.本次会议的召开符合《公司法》等相关法律、法规、规范性文件和《公司章程》的规定。



二、会议的出席情况



1.股东出席的总体情况：出席海默科技（集团）股份有限公司2017年第一



次临时股东大会（以下简称“本次股东大会”）的股东共 18 名，代表公司股份



102,165,551股，占公司有表决权股份总数的26.5527%。



其中：出席本次股东大会现场会议的股东9名，代表公司股份99,072,035



股，占公司有表决权股份总数的 25.7487%；通过网络投票出席本次股东大会的



股东9名，代表公司股份3,093,516股，占公司有表决权股份总数的0.8040%。



2. 中小股东出席的总体情况：出席本次股东大会的中小股东9人，代表公



司股份3,093,516股，占公司有表决权股份总数的0.8040%。



其中：出席本次股东大会现场会议的中小股东0人，代表公司股份0股，占



公司有表决权股份总数的0.0000%；通过网络投票出席本次股东大会的中小股东



9人，代表公司股份3,093,516股，占公司有表决权股份总数的0.8040%。



3. 公司现任董事9人，出席本次股东大会9人；公司现任监事3人，出席



本次股东大会3人；公司部分高级管理人员列席本次股东大会。。



4.本次股东大会聘请上海市锦天城（西安）律师事务所窦方旭律师、闫玮律师现场见证。



三、议案审议和表决情况



本次会议以现场记名投票和网络投票相结合的方式审议通过了如下议案：1.审议通过《关于公司支付现金购买资产符合相关法律、法规规定的议案》 总表决情况：同意102,147,151股，占出席本次股东大会有效表决权股份总数的 99.9820%；反对 18,400 股，占出席本次股东大会有效表决权股份总数的0.0180%；弃权0股，占出席本次股东大会有效表决权股份总数的0.0000%。其中，网络投票表决情况：同意3,075,116股，占网络投票股东所持有效表决权股份总数的99.4052%；反对18,400股，占网络投票股东所持有效表决权股份总数的0.5948%；弃权0股，占网络投票股东所持有效表决权股份总数的0.0000%。 中小股东表决情况：同意3,075,116股，占出席本次股东大会中小股东所持有效表决权股份总数的99.4052%；反对18,400股，占出席本次股东大会中小股东所持有效表决权股份总数的0.5948%；弃权0股，占出席本次股东大会中小股东所持有效表决权股份总数的0.0000%。



该议案获得出席本次股东大会有效表决权股份总数2/3以上通过。



2.逐项审议通过《关于公司支付现金购买资产方案的议案》



2.01标的资产



总表决情况：同意102,147,151股，占出席本次股东大会有效表决权股份总


……
[点击查看PDF原文]
提示：本网不保证其真实性和客观性，一切有关该股的有效信息，以交易所的公告为准，敬请投资者注意风险。
展开阅读全文"
请问董秘：1.贵公司最新股东人数数多少人？2.贵公司收购完西安思坦仪器，后期还有,"https://guba.eastmoney.com/news,300084,730510610.html",2017-11-21 11:45:00,【问】请问董秘：1.贵公司最新股东人数数多少人？2.贵公司收购完西安思坦仪器，后期还有并购计划没有？3.贵公司近期股票持续下跌，公司是否有应对措施，4.贵公司取得中核集团合格供应商证书后，公司销售的产品中有多少可以被采购，每年预计有多少销售额和利润。谢谢！ 【答】海默科技：您好，公司2017年11月15日的股东人数为22786；外延式发展是公司长期坚持的发展战略之一；为股东创造利益是公司的本根宗旨之一；公司取得中核集团合格供应商证书是对公司的认可，后续能否获得订单，要根据公司投标情况来确定。谢谢！¶¶2017-11-21 11:45:00 §
海默诡异的走势,"https://guba.eastmoney.com/news,300084,727219372.html",2017-11-11 15:32:07,首先我觉得海默故意发布一则错误的通告（我思前思后都觉得发生几率不大），再来更正，显然是庄家机构筹码不足，降低该通告的冲击力，故意为之。其二，开票4个点，让要买进的自己去买，不至于让他们低位捡筹码。第三 盘口非常明显持续打压对敲，压低股价到最低价收盘。综合机构的总体成本应该在11.5-11.80之间，这则通告已经表明了金库的大门打开了，摇身一变也参与了军工行业，我觉得该涨的日子不涨，有可能周一爆发，甚至涨停。
人工智能、国产芯片龙头 600410华胜天成,"https://guba.eastmoney.com/news,300084,726649279.html",2017-11-09 15:26:12,国产芯片、人工智能持续大涨，华胜天成600410收购美国GD，并持有国产芯片巨头泰凌微电子20%的股份，物联网、大数据、云计算、人工智能集一体的高科技龙头，前途无量。
等你滚回，8.5以下呵呵,"https://guba.eastmoney.com/news,300084,729323130.html",2017-11-17 10:18:05,等你滚回，8.5以下呵呵
8.7先出来看看情况,"https://guba.eastmoney.com/news,300084,729315021.html",2017-11-17 10:09:10,8.7先出来看看情况
一把直尺打天下——海默科技,"https://guba.eastmoney.com/news,300084,729312859.html",2017-11-17 10:06:41,"1.行情打出了较大的宽幅区间
2.行情在区间的下边线，打出了w底后。打出旗形行情看多"
涨停板的节奏啊,"https://guba.eastmoney.com/news,300084,729311093.html",2017-11-17 10:04:35,涨停板的节奏啊
什么孙子在压价出货？卧槽，真要奔8块吗？墨迹了几天，没憋好屁,"https://guba.eastmoney.com/news,300084,722210826.html",2017-10-26 14:39:02,什么孙子在压价出货？卧槽，真要奔8块吗？墨迹了几天，没憋好屁
您好，请问收购思坦仪器事情进展如何了？,"https://guba.eastmoney.com/news,300084,728132322.html",2017-11-14 17:16:00,【问】您好，请问收购思坦仪器事情进展如何了？ 【答】海默科技：您好，公司收购思坦仪器事项在正常推进中，公司将于2017年11月16日召开股东大会审议此次重大资产重组事项，谢谢！¶¶2017-11-14 17:16:00 §
海默科技:2017年第一次临时股东大会的法律意见书,"https://guba.eastmoney.com/news,300084,729136535.html",2017-11-16 19:32:15,"公告日期：2017-11-17
上海市锦天城（西安）律师事务所



关于海默科技（集团）股份有限公司



2017年第一次临时股东大会的



法律意见书



地址：陕西省西安市莲湖区高新四路一号高科广场A座23层



电话：029-87309924 传真：029-89289983



邮编：710075 网址：http://www.allbrightlaw.com



上海市锦天城（西安）律师事务所



关于海默科技（集团）股份有限公司



2017年第一次临时股东大会的



法律意见书



致：海默科技（集团）股份有限公司



上海市锦天城（西安）律师事务所（以下简称“本所”）接受海默科技（集团）股份有限公司（以下简称“公司”）委托，就公司召开2017年第一次临时股东大会（以下简称“本次股东大会”）的有关事宜，根据《中华人民共和国公司法》（以下简称《公司法》）《上市公司股东大会规则》等法律、法规、规章和其他规范性文件以及《海默科技（集团）股份有限公司章程》（以下简称《公司章程》）的有关规定，出具本法律意见书。



为出具本法律意见书，本所及本所律师依据《律师事务所从事证券法律业务管理办法》和《律师事务所证券法律业务执业规则（试行）》等规定，严格履行了法定职责，遵循了勤勉尽责和诚实信用原则，对本次股东大会所涉及的相关事项进行了必要的核查和验证，核查了本所认为出具该法律意见书所需的相关文件、资料，并参加了公司本次股东大会的全过程。本所保证本法律意见书所认定的事实真实、准确、完整，所发表的结论性意见合法、准确，不存在虚假记载、误导性陈述或者重大遗漏，并愿意承担相应法律责任。



鉴此，本所律师根据上述法律、法规、规章及规范性文件的要求，按照律师行业公认的业务标准、道德规范和勤勉尽责精神，现出具法律意见如下：



一、 本次股东大会召集人资格及召集、召开的程序



经核查，公司本次股东大会是由公司董事会召集召开的。公司已于2017年



10月31日在深圳证券交易所网站以及中国证券监督管理委员会指定的创业板信



息披露媒体上刊登《海默科技（集团）股份有限公司关于召开2017年第一次临



时股东大会的通知》，将本次股东大会的召开时间、地点、审议事项、出席会议人员、登记方法、登记和联系地址等予以公告，公告刊登的日期距本次股东大会的召开日期已达16日。



本次股东大会现场会议于2017年11月16日（星期四）下午14:30在甘肃



省兰州市城关区张苏滩 593 号海默科技（集团）股份有限公司四楼会议室如期



召开，由董事长窦剑文先生主持。



网络投票时间：2017年11月15日—2017年11月16日，其中：



① 通过深圳证券交易所交易系统进行网络投票的时间为 2017年11月16



日上午9:30—11:30，下午13:00—15:00；



② 通过深圳证券交易所互联网系统投票的具体时间为2017年11月15日



15:00至2017年11月16日15:00的任意时间。



本所律师审核后认为，本次股东大会召集人资格合法、有效，本次股东大会召集、召开程序符合《公司法》《上市公司股东大会规则》等法律、法规、规章和其他规范性文件以及《公司章程》的有关规定。



二、 出席本次股东大会会议人员的资格



1、出席会议的股东



经核查，根据中国证券登记结算有限公司深圳分公司截至2017年11月10



日15:00深圳证券交易所收市后的《股东名册》,出席本次股东大会的股东共18



人，代表有表决权股份102,165,551股，所持有表决权股份数占公司股份总数的



26.5527%,其中：



（1）出席现场会议的股东



根据公司出席会议股东签名及授权委托书、股东账户卡等材料，出席本次股东大会现场会议的股东为9名，代表有表决权的股份99,072,035股，占公司股份总数的25.7487%。



经本所律师验证，上述股东均持有出席会议的合法证明，其出席会议的资格均合法有效。



（2）参加网络投票的股东



……
[点击查看PDF原文]
提示：本网不保证其真实性和客观性，一切有关该股的有效信息，以交易所的公告为准，敬请投资者注意风险。
展开阅读全文"
今天收一颗,"https://guba.eastmoney.com/news,300084,729007317.html",2017-11-16 15:03:08,今天收一颗
跌得没有人玩了 哈哈 进一点 嘿嘿,"https://guba.eastmoney.com/news,300084,728998676.html",2017-11-16 14:52:38,嘿嘿
可以进点货了,"https://guba.eastmoney.com/news,300084,728979800.html",2017-11-16 14:28:30,可以进点货了
8.45再入200手。追涨杀跌的没出息蠢货。等着看老子吃肉吧。呵呵,"https://guba.eastmoney.com/news,300084,728528601.html",2017-11-15 15:09:00,8.45再入200手。追涨杀跌的没出息蠢货。等着看老子吃肉吧。呵呵
富奥股份0.35业绩9元股票,"https://guba.eastmoney.com/news,300084,728810326.html",2017-11-16 09:36:06,昨天涨停没出，以为要折
金殿环球期货高返佣招公司代理个人代理,"https://guba.eastmoney.com/news,300084,728806493.html",2017-11-16 09:29:12,龘:下周7月10日至14日一周展望，堆量缓涨 大盘
明天召开股东大会审议重组事项，应该会停牌吧？,"https://guba.eastmoney.com/news,300084,728741725.html",2017-11-15 23:58:52,明天召开股东大会审议重组事项，应该会停牌吧？
利好就是出货的日子,"https://guba.eastmoney.com/news,300084,728647233.html",2017-11-15 19:40:02,利好就是出货的日子
300手买入成功，8.48每股。目前平均成本8.56元。欢迎深套,"https://guba.eastmoney.com/news,300084,728457255.html",2017-11-15 13:18:52,300手买入成功，8.48每股。目前平均成本8.56元。欢迎深套
ＳＴ的节奏！,"https://guba.eastmoney.com/news,300084,728518889.html",2017-11-15 14:54:00,有你们这么做的吗？玩跑的快！！
海默就是一坨屎，讲得天花乱坠，屁都不是一个,"https://guba.eastmoney.com/news,300084,728510742.html",2017-11-15 14:42:15,海默就是一坨屎，讲得天花乱坠，屁都不是一个
本周破8指日可待,"https://guba.eastmoney.com/news,300084,728370515.html",2017-11-15 10:22:52,本周破8指日可待
庄你不砸到八元你是我养的,"https://guba.eastmoney.com/news,300084,727474465.html",2017-11-13 10:14:51,庄你不砸到八元你是我养的
垃圾中的战斗机,"https://guba.eastmoney.com/news,300084,728469553.html",2017-11-15 13:38:30,垃圾中的战斗机
8.48元，300手买入,"https://guba.eastmoney.com/news,300084,728455246.html",2017-11-15 13:15:27,8.48元，300手买入
垃圾你准备什么时候不跌了,"https://guba.eastmoney.com/news,300084,728454108.html",2017-11-15 13:13:25,垃圾你准备什么时候不跌了
海默科技:关于获得中核集团合格供应商证书的公告,"https://guba.eastmoney.com/news,300084,728116542.html",2017-11-14 17:23:30,"公告日期：2017-11-15
证券代码：300084 证券简称：海默科技 公告编号：2017—080



海默科技（集团）股份有限公司



关于获得中核集团合格供应商证书的公告



本公司及董事会全体成员保证信息披露的内容真实、准确、完整，没有虚假记载、误导性陈述或重大遗漏。



海默科技（集团）股份有限公司（以下简称“公司”）近日收到中国核工业集团公司(简称“中核集团”)委托兴原认证中心有限公司审查后颁发的《中核集团合格供应商证书》（证书编号：CNNC-170084300）,有效期最长为三年，可至2020年11月5日。



此证书适用于公司以下产品（或服务）：MPFM流量计及其相分率检测仪（单能 射线两相、双能 射线三相）、防爆数据采集系统的设计和生产；A级压井管汇的设计和生产（仅限兰州城临石油钻采设备有限公司）；金属结构件的加工。



公司本次通过中核集团合格供应商资格审查，是对公司产品质量、技术能力、质保能力、商务能力、售后服务及财务等方面进行系统、集中考核，标志着公司相关产品(或服务)已满足核工业领域的要求，具有向中核集团总部及其下属单位提供产品（或服务）的资格，对公司业务延伸具有积极的作用。



公司此次获得上述证书对公司当年经营业绩不会产生重大影响，请投资者注意投资风险。



特此公告。



海默科技（集团）股份有限公司



董事会



2017年11月14日




[点击查看PDF原文]
提示：本网不保证其真实性和客观性，一切有关该股的有效信息，以交易所的公告为准，敬请投资者注意风险。
展开阅读全文"
12.2海默流通股上市，跌的大小便失禁,"https://guba.eastmoney.com/news,300084,728434727.html",2017-11-15 12:16:15,马哥八字，一直阴跌，我倒是融资2000W搭救你们一把。
这是人与兽的较量！！！,"https://guba.eastmoney.com/news,300084,727914676.html",2017-11-14 10:40:03,这是人与兽的较量！！！
下跌都是假的，我们是不承认的。兄弟们，你们狠狠的买。我有大量的资金在美国跟印度下,"https://guba.eastmoney.com/news,300084,721030100.html",2017-10-24 10:31:23,下跌都是假的，我们是不承认的。兄弟们，你们狠狠的买。我有大量的资金在美国跟印度下个星期就到了。我要连杀18个涨停。
补缺口,"https://guba.eastmoney.com/news,300084,728337281.html",2017-11-15 09:33:32,补缺口
这票近期动了这么多，散户们是不是应该继续留着那?,"https://guba.eastmoney.com/news,300084,727162268.html",2017-11-11 01:41:35,这票近期动了这么多，散户们是不是应该继续留着那?
换手率越来,"https://guba.eastmoney.com/news,300084,728277242.html",2017-11-15 01:01:57,换手率越来
此时此际东,"https://guba.eastmoney.com/news,300084,727331284.html",2017-11-12 15:57:04,此时此际东
此票 一些暗藏的大量资金已经开始涌动了，主力这样是有目的的,"https://guba.eastmoney.com/news,300084,727096465.html",2017-11-10 19:23:07,此票 一些暗藏的大量资金已经开始涌动了，主力这样是有目的的
12.2要解禁了，我靠,"https://guba.eastmoney.com/news,300084,728257192.html",2017-11-14 23:03:40,12.2要解禁了，我靠
近期大盘暴跌了吗？有利空吗？要ST了吗？显然都木有，那么为何跌跌不休呢？既然消息,"https://guba.eastmoney.com/news,300084,728035763.html",2017-11-14 14:35:52,"近期大盘暴跌了吗？有利空吗？要ST了吗？显然都木有，那么为何跌跌不休呢？既然消息很差都要跑路为何不跌停？
所有的疑问和问题都是无中生有。
大盘近来不但未下跌而且还涨了不少，如果利空很大就直接跌停好了。
答案是庄家手里筹码不是很足。散户又不肯割肉。那就磨的你们失望至极。物极必反是真理。切记"
还好9.06亏2000逃了，留到现在那惨了[大便],"https://guba.eastmoney.com/news,300084,727912039.html",2017-11-14 10:36:43,还好9.06亏2000逃了，留到现在那惨了[大便]
孙子又在压单了,"https://guba.eastmoney.com/news,300084,728040742.html",2017-11-14 14:43:34,孙子又在压单了
今天成交量放大是好事，资金已经开始按耐不住了，按现在小默的价位向上冲击的概率很大,"https://guba.eastmoney.com/news,300084,727124109.html",2017-11-10 21:08:08,今天成交量放大是好事，资金已经开始按耐不住了，按现在小默的价位向上冲击的概率很大，反正我已满仓，静静地等待…
爷300万在8.5一线等你。主力不跌下来你就是表字生的，呵呵,"https://guba.eastmoney.com/news,300084,718584262.html",2017-10-18 15:08:23,爷300万在8.5一线等你。主力不跌下来你就是表字生的，呵呵
缺口已补  可以玩玩,"https://guba.eastmoney.com/news,300084,728008371.html",2017-11-14 13:54:11,缺口已补 可以玩玩
