标题,链接,发布时间,内容
拖累创业板的垃圾,"https://guba.eastmoney.com/news,300378,743211458.html",2018-01-25 13:45:26,如无意外这垃圾又准备带绿帽了[不赞]
跑车:那只猫最近不见了?,"https://guba.eastmoney.com/news,300378,743200111.html",2018-01-25 13:14:10,跑车:那只猫最近不见了?
感谢邹死惩那个无良记者的报道，让我买到跟朋友的筹码,"https://guba.eastmoney.com/news,300378,743162805.html",2018-01-25 10:38:07,感谢邹死惩那个无良记者的报道，让我买到跟朋友的筹码
垃圾般的控盘水平，创业板反转了,"https://guba.eastmoney.com/news,300378,743139857.html",2018-01-25 09:51:48,垃圾般的控盘水平，创业板反转了
你们进来接盘，就是股东了，光荣啊,"https://guba.eastmoney.com/news,300378,742345976.html",2018-01-19 15:13:16,你们进来接盘，就是股东了，光荣啊
狗屎操盘手看看人家安硕庄是怎么样的实力,"https://guba.eastmoney.com/news,300378,742924419.html",2018-01-24 09:38:47,狗屎操盘手看看人家安硕庄是怎么样的实力
鼎捷软件:关于媒体报道的澄清公告,"https://guba.eastmoney.com/news,300378,742158013.html",2018-01-18 17:54:46,"公告日期：2018-01-18
证券代码：300378 证券简称：鼎捷软件 告编号：2018-01005



鼎捷软件股份有限公司



关于媒体报道的澄清公告



本公司及董事会全体成员保证信息披露内容的真实、准确和完整，没有虚假记载、误导性陈述或重大遗漏。



一、澄清说明



昨日有媒体发布和转载了标题为《鼎捷软件上市后业绩“变脸”涉IPO财



务造假》的文章，该文未经核实，影响恶劣，已对公司造成负面影响，公司表达严正的抗议并已正式委托律师对该媒体发律师函，也在此呼吁广大的投资大众及媒体勿再相信或传播，公司特澄清如下:



1. 公司于《2014年年度报告》中披露，公司于2015年3月26日召开第二



届董事会第七次会议审议通过《关于确认2014年度坏账核销的议案》，于2014



年度予以核销，由公司备查登记并继续催收，其中包括旺旺（中国）投资有限公司等公司的应收款项。



旺旺(中国)投资有限公司于2011年5月5日及8月30日分别向公司购买



易成管理软件及工作流软件，并依合同陆续支付款项。但由于负责新业务的相关公司关停，最终尚有余款并未支付，公司已根据会计准则的相关规定提列坏账准备，相关风险已充分体现，后续核销程序符合相关法律法规及公司内部规定。



公司昨日已正式去电与报导提及的旺旺集团发言人朱纪文先生取得直接联系，并表达严正抗议，朱先生表示并未接受该文记者访问。



该报导文中所提其余客户经公司逐一核查合同及相关核销程序，均合法合规。



2. 近年制造业面临转型，挑战和机遇并存，为积极响应企业客户面对智能



制造迫切的转型需求，公司仍坚持新产品、互联网及物联网整合方案的投入，并分别于2014 年及2015 年发布的新一代中大型 ERP 产品E10及针对大型、



大型集团以及超大型企业的智能制造解决方案 T100，新产品的投入加上人力成



本的上升都使公司于投入期费用压力加重。



3.企业管理软件实施过程中涉及客户企业内部的全流程，较为复杂，且受客户信息化程度及双方配合等因素影响，造成部分客户对信息化结果产生落差，导致部分款项无法收回。因此公司近年除了于合同条款上把控风险外也积极思考转型，逐渐转以实施成果为交付物的营运模式，聚焦客户实施效益，以客户效益/满意度为导向，并能将公司的行业经营优势有效变现，逐步提升公司人均产能，成为公司重要的利润增长点。



4.公司成立迄今36年，始终坚持诚信经营，规范运作，全体员工兢兢业业



不懈努力，公司将扞卫到底，同时，对各界朋友、客户、投资者及媒体朋友的支持、打气与慰问表达衷心的感谢，鼎捷全体员工仍会坚守价值，不忘初心，为广大的企业客户继续提供有感优质的服务，为智能制造不懈努力。



二、其他说明及重要提示



1、公司目前经营稳定，主营业务经营状况良好。公司会按照相关法律、法规以及规定披露信息，积极保障全体股东的合法利益。



2、公司郑重提醒广大投资者，《证券时报》、《中国证券报》及巨潮资讯网（http://www.cninfo.com.cn）为公司指定的信息披露媒体，公司所有信息均以上述指定媒体刊登的信息为准。



3、敬请广大投资者理性投资，注意风险。



特此公告。



鼎捷软件股分有限公司董事会



二零一八年一月十八日




[点击查看PDF原文]
提示：本网不保证其真实性和客观性，一切有关该股的有效信息，以交易所的公告为准，敬请投资者注意风险。
展开阅读全文"
操，就是真的作假也没有浦发银行厉害！,"https://guba.eastmoney.com/news,300378,742819891.html",2018-01-23 14:49:10,操，就是真的作假也没有浦发银行厉害！
一些老狗出来了，逢高减仓吧。,"https://guba.eastmoney.com/news,300378,743089808.html",2018-01-24 20:13:21,一些老狗出来了，逢高减仓吧。
股价还是偏高,"https://guba.eastmoney.com/news,300378,742452073.html",2018-01-21 01:23:50,股价还是偏高
又来了篇报道，明天又麻烦了，小邹你没病吧，有本事去公司找他们去啊，伤我们散户,"https://guba.eastmoney.com/news,300378,742766489.html",2018-01-23 11:37:42,又来了篇报道，明天又麻烦了，小邹你没病吧，有本事去公司找他们去啊，伤我们散户干嘛
作，又报料了！跌吧，我在抄回来[大笑],"https://guba.eastmoney.com/news,300378,742811658.html",2018-01-23 14:29:22,作，又报料了！跌吧，我在抄回来
2017年利润预计增长30%左右！,"https://guba.eastmoney.com/news,300378,743075616.html",2018-01-24 18:06:47,2017年利润预计增长30%左右！
老话说的好便宜没好货 好货不便宜,"https://guba.eastmoney.com/news,300378,743044026.html",2018-01-24 15:05:58,垃圾就是垃圾
东方财富涨停,"https://guba.eastmoney.com/news,300378,743031521.html",2018-01-24 14:36:15,垃圾
打到10以下让台湾佬减持。,"https://guba.eastmoney.com/news,300378,743028509.html",2018-01-24 14:29:15,打到10以下让台湾佬减持。
现在卖出的是SB，创业板反转了,"https://guba.eastmoney.com/news,300378,743021793.html",2018-01-24 14:14:22,垃圾
支持记者搞死这家垃圾公司。最好弄大一点,"https://guba.eastmoney.com/news,300378,743015623.html",2018-01-24 14:00:53,支持记者搞死这家垃圾公司。最好弄大一点
郭台铭的富士康将投资控股鼎捷软件的公告,"https://guba.eastmoney.com/news,300378,634468474.html",2017-04-27 09:43:53,"特大利好：郭台铭的富士康将投资控股鼎捷软件
随着公司T100的推出，已经奠定了公司在智能制造中的领先地位，公司聘了这么多高材生，是不是应该要在大陆市场好好的发展一些像富士康和旺旺集团这样的大客户，一方面开拓市场一方面稳定收入。更何况富士康和本公司都有着台资背景。
鼎捷软件：
: 您好，感谢您的建议。公司目前在亚太地区已经有累计超过50,000家的企业客户，更有多家案例客户，富士康即为公司的案例客户。公司在推出针对大型、大型集团以及超大型企业，融合互联网＋工业4.0的智能制造解决方案T100后，更有能力往超大型企业移动，未来，公司会基于战略发展或业务扩展，开拓更多客户。谢谢关注"
这个记者翻出几年前网上的模糊内容打几个电话就想达到哗众取宠并且实质坑了鼎捷小散。,"https://guba.eastmoney.com/news,300378,742894029.html",2018-01-23 23:47:30,这个记者翻出几年前网上的模糊内容打几个电话就想达到哗众取宠并且实质坑了鼎捷小散。上市前就有质疑的，但仍然通过了审核，说明鼎捷是有实力的，并且是35年的老企业。其实前几年的创业板上市80%都被质疑过。那创业板是否要全部推倒重来。现在翻几年前旧帐没针对现在业绩就是坑小散。并且鼎捷已经是国内数一数二的同行业优秀企业。记者这种打电话发稿模式就是坑小散。
软件股全部涨停,"https://guba.eastmoney.com/news,300378,742965300.html",2018-01-24 11:02:28,鼎捷软件垃圾你
暴风科技  上海钢联  中科信息全部连续涨停,"https://guba.eastmoney.com/news,300378,742974392.html",2018-01-24 11:22:45,创业板即将复制2015年年初牛市走势
买了你这个辣鸡，真是前辈子种下的苦果吗,"https://guba.eastmoney.com/news,300378,743011567.html",2018-01-24 13:51:53,买了你这个辣鸡，真是前辈子种下的苦果吗
跑车，继续往下打，我减仓了2/3。,"https://guba.eastmoney.com/news,300378,743009108.html",2018-01-24 13:46:50,跑车，继续往下打，我减仓了2/3。
今晚会出年度业绩预报，但不用指望了，好也没用的,"https://guba.eastmoney.com/news,300378,743006861.html",2018-01-24 13:42:15,今晚会出年度业绩预报，但不用指望了，好也没用的
不需要涨，继续大跌最好。,"https://guba.eastmoney.com/news,300378,743004622.html",2018-01-24 13:37:40,不需要涨，继续大跌最好。
昨天把暴风科技卖了换了鼎捷软件亏哭了,"https://guba.eastmoney.com/news,300378,742988425.html",2018-01-24 12:33:50,暴风科技明天继续昨天的话 那更加亏大了
会有更低的价格买，我准备三年解套。,"https://guba.eastmoney.com/news,300378,742980974.html",2018-01-24 11:43:39,会有更低的价格买，我准备三年解套。
乐视网复盘，创业板利空出尽是利好,"https://guba.eastmoney.com/news,300378,742879625.html",2018-01-23 21:02:56,创业板明天开始复制2015年1月5日的牛市走势，
狗拖太多，等这些狗拖死完就差不多了。,"https://guba.eastmoney.com/news,300378,742965875.html",2018-01-24 11:03:40,狗拖太多，等这些狗拖死完就差不多了。
只有股价上涨，谣言才能不攻自破！,"https://guba.eastmoney.com/news,300378,742960274.html",2018-01-24 10:51:34,只有股价上涨，谣言才能不攻自破！
"投资机会产业链存在万亿空间 智能制造的本质,是将智能装备通过通信技术有机连接起来","https://guba.eastmoney.com/news,300378,742488196.html",2018-01-21 19:49:25,"投资机会产业链存在万亿空间
智能制造的本质,是将智能装备通过通信技术有机连接起来,实现生产过程自动化;并通过各类感知技术收集生产过程中的各种数据,通过工业以太网等通信手段,上传至工业服务器,在MES/DCS软件系统的管理下进行数据处理分析,并与企业资源管理软件,提供最优化的生产方案或者定制化生产,最终实现智能化生产。
据此可将智能制造划分为感知层、网络层、执行层和应用层。
在实际中,智能制造产业链发展的顺序,首先实现自动化,然后信息化,再次互联化,最后智能化。产业链落地顺序则是从硬件到软件,从物理到网络。
整个产业链中涵盖智能装备、工业互联网、工业软件、3D打印以及将上述环节有机结合的自动化系统集成及生产线集成等。
目前我国智能制造产业已经迈入“万亿时代”。2015年我国智能制造产值在1万亿元左右,2020年有望超过3万亿元,年复合增长率约20%。具体到产业链上的投资机会,主要包含工业机器人、工业互联网、工业软件和3D打印。
工业互联网就是智能工厂的神经。通过各种信息采集和感知技术,将生产中的信息转为数字信号,通过无线传输、总线技术或者工业以太网等技术将信号传递给计算机系统或者展示给生产人员,经过数据分析处理后,实施更加精确和效率更高的工业生产操作。
工业软件方面,国内工业软件ERP渗透率相对较高,而MES/DCS等生产环节控制软件普及率还相当低。据统计,中国到2025年,工业软件的市场需求将会超过1000亿元人民币,而在这个市场上,仍然以国外的软件公司为主导,国内厂商国产替代空间巨大。
同时,未来3D打印行业将保持高速增长,到2018年全球3D打印总收入突破100亿美元。国内3D打印尚处在起步阶段,未来发展空间巨大。
浙商证券认为,每一轮的智能制造主题投资,基本可以按照这样的顺序进行投资:集成商、机器人和数控机床、信息化、传感器和RFID,最后是3D打印和机器视觉等。随着政策力度的不断扩大且此次事件驱动叠加政策预期,智能制造未来发展潜力巨大。
建议关注产业链上的投资机会:第一,工业机器人领域,到2020年,国内工业机器人的保有量将达到60万台,关注机器人、华中数控;第二,工业软件领域MES/DCS等生产环节控制软件的国产替代,关注鼎捷软件、用友网络。"
300378会跌到5元附近……,"https://guba.eastmoney.com/news,300378,742422513.html",2018-01-20 13:06:57,300378会跌到5元附近……
真假,"https://guba.eastmoney.com/news,300378,742877648.html",2018-01-23 20:46:01,可以说上市公司90%以上都是包装上市，毛病在多方（如：券商、会计所、发审委等等），像文章提到这种造假（假设真的存在）也是不值得一提之事，如果这样都退市，那中国股市已无有几家公司了，发审委又做何回答呢？，此记者去告发审委吧。
无良记者露马脚了!,"https://guba.eastmoney.com/news,300378,742874655.html",2018-01-23 20:20:53,有据可查，上次记者言之凿凿，说“经查，旺旺集团并未向鼎捷软件进行过采购。”现在又言之凿凿证明旺旺采购了鼎捷软件的产品，只是往来账目需要澄清，你他妈胆子还真正！
乐视来了，颤抖吧，散户！这才是大跌的原因！,"https://guba.eastmoney.com/news,300378,742895510.html",2018-01-24 00:12:32,乐视来了，颤抖吧，散户！这才是大跌的原因！
智能机器行业喜迎政策红包 11只高成长股凸显潜力,"https://guba.eastmoney.com/news,300378,742891989.html",2018-01-23 23:17:14,智能机器行业喜迎政策红包 11只高成长股凸显潜力
这个记者就是鼎捷的竞争对手来黑鼎捷的。翻出几年前网上的内容打几个电话就想达到哗众,"https://guba.eastmoney.com/news,300378,742891086.html",2018-01-23 23:05:30,这个记者就是鼎捷的竞争对手来黑鼎捷的。翻出几年前网上的内容打几个电话就想达到哗众取宠并且诋毁鼎捷的目的。上市前就有质疑的，但仍然通过了审核，说明鼎捷是有实力的，并且是35年的老企业。其实前几年的创业板上市80%都被质疑过。前几年主板那些无主业负债累累的还都能借到好壳呢，难道你能让那些借壳变成优秀的企业再掏出它的坏账重新去壳，那证券市场就要推倒重来，唯恐天下不乱。现在翻几年前旧帐就是坑小散。并且鼎捷已是国内数一数二的同行业优秀企业。记者有这份心，去盯那些准备上市有残疾的公司才算是真正正义的保护投资者。而不是从网上搜搜就发表，那么记者行业也太容易了。
记者断章取义，文章带有浓烈的个人感情色彩,"https://guba.eastmoney.com/news,300378,742882060.html",2018-01-23 21:24:35,"阅读完成第二篇报道后，所谓的作假核销涉及企业和鼎捷均有合作接触的关系，对其软件也有试用过，只是最后不承认欠债这么多而已，说已经付过了付了多少呢。那不就是欠债的不认账吗，能赖的账谁会代表公司去认账。就像第一篇旺旺集团一会说没有，现在又说有了，说付过了。那付的是不是和鼎捷签合同上的实际金额呢。记者弄了半天除了电话核实了几家电话声称以外就没有任何实际实地的调查了，旺旺在上海鼎捷也在上海啊，怎么不去鼎捷那里查询那几家核销的合同呢。做在办公室里打打字就能出真相了吗

而且核销的又不只是这几家，其余确认到的记者怎么不说就盯着核实不到的在说，选择性失明吗"
认真看了下鼎捷软件发展史还是蛮有潜力的,"https://guba.eastmoney.com/news,300378,742361897.html",2018-01-19 16:50:20,公司94年在台湾成立，有着悠久的历史，比腾讯，阿里巴巴还要悠久，是中国工业软件龙头企业，目前公司销售收入保持年10%增长，今年净利润保持70%增长，今年净利润估计7000万左右，其实公司技术服务占总收入比达50%，毛利率达98%，超过贵州茅台，其他项目的毛利率也有40%以上，如果公司把销售费用相应控制一下，降5个点的话，净利润就增加5000多万，估价市盈率回到20多，估价上30不是梦。
上证50连涨记录20天！,"https://guba.eastmoney.com/news,300378,742880585.html",2018-01-23 21:11:04,上证50连涨记录20天！
它越趺你越买入，真造假的话会有人赔的,"https://guba.eastmoney.com/news,300378,742877459.html",2018-01-23 20:44:24,它越趺你越买入，真造假的话会有人赔的
让狗咬狗，看最后谁赢。坐等看戏。闹越大越好。,"https://guba.eastmoney.com/news,300378,742876828.html",2018-01-23 20:39:00,让狗咬狗，看最后谁赢。坐等看戏。闹越大越好。
希望记者整死这个鸟公司。闹越大越好。总会有真相大白的一天。,"https://guba.eastmoney.com/news,300378,742866087.html",2018-01-23 19:09:06,希望记者整死这个鸟公司。闹越大越好。总会有真相大白的一天。
鼎捷软件这回如何澄清IPO财务造假？一堆“客户”再次否认欠钱！,"https://guba.eastmoney.com/news,300378,742866584.html",2018-01-23 19:13:36,"1月18日，鼎捷软件发布《关于媒体报道的澄清公告》，对《国际金融报》的报道《鼎捷软件上市后业绩“变脸” 涉IPO财务造假》进行质疑，表示文章“严重失实”，声称将保留追究法律责任的权利。


事实胜于雄辩。


现在，我们就让大家看看，是本报的报道“严重失实”，还是鼎捷软件在撒谎？


旺旺表示，不欠钱！未收到过催收文件！


鼎捷软件2014年年报显示，旺旺（中国）投资有限公司欠货款59.85万元，多次催收未果，予以核销。


1月20日，旺旺（中国）投资有限公司给《国际金融报》发来了官方答复函。


内容大致为：



一、本公司为SAN WANT HOLDINGS LIMITED全资子公司，非中国旺旺控股有限公司子公司。


二、就来函提及旺旺（中国）投资有限公司与鼎捷软件股份有限公司账款问题，经查：本公司于2011年5月5日及2011年8月30日曾代为筹建中关联公司，向鼎捷软件股份有限公司购买易成管理软件及实施服务，据本公司记录所示，已付清前述全部应付鼎捷软件股份有限公司款项，且本公司并未收到过鼎捷软件股份有限公司催收文件。


谨慎起见，本公司曾于2018年1月18日下午与鼎捷软件股份有限公司联系，说明据本公司记录双方合作款项已清且本公司可提供财务凭证供其核查，并建议鼎捷软件股份有限公司提供其所宣称的本公司欠款凭证、催款记录或询证函等以便双方厘清核实。





旺旺（中国）投资有限公司加盖过公章的答复函数据来源：收到的答复函


那么，鼎捷软件核销货款的依据在哪？真实性在哪？


重庆新格有色金属有限公司再次表示，不欠钱！


鼎捷软件于澄清公告中表示，“该报道文中所提其余客户经公司逐一核查合同及相关核销程序，均合法合规。”


鼎捷软件2014年年报显示，重庆新格有色金属有限公司欠货款42万元，多次催收未果，予以核销。


此前，《国际金融报》记者就采访过重庆新格有色金属有限公司财务部工作人员，该工作人员明确表示不欠鼎捷软件货款。


为此，《国际金融报》记者再次对重庆新格有色金属有限公司进行采访核实。


重庆新格有色金属有限公司财务部李经理对记者表示，“什么叫多次催收，我们又不欠他们钱。我们账上都没有挂他们的账。后来都没有用他们的软件，当时是全部付清了的，当期按合同的要求付清了。”


重庆百事达汽车有限公司表示，并无债权债务关系！


鼎捷软件2014年年报显示，重庆百事达汽车有限公司欠货款22.5万元，多次催收未果，予以核销。


在上述报道中，《国际金融报》记者就采访过重庆百事达汽车有限公司总经理办公室何主任。


为了核实情况，《国际金融报》记者再次采访了重庆百事达汽车有限公司总经办何主任。


何主任对《国际金融报》记者明确表示，“我之后也询问了我们的财务，因为我们公司有五十几家分公司，我只有通过财务才能确定回复。财务确定回复，没有和鼎捷软件有账务上的往来。然后，我也问了当年有可能负责这个项目的同事，他说鼎捷软件和我们有过接触，曾经讨论过合作，但最终没有成。还没有进入付款这段，就已经终止合作。不会有账面上的往来。从财务口径，我也确认过了没有。从业务口径也确认过了。”


另外，何主任强调，“我在这个公司已经工作很久了。”


当年负责过该项目的何主任同事罗先生对《国际金融报》记者表示，“说实话，我没有义务来回答你的问题。但我认为这件事情出来以后，可能会影响到我们公司的声誉，这个我澄清一下，没有这件事情。当时，我们和他们有接触，就是有个意向。后来在接触过程中，发现他们的产品和服务跟我们之间并不合适，就终止了合作。实际上，我们没有接收他们的任何产品和服务，也就是说，这个应收款就是不存在的事。”


对于接触细节，罗先生表示，“大概发生在2012年，但最后财务上并不构成债权债务关系。当时它并不是一个标准产品，而是一种开发平台，需要定制开发。在前期接触当中，我们认为他们给其他类似客户做的东西还不错。后来由于觉得不合适，很快地就终止了合作。为此，我们公司还损失了几万块钱。”


为何会损失几万元？


罗先生对《国际金融报》记者解释，“就是公司付了预付款，不合作的话，钱可能收不回来。他们也没有开发票，也没有退钱。后面就不了了之，当然不可能构成债权债务关系了。”


此外，记者询问鼎捷软件是否催收过“货款”，罗先生对记者表示，“鼎捷软件的法律部门后来发过一份欠款函，但是因为我们知道具体情况，当时我就和相关部门澄清了这个事情。我想，他们内部来讲按流程公事公办，这问题他们也知道，并没有异议。我想这（问题）是不是出在他们的财务部门，是不是可能账务上没按实际情况，及时做账务处理。这个金额也不是很大，上市公司也可能不在乎这几十万块钱。”


广州市菲星数码科技股份有限公司表示，不欠！不欠！公司有大把钱为什么要欠？


鼎捷软件2014年年报显示，广州市菲星数码科技股份有限公司欠货款21.34万元，多次催收未果，予以核销。


和上述情况一样，此前记者就采访过广州市菲星数码科技股份有限公司相关工作人员。


为了证明《国际金融报》的报道没有任何失实，记者再次采访了广州市菲星数码科技股份有限公司黄经理。


黄经理明确告诉记者，“其实我在这个公司很多年了，从来没听说过欠鼎捷软件货款之事。刚才我也问了财务人员，其也做了五六年，表示没有听说过公司欠鼎捷软件的钱。至于他们是否真的签过这个合同，到付款之前，大概我们不做了，可能会有。但合同签了，也会有首付多少，尾款多少，或者其他约定，有合同就会体现。我们不欠他们钱，我们公司有大把钱，每年利润几千万，为什么要欠？”


记者询问黄经理是否查过公司的账，黄经理对记者表示，“对，上次你打过电话来了。后来同事就问了财务，都说没有这件事。”


黄经理对《国际金融报》记者说，“其实我是2010年8月来的，都没听说过欠鼎捷软件的钱。就是说2010年到目前，都不会欠他们的钱。像我们公司，只有别人欠我们钱，我们没有欠别人钱。”


再问应收款项怪现象


《鼎捷软件上市后业绩“变脸”涉IPO财务造假》提及，为何鼎捷软件上市前应收账款猛增，上市之后应收账款连续下降？为何鼎捷软件上市后坏账损失比上市前明显增加？


另外，鼎捷软件2014年1月于深交所挂牌上市，其2014年年报显示，1年至2年的应收账款约为1亿元。经过两年时间，鼎捷软件2016年年报显示，3年至4年的应收账款约为3688.33万元。


鼎捷软件2013年年报显示，1年至2年的应收账款约为3709.68万元，经过三年时间，鼎捷软件2016年年报显示，4年至5年的应收账款约为1790.04万元。


一位财税专家对记者表示，“应收账款被核销，会减少账面上的应收账款。”


鼎捷软件2013年至2016年实际核销的应收账款分别约为732.9万元、1107.79万元、1104.93万元、318.88万元。


那么这些应收账款有多少被回收了呢？


鼎捷软件于澄清公告中表示，部分客户对信息化结果产生落差，导致部分款项无法收回，逐渐转以实施成果为交付物的营运模式。


那么，因为客户对结果有落差，这部分应收款就无法收回？主要是鼎捷软件的原因，还是客户的“无赖”造成的，或是其他原因？




鼎捷软件澄清公告摘要 数据来源：鼎捷软件公司公告


记者曾于1月18日11点39分，就上述部分问题以采访函的形式发送，并拨打鼎捷软件董秘办电话。




国际金融报采访函记录 来源：企业邮箱


鼎捷软件董秘办工作人员对记者表示，“该说的都已经说过了，不会再对采访函进行回复。”


值得注意的是，鼎捷软件澄清公告表示，其货款的核销“合法合规”，由公司备查登记并继续催收，其中包括旺旺（中国）投资有限公司等公司的应收款项。那么，鼎捷软件是否已尽力催收货款？它需要核销的货款到底有多少？是哪些客户？


为了了解事情的真相，记者要求鼎捷软件提供所有的核销客户名单，但其并没有提供。


著名律师严义明表示，“公司法规定了公司高管的勤勉和忠诚义务，一般情况下，如果对应收账款不做回收努力，简单核销是不负责任的行为，违反了上述公司法义务。”


再问鼎捷软件：何来报道未经核实？


鼎捷软件澄清公告表示，本报《鼎捷软件上市后业绩“变脸”涉IPO财务造假》未经核实。


事实是，在《鼎捷软件上市后业绩“变脸”涉IPO财务造假》发布前一日16点34分，本报就已发采访邮件（注有固机、手机、传真、邮箱、地址等等）至鼎捷软件，随后电话告知其相关工作人员尽快回复。对方表示，采访提纲已收到。但截至发稿，本报并没收到鼎捷软件的回复，对方也没有告知，因为要核实相关问题，需要延后回复。




国际金融报采访函记录 来源：企业邮箱


要强调的是，在本报文章发出后一个小时，鼎捷软件相关人员便联系到记者本人，后来本报也收到其律师函。


而此前，鼎捷软件均未就相关问题，对记者作出答复，或要求延迟。


所以鼎捷软件所谓未经核实的表述，与事实完全不相符合，属于欺骗投资者的不负责行为。


同样，本报对旺旺集团的采访，有着充分证据，包括11个通话，2条短信，16条微信。


旺旺集团北京首席代表林天良多次明确表示，“旺旺（中国）投资有限公司是旺旺集团所属公司，该公司也未向鼎捷软件进行采购。敝集团法务部门将去函鼎捷软件，要求澄清。”


需要说明的是，上述回复是林天良将相关问题转发至旺旺集团发言人室之后，相关方面确认后得到的回复。


林天良对记者强调，上述相关言论请引用旺旺集团发言人朱纪文。


报道发出后，也转给了林天良先生，其也没有对报道的真实性进行质疑。


除了旺旺，本报的上述报道中的每家客户，都按照新闻报道的规范进行了采访，没有任何失实之处。


对于上述任何问题，本报都有充分证据，欢迎鼎捷软件以及广大读者和投资者来查证。
展开阅读全文"
中午再次出现国际金融报记者“反驳事件”，作为国产第二大软件股，你们如何对此做出回,"https://guba.eastmoney.com/news,300378,742860496.html",2018-01-23 18:12:16,中午再次出现国际金融报记者“反驳事件”，作为国产第二大软件股，你们如何对此做出回应？
鼎捷软件连年减持涉嫌违规！,"https://guba.eastmoney.com/news,300378,742864284.html",2018-01-23 18:52:25,鼎捷软件2017年通年大幅减持，紧接着2018年又宣布不间断减持，造成该股股价暴跌，股民损失极其惨重。如果这种明目张胆的掠夺行为不算违规，那么所谓保护中小投资者权益的说法就成了笑柄，往好里想，我们宁可相信这是管理部门疏于管理，让鼎捷软件高管们钻了制度的控子所致。只有说清了他们是违规减持，证监会才可能干预，才可能迫使他们停止减持，并勒令他们增持，鼎捷软件股价才可能真正获得新生，因此，我们要做的就是向证监会举报鼎捷软件违规减持！
鼎捷软件和用友网络那个估计合理  都是一个行业,"https://guba.eastmoney.com/news,300378,742795003.html",2018-01-23 13:48:48,用友现价23，
请问贵公司面对财务造假一事，真假与否、有没有考虑如何维护二级市场中小投资者的利益,"https://guba.eastmoney.com/news,300378,742859810.html",2018-01-23 18:05:24,请问贵公司面对财务造假一事，真假与否、有没有考虑如何维护二级市场中小投资者的利益问题。希望贵公司拿出具体行动。
请问贵公司面对财务造假一事，真假与否、有没有考虑如何维护二级市场中小投资者的利益,"https://guba.eastmoney.com/news,300378,742859293.html",2018-01-23 18:00:26,请问贵公司面对财务造假一事，真假与否、有没有考虑如何维护二级市场中小投资者的利益问题。
造没造假他们股东心里最清楚。,"https://guba.eastmoney.com/news,300378,742846152.html",2018-01-23 16:29:12,造没造假他们股东心里最清楚。
怎样向证监会举报,"https://guba.eastmoney.com/news,300378,742824329.html",2018-01-23 14:59:24,怎样向证监会举报
对于鼎捷是否财务作假，深交所是否发函询问,"https://guba.eastmoney.com/news,300378,742823628.html",2018-01-23 14:57:41,对于鼎捷是否财务作假，深交所是否发函询问
软件服务类行业的合同官司多到打不完，怎么可能每件都起诉,"https://guba.eastmoney.com/news,300378,742837616.html",2018-01-23 15:43:56,软件服务类行业的合同官司多到打不完，而且纠纷很难判断，起诉付出的隐性成本太高，怎么可能每件都起诉
我已经打电话警告鼎捷软件了 如果他们不起诉记者 我就向证监会举报他们。,"https://guba.eastmoney.com/news,300378,742826585.html",2018-01-23 15:05:19,我已经打电话警告鼎捷软件了 如果他们不起诉记者 我就向证监会举报他们。
我已经向公司发信函了 如果不起诉媒体 我将向证监会举报鼎捷科技业绩造假。虽然没买,"https://guba.eastmoney.com/news,300378,742800189.html",2018-01-23 14:02:01,我已经向公司发信函了 如果不起诉媒体 我将向证监会举报鼎捷科技业绩造假。虽然没买多少 但是本人看到这些垃圾台湾巴子骗钱就火大。
希望国际金融报招人要慎重，不要被这种记者坏了名声,"https://guba.eastmoney.com/news,300378,742826874.html",2018-01-23 15:06:15,客观评价，我觉得这个记者要么是想出名想疯了，要么是想钱想疯了，而且无财务专业背景知识，盯着个N年前的应收账款和坏账就直接能得出“IPO造假”？可以原谅你的无专业背景知识，但是这种逻辑怎么毕业的？不过“脑洞”大的挺少有的，脑补能力也是超强的。这么费劲采访这个采访那个，有这时间多去学学专业知识，多去研究研究上市公司财报，绝对让你大有收获，盯着这一家，又没有其他重要科目数据去佐证，绝对是提前锁定好目标的，说目的单纯怎么可能？之所以在这里说这么多话纯粹是看不惯这种记者，看这种低水准文章应该既不是资深记者也不是专业财经记者所写，要是冲着利益去，真看不起这种人，鼎捷软件要是有骨气就应该找证据把这种没有职业道德的人送到公众和法律面前。
这个记者的职业生涯算是到头了，偷鸡不成反蚀把米,"https://guba.eastmoney.com/news,300378,742825807.html",2018-01-23 15:03:04,这个记者的职业生涯算是到头了，偷鸡不成反蚀把米
看来又得明天一早砸盘跌停？,"https://guba.eastmoney.com/news,300378,742821290.html",2018-01-23 14:52:26,看来又得明天一早砸盘跌停？下午还是跟上次一样，没什么动静。董秘的答复死活得等到次日欸。
支持记者实名向证监会举报。由证监会来调查事实真相。,"https://guba.eastmoney.com/news,300378,742817385.html",2018-01-23 14:43:18,支持记者实名向证监会举报。由证监会来调查事实真相。
关于鼎捷财务造假问题,"https://guba.eastmoney.com/news,300378,742787208.html",2018-01-23 13:29:58,如果说上市时有财务造假，那时过去的。这几年的冲账，反而把这几年的实际利润拉低。如果冲账完了，那实际利润是不是上升了。过去的假账，不是现在的假账。
参照欣泰电气 公司和辅导券商要赔偿散户所有损失。[鼓掌],"https://guba.eastmoney.com/news,300378,742804301.html",2018-01-23 14:12:06,参照欣泰电气 公司和辅导券商要赔偿散户所有损失。
这一波要干到12吗？主力耍赖了,"https://guba.eastmoney.com/news,300378,742784483.html",2018-01-23 13:23:06,这一波要干到12吗？主力耍赖了
那个记者是不是人，作假直截向有关机构报道，在这里发布声明意思，唯恐天下不乱之小人,"https://guba.eastmoney.com/news,300378,742784893.html",2018-01-23 13:24:09,那个记者是不是人，作假直截向有关机构报道，在这里发布声明意思，唯恐天下不乱之小人
如果报道属实~上市公司涉嫌IPO财务造假，那就牛了,"https://guba.eastmoney.com/news,300378,742797216.html",2018-01-23 13:54:26,好像这票上市的时候还闹过绯闻就是关于财务报表的
鼎捷和旺旺是台企？而金融时报大股东是谁？ 大家想象一下吧。公司为了几十一百万作假,"https://guba.eastmoney.com/news,300378,742781540.html",2018-01-23 13:14:51,"鼎捷和旺旺是台企？而金融时报大股东是谁？
大家想象一下吧。公司为了几十一百万作假，可能吗？我不信。
"
邹x晨这么做的目的是什么？有过节吗？,"https://guba.eastmoney.com/news,300378,742794815.html",2018-01-23 13:48:20,邹x晨这么做的目的是什么？有过节吗？
真真假假，虚虚实实。,"https://guba.eastmoney.com/news,300378,742786502.html",2018-01-23 13:28:21,弄不清是真造假，还是主力花钱买枪手制造恐慌，打压吸筹。
哥就等着你跳水呢！,"https://guba.eastmoney.com/news,300378,742785402.html",2018-01-23 13:25:29,
12.1有个跳空要填，不填这个空，庄家不收手。,"https://guba.eastmoney.com/news,300378,742781504.html",2018-01-23 13:14:41,12.1有个跳空要填，不填这个空，庄家不收手。
媒体再度发表铁证，下午看跳水表演！（拍桌子）,"https://guba.eastmoney.com/news,300378,742770090.html",2018-01-23 11:57:01,这是否是财务造假？
底部多利空，顶部利好多,"https://guba.eastmoney.com/news,300378,742775675.html",2018-01-23 12:40:31,如题
检索中国裁判文书网发现，贵公司催讨货款或服务费起诉的案件仅有十件，其中客户欠款金,"https://guba.eastmoney.com/news,300378,742770834.html",2018-01-23 11:51:00,"检索中国裁判文书网发现，贵公司催讨货款或服务费起诉的案件仅有十件，其中客户欠款金额在十万元以下的就有四件，其中一个案件的诉讼标的金额仅有10290元。我想问的是，客户欠款几万元甚至仅欠1万元贵公司尚且不遗余力地起诉追讨，为何每年那么多应收账款却未经诉讼就被核销？贵公司的上述做法实在令人难以理解，请贵公司给我们广大投资人一个合情合理合法的解释!
鼎捷软件
鼎捷软件：您好，企业管理软件实施过程中涉及客户企业内部的全流程，较为复杂，且受客户信息化程度及双方配合等因素影响，造成部分客户对信息化结果产生落差，导致部分款项无法收回，合同的认知差异或是款项的收回应走合法合规方式共同寻求解决，视个别案件的情况分别采取协商/催收或是诉讼等方式，核销的原因有多次催收未果，客户企业倒闭、客户歇业、关闭、进行诉讼后核销等。对于收回确实有实际困难，后续公司遵守相关法律法规相关规定进行合法核销。谢谢关注！
(来自深交所互动易)答复时间 2018-01-23 11:51:00"
进驻378,"https://guba.eastmoney.com/news,300378,742777198.html",2018-01-23 12:54:54,进驻378
造假不造假直接反馈到深交所不就行了，股吧里面瞎比比的，都是上市公司和主力演双簧！,"https://guba.eastmoney.com/news,300378,742775579.html",2018-01-23 12:39:46,造假不造假直接反馈到深交所不就行了，股吧里面瞎比比的，都是上市公司和主力演双簧！是谁把细节和数据透露的有模有样？这一点就值得怀疑！这些数据应该属于商业机密吧！……？
做假最好，亏损散户申请索赔。,"https://guba.eastmoney.com/news,300378,742762127.html",2018-01-23 11:24:08,做假最好，亏损散户申请索赔。
狗屎今天没戏唱了，下午看大盘暴跌,"https://guba.eastmoney.com/news,300378,742727961.html",2018-01-23 10:05:08,狗屎今天没戏唱了，下午看大盘暴跌
刚谁割肉的,"https://guba.eastmoney.com/news,300378,742717496.html",2018-01-23 09:42:25,刚谁割肉的
不把这垃圾搞死誓不罢休。,"https://guba.eastmoney.com/news,300378,742761800.html",2018-01-23 11:23:22,不把这垃圾搞死誓不罢休。
这么多狗出来了，看来还要继续向下。,"https://guba.eastmoney.com/news,300378,742749994.html",2018-01-23 10:54:13,这么多狗出来了，看来还要继续向下。
我是230元买的，现在90%没了,"https://guba.eastmoney.com/news,300378,601664215.html",2017-02-06 11:22:34,呜呜呜呜
哎，无耻之尤，还要什么地步才够，非得要搞出人命吗,"https://guba.eastmoney.com/news,300378,742216023.html",2018-01-19 09:27:20,哎，无耻之尤，还要什么地步才够，非得要搞出人命吗
别报有希望了，这股不行的,"https://guba.eastmoney.com/news,300378,742704292.html",2018-01-23 08:07:14,别报有希望了，这股不行的
鼎捷软件必须对股价暴跌负责,"https://guba.eastmoney.com/news,300378,742549196.html",2018-01-22 10:40:00,鼎捷软件必须对股价暴跌负责，理由有三：1.长期以来，高层接连不断减持，致使股价暴跌近百分之九十，声称还要继续坚持，与国家保护中小投资者权益直接违背；2.对中伤公司的谣言迟迟不澄清，致使股价再次暴跌；3股价暴跌后，接二连三发布一些没有实质内容的公告，以继续忽悠投资者，没有任何作为。有鉴如此，我呼吁广大投资者积极行动起来，向证监会举报该公司，迫使他停止减持和增持该公司股票，让股价回到正常价位！
一篇报道的时机，正是前几日拉高放量后的下跌低位时，致使股价再次大跌？……,"https://guba.eastmoney.com/news,300378,742687681.html",2018-01-22 22:54:37,一篇报道的时机，正是前几日拉高放量后的下跌低位时，致使股价再次大跌？……
快买，早晨之星，历史低位。,"https://guba.eastmoney.com/news,300378,742644088.html",2018-01-22 16:43:45,快买，早晨之星，历史低位。
大胆买入,"https://guba.eastmoney.com/news,300378,742619037.html",2018-01-22 14:45:32,大胆买入
12.76全仓买入，下午大涨,"https://guba.eastmoney.com/news,300378,742545298.html",2018-01-22 10:31:11,12.76全仓买入，下午大涨
什么时候出业绩预增公告,"https://guba.eastmoney.com/news,300378,742628952.html",2018-01-22 15:12:01,今晚吗？
大盘要暴跌了，大家小心!,"https://guba.eastmoney.com/news,300378,742532089.html",2018-01-22 10:03:26,大盘要暴跌了，大家小心!
本月必破10元,"https://guba.eastmoney.com/news,300378,742499919.html",2018-01-21 23:28:13,4年了，赤条条来赤条条去，挥一挥衣袖不带走一片云彩
狗庄这样操盘就不好玩了，该拉的时候还是要拉一下,"https://guba.eastmoney.com/news,300378,742585522.html",2018-01-22 13:12:34,狗庄这样操盘就不好玩了，该拉的时候还是要拉一下
绝种股票，伤天害理，迟早给天收,"https://guba.eastmoney.com/news,300378,742591162.html",2018-01-22 13:30:34,绝种股票，伤天害理，迟早给天收
没有二三年不会让解套的，该干嘛干嘛去。,"https://guba.eastmoney.com/news,300378,742588185.html",2018-01-22 13:21:09,没有二三年不会让解套的，该干嘛干嘛去。
割在地板上[胜利],"https://guba.eastmoney.com/news,300378,742582898.html",2018-01-22 13:00:59,割在地板上
必须追究假新闻的鸡者！,"https://guba.eastmoney.com/news,300378,742574238.html",2018-01-22 11:52:30,必须追究假新闻的鸡者！
现在买肯定不会亏，我都亏15个点了，都不怕，你们现在买进怕什么啊,"https://guba.eastmoney.com/news,300378,742306722.html",2018-01-19 13:51:39,现在买肯定不会亏，我都亏15个点了，都不怕，你们现在买进怕什么啊
鼎捷软件庄家也有点小聪明，筹码收集不够，给点钱收买写手，跌停收集筹码，以后慢慢拉,"https://guba.eastmoney.com/news,300378,742572976.html",2018-01-22 11:45:00,鼎捷软件庄家也有点小聪明，筹码收集不够，给点钱收买写手，跌停收集筹码，以后慢慢拉升，高
创业板的败类。,"https://guba.eastmoney.com/news,300378,742563114.html",2018-01-22 11:14:55,创业板的败类。
你踏马的就一直这样坑散户吧，日了狗,"https://guba.eastmoney.com/news,300378,742568662.html",2018-01-22 11:29:13,你踏马的就一直这样坑散户吧，日了狗
各路资金恐慌而逃，是时候表演真正的技术了，拉高为第二婆减持作准备吧,"https://guba.eastmoney.com/news,300378,742533464.html",2018-01-22 10:05:56,各路资金恐慌而逃，是时候表演真正的技术了，拉高为第二婆减持作准备吧
做假信息,"https://guba.eastmoney.com/news,300378,742516188.html",2018-01-22 09:30:07,请问做假信息害广大投资者重大损失事情就不了了知吗。
请大家不要割再地板上,"https://guba.eastmoney.com/news,300378,742552394.html",2018-01-22 10:48:09,
这只股还能留吗？亏了百分60了[哭],"https://guba.eastmoney.com/news,300378,742541300.html",2018-01-22 10:22:04,这只股还能留吗？亏了百分60了
财务造假，大股东减持，这股2016-2017年坑死我了，亏损30%割肉的,"https://guba.eastmoney.com/news,300378,742540791.html",2018-01-22 10:20:50,财务造假，大股东减持，这股2016-2017年坑死我了，亏损30%割肉的。
7元见！！！！！！！！！！！！！！,"https://guba.eastmoney.com/news,300378,742533722.html",2018-01-22 10:06:27,7元见！！！！！！！！！！！！！！
人心惶惶,"https://guba.eastmoney.com/news,300378,742536235.html",2018-01-22 10:11:23,人心惶惶
关键这玩意通过二级市场直接减持，都不带大宗交易的，艹,"https://guba.eastmoney.com/news,300378,742533214.html",2018-01-22 10:05:31,关键这玩意通过二级市场直接减持，都不带大宗交易的，艹
问 请董秘针对今日对鼎捷软件IPO涉及造假新闻进行澄清或说明 答 您好，该新闻报,"https://guba.eastmoney.com/news,300378,741978152.html",2018-01-17 22:31:46,"问 请董秘针对今日对鼎捷软件IPO涉及造假新闻进行澄清或说明
答 您好，该新闻报道内容严重与事实不符，也未跟公司核实，严重侵害公司名誉，该媒体的不实报道对公司造成的负面影响，公司保留追究其法律责任的权利。 旺旺（中国）投资有限公司分别于2011年5月5日向公司购买易成管理软件并于2011年8月30日购买工作流软件，公司已正式去电与报导提及的旺旺集团发言人朱纪文先生取得直接联系并表达严正抗议，朱先生表示并未接受该文记者访问。 公司提醒广大投资者，勿相信或传播不实报导，对于传播不实报导，公司将一并保留追究其法律责任的权利。 谢谢关注！
答复于 2018-01-17 21:45"
这么大股东联合减持会遭报应的,"https://guba.eastmoney.com/news,300378,742509361.html",2018-01-22 08:20:47,这么大股东联合减持会遭报应的
证监会：坚决整治资本市场造谣传谣乱象 01-19 18:42 来源 : 证券时报,"https://guba.eastmoney.com/news,300378,742382108.html",2018-01-19 20:04:07,"证监会：坚决整治资本市场造谣传谣乱象
01-19 18:42 来源 : 证券时报1评论
周五证监会例行发布会上发言人高莉表示，近年来，证监会会同公安、网信等相关部门，坚决整治资本市场造谣传谣乱象，坚决查处各类主体、各个领域、各种手法的违法行为，全力维护资本市场信息传播正常秩序。高莉强调，将继续对编造传播虚假信息的违法行为严密盯防、严肃查处，涉嫌刑事犯罪或者故意扰乱公共秩序的，坚决移送公安机关。"
有可能是真的财务造假吗？,"https://guba.eastmoney.com/news,300378,742461182.html",2018-01-21 09:55:52,有可能是真的财务造假吗？
鼎捷软件:关于与弘讯科技下属子公司签订战略合作意向书的公告,"https://guba.eastmoney.com/news,300378,351630219.html",2016-04-26 20:03:13,"公告日期：2016-04-26
证券代码：300378 证券简称：鼎捷软件 公告编码：2016‐04064

鼎捷软件股份有限公司

关于与弘讯科技下属子公司签订战略合作意向书的公告

本公司及董事会全体成员保证信息披露内容的真实、准确和完整，不存在虚假记载、误导性陈述或者重大遗漏。

一、协议签署概况

2016年4月26日，鼎捷软件股份有限公司（以下简称“公司”或“鼎捷软件”）与宁波弘讯科技股份有限公司（股票代码：603015，以下简称“弘讯科技”）的台湾子公司弘讯科技股份有限公司（以下简称“台湾弘讯”）签署了战略合作书，双方本着平等自愿、共同促进发展的原则，就双方工业4.0战略合作事宜，经友好协商，达成高度战略合作共识，双方将携手共同打造基于工业4.0的智能制造示范厂，在智能工厂方面展开深入合作。

二、合作方基本情况

弘讯科技起源于成立于1984年的台湾弘讯，是国内塑胶产业自动化领先厂商，成功研发出亚洲首部中文萤幕式电脑射出机控制器。除了提供自动化设备解决方案，2003年，弘讯科技成功开发塑机网络管理系统（iNET），并逐渐升级至车间整条生产流水线（包括各类辅机设备）乃至整厂设备的集成联网，通过物联网采集器、工业云数据应用等技术实现工厂的网络化、智能化。客户包含上海通用集团指定的上游供应商，海尔集团，合兴集团、格力电器等国内外知名企业。

三、协议主要内容说明

公司致力于为制造业用户提供智能制造一体化解决方案，将与弘讯科技正式携手，共同打造基于工业4.0的智能制造示范工厂。弘讯科技拟以所掌握的智能控制设备层核心技术、通讯总线技术以及实现塑料加工行业MES不可或缺的塑机网络管理系统iNET软件为基础，整合注塑机及接口设备，打造能实现生产单元的信息化、网络化，实时监测、控制与信息管理的智能工厂，借助鼎捷软件构建的智能制造架构模型，

与弘讯科技的工业智能设备控制与管理，通过智能制造成熟度等级设定与评估，建立起人与人的链接、人与物的链接、物与物的链接，并实时采集生产数据，自下而上打通PCS、MES、ERP的智能工厂，期成功建置并运行智能示范工厂，未来将积极探索其他更深入的合作，将视后续合作情况按规定进行公告。

四、对公司的影响

本次与弘讯科技的战略合作，将对公司在“智能制造”方面产生积极的影响，但可能产生的收入尚存在不确定性，对公司未来业绩的影响尚不能预计。

五、其他相关说明与风险提示

公司将严格按照深交所《创业板上市规则》、《创业板上市公司规范运作指引》等有关规定，对该合作事宜的进展情况进行及时的披露。

根据合作协议，相关事项尚需进一步落实，敬请广大投资者谨慎决策，注意投资风险。

特此公告

鼎捷软件股份有限公司董事会

二零一六年四月二十六日


[点击查看PDF原文]
提示：本网不保证其真实性和客观性，一切有关该股的有效信息，以交易所的公告为准，敬请投资者注意风险。
展开阅读全文"
鼎捷软件:未来三年分红计划(2017年-2019年),"https://guba.eastmoney.com/news,300378,682031969.html",2017-07-26 20:34:23,"公告日期：2017-07-27
证券代码：300378 证券简称：鼎捷软件 公告编号：2017-07077



鼎捷软件股份有限公司



未来三年分红计划（2017年-2019年）



本公司及董事会全体成员保证信息披露内容的真实、准确和完整，不存在虚假记载、误导性陈述或者重大遗漏。



根据中国证券监督管理委员会《关于进一步落实上市公司现金分红有关事项的通知》、《上市公司监管指引第3号——上市公司现金分红》等相关文件的要求以及《鼎捷软件股份有限公司章程》（以下简称“《公司章程》”）的规定，为完善和健全科学、持续、稳定的分红决策和监督机制，增加利润分配决策透明度和可操作性，积极回报投资者，鼎捷软件股份有限公司（以下简称“公司”或“鼎捷软件”）结合实际情况，公司董事会制定了《鼎捷软件未来三年股东分红回报规划（2017-2019年度）》（以下简称“本规划”），具体情况如下： 一、公司制定本规划的考虑因素



公司着眼于战略目标及未来可持续发展，在综合考虑公司所处行业特征、经营发展情况、未来发展计划、社会资金成本、外部融资环境等因素的基础上，充分考虑公司目前及未来盈利规模、现金流量状况、发展所处阶段、项目投资资金需求、银行信贷及债权融资环境等情况，建立对投资者科学、持续和稳定的回报规划与机制，对公司利润分配做出明确的制度性安排，以保证利润分配政策的连续性和稳定性。



二、本规划的制定原则



本规划的制定应符合相关法律法规和《公司章程》的规定，应重视对投资者的合理投资回报并兼顾公司当年的实际经营情况和可持续发展，在充分考虑股东利益的基础上处理公司的短期利益及长远发展的关系，确定合理的利润分配方案，保持公司利润分配政策的连续性和稳定性。



三、公司制定未来三年（2017-2019年度）的具体分红计划



（一）利润分配的原则



公司实施积极的利润分配政策，注重对股东的合理回报并兼顾公司的可持续发展，保持公司利润分配政策的连续性和稳定性。公司利润分配不得超过累计可分配利润的范围，不得损害公司的持续经营和发展能力。公司董事会、监事会和股东大会在利润分配政策的决策和论证过程中应当充分考虑独立董事、外部监事和公众投资者的意见。



（二）利润分配形式



公司可以采取现金、股票与现金相结合及法律、法规允许的其他方式分配股利，并优先采用现金分红的方式分配利润。公司积极实施以现金方式分配股利，在具备现金分红条件时，应当采用现金分红进行利润分配。公司经营状况良好、营业收入增长迅速，并且董事会认为公司具有成长性、每股净资产的摊薄、股票价格与公司股本规模不匹配等真实合理因素，发放股票股利有利于公司全体股东整体利益，公司可以在满足现金股利分配条件的同时，制订股票股利分配方案。



（三）利润分配的条件



公司实施现金分红时须同时满足下列条件：



1、公司该年度或半年度实现的可分配利润（即公司弥补亏损、提取公积金后所余的税后利润）为正值、且现金流充裕，实施现金分红不会影响公司后续持续经营；



2、公司累计可供分配利润为正值；



3、审计机构对公司的该年度财务报告出具标准无保留意见的审计报告；4、公司无重大投资计划或重大现金支出等事项发生（募集资金项目除外），重大投资计划或重大现金支出是指：公司未来十二个月内拟对外投资、收购资产或者购买设备的累计支出达到或者超过公司最近一期经审计净资产的10%。 （四）现金分红比例



公司在当年盈利、累计未分配利润为正且公司现金流可以满足公司正常经营和持续发展的的情况下，可以采取现金、股票与现金相结合及法律、法规允许的其他方式分配股利，并优先以现金方式分配股利，且每年以现金方式分配的利润应不低于当年实现的可分配利润的20%。



在制定现金分红政策时，公司董事会应当综合考虑所处行业特点、发展阶段、自身经营模式、盈利水平以及是否有重大资金支出安排等因素，区分下列情形，提出差异化的现金分红政策：



1、公司发展阶段属成熟期且无重大资金支出安排的，进行利润分配时，现金分红在本次利润分配中所占比例最低应达到80%；



2、公司发展阶段属成熟期且有重大资金支出安排的，进行利润分配时，现金分红在本次利润分配中所占比例最低应达到40%；



3、公司发展阶段属成长期且有重大资金支出安排的，进行利润分配时，现金分红在本次利润分配中所占比例最低应达到20%；



公司发展阶段不易区分但有重大资金支出安排的，可以按照前项规定……
[点击查看PDF原文]
提示：本网不保证其真实性和客观性，一切有关该股的有效信息，以交易所的公告为准，敬请投资者注意风险。
展开阅读全文"
收盘前竞价竟然还是大单抛出！下周一很可能又是大幅低开，可能开在12元52,"https://guba.eastmoney.com/news,300378,742363763.html",2018-01-19 17:04:10,之下，也就是创昨天的新低。
"先到先得！FIRST COME,FIRST SERVE!下午见！","https://guba.eastmoney.com/news,300378,741864256.html",2018-01-17 13:09:24,"FIRST COME,FIRST SERVE!先到先得，是红色警戒游戏的一个地图名，老夫觉得这个用在这里妙不可言！"
国际金融报的无良记者邹煦晨赔我损失,"https://guba.eastmoney.com/news,300378,742393236.html",2018-01-19 22:08:23,国际金融报的无良记者邹煦晨赔我损失
他们就是来坑小散的！看看后面,"https://guba.eastmoney.com/news,300378,742193639.html",2018-01-18 23:14:14,
明天还跌吗，难不成明天还跌让我全仓买你吗,"https://guba.eastmoney.com/news,300378,742147731.html",2018-01-18 16:44:33,明天还跌吗，难不成明天还跌让我全仓买你吗，那也好。涨跌随意，涨了赚了咱 就走，跌了咱就补仓。
这两天卖出的能否向那记者索赔？太惨了！ 那记者写的文章，我百度了一下，全是所谓揭,"https://guba.eastmoney.com/news,300378,742337774.html",2018-01-19 14:52:09,"这两天卖出的能否向那记者索赔？太惨了！
那记者写的文章，我百度了一下，全是所谓揭黑幕的。。最著名的就是华大基因，被他唱了一大次。
"
亏了这么多，大单还在出。。。这个股还能留吗？,"https://guba.eastmoney.com/news,300378,742434251.html",2018-01-20 16:32:23,亏了这么多，大单还在出。。。这个股还能留吗？
我也来发一个公告,"https://guba.eastmoney.com/news,300378,742410123.html",2018-01-20 09:22:58,纯粹拿股民穷开心是不是，公司内部简单的人事变动一连发三个公告，股民迫切需要知道的内容半点都没有，为了与你的公告比赛看谁更无聊，本人也发一个公告；公告：我家老母鸡于公元2018年1月20日上午9点5分3秒下鸡蛋一枚，重65.48克，色浅黄，以上公告绝无虚假，特此公告。无聊透顶了吧！
文章既然乱写，让黑大佬亏惨了，后果怎样？,"https://guba.eastmoney.com/news,300378,742424834.html",2018-01-20 13:58:36,RT
请问董秘，为何不回应金融报记者的所有质疑？比如为什么那么多公司欠款不进行诉讼就自,"https://guba.eastmoney.com/news,300378,742145200.html",2018-01-18 16:28:26,"请问董秘，为何不回应金融报记者的所有质疑？比如为什么那么多公司欠款不进行诉讼就自己核销了¶
鼎捷软件
鼎捷软件：您好，不实的指控直接发律师函就是最好的回应。对于欠款，公司一定会采取积极作为。企业管理软件实施过程中涉及客户企业内部的全流程，较为复杂，且受客户信息化程度及双方配合等因素影响，造成部分客户对信息化结果产生落差，导致部分款项无法收回，合同的认知差异或是款项的收回应走合法合规方式共同寻求解决，视个别案件的情况分别采取协商/催收或是诉讼等方式。若收回确实有实际困难，后续应遵守相关法律法规相关规定进行核销。谢谢关注！
(来自深交所互动易)答复时间 2018-01-19 17:31:00"
神州数码跟鼎捷软件什么关系?,"https://guba.eastmoney.com/news,300378,742376114.html",2018-01-19 19:08:37,神州数码跟鼎捷软件什么关系?
全通教育跌是因为亏损，这货没亏照样跌停，灭绝人性。。,"https://guba.eastmoney.com/news,300378,742399342.html",2018-01-19 23:40:17,RT
明天买回1手，看看18年还能继续亏百分之几。。十！,"https://guba.eastmoney.com/news,300378,742399251.html",2018-01-19 23:37:59,RT
这也叫股票。。外部还有人制造恐慌，受不了。。,"https://guba.eastmoney.com/news,300378,742399155.html",2018-01-19 23:36:04,RT
清掉最后30手，你们留下慢慢磨。。,"https://guba.eastmoney.com/news,300378,742399075.html",2018-01-19 23:34:32,，RT
鼎捷软件:关于公司董事辞职及补选的公告,"https://guba.eastmoney.com/news,300378,742364331.html",2018-01-19 17:08:50,"公告日期：2018-01-19
证券代码：300378 证券简称：鼎捷软件 告编号：2018-01007



鼎捷软件股份有限公司



关于公司董事辞职及补选的公告



本公司及董事会全体成员保证信息披露内容的真实、准确和完整，没有虚假记载、误导性陈述或重大遗漏。



鼎捷软件股份有限公司（下称“公司”或“本公司”）于近日收到了公司董事王燕女士的辞职申请，王燕女士因个人原因辞任神州数码信息服务有限公司 (简称神州信息SZ.000555)董事会秘书一职，因此申请辞去本公司第三届董事会董事职务，辞职后将不在公司担任任何职务，王燕女士不持有公司任何股份。根据相关法律法规的规定，该辞职报告自送达公司董事会之日起生效。



公司董事会对王燕女士在担任董事期间所做的贡献表示衷心的感谢！



根据《中华人民共和国公司法》、《深圳证券交易所创业板股票上市规则》、《深圳证券交易所创业板上市公司规范运作指引》等法律法规、规范性文件及《公 司章程》等有关规定，经公司股东DigitalChinaSoftware（BVI）Limited(神州信息子公司)推荐，并经公司提名委员会审查及第三届董事会第七次会议审议通过，公司董事会同意提名张云飞女士为公司第三届董事会董事候选人，任期自股东大会审议通过之日起至第三届董事会任期结束。张云飞女士简历见附件。



本议案尚需提交公司股东大会进行审议。



特此公告。



鼎捷软件股分有限公司董事会



二零一八年一月十九日



附：公司董事候选人简历



张云飞女士：研究生学历。1997年至2000年，担任联想神州数码经营计划部副



总经理；2000年开始，历任神州数码经营管理部副总经理、济南神州数码有限



公司总经理、神州数码科技发展公司副总经理、神州数码控股有限公司财务部总经理；2016年3月至2017年12月，任神州数码集团股份有限公司财务总监。2018年1月至今任神州数码信息服务股份有限公司董事会秘书。



张云飞女士未持有公司股份；未受过中国证监会及其他有关部门的处罚和证券交易所惩戒；其任职资格符合《公司法》及《公司章程》的相关规定，不存在《深圳证券交易所创业板上市公司规范运作指引》第 3.2.3 条规定的情形。
[点击查看PDF原文]
提示：本网不保证其真实性和客观性，一切有关该股的有效信息，以交易所的公告为准，敬请投资者注意风险。
展开阅读全文"
鼎捷软件:第三届董事会第七次会议决议公告,"https://guba.eastmoney.com/news,300378,742364332.html",2018-01-19 17:08:51,"公告日期：2018-01-19
证券代码：300378 证券简称：鼎捷软件 公告编号：2018-01006



鼎捷软件股份有限公司



第三届董事会第七次会议决议公告



本公司及董事会全体成员保证信息披露内容的真实、准确和完整，没有虚假记载、误导性陈述或重大遗漏。



鼎捷软件股份有限公司（下称“公司”或“本公司”）第三届董事会第七次会议通知已于2018年1月12日以邮件、电话确认方式发出，会议于2018年1月19日以书面方式举行。会议应出席董事9名，实际出席董事9名，本次会议召集、召开情况符合《中华人民共和国公司法》和公司章程的有关规定。经与会董事认真审议，做出如下决议：



一、 审议通过《关于提名张云飞女士为公司第三届董事会董事候选人的议



案》



王燕女士因个人原因辞任神州数码信息服务有限公司(简称神州信息 SZ.000555)



董事会秘书一职，因此申请辞去本公司第三届董事会董事职务，辞职后将不在公司担任任何职务，王燕女士不持有公司任何股份。根据相关法律法规的规定，该辞职报告自送达公司董事会之日起生效。



根据《中华人民共和国公司法》、《深圳证券交易所创业板股票上市规则》、《深圳证券交易所创业板上市公司规范运作指引》等法律法规、规范性文件及《公司章程》等有关规定，经公司股东Digital China Software（BVI）Limited(神州信息子公司)推荐，并经公司第三届董事会第三次提名委员会会议审查，公司董事会同意提名张云飞女士为公司第三届董事会董事候选人，任期自股东大会审议通过之日起至第三届董事会任期结束。张云飞女士简历见附件。



公司独立董事就此发表了同意的独立意见。



本议案尚需提交公司股东大会进行审议。



表决结果：9票同意，0票反对，0票弃权。



特此公告。



鼎捷软件股份有限公司董事会



二零一八年一月十九日



附：公司董事候选人简历



张云飞女士：研究生学历。1997 年至 2000 年，担任联想神州数码经营计划部副



总经理；2000 年开始，历任神州数码经营管理部副总经理、济南神州数码有限公



司总经理、神州数码科技发展公司副总经理、神州数码控股有限公司财务部总经理；2016年3月至2017年12月，任神州数码集团股份有限公司财务总监；2018年1月至今任神州数码信息服务股份有限公司董事会秘书。



张云飞女士未持有公司股份；未受过中国证监会及其他有关部门的处罚和证券交易所惩戒；其任职资格符合《公司法》及《公司章程》的相关规定，不存在《深圳证券交易所创业板上市公司规范运作指引》第 3.2.3 条规定的情形。




[点击查看PDF原文]
提示：本网不保证其真实性和客观性，一切有关该股的有效信息，以交易所的公告为准，敬请投资者注意风险。
展开阅读全文"
王燕竟然是证券部总经理？是不是有什么内幕交易，消息才出来两天，这么快辞职了？,"https://guba.eastmoney.com/news,300378,742367291.html",2018-01-19 17:34:14,王燕竟然是证券部总经理？是不是有什么内幕交易，消息才出来两天，这么快辞职了？
说句公道话,"https://guba.eastmoney.com/news,300378,742377419.html",2018-01-19 19:21:44,说句公道话
鼎捷软件:独立董事关于提名公司董事候选人的独立意见,"https://guba.eastmoney.com/news,300378,742364308.html",2018-01-19 17:08:40,"公告日期：2018-01-19
鼎捷软件:独立董事关于提名公司董事候选人的独立意见


[点击查看PDF原文]
提示：本网不保证其真实性和客观性，一切有关该股的有效信息，以交易所的公告为准，敬请投资者注意风险。"
怒涨一分！牛逼！艹,"https://guba.eastmoney.com/news,300378,742377914.html",2018-01-19 19:26:37,怒涨一分！牛逼！艹
满仓20000股，干干干啊,"https://guba.eastmoney.com/news,300378,742372523.html",2018-01-19 18:27:22,满仓20000股，干干干啊
已经连续两个跳空低开缺口了！下周要么直接大反弹，要么继续再来个跳空低开！一鼓作气,"https://guba.eastmoney.com/news,300378,742366935.html",2018-01-19 17:30:44,已经连续两个跳空低开缺口了！下周要么直接大反弹，要么继续再来个跳空低开！一鼓作气，再而衰，三而竭！如果再低开抄底机会来了！今天小入一千股！
证监会：将继续对编造传播虚假信息的违法行为严密盯防、严肃查处 01-19 16:,"https://guba.eastmoney.com/news,300378,742364341.html",2018-01-19 17:08:53,"证监会：将继续对编造传播虚假信息的违法行为严密盯防、严肃查处
01-19 16:22 来源：东方财富网 47评论
1月19日，证监会新闻发言人高莉表示，2016年以来，证监会立案稽查相关案件7起，行政处罚11起，作出行政处罚事先告知2起，移送公安机关采取治安管理处罚措施2起。高莉介绍，从虚假信息的类型看，随着监管执法的力度加大，恶意编造监管动向甚至监管政策的明显增多，相关案件比重达到75%，甚至出现为牟利私利编造监管机构将调查“做空势力”的谎言。证监会将继续对编造传播虚假信息的违法行为严密盯防、严肃查处，涉嫌刑事犯罪或故意扰乱公共秩序的，坚决移送公安机关。
证监会通报新三板市场执法情况。2016年以来，证监会受理新三板市场各类违法违规有效线索51件，组织调查42件，依法立案33起。近两年来，证监会已经对9起案件做出行政处罚，其中违规披露8起，操纵市场1起。证监会新闻发言人指出，参仙源公司财务造假、晨龙锯床违规披露、易所试与中泰证券合谋操纵市场等一批典型案件被严肃查处，形成有力震慑。下一步，证监会一方面将继续积极推动新三板市场监管条例出台，增加新三板市场制度供给；另一方面，持续加大稽查执法力度，对专门领域的违法乱象集中打击，切实维护市场秩序和投资者权益。
证监会近期还对5宗案件作出行政处罚。包括2宗信息披露违法违规案，1宗证券从业人员违法买卖股票案，2宗内幕交易案，涉及任子行、ST烯碳等公司。
证监会近期动态＞＞＞
证监会修订非公开发行公司债项目承接负面清单指引 重点防脱实向虚
证监会副主席：坚决维护中小投资者合法权益 促进市场稳定健康发展
证监会明确“三类股东”公司IPO审核标准 一大波该类企业将上会
分享到
朋友圈微博"
今天红十字，方向选择了,"https://guba.eastmoney.com/news,300378,742361782.html",2018-01-19 16:49:21,今天收十字，要么反转，要么继续下跌，下周就是关键
左边的拿的是大票 春节前要套现不套现都是浮盈 套了现分了成后才能过个肥年 左边的,"https://guba.eastmoney.com/news,300378,742187326.html",2018-01-18 22:00:35,"左边的拿的是大票
春节前要套现不套现都是浮盈
套了现分了成后才能过个肥年
左边的算盘打得很好
让右边的来接盘然后小票狂跌
然后跌透了进小票抄底搞一波
右边的拿的是小票
右边的死活不去接盘怕在大票站岗
而且右边的不抱团扔了票死得更快
玩来玩去还是个存量博弈的市场
左边的手上没多少资金了为了出货拉得满头大汗
右边的死活不去接盘割肉心疼啊还怕高位去站岗
喊着大牛市来的 是站左边的（其实也蛮痛苦的 心虚的）
喊着不要踏空的 是站右边的（其实和他们毛关系都没有 大盘涨再高也还是亏钱 难受）
左边的痛苦
右边的难受
哈哈哈哈哈
这就是目前的市场！
快过春节了
我就笑笑不说话
看你们接下来怎么玩！"
再说一遍不在高点买，不在低点卖,"https://guba.eastmoney.com/news,300378,742304440.html",2018-01-19 13:46:48,不在高点买，不在低点卖！！！！
没人性大股东不断减持,"https://guba.eastmoney.com/news,300378,742340972.html",2018-01-19 14:58:44,没人性大股东不断减持
12.83全部清仓，大家慢慢玩了,"https://guba.eastmoney.com/news,300378,742268424.html",2018-01-19 11:17:25,12.83全部清仓，大家慢慢玩了
3%,"https://guba.eastmoney.com/news,300378,742329799.html",2018-01-19 14:35:45,zy
旺旺集团携手神州数码ERP,"https://guba.eastmoney.com/news,300378,742191751.html",2018-01-18 22:48:31,"旺旺集团携手神州数码ERP
发布时间：2012/2/16 8:51:35
连锁便利店行业起源于美国，现已发展成为国内最具竞争力的零售业态之一。作为连锁超市较充分发展后的继起并充分体现城市化特征的业态，近些年国内连锁便利店行业的发展势头强劲，不仅全面挺进北京、上海、广州等一线城市，在众多二三线城市也渐有覆盖。连锁便利店的发展主要体现在门店的扩张，同时该业态也有其鲜明的个性特点：门店规模小、数量多、受众面广、投入成本低、抗风险能力强，每个门店附近的目标消费群明确，服务带动消费、购物便利、容易掌握消费潮流走向。
　　对于连锁便利店而言，门店分散、员工众多、营业员素质层次不齐、不同的地域消费群差异大、消费者对商品类别、服务内容和质量的要求也不一样，从而导致了门店管理和经营的困难。因而，连锁便利店对信息化建设和信息系统的要求更高，它要求连锁便利店的网络结构要合理，并适合当地的具体通讯条件，数据库的结构要先进，易于日后各种信息分析和数据挖掘的实现；要求信息准确、及时、安全，操作简单等。
越来越多的连锁便利企业依靠信息化平台的搭建，有效提升管理水平、降低门店运营成本、最大化整合内外部资源，以获得在激烈的市场竞争中成长的机会。

　　零售通路扩张面临管理挑战

　　旺旺集团成立于1992年，其产品主要为米果、乳制品及饮料及其它休闲食品。作为台湾地区第一个在大陆注册商标并且拥有最多注册商标的企业，旺旺目前在大陆共投资设立了33个销售分公司，330个营业所，并立志成为“综合消费食品王国”。

　　近些年，旺旺的产品种类不断增多，在销售通路上也不断进行创新。旺旺成立之初的主要业务模式为出口外销，随着业务规模的扩大，公司将旺旺品牌定位于春节礼品，并通过电视宣传取得了极大的成功。为了进一步扩大销售通路，旺旺开始大力发展连锁网络，预计短期内将在大陆开设数百家连锁便利店。

　　相较于连锁超市和连锁大卖场，连锁便利店的管理要困难得多。对于信息化在企业运营管理中的作用，旺旺的高层非常重视。在首家门店运营初期，旺旺就找到某知名国外零售软件厂商试用，但效果并不如人意。之后，旺旺开始把目光投向本土软件厂商，经过两个月的严格选型，最终选择鼎捷易成商贸流通整体解决方案作为零售通路及门店管理的有效信息化手段，而这主要出于对易成ERP的产品适应度、服务水平和鼎捷丰富的商贸流通行业经验沉淀的考量。

　　鼎捷易成全商贸流通企业整体解决方案能够全面涵盖连锁零售、渠道代理、传统经销、KA供货商、电子商务等多种主要商贸流通产业形态，支持企业规模性扩张中的多业态成长。经过对旺旺业务管理的详尽调研分析后，鼎捷实施团队分析认为主要有以下特点：

　　采用集团架构，有统采、统配、财务报表合并等要求。

　　传输量大，数十、上百个门店的数据要上传到总部，系统数据安全性是连锁便利店首要关注的。

　　大多门店采用触摸屏POS机，少部分采用键盘式POS机。

　　由于物流配送采用外包形式，ERP系统需要与物流系统集成。

　　多样化的促销价格、促销模式多样化，标准价格、商品价格策略、商品促销策略(价、物混合)多种价格控制模式，由总部统一发布。

　　供应商返利较为复杂，有按货、按款、按季、按月等多种返利模式。这些特点要求易成ERP搭建起的一体化、统一的信息化平台必须贯穿在门店的前后端管理中，成为体现旺旺门店经营理念的“神经系统”。

　　易成ERP提供信息化支撑

　　针对连锁零售业态，易成商贸流通企业整体解决方案构建的数据传输架构能更好地适应门店地域广、网络环境差、人员IT水平低等现状。易成ERP系统，从前台POS系统到总部后台管理，为旺旺提供连锁便利店的整体信息化解决方案。

　　系统的总部应用管理，提供总部统一采购、统一配送、财务合并报表等要求。各自分、子公司与总部采用同一帐套，组织层级不同。可进行关联交易、往来业务库存及查询等操作。

　　采用三层架构，数据传输较快，每个门店启用POS服务器，做到实时连线，数据传输及查询便捷，安全性较高，同时大大降低了总部数据负荷。

　　零售终端系统包括零售开单、零售收款、零售退货、零售退款、小票打印以及各种查询统计，支持现场折扣、整单打折、折扣卡、会员卡打折与累计折扣、销售去零、前台挂账等功能。系统支持触摸屏及键盘式POS应用，POS应用情况下可支持钱箱，每次收款由系统进行控制，保证资金安全；支持顾客显示屏，让顾客清晰的知道当前的消费情况；支持扫描枪，经过条码扫描输入，保证操作速度和数据的准确性；支持小票打印机，专业的自定义小票打印功能；可随时重印今日、历史的销售单、日结单，丢失小票也不要紧；支持多种付款方式。

　　通过与物流系统的集成，可进行门店到货验收，提供合格品数量。

　　快速科学地完成促销计划的制定和管理，针对不同地区、不同门店，在特定的时段（包括一天内多时段）执行公司的促销政策，可执行总部定义的任何促销，多种促销方式可以同时进行，如特价、打折、赠券促销、赠品促销、会员卡等。

　　系统提供供应商返利计算作业，可按月、按季、按货、按款项等处理返利计算。

　　面临着零售通路的管理挑战，旺旺对IT技术及信息化管控手段的依赖程度也更为突出。

　　易成ERP系统则为旺旺的业务规模迅速扩大和门店数量持续增长提供了有力的信息化支撑，为企业成功搭建起统一的数据平台。门店员工运用易成ERP系统的零售终端进行便捷操作，总部实时接收数据，管理层通过各类报表及时准确掌握企业营收状况，挖掘商业决策价值。

　　相信随着易成ERP系统在旺旺的成功应用，必将翻开企业业务版图迅速扩张的新篇章，已拥有牛尔、南京冠生园、一丁集团等成功标杆案例的鼎捷易成ERP，也会全力将旺旺打造为商贸流通领域的又一管理典范。
展开阅读全文"
今天最后的半仓都买入了，大股东我已经只能为你们的减持做这么多！,"https://guba.eastmoney.com/news,300378,741687124.html",2018-01-16 15:13:44,今天最后的半仓都买入了，大股东我已经只能为你们的减持做这么多！
摩恩电气妖股,"https://guba.eastmoney.com/news,300378,742324952.html",2018-01-19 14:25:22,买
12.83卖了，今天跌停可以考虑买回来,"https://guba.eastmoney.com/news,300378,742320347.html",2018-01-19 14:15:49,12.83卖了，今天跌停可以考虑买回来
垃圾永远都是垃圾！,"https://guba.eastmoney.com/news,300378,742319545.html",2018-01-19 14:13:58,垃圾永远都是垃圾！
现在这价格进入投资价值区了,"https://guba.eastmoney.com/news,300378,742310423.html",2018-01-19 13:57:40,分批建仓吧
东方财富都超过鼎捷软件了,"https://guba.eastmoney.com/news,300378,742300499.html",2018-01-19 13:37:09,垃圾
建议大家参照麦趣尔走势，原理一样祝愿大家都赚钱,"https://guba.eastmoney.com/news,300378,742306366.html",2018-01-19 13:51:02,建议大家参照麦趣尔走势，原理一样祝愿大家都赚钱
日啊  东华软件涨停,"https://guba.eastmoney.com/news,300378,742264813.html",2018-01-19 11:10:05,怎么办
20以内的3年解套。,"https://guba.eastmoney.com/news,300378,742297626.html",2018-01-19 13:30:00,20以内的3年解套。
大股东就知道减持，减持，再减持!,"https://guba.eastmoney.com/news,300378,742299904.html",2018-01-19 13:35:45,大股东就知道减持，减持，再减持!
问？,"https://guba.eastmoney.com/news,300378,742299822.html",2018-01-19 13:35:35,"请问你公司的大股东就那么缺钱吗？尽管减持符合“规定”，但在股价持续下跌、严重影响公司形象的情况下，大股东肆意减持，足以表明公司没有信心，做出一些损人又不利己的事，公司是怎样中小保护投资者的呢
正在等待公司的回答......"
鼎捷软件股价至少和暴风科技相同，,"https://guba.eastmoney.com/news,300378,742299375.html",2018-01-19 13:34:28,还有翻翻空间
软件股 上海钢联涨停 鼎捷软件家在墨迹,"https://guba.eastmoney.com/news,300378,742297419.html",2018-01-19 13:29:30,垃圾
等减持玩吧。短时间没戏。,"https://guba.eastmoney.com/news,300378,742294631.html",2018-01-19 13:22:18,等减持玩吧。短时间没戏。
大家买入锁仓，若公司信息违规，正好索赔！,"https://guba.eastmoney.com/news,300378,742264137.html",2018-01-19 11:08:37,
