标题,链接,发布时间,内容
可以数数几个板了。,"https://guba.eastmoney.com/news,600074,738574302.html",2017-12-25 21:29:42,可以数数几个板了。
神思电子金融行业服务机器人好智能。赞一个！,"https://guba.eastmoney.com/news,600074,737891034.html",2017-12-21 09:26:42,短中线淘金：周四操作参考（.）
明日关注，勿追。,"https://guba.eastmoney.com/news,600074,738372553.html",2017-12-24 21:34:56,"明日关注【002827高争民爆 】将强势拉升出货,专业带伞，3个点以下不分，跟上见名"
众散要做就是准备索赔它出来后见4,"https://guba.eastmoney.com/news,600074,737598319.html",2017-12-19 19:31:58,之前大哥陈说了本月它不敢出来，仅从这一点众散就当信大哥陈，大哥陈还说过它出来后要被打到4.众散能做当做的就是积极索赔。
我又来了[摊手][摊手],"https://guba.eastmoney.com/news,600074,737881363.html",2017-12-21 07:56:34,我又来了
莎普爱思，国民技术，都敢复牌,"https://guba.eastmoney.com/news,600074,737808548.html",2017-12-20 16:21:15,莎普爱思，国民技术，都敢复牌
加仓加仓干！！！,"https://guba.eastmoney.com/news,600074,737927326.html",2017-12-21 10:38:31,加仓加仓干！！！
标题：关于江苏保千里视像科技集团股份有限公司的监管工作函 　　证券代码： 600,"https://guba.eastmoney.com/news,600074,738569195.html",2017-12-25 20:38:38,"标题：关于江苏保千里视像科技集团股份有限公司的监管工作函
　　证券代码： 600074证券简称：保千里监管类型：监管工作函涉及对象：上市公司,董事,监事,高级管理人员,一般股东
　　处分日期： 2017-12-25处理事由：要求公司召开投资者说明会，申请 ST，在充分揭示风险后复牌。
最新评论"
公司应该赶紧起诉庄敏，从庄敏那儿找钱，钱都在庄敏的口袋里,"https://guba.eastmoney.com/news,600074,738573017.html",2017-12-25 21:17:09,公司应该赶紧起诉庄敏，从庄敏那儿找钱，钱都在庄敏的口袋里
都要保千退了，ST算什么！,"https://guba.eastmoney.com/news,600074,738573418.html",2017-12-25 21:20:59,都要保千退了，ST算什么！
多年再回头来看此股己面目全非，持有人估计己不敢看自己的股票帐户了，吃人不吐骨头的,"https://guba.eastmoney.com/news,600074,738573253.html",2017-12-25 21:19:25,多年再回头来看此股己面目全非，持有人估计己不敢看自己的股票帐户了，吃人不吐骨头的股市，普通还是远离，否则一时贪婪，粉身碎骨！唉
汇丰银行臭名昭著，但邪不胜正所谓魔高一尺道高一丈！保千里经过这次摔打反而是好事！会最终成为同行业巨人！,"https://guba.eastmoney.com/news,600074,700092729.html",2017-09-06 12:16:43,汇丰银行臭名昭著，但邪不胜正，魔高一尺道高一丈！保千里经过这次摔打反而是好事！会最终成为同行业巨人！
由“前海深港合作区管理局综合办公楼A栋201室”挖幕后,"https://guba.eastmoney.com/news,600074,737481749.html",2017-12-19 11:28:12,中根基金--德福基金--金凤凰基金；李斌--尤明才--任元林；尤明才会不会是背后的人，大家深挖！中根和德福的注册地都是深圳市前海深港合作区前湾一路鲤鱼门街一号前海深港合作区管理局综合办公楼A栋201室，李斌曾任职和作为投资人的汇业基金、中根基金、中迈基金也是上面的地址。
来个急拉.不要给做T的机会。,"https://guba.eastmoney.com/news,600074,738308250.html",2017-12-23 18:26:39,来个急拉.不要给做T的机会。
今晚有公告没？不会又出一大堆薄屎吧？[失望][失望],"https://guba.eastmoney.com/news,600074,738361089.html",2017-12-24 17:26:45,今晚有公告没？不会又出一大堆薄屎吧？[失望][失望]
下周一复牌，今晚出复牌公告，大家今晚别睡觉[傲][傲],"https://guba.eastmoney.com/news,600074,738126458.html",2017-12-22 10:19:15,下周一复牌，今晚出复牌公告，大家今晚别睡觉
今晚会有公告吗？,"https://guba.eastmoney.com/news,600074,738372663.html",2017-12-24 21:37:20,今晚会有公告吗？
投资者亏的一塌糊涂，狗东西还是大蛀虫。,"https://guba.eastmoney.com/news,600074,738572936.html",2017-12-25 21:16:15,[大便]
申请st了，奶奶的,"https://guba.eastmoney.com/news,600074,738563617.html",2017-12-25 19:48:26,申请st了，奶奶的
卧槽，直接申请st了，股价能保住7元吗？[亏大了],"https://guba.eastmoney.com/news,600074,738569688.html",2017-12-25 20:43:12,卧槽，直接申请st了，股价能保住7元吗？
都上新京报了,"https://guba.eastmoney.com/news,600074,738435819.html",2017-12-25 10:56:44,都上新京报了
保千里的风险和损失主要在违规大股东，公司利益应会得到保障。,"https://guba.eastmoney.com/news,600074,738550983.html",2017-12-25 18:05:50,猜想结果：注销大股东虚假股份，对大股东违规处以罚款，控制权与经营权转移到真正能够办实事的人手中。作为一家发展前景良好的知名企业，公司利益应该也必须会得到保障。
问你们自以为是，一有好消息就把保千里看成世界最伟大的公司，一遇到麻烦就狗性全来了,"https://guba.eastmoney.com/news,600074,738549278.html",2017-12-25 17:54:51,问你们自以为是，一有好消息就把保千里看成世界最伟大的公司，一遇到麻烦就狗性全来了。现在看来保千里外面欠了银行和金融机构往大了的大约不到20亿吧，问你们一句，定增的资金还有20多亿在帐里躺着，为什么这些债主无法冻结在庄敏停牌搞虚假收购能源电池企业时连夜转移到江苏的10到20亿定增资金？告诉你们，这些定增资金是定增机构发现庄敏等大问题后，强行转移！如果保千里破产，他们会吧这些钱通过各种方式和理由拿出来自保。如果不破产，这些钱也难以启动，除非给定增机构大大的好处。
想问一下，如果公司退市了，我们手机的股票只有去证券公司协议转让。那么大约最后到我,"https://guba.eastmoney.com/news,600074,738513816.html",2017-12-25 15:02:21,想问一下，如果公司退市了，我们手机的股票只有去证券公司协议转让。那么大约最后到我们手里的钱还会剩多少呢？？我10.39买了10300股。本金十万零七千。那么真到了最坏的结果，我还能拿回来个两三万吗？？
西宁经济技术开。,"https://guba.eastmoney.com/news,600074,738549023.html",2017-12-25 17:53:27,西宁经济技术开。
报案了，这次查账简单了。 把庄及近亲的银行账户的银行流水打印出来，对大额资金逐笔,"https://guba.eastmoney.com/news,600074,736086741.html",2017-12-11 21:14:26,"报案了，这次查账简单了。
把庄及近亲的银行账户的银行流水打印出来，对大额资金逐笔落实即可。庄完了，目前是贪污金额大小问题了。"
狗  主力你尽管跑，没有耐性算我输,"https://guba.eastmoney.com/news,600074,738507279.html",2017-12-25 14:47:02,狗 主力你尽管跑，没有耐性算我输
前一段时间不是有很多人唱多吗，什么开盘一字板之类的吹牛皮，你但是继续吹啊，看着公,"https://guba.eastmoney.com/news,600074,728923448.html",2017-11-16 13:05:33,前一段时间不是有很多人唱多吗，什么开盘一字板之类的吹牛皮，你但是继续吹啊，看着公告继续吹啊！早就说了一个有问题的企业其股票...看看乐视吧
艹！保千里开盘了！吓我一跳！,"https://guba.eastmoney.com/news,600074,738374134.html",2017-12-24 22:10:49,艹！保千里开盘了！吓我一跳！
天天失眠[哭],"https://guba.eastmoney.com/news,600074,738378559.html",2017-12-25 00:28:06,天天失眠
保千里退市，小散如何索赔？,"https://guba.eastmoney.com/news,600074,738341662.html",2017-12-24 12:05:23,保千里退市，小散如何索赔？
怕是血本无归了，晕了，看到这句话有点活不成！,"https://guba.eastmoney.com/news,600074,738369050.html",2017-12-24 20:16:25,怕是血本无归了，晕了，看到这句话有点活不成！
300661圣邦股份含权前肯定是好股票.但是不因为大股东增持.股价就不会跌破增持,"https://guba.eastmoney.com/news,600074,738429851.html",2017-12-25 10:44:33,300661圣邦股份含权前肯定是好股票.但是不因为大股东增持.股价就不会跌破增持
下一个做空目标保千你,"https://guba.eastmoney.com/news,600074,738286102.html",2017-12-23 10:04:35,除非它二年不出来否则出来就打到4
这样的公司怎么能上市，谁在监管？,"https://guba.eastmoney.com/news,600074,738383027.html",2017-12-25 04:12:23,这样的公司怎么能上市，谁在监管？
关于江苏保千里视像科技集团股份有限公司的监管工作函,"https://guba.eastmoney.com/news,600074,774623656.html",2017-12-25 00:00:00,"公告日期：2017-12-25
标题：关于江苏保千里视像科技集团股份有限公司的监管工作函
证券代码：600074
证券简称：保千里
监管类型：监管工作函
涉及对象：上市公司,董事,监事,高级管理人员,一般股东
处分日期：2017-12-25
处理事由：要求公司召开投资者说明会，申请ST，在充分揭示风险后复牌。


[点击查看PDF原文]
提示：本网不保证其真实性和客观性，一切有关该股的有效信息，以交易所的公告为准，敬请投资者注意风险。"
都吓得不敢说话了，我搞个大涨出来好了，翻个几倍[想一下],"https://guba.eastmoney.com/news,600074,738377525.html",2017-12-24 23:50:37,都吓得不敢说话了，我搞个大涨出来好了，翻个几倍
都吓得不敢说话了，整个大涨乐呵乐呵[哭],"https://guba.eastmoney.com/news,600074,738376973.html",2017-12-24 23:32:01,都吓得不敢说话了，整个大涨乐呵乐呵
不让传图片[怒][怒],"https://guba.eastmoney.com/news,600074,738374302.html",2017-12-24 22:15:29,不让传图片
图片不让上传[亏大了][亏大了],"https://guba.eastmoney.com/news,600074,738374239.html",2017-12-24 22:13:44,图片不让上传
来几个大利好，然后复盘吧，你妹的，快被关疯了,"https://guba.eastmoney.com/news,600074,738359886.html",2017-12-24 17:07:04,来几个大利好，然后复盘吧，你妹的，快被关疯了
庄敏会不会持有乐视股份？,"https://guba.eastmoney.com/news,600074,738309722.html",2017-12-23 19:09:45,庄敏的质押融资会不会持有乐视的股份（二级市场买入），如果真是，那庄敏资产将清零。
保千里的唯一出路：复牌 越拖越死！不管是公司面临倒闭，还是2020年股本全面解禁,"https://guba.eastmoney.com/news,600074,738349221.html",2017-12-24 14:15:24,"保千里的唯一出路：复牌
越拖越死！不管是公司面临倒闭，还是2020年股本全面解禁解冻！总之其后果绝壁比现在严重一万倍！
员工欠薪，生产停顿，后续再爆出vr手机5.4亿订单违约，其他未知贷款违约，围堵上市公司总部，各种恐怖的事情相继出现，自己想想是不是越拖越完蛋！
不管是钱多钱少，叫喧着千万不能复牌的人，是何居心！有没有股都难说！
再拖下去，没有最惨，只有更惨！"
越来越严重了，血本无归了[哭],"https://guba.eastmoney.com/news,600074,738341358.html",2017-12-24 12:00:54,越来越严重了，血本无归了
保千里流动性危机背后：多笔质押给信托的股权被冻结,"https://guba.eastmoney.com/news,600074,738083676.html",2017-12-22 01:28:54,"来源：证券日报
　　临到年底，上市公司信托贷款违约却进入高发期。
　　近日，上市公司江苏国信披露公告显示，江苏国信子公司江苏信托诉保千里信托贷款违约。而记者发现，保千里还有多笔信托业务存续，如目前还有5家信托公司接受保千里股份的质押，而这些股份目前已被冻结。另外，亦有信托公司的集合信托尚未到期。
　　业内信托观察人士对《证券日报》记者指出，如果质押给信托公司的股份被冻结，那么这部分增信在解冻之前将难以实现，信托公司将无法马上通过处置质押股票回收债权。
　　信托计划还款逾期
　　2017年12月2日，保千里发布债务逾期公告及债券无法按时付息公告。截至公告日，保千里逾期银行贷款合计3.6亿元，逾期商业承兑汇票本金2200万元。另外，保千里在2016年非公开发行的12亿元公司债“16千里01”已过付息日，由于现金流短缺，保千里无法足额支付应付利息7200万元，造成债券逾期。
　　12月14日，江苏信托以江苏保千里视像科技集团股份有限公司(保千里)和江苏保千里视像科技集团股份有限公司(保千里电子)作为被告向江苏省南京中院提起诉讼，请求保千里偿还借款1.55亿元、利息244.11万元及其他利息、罚息、复利，并要求保千里电子对保千里债务承担连带责任。
　　记者了解到，该笔信托贷款始于去年11月份。去年11月24日，江苏信托与保千里签订了《江苏保千里视像科技集团股份有限公司信托贷款单一资金信托贷款合同》，向保千里发放1.95亿元的信托贷款，贷款期限为24个月，贷款利率为7.46%/年。双方约定，保千里应自信托贷款放款日起满6个月、12个月、18个月时分批偿还4千万元本金，剩余部分到期一次性归还，利随本清。2016年12月7日，江苏信托向保千里发放该笔1.95亿元的信托贷款，而保千里在放款日起满12个月时未能偿还该期4千万元的本金，被江苏信托认为构成严重违约，因而提起诉讼。
　　事实上，保千里的流动性危机牵涉的不仅江苏信托一家，其背后还与多家信托公司存在业务往来。
　　记者了解到，部分信托公司今年还为保千里发行过集合资金信托。如某信托公司今年年中发行的信托产品，预计募集规模15亿元，向保千里发放贷款，期限24个月。
　　质押股份被冻结
　　除信托贷款外，保千里第一、第二大股东所持股份接连陷入司法冻结，可能也将给业内部分信托公司带来难题。
　　保千里股东结构显示，公司第一大股东为自然人庄敏，持有保千里8.55亿股股份，占总股本的35.07%；公司第二大股东为深圳日昇创沅资产管理有限公司(以下简称“日昇创沅”)，持有保千里3.40亿股股份，占总股本的13.95%。自2015年起，上述两位股东开始不断质押其持有的保千里股份。
　　数据显示，自2015年至今，庄敏持有的保千里股份进行过34次质押，日昇创沅持有的保千里股份进行过23次质押。曾经参与上述质押的信托公司有西藏信托、厦门信托、华能信托、渤海信托、陕国投、长安信托等，其中西藏信托、厦门信托、渤海信托、陕国投、长安信托等公司参与的股权质押尚未披露解押情况，涉及质押股份数量为4.54亿股。
　　今年9月份起，保千里开始陆续披露公司股东持有股份被司法冻结的情况。截至昨日(12月21日)，日昇创沅持有的3.40亿股股份已全部被冻结，而庄敏持有的8.55亿股股份已被多家法院轮候冻结。
　　业内信托观察人士对《证券日报》记者指出，如果质押给信托公司的股份被冻结，那么这部分增信在解冻之前将难以实现，信托公司将无法马上通过处置质押股票回收债权。
　　而除了保千里，上市公司龙力生物也出现了信托贷款违约。针对近期上市公司信托贷款频频违约，有信托机构研究员对《证券日报》记者称，上市公司也有优劣，不能因为有上市光环就忽略了风险要求，尤其今年以来通过信托公司做信用贷融资。总体而言，需要从行业、上市公司业务经营、杠杠水平、现金流状况、盈利能力、融资渠道多元性等方面有效识别风险。
（来源：证券日报 2017-12-22 01:21）[点击查看原文]
展开阅读全文"
利空小型民营钢企，随着大型企业的不断兼并重组。,"https://guba.eastmoney.com/news,600074,738326092.html",2017-12-24 06:10:26,利空小型民营钢企，随着大型企业的不断兼并重组。
庄的股权没有解除冻结前是不会复牌的。 目前看哪家公司出资收购庄的股权，拿出的钱偿,"https://guba.eastmoney.com/news,600074,738311110.html",2017-12-23 19:45:36,"庄的股权没有解除冻结前是不会复牌的。
目前看哪家公司出资收购庄的股权，拿出的钱偿还银行等相关债权人的债务。从此保千里不姓庄，公司名字可能变更。"
一分钱搞一天……。,"https://guba.eastmoney.com/news,600074,738323563.html",2017-12-24 02:58:19,一分钱搞一天……。
首要问题必须搞清楚20亿收购的事,"https://guba.eastmoney.com/news,600074,738165935.html",2017-12-22 12:54:26,"除证监会调查外，20亿收购是目前公司面临最大的不确定性，这20亿目前处于什么状态直接决定公司未来的命运，假设：1、20亿的收购资金目前还在（现金还在银行里,没有被挥霍），并且可以取消收购，这是公司目前来说最大的“利好”，公司多少还有救；2、20亿收购资金都在，但经过评估收购标的明显高估，收购又不可撤回，那么这是大的利空；3、20亿收购资金早被庄敏挪用，目前已被填了他自己的窟窿，无法收回，庄敏面临牢狱之灾，这是巨大利空，对公司的影响是毁灭性的。所以，眼前最急迫的事情是陈海昌到底调查处理的结论是什么，董事会为何迟迟不能公布，这里存很大的疑问，或许这个令人震惊的消息管理层也没有勇气公布了。"
乐视和保千里已经成为经典案例，如何协调各方利益将考验考验管理者的智慧,"https://guba.eastmoney.com/news,600074,737370761.html",2017-12-18 19:39:07,乐视和保千里已经成为经典案例，如何协调各方利益将考验考验管理者的智慧
他妈的小蚂蚁真烦，就那么点钱，亏了就亏了，天天在股吧怨天尤人的叫喊，有点男人的样,"https://guba.eastmoney.com/news,600074,737838335.html",2017-12-20 19:31:58,他妈的小蚂蚁真烦，就那么点钱，亏了就亏了，天天在股吧怨天尤人的叫喊，有点男人的样子吗？
快复牌阿，跌5个板也好阿，我要拿钱出来阿,"https://guba.eastmoney.com/news,600074,737847999.html",2017-12-20 20:48:45,快复牌阿，跌5个板也好阿，我要拿钱出来阿
保千里复盘要一字几个板跌停，赶紧退市卖掉还钱,"https://guba.eastmoney.com/news,600074,738309155.html",2017-12-23 18:52:30,保千里复盘要一字几个板跌停，赶紧退市卖掉还钱
发贴疲劳了，歇够了再来发，[困顿][困顿],"https://guba.eastmoney.com/news,600074,738313326.html",2017-12-23 20:44:31,发贴疲劳了，歇够了再来发，
最近要发复牌公告了，大家一定要关注好有没有公告，以免挂单慢了，每天六点半起床上班,"https://guba.eastmoney.com/news,600074,738169807.html",2017-12-22 13:13:32,最近要发复牌公告了，大家一定要关注好有没有公告，以免挂单慢了，每天六点半起床上班，晚上七点下班熬到半夜一点，每天睡觉不足五个小时，这就是我自保千里停盘至今的生活那天不来股吧总感觉浑身不自在
记住你的价值，它不因你的外观的不雅而贬值，是金子总有发光的一天。,"https://guba.eastmoney.com/news,600074,738302430.html",2017-12-23 15:55:44,记住你的价值，它不因你的外观的不雅而贬值，是金子总有发光的一天。
保千里即使有资金也不会还银行的。,"https://guba.eastmoney.com/news,600074,738302076.html",2017-12-23 15:46:37,保千里即使有资金也不会还银行的。
欧洲和国际石油都在暴跌！。,"https://guba.eastmoney.com/news,600074,738285421.html",2017-12-23 09:51:35,欧洲和国际石油都在暴跌！。
别激动。,"https://guba.eastmoney.com/news,600074,738284153.html",2017-12-23 09:24:12,别激动。
对酒当歌，夏利几何？ 虚假重组，股价下坡。 今。,"https://guba.eastmoney.com/news,600074,738279390.html",2017-12-23 06:53:37,对酒当歌，夏利几何？ 虚假重组，股价下坡。 今。
卖卖卖卖卖卖卖卖卖卖卖卖。,"https://guba.eastmoney.com/news,600074,738252510.html",2017-12-22 19:53:31,卖卖卖卖卖卖卖卖卖卖卖卖。
全世界都没有。,"https://guba.eastmoney.com/news,600074,738266612.html",2017-12-22 22:47:09,全世界都没有。
马上出公告了[傲][傲],"https://guba.eastmoney.com/news,600074,738256208.html",2017-12-22 20:33:55,马上出公告了
今晚有重要公告，都别睡觉，陪我一起熬夜[傲][傲],"https://guba.eastmoney.com/news,600074,738240880.html",2017-12-22 17:55:39,今晚有重要公告，都别睡觉，陪我一起熬夜
还好，目前看还是600206要升得快点，如果今天涨。,"https://guba.eastmoney.com/news,600074,738261518.html",2017-12-22 21:36:32,还好，目前看还是600206要升得快点，如果今天涨。
600074:保千里关于涉及诉讼、仲裁及资产被冻结的进展公告,"https://guba.eastmoney.com/news,600074,737378181.html",2017-12-18 20:32:04,"公告日期：2017-12-19
债券代码：145206 债券简称：16千里01



江苏保千里视像科技集团股份有限公司



关于涉及诉讼、仲裁及资产被冻结的进展公告



特别提示



本公司董事会及全体董事保证本公告内容不存在任何虚假记载、误导性陈述或者重大遗漏，并对其内容的真实性、准确性和完整性承担个别及连带责任。



一、涉及诉讼案件的情况



（一）公司近日收到深圳市中级人民法院（以下简称“深圳中院”）《应诉通知书》（2017）粤03民初2520号。中国光大银行股份有限公司深圳分行（以下简称“光大银行”）诉公司及深圳市保千里电子有限公司（以下简称“保千里电子”）金融借款合同纠纷一案。



1、当事人



原告：中国光大银行股份有限公司深圳分行



被告一：深圳市保千里电子有限公司



被告二：江苏保千里视像科技集团股份有限公司



2、案件金额：人民币200,596,916.66元



3、案件基本情况



2017年3月21日，光大银行与保千里电子签订《综合授信协议》，约定光



大银行为保千里电子提供贷款金额最高2亿元的最高授信额度，授信额度的有效



使用期限自2017年3月21日至2018年3月20日。为保证该协议项下的债权得



到清偿，同日，公司与光大银行签署《最高额保证合同》，为保千里电子《综合授信协议》项下产生的全部债务提供最高额连带责任保证担保。



基于上述合同，光大银行与保千里电子分别于2017年7月3日、7月5日



签订了两份《流动资金贷款合同》，贷款总额共计人民币2亿元，贷款期限为1



年。上述合同签订后，光大银行依约向保千里电子发放贷款2亿元。



光大银行认为，保千里电子自2017年9月起，陆续被多家银行及企业起诉，



涉及多个诉讼案件，财务状况恶劣，严重威胁到光大银行债权的实现。光大银行认为根据合同约定，保千里电子的行为已经构成违约，光大银行有权宣布保千里电子所有已发放的贷款立即到期，要求保千里电子立即偿还全部贷款本金、利息债券代码：145206 债券简称：16千里01



或其他实现债权的费用，并要求公司依约承担连带清偿责任。



4、案件进展：尚未开庭。



5、对公司本期利润或期后利润的的影响



上述诉讼案件尚未开庭审理，公司目前无法预计对公司本期利润或期后利润的具体影响。如有最新进展，公司将依照法律法规的规定，及时履行信息披露义务。



（二）公司收到上海市第一中级人民法院（以下简称“上海第一中院”）《民事裁定书》（2017）沪01民初1356号及《应诉通知书》（2017）沪01民初1356号，东方点石投资管理有限公司（以下简称“点石投资”）起诉保千里电子及公司金融借款合同纠纷一案。



1、当事人：



原告：东方点石投资管理有限公司



被告一：深圳市保千里电子有限公司



被告二：江苏保千里视像科技集团股份有限公司



第三人：徽商银行股份有限公司合肥阜阳北路支行



2、案件金额：人民币108,500,000元



3、案件基本情况：点石投资作为委托人，徽商银行股份有限公司合肥阜阳北路支行（以下简称“徽商银行”）作为受托人及出借人，公司作为借款人，三方共同签署《徽商银行人民币委托贷款合同》（以下简称“委贷合同”），约定点石投资委托徽商银行向公司提供5亿元借款，借款数额以实际委托金额为准，单笔贷款期限为12个月。2017年6月30日，点石投资与保千里电子签署《保证合同》，约定保千里电子为公司的上述借款提供连带责任保证担保。2017年7月21日至8月18日，点石投资陆续委托徽商银行向公司发放贷款总额为人民币10,810万元。



由于公司自汇丰银行冻结公司资金开始，公司的资产及公司原控股股东庄敏的股份陆续被银行等相关债权人冻结。同时，公司起诉了原控股股东庄敏及其一致行动人。因此，点石投资认为公司出现违约情形，要求公司提前偿贷。公司未提前偿还贷款，点石投资根据《委贷合同》约定，认为公司已构成违约，因此起债券代码：145206 债券简称：16千里01



诉公司。



4、案件进展：尚未开庭。



5、资产冻结情况：目前点石投资已申请财产保全，上海第一中院冻结了以下资产：保千里电子名下民生银行账户、保千里电子发明专利申请权、……
[点击查看PDF原文]
提示：本网不保证其真实性和客观性，一切有关该股的有效信息，以交易所的公告为准，敬请投资者注意风险。
展开阅读全文"
退市第一股哈哈哈哈哈哈哈哈哈哈哈,"https://guba.eastmoney.com/news,600074,738252254.html",2017-12-22 19:51:13,退市第一股哈哈哈哈哈哈哈哈哈哈哈
但是他的霸气犹如古时候的将军一样是一将功名无。,"https://guba.eastmoney.com/news,600074,738251410.html",2017-12-22 19:42:20,但是他的霸气犹如古时候的将军一样是一将功名无。
还是与人为善，好些。老给人伤口撒盐的人可能是病态或者是真的不希望别人幸福,"https://guba.eastmoney.com/news,600074,738247609.html",2017-12-22 19:06:14,还是与人为善，好些。老给人伤口撒盐的人可能是病态或者是真的不希望别人幸福
新上任的蚂董事长[傲][傲],"https://guba.eastmoney.com/news,600074,738221426.html",2017-12-22 15:51:08,新上任的蚂董事长
要复牌了，今天下午汉京国际会议室召开董事会会议，准备好，看看今晚出啥公告[傲][,"https://guba.eastmoney.com/news,600074,738173932.html",2017-12-22 13:26:59,要复牌了，今天下午汉京国际会议室召开董事会会议，准备好，看看今晚出啥公告
五天内必定出复盘公告 打赌[傲][傲],"https://guba.eastmoney.com/news,600074,738098339.html",2017-12-22 08:32:10,"五天内必定出复盘公告
打赌"
全面逾期违约，5.4亿vr手机也要违约，各大债权人围堵上市公司总部，工人全面欠薪,"https://guba.eastmoney.com/news,600074,738097108.html",2017-12-22 08:15:30,全面逾期违约，5.4亿vr手机也要违约，各大债权人围堵上市公司总部，工人全面欠薪，高管辞职，越拖越死，违约加罚息，想想都睡不着觉
KDJ要向下死叉，该股彻底阳痿。,"https://guba.eastmoney.com/news,600074,738163141.html",2017-12-22 12:30:49,KDJ要向下死叉，该股彻底阳痿。
庄敏老家在哪，走，咱们明年约好一起去把他老窝给端了！[傲][傲],"https://guba.eastmoney.com/news,600074,738159101.html",2017-12-22 11:57:09,庄敏老家在哪，走，咱们明年约好一起去把他老窝给端了！
如果你想要他的命就劝他进股市。。,"https://guba.eastmoney.com/news,600074,738096753.html",2017-12-22 08:09:59,如果你想要他的命就劝他进股市。。
保千里,"https://guba.eastmoney.com/news,600074,737940849.html",2017-12-21 11:09:30,持有保千里股民，我们要团结起来，证监会一旦认定违规，我们要集体索赔，目前最好不要复盘，到明年三月份再说，
SB保千里,"https://guba.eastmoney.com/news,600074,738142789.html",2017-12-22 10:59:58,SB保千里
保千里事情肯定没那么简单，好多事情没处理，首先最大的问题是各家银行贷款没钱还，然,"https://guba.eastmoney.com/news,600074,738141754.html",2017-12-22 10:57:29,保千里事情肯定没那么简单，好多事情没处理，首先最大的问题是各家银行贷款没钱还，然后是大股东的股份全部质押，再者这么多钱去向成谜
请叫我:蚂董事长[傲][傲],"https://guba.eastmoney.com/news,600074,738104246.html",2017-12-22 09:20:14,请叫我:蚂董事长
坐等白衣骑士救场,"https://guba.eastmoney.com/news,600074,738105485.html",2017-12-22 09:25:27,坐等白衣骑士救场
保千里流年不利，先有债务违约后有司法冻结,"https://guba.eastmoney.com/news,600074,738095425.html",2017-12-22 07:46:57,"作者：包希仁




保千里21日公告称，公司于2017年12月20日收到第二大股东深圳日昇创沅的“投资者证券冻结信息”。


信息显示，日昇创沅所持有的公司限售流通股约1.9亿股（占公司总股本的7.79%）被江苏省高级人民法院执行司法冻结。冻结日期2017年12月14日，解冻日期2020年12月13日。


目前，保千里尚未公布冻结原因。但笔者分析，其很有可能与此前多起债务诉讼有关。


官司缠身的保千里，这个年关不好过


日前，江苏国信的一则诉讼公告，让其子公司江苏信托与保千里信托贷款项目浮出水面。


据其公告显示，早在去年12月，江苏信托按约向保千里发放贷款1.95亿元，但保千里在信托贷款满一年时未能偿还4000万元本金。


于是，江苏信托认为保千里未按约定还款付息已构成严重违约，而江苏信托为实现自身合法权益，最终决定向南京市中级人民法院提起诉讼，目前该案已被受理。


除了信托爆雷之外，其公司债也相继违约


此前，保千里公告称，其2016年非公开发行公司债券，因公司目前现金流短缺等原因，无法按时、足额筹集资金用于偿付本期债券的应付利息，共计7200万元，构成对本期债券的违约。


至于其债券不能按期兑付利息的原因，保千里也在公告中表示，因原董事长庄敏存在涉嫌以对外投资收购资产为由，侵占上市公司利益的行为，同时公司及下属公司部分资金被银行冻结、提前还款，到期贷款难以续贷，导致公司面临流动性风险及经营性风险。


由此可见，其“罪魁祸首”居然是原董事长庄敏。


然而，目前庄敏因涉嫌信息披露违法违规，证监会已决定对其进行立案调查。而庄敏本人持有的约8.54亿股保千里股票，也在此之前，遭到重庆市高级人民法院与广东省高级人民法院的双轮司法冻结。


（草媒公社成员自媒体,原创内容转载引用请注明出处！）

展开阅读全文"
假如到最后保千里没有退市，我猜想其主营核心应回归其上市前的汽车夜视及主动安全系统,"https://guba.eastmoney.com/news,600074,737565013.html",2017-12-19 16:28:46,假如到最后保千里没有退市，我猜想其主营核心应回归其上市前的汽车夜视及主动安全系统，VR手机和所谓的智能硬件+等相关专利资产应该转让出去抵债
下周一复牌，今明两天出重要公告[傲][傲],"https://guba.eastmoney.com/news,600074,738009682.html",2017-12-21 15:00:54,下周一复牌，今明两天出重要公告
半年了，没见过保千里发过哪怕一次的利好公告，5.4亿vr手机订单公告，现在看来也,"https://guba.eastmoney.com/news,600074,737896078.html",2017-12-21 09:40:28,半年了，没见过保千里发过哪怕一次的利好公告，5.4亿vr手机订单公告，现在看来也是利空，违约是肯定的了，全是利空，还会发酵，要命了[不赞][不赞]
已向公安机关报案？,"https://guba.eastmoney.com/news,600074,738039108.html",2017-12-21 17:25:26,"怎么这么多天都没有处置的信息披露？
这个董事会故意磨叽的不开吧。"
600074:保千里关于第二大股东股份被司法冻结的公告,"https://guba.eastmoney.com/news,600074,737838552.html",2017-12-20 19:33:24,"公告日期：2017-12-21
证券代码：600074 证券简称：保千里 公告编号：2017-130



债券代码：145206 债券简称：16千里01



江苏保千里视像科技集团股份有限公司



关于第二大股东股份被司法冻结的公告



特别提示



本公司董事会及全体董事保证本公告内容不存在任何虚假记载、误导性陈述或者重大遗漏，并对其内容的真实性、准确性和完整性承担个别及连带责任。



江苏保千里视像科技集团股份有限公司（以下简称“公司”）于2017年12月20日收到公司第二大股东深圳日昇创沅资产管理有限公司（以下简称“日昇创沅”）的《中国证券登记结算有限责任公司投资者证券冻结信息》，显示日昇创沅股份被司法冻结：



日昇创沅所持有的公司限售流通股189,992,924股（占公司总股本的7.79%）被江苏省高级人民法院执行司法冻结。冻结日期2017年12月14日，解冻日期2020年12月13日。



截止本公告日，日昇创沅持有公司限售流通股339,992,924股，占公司总股本的13.95%。日昇创沅已累计被司法冻结股份为339,992,924股，占公司总股本的13.95%。



特此公告。



江苏保千里视像科技集团股份有限公司



董事会



2017年12月20日




[点击查看PDF原文]
提示：本网不保证其真实性和客观性，一切有关该股的有效信息，以交易所的公告为准，敬请投资者注意风险。
展开阅读全文"
明日复牌[兴奋][兴奋],"https://guba.eastmoney.com/news,600074,738058196.html",2017-12-21 19:53:26,明日复牌
为什么都急着要复牌？长期不复牌的好处如下：,"https://guba.eastmoney.com/news,600074,737850289.html",2017-12-20 21:11:32,"急着要复牌的99%没有保千里股票。因为我有，所以我不着急复牌。
这么稳定的市值打新多好啊！（近2个月分别中签：剑桥科技、山东出版、香飘飘、深南电路、华能水电和朗博科技，其中有1支是深圳的，其余5支就是用保千里市值打的上海新股）。
别问我有多少股，也就几万股，当初花了几十万元。
希望复牌时打新的收益已经超过当初买保保的资金！"
放心，庄的股份没有解冻前是不会复牌的。除非有公司愿意出资金接手其股份。,"https://guba.eastmoney.com/news,600074,738057277.html",2017-12-21 19:45:26,放心，庄的股份没有解冻前是不会复牌的。除非有公司愿意出资金接手其股份。
大家有看唐德川早上的微博直播吗,"https://guba.eastmoney.com/news,600074,737942846.html",2017-12-21 11:14:17,大家有看唐德川早上的微博直播吗
保千里流年不利，先有债务违约后有司法冻结,"https://guba.eastmoney.com/news,600074,738047636.html",2017-12-21 18:19:46,"作者：包希仁
保千里21日公告称，公司于2017年12月20日收到第二大股东深圳日昇创沅的“投资者证券冻结信息”。
信息显示，日昇创沅所持有的公司限售流通股约1.9亿股（占公司总股本的7.79%）被江苏省高级人民法院执行司法冻结。冻结日期2017年12月14日，解冻日期2020年12月13日。
目前，保千里尚未公布冻结原因。但笔者分析，其很有可能与此前多起债务诉讼有关。
官司缠身的保千里，这个年关不好过
日前，江苏国信的一则诉讼公告，让其子公司江苏信托与保千里信托贷款项目浮出水面。
据其公告显示，早在去年12月，江苏信托按约向保千里发放贷款1.95亿元，但保千里在信托贷款满一年时未能偿还4000万元本金。
于是，江苏信托认为保千里未按约定还款付息已构成严重违约，而江苏信托为实现自身合法权益，最终决定向南京市中级人民法院提起诉讼，目前该案已被受理。
除了信托爆雷之外，其公司债也相继违约
此前，保千里公告称，其2016年非公开发行公司债券，因公司目前现金流短缺等原因，无法按时、足额筹集资金用于偿付本期债券的应付利息，共计7200万元，构成对本期债券的违约。
至于其债券不能按期兑付利息的原因，保千里也在公告中表示，因原董事长庄敏存在涉嫌以对外投资收购资产为由，侵占上市公司利益的行为，同时公司及下属公司部分资金被银行冻结、提前还款，到期贷款难以续贷，导致公司面临流动性风险及经营性风险。
由此可见，其“罪魁祸首”居然是原董事长庄敏。
然而，目前庄敏因涉嫌信息披露违法违规，证监会已决定对其进行立案调查。而庄敏本人持有的约8.54亿股保千里股票，也在此之前，遭到重庆市高级人民法院与广东省高级人民法院的双轮司法冻结。
（草媒公社成员自媒体,原创内容转载引用请注明出处！
"
重仓的兄弟还能睡安稳觉吗！想着都是泪吧！坚强点,"https://guba.eastmoney.com/news,600074,737852894.html",2017-12-20 21:36:42,重仓的兄弟还能睡安稳觉吗！想着都是泪吧！坚强点
600074:保千里2017年第四次临时股东大会的法律意见书,"https://guba.eastmoney.com/news,600074,737838558.html",2017-12-20 19:33:26,"公告日期：2017-12-21
北京国枫（深圳）律师事务所



关于江苏保千里视像科技集团股份有限公司



2017年第四次临时股东大会的



法律意见书



国枫律股字[2017]C0197号



致：江苏保千里视像科技集团股份有限公司



北京国枫（深圳）律师事务所（以下简称“本所”）接受江苏保千里视像科技集团股份有限公司（以下简称“贵公司”）的委托，指派律师出席了贵公司召开的2017年第四次临时股东大会现场会议。



本所律师根据《中华人民共和国公司法》（以下简称“《公司法》”）、《中华人民共和国证券法》、《上市公司股东大会规则（2016年修订）》等法律、法规和规范性文件以及《江苏保千里视像科技集团股份有限公司章程》（以下简称“《公司章程》”）的有关规定，出具本法律意见书。



为出具本法律意见书，本所律师审查了贵公司提供的有关召开本次股东大会相关文件的原件或影印件，包括但不限于：



1. 贵公司于2017年12月05日刊载在中国证监会指定信息披露网站的《江



苏保千里视像科技集团股份有限公司第七届董事会第四十五次会议决议公告》（以下简称“《董事会决议》”）；



2. 贵公司于2017年12月05日刊载在中国证监会指定信息披露网站的《关



于召开2017年第四次临时股东大会的通知》（以下简称“《股东大会通知》”）；



3. 股东名册、股东及股东代理人身份证明文件、股票账户卡和授权委托书



等。



本法律意见书仅作为贵公司本次股东大会公告的法定文件使用，非经本所律师书面同意不得用于其他用途。



本所律师现根据有关法律、法规及规范性文件的要求，按照律师行业公认的业务标准、道德规范和勤勉尽责的精神，就本次股东大会出具如下法律意见：一、关于本次股东大会的召集和召开程序



（一）本次股东大会的召集



根据《董事会决议》和《股东大会通知》，本次股东大会由贵公司董事会召集。本所律师认为，贵公司本次股东大会的召集方式符合《公司法》等法律、法规和规范性文件及《公司章程》的有关规定。



（二）本次股东大会的召开



1. 根据《股东大会通知》，贵公司召开本次股东大会的通知已提前十五日



以公告方式作出，符合《公司法》及《公司章程》的有关规定。



2. 根据《股东大会通知》，贵公司有关本次股东大会会议通知的主要内容



有：会议召集人、会议召开时间、现场会议召开地点、会议审议事项、会议出席对象、现场会议登记方法及其他事项等，该会议通知的内容符合《公司章程》的有关规定。



3. 本次股东大会以现场投票及网络投票相结合方式召开，现场会议于2017



年12月20日（星期三）下午15:00在深圳市南山区登良路23号汉京国际大厦



16楼公司会议室如期举行。现场会议召开的实际时间、地点与会议通知中所告



知的时间、地点一致。



4. 除现场会议外，贵公司还通过上海证券交易所交易系统和互联网投票系



统向股东提供了网络形式的投票平台。其中，通过上海证券交易所交易系统进行投票的具体时间为：2017年12月20日9:15~9:25，9:30~11:30，13:00~15:00；通过上海证券交易所互联网投票系统进行投票的具体时间为：2017年12月20日9:15~15:00。



5. 本次股东大会的现场会议由贵公司董事长鹿鹏先生主持。



本所律师认为，贵公司本次股东大会的召集、召开程序符合《公司法》等法律、法规和规范性文件及《公司章程》的有关规定。



二、关于出席本次股东大会人员和召集人的资格



（一）出席本次股东大会的股东及股东代理人



本所律师对出席本次股东大会现场会议的股东与截至2017年12月14日下



午收市时在中国登记结算有限责任公司上海分公司登记在册的全体股东进行核对与查验，出席本次股东大会现场会议的股东及股东代理人共7人，代表贵公司有表决权股份997,838,650股，占贵公司有表决权股份总数的40.9305%。出席本次股东大会现场会议的股东及股东代理人手续齐全，身份合法，代表股份有效，符合《公司法》等法律、法规及《公司章程》的有关规定。



另外，根据上证所信息网络有限公司提供的数据，在网络投票时间内通过网络投票系统投票的股东共10人，代表贵公司有表决权股份426……
[点击查看PDF原文]
提示：本网不保证其真实性和客观性，一切有关该股的有效信息，以交易所的公告为准，敬请投资者注意风险。
展开阅读全文"
600074:保千里2017年第四次临时股东大会决议公告,"https://guba.eastmoney.com/news,600074,737838512.html",2017-12-20 19:33:13,"公告日期：2017-12-21
证券代码：600074 证券简称：保千里 公告编号：2017-129



江苏保千里视像科技集团股份有限公司



2017年第四次临时股东大会决议公告



本公司董事会及全体董事保证本公告内容不存在任何虚假记载、误导性陈述或者重大遗漏，并对其内容的真实性、准确性和完整性承担个别及连带责任。



重要内容提示：



本次会议是否有否决议案：无



一、 会议召开和出席情况



(一) 股东大会召开的时间：2017年12月20日



(二) 股东大会召开的地点：深圳市南山区登良路23号汉京国际大厦16楼公



司会议室



(三) 出席会议的普通股股东和恢复表决权的优先股股东及其持有股份情况：



1、出席会议的股东和代理人人数 17



2、出席会议的股东所持有表决权的股份总数（股） 998,264,950



3、出席会议的股东所持有表决权股份数占公司有表决权股



份总数的比例（%） 40.95%



(四) 表决方式是否符合《公司法》及《公司章程》的规定，大会主持情况等。



本次会议由董事会召集，公司董事长鹿鹏先生主持会议。会议采用现场投票和网络投票相结合的表决方式。本次会议的召集和召开程序以及表决方式和表决程序均符合《公司法》及《公司章程》的规定。



(五) 公司董事、监事和董事会秘书的出席情况



1、公司在任董事9人，出席8人，董事丁立红先生因出差未出席；



2、公司在任监事3人，出席3人；



3、董事会秘书周皓琳先生出席会议；其他高管列席会议。



二、 议案审议情况



(一) 非累积投票议案



1、议案名称：关于修改《公司章程》的议案



审议结果：通过



表决情况：



股东 同意 反对 弃权



类型 票数 比例（%） 票数 比例（%） 票数 比例（%）



A股 998,253,750 99.9989 11,200 0.0011 0 0



2、议案名称：关于修改公司《对外投资管理制度》的议案



审议结果：通过



表决情况：



股东 同意 反对 弃权



类型 票数 比例（%） 票数 比例（%） 票数 比例（%）



A股 998,258,250 99.9993 6,700 0.0007 0 0



(二) 涉及重大事项，5%以下股东的表决情况



议案 议案名称 同意 反对 弃权



序号 票数 比例（%） 票数 比例（%）票数 比例（%）



1 关于修改《公司 40,58 99.9724 11,200 0.0276 0 0



章程》的议案 9,314



2 关于修改公司 40,59 99.9835 6,700 0.0165 0 0



《对外投资管理 3,814



制度》的议案



(三) 关于议案表决的有关情况说明



1、议案1为特别决议议案，获得有效表决权股份总数的2/3以上通过；



2、议案2为普通决议议案，获得有效表决权股份总数的1/2以上通过。



三、 律师见证情况



1、本次股东大会鉴证的律师事务所：北京国枫（深圳）律师事务所



律师：孙林、方啸中



2、律师鉴证结论意见：



公司2017年第四次临时股东大会的召集和召开程序、出席本次股东大会人



员和召集人的资格以及表决程序等事宜，符合《公司法》等法律、法规和规范性文件以及《公司章程》的有关规定。本次股东大会的表决结果合法、有……
[点击查看PDF原文]
提示：本网不保证其真实性和客观性，一切有关该股的有效信息，以交易所的公告为准，敬请投资者注意风险。
展开阅读全文"
南无本师释迦牟尼佛，南无十方诸佛菩萨[拜神][拜神][拜神]，希望各位都能默念一,"https://guba.eastmoney.com/news,600074,734344810.html",2017-12-05 05:58:19,南无本师释迦牟尼佛，南无十方诸佛菩萨，希望各位都能默念一遍，念佛念法功德无量，福德无量
开盘的好处在于不管是跌还是跌，都可以明确预期，也许未来股价不如当前，但是只有合理,"https://guba.eastmoney.com/news,600074,737099570.html",2017-12-16 20:23:02,开盘的好处在于不管是跌还是跌，都可以明确预期，也许未来股价不如当前，但是只有合理的股价和上市公司估值，才能更好的恢复元气，当前什么都做不了，唯一可以做的就是复盘，这是正道！别指望现在什么重组啊挽救保千里，估值都不明确，你指望个球？老想着歪门邪道来自我麻痹自己，有意思
百孔千疮,"https://guba.eastmoney.com/news,600074,737900818.html",2017-12-21 09:50:48,百孔千疮
600074:保千里关于第二大股东股份被司法冻结的公告,"https://guba.eastmoney.com/news,600074,737838551.html",2017-12-20 19:33:24,"公告日期：2017-12-21
证券代码：600074 证券简称：保千里 公告编号：2017-130



债券代码：145206 债券简称：16千里01



江苏保千里视像科技集团股份有限公司



关于第二大股东股份被司法冻结的公告



特别提示



本公司董事会及全体董事保证本公告内容不存在任何虚假记载、误导性陈述或者重大遗漏，并对其内容的真实性、准确性和完整性承担个别及连带责任。



江苏保千里视像科技集团股份有限公司（以下简称“公司”）于2017年12月20日收到公司第二大股东深圳日昇创沅资产管理有限公司（以下简称“日昇创沅”）的《中国证券登记结算有限责任公司投资者证券冻结信息》，显示日昇创沅股份被司法冻结：



日昇创沅所持有的公司限售流通股189,992,924股（占公司总股本的7.79%）被江苏省高级人民法院执行司法冻结。冻结日期2017年12月14日，解冻日期2020年12月13日。



截止本公告日，日昇创沅持有公司限售流通股339,992,924股，占公司总股本的13.95%。日昇创沅已累计被司法冻结股份为339,992,924股，占公司总股本的13.95%。



特此公告。



江苏保千里视像科技集团股份有限公司



董事会



2017年12月20日




[点击查看PDF原文]
提示：本网不保证其真实性和客观性，一切有关该股的有效信息，以交易所的公告为准，敬请投资者注意风险。
展开阅读全文"
保千里逾亿贷款违约被江苏信托起诉 原董事长庄敏遭证监会立案调查,"https://guba.eastmoney.com/news,600074,737411785.html",2017-12-19 01:31:11,"来源：每日经济新闻
　　4.5亿元债务逾期；短期债务超过账面资金三倍……多重问题缠身的保千里，“屋漏偏逢连夜雨”，最近又陷入一场诉讼官司之中。
　　近日，江苏国信(002608，SZ)发布子公司江苏信托涉诉的公告，公告显示2016年12月7日，江苏信托按约向保千里(600074，SH)发放贷款1.95亿元，但保千里在信托贷款满12个月时未能偿还4000万元本金，截至2017年12月5日，保千里共欠贷款本息合计约1.57亿元，同时保千里的全资子公司深圳市保千里电子有限公司作为保证人承担连带还款责任。
　　江苏信托由此对上述两家公司提起诉讼，其同时表示，该诉讼事项对公司本期及后期利润不会产生影响。对此，《每日经济新闻》记者多次拨打江苏国信电话欲了解进一步情况，但并未接通。
　　值得注意的是，12月18日晚间，保千里发公告称，原控股股东、原实际控制人、原董事长庄敏因涉嫌信息披露违规违法，收到证监会调查通知书，被立案调查。
　　个案：上亿贷款违约吃官司
　　近日，江苏国信的一则诉讼公告让子公司江苏信托与保千里的一个信托贷款项目浮出水面，这事要回溯到去年底。
　　2016年11月24日，江苏信托与保千里签订《江苏保千里视像科技集团股份有限公司信托贷款单一资金信托贷款合同》，双方约定江苏信托向保千里发放贷款1.95亿元，期限为24个月，即自2016年12月7日至2018年12月6日，贷款的利率为7.46%/年；贷款按日计息，按季结息，结息日为每季度末月的第20日，保千里应于每个结息日支付已发生的利息。
　　具体还款为保千里应自信托贷款放款日起满6个月时偿还4000万元本金；于信托贷款放款日起满12个月时偿4000万元本金；于信托贷款放款日起满18个月时偿还4000万元本金；剩余部分到期一次性归还，利随本清。如果保千里未按期足额偿还该合同项下贷款本金，江苏信托有权宣布贷款提前到期，要求其提前清偿贷款本息，并对逾期本金按照逾期罚息利率按日计收罚息，逾期罚息利率按照逾期之日所执行的贷款利率水平上加收50%；保千里若未按期足额偿还该合同项下贷款利息的，江苏信托有权要求其限期清偿，并对逾期利息按照逾期罚息利率按日计收复利。
　　同日，江苏信托与保千里签订《股权质押合同》，约定保千里以其持有的深圳市小豆科技有限公司100%股权为主合同项下的全部债务提供质押担保，江苏信托已于2016年11月25日在深圳市市场监督管理局办理股权出质设立登记手续，取得该质押股权的质权。同时江苏信托与保千里的全资子公司深圳市保千里电子有限公司(以下简称深圳保千里)签订《保证合同》，约定深圳保千里为主合同项下的全部债务提供连带责任保证担保，无论主合同项下的债权是否拥有其他担保，江苏信托均有权直接要求深圳保千里在保证范围内承担保证责任。
　　然而仅仅一年时光，保千里即无法按时偿还本金。值得一提的事，此次违约事项是信托贷款放款日起满12个月时偿还4000万元本金。
　　背后：自曝有4.5亿债务违约
　　公告显示，截至2017年12月5日，江苏保千里共欠贷款本息合计1.57亿元。江苏信托称保千里未按约定还款付息已构成严重违约，深圳保千里作为保证人应承担连带还款责任，而江苏信托为实现自身合法权益，向南京市中级人民法院提起诉讼，目前该案已被受理。
　　《每日经济新闻》记者注意到，保千里目前的状况难言乐观。就在本月初，该公司发布一则债务逾期的公告，公告称因原控股股东及实际控制人、原法定代表人及原董事长庄敏存在涉嫌以对外投资收购资产为由侵占上市公司利益的行为，目前公司面临较大风险，另外公司在对2017年以来由原董事长庄敏主导的所有对外投资事项逐一清查的过程中，发现由于公司近年来在庄敏主导下过度投资，且公司及下属公司部分资金被银行冻结、提前还款，到期贷款难以续贷，公司出现流动性风险和经营风险，致使部分银行贷款未能如期偿还或续贷，到期承兑汇票未能按期兑付。
　　截至2017年12月1日，公司及下属子公司到期未清偿债务总额约4.5亿元，占公司2016年度经审计净资产的10.39%。此外，本应该在2017年11月30日付息的非公开发行公司债券，目前也不能按时付息，利息共计7200万元。
　　而在此之前，庄敏所持有的股份已全部被执行司法冻结及司法轮候冻结。公告显示庄敏已累计被司法冻结股份约8.55亿股，占公司总股本的35.07%，同时，广东省高级人民法院对庄敏股份的1.68亿股执行司法轮候冻结；重庆市高级人民法院对庄敏股份执行多轮司法轮候冻结，分别为7800万股、7800万股、7.77亿股。
　　此外，《中国证券登记结算有限责任公司投资者证券冻结信息》显示，庄敏所持有的公司限售流通股1亿股(占公司总股本的4.10%)已于2017年9月12日被江苏省南京市中级人民法院执行司法冻结，解冻日期2020年9月11日；而庄敏所持有的公司限售流通股6786.61万股(占公司总股本的2.78%)于2017年9月25日被湖南省高级人民法院执行司法冻结。
　　最新：原董事长被立案调查
　　不过，《每日经济新闻》记者注意到，保千里去年的财务状况还颇为光鲜。去年年报显示，当年实现营收41.14亿元，同比增加148.29%，归属于上市公司股东的净利润为7.99亿元，同比上升114.07%，而在今年前三季度，保千里实现营收29.61亿元，同比微增3.70%，归属于上市公司股东的净利润为4.04亿元，同比下滑34.48%。
　　公开信息显示，保千里作为高端视像解决方案的供应商，以精密光机电成像+仿生智能算法为核心竞争优势，以图像采集、分析、显示、传输、处理为主要研发方向，研发生产一系列功能性硬件、智能硬件，以及平台型智能硬件，涉及人工智能、虚拟现实、智能驾驶、智能商显、特种视像等五大核心业务。
　　12月13日晚间，保千里发公告称，2017年12月11日收到中国证监会《调查通知书》(编号：苏证调查字2017090号)：“因涉嫌信息披露违规违法，根据《中华人民共和国证券法》的有关规定，我会决定对你公司进行立案调查，请予以配合。”
　　5天之后的昨日，保千里又发公告称，原控股股东、原实际控制人、原董事长庄敏因涉嫌信息披露违规违法，被证监会立案调查。
（来源：每日经济新闻 2017-12-19 01:58）[点击查看原文]
展开阅读全文"
说跳楼的你们尽量不要刺激他，中车跳楼也不是没有过每个人承受的压力不同[拜神][拜,"https://guba.eastmoney.com/news,600074,737844966.html",2017-12-20 20:23:24,"说跳楼的你们尽量不要刺激他，中车跳楼也不是没有过每个人承受的压力不同真跳了你们也会难过的
"
坐等复盘公告[傲][傲],"https://guba.eastmoney.com/news,600074,737847118.html",2017-12-20 20:41:07,坐等复盘公告
今晚的审议公告肯定不会复盘，会补发一个公告，公司正筹划重大事项申请继续停牌，可能,"https://guba.eastmoney.com/news,600074,737723453.html",2017-12-20 11:31:36,今晚的审议公告肯定不会复盘，会补发一个公告，公司正筹划重大事项申请继续停牌，可能涉及控股股东再次变更可能，停牌时间一个月！
放心，庄的股份没解冻前是不会复牌的。除非公告有公司愿意出资接走这35%的股份。,"https://guba.eastmoney.com/news,600074,737734326.html",2017-12-20 12:26:53,放心，庄的股份没解冻前是不会复牌的。除非公告有公司愿意出资接走这35%的股份。
今晚发布复牌公告，晚上准备好二锅头[傲][傲],"https://guba.eastmoney.com/news,600074,737815326.html",2017-12-20 16:59:38,今晚发布复牌公告，晚上准备好二锅头
第一第二大股东股票总计近49%的股票都已经冻结，也就是说保千里明天复盘就算跌停5,"https://guba.eastmoney.com/news,600074,737841038.html",2017-12-20 19:51:30,第一第二大股东股票总计近49%的股票都已经冻结，也就是说保千里明天复盘就算跌停5个板，他们都不会爆仓，18年3月12日的解禁也和他们没关系了
谁投的反对票？举个手？,"https://guba.eastmoney.com/news,600074,737840777.html",2017-12-20 19:49:15,谁投的反对票？举个手？
[大笑][大笑][大笑],"https://guba.eastmoney.com/news,600074,737838680.html",2017-12-20 19:34:01,
要复盘了，我准备换股吧号了 今年回家办身份证，重新办张银行卡，然后重新开个股票账,"https://guba.eastmoney.com/news,600074,737811895.html",2017-12-20 16:40:15,"要复盘了，我准备换股吧号了
今年回家办身份证，重新办张银行卡，然后重新开个股票账户
这个账户太伤心了，除了赔一直赔钱
都是些伤心的记忆……"
今日14:25分召开第五次股东大会会议 现场会议地点：深圳市南山区登良路23号汉,"https://guba.eastmoney.com/news,600074,737790132.html",2017-12-20 15:03:46,"今日14:25分召开第五次股东大会会议
现场会议地点：深圳市南山区登良路23号汉京国际大厦16楼公司会
议室
参会人 员：前控股大股东、股东及股东代表、董事、监事、高级管理人员、公司
聘请的律师
经本次股东会议深入讨论，决定于明日周四复牌
本次复盘申请以9票赞成，1票反对，0票弃权
通过
这样说会被抓嘛纯属娱乐"
明日复牌！今日已向上交所申请复牌了！[傲][傲],"https://guba.eastmoney.com/news,600074,737827600.html",2017-12-20 18:12:36,明日复牌！今日已向上交所申请复牌了！
保千里不敢复牌的原因，问题就出在前大股东那里，时至今日，上市公司与大股东已经兵刃,"https://guba.eastmoney.com/news,600074,737810417.html",2017-12-20 16:31:25,保千里不敢复牌的原因，问题就出在前大股东那里，时至今日，上市公司与大股东已经兵刃相见，爆仓爆仓爆仓！重要的事情说三遍！马上复牌！上交所已同意复牌申请
今晚大家别睡觉哈！有复牌公告！相信我哈！[傲][傲],"https://guba.eastmoney.com/news,600074,737803408.html",2017-12-20 15:53:28,今晚大家别睡觉哈！有复牌公告！相信我哈！
都别睡觉，一会发复盘公告！[傲][傲],"https://guba.eastmoney.com/news,600074,737604344.html",2017-12-19 20:08:51,都别睡觉，一会发复盘公告！
还有好吗，保千里？还让你活吗，庄敏？,"https://guba.eastmoney.com/news,600074,737734359.html",2017-12-20 12:27:01,"12月12日，中国证监会副主席姜洋：下一步，证监会将继续强化依法合规、诚信经营意识，严格落实上市公司监管和信息披露的各项要求，自觉远离频繁融资、编项目炒概念、盲目虚假重组、违规无序减持等市场乱象。

12月15日，中国证监会主席助理黄炜：整治金融乱象，必须重典治乱。

12月19日，中国证监会主席助理黄炜：对欺诈发行行为坚决依法查处，绝不姑息迁就。"
庄敏从此结束了资本市场生涯。对他的处罚是永久不得跨入证券市场。他的股份转让是唯一,"https://guba.eastmoney.com/news,600074,737390162.html",2017-12-18 21:53:25,庄敏从此结束了资本市场生涯。对他的处罚是永久不得跨入证券市场。他的股份转让是唯一出路。
最好停个三年五载的,"https://guba.eastmoney.com/news,600074,737655012.html",2017-12-20 07:05:00,最好停个三年五载的
变卖资产，解燃眉之急。哎。,"https://guba.eastmoney.com/news,600074,737589469.html",2017-12-19 18:36:22,变卖资产，解燃眉之急。哎。
啥意思？震仓洗盘吗？。。,"https://guba.eastmoney.com/news,600074,737721056.html",2017-12-20 11:25:50,啥意思？震仓洗盘吗？。。
垃圾，快涨。,"https://guba.eastmoney.com/news,600074,737716519.html",2017-12-20 11:14:25,垃圾，快涨。
600074:保千里关于延期复牌的公告,"https://guba.eastmoney.com/news,600074,737039172.html",2017-12-15 21:46:29,"公告日期：2017-12-16
证券代码：600074 证券简称：保千里 公告编号：2017-125



债券代码：145206 债券简称：16千里01



江苏保千里视像科技集团股份有限公司



关于延期复牌的公告



特别提示



本公司董事会及全体董事保证本公告内容不存在任何虚假记载、误导性陈述或者重大遗漏，并对其内容的真实性、准确性和完整性承担个别及连带责任。



江苏保千里视像科技集团股份有限公司（以下简称“公司”）于2017年11月15



日披露了《关于重大事项继续停牌的公告》，公司股票自2017年11月16日起停牌1



个月。公司股票停牌期间，公司董事会成立整顿处置领导小组并开展公司整顿处置工作，恢复公司正常生产和经营秩序。



在公司股票停牌期间，以陈海昌先生为组长的整顿处置领导小组开展了整顿处置工作并形成了初步情况汇报。公司于2017年12月15日收到整顿处置领导小组的正式汇报文件，公司将于近日召开董事会，审议整顿处置领导小组提交的工作汇报，董事会审议通过后公司将尽快履行信息披露义务，向上海证券交易所申请复牌。



公司的指定息披露媒体为《证券时报》、《中国证券报》、《上海证券报》、《证券日报》和上海证券交易所网站（www.sse.com.cn），公司相关信息均以上述指定媒体披露的为准，敬请广大投资者关注相关公告并注意投资风险。



风险提示：



公司郑重提醒广大投资者关注公司目前面临的财务风险及经营风险，敬请广大投资者理性投资，仔细阅读公司公告，注意投资风险。



特此公告。



江苏保千里视像科技集团股份有限公司



董事会



2017年12月15日




[点击查看PDF原文]
提示：本网不保证其真实性和客观性，一切有关该股的有效信息，以交易所的公告为准，敬请投资者注意风险。
展开阅读全文"
十万股民坐困愁城：实控人乱投资掏空上市公司，谁在助纣为虐？,"https://guba.eastmoney.com/news,600074,737490182.html",2017-12-19 12:06:13,"又见债券违约，这次是上市公司。
保千里（600074.SH）此前发布公告：非公开发行的公司债券（债券简称16千里01）第一次付息日为今年11月30日，因公司目前现金流短缺等原因，无法按时、足额筹集资金用于偿付本期债券的应付利息，构成对本期债券违约。保千里这次违约的债券利息为7200万。
过去两年债券违约事件并不罕见，但保千里事件仍然让债券和资本市场震惊。就在一年前保千里通过定增融资19.88亿元，截止2016年底公司手持货币资金还高达32.97亿元，负债率仅有50.23%。尽管股价已经大幅下滑，但截止停牌前，公司总市值仍然高达253亿元。
一家一年前还手握数十亿现金的公司，为何在短短11个多月后，居然连7200万的利息都付不出了呢？
保千里究竟发生了什么？钱到底去了哪里？
停牌前，保千里股东数量超过10万名，其中绝大部分是散户。公司资金链岌岌可危，十万股民何去何从？
今天我们就根据公开信息，还原一下这个充满狗血剧情的故事。
 借壳上市造假：保千里乱局大幕开启 
保千里的前身是主要生产、销售软塑包装产品的中达股份。2012年，中达股份期末净资产为负，披星戴帽，面临保壳压力。
2014年，中达股份进行了重大资产重组，向庄敏等五名保千里电子有限公司股东，以2.12元/股发行了13.59亿股，收购该公司100%股权。通过资产重组，保千里成功借壳中达股份上市。
重组完成后，庄敏持有上市公司37.3%，成为保千里第一大股东、实际控制人，并于2015年4月就任公司董事长。2015年5月，上市公司简称更改为保千里。
重组时，庄敏所支付保千里股份的对价为17.83亿。借壳完成后，保千里股价猛涨，庄敏身家水涨船高。2015年6月12日，保千里股价曾一度超过29元，按此计算，庄敏所持保千里股份的市值最高时达到250亿；即便目前保千里股价已大幅下跌，其所持股份的市值仍超过80亿。
但是，这次借壳存在着重大的问题，涉嫌造假上市。借壳之后仅仅一年多后，证监会就对借壳上市涉嫌造假进行了调查。2016年12月底，证监会决定对保千里立案调查，2017年7月，证监会公布了对保千里的调查结果。
据证监会《行政处罚事先告知书》显示，在保千里借壳上市时，庄敏及其一致行动人陈海昌等，向评估机构——银信评估，提供了4份虚假协议及含有虚假附件的5份协议。以下为证监会《行政处罚事先告知书》部分内容：
4份虚假协议，由保千里电子自行制作，均系虚假。5份含有虚假附件的协议，签订时均为意向性协议，并未对合作开发车型、功能、预测供货数量及时间等内容作出具体约定。保千里电子自行制作含有上述内容的协议附件，协议对方对此并不知悉。
《行政处罚事先告知书》还指出，虚假协议致使保千里的评估值虚增2.73亿，占评估总值的9.48%，中达股份因此多支出股份对价1.29亿股，损害了中达股份及其股东的合法权益。据此，证监会对庄敏等相关当事人进行了处罚。
 火速掏空上市公司？大股东巨额投资暗藏猫腻 
保千里借壳上市后，主要干了两件事：融资和花钱对外投资，即便是在证监会调查期间，脚步也没有放慢。
2016年7月，保千里完成定向增发，募资总额19.88亿。仅仅过了5个月之后，该公司又发行了12亿债券。据财报，包括银行借款在内，2015年—2017年9月底，短短两年多时间，保千里共筹集资金104.71亿。
保千里融资速度迅猛，花起钱来也毫不含糊。借壳上市后，保千里进行了大规模投资。
年报显示：2015年保千里有9项重大的股权投资，投资额约为7.05亿，2016年重大的股权投资额达到19.78亿。下图为面包财经根据财报绘制的保千里2015年以来重大股权投资公司一览表：
从公司披露的对外投资情况看，即使在证监会于2016年12月底对保千里进行立案调查后，公司的投资步伐仍未放缓。
2016年9月保千里还修订了公司章程，修订的条款主要为董事会有权决定的收购或出售资产、对外投资、贷款等事项，这次修订扩大了董事会的权力。下图为保千里修订公司章程公告的部分截图：左为修订前章程，右为修订后章程
差之毫厘谬以千里。把“且”修改成“或”，虽只是一字之差，但董事会的权利大幅扩大。
今年上半年，保千里重大股权投资额高达18.5亿，两年半时间，保千里对外股权投资已超过45亿。
然而，很多投资却存在着猫腻。
2017年8月，庄敏辞去保千里董事长职务。今年11月，保千里发布公告称，新的管理班子进行内控梳理时发现，2017年对外投资收购的楼通宝、安威科等公司虽然拥有技术研发能力和少量生产经营，但估值仍有虚高的嫌疑，原董事长庄敏存在涉嫌以对外投资收购资产为由侵占上市公司利益的行为。
今年11月24日，保千里发布公告显示，江苏证监局现场检查发现公司内部控制存在重大缺陷。以下为江苏监管局下发的《关于对江苏保千里视像科技集团股份有限公司采取责令改正措施的决定》的部分内容：
（一）你公司在对外投资过程中，相关部门未按公司《对外投资管理制度》对收购标的进行现场考察，未充分履行尽职调查程序，相关负责人未勤勉尽责履行审核义务。
（二）你公司与深圳市楼通宝实业有限公司股东签订的股权转让协议中，存在预付大额增资保证金等显失公平的条款， 截至目前部分增资保证金尚未按合同约定退还上市公司。
（三）你公司及子公司与广东浩联亚装饰设计工程有限公司、江苏法瑞德专用汽车有限公司、深圳市嘉洋美和电池有限公司等单位签订相关合同时，存在以下问题：一是未按公司《合同管理制度》了解对方当事人主体资格、信用状况等内容及信息，相关负责人未勤勉尽责履行合同审核义务。二是对方违约时，相关承办部门未及时主张权利以维护公司利益。三是合同中存在显失公平的条款，约定了高比例的工程预付款或采购预付款，且目前多个合同未能按约定履行，大额预付款存在坏账风险。
大规模的投资，让公司现金流陷入了断裂的窘境。财报显示：2016年底时，保千里还有32.97亿货币资金，到今年9月底，货币资金仅剩5.07亿。
据保千里公告，由于公司近年来在庄敏主导下过度投资，且公司及下属公司部分资金被银行冻结、提前还款，到期贷款难以续贷，公司出现流动性风险和经营风险。截至今年12月1日，公司到期未清偿债务总额约为4.54亿。
 大股东股份被冻结揭出代持底牌 十万小股东坐困愁城 
目前，庄敏的股权已被司法冻结，更是牵出狗血的代持剧情。
今年10月，保千里收到《股权司法冻结及司法划转通知》，通知显示，庄敏持有保千里的限售股8.54亿股（占保千里总股本的35.07%）被司法冻结。庄敏股份被司法冻结源于一起股权转让合同纠纷，而这揭开了庄敏代持股份的内幕。
据保千里公告大致还原剧情：2014年6月，李绿华与庄敏签订《股权转让及代持协议》，协议约定，李绿华出资9000万收购保千里电子有限公司6%股权并委托庄敏代持；保千里借壳上市后，李绿华应持有保千里总股本的3.68%。
“但原告（李绿华）发现，被告（庄敏）在未获得原告同意（甚至从未告知过原告）的情况下，将其持有的股票质押。截至目前，被告已质押的股份总数84,548万股，仅剩9,386,093股尚未质押。该行为使原告的权益受到严重损害，使得合同面临无法继续履行的巨大风险。”
由于此次诉讼，庄敏在运作保千里借壳上市过程中存在的股份代持行为也被曝光。代持直接违背了借壳上市过程中的相关承诺。庄敏曾在保千里电子借壳中达股份上市重组期间，曾出具书面《承诺函》，以下为承诺函内容：
本人持有的保千里电子的股权为本人实际合法拥有，不存在权属纠纷，不存在信托、委托持股或者类似安排，不存在禁止转让、限制转让的承诺或安排，亦不存在质押、冻结、查封、财产保全或其他权利限制。本人若违反上述承诺，将承担因此给中达股份造成的一切损失。
保千里公告称，若庄敏代持股份事项属实，则庄敏涉嫌未真实、准确、完整地披露其股权关系，由此对公司造成的损失公司将依法追究其责任。
今年10月底，保千里将庄敏等作为被告，要求注销在收购上市公司过程中提供虚假协议导致公司向四被告多发行的1.28亿股股票。
上市公司声明要向庄敏追讨可能的损失，进行追责。但关键的问题是，庄敏所持股份，绝大部分已经质押，又被司法冻结。如何追讨？
君不见向乐视系讨债的供应商坐困愁城，贾跃亭仍在美利坚“下周回国”？纵然列入老赖名单，又如何跨洋执法？
今年7月24日，保千里发布公告，拟筹划重大资产重组，股票停牌，至今仍未复牌。三季报显示：截至今年9月底，公司股东总数为101952户，其中前10大股东持股接近63%，第10大股东持股0.65%。按照停牌前市值推算，除了前10大股东之外，其他股东人均持股市值9.2万元。
一道简单的算术题：复牌之后，假如出现第一个跌停板，10万多小股东，首个交易日人均蒸发9000多元。剪羊毛不是传说，是冷冰冰的现实。
12月13日，保千里再一次收到证监会的调查通知书，因涉嫌信息披露违规违法，证监会决定对保千里进行立案调查。
十万股东，命运何去何从？
 保千里股价持续走低，民生证券连发15份强烈推荐研报 
看完保千里充满狗血剧情的故事，即便是普通股民也知道公司成色几何了。但诡异的是，即便是公司已经遭受证监会调查之后，仍然有诸多券商不遗余力的给予公司买入、增持、推荐、甚至强烈推荐等评级。
在众多券商中，尤以民生证券的推荐频率最高。在不到一年的时间里，民生证券针对保千里发布了10多份给出强烈推荐评级的研报。直接上标题：
请注意：在保千里已经被证监会立案调查之后，民生证券仍然于2017年7月发布题目为《立案调查出结果，不确定因素消除》给出的“合理估值”区间为18.55—21.2元，给出的投资评级是“强烈推荐”。
而证监会后来的调查结果，如前文所述，大家现在已经非常明确知道到底是怎么回事了。
保千里于7月25日停牌，但民生证券于8月份继续发布了题为《中报业绩略低于预期，前后装市场取得突破》的研报，评级仍然是“强烈推荐”，“合理估值”区间仍然是18.55—21.2元。
停牌前，保千里股价10.39元，一旦复牌，后续走势难以预料！民生证券给出推荐评级的理据何在？
在过去一两年，针对保千里给出买入、增持、推荐等看多评级的券商不止民生证券一家，即便是在公司被证监会调查期间，甚至调查结果已经出台之后，券商看多研报仍然频出，而调低评级的看空研报难觅踪迹。
号称专业的券商，就算你们当股民是傻瓜，难道也视证监会如无物？
在保千里乱局之中，持牌券商到底严守职业道德，还是助纣为虐？
公开资料显示：“2017年8月，在中国证监会组织的 2017 年证券公司分类评级中，民生证券级别从CC级跃升至 A 级。”
2017年8月，正是民生证券发布研报继续给予保千里“强烈推荐”评级的时候。
A级？就这样的成色？
本文作者：面包财经
免责声明：本文仅供信息分享，不构成对任何人的任何投资建议。
展开阅读全文"
哪里开盘了，忽悠吧,"https://guba.eastmoney.com/news,600074,737682497.html",2017-12-20 09:59:48,广告歌
涨得不错呀。,"https://guba.eastmoney.com/news,600074,737670961.html",2017-12-20 09:32:34,涨得不错呀。
有十三亿股在明年2月流通，，呵呵呵，，增发价二元多，，呵呵，，你敢买入？,"https://guba.eastmoney.com/news,600074,737514734.html",2017-12-19 13:50:01,有十三亿股在明年2月流通，，呵呵呵，，增发价二元多，，呵呵，，你敢买入？
看到一个细微变化了吗？,"https://guba.eastmoney.com/news,600074,732437577.html",2017-11-28 10:05:27,2017中国移动全球合作伙伴大会已经结束两天了，保千里竟然没有任何官方报道，这在以往不可能发生的。
600074:保千里关于债务逾期的公告,"https://guba.eastmoney.com/news,600074,733625156.html",2017-12-01 18:57:32,"公告日期：2017-12-02
证券代码：600074 证券简称：保千里 公告编号：2017-117



债券代码：145206 债券简称：16千里01



江苏保千里视像科技集团股份有限公司



关于债务逾期的公告



特别提示



本公司董事会及全体董事保证本公告内容不存在任何虚假记载、误导性陈述或者重大遗漏，并对其内容的真实性、准确性和完整性承担个别及连带责任。



江苏保千里视像科技集团股份有限公司(以下简称“公司”)因原控股股东及实际控制人、原法定代表人及原董事长庄敏存在涉嫌以对外投资收购资产为由侵占上市公司利益的行为，公司目前面临较大风险。公司正在对2017年以来由原董事长庄敏主导的所有对外投资事项，逐一开展清查工作。



由于公司近年来在庄敏主导下过度投资，且公司及下属公司部分资金被银行冻结、提前还款，到期贷款难以续贷，公司出现流动性风险和经营风险，致使部分银行贷款未能如期偿还或续贷，到期承兑汇票未能按期兑付。截止2017年12月1日，公司及下属子公司到期未清偿债务总额约45,466.40万元，占公司2016年度经审计净资产的10.39%。



一、债务逾期明细



截至本公告披露日，公司到期未清偿的债务明细如下：



1、银行贷款



序 债权人 债务人 逾期金额



号 （万元）



1 民生银行 深圳市保千里电子有限公司 20000



2 上海银行 10039.59



3 汇丰银行 深圳市鹏隆成实业发展有限公司 6006.81



合计 36046.40



2、商业承兑汇票



序 债权人 债务人 逾期本金



号 （万元）



1 深圳市嘉实商业保理有限 江苏保千里视像科技集团股 2220



公司 份有限公司



3、2016年非公开发行公司债券



证券代码：600074 证券简称：保千里 公告编号：2017-117



债券代码：145206 债券简称：16千里01



公司2016年非公开发行公司债券的第一次付息日为2017年11月30日，公司未按时支付债券持有人的利息，共计7200万元，造成债券逾期。



二、公司后续偿债措施安排



公司股东陈海昌先生作为庄敏的一致行动人及第三大股东，与公司经营班子研究磋商后，公司接到股东陈海昌先生的书面通知：陈海昌先生本着履行股东职责，维持上市公司的持续发展能力，愿意在停牌期间主导开展整顿处置工作，恢复公司正常生产和经营秩序。公司第七届董事会第四十四次会议已于2017年11月17日审议通过关于成立公司整顿处置领导小组的议案，董事会决定成立以陈海昌为组长的整顿处置领导小组，在停牌期间开展公司整顿处置工作，恢复公司正常生产和经营秩序。目前整顿处置工作仍在开展当中，需要给陈海昌先生足够的时间和空间来开展整顿处置工作。整顿处置小组将继续通过多途径努力筹措偿债资金，同时整顿处置小组正与相关债权人沟通债务重组方案。



三、风险提示



1、加大资金压力的风险



目前公司正在全力筹措偿债资金，如公司无法妥善解决，公司及下属公司可能面临支付相关违约金、滞纳金和罚息等，增加财务费用，同时进一步加大公司资金压力，并可能对公司本年度业绩产生一定影响。



2、提前清偿的风险



因公司对部分债务未能按时偿还本息……
[点击查看PDF原文]
提示：本网不保证其真实性和客观性，一切有关该股的有效信息，以交易所的公告为准，敬请投资者注意风险。
展开阅读全文"
乐视破产了，中国实体经济才能崛起，中国才能繁,"https://guba.eastmoney.com/news,600074,718309200.html",2017-10-18 04:22:28,大盘收评：主力今天唱了一出空城计
何时开盘？,"https://guba.eastmoney.com/news,600074,735977594.html",2017-12-11 13:38:34,何时开盘？
全球对冲之王要退休？。,"https://guba.eastmoney.com/news,600074,726454818.html",2017-11-09 05:50:39,全球对冲之王要退休？。
恒大借壳归A,"https://guba.eastmoney.com/news,600074,726729970.html",2017-11-09 20:17:11,恒大借壳归A
季线如下穿，后市不乐观,"https://guba.eastmoney.com/news,600074,704886946.html",2017-09-16 18:08:54,季线如下穿，后市不乐观
怎么个优质了我就没看出来，一切都是负面消息公司最可怕的就是断了现金流。,"https://guba.eastmoney.com/news,600074,736074693.html",2017-12-11 19:47:50,怎么个优质了我就没看出来，一切都是负面消息公司最可怕的就是断了现金流。
会有几个跌停？？,"https://guba.eastmoney.com/news,600074,736069292.html",2017-12-11 19:14:06,会有几个跌停？？
给青龙提鞋都不配，哈哈哈。,"https://guba.eastmoney.com/news,600074,735854338.html",2017-12-10 21:45:23,给青龙提鞋都不配，哈哈哈。
大家继续猜猜，这货会跟着大盘暴跌吗，没有底，,"https://guba.eastmoney.com/news,600074,736063830.html",2017-12-11 18:41:39,托们都出来了，尾盘大跌。辣鸡你们就骗吧
公司前三季度的业绩还算不错笔者不敢苟同。。,"https://guba.eastmoney.com/news,600074,737650278.html",2017-12-20 05:33:53,公司前三季度的业绩还算不错笔者不敢苟同。。
快卖。,"https://guba.eastmoney.com/news,600074,716920339.html",2017-10-13 14:09:37,快卖。
起诉保千里庄敏，是我们必须要做的，不管他将来咋样！,"https://guba.eastmoney.com/news,600074,729739956.html",2017-11-18 15:44:18,我已经决定请上海明伦事务所律师王智斌律师代我起诉保千里，为我失去的损失索赔！损失的不但是钱，更是对中国资本市场的信心，现在唯一的途径就是法律这个底线！拿起法律的武器，让这帮蟏蛸之徒，把我的钱吐出来！
也许，谁的生命,"https://guba.eastmoney.com/news,600074,735940486.html",2017-12-11 11:23:29,也许，谁的生命都有终点，惟独岁月不会有，永远不会，一如你把一份沉重的使命以一种金灿的颜色洒在我必须的，在你未竟的路上一样！
度回调，此,"https://guba.eastmoney.com/news,600074,704570332.html",2017-09-15 18:47:25,度回调，此
又是一个月，我怎么觉得这货非要等到大盘完蛋时才复牌！,"https://guba.eastmoney.com/news,600074,717043988.html",2017-10-13 21:15:00,又是一个月，我怎么觉得这货非要等到大盘完蛋时才复牌！
002145 中核钛白 今天应该不错吧。,"https://guba.eastmoney.com/news,600074,737644645.html",2017-12-20 03:34:44,002145中核钛白今天应该不错吧。
量萎缩今天倒霉是肯定。。,"https://guba.eastmoney.com/news,600074,737644125.html",2017-12-20 03:24:58,量萎缩今天倒霉是肯定。。
流虻公司！,"https://guba.eastmoney.com/news,600074,716897212.html",2017-10-13 13:25:47,流虻公司！
相信庄家 大家一起来挣钱。,"https://guba.eastmoney.com/news,600074,737643134.html",2017-12-20 03:07:02,相信庄家 大家一起来挣钱。
建议通过立 法，凡是涉及大股东事件需要调查上市公司的案子，政府或司法应立即启动介,"https://guba.eastmoney.com/news,600074,736093225.html",2017-12-11 21:55:43,建议通过立 法，凡是涉及大股东事件需要调查上市公司的案子，政府或司法应立即启动介入，而不是把压力转到大股东控股的上市公司上面。这样，利国利股民利税收，更有利于保持证卷市场的稳定，金融秩序，也有利于保护中小投资者。还有立法要求大股东股权质押不能超过一半，要不相当于变相减持了，这是钻法律的空子！
董秘，周晧林。要么不辞而别，要么被两派争夺控制权逼疯了。也是一个可怜之人，大家也,"https://guba.eastmoney.com/news,600074,728201920.html",2017-11-14 20:48:49,董秘，周晧林。要么不辞而别，要么被两派争夺控制权逼疯了。也是一个可怜之人，大家也别骂他了。
停牌还这么热闹，不急出来,"https://guba.eastmoney.com/news,600074,716962699.html",2017-10-13 15:45:11,停牌还这么热闹，不急出来
方大炭素是不是要回调。,"https://guba.eastmoney.com/news,600074,737639174.html",2017-12-20 01:56:38,方大炭素是不是要回调。
这时上市谁都死,"https://guba.eastmoney.com/news,600074,735883086.html",2017-12-11 08:53:16,这时上市谁都死，负面消息一堆堆，如果上市后市问题更多，还不如等。。。有好的买家资金注入是最好。
今天挂.能买到吗？。,"https://guba.eastmoney.com/news,600074,728893888.html",2017-11-16 11:45:36,今天挂.能买到吗？。
保千里就是信任和流动性危机，换控制股东重新做人，注入流动资金盘活业务，肯定能走出,"https://guba.eastmoney.com/news,600074,737580710.html",2017-12-19 17:47:04,"保千里就是信任和流动性危机，换控制股东重新做人，注入流动资金盘活业务，肯定能走出来的
大部分人可能会割在地板上"
作为持股者,"https://guba.eastmoney.com/news,600074,717338398.html",2017-10-15 22:38:51,"无论出于什么心,都会支持所持股票公司才正常,你可以说出于正义指出公司问题,但相信之人不是弱智便是撞坏了个脑。"
大家都着挨板吧！哎,"https://guba.eastmoney.com/news,600074,735851750.html",2017-12-10 21:23:04,大家都着挨板吧！哎
保千里（600074）限售解禁 解禁时间	解禁数量(股)	解禁股占总股本比例 2,"https://guba.eastmoney.com/news,600074,737632576.html",2017-12-20 00:14:11,"保千里（600074）限售解禁
解禁时间 解禁数量(股) 解禁股占总股本比例
2018-01-02 1160.91万 0.48%
2018-03-12 13.60亿 55.78%
2018-10-12 470.00万 0.19%
2019-01-02 1934.85万 0.79%
2019-07-29 1338.36万 0.55%
还有2017-07-25本该解禁未完成。"
这副牌至少5个跌停板以上没得跑,"https://guba.eastmoney.com/news,600074,737623118.html",2017-12-19 22:28:52,这副牌至少5个跌停板以上没得跑
散户多[想一下]。,"https://guba.eastmoney.com/news,600074,737618536.html",2017-12-19 21:49:01,散户多。
保千里会不会是第二个欣泰电气？想想都怕……,"https://guba.eastmoney.com/news,600074,737494312.html",2017-12-19 12:35:12,保千里会不会是第二个欣泰电气？想想都怕……
证券最近经,"https://guba.eastmoney.com/news,600074,721110405.html",2017-10-24 13:07:03,证券最近经
