标题,链接,发布时间,内容
无良海航地分公司产深圳及一卡通物业深圳公司 海航城开发商宝源创建公司（海航地产子,"https://guba.eastmoney.com/news,600221,610822524.html",2017-02-21 21:40:14,"无良海航地分公司产深圳及一卡通物业深圳公司
海航城开发商宝源创建公司（海航地产子公司）原定于7月30日交楼！到今天为止仍然没有交给我一间像样的毛坯房！从7月22通知去收楼，我们发现问题要求整改，到9月11日第二次去他们仍然没有任何整改。11月20再去不仅没有搞好，发现台风还把整块厨房玻璃门吹落！工人正在维修！更令人气愤的是我房子已经被为隔壁做装修的公司占领，成为垃圾及材料、工具堆放处！装修成品制造工地！房子里吃剩下饭菜、饭盒废纸巾、还有人的大便！全程海航物业一直说由他们负责协调跟进管理！！！！！然而11月24日再去，垃圾还是没有清理！整改的仍然没有完成！122天！我们跑了四趟！开发商和物管没有解决问题！给我们的家庭造成巨大的精神伤害和物资损失!几百万买到一身气！12月25日在去协商，甚至到物管讨说法时物管主任要打人！150天，300万买的新房连个门，铝合金窗都是次品！无良呀！难道我们要求一扇完整的大门和正常开关的铝合金门窗都是挑剔吗？甚至物管主任要求我们打110报警也无所谓！还要求我们去法院告他们！他们有所有的合格证明！投诉到消协他们也不怕！这就是你们对客户五星级服务和海航优品！海南人民的品牌就在深圳给毁了！一个不把住户当客户的物管还搞什么物业管理!一个世界级的海航集团连个小花园都管不好还有什么优品!在最讲理的深圳却使用流氓手段算什么国际品牌!客户退一步!他却进一步!"
陈峰7年梦圆：海航集团延期两年挺进世界500强,"https://guba.eastmoney.com/news,600221,610719458.html",2017-02-21 14:45:44,"陈峰7年梦圆：海航集团延期两年挺进世界500强
公司报道腾讯财经[微博] 2015-07-23 19:00我要分享 2
腾讯财经讯（许文苗）

多次对外宣称要将海航集团打造为世界500强企业的掌舵人陈峰终于实现了多年以来的夙愿。7月22日晚间，《财富》杂志发布了最新的世界500强排行榜，共有106家中国企业上榜。其中海航集团首次登上该榜单，以营业收入约256亿美元位列第464位。

依靠海南航空公司起步的海航集团，近年来围绕航空、物流、金融三大产业，意图将自身打造成现代服务业综合运营商。目前，海航集团控股8家A股、2家港股以及5家新三板上市公司，其在资本市场上的一系列运作曾被外界称为“令人眼花缭乱”。

此外，海航集团海外业务版图不断扩张：继拿下中国企业在非洲的第一个航空类投资项目加纳AWA航空公司，海航在两年内又启动了肯尼亚航空合作项目，以及入股南非商务航空集团，完善在非洲的整体布局；在欧洲，海航先后收购蓝鹰航空48%股权、拖车租赁公司TIP以及西班牙NH酒店29.5%股权。公开资料显示海航已拥有境外企业27家，境外员工人数逾7000人，投资项目及参控股企业遍及美国、欧洲、澳洲、东南亚、非洲等国家和地区。

海航集团董事长陈峰曾多次对外宣布集团要冲刺世界500强。2008年，他在接受媒体采访时表示，计划5年内冲击世界500强。2011年，陈峰再度发声，表示海航当年900亿的收益已经接近世界500强的水平，在谈及海航的成长规划时，他指出海航的规模要达到世界500强水平。

《财富》杂志世界500强排名以公司年度收入和利润为主要评定依据，为国际上衡量商业企业影响力、规模和实力最主要的参照指标。今年，该榜单的入围门槛提高至237.2亿美元。除了海航集团外，中国内地还有4家公司也是首次上榜，分别是：陕西煤业化工集团、中国光大集团、中国航天科技集团公司、中国保利集团。"
说正话了，都别当真，只是娱乐一下氛围，股吧就一个吹牛场所[胜利],"https://guba.eastmoney.com/news,600221,610808153.html",2017-02-21 20:32:02,说正话了，都别当真，只是娱乐一下氛围，股吧就一个吹牛场所
每天都要过日子的，没点逗b即兴发挥的事情，无聊吗？,"https://guba.eastmoney.com/news,600221,610791215.html",2017-02-21 19:10:44,每天都要过日子的，没点逗b即兴发挥的事情，无聊吗？
农二是男的，咱是最佳损友，是女的，咱就天生一对不是[毛估估],"https://guba.eastmoney.com/news,600221,610789776.html",2017-02-21 19:03:17,农二是男的，咱是最佳损友，是女的，咱就天生一对不是
不管未来如何，做人呢每天都要开心不是，我先来个[大笑],"https://guba.eastmoney.com/news,600221,610771219.html",2017-02-21 17:37:05,不管未来如何，做人呢每天都要开心不是，我先来个
明天5日均线3.44买；,"https://guba.eastmoney.com/news,600221,610712827.html",2017-02-21 14:33:06,笑
既有钱又有筹码的绝对是正规军，两头一封，任你小散折腾,"https://guba.eastmoney.com/news,600221,610724142.html",2017-02-21 14:56:01,既有钱又有筹码的绝对是正规军，两头一封，任你小散折腾
海航系个个是垃圾,"https://guba.eastmoney.com/news,600221,610638649.html",2017-02-21 10:57:59,海航一开始就是空手套白狼成立的，现在在股市里搞了那么多上市公司，目的就是用来掏钱的，看看海航系的那个不是垃圾？远离海航系
下午继续加仓,"https://guba.eastmoney.com/news,600221,610672717.html",2017-02-21 12:58:09,下午继续加仓
这货又开始织布了,"https://guba.eastmoney.com/news,600221,610686157.html",2017-02-21 13:33:44,这货又开始织布了
大资金流入，大卖单压盘，两市这样的股票真不多啊,"https://guba.eastmoney.com/news,600221,610368871.html",2017-02-20 13:58:33,大资金流入，大卖单压盘，两市这样的股票真不多啊
十万手解放军一来啥都解决了,"https://guba.eastmoney.com/news,600221,610384012.html",2017-02-20 14:21:50,十万手解放军一来啥都解决了
暴发户总是不能大气,"https://guba.eastmoney.com/news,600221,610711309.html",2017-02-21 14:29:46,暴发户总是不能大气，与几个小散争利，表现出骨子里的那点贪婪，唉！可怜！可悲！真是脱裤子打老虎——不要脸也不要命，如果微软、苹果、通用也是几美分，谁说他是世界五百强，海航号称两年内要达到世界前一百强，股价应该是多少？
海南航空最后机会，二点前不清仓，信不信下午就知道。,"https://guba.eastmoney.com/news,600221,610664368.html",2017-02-21 12:12:32,海南航空最后机会，二点前不清仓，信不信下午就知道。
主力放血的筹码你不要？,"https://guba.eastmoney.com/news,600221,610706003.html",2017-02-21 14:18:05,笑
等放量；,"https://guba.eastmoney.com/news,600221,610698194.html",2017-02-21 14:00:50,看
要等涨了在买？,"https://guba.eastmoney.com/news,600221,610703505.html",2017-02-21 14:12:32,嗨
300240：小盘，低价，资产整合重组，物联网的龙,"https://guba.eastmoney.com/news,600221,610702491.html",2017-02-21 14:10:15,实盘3股：国创高新安控科技弘亚数控
感觉要跌几天了!,"https://guba.eastmoney.com/news,600221,610693938.html",2017-02-21 13:51:28,感觉要跌几天了!
一轮上涨行情展开了明天跳空高开3.48突破前期高点,"https://guba.eastmoney.com/news,600221,610415275.html",2017-02-20 15:08:56,一轮上涨行情展开了明天跳空高开3.48突破前期高点
我敢说，明天全淹死在自信中，最近放出来一大群祸害散户的狗，,"https://guba.eastmoney.com/news,600221,610418486.html",2017-02-20 15:16:12,我敢说，明天全淹死在自信中，最近放出来一大群祸害散户的狗，
谁不想买低点等；,"https://guba.eastmoney.com/news,600221,610686413.html",2017-02-21 13:34:25,看
今日开始全仓入驻海南航空，2017以静制动。海南航空50万手,"https://guba.eastmoney.com/news,600221,610392430.html",2017-02-20 14:32:57,海南航空50万手今天全部建仓，目标新高。
下来吧；,"https://guba.eastmoney.com/news,600221,610682304.html",2017-02-21 13:25:16,看
为毛我一买就跌？,"https://guba.eastmoney.com/news,600221,610609986.html",2017-02-21 09:59:19,为毛我一买就跌？
全球最有价值航空公司前50名。海南航空排20位！,"https://guba.eastmoney.com/news,600221,610673849.html",2017-02-21 13:03:37,全球最有价值航空公司前50名。海南航空排20位！
没有突破，[为什么][为什么][为什么][为什么][为什么][为什么][为什么],"https://guba.eastmoney.com/news,600221,610669261.html",2017-02-21 12:39:23,没有突破，
[大笑]上星期五，3.38是买对了。[胜利][胜利][胜利],"https://guba.eastmoney.com/news,600221,610651292.html",2017-02-21 11:25:27,上星期五，3.38是买对了。
下午要变盘了吗？,"https://guba.eastmoney.com/news,600221,610650263.html",2017-02-21 11:23:24,跑
不敢抛筹了；笑‘,"https://guba.eastmoney.com/news,600221,610644836.html",2017-02-21 11:11:18,看
原油价格面临新的阴霾 美国汽油过剩达创纪录水平,"https://guba.eastmoney.com/news,600221,610640539.html",2017-02-21 11:01:49,春秋航空今天要爆发了，海航今天能爆发一下？
放血抛压不怕丢筹？,"https://guba.eastmoney.com/news,600221,610639748.html",2017-02-21 11:00:23,笑
主力还想买骗低价的，放血抛压；笑；,"https://guba.eastmoney.com/news,600221,610638273.html",2017-02-21 10:56:57,看
跌起来到挺凶，不到一小时滑了6分钱,"https://guba.eastmoney.com/news,600221,610634257.html",2017-02-21 10:48:25,跌起来到挺凶，不到一小时滑了6分钱
来吧[微笑],"https://guba.eastmoney.com/news,600221,610631753.html",2017-02-21 10:43:31,
沉住气，机构也在兼并,"https://guba.eastmoney.com/news,600221,610622773.html",2017-02-21 10:24:48,沉住气，机构也在兼并
买买买,"https://guba.eastmoney.com/news,600221,610622132.html",2017-02-21 10:23:29,
大涨就要来了。快买；笑；,"https://guba.eastmoney.com/news,600221,610617279.html",2017-02-21 10:13:24,看
解套走人了，祝留下的亲们发财！,"https://guba.eastmoney.com/news,600221,610379551.html",2017-02-20 14:15:35,解套走人了，祝留下的亲们发财！海航，今生不再买入了！
利好兑现，走人！,"https://guba.eastmoney.com/news,600221,610590003.html",2017-02-21 09:05:13,绝对了！
简直就是捡钻石闭眼买买买目标六块,"https://guba.eastmoney.com/news,600221,610604211.html",2017-02-21 09:47:22,简直就是捡钻石闭眼买买买目标六块
我能做的只是守护好就可以了,"https://guba.eastmoney.com/news,600221,610594664.html",2017-02-21 09:24:04,
养老基金：银行股的市净率，成长股的增长。,"https://guba.eastmoney.com/news,600221,610264683.html",2017-02-20 10:21:55,"养老基金：银行股的市净率，成长股的增长。笑纳！

是我们养老基金投资的最佳标的"
海南航空将于2017年3月陆续开通成都、重庆至洛杉矶航,"https://guba.eastmoney.com/news,600221,610582904.html",2017-02-21 08:24:42,继续持有，坐等收成。
海南航空海外布局成功：3月5日继续开通国外航线。今、明 2年坐等收成。7元不成问,"https://guba.eastmoney.com/news,600221,610582632.html",2017-02-21 08:22:32,海南航空海外布局成功：3月5日继续开通国外航线。今、明 2年坐等收成。7元不成问题。
巴菲特&quot;变&quot;了:清空沃尔玛 大举买入科技和航空股,"https://guba.eastmoney.com/news,600221,610582004.html",2017-02-21 08:17:11,
海南航空有子公司变成了孙公司,"https://guba.eastmoney.com/news,600221,610580012.html",2017-02-21 08:00:23,海航着力打造大新华航空，边缘化了海南航空，
亲爱的散户啊，都远离股市吧！尤其这厮逼海航,"https://guba.eastmoney.com/news,600221,610571825.html",2017-02-21 06:43:31,亲爱的散户啊，都远离股市吧！尤其这厮逼海航
海航斥62亿入股德银 海航实业股价升逾17.5%,"https://guba.eastmoney.com/news,600221,610498472.html",2017-02-20 20:04:56,"过去两度以新高价投得启德靓地的内房海航集团，继续“购物”，今次选择了德银。德银日前公布的股东投票权变更通知显示，已拥有德银3.04%的投票权，成为德银第四大股东，持股账面总值7.5亿欧元（约61.8亿港元）。

　　海航一名发言人表示，德银非常具有投资吸引力，集团愿意作为长期股东支持德银管理。海航发言人称：“不排除今后适度提高参股比例，但比例不会超过10%”。德银发言人指，该行对着眼于长远的投资者原则上表示欢迎。

　　海航集团成立于1993年，已发展成为囊括航空、酒店、金融、物流和生态科技等多业态的大型跨国企业集团。

　　海航集团在港的上市公司海航实业股份（00521-HK）股价收报0.37元，升0.055元，升逾17.5%。成交股数8530万股，涉资3090万元。"
尼玛心率不稳了,"https://guba.eastmoney.com/news,600221,610560247.html",2017-02-21 03:57:45,尼玛心率不稳了
明日3.39我想买点。看,"https://guba.eastmoney.com/news,600221,610540785.html",2017-02-20 23:40:58,等
海南是国际旅游目的地，股价是中车的三分之一，盘子不到中车一半，业绩相差不大，别急,"https://guba.eastmoney.com/news,600221,570495035.html",2016-11-19 14:41:01,海南是国际旅游目的地，股价是中车的三分之一，盘子不到中车一半，业绩相差不大，别急，明年不上10元就不叫旅游目的地，拿好啦，有钱抓紧潜伏吧。
摩根士丹利近日发布的一份报告显示，其将上证综指目标上调至4400点，以人民币计算,"https://guba.eastmoney.com/news,600221,610540854.html",2017-02-20 23:41:18,摩根士丹利近日发布的一份报告显示，其将上证综指目标上调至4400点，以人民币计算，预计回报率较目前水平将增长38%左右。报告认为，鉴于中国房地产市场的调控趋于严格，预计中国国内资金回流股市。
等公告在买不迟吧？,"https://guba.eastmoney.com/news,600221,610538281.html",2017-02-20 23:22:11,看笑
中期上涨通道即将开启。,"https://guba.eastmoney.com/news,600221,610250138.html",2017-02-20 09:53:25,中期上涨通道即将开启。
好人们还是远离股市吧,"https://guba.eastmoney.com/news,600221,610482734.html",2017-02-20 18:52:25,
下午拉升，反正我信[围观],"https://guba.eastmoney.com/news,600221,610336547.html",2017-02-20 13:08:39,下午拉升，反正我信
巴菲特概念起动了？！,"https://guba.eastmoney.com/news,600221,610248712.html",2017-02-20 09:50:25,拭目以待！
今天进场的，明天全部打回原形，别得意[胜利],"https://guba.eastmoney.com/news,600221,610447367.html",2017-02-20 16:32:20,今天进场的，明天全部打回原形，别得意
2017年上海本地股国企改革的最大牛股花落谁家？机会来了,"https://guba.eastmoney.com/news,600221,610438650.html",2017-02-20 16:08:54,"上海开开实业600272是上海国改和重组大龙头 具有新零售 服装 金融 药业四大题材 臂比深特力A和上海风凰A
上海本地老字号是稀缺标的 因为物以稀为贵，稀有的是长期看好的 上海开开600272控股的雷允上是有三百年历史的老了号 时机一到 上海开开会一飞冲天
上海梅林600073:加速整合聚焦，肉类航母起航"
注意 上海本地老字号是稀缺标的 因为物以稀为贵，稀有的是长期看好的 上海开开600272控股的雷允上是有三百年历史的老了号 时机一到 上海开开会一飞冲天,"https://guba.eastmoney.com/news,600221,609993852.html",2017-02-18 11:42:32,"上海本地老字号是稀缺标的 因为物以稀为贵，稀有的是长期看好的 上海开开600272控股的雷允上是有三百年历史的老了号 时机一到 上海开开会一飞冲天
上海梅林600073:加速整合聚焦，肉类航母起航"
不让涨 故意压盘 太明显,"https://guba.eastmoney.com/news,600221,610409466.html",2017-02-20 14:58:10,不让涨 故意压盘 太明显
5.3的本有人比我惨吗,"https://guba.eastmoney.com/news,600221,610287574.html",2017-02-20 11:07:48,何时能解套
2线蓝筹白马股涨的原因是 养老金开始入市了   买这样的股票 安全系数高   有,"https://guba.eastmoney.com/news,600221,610373809.html",2017-02-20 14:06:12,2线蓝筹白马股涨的原因是 养老金开始入市了 买这样的股票 安全系数高 有分红
3.44的压单被一口吃了,"https://guba.eastmoney.com/news,600221,610393004.html",2017-02-20 14:33:56,3.44的压单被一口吃了
海南航空今天怎么看？能进嘛,"https://guba.eastmoney.com/news,600221,610389455.html",2017-02-20 14:29:12,海南航空今天怎么看？能进嘛
118没有怕死的，只有战死，相随相生,"https://guba.eastmoney.com/news,600221,610366983.html",2017-02-20 13:55:44,
中国国航已率先突破了,"https://guba.eastmoney.com/news,600221,610383303.html",2017-02-20 14:20:50,今天次新银行股大幅领涨，明天航空股石破天惊！
3.45什么价格？ 怎么就是突破不过去,"https://guba.eastmoney.com/news,600221,610378974.html",2017-02-20 14:14:36,"3.45什么价格？
怎么就是突破不过去"
这逼要收紧了，放出狗来到处吹牛！进来一个死一个，都进来就关门！,"https://guba.eastmoney.com/news,600221,610361785.html",2017-02-20 13:47:53,这逼要收紧了，放出狗来到处吹牛！进来一个死一个，都进来就关门！
玩死你们！让你们进来！关门打狗的！,"https://guba.eastmoney.com/news,600221,610284714.html",2017-02-20 11:01:26,玩死你们！让你们进来！关门打狗的！
卖掉海南航空 买进300041回天新材,"https://guba.eastmoney.com/news,600221,610357182.html",2017-02-20 13:41:15,卖掉海南航空 买进300041回天新材
不怕丢筹你就卖啊；,"https://guba.eastmoney.com/news,600221,610349906.html",2017-02-20 13:29:52,笑
还不快逃吗？没看到警告啊[滴汗],"https://guba.eastmoney.com/news,600221,610314423.html",2017-02-20 12:14:43,还不快逃吗？没看到警告啊
等公告出了你在买？,"https://guba.eastmoney.com/news,600221,610293346.html",2017-02-20 11:20:52,笑
主力心痛筹吗了；,"https://guba.eastmoney.com/news,600221,610340435.html",2017-02-20 13:15:17,笑看
估计这一波能到5元[微笑]，大家扶稳坐好，准备起飞,"https://guba.eastmoney.com/news,600221,610335224.html",2017-02-20 13:06:20,估计这一波能到5元，大家扶稳坐好，准备起飞
等公告，与英国淡好你在买吗/,"https://guba.eastmoney.com/news,600221,610290744.html",2017-02-20 11:14:43,笑
阳包阴[大笑],"https://guba.eastmoney.com/news,600221,610277121.html",2017-02-20 10:46:15,阳包阴
海南与英国在淡；,"https://guba.eastmoney.com/news,600221,610273404.html",2017-02-20 10:39:13,等吧
马上一个涨停，然后增发，增发之后三个涨停。接着又进入拉锯战。所以，现在是低价吸筹,"https://guba.eastmoney.com/news,600221,442843822.html",2016-07-08 09:44:39,马上一个涨停，然后增发，增发之后三个涨停。接着又进入拉锯战。所以，现在是低价吸筹的黄金时期。请大家有资金的千万别错过！
昨天进来的都淹死了哈哈,"https://guba.eastmoney.com/news,600221,609727443.html",2017-02-17 11:29:49,昨天进来的都淹死了哈哈
你不卖看他是涨还是跌；,"https://guba.eastmoney.com/news,600221,610263461.html",2017-02-20 10:19:33,笑
答应了不和小雅玩斗地主，看到了没,"https://guba.eastmoney.com/news,600221,610258714.html",2017-02-20 10:10:27,
快跑啊，要下跌了，有我垫背呢,"https://guba.eastmoney.com/news,600221,610253338.html",2017-02-20 10:00:02,
海南航空正常价格应该在六块以上坚定看多,"https://guba.eastmoney.com/news,600221,610247143.html",2017-02-20 09:47:04,海南航空正常价格应该在六块以上坚定看多
周末本打算日狗去的，但是演过头了，在重新规划下剧本吧，完善好,"https://guba.eastmoney.com/news,600221,610241451.html",2017-02-20 09:34:09,
还是继续玩吧，没我在多无聊啊,"https://guba.eastmoney.com/news,600221,610237088.html",2017-02-20 09:21:35,
定增收紧我看你海航还能无休止的圈钱扩张扩张圈钱，圈的钱还存银行！,"https://guba.eastmoney.com/news,600221,609961919.html",2017-02-18 07:35:09,定增收紧我看你海航还能无休止的圈钱扩张扩张圈钱，圈的钱还存银行！
我骂我自己无能，都不让吗,"https://guba.eastmoney.com/news,600221,610187950.html",2017-02-19 21:43:46,我骂我自己无能，都不让吗
涨得慢，跌得快，真不要脸。,"https://guba.eastmoney.com/news,600221,610234250.html",2017-02-20 09:09:53,涨得慢，跌得快，真不要脸。
海航今年一飞冲天必破14元，想知道原因的请耐心看完,"https://guba.eastmoney.com/news,600221,610191949.html",2017-02-19 22:15:05,"说出我的观点之前我要先说说和我家娘们的私房事：我家娘们每次在和我干那事时一喊我小名我就缴械了，所以我每次要捂着她的嘴干那事，但是我们总觉得怪怪的，像是那啥？
好了言归正传，当大家看到我之前的那个家庭故事后是否会疑虑这和本次话题有什么关系。还请各位股友听本仙慢慢道来。大家都知道海航从去年6月至今一直横盘，但是利好消息层出不穷，公司收益更是超过前年，海外布局进来接连不断，唯独股价不见起色，甚至至今还不到增发价。当庄家要集中筹码时必定会在前期低价吸筹，唯一办法就是通过磨时间的方式来倒逼散户的边际成本下降而放弃该股低价卖出。这从近来股东数量大幅减少这一点可以看出端倪，海航在海外布局将近一年，但是在A股却不见大的起色，庄家难道真的这么憋得住，如果我的判断没错的话，庄家将在今年下半年开始拉升海航使其成为今年最有活跃的价值蓝筹股，直破14元天际价位，然后在一个月的时间内将其打回3.55的增发价。正如我刚才我的家庭故事里说的，要捂着嘴干那事，然后延长缴械时间！"
啥都不懂，其实啥都懂，只是不愿意改变,"https://guba.eastmoney.com/news,600221,610222387.html",2017-02-20 07:37:57,啥都不懂，其实啥都懂，只是不愿意改变
股民们还是跟着汰鼻涕们混吧，好人都应该远离股市，无私奉献去,"https://guba.eastmoney.com/news,600221,610225468.html",2017-02-20 08:12:42,股民们还是跟着汰鼻涕们混吧，好人都应该远离股市，无私奉献去
问海南，为什么不分红,"https://guba.eastmoney.com/news,600221,610224802.html",2017-02-20 08:05:30,连年不分红，股价长期被打压，操纵没人管，盈利都到了哪里去了，进了谁的口袋，该彻底查
伤心了，流泪了，开心了，激动了，原来你也只是一个普通人罢了,"https://guba.eastmoney.com/news,600221,610220281.html",2017-02-20 07:07:58,伤心了，流泪了，开心了，激动了，原来你也只是一个普通人罢了
海航集团成为德意志银行大股东，对业职有大提升，大利好！,"https://guba.eastmoney.com/news,600221,610191205.html",2017-02-19 22:08:37,海航集团成为德意志银行大股东，对业职有大提升，大利好！
新华社，中国海航集团成为德意志银行新股东,"https://guba.eastmoney.com/news,600221,609981539.html",2017-02-18 10:17:37,"新华社法兰克福２月１７日电（记者胡小兵）德国最大商业银行德意志银行１７日公布的股东投票权变更通知显示，中国海航集团已成为德意志银行新的大股东之一。

　　据德国媒体报道，海航集团已拥有德意志银行３．０４％的投票权，投资金额超过７亿欧元。海航集团一位发言人表示，德意志银行非常具有投资吸引力，海航集团愿作为长期股东支持德银管理。“海航集团不排除今后适度提高参股比例，但比例不会超过１０％”。德意志银行一位发言人强调，“我们对着眼于长远的投资者原则上表示欢迎。”

　　因市场担心其资本金不足，德意志银行去年秋季股价一度跌破每股１０欧元，创历史新低。今年１月份，针对美英两国对其分支机构涉嫌参与洗钱的调查，德银与两国监管机构达成和解，同意支付逾６亿美元罚款。目前，德银股价已回升到每股１８欧元以上。

　　海航集团成立于１９９３年，已发展成为囊括航空、酒店、金融、物流和生态科技等多业态的大型跨国企业集团。"
81难是她的，可是自己和她一起，也是一难，最后又狠狠被打了一脸[摊手],"https://guba.eastmoney.com/news,600221,610193489.html",2017-02-19 22:27:30,81难是她的，可是自己和她一起，也是一难，最后又狠狠被打了一脸
一身叹息，自作自受，自以为是，玻璃心,"https://guba.eastmoney.com/news,600221,610181077.html",2017-02-19 20:41:31,一身叹息，自作自受，自以为是，玻璃心
不干缺德事，缺德现世报，我就一个很好的例子，各位且行且珍重吧,"https://guba.eastmoney.com/news,600221,610187190.html",2017-02-19 21:38:45,不干缺德事，缺德现世报，我就一个很好的例子，各位且行且珍重吧
骂骂无能的自己，舒服多了[胜利],"https://guba.eastmoney.com/news,600221,610187583.html",2017-02-19 21:41:16,骂骂无能的自己，舒服多了
强扭的瓜不甜，谢谢各位领导的帮助,"https://guba.eastmoney.com/news,600221,610174519.html",2017-02-19 19:36:55,强扭的瓜不甜，谢谢各位领导的帮助
朋友们一定要当心利用我账号乱说的小人，我从今天起不会再谈股票相关话题了,"https://guba.eastmoney.com/news,600221,610175130.html",2017-02-19 19:42:56,朋友们一定要当心利用我账号乱说的小人，我从今天起不会再谈股票相关话题了
啥时候放开期指啊？这样不死不活的,"https://guba.eastmoney.com/news,600221,593478681.html",2017-01-23 10:11:31,
巴菲特第四季度大幅增持苹果和美国四大航空公司 2017-02-17&#160;fx168,"https://guba.eastmoney.com/news,600221,610112428.html",2017-02-19 08:05:32,"巴菲特第四季度大幅增持苹果和美国四大航空公司
2017-02-17 fx168 佚名
1816
巴菲特麾下的伯克希尔哈撒韦(Berkshire Hathaway)去年第四季大规模买进股票，其所持苹果的股票增加近三倍，所持美国四大航空公司的股票则增加七倍。
伯克希尔哈撒韦在一份监管文件中称，截至去年12月31日，共持有5740万股苹果股票，三个月前仅为1520万股。这些股票目前价值77.4亿美元。
该公司还报告称，持有93亿美元的航空公司股票，对美国航空集团(American Airlines)、达美航空(Delta Air Lines)、西南航空(Southwest Airlines)及联合大陆控股(United Continental Holdings)四家公司每家投资超过21亿美元。
该公司还披露，买入卫星广播公司Sirius XM Holdings和种子公司孟山都(Monsanto Co)的股票。
伯克希尔哈撒韦规模较大的投资，譬如富国银行(Wells Fargo)、可口可乐以及IBM，通常都由巴菲特操刀，不过这位86岁的亿万富豪近几年来已经放权给副手Todd Combs和Ted Weschler进行投资。
去年伯克希尔哈撒韦首次投资苹果就颇引人关注，原因是巴菲特极少投资科技股，他认为这类股票在他的研究能力之外。
此次再度投资苹果规模更大，使伯克希尔哈撒韦成为苹果十大股东之一。
“我看到这样的苹果股票仓位规模吃了一惊，”Gardner Russo Gardner的资产管理人Thomas Russo说。他管理110亿美元的资产，其中包括12%的伯克希尔哈撒韦股份。达美航空股票"
在被强制平仓的那一刻，你的时间将以毫米计算，痛苦，绝望。膨胀的心急剧收缩，巨大的,"https://guba.eastmoney.com/news,600221,610115711.html",2017-02-19 08:44:57,在被强制平仓的那一刻，你的时间将以毫米计算，痛苦，绝望。膨胀的心急剧收缩，巨大的压力，使你临近崩溃。此时的你感到无助，更发现什么叫贪欲，在一个连堵场都不如的市场里，向庄家借钱是自寻死路。这也只是1比1的小杆。
坚持好日子很快就来了,"https://guba.eastmoney.com/news,600221,610079406.html",2017-02-18 23:23:44,坚持好日子很快就来了
是海航集团还是海南航空,"https://guba.eastmoney.com/news,600221,610048270.html",2017-02-18 18:46:59,海航集团成为德意志银行的最大股东，不是海南航空，空欢喜一场。个人观点，不喜勿喷！
海南航空 360以下不收干净你是不罢休。,"https://guba.eastmoney.com/news,600221,610004656.html",2017-02-18 13:22:02,海南航空 360以下不收干净你是不罢休。
海航集团拟收购法兰克福哈恩机场 在报价环节胜出,"https://guba.eastmoney.com/news,600221,609992114.html",2017-02-18 11:30:31,"参考消息网1月25日报道 德媒称，海航极有可能收购德国法兰克福哈恩机场。

据德国新闻电视频道网站1月23日报道，在去年夏天出售计划失败之后，亏损的法兰克福哈恩机场极有可能卖给中国的海航集团。莱茵兰－普法尔茨州政府称，在对最终的三个报价进行筛选后，目前海航是唯一在继续商谈的报价者。这个机场目前主要是瑞安航空公司在使用，机场的多数股权属于莱茵兰－普法尔茨州，黑森州持有较小的比例。

海航集团主要以海南航空等航空公司为人所知，此外也有基础设施与酒店业务。最近在欧洲的收购包括法航的餐饮子公司航空服务公司。此次海航集团与德国ADC公司联合竞购哈恩机场。

去年夏天，将这个距离法兰克福120公里的机场出售给中国投资者的计划失败，引起轰动。中标的上海益谦贸易公司没有支付约定的1300万欧元。"
还是那句话，海航涨多少和我没任何关系，跌了就斗争到底，心情不好,"https://guba.eastmoney.com/news,600221,610012095.html",2017-02-18 14:22:39,还是那句话，海航涨多少和我没任何关系，跌了就斗争到底，心情不好
因为长期不相信別人，而缺乏自信，因为担子太重而心信不足，因为太想实现目标而裹足不,"https://guba.eastmoney.com/news,600221,610014557.html",2017-02-18 14:38:54,因为长期不相信別人，而缺乏自信，因为担子太重而心信不足，因为太想实现目标而裹足不前，有什么好怕的，人生能坚守一次，成功一次就够了。海航加油，抬起你高贵的头颅，大吼一声:世界我来了！
我撞大运了，可能吗？,"https://guba.eastmoney.com/news,600221,610011950.html",2017-02-18 14:21:03,我撞大运了，可能吗？
股市中，忍受煎熬也是一种成本，无成本的获取，要么巧取豪夺、要么碰大运。但一般都是,"https://guba.eastmoney.com/news,600221,610007897.html",2017-02-18 13:48:36,股市中，忍受煎熬也是一种成本，无成本的获取，要么巧取豪夺、要么碰大运。但一般都是付出才有收获。从南钢股份（600282）到安徽合力（600761）再到酒钢宏兴，概莫能外。目前，海润股份（600401）、湖北能源（000883） ，可能也是“这里黎明静悄悄”，黎明前的黑暗很煎熬，但“微风拂煦，旭日临窗”的憧憬或更具期待。“ 笑看众生相，务留一份醒！ ” 用哲学思考股市，乃至高境界！
我是娜娜的守护人，坏蛋们来欺负她，就斗争到底[微笑],"https://guba.eastmoney.com/news,600221,609998461.html",2017-02-18 12:24:22,我是娜娜的守护人，坏蛋们来欺负她，就斗争到底
周末日狗去了，散散心[大笑],"https://guba.eastmoney.com/news,600221,610003690.html",2017-02-18 13:13:53,周末日狗去了，散散心
姜老您在哪里？救我！,"https://guba.eastmoney.com/news,600221,609998454.html",2017-02-18 12:24:10,姜老您在哪里？救我！
老姜朋友出来走两步，挺想你的，你可是海航的主心骨啊[献花],"https://guba.eastmoney.com/news,600221,609975401.html",2017-02-18 09:34:33,老姜朋友出来走两步，挺想你的，你可是海航的主心骨啊
法兰克福成英“脱欧”大赢家？,"https://guba.eastmoney.com/news,600221,609995151.html",2017-02-18 11:52:33,"来源 : 经济参考报
摘要
英国“脱欧”可能改变国际金融中心格局，尤其在欧洲地区，当伦敦金融城进入欧洲单一市场的通道梗阻，金融机构可能将业务和人员迁至欧洲大陆，法兰克福、巴黎、都柏林、卢森堡等欧元区内的金融中心似乎看到了加速成长的机遇。
英国“脱欧”可能改变国际金融中心格局，尤其在欧洲地区，当伦敦金融城进入欧洲单一市场的通道梗阻，金融机构可能将业务和人员迁至欧洲大陆，法兰克福、巴黎、都柏林、卢森堡等欧元区内的金融中心似乎看到了加速成长的机遇。

位于美因河畔的法兰克福是德国第五大城市和最主要的金融中心。在这座人口约70万的城市，人们可以看到银行区高楼勾勒出的天际线——在德国并不多见；还可以在维利·勃兰特广场见到欧洲最大的欧元雕塑，它提醒着过往的人们这里是欧元的心脏——欧洲中央银行所在地。

自英国“脱欧”公投以来，法兰克福的变化悄然发生，房价涨了，金融业者亦喜亦忧——喜的是就业机会更多，忧的是同行竞争趋于激烈……与此同时，德国国内关于给法兰克福更多政治支持的呼声日益高涨。

德国银行业协会总经理米夏埃尔·科马尔说，对法兰克福而言，明确的政治决心不可或缺。“我们需要一个明确的信号，即作为德国金融中心，法兰克福已为吸纳来自英国的服务业和服务业者做好准备，并将实现新的就业和经济增长。”

非首都，甚至连州府都不是，使得法兰克福与巴黎 、都柏林等相比缺乏政治优势。减少德国金融监管领域的障碍等议题，最终需要政治人物来拍板。有分析指出，德国政府态度谨慎，迄今未对法兰克福“争夺”欧洲金融中心地位表示明确支持，可能与银行业在德国社会“声誉”不佳有关，尤其是近年银行业丑闻多发。

法兰克福所在的黑森州财政部长托马斯·舍弗尔表示，政府不可能仅考虑银行业的单一利益，而必须全面考虑整个国家利益。

一方面期待政府更多支持，另一方面，德国金融业对法兰克福从英国“退欧”中获益信心十足。

科马尔说，英国“脱欧”后，英德两国仍是重要的贸易伙伴，伦敦仍将保持全球金融中心地位。法兰克福坐落着一些重要的欧洲金融机构，拥有强大而富有创新力的经济环境以及稳定的法律框架。

科隆德国经济研究所发布报告称，巴黎是经合组织所在地，卢森堡拥有低税率环境，而都柏林的官方语言是英语，但在金融中心之争中，法兰克福足以“秒杀”上述三个城市。

该研究所认为，且不说法兰克福是欧洲第一大经济体的金融中心以及欧洲央行所在地，仅就生活质量来说，比如交通设施、医疗和社会治安，法兰克福优于巴黎、都柏林和卢森堡。

此外，法兰克福在房地产方面也具有优势。据统计，法兰克福拥有的空置办公用房面积比例约12%，都柏林为8.4%，巴黎和卢森堡分别为6.8%和4.4%。这意味着金融机构入驻法兰克福更容易，也更便宜。

科隆德国经济研究所房地产专家米夏埃尔·沃特兰德表示，巴黎高质量的办公用房租金比法兰克福高出近50%。

德国金融界认为，法兰克福可能是英国“脱欧”的最大受益者之一。不过，Immo Concept公司最近的一项调查显示，受调查的80家银行或上市企业中，目前仅有四分之一计划搬出伦敦。

对法兰克福而言，即使拥有各种优势，但将优势转为胜势，进而接盘伦敦成长为欧洲金融中心并不容易，尤其在英国“脱欧”后的不稳定因素尚难准确评估之前。"
中国将新建机场74个,"https://guba.eastmoney.com/news,600221,609967634.html",2017-02-18 08:27:25,"http://news.ifeng.com/a/20170218/50707602_0.shtml
中国将新建机场74个 未来去这些城市可坐飞机"
海航集团重点打造大中华航空了，边缘化了海南航空,"https://guba.eastmoney.com/news,600221,609913430.html",2017-02-17 22:04:23,海航集团重点打造大中华航空了，边缘化了海南航空
渤海金控100亿美元收购飞机租赁业务获批，海航集团将跻身全球租赁商前三,"https://guba.eastmoney.com/news,600221,609910644.html",2017-02-17 21:49:23,
无良海航地分公司产深圳及一卡通物业深圳公司 海航城开发商宝源创建公司（海航地产子,"https://guba.eastmoney.com/news,600221,609925500.html",2017-02-17 23:10:44,"无良海航地分公司产深圳及一卡通物业深圳公司
海航城开发商宝源创建公司（海航地产子公司）原定于7月30日交楼！到今天为止仍然没有交给我一间像样的毛坯房！从7月22通知去收楼，我们发现问题要求整改，到9月11日第二次去他们仍然没有任何整改。11月20再去不仅没有搞好，发现台风还把整块厨房玻璃门吹落！工人正在维修！更令人气愤的是我房子已经被为隔壁做装修的公司占领，成为垃圾及材料、工具堆放处！装修成品制造工地！房子里吃剩下饭菜、饭盒废纸巾、还有人的大便！全程海航物业一直说由他们负责协调跟进管理！！！！！然而11月24日再去，垃圾还是没有清理！整改的仍然没有完成！122天！我们跑了四趟！开发商和物管没有解决问题！给我们的家庭造成巨大的精神伤害和物资损失!几百万买到一身气！12月25日在去协商，甚至到物管讨说法时物管主任要打人！150天，300万买的新房连个门，铝合金窗都是次品！无良呀！难道我们要求一扇完整的大门和正常开关的铝合金门窗都是挑剔吗？甚至物管主任要求我们打110报警也无所谓！还要求我们去法院告他们！他们有所有的合格证明！投诉到消协他们也不怕！这就是你们对客户五星级服务和海航优品！海南人民的品牌就在深圳给毁了!"
和小雅可以玩斗地主游戏了,"https://guba.eastmoney.com/news,600221,609822865.html",2017-02-17 15:18:27,
民航板块  昙花一现,"https://guba.eastmoney.com/news,600221,609106075.html",2017-02-15 15:32:29,老一套，拉高出货，专门坑害散户利益，顶风作案呵！
进场良机出现,"https://guba.eastmoney.com/news,600221,609172498.html",2017-02-15 18:44:30,
2017打新市值标配好股,"https://guba.eastmoney.com/news,600221,609852003.html",2017-02-17 17:06:10,2017打新市值标配好股
维珍航空拟组建新航空联盟以深入中国市场,"https://guba.eastmoney.com/news,600221,609736434.html",2017-02-17 11:52:06,道琼斯消息，澳大利亚第二大航空公司Virgin Australia正大举进军中国市场，计划与海南航空的运营商HNA Aviation组建航空联盟。HNA Aviation最近曾投资Virgin Australia。近年来前往澳大利亚的中国游客激增∶2016年出入悉尼机场的乘客中，中国乘客数量排在第二位，仅次于澳大利亚乘客。如果能够通过监管审批，Virgin Australia计划2017年年中开通飞往香港的航班，并且希望随著联盟深入，开通澳大利亚与中国间的直航航线。在中国市场分得更大一杯羹会有助于提振Virgin Australia利润，特别是考虑到该公司今日公布其上半财年转为亏损的情况。
是与佛有缘，还是前生做过弟兄，心有灵犀。能留的老乡都留住，留不住的还是要走。天意,"https://guba.eastmoney.com/news,600221,609822725.html",2017-02-17 15:18:03,是与佛有缘，还是前生做过弟兄，心有灵犀。能留的老乡都留住，留不住的还是要走。天意。又要发公告了。空者自空，多者自多，各珍惜。
从4季度和1月份经营公告来看，现在的股价差不多就是净资产，考虑到10不到的PE和,"https://guba.eastmoney.com/news,600221,609683631.html",2017-02-17 10:14:08,从4季度和1月份经营公告来看，现在的股价差不多就是净资产，考虑到10不到的PE和3.58的增发价，今天的震荡又是吸筹
4毛收盘,"https://guba.eastmoney.com/news,600221,609797076.html",2017-02-17 14:31:18,4毛收盘
发力,"https://guba.eastmoney.com/news,600221,609792779.html",2017-02-17 14:23:56,
社保基金会接盘这样的股票的 莫怕,"https://guba.eastmoney.com/news,600221,609775985.html",2017-02-17 13:50:37,社保基金会接盘这样的股票的 莫怕
买点大白菜，海南航空！,"https://guba.eastmoney.com/news,600221,609052724.html",2017-02-15 13:51:18,"现在这阶段，要不买点航空股，都不好意思说自己是股民。
就为了向巴菲特致敬！
买点大白菜，海南航空！
要问那么多航空股，我为啥就买海南航空，很简单，因为它股价低，绝对白菜价。
一股海南航空不够买一个杜蕾斯的，当然，10股海南航空，只够买一只冈本0.01的，这一对比，管怼！"
你又没涨你跟着调个屁啊,"https://guba.eastmoney.com/news,600221,609755949.html",2017-02-17 13:10:26,你又没涨你跟着调个屁啊
农民斗地主开始了,"https://guba.eastmoney.com/news,600221,609747575.html",2017-02-17 12:38:42,
骑上  这条瘸驴   虽然走的慢,"https://guba.eastmoney.com/news,600221,605475319.html",2017-02-10 12:33:53,可是 一路拾 金子
一直看好航空公司前景，能够在低位不断吃进海航，真是谢谢了！谢谢！,"https://guba.eastmoney.com/news,600221,609740416.html",2017-02-17 12:06:09,一直看好航空公司前景，能够在低位不断吃进海航，真是谢谢了！谢谢！
[大笑]多亏3.41抛了，3元左右再吸[胜利][献花],"https://guba.eastmoney.com/news,600221,609738635.html",2017-02-17 11:59:17,多亏3.41抛了，3元左右再吸
海南航空目前的股市功能就是让人申新用的垫脚石，想大涨做梦吧。,"https://guba.eastmoney.com/news,600221,609722556.html",2017-02-17 11:19:57,对此股心灰意冷，除非来个分红的消息。否则别想了。
今天不乐观，跌,"https://guba.eastmoney.com/news,600221,609708676.html",2017-02-17 10:55:42,今天不乐观，跌
水运过了会不会是航空,"https://guba.eastmoney.com/news,600221,609647529.html",2017-02-17 08:38:18,水运过了会不会是航空
老师就是老师，嘎嘎的。此股上有老顽童，下有鬼灵精，必须的。,"https://guba.eastmoney.com/news,600221,609649568.html",2017-02-17 08:49:37,老师就是老师，嘎嘎的。此股上有老顽童，下有鬼灵精，必须的。
我买这股浪费大家时间还是算了,"https://guba.eastmoney.com/news,600221,609534599.html",2017-02-16 17:54:03,我买这股浪费大家时间还是算了
那天我心情好也来出一部坏蛋是怎样练成的名人语录,"https://guba.eastmoney.com/news,600221,609516037.html",2017-02-16 16:37:34,那天我心情好也来出一部坏蛋是怎样练成的名人语录
有利好就有利空，有涨就有跌。海航和你一起成长[兴奋],"https://guba.eastmoney.com/news,600221,609558188.html",2017-02-16 19:53:37,有利好就有利空，有涨就有跌。海航和你一起成长
有这样夸自己的吗？,"https://guba.eastmoney.com/news,600221,609545730.html",2017-02-16 18:52:15,有这样夸自己的吗？
新的玩法还是要先好好学习[鼓掌],"https://guba.eastmoney.com/news,600221,609509442.html",2017-02-16 16:10:43,新的玩法还是要先好好学习
那个网名叫（回购涨价缺货）的人，是个什么人？是个持之以恒的人，是个孜孜不倦的人，,"https://guba.eastmoney.com/news,600221,609492196.html",2017-02-16 15:12:09,那个网名叫（回购涨价缺货）的人，是个什么人？是个持之以恒的人，是个孜孜不倦的人，是个想影响大众，唯我独尊的人！你以为他是机构？你以为他是大户？你以为他是超散？。。。都不是！他就是一个意志坚定的小散！没炒夜晶屏时他在，炒完液晶屏后他还在，大哥，我这小散就算波动1分钱，也是5000多的变动，你准备上上下下坐电梯？
我也服了，360以下不收干净你是不罢休。,"https://guba.eastmoney.com/news,600221,609504584.html",2017-02-16 15:51:26,我也服了，360以下不收干净你是不罢休。
海航间歇性要冒个泡，昨天不算泡的话，可能近期有炮！,"https://guba.eastmoney.com/news,600221,609309240.html",2017-02-16 09:15:18,海航间歇性要冒个泡，昨天不算泡的话，可能近期有炮！
要表演跳水了！谁进谁淹死，,"https://guba.eastmoney.com/news,600221,609425559.html",2017-02-16 13:37:48,要表演跳水了！谁进谁淹死，
海航，海航，我爱你，就像老鼠爱大米。,"https://guba.eastmoney.com/news,600221,609490456.html",2017-02-16 15:08:45,海航，海航，我爱你，就像老鼠爱大米。
现市场流行主打三元蓝筹股，密切观注，放量跟进,"https://guba.eastmoney.com/news,600221,609490026.html",2017-02-16 15:07:59,现市场流行主打三元蓝筹股，密切观注，放量跟进
你看出来没？你看出来没？仙股还没出现，小烂新还在风光，海南航空还得小碎步。不过，,"https://guba.eastmoney.com/news,600221,609472211.html",2017-02-16 14:42:53,你看出来没？你看出来没？仙股还没出现，小烂新还在风光，海南航空还得小碎步。不过，世界品牌海尔比海南航空更惨。
该发力了,"https://guba.eastmoney.com/news,600221,609479887.html",2017-02-16 14:52:34,该发力了，告诉英国人，海航系是有实力的！
这撕逼，南航拉他就拉，纯粹小三,"https://guba.eastmoney.com/news,600221,609471862.html",2017-02-16 14:42:22,这撕逼，南航拉他就拉，纯粹小三
这算利好吗？,"https://guba.eastmoney.com/news,600221,609438601.html",2017-02-16 14:01:10,海南航空总裁孙剑锋表示，海南航空已经申请于明年陆续开通3条英国直飞航线，由中国成都、深圳、长沙三个城市直飞伦敦
