标题,链接,发布时间,内容
要跌了，17号以后都再回来看看吧,"https://guba.eastmoney.com/news,600346,689610112.html",2017-08-07 14:01:39,要跌了，17号以后都再回来看看吧
这三根避雷针画出来，是要告诉我这个小散赶紧逃？14块没卖，10.99没卖，我是真,"https://guba.eastmoney.com/news,600346,689602886.html",2017-08-07 13:52:41,这三根避雷针画出来，是要告诉我这个小散赶紧逃？14块没卖，10.99没卖，我是真的看好你们会来帮我，解套
总是打压股价，前方高点就爬不上去真是丢卜显眼,"https://guba.eastmoney.com/news,600346,689595657.html",2017-08-07 13:44:00,总是打压股价，前方高点就爬不上去真是丢卜显眼
[鼓掌][鼓掌][鼓掌]小熊没说话，估计明早就真的出公告了呢,"https://guba.eastmoney.com/news,600346,549000349.html",2016-09-06 21:07:11,小熊没说话，估计明早就真的出公告了呢
一个恨力不可能不如一个欣泰欣泰就有人买难道恒力还设有人买,"https://guba.eastmoney.com/news,600346,689591215.html",2017-08-07 13:39:28,一个恨力不可能不如一个欣泰欣泰就有人买难道恒力还设有人买
觉得今天才是出公告的时机，你跑了吗？,"https://guba.eastmoney.com/news,600346,548544249.html",2016-09-05 15:02:44,觉得今天才是出公告的时机，你跑了吗？
2017年8月4日，河南省洛阳市中级人民法院公开宣判第十二届全国人大教育科学文化,"https://guba.eastmoney.com/news,600346,689000064.html",2017-08-05 23:49:53,"2017年8月4日，河南省洛阳市中级人民法院公开宣判第十二届全国人大教育科学文化卫生委员会原副主任委员王珉受贿、贪污、玩忽职守案，对被告人王珉以受贿罪判处无期徒刑，剥夺政治权利终身，并处没收个人全部财产；以贪污罪判处有期徒刑四年，并处罚金人民币三十万元；以玩忽职守罪判处有期徒刑七年，决定执行无期徒刑，剥夺政治权利终身，并处没收个人全部财产。
经审理查明：2004年至2016年，被告人王珉担任吉林省人民政府省长、中共吉林省委书记、吉林省人大常委会主任、中共辽宁省委书记、辽宁省人大常委会主任等职务期间，利用职务便利，为他人在企业经营、职务调整等事项上谋取利益，或者利用本人职权、地位形成的便利条件，通过其他国家工作人员职务上的行为，为他人谋取不正当利益，直接或者通过他人收受相关单位和个人给予的财物共计折合人民币1.46亿余元。王珉担任中共吉林省委书记期间，利用职务便利侵吞公款人民币100万元。王珉作为中共辽宁省委书记、辽宁省人大常委会主任、辽宁省第十二届人大一次会议筹备组组长、大会主席团组书记、常务主席，违反有关规定，不履行或者不认真履行职责，致使2011年中共辽宁省委换届选举、2013年辽宁省第十二届全国人大代表选举以及辽宁省人大常委会换届选举中发生的拉票贿选未被及时制止，不断蔓延，部分人员违法当选，严重损害了换届选举秩序和人民代表大会选举制度，致使国家和人民利益遭受重大损失，造成特别恶劣社会影响。
洛阳市中级人民法院认为，被告人王珉的行为已构成受贿罪、贪污罪、玩忽职守罪，应依法惩处并数罪并罚。王珉受贿数额特别巨大，并使国家和人民利益遭受特别重大损失，鉴于其到案后如实供述自己的罪行，主动交代办案机关不掌握的大部分受贿事实，认罪、悔罪，积极退赃，涉案财物已扣押、冻结在案，依法可以从轻处罚；王珉贪污数额巨大，鉴于其到案后如实供述自己的罪行，认罪、悔罪，积极退赃，涉案赃款已扣押在案，依法可以从轻处罚；王珉玩忽职守，致使国家和人民利益遭受重大损失，虽然其到案后能够如实供述自己的罪行，认罪、悔罪，但因其犯罪情节特别严重，依法应从严惩处。法庭遂作出上述判决。"
垃圾东西,"https://guba.eastmoney.com/news,600346,689577030.html",2017-08-07 13:22:01,垃圾东西
"小上几日,大盘小双顶以现,大跌补缺口,那就有重组成功可能,上拉一定出货,唱多人在","https://guba.eastmoney.com/news,600346,689538097.html",2017-08-07 12:29:25,"小上几日,大盘小双顶以现,大跌补缺口,那就有重组成功可能,上拉一定出货,唱多人在邦主力出货"
这个价位，可以走了，今天主力没上班,"https://guba.eastmoney.com/news,600346,689566841.html",2017-08-07 13:10:45,这个价位，可以走了，今天主力没上班
全面实施营改增，还需继续深化改革。,"https://guba.eastmoney.com/news,600346,689551568.html",2017-08-07 12:47:52,合计净流入金额为3.71亿元。
这3天是恒力公告8月上旬pta一号线复产的最后期限，大家拭目以待。,"https://guba.eastmoney.com/news,600346,689373068.html",2017-08-07 09:24:16,这3天是恒力公告8月上旬pta一号线复产的最后期限，大家拭目以待。
A股如此下去，增量无期。变态的行情，离开股市,"https://guba.eastmoney.com/news,600346,684321999.html",2017-07-29 23:33:08,次新股逆势反弹 沪深震荡攀升涨0.14%
坐稳了,"https://guba.eastmoney.com/news,600346,679267447.html",2017-07-24 07:31:05,坐等上涨。
都消停点会死啊，一涨就特么出来瞎说，一说就跌,"https://guba.eastmoney.com/news,600346,689445012.html",2017-08-07 10:41:24,都消停点会死啊，一涨就特么出来瞎说，一说就跌
回探成功，继续上攻,"https://guba.eastmoney.com/news,600346,689433931.html",2017-08-07 10:27:09,回探成功，继续上攻
8月7日恒力石化美金PTA现货主港自提价格持平 2017-08-07 09:08,"https://guba.eastmoney.com/news,600346,689429775.html",2017-08-07 10:25:18,"8月7日恒力石化美金PTA现货主港自提价格持平
2017-08-07 09:08 生意社
生意社08月07日讯
　　8月7日，恒力石化公布美金PTA现货主港自提报价为700美元/吨，与上一交易日价格持平。"
今日又有许多被洗的,"https://guba.eastmoney.com/news,600346,689418648.html",2017-08-07 10:13:06,今日又有许多被洗的
价值投资，笑死人了。,"https://guba.eastmoney.com/news,600346,684185382.html",2017-07-29 16:47:33,那些思想顽固不化分子，出来走两步，真的不识好
大家心情怎样我说要在十块之中又要套很多人呢有人不信还骂我,"https://guba.eastmoney.com/news,600346,689405382.html",2017-08-07 10:00:03,大家心情怎样我说要在十块之中又要套很多人呢有人不信还骂我
缺口是要回踩补回来的,"https://guba.eastmoney.com/news,600346,689406102.html",2017-08-07 10:00:25,缺口是要回踩补回来的
怎样大家上当了吧出公告一出就没好事,"https://guba.eastmoney.com/news,600346,689382203.html",2017-08-07 09:35:18,怎样大家上当了吧出公告一出就没好事
最后2天，10元以下机会。,"https://guba.eastmoney.com/news,600346,689396669.html",2017-08-07 09:50:19,
再不跑就等着挨刀吧,"https://guba.eastmoney.com/news,600346,689377450.html",2017-08-07 09:30:31,再不跑就等着挨刀吧
股市越骗越低。汽油越降越高,"https://guba.eastmoney.com/news,600346,645770347.html",2017-05-23 13:26:19,股市越骗越低。汽油越降越高
《工业机器人行业规范管理实施办法》印发 受益,"https://guba.eastmoney.com/news,600346,689353988.html",2017-08-07 08:49:13,资金态度谨慎做多合力还未形成
资本市场要崇尚科学、科学发展观！,"https://guba.eastmoney.com/news,600346,689348998.html",2017-08-07 08:31:13,创业板绝地反击，能否带大盘再创新高？
"真好我们市场又找到理由,美国股市开始下跌了.所","https://guba.eastmoney.com/news,600346,684026382.html",2017-07-29 12:10:20,赌盘，两个4位数中奖号码
今天是次新股，高送转的跌停重灾厂区，机会是跌,"https://guba.eastmoney.com/news,600346,683899965.html",2017-07-29 06:44:50,等到长阳后下文才是大家最关心的
“中国梦 恒力梦”恒力炼化一体化项目系列报道 2017-07-29 恒力集团,"https://guba.eastmoney.com/news,600346,684384547.html",2017-07-30 06:31:33,"“中国梦 恒力梦”恒力炼化一体化项目系列报道
2017-07-29 恒力集团


“亲自抓，带头干，撸起袖子加油干”

“中国梦 恒力梦”
恒力炼化一体化项目系列报道
7月20日，污水处理场炼油线的二沉池迎来蓄水试验的“第一缕清泉”。自4月土方开挖第一铲以来，截止到7月20日污水处理场的土建阶段已进行了98天。

图为污水处理场炼油线二沉池蓄水试验
二沉池蓄水试验作为污水处理场第一个竣工的主体结构施工质量迎来各方面全方位的检验。
恒力炼化一体化项目最新进展图集欣赏

中间罐区施工现场

煤制氢磨煤机厂房施工现场
环保储煤棚施工现场

奋战在项目一线的施工队
恒力炼化项目最新建设节点
1#芳烃联合装置：
7月18日，歧化单元甲苯塔基础整体施工完成；
7月17日，二甲苯单元1号二甲苯重沸炉基础整体施工完成；
7月14日，歧化单元重芳烃塔重沸炉、歧化进料加热炉基础整体施工完成；
润滑油异构脱蜡装置：
7月20日，润滑油异构脱蜡装置产品汽提塔、减压塔、轻润侧线汽提塔、中润侧线汽提塔基础施工完成；
7月6日，反应进料加热炉基础和减压塔进料加热炉基础施工完成；
沸腾床渣油加氢裂化装置：
7月11日、12日沸腾床渣油加氢裂化装置A、B两系列分馏系统六个塔设备（分馏塔、柴油侧线汽提塔、HAGO侧线汽提塔）基础施工全部完成；
蜡油加氢裂化装置：
7月20日 ，混合蜡油加氢裂化装置过汽化油塔完成混凝土浇筑；
7月12日，直馏蜡油加氢裂化装置反应加热炉承台基础完工；
7月7日，直馏蜡油加氢裂化装置加氢精制反应器、加氢裂化反应器承台基础完工，土方回填完毕；
7月6日，混合蜡油加氢裂化装置一段精制反应器、一段裂化反应器承台基础完工，土方回填完毕；
煤油加氢装置：
7月24日，煤油加氢装置反应进料加热炉基础施工完成；
7月18日，煤油加氢装置主管廊基础施工完成；
7月5日，反应器及构架、分馏构架、反应进出料换热器六台、产品分馏塔、低压分离罐、循环氢压缩机入口分液罐、缓蚀剂罐基础施工全部完成；
柴油加氢裂化装置：
7月22日，柴油加氢裂化装置汽提塔、分馏塔、石脑油稳定塔、石脑油分馏塔AB两系列共8台塔基础全部浇筑完成；
7月15日，柴油加氢裂化装置一段反应进料加热炉、二段反应进料加热炉、分馏塔底重沸炉AB两系列共6台加热炉基础全部浇筑完成；
7月14 日，柴油加氢装置B系列主管廊基础开始浇筑。
目前，国务院发文重点支持的恒力2000万吨/年炼化一体化项目正在紧锣密鼓建设中，预计2018年10月建成投产。届时，恒力集团将实现“原油—芳烃—精对苯二甲酸（PTA）—聚酯（PET）—民用丝及工业丝—织造”的完整产业链，企业各项营业收入和利润率将进一步实现跨越式增长。


关
展开阅读全文"
吴梵子：4月10号现货黄金原油走势分析，金价短,"https://guba.eastmoney.com/news,600346,689319859.html",2017-08-07 05:55:37,奶业部际联席会议召开 推奶业供给侧改革
去IOE概念股有哪些？去IOE概念龙头股一览 　　名词解释 去IOE概念股有哪些,"https://guba.eastmoney.com/news,600346,684525033.html",2017-07-30 16:41:18,"去IOE概念股有哪些？去IOE概念龙头股一览
　　名词解释
去IOE概念股有哪些？去IOE概念龙头股一览
　　近期市场关于去IOE的讨论渐趋增多。就字面概念来说，IBM是服务器提供商，Oracle是数据库软件提供商，EMC则是存储设备提供商，三者构成了一个从软件到硬件的企业数据库系统。由这三驾马车构成的数据库系统几乎占领了全球大部分商用数据库系统市场份额。我国石油、通信等行业类等关系到国计民生，甚至关系到国防、政治安全的公安、部队也使用这一系统。由于IOE所涉及的企业均属于外资企业，因而，使用这一系统可能会影响着我国信息安全。为此，我国在近年来一直努力去IOE化，进而说明整个IOE产业系统所涉及的相关上市公司业绩有望出现加速的态势。
华东电脑（行情 股吧 买卖点）：公司以中国电子科技集团华东计算技术研究所为依托，主营业务为信息系统、弱电工程、软件工程开发等，公司定位于提供全面解决方案为核心的软硬件集成供应商，发展以系统和网络集成为特色的业务，选择具有较高科技含量、集成度较高的IT业相关服务项目为公司的核心产品。
芯片 拥有广阔成长空间
　　据市场研究中心统计显示，昨日芯片板块内的国民技术实现涨停，除此之外，北京君正、紫光国芯、大唐电信、上海贝岭、士兰微、中颖电子等个股均有显著涨幅。
据悉，酝酿许久的国家集成电路扶持细则预计将于近期出炉，这次国家集成电路扶持基金总额达1200亿元。而这将是国内集成电路产业最大规模的扶持基金，超过了这个行业过去十年的研发投入总额。巨额的扶持基金体现出监管层对于我国芯片国产化的重视，作为我国自主芯片的龙头，紫光国芯值得特别关注。紫光国芯是集成电路设计专业企业，核心业务包括智能卡芯片设计和特种集成电路两部分。公司二代身份证芯片、电信SIM卡系列芯片、金融支付类智能卡芯片等核心产品技术水平居于国内领先地位。
　　对于芯片概念的投资机会，平安证券表示，现阶段各行各业采用国产化芯片的比重极低，市场成长空间巨大。基于此，国内集成电路企业主要有：芯片设计企业包括紫光国芯、国民技术、北京君正、士兰微等；芯片封装测试企业主要有：长电科技、晶方科技、通富微电、华天科技等。
卫士通 点评报告:信息安全“国家队”的属性愈发明显
4月10日，中国电子科技集团公司与成都市签署战略合作框架协议，决定建立长期稳定的战略合作伙伴关系，共同在成都大力发展网络信息安全产业。
　　按照协议，中国电科将根据国家安全战略发展需要及成都市发展战略，充分发挥国家军工电子科技的品牌、技术、人才及资金优势，整合资源，将成都作为中国电科信息安全技术和产业发展的核心区域，在未来3年内，努力将成都建设成为“国内卓越、世界一流”的网络信息安全新技术、新产品研发总部及网络信息安全产业基地和网络信息安全人才聚集地。
　　协议明确，双方将重点在以下领域开展合作:一是共同建设国家示范网络信息安全产业园；二是共同打造网络信息安全产业链；三是共同推动“时频·通导”产业发展；四是共同推动通用航空产业发展。
　　评论:
　　合作凸显信息安全大主题中国电科拥有雄厚的科研实力和人才队伍，包括三十所在内的多个在蓉单位是集团公司的重要组成部分和拓展西部事业的重要战略基地，而成都是中国重要的信息安全产业基地和军工产业基地，信息安全产业连续十年保持30％以上的增长。我们认为，双方共同建设国家示范网络信息安全产业园既符合地方政府对城市的定位，也符合中国电科的发展规划，从更高层面看则是对国家安全战略的高度重视和强有力的贯彻落实。根据中国电科集团公司高层此前的表态:“未来两三年内，集团公司对产业化基地的投入将超过百亿，产业化基地2018年的产值目标是三百亿。”双方的战略合作可以达到双赢，不仅能为成都市引入更多的项目投资，迎来新一轮发展机遇，也可以推动中国电科在信息安全产业规模做大做强，得到更多的政策支持。
　　卫士通:信息安全“国家队”的属性愈发明显根据集团公司的定位，应由中国电科三十所牵头与成都市对接，共同开展后续工作。卫士通作为三十所在信息安全产业的主要业务开展单位，将成为此次战略合作主要的任务承担者。此前，公司公告拟收购三十所旗下的三家公司股权，若完成，中国电科集团体系内信息安全产业将实现资源整合，形成从芯片、模块、安全终端、应用软件、系统集成、解决方案、安全服务的全产业链布局。我们认为，三十所已经将卫士通定义为“信息安全产业的集大成者”，作为牵头单位，三十所将把合作中最重要的落实角色赋予卫士通，相信在未来的三年内，卫士通将在建设国家示范网络信息安全产业园、打造网络信息安全产业链方面体现出应有的作用，在承担国家级研发任务、承接重大信息安全项目、完善信息安全产业链、提升信息安全技术水平等方面作出重要贡献。"
国内期市开盘黑色系走弱 铁矿石跌超2%,"https://guba.eastmoney.com/news,600346,689317854.html",2017-08-07 05:39:25,超越恒大概念股，参与万达私有化，皇氏集团0023
W195110 出来一次 股价新低一次 哈哈哈,"https://guba.eastmoney.com/news,600346,689316755.html",2017-08-07 05:30:14,基金经理寄望债市“新慢牛”
深套八年a,"https://guba.eastmoney.com/news,600346,689287120.html",2017-08-07 01:44:31,王健林的豪赌终点：规模庞大的债转股！股东，是
新增保险资金，叫做保赢一号。真保赢吗？,"https://guba.eastmoney.com/news,600346,689286920.html",2017-08-07 01:44:10,新增保险资金，叫做保赢一号。真保赢吗？
今天   7.5见,"https://guba.eastmoney.com/news,600346,549098374.html",2016-09-07 09:36:27,今天 7.5见
今日大跌感觉,"https://guba.eastmoney.com/news,600346,680384492.html",2017-07-25 09:35:12,今日大跌感觉
快上车，冲破11的时候快到了，信不信由你,"https://guba.eastmoney.com/news,600346,683704132.html",2017-07-28 19:08:06,快上车，冲破11的时候快到了，信不信由你
脑壳好昏：沪综指再创新高个股杀跌态度坚决咋整,"https://guba.eastmoney.com/news,600346,689262685.html",2017-08-06 23:23:35,创业板反弹 50，300蜗牛翻转 如此而已[
"雄安新区+核电核能+新能源概念, 强势拉升, 再创","https://guba.eastmoney.com/news,600346,689258231.html",2017-08-06 23:01:15,齐仕文投资技巧闲谈之四大零容忍坚决说不
恒力陈建华完善企业产业链，争创世界一流企业,"https://guba.eastmoney.com/news,600346,688959313.html",2017-08-05 20:21:42,"1994年，在改革开放的大潮中，陈建华以369万元镇办织造厂，经过20多年的风风雨雨，恒力集团已经发展成为以化工化纤为主业的多元化国际型企业。


近年来，集团董事长陈建华高瞻远瞩，不断推动“炼化一体化”项目建设，使企业逐渐形成炼化、石化，聚酯新材料，织造和装备制造等上下游一体的全产业链布局，并包含热电、地产等多元化业务，不断提升企业的盈利能力，也为企业的未来发展创造了条件。

2017年年初，在董事长陈建华的推动下，恒力股份加大对“恒力2000万吨/年炼化一体化项目”的建设，并推动恒力化工板块的整体上市。“恒力2000万吨/年炼化一体化项目”建成之后，恒力股份将形成“原油-芳烃—PTA—聚酯—民用丝及工业丝”的完整产业链。同时，也实现了恒力石化所需PTA生产原料对二甲苯的自给自足，从而大大降低了采购原料的成本，进一步增加了企业的盈利能力和抗风险的能力。
在恒力集团董事长陈建华的带领下，恒力集团不断自主创新，完善研发体系，逐步形成完整产业链布局，为争创世界一流企业奠定了坚实的基础。"
民企石化巨头，定价权具备强大的实力,"https://guba.eastmoney.com/news,600346,688864250.html",2017-08-05 15:28:02,"600346恒力股份
恒力股份历经 15 年的发展，现已成为国内涤纶长丝龙头企业。其主营业务为民用丝、工业丝和热电，现有苏州、宿迁、南通三大产业基地，拥有涤纶民用长丝产能 140 万吨、工业长丝产能 20 万吨、聚酯切片产能 50 万吨，另有营口基地 16 万吨工程塑料产能和 20 万吨聚脂薄膜产能，我们在wx公众h（策略帮）里认为公司已经成为国内最大的化纤企业之一，综合竞争力长期位居行业首位。

涤纶需求旺盛、库存偏低
2016 年 G20 峰会期间江浙地区化纤厂限产停产，涤纶长丝库存低位叠加后期进 入需求旺季，涤纶长丝表现不俗，产品-原材料差价较前期提升，涤纶民用长丝企业业绩大涨。
2017 年环保风波不断，下游纺织、印染停限产印发业内恐慌，涤纶订单提前， 行业于夏季传统淡季时走出靓丽行情。目前涤纶长丝库存处于历史低位，据旺季时点已不远，库存效应或继续延伸，助力涤纶长丝盈利高位维持。

恒力涤纶民用长丝品质优良，毛利率高于行业平均
恒力股份涤纶长丝产能共计 160 万吨，其中涤纶民用丝产能 140 万吨，工业丝 20 万吨。不同于以低附加值 POY 长丝为主要产品的其他公司，公司产品多为盈利能 力较强的产品，公司民用长丝以 FDY 为主，产能约为 110 万吨，FDY 产品集中于细旦、高端、高品质领域，产品价格较同行业的同类型号产品高 500-1000 元/吨。
公司涤纶长丝产品集中于 20D-100D，100D 以下的 FDY 产品产量产比达到 60% 以上，50D 以下产品的产量占公司总产量的 25%左右，竞争优势明显。目前国内 10D 以下 FDY 产品仅恒力能够生产，且是目前国内唯一一家能够生产规格 7D 产品的公 司，使得公司产品较同行业具有更高的毛利率。

受益集团整体上市
恒力集团始建于 1994 年，起步于织造，逐步发展成为以石化、聚酯新材料、织造等三大板块为主业， 热电、机械、金融、酒店等多元化协同发展的大型企业集团。2016 年恒力集团总营收 2516 亿元，位列中国企业 500 强第 65 位、中国民营企业 500 强第 8 位，连续五年列中国长丝织 造行业竞争力第一位。目前集团拥有 660 万吨 PTA 年产能、14.2 亿米织造年产能。
公司为集团旗下唯一上市平台，受益集团整体上市。恒力集团正加快推进集团整体上 市进程，逐步实现聚酯新材料、石化、炼化等核心业务在上市公司平台的产业链一体化营。

注入 PTA(精对苯二甲酸)、炼化资产，加快上下游一体化进程
恒力集团于 2010 年起布局涤纶上游 PTA 产业，先后建成 3 套 220 万吨/年 PTA 装置，现已达成 660 万吨/年 PTA 产能，可为聚酯产品提供足够原料；并于 2014 年着 手向 PTA 上游进军，布局原油-PX 炼化一体化产业，拟建设 2000 万吨/年炼油装置， 为 PTA 提供 PX 原料，实现聚酯产品全产业链。
公司于 2017 年 1 月 25 日发布重大资产重组预案，拟向范红卫、恒能投资和恒峰投资发行股份购买恒力投资 100%股权和恒力炼化 100%股权，将二者旗下 660 万吨/ 年 PTA 资产和 2000 万吨/炼化一体化资产注入上市公司，同时募集配套资金用于 2000 万吨/年炼化一体化项目的建设，借力资本市场加速一体化进程。
标的资产作价 115 亿元，恒力股份拟发行 16.79 亿股，发行价格为 6.85 元/股， 同时承诺 2017~2019 年恒力投资净利润分别不低于 6 亿元、8 亿元和 10 亿元。交易 完成后（不包含配套资金），恒力集团及一致行动人将持有上市公司 84.05%的股权。

PTA 静待行业底部回暖
2016 年后 PTA 企稳，当前价差明显扩大。PTA 行业的周期性十分明显，我们以 PTA-0.66*PX 价差为例，在 2010 年平均为 2400 元/吨，从 2011 年起价差逐年下降，目 前价差长期在 400-600 元/吨的范围内波动。在经历 2015 年原油价格波动及市场闲置产能 逐渐出清后， 2016 年全年至今，受国际原油价格企稳及下游聚酯纤维和纺织行业向好等 原因影响，PTA 行业景气度回升并呈现复苏态势，PTA 价格呈现稳中有升的态势。目前 2017 年一季度的 PTA 平均售价高于 2015 年和 2016 年的平均水平，今年 7 月底已经扩大 到 1500 元/吨，行业盈利水平持续回暖。

目前国内约 4900 万吨 PTA 产能中，排名前五的逸盛、恒力、翔鹭、中石化和远 东产能占比共计 67%左右，行业集中度较高，但同时装置新旧程度不一，生产成本、 运输成本差异化明显，例如长期关停的扬子石化两套装置、珠海 BP 的一套装置以及 辽阳石化的两套装置等。虽然远东、翔鹭部分装置存在复产可能性，但由于行业目前 整体处于低迷的状况，装置重启具有不确定性，而装置的重启将进一步加深加剧行业 竞争，或加速落后产能的退出，我们认为 PTA 行业在景气度持续低迷的大背景下有 望迎来洗牌，后期行业龙头话语权将进一步集中，静待行业整体反转。

炼化一体化项目装置工艺先进，竞争力世界领先
我们认为公司本次重大资产重组最大的亮点是恒力炼化 2000 万吨炼化一体化项 目，该项为辽宁省重点项目，规模优势明显，引进国外先进工艺设备，综合商品化率较高且成本较低，竞争力强，未来有较大的想象空间。
从整体的聚酯产业链来看，上游 PX 随油价波动，下游聚酯随纺织服装景气度变化。我国 PX 国内产能供应不足，对外依存度较高，我国 PTA对上游议价能力较低，PTA过去几年投放较多造成产能过剩，同时 聚酯行业增速放缓，使得 PTA 难以转嫁成本到下游。当前聚酯需求回暖，预计未来将较为稳定，而 PTA 经历了一轮下降周期之后，也逐渐企稳，随着未来几年本土 PX 的供应增加，国外厂商议价能力将降低，产业利润有望从国外向本土转移，同时聚酯产业链上游 PX 利润 有望逐渐向 PTA 转移，使得 PTA 龙头优势将更明显，而选择发展上游的龙头企业，除了实 现自主原材料，盈利也会更稳定。

发展潜力
恒力集团依托化纤产品在业内的实力与地位，从 94 年开始逐步发展上游，从纺织到聚酯纺织，再到 PTA、最后到炼 化，战略与国内外优秀企业相同,比如韩国的 SK 化学前身为鲜京织物，后来逐步从织物跨越到了聚酯原丝的生产并最终完成了到上游石油化学产业的纵向整合，成为了一家“世界 500 强”的全球领先的化工能源企业,我们在wx公众h（策略帮）里认为公司从“纤维制造到石油化工”完整产业链的纵向整合，未来有望成为优秀的民企石化巨头。

免责声明：投资观点仅供参考，不构成买卖投资依据。
展开阅读全文"
周一发新股 下午怎能不放红,"https://guba.eastmoney.com/news,600346,686375130.html",2017-08-02 10:38:43,兵熊熊一个，将熊熊一窝。
600346恒力股份:东北最大的民营投资企业，现已投资256亿拥有亚洲最大的炼油,"https://guba.eastmoney.com/news,600346,687245206.html",2017-08-03 11:06:17,600346恒力股份:东北最大的民营投资企业，现已投资256亿拥有亚洲最大的炼油厂、丙纶和化纤、末端工程发电、产生蒸汽用于生产用汽、电力用于生产、余额电力和蒸汽用于创汇！公司又利用当地地理位置在建两台30万超压燃气机组，讲缓解当地客户用电、为公司长期发展打下良好基础！500百亿大连长兴岛投资正在有序进行，大连开发区炼油厂和储油由于给当地百姓安全构成威胁，恒力股份即将担起亚洲最大炼油和储油企业！
朗玛信息300288错过了方大炭素，不能再错过它,"https://guba.eastmoney.com/news,600346,689255278.html",2017-08-06 22:47:09,史上最严整改大限来临，P2P网贷平台两头受压压
那天是晴天,"https://guba.eastmoney.com/news,600346,689255401.html",2017-08-06 22:46:50,大夫给我说的是对的
明天大跌！,"https://guba.eastmoney.com/news,600346,687529366.html",2017-08-03 15:34:59,快出货吧。
主力拉高为了明天出货,"https://guba.eastmoney.com/news,600346,687686805.html",2017-08-03 18:20:04,不要当了接货大侠，10-11元是筹码套牢区。有的逢高出货。
拉不起来了！,"https://guba.eastmoney.com/news,600346,686341783.html",2017-08-02 10:10:00,拉不起来了！
这半小时关键了,"https://guba.eastmoney.com/news,600346,686588532.html",2017-08-02 14:20:00,
江苏恒力董事长陈建华坚定推进资产重组,"https://guba.eastmoney.com/news,600346,686896262.html",2017-08-02 21:01:42,"江苏恒力集团董事长陈建华在恒力大连PTA基地建成运转后，又有大动作。从今年上半年开始，陈建华计划对恒力集团化纤板块业务主体恒力股份实施重大资产重组。


据知情人透露，本次资产重组的主要内容，是恒力股份拟发行股份购买恒力投资100%股权和恒力炼化100%股权。而本次重组所募集到的配套资金净额，将用来支持之前备受各方关注的“恒力2000万吨/年炼化一体化项目”的建设，帮助恒力集团打造一条完整的产业链，增强自身的核心竞争力。

这份重组方案一经发布，就受到了十分广泛的关注。有券商评论认为，随着恒力股份资产重组的推进，恒力股份的产业链更加完善，企业的盈利能力将不断提高。

据了解，恒力集团董事长陈建华正在十分坚定地推进恒力股份的重组事宜。据业内人士分析，一旦恒力集团形成“原油—芳烃—PTA—聚酯—民用丝及工业丝—织造”的产业链，其市场竞争能力都得到巨大的提高。"
07月19日(周三)大盘前瞻:这根放量长阴需要慢慢,"https://guba.eastmoney.com/news,600346,689210777.html",2017-08-06 19:51:30,现在的科大智能300222就是将来的苹果和腾讯！创
7月27日电子元件板块涨幅达2%,"https://guba.eastmoney.com/news,600346,686339386.html",2017-08-02 10:08:25,天天向上今天哑巴了！a
8月3日恒力石化美金PTA现货主港自提价格持平,"https://guba.eastmoney.com/news,600346,687502311.html",2017-08-03 15:10:51,"生意社：8月3日恒力石化美金PTA现货主港自提价格持平
http://www.100ppi.com 2017年08月03日 13:58 生意社
生意社08月03日讯
　　8月3日，恒力石化公布美金PTA现货主港自提报价为700美元/吨，与上一交易日价格持平。

　　(文章来源：生意社)"
我身边有1万2千多块钱,"https://guba.eastmoney.com/news,600346,686956476.html",2017-08-02 23:00:44,对于促进大学生全面发展具有不可替代的作用
现在可以抄底操作,"https://guba.eastmoney.com/news,600346,687121359.html",2017-08-03 08:24:21,明日卖出银行股
江苏恒力董事长陈建华：向着世界一流企业继续前进,"https://guba.eastmoney.com/news,600346,686895273.html",2017-08-02 20:57:38,"日前，恒力集团与腾讯、阿里巴巴等10家中国企业首次进入2017世界500强，一时成为舆论关注的焦点。作为全球最大的超亮光丝和工业丝生产企业，恒力集团在行业中颇具知名度。

回顾其20多年的发展历程，恒力集团董事长陈建华的高瞻远瞩，发挥了不可替代的关键作用。据恒力集团董事长陈建华介绍，他在企业成立的第一天就确立了要迈入国际先进行列的目标，为了实现这个目标，他带领恒力集团不断颠覆传统、突破创新，攻克了一个又一个的难关，也取得了让世界瞩目的成绩。

经过多年的发展、创新、突破，恒力集团已经从当年名不见经传的小厂，发展成为了今天拥有65000名员工、年销售额达2516亿元的世界大型企业。

恒力集团进入世界企业500强，不是终点，而是一个崭新的开始。相信在不远的将来，在恒力集团董事长陈建华的带领下，未来的路会越走越宽、越走越顺，在国际舞台绽放中国民族工业的无尽光芒！"
石墨烯+锂电池龙头暴跌，中报现金叉，或超方大,"https://guba.eastmoney.com/news,600346,687440339.html",2017-08-03 14:16:11,中国好股票;业绩超牛股603585苏利股份全球百菌
这支股几次到十块钱的时候压力位就那么大，每有一次是轻轻松松垮过十一十二块过,"https://guba.eastmoney.com/news,600346,689253923.html",2017-08-06 22:41:19,这支股几次到十块钱的时候压力位就那么大，每有一次是轻轻松松垮过十一十二块过
煤炭和有色钢铁等涨价题材整体震荡,"https://guba.eastmoney.com/news,600346,686139420.html",2017-08-02 01:45:19,能容忍；有锋芒，能内敛；有涵养
恒力市值以后该会上千亿,"https://guba.eastmoney.com/news,600346,687227056.html",2017-08-03 10:48:05,恒力市值以后该会上千亿
大盘再跌1000个点我就进仓,"https://guba.eastmoney.com/news,600346,686478381.html",2017-08-02 12:24:24,散户杀跌清仓出逃，茅台机构将被深度套牢！永世
心旷神怡32623,"https://guba.eastmoney.com/news,600346,681403426.html",2017-07-26 10:07:10,100股能分多少钱啊？什么时候到账啊？
最高价/1962年收益24.30 25.60 27.00 18.9036.00,"https://guba.eastmoney.com/news,600346,687842585.html",2017-08-03 23:08:11,并非独此一家 去阿里巴巴搜一下 厂家无穷多
分别为比亚迪、五矿资本、天齐锂业、赣锋锂业、坚瑞沃能、国轩高科、冠城大通,"https://guba.eastmoney.com/news,600346,688003879.html",2017-08-04 07:55:31,大盘就此回落展开一轮深度调整的可能性也不大。
今天肯定是资金流出最多的一天[摊手],"https://guba.eastmoney.com/news,600346,686702960.html",2017-08-02 16:22:56,众多股票不跟涨只跟跌这是为什么?
因姨娘每每生事,"https://guba.eastmoney.com/news,600346,680317302.html",2017-07-25 07:59:40,因姨娘每每生事
君在外 6月末7月初 别指望大跌 但之后 呵呵 你,"https://guba.eastmoney.com/news,600346,687823181.html",2017-08-03 22:23:21,3只乌鸦站枝头
是否又要停牌,"https://guba.eastmoney.com/news,600346,687439337.html",2017-08-03 14:15:19,是否又要停牌
这一周怎么就当缩头乌龟了？张不动了,"https://guba.eastmoney.com/news,600346,686562958.html",2017-08-02 13:55:07,这一周怎么就当缩头乌龟了？张不动了
表431929~1952年的菲利浦.莫里斯公司,"https://guba.eastmoney.com/news,600346,686915186.html",2017-08-02 21:38:09,1900.10.20 59.4 1903.6.1 59.6 0.28.2
现在坐庄很爽,"https://guba.eastmoney.com/news,600346,686954184.html",2017-08-02 22:55:34,金贵银业，和晶科技
今天翻红百分百,"https://guba.eastmoney.com/news,600346,672570210.html",2017-07-14 09:20:45,今天翻红百分百
PTA价格持续上涨，市场看好恒力股份,"https://guba.eastmoney.com/news,600346,686890245.html",2017-08-02 20:50:35,"7月以来，PTA价格一改上半年的颓势，出现持续上涨行情，不仅一举突破5000元/吨的关口。据最新消息，17日，PTA09合约价格一度接近5500元/吨。

券商相关人士评论认为，由于现货不断趋紧，PTA基差不断压缩， 7月初市场开始集中发力。后续随着需求的不断增强，PTA价格将持续保持上涨态势。恒力股份将明显受益。


相关的研究报告显示，2017年聚酯新增产能将形成对PTA的持续需求，预计2017年市场新增PTA需求为300万吨左右，在现阶段PTA产能增加不大的情况下，会进一步提高恒力股份投资的业绩。

恒力股份是国内化纤行业的龙头企业之一，目前正在谋求企业资产重组，上市公司将产业链条由聚酯纤维向上延伸至PTA，未来将实现整个产业链的整合，恒力股份也将成为实现新的跃升。"
无形之手强硬干预将告一段落，市场也将重新回归,"https://guba.eastmoney.com/news,600346,686267073.html",2017-08-02 08:20:38,蓝筹中场休息，创业板临场崛起，后市将如何演绎
现在9.31还算是高价、过这个村不一定咋回事了,"https://guba.eastmoney.com/news,600346,686372190.html",2017-08-02 10:34:56,现在9.31还算是高价、过这个村不一定咋回事了
但是，券商股再度成为坏孩子，一发力，指数就结束了,"https://guba.eastmoney.com/news,600346,687807274.html",2017-08-03 21:49:47,而后，分时市场格局也未改变
南海发展，难发难斩f,"https://guba.eastmoney.com/news,600346,689232228.html",2017-08-06 21:04:01,南海发展，难发难斩f
有什么大事情？,"https://guba.eastmoney.com/news,600346,687448382.html",2017-08-03 14:23:02,有什么大事情？
早晚上15,"https://guba.eastmoney.com/news,600346,687460061.html",2017-08-03 14:33:22,早晚上15
豆类油脂加工企业积极,"https://guba.eastmoney.com/news,600346,688008499.html",2017-08-04 08:11:13,9块一个平台，8块一个平台，7块一个平台。还会a
【联讯石化公司点评】恒力股份：上半年业绩增长三成，炼化及PTA资产注入值得期待,"https://guba.eastmoney.com/news,600346,686742854.html",2017-08-02 17:12:24,
每次出公告就是不给力看看大盘往上拉得多好呀给你机会涨你不涨大盘跌时你跌跌不休,"https://guba.eastmoney.com/news,600346,688229651.html",2017-08-04 13:52:07,每次出公告就是不给力看看大盘往上拉得多好呀给你机会涨你不涨大盘跌时你跌跌不休
收盘封板，今晚公告恢复审核，审核通过出来继续连板。恭喜还持有的朋友,"https://guba.eastmoney.com/news,600346,687435844.html",2017-08-03 14:12:07,收盘封板，今晚公告恢复审核，审核通过出来继续连板。恭喜还持有的朋友
事件驱动引擎,"https://guba.eastmoney.com/news,600346,687129103.html",2017-08-03 08:46:54,错过漂亮50的不要错过600067 恭喜恭喜发财
干净的资金运作a,"https://guba.eastmoney.com/news,600346,688429530.html",2017-08-04 18:08:24,干净的资金运作a
创业板上攻的基因，,"https://guba.eastmoney.com/news,600346,686247288.html",2017-08-02 07:27:40,锂电池强势黑马，主力7446万锁仓，将比肩雄安妖
增持机构,"https://guba.eastmoney.com/news,600346,687498119.html",2017-08-03 15:07:11,"2017-062017-032016-12
股东名称 持股(%) 增减
恒力集团有限公... 21.776 未变
大连市国有资产... 8.480 增持
深圳天风天成资... 5.302 新进
华安未来资产－... 3.078 新进
北信瑞丰基金－... 2.941 新进
天安财产保险股... 2.736 新进
厦门象屿股份有... 2.736 新进
申万菱信基金－... 1.632 新进
江苏苏豪投资集... 1.368 新进
中诚信托有限责... 1.171 新进
流通股东持股比例"
恒力的PTA港口自提价格700美金／吨,"https://guba.eastmoney.com/news,600346,687655888.html",2017-08-03 17:41:50,恒力的PTA港口自提价格700美金／吨
下午拉升,"https://guba.eastmoney.com/news,600346,686429427.html",2017-08-02 11:31:14,
沽空机构5年袭28股仅4只幸免,"https://guba.eastmoney.com/news,600346,686472111.html",2017-08-02 12:16:46,公司大事a
短期看高至15[大笑],"https://guba.eastmoney.com/news,600346,687451625.html",2017-08-03 14:26:48,短期看高至15
创指的光头小阴线也主要受到了10日线的压制,"https://guba.eastmoney.com/news,600346,684298071.html",2017-07-29 22:04:29,这烂股涨一分钱真不容易
8月4日恒力石化美金PTA现货主港自提价格持平 2017-08-04 09:43,"https://guba.eastmoney.com/news,600346,688246361.html",2017-08-04 14:11:27,"8月4日恒力石化美金PTA现货主港自提价格持平
2017-08-04 09:43 生意社
生意社08月04日讯
　　8月4日，恒力石化公布美金PTA现货主港自提报价为700美元/吨，与上一交易日价格持平"
兴业投资：主要产品技术更新2017.07.17,"https://guba.eastmoney.com/news,600346,686074486.html",2017-08-01 22:58:25,"广发证券半年报预增3倍:主营净利88亿,其中55亿"
吹，它妈的还吹,"https://guba.eastmoney.com/news,600346,687157771.html",2017-08-03 09:34:30,吹，它妈的还吹
这走势，要走主升浪了,"https://guba.eastmoney.com/news,600346,685247758.html",2017-07-31 19:22:01,这走势，要走主升浪了
不跑的收盘必后悔,"https://guba.eastmoney.com/news,600346,685018570.html",2017-07-31 13:28:48,不跑的收盘必后悔
哎，守了那么久都没什么动静，换龙头去。	,"https://guba.eastmoney.com/news,600346,680914263.html",2017-07-25 18:06:02,600661
恒力股份，跌势中为什么总有亮点，因为臭庄们在自救。,"https://guba.eastmoney.com/news,600346,688031768.html",2017-08-04 09:18:51,跌势中为什么总有亮点，因为臭庄们在自救。
布林线上轨喇叭口张开，此股要开始加速了，后期乐观！,"https://guba.eastmoney.com/news,600346,687423932.html",2017-08-03 14:01:58,布林线上轨喇叭口张开，此股要开始加速了，后期乐观！
东旭光电，接下来要怎么操作？是该继续持有还是	,"https://guba.eastmoney.com/news,600346,673065275.html",2017-07-14 19:17:39,这种手法如果没改变的话，应该是今天封板，明天
无量，危险,"https://guba.eastmoney.com/news,600346,688084647.html",2017-08-04 10:45:53,无量，危险
已经满仓了！重仓！,"https://guba.eastmoney.com/news,600346,688197880.html",2017-08-04 13:15:27,已经满仓了！重仓！
今明两天是最后买入时机。,"https://guba.eastmoney.com/news,600346,687195766.html",2017-08-03 10:16:18,
收盘点多少？,"https://guba.eastmoney.com/news,600346,686705507.html",2017-08-02 16:25:26,以当下茅台的基本面，满打满算股价估值不会超过
有感觉了，不是麻木不仁时候了，腰好！要好！哈j,"https://guba.eastmoney.com/news,600346,686587141.html",2017-08-02 14:19:59,有感觉了，不是麻木不仁时候了，腰好！要好！哈j
东方霸金：黄金原油在线更新策略,"https://guba.eastmoney.com/news,600346,672904432.html",2017-07-14 15:38:28,现在大家记好了，不管哪一天
我撤了，它来劲了。,"https://guba.eastmoney.com/news,600346,687487726.html",2017-08-03 14:56:46,我撤了，它来劲了。
（原创）行情分化，只作跟随,"https://guba.eastmoney.com/news,600346,689246893.html",2017-08-06 22:09:04,出处中信建投;预计2017年每股收益为1.47
谁在假装护盘？,"https://guba.eastmoney.com/news,600346,559269752.html",2016-10-17 10:06:14,谁在假装护盘？
今天收盘不会跌，你懂的,"https://guba.eastmoney.com/news,600346,686477982.html",2017-08-02 12:23:30,美帝跌了，没人敢涨
破8元才是买点,"https://guba.eastmoney.com/news,600346,686052483.html",2017-08-01 22:10:05,此股就只值8元
没有必要为了迎合巴菲特的投资,"https://guba.eastmoney.com/news,600346,688430205.html",2017-08-04 18:09:33,拿出你所有的劲吧！那是无比艰辛的一个月
储加息至今，道琼斯指,"https://guba.eastmoney.com/news,600346,687785450.html",2017-08-03 21:03:00,看盘囗比中国石油还要大盘，
担心下午大盘会不会大跳水！有先知者？,"https://guba.eastmoney.com/news,600346,686304935.html",2017-08-02 09:28:40,"沿我新云梯完美爬升,周一上证收3296点"
600687顶尖题材，但买一个套一个，有不信邪的吗,"https://guba.eastmoney.com/news,600346,687085253.html",2017-08-03 06:11:31,#这只烂概念次新股必狂跌到河北益民九百等估值
狗熊这湖北穷逼，一出来恒力肯定跌，今天应验了,"https://guba.eastmoney.com/news,600346,686704459.html",2017-08-02 16:26:04,今天为何大跌，就是狗熊出来了，
今天如果是9.02元收盘，后果将不堪设想,"https://guba.eastmoney.com/news,600346,683545388.html",2017-07-28 14:52:16,今天如果是9.02元收盘，后果将不堪设想
在做任何一件事的时候,"https://guba.eastmoney.com/news,600346,689238578.html",2017-08-06 21:30:49,者关注的主要原因
笑哈哈翻倍股 晨鸣 季报隐藏业绩核弹！实际每股,"https://guba.eastmoney.com/news,600346,683895571.html",2017-07-29 06:22:06,哈投/转贴：证券低估潜龙 A股昔日彪马
我至今也有点不明白,"https://guba.eastmoney.com/news,600346,689228463.html",2017-08-06 20:53:24,货币政策保持稳定
全世界的人都佩服德国的技术，其实就在精准二字j,"https://guba.eastmoney.com/news,600346,689224309.html",2017-08-06 20:40:52,全世界的人都佩服德国的技术，其实就在精准二字j
此股不能买，还有了跌。q,"https://guba.eastmoney.com/news,600346,689215905.html",2017-08-06 20:09:40,此股不能买，还有了跌。q
我刚进入这个行业今年春节,"https://guba.eastmoney.com/news,600346,689180153.html",2017-08-06 17:41:02,我的时间不多了
20世纪的中国历史告诉人们,"https://guba.eastmoney.com/news,600346,689156410.html",2017-08-06 16:16:33,我们还约好下次一起吃饭
守着黑夜盼黎明，希望你mlgb的不要辜负你粑粑,"https://guba.eastmoney.com/news,600346,559646567.html",2016-10-18 11:12:36,守着黑夜盼黎明，希望你mlgb的不要辜负你粑粑
帖子怎么没上去,"https://guba.eastmoney.com/news,600346,689102840.html",2017-08-06 13:01:39,帖子怎么没上去
此消息换成任何股都会涨停板。此股今天估计还会跌停板,"https://guba.eastmoney.com/news,600346,558604668.html",2016-10-14 10:03:42,此消息换成任何股都会涨停板。此股今天估计还会跌停板
10：37和10：38，两分钟零交易，这人气到冰点了,"https://guba.eastmoney.com/news,600346,558628213.html",2016-10-14 10:41:26,"10：37和10：38，两分钟零交易，这人气到冰点了
"
又来搞动作,"https://guba.eastmoney.com/news,600346,677156251.html",2017-07-21 09:47:09,又来搞动作
TCL集团股份有限公司（以下简称“TCL集团”或“,"https://guba.eastmoney.com/news,600346,683692356.html",2017-07-28 18:43:09,金融治理开始：从行情软件开始到反腐
专擒庄家,"https://guba.eastmoney.com/news,600346,683798341.html",2017-07-28 22:40:46,大宗交易
恒力陈建华高瞻远瞩，完善布局促发展,"https://guba.eastmoney.com/news,600346,688960182.html",2017-08-05 20:27:06,"今年年初，恒力集团在董事长陈建华的带领下，加速建设“恒力2000万吨/年炼化一体化项目”，这也预示着 “原油-芳烃-精对苯二甲酸（PTA）-聚酯（PET）-民用丝及工业丝-织造”的完整产业链即将形成，这也将为集团发展带来新一轮的增速。

1994年，陈建华以369万元认购了南麻镇办织造厂，此后他不断改革创新，将企业打造成为吴江地区首屈一指的织造企业。2002年，江苏恒力化纤有限公司正式挂牌成立，这也预示着企业逐渐向规模化、集团化的道路上发展。2008年，总投资20亿元的20万吨工业丝项目隆重奠基，它采用国际最先进的生产工艺和设备，打造了全球最大涤纶工业丝生产基地。2010年，董事长陈建华又做出进军石化领域的重大举措，投资260亿元在大连长兴岛建设石化产业基地，两年间就建设了全球最大的PTA工厂。

目前正在建设的“恒力2000万吨/年炼化一体化项目”，是国家有史以来核准规模最大的炼化项目，预计达产后每年可生产芳烃450万吨以及汽柴油和航空煤油等产品。不但让企业形成完整的产业链，而且也保证了恒力石化所需PTA生产原料对二甲苯基本可以实现自给自足，降低原料采购费用的同时，也大大提高了企业的盈利能力和经营的稳定性。
恒力集团发展至今，之所以能取得今天辉煌的成绩，与董事长陈建华的强大魄力和敏锐的商业目光分不开的。相信，在陈建华的带领下，恒力集团这艘“化纤航母”将走的更快更远。"
恒力陈建华加强企业产业链延伸，创多元化国际型企业,"https://guba.eastmoney.com/news,600346,688960000.html",2017-08-05 20:24:12,"在董事长陈建华的带领下，恒力集团一步步的扩大版图，从民用丝生产到工业丝生产，到聚酯生产，再到现在进军石化领域，企业产业链不断向上游延伸，逐渐发展成拥有多元化产业的国际型企业。

恒力集团织造企业现已拥有12000套喷水织机、喷气织机，8500台倍捻机及其配套设备，是现在全球最大的织造企业。董事长陈建华非常重视企业的科技创新，不断增加企业的科技投入力度，取得了一个个技术突破，自主研发的多种面料获得国家专利，多项产品获得国家免检产品、国家纺织流行面料入围奖、江苏省高新技术产品证书等。

目前，聚酯材料已经成为恒力集团旗下的核心产业。在董事长陈建华的带领下，企业依托国际先进的前沿技术，不断自主创新，技术水平、产能、品牌价值均位居全国乃至世界前列，年聚合产能更是达到了266万吨。

大连长兴岛恒力石化产业园的建立是恒力集团向产业链上游延伸的重要一步。目前，已经投产的PTA项目年产能达到660万吨，是全球单体产能最大的PTA 工厂之一。今年年初在董事长陈建华的推动下，恒力股份加大对“恒力2000万吨/年炼化一体化项目” 建设，预计项目将于2018年10月正式投产，届时将基本实现恒力石化所需的PTA原料对二甲苯的自给自足，并大幅度节省原材料购买成本。

“恒力2000万吨/年炼化一体化项目”建成投产之后，恒力集团将形成“原油-芳烃-精对苯二甲酸（PTA）-聚酯（PET）-民用丝及工业丝-织造”的完整产业链。相信未来恒力集团在董事长陈建华的带领下，各产业齐头并进，一定会不断发展壮大，跻身世界一流企业之列。"
恒力陈建华勇于挑战，带领企业快速发展,"https://guba.eastmoney.com/news,600346,688959751.html",2017-08-05 20:23:45,"江苏恒力集团2016年总营业收入2516亿元,位列中国企业500强第65位、中国民营企业500强第8位、中国制造业企业500强第21位，连续五年列中国长丝织造行业竞争力第一位，并于今年跻身世界500强之列。企业之所以取得今天的成绩，集团董事长陈建华在其中起着重要的作用。

二十多年前，陈建华以369万收购南麻镇办织造厂，面对老厂遗留的诸多问题，他大刀阔斧的进行改革，改革管理制度，引进先进的设备和技术，让一个濒临倒闭的工厂起死回生，规模不断壮大。

多年来，陈建华一直坚持创新是企业立足之本的理念，不仅从国外引进先进的设备和技术，还聘来德国、韩国、日本等地的资深专家，进行高端产品的设计和研发。同时，恒力集团还与华东大学等多所院校合作建立“恒力产学研基地”，进一步促进技术的研发和产品创新。

同时，陈建华还注重将高科技引入企业的生产之中，促进生产的智能化和自动化发展。自2012年起，企业运用智能制造技术和自动化装备改造，逐渐将恒力打造成“机器换人”智能样本工厂。现在，在恒力化纤巨大的长丝车间里，已经见不到人头攒动的生产景象。

在恒力集团董事长陈建华的带领下，创新理念已经在企业的发展中根深蒂固。正因为恒力集团不断创新，不断改革，才让它一直走在行业的前列，并能够持续快速发展下去。"
恒力陈建华带领企业产业升级，打造世界一流石化产业基地,"https://guba.eastmoney.com/news,600346,688959552.html",2017-08-05 20:23:29,"在最近公布的2017年《财富》世界500强排行榜上，恒力集团首次入围并位居第268位。恒力集团在董事长陈建华的带领下，不断进行产业升级，在做精化纤织造等主业外，还全力推进恒力石化（大连长兴岛）产业园建设，努力打造世界一流的石化产业基地。

2015年全面投产的PTA项目，年产能高达660万吨，是全球单体产能最大的PTA生产基地之一。2017年年初，在恒力集团董事长陈建华的推动下，恒力股份加大对“恒力2000万吨/年炼化一体化项目”的投资建设，预计项目所有土建工程将于今年11月前全部完成，随后该项目将全面进入重大设备吊装阶段，并于2018年10月建成并投产。“恒力2000万吨/年炼化一体化项目”投产后，将基本实现PTA生产原料对二甲苯的自给自足，为企业节省原料采购运输的费用，提高企业的盈利能力。

同时，“恒力2000万吨/年炼化一体化项目”的建成投产，还将促进恒力集团形成“原油-芳烃-精对苯二甲酸（PTA）-聚酯（PET）-民用丝及工业丝-织造”的完整产业链条，大大提高企业的营业收入和市场竞争能力，为打造世界级的石化产业基地创造了条件。"
恒力股份上半年营收109亿元，利润同比增长32.84%,"https://guba.eastmoney.com/news,600346,688958941.html",2017-08-05 20:19:23,"恒力股份于2016年上市，是目前国内规模最大、技术最先进的民用丝制造商之一。2016年，公司实现营业收入192.4 亿元，归母净利润11.8 亿元。在刚刚出炉的恒力股份2017半年报中显示，上半年公司实现营业收入108.92亿元，同比增加18.09%；实现归母净利润5.62亿元，同比增长32.84%。可见，恒力集团整个上半年处于一个稳步增长的发展趋势。

恒力股份由恒力集团控股74.56%。在2017年世界500强中，恒力集团位列268位，并连续五年列中国长丝织造行业竞争力第一位。在集团的推进下，今年上半年，恒力股份加大投资建设“恒力2000万吨/年炼化一体化项目”，如果项目一旦建成，恒力股份将形成“原油-芳烃—PTA—聚酯—民用丝及工业丝”的完整产业链。

同时，恒力股份还拥有年产660 万吨的PTA 生产基地，这也是全球单体产能最大的PTA 生产基地。“恒力2000万吨/年炼化一体化项目”建成后， 450 万吨/年的PX 产能将基本实现恒力石化生产PTA 的原料自给自足，并据可研报告预计项目满负荷运转可实现年净利润128.8 亿元。目前，恒力股份聚酯业务盈利状况较为稳定，在未来作为PTA 龙头公司话语权将不断增强，也将发展成为国内民营石化的巨头。"
恒力股份半年报出炉，上半年业绩增长3成,"https://guba.eastmoney.com/news,600346,688958751.html",2017-08-05 20:18:25,"7月31日晚，恒力股份半年报出炉。报告显示，上半年公司营业收入为108.92亿元，比去年同期增长了18.09%，归属于上市公司股东的净利润为5.62亿元，比去年同期增长加了32.84%。本次公司营业收入和净利润的增长，主要与国内涤纶长丝市场行情回暖，去库存效果明显有很大关系。


上半年，由于下游需求端稳步增长与上游供给端原材料价格阶段性上涨，国内涤纶长丝市场迎来了回暖的机会，引发了新一轮的涨价，去库存效果非常显著，以至于FDY等公司主营涤纶品种的库存都降到了历史最低位，大大改善了产品价差和行业企业的效益。

同时，在上半年，恒力股份加大投资建设“恒力2000万吨/年炼化一体化项目”，如果项目建成并投产，将实现恒力石化所需PTA生产原料对二甲苯的自给自足，恒力石化、恒力炼化的原材料采购也将由对对二甲苯的需求转变为对原油的需求，恒力石化的原材料来源将更有保障。并且项目的建成也会促进恒力股份形成“原油-芳烃—PTA—聚酯—民用丝及工业丝”的完整产业链。

随着市场行情的不断好转，以及恒力股份产业链不断完善的情况下，相信恒力股份的盈利能力和抗风险的能力将大大提高，在下半年创造更加出色成绩。"
净利5.62亿元，恒力股份上半年营收实现稳步增长,"https://guba.eastmoney.com/news,600346,688958461.html",2017-08-05 20:18:10,"据恒力股份（600346）7月31日发布的半年报显示，上半年公司实现营业收入108.92亿元，同比增加18.09%；实现归属于上市公司股东的净利润5.62亿元，同比增长32.84%。

从半年报中可以看出，上半年公司营业收入、净利润的上升，主要受益于国内涤纶长丝市场行情回暖，去库存效果明显。同时也与公司坚持走高端产品路线和不断加大新产品研发投入有关。

多年来，恒力股份一直坚持涤纶长丝的研发，在引进先进技术并进一步革新的情况下，成功研发了高品质超细旦涤纶民用长丝、超亮光涤纶民用长丝等优质产品。并且恒力股份涤纶长丝产品在品种结构和品质上在业内具有较大的优势，同时，恒力股份也是国内唯一一家能够生产规格7D产品的公司。

在下游需求端稳步增长与上游供给端原材料价格阶段性上涨的情况下，国内涤纶长丝市场迅速回暖，由此引发了新一轮涨价行情，去库存效果非常显著。同时，随着供给侧改革的深入进行，聚酯行业不断加快产业升级，进一步促进行业能健康、稳定、快速发展。

今年，恒力股份还加大投资，加快“恒力2000万吨/年炼化一体化项目”的建设，促进恒力股份形成“原油-芳烃—PTA—聚酯—民用丝及工业丝”的完整产业链，实现石化板块一体化运营，将大幅度增加企业的营业收入和市场竞争力，从而开启恒力股份发展的新篇章。"
十分钟内收到100个赞，我就再增持[大笑],"https://guba.eastmoney.com/news,600346,558372805.html",2016-10-13 14:28:10,十分钟内收到100个赞，我就再增持
幸好爷爷我上周走了  哈哈,"https://guba.eastmoney.com/news,600346,559261155.html",2016-10-17 09:49:34,幸好爷爷我上周走了 哈哈
你妈蛋  傻庄  大盘都3100了   你还没睡醒咋的,"https://guba.eastmoney.com/news,600346,549124522.html",2016-09-07 10:19:23,你妈蛋 傻庄 大盘都3100了 你还没睡醒咋的
大橡塑 完美收官！,"https://guba.eastmoney.com/news,600346,237992901.html",2016-01-01 17:10:51,"根据公司此前披露的草案，公司该次重组拟出售实达信息100%的股权、长春融创23.5%的股权、实达设备17%的股权；向深圳兴飞全体股东以不低于7.91元/股的价格发行8697.85万股及支付现金8.12亿元，大橡塑危大橡塑信大橡塑关注大橡塑邓大橡塑亭大橡塑洛大橡塑
合计作价15亿元购买深圳兴飞100%的股权；并以不低于7.91元/股的价格向昂展置业、天利2号非公开发行股票募集12亿元配套资金，用于支付现金对价以及拟购买资产的通讯终端生产线扩充项目、SMT贴片线体扩产项目、通讯终端生产线升级自动化项目、聚合物锂离子电芯投资项目、华东研发基地项目建设。"
长期机构者，企业分红那个软样，机构比散户跑得,"https://guba.eastmoney.com/news,600346,688919814.html",2017-08-05 17:59:12,中小创龙头：皇氏集团吧002329:携手360 联合新
买入，此股有庄，还会大涨,"https://guba.eastmoney.com/news,600346,548419310.html",2016-09-05 10:19:29,买入，此股有庄，还会大涨
ST橡塑的最大问题在于大规模的低价增发,"https://guba.eastmoney.com/news,600346,558447677.html",2016-10-13 17:42:57,5.5元，6.3元增发了22亿股
股指触20日线一带便有逢低资金吸纳,"https://guba.eastmoney.com/news,600346,688914804.html",2017-08-05 17:39:32,要在第一时间卖出立即卖出
而我们人类,"https://guba.eastmoney.com/news,600346,688910961.html",2017-08-05 17:27:52,粤港澳自贸区接力雄安新区，上攻3300点依然存在
当时我一则是刚从机关出来,"https://guba.eastmoney.com/news,600346,688899195.html",2017-08-05 16:54:16,老郑说汇：无惧干扰 美元顽强上涨
"重化纤看还能涨几天,如重组看一定大跌,因要底价发行股票,,大分析分析,所以化纤还","https://guba.eastmoney.com/news,600346,688736989.html",2017-08-05 11:34:53,"重化纤看还能涨几天,如重组看一定大跌,因要底价发行股票,,大分析分析,所以化纤还坚持几天,"
开始买，小熊从来不骗人,"https://guba.eastmoney.com/news,600346,558379961.html",2016-10-13 14:41:43,开始买，小熊从来不骗人
陈建华出来就套人,"https://guba.eastmoney.com/news,600346,559686512.html",2016-10-18 13:31:04,陈建华出来就套人
国内期市开盘 双焦领跌,"https://guba.eastmoney.com/news,600346,683670455.html",2017-07-28 17:57:20,棉花：投机买盘平仓 期棉下跌
典型的空格出货法！吼吼吼v,"https://guba.eastmoney.com/news,600346,688786483.html",2017-08-05 12:57:27,典型的空格出货法！吼吼吼v
3年以后的一个偶然的机会23乏术,"https://guba.eastmoney.com/news,600346,688766881.html",2017-08-05 12:20:24,我也没办法过了几个月
我曾经以为才能保持不败,"https://guba.eastmoney.com/news,600346,688764947.html",2017-08-05 12:15:55,那时生活也成了问题
A股再添王牌主力军 本周行情将起新变化 利好刺激3股成反弹先锋 短期可放心建仓,"https://guba.eastmoney.com/news,600346,522203983.html",2016-08-09 00:02:37,A股再添王牌主力军 本周行情将起新变化 利好刺激3股成反弹先锋 短期可放心建仓
今天收盘价告诉大家，老公不在家，绿帽子不能戴多了，要不然就妻妻死！,"https://guba.eastmoney.com/news,600346,548891293.html",2016-09-06 15:02:47,今天收盘价告诉大家，老公不在家，绿帽子不能戴多了，要不然就妻妻死！
