标题,链接,发布时间,内容
赔死了，艹,"https://guba.eastmoney.com/news,600792,609078471.html",2017-02-15 14:35:39,赔死了，艹
这股明显跑路的节奏嘛[亏大了][亏大了][亏大了],"https://guba.eastmoney.com/news,600792,609071564.html",2017-02-15 14:24:40,这股明显跑路的节奏嘛
快跌停[拜神][拜神][拜神],"https://guba.eastmoney.com/news,600792,609069173.html",2017-02-15 14:20:51,快跌停
变僵尸股了,"https://guba.eastmoney.com/news,600792,609043404.html",2017-02-15 13:34:17,变僵尸股了
有能的破产,"https://guba.eastmoney.com/news,600792,609036291.html",2017-02-15 13:20:50,有能的破产
上午主力辛苦了，下午继续加油[鼓掌],"https://guba.eastmoney.com/news,600792,609007014.html",2017-02-15 11:36:37,上午主力辛苦了，下午继续加油
稳稳的吃细水长流，,"https://guba.eastmoney.com/news,600792,609033517.html",2017-02-15 13:15:00,稳稳的吃细水长流，
挂900000股不得力呢[摊手],"https://guba.eastmoney.com/news,600792,608999267.html",2017-02-15 11:20:46,挂900000股不得力呢
减持,"https://guba.eastmoney.com/news,600792,608952901.html",2017-02-15 09:57:45,减持
死死压着,"https://guba.eastmoney.com/news,600792,608995752.html",2017-02-15 11:14:02,死死压着
没有理由不,"https://guba.eastmoney.com/news,600792,608989968.html",2017-02-15 11:03:10,没有理由不
还有1800000股，回踩5日线我就买回来[加油],"https://guba.eastmoney.com/news,600792,608988544.html",2017-02-15 11:00:43,还有1800000股，回踩5日线我就买回来
台于一身，没有理由不,"https://guba.eastmoney.com/news,600792,608988179.html",2017-02-15 11:00:08,台于一身，没有理由不
今天起码做5个点以上，炸弹拿在手里才最有威胁[大笑],"https://guba.eastmoney.com/news,600792,608965910.html",2017-02-15 10:21:00,今天起码做5个点以上，炸弹拿在手里才最有威胁
挣完云煤了，朋友们去转战益盛药业了，市值小股价适中,"https://guba.eastmoney.com/news,600792,608964729.html",2017-02-15 10:18:46,挣完云煤了，朋友们去转战益盛药业了，市值小股价适中
这两天 是不是进来了一堆韭菜？怎么一个都不认识,"https://guba.eastmoney.com/news,600792,608965821.html",2017-02-15 10:20:51,这两天 是不是进来了一堆韭菜？怎么一个都不认识
有个3400000股的炸弹还没引爆，你敢来挑战它么？,"https://guba.eastmoney.com/news,600792,608964262.html",2017-02-15 10:17:59,有个3400000股的炸弹还没引爆，你敢来挑战它么？
那么大的单压着，你家等钱烧纸吗,"https://guba.eastmoney.com/news,600792,608960857.html",2017-02-15 10:12:01,那么大的单压着，你家等钱烧纸吗
5.9等接盘,"https://guba.eastmoney.com/news,600792,608959231.html",2017-02-15 10:08:57,5.9等接盘
今天开盘就死死压着36000估计主力不让涨，我还是先出来等主力打压下来再买，做个,"https://guba.eastmoney.com/news,600792,608942368.html",2017-02-15 09:37:36,今天开盘就死死压着36000估计主力不让涨，我还是先出来等主力打压下来再买，做个小T
今天很怪异 加上昨天那么大量 后市必有大动作…,"https://guba.eastmoney.com/news,600792,608957957.html",2017-02-15 10:06:39,今天很怪异 加上昨天那么大量 后市必有大动作…
做人不要太嚣张,"https://guba.eastmoney.com/news,600792,608955313.html",2017-02-15 10:01:53,赤裸裸的秀，我操杀你。
本韭菜到哪哪里必跌，对不住各位[好困惑][好困惑][好困惑],"https://guba.eastmoney.com/news,600792,608954705.html",2017-02-15 10:00:52,本韭菜到哪哪里必跌，对不住各位
破6元我再买回来.呵呵呵,"https://guba.eastmoney.com/news,600792,608943351.html",2017-02-15 09:39:40,正所谓高抛低吸.嘎嘎嘎
我涨停出仓.现在感觉良好,"https://guba.eastmoney.com/news,600792,608941177.html",2017-02-15 09:35:02,
@@尼妹开盘就开始压大单,"https://guba.eastmoney.com/news,600792,608940099.html",2017-02-15 09:32:37,？？？？？？？？？？？？？？？？？？？？
好像一根上吊线，明天不妙,"https://guba.eastmoney.com/news,600792,608864115.html",2017-02-15 00:10:43,好像一根上吊线，明天不妙
隐形的翅膀的，中旗股份无公害农药专制今年大虫灾。,"https://guba.eastmoney.com/news,600792,607376028.html",2017-02-13 11:22:45,隐形的翅膀的，中旗股份无公害农药专制今年大虫灾。
有的是清仓式减持,"https://guba.eastmoney.com/news,600792,608926618.html",2017-02-15 08:36:51,格力电器、美的集团和五粮液占据了深股通交易金额最大的前三位
云煤能源 到嘴的肉 跑不掉 上涨目标价位 精进！,"https://guba.eastmoney.com/news,600792,607590439.html",2017-02-13 14:39:31,云煤能源到嘴的肉 跑不掉 上涨目标价位 精进！
终将王者归来,"https://guba.eastmoney.com/news,600792,608675928.html",2017-02-14 16:21:46,"终将王者归来
"
能不能涨一分,"https://guba.eastmoney.com/news,600792,608613815.html",2017-02-14 14:55:26,能不能涨一分
今天走势还是不错的。,"https://guba.eastmoney.com/news,600792,608605875.html",2017-02-14 14:46:55,今天走势还是不错的。
r）买就买第一：20元股10转增40送8股派0.4元,"https://guba.eastmoney.com/news,600792,604005904.html",2017-02-08 17:15:11,"分红季就是高送转，性价比越高越好,不看噱头一定要看实实在在的态度

买就买第一，5元股，和邦生物603077

“2016年度利润分配预案的每10股转增10股、送红股2股（含税）、派现金红利0.1元（含税）”相当于20元股10转增40送8股派0.4元，这个是目前最震撼的高送转股了吧？！"
艹，就是不想让翻红,"https://guba.eastmoney.com/news,600792,608599033.html",2017-02-14 14:39:29,艹，就是不想让翻红
大量进仓有假单一涨就撤单了,"https://guba.eastmoney.com/news,600792,608586578.html",2017-02-14 14:26:12,大量进仓有假单一涨就撤单了
洗盘结束,"https://guba.eastmoney.com/news,600792,608572665.html",2017-02-14 14:09:15,洗盘结束
万手开啦,"https://guba.eastmoney.com/news,600792,608570546.html",2017-02-14 14:05:38,万手开啦
直线拉,"https://guba.eastmoney.com/news,600792,608568449.html",2017-02-14 14:01:58,直线拉
出手攻击,"https://guba.eastmoney.com/news,600792,608562606.html",2017-02-14 13:51:26,出手攻击
运霉果然厉害,"https://guba.eastmoney.com/news,600792,608561974.html",2017-02-14 13:50:15,运霉果然厉害
6元等你,"https://guba.eastmoney.com/news,600792,608560058.html",2017-02-14 13:46:52,6元等你
快跑 开盘就跑不跑结对后悔,"https://guba.eastmoney.com/news,600792,608362994.html",2017-02-14 09:26:49,快跑 开盘就跑不跑结对后悔
都别卖看庄稼怎么操盘,"https://guba.eastmoney.com/news,600792,608551739.html",2017-02-14 13:32:11,都别卖看庄稼怎么操盘
主力意欲何为。,"https://guba.eastmoney.com/news,600792,608388618.html",2017-02-14 09:57:24,主力意欲何为。
云煤，买你就跌，卖了就涨:艹,"https://guba.eastmoney.com/news,600792,608539262.html",2017-02-14 13:09:49,云煤，买你就跌，卖了就涨:艹
看尾盘。,"https://guba.eastmoney.com/news,600792,608549303.html",2017-02-14 13:27:43,看尾盘。
来个大单一下拉上去,"https://guba.eastmoney.com/news,600792,608534055.html",2017-02-14 13:01:34,来个大单一下拉上去
一日游！,"https://guba.eastmoney.com/news,600792,608445015.html",2017-02-14 10:59:57,一日游！
根本没量  都是撤单  空  空空,"https://guba.eastmoney.com/news,600792,608442419.html",2017-02-14 10:57:02,"根本没量 都是撤单 空 空空
"
主力能不能往上冲刺啊 天天都想要小散的血汗钱:.….、,"https://guba.eastmoney.com/news,600792,608440902.html",2017-02-14 10:55:16,主力能不能往上冲刺啊 天天都想要小散的血汗钱:.….、
云煤:这股他妈的，不能买，涨一点，主力就调头砸盘,"https://guba.eastmoney.com/news,600792,608433528.html",2017-02-14 10:46:37,云煤:这股他妈的，不能买，涨一点，主力就调头砸盘
连大盘都跟不上,"https://guba.eastmoney.com/news,600792,608423107.html",2017-02-14 10:35:13,连大盘都跟不上
你们事先怎么知道云煤会涨？,"https://guba.eastmoney.com/news,600792,608417928.html",2017-02-14 10:29:37,你们事先怎么知道云煤会涨？
来点精气神，好不好！,"https://guba.eastmoney.com/news,600792,608413108.html",2017-02-14 10:24:00,来点精气神，好不好！
这卖票不能涨的，涨一天多点，就被给砸下来,"https://guba.eastmoney.com/news,600792,608411346.html",2017-02-14 10:22:07,这卖票不能涨的，涨一天多点，就被给砸下来
横这了 别说没给你们机会跑,"https://guba.eastmoney.com/news,600792,608410855.html",2017-02-14 10:21:28,
鸡毛呀,"https://guba.eastmoney.com/news,600792,608390212.html",2017-02-14 09:59:02,鸡毛呀
快抢进！,"https://guba.eastmoney.com/news,600792,608368256.html",2017-02-14 09:34:16,600101即将公布重大利好近日将猛涨80％！
还剩100股,"https://guba.eastmoney.com/news,600792,608374686.html",2017-02-14 09:41:58,还剩100股
卖  空,"https://guba.eastmoney.com/news,600792,608369446.html",2017-02-14 09:35:43,"卖 空
"
希望直接拉板:,"https://guba.eastmoney.com/news,600792,608360546.html",2017-02-14 09:22:46,希望直接拉板:
农业部促海洋渔业发展 确定海捞总产量控制目标,"https://guba.eastmoney.com/news,600792,608028594.html",2017-02-13 23:22:56,怎么才能连续中新股呢？
【热点直击】“色舞”后煤炭板块突然爆发！,"https://guba.eastmoney.com/news,600792,607335111.html",2017-02-13 10:35:34,"导语
欢迎来到【股吧讨论帖】

本期聚焦：煤炭板块

本期最新话题：“色舞”后煤炭板块爆发！


事件概述
有色金属板块今日早盘大幅高开后煤炭板块爆发，其中云煤能源、恒源煤电涨停，靖远煤电涨幅超过4%。
恒源煤电股友观点
股友DnEvfZ：恒源四季度的业绩并不离谱

恒源四季度的业绩并不离谱，我曾在12月预测过吨煤平均涨价200多元，270多万吨煤多卖的6个亿都是增加的利润。不要大惊小怪，一季度的业绩和四季度差不多，因为煤价变化不大。
恒源煤电股友观点
一个人物：如果说平煤股份是一匹大白马，那么恒源煤电就是一匹大黒马。

恒源煤电。恒源煤电2015年同样巨亏，每股亏损1.38元。2016年全年净利润3500万元，粗看起来似乎业绩不佳。但是请注意，2016年第四季度公司计提了2016～2018年关闭企业减值准备72761万元，实际恒源煤电全年净利润76261万元，实际全年每股净利润0.76元（实际第四季度每股净利润0.64元），市盈率仅9.1倍。这是目前已预告业绩增长的煤炭股中业绩最高、市盈率最低的公司。因为一次性计提了三年的关闭矿企的减值准备，今明两年不会再计提，是轻装上阵。2017年恒源煤电每股净利润可达2.56元以上，同比增长73倍，市盈率仅2.7倍。如果说平煤股份是一匹大白马，那么恒源煤电就是一匹大黒马。它的股价上涨潜力更大。也许到下个月，我们会看到股价的暴涨。目前股价受压抑，正是因为大多数人只看当前表面数据，没有深入研究。
靖远煤电股友观点
半边文人：鳖到山花烂漫时,且听一声震天巨响

好在股票的K线透露了一些重要消息:靖远煤电的月K已经在底部盘整了一年多,量能缓慢堆积,最重要的是布林线已经急剧收口!一般来说,这样的情况对靖远煤电每两年发生一次,其后必然发生变盘,其后至少连升三月,涨升幅度至少都有百分之七八十!往前倒推,历史上著名的时间节点分别是2008年12月\2010年7月\2012年12月\2015年3月!当然,每次大涨升的背后,必然离不开消息的推波助澜.以往如此,以后也是这样!即将展开的新一轮行情,背后也已经清晰可见地积攒了一系列的大利好:1\去产能背景下煤炭股行情新一轮的崛起!2\从16年年报到17年一\二季度以及全年,靖远煤电业绩的不断稳步提升!3\以靖远煤电为核心的甘煤集团的组建4\随后全面展开的混改\资产收购与重组上下同心,憋了一年多的大行情已经正在路上!月布林线收口是很灵验的!连酒钢宏兴\徐工股份这样6\70亿盘子的低价股都起了,靖远煤电还会远吗?憋吧,憋吧,大家一起继续憋,鳖到山花烂漫时,且听一声震天巨响,让穷人也狠狠地吃几顿饱饭!
延伸阅读:
股民学校
核心内参
干货合集
新股资讯"
龙虎榜点评,"https://guba.eastmoney.com/news,600792,607949037.html",2017-02-13 20:52:00,"买方前五营业部只有买五中投无锡清扬路是知名游资，买入资金偏小。卖一营业部是大名鼎鼎的猪肉荣，卖二乃是全国中小投资者的死敌——机构。
从买卖前五营业部的金额来看，买方力量远远不及卖方，但是居然封死了！！！说明这次涨停并不是某几个机构或者游资主导的，看多做多的人不少，当然也都比较谨慎，故而买入的筹码比较分散而且金额都不大。而卖方呢，猪肉荣和机构大举出货，卖一卖二加起来是卖三四五的两倍还多，说明空方是有主导力量的。
一个空方有明显主导力量的股，居然涨停了，还封死了，这说明什么？还用说么？次日继续上涨的可能性高。我就不信他猪肉荣和机构明天还能有多少筹码来砸盘。"
600792云煤能源 去煤产能云南国改第一股，业绩预盈预增，横盘一年，这次真有戏了？,"https://guba.eastmoney.com/news,600792,607634916.html",2017-02-13 15:18:56,600792云煤能源去煤产能云南国改第一股，业绩预盈预增，横盘一年，这次真有戏了？
周一复盘说：宝利国际、恒源煤电、云煤能源、大智慧、快乐购,"https://guba.eastmoney.com/news,600792,607755225.html",2017-02-13 17:18:24,"300135宝利国际、600971恒源煤电、600792云煤能源、601519大智慧、300413快乐购：300135算是新疆补涨 淘股吧吹起来的，这种我看不懂，板块死了预期也不会高了，2307没回封也是没想到，盘面看庄还是在里面对倒。煤炭 股基本是跟风期货 盘了，跟周五的钢铁 和早盘的有色铜一样，既然是跟风也看不到什么大行情机会，暂时看空间不大。1519、300413这种算是超跌反弹。
一、板块类
次新股： 002839张家港行、002807江阴银行、002842翔鹭钨业、300593新雷能、300591万里马、601858中国科传、603569长久物流、603038华立股份、002840华统股份、002826易明医药、002824和胜股份、002835同为股份。2839这票自己昨晚也想过资金会做山东帮这个票，但是没想到这种大盘也直接顶一字了，盘面看最近基本是题材搭边庄股最强，次新股最强的是庄股0028系列，盘面看今天的2840、2826最可能是山东帮，自己还是不赌这种了。真正把次新股板块刺激的应该是300591的饭煲，太缩量自己下不了手，明天估计能冲下板，获利盘太大看承接了。对于次新股，个人维持最近的看法，空档期资金最后还是会回流次新股。虽然最近一致性预期板后都是大面，感觉明天的开板新股还是非常值得搞的，从万里马和银行看，核心还是低价大盘次新股。
高送转： 300379东方通、002747埃斯顿、300376易事特、300561汇金科技。今天高送转算是被300379带起的，300379这标的相当不错还承诺不减持，位置也好，后面主要看看这票能不能超预期刺激板块了，抢权行情也快来了，明天看看2747给不给机会吧。
关于指数，盘面看还是非常健康，资金相当充裕，感觉这波行情可以稍微预期高些，短期内调整因为是大机会，重点看个股吧，个人觉得明天开板次新股还是值得接的。"
1268？,"https://guba.eastmoney.com/news,600792,607910105.html",2017-02-13 20:10:12,你爱他吗？
云煤能源吧600792明天继绫渌停,"https://guba.eastmoney.com/news,600792,607861187.html",2017-02-13 19:16:42,
啥情况？吓死宝宝了,"https://guba.eastmoney.com/news,600792,607847999.html",2017-02-13 19:02:19,啥情况？吓死宝宝了
这龙虎版，小散接货多啊，明天要被套了！,"https://guba.eastmoney.com/news,600792,607806600.html",2017-02-13 18:14:25,这龙虎版，小散接货多啊，明天要被套了！
大资金抢筹！涨停后筹码惜售！明天高开高走大涨可期！,"https://guba.eastmoney.com/news,600792,607620279.html",2017-02-13 15:05:15,大资金抢筹！涨停后筹码惜售！明天高开高走大涨可期！
买入待涨,"https://guba.eastmoney.com/news,600792,587825468.html",2017-01-13 10:18:24,买入待涨
赚指数，不赚钱，领导高兴了，小民苦逼了。,"https://guba.eastmoney.com/news,600792,607660200.html",2017-02-13 15:41:57,这就是你们要的红旗漫天舞，谁知小民苦不苦。
换美元买入中国股市唯一的高成长破净煤炭股900948,"https://guba.eastmoney.com/news,600792,586045799.html",2017-01-07 07:55:57,"换美元买入中国唯一的高成长破净煤炭股900948
净资产7.055元，股价0.928美元.2016年净利润同比增长1000%以上，多个在建项目即将投产2017年净利润增长情况仍然会非常好
900948伊泰120万吨/年精细化学品项目(煤制油）2017年上半年投产
2016-10-14 08:55　来源：鄂尔多斯晚报　 我有话说
本报讯（记者曹谊）截至今年9月底，总投资192亿元的伊泰120万吨/年精细化学品项目已累计完成投资146亿元，完成总体工程进度的91%。目前，3、4号锅炉已点火成功，施工扫尾、试车进度计划及冬季防冻工作等正有条不紊地进行，确保2017年上半年生产出合格油品。

900948伊泰B股的塔拉壕煤矿即将投产将使公司的煤炭产能提高18%左右

即将投产的塔拉壕煤矿和120万吨精细化学品项目产生的净利润相当于再造了一个伊泰

运气好的话赶上B股转A股就发财了900950B股转A股变成601155的当天股价上涨了200%，目前900935阳晨B股正在B股传A股的过程中估计900948B股转A股工作也即将开始了。

买900948要开上海B股交易账号以后,在银行可以人民币换美元每人每年只有5万美元的额度用途可以写投资上海B股股票"
新疆1万5000亿基建投资中受益者酒钢宏兴，一带一路今年将进入黄金发展期60000307,"https://guba.eastmoney.com/news,600792,607600163.html",2017-02-13 14:47:59,新疆1万5000亿基建投资中受益者酒钢宏兴，一带一路今年将进入黄金发展期60000307
涨停就是这么简单！,"https://guba.eastmoney.com/news,600792,607578973.html",2017-02-13 14:29:56,热点轮动快，今天到煤炭看来真的买对了哈哈哈哈！
明天必高开低走,"https://guba.eastmoney.com/news,600792,607575810.html",2017-02-13 14:27:13,明天必高开低走
故事都是垃圾才能涨的,"https://guba.eastmoney.com/news,600792,607575502.html",2017-02-13 14:26:56,"这种就是一夜情

第二天中毒。。呵呵哒"
准备买三江购物  601116纯正阿里概念 本周腾飞 目标50元,"https://guba.eastmoney.com/news,600792,607551569.html",2017-02-13 14:06:14,准备买三江购物601116纯正阿里概念 本周腾飞 目标50元
《关注：南玻A 000012 下午是否大单突然暴涨拉起！爆飚涨停》,"https://guba.eastmoney.com/news,600792,607401138.html",2017-02-13 11:41:48,《关注：南玻A000012 下午是否大单突然暴涨拉起！爆飚涨停》
明天高开全部清仓,"https://guba.eastmoney.com/news,600792,607531744.html",2017-02-13 13:48:54,明天高开全部清仓
我国煤化工产业发展政策或将收紧,"https://guba.eastmoney.com/news,600792,607508659.html",2017-02-13 13:28:32,"把我国储量巨大的煤炭资源转化成相对匮乏的石油和天然气，是一件容易引人遐想的事情。出于对能源安全的焦虑，包括煤制油、煤制天然气在内的煤化工产业自诞生之日起，社会有识之士对其发展就格外关注。

　　新近出台的《能源发展“十三五”规划》(以下简称《规划》)明确提出，“十三五”期间，我国煤制油气生产能力要分别达到1300万吨和170亿立方米左右。这个数据一经公布，不少财经咨询机构便纷纷为投资者分析：国家鼓励煤制油气发展，其前景看好，“十三五”时期市场机遇良好！前两年，新疆、山西等地的煤制油气项目纷纷闯过最为“卡脖子”的环评关，也曾让不少人作出判断：煤制油气的春天来了。然而，实际情况恐怕并非如此。

　　《规划》所体现的，恰恰是国家对煤化工的态度十分审慎。

　　据非政府组织绿色和平统计，截止到今年1月份，中国已投产的煤制油气项目产能分别为818万吨和51.05亿立　　方米，加上在建和已经拿到路条随时可能开建的项目，我国煤制油气产能总计达到了2868万吨和788.3亿立方米。这两个数字，已经远远超出了“十三五”规划产能目标。

　　已建、在建、待建的煤制油气项目规模远超“十三五”规划，就意味着这些项目中，有很大一部分可能将要面临被推迟、取消的命运。因而“十三五”时期，煤制油气的发展空间极可能会被压缩。

　　《规划》也显示，对于煤化工尤其是煤制油气，将按照国家能源战略技术储备和产能储备示范工程的定位，合理控制发展节奏，强化技术创新和市场风险评估，严格落实环保准入条件。这显然表明，国家对待煤制油气很谨慎，其被摆放在“储备”的位置上。“十三五”期间，煤制油气不可能出现“大干快上”的局面。

　　煤化工目前最受人诟病的地方在于对生态环境的影响。在没有更好地解决环保、高耗水、碳排放、能效等诸多问题之前，煤化工继续蛰伏并力求技术创新突破，是最为稳妥的选择。"
周线太长了，这周最高点，先跑了再说，明天低点在接,"https://guba.eastmoney.com/news,600792,607501748.html",2017-02-13 13:22:29,周线太长了，这周最高点，先跑了再说，明天低点在接
跑,"https://guba.eastmoney.com/news,600792,607472746.html",2017-02-13 12:55:03,跑
6.28出了一半,"https://guba.eastmoney.com/news,600792,607461563.html",2017-02-13 12:42:38,进了603077，差不多
@@两根大阴线都是主力借助大盘暴跌打压洗盘你说庄家有多牛,"https://guba.eastmoney.com/news,600792,607337155.html",2017-02-13 10:39:14,看50吧
真是垃圾啊，去你妹的，不碰这垃圾了，连山西焦化出货期的票都涨不过，看来说它要ST,"https://guba.eastmoney.com/news,600792,601661184.html",2017-02-06 11:19:55,真是垃圾啊，去你妹的，不碰这垃圾了，连山西焦化出货期的票都涨不过，看来说它要ST并不是空穴来风啊！
量大了点，卖了,"https://guba.eastmoney.com/news,600792,607325253.html",2017-02-13 10:17:42,量大了点，卖了
封不住了，快跑！,"https://guba.eastmoney.com/news,600792,607318662.html",2017-02-13 10:07:25,封不住了，快跑！
我涨停跑了.拿了半年实在受不了.呸,"https://guba.eastmoney.com/news,600792,607313293.html",2017-02-13 09:58:33,
买大底部股002225,"https://guba.eastmoney.com/news,600792,607312181.html",2017-02-13 09:56:29,买大底部股002225
不要涨停～要涨个不停～,"https://guba.eastmoney.com/news,600792,607311995.html",2017-02-13 09:56:07,不要涨停～要涨个不停～
不容易啊,"https://guba.eastmoney.com/news,600792,607311484.html",2017-02-13 09:55:06,"不容易啊
"
煤炭去产能17年将进入攻坚之年,"https://guba.eastmoney.com/news,600792,605279328.html",2017-02-10 09:15:04,"煤炭工业协会副会长姜智敏新闻发布会透露,截至2016年底,煤炭完成去产能3亿吨左右,已超额完成全年2.5亿吨的计划量。 2017去产能目标下发在即,总量将小于2.5亿吨 ，16年去产能虽完成3亿吨,但完成去产能目标矿井此前多为停产或半停产状态开工率不高,其产量贡献并不大,因此去产能阻力相对小一些。但进入2017年,煤炭去产能将正式进入攻坚之年,去产能计划将直接指向在产矿井,与之带来的人员安置、债务处理等问题也将更加凸显。"
历害了二业绩牛股长亮科技中旗股份数亿买单封板！17年业绩要爆表机构暴力抄底！,"https://guba.eastmoney.com/news,600792,601835082.html",2017-02-06 14:01:14,历害了二业绩牛股长亮科技中旗股份数亿买单封板！17年业绩要爆表机构暴力抄底！
短期宏观因素扰动市场 焦炭走势仍疲软,"https://guba.eastmoney.com/news,600792,604332763.html",2017-02-09 09:10:33,"2月3日，焦炭期货以5.31%的跌幅收报，击穿1600元/吨整数关口，本周一再度下挫，盘中下探至1520元/吨附近。伴随着旭阳、神华、河钢、日钢等焦化厂和钢厂的采购价格再度下调50—60元/吨，焦炭期现共振，延续1月疲软格局。
短期宏观因素扰动市场
1月24日，央行开展MLF操作，较之前中标利率均上升10基点。2月3日，央行上调公开市场操作利率，7天、14天和28天期逆回购利率均上调10基点。由此来看，资金利率全面上调宣布了自2014年以来的货币宽松政策结束。
从资金流动性对黑色系期货品种的影响来看，2016年8月和12月，黑色系期货品种均出现了较大幅度的调整。不过，由于此次资金利率全面上调，对风险类资产形成利空的过程并不像提高基准利率那么明显，对房地产市场影响最直接的销售以及个人房贷并未马上体现，更多是为抑制房地产泡沫，对原料焦炭的打压主要体现在预期上。此外，由于1月信贷数据将会在2月中旬出现，市场普遍预计1月信贷将再现天量投放。因此，短期宏观因素扰动或加剧焦炭的调整。
库存压力将持续至月底
2016年，由于原料紧张、环保加码，焦炭开工受到影响，但下半年两大因素扰动有所淡化，利润驱动成为主因，重新刺激焦化厂生产，焦炭供给已经得到恢复。2016年，焦炭总产量达到4.42亿吨，与2015年持平。其中，第四季度产量已经恢复至2015年单月较高水平，高利润刺激产量激增。
根据测算，今年1—2月焦炭累计降幅在250—350元/吨，但河北、山东焦化厂仍有60—100元/吨的利润，山西基本持平。在连续降价背景下，利润仍刺激焦化厂保持高开工。剔除春节因素，目前焦化厂企业开工率达到76%。其中，华北、华东开工负荷同期持平，西北则比去年提升12%。一方面，焦化厂维持高开工；另一方面，当前处于终端需求淡季，下游钢厂原料库存高企。根据最新了解，唐山地区主流钢厂焦炭平均库存在11天，达到2016年以来最高水平；小于100万吨产能的焦化厂和100万—200万吨产能的焦化厂2月初的平均库存分别为0.96万吨、0.88万吨。考虑到终端市场整体恢复需要在正月十五之后，预计2月底前焦化厂产成品库存仍将面临较大压力。
2016年可称为供给侧结构性改革元年，焦炭作为黑色板块中的“弹簧”起到缓冲器的作用，随着高利润驱动供需状态达到平衡，缓冲器作用减弱。笔者认为，今年焦炭主要以利润修复、需求驱动为主线，考虑到每年春季为基建、房地产开工时间，结合民工返程及工地恢复周期，预计到2月底焦炭库存消化力度较弱，供需矛盾仍将持续。
目前期货盘面已经提前反应，按照河北厂库准一级焦出厂价1780元/吨以及焦炭华北FOB报价CSR62%268.5美元/吨来测算，盘面对应仓单在1850—1900元/吨，考虑到2月底仍有50—100元/吨的跌幅，盘面贴水幅度在300元/吨左右。在宏观因素不确定性增加以及2月中旬需求无法证伪的阶段，焦炭期现共振疲软延续，但考虑到深度贴水，盘面存在修复概率。"
"利润稳定增长,所处行业有较好的发展前景,未经大幅炒作的成长股。","https://guba.eastmoney.com/news,600792,603611408.html",2017-02-08 08:51:56,"利润稳定增长,所处行业有较好的发展前景,未经大幅炒作的成长股。"
"钢材库存增幅超预期,焦煤焦炭或弱势震荡","https://guba.eastmoney.com/news,600792,603920871.html",2017-02-08 15:12:09,"1月煤焦期货止跌反弹,前半月由于钢材价格连续上涨,钢厂补库拉动煤焦需求,焦炭焦煤期货跟随螺纹钢期货走出一波快速上涨行情。1月10日中钢协会上透露全国要在2017年6月30日前全部清除“地条钢”,螺纹钢产能将下降,因此1月份螺纹钢明显强于煤焦。由于冬季煤炭企业执行330个工作日,煤焦现货因供大于求走弱,目前煤焦1705合约均贴水于现货,但贴水幅度较前期大幅收窄。"
PPP项目落地加速热潮再升级 多股分享饕餮大餐,"https://guba.eastmoney.com/news,600792,603875717.html",2017-02-08 14:20:32,新华社：中国实体商店正在打一场翻身仗
要么就是放那看都懒的看了，这就是大家对自己辛苦赚那点钱,"https://guba.eastmoney.com/news,600792,603611091.html",2017-02-08 08:51:23,要么就是放那看都懒的看了，这就是大家对自己辛苦赚那点钱
连指数都跟不上:买你真衰,"https://guba.eastmoney.com/news,600792,603862543.html",2017-02-08 14:05:49,连指数都跟不上:买你真衰
亏10个点，没事补点仓就过去了，亏二十点，接着补马上就反弹,"https://guba.eastmoney.com/news,600792,603610848.html",2017-02-08 08:51:03,亏10个点，没事补点仓就过去了，亏二十点，接着补马上就反弹
每天连个盘都开不出来,"https://guba.eastmoney.com/news,600792,603626222.html",2017-02-08 09:19:08,每天连个盘都开不出来
近期发现很多股友都存在一种想法，被套之后就持股不动了,"https://guba.eastmoney.com/news,600792,603610668.html",2017-02-08 08:50:46,近期发现很多股友都存在一种想法，被套之后就持股不动了
"一是竖立正确的投资理念,从基本面选股,投资那些主 营业务","https://guba.eastmoney.com/news,600792,603611298.html",2017-02-08 08:51:47,"一是竖立正确的投资理念,从基本面选股,投资那些主 营业务"
来股市投资的态度么。想要赚钱，还是得下定决心学习。,"https://guba.eastmoney.com/news,600792,603611202.html",2017-02-08 08:51:38,来股市投资的态度么。想要赚钱，还是得下定决心学习。
亏三十个点，要么就是割肉，没希望了不玩了,"https://guba.eastmoney.com/news,600792,603610968.html",2017-02-08 08:51:15,亏三十个点，要么就是割肉，没希望了不玩了
春节过后多重因素影响，股价有待考验,"https://guba.eastmoney.com/news,600792,602909137.html",2017-02-07 15:09:00,观察云煤很久，主要是行业处于低迷期，股价一直很平稳。希望鸡年股市逢春，云煤也能早日转型。祝各位股友今年都能多赚点。
借力AEO认证滇企加速“走出去”,"https://guba.eastmoney.com/news,600792,602901174.html",2017-02-07 15:02:19,按照《昆明钢铁控股有限公司“十三五”发展规划纲要》的部署，在5年内昆钢将实现300万吨闲置钢铁产能向有竞争比较优势的国别转移，这是符合国家“一带一路”和云南省建设面向南亚东南亚辐射中心要求的发展之路，也是符合昆钢自身发展的转型之路。
去死吧垃圾,"https://guba.eastmoney.com/news,600792,602863726.html",2017-02-07 14:33:03,近一年连一个5个点阳线都没有，真让人无语
钢铁煤炭去产能获重要阶段性成效：为其他领域探索了可行路径,"https://guba.eastmoney.com/news,600792,601964796.html",2017-02-06 15:56:16,"化解钢铁煤炭过剩产能是推进供给侧结构性改革的重大任务，是去产能的重要突破口，事关供给侧结构性改革顺利推进和经济社会平稳运行，必须顶层设计先行。
2016年，在时间紧、任务重、难度大的情况下，钢铁煤炭去产能工作取得阶段性成果，违法违规建设生产行为得到有效遏制，行业发展环境不断改善。更重要的是，企业和社会化解过剩产能信心不断增强，推进供给侧结构性改革的共识不断提升"
云煤:没出息的娃:涨不动,"https://guba.eastmoney.com/news,600792,601671728.html",2017-02-06 11:28:47,云煤:没出息的娃:涨不动
涨一点点怎么这么难呢,"https://guba.eastmoney.com/news,600792,601656213.html",2017-02-06 11:15:55,涨一点点怎么这么难呢
鸡年买了这支股哈,"https://guba.eastmoney.com/news,600792,601565636.html",2017-02-06 09:39:10,鸡年买了这支股哈
云煤，永远不涨的神话,"https://guba.eastmoney.com/news,600792,599264239.html",2017-02-03 10:08:47,云煤，永远不涨的神话
Formax金融圈：沪深涨势延续，水泥股井喷同力水,"https://guba.eastmoney.com/news,600792,599203862.html",2017-02-03 08:28:15,现在这些新股全部是上一个汉王和海普瑞！！！
中国唯一的高成长破净煤炭股900948经开启价值修复行情,"https://guba.eastmoney.com/news,600792,595039695.html",2017-01-25 22:38:37,"中国唯一的高成长破净煤炭股900948进入2017年以来温和上涨已经开启价值修复行情
以2016年第四季度净利润推算2017年每股收益将达到1.5元左右目前股价对应2017年的每股收益市盈率不5倍若考虑在建项目提投产市盈率将更低值得关注半年目标价1.85美元，股价翻番。"
看报表，股东人数持续减少,"https://guba.eastmoney.com/news,600792,596604330.html",2017-01-29 12:56:47,看报表，股东人数持续减少
600792:云煤能源关于控股股东注册资本及股权结构变动的补充公告,"https://guba.eastmoney.com/news,600792,594919611.html",2017-01-25 17:00:00,"公告日期：2017-01-26
证券代码：600792 证券简称：云煤能源 公告编号：2017-006



债券代码：122258 债券简称：13云煤业



云南煤业能源股份有限公司



关于控股股东注册资本及股权结构变动的补充公告本公司董事会及全体董事保证本公告内容不存在任何虚假记载、误导性陈述或者重大遗漏，并对其内容的真实性、准确性和完整性承担个别及连带责任。



云南煤业能源股份有限公司（以下简称“公司”）于2017年1月21日在《中国证券报》及上海证券交易所网站（www.sse.com.cn）披露《关于控股股东注册资本及股权结构变动的公告》，就公司控股股东昆明钢铁控股有限公司（以下简称 “昆钢控股”）注册资本及股权结构变动相关事宜进行了公告（具体内容详见公告编号为2017-004的公告），现根据昆钢控股补充提供的资料，对公司披露的上述公告的相关事宜补充公告如下：



一、昆明和泽投资中心（有限合伙）的投资人及出资金额、出资比例



合伙人名称或姓名 合伙人类别 出资方 认缴出资额 实缴出资额 占出资总



式 （万元） （万元） 额比例



华鑫国际信托有限公司 有限合伙 现金 750,000.00 750,000.00 74.98%



云南省国有资本运营有 有限合伙 现金 250,000.00 250,000.00 24.99%



限公司



云南国经和泽股权投资 普通合伙人 现金 300.00 300.00 0.03%



基金管理有限公司



合计 1,000,300.00 1,000,300.00 100%



二、昆明和泽投资中心（有限合伙）投资人与公司与控股股东关联关系说



明



（一）昆明和泽投资中心（有限合伙）的投资人为华鑫国际信托有限公司、云南省国有资本运营有限公司、云南国经和泽股权投资基金管理有限公司，上述公司与公司不存在关联关系，不存在一致行动关系。



（二）华鑫国际信托有限公司与公司控股股东昆钢控股不存在关联关系，云南国经和泽股权投资基金管理有限公司为云南省国有资本运营有限公司的三级全资子公司，云南省国有资本运营有限公司为云南省国资委的全资子公司，昆钢控股为云南省国资委的控股子公司，故云南国经和泽股权投资基金管理有限公司、云南省国有资本运营有限公司与昆钢控股之间均不存在关联关系。



特此公告。



云南煤业能源股份有限公司董事会



2017年1月26日




[点击查看PDF原文]
提示：本网不保证其真实性和客观性，一切有关该股的有效信息，以交易所的公告为准，敬请投资者注意风险。
展开阅读全文"
部分煤炭股2017年1月表现情况统计分析,"https://guba.eastmoney.com/news,600792,596445788.html",2017-01-28 21:44:27,"部分煤炭股2017年1月表现情况统计分析
900948+8.62%
601088+6.43%
601898+3.27%
600188+0.37%
600123-4.1%
600121-4.59%
601101-4.56%
000780-3.93%
600792-3.11%
601699上涨17.03%
900948涨幅位居中国煤炭股涨幅榜前列。
中国唯一的高成长破净煤炭股900948价值修复行情正在进行中。
900948净资产7.055股价0.928美元.2016年净利润同比增长2000%以上，多个在建项目即将投产2017年净利润增长情况仍然会非常好公司B股转A股和,今年年报高送转的可能都很大。半年目标价1.85美元股价翻番"
5.8以下都是机会,"https://guba.eastmoney.com/news,600792,595227944.html",2017-01-26 10:08:28,5.8以下都是机会
600792:云煤能源2016年年度业绩预盈公告,"https://guba.eastmoney.com/news,600792,594414469.html",2017-01-24 16:58:14,"公告日期：2017-01-25
证券代码：600792 证券简称：云煤能源 公告编号：2017-005



债券代码：122258 债券简称：13云煤业



云南煤业能源股份有限公司



2016年年度业绩预盈公告



本公司董事会及全体董事保证本公告内容不存在任何虚假记载、误导性陈述或者重大遗漏，并对其内容的真实性、准确性和完整性承担个别及连带责任。



一、本期业绩预告情况



（一）业绩预告期间



2016年1月1日至2016年12月31日。



（二）业绩预告情况



经财务部门初步测算，预计2016年年度经营业绩将实现扭亏为盈，实现归属于上市公司股东的净利润为4,500万元左右。



（三）本次所预计的业绩未经过注册会计师审计。



二、上年同期业绩情况



（一）归属于上市公司股东的净利润：-84,353.70万元(该数据包括云南昆钢重型装备制造集团有限公司2015年度净利润-14,668.92万元)。



（二）每股收益：-0.85元。



三、本期业绩预盈的主要原因



（一）主要是因为2016年10月份以后受市场回暖的影响，焦炭市场出现明显好转，焦炭价格持续上涨，公司效益明显好转。



（二）根据政府相关文件，公司及原子公司昆明焦化制气有限公司将收到因配合昆明市置换天然气产生的政策性补贴22,549万元，其中原子公司昆明焦化制气有限公司已收到预拨补贴款5,000万元，公司预计于2017年一季度收到17,549万元，该专项补贴资金作为营业外收入计入公司2016年度损益，具体内容详见公司披露于指定媒体的公告。（公告编号：2015-056、2016-003、2016-084、2017-003）四、其他说明事项



（一）预计报告期内本公司扣除非经常性损益后的净利润约为-19,600万元左右。



（二）以上预告数据仅为公司财务部门初步核算数据，2016年度具体准确的财务数据以公司正式披露的经审计后的2016年年度报告为准，敬请广大投资者注意投资风险。



特此公告。



云南煤业能源股份有限公司董事会



2017年1月25日




[点击查看PDF原文]
提示：本网不保证其真实性和客观性，一切有关该股的有效信息，以交易所的公告为准，敬请投资者注意风险。
展开阅读全文"
卖了你就涨，,"https://guba.eastmoney.com/news,600792,594806723.html",2017-01-25 13:10:12,卖了你就涨，
云煤能源预计2016年度盈利大增105%,"https://guba.eastmoney.com/news,600792,594831794.html",2017-01-25 14:04:02,1月24日，云煤能源（600792）发布业绩预告，公司预计2016年1-12月份归属于上市公司股东的净利润4500万元，同比增长105.33%，对公司股价构成重大利好，煤炭开采行业平均净利润增长率为-17.29%，公司本季度净利润环比上季度增长673.28%。
卸货了，空仓过年，祝站岗的同志们发财。,"https://guba.eastmoney.com/news,600792,594501650.html",2017-01-24 20:09:50,卸货了，空仓过年，祝站岗的同志们发财。
哥！我知道咱是慢牛.能稍微快一点点吗？,"https://guba.eastmoney.com/news,600792,594333856.html",2017-01-24 14:32:30,[失望]太抠门了
哪位高手知道，今年公司年报会亏损吗？,"https://guba.eastmoney.com/news,600792,593504789.html",2017-01-23 10:51:41,哪位高手知道，今年公司年报会亏损吗？怕怕的
进场潜伏:地方国企二线蓝筹股将成为新行情热点,"https://guba.eastmoney.com/news,600792,584630188.html",2017-01-03 00:14:29,"进场潜伏:地方国企二线蓝筹股将成为新行情热点
2017年红包多, 根据规定, 地方国企改革全面提速，二线蓝筹国企股接下来将成为热点,反弹可能相当猛烈。湖北广电（000665）: 深港通和融资融券标的股，文化传媒龙头，二线蓝筹代表，地方国企改革试点公司。近来该股利好叠出，有年报10转增5送5预期，对股价影响正面。不久前，公司公告了与华为公司深度合作和定增扩融已核准两个利好，如果本次增发完成，该股每股净资产稳上10元。该股稳定盈利和预期，股价理应20元以上，目前该股在多重利好叠至时还压盘不涨，筹码带血，价值低估，股价明显偏低。中线目前已回调到位，大涨爆发行情的潜力大。近段公司招聘董事会秘书, 有投行券商基金经理来公司调研考察，给予预期看好的评价。"
2016年煤炭行业经济运行情况,"https://guba.eastmoney.com/news,600792,594195385.html",2017-01-24 10:40:57,1月23日，中国煤炭工业协会对外发布了2016年煤炭行业经济运行情况。根据统计数据，2016年全国规模以上煤炭企业原煤产量33.64亿吨，同比下降9.4%。随着去年年初煤炭去产能和煤矿减量化生产政策实施，4月份起产量降幅超过10%，全国煤炭供需形势由严重供大于求逐渐转为供需基本平衡；9月份以来，煤炭产能逐渐释放，产量环比增加，降幅不断收窄。“当前煤炭需求基本面并未发生明显改变，煤炭经济平稳运行尚缺乏坚实基础。”
煤化工回归示范，进行升级。,"https://guba.eastmoney.com/news,600792,594191126.html",2017-01-24 10:35:48,煤化工行业在历经多年的示范项目后，回归理性是必然结果。煤化工在“十三五”期间将没有新增规划项目的空间，同时80%左右的煤制油煤制气项目也将面临取消。未来的趋势将是在产业进行升级示范并发展技术创新的前提下，在煤炭富裕地区进行重点示范项目的建设，并对上述项目进行精简与集中规划。
下游回暖叠加政策鼓励 现代煤化工有望开启景气周期,"https://guba.eastmoney.com/news,600792,593655042.html",2017-01-23 15:26:34,油价上涨提升煤头优势叠加政府对煤化工态度转变，国内煤化工企业盈利有望改善，未来新增投资有望增加，在政策红利、经营环境以及技术支撑下，现代煤化工有望迎来春天。
今天拉8个点算你牛,"https://guba.eastmoney.com/news,600792,593582064.html",2017-01-23 13:17:34,今天拉8个点算你牛
根本就没有庄.割肉走人.,"https://guba.eastmoney.com/news,600792,593470582.html",2017-01-23 09:59:07,
控股股东昆钢控股获昆明和泽增资22亿 ，拉开混改序幕。,"https://guba.eastmoney.com/news,600792,592528987.html",2017-01-20 21:30:13,
600792:云煤能源关于控股股东注册资本及股权结构变动的公告,"https://guba.eastmoney.com/news,600792,592424576.html",2017-01-20 16:15:14,"公告日期：2017-01-21
证券代码：600792 证券简称：云煤能源 公告编号：2017-004



债券代码：122258 债券简称：13云煤业



云南煤业能源股份有限公司



关于控股股东注册资本及股权结构变动的公告本公司董事会及全体董事保证本公告内容不存在任何虚假记载、误导性陈述或者重大遗漏，并对其内容的真实性、准确性和完整性承担个别及连带责任。



云南煤业能源股份有限公司(以下简称“公司”)于2017年1月19日收到公司控股股东昆明钢铁控股有限公司（以下简称“昆钢控股”）《关于公司股东、注册资本金变更的通知》，现就具体情况公告如下：



一、控股股东注册资本、股权结构变动的基本情况



由云南国经和泽股权投资基金管理有限公司发起设立的有限合伙企业—昆明和泽投资中心（有限合伙）向昆钢控股增资22亿元，增资后昆钢控股的股东由云南省国有资产监督管理委员会变更为：云南省国有资产监督管理委员会、昆明和泽投资中心（有限合伙）；注册资本金由625,977.6657万元增加至736,831.2357万元，各方持股比例为84.96%和15.04%。



目前，昆钢控股注册资本及股权结构变动的工商登记手续已办理完毕。



二、昆明和泽投资中心（有限合伙）基本情况



名称：昆明和泽投资中心（有限合伙））



类型：有限合伙企业



法定代表人：李思勇



住所：云南省昆明市呈贡区乌龙街道春融街779号上海东盟大厦A座406室 成立日期：2016年3月18日



经营范围：股权投资、项目投资及对所投资的项目进行管理；经济咨询、商务信息咨询。



三、股权结构变动前后，公司与实际控制人之间的控制关系图



本次股权结构变动前，公司与实际控制人之间的控制关系图为：



本次股权结构变动后，公司与实际控制人之间的控制关系图为：



本次昆钢控股注册资本增加及股权结构变动事项完成后，公司控股股东与实际控制人均未发生变化，上述事项不会对公司经营活动产生实质性影响。



特此公告。



云南煤业能源股份有限公司董事会



二〇一七年一月二十一日




[点击查看PDF原文]
提示：本网不保证其真实性和客观性，一切有关该股的有效信息，以交易所的公告为准，敬请投资者注意风险。
展开阅读全文"
去年钢铁单元实现利润80.3亿元,"https://guba.eastmoney.com/news,600792,592400132.html",2017-01-20 15:12:01,"昨日上午，宝武集团在上海召开2017年度工作会议。长江日报记者获悉，2016年宝武集团利润总额70.2亿元，盈利能力居国内同行业第一。其中，钢铁单元扭亏增盈实现利润80.3亿元，同比增利289.1亿元；多元产业板块实现利润53.7亿元，同比增利27.8亿元。
这是宝武集团成立后的首份年度业绩报告。记者了解得知，钢铁主业是集团利润回升的主力军。2016年宝武集团实现钢产量5862万吨（不含昆钢），超额完成了2016年化解钢铁产能过剩任务，并且人员分流平稳有序，确保了企业稳定和社会稳定。"
宝武集团首份年度业绩报告发布,"https://guba.eastmoney.com/news,600792,592077352.html",2017-01-19 15:22:16,"去年钢铁单元实现利润80.3亿元
昨日上午，宝武集团在上海召开2017年度工作会议。记者获悉，2016年宝武集团利润总额70.2亿元，盈利能力居国内同行业第一。其中，钢铁单元扭亏增盈实现利润80.3亿元，同比增利289.1亿元；多元产业板块实现利润53.7亿元，同比增利27.8亿元。
这是宝武集团成立后的首份年度业绩报告。记者了解得知，钢铁主业是集团利润回升的主力军。2016年宝武集团实现钢产量5862万吨（不含昆钢），超额完成了2016年化解钢铁产能过剩任务，并且人员分流平稳有序，确保了企业稳定和社会稳定。"
目标价3.6元，此股无庄，股价稍微好点，大股东就会减持，大股东昆钢集团和云天化都,"https://guba.eastmoney.com/news,600792,590268406.html",2017-01-17 20:20:49,目标价3.6元，此股无庄，股价稍微好点，大股东就会减持，大股东昆钢集团和云天化都巨额亏损都有强烈减持欲望以减轻亏损负担，增加业绩增加现金流，而且该股无前途，无想像空间。任何庄都不敢进入此股。超级垃圾股，赶快跑，马上ST，st。
一手一手的买，要多大的耐心啊！,"https://guba.eastmoney.com/news,600792,590939362.html",2017-01-18 11:13:10,一手一手的买，要多大的耐心啊！
5.2买入79000股,"https://guba.eastmoney.com/news,600792,591637064.html",2017-01-18 22:52:29,发横财
2020年高铁将达3万公里覆盖80%大城市   中国忠旺尤其深拓高端铝加工,"https://guba.eastmoney.com/news,600792,591591898.html",2017-01-18 22:13:54,"国家发改委近日正式公布《中长期铁路网规划》，预计到2020年高速铁路将达到3万公里，覆盖80%以上的大城市，远期铁路网规模将达到20万公里左右，其中高速铁路4.5万公里左右。规划将为交通运输等行业及其上下游产业链带来新商机，其中铝合金车体在轨道车辆领域是高铁领域应用广泛，中国忠旺等实力铝企也将明显受益。

国家发改委基础司司长费志荣介绍，本次规划期限为2016年至2025年，远期展望到2030年。预计到2020年，铁路网规模达到15万公里，高速铁路达到3万公里。到2025年，铁路网规模达到17.5万公里左右，其中高速铁路3.8万公里左右，网络覆盖进一步扩大，路网结构更加优化。展望到2030年，基本实现内外互联互通、区际多路畅通、省会高铁连通、地市快速通达、县域基本覆盖。
此外，规划方案还明确划分了高速铁路网建设标准。高速铁路主通道规划新增项目原则采用时速250公里及以上标准（地形地质及气候条件复杂困难地区可以适当降低），其中沿线人口城镇稠密、经济比较发达、贯通特大城市的铁路可采用时速350公里标准。区域铁路连接线原则采用时速250公里及以下标准。城际铁路原则采用时速200公里及以下标准。
时速200公里以上的高速列车对轻量化、密封性、抗腐蚀要求较高，而铝具有质量轻、抗腐蚀、可塑性强等特点，使得铝型材车体在轨道车辆应用上具有绝对优势。铝合金的密度大约是钢材密度的三分之一，而添加一定元素形成的合金具有比钢合金更高的强度。因此在强度刚性满足高铁车厢安全要求的同时，使用铝合金可以大大减轻高铁列车车厢的自重。这也意味着国家规划的未来我国高铁运营所需列车，对高端铝加工产品有着巨大需求。
中国忠旺是国内少数几家能够研发制造时速从300km/h、350km/h到400km/h高铁车体铝挤压产品的企业，一些大截面的产品，如高铁车头部分的宽板，国内目前只有忠旺等两三家企业能够生产，忠旺的深加工中心还可用于生产高速及铁路车厢焊接深加工产品。
据悉，为了把握铁路板块的机遇，忠旺已做出了长期的部署。其中忠旺天津铝压延材项目已进入试生产，第一条生产线主要生产铝合金中厚板，包括船舶、商用车、特种车及轨道车辆等领域使用的交通运输板材及化工容器用板材等，有望填补国内高端铝加工铝合金中厚板市场的空白。"
东营朋友说公司增发通过了，下午有戏。昆钢集团唯一的儿子，混改必须的。,"https://guba.eastmoney.com/news,600792,589875676.html",2017-01-17 12:37:41,东营朋友说公司增发通过了，下午有戏。昆钢集团唯一的儿子，混改必须的。
陕西煤业晚上公布靓丽年报会带领明天煤炭板块大涨吗,"https://guba.eastmoney.com/news,600792,590286593.html",2017-01-17 20:43:22,煤炭板块业绩这么好，涨只是迟早的事情。
2017年煤价调控再升级 煤炭去产能指标持续加码,"https://guba.eastmoney.com/news,600792,590078387.html",2017-01-17 15:43:16,"2016年煤炭去产能任务超预期完成，2017年的煤炭去产能任务又来了。
近日，发改委等部门出台的《煤炭工业发展十三五规划》强调，将进一步淘汰过剩产能，到2020年的五年期间，要化解淘汰过剩落后产能8亿吨/年左右。
业内认为，2017年煤炭去产能将再加码，去产能数量指标或增加一成以上。
随着煤炭去产能力度持续加码，2017年的煤价调控也进一步升级。日前，发改委等部门发布《关于平抑煤炭市场价格异常波动的备忘录的通知》，以防止煤价大涨或大跌。
分析师表示，这是煤价调控继去年以来再升级，煤价能保持在一定水平，煤企业绩持续向好是大概率事件。"
死逼垃圾 200手挂了一上午没出完 废了,"https://guba.eastmoney.com/news,600792,589814587.html",2017-01-17 11:27:02,全卖盘 年前主力自己玩去吧 几手几手的悄悄卖 过完年在接吧
跌的比猴子还带劲，升的比蜗牛还蜗牛。。。,"https://guba.eastmoney.com/news,600792,590032095.html",2017-01-17 14:56:28,跌的比猴子还带劲，升的比蜗牛还蜗牛。。。
鲁信创投600783 打造专业化国有创投平台	,"https://guba.eastmoney.com/news,600792,589611667.html",2017-01-17 08:24:37,600823最最严重错杀的白马
目标价3.6元，此股无庄，股价稍微好点，大股东就会减持，大股东昆钢集团和云天化都,"https://guba.eastmoney.com/news,600792,588503463.html",2017-01-16 12:32:18,目标价3.6元，此股无庄，股价稍微好点，大股东就会减持，大股东昆钢集团和云天化都巨额亏损都有强烈减持欲望以减轻亏损负担，增加业绩增加现金流，而且该股无前途，无想像空间。任何庄都不敢进入此股。
半年涨了一块钱，两天就给跌回来，这公司是不是要st了。,"https://guba.eastmoney.com/news,600792,588855281.html",2017-01-16 18:59:05,半年涨了一块钱，两天就给跌回来，这公司是不是要st了。
同方：新总黄俞表示，同方目前通过下属参股企业,"https://guba.eastmoney.com/news,600792,588500196.html",2017-01-16 12:19:52,创业板明显强势 关注次新股的低吸机会
云煤能源每日一帖，看了必涨！,"https://guba.eastmoney.com/news,600792,588403542.html",2017-01-16 09:37:26,此股今天继续盘整，考验5.5一带支撑！
上星期发十四只新股，这星期减二只，发十二只。	,"https://guba.eastmoney.com/news,600792,588231974.html",2017-01-14 20:00:26,割肉盘出局了 机构又赢了
鲁信创投600783 打造专业化国有创投平台	,"https://guba.eastmoney.com/news,600792,588143354.html",2017-01-14 07:38:34,600823最最严重错杀的白马
主力在吃货了,"https://guba.eastmoney.com/news,600792,587862901.html",2017-01-13 11:13:22,主力在吃货了
恭喜今天追高的朋友.明天又要吃套了,"https://guba.eastmoney.com/news,600792,587025851.html",2017-01-11 09:51:33,恭喜今天追高的朋友.明天又要吃套了
国资委：推进钢铁煤炭电力业务整合,"https://guba.eastmoney.com/news,600792,587989103.html",2017-01-13 15:21:53,中央企业、地方国资委负责人会议12日召开。国资委主任肖亚庆表示，2017年国有企业效益要实现稳定增长，中央企业利润总额力争同比增长3%、努力达到6%。国企改革要尽快在重要领域和关键环节取得实效，力求包括集团层面在内的混合所有制改革有所突破，在电力、石油、天然气、铁路、民航、电信、军工等领域迈出实质性步伐。稳步推动企业集团层面兼并重组，加快推进钢铁、煤炭、电力业务整合，探索海外资产整合，进一步推动实施专业化重组。
云煤能源为何这么多有钱人都买它！求关注！是价位低还是基本面有新的变化！,"https://guba.eastmoney.com/news,600792,587844088.html",2017-01-13 10:42:34,空方筹码赶紧出呀！低位都没筹码啦！出来点股性才会活！明年到底此股会炒到几元呀！
谁来解释下不断出现的188手？,"https://guba.eastmoney.com/news,600792,587931787.html",2017-01-13 13:59:52,谁来解释下不断出现的188手？
云十年超级大牛已经启航，目标百元，下一个格力，下一个苏宁！宜华生活600978牛,"https://guba.eastmoney.com/news,600792,587891928.html",2017-01-13 12:38:27,云十年超级大牛已经启航，目标百元，下一个格力，下一个苏宁！宜华生活600978牛股源于生活，董事长有信心15年放出千亿市值豪言！六大林木资源价值重估百亿，美乐乐，理想家居，海尔家居未来两年都要独立上市！股权增值最起码翻5-10倍！巨资转型互联网泛家居，新兴行业市盈率给予40倍，今年目标28元，明年36元。业绩高增长，同行业价值被严重低估！索菲亚40倍市盈率，美克家具35倍市盈率！宜华生活17年每股0.75元应该大概率，就按照新股发行20倍市盈率，对应股价15元！人民币贬值是大周期！对于出口行业历史性机遇！员工持股大股东增持严重被套，此时，现价安全边际极高！一但价值被发现，股价随时爆发！
