标题,链接,发布时间,内容
这垃圾玩意，大盘涨这么你这垃圾还大跌，去死吧,"https://guba.eastmoney.com/news,600735,771510093.html",2018-07-09 10:24:51,这垃圾玩意，大盘涨这么你这垃圾还大跌，去死吧
新华锦到底搞什么。,"https://guba.eastmoney.com/news,600735,770348464.html",2018-07-03 17:11:25,"一场国有股份拍卖引发的国有资产流失话题把山东新华锦国际股份有限公司（600735.SH以下简称新华锦）推向了前台。
2017年1月19日，在山东产权交易中心，山东兰陵美酒股份有限公司（以下简称美酒股份）10%国有股权项目转让中，山东觅与寻电子商务有限公司（以下简称觅与寻公司）经过227轮激烈竞价，以8214.74万元获得该股权。
但让觅与寻公司没想到的是，作为第三大股东居然连查阅相关财务资料都遭到管理层的拒绝。一怒之下，觅与寻公司一纸诉状把美酒股份告上了法庭。在这场诉讼中却牵出美酒股份20.6%的国有股被0元价值转让给山东鲁锦进出口集团有限公司（以下简称鲁锦集团）的内幕被暴露在阳光下。而新华锦作为鲁锦集团控股的上市公司，成功扮演了一次“白手套”，并获利1275万元。
置换国资资产价格为0元
2006年8月30日，临沂市国资委与鲁锦集团签署《国家股股份转让协议》，以3650万现金加上代偿债务8791万元的总价款转让持有的ST陈香（600735山东兰陵陈香酒业股份有限公司）全部7135.41万股股权，占非流通股的100%，占总股本的46.09%
事实上，该转让协议主要是资产置换的方式完成。国盛证券有限责任公司《关于山东兰陵陈香酒业股份有限公司重大资产重组暨关联交易之独立报告》显示，此次资产重组是ST陈香以除对部分银行负债（合计25,131,848.35元）之外的全部资产与负债以及ST陈香拥有的美酒股份20.6%的股权以经审计的账面净值36,042,050.98元与鲁锦集团拥有的盈商公司51%的股权、锦茂公司26的股权、锦彤公司54.8%的股权、锦立公司51%的股权经评估后合计45,368,655.00元的资产净值进行置换。兰陵陈香酒业股份有限公司持有的国有资产（含郯城分公司、平邑分公司、兰陵分公司以及美酒股份20.6%的股权）置出。
《中国企业报》记者注意到，兰陵陈香控股股东为临沂市国资委，为国家股股东，所持股份授权兰陵企业集团总公司（以下简称兰陵集团）经营管理，兰陵陈香的实质控制人为兰陵集团。
该上市公司股权转让还得到了上级国资监管部门的批准。国务院国有资产监督管理委员会国资产权[2006]1577号文批准同意临沂市国资委将所持兰陵陈香股份公司7135.1406万股国有股权转让给鲁锦集团；股份转让完成后，股份公司总股本仍为15481.2936万股，其中鲁锦集团持有7135.1406万股，占总股本的46.09%，属非国有股。
然而，就是这样一个经国家批准的资产转让，背后国有资产却被操作为0价值。更为蹊跷的是，作为资产重组的双方，资产计价原则却不一致：鲁锦集团置入的民营企业资产以评估值计价，而临沂国资委置出的国有资产确是以审计账面值计价。2006年8月31日，新华锦（600735）发布公告《关于重大资产重组暨关联交易报告书（草案）》显示：ST陈香账面上剩余人民币130284057.33元的其他资产（“置出资产”，包括在资产负债表上金额为0的山东兰陵美酒股份有限公司20.6%的股份）均按照经审计的账面金额置换给鲁锦集团”。
2007年8月9日，新华锦国际股份有限公司（600735以下简称新华锦）发布的《股权分置改革实施公告》有这样一段表述：“对于置出资产中的山东兰陵美酒股份有限公司20.6%的股份（账面值为零），其置出还需要取得山东兰陵美酒股份有限公司原审批机关批准，办理股份过户手续。
记者查阅到北京市天元律师事务所《关于山东新华锦国际股份有限公司重大资产重组实施结果的法律意见书》中关于置出资产的移交和过户情况第四条表述：对于置出资产中的山东兰陵美酒股份有限公司20.6%的股份（账面价值为零）。《意见书》关于重组的整体方案内容明确：ST陈香账面上剩余人民币130,284,057.33元（置出资产，包括在资产负债表上金额为0的的山东兰陵美酒股份有限公司20.6%的股份）均按照经审计的账面金额置换给鲁锦集团”。
而新华锦（600735）1997年12月公告显示，在1998年兰陵集团重组环宇股份，更名为兰陵陈香时，将该20.6%的美酒股份国有股权置入兰陵陈香（600735）上市公司，当时是按照评估价7116万元。
疑“白手套”获利1275万元
尽管这20.6%的美酒股份国有股权被以0价格转让给了鲁锦集团，但最终工商查询发现该股权却被新华锦转让出去之后获利1275万元。
临沂市国资委向临沂市纪委《关于山东兰陵美酒股份股东联名举报陈学荣的报告》指出，根据2006年8月30日甲方山东鲁锦进出口集团有限公司与乙方山东兰陵陈香酒业股份有限公司签订的《山东兰陵股份有限公司转让协议》，甲方对乙方进行重大资产重组，乙方将包括其持有的山东兰陵美酒股份有限公司的20.6%的股份在内的有关资产置换给甲方，待重大资产重组协议生效后，甲方将拥有对美酒股份的20.6%的处置权，甲方同意将标的股份转让给丙方，也即临沂市兰陵美酒投资有限公司（以下简称兰陵投资），丙方同意并以1275万元获得该股权。
由此不难看出，是鲁锦集团以0价值获得了20.6%美酒股份股权后又以1275万元的价格出让给了临沂市兰陵美酒投资有限公司。然而，从2007年10月13日山东美酒股份有限公司《关于兰陵陈香所持兰陵美酒20.6%股权转让事宜的议案》却看出另外的端倪。
《议案》原文显示：兰陵陈香重大资产重组事宜已经国家有关部门批准，陈香公司已更名为山东新华锦国际股份有限公司，现该司拟转让其所持有的山东兰陵美酒股份有限公司20.6%（计2678.3093万股）的股权，现有临沂市兰陵美酒投资有限公司意向以1275万元的价格受让该股份。这意味着，兰陵投资受让的20.6%的股权为兰陵陈香也即新华锦股份(600735)的资产。
新华锦重大事项未公告 疑当“白手套”获利千万
《议案》还介绍了兰陵投资由33位自然人出资设立，大部分出资人为美酒股份职工。但没有说明该司是国有企业兰陵集团董事长陈学荣控股、并出任董事长的民营企业。
《中国企业报》记者查阅了兰陵陈香以及新华锦的相关公告，都没有看到这1275万元交易的公告。
著名经济学家宋清辉对记者表示，新华锦把这0资产协议转让给政府指定的第三方获利1275万元，属于重大信息，理应披露，否则可能涉嫌信息披露违规。
承诺未兑现
兰陵陈香上市公司的“壳”获得了许多企业的青睐。兰陵集团一位前高管告诉《中国企业报》记者，在2005年前后先后有多家公司拟对兰陵陈香资产重组，但不知什么原因最后都不了了之，独独看上了鲁锦集团。
记者获悉的一份2005年6月6日兰陵陈香股权转让工作谈判小组向临沂市政府报告的《兰陵陈香股权转让小组关于意向受让方应征方案汇报》。《汇报》谈到2005年4月28日有针对性的向9家公司发出了《关于征集股权转让受让方的邀请函》，其中8家受邀并签署了《保密承诺函》。记者注意到，针对转股项目要求提出了16点要求。其中第一条国资委持有的全部7135.14万股股权乘以每股净资产后将加上溢价15%确定最终股权转让价；第三点，股权过户完成之日起三年内，受让方要向临沂市区内注入增量资金不少于2亿元建设工业项目，并保证建成投产；第11点，股权转让后受让方要保证陈香公司注册地在临沂10年不变，确保地方财政收入不减少而增加。

记者获得的另外一份临沂市国有资产监督管理委员会（甲方）与山东鲁锦进出口集团有限公司转让山东兰陵陈香酒业股份有限公司（乙方，股票代码600735）国家股股份事宜的《合作备忘录》。双方于2006年7月24日至25日再次进行了友好协商，双方就陈香公司剥离成“净壳”等遗留问题达成一致。在关于增量投资问题方面，明确“乙方成为陈香公司实际控制人后，乙方作为陈香公司的实际控制人应促使陈香公司在乙方成为陈香公司实际控制人之日起的八年内，将通过公开募集的资金的50%（原为60）用于在临沂市内的建设项目；而第五点明确，增量投资建成后一年内，将项目置换进入重组后的陈香公司。”
“这些合作条件都没有做到。”兰陵集团的前高管告诉记者，目前为止，新华锦在临沂没有任何新增投资项目，而公司注册地也早已不在临沂了。
记者注意到，2012年3月1日，新华锦（600735）发布公告称，已将公司注册地迁至青岛市崂山区，迁址工作已获得山东省工商局批准，纳税地变更也已完成。
对于相关问题，记者电话并发采访函至新华锦。但直至发稿时，新华锦均未作出任何回复。
展开阅读全文"
最近山东一直说养老 这又开会了 新华锦正是机会吧,"https://guba.eastmoney.com/news,600735,771428999.html",2018-07-08 21:49:28,最近山东一直说养老 这又开会了新华锦正是机会吧
7.2卖掉，6.65又买进,"https://guba.eastmoney.com/news,600735,771564349.html",2018-07-09 13:17:27,7.2卖掉，6.65又买进
这股下午一定跌停，走了,"https://guba.eastmoney.com/news,600735,771563668.html",2018-07-09 13:15:43,这股下午一定跌停，走了
庄上次拉涨停，到现在才停板的一半，怕啥,"https://guba.eastmoney.com/news,600735,771561051.html",2018-07-09 13:09:01,庄上次拉涨停，到现在才停板的一半，怕啥
下午火箭发射,"https://guba.eastmoney.com/news,600735,771501116.html",2018-07-09 10:07:39,下午火箭发射
下午有人拉盘吗,"https://guba.eastmoney.com/news,600735,771556479.html",2018-07-09 12:48:43,下午有人拉盘吗
卧槽，我卖了[大便]怎么不直线,"https://guba.eastmoney.com/news,600735,769958928.html",2018-07-02 10:35:18,卧槽，我卖了[大便]怎么不直线
大股东拼命出货,"https://guba.eastmoney.com/news,600735,771532748.html",2018-07-09 11:12:46,大股东拼命出货
下午涨停气死人了,"https://guba.eastmoney.com/news,600735,771554834.html",2018-07-09 12:38:20,下午涨停气死人了
今天封死涨停无悬念[拜神][拜神][拜神],"https://guba.eastmoney.com/news,600735,770194322.html",2018-07-03 09:41:02,今天封死涨停无悬念
6．56加仓,"https://guba.eastmoney.com/news,600735,771504895.html",2018-07-09 10:14:41,6．56加仓
等死的节奏，跑路。,"https://guba.eastmoney.com/news,600735,771539664.html",2018-07-09 11:28:43,[大便][大便][大便]
人家拉高出货，你是拉低吸你妹啊,"https://guba.eastmoney.com/news,600735,771536697.html",2018-07-09 11:22:09,人家拉高出货，你是拉低吸你妹啊
狗庄，看样子你老婆给你带的帽子是在是太绿了，你这绿帽子是摘不掉了[围观],"https://guba.eastmoney.com/news,600735,771534654.html",2018-07-09 11:17:29,狗庄，看样子你老婆给你带的帽子是在是太绿了，你这绿帽子是摘不掉了
上周五圣农发展和你，我选了你，太让我失望了。,"https://guba.eastmoney.com/news,600735,771533037.html",2018-07-09 11:13:25,上周五圣农发展和你，我选了你，太让我失望了。
请问6.55能赚钱了?砸到6.11我好加仓,"https://guba.eastmoney.com/news,600735,771520802.html",2018-07-09 10:47:09,来呀，
庄成本6.55,"https://guba.eastmoney.com/news,600735,771517928.html",2018-07-09 10:40:57,庄成本6.55
这叫做一日出头，3回头，,"https://guba.eastmoney.com/news,600735,771514334.html",2018-07-09 10:33:46,这叫做一日出头，3回头，
别做梦上涨。下跌肯定有下跌的理由。新华锦会说我要破产吗。NO 所以 此次下跌股东,"https://guba.eastmoney.com/news,600735,771510302.html",2018-07-09 10:25:18,"别做梦上涨。下跌肯定有下跌的理由。新华锦会说我要破产吗。NO
所以 此次下跌股东肯定有不披漏的。
大盘行情不错。此股也不补涨。即使一个涨停前一天还得下跌7个点。你觉得呢。"
大盘大涨你放量大跌,"https://guba.eastmoney.com/news,600735,771509259.html",2018-07-09 10:23:04,大盘大涨你放量大跌
你大爷的，这庄家一点人性都没有,"https://guba.eastmoney.com/news,600735,771508209.html",2018-07-09 10:20:48,你大爷的，这庄家一点人性都没有
赶紧跌停吧，我在那等你,"https://guba.eastmoney.com/news,600735,771507840.html",2018-07-09 10:20:02,赶紧跌停吧，我在那等你
幸亏上周五走了,"https://guba.eastmoney.com/news,600735,771506779.html",2018-07-09 10:18:02,RT
上周五还看不出 现在就很明了啦,"https://guba.eastmoney.com/news,600735,771505795.html",2018-07-09 10:16:19,上周五还看不出 现在就很明了啦
今天半仓买入，赌你假摔,"https://guba.eastmoney.com/news,600735,771504781.html",2018-07-09 10:14:29,今天半仓买入，赌你假摔
这庄故意不涨,"https://guba.eastmoney.com/news,600735,771504359.html",2018-07-09 10:13:40,这庄故意不涨
今天不涨。坚决看空,"https://guba.eastmoney.com/news,600735,771504087.html",2018-07-09 10:13:11,今天不涨。坚决看空
跨周金股。。。。,"https://guba.eastmoney.com/news,600735,771502960.html",2018-07-09 10:11:10,跨周金股。。。。
看趋势和大盘对着干吗,"https://guba.eastmoney.com/news,600735,771502788.html",2018-07-09 10:10:49,看趋势和大盘对着干吗
死股一只涨一天跌几天，,"https://guba.eastmoney.com/news,600735,771502691.html",2018-07-09 10:10:39,死股一只涨一天跌几天，
今天如果继续中阴的话买入明肯定涨 现在 区间内 庄稼高抛低吸,"https://guba.eastmoney.com/news,600735,771502176.html",2018-07-09 10:09:38,今天如果继续中阴的话买入明肯定涨 现在 区间内 庄稼高抛低吸
现在起不来 这股不受大盘控制 大盘跌 他不跌 他盘涨他不涨 高度控盘,"https://guba.eastmoney.com/news,600735,771501104.html",2018-07-09 10:07:39,现在起不来 这股不受大盘控制 大盘跌 他不跌 他盘涨他不涨 高度控盘
放那么大量,"https://guba.eastmoney.com/news,600735,771500676.html",2018-07-09 10:06:54,放那么大量
听君一席话，现在买入无论如何都比套了的成本低,"https://guba.eastmoney.com/news,600735,771498721.html",2018-07-09 10:03:29,听君一席话，现在买入无论如何都比套了的成本低
取法于上，仅得其中,"https://guba.eastmoney.com/news,600735,771469705.html",2018-07-09 07:09:39,取法于上，仅得其中
"核心资产,国之重器!","https://guba.eastmoney.com/news,600735,771464348.html",2018-07-09 04:58:24,"核心资产,国之重器!"
垃圾玩意！,"https://guba.eastmoney.com/news,600735,771460435.html",2018-07-09 03:17:01,垃圾玩意！
从质押公告简单分析：三年期到期，筹不到资金还不了款，延期9个月；起始一笔760万,"https://guba.eastmoney.com/news,600735,771457537.html",2018-07-09 02:26:30,从质押公告简单分析：三年期到期，筹不到资金还不了款，延期9个月；起始一笔760万
怎么又往下了呢？,"https://guba.eastmoney.com/news,600735,771443746.html",2018-07-08 23:40:09,怎么又往下了呢？
深南能否再起一波就看明天开始,"https://guba.eastmoney.com/news,600735,771443033.html",2018-07-08 23:34:05,深南能否再起一波就看明天开始
3200点套牢，2900点解套了[胜利][献花][献花][献花][献花],"https://guba.eastmoney.com/news,600735,771436224.html",2018-07-08 22:45:31,3200点套牢，2900点解套了
新华锦澄清公告出了 无良媒体快醒醒吧 2006年对兰陵陈香重组的主体是山东鲁锦进,"https://guba.eastmoney.com/news,600735,770624922.html",2018-07-04 20:06:04,"新华锦澄清公告出了 无良媒体快醒醒吧
2006年对兰陵陈香重组的主体是山东鲁锦进出口集团有限公司（简称“鲁锦集团”），鲁锦集团受让了兰陵陈香46.09%国有股份，并对兰陵陈香进行重大资产重组，山东兰陵美酒股份有限公司（以下简称“兰陵美酒”）20.6%股份连同兰陵陈香上市公司其他资产一并作为置出资产被置换给鲁锦集团。
鲁锦集团向兰陵投资转让上述兰陵美酒20.6%股份时，该标的资产已经不是上市公司的资产，而是作为置出资产的一部分，已属于鲁锦集团所有，1275万元的股权转让价款亦由受让方兰陵投资支付给了鲁锦集团。因此，不属于上市公司信息披露范围。
兰陵陈香上市公司就2006年的重大资产重组已严格按照中国证监会关于重大资产重组的相关规定，履行了相应的信息披露义务，上述交易也获得了国资委、中
国证监会等监管部门的审批，审批程序完备、合法、合规，不存在信息披露违规行为。
"
关注点实际的 比如传统国际贸易模式与互联网跨境电商模式的协同,"https://guba.eastmoney.com/news,600735,770448427.html",2018-07-04 09:53:36,新华锦贸易方面随着人民币汇率下跌将逐渐向好。公司此前也表示，将进一步创新国际贸易的发展模式，尝试跨境电子商务新方式，初涉跨境电商贸易和服务领域，推动传统国际贸易模式的转型升级，争取实现传统国际贸易模式与互联网跨境电商模式的协同效应。
不存在信披违规，持续看好新华锦,"https://guba.eastmoney.com/news,600735,770640914.html",2018-07-04 22:06:46,不存在信披违规，持续看好新华锦
新华锦：大股东股票质押不会被平仓,"https://guba.eastmoney.com/news,600735,768216315.html",2018-06-22 13:57:14,"来源：中证网
　　新华锦(600735)6月22日在互动平台表示，大股东的股票质押主要是大股东向银行申请综合授信抵押担保的一部分。目前，大股东资信状况良好，经营情况正常，有足够的资金偿还能力，股票质押不会被平仓。
（来源：中证网 2018-06-22 13:56）[点击查看原文]"
这个吧里没人预测，没人发技术贴，甚至很少有人发帖，真是养老股呀，持股的都是老年人,"https://guba.eastmoney.com/news,600735,771421377.html",2018-07-08 20:39:51,这个吧里没人预测，没人发技术贴，甚至很少有人发帖，真是养老股呀，持股的都是老年人吧。
空中加油，卖了的脸都绿咯,"https://guba.eastmoney.com/news,600735,771405866.html",2018-07-08 16:04:06,空中加油，卖了的脸都绿咯
公司有问题吗？送股分红都不涨,"https://guba.eastmoney.com/news,600735,771417866.html",2018-07-08 19:46:15,公司有问题吗？送股分红都不涨
忠告：散户接到正平复牌消息后第二天上午9.15竟价时挂跌停板价，可能卖出！大家别,"https://guba.eastmoney.com/news,600735,771401666.html",2018-07-08 14:42:10,忠告：散户接到正平复牌消息后第二天上午9.15竟价时挂跌停板价，可能卖出！大家别
陵美酒改制迷局：国有股拍卖牵出数千万国资0元转让。,"https://guba.eastmoney.com/news,600735,770601365.html",2018-07-04 17:19:14,陵美酒改制迷局：国有股拍卖牵出数千万国资0元转让。
大股东在十几块都有增持！跌到6-7块了，为什么不再增持？如果能增持，这样我们小股,"https://guba.eastmoney.com/news,600735,771386288.html",2018-07-08 08:30:50,大股东在十几块都有增持！跌到6-7块了，为什么不再增持？如果能增持，这样我们小股东就更有信心了！也向市场表明态度了！
没有一个涨停,"https://guba.eastmoney.com/news,600735,771371951.html",2018-07-07 23:43:46,没有一个涨停
减持公告,"https://guba.eastmoney.com/news,600735,771370797.html",2018-07-07 23:09:01,减持公告
铺子龙一，铺子不涨停，这个玩意没戏,"https://guba.eastmoney.com/news,600735,771370457.html",2018-07-07 23:00:38,铺子龙一，铺子不涨停，这个玩意没戏
金山雷声阵阵利好声声,"https://guba.eastmoney.com/news,600735,771369499.html",2018-07-07 22:40:27,金山雷声阵阵利好声声
周一估计大涨,"https://guba.eastmoney.com/news,600735,771365883.html",2018-07-07 21:31:06,周一估计大涨
传统百货店转型呈现多元化 体验式消费元素加入,"https://guba.eastmoney.com/news,600735,771364107.html",2018-07-07 21:10:24,又85亿市值了，恢复的快
不是说有世界杯概念吗？怎么跌成这样?,"https://guba.eastmoney.com/news,600735,771360664.html",2018-07-07 20:27:35,不是说有世界杯概念吗？怎么跌成这样?
云冶集团与中国铜业重组,"https://guba.eastmoney.com/news,600735,771358123.html",2018-07-07 20:00:15,云冶集团与中国铜业重组
请求汇丰增持，做更大的股东,"https://guba.eastmoney.com/news,600735,771350016.html",2018-07-07 18:39:36,请求汇丰增持，做更大的股东
佛一把 下周继续加,"https://guba.eastmoney.com/news,600735,771248694.html",2018-07-06 21:09:46,佛一把 下周继续加
再不跑就连裤衩都没得穿的,"https://guba.eastmoney.com/news,600735,771316989.html",2018-07-07 12:00:46,再不跑就连裤衩都没得穿的
阿里系大涨倒逼腾讯回A,"https://guba.eastmoney.com/news,600735,771312186.html",2018-07-07 11:07:36,阿里系大涨倒逼腾讯回A
下周，至少三连板，你懂的[牛],"https://guba.eastmoney.com/news,600735,771280936.html",2018-07-07 03:44:26,下周，至少三连板，你懂的
今夜无人入眠，同感的顶一下,"https://guba.eastmoney.com/news,600735,771273128.html",2018-07-07 00:54:46,今夜无人入眠，同感的顶一下
烂泥扶不上墙啊,"https://guba.eastmoney.com/news,600735,771267007.html",2018-07-06 23:32:16,烂泥扶不上墙啊
此股真让人受不了，走了,"https://guba.eastmoney.com/news,600735,769659593.html",2018-06-29 14:07:26,此股真让人受不了，走了
走了，他妈的，太墨迹了。,"https://guba.eastmoney.com/news,600735,771251720.html",2018-07-06 21:27:32,走了，他妈的，太墨迹了。
要学会独立思考和独立判断的能力，不要人云亦云。对任何事情，都要从正反两个方面入手，才能对事情做出理性的分析。,"https://guba.eastmoney.com/news,600735,771048203.html",2018-07-06 10:34:30,要学会独立思考和独立判断的能力，不要人云亦云。对任何事情，都要从正反两个方面入手，才能对事情做出理性的分析。
看新闻说 新华锦积极参与山东省医养健康产业建设,"https://guba.eastmoney.com/news,600735,770451588.html",2018-07-04 10:00:09,"医养健康产业是全省新旧动能转换布局的五个新兴产业之一，也是新华锦集团近年来重点发展的战略性新兴产业。张建华表示，为加快医养健康产业新旧动能转换，新华锦积极参与青岛崂山湾国际生态健康城建设，加快推进与韩国延世医疗院合资建设的青岛延世国际医院项目，打造医养结合、医疗聚集的健康生态智慧之城。下一步，新华锦集团还将以青岛延世国际医院为核心，继续引进多家国际一流的专科医院，建立“产学研”一体化、功能清晰、结构完整、产业竞争力强的国际高端医疗产业集群。
此外，公司两大主要业务中,发制品方面,公司拥有从上游研发、设计到采购、精细生产的完整产业链优势；纺织服装出口方面，一方面持续加大新市场的开发力度；另一方面则继续推进渠道并购和品牌合作工作。此外，公司投资成立跨境电商，推进协同性外延发展。"
还会涨的 贸易、养老、跨境电商 6666,"https://guba.eastmoney.com/news,600735,770867747.html",2018-07-05 16:18:05,还会涨的 贸易、养老、跨境电商 6666
新华锦是养老行业一支好票，后悔入得少了,"https://guba.eastmoney.com/news,600735,770729046.html",2018-07-05 10:39:09,新华锦是养老行业一支好票，入得少了些。。
今天买入的不用担心，中线新华锦到9&#183;90元附近[献花],"https://guba.eastmoney.com/news,600735,771233105.html",2018-07-06 19:35:20,今天买入的不用担心，中线新华锦到9·90元附近
看好明天继续加油,"https://guba.eastmoney.com/news,600735,771056508.html",2018-07-06 10:46:03,看好明天继续加油
今天没上去，周一有点悬了，震荡下跌概率大。但也不悲观，主力够猛也可能反转涨停。见,"https://guba.eastmoney.com/news,600735,771235983.html",2018-07-06 19:54:21,今天没上去，周一有点悬了，震荡下跌概率大。但也不悲观，主力够猛也可能反转涨停。见机行事吧！高抛低吸。没击破支撑的话，总体看多，应该会有一波行情。
买点到[拜神][拜神][拜神],"https://guba.eastmoney.com/news,600735,771036814.html",2018-07-06 10:17:54,买点到
爱你，哥来了,"https://guba.eastmoney.com/news,600735,769362624.html",2018-06-28 13:25:01,爱你，哥来了
[不屑]狗[好逊]日[傲]庄[想一下]，我说回归短线做T只是说以后，现在我还是要,"https://guba.eastmoney.com/news,600735,770507456.html",2018-07-04 12:32:26,[不屑]狗[好逊]日庄，我说回归短线做T只是说以后，现在我还是要等你拉几个板之后再割你韭菜的。你以为成功把我吓出来了？幼稚！有本事砸跌停把我吓出来啊！不过估计你不敢砸，肉包子打狗有去无回
哈哈 和绿庭一副吊样,"https://guba.eastmoney.com/news,600735,771070980.html",2018-07-06 11:05:31,
爱你，哥来了,"https://guba.eastmoney.com/news,600735,769362624.html",2018-06-28 13:25:01,爱你，哥来了
上午贪了，哎！,"https://guba.eastmoney.com/news,600735,771025808.html",2018-07-06 10:03:54,上午贪了，哎！
尾盘异常对倒，下周可能要关灯吃面了！,"https://guba.eastmoney.com/news,600735,771179014.html",2018-07-06 15:03:20,尾盘异常对倒，下周可能要关灯吃面了！
"今天完美收获,感谢主力","https://guba.eastmoney.com/news,600735,771099697.html",2018-07-06 11:55:57,RT
恭喜罗牛山从7元涨到17元涨停，这样的主力牛，牛,"https://guba.eastmoney.com/news,600735,771193906.html",2018-07-06 15:53:37,恭喜罗牛山从7元涨到17元涨停，这样的主力牛，牛
项目规模看起来可以，新华锦看来对养老动真格的了,"https://guba.eastmoney.com/news,600735,770379065.html",2018-07-03 21:23:27,项目位于崂山区王哥庄，占地约200亩，建设规模为一期1000张床位，远期约2000-3000张床位，一期预计投资25亿人民币。医院建成后，将由韩国延世医疗院负责医疗技术、医院运营管理，并派专家常驻，同时可以发挥青岛毗邻韩国的地缘优势和交通便利条件，较好地满足高水平医师团队常驻青岛的需求，使青岛世福兰斯医院达到韩国延世医疗院医疗技术水平。
离岸人民币破6.65关口 纺织服饰表现活跃 新华锦再加把劲啊,"https://guba.eastmoney.com/news,600735,770450539.html",2018-07-04 09:58:06,"离岸人民币兑美元跌破6.60关口，创2017年12月20日以来新低；在岸人民币兑美元跌穿6.59关口，较前日收盘价跌逾350点；此前人民币兑美元中间价较上日调降389点。
人民币贬值利好纺织服装，出口贸易定能继续大增。新华锦纺服以出口业务为主，这次想必也能打一场翻身仗。各行业的利好都有了，新华锦加把劲儿，我看是没错的！"
明天两连板！！等跌下来补仓,"https://guba.eastmoney.com/news,600735,770729488.html",2018-07-05 10:40:02,明天两连板！！等跌下来补仓
最近的动作也能看出 新华锦真的发力养老健康了 这块市场有得分,"https://guba.eastmoney.com/news,600735,770456875.html",2018-07-04 10:10:42,最近的动作也能看出新华锦真的发力养老健康了 这块市场有得分
本来就不存在违规 这陈年旧事拿出来炒 媒体是有多缺钱,"https://guba.eastmoney.com/news,600735,770724917.html",2018-07-05 10:31:14,本来就不存在违规 这陈年旧事拿出来炒 媒体是有多缺钱
各指数下跌，新华锦逆势涨停，稳稳地,"https://guba.eastmoney.com/news,600735,770867091.html",2018-07-05 16:16:02,各指数下跌，新华锦逆势涨停，稳稳地
来吧 今天又是好机会啊哈哈哈,"https://guba.eastmoney.com/news,600735,771047022.html",2018-07-06 10:33:12,来吧 今天又是好机会啊哈哈哈
明天还看涨,"https://guba.eastmoney.com/news,600735,770867476.html",2018-07-05 16:17:02,明天还看涨
明天也还能在涨吧 我今天加了 你呢XD,"https://guba.eastmoney.com/news,600735,770921306.html",2018-07-05 21:11:56,明天也还能在涨吧 我今天加了 你呢XD
这股票感觉好神经 涨停一个 跌停两个,"https://guba.eastmoney.com/news,600735,771185319.html",2018-07-06 15:21:09,这股票感觉好神经 涨停一个 跌停两个
参照大连电瓷走势，下周一涨停,"https://guba.eastmoney.com/news,600735,771178898.html",2018-07-06 15:03:03,参照大连电瓷走势，下周一涨停
天天像死的一样的，能不能振作一点？像个男人,"https://guba.eastmoney.com/news,600735,771177486.html",2018-07-06 15:00:21,天天像死的一样的，能不能振作一点？像个男人
周一两个选择要么跌停，要么涨停 ！,"https://guba.eastmoney.com/news,600735,771176480.html",2018-07-06 14:58:21,周一两个选择要么跌停，要么涨停 ！
大家快跑，下周等死了,"https://guba.eastmoney.com/news,600735,771174874.html",2018-07-06 14:55:32,大家快跑，下周等死了
一两个点的振幅把这个量做的来多可以啦涨停板了，这种手法只有超级大庄才敢这么干,"https://guba.eastmoney.com/news,600735,771171011.html",2018-07-06 14:49:22,一两个点的振幅把这个量做的来都可以啦涨停板了，这种手法只有超级大庄才敢这么干，全部对倒砸对倒吃，这单子吓得散户狂丢筹码，不知道他是什么意图在这里做这么大的量，但是可以确定他包里有的是货
走了 受不了啦,"https://guba.eastmoney.com/news,600735,771163070.html",2018-07-06 14:35:37,走了 受不了啦
看了一小时了 ，这庄家牛逼不是一般的牛逼,"https://guba.eastmoney.com/news,600735,771161896.html",2018-07-06 14:33:20,看了一小时了 ，这庄家牛逼不是一般的牛逼
跌吧 跌的越深越好,"https://guba.eastmoney.com/news,600735,771166652.html",2018-07-06 14:42:06,RT
今天你不跌停你就死[鼓掌]6元等你，来吧,"https://guba.eastmoney.com/news,600735,771166188.html",2018-07-06 14:41:24,今天你不跌停你就死6元等你，来吧
真是不走寻常路！,"https://guba.eastmoney.com/news,600735,771165259.html",2018-07-06 14:39:50,真是不走寻常路！
主力送筹阶段,"https://guba.eastmoney.com/news,600735,771161893.html",2018-07-06 14:33:17,主力送筹阶段
走咯[微笑],"https://guba.eastmoney.com/news,600735,771161430.html",2018-07-06 14:32:28,走咯
希望最后30分拉停,"https://guba.eastmoney.com/news,600735,771150889.html",2018-07-06 14:12:04,最后30的分种的冲刺，期待昨日的故事
耐心十胆量＝胜利,"https://guba.eastmoney.com/news,600735,771149603.html",2018-07-06 14:09:45,耐心十胆量＝胜利
全是大单在出货。,"https://guba.eastmoney.com/news,600735,771147080.html",2018-07-06 14:04:43,全是大单在出货。
恶心,"https://guba.eastmoney.com/news,600735,771146183.html",2018-07-06 14:02:56,恶心
跑了,"https://guba.eastmoney.com/news,600735,771145902.html",2018-07-06 14:02:26,跑了
还要下 ，MD,"https://guba.eastmoney.com/news,600735,771144352.html",2018-07-06 13:59:24,RT
这个庄是高手，昨天打板，今天才是收货,"https://guba.eastmoney.com/news,600735,771016191.html",2018-07-06 09:50:04,这个庄是高手，昨天打板，今天才是收货
遭洗出了，狗庄,"https://guba.eastmoney.com/news,600735,771127736.html",2018-07-06 13:29:24,遭洗出了，狗庄
猛狮科技封板,"https://guba.eastmoney.com/news,600735,769320440.html",2018-06-28 10:50:39,猛狮科技封板
来个我们不一样不一样,"https://guba.eastmoney.com/news,600735,771123339.html",2018-07-06 13:21:10,来个我们不一样不一样
明显的对到出货,"https://guba.eastmoney.com/news,600735,771122258.html",2018-07-06 13:19:04,明显的对到出货
不能买，主力还在逃，,"https://guba.eastmoney.com/news,600735,771121662.html",2018-07-06 13:17:48,不能买，主力还在逃，
今天就是玩的海底捞鱼……,"https://guba.eastmoney.com/news,600735,771119812.html",2018-07-06 13:14:12,今天就是玩的海底捞鱼……
走势怪异。让市盈率跌到3、4倍，创个世界纪录吧！,"https://guba.eastmoney.com/news,600735,771119789.html",2018-07-06 13:14:10,走势怪异。让市盈率跌到3、4倍，创个世界纪录吧！
完美极了,"https://guba.eastmoney.com/news,600735,771116665.html",2018-07-06 13:07:46,完美极了
低位一个漂亮的倒锤子线，极有可能行情反转。当,"https://guba.eastmoney.com/news,600735,771110723.html",2018-07-06 12:41:10,低位一个漂亮的倒锤子线，极有可能行情反转。当
继续跟进，啊哈哈,"https://guba.eastmoney.com/news,600735,771045708.html",2018-07-06 10:31:24,继续跟进，啊哈哈
明天继续涨，找准机会加仓,"https://guba.eastmoney.com/news,600735,770867509.html",2018-07-05 16:17:13,明天继续涨，找准机会加仓
好多说人民币贬值利好的 其实除了这点之外 个税也能促进国内部分消费 相辅相成,"https://guba.eastmoney.com/news,600735,769615438.html",2018-06-29 11:33:54,个人所得税法修正案草案于6月19日提请十三届全国人大常委会第三次会议审议，这是个税法自1980年出台以来第七次大修，调高起征点+优化税率级距+新增专项附加扣除，减负将促进消费。
心照不宣，等啥都知道。,"https://guba.eastmoney.com/news,600735,771089438.html",2018-07-06 11:25:49,心照不宣，等啥都知道。
像坐过山车,"https://guba.eastmoney.com/news,600735,771082170.html",2018-07-06 11:16:38,像坐过山车
继续加仓,"https://guba.eastmoney.com/news,600735,771066853.html",2018-07-06 11:00:21,继续加仓
马上下,"https://guba.eastmoney.com/news,600735,771060216.html",2018-07-06 10:51:44,看好
输赢都在自己身上 愿赌服输,"https://guba.eastmoney.com/news,600735,771059426.html",2018-07-06 10:50:33,输赢都在自己身上 愿赌服输
看好明天继续跟进……,"https://guba.eastmoney.com/news,600735,771056019.html",2018-07-06 10:44:49,看好明天继续跟进……
怎么莫名其妙就跌了[为什么],"https://guba.eastmoney.com/news,600735,771055501.html",2018-07-06 10:44:03,怎么莫名其妙就跌了
昨天清仓了，今天6.63又接进来了,"https://guba.eastmoney.com/news,600735,771015000.html",2018-07-06 09:48:02,昨天清仓了，今天6.63又接进来了
本身内需也会扩大的 新华锦的养老也渐渐做大 没什么担心的,"https://guba.eastmoney.com/news,600735,771046373.html",2018-07-06 10:32:17,本身内需也会扩大的新华锦的养老也渐渐做大 没什么担心的
看不清，摸不透的人心,"https://guba.eastmoney.com/news,600735,771051865.html",2018-07-06 10:39:16,看不清，摸不透的人心
这是真正洗盘，下周看新华锦表现,"https://guba.eastmoney.com/news,600735,771045019.html",2018-07-06 10:30:28,这是真正洗盘，下周看新华锦表现
完了，大盘又崩了,"https://guba.eastmoney.com/news,600735,771043365.html",2018-07-06 10:28:08,RT
一个字:跑,"https://guba.eastmoney.com/news,600735,771040707.html",2018-07-06 10:24:05,一个字:跑
今天应该有很多人被洗出去了吧？,"https://guba.eastmoney.com/news,600735,771036744.html",2018-07-06 10:17:46,今天应该有很多人被洗出去了吧？
下午跌成狗,"https://guba.eastmoney.com/news,600735,771036485.html",2018-07-06 10:17:26,RT
不能买，主力还再出逃，,"https://guba.eastmoney.com/news,600735,771030354.html",2018-07-06 10:09:21,不能买，主力还再出逃，
逃，补跌,"https://guba.eastmoney.com/news,600735,771023151.html",2018-07-06 10:00:33,RT
在股市里想赚钱，不是为了投机，需要有好的思维逻辑，还有耐心，信心，恒心,"https://guba.eastmoney.com/news,600735,771021272.html",2018-07-06 09:57:59,在股市里想赚钱，不是为了投机，需要有好的思维逻辑，还有耐心，信心，恒心
妖风四起,"https://guba.eastmoney.com/news,600735,771020304.html",2018-07-06 09:56:30,妖风四起
别激动了，就这么几毛钱，主力也跑不掉的,"https://guba.eastmoney.com/news,600735,771019430.html",2018-07-06 09:55:18,别激动了，就这么几毛钱，主力也跑不掉的
跌七个点再涨停。你觉得主力会拉。 不可能。有一种神秘力量在做空新华锦。 相信我,"https://guba.eastmoney.com/news,600735,771018487.html",2018-07-06 09:54:05,跌七个点再涨停。你觉得主力会拉。 不可能。有一种神秘力量在做空新华锦。 相信我
玩得好,"https://guba.eastmoney.com/news,600735,771011831.html",2018-07-06 09:42:39,玩得好
放量大跌，,"https://guba.eastmoney.com/news,600735,771015656.html",2018-07-06 09:49:10,放量大跌，
这股跟大盘对着干[围观],"https://guba.eastmoney.com/news,600735,771014486.html",2018-07-06 09:47:11,这股跟大盘对着干
你大爷鸡鸡，一日游,"https://guba.eastmoney.com/news,600735,771011900.html",2018-07-06 09:42:49,你大爷鸡鸡，一日游
大单出小单进，,"https://guba.eastmoney.com/news,600735,771010776.html",2018-07-06 09:40:58,大单出小单进，
市,"https://guba.eastmoney.com/news,600735,771005236.html",2018-07-06 09:32:12,市
冲高回落,"https://guba.eastmoney.com/news,600735,771003964.html",2018-07-06 09:29:18,冲高回落
高开震荡涨停,"https://guba.eastmoney.com/news,600735,771000636.html",2018-07-06 09:20:42,高开震荡涨停
今天就别追了，看看就好,"https://guba.eastmoney.com/news,600735,770999885.html",2018-07-06 09:18:22,今天就别追了，看看就好
希望主力今天再接再动,"https://guba.eastmoney.com/news,600735,770994890.html",2018-07-06 08:51:58,希望主力今天再接再动
没有龙虎榜，不妙啊,"https://guba.eastmoney.com/news,600735,770991063.html",2018-07-06 08:19:50,没有龙虎榜，不妙啊
今天上午，由新华锦集团与韩国延世医疗院共同投资建设的延世大学青岛世福兰斯医院开工,"https://guba.eastmoney.com/news,600735,770114612.html",2018-07-02 19:54:11,"今天上午，由新华锦集团与韩国延世医疗院共同投资建设的延世大学青岛世福兰斯医院开工仪式在青举行。
作为全国首家中韩合资大型综合性医院，以及韩国延世医疗院建院134年来首个海外合作项目，延世大学青岛世福兰斯医院的进展备受关注。据新华锦集团董事长张建华透露，该项目有望于2021年10月投入运营。
延世大学青岛世福兰斯医院一期预备投资总额25亿
延世大学青岛世福兰斯医院是崂山湾国际生态健康城率先启动的项目。项目选址位于崂山湾国际生态健康城区域浦里河以东，小蓬莱山以西，江家土寨河以南，规划湾横四号线以北区域，占地约200亩。建设规模为一期1000张床位，远期约2000—3000张床位，一期预备投资总额25亿人民币。
医院建成后，将由韩国延世医疗院负责医疗技术、医院运营管理，延世医疗院派专家常驻，项目将达到韩国本土医疗技术水平。延世大学青岛世福兰斯医院项目已被列入2018年青岛市医疗卫生系统新旧动能转换重点工程。
韩国延世医疗院是韩国历史最悠久、技术最先进的医疗机构，是韩国最早通过JCI认证和再认证的大型综合性医院，成立以来一直引领韩国医疗行业的发展，在亚洲乃至世界上都备受尊崇与赞誉。医院在心脑血管、癌症诊治、消化系统、脊颈椎神经等方面的诊疗水平处于世界领先水平，被誉为“总统医院”，多年来享有“亚洲最佳医院”的美誉。
开工庆典现场。
新华锦：努力将项目打造成中国最好的综合性医院之一
今年以来，山东省相继召开了新旧动能转换重大工程动员大会和创建全国医养结合示范省启动会议，将医养健康产业确定为新旧动能转换的五大新兴产业之一。青岛市高度重视医养健康产业，制订了健康产业发展规划，实施了健康青岛2030行动，成立了新旧动能转换重大工程战略规划领导小组，并将健康养老列入支持做强做高的九大优势特色产业之一。力争将青岛建设成为全省医疗改革龙头、全国区域医疗中心和国际健康养生宜居名城。崂山湾国际生态健康城正是在这一工作思路指导下开展的规划布局。2017年7月，崂山湾获批国家级健康旅游示范基地，成为全省唯一的国家级医养健康示范区。
新华锦集团是我市外贸龙头企业，近些年来在国际贸易稳定发展基础上，集团积极拓宽经营领域，涉足的金融投资、医养健康产业取得了快速发展。作为国内最早一批涉足养老产业的企业，集团与日本知名上市养老公司于2012年3月在青岛合资建立了中高端国际颐养中心——长乐居。经过六年来的发展，长乐居的运营模式和服务模式都已成熟，平均入住率90％，成为青岛市高标准养老机构的示范窗口。2015年11月，双方又合资成立了养老运营公司，发展养老服务咨询、人员培训、受托管理等业务。
此次与延世医疗院的合作，是新华锦提升区域医养健康产业品质的又一次积极尝试。
新华锦集团张建华董事长表示：“新华锦集团将与延世医疗院真诚、紧密合作，树立以患者为中心的崭新理念，加快医院建设进程，争取到2021年10月，一家充满人文关怀、设施先进、技术高超、服务一流的综合性医院将展现在世人面前。医院将以青岛为中心、直接辐射胶东半岛（青烟威、潍坊）近3000万人口，为一亿山东人提供国际一流的医疗服务，为提升青岛的医疗水平做出积极的贡献。”
新华锦集团董事长张建华在开工仪式致辞。
新华锦集团还邀请到了韩国最优秀的制药企业柳韩洋行入股青岛世福兰斯医院项目，后续新华锦还将与柳韩洋行在医药和生物制药领域开展更加深入的合作，共同开拓中国医药健康市场。
新华锦集团将以青岛世福兰斯医院这一综合医院为核心，设立多家专科医院，打造一个医疗产业集群。新华锦集团表示，将与延世医疗院一起，努力将青岛世福兰斯医院打造成为中国最好的综合性医院之一，建设成为奉献社会、传承百年的福祉民生工程，成为中韩两国友谊的新象征和双方深入交流合作的新典范。
运营人员： 赵颖 MX007"
