标题,链接,发布时间,内容
都T起来，散户好T看主力玩的欢我们也玩起来，谁吃亏还不一定,"https://guba.eastmoney.com/news,600810,612480847.html",2017-02-28 13:50:29,都T起来，散户好T看主力玩的欢我们也玩起来，谁吃亏还不一定
你以为就你主力能做，我做起来比你还溜，钱少，看谁怕谁，不期望你涨了，今天开始每天,"https://guba.eastmoney.com/news,600810,612480150.html",2017-02-28 13:49:07,你以为就你主力能做，我做起来比你还溜，钱少，看谁怕谁，不期望你涨了，今天开始每天T
既然这样，我也做T赚钱呗，有什么。,"https://guba.eastmoney.com/news,600810,612478344.html",2017-02-28 13:45:10,既然这样，我也做T赚钱呗，有什么。
此股已死请烧纸,"https://guba.eastmoney.com/news,600810,612478121.html",2017-02-28 13:44:42,你要我全给你，88垃圾，祝留下来的朋友发财
早上到现在一共40000多手，其中主力砸盘35000手，一直往下砸,"https://guba.eastmoney.com/news,600810,612477370.html",2017-02-28 13:42:58,早上到现在一共40000多手，其中主力砸盘35000手，一直往下砸
砸了3分钟了，难道主力老总绿帽子戴好了，又喜当爹了？,"https://guba.eastmoney.com/news,600810,612474597.html",2017-02-28 13:37:29,砸了3分钟了，难道主力老总绿帽子戴好了，又喜当爹了？
PA66涨价，你们卖吧，成本不高我是不卖的,"https://guba.eastmoney.com/news,600810,609003264.html",2017-02-15 11:28:40,"PA66涨价，你们卖吧，成本不高我是不卖的
怎么也要拉几个点才走"
重磅消息！！！明天跌停！！,"https://guba.eastmoney.com/news,600810,612106838.html",2017-02-27 10:32:40,大家今天最后机会，再不跑就来不及！！！
侥幸与犹豫,"https://guba.eastmoney.com/news,600810,612379369.html",2017-02-28 09:34:01,侥幸是加大风险的罪魁，犹豫则是错失良机的祸首。
业绩还不报上了再不报就告你。,"https://guba.eastmoney.com/news,600810,612248624.html",2017-02-27 17:23:10,垃圾公司。。。。。。。。。。。。。。。。。。。。。。。。。。。。。。
连续三根上影，如果是仙人指路，明天即使大盘破位也必须收出阳实体柱。盘面感觉神马主,"https://guba.eastmoney.com/news,600810,612263018.html",2017-02-27 18:33:17,连续三根上影，如果是仙人指路，明天即使大盘破位也必须收出阳实体柱。盘面感觉神马主力心有余而力不足，小散其实卖盘已经惜售，主要是一些点对点的中大户资金的砸盘。明日主力背水一战，再拉不来盟军伙伴，或没有利好消息，如果大盘头部确认，不排除本周回到10.4一线支撑位附近。众好友宜半仓操作。
3个月内上30元！！立贴为证！！！,"https://guba.eastmoney.com/news,600810,612315568.html",2017-02-27 22:30:14,我坚持看好双马，请大家坚决持有！！
今天亏8万，神马你这个垃圾货！！！,"https://guba.eastmoney.com/news,600810,612212431.html",2017-02-27 15:09:00,有比这更垃圾的股票吗？
这垃圾，真是恶心！,"https://guba.eastmoney.com/news,600810,612209315.html",2017-02-27 15:01:28,这垃圾，真是恶心！
这几天主力差不多出完了,"https://guba.eastmoney.com/news,600810,612195294.html",2017-02-27 14:32:01,这几天主力差不多出完了
下一个天山股份,"https://guba.eastmoney.com/news,600810,612157135.html",2017-02-27 13:05:39,下一个天山股份
w出来混总是要还:风险是涨出来的、机会是跌出来的,"https://guba.eastmoney.com/news,600810,612017145.html",2017-02-26 22:20:10,"出来混总是要还:风险是涨出来的、机会是跌出来的

银行股整体股价超越大盘4000点的水平，高位压力凸显
中字头、PPP、次新股、黑色系、金融、混改、一带一路过后炒什么？
软件、电子通信、医药、军工股价长期处于高位波动状，发动大行情可能性微乎其微
炒高了的概念接“盘侠”越来越难招募，长期强压极度超跌低价高送转也许还是不错的选择

　　在年报和披露的窗口期，趁指数调整逢低大胆低吸低价高送转股，分红季就是高送转，性价比越高越好,不看噱头一定要看对投资者实实在在的态度

1） 5元股，和邦生物603077,2016年净利润盈利同比增长:25.07%-45.91%

　　2016年度利润分配预案的主要内容：公司拟以2016年12月31日的总股本向全体股东每10股转增10股、送红股2股（含税）、派现金红利0.1元（含税）。

2） 12元股，凯迪生态（000939）,2016年净利润同比增长0.37%-23.78%
　　2016年度利润分配预案的主要内容：公司拟以2016年12月31日的总股本向全体股东每10股送转增20股"
从神马看媒体，律师，和股民,"https://guba.eastmoney.com/news,600810,611886808.html",2017-02-25 22:00:45,"本来不想多写有关神马的任何东西了，因为自己有持仓免得被自己的利益蒙住了眼睛，观点有所偏离。但还是觉得一吐为快，作为一个业余的投资者，我们可能在投资的时候有对大盘的判断和公司的判断有所失误，有损失也是可以承受的。但我们切不可被别有用心的媒体所误导，有关神马的报道，我觉得如果媒体实事求是的报道事实即可，但我看到一周两篇报道，内容属实，但标题显然是夸大其词，不亚于编造的做法，不得不让人觉得这样的文章已经丧失一个媒体人的良知了，我们可不想再被人忽悠一次。尤其是华夏时报，本人是水皮的粉丝，无论微博还是公众号每期必读，但华夏时报的这个周末的标题，让我生疑。
有关律师，我用个亲身经历的实际例子，我有一笔投资酒店式公寓的坏账，律师费花了4万，官司和解了，但分文拿不到因为执行不了。后来有同事介绍有实力的律师专注于执行案子，按标的也要4万，我说这个执行是关键，执行成了，无论收到多少我给你一半（标的是一百多万），但执行之前分文没有，这个律师再也没有和我联系。律师再没有把握的官司他都会怂恿你做，因为他看到的是钱。
再看神马的虚假陈述案，按发生过的佛山照明一案，股民的损失计算应该2014年年报披露之后至虚假陈述被公告之日（2015年12月7日）期间买入股票，且在公告之后卖出或继续持有同买入比较之后的损失，同时需要减除系统造成的损失（这个是指同期大盘的系统下跌损失）。神马2015年12月7日前最后交易日的收盘价格是10.05，同一日上证指数3524.99。按目前神马的价格，之前买入，今天继续持有神马的人是没有损失可索赔的。在12月7日之前持有而后卖出有损失的股民确实可以索赔，但如果考虑系统造成的损失，那么神马实际因虚假陈述造成的损失是有限的。
神马现在的股价超过上证指数3500点的价位，说明虽然有这个虚假陈述而引发案子存在，但这个公司估值还是在逐步得到市场的认同。我只是希望无论是媒体，律师还是我们持有或盼望神马跌到底介入的股民都保持一份良知和理性。
免责声明，本人持有相当多的神马股份，这在个人组合里可以看到，以上意见系一家之言，读者审慎。"
吓唬小散收集筹码。,"https://guba.eastmoney.com/news,600810,610864306.html",2017-02-22 04:17:31,"做这些事的要么脑了进水，要么是做秀，极少数可能为了正义，说此话的理由是凭什么是因为所谓的虚增营业收入对他们投资损失有影响，他们是凭营业收入投资的吗！那他们为什么不买大盘蓝筹股，如银行股。对于上市公司这类行为应当是处罚，而不是赔偿，对于那些虚增利润等核心数据，对投资者确实能产生损失的就应当赔偿！一个上市公司一般都有若干个子公司、孙公司等，有实际控制的，也有可能不实际控制，总牵涉到合并报表的问题，对收入不同的理解可能产生不同的数据，但其利润是不会变的。所以始终就虚增营业收入说事，就是我说的上面情形。如果你觉得神马产品不错，公司有发展前景，你不至于经常搬出这些来吓唬小散，引起股价的波动，来收集筹码。

兄台高见"
神马的未来,"https://guba.eastmoney.com/news,600810,610077561.html",2017-02-18 23:05:55,"本人持有神马股份一年半，声明一下，至今获利超过百分之二十。曾经坚定看好神马股份，现在有些迷漫，现将在网上收集到的关于神马的信息，向各位股友通报一下，请各位股友自行判断。
1.神马孙公司神马华威，今年上半年将搬迁至叶县化工园区。
2，神马多头纺丝攻关项目于16年底完成。
3，科技部重点项目在神马启动完成日期为17年底。
4，年产1万吨芳纶帆布工程今年将完成。
5，尼龙科技公司年产7万吨PA6切片17年十月投产。
6，平顶山科技局十三五规划明确提出为平煤神马集团年产10万吨己二腈项目打好坚实技术基础。
7，梁铁山会见信达资产投资部客人，信达资产明确提出以参股形式与平煤神马集团在尼龙化工，医疗。及国际产能方面进行合作"
从走势看，神马波浪上升仍不改！30元见！！,"https://guba.eastmoney.com/news,600810,612017872.html",2017-02-26 22:26:49,从走势看，神马波浪上升仍不改，后市可期，偶尔短暂的回调，也是为了下一波冲得更高，业绩会骗人，消息会骗人，但K线是用钱堆积起来的，钱是不会骗人的。相信我，没错！30元见！！
[大笑],"https://guba.eastmoney.com/news,600810,612116755.html",2017-02-27 10:52:24,
今天任务又完成，11.09卖出，10.9买入。,"https://guba.eastmoney.com/news,600810,612096349.html",2017-02-27 10:12:35,胜利哈哈哈哈哈哈哈哈哈。。。。。。。。。。。。。。
天天如此冲一下就跌，这是要啥呢？？,"https://guba.eastmoney.com/news,600810,612087370.html",2017-02-27 09:56:42,天天如此冲一下就跌，这是要啥呢？？
神马股份投资者4月上庭索赔千万,"https://guba.eastmoney.com/news,600810,611764196.html",2017-02-25 02:07:01,"来源：华夏时报
　　在神马股份(600810.SH)78亿元业绩造假案受到监管层的处罚后，不少受害股民就已着手维权。近日，神马股份造假案受害股民维权出现重大进展。
　　2月21日，神马股份发布公告称，公司在2月20日收到郑州市中级人民法院邮寄送达的《应诉通知书》及相关法律文书。
　　受伤的股民
　　张炜是一名江西南昌的投资者，在看到神马股份于2015年4月24日公布的2014年年报中，公司当年148.86亿元的营收业绩以及同比增长高达95.62%的净利润后，他在2015年6月15日首次以不同的价位共计买入神马股份8000股。
　　“加之当时神马股份一直有注入尼龙化工优质资产的重组预期，我非常看好公司未来的发展前景。”张炜告诉记者。
　　据张炜买入神马股份的交割单数据显示，截止到2015年12月7日，张炜净买入神马股份21200股，综合买入价位为12.24元。
　　但事情并未按照张炜预期的进行发展，在买入神马股份后，神马重组预期告破以及公司关联交易等不利消息的曝出，让神马股价大幅跳水，张炜告诉记者，其损失一度高达10多万元。
　　2016年12月7日，神马股份发布公告称，公司因78亿元业绩造假案受到监管层处罚。在监管层确定神马股份的信披违规后，不少像张炜一样的受害股民就着手维权。“当时我在一个论坛上看到王智斌律师代理了一些神马股份受害投资者的诉讼申请，便与王律师取得联系，委托他代理我的诉讼申请。”张炜说道。
　　从去年底王智斌着手准备神马股份投资人的信息收集，到今年1月份向郑州中院提交诉讼材料。王智斌代理的神马股份股民维权案终于有了眉目。
　　损失金额如何计算
　　根据《应诉通知书》显示，郑州市中级人民法院已受理阮其云等15个自然人诉神马股份证券虚假陈述纠纷一案。15名诉讼人要求公司就信息披露违法行为承担民事赔偿责任，索赔金额为392万元，并要求公司承担本案的诉讼费用。
　　对此，记者联系到本次起诉投资者代理律师王智斌，他告诉记者，本次案件的受理时间比他预期要快，他在今年1月向郑州中院提交诉讼材料。他目前代理的起诉投资者共计13人，索赔金额约为300万元，案件的开庭时间是4月14日。
　　“本次诉讼是我们提起的首批诉讼赔偿，第二批投资者诉讼材料将在3月份提交，大概有50多人，其中24人的起诉金额近600万元，其余投资者的索赔金额还在核算，预计第二批诉讼总的起诉金额接近千万元。除此之外，还有近百位投资者的诉讼材料还在准备之中。”
　　记者就此联系神马股份证代处发言人，他告诉记者神马已就本次案件发布相关公告，具体情况以公告为准。
　　既然神马股份的违规事实已被监管层认定，但对于本案中像张炜一样的受害投资者而言，其该如何维权，他们的损失又该如何计算？
　　从证监会认定的事实来看，神马股份虚增业绩的行为显然对投资者构成了误导，基于合理信赖而买入神马股份的投资者，有权就其损失向上市公司主张赔偿责任。根据法律规定和司法实践，王智斌表示，2015年4月25日至2015年12月3日期间买入神马股份且至2015年12月3日仍持有该股票的投资者，其损失与神马股份虚增业绩行为之间存在因果关系，该部分投资者依法可以提起索赔诉讼。
　　王智斌告诉记者，司法实践中，投资者交易情况千差万别，损失额的计算方法根据不同的交易情况而有所不同，各地法院采用的计算方法也并不统一。具体到神马股份案中，王智斌以张炜的情况为例告诉记者，张炜在符合索赔条件的期限内净买入21200股神马股份，综合买入价位为12.24元，该部分股票在2016年3月4日前也未抛出。按照他们的计算规则，张炜每股可索赔金额是12.24元与7.71元的差价，加上相对应的利息、佣金和印花税损失，张炜共计可以索赔96772.35元。
　　“张炜的投资计算情况并不算复杂，如果某位投资者在2015年4月25日至2015年12月7日期间买入20000股后又在此期间卖出5000股，剩余的15000股中又有5000股在2016年3月4日前抛出，2015年12月8日至2016年3月4日期间又买入2000股，此时该位投资者可索赔金额的计算就比较复杂了。”张智斌告诉记者，如果该位投资者在2015年4月25日前也持有该股票，计算方法则会更为复杂。
　　维权胜诉概率较高
　　张智斌告诉记者，按照证券欺诈理论，任何证券的价格都是证券外在全部信息的综合反映，如果上市公司存在虚假陈述，则必然导致其股价偏离真实价值。具体到神马股份案中，投资者之所以可以索赔，是由于神马股份虚假陈述造成股价处于虚高状态，神马股份应当赔偿虚高价格与真实价格之间的差价。这种差价并不是股票下跌产生的亏损，而是高价买入产生的“亏损”。大部分情况下，这种高位买进产生的亏损与股票下跌产生的账面亏损接近，但也并不完全一致，有些情况下，甚至最终账面实现盈利的投资者，亦可就其在“高位”买入股票产生的损失提起索赔。
　　“像神马股份这么大的造假金额，我认为监管层对其的处罚力度过轻，应当对涉事高管进行严厉处罚。”张炜说道。
　　从近期的监管环境来看，证监会不断加大对上市公司信披造假的监管及处罚力度，证监会主席刘士余也在多个场合强调监管层将大力维护公众投资者权益。监管层对中小投资者权益的保护态度让张炜对本次诉讼案件的审判结果很有信心。
　　而张智斌则从近年来股民维权案件的情况告诉记者，上市公司财务造假被索赔的案例并不鲜见，像莲花健康虚假陈述索赔案、南纺股份虚假陈述索赔案等。在这些案件中，上市公司的财务造假金额远小于神马股份，当时参加诉讼的投资者最终都通过司法程序获得了赔偿。
　　考虑到神马股份目前股价离其持有成本还有较大差额，张炜目前还没将所持神马股份全部卖出。“等神马股份的股价回升到我的成本价，我就会全部卖出持有股票，并且以后再也不会投资像神马股份这样有造假前科的上市公司。”张炜说道。
（来源：华夏时报 2017-02-25 01:38）[点击查看原文]
展开阅读全文"
看不出这狗庄还是画家，K线划得挺圆滑的,"https://guba.eastmoney.com/news,600810,611242609.html",2017-02-23 10:52:28,"看不出这狗庄还是画家，K线划得挺圆滑的

狗庄"
乡亲们我带着大米来慰问你们了,"https://guba.eastmoney.com/news,600810,587213719.html",2017-01-11 16:00:38,9.5是我的心里接入价
庄家控盘度越来越高了，随时后市爆发！,"https://guba.eastmoney.com/news,600810,611732395.html",2017-02-24 21:28:18,庄家控盘度越来越高了，随时后市爆发！
华夏时报混淆视听寓意何为。媒体新闻尤其是标题是最为引人注目的，所以尊重事实是媒体,"https://guba.eastmoney.com/news,600810,611831981.html",2017-02-25 14:16:58,华夏时报混淆视听寓意何为。媒体新闻尤其是标题是最为引人注目的，所以尊重事实是媒体人的基本素养。4月有部分投资人起诉神马的案子将开庭，索赔金额为392万，华夏时报标题为4月起诉索赔千万。不知道是这篇文章的作者数学比小学生还差还是别有用心。但作为一位参与股市投资的散户，我非常鄙视这种不遗余力，极尽文字误导来来影响投资者的媒体人。华夏时报的水皮，我很敬佩，但一箩筐好苹果了有个烂苹果也不足为奇！
虽然减仓操作，但依旧看好600810神马股份和600830香溢融资通。,"https://guba.eastmoney.com/news,600810,611800160.html",2017-02-25 10:18:09,虽然减仓操作，但依旧看好600810神马股份和600830香溢融资通。
可惜了，刚刚没撤到单,"https://guba.eastmoney.com/news,600810,611732437.html",2017-02-24 21:28:17,可惜了，刚刚没撤到单
大单卖，小单买应该警惕了！,"https://guba.eastmoney.com/news,600810,611732118.html",2017-02-24 21:26:48,大单卖，小单买应该警惕了！
就是想看看前管理层会不会被追责……,"https://guba.eastmoney.com/news,600810,611731998.html",2017-02-24 21:26:00,就是想看看前管理层会不会被追责……
卖出了一半，11块以下接回,"https://guba.eastmoney.com/news,600810,611731638.html",2017-02-24 21:24:17,卖出了一半，11块以下接回
下午万手哥还来不来啊？追高了，已被套！,"https://guba.eastmoney.com/news,600810,611731598.html",2017-02-24 21:24:00,下午万手哥还来不来啊？追高了，已被套！
槽，害我10块多都没敢进，还好追了3877大鸟,"https://guba.eastmoney.com/news,600810,611731564.html",2017-02-24 21:23:58,槽，害我10块多都没敢进，还好追了3877大鸟
去年几匹马都上去了，今年就看你这匹神马了。,"https://guba.eastmoney.com/news,600810,611730650.html",2017-02-24 21:19:09,去年几匹马都上去了，今年就看你这匹神马了。
衡量是不是庄托很简单，第一就是看其恶毒的谩骂是否敢骂庄家，骂大股东，骂庄家和大股,"https://guba.eastmoney.com/news,600810,611727941.html",2017-02-24 21:04:54,衡量是不是庄托很简单，第一就是看其恶毒的谩骂是否敢骂庄家，骂大股东，骂庄家和大股东的母亲和祖宗们，而不只是骂和他们相反的发言者；还有一个点就是总不敢留注册的号，披着一个网络或手机号躲在暗处凶恶地谩骂。
别的不说  光看k  线  建仓和洗盘已经结束  剩下的    你懂的,"https://guba.eastmoney.com/news,600810,611681555.html",2017-02-24 17:18:50,别的不说 光看k 线 建仓和洗盘已经结束 剩下的 你懂的
下周必跌，凡是热闹了就是如此。蓝光发展也是这样,"https://guba.eastmoney.com/news,600810,611667215.html",2017-02-24 16:20:55,所以哭吧
卖房子买神马，跟主力一起飞,"https://guba.eastmoney.com/news,600810,610915063.html",2017-02-22 10:04:04,在打官司前冲向45元
今天太爽了11.28卖出，10.98买回。,"https://guba.eastmoney.com/news,600810,611575303.html",2017-02-24 11:37:09,爽的不想说话了哈哈哈哈。。。。。。。。。。。。。。。。。。。。。。。。。。。。。。。。。。
没人别马腿啊,"https://guba.eastmoney.com/news,600810,611650206.html",2017-02-24 15:12:35,没人别马腿啊
内幕消息：下午涨停。原因如下,"https://guba.eastmoney.com/news,600810,610649020.html",2017-02-21 11:20:32,"内幕消息：下午涨停。原因如下

因为有狗庄操盘
产品涨价狗庄下午发威直线涨停

快买

下午涨停"
今天满仓神马,"https://guba.eastmoney.com/news,600810,611607672.html",2017-02-24 13:39:08,
死马,"https://guba.eastmoney.com/news,600810,611601609.html",2017-02-24 13:25:28,死马
微利走人,"https://guba.eastmoney.com/news,600810,611596242.html",2017-02-24 13:13:00,微利走人
17万股，开心,"https://guba.eastmoney.com/news,600810,611541015.html",2017-02-24 10:29:41,谢谢主力，操盘思路反方向，欣赏
这走势也太恶心了吧！,"https://guba.eastmoney.com/news,600810,611564296.html",2017-02-24 11:13:04,这走势也太恶心了吧！
日线，周线都kdj金叉，还不买是有问题，看翻倍,"https://guba.eastmoney.com/news,600810,611547274.html",2017-02-24 10:40:55,日线，周线都kdj金叉，还不买是有问题，看翻倍
这图真好看！,"https://guba.eastmoney.com/news,600810,611539559.html",2017-02-24 10:27:08,这图真好看！
河南省人民政府,"https://guba.eastmoney.com/news,600810,611504703.html",2017-02-24 09:20:54,"河南省人民政府
关于省属国有工业企业发展混合所有制经济的
实　施　意　见


豫政 〔2016〕47号




各省辖市、省直管县(市)人民政府,省人民政府各部门:

　　为贯彻落实《国务院关于国有企业发展混合所有制经济的意见》(国发〔2015〕54号)精神,推进省属国有工业企业混合所有制改革,现结合我省实际,制定本实施意见。

　　一、总体目标

　　坚持完善社会主义基本经济制度,坚持市场化改革方向,着眼于夯实社会主义市场经济的微观基础,通过混合所有制改革,推动省属国有工业企业建立现代企业制度,完善法人治理结构,优化国有资本布局,实现国有资产保值增值,不断增强省属国有工业企业的经济影响力、市场竞争力、发展引领力。两年内基本完成省属国有工业企业混合所有制改革。

　　二、基本原则

　　——政府引导,市场运作。尊重市场经济规律和企业发展规律,以企业为主体,充分发挥市场机制作用,把引资本与转机制相结合,把产权多元化与完善企业法人治理结构相结合,探索省属国有工业企业混合所有制改革的有效途径。

　　——完善制度,保护产权。以保护产权、维护契约、统一市场、平等交换、公平竞争、有效监管为基本导向,切实保护混合所有制企业各类出资人的产权权益,调动各类资本参与发展混合所有制经济的积极性。

　　——严格程序,规范操作。坚持依法依规,健全国有产权流转程序,切实做到规则公开、过程公开、结果公开。强化交易主体和交易过程监管,防止暗箱操作、低价贱卖、利益输送、化公为私、逃废债务,杜绝国有资产流失。

　　——因企制宜,加快推进。区别不同层级,选择不同的改革实施路径,宜独则独、宜控则控、宜参则参,一企一策,加快推进省属国有工业企业混合所有制改革。

　　三、推进重点

　　(一)重点推进二级及以下子公司层面混合所有制改革。企业集团公司要精简管理层级,原则上控制在三级以内,重点推进二级及以下子公司层面混合所有制改革。处于充分竞争行业和领域的主业子公司,积极引入社会资本实现股权多元化,实现国有资本的优化配置。以煤炭为主业的子公司,要结合化解过剩产能、整合保留煤炭板块、优化布局,在保持国有资本控股的前提下,积极引入战略投资者,扩大非公有资本的持股比例。与主业相配套的辅业子公司,加快推进主辅分离辅业改制,实现国有资本全部退出或少量参股。对三级以下子公司要加强内部资源整合,通过兼并重组、产权转让、解散注销、关闭破产等方式,分类分批实现国有资本有序退出。

　　(二)加快集团公司层面股份制改革步伐。除国有资本投资、运营公司保持国有独资性质外,集团公司层面要加快股份制改革步伐,引进战略投资者,实现产权多元化。已实现股权多元化的集团公司,要加快实施资产证券化,积极推进改制上市,通过整体上市、增发配股、资产置换、并购重组、发行可转债等多种方式,引进各类投资者,调整国有股权比例,形成股权结构多元、股东行为规范、内部约束有效、运行高效灵活的经营机制。

　　四、正确引导

　　(一)鼓励非国有资本参与省属国有工业企业混合所有制改革。打破所有制界限,鼓励非公有资本、集体资本和外资等非国有资本投资主体按照市场规则,参与省属国有工业企业混合所有制改革。非公有资本投资主体可以货币出资或以实物、股权、土地使用权等法律、法规允许的方式出资。允许经确权认定的集体资本、资产和其他生产要素作价入股。在符合外商投资产业指导目录、外商投资项目核准和备案管理办法等前提下,积极引入外资参与省属国有工业企业改制重组、合资合作,鼓励外资参股省属国有工业企业投资项目。

　　(二)鼓励省属国有工业企业以多种方式入股非国有企业。积极推进国有资本投资、运营公司试点工作,充分发挥其资本运作平台作用,提高国有资本的流动性。推动国有资本通过市场化方式,以高新技术、生态环保和战略性新兴产业等重点领域,以市场选择为前提,以资本为纽带,对发展潜力大、成长性好、带动力强的非国有企业进行股权投资。支持省属国有工业企业与非国有资本共同设立股权投资基金,参与企业改制重组。

　　五、混改模式

　　(一)入股新建。对省属国有工业企业新上项目或新注册子公司,采取入股新建等方式,引导非国有资本与国有资本合资合作,共同发展。省属国有工业企业定期向社会公布符合产业政策、有利于转型升级的合资合作项目,吸引非国有资本进入,在资本、技术、市场、管理等方面开展合作。

　　(二)并购重组。省属国有工业企业要把并购重组作为搞活企业、盘活国有资产的重要途径。按照主业相近、产业相关的原则,与战略投资者实施并购重组,发挥资产、资源的集聚效应。支持非国有资本采用现金收购或股权收购支付方式,围绕核心主业实施产业板块关联性整合,发挥规模优势,提升核心竞争力。

　　(三)债务重组。对煤炭、钢铁等传统优势行业,鼓励采取债务重组等方式,减轻企业债务负担,使不同所有制资本结成利益共同体。推动国有金融机构将煤炭、钢铁等企业债权转为股权,降低企业资产负债率。本着降低企业成本、促进债务重组的原则,经双方协商一致可采取修改原定债务偿还条件、分期分批偿还债务或其他债权回购方式。

　　(四)股权置换。对产业链上下游和优势互补企业,采取股权置换等方式,实现不同投资主体之间的交叉持股,建立利益关联。推动煤化、煤电股权置换和重组,以资本为纽带,推动融合发展。

　　(五)员工持股。坚持激励和约束相结合原则,支持符合条件的省属国有工业企业通过试点稳步推进员工持股工作。对已完成或拟实施混合所有制改革的企业,允许经营管理层、核心技术人员和业务骨干人员出资入股;允许企业新上项目、新设企业与外部投资者、项目团队共同设立混合所有制企业,其中,创投或投资类新上项目、新设企业可以实行员工持股;允许人才资本和技术要素贡献占比较高的高新技术企业、科技服务型企业的管理层、核心技术人员持股。员工持股主要采取出资购股、奖励股权和技术折股等方式。

　　六、健全机制

　　(一)进一步确立企业的市场主体地位。政府不得干预企业自主经营,股东不得干预企业日常运营,确保企业治理规范、激励约束机制到位。落实董事会对企业高级经营管理人员选聘、业绩考核和薪酬管理等职权,法无授权任何政府部门和机构不得干预,切实维护企业的市场主体地位。坚持以资本为纽带完善混合所有制企业管理方式、分配激励机制,做好用工总量、工资总额、管理人员指数等三个总量控制工作,推动企业内部管理人员能上能下、员工能进能出、收入能增能减,转换经营机制,有效激发企业内在活力。

　　(二)健全混合所有制企业法人治理结构。混合所有制企业要建立健全现代企业制度,明晰产权,同股同权、同股同利、同股同责,依法保护股东权益,实现治理理念、利益诉求、责任承担、管理制度等方面的深度融合。规范企业股东(大)会、董事会、经理层、监事会和组织的权责关系,按照企业章程行使职权,依规则运行,形成定位清晰、权责对等、运转协调、制衡有效的法人治理结构。国资监管机构及国有企业董事会委派的股东代表参加股东会议,要按照委托人的指示提出提案、发表意见、行使表决权,并将履行结果及时上报委托人。

　　(三)完善混合所有制企业职业经理人制度。建立符合我省实际的资质评价体系,培育和完善职业经理人市场。鼓励现有混合所有制企业实施职业经理人制度,鼓励新设混合所有制企业自成立之日起实施职业经理人制度。按照建立现代企业制度的要求,建立市场导向的选人用人和激励约束机制,通过市场化方式选聘职业经理人依法负责企业经营管理,畅通现有经营管理者与职业经理人的身份转换渠道。职业经理人实行任期制和契约化管理,按照市场化原则决定薪酬,可以采取多种方式探索中长期激励机制。严格职业经理人任期管理和绩效考核,完善退出机制。

　　七、规范操作

　　(一)严格审批程序。省属国有工业企业实施混合所有制改革前应制定混合所有制改革方案。集团公司层面改革方案报省政府国资委批准;重要国有企业改制后国有资本不再控股的,报省政府批准。子公司层面改革方案,按产权归属报出资人批准。方案审批时,要加强对社会资本质量、合作方诚信与操守、债权债务关系等内容的审核。要充分保障企业职工对国有企业混合所有制改革的知情权和参与权,涉及职工切身利益的要做好评估工作,职工安置方案要经职代会审议通过。

　　(二)规范操作流程。在组建和注册混合所有制企业时,要依法依规,规范国有资产授权经营和产权交易等行为,健全清产核资、评估定价、转让交易、登记确权等国有产权流转程序。清产核资要按照“谁投资、谁所有、谁受益”的原则,核实和界定国有资本金及其权益,涉及资产损失认定与处理的,必须按有关规定履行批准程序,法定代表人和财务负责人对清产核资结果的真实性、准确性负责。评估定价必须聘请具备资格的资产评估事务所进行资产和土地使用权评估,评估结果由审批改革方案的单位进行核准备案。转让交易应当在依法设立的产权交易机构中公开进行,防止国有资产流失。登记确权要在国有产权发生变动后按照相关规定办理。

　　(三)健全定价机制。通过产权、股权、证券市场发现和合理确定资产价格,发挥专业化中介机构的作用,借助多种市场化定价手段,完善资产定价机制,实时公开信息,加强社会监督,防止利益输送。严格实施国有企业资产损失责任追究制度,对造成国有资产损失的责任人依法严肃追究责任。

　　(四)切实加强监管。政府有关部门要加强对省属国有工业企业混合所有制改革的监管,不断完善国有产权交易规则和监管制度。省政府国资委对改革中出现的违法转让和侵吞国有资产、化公为私、利益输送、暗箱操作、逃废债务等行为,要依法严肃处理。省审计厅要依法履行审计监督职能,加强对改制企业原国有企业法定代表人的离任审计。充分发挥第三方机构在清产核资、财务审计、资产定价、股权托管等方面的作用。加强企业内部职工监管,进一步做好信息公开工作,自觉接受社会监督。

　　八、营造环境

　　(一)加强产权保护。建立完善产权保护制度,健全严格的产权占有、使用、收益、处分等完整保护制度,依法保护混合所有制企业各类出资人的产权和知识产权权益。在立法、司法和行政执法过程中,坚持对各种所有制经济产权和合法利益给予同等法律地位。

　　(二)完善支持措施。省发展改革委要加强协调,统筹推动省属国有工业企业混合所有制改革。省政府国资委要研究出台省属国有工业企业混合所有制改革操作指引,简化省属国有工业企业混合所有制改革审批程序。省委组织部要根据不同类型混合所有制企业特点,明确组织的设置方式、职责定位和管理模式。省工业和信息化委要引导推动民营资本参与省属国有工业企业混合所有制改革。省财政厅要合理安排国有资本经营预算资金,加大对省属国有工业企业混合所有制改革的资金支持力度,妥善解决职工安置资金缺口弥补问题。省人力资源社会保障厅要进一步完善企业分流安置人员劳动关系调整及社会保险关系接续、职工安置费用预提等具体政策,确保企业职工队伍稳定。省国土资源厅要根据省属国有工业企业混合所有制改革的需要,支持企业采取出让、租赁、国家作价出资(入股)、授权经营和保留划拨用地等方式进行土地资产处置。省国税局、地税局要依法落实省属国有工业企业混合所有制改革涉及的企业重组所得税政策,增值税免征、契税减征或免征等税收优惠政策。省工商局要简化办事流程,开通“绿色”通道,为企业注册和变更登记提供便利。省政府金融办、各金融机构要切实帮助省属国有工业企业降低债务负担,不抽贷、不断贷。

　　(三)完善资本市场。加快建设服务功能完善、运营规范高效的区域股权交易市场,完善股权、债券、资产证券化等产品交易机制。推动区域股权交易市场与工商部门、银行等金融机构对接协同,发展区域股权市场的股权质押融资业务,促进优质挂牌企业发展壮大。推动我省股份制企业股权统一集中登记托管,加快资源整合集中,促进企业规范运作和长期发展。

　　(四)抓好改革实施。加大舆论引导和政策解读力度,营造锐意改革的浓厚氛围。因企制宜制定混合所有制改革方案,充分调动企业、职工、社会等各方积极性,形成改革合力。建立鼓励探索、实践、改革、创新的容错机制。

　　河南省人民政府

　　2016年7月6日
展开阅读全文"
11.60被套的人太多了，想冲过去太难了,"https://guba.eastmoney.com/news,600810,611272409.html",2017-02-23 12:09:27,11.60被套的人太多了，想冲过去太难了
今天解套没卖后悔中。。。。。,"https://guba.eastmoney.com/news,600810,611361232.html",2017-02-23 16:28:41,今天解套没卖后悔中。。。。。
上市公司与煤体勾结骗筹码,"https://guba.eastmoney.com/news,600810,611245433.html",2017-02-23 10:57:56,今天的走势说明一切，加速上涨，直冲45元
明天至少又是四个点的跌幅，低开低走中阴线，唉，追的太高了，已经套牢了,"https://guba.eastmoney.com/news,600810,611366541.html",2017-02-23 16:50:59,明天至少又是四个点的跌幅，低开低走中阴线，唉，追的太高了，已经套牢了
卖了,"https://guba.eastmoney.com/news,600810,611426918.html",2017-02-23 21:32:14,11.19
回头马,"https://guba.eastmoney.com/news,600810,611428705.html",2017-02-23 21:41:07,回头马
我已成功解套,"https://guba.eastmoney.com/news,600810,611253868.html",2017-02-23 11:15:33,我已成功解套
易成熄了，神马启动？求解。。。。。,"https://guba.eastmoney.com/news,600810,611393453.html",2017-02-23 18:51:40,易成熄了，神马启动？求解。。。。。
神马,"https://guba.eastmoney.com/news,600810,611326055.html",2017-02-23 14:36:16,神马
有点恶心！,"https://guba.eastmoney.com/news,600810,611315818.html",2017-02-23 14:14:16,有点恶心！
真的很可惜啊，这主力把11.60洗成了重压力区，真服了,"https://guba.eastmoney.com/news,600810,611312559.html",2017-02-23 14:07:17,真的很可惜啊，这主力把11.60洗成了重压力区，真服了
主力，果然号好的趋势要搞坏了，现在可好，又埋了一批，以后上去压力更大,"https://guba.eastmoney.com/news,600810,611311211.html",2017-02-23 14:05:00,主力，果然号好的趋势要搞坏了，现在可好，又埋了一批，以后上去压力更大
可惜了，刚刚没撤到单,"https://guba.eastmoney.com/news,600810,611308102.html",2017-02-23 13:58:32,可惜了，刚刚没撤到单
明天养老金入市，快买,"https://guba.eastmoney.com/news,600810,611303166.html",2017-02-23 13:48:17,"明天养老金入市，快买
"
这么好的趋势，主力又想搞黄了，虽然半仓在手也不怕，可毕竟还是希望涨上去啊,"https://guba.eastmoney.com/news,600810,611301022.html",2017-02-23 13:43:44,这么好的趋势，主力又想搞黄了，虽然半仓在手也不怕，可毕竟还是希望涨上去啊
加仓,"https://guba.eastmoney.com/news,600810,611296177.html",2017-02-23 13:32:49,加仓
收盘价10.85,"https://guba.eastmoney.com/news,600810,611295708.html",2017-02-23 13:31:37,收盘价10.85
神马股份因虚增利润遭投资人索赔392.49万元,"https://guba.eastmoney.com/news,600810,610950881.html",2017-02-22 11:13:40,"来源：中国经济网
　　神马股份21日晚间公告，公司收到郑州市中级人民法院邮寄送达的《应诉通知书》【(2017)豫01民初字第408号等15个案件】及相关法律文书。
　　根据《应诉通知书》显示，郑州市中级人民法院已受理阮其云等15个自然人诉公司证券虚假陈述纠纷一案，索赔金额为3,924,936.10元人民币。
　　公司表示，鉴于本次诉讼案件尚未开庭审理，目前暂无法判断对公司本期或期后利润的影响。
（来源：中国经济网 2017-02-22 11:10）[点击查看原文]"
大单卖，小单买应该警惕了！,"https://guba.eastmoney.com/news,600810,611286100.html",2017-02-23 13:10:01,大单卖，小单买应该警惕了！
，每个牛股都有散户坑。。。。,"https://guba.eastmoney.com/news,600810,610837451.html",2017-02-21 22:58:39,，每个牛股都有散户坑。。。。
卖出了一半，11块以下接回,"https://guba.eastmoney.com/news,600810,611259752.html",2017-02-23 11:27:43,卖出了一半，11块以下接回
下午万手哥还来不来啊？追高了，已被套！,"https://guba.eastmoney.com/news,600810,611271428.html",2017-02-23 12:04:56,下午万手哥还来不来啊？追高了，已被套！
去年几匹马都上去了，今年就看你这匹神马了。,"https://guba.eastmoney.com/news,600810,611239077.html",2017-02-23 10:45:06,去年几匹马都上去了，今年就看你这匹神马了。
买在了次高点，如何是好？,"https://guba.eastmoney.com/news,600810,611265501.html",2017-02-23 11:42:57,买在了次高点，如何是好？
好马一匹,"https://guba.eastmoney.com/news,600810,611223273.html",2017-02-23 10:15:29,好马一匹
涨停[赞][赞][赞],"https://guba.eastmoney.com/news,600810,611221909.html",2017-02-23 10:12:50,涨停
神马被起诉是好事,"https://guba.eastmoney.com/news,600810,611148158.html",2017-02-22 23:34:11,"神马被起诉是好事，不管官司输与赢，都显示了散户的力量。
神马不注入尼龙化工资产，散户无可奈何，但是不解决关联交易，只要散户坚持投反对票，大股东就必须解决。要解决此问题无非两种途径，1，大股东作出一定程度让步获取投票通过。2，将神马与尼龙化工变成互不相干的两个独立公司。这就需要一家公司控股权转让。
第二种可能性较小，第一种可能性较大。尼龙化工注入与否并不重要，关键是要解决关联交易合并会计报表。
持有神马不是对大股东有信心，而是因为化工品处于涨价大周期，以神马的销售收入，利润大幅度提高是可以期待的。
尤其看其一季度与四季度的环比增幅。"
涨停板节奏,"https://guba.eastmoney.com/news,600810,611207554.html",2017-02-23 09:46:38,牛，卖房买神马
神马股份78亿元财务造假案将于4月14日首次开庭,"https://guba.eastmoney.com/news,600810,609391201.html",2017-02-16 11:51:43,"来源：证券时报网
　　证券时报e公司记者从原告代理律师处获悉，今日收到河南郑州中级人民法院传票，神马股份78亿元财务造假案定于2017年4月14日首次开庭审理。2016年12月22日，神马股份公告收到证监会《行政处罚决定书》，认定公司2014年及2015年上半年共虚增营业收入78亿元。2017年1月9日，首批13位神马股份投资者递交起诉材料，共计索赔302万元。代理律师称，预计神马股份面临的索赔金额将达千万元级别。
（来源：证券时报网 2017-02-16 11:48）[点击查看原文]"
看好11.3,"https://guba.eastmoney.com/news,600810,611204345.html",2017-02-23 09:40:27,看好11.3
"pa66,最新价25800,我又进了半仓，这样吸庄家血是不是不太好[大笑][大笑","https://guba.eastmoney.com/news,600810,610964272.html",2017-02-22 11:48:47,"pa66,最新价25800,我又进了半仓，这样吸庄家血是不是不太好"
这几个人老发神马利空不知是何居心！,"https://guba.eastmoney.com/news,600810,611054210.html",2017-02-22 16:04:44,这几个人老发神马利空不知是何居心！
"别喊人做T,T飞了损失可大了[大笑][大笑][大笑]","https://guba.eastmoney.com/news,600810,611030641.html",2017-02-22 14:52:58,"别喊人做T,T飞了损失可大了"
狗庄爱玩就陪他小玩玩不能玩大的，总之一点均线附近最好以下买入以上卖出。,"https://guba.eastmoney.com/news,600810,611010888.html",2017-02-22 14:12:54,挣个饭钱蛮好。。。。。。。。。。。。。。。。。。。。。。。。。。。。。。
帮同事买卖的，为啥在10.61卖，这地方应该是短线压力位，之所以之前说卖五单子一,"https://guba.eastmoney.com/news,600810,611008071.html",2017-02-22 14:07:20,帮同事买卖的，为啥在10.61卖，这地方应该是短线压力位，之所以之前说卖五单子一笔扫了不是没有理由的
卖出中签新股4毛8买入神马3100股，准备6毛8卖出3100股,"https://guba.eastmoney.com/news,600810,610913030.html",2017-02-22 10:00:21,今天开始换方法了。。。。。。。。。。。。。。。。。。。。。。。。。。。。。。。。。。。。。。。。
卖五单子一笔扫了[大笑],"https://guba.eastmoney.com/news,600810,610983377.html",2017-02-22 13:14:17,卖五单子一笔扫了
78亿造假案,"https://guba.eastmoney.com/news,600810,609578016.html",2017-02-16 21:17:53,尼玛审什么直接突突
庄家手法，一摸一样,"https://guba.eastmoney.com/news,600810,610980611.html",2017-02-22 13:07:26,庄家手法，一摸一样
小牛啊,"https://guba.eastmoney.com/news,600810,605529513.html",2017-02-10 13:32:17,小牛啊
神马神马，神一样的股票,"https://guba.eastmoney.com/news,600810,610876165.html",2017-02-22 07:15:38,神马神马，神一样的股票
抢筹∧钱江生化 祁连山 天原股份 神马股份,"https://guba.eastmoney.com/news,600810,583765638.html",2016-12-29 11:34:22,抢买：钱江生化祁连山天原股份神马股份
25800！又涨了,"https://guba.eastmoney.com/news,600810,610954866.html",2017-02-22 11:22:13,25800！又涨了
别做梦了，还要跌,"https://guba.eastmoney.com/news,600810,610940525.html",2017-02-22 10:52:29,别做梦了，还要跌
不忘初心，方得始终,"https://guba.eastmoney.com/news,600810,588360676.html",2017-01-15 23:45:00,不忘初心，方得始终
老子挂9.30居然还买到了。,"https://guba.eastmoney.com/news,600810,588560272.html",2017-01-16 14:19:55,老子挂9.30居然还买到了。
一个破公告发几次还每天搞出这么多重复的新闻完全是诱导我们投资者的投资情绪大家一起举报证监会,"https://guba.eastmoney.com/news,600810,610927661.html",2017-02-22 10:27:06,看看证监会到底重不重视我们中小投资者心声。。。。。。。。。。
不得不看的锦纶隔夜要闻（20170117）  纯苯：FOB韩国收跌3美元/吨至9,"https://guba.eastmoney.com/news,600810,590190996.html",2017-01-17 18:42:45,"不得不看的锦纶隔夜要闻（20170117）
纯苯：FOB韩国收跌3美元/吨至914.5-915.5元/吨；CFR中国收涨5美元至929-930美元/吨。
己内酰胺：人民币液体华东参考提至17600-17800元/吨承兑送到，报盘更高，惜售明显。
PA6：高速纺切片华东参考报价19500-20000元/吨承兑送到，实盘听闻有200-400元/吨不等让利；常规纺出货重心靠近19000-19500元/吨现金，江苏地区较高在20000-20500元/吨，高位成交一般。"
没量。主力出不来,"https://guba.eastmoney.com/news,600810,610921375.html",2017-02-22 10:16:07,没量。主力出不来
一个破公告发这么多天有病吧，业绩屁话不放。,"https://guba.eastmoney.com/news,600810,610918568.html",2017-02-22 10:10:40,每天小T一把挣个饭钱，风雨无阻。
说好的跌停呢，草,"https://guba.eastmoney.com/news,600810,610899890.html",2017-02-22 09:32:36,说好的跌停呢，草
要卖的快跑，别犹豫[大笑][大笑][大笑][大笑],"https://guba.eastmoney.com/news,600810,610896036.html",2017-02-22 09:21:37,要卖的快跑，别犹豫
明天涨停板,"https://guba.eastmoney.com/news,600810,610840720.html",2017-02-21 23:18:26,庄很强，利空都是涨停板突破
股价到12以上，才会撤诉,"https://guba.eastmoney.com/news,600810,610891560.html",2017-02-22 09:02:48,公司有授意打压股价就上诉到底，除非股价拉上12元以上
明天跌停开盘,"https://guba.eastmoney.com/news,600810,610825499.html",2017-02-21 21:54:53,明天跌停开盘
了吗,"https://guba.eastmoney.com/news,600810,610831896.html",2017-02-21 22:28:08,跑了吗
武汉“光谷”抢占科技创新制高点 来源：人民网,"https://guba.eastmoney.com/news,600810,610807870.html",2017-02-21 20:30:28,~据传湖南广电转让电广传媒股权
还有几批起诉的官司，你都会收到的,"https://guba.eastmoney.com/news,600810,610788206.html",2017-02-21 18:54:35,刘总监亲自过问
又看到买入机会了，还是那句话，10块等你哟，快下来吧[大笑][大笑][大笑][大,"https://guba.eastmoney.com/news,600810,610787733.html",2017-02-21 18:51:36,又看到买入机会了，还是那句话，10块等你哟，快下来吧
就是等这些公告，明天跌停买入，又有肉吃，庄家天天弄些报纸发些假报道，就等你下跌[,"https://guba.eastmoney.com/news,600810,610787363.html",2017-02-21 18:49:48,就是等这些公告，明天跌停买入，又有肉吃，庄家天天弄些报纸发些假报道，就等你下跌
明日下跌开始今日尾盘透多今日卖出好几百万神马都是浮云让我拿什么爱你?,"https://guba.eastmoney.com/news,600810,610760609.html",2017-02-21 16:57:29,明日下跌开始今日尾盘透多今日卖出好几百万神马都是浮云让我拿什么爱你?
请问截止2017年2月20日，股东人数是多少？,"https://guba.eastmoney.com/news,600810,610490401.html",2017-02-20 19:28:12,如题
凶悍昨天做T失败，今天还这样。,"https://guba.eastmoney.com/news,600810,610619061.html",2017-02-21 10:16:56,。。。。。。。。。。。。。。。。。。。。。。。。。。。。。。。。。。。。。。。。
明天涨停，连续涨停，大家都有肉吃,"https://guba.eastmoney.com/news,600810,610516512.html",2017-02-20 21:23:38,明天涨停，连续涨停，大家都有肉吃
10元小盘主板，凭这就可持仓,"https://guba.eastmoney.com/news,600810,610489568.html",2017-02-20 19:24:31,管他神马空即是色，色即是空
表面好象出现利空！背后一定潜藏的重大利好是什么？,"https://guba.eastmoney.com/news,600810,609952954.html",2017-02-18 05:33:03,此时公布了诉讼案件，其目的是什么？多年经验，重大利好就要来了，而且是相当级别的重大的。如一个月内有重大利好消息。那么公布的案件的媒体就是居心叵测！等着看吧
大部分股票都没大盘涨的多,"https://guba.eastmoney.com/news,600810,610339645.html",2017-02-20 13:13:57,大部分股票都没大盘涨的多
神马本就是一家无良公司，不是不报，时候未到,"https://guba.eastmoney.com/news,600810,610236137.html",2017-02-20 09:18:19,神马本就是一家无良公司，不是不报，时候未到
600810:神马股份澄清公告,"https://guba.eastmoney.com/news,600810,609874009.html",2017-02-17 18:52:07,"公告日期：2017-02-18
证券代码：600810 股票简称：神马股份 公告编号：临2017-003



神马实业股份有限公司



澄清公告



本公司董事会及全体董事保证本公告内容不存在任何虚假记载、误导性陈述或者重大遗漏，并对其内容的真实性、准确性和完整性承担个别及连带责任。







重要内容提示:



2017年2月17日,大众证券报、证券时报等媒体发布了一篇



题为“神马股份近期将开庭，公司曾否认被投资者起诉”的文章。



公司致电郑州市中级人民法院问询被投资者起诉事宜，郑州市



中级人民法院确认：已受理有关投资者起诉本公司证券虚假陈述纠纷案，同时已于近日向本公司发出应诉通知书。截至公告日公司尚未收到应诉通知书。



一、媒体报道简述



2017年2月17日,大众证券报、证券时报等媒体发布了一篇题



为“神马股份近期将开庭，公司曾否认被投资者起诉”的文章。该文章中提及“大众证券报和财信网记者从上海明伦律师事务所王智斌律师处了解到，他昨日刚刚收到郑州市中院发来的传票。传票上显示，法院通知阮其云等13人在4月14日到庭，法院将开庭审理神马股份证券虚假陈述纠纷案”事宜。



二、澄清声明



本公司对上述信息进行了核实，现澄清及说明如下：



公司致电郑州市中级人民法院问询被投资者起诉事宜，郑州市中级人民法院确认：已受理有关投资者起诉本公司证券虚假陈述纠纷案，同时已于近日向本公司发出应诉通知书。截至公告日公司尚未收到应诉通知书。



本公司将在收到郑州市中级人民法院书面应诉通知后，及时履行信息披露义务。



三、风险提示



本公司郑重提醒广大投资者：本公司的指定信息披露媒体为《中国证券报》、《上海证券报》、《证券日报》和上海证券交易所网站（www.sse.com.cn），本公司发布的信息以在上述指定信息披露媒体披露的公告为准，敬请广大投资者理性投资，注意投资风险。



特此公告。



神马实业股份有限公司董事会



2017年2月17日




[点击查看PDF原文]
提示：本网不保证其真实性和客观性，一切有关该股的有效信息，以交易所的公告为准，敬请投资者注意风险。
展开阅读全文"
请问公司PA66的总产能有多大？,"https://guba.eastmoney.com/news,600810,709680936.html",2017-09-26 17:31:05,【问】请问公司PA66的总产能有多大？ 【答】神马股份：14万吨。¶¶2017-09-26 17:31:05 §
怎么回事？跌跌不休了,"https://guba.eastmoney.com/news,600810,610250527.html",2017-02-20 09:54:28,怎么回事？跌跌不休了
上周五下午仅有的一点清仓换春兰股份,"https://guba.eastmoney.com/news,600810,610242933.html",2017-02-20 09:38:04,上周五下午仅有的一点清仓换春兰股份，果然好多了，垃圾不值得留恋，大家找机会撤退吧！
证监会融资新规对神马的影响。,"https://guba.eastmoney.com/news,600810,610013672.html",2017-02-18 14:32:53,百分之二十增发限制和增发价定价日按照这两点神马如注入资产会怎样大家分析分析。。。。。。。。。。。。。。。
关于法院开庭的理解,"https://guba.eastmoney.com/news,600810,609888898.html",2017-02-17 20:07:41,你还澄清公告个屁，都收到传票了，开庭的日子都定了，法院都受理了，你还澄清这不是脱了裤子发屁吗？欺骗广大投资者，就应该拿起法律的武器维权，这只是刚刚开始，你财务造假，利益输送，接二连三的违背承诺，中纪委要是介入一定有老虎，严查严打，追究前董事长王良的责任。财务造假罚公司的钱，法院开庭公司败诉又是公司出钱，这里面有我们广大投资者的利益，应该罚当事人，看谁敢造假。王良滚出公司，你有什么资格当董事？强烈要求中纪委查查王良
600810:神马股份澄清公告,"https://guba.eastmoney.com/news,600810,587590424.html",2017-01-12 15:35:34,"公告日期：2017-01-13
证券代码：600810 股票简称：神马股份 公告编号：临2017-002



神马实业股份有限公司



澄清公告



本公司董事会及全体董事保证本公告内容不存在任何虚假记载、误导性陈述或者重大遗漏，并对其内容的真实性、准确性和完整性承担个别及连带责任。







重要内容提示:



2017年1月9日,21世纪经济报道发布了一篇题为“神马股份



涉78亿财务造假，首批投资者起诉索赔获受理”的文章。



目前公司尚未收到郑州市中级人民法院相关应诉通知。



一、媒体报道简述



2017年1月9日,21世纪经济报道发布了一篇题为“神马股份涉



78 亿财务造假，首批投资者起诉索赔获受理”的文章。该文章中提



及“上海明伦律师事务所王智斌律师告诉21世纪经济报道记者，其



所代理的首批13位投资者的起诉材料已于2017年1月9日递交郑州



市中级人民法院并当场获得法院受理”及公司受到中国证监会河南监管局行政处罚情况。



二、澄清声明



本公司对上述信息进行了核实，现澄清及说明如下：



公司于2015年12月4日收到中国证监会河南监管局送达的《中国证券监督管理委员会调查通知书》(编号：豫调查字201519号)，详见公司于2015年12月8日在上交所网站(www.sse.com.cn)发布的《关于中国证券监督管理委员会对公司立案调查暨股票复牌的公告》(公告编号：2015-023)。



2016年12月6日，公司收到中国证监会河南监管局《行政处罚事先告知书》(编号：豫证监处罚字【2O16】2号），详见公司于2016年12月8日在上交所网站(www.sse.com.cn)发布的《关于收到<行政处罚事先告知书>的公告》(公告编号：2016-031)。



2016年12月20日，公司收到中国证监会河南监管局《行政处罚决定书》（编号：【2O16】1号）,《行政处罚决定书》对公司存在的违法事实进行了认定并决定对当事人进行行政处罚，详见公司于2016年12月22日在上交所网站(www.sse.com.cn)发布的《关于收到<行政处罚决定书>的公告》(公告编号：2016-044)。



目前公司尚未收到郑州市中级人民法院相关应诉通知。



三、风险提示



本公司郑重提醒广大投资者：本公司的指定信息披露媒体为《中国证券报》、《上海证券报》、《证券日报》和上海证券交易所网站（www.sse.com.cn），本公司发布的信息以在上述指定信息披露媒体披露的公告为准，敬请广大投资者理性投资，注意投资风险。



特此公告。



神马实业股份有限公司董事会



2017年1月13日




[点击查看PDF原文]
提示：本网不保证其真实性和客观性，一切有关该股的有效信息，以交易所的公告为准，敬请投资者注意风险。
展开阅读全文"
三川智慧NB-IOT物联网协议影响及与华为合作情况,"https://guba.eastmoney.com/news,600810,610071536.html",2017-02-18 22:09:39,一行三会再聚焦管理方向：稳定银行 风控保
郑州有管辖权吗，为什么不在平顶山起诉，知道有就白起诉。,"https://guba.eastmoney.com/news,600810,610006072.html",2017-02-18 13:33:49,郑州有管辖权吗，为什么不在平顶山起诉，知道有就白起诉。
这是忽悠消息，为什么在郑州起诉，平顶山的企业和郑州有一毛钱关系,"https://guba.eastmoney.com/news,600810,610005645.html",2017-02-18 13:30:19,这是忽悠消息，为什么在郑州起诉，平顶山的企业和郑州有一毛钱关系
神马股份：投资者诉公司证券虚假陈述案获法院受理,"https://guba.eastmoney.com/news,600810,609884214.html",2017-02-17 19:44:06,"来源：证券时报网
　　神马股份(600810)2月17日晚公告，公司对媒体报道进行了核实。公司致电郑州市中级法院问询被投资者起诉事宜，郑州市中级法院确认，已受理有关投资者起诉公司证券虚假陈述纠纷案，同时已于近日向公司发出应诉通知书。截至公告日，公司尚未收到应诉通知书。
　　
（来源：证券时报网 2017-02-17 19:41）[点击查看原文]"
这个庄真他娘的厉害，就是不知道他筹码收集到什么程度了。,"https://guba.eastmoney.com/news,600810,609912357.html",2017-02-17 21:58:56,这个庄真他娘的厉害，就是不知道他筹码收集到什么程度了。
人挪活，树挪死，不同时期要有不同的策略，咱不能总是抱残守缺，转变观念天地宽！！,"https://guba.eastmoney.com/news,600810,609892168.html",2017-02-17 20:22:01,"人挪活，树挪死，不同时期要有不同的策略，咱不能总是抱残守缺，转变观念天地宽！！
"
公告是啥意思，变相承认？,"https://guba.eastmoney.com/news,600810,609885908.html",2017-02-17 19:52:39,公告是啥意思，变相承认？
哈哈哈哈哈哈这个公告牛掰,"https://guba.eastmoney.com/news,600810,609875993.html",2017-02-17 19:02:45,哈哈哈哈哈哈这个公告牛掰
出货中，偶有反弹请出局！,"https://guba.eastmoney.com/news,600810,609246370.html",2017-02-15 23:15:00,出货中，偶有反弹请出局！
神马股份 的 后势 分析！,"https://guba.eastmoney.com/news,600810,609107953.html",2017-02-15 15:38:42,"经研究，神马股份是一只还没有显山漏水的的大 黑 马！！！
每股净资产接近6元多，神马意思呢？市净率只有2倍多一点，远远低于市场平均市盈率。更可贵的是他的盘子小。
每股资本公积金4元多，神马意思呢？神马股份具有高送转能力！且必高送转！
小盘股效益怎么样？三季度每股所以0.16元 不错了吧！市盈率48 不算高。
走势图如何呢？更不用说 经过一年的夯实基础，到了快速拉升阶段了。经过这次小幅回调，神马要起飞了。高了不说，15轻松飞过。"
兄弟们，大家怎么看这个事情,"https://guba.eastmoney.com/news,600810,609740573.html",2017-02-17 12:06:55,兄弟们，大家怎么看这个事情
今天比较顺利6毛4卖出5毛2买入。,"https://guba.eastmoney.com/news,600810,609734150.html",2017-02-17 11:44:55,今天很满足舒服哈哈。。。。。。。。。。。。。。。。。。。。。。。。。。。。。。。。。。。。
神马主升浪开启,"https://guba.eastmoney.com/news,600810,609631288.html",2017-02-17 05:55:22,创新高，买入再买入
真搞不明白，各行各业都不太景气，我们车间生产的切片生意好的不能行，领导说一个月净,"https://guba.eastmoney.com/news,600810,609634811.html",2017-02-17 06:46:18,真搞不明白，各行各业都不太景气，我们车间生产的切片生意好的不能行，领导说一个月净利润2000万，各生产线开足马力生产还是供不应求，把工人累的要死，看来神马股票可以买了，今天打算买些看看啥情况。
加强监管有助于价值挖掘，坚定神马的持股信心。,"https://guba.eastmoney.com/news,600810,606716557.html",2017-02-12 12:10:52,"周末头条新闻是证券监管会议召开，总体基调是继续加强监管，依法治理，打击非法操纵内幕交易等等。市场的非法投机必然要受影响，对于热衷于消息和短线投机的资金来讲是有压力的。但对于本分投资，依据个人判断，不投机取巧的投资者来讲是机会。

本人投资选股都是依据自己的判断做出选择，就是有人推荐也是重新斟酌，如果和自己的判断不符还是不会投资。虽然自己一再告诫自己不要受市场气氛影响看好的坚定一些，看的远一些，但人的弱点还是占上风，会有一些短线的操作，希望基于T操作降成本，但实际都是出错的多，希望能够克服。具体的错误可以看看我的两个投资组合的买卖，是实际结果，中间错误不少。希望引以为戒。尤其在神马上的错误错失了利润提升的机会。

我们一般的投资者经常做梦于有一个妖股在手，或被借壳，或主力操控自如，你跟着赚钱，试问你何德何能有这样的能耐？我的工作和能源有关，经常有人问我油价后面怎么走？我说商品的价格趋势和股票市场一样，是很难判断的，虽然只有上下两个方向，但我说的正确度也是50%和不说没有两样，我说如果上帝给我能力能预见5分钟后的商品价格，我就有能力买下全世界了。所以别做不切实际的白日梦，逮住了，运气而已，不可强求，更不应该认为自己真的有能力找到妖股。新形势下，价值投资应该是王道。

我把上面的感受放在神马吧里，因为神马是我目前最重仓的股票，而且是准备长期持有的，虽然赚钱的速度没有我另一个组合里太钢不锈那么爽快，而且已经了结，但那也是个T失败的案例。回过头来讲神马。神马和黑猫一样是基于业务规模和基本面判断认为的一个被低估的公司，其实早期的黑猫更是这样，只是很快涨了，赚了个小钱就下车了。所以吸取黑猫的教训，神马的持仓就稳了一些，但其实在最初也是T出去过的，主要是大盘不稳吓的，好在追回来了。神马的基本面其实我们都是看得到的，但是没有基金介入，或很少，我不知道原因，但我相信自己的判断。我加大仓位是九月份，当时在一个新产品发布会上，我和一家国际轮胎公司的技术人员聊天的时候刻意询问了一下神马的产品和规模，确实如神马自己宣传的，他们的产品是国内一线产品，规模也是第一，这些坚定了我的持股信心。

神马的重组是个可有可无的题材，虽然大股东理顺关联交易是趋势，中国特色的上市公司总是和大股东有着分不清的关系，但这种关系不应该被大股东滥用来侵占上市公司的利益，随着监管的严厉，财务的透明，长远看是会得到合理解决的。

最后，本人还是坚决相信多数公司的股价是严重高估的，尤其是中小创，乐视已经是创业板的中石油，最后的结局会写入教科书的。蓝筹股和低价国企重组股是17年大盘指数不倒的支柱，在指数不倒的情况下，精心研究找找被低估的公司，或许会有一些黑马。"
涨5个点以上,"https://guba.eastmoney.com/news,600810,604405842.html",2017-02-09 10:51:05,涨5个点以上
4月14日法院开庭是真的吗？你们收到传票,"https://guba.eastmoney.com/news,600810,609560838.html",2017-02-16 20:05:15,"4月14日法院开庭是真的吗？你们收到传票了吗？
神马股份
神马股份：这方面的信息请关注公司披露的公告。
答复时间 2017-09-26 17:31:05"
有旱地拔葱的可能性！,"https://guba.eastmoney.com/news,600810,609555910.html",2017-02-16 19:43:42,有旱地拔葱的可能性！
你们收到法院的传票了吗？,"https://guba.eastmoney.com/news,600810,609549776.html",2017-02-16 19:15:31,你们收到法院的传票了吗？股吧里说的4月14开庭是真的吗？
2016年9月10日，河南能源集团宣布换帅，原商丘市委常委、永城市委书记马富国出,"https://guba.eastmoney.com/news,600810,609512214.html",2017-02-16 16:22:21,"2016年9月10日，河南能源集团宣布换帅，原商丘市委常委、永城市委书记马富国出任集团公司董事长、委书记；2017年1月25日，平煤股份董事刘银志辞职，现任中国平煤神马集团副总经理。
有煤炭行业分析师向记者表示，一般来说，人事调整意味着在酝酿下一步改革。今年国企改革将进入深水区，随着人事调整逐步完成，三大煤炭集团的改革也将拉开序幕。"
7毛卖的不会踏空了吧。,"https://guba.eastmoney.com/news,600810,609346565.html",2017-02-16 10:26:15,？？？？？？？？？？？？？？？？？？？？？？？？？？、、
神马：此股还有大涨劲  可补仓！,"https://guba.eastmoney.com/news,600810,583754968.html",2016-12-29 11:12:25,持股待涨，此股牛牛
今天看神马还是没有主力关注！,"https://guba.eastmoney.com/news,600810,609442331.html",2017-02-16 14:06:40,今天表现看神马是没有主力关注！还是走了，祝大家发财！
涨停已挂单，主力你自己看着办,"https://guba.eastmoney.com/news,600810,609412724.html",2017-02-16 13:11:19,涨停已挂单，主力你自己看着办
今天可以拉人下水。？,"https://guba.eastmoney.com/news,600810,609410048.html",2017-02-16 13:04:11,今天可以拉人下水。？
关于造假开庭,"https://guba.eastmoney.com/news,600810,609409676.html",2017-02-16 13:02:51,别忽悠人，请你晒晒法院的告知书，法院真受理了，请报道法院的庭审情况
快买，涨停就全给你[大笑][大笑][大笑],"https://guba.eastmoney.com/news,600810,609409129.html",2017-02-16 13:01:02,快买，涨停就全给你
下午开盘暴跌13%,"https://guba.eastmoney.com/news,600810,609392620.html",2017-02-16 11:56:12,下午开盘暴跌13%
日本人哦，大利空[哭][哭][哭][哭][哭][哭][哭][哭],"https://guba.eastmoney.com/news,600810,609397187.html",2017-02-16 12:11:17,日本人哦，大利空
快买 神马要奔50了,"https://guba.eastmoney.com/news,600810,609392313.html",2017-02-16 11:55:20,快买 神马要奔50了
为什么老是在这个位置,"https://guba.eastmoney.com/news,600810,609378154.html",2017-02-16 11:21:04,为什么老是在这个位置
奇怪了，无量涨的这么欢，开个涨停就服你,"https://guba.eastmoney.com/news,600810,609361979.html",2017-02-16 10:51:21,奇怪了，无量涨的这么欢，开个涨停就服你
今日至少5个点,"https://guba.eastmoney.com/news,600810,609343171.html",2017-02-16 10:20:54,今日至少5个点
