标题,链接,发布时间,内容
割韭菜了，不要把自己辛苦赚来的搭进去,"https://guba.eastmoney.com/news,603003,450655717.html",2016-07-16 23:15:44,割韭菜了，不要把自己辛苦赚来的搭进去
完了，长期做股东了！！,"https://guba.eastmoney.com/news,603003,450650463.html",2016-07-16 23:05:17,完了，长期做股东了！！
此股黑马，拭目以待,"https://guba.eastmoney.com/news,603003,450530295.html",2016-07-16 19:30:15,周一开始看表现。
等什么，浪费时间,"https://guba.eastmoney.com/news,603003,450510162.html",2016-07-16 18:55:29,等什么，浪费时间
韭菜看盘，再论黄金,"https://guba.eastmoney.com/news,603003,450024013.html",2016-07-16 05:07:56,韭菜看盘，再论黄金
涨涨涨你.吗吡，一天涨那么多，明天还玩不玩啦,"https://guba.eastmoney.com/news,603003,450023891.html",2016-07-16 05:07:45,涨涨涨你.吗吡，一天涨那么多，明天还玩不玩啦
妈蛋，昨天刚卖今天涨停…,"https://guba.eastmoney.com/news,603003,449915318.html",2016-07-16 01:53:35,妈蛋，昨天刚卖今天涨停…
没所谓了,"https://guba.eastmoney.com/news,603003,449811720.html",2016-07-15 22:25:21,没所谓了
幸运日子：继续逼空，今天收盘2956！,"https://guba.eastmoney.com/news,603003,449523686.html",2016-07-15 16:09:05,幸运日子：继续逼空，今天收盘2956！
可以逢低介入！,"https://guba.eastmoney.com/news,603003,449485924.html",2016-07-15 15:10:05,一直跟踪！
第一创业下午开始调整，广州友谊取而代之成了第,"https://guba.eastmoney.com/news,603003,449303795.html",2016-07-15 10:54:55,第一创业下午开始调整，广州友谊取而代之成了第
国家队又调皮了，韭菜们尿都被你吓出来了！,"https://guba.eastmoney.com/news,603003,449303629.html",2016-07-15 10:54:43,国家队又调皮了，韭菜们尿都被你吓出来了！
停牌了？,"https://guba.eastmoney.com/news,603003,449218639.html",2016-07-15 09:22:09,停牌了？
啥情况哦！,"https://guba.eastmoney.com/news,603003,449217463.html",2016-07-15 09:20:13,啥情况哦！
法国恐怖袭击，导致油价暴跌，快跑,"https://guba.eastmoney.com/news,603003,449153975.html",2016-07-15 07:43:02,法国恐怖袭击，导致油价暴跌，快跑
诱多明显。空仓安心过假期。,"https://guba.eastmoney.com/news,603003,449071440.html",2016-07-15 05:01:10,诱多明显。空仓安心过假期。
龙宇燃油2016年7月14日投资者调研报告,"https://guba.eastmoney.com/news,603003,660948719.html",2016-07-15 00:00:00,"公告日期：2016-07-15
上海龙宇燃油股份有限公司
调研访谈纪要

访谈时间：2016年7月14日 14:00—15:15
访谈地点：上海龙宇燃油股份有限公司会议室
来访人员： 东海基金 颜平、林羽汐
同安投资 万意
江苏瑞华 章礼英、邢俊娜
博时基金 刘锴
国贸东方资本 金文宓
国投瑞银 吴潇
山鹰资本 陈丽生
财通基金 魏秀如
接待人员：总经理刘策；副总经理、董事会秘书程裕

会议纪要（采取问答形式）
研究员向公司相关负责人进行了询问，公司在上海证券交易所股票上市规则有关信息披露原则下，进行了相应回答，主要内容如下：

1、请问公司大宗商品贸易主要涉及哪些交易品种？
目前主要交易的品种有：铜、铝、锌、镍等。未来随着业务团队扩大和结构变化，会涉及更多的品种。

2、公司从事大宗商品贸易的主要优势有那些？
我们的优势主要是现有团队拥有成熟的交易经验，包括有比较深厚的贸易资源，以及在银行间的良好口碑等。

3、公司是如何组建大宗商品贸易运营团队的？
目前主要是合资方式。我们选择合作对象比较看重团队人员过往的交易记录和交易经历。

4、IDC项目的主体建设是否已经完成，机柜建设的情况？
目前项目土建部分基本完成，后续待募集资金到位后，就可以开始设备的投资了。

5、 11000个机柜大约分几期建造？第一期机柜预计何时可以完成？
公司计划分五期投资。第一期预计开工后，六至八个月完成。

6、公司IDC项目的客户定位？
客户定位初步考虑主要是：国内外的互联网企业、世界五百强企业，以及银行、保险等金融机构。

7、公司原有的燃料油业务是如何考虑的？
由于整体行业的原因，这部分业务处于控制风险，稳健经营的状态，公司已经优化了客户结构，去除了高风险业务，保留无风险的批发业务。公司所有的运输船和不使用的加油船已经全部出租了。



提示：本网不保证其真实性和客观性，一切有关该股的有效信息，以交易所的公告为准，敬请投资者注意风险。"
没有量啊，3000点位，散户们学精了，已经不进入,"https://guba.eastmoney.com/news,603003,448729078.html",2016-07-14 19:20:05,没有量啊，3000点位，散户们学精了，已经不进入
原油开起反弹！,"https://guba.eastmoney.com/news,603003,448629109.html",2016-07-14 16:55:01,原油开起反弹！今天加仓位100股！合计200股试试水！明天再跌再加仓200股
今天我加仓了！,"https://guba.eastmoney.com/news,603003,448570921.html",2016-07-14 15:48:58,今天我加仓了！
人是不是都跑光了？,"https://guba.eastmoney.com/news,603003,448524529.html",2016-07-14 14:55:29,人是不是都跑光了？
三只乌鸦,"https://guba.eastmoney.com/news,603003,448188174.html",2016-07-14 09:24:54,三只乌鸦
行情无处不在，可抄底短线的几个股，不久定会一鸣惊人,"https://guba.eastmoney.com/news,603003,448218976.html",2016-07-14 09:57:30,行情无处不在，可抄底短线的几个股，不久定会一鸣惊人
九力特材前期获得充分换手，机构蛰伏已久，注意,"https://guba.eastmoney.com/news,603003,447851620.html",2016-07-13 23:51:22,九力特材前期获得充分换手，机构蛰伏已久，注意
国际油价继续下滑，国内油价维持在高位，多大的暴利，中报预盈翻倍，股价强劲上开，直,"https://guba.eastmoney.com/news,603003,447699283.html",2016-07-13 19:36:29,国际油价继续下滑，国内油价维持在高位，多大的暴利，中报预盈翻倍，股价强劲上开，直冲30
终极,"https://guba.eastmoney.com/news,603003,447764787.html",2016-07-13 21:35:42,终极
谁能解释下5月31日哪天突然的大涨是什么原因？,"https://guba.eastmoney.com/news,603003,447764541.html",2016-07-13 21:35:26,谁能解释下5月31日哪天突然的大涨是什么原因？
均线方面，短期均线全面上穿60和120日均线,"https://guba.eastmoney.com/news,603003,447749303.html",2016-07-13 21:14:05,均线方面，短期均线全面上穿60和120日均线，除了年线，均线已经呈现全面的多头走势，深市指数已经逼近了年线，大盘随着下方均线的向上推动有望在下周向年线发起冲击
太多,"https://guba.eastmoney.com/news,603003,447739204.html",2016-07-13 20:57:07,太多
完了，长期做股东了！！,"https://guba.eastmoney.com/news,603003,447716689.html",2016-07-13 20:17:43,完了，长期做股东了！！
别人是涨点再跌，烂股是跌跌不休,"https://guba.eastmoney.com/news,603003,447707970.html",2016-07-13 19:58:16,别人是涨点再跌，烂股是跌跌不休
奔跑吧，兄弟 ,"https://guba.eastmoney.com/news,603003,447699078.html",2016-07-13 19:35:54,奔跑吧，兄弟
现金分红达不到融资额严禁大股东坚持！,"https://guba.eastmoney.com/news,603003,447568128.html",2016-07-13 15:09:41,现金分红达不到融资额严禁大股东坚持！
几分钱玩一上午,"https://guba.eastmoney.com/news,603003,447400617.html",2016-07-13 11:13:13,几分钱玩一上午
很容易会寻求各种,"https://guba.eastmoney.com/news,603003,447430544.html",2016-07-13 12:02:54,很容易会寻求各种
理性认识的背景下，,"https://guba.eastmoney.com/news,603003,447430456.html",2016-07-13 12:02:43,理性认识的背景下，
上涨没力。什么时间涨过23以后进，那才是大行情来了,"https://guba.eastmoney.com/news,603003,447399394.html",2016-07-13 11:11:50,
上不了20.91不会涨的,"https://guba.eastmoney.com/news,603003,447320394.html",2016-07-13 09:45:57,
现在玩重组的炒,"https://guba.eastmoney.com/news,603003,447313947.html",2016-07-13 09:39:09,现在玩重组的炒
不知明天如何,"https://guba.eastmoney.com/news,603003,447311521.html",2016-07-13 09:36:31,不知明天如何。
忠旺再获批国家级研发平台 “智造”破译创新密码,"https://guba.eastmoney.com/news,603003,447302191.html",2016-07-13 09:25:01,"近日，辽宁忠旺集团申报的“航空和轨道交通用铝材加工技术国家地方联合工程研究中心”正式获得发改委批准。这是辽宁忠旺集团继国家级企业技术中心之后所获批建设的又一国家级研发平台。

据了解，国家地方联合工程研究中心是衔接国家和省级工程研究中心的重要创新平台，属国家创新体系建设的重要组成部分。

辽宁忠旺集团相关负责人表示，集团申报成功的这一研究中心，将围绕国家“中国制造2025”和“一带一路”的发展战略，瞄准国际轨道交通和航空用铝材市场需求，建设国内一流的高端铝材产品技术研发平台和产业化基地。

打造高效研发团队

在科研创新、产品升级上，辽宁忠旺集团组建了一支高效的研发团队，并积累了丰富的经验。早在1998年，辽宁忠旺集团就组建了企业技术中心，配有国际先进科研设备和仪器，拥有 6个专业研究室，22个分析实验室，5个紧扣产业技术的创新团队。截至2015年6月30日，该集团共有974名研发及质量控制人员，占集团总人数的8.1%。

另一方面，辽宁忠旺集团的研发团队在发挥自身优势的同时，还积极与各大高校、研究机构合作，在高端产品开发上不断取得突破。据统计，辽宁忠旺集团目前已与东北大学、大连理工大学、北京科技大学、沈阳工业大学、北京有色研究总院、中国科学院金属研究所、中国科学院沈阳自动化研究所、沈阳某工程院、中国重型机械研究院、西安重型机械研究所、中航第一飞机设计研究院等共同进行材料研发。

此外，辽宁忠旺集团还与国家重点院校和相关科研机构合作成立科研实验室。2015年年初，该集团联合沈阳航空航天大学及中航沈飞民用飞机有限责任公司，创建了辽宁航空航天铝合金研发联合实验室（“联合实验室”）。联合实验室将作为一个资源共享、优势互补的平台，协助三方发挥所长，为国内航空航天事业共同开发高端铝合金产品。

持续加大研发力度

多年来，辽宁忠旺集团持续加大技术研发力度，逐年增加研发费用投入。梳理其历年年报发现，该集团2011年研发投入为5347万元，2012年该项费用投入则骤增至3.99亿元。此后，辽宁忠旺集团每年拿出超过总收入3%比例的资金用于研发投入，而在2015年，这一数字已经超过了5亿元。

大手笔的研发投入，为辽宁忠旺集团夯实了技术根基。据了解，2015年，辽宁忠旺集团继续承担多项国家、省、市、区科技项目，包括国家战略性创新产品、重点新产品计划、863计划、工业转型升级强基工程、产业振兴和技术改造专项及省级工业科技攻关、专利技术转化、成果转化等项目，在铝合金新材料、新技 术、新工艺开发方面形成一批专有技术。

正是在研发方面多年的积累，奠定了辽宁忠旺集团雄厚的技术实力，从而成为其领先全球铝加工行业的重要保证。2015年，辽宁忠旺集团共开发100余项新产品，获得13项国家及省市级科技和新产品奖，完成专利申请93项。

同时，辽宁忠旺集团还获得了铁路、汽车、船舶和航空等行业在的多项全球认证资质，包括进入挪威船级社国际认证、欧洲铁路行业协会的IRIS 体系认证等，为其高、精、尖产品走向国际市场打下良好基础。

雄厚的技术支撑，让辽宁忠旺集团在与同行竞技中占有领跑优势。据了解，辽宁忠旺集团现已可生产适用于飞机部件用的高强度铝合金板材、棒材、管材以及不同断面的铝挤压产品。

此外，该集团是目前国内少数几家能够研发制造时速从300km/h、350km/h到400km/h高铁车体铝挤压产品的企业，一些大截面的产品，如高铁车头部分的宽板，国内目前只有忠旺等两三家企业能够生产。"
龙油股吧病人太多,"https://guba.eastmoney.com/news,603003,447302021.html",2016-07-13 09:24:48,奉劝那些每天发一堆莫名其妙无厘头贴的人有病得治
有进有出嘛！,"https://guba.eastmoney.com/news,603003,447287884.html",2016-07-13 08:58:51,有进有出嘛！
603003:龙宇燃油关于媒体报道的澄清公告,"https://guba.eastmoney.com/news,603003,438458235.html",2016-07-05 19:03:35,"公告日期：2016-07-06
证券代码：603003 证券简称：龙宇燃油 公告编号：临2016-047
上海龙宇燃油股份有限公司关于媒体报道的澄清公告
本公司及董事会全体成员保证本公告内容不存在任何虚假记载、误导性陈述或者重大遗漏，并对其内容的真实性、准确性和完整性承担个别及连带责任。
一、传闻简述
2016年7月5日，有媒体发表了《龙宇燃油35亿增发案疑云：巨额投资用途不详》以及《龙宇燃油增发“朋友圈”：友谊的小船说翻就翻》两篇记者署名文章（以下称“报道”）。
两篇文章对上海龙宇燃油股份有限公司（以下简称“公司”）非公开发行股票募集资金投资项目（以下简称“募投项目”）进行了报道，主要内容包括：
（一）报道质疑标的资产交易价格的合理性。
（二）报道称“公司募投项目剩余资金没有详细说明用途”。
（三）报道称“公司战略合作伙伴北京德利迅达科技有限公司（以下简称“德利迅达”）不保证租赁机柜，公司未来租赁机柜利润的实现无法保障”。
二、澄清声明
公司董事会获悉后，针对上述报道事项进行了调查、核实，现将有关情况澄清说明如下：
（一）收购北京金汉王技术有限公司（以下简称“金汉王技术”）的资产主要为建设IDC数据中心的土地使用权无形资产及房产，金汉王技术100%股权的交易价格以评估报告的评估结论为基础，并考虑金汉王技术有关在建工程达到交付界面前发生的工程费用由金汉王科技承担情况，以及考虑标的资产所属行业发展前景良好，募投项目具有的地域优势、规模优势和成本优势等因素，本次金汉王技术100%股权的交易价格是合理的。
截至2015年6月30日，金汉王技术公司无任何负债，核心资产是云计算运营中心的土地使用权无形资产、在建工程以及对金汉王科技的其他应收款。在云计算运营中心大楼完工后，上述资产基本转化为土地使用权无形资产及房产。
北京经纬东元资产评估有限公司（以下简称“北京经纬”）对金汉王技术100%股权评估报告的评估基准日是2015年6月30日，此时金汉王技术拥有的金汉王云计算运营中心大楼仍未完工，北京经纬采用假设开发法对该土地无形资产和在建工程进行评估，具体而言：先测算在建工程完工后土地无形资产与大楼房地产的整体市场价值，再扣除其后续的销售费用、税金及附加、后续开发成本、管理费用、投资利息、投资利润来确定土地无形资产和在建工程的整体价值。
根据《北京金汉王技术有限公司股权转让协议》及相关补充协议，金汉王科技通过转让金汉王技术100%股权向龙宇燃油交付金汉王云计算运营中心大楼及其所在土地使用权时，大楼必须达到交付界面（即：完工），且在建工程达到交付界面前发生的工程费用由金汉王科技承担。因此，龙宇燃油通过收购金汉王技术100%股权取得的是完工的大楼，而不是在建工程。
综上，仅用大楼尚处于在建工程状态的时点（2015年6月30日）的金汉王技术的现状确定交易价格不符合交易双方达成的一致性约定，在确定金汉王技术股权交易价格时假设相关在建工程已经完工更符合交易逻辑，符合交易双方达成的协议。
根据北京经纬对金汉王技术100%股权评估报告，金汉王技术的土地使用权无形资产和在建工程在开发完工后价值采用市场比较法进行测算为103,887.48万元。考虑到金汉王技术截至2015年6月30日没有负债，且在建工程后续达到交付界面所需费用不由金汉王技术承担，金汉王技术100%股权的交易价格10亿元低于土地使用权无形资产和在建工程开发完工后的总体市场价值103,887.48万元。
因此，本次金汉王技术100%股权交易价格是公允的，较为合理的反映了金汉王技术100%股权交付时的股权价值。
（二）募投项目投资数额的详细说明
（1）本次募集资金使用计划
公司本次非公开发行 A 股募集资金总额不超过350,542万元，将用于以下项
目： 单位：万元
项目名称 投资额 募集资金拟投入额
收购北京金汉王技术有限公司100%
420,542 350,542
股权并对其增资建设云计算运营中心
合计 420,542 350,542
注：募集资金优先用于收购北京金汉王技术有限公司100%股权，剩余募……
[点击查看PDF原文]
提示：本网不保证其真实性和客观性，一切有关该股的有效信息，以交易所的公告为准，敬请投资者注意风险。"
[不说了][不说了][不说了][不说了][不说了][不说了][不说了][不说了],"https://guba.eastmoney.com/news,603003,447177876.html",2016-07-13 05:04:49,[不说了][不说了][不说了][不说了][不说了][不说了][不说了][不说了]
今天大数据大涨啊，龙宇燃油的主力有点任性啊，大盘有变化还是继续按计划打压,"https://guba.eastmoney.com/news,603003,446650910.html",2016-07-12 14:10:56,RT
死水微蓝。此股就这样了！,"https://guba.eastmoney.com/news,603003,446618035.html",2016-07-12 13:36:02,死水微蓝。此股就这样了！
炒股的热情影响,"https://guba.eastmoney.com/news,603003,446584548.html",2016-07-12 12:51:50,炒股的热情影响
看来主力确实想打压到19.5一次，20已经到了一次了，估计守不住,"https://guba.eastmoney.com/news,603003,446515398.html",2016-07-12 11:12:02,19.5应该可以买点了
市场风格变了，都在做传统板块，现在玩重组的炒作股都不行，要转移阵地了,"https://guba.eastmoney.com/news,603003,446472840.html",2016-07-12 10:37:54,近几日煤炭，有色，钢铁，食品，医药和交通运输都有较大表现呢，但是重组和次新股不行啊
看情况新低在加仓了,"https://guba.eastmoney.com/news,603003,445593665.html",2016-07-11 14:19:29,看情况新低在加仓了
低吸黑马,"https://guba.eastmoney.com/news,603003,446393722.html",2016-07-12 09:36:11,低吸黑马
"如果你是去年5178高点,后股灾的受难者，现在你","https://guba.eastmoney.com/news,603003,446365538.html",2016-07-12 09:00:02,"如果你是去年5178高点,后股灾的受难者，现在你"
哈哈打压明显,"https://guba.eastmoney.com/news,603003,446211023.html",2016-07-12 04:48:27,哈哈打压明显
我是韭菜，有本事你来割啊。,"https://guba.eastmoney.com/news,603003,446018219.html",2016-07-12 00:11:15,我是韭菜，有本事你来割啊。
准备纵身一跃了~ 噗通！,"https://guba.eastmoney.com/news,603003,445979209.html",2016-07-11 23:05:19,准备纵身一跃了~ 噗通！
而言,"https://guba.eastmoney.com/news,603003,445974897.html",2016-07-11 22:59:08,而言
回来,"https://guba.eastmoney.com/news,603003,445972663.html",2016-07-11 22:56:04,回来
看来20才稳当，20.5太高了,"https://guba.eastmoney.com/news,603003,445571721.html",2016-07-11 13:57:51,等下啦
股市名言录（3）,"https://guba.eastmoney.com/news,603003,445726835.html",2016-07-11 17:02:04,股市名言录（3）
此股本周不会有行情了，周线上周放量突破本周回调，要涨也是下周去了，20附近可以买,"https://guba.eastmoney.com/news,603003,445647613.html",2016-07-11 15:08:14,此股本周不会有行情了，周线上周放量突破本周回调，要涨也是下周去了，20附近可以买入做高抛低吸
这股市为什么非得周一到周五才开盘？,"https://guba.eastmoney.com/news,603003,445595508.html",2016-07-11 14:21:11,这股市为什么非得周一到周五才开盘？
回踩完成，下周大涨,"https://guba.eastmoney.com/news,603003,445504726.html",2016-07-11 12:52:34,回踩完成，下周大涨
20.5买入,"https://guba.eastmoney.com/news,603003,445457448.html",2016-07-11 11:31:35,下午会到
突破3000点进场,"https://guba.eastmoney.com/news,603003,445177919.html",2016-07-11 04:44:37,突破3000点进场
又是昙花一现。,"https://guba.eastmoney.com/news,603003,445149485.html",2016-07-11 03:38:18,又是昙花一现。
端午劫,"https://guba.eastmoney.com/news,603003,445137806.html",2016-07-11 03:04:24,端午劫
这种窄幅的整理正是夹板形态,"https://guba.eastmoney.com/news,603003,444863191.html",2016-07-10 16:50:22,这种窄幅的整理正是夹板形态
油价暴跌 你们不跌  无良公司,"https://guba.eastmoney.com/news,603003,444835413.html",2016-07-10 15:23:43,等着赔钱吧 油价跌了这么多 还不降价
下周回调20-20.7区域可以建仓了,"https://guba.eastmoney.com/news,603003,444796734.html",2016-07-10 13:14:43,下周回调20-20.7区域可以建仓了
下周一继续震荡一天，盘中冲高，尾盘跳水，周二,"https://guba.eastmoney.com/news,603003,444516145.html",2016-07-10 01:25:19,下周一继续震荡一天，盘中冲高，尾盘跳水，周二
寻找放“天量”的超级大牛股,"https://guba.eastmoney.com/news,603003,444437733.html",2016-07-09 22:13:54,寻找放“天量”的超级大牛股
能让你定增就不错了  赶上一个欣泰电气 都赔光了,"https://guba.eastmoney.com/news,603003,444304109.html",2016-07-09 17:35:16,重仓一百股 观望
老龙油您来点印度神油嘛，肯定雄起！[大笑][大笑][大笑][献花][献花][献花,"https://guba.eastmoney.com/news,603003,444072716.html",2016-07-09 11:10:17,老龙油您来点印度神油嘛，肯定雄起！
还要再下一个台阶，不急。筹码导师,"https://guba.eastmoney.com/news,603003,443838349.html",2016-07-09 03:24:03,还要再下一个台阶，不急。筹码导师
市场开的品种越多.越是死水一潭.,"https://guba.eastmoney.com/news,603003,443781046.html",2016-07-09 01:47:39,市场开的品种越多.越是死水一潭.
短线如何选股票?七招搞定,"https://guba.eastmoney.com/news,603003,443402944.html",2016-07-08 17:21:47,"许多投资者感叹,要是能够在盘中发现将要拉升的个股,一买就涨,即使做个短线,那也多好啊!

　　事实上,预知股票将要拉升,并不是""可遇不可求""的事情。下面一些专业人士的经验,或许能给投资者一些启发。

　　招数一：

　　预测全天成交量

　　市场有种说法：量价关系,如同水与船的关系,水涨而船高。而能够导致股价上涨的唯一因素,肯定是主力资金的推动。所以,有足够增量资金进场,股价是可以拉升的。

　　一般情况下,投资者可用的一个公式是：已有成交量(成交股数)×(240分钟÷前市9：30到看盘时为止的分钟数)。当天预测成交量比上一交易日越大,则增量资金进场的可能性越大。

　　使用这个公式时要注意,往往时间越靠前,则越是偏大于当天实际成交量。一般采用前15分钟、30分钟、45分钟等三个时段的成交量来预测全天的成交量,过早则失真,过晚则失去了预测的意义。

　　招数二：

　　看股价同大盘波动关系

　　如果股价在形态上处于中低位,短线 技术指标也处于中低位,同时,股价离开阻力位较远,则可能当天涨幅较大。

　　如果该股不管大盘当天的盘中涨跌,都在该股股价的小幅波动中横盘,则一旦拉起的瞬间,注意果断介入。

　　如果大盘急跌而该股横盘不动,成交萎缩,则一旦大盘企稳,拉升的可能性较大。

　　招数三：

　　看盘中有无连续大买单

　　如果个股盘中出现连续大买单,卖单相对较小,而且买单往往是以高于""卖一""价成交,拉升的时机也就到了。而且,买单委托价离""卖一""价越高,一般而言,拉升的机会越大。

　　值得注意的是,如果成交量明显放大,股价反而走低,则要高度警惕是不是机构大笔出货。这可以结合盘中有无大卖单研判。另外,高位放出大单,即使要急拉也是余波。

　　招数四：

　　大卖单被吃掉

　　个股交投清淡,也会出现较大卖单,如日成交在100万股以内的行情必定会有一些三四万股以上的单子出现,这是完全正常的。

　　值得注意的是,这些卖单的价位一旦离成交价比较近,就被主动性的买单吃掉,那么,这很可能是主力在吃货。

　　为什么呢?因为股价拉升前,主力最不想别人在相对低位拿到筹码,所以,主力会尽可能多拿一些货。一旦股价拉升成功,那么这些相对低位买进的筹码就成为主力自己的获利盘。
展开阅读全文"
股民都发慌，咋回事呢？,"https://guba.eastmoney.com/news,603003,443294718.html",2016-07-08 15:39:20,股民都发慌，咋回事呢？
20.7等你,"https://guba.eastmoney.com/news,603003,443240833.html",2016-07-08 14:51:11,20.7等你
跌到21以下在买回来,"https://guba.eastmoney.com/news,603003,443203814.html",2016-07-08 14:19:02,跌到21以下在买回来
别看大盘下跌，大数据和创业板涨的好呢,"https://guba.eastmoney.com/news,603003,443207533.html",2016-07-08 14:22:30,别看大盘下跌，大数据和创业板涨的好呢
逆势下跌是出货的标志,"https://guba.eastmoney.com/news,603003,443202402.html",2016-07-08 14:17:45,逆势下跌是出货的标志
压的小散在21.4前吐血,"https://guba.eastmoney.com/news,603003,443202205.html",2016-07-08 14:17:40,压的小散在21.4前吐血
主力洗盘常用的六种手法,"https://guba.eastmoney.com/news,603003,443196122.html",2016-07-08 14:12:26,"在股市操作当中，我们常常难以判断大盘或个股的下跌是主力洗盘震仓还是出逃，特别是指数到了重要关口位置时，不洗盘就难以向上突破。炒股的人都希望持有的个股能继续上涨，但不幸的是股价上涨了却坐不稳。持有一只本来可以赚大钱的股票，却因机构洗盘太凶狠而慌忙离场，然而，刚刚斩仓，股价却飞一样涨起来。为了洗盘，庄家经常会用对倒的手法将股价打低，测试一下盘中的浮动筹码到底有多少。如果立即引来大量的抛盘，说明投资者持股心态不稳，浮动筹码较多，不利于庄家推高股价，这时庄家会稍作拉抬后进一步打低股价，以刺激短线客离场，洗清干净立场不坚定者。因为庄家拉抬股价的资金代价很大，即使吸饱了筹码也不可能一味地盲目拉高股价，股价如果没有回调就大幅上升会使得短线客无惊无险得大赚庄家的钱，这在逻辑上是不可能成立的，也是庄家无法容忍的，于是股市中就有了洗盘的产生。

　　对于洗盘抑或是出货，我们可以从趋势上来观察。洗盘的走势往往其趋势仍是向上的，短期趋势并没有被破坏，在其下轨往往会获得强劲的技术支撑。而出逃则是短期趋势向下的，在其下轨往往难以支撑。就成交量而言，洗盘时成交往往是萎缩的，而出货时成交量放大得非常惊人。

　　机构操盘手较常采用的洗盘手法有六种：

　　一、打压洗盘。先行拉高之后实施反手打压，但一般在低位停留的时间(或天数)不会太长。比如：我们重点分析过的三峡水利(600116)，在1月27日拉高到23.88元时，出现了一根上影非常长的阴线，随后洗盘把股价打到20元附近，在反手上拉，至本周二盘中还创出了26.78元的新高。

　　二、边拉边洗。在拉高过程中伴随着回档，我们称之为进三退一，将不坚定者震出。比如：我们在2月5日文章中重点分析过的海翔药业(002099)就是典型的进三退一，本周二还创出了23.25元的新高。

　　三、大幅回落。一般发生在大势调整时，机构会顺势而为，借机低吸廉价筹码。投机股经常运用这种手法，或盘中机构已获利颇丰。比如：我们在1月7日文章中重点分析过的湖北金环(000615)，在1月8日创出16.92的高点后，竟下杀到1月18日的12.85元，洗盘后一路高歌涨到19.5元。

　　四、横盘筑平台。在拉升过程中突然停止做多，使缺乏耐心者出局，一般持续时间相对较长。比如：我们在2月19日文章中重点分析过的国民技术(300077)就是采用了在拉升过程中突然停止做多的洗盘手法。

　　五、上下震荡。此手法较为常见，即维系一个波动区间，并让投资者摸不清庄家的炒作节奏。比如：我们在2015年12月22日文章中重点分析过的金地集团(600383) 就是釆取了上下震荡的典型洗盘手法。

　　六、消磨战法。上面的所有洗盘手法也许都不能骗过有经验的老手，但是还有一种洗盘，就是你明知道了也躲不过，那就是用时间的消磨洗盘。如果说什么东西最能摧残持股的意志，那不是技术，而是时间，一个好股票，盘整三周你会不在乎，但是盘整三个月，你可能受不了了。而一只牛股盘整6个月的时间也是极其正常的。这个时候，你明知道这个股好，你也只能说，庄家你厉害，惹不起咱躲得起。就在你坚定离开了它的时候，它就开始飙升了。这就是很多人喜欢跟进拉升的股票而不喜欢长期横盘整理的原因。比如：我们重点分析过的首钢股份(000959)，复牌后就在3元多横盘了半年，在1月3日开始拉升，最高涨到了本周二的5.29元，涨了50%左右。

　　洗盘阶段K线图所显示的几点特征：

　　1、大幅震荡，阴线阳线夹杂排列，市势不定;

　　2、成交量较无规则，但有递减趋势;

　　3、常常出现带上下影线的十字星;

　　4、股价一般维持在庄家持股成本的区域之上。若投资者无法判断，可关注10日均线，非短线客则可关注30日均线;

　　5、按K线组合的理论分析，洗盘过程即整理过程，所以图形上也都大体显示为三角形整理，旗形整理和矩形整理等形态。
展开阅读全文"
倒V型,"https://guba.eastmoney.com/news,603003,443135293.html",2016-07-08 13:23:36,倒V型
前天我来建仓时给大家说了此股必大涨，你们不信，如何嘛！此股冲过21.80元．最少,"https://guba.eastmoney.com/news,603003,441566077.html",2016-07-07 15:23:23,前天我来建仓时给大家说了此股必大涨，你们不信，如何嘛！此股冲过21.80元．最少也要涨上27元上．老龙油：明天继续涨.
快破2900点,"https://guba.eastmoney.com/news,603003,442469276.html",2016-07-08 04:36:05,快破2900点
国家一定牛起,"https://guba.eastmoney.com/news,603003,442424299.html",2016-07-08 03:51:51,国家一定牛起
节后应该有一波不错的行情,"https://guba.eastmoney.com/news,603003,442048220.html",2016-07-07 21:59:33,节后应该有一波不错的行情
解除质押这是明显要减持股份啊  明天必然开始暴跌或阴跌行情,"https://guba.eastmoney.com/news,603003,441776464.html",2016-07-07 18:19:02,"大家尽快避让这个股票

以免大股东减仓暴跌"
2929.29乐趣味！,"https://guba.eastmoney.com/news,603003,441754347.html",2016-07-07 17:59:44,2929.29乐趣味！
谁在画指数,"https://guba.eastmoney.com/news,603003,440037943.html",2016-07-06 16:36:32,谁在画指数
周一至今日两市呈现4连阳走势，短期多头格  局不变,"https://guba.eastmoney.com/news,603003,441684691.html",2016-07-07 16:59:19,"【盘面回顾】今日两市早盘低开后震荡回落，午后反弹翻红，但最终以微跌收盘，从盘面上看，钛白

粉板块全天强势上涨，而早盘强势的黄金板块午后呈现回落，白酒、军工板块也均出现调整，从技术

上看，今日两市放量收出十字星，均守于5日均线上方，周一至今日两市呈现4连阳走势，短期多头格

局不变，操作上，逢回调大胆买入，持仓待涨。
【近期策略】近期虽然股指连续上行，但是操作难度加大，个股两极分化严重，短线注意把控仓位，

逢高减仓为主，注意规避后续不确定性风险，题材方面继续重点关注半年报预增，半年报高送转，抗

洪概念以及虚拟现实等前期回调到位个股，谨防高位次新股和业绩虚增概念股风险【今日盘点】周四7

月7日大盘的阻力是3058和3082点；支撑是5日线和10日线；周四大盘可能会有较大的动作了！而大盘

的5日线得与失是我们关注的重点！如果失守5日线，自然会回探10日线或2938点的；如果守住5日线就

有上攻或突破3058点阻力的可能了．向上突破需要量能的配合，并最好要能二八股的配合．否则就又

得防范冲高回落的可能了！
【个人体会】很多投资者都有这样的经历，刚入市时赚钱，后来操作却开始亏损，由此认识到自己技

巧的平庸，开始刻苦钻研、废寝忘食，当自认技能有了一定进步之后，开始忘乎所以地短线满仓频繁

操作，怎奈还是错多对少，这时受人点拨猛然醒悟，原来心态与理念，需长时间的磨练，并非朝夕之

功。须知心态与技巧向来是相辅相成、共同进步的，当你的操作技巧真正到了境界，投资理念和心态

也自然的融会贯通。而起初求成心切的心理误区正是导致很多高手后来刚愎自用、至死不悟的根本原

因。炒股，下工夫固然重要，但是一定要脚踏实地，切忌急于求成，否则只会事倍功半。
不要问我明天大盘是涨还是跌，我不是神，做不到100%的准确，我能给你的就是该如何操作，在什么

时候该做什么，什么点位加仓，什么点位减仓，顺势而为，波段盈利！保持理性的操作思路，把风险

放在第一位，利润第二位
【个股推荐】昨日两市呈现先抑后扬走势，沪指突破3000点整数关口后继续上攻，短期有望挑战上方

缺口压力，操作上，继续逢低买入持有待涨。
市场热点板块 贵金属 黄金板块 珠宝首饰 酿酒行业 水域改革
猪肉概念 超级电容 农牧饲渔 基本金属 有色金属"
看嘛，五号买的，今天买的十一点过后才能查[大笑][大笑][大笑][献花][献花],"https://guba.eastmoney.com/news,603003,441637843.html",2016-07-07 16:20:38,看嘛，五号买的，今天买的十一点过后才能查
尾盘暴跌是不是要发公告了？,"https://guba.eastmoney.com/news,603003,441646592.html",2016-07-07 16:26:37,尾盘暴跌是不是要发公告了？
即市场颇为疯狂的时刻，,"https://guba.eastmoney.com/news,603003,441584504.html",2016-07-07 15:37:03,即市场颇为疯狂的时刻，
竟在牛市中后段，,"https://guba.eastmoney.com/news,603003,441584359.html",2016-07-07 15:36:51,竟在牛市中后段，
哈哈哈．．．给你们说了，我碰那支股票，那支股票必火，必大涨．不信的到时看结果[大,"https://guba.eastmoney.com/news,603003,439875797.html",2016-07-06 15:08:58,哈哈哈．．．给你们说了，我碰那支股票，那支股票必火，必大涨．不信的到时看结果
龙宇燃油35亿增发案疑云：巨额投资用途不详 IDC闭环不全,"https://guba.eastmoney.com/news,603003,437732378.html",2016-07-05 03:08:42,"来源：每日经济新闻
　　2015年4月16日，龙宇燃油(603003，SH)公司发布公告，宣布拟增发募资42亿元(后调整为35亿元)，全部用于收购北京金汉王科技有限公司(以下简称“金汉王科技”)旗下北京金汉王技术有限公司(以下简称“金汉王技术”)100%股权并对其增资建设IDC云计算运营中心。


　　根据非公开发行预案，本项目总投资420542万元，主要投资构成包括：工程费用395880万元，主要包括购入土地和房产、房屋建筑装修、机柜的建设成本等；工程建设及其他费用3305万元；预备费19959万元；铺底流动资金1398万元。但《每日经济新闻》记者调查发现，不仅是募资有“注水”的嫌疑，作为本项目“朋友圈”的战略合作方，北京德利迅达科技有限公司并不保证会租赁其机柜。由此看来，龙宇燃油IDC的业务闭环已不完整，项目的未来变得扑朔迷离。目前，龙宇燃油35亿元增发已经得到证监会的批复，但还没有拿到批文。


　　6月末的一天，北京，天气很热。《每日经济新闻》记者来到位于北京市顺义区天竺空港开发区天柱西路8号的金汉王云计算运营中心现场，这就是龙宇燃油增发35亿元的收购对象。


　　从外观上看，两栋大楼已经基本完工，据施工的建筑工人称，楼宇还差内装和外装即可完工，但具体的完工时间还不能确定。《每日经济新闻》记者又来到金汉王技术公司，一位周姓负责人接受了记者的采访，但对于记者关于该项目何时可能建成等提问，对方都以商业秘密的理由拒绝回答。


　　北京天竺空港经济开发区官方2013年发布的一篇题为“金汉王云计算运营中心举行奠基仪式”的新闻稿是这样描述这个项目的，“2013年7月27日，在空港开发区领导的大力关怀和支持下，金汉王云计算运营中心顺义项目部举行了奠基仪式，正式开工建设。该项目占地30.023亩，建设用地24.997亩，总规划建筑面积53938.42平方米，盘活松下电子部品(江门)有限公司北京分公司原有土地25亩、厂房9000平方米，计划投资4.5亿元建设‘云计算研发及运营中心项目’。该项目由‘云计算通讯枢纽、安全中心、推广中心、客户管理中心、研发中心’五部分组成。金汉王云计算中心项目建成后将成为空港和顺义地区云计算的标志性项目。建成后两年内将至少为中国电信集团各北方分公司的60万用户提供云计算服务。该项目正式运营后预计实现年销售收入6亿元，年纳税1800万元”。这篇新闻稿透露出一个重要信息：这个项目的计划投资为4.5亿元。


　　资产包详解一：10亿元的土地及项目都有什么？


　　2015年4月16日，龙宇燃油(603003， SH)公司发布公告，宣布拟增发募资42亿元(后调整为35亿元)，全部用于收购北京金汉王科技有限公司(以下简称“金汉王科技”)旗下北京金汉王技术有限公司(以下简称“金汉王技术”)100%股权并对其增资建设IDC云计算运营中心。值得一提的是，此次增发募资的对象中，除了公司的实际控制人外，还有属于泽熙系的泽熙增煦。4月17日，龙宇燃油涨停，收于23.93元，由于有徐翔这个“金字招牌”和IDC概念，龙宇燃油的股价一路高歌，在35个交易日后，创下了51.57元的高位。后由于徐翔事发，泽熙最终并未出现在增发的名单中。


　　作为龙宇燃油增发的收购对象，金汉王云计算中心的最原始产权属于北京金汉王科技有限公司。


　　《每日经济新闻》记者在北京市国土资源管理局查询到的资料显示，2011年3月6日，金汉王科技有限公司通过出让方式获得了这块土地的土地使用权。


　　中国采购网的公开信息显示，2014年1月14日，该工程开标，2015年4月16日二次机构工程开标，也是在这一天，龙宇燃油发布公告，宣布拟增发募资42亿元，全部用于收购北京金汉王技术有限公司100%股权并对其增资建设IDC云计算运营中心。根据龙宇燃油的公告，建设周期为2年。后来，公司在2015年10月将募集资金从42亿元下调至35亿元，项目总投资额42亿元没有变。


　　龙宇燃油的公告显示，本次龙宇燃油增发收购的公司是金汉王技术。工商资料显示，金汉王技术成立于2014年12月31日，唯一股东是金汉王科技，而金汉王科技成立于2006年5月，注册资本5000万元，由王英明实际控制，主要从事开发和经营以整合基础电信资源和数据通信综合运营为核心的大数据产业园区，公司分别在北京的望京科技园、空港经济开发区、光机电一体产业基地开发建设数据中心。


　　公开的审计资料显示，在龙宇燃油首次公告的时候，金汉王技术没有任何经营收入，注册资金2000万元也没有到位。


　　龙宇燃油和金汉王科技约定，在龙宇燃油拟通过以非公开发行股份募集资金向金汉王科技收购金汉王技术100%的股份收购之前，金汉王科技需向金汉王技术转让其拥有的位于北京顺义区天竺空港工业区的一宗国有土地使用权及附着其上之建筑面积为53938.42平方米的在建工程，并以货币9.8亿元对金汉王技术进行增资，增资完成后，金汉王技术注册资本和实收资本均为10亿元。北京经纬东元资产评估有限公司出具的金汉王技术100%股权资产评估报告书显示(基准日为2015年6月30日)，金汉王技术的账面价值流动资金为3.46亿元、在建工程价值为1.86亿元，无形资产(土地产权为2.28亿元)，根据假设开发法将土地使用权和在建工程一起评估，4.14亿元的资产被评估为4.86亿元，增值20%。


　　另外，记者在北京国土部门数据库只查到一条简单的登记信息，2011年3月6日，金汉王科技通过出让方式获得了这块土地的土地使用权。《每日经济新闻》记者联系北京顺义区相关部门，相关人员表示，只有公开招拍挂的土地才会显示土地价格。而金汉王科技所有的该地块并未显示土地价格，因此很难去评估该地块的获取成本。


　　而龙宇燃油一位内部人士对《每日经济新闻》记者表示，“他们(金汉王科技)拿下来的成本再卖给我们(龙宇燃油)，其中有很大的成本溢价。”


　　而不论土地价格如何，如果龙宇燃油收购成功，其结果就是，2011年金汉王科技从松下手中盘活这块土地之后，凭借建设IDC的概念，通过成立金汉王技术公司，并且该公司成立后没有营业收入的情况下，把地块注入后，短短几年时间，金汉王科技赚取了土地增值利益以及在建工程的巨额增值利益，以10亿元的价格把这块土地及其上的项目卖给了龙宇燃油。


　　资产包详解二：剩余资金没有详细说明用途


　　根据龙宇燃油的公告，“本项目建设完成并达产后，预计经济效益良好。项目收入来源为出租机柜租金收入，预计全部机柜出租后年收入134906万元，年利润总额为56717万元，税后财务内部收益率17.59%，建设投资回收期6.45年(含建设期)”。


　　龙宇燃油2014年发布的项目可行性报告显示，公司收购金汉王技术100%股权后，以金汉王技术为主体进行云计算运营中心建设，建筑面积53938.42平方米，建设周期2年；配套建设配电室、电池室、网管中心等；建设完成后可用机柜数量11000个。云计算营运中心拟向客户出租可存放数据存储设备的机柜。


　　报告显示，投资估算本项目总投资420542万元，主要投资构成包括：工程费用395880万元，主要包括购入土地和房产、房屋建筑装修、机柜的建设成本等；工程建设及其他费用3305万元；预备费19959万元，主要应对未来项目建设价格波动；铺底流动资金1398万元。


　　《每日经济新闻》记者电话联系到龙宇燃油一位负责证券的事务代表，他告诉记者，公司将分阶段为云计算运营中心投资约30亿元，前期基础设施建设即10亿元的地价以及两栋大楼、11000架机柜的投资额预计为14.5亿元左右，待项目完工，后续还将投入剩余的募集资金。还有项目完工正式投入使用时后期的支出，例如：机柜、服务器的用电量、通风以及冷却等消耗性支出是非常大的。


　　润迅通信集团有限公司的华董事长告诉《每日经济新闻》记者，“机房的机柜单价在10万~18万元不等(包含服务器)，但如果是带10A裸机柜，价格则为5000元，不过这种数据中心很难吸引到类似BAT客户。”而记者在天猫查询也发现，一般的机房机柜在2000~5000元人民币报价不等。也就是说仅购买机柜，11000个机柜的全部购买费用至多仅为5500万元，而龙宇燃油在可行性报告中也没有提供其他各种配套设施的费用清单。


　　至于维护的费用，记者采访到企事录的创始人，云计算专业人士张广彬，他表示，“数据中心及服务器的投资是很大的，但如果企业只是提供机房和机柜，服务器是托管别人的，那么即使是连接10万台服务器，一年的用电和冷却等消耗性支出，2亿元应该就不算少了。”


　　由此看来，从龙宇燃油公开发布的信息，投资者很难看清，这11000架机柜到底需要花多少钱？剩余的投资额，龙宇燃油又打算怎么用？


　　焦点问题

　　龙宇燃油增发“朋友圈”：友谊的小船说翻就翻？


　　每经记者凌建平王晶


　　在龙宇燃油10亿元获得金汉王技术100%股权之后，龙宇燃油获得了顺义区天竺空港开发区天柱西路8号土地以及在建工程，并获得了建设IDC的相关资质文件。然后，龙宇燃油理论上制造了IDC建设运行的的闭环。因此在推出增发方案之后，包括徐翔等在内的大佬积极参加，友谊的小船越来越顺。


　　但龙宇燃油的朋友圈在去年股灾后出现了断裂。首先是徐翔案发后，泽熙最终并未出现在增发名单中。不仅如此，《每日经济新闻》记者的调查显示，其“朋友圈”中作为业绩保障的北京德利迅达科技有限公司(以下简称德利迅达)，友谊的小船也可能说翻就翻。


　　德利迅达不保证租赁机柜


　　由于龙宇燃油本身没有IDC建设和运行的经验，根据龙宇燃油的公告，2015年4月16日龙宇燃油与德利迅达签署了《上海龙宇燃油股份有限公司与北京德利迅达科技有限公司战略合作协议》，双方将共同对数据中心项目进行选址，选址经双方确认后，龙宇燃油将对数据中心进行建设，项目建成后德利迅达将向龙宇燃油租用该数据中心并进行具体运营管理。双方合作开发数据中心项目，德利迅达的工作主要包括：(1)负责合作数据中心项目的销售与市场推广；(2)负责合作开发的数据中心项目的运营管理；(3)负责为合作开发的数据中心项目提供技术支持；(4)根据具体项目需要，经双方协商承担的其它事项。


　　如此一来，龙宇燃油从理论上就形成了IDC建设运行的闭环，上市公司出钱收购物业投资机柜，德利迅达负责机柜出租，龙源燃油就变成一个稳赚不赔的“包租公”。《每日经济新闻》记者在电话采访龙宇燃油一位负责证券的事务代表时，该代表也对记者表示，“你就把我们想象成一个商业地产的物业公司”。


　　但《每日经济新闻》记者采访发现，龙宇燃油的合作伙伴德利迅达在IDC建设方面并非市场领导者。资料显示，德利迅达成立于2009年12月01日，注册资本为2943.12万元，为创博国际控股有限公司(NASDAQ:TBOW)协议控制公司，于2014年9月解除控制协议。公司的主营业务为云计算中心概念设计与技术咨询；云计算中心系统集成与运行维护；以及分布式IDC与CDN业务运营。并且公司也开始在北京、上海、广东、浙江、宁夏等地建设数据中心。德利迅达战略合作部一位人士在接受《每日经济新闻》记者采访时表示，德利迅达在业内还处于初期发展阶段。


　　更重要的是，这样一个保证业绩的关键合作伙伴，友谊的小船也已可能说翻就翻。《每日经济新闻》记者在采访金汉王技术时，一位周姓负责人意外地告诉记者，云计算运营中心建成后的机柜不会租给德利迅达，而当记者问及今后机柜究竟如何经营的时候，该人士以商业秘密为由拒绝回答。对此，记者又向龙宇燃油的证券事务代表求证，该代表也证实，在项目可行性报告中出现的德利迅达，在项目完工后仅为龙宇燃油充当招商顾问的角色。也就是说，在龙宇燃油的算盘中，最关键的出租收益保障的合作并不是一定成立的，未来租赁机柜利润的实现其实是没有保障的。


　　德利迅达资本往事


　　事实上，德利迅达和上市公司资本的合作也并非第一次，2014年11月28日，四川金顶(600678，SH)推出了发行股份购买资产并募集配套资金的预案，公司拟以非公开发行股份方式，作价26.6亿元收购德利迅达95%股权，同时拟非公开发行募集配套资金不超过8.87亿元，用于偿还公司借款、投资IDC机房项目和支付本次交易相关费用。


　　然而，随着今年年初四川金顶另一则公告的发布，该重大资产重组化为了泡影。2016年1月11日，四川金顶发布公告称，鉴于德利迅达的主要股东向公司提出了终止本次重大资产重组的请求，经充分协商，各方一致同意终止此次重大资产重组收购德利迅达95%股权事项。该事件一经公告，就有多家媒体质疑：在四川金顶的收购案中，拟注入的德利迅达除描绘了宏伟的蓝图外，尚无业绩可言，关键预签订单很难支撑自身高达28亿元的预估值。
（来源：每日经济新闻 2016-07-05 03:03）[点击查看原文]
展开阅读全文"
这货出得措手不及....,"https://guba.eastmoney.com/news,603003,441518558.html",2016-07-07 14:53:56,这货出得措手不及....
那个2B在卖出，庄家买你卖，太2B,"https://guba.eastmoney.com/news,603003,441502164.html",2016-07-07 14:44:27,[大便]
中小创都弱于主板，,"https://guba.eastmoney.com/news,603003,441363393.html",2016-07-07 13:16:55,中小创都弱于主板，
虽然连续三天,"https://guba.eastmoney.com/news,603003,441363059.html",2016-07-07 13:16:44,虽然连续三天
最近心情特别不好不好[哭],"https://guba.eastmoney.com/news,603003,441290034.html",2016-07-07 12:15:35,最近心情特别不好不好
我不陪你们玩了，10年后再来提现,"https://guba.eastmoney.com/news,603003,441086962.html",2016-07-07 10:10:32,我不陪你们玩了，10年后再来提现
完蛋了，非公开发行股票，又要压盘很长时间，老是买到这样的票，真TM倒霉！,"https://guba.eastmoney.com/news,603003,439336405.html",2016-07-06 10:35:51,完蛋了，非公开发行股票，又要压盘很长时间，老是买到这样的票，真TM倒霉！
都不想赚钱么开盘就往下砸,"https://guba.eastmoney.com/news,603003,441024702.html",2016-07-07 09:23:47,都不想赚钱么开盘就往下砸
股市名言录（3）,"https://guba.eastmoney.com/news,603003,440886106.html",2016-07-07 06:40:57,股市名言录（3）
不可否认，对于中国股票市场而言,"https://guba.eastmoney.com/news,603003,440606654.html",2016-07-07 00:51:25,不可否认，对于中国股票市场而言
备受市场的热捧。,"https://guba.eastmoney.com/news,603003,440606616.html",2016-07-07 00:51:14,备受市场的热捧。
603003:龙宇燃油关于控股股东解除部分股票质押的公告,"https://guba.eastmoney.com/news,603003,440004661.html",2016-07-06 16:18:32,"公告日期：2016-07-07
证券代码：603003 证券简称：龙宇燃油 公告编号：临2016-048
上海龙宇燃油股份有限公司
关于控股股东解除部分股票质押的公告
本公司及董事会全体成员保证本公告内容不存在任何虚假记载、误导性陈述或者重大遗漏，并对其内容的真实性、准确性和完整性承担个别及连带责任。
上海龙宇燃油股份有限公司（以下简称“公司”）于2016年7月6日接到公司控股股东上海龙宇控股有限公司（以下简称“龙宇控股”）关于部分股权解除质押的通知，具体情况如下：
一、本次股份解除质押情况
龙宇控股已于2016年7月5日将其分别于2015年7月8日质押给申万宏源证券股份有限公司的14,000,000股股票，2015年8月27日质押给申万宏源证券股份有限公司的10,000,000股股票，总计24,000,000股无限售流通股股票解除了质押，相关股份解除质押手续已办理完成。
二、控股股东股份累计被质押的情况
截至本公告日，龙宇控股共持有公司股份117,142,149股，占公司总股本57.99%，质押股份64,000,000股，占公司总股本的31.68%。
特此公告。
上海龙宇燃油股份有限公司董事会
2016年 7月7日

[点击查看PDF原文]
提示：本网不保证其真实性和客观性，一切有关该股的有效信息，以交易所的公告为准，敬请投资者注意风险。"
最典型的就是次新股和高送转了，,"https://guba.eastmoney.com/news,603003,440518243.html",2016-07-06 22:32:35,最典型的就是次新股和高送转了，
但个股却很精彩，,"https://guba.eastmoney.com/news,603003,440518017.html",2016-07-06 22:32:24,但个股却很精彩，
天赐食物于鸟，但不投食于巢。佛只渡有缘人，机会我们给到大家了，只有善于把握积极争,"https://guba.eastmoney.com/news,603003,440487117.html",2016-07-06 21:51:20,天赐食物于鸟，但不投食于巢。佛只渡有缘人，机会我们给到大家了，只有善于把握积极争取的人，才能赚钱！当你眼光不够犀利的时候，要学会借力！
20.89追进的怎么办！,"https://guba.eastmoney.com/news,603003,439905734.html",2016-07-06 15:24:11,明天给个高开我就跑！买了以后才发现这股又要跌3天了
有没有万手哥,"https://guba.eastmoney.com/news,603003,437948022.html",2016-07-05 10:46:05,有没有万手哥
这个操盘手，真是让人失望，2.4亿股质押，相等于变性增持，市场上两年内减少股票流,"https://guba.eastmoney.com/news,603003,428510754.html",2016-06-28 09:48:14,这个操盘手，真是让人失望，2.4亿股质押，相等于变性增持，市场上两年内减少股票流动交易2.4亿股，今日如此开盘，如此走势？真心对不起持有者。
明天一定割肉换成跃岭股份，没有利好涨的还多,"https://guba.eastmoney.com/news,603003,439913299.html",2016-07-06 15:28:20,可能会有很好的重组，
果然长期无庄，大股东自己倒腾，股价会维持在25一带,"https://guba.eastmoney.com/news,603003,439905262.html",2016-07-06 15:24:00,为增发大股东会给力的，我们小散做一把吧
肥肥大红牛又快出来了,"https://guba.eastmoney.com/news,603003,439832914.html",2016-07-06 14:49:50,肥肥大红牛又快出来了
 弃破船上航母,"https://guba.eastmoney.com/news,603003,439832497.html",2016-07-06 14:49:38,弃破船上航母
终于拖到大盘回落，打压可以开始了，辛苦主力,"https://guba.eastmoney.com/news,603003,439756787.html",2016-07-06 14:11:46,RT
庄家明显的在操纵股价！M的,"https://guba.eastmoney.com/news,603003,439715473.html",2016-07-06 13:51:12,庄家明显的在操纵股价！M的
这利好就3个点，我也是醉了，散伙,"https://guba.eastmoney.com/news,603003,439257510.html",2016-07-06 09:59:49,这利好就3个点，我也是醉了，散伙
主力想打压，但是大盘不配合，他在等时间，大盘一回落就会开始打了,"https://guba.eastmoney.com/news,603003,439632281.html",2016-07-06 13:13:06,RT
软庄股,"https://guba.eastmoney.com/news,603003,439570653.html",2016-07-06 12:41:30,软庄股
三日内跌穿2900点，一个月内跌穿2800点，三个月,"https://guba.eastmoney.com/news,603003,439112640.html",2016-07-06 08:43:48,三日内跌穿2900点，一个月内跌穿2800点，三个月
借壳唯一股改钉子户,"https://guba.eastmoney.com/news,603003,439408881.html",2016-07-06 11:09:20,借壳唯一股改钉子户
在出货，跑吧,"https://guba.eastmoney.com/news,603003,439408545.html",2016-07-06 11:09:09,在出货，跑吧
跌下去在买回来，赚点差价,"https://guba.eastmoney.com/news,603003,439291136.html",2016-07-06 10:14:55,跌下去在买回来，赚点差价
冲高回落就跑,"https://guba.eastmoney.com/news,603003,439192387.html",2016-07-06 09:28:36,冲高回落就跑
利好不涨，利空不跌，这是想怎么玩就怎么玩的节奏啊,"https://guba.eastmoney.com/news,603003,439263202.html",2016-07-06 10:02:37,等等看，看它怎么玩
今天回调，给大家一个买入的机会啊，感谢主力,"https://guba.eastmoney.com/news,603003,439181224.html",2016-07-06 09:22:20,回调19.5买入
出利空涨．出利好可能主力出货[大笑][大笑][大笑]下午在买,"https://guba.eastmoney.com/news,603003,438049763.html",2016-07-05 12:14:12,出利空涨．出利好可能主力出货下午在买
散户持续卖出，好现象！,"https://guba.eastmoney.com/news,603003,439121522.html",2016-07-06 08:48:47,散户持续卖出，好现象！
天骄科技投产爬坡期,"https://guba.eastmoney.com/news,603003,439121284.html",2016-07-06 08:48:35,天骄科技投产爬坡期
临近收盘，集体抛售，四大指数绿盘报收。,"https://guba.eastmoney.com/news,603003,438991287.html",2016-07-06 06:04:17,临近收盘，集体抛售，四大指数绿盘报收。
600432超级低价资源股筑底成功，貌似期限已到随,"https://guba.eastmoney.com/news,603003,438954681.html",2016-07-06 04:33:04,600432超级低价资源股筑底成功，貌似期限已到随
看走势到22没有问题吧？,"https://guba.eastmoney.com/news,603003,421066878.html",2016-06-17 16:37:45,看走势到22没有问题吧？
利好利空明天看换手，别的都是扯蛋,"https://guba.eastmoney.com/news,603003,438654936.html",2016-07-05 22:37:26,利好利空明天看换手，别的都是扯蛋
股，看来晚上有消息咯。,"https://guba.eastmoney.com/news,603003,438862984.html",2016-07-06 02:36:16,股，看来晚上有消息咯。
等你，庄跑了，量没了,"https://guba.eastmoney.com/news,603003,438685676.html",2016-07-05 23:11:12,等你，庄跑了，量没了
洗盘的绝佳机会！,"https://guba.eastmoney.com/news,603003,438685503.html",2016-07-05 23:11:00,洗盘的绝佳机会！
买入北京物业  不管怎么说 市值应该100亿以上 呵呵  坐等10个涨停板,"https://guba.eastmoney.com/news,603003,438625133.html",2016-07-05 22:06:02,买入北京物业 不管怎么说 市值应该100亿以上 呵呵 坐等10个涨停板
我发现这个吧里不正常的人特多，利好公告给说成利空，奶奶的唱空也太没水平了！！！,"https://guba.eastmoney.com/news,603003,438605333.html",2016-07-05 21:45:16,我发现这个吧里不正常的人特多，利好公告给说成利空，奶奶的唱空也太没水平了！！！
 明天洗盘子碟子。,"https://guba.eastmoney.com/news,603003,438555824.html",2016-07-05 20:55:50,明天洗盘子碟子。
特别多，不知何意。,"https://guba.eastmoney.com/news,603003,438555713.html",2016-07-05 20:55:39,特别多，不知何意。
金股奇侠：预祝大家端午节快乐，6.8大盘实况直,"https://guba.eastmoney.com/news,603003,438503432.html",2016-07-05 19:59:12,金股奇侠：预祝大家端午节快乐，6.8大盘实况直
龙宇燃油非公开发行股份获证监会批复,"https://guba.eastmoney.com/news,603003,438506388.html",2016-07-05 20:02:32,"来源：证券时报网
　　龙宇燃油(603003)7月5日晚间公告，当日公司中国证监会印发的《关于核准上海龙宇燃油股份有限公司非公开发行股票的批复》(证监许可﹝2016﹞920号)，核准公司非公开发行不超过239,932,922股新股；本次发行股票应严格按照报送中国证监会的申请文件实施；本批复自核准发行之日起6个月内有效。自核准发行之日起至本次股票发行结束前，公司如发生重大事项，应及时报告中国证监会并按有关规定处理。
　　龙宇燃油表示，公司董事会将根据上述批复文件的要求和公司股东大会的有关授权，在规定期限内办理本次非公开发行股票的相关事宜，并及时履行信息披露义务。
（来源：证券时报网 2016-07-05 20:01）[点击查看原文]"
龙宇燃油增发“朋友圈”：友谊的小船说翻就翻？,"https://guba.eastmoney.com/news,603003,437732618.html",2016-07-05 03:09:43,"来源：每日经济新闻
　　龙宇燃油10亿元获得金汉王技术100%股权之后，龙宇燃油获得了顺义区天竺空港开发区天柱西路8号土地以及在建工程，并获得了建设IDC的相关资质文件。然后，龙宇燃油理论上制造了IDC建设运行的的闭环。因此在推出增发方案之后，包括徐翔等在内的大佬积极参加，友谊的小船越来越顺。


　　但龙宇燃油的朋友圈在去年股灾后出现了断裂。首先是徐翔案发后，泽熙最终并未出现在增发名单中。不仅如此，《每日经济新闻》记者的调查显示，其“朋友圈”中作为业绩保障的北京德利迅达科技有限公司(以下简称德利迅达)，友谊的小船也可能说翻就翻。


　　德利迅达不保证租赁机柜


　　由于龙宇燃油本身没有IDC建设和运行的经验，根据龙宇燃油的公告，2015年4月16日龙宇燃油与德利迅达签署了《上海龙宇燃油股份有限公司与北京德利迅达科技有限公司战略合作协议》，双方将共同对数据中心项目进行选址，选址经双方确认后，龙宇燃油将对数据中心进行建设，项目建成后德利迅达将向龙宇燃油租用该数据中心并进行具体运营管理。双方合作开发数据中心项目，德利迅达的工作主要包括：(1)负责合作数据中心项目的销售与市场推广；(2)负责合作开发的数据中心项目的运营管理；(3)负责为合作开发的数据中心项目提供技术支持；(4)根据具体项目需要，经双方协商承担的其它事项。


　　如此一来，龙宇燃油从理论上就形成了IDC建设运行的闭环，上市公司出钱收购物业投资机柜，德利迅达负责机柜出租，龙源燃油就变成一个稳赚不赔的“包租公”。《每日经济新闻》记者在电话采访龙宇燃油一位负责证券的事务代表时，该代表也对记者表示，“你就把我们想象成一个商业地产的物业公司”。


　　但《每日经济新闻》记者采访发现，龙宇燃油的合作伙伴德利迅达在IDC建设方面并非市场领导者。资料显示，德利迅达成立于2009年12月01日，注册资本为2943.12万元，为创博国际控股有限公司(NASDAQ:TBOW)协议控制公司，于2014年9月解除控制协议。公司的主营业务为云计算中心概念设计与技术咨询；云计算中心系统集成与运行维护；以及分布式IDC与CDN业务运营。并且公司也开始在北京、上海、广东、浙江、宁夏等地建设数据中心。德利迅达战略合作部一位人士在接受《每日经济新闻》记者采访时表示，德利迅达在业内还处于初期发展阶段。


　　更重要的是，这样一个保证业绩的关键合作伙伴，友谊的小船也已可能说翻就翻。《每日经济新闻》记者在采访金汉王技术时，一位周姓负责人意外地告诉记者，云计算运营中心建成后的机柜不会租给德利迅达，而当记者问及今后机柜究竟如何经营的时候，该人士以商业秘密为由拒绝回答。对此，记者又向龙宇燃油的证券事务代表求证，该代表也证实，在项目可行性报告中出现的德利迅达，在项目完工后仅为龙宇燃油充当招商顾问的角色。也就是说，在龙宇燃油的算盘中，最关键的出租收益保障的合作并不是一定成立的，未来租赁机柜利润的实现其实是没有保障的。


　　德利迅达资本往事


　　事实上，德利迅达和上市公司资本的合作也并非第一次，2014年11月28日，四川金顶(600678，SH)推出了发行股份购买资产并募集配套资金的预案，公司拟以非公开发行股份方式，作价26.6亿元收购德利迅达95%股权，同时拟非公开发行募集配套资金不超过8.87亿元，用于偿还公司借款、投资IDC机房项目和支付本次交易相关费用。


　　然而，随着今年年初四川金顶另一则公告的发布，该重大资产重组化为了泡影。2016年1月11日，四川金顶发布公告称，鉴于德利迅达的主要股东向公司提出了终止本次重大资产重组的请求，经充分协商，各方一致同意终止此次重大资产重组收购德利迅达95%股权事项。该事件一经公告，就有多家媒体质疑：在四川金顶的收购案中，拟注入的德利迅达除描绘了宏伟的蓝图外，尚无业绩可言，关键预签订单很难支撑自身高达28亿元的预估值。
（来源：每日经济新闻 2016-07-05 03:08）[点击查看原文]
展开阅读全文"
更多机会期待在节后,"https://guba.eastmoney.com/news,603003,438445253.html",2016-07-05 18:47:05,更多机会期待在节后
这是要被借壳的节奏呀,"https://guba.eastmoney.com/news,603003,438267544.html",2016-07-05 15:40:30,
垃圾股,"https://guba.eastmoney.com/news,603003,438225646.html",2016-07-05 14:55:50,垃圾股
石油一动大盘就得飞，大盘先跌最好,"https://guba.eastmoney.com/news,603003,437988410.html",2016-07-05 11:16:06,石油一动大盘就得飞，大盘先跌最好
汽车轻量化趋势下，盐湖镁产品市场潜力巨大。,"https://guba.eastmoney.com/news,603003,437982462.html",2016-07-05 11:11:52,公司控股子公司盐湖镁业自2010年起实施金属镁一体化项目，金属镁一体化项目以电解法生产金属镁为核心，总体规划为年产40万吨/年金属镁，一期年产10万吨/年金属镁。
指数会以大多数人希望的方向反向运行！,"https://guba.eastmoney.com/news,603003,437870696.html",2016-07-05 09:45:45,指数会以大多数人希望的方向反向运行！
603003:龙宇燃油独立董事关于上海龙宇燃油股份有限公司计提应收款项特别坏账准备的意见,"https://guba.eastmoney.com/news,603003,339614678.html",2016-04-22 21:48:57,"公告日期：2016-04-23
603003:龙宇燃油独立董事关于上海龙宇燃油股份有限公司计提应收款项特别坏账准备的意见
[点击查看PDF原文]
提示：本网不保证其真实性和客观性，一切有关该股的有效信息，以交易所的公告为准，敬请投资者注意风险。"
奔跑吧，兄弟 ,"https://guba.eastmoney.com/news,603003,437794970.html",2016-07-05 07:42:37,奔跑吧，兄弟
A股横着走，美股挑新高。 A股经历了加杠杆和去,"https://guba.eastmoney.com/news,603003,437649677.html",2016-07-05 00:28:14,A股横着走，美股挑新高。 A股经历了加杠杆和去
有进有出嘛！,"https://guba.eastmoney.com/news,603003,437514606.html",2016-07-04 21:27:01,有进有出嘛！
