标题,链接,发布时间,内容
的，在这股亏惨了,"https://guba.eastmoney.com/news,000650,658063233.html",2017-06-20 14:36:03,的，在这股亏惨了
止跌后等待放量冲击新高,"https://guba.eastmoney.com/news,000650,655963112.html",2017-06-15 20:55:01,止跌后等待放量冲击新高
你们梁叔喊你们买券商，快买,"https://guba.eastmoney.com/news,000650,660866577.html",2017-06-26 18:11:26,大盘双针探底能否成功？
没买的不要着急，明后天肯定还有低点，等就好了，每次做1-2%的T就好了，主力也在,"https://guba.eastmoney.com/news,000650,658741142.html",2017-06-21 17:24:31,没买的不要着急，明后天肯定还有低点，等就好了，每次做1-2%的T就好了，主力也在做T，主力也被套，在降低成本，我们要跟好节奏！
仁和1996年上市，看看人家康美，2001年上市，上市晚，市值过千亿，股价20多,"https://guba.eastmoney.com/news,000650,659924706.html",2017-06-23 18:02:40,仁和1996年上市，看看人家康美，2001年上市，上市晚，市值过千亿，股价20多，仁和早了5年，市值百亿不到，还被深成指所抛弃，7月1日起大家不用对照任何指数了，仁和已经不属于仁和成份股，大家只能闷头瞎干了，老杨父子的仁和能走多远，能不能抓住机遇大发展，市值超千亿，爬到康美上面，长点志气，需要运气，更需要智慧，仁和管理层要换届了，新的CEO能否带领仁和脱离困境，马云式领袖人物能否出现，值得期待，老杨是时候考虑更新管理层血液了，这样憋屈下去，OTC瓶颈，处方药不力，保健品不能升级的困境将无法扭转！！！
问主力：下午5.88有没有可能？这么吉利的数字，让我搞几手怎么样？,"https://guba.eastmoney.com/news,000650,661918690.html",2017-06-28 12:54:32,问主力：下午5.88有没有可能？这么吉利的数字，让我搞几手怎么样？
反弹重点买入也是长期持有的品种券商，近期券商,"https://guba.eastmoney.com/news,000650,662209766.html",2017-06-28 20:43:44,获利盘在出逃！权重股拉不起来了，指数回归要下
估计横盘后有个黄金坑，期待中[牛],"https://guba.eastmoney.com/news,000650,661846268.html",2017-06-28 10:47:52,估计横盘后有个黄金坑，期待中
不要急，5.80必到！,"https://guba.eastmoney.com/news,000650,661804535.html",2017-06-28 09:50:58,不要急，5.80必到！
此股在筑底中，方向寻觅中。也许是历史大底呢。,"https://guba.eastmoney.com/news,000650,661738922.html",2017-06-28 06:08:54,此股在筑底中，方向寻觅中。也许是历史大底呢。
今天跑路时机不错,"https://guba.eastmoney.com/news,000650,655695277.html",2017-06-15 13:28:14,今天跑路时机不错
底裤，底裤，底裤！重要的事说三遍。嘻嘻,"https://guba.eastmoney.com/news,000650,659263718.html",2017-06-22 14:56:46,底裤，底裤，底裤！重要的事说三遍。嘻嘻
抛压太重，明天再拉，麻蛋,"https://guba.eastmoney.com/news,000650,658080536.html",2017-06-20 15:02:12,抛压太重，明天再拉，麻蛋
看来要崩盘啊,"https://guba.eastmoney.com/news,000650,659858069.html",2017-06-23 15:12:02,呵呵呵
大胆买入，年底翻一倍!,"https://guba.eastmoney.com/news,000650,658711917.html",2017-06-21 16:37:24,大胆买入，年底翻一倍!
请问非公开发行股份怎么到现在都没有消息，是证监会拒绝了它，还是它自己终止了呢,"https://guba.eastmoney.com/news,000650,657603412.html",2017-06-19 18:18:56,请问非公开发行股份怎么到现在都没有消息，是证监会拒绝了它，还是它自己终止了呢
民生证券称3000亿市值,"https://guba.eastmoney.com/news,000650,661046840.html",2017-06-27 00:22:17,去通道的威力
快跑了,"https://guba.eastmoney.com/news,000650,660121834.html",2017-06-24 10:38:08,投资者
不要掉以轻心 泸州老? 财神菩萨保佑我中签[? 去,"https://guba.eastmoney.com/news,000650,659972556.html",2017-06-23 20:26:15,有没有喜欢自驾游的？五一去呼伦贝尔走起啊
分红前走还是分红后卖？,"https://guba.eastmoney.com/news,000650,655274212.html",2017-06-14 17:49:04,不解的是若账上20万元，分红后账上钱还少了，分红是假的，分红不除权才是真分红。。。。。
性冲动，来时快，去时也快！只要身体强壮，又何必在乎一时的成与不成？活着才是硬道理,"https://guba.eastmoney.com/news,000650,659702710.html",2017-06-23 10:43:39,性冲动，来时快，去时也快！只要身体强壮，又何必在乎一时的成与不成？活着才是硬道理！
还在吸筹阶段,"https://guba.eastmoney.com/news,000650,658631309.html",2017-06-21 14:11:41,还在吸筹阶段
此股善于平台破位,"https://guba.eastmoney.com/news,000650,659257051.html",2017-06-22 14:49:46,看看
短线就不要玩了，难。中长线钓大鱼[俏皮],"https://guba.eastmoney.com/news,000650,657373300.html",2017-06-19 11:34:10,短线就不要玩了，难。中长线钓大鱼
看分时就知道老杨的心脏病急急可危,"https://guba.eastmoney.com/news,000650,655115659.html",2017-06-14 13:26:37,看
"1000多到手,股价成本跌了一毛,相当于做了次短T","https://guba.eastmoney.com/news,000650,656278697.html",2017-06-16 13:41:41,"1000多到手,股价成本跌了一毛,相当于做了次短T,只等这几天填权了"
大盘冲上去了[心碎],"https://guba.eastmoney.com/news,000650,659195406.html",2017-06-22 13:30:02,大盘冲上去了[心碎]
世上本没有跌停 割的人多了 就成了跌停  ,"https://guba.eastmoney.com/news,000650,661235867.html",2017-06-27 10:54:10,注定绝大多数投资者都是被市场愚弄的
人多的地方少去,"https://guba.eastmoney.com/news,000650,656308294.html",2017-06-16 14:23:56,人多的地方少去
昨天收盘不是5.93吗？怎么今天集合竞价5.81，只显示跌了2分钱？,"https://guba.eastmoney.com/news,000650,656133968.html",2017-06-16 09:21:11,昨天收盘不是5.93吗？怎么今天集合竞价5.81，只显示跌了2分钱？
下面的拖单往上买啊！哈哈，做给谁看呢！,"https://guba.eastmoney.com/news,000650,659830883.html",2017-06-23 14:27:35,下面的拖单往上买啊！哈哈，做给谁看呢！
次新股股价不到10块0.,"https://guba.eastmoney.com/news,000650,661626934.html",2017-06-27 22:41:44,如何判断股票上涨空间
贵州百灵：与云南省工,"https://guba.eastmoney.com/news,000650,658674549.html",2017-06-21 15:22:15,炒股和炒房一样就是博傻，但买房的过的无忧无虑
T十00MNGB,"https://guba.eastmoney.com/news,000650,656953990.html",2017-06-18 05:06:22,厉害了
主力在做T，还有低点……跟着主力T一把，等！哈哈,"https://guba.eastmoney.com/news,000650,658533727.html",2017-06-21 11:11:02,主力在做T，还有低点……跟着主力T一把，等！哈哈
买档挂大单出货，切勿上当，该股从没大涨过，不要心存幻想做白日梦,"https://guba.eastmoney.com/news,000650,658013586.html",2017-06-20 13:21:12,买档挂大单出货，切勿上当，该股从没大涨过，不要心存幻想做白日梦
6000手是本主力打压的,"https://guba.eastmoney.com/news,000650,660683920.html",2017-06-26 13:23:22,明天粥
用股民白骨堆起来的股市，骨市！,"https://guba.eastmoney.com/news,000650,661321730.html",2017-06-27 13:17:58,同意和支持继续暴跌
该涨了,"https://guba.eastmoney.com/news,000650,659725175.html",2017-06-23 11:15:35,该涨了
打算赚了换部车,"https://guba.eastmoney.com/news,000650,657922121.html",2017-06-20 10:29:35,
分钱分了没我？,"https://guba.eastmoney.com/news,000650,657395266.html",2017-06-19 12:16:01,分钱分了没我？
炒股十五年总结的实战经验,"https://guba.eastmoney.com/news,000650,659998322.html",2017-06-23 21:53:39,七个股市中的数学小常识
散了吧，没戏的。,"https://guba.eastmoney.com/news,000650,656178524.html",2017-06-16 10:33:01,散了吧，没戏的。
砸盘不愿意砸，拉升不想拉。晃来晃去浪费时间。[兴奋],"https://guba.eastmoney.com/news,000650,659692964.html",2017-06-23 10:29:22,砸盘不愿意砸，拉升不想拉。晃来晃去浪费时间。
5.80买了后，5.90卖，T个一毛，主力也是这么干的……真龌蹉！,"https://guba.eastmoney.com/news,000650,659086463.html",2017-06-22 10:37:33,5.80买了后，5.90卖，T个一毛，主力也是这么干的……真龌蹉！
这量，明天又危险了。没有资金陪玩，节前资金紧,"https://guba.eastmoney.com/news,000650,658728110.html",2017-06-21 17:01:50,此吧有几个唱空狗，估
同样是江西股，煌上煌都涨到写检查了。,"https://guba.eastmoney.com/news,000650,655623563.html",2017-06-15 11:21:44,只有仁和用不着证监会保护。
上午九点二十五分，六月十九日。仁和盘没开出来！大股东有何想法没有？小散感到买卖双,"https://guba.eastmoney.com/news,000650,657835868.html",2017-06-20 06:01:44,上午九点二十五分，六月十九日。仁和盘没开出来！大股东有何想法没有？小散感到买卖双方都傻了，进入僵持状态，太好了…快了……
明天分红一毛，杨潇会不会直接开盘就砸低开一毛呢？不能让小散获利啊！哈哈,"https://guba.eastmoney.com/news,000650,655908210.html",2017-06-15 19:03:10,明天分红一毛，杨潇会不会直接开盘就砸低开一毛呢？不能让小散获利啊！哈哈
低位主力在洗盘 高位庄家在逃跑  ,"https://guba.eastmoney.com/news,000650,660351182.html",2017-06-25 16:15:38,早上大跌要买 早上大涨要卖
请不要突诱别人接飞刀,"https://guba.eastmoney.com/news,000650,660853937.html",2017-06-26 17:47:14,新品发布会未发先热，
今天破3000,"https://guba.eastmoney.com/news,000650,660506253.html",2017-06-26 08:00:41,勉强收红，唉！谁知道明天怎么样啊！
没有买卖了哈哈就庄自己玩了,"https://guba.eastmoney.com/news,000650,655112832.html",2017-06-14 13:22:55,哈哈
霸天又在害人了天天唱,"https://guba.eastmoney.com/news,000650,659977493.html",2017-06-23 20:42:06,从今以后别跟我说分红，这都是坑人骗人的把戏
大单只托不买给你看的真想涨不差这一分钱,"https://guba.eastmoney.com/news,000650,658040472.html",2017-06-20 14:02:41,OK
大买单在买3.买4-5乎优，卖1大单真卖,"https://guba.eastmoney.com/news,000650,657440170.html",2017-06-19 13:44:30,靠
反抽不会成功,"https://guba.eastmoney.com/news,000650,660171312.html",2017-06-24 16:34:18,筑底完成，建仓！！
岌岌可危,"https://guba.eastmoney.com/news,000650,655119622.html",2017-06-14 13:32:38,OK
有不懂的人说是拉高出货，真是可笑!此股是在底部那高点呢?成交量慢慢放大就是好事，,"https://guba.eastmoney.com/news,000650,658217169.html",2017-06-20 19:27:29,有不懂的人说是拉高出货，真是可笑!此股是在底部那高点呢?成交量慢慢放大就是好事，大胆跟进准没错!
亏得老婆本多没了,"https://guba.eastmoney.com/news,000650,655562182.html",2017-06-15 10:02:34,亏得老婆本多没了
看股东人数不断增加就知道散户很看好仁和药业，我们能做的就是每次赚一毛到二毛差价！,"https://guba.eastmoney.com/news,000650,660847366.html",2017-06-26 17:33:07,看股东人数不断增加就知道散户很看好仁和药业，我们能做的就是每次赚一毛到二毛差价！因为这个股安全，不会大涨和大跌！哈哈
今儿盘面鬼谷子王诩附,"https://guba.eastmoney.com/news,000650,661299159.html",2017-06-27 12:37:43,牛市行情即将展开！
老杨的儿子又减持了,"https://guba.eastmoney.com/news,000650,661271007.html",2017-06-27 11:43:03,"杨潇 ｜ 9680.25｜ 2000.00｜ 7680.25｜ 6.2021｜大宗交易｜2017-05-｜
｜ ｜ ｜ ｜ ｜ ｜ ｜24"
为啥只差一毛，都挂着不成交。,"https://guba.eastmoney.com/news,000650,661363383.html",2017-06-27 14:17:19,这是为啥啊
再坚持下，不要买，第二次减持马上完成，等宣布完成后买进[胜利][不说了][鼓掌],"https://guba.eastmoney.com/news,000650,661365373.html",2017-06-27 14:21:25,再坚持下，不要买，第二次减持马上完成，等宣布完成后买进[不说了]
持仓不动你就与它耗时最好的选择,"https://guba.eastmoney.com/news,000650,661365752.html",2017-06-27 14:21:18,OK
对倒控盘勾,"https://guba.eastmoney.com/news,000650,661340552.html",2017-06-27 13:44:07,靠
不用管几个板！市值在40到60亿是合理的！,"https://guba.eastmoney.com/news,000650,661212100.html",2017-06-27 10:20:33,今天涨停抢进的，周二跌停出来，。就这么回事，
江中出好药，仁和出洗药投资价值有限！,"https://guba.eastmoney.com/news,000650,660925978.html",2017-06-26 20:01:43,江中出好药，仁和出洗药投资价值有限！
1263-1265短空，目标? 再次到达1258，减仓；,"https://guba.eastmoney.com/news,000650,661079975.html",2017-06-27 02:22:01,相信你可以的
老乡别跑，反弹咯,"https://guba.eastmoney.com/news,000650,661006819.html",2017-06-26 22:23:53,股市下跌说明实体经济开始好转了
老杨不要脸,"https://guba.eastmoney.com/news,000650,660775350.html",2017-06-26 15:27:24,老杨不要脸
增持,"https://guba.eastmoney.com/news,000650,660762151.html",2017-06-26 15:06:05,增持
5--6块横盘一年,"https://guba.eastmoney.com/news,000650,660691968.html",2017-06-26 13:33:23,大家能玩的就玩
散户真多，涨点吧，涨了赚一点不跟你玩了，目前才赚5分，真难玩,"https://guba.eastmoney.com/news,000650,660666514.html",2017-06-26 12:53:09,散户真多，涨点吧，涨了赚一点不跟你玩了，目前才赚5分，真难玩
说什么高送转利害?搞到现在跌成这个样，令我们,"https://guba.eastmoney.com/news,000650,660664754.html",2017-06-26 12:49:24,
不破3000誓不回，哈哈,"https://guba.eastmoney.com/news,000650,660590134.html",2017-06-26 10:45:50,这图型画的，毕加索也比不过的完美
屎都跌出来了！,"https://guba.eastmoney.com/news,000650,660595112.html",2017-06-26 10:52:53,大家都抛了吧
江西垃圾股,"https://guba.eastmoney.com/news,000650,660576145.html",2017-06-26 10:28:44,江西垃圾股
此股可以长久持有否？,"https://guba.eastmoney.com/news,000650,660394581.html",2017-06-25 19:42:13,此股可以长久持有否？
干的漂亮拉微盘,"https://guba.eastmoney.com/news,000650,660356964.html",2017-06-25 16:43:43,指数拉的太有技术含量了~~
并购新三板企业案例猛,"https://guba.eastmoney.com/news,000650,660297923.html",2017-06-25 09:26:05,二季度铜价仍值得看好
国企公司制改革有了时间表！上海本地混改第一股,"https://guba.eastmoney.com/news,000650,660292569.html",2017-06-25 08:41:04,大禹节水:市场欠你10个涨停板雄安智慧节水专家+
2017-05-24中证快报 ? 哈哈哈，今天的预测全,"https://guba.eastmoney.com/news,000650,660151167.html",2017-06-24 14:16:12,见招拆招 : 不猜头、不测底、不赌博
咋回事啊，怎么走走这样子啊！,"https://guba.eastmoney.com/news,000650,660107633.html",2017-06-24 09:04:04,贵州百灵，可买！
38家游戏公司发布年报 3家净利超10亿元21家破亿,"https://guba.eastmoney.com/news,000650,659893965.html",2017-06-23 16:39:53,己成气候的新股连续大
傻董秘，你那三千万股卖了多少？,"https://guba.eastmoney.com/news,000650,659870705.html",2017-06-23 15:42:23,傻董秘，你那三千万股卖了多少？
新婚之夜才发现你是个嘛？,"https://guba.eastmoney.com/news,000650,659846549.html",2017-06-23 14:51:43,新婚之夜才发现你是个嘛？
傻董秘太坏了，在5.80这个位置诱多...,"https://guba.eastmoney.com/news,000650,659813166.html",2017-06-23 13:57:21,龌蹉
仁和这个就是第二个中石油,"https://guba.eastmoney.com/news,000650,659800584.html",2017-06-23 13:37:25,仁和这个就是第二个中石油
仁和老是这样玩，对大股东对股民有啥好处呢，死了还好,"https://guba.eastmoney.com/news,000650,659798349.html",2017-06-23 13:33:34,仁和老是这样玩，对大股东对股民有啥好处呢，死了还好
明天再回到5.78一线的话，我又弄几手过过瘾。可能这样温和一点的适合我。,"https://guba.eastmoney.com/news,000650,659483330.html",2017-06-22 22:35:17,明天再回到5.78一线的话，我又弄几手过过瘾。可能这样温和一点的适合我。
韭菜们，没有我的指令就不要买啊，今天买的，明天可以关灯吃面了，看今天狂卖，明天直,"https://guba.eastmoney.com/news,000650,659268182.html",2017-06-22 15:02:29,韭菜们，没有我的指令就不要买啊，今天买的，明天可以关灯吃面了，看今天狂卖，明天直接低开砸盘，会有更低点了，哈哈，主力吃相太难看了，一毛两毛的做T，恶心至极啊！
怎么基金机构都跑完了，这股确实看不懂，深套百分之五十，应该不差的啊，不知是不是有,"https://guba.eastmoney.com/news,000650,659195169.html",2017-06-22 13:29:57,怎么基金机构都跑完了，这股确实看不懂，深套百分之五十，应该不差的啊，不知是不是有什么问题啊！
一年涨的赶不上一天跌的 草 垃圾,"https://guba.eastmoney.com/news,000650,659275591.html",2017-06-22 15:11:01,一年涨的赶不上一天跌的 草 垃圾
5.80挂好单了，主力，给点力啊，哈哈,"https://guba.eastmoney.com/news,000650,659079901.html",2017-06-22 10:29:01,5.80挂好单了，主力，给点力啊，哈哈
长线看好；买入不看‘2年翻番’,"https://guba.eastmoney.com/news,000650,658608902.html",2017-06-21 13:36:38,立帖为证
大股东不让涨的,"https://guba.eastmoney.com/news,000650,658493163.html",2017-06-21 10:17:54,大股东刚刚反向操作，不可能这么快就让其涨起来的，不过我总感觉，这票的股东真的运气太次，真tm的倒霉，要减持的时候大跌，减持完了大势又要涨，真他妈的倒霉。只能死命的砸，坚决不让涨，涨也只能小涨，要不筹码都白白的让出去了，只能说，杨氏父子为首的大股东榻榻米的sbs
仁和药业分红好可以,"https://guba.eastmoney.com/news,000650,658668671.html",2017-06-21 15:10:57,别的股，分红后都留下缺口，仁和药业没有，说明此股票还可以
下午跌一毛！,"https://guba.eastmoney.com/news,000650,658469988.html",2017-06-21 09:45:44,下午跌一毛！
发的内容怎么看不见？,"https://guba.eastmoney.com/news,000650,658635145.html",2017-06-21 14:17:37,发的内容怎么看不见？
正在吸筹，慢慢等吧。,"https://guba.eastmoney.com/news,000650,658634242.html",2017-06-21 14:16:30,正在吸筹，慢慢等吧。
真要涨的话应该在年底，很可能气势如虹,"https://guba.eastmoney.com/news,000650,658494526.html",2017-06-21 10:19:19,真要涨的话应该在年底，很可能气势如虹，达到18以上
压盘,"https://guba.eastmoney.com/news,000650,658499653.html",2017-06-21 10:26:17,压盘压盘压盘压盘vvvvvvv
发的收入同比,"https://guba.eastmoney.com/news,000650,658496833.html",2017-06-21 10:23:00,得瑟啊规范化解决的激活工具和国家
是的适当,"https://guba.eastmoney.com/news,000650,658496547.html",2017-06-21 10:22:23,胜多负少
MSCI终于接纳中国，对我们小股民直接影响不大，就是看看热闹吧！那些利好股是不是,"https://guba.eastmoney.com/news,000650,658424272.html",2017-06-21 07:19:16,MSCI终于接纳中国，对我们小股民直接影响不大，就是看看热闹吧！那些利好股是不是要涨，谁知道呢！
出了一半，不知道对不对,"https://guba.eastmoney.com/news,000650,658259693.html",2017-06-20 20:56:45,明天会不会再跌5%，感觉不好，主力出货力度太大
托单越多表明越急着出货！纳入msci明天十有八九失败！重大利空，暴跌开始！,"https://guba.eastmoney.com/news,000650,658033542.html",2017-06-20 13:52:28,托单越多表明越急着出货！纳入msci明天十有八九失败！重大利空，暴跌开始！
减仓，减仓,"https://guba.eastmoney.com/news,000650,658076386.html",2017-06-20 14:55:04,减仓，减仓
均线做的太假了,"https://guba.eastmoney.com/news,000650,658015279.html",2017-06-20 13:23:36,哈哈
再摸一下下,"https://guba.eastmoney.com/news,000650,657944376.html",2017-06-20 11:01:15,就差一分钱了
爽爽爽我还要,"https://guba.eastmoney.com/news,000650,657943518.html",2017-06-20 10:59:03,
我儿英勇！哈哈哈哈,"https://guba.eastmoney.com/news,000650,657881696.html",2017-06-20 09:27:20,我儿英勇！哈哈哈哈
满仓了实在面前买了,"https://guba.eastmoney.com/news,000650,657439063.html",2017-06-19 13:42:15,
仁和你一分钱的锯齿拉的好，可以申请吉尼斯世界记录,"https://guba.eastmoney.com/news,000650,657489019.html",2017-06-19 14:56:32,仁和你一分钱的锯齿拉的好，可以申请吉尼斯世界记录
这股把庄家耗的蛋都痛了哈哈,"https://guba.eastmoney.com/news,000650,657456592.html",2017-06-19 14:09:19,哈哈
介入股票要有量 排名靠前更理想  ,"https://guba.eastmoney.com/news,000650,657346795.html",2017-06-19 10:57:22,一旦深跌破年线 老熊陪你玩几年
谁在卖站出来哼一声,"https://guba.eastmoney.com/news,000650,657309694.html",2017-06-19 10:09:12,
成为人 首先就是要摆脱金钱的压力 于金钱而自由  ,"https://guba.eastmoney.com/news,000650,657258288.html",2017-06-19 07:44:40,拉升：拉拉洗洗别怀疑 只要认准价见底
唉，又是酿酒在拉指数，低开因为酒，拉台还是因,"https://guba.eastmoney.com/news,000650,657245404.html",2017-06-19 05:56:06,目测底部
今天到此收盘,"https://guba.eastmoney.com/news,000650,653078678.html",2017-06-09 11:05:50,关灯吃面
仁和药业集团难道你不值6元，就冲这块牌子，买了点,"https://guba.eastmoney.com/news,000650,652263750.html",2017-06-07 13:58:04,仁和药业集团难道你不值6元，就冲这块牌子，买了点
10股送1元，分红还可以，再跌下去补仓。,"https://guba.eastmoney.com/news,000650,656192337.html",2017-06-16 10:53:22,10股送1元，分红还可以，再跌下去补仓。
千万别追乎优呢看它自己表演到何时,"https://guba.eastmoney.com/news,000650,647504845.html",2017-05-26 13:30:56,哈哈
想多了,"https://guba.eastmoney.com/news,000650,652284568.html",2017-06-07 14:34:05,想多了
这种股消息蛋用没有别理它看它能耗多久耗的时间越长庄的成本更高,"https://guba.eastmoney.com/news,000650,655050954.html",2017-06-14 11:20:53,等
医药股绝地反击，已经重现光明。欢迎各大股东多多减持，把股价打折更多。医药板块即将,"https://guba.eastmoney.com/news,000650,652408069.html",2017-06-07 19:51:30,医药股绝地反击，已经重现光明。欢迎各大股东多多减持，把股价打折更多。医药板块即将开始爆发！发！发！发！
将此股的股价打出屎来,"https://guba.eastmoney.com/news,000650,653988755.html",2017-06-12 10:30:12,大家一起抛呀
等待红利,"https://guba.eastmoney.com/news,000650,655689272.html",2017-06-15 13:19:18,抢筹码，明天分红啦
仁和药业该表演了，坐稳了，不要被摔下车。,"https://guba.eastmoney.com/news,000650,653250461.html",2017-06-09 17:14:53,仁和药业该表演了，坐稳了，不要被摔下车。
仁和药业,"https://guba.eastmoney.com/news,000650,653955759.html",2017-06-12 09:38:32,仁和药业
此股不到压到5块以下你们不知道我的厉害,"https://guba.eastmoney.com/news,000650,653045237.html",2017-06-09 10:13:29,三个月内，天天阴跌
仁和今天有偷偷减持的嫌疑,"https://guba.eastmoney.com/news,000650,651212925.html",2017-06-05 11:07:39,靠
仁和如今是否达到资金饱和状态？大股东持减何时停止？长时间放低股价是否是庄家有意炒,"https://guba.eastmoney.com/news,000650,646797951.html",2017-05-25 10:36:49,仁和如今是否达到资金饱和状态？大股东持减何时停止？长时间放低股价是否是庄家有意炒作，进行大肆的洗盘？或是仁和的销售额确实在当今市场运营中，惨遭滑铁卢？大家可以讨论一下？
老杨岁数大了，已经找不到脖起的感觉了。,"https://guba.eastmoney.com/news,000650,653194599.html",2017-06-09 15:01:03,老杨岁数大了，已经找不到脖起的感觉了。
人心散了，再想收回来不容易了,"https://guba.eastmoney.com/news,000650,649028771.html",2017-05-31 14:08:43,人心散了，再想收回来不容易了
、企业不堪重负的行政,"https://guba.eastmoney.com/news,000650,653729568.html",2017-06-11 12:01:08,国内钢价大幅下跌
请问什么时候分红？,"https://guba.eastmoney.com/news,000650,653006662.html",2017-06-09 08:33:00,【问】请问什么时候分红？ 【答】仁和药业：根据规定，股东大会通过权益分派方案以后两个月内需要完成权益分派工作，至于具体时间，请届时查看公司披露的权益分派公告，谢谢！¶¶2017-06-09 08:33:00 §
卖性药的[大笑],"https://guba.eastmoney.com/news,000650,654514822.html",2017-06-13 10:45:55,卖性药的
个股涨跌比却始终是涨少跌多,"https://guba.eastmoney.com/news,000650,652824526.html",2017-06-08 18:31:55,个股涨跌比却始终是涨少跌多
今天准备打压下来一个点到二个点,"https://guba.eastmoney.com/news,000650,653022315.html",2017-06-09 09:38:36,大家小心呀
大家快抛吧不要在此股上浪费时间了,"https://guba.eastmoney.com/news,000650,653032452.html",2017-06-09 09:54:35,要你命的
江西板块今天涨得不错啊！喝杯绿茶，休息休息吧！哈哈哈哈,"https://guba.eastmoney.com/news,000650,655022516.html",2017-06-14 10:41:56,江西板块今天涨得不错啊！喝杯绿茶，休息休息吧！哈哈哈哈
有人在折价在二级市场拋,"https://guba.eastmoney.com/news,000650,652728091.html",2017-06-08 14:40:29,有人在折价在二级市场拋
触底回升，望现报复性反弹,"https://guba.eastmoney.com/news,000650,655641499.html",2017-06-15 11:48:15,这俩个点，可费老劲了啊
能级跃迁,"https://guba.eastmoney.com/news,000650,656965446.html",2017-06-18 07:17:53,黎明前，倒下的会是谁
2017-5-22周压3104下支撑3080不跌破自救，区间3,"https://guba.eastmoney.com/news,000650,656955555.html",2017-06-18 05:24:00,有这么多散户要去抢反弹。。所以别人还是会大发
明天分红了！哈哈！今天买了明天就分红！爽！,"https://guba.eastmoney.com/news,000650,655806440.html",2017-06-15 16:01:48,明天分红了！哈哈！今天买了明天就分红！爽！
鲁能集团需要三连板才,"https://guba.eastmoney.com/news,000650,656739746.html",2017-06-17 12:59:58,再来一个无耻红呗
地头蛇威武雄壮砸盘天下第一,"https://guba.eastmoney.com/news,000650,654616529.html",2017-06-13 14:19:20,
最后十分钟，看谁SB大赛结论见分晓！,"https://guba.eastmoney.com/news,000650,656329657.html",2017-06-16 14:51:27,最后十分钟，看谁SB大赛结论见分晓！
5.89填权。接下来调到5.3,"https://guba.eastmoney.com/news,000650,656298156.html",2017-06-16 14:09:37,5.89填权。接下来调到5.3
有人在减持。快跑,"https://guba.eastmoney.com/news,000650,656276730.html",2017-06-16 13:38:25,有人在减持。快跑
严重错杀,"https://guba.eastmoney.com/news,000650,656200420.html",2017-06-16 11:06:08,严重错杀
"近来炒股压力大,吃了仁和的六味地黄,感觉精神好多了,我要继续加仓仁和药业.","https://guba.eastmoney.com/news,000650,650884906.html",2017-06-03 23:27:08,"近来炒股压力大,吃了仁和的六味地黄,感觉精神好多了,我要继续加仓仁和药业."
今天填满权！改变减持形象！,"https://guba.eastmoney.com/news,000650,656160593.html",2017-06-16 10:08:23,今天填满权！改变减持形象！
5.94庄家拼命压盘意爱如何?下周肯定突破6块3!,"https://guba.eastmoney.com/news,000650,655825813.html",2017-06-15 16:31:46,5.94庄家拼命压盘意爱如何?下周肯定突破6块3!
跌到6元以下再拉到12.52的增发价之上，即能保增发主力又可以拿到1倍的利润，这个上方,"https://guba.eastmoney.com/news,000650,203439580.html",2015-09-21 10:22:29,看看是否是这样的一个趋势。
至少还有二个板 慢慢享受吧,"https://guba.eastmoney.com/news,000650,203472567.html",2015-09-21 12:11:51,至少还有二个板 慢慢享受吧
