标题,链接,发布时间,内容
[哭][哭][哭],"https://guba.eastmoney.com/news,000673,738895025.html",2017-12-27 13:43:21,
大家赶紧逃命吧，尾盘还要下探,"https://guba.eastmoney.com/news,000673,738689132.html",2017-12-26 13:37:00,收盘形势不妙，要暴力下跌，可能要到11.88，刚好可进入
这几万手抛单啊,"https://guba.eastmoney.com/news,000673,738889627.html",2017-12-27 13:29:20,这几万手抛单啊
上面的大单散户不要吃，准备撤退了，这种大单对倒带着散户去吃的都没好结果，兄弟们落,"https://guba.eastmoney.com/news,000673,738889449.html",2017-12-27 13:28:49,上面的大单散户不要吃，准备撤退了，这种大单对倒带着散户去吃的都没好结果，兄弟们落袋为安
4万多手，谁来吃,"https://guba.eastmoney.com/news,000673,738889363.html",2017-12-27 13:28:36,4万多手
10.5继续转让控股权有人要吗过期作废,"https://guba.eastmoney.com/news,000673,738880400.html",2017-12-27 12:57:31,同上
主力明显在对倒出货，引导散户接盘，大家小心，看着不对就跑,"https://guba.eastmoney.com/news,000673,738866972.html",2017-12-27 11:33:25,主力明显在对倒出货，引导散户接盘，大家小心，看着不对就跑
12.9的单终于快吃完了,"https://guba.eastmoney.com/news,000673,738861584.html",2017-12-27 11:19:12,12.9的单终于快吃完了
不给散户赚钱哭了,"https://guba.eastmoney.com/news,000673,738861843.html",2017-12-27 11:19:50,不给散户赚钱哭了
生气火爆该死主力,"https://guba.eastmoney.com/news,000673,738861443.html",2017-12-27 11:18:50,生气火爆该死主力
一个出货完成了12.71元,"https://guba.eastmoney.com/news,000673,738849371.html",2017-12-27 10:49:10,一个出货完成了12.71元
空中加油，买,"https://guba.eastmoney.com/news,000673,738843642.html",2017-12-27 10:36:25,空中加油，买
打压很明显,"https://guba.eastmoney.com/news,000673,738818493.html",2017-12-27 09:41:34,用三五手打压，效果还不错。
机构参与度为54.49%，属于完全控盘,"https://guba.eastmoney.com/news,000673,738759555.html",2017-12-26 18:09:29,机构参与度为54.49%，属于完全控盘，继续捂股不动。
这票没戏了,"https://guba.eastmoney.com/news,000673,738685876.html",2017-12-26 13:27:23,日横盘这么久的时间完全没有主动出击的趋势很可能跳水
海上生明月，天涯共此时。,"https://guba.eastmoney.com/news,000673,738743343.html",2017-12-26 16:33:14,海上生明月，天涯共此时。
当代东方与珠江电影集团签署战略合作协议,"https://guba.eastmoney.com/news,000673,738395358.html",2017-12-25 09:27:38,"当代东方与珠江电影集团签署战略合作协议
经过公司与珠江电影集团有限公司（以下简称“珠影集团”）就战略合作事项进行沟通、磋商，公司与珠影集团签订了《战略合作框架协议》，现将相关情况公告如下：
协议的主要内容
甲方：珠江电影集团有限公司
乙方：当代东方投资股份有限公司 、 1、合作内容及方式
甲、乙双方拟投资人民币7-12亿元，在影视制作、制片发行、院线、影城等方面全方位开展合作，投资形式包括但不限于：直接投资、成立专项基金等，具体内容如下：
（1）影视制作
广东珠影影视制作有限公司（以下简称“制作公司”）是甲方旗下全资子公司，主营业务为影视投资制作。乙方与制作公司将共同投资拍摄制作紧贴市场需求的电影、电视、真人秀、短视频、舞台剧等文化产品，具体合作方式及内容根据项目而定。
（2）制片发行
珠江影业传媒股份有限公司（以下简称“珠江影业”）是甲方旗下全资子公司。通过对院线、终端影院及发行资源的掌控，珠江影业将依托在制片投资领域积累的专业经验，选取优质影视项目与乙方共同投资。
（3）院线
乙方将与珠江影业在影城投资、院线运营与管理等方面开展合作，合作方式以双方商定的方式及各自上级主管机构或董事会批准的方式开展。
（4）影城
甲方旗下的珠影星光城项目，依托珠影集团深厚的历史文化沉淀和完整的影视产业链资源，旨在打造集影城、艺城、书城、学城、乐城、游城、音城、康城、商城、食城于一体的独具岭南特色的文化综合体。乙方有意成为甲方珠影星光城发展计划的合作伙伴，在IP开发、文化衍生品运营、自有品牌地面活动、资金等资源对接该项目进行合作。
（5）其他股权合作。
对上市公司的影响 公司与珠影集团在影视制作、制片发行、院线、影城等方面建立战略合作关系，利用各自优势，实施战略合作，有利于双方资源共享，促进公司主营业务实现可持续的增长，符合公司的发展需求和整体经营规划。"
4200股，12.10卖了，好惨啊！,"https://guba.eastmoney.com/news,000673,738647952.html",2017-12-26 10:51:11,停牌之前买的。早上挂13.05没卖出，结果着急12.10卖了。。。。
打压者太笨蛋,"https://guba.eastmoney.com/news,000673,738640720.html",2017-12-26 10:35:23,我还没有进入呢？挂了好半天了
真会玩几分钱玩了一个下午,"https://guba.eastmoney.com/news,000673,738711495.html",2017-12-26 14:37:39,
我卖了，这股不看好了，停牌这么久就是天天发公告骗人,"https://guba.eastmoney.com/news,000673,738711017.html",2017-12-26 14:36:33,我卖了，这股不看好了，停牌这么久就是天天发公告骗人
要练此功。必先自宫。,"https://guba.eastmoney.com/news,000673,738701632.html",2017-12-26 14:11:55,要练此功。必先自宫。
散户买，主力就撤，这个主力操盘很牛逼,"https://guba.eastmoney.com/news,000673,738643511.html",2017-12-26 10:41:40,散户买，主力就撤，这个主力操盘很牛逼
看分时图太虫死了啊！真气死我[好困惑],"https://guba.eastmoney.com/news,000673,738683291.html",2017-12-26 13:19:28,看分时图太虫死了啊！真气死我
垃圾速度跌停,"https://guba.eastmoney.com/news,000673,738680637.html",2017-12-26 13:11:28,
影响力连一颗星都没有的大部分都是拖，此股必跌。,"https://guba.eastmoney.com/news,000673,738674567.html",2017-12-26 12:32:16,影响力连一颗星都没有的大部分都是拖，此股必跌。
这种合作一天就现形了，谁还敢买这个股票啊！,"https://guba.eastmoney.com/news,000673,738670305.html",2017-12-26 12:01:32,这种合作一天就现形了，谁还敢买这个股票啊！
抓紧时间接盘，明天暴涨了。。,"https://guba.eastmoney.com/news,000673,738666544.html",2017-12-26 11:40:38,抓紧时间接盘，明天暴涨了。。
80先出来。   等会看看。,"https://guba.eastmoney.com/news,000673,738666353.html",2017-12-26 11:39:42,80先出来。 等会看看。
为何屡创新高！。,"https://guba.eastmoney.com/news,000673,738658202.html",2017-12-26 11:16:14,为何屡创新高！。
这个主力有点恶心,"https://guba.eastmoney.com/news,000673,738654895.html",2017-12-26 11:07:17,这个主力有点恶心
那么多人看好就会有问题,"https://guba.eastmoney.com/news,000673,738640584.html",2017-12-26 10:35:05,那么多人看好就会有问题
主力太强悍,"https://guba.eastmoney.com/news,000673,738638626.html",2017-12-26 10:30:38,主力太强悍
抛售越低越光荣,"https://guba.eastmoney.com/news,000673,738637237.html",2017-12-26 10:27:18,可以颁最低售价奖
亨通按照上,"https://guba.eastmoney.com/news,000673,738632332.html",2017-12-26 10:17:00,亨通按照上
停盘那么长时间，竟然立即萎了,"https://guba.eastmoney.com/news,000673,738624971.html",2017-12-26 10:01:22,这股萎得太快，还没有射呢！你这不是早……泄吗？
继续等收购永乐影视成功,"https://guba.eastmoney.com/news,000673,738612129.html",2017-12-26 09:32:09,继续等收购永乐影视成功，捂股不动。
庄家，我不过是7.07挂了100手而已，看把你吓的。,"https://guba.eastmoney.com/news,000673,738620215.html",2017-12-26 09:50:19,庄家，我不过是7.07挂了100手而已，看把你吓的。
今天死一片,"https://guba.eastmoney.com/news,000673,738620105.html",2017-12-26 09:50:06,今天死一片
放量了,"https://guba.eastmoney.com/news,000673,738619863.html",2017-12-26 09:49:36,放量了
打压太暴力,"https://guba.eastmoney.com/news,000673,738615912.html",2017-12-26 09:41:30,强势打压，很忧虑
没封板妈的,"https://guba.eastmoney.com/news,000673,738609299.html",2017-12-26 09:22:03,没封板妈的
哎，就一个板啊,"https://guba.eastmoney.com/news,000673,738608210.html",2017-12-26 09:17:41,哎，就一个板啊
这只股要好好查一查，操纵迹象太明显了。,"https://guba.eastmoney.com/news,000673,738564060.html",2017-12-25 19:52:24,这只股要好好查一查，操纵迹象太明显了。
明天，有效突破26.09，看高一线！。,"https://guba.eastmoney.com/news,000673,738551799.html",2017-12-25 18:11:44,明天，有效突破26.09，看高一线！。
当代东方与珠影合作 优势互补进军影视行业,"https://guba.eastmoney.com/news,000673,738573479.html",2017-12-25 21:21:30,"来源：证券时报 
　　当代东方(000673)12月24日晚间公告，12月22日，公司与珠影集团签订了《战略合作框架协议》。双方拟投资7-12亿元，在影视制作、制片发行、院线、影城等方面全方位开展合作，投资形式包括但不限于直接投资、成立专项基金等。
　　具体来看，珠影集团旗下全资子公司广东珠影影视制作有限公司的主营业务为影视投资制作。当代东方与制作公司将共同投资拍摄制作紧贴市场需求的电影、电视、真人秀、短视频、舞台剧等文化产品。
　　珠影集团旗下全资子公司珠江影业传媒股份有限公司将通过对院线、终端影院及发行资源的掌控，依托在制片投资领域积累的专业经验，选取优质影视项目与当代东方共同投资。此外，其还将与当代东方在影城投资、院线运营与管理等方面开展合作。
　　珠影集团旗下的珠影星光城项目，依托珠影集团深厚的历史文化沉淀和完整的影视产业链资源，旨在打造集影城、艺城、书城、学城、乐城、游城、音城、康城、商城、食城于一体的独具岭南特色的文化综合体。
　　当代东方有意成为珠影星光城发展计划的合作伙伴，在IP开发、文化衍生品运营、自有品牌地面活动、资金等资源对接该项目进行合作。
　　珠影集团是中国电影界的“老字号”，在中国影视行业资源实力雄厚。公开资料显示，珠影集团是广东省属国有文化企业集团、全国文化体制改革先进企业，由省委宣传部直管。其前身珠江电影制片厂筹建于1956年，所拍摄的1000多部影片屡获国际奖及中国电影“华表奖”、“金鸡奖”、“百花奖”、“童牛奖”等260多个奖项。进过近半个世纪的发展，珠江电影制片厂已发展成为一个综合性电影企业，并成为中国南方电影的重要生产基地。
　　2008年，珠江电影制片有限公司和华南院线巨头广东省电影公司重组合并成立珠影集团，成为华南地区历史最早、规模最大、实力最强的综合性电影企业。
　　近年来，国内许多老牌电影巨头的上海电影(601595)、中国电影(600977)纷纷上市，借助资本的力量发展壮大。珠影集团也按捺不住，确立了“一个中心，两翼齐飞”总体发展战略，其中就包括“推进珠江影业上市”的计划，此番更是借助与当代东方的合作进入资本市场。
　　当代东方的前身是大同水泥，因业绩不佳一度沦为壳公司。当代集团入主后，公司逐渐向影视娱乐行业转型，在影视行业的发展步伐也是高歌猛进：当代东方曾于2014年重组置入盟将威影业；2015年收购了中广院线30%股份布局院线资源；今年7月，当代东方又筹划收购永乐影视，进一步加码影视业务。
　　当代东方称，公司此次与珠影集团合作，将利用各自优势，实施战略合作，有利于双方资源共享，促进公司主营业务实现可持续的增长，符合公司的发展需求和整体经营规划。
　　然而需要指出的是，影视行业本身就是个高风险行业，投资不确定性大，收益不稳定，行业中各类资源鱼龙混杂，而当代东方近期经营中也是小问题频出。
　　此外，当代东方在公告中表示，其与珠影集团签订的协议为框架性协议，意在对协议双方未来业务合作提供支持和保证，协议的签订暂时不会对公司2017年度业绩产生重要影响。
　　此次珠影集团借由与当代东方的合作试水资本市场，双方能否强强联合碰撞出更多火花，仍需拭目以待。
　　当代东方股票将于12月25日复牌。
（来源：证券时报 2017-12-25 21:19） [点击查看原文]
展开阅读全文"
【龙虎榜】一字涨停的背后，竟是这几个席位在大举买入,"https://guba.eastmoney.com/news,000673,738575518.html",2017-12-25 21:41:27,"000673当代东方今日龙虎榜揭秘，异常波动背后的深层原因到底是什么？其中是否隐藏着不为人知的主力资金，背后又隐藏着怎样的惊人秘密？本贴为你揭开传说中游资大佬的神秘面纱，揭示行情波动背后的深层原因，为你的炒股之路保驾护航，一切精彩内容尽在股吧“龙虎榜揭秘”，欢迎关注本栏目，关注本ID，很荣幸与你在股市中并肩作战！一切精彩内容尽在股吧“龙虎榜揭秘”，欢迎关注本栏目，关注本ID，很荣幸与你在股市中并肩作战！一切精彩内容尽在股吧“龙虎榜揭秘”，欢迎关注本栏目，关注本ID，很荣幸与你在股市中并肩作战！一切精彩内容尽在股吧“龙虎榜揭秘”，欢迎关注本栏目，关注本ID，很荣幸与你在股市中并肩作战！一切精彩内容尽在股吧“龙虎榜揭秘”，欢迎关注本栏目，关注本ID，很荣幸与你在股市中并肩作战！
当代东方(000673)2017-12-25星期一 公布异常交易信息 类型：涨幅偏离值达7%的证券
收盘价：12.63元 涨跌幅：10.02% 成交量：585.71万股 成交金额：7397.57万元




买方前五席位
营业部名称	买入额(万)	卖出额(万)	净买入额(万)
东吴证券
上海分公司	2544.88	1.64	2543.23
金元证券
福州曙光路	1572.18	0.00	1572.18
东北证券
福州五一中路	663.08	10.74	652.34
东北证券
晋江长兴路	378.90	0.00	378.90
财通证券
海宁水月亭西
路	328.89	0.00	328.89


卖方前五席位
营业部名称	买入额(万)	卖出额(万)	净买入额(万)
中信建投证券
福清田乾路	0.00	821.46	-821.46
华鑫证券
深圳分公司	0.00	700.08	-700.08
万联证券
广州花都公益
路	0.00	516.06	-516.06
东兴证券
泉州田安路	0.00	297.56	-297.56
西藏东方财富证券
拉萨金珠西路
第一	0.00	282.03	-282.03

买一席位是东吴证券-上海分公司，该席位买入金额高达2544.88万元，占总成交比例竟然达34.40%，根据东方财富数据中心显示，最近三个月内该席位上榜22次，该席位介入后，3日上涨概率为18.18%。。

买二席位是金元证券-福州曙光路，该席位买入量达1572.18万元，占总成交比例竟达21.25%，根据东方财富数据中心显示，该席位已经三个月没上榜了。。

买三席位是东北证券-福州五一中路，该席位买入量达663.08万元，占总成交比例达到8.96%，数据显示该席位很少上榜，最近三个月内仅仅上榜3次，该席位介入后，3日上涨概率为33.33%。。

买四席位是东北证券-晋江长兴路，该席位买入金额是378.90万元，占总成交比例为5.12%，该席位上榜次数很少，最近三个月内仅仅上榜1次，该席位介入后，3日上涨概率为0.00%。。

买五席位是财通证券-海宁水月亭西路，该席位买入328.89万元，占总成交比例是4.45%，该席位上榜次数很少，最近三个月内仅仅上榜3次，该席位介入后，3日上涨概率为33.33%。。


卖一席位是中信建投证券-福清田乾路，该席位卖出金额达821.46万元，占总成交比例达到11.10%，该席位上榜次数很少，最近三个月内仅仅上榜1次，该席位介入后，3日上涨概率为100.00%。。

卖二席位是华鑫证券-深圳分公司，该席位卖出量达700.08万元，占总成交比例达到9.46%，该席位谈不上活跃，最近三个月内只上榜了4次，数据显示该席位介入后，3日上涨概率为50.00%。。

卖三席位是万联证券-广州花都公益路，该席位卖出金额为516.06万元，占总成交比例是6.98%，数据显示该席位很少上榜，最近三个月内仅仅上榜2次，该席位介入后，3日上涨概率为50.00%。。

卖四席位是东兴证券-泉州田安路，该席位卖出了297.56万元，占总成交比例是4.02%，该席位上榜次数很少，最近三个月内仅仅上榜2次，该席位介入后，3日上涨概率为50.00%。。

卖五席位是西藏东方财富证券-拉萨金珠西路第一，该席位卖出282.03万元，占总成交比例是3.81%，根据东方财富数据中心显示，最近三个月内该席位上榜35次，该席位介入后，3日上涨概率为17.14%。。




根据买方席位上榜次数和上涨概率计算的加权平均3日上涨数学期望值： 20.69 %，根据成交量调整后的数学期望值为：18.82%

根据卖方席位上榜次数和上涨概率计算的加权平均3日上涨数学期望值： 25.0%，根据成交量调整后的数学期望值为： 31.27%

根据买卖双方席位上榜次数和上涨概率综合计算的加权平均3日上涨数学期望值：23.29%，根据成交量调整后的数学期望值为：21.35%


（本文内容仅供参考，请自主、谨慎投资）


展开阅读全文"
这股没人了？,"https://guba.eastmoney.com/news,000673,738565945.html",2017-12-25 20:09:27,这股没人了？
证金持股  5元低价小盘等待一击触发,"https://guba.eastmoney.com/news,000673,738559795.html",2017-12-25 19:16:51,证金持股 [600981.sh] 5元低价小盘等待一击触发
第一财经及蚂蚁金服，恒生电子，未来最赚钱行业 上海第一财经传媒有限公司、浙江蚂蚁,"https://guba.eastmoney.com/news,000673,738545455.html",2017-12-25 17:32:20,"第一财经及蚂蚁金服，恒生电子，未来最赚钱行业
上海第一财经传媒有限公司、浙江蚂蚁小微金融服务集团有限公司、宁波云汉投资管理合伙企业签署《合作意向书》。各方同意,将发挥各自优势,在数据业务领域寻求资本及业务层面的合作机会,共同将恒生电子控股子公司上海恒生聚源数据服务有限公司打造成一家领先的数据服务公司。各方达成的初步方案为,引入乙方、丙方以及丁方作为投资者,对恒生聚源进行增资,增资规模预计约为3.9亿元。增资完成后,恒生电子预计将持有恒生聚源约41%股权,第一财经预计将持有恒生聚源约29.9%的股权,蚂蚁金服、云汉投资拟预计分别持股19.1%和10%。资料显示,第一财经是上海文化广播影视集团有限公司旗下媒体公司,目前是国内唯一一家集广播、电视、日报、网站、杂志于一体的中国专业财经媒体公司。蚂蚁金服前身为浙江阿里巴巴电子商务有限公司,旗下品牌包括了支付宝、支付宝钱包、余额宝、招财宝、蚂蚁小贷及筹备中的网商银行等。"
涨得很好，好开心，今晚圣诞大餐[大笑],"https://guba.eastmoney.com/news,000673,738507445.html",2017-12-25 14:47:28,涨得很好，好开心，今晚圣诞大餐
见过恶心的，没见过这么恶心的，小散赚点饭钱这。,"https://guba.eastmoney.com/news,000673,719640664.html",2017-10-20 09:13:41,见过恶心的，没见过这么恶心的，小散赚点饭钱这。
当代东方:关于控股股东及其一致行动人或公司实际控制人增持公司股份的进展公告,"https://guba.eastmoney.com/news,000673,732135870.html",2017-11-27 11:42:54,"公告日期：2017-11-27
 股票代码：000673 股票简称：当代东方 公告编号:2017-166



当代东方投资股份有限公司



关于控股股东及其一致行动人或公司实际控制人增持公司股份的进展公告



本公司及董事会全体成员保证信息披露的内容真实、准确、完整，没有虚假记载、误导性陈述或重大遗漏



当代东方投资股份有限公司(以下简称“公司”)于2017年8月23日披露了



《关于控股股东及其一致行动人或公司实际控制人计划增持公司股份的公告》（公告编号：2017-115）。公司控股股东厦门当代文化发展股份有限公司（以下简称“控股股东”或“当代文化”）及其一致行动人、公司实际控制人王春芳先 生基于对公司未来发展前景的信心以及对公司价值的认可，计划自 2017年 8月23日起6个月内，根据中国证券监督管理委员会和深圳证券交易所的有关规定，通过法律法规允许的方式（包括但不限于集中竞价和大宗交易等）择机通过 二级市场增持公司股份，累计增持金额为不低于人民币1亿元。



2017年11月26日，公司接到当代文化的《股份增持告知函》，当代文化于



2017年11月10日至2017年11月24日通过“西藏信托-莱沃28号集合资金信



托计划”累计增持股份7,895,262股，交易金额9,366.72万元，增持比例达到



总股本的0.995%。现将具体情况公告如下：



一、增持情况



1、增持主体：西藏信托-莱沃28号集合资金信托计划，该信托计划由当代



文化发起设立。



2、增持时间：2017年11月10日至2017年11月24日。



3、本次增持股份数量及比例：



增持均价 增持数量 增持股份占 交易金额



增持股东 账户名称 交易方式 增持时间 （元/股） （股） 公司总股本 （万元）



比例（%）



西藏信托 竞价交易 2017年11 11.875 1,545,000 0.195 1,834.69



当代文化-莱沃28 月10日



号集合资 竞价交易 2017年11 11.967 2,064,062 0.260 2,470.06



金信托计 月13日



增持均价 增持数量 增持股份占 交易金额



增持股东 账户名称 交易方式 增持时间 （元/股） （股） 公司总股本 （万元）



比例（%）



划 竞价交易 2017年11 11.971 2,697,600 0.340 3,229.30



月14日



竞价交易 2017年11 11.947 258,000 0.033 308.23



月15日



竞价交易 2017年11 11.837 300,000 0.038 355.11



月16日



竞价交易 2017年11 11.400 480,600 0.061 547.88



月23日



竞价交易 2017年11 11.299 ……
[点击查看PDF原文]
提示：本网不保证其真实性和客观性，一切有关该股的有效信息，以交易所的公告为准，敬请投资者注意风险。
展开阅读全文"
僵尸吹逼,"https://guba.eastmoney.com/news,000673,738543434.html",2017-12-25 17:20:31,僵尸吹逼
又是拉尾盘，垃圾,"https://guba.eastmoney.com/news,000673,705949271.html",2017-09-19 14:45:22,又是拉尾盘，垃圾
游资大举抢进000751锌业股份。,"https://guba.eastmoney.com/news,000673,731887629.html",2017-11-25 17:40:45,游资大举抢进000751锌业股份。
发瘟公司，当代东方,"https://guba.eastmoney.com/news,000673,718421058.html",2017-10-18 10:01:38,发瘟公司，当代东方
请问董秘，目前公司投资不少子公司孙公司，目前这些投资的公司中有多少比例已经为上市,"https://guba.eastmoney.com/news,000673,729109828.html",2017-11-16 18:25:19,"请问董秘，目前公司投资不少子公司孙公司，目前这些投资的公司中有多少比例已经为上市公司贡献利润了？ 
当代退
当代东方：投资者您好，请您关注公司于定期报告中披露的相关内容，感谢您的关注。
答复时间 2017-11-23 14:51:00"
持续加码金融科技信雅达(600571)传统业务保持领先，金融科技稳步布局,"https://guba.eastmoney.com/news,000673,732091172.html",2017-11-27 10:11:17,"信雅达(600571)传统业务保持领先，金融科技稳步布局 
研报日期：2017-10-12
信雅达(600571)
公司近五年业绩基本稳定。公司 2017 年上半年营业收入为 5.72 亿元，同比增长 10.90%，归母净利润为 4,468.77 万元，同比下降 29.26%。 2016年公司营业收入为 13.85 亿元，同比增长 28.70%，近五年 CAGR 为 15.33%；归母净利润为 1.23 亿元，同比增长 1.30%，近五年 CAGR 为 18.28%。公司2016 年归母净利润增长显着低于营业收入增长，主要是因 2014 年、 2015年公司利用闲置资金进行了证券投资，而 2016 年该部分投资减少幅度较大，导致非经常性损益下降较多， 2016 年扣非后归母净利润为 1.12 亿，同比增长 25.56%。
以银行为主的金融 IT 市场有望继续快速增长。 根据 IDC 数据显示，2015 年我国银行业整体 IT 投资为 831.06 亿元，同比增长 11.92%，预计 2020年投资规模达到 1,351.3 亿元， 2015-2020 年 CAGR 为 10.21%。 银行业 IT解决方案的增长速度较快， IDC 数据显示， 2015 年我国银行业 IT 解决方案市场规模为 225.20 亿元，同比增长 23.5%，估计 2016 年市场规模为 277.20亿元，同比增长 23.1%，预计 2020 年市场规模有望达到 612.11 亿元，2016-2020 年 CAGR 为 21.9%。
公司传统业务领域继续保持领先优势。 公司在流程银行、影像系统、呼叫中心等市场保持领先优势。公司自 2008 年起开展流程银行业务，流程银行中标率在国内多年维持在 90%以上，同时流程银行的理念在保险行业也得到应用； IDC 数据显示， 公司影像系统业务目前市占率也保持领先。公司的流程银行业务与影像系统具有紧密的联系，公司能通过两种业务实现较好的协同； 根据 IDC 数据，公司 2014 年呼叫中心在银行市场的市占率约为 11.1%。公司的影像系统和呼叫中心业务均不限于银行业，在证券、保险等非银金融机构也具有广泛的应用。
内生发展和外延并购，。 公司使用生物识别、大数据、人工智能等技术， 从“银行业务流程优化”、“金融数据分析”、“风险预警”和“数字化营销”四个方面协助传统金融机构从电子化向智慧型转型。 同时，公司并购科匠信息实现金融业务的移动化；设立泛泰科技布局消费金融；参股趣链科技，积极探索区块链技术与金融的结合。
投资建议： 
在公司现有软件服务、硬件产品销售、系统维护以及环保产品等业务保持稳健增长的前提假设下，我们预计公司 2017、 2018 以及 2019 年的 EPS分别为 0.34、 0.41 和 0.48 元，对应 P/E 分别为 43.44 倍、 36.02 倍和 30.77倍。目前 IT 服务行业最新市盈率（ TTM，整体法，剔除负值）为 45.10 倍，考虑到公司在持续加码金融科技的同时， 积极拓展金融业务移动化、消费金融、供应链金融等领域，我们认为公司的估值仍具有一定的上升空间，因此首次给予其“增持”评级。
风险提示： 
市场竞争风险；坏账风险；新业务发展不及预期风险等。[长城国瑞证券有限公司]"
什么时候爆仓啊，加油砸啊,"https://guba.eastmoney.com/news,000673,732101512.html",2017-11-27 10:30:11,什么时候爆仓啊，加油砸啊
到现在重组还没有成功，难道重组有可能不通过？？？,"https://guba.eastmoney.com/news,000673,718465147.html",2017-10-18 11:12:23,到现在重组还没有成功，难道重组有可能不通过？？？
真是一个公告多的臭屁股,"https://guba.eastmoney.com/news,000673,722216034.html",2017-10-26 14:46:51,真是一个公告多的臭屁股
成功收购永乐的时刻快到啦,"https://guba.eastmoney.com/news,000673,732041080.html",2017-11-27 00:12:52,成功收购永乐的时刻快到啦
看到好股了，看到好股了，哈哈。,"https://guba.eastmoney.com/news,000673,718053546.html",2017-10-17 17:09:12,看到好股了，看到好股了，哈哈。
红色帝国的血泪战 一部液晶面板产业阴谋史 2017。,"https://guba.eastmoney.com/news,000673,719574069.html",2017-10-20 05:43:51,红色帝国的血泪战 一部液晶面板产业阴谋史 2017。
华北制药即将爆涨，第一目标价8元左右！。,"https://guba.eastmoney.com/news,000673,721644842.html",2017-10-25 12:13:05,华北制药即将爆涨，第一目标价8元左右！。
当代东方：拟与珠影集团投资7亿至12亿元 开展影视制作等合作,"https://guba.eastmoney.com/news,000673,738361024.html",2017-12-24 17:25:47,"来源：证券时报 
　　当代东方(000673)12月24日晚间公告，12月22日，公司与珠影集团签订了《战略合作框架协议》。双方拟投资7-12亿元，在影视制作、制片发行、院线、影城等方面全方位开展合作，投资形式包括但不限于：直接投资、成立专项基金等。公司股票将于12月25日复牌。
（来源：证券时报 2017-12-24 17:24） [点击查看原文]"
永乐影视自降身价欲“嫁”当代东方，交易背后疑点难消,"https://guba.eastmoney.com/news,000673,731841016.html",2017-11-25 09:46:04,"红刊财经 王宗耀 
曾号称投资2.5亿打造传奇巨制《武神赵子龙》，成品内容却成了网上恶评如潮的雷剧；曾欲借壳宏达新材逐鹿A股市场，结果却连遭监管机构问询而折戟沉沙，做为上市公司当代东方重大资产重组的并购对象，永乐影视欲入A股市场之路走得可谓相当坎坷。
估值大幅缩水
  
今年7月，上市公司当代东方发布了一份《发行股份购买资产暨关联交易预案》，拟以发行股份方式购买程力栋、张辉、南京雪人等自然人及机构合计持有的永乐影视100%股权。然而在预案发布不久后，深圳证券交易所就其业绩承诺等问题下发了问询函。8月22日，当代东方发布了修订后并购预案。据修订稿介绍，以2017年6月30日为评估基准日，此次并购对象永乐影视未经审计的净资产账面值为7.30亿元，25.50亿元收购价格相较其净资产增值18.20亿元，增值幅度高达249.49%。
  
回顾永乐影视在2016年欲借壳宏达新材上市时的估值定价，永乐影视采用收益法评估的资产价值高达32.68亿元，相较当时永乐影视净资产5.78亿元评估增值了26.89亿元，增值率高达464.98%。如今，永乐影视此次并购时相较2016年借壳的净资产增加1.52亿元的背景下，评估值反倒是大幅减少了7.18亿元，减少金额相当于本次预评估值的28.16%。对于如此大幅的评估值降低，不由让人对永乐影视的经营情况产生怀疑，如果说此前借壳时评估结果是合理的，则目前评估值的下滑意味着永乐影视的营利能力出现了大幅下滑。
  
事实上，从并购草案披露的数据来看，永乐影视不论营业收入还是净利润，确实出现了大幅减少的情况。数据显示，在2015年、2016年和2017年1~6月期间，永乐影视的营业收入分别为5.04亿元、4.77亿元和1.89亿元，净利润分别为1.45亿元、1.26亿元和0.66亿元，营利持续双降。
  
值得注意的是,其2016年的利润真实实现额仅相当于公司在借壳宏达新材时进行业绩承诺27000万元的一半都不到。虽然相比之前借壳时的评估价，永乐影视此次的预估价格出现了大幅降低，但是对于公司每况愈下的经营业绩现实，249.49%增值幅度仍然不算低，而如今当代东方竟然不顾风险仍开出25.50亿元的高价去收购，这种选择是否理性呢？
虚假宣传OR虚增利润？
  
并购预案披露，永乐影视主营业务为电视剧、电影的制作与发行，从其以往的经营情况来看，公司应以电视剧的制作与发行为主。在报告期内，让永乐影视最引以为傲的是为其贡献收入最高的《武神赵子龙》一剧。
  
《武神赵子龙》是永乐影视自主制作拍摄的古装电视连续剧，共60集。该剧于2015年11月3日取得发行许可，首映时间为2016年4月份。在永乐影视早期为《武神赵子龙》做宣传的时候，公司打出了“传奇巨制”、“总投资2.5亿元”等噱头，可就在该剧上映后却是恶评如潮，甚至连人民日报也曾发文批判该剧为“挂羊头卖狗肉”，然而也就是这恶评如潮的电视剧却成为了永乐影视近些年来创收的“王者”。
  
从表1披露的数据来看，《武神赵子龙》在2015年还尚未播出时就已经实现了1.58亿元的收入，即《武神赵子龙》在获得发行许可证后不到两个月的时间里，便卖出了1.58亿元。其后，该剧又在2016年为永乐影视贡献了1.54亿元的收入。截至报告期末，该剧共为永乐影视提供收入达3.126亿元。
 《红周刊》记者发现，在《武神赵子龙》前期诸多宣传中，均宣称该剧总投资为2.5亿元，可让人惊奇的是，到了当代东方此次并购草案中，所披露的该剧实际总成本却仅有1.30亿元，与宣传号称的2.5亿元投入相差了整整1.2亿元，难道公司有1.2亿投资没有算进成本？如果说公司真的存在如宣传那样投入了2.5亿元，那么并购草案中所披露的1.3亿元的成本投入说法就令人怀疑，因为有1.2亿元投入去了那儿？《红周刊》记者怀疑，该公司很可能在该剧上虚减了成本，毕竟成本的人为少计反过来可以使得利润得以虚增。对于永乐影视而言，其2015年和2016年的利润仅分别为1.45亿元和1.26亿，如果公司真的在《武神赵子龙》一剧中少计了1.2亿元成本，则意味着永乐影视这两年实现的利润恐怕会出现“腰斩”，届时收购评估值也可能会出现很大波动。
  
当然，《武神赵子龙》真实投入到底有多少也只有永乐影视自己最为清楚，但不管如何，对于一家企业而言，无论其是为了并购而虚增利润，还是为了收视率而虚假宣传，都是一种不诚信的体现，如果这种不诚信的表现一旦进入到企业并购或融资环节，则很可能会给投资人和社会带来很大的负面影响。
成本造假嫌疑
  
除永乐影视的作品《武神赵子龙》成本方面存在疑点外，永乐影视对今年未曾上映的两部新剧《纪委书记》和《人民子弟兵》也给出了预计利润。要知道，这两部剧集的利润预期是关系到企业未来的盈利情况以及企业估值定价的。然而，根据永乐影视披露的相关数据看，其对这两部剧的利润预计存在明显不合理的情况。
  
在当代东方披露的修订后的并购预案中，永乐影视2015年、2016年和2017年6月30日经初步审计的存货账面价值分别为2.62亿元、2.49亿元和3.93亿元，占各期末资产总额的比例分别为28.05%、22.62%和30.55%。
  
其中在2017年6月30日的存货中，金额最大的为“在拍影视剧”，金额高达2.35亿元，占存货金额的59.73%。对此，永乐影视在并购草案中解释称，公司的存货以“在拍影视剧”和“已完成拍摄影视剧”为主。2017年6月末，“在拍影视剧”的金额较大，主要为当期已完成拍摄的《纪委书记》和《人民子弟兵》尚未取得发行许可证，制作成本在“在拍影视剧”明细项下核算。“己拍摄完成的影视剧”主要为2016年末取得发行许可尚未发行完毕未结转完成的剩余成本。
  
由上述解释不难看出，永乐影视2017年6月30日存货中的2.35亿元“在拍影视剧”主要为当期已完成拍摄的《纪委书记》和《人民子弟兵》两部剧的结转，这就意味着这两部剧的成本金额应该接近2.35亿元，而既然如此，也就意味着公司在这两剧上的收入应该超过2.35亿元才能产生利润，然而让人惊奇的是，永乐影视在介绍今年下半年的预计收入时，给出的数据却是《纪委书记》预计发行收入约为1.40亿元，毛利约为0.77亿元，《人民子弟兵》预计发行收入约为0.69亿元，毛利约为0.31亿元，两剧相加，收入仅有2.09亿元，很显然这两个剧目与成本投入相比是并未收回制作成本的，然而预计两剧出现合计产生超过1亿元毛利的理由又是什么呢？另外，其《纪委书记》的版权比例为75%，《人民子弟兵》的版权比例为86%，因此这两部剧的收入中还有其他投资机构的分成，并非全部属于永乐影视。由此分析看，永乐影视对这两部剧的收入，以及毛利的预估显然是不合理的。
  
另外，其“己拍摄完成的影视剧”主要为2016年末取得发行许可尚未发行完毕未结转完成的剩余成本。并购报告显示，公司2016年末取得发行许可的剧集只有一部《何所冬暖，何所夏凉》，也就是说该剧未结转完成的剩余成本金额为11520.21万元，然而根据公司披露的数据，该剧2016年结转成本1872.99万元，2017年上半年结转成本4531.50万元，由此可推算出，《何所冬暖，何所夏凉》的总成本应该达到或超过1.79亿元，可公司披露的该剧实际总成本仅有1.34亿元。那么，这其中的误差又是怎么回事呢？
  
退一步讲，假设成本中“己拍摄完成的影视剧”并非只有《何所冬暖，何所夏凉》一部，还有其他“取得发行许可尚未发行完毕未结转完成的剩余成本”的剧目，那么根据已披露的数据，报告期末未结转成本余额中，2016年取得发行许可的《何所冬暖，何所夏凉》尚有7039.20万元、《战神2》尚有1256.31万元；2015年取得发行许可的《傻儿传奇2》尚有943.81万元，《南拳北腿战淞沪》尚有737.15万元，合计金额仅为9976.47万元，可存货中的“己拍摄完成的影视剧”的金额却为11520.21万元，超过千万元的数值偏又说明了什么呢？很显然，存货中的数据和成本结转数据是根本对不上的，如此也令人怀疑，永乐影视的成本数据有造假的可能。
业绩承诺兑现有难度
  
在并购预案中，永乐影视的股东程力栋、张辉、南京雪人和宁波皓望与上市公司签署了《业绩承诺及盈利预测补偿协议》，对永乐影视盈利承诺期的净利润作出承诺及承担盈利补偿义务。根据协议，如果永乐影视今年完成并购，则2017年度净利润不低于21500万元，2018年度不低于29500万元，2019年度不低于36500万元，这意味着，预期中永乐影视的净利润是能够保持几年的业绩增长的，这个结果与我们前文提到的永乐影视目前经营业绩持续下滑的现状恰恰相反。
  
需要注意的是，关于2017年业绩情况，并购草案披露，永乐影视今年上半年实现的净利润为6595.18万元，尚不足承诺对象所承诺业绩的三分之一，如果说公司在年内真的完成并购，即年内要想完成21500万元业绩承诺，则意味着在下半年至少需要实现1.50亿元净利润，可这对于近几年业绩持续下滑的永乐影视而言，可谓压力山大。
  
并购草案披露，永乐影视在2015年取得发行许可证的电视剧数量有6部，共计249集，实现的净利润为1.45亿元，而在2016年，永乐股份取得发行许可证的电视剧数量为3部，共计124集，实现净利润下滑至1.26亿元；2017年1~6月，公司目前还尚未有新剧取得发行许可证。由此来看，实在让人担忧企业今年的业绩实现情况，在新剧尚未取得发行许可证的背景下，如何才能实现自己承诺的业绩呢？
  
并购预案介绍，永乐影视今年上半年主要收入来源于《何所冬暖，何所夏凉》在东方卫视的首轮剧发行收入，以及《战神2》投放新媒体爱奇艺的跟播剧收入，当期实现电视剧销售收入1.89亿元。其2017年拍摄的《人民子弟兵》于8月11日取得发行许可证，正在安排发行工作，2017年拍摄的《纪委书记》已完成制作，但却并未取得发行许可证。公司在2017年下半年的收入将主要依靠《纪委书记》和《人民子弟兵》的发行收入，以及《何所冬暖，何所夏凉》投放新媒体腾讯视频的跟播剧收入。
  
按照永乐影视的预计，《纪委书记》预计发行收入约为1.40亿元，毛利约为0.77亿元；《何所冬暖，何所夏凉》预计发行收入约为1.28亿元，毛利约为0.72亿元；《人民子弟兵》预计发行收入约为0.69亿元，毛利约为0.31亿元。目前针对上述影视剧，公司正在与中央电视台、北京电视台等一线卫视洽谈发行事宜。整体上，以上三部电视剧预计发行总收入约为3.37亿元，毛利约为1.8亿元。
  
不过需要注意的是，永乐影视对这三部剧的业绩预测显然有些过于乐观，因为在以上三部剧中，《纪委书记》尚未取得发行许可，且该片还属于政治题材、内容比较敏感，能否取得发行许可证、什么时间能够取得许可证都存在很大的不确定性，而即使是在年内能够取得许可证，按照相关财务制度，发行收入能否在2017年计入营业收入还尚未可知，更何况是在1个多月内需要落实1.4亿元发行收入呢？
  
《何所冬暖，何所夏凉》今年上半年已经完成首轮播出，实现收入9965.17万元。从该剧首轮播出后的评价看并不高，著名评论社区网站豆瓣电影的评分很低，只有3.7分。在对收入影响很大的首轮播出中，收入尚且不足1亿元，再加上目前剧集评论得分不高的影响，预期其在下半年的网络播出中，想要再实现0.93亿元的收入存在一定难度。同样，对于《人民子弟兵》的播出时间，截至记者发稿日也尚无任何消息，其能否在年内正常播出也是个未定之数。
  
此外，在当代东方本次并购永乐影视所发布的并购预案中，其2015年的诸多财务数据与2016年永乐影视借壳宏达新材时披露的数据并不相同，此事甚至引起深圳证券交易所的注意，对此进行过问询。当时当代东方给出的解释是，2015年1月永乐公司与北京奇艺世纪科纪有限公司签定出售《武神赵子龙》的电视剧销售合同，金额为7800万。原审计报告将该合同的收入确认在2015年；本次预案披露时，会计师根据相关条款初步判断该合同尚未满足在2015年确认收入的条件，预披露数据将其调整至2016年确认收入。该项调整导致本次预案披露的较原审计报告披露的存货增加3781.33万元、应收账款减少5187万元、预收账款增加2340万元、营业收入减少7358.49万元、营业成本减少3781.33万元、资产减值损失减少273万元。
  
从解释内容看，永乐影视对于营业收入的界定并不明确，而且对于《武神赵子龙》7800万元的收入跨年度调整后，如何导致存货、应收账款、预收账款等项发生奇怪的不规则变化明显缺乏详细而合理说明。对于监管机构如此关注的问题，永乐影视尚且给出如此敷衍的回答，而对于《红周刊》记者所提到的上述问题，不知公司届时又将如何回复了？










展开阅读全文"
真服了，什么好消息都扶不起来,"https://guba.eastmoney.com/news,000673,732865903.html",2017-11-29 14:28:26,真服了，什么好消息都扶不起来
装的一手好逼,"https://guba.eastmoney.com/news,000673,732547313.html",2017-11-28 14:49:41,自导自演
这周13没戏了[哭][哭][哭],"https://guba.eastmoney.com/news,000673,724742831.html",2017-11-02 16:03:35,这周13没戏了
那么被质押股权就存在被平仓的风险。。,"https://guba.eastmoney.com/news,000673,732901852.html",2017-11-29 16:00:35,那么被质押股权就存在被平仓的风险。。
天天收购有毛病,"https://guba.eastmoney.com/news,000673,725213391.html",2017-11-03 20:37:32,天天收购有毛病
下面挂的买盘越多，跌的越惨，都是托着出货,"https://guba.eastmoney.com/news,000673,717933591.html",2017-10-17 13:46:01,这个股估计要出大利空了，低位还在忙着出货
珠影，老牌国企，这是不是叫参与混改了,"https://guba.eastmoney.com/news,000673,738470023.html",2017-12-25 13:13:24,珠影，老牌国企，这是不是叫参与混改了
大盘缩量上涨到3300。,"https://guba.eastmoney.com/news,000673,738246381.html",2017-12-22 18:53:38,大盘缩量上涨到3300。
中航电子融资融券信息(01-08),"https://guba.eastmoney.com/news,000673,719462818.html",2017-10-20 00:22:08,大树智能:关联担保暨关联交易公告
军师联盟2播放量值一个板？ 珠影值两个板？ 一共三个？合理吗,"https://guba.eastmoney.com/news,000673,738476523.html",2017-12-25 13:32:12,"军师联盟2播放量值一个板？
珠影值两个板？
一共三个？合理吗"
端午节啊,"https://guba.eastmoney.com/news,000673,719280910.html",2017-10-19 17:19:37,端午节啊！事在人中心吃v
砸不开片子哥的，省省力吧。,"https://guba.eastmoney.com/news,000673,738474783.html",2017-12-25 13:27:56,砸不开片子哥的，省省力吧。
开始你的表演..。,"https://guba.eastmoney.com/news,000673,732819459.html",2017-11-29 12:33:03,开始你的表演..。
尼玛，除了跌还是跌,"https://guba.eastmoney.com/news,000673,732101983.html",2017-11-27 10:31:07,尼玛，除了跌还是跌
关灯吃面。,"https://guba.eastmoney.com/news,000673,726916534.html",2017-11-10 11:00:21,关灯吃面。
这他妈就是发增持公告的走势,"https://guba.eastmoney.com/news,000673,732203104.html",2017-11-27 14:43:44,这他妈就是发增持公告的走势
出去玩了好,"https://guba.eastmoney.com/news,000673,727623195.html",2017-11-13 15:44:18,出去玩了好
这么明显的内部交易咋不查？,"https://guba.eastmoney.com/news,000673,738397897.html",2017-12-25 09:36:16,这么明显的内部交易咋不查？
都不要卖[赞][赚大了][赚大了][赚大了],"https://guba.eastmoney.com/news,000673,738442666.html",2017-12-25 11:11:11,都不要卖
10.2转让控股权有人吃吗,"https://guba.eastmoney.com/news,000673,738436114.html",2017-12-25 10:57:24,同上
陆续有大笔资金悄然卖出，打开必然，看谁跑得快。,"https://guba.eastmoney.com/news,000673,738413403.html",2017-12-25 10:10:38,如题。
数板开始。为什么前几天有个大坑，主力这是有意图的。各位珍惜手里的筹码吧。,"https://guba.eastmoney.com/news,000673,738396205.html",2017-12-25 09:30:58,数板开始。为什么前几天有个大坑，主力这是有意图的。各位珍惜手里的筹码吧。
又个骗局开始,"https://guba.eastmoney.com/news,000673,738413820.html",2017-12-25 10:11:31,又个骗局开始
与珠影合作，精准扶贫,"https://guba.eastmoney.com/news,000673,738393940.html",2017-12-25 09:22:02,与珠影合作，精准扶贫
能有几个板？？？？,"https://guba.eastmoney.com/news,000673,738396164.html",2017-12-25 09:30:48,能有几个板？？？？
弄200万手封板肯定没人卖,"https://guba.eastmoney.com/news,000673,738394744.html",2017-12-25 09:25:17,弄200万手封板肯定没人卖
快买具备连续涨停板601139!,"https://guba.eastmoney.com/news,000673,738394436.html",2017-12-25 09:24:14,快买具备连续涨停板601139!
当代东方:关于公司签署战略合作协议暨公司股票复牌的公告,"https://guba.eastmoney.com/news,000673,738356331.html",2017-12-24 16:06:28,"公告日期：2017-12-25
证券代码：000673 证券简称：当代东方 公告编号：2017-175



当代东方投资股份有限公司



关于公司签署战略合作协议暨公司股票复牌的公告



本公司及董事会全体成员保证信息披露的内容真实、准确和完整，没有虚假记载、误导性陈述或重大遗漏。



重要内容提示：



1、公司股票（证券简称“当代东方”、证券代码：000673）自2017年12



月25日（星期一）开市起复牌。



2、本次战略合作框架协议属于双方合作意愿和基本原则的意向性约定。



3、本次合作意向不构成关联交易，也不构成《上市公司重大资产重组管理



办法》规定的上市公司重大资产重组。



4、公司将根据合作事项开展情况，及时履行相应的审批决策程序和信息披露义务，敬请广大投资者注意投资风险。



当代东方投资股份有限公司（以下简称“公司”）因筹划重大战略合作事项，经公司向深圳证券交易所申请，公司股票于2017年12月11日开市起停牌，具体内容详见公司同日刊登于《中国证券报》、《上海证券报》、《证券日报》和巨潮资讯网（http://www.cninfo.com.cn）的《关于公司拟签署战略合作协议暨公司股票停牌的公告》（公告编号：2017-171）。



经过公司与珠江电影集团有限公司（以下简称“珠影集团”）就战略合作事项进行沟通、磋商，2017年12月22日，公司与珠影集团签订了《战略合作框架协议》（以下简称“本协议”），现将相关情况公告如下：



一、 协议对方基本情况



1、基本信息



企业名称：珠江电影集团有限公司



统一社会信用代码：91440000694773381Q



类型：有限责任公司(国有独资)



注册资本：17977.23万人民币



法定代表人：蔡伏青



成立日期：2009年09月14日



登记机关：广东省工商行政管理局



住所：广州市海珠区新港中路354号



经营范围：摄制电影片，复制本单位影片，按规定发行国产影片及其复制品；电视剧制作；电影、电视剧和影视节目投资，影视企业投资，电影频道投资和经营；设计、制作、发布、代理国内外各类广告。(依法须经批准的项目，经相关部门批准后方可开展经营活动)



2、最近三个会计年度与上市公司发生的交易金额



公司与珠影集团不存在关联关系。最近三个会计年度，公司未与珠影集团发生交易。



3、履约能力分析



珠影集团是广东省属国有文化企业集团、全国文化体制改革先进企业，由省委宣传部直管，具备良好的履约能力。



二、 协议的主要内容



甲方：珠江电影集团有限公司



乙方：当代东方投资股份有限公司



1、合作内容及方式



甲、乙双方拟投资人民币【7-12】亿元，在影视制作、制片发行、院线、影城等方面全方位开展合作，投资形式包括但不限于：直接投资、成立专项基金等，具体内容如下：



（1）影视制作



广东珠影影视制作有限公司（以下简称“制作公司”）是甲方旗下全资子公司，主营业务为影视投资制作。乙方与制作公司将共同投资拍摄制作紧贴市场需求的电影、电视、真人秀、短视频、舞台剧等文化产品，具体合作方式及内容根据项目而定。



（2）制片发行



珠江影业传媒股份有限公司（以下简称“珠江影业”）是甲方旗下全资子公司。通过对院线、终端影院及发行资源的掌控，珠江影业将依托在制片投资领域积累的专业经验，选取优质影视项目与乙方共同投资。



（3）院线



乙方将与珠江影业在影城投资、院线运营与管理等方面开展合作，合作方式以双方商定的方式及各自上级主管机构或董事会批准的方式开展。



（4）影城



甲方旗下的珠影星光城项目，依托珠影集团深厚的历史文化沉淀和完整的影视产业链资源，旨在打造集影城、艺城、书城、学城、乐城、游城、音城、康城、商城、食城于一体的独具岭南特色的文化综合体。乙方有意成为甲方珠影星光城发展计划的合作伙伴，在IP开发、文化衍生品运营、自有品牌地面活动、资金等资源对接该项目进行合作。



（5）其他股权合作。



2、违约责任



本协议经甲、乙双方友好协商达成一致，所商定事项仅作为双方今后业务战略合作的意向文本，不构成协议双方互相追究违约责任的法律依据。但如因任……
[点击查看PDF原文]
提示：本网不保证其真实性和客观性，一切有关该股的有效信息，以交易所的公告为准，敬请投资者注意风险。
展开阅读全文"
军心需要稳定,"https://guba.eastmoney.com/news,000673,738394186.html",2017-12-25 09:23:03,军心需要稳定
内幕啊之前大涨,"https://guba.eastmoney.com/news,000673,738393990.html",2017-12-25 09:22:14,内幕啊之前大涨
12月25日 股市新闻面面观,"https://guba.eastmoney.com/news,000673,738393681.html",2017-12-25 09:20:45,"独家点评：

上周市场有逐步见底迹象，题材炒作也在进一步回暖，本周重点关注尾盘市场走向是继续50还是持续性题材。如果本周没有主流题材出现的话，继续新一轮50补涨的概率将会增大，宜在市场调整之时早日做好明年的行情布局。

国内新闻：
证监会核发4家IPO批文 筹资总金额不超过58亿元；
最高检：加大对证券期货领域新型犯罪的惩治力度；
上海：自由贸易港税制设计与国际接轨；
2600亿养老金多渠道出击资本市场有望注入万亿资金;
证监会21日召开会议提出2018年将重点做好四方面工作，包括在国务院金融委的领导下全力维护资本市场稳定运行等；
全国股转公司22日发布新制定的《转让细则》，推出了引入集合竞价、优化协议转让、巩固做市转让等具体措施；
银监会发布《关于规范银信类业务的通知》，信托资金不得违规投向房地产和地方融资平台；
人大常委会：要加快信息安全、网络安全等方面的立法进程；
中央农村工作会议本周召开 推进乡村振兴战略将成新亮点;
“阅片诊断”人机大战AI机器人胜出、AI+医疗应用加速落地（ 603019 中科曙光， 600055 万东医疗）；
全球首个5G标准正式发布 中国参与度与话语权提升（ 300590 移为通信， 000063 中兴通讯）；
调控风暴中的北京楼市：商品房成交量遭腰斩 房企集中度再提升；
中国制造全球最大水陆两栖飞机AG600首飞成功；
继举牌联想控股后 紫光控股近日再举牌中芯国际；
上财报告建议：推进个税改革和房地产税制度;
农业部22日召开深化农垦改革部门协调推进会，要求确保中央农垦改革决策部署落实到位；央行加码支付行业监管业务创新需先行报告；
比特币市场剧烈震荡 从狂欢到沉寂 机构发布风险警告；
债券市场报告：货币政策将引导金融形势向均衡水平回归;
IF1801 多单+91 空单-124

个股利好：
金卡智能2017年度业绩预增290%-319.9%；开立医疗2017年度业绩预增45.68%-60.01%；格林美：子公司签署1200吨锂离子电池前驱体材料供货协议；中持股份签署一汽-大众汽车成都工厂废水处理项目合同；铁汉生态联合预中标逾20亿元PPP项目；龙元建设预中标城乡综合治理和发展PPP项目； 华体科技、狮头股份、内蒙华电获增持。

个股利空：
巴士在线：仍无法联系到法定代表人；易事特实控人涉嫌操纵证券市场遭证监会罚没逾1.6亿元；三维丝涉嫌信披违法违规遭证监会立案调查；龙宇燃油、华菱星马、吉艾科技、龙力生物、中航飞机、闽发铝业遭减持。

个股公告：
哈药股份、人民同泰：控股股东混改或导致公司实控人变更；长荣股份：拟投4亿元参设先进装备制造产业基金；超讯通信拟2.3亿控股上海桑锐电子科技；中珠医疗签署收购蓝氧科技73.8%股权意向书；当代东方：拟与珠影集团投资7亿至12亿元 开展影视制作等合作；四维图新：收购大股东所持中寰卫星37.4%股权；双成药业：拟2.6亿元转让澳亚生物46%股权；凯恩股份24亿收购锂电池公司卓能股份89.73%股权；三棵树：11亿至16亿元投建高新材料综合产业园项目；深圳新星：拟投建氟新材料产业园; 大亚圣象拟公开发行不超12亿元可转债拓展主业；惠博普拟7.35亿元转让DMCC公司40%股权；艾比森：中超LED全彩显示屏赞助协议延长至5年；桂东电力拟出售旅实集团21.79%股权；新坐标：拟1.7亿元投建冷锻精制线材项目 保证原材料供应；粤泰股份拟参与竞拍广物房地产45%股权;永辉超市拟受让红旗连锁12%股份；华建集团收购无锡市政院28%股权；荣安地产：子公司拟3.4亿元收购宁波海洋置业100%股权。

复牌公司：巴士在线、中欣氟材、天华超净、招商轮船、超讯通信、白云电器、凯恩股份、当代东方
停牌公司：沃尔核材、千山药机、长园集团 、科创信息、康跃科技

展开阅读全文"
垃圾就垃圾,"https://guba.eastmoney.com/news,000673,732430049.html",2017-11-28 09:50:47,垃圾就垃圾
不管怎么样，终于复牌了,"https://guba.eastmoney.com/news,000673,738357259.html",2017-12-24 16:17:36,不管怎么样，终于复牌了
每次大盘不好，他也学着不绿，但最终还是绿的更。,"https://guba.eastmoney.com/news,000673,738347778.html",2017-12-24 13:50:29,每次大盘不好，他也学着不绿，但最终还是绿的更。
周线120，250压力，涨，必须突破才能大涨。,"https://guba.eastmoney.com/news,000673,738304797.html",2017-12-23 16:56:43,周线120，250压力，涨，必须突破才能大涨。
周一该开盘了吧？到现在还没消息,"https://guba.eastmoney.com/news,000673,738303425.html",2017-12-23 16:22:22,周一该开盘了吧？到现在还没消息
这样作为格力电器的董事长董明珠来说就不用为。,"https://guba.eastmoney.com/news,000673,717013779.html",2017-10-13 18:59:51,这样作为格力电器的董事长董明珠来说就不用为。
600050:中国联通关于非公开发行A股股票申请获得。,"https://guba.eastmoney.com/news,000673,726740381.html",2017-11-09 20:48:03,600050:中国联通关于非公开发行A股股票申请获得。
当代东方:监事会决议签字页,"https://guba.eastmoney.com/news,000673,722130298.html",2017-10-26 11:50:57,"公告日期：2017-10-26
当代东方:监事会决议签字页


[点击查看PDF原文]
提示：本网不保证其真实性和客观性，一切有关该股的有效信息，以交易所的公告为准，敬请投资者注意风险。"
快卖啊！。,"https://guba.eastmoney.com/news,000673,722913582.html",2017-10-27 21:50:42,快卖啊！。
真的v,"https://guba.eastmoney.com/news,000673,719279707.html",2017-10-19 17:17:11,真的v
傻子们，谁买它，谁死，多低的价钱买，你也的亏,"https://guba.eastmoney.com/news,000673,723253577.html",2017-10-29 22:07:09,小水：稳定指数是幌子 掩护机构才是真
360重组18个板，这个重组股，辣鸡到爆炸,"https://guba.eastmoney.com/news,000673,733558485.html",2017-12-01 14:44:37,360重组18个板，这个重组股，辣鸡到爆炸
当代东方:关于媒体报道的澄清公告,"https://guba.eastmoney.com/news,000673,733604135.html",2017-12-01 17:14:23,"公告日期：2017-12-02
证券代码：000673 证券简称：当代东方 公告编号：2017-168



当代东方投资股份有限公司



关于媒体报道的澄清公告



本公司及董事会全体成员保证信息披露的内容真实、准确和完整，没有虚假记载、误导性陈述或重大遗漏。



一、媒体报道简述



2017年11月25日，有媒体刊登名为《永乐影视自降身价欲嫁当代东方疑



点多：或涉虚增利润》的相关报道，部分网站进行了转载，文中对当代东方投资股份有限公司（以下简称“当代东方”或“上市公司”）本次重大资产重组标的公司浙江永乐影视制作有限公司（以下简称“永乐影视”或“标的公司”）拍摄的多部影视剧收入、成本情况提出质疑。主要质疑情况如下:



1、报道称：“在《武神赵子龙》前期诸多宣传中，均宣称该剧总投资为2.5



亿元，可让人惊奇的是，到了当代东方此次并购草案中，所披露的该剧实际总成本却仅有1.30亿元，与宣传号称的2.5亿元投入相差了整整1.2亿元，难道公司有1.2亿投资没有算进成本”



2、报道称：“《纪委书记》的版权比例为 75%，《人民子弟兵》的版权比例



为 86%，因此这两部剧的收入中还有其他投资机构的分成，并非全部属于永乐



影视。由此分析看，永乐影视对这两部剧的收入，以及毛利的预估显然是不合理的。”



3、报道称：



（1）“并购报告显示，公司2016年末取得发行许可的剧集只有一部《何所



冬暖，何所夏凉》，也就是说该剧未结转完成的剩余成本金额为11520.21万元，



然而根据公司披露的数据，该剧2016年结转成本1872.99万元，2017年上半



年结转成本4531.50万元，由此可推算出，《何所冬暖，何所夏凉》的总成本应



该达到或超过1.79亿元，可公司披露的该剧实际总成本仅有1.34亿元。那么，



这其中的误差又是怎么回事呢”



（2）“报告期末未结转成本余额中， 2016年取得发行许可的《何所冬暖，



何所夏凉》尚有7039.20万元、《战神2》尚有1256.31万元；2015年取得发行



许可的《傻儿传奇2》尚有943.81万元，《南拳北腿战淞沪》尚有737.15万元，



合计金额仅为9976.47万元，可存货中的‘己拍摄完成的影视剧’的金额却为



11520.21万元，超过千万元的数值偏又说明了什么呢很显然，存货中的数据



和成本结转数据是根本对不上的，如此也令人怀疑，永乐影视的成本数据有造假的可能。”



二、澄清说明



公司针对上述媒体报道内容进行了核查，具体澄清说明情况如下：



1、报道称：“在《武神赵子龙》前期诸多宣传中，均宣称该剧总投资为2.5



亿元，可让人惊奇的是，到了当代东方此次并购草案中，所披露的该剧实际总成本却仅有1.30亿元，与宣传号称的2.5亿元投入相差了整整1.2亿元，难道公司有1.2亿投资没有算进成本”



澄清说明：媒体的上述报道不属实。经核实，永乐影视拍摄的古装历史题材电视剧《武神赵子龙》于2015年11月3日取得发行许可证，该剧实际发生的成本为12,985.18万元，全部成本均系依照《企业会计准则》的要求核算，成本核算真实、完整，不存在异常情形，亦不存在报道中所称“未进成本”或“虚减成本”的情况。而报道中提到的“2.5亿元总投资”仅为新闻报道，并非该剧实际发生的成本。



2、报道称：“《纪委书记》的版权比例为 75%，《人民子弟兵》的版权比例



为 86%，因此这两部剧的收入中还有其他投资机构的分成，并非全部属于永乐



影视。由此分析看，永乐影视对这两部剧的收入，以及毛利的预估显然是不合理的。”



澄清说明：上述报道中关于《纪委书记》和《人民子弟兵》收入预估的说法不属实。公司针对上述事项说明如下：



2017年永乐影视拍摄的《人民子弟兵》已于8月11日取得发行许可证，永



乐影视享有《纪委书记》75%的版权，根据目前已签订的合同，永乐影视按享用的版权比例测算，预计可确认收入金额约为1.40亿元，毛利约为0.77亿元。 2017年永乐影视拍摄的《纪委书记》已完成制作，目前正在申请电视剧发行许可证过程中。永乐影视享有《人民子弟兵》86%的版权，根据永乐影视已签订的意向合同，永乐影视按享有的版权比例测算，预计可确认收入金额约为0.69



亿元，毛利约为0.31亿元。



上述两部电视剧的收入是依据已签订的合……
[点击查看PDF原文]
提示：本网不保证其真实性和客观性，一切有关该股的有效信息，以交易所的公告为准，敬请投资者注意风险。
展开阅读全文"
这图形也是没谁了，这种盘子比超级大盘股的走势走的还难看！,"https://guba.eastmoney.com/news,000673,719834248.html",2017-10-20 14:45:04,这图形也是没谁了，这种盘子比超级大盘股的走势走的还难看！
赵文斌上任二月了，也没见有举措。,"https://guba.eastmoney.com/news,000673,727065310.html",2017-11-10 17:18:33,赵文斌上任二月了，也没见有举措。
7.3左右再看看吧。。,"https://guba.eastmoney.com/news,000673,723706653.html",2017-10-31 00:07:42,7.3左右再看看吧。。
当代东方:2017年1-9月控股股东及其他关联方占用资金情况汇总表,"https://guba.eastmoney.com/news,000673,722888002.html",2017-10-27 20:21:17,"公告日期：2017-10-28
 当代东方投资股份有限公司2017年1-9月控股股东及其他关联方占用资金情况汇总表



编制单位：当代东方投资股份有限公司 2017年1-9月 单位：人民币元



占用方与上市上市公司核算的 2017年期初占 2017年1-9月占用2017年1-9月2017年1-9月偿2017年1-9月末 占用形成 占用性



非经营性资金占用 资金占用方名称 公司的关联关 会计科目 用资金余额 累计发生金额（不含占用资金的利 还累计发生金 占用资金余额 原因 质



系 利息） 息（如有） 额



现大股东及其附属企业小计



前大股东及其附属企业小计



总计



往来方与上市上市公司核算的 2017年期初往 2017年1-9月往来2017年1-9月2017年1-9月偿2017年1-9月末 往来形成 往来性



其它关联资金往来 资金往来方名称 公司的关联关 会计科目 来资金余额 累计发生金额（不含往来资金的利 还累计发生金 占用资金余额 原因 质



系 利息） 息（如有） 额



大股东及其附属企业 北京当代春晖文化传播有限公司子公司 其他应收款 39,715,917.22 32,795,917.22 8,291,557.22 64,220,277.22借款 非经营性往来



霍尔果斯当代华晖影院管理有限子公司 其他应收款 1,500,000.00 4,530,000.00 3,500,000.00 2,530,000.00借款 非经营



公司 性往来



厦门泰和鑫影文化传播有限公司子公司 其他应收款 2,900,000.00 2,900,000.00借款 非经营



性往来



上市公司的子公司及其附当代东方文化传媒集团（香港）子公司 其他应收款 16,987,445.88 25,941.46 856,310.73 16,157,076.61借款 非经营



属企业 有限公司 性往来



当代东方文化传媒集团有限公司子公司 其他应收款 4,758.00 ……
[点击查看PDF原文]
提示：本网不保证其真实性和客观性，一切有关该股的有效信息，以交易所的公告为准，敬请投资者注意风险。
展开阅读全文"
明显有机构在吸筹啊,"https://guba.eastmoney.com/news,000673,709771653.html",2017-09-26 19:54:16,明显有机构在吸筹啊
不到 10元 一股不卖 坚持10元,"https://guba.eastmoney.com/news,000673,723959987.html",2017-10-31 14:44:36,京东方A 面板产业绝对龙头，全球市场领先 1.行
天天讲概念，最后没人理了,"https://guba.eastmoney.com/news,000673,733118181.html",2017-11-30 09:58:45,天天讲概念，最后没人理了
吞噬(高开低收吞掉前一根阳线)，发生在型态高档。,"https://guba.eastmoney.com/news,000673,738276867.html",2017-12-23 04:25:38,吞噬(高开低收吞掉前一根阳线)，发生在型态高档。
第二波就要开砸，跑！。,"https://guba.eastmoney.com/news,000673,718126705.html",2017-10-17 19:53:05,第二波就要开砸，跑！。
最新市盈率信雅达(600571)传统业务保持领先，金融科技稳步布局,"https://guba.eastmoney.com/news,000673,723833929.html",2017-10-31 10:24:07,"信雅达(600571)传统业务保持领先，金融科技稳步布局 
研报日期：2017-10-12

　　信雅达(600571)

　　公司近五年业绩基本稳定。公司 2017 年上半年营业收入为 5.72 亿元，同比增长 10.90%，归母净利润为 4,468.77 万元，同比下降 29.26%。 2016年公司营业收入为 13.85 亿元，同比增长 28.70%，近五年 CAGR 为 15.33%；归母净利润为 1.23 亿元，同比增长 1.30%，近五年 CAGR 为 18.28%。公司2016 年归母净利润增长显着低于营业收入增长，主要是因 2014 年、 2015年公司利用闲置资金进行了证券投资，而 2016 年该部分投资减少幅度较大，导致非经常性损益下降较多， 2016 年扣非后归母净利润为 1.12 亿，同比增长 25.56%。

　　以银行为主的金融 IT 市场有望继续快速增长。 根据 IDC 数据显示，2015 年我国银行业整体 IT 投资为 831.06 亿元，同比增长 11.92%，预计 2020年投资规模达到 1,351.3 亿元， 2015-2020 年 CAGR 为 10.21%。 银行业 IT解决方案的增长速度较快， IDC 数据显示， 2015 年我国银行业 IT 解决方案市场规模为 225.20 亿元，同比增长 23.5%，估计 2016 年市场规模为 277.20亿元，同比增长 23.1%，预计 2020 年市场规模有望达到 612.11 亿元，2016-2020 年 CAGR 为 21.9%。

　　公司传统业务领域继续保持领先优势。 公司在流程银行、影像系统、呼叫中心等市场保持领先优势。公司自 2008 年起开展流程银行业务，流程银行中标率在国内多年维持在 90%以上，同时流程银行的理念在保险行业也得到应用； IDC 数据显示， 公司影像系统业务目前市占率也保持领先。公司的流程银行业务与影像系统具有紧密的联系，公司能通过两种业务实现较好的协同； 根据 IDC 数据，公司 2014 年呼叫中心在银行市场的市占率约为 11.1%。公司的影像系统和呼叫中心业务均不限于银行业，在证券、保险等非银金融机构也具有广泛的应用。

　　内生发展和外延并购，持续加码金融科技。 公司使用生物识别、大数据、人工智能等技术， 从“银行业务流程优化”、“金融数据分析”、“风险预警”和“数字化营销”四个方面协助传统金融机构从电子化向智慧型转型。 同时，公司并购科匠信息实现金融业务的移动化；设立泛泰科技布局消费金融；参股趣链科技，积极探索区块链技术与金融的结合。

　　投资建议： 

　　在公司现有软件服务、硬件产品销售、系统维护以及环保产品等业务保持稳健增长的前提假设下，我们预计公司 2017、 2018 以及 2019 年的 EPS分别为 0.34、 0.41 和 0.48 元，对应 P/E 分别为 43.44 倍、 36.02 倍和 30.77倍。目前 IT 服务行业（ TTM，整体法，剔除负值）为 45.10 倍，考虑到公司在持续加码金融科技的同时， 积极拓展金融业务移动化、消费金融、供应链金融等领域，我们认为公司的估值仍具有一定的上升空间，因此首次给予其“增持”评级。

　　风险提示： 

　　市场竞争风险；坏账风险；新业务发展不及预期风险等。[长城国瑞证券有限公司]"
当代东方:关于全资子公司收购河北当代49%股权完成工商变更登记的公告,"https://guba.eastmoney.com/news,000673,733636493.html",2017-12-01 20:06:43,"公告日期：2017-12-02
证券代码：000673 证券简称：当代东方 公告编号：2017-169



当代东方投资股份有限公司



关于全资子公司收购河北当代49%股权完成工商变更登记的



公告



本公司及董事会全体成员保证信息披露的内容真实、准确和完整，没有虚假记载、误导性陈述或重大遗漏。



当代东方投资股份有限公司（以下简称“公司”）于2017年11月8日召开



七届董事会第四十二次会议，审议通过《关于全资子公司收购其控股子公司少数股东股权的议案》，公司全资子公司东阳盟将威影视文化有限公司（以下简称“盟将威”）与井冈山市星斗企业管理咨询中心（以下简称“星斗企业”）签署了《股权转让协议》，盟将威以人民币29378.22 万元收购星斗企业持有的河北当代文化传媒有限公司（以下简称“河北当代”）49%股权，收购完成后，盟将威持有河北当代100%股权，具体内容详见公司于2017年11月9日登载于《中国证券报》、《上海证券报》、《证券日报》和巨潮资讯网的《关于全资子公司收购其控股子公司少数股东股权的公告》（公告编号：2017-160）。



目前，河北当代已办理完成本次股权转让的工商变更登记手续，并取得了石家庄市行政审批局换发的《营业执照》，相关登记信息如下：



名称：河北当代文化传媒有限公司



类型：有限责任公司（法人独资）



住所：河北省石家庄市裕华区塔北路99号新天地自然康城23-103



法定代表人：崔玉杰



注册资本：3000万元人民币



成立日期：2015年06月25日



经营范围：电视节目制作，电影制片，影视服装租赁，影视器材租赁，影视文化信息咨询，企业形象策划，展览展示服务，摄影摄像服务，文化艺术交流活动策划，设计、制作、代理国内广告业务，发布国内户外广告业务。（依法须经批准的项目，经相关部门批准后方可开展经营活动）



特此公告。



当代东方投资股份有限公司



董事会



2017年12月1日




[点击查看PDF原文]
提示：本网不保证其真实性和客观性，一切有关该股的有效信息，以交易所的公告为准，敬请投资者注意风险。
展开阅读全文"
发工资了，又可以进了,"https://guba.eastmoney.com/news,000673,723381347.html",2017-10-30 10:34:43,发工资了，又可以进了
W底[想一下],"https://guba.eastmoney.com/news,000673,716856165.html",2017-10-13 11:21:05,W底
增持一个亿 ，股价还是这么垃圾？天天编故事骗子,"https://guba.eastmoney.com/news,000673,734096690.html",2017-12-04 14:13:30,增持一个亿 ，股价还是这么垃圾？天天编故事骗子
还收购p，11.99现在11.29呵呵，s B公司,"https://guba.eastmoney.com/news,000673,716948721.html",2017-10-13 15:04:16,还收购p，11.99现在11.29呵呵，s B公司
到明天看来要,"https://guba.eastmoney.com/news,000673,709622914.html",2017-09-26 16:14:43,到明天看来要
解套策略a。,"https://guba.eastmoney.com/news,000673,738274212.html",2017-12-23 02:08:59,解套策略a。
东旭光电的各位股友，主力怎么样啊？不会跑路了。,"https://guba.eastmoney.com/news,000673,738274089.html",2017-12-23 02:03:21,东旭光电的各位股友，主力怎么样啊？不会跑路了。
下午涨停。,"https://guba.eastmoney.com/news,000673,738272346.html",2017-12-23 00:56:20,下午涨停。
即堵住现行规定中存在的漏洞。,"https://guba.eastmoney.com/news,000673,738255027.html",2017-12-22 20:21:11,即堵住现行规定中存在的漏洞。
强调一下今天买入现代投资000900 天健集团00009。,"https://guba.eastmoney.com/news,000673,738253367.html",2017-12-22 20:02:33,强调一下今天买入现代投资000900 天健集团00009。
如今的回调就是技术性破位带来了，不是市场基本面有重大利空造成的,"https://guba.eastmoney.com/news,000673,738216571.html",2017-12-22 15:25:19,如今的回调就是技术性破位带来了，不是市场基本面有重大利空造成的
都是套路,"https://guba.eastmoney.com/news,000673,737883583.html",2017-12-21 08:31:36,都是套路
大恒科技(600288)融资融券信息(09-22)。,"https://guba.eastmoney.com/news,000673,738162157.html",2017-12-22 12:21:49,大恒科技(600288)融资融券信息(09-22)。
这股票快停了一年了吧！我真是醉了,"https://guba.eastmoney.com/news,000673,738159225.html",2017-12-22 11:58:09,这股票快停了一年了吧！我真是醉了
即短线还有一次风险释放，各位要继续谨慎优先。,"https://guba.eastmoney.com/news,000673,738139255.html",2017-12-22 10:51:09,即短线还有一次风险释放，各位要继续谨慎优先。
任你公告满天飞，收购一个接一个，合作一个又一个，本质不会变，忽悠！看看正真干事的,"https://guba.eastmoney.com/news,000673,738077416.html",2017-12-21 23:09:01,任你公告满天飞，收购一个接一个，合作一个又一个，本质不会变，忽悠！看看正真干事的公司股价去吧！
360借壳方案出炉！。,"https://guba.eastmoney.com/news,000673,737881444.html",2017-12-21 07:58:14,360借壳方案出炉！。
今天是上车的历史性时刻。,"https://guba.eastmoney.com/news,000673,737878106.html",2017-12-21 06:59:19,今天是上车的历史性时刻。
股市啊，居然还真的填了缺口。,"https://guba.eastmoney.com/news,000673,737858320.html",2017-12-20 22:28:32,股市啊，居然还真的填了缺口。
明天大盘指数均线或实现金叉。,"https://guba.eastmoney.com/news,000673,737719392.html",2017-12-20 11:21:33,明天大盘指数均线或实现金叉。
请问：在半年报中为什么没有说明电视剧《虎啸龙吟》的情况，传说今年11月播出，电视,"https://guba.eastmoney.com/news,000673,715326437.html",2017-10-09 13:43:00,【问】请问：在半年报中为什么没有说明电视剧《虎啸龙吟》的情况，传说今年11月播出，电视剧《虎啸龙吟》可能与电视剧《军师同盟》一样很火，电视剧《虎啸龙吟》的收益是算去年的业绩了还是算今年的业绩？谢谢！ 【答】当代东方：投资者您好！公司的影视剧投资计划以定期报告的披露为准，其收入确认区间将根据相关的会计准则而定，今年的影视剧收入情况将在公司2017年年报中进行披露。¶¶2017-10-09 13:43:00 §
当代东方《虎啸龙吟》正在制作,"https://guba.eastmoney.com/news,000673,715648395.html",2017-10-10 11:12:44,"当代东方《虎啸龙吟》正在制作

吴秀波解释蓄须是为了真实反映司马懿的年龄状态，从青年时期的无须，到在中年时期花白胡须，剧组采用顺拍的拍摄模式，让吴秀波有充分的时间长出胡须。《大军师司马懿之虎啸龙吟》的有关信息，吴秀波阐释下部很大的篇幅将会聚焦于司马懿和诸葛亮的对阵之上，同时所有注意力也将转移到家庭上。
同时，吴秀波透露与司马懿形影不离的小乌龟“心猿意马”将会是下部中重要的活体道具，“心猿意马本来的解释是无法平静的心，和乌龟的整体状态形成了一个鲜明的对比，而历史中无论发生了什么大事件，人的一生究竟会经历多少叵测的生活，其实一切的源头都是由心念所引起的”，一句话引发了观众更多的联想。
目前，当代东方制作的《大军师司马懿之虎啸龙吟》正在紧锣密鼓的后期制作当中，希望早一点与观众见面。"
[哭][哭][哭]你还发不发力啊,"https://guba.eastmoney.com/news,000673,729564675.html",2017-11-17 17:40:32,你还发不发力啊
下面出现大托单，今天不能再买了。明天再看。。,"https://guba.eastmoney.com/news,000673,731005255.html",2017-11-22 16:33:14,下面出现大托单，今天不能再买了。明天再看。。
银河证券：随着新股发行常态化和市场监管加强  。,"https://guba.eastmoney.com/news,000673,722806569.html",2017-10-27 16:35:40,银河证券：随着新股发行常态化和市场监管加强 。
振幅控制在百分之一以内，好稳。,"https://guba.eastmoney.com/news,000673,737649847.html",2017-12-20 05:24:26,振幅控制在百分之一以内，好稳。
过去挑大粪都要在粪桶里放个瓢，防止大粪乱晃。。,"https://guba.eastmoney.com/news,000673,717668639.html",2017-10-16 21:12:45,过去挑大粪都要在粪桶里放个瓢，防止大粪乱晃。。
怎么这么多卖的啊。。,"https://guba.eastmoney.com/news,000673,716018185.html",2017-10-11 10:09:32,怎么这么多卖的啊。。
当代东方:七届董事会第四十一次会议决议公告,"https://guba.eastmoney.com/news,000673,724366348.html",2017-11-01 16:39:51,"公告日期：2017-11-02
股票代码：000673 股票简称：当代东方 公告编号：2017-154



当代东方投资股份有限公司



七届董事会第四十一次会议决议公告



本公司及董事会全体成员保证信息披露的内容真实、准确和完整，没有虚假记载、误导性陈述或重大遗漏。



当代东方投资股份有限公司（以下简称“公司”）于2017年11月1日以通讯表决方式召开了七届董事会第四十一次会议，本次会议通知以电子邮件方式于2017年10月26日发出，会议应参加表决董事 8 名，实际参加表决的董事 8 名。会议的召集和召开符合《公司法》、《公司章程》、《公司董事会议事规则》的有关规定，会议经审议表决，形成如下决议：



一、审议通过《关于向银行申请综合授信的议案》。



由于公司资金调度安排及经营需要，公司向兴业银行股份有限公司北京分行申请综合授信额度不超过人民币20,000万元，授信期限为一年。公司股东厦门当代文化发展股份有限公司以及公司实际控制人、董事长王春芳为上述授信提供无限连带责任保证担保，并免于支付担保费用。



公司授权公司董事长根据公司实际情况办理有关贷款手续，并代表公司签署办理贷款手续所需合同、协议及其他法律文件。



本议案表决结果：8票同意，0票弃权，0票反对。



特此公告。



当代东方投资股份有限公司



董事会



2017年11月1日




[点击查看PDF原文]
提示：本网不保证其真实性和客观性，一切有关该股的有效信息，以交易所的公告为准，敬请投资者注意风险。
展开阅读全文"
今日大单是跑路还是进场大家谈谈看法,"https://guba.eastmoney.com/news,000673,730562363.html",2017-11-21 14:12:57,今日大单是跑路还是进场大家谈谈看法
首先，我也是重仓铸管。股市涨跌，看空看多，为。,"https://guba.eastmoney.com/news,000673,729898757.html",2017-11-19 17:36:16,首先，我也是重仓铸管。股市涨跌，看空看多，为。
无语,"https://guba.eastmoney.com/news,000673,726583315.html",2017-11-09 13:15:36,这股公告利好也不涨，气死人，走还是留？
公司今年的市值连续缩水，请问公司高管的收入有。,"https://guba.eastmoney.com/news,000673,725927316.html",2017-11-07 12:39:46,公司今年的市值连续缩水，请问公司高管的收入有。
中青旅(600138)融资融券信息(08-08)。,"https://guba.eastmoney.com/news,000673,723728328.html",2017-10-31 02:06:41,中青旅(600138)融资融券信息(08-08)。
哪个垃圾在不断90手的程序卖?,"https://guba.eastmoney.com/news,000673,724214337.html",2017-11-01 10:35:11,机构行为。。。
000673当代雄风 准备起飞,"https://guba.eastmoney.com/news,000673,724554918.html",2017-11-02 09:46:03,"000673当代雄风
准备起飞"
逢高减仓！南宁糖业筹码高位密集，赶紧跑吧！。,"https://guba.eastmoney.com/news,000673,724915542.html",2017-11-03 05:03:09,逢高减仓！南宁糖业筹码高位密集，赶紧跑吧！。
