标题,链接,发布时间,内容
还是继续持有廊坊发展吧,"https://guba.eastmoney.com/news,000892,506321660.html",2016-08-02 17:19:06,还是继续持有廊坊发展吧
冲过24才有希望！,"https://guba.eastmoney.com/news,000892,506321383.html",2016-08-02 17:18:40,冲过24才有希望！
哪个有病的616手一会挂单，一会撤单的。,"https://guba.eastmoney.com/news,000892,506053880.html",2016-08-02 14:42:55,哪个有病的616手一会挂单，一会撤单的。
明天本人清掉黃金股票，全砸心美聯合。因為所以不需多廢話。本人看好就行。,"https://guba.eastmoney.com/news,000892,506284685.html",2016-08-02 16:48:53,明天本人清掉黃金股票，全砸心美聯合。因為所以不需多廢話。本人看好就行。
"小散们捂紧了,别看不请行式,就让狗庄倒来倒去[俏皮][俏皮]","https://guba.eastmoney.com/news,000892,506042322.html",2016-08-02 14:37:03,"小散们捂紧了,别看不请行式,就让狗庄倒来倒去"
今天不会大涨原因很简单，构筑典型虚假信息洗盘，然后今天盘住不涨，要不然今天涨停不,"https://guba.eastmoney.com/news,000892,506099029.html",2016-08-02 15:07:45,今天不会大涨原因很简单，构筑典型虚假信息洗盘，然后今天盘住不涨，要不然今天涨停不知道惹来多少官司，反正大家安心持股就好，看作用良心投资，有低就补，莫乱操纵，接下来的日子乱做t会踏空的
已经全仓此股，不信你不涨。,"https://guba.eastmoney.com/news,000892,505589696.html",2016-08-02 11:14:45,已经全仓此股，不信你不涨。
走了，好票多的是何必单恋一棵草。。。,"https://guba.eastmoney.com/news,000892,506077986.html",2016-08-02 14:55:54,祝留下的发财
星美联合 一颗红心，两手准备,"https://guba.eastmoney.com/news,000892,479691411.html",2016-07-25 18:08:46,"[今日回顾]
周一沪深小幅低开，开盘小幅下跌后拐头向上，开启震荡拉升模式，反弹至5日均线附近时，市场承压回调；转战午盘，两市继续回落，盘中一度再次回到早盘低点，创业板较弱创分时新低，随后二度触底反弹。整体来看，主板收带上影小阳，创业板收十字星，短线企稳。20日线支撑力度较强，沪深两度探底回升市场或将就此吹响反攻号角！
[最近的一些操作]
1，12号提示的恒信移动，理由：虚拟现实并购概念,启动填权行情,多均线近日汇集形成较小口径, 跳空缺口向上攻击,四个交易日27个点的收益，也是不错了 ,
2，20号提示的红星发展, 主力资金向好,均量线均价线同步走好，长期压力线处获支撑，MACD即将金叉,有上攻预期,后市不负众望,目前15个点的收益
[操作策略]
大盘指数目前处在5日均线短线弱市区域里，建议控制仓位耐心等待大盘调整结束后，再次收复5日线的大胆做多机会。切记：贪婪和恐惧没有错误，错误的是该贪婪时恐惧，该恐惧的时候贪婪。 股市中人时刻记住这句话将受益匪浅。"
星美感概,"https://guba.eastmoney.com/news,000892,506030311.html",2016-08-02 14:30:53,星美这支票，不能用常理来看，之前摘帽行情，所有的ST摘帽都最少一个板，可是星美却是三个跌停，现在呢，重组通过，而且题材还是影视类，却是半死不活的，不要说破前高了，连像样的上行行情都没有，所有，接下来的重组通过核准、股票更名、资产注入等，我看也不要抱太大的希望，有耐心的就死守吧，看到年底能不能上20就不错了，比存银行好很多。
唉，走得人不人鬼不鬼的，看来真要在你这里锻炼耐心。,"https://guba.eastmoney.com/news,000892,506018728.html",2016-08-02 14:24:32,唉，走得人不人鬼不鬼的，看来真要在你这里锻炼耐心。
出了个澄清公告,"https://guba.eastmoney.com/news,000892,506018617.html",2016-08-02 14:24:22,出了澄清公告还是有用的！冲到16啊！
放量拉升吧 你看看,"https://guba.eastmoney.com/news,000892,506006436.html",2016-08-02 14:18:01,"放量拉升吧
你看看"
这垃圾股,"https://guba.eastmoney.com/news,000892,505989952.html",2016-08-02 14:10:28,这垃圾股
诛仙好看,"https://guba.eastmoney.com/news,000892,505985300.html",2016-08-02 14:08:16,诛仙好看
狗庄，瞧你那做盘的熊样大笑,"https://guba.eastmoney.com/news,000892,505974747.html",2016-08-02 14:03:22,狗熊岭的
我感觉买了这股不是输了钱，是丢了脸！怎么买了这股[摊手][摊手][摊手],"https://guba.eastmoney.com/news,000892,505874067.html",2016-08-02 13:17:57,我感觉买了这股不是输了钱，是丢了脸！怎么买了这股
星美洗的已经非常润滑，上下自如！,"https://guba.eastmoney.com/news,000892,505502091.html",2016-08-02 10:38:24,星美洗的已经非常润滑，上下自如！
今天怎么不砸了，继续啊，腾讯视频会员都卖疯，就为了多看四集。,"https://guba.eastmoney.com/news,000892,505852654.html",2016-08-02 13:07:45,今天怎么不砸了，继续啊，腾讯视频会员都卖疯，就为了多看四集。
谁他妈现在一手一手往下砸？贱货啊。,"https://guba.eastmoney.com/news,000892,505954842.html",2016-08-02 13:54:30,谁他妈现在一手一手往下砸？贱货啊。
上方有压力 短线建议减仓,"https://guba.eastmoney.com/news,000892,505942280.html",2016-08-02 13:49:26,上方有压力 短线建议减仓
冲上16吧,"https://guba.eastmoney.com/news,000892,505933191.html",2016-08-02 13:45:40,冲上16吧
手痒多动割肉亏钱那是活该！,"https://guba.eastmoney.com/news,000892,505403710.html",2016-08-02 10:03:24,顶
我就纳闷了，都是哪些王八蛋在压着,"https://guba.eastmoney.com/news,000892,505601650.html",2016-08-02 11:19:19,我就纳闷了，都是哪些王八蛋在压着
大胆来了,"https://guba.eastmoney.com/news,000892,505861991.html",2016-08-02 13:12:14,大胆来了
这股跟死了差不多,"https://guba.eastmoney.com/news,000892,505880054.html",2016-08-02 13:21:07,这股跟死了差不多
15.92--16之间的3000手压单这是干嘛？,"https://guba.eastmoney.com/news,000892,505889574.html",2016-08-02 13:25:35,15.92--16之间的3000手压单这是干嘛？
诛仙是国产仙侠剧制作的最高水准,"https://guba.eastmoney.com/news,000892,505659299.html",2016-08-02 11:41:39,诛仙是国产仙侠剧制作的最高水准
这股没救,"https://guba.eastmoney.com/news,000892,505877035.html",2016-08-02 13:19:33,这股没救
下午会大涨五个点,"https://guba.eastmoney.com/news,000892,505779379.html",2016-08-02 12:29:54,下午会大涨五个点
一帮WBD，截图发帖两次都发布出来，你们这帮WBD到底有何居心，16附近几千手的,"https://guba.eastmoney.com/news,000892,505623642.html",2016-08-02 11:27:33,一帮WBD，截图发帖两次都发布出来，你们这帮WBD到底有何居心，16附近几千手的大单压着，到底有何居心
南宁人没来，还有点想她的，不喜勿喷[大笑][大笑][大笑],"https://guba.eastmoney.com/news,000892,505626397.html",2016-08-02 11:28:24,南宁人没来，还有点想她的，不喜勿喷
苍天呀把卖的统统收走吧,"https://guba.eastmoney.com/news,000892,505589736.html",2016-08-02 11:14:45,苍天呀把卖的统统收走吧
我的帖子为什么都删了,"https://guba.eastmoney.com/news,000892,505684189.html",2016-08-02 11:52:10,青云志网游上线了。。为什么会被删
青云志网游在腾讯上线了,"https://guba.eastmoney.com/news,000892,505676953.html",2016-08-02 11:49:04,
影视制作水平太差,"https://guba.eastmoney.com/news,000892,505645537.html",2016-08-02 11:35:58,花大价请明星胡乱搭配角色能出好的影视吗，仙景中配乱麻麻的组合插曲恰当吗，片头片尾曲是抓观众心的，诛仙古装武侠剧情片头片尾曲太不配了，如果用电视剧《三姝》片头片尾曲调风格效果不知要提高多少倍。整个就象是外行导演的垃圾剧，哎！可惜了剧本和人民币。
换手率和成交量明显下去了，进入整固期 需要青云志把关注度转化成热度才能提升,"https://guba.eastmoney.com/news,000892,505628824.html",2016-08-02 11:29:25,换手率和成交量明显下去了，进入整固期 需要青云志把关注度转化成热度才能提升
下午涨停板,"https://guba.eastmoney.com/news,000892,505624943.html",2016-08-02 11:27:57,下午涨停板
大势已去,"https://guba.eastmoney.com/news,000892,505614624.html",2016-08-02 11:24:13,大势已去
MD我就不信发布不了，不让发证明你们这帮WBD更有问题,"https://guba.eastmoney.com/news,000892,505611278.html",2016-08-02 11:22:57,MD我就不信发布不了，不让发证明你们这帮WBD更有问题
等会就好了,"https://guba.eastmoney.com/news,000892,505569944.html",2016-08-02 11:07:37,等会就好了
布依向来打击广西南宁人都是痛下狠手，今天上午在15.13元买入000892，为明,"https://guba.eastmoney.com/news,000892,502900563.html",2016-08-01 13:13:28,布依向来打击广西南宁人都是痛下狠手，今天上午在15.13元买入000892，为明天砸盘准备筹码！
推荐远望谷一天涨幅12个点,"https://guba.eastmoney.com/news,000892,505531608.html",2016-08-02 10:52:55,推荐远望谷一天涨幅12个点
此股还有投资价值快跑吧[减仓][减仓][减仓][减仓][减仓][减仓][减仓][,"https://guba.eastmoney.com/news,000892,505529869.html",2016-08-02 10:52:05,此股还有投资价值快跑吧[大便]
散户行情，没啥前途[傲],"https://guba.eastmoney.com/news,000892,505515504.html",2016-08-02 10:44:48,散户行情，没啥前途
撤了，这股没希望了！,"https://guba.eastmoney.com/news,000892,505495420.html",2016-08-02 10:36:10,撤了，这股没希望了！
怎么都不看诛仙青云志吗？,"https://guba.eastmoney.com/news,000892,505380318.html",2016-08-02 09:54:50,诛仙青云志这电视剧拍得还是不错的，昨天小看两级，制作精细，不像是烂片。动画效果不像别人说的那么烂。
彻底完了,"https://guba.eastmoney.com/news,000892,505482001.html",2016-08-02 10:31:11,彻底完了
每周两集哪还有人气,"https://guba.eastmoney.com/news,000892,505476765.html",2016-08-02 10:29:27,每周两集哪还有人气
已清仓，赚6000元，拜。,"https://guba.eastmoney.com/news,000892,505475879.html",2016-08-02 10:29:19,已清仓，赚6000元，拜。
澄清了也没用，说明游资跑完了！没主力了！,"https://guba.eastmoney.com/news,000892,505455006.html",2016-08-02 10:21:29,[不赞]
天天资金往外跑   应该借壳有问题了,"https://guba.eastmoney.com/news,000892,505450799.html",2016-08-02 10:20:15,天天资金往外跑 应该借壳有问题了
畜牲：想要我的筹码，你得比我有耐力。,"https://guba.eastmoney.com/news,000892,505399735.html",2016-08-02 10:01:56,顶
散了吧。后市看空。,"https://guba.eastmoney.com/news,000892,505424868.html",2016-08-02 10:10:44,散了吧。后市看空。
垃圾股万岁[不赞],"https://guba.eastmoney.com/news,000892,505415219.html",2016-08-02 10:07:23,垃圾股万岁[不赞]
撤2000股买别的去,"https://guba.eastmoney.com/news,000892,505410378.html",2016-08-02 10:05:42,撤2000股买别的去
这孙子又在装B。。,"https://guba.eastmoney.com/news,000892,505397611.html",2016-08-02 10:01:08,这孙子又在装B。。
上涨乏力，大家撤了吧,"https://guba.eastmoney.com/news,000892,505394945.html",2016-08-02 10:00:07,上涨乏力，大家撤了吧
打脸了吧,"https://guba.eastmoney.com/news,000892,505394781.html",2016-08-02 10:00:06,昨儿说星美立案调查的，是不是啪啪的打脸！！！逢低建仓，坐等翻番。
以时间换空间，星美重新具备配置价值,"https://guba.eastmoney.com/news,000892,503083752.html",2016-08-01 15:06:42,"星美联合明日早盘惯性下跌后，股价趋稳，收盘大概率站上16元。
本周走势，以时间换空间，围绕16元，上下5~8毛钱波动，待市场利空被证伪以及诛仙口碑发酵，一周左右时间的调整后，再次向18元发起冲击。
还是那句话，到了18减仓，到了20清仓。
股价虽然可以炒到天上，但是总有内在价值这根线让其回归。"
股价不见涨 黑枪没少中 天天讲故事 经常割韭菜,"https://guba.eastmoney.com/news,000892,505378782.html",2016-08-02 09:54:15,[大便]
首播日网络播放量突破超2.2亿！,"https://guba.eastmoney.com/news,000892,504018675.html",2016-08-02 00:38:15,首播日网络播放量突破超2.2亿！
还是姚记扑克美30个点,"https://guba.eastmoney.com/news,000892,505363354.html",2016-08-02 09:48:37,还是姚记扑克美30个点
星美发澄清公告啦！,"https://guba.eastmoney.com/news,000892,505326550.html",2016-08-02 09:35:32,大家看~星美发公告啦！澄清及时负责！还是蛮看好星美的
还是逢低买点,"https://guba.eastmoney.com/news,000892,505356272.html",2016-08-02 09:46:03,顶
重回17元,"https://guba.eastmoney.com/news,000892,505289441.html",2016-08-02 09:22:11,重回17元
都走吧太垃圾了,"https://guba.eastmoney.com/news,000892,505349704.html",2016-08-02 09:43:40,都走吧太垃圾了
今天又是半死不活的样子,"https://guba.eastmoney.com/news,000892,505279064.html",2016-08-02 09:18:01,今天又是半死不活的样子
好好洗,"https://guba.eastmoney.com/news,000892,505318543.html",2016-08-02 09:32:38,[大便]
早盘介入601111，明天看,"https://guba.eastmoney.com/news,000892,505316245.html",2016-08-02 09:31:52,早盘介入601111，明天看
广告澄清，高开高走直至涨停!!!!!!!!!!!!!!!!!!!!!!!!!!!!!!!!!!!,"https://guba.eastmoney.com/news,000892,504955471.html",2016-08-02 07:09:49,抢进
好了最少7个点涨幅,"https://guba.eastmoney.com/news,000892,505288693.html",2016-08-02 09:21:54,好了最少7个点涨幅
今天大盘最少两个以上涨幅,"https://guba.eastmoney.com/news,000892,505279673.html",2016-08-02 09:18:17,今天大盘最少两个以上涨幅
恶意压价,"https://guba.eastmoney.com/news,000892,505277084.html",2016-08-02 09:17:16,恶意压价
垃圾要死,"https://guba.eastmoney.com/news,000892,505275215.html",2016-08-02 09:16:28,垃圾要死
快抢货，上半仓，看明天。,"https://guba.eastmoney.com/news,000892,502776592.html",2016-08-01 11:34:02,15多明天17，这星期20正当时！安全系数高，抢啊！
吓死宝宝了，我还以为要退市呢，早早割了,"https://guba.eastmoney.com/news,000892,503963480.html",2016-08-02 00:17:21,吓死宝宝了，我还以为要退市呢，早早割了
今天等一个涨 至少五个点 不要信我,"https://guba.eastmoney.com/news,000892,505188584.html",2016-08-02 08:42:05,今天等一个涨 至少五个点 不要信我
问下各位大神。成本是怎么计算的？,"https://guba.eastmoney.com/news,000892,503057295.html",2016-08-01 14:50:32,我17.2的成本买入7700股，15.6抛了。我16元又买回来了7500股。为什么显示成本是17.6？
买完股票看星美热闹,"https://guba.eastmoney.com/news,000892,504787630.html",2016-08-02 06:04:11,分析与做票的同步
大家可以请律师了，侯小溪证监日报记者,"https://guba.eastmoney.com/news,000892,503341608.html",2016-08-01 18:28:33,大家混饭吃都不容易，凭什么他可以乱造谣
相信官方,"https://guba.eastmoney.com/news,000892,502877336.html",2016-08-01 12:56:54,大家看看互动平台董秘的回答：写这篇报道的记者那倒不是什么居心叵测，很有可能是自己没核实清楚就洋洋洒洒N多个字符给“蹦”出去了。您说得对，面对这样的报道，自己先要基于理性做一个判断，不要信谣传谣，更不要杯弓蛇影，自乱阵脚。
首播日52城收视率1.352，市场份额7.075%；全国网收视率1.37，市场份,"https://guba.eastmoney.com/news,000892,504037992.html",2016-08-02 00:45:42,首播日52城收视率1.352，市场份额7.075%；全国网收视率1.37，市场份额9.11！
没有业绩的公司不可靠，还是看看亿晶光电吧,"https://guba.eastmoney.com/news,000892,503776990.html",2016-08-01 22:49:01,高成长低估值
公司已经向证监日报发函，这个侯小溪等这吧,"https://guba.eastmoney.com/news,000892,503476660.html",2016-08-01 20:15:55,公司已向该媒体去函，要求媒体对于此报道所涉公司内容进行解释和说明，并对不实情况进行更正澄清，公司将密切关注该媒体后续举措。
今天被洗出的明天只能高位上车了!!!!!!!!!!!!!!!!!!!!!!!!!!!!!!!!!!!!!!,"https://guba.eastmoney.com/news,000892,503121815.html",2016-08-01 15:35:48,不到20决不下车，在星美不赚5万不罢休！！！
哈哈哈哈哈哈哈！,"https://guba.eastmoney.com/news,000892,502808851.html",2016-08-01 11:56:46,16.98卖出 今天15.33买进。
大家注意这个见习记者侯小溪15年就见习，还没转正？,"https://guba.eastmoney.com/news,000892,503375634.html",2016-08-01 18:58:19,如果是记者报道，出现责任事故，其新闻单位是有责任承担全部后果的。这中包括新闻机构对记者的处置态度，如果是见习记者就可以直接开除
今晚诛仙的火爆上映，明日星美必将强烈涨停！,"https://guba.eastmoney.com/news,000892,500788558.html",2016-07-31 14:16:14,"如果

你错过了星美明天的涨停

广西南宁人只说一句

这些年

你的股

白炒了

我能

！！！"
这么好的IP就拍成这样，有点失望，现在的编剧都怎么想的，以前说人家美国大片都是高,"https://guba.eastmoney.com/news,000892,503249852.html",2016-08-01 17:21:59,这么好的IP就拍成这样，有点失望，现在的编剧都怎么想的，以前说人家美国大片都是高投入，钱堆得，现在总不能说没钱了吧，还是水平问题呀，不知道萧大侠心里会怎么想。
最强基因牛股:002209达意隆，基因之一董事吴鹰，吴世春，基因之二，大股东受让,"https://guba.eastmoney.com/news,000892,503569060.html",2016-08-01 21:15:34,"最强基因牛股:002209达意隆，基因之一董事吴鹰，吴世春，基因之二，大股东受让价成本分别是第一次26.55元,第二次22.25元共持股百分之20.9，基因之三凤凰财鑫背后大佬云峰基金，基因之四两个月后肯定来一次很给力的重组，（那里跌倒哪里爬起来）。基因之五大股东旗下有很丰富的互联网资产。基因之六此股的市值已经跌到33.7亿，股价17.24元，是两市最完美的壳股，没有之一！基因之七.。。。。。。"
今天15.30-15.70 加仓了几十万股，明天准备好了子弹把股价打到14。。。,"https://guba.eastmoney.com/news,000892,503391198.html",2016-08-01 19:12:48,今天15.30-15.70 加仓了几十万股，明天准备好了子弹把股价打到14。。。。
怎么索赔呀,"https://guba.eastmoney.com/news,000892,503411515.html",2016-08-01 19:28:32,怎么索赔呀
15.22再进3000股，看你跌到哪里去!!!!!!!!!!!!!!!!!!!!!!!!!!!!!!!!!!!!!!!!,"https://guba.eastmoney.com/news,000892,502714928.html",2016-08-01 11:07:33,只进不出
这些都是浮云&#39;因为军爷来勒&#39;星美必上涨4个点&#39;&#39;8月1号&#39;,"https://guba.eastmoney.com/news,000892,502589968.html",2016-08-01 10:03:52,爆买无情''不解释！
希望星美尽快发公告说明被立案调查一事,"https://guba.eastmoney.com/news,000892,502816160.html",2016-08-01 12:04:18,希望星美尽快发公告说明被立案调查一事
000892下周一跌停，不信验证！,"https://guba.eastmoney.com/news,000892,497439261.html",2016-07-30 11:06:25,000892下周一跌停，不信验证！
证监会应该查查造谣记者亲戚朋友有没有大肆入货,"https://guba.eastmoney.com/news,000892,503368762.html",2016-08-01 18:52:21,证监会应该查查造谣记者亲戚朋友有没有大肆入货
什么时候涨到17就好了,"https://guba.eastmoney.com/news,000892,503283082.html",2016-08-01 17:47:42,什么时候涨到17就好了
公司发澄清公告了！从未被立案调查！,"https://guba.eastmoney.com/news,000892,503328380.html",2016-08-01 18:18:52,公司发澄清公告了！从未被立案调查！
没有拿到正式批文之前，不会大涨！,"https://guba.eastmoney.com/news,000892,503113069.html",2016-08-01 15:28:02,没有拿到正式批文之前，不会大涨！
看样子星美与诛仙有仇，股友们再不要拿青云志说事了,"https://guba.eastmoney.com/news,000892,503318421.html",2016-08-01 18:12:02,看样子星美与诛仙有仇，股友们再不要拿青云志说事了
明星身价几何？监管层要求披露明星入股作价依据 2016-08-01 16:49:,"https://guba.eastmoney.com/news,000892,503295265.html",2016-08-01 17:56:54,"明星身价几何？监管层要求披露明星入股作价依据
2016-08-01 16:49:00新华社分享参与新华社北京８月１日电题：明星身价几何？监管层要求披露明星入股作价依据
新华社“新华视点”记者杨毅沉、郭宇靖、钟雅
“明星入股公司原先估值１５亿元，被上市公司收购就值９８亿元”，一段时间以来，不少影视明星低价入股的公司被上市公司高价收购，引发资本市场和社会舆论关注。
深圳证券交易所近日修订出台相关信息披露指引，要求上市公司对明星入股作价依据、票房影响等进行更加详细的说明。业内人士表示，此次发布的指引指向创业板的信息披露行为，显示出监管层对此问题的重视。
监管要求披露明星入股作价依据 旨在避免随意作价
深交所近日指出，目前国内影视行业发展迅速，高额票房作品越来越多，上市公司与制片人、导演、演员在业务、股权等方面的合作方式不断创新，“明星证券化”成为市场热点。从当前情况来看，上市公司与演职人员的合作及业绩对赌事项对上市公司经营有重大影响。"
別瞎BB!,"https://guba.eastmoney.com/news,000892,503111829.html",2016-08-01 15:26:58,"
別瞎BB!"
看了诛仙青云志前两集，目前看来拍的确实不错，尊重原著！但是这个能为星美联合带来什,"https://guba.eastmoney.com/news,000892,502934170.html",2016-08-01 13:33:42,看了诛仙青云志前两集，目前看来拍的确实不错，尊重原著！但是这个能为星美联合带来什么呢？
昨天诛仙开播，自家的电视剧有没有去支持？,"https://guba.eastmoney.com/news,000892,503145152.html",2016-08-01 15:58:45,昨天诛仙开播，自家的电视剧有没有去支持？
今天的感觉像是吃了黑暗料理。。。,"https://guba.eastmoney.com/news,000892,503160267.html",2016-08-01 16:11:08,今天的感觉像是吃了黑暗料理。。。
论坛有庄家的眼线，为什么都是我割肉了他开始反弹？,"https://guba.eastmoney.com/news,000892,502996677.html",2016-08-01 14:12:57,论坛有庄家的眼线，为什么都是我割肉了他开始反弹？
现在还持有星美的散户是真正的高手[赞][赞][赞],"https://guba.eastmoney.com/news,000892,503081900.html",2016-08-01 15:05:27,现在还持有星美的散户是真正的高手
大家都来分析下，今天下午是个什么走势，说明下分析缘由，,"https://guba.eastmoney.com/news,000892,502948237.html",2016-08-01 13:42:47,大家都来分析下，今天下午是个什么走势，说明下分析缘由，
今天有补仓的朋友吗？[大笑][大笑][大笑],"https://guba.eastmoney.com/news,000892,503027163.html",2016-08-01 14:31:58,今天有补仓的朋友吗？
月头入射程，八月全部是赢家。,"https://guba.eastmoney.com/news,000892,503123225.html",2016-08-01 15:37:03,"5已穷6太绝7依然没翻身

8月自杀你就是炮灰的化身。"
姚记扑克给力,"https://guba.eastmoney.com/news,000892,503064093.html",2016-08-01 14:54:43,姚记扑克给力
今天下跌本质是洗盘，获利盘请出便于拉涨停!!!!!!!!!!!!!!!!!!!!!!!!!!,"https://guba.eastmoney.com/news,000892,502795623.html",2016-08-01 11:44:56,下午逆袭，有可能涨停！！！
垃圾记者，害我亏损，融资补仓去了，有本事再发几个谣言,"https://guba.eastmoney.com/news,000892,502902701.html",2016-08-01 13:14:47,垃圾记者，害我亏损，融资补仓去了，有本事再发几个谣言
再也跌不下去了，快抄底!!!!!!!!!!!!!!!!!!!!!!!!!!!!!!!!!!!!!!!!!!!!!!!!,"https://guba.eastmoney.com/news,000892,502678320.html",2016-08-01 10:48:20,抢到就是赚到！！！
只进不出，跌停就满仓!!!!!!!!!!!!!!!!!!!!!!!!!!!!!!!!!!!!!!!!!!!!!!!!,"https://guba.eastmoney.com/news,000892,502745043.html",2016-08-01 11:20:40,下午逆袭见红！！！
现在这种价位抛的人到底是什么人？？？猪吗[困顿][困顿][困顿],"https://guba.eastmoney.com/news,000892,502888908.html",2016-08-01 13:05:28,现在这种价位抛的人到底是什么人？？？猪吗
跌得凶才能涨得恶心!!!!!!!!!!!!!!!!!!!!!!!!!!!!!!!!!!!!!!!!!!!!!!!!!,"https://guba.eastmoney.com/news,000892,502816847.html",2016-08-01 12:04:43,逆袭连板几个涨停！！！
你敢跌停我敢满仓!!!!!!!!!!!!!!!!!!!!!!!!!!!!!!!!!!!!!!!!!!!!!!!!!!!!!!!!,"https://guba.eastmoney.com/news,000892,502751802.html",2016-08-01 11:23:23,看谁耗死谁！！！
有没有律师朋友 是否可以起诉证券日报及各大转载媒体,"https://guba.eastmoney.com/news,000892,502780258.html",2016-08-01 11:35:36,网上转载的起码有几十家吧 这样给0892认为制造利空 下午我试试像证监会举报下看看 今日之前买入的朋友是否可以起诉获得索赔 （扣除大盘同期下跌的）？
跌这么多，你怎么不跌停，尼玛的,"https://guba.eastmoney.com/news,000892,503087846.html",2016-08-01 15:09:16,跌这么多，你怎么不跌停，尼玛的
沒忍耐心的人不適合玩股,"https://guba.eastmoney.com/news,000892,502901106.html",2016-08-01 13:13:44,沒忍耐心的人不適合玩股
割了，你慢点涨,"https://guba.eastmoney.com/news,000892,503082719.html",2016-08-01 15:06:08,割了，你慢点涨
操啊。17.2的成本。跌死我了,"https://guba.eastmoney.com/news,000892,502561544.html",2016-08-01 09:48:49,7700股。17.2成本，啥时间解套啊。。操啊。。
下周有回踩15.5-15。8的需要,"https://guba.eastmoney.com/news,000892,497256386.html",2016-07-30 10:02:07,注意不能盲目加仓，待回踩确认，
砸啊，怎么不砸了，老子成本14都不到，有种砸到13,"https://guba.eastmoney.com/news,000892,502907019.html",2016-08-01 13:17:28,砸啊，怎么不砸了，老子成本14都不到，有种砸到13
为什么要压15，30，大神解释下,"https://guba.eastmoney.com/news,000892,502758934.html",2016-08-01 11:26:21,为什么要压15，30，大神解释下
真垃圾,"https://guba.eastmoney.com/news,000892,503069256.html",2016-08-01 14:57:50,真垃圾
大家一起打电话给董秘  让其说明下证券日报的立案调查是什么情况,"https://guba.eastmoney.com/news,000892,502753076.html",2016-08-01 11:23:54,大家一起打电话给董秘 让其说明下证券日报的立案调查是什么情况
刀狗不说话了，叫他朋友来买，买啊亏死你们一群SB,"https://guba.eastmoney.com/news,000892,489836634.html",2016-07-28 11:09:14,RT
有感谢布依的吗！,"https://guba.eastmoney.com/news,000892,502829932.html",2016-08-01 12:18:37,有感谢布依的吗！
这次里面的十大流通股东又该换人了,"https://guba.eastmoney.com/news,000892,503048382.html",2016-08-01 14:44:57,这次里面的十大流通股东又该换人了，换什么样的人另说。
董秘已经回复了：都是子虚乌有，谣言止于智者！,"https://guba.eastmoney.com/news,000892,502819624.html",2016-08-01 12:07:52,董秘已经回复了：都是子虚乌有，谣言止于智者！到同花顺股票里找投资者互动或深圳互易动里找星美联合提问及回复。
哈哈，我不反对价值投资，但开赌场的讲这话我就不信了。规范投机行为是从鼓励企业做好,"https://guba.eastmoney.com/news,000892,502798620.html",2016-08-01 11:47:24,"哈哈，我不反对价值投资，但开赌场的讲这话我就不信了。规范投机行为是从鼓励企业做好主业，倡导优秀企业高比例分红，坚决执行退市制度，而不是一会甜枣一会大棒。
想想看，7个人的上市公司星美联合，在咱们市场上以几十亿市值存活多年，不退市不说，还被“一事一办”的借壳给不允许跨界借壳的影视娱乐公司，说一万遍不如做一遍，你们一边做着奖励题材炒作的事情，一面唱着不许市场炒作的高调，你们自己觉得自己是猪吗？"
17.1进的  3万股     然后看下差价  我心都碎了,"https://guba.eastmoney.com/news,000892,502786414.html",2016-08-01 11:38:19,这星美 你让我彻夜难眠 尼玛蛋！
000892明天必将强势跌停,"https://guba.eastmoney.com/news,000892,501033970.html",2016-07-31 17:58:32,000892明天必将强势跌停
猪嫌电视剧没有收视率啊！,"https://guba.eastmoney.com/news,000892,503039978.html",2016-08-01 14:39:46,猪嫌电视剧没有收视率啊！
原来是证劵日报发的谣言，真是醉了,"https://guba.eastmoney.com/news,000892,502723321.html",2016-08-01 11:11:28,原来是证劵日报发的谣言，真是醉了
快看华东数控,"https://guba.eastmoney.com/news,000892,503032679.html",2016-08-01 14:35:22,快看华东数控
跌无可跌唯有抄底!!!!!!!!!!!!!!!!!!!!!!!!!!!!!!!!!!!!!!!!!!!!!!!!!!!!!!,"https://guba.eastmoney.com/news,000892,502691804.html",2016-08-01 10:55:14,抢进！
下午逆袭涨停!!!!!!!!!!!!!!!!!!!!!!!!!!!!!!!!!!!!!!!!!!!!!!!!!!!!!!!!,"https://guba.eastmoney.com/news,000892,502708392.html",2016-08-01 11:04:22,只进不出
为什么删我贴,"https://guba.eastmoney.com/news,000892,502744202.html",2016-08-01 11:20:12,不懂，我只是支持一下诛仙
快抢进，逆袭拉涨停!!!!!!!!!!!!!!!!!!!!!!!!!!!!!!!!!!!!!!!!!!!!!,"https://guba.eastmoney.com/news,000892,502681155.html",2016-08-01 10:49:33,抢进抢钱！
反正我没有这股，静观其变,"https://guba.eastmoney.com/news,000892,502747737.html",2016-08-01 11:21:46,等等看
股吧太热，很多热帖影响了主力的心情，别洗别看边做,"https://guba.eastmoney.com/news,000892,503021678.html",2016-08-01 14:28:37,
不红不绿收盘就完美了。,"https://guba.eastmoney.com/news,000892,503020261.html",2016-08-01 14:27:47,不红不绿收盘就完美了。
15&#183;87收盤,"https://guba.eastmoney.com/news,000892,503011965.html",2016-08-01 14:22:35,15·87收盤
洗盘开始。,"https://guba.eastmoney.com/news,000892,502755059.html",2016-08-01 11:24:48,洗盘开始。
操盘的玩得真帅!有没有?[大笑],"https://guba.eastmoney.com/news,000892,502693608.html",2016-08-01 10:56:08,操盘的玩得真帅!有没有?
15.69再进3000股，再跌就满仓!!!!!!!!!!!!!!!!!!!!!!!!!!!!!!!!!!!!,"https://guba.eastmoney.com/news,000892,502703262.html",2016-08-01 11:01:04,下午逆袭涨停！
最垃圾没有之一,"https://guba.eastmoney.com/news,000892,503007744.html",2016-08-01 14:19:59,最垃圾没有之一
必定上演惊天大逆袭，涨停必需的!!!!!!!!!!!!!!!!!!!!!!!!!!!!!!!!!!!!!!!!!,"https://guba.eastmoney.com/news,000892,502688736.html",2016-08-01 10:53:34,抢到就是赚到！
大家千万不要让主力跑了！！,"https://guba.eastmoney.com/news,000892,502720174.html",2016-08-01 11:10:05,大家千万不要让主力跑了！！
都以为周一涨停,"https://guba.eastmoney.com/news,000892,502671460.html",2016-08-01 10:45:04,现在看看走势 都傻眼了吧 17.1的本 怎么破！ 尼玛的
要跌停的意思！是何原因大跌？,"https://guba.eastmoney.com/news,000892,502711448.html",2016-08-01 11:06:03,
今天先给广西南宁人一个跌停奖励一下！,"https://guba.eastmoney.com/news,000892,502639115.html",2016-08-01 10:27:42,今天先给广西南宁人一个跌停奖励一下！
基金离场，游资入场,"https://guba.eastmoney.com/news,000892,502993494.html",2016-08-01 14:10:54,"由于担心证监会调查，基金迅速离场星美。
各有利弊。
分析2季度调查的9个公司，如果有问题，借壳就不会通过。
弊端是短期对股价有打压作用，增加成交量，有加速下滑可能，60分钟线与日线均处于卖出状态！
有利的是游资大举建仓，跌停板上扫筹，筹码集中度更高，对后续拉升有一定的空间。

股价支撑：13.8元
股价压力：17.5元
后续肯定有炒作的机会，作为散户，短期在14元附近买入，半仓内为宜！
最差不会跌到7元，最高就不好说了，至少20元，30-60元区间也皆有可能。"
我以为星美周一会涨停，我以为16.1要大赚，我以为会持续走高，原来都是我以为,"https://guba.eastmoney.com/news,000892,502679705.html",2016-08-01 10:48:57,我以为星美周一会涨停，我以为16.1要大赚，我以为会持续走高，原来都是我以为
大家不要着急补仓，现在形式未明朗，可以继续等庄家再洗一洗！,"https://guba.eastmoney.com/news,000892,502988627.html",2016-08-01 14:07:51,大家不要着急补仓，现在形式未明朗，可以继续等庄家再洗一洗！
