标题,链接,发布时间,内容
博彩概念了，在海南投资是看中海南的博彩政策优势。旗下的棋牌公司都将涉及暴利行业。,"https://guba.eastmoney.com/news,002354,760576052.html",2018-05-15 22:18:48,博彩概念了，在海南投资是看中海南的博彩政策优势。旗下的棋牌公司都将涉及暴利行业。
要想屏蔽水军顶就贴，教大家一个简单的方法，股吧右上方，默认按评论时间排序，把它改,"https://guba.eastmoney.com/news,002354,760716219.html",2018-05-16 13:55:49,要想屏蔽水军顶就贴，教大家一个简单的方法，股吧右上方，默认按评论时间排序，把它改成按发帖时间排序，大家发的最新帖一目了然，再也不用往下翻页！
今年游戏主基调在二线公司的联合协作(三七联合盛大)和腾讯开放式生态的合作力度加大,"https://guba.eastmoney.com/news,002354,760785072.html",2018-05-16 18:56:16,"今年游戏主基调在二线公司的联合协作(三七联合盛大)和腾讯开放式生态的合作力度加大，全年看买量成本压力、游戏政策、公司产品线排期影响，板块估值持续下降，产品质量成为核心竞争力，我们认为二季度开始二线公司将进入产品期，仍然重点推荐与腾讯开启合作的完美世界，吃鸡带动的广告增长受益标的顺网科技，建议关注仍具备长期竞争实力的短期超跌品种游族网络、三七互娱、吉比特。
天神走的就是行业趋势，二线游戏厂商爆发"
什么是商誉？如何判断商誉的风险？        商誉是新增合并会计报表的子公司估,"https://guba.eastmoney.com/news,002354,760591376.html",2018-05-16 00:54:58,"什么是商誉？如何判断商誉的风险？
商誉是新增合并会计报表的子公司估值大于其可辨认资产（包括可辨认的无形资产）与负债的差额部分。简单说就是买入一家公司所支付的价款大于该公司净资产的金额。
按照目前会计准则规定，商誉属于不可辨认资产，应该在资产负债表中单独列示，商誉不可摊销，每年必须对商誉进行减值测试，如果商誉发生估值下降，必须计提商誉减值准备，同时列入当年的期间费用，也就是增加当年的费用支出，减少当年利润。而当公司通过改进经营管理、进行技术改造、激发人才潜力等手段提高其经营效益后，经资产减值测试，商誉估值回升，可以按回升金额冲回商誉减值准备(限于原计提金额)，增加当年利润。
商誉的估值方法，对于传统企业来说，其商誉估值一般采用参考同行业成熟公司市盈率进行评估，对于互联网公司的商誉评估，由于行业分类较多，目前行业中大多数公司处于成长周期，可比成熟企业较少，而且美国对于这类公司的上市利润要求较低，比如亚马逊、京东等公司上市及其以后多年均处于亏损状态，无法按市盈率进行估值，因此，目前主要根据营业收入、现金能力和毛利率等状况进行评估，如果收入和利润基本平稳，有可比行业公司参照，也可以采用市盈率进行估值。
从美国过去十年的互联网上市公司看，小盘股的市盈率比中盘股高，中盘股的市盈率比大盘股高，我国的股市也是基本这种状况，纳斯达克互联网公司的平均市盈率在32-77倍之间，目前可能在60倍左右。我国互联网上市公司的平均市盈率也基本处在40倍以上，最高达到100多倍，作为互联网上市公司对商誉进行资产减值测试，如果参照这些市盈率进行估值，也就是说互联网上市公司在市盈率40倍以下不计提商誉减值准备也说得过去。当然一家公司对商誉进行资产减值测试，应该分别对单个子公司进行资产减值测试。这里的市盈率不是指股票的价格，是指初始购入价格金额与该购入公司当年实现净利润的比值。
目前，中国上市公司兼并的互联网企业的市盈率大多在10倍左右，除非经营出现极端变故，一般商誉减值风险不大。股民提到的乐视股份，是由于原控股股东贾跃亭长期滞留美国，疏于对公司管理，且大量占用上市公司资金，公司经营处于停顿状态，公司资金链断裂，造成乐视经常性经营出现大额亏损，连锁引发商誉减值。"
原来网络游戏股也可以这么便宜。以前网游股高高在上，可望不可及，天神，高时百元之上,"https://guba.eastmoney.com/news,002354,760799453.html",2018-05-16 20:48:12,原来网络游戏股也可以这么便宜。以前网游股高高在上，可望不可及，天神，高时百元之上，天上也，如今走下神坛，成了百姓餐，许多ST股比它还高。
发公告有卵用，我们要复牌！,"https://guba.eastmoney.com/news,002354,760791821.html",2018-05-16 19:51:28,发公告有卵用，我们要复牌！
海南概念加盛大概念够涨30%了，个人调查没影响，公司债照发。,"https://guba.eastmoney.com/news,002354,760790080.html",2018-05-16 19:37:57,海南概念加盛大概念够涨30%了，个人调查没影响，公司债照发。
那为啥子不复牌呢？,"https://guba.eastmoney.com/news,002354,760791619.html",2018-05-16 19:49:51,那为啥子不复牌呢？
天神补涨要求非常强烈。上涨空间巨大。,"https://guba.eastmoney.com/news,002354,760779991.html",2018-05-16 18:12:35,天神补涨要求非常强烈。上涨空间巨大。
好了，现在海南的消息也确认过了，所以还不复盘吗？,"https://guba.eastmoney.com/news,002354,760775018.html",2018-05-16 17:37:31,好了，现在海南的消息也确认过了，所以还不复盘吗？
商誉不可怕，欺诈才可恨,"https://guba.eastmoney.com/news,002354,760763793.html",2018-05-16 16:29:51,"商誉其实就是会计数字游戏，公司现在每股净资产10元，如果减去商誉，公司每股净资产3元多，再减去DOTC投资每股2元，净资产1元多，10元记账和1元记账就是玩数字游戏，不影响公司的实质和价值。本人以为，公司估值应以盈利能力和增长水平为基础。游戏公司市盈率40倍，增长速度高于20%的可以适当提高估值水平，当然，利润下降的要降低估值水平，如果2018年利润达到每股0.8元，过3年承诺期企业盈利继续增长，公司股价应在25元以上。
但是，如果购入企业都是骗子，3年承诺期一过，利润大幅下降甚至亏损，前几年收购公司都是欺诈，18年度公司利润下降80%以上甚至亏损，那么乐视网股价就是天神的股价。"
股吧就是一个赚钱的平台！使劲吵吵吵吵吵。,"https://guba.eastmoney.com/news,002354,760771706.html",2018-05-16 17:16:14,股吧就是一个赚钱的平台！使劲吵吵吵吵吵。
对一家企业了解越多，就赚的越多，这是巴菲特说的。如果一个投资者连朱董夫人开的是奔,"https://guba.eastmoney.com/news,002354,760578548.html",2018-05-15 22:36:58,对一家企业了解越多，就赚的越多，这是巴菲特说的。如果一个投资者连朱董夫人开的是奔驰350也知道，那就差不多了！
在股市里，买入股票涨也高兴，跌也开心才是真正的高手。,"https://guba.eastmoney.com/news,002354,760102483.html",2018-05-13 09:18:40,在股市里，买入股票涨也高兴，跌也开心才是真正的高手。
老朱哪一笔投资是失误的？大家说说。世纪华通？儒意影业？探探？为爱普等等？,"https://guba.eastmoney.com/news,002354,760133539.html",2018-05-13 21:51:55,老朱哪一笔投资是失误的？大家说说。世纪华通？儒意影业？探探？为爱普等等？
停牌主要是猪爆仓！,"https://guba.eastmoney.com/news,002354,759843363.html",2018-05-11 09:18:07,停牌主要是猪爆仓！
临停主要是要爆仓拉[胜利],"https://guba.eastmoney.com/news,002354,759911799.html",2018-05-11 12:14:30,临停主要是要爆仓拉
你的天神！Q4业绩大变脸的原因是什么,"https://guba.eastmoney.com/news,002354,749736755.html",2018-03-18 22:30:36,"到现在没有一款新游戏上线，2018年上半年业绩大幅负增长铁板钉钉
另外
包括出售股票2.49亿投资收益，4季度净利润才2.64亿
DOTC是导致天神2017Q4业绩大变脸的原因之一吗？
包括出售股票2.49亿投资收益，4季度净利润才2.64亿
北京天神互动业绩连续下滑是主要原因之一
除了天神互动，嘉兴乐玩还贡献了很不错的业绩，北京合润德堂和北京幻想悦游也完成了承诺业绩，
导致4季度业绩变脸仅是一个天神互动？
DOTC是否也是元凶之一？"
最后一句话。,"https://guba.eastmoney.com/news,002354,760339268.html",2018-05-14 22:21:08,小朱能搞多大的事，不知道。从目前的公告来看，小朱让查应该事不是很大，应该可以搞定。家当吗？能守住守不住那只有天知道。17年收的家里子应该漂亮。以前的我没有研究过。。谋事在人，成事在天。人家多少也扔了不少家当了，所以对决是一定的。小散不参入是最好的，不管你是看好，还是看坏，看好就留，看坏就走，里面的水深，也许会鲤鱼跃龙门，也许就是深沟，股市对我来言，就是个德牌，因为公司创造的财富在短短的时间内根本没有体现。基本上就是拿对方的钱。所以以什么业绩，什么成长来讲故事都是放屁，散户虽然拥有最多的股票，但是散户本身就是沙子，没有定价权，就算涨到一万，绝大多数的散户永远也是韭菜。
最怕的是溢价收购形成的商誉，好多公司一但收购公司完不成业绩对赌，商誉减值，你懂得,"https://guba.eastmoney.com/news,002354,760133428.html",2018-05-13 21:49:53,最怕的是溢价收购形成的商誉，好多公司一但收购公司完不成业绩对赌，商誉减值，你懂得。今年好几家了。
"为什么都要骂开开和不倒翁呢,真是搞不懂","https://guba.eastmoney.com/news,002354,760082189.html",2018-05-12 19:08:52,"自己买的股票下跌,怪他们,真是可笑,"
"我最担心的事可能真要发生,业绩追假-退市!","https://guba.eastmoney.com/news,002354,759108198.html",2018-05-07 15:15:30,.
建议公司，把要上市的游戏和后期游戏的上市计划公布一下，让投资者有个预期，还有公司,"https://guba.eastmoney.com/news,002354,761241294.html",2018-05-18 16:48:00,"建议公司，把要上市的游戏和后期游戏的上市计划公布一下，让投资者有个预期，还有公司半年报业绩预期予以明确，尽量以多一些的利好来缓冲朱晔违反证券法规受到证监会调查所带来的负面影响，现在最紧迫的事，面临复牌时可能遇到的下跌，要尽量出些对公司业绩和股价有正面支持的实质利好，刚公布世界游戏第一腾讯第六网易，公司的十强目标有些不接地气和忽悠，先稳住股价和市值，争取市值进入国内游戏十强！！
天娱数科
天神娱乐：您好，公司未来产品规划在年度报告中有介绍请您参考，具体产品上线时间还请关注产品宣传，公司重视您的建议，我们会向相关业务部门反馈。世界游戏十强是公司近五年的发展目标，感谢您的关注！
(来自深交所互动易)答复时间 2018-05-18 16:48:00"
一句话，现在天天在股吧唱空者也是明天的唱多者,"https://guba.eastmoney.com/news,002354,760086120.html",2018-05-12 21:10:21,等到他们自己认为把股票唱下去了，到了他们买入后，他们就天天唱多了，并且有千万个理由唱多，反过来现在卖了人到那时又要唱空了，多空永远是对垒的。唱多也好唱空也罢只有傻逼在会听你们的。如果在股吧里能把股票唱起来唱下去，那人们就天天泡吧了，还要做什么事情？只有那些傻逼在会这么想的也意
临时停牌了，让你们在论坛啰嗦,"https://guba.eastmoney.com/news,002354,759841813.html",2018-05-11 09:10:05,临时停牌了，让你们在论坛啰嗦
对比此前的规定来看，2018年3月12日股票质押回购，从此划“红线”,"https://guba.eastmoney.com/news,002354,760748707.html",2018-05-16 15:17:54,"对比此前的规定来看，新规中明确股票质押率上限不得超过60%，单一证券公司、单一资管产品作为融出方接受单只A股股票质押比例分别不得超过30%、15%，
　　单只A股股票市场整体质押比例不超过50%。"
"一天几天的狗,发什么卵贴","https://guba.eastmoney.com/news,002354,760539823.html",2018-05-15 17:57:09,"一看就知道,天神早停牌了,这些几天的贴子基本都是正面报道公司消息的贴,谁能解释为什么停牌还是挤进股吧发贴呢?只能说是公司派出的水军而已,此股得罪不少机构,1、控制权争夺战进行中.2、朱被查问题复杂,一致行动人减持肯定够得上,就怕查出更多的黑幕,那就是灾难性.3今年业绩不达标,商誉减值可能性极大"
股票都有几十倍的市盈利率，怕商誉的都不用买了。,"https://guba.eastmoney.com/news,002354,760582257.html",2018-05-15 23:07:48,"为爱普还来谈商誉，笑死人了，为爱普一年的利润就有2.6亿了，还来谈为爱普4.93亿的商誉，真是太好笑了吧。6亿买的，买来三四年早就回本了，现在是0元钱捡来的，还谈商誉。一花科技去年的利润也很可观的，大概也是1亿多吧，也来谈商誉。买股票都有几十倍的市盈利率，你还来买股票作什么？
深圳口袋科技有限公司：总资产43,146.97万、净资产41,777.72万、营业收入36,821.53万、净利润23,586.81万。

天神收购的这些公司，都是用股票换来的，换的时候算起来也大概是几倍左右不超过10倍的市盈利率吧，现在股价跌了一半下来，大概就是5倍左右的市盈利率吧。几倍市盈利率的不要，股票市场上几十倍市盈利率的大家在抢，真是搞笑。还商誉"
开开，不倒货，赶紧去唱空凯英网络，快去已经反弹了两天了，天神停牌了。唱空也不开盘,"https://guba.eastmoney.com/news,002354,760680561.html",2018-05-16 11:25:09,开开，不倒货，赶紧去唱空凯英网络，快去已经反弹了两天了，天神停牌了。唱空也不开盘……快去三七还有凯英，完美他们那边
天神娱乐:2018年第二次临时股东大会决议公告,"https://guba.eastmoney.com/news,002354,760560761.html",2018-05-15 20:34:22,"公告日期：2018-05-16
大连天神娱乐股份有限公司



2018年第二次临时股东大会决议公告



本公司及董事、监事、高级管理人员保证信息披露的内容真实、准确、完整，没有虚假记载、误导性陈述或重大遗漏。



特别提示：



1、本次股东大会无否决提案的情况；



2、本次股东大会不涉及变更以往股东大会已通过的决议。



一、会议通知情况



《大连天神娱乐股份有限公司关于召开 2018 年第二次临时股东大会的通



知》、《大连天神娱乐股份有限公司关于召开2018年第二次临时股东大会增加



临时提案暨股东大会补充通知的公告》分别于2018年4月28日、2018年5月5



日在《中国证券报》、《证券时报》、《证券日报》、《上海证券报》和巨潮资讯网上披露。



二、会议召开情况



1、会议召开时间：2018年5月15日（星期二）下午14时



2、会议召开地点：北京市朝阳区青年路8号达美中心T4-16层VIP会议室。



3、会议召开方式：以现场及网络投票相结合方式召开



4、会议召集人：公司董事会



5、会议主持人：董事长朱晔先生



6、会议的召集、召开与表决程序符合《公司法》、《上市公司股东大会规则》、《深圳证券交易所股票上市规则》及《公司章程》等法律法规及规范性文件的规定，会议合法、有效。



三、会议出席情况



1、现场会议出席情况：



出席现场会议的股东及股东授权代表人数8人，代表股份279,370,792股，



占公司总股本的29.8203%。



2、网络投票情况：



第1页共12页



通过网络投票的股东 20 人，代表股份 578,481 股，占上市公司总股份的



0.0617%。



3、公司董事、监事、部分高级管理人员出席了本次会议。



4、公司聘请的北京德恒律师事务所律师出席并见证了本次会议，出具了《法律意见》。



四、会议表决情况



本次会议采取现场投票和网络投票相结合的方式进行表决，审议表决结果如下：



提案1 审议通过《关于公司申请注册发行超短期融资券的议案》；



表决结果：279,784,773 股同意，占出席本次股东大会有表决权股份总数的



99.9412%；164,500股反对，占出席本次股东大会有表决权股份总数的0.0588%；



0股弃权，占出席本次股东大会有表决权股份总数的0.0000%。



其中，中小投资者表决情况为：同意 414,081股，占出席本次股东大会的中



小投资者（含网络投票）所持有表决权股份总数的71.5684%；反对164,500股，



占出席本次股东大会的中小投资者（含网络投票）所持有表决权股份总数的28.4316%；弃权0股，占出席本次股东大会的中小投资者（含网络投票）所持有表决权股份总数的0.0000%。



提案2 审议通过《关于选举公司非独立董事候选人的议案》；



表决结果：279,947,273 股同意，占出席本次股东大会有表决权股份总数的



99.9993%；2,000股反对，占出席本次股东大会有表决权股份总数的0.0007%；0



股弃权，占出席本次股东大会有表决权股份总数的0.0000%。



其中，中小投资者表决情况为：同意576,581股，占出席本次股东大会的中



小投资者（含网络投票）所持有表决权股份总数的99.6543%；反对2,000股，占



出席本次股东大会的中小投资者（含网络投票）所持有表决权股份总数的



0.3457%；弃权0股，占出席本次股东大会的中小投资者（含网络投票）所持有



表决权股份总数的0.0000%。



提案3 审议通过《关于公司符合公开发行可转换公司债券条件的议案》；



表决结果：279,784,773 股同意，占出席本次股东大会有表决权股份总数的



99.9412%；162,900股反对，占出席本次股东大会有表决权股份总数的0.0582%；



第2页共12页



1,600股弃权，占出席本次股东大会有表决权股份总数的0.0006%。



其中，中小投资者表决情况为：同意414,081股，占出席本次股东大会的中



小投资者（含网络投票）所持有表决权股份总数的7……
[点击查看PDF原文]
提示：本网不保证其真实性和客观性，一切有关该股的有效信息，以交易所的公告为准，敬请投资者注意风险。
展开阅读全文"
"大家别着急,坏消息会一个接一个地来,静静等着挨刀就行了.","https://guba.eastmoney.com/news,002354,760655904.html",2018-05-16 10:28:53,.
恺英网络已拒绝下跌，上涨欲望强力。,"https://guba.eastmoney.com/news,002354,760631153.html",2018-05-16 09:39:28,恺英网络已拒绝下跌，上涨欲望强力。
有大股东被套，立案及时停牌，有文章,"https://guba.eastmoney.com/news,002354,760641889.html",2018-05-16 10:00:15,有大股东被套，立案及时停牌，有文章
强烈要求罢免朱晔董事长职务,"https://guba.eastmoney.com/news,002354,760606789.html",2018-05-16 06:34:07,强烈要求罢免朱晔董事长职务
天神娱乐:董事会审计委员会关于公司2017年度计提资产减值准备的说明,"https://guba.eastmoney.com/news,002354,760622807.html",2018-05-16 09:15:01,"1、本次计提各项资产减值准备合计 94,553,626.40 元，考虑所得税的影响后，将减少公司 2017 年度归属于上市公司股东的净利润 70,915,219.80 元，相应减少 2017年度归属于上市公司股东所有者权益 70,915,219.80 元。
2、本次计提各项资产减值准备合计2,969.20万元，考虑所得税的影响后，将减 少公司2016年度归属于上市公司股东的净利润2,373.51万元，相应减少2016 年度归属于上市公司股东所有者权益2,373.51万元。"
天神娱乐:光大证券股份有限公司关于公司2017年面向合格投资者公开发行公司债券(第一期)2018年第二次临时受托管理事务报告,"https://guba.eastmoney.com/news,002354,760537826.html",2018-05-15 17:43:32,"公告日期：2018-05-16
股票简称：天神娱乐 股票代码：002354



债券简称：17天神01 债券代码：112496



光大证券股份有限公司



关于大连天神娱乐股份有限公司2017年面



向合格投资者公开发行公司债券（第一期） 2018 年度第二次临时受托管理事务报告债券受托管理人



（住所：上海市静安区新闸路1508号）



签署日期：2018年5月



重要声明



本报告依据《公司债券发行与交易管理办法》、《大连天神娱乐股份有限公



司2017年面向合格投资者公开发行公司债券（第一期）募集说明书》、《大连



天神娱乐股份有限公司2016年面向合格投资者公开发行公司债券受托管理协



议》等相关文件、第三方机构出具的专业意见以及大连天神娱乐股份有限公司信



息披露文件等，由本期债券受托管理人光大证券股份有限公司（以下简称“光大



证券”）编制。



本报告不构成对投资者进行或不进行某项行为的推荐意见，投资者应对相关



事宜做出独立判断，而不应将本报告中的任何内容据以作为光大证券所作的承诺



或声明



一、发行人概况



1、公司名称：大连天神娱乐股份有限公司



2、公司注册地址：辽宁省大连市中山区致富街31号905单元



3、公司法定代表人：朱晔



4、公司信息披露联系人：桂瑾



5、联系电话：010－87926860



6、联系传真：010－87926860



7、登载本临时受托管理事务报告的中国证监会指定网站：巨潮资讯网



（http://www.cninfo.com.cn）



二、本期债券基本情况



（一）债券名称：大连天神娱乐股份有限公司2017年面向合格投资者公开



发行公司债券（第一期）



（二）债券简称：17天神01



（三）债券代码：112496



（四）债券期限：本期债券的期限为5年，债券存续期第3年末附发行人



调整票面利率选择权和投资者回售选择权



（五）债券利率：本期债券为固定利率债券，本期债券票面利率为7.79%



（六）债券发行规模：人民币100,000万元



（七）债券还本付息方式：本期债券本息支付将按照本期债券登记机构的



有关规定统计债券持有人名单。采用单利按年计息，不计复利。每年付息一次，



到期一次还本，最后一期利息随本金的兑付一起支付。年度付息款项自付息日起



不另计利息，本金自本金兑付日起不另计利息



（八）募集资金用途：发行人拟将本期债券募集资金扣除发行费用后，用



于调整公司债务结构和补充公司流动资金



（九）债券发行首日：2017年1月19日



（十）债券上市交易首日：2017年3月3日



（十一）债券上市地点：：深圳证券交易所



三、本期债券的重大事项



光大证券股份有限公司作为大连天神娱乐股份有限公司2017年面向合格投



资者公开发行公司债券（第一期）（以下简称“本期债券”）的债券受托管理人，



根据《公司债券发行与交易管理办法》、《深圳证券交易所公司债券上市规则》、《公司债券受托管理人执业行为准则》等相关规定及《大连天神娱乐股份有限公



司2016年面向合格投资者公开发行公司债券债券持有人会议规则》（以下简称



“《债券持有人会议规则》”）的约定，并依据大连天神娱乐股份有限公司（以



下简称“发行人”、“天神娱乐”、“公司”）公告的《关于董事长兼总经理收



到中国证监会立案调查通知书的公告》，现就本期债券重大事项报告如下：



1、重大事项基本情况



天神娱乐于2018年5月9日收到公司董事长兼总经理朱晔先生通知，其于



2018年5月9日收到中国证券监督管理委员会（以下简称“中国证监会”）的



《调查通知书》（编号：粤证调查通字180105号），因其涉嫌违反证券法律法



规，中国证监会决定根据《中华人民共和国证券法》的有关规定，对其进行立案



调查。



2、重大事项对本期债券的影响



根据《公司债券受托管理人执业行为准则》规定及《债券受托管理协议》约



定，光大证券作为本期债券受托管理人对上述事项面向合格投资者进行披露，并



就发行人董事长兼总经理……
[点击查看PDF原文]
提示：本网不保证其真实性和客观性，一切有关该股的有效信息，以交易所的公告为准，敬请投资者注意风险。
展开阅读全文"
天神娱乐:2018年第二次临时股东大会的法律意见,"https://guba.eastmoney.com/news,002354,760560763.html",2018-05-15 20:34:23,"公告日期：2018-05-16
北京德恒律师事务所



关于大连天神娱乐股份有限公司



2018年第二次临时股东大会的



法律意见



北京市西城区金融街19号富凯大厦B座12层



电话:010-52682888传真:010-52682999邮编:100033



北京德恒律师事务所



关于大连天神娱乐股份有限公司



2018年第二次临时股东大会的



法律意见



德恒01G20170514-03号



致：大连天神娱乐股份有限公司



北京德恒律师事务所受大连天神娱乐股份有限公司（以下简称“天神娱乐”或“公司”）委托，指派张竟驰律师、周子琦律师（以下简称“本所律师”）出席天神娱乐2018年第二次临时股东大会（以下简称“本次股东大会”），并对本次股东大会的合法性进行见证并出具法律意见。



本法律意见根据《中华人民共和国公司法》(以下简称“《公司法》”)、《中华人民共和国证券法》（以下简称“《证券法》”）、《上市公司股东大会规则》（以下简称“《股东大会规则》），以及《大连天神娱乐股份有限公司章程》（以下简称“《公司章程》”）、《大连天神娱乐股份有限公司股东大会议事规则》（以下简称“《股东大会议事规则》”）等有关法律、法规和规范性文件而出具。



为出具本法律意见，本所律师审查了公司本次股东大会的有关文件和材料。



本所律师得到公司如下保证，即其已提供了本所律师认为作为出具本法律意见所必需的材料，所提供的原始材料、副本、复印件等材料、口头证言均符合真实、准确、完整的要求，有关副本、复印件等材料与原始材料一致。



在本法律意见中，本所律师仅对本次股东大会的召集、召开程序、出席会议人员资格、召集人资格及会议表决程序、表决结果是否符合《公司法》、《股东大会规则》等法律、法规、规范性文件及《公司章程》、《股东大会议事规则》的规定发表意见，不对会议审议的议案内容以及这些议案所表述的事实或数据的真实性及准确性发表意见。



本法律意见仅供公司本次股东大会相关事项的合法性之目的使用，不得用作任何其他目的。



本所律师根据法律的要求，按照律师行业公认的业务标准、道德规范和勤勉尽责的精神，对公司所提供的相关文件和有关事实进行了核查和验证，现出具法律意见如下：



一、 本次股东大会的召集程序



经查验，根据公司第四届董事会第六次会议、第四届董事会第七次会议的决议，公司董事会于2018年4月28日在指定媒体发布了《大连天神娱乐股份有限公司关于召开2018年第二次临时股东大会的通知》（以下简称“《会议通知》”，于2018年 5月5日在指定媒体发布了《大连天神娱乐股份有限公司关于召开2018 年第二次临时股东大会增加临时提案暨股东大会补充通知的公告》（以下简称“《补充通知》”。《会议通知》、《补充通知》载明了本次股东大会的会议召集人、召开日期及时间、会议召开方式、投票方式、股权登记日、出席会议对象、现场会议召开地点、会议审议事项、参与网络投票的股东的身份认证与投票程序、其他事项等内容，符合《公司法》、《股东大会规则》等法律、法规、规范性文件及《公司章程》、《股东大会议事规则》的规定。



经本所律师核查，公司本次股东大会的召集程序符合《公司法》、《股东大会规则》等法律、法规、规范性文件及《公司章程》、《股东大会议事规则》的规定。



二、 本次股东大会的召开



本次股东大会采取现场投票与网络投票相结合的方式召开。



现场会议于2018年5月15日下午14时在北京市朝阳区青年路8号达美中



心T4-16层VIP 会议室如期召开，会议由董事长朱晔先生主持，会议就《会议



通知》、《补充通知》列明的审议事项进行了审议。



2018年5月14日—2018年5月15日，本次会议通过深圳证券交易所交易



系统和深圳证券交易所互联网投票系统为股东提供了网络投票平台。通过深圳证券交易所交易系统进行网络投票的具体时间为2018年5月15日9：30至11：30，13：00至15：00；通过深圳证券交易所互联网投票的具体时间为：2018年5月14日15：00至2018年5月15日15：00期间的任意时间。



经本所律师核查，公司……
[点击查看PDF原文]
提示：本网不保证其真实性和客观性，一切有关该股的有效信息，以交易所的公告为准，敬请投资者注意风险。
展开阅读全文"
没脸没皮，理他们都掉价。,"https://guba.eastmoney.com/news,002354,760562854.html",2018-05-15 20:49:56,胡说八道，吹大梨，没实话。
应查清天神的违法行为，赔偿散户亏损的血汗钱！,"https://guba.eastmoney.com/news,002354,760607094.html",2018-05-16 06:38:36,应查清天神的违法行为，赔偿散户亏损的血汗钱！
360度大反转,"https://guba.eastmoney.com/news,002354,760373641.html",2018-05-15 07:53:24,故事会不会重影演，明修栈道暗度陈仓。盛大上市在即。
英飞拓商誉损失计提后大幅亏损，天神娱乐是否,"https://guba.eastmoney.com/news,002354,641750659.html",2017-05-13 11:41:22,英飞拓商誉损失计提后大幅亏损，天神娱乐是否步后尘。如果是，那就可怕了，将巨额亏损。目前走势很可疑。 天神娱乐没题材吗？ 业绩，成长性差吗？ 市盈率很高吗？ 如果你是主力，你在怕啥？怕没题材吗？ 怕业绩，成长性差吗？ 怕市盈率很高吗？ 怕群众基础差吗？ 不敢想了，越想越可怕！希望都是假的！
朱晔董事长祝您能顺风顺水！！！,"https://guba.eastmoney.com/news,002354,760589506.html",2018-05-16 00:25:12,朱晔董事长祝您能顺风顺水！！！
说在这个地方大股东减持的人。不是疯了，就是傻了。两个定向增发的人的成本都在25和,"https://guba.eastmoney.com/news,002354,760587338.html",2018-05-15 23:52:28,说在这个地方大股东减持的人。不是疯了，就是傻了。两个定向增发的人的成本都在25和23块2。大股东的成本也在五块多。这可不是一般的次新股。大股东成本只有几分或者几毛钱。小珠子费了那么大的劲，难道就挣这么点儿就跑了。这可能吗？别再拿这些话糊弄新股民了，什么意思？天下人皆知。
最没人性的就是股市的股吧！这里能看出一些肮脏龌龊的变态心理。,"https://guba.eastmoney.com/news,002354,760133289.html",2018-05-13 21:47:13,最没人性的就是股市的股吧！这里能看出一些肮脏龌龊的变态心理。
什么叫商誉？,"https://guba.eastmoney.com/news,002354,760538221.html",2018-05-15 17:46:19,应该这么说，一家高盈利的企业，有人看中了它的发展前景，愿意用N倍的资金去买它，购买价与净资产之间的差额就是商誉。比如一家企业净资产500万，一年净盈利1000万，且以每年20%的速度增长，有人看中了它的发展前景，经过评估认为可以用一个亿买下它，因为8年后购买方就可以收回了所有的投资成本，还赚来了这家企业。那就1亿减500万净资产，这多付的9500万元就是商誉。这个收购价值不值你们自己测算。盈利好的企业你想平价收它，不可能。这就是商誉。
天行正在进行一场对赌。因它在底部，所以对赌的筹码，悬殊。就算她业绩下降40%。六,"https://guba.eastmoney.com/news,002354,760539160.html",2018-05-15 17:52:40,天行正在进行一场对赌。因它在底部，所以对赌的筹码，悬殊。就算她业绩下降40%。六毛钱的业绩也足以支撑这个价位。就算董事长出了较大的问题。对于这个准独角兽来讲。盯着他的人可不是一家两家。最多进行股权置换。有人拿着跟乐视比。我只能呵呵了。乐视已亏的净资产都没了。而天神还有一个美好的预期。dotc1旦上市。它的利润将以十倍的速度上升。只怕一开盘就买不上了。给你来五个涨停。高位接去吧。
现在唯一能救天神股价不跌的的就是大股东立即增持,"https://guba.eastmoney.com/news,002354,760572491.html",2018-05-15 21:53:05,现在唯一能救天神股价不跌的的就是大股东立即增持
对个人调查反而是公司利好。,"https://guba.eastmoney.com/news,002354,759792856.html",2018-05-10 21:31:57,对个人调查反而是公司利好。
打击利用股吧操控股价我认为必须符合以下情形:如在相对高位全部抛出或部分抛售一股票,"https://guba.eastmoney.com/news,002354,760558990.html",2018-05-15 20:22:16,打击利用股吧操控股价我认为必须符合以下情形:如在相对高位全部抛出或部分抛售一股票，然后利用股吧拼命唱空或同时做空，再到股价低位重新买入。如有人符合以上要件，可以被举报！应属重点打击对象。如高位抛出后，从此不再重新买入该股票，则应该不属于重点打击对象！不知我理解正确否？！
看看天神娱乐去海南生态园，不是游戏园。看来跟我的想法相同,"https://guba.eastmoney.com/news,002354,760543756.html",2018-05-15 18:25:08,看看天神娱乐去海南生态园，不是游戏园。看来跟我的想法相同
大盘再创近期新高。互联网股今大涨。,"https://guba.eastmoney.com/news,002354,760506584.html",2018-05-15 15:10:04,大盘再创近期新高。互联网股今大涨。
MSCI名单有没天神娱乐？以前好像有的[拜神][拜神],"https://guba.eastmoney.com/news,002354,760382277.html",2018-05-15 09:04:04,MSCI名单有没天神娱乐？以前好像有的
8、近期，深交所对资产减值的监管力度明显加大，上市公司商誉大额减值也备受市场关注,"https://guba.eastmoney.com/news,002354,760564117.html",2018-05-15 20:58:50,"8、近期，深交所对资产减值的监管力度明显加大，上市公司商誉大额减值也备受市场关注。请介绍一下对商誉等资产减值监管的相关考虑和基本情况。
答：商誉一般来源于企业并购。标的资产评估溢价高，有收购轻资产业务的原因，有客观上考虑了不可辨认但对持续经营有重要影响的无形资产的原因，也有主观上倾向于选取乐观的评估参数的原因。商誉中如果含有的“水分”较多，商誉减值就成为上市公司业绩变脸的“爆雷”大户。
2016年以来，中国证监会不断完善重组监管规则，持续规范并购重组市场发展。2017年，深交所共发出重组问询函246份，持续重点聚焦重组高估值、高商誉、高业绩承诺的“三高”问题。同时，深交所也发现，2015年至2017年深市上市公司商誉减值金额占资产减值损失的比例分别为4.38%、5.21%和12.52%，占比逐年提升，且2017年资产减值损失金额比2016年增长近40%。深交所一直高度关注上市公司计提资产减值准备的审议程序、信息披露等情况，并在年报事后审查中对资产减值事项严肃问询、合理分析，坚决遏制利润操纵之风。
近年来，在重组业绩承诺履行方面还出现了新问题、新情况，也导致商誉出现大额减值。重组交易对手方拒不履行业绩补偿承诺并提请诉讼或仲裁要求免除其补偿义务，该类行为严重损害中小投资者合法权益，严重侵害市场公平、公正，深交所坚决从严监管，对相关当事人违反承诺行为作出纪律处分。对于上市公司无法有效控制并购标的，该类事项通常导致年审机构的审计范围受限，容易在年报披露时暴露问题，深交所将以年报监管为契机，对此类现象重点关注，及时采取措施．"
记住！关上门自己讲什么故事都为0,"https://guba.eastmoney.com/news,002354,760564038.html",2018-05-15 20:58:19,记住！关上门自己讲什么故事都为0
天神娱乐2016年已入msci了 这次公布的是新增的,"https://guba.eastmoney.com/news,002354,760454347.html",2018-05-15 12:37:45,天神娱乐2016年已入msci了 这次公布的是新增的
如果朱晔不作为，第一大股东易主的可能性大概80%。,"https://guba.eastmoney.com/news,002354,760385199.html",2018-05-15 09:20:46,"如果朱晔不作为，开盘第一天第一大股东位置就会换人，开盘第一天，成交量会达到流通盘的40-50%，大概2-3亿股之间，第一大股东才1.3亿股，易主的可能性大概80%。不然空头会这么卖命，天天不停地发贴唱空。

大家等吧，朱晔比谁都急。这段时间肯定会不停地有利好出来的。"
"股友zCOJQJ 是谁的马甲 这个人吧龄：5个月 (2017-12-16),看他","https://guba.eastmoney.com/news,002354,760533871.html",2018-05-15 17:19:01,"股友zCOJQJ 是谁的马甲
这个人吧龄：5个月 (2017-12-16),看他主贴58份,评论335份.
以下几个异常情况
1、 拼命唱多天神。
2、 只在天神唱多。其他论坛没任何发帖、评论
3、 评论大多重复发言，只为顶贴。
4、 如有唱空的，则以言语侮辱。"
一辆破车造成的悲剧！但散户血就这样白流了？后面这样的公司还有吗?360会是吗？,"https://guba.eastmoney.com/news,002354,760555243.html",2018-05-15 19:57:23,一辆破车造成的悲剧！但散户血就这样白流了？后面这样的公司还有吗?360会是吗？
建议天神停牌一年以上，让那些高买低卖的砸盘狗去死吧,"https://guba.eastmoney.com/news,002354,760553839.html",2018-05-15 19:47:12,建议天神停牌一年以上，让那些高买低卖的砸盘狗去死吧
与盛大游戏合作，产生的利润不低于公司利润的50%。很大的利好，厚增公司业绩。关键,"https://guba.eastmoney.com/news,002354,760367595.html",2018-05-15 06:42:09,与盛大游戏合作，产生的利润不低于公司利润的50%。很大的利好，厚增公司业绩。关键时刻，老朱一定重磅出击。
今天游戏股开涨了，明天可以尝试复牌了,"https://guba.eastmoney.com/news,002354,760540133.html",2018-05-15 17:59:27,再不复牌等这波行情过去，到最后还是爆仓啊， 机会不等人啊
"开盘涨停，或者跌停，都有希望，就看董事长，的问题严重吗.不严重,什么问题都没有","https://guba.eastmoney.com/news,002354,760536072.html",2018-05-15 17:31:56,"开盘涨停，或者跌停，都有希望，就看董事长，的问题严重吗.不严重,什么问题都没有"
股吧蓝色那一排的，问董秘后面一个排序点按发贴时间,"https://guba.eastmoney.com/news,002354,760532192.html",2018-05-15 17:09:47,以前的老贴就全跑到后面去了，不用辛苦翻了
牛市到了，赶快开盘，2个涨停。,"https://guba.eastmoney.com/news,002354,760506031.html",2018-05-15 15:08:16,牛市到了，赶快开盘，2个涨停。
今天指数大反弹,"https://guba.eastmoney.com/news,002354,760493784.html",2018-05-15 14:38:23,今天指数大反弹
海南投资是重大利好。,"https://guba.eastmoney.com/news,002354,759998281.html",2018-05-11 18:05:55,海南投资是重大利好。
富士通将上市，独角兽有戏了，天神下凡将成真,"https://guba.eastmoney.com/news,002354,760061018.html",2018-05-12 11:46:46,办法修改，为独角兽铺路。饱受煎敖的天神娱乐挂股者终于看到了点希望。这将让开开、不倒翁闭嘴。
"吧里一直以来有唱多也有唱空的,但冷静分析个人觉得还是唱空的说的都是真话.","https://guba.eastmoney.com/news,002354,760106251.html",2018-05-13 10:46:40,"股价一路下跌,套了不少散户.套了心情一定不爽,特别是深套,只要有唱空,哪怕说的是实话,就要被人骂.心情能理解,但是一定要静下心来仔细分析.股票在你手中,买卖自愿.不知大家有何感想?"
一群唱空的人才，他们可能亏太多，心里不平衡吧，我还是中性点好，在看盘面走势和消息,"https://guba.eastmoney.com/news,002354,760319602.html",2018-05-14 19:51:09,一群唱空的人才，他们可能亏太多，心里不平衡吧，我还是中性点好，在看盘面走势和消息面吧。涨还是掉看天意吧哈哈
"今天看了一遍文章,千万别策划他人财务造假(证监会：已对32名上市公司实控人、董事长立案调查)","https://guba.eastmoney.com/news,002354,759998229.html",2018-05-11 18:05:30,"中新网12月1日电 据中国证监会办公厅新闻办官方微博消息，证监会今日召开新闻发布会，通报近年来查处上市公司实际控制人、董事长违法违规情况。
通报指出，2016年以来，证监会对32名实际控制人、董事长立案调查，涉及主板上市公司13家、中小板上市公司11家、创业板上市公司2家。相继对温德乙、郭丛军、鲜言、阙文斌、张恩荣等人作出行政处罚，对部分人员依法采取证券市场禁入措施，将涉嫌犯罪行为依法移送追究刑事责任。
从案件类型看，既有指使公司骗取发行核准或违规披露的案件，也有滥用信息优势操纵市场、内幕交易的案件，还有违背对公司的忠实义务，背信损害上市公司利益的案件。从涉案环节看，有的在发行环节报送虚假材料，有的在持续信息披露环节指使、操控公司虚假陈述，有的在股份减持、增发、股权转让等敏感时点从事信息操纵或内幕交易。从违法手法来看，有的组织、策划他人实施财务造假，有的找热点、编题材、讲故事，操控公司信息披露的内容、时点与节奏，配合二级市场操纵股价。有的通过资金占用、违规担保、非公允关联交易等手段损害上市公司利益。从涉及主体来看，有的与私募机构等内外勾结、联手操纵，有的伙同亲友、同事实施内幕交易，还有的指使下属炮制、传播虚假信息。从违法态势看，有的屡屡“压线”不收手，甚至控制多家上市公司实施多项违法违规，演变为“里应外合”式产业链，虚假陈述、信息操纵、内幕交易、违规减持交织复合，严重损害投资者利益，社会影响十分恶劣。"
推荐个识别庄托的方法，点开发帖人的头像，看他的历史帖子，凡是重复发言，复制粘贴的,"https://guba.eastmoney.com/news,002354,760403021.html",2018-05-15 10:02:09,推荐个识别庄托的方法，点开发帖人的头像，看他的历史帖子，凡是重复发言，复制粘贴的是托准没错，这个吧里的托很多，多到大家已经几乎看不到正常投资者的帖子了
不要猜调查结果，以ZJH调查为准,"https://guba.eastmoney.com/news,002354,760105186.html",2018-05-13 10:21:29,"央视都报道了，调查结果是否很严重，一切以ZJH未来调查结果为准，不要去猜
万一很严重，抵押92%，股价真的不好说了"
同志们： 1个涨停板在等待着你们。,"https://guba.eastmoney.com/news,002354,760448424.html",2018-05-15 11:54:25,同志们： 1个涨停板在等待着你们。
请问董秘董事长被证监会立案调查是否因为违规减持？,"https://guba.eastmoney.com/news,002354,761241289.html",2018-05-18 16:48:00,"请问董秘董事长被证监会立案调查是否因为违规减持？
天娱数科
天神娱乐：您好，该事件目前尚处于调查阶段，截至目前公司没有收到任何结论性的意见或决定，公司会持续做好相关后续进展的信息披露工作。感谢您的关注！
(来自深交所互动易)答复时间 2018-05-18 16:48:00"
注册这么多小号，在这里当小七，一个月能赚几个钱，还不如开个游戏工作室，脑子不好使,"https://guba.eastmoney.com/news,002354,760487408.html",2018-05-15 14:23:19,注册这么多小号，在这里当小七，一个月能赚几个钱，还不如开个游戏工作室，脑子不好使，不怪你们！
翻旧帖的机器人在停牌期间竟然达到了丧心病狂的程度,"https://guba.eastmoney.com/news,002354,760478822.html",2018-05-15 14:02:32,翻旧帖的机器人在停牌期间竟然达到了丧心病狂的程度
请问：公司董事长因为什么原因被证监会立案调查！是否能正常履行职务！,"https://guba.eastmoney.com/news,002354,761241339.html",2018-05-18 16:47:00,"请问：公司董事长因为什么原因被证监会立案调查！是否能正常履行职务！
天娱数科
天神娱乐：您好，该事件目前尚处于调查阶段，截至目前公司没有收到任何结论性的意见或决定，公司会持续做好相关后续进展的信息披露工作。感谢您的关注！
(来自深交所互动易)答复时间 2018-05-18 16:47:00"
DOTC未来会助力天神娱乐业绩大幅提升,"https://guba.eastmoney.com/news,002354,743536304.html",2018-01-27 13:54:52,"DOTC UNITED GROUP入榜2017全球独角兽企业名单
近日，美国数据分析公司PitchBook发布2017年全球最新企业估值名单，全球共57家初创企业估值超10亿美元，跻身“独角兽”行列。所谓“独角兽”企业，一般指估值超10亿美元的未上市企业，纵观往年全球独角兽企业数量，自2014年开始，全球“独角兽”企业数量呈现出爆发式增长态势，至2015年，这一数字达到峰值，出现81家独角兽企业。
2017全球“独角兽”企业，中国企业占比超三成
PitchBook数据显示，此次2017年新增的57家独角兽企业中，美国企业上榜数最多，达32家，占比56%；其次是中国，上榜18家，占比32%；其它国家英国、印度、印尼和阿联酋共7家，占比12%。
事实上，2013年时，全球估值超10亿美金的公司，还仍停留在美国一家独大的局面，中国无一企业上榜，至2017年，中国企业在全球“独角兽”榜单中数量占比已攀升至32%，且估值占比41.4%，几乎与美国49.1%平分秋色。

PitchBook 2017年“独角兽”榜单中，覆盖当下大热的诸多领域。让我们感到惊喜的是，遍布在出海全球化、汽车服务、教育等多个互联网新兴领域的中国企业正快速成长，为中国互联网企业全球化竞争注入新鲜血液。
企业名称 估值（10亿美元） 所在领域 国家地区
今日头条 20.0 内容 中国
链家 6.0 地产 中国
蔚来汽车 5.0 新能源汽车 中国
摩拜单车 3.0 共享单车 中国
Ofo 3.0 共享单车 中国
商汤科技 3.0 人工智能 中国
大搜车 1.5 汽车服务 中国
优客工厂 1.5 共享办公 中国
VIPKID 1.5 教育 中国
Seasun 1.4 游戏 中国
天下秀1.4 社交化营销 中国
DotC United Group 1.1 出海全球化 中国
阿里体育 1.0 文娱 中国

出海全球化——DotC United Group
作为此次榜单中唯一一家定位出海全球化领域的公司，DotC United Group旗下产品包括移动广告平台Avazu，移动应用矩阵DotC和数据BI平台Noogenesis，是一家通过创建和构造互联网平台来应对全球化挑战和简化出海过程的技术型公司，致力为合作伙伴提供营销、关联应用、数据挖掘、舆情监控等服务，提供一站式的用户获取到变现的解决方案。截至2017年3月31日，DotC United Group主要运营APP安装用户累计超4.5亿，并处于持续增长中。如果说大手笔融资是提升企业估值的一个重要策略，那么DotC United Group可算是特立独行的那一个。截至目前，DotC United Group仅寻求过两轮总计25亿元的融资。
此外，DotC United Group所涉足的数字营销领域领先企业iClick 2017年12月末在美国成功上市，DotC United Group旗下广告平台Avazu作为中国程序化广告领域的拓路者，亲历并见证了中国数字营销领域崛起的全过程。而iClick在美国成功IPO ，DotC United Group入选全球独角兽行列，都意味着，以iClick和DotC United Group旗下Avazu为代表的商业模式和战略已受到全球领域的肯定和赞赏，并且不断发挥着自身优势为行业领域带来颠覆和变革。
Noogenesis作为DotC United Group旗下专注出海的数据智能平台，与广告平台Avazu及App开发平台DotC Apps Matrix共同协作，形成了一站式出海产业链。DotC全球用户量已达到4+亿， Avazu广告平台作为全球领先的媒介购买平台，目前流量已遍及全球130多个热点国家和地区，覆盖超过85%的网民,全球积累4+亿用户，广告平台每天处理200亿次以上展示曝光，通过自有的预测引擎来计算每秒100万次以上展示曝光(QPS) 的价值。凭借强大的媒介购买力、全球影响力和技术专业性等多方优势，DotC United Group还与Avazu共同斩获“灵眸奖?2017十大年度全球化领袖企业”和“灵眸奖?2017十大影响力出海服务平台”两大殊荣。"
恺英网络这轮跌幅已经达54%，再创新低，天神才跌30%，游戏股市无底洞，注意风险,"https://guba.eastmoney.com/news,002354,760309857.html",2018-05-14 18:22:57,恺英网络这轮跌幅已经达54%，再创新低，天神才跌30%，游戏股市无底洞，注意风险吧
天神是独角兽公司，上涨空间巨大。,"https://guba.eastmoney.com/news,002354,760449206.html",2018-05-15 11:58:54,天神是独角兽公司，上涨空间巨大。
幅度萨芬大师傅,"https://guba.eastmoney.com/news,002354,760448890.html",2018-05-15 11:56:59,暮云春树暮云春树工
耐心持股，必有厚报。,"https://guba.eastmoney.com/news,002354,760448097.html",2018-05-15 11:52:30,耐心持股，必有厚报。
董秘你好，各个股吧、新闻媒体、自媒体等常年有人不正常唱空贵公司，通过不间断负面报,"https://guba.eastmoney.com/news,002354,761241334.html",2018-05-18 16:47:00,"董秘你好，各个股吧、新闻媒体、自媒体等常年有人不正常唱空贵公司，通过不间断负面报道，无中生有，放大事实等多种手段抹黑公司，贵公司股价长期低迷与此不无关系，是否应该及时与各个媒介沟通，必要时采用法律手段来维护公司形象？以彰显贵公司重视公司利益与投资者权益的决心？
天娱数科
天神娱乐：您好，公司重视保护投资者的利益，也非常重视与投资者之间的沟通，感谢您的建议。
(来自深交所互动易)答复时间 2018-05-18 16:47:00"
”天神“利好不断。要赚大钱了。,"https://guba.eastmoney.com/news,002354,760447876.html",2018-05-15 11:51:20,”天神“利好不断。要赚大钱了。
”天神“这两个字就值100亿元。,"https://guba.eastmoney.com/news,002354,760447601.html",2018-05-15 11:49:42,”天神“这两个字就值100亿元。
天神不但是互联网股，而且是软件股。利害啊。,"https://guba.eastmoney.com/news,002354,760447213.html",2018-05-15 11:47:46,天神不但是互联网股，而且是软件股。利害啊。
朱总违规减持，必须回购回来。,"https://guba.eastmoney.com/news,002354,760425444.html",2018-05-15 10:50:48,朱总违规减持，必须回购回来。
离开盘还有几天，也许更久，专门讨论下dotc这个公司，这公司做啥的，就是一家广告,"https://guba.eastmoney.com/news,002354,760402861.html",2018-05-15 10:01:53,离开盘还有几天，也许更久，专门讨论下dotc这个公司，这公司做啥的，就是一家广告公司，在那发广告，就在社交网站上发，还有他自己的wife，输入法等，有啥本事就是精准，好比一个用户利用网络搜索了什么产生，它知道发对应产品广告。这公司不值钱，那电视台可以关门了。
哈哈哈哈，捡了个大便宜啊，原来天神花了120亿并购,"https://guba.eastmoney.com/news,002354,760433879.html",2018-05-15 11:08:12,目前的总市值也就120亿啊，啊哈哈哈
讨论一下天神开盘前不倒翁会亏多少钱，这样我们心也就平衡了。,"https://guba.eastmoney.com/news,002354,760377014.html",2018-05-15 08:23:03,他发文至少持有1500万，大家信吗？
持股5％以上股东减持时与一致行动人的持股合并计算,"https://guba.eastmoney.com/news,002354,759887026.html",2018-05-11 10:51:37,根据这份最新修订的《上市公司股东、董监高减持股份的若干规定》，对上市公司相关人员的减持规范，主要集中在以下方面：完善大宗交易“过桥减持”监管安排；完善非公开发行股份解禁后的减持规范；完善适用范围；完善减持信息披露制度；完善协议转让规则；规定持股5％以上股东减持时与一致行动人的持股合并计算等。
鱼跃医疗董事长被调查股价砸出黄金坑，天神娱乐董事长被调查股价会怎么走？,"https://guba.eastmoney.com/news,002354,759914060.html",2018-05-11 12:33:35,"在财富号上发了篇文章跟大家分享讨论一下。不能直接推送到吧了，只能附上链接。

鱼跃医疗董事长被调查股价砸出黄金坑，天神娱乐董事长被调查股价会怎么走？_财富号_东方财富网 http%3A%2F%2Fcaifuhao.eastmoney.com%2Fnews%2F20180511120034034031830%230-iguba-1-40569-8744205f5d3187db986b2ce0111fc63b"
每日总结,"https://guba.eastmoney.com/news,002354,760298354.html",2018-05-14 16:59:37,"周五每日一股倍加洁603059 提示 44元低吸 今日小有利润。

今日推荐买进300624安兴科技 144元附近，

明日大盘观点：
大盘60日线强阻力下压，走横盘整理趋势概率下，下支撑3150，要是回踩，可以加仓，上看60日线，突破加仓干。在这两者之间，持股不动。

个股 ：周五每日一股倍加洁603059 提示 44元低吸 今日小有利润。


今日推荐买进300624万兴科技144元附近.

每天1:30准时推荐一支常胜股。 买进的粉丝关注我。盘中精确提示。"
关于朱晔董事长被调查原因,"https://guba.eastmoney.com/news,002354,759793638.html",2018-05-10 21:37:59,"2018年5月9日收到公司董事长兼总经理朱晔先生通知，其于2018年5月9日收到中国证券监督管

理委员会因其涉嫌违反证券法律法规，中国证监会决定根据《中华人民共和国证券法》的有关规定，对其进行立案调查。

本次立案调查事项系针对朱晔先生个人的调查，公司生产经营活动不受影响，经营情况正常。

----------------------------------------------------------------------------------
个人涉嫌违反证券法律法规———
立案调查事项系针对朱晔先生个人
------------------------------
没有调查公司，不是公司违法
和公司生产经营没有关系，
应该是私自买卖天神公司股票，但是没有发公告"
建议出售游戏公司，收购吾立方等细分龙头,"https://guba.eastmoney.com/news,002354,760405669.html",2018-05-15 10:07:46,建议出售游戏公司，收购吾立方等细分龙头
永远不要小看主力打压的决心，韭菜不割肉，打压不会停止。,"https://guba.eastmoney.com/news,002354,760400989.html",2018-05-15 09:58:04,永远不要小看主力打压的决心，韭菜不割肉，打压不会停止。
兰花科创，小盘业绩稳定股，9倍市赢率，分红超一年利率,"https://guba.eastmoney.com/news,002354,760257259.html",2018-05-14 14:20:10,煤化工和煤炭两条脚走路，尿素价格创年内新高，煤价高高在上，股价现处在三年低点，未分红现金有5.35元还在不断增长，股价才7块多，净资产有8块多，已破净15%，现在买到就是赚到！！！小散们还在等什么？？？？
5日线失守,"https://guba.eastmoney.com/news,002354,759507781.html",2018-05-09 15:09:30,"仅仅昨天上5日线，若连续3天能站稳5日线，则转势。
否则，继续跌。"
老总无事，公司更无事，涨涨涨。,"https://guba.eastmoney.com/news,002354,760380049.html",2018-05-15 08:48:16,老总无事，公司更无事，涨涨涨。
做空天神的大佬以惨败收场,"https://guba.eastmoney.com/news,002354,760379376.html",2018-05-15 08:42:01,空头最后两天把筹码都砸了，还以为朱总出事可以捡到更便宜筹码继续做空天神。可惜事与愿违这就是做空天神的下场，空狗们也只能耍耍嘴皮子啦。
胜利就在目前，大涨在即。,"https://guba.eastmoney.com/news,002354,760379712.html",2018-05-15 08:45:10,胜利就在目前，大涨在即。
战友们，俺们要发大财了。,"https://guba.eastmoney.com/news,002354,760379489.html",2018-05-15 08:43:05,战友们，俺们要发大财了。
天神娱乐2017年大赚10亿，总市值才不到125亿，，连乐视都比不上。。。。。。,"https://guba.eastmoney.com/news,002354,760377992.html",2018-05-15 08:33:09,天神娱乐2017年大赚10亿，总市值才不到125亿，，连乐视都比不上。。。。。。
很遗憾没人讨论分析天神娱乐业绩真实性问题，董事长哪怕坐牢了只要企业好股价也会撑住,"https://guba.eastmoney.com/news,002354,760377720.html",2018-05-15 08:29:47,很遗憾没人讨论分析天神娱乐业绩真实性问题，董事长哪怕坐牢了只要企业好股价也会撑住的，就怕业绩造假，这几个子公司真的业绩没水份吗？
董事离职，撤换审计，再到大股东不计成本减持，想想就有问题，暴风雨将至，劝盆友们好,"https://guba.eastmoney.com/news,002354,760334719.html",2018-05-14 21:43:46,董事离职，撤换审计，再到大股东不计成本减持，想想就有问题，暴风雨将至，劝盆友们好自为之吧！
比跌，为啥不比市值,"https://guba.eastmoney.com/news,002354,760377770.html",2018-05-15 08:30:27,比跌，为啥不比市值
几个阶段！现在是讲故事阶段，，，，。比如乐视。,"https://guba.eastmoney.com/news,002354,760376601.html",2018-05-15 08:18:39,几个阶段！现在是讲故事阶段，，，，。比如乐视。
花大价钱与股神吃饭没有什么大不了的,"https://guba.eastmoney.com/news,002354,760376982.html",2018-05-15 08:22:41,一是人家也不是故意要去多花钱，这顿饭是竟标来的；二是这笔钱没有白出，为公司和自己打了一个非常好的广告；三是经营都头脑灵活，能够想出出奇制胜的妙招。总之，这是经营企业的一种方法，没有什么大不了的。
还有如此美梦人！哀叹。,"https://guba.eastmoney.com/news,002354,760376461.html",2018-05-15 08:17:08,还有如此美梦人！哀叹。
天神开盘后，该怎么操作,"https://guba.eastmoney.com/news,002354,760114193.html",2018-05-13 14:32:42,天神持续下跌，突然出董事长被调查公告，又突然公告海南。。。。。事项未公布而停牌。股吧里一致唱空，把天神看成保千里，看到这些情况，想必每一位持股的小散都和我一样，心中充满了恐慌，愤恨的情绪。那么接下来股票会向何处发展，是上涨还是下跌，该怎么办？路过的持股的股友请可以热议，没股的空狗请滚开。
傻缺跌时看跌涨时看涨跌到10看8跌到8看5，所谓的分析就是瞎几把喊！总有一天让你,"https://guba.eastmoney.com/news,002354,760373602.html",2018-05-15 07:53:02,傻缺跌时看跌涨时看涨跌到10看8跌到8看5，所谓的分析就是瞎几把喊！总有一天让你们瞎眼！看估值看利润持股就好
重大利好，战友们，要发财了。,"https://guba.eastmoney.com/news,002354,760367390.html",2018-05-15 06:38:30,重大利好，战友们，要发财了。
前几年跟盛大合作还是利好的。,"https://guba.eastmoney.com/news,002354,760364914.html",2018-05-15 05:47:37,前几年跟盛大合作还是利好的。
天神最好停一年，再卖点资产增加现金。搞死这群借高利贷的主,"https://guba.eastmoney.com/news,002354,760347625.html",2018-05-14 23:39:35,天神最好停一年，再卖点资产增加现金。搞死这群借高利贷的主
有人说乐视150亿亏了，乐视好的家当都让鬼拿走了，你们也打算这样搞。那就是吃人不,"https://guba.eastmoney.com/news,002354,760347400.html",2018-05-14 23:37:09,有人说乐视150亿亏了，乐视好的家当都让鬼拿走了，你们也打算这样搞。那就是吃人不吐骨头的主，还5毛。
如果公司业绩好，股价下跌是好事，可以更便宜买到，问题是业绩是否造假，前面收购四家,"https://guba.eastmoney.com/news,002354,760343496.html",2018-05-14 22:58:55,如果公司业绩好，股价下跌是好事，可以更便宜买到，问题是业绩是否造假，前面收购四家的审计报告是无保留意见的，感觉还靠谱，问题关键还是业绩有没有造假，各位研究深入的能否客观分析下？天神下面这么多公司合并业绩难道造假的很多？
百亿元级项目集体开工，天神娱乐等助力海南自由贸易区（港）建设,"https://guba.eastmoney.com/news,002354,760089843.html",2018-05-12 22:51:42,"海南生态软件园100亿级项目奠基仪式。新华网王雯君 摄

5月9日上午，腾讯生态村、中国游戏数码港、中国智力运动产业基地3个100亿元级项目以及配套学校ischool(微城未来学校)在海南生态软件园二期举行集体开工奠基仪式，11家骨干企业集体签约进驻园区。

2018年园区总体开工面积将达100万平方米，投资50亿元。这是中央宣布海南建设自贸区（港）后，首批开工的100亿元级产业项目，将为2020年海南互联网产业1000亿元目标实现提供有力支撑。

据了解，“海南腾讯生态村”是腾讯与海南生态软件园战略合作，共同打造的互联网创新创业生态村，也是目前全国唯一的线上、线下相结合的生态村项目，将推动互联网、物联网、大数据、人工智能和实体经济深度结合，培育行业标杆企业和龙头企业，打造中高端人才聚集地和互联网经济示范区。目前园区已聚集腾讯直投公司12家，生态系企业100多家。

中国游戏数码港是目前唯一一个国家级的游戏产业平台，该项目打造中国乃至全球游戏企业公共服务平台，推动文化和旅游融合发展，发展动漫游戏、网络文化、数字内容等新兴文化消费，促进传统文化消费升级；同时，举办永不落幕的中国国际游戏交易大会、搭建游戏进出口结算中心。目前已聚集500余家游戏企业，致力于为海南自贸区（港）发展现代服务业探索创新模式。

中国智力运动产业基地是中国第一个也是目前唯一一个国家级智力运动产业基地。基地将开展智力产业研究，举办大型智力运动赛事和大型趣味棋牌赛事，成立中国智力运动产业发展基金，通过“互联网+”方式培育发展完善的产业链，打造国际性智力运动产业生态圈，目前基地已注册企业50余家。

“此时三个项目开工建设，对我们落实加快发展互联网产业有着重要的意义，不仅推动了海南高科技产业的发展，同时，对未来招商也起到一个很好的带动作用。”海南省工业和信息化厅副厅长陈万馨在接受采访时表示，项目建成后也将会对海南自贸区（港）的建设起到很好的推动作用。

为吸引并留住人才，海南生态软件园除了加快“微城市”的打造和建设，还与北京十一学校进行战略合作，投资18亿元打造国际一流的K12国际化学校——ischool(微城未来学校)。利用产业园区优势，通过互联网技术、大数据、人工智能等全球前沿科技赋能教育，构建一所开放、互联，硬件没有围墙，资源没有围墙，思维没有围墙的国际化未来学校，在中国逐渐走向世界舞台中央的大背景下，培养“中国心”的“世界人”。

同日，空中网、企鹅医生、天神娱乐、四季协同创新研究院有限公司、51社保、量化派、深圳创梦天地、中税网通、广州趣丸网络、北京梅泰诺通信技术、河南信息化发展有限公司共11家知名互联网企业签约入园，进一步加速了海南互联网产业集聚。

海南生态软件园自2009年落地以来，先后吸引腾讯、华为、360等龙头企业入驻，入园企业达2633家。2017年实现固投43.3亿元，实现税收14.31亿元。"
开盘大胆买入，增发价23-24.  又有海南游戏娱乐概念。,"https://guba.eastmoney.com/news,002354,760062922.html",2018-05-12 12:23:59,就算还有新低也不会太远。开盘大胆买入，增发价23-24. 又有海南游戏娱乐概念。股价走势量价都调整到位了。还有高利润支撑。
天神娱乐:鹏元关于关注公司2017年度三分之一以上董事及累计三分之二以上监事发生变动事项的公告,"https://guba.eastmoney.com/news,002354,744335876.html",2018-01-31 17:21:57,"公告日期：2018-02-01
大连天神娱乐股份有限公司（股票代码：002354，以下

简称“天神娱乐”或“公司”）于2017年1月发行10亿元

大连天神娱乐股份有限公司2017年面向合格投资者公开发

行公司债券（第一期）（以下简称“17天神01”）。鹏元资

信评估有限公司（以下简称“鹏元”）于2017年5月25日

对“17天神01”进行了定期跟踪信用评级，评级结果为：

公司主体长期信用等级为AA，评级展望为稳定，“17天神

01”信用等级为AA。

……


[点击查看PDF原文]
提示：本网不保证其真实性和客观性，一切有关该股的有效信息，以交易所的公告为准，敬请投资者注意风险。"
天神娱乐:2017年年度审计报告,"https://guba.eastmoney.com/news,002354,753927828.html",2018-04-09 21:31:24,"公告日期：2018-04-10
中审众环会计师事务所（特殊普通合伙）



MazarsCertifiedPublicAccountants(SGP)



大连天神娱乐股份有限公司



审 计 报 告



2017年12月31日



目 录



一、审计报告



二、已审财务报表



1、合并资产负债表······································································· 1



2、合并利润表············································································· 3



3、合并现金流量表······································································ 4



4、合并所有者权益变动表···························································· 5



5、资产负债表············································································· 7



6、利润表··················································································· 9



7、现金流量表············································································ 10



8、所有者权益变动表····················································· 11



9、财务报表附注········································································ 13



中审众环会计师事务所（特殊普通合伙）地址：北京朝阳区工体北路甲2号盈科中心A栋25层



MazarsCertifiedPublicAccountants(SGP)邮编：100027电话：010-68179990传真：010-88217272



审计报告



众环审字(2018)022374号



大连天神娱乐股份有限公司全体股东：



一、 审计意见



我们审计了大连天神娱乐股份有限公司（以下简称“天神娱乐公司”）财务报表，包括



2017年12月31日的合并及公司资产负债表，2017年度的合并及公司利润表、合并及公司现



金流量表、合并及公司股东权益变动表以及财务报表附注。



我们认为，后附的财务报表在所有重大方面按照企业会计准则的规定编制，公允反映了



天神娱乐公司2017年12月31日的合并及公司财务状况以及2017年度的合并及公司经营成



果和现金流量。



二、 形成审计意见的基础



我们按照中国注册会计师审计准则的规定执行了审计工作。审计报告的“注册会计师对



财务报表审计的责任”部分进一步阐述了我们在这些准则下的责任。按照中国注册会计师职



业道德守则，我们独立于天神娱乐公司，并履行了职业道德方面的其他责任。我们相信，我



们获取的审计证据是充分、适当的，为发表审计意见提供了基础。



三、 关键审计事项



关键审计事项是我们根据职业判断，认为对本期财务报表审计最为重要的事项。这些事



项的应对以对财务报表整体进行审计并形成审计意见为背景，我们不对这些事项单独发表意



见。我们在审计中识别出的关键审计事项如下：



1. 收入确认



关键审计事项 审计中的应对



根据附注五、22收入政策及十六、3分部 我们实施的审计程序包括：



报告所述，天神娱乐公司的营业收入主要 （1）我们评估和测试了天神娱乐公司与收入



来源于游戏经营收入。报告期天神娱乐公 的确认、计量、记录及披露相……
[点击查看PDF原文]
提示：本网不保证其真实性和客观性，一切有关该股的有效信息，以交易所的公告为准，敬请投资者注意风险。
展开阅读全文"
每股净资产10元，公积金6元未分配2元，合起来18元，媲美银行股,"https://guba.eastmoney.com/news,002354,760255551.html",2018-05-14 14:15:16,
到大股东不计成本减持，,"https://guba.eastmoney.com/news,002354,760340885.html",2018-05-14 22:35:19,到大股东不计成本减持，
海南生态软件园开工进行时 AT巨头布局浮现,"https://guba.eastmoney.com/news,002354,760309356.html",2018-05-14 18:18:19,"海南生态软件园开工进行时 AT巨头布局浮现
东方财富网c17:11分享
海南已经从旅游产业开始布局互联网产业。 在中央政策密集颁布后，5月9日，记者见证海南生态软件园建设下的腾讯生态村、中国游戏数码港、中国智力运动产业基地3个100亿级项目以及配套学校ischool(微城未来学校)集体开工，这是中央宣布海南建设自贸区后，首批开工的百亿级产业项目。 腾讯生态村落地 海南生态产业园位于海口下的澄迈县，据海南生态产业园介绍，此次动工分四个部分，腾讯生态村、中国游戏数码港、中国智力运动产业基地以及配套的微城未来学校。 “海南腾讯生态村”由腾讯开放平台与海南生态软件园战略合作，目前园区已聚集腾讯直投公司12家，生态系企业100多家。 中国游戏数码港由国家新闻出版广电总局、海南省政府共同支持建设，是目前唯一一个国家级的游戏产业平台。目前已聚集500余家游戏企业。 中国智力运动产业基地由国家体育总局和海南省人民政府支持建设的中国第一个也是唯一一个国家级智力运动产业基地。目前基地已注册企业50余家，将为游客到海南旅游提供另一种娱乐消费选择。 为了吸引人才，海南生态软件园和北京十一学校战略合作，投资18亿建设K12国际学校ischool(微城未来学校)，ischool(微城未来学校) 由美国排名第一的帕金斯威尔设计公司和国内著名的建筑设计团队联合设计，将新型教育理念融入传统书院空间，将学习、生活、礼教、园林相结合。办学涵盖小/初/高12年级，能容纳2400名学生，预计2019年正式开学，首批招生500人。 除此之外，还投资1.3亿建成24小时国际幼儿园，为不能接送孩子的上班族提供育儿场所。 截至2018年4月，海南生态软件园一期招商已完成。 作为海南发展互联网产业和现代服务业的重要平台，海南生态软件园2017年实现税收14.31亿元。截止2018年3月，包括腾讯等2632家企业落户。今年1-3月，园区税收4.33亿元，同比增长了128.96%。按此进度，加上一批骨干企业集中落户，今年突破20亿元，“十三五”期间将累计贡献税收100亿元。 开工当天包括空中网、企鹅医生、天神娱乐(002354)、四季协同创新研究院有限公司、51社保、量化派、深圳创梦天地、中税网通、广州趣丸网络、北京梅泰诺(300038)通信技术、河南信息化发展有限公司共12家知名互联网企业签约入园，进一步加速了海南互联网产业集聚。据悉，当天签约的11家骨干企业年内预计带入人才超过2000人。 阿里、京东进入 除了腾讯，阿里和京东也进入海南。 4月27日，海南省政府与阿里巴巴集团、蚂蚁金服集团签订战略合作框架协议，双方将围绕经济发展、社会治理、民生服务三大领域深化合作，在数字经济、智慧服务业、信息智能岛、农村电子商务等方面重点合作。据悉，在签订的协议中，农业及旅游业为重点。协议提到双方将发挥阿里巴巴农村淘宝的综合优势，在海南12个县全方位推进人才、物流等基础设施建设，打通县域最后一公里，打造新型直供直销新链路，推动优质农产品上行。旅游方面，阿里巴巴旗下飞猪将牵头整合相关资源，配合海南省旅游委，共同打造海南全域旅游智慧平台。 三月底，京东集团海南区域总部正式落户澄迈。此次京东项目用地600亩，总投资20亿元，建设内容包括大型营业中心、智能分拣中心、无人智能仓储中心及订单生产中心等。项目建成后，将成为京东海南区域电子商务中心、物流枢纽中心和运营结算中心，设计年运营能力可达120亿元销售额，商品日处理订单将达25万单，能满足京东在海南地区未来3年—5年的发展需要。同时系统的运作效率在建成后将保持国内领先水平，运作水平在10年内不落后于国内其他企业。京东集团表示，在取得土地18个月后，将完成京东项目的建设。 据了解，近三年来海南互联网产业每年增速都保持在25%以上，成为全省12个重点产业中发展最快的产业。 为什么选择互联网？ 开工前一天，记者采访了海南生态软件园总经理杨淳至，他称海南发展互联网产业是海南生态环境的要求，也是现实选择。 他解释道，海南最大的优势就是生态环境的优势，所以中央要求海南在如何保护好生态环境的前提下来实现可持续发展，显然，要发展不能搞有污染的，那互联网产业是一个没有任何污染的产业。其次海南是个岛屿，如果搞传统的加工制造业，岛内900多万人口，原材料在外，市场在外，成本较高，所以做传统产业对海南来说也没有优势。 在互联网产业下，杨淳至介绍主要有两个方向，第一个就是互联网和传统海南特色的融合发展，比如说互联网+旅游，比如说互联网+特色农业。第二个方向就是围绕海南要打造国际旅游消费中心，除了旅游，还要好玩。 他称，做好定位后，政策很支持。 中国农业发展银行海南省分行、中国工商银行海南省分行为园区提供300亿融资支持，在新一代信息技术产业和数字经济的基础设施建设、“互联网+农业”、教育及医疗配套等给予大力支持。 据了解，早在2015年软件园二期建设初始，基于对园区产业前景，创新发展理念等方面高度认同，中国农业发展银行仅用两个星期时间从调研到审批，高效为园区提供56亿元融资支持，为园区如今抢抓先机，实现产业规模集聚奠定了良好的基础。 “我们是2016年来到海南的。当时，我们主要为了把一部分业务分拆到海南，也带有试水的性质，因此我们是租的房。但来了以后，这里的人真的是打动了我们。我们要办一张人力资源服务许可，当时整个澄迈都没有办过这个证，所有的人都没有经验，整个澄迈县只有一张可以用来打印这个证的专用纸张，错了就没法再改，软件园的同事陪着我们一点点校对，生怕出错，最后是当地政府和软件园的人，配合我们一步步沟通才拿下来。当时我们就觉得，这里的服务太好了，对人太负责了。”51社保的联合创始人胡万军称。 海南生态软件园在规划的时候，就把工作和生活配套做到一起，杨淳至称这是个“15分钟生活圈”，从工作到住所走路十五分钟。 据介绍，海南生态软件园是海南省域“多规合一”改革试点园区，实施以“规划代立项，以承诺代审批”，只要符合规划，一纸承诺便可开工。目前起步区7.1平方公里已完成一次性征地，一次性规划，一次性基础设施建设，一次性景观绿化。预计到2020年将建成500万平米产业新城，引进企业3000家，实现收入500亿，累计实现税收100亿元，吸纳中高端人才3万人。
下载云财经APP体验人工智能炒股＞＞＞＞
分享文章到：
打开APP查看精彩评论
展开阅读全文"
关于大连天神娱乐股份有限公司股票临时停牌的公告,"https://guba.eastmoney.com/news,002354,759842573.html",2018-05-11 09:15:22,"公告日期：2018-05-11
关于大连天神娱乐股份有限公司股票临时停牌的公告
日期： 2018-5-11
公共传媒出现关于大连天神娱乐股份有限公司的信息，可能对公司股票交易价格产生较大影响，根据本所《股票上市规则》和《中小企业板上市公司规范运作指引》的有关规定，经公司申请，公司股票（证券简称：天神娱乐，证券代码：002354）于2018年5月11日开市起临时停牌，待公司通过指定媒体披露澄清公告后复牌，请投资者密切关注。


深圳证券交易所
2018年5月11日

[点击查看PDF原文]
提示：本网不保证其真实性和客观性，一切有关该股的有效信息，以交易所的公告为准，敬请投资者注意风险。"
老朱～你妹～你到底什么时候开盘,"https://guba.eastmoney.com/news,002354,760330689.html",2018-05-14 21:13:56,老朱～你妹～你到底什么时候开盘
向下我只买不卖。跌停试试，我抄。不倒翁抄底试试亏大了。现在手里还攥着不少了吧，这,"https://guba.eastmoney.com/news,002354,760332648.html",2018-05-14 21:28:54,向下我只买不卖。跌停试试，我抄。不倒翁抄底试试亏大了。现在手里还攥着不少了吧，这三天也够对的起你的。
严查市值暴跌300亿这文章,"https://guba.eastmoney.com/news,002354,760097969.html",2018-05-13 06:20:21,顶风作案
最好停半年,"https://guba.eastmoney.com/news,002354,760235419.html",2018-05-14 13:19:48,最好停半年
朱总的牛B大了，这么轻易被爆仓?前一段时间压着好消息不发，也是在等机会。,"https://guba.eastmoney.com/news,002354,760338040.html",2018-05-14 22:10:28,朱总的牛B大了，这么轻易被爆仓?前一段时间压着好消息不发，也是在等机会。
其实真正做空天神的是陶子和东瓜,"https://guba.eastmoney.com/news,002354,760082206.html",2018-05-12 19:09:23,善良的00b，伟大的康康，深圳火箭弹，什么BkV等，开开不倒翁只是投资失败被人利用而已。这些空狗一年四季轮着上班唱空天神，只要把这批人抓起来就能找到幕后黑手。
每股净资产10元，公积金6元未分配利润2元，加在一起18了，和银行股差不多了，还能跌倒哪？,"https://guba.eastmoney.com/news,002354,760242341.html",2018-05-14 13:40:37,[微[微笑]笑]
"现在还不出复牌公告,是想明天继续停吗?","https://guba.eastmoney.com/news,002354,760305491.html",2018-05-14 17:47:55,想停多久就停多久?
天神的两款新游戏，画面精美，剧情丰富。删档内测时，都忍不住想要充钱消费！,"https://guba.eastmoney.com/news,002354,758185483.html",2018-05-02 08:36:32,天神的两款新游戏，画面精美，剧情丰富。删档内测时，都忍不住想要充钱消费！
老朱，停它一年的盘，让那些想夺你公司的人，干瞪眼，估计他们为了把你打爆仓，没少放,"https://guba.eastmoney.com/news,002354,760333982.html",2018-05-14 21:38:10,老朱，停它一年的盘，让那些想夺你公司的人，干瞪眼，估计他们为了把你打爆仓，没少放血吧，
最早也得到下周五才能开盘，空方多方都洗洗睡吧，天神股东也好，枪手也好，都歇会吧,"https://guba.eastmoney.com/news,002354,760333830.html",2018-05-14 21:37:10,最早也得到下周五才能开盘，空方多方都洗洗睡吧，天神股东也好，枪手也好，都歇会吧
不说话，在一边看你们表演。,"https://guba.eastmoney.com/news,002354,760313138.html",2018-05-14 18:53:50,不说话，在一边看你们表演。
为什么不让发贴？如果连续跌停控股方必然变更，花十亿就能买下公司，还是一年赚十亿的,"https://guba.eastmoney.com/news,002354,760325004.html",2018-05-14 20:31:17,为什么不让发贴？如果连续跌停控股方必然变更，花十亿就能买下公司，还是一年赚十亿的公司，如果有钱干嘛不这样干？
"抄他妈的,都想坑坑散户","https://guba.eastmoney.com/news,002354,760322286.html",2018-05-14 20:10:52,"散户是一群弱势群体,坑散户成本低,"
和巴非特进餐也是做慈善，这也要喷一下？看来有人别有用心，其目的无非是让老朱爆仓，,"https://guba.eastmoney.com/news,002354,760138259.html",2018-05-13 23:24:13,和巴非特进餐也是做慈善，这也要喷一下？看来有人别有用心，其目的无非是让老朱爆仓，小散割肉，好让外资抄底罢了。
看样子买不进去了，可关注力帆股份，后期有钱赚,"https://guba.eastmoney.com/news,002354,760174773.html",2018-05-14 09:45:38,"天神开盘不涨停的话，
我不建仓不是人，"
是对个人的调查，又不是公司的调查，正好说明公司没问题。这种个人调查影响微乎其微。,"https://guba.eastmoney.com/news,002354,760153404.html",2018-05-14 06:54:12,是对个人的调查，又不是公司的调查，正好说明公司没问题。这种个人调查影响微乎其微。还要很多开盘大涨的。
不管未来怎样，明天见底点就买,"https://guba.eastmoney.com/news,002354,760282202.html",2018-05-14 15:33:16,从摊薄成本也得买
老朱～你到底要借多少钱,"https://guba.eastmoney.com/news,002354,760330520.html",2018-05-14 21:12:39,老朱～你到底要借多少钱
八点半了，还不敢出公告，危险了！！！！！！！！！！！！！！！！！！！！！！！！！,"https://guba.eastmoney.com/news,002354,760324378.html",2018-05-14 20:26:37,八点半了，还不敢出公告，危险了！！！！！！！！！！！！！！！！！！！！！！！！！！！！！！！！！！！！！！！！！！！！！！！！！！！！！！！！！！！
以后若干年里像这类停牌公告会发的你很眼熟！一直到大人小孩会背诵。,"https://guba.eastmoney.com/news,002354,760330572.html",2018-05-14 21:13:03,以后若干年里像这类停牌公告会发的你很眼熟！一直到大人小孩会背诵。
今晚必出继续停牌公告！,"https://guba.eastmoney.com/news,002354,760246510.html",2018-05-14 13:51:26,今晚必出继续停牌公告！
一个跌停要朱弟爆仓，所以才有一戏说什么投资海南影响股价需弄明白，关健是复盘如何才,"https://guba.eastmoney.com/news,002354,760321774.html",2018-05-14 20:07:06,一个跌停要朱弟爆仓，所以才有一戏说什么投资海南影响股价需弄明白，关健是复盘如何才保不跌？
明日复牌！有多少人准备开盘卖出的？,"https://guba.eastmoney.com/news,002354,760311132.html",2018-05-14 18:35:11,明日复牌！有多少人准备开盘卖出的？
一年左右出调查结果。 　　第一是因为法律上没有明确规定，证监会立案调查之后多久需,"https://guba.eastmoney.com/news,002354,760317696.html",2018-05-14 19:35:17,一年左右出调查结果。 　　第一是因为法律上没有明确规定，证监会立案调查之后多久需要出结果，第二也和涉及的违法违规事项有关，如果事情特别复杂的话，可能调查起来时间要长一些。泸天化是最快的，两个月多一点出结果，最慢的是宝硕股份，从立案调查到出结果的时间长达8年。最近几年，绝大部分案件是一年左右出调查结果。 所遇到的上市公司被立案调查的案件里，绝大部分最后都会有一个行政处罚，只有极个别被认定为不构成违规一般来看，信息披露违规不算是什么大问题，即使查实，其处罚一般也就是责令公司改正违法行为，给予警告，并处以罚款，再严重一点就是公开谴责而已 证券法一百九十三条规定上市公司或者其他信息披露义务人未按照规定披露信息，或者所披露信息有虚假记载、误导性陈述或者重大遗漏的，由证券监督管理机构责令改正，给予警告，处以三十万元以上六十万元以下罚款。对直接负责主管人员和其他直接责任人员给予警告，并处以三万元以上三十万元以下的罚款.发行人、上市公司或者其他信息披露义务人未按照规定报送有关报告，或者报送的报告有虚假记载、误导性陈述或者重大遗漏的，由证券监督管理机构责令改正，处以三十万元以上六十万元以下的罚款。对直接负责的主管人员和其他直接责任人员给予警告，并处以三万元以上三十万元以下的罚款。依据上述法律规定，信息披露违规最高就是罚款30万，不会对上市公司有任何实质性的影响，希望大家擦亮眼睛，提防庄家趁机恶意砸盘，不要轻易丢掉筹
如果没出公告，那么小朱同学的公开估计没有戏,"https://guba.eastmoney.com/news,002354,760319125.html",2018-05-14 19:47:12,要想停牌估计要引进战略投资者
媒体无脑唱空！董事长朱烨是个干事情的人！公司收购还不是想做强做大，购买的业务和公,"https://guba.eastmoney.com/news,002354,760102676.html",2018-05-13 09:23:27,媒体无脑唱空！董事长朱烨是个干事情的人！公司收购还不是想做强做大，购买的业务和公司主营都相关，业绩没有兑现商誉减值搞这么大声音. 散户多去了解下那些收编公司的主要游戏产品和公司未来的发展战略！基本面利空早已经在过去两年的下跌释放完毕！现在唱空别有用意心. 技术总是领先一步，没有无缘无故的下跌，这词无良媒体报道最多也就是对过去下跌的一个总结！现在看的是未来，买股票就是买公司未来！茅台过去10业绩好，股价长年上涨，未来一定好？公司有未来，股票就有上涨可能，不管高与低！所以现在应该关注公司的未来3年战略规划！相信朱总！
其实他们亏的钱并不比大家套天神上亏的少。打一枪换一个地方，钱都分摊了。,"https://guba.eastmoney.com/news,002354,760316242.html",2018-05-14 19:23:04,其实他们亏的钱并不比大家套天神上亏的少。打一枪换一个地方，钱都分摊了。
第二个保千里,"https://guba.eastmoney.com/news,002354,760104297.html",2018-05-13 09:58:58,第二个保千里
天神上涨空间巨大。,"https://guba.eastmoney.com/news,002354,760312838.html",2018-05-14 18:50:32,天神上涨空间巨大。
漫漫熊途，没有止跌迹象，外加利空不断。,"https://guba.eastmoney.com/news,002354,760107706.html",2018-05-13 11:20:20,可伶的韭菜。
"不借钱,不融资,只买价值股!","https://guba.eastmoney.com/news,002354,760311347.html",2018-05-14 18:37:15,"不借钱,不融资,只买价值股!"
为吸引并留住人才，海南生态软件园除了加快“微城市”的打造和建设，还与北京十一学校,"https://guba.eastmoney.com/news,002354,760311018.html",2018-05-14 18:33:55,"为吸引并留住人才，海南生态软件园除了加快“微城市”的打造和建设，还与北京十一学校进行战略合作，投资18亿元打造国际一流的K12国际化学校——ischool(微城未来学校)。利用产业园区优势，通过互联网技术、大数据、人工智能等全球前沿科技赋能教育，构建一所开放、互联，硬件没有围墙，资源没有围墙，思维没有围墙的国际化未来学校，在中国逐渐走向世界舞台中央的大背景下，培养“中国心”的“世界人”。
同日，空中网、企鹅医生、天神娱乐、四季协同创新研究院有限公司、51社保、量化派、深圳创梦天地、中税网通、广州趣丸网络、北京梅泰诺通信技术、河南信息化发展有限公司共11家知名互联网企业签约入园，进一步加速了海南互联网产业集聚。"
暴跌暴跌了！！看过来,"https://guba.eastmoney.com/news,002354,760307893.html",2018-05-14 18:06:30,111111
他们家的游戏只在公司和股吧内部流传[胜利],"https://guba.eastmoney.com/news,002354,760028068.html",2018-05-11 23:01:41,他们家的游戏只在公司和股吧内部流传
呼吁立即把朱哗抓起来，没收和冻结所有资产，赔偿投资者损失！,"https://guba.eastmoney.com/news,002354,760013396.html",2018-05-11 20:26:04,呼吁立即把朱哗抓起来，没收和冻结所有资产，赔偿投资者损失！
