标题,链接,发布时间,内容
欧菲的意思是公司不缺钱？银行有源源不断的资金可以用,"https://guba.eastmoney.com/news,002456,798098000.html",2018-12-17 12:23:24,欧菲的意思是公司不缺钱？银行有源源不断的资金可以用
欧菲科技发布澄清公告称，日本面板厂商JDI公司（Japan Display In,"https://guba.eastmoney.com/news,002456,798097843.html",2018-12-17 12:21:09,"欧菲科技发布澄清公告称，日本面板厂商JDI公司（Japan Display Inc.）近日多方寻求和洽谈并购事宜，公司与其进行了初步接触，但截至本公告日，双方尚未达成任何协议，亦未有任何实质性的进展。
公司主要资源仍集中在光学领域。"
欧菲科技澄清:与日本面板厂商JDI公司有初步接触 尚未达成任何协议,"https://guba.eastmoney.com/news,002456,798097451.html",2018-12-17 12:15:54,欧菲科技澄清:与日本面板厂商JDI公司有初步接触 尚未达成任何协议
除了中兴，还有比这更差的吗？,"https://guba.eastmoney.com/news,002456,798068437.html",2018-12-17 10:06:15,除了中兴，还有比这更差的吗？
我就是个托，百分百,"https://guba.eastmoney.com/news,002456,798095248.html",2018-12-17 11:48:16,9.48元
我放弃这货了，加仓分众，分众这半个月回血百分之15了感觉还会大涨。,"https://guba.eastmoney.com/news,002456,798093616.html",2018-12-17 11:34:55,我放弃这货了，加仓分众，分众这半个月回血百分之15了感觉还会大涨。
欧菲会崩盘？目前只是市值会崩盘，实体公司又不会崩盘。只是后面很难从股市里面弄到低,"https://guba.eastmoney.com/news,002456,798094842.html",2018-12-17 11:44:29,欧菲会崩盘？目前只是市值会崩盘，实体公司又不会崩盘。只是后面很难从股市里面弄到低成本的资金来支撑实体。但是国家现在大力支持银行贷款啊，欧菲可以直接从银行拿到低成本的资金。
欧菲光创出69月新低，收盘9.85元,"https://guba.eastmoney.com/news,002456,798093613.html",2018-12-17 11:35:00,欧菲光创出69月新低，收盘9.85元
愿赌服输吧,"https://guba.eastmoney.com/news,002456,798076277.html",2018-12-17 10:28:07,愿赌服输吧
忽悠式回购，举报吧！,"https://guba.eastmoney.com/news,002456,798092027.html",2018-12-17 11:26:41,忽悠式回购，举报吧！
这个辣鸡怎么这么多人关注，当时听别人一说就进了这个坑，再也爬不起来了,"https://guba.eastmoney.com/news,002456,798085709.html",2018-12-17 11:01:08,这个辣鸡怎么这么多人关注，当时听别人一说就进了这个坑，再也爬不起来了
买入一百万,"https://guba.eastmoney.com/news,002456,798092442.html",2018-12-17 11:28:23,买入一百万
真惨 亏的不敢看账户,"https://guba.eastmoney.com/news,002456,798074211.html",2018-12-17 10:21:25,真惨 亏的不敢看账户
明天能到9块五左右，再等等,"https://guba.eastmoney.com/news,002456,798091331.html",2018-12-17 11:23:50,明天能到9块五左右，再等等
补了一千股，慢慢来了,"https://guba.eastmoney.com/news,002456,798091954.html",2018-12-17 11:26:17,补了一千股，慢慢来了
一马当先,"https://guba.eastmoney.com/news,002456,798092085.html",2018-12-17 11:26:48,一马当先
请问贵公司是不是可以破产了,"https://guba.eastmoney.com/news,002456,798090876.html",2018-12-17 11:22:01,请问贵公司是不是可以破产了
这个股票真骚,"https://guba.eastmoney.com/news,002456,798089988.html",2018-12-17 11:18:07,这个股票真骚
高负债高库存，叠加行业不景气以及高质押，该股跌破7元是大概率。跟长盈精密一样，下,"https://guba.eastmoney.com/news,002456,798089769.html",2018-12-17 11:17:08,高负债高库存，叠加行业不景气以及高质押，该股跌破7元是大概率。跟长盈精密一样，下跌途中，深不见底
跌成这个鸟样，庄家是死的吧,"https://guba.eastmoney.com/news,002456,798089317.html",2018-12-17 11:15:10,跌成这个鸟样，庄家是死的吧
现在很多公司为了融资把公司股票让给其`它机构现打压操作,"https://guba.eastmoney.com/news,002456,798089770.html",2018-12-17 11:17:11,现在很多公司为了融资把公司股票让给其`它机构现打压操作
有本事跌成废纸，陪蔡老板一起破产！,"https://guba.eastmoney.com/news,002456,798089153.html",2018-12-17 11:14:31,有本事跌成废纸，陪蔡老板一起破产！
要求欧菲科技退市,"https://guba.eastmoney.com/news,002456,798089250.html",2018-12-17 11:14:56,要求欧菲科技退市
媒体推荐最多的股票跌的最狠，你说可以相信谁？,"https://guba.eastmoney.com/news,002456,798088901.html",2018-12-17 11:13:31,媒体推荐最多的股票跌的最狠，你说可以相信谁？
真烂那 沃日,"https://guba.eastmoney.com/news,002456,798087342.html",2018-12-17 11:07:29,真烂那 沃日
如果收购是真的，会停牌吗,"https://guba.eastmoney.com/news,002456,798088261.html",2018-12-17 11:11:04,如果收购是真的，会停牌吗
你个垃圾,"https://guba.eastmoney.com/news,002456,798087870.html",2018-12-17 11:09:28,你个垃圾
就算跌停了也不能买这股，,"https://guba.eastmoney.com/news,002456,798087579.html",2018-12-17 11:08:12,就算跌停了也不能买这股，
还有一个跌停板才可能反弹哎,"https://guba.eastmoney.com/news,002456,798086744.html",2018-12-17 11:05:07,还有一个跌停板才可能反弹哎
股东数5个交易日增长8000多户，散户都疯了！继续跌！,"https://guba.eastmoney.com/news,002456,797262883.html",2018-12-11 10:42:56,股东数5个交易日增长8000多户，散户都疯了！继续跌！
"亏你公司在深圳,丢不起这个人","https://guba.eastmoney.com/news,002456,798087123.html",2018-12-17 11:06:33,[不赞]
阴跌了快2周了,"https://guba.eastmoney.com/news,002456,798083906.html",2018-12-17 10:54:16,阴跌了快2周了
三个乌鸦一点不吉利这个庄家就是丧尸出身,"https://guba.eastmoney.com/news,002456,798082227.html",2018-12-17 10:48:56,三个乌鸦一点不吉利这个庄家就是丧尸出身
等8块5,"https://guba.eastmoney.com/news,002456,798084548.html",2018-12-17 10:56:36,等8块5
我前天卖的，连跌俩天你们说要不要割肉[为什么],"https://guba.eastmoney.com/news,002456,798084754.html",2018-12-17 10:57:22,我前天卖的，连跌俩天你们说要不要割肉
看看日 周 月线 感觉好绝望 完全没有止跌的现象,"https://guba.eastmoney.com/news,002456,798085013.html",2018-12-17 10:58:20,看看日 周 月线 感觉好绝望 完全没有止跌的现象
这么多托单，还没跌到底。,"https://guba.eastmoney.com/news,002456,798084027.html",2018-12-17 10:54:47,这么多托单，还没跌到底。
公司要倒闭了吗、都在割肉跑,"https://guba.eastmoney.com/news,002456,798081268.html",2018-12-17 10:44:44,公司要倒闭了吗、都在割肉跑
醒醒 舜宇红了欸,"https://guba.eastmoney.com/news,002456,798080604.html",2018-12-17 10:42:07,醒醒 舜宇红了欸
垃圾中的垃圾,"https://guba.eastmoney.com/news,002456,798081074.html",2018-12-17 10:43:56,垃圾中的垃圾
[微笑],"https://guba.eastmoney.com/news,002456,798079874.html",2018-12-17 10:39:35,
就佩服欧菲的小散，26块跌到9块还这么乐观，其中几波反弹都是借助大盘的上涨，其余,"https://guba.eastmoney.com/news,002456,798079973.html",2018-12-17 10:39:54,就佩服欧菲的小散，26块跌到9块还这么乐观，其中几波反弹都是借助大盘的上涨，其余时间都在顺势下跌，摆明就是机构们接机出货，想要回到26块，已经不可能了
天天跌的，王八,"https://guba.eastmoney.com/news,002456,798080838.html",2018-12-17 10:43:01,天天跌的，王八
我尽无言以对了,"https://guba.eastmoney.com/news,002456,798079848.html",2018-12-17 10:39:28,我尽无言以对了
亏死了12元没卖,"https://guba.eastmoney.com/news,002456,798078876.html",2018-12-17 10:36:27,亏死了12元没卖
看看你跌成什么逼样,"https://guba.eastmoney.com/news,002456,798078809.html",2018-12-17 10:36:22,看看你跌成什么逼样
废物,"https://guba.eastmoney.com/news,002456,798078663.html",2018-12-17 10:36:01,废物
终端表现不好，到年底预计回跌到6以下,"https://guba.eastmoney.com/news,002456,798078192.html",2018-12-17 10:34:24,终端表现不好，到年底预计回跌到6以下
让你怀疑人生，跌死,"https://guba.eastmoney.com/news,002456,798078332.html",2018-12-17 10:34:47,让你怀疑人生，跌死
主力做空时不看业绩,"https://guba.eastmoney.com/news,002456,798077325.html",2018-12-17 10:31:27,主力做空时不看业绩
主力缺钱了，要套现，顺带砸盘吸筹，过几天会有一波拉升，再赚一波。别以为我不知道这,"https://guba.eastmoney.com/news,002456,798074979.html",2018-12-17 10:23:45,主力缺钱了，要套现，顺带砸盘吸筹，过几天会有一波拉升，再赚一波。别以为我不知道这套路。
别被吓到，我分众传媒赚几个点的，结果平仓走了，他妈的,"https://guba.eastmoney.com/news,002456,798069625.html",2018-12-17 10:09:17,别被吓到，我分众传媒赚几个点的，结果平仓走了，他妈的
还缺少一根大阴线，下跌的最后应该伴随一根大阴形成最后一击,"https://guba.eastmoney.com/news,002456,798076194.html",2018-12-17 10:27:55,还缺少一根大阴线，下跌的最后应该伴随一根大阴形成最后一击
老夫30万，进场拉升……你们的血不会白流，兄弟们，我来了,"https://guba.eastmoney.com/news,002456,798073642.html",2018-12-17 10:19:40,老夫30万，进场拉升……你们的血不会白流，兄弟们，我来了
无底洞，啥时候企稳再说。,"https://guba.eastmoney.com/news,002456,798072808.html",2018-12-17 10:17:29,无底洞，啥时候企稳再说。
买基金擦亮双眼，躲开死捏熊股的熊基们,"https://guba.eastmoney.com/news,002456,798075026.html",2018-12-17 10:23:55,"2018年马上要收官了。过去有一种说法，自己不会炒股，可以交给专业人士来打理。按理说，他们的眼光和水平总比普通投资人要好吧。其实，事与愿违，今年就是试金石。
从年初至今，上证综指跌幅21.23%，理论上应该比较抗跌的基金，表现令人更加失望。有不少基金产品，竟然跌幅超越指数一倍，它们堪称熊基中的“战斗机”。
那么，它们是怎么熊成这样的呢？扒拉扒拉熊基的重仓股，发现这些基金经理最大的毛病和初级水平的普通投资人一点儿没区别——死捏着熊股不放。
基金公司既有卖方（券商研究员）投研的支撑，又有自家研究员的智囊，号称专业投资者，委实不该呀！
说死捏熊股不放，不是看一时一会儿，而是放眼全年。结合全市场主动股基一年来各季度末（2017年底、2018年1至3季度末）持有的重仓股，《全球财说》发现，共有45家基金公司旗下的117只熊基， 在年初买上熊股之后，在上述各个季度末均持有。
基金经理不知天天都关心些啥，开晨会时又都道貌岸然地说些啥，反正好像睡大觉一样，对市场和环境的变化浑然不知，把自己管理的基金净值拖得排名大幅落后，持有人巨亏。这样的操作水平实在让人难以理解。
如果，某家基金公司旗下的主动股基产品较多，但仅有一两只熊基拿着熊股，那也就罢了。
但旗下熊基数量众多，那就说不过去了，正如电影《西虹市首富》中的评价“你不是运气不好，是能力不行。”
上投摩根、富国、广发、大成和汇添富基金公司，是死捏熊股产生熊基的聚集地。
上投摩根旗下的熊基达15只，是全市场第一，而公司旗下主动股基总数在市场中排名第24。大成旗下6只熊基，位列全市场第四，旗下股基总量在全市场排名第19。
上投摩根持有熊股，不是分散投资，而是抱团。15只熊基中，集中持有了8只熊股，可见持有重合度之高。抱团取暖变成抱团跳坑。
上投摩根旗下持有欧菲科技和信维通信两只股票的基金数量，分别高达15只和10只，这已经不是单纯一个基金经理死捏熊股的问题，而是整个基金公司的投研体系出现问题，导致集体崩盘。
以欧菲科技为例，今年各季度末，上投摩根旗下主动股基合计持有股票数量均超过1亿股，按照年初合计持有10770.21万股计算，持有市值近22亿元，年初至今股价下跌47.87%。仅在这一只股票上，就给基金持有人造成损失10.68亿元。
身为专业的基金经理，眼看着股价持续大跌，既不调仓也不换股，这种长期无动于衷的表现，实在令人费解。
除了上投摩根，大成基金是另外一个典型。此前，大成集中持有重庆啤酒，在这只股价一连串跌停板之后，公司业绩排名和市场声誉都大幅下降，从此一蹶不振。但公司似乎并未好好吸取教训，2018年又有7只基金捏着5只熊股不放，造成了新的巨大的净值亏损。
大成持有的熊股，股价跌幅巨大，远超大盘。基金持有的一些上市公司业绩也很一般，如喜临门（603008. SH）今年前三季度归母净利润同比下降22%，业内评价不佳，大成睿景A持有数量依旧是389万股，三季度内股价跌幅27.7%，对基金净值造成很大拖累。
翻开基金的各季报，如此业余的操作，绝不是偶然的。跟随这些基金的投资人，心中该是何等的凄苦。选择基金和基金公司，不仅要听其言，还要观其行。《全球财说》将密切关注全市场基金的表现，抽丝剥茧分析他们的得失之道，督促他们尽早地修正错误，帮助投资人更好地趋利避害。
（来源：全球财说的财富号 2018-12-17 10:20） [点击查看原文]
展开阅读全文"
有很多大咖都不敢做缺德事了，唯独欧菲就敢，所以，金立骗了该公司钱就是如此，因果报,"https://guba.eastmoney.com/news,002456,798074848.html",2018-12-17 10:23:24,有很多大咖都不敢做缺德事了，唯独欧菲就敢，所以，金立骗了该公司钱就是如此，因果报应哦。
早盘跑了，现在不敢接回，,"https://guba.eastmoney.com/news,002456,798074760.html",2018-12-17 10:23:06,早盘跑了，现在不敢接回，
主力好坏。。。,"https://guba.eastmoney.com/news,002456,798072034.html",2018-12-17 10:15:35,主力好坏。。。
回到2元以下,"https://guba.eastmoney.com/news,002456,798071737.html",2018-12-17 10:14:44,回到2元以下
厉害，今天继续补充质押,"https://guba.eastmoney.com/news,002456,798067260.html",2018-12-17 10:03:27,厉害，今天继续补充质押
跪服,"https://guba.eastmoney.com/news,002456,798072655.html",2018-12-17 10:17:11,跪服
真可耻，从26元下跌到9元多！,"https://guba.eastmoney.com/news,002456,798067785.html",2018-12-17 10:04:39,真可耻，从26元下跌到9元多！
已经被做空了,"https://guba.eastmoney.com/news,002456,798072568.html",2018-12-17 10:16:59,已经被做空了
有快进资金流出榜前十了，加油，我看好你，凭你的实力，天天入榜不是问题,"https://guba.eastmoney.com/news,002456,798071715.html",2018-12-17 10:14:31,有快进资金流出榜前十了，加油，我看好你，凭你的实力，天天入榜不是问题
关键跌成这样 公司连句话都没有 无良,"https://guba.eastmoney.com/news,002456,798073445.html",2018-12-17 10:19:06,关键跌成这样 公司连句话都没有 无良
谁叫你们不买苹果，美国死也要找个垫背的,"https://guba.eastmoney.com/news,002456,798072578.html",2018-12-17 10:17:00,谁叫你们不买苹果，美国死也要找个垫背的
下降通道不要轻易抄底。,"https://guba.eastmoney.com/news,002456,798069974.html",2018-12-17 10:10:14,下降通道不要轻易抄底。
你是真你吗烂,"https://guba.eastmoney.com/news,002456,798070524.html",2018-12-17 10:11:38,你是真你吗烂
配的起科技二字吗？跌成狗了,"https://guba.eastmoney.com/news,002456,798072121.html",2018-12-17 10:15:51,配的起科技二字吗？跌成狗了
我就问你们一句，这趋势你们敢买吗[为什么],"https://guba.eastmoney.com/news,002456,798056117.html",2018-12-17 09:37:49,我就问你们一句，这趋势你们敢买吗
不补不割装死等该走的走完，做好持股两年准备,"https://guba.eastmoney.com/news,002456,798069019.html",2018-12-17 10:07:35,不补不割装死等该走的走完，做好持股两年准备
今天可以入场了,"https://guba.eastmoney.com/news,002456,798070467.html",2018-12-17 10:11:38,今天可以入场了
据相关人士透露欧菲要收购个日本亏损公司，造成大量恐慌盘流出，请问贵公司情况是否属,"https://guba.eastmoney.com/news,002456,798541904.html",2018-12-19 17:43:00,"据相关人士透露欧菲要收购个日本亏损公司，造成大量恐慌盘流出，请问贵公司情况是否属实？ 
欧菲光
欧菲科技：您好，投资参考请以公司通过官方渠道发布的信息为准，感谢您对公司发展的关注和支持！
(来自深交所互动易)答复时间 2018-12-19 17:43:00"
怏逃吧,"https://guba.eastmoney.com/news,002456,798070156.html",2018-12-17 10:10:47,怏逃吧
跌倒1块以下可以买点,"https://guba.eastmoney.com/news,002456,798069258.html",2018-12-17 10:08:18,跌倒1块以下怕被强制退市，所以会有一波拉升。
没戏了,"https://guba.eastmoney.com/news,002456,798067555.html",2018-12-17 10:04:08,没戏了
一年前的它和现在的它简直是人间地狱,"https://guba.eastmoney.com/news,002456,798068890.html",2018-12-17 10:07:20,[不赞]
空方赢质押平仓股才是空方的最大筹码,"https://guba.eastmoney.com/news,002456,798068333.html",2018-12-17 10:05:56,看好，但未能介入，持续关注，不要盲目抄底，因为就算欧非走稳你再进入的话，最多也就少10%的利润。审慎乐观
不能屏蔽用户，就只能不看盘了,"https://guba.eastmoney.com/news,002456,798067719.html",2018-12-17 10:04:28,不能屏蔽用户，就只能不看盘了
欧菲科技够阴的了，小散都被害惨了，7元见。,"https://guba.eastmoney.com/news,002456,798067716.html",2018-12-17 10:04:25,欧菲科技够阴的了，小散都被害惨了，7元见。
欧菲今天最大可能收带长下影的光头阳线。,"https://guba.eastmoney.com/news,002456,798066591.html",2018-12-17 10:02:13,欧菲今天最大可能收带长下影的光头阳线。
又创新低了,"https://guba.eastmoney.com/news,002456,798065805.html",2018-12-17 10:00:44,又创新低了
再跌一半到5块是大概率,"https://guba.eastmoney.com/news,002456,798063028.html",2018-12-17 09:55:16,再跌一半到5块是大概率
机构继续出货,"https://guba.eastmoney.com/news,002456,798055892.html",2018-12-17 09:37:18,机构继续出货
再跌十个点开始加仓。不然不加。,"https://guba.eastmoney.com/news,002456,798059372.html",2018-12-17 09:46:18,再跌十个点开始加仓。不然不加。
欧菲科技今日否极泰来! 我昨天上午11.95卖出去，又在12.06和11.99买,"https://guba.eastmoney.com/news,002456,795850135.html",2018-12-04 06:55:50,"欧菲科技今日否极泰来!
我昨天上午11.95卖出去，又在12.06和11.99买回6万股，成功做了一个波段，为什么卖了又高价买回来?因为我有一个选股的习惯，就是喜欢从资金流向排名里选股，一般就关注排名前20位的股票，昨日上午卖出后观察欧菲科技的资金净流入非常明显，大单也比较多，综合分析前20位的股票无论从价格上，题材上，还是从该股的质量上都还不错，在排名前20位的股票里最值得买入，之前的一个股票万华化学就是近几日连续流入排名靠前，走的不错，涨得也不错，选的也不错，就是卖的不咋地 ，赚了点就跑了，如果留到昨天应该收获不错，还好，昨天的欧菲科技也是可以，欧菲科技这一路下跌，几乎没有太过像样的反弹，原因大家都知道，金立对公司的影响其实被利用为主力打压吸筹的工具，到目前为止主力应该再打不下去了，一是公司的成长性非常好，这个大家都知道，新产品将在明年苹果，三星，华为等高端机上大量使用，带来业绩爆增，今年的业绩也有翻倍的保证；二是金立的影响几乎全部消化完毕，公司6个亿的欠款保全了20个亿的金立资产，而且已经计提了3个亿，大家担心的事情反到成了股价的助推器。所以，我说欧菲科技今日会否极泰来，昨天晚上受中美缓解影响，苹果股价大涨，会不会引发苹果概念股大涨?目前还是一个未知，不过我觉得欧菲科技近期有公司回购的利好，加上大盘转暖的影响，短期内重回16-18元应该还是比较合理的。看了一大圈，还是觉得欧菲科技比较好，虽然做了一个反向的波段，并不是一时之冲动，也是经过深思熟虑后做出来的一个肯定结果，希望今天不要被打脸，总之，我在资金流向前20位里选股的技法成功率还是很高的，大家可以模拟试试，吧当日的资金流向前20位记录下来，你会在第二日的涨幅榜里看到他们的身影，什么都能骗人，资金骗不了人，热度骗不了人，资金追逐的越多，股价就会推升得越快，希望这次也没有看走眼，所以我预测今日上午欧菲科技稍有调整后，很可能在下午就会掉头向上，收出中阳或是大阳，如果大盘稳定向上，收涨停的希望也是很大的，非常期待看到金立破产重整和白衣骑士拯救金立的新闻早日出来，欧菲将以两个涨停迎接，哈哈哈哈，以上分析纯粹是忽悠大家，给自己打气，大家别信啊，我是信口开河，胡言乱语，纯属娱乐，谢谢阅读!"
9.87已挂[拜神],"https://guba.eastmoney.com/news,002456,798058970.html",2018-12-17 09:45:04,9.87已挂
这走势，估计是虚假消息,"https://guba.eastmoney.com/news,002456,798054634.html",2018-12-17 09:33:08,这走势，估计是虚假消息
每日报到  就看看有多少人熬不住了,"https://guba.eastmoney.com/news,002456,798058145.html",2018-12-17 09:42:59,他横任它横　清风拂山岗
现在机构没人愿意买这定时炸弹,"https://guba.eastmoney.com/news,002456,798057757.html",2018-12-17 09:42:00,现在机构没人愿意买这定时炸弹
今天3个点以上,"https://guba.eastmoney.com/news,002456,798055300.html",2018-12-17 09:35:34,今天3个点以上
放心这垃圾不会涨的,"https://guba.eastmoney.com/news,002456,798051636.html",2018-12-17 09:18:55,放心这垃圾不会涨的
今天低开可以慢慢建仓了，春季行情30%应该可以有,"https://guba.eastmoney.com/news,002456,798048639.html",2018-12-17 08:51:52,今天低开可以慢慢建仓了，春季行情30%应该可以有
散户太多了。我一个月内先不加仓了。你们玩儿。一个月后再决定。,"https://guba.eastmoney.com/news,002456,798037841.html",2018-12-16 22:59:06,散户太多了。我一个月内先不加仓了。你们玩儿。一个月后再决定。
请问贵公司，资金是不是很紧张，那么会不会影响公司的回购，公司所说的回购短期内会不,"https://guba.eastmoney.com/news,002456,798541913.html",2018-12-19 17:42:00,"请问贵公司，资金是不是很紧张，那么会不会影响公司的回购，公司所说的回购短期内会不会是空话？ 
欧菲光
欧菲科技：您好，公司回购事项将严格按照规定操作并及时履行信披义务，敬请关注公司后续发布的公告信息，感谢您的关注！
(来自深交所互动易)答复时间 2018-12-19 17:42:00"
肖总你好，最近有传闻称，由多家企业组成的中国财团拟出资30亿元，收购日本显示器公,"https://guba.eastmoney.com/news,002456,798541782.html",2018-12-19 17:51:00,"肖总你好，最近有传闻称，由多家企业组成的中国财团拟出资30亿元，收购日本显示器公司（JDI）的33%股权。第一财经记者12月16日从行业调研机构获悉，参与此次收购的中国财团的牵头方，是国内手机模组的主要供应商欧菲光（上市公司后更名为“欧菲科技”）。请问是否属实？ 
欧菲光
欧菲科技：您好，公司已关注到此类新闻报道，并于12月17日发布的《关于媒体报道的澄清公告》，投资参考请以公司通过官方渠道发布的信息为准，感谢您对公司发展的关注和支持！
(来自深交所互动易)答复时间 2018-12-19 17:51:00"
我今天进场抄底！是来割你们的肉,"https://guba.eastmoney.com/news,002456,798041182.html",2018-12-17 01:42:27,我今天进场抄底！是来割你们的肉
该股目前有小自己进场迹象。虽然目前看不出大涨迹象。但估计也难深跌了。持有不动吧。也别想着春节回本的问题，时间节点谁也说不准的。好好上班，耐心持有吧。,"https://guba.eastmoney.com/news,002456,798041686.html",2018-12-17 02:18:38,该股目前有小自己进场迹象。虽然目前看不出大涨迹象。但估计也难深跌了。持有不动吧。也别想着春节回本的问题，时间节点谁也说不准的。好好上班，耐心持有吧。
就等明天再跌3个点加20%仓了，每年利润100%-150%增速值得重视，行业覆盖,"https://guba.eastmoney.com/news,002456,798031348.html",2018-12-16 19:37:33,"就等明天再跌3个点加20%仓了，每年利润100%-150%增速值得重视，行业覆盖无人驾驶,屏幕,指纹,摄像头等自动化行业，合作商包括苹果华为等龙头企业，科创板审批在即，能进最好但不奢求，当你那天出门忘记带手机的时候，你会发现什么都可以不用带唯独手机不行，做空智能，做空成长，做空未来，送你们4个字（有眼无珠）等3-5年后缩至月线你会发现当下股价不是最低点也是次低点，我们都是人不是神不奢求买在最低点。"
能有授信，背后是有很大支持的,"https://guba.eastmoney.com/news,002456,798038624.html",2018-12-16 23:35:48,能有授信，背后是有很大支持的
已挂买入单!,"https://guba.eastmoney.com/news,002456,798038304.html",2018-12-16 23:19:56,已挂买入单!
目前来看，该标的主力还在持续卖出，短期大涨的机会不大，11块的成本年前有可能解套，但是不如投资到上涨趋势的标的中。,"https://guba.eastmoney.com/news,002456,798037123.html",2018-12-16 22:34:49,目前来看，该标的主力还在持续卖出，短期大涨的机会不大，11块的成本年前有可能解套，但是不如投资到上涨趋势的标的中。
2018年12月17日（周一早间）《操盘信息必读》重要财经新闻汇总,"https://guba.eastmoney.com/news,002456,798035525.html",2018-12-16 21:41:41,"一、【重要资讯】
海通证券荀玉根今日发表策略观点称，10月19日以来上证综指2449点以来，市场已反弹接近两个月，前期支撑反弹的逻辑逐个落地，目前还剩下改革预期，本轮反弹有可能进入反弹后期。未来市场将逐步进入政策上业绩下的黑暗期，需警惕基本面数据对市场的压力。
深汕特别合作区揭牌仪式今天上午十时在深汕特别合作区管委会大楼举行。此次揭牌也是深汕特别合作区体制机制调整后的标志性事件。记者获悉，深圳市主导经济管理和建设，汕尾市负责征地拆迁和社会事务。也就是说，此前合作区是深圳、汕尾两市共管，而根据体制机制调整方案，今后合作区的经济社会事务将由深圳全面主导，合作区成为深圳第“10+1”区。
二、【行业新闻】
受海外经济前景不明朗以及英国“脱欧”协议悬而未决等不利因素影响，德国、日本两国日前分别下调或准备下调今明两年的经济增长预期。德国中央银行将2019年经济增长率由原先预计的1.9%下调为1.6%，并预计2020年和2021年德国经济分别增长1.6%和1.5%。日本政府准备将2019年国内生产总值增长率预期，从之前的1.5%下调至1.3%左右。
11月发改委共审批核准固定资产投资项目13个，总投资242亿元。今年三季度发改委审批核准的固定资产投资项目金额是二季度的4.8倍，是一季度的2.6倍。其中，作为“稳投资”的主角之一，铁路建设增长势头良好。四季度以来发改委密集批复多个铁路建设项目，涉及固定资产投资近千亿。业内认为，当前经济环境下铁路投资有望再加速，轨交装备需求趋势向上。
最近有传闻称，由多家企业组成的中国财团拟出资30亿元，收购日本显示器公司（JDI）的33%股权。记者从行业调研机构获悉，参与此次收购的中国财团的牵头方，是国内手机模组的主要供应商欧菲光（上市公司后更名为“欧菲科技”）。欧菲科技投资部的相关人士表示，欧菲科技上市公司目前没有相关公告，以公告为准。
国家金融与发展实验室等协同发布的《2018年互联网理财指数报告》显示，2018年互联网理财指数下降到了563点，相比2017年的695点，降幅高达23.45%。对外经济贸易大学教授殷剑峰指出，在强监管及行业洗牌的态势下，中国互联网理财指数自2013年创建以来首次出现下滑，从长远看，监管趋严有利于互联网理财健康规范发展，推动互联网理财回归本源。
三、【重要公告】
同仁堂公告称，同仁堂蜂业系公司投资下属子公司，本公司持股比例51.29%。盐城金蜂食品科技有限公司为同仁堂蜂业食品蜂蜜的受托加工生产单位。同仁堂蜂业在委托生产过程中存在监管不力和失察的责任。同仁堂蜂业2017年度营业收入为2.8亿元，净利润为268万元，其营业收入占本公司2017年度经审计营业收入133.76亿元的2.09%，净利润占本公司2017年度经审计净利润17.42亿元的0.15%。本次事件对公司收入利润等财务方面影响甚微。
东方通信成为各路知名游资的驻扎地，前期炒作东方通信的第一大游资席位华泰证券深圳益田路荣超商务中心营业部被上交所出函警告。市场人士分析，东方通信接下来走势如何，还要看交易所和证监会对相关账户的监控措施如何。目前情况来看，只是书面警告。
外运发展晚间发布公告，中国外运换股吸收合并公司事项已经公司于5月31日召开的股东大会审议通过，并已获得证监会的批复。根据相关业务规则，公司已于12月14日向上交所提交股票终止上市的申请。
免责声明：
《操盘信息必读》上述信息，来源公开信息，涉及个股仅为参考，并非诱导入市，本文不作投资决策依据！
（来源：杜说股事的财富号 2018-12-16 21:09） [点击查看原文]
展开阅读全文"
底还没有出现。,"https://guba.eastmoney.com/news,002456,798035384.html",2018-12-16 21:38:08,底还没有出现。
欧菲光牵头拟以30亿元收购日本JDI公司33%股权最近有传闻称，由多家企业组成的,"https://guba.eastmoney.com/news,002456,798033252.html",2018-12-16 20:37:39,欧菲光牵头拟以30亿元收购日本JDI公司33%股权最近有传闻称，由多家企业组成的中国财团拟出资30亿元，收购日本显示器公司（JDI）的33%股权。记者从行业调研机构获悉，参与此次收购的中国财团的牵头方，是国内手机模组的主要供应商欧菲光（上市公司后更名为“欧菲科技”）。欧菲科技投资部的相关人士表示，欧菲科技上市公司目前没有相关公告，以公告为准。（第一财经）
公司荣膺2018年度最具长期投资价值上市公司 欧菲光 昨天  日前，金融界201,"https://guba.eastmoney.com/news,002456,795078123.html",2018-11-29 13:21:35,"公司荣膺2018年度最具长期投资价值上市公司
欧菲光 昨天
日前，金融界2018中国上市公司创新发展高峰论坛在京举行。论坛上发布了2018金融界上市公司价值评选“金智奖”，公司凭借优异的表现，获得“2018年度最具长期投资价值上市公司”荣誉。
评选过程
初选
金融界是中国领先的金融和财经信息提供商，以及全球最大的中文财经网站之一。
今年8月，金融界启动“金智奖”上市公司价值评选活动。此次活动以公开数据为基础，提取覆盖A股、港股、美股等全球范围内的中国上市公司市场表现、财务状况、信披制度、品牌建设等领域相关指标数据，汇集其在技术革新、行业进步、社会贡献等不同维度表现，再通过金融界独有的“Z上市公司评价指标体系”对搜集的信息进行量化分析。
终选
在此基础上，通过线上投票和专家打分，最终评选出在经营发展、公司治理、产品和技术创新、社会责任、环境治理等方面表现优异的企业及个人，旨在以公平、公正的视角，对企业实践者、不断追求卓越价值的上市公司等进行褒奖。
认可
在资本市场加速回归价值投资的当下，能够长期且持续为投资者创造价值已成为衡量优质上市公司的核心标准。公司此次荣获“2018年度最具长期投资价值上市公司”，是业内专家和投资者对其投资价值的认可。
投资的定义
经济学上对投资有明确的定义，投资指的是特定经济主体为了在未来可预见的时期内获得收益或是资金增值，在一定时期内向一定领域投放足够数额的资金或实物的货币等价物的经济行为。
公司的努力
欧菲，最看重未来，并为未来的发展，持续投资。
我们每年拿出超过5%的营业收入投入研究，在美国、日本、欧洲及国内设立多个研发中心，帮助公司获取了最前沿的科技产业信息和最优质的技术人才资源。
坚持全球化的研发布局和战略投资，持续推进以客户为导向的经营策略，新产品、新业务实现快速发展，带动公司整体的收入和利润均实现快速增长。今年，公司净利润范围在18亿元至20.5亿元，同比增长120％至150％。
目前，公司已在摄像头、触摸屏、生物识别三大业务领域设立中央研究所，这些中央研究所的设立能帮助公司加强各类业务领域的前沿技术储备，为公司未来长期发展打下坚实的基础。
投资未来的人，是最忠于现实的人。欧菲立足光电领域，不断深入探索，用创新去追赶市场，用产品去获得尊重，在成为世界范围内受人尊重的高科技企业的道路上，欧菲人一起努力。不停歇，不辜负。"
我来给大家普及下质押式回购股票交易是个啥东东:质押式回购股票交易一般来说这种做法,"https://guba.eastmoney.com/news,002456,796677626.html",2018-12-07 18:40:28,"我来给大家普及下质押式回购股票交易是个啥东东:质押式回购股票交易一般来说这种做法是说明股东急需用钱，但又不愿意把股卖出套现(注意如果控股股东的股票处于限售期内除外，原因是其股票还没有到时限上市流通交易)，通过股票质押式回购交易能在一段时间内融资得到现金，一般这些质押式回购是有期限的，回购到期时必须用现金赎回相关股票并支付相关回购融资利息(注：这个利息在回购生效时就已经双方约定好了)。但是如果在回购期内，相关质押的股票股价大幅下跌，导致相关质押股票的价值达不到质押物维持最低资产价值要求时，一般这些质押式回购交易都会要求融资方追加相关的质押资产作为质押物的，如果未能及时追加，就可能会被视为违约，那时质押的资金出借方是有权卖出股票变现或变更该股票的拥有权(具体要看相关回购的协定)，那时候就可能会变成利空消息。
具体到欧菲这个股票而言，我认为是利好，原因就是目前股价处在几年来的底部，大股东承诺过回购5000万元---20亿的方案，目前大股东这样做能够换取现金来兑现承诺，完成回购任务。"
欧菲科技——10.7有可能就是股东和机构的底部了，昨天也是跌破10.7尾盘被强制,"https://guba.eastmoney.com/news,002456,796682399.html",2018-12-07 18:56:46,欧菲科技——10.7有可能就是股东和机构的底部了，昨天也是跌破10.7尾盘被强制拉回，今天跌破这个数字又是尾盘硬被拉回到10.69，如果下周上证不跌破2600点，可能这票就会筑底反弹了！哥几个坐稳扶好上车走了……
周一大盘会是怎样走势呢,"https://guba.eastmoney.com/news,002456,798034662.html",2018-12-16 21:17:18,周一大盘会是怎样走势呢
翻身下杀破前低！,"https://guba.eastmoney.com/news,002456,796132917.html",2018-12-05 13:36:05,
[哭]亏惨了，12.5成本。看来这辈子都没机会回本了,"https://guba.eastmoney.com/news,002456,797904309.html",2018-12-14 15:52:18,亏惨了，12.5成本。看来这辈子都没机会回本了
来来，大家讨论一下周一怎么跌,"https://guba.eastmoney.com/news,002456,797987757.html",2018-12-15 15:22:31,来来，大家讨论一下周一怎么跌
周一将探底9块3，反复震荡，在10块左右横盘一段时间再次回调。,"https://guba.eastmoney.com/news,002456,798027705.html",2018-12-16 17:16:29,周一将探底9块3，反复震荡，在10块左右横盘一段时间再次回调。
年底跌到8块，大家拭目以待！,"https://guba.eastmoney.com/news,002456,798020654.html",2018-12-16 13:15:36,年底跌到8块，大家拭目以待！
即将公布收购日本idg33%股权，公司钱哪里来？我看这个j8 根本不想回购，垃圾,"https://guba.eastmoney.com/news,002456,798029745.html",2018-12-16 18:36:34,"即将公布收购日本idg33%股权，公司钱哪里来？我看这个j8
根本不想回购，垃圾！"
按照证监会新规，回购下限不能低于上限一半，看你还怎么忽悠,"https://guba.eastmoney.com/news,002456,798011021.html",2018-12-16 06:54:41,按照证监会新规，回购下限不能低于上限一半，看你还怎么忽悠
周一欧菲跌5个点左右必须的,"https://guba.eastmoney.com/news,002456,797989009.html",2018-12-15 15:52:59,周一欧菲跌5个点左右必须的
止损出来了，受不乐了，亏损严重,"https://guba.eastmoney.com/news,002456,797828285.html",2018-12-14 11:08:35,早出早安心
#雄安动态# 政府对农民的占地补偿，主要分为两,"https://guba.eastmoney.com/news,002456,798022254.html",2018-12-16 14:05:14,庄家想压价吸筹，害怕筹码丢了，哈哈
欧菲科技:第四届董事会第十六次(临时)会议决议公告,"https://guba.eastmoney.com/news,002456,797921936.html",2018-12-14 17:43:58,"公告日期：2018-12-15

证券代码：002456 证券简称：欧菲科技 公告编号：2018-199
欧菲科技股份有限公司

第四届董事会第十六次（临时）会议决议公告

本公司及董事会全体成员保证公告内容的真实、准确和完整，没有虚假记载、误导性陈述或者重大遗漏。

欧菲科技股份有限公司（以下简称“公司”）第四届董事会第十六次（临时）会议于2018年12月13日以通讯表决的方式召开，本次会议的通知已于2018年12月8日以邮件和电话等方式发出。本次会议应出席董事9名，实际出席董事9名，会议由董事长蔡荣军先生主持，本次会议的召开符合《公司法》和《公司章程》及《董事会议事规则》的有关规定，经审议，会议形成决议如下：

一、审议通过了《关于对全资子公司增资的议案》

公司拟向全资子公司南昌欧菲生物识别技术有限公司增资2亿元，增资完成后，南昌欧菲生物识别技术有限公司注册资本由6亿元人民币增至8亿元人民币，最终以工商变更为准。

表决结果：9票同意，0票反对，0票弃权。

详细请参见巨潮资讯网http://www.cninfo.com.cn/和《证券时报》、《中国证券报》、《上海证券报》、《证券日报》。

二、审议通过了《关于银行授信及担保事项的议案》

表决结果：9票同意，0票反对，0票弃权。

详细请参见巨潮资讯网http://www.cninfo.com.cn/和《证券时报》、《中国证券报》、《上海证券报》、《证券日报》。

本议案尚需提交公司股东大会审议。

三、审议通过了《关于召开2019年第一次临时股东大会的通知》

表决结果：9票同意，0票反对，0票弃权。

详细请参见巨潮资讯网http://www.cninfo.com.cn/和《证券时报》、《中国证券报》、《上海证券报》、《证券日报》。

特此公告。

欧菲科技股份有限公司董事会
2018年12月13日

[点击查看PDF原文]
提示：本网不保证其真实性和客观性，一切有关该股的有效信息，以交易所的公告为准，敬请投资者注意风险。"
目前欧菲的摄像头不论是技术还是量产规模都是第一！并且站稳了市场地位，这么多年各终,"https://guba.eastmoney.com/news,002456,798018294.html",2018-12-16 11:39:39,目前欧菲的摄像头不论是技术还是量产规模都是第一！并且站稳了市场地位，这么多年各终端大厂也没有一个增设自己的摄像头厂，因为术业有专攻，欧菲已经有了这么多年的经验，不是别人有钱或者资金雄厚就能超越的，别的先不说，只要手机有摄像头需求，我认为欧菲就不会差！而且后面手机摄像头需求也不断增加，3摄或者4摄都有可能成为主流！不管是几G网络手机，总要配上摄像头！以上个人观点，还请各位老师指教点评
立帖为证，下周将出现短线反弹低吸机会。逢高卖逢低买，就这么简单的操作。,"https://guba.eastmoney.com/news,002456,798013506.html",2018-12-16 09:00:59,立帖为证，下周将出现短线反弹低吸机会。逢高卖逢低买，就这么简单的操作。
回到11块钱老子就走，不再玩欧菲了,"https://guba.eastmoney.com/news,002456,797992405.html",2018-12-15 17:13:28,回到11块钱老子就走，不再玩欧菲了
咦！！电子元件跌三个点欧菲才跌3.3，不科学周一继续四个点每一点五个点进一万！！,"https://guba.eastmoney.com/news,002456,798018486.html",2018-12-16 11:47:05,咦！！电子元件跌三个点欧菲才跌3.3，不科学周一继续四个点每一点五个点进一万！！
欧菲科技：不算苹果收入，也值15元,"https://guba.eastmoney.com/news,002456,798017986.html",2018-12-16 11:27:42,如题
质押式回购是啥意思？回购了吗,"https://guba.eastmoney.com/news,002456,797364580.html",2018-12-11 19:31:43,质押式回购是啥意思？回购了吗
欧菲科技12月07日获深股通资金净卖出8043.33万元，持股量减少758.45万股,"https://guba.eastmoney.com/news,002456,796898641.html",2018-12-08 08:13:30,"数据显示,12月07日欧菲科技上榜深股通十大成交活跃股，买入及卖出金额合计1.055亿元，排名第8。其中，买入1252.02万元，卖出9295.35万元，净卖出8043.33万元，净卖出额占该股当日总成交额的14.11%。截至当日，该股于深股通持股量为4011.09万股，占其A股股本比例为1.47%，比上一交易日减少758.45万股。。
































12月07日欧菲科技深股通持仓数据
收盘价：	10.69	涨跌幅：	-0.09%
深股通持股量：	4011.09万股	较上日变化：	-758.45万股
深股通净卖出：	8043.33万	占成交额比：	14.11%




欧菲科技最近一个月上涨-17.07%，上榜深股通十大成交活跃股1次，深股通累计净买入-8043.33万；近两个月上涨-20.76%，上榜3次，深股通累计净买入-1.110亿；近一年上涨-50.74%，上榜17次，深股通累计净买入-2.407亿。


数据来源:东方财富





展开阅读全文"
大股东和二股东的股份加起来才30%多点，公司存不存在被别人收购股份控股的风险呢？,"https://guba.eastmoney.com/news,002456,797984640.html",2018-12-15 14:08:57,大股东和二股东的股份加起来才30%多点，公司存不存在被别人收购股份控股的风险呢？
看来手机产业明年还要沉沦一年！,"https://guba.eastmoney.com/news,002456,796914975.html",2018-12-08 12:40:20,到2020年才会迎来5G后的换机潮，而明年新推出的5G手机一是数量会很少，二是价格很高，销量也不会太好，所以判断明年手机销量会继续下滑，自己想！
搞不好今早又是诱多,"https://guba.eastmoney.com/news,002456,797436418.html",2018-12-12 09:53:52,搞不好今早又是诱多
现在刷脸支付，人脸识别技术再提升，对欧菲有没有可能是个增长点？？,"https://guba.eastmoney.com/news,002456,798006651.html",2018-12-16 01:10:52,现在刷脸支付，人脸识别技术再提升，对欧菲有没有可能是个增长点？？
每跌两个点加仓一手。,"https://guba.eastmoney.com/news,002456,798014806.html",2018-12-16 09:55:10,每跌两个点加仓一手。
从乐视，酷派，金立，，马上轮到锤子，还有魅族，国产手机品牌正在进行优胜劣汰的市场,"https://guba.eastmoney.com/news,002456,798004408.html",2018-12-15 23:07:57,从乐视，酷派，金立，，马上轮到锤子，还有魅族，国产手机品牌正在进行优胜劣汰的市场屠杀
5年前，欧菲的研发总监孟凯去柔宇科技调研，怎么就没投资呢？估值翻了几十倍，科创板,"https://guba.eastmoney.com/news,002456,798014609.html",2018-12-16 09:46:42,5年前，欧菲的研发总监孟凯去柔宇科技调研，怎么就没投资呢？估值翻了几十倍，科创板热门企业
不过，在摩根士丹利的分析师Charlie Chan看来，上述这些新功能在2019,"https://guba.eastmoney.com/news,002456,797999288.html",2018-12-15 20:31:13,"不过，在摩根士丹利的分析师Charlie Chan看来，上述这些新功能在2019年尚无法扭转行业局面。Chan等人在15日的报告中称，三镜头的采用率有限；此外，5G技术明年还不普及--市场预期其在2020年登场--这会伤害明年的换机需求。
（文章来源：凤凰网）
5g批量生产，中国使用得到2020所以还有一年多的难过时间，"
7.15有支撑，如果跌破，此股已废。,"https://guba.eastmoney.com/news,002456,797997613.html",2018-12-15 19:42:24,7.15有支撑，如果跌破，此股已废。
欧菲科技没有问题！有问题的是欠它钱的公司，90多亿的应收敖项与百亿的存货在这样的,"https://guba.eastmoney.com/news,002456,796948561.html",2018-12-09 01:29:56,欧菲科技没有问题！有问题的是欠它钱的公司，90多亿的应收敖项与百亿的存货在这样的环境中肯定是坏事，大伙说说
今天算了一下，一个亿可以把盘面上的压单全吃掉。所以如果主力想涨停，那是分分钟的事,"https://guba.eastmoney.com/news,002456,796631983.html",2018-12-07 16:26:44,今天算了一下，一个亿可以把盘面上的压单全吃掉。所以如果主力想涨停，那是分分钟的事情。
问 ：请问董秘，目前智能汽车方面有什么进展？今年的汽车方面的业务会比去年增长很多,"https://guba.eastmoney.com/news,002456,796940588.html",2018-12-08 21:25:29,"问 ：请问董秘，目前智能汽车方面有什么进展？今年的汽车方面的业务会比去年增长很多吗？智能家居方面有涉足吗？比如音箱监控指纹锁这类的，四季度公司个个板块订单量怎么样？谢谢
答 ：您好，智能汽车业务方面，公司在手订单逐步释放，已成为国内多家主流汽车厂商的主要供应商。公司积极布局新产品，包括车载显示屏模组、仪表中控集成主机，流媒体后视镜系统，车载指纹识别系统等，并通过人才的引进及研发的投入具备了园区自动驾驶技术。谢谢！
欧菲科技答复于 2018-12-08 18:16"
这么跌，股东户数多了，难道是散户把庄洗了，,"https://guba.eastmoney.com/news,002456,797982473.html",2018-12-15 13:16:30,这么跌，股东户数多了，难道是散户把庄洗了，
这只股票还能回到11块吗？ 11块的本该如何操作？？,"https://guba.eastmoney.com/news,002456,797997943.html",2018-12-15 19:52:48,"这只股票还能回到11块吗？
11块的本该如何操作？？"
欧菲科技的负债率为什么这么高？质押股票获得的钱是投资在欧菲科技本身吗？,"https://guba.eastmoney.com/news,002456,797999341.html",2018-12-15 20:32:45,"欧菲科技的负债率为什么这么高？
大股东质押股票获得的钱是投资在欧菲科技本身吗？"
欧菲科技摄像头模组是什么？,"https://guba.eastmoney.com/news,002456,797999209.html",2018-12-15 20:28:31,"欧菲科技摄像头模组是什么？一直不太了解，摄像头模组是CMOS图像传感器，典型的就是索尼的IMX系列传感器，加上外围电路和芯片？

客户下单，要什么imx图像传感器，欧菲科技拿到后，加工好，提交给客户，是这样合作模式吗？"
目前半仓被套五个点。不知道什么时候可以解套。太保被套四个点，欧菲五个点，看看这俩,"https://guba.eastmoney.com/news,002456,796934257.html",2018-12-08 18:54:16,目前半仓被套五个点。不知道什么时候可以解套。太保被套四个点，欧菲五个点，看看这俩谁先解套吧，自动解套之前不准备加仓。
欧菲科技，如果没有深圳工厂停工利空（已恢复开工），没有苹果利空，没有大盘下跌等原因，楼主也拿不到11的低价，欧菲还是有实际的龙头产品及各种专利，并非讲故事的公司...,"https://guba.eastmoney.com/news,002456,797987939.html",2018-12-15 15:26:37,欧菲科技，如果没有深圳工厂停工利空（已恢复开工），没有苹果利空，没有大盘下跌等原因，楼主也拿不到11的低价，欧菲还是有实际的龙头产品及各种专利，并非讲故事的公司，11成本完全没问题
7块不是梦走着瞧,"https://guba.eastmoney.com/news,002456,797995156.html",2018-12-15 18:29:59,7块不是梦走着瞧
欧菲科技:关于银行授信及担保事项的公告,"https://guba.eastmoney.com/news,002456,797921928.html",2018-12-14 17:43:57,"公告日期：2018-12-15

欧菲科技股份有限公司

关于银行授信及担保事项的公告

本公司及董事会全体成员保证公告内容的真实、准确和完整，对公告的虚假记载、误导性陈述或重大遗漏负连带责任。

欧菲科技股份有限公司（以下称“本公司”或“公司”）于2018年12月13日召开的第四届董事会第十六次（临时）会议审议通过了公司《关于银行授信及担保事项的议案》，现将相关议案事项公告。

一、事项概述

（一）欧菲科技股份有限公司

交通银行股份有限公司深圳分行对欧菲科技股份有限公司的原集团授信额度为人民币100,000万元，授信期限一年。本次议案决议通过欧菲科技股份有限公司向交通银行股份有限公司深圳分行申请综合授信额度不超过人民币100,000万元（或等值外币），授信期限不超过一年。本项授信额度可由公司及各全资子公司、控股子公司共同使用。其中欧菲科技股份有限公司的授信由深圳市欧菲投资控股有限公司提供连带责任担保，各全资子公司、控股子公司的授信由欧菲科技股份有限公司提供连带责任担保，担保期间至融资项下债务履行期限届满之日后两年止。

本次议案决议通过欧菲科技股份有限公司向中国邮政储蓄银行申请综合授信额度100,000万元人民币（或等值外币），授信期限不超过一年。本项授信额度可由公司及各全资子公司、控股子公司共同使用，其中欧菲科技股份有限公司的授信额度为50,000万元，由深圳市欧菲投资控股有限公司提供连带责任担保额度不超过20,000万元，剩余授信额度担保方式为信用；全资子公司、控股子公司的授信额度合计不超50,000万元，由欧菲科技股份有限公司提供连带保证责任担保，担保期间至融资项下债务履行期限届满之日后两年止。

本次议案决议通过欧菲科技股份有限公司向兴业银行股份有限公司申请综合授信额度不超过人民币65,000万元（或等值外币），授信期限不超过一年。本项授信额度可由公司及各全资子公司、控股子公司共同使用，其中欧菲科技股份
技股份有限公司提供连带保证责任担保，担保期间至融资项下债务履行期限届满之日后两年止。

本次议案决议通过欧菲科技股份有限公司向瑞穗银行（中国）有限公司申请综合授信额度不超过人民币20,000万元（或等值外币），期限不超过一年，担保方式为信用担保，担保期间至融资项下债务履行期限届满之日后两年止。

（二）南昌欧菲光电技术有限公司

本次议案决议通过南昌欧菲光电技术有限公司申请专项授信额度不超过人民币12,000万元（或等值外币），授信期限不超过三年，该授信由欧菲科技股份有限公司提供连带责任担保，担保期间至融资项下债务履行期限届满之日后两年止。公司拟向招商银行深圳分行、中国民生银行深圳分行、中国工商银行南昌红谷滩支行、中国光大银行四家银行申请。

（三）苏州欧菲光科技有限公司

本次议案决议通过苏州欧菲光科技有限公司向中国光大银行股份有限公司苏州分行申请授信不超过人民币30,000万元（或等值外币），授信期限不超过一年。该授信由欧菲科技股份有限公司提供连带责任担保，担保期间至融资项下债务履行期限届满之日后两年止。

本次议案决议通过苏州欧菲光科技有限公司向中国建设银行股份有限公司苏州分行申请授信不超过人民币50,000万元（或等值外币），授信期限不超过一年。该授信由欧菲科技股份有限公司提供连带责任担保，担保期间至融资项下债务履行期限届满之日后三年止。

本次议案决议通过苏州欧菲光科技有限公司向中国银行股份有限公司苏州分行申请授信不超过人民币60,000万元（或等值外币），授信期限不超过一年。该授信由欧菲科技股份有限公司提供连带责任担保，担保期间至融资项下债务履行期限届满之日后两年止。

（四）欧菲影像技术（广州）有限公司

本次议案决议通过欧菲影像技术（广州）有限公司向中国农业银行股份有限公司广州开发区支行申请授信不超过人民币10,000万元（或等值外币），授信期限不超过一年。该授信由欧菲科技股份有限公司提供连带责任担保，担保期间至融资项下债务履行期限届满之日后两年止。


本次议案决议通过欧菲影像技术（广州）有限公司向中国建设银行股份有限公司广州经济技术开发区支行申请授信不超过人民币（或等值外币）30,000万元，授信期限不超过一年。该授信由欧菲科技股份有限公司提供连带责任担保，担保期间至融资项下债务履行期限届满之日后三年止。

二、公司及被担保公司基本情况

（一）欧菲科技股份有限公司

成立日期：2001年3月12日

注册地点：深圳市光明新区公明街道松白公路华发路段欧菲光科技园

法定代表人：蔡荣军

注册资本：2,712,867,125元人民币

经营范围：开发、生产经营光……
[点击查看PDF原文]
提示：本网不保证其真实性和客观性，一切有关该股的有效信息，以交易所的公告为准，敬请投资者注意风险。
展开阅读全文"
真衰，10.17接了这个衰货,"https://guba.eastmoney.com/news,002456,797993031.html",2018-12-15 17:27:32,真衰，10.17接了这个衰货
懒得打字了，请看图,"https://guba.eastmoney.com/news,002456,797563867.html",2018-12-12 22:15:19,懒得打字了，请看图
欧菲科技，14倍的动态PE。截止到三季度营收达311亿，这是什么概念？新兴蓝筹！但已创新低！熊市的摧残是无情的。放在牛市里这种新兴行业的标的，PE就是100倍也...,"https://guba.eastmoney.com/news,002456,797962704.html",2018-12-15 05:40:49,欧菲科技，14倍的动态PE。截止到三季度营收达311亿，这是什么概念？新兴蓝筹！但已创新低！熊市的摧残是无情的。放在牛市里这种新兴行业的标的，PE就是100倍也有人把它压在箱底。11块的成本，现在被套10%左右，春节前回本问题不大，就这票根本不需要担心。
002456，致力于成为全球高科技平台型领军企业，基本还是不错的，业绩优良，由于前期强势，一直维持牛市高位，估值相对较高，目前熊市中，此股也不能幸免，开始补跌，...,"https://guba.eastmoney.com/news,002456,797970295.html",2018-12-15 08:33:39,002456，致力于成为全球高科技平台型领军企业，基本还是不错的，业绩优良，由于前期强势，一直维持牛市高位，估值相对较高，目前熊市中，此股也不能幸免，开始补跌，价值回归中，个人认为现在此股相对价值已趋于合理，向下空间已经不大，底部随时来临，所以我不建议楼主现在割肉，持股待涨是你现在最好的操作，楼主现在套10%而已不用惊慌，一旦大盘走好，这个月都有可能回本！10%很轻松就能回来的，说不定年底还有红包哦，请楼主坚持住
探底九年，寻求支撑，可能性大！,"https://guba.eastmoney.com/news,002456,797988900.html",2018-12-15 15:50:22,探底九年，寻求支撑，可能性大！
探底到九元。寻求支撑，可能性大！,"https://guba.eastmoney.com/news,002456,797988833.html",2018-12-15 15:49:01,探底到九元。寻求支撑，可能性大！
问 ：肖总你好，12月份订单是否充足？ 答 ：您好，公司整体订单充足，生产经营正,"https://guba.eastmoney.com/news,002456,796940539.html",2018-12-08 21:24:03,"问 ：肖总你好，12月份订单是否充足？
答 ：您好，公司整体订单充足，生产经营正常，感谢您对公司发展的关注和支持！
欧菲科技答复于 2018-12-08 18:01"
蠢货们赶快抛！抛！抛！欧菲光是好股,"https://guba.eastmoney.com/news,002456,797986726.html",2018-12-15 14:55:44,老子可是说了三遍“抛”啊。周一开盘我就看你们这群蠢货一起抛给庄家，让庄家自娱自乐去，看他们还怎么砸
心寒啊，18的本2万股，36万本金现在只剩20万了，都不敢看账户了，看得流泪，早,"https://guba.eastmoney.com/news,002456,797935915.html",2018-12-14 20:20:59,心寒啊，18的本2万股，36万本金现在只剩20万了，都不敢看账户了，看得流泪，早知道这样把36拿去澳门博一把好了
8元上下进场，,"https://guba.eastmoney.com/news,002456,797978115.html",2018-12-15 11:19:23,8元上下进场，
好公司基本面非常不错，有技术，有业绩，大胆持有吧。,"https://guba.eastmoney.com/news,002456,797985650.html",2018-12-15 14:29:38,好公司基本面非常不错，有技术，有业绩，大胆持有吧。
大家想想茅台，就知道现在是买入欧菲最好时机，科学无止境，5G手机迫在眉梢，,"https://guba.eastmoney.com/news,002456,797981624.html",2018-12-15 12:56:41,大家想想茅台，就知道现在是买入欧菲最好时机，科学无止境，5G手机迫在眉梢，
