标题,链接,发布时间,内容
贾跃亭创办公司的目的就是融资买房娶妻花销，用科技创新手段圈钱后走人。,"https://guba.eastmoney.com/news,300104,936640621.html",2020-06-08 10:27:45,贾跃亭创办公司的目的就是融资买房娶妻花销，用科技创新手段圈钱后走人。
哪天退啊？,"https://guba.eastmoney.com/news,300104,936644102.html",2020-06-08 10:31:26,哪天退啊？
国企会收购乐视吗？冻结的股份都是欠国企的钱，国家为什么不救互联网电视和视频,"https://guba.eastmoney.com/news,300104,936622670.html",2020-06-08 10:06:33,国企会收购乐视吗？冻结的股份都是欠国企的钱，国家为什么不救互联网电视和视频
我没有乐视，只是来看看。,"https://guba.eastmoney.com/news,300104,936641482.html",2020-06-08 10:28:30,一点希望都没有了吗？
这是什么数据，隐藏了多少交易单，,"https://guba.eastmoney.com/news,300104,936642812.html",2020-06-08 10:29:50,这是什么数据，隐藏了多少交易单，
乐视网乐死扛！跌到怀疑人生！想到的是三毛见！,"https://guba.eastmoney.com/news,300104,936662419.html",2020-06-08 10:57:01,"乐视网乐死扛！
跌到怀疑人生！
想到的是三毛见！"
乐傻大家为什么不买，多便宜的筹码,"https://guba.eastmoney.com/news,300104,936641578.html",2020-06-08 10:28:49,乐傻大家为什么不买，多便宜的筹码
还能有人买吗？,"https://guba.eastmoney.com/news,300104,936640743.html",2020-06-08 10:27:28,还能有人买吗？
斌哥哥，爱你哟！,"https://guba.eastmoney.com/news,300104,936641226.html",2020-06-08 10:28:28,斌哥哥，爱你哟！
如果整理期都不卖，哪市场会不会很尴尬！,"https://guba.eastmoney.com/news,300104,934873056.html",2020-06-01 18:51:46,如果整理期都不卖，哪市场会不会很尴尬！
乐视我流口水了，能买吗,"https://guba.eastmoney.com/news,300104,934873427.html",2020-06-01 18:54:38,乐视我流口水了，能买吗
以A股的情况，不出两天就会被拉6.7个涨停，然后再跌，绝对很多炒作的进来,"https://guba.eastmoney.com/news,300104,936574586.html",2020-06-08 08:32:16,以A股的情况，不出两天就会被拉6.7个涨停，然后再跌，绝对很多炒作的进来
真的完了，在这个股吧说话的都要被割韭菜了，看趋势，无量跌停到市值五个亿左右，都算,"https://guba.eastmoney.com/news,300104,934877572.html",2020-06-01 19:22:03,真的完了，在这个股吧说话的都要被割韭菜了，看趋势，无量跌停到市值五个亿左右，都算算亏多少吧，都要心里有准备呀
开个屁懂事会，董事会没有一个能做主的，都是些没股权的人。,"https://guba.eastmoney.com/news,300104,934890500.html",2020-06-01 20:39:52,开个屁懂事会，董事会没有一个能做主的，都是些没股权的人 。
开个屁懂事会，董事会没有一个能做主的，都是些没股权的人。,"https://guba.eastmoney.com/news,300104,934890498.html",2020-06-01 20:39:25,开个屁懂事会，董事会没有一个能做主的，都是些没股权的人 。
看看st国重装，真看出贾孙的无良,"https://guba.eastmoney.com/news,300104,936586860.html",2020-06-08 09:25:09,"人家不仅没有退市整理期的下跌，重新上市开盘就80%高开


昔日主动退市第一股如今重组复活
　　ST国重装的前身为二重重装，是中国最大的重大技术装备研制基地之一，在2010年2月成功上市，上市第二年就开始亏损，到2014年连续四年亏损。
　　为避免“强制退市”在退市整理期股价波动给中小股东造成影响，公司决定2015年5月主动退市，这也是2014年退市制度改革后第一家主动退市的公司。2015年7月，公司股票在新三板正式挂牌。
　　退市后，ST国重装实施了一系列的改革与调整措施，采取了债务重组、分流人员、盘活资产、创新驱动、资源整合、引战融资等一系列的改革脱困举措。
　　2018年3月公司完成重大资产重组，以发行股份购买资产方式对控股股东国机集团下属重型装备板块资产中国重机100%股权、中国重型院82.83%股权进行收购，并由二重重装更名为国机重装。"
7月20日整理期结束才能摘牌的，未除牌一天都有权召开股东大会的，很正常的事，怎么,"https://guba.eastmoney.com/news,300104,934903728.html",2020-06-01 21:45:21,7月20日整理期结束才能摘牌的，未除牌一天都有权召开股东大会的，很正常的事，怎么搞到大惊小怪呢
老贾说6月初生效，知道乐视退市就不公开了呵呵,"https://guba.eastmoney.com/news,300104,936582109.html",2020-06-08 09:14:31,老贾说6月初生效，知道乐视退市就不公开了呵呵
大家每人买100手打开板就可打赢庄家,"https://guba.eastmoney.com/news,300104,936589427.html",2020-06-08 09:29:37,大家每人买100手打开板就可打赢庄家
要开涨啦，你们跑吧,"https://guba.eastmoney.com/news,300104,936632010.html",2020-06-08 10:17:26,要开涨啦，你们跑吧
你们接着吧,"https://guba.eastmoney.com/news,300104,936635450.html",2020-06-08 10:21:02,你们接着吧
致新云网注册制后要单独上市，乐视要埋葬断贷的银行和乐体债主。,"https://guba.eastmoney.com/news,300104,936422208.html",2020-06-06 15:01:09,致新云网注册制后要单独上市，乐视要埋葬断贷的银行和乐体债主。
我就是典型的乐黑，多年来一直说乐视网的价值为零，劝大家不要听乐托的忽悠，千万别买,"https://guba.eastmoney.com/news,300104,936607749.html",2020-06-08 09:50:28,我就是典型的乐黑，多年来一直说乐视网的价值为零，劝大家不要听乐托的忽悠，千万别买，已经买了的割肉退出。听我的话的，恭喜您。不听我的话的，亏死活该。
孙宏斌不管乐视，乐视越是完了,"https://guba.eastmoney.com/news,300104,936635014.html",2020-06-08 10:20:52,孙宏斌不管乐视，乐视越是完了
融创拿走的那俩破公司对孙宏斌来说就是赔钱货，孙主要还是想借乐视平台转型，在多个盈,"https://guba.eastmoney.com/news,300104,934916774.html",2020-06-01 22:53:34,融创拿走的那俩破公司对孙宏斌来说就是赔钱货，孙主要还是想借乐视平台转型，在多个盈利点而已，只不过就是手下人办事不利，没屡清思路，钱投进去怎么回本和盈利都没想清楚，这不是老板的事，而是办事人把孙红彬给忽悠了，所以越走越乱，160亿拿俩破公司和点工业用地就是笑话，所以融创宁愿鱼死网破要这个面子，也得把乐视给整退市，除非贾跃亭让点利给融创点面子，要不这个局不好破
买了一手试了试，能买。押上子弹，静待进入买点,"https://guba.eastmoney.com/news,300104,936632395.html",2020-06-08 10:17:30,买了一手试了试，能买。押上子弹，静待进入买点
这个不用看了，可以直接删除了，不到0.2开不了,"https://guba.eastmoney.com/news,300104,936631280.html",2020-06-08 10:16:07,这个不用看了，可以直接删除了，不到0.2开不了
乐视网的退市=孙宏斌的衰弱开始。=资本玩法到极致。,"https://guba.eastmoney.com/news,300104,936627771.html",2020-06-08 10:12:19,乐视网的退市=孙宏斌的衰弱开始。=资本玩法到极致。
有人买了，哈哈抢啊,"https://guba.eastmoney.com/news,300104,936592565.html",2020-06-08 09:34:38,有人买了，哈哈抢啊
如果真的跌到几毛钱就不要卖了。股价留在手里当股东，乐视肯定还会重组借壳上市的,"https://guba.eastmoney.com/news,300104,936591805.html",2020-06-08 09:33:49,如果真的跌到几毛钱就不要卖了。股价留在手里当股东，乐视肯定还会重组借壳上市的
想卖的赶紧卖想买的赶紧买,"https://guba.eastmoney.com/news,300104,936625811.html",2020-06-08 10:09:56,"想卖的赶紧卖
想买的赶紧买"
支持孙宏斌，看到他亏160亿哭了，我才好受一点，160亿是可以买下茅台一千万股的,"https://guba.eastmoney.com/news,300104,936627448.html",2020-06-08 10:11:53,支持孙宏斌，看到他亏160亿哭了，我才好受一点，160亿是可以买下茅台一千万股的在一千多元价钱下。
700万手出货的是真的被收割太久,"https://guba.eastmoney.com/news,300104,936626544.html",2020-06-08 10:10:31,700万手 出货的是真的被收割太久
主力快翘板,"https://guba.eastmoney.com/news,300104,936624499.html",2020-06-08 10:08:33,主力快翘板
满仓,"https://guba.eastmoney.com/news,300104,936624956.html",2020-06-08 10:09:14,满仓
贾跃亭破产重组仅“一步之遥” 承诺将解决大部分乐视体系债务,"https://guba.eastmoney.com/news,300104,915255156.html",2020-03-21 03:13:15,"来源：证券日报 作者：龚梦泽


　　为实现法拉第未来FaradayFuture(简称FF)量产上市，贾跃亭力争的破产重组案件终于即将走到最后的债权人投票环节。

　　《证券日报》记者最新获悉，美国洛杉矶当地时间3月19日上午，加州中区破产法院正式批准了贾跃亭的破产重组资产披露声明和持产债务人贷款(DipLoan)申请，并全面驳回懒财要求驳回破产重组的动议。
　　美法院认为，债务人(贾跃亭)提交的第四版披露声明提供了足够的信息，满足破产重组的法律要求。对此，贾跃亭债务处理小组发布声明表示，针对贾跃亭破产重组方案将进入投票程序，债权人投票将于4月份举行，距离最终落地实施仅剩投票最后一步。若获得通过，贾跃亭将成为在美成功进行破产重组的第一位中国人。
　　懒财反对动议被法院驳回
　　回顾贾跃亭破产重组案攻防战，可谓旷日持久。美国当地时间3月2日，贾跃亭正式向美国加州中区法院提交最新版破产重组披露声明，提交破产重组相关文件。此次法院对这一披露声明进行了确认，接下来就是债权人投票、法院最终批准和实施。
　　在此之前，在与债权人进行了多轮沟通谈判之后，贾跃亭在方案中做出了巨大让步，包括不再要求在中国解除个人债务，直到债权人从信托中受偿比例达到40%，或者其从信托以及其他途径获得的偿付比例达到获准债务索赔分配额的100%。
　　需要指出的是，债权人将有权在国内继续处置破产提起日前已经冻结或已抵押、质押的资产，且受偿金额不计入上述40%；同时，获准债权人将会再获得高达4%的利息，以及根据累计阶梯分账的原则获得过10亿美元的超额收益。
　　“法院对披露声明予以认可，说明贾跃亭个人资产披露的真实性得到了债委会和法院层面的确认。”有知情人士表示，懒财驳回破产重组的动议被法院驳回，表明其行为并未得到支持。
　　值得一提的是，案件期间贾跃亭、甘薇离婚案曾成为各界关注的焦点，贾跃亭被指存在借离婚提前转移资产的行为。针对上述疑虑，经过贾跃亭、甘薇和债委会的三方协商，甘薇放弃了优先分割夫妻共同财产的权利，将会在债权人信托成立后与全体债权人平等受偿，而且权利主张仅占信托总额的13%左右。
　　在最新提交的条款清单中，前述三方也针对甘薇的相关权利的偿付机制达成了一致。核心内容是，唯有贾跃亭破产重组成功加上FaradayFuture(FF)的最终成功，甘薇才有可能跟全体债权人一起得到资金偿付。
　　承诺解决大部分乐视体系债务
　　针对备受关注的乐视体系债务，贾跃亭债务处理小组负责人表示，除了少量直接债务外，贾跃亭此次破产重组解决的基本都是个人担保债务问题，均由乐视股权融资时的个人担保产生，因此本次破产重组将解决乐视体系债权投资人和大部分股权投资人的问题。
　　“对于乐视网债务问题，贾跃亭债务处理小组与乐视上市体系和国内相关监管部门一直进行着实际方案的推进。从2017年7月开始，已累计解决上市体系(含乐融致新)关联欠款超27亿元，具体可参照上市公司历次公告。在此次贾跃亭破产重组的债权人信托方案中，也已经同步考虑乐视网相关债务问题。”该名负责人告诉记者。
　　上述人士进一步表示，贾跃亭有信心跟各位债权人一起推动破产重组案的尽快完成，以解除FF在中国发展业务和全球股权融资的最大障碍，全力以赴实现FF资产价值最大化，继而保护全体债权人的最大利益并彻底解决债务问题，尽责到底。
（文章来源：证券日报） [点击查看原文]
#热点追踪#
展开阅读全文"
拍卖不会成功的，只有破产重组这条路，债权变为股权，才会有希望,"https://guba.eastmoney.com/news,300104,936623476.html",2020-06-08 10:07:28,拍卖不会成功的，只有破产重组这条路，债权变为股权，才会有希望
乐视手机和360手机其实就是酷派手机质量差,"https://guba.eastmoney.com/news,300104,936623425.html",2020-06-08 10:07:00,乐视手机和360手机其实就是酷派手机质量差
大盘的暴涨，无异于一盆浓盐冰水，泼在乐傻下面的巨大割伤口上[大笑]巨骗贾笑哈哈。,"https://guba.eastmoney.com/news,300104,936598348.html",2020-06-08 09:40:55,大盘的暴涨，无异于一盆浓盐冰水，泼在乐傻下面的巨大割伤口上巨骗贾笑哈哈。
王多鱼在不在，保证这股能完成你的目标,"https://guba.eastmoney.com/news,300104,936594664.html",2020-06-08 09:37:02,这真的不得涨
我们从未要求孙不停花钱救乐视网，只要求处罚他掏空乐视网,"https://guba.eastmoney.com/news,300104,934626216.html",2020-06-01 09:17:04,有些人总在这里颠倒黑白，说我们要求猴子不停花钱救乐视网。我们只希望他在明确说了要放弃乐视网的时候，是真的放弃，而不是想尽办法掏空乐视网。放弃乐视网，就是让自己的人继续控制董事会？这是哪门子放弃？他只是二股东，谁逼着他必须控制了？
一块钱一股有要的速度29900股,"https://guba.eastmoney.com/news,300104,936593498.html",2020-06-08 09:35:37,一块钱一股 有要的速度 29900股
都是矿啊,"https://guba.eastmoney.com/news,300104,936614916.html",2020-06-08 09:58:05,都是矿啊
继续堆到一千万手，哈哈哈,"https://guba.eastmoney.com/news,300104,936619383.html",2020-06-08 10:02:49,继续堆到一千万手，哈哈哈
有没有机会出来重新上市的可能性有多大?,"https://guba.eastmoney.com/news,300104,919961867.html",2020-04-04 17:31:46,有没有机会出来 重新上市的可能性有多大?
股市有风险，时刻须谨慎。,"https://guba.eastmoney.com/news,300104,936613865.html",2020-06-08 09:56:43,股市有风险，时刻须谨慎。
不会复核了这个公告出来后,"https://guba.eastmoney.com/news,300104,934916866.html",2020-06-01 22:54:09,不会复核了这个公告出来后
真的是最大的骗子贾药婷,"https://guba.eastmoney.com/news,300104,936612375.html",2020-06-08 09:55:23,真的是最大的骗子贾药婷
湘K47AQ8，你是来搞笑的吗？,"https://guba.eastmoney.com/news,300104,936622208.html",2020-06-08 10:06:03,你去撬一下盘我看看！哈哈
跃亭先生你在线吗？今天心情如何？,"https://guba.eastmoney.com/news,300104,936209580.html",2020-06-05 13:50:14,跃亭先生你在线吗？今天心情如何？
今天下午开板了,"https://guba.eastmoney.com/news,300104,936613812.html",2020-06-08 09:57:02,今天下午开板了
这个连板要是涨停就好了[胜利],"https://guba.eastmoney.com/news,300104,936613601.html",2020-06-08 09:56:49,这个连板要是涨停就好了
卖不出去，是清零吗？,"https://guba.eastmoney.com/news,300104,936613408.html",2020-06-08 09:56:38,卖不出去，是清零吗？
今天1.39元600多万手封单,"https://guba.eastmoney.com/news,300104,936610425.html",2020-06-08 09:53:35,一些乐视网股民的智力走向正常了，知道第一要务是挂单出逃，尽管没有希望在这几天出逃，但还是去努力了。希望乐视网股民在往后的日子里继续挂单，不要在通往财富灭失的道路上走下去。
这票能不能融券,"https://guba.eastmoney.com/news,300104,936604819.html",2020-06-08 09:47:32,这票能不能融券
坑人啊！,"https://guba.eastmoney.com/news,300104,936607788.html",2020-06-08 09:50:55,坑人啊！
谁也跑不了！,"https://guba.eastmoney.com/news,300104,936608299.html",2020-06-08 09:51:28,谁也跑不了！
妥妥滴,"https://guba.eastmoney.com/news,300104,936606623.html",2020-06-08 09:49:26,妥妥滴
乐视6个五年收购计划：第一个5年2000亿，第二个5年20亿，第三个5年2000,"https://guba.eastmoney.com/news,300104,936604745.html",2020-06-08 09:47:28,乐视6个五年收购计划：第一个5年2000亿，第二个5年20亿，第三个5年2000万…第六个5年：哈！我用一盒玉溪烟就办了：太神奇了！
有希望，可能复议通过会继续停牌，也就是说，只要这次不进入退市整理期我就赢了～,"https://guba.eastmoney.com/news,300104,934893151.html",2020-06-01 20:54:28,有希望，可能复议通过会继续停牌，也就是说，只要这次不进入退市整理期 我就赢了～
市场行为消化一切,"https://guba.eastmoney.com/news,300104,936605467.html",2020-06-08 09:48:32,市场行为消化一切
磨砺前行出来走两步？,"https://guba.eastmoney.com/news,300104,936605101.html",2020-06-08 09:48:02,@磨砺前行
为什么卖不掉,"https://guba.eastmoney.com/news,300104,936594801.html",2020-06-08 09:37:14,为什么卖不掉
芒果视频，优酷，爱奇艺，腾讯视频比乐视视频好在哪？,"https://guba.eastmoney.com/news,300104,936580432.html",2020-06-08 09:07:41,芒果视频，优酷，爱奇艺，腾讯视频比乐视视频好在哪？
孙总亏了160多亿，这钱不是钱，他不救吗，他很有钱吗，马云也会把160亿不当钱吗,"https://guba.eastmoney.com/news,300104,936574776.html",2020-06-08 08:33:46,孙总亏了160多亿，这钱不是钱，他不救吗，他很有钱吗，马云也会把160亿不当钱吗，做生意的不都很抠吗，他为什么这么大方？
甲鱼出来露个头，别当缩头乌龟。,"https://guba.eastmoney.com/news,300104,936603188.html",2020-06-08 09:45:47,甲鱼出来露个头，别当缩头乌龟。
贾跃亭冻结的股份会永远不给贾跃亭吗？贾跃亭有钱会赎回吗？贾跃亭会有钱吗？,"https://guba.eastmoney.com/news,300104,936592783.html",2020-06-08 09:34:54,贾跃亭冻结的股份会永远不给贾跃亭吗？贾跃亭有钱会赎回吗？贾跃亭会有钱吗？
明知道后面还有N个跌停，还有傻蛋买？中国散户就是人傻钱多。,"https://guba.eastmoney.com/news,300104,936586660.html",2020-06-08 09:24:57,明知道后面还有N个跌停，还有傻蛋买？中国散户就是人傻钱多。
28万股民大逃生、仅108万元成功出逃！今日起 乐视网会有多少个跌停？,"https://guba.eastmoney.com/news,300104,936286513.html",2020-06-05 16:42:22,"来源：每日经济新闻
　　从今天起，曾经的创业板一哥乐视网就正式进入退市倒计时阶段。为期三十个交易日的退市整理期，是28.08万股东最后的交易机会。
　　6月5日开盘，乐视网毫无悬念的一字跌停，报1.52元，截至收盘封单835万手(大约12.6亿元的抛盘)，只成交了108.9万元。留给乐视网及其股民的时间，真的不多了。
　　乐视网股东大逃生
　　2018年，乐视因度经审计的归属于上市公司股东的期末净资产为负值，公司股票自2019年5月13日起暂停上市。
　　乐视网2019年年度报告中，归属于上市公司股东的净利润、扣除非经常性损益后的净利润、期末净资产均为负值，且被出具了保留意见的审计报告。
　　今年5月14日，乐视网收到深交所终止其股票上市的决定。按相关规定，乐视网股票从6月5日起进入退市整理期交易，股票简称变为“乐视退”，涨跌幅限制10%，开盘参考价1.69元/股，退市整理期为三十个交易日，预计最后交易日期为7月20日。退市整理期届满次一个交易日，深交所对乐视网股票予以摘牌。
　　6月5日早盘，乐视网毫无悬念的一字跌停，报1.52元，市值仅60.64亿元。截至发稿，乐视退封单逾800万手，成交108.9万元，最新总市值60.6亿元。
　　根据安排，退市整理期首日的开盘参考价为1.69元，退市整理期为30个交易日，预计最后交易日期为2020年7月20日。期间，公司股票全天停牌的不计入退市整理期。公司因特殊原因向深圳证券交易所申请股票全天停牌的，累计停牌天数不超过五个交易日。
　　公司股票退市后，还是有地方可以转让。根据规定，乐视网股票终止上市后将转入全国中小企业股份转让系统进行股份转让。
　　不过，值得注意的是，一般退市股进入股转系统后，流通性相较于在A股市场时会大幅萎缩，缺少转让机会。
　　另外，根据深交所对于创业板公司退市的规定，作为创业板公司，乐视网退市后不得重新上市，没有可能再回到A股市场。
　　截至今年一季度末，乐视网的股东户数仍然众多，超28万户。
　　孙宏斌已“割肉”
　　就在面临退市摘牌前，乐视网还发生了一笔交易。对此，深交所火速下发关注函。
　　6月3日晚间，乐视网发布股权变动报告书显示，天津盈瑞汇鑫企业管理有限公司(以下简称盈瑞汇鑫)与致新云网企业管理(天津)有限公司(以下简称致新云网)于5月22日签署《股权转让协议书》，致新云网受让盈瑞汇鑫持有的天津嘉睿汇鑫企业管理有限公司(以下简称嘉睿汇鑫)100%的股权，即间接受让嘉睿汇鑫持有的乐视网341422214股股份，占公司总股本的8.56%，相关股权转让对价为0元。
　　嘉睿汇鑫是持有乐视网8.56%股份的第二大股东，而融创集团通过合约控制的盈瑞汇鑫此前持有嘉睿汇鑫100%股份，即融创集团间接持有乐视网8.56%股份。
　　本次权益变动后，融创中国将不再持有乐视网股份。这也意味着，融创中国与乐视网曾经的“世纪合作”，最终以分手告终。
　　4日，深交所向乐视网下发关注函，要求乐视说明盈瑞汇鑫转让其所持有的嘉睿汇鑫100%股权的原因，本次股权转让对价为0元的定价依据以及合理性，融创相关方是否存在规避股份减持限制的情形。受让方致新云网以及其控股股东、实际控制人、董事、监事、高级管理人员是否与融创集团、盈瑞汇鑫存在关联关系或者其他隐性关系。
　　对此，致新云网方面发布公告称，公司为合法设立且有效存续的有限责任公司，成立于2020年3月25日。致新云网不存在负有到期未清偿的且处于持续状态的债务；自成立以来不存在证券市场失信行为、重大违法行为或涉嫌重大违法行为。
　　截至发稿，乐视网尚未对深交所关注函给予回复。
　　回顾孙宏斌与贾跃亭“牵手”之初，相谈甚欢。
　　2017年初，融创中国宣布投资入股乐视网，斥资60.41亿元收购乐视网8.61%股权，成为乐视网第二大股东。然而随后的一系列风波，尤其是乐视财务和业务的困境，促使融创又逐渐退出。
　　此外，乐视网也让多家券商在股票质押业务上吃到苦头，其中也包括西部证券。据西部证券公告披露，截至2017年底，公司共计质押股票“乐视网”融出本金10.2亿元，当年公司为此计提减值准备4.39亿元。而在此后两年内，西部证券持续增加对“乐视网”质押融出本金计提减值准备，截至去年上半年，已累计计提减值准备9.62亿元。至此，西部证券已几乎将为“乐视网”质押融出的全部本金进行了减值计提。
　　普通投资者如何止损
　　从以往退市公司股价在退市整理期的表现来看，最终的结局都非常惨痛，多数都会继续深跌。根据以往退市股数据，最终退市时它们的市值往往低于5亿元，而乐视网目前的总市值高达67亿。
　　而在刚进入退市整理期的几天，绝大多数股票更是会连续跌停，缺乏卖出机会，基本没有例外情况出现，比如2020年摘牌的退市保千、退市华业、神城A退等。
　　在这样的情况下，普通投资者有什么避损指南呢？我们就来回顾一下跌停板挂单技巧吧。
　　第一步：算好跌停价
　　前一交易日收盘价乘以90%后四舍五入到分(ST股是95%)，就是跌停价格了。
　　第二步：第一时间挂单
　　虽然第一个跌停跑出来的希望比较渺茫，但完全不努力似乎对不起自己的钱。
　　要知道，跌停价也是有成交的。如何能让我的卖单成交呢？
　　在此，有必要给大家复习下挂单的技巧了。
　　我们知道，成交的时候价格优先>时间优先，跌停的话大家都挂跌停价，价格一样，要想成交只有抢时间，时间怎么抢呢？
　　先看看集合竞价都是怎么排队的吧。
　　营业部方面，所有的委托都是9:15以前在券商服务器存放，9:15:00发送。
　　交易所方面，9:15:00开始对各个券商席位进行轮询，轮询是随机的，抽到谁就是谁，无规律可言。
　　所以你能不能在几千万股排队跌停板上卖出，取决于：你是否是证券公司的第一笔委托，以及你所在的证券公司在第一轮轮询的次序。
　　券商有个服务叫夜市委托。每天收盘后，券商对当天交易结算，将数据传送到中登公司。然后，就能接受下一交易日的委托了，你在他接受委托的第一时间挂单，按照时间优先规则，成交的可能性就相对会高一点。
　　各家券商结算的时间各不相同，早的可能是晚上5、6点，一般8、9点，但肯定在晚上12点前都会结算完毕。比如国信是晚上6:30开始可以挂第二天的单，民生则是晚上12:00。这个时间早晚不重要，就像食堂开饭，A公司11点开餐，B公司11点半，C公司12点，无所谓，反正都是满足本公司人员的用餐需求，你想排第一，就踩着自家公司的饭点儿去排队。
　　所以，不知道自己券商结算时间的可以赶紧打电话去问问，如果排名靠前的话，可能会有一丝丝希望。
　　(本文内容仅供参考，不作为投资依据。投资者据此操作，风险自担。)
（文章来源：每日经济新闻） [点击查看原文]
#热点追踪#
展开阅读全文"
终于开盘了，普天同庆,"https://guba.eastmoney.com/news,300104,936043028.html",2020-06-05 09:16:30,乐视网终于开盘了，今天是玩的是龟兔赛跑游戏，游戏主题是看谁跑的快。乐视从上市到辉煌到下坡衰落，再到今天终止上市地步，这所有一切都离不开大股东责任，大股东在整个全过程扮演了重要角色。让我们回顾一下曾经辉煌，公司初步上市时，大股东及全体成员努力想把公司做强做大，当公司做到水涨床高达到巅峰时候，大股东开始飘了或者说大股东已经不具有能力来掌控它的方向，最后慢慢走向衰落灭亡，现在很多公司都有类似情况，公司只要稍微好点或者股价高点大股东实控人就开始各种飘，各种不切实际好高骛远梦遗了，这就是为啥很多公司无法继续做强做大做到中国500强，世界500强根本原因，而那些往往自始至终不忘初梦那怕辉煌之时也尚存有危机之感人或企业往往会自我发展自我创新，始终保持着一种稳健发展模式，不浮夸不高傲不自诩，这才是它真正活了下来，慢慢成长到中国500强，世界500强。我们认为企业发展自始至终都源于不断创新，但创新要切合实际，尊重客观事实，那些虚无缥缈浮夸靠炒作来吸引业绩的企业往往不会走的更远。再次致敬28万乐视小散，你们将被历史铭记，永垂不朽！
风暴玩完玩乐视。 明天继续涨停。,"https://guba.eastmoney.com/news,300104,935898195.html",2020-06-04 15:10:41,
哈哈哈哈哈哈哈好舒服啊！,"https://guba.eastmoney.com/news,300104,936595164.html",2020-06-08 09:37:19,哈哈哈哈哈哈哈好舒服啊！
不能让真相随着股票一起退市！乐视股民振作起来！,"https://guba.eastmoney.com/news,300104,936584554.html",2020-06-08 09:21:00,不能让真相随着股票一起退市！乐视股民振作起来！
没事了，没事了。创业版股票退市以后。。,"https://guba.eastmoney.com/news,300104,936492462.html",2020-06-07 11:20:33,没事了，没事了。创业版股票退市以后，如果收入，资入，净利润达到主版上市的标准，以后还可以到主版上市的。相信乐视一定行得。。
收盘前6000手大单突袭！28万股东灵魂追问：乐视退还有戏吗？,"https://guba.eastmoney.com/news,300104,936310624.html",2020-06-05 19:01:14,"来源：每日经济新闻
　　曾经的创业板一哥乐视网今日终于在万众瞩目之下复牌了。
　　名字已经变更为“乐视退”，股价也是“阴阳两相隔”：昔日乐视网最高价一度达到179元/股，而在今日直接跌停，收报1.52元/股，有835万手卖单趴在跌停板上。从今日全天的成交来看，乐视退仅成交7164手，成交金额仅109万元。
　　不过，“每经牛眼”注意到，在7164手的成交量中，有绝大部分均在收盘前4分钟时完成：14:56时，出现了一个6108手的巨大买单，虽然未能冲开跌停，但是也在乐视退的28万股东心中点亮了一颗小火苗——毕竟暴风集团临近退市也能8天股价翻倍，而且退市在即的瑞幸咖啡也能一天暴涨57%啊！说不定还有出逃的机会？
　　乐视退尾盘6000手大单出逃成功
　　乐视网还是回来了。
　　乐视退，也就是曾经的乐视网今日复牌，开盘即跌停，股价报1.52元。此前，乐视网股票已被深交所决定终止上市，今日正式进入为期30个交易日的退市整理期，预计最后交易日期为7月20日。
乐视退近期日K线图
　　截至收盘，乐视退的跌停板上趴着835万手大单想要出逃，合计约12.7亿元。公开资料显示，截至3月31日，乐视网股东数量为28.08万户。这也意味着，退市前这30个交易日成为这28万投资者最后的出逃机会。
　　不过，今日真正出逃的资金只有109万元，约合7164手。 “每经牛眼”注意到，在这7164手的成交量中，竟然有绝大部分均在收盘前4分钟时完成：14:56时，出现了一个6108手(约合93万元)的大买单。
乐视退今日分时图
乐视退笔盘分时成交示意图
　　虽然与跌停板上的天量卖单相比，这笔买单实在是微不足道，而且也无力撬板，但对于快被悲观失望情绪淹没的乐视退股东来说，无疑是抓住了一根救命的稻草，哪怕这根稻草细得不能再细。
　　同时，这笔异常的卖单也引起了网友的热议：
图片来源：东方财富股吧
　　那么，是不是会有啥利好消息呢？据媒体报道，记者以投资者身份致电乐视网，投资者关系部相关工作人员表示，在退市整理期交易期间，公司将不筹划或实施重大资产重组事项。此外，乐视网曾宣布，深圳证券交易所创业板不接受公司股票重新上市的申请，因此公司股票退市后，将不能重新上市。
　　暴风“天地板”、瑞幸暴涨57%
　　当然，对于被关在乐视退的这个“牢笼”中的28万股民来说，任何一点可能引发“出逃”这一乐观想象的苗头都是值得重点关注的，毕竟暴风集团面临退市股价也能8天翻倍，而且造假即将退市的瑞幸咖啡昨天也暴了57%呢！
　　在昨日“每经牛眼”的头条文章《就问你服不服：月底面临退市，股价照样8天翻倍！昔日创业板之王6万股东哭笑不得，究竟谁在“刀口舔血”？》中，就提到了暴风集团即将在本月30日被交易所暂停上市，或将在7月30日就会被终止上市，但从5月26日到昨日，股价从5月26日盘中创出上市5年来的历史新低点1.33元/股后，8个交易日暴收6个涨停，股价涨幅高达93%，接近翻倍！
　　而在今天，暴风集团又火了一把：早盘以涨停价开盘，报2.83元/股，再创近2个月新高。不过之后瞬间跌停，走出一个惊心动魄的“天地板”，全天成交(也即是出逃)了5560万元。
暴风集团近期日K线图
　　而在昨日的美股，也有一只即将退市的个股“咸鱼翻身”：已经被纳斯达克交易所下达了“摘牌令”的瑞幸咖啡，一改复牌后的弱势，盘中暴涨超过90%，收盘大涨56.98%，站上了4美元/股的整数关口。而在前期复牌后最低跌至仅1.33美元/股。
瑞幸咖啡分时图
　　有暴风集团和瑞幸咖啡这两条“咸鱼”在前，乐视退28万股东对自己被埋钞票的侥幸心理是可能理解的。
　　但是，“每经牛眼”想说的是，侥幸归侥幸，期望值还是不要太高了，毕竟乐视退是一只毫无价值的垃圾股，“奇迹”发生的可能性实在太小了。
　　“接盘侠”在复牌前的神秘操作
　　除了小散，被乐视退拖下水的还有一大把机构。
　　“每经牛眼”注意到，此前乐视网的“接盘侠”融创，在乐视退复牌前进行了一笔神秘操作。
　　2020年6月3日晚间，融创房地产集团有限公司披露《简式权益变动报告书》，天津盈瑞汇鑫企业管理有限公司(由融创集团通过合约控制)与致新云网企业管理(天津)有限公司于5月22日签署《股权转让协议书》，致新云网受让盈瑞汇鑫持有的天津嘉睿汇鑫企业管理有限公司100%的股权，即间接受让嘉睿汇鑫持有的乐视网341422214股股份，占乐视网总股本的8.56%，相关股权转让对价为0元。
　　简单来说，就是融创集团把自己间接持有的乐视网8.56%股份，转让给了致新云网。
　　资料显示，致新云网成立于今年3月25日，由泰合永信企业管理(天津)合伙企业与泰合永诚企业管理(天津)合伙企业各持股50%，这两家企业背后是一家共同的公司——天津泰合盈信企业管理有限公司，由李晓伟和朱鹏博分别持有这家公司50%的股权。李晓伟是致新云网的实际控制人，其名下担任股东和法人的公司仅有致新云网和泰合盈信。而致新云网的监事朱鹏博，则同时担任乐视新媒体文化(天津)有限公司的法人，这家公司是乐视网100%持股企业。
　　《乐视网：第二期股票期权激励计划激励对象名单》中，也有一位朱鹏博，职位为出纳兼助理，属于“其他核心技术(业务)人员”。如果二者为一人，那么朱鹏博应是“贾氏乐视网”的老员工。
　　2017年1月，融创中国发公告称，嘉睿汇鑫以60.41亿元收购乐视网8.61%股权，成为乐视网第二大股东。这笔交易，花了融创超60亿元。3年后，这笔股权以0元价格出手，实在让人唏嘘。
　　此举背后到底是何意图，也引发了深交所的关注。深交所向乐视网下发了关注函，要求其核实说明盈瑞汇鑫转让其所持有的嘉睿汇鑫100%股权的原因，本次股权转让对价为0元的定价依据以及合理性，融创相关方是否存在规避股份减持限制的情形；本次股权受让方致新云网以及其控股股东、实际控制人、董事、监事、高级管理人员是否与融创集团、盈瑞汇鑫存在关联关系或者其他隐性关系，是否存在股权代持等。但至今乐视网仍未回应。
　　多家资管计划和上市券商“掉坑”
　　乐视退一季报显示，前十大流通股名单中，还有5家机构合计持股2.31%，包括财通基金旗下富春定增1061号资产管理计划与1076号资产管理计划、大成中证金融资产管理计划、广发中证金融资产管理计划、中欧中证金融资产管理计划等。
　　另据媒体不完全统计，2016年乐视危机爆发后，至少已有5家上市券商披露踩雷乐视网股权质押的“大雷”。
　　在西部证券2017年财务报表中显示，2016年4月，贾跃亭陆续向其质押2150万股乐视网股票，融进本金5亿元。截至2017年12月31日，西部证券共计为质押股票“乐视网”融出资金本金人民币10.185亿元。后因贾跃亭未按商定付出利钱形成背约，被西部证券于2017年7月诉讼至陕西高院。
　　2018年2月，西部证券公告称，将计提质押股票“乐视网”融出资金资产减值准备4.39亿，其中针对贾跃亭的质押减值准备为2.41亿元，超过该公司2017年度经审计归母净利润的30%。不仅如此，受该笔交易影响，2018年6月1日陕西证监局下发告知书，因西部证券在股票质押式回购交易业务部分风控指标设置不审慎等原因，将被暂停股票质押式回购交易业务6个月。
　　除了西部证券，在2018年1月，上海仲裁委员会作出裁决，要求贾跃亭向国泰君安证券支付融资本金3亿元、利息498万元以及超过2390万元的违约金等。
　　3个月后的2018年4月，裁判文书网公布的裁定书中显示，贾跃亭曾于2016年到2017年之间，与长江证券资管公司、长江证券签署过三份《长江证券股份有限公司股票质押式回购交易业务协议(三方协议)》(简称《质押回购协议》)，触及金额总计10.17亿元。在长江证券针对贾跃亭的3起诉讼中，长江资管要求贾跃亭返还的本息合计11.02亿元。
　　2018年1月28日，东方证券发布计提资产减值准备的公告，对乐视网股票质押回购计提资产减值准备1.78亿元。当年10月，乐视网公告称，法院已处置贾跃亭所持有的乐视网股票1830.82万股，股票处置所得资金直接用于偿还东方证券债务。
　　身陷麻烦的方正证券也未能幸免于乐视网的雷坑。在2019年1月发布的执行裁定书中显示，截至2018年2月，杨丽杰(乐视网前财务总监)、乐视控股等被执行人质押给申请执行人方正证券的1232.4万股乐视网股票已经全部卖出，成交金额5937.45万元。按照融资本金8000万元计算，方正证券仍然有2000余万元未收回。
　　此外，乐视网第三大股东、副董事长刘弘也曾与方正证券签订了股票质押式回购交易相关协议，刘弘以其持有的650 万股乐视网股票质押给方正证券，融入初始交易本金 1 亿元，后经过补充质押协议，刘弘向方正证券质押标的证券数量合计为850万股。
　　乐视退接下来是“自由落体”还是有奇迹发生，值得关注。
（文章来源：每日经济新闻） [点击查看原文]
#热点追踪#
展开阅读全文"
【贾跃亭2210万股乐视网股票本周将被拍卖】8日消息，据北京市第一中级人民法院发,"https://guba.eastmoney.com/news,300104,936586677.html",2020-06-08 09:24:46,【贾跃亭2210万股乐视网股票本周将被拍卖】8日消息，据北京市第一中级人民法院发布的拍卖公告显示，贾跃亭所持有的部分被冻结乐视网股权6月13日将被拍卖，起拍价55471000元，底价2.51元/股，比6月5日收盘价1.52元/股还要高65%。（界面）
无信无义，负于天下人，世人必敬而远之。贾跃亭乐视FF不可能有将来，散了吧。,"https://guba.eastmoney.com/news,300104,936587951.html",2020-06-08 09:27:23,"无信无义，负于天下人，世人必敬而远之。
贾跃亭 乐视 FF不可能有将来，散了吧。"
昨天晚上挂跌停板不知道成交不，,"https://guba.eastmoney.com/news,300104,936584628.html",2020-06-08 09:20:51,昨天晚上挂跌停板 不知道成交不，
进入股市以来亏的只剩裤衩了，这次亏的值，与该死的狗庄一起窒息，爽,"https://guba.eastmoney.com/news,300104,936579155.html",2020-06-08 09:02:50,进入股市以来亏的只剩裤衩了，这次亏的值，与该死的狗庄一起窒息，爽
停牌了？怎么没竞价？,"https://guba.eastmoney.com/news,300104,936583487.html",2020-06-08 09:18:28,停牌了？怎么没竞价？
冲孙猴子去的买了点…结果巨亏！,"https://guba.eastmoney.com/news,300104,936576703.html",2020-06-08 08:49:39,冲孙猴子去的买了点…结果巨亏！
坚决不卖，炒作至3元才能常！,"https://guba.eastmoney.com/news,300104,936576419.html",2020-06-08 08:47:18,坚决不卖，炒作至3元才能常！
斌哥，爱你哟！,"https://guba.eastmoney.com/news,300104,936587438.html",2020-06-08 09:26:19,斌哥，爱你哟！
前有暴风、瑞幸咸鱼翻身 后有收盘前6000手大单突袭！28万股东灵魂追问：乐视退还有戏吗？,"https://guba.eastmoney.com/news,300104,936444628.html",2020-06-06 19:59:57,"来源：每日经济新闻
　　曾经的创业板一哥乐视网今日终于在万众瞩目之下复牌了。
　　名字已经变更为“乐视退”，股价也是“阴阳两相隔”：昔日乐视网最高价一度达到179元/股，而在今日直接跌停，收报1.52元/股，有835万手卖单趴在跌停板上。从今日全天的成交来看，乐视退仅成交7164手，成交金额仅109万元。
　　不过，“每经牛眼”注意到，在7164手的成交量中，有绝大部分均在收盘前4分钟时完成：14:56时，出现了一个6108手的巨大买单，虽然未能冲开跌停，但是也在乐视退的28万股东心中点亮了一颗小火苗——毕竟暴风集团临近退市也能8天股价翻倍，而且退市在即的瑞幸咖啡也能一天暴涨57%啊！说不定还有出逃的机会？
　　乐视退尾盘6000手大单出逃成功
　　乐视网还是回来了。
　　乐视退，也就是曾经的乐视网今日复牌，开盘即跌停，股价报1.52元。此前，乐视网股票已被深交所决定终止上市，今日正式进入为期30个交易日的退市整理期，预计最后交易日期为7月20日。
乐视退近期日K线图
　　截至收盘，乐视退的跌停板上趴着835万手大单想要出逃，合计约12.7亿元。公开资料显示，截至3月31日，乐视网股东数量为28.08万户。这也意味着，退市前这30个交易日成为这28万投资者最后的出逃机会。
　　不过，今日真正出逃的资金只有109万元，约合7164手。“每经牛眼”注意到，在这7164手的成交量中，竟然有绝大部分均在收盘前4分钟时完成：14:56时，出现了一个6108手(约合93万元)的大买单。
乐视退今日分时图
乐视退笔盘分时成交示意图
　　虽然与跌停板上的天量卖单相比，这笔买单实在是微不足道，而且也无力撬板，但对于快被悲观失望情绪淹没的乐视退股东来说，无疑是抓住了一根救命的稻草，哪怕这根稻草细得不能再细。
　　同时，这笔异常的卖单也引起了网友的热议：【点击查看原帖】
图片来源：东方财富股吧
　　那么，是不是会有啥利好消息呢？据媒体报道，记者以投资者身份致电乐视网，投资者关系部相关工作人员表示，在退市整理期交易期间，公司将不筹划或实施重大资产重组事项。此外，乐视网曾宣布，深圳证券交易所创业板不接受公司股票重新上市的申请，因此公司股票退市后，将不能重新上市。
　　暴风“天地板”、瑞幸暴涨57%
　　当然，对于被关在乐视退的这个“牢笼”中的28万股民来说，任何一点可能引发“出逃”这一乐观想象的苗头都是值得重点关注的，毕竟暴风集团面临退市股价也能8天翻倍，而且造假即将退市的瑞幸咖啡昨天也暴了57%呢！
　　在昨日“每经牛眼”的头条文章《就问你服不服：月底面临退市，股价照样8天翻倍！昔日创业板之王6万股东哭笑不得，究竟谁在“刀口舔血”？》中，就提到了暴风集团即将在本月30日被交易所暂停上市，或将在7月30日就会被终止上市，但从5月26日到昨日，股价从5月26日盘中创出上市5年来的历史新低点1.33元/股后，8个交易日暴收6个涨停，股价涨幅高达93%，接近翻倍！
　　而在今天，暴风集团又火了一把：早盘以涨停价开盘，报2.83元/股，再创近2个月新高。不过之后瞬间跌停，走出一个惊心动魄的“天地板”，全天成交(也即是出逃)了5560万元。
暴风集团近期日K线图
　　而在昨日的美股，也有一只即将退市的个股“咸鱼翻身”：已经被纳斯达克交易所下达了“摘牌令”的瑞幸咖啡，一改复牌后的弱势，盘中暴涨超过90%，收盘大涨56.98%，站上了4美元/股的整数关口。而在前期复牌后最低跌至仅1.33美元/股。
瑞幸咖啡分时图
　　有暴风集团和瑞幸咖啡这两条“咸鱼”在前，乐视退28万股东对自己被埋钞票的侥幸心理是可能理解的。
　　但是，“每经牛眼”想说的是，侥幸归侥幸，期望值还是不要太高了，毕竟乐视退是一只毫无价值的垃圾股，“奇迹”发生的可能性实在太小了。
　　“接盘侠”在复牌前的神秘操作
　　除了小散，被乐视退拖下水的还有一大把机构。
　　“每经牛眼”注意到，此前乐视网的“接盘侠”融创，在乐视退复牌前进行了一笔神秘操作。
　　2020年6月3日晚间，融创房地产集团有限公司披露《简式权益变动报告书》，天津盈瑞汇鑫企业管理有限公司(由融创集团通过合约控制)与致新云网企业管理(天津)有限公司于5月22日签署《股权转让协议书》，致新云网受让盈瑞汇鑫持有的天津嘉睿汇鑫企业管理有限公司100%的股权，即间接受让嘉睿汇鑫持有的乐视网341422214股股份，占乐视网总股本的8.56%，相关股权转让对价为0元。
　　简单来说，就是融创集团把自己间接持有的乐视网8.56%股份，转让给了致新云网。
　　资料显示，致新云网成立于今年3月25日，由泰合永信企业管理(天津)合伙企业与泰合永诚企业管理(天津)合伙企业各持股50%，这两家企业背后是一家共同的公司——天津泰合盈信企业管理有限公司，由李晓伟和朱鹏博分别持有这家公司50%的股权。李晓伟是致新云网的实际控制人，其名下担任股东和法人的公司仅有致新云网和泰合盈信。而致新云网的监事朱鹏博，则同时担任乐视新媒体文化(天津)有限公司的法人，这家公司是乐视网100%持股企业。
　　《乐视网：第二期股票期权激励计划激励对象名单》中，也有一位朱鹏博，职位为出纳兼助理，属于“其他核心技术(业务)人员”。如果二者为一人，那么朱鹏博应是“贾氏乐视网”的老员工。
　　2017年1月，融创中国发公告称，嘉睿汇鑫以60.41亿元收购乐视网8.61%股权，成为乐视网第二大股东。这笔交易，花了融创超60亿元。3年后，这笔股权以0元价格出手，实在让人唏嘘。
　　此举背后到底是何意图，也引发了深交所的关注。深交所向乐视网下发了关注函，要求其核实说明盈瑞汇鑫转让其所持有的嘉睿汇鑫100%股权的原因，本次股权转让对价为0元的定价依据以及合理性，融创相关方是否存在规避股份减持限制的情形；本次股权受让方致新云网以及其控股股东、实际控制人、董事、监事、高级管理人员是否与融创集团、盈瑞汇鑫存在关联关系或者其他隐性关系，是否存在股权代持等。但至今乐视网仍未回应。
　　多家资管计划和上市券商“掉坑”
　　乐视退一季报显示，前十大流通股名单中，还有5家机构合计持股2.31%，包括财通基金旗下富春定增1061号资产管理计划与1076号资产管理计划、大成中证金融资产管理计划、广发中证金融资产管理计划、中欧中证金融资产管理计划等。
　　另据媒体不完全统计，2016年乐视危机爆发后，至少已有5家上市券商披露踩雷乐视网股权质押的“大雷”。
　　在西部证券2017年财务报表中显示，2016年4月，贾跃亭陆续向其质押2150万股乐视网股票，融进本金5亿元。截至2017年12月31日，西部证券共计为质押股票“乐视网”融出资金本金人民币10.185亿元。后因贾跃亭未按商定付出利钱形成背约，被西部证券于2017年7月诉讼至陕西高院。
　　2018年2月，西部证券公告称，将计提质押股票“乐视网”融出资金资产减值准备4.39亿，其中针对贾跃亭的质押减值准备为2.41亿元，超过该公司2017年度经审计归母净利润的30%。不仅如此，受该笔交易影响，2018年6月1日陕西证监局下发告知书，因西部证券在股票质押式回购交易业务部分风控指标设置不审慎等原因，将被暂停股票质押式回购交易业务6个月。
　　除了西部证券，在2018年1月，上海仲裁委员会作出裁决，要求贾跃亭向国泰君安证券支付融资本金3亿元、利息498万元以及超过2390万元的违约金等。
　　3个月后的2018年4月，裁判文书网公布的裁定书中显示，贾跃亭曾于2016年到2017年之间，与长江证券资管公司、长江证券签署过三份《长江证券股份有限公司股票质押式回购交易业务协议(三方协议)》(简称《质押回购协议》)，触及金额总计10.17亿元。在长江证券针对贾跃亭的3起诉讼中，长江资管要求贾跃亭返还的本息合计11.02亿元。
　　2018年1月28日，东方证券发布计提资产减值准备的公告，对乐视网股票质押回购计提资产减值准备1.78亿元。当年10月，乐视网公告称，法院已处置贾跃亭所持有的乐视网股票1830.82万股，股票处置所得资金直接用于偿还东方证券债务。
　　身陷麻烦的方正证券也未能幸免于乐视网的雷坑。在2019年1月发布的执行裁定书中显示，截至2018年2月，杨丽杰(乐视网前财务总监)、乐视控股等被执行人质押给申请执行人方正证券的1232.4万股乐视网股票已经全部卖出，成交金额5937.45万元。按照融资本金8000万元计算，方正证券仍然有2000余万元未收回。
　　此外，乐视网第三大股东、副董事长刘弘也曾与方正证券签订了股票质押式回购交易相关协议，刘弘以其持有的650 万股乐视网股票质押给方正证券，融入初始交易本金 1 亿元，后经过补充质押协议，刘弘向方正证券质押标的证券数量合计为850万股。
　　乐视退接下来是“自由落体”还是有奇迹发生，值得关注。
（文章来源：每日经济新闻） [点击查看原文]
#热点追踪#
展开阅读全文"
今天会不会开板？,"https://guba.eastmoney.com/news,300104,936578096.html",2020-06-08 08:58:05,今天会不会开板？
卖都卖不出去,"https://guba.eastmoney.com/news,300104,936585534.html",2020-06-08 09:22:52,卖都卖不出去
今天地天板，反转,"https://guba.eastmoney.com/news,300104,936585209.html",2020-06-08 09:22:31,今天地天板，反转
支持乐视,"https://guba.eastmoney.com/news,300104,936587668.html",2020-06-08 09:26:52,支持乐视
每天挂跌停板卖出100股，涨停板卖出1000股！然后就是坚决不盯盘！,"https://guba.eastmoney.com/news,300104,936579898.html",2020-06-08 09:05:50,每天挂跌停板卖出100股，涨停板卖出1000股！然后就是坚决不盯盘！
网酒网退出三板后挣扎了一年多才关闭,"https://guba.eastmoney.com/news,300104,936586360.html",2020-06-08 09:24:20,不知道乐视视频能挣扎多久
怎么也要买一手呀！要不怎么1.37收盘！一直显示1.52,"https://guba.eastmoney.com/news,300104,936584538.html",2020-06-08 09:20:58,真急人！
1.37挂跌停开始,"https://guba.eastmoney.com/news,300104,936581173.html",2020-06-08 09:11:05,1.37挂跌停开始
为什么视频网站大多亏损退市还经营得下去？,"https://guba.eastmoney.com/news,300104,936579329.html",2020-06-08 09:03:36,为什么视频网站大多亏损退市还经营得下去？
淡定，300万手，4个亿就可以撬板了！！,"https://guba.eastmoney.com/news,300104,936044089.html",2020-06-05 09:17:59,今天不撬板，下周一必撬
8日消息，据北京市第一中级人民法院发布的拍卖公告显示，贾跃亭所持有的部分被冻结乐,"https://guba.eastmoney.com/news,300104,936580958.html",2020-06-08 09:09:46,8日消息，据北京市第一中级人民法院发布的拍卖公告显示，贾跃亭所持有的部分被冻结乐视网股权6月13日将被拍卖，起拍价55471000元，底价2.51元/股，比6月5日收盘价1.52元/股还要高65%。(界面)
又停了，跑不了了。。。,"https://guba.eastmoney.com/news,300104,936583682.html",2020-06-08 09:19:10,又停了，跑不了了。。。
停牌了，哈哈,"https://guba.eastmoney.com/news,300104,936582841.html",2020-06-08 09:17:26,乐傻大利好，100个涨停。
乐视网退市后，贾跃亭的9.2亿股怎么处置？,"https://guba.eastmoney.com/news,300104,936570833.html",2020-06-08 07:55:02,乐视网退市后，贾跃亭的9.2亿股怎么处置？
我还有仓位，但是我想把我卖的全部买回可以吗,"https://guba.eastmoney.com/news,300104,936568932.html",2020-06-08 07:29:44,我还有仓位，但是我想把我卖的全部买回可以吗
预祝FF成功！乐视网凤凰磐涅！,"https://guba.eastmoney.com/news,300104,899124265.html",2020-01-18 08:29:41,"特斯拉这条鲶鱼太厉害！
（1）2020.01.16（北京时间）　中美第一阶段协议签署。
（2）2019.01.17
长安汽车(000625)1月17日晚间公告，公司与一汽、东风、兵装集团、江宁经开科技签订协议，共同发起设立T3科技平台公司，注册资本金160亿元。T3科技平台公司将通过自主研发与投资并购相结合的方式，获取电动平台及先进底盘控制、氢燃料动力、智能驾驶及中央计算三大领域技术。（证券时报）

同日，证券时报e公司记者最新从富士康集团获悉，富士康将与飞雅特克莱斯勒汽车签署合作协议，未来将设立合资企业，专注于开发及生产纯电动汽车，并进一步经营车联网业务。双方初步计划是在中国大陆生产，以供当地市场使用，未来可能用于出口。
（3）去年11月底，许主席“买买买、圈圈圈、合合合、大大大、好好好”。
（4）贾孙许一体。
（5）FF-乐视网 这盘棋太大！
　　耐心等待！"
说好的6月初生效呢，今天8号了，一声不吭。无耻至极,"https://guba.eastmoney.com/news,300104,936577595.html",2020-06-08 08:54:47,"说好的6月初生效呢，今天8号了，一声不吭。
无耻至极"
乐视网不会退市,"https://guba.eastmoney.com/news,300104,932579470.html",2020-05-23 19:37:13,"法院已经落槌，国内最重要是FF落地。国内重整合作，离不开贾总（信用和形象）。如果退市（及整理）
（1）说明贾总团队不努力，实力有限，合作方怎看？债权人怎看？
（2）广大民众和市场及投资人仍认为“欺骗”。6月初才生效，还有“坏影响”。
（3）高手看大局操控大局。就算退市整理期连续上涨，对FF乐视网这盘大棋有多少帮助？（对贾总FF乐视网，一万年太久只争朝夕！）
（4）FF成功国内落地，乐视体系（七子）及其他才是最重要的。
（5）乐视网已经不仅是乐视网及其体系，更重要的是后面更强大的投资人及债权人等…
　　欢迎高手补充和有理据不同看法。谢谢！"
去年买了3900股乐视，只看中孙洪冰，却忘了查看乐视业绩，十分后悔，以为会重组，,"https://guba.eastmoney.com/news,300104,936572564.html",2020-06-08 08:14:17,去年买了3900股乐视，只看中孙洪冰，却忘了查看乐视业绩，十分后悔，以为会重组，业绩比重组重要啊
乐视网亏300亿怎么重组？它的主业利润支持这样的重组吗？,"https://guba.eastmoney.com/news,300104,936576322.html",2020-06-08 08:46:05,乐视网亏300亿怎么重组？它的主业利润支持这样的重组吗？
我就不明白了许孙皆是人中龙凤为何会上贾的道，贾忽悠的钱他十辈子也用不完，这倒底是,"https://guba.eastmoney.com/news,300104,936572390.html",2020-06-08 08:11:59,我就不明白了 许 孙皆是人中龙凤 为何会上贾的道，贾忽悠的钱他十辈子也用不完，这倒底是为什么?
乐视退市到老三板股份还是40亿股吗,"https://guba.eastmoney.com/news,300104,936576403.html",2020-06-08 08:46:53,乐视退市到老三板股份还是40亿股吗
1元以上坚决挂跌停离场。实在跑不掉就被迫当股东呗,"https://guba.eastmoney.com/news,300104,936561219.html",2020-06-08 05:12:33,1元以上坚决挂跌停离场。实在跑不掉就被迫当股东呗
挂单挂单，跌停价4元,"https://guba.eastmoney.com/news,300104,936576235.html",2020-06-08 08:45:04,挂单挂单，跌停价4元
乐视网会债转股吗,"https://guba.eastmoney.com/news,300104,936576350.html",2020-06-08 08:46:22,乐视网会债转股吗
一分钟别停，继续,"https://guba.eastmoney.com/news,300104,936576499.html",2020-06-08 08:47:41,一分钟别停，继续
很的不合常理0元转让背后必有蹊跷。就好比下棋遇到一步看不懂的棋，只有继续看下去谜,"https://guba.eastmoney.com/news,300104,936483086.html",2020-06-07 09:18:00,很的不合常理0元转让背后必有蹊跷。就好比下棋遇到一步看不懂的棋，只有继续看下去谜底才会揭开。还信誓旦旦地说跟被转让者毫无关联，很有些此地无银三百两的味道。真要想壮士断腕不想与乐视再有瓜葛呢应该是直接申请注销持有的股权，这样就没人再说三道四了。想通过0元转让掩盖挖空做空乐视的过往事实，这根本做不到。群众的眼光是雪亮的。话说，我想0元获得别人的转让，请问谁能满足我的这个小小心愿？
五年前国安球迷骂乐视是Sb：,"https://guba.eastmoney.com/news,300104,936543032.html",2020-06-07 22:18:21,当时想怎么还有骂自己赞助商，八万人骂十分壮观，球迷的眼睛真是雪亮的！
今天私募团队来撬板，请拿好你的筹码！,"https://guba.eastmoney.com/news,300104,936572339.html",2020-06-08 08:11:14,今天私募团队来撬板，请拿好你的筹码！
第一天无悬念的以跌停价1.52收盘了。但奇怪的是。。。,"https://guba.eastmoney.com/news,300104,936268740.html",2020-06-05 15:27:41,"第一天无悬念的以跌停价1.52收盘了。
收盘时，跌停价还有有8349837手未成交，今日成交7164手。
奇怪的是尾盘14:56分钟时居然成交了6108手，占总成交量的85%。

其他时间都是零零星星的1手的多。
这6108手也要83万元这样，明知明天还会继续跌停，为何买入？
想了一下，大约是以下原因吧:
1、博收盘后有利好消息，有利好就能赚，但可能性不大；
2、做空的狗庄筹码不够，买了好明天继续砸。
明天继续看戏。"
退市股为何不执行5%涨跌幅？,"https://guba.eastmoney.com/news,300104,936574485.html",2020-06-08 08:31:09,退市股为何不执行5%涨跌幅？
字节跳动，可能会来收购乐视网！打包收。各位看吧。字节矩阵需要乐视网,"https://guba.eastmoney.com/news,300104,936549918.html",2020-06-07 23:42:20,字节跳动，可能会来收购乐视网！打包收。各位看吧。字节矩阵需要乐视网
我支持贾跃亭,"https://guba.eastmoney.com/news,300104,936415207.html",2020-06-06 13:26:27,加油，ff
乐视网的一万多个专利价值多少？乐视网的数千个版权价值多少？,"https://guba.eastmoney.com/news,300104,936575325.html",2020-06-08 08:38:43,乐视网的一万多个专利价值多少？乐视网的数千个版权价值多少？
都把单单子挂好了没有？挂不到前三名是很难成交的，聪明人会等开板后再操作，没有成交,"https://guba.eastmoney.com/news,300104,936574960.html",2020-06-08 08:34:57,都把单单子挂好了没有？挂不到前三名是很难成交的，聪明人会等开板后再操作，没有成交量挂单就是瞎胡闹！
花小钱办大事[胜利][大笑][微笑][鼓掌]唯一利好是一天比一天亏的少,"https://guba.eastmoney.com/news,300104,936574659.html",2020-06-08 08:32:53,花小钱 办大事唯一利好是一天比一天亏的少
二缺一不可：时间一到+价格一到=一网打尽。天时地利人和！,"https://guba.eastmoney.com/news,300104,936557283.html",2020-06-08 02:46:21,二缺一不可：时间一到+价格一到=一网打尽。天时地利人和！
如果我的帖子遭到骂我的人越多越好，说明我说到了他们的痛处，说到了他们的要害部位，,"https://guba.eastmoney.com/news,300104,936529951.html",2020-06-07 19:55:59,如果我的帖子遭到骂我的人越多越好，说明我说到了他们的痛处，说到了他们的要害部位，他们的目的就大打折扣，去年最后一天的秒光270万手历历在目，就怕不今年老戏重演，一路下来谁盈利了？自己琢磨琢磨
有奖竞猜，乐视网多少个跌停板以后才能被打开,"https://guba.eastmoney.com/news,300104,936493495.html",2020-06-07 11:34:07,猜中答案奖励5元
孙如果不是当初设计招商冻结老家的股份逼老贾回不了国，老贾也不会让他管理乐视网，后,"https://guba.eastmoney.com/news,300104,936539129.html",2020-06-07 21:36:35,孙如果不是当初设计招商冻结老家的股份逼老贾回不了国，老贾也不会让他管理乐视网，后来一看搞不了了，直接...
退市整理期卖不出去，进老三板连续涨停板又买不到,"https://guba.eastmoney.com/news,300104,936573584.html",2020-06-08 08:23:15,退市整理期卖不出去，进老三板连续涨停板又买不到
孙买金科赚差价，买乐视也是一样的吗？,"https://guba.eastmoney.com/news,300104,936572972.html",2020-06-08 08:17:26,孙买金科赚差价，买乐视也是一样的吗？
举报刘艳峰，举报管理层,"https://guba.eastmoney.com/news,300104,936514177.html",2020-06-07 16:26:37,刘艳峰是致新云网监事
乐视整理期涨幅会超过1.69信不信由你们,"https://guba.eastmoney.com/news,300104,936536124.html",2020-06-07 21:05:43,乐视整理期 涨幅会超过1.69信不信由你们
什么叫创业板股票不能重新上市？是主板、中小板、科创板都不能再上市吗？,"https://guba.eastmoney.com/news,300104,936547800.html",2020-06-07 23:13:22,什么叫创业板股票不能重新上市？是主板、中小板、科创板都不能再上市吗？
周五乐傻的下面被割去一块，疼得昏死过去，现在哀吟声中，阵阵疼痛渐小了一些。乐傻微,"https://guba.eastmoney.com/news,300104,936542572.html",2020-06-07 22:12:38,周五乐傻的下面被割去一块，疼得昏死过去，现在哀吟声中，阵阵疼痛渐小了一些。乐傻微微睁开眼，一个模糊的黑影和一盆冷水泼面而来。乐傻被水冰得一个激灵，紧接着是一阵剧烈的疼：是盐水！乐傻撕心裂肺的痛吼着，眼前的黑影说话了，我马上要再割你下面一块，这周要割五块。乐傻挣扎着睁大眼睛，终于看清了那黑影人的脸，竟然是贾……
我的20万股成交了,"https://guba.eastmoney.com/news,300104,936294696.html",2020-06-05 17:24:56,真没有想到
按照（公司法）第183条请求解散权规定，中小投资者可以跨过董事会，大股东和管理层,"https://guba.eastmoney.com/news,300104,936491122.html",2020-06-07 11:01:27,按照（公司法）第183条请求解散权规定，中小投资者可以跨过董事会，大股东和管理层，联合向法院提交破产清算申请，从而保护自身利益。或许这是一个不错的选择。同意的，请跟帖！！！
乐视网回应“融创0元转让股份”：不存在规避股份减持限制情况,"https://guba.eastmoney.com/news,300104,936321892.html",2020-06-05 20:21:53,"来源：第一财经
　　6月5日，乐视网进入退市整理期，股票简称变为“乐视退”，全天毫无悬念地以跌停收盘。日前，融创拟0元转让所持乐视网股份引深交所问询。
　　晚间，乐视网回复深交所关注函称，本次转让中，本次转股为盈瑞汇鑫对嘉睿汇鑫100%股权整体转让，乐视网股权仅作为嘉睿汇鑫所持资产的一部分。融创等相关方未获得任何利益和相关收入，不存在规避股份减持限制的情况。受让方致新云网与融创、盈瑞汇鑫不存在关联关系。
　　据乐视网6月2日发布的简式权益变动报告书显示，融创房地产集团及其子公司天津盈瑞将天津盈瑞所持天津嘉睿100%股权，以0元转让给致新云网。本次权益变动后，融创中国将不再持有乐视网股份。
　　此前公布的公开资料显示，天津嘉睿持有乐视网8.56%股权，为乐视网第二大股东。融创集团通过合约控制的盈瑞汇鑫持有嘉睿汇鑫100%股份，即融创集团间接持有乐视网8.56%股份。
　　随后，深交所下发关注函，对此次天津嘉睿0元转让的定价依据、致新云网与融创的关系等提出疑问。
（文章来源：第一财经） [点击查看原文]
#热点追踪#
展开阅读全文"
东财挂夜盘的人明显增加很多，是不是你们干的,"https://guba.eastmoney.com/news,300104,936554819.html",2020-06-08 01:23:31,东财挂夜盘的人明显增加很多，是不是你们干的
明天涨停,"https://guba.eastmoney.com/news,300104,936547223.html",2020-06-07 23:04:45,明天涨停
丧心病狂的乐视网信息技术（北京）股份有限公司董事会：2020年6月2日，根据《深,"https://guba.eastmoney.com/news,300104,936541418.html",2020-06-07 21:59:50,"丧心病狂的乐视网信息技术（北京）股份有限公司董事会：
2020 年 6 月 2 日，根据《深圳证券交易所退市整理期业务特别规定（2017 年修订）》的相关规定，公司承诺在退市整理期间，公司将不筹划、不进行重大资产重组等重大事项。
2020 年 6 月 3 日晚间，赶在 2020 年 6 月 5 日退市整理期前并对外披露：融创房地产集团有限公司（以下简称“融
创集团”）披露《简式权益变动报告书》，天津盈瑞汇鑫企业管理有限公司（以下简称“盈瑞汇鑫”，由融创集团通过合约控制）与致新云网企业管理（天津）有限公司（以下简称“致新云网”）于 5月 22 日签署《股权转让协议书》，致新云网受让盈瑞汇鑫持有的天津嘉睿汇鑫企业管理有限公司（以下简称“嘉睿汇鑫”）100%的股权，即间接受让嘉睿汇鑫持有的你公司 341,422,214 股股份，占你公司总股本的8.56%，相关股权转让对价为 0 元。"
为什么刘延峰说力争恢复重新上市，而公告却说创业板不能上市？前后矛盾，谁能解释下？,"https://guba.eastmoney.com/news,300104,936548371.html",2020-06-07 23:19:43,为什么刘延峰说力争恢复重新上市，而公告却说创业板不能上市？前后矛盾，谁能解释下？谢谢。
快，夜间挂单，卖出！,"https://guba.eastmoney.com/news,300104,936541459.html",2020-06-07 22:00:22,快，夜间挂单，卖出！
1、土地储备哪去了2、优质资产超低价拍卖，又转入实控子公司,"https://guba.eastmoney.com/news,300104,936546980.html",2020-06-07 23:01:59,"1、土地储备哪去了
2、优质资产超低价拍卖，又转入实控子公司"
跌停板打卡第二天。今天的卖一压盘会更多，成交量还是1000手左右。师母一袋。。。,"https://guba.eastmoney.com/news,300104,936565681.html",2020-06-08 06:55:37,跌停板打卡第二天。今天的卖一压盘会更多，成交量还是1000手左右。师母一袋。。。
关注反正输了，买不到，卖不出，买没有50万开户，卖跌停板，出不了，想死不让，想活,"https://guba.eastmoney.com/news,300104,936519584.html",2020-06-07 17:38:00,"关注
反正输了，买不到，卖不出，买没有50万开户，卖跌停板，出不了，想死不让，想活不给，散户最可悲，这个股出来以，从此销户，我不是炒股的料。七十万股送"
新三板满一年可以进创业板或科创板吗？哈哈,"https://guba.eastmoney.com/news,300104,936559606.html",2020-06-08 04:16:42,新三板满一年可以进创业板或科创板吗？哈哈
马上发布10送20股。,"https://guba.eastmoney.com/news,300104,936555098.html",2020-06-08 01:29:50,马上发布10送20股。
讨论贴：IF现在是2019年4月14日FF也通过重组大家会买104吗,"https://guba.eastmoney.com/news,300104,936554213.html",2020-06-08 01:05:18,
既然是违规担保，谁违规依法追究刑责,"https://guba.eastmoney.com/news,300104,936552982.html",2020-06-08 00:33:53,既然是违规担保，谁违规依法追究刑责
审查抵押过程，明确责任人追收欠款,"https://guba.eastmoney.com/news,300104,936552362.html",2020-06-08 00:23:45,明确责任人追收欠款
巴菲特当时买入可口可乐的心情是什么样子的？当时他害怕不害怕可口可乐退市呀……？我,"https://guba.eastmoney.com/news,300104,936539082.html",2020-06-07 21:35:46,巴菲特当时买入可口可乐的心情是什么样子的？当时他害怕不害怕可口可乐退市呀……？我想知道........
个人感觉跑还得一次停牌现在的经济不好，几毛钱少买点赔了也别在意,"https://guba.eastmoney.com/news,300104,936551799.html",2020-06-08 00:10:58,个人感觉跑还得一次停牌现在的经济不好，几毛钱少买点赔了也别在意
真股东们，举报刘艳峰，举报管理层刘艳峰是致新云网监事,"https://guba.eastmoney.com/news,300104,936544613.html",2020-06-07 22:34:03,"真股东们，举报刘艳峰，举报管理层
刘艳峰是致新云网监事"
所有的问题出在违规担保，各执一词，最终有定论，的。韬蕴的案子也很纠缠。,"https://guba.eastmoney.com/news,300104,936545644.html",2020-06-07 22:45:27,所有的问题出在违规担保，各执一词，最终有定论，的。韬蕴的案子也很纠缠。
有的人可以交流，有的人根本就交流不了啊，就不在一个频道上，你讲东，他讲西，这种人,"https://guba.eastmoney.com/news,300104,880707301.html",2019-10-15 15:55:09,有的人可以交流，有的人根本就交流不了啊，就不在一个频道上，你讲东，他讲西，这种人眼界狭窄，思路单调，并且非常固执，遇到这样的人，你只需要送他一句话：您说的非常正确！就完事了，让他在自己的认为正确的道路上继续前行，我们继续做我们的事，没空去搭理这些废物点心！
明天会开板，今晚挂单买进去,"https://guba.eastmoney.com/news,300104,936532770.html",2020-06-07 20:28:22,明天会开板，今晚挂单买进去
应该是运作好的，厚融创把有用资产全弄走了，他不赔的！！！！,"https://guba.eastmoney.com/news,300104,936549806.html",2020-06-07 23:38:54,应该是运作好的，厚融创把有用资产全弄走了，他不赔的！！！！
满仓乐视没钱吃好的天天吃面,"https://guba.eastmoney.com/news,300104,881488801.html",2019-10-19 18:50:02,满仓乐视 没钱吃好的 天天吃面
转发,"https://guba.eastmoney.com/news,300104,936548489.html",2020-06-07 23:22:55,"转发
QyyRJFX
很抱歉，您访问的帖子不存在
很抱歉，您访问的帖子不存在
2020-06-07 21:31:25退市锐电吧"
已经开始全面看空了，陌生的ID也多了[赚大了][赚大了][赚大了][赚大了],"https://guba.eastmoney.com/news,300104,936540920.html",2020-06-07 21:54:51,已经开始全面看空了，陌生的ID也多了
乐视网为何分不到ff股权？这不是造假吗？,"https://guba.eastmoney.com/news,300104,936486722.html",2020-06-07 10:07:37,乐视网为何分不到ff股权？这不是造假吗？
10%跌停，感觉就是不一样，够爽！,"https://guba.eastmoney.com/news,300104,936547834.html",2020-06-07 23:14:03,10%跌停，感觉就是不一样，够爽！
我06进股市，亏多，但却不让散买，全场空，自己想,"https://guba.eastmoney.com/news,300104,936533562.html",2020-06-07 20:38:15,我06进股市，亏多，但却不让散买，全场空，自己想
有钱人？没睡醒？,"https://guba.eastmoney.com/news,300104,936266866.html",2020-06-05 15:22:22,有钱人？没睡醒？
