标题,链接,发布时间,内容
今日股指低开低走             ,"https://guba.eastmoney.com/news,300262,658204281.html",2017-06-20 19:01:05,是上市公司的明智选择
上涨2点,"https://guba.eastmoney.com/news,300262,658153855.html",2017-06-20 17:19:27,先锋电子连续暴涨后今日便被主力砸盘致跌停等
型的压盘吸筹走势,"https://guba.eastmoney.com/news,300262,658056221.html",2017-06-20 14:26:00,媒体配合，打压股价，因公司基本面很好、太好、非常之好，任凭风吹浪打，我自巍然不动。不涨又不跌，横盘达半月，乃典型的压盘吸筹走势。
这股近期怎么这么弱？,"https://guba.eastmoney.com/news,300262,657879865.html",2017-06-20 09:24:15,这股近期怎么这么弱？
张春霖是否应该出来声明下,"https://guba.eastmoney.com/news,300262,657351440.html",2017-06-19 11:02:49,不管大盘涨跌 也不管创业板如何表演 除了卖还是卖
巴安一定出了问题的,"https://guba.eastmoney.com/news,300262,658020640.html",2017-06-20 13:32:22,不要被股东给耍了
不做空就不爽，证券报过两天发出一遍报道,"https://guba.eastmoney.com/news,300262,657338430.html",2017-06-19 10:45:56,怎么回事要么查，不要没事做发什么
利用媒体操纵打压股价是当前监管的一大漏洞！,"https://guba.eastmoney.com/news,300262,657960830.html",2017-06-20 11:26:11,巴安水务趁低价收购西方国家的先进科技、引进技术人才，是公司有眼光、有远见、有长远发展的雄心和展略！难道要中国公司闭关自守、闭目塞听、夜郎自大、拒世界先进科学技术于千里之外吗？仔细阅读了某些文章，感觉完全不是建设性的，是杀偏风，杀股价，其目的和用心大家都心知肚明！
跟了点银之杰,"https://guba.eastmoney.com/news,300262,657904590.html",2017-06-20 10:03:54,跟了点银之杰
公司以1.52亿元将清远市房产出售给广州市大洋房地产公司,"https://guba.eastmoney.com/news,300262,657855265.html",2017-06-20 07:58:03,毕竟从今年国庆期间开始
以为跨境就能侥幸 结果作,"https://guba.eastmoney.com/news,300262,657845725.html",2017-06-20 07:06:23,周期股走弱 中小创或存补涨机会
为什么？天啊，石化油,"https://guba.eastmoney.com/news,300262,657823258.html",2017-06-20 04:38:00,说多少也赶不上时间和事实的证明，每次到了这种
格力电器之所以让投资者短线套牢,"https://guba.eastmoney.com/news,300262,657721968.html",2017-06-19 22:11:51,真的能承受源源不断的新股吗
虽然涨停股看起来较多,"https://guba.eastmoney.com/news,300262,657372437.html",2017-06-19 11:31:48,市场全天共成交3971亿元
哈哈  一群傻子,"https://guba.eastmoney.com/news,300262,657324720.html",2017-06-19 10:28:33,这种垃圾股 赶紧出掉 我是已经走人了
套人的故事又重演，收3061,"https://guba.eastmoney.com/news,300262,657269370.html",2017-06-19 08:48:13,最后一下
大盘能站稳3300 才是,"https://guba.eastmoney.com/news,300262,657245854.html",2017-06-19 06:01:02,双针探底，生死看淡，单子往里干。
立帖为证，300262马上开始补跌，任何红盘都是逃命机会,"https://guba.eastmoney.com/news,300262,654243769.html",2017-06-12 19:12:15,立帖为证，300262马上开始补跌，任何红盘都是逃命机会
明天有望 ～反抽，反抽，上周的下半周那位拥有,"https://guba.eastmoney.com/news,300262,657059914.html",2017-06-18 16:32:11,当大家都以为双脚时，能否给我一举击穿直逼2950
雷神牛熊日记0525：慢慢调整！周四收盘3048点。,"https://guba.eastmoney.com/news,300262,657047379.html",2017-06-18 15:37:18,一个品牌好与坏，不是
指数倒是与国际接轨了,"https://guba.eastmoney.com/news,300262,656953390.html",2017-06-18 04:59:10,今天谁砸盘谁向老天爷报道去
1点40分，胆子大的再开多单,"https://guba.eastmoney.com/news,300262,656886023.html",2017-06-17 20:45:07,再爆龙头板块，“十三
公司是否关注雄安新区的水污染治理问题？是,"https://guba.eastmoney.com/news,300262,655123673.html",2017-06-14 13:38:52,"公司是否关注雄安新区的水污染治理问题？是否愿意为雄安建设出一份力？
*ST巴安
巴安水务：您好，公司会关注包括雄安新区在内的环保水务市场机遇，会积极响应政府重大决策，加强市场拓展力度、技术创新，希望能为建设生态雄安新区、建设生态文明贡献着自己的力量。
答复时间 2017-06-16 16:25:00"
巴安17年中报和年报业绩大幅亏损、所以庄家每天在出货、人家快点走人吧,"https://guba.eastmoney.com/news,300262,656444102.html",2017-06-16 18:34:17,17年没有结算项目、所以没有收入
绩驰环保是不是皮包公司？,"https://guba.eastmoney.com/news,300262,656401748.html",2017-06-16 16:52:23,绩驰环保是不是皮包公司？
请大神解答员工持股计划进展情况多长时间公告一次？,"https://guba.eastmoney.com/news,300262,656182295.html",2017-06-16 10:38:31,请大神解答员工持股计划进展情况多长时间公告一次？
6月16日午盘后开始涨停的原因,"https://guba.eastmoney.com/news,300262,656132691.html",2017-06-16 09:17:15,4.92亿元的PPP合同的中标公示期为6月14日到6月16日，所以截止到今天为止没有异议的话，巴安将宣布正式中标。
蠢驴不死，巴安不涨。 信不信由你，只能说这么多了！,"https://guba.eastmoney.com/news,300262,656169889.html",2017-06-16 10:21:07,"蠢驴不死，巴安不涨。
信不信由你，只能说这么多了！"
垃圾中的垃圾,"https://guba.eastmoney.com/news,300262,656176832.html",2017-06-16 10:31:30,垃圾战斗机
张蠢驴，你家的员工计划，买了多少啦？,"https://guba.eastmoney.com/news,300262,655711365.html",2017-06-15 13:52:27,[大便]
巴安啥时候配股,"https://guba.eastmoney.com/news,300262,656167157.html",2017-06-16 10:18:24,巴安啥时候配股
根据员工持股计划进度推断证券日报负面消息的影响 证券日报报道的是不是事实？有多大,"https://guba.eastmoney.com/news,300262,655996378.html",2017-06-15 22:14:05,"根据员工持股计划进度推断证券日报负面消息的影响
证券日报报道的是不是事实？有多大的负面影响？巴安水务是最清楚的，这段时间巴安水务正有最高3亿元的员工持股计划要实施，如果报道属实或负面消息影响大，股价很有可能会下跌，员工持股计划估计会缓慢实施，等待股价下跌后再买；反之，如果报道不属实或负面消息影响小，股价就缺少下跌的理由，按照通常做法，员工持股计划会较快实施完毕。所以大家要关注员工持股计划进度，据此推断巴安水务怎么看证券日报负面消息，再决定是否建仓或卖出。"
新一轮反攻冲锋号吹响 3120点是第一目标,"https://guba.eastmoney.com/news,300262,656127301.html",2017-06-16 08:55:55,穆迪将中国的评级由AA3下调至A1 展望为稳定
垄断行业利润高 龙头企业更可靠  ,"https://guba.eastmoney.com/news,300262,656122183.html",2017-06-16 08:30:12,短期股市的预测是毒药
你好，看到现在天天的,"https://guba.eastmoney.com/news,300262,656108573.html",2017-06-16 07:03:26,明天还是个跌 骗子
或者有点匪夷所思般的走势出来！典型的如,"https://guba.eastmoney.com/news,300262,656099227.html",2017-06-16 05:47:22,市场也在做底部的构筑
[图片],"https://guba.eastmoney.com/news,300262,656013103.html",2017-06-15 22:59:37,知道低在哪儿了！
看到这么多人控诉，为了不失面子，今天就给股市,"https://guba.eastmoney.com/news,300262,656004985.html",2017-06-15 22:37:34,创业板明天将大幅度上涨！（新一轮牛市启动
下午一大堆小散被洗出去了，明天暴涨,"https://guba.eastmoney.com/news,300262,655990363.html",2017-06-15 21:58:40,唱空的垃圾多了，你就该大胆买了
巴安水务走的很稳，中午利好都没扰动庄家走势，看来庄家已高度控盘，换手及量能不错，,"https://guba.eastmoney.com/news,300262,655983033.html",2017-06-15 21:40:52,巴安水务走的很稳，中午利好都没扰动庄家走势，看来庄家已高度控盘，换手及量能不错，卖的少，买的多，红绿柱庄家已玩了8个工作日，你猜庄明天还玩吗
为什么又是午间公告！,"https://guba.eastmoney.com/news,300262,655893222.html",2017-06-15 18:31:08,为什么又是午间公告！国统昨天收盘就公告了。为什么延迟半天？是因为时差吗？你是国外发的公告吗？
为什么又是午间公告！国统昨天收盘就公告了。为什么延迟半天？是因为时差吗？你是国外,"https://guba.eastmoney.com/news,300262,656400307.html",2017-06-16 16:27:00,【问】为什么又是午间公告！国统昨天收盘就公告了。为什么延迟半天？是因为时差吗？你是国外发的公告吗？ 【答】巴安水务：您好，公司已于2017年6月15日及时发布《关于项目预中标的提示性公告》（公告编号：2017-050）。本次公告及时性符合信批要求。谢谢关注！¶¶2017-06-16 16:27:00 §
都卖吧,"https://guba.eastmoney.com/news,300262,655837911.html",2017-06-15 16:51:05,大盘指数已经毫无参考意义
这股不能入货散户不要被骗，利好出尽，下跌马上来。,"https://guba.eastmoney.com/news,300262,655832657.html",2017-06-15 16:42:20,这股不能入货散户不要被骗，利好出尽，下跌马上来。
巴安水务中标4.92亿PPP项目,"https://guba.eastmoney.com/news,300262,655685197.html",2017-06-15 13:12:57,"来源：中国证券网
　　巴安水务15日午间公告称，根据黑龙江省穆棱市奋斗水库项目建设管理处在中国管道商务网发布的中标候选人公示，巴安水务与新疆国统管道股份有限公司、广东省水利水电建设有限公司组成的联合体为“黑龙江省穆棱市奋斗水库及供水工程PPP项目”的第一中标候选人。中标金额为4.92亿人民币。
　　据披露，黑龙江省穆棱市奋斗水库供水工程是以穆棱河上游新建的奋斗水库为水源，通过新建供水工程为穆棱河下游沿岸各城镇提供城镇居民生活饮用水与市政管网内的工业用水，是奋斗水库配套供水工程。奋斗水库供水工程于2017年3月份以穆发改复[2017]11号批复。
　　公告显示，供水工程包括取水、输水、净水、配水四个部分。其中，本项目取水工程已包括在奋斗水库主体工程内容中，随水库主体工程一并建设投入运行。输水、净水、配水等三个部分包括在本供水工程中。供水工程近期(2020年)设计总水规模为4x104m3/d，远期(2030年)设计总供水规模为8x104m3/d，总投资估算4.92亿元，其中项目工程部分投资总额为4.38亿元。项目特许经营期为28年(不含建设期)，供水工程建设期为2年。
　　巴安水务认为，此次预中标项目是公司继中标锦州市锦凌水库供水工程之后的又一水库供水工程，将为公司业绩持续高速发展提供支持，并为公司后续PPP项目的开拓和合作提供更多的宝贵经验。
（来源：中国证券网 2017-06-15 13:13）[点击查看原文]"
拐点，因此反弹幅度有限，,"https://guba.eastmoney.com/news,300262,655769463.html",2017-06-15 15:06:33,2014年 2月底外汇储备
大户开始试盘了！！！,"https://guba.eastmoney.com/news,300262,655752213.html",2017-06-15 14:44:32,主力今天借消息拉高试盘，本周估计此股还会盘整清理浮筹，耐心是持有此股能否获利的关键！
今日如果没有这个标  估计他妈的跌三个点,"https://guba.eastmoney.com/news,300262,655740161.html",2017-06-15 14:29:24,有了这个标 明日也是继续下跌 卖盘的太多了
还是恒生好，巴安一般般,"https://guba.eastmoney.com/news,300262,655714646.html",2017-06-15 13:56:04,还是恒生好，巴安一般般
再大的利好也抵消不了那个证券日报的消息,"https://guba.eastmoney.com/news,300262,655712816.html",2017-06-15 13:54:35,反正就是借利好出货 不然不可能如此一条线上去了还直接下来
又骗人上车？小心点,"https://guba.eastmoney.com/news,300262,655681961.html",2017-06-15 13:07:45,又骗人上车？小心点
关键昨天晚上002205已经公布联合巴安水务中标,"https://guba.eastmoney.com/news,300262,655705847.html",2017-06-15 13:44:43,1点钟才拉，不是主力加仓。关键昨天晚上002205已经公布联合巴安水务中标
我好像收到了一个假消息。,"https://guba.eastmoney.com/news,300262,655695153.html",2017-06-15 13:28:09,我好像收到了一个假消息。
巴安水务:关于项目预中标的提示性公告,"https://guba.eastmoney.com/news,300262,655640963.html",2017-06-15 11:47:00,"公告日期：2017-06-15
证券代码：300262 证券简称：巴安水务 公告编号：2017-050

上海巴安水务股份有限公司

关于项目预中标的提示性公告

本公司及董事会全体成员保证信息披露内容的真实、准确和完整，没有虚假记载、误导性陈述或重大遗漏。

2017年6月14日，黑龙江省穆棱市奋斗水库项目建设管理处在中国管道商

务网（网址 http://www.chinapipe.net）发布中标候选人公示，确定上海巴安

水务股份有限公司（以下简称“公司”）与新疆国统管道股份有限公司、广东省水利水电建设有限公司组成的联合体为“黑龙江省穆棱市奋斗水库及供水工程PPP项目”的第一中标候选人。中标金额为49,154万元人民币（人民币肆亿玖仟壹佰伍拾肆万元整，具体金额以实际签署合同为准）。现将预中标项目的有关内容公告如下：

一、预中标项目基本情况

1、公示媒体：中国管道商务网（网址http://www.chinapipe.net）

2、项目名称：黑龙江省穆棱市奋斗水库及供水工程PPP项目

3、项目概况：

黑龙江省穆棱市奋斗水库供水工程是以穆棱河上游新建的奋斗水库为水源，通过新建供水工程为穆棱河下游沿岸各城镇提供城镇居民生活饮用水与市政管网内的工业用水，是奋斗水库配套供水工程。奋斗水库供水工程于2017年3月份以穆发改复[2017]11号批复。

供水工程包括取水、输水、净水、配水四个部分。其中，本项目取水工程已包括在奋斗水库主体工程内容中，随水库主体工程一并建设投入运行。输水、净水、配水等三个部分包括在本供水工程中。供水工程近期（2020 年）设计总水规模为4x104m3/d，远期（2030年）设计总供水规模为8x104m3/d，总投资估算49,154万元，其中项目工程部分投资总额为43,832万元。

4、项目合作期：本项目特许经营期为28年(不含建设期) ，供水工程建设

期为2年。

5、项目运作模式：PPP模式

6、招标人：黑龙江省穆棱市奋斗水库项目建设管理处

（2016 年度，公司未与业主方发生类似业务、与业主方不存在任何关联关

系。）

7、招标代理人：国信招标集团股份有限公司

8、中标金额：49,154万元人民币（人民币肆亿玖仟壹佰伍拾肆万元整，具

体金额以实际签署合同为准）

9、公示期限：2017年6月14日-2017年6月16日。

二、预中标项目对公司的影响

此次预中标项目是公司继中标锦州市锦凌水库供水工程之后的又一水库供水工程，将为公司业绩持续高速发展提供支持，并为公司后续PPP项目的开拓和合作提供更多的宝贵经验。若本次预中标项目最终签订合同并得到履行，将对公司业绩产生长期积极影响。

三、风险提示

在取得最终的中标通知书之前，联合体（公司为联合体成员之一）仅为中标候选人之一，仍可能存在未中标的风险。待取得中标通知书后，公司将及时公告。

敬请广大投资者注意风险，谨慎决策。

特此公告。

上海巴安水务股份有限公司

董事会

2017年6月15日


[点击查看PDF原文]
提示：本网不保证其真实性和客观性，一切有关该股的有效信息，以交易所的公告为准，敬请投资者注意风险。
展开阅读全文"
主力啊，在这种上涨行情下还压盘的话，筹码就丢了,"https://guba.eastmoney.com/news,300262,655605900.html",2017-06-15 10:59:50,你用的是什么垃圾操盘手法？
到了压力线还不下来我就不相信了,"https://guba.eastmoney.com/news,300262,655613722.html",2017-06-15 11:09:27,傻逼的庄 跌的时候最痛快了
国统股份：联合预中标近5亿元PPP项目 06-14 16:23 来源:证券时报,"https://guba.eastmoney.com/news,300262,655250518.html",2017-06-14 17:07:36,"国统股份：联合预中标近5亿元PPP项目
06-14 16:23 来源:证券时报
点击查看行情
国统股份(002205)6月14日晚间公告，公司与巴安水务、广东省水利水电建设有限公司组成的联合体成为黑龙江省穆棱市奋斗水库及供水工程PPP项目的第一中标候选人，中标金额4.92亿元。
编辑: 东方财富网"
10手10手买100手的卖能掩盖什么,"https://guba.eastmoney.com/news,300262,655591701.html",2017-06-15 10:41:05,10手10手买100手的卖能掩盖什么
已经连续块一个月的下杀了,"https://guba.eastmoney.com/news,300262,655578554.html",2017-06-15 10:24:34,不管创业板涨还是大盘张他妈的他就是卖盘 所以公司一定隐瞒了问题没有披露
巴安暴涨吧！用行动给某日报一耳光！,"https://guba.eastmoney.com/news,300262,655361033.html",2017-06-14 20:44:08,不必出来澄清什么，不要跟垃圾记者一般见识，巴安的大小股东永远站在公司一边！我们让股价涨起来，就是对那些媒体的最大讽刺，加油！
创业板又他妈的涨这样,"https://guba.eastmoney.com/news,300262,655563013.html",2017-06-15 10:03:53,巴安 你他妈的到底隐瞒了多少东西
查人家的白云电器  怎么不查查这个王八蛋,"https://guba.eastmoney.com/news,300262,655548283.html",2017-06-15 09:43:41,赶紧进去喝茶吧
巴安水务的所有高管都应该要为这次负责,"https://guba.eastmoney.com/news,300262,655544108.html",2017-06-15 09:36:35,妈的 股民应该拿起法律的武器
巴安为什么没有公告我来告诉你,"https://guba.eastmoney.com/news,300262,655541136.html",2017-06-15 09:31:54,因为本来就是事实如此 他再做任何解释也是徒劳 看看最近的内外盘比例
为什么没有公告,"https://guba.eastmoney.com/news,300262,655402824.html",2017-06-14 22:28:55,上市公司莫非中标是假的？
"国统股份（SZ002205） 14日晚间公告,公司与上海 巴安水务（SZ3002","https://guba.eastmoney.com/news,300262,656400486.html",2017-06-16 16:26:00,"【问】国统股份（SZ002205） 14日晚间公告,公司与上海 巴安水务（SZ300262） 股份有限公司、广东省水利水电建设有限公司（联合体）成为“黑龙江省穆棱市奋斗水库及供水工程PPP项目”的第一中标候选人。中标金额为人民币肆亿玖仟壹佰伍拾肆万元整（49,154万元）。为何贵司没有公告？ 【答】巴安水务：您好，公司已于2017年6月15日及时发布《关于项目预中标的提示性公告》（公告编号：2017-050）。¶¶2017-06-16 16:26:00 §"
说明高比例送转方案与公司业绩成长性是否相匹配,"https://guba.eastmoney.com/news,300262,655491724.html",2017-06-15 05:35:09,最主要的原因还是由于监管部门以及主管部门近期加强对险资投资行为的监管
明天接着跌！,"https://guba.eastmoney.com/news,300262,655470627.html",2017-06-15 02:47:07,不要护指数，要什么遮遮掩掩的
融资融券标的概念股近三日最受主力资金青睐,"https://guba.eastmoney.com/news,300262,655426907.html",2017-06-14 23:38:34,快跑吧，周线大双头，快跑
巴安水务:关于媒体报道的澄清公告,"https://guba.eastmoney.com/news,300262,652788318.html",2017-06-08 16:53:35,"公告日期：2017-06-08
证券代码：300262 证券简称：巴安水务 公告编号：2017-049

上海巴安水务股份有限公司

关于媒体报道的澄清公告

本公司及董事会全体成员保证信息披露内容的真实、准确和完整，没有虚假记载、误导性陈述或重大遗漏。

一、有关媒体报道情况

上海巴安水务股份有限公司（以下简称“公司”、“巴安水务”）于近日关注到某媒体发表了《巴安水务海外收购之谜：收购标的德国ItN连亏7年之重大信息竟未披露》相关报道，质疑公司收购德国ItNNanovationAG67.65%（以下简称“ItN”）股权的信批及海外收购战略等。

二、澄清说明

关注到上述媒体文章报道后，公司就报道中涉及公司的相关内容进行了核查，现将相关内容说明如下：

（一）关于公司海外并购战略的说明

基于完善公司海水淡化产业链及公司国际化战略需要，公司从2015年起先

后收购KWICorporate VerwaltungsGmbH(以下简称“KWI”)100%股权、Larive

Water Holding AG(以下简称“LW”)21.6%股权、ItN Nanovation AG(以下简称

“ItN”)67.65%股权、DoosanHydroTechnologyLLC.(以下简称“DHT”)100%

股权。具体详见公司在巨潮资讯网披露的《关于全资瑞典孙公司收购奥地利KWI

CorporateVerwaltungsGmbH100%股权的公告》、《关于签订股权收购备忘录的

公告》、《关于签订德国ItN纳米平板陶瓷超滤膜公司股权收购备忘录的公告》

及《关于收购Doosan Hydro Technology LLC.100%股权的公告》等。

公司收购上述四家海外公司股权是从构建海水淡化产业链战略整体来考虑的，投资决策是根据其与公司海水淡化战略契合度、标的公司技术与公司技术水平的互补性、市场区域的占有率等整体谨慎考虑的，预期其将为公司带来产品、制造、技术、管理人才和市场渠道等，如果一味地盯着过去几年财务数据看，未免是管中窥豹。公司海外收购具体考虑以下因素：

1、技术方面

ItN是一家在德国法兰克福证券交易所上市（ISIN:DE000A0JL461）的纳米

平板陶瓷超滤膜技术公司，其在高效吸附技术、纳米陶瓷平板超滤膜技术、海水淡化技术、深层地下水处理技术以及污水处理MBR工艺等领域共拥有较为先进的技术。纳米陶瓷平板超滤膜广泛应用于难处理的工业废水中，如印染、造纸、石化、油田开采、煤化工等行业，可以解决其他传统工艺无法处理的工业废水。

ItN纳米陶瓷平板超滤膜与PVDF超滤膜相比有以下优点：产品寿命长3-5

倍，膜通量高2-10倍，能耗低50%，耐高温，可处理难降解工业废水，可去除

水中的α射线和β射线。

公司把其放进污水处理厂的末端，作为MBR技术进行提标改造，从而提升公

司在水处理领域的技术实力。通过控股ItN，与其形成良好的战略伙伴关系。这

是一种螺旋关系，助力巴安水务在水处理技术领域攀爬新的高度。

十三五,海水淡化行业爆发临界点来临,公司将依托瑞士水务海水淡化膜技术、低温多效海水淡化技术,KWI气浮技术,ItN先进的纳米平板超温陶瓷过滤膜技术,作为海水淡化膜法、热法技术的抓手,开拓迎合海水淡化的市场大趋势,做好技术储备。依托公司收购的三家海外公司的先进技术、设计理念,预期未来海水淡化的业务占比将提升。由于引进的领先技术,可以把膜的使用寿命从原先的3-5年延长到8-10年,预期巴安水务的海水淡化项目吨水电耗、项目维修费、膜更换费用等运维费用将显着低于目前国内项目。

2、市场战略方面

一方面，公司希望通过现有的市场渠道积极拓展海外业务，如2016年获得

尼泊尔加德满都谷地供水改善项目；另一方面，公司希望通过海外收购公司已有的市场渠道，双向开展海内外业务。海外并购有利于公司的业务积极拓展。

3、财务数据方面

公司已在《2016年年度报告》中“第四节 经营情况讨论与分析”之“四、

资产及负债状况”之“七、主要控股参股公司分析”等章节披露了包括公司海外收购的KWI、ItN等子公司财务数据。KWI于2016年第二季度开始并表，而ItN由于在2016年12月下旬才正式交割完成，因取得权益时间较短，故在并表时仅将资产负债表并入。目前KWI、ItN业绩体量……
[点击查看PDF原文]
提示：本网不保证其真实性和客观性，一切有关该股的有效信息，以交易所的公告为准，敬请投资者注意风险。
展开阅读全文"
资产置换,"https://guba.eastmoney.com/news,300262,655345830.html",2017-06-14 20:03:52,对于这类公司的高送转
请及时解释清楚。,"https://guba.eastmoney.com/news,300262,655342154.html",2017-06-14 19:57:36,"1，证券日报再次声称你公司信披违规。请公司直面回答是或者否。信披德国公司历史盈亏，法规要求的是几年，你公司是否完全合法。请及时解释清楚。
2，请尽量不要盘中发公告，虽然盘中公告也是合法的，但几乎9成的公司都是收盘后公告，你公司除外。"
1，证券日报再次声称你公司信披违规。请公司直面回答是或者否。信披德国公司历史盈亏,"https://guba.eastmoney.com/news,300262,656400478.html",2017-06-16 16:26:00,【问】1，证券日报再次声称你公司信披违规。请公司直面回答是或者否。信披德国公司历史盈亏，法规要求的是几年，你公司是否完全合法。请及时解释清楚。2，请尽量不要盘中发公告，虽然盘中公告也是合法的，但几乎9成的公司都是收盘后公告，你公司除外。 【答】巴安水务：您好，感谢您的建议。公司指定的信息披露媒体为巨潮资讯网（http://www.cninfo.com.cn）、《上海证券报》。公司所有信息均以在上述指定媒体披露的信息为准。公司的当日公告时间符合有关规定。¶¶2017-06-16 16:26:00 §
是否可以调查一下《证劵日报》与巴安水务相互勾结打压股价收取廉价筹码？,"https://guba.eastmoney.com/news,300262,655243978.html",2017-06-14 16:56:44,是否可以调查一下《证劵日报》与巴安水务相互勾结打压股价收取廉价筹码？
《证劵日报》连续发文针对巴安水务值得值得深思？前几日，《证劵日报》发文报道巴安水,"https://guba.eastmoney.com/news,300262,655243166.html",2017-06-14 16:55:23,《证劵日报》连续发文针对巴安水务值得值得深思？前几日，《证劵日报》发文报道巴安水务故意隐瞒收购海外公司连续亏损事件，巴安水务在第一时间内做出回应，但《证劵日报》在今日又再发问指责巴安水务财务作假。《证劵日报》此行为咱们先不做思考。就巴安水务股价来说，看近期巴安水务操盘，明显是打压股价不让上涨，《证劵日报》的发文更是利空，但股价却没有下降多少。如果巴安水务利用《证劵日报》的利空继续打压股价，是顺理成章的事，但巴安水务却第一时间站出来辟谣，并拉升了一下股价。这就让人看不懂了？
确实马逼垃圾,"https://guba.eastmoney.com/news,300262,655049472.html",2017-06-14 11:19:56,确实马逼垃圾
巴安水务避谈信披违规 公司轻描淡写仅称德国标的亏损对财务影响有限,"https://guba.eastmoney.com/news,300262,654904528.html",2017-06-14 02:38:48,"来源：证券日报
　　收购标的德国 ItN 连亏 7 年之重大信息竟未披露》的独家报道，巴安水务日前发布澄清公告，但避而不谈信披违规。就收购的德国 ItN 常年亏损一事，巴安水务表示，目前 ItN 处于企业的市场推广阶段，市场反应有积极进展。公司收购四家海外公司股权是从构建海水淡化产业链战略整体来考虑的，投资决策是根据其与公司海水淡化战略契合度、标的公司技术与公司技术水平的互补性、市场区域的占有率等整体谨慎考虑。“目前 KWI、ItN 业绩体量对于公司整体财务数据的影响有限。”
　　在收购德国 ItN 公司时，按照深交所对上市公司收购公告的格式要求，应对标的公司的利润等关键财务指标进行全面披露，而巴安水务并未在尽调后披露财务数据。业内人士称，有刻意隐瞒利润亏损的嫌疑，属于信披违规。然而，巴安水务并没有在澄清公告中对此予以回应。
　　在谈及“为何没有在年报中披露ItN财务数据”时，巴安水务表示，KWI 于 2016 年第二季度开始并表，而 ItN由于在 2016 年 12 月下旬才正式交割完成，因取得权益时间较短，故在并表时仅将资产负债表并入。
　　巴安水务从 2015 年起，一口气先后收购了4家公司： KWI Corporate Verwaltungs GmbH(以下简称“KWI”)100%股权、Larive Water Holding AG(以下简称“LW”)21.6%股权、ItN Nanovation AG(以下简称“ItN”) 67.65%股权、Doosan Hydro Technology LLC.(以下简称“DHT”)100%股权。然而，从财务指标上看这些公司赚钱能力有限，尤其是德国ItN已经连续亏损7年以上。
　　对于德国ItN的详细财务状况，巴安水务首次在公告中予以披露：ItN2016年营收为592.19万元，净利润为亏损4081.33万元，2017年一季度营业收入为573.59万元，占巴安水务总营收0.56%，净利润亏损712.10万元，占巴安水务净利润-5.05%。KWI 为四家收购公司中表现最好的，2016年 KWI营业额、净利润分别为9726.77万元、1009.19万元，占巴安水务营业额和净利润的比例分别为9.44%，7.16%；2017年一季度营收2258.41万元、净利润337.32万元，对巴安水务营收和利润贡献降低到2.19%、2.39%。
　　巴安水务认为，“目前 KWI、ItN 业绩体量对于公司整体财务数据的影响有限。”
　　对于德国标的的大幅亏损，巴安水务回应称：一家创新企业的成长，需要从研发投入，到成熟产品以及市场推广等几个阶段，目前 ItN 处于企业的市场推广阶段，市场反应有积极进展，尤其是美国、中东等国家和地区。巴安水务收购后，其业务改善明显体现在其股价上，截至2017 年 6 月 6 日，ItN 在法兰克福证券交易场上的收盘价为 1.5000 欧元/股(在2017 年 3 月 9 日盘中突破 3.0500 欧元/股、当日收盘 2.8510 欧元/股)，较公司收购成本价有大幅上升。
　　对于收购目的，巴安水务指出，收购上述四家海外公司股权是从构建海水淡化产业链战略整体来考虑的，投资决策是根据其与公司海水淡化战略契合度、标的公司技术与公司技术水平的互补性、市场区域的占有率等整体谨慎考虑的，预期其将为公司带来产品、制造、技术、管理人才和市场渠道等，如果一味地盯着过去几年财务数据看，未免是管中窥豹。
（来源：证券日报 2017-06-14 02:31）[点击查看原文]"
没有违规的 人家为什么要专门写一篇报道来诋毁一个公司,"https://guba.eastmoney.com/news,300262,654998931.html",2017-06-14 10:10:14,加上最近的内外盘差 想想买单的是谁
稍微涨一点就马上有大单把股价刻意砸下来，压价吸货的老手法,"https://guba.eastmoney.com/news,300262,654595122.html",2017-06-13 13:43:20,主力压价吸筹，你打算怎么操作呢？
被人抓着鼻子走了把,"https://guba.eastmoney.com/news,300262,654975577.html",2017-06-14 09:37:10,傻不拉几的
个股依然是未能走出太好的局势,"https://guba.eastmoney.com/news,300262,654994793.html",2017-06-14 10:05:57,日线沪指收出小阴线
"《证券日报》最近连续两篇文章对公司予以了不客观的报道,请问证券日报是否是公司指定","https://guba.eastmoney.com/news,300262,656400674.html",2017-06-16 16:25:00,"【问】《证券日报》最近连续两篇文章对公司予以了不客观的报道,请问证券日报是否是公司指定信息披露媒体?如果涉嫌信披敲诈希望公司给予举报，另外如果是公司为了员工持股计划购买价低而主动勾结媒体报道，那就是涉嫌犯罪？ 【答】巴安水务：您好，1、公司指定的信息披露媒体为巨潮资讯网（http://www.cninfo.com.cn）、《上海证券报》。公司所有信息均以在上述指定媒体披露的信息为准。2、公司一直支持构建积极健康有序的资本市场，绝不存在操纵股价行为。¶¶2017-06-16 16:25:00 §"
妈的今天是不是又想做空巴安水务,"https://guba.eastmoney.com/news,300262,654987916.html",2017-06-14 09:55:51,一定是勾结，做空股票
大家看看最近的内外盘差就知道了 短期内必破前期新低,"https://guba.eastmoney.com/news,300262,654986719.html",2017-06-14 09:54:24,而且关键管理层屁话都没说
巴安的管理层没有任何道德可言,"https://guba.eastmoney.com/news,300262,654983853.html",2017-06-14 09:50:30,一句话就带过 这摆明的就是让散户买单
公司签订的8.3亿河北沧州渤海新区海水淡化项目，目前进展如何？作为雄安新区的出海,"https://guba.eastmoney.com/news,300262,656400791.html",2017-06-16 16:24:00,【问】公司签订的8.3亿河北沧州渤海新区海水淡化项目，目前进展如何？作为雄安新区的出海口---渤海新区，请问公司的海水淡化技术能否用于雄安新区？公司在河北的业务能否覆盖雄安新区？公司有无指定计划参与雄安新区的污水处理和海水淡化建设？ 【答】巴安水务：公司与沧州渤海新区管委会以PPP模式合作投资建设的沧州渤海新区10万吨/天海水淡化工程，目前正在进行一期工程建设。目前在雄安新区没有在手订单。但公司会积极开拓雄安新区在内的环保水务市场。谢谢！¶¶2017-06-16 16:24:00 §
今天收盘点位是3046，大家没事提前散了吧。,"https://guba.eastmoney.com/news,300262,654906906.html",2017-06-14 02:51:56,准备抄底这两只票了（
上证指数连续四阳收涨 再回3100点 贵州茅台又创,"https://guba.eastmoney.com/news,300262,654879701.html",2017-06-14 00:22:30,天下，做为一个男人也
不论是技术与基本面都会大打折扣,"https://guba.eastmoney.com/news,300262,654686630.html",2017-06-13 16:44:10,最终
很不幸，买到一只死股[傲][傲][傲],"https://guba.eastmoney.com/news,300262,654589118.html",2017-06-13 13:32:59,很不幸，买到一只死股
如此小家子气,"https://guba.eastmoney.com/news,300262,654578242.html",2017-06-13 13:12:25,庄家根本就没有庄
看到贵司的发展前景很有底气，但二级市场股价显得格外没底气！,"https://guba.eastmoney.com/news,300262,656400770.html",2017-06-16 16:24:00,【问】看到贵司的发展前景很有底气，但二级市场股价显得格外没底气！ 【答】巴安水务：感谢您对公司发展的支持与关注！¶¶2017-06-16 16:24:00 §
这个庄有点找茬,"https://guba.eastmoney.com/news,300262,654512817.html",2017-06-13 10:42:50,我们应该也去证监会那边给他们找茬下
股东大会结束都快一个月了，还没分红，为了员工持股做的也太假了吧！,"https://guba.eastmoney.com/news,300262,654512166.html",2017-06-13 10:41:40,股东大会结束都快一个月了，还没分红，为了员工持股做的也太假了吧！
再次底盘托单,"https://guba.eastmoney.com/news,300262,654490793.html",2017-06-13 10:04:09,然后出货 大家不要被骗了
毕竟对于上市公司来说,"https://guba.eastmoney.com/news,300262,654117260.html",2017-06-12 14:38:50,格力电器股价受到一定的影响
我们逢高就必须出局,"https://guba.eastmoney.com/news,300262,654219930.html",2017-06-12 18:08:02,而当弱势或是熊市时
第一、有媒体报道“巴安水务股份有限公司公司签订8.3亿河北省沧州渤海新区海水淡化,"https://guba.eastmoney.com/news,300262,653189223.html",2017-06-09 14:31:00,【问】第一、有媒体报道“巴安水务股份有限公司公司签订8.3亿河北省沧州渤海新区海水淡化项目，可提供10万吨/天海水淡化”，请问项目是否属实？第二、河北省特别是雄安新区的建设中，用水紧张，请问公司是否积极响应服务雄安新区建设？第三、公司未来是否积极拓展业务覆盖雄安新区及周边县市？ 【答】巴安水务：您好，1、该项目属实。该项目拟投资8.3亿元人民币，目前正在建设中，详见《关于签订河北省沧州渤海新区海水淡化项目合作协议的公告》及2015、2016年报。2、建设好雄安新区，是千年大计、国家大事。根据媒体报道，雄安新区将会承担建设绿色智慧新城、打造优美生态环境、发展高端高新产业、提供优质公共服务、构建快捷高速交通网等七个重点任务，公司主营业务涵盖市政水处理、工业水处理、固体废弃物处理、天然气调压站与分布式能源以及施工建设等五大板块，与之有一定的契合性。公司会积极响应政府重大决策，加强市场拓展力度、技术创新，希望能为建设生态雄安新区、建设生态文明贡献着自己的力量。3、公司在河北设有全资子公司石家庄冀安环保能源工程有限公司、控股子公司沧州渤海新区巴安水务有限公司。¶¶2017-06-09 14:31:00 §
啥时候分红？,"https://guba.eastmoney.com/news,300262,654098163.html",2017-06-12 14:06:59,等
有鬼,"https://guba.eastmoney.com/news,300262,654076780.html",2017-06-12 13:29:04,有鬼
底盘托单出货 这么明显,"https://guba.eastmoney.com/news,300262,653996291.html",2017-06-12 10:42:23,巴安肯定还有什么没有公布的东西 你们看看内外盘的比例 简直是暴殄天物 三天必然要跌破前期低点
请介绍一下河北公司运营情况，雄安新区有无项目，谢谢！,"https://guba.eastmoney.com/news,300262,656400906.html",2017-06-16 16:23:00,【问】请介绍一下河北公司运营情况，雄安新区有无项目，谢谢！ 【答】巴安水务：您好，目前公司在雄安新区没有在手项目。在河北省项目情况：1、由巴安水务采用BT模式承建的石家庄桥东污水处理厂10万吨/日扩规工程是河北省石家庄市的环保重点工程。该项目总投资约3.5亿元。项目于2012年10月正式开工，2014年5月底通过质检部门验收，目前已投入正式运行。2、公司与沧州渤海新区管委会以PPP模式合作投资建设的沧州渤海新区10万吨/天海水淡化工程，目前正在进行一期工程建设。¶¶2017-06-16 16:23:00 §
巴安水务的公司根本就不管散户死活  短期必死无疑,"https://guba.eastmoney.com/news,300262,653174445.html",2017-06-09 14:28:49,他妈的 就是卖方占了百分之七十 什么鬼
三天内必定把前期低点破掉,"https://guba.eastmoney.com/news,300262,653985913.html",2017-06-12 10:25:46,这个根本就是出货的拉升
在上涨过程中,"https://guba.eastmoney.com/news,300262,653976592.html",2017-06-12 10:11:22,而当弱势或是熊市时
保定部署白洋淀及上游河道清洁专项行动 改善雄安新区生态环境 6月10日，央广新闻,"https://guba.eastmoney.com/news,300262,653968024.html",2017-06-12 09:58:11,"保定部署白洋淀及上游河道清洁专项行动 改善雄安新区生态环境
6月10日，央广新闻网讯，河北省保定市安排部署白洋淀及上游河道清洁专项行动，预计用50天时间对白洋淀及其上游的河道废弃物进行清除。早在今年年初，保定市就决定将投资近246亿元用于改善白洋淀的生态环境。保定市还规划了10类156个项目，比如在一些河流汇入的地方建设芦苇湿地净化系统；推进“引黄济淀”、“穿府济淀”项目实施，建立起长效补水机制，保证白洋淀生态需水等。通过这些工程，全面改善白洋淀生态环境。
相关标的污水治理概念股：首创股份、长青集团、碧水源、天翔环境、国祯环保、巴安水务。"
尾盘爆啦的基本上都没有好下场,"https://guba.eastmoney.com/news,300262,653967684.html",2017-06-12 09:57:32,还得继续维持下跌
明天顺丰开启暴跌模式！后期肯定追责，涉嫌运输,"https://guba.eastmoney.com/news,300262,653863905.html",2017-06-11 23:06:48,前几天还40多，现在就30，这折扣打得快啊～
公司前三季度的业绩还算不错笔者不敢苟同,"https://guba.eastmoney.com/news,300262,653767880.html",2017-06-11 15:29:56,又让格力电器股票再一次直面利空的打击
沪指目前仍在中期下降通道中运行,"https://guba.eastmoney.com/news,300262,653749338.html",2017-06-11 13:47:47,最终
空，空，空，竹蓝打水一场空。多，多，多，翘起,"https://guba.eastmoney.com/news,300262,653730844.html",2017-06-11 12:07:51,只要九毛五不破，就美什么
中国诚通集团与招商局集团签署全面战略合作协议,"https://guba.eastmoney.com/news,300262,653642802.html",2017-06-11 02:01:31,对于CC我想跑。
新资金介入迹象：放量后有一个缩量站住的过程  ,"https://guba.eastmoney.com/news,300262,653613482.html",2017-06-10 22:44:04,却构成了伟大的历史
这点量，张&#215;华怎么才能减持完?[大笑][大笑,"https://guba.eastmoney.com/news,300262,653606401.html",2017-06-10 22:04:36,跌得差不多，该拉一拉了今天30.38买了600
周末重大利好出台，下周开启暴涨模式,"https://guba.eastmoney.com/news,300262,653343861.html",2017-06-09 22:13:14,尾盘的走势你应该懂的
真他妈的恶心,"https://guba.eastmoney.com/news,300262,652733669.html",2017-06-08 14:50:23,没有任何毛 早晚他妈的公司要倒闭
半年前一样的尾盘拉升后市涨幅40%,"https://guba.eastmoney.com/news,300262,653345438.html",2017-06-09 22:19:02,RT这次极其相似，看周线能破20
交割制度创新 玉米期货市场功能不断提升,"https://guba.eastmoney.com/news,300262,653439831.html",2017-06-10 09:14:17,理以来的第五场记者招
对了嘛，出来说明一下，有积极的态度嘛,"https://guba.eastmoney.com/news,300262,652818589.html",2017-06-08 18:13:55,对了嘛，出来说明一下，有积极的态度嘛
突然拉高，时刻准备走人！小赚点就行,"https://guba.eastmoney.com/news,300262,653181805.html",2017-06-09 14:40:18,突然拉高，时刻准备走人！
公司在雄安新区建设方面，有什么样的布局？有考虑设立雄安分公司或者办事处吗？,"https://guba.eastmoney.com/news,300262,656401026.html",2017-06-16 16:22:00,【问】公司在雄安新区建设方面，有什么样的布局？有考虑设立雄安分公司或者办事处吗？ 【答】巴安水务：您好，公司目前在雄安新区内没有相关业务。截止本回复日，公司暂无在雄安新区设立子、分公司或办事处计划。¶¶2017-06-16 16:22:00 §
公司在河北的项目距离雄安新区有多少距离？,"https://guba.eastmoney.com/news,300262,656400891.html",2017-06-16 16:23:00,【问】公司在河北的项目距离雄安新区有多少距离？ 【答】巴安水务：您好，公司在河北的项目情况：已建成项目为石家庄桥东污水处理厂10万吨/日扩规工程，在建项目为沧州市渤海新区10万吨/天海水淡化工程。至于项目距雄安新区的距离，请查阅地图。¶¶2017-06-16 16:23:00 §
雄安新区的建设，最大的问题是缺水。工程院院士王浩提出，海水淡化技术是解决雄安新区,"https://guba.eastmoney.com/news,300262,656401086.html",2017-06-16 16:21:00,【问】雄安新区的建设，最大的问题是缺水。工程院院士王浩提出，海水淡化技术是解决雄安新区水资源短缺的一大途径。公司在参与雄安新区的海水淡化项目方面是否存在优势？ 【答】巴安水务：您好，公司目前在建的沧州渤海新区10万吨/天海水淡化工程将为公司在海水淡化技术储备、海淡人才建设、项目建设与管理等方面积累一定经验，将有利于公司在海水淡化市场的开拓。¶¶2017-06-16 16:21:00 §
想咨询两个问题：1、公司在河北省有业务吗？有没有设立子公司？2、如果有，主要从事,"https://guba.eastmoney.com/news,300262,656392459.html",2017-06-16 16:20:00,【问】想咨询两个问题：1、公司在河北省有业务吗？有没有设立子公司？2、如果有，主要从事哪些业务？感觉未来的雄安新区建设跟公司的业务非常契合，希望公司能早日开展雄安相关的工作。 【答】巴安水务：公司在河北设有全资子公司石家庄冀安环保能源工程有限公司、控股子公司沧州渤海新区巴安水务有限公司。在河北省项目情况：1、由巴安水务采用BT模式承建的石家庄桥东污水处理厂10万吨/日扩规工程是河北省石家庄市的环保重点工程。该项目总投资约3.5亿元。项目于2012年10月正式开工，2014年5月底通过质检部门验收，目前投入正式运行阶段。2、公司与沧州渤海新区管委会以PPP模式合作投资建设的沧州渤海新区10万吨/天海水淡化工程，目前正在进行一期工程建设。感谢关注！¶¶2017-06-16 16:20:00 §
登记日,"https://guba.eastmoney.com/news,300262,653197390.html",2017-06-09 15:05:04,看样子快送股登记了
爽快一点吧,"https://guba.eastmoney.com/news,300262,652640527.html",2017-06-08 11:29:08,每天这样没有意义。
好公司谁卖给你[滴汗],"https://guba.eastmoney.com/news,300262,653148945.html",2017-06-09 13:46:44,好公司谁卖给你
公司澄清报告说收购的公司有技术优势，这些技术优势是否已经帮助公司赢得市场订单？有,"https://guba.eastmoney.com/news,300262,656392671.html",2017-06-16 16:17:00,【问】公司澄清报告说收购的公司有技术优势，这些技术优势是否已经帮助公司赢得市场订单？有报道称上海临港地区将建成国内最大海绵城市，作为上海本地企业，公司是否已参与？是否已胜出？ 【答】巴安水务：您好，公司目前正在对国内外收购来的公司进行并后整合，目前已有项目使用相关技术。项目中标等信息皆以公司公告为准。¶¶2017-06-16 16:17:00 §
垃圾，割了吧,"https://guba.eastmoney.com/news,300262,653049199.html",2017-06-09 10:19:36,盘面看都是只卖不买
为什么不能发布声明下公司的股价如此下跌,"https://guba.eastmoney.com/news,300262,653037447.html",2017-06-09 10:02:39,就如此态度 公司不倒 我都觉得对不起股民
是非真伪，兼听则明，误导有罪！,"https://guba.eastmoney.com/news,300262,652227312.html",2017-06-07 12:41:22,"“巴安水务海外收购之谜……”的文章作者有误导读者之嫌，文章只讲收购标的是亏损企业，不谈引进了那些国际领先技术和引进的技术人才，评论有失偏颇。这里介绍一篇平安证券的文章，提供参考，兼听则明，认清是非真伪！
【2017-05-16】【出处】平安证券
巴安水务(300262)海外并购再下一城 积极推进全球化布局
投资要点
事项：
2017年5月13日，公司发布公告，同意以736.27万美元收购斗山重工美国控股公司持有的Doosan Hydro Technology LLC.100%股权。
平安观点：
引进国际领先技术，增强核心竞争力：DHT是美国的一家中型公司，专门从事提供海水淡化、市政污水处理、自来水厂以及油田零排放工程设计、技术服务和膜技术、装备以及设备组装和自动化解决方案，具有很强的海水淡化技术能力，其他领域技术能力也较为领先，多次荣获各类国际奖项和荣誉，可根据不同的客户需求订制不同的处理工艺。海外并购是公司坚定不移的发展战略，此前已成功收购奥地利KWI、德国ITN、瑞士AquaSwiss等海外优质标的，吸收了诸多全球顶尖技术，极大降低了项目工程与运营成本。公司此次收购DHT，有望继续引进国际先进环保技术与技术人才，加强技术储备，进一步巩固全球领先的技术优势，推动各项业务，尤其是海水淡化业务的发展。
发挥协同效应，完善海外市场布局：DHT拥有丰富的工程业绩，在25个国家拥有200多个设计项目，涵盖市政和工业领域；拥有全球化的商业网络，在美国本土、东南亚、南美、中东和非洲均有良好市场；拥有与国际EPC总包企业和工程公司的良好的长期合作关系。公司通过收购DHT，借助海外并购的丰富经验，能够充分发挥双方在产品、管理、人才、市场渠道和技术等方面的协同效应，拓展美国及其他海外市场，完善全球化市场布局，实现加速扩张。
盈利预测与估值：预测公司2017-2019年主营业务收入分别为19.2、25.2、31亿元；每股收益分别为0.65、0.9、1.11元。给予公司12个月目标价22元，维持""强烈推荐""评级。
风险提示：公司项目落地低于预期。"
明天继续看跌，没人愿意把钱投这人为的怪圈里,"https://guba.eastmoney.com/news,300262,653006030.html",2017-06-09 08:50:27,还是买雄安，别的没人问，只管跌
巴安水务:关于签订广西象州县工业园区石龙片区自来水厂及污水处理厂项目并成立象州巴安水务有限公司的公告,"https://guba.eastmoney.com/news,300262,75747660.html",2013-05-12 17:33:10,"公告日期：2013-05-13
证券代码：300262 证券简称：巴安水务 公告编号：2012-027





上海巴安水务股份有限公司

关于签订广西象州县工业园区石龙片区自来水厂及污水处理厂项
目并成立象州巴安水务有限公司的公告



本公司及董事会全体成员保证信息披露内容的真实、准确和完整，没有虚假记
载、误导性陈述或重大遗漏。



一、协议风险提示

1、协议的生效条件。
本协议为框架性协议，待象州巴安水务有限公司成立后，由象州巴安水务有限
公司负责项目具体建设，存在一定的不确定性。
2、协议的履行期限。
本项目分自来水厂项目及污水处理厂项目：

自来水厂项目建设分两期进行，第一期建设规模为1.5万吨/天，工程开工时间
为协议签订日，竣工时间为2014年1月底前（因交易方原因、不可抗力或自然灾害
造成的竣工日期延误除外）。二期建设另行商定。

污水处理厂项目建设项目建设分两期进行，第一期建设规模为1万吨/天，工程
开工时间为协议签订日，竣工时间为2014年4月底前（因交易方原因、不可抗力或
自然灾害造成的竣工日期延误除外）。第二期建设规模另行商定。

3、协议的重大风险及重大不确定性。

根据项目要求，公司与象州县工业投资有限责任公司将在项目所在地合资成立
项目公司，注册资金1000万元（由上海巴安水务股份有限公司出资900万元，股份
比例90%；象州县工业投资有限责任公司出资100万元，股份比例10%），并由新
设立的项目公司负责工程项目的融资、建设工作，公司将根据涉及金额大小，按照


中国证监会、深交所及《公司章程》的相关规定，对该协议事项及其他相关事项履
行相关审议程序，并根据事项进展情况及时进行披露。

本项目的投资额估算为 3亿元人民币，最终投资额以竣工验收审计结算价为
准，存在一定的不确定性。敬请广大投资者注意投资风险。
二、协议当事人介绍

协议甲方是象州县工业投资有限责任公司（国有独资）；注册资金5000万元；
注册地址：广西象州县石龙镇石象路，法定代表人：刘桂江；经营范围：管理公司
所属国有资产收益；运用国有资产收益进行再投资；从事县工业园区基础项目的综
合开发，建筑安装，技术开发服务；工程建设，工程规划设计，设备设计（凭有效
资质证经营）;房地产开发项目筹建（取得资质证后方可开展经营活动）；通过合并、
兼并、股份制改组收购、转让手段实行产权重组；增加对所属企业的财力投入。

三、协议的主要内容

1、项目主要建设内容：

为解决广西象州县石龙片区自来水供水及污水处理问题，本项目拟建设1座自
来水厂、1座污水处理厂及部分配套管网，项目具体建设规模和分期如下：自来水
厂：一期供水能力为15000吨/天，二期另行商订。自来水配套管网：自来水主管网
15km。污水处理厂：一期建设处理污水能力为10000吨/天，二期另行商订。污水配
套管网：污水主管网7.5km。本项目计划投资为3亿元，最终投资额以竣工验收审
计结算价为准。

2、项目范围和项目地点：

本项目规划包括一座自来水厂、一座污水处理厂及配套管网，两座厂建设在象
州县石龙片区内。

3、自来水厂及污水处理厂商业模式

本项目商业模式由项目公司采用BOT模式承担项目规划、建设、运行、融资等
责任，收费权由项目公司享有。

4、项目土地使用权

（1）自来水厂厂区占地面积为50亩，项目土地性质为政府划拨，土地使用权
证办在双方合资成立的公司名下，由甲方征地并支付各种费用，乙方具有使用权，


在特许经营期满后，将土地使用权无偿移交给政府或政府指定的机构。管网建设涉
及临时占用或永久占用土地，由双方合资成立的公司负责青苗补偿及所需的费用，
并计入项目成本。如涉及到土地使用费，则应作为政府划拨处理。

（2）污水处理厂占地面积为 60 亩，项目土地性质为政府划拨，土地使用权证
办在双方合资成立的公司名下，由甲方征地并支付各种费用，乙方具有使用权，但
乙方不得将土地用于项目之外的任何目的。在特许经营期满后，将土地使用权无偿
移交给政府或政府指定的机构。管网建设涉及临时占用或永久占用土地，由双方合
资成立的公司负责青苗补偿及所需的费用，并计入项目成本。如涉及到土地使用费，
则应作为政府划破处理。

5、项目进度计划

自来水项目：经双方协商约定，项目建设分两期进行，第一期建设规模为1.5
万吨/天，工程开工时间为协议签订日，竣工时间为2014年1月底前（因交易方原
因、不可抗力或自然灾害造成的竣工日期延误除外）。二期建设另行商……
[点击查看PDF原文]
提示：本网不保证其真实性和客观性，一切有关该股的有效信息，以交易所的公告为准，敬请投资者注意风险。
展开阅读全文"
巴安够笔公司，专为员工谋福利，根本不管小散和声誉，够笔中的战斗机,"https://guba.eastmoney.com/news,300262,652999219.html",2017-06-09 08:19:57,皮包纸公司，傻哔绝伦
不会无缘无故搞一个非热门股票的,"https://guba.eastmoney.com/news,300262,652906697.html",2017-06-08 22:44:27,证明有人要收货了
低价买回了行业顶尖技术，明明是双赢,"https://guba.eastmoney.com/news,300262,652208163.html",2017-06-07 11:34:54,即使对方是亏损的企业，我们低价买回了技术应用于自己企业岂不是重大利好？无知的记者，为了赚眼球写出无知的文字！每周发十几只股票的时候你们怎么不出来喷？
巴安水务海外收购之谜：收购标的德国ItN连亏7年之重大信息竟未披露,"https://guba.eastmoney.com/news,300262,652084600.html",2017-06-07 03:11:36,"来源：证券日报
　　近两年来巴安水务频繁出海，仅2016年一年就一口气投资了3家海外公司，然而这些公司盈利能力却不容乐观。
　　《证券日报》记者调查发现，其重金收购的德国ItN纳米平板陶瓷超滤膜公司竟是一家连亏7年濒临破产的公司，而且巴安水务并未对该财务数据予以披露。信公咨询合伙人吴非对记者表示，按照深交所对上市公司收购公告的格式要求，应对标的公司的利润等关键财务指标进行全面披露，巴安水务有刻意隐瞒亏损的嫌疑，属于信披违规。
　　频繁海外并购回报几何？
　　巴安水务于2011年9月在创业板上市，主营业务涵盖市政水处理、工业水处理、固体废弃物处理、天然气调压站与分布式能源以及施工建设等五大板块，主要产品应用于市政工程、海绵城市和海水淡化。
　　2016年以来，巴安水务国际化步伐出现明显加速，几乎以半年一家的速度进行海外公司收购。2016年4月6日，巴安水务完成对拥有气浮固液分离技术的奥地利KWI Corporate Verwaltungs GmbH(以下简称KWI)100%股权交割；2016年8月2日对外披露拟收购德国ItN Nanovation AG(以下简称ItN)纳米平板陶瓷超滤膜公司67.65%的股权；2016年10月26日，公告拟用自有资金受让Larive Water Holding AG(以下简称LW)21.6%的股权，LW拥有瑞士水务100%股权，本次股权交割完成后，巴安水务将间接持有瑞士水务股份，瑞士水务拥有低温多效海水淡化技术以及废水零排放处理技术；ItN、LW已于2017年陆续完成股权交割；2017年5月12日，公司再次出手，拟从斗山重工美国控股公司处受让其持有的Doosan Hydro Technology LLC.(以下简称DHT)100%股权。巴安水务还于去年在迪拜等地设立办事处，在新加坡、香港等地设立子公司。
　　不过从巴安水务2016年年报来看，仅奥地利KWI实现盈利：2016年总资产1.21亿元，净资产7260.67万元，营收6841.84万元，营业利润348.57万元，净利润436.45万元。
　　对比巴安水务2016年营业收入10.3亿、净利润1.41亿元，KWI的利润贡献率只有3.1%。不过，KWI的业绩已然属于巴安水务海外收购标的中表现不错的公司，另三家公司的盈利情况更是不容乐观。巴安水务斥资800万欧元(折合人民币约6000万元)收购LW21.6%的股权，根据公告信息，截至2015年12月31日，LW净资产为负1.46亿元，营业收入1472万元人民币，营业利润为亏损3186万人民币，净利润为亏损4121万元人民币。
　　除了LW净资产为负数，德国ItN和近期宣布736万美元收购的美国DHT也属于资不抵债。公告显示，截至2017年2月24日，标的公司美国DHT总资产1999.60万美元，总负债5054.72万美元，账面净资产为负3055.11万美元。不过，巴安水务表示，本次交易股权交割前，该公司原股东及其相关主体负责清理完毕4500万美元短期借款。
　　收购德国ItN信披违规
　　值得注意的是，关于美国DHT、德国ItN的诸如营业收入、净利润等关键财务指标，巴安水务均没有在年报或者收购公告中予以披露。
　　2016年8月2日，巴安水务在德国ItN股权收购备忘录中的“涉及标的公司的主要财务数据”一栏中表示，标的公司的主要财务数据待开展尽职调查后予以披露。然而，该数据一直到公告完成股权交割都没有对外披露。
　　对此，信公咨询合伙人吴非接受记者采访时表示，巴安水务对德国ItN的收购公告不符合收购资产的公告格式指引，而且前后公告不一致，承诺披露没有兑现，存在刻意隐瞒的嫌疑，已经构成上市公司信息披露违规，但不属于严重情节。
　　根据深交所创业板信息披露公告要求：收购、出售标的如为公司股权，还应包括该公司最近一年及最近一期的资产总额、负债总额、应收款项总额、或有事项涉及的总额(包括担保、诉讼与仲裁事项)、净资产、营业收入、营业利润、净利润和经营活动产生的现金流量净额等财务数据(注明是否经审计)。如该标的公司净利润中包含较大比例的非经常性损益，应予以特别说明。
　　标的ItN连续7年亏损
　　为何要避而不谈德国ItN财务情况究竟如何？据《证券日报》记者调查发现，ItN是家民营企业成立于2000年，于2006年在德国法兰克福证券交易所上市，坐落于德国萨尔布吕肯，巴安水务称其是“纳米平板陶瓷超滤膜技术的领导者”，收购完成后将带来业务协同效应和海外融资便利，有利于更快速且深度切入国际水务市场。
　　巴安水务因此以0.1欧元/股的价格从ItN老股东Stoll家族和Coreo AG处受让ItN 9,672,861股的股权，占ItN股本的64.42%，同时借款50万欧元给ItN用于补充日常经营性现金流，以95万欧元买断ItN的债权人Stoll家族和债权人SWN BeteiligungsGmbH曾为ItN提供的价值共为1770万欧元的贷款；另外公司将以2欧元/股的价格在2016年11月之前出资300万欧元，认购ItN定向发行的1,500,000股的股权(ItN在此次发行前总股本为15,015,596股)，占发行后总股本16,515,596股的9.08%。本次收购与增资完成后，巴安水务总共持有ItN 67.65%的股份。
　　由此计算，巴安水务收购德国ItN公司总成本为 491.73万欧元，同时提供50万欧元借款，然而花费超4千万人民币收购的却是一家连亏7年、接近破产的公司。
　　《证券日报》记者查阅其官网发现，2010年至2016年的财报显示，这7年以来一直该公司处于连年亏损状态，亏损金额最大为2011年净亏损720万欧元，亏损金额最小为2013年的440万欧元。2016年只完成50万欧元的营业额，相比去年下降超过50%，未计利息、税项、折旧及摊销前的利润(EBITDA)下降0.9%，为亏损350万欧元，净利润较上年略有改善从亏损590万欧元下降到亏损580万欧元。
　　为何不对德国ItN的财务情况进行披露7年都未盈利是否意味着其盈利模式有问题巴安水务是否有能力令其扭亏。截至发稿，记者尚未收到巴安水务董秘办就上述问题的回复。
　　疯狂海外并购为哪般
　　巴安水务海外事业部总经理乐国平曾在股东大会上对《证券日报》记者表示：“德国公司ItN过去好几年都处于研发投入状态，产品很好但缺乏市场定位和市场开拓。根据这个短板，我们对公司进行了重新调整，加强市场这块，促进产品在中国和全球布局，现在有好几个单子在运作。”
　　在谈到近期收购的美国公司DHT时，乐国平坦言DHT的问题在于有很好的技术和人才储备，但是没有自己的产品，但我们不仅有技术服务也有各种产品，还可以做BOT融资项目。收购DHT符合巴安水务的全球战略，我们希望利用DHT打开美国市场，在北美建立桥头堡。
　　何时海外公司利润才能得到改善乐国平认为今年已经有明显变化，特别是对ItN有信心，此外美国DHT也已经有项目在谈。根据报道，ITN的平板陶瓷超滤膜(CFM)已被选为海水淡化项目的过滤工艺，作为反渗透膜的预处理以保证水质的纯净，巴安水务计划将其应用在“营口仙人岛海水淡化项目”上，一期工程预处理总处理能力达到22万吨/天。德国ItN亦于今年3月对外预测今年营业额有望超过1000万欧元，2017年有望实现上市以来第一次未计利息、税项、折旧及摊销前的利润(EBITDA)转正，但最终取决于中国订单能否按期推进。
　　乐国平坦言，管理海外公司极具挑战，最大的阻力是文化和价值观的巨大差异，但要改造基因不是一蹴而就，而是要小火慢炖。
　　巴安水务海外收购的雄心壮志从董事长张春霖的对外讲话中就可见一斑：海外并购道路是巴安的二次创业，我们将利用资本市场的优势，在今后的5-10年中，收购国际上具有一流技术、一流产品、一流品牌的20家环保水处理公司，组成一个全球范围内的水处理产品“walmart”，使公司的产业链条得到整合，未来的目标是3年以后海外业务上升到50%。
　　数据显示，80%的并购以失败告终。如何避免并购的失败陷阱？张春霖认为关键在于掌握好并购的市值定律。“并购标的企业不能超过我们企业市值的10%，超过了则不好管理；通常低于你市值的10%，伤害是比较小的。巴安海外并购的秘籍之一是寻找海外细分市场的隐形冠军，这类公司的特点是‘规模小，但技术独特’。”
　　不过有投行人士则对巴安水务海外并购的动机提出质疑，如果是收购时盈利但收购之后出现了亏损还能理解，为何如此密集收购亏损的公司令人费解，而且2016年的时间点十分微妙恰逢人民币贬值预期强烈，有将资金倒出去的嫌疑。
（来源：证券日报 2017-06-07 03:11）[点击查看原文]
展开阅读全文"
跟点互金,"https://guba.eastmoney.com/news,300262,652684006.html",2017-06-08 13:25:43,跟点互金
2222222222  111111,"https://guba.eastmoney.com/news,300262,652674655.html",2017-06-08 13:07:14,这肯定是增持的资金，让他么开心了@@
巴安水务主力在出货，明天必然大跌。,"https://guba.eastmoney.com/news,300262,652294935.html",2017-06-07 14:51:03,巴安水务主力在出货，明天必然大跌。
巴安为什么不出来说明一下,"https://guba.eastmoney.com/news,300262,652575855.html",2017-06-08 09:36:10,巴安为什么不出来说明一下
上市公司 拖欠员工工资，断缴社保。。。也属于违法违规行为,"https://guba.eastmoney.com/news,300262,652646312.html",2017-06-08 11:41:08,上市公司 拖欠员工工资，断缴社保。。。也属于违法违规行为
在市场中如何分布,"https://guba.eastmoney.com/news,300262,652629435.html",2017-06-08 11:10:04,反弹只是因为连续下跌之后技术超跌与人心思涨的条件之下超级主力运用了混改的概念制造了反弹
主力今天不操盘，是不是送女朋友高考了,"https://guba.eastmoney.com/news,300262,652626379.html",2017-06-08 11:03:36,没量
300262要起飞吗,"https://guba.eastmoney.com/news,300262,622857466.html",2017-03-30 10:40:12,
看好创业板，买了点巴安水务。,"https://guba.eastmoney.com/news,300262,652584033.html",2017-06-08 09:50:52,看好创业板，买了点巴安水务。
证监会：九好集团,"https://guba.eastmoney.com/news,300262,652550622.html",2017-06-08 08:01:25,周期股投资机会转向需求端
明师教育拟申请终止挂牌新三板,"https://guba.eastmoney.com/news,300262,652485917.html",2017-06-08 00:14:37,人民币加息与否，要看
环保政策专题研究报告之十：大气水环境仍不乐观 加码环保督查推动行业成长 2017,"https://guba.eastmoney.com/news,300262,652482236.html",2017-06-07 23:56:08,"环保政策专题研究报告之十：大气水环境仍不乐观 加码环保督查推动行业成长
2017-06-07 申万宏源证券有限公司
查看PDF原文
　　事件：
　　6月5日环境保护部发布《2016中国环境状况公报》，公布大气、水、海洋、土地、生态、声、辐射等领域的环境状况。投资要点：
　　环境质量有所改善，大气、水环境现状依旧不容乐观。2016年，全国338个地级及以上城市中84个环境空气质量达标，仅占比24.9%，平均优良天数比例为78.8%，比15年上升2.1个百分点，但臭氧日均浓度和超标天数比例相比2015年都有上升，京津冀地区优良天数平均比例仅为57%，刚刚过半，相比长三角的76%和珠三角的90%，落后甚远。1940个全国地表水断面中Ⅰ~Ⅲ、Ⅳ~Ⅴ和劣Ⅴ类水质断面分别占（括号内为2015年数据）67.5%（64.5%）、23.7%（26.7%）和8.6%（8.8%）。6124个地下水水质监测点中优良、良好、较好、较差和极差的监测点分别占10.1%(9.1%)、25.4%(25%)、4.4%(4.6%)、45.4%(42.5%)和14.7%(18.8%)。897个在用集中式生活饮用水水源监测断面（点位）中，有811个全年均达标，占90.4%(97.1%)。近岸海域417个点位中，一类、二类、三类、四类和劣四类分别占32.4%、41.0%、10.3%、3.1%和13.2%。2591个县域中，生态环境质量为“优”“良”“一般”“较差”和“差”的县域分别有548个、1057个、702个、267个和17个。309个开展功能区声环境监测的地级及以上城市，昼间、夜间监测点次达标率为92.2%、74.0%。
　　政策持续加码，深入细化“气十条”、“水十条”，出台“土十条”，环保体系日臻完善。在整体上，国务院印发《“十三五”生态环境保护规划》。细分领域：1）大气领域：深入实施《大气污染防治行动计划》；发布实施《京津冀地区大气污染防治强化措施（2016—2017年）》；制定重点行业挥发性有机物削减行动计划，加强重污染天气监测预警评估体系建设。2）水体领域：全面落实《水污染防治行动计划》；与各地政府签订水污染防治目标责任书，建立协作机制；出台《长江经济带沿江取水口、排污口和应急水源布局规划》，编制《长江经济带生态环境保护规划》；根据3800多个农村水源环境抽样情况，实施农村饮水安全提升工程；启动水资源消耗总量和强度双控行动。3）固废领域：实施《土壤污染防治行动计划》；印发《土壤污染防治行动计划》，31个省（区、市）编制完成土壤污染防治工作方案，出台《污染地块土壤环境管理办法》，开展农产品产地土壤重金属污染监测;推进生活垃圾焚烧处理设施建设，开展非正规垃圾堆放点排查整治。
　　立法、执法双双发力，中央专项资金护航，利好长远发展。法律方面，16年完成环境保护税法、环境影响评价法、海洋环境保护法等法律制修订，修订《最高人民法院最高人民检察院关于办理环境污染刑事案件适用法律若干问题的解释》、《国家危险废物名录》，开展打击涉危险废物环境违法犯罪行为专项行动。资金支持方面，中央财政分别安排大气、水、土壤污染防治专项资金112亿、140亿、91亿（15年为106亿，130亿、30亿）。鼓励（PPP）示范项目落地，实现环保领域入库项目630多个、总投资额6500多亿元，对加速环保项目推进。
　　最强环保督查开启，强化环评审核进行预防。2016年开启最强环保督查，16个省（区）中央环境保护督察工作，共受理群众举报3.3万件，约谈6307人，问责6454人，有力落实地方委和政府以及有关部门环境保护责任。同时，印发《关于省以下环保机构监测监察执法垂直管理制度改革试点工作的指导意见》、《关于划定并严守生态保护红线的若干意见》、《培育发展农业面源污染治理、农村污水垃圾处理市场主体方案》《“十三五”环境影响评价改革实施方案》、《生态环境损害鉴定评估技术指导指南总纲》、《关于构建绿色金融体系的指导意见》。此外还健全环境预防体系，完成红顶中介脱钩，严格进行环评审批。
　　投资建议：土壤环境质量将成为规划期内弹性最大的板块；而水环境质量及大气污染防治仍为治理重点方向；从体制改善来看，垂直管理、规划环评、排污权等一系列专业环保工作开展依赖监测及环评、环境咨询机构支持。我们建议重点关注：1.大气污染防治，典型公司（龙净环保、清新环境）；2.水环境治理类标的，典型公司（中金环境、天壕环境、万邦达）；3.土壤修复类标的，典型公司（高能环境、博世科）；4.服务类标的，典型公司（华测检测、龙马环卫、盈峰环境）。
查看PDF原文"
再购海外公司，增强海水淡化技术水准,"https://guba.eastmoney.com/news,300262,652311765.html",2017-06-07 15:27:11,
瓜瓜们，海外公司如果赢利可观的话，人家能卖嘛？巴安低价收购，其实要的就是其核心技,"https://guba.eastmoney.com/news,300262,652398090.html",2017-06-07 19:23:29,瓜瓜们，海外公司如果赢利可观的话，人家能卖嘛？巴安低价收购，其实要的就是其核心技术和市场，这些技术用于中国环保行业就是国际领先水平了，大利好啊！
公司于2017年1月成立的江苏埃梯恩膜过滤技术有限公司子公司，为啥没有公告？,"https://guba.eastmoney.com/news,300262,653189261.html",2017-06-09 14:31:00,【问】公司于2017年1月成立的江苏埃梯恩膜过滤技术有限公司子公司，为啥没有公告？ 【答】巴安水务：您好，该子公司注册资本为1000万元人民币，未达到披露要求。¶¶2017-06-09 14:31:00 §
张总，公司对今天的证卷日报上的报道有何解师，是广告费投的不多吗？,"https://guba.eastmoney.com/news,300262,653189033.html",2017-06-09 14:32:00,【问】张总，公司对今天的证卷日报上的报道有何解师，是广告费投的不多吗？ 【答】巴安水务：您好，关注到有关报道后，公司就报道中涉及公司的相关内容进行了核查，并于2017年6月8日披露《关于媒体报道的澄清公告》（公告编号：2017-049）。敬请查阅。¶¶2017-06-09 14:32:00 §
另外公司将以2欧元/股的价格在2016年11月之前出资300万欧元，,"https://guba.eastmoney.com/news,300262,652165194.html",2017-06-07 10:17:59,"巴安水务因此以0.1欧元/股的价格从ItN老股东Stoll家族和Coreo AG处受让ItN 9,672,861股的股权，占ItN股本的64.42%，同时借款50万欧元给ItN用于补充日常经营性现金流，以95万欧元买断ItN的债权人Stoll家族和债权人SWN BeteiligungsGmbH曾为ItN提供的价值共为1770万欧元的贷款；另外公司将以2欧元/股的价格在2016年11月之前出资300万欧元，认购ItN定向发行的1,500,000股的股权(ItN在此次发行前总股本为15,015,596股)，占发行后总股本16,515,596股的9.08%。本次收购与增资完成后，巴安水务总共持有ItN 67.65%的股份。"
这个就是个狗  他妈的创业板涨成这样 他能跌成这样,"https://guba.eastmoney.com/news,300262,652288927.html",2017-06-07 14:41:48,他妈的还是放量杀跌 你他妈的公司怎么不退市
德国公司连续亏7年，依旧活着，这就是牛逼公司,"https://guba.eastmoney.com/news,300262,652288858.html",2017-06-07 14:40:54,写文章记者真蠢啊
整个创业板涨了  他妈的你还能流出1000多万,"https://guba.eastmoney.com/news,300262,652280430.html",2017-06-07 14:27:02,你他妈的就是坑
庄家今天不在状态啊,"https://guba.eastmoney.com/news,300262,652276252.html",2017-06-07 14:21:06,是不是失恋了
请公司澄清媒体报道，关于收购ITN公司的相关报道,"https://guba.eastmoney.com/news,300262,653189244.html",2017-06-09 14:31:00,【问】请公司澄清媒体报道，关于收购ITN公司的相关报道 【答】巴安水务：您好，关注到有关报道后，公司就报道中涉及公司的相关内容进行了核查，并于2017年6月8日披露《关于媒体报道的澄清公告》（公告编号：2017-049）。敬请查阅。¶¶2017-06-09 14:31:00 §
他妈的就是变态,"https://guba.eastmoney.com/news,300262,652266262.html",2017-06-07 14:02:55,他妈的就是变态
