标题,链接,发布时间,内容
NB 你就往死了砸！ 同归于尽大不了！,"https://guba.eastmoney.com/news,300332,729683650.html",2017-11-18 08:44:04,NB 你就往死了砸！ 同归于尽大不了！
开始供暖了，雾霾该严重了，天豪该涨了,"https://guba.eastmoney.com/news,300332,729642010.html",2017-11-17 22:50:45,开始供暖了，雾霾该严重了，天豪该涨了
同志们坚持住啊，不能把廉价筹码交出去,"https://guba.eastmoney.com/news,300332,729486454.html",2017-11-17 14:48:15,坚持不出
请公司解释下从10月17日至今一个月时间里跌去20%的理由！,"https://guba.eastmoney.com/news,300332,729311312.html",2017-11-17 10:04:52,请公司解释下从10月17日至今一个月时间里跌去20%的理由！
有本事你同我跌停。跌到五元我再入五万股。不赚钱不出来。你主力去死吧,"https://guba.eastmoney.com/news,300332,729461557.html",2017-11-17 14:19:14,有本事你同我跌停。跌到五元我再入五万股。不赚钱不出来。你主力去死吧
请问，咱公司获得湖北国资的支持，照理应该在湖北有深耕之势，为何不见湖北有ppp大,"https://guba.eastmoney.com/news,300332,725161175.html",2017-11-03 16:11:00,【问】请问，咱公司获得湖北国资的支持，照理应该在湖北有深耕之势，为何不见湖北有ppp大单入囊？ 【答】天壕环境：您好，湖北国资为公司的战略投资者股东之一，公司仍在探索与之的合作模式，期望在设立产业基金、项目投资等方面发挥协同作用。感谢您的关注！¶¶2017-11-03 16:11:00 §
砸盘坚决!貌似有意做空!不碰为妙!,"https://guba.eastmoney.com/news,300332,729483488.html",2017-11-17 14:45:03,毫无抵抗的下跌真可怕!
天壕环境=天坑环境，建议公司该名,"https://guba.eastmoney.com/news,300332,729537410.html",2017-11-17 16:25:11,天坑就是无底洞!
年底之前还是能上8元的，根据新会计准则，湖南国资委等几个定增方应该用“交易性金融,"https://guba.eastmoney.com/news,300332,729496052.html",2017-11-17 14:59:46,年底之前还是能上8元的，根据新会计准则，湖南国资委等几个定增方应该用“交易性金融资产”来核算他们的持股，如果年底之前上不了定增价，那湖南国资委的报表将出现巨额亏损，其领导会被问责，而天壕为了维护与投资方，尤其是官方的关系，他必须在年底之前站上定增价，所以说，现在是个套利机会
大股东质押的怎么还没爆仓？？？？？,"https://guba.eastmoney.com/news,300332,729484936.html",2017-11-17 14:46:35,大股东质押的怎么还没爆仓？？？？？
王祖锋就等你减持完股价才不跌。快抛。,"https://guba.eastmoney.com/news,300332,729431749.html",2017-11-17 13:42:51,王祖锋就等你减持完股价才不跌。快抛。
哭晕在厕所,"https://guba.eastmoney.com/news,300332,729486629.html",2017-11-17 14:48:28,哭晕在厕所
使劲往下砸，砸到ST砸到破产,"https://guba.eastmoney.com/news,300332,729471118.html",2017-11-17 14:30:59,使劲往下砸，砸到ST砸到破产
大家拨打01062215518转证券部,"https://guba.eastmoney.com/news,300332,729327157.html",2017-11-17 10:22:41,大家拨打01062215518转证券部
这垃圾，大股东有没有质押啊？是不是该爆仓了[大笑][大笑][大笑][大笑],"https://guba.eastmoney.com/news,300332,729464095.html",2017-11-17 14:22:23,这垃圾，大股东有没有质押啊？是不是该爆仓了
真是天天哀嚎啊,"https://guba.eastmoney.com/news,300332,729462016.html",2017-11-17 14:19:45,真是天天哀嚎啊
今天应该跌停一把了吧,"https://guba.eastmoney.com/news,300332,729454813.html",2017-11-17 14:11:59,今天应该跌停一把了吧
主力铁心打压，不到六元以下绝不买入,"https://guba.eastmoney.com/news,300332,729295749.html",2017-11-17 09:46:27,等待
下周到六元可期,"https://guba.eastmoney.com/news,300332,729441971.html",2017-11-17 13:56:33,主力继续砸盘
这种跌法真不是一般的股票！,"https://guba.eastmoney.com/news,300332,729441488.html",2017-11-17 13:56:01,这种跌法真不是一般的股票！
这只股票再过一个月5块,"https://guba.eastmoney.com/news,300332,729435115.html",2017-11-17 13:47:56,这只股票再过一个月5块
他妈的这样跌法。天豪是不是破产了,"https://guba.eastmoney.com/news,300332,729438101.html",2017-11-17 13:51:53,他妈的这样跌法。天豪是不是破产了
同志们，朋友们，此票到底了吗，没子弹了,"https://guba.eastmoney.com/news,300332,729346263.html",2017-11-17 10:46:19,同志们，朋友们，此票到底了吗，没子弹了
不说话，给大家看一附图，观者有缘,"https://guba.eastmoney.com/news,300332,726162870.html",2017-11-08 10:01:33,1
今天我打电话问了。业绩说的很好。为何股价一直跌。骗子公司,"https://guba.eastmoney.com/news,300332,729374014.html",2017-11-17 11:28:26,今天我打电话问了。业绩说的很好。为何股价一直跌。骗子公司
天壕如果是负责的良心企业 在目前应该站出来大幅增持 而不是任由中邮的疯狂减持,"https://guba.eastmoney.com/news,300332,729376733.html",2017-11-17 11:32:48,天壕如果是负责的良心企业 在目前应该站出来大幅增持 而不是任由中邮的疯狂减持
跟信雅达比赛,"https://guba.eastmoney.com/news,300332,729377167.html",2017-11-17 11:33:32,目前信雅达暂时第一，天坑加油
本人进场拉,"https://guba.eastmoney.com/news,300332,729356632.html",2017-11-17 11:01:20,为什么进它，跌的多了，从8元附近坐过一回赚完饭钱后就直线跌到现在这个位置，跌幅达到了20%，目前6.37进了一小部分，毕竟走势日线处于下跌趋势，属于最不好的走势，不敢大仓位进，赚个饭钱就走了，目标6.60，当然如果破了6.37，就需要等待一个日底部区间的一个过程，周线没有走好，不期盼大的行情，主力为了骗线也可以拉个到达6.97大幅上涨，让我们偷着乐下也行，目前就需要看它走势了，涨幅过多的注意大盘下跌带来的风险。
此股是一个背时的股,"https://guba.eastmoney.com/news,300332,729369409.html",2017-11-17 11:21:16,[大便][大便][大便]
我买房借钱跟你干,"https://guba.eastmoney.com/news,300332,729314048.html",2017-11-17 10:08:04,我买房借钱跟你干，看你成本8.22元咋办
股友们：再重申一遍  天坑环境   目标价5元附近看能否支撑柱，止不住就是3元价了  庄家非要把众多散户清出去的,"https://guba.eastmoney.com/news,300332,729326876.html",2017-11-17 10:22:23,股友们：再重申一遍 天坑环境 目标价5元附近看能否支撑柱，止不住就是3元价了 庄家非要把众多散户清出去的，还有就是公司虚假的上市，无技术的想找项目，还找些无技术的公司收购，导致公司已在业绩直下！跑为上策
8.42买入的，8.42又卖出，不知是对还是错啊！！总之让人死心了，竟然说是操作,"https://guba.eastmoney.com/news,300332,711050362.html",2017-09-28 14:17:10,8.42买入的，8.42又卖出，不知是对还是错啊！！总之让人死心了，竟然说是操作失误造成的短线交易，畜生。
割肉需要勇气，但现在价格割肉意义不大,"https://guba.eastmoney.com/news,300332,729349491.html",2017-11-17 10:50:48,这个没有人赚钱的股票随时都有可能形成底部，所以恐慌还真有可能就割到底部了
像一样发癫,"https://guba.eastmoney.com/news,300332,729348524.html",2017-11-17 10:49:27,像一样发癫
天豪天豪，还要跌吗，还要跌吗？希望A股崩盘，天豪崩溃！！！！！！,"https://guba.eastmoney.com/news,300332,729331224.html",2017-11-17 10:27:21,天豪天豪，还要跌吗，还要跌吗？希望A股崩盘，天豪崩溃！！！！！！
这垃圾要退市了！不记成本的抛售,"https://guba.eastmoney.com/news,300332,729324022.html",2017-11-17 10:19:05,这垃圾要退市了！不记成本的抛售
基本崩盘了，可以退市了,"https://guba.eastmoney.com/news,300332,729321800.html",2017-11-17 10:16:38,基本崩盘了，可以退市了
你妈,"https://guba.eastmoney.com/news,300332,729317450.html",2017-11-17 10:11:59,你妈
你他妈的不会破产吧,"https://guba.eastmoney.com/news,300332,729289452.html",2017-11-17 09:36:46,你他妈的不会破产吧
今天恐慌盘比较多,"https://guba.eastmoney.com/news,300332,729314203.html",2017-11-17 10:08:14,不要急着补仓，下周会有更理想的价位出现
意思是说今天减持150万股[大笑],"https://guba.eastmoney.com/news,300332,718989439.html",2017-10-19 09:43:43,意思是说今天减持150万股
天豪跌吧！都没有感觉了，反正准备拿10年。,"https://guba.eastmoney.com/news,300332,729300297.html",2017-11-17 09:51:50,天豪跌吧！都没有感觉了，反正准备拿10年。
捂好便是。,"https://guba.eastmoney.com/news,300332,729287933.html",2017-11-17 09:34:01,捂好便是。
柳工怎么样，,"https://guba.eastmoney.com/news,300332,729286733.html",2017-11-17 09:31:38,柳工怎么样，
天坑环境：目标价5元-5.50元    不要急   我还没出完货,"https://guba.eastmoney.com/news,300332,728822241.html",2017-11-16 09:53:25,天坑环境：目标价5元-5.50元 不要急 我还没出完货
我只想问一个问题，就是公司最近二级市场与大环境相背弛而大幅暴跌，股价三个月跌去四,"https://guba.eastmoney.com/news,300332,729092597.html",2017-11-16 17:08:00,【问】我只想问一个问题，就是公司最近二级市场与大环境相背弛而大幅暴跌，股价三个月跌去四成，是否有财务或者经营上的大利空因素？ 【答】天壕环境：您好，公司整体经营正常，股价受政策、行业、市场等诸多因素影响，感谢您的关注！¶¶2017-11-16 17:08:00 §
有望开启报复性反弹。,"https://guba.eastmoney.com/news,300332,729271269.html",2017-11-17 08:29:21,有望开启报复性反弹。
霸州正茂股权已经质押给华盛燃气，并且已经办了工商质押登记手续。请问董秘:按理说，,"https://guba.eastmoney.com/news,300332,729093001.html",2017-11-16 17:02:00,【问】霸州正茂股权已经质押给华盛燃气，并且已经办了工商质押登记手续。请问董秘:按理说，天壕想办股权过户是很简单的事情，因为华盛燃气也是我们的子公司，我们手里就有质押的股权，那么霸州正茂的股权过户什么时候可以办好？目前是不是已经在办理股权过户了呢？如果没有，天壕还需等待什么手续吗？还需要等法院的判决吗？ 【答】天壕环境：您好，霸州正茂49%的股权已在公司收购其51%股权时办理了质押登记手续，霸州正茂利润补偿事宜公司已向北京市仲裁委提起仲裁，具体股权过户事宜需在仲裁判决后才能执行。感谢您的关注！¶¶2017-11-16 17:02:00 §
机构出货诱发庄家砸盘，现在谈底为时尚早,"https://guba.eastmoney.com/news,300332,729081488.html",2017-11-16 17:26:42,机构出完了才会筑稳底部，六元以下构筑底部的可能性大。
董秘先生您好，请问，近几年收购的赛诺，华盛，霸州正茂三家公司2017年度分别承诺,"https://guba.eastmoney.com/news,300332,727036058.html",2017-11-10 14:43:00,【问】董秘先生您好，请问，近几年收购的赛诺，华盛，霸州正茂三家公司2017年度分别承诺的利润是多少？完不成怎么计算对赌协议？谢谢！ 【答】天壕环境：您好，公司收购赛诺水务、北京华盛、霸州正茂时，与交易对方签订业绩承诺及补偿协议里约定，2017年上述公司实现的净利润分别不低于7000万、18000万、5000万；如果业绩未实现，交易对方依据业绩未完成百分比向公司支付补偿作价，详见公司于巨潮资讯网公开披露的公告。感谢您的关注！¶¶2017-11-10 14:43:00 §
双击666,"https://guba.eastmoney.com/news,300332,729213032.html",2017-11-16 22:46:12,双击666
股票资金双在手 涨跌无惧情绪高  ,"https://guba.eastmoney.com/news,300332,653888709.html",2017-06-12 01:52:41,价跌量减末跌段 底部将近止跌盼
天壕环境:澄清公告,"https://guba.eastmoney.com/news,300332,728179045.html",2017-11-14 19:51:59,"公告日期：2017-11-14
 证券代码：300332 证券简称：天壕环境 公告编号：2017-111



天壕环境股份有限公司



澄清公告



本公司及董事会全体成员保证信息披露的内容真实、准确、完整，没有虚假记载、误导性陈述或重大遗漏。



一、传闻情况



天壕环境股份有限公司（以下简称“公司”）于2017年11月11日在巨潮



资讯网（www.cninfo.com.cn）披露了《关于变更部分募集资金用途的公告》（公 告编号：2017-106），近日，有媒体质疑 “天壕环境拟变更1.4亿募资用途时 隔一年对MBR膜项目态度生变”， “从此前的‘抢占市场先机’到如今的项目总投资额‘缩水’、变更部分募集资金用途，天壕环境(300332，SZ)发布的一则公告折射出其态度的变化”，以致市场有可能对公司“募集资金变更后，天壕环 境在MBR膜方面的竞争力”存疑，而误认为公司未来发展MBR膜的战略布局发生态度转变。



二、澄清说明



为了向广大投资者说明事实，公司特发布澄清内容如下：



1、公司原募投项目日照赛诺膜组件及环保装备制造项目（以下简称“日照



膜项目”）拟生产的超滤膜组件产品中的最主要核心产品为热致相法PVDF中空



纤维MBR（膜生物反应器）膜产品。公司过去及现在一直都看好MBR膜的发展，



认为MBR膜产品市场前景巨大，但随着MBR膜的各大研究机构和膜厂商都加大了



MBR膜产品研发的力度，MBR膜市场未来参与主体将逐步增加，为迅速推广赛诺



膜技术的市场应用和提升赛诺膜技术的影响力，建立开放合作共赢的行业合作新战略，公司拟引进拥有较强资金实力、较大膜产品需求、丰富的水处理及环境市场资源和开拓能力等多方面优势的战略合作伙伴，共同合资建设日照膜项目。该 安排的实现，一方面将整合行业战略资源，共同开拓热致相法MBR膜生产及应用市场，使赛诺的膜技术在行业中快速推广占据市场份额；另一方面，合作各方将以膜为基础和切入点，在水处理及环境相关领域建立更广泛更紧密的合作关系，有利于公司快速推进水电气一体化产业的布局。如以上安排得以实现，新战略合作者将采用增资扩股的方式成为日照膜项目公司新加入的股东，公司已经投入了3000万元，继续作为股东持有相应的股份。合资公司将自行融资满足项目建设的需要，专注MBR膜产品的生产并合理的规划产能规模，现阶段比原募投项目投资总额有所减少。因此，日照膜项目的建设和运营，不但不会受到募集资金变更影响，而且由于新的战略合作者的加入，公司单方面投入该项目的资金将自然减少，有必要变更部分募集资金用途，提升使用效率。



2、另一方面，随着MBR膜应用的快速发展，公司也将加大具有更先进技术



的包括陶瓷MBR膜在内的新兴MBR膜产品的研发投入，从而变更部分募集资金投



资于膜技术与工程研究中心项目，以丰富膜产品种类，以满足更多行业对膜法水处理技术的需求，力争不断占据MBR膜市场的技术制高点，继续保持行业内同时掌握膜技术中的配方技术、制造技术和膜法水资源化应用工艺等技术的优势地位，使膜系列产品继续成为公司水务板块具有核心竞争力的优势之一，有利于长久支撑公司的市场开拓。



3、随着研发技术的不断积淀，研发产品的持续升级利用，公司仍将重视具



有技术领先优势、核心竞争力的膜产品及环保装备制造项目的战略布局，如项目满足较好投资回报率的情况下，可考虑妥善使用自有资金及多种融资方式进行投资，形成赛诺膜系列化产品，满足多种领域、应用环境的要求，以提升上市公司整体市场竞争力及盈利能力。



三、 风险提示



公司郑重提醒广大投资者：巨潮资讯网（www.cninfo.com.cn）为公司指定的信息披露媒体。公司发布的信息以在上述网站刊登的公告为准。敬请广大投资者理性投资，注意投资风险。



特此公告。



天壕环境股份有限公司



董事会



2017年11月14日




[点击查看PDF原文]
提示：本网不保证其真实性和客观性，一切有关该股的有效信息，以交易所的公告为准，敬请投资者注意风险。
展开阅读全文"
我想说一下上面是谁晒的买卖股票的明细，一看就是新手，有一只两只股票就够了，趋势不,"https://guba.eastmoney.com/news,300332,729185688.html",2017-11-16 21:30:47,"我想说一下上面是谁晒的买卖股票的明细，一看就是新手，有一只两只股票就够了，趋势不好就住手，想买股票也要快进快出。
出于好意 不要骂我"
8.22的增发价，问你可以套咱们几年,"https://guba.eastmoney.com/news,300332,727616874.html",2017-11-13 15:27:50,除非大家一起死！
中邮也快没货了吧,"https://guba.eastmoney.com/news,300332,728982224.html",2017-11-16 14:31:36,中邮也快没货了吧
主力不在上面挂单压盘,"https://guba.eastmoney.com/news,300332,709635465.html",2017-09-26 16:34:42,主力不在上面挂单压盘
叫你一句陈总是尊重你。为何天天跌。一点希望也不给支持你的股民。很多股民入了你公司,"https://guba.eastmoney.com/news,300332,729056578.html",2017-11-16 16:34:16,叫你一句陈总是尊重你。为何天天跌。一点希望也不给支持你的股民。很多股民入了你公司股票真的跳楼的心都有了。你真的没有一点良知吗
没有恐慌的市场情绪，何来此廉价的筹码。我只想说闭眼买入，不用看盘。[献花][献花,"https://guba.eastmoney.com/news,300332,729131289.html",2017-11-16 19:18:49,没有恐慌的市场情绪，何来此廉价的筹码。我只想说闭眼买入，不用看盘。
最近石油天然气价格不断上涨，请问天壕今年的天然气业务，截止到10月份，同比去年增,"https://guba.eastmoney.com/news,300332,729073758.html",2017-11-16 15:48:00,【问】最近石油天然气价格不断上涨，请问天壕今年的天然气业务，截止到10月份，同比去年增长了多少？ 【答】天壕环境：您好，关于公司业绩具体详情请关注定期报告的披露，谢谢！¶¶2017-11-16 15:48:00 §
真的很想每天都说你去死。跌成这样本来不想骂人。现在天天想骂你,"https://guba.eastmoney.com/news,300332,729101334.html",2017-11-16 18:08:16,真的很想每天都说你去死。跌成这样本来不想骂人。现在天天想骂你
去死吧。天天跌。,"https://guba.eastmoney.com/news,300332,729087630.html",2017-11-16 17:40:13,去死吧。天天跌。
看来，是真的有问题了 根据澄清公告，天壕原募投项目改为合作运营方式，好像没有公告,"https://guba.eastmoney.com/news,300332,728314144.html",2017-11-15 08:09:34,"看来，是真的有问题了
根据澄清公告，天壕原募投项目改为合作运营方式，好像没有公告，有没有违反信息披露规定。听说，天壕与赛诺老总是同学，资金改变用途，有没有为业绩承诺作保驾护航之嫌"
666 牛了！,"https://guba.eastmoney.com/news,300332,729061770.html",2017-11-16 16:46:05,666 牛了！
去死吧,"https://guba.eastmoney.com/news,300332,729048341.html",2017-11-16 16:16:27,去死吧
这垃圾  亏了20多个点还在跌  有完没完啊,"https://guba.eastmoney.com/news,300332,729012775.html",2017-11-16 15:10:41,这垃圾 亏了20多个点还在跌 有完没完啊
他妈的今天全部股票涨。就这鬼东西。去死吧。天豪环境,"https://guba.eastmoney.com/news,300332,728954068.html",2017-11-16 13:52:42,他妈的今天全部股票涨。就这鬼东西。去死吧。天豪环境
不玩了，出货一半留一半，先换低市盈率蓝筹，等跌到位再来，狗庄就慢慢砸盘吧。,"https://guba.eastmoney.com/news,300332,728989677.html",2017-11-16 14:41:19,不玩了，出货一半留一半，先换低市盈率蓝筹，等跌到位再来，狗庄就慢慢砸盘吧。
这种走势，唯一的解释就是庄家死命砸，让大家受不了，交出筹码。,"https://guba.eastmoney.com/news,300332,728618021.html",2017-11-15 18:27:45,这种走势，唯一的解释就是庄家死命砸，让大家受不了，交出筹码。
看样子7元以下还得呆几个月,"https://guba.eastmoney.com/news,300332,728950861.html",2017-11-16 13:48:07,明年才会有机会上七元的可能性大
大家都不要交出筹码。等庄自己玩,"https://guba.eastmoney.com/news,300332,728919134.html",2017-11-16 12:53:37,大家都不要交出筹码。等庄自己玩
没有量，今天周四，小心下午跳水，,"https://guba.eastmoney.com/news,300332,728878305.html",2017-11-16 11:18:42,没有量，今天周四，小心下午跳水，
涨得多艰难！,"https://guba.eastmoney.com/news,300332,728871028.html",2017-11-16 11:07:22,涨得多艰难！
修先人,"https://guba.eastmoney.com/news,300332,728885686.html",2017-11-16 11:29:42,修先人
现在又是横盘，看看下周一短命机构是否又要砸盘,"https://guba.eastmoney.com/news,300332,728855420.html",2017-11-16 10:42:56,损人不利己的短命机构不干人事
股友们：我认为不砸盘  我们都对不起这个黑心的公司对股友们的欺诈，公司和机构合伙欺骗我们，砸才是硬道理,"https://guba.eastmoney.com/news,300332,728841042.html",2017-11-16 10:21:05,股友们：我认为不砸盘 我们都对不起这个黑心的公司对股友们的欺诈，公司和机构合伙欺骗我们，砸才是硬道理！让他们知道，我们也不是好惹的！[心碎]
跌的时候如滔滔江水连绵不绝，涨的时候就是高龄产妇慢慢悠悠。该做抛妇产了。,"https://guba.eastmoney.com/news,300332,728833227.html",2017-11-16 10:09:42,跌的时候如滔滔江水连绵不绝，涨的时候就是高龄产妇慢慢悠悠。该做抛妇产了。
骗子公司。骗子公司。骗子公司,"https://guba.eastmoney.com/news,300332,728824842.html",2017-11-16 09:56:59,骗子公司。骗子公司。骗子公司
他妈的6*68两千多手单。傻瓜装不啦怎么有人交出筹码来,"https://guba.eastmoney.com/news,300332,728818388.html",2017-11-16 09:48:04,他妈的6*68两千多手单。傻瓜装不啦怎么有人交出筹码来
日筹码图看出平均成本8.63，,"https://guba.eastmoney.com/news,300332,728793230.html",2017-11-16 08:45:00,跌了这么多，平均成本没有下来，说明进的资金不多，大家都是套牢盘，补仓的钱都没有了，怎么办
机构快点割肉吧！欢迎新庄入住大家明年才有收获,"https://guba.eastmoney.com/news,300332,728521949.html",2017-11-15 14:58:18,或许明年一季报过后才会有行情
造假公司,"https://guba.eastmoney.com/news,300332,728644229.html",2017-11-15 19:33:00,造假公司
让大家散户超低天壕环境,"https://guba.eastmoney.com/news,300332,728553474.html",2017-11-15 15:58:02,让大家散户超低天壕环境
超低天壕环境300332,"https://guba.eastmoney.com/news,300332,728552403.html",2017-11-15 15:55:49,超低天壕环境300332
今天又创新低了，赶快跑路,"https://guba.eastmoney.com/news,300332,728541876.html",2017-11-15 15:35:04,今天又创新低了，赶快跑路
请不要做梦,"https://guba.eastmoney.com/news,300332,726076429.html",2017-11-07 21:04:07,目前走势是仅次于最差的 看看周线 已经决定这周没什么戏 幻想？做梦？当然可以，来个涨停，站不回8元 就是要创新低，目前日线有希望触碰五日线，但是依然更改不了，周线的坏！站上五日线，挺近7.50 还能看到些希望，否则盼着上涨就是做梦了，借着大盘好，就冲击五日线，大盘一不好就等着创新低，依然不看好，等走好的时候在来吧
象打压，不象在抛盘 .,"https://guba.eastmoney.com/news,300332,728485495.html",2017-11-15 14:04:34,"象打压，不象在抛盘
."
跌成无底洞了啊[不屑][不屑][不屑][不屑],"https://guba.eastmoney.com/news,300332,728452046.html",2017-11-15 13:09:18,跌成无底洞了啊[不屑][不屑][不屑][不屑]
绞肉机开始工作了！不玩了！,"https://guba.eastmoney.com/news,300332,728514636.html",2017-11-15 14:47:56,绞肉机开始工作了！不玩了！
抛了这么久究竟谁谁这么多货,"https://guba.eastmoney.com/news,300332,728417981.html",2017-11-15 11:33:51,抛了这么久究竟谁谁这么多货
天坑环境：啥时跌到5元附近才是机会进场     目前只有告诫一个字：跑路为上策,"https://guba.eastmoney.com/news,300332,728470133.html",2017-11-15 13:39:28,"天坑环境：啥时跌到5元附近才是机会进场
啥时跌到5元附近才是机会进场 目前只有告诫一个字：跑路为上策"
天坑还有20%的幅度下跌，股民们注意啦！离开这垃圾才是上策,"https://guba.eastmoney.com/news,300332,728467762.html",2017-11-15 13:35:39,天坑还有20%的幅度下跌，股民们注意啦！离开这垃圾才是上策
看图吧，没戏,"https://guba.eastmoney.com/news,300332,728419975.html",2017-11-15 11:37:46,1
比赛割肉呢吧,"https://guba.eastmoney.com/news,300332,728458492.html",2017-11-15 13:20:51,比赛割肉呢吧
这个位置这样抛，真是不可思议？？难道是造假上市？？？,"https://guba.eastmoney.com/news,300332,728460485.html",2017-11-15 13:24:06,这个位置这样抛，真是不可思议？？难道是造假上市？？？
你妈的连跌6个月就没个说法吗，不负责任的企业为何还不退市,"https://guba.eastmoney.com/news,300332,728352088.html",2017-11-15 09:57:18,你妈的连跌6个月就没个说法吗，不负责任的企业为何还不退市
操蛋，今天又要新低,"https://guba.eastmoney.com/news,300332,728352403.html",2017-11-15 09:57:48,操蛋，今天又要新低
原来的那个董秘公告的150w股减持还没出呢,"https://guba.eastmoney.com/news,300332,728435591.html",2017-11-15 12:19:18,公告在6月，半年内减持，也就是还有1个月时间，看样子他只能低位减持了。
唉。这股没个炒了。分析不对，认赔。应该是有不好的利空。要不怎么能走成这样。这也能,"https://guba.eastmoney.com/news,300332,728342381.html",2017-11-15 09:42:20,唉。这股没个炒了。分析不对，认赔。应该是有不好的利空。要不怎么能走成这样。这也能算是北京的股票？
天壕成功筑底需要什么,"https://guba.eastmoney.com/news,300332,728383779.html",2017-11-15 10:41:31,"筑底的几种模式

1）量缩。代表抛压衰竭，空头抑制。被套的跌傻了等反弹，出货的也差不多了。但目前天壕每天大单抛压不止，哪怕7元以下，也看不出有收手迹象。

2）换庄。抛压不止没关系，有新主力接盘，体现在大跌中买卖大单频现，突然放量。但目前天壕根本鲜见大单买盘。

3）抢盘。突然爆发的利好消息导致大家不计成本的买入。这个只能老天决定。

通常缩量是第一步，同时跌幅收窄，代表空头力量减弱；而后量增价涨代表有新资金主动介入。

等吧。"
天豪环境公司。老总不会当就好换人,"https://guba.eastmoney.com/news,300332,728354892.html",2017-11-15 10:01:20,天豪环境公司。老总不会当就好换人
环过一个有能力的领导人。把业绩做好,"https://guba.eastmoney.com/news,300332,728356021.html",2017-11-15 10:02:56,环过一个有能力的领导人。把业绩做好
股价一直跌。环换过有能力的领导人,"https://guba.eastmoney.com/news,300332,728355321.html",2017-11-15 10:01:55,股价一直跌。环换过有能力的领导人
真你妈垃圾,"https://guba.eastmoney.com/news,300332,728341085.html",2017-11-15 09:40:09,真你妈垃圾
公告有屁用，股价不涨就是假的,"https://guba.eastmoney.com/news,300332,728338144.html",2017-11-15 09:35:07,公告有屁用，股价不涨就是假的
完了拓日要,"https://guba.eastmoney.com/news,300332,728279350.html",2017-11-15 01:20:17,完了拓日要
平稳收盘,"https://guba.eastmoney.com/news,300332,728052630.html",2017-11-14 15:02:53,长期趋势，刚才已经谈了，短期趋势明天很关键，目前30min已经形成底背离，如果明天上午能收红，60min也能形成底背离，这样很有可能在未来1-2日内形成日线的底背离，短线就到底了
天壕环境的报复性反弹+反转已进入倒计时。现阶段买入了天壕环境的必定成土豪。[献花,"https://guba.eastmoney.com/news,300332,728186944.html",2017-11-14 20:13:18,天壕环境的报复性反弹+反转已进入倒计时。现阶段买入了天壕环境的必定成土豪。
大盘有一次涨停；欠熔断两个跌停板？数学班想～,"https://guba.eastmoney.com/news,300332,728171847.html",2017-11-14 19:33:44,原油期货就快上市了，可以留意相关概念股
置顶：国企改革中的战斗机！,"https://guba.eastmoney.com/news,300332,728171844.html",2017-11-14 19:33:41,下半年策略：小盘央企+超跌+低价+实质性重组+并
老子了什么的什么的，今天含洄割肉了，10000股，亏23个点。[兴奋][兴奋],"https://guba.eastmoney.com/news,300332,727653475.html",2017-11-13 17:13:03,老子了什么的什么的，今天含洄割肉了，10000股，亏23个点。
拿住！,"https://guba.eastmoney.com/news,300332,728025410.html",2017-11-14 14:19:52,"在别人贪婪的时候，要懂得及时套现；而在别人恐慌的时候，要懂得抓住抄底的机会。天壕这一周多的走势，的确造成一定的恐慌，虽然还是特别恐慌，但至少吓住了很多人，这个时候应该要拿住，在60min底部时甚至要坚决买入抄底。
天壕去年年报、今年一季报、中报和三季报都没有兑现之前并购的预期，是股价创新低的核心原因，去年年报的原因是很清晰的，主要是霸州正茂并购的计提损失和并购水板块的财务费用等影响了当年的净利润，而今年前三季度主要是因为水板块季节因素。炒股不仅要看当前的业绩，更重要的是看未来的业绩，水板块将在第四季度全部释放利润，而燃气板块也是对赌最后一年，2017年全年总的净利润将接近1.5亿元，比2016年将增长近200%，未来更是不用说！
最后一句话，拿住，未来是我们的！"
这两天主力增仓2%,"https://guba.eastmoney.com/news,300332,728120019.html",2017-11-14 17:31:28,这两天主力增仓2%
上次大股东增持价是多少？还有人记得吗？,"https://guba.eastmoney.com/news,300332,728084646.html",2017-11-14 16:10:34,上次大股东增持价是多少？还有人记得吗？
15:17北京：非居民气价上涨 供暖价格不变财联社11月14日讯，根据国家关于天,"https://guba.eastmoney.com/news,300332,728070360.html",2017-11-14 15:39:08,15:17北京：非居民气价上涨 供暖价格不变财联社11月14日讯，根据国家关于天然气价格改革有关规定和国内天然气供需形势，自2017年11月15日至2018年3月15日，上游供北京市非居民用天然气门站价格上浮9.71%，约0.184元／立方米。面对这一形势，为减轻社会负担，经市政府同意，按照企业、社会、财政共担的原则，疏导和消化上游气价上浮影响。据介绍，北京市非居民天然气销售价格统一上浮0.16元／立方米。供暖季结束后，取消上浮。供暖价格不做调整，影响下游热电联产及供暖企业增加的用于保障居民供暖的用气成本主要通过财政补贴负担。(来自财联社APP)
你大叔已不是你大叔！,"https://guba.eastmoney.com/news,300332,728010564.html",2017-11-14 13:57:50,不管你怎么折腾，你大爷还是你大爷：底仓还在！！！
估计12月2日前收在6.77以下,"https://guba.eastmoney.com/news,300332,728034599.html",2017-11-14 14:34:08,估计12月2日前收在6.77以下
跟跌不跟涨的二B股,"https://guba.eastmoney.com/news,300332,728018137.html",2017-11-14 14:09:21,跟跌不跟涨的二B股
一分钱玩死你,"https://guba.eastmoney.com/news,300332,728003621.html",2017-11-14 13:46:04,一分钱玩死你
这么多喷子,"https://guba.eastmoney.com/news,300332,727992962.html",2017-11-14 13:28:01,这么多喷子
这股与众不同，大盘涨他不涨，大盘跌它跟着跌，跌的总比涨得多，屡创新低，真奇葩，都,"https://guba.eastmoney.com/news,300332,727984384.html",2017-11-14 13:10:54,这股与众不同，大盘涨他不涨，大盘跌它跟着跌，跌的总比涨得多，屡创新低，真奇葩，都套里了。不知何时能解套。
环保公用行业：京津冀供暖季大气政策持续高压 11-14 10:56 来源：申万宏,"https://guba.eastmoney.com/news,300332,727980223.html",2017-11-14 12:59:30,"环保公用行业：京津冀供暖季大气政策持续高压
11-14 10:56 来源：申万宏源 7评论
相关股票: 华能国际大唐发电华电国际皖能电力京能电力上海电力内蒙华电
本期行业观点：
环保板块观点 1: 京津冀及周边“ 2+26”城市部分工业行业今明年秋冬需错峰生产，预计大气监管维持高压政策。 工业和信息化部、环境保护部日前印发通知，要求京津冀及周边地区“ 2+26”城市部分工业行业 2017 年至 2018 年秋冬季实行错峰生产。其中，钢铁焦化铸造行业实施部分错峰生产。“ 2+26”城市中石家庄、唐山、邯郸、安阳等重点城市，采暖季( 2017 年 11 月 15 日至 2018 年 3 月 15 日)钢铁产能限产 50%。其他“ 2+26”城市根据所在地秋冬季环境空气质量自行决定限产水平。鼓励空气污染治理任务重的城市，根据实际情况制定更加严格的限停方案。 9 月份，北京、廊坊、天津空气质量有所恶化，均进入倒排前十城，同时，京津冀 9 月份的 PM10 浓度同比上升幅度较大，有恶化趋势。 PM10的主要来源为工业燃煤以及施工扬尘等， 当下进入供暖季， 17 年北京 PM2.5 硬指标60ug/m3 底线目标任务艰巨， 预期后续政策监管将持续高压。
公用板块观点： 11 月 10 日， 国家发改委发布“关于全面深化价格机制改革的意见”。 文中提出， 结合有序放开发用电计划，扩大市场形成发电、售电价格的范围，加快推进电力市场交易，完善电力市场交易价格规则，健全煤电价格联动机制。 我们认为，当前的煤电联动机制着眼于协调煤炭、电力企业之间的利益关系， 未能完善煤碳、电力、电网和下游用电户作为整体的电价传导机制。 在进一步健全煤电联动机制之前，或将多方协调利益平衡，改善火电企业盈利能力处于底部的境遇。 随着电价市场化的推进， 我们认为大火电仍具备低成本、高能效以及发电平稳的天然优势，长期可保持较优的盈利能力。
重点池推荐：
公用行业： 1) 火电： 华能国际、 大唐发电、 华电国际、 皖能电力、京能电力、 上海电力、内蒙华电； 2) 水电： 长江电力、桂东电力、 桂冠电力； 3)清洁能源： 联美控股、 百川能源、深圳燃气、中国核电。
环保行业： 1)大气+监测： 清新环境、 雪迪龙。 2)水环境： 万邦达、中金环境、 天壕环境、 博世科。 3) 固废： 启迪桑德、 中再资环、 东江环保、 龙马环卫。
编辑：东方财富网
分享到
朋友圈 微博"
习惯了又开始横盘，下周一短命机构又开始砸盘,"https://guba.eastmoney.com/news,300332,727954256.html",2017-11-14 11:42:36,继续砸呀！六元以下等着满仓呢
炒股最痛苦的事情莫过于低位割肉后，行情走好再高价买入的人。要不就是低价卖出了，以,"https://guba.eastmoney.com/news,300332,727938274.html",2017-11-14 11:15:28,炒股最痛苦的事情莫过于低位割肉后，行情走好再高价买入的人。要不就是低价卖出了，以后的上涨行情又太纠结不敢高于卖出时价位买入，那好吧，基本后面的上升趋势又与你无关了。
大盘指数在高位向下调整时，前期涨幅大的品种当规避，重点关注超跌绩优个股的补涨行情,"https://guba.eastmoney.com/news,300332,727927628.html",2017-11-14 10:59:00,大盘指数在高位向下调整时，前期涨幅大的品种当规避，重点关注超跌绩优个股的补涨行情。
不要盲目加仓，还会跌，放心，有补仓的时间,"https://guba.eastmoney.com/news,300332,727919311.html",2017-11-14 10:46:43,不要盲目加仓，还会跌，放心，有补仓的时间
突然涨停就搞笑了,"https://guba.eastmoney.com/news,300332,727908798.html",2017-11-14 10:32:31,一群人出去会不会后悔死
什么人老是打压，也该查查了,"https://guba.eastmoney.com/news,300332,727907403.html",2017-11-14 10:30:40,什么人老是打压，也该查查了
天壕环境的大阳线不会在今天，应该在明天出现，拭目以待吧！,"https://guba.eastmoney.com/news,300332,727906426.html",2017-11-14 10:29:20,天壕环境的大阳线不会在今天，应该在明天出现，拭目以待吧！
今天不涨，天打雷辟,"https://guba.eastmoney.com/news,300332,727904701.html",2017-11-14 10:27:01,今天不涨，天打雷辟
天壕与通用电气合作了是真的吗？,"https://guba.eastmoney.com/news,300332,727901386.html",2017-11-14 10:22:38,真的？
中环环保都涨停了,"https://guba.eastmoney.com/news,300332,727896119.html",2017-11-14 10:14:59,中环环保都涨停了，北京股不行呀
都是散户在抄底,"https://guba.eastmoney.com/news,300332,727892123.html",2017-11-14 10:09:09,昨日大资金砸了5000w，今天买盘才几百万。没戏
没有量，反弹无力,"https://guba.eastmoney.com/news,300332,727890104.html",2017-11-14 10:06:14,没有量，反弹无力
看来今天要企稳了，应该跌到6元左右啊,"https://guba.eastmoney.com/news,300332,727888266.html",2017-11-14 10:03:35,看来今天要企稳了，应该跌到6元左右啊
:好消息：赛诺水务，北京华盛，霸州正茂三马业绩贡献喜人，望大家莫悲观，股市就二字,"https://guba.eastmoney.com/news,300332,727850532.html",2017-11-14 08:16:07,:好消息：赛诺水务，北京华盛，霸州正茂三马业绩贡献喜人，望大家莫悲观，股市就二字……坚持。……不挣不出。
超底天壕，玩死庄家,"https://guba.eastmoney.com/news,300332,727881669.html",2017-11-14 09:53:52,超底天壕，玩死庄家
转发1000个群超底，天壕环境,"https://guba.eastmoney.com/news,300332,727878047.html",2017-11-14 09:48:33,转发1000个群超底，天壕环境
股市跌成这祥，股指没反映...，新股还在发...,"https://guba.eastmoney.com/news,300332,727875892.html",2017-11-14 09:45:06,中国股市垃圾场形成的根源主要是重要股东吐现离
公司做事要有良心。支持你的股民才不会灰心,"https://guba.eastmoney.com/news,300332,727872147.html",2017-11-14 09:38:46,公司做事要有良心。支持你的股民才不会灰心
如果高开可以看看9月19的走势,"https://guba.eastmoney.com/news,300332,727863762.html",2017-11-14 09:19:02,如果高开可以看看9月19的走势
两次增发的上市流通时间分别是2018年9月1日和2020年1月19日,"https://guba.eastmoney.com/news,300332,727702747.html",2017-11-13 19:44:37,"第一次增发，2015年8月21日，增发3876万股，价格12.9元，上市流通时间为2018年9月1日，持股3年，期间15年分红10送10派0.8元，16年派0.15元，成本约为6.40元（7752万股），加上每年利息，如果按10%算，那么实际成本至少8.3元，现价亏损快20%了。
第二次增发，今年1月18日增发6361万股，价8.24元，上市时间还早，要2020年1月19日，实施还不到一年，算上10%利息，成本在9.06元，这批资金已经被套25%了。
阴谋论一下，这次挖坑就是找长期底部，为增发上市打底，基金减仓正好配合清洗行动，下跌更惨烈。。。"
此股最近的惯例都是星期一下砸然后横盘,"https://guba.eastmoney.com/news,300332,727675723.html",2017-11-13 18:18:30,照这走势月底六元以下应该有机会补仓了
6.75全仓进了，明天赚5个点就走,"https://guba.eastmoney.com/news,300332,727595764.html",2017-11-13 14:43:57,6.75全仓进了，明天赚5个点就走
都去证监会官网留言举报违规减持，让机构罚钱,"https://guba.eastmoney.com/news,300332,727583061.html",2017-11-13 14:22:06,都去证监会官网留言举报违规减持，让机构罚钱
天豪公司董事长因为出来解析下为何股票天天跌。,"https://guba.eastmoney.com/news,300332,727698355.html",2017-11-13 19:31:38,天豪公司董事长因为出来解析下为何股票天天跌。
天壕环境公司被全国几十万散户声讨，今日在股吧中骂娘排名绝对第一名……公司当出面解,"https://guba.eastmoney.com/news,300332,727718045.html",2017-11-13 20:28:13,天壕环境公司被全国几十万散户声讨，今日在股吧中骂娘排名绝对第一名……公司当出面解释……
两个字，悲哀啊，出的人会不会后悔的。,"https://guba.eastmoney.com/news,300332,727608450.html",2017-11-13 15:06:20,呵呵
6.81满仓干了,"https://guba.eastmoney.com/news,300332,727828751.html",2017-11-14 04:00:24,有钱赚了哈哈哈
有人故意做空，建议公司找理由停牌，起码董事长站出来声讨一下，不然难免有配合做空者,"https://guba.eastmoney.com/news,300332,727751658.html",2017-11-13 21:59:13,有人故意做空，建议公司找理由停牌，起码董事长站出来声讨一下，不然难免有配合做空者洗劫小散的嫌疑。
要想炒股不亏钱，一个办法就是离开这骗人的股市。明天就割肉，迟点肉都没得割的了。,"https://guba.eastmoney.com/news,300332,727754375.html",2017-11-13 22:06:52,要想炒股不亏钱，一个办法就是离开这骗人的股市。明天就割肉，迟点肉都没得割的了。 只能刮骨疗伤了。岂不是更痛。对一个跌得深不见底的股，不觉得十分害怕的吗？
十大短线炒股技巧让你叱咤股市,"https://guba.eastmoney.com/news,300332,727768208.html",2017-11-13 22:46:10,中国经济三个增长阶段！
天豪环境公司。不出来当面澄清下吗。这么多股民相信你公司。结果从7月份就跌到现在。,"https://guba.eastmoney.com/news,300332,727699761.html",2017-11-13 19:35:44,天豪环境公司。不出来当面澄清下吗。这么多股民相信你公司。结果从7月份就跌到现在。a股当中有那个股票有你垃圾
天壕环境:关于与中国石油天然气管道工程有限公司签订战略合作协议的公告 证券代码：,"https://guba.eastmoney.com/news,300332,727683946.html",2017-11-13 18:46:05,"天壕环境:关于与中国石油天然气管道工程有限公司签订战略合作协议的公告
证券代码：300332 证券简称：天壕环境 公告编号：2015-095
天壕环境股份有限公司
关于与中国石油天然气管道工程有限公司签订战略合作协议的公告
本公司及董事会全体成员保证信息披露的内容真实、准确、完整，没有虚假记载、误导性陈述或重大遗漏。
一、协议概述
天壕环境股份有限公司（以下简称“公司”或“天壕环境”）与中国石油天然气管道工程有限公司（中国石油天然气管道局管道设计院）（以下简称“CPPE”）于2015年9月28日签订了《战略合作协议》，双方按照互惠互利、优势互补和共同发展的原则，确定战略伙伴关系。
二、合作方介绍
企业名称：中国石油天然气管道工程有限公司
成立日期：2000年2月17日
注册地址：廊坊市广阳区和平路146号
企业类型：有限责任公司（自然人投资或控股的法人独资）
注册资本：14413.6万人民币
法定代表人：赵玉建
主营业务：CPPE（中国石油天然气管道局管道设计院）是中国管道勘察设计最前沿的技术支持方，承担了国内长输管道70%以上的勘察设计任务，是以长输管道工程、油气田地面工程、大型油（气）储库工程、滩海油气开发陆上终端工程、公用工程、市政工程等领域的咨询、勘察、设计、储运技术研究、项目管理、监理等为主营业务的大型跨国工程勘察咨询设计企业。
CPPE与公司不存在关联关系。
三、协议主要内容
1.油气长输管线节能减排、资源化利用技术和项目的合作开发
合作双方同意在下述领域开展合作，合作方式视具体情况另行商定，合作内容包括但不限于如下：
1)光热与压气站余热联合循环发电项目的合作开发；
2)燃料电池技术在油气长输管线上的应用开发；
3)燃气管线压力能发电技术的合作开发；
4) LNG冷能利用技术的合作开发；
5)天然气分布式应用项目的合作开发；
6)资源化利用业务领域的合作，如油泥、油渣、化工危废品等的无害化处理和资源回收等。
2.勘察设计业务的合作
合作双方同意，在引用市场竞争机制的前提下，相互参与对方的勘察设计业务，如：CPPE参与公司控股子公司投资建设的天然气管线、煤层气区块、页岩气区块开发等工程勘察设计业务，公司及其控股子公司参与CPPE总承包工程的新能源发电勘察设计业务。
四、协议对公司的影响
本合作协议的签订，标志着公司与CPPE在天然气管道及相关领域的节能减排和清洁资源利用方面展开正式合作。双方将共同在天然气管道余热和余压利用、光热利用、LNG及天然气相关领域深度合作开发相关资源和技术，实现优势互补，有利于公司进一步加大在天然气相关产业的布局，将对公司未来的业务发展带来新的市场空间。
五、备查文件
《战略合作协议》
特此公告。
天壕环境股份有限公司
董事会
2015年9月29日
点击查看PDF原文
提示：本网不保证其真实性和客观性，一切有关该股的有效信息，以交易所的公告为准，敬请投资者注意风险。
展开阅读全文"
天壕环境:关于变更部分募集资金用途的公告,"https://guba.eastmoney.com/news,300332,727098474.html",2017-11-10 19:30:28,"公告日期：2017-11-11
证券代码：300332 证券简称：天壕环境 公告编号：2017-106



天壕环境股份有限公司



关于变更部分募集资金用途的公告



本公司及董事会全体成员保证信息披露的内容真实、准确、完整，没有虚假记载、误导性陈述或重大遗漏。



一、变更募集资金投资项目的概述



（一）募集资金到位及使用情况



经中国证券监督管理委员会（以下简称“中国证监会”）《关于核准天壕环境股份有限公司向西藏君升恒齐电子科技有限公司等发行股份购买资产并募集配套资金的批复》（证监许可[2016]3062号）核准，天壕环境获准非公开发行不超过63,611,503股新股募集本次发行股份购买资产的配套资金。公司已向湖北省国有资本运营有限公司、苏州厚扬启航投资中心（有限合伙）、新疆沣华盛鼎股权投资管理有限公司和自然人肖双田非公开发行普通股63,611,503股募集本次交易的配套募集资金。截至2016年12月29日，公司开立的募集资金专户已收到募集资金总额人民币524,158,784.72元，扣除与发行有关的费用后，募集资金净额为人民币508,358,784.72元。上述资金到位情况经信永中和会计师事务所（特殊普通合伙）验证，并出具了XYZH/2016BJA20746号《验资报告》。



根据公司第三届董事会第二次会议和第三届监事会第二次会议相关决议，公司使用募集资金12,446,109.59元置换了预先已投入募投项目的自筹资金，全部用于日照赛诺膜组件及环保装备制造项目的资金置换。



截至2017年11月3日，原募集资金投资项目的具体情况如下表所示：



序号 原募集资金投资项目 投资总额 拟使用的募集资 累计投入金额（万元）



（万元） 金总额（万元）



1 支付本次交易的现金对价 35,584.12 35,584.12 35,584.12



2 日照赛诺膜组件及环保装 36,000.00 16,831.76 3,005.90



备制造项目



序号 原募集资金投资项目 投资总额 拟使用的募集资 累计投入金额（万元）



（万元） 金总额（万元）



合计 71,584.12 52,415.88 38,590.02



截至2017年11月3日，本次交易的现金对价已完成支付，日照赛诺膜组件



及环保装备制造项目已投入3,005.90万元，其中募集资金专户项目款3,000万



元，利息5.90万元。



截至2017年11月3日，公司的募集资金余额总计为14,023.19万元，其中



公司募集资金专户余额为14,023.19万元（包含利息收入191.43万元），购买理



财产品余额0万元。



（二）本次募集资金投资项目变更情况



公司于2017年11月10日召开第三届董事会第九次会议，审议通过了《关



于变更部分募集资金用途的议案》，公司董事会同意将原募投项目“日照赛诺膜组件及环保装备制造项目”拟投入的募集资金14,021.88万元用于“甘河工业园区工业废水集中处理项目”（以下简称“甘河项目”）、“日照钢铁精品基地项目（一期）污水处理厂项目（以下简称“日照污水项目”）”、“日照钢铁精品基地项目（一期）海水淡化厂工程项目”（以下简称“日照海淡项目”）、“天津市青沅临港再生水厂项目”（以下简称“青沅临港项目”）、“膜技术与工程研究中心项目”（以下简称“研究中心项目”）。本次变更募投项目涉及的总金额14,021.88万元（实际投入时将另外包含已产生的利息）占公司本次发行股份购买资产配套资金募集净额的27.58%。本次变更事项尚需提交股东大会审议通过。



二、变更募集资金投向项目的原因



（一）原募投项目计划和实际投资情况



本次拟变更的原募集资金投资项目为日照赛诺膜组件及环保装备制造项目，由上市公司全资子公司北京赛诺水务科技有限公司（以下简称“赛诺水务”）之控股子公司日照赛诺水务科技有限公司（以下简称“日照赛诺”）负责实施，根据原项目实施计划，建成后可年产超滤膜组件 6……
[点击查看PDF原文]
提示：本网不保证其真实性和客观性，一切有关该股的有效信息，以交易所的公告为准，敬请投资者注意风险。
展开阅读全文"
套了那么久，后悔8.5元以上没有卖!,"https://guba.eastmoney.com/news,300332,727735679.html",2017-11-13 21:16:40,而今变成这般模样，都是短命机构干的折寿事
天壕环境:第三届监事会第五次会议决议的公告,"https://guba.eastmoney.com/news,300332,727098458.html",2017-11-10 19:30:28,"公告日期：2017-11-11
 证券代码：300332 证券简称：天壕环境 公告编号：2017-110



天壕环境股份有限公司



第三届监事会第五次会议决议的公告



本公司及监事会全体成员保证信息披露的内容真实、准确、完整，没有虚假记载、误导性陈述或重大遗漏。



一、本次监事会会议的召开情况



天壕环境股份有限公司（以下简称“公司”）第三届监事会第五次会议于2017



年11月10日（周五）下午15:00在公司会议室召开。本次监事会会议通知已于



2017年11月7日发出。会议应到监事3名，实到监事3名。会议由监事会主席



关敬如召集并主持。本次会议的召集及召开程序符合《公司法》等有关法律、行政法规、部门规章、规范性文件及《公司章程》的规定。



二、监事会会议审议情况



全体监事经审议通过了以下议案：



1、以3票赞成、0票反对、0票弃权审议通过了《关于变更部分募集资金



用途的议案》。



监事会一致认为：本次变更部分募集资金项目用途，有利于公司提高募集资金使用效率，符合了维护全体股东利益的需要，符合《深圳证券交易所创业板上市公司规范运作指引》、《深圳证券交易所上市公司募集资金管理办法》等相关法律、法规、规范性文件的相关规定，具备合理性、合规性。因此，全体监事对该议案发表同意的意见。



本议案尚需提交公司2017年第七次临时股东大会审议通过。



公司董事会、独立董事、保荐机构均发表了明确的同意意见。



详见公司于同日刊登在巨潮资讯网（http://www.cninfo.com.cn）的相关公告



三、备查文件



1、第三届监事会第五次会议决议



特此公告。



天壕环境股份有限公司



监事会



2017年11月10日




[点击查看PDF原文]
提示：本网不保证其真实性和客观性，一切有关该股的有效信息，以交易所的公告为准，敬请投资者注意风险。
展开阅读全文"
今天买了,"https://guba.eastmoney.com/news,300332,725706808.html",2017-11-06 18:52:22,中线票----今天上午买了，明天跌再加。
主力牢牢的控制股价，一点一点的往下砸，每到关键时候就砸一下，刚想抬头就砸一下，目,"https://guba.eastmoney.com/news,300332,727579654.html",2017-11-13 14:16:11,主力牢牢的控制股价，一点一点的往下砸，每到关键时候就砸一下，刚想抬头就砸一下，目的何为，真流氓。
公司肯定有什么大问题，不然基金为什么拼命出逃？不解，这不是砸盘手法所为。,"https://guba.eastmoney.com/news,300332,727571067.html",2017-11-13 14:02:01,公司肯定有什么大问题，不然基金为什么拼命出逃？不解，这不是砸盘手法所为。
