标题,链接,发布时间,内容
早说了有个跌停板，就是不听啊。,"https://guba.eastmoney.com/news,600074,679643966.html",2017-07-24 14:00:31,惨
"好呀,继续向下不要停","https://guba.eastmoney.com/news,600074,679338297.html",2017-07-24 09:20:04,是真的好
散户怎么赔偿,"https://guba.eastmoney.com/news,600074,679466197.html",2017-07-24 11:13:46,散户怎么赔偿
保千里何时复牌,"https://guba.eastmoney.com/news,600074,682667087.html",2017-07-27 15:24:16,"保千里何时复牌 
退市保千
保千里：您好。感谢您的关注。公司筹划的重大收购事项尚存在不确定性，公司将尽快就相关事项和具体方案进行论证和决策。敬请广大投资者关注相关公告并注意投资风险。
答复时间 2017-08-21 08:32:45"
IPO近期基本一天,"https://guba.eastmoney.com/news,600074,682656421.html",2017-07-27 15:12:04,由此也可得出各大技术方法将难施展拳脚
请看看5月9日的控股股东质押公告,"https://guba.eastmoney.com/news,600074,682283812.html",2017-07-27 08:23:52,庄敏也已经质押了98%的股份了。资金有问题吗？？？
怎么停牌了？,"https://guba.eastmoney.com/news,600074,682595387.html",2017-07-27 14:08:11,怎么停牌了？
今天这股解禁日倒没消息了，前半个月天天媒体各个财经网站大力宣传公司不好的消息，倒,"https://guba.eastmoney.com/news,600074,682521908.html",2017-07-27 12:52:53,今天这股解禁日倒没消息了，前半个月天天媒体各个财经网站大力宣传公司不好的消息，倒至公司股价大跌，现在又停牌，到底是怎么一回事？？
行情这么好，赶紧复盘,"https://guba.eastmoney.com/news,600074,682439291.html",2017-07-27 11:25:14,行情这么好，赶紧复盘
今天个股很给力啊。才近900左右的下跌个数。专,"https://guba.eastmoney.com/news,600074,682482876.html",2017-07-27 12:11:14,回踩验证
"#沪市小盘成长次新股易德龙科技,江苏最好成长股","https://guba.eastmoney.com/news,600074,682478043.html",2017-07-27 12:05:04,大盘暴涨两点点下午
紧急叫停，有阴谋，此股完蛋了，可能中止上市。,"https://guba.eastmoney.com/news,600074,681626410.html",2017-07-26 13:41:52,紧急叫停，有阴谋，此股完蛋了，可能中止上市。
保千里如果不退市还有2个跌停,"https://guba.eastmoney.com/news,600074,679460654.html",2017-07-24 11:07:45,不信时间证明
刚才看了下，保千里3天让我亏了38万了，哈哈,"https://guba.eastmoney.com/news,600074,682011885.html",2017-07-26 20:12:50,刚才看了下，保千里3天让我亏了38万了，哈哈
怎么还不交易，我踏马等跌停呢！,"https://guba.eastmoney.com/news,600074,681799856.html",2017-07-26 16:37:03,怎么还不交易，我踏马等跌停呢！
申万宏源：环杭州湾区投资机会在于高新技术及进出口贸易,"https://guba.eastmoney.com/news,600074,682414164.html",2017-07-27 10:59:55,7月27日，申万宏源宏观发文关注环杭州湾大湾区。研究员李慧勇、吴金铎表示，环杭州湾区构造及产业特点为“资本和金融优势的上海 互联网产业杭州 国际化港口宁波”，在区域协同上更胜粤港澳大湾区。当地重点发展的产业具有较大的投资前景，如高新技术产业，以及包括互联网电商、物流和商贸服务业、服务等在内的进出口贸易。
杨赚钱,"https://guba.eastmoney.com/news,600074,682402040.html",2017-07-27 10:47:40,资本运作
hlh53,"https://guba.eastmoney.com/news,600074,682397652.html",2017-07-27 10:41:30,把宝宝给震出来了，主力资金太坏了
粤港澳大湾区将“梅开二度”,"https://guba.eastmoney.com/news,600074,682393793.html",2017-07-27 10:38:51,广州全面实施旅游国际化战略
甚至像10月那样的反弹行情都难再有,"https://guba.eastmoney.com/news,600074,682372995.html",2017-07-27 10:19:43,稀缺资源等板块跌幅靠前；两市涨停板股票超过了50家；跌停板个股有2家
造假偏逢原始股解禁，大家自己想。。。,"https://guba.eastmoney.com/news,600074,679477838.html",2017-07-24 11:25:40,造假偏逢原始股解禁，大家自己想。。。
今天买进的明天看不着急,"https://guba.eastmoney.com/news,600074,682365066.html",2017-07-27 10:11:57,龙虎榜出来了只有散妇了！
事情是这样的,"https://guba.eastmoney.com/news,600074,682321075.html",2017-07-27 09:23:37,"7月12日解除退市外罚警告后,升了2点,7月13曰传媒开始炮轰而且吧里忽然热闹起来,来了一大批都是唱空保千里的空军,股票开始往下打接近跌停但有买盘,最后跌4点6,而且在7月14还回升1,点,见跌不下去就加多几家传媒同一事情继续报道还添油加醋,才有了保千里澄清公告,当然这时期水军更加卖力可能关糸到奖金大小！时至今日保千里重组停牌还不遗余力地唱,将一件尘埃落定的事无限放大,也的确够专业,没办法为了生活也会同情和理解！只可惜连小孩也瞒不过,不用多讲只要业绩公告就真想大白。"
保千里到底会发生什么？开盘后走向如何？异想开天的人不少，其实真实的情况是：已经到,"https://guba.eastmoney.com/news,600074,682292210.html",2017-07-27 08:40:50,保千里到底会发生什么？开盘后走向如何？异想开天的人不少，其实真实的情况是：已经到了叫天天不应，叫地地不灵的危险处境了。。。
公司老总还是有良心的。去年参入定增的5家机构定增价14.86元，目前价位悉数深套,"https://guba.eastmoney.com/news,600074,681297589.html",2017-07-26 07:12:23,公司老总还是有良心的。去年参入定增的5家机构定增价14.86元，目前价位悉数深套其中。其实公司现金购买资产早就酝酿了。在跌停后公告说明公司还是要照顾5家机构，不想让他们割肉出局。
多只假雄安个股即使到2099年也在难回到最高价!!,"https://guba.eastmoney.com/news,600074,679546024.html",2017-07-24 12:29:00,午间点评
好行业要先行,"https://guba.eastmoney.com/news,600074,679534913.html",2017-07-24 12:18:29,"选股票一定是先选行业,股票本身再好,只要其所处行业不好,一样很难涨起来。

　　对于行业的标准选择,邱国鹭向《每日经济新闻》记者表示,其中有四个衡量因素：行业龙头是否有先发优势；行业是否有足够高的门槛；行业相对其上下游是否有议价权；新技术变迁对行业是否有颠覆性的变化。

　　先发优势和足够高的门槛不难理解。而定价权的来源要么是垄断,要么是品牌,要么是专利,要么是资源矿产,或者相对稀缺的某种特定资产。

　　2013年受市场热捧的电影行业就是个现金流状况很差的行业,且电影院的定价权掌握在导演和演员手里,观众买票到电影院是去看范冰冰、徐峥和冯小刚的,不是去看电影公司,所以名导演和名演员的薪酬总能涨到让电影制片方不怎么赚钱的水平。迪士尼能够历经百年屹立不倒,很重要的原因是米老鼠和唐老鸭不会要求涨片酬。

　　与A股的电影公司动辄两三百亿的市值相比,与它们相同体量的美股上市公司博纳影业只有人民币15亿元的市值,两者相差十几倍。

　　有的行业因为技术变化太快而很难有积累,也许积累了很久,拼命挖了很深的护城河,人家可能不进攻这个城,绕了过去又建了新城。最明显的是高科技行业,电子、科技、媒体和通信技术更新换代太快了。再看空调跟电视,空调比较持续,电视就不持续,因为电视技术老是变,以前我们看的是CRT的,后来变成DLP的,后来又变成LCD,接着是等离子,然后又变成LED,现在又变成3D。每两三年就更新换代一次,这样的企业很辛苦,要不要投资更新换代？如果不投,别人超过你,你的品牌就会受损,消费者也不买你的产品；如果投,投20亿、30亿甚至100亿只能做两年。而像可口可乐,一个配方可以一两百年不变。

　　在邱国鹭的眼中,中国也有很多传统的东西可以几百年不变,它的长期回报更值得期待。其向《每日经济新闻》记者坦言,2015年最看好的行业依然是金融、地产、品牌消费和寡头制造。"
保千里的最新情况和自己的见解。        公司证券部人说了，要提前发表半年报,"https://guba.eastmoney.com/news,600074,681998835.html",2017-07-26 19:57:26,"保千里的最新情况和自己的见解。
公司证券部人说了，要提前发表半年报，准备8月初发表，按照计划是8月11日发表，所以我个人现在预计是股票开盘以前发表半年报。也许，我说的是也许，开盘以后做空的也许有教训。关于公司基本面，大家自己去可以去看看年报论述部分，和上证E互动上面,下载看看公司发布的,调研记录。也可以去了解公司做那些产品，产品前景和产品优势,竞争力，也可以找公司汽车夜视仪(这个已经上了我们国家的军队采购名单),打令机器人产品等等产品视频和资料看,自董事长创业经历,多找这里自己看和去判断。另外下半年国家大概率会公布商用汽车安全标准,大概率会强制要求商用汽车加装汽车主动安全设备。我一个小投资者,没内部消息,人孰无过,公司以前是出现过问题,但是处罚已经尘埃落定,对公司没上什么影响,公司电话沟通时候的自信坦诚。还有公司股票对比今年利润的市盈率是多，同行业公司现在股票的估值又是多少。做股票最忌讳人云亦云。保千里这样股票,质疑最大,也是这样的股票才有大牛股的潜质。大家都看好的,一开始大家都看的股票,一定不是大牛股潜质。
最近做的最成功的永东股份,今天又涨停了。再次把自己对这个股票6月26日大涨以前自己发布在永东股份雪球上的发布到这里和大家交流,大家可以去永东股份雪球上,查看6月26日左右我发布的原文,看我是不是事后诸葛亮,是不是说的真实。感谢这个平台很多人无私分享。
裘千仞还是裘千丈:
$永东股份(SZ002753)$ 189****3686问永东股份(002753):
现在全国在搞供给侧改革，环保也越发严厉，炭黑相关产品市场占有分散，小企业规模小污染严重，行业集中整合是大势所趋，公司预计在这轮行业整合洗牌过程中间有什么目标和收获。谢谢。2017-06-20 22:38:48
永东股份(002753) 回答 189****3686:您好，感谢您对永东股份的关注！公司拥有的自主知识产权，产品技术处于行业领先水平，公司依托“煤焦油加工-炭黑制造-尾气发电”循环经济产业链条，实现资源、能源的充分利用和就地转化，具有一体化优势。公司利用其自身优势，不断推进产品升级，不断推进技术创新，以提升行业整体水平为使命，实现市场份额的稳定增长。谢谢！(来自：深交所互动易)2017-06-26 14:46:19
15:25:00
淡意的优柔 2017-6-26 15:25:00
我写在投资这平台的提问，今天公司的回答。
15:31:36
淡意的优柔 2017-6-26 15:31:36
对比同类上市公司，黑猫股份和龙星化工，永东股份毛利润率和纯利润率远高这2个企业。并且公司控制成本的方式，同类企业无法做到（具体不说了），管理和技术也非常不错误。公司市场占有一直逐年稳步上升。预计公司会在这轮整合中大放异彩。就像以前那个金正大一样。
收起
06-26 15:59来自雪球阅读(2.0万)设置修改删除已赞(1)转发收藏打赏评论(4)
论述投资-用永东股份
大家可以去中国最大的财经网站,《东方财富》,输入股票代码,002753,也就永东股份的股票代码。进入永东股份页面,个股研报那栏。这栏是各个证券公司对上市场公司发布评级和推荐买入报告地方,目前没一个证券公司,对永东股份做出推荐买入和分析报告,本人现在就在这里预言,以后如果永东股份上涨很多甚至几倍,那些证券公司,就会来发布说这公司怎么怎么好,公司如何有前途,推荐买入。
同样在《深交所易互动》,现在永东股份公司的页面,到现在也没有任何一家投资机构去公司调研的问答文件。(一般投资机构去上市公司实地调研,他们问的问题,被调研的上市公司证券部人士回答以后,会发布在深交所易互相动,投资者关系这里,供给所有人查看)。
中国最大个人投资者网站《雪球网》也一样,在永东股份上涨以前,大家在永东股份页面讨论很清淡,我首先发布自己在全景网向公司提问,公司的回答,把自己提问和公司回答的原文,还有对公司看法最先发布在《雪球网》。
投资这么多年,这些证券机构,在一个股票大涨以后,锦上添花做出推荐买入的报告非常多,甚至股票大涨几倍以后出具强烈推荐买入报告,坑害人,让大家接盘,见的太多了。几乎没任何一支大牛股,是在股票大涨以前,证券机构提前做出推荐买入报告的。
有时候天下道理都一样,找对象,社会交际,锦上添花容易,雪中送炭难上加难。但是投资就必须得有逆向而行思维和不怕所有人反对的意志。因为从来没一个大牛股,或者是历史性重大投资机会,是证券机构在行情大涨以前推荐给你的。
投资说到底,不一定要高学历，但要有高悟性，正确的价值观、控制情绪的能力和超强的耐心。要拥有这些特质，需要尽可能多的人生经历（自己的或别人的）、需要大量阅读（脑力操练）和实际操作（情绪操练）。
本人曾经很猖狂的说过一个观点,那就是,在这个世界上很多人对股票有很大误解,甚至为自己股票投资失败,找借口。曾经世界首富,天下皆知的巴菲特,他完全依靠投资股票赚钱成为世界首富。首先一条是,他没利用内幕消息投资股票,因为美国证券投资这方面法律比中国更加严厉。其次,巴菲特不是财务和会计方面的博士,专家,全世界比巴菲特财务知识厉害的人不知道有多少。他的财富是你的千万倍,反过来说,他没有千万脑袋在思考,而你只有一个。那么从理论上说,你也有超过他投资业绩的可能,但是一般人还是亏损累累。那么证明我们一般投资人,在自己身上,一定出了很大很大的问题!!!
最后还是用这句话作为今天写的文章的结尾,因为太喜欢这句话。
上海滩中程程她爹问丁力，穷人缺什么，丁力回答说缺钱，冯敬尧说，穷人缺的不是钱，缺的是想法，其实世界上最贫穷的人，不是那些身无分文的人，而是那些没有思想的人。
刘兴旺 2017年7月18
谢谢雪球平台，在这里得到很多帮助和学习，也把自己投资心得发布和大家分享下,请大家指正。真挚谢谢雪球上面很多高手无私写的东西和资料。
收起
今天 14:23来自雪球阅读(2449)设置修改删除已赞(1)转发收藏打赏评论(8)
展开阅读全文"
造假的股怎么会入msci？,"https://guba.eastmoney.com/news,600074,679448192.html",2017-07-24 10:58:18,怎么把的关？
这样跌，庄敏会不会被爆仓,"https://guba.eastmoney.com/news,600074,674049485.html",2017-07-17 14:18:59,证监会处罚出来多天，也没看到庄敏有什么表态。靠欺诈手段，肯定不会有什么好结果。希望庄敏能回头是岸，诚信经营。
此股必然雄起,"https://guba.eastmoney.com/news,600074,681803439.html",2017-07-26 16:40:01,虽然之前借壳上市有虚增的嫌疑，但这几年的发展已经脱胎换骨，并且公司的核心业务虚拟现实+人工智能，都是当今资本的风口，符合国家战略发展，至于虚增部分影响的只是短期的PE问题，看好后市，股价逢低建仓。
一波机会就要来了，看你能不能抓住！,"https://guba.eastmoney.com/news,600074,681999175.html",2017-07-26 19:58:58,实达集团今天可能出现抄底的好机会！
石一坚卖了吗？,"https://guba.eastmoney.com/news,600074,681978107.html",2017-07-26 19:33:03,中国重工(601989)融资融券信息(07-12)
忽悠式中国风,"https://guba.eastmoney.com/news,600074,681837906.html",2017-07-26 17:19:04,50行情要走到明年6月
我希望团结精明的潮州商人能解决这一系列问题，把股票做起来！,"https://guba.eastmoney.com/news,600074,681826458.html",2017-07-26 17:05:22,我希望团结精明的潮州商人能解决这一系列问题，把股票做起来！
唉，我们可怜的小散碰地雷了,"https://guba.eastmoney.com/news,600074,681823438.html",2017-07-26 17:02:36,唉，我们可怜的小散碰地雷了
再看京东方：	,"https://guba.eastmoney.com/news,600074,681796843.html",2017-07-26 16:34:29,免责声明
开始洗澡了，,"https://guba.eastmoney.com/news,600074,681790603.html",2017-07-26 16:27:14,中国A股
没收庄敏的股份赔偿给散户,"https://guba.eastmoney.com/news,600074,679500274.html",2017-07-24 11:45:48,没收庄敏的股份赔偿给散户
清仓索赔乃是近期的主流，27日定向增发上市流通也存在清仓索赔的可能。,"https://guba.eastmoney.com/news,600074,679473841.html",2017-07-24 11:20:25,清仓索赔乃是近期的主流，27日定向增发上市流通也存在清仓索赔的可能。
真正务实进驻雄安新区的回天新材。,"https://guba.eastmoney.com/news,600074,679335504.html",2017-07-24 09:16:54,恒大回归A股方案或即将提交 关注概念股
普通人月入十万的可能性,"https://guba.eastmoney.com/news,600074,679335260.html",2017-07-24 09:18:19,资管产品增值税再延期：
网上有传言说近期公司股价下跌已逼近大股东的平仓价，所以公司不得以停牌躲暴跌，请问,"https://guba.eastmoney.com/news,600074,694237701.html",2017-08-21 08:32:45,【问】网上有传言说近期公司股价下跌已逼近大股东的平仓价，所以公司不得以停牌躲暴跌，请问是否属实？ 【答】保千里：您好。您所述传言不属实。公司正筹划重大收购事项，鉴于该事项的签订难以保密，存在重大不确定性，为保证公平信息披露，维护投资者利益，避免造成公司股价异常波动，根据有关规定，经公司申请及上海证券交易所批准，公司股票自2017年7月25日起停牌。目前，公司正在积极推进有关事项。¶¶2017-08-21 08:32:45 §
八多股！！！,"https://guba.eastmoney.com/news,600074,583359947.html",2016-12-28 10:47:39,保千里故事多，噱头多，“利好多”，阴谋多，偷袭多，诡计多，托儿多，跌得多，是一只批准的八多股！！！
对于调查重要事件，建议公司停牌,"https://guba.eastmoney.com/news,600074,583533398.html",2016-12-28 19:01:32,如题
这垃圾，翘不起,"https://guba.eastmoney.com/news,600074,583318622.html",2016-12-28 09:39:55,这垃圾，翘不起
保千里变成了保几米！！,"https://guba.eastmoney.com/news,600074,583450615.html",2016-12-28 14:36:39,保千里变成了保几米！！
兴业投资：石油钻井平台重新增加 原油加速下跌,"https://guba.eastmoney.com/news,600074,681671970.html",2017-07-26 14:26:23,这个3200点还有什么意义？
持续上涨中，有空间继续持有！	,"https://guba.eastmoney.com/news,600074,681669730.html",2017-07-26 14:24:36,揭秘。最新消息！
断崖式坠跌背后老庄密谋令人发指，保千里绝地反弹势不可挡，散户朋友做好准备了！,"https://guba.eastmoney.com/news,600074,680097998.html",2017-07-24 22:27:53,
保千里与三马集团签订战略协议,"https://guba.eastmoney.com/news,600074,681611125.html",2017-07-26 13:25:58,保千里与三马集团签订战略协议
保保停牌了，好无聊，有没有什么新闻。,"https://guba.eastmoney.com/news,600074,681608267.html",2017-07-26 13:22:25,保保停牌了，好无聊，有没有什么新闻。
尾盘拉升，这叫抄底增持概念。,"https://guba.eastmoney.com/news,600074,583469217.html",2016-12-28 15:11:44,13.9保卫战，势在必得。
之前说8.25号发半年报，今天怎么改8.11号了，和十个交易曰复牌撞上，好还是不,"https://guba.eastmoney.com/news,600074,681078605.html",2017-07-25 21:07:08,之前说8.25号发半年报，今天怎么改8.11号了，和十个交易曰复牌撞上，好还是不好？？
我已全仓，今曰再不涨就全清，元旦劫来了！,"https://guba.eastmoney.com/news,600074,583311242.html",2016-12-28 09:21:42,我已全仓，今曰再不涨就全清，元旦劫来了！
向典范致敬 2017第六届中国财经峰会彼图恩科技获殊荣 2017-07-23 保,"https://guba.eastmoney.com/news,600074,679198450.html",2017-07-24 02:28:38,"向典范致敬 2017第六届中国财经峰会彼图恩科技获殊荣
2017-07-23 保千里彼图恩P2N
　　引言：7月19日至20日，以“中国经济新图景：转型与变革”为主题的2017第六届中国财经峰会在北京举行，本次峰会邀请了各行业翘楚，通过主题演讲、论坛对话等形式展望经济发展新趋势，共话一带一路、互联网+、创业创新、人工智能、新零售等当前热点话题。
转型与变革 向典范致敬
　　以“中国经济新图景：转型与变革”为主题的2017第六届中国财经峰会，7月19日至20日在北京举行。作为经济领域最具影响力的思想盛会之一，为期两天的活动吸引了来自商界、学界、传媒界以及文化艺术等领域的近1000名嘉宾参与。中国财经峰会设立于2012年，五年间，峰会以探寻中国经济转型和发展为动力，树立了众多驱动时代发展，引领行业及社会变革的企业与人物典范。
　　(2017第六届中国财经峰会在京召开) 
　　回眸过往足迹，每年的峰会都吸引各个领域众多重量级嘉宾的参与，主流媒体积极报道。今年，在供给侧结构性改革背景下，更是吸引了多位重量级嘉宾。在本次峰会上他们通过独立演讲、高端对话、深度分享等形式交流新思想，展望新趋势，探索新机遇。同时，峰会还遴选了新常态下推动经济增长与社会进步的企业与人物典范，向时代驱动力致敬。
　　(保千里彼图恩作为行业优秀企业，受邀参与本次盛会)
 
　　对话嘉宾中有的来自传统行业，也有的来自于互联网领域，他们共同分享了借助创新力量，实现企业转型升级的丰富实践经验。
(保千里彼图恩荣膺双项大奖,CEO王浩代表公司登台领奖)
 
　　保千里集团彼图恩科技，作为新常态下横跨互联网和传统实体经济、推动经济增长和社会进步的业界典范，在本次峰会一举赢得“2017最佳商业模式奖”和“2017智能硬件行业影响力人物”两项大奖，其中“2017最佳商业模式奖”这一奖项致力于表彰在激烈的市场竞争中，具有创新精神，不断探索新型商业模式，对行业有着深度思考与实践的快速成长企业。这类企业推动着商业模式创新转型，树立了行业创新典范。此项殊荣是对保千里集团彼图恩科技创新模式的肯定。
　　(保千里彼图恩CEO王浩先生荣得“2017智能硬件行业影响力人物”大奖)
 
　　此外，保千里集团彼图恩科技CEO王浩先生荣获了2017第六届中国财经峰会暨光荣与梦想致敬盛典“2017智能硬件行业影响力人物”称号，并接着在现场发表了精彩的演讲。
彼图恩科技赋能传统行业创新发展
　　在本次峰会中，来自各行业的优秀企业代表和现场嘉宾分享了在新常态背景下的商业创新探索与发展智慧。
 
　　保千里集团彼图恩科技CEO王浩在峰会演讲中谈到，“科技发展日新月异，互联网的深度普及、人工智能的应用、消费者习惯的嬗变，给传统行业提出了新的挑战，也带来了广阔的升级空间。彼图恩在此背景下开创性的提出‘平台型智能硬件+百行百业’解决方案，以平台型智能硬件合众宝、大宝机器人作为载体，以合众网、合众信息发布系统等作为互联网工具，以智惠、有趣、选秀、造星、巨奖等进行智能新媒体运营，打造覆盖线上线下的全场景营销模式，为百行百业提供解决方案，助力传统行业在消费结构、业务能力、商业模式、基本理念上创新升级。”
 
　　对于创新这一话题，他还强调：“随着互联网向人工智能时代的更迭，我们必须加速了创新的脚步。保千里集团彼图恩科技以‘平台型智能硬件+百行百业’为基石，采用‘互联网+’的创新设计思路，以机器人硬件为载体，互联网应用软件为工具，细分行业解决方案为运营方向，将集办公、娱乐、载重及服务等功能于一体的7x24小时企业超级员工——大宝商用机器人，成功落地于写字楼、酒店、餐厅、商超、金融、地产、养老、楼宇等服务业。以7X24小时始终如一的优质服务，替代重复性工作岗位，为企业提高运营效率，节省人力成本与管理成本，促进传统服务业创新升级。”
　　(峰会期间，保千里彼图恩CEO王浩先生的精彩演讲)
 
　　只把握时代的脉搏，才能勇立新时代的潮流之上，保千里集团彼图恩科技敢为时代之先锋，以创新赢得了众多客户的广泛青睐。未来，在新的时代里，“平台型智能硬件+百行百业”解决方案，以及大宝商用机器人的前景将会在各个行业里进一步裂变，落地千千万万个传统企业当中，为行业创新发展赋能，为升级整个传统行业商业模式助力。
展开阅读全文"
挣钱挣的是辛苦钱,"https://guba.eastmoney.com/news,600074,678970756.html",2017-07-23 15:57:09,挣钱挣的是辛苦钱
保千里造假散户如何索赔！,"https://guba.eastmoney.com/news,600074,678935545.html",2017-07-23 14:49:00,保千里造假散户如何索赔！
赶紧复盘，让我出去,"https://guba.eastmoney.com/news,600074,681362820.html",2017-07-26 09:22:22,赶紧复盘，让我出去
保千退！,"https://guba.eastmoney.com/news,600074,681363289.html",2017-07-26 09:22:18,保千退！
这样跌法有问题,"https://guba.eastmoney.com/news,600074,676585812.html",2017-07-20 15:10:37,"惨,惨,惨亏了三点想回来看看,唉谁知还加速向下,亏三点愿了哈哈"
如果股价再次暴跌，麻醉自己最好的办法就是：,"https://guba.eastmoney.com/news,600074,681330512.html",2017-07-26 08:31:10,拔电源
（原创）20170713持股条件仍在，静心等待,"https://guba.eastmoney.com/news,600074,681315718.html",2017-07-26 07:55:46,指数真棒，这次得销户啊，
我靠,"https://guba.eastmoney.com/news,600074,657278647.html",2017-06-19 09:17:36,我靠
翻红吧，对你都没有奢望了,"https://guba.eastmoney.com/news,600074,676342901.html",2017-07-20 10:15:17,翻红吧，对你都没有奢望了
600074:保千里关于千里启航有限公司拟在境外发行债券的公告,"https://guba.eastmoney.com/news,600074,665199060.html",2017-07-03 19:18:00,"公告日期：2017-07-04
 证券代码：600074 证券简称：保千里 编号：2017-034



债券代码：145206 债券简称：16千里01



江苏保千里视像科技集团股份有限公司



关于千里启航有限公司拟在境外发行债券的公告



特别提示



本公司董事会及全体董事保证本公告内容不存在任何虚假记载、误导性陈述或者重大遗漏，并对其内容的真实性、准确性和完整性承担个别及连带责任



江苏保千里视像科技集团股份有限公司（以下简称“公司”）于2017年7



月3日召开第七届董事会第三十五次会议审议通过了《关于千里启航有限公司在



境外发行债券的议案》。



公司下属公司保千里（香港）电子有限公司在英属维尔京群岛（BVI）注册全资SPV（特殊目的公司）千里启航有限公司（以下简称“千里启航”）。为实现公司发展战略，提升资金实力，公司拟以千里启航为发行主体发行境外债券。



具体情况如下：



一、本次境外发行基本方案



1、发行主体：千里启航有限公司(QIANLIVOYAGECOMPANYLIMITED)



2、担保人：江苏保千里视像科技集团股份有限公司



3、发行方式：Reg S高级无抵押债券



4、发行票面金额：总发行额度不超过3亿美元



5、发行币种：美元



6、上市地点：香港联合交易所



7、发行期限：不超过5年，具体期限将根据市场情况而定



8、发行利率：固定利率，根据市场情况而定



9、募集资金用途：一般企业用途（包括但不限于偿还贷款及企业营运资金所需）



10、决议有效期：自股东大会审议通过之日起二十四个月



二、本次境外发行债券的授权事项



为顺利推进公司本次发行境外债券，董事会拟提请股东大会授权董事会，并由董事会授权公司管理层及千里启航董事在本次发行境外债券决议范围内，根据实际情况及公司需要实施与本次发行的有关一切事宜，并代表公司负责本次发行的研究和组织工作。包括但不限于：



证券代码：600074 证券简称：保千里 编号：2017-034



债券代码：145206 债券简称：16千里01



1、确定本次境外债券发行的具体条款、条件和其他事宜，包括但不限于选定或新设发行主体、发行时间、发行规模、期限及利率、发行费用、是否分期发行及发行期数、终止发行、评级安排、担保事项、在股东大会批准的用途范畴内决定筹集资金的具体安排，以及发行的债券在香港联合交易所上市之申请（包括签署及交付任何上市所需文件）等与境外债券发行有关的一切事宜；



2、决定聘请为本次境外债券发行提供服务的承销商及其他中介机构；



3、在上述授权范围内，负责修订、签署和申报与本次境外债券发行有关的一切协议和法律文件（包括但不限于债券条件及条款、发行通函、认购协议、担保契据、信托协议、代理协议等），并办理本次境外债券的相关申报、注册、上市交易和信息披露手续；



4、如监管政策或市场条件发生变化，可依据监管部门的意见对本次境外债券发行的具体方案等相关事项进行相应调整；



5、办理本次债券发行的申报及债券上市交易事项，包括但不限于根据有关监管部门的要求制作、修改、报送债券发行的申报材料，签署相关申报文件及其他法律文件；



6、办理与公司为本次债券发行提供跨境担保相关的行政审批或备案等相关



手续；



7、办理与本次境外债券发行相关的其他事宜。



上述授权在本次境外债券注册有效期内持续有效。



三、审议决策程序



本次境外发行外币债券事项已经本公司第七届董事会第三十五次会议审议通过，尚需提交本公司股东大会审议，并向国家发展和改革委员会备案后实施。



特此公告。



江苏保千里视像科技集团股份有限公司



董事会



2017年7月3日




[点击查看PDF原文]
提示：本网不保证其真实性和客观性，一切有关该股的有效信息，以交易所的公告为准，敬请投资者注意风险。
展开阅读全文"
一只作假账被处罚的公司，还在用假消息垂死挣扎,"https://guba.eastmoney.com/news,600074,681258166.html",2017-07-26 04:47:39,一只作假账被处罚的公司，还在用假消息垂死挣扎
600074:保千里关于全资子公司与湖南三马汽车销售服务连锁管理有限公司签订战略合作协议的公告,"https://guba.eastmoney.com/news,600074,679945671.html",2017-07-24 19:14:04,"公告日期：2017-07-25
 证券代码：600074 证券简称：保千里 公告编号：2017-045



债券代码：145206 债券简称：16千里01



江苏保千里视像科技集团股份有限公司



关于全资子公司与湖南三马汽车销售服务连锁管理有限公司



签订战略合作协议的公告



特别提示



本公司董事会及全体董事保证本公告内容不存在任何虚假记载、误导性陈述或者重大遗漏，并对其内容的真实性、准确性和完整性承担个别及连带责任。



重要内容提示:



本次签订的《战略合作协议》（以下简称“协议”）是属于双方合作意愿和基本原则的框架性、意向性、初步的约定，协议的具体履行存在变动的可能性。



本战略合作协议的履行对公司2017年度的总资产、净资产和净利润等不构成重大影响。



江苏保千里视像科技集团股份有限公司（以下简称“公司”）全资子公司深圳市保千里电子有限公司（以下简称“保千里电子”）与湖南三马汽车销售服务连锁管理有限公司（以下简称“三马集团”）签订了战略合作协议，有关情况如下：



一、协议签订的基本情况



（一）交易对方的基本情况



公司名称：湖南三马汽车销售服务连锁管理有限公司



公司性质：有限责任公司



法定代表人：马楚华



注册资本：500万人民币



经营范围：进口光冈品牌汽车、中欧汽车欧旅品牌改装房车销售；一类机动车维修；汽车装饰、美容服务；汽车配件、饰品的销售；汽车租赁。（依法须经批准的项目，经相关部门许可后方可开展经营活动）



主要财务指标：截至2016年12月31日，三马集团总资产5.54亿元，净资产4.31



亿元，2016年度实现营业收入14.18亿元，净利润0.95亿元。（上述数据已经审计，



由三马集团提供）



与上市公司之间的关系：公司与三马集团之间不存在关联关系，本次协议不构成关联交易。



（二）签订协议已履行的审议决策程序或审批备案程序



本协议为战略性框架协议，协议仅为双方合作的意向性文件，不具备法律约束力，暂不会对公司2017年度经营业绩构成重大影响，根据《公司章程》及相关规定，目前无需提交董事会和股东大会审议。公司将在具体合作事项明确后根据《上海证券交易所股票上市规则》和《公司章程》等法律法规、规范性文件的要求，履行相应的决策和披露程序。



二、战略合作协议的主要内容



（一）合作背景



三马集团是湖南国际名车多元化经营的综合型企业集团，已成为湖南最大的平行进口汽车经销商，首创国际名车结合互联网 资本运作 众筹概念的B S平台。保千里电子为汽车智能驾驶创导企业，开发有系列汽车智能驾驶产品；合作双方相互视为战略合作伙伴，通过三马集团的销售渠道，销售“保千里”品牌的汽车智能驾驶产品，以达到优势互补、互惠共赢之目标。



双方领导层高度重视项目合作，配以优势资源和优惠政策，共同力争在三马集团终端尽最大可能销售保千里电子产品，将保千里电子产品与三马集团的汽车销售与服务紧密结合起来，提高客户满意度，尽快推动汽车智能驾驶产品在中国市场的普及和发展。



（二）合作内容



1、汽车精品合作项目：三马集团主营业务为国际名车销售服务；保千里的汽车智能驾驶系列产品在前后装市场上技术领先，拥有多种智能驾驶系列产品。三马集团利用保千里技术和产品优势，定制各种汽车智能驾驶系统套包方案，在三马集团自有的汽车4S店销售体系销售各种精品，包括但不限于：外挂式汽车夜视安全系统、隐藏汽车夜视主动安全系统、高档车专车专用汽车夜视主动安全系统、高清夜视安全系统、高级夜视ADAS系统、VR智能安全系统、疲劳驾驶预警系统等。



2、VR机器人4S合作项目：保千里在三马集团自有的名车销售体系内建立多个



“VR智能体验区”，将保千里智能显示硬件、机器人、VR手机等系列产品结合智能驾



驶辅助系统联合展示，为单店定制各类精品套包销售方案，形成销售差异化，提升产品体验感，同时打造车、人、生活互联网平台。



（三）合作双方的权利和义务



1、双方互为战略合作伙伴，深度合作，共同推动合作项目业务进程。



2、为更好推进项目进度，三马集团可根据保千里电子需求及自身要求向……
[点击查看PDF原文]
提示：本网不保证其真实性和客观性，一切有关该股的有效信息，以交易所的公告为准，敬请投资者注意风险。
展开阅读全文"
最担心的是沪指砸不破两千六又反身向上,"https://guba.eastmoney.com/news,600074,681217030.html",2017-07-26 02:26:34,浅谈止损的意义
重组上市造假理应等同于欺诈上市,"https://guba.eastmoney.com/news,600074,673781234.html",2017-07-17 02:36:01,"来源：上海证券报 
　　保千里视像科技集团日前发布公告，称收到证监会《行政处罚事先告知书》，其当年重组上市时的违规违法行为被曝光。与浙江九好集团同鞍重股份忽悠式重组时大幅虚增收入不同，保千里重组上市，虚增的是资产。但无论是虚增营业收入还是虚增资产，都属忽悠式重组，都是重组上市造假。
　　2015年2月，证监会核准中达股份重大资产重组及向庄敏等发行股份购买资产的申请。重组方案为，中达股份将截至2014年3月31日拥有的全部资产、负债与业务，以评估值6.16亿元出售给原控股股东申达集团，中达股份同时以每股2.12元的价格，向庄敏等发行13.6亿股，购买保千里100%股权。重组完成后，保千里实现借壳上市。不过，中达股份此次重组却并不“简单”。如重组方案所示，保千里2.57亿元的净资产，评估值为28.83亿元，较账面价值增值26.3亿元，增值率高达1021.09%。标的资产不仅增值率超高，而且还存在虚增资产的行为。其资产评估值虚增2.74亿元，占评估总值的9.48%，按照每股2.12元价格，对应股份高达1.29亿股。
　　调查结果表明，在资产评估时，保千里向评估机构提供了两类虚假的意向性协议：一是提供了4份均由保千里自行制作的虚假协议；二是提供含有虚假附件的5份意向性协议。这也意味着，1.29亿股是通过虚增资产的造假行为获得的。按上周五每股12.72元的收盘价测算，市值超过了16亿元。
　　由于当初将全部资产、负债等都出售给了申达集团，中达股份已是一个非常干净的壳。如果保千里不虚增资产，其重组上市也就属于正常的市场行为了。不过，由于存在9份虚假协议，又存在虚增资产的违规违法行为，其重组上市的性质已有了“质”的变化。
　　保千里的重组上市，既存在虚假协议与虚增资产的造假行为，该造假行为与欺诈行为并没有本质区别，而且，上市公司披露的重组草案，还存在重大信息披露违法的事实。因此，保千里的重组上市，应认定为欺诈上市。根据现有法规，重组上市审核标准等同于新股IPO。《关于改革完善并严格实施上市公司退市制度的若干意见》(下称《若干意见》)规定，对欺诈发行公司与重大信息披露违法公司实施强制退市制度。据此，应对保千里采取强制退市的措施，以维护市场公平。
　　自《若干意见》实施以来，这几年退市的上市公司不过六家。显然，退市机制并没有产生预期中的效果。而且，基于上市后巨大的利益诱惑，欺诈发行与重组上市造假不乏其例。笔者以为需要进行有效防范。一是建立拟上市企业(包括重组上市)的污点制度。污点制度的威慑力是不容置疑的。只要企业在上市过程中存在污点，就应永远将其挡在资本市场大门之外。如此，则浙江九好集团将与A股无缘。
　　其二，对主观恶意造假和虚假记载行为启动强制退市程序。比如近期被央视曝光的雅百特业绩造假案，2015至2016年9月通过虚构海外工程项目、虚构国际国内贸易等手段，累计虚增营业收入约5.8亿元，虚增利润近2.6亿元，其中2015年虚增利润占当期利润总额约73%。虚增利润，与中联电气重组时做出较高的业绩承诺有关。业绩不够造假凑，其诚信早已碎了一地。这样的公司，还有什么资格留在股市上？
　　无论难度有多高，该退市的公司就得坚决促其退市。退市制度得不到严格执行，形成资本市场的优胜劣汰机制就会成为一句空话。没有变通的空子可钻的退市制度，将给上市公司造成巨大震慑力，驱使上市公司更关注经营，遏制其在资本市场投机钻营之风，继而实现公司价值的合理回归，同时也能抑制投资人的投机心理，向市场传递重质重实的理性投资理念。
　　(作者系资深市场观察分析人士)
（来源：上海证券报 2017-07-17 02:35） [点击查看原文]"
造假上市巨额解禁压垮保千里 海富通等5机构浮亏30%,"https://guba.eastmoney.com/news,600074,680842070.html",2017-07-25 17:03:02,"造假上市巨额解禁压垮保千里 海富通等5机构浮亏30%

2017年07月25日14:45 中国经济网http://finance.china.com.cn/stock/ssgs/20170725/4323394.shtml

负面消息缠身的保千里昨日放量跌停，股价刷新一年半新低。其实进入7月以来，保千里频频闪崩，阶段跌幅已经超过了20%。股价低迷背后，保千里重组和定增埋下的地雷正在连环引爆。

造假借壳上市 庄敏等违法获利十多亿

今年7月12日，证监会一纸罚单揭开了保千里借壳上市时造假的“劣迹”。当时的收购人庄敏及其一致行动人陈海昌、庄明和蒋俊杰在收购中达股份过程中，涉嫌向评估机构提供虚假协议致使保千里评估值虚增2.73亿元，损害了中达股份及其他股东的权益，庄敏等人却因此获利不菲。

天量解禁潮将至 海富通基金等5家机构浮亏30%
　　除了造假上市外，保千里的定增地雷也即将引爆。
　　借壳上市后不久，保千里就马不停蹄地启动再融资项目。2016年7月28日，保千里完成了定增1.34亿股，募资19.89亿元。其中逾1.2亿股将于7月27日(本周四)解禁，解禁市值达12亿元。
　　值得注意的是，保千里去年增发时的价格为14.86元每股，而目前股价已经跌至10.39元，参与定增机构已经浮亏30%以上，近期这一比例极有可能再次扩大。
　　和讯股票查阅相关数据，当时参与定增的5家机构分别为海富通基金、红塔红土基金、金鹰基金、中车金证和华龙证券。其中海富通基金和红塔红土基金持股均超过4000万股，其余3家也超过1300万股，整体浮亏金额高达6亿元，海富通基金和红塔红土基金均浮亏超过1.8亿元。
　　年内，保千里还将不断有股份解禁，明年3月，借壳上市的13.6亿股将破笼而出，巨额获利盘或将持续施压股价。"
蓥石推出新兴车企首辆代,"https://guba.eastmoney.com/news,600074,678981626.html",2017-07-23 16:22:19,农村环境整治利好环保基金
皖能电力(000543)融资融券信息(07-24)心推荐的,"https://guba.eastmoney.com/news,600074,681134838.html",2017-07-25 22:52:41,皖能电力(000543)融资融券信息(07-24)心推荐的
个数目。在股市，,"https://guba.eastmoney.com/news,600074,678463993.html",2017-07-22 18:13:32,个数目。在股市，
最可笑无权而又充当法官,"https://guba.eastmoney.com/news,600074,678192133.html",2017-07-22 12:27:44,食饱了撑着
【龙虎榜】买方出现知名敢死队，一席位卖出8600多万,"https://guba.eastmoney.com/news,600074,680068101.html",2017-07-24 21:35:12,"一键关注账号：龙虎榜揭秘 并参与话题#龙虎榜大揭秘#讨论


上榜理由：保千里(600074)2017-07-24因跌幅偏离值达7%的证券公布异常交易信息。

上榜看点：买四国金证券股份有限公司上海互联网证券分公司，卖一安信证券股份有限公司上海陆家嘴东路证券营业部


交易数据：
公开信息显示，买入前5名营业部(机构)和卖出前5名营业部(机构)买入资金合计4442.80万元，占总成交比例10.06%；卖出资金合计14726.61万元，占总成交比例33.36%。

类型：跌幅偏离值达7%的证券

收盘价：10.39元 涨跌幅：-9.97 成交量：4213.40万股 成交金额：44146.26万元

交易明细：


买入额最大的前5名
	交易营业部名称	买入额(万)	卖出额(万)	净额(万)
1	长江证券
鄂州滨湖南路营业部	1882.45	-	-
2	太平洋证券
石狮福辉路营业部	846.47	-	-
3	广发证券
诸暨暨东路营业部	584.03	-	-
4	国金证券
上海互联网证券分公司	569.23	-	-
5	海通证券
苏州南园北路营业部	560.62	-	-
卖出额最大的前5名
	交易营业部名称	买入额(万)	卖出额(万)	净额(万)
1	安信证券
上海陆家嘴东路营业部	-	8608.87	-
2	国泰君安
镇江长江路营业部	-	1672.51	-
3	兴业证券
石狮八七路营业部	-	1595.07	-
4	恒泰证券
上海杜鹃路营业部	-	1429.63	-
5	上海证券
商城路营业部	-	1420.53	-
数据来源：东方财富choice数据

龙虎榜解读：
保千里今日低开低走，惨遭跌停。在该股今日的龙虎榜上，买四席位出现了一家知名敢死队国金证券股份有限公司上海互联网证券分公司，根据东方财富数据中心显示，该营业部介入后，3日内上涨概率为28.16%。买方之中只有买一买入了1800多万，其余席位买入金额都不足900万。卖方方面，卖一席位的安信证券股份有限公司上海陆家嘴东路证券营业部今日卖出了8608.87万，卖出金额超过了卖二的5倍，可谓一家独大。该营业部虽然上榜次数不多，但是值得注意的是，在哈森股份、泰嘉股份6月出现闪崩行情时该营业部都曾大举卖出。卖二至卖五的卖出金额都在1400万到1700万之间。该股今晚公告停牌，复牌后走势如何，投资者需密切关注其动向。


展开阅读全文"
还有索赔的吗？索赔成功的请告知，保千里坑爹股,"https://guba.eastmoney.com/news,600074,681092231.html",2017-07-25 21:25:59,还有索赔的吗？索赔成功的请告知，保千里坑爹股
十日便知购买标的成色如何,"https://guba.eastmoney.com/news,600074,681079240.html",2017-07-25 21:07:31,没理由比自己公司差
宝莫股份惊喜总是那么悄无声息,"https://guba.eastmoney.com/news,600074,681078242.html",2017-07-25 21:04:18,可燃冰迎布局良机
今年1季报反映，公司货币资金23.22亿元。刚公告又向银行贷款5亿元。以自有现金,"https://guba.eastmoney.com/news,600074,681050726.html",2017-07-25 20:26:31,今年1季报反映，公司货币资金23.22亿元。刚公告又向银行贷款5亿元。以自有现金收购资产没问题。就看收购的资产能否对公司发展产生重大影响，对公司效益提升多少。来判断复牌后重新定价。
AMLED手机	,"https://guba.eastmoney.com/news,600074,667580090.html",2017-07-07 02:34:56,是否要换到方大去呢？方大才是龙头吧
复牌即绝对走向，唱空唱多都已无意义,"https://guba.eastmoney.com/news,600074,681000776.html",2017-07-25 19:29:08,不管什么拖不拖水军不水军已经不重要了，现在决定保千里命运的就是复牌头天的走势，复牌头天涨停则大方向必然向上，复牌跌停则基本三个跌板，复牌正常走势说明利空差不都出尽了。其实很多人已经都是腰斩类型的深套了，昨天的跌停说是散户的恐慌性抛盘我还真不信，亏%50和亏%60的差距能会造成恐慌吗
复牌会有一字板涨停吗？,"https://guba.eastmoney.com/news,600074,680988425.html",2017-07-25 19:14:12,复牌会有一字板涨停吗？
韩都优品全球购推崇“还原产品本质”理念！打击,"https://guba.eastmoney.com/news,600074,664297891.html",2017-07-02 10:48:13,大盘再创新低但未见恐慌杀跌，大反攻下周开始！
把戏把戏学万达王健林了，吓的不敢开盘,"https://guba.eastmoney.com/news,600074,680965739.html",2017-07-25 18:51:30,"学万达王健林了，吓的不敢开盘，不管如何 两三个 跌停板子 在下面已经预定好 ！！

把戏把戏，
都是假滴！！！"
耍流氓了，要解禁你停牌,"https://guba.eastmoney.com/news,600074,680877920.html",2017-07-25 17:35:08,耍流氓了，要解禁你停牌
保千里主力释放一大利好，千万资金暗中入场 大动作来袭，开启暴涨模式，有望突破历史高点,"https://guba.eastmoney.com/news,600074,680069657.html",2017-07-24 21:37:45,保千里主力释放一大利好，千万资金暗中入场 大动作来袭，开启暴涨模式，有望突破历史高点
证监会查出保千里估值“注水”2.7亿元,"https://guba.eastmoney.com/news,600074,680875458.html",2017-07-25 17:33:00,"证监会查出保千里估值“注水”2.7亿元
3评论 2017-07-13 01:39:18 来源：证券日报 如何才能做到2天赚20%？
　　7月12日，证监会的一纸处罚揭露了保千里(10.39 停牌,诊股)在几年前借壳上市时的诸多问题，包括提供虚假协议，资产评估虚增等。
　　对于公司的此类行为，接受《证券日报》记者采访的上海明伦律师事务所王智斌律师介绍，保千里的这种行为，相当于稀释了中小股东的权益，2015年3月10日持有该股份的投资者，无论现在是否持股，均有权要求实际控制人赔偿损失。
　　借壳上市造假“催肥”估值
　　根据证监会的查证，保千里收购人庄敏及其一致行动人陈海昌、庄明和蒋俊杰在收购中达股份的过程中，涉嫌向评估机构提供虚假协议致使深圳市保千里电子有限公司（以下简称保千里电子）评估值虚增，损害被收购公司中达股份及其股东的合法权益。
　　之所以会有这些虚增评估值的行为，原因还要追溯到几年前。在2013年，中达股份宣布进行破产重整，2014年11月中达股份股东大会通过重大资产重组决议，2015年2月证监会核准中达股份重大资产重组及向庄敏等发行股份购买资产申请，2015年3月正式完成资产重组。
　　查阅公司过往公告可知，当时的重组方案分为，中达股份将全部的资产、负债及业务以评估价6.16亿元出售给原控股股东申达集团，同时，以每股2.12元的价格，向庄敏、日昇创沅、陈海昌、 庄明、蒋俊杰发行股份13.60亿股，以购买其共同持有的保千里电子100%股权，银信资产评估有限公司（以下简称银信评估）对保千里电子估值为28.83亿元。
　　从后来证监会查出的情况可知，当时的评估价值，被“人为催肥”。
　　“评估时，保千里电子向银信评估提供了两类虚假的意向性协议：提供了4份虚假协议。该 4 份协议由保千里电子自行制作，均系虚假；提供了含有虚假附件的5份协议，该5份协议签订时均为意向性协议，并未对合作开发车型、功能、预测供货数量及时间等内容作出具体约定。保千里电子自行制作含有上述内容的协议附件，协议对方对此并不知悉。”公告称。
　　保千里电子将上述共计9份虚假协议提供给银信评估。银信评估根据收益法对保千里电子股东全部权益价值评估的结果为288314万元。银信评估对于前装夜视业务板块的评估，主要依据保千里电子提供的有产品数量的意向性协议，包括上述存在虚假的9份。银信评估根据原估值模型，在其他影响因素不变的条件下，剔除上述虚假协议的影响，对保千里电子重新进行估值，评估结果下降为 260975 万元，虚假协议致使评估值虚增 27339 万元，占此次评估总价值的9.48%。
　　重组完成后，庄敏、陈海昌、庄明、蒋俊杰合计持有中达股份（后更名为保千里）10.20亿股， 占发行后总股本的 45.21%，其中庄敏持有中达股份 37.30%的股权，形成对中达股份的收购，为收购人，庄敏与陈海昌、庄明和蒋俊杰签署了《一致行动人协议》，根据规定，庄敏、陈海昌、庄明和蒋俊杰构成一致行动关系，互为一致行动人，根据规定，庄敏、陈海昌、庄明和蒋俊杰共同构成中达股份的收购人。
　　损害中达股份及股东权益
　　证监会认为，根据虚增评估值27339万元计算，中达股份支出股份对价12895.75万股，损害了被收购公司中达股份及其股东的合法权益。
　　对于这项收购，庄敏时任保千里电子的董事长、总经理，主导整个收购事项，是该收购事项的主要负责人员，陈海昌、庄明、蒋俊杰与庄敏构成一致行动关系，同属于收购人。而中达股份第六届董事会第二十三次会议审议并以表决方式一致通过报告书（草案），参会的董事会成员有童爱平、王务云、林硕奇、王培琴、刘秋英、张 国伟、茅建华、费滨海、沙智慧，参会董事会成员均在会议决议书中签字确认。由于重组议案涉及关联交易事项，关联董事刘秋英、张国伟回避表决。董事长童爱平、董事王务云是中达股份重大资产重组事项的主要决策者、组织实施者，并在相关披露文件上签字，在重组过程中起主导作用，是中达股份信息披露违法行为的直接负责的主管人员。林硕奇、王培琴、茅建华、费滨海、沙智慧参加董事会会议，负责审议上述重大资产重组事项，并在相关披露文件上签字，是中达股份信息披露违法行为的其他直接责任人员。
　　对于保千里的上述行为，王智斌对《证券日报》记者介绍，“这种以虚高的价格收购资产（的行为），相当于稀释了中小股东的权益，2015年3月10日持有该股份的投资者，无论现在是否持股，均有权要求实际控制人赔偿损失；除此之外，保千里以及其实际控制人又构成了虚假陈述，由于保千里及其上市公司未能正确披露收购资产的财务数据，对于投资者而言构成了误导，2014年5月27日至2016年12月28日买入保千里且2016年12月28日仍持有该股票的投资者，亦可以虚假陈述为由要求保千里及实际控制人承担赔偿责任。”
　　基于这些事实认定，证监会决定，对庄敏责令改正，给予警告，并处以60万元的罚款；对陈海昌、庄明、蒋俊杰责令改正，给予警告，并分别 处以15万元的罚款；保千里责令改正，给予警告，并处以40罚款；对童爱平、王务云给予警告，并分别处以20罚款；对林硕奇、王培琴、茅建华、费滨海、沙智慧给予警告，并分别处以10罚款。
　　对于这个处罚，保千里称，“上述相关当事人已书面回执告知中国证监会不需要陈述、申辩和听证。”
　　由于此次被处罚涉及当年重组事项，因此，参与重组的中介机构是否也会责任引发关注，对此，王智斌解释，“中介机构的责任认定较为复杂，中介机构是否存在责任，要看中介机构在此过程中是否存在过错，如果中介机构尽了合理的注意和审核义务，那么即便收购双方存在虚假陈述，中介机构也未必要承担民事赔偿责任。关键的事实是中介机构是否勤勉尽责，这需要监管部门调查并出具结论。”
展开阅读全文"
MD，27号还有1亿多解禁股，晕晕晕晕[亏大了][亏大了][亏大了][亏大了],"https://guba.eastmoney.com/news,600074,680853149.html",2017-07-25 17:13:02,MD，27号还有1亿多解禁股，晕晕晕晕
好在11.31减了一部分	,"https://guba.eastmoney.com/news,600074,680710634.html",2017-07-25 14:55:54,昨天收最高点，今天收最低点。怎的了
"14,86增发,股东都无意见,","https://guba.eastmoney.com/news,600074,677797861.html",2017-07-21 22:16:03,"机构也不傻愿参加增发必然是看好公司前景,现11元多一点让你买还不敢买,让传媒和水军吓怕了,！！！而庄家在底部收货偷偷阴笑。"
过去时，今拿来利代应过去了处罚也不算重业绩也不错滴，可以持有拚一下12.72元,"https://guba.eastmoney.com/news,600074,673731299.html",2017-07-16 22:22:05,12.72元就这样进去了 存3至5年看看
但两市大小非减持却似乎不手软,"https://guba.eastmoney.com/news,600074,667699957.html",2017-07-07 09:34:01,600050
猜猜今晚公布几只,"https://guba.eastmoney.com/news,600074,669524057.html",2017-07-10 12:02:44,本人一点一点跑，不玩了。
现代投资:2017年7月21日投资者关系活动记录表,"https://guba.eastmoney.com/news,600074,680847930.html",2017-07-25 17:07:55,现代投资:2017年7月21日投资者关系活动记录表
此前,"https://guba.eastmoney.com/news,600074,673825984.html",2017-07-17 09:27:22,此前
穷人思维不可取，有钱人都是怎么想的？,"https://guba.eastmoney.com/news,600074,674691201.html",2017-07-18 10:14:54,这10种情况一定要出货
麻烦了，今晚有人睡不着！,"https://guba.eastmoney.com/news,600074,674482532.html",2017-07-18 00:39:40,天天拉50有意思吗？人气都弄没了
逢低买入。你有种继续删帖,"https://guba.eastmoney.com/news,600074,674662267.html",2017-07-18 09:43:37,继续昨天说的。目前价位可以买入，耐心持有，必有收获。昨天发的这个帖子被删了。大概率说明这个位置可买
不看好的就赶快卖，看好的就继续坚守，我选择坚守，一股不卖,"https://guba.eastmoney.com/news,600074,674982801.html",2017-07-18 15:50:35,不看好的就赶快卖，看好的就继续坚守，我选择坚守，一股不卖
农林牧渔,"https://guba.eastmoney.com/news,600074,674925416.html",2017-07-18 14:45:01,展望后市
流动性过剩,"https://guba.eastmoney.com/news,600074,670096256.html",2017-07-11 07:11:30,大盘缓慢上行中。
一个是超过4.5万亿的缴存结余,"https://guba.eastmoney.com/news,600074,675029978.html",2017-07-18 16:42:04,一个是超过4.5万亿的缴存结余
该股不到四元别买，懂技术的看周线、月线就明白了，再好的新闻1题材都是怱你进去的！,"https://guba.eastmoney.com/news,600074,674978512.html",2017-07-18 15:45:16,该股不到四元别买，懂技术的看周线、月线就明白了，再好的新闻1题材都是怱你进去的！不信到明年看看在什么价格
干嘛我的评论不让发出来,"https://guba.eastmoney.com/news,600074,675540287.html",2017-07-19 09:59:06,干嘛我的评论不让发出来
空掩袖,"https://guba.eastmoney.com/news,600074,675253637.html",2017-07-18 21:50:08,空掩袖
业绩大幅增长,"https://guba.eastmoney.com/news,600074,675557525.html",2017-07-19 10:15:59,业绩大幅增长
这样的垃圾股还有人买，这种应该要退市,"https://guba.eastmoney.com/news,600074,675569040.html",2017-07-19 10:28:03,这样的垃圾股还有人买，这种应该要退市
幕后黑手雇佣的无良媒体和众多水军突然全部消失，该割肉的也割肉走了。股吧回复到了以,"https://guba.eastmoney.com/news,600074,680103086.html",2017-07-24 22:35:32,幕后黑手雇佣的无良媒体和众多水军突然全部消失，该割肉的也割肉走了。股吧回复到了以前的平静祥和。
沉住气。,"https://guba.eastmoney.com/news,600074,675623686.html",2017-07-19 11:27:52,沉住气。
注销非法所得股份,"https://guba.eastmoney.com/news,600074,671750491.html",2017-07-13 10:25:12,应先注销，注销后是利好
烂货，赶紧死快点,"https://guba.eastmoney.com/news,600074,675734426.html",2017-07-19 13:44:08,烂货，赶紧死快点
是压着一点点出货吧,"https://guba.eastmoney.com/news,600074,675622799.html",2017-07-19 11:26:48,[失望]
"骗子公司,退市算了","https://guba.eastmoney.com/news,600074,675726035.html",2017-07-19 13:36:47,"骗子公司,退市算了"
割肉了，赔两千，你可以暴跌了,"https://guba.eastmoney.com/news,600074,675750577.html",2017-07-19 14:02:18,眼瞎了
太弱了,"https://guba.eastmoney.com/news,600074,675779839.html",2017-07-19 14:35:23,太弱了
跌停股不断,"https://guba.eastmoney.com/news,600074,675845026.html",2017-07-19 15:52:29,犹豫不前就得提防再次下杀的风险
正自羁怀多感,"https://guba.eastmoney.com/news,600074,676374342.html",2017-07-20 10:49:22,正自羁怀多感
很完美的配合，新闻做空，主力不惜成本砸盘吸筹！熬不住的小散们是做韭菜呢还是做韭菜,"https://guba.eastmoney.com/news,600074,676524218.html",2017-07-20 14:03:08,很完美的配合，新闻做空，主力不惜成本砸盘吸筹！熬不住的小散们是做韭菜呢还是做韭菜呢？
一只独绿啊，有特点,"https://guba.eastmoney.com/news,600074,676530469.html",2017-07-20 14:09:41,一只独绿啊，有特点
怎么不抓人？这口气怎么咽得下？,"https://guba.eastmoney.com/news,600074,676526178.html",2017-07-20 14:05:45,怎么不抓人？这口气怎么咽得下？
太垃圾了，还不如创业板,"https://guba.eastmoney.com/news,600074,676541210.html",2017-07-20 14:22:10,太垃圾了，还不如创业板
崩盘了,"https://guba.eastmoney.com/news,600074,676563347.html",2017-07-20 14:46:05,还有人敢唱多吗？亏损累累，欲哭无泪啊
那个自以为是得借钱补仓的那个哪去了？跟你们说了月底之前回到9元附近，越补仓他越跌,"https://guba.eastmoney.com/news,600074,676575992.html",2017-07-20 14:59:54,那个自以为是得借钱补仓的那个哪去了？跟你们说了月底之前回到9元附近，越补仓他越跌！哈哈13.25我跑的被谁我接走的请举手！
这是什么票啊，砸到手里了，就是跌啊,"https://guba.eastmoney.com/news,600074,676581281.html",2017-07-20 15:06:14,这是什么票啊，砸到手里了，就是跌啊
这垃圾企业看来还有重大利空！现金流严重缺失！！！,"https://guba.eastmoney.com/news,600074,676582380.html",2017-07-20 15:08:17,这垃圾企业看来还有重大利空！现金流严重缺失！！！
如果能这样收周线和月线，也是主力良苦用心，尽,"https://guba.eastmoney.com/news,600074,676634584.html",2017-07-20 16:08:49,香山木匠来电，最后一斧头
保千里，我爱你,"https://guba.eastmoney.com/news,600074,676917374.html",2017-07-20 22:39:56,保千里，我爱你
保千里的高科技产品说的都是天下第一，市场接受吗？不要与造假者骗子打交道。中报出来,"https://guba.eastmoney.com/news,600074,676592461.html",2017-07-20 15:20:03,保千里的高科技产品说的都是天下第一，市场接受吗？不要与造假者骗子打交道。中报出来，股价可能再下一城
蓄势待发,"https://guba.eastmoney.com/news,600074,676826597.html",2017-07-20 20:19:22,蓄势待发蓄势待发
区别造假上市的核心，就是必须造假才能符合上市的条件。保千里是这样上市的吗？如果没,"https://guba.eastmoney.com/news,600074,677603406.html",2017-07-21 18:18:08,区别造假上市的核心，就是必须造假才能符合上市的条件。保千里是这样上市的吗？如果没有虚增那几份协议，提高了估值，多增发了一亿多股份，保千里是不是不能重组上市？个人认为，在没有虚增那几份协议，没有多增发那一亿多股份的情况下，保千里也是可以重组上市的。证监会下达的责令改正就是针对虚增的估值，多增发的那部分股份。
最后一跌，利空得以完全消化,"https://guba.eastmoney.com/news,600074,676549500.html",2017-07-20 14:30:21,明天加仓
保千里题材问题,"https://guba.eastmoney.com/news,600074,676547823.html",2017-07-20 14:29:46,保千里题材很多，机器人、无人驾驶、VR手机这些，有没有什么靠谱点？这个公司的技术水平到底怎么样有谁清楚吗？
整半天，原来是有股票要流通了,"https://guba.eastmoney.com/news,600074,676813071.html",2017-07-20 20:00:13,整半天，原来是有股票要流通了
"要死的节奏阿,赶快退市吧,不要吹牛了","https://guba.eastmoney.com/news,600074,676548036.html",2017-07-20 14:29:52,"要死的节奏阿,赶快退市吧,不要吹牛了"
"这一次空方畜谋己久,有备而来","https://guba.eastmoney.com/news,600074,680619271.html",2017-07-25 13:27:28,"可惜处罚达不到目标,而保千里也有所准备,看来保千里要有特大利好才能躲过一却,当然今天观察己赢了一半，明天可确定己蠃"
25万股被停牌一天，没差价做太可惜了！,"https://guba.eastmoney.com/news,600074,680727450.html",2017-07-25 15:15:12,25万股被停牌一天，没差价做太可惜了！
中裕合信(北京)投资管理有限公司 网络金融为何,"https://guba.eastmoney.com/news,600074,680724934.html",2017-07-25 15:12:17,股吧 热门话题 2017-07-06
谢天谢地，躲过一劫，要不今天又不知道跌多少呢，出来就算是下跌也值啦，,"https://guba.eastmoney.com/news,600074,680723985.html",2017-07-25 15:10:46,谢天谢地，躲过一劫，要不今天又不知道跌多少呢，出来就算是下跌也值啦，
保千里  暴涨暴跌原来是这货在捣鬼 愿大家牛市不再亏钱惊呆了！,"https://guba.eastmoney.com/news,600074,680030405.html",2017-07-24 20:41:05,保千里 暴涨暴跌原来是这货在捣鬼 愿大家牛市不再亏钱惊呆了！
股票要是和董秘一样给力就好了，这颜值至少20块	,"https://guba.eastmoney.com/news,600074,678161978.html",2017-07-22 11:43:02,量太大了！
变自己的投资现状,"https://guba.eastmoney.com/news,600074,678617872.html",2017-07-22 23:51:01,变自己的投资现状
保千里持有者不必再质疑了！这将是七月最后一跌，主力涅槃重生，将引起一波涨势。,"https://guba.eastmoney.com/news,600074,676983107.html",2017-07-21 00:39:48,保千里持有者不必再质疑了！这将是七月最后一跌，主力涅槃重生，将引起一波涨势。
不吹牛会死啊，能不能搞一点实质利好？,"https://guba.eastmoney.com/news,600074,680670568.html",2017-07-25 14:15:50,"保千里彼图恩参加第六届中国财经峰会并获殊荣
发稿时间：2017-07-25 13:53:05 来源： 中国网 中国青年网
　　7月19日-20日以“中国经济新图景：转型与变革”为主题的2017第六届中国财经峰会在北京举行。峰会邀请了各行业翘楚，通过主题演讲、论坛对话等形式展望经济发展新趋势，共话一带一路、互联网+、创业创新、人工智能、新零售等当前热点话题。保千里彼图恩科技受邀参与本次盛会，作为经济领域最具影响力的思想盛会之一，为期两天的活动吸引了来自商界、学界、传媒界以及文化艺术等领域的近1000名嘉宾参与。
保千里彼图恩CEO王浩先生的精彩演讲

　　此次峰会通过公开搜集和评选，推选出在商业领域表现突出的企业与人物典范。保千里集团彼图恩科技，作为新常态下横跨互联网和传统实体经济、推动经济增长和社会进步的业界典范，荣获“2017最佳商业模式奖”，这一奖项致力于表彰在激烈的市场竞争中，具有创新精神，不断探索新型商业模式，对行业有着深度思考与实践的快速成长企业。这类企业推动着商业模式创新转型，树立了行业创新典范。此项殊荣是对彼图恩科技创新模式的肯定。

　　此外，彼图恩科技CEO王浩先生荣获了2017第六届中国财经峰会暨光荣与梦想致敬盛典“2017智能硬件行业影响力人物”称号，并接着在现场发表了精彩的演讲。王浩谈到“科技发展日新月异，互联网的深度普及、人工智能的应用、消费者习惯的嬗变，给传统行业提出了新的挑战，也带来了广阔的升级空间。彼图恩在此背景下开创性的提出‘平台型智能硬件+百行百业’解决方案，以平台型智能硬件合众宝、大宝机器人作为载体，以合众网、合众信息发布系统等作为互联网工具，以智惠、有趣、选秀、造星、巨奖等进行智能新媒体运营，打造覆盖线上线下的全场景营销模式，为百行百业提供解决方案，助力传统行业在消费结构、业务能力、商业模式、基本理念上创新升级。”

　　对于创新这一话题，他还强调：“随着互联网向人工智能时代的更迭，我们必须加速了创新的脚步。保千里集团彼图恩科技以‘平台型智能硬件+百行百业’为基石，采用‘互联网+’的创新设计思路，以机器人硬件为载体，互联网应用软件为工具，细分行业解决方案为运营方向，将集办公、娱乐、载重及服务等功能于一体的7x24小时企业超级员工——大宝商用机器人，成功落地于写字楼、酒店、餐厅、商超、金融、地产、养老、楼宇等服务业。以7X24小时始终如一的优质服务，替代重复性工作岗位，为企业提高运营效率，节省人力成本与管理成本，促进传统服务业创新升级。”

　　只把握时代的脉搏，才能勇立新时代的潮流之上，彼图恩科技敢为时代之先锋，以创新赢得了众多客户的广泛青睐。未来，在新的时代里，“平台型智能硬件+百行百业”解决方案，以及大宝商用机器人的前景将会在各个行业里进一步裂变，落地千千万万个传统企业当中，为行业创新发展赋能，为升级整个传统行业商业模式助力。"
主力资金在跑！这么明显！今天振幅有点大,"https://guba.eastmoney.com/news,600074,679538658.html",2017-07-24 12:22:32,主力资金在跑！这么明显！今天振幅有点大
我现在就一句话：股市伤心，天气伤身。,"https://guba.eastmoney.com/news,600074,680647776.html",2017-07-25 13:55:03,我现在就一句话：股市伤心，天气伤身。
我亏在了投资上，强烈谴责。,"https://guba.eastmoney.com/news,600074,680647864.html",2017-07-25 13:54:23,我亏在了投资上，强烈谴责。
为什么不说减持的量大呢？？？,"https://guba.eastmoney.com/news,600074,680647554.html",2017-07-25 13:53:52,为什么不说减持的量大呢？？？
让暴风雨来得更快些吧,"https://guba.eastmoney.com/news,600074,680646398.html",2017-07-25 13:53:08,让暴风雨来得更快些吧
这样股市崩盘是迟早的事！,"https://guba.eastmoney.com/news,600074,680646127.html",2017-07-25 13:53:07,这样股市崩盘是迟早的事！
我看了背上冒冷汗！,"https://guba.eastmoney.com/news,600074,680646206.html",2017-07-25 13:52:23,我看了背上冒冷汗！
板凳，看热闹，看死水一潭A股能支撑多久,"https://guba.eastmoney.com/news,600074,680645471.html",2017-07-25 13:51:00,板凳，看热闹，看死水一潭A股能支撑多久
中小板下跌的速度也要加快,"https://guba.eastmoney.com/news,600074,680643482.html",2017-07-25 13:49:43,中小板下跌的速度也要加快
快逃吧，熊途漫漫！,"https://guba.eastmoney.com/news,600074,680642702.html",2017-07-25 13:49:26,快逃吧，熊途漫漫！
茅台在牛头上，银行股在牛背上。,"https://guba.eastmoney.com/news,600074,680642002.html",2017-07-25 13:49:06,茅台在牛头上，银行股在牛背上。
为实体经济服务，但不是为投资者服务,"https://guba.eastmoney.com/news,600074,680642827.html",2017-07-25 13:49:03,为实体经济服务，但不是为投资者服务
现在不就是吗。,"https://guba.eastmoney.com/news,600074,680641526.html",2017-07-25 13:48:03,现在不就是吗。
关键是要保证上市公司质量,"https://guba.eastmoney.com/news,600074,680640488.html",2017-07-25 13:47:38,关键是要保证上市公司质量
大家都来讨论一下，保千里在停牌期间会用什么方法来自救。谁猜中的就是保千里的股王,"https://guba.eastmoney.com/news,600074,680486072.html",2017-07-25 11:14:59,大家都来讨论一下，保千里在停牌期间会用什么方法来自救。谁猜中的就是保千里的股王
我少赔点撤了留着机构慢慢发股。,"https://guba.eastmoney.com/news,600074,680640723.html",2017-07-25 13:46:22,我少赔点撤了留着机构慢慢发股。
