标题,链接,发布时间,内容
董秘你好，请问贵公司今年业绩同比去年是否有快速增长？,"https://guba.eastmoney.com/news,600137,895376633.html",2019-12-31 16:06:35,"董秘你好，请问贵公司今年业绩同比去年是否有快速增长？ 
浪莎股份
浪莎股份：尊敬的投资者：您好！谢谢您对公司的关注和关心。关于公司业绩情况，敬请关注公司在指定媒体和网站公告内容。谢谢！
(来自上证e互动)答复时间 2019-12-31 16:06:35"
散户数量急剧增长,"https://guba.eastmoney.com/news,600137,895280303.html",2019-12-31 11:40:57,散户数量急剧增长
小单拉，大单出,"https://guba.eastmoney.com/news,600137,895270202.html",2019-12-31 11:16:38,小单拉，大单出
靠脉冲做图形，有点穷！,"https://guba.eastmoney.com/news,600137,895275992.html",2019-12-31 11:28:01,好在 至少想做事情！ 买100股，支持下！
模拟盘买了20万，看看能亏多少,"https://guba.eastmoney.com/news,600137,895275854.html",2019-12-31 11:27:51,模拟盘买了20万，看看能亏多少
亏了8个点，走了。留下的朋友坚持住，祝你们发财。,"https://guba.eastmoney.com/news,600137,895261775.html",2019-12-31 11:01:40,亏了8个点，走了。留下的朋友坚持住，祝你们发财。
跌吧，反正没眼看了，坐等退市。,"https://guba.eastmoney.com/news,600137,895253262.html",2019-12-31 10:46:55,跌吧，反正没眼看了，坐等退市。
这个庄家人怎么样？有没有老铁粉？,"https://guba.eastmoney.com/news,600137,895234761.html",2019-12-31 10:17:28,这个庄家人怎么样？有没有老铁粉？
前两天大涨今天大跌，庄家玩得真嗨！,"https://guba.eastmoney.com/news,600137,895233082.html",2019-12-31 10:15:14,前两天大涨今天大跌，庄家玩得真嗨！
调整基本到位,"https://guba.eastmoney.com/news,600137,895229305.html",2019-12-31 10:09:49,调整基本到位
16.9的本还能或者出去么,"https://guba.eastmoney.com/news,600137,895219654.html",2019-12-31 09:56:18,
射击之星。反包,"https://guba.eastmoney.com/news,600137,895107471.html",2019-12-30 15:54:39,射击之星。反包
彻底崩溃了，被套牢了，大行情指望不上了，真是手剑老瘫，16.6跑了，后面看涨势起,"https://guba.eastmoney.com/news,600137,895157549.html",2019-12-30 21:38:04,彻底崩溃了，被套牢了，大行情指望不上了，真是手剑老瘫，16.6跑了，后面看涨势起来，又17.2进套了
调整3-4天就要起飞,"https://guba.eastmoney.com/news,600137,895154659.html",2019-12-30 21:19:14,调整3-4天就要起飞
是的,"https://guba.eastmoney.com/news,600137,895143728.html",2019-12-30 19:59:59,是的
我感觉主力就是想把我洗出去，毕竟本人持有70万股，他不敢拉[滴汗][滴汗][滴汗,"https://guba.eastmoney.com/news,600137,895138926.html",2019-12-30 19:17:34,我感觉主力就是想把我洗出去，毕竟本人持有70万股，他不敢拉
这只能小玩,"https://guba.eastmoney.com/news,600137,894637394.html",2019-12-27 14:20:46,这只能小玩
我叫老爹，下午跟进17.13，马上就开始下跌了，晕死，被套了,"https://guba.eastmoney.com/news,600137,895133063.html",2019-12-30 18:24:43,我叫老爹，下午跟进17.13，马上就开始下跌了，晕死，被套了
改名浪莎时尚,"https://guba.eastmoney.com/news,600137,895116589.html",2019-12-30 16:34:24,改名浪莎时尚
浪莎股份12月30日资金揭秘,"https://guba.eastmoney.com/news,600137,895109379.html",2019-12-30 16:03:59,"今日浪莎股份主力净流入额达-1174.98万元，净占比-10.63%，
其中超大单净流入额-111.28万元,净占比-1.03%，
大单净流入额-1063.70万元，净占比-9.86%。







































浪莎股份资金流向数据

类型	流入(万元)	流出(万元)
超大	0.00	-111.28
大单	731.87	-1795.57
中单	4403.47	-5022.83
小单	5647.31	-3852.98




资金解读





浪莎股份收盘涨幅2.76%， 
其中，成交最活跃的价格分别为17.54、17.55、17.57，成交密集的手数区间分布于50-70、70-100、100-150手，小单介入居多。











成交活跃统计


9:30-15:00 成交均价 16.68













































成交价格	主买累计成交量	主卖累计成交量	主买占比	主卖占比
17.54	28600	0	0.44%	0.00%
17.55	10600	200	0.16%	0.00%
17.57	3000	0	0.05%	0.00%
17.52	1000	0	0.02%	0.00%
17.53	0	600	0.00%	0.01%












































成交手数分布	主买累计成交量	主卖累计成交量	主买估算笔数	主卖估算笔数
50-70	230119	195333	3287 	2790 
70-100	166600	156500	1666 	1565 
100-150	110500	110300	737 	735 
150-200	52800	50700	264 	254 
300-500	0	36200	0 	72 




左右拖动表格，可查看剩余表格内容


行业个股资金流

























































纺织服装成分股主力净流入排行
序号	代码	名称	涨幅	主力净流入
1	603196	日播时尚 	9.95%	3196.77万
2	600146	商赢环球 	4.96%	2109.90万
3	600370	三房巷 	9.90%	1101.71万
4	600630	龙头股份 	3.27%	1071.89万
5	002083	孚日股份 	3.37%	1030.43万
77	600137	浪莎股份 	2.76%	-1174.98万


数据来源:东方财富






展开阅读全文"
为啥不做新龙头？,"https://guba.eastmoney.com/news,600137,895106409.html",2019-12-30 15:48:30,为啥不做新龙头？
散了,"https://guba.eastmoney.com/news,600137,895094023.html",2019-12-30 14:58:45,散了
只加仓不减仓，大家一起来加仓，主力你可别嚣张，把筹码都吃过来，大家加仓加起来[买,"https://guba.eastmoney.com/news,600137,895092819.html",2019-12-30 14:56:34,只加仓不减仓，大家一起来加仓，主力你可别嚣张，把筹码都吃过来，大家加仓加起来
什么情况？主力拉一波啊，时间不多了,"https://guba.eastmoney.com/news,600137,895080032.html",2019-12-30 14:33:47,什么情况？主力拉一波啊，时间不多了
刚才那波拉升是在找接盘侠吗,"https://guba.eastmoney.com/news,600137,895078053.html",2019-12-30 14:30:24,刚才那波拉升是在找接盘侠吗
网红都穿丝袜,"https://guba.eastmoney.com/news,600137,895065996.html",2019-12-30 14:08:31,网红都穿丝袜
应该能涨停，否则妖不起来！,"https://guba.eastmoney.com/news,600137,895064044.html",2019-12-30 14:04:51,应该能涨停，否则妖不起来！
散户快走，别给人抬轿子,"https://guba.eastmoney.com/news,600137,895063028.html",2019-12-30 14:03:07,散户快走，别给人抬轿子
骚丝，不只是吸引,"https://guba.eastmoney.com/news,600137,895059203.html",2019-12-30 13:57:05,骚丝，不只是吸引
注册制是浪莎股份的死穴,"https://guba.eastmoney.com/news,600137,895055719.html",2019-12-30 13:51:53,z拉升逃跑计划
就这样了，散户差不多就赶紧跑吧,"https://guba.eastmoney.com/news,600137,895051686.html",2019-12-30 13:44:14,就这样了，散户差不多就赶紧跑吧
短线如果不行就该差不多了，庄家自己玩，游资是不会玩的,"https://guba.eastmoney.com/news,600137,895040401.html",2019-12-30 13:22:14,短线如果不行就该差不多了，庄家自己玩，游资是不会玩的
成年人的第一次成长是发现钱不好挣，第二次成长是发现钱真的不好挣。,"https://guba.eastmoney.com/news,600137,891789214.html",2019-12-13 14:52:07,成年人的第一次成长是发现钱不好挣，第二次成长是发现钱真的不好挣。
坏了，大户超大户都跑小户进看来要套一批了,"https://guba.eastmoney.com/news,600137,895010759.html",2019-12-30 11:26:20,坏了，大户超大户都跑小户进看来要套一批了
给点力，给我浪起来,"https://guba.eastmoney.com/news,600137,895010071.html",2019-12-30 11:25:10,给点力，给我浪起来
妥妥的4个点到手，东叔今天下午说下午拉板，没有买的小伙伴抓紧时间上车,"https://guba.eastmoney.com/news,600137,894998174.html",2019-12-30 11:04:24,妥妥的4个点到手，东叔今天下午说下午拉板，没有买的小伙伴抓紧时间上车
完球球，被洗出来了,"https://guba.eastmoney.com/news,600137,894990542.html",2019-12-30 10:50:41,完球球，被洗出来了
问题股，随时暴雷,"https://guba.eastmoney.com/news,600137,894980156.html",2019-12-30 10:32:07,问题股，随时暴雷
开盘把昨天的老鼠仓放跑了，每股4元,"https://guba.eastmoney.com/news,600137,894972876.html",2019-12-30 10:20:04,开盘把昨天的老鼠仓放跑了，每股4元
有效流通盘5亿左右，量非常好,"https://guba.eastmoney.com/news,600137,894955400.html",2019-12-30 09:55:53,有效流通盘5亿左右，量非常好
几个意思啊？这是？？？？？,"https://guba.eastmoney.com/news,600137,894954891.html",2019-12-30 09:55:18,几个意思啊？这是？？？？？
坑爹的货,"https://guba.eastmoney.com/news,600137,894954408.html",2019-12-30 09:54:47,坑爹的货
封住应该问题不大,"https://guba.eastmoney.com/news,600137,894935329.html",2019-12-30 09:33:18,封住应该问题不大
感觉不对劲啊,"https://guba.eastmoney.com/news,600137,894933107.html",2019-12-30 09:29:21,感觉不对劲啊
太弱了吧妈的才高开1%?,"https://guba.eastmoney.com/news,600137,894933013.html",2019-12-30 09:29:15,太弱了吧 妈的 才高开1%?
继续涨停,"https://guba.eastmoney.com/news,600137,894906614.html",2019-12-30 09:13:31,继续涨停
周五尾盘拉升主力疯狂出货，今天会高开3-5个点。,"https://guba.eastmoney.com/news,600137,894886967.html",2019-12-30 08:45:15,周五尾盘拉升主力疯狂出货，今天会高开3-5个点。然后一路向下二股东虽然当初举牌时成本很高，然而经过这么久的运作成本已然很低了。
浪莎股份收集30个赞收获底部股[大笑][大笑][鼓掌][鼓掌][赞][赞][爱心,"https://guba.eastmoney.com/news,600137,894883774.html",2019-12-30 07:56:21,浪莎股份收集30个赞收获底部股
听东叔号令，明天清仓宁波转战浪莎，希望挣二个板过年,"https://guba.eastmoney.com/news,600137,894874620.html",2019-12-29 23:37:37,听东叔号令，明天清仓宁波转战浪莎，希望挣二个板过年
极度长阳，顶天立地，易出牛股,"https://guba.eastmoney.com/news,600137,894870343.html",2019-12-29 22:09:31,极度长阳，顶天立地，易出牛股
周一高开，主要是看指数，指数没问题这周震荡上升，周线上升通道，淡定持股..,"https://guba.eastmoney.com/news,600137,894851661.html",2019-12-29 16:17:15,周一高开，主要是看指数，指数没问题这周震荡上升，周线上升通道，淡定持股..
注册制对浪莎的影响是什么？？？？,"https://guba.eastmoney.com/news,600137,894838808.html",2019-12-29 11:03:10,注册制对浪莎的影响是什么？？？？
注册制，明年3月推出，你懂的。,"https://guba.eastmoney.com/news,600137,894826534.html",2019-12-29 08:46:34,注册制，明年3月推出，你懂的。
浪莎袜子周一多多买！,"https://guba.eastmoney.com/news,600137,894781682.html",2019-12-28 20:54:57,浪莎袜子周一多多买！
笑死了这是哪个人才问的,"https://guba.eastmoney.com/news,600137,894757584.html",2019-12-28 11:33:50,笑死了 这是哪个人才问的
周一应该是低开3个点左右,"https://guba.eastmoney.com/news,600137,894744677.html",2019-12-28 07:46:23,周一应该是低开3个点左右
一阳穿白阴牛批pus,"https://guba.eastmoney.com/news,600137,894734846.html",2019-12-27 23:51:00,一阳穿白阴牛批pus
一个卖丝袜的也这么厉害,"https://guba.eastmoney.com/news,600137,894655179.html",2019-12-27 14:48:43,一个卖丝袜的也这么厉害
哎呦！真袜！,"https://guba.eastmoney.com/news,600137,894572387.html",2019-12-27 11:34:34,哎呦！真袜！
这么小的股本，更小的流通盘，价值应该回归到23-24。,"https://guba.eastmoney.com/news,600137,894713848.html",2019-12-27 20:01:40,这么小的股本，更小的流通盘，价值应该回归到23-24。
没有个公告吗？,"https://guba.eastmoney.com/news,600137,894710077.html",2019-12-27 19:20:56,没有个公告吗？
这浪货十年之后居然开始分红了,"https://guba.eastmoney.com/news,600137,894687006.html",2019-12-27 16:29:57,这浪货十年之后居然开始分红了
浪莎股份12月27日资金揭秘,"https://guba.eastmoney.com/news,600137,894680889.html",2019-12-27 16:04:19,"今日浪莎股份主力净流入额达209.09万元，净占比4.03%，
其中超大单净流入额126.35万元,净占比2.39%，
大单净流入额82.74万元，净占比1.56%。







































浪莎股份资金流向数据

类型	流入(万元)	流出(万元)
超大	126.35	0.00
大单	975.07	-892.33
中单	2058.61	-2023.32
小单	2130.02	-2374.40




资金解读





浪莎股份收盘涨幅9.98%，今日成交密集时间集中于 

14:12-14:41

，区间涨幅0.09%，
区间成交均价 15.99，
区间成交量占当日成交量的53.81%，
区间主动买入量占区间成交量的61.97%。





其中，区间成交最活跃的价格分别为16.31、16.30、16.29，区间成交密集的手数区间分布于50-70、70-100、100-150手，小单介入居多。








成交活跃区间统计


14:12-14:41 区间成交均价 15.99













































成交价格	主买累计成交量	主卖累计成交量	主买占比	主卖占比
16.31	103400	140400	5.82%	7.90%
16.30	89200	0	5.02%	0.00%
16.29	58300	5200	3.28%	0.29%
16.27	41000	16108	2.31%	0.91%
16.28	33100	22900	1.86%	1.29%












































成交手数分布	主买累计成交量	主卖累计成交量	主买估算笔数	主卖估算笔数
50-70	94199	30600	1346 	437 
70-100	46492	51901	465 	519 
100-150	31000	31800	207 	212 
200-300	20100	0	67 	0 
150-200	19000	0	95 	0 




左右拖动表格，可查看剩余表格内容


行业个股资金流

























































纺织服装成分股主力净流入排行
序号	代码	名称	涨幅	主力净流入
1	002291	星期六 	10.02%	3391.09万
2	002269	美邦服饰 	9.95%	3172.25万
3	002485	希努尔 	10.06%	2483.67万
4	603196	日播时尚 	3.69%	972.17万
5	603477	振静股份 	2.70%	690.63万
15	600137	浪莎股份 	9.98%	209.09万


数据来源:东方财富






展开阅读全文"
典型妖股好苗子，年底股东人数不会超9000,"https://guba.eastmoney.com/news,600137,894678812.html",2019-12-27 15:53:24,典型妖股好苗子，年底股东人数不会超9000
这个垃圾基本上是一日游,"https://guba.eastmoney.com/news,600137,894676484.html",2019-12-27 15:42:30,这个垃圾基本上是一日游
第二目标19.8元,"https://guba.eastmoney.com/news,600137,894651588.html",2019-12-27 14:43:31,第二目标19.8元
看来这股要爆发了[想一下],"https://guba.eastmoney.com/news,600137,894650101.html",2019-12-27 14:41:01,看来这股要爆发了
抢了80手,"https://guba.eastmoney.com/news,600137,894650483.html",2019-12-27 14:41:37,抢了80手
浪莎牛逼,"https://guba.eastmoney.com/news,600137,894648410.html",2019-12-27 14:38:23,浪莎牛逼
一日游？,"https://guba.eastmoney.com/news,600137,894648029.html",2019-12-27 14:37:39,一日游？
一阳收半年阴线？这个主力成功吸引了整个市场注意力[想一下],"https://guba.eastmoney.com/news,600137,894644992.html",2019-12-27 14:32:56,一阳收半年阴线？这个主力成功吸引了整个市场注意力
涨停板,"https://guba.eastmoney.com/news,600137,894643380.html",2019-12-27 14:30:35,涨停板
卖飞了，拿了近半年，剩下3千股；一卖你就拉，上午15.25卖了~[亏大了],"https://guba.eastmoney.com/news,600137,894641184.html",2019-12-27 14:27:19,卖飞了，拿了近半年，剩下3千股；一卖你就拉，上午15.25卖了~
午后进的，猪力太不给面了噻！,"https://guba.eastmoney.com/news,600137,894638831.html",2019-12-27 14:23:17,午后进的，猪力太不给面了噻！
这是自己玩呢[为什么][为什么][为什么],"https://guba.eastmoney.com/news,600137,894638016.html",2019-12-27 14:21:50,这是自己玩呢
3连板,"https://guba.eastmoney.com/news,600137,894637514.html",2019-12-27 14:20:48,3连板
加油,"https://guba.eastmoney.com/news,600137,894636450.html",2019-12-27 14:19:12,加油
第一目标16.5元,"https://guba.eastmoney.com/news,600137,894635410.html",2019-12-27 14:17:29,第一目标16.5元
快抢要大涨了。,"https://guba.eastmoney.com/news,600137,894634041.html",2019-12-27 14:14:59,快抢要大涨了。
您好，负面信息是否影响到公司正常经营？公司能否进行战略布局老龄产品？老龄化严重，,"https://guba.eastmoney.com/news,600137,894973961.html",2019-12-30 10:15:32,"您好，负面信息是否影响到公司正常经营？公司能否进行战略布局老龄产品？老龄化严重，老龄产品必然受欢迎。希望公司可以聚焦主业，更大的占领市场份额。 
浪莎股份
浪莎股份：尊敬的投资者：您好！谢谢您对公司的关注和关心。目前公司生产经营正常，未发生重大变化。关于您建议战略布局老龄产品计划，我将及时将您的建议转达给公司高层及实际控制人。谢谢！
(来自上证e互动)答复时间 2019-12-30 10:15:32"
恭喜主力，帅气的操作，终于跑了一部分,"https://guba.eastmoney.com/news,600137,894517692.html",2019-12-27 10:13:54,恭喜主力，帅气的操作，终于跑了一部分
为什么不学学 南极人的模式？,"https://guba.eastmoney.com/news,600137,894476228.html",2019-12-27 09:04:57,人家260多亿的的市值，建议换职业经理人吧
曾经的记忆还停留在那丝丝顺滑的臭丝袜上[困顿],"https://guba.eastmoney.com/news,600137,894455434.html",2019-12-27 00:13:48,曾经的记忆还停留在那丝丝顺滑的臭丝袜上
浪莎股份12月26日资金揭秘,"https://guba.eastmoney.com/news,600137,894394162.html",2019-12-26 16:03:44,"今日浪莎股份主力净流入额达2.82万元，净占比0.31%，
其中超大单净流入额0.00元,净占比0.00%，
大单净流入额2.82万元，净占比0.32%。







































浪莎股份资金流向数据

类型	流入(万元)	流出(万元)
超大	0.00	0.00
大单	2.82	0.00
中单	398.46	-447.68
小单	490.80	-444.40




资金解读





浪莎股份收盘涨幅1.44%，今日成交密集时间集中于 

9:43-10:12

，区间涨幅0.01%，
区间成交均价 14.77，
区间成交量占当日成交量的40.07%，
区间主动买入量占区间成交量的71.25%。





其中，区间成交最活跃的价格分别为14.86、14.85、14.87，区间成交密集的手数区间分布于50-70、30-50、70-100手，小单介入居多。








成交活跃区间统计


9:43-10:12 区间成交均价 14.77













































成交价格	主买累计成交量	主卖累计成交量	主买占比	主卖占比
14.86	10800	500	4.40%	0.20%
14.85	7700	2400	3.14%	0.98%
14.87	6800	3200	2.77%	1.31%
14.84	5800	0	2.37%	0.00%
14.88	3900	0	1.59%	0.00%












































成交手数分布	主买累计成交量	主卖累计成交量	主买估算笔数	主卖估算笔数
50-70	47400	0	677 	0 
30-50	43700	3000	874 	60 
70-100	0	23900	0 	239 
15-20	18200	4900	910 	245 
20-30	11400	8500	380 	283 




左右拖动表格，可查看剩余表格内容


行业个股资金流

























































纺织服装成分股主力净流入排行
序号	代码	名称	涨幅	主力净流入
1	002291	星期六 	9.97%	8571.16万
2	002503	搜于特 	9.91%	6478.92万
3	002494	华斯股份 	9.96%	5652.36万
4	603608	天创时尚 	10.06%	3758.62万
5	603808	歌力思 	5.58%	2501.26万
32	600137	浪莎股份 	1.44%	2.82万


数据来源:东方财富






展开阅读全文"
主力，还在思考，不跟上板块吗？,"https://guba.eastmoney.com/news,600137,894356840.html",2019-12-26 14:28:35,主力，还在思考，不跟上板块吗？
板块大涨，赶紧跟上,"https://guba.eastmoney.com/news,600137,894320308.html",2019-12-26 13:24:00,板块大涨，赶紧跟上
加仓,"https://guba.eastmoney.com/news,600137,894241854.html",2019-12-26 10:05:49,加仓
浪莎股份12月25日资金揭秘,"https://guba.eastmoney.com/news,600137,894135793.html",2019-12-25 16:03:25,"今日浪莎股份主力净流入额达-46.12万元，净占比-9.19%，
其中超大单净流入额0.00元,净占比0.00%，
大单净流入额-46.12万元，净占比-8.63%。







































浪莎股份资金流向数据

类型	流入(万元)	流出(万元)
超大	0.00	0.00
大单	26.66	-72.78
中单	209.75	-146.58
小单	298.07	-315.12




资金解读





浪莎股份收盘涨幅0.90%， 
其中，成交最活跃的价格分别为14.62、14.63、14.68，成交密集的手数区间分布于20-30、100-150、30-50手，小单介入居多。











成交活跃统计


9:30-15:00 成交均价 14.51













































成交价格	主买累计成交量	主卖累计成交量	主买占比	主卖占比
14.62	28300	6900	8.22%	2.01%
14.63	5000	100	1.45%	0.03%
14.68	800	0	0.23%	0.00%
14.65	600	0	0.17%	0.00%
14.64	200	0	0.06%	0.00%












































成交手数分布	主买累计成交量	主卖累计成交量	主买估算笔数	主卖估算笔数
20-30	19200	19400	640 	647 
100-150	34600	0	231 	0 
30-50	6100	18000	122 	360 
50-70	5900	10200	84 	146 
70-100	0	14400	0 	144 




左右拖动表格，可查看剩余表格内容


行业个股资金流

























































纺织服装成分股主力净流入排行
序号	代码	名称	涨幅	主力净流入
1	002761	多喜爱 	10.00%	6387.63万
2	603839	安正时尚 	10.02%	2880.06万
3	000158	常山北明 	3.47%	1153.91万
4	600070	浙江富润 	3.23%	1103.47万
5	002612	朗姿股份 	2.56%	868.54万
39	600137	浪莎股份 	0.90%	-46.12万


数据来源:东方财富






展开阅读全文"
多喜爱涨停纺织板块牛股大本营,"https://guba.eastmoney.com/news,600137,894065913.html",2019-12-25 13:22:30,多喜爱涨停纺织板块牛股大本营
真是弱啊,"https://guba.eastmoney.com/news,600137,894005589.html",2019-12-25 10:22:39,真是弱啊
星期六大涨200%，浪莎将复制,"https://guba.eastmoney.com/news,600137,893815598.html",2019-12-24 13:15:04,星期六大涨200%，浪莎将复制
浪莎股份12月24日资金揭秘,"https://guba.eastmoney.com/news,600137,893886302.html",2019-12-24 16:03:19,"今日浪莎股份主力净流入额达2.45万元，净占比0.37%，
其中超大单净流入额0.00元,净占比0.00%，
大单净流入额2.45万元，净占比0.37%。







































浪莎股份资金流向数据

类型	流入(万元)	流出(万元)
超大	0.00	0.00
大单	2.45	0.00
中单	343.13	-220.22
小单	314.25	-439.62




资金解读





浪莎股份收盘涨幅2.33%， 
其中，成交最活跃的价格分别为14.50、14.48、14.49，成交密集的手数区间分布于20-30、30-50、70-100手，小单介入居多。











成交活跃统计


9:30-15:00 成交均价 14.41













































成交价格	主买累计成交量	主卖累计成交量	主买占比	主卖占比
14.50	16200	8300	3.51%	1.80%
14.48	17700	6500	3.83%	1.41%
14.49	19200	3300	4.16%	0.71%
14.53	4300	0	0.93%	0.00%
14.51	900	1300	0.19%	0.28%












































成交手数分布	主买累计成交量	主卖累计成交量	主买估算笔数	主卖估算笔数
20-30	47000	21700	1567 	723 
30-50	30600	15000	612 	300 
70-100	27500	0	275 	0 
50-70	11900	11000	170 	157 
100-150	11800	0	79 	0 




左右拖动表格，可查看剩余表格内容


行业个股资金流

























































纺织服装成分股主力净流入排行
序号	代码	名称	涨幅	主力净流入
1	002291	星期六 	10.02%	6762.82万
2	000158	常山北明 	1.44%	1366.58万
3	002404	嘉欣丝绸 	2.80%	654.10万
4	002029	七匹狼 	2.29%	613.57万
5	002563	森马服饰 	0.43%	611.24万
29	600137	浪莎股份 	2.33%	2.45万


数据来源:东方财富






展开阅读全文"
已跌无可跌，股东人数大幅减少！年末股东人数预计少于9000人，应该可以发动行情了,"https://guba.eastmoney.com/news,600137,893759777.html",2019-12-24 10:20:43,已跌无可跌，股东人数大幅减少！年末股东人数预计少于9000人，应该可以发动行情了！
浪莎股份12月23日资金揭秘,"https://guba.eastmoney.com/news,600137,893634882.html",2019-12-23 16:03:52,"今日浪莎股份主力净流入额达-74.28万元，净占比-12.21%，
其中超大单净流入额0.00元,净占比0.00%，
大单净流入额-74.28万元，净占比-12.18%。







































浪莎股份资金流向数据

类型	流入(万元)	流出(万元)
超大	0.00	0.00
大单	26.09	-100.37
中单	233.13	-232.96
小单	350.51	-276.40




资金解读





浪莎股份收盘涨幅-2.28%， 
其中，成交最活跃的价格分别为14.45、14.47、14.43，成交密集的手数区间分布于30-50、50-70、70-100手，小单介入居多。











成交活跃统计


9:30-15:00 成交均价 14.22













































成交价格	主买累计成交量	主卖累计成交量	主买占比	主卖占比
14.45	1300	0	0.30%	0.00%
14.47	0	400	0.00%	0.09%
14.43	300	0	0.07%	0.00%
14.42	0	200	0.00%	0.05%
14.46	100	0	0.02%	0.00%












































成交手数分布	主买累计成交量	主卖累计成交量	主买估算笔数	主卖估算笔数
30-50	25700	34400	514 	688 
50-70	19200	17000	274 	243 
70-100	0	22600	0 	226 
150-200	0	18400	0 	92 
100-150	13000	0	87 	0 




左右拖动表格，可查看剩余表格内容


行业个股资金流

























































纺织服装成分股主力净流入排行
序号	代码	名称	涨幅	主力净流入
1	603555	贵人鸟 	10.00%	3113.16万
2	002269	美邦服饰 	9.95%	2157.32万
3	002404	嘉欣丝绸 	3.05%	1593.75万
4	002634	棒杰股份 	-0.14%	624.34万
5	603557	起步股份 	-2.83%	604.62万
37	600137	浪莎股份 	-2.28%	-74.28万


数据来源:东方财富






展开阅读全文"
与贵人鸟一样大股东面临困境,"https://guba.eastmoney.com/news,600137,893581994.html",2019-12-23 14:00:17,与贵人鸟一样大股东面临困境
比美邦，贵人鸟星期六好,"https://guba.eastmoney.com/news,600137,893581210.html",2019-12-23 13:58:42,比美邦，贵人鸟星期六好
浪莎具有暴涨成妖基因,"https://guba.eastmoney.com/news,600137,893465842.html",2019-12-23 09:30:15,浪莎具有暴涨成妖基因
星期六疯涨为浪莎做出榜样,"https://guba.eastmoney.com/news,600137,893464289.html",2019-12-23 09:27:15,星期六疯涨为浪莎做出榜样
这股其实还是很不错的，至少股价稳得住，让大家没什么损失。,"https://guba.eastmoney.com/news,600137,893297737.html",2019-12-21 15:16:56,这股其实还是很不错的，至少股价稳得住，让大家没什么损失。
浪莎股份12月20日资金揭秘,"https://guba.eastmoney.com/news,600137,893209485.html",2019-12-20 16:03:14,"今日浪莎股份主力净流入额达29.19万元，净占比5.16%，
其中超大单净流入额0.00元,净占比0.00%，
大单净流入额29.19万元，净占比5.20%。







































浪莎股份资金流向数据

类型	流入(万元)	流出(万元)
超大	0.00	0.00
大单	90.98	-61.79
中单	182.58	-215.64
小单	287.85	-283.98




资金解读





浪莎股份收盘涨幅-0.55%， 
其中，成交最活跃的价格分别为14.60、14.62、14.61，成交密集的手数区间分布于30-50、150-200、50-70手，小单介入居多。











成交活跃统计


9:30-15:00 成交均价 14.46













































成交价格	主买累计成交量	主卖累计成交量	主买占比	主卖占比
14.60	10502	8999	2.70%	2.31%
14.62	2800	1700	0.72%	0.44%
14.61	899	300	0.23%	0.08%
14.64	800	0	0.21%	0.00%
14.63	200	400	0.05%	0.10%












































成交手数分布	主买累计成交量	主卖累计成交量	主买估算笔数	主卖估算笔数
30-50	38100	22500	762 	450 
150-200	0	32400	0 	162 
50-70	13400	5900	191 	84 
70-100	9600	7300	96 	73 
100-150	0	10000	0 	67 




左右拖动表格，可查看剩余表格内容


行业个股资金流

























































纺织服装成分股主力净流入排行
序号	代码	名称	涨幅	主力净流入
1	002494	华斯股份 	9.94%	5723.54万
2	002291	星期六 	10.01%	3385.09万
3	600156	华升股份 	10.08%	1288.42万
4	002761	多喜爱 	3.59%	1244.42万
5	603477	振静股份 	2.98%	1105.04万
25	600137	浪莎股份 	-0.55%	29.19万


数据来源:东方财富






展开阅读全文"
老股民们都别幻想了，二股东母公司熊猫金控自己都快倒闭了，还幻想着二股东拿钱来拉股,"https://guba.eastmoney.com/news,600137,893192342.html",2019-12-20 14:57:39,老股民们都别幻想了，二股东母公司熊猫金控自己都快倒闭了，还幻想着二股东拿钱来拉股价解套呐？要不是朋友来救场，二股东早爆仓了。
每天涨一分钱很满足[鼓掌][鼓掌],"https://guba.eastmoney.com/news,600137,893117949.html",2019-12-20 11:53:46,每天涨一分钱很满足
第二个星期六,"https://guba.eastmoney.com/news,600137,893046891.html",2019-12-20 09:49:31,第二个星期六
贵绳股份里的股东,"https://guba.eastmoney.com/news,600137,892988728.html",2019-12-19 21:29:41,贵绳股份里的股东
就是就是,"https://guba.eastmoney.com/news,600137,892988622.html",2019-12-19 21:28:51,就是就是
浪莎股份12月19日资金揭秘,"https://guba.eastmoney.com/news,600137,892944453.html",2019-12-19 16:03:16,"今日浪莎股份主力净流入额达-22.52万元，净占比-3.26%，
其中超大单净流入额0.00元,净占比0.00%，
大单净流入额-22.52万元，净占比-3.28%。







































浪莎股份资金流向数据

类型	流入(万元)	流出(万元)
超大	0.00	0.00
大单	83.37	-105.89
中单	229.71	-234.50
小单	372.74	-345.43




资金解读





浪莎股份收盘涨幅1.04%， 
其中，成交最活跃的价格分别为14.55、14.58、14.57，成交密集的手数区间分布于50-70、200-300、150-200手，小单介入居多。











成交活跃统计


9:30-15:00 成交均价 14.37













































成交价格	主买累计成交量	主卖累计成交量	主买占比	主卖占比
14.55	17200	21900	3.60%	4.59%
14.58	10200	1200	2.14%	0.25%
14.57	1600	8600	0.34%	1.80%
14.56	7900	1600	1.66%	0.34%
14.59	1800	0	0.38%	0.00%












































成交手数分布	主买累计成交量	主卖累计成交量	主买估算笔数	主卖估算笔数
50-70	33200	21500	474 	307 
200-300	22100	0	74 	0 
150-200	16600	0	83 	0 
70-100	8400	7800	84 	78 
100-150	10900	0	73 	0 




左右拖动表格，可查看剩余表格内容


行业个股资金流

























































纺织服装成分股主力净流入排行
序号	代码	名称	涨幅	主力净流入
1	000158	常山北明 	3.65%	4316.40万
2	603555	贵人鸟 	9.91%	2357.43万
3	002776	柏堡龙 	5.73%	2338.53万
4	600156	华升股份 	9.93%	2175.41万
5	300005	探路者 	3.23%	914.32万
43	600137	浪莎股份 	1.04%	-22.52万


数据来源:东方财富






展开阅读全文"
几棒子抡下来给抡傻了,"https://guba.eastmoney.com/news,600137,892827815.html",2019-12-19 10:46:51,几棒子抡下来给抡傻了
短线将回抽至14元后启稳。,"https://guba.eastmoney.com/news,600137,892711114.html",2019-12-18 18:38:08,短线将回抽至14元后启稳。
浪莎股份12月18日资金揭秘,"https://guba.eastmoney.com/news,600137,892685356.html",2019-12-18 16:03:11,"今日浪莎股份主力净流入额达-39.76万元，净占比-5.12%，
其中超大单净流入额0.00元,净占比0.00%，
大单净流入额-39.76万元，净占比-5.19%。







































浪莎股份资金流向数据

类型	流入(万元)	流出(万元)
超大	0.00	0.00
大单	117.34	-157.10
中单	336.09	-263.87
小单	313.36	-345.81




资金解读





浪莎股份收盘涨幅0.42%， 
其中，成交最活跃的价格分别为14.50、14.52、14.49，成交密集的手数区间分布于100-150、300-500、200-300手，小单介入居多。











成交活跃统计


9:30-15:00 成交均价 14.40













































成交价格	主买累计成交量	主卖累计成交量	主买占比	主卖占比
14.50	7100	600	1.32%	0.11%
14.52	2000	5600	0.37%	1.04%
14.49	1300	1700	0.24%	0.32%
14.53	800	900	0.15%	0.17%
14.48	700	800	0.13%	0.15%












































成交手数分布	主买累计成交量	主卖累计成交量	主买估算笔数	主卖估算笔数
100-150	10500	44000	70 	293 
300-500	33100	0	66 	0 
200-300	0	23600	0 	79 
150-200	18800	0	94 	0 
70-100	8300	0	83 	0 




左右拖动表格，可查看剩余表格内容


行业个股资金流

























































纺织服装成分股主力净流入排行
序号	代码	名称	涨幅	主力净流入
1	002404	嘉欣丝绸 	8.81%	4793.45万
2	002291	星期六 	10.02%	4399.72万
3	600146	商赢环球 	6.20%	2410.38万
4	002776	柏堡龙 	0.28%	1274.72万
5	002763	汇洁股份 	2.12%	668.05万
27	600137	浪莎股份 	0.42%	-39.76万


数据来源:东方财富






展开阅读全文"
手抖眼瞎别做股票哭哭哭哭哭哭哭哭哭哭哭哭哭哭哭,"https://guba.eastmoney.com/news,600137,892676762.html",2019-12-18 15:18:31,下午14.41分我眼瞎看错准备卖出点错了，弄成买入全部100手成交价14.47元咋办啊？这只瘟股实在是伤不起啊！
等一会会拉一波，五个点以上,"https://guba.eastmoney.com/news,600137,892523096.html",2019-12-18 09:47:14,等一会会拉一波，五个点以上
浪莎股份12月17日资金揭秘,"https://guba.eastmoney.com/news,600137,892421386.html",2019-12-17 16:03:00,"今日浪莎股份主力净流入额达50.81万元，净占比7.65%，
其中超大单净流入额0.00元,净占比0.00%，
大单净流入额50.81万元，净占比7.69%。







































浪莎股份资金流向数据

类型	流入(万元)	流出(万元)
超大	0.00	0.00
大单	99.38	-48.57
中单	239.26	-242.99
小单	321.94	-369.02




资金解读





浪莎股份收盘涨幅0.70%， 
其中，成交最活跃的价格分别为14.36、14.37、14.38，成交密集的手数区间分布于30-50、20-30、70-100手，小单介入居多。











成交活跃统计


9:30-15:00 成交均价 14.33













































成交价格	主买累计成交量	主卖累计成交量	主买占比	主卖占比
14.36	19474	43000	4.20%	9.28%
14.37	24900	26200	5.37%	5.65%
14.38	23900	15600	5.16%	3.37%
14.39	21900	4900	4.73%	1.06%
14.40	9600	0	2.07%	0.00%












































成交手数分布	主买累计成交量	主卖累计成交量	主买估算笔数	主卖估算笔数
30-50	36200	35700	724 	714 
20-30	33300	30400	1110 	1013 
70-100	0	43700	0 	437 
150-200	0	17200	0 	86 
50-70	5000	11300	71 	161 




左右拖动表格，可查看剩余表格内容


行业个股资金流

























































纺织服装成分股主力净流入排行
序号	代码	名称	涨幅	主力净流入
1	603477	振静股份 	5.02%	1415.38万
2	002291	星期六 	9.99%	1063.59万
3	002083	孚日股份 	0.81%	723.09万
4	601566	九牧王 	-0.26%	611.69万
5	002154	报喜鸟 	1.33%	495.51万
33	600137	浪莎股份 	0.70%	50.81万


数据来源:东方财富






展开阅读全文"
这是多逗比呀,"https://guba.eastmoney.com/news,600137,892419569.html",2019-12-17 15:53:29,这是多逗比呀
活久见，慢慢玩,"https://guba.eastmoney.com/news,600137,892370176.html",2019-12-17 14:00:25,活久见，慢慢玩
你真垃圾拿了一年了,"https://guba.eastmoney.com/news,600137,892342992.html",2019-12-17 13:22:33,你真垃圾 拿了一年了
600137:浪莎股份关于控股股东部分股权质押到期日更正公告,"https://guba.eastmoney.com/news,600137,892154067.html",2019-12-16 16:39:32,"公告日期：2019-12-17

证券代码：600137 股票简称：浪莎股份 编号：临 2019-028
四川浪莎控股股份有限公司

关于控股股东部分股权质押到期日更正公告

本公司董事会及全体董事保证本公告内容不存在任何虚假记载、误导性陈述或者重大遗漏，并对其内容的真实性、准确性和完整性承担个别及连带责任。

四川浪莎控股股份有限公司（以下简称“本公司”）于 2019 年12 月 13 日，公告了本公司控股股东浪莎控股集团有限公司部分股权
质押公告（详见 2019 年 12 月 13 日上海证券报和上海证券交易所网
站公司公告）。公告中本公司控股股东浪莎控股集团有限公司在浙商银行股份有限公司义乌分行 200 万股质押到期日误记为：2022 年 12
月 11 日。现更正为质押到期日为：2022 年 12 月 10 日。

特此公告。

四川浪莎控股股份有限公司
董 事 会
2019 年 12 月 16 日

[点击查看PDF原文]
提示：本网不保证其真实性和客观性，一切有关该股的有效信息，以交易所的公告为准，敬请投资者注意风险。"
浪莎股份12月16日资金揭秘,"https://guba.eastmoney.com/news,600137,892145373.html",2019-12-16 16:03:03,"今日浪莎股份主力净流入额达-19.20万元，净占比-3.44%，
其中超大单净流入额0.00元,净占比0.00%，
大单净流入额-19.20万元，净占比-3.51%。







































浪莎股份资金流向数据

类型	流入(万元)	流出(万元)
超大	0.00	0.00
大单	8.66	-27.87
中单	232.90	-215.92
小单	306.31	-304.09




资金解读





浪莎股份收盘涨幅0.71%， 
其中，成交最活跃的价格分别为14.26、14.27、14.30，成交密集的手数区间分布于20-30、30-50、70-100手，小单介入居多。











成交活跃统计


9:30-15:00 成交均价 14.21













































成交价格	主买累计成交量	主卖累计成交量	主买占比	主卖占比
14.26	13100	8700	3.34%	2.22%
14.27	16100	4900	4.10%	1.25%
14.30	8100	0	2.06%	0.00%
14.28	4300	800	1.10%	0.20%
14.29	2600	0	0.66%	0.00%












































成交手数分布	主买累计成交量	主卖累计成交量	主买估算笔数	主卖估算笔数
20-30	26800	29400	893 	980 
30-50	30300	19500	606 	390 
70-100	32500	0	325 	0 
50-70	11300	5000	161 	71 
100-150	0	10000	0 	67 




左右拖动表格，可查看剩余表格内容


行业个股资金流

























































纺织服装成分股主力净流入排行
序号	代码	名称	涨幅	主力净流入
1	000158	常山北明 	3.37%	3736.81万
2	002404	嘉欣丝绸 	6.21%	1733.85万
3	002291	星期六 	9.97%	1335.77万
4	002761	多喜爱 	4.31%	1153.17万
5	002486	嘉麟杰 	3.14%	1007.39万
38	600137	浪莎股份 	0.71%	-19.20万


数据来源:东方财富






展开阅读全文"
终于看到浪莎要倒了,"https://guba.eastmoney.com/news,600137,892016076.html",2019-12-16 10:15:33,终于看到浪莎要倒了
等资产注入等了N多年了[哭]，何时才能修出正果？,"https://guba.eastmoney.com/news,600137,891963343.html",2019-12-15 22:19:03,等资产注入等了N多年了，何时才能修出正果？
总想不明白西藏巨浪为什么那么高价举牌浪莎股份？举牌以来，西藏巨浪严重亏损、股票几,"https://guba.eastmoney.com/news,600137,891944190.html",2019-12-15 15:36:12,总想不明白西藏巨浪为什么那么高价举牌浪莎股份？举牌以来，西藏巨浪严重亏损、股票几乎全部质押、且股价已经严重跌破了平仓线，而没有被平仓，证明西藏巨浪可能提供了新的抵押物或者有其他有实力的公司向贷款方提供担保。从近几年来浪莎股份业绩显然不甚理想。在可以预见的几年浪莎股份业绩大幅增长的可能性不大。
暴跌70%的浪莎股份涉嫌“传销”多个亲历者称血本无归,"https://guba.eastmoney.com/news,600137,891938463.html",2019-12-15 13:04:35,唏嘘！暴跌70%的浪莎股份涉嫌“传销”多个亲历者称血本无归！今日的浪莎，不仅仅袜子，内衣等产品是“朦胧”而夺人视线的，甚至连自家的业务模式，也给少男少女以“浮云遮望眼”的神秘感！面对媒体和舆论的口诛笔伐，浪莎股份发公告直言“市场传言不符合公司实际”力保自己在营销上的“朦胧美”。2015年以后的浪莎，在打造新品中“悟道”，以迅雷不及掩耳盗铃之势携资本所好，强势出击“新蓝海”，推出“通络理疗袜”“能量石功能内裤”等层出不穷的新产品。有些“权健二世”的影子，不知是否去了天津向大忽悠束昱辉登门拜了师，推出“浪莎E+生活馆”系列加盟店，三级分销与8层8代累计提成的模式。明显增长的关联交易摆在那里，浪莎账面上越来越充沛的现金和丰厚的理财收益也有些不明不白，确实有越描越黑的嫌疑！浪莎，危矣！
求三个跌停[微笑],"https://guba.eastmoney.com/news,600137,891936005.html",2019-12-15 11:54:52,求三个跌停
原来这个公司是传销公司啊有意思[大笑][大笑][大笑][大笑][大笑][大笑][,"https://guba.eastmoney.com/news,600137,891929935.html",2019-12-15 09:26:02,原来这个公司是传销公司啊 有意思这里的散户都是传销股东
割肉了，再也耗不起，去你打野的…认栽,"https://guba.eastmoney.com/news,600137,891915081.html",2019-12-14 21:26:15,割肉了，再也耗不起，去你打野的…认栽
想买几万留着可以吗,"https://guba.eastmoney.com/news,600137,891896326.html",2019-12-14 13:39:19,想买几万留着可以吗
能否到30元,"https://guba.eastmoney.com/news,600137,891896347.html",2019-12-14 13:39:46,能否到30元
浪莎三季度销量增加，净利润减少，不知四季度销量如何？利润几何？,"https://guba.eastmoney.com/news,600137,891896213.html",2019-12-14 13:36:09,浪莎三季度销量增加，净利润减少，不知四季度销量如何？利润几何？
浪莎正在寻求合适的标的进行资并购很久了，不知，还用什么方式骗取广大小股东？,"https://guba.eastmoney.com/news,600137,891895968.html",2019-12-14 13:30:50,浪莎正在寻求合适的标的进行资并购很久了，不知，还用什么方式骗取广大小股东？
是否能挽救这个破烂公司？,"https://guba.eastmoney.com/news,600137,891895868.html",2019-12-14 13:28:42,是否能挽救这个破烂公司？
这货离退市不远了。,"https://guba.eastmoney.com/news,600137,891874025.html",2019-12-14 04:06:24,这货离退市不远了。
你们说这丝袜，还是买这股份？会不会都是坑？会不会亏得内裤也没得？,"https://guba.eastmoney.com/news,600137,891856354.html",2019-12-13 22:16:10,你们说这丝袜，还是买这股份？会不会都是坑？会不会亏得内裤也没得？
浪莎股份12月13日资金揭秘,"https://guba.eastmoney.com/news,600137,891808624.html",2019-12-13 15:53:36,"今日浪莎股份主力净流入额达-18.49万元，净占比-3.36%，
其中超大单净流入额0.00元,净占比0.00%，
大单净流入额-18.49万元，净占比-3.40%。







































浪莎股份资金流向数据

类型	流入(万元)	流出(万元)
超大	0.00	0.00
大单	11.57	-30.07
中单	283.23	-164.67
小单	249.49	-349.55




资金解读





浪莎股份收盘涨幅1.00%，今日成交密集时间集中于 

9:40-10:09

，区间涨幅0.00%，
区间成交均价 14.12，
区间成交量占当日成交量的46.97%，
区间主动买入量占区间成交量的63.06%。





其中，区间成交最活跃的价格分别为14.16、14.20、14.17，区间成交密集的手数区间分布于20-30、30-50、70-100手，小单介入居多。








成交活跃区间统计


9:40-10:09 区间成交均价 14.12













































成交价格	主买累计成交量	主卖累计成交量	主买占比	主卖占比
14.16	900	11700	0.49%	6.39%
14.20	11300	0	6.17%	0.00%
14.17	3800	5400	2.08%	2.95%
14.19	5700	800	3.11%	0.44%
14.18	0	100	0.00%	0.05%












































成交手数分布	主买累计成交量	主卖累计成交量	主买估算笔数	主卖估算笔数
20-30	15700	19700	523 	657 
30-50	18100	11200	362 	224 
70-100	18100	0	181 	0 
100-150	13600	0	91 	0 
50-70	0	5400	0 	77 




左右拖动表格，可查看剩余表格内容


行业个股资金流

























































纺织服装成分股主力净流入排行
序号	代码	名称	涨幅	主力净流入
1	002291	星期六 	10.00%	4818.85万
2	002634	棒杰股份 	1.30%	699.98万
3	002087	新野纺织 	1.46%	287.65万
4	600689	上海三毛 	3.98%	262.59万
5	600987	航民股份 	0.97%	226.06万
50	600137	浪莎股份 	1.00%	-18.49万


数据来源:东方财富






展开阅读全文"
拿了快一个月了14.18保本卖了，以后都不会再买这类空壳上市公司股票,"https://guba.eastmoney.com/news,600137,891727783.html",2019-12-13 13:08:27,拿了快一个月了14.18保本卖了，以后都不会再买这类空壳上市公司股票
这个票还有救吗？各抒己见啊，高手们,"https://guba.eastmoney.com/news,600137,891577712.html",2019-12-12 21:37:54,这个票还有救吗？各抒己见啊，高手们
浪莎股份12月12日资金揭秘,"https://guba.eastmoney.com/news,600137,891527031.html",2019-12-12 15:53:43,"今日浪莎股份主力净流入额达5600.00元，净占比0.22%，
其中超大单净流入额0.00元,净占比0.00%，
大单净流入额5600.00元，净占比0.22%。







































浪莎股份资金流向数据

类型	流入(万元)	流出(万元)
超大	0.00	0.00
大单	34.02	-33.46
中单	66.19	-59.14
小单	155.66	-163.27




资金解读





浪莎股份收盘涨幅0.21%， 
其中，成交最活跃的价格分别为14.04、14.07、14.06，成交密集的手数区间分布于200-300、30-50、20-30手，中单介入居多。











成交活跃统计


9:30-15:00 成交均价 14.00













































成交价格	主买累计成交量	主卖累计成交量	主买占比	主卖占比
14.04	12000	5500	6.50%	2.98%
14.07	13300	300	7.20%	0.16%
14.06	4300	4900	2.33%	2.65%
14.05	6000	900	3.25%	0.49%
14.08	1800	0	0.97%	0.00%












































成交手数分布	主买累计成交量	主卖累计成交量	主买估算笔数	主卖估算笔数
200-300	23900	0	80 	0 
30-50	10900	9000	218 	180 
20-30	10700	6400	357 	213 
15-20	9800	5000	490 	250 
100-150	10500	0	70 	0 




左右拖动表格，可查看剩余表格内容


行业个股资金流

























































纺织服装成分股主力净流入排行
序号	代码	名称	涨幅	主力净流入
1	002404	嘉欣丝绸 	1.59%	1235.22万
2	002083	孚日股份 	3.60%	1151.97万
3	603477	振静股份 	3.38%	375.82万
4	603557	起步股份 	-0.23%	250.36万
5	002875	安奈儿 	2.27%	240.45万
26	600137	浪莎股份 	0.21%	0.56万


数据来源:东方财富






展开阅读全文"
600137:浪莎股份控股股东部分股权质押公告(2019/12/13),"https://guba.eastmoney.com/news,600137,891523141.html",2019-12-12 15:34:37,"公告日期：2019-12-13

证券代码：600137 股票简称：浪莎股份 编号：临 2019-027

四川浪莎控股股份有限公司

控股股东部分股权质押公告

本公司董事会及全体董事保证本公告内容不存在任何虚假记载、

误导性陈述或者重大遗漏，并对其内容的真实性、准确性和完整性承

担个别及连带责任。

重要内容提示:

本次控股股东浪莎控股集团有限公司质押持有本公司股份200

万股，占其持有公司股份总数的 4.82%。

截止本公告日，控股股东浪莎控股集团有限公司累计质押本公

司股份 3200 万股，占其持有本公司股份总数的 77.12%。占本公司总

股本的 32.92%。

四川浪莎控股股份有限公司（以下简称“本公司”）于 2019 年 12

月 12 日接到本公司控股股东浪莎控股集团有限公司（以下简称“浪

莎集团”）告知函：告知了关于浪莎集团将持有本公司股份进行股票

质押的情况。根据上海证券交易所公告格式指引第四十六号（2019

年 10 月 25 日修订实施）相关规定，现将本次控股股东持有本公司股

份进行股票质押情况公告如下：

一、本次股份质押基本情况

是否为 本次质 是否 是否 占其 占公司 质押融
股东名称 控股股 押股数 为限 补充 质押起始日 质押到期日 质权人 所持 总股本 资资金
东 （万股） 售股 质押 股份 比例 用途
比例

浙商银行股 补充流
浪莎集团 是 200 否 否 2019年12月11日 2022年12月11日 份有限公司 4.82 2.06 动资金
义乌分行

合计 / 200 / / / / / 4.82 2.06 /

二、2016年12月16日浪莎集团分两笔办理的本公司200万股和300

万股质押股份，质押到期，其在浙商银行股份有限公司义乌分行的质


押担保借款资金本息已归还，已解除质押重新办理了质押登记。浪莎

集团对应于2018年10月23日办理的补充质押500万股，经与浙商银行

股份有限公司义乌分行协商，于2019年12月9日签订《最高额质押合

同补充协议》，协议约定同意为浪莎集团通过浙商银行应收款平台处

理的应收款保兑与应收款转让业务提供质押担保。质押期限不变，即

质押到期日为2021年10月23日。

三、本次质押股份不存在被用作重大资产重组业绩补偿等事项的

担保或其他保障用途，质权人知悉相关股份具有潜在业绩补偿义务的

情况，以及与质权人就相关股份在履行业绩补偿义务时处置方式的约

定。

四、股东累计质押股份情况

截至本公告披露日累计质押股份情况如下：

本次质押 本次质押 占其所 占公司 已质押股份情况 未质押股份情况
股东名称 持股数量 持股 前累计质 后累计质 持股份 总股本 已质押股 已质押股 未质押股 未质押股
（万股） 比例 押数量 押数量（万 比例 比例 份中限售 份中冻结 份中限售 份中冻结
（万股） 股） 股份数量 股份数量 股份数量 股……
[点击查看PDF原文]
提示：本网不保证其真实性和客观性，一切有关该股的有效信息，以交易所的公告为准，敬请投资者注意风险。
展开阅读全文"
600137:浪莎股份控股股东部分股权解除质押公告(2019/12/13),"https://guba.eastmoney.com/news,600137,891523138.html",2019-12-12 15:34:35,"公告日期：2019-12-13

证券代码：600137 股票简称：浪莎股份 编号：临 2019-026
四川浪莎控股股份有限公司

控股股东部分股权解除质押公告

本公司董事会及全体董事保证本公告内容不存在任何虚假记载、误导性陈述或者重大遗漏，并对其内容的真实性、准确性和完整性承担个别及连带责任。

重要内容提示:

本次控股股东浪莎控股集团有限公司解除持有本公司质押股份 200 万股，占持有公司股份总数的 4.82%。

四川浪莎控股股份有限公司（以下简称“本公司”）于 2019 年 12
月 12 日接到本公司控股股东浪莎控股集团有限公司（以下简称“该公司”）告知函，告知了关于该公司解除持有本公司质押股份情况。
根据上海证券交易所公告格式指引第四十六号(2019 年 10 月 25 日修
订实施)相关规定，现将本次控股股东持有股份解除质押情况公告如下：

1、该公司于 2016 年 12 月 16 日将持有本公司 200 万股股份质押
给浙商银行股份有限公司义乌分行，用于质押借款担保，质押期限36 个月。质押到期，该公司在浙商银行股份有限公司义乌分行的质
押担保借款资金本息已归还，于 2019 年 12 月 11 日在中国证券登记
结算有限责任公司上海分公司登记办理了所持本公司 200 万股股份解除质押登记手续。

2、本次解除质押情况

股东名称 浪莎控股集团有限公司

本次解质股份（股） 2,000,000

占其所持股份比例（%） 4.82

占公司总股本比例（%） 2.06

解质时间 2019 年 12 月 11 日

持股数量（股） 41,495,355

持股比例（%） 42.68

剩余被质押股份数量（股） 30,000,000

剩余被质押股份数量占其所持 72.30
股份比例（%）

剩余被质押股份数量占公司总 30.86
股本比例（%）

3、本次解除质押股份为用于后续质押。

特此公告。

四川浪莎控股股份有限公司
董 事 会
2019 年 12 月 12 日

[点击查看PDF原文]
提示：本网不保证其真实性和客观性，一切有关该股的有效信息，以交易所的公告为准，敬请投资者注意风险。
展开阅读全文"
浪莎股份12月11日资金揭秘,"https://guba.eastmoney.com/news,600137,891277754.html",2019-12-11 15:53:27,"今日浪莎股份主力净流入额达0.00元，净占比0.00%，
其中超大单净流入额0.00元,净占比0.00%，
大单净流入额0.00元，净占比0.00%。







































浪莎股份资金流向数据

类型	流入(万元)	流出(万元)
超大	0.00	0.00
大单	0.00	0.00
中单	91.19	-140.22
小单	219.06	-170.03




资金解读





浪莎股份收盘涨幅-1.13%， 
其中，成交最活跃的价格分别为14.14、14.13、14.11，成交密集的手数区间分布于30-50、15-20、20-30手，小单介入居多。











成交活跃统计


9:30-15:00 成交均价 14.01













































成交价格	主买累计成交量	主卖累计成交量	主买占比	主卖占比
14.14	10400	3100	4.44%	1.32%
14.13	2600	100	1.11%	0.04%
14.11	1000	700	0.43%	0.30%
14.15	200	100	0.09%	0.04%
14.16	100	0	0.04%	0.00%












































成交手数分布	主买累计成交量	主卖累计成交量	主买估算笔数	主卖估算笔数
30-50	21200	26800	424 	536 
15-20	12400	12900	620 	645 
20-30	9500	14750	317 	492 
70-100	0	7800	0 	78 
50-70	5000	0	71 	0 




左右拖动表格，可查看剩余表格内容


行业个股资金流

























































纺织服装成分股主力净流入排行
序号	代码	名称	涨幅	主力净流入
1	002761	多喜爱 	10.01%	3017.33万
2	600448	华纺股份 	2.57%	705.33万
3	300005	探路者 	2.36%	465.30万
4	600987	航民股份 	0.97%	417.96万
5	600630	龙头股份 	1.00%	331.29万
28	600137	浪莎股份 	-1.13%	0.00万


数据来源:东方财富






展开阅读全文"
这个月没戏,"https://guba.eastmoney.com/news,600137,891147423.html",2019-12-11 10:08:32,这个月没戏
技术面反弹，庄家做不做不清楚,"https://guba.eastmoney.com/news,600137,891079558.html",2019-12-10 21:27:15,技术面反弹，庄家做不做不清楚
放量大涨，值得期待[鼓掌][鼓掌][鼓掌],"https://guba.eastmoney.com/news,600137,891043873.html",2019-12-10 16:37:58,放量大涨，值得期待
浪莎股份12月10日资金揭秘,"https://guba.eastmoney.com/news,600137,891033972.html",2019-12-10 15:53:23,"今日浪莎股份主力净流入额达45.10万元，净占比5.07%，
其中超大单净流入额0.00元,净占比0.00%，
大单净流入额45.10万元，净占比5.12%。







































浪莎股份资金流向数据

类型	流入(万元)	流出(万元)
超大	0.00	0.00
大单	99.00	-53.90
中单	532.30	-542.27
小单	248.77	-283.90




资金解读





浪莎股份收盘涨幅0.86%，今日成交密集时间集中于 

9:55-10:24

，区间涨幅0.00%，
区间成交均价 14.00，
区间成交量占当日成交量的44.69%，
区间主动买入量占区间成交量的20.41%。





其中，区间成交最活跃的价格分别为14.00、14.01、14.03，区间成交密集的手数区间分布于30-50、50-70、70-100手，小单介入居多。








成交活跃区间统计


9:55-10:24 区间成交均价 14.00































成交价格	主买累计成交量	主卖累计成交量	主买占比	主卖占比
14.00	900	203800	0.32%	71.96%
14.01	56900	18000	20.09%	6.36%
14.03	0	3600	0.00%	1.27%












































成交手数分布	主买累计成交量	主卖累计成交量	主买估算笔数	主卖估算笔数
30-50	13400	83900	268 	1678 
50-70	29800	59600	426 	851 
70-100	8800	23500	88 	235 
20-30	0	20200	0 	673 
100-150	0	10000	0 	67 




左右拖动表格，可查看剩余表格内容


行业个股资金流

























































纺织服装成分股主力净流入排行
序号	代码	名称	涨幅	主力净流入
1	000158	常山北明 	8.31%	4203.28万
2	603555	贵人鸟 	10.02%	1648.20万
3	002776	柏堡龙 	2.97%	629.56万
4	300005	探路者 	2.70%	528.04万
5	002293	罗莱生活 	2.81%	505.66万
19	600137	浪莎股份 	0.86%	45.10万


数据来源:东方财富






展开阅读全文"
丝袜质量不太好，不用撕，一顶就破了。,"https://guba.eastmoney.com/news,600137,891027126.html",2019-12-10 15:19:39,丝袜质量不太好，不用撕，一顶就破了。
搞了半天没一个捧场的可悲呀,"https://guba.eastmoney.com/news,600137,890922942.html",2019-12-10 10:44:08,搞了半天没一个捧场的可悲呀
浪莎股份12月09日资金揭秘,"https://guba.eastmoney.com/news,600137,890793207.html",2019-12-09 15:53:23,"今日浪莎股份主力净流入额达-20.68万元，净占比-6.21%，
其中超大单净流入额0.00元,净占比0.00%，
大单净流入额-20.68万元，净占比-6.26%。







































浪莎股份资金流向数据

类型	流入(万元)	流出(万元)
超大	0.00	0.00
大单	0.00	-20.68
中单	97.80	-116.18
小单	232.77	-193.71




资金解读





浪莎股份收盘涨幅-0.36%， 
其中，成交最活跃的价格分别为14.10、14.12、14.11，成交密集的手数区间分布于20-30、30-50、15-20手，小单介入居多。











成交活跃统计


9:30-15:00 成交均价 13.95













































成交价格	主买累计成交量	主卖累计成交量	主买占比	主卖占比
14.10	28700	3300	12.11%	1.39%
14.12	2100	900	0.89%	0.38%
14.11	2200	600	0.93%	0.25%
14.14	700	0	0.30%	0.00%
14.13	0	500	0.00%	0.21%












































成交手数分布	主买累计成交量	主卖累计成交量	主买估算笔数	主卖估算笔数
20-30	9600	23500	320 	783 
30-50	3700	18350	74 	367 
15-20	13900	7300	695 	365 
70-100	9700	8700	97 	87 
50-70	5950	6350	85 	91 




左右拖动表格，可查看剩余表格内容


行业个股资金流

























































纺织服装成分股主力净流入排行
序号	代码	名称	涨幅	主力净流入
1	000158	常山北明 	4.33%	1875.53万
2	603477	振静股份 	6.38%	1368.12万
3	600070	浙江富润 	2.29%	774.45万
4	600987	航民股份 	0.32%	560.50万
5	600398	海澜之家 	0.79%	277.71万
36	600137	浪莎股份 	-0.36%	-20.68万


数据来源:东方财富






展开阅读全文"
并购重组问董秘狗屁都不敢放,"https://guba.eastmoney.com/news,600137,890782503.html",2019-12-09 15:03:20,并购重组问董秘狗屁都不敢放
大便,"https://guba.eastmoney.com/news,600137,890781370.html",2019-12-09 15:00:16,大便
18年吹出比，寻找合适的标的，2年了还怎么吹,"https://guba.eastmoney.com/news,600137,890780729.html",2019-12-09 14:58:42,18年吹出比，寻找合适的标的，2年了还怎么吹
老翁头心里是什么想法,"https://guba.eastmoney.com/news,600137,890780100.html",2019-12-09 14:57:07,老翁头心里是什么想法
不蒸馒头争口气,"https://guba.eastmoney.com/news,600137,890737226.html",2019-12-09 13:21:03,不蒸馒头争口气
爱生活，爱浪莎[微笑],"https://guba.eastmoney.com/news,600137,890646876.html",2019-12-09 08:16:56,爱生活，爱浪莎
浪莎开始捞传销“偏门”？背后其实是低技术门槛企业的窘境,"https://guba.eastmoney.com/news,600137,890622190.html",2019-12-08 17:21:12,"不只是吸引的浪莎，如今陷入了泥潭




曾经，小作坊起家的浪莎是诚实守信、吃苦耐劳的“义乌精神”代表企业之一。但是最近浪莎业绩下滑、被疑传销，曾经的“袜业之王”如今变得狼狈不堪。
此前，有媒体报道称，浪莎为谋求转型开发了多种功能性的“保健服饰”，并以“浪莎E+生活馆”加盟店在各地用涉嫌组织传销的方式开展业务。报道称浪莎股份为了美化自己的商业模式，浪莎集团法定代表人翁荣金不惜公开场合谎称“已拿到直销牌照“。
12月6日，四川浪莎控股股份有限公司发布《关于媒体报道相关情况的澄清公告》，公告称，媒体报道关于浪莎股份扭亏或受益于涉嫌传销业务，不符合公司实际。
浪莎在公告中解释称，“浪莎E+生活馆”系列加盟店经营业务为股东单位及关联方单位开展的营销模式，上市公司未参与;上市公司与股东单位及关联方年度发生的关联交易为正常交易，关于上市公司业绩受益于股东单位及关联方，不符合公司实际;智能保健服饰为股东单位及关联方所属企业出品的系列功能性产品，上市公司未涉及。
巨额股权质押
我们姑且不去管浪莎是否涉及传销业务，浪莎近几年业绩下滑是不争的事实，甚至要质押股份用于补充流动资金的缺口。
浪莎股份（600137）日前发布公告称，公司于2019年12月5日接到本公司控股股东浪莎控股集团有限公司告知函，浪莎集团质押300万股用于补充流动资金，质押期限为2019年12月4日至2022年12月4日。
资料显示，本次控股股东浪莎控股集团有限公司质押持有本公司股份300万股，占其持有公司股份总数的7.23%。
截止本公告日，控股股东浪莎控股集团有限公司累计质押本公司股份3200万股，占其持有本公司股份总数的77.12%。占本公司总股本的32.92%。
实际上，为了融资担保，浪莎集团曾多次进行过股份质押。浪莎股份在2018年11月9日曾发布公告称，浪莎集团质押750万股，占其持有浪莎股份总数的18.07%，质押期限为36个月。
截至今年8月14日，浪莎集团持有浪莎股份4149.5355万股股份，占公司股份总数的42.68%。截至公告披露日，浪莎集团已累计质押浪莎股份4100万股股份，占其持有公司股份总数的98.81%，浪莎集团所持浪莎股份的股份近乎“满仓”质押。
据分析，大股东高比例质押带来的风险不容忽视，一旦公司股价下挫，大股东未能及时采取补交保证金或追加抵押物等策略，将会出现平仓风险，从而对公司的稳健运营带来不利影响。
此次质押浪莎股份还不忘声明：“公司控股股东浪莎集团资信状况良好，资金流动性正常，具备质押融资借款的偿还能力。”
而企查查显示，浪莎集团旗下业务还涉足小额贷款，并由浪莎股份法人代表翁荣弟担任法人及董事长。浪莎小额贷款公司名下法律诉讼近800起，多为“借款合同纠纷”。
曾经的“袜业之王”为何变成如今的狼狈不堪？这几年浪莎发生了什么？
曾经的辉煌
资料显示，曾经被称为中国“袜王”的浪莎股份成立于1995年，由翁荣金、翁关荣、翁荣弟三人共同筹资组建。2007年，浪莎集团在上海证券交易所上市，成功登陆A股。
浪莎股份的主营业务为针织内衣、针织面料的制造，商品批发与零售、进出口以及投资管理咨询等，主要还是生产、经营各种保暖内衣、时尚内衣、短裤、文胸等针织服装同时还有外贸服装的贴牌加工。并且公司曾多次邀请巨星担任公司的广告宣传代言人，包括天王周华健、大S徐熙媛等。
作为浪莎集团曾经的主营业务，无论是上市部分的内衣，还是袜业，目前都面临着激烈竞争。在浪莎公司涉嫌传销的背后，其实是浪莎股份业绩持续下滑的窘境。业内人士认为，从另外一个层面其实反应浪莎股份在市场竞争层面经营压力颇大，以致于一些业务选择铤而走险。
事实上，浪莎的业绩在近年一直处于不稳定的状态。财报显示，2011-2015年间，归属上市公司净利润分别为3468万元、1037万元、817万元、196万元、-2068万元，五年间，利润逐年下降，并在2015年出现亏损。
2016年开始，浪莎股份的经营开始有起色，天眼查数据显示，2018年迎来了从1998年至今的首次分红。在2015-2018年，浪莎股份的净利润开始连续增长，根据浪莎2018年年度报告，实现营业总收入3.88亿元，同比增长12.86%，归属于上市公司净利润2916.18万元，同比增长27.05%。
浪莎股份的实体门店近年也出现了关店现象。2018年年报数据显示，浪莎股份线下门店2018年新增69家，关闭109家，截至2018年末剩余456家。其中，直营店只剩余2家，经销商加盟店关闭102家，剩余440家。
浪莎股份自己也在年报中指出，公司主业“浪莎内衣”品牌处于建设和培育时期，在同行中处于不利的竞争格局。而纺织内衣行业的现状是劳动密集、技术门槛和行业壁垒较低、产品附加值偏低，导致浪莎股份面临产能过剩、劳动力成本上升、企业利润空间缩小的困境。
不被看好的未来
袜业部分不属于上市公司，目前没有太多公开信息。但是袜业同样属于劳动密集型行业，技术门槛低，行业整体情况很相似。
浪莎集团已知不好看的业绩数据，其实已经是其千方百计改善后的。为了增加盈利浪莎集团大量买入银行理财。在2016和2017两个财务年度中，浪莎股份的盈利较大程度依赖了银行理财，银行理财收益分别达到219.09万元和643.31万元，分别占当年净利润的16.28%和28.03%。
为了扭亏为盈，浪莎集团其实也一直在自救，将业务积极多元化。浪莎集团旗下业务涉足到了资产管理、生物技术、新材料、投资及网络科技，甚至颇受争议的小额贷款业务。
但是多领域的多元化布局，反过来必然给浪莎集团带来更多的资金压力，这也是浪莎集团近期频繁质押上市公司股份融资的重要原因。
除了其他领域的试水之外，浪莎股份在主业方面也先后进行了电商、微商等多元化的尝试，电商方面经营尚可，微商却不了了之。
近一年来浪莎股份盈利水平不佳、股价走势并不好，如此高比例的股权质押一旦爆仓，对浪莎股份控制权、浪莎集团资金链都将造成重大不利影响。这为浪莎集团转型之路埋下了不小的风险。
业内人士指出，国内的纺织内衣行业的窗口期已过，浪莎股份自身转型压力重重，这次涉嫌传销可能会给浪莎整个业务致命一击，这样会导致浪莎股份未来更加渺茫。


展开阅读全文"
早就知道的事，媒体现在拿出来说炒冷饭，用意何在,"https://guba.eastmoney.com/news,600137,890615573.html",2019-12-08 14:23:05,早就知道的事，媒体现在拿出来说炒冷饭，用意何在
浪莎否认扭亏或受益于涉嫌传销 称上市公司未参与,"https://guba.eastmoney.com/news,600137,890612233.html",2019-12-08 12:42:45,"来源：澎湃新闻
　　浪莎股份称，智能保健服饰为股东单位及关联方所属企业出品的系列功能性产品，上市公司未涉及。 
　　12月6日，四川浪莎控股股份有限公司(浪莎股份，600137)发布《关于媒体报道相关情况的澄清公告》。 
　　公告称，媒体报道关于浪莎股份扭亏或受益于涉嫌传销业务，不符合公司实际。 
　　12月5日，有媒体发布题为《“袜王”浪莎转型涉嫌传销上市公司业绩或靠此支撑》的报道称，有“袜业大王”之称的浪莎控股集团有限公司(以下简称“浪莎集团”)近年来进入低谷期。为了走出困境，浪莎集团竟选择了一条“曲径通幽”之路——开发多种功能性的“保健服饰”，然后以开“浪莎E+生活馆”加盟店为由头，在各地用涉嫌组织传销的方式开展业务。 
　　对此，浪莎股份12月6日发布公告做出回应。 
　　一，关于“袜业大王涉嫌传销账户被法院冻结”。 
　　浪莎股份称，公司控股股东为浪莎控股集团有限公司，实际控制人为翁关荣、翁荣金、翁荣弟兄弟三人，目前翁荣弟为公司第十届董事会董事长、公司法定代表人。上市公司主营业务为内衣产品制造销售，袜业业务为同一实质控制人的关联方。消息报道内容为今年5月初发生事项，股东单位及关联方已妥善处理完结。 
　　记者在湖北省黄梅县人民法院出具的一份行政裁定书(文书号：(2019)鄂1127行审24号)上看到，申请人黄梅县市场监督管理局在查处被申请人浪莎针织有限公司涉嫌组织传销一案中，为防止被申请人浪莎针织有限公司转移或隐匿违法资金，申请人黄梅县市场监督管理局于2019年5月7日向湖北省黄梅县人民法院提出申请，请求冻结被申请人浪莎针织有限公司在金融机构关联资金账户。 
　　裁定书称，经审查，湖北省黄梅县人民法院认为申请人黄梅县市场监督管理局的申请符合法律规定，依照国务院《禁止传销条例》第十四条第一款第八项、《最高人民法院关于适用的解释》第七十六条、第七十八条之规定，冻结被申请人浪莎针织有限公司在金融机构的关联资金账户。 
　　天眼查资料显示，浪莎针织有限公司的大股东未浪莎集团，属浪莎股份关联方。 
　　二，关于“加盟店全国开花涉嫌传销模式隐藏其中”。 
　　浪莎股份称，“浪莎E+生活馆”系列加盟店经营业务为股东单位及关联方单位开展的营销模式，上市公司未参与。 
　　题为《“袜王”浪莎转型涉嫌传销上市公司业绩或靠此支撑》的报道称，根据举报人的介绍，浪莎集团是这样拓展业务的：首先，在各地推广“浪莎E+生活馆”系列加盟店。加盟者需缴纳2万元保证金以取得加盟资格。加盟者所开设店的铺需满足“浪莎E+生活馆”的指定要求。接下来，以开加盟店培训为由培训加盟者涉嫌传销的组织模式和销售推广模式。 
　　三，关于“浪莎股份扭亏或受益于涉嫌传销业务”。 
　　浪莎股份2016年、2017年、2018年，近三年度主要会计数据(经审计)如下： 
　　其中：2016年至2018年三年公司与股东单位及关联方发生的关联交易金额分别为：3369.63万元、3419.58万元、2600.92万元，分别占当年营业收入的12.52%、9.96%、6.71%。浪莎股份称，这是上市公司与股东单位及关联方年度发生的正常关联交易。关于上市公司业绩受益于股东单位及关联方，不符合公司实际。 
　　题为《“袜王”浪莎转型涉嫌传销上市公司业绩或靠此支撑》的报道称，在举报资料和视频中提到，浪莎集团开始推行涉嫌传销业务的时间点2016年3月，自2017年至2019年间具体模式进行了四次变化，形成了目前这种包含在开加盟店形式下的涉嫌传销模式。浪莎股份财报显示，2011-2015年间，归属上市公司净利润逐年下降。2016年是浪莎股份的业绩转折年，2016-2018年，浪莎股份的净利润连续增长。2018年，上市公司还迎来了首次分红。 
　　四，关于“智能保健服饰令人”脑洞大开。 
　　浪莎股份称，智能保健服饰为股东单位及关联方所属企业出品的系列功能性产品，上市公司未涉及。 
　　公告称，目前公司生产经营正常，日常经营情况未发生重大变化，不存在其他应披露而未披露的重大信息。 
　　题为《“袜王”浪莎转型涉嫌传销上市公司业绩或靠此支撑》的报道称，浪莎集团所属企业出品的系列功能性产品包括浪莎女士舒适透气护宫收腹内衣、浪莎男士磁能量石功能内裤、浪莎女士调整型美体文胸、浪莎通络理疗袜等等。产品宣传人员声称浪莎的系列产品属于智能穿戴范畴，具体表现为可通过手机APP来控制内衣裤、袜子的温度提升。
（文章来源：澎湃新闻） [点击查看原文]
#热点追踪#
展开阅读全文"
浪莎股份否认扭亏或受益于涉嫌传销业务 称上市公司未参与,"https://guba.eastmoney.com/news,600137,890578377.html",2019-12-07 14:35:55,"来源：澎湃新闻
　　12月6日，四川浪莎控股股份有限公司(浪莎股份，600137)发布《关于媒体报道相关情况的澄清公告》。


　　公告称，媒体报道关于浪莎股份扭亏或受益于涉嫌传销业务，不符合公司实际。


　　12月5日，有媒体发布题为《“袜王”浪莎转型涉嫌传销上市公司业绩或靠此支撑》的报道称，有“袜业大王”之称的浪莎控股集团有限公司(以下简称“浪莎集团”)近年来进入低谷期。为了走出困境，浪莎集团竟选择了一条“曲径通幽”之路——开发多种功能性的“保健服饰”，然后以开“浪莎E+生活馆”加盟店为由头，在各地用涉嫌组织传销的方式开展业务。


　　对此，浪莎股份12月6日发布公告做出回应。


　　一，关于“袜业大王涉嫌传销账户被法院冻结” 。


　　浪莎股份称，公司控股股东为浪莎控股集团有限公司，实际控制人为翁关荣、翁荣金、翁荣弟兄弟三人，目前翁荣弟为公司第十届董事会董事长、公司法定代表人。上市公司主营业务为内衣产品制造销售，袜业业务为同一实质控制人的关联方。消息报道内容为今年5月初发生事项，股东单位及关联方已妥善处理完结。


　　记者在湖北省黄梅县人民法院出具的一份行政裁定书(文书号：(2019)鄂1127行审24号)上看到，申请人黄梅县市场监督管理局在查处被申请人浪莎针织有限公司涉嫌组织传销一案中，为防止被申请人浪莎针织有限公司转移或隐匿违法资金，申请人黄梅县市场监督管理局于2019年5月7日向湖北省黄梅县人民法院提出申请，请求冻结被申请人浪莎针织有限公司在金融机构关联资金账户。


　　裁定书称，经审查，湖北省黄梅县人民法院认为申请人黄梅县市场监督管理局的申请符合法律规定，依照国务院《禁止传销条例》第十四条第一款第八项、《最高人民法院关于适用的解释》第七十六条、第七十八条之规定，冻结被申请人浪莎针织有限公司在金融机构的关联资金账户。


　　天眼查资料显示，浪莎针织有限公司的大股东未浪莎集团，属浪莎股份关联方。


　　二，关于“加盟店全国开花涉嫌传销模式隐藏其中” 。


　　浪莎股份称，“浪莎E+生活馆”系列加盟店经营业务为股东单位及关联方单位开展的营销模式，上市公司未参与。 


　　题为《“袜王”浪莎转型涉嫌传销上市公司业绩或靠此支撑》的报道称，根据举报人的介绍，浪莎集团是这样拓展业务的：首先，在各地推广“浪莎E+生活馆”系列加盟店。加盟者需缴纳2万元保证金以取得加盟资格。加盟者所开设店的铺需满足“浪莎E+生活馆”的指定要求。接下来，以开加盟店培训为由培训加盟者涉嫌传销的组织模式和销售推广模式。


　　三，关于“浪莎股份扭亏或受益于涉嫌传销业务” 。


　　浪莎股份2016年、2017年、2018年，近三年度主要会计数据(经审计)如下：


　　其中：2016年至2018年三年公司与股东单位及关联方发生的关联交易金额分别为：3369.63万元、3419.58万元、2600.92万元，分别占当年营业收入的12.52%、9.96%、6.71%。浪莎股份称，这是上市公司与股东单位及关联方年度发生的正常关联交易。关于上市公司业绩受益于股东单位及关联方，不符合公司实际。


　　题为《“袜王”浪莎转型涉嫌传销上市公司业绩或靠此支撑》的报道称，在举报资料和视频中提到，浪莎集团开始推行涉嫌传销业务的时间点2016年3月，自2017年至2019年间具体模式进行了四次变化，形成了目前这种包含在开加盟店形式下的涉嫌传销模式。浪莎股份财报显示，2011-2015年间，归属上市公司净利润逐年下降。2016年是浪莎股份的业绩转折年，2016-2018年，浪莎股份的净利润连续增长。2018年，上市公司还迎来了首次分红。


　　四，关于“智能保健服饰令人”脑洞大开。


　　浪莎股份称，智能保健服饰为股东单位及关联方所属企业出品的系列功能性产品，上市公司未涉及。


　　公告称，目前公司生产经营正常，日常经营情况未发生重大变化，不存在其他应披露而未披露的重大信息。


　　题为《“袜王”浪莎转型涉嫌传销上市公司业绩或靠此支撑》的报道称，浪莎集团所属企业出品的系列功能性产品包括浪莎女士舒适透气护宫收腹内衣、浪莎男士磁能量石功能内裤、浪莎女士调整型美体文胸、浪莎通络理疗袜等等。产品宣传人员声称浪莎的系列产品属于智能穿戴范畴，具体表现为可通过手机APP来控制内衣裤、袜子的温度提升。
（文章来源：澎湃新闻） [点击查看原文]
#热点追踪#
展开阅读全文"
第二个权健，传销王，2元见。。。无任何投资价值，做袜子没有什么核心技术。。。神童,"https://guba.eastmoney.com/news,600137,890599333.html",2019-12-08 01:52:42,第二个权健，传销王，2元见。。。无任何投资价值，做袜子没有什么核心技术。。。神童已阅
完了，星期一股价估计有一波，最近刚买了6双质量确实不怎么样，还卖的老贵。只为卖了,"https://guba.eastmoney.com/news,600137,890571659.html",2019-12-07 11:40:23,完了，星期一股价估计有一波，最近刚买了6双质量确实不怎么样，还卖的老贵。只为卖了个名声而已，下次绝对不买了。
袜业之王深陷“传销门”,"https://guba.eastmoney.com/news,600137,890565188.html",2019-12-07 09:21:35,"公开资料显示，浪莎控股集团有限公司（以下简称：浪莎集团）是唯一同时拥有“中国驰名商标”、“中国名牌商标”和“国家免检产品”的企业，曾经名噪一时的知名企业如今也是落寞了。


据天眼查显示，浪莎集团持有浪莎股份（600137.SH）42.68%表决权，为其控股股东，翁荣金、翁关荣和翁荣弟三人平分浪莎集团股权，同时也为浪莎股份实控人及一致行动人，另外巨浪科技也持有浪莎股份19.84%股权，为第二大股东，其余股份较为分散。




12月6日，浪莎股份连发两则公告，大股东浪莎集团在2016年用于质押借款担保的300万股股票终于解禁了，不过一转头，浪莎集团又将这300万股股票质押给了浙商银行义乌分行，用于补充流动资金。


这一次质押的300万股占大股东所持有的浪莎股份股权的7.23%，而至此大股东已经合计质押了浪莎股份77.12%股权，虽然浪莎股份一再强调控股股东不存在资金流动性问题，但需要靠如此高比例股权质押来补充流动资金，浪莎集团的资金压力还是不小，此前第二大股东巨浪科技也将浪莎股份的股权质押进行了展期，用于融资担保，累计质押比接近100%。


不仅是大股东们，浪莎股份自己的压力也不小，业绩下滑、被疑传销，曾经的“袜业之王”如今也泥潭深陷。


增收不增利，业绩全靠广告撑


2007年浪莎股份借壳长江控股成功登陆A股，那一年浪莎股份实现营业收入1.33亿，归母净利润2.99亿，二者都有很大幅度的增长。


不过从第二年开始浪莎股份营收规模不断扩大，到2013年时最高达到4.38亿，是刚上市时的三倍多，但是其归母净利润却完全是另一番景象，上市后的第二年归母净利润骤降91.3%，只剩下2599.61万，扣非净利润降幅更是接近100%。




此后不论营收如何增长，归母净利润依然不断呈现下降趋势，换句话说，其实这才是浪莎股份真正的净利润水平，而到最新的三季报中，浪莎股份依然陷在增收不增利的怪圈里，前三季度营收同比微增1.72%，归母净利润却同比下降22.07%。


浪莎股份的主营业务为针织内衣、针织面料的制造，商品批发与零售、进出口以及投资管理咨询等，主要还是生产、经营各种保暖内衣、时尚内衣、短裤、文胸等针织服装同时还有外贸服装的贴牌加工。


从半年报数据来看，浪莎股份的营收构成分为服装制造销售和商标使用费收入，99%还是由服装销售构成，其中近70%的又是来自短裤类产品。


与营收构成相对应，浪莎股份品牌产品也包括两种，一种是浪莎内衣，一种是外卖贴牌，而浪莎内衣主要是以经销商加盟店为主，截至2019年上半年末，浪莎内衣只有2家直营店，并且上半年没有数量变化，而加盟店的数量则有429家之多，虽然2018年和2019年上半年分别净关店38家、11家，但加盟店依然是浪莎内衣的主要销售“战场”。




另外，猫妹还注意到，浪莎股份的业绩与销售费用有着明显的匹配关系，销售费用高的年份往往业绩也都不错，2013年后销售费用锐减，业绩也是一落千丈，从2018年年报来看，浪莎股份的销售费用中大约45%都是广告宣传及业务推广费、电视购物平台费用。




浪莎针织涉嫌传销，小额贷款公司也诉讼不断


业绩不行，围绕浪莎股份的纷争却没断过。


5月，湖北省黄梅县人民法院发布的《行政裁定书》把浪莎针织涉嫌组织传销一事推向人前，黄梅县市场监督管理局向法院提出请求冻结浪莎针织在金融机构关联资金账户，以防被申请人转移或隐匿违法资金。




据中国网财经消息，浪莎集团的传销业务首先在全国各地推广“浪莎E+生活馆”系列加盟店，加盟者需缴纳2万元保证金以取得加盟资格，随后再以加盟店培训为由培训加盟者涉嫌传销的组织模式和销售推广方式。


从调查中中国网财经记者获得“浪莎E+生活馆”加盟培训的PPT资料和现场视频来看，明确包含“分享奖”以及“辅导奖、消费奖、占位奖（8层8代收入2%）”等分级销售，奖励制度，销售人员的薪酬奖励或返利与发展人员数量、级别等相挂钩的。


而传销与直销的本质区别就在于此，当组织人员需要通过发展下线而不是销售商品来获取收入时，就从直销跨进了传销，很明显浪莎纺织就是如此。


值得一提的是，说到直销，浪莎集团确实曾在2017年计划布局直销板块，并向商务部提交申请，但事实上，直到今天猫妹在商务部相关网站进行查询时，依然没有“浪莎”相关企业被批准可以进行直销等相关业务。




12月6日下午，浪莎股份火速发布公告回应了相关舆论争议，简单总结一下就是“与我无关”，不管是“浪莎E+生活馆”还是功能性智能保健服饰，浪莎股份都表示那些是关联方的业务，上市公司并未涉及。


确实，浪莎针织并非浪莎股份子公司，而是隶属于控股股东浪莎集团，顶多也就算是个关联方，不过，要说全然没有关系也是不太可能的。


首先，无论是生活馆还是保健服饰打得都是“浪莎”的旗号，靠着品牌效应才能忽悠大众消费者，就算浪莎股份没有直接参与组织传销，关联方的这一行为又将给浪莎股份的品牌名誉带来多少损害。


其次，从天眼查关系数据来看，浪莎股份和浪莎针织不仅同属于浪莎集团，浪莎股份实控人翁荣弟也在浪莎针织担任高管，两家公司基本上可以说是实控人的“左膀右臂”，说没什么关系总是有些牵强的。




另外，从以往年报来看，浪莎股份还向浪莎针织购买袜子用于电视购物销售，也接受浪莎针织提供的染色加工服务，还会向浪莎针织销售电商组合配套内衣产品等，两者业务关联颇深，2018年浪莎股份还向浪莎针织销售生活馆配套美体内衣1627.54万，占总营收4%。


除了传销，浪莎股份实控人控制的另一家公司浪莎小额贷款公司也是诉讼不断，近年来多次由于小额借款合同纠纷被起诉或起诉他人，并在2019年2月一起“套路贷”的案件中被发现涉及违规放贷以及公司成员涉嫌职务犯罪等线索，正在被调查中。


表面看起来似乎都只是某些关联方的行为，但都打着“浪莎”的旗号，受同一实控人控制多少还是会被牵连的，原本业绩就难有起色的浪莎股份如今更是危机重重……




展开阅读全文"
被曝“扭亏或受益于涉嫌传销业务”，浪莎股份急发公告否认,"https://guba.eastmoney.com/news,600137,890517922.html",2019-12-06 18:00:43,"今日下午，浪莎股份(600137.SH)发布澄清公告称，相关媒体报道的《“袜王”浪莎转型涉嫌传销，上市公司业绩或靠此支撑》，不符合公司实际。
 （图片来源于网络）
公告中，浪莎股份针对“袜业大王涉嫌传销账户被法院冻结”；加盟店全国开花涉嫌传销模式隐藏其中”；“浪莎股份扭亏或受益于涉嫌传销业务”以及“智能保健服饰令人“脑洞大开”四个点做出澄清说明。
其中，针对报道中“浪莎股份扭亏或受益于涉嫌传销业务”的相关说法，浪莎股份澄清，“浪莎E+生活馆”系列加盟店经营业务为股东单位及关联方单位开展的营销模式，上市公司未参与；2016年至2018年三年，公司与股东单位及关联方发生的关联交易金额分别占当年营业收入的12.52%、9.96%、6.71%，为上市公司与股东单位及关联方年度发生的正常关联交易。关于上市公司业绩受益于股东单位及关联方，不符合公司实际；智能保健服饰为股东单位及关联方所属企业出品的系列功能性产品，公司未涉及。
资料显示，浪莎股份于1998年4月在上海证券交易所上市，公司主营业务范围为针织內衣、针织面料的制造；商品批发与零售；进出口业；投资管理咨询。2019年上半年公司业绩处于增收不增利中，报告期内，浪莎股份取得营业收入1.23亿元，比上年同期增长3.49%；净利润905.27万元，比上年同期下降15.11%。"
突然出来这么多帖子，明白人都应该知道怎么做了,"https://guba.eastmoney.com/news,600137,890217847.html",2019-12-05 14:02:17,距离巨浪展期的时日不多了，这两天信息多了，希望大家都谨慎。
