标题,链接,发布时间,内容
PPP资产证券化开闸 两川股或加速“抢单”,"https://guba.eastmoney.com/news,600265,618909501.html",2017-03-20 11:30:16,今年最后一个交易周，后市策略是什么？
这样的分红回报远远超过了银行存款利率保壳,"https://guba.eastmoney.com/news,600265,618828573.html",2017-03-20 09:04:09,而将高送转与业绩匹配的问题落到实处才是解决问题
这对于格力电器来说其实是一大利好,"https://guba.eastmoney.com/news,600265,618716966.html",2017-03-19 14:40:06,为什么会出现上市公司扎堆卖房现象？归纳上市公司卖房的原因
聂灿：G20峰会召开在即，控制仓位低吸高抛为主,"https://guba.eastmoney.com/news,600265,618716417.html",2017-03-19 14:34:14,大家说股票投资价值在哪里？
股吧日报何时能够结束磨人行情？,"https://guba.eastmoney.com/news,600265,618697416.html",2017-03-19 11:14:50,今日上证综指跳空下行，触及二十日均线回升，留
晨光生物：世界级龙头战略开启，目标57元,"https://guba.eastmoney.com/news,600265,618584624.html",2017-03-18 14:41:42,蓝海韬略2016投资策略：向所股民推荐买高送转
观察企稳信号 积极关注以下板块机会,"https://guba.eastmoney.com/news,600265,618530232.html",2017-03-18 08:55:44,兴业投资黄金周评：耶伦领衔加息大合唱 黄金畏
格力电器的成交金额又遥遥领先,"https://guba.eastmoney.com/news,600265,618466613.html",2017-03-17 23:15:07,又让格力电器股票再一次直面利空的打击
洗盘是为了更好地拉升，大盘将在3月20日或21日挑战3300点。,"https://guba.eastmoney.com/news,600265,618311873.html",2017-03-17 14:40:14,洗盘是为了更好地拉升，大盘将在3月20日或21日挑战3300点。
明天必涨股,"https://guba.eastmoney.com/news,600265,618327704.html",2017-03-17 15:03:13,生物医药公司领涨 新药研发再获追捧
而且当年未进行利润分配,"https://guba.eastmoney.com/news,600265,618093483.html",2017-03-17 01:03:15,进行利益输送
基金新动向 知名私募心仪化工机械,"https://guba.eastmoney.com/news,600265,617897273.html",2017-03-16 14:23:34,遭遇九连阴 央行超级周黄金能否杀出重围？
日经指数受积极财政货币宽松政策早盘电子产品推,"https://guba.eastmoney.com/news,600265,617887614.html",2017-03-16 14:09:37,百达通-注意
庄家一直刻意压盘，意义为何？,"https://guba.eastmoney.com/news,600265,617851941.html",2017-03-16 13:11:50,庄家一直刻意压盘，意义为何？
谁将是今日反弹先锋,"https://guba.eastmoney.com/news,600265,617848151.html",2017-03-16 13:02:37,谁将是今日反弹先锋
抢筹5元牛股三季报业绩每股收益0.50元,"https://guba.eastmoney.com/news,600265,617771325.html",2017-03-16 10:11:10,创业板月线缩小，已经告诉你市场哪个方向阻力最
独家全域医疗完成1.8亿人民币A2轮融资，正和磁系资本和联基金领投,"https://guba.eastmoney.com/news,600265,617606515.html",2017-03-15 19:32:02,独家全域医疗完成1.8亿人民币A2轮融资，正和磁系资本和联基金领投
全域医疗完成1.8亿人民币A2轮融资，正和磁系资本和联基金领投,"https://guba.eastmoney.com/news,600265,617606144.html",2017-03-15 19:31:10,全域医疗完成1.8亿人民币A2轮融资，正和磁系资本和联基金领投
市场常常将其归结为,"https://guba.eastmoney.com/news,600265,617521627.html",2017-03-15 15:09:55,即要求这类公司提供相应的业绩预测数据、测算过程、相关指标选择及依据等
就向市场伸手要钱,"https://guba.eastmoney.com/news,600265,615804074.html",2017-03-09 23:55:25,更加不可能走“先高送转然后再融资”这条“金光大道”了
切记切记！ 只做市场的滑头,"https://guba.eastmoney.com/news,600265,616924173.html",2017-03-14 06:29:21,共持有家上市公司股份，共有家投资项目在新
格力电器对于险资来说是不可多得的投资标的,"https://guba.eastmoney.com/news,600265,617339897.html",2017-03-15 09:06:31,每股收益达到0.29元本人以为
兴业投资黄金周评：七周连跌 新年假期来临黄金,"https://guba.eastmoney.com/news,600265,616944609.html",2017-03-14 08:53:04,沪指还是继续在横盘震荡，今天量能还是萎缩
000966长源电力业绩更好价更低,"https://guba.eastmoney.com/news,600265,613150578.html",2017-03-02 12:13:21,抄底正当时
就目前上市公司高送转的现状来说,"https://guba.eastmoney.com/news,600265,616814936.html",2017-03-13 19:24:39,优质公司也没有任何特权
说明市场做多力量十分有限；另外,"https://guba.eastmoney.com/news,600265,616799580.html",2017-03-13 18:21:45,更体现了管理层对市场的多头思维
"沪股通(外资)再度开启买买模式,截至目前净买入A","https://guba.eastmoney.com/news,600265,616661416.html",2017-03-13 12:45:57,平仓时机转瞬即逝，要怎样才能抓住
这样一来,"https://guba.eastmoney.com/news,600265,616652214.html",2017-03-13 12:04:23,2月17日证监会出台的再融资新政受到市场的极大关注
报告期内收入及净利润增长率等经营业绩增长情况、未来发展战略等的情况下,"https://guba.eastmoney.com/news,600265,616495679.html",2017-03-12 20:41:25,其账面净值合计近2054万元
这同样没有体现出再融资“按照上市公司质量来”的精神,"https://guba.eastmoney.com/news,600265,616409329.html",2017-03-12 07:55:08,就目前上市公司高送转的现状来说
因此判断市场是强势还是弱势是做股票最关键的因素,"https://guba.eastmoney.com/news,600265,616330394.html",2017-03-11 17:58:08,能否收获一根周阳线
比如,"https://guba.eastmoney.com/news,600265,616154672.html",2017-03-10 21:06:40,此举对于优化A股市场的资源配置将起着积极的作用
多个机构看好～～跟上～～[微笑][胜利][献花],"https://guba.eastmoney.com/news,600265,615524518.html",2017-03-09 10:47:27,多个机构看好～～跟上～～
抓住跨年度行情 鲁信创投 共持有家上市,"https://guba.eastmoney.com/news,600265,615386307.html",2017-03-08 23:33:45,利好频传助推OLED板块走强 6只概念股获机构集体
这就意味着上市公司高送转与业绩匹配的问题,"https://guba.eastmoney.com/news,600265,615378102.html",2017-03-08 22:57:59,不得留转下一年度使用
众多个股均被产业资本清仓式甩卖,"https://guba.eastmoney.com/news,600265,615053729.html",2017-03-08 09:00:14,这就是市场难操作的原因
为何亏钱的总是你,"https://guba.eastmoney.com/news,600265,614942424.html",2017-03-07 20:35:31,为何亏钱的总是你
散了吧，散了吧，太幸了，远离265，远离景谷。壳不值钱了，万达都快自己上市了，2,"https://guba.eastmoney.com/news,600265,614862558.html",2017-03-07 16:03:02,散了吧，散了吧，太幸了，远离265，远离景谷。壳不值钱了，万达都快自己上市了，265玩不下去了。
很多上市公司在卖房时都是将此作为理由的,"https://guba.eastmoney.com/news,600265,614861208.html",2017-03-07 15:58:43,深港通正式运营了两周时间
连续阴跌 好庄家,"https://guba.eastmoney.com/news,600265,614702149.html",2017-03-07 10:29:49,连续阴跌 好庄家
都会因为20%的上限限制而很难实现了,"https://guba.eastmoney.com/news,600265,614054042.html",2017-03-05 10:07:37,募资项目甚至成了企业发展的包袱
必须对上市公司高送转制度加以规范,"https://guba.eastmoney.com/news,600265,614036039.html",2017-03-05 07:26:33,甚至收购垃圾资产、亏损资产
是上市公司圈钱的加剧,"https://guba.eastmoney.com/news,600265,613983667.html",2017-03-04 21:29:07,这种无门槛设置的做法
四是明确定价基准日为本次非公开发行股票发行期的首日,"https://guba.eastmoney.com/news,600265,613051110.html",2017-03-02 08:38:58,那些业绩差的上市公司
请问截止2月末公司股东户数多少，谢谢,"https://guba.eastmoney.com/news,600265,729037374.html",2017-11-16 15:23:28,【问】请问截止2月末公司股东户数多少，谢谢 【答】ST景谷：您好！公司会在定期报告中披露截至报告期末的股东人数，谢谢您的关注！¶¶2017-11-16 15:23:28 §
现在主导看多舆论的多是准备解禁减持的大小非们,"https://guba.eastmoney.com/news,600265,613020231.html",2017-03-02 04:50:16,~~长城电工 股权转让 国企混合所有制启动
不受此期限限制,"https://guba.eastmoney.com/news,600265,613004374.html",2017-03-02 02:10:03,本次发行董事会决议日距离前次募集资金到位日原则上不得少于18个月
站在月线上 怕啥 守紧筹码 别被主力忽悠了,"https://guba.eastmoney.com/news,600265,612977648.html",2017-03-01 23:04:24,站在月线上 怕啥 守紧筹码 别被主力忽悠了
今天ST股中，景谷表现的太差了，价格实在太高了，不值这个价，硬伤,"https://guba.eastmoney.com/news,600265,612975791.html",2017-03-01 22:56:01,今天ST股中，景谷表现的太差了，价格实在太高了，不值这个价，硬伤
ST板块今天走的最烂的一只，明天大盘回调领头大跌,"https://guba.eastmoney.com/news,600265,612874485.html",2017-03-01 16:09:49,ST板块今天走的最烂的一只，明天大盘回调领头大跌
搜房网宣布，因国内监管不确定性，终止借壳万里新能源。中概股没有机会了，265也没,"https://guba.eastmoney.com/news,600265,610817609.html",2017-02-21 21:18:09,搜房网宣布，因国内监管不确定性，终止借壳万里新能源。中概股没有机会了，265也没有机会了，散场吧！
此股严重被低估,"https://guba.eastmoney.com/news,600265,612746740.html",2017-03-01 10:51:37,被低估4倍！重稀土龙头股五矿稀土的市值，仅为轻稀土龙头股的四分之一！～～～五矿稀土（st五稀）已经公告扭亏即将摘帽，并且于2016年12月公告成功收购2个重稀土矿（在五矿稀土收购的华泰鑫拓地质公司旗下）！国家打击稀土走私与非法开采，国家稀土收储，稀土供应减少价格上涨，五矿稀土股价跌近4倍，严重超跌！还是购买重稀土矿的重组股！稀土股中的唯一央企～五矿稀土000831的市值仅仅是轻稀土股龙头北方稀土的四分之一，重稀土更加稀缺，价值远远高于普通轻稀土，说明五矿稀土被低估四倍！
小盘低价ST明科600091即将摘帽，随时启动！,"https://guba.eastmoney.com/news,600265,612671423.html",2017-03-01 07:07:13,各ST公司，要想让自己家ST摘帽时有个好的表现，就应该寻找一个具有示范效应的好的摘帽股，亚星化学第一，明天科技第二，各家具有摘帽概念的ST公司的大股东，及牛散、各实力资本、券商、基金公司们会，也必须要集中火力，对准提前摘帽，且具有小盘价低概念的明天科技600091，明天科技前期示范作用做好了，600091的大涨，带一个好的头，会让其他ST公司摘帽时，也会涨很多。个人感觉ST明科此番上涨，会涨到15-20元之间。明科要么不启动，要动，必须要石破天惊！ 亚星化学不到10个交易日赚30%，我知足了！今天卖亚星化学，进ST明科！
特别好的公司上市创业板只需要6个月时间，265要完蛋了！快抛265唷！,"https://guba.eastmoney.com/news,600265,612628918.html",2017-02-28 22:59:45,特别好的公司上市创业板只需要6个月时间，265要完蛋了！快抛265唷！
明天应该来个板,"https://guba.eastmoney.com/news,600265,612626196.html",2017-02-28 22:46:02,明天应该来个板
最后来这一下，要干嘛？[牛],"https://guba.eastmoney.com/news,600265,612522028.html",2017-02-28 15:21:04,最后来这一下，要干嘛？
小盘低价ST明科还有几天即将摘帽！,"https://guba.eastmoney.com/news,600265,612494702.html",2017-02-28 14:19:08,ST明科即将摘帽，净资产高，公积金超高，股东权益高，上海科技摘帽从9元涨到22元，青海春天摘帽从11元涨到近20元，ST明科呢，应该会涨到13-18元！加油。。。。。。
新手求教为什么为啥*st亚星能够去掉*st，而*st景谷只能去掉*呢,"https://guba.eastmoney.com/news,600265,612129931.html",2017-02-27 11:21:03,"2016年净利润和净资产都是正的，，

为啥结果不一样呢？"
必须要让亚星化学600319大涨！,"https://guba.eastmoney.com/news,600265,612323728.html",2017-02-27 23:18:34,各ST公司，要想让自己家ST摘帽时有个好的表现，就应该寻找一个具有示范效应的好的摘帽股，亚星化学首当其冲，各家具有摘帽概念的ST公司的大股东，及牛散、各实力资本、券商、基金公司们会，也必须要集中火力，对准提前摘帽，且具有小盘价低概念的亚星化学，亚星化学前期示范作用做好了，亚星化学的大涨，带一个好的头，会让其他ST公司摘帽时，也会涨很多。个人感觉亚星化学此番上涨，会涨到15-20元之间。
蚂蚁，360可以优先上市，265完了，快卖，快跑,"https://guba.eastmoney.com/news,600265,611674353.html",2017-02-24 16:49:12,蚂蚁，360可以优先上市，265完了，快卖，快跑
600319不让发帖来此求教为什么可以摘帽,"https://guba.eastmoney.com/news,600265,612198494.html",2017-02-27 14:38:47,为什么600265只能摘星而600319净资产那么低可以摘帽？请有研究的朋友指教一下好吗？
故事是等于还是不等于事故？,"https://guba.eastmoney.com/news,600265,611439797.html",2017-02-23 22:40:22,如题
为什么可以炒？,"https://guba.eastmoney.com/news,600265,611068671.html",2017-02-22 17:03:55,为什么可以炒？
，瞎猜的！,"https://guba.eastmoney.com/news,600265,611068729.html",2017-02-22 17:03:59,，瞎猜的！
或成大概率,"https://guba.eastmoney.com/news,600265,611071711.html",2017-02-22 17:16:13,或成大概率
可羞是贫而无志,"https://guba.eastmoney.com/news,600265,611071096.html",2017-02-22 17:13:31,可羞是贫而无志
因它充满了希望,"https://guba.eastmoney.com/news,600265,611070824.html",2017-02-22 17:12:20,因它充满了希望
实际上人们每天,"https://guba.eastmoney.com/news,600265,611070554.html",2017-02-22 17:11:05,实际上人们每天
价推这么高不,"https://guba.eastmoney.com/news,600265,611070369.html",2017-02-22 17:10:29,价推这么高不
有龙头潜力/,"https://guba.eastmoney.com/news,600265,611068828.html",2017-02-22 17:04:28,有龙头潜力/
好股是要捂的,"https://guba.eastmoney.com/news,600265,94598272.html",2013-12-11 11:40:20,开了点仓起捂，捂着捂着就变大了，哈哈。
就这换手率你还想出货？把这垃圾股价推这么高不是找死么，谁来接盘你！现在重组定增收,"https://guba.eastmoney.com/news,600265,610644287.html",2017-02-21 11:10:07,就这换手率你还想出货？把这垃圾股价推这么高不是找死么，谁来接盘你！现在重组定增收紧你还能讲什么故事！
人生最大的错误是不断担心会犯错。,"https://guba.eastmoney.com/news,600265,610440461.html",2017-02-20 16:13:17,人生最大的错误是不断担心会犯错。
明天是世上增值最快的一块土地，因它充满了希望。,"https://guba.eastmoney.com/news,600265,610440353.html",2017-02-20 16:13:15,明天是世上增值最快的一块土地，因它充满了希望。
、人总是珍惜未得到的，而遗忘了所拥有的。,"https://guba.eastmoney.com/news,600265,610440892.html",2017-02-20 16:14:22,、人总是珍惜未得到的，而遗忘了所拥有的。
世上最累人的事，莫过於虚伪的过日子。,"https://guba.eastmoney.com/news,600265,610440247.html",2017-02-20 16:12:51,世上最累人的事，莫过於虚伪的过日子。
贫不足羞，可羞是贫而无志,"https://guba.eastmoney.com/news,600265,610439668.html",2017-02-20 16:11:11,贫不足羞，可羞是贫而无志
大盘涨的这么好你还跌！,"https://guba.eastmoney.com/news,600265,610402028.html",2017-02-20 14:47:03,大盘涨的这么好你还跌！
借壳上市不受新规影响,"https://guba.eastmoney.com/news,600265,610247501.html",2017-02-20 09:47:47,借壳上市不受新规影响
上市公司申请非公开发行股票的，拟发行的股份数量不得超过本次发行前总股本的20% 面对近日发布的新规。景谷总股本才1.3亿，该何去何从,"https://guba.eastmoney.com/news,600265,609873498.html",2017-02-17 18:49:34,上市公司申请非公开发行股票的，拟发行的股份数量不得超过本次发行前总股本的20% 面对近日发布的新规。景谷总股本才1.3亿，该何去何从？？？
600265:ST景谷2016年年度股东大会决议公告,"https://guba.eastmoney.com/news,600265,609883205.html",2017-02-17 19:39:15,"公告日期：2017-02-18
 证券代码：600265 证券简称：ST景谷 公告编号：2017-017

云南景谷林业股份有限公司

2016年年度股东大会决议公告

本公司董事会及全体董事保证本公告内容不存在任何虚假记载、误导性陈述或者重大遗漏，并对其内容的真实性、准确性和完整性承担个别及连带责任。

重要内容提示：

本次会议是否有否决议案：无

一、 会议召开和出席情况

(一) 股东大会召开的时间：2017年2月17日

(二) 股东大会召开的地点：本公司三楼会议室（云南省景谷县林纸路201号）

(三) 出席会议的普通股股东和恢复表决权的优先股股东及其持有股份情况：

1、出席会议的股东和代理人人数 5

2、出席会议的股东所持有表决权的股份总数（股） 61,300,202

3、出席会议的股东所持有表决权股份数占公司有表决权股

份总数的比例（%） 47.2266

(四) 表决方式是否符合《公司法》及《公司章程》的规定，大会主持情况等。

本次股东大会以现场投票与网络投票相结合的方式对本次股东大会通知中列明的事项进行了投票表决。出席本次股东大会现场会议的股东以记名表决的方式对本次股东大会通知中列明的事项进行了投票表决并进行了计票、监票。本次会议由董事长蓝来富先生主持。北京德恒（昆明）律师事务所刘革律师、陈太发律师出席了现场会议并作见证。本次股东大会的召开及表决方式符合《公司法》、《股东大会规则》等法律法规、规范性文件及《公司章程》的有关规定。

(五) 公司董事、监事和董事会秘书的出席情况

1、公司在任董事9人，出席2人，董事赵燕、黄伟民、罗林、张正成、董广、

陈军、盛军因公务未能现场出席；

2、公司在任监事3人，出席1人，监事马志飞、李景堂因公务未能现场出席；

3、董事会秘书蓝来富先生出席本次会议；公司部分高管及公司聘请的见证律师列席会议。

二、 议案审议情况

(一) 非累积投票议案

1、议案名称：审议《2016年度董事会工作报告》的议案

审议结果：通过

表决情况：

股东类型 同意 反对 弃权

票数 比例（%） 票数 比例（%） 票数 比例（%）

A股 61,239,502 99.9009 60,700 0.0991 0 0.0000

2、议案名称：审议《2016年度监事会工作报告》的议案

审议结果：通过

表决情况：

股东类型 同意 反对 弃权

票数 比例（%） 票数 比例（%） 票数 比例（%）

A股 61,239,502 99.9009 60,700 0.0991 0 0.0000

3、议案名称：审议《2016年度财务决算报告》的议案

审议结果：通过

表决情况：

股东类型 同意 反对 弃权

票数 比例（%） 票数 比例 票数 比例

（%） （%）

A股 61,239,502 99.9009 60,700 0.0991 0 0.0000

4、议案名称：审议《2016年年度报告》及摘要的议案

审议结果：通过

表决情况：

股东类型 同意 反对 弃权

……
[点击查看PDF原文]
提示：本网不保证其真实性和客观性，一切有关该股的有效信息，以交易所的公告为准，敬请投资者注意风险。
展开阅读全文"
600265:ST景谷2016年年度股东大会的法律意见,"https://guba.eastmoney.com/news,600265,609883025.html",2017-02-17 19:38:33,"公告日期：2017-02-18
600265:ST景谷2016年年度股东大会的法律意见
[点击查看PDF原文]
提示：本网不保证其真实性和客观性，一切有关该股的有效信息，以交易所的公告为准，敬请投资者注意风险。"
为什么只去星，没有摘帽？,"https://guba.eastmoney.com/news,600265,609101108.html",2017-02-15 15:17:26,知道的说说，谢啦
大宗交易大宗交易,"https://guba.eastmoney.com/news,600265,609087632.html",2017-02-15 14:50:26,大宗交易大宗交易
【讨论】景谷复牌跌停，你还愿意继续持股吗？,"https://guba.eastmoney.com/news,600265,605407402.html",2017-02-10 11:20:21,"导语：
上交所和深交所周四早间发布公告称，此前连续上涨的*ST景谷因重大事项于2017年2月9日起停牌。而今日复牌后景谷跌停开盘，之后虽打开跌停，但随后又再度下跌至跌停，那么持有该股的小散们，你还愿意继续持股吗？
相关阅读：
四角度筛选ST公司摘星脱帽投资机会（附股）

*ST景谷宜通世纪因重大事项于2月9日起停牌
股友观点：
北京手机网友: 摘星就是不会退市，摘帽可以留给一季报后。
*ST是有退市风险，一般是连续两年亏损；
ST是普通的风险警示，包括当上市公司出现财务状况或其它异常状况，导致投资者对该公司前景难以判定，可能损害投资者权益的情形，交易所将对其股票交易实行特别处理。

难得糊涂977: 挖个金坑再停牌重组
延伸阅读 :
股民学校
新股资讯
热点资讯
核心内参"
太平洋股权激励消息太突然，部份非关联的机构节,"https://guba.eastmoney.com/news,600265,608992288.html",2017-02-15 11:07:40,怎么才能连续中新股呢？
业绩亏损或业绩大幅下滑公司高送转的问题,"https://guba.eastmoney.com/news,600265,608907677.html",2017-02-15 06:05:24,难道不值得仍在走“融资功能第一”
今天居然没有大宗... 是准备协议转让了吗？ 还是准备换账户接？ 还是直接停牌了,"https://guba.eastmoney.com/news,600265,572259474.html",2016-11-24 18:09:01,"今天居然没有大宗...
是准备协议转让了吗？ 还是准备换账户接？ 还是直接停牌了？ 有意思啊 无论如何，这价格是压不住了，下车的朋友，祝你们好运～"
买买买哈哈最低点附近满仓稳赚发财了,"https://guba.eastmoney.com/news,600265,607309101.html",2017-02-13 09:50:32,买买买哈哈最低点附近满仓稳赚发财了
明天跌停！,"https://guba.eastmoney.com/news,600265,604656291.html",2017-02-09 18:27:46,明天跌停！
300335迪森股份 生物质供热龙头，继续开启综合能源--天然气分布式能源的战略布局 清洁能源综合服务领域领导者 是真正的环保龙头股,"https://guba.eastmoney.com/news,600265,604073312.html",2017-02-08 19:15:01,300335迪森股份 生物质供热龙头，继续开启综合能源--天然气分布式能源的战略布局 清洁能源综合服务领域领导者 是真正的环保龙头股 千万不要买融资标的 融资股中很少黑马股 风险大
姐夫也来了,"https://guba.eastmoney.com/news,600265,607416163.html",2017-02-13 11:55:13,0000000000000000000000000000000000000
挖个金坑再停牌重组,"https://guba.eastmoney.com/news,600265,604681566.html",2017-02-09 19:26:52,挖个金坑再停牌重组
除了融资功能以外,"https://guba.eastmoney.com/news,600265,606195582.html",2017-02-11 22:59:24,仅仅局限于加速IPO
摘帽不是恢复10%的涨跌幅吗，为什么还是ST，有啥讲究，不是很懂,"https://guba.eastmoney.com/news,600265,605787480.html",2017-02-10 21:29:29,明白人讲一下
买60手玩玩[大笑][大笑]，,"https://guba.eastmoney.com/news,600265,605287002.html",2017-02-10 09:24:58,买60手玩玩，
大散压这么多 不怕被抢了？,"https://guba.eastmoney.com/news,600265,605393378.html",2017-02-10 11:06:26,大散压这么多 不怕被抢了？
600265:ST景谷2016年年度股东大会会议资料,"https://guba.eastmoney.com/news,600265,605763528.html",2017-02-10 18:43:43,"公告日期：2017-02-11
云南景谷林业股份有限公司

2016 年年度股东大会

会议资料

二○一七年二月

会议文件目录

一、会议须知

二、会议议程

三、会议议案

1、审议《2016年度董事会工作报告》的议案；

2、审议《2016年度监事会工作报告》的议案；

3、审议《2016年度财务决算报告》的议案；

4、审议《2016年年度报告》及摘要的议案；

5、审议《2016年度利润分配议案》；

6、审议《关于续聘会计师事务所的议案》。

四、《独立董事2016年度述职报告》。

会议须知

各位股东及股东代表：

为了维护全体股东的合法权益，确保股东大会的正常秩序和议事效率,根据中国证监会发布的《上市公司股东大会规则》、《公司章程》和《股东大会议事规则》的规定，特制订本须知：

一、参加股东大会的人员为截止2017年2月13日交易结束

后在中国证券登记结算有限责任公司上海分公司登记在册的公司所有股东（包括股东委托的代理人）、公司董事、监事、高级管理人员、聘请的律师及董事会邀请的有关人员。

二、全体与会股东应当认真履行其法定义务，不得侵犯其他股东的权益，不得扰乱大会的正常秩序，参加股东大会的股东或股东代表及进入会议现场人员要保持现场安静，请关闭手机及其他通讯设备。

三、股东大会召开期间，只接受股东或股东代表发言或提问。

股东参加股东大会，依法享有发言权、质询权、表决权等权利。

股东或股东代表在征得股东大会主持人的许可后进行发言，应向股东大会报告姓名或单位名称及持有股份数。

四、股东或股东委托代理人在股东大会上发言，必须经大会主持人许可，股东或股东代表在发言时，应言简意赅，尽量围绕本次股东大会会议议题进行讨论，如有相同意见，请不要重复发言。

五、大会采用现场记名方式投票+网络投票相结合的表决方式，股东以其持有的表决权的股份数额行使表决权，每一股份享有一票表决权。请与会股东按照表决票上的提示认真填写。

六、为保证股东大会的严肃性和正常秩序，除出席会议的股东或委托代理人、公司董事、监事、高级管理人员、聘请的律师及董事会邀请的人员外，公司有权依法拒绝其他人员进入会场。

七、因网络投票的需要，中午现场投票表决后需休会至下午16时网络投票结果统计后再回到现场参加会议。

八、本次会议由北京德恒（昆明）律师事务所律师对股东大会全部过程及表决结果进行现场见证。

会议议程

会议时间：2017年2月17日（星期五）上午9：00

会议地点：云南景谷林业股份有限公司三楼会议室

会议主持人：公司董事长蓝来富先生

会议出席人：截止2017年2月13日（星期一）下午交易结

束后，在中国证券登记结算有限责任公司上海分公司登记在册的公司全体股东及股东代理人；本公司董事、监事及高级管理人员；本公司聘请的律师。

会议议程：

一、主持人宣布会议开始、介绍会议出席情况，并宣布股东大会会议须知。

二、审议会议议题：

1、审议《2016年度董事会工作报告》的议案；

2、审议《2016年度监事会工作报告》的议案；

3、审议《2016年度财务决算报告》的议案；

4、审议《2016年年度报告》及摘要的议案；

5、审议《2016年度利润分配议案》；

6、审议《关于续聘会计师事务所的议案》。

三、听取《独立董事2016年度述职报告》。

四、股东及股东授权代表发言，公司董事及高管人员回答相关问 题。

五、推举股东大会监票人、计票人。

六、股东对股东大会议案进行表决。

七、统计现场股东表决票数，宣布表决结果。

八、休会，等待网络投票结果，下午4点复会。

九、宣布网络投票结果和网络+现场投票统计结果。

十、宣布2016年年度股东大会决议。

十一、律师对2016年年度股东大会程序及议案表决结果进行现场见证。

十二、参会董事及董事会秘书等对会议有关决议、纪要、会议记录等签字确认。

十三、主持人宣布201……
[点击查看PDF原文]
提示：本网不保证其真实性和客观性，一切有关该股的有效信息，以交易所的公告为准，敬请投资者注意风险。
展开阅读全文"
为什么跌停了人气都这么低………………,"https://guba.eastmoney.com/news,600265,605653240.html",2017-02-10 15:11:36,为什么跌停了人气都这么低………………
景谷完了，工新成摘帽第一股[鼓掌],"https://guba.eastmoney.com/news,600265,604320764.html",2017-02-09 08:45:43,景谷完了，工新成摘帽第一股
守着呗 尽看大散表演,"https://guba.eastmoney.com/news,600265,605378533.html",2017-02-10 10:55:57,守着呗 尽看大散表演
跌停板,"https://guba.eastmoney.com/news,600265,605281981.html",2017-02-10 09:18:40,跌停板
怎么没有复牌公告？,"https://guba.eastmoney.com/news,600265,604797826.html",2017-02-09 21:40:21,怎么没有复牌公告？
明天一字，停牌[拜神][拜神][拜神],"https://guba.eastmoney.com/news,600265,604694422.html",2017-02-09 19:57:08,明天一字，停牌
预期落空，该怎么走就怎么走！,"https://guba.eastmoney.com/news,600265,604684183.html",2017-02-09 19:33:02,预期落空，该怎么走就怎么走！
只是去星，还是ST,"https://guba.eastmoney.com/news,600265,604106055.html",2017-02-08 22:13:24,大垃圾！
同意摘“星”不同意摘“帽”这是几个意思？,"https://guba.eastmoney.com/news,600265,604335259.html",2017-02-09 09:15:22,同意摘“星”不同意摘“帽”这是几个意思？
600265:*ST景谷关于公司股票撤销退市风险警示及实施其他风险警示的公告,"https://guba.eastmoney.com/news,600265,604094919.html",2017-02-08 21:12:06,"公告日期：2017-02-09
证券代码：600265 证券简称：*ST景谷 公告编号：2017-015

云南景谷林业股份有限公司关于公司股票

撤销退市风险警示及实施其他风险警示的公告本公司董事会及全体董事保证本公告内容不存在任何虚假记载、误导性陈述或者重大遗漏，并对其内容的真实性、准确性和完整性承担个别及连带责任

重要内容提示：

● 撤销退市风险警示及实施其他风险警示的起始日：2017年2

月10日。

● 撤销退市风险警示及实施其他风险警示后的股票简称、股票

代码、股票价格的日涨跌幅限制：公司股票撤销退市风险警示及实施其他风险警示后，证券简称由“*ST景谷”变更为“ST景谷”，股票代码“600265”不变，股票交易的日涨跌幅限制仍为5%。

一、股票种类、简称、代码以及撤销风险警示及实施其他风险警示的起始日

（一）股票种类与简称：

A股股票简称由“*ST景谷”变更为“ST景谷”；

（二）股票代码“600265”不变；

（三）撤销退市风险警示及实施其他风险警示的起始日：2017年2月10日。

二、股票撤销退市风险警示的情况

云南景谷林业股份有限公司（以下简称“公司”）因2015年净利

润为负值、2014 年净利润为负值，公司已经连续两年亏损，同时公

司2015年年末净资产为负值。2015年公司净利润指标及净资产指标

同时为负值依据《上海证券交易所股票上市规则》的有关规定，公司股票自2016年5月3日，被上海证券交易所实施“退市风险警示”。 根据信永中和会计师事务所（特殊普通合伙）出具的2016年度标准无保留意见的审计报告（编号：XYZH/2017KMA20002）：截至2016年12月31日，归属于上市公司股东的净资产为2,028.96万元，归属于上市公司股东的净利润为3,467.78万元，2016年度实现营业收入7,071.83万元。公司2016年年度报告已经公司第五届董事会第七次会议审议通过，并于2017年1月25日予以披露。

根据《上海证券交易所股票上市规则》13.2.1条相关规定，对照

公司2016年年度报告经审计的净利润、净资产、营业收入等指标均

不触及退市风险，也不触及其他“退市风险警示”的情形，符合申请撤销股票退市风险警示的条件，公司已向上海证券交易所提出了撤销对公司股票实施退市风险警示的申请。上海证券交易所亦于2017年2月8日同意撤销对公司股票实施的“退市风险警示”。

三、股票实施其他风险警示的情况

2012年6 月，公司一、二、三车间陆续停产，2012年9月25

日，公司四、五、六车间停产，触及《上海证券交易所股票上市规则》第13.3.1条“(二)生产经营活动受到严重影响且预计在三个月内不能恢复正常”规定的实施其他风险警示的情形，公司股票自2012年

9月27日起被上海证券交易所实施“其他风险警示”。

目前原停产的六个生产车间运营情况如下：一车间对外实施经营租赁；二、三车间尚处于暂时性停产状态；四、五车间已恢复生产，经营情况逐步好转；六车间属于淘汰产能，已于2015年做固定资产报废处理。

鉴于2016年度实现营业收入7,071.83万元，仍低于过往年度营

业收入水平，前次触及《上海证券交易所股票上市规则》第 13.3.1

条“(二)生产经营活动受到严重影响且预计在三个月内不能恢复正常”的情形尚未完全消除，上海证券交易所于2017年2月8日决定对公司股票继续实施“其他风险警示”。

四、撤销退市风险警示及实施其他风险警的有关提示

根据《上海证券交易所股票上市规则》13.2.21 条的规定，公司

股票于2017年2月9日停牌一天，2月10日起撤销退市风险警示及

继续实施其他风险警示，股票简称“*ST景谷”变更为“ST景谷”，

交易日涨跌幅限制仍为5%，股票代码“600265”不变。

五、需要提醒投资者重点关注的事项

2016 年度，公司虽然实现盈利，但公司仍存在主营业务盈利能

力偏弱的风险。公司指定信息披露媒体为《中国证券报》及上海证券交易所网站www.sse.com.cn，敬请广大投资者理性投资，注意风险。特此公告。

云南景谷林业股份有限公司董事会

二〇一七年二月九日


[点击查看PDF原文]
提示：本网不保证其真实性和客观性，一切有关该股的有效信息，以交易所的公告为准，敬请投资者注意风险。
展开阅读全文"
600265:*ST景谷股票停牌提示性公告,"https://guba.eastmoney.com/news,600265,604094949.html",2017-02-08 21:12:16,"公告日期：2017-02-09
证券代码：600265 证券简称：*ST景谷 公告编号：2017-016

云南景谷林业股份有限公司

股票停牌提示性公告

本公司董事会及全体董事保证本公告内容不存在任何虚假记载、误导性陈述或者重大遗漏，并对其内容的真实性、准确性和完整性承担个别及连带责任。

云南景谷林业股份有限公司（以下简称“公司”）于2017年1月

25日根据《上海证券交易所股票上市规则（2014年修订）》（以下简

称“《股票上市规则》”）的有关规定向上海证券交易所提交了撤销对公司股票实施退市风险警示及其他风险警示的申请（详见公司 2017年1月25日在上海证券交易所网站http://www.sse.com.cn和《中国证券报》披露的《关于申请撤销退市风险警示及其他风险警示的公告》，公告编号：2017-009）。

2017年2月8日，上海证券交易所同意撤销对公司股票实施退

市风险警示，并对公司股票继续实施其他风险警示。根据《股票上市规则》13.2.21条的规定，公司股票于2017年2月9日停牌一天，于2017年2月10日起复牌并撤销退市风险警示及实施其他风险警示。公司股票复牌后，股票简称“*ST 景谷”变更为“ST 景谷”，股票代码“600265”不变，公司股票价格的日涨跌幅限制仍为5%。

特此公告。

云南景谷林业股份有限公司董事会

二〇一七年二月九日


[点击查看PDF原文]
提示：本网不保证其真实性和客观性，一切有关该股的有效信息，以交易所的公告为准，敬请投资者注意风险。"
*ST景谷：将撤销退市风险警示 9日停牌一天,"https://guba.eastmoney.com/news,600265,604096939.html",2017-02-08 21:23:12,"来源：证券时报 
　　*ST景谷 (600265)2月8日晚间公告，上交所同意撤销对公司股票实施退市风险警示，并对公司股票继续实施其他风险警示。根据规定，公司股票于2月9日停牌一天，2月10日复牌并撤销退市风险警示及实施其他风险警示。复牌后，股票简称变更为“ST景谷”。 
（来源：证券时报 2017-02-08 21:22） [点击查看原文]"
请问大神一个问题，净资产不足 1元，能摘掉绿帽子吗？,"https://guba.eastmoney.com/news,600265,595039336.html",2017-01-25 22:37:28,请问大神一个问题，净资产不足 1元，能摘掉绿帽子吗？
就只停牌一天？只是摘星？还是St？还是涨跌幅5个点？太失望了！,"https://guba.eastmoney.com/news,600265,604097464.html",2017-02-08 21:25:59,就只停牌一天？只是摘星？还是St？还是涨跌幅5个点？太失望了！
停牌了,"https://guba.eastmoney.com/news,600265,604094384.html",2017-02-08 21:09:15,上交所 网站 公告已出
坐等[鼓掌][鼓掌][鼓掌][鼓掌][鼓掌],"https://guba.eastmoney.com/news,600265,603833094.html",2017-02-08 13:33:09,坐等
先拿一些试试,"https://guba.eastmoney.com/news,600265,603737221.html",2017-02-08 11:18:11,怎么样？
骑着“海马”上青天 欲与红日肩并肩 今天你对我爱搭不理 明天我让你高攀不起 海马汽车－－共享汽车龙头的机会,"https://guba.eastmoney.com/news,600265,602077702.html",2017-02-06 19:32:48,"骑着“海马”上青天 欲与红日肩并肩 今天你对我爱搭不理 明天我让你高攀不起 海马汽车－－共享汽车龙头的机会
与易金鑫金融共享汽车交易金额近二十亿,重点关注共享汽车龙头……海马汽车000572 动物逻辑类的最低价股票 潜力最大
海马汽车在汽车股中一比较明显是白菜股，共享汽车龙头必从海马开始炒作，最低价会到9元以上 
注意 千万不要融资炒股 因为被套每天要付利息 心理压力 会加大风险"
600265:*ST景谷关于申请撤销退市风险警示及其他风险警示的公告,"https://guba.eastmoney.com/news,600265,594490948.html",2017-01-24 19:45:35,"公告日期：2017-01-25
证券代码：600265 证券简称：*ST景谷 公告编号：2017-009

云南景谷林业股份有限公司

关于申请撤销退市风险警示及其他风险警示的公告本公司董事会及全体董事保证本公告内容不存在任何虚假记载、误导性陈述或者重大遗漏，并对其内容的真实性、准确性和完整性承担个别及连带责任。

重要内容提示：

公司股票交易能否被撤销退市风险警示及其他风险警示，尚需上

海证券交易所的审核同意。敬请投资者注意投资风险。

一、公司股票被实施退市风险警示的说明

因2015年净利润为负值、2014年净利润为负值，公司已经连续

两年亏损，同时公司2015年年末净资产为负值。2015年公司净利润

指标及净资产指标同时为负值，已经触及上海证券交易所《股票上市规则》实施退市风险警示的相关规定，公司股票于2016年5月3日起被实施退市风险警示。

二、公司股票被实施其他风险警示的说明

2012年6月，公司一、二、三车间陆续停产，2012年9月25

日，公司四、五、六车间停产。因存在《上海证券交易所股票上市规则》第13.3.1条“(二)生产经营活动受到严重影响且预计在三个月

内不能恢复正常”规定的实施其他风险警示的情形，公司股票自2012

年9月27日起被实施“其他风险警示”。

三、公司申请撤销退市风险警示及其他风险警示的说明

经公司2016年度财务会计报告经信永中和会计师事务所（特殊

普通合伙）审计，并出具了标准无保留意见的审计报告

（XYZH/2017KMA20002号），公司2016年度实现归属于上市公司股东

的净利润34,677,783.46元，截至2016年12月31日归属于上市公

司股东的净资产为20,289,599.71元。公司不存在财务会计报告存在

重大会计差错或者虚假记载，被中国证监会责令改正的情形；不存在可能被解散的情形；不存在重整、和解或者破产清算的情形和股权分布不具备上市条件的情形。

公司对照《上海证券交易所股票上市规则》第13.2.1条关于退

市风险警示进行了逐项排除。经过排查，公司2016年度报告经审计

的净利润和净资产指标涉及退市风险警示的情形已消除，也不触及其他退市风险警示的情形。根据《上海证券交易所股票上市规则》的相关规定及公司2016年度经营情况，公司符合申请撤销股票退市风险警示的条件。

公司已采取多项措施提高经营水平。财务报告显示，公司的各财务指标逐渐恢复正常，公司的盈利能力、偿债能力都大幅提升，财务状况逐渐改善。公司在2012年被实施“其他风险警示”的情形已通过复产或其他替代形式而消除，原停产的六个生产车间目前运营情况如下：一车间通过对外实施经营租赁、年租金足以覆盖该部分固定资产的折旧；二车间尚处于暂时性停产状态，但公司林板业务已新增单板旋切产能5万方，新增产能已基本填补原二车间暂时停产所造成的产能缺口；三车间尚处于暂时性停产状态，但是该车间所涉及的林化业务已经通过松香贸易方式重新启动；四、五车间已经恢复生产且经营情况和盈利能力日趋好转，四、五车间2011年度和2012年度分别实现营业收入4546.40万元和5380.30万元，2016年度实现营业收入6426.27万元，同比分别增长41.3%和19.4%；2011年度和2012年度分别实现毛利率-1.38%和-15%，2016年实现毛利率7.35%，盈利水平大幅提升。六车间属于淘汰产能，已于2015年做固定资产报废处理。因此，公司的生产经营活动已恢复正常。

公司对照《上海证券交易所股票上市规则》第13.2.2条关于其

他风险警示进行了逐项排除。经过排查，公司“生产经营活动受到严重影响且预计在三个月内不能恢复正常”涉及其他风险警示的情形已消除，也不触及其他风险警示的其他情形。根据《上海证券交易所股票上市规则》的相关规定，公司符合申请撤销股票其他风险警示的条件。

鉴于上述原因，公司拟于2017年1月24日向上海证券交易所

申请撤销退市风险警示及其他风险警示。上海证券交易所将于收到公司申请后，根据实际情况，决定是否撤销对本公司实施的退市风险警示及其他风险警示。在上海证券交易所审核期间，公司不申请股票停牌，公司股票正常交易。

四、其他风险提示

上海证券交易所将在收到公司申请之后，根据实际情况决定是否撤销对公司股票实施的其他风险警示。公司将根据该申请事项的进展情况及时履行信息披露义务。敬请广大投……
[点击查看PDF原文]
提示：本网不保证其真实性和客观性，一切有关该股的有效信息，以交易所的公告为准，敬请投资者注意风险。
展开阅读全文"
明天停牌一天摘帽，抓紧时间前来购买,"https://guba.eastmoney.com/news,600265,602804530.html",2017-02-07 13:45:42,明天停牌一天摘帽，抓紧时间前来购买
*ST景谷：二股东磁晅沛曈质押所持公司五成股份,"https://guba.eastmoney.com/news,600265,602167741.html",2017-02-06 21:57:26,"来源：证券时报网 
　　*ST景谷(600265)2月6日晚间公告，二股东磁晅沛曈于1月26日将持有的公司1138万股无限售流通股质押给三花控股集团，占公司总股本的8.77%。截至目前，其累计质押的股票数占所持有公司股份总数的50.09%。值得注意的是，磁晅沛曈刚刚完成公司17.51%股权的受让。2月4日，*ST景谷原二股东宏巨集团才将所持股权过户至磁晅沛曈。 
　　
（来源：证券时报网 2017-02-06 21:56） [点击查看原文]"
当天过户，就办理质押，明显是没有实力的主。,"https://guba.eastmoney.com/news,600265,602092478.html",2017-02-06 19:55:57,当天过户，就办理质押，明显是没有实力的主。
St景谷的重组之路,"https://guba.eastmoney.com/news,600265,601245699.html",2017-02-05 14:36:41,"St景谷的重组之路2017年1月26日
1.主要从事林化产品加工和人造板制造、森林资源培育、木 材采运、加工及林业技术研发。
2.负债现在还有3.12个亿。债务减免：一是与农业银行景谷县支行签 订《贷款减免协议》，减免利息 1,490 万元；二是西藏信托公司给予减免约 2,960 万元贷款利息； 三是景谷县财政局给予减免借款 1,740 万元。债务的减免算作营业外收入。
3.重庆小康16年收入100亿，净利3.9个亿。已经成功ipo了，那么花这么大的成本来买入景谷，是为什么呢？
4.磁晅沛曈7.57亿受让广东宏巨持有的公司17.51%股份，成为公司第二大股东。转让价格（33.30元）
5.个人观点，债务已经豁免，估计是要重组了。现在才34.7怕什么。"
挖个金坑再停牌,"https://guba.eastmoney.com/news,600265,601786859.html",2017-02-06 13:20:20,挖个金坑再停牌
现在在买入，是不是风险太高[拜神][拜神][拜神],"https://guba.eastmoney.com/news,600265,601582091.html",2017-02-06 10:04:06,现在在买入，是不是风险太高
易果生鲜CEO张晔宣布，易果将由原来的生鲜垂直电商正式转型为新一代全链条生鲜运营,"https://guba.eastmoney.com/news,600265,593837744.html",2017-01-23 22:20:26,易果生鲜CEO张晔宣布，易果将由原来的生鲜垂直电商正式转型为新一代全链条生鲜运营平台。此外，由易果独家运营的天猫超市生鲜区将从纯购销转型到购销 联营模式
说好的板了，板个锤子,"https://guba.eastmoney.com/news,600265,593466961.html",2017-01-23 09:53:35,说好的板了，板个锤子
st景谷出公告了，看看底牌是不是360，终于等到你，还好又潜伏进来了，感觉有大肉,"https://guba.eastmoney.com/news,600265,593071332.html",2017-01-22 14:39:34,st景谷出公告了，看看底牌是不是360，终于等到你，还好又潜伏进来了，感觉有大肉啊，炒股有逻辑，赚钱真舒服
600265:*ST景谷简式权益变动报告书(1),"https://guba.eastmoney.com/news,600265,593065543.html",2017-01-22 14:16:37,"公告日期：2017-01-23
 云南景谷林业股份有限公司

简式权益变动报告书

上市公司名称：云南景谷林业股份有限公司

股票上市地点：上海证券交易所

股票简称：*ST景谷

股票代码：600265

信息披露义务人：杭州磁晅沛曈投资管理合伙企业（有限合伙）

通讯地址：杭州市余杭区仓前街道景兴路999号6号楼209-1-250室

股权变动性质：股份增加

本报告书签署日期：2017年01月20日

信息披露义务人声明

一、信息披露义务人依据《中华人民共和国证券法》（以下简称《证券法》）、《上市公司收购管理办法》（以下简称《收购管理办法》）、《公开发行证券的公司信息披露内容与格式准则第15号--权益变动报告书》及相关的法律、法规和规范性文件编制。

二、信息披露义务人签署本权益变动报告书已获得必要的授权和批准。

三、依据《证券法》、《收购管理办法》的规定，本报告书已全面披露了信息披露义务人所持有*ST景谷中拥有权益的股份及变动情况；截至本报告书签署之日，除本报告书披露的信息外，上述信息披露义务人没有通过任何其他方式增加或减少其在*ST景谷中拥有权益的股份。

四、本次权益变动是根据本报告书所载明的资料进行的。除本信息披露义务人外，没有委托或者授权其它任何人提供未在本报告书列载的信息和对本报告书做出任何解释或者说明。

目录

信息披露义务声明......2

第一节 释义......4

第二节 信息披露义务人介绍......5

第三节 权益变动目的及持股计划......6

第四节 权益变动方式......6

第五节 前六个月内买卖上市交易股份的情况......7

第六节 其他重大事项......7

第七节 备查文件......8

附表：简式权益变动报告......9

第一节 释义

除非特别说明，以下简称在本报告书中具有如下含义：

释义项 指 释义内容

上市公司/*ST景谷 指 云南景谷林业股份有限公司

信息披露义务人/本公司

指 杭州磁晅沛曈投资管理合伙企业（有限合伙）

/磁晅沛曈

云南景谷林业股份有限公司简式权益变动报告

本报告书 指

书

宏巨集团 指 广东宏巨投资集团有限公司

元 指 人民币元

第二节 信息披露义务人介绍

一、本次权益变动信息披露义务人基本情况

名称：杭州磁晅沛曈投资管理合伙企业（有限合伙）

住所及通讯地址：杭州市余杭区仓前街道景兴路999号6号楼209-1-250

室

出资总额：25,010万元

企业类型：有限合伙企业

统一社会信用代码/注册号：91330110MA27X7MX65

执行事务合伙人：杭州磁晅嘉向投资管理有限公司

经营范围：服务：投资管理、投资咨询（除证券、期货）（未经金融等监管部门批准，不得从事向公众融资存款、融资担保、代客理财等金融服务）。（依法须经批准的项目，经相关部门批准后方可开展经营活动）

成立日期：2016年03月30日

合伙期限至：长期

截至本报告书签署之日，杭州磁晅沛曈投资管理合伙企业（有限合伙），由 4

名合伙人共同以人民币现金出资设立，其中包含普通合伙人1名，有限合伙人3

名。

截至本公告日，磁晅沛曈的出资额构成情况如下（见表格及图示）：

序 认缴出资额 出资比例

合伙人名称 ……
[点击查看PDF原文]
提示：本网不保证其真实性和客观性，一切有关该股的有效信息，以交易所的公告为准，敬请投资者注意风险。
展开阅读全文"
咦，怎么不见基因狗瞎逼逼了。,"https://guba.eastmoney.com/news,600265,409476358.html",2016-05-31 13:36:53,咦，怎么不见基因狗瞎逼逼了。
今天怎么反应不大,"https://guba.eastmoney.com/news,600265,411071678.html",2016-06-01 09:58:38,今天怎么反应不大
ST 太高价了。补跌。建议卖出,"https://guba.eastmoney.com/news,600265,243369089.html",2016-01-18 13:17:22,ST。太高价了，重组透支了，补跌，建议卖出
600265:*ST景谷关于股票暂停上市的第二次风险提示公告,"https://guba.eastmoney.com/news,600265,590127867.html",2017-01-17 16:38:54,"公告日期：2017-01-18
证券代码：600265 证券简称：*ST景谷 公告编号：2017-003

云南景谷林业股份有限公司

关于股票暂停上市的第二次风险提示公告

本公司董事会及全体董事保证本公告内容不存在任何虚假记载、误导性陈述或者重大遗漏，并对其内容的真实性、准确性和完整性承担个别及连带责任。

重要内容提示：依据《上海证券交易所股票上市规则》的规定，本公司股票可能被上海证券交易所暂停上市，请广大投资者注意投资风险。

一、 可能被暂停上市的原因

云南景谷林业股份有限公司（以下简称“公司”）由于2014年、

2015年连续两个会计年度净利润为负值，且公司2015年年末净资产

为负值，上海证券交易所已根据《股票上市规则》自2016年5月3

日起对公司股票实施退市风险警示。

根据《上海证券交易所股票上市规则》14.1.1 条第（一）款的

规定，若公司2016年度经审计的净利润继续为负值或净资产继续为

负值，上海证券交易所可能暂停公司股票上市。

二、 公司股票停牌及暂停上市决定

若公司2016年度经审计的净利润仍为负值或净资产继续为负值，

根据《上海证券交易所股票上市规则》第14.1.3条的规定，公司股

票将自2016年年度报告披露日起开始停牌。上海证券交易所在停牌

起始日后15个交易日内作出是否暂停公司股票上市的决定。

三、 历次暂停上市风险提示公告的披露情况

公司2017年1月12日于《中国证券报》和上海证券交易所网站

（www.sse.com.cn）发布了《关于股票暂停上市的第一次风险提示公告》（公告编号：2017-001）。

四、 其他事项

公司拟于近期发布2016年度业绩预告，公司2016年度经营业绩

的具体数据将在2016年年度报告中详细披露。公司指定信息披露媒

体为《中国证券报》和上海证券交易所网站（www.sse.com.cn），有关公司的信息均以在上述指定媒体刊登的信息为准。敬请广大投资者关注公司后续公告，注意投资风险。

特此公告。

云南景谷林业股份有限公司董事会

二○一七年一月十八日


[点击查看PDF原文]
提示：本网不保证其真实性和客观性，一切有关该股的有效信息，以交易所的公告为准，敬请投资者注意风险。
展开阅读全文"
石浅水潺湲,"https://guba.eastmoney.com/news,600265,418805541.html",2016-06-13 15:59:26,石浅水潺湲
这时候st股的优势就来了，5％,"https://guba.eastmoney.com/news,600265,588634505.html",2017-01-16 15:31:28,这时候st股的优势就来了，5％
完了又开始跌了受不了,"https://guba.eastmoney.com/news,600265,418342029.html",2016-06-13 03:28:17,完了又开始跌了受不了
仅剩3天，大概率360虎壳，600462，九有股份，远超四川双马神一般的存在！,"https://guba.eastmoney.com/news,600265,588272449.html",2017-01-15 08:39:50,随时停牌，与时间赛跑，请大家拭目以待。
今天我第一次发帖我知道景谷很寂寞，但是我就简单的说几句。景谷林业年年亏损的主要原,"https://guba.eastmoney.com/news,600265,397535480.html",2016-05-20 23:30:46,今天我第一次发帖我知道景谷很寂寞，但是我就简单的说几句。景谷林业年年亏损的主要原因是人的因素，没有战略方针，可以说是端着金饭碗要饭的企业，什么是金饭碗呢？就是公司的50多万亩林地，第一这可以向环保部申请碳汇款，应该几百万不止，第二可以搞林下养殖，比如养生态猪，生态鸡。把养殖的全过程放到网上，向全世界推销，林地有丰富的林下资源，木耳蘑菇等等食用菌名贵草药。这都是不用砍伐树木的朝阳产业。结合普洱茶的渠道优势推向全国。不管怎么说今年扭亏不成问题，看看武钢都养猪了，我们搞林业的更有先天优势。所以我看好景谷林前途无量，这大概也是小康不惜代价收购景谷林业股份的想法吧！问A股那家企业有这么多资源？又有谁市值这么低的。我发表这个帖子可能会引来很多散户，但是不用怕已经没有太多流动筹码了，抢抢更好，到7月8日就不用低价转让股份了，景谷保底价应该是45元。这个价位下绝对安全。
重要的事还有一件,"https://guba.eastmoney.com/news,600265,450074067.html",2016-07-16 06:33:25,重要的事还有一件
修水县,"https://guba.eastmoney.com/news,600265,555627435.html",2016-09-29 11:03:43,修水县
真逗，都这个时候还玩这个,"https://guba.eastmoney.com/news,600265,478383049.html",2016-07-25 11:26:41,逗逼
完了，完了。我全部的家当啊。这年还咋过啊。。,"https://guba.eastmoney.com/news,600265,587771849.html",2017-01-13 08:25:48,完了，完了。我全部的家当啊。这年还咋过啊。。
有没有卖的，赶快,"https://guba.eastmoney.com/news,600265,587788394.html",2017-01-13 09:28:29,有没有卖的，赶快
ST沧大600230主营TDl产品十月份暴涨，成本13000出厂价格27000，,"https://guba.eastmoney.com/news,600265,587636298.html",2017-01-12 17:51:39,ST沧大600230主营TDl产品十月份暴涨，成本13000出厂价格27000，年产能15万吨。3亿总股本可以净赚20亿，一月年报预增，3月7日年报摘帽行情暴发。新进主力成本20元跨年度行情已经开始，动态市盈率看十倍目标60元，十五倍市盈率就到90元
不要上当，诱多,"https://guba.eastmoney.com/news,600265,587433899.html",2017-01-12 10:16:07,不要上当，诱多
重组预期尚未明朗 *ST景谷股价创历史新高,"https://guba.eastmoney.com/news,600265,587419675.html",2017-01-12 09:54:08,*ST景谷(600265)最近虽然面临二股东巨量减持计划压力，但伴随着强烈的脱星摘帽预期，公司股价也在1月11日盘中创下历史新高，已成为ST板块中的第一高价股。
大盘直奔3000,"https://guba.eastmoney.com/news,600265,587184075.html",2017-01-11 14:55:10,大盘直奔3000
军用量子通信等高新技术龙头:航天通信600677必,"https://guba.eastmoney.com/news,600265,587117268.html",2017-01-11 12:58:28,基本面大改善、脱帽预期强烈、实质流通盘仅仅一
上证春节红包涨势初期，大胆干大胆买，别碰强势,"https://guba.eastmoney.com/news,600265,586957969.html",2017-01-11 02:27:08,央视正在筹建中国国际电视台CGTN
关于*ST景谷股份有限公司的监管工作函,"https://guba.eastmoney.com/news,600265,786348564.html",2017-01-09 00:00:00,"公告日期：2017-01-09
标题：关于*ST景谷股份有限公司的监管工作函 
证券代码：600265 
证券简称：*ST景谷 
监管类型：监管工作函 
涉及对象：上市公司 
处分日期：2017-01-09 14:08:57 
处理事由：督促公司及时披露业绩预告和风险提示公告 


[点击查看PDF原文]
提示：本网不保证其真实性和客观性，一切有关该股的有效信息，以交易所的公告为准，敬请投资者注意风险。"
散户在创业板撑起了帅旗？祝你成功，虽然我知道,"https://guba.eastmoney.com/news,600265,586091343.html",2017-01-07 13:30:39,创业板轿子里人还是太多
为什么最近都没有大宗交易了？,"https://guba.eastmoney.com/news,600265,585709520.html",2017-01-06 09:19:51,为什么最近都没有大宗交易了？
今天不跑的，明天闷杀,"https://guba.eastmoney.com/news,600265,584897643.html",2017-01-03 19:05:52,今天不跑的，明天闷杀
出货？？？？,"https://guba.eastmoney.com/news,600265,585470616.html",2017-01-05 13:46:28,出货？？？？
想出货，就拉升，下面没接盘的,"https://guba.eastmoney.com/news,600265,585078875.html",2017-01-04 11:23:20,想出货，就拉升，下面没接盘的
ST沧化3月7日年报摘帽，主营产品TDl成本12000元出厂价格涨到26000元,"https://guba.eastmoney.com/news,600265,584902183.html",2017-01-03 19:23:22,"ST沧化3月7日年报摘帽，主营产品TDl成本12000元出厂价格涨到26000元。目前每一天净赚500万元以上，1?月1日－3日就净赚1500万元，相当于一家A股上市公司整年的业绩。 还搏什么重组，什么借壳，不就是为了业绩增长吗? 现成的沧州大化17年5倍市盈率不炒？还炒什么股票
今天TDl价格回稳"
快跑啊,"https://guba.eastmoney.com/news,600265,584806732.html",2017-01-03 14:27:00,快跑啊
鞍钢核电用钢乘“华龙一号”走出国门,"https://guba.eastmoney.com/news,600265,584615522.html",2017-01-02 22:22:49,钱经 = 始终低买高卖得利：始?终?低?高?利?
股价平台调整数日时则予以立即抛出，也可第二天冲高抛出,"https://guba.eastmoney.com/news,600265,584565704.html",2017-01-02 18:10:04,我现在是一边在股市上亏钱，一边努力在工作中赚钱
又提养老金这可是重大利空啊！ (2),"https://guba.eastmoney.com/news,600265,584552756.html",2017-01-02 17:11:12,又提养老金这可是重大利空啊！
强烈建议养老金不要入市，那么点进来都不够一周解禁市值,"https://guba.eastmoney.com/news,600265,584078463.html",2016-12-30 10:48:34,强烈建议养老金不要入市，那么点进来都不够一周解禁市值
今天没有大宗？,"https://guba.eastmoney.com/news,600265,582877269.html",2016-12-26 20:06:11,今天没有大宗？
