标题,链接,发布时间,内容
就爱这口,"https://guba.eastmoney.com/news,600238,970254756.html",2020-10-12 23:07:17,就爱这口
椰岛吧里利好频传，这说明ST椰岛离退市已经不远了,"https://guba.eastmoney.com/news,600238,970220172.html",2020-10-12 19:54:53,椰岛吧里利好频传，这说明ST椰岛离退市已经不远了
肯定搞免税店,"https://guba.eastmoney.com/news,600238,970064106.html",2020-10-12 10:46:47,肯定搞免税店
椰岛白酒，口感不错,"https://guba.eastmoney.com/news,600238,970213329.html",2020-10-12 19:05:20,椰岛白酒，口感不错
ST椰岛：主力资金净流入290，净占比0.01%（10-12）,"https://guba.eastmoney.com/news,600238,970180263.html",2020-10-12 15:47:44,"ST椰岛2020年10月12日收报4.61元，涨跌幅1.77%，换手率0.24%。当日该股主力资金流入21.42万元，流出21.39万元，主力净流入290元。当日散户资金流入448.31万元，流出448.34万元，散户净流出291元。资金流向分布情况如下图：


ST椰岛近五日主力资金、超大单资金流向情况如下表：
数据来源：东方财富Choice数据
ST椰岛今日主力资金流向两市排名2398/4042，近五日内该股主力资金总体呈流出状态，五日共净流出200.84万元。
数据来源：东方财富Choice数据
【注】CHOICE资金流向指标定义：
超大单：大于等于50万股或者100万元的成交单
大单：大于等于10万股或者20万元且小于50万股和100万元的成交单
中单：大于等于2万股或者4万元且小于10万股和20万元的成交单
小单：小于2万股和4万元的成交单
主力流入：超大单加大单买入成交额之和
散户净流入：中单加小单买入成交额之和
净占比=(流入-流出)/总成交额
免责声明：本文基于大数据生产，仅供参考，不构成任何投资建议，据此操作风险自担。


展开阅读全文"
椰岛酒,"https://guba.eastmoney.com/news,600238,970140108.html",2020-10-12 14:13:17,椰岛酒
椰岛酒厂，好,"https://guba.eastmoney.com/news,600238,969970478.html",2020-10-11 20:41:00,椰岛酒厂，好
快讯｜ST椰岛：要积极与国际知名白兰地、威士忌、利口酒等洋酒品牌合作,"https://guba.eastmoney.com/news,600238,969773893.html",2020-10-09 16:07:26,"财经网产经讯 10月9日下午，ST椰岛官方公众号发布《椰岛集团第四季度开工寄语》。
财经网产经注意到，在这篇推送中，董事长冯彪提到，今年下半年公司加大了聚焦酒业和食品饮料的力度，有计划有步骤地收缩战线，把房地产、体彩、赛马等板块逐渐收缩，把主要资源都集中到酒业和食品饮料……牢牢地守住酒业和食品饮料两块主阵地。
未来公司一是做好酒业大文章，利用公司资源优势以及在行业内的影响力，积极主动与国际知名的白兰地、威士忌、利口酒等洋酒品牌进行全方位合作，赢得先机；二是突破食品饮料业务传统的发展思维，创新业务模式，引入国际知名品牌，利用海南丰富的物产资源强强合作，打开食品饮料发展的新局面。
图片来源：椰岛酒业公众号截图
(编辑：林辰)
（来源：财经网的财富号 2020-10-09 16:07） [点击查看原文]
#公司研究#"
中秋国庆快到了，也是送礼旺季，为什么看不到椰岛旗下品牌酒在直播上销售，是不是应该,"https://guba.eastmoney.com/news,600238,969773905.html",2020-10-09 15:59:55,"中秋国庆快到了，也是送礼旺季，为什么看不到椰岛旗下品牌酒在直播上销售，是不是应该跟上时代，减少亏损？ 
海南椰岛
ST椰岛：投资者您好：在线上，公司通过天猫、拼多多、苏宁易购等主要电商平台进行多场次的不定期直播抢购活动。在线下，公司亦举办了多场促销活动，采取多种方式与经销商、消费者进行互动营销。感谢您对公司的关注与支持。
(来自上证e互动)答复时间 2020-10-09 15:59:55"
ST椰岛：主力资金净流出13.82万，净占比-3.75%（10-09）,"https://guba.eastmoney.com/news,600238,969772304.html",2020-10-09 15:59:05,"ST椰岛2020年10月9日收报4.53元，涨跌幅0.00%，换手率0.18%。当日该股主力资金流入20.39万元，流出34.21万元，主力净流出13.82万元。当日散户资金流入338.08万元，流出324.25万元，散户净流入13.82万元。资金流向分布情况如下图：


ST椰岛近五日主力资金、超大单资金流向情况如下表：
数据来源：东方财富Choice数据
ST椰岛今日主力资金流向两市排名2434/4041，近五日内该股主力资金总体呈流出状态，五日共净流出225.15万元。
数据来源：东方财富Choice数据
【注】CHOICE资金流向指标定义：
超大单：大于等于50万股或者100万元的成交单
大单：大于等于10万股或者20万元且小于50万股和100万元的成交单
中单：大于等于2万股或者4万元且小于10万股和20万元的成交单
小单：小于2万股和4万元的成交单
主力流入：超大单加大单买入成交额之和
散户净流入：中单加小单买入成交额之和
净占比=(流入-流出)/总成交额
免责声明：本文基于大数据生产，仅供参考，不构成任何投资建议，据此操作风险自担。


展开阅读全文"
年底前 加大关注椰岛 个人观点,"https://guba.eastmoney.com/news,600238,969201375.html",2020-10-02 13:24:58,
这个下跌通道上轨好滑溜啊！操盘手画得一手好线！,"https://guba.eastmoney.com/news,600238,969758996.html",2020-10-09 15:07:55,这个下跌通道上轨好滑溜啊！操盘手画得一手好线！
海南椰岛变成今天这个样子，到底是谁的责任？,"https://guba.eastmoney.com/news,600238,969631973.html",2020-10-09 09:32:28,海南椰岛变成今天这个样子，到底是谁的责任？
全是钉子户，哪来的上百手卖单，简直就是扯蛋！,"https://guba.eastmoney.com/news,600238,969648851.html",2020-10-09 09:58:34,全是钉子户，哪来的上百手卖单，简直就是扯蛋！
海南要发展，必须做大做强国资,"https://guba.eastmoney.com/news,600238,969135745.html",2020-10-01 13:14:27,海南要发展，必须做大做强国资
ST椰岛：主力资金净流入9000，净占比0.21%（09-30）,"https://guba.eastmoney.com/news,600238,969054330.html",2020-09-30 16:39:34,"ST椰岛2020年9月30日收报4.53元，涨跌幅2.95%，换手率0.21%。当日该股主力资金流入9000元，流出0元，主力净流入9000元。当日散户资金流入418.27万元，流出419.17万元，散户净流出9000元。资金流向分布情况如下图：


ST椰岛近五日主力资金、超大单资金流向情况如下表：
数据来源：东方财富Choice数据
ST椰岛今日主力资金流向两市排名1272/4041，近五日内该股主力资金总体呈流出状态，五日共净流出214.68万元。
数据来源：东方财富Choice数据
【注】CHOICE资金流向指标定义：
超大单：大于等于50万股或者100万元的成交单
大单：大于等于10万股或者20万元且小于50万股和100万元的成交单
中单：大于等于2万股或者4万元且小于10万股和20万元的成交单
小单：小于2万股和4万元的成交单
主力流入：超大单加大单买入成交额之和
散户净流入：中单加小单买入成交额之和
净占比=(流入-流出)/总成交额
免责声明：本文基于大数据生产，仅供参考，不构成任何投资建议，据此操作风险自担。


展开阅读全文"
冯彪一幅贪相，又无能，拖累了椰岛,"https://guba.eastmoney.com/news,600238,969048715.html",2020-09-30 16:08:28,冯彪一幅贪相，又无能，拖累了椰岛
无语+奇了怪了！,"https://guba.eastmoney.com/news,600238,969037192.html",2020-09-30 15:26:16,"这几年，酒类及食品类股票牛气冲天，部分股价甚至早已超过6400点的史上最高位！但反观椰岛，一个全国知名的酒类品牌，却沦落到年年亏损甚至濒临退市、股价没有最低只有更低的地步，也是没谁了！公司实控人、大股东，充分地向大家展示了自己是如何的无能！！


但本人就奇了怪了，大股东实控人自己不会经营公司，难道连转给有实力、有能力搞好企业搞好产品的业内大咖（如茅五、老窖等），都不会吗？？何必老占着茅坑不拉，遭人唾弃的同时自己也套牢亏损、面上无光！
这样你好我好大家好，自己解套甚至赚钱走人，大咖得到心仪已久的保健酒品类，小散也能分口汤喝，皆大欢喜！！"
北大仓君妃酒是民企，,"https://guba.eastmoney.com/news,600238,969018771.html",2020-09-30 14:43:19,北大仓君妃酒是民企，
还是椰岛好。有涨有跌。,"https://guba.eastmoney.com/news,600238,969025804.html",2020-09-30 14:56:54,还是椰岛好。有涨有跌。
[图片],"https://guba.eastmoney.com/news,600238,968958034.html",2020-09-30 13:11:13,[图片]
大陆赛马网讯7月18日，海南上市公司海南椰岛在官网发布新闻，宣布与山西玉龙马业发,"https://guba.eastmoney.com/news,600238,968820219.html",2020-09-30 03:29:10,大陆赛马网讯 7月18日，海南上市公司海南椰岛在官网发布新闻，宣布与山西玉龙马业发展有限公司、游牧世界（北京）网络科技有限公司正式签订《投资协议书》，共同出资设立海南马世界文旅产业有限公司（其中海南椰岛占40%，出资4000万元，玉龙马业和游牧世界各占30%，各出资3000万元），主营文化、体育、旅游产业投资、场馆设施建设、运营及相关服务。
海南马世界合作伙伴玉龙马业才是专业养马的，罗牛山一个养猪的懂个锤子？椰岛还手握一,"https://guba.eastmoney.com/news,600238,968820370.html",2020-09-30 03:34:19,海南马世界合作伙伴玉龙马业才是专业养马的，罗牛山一个养猪的懂个锤子？椰岛还手握一张体彩执照，这个风口都涨不动，真的看不明白了！！！
北大仓君妃酒是酱香型白酒，茅台也是酱香型白酒。酱香型白酒可以做大做强。赶紧收购北,"https://guba.eastmoney.com/news,600238,968916936.html",2020-09-30 10:53:46,北大仓君妃酒是酱香型白酒，茅台也是酱香型白酒。酱香型白酒可以做大做强。赶紧收购北大仓君妃酒啊！
北大仓君妃酒为你报时,"https://guba.eastmoney.com/news,600238,968914892.html",2020-09-30 10:51:32,北大仓君妃酒为你报时
大过节的还来砸单，打算买棺材吗？,"https://guba.eastmoney.com/news,600238,968864463.html",2020-09-30 09:42:08,大过节的还来砸单，打算买棺材吗？
请问贵公司与游牧世界与山西玉龙马业公司一起投资的海南马世界文旅产业有没有在运作？,"https://guba.eastmoney.com/news,600238,954069320.html",2020-08-10 15:09:16,"请问贵公司与游牧世界与山西玉龙马业公司一起投资的海南马世界文旅产业有没有在运作？ 
海南椰岛
ST椰岛：投资者您好：该公司经营正常，暂无应披露而未披露事项。谢谢！
(来自上证e互动)答复时间 2020-08-10 15:09:16"
ST椰岛：主力资金连续4天净流出累计215.58万元（09-29）,"https://guba.eastmoney.com/news,600238,968742494.html",2020-09-29 15:52:08,"ST椰岛2020年9月29日收报4.4元，涨跌幅0.46%，换手率0.14%。当日该股主力资金流入0元，流出111.9万元，主力净流出111.9万元。其中，超大单流入0元，流出24.1万元，净流出24.1万元。当日散户资金流入251.92万元，流出140.02万元，散户净流入111.9万元。资金流向分布情况如下图：


ST椰岛近五日主力资金、超大单资金流向情况如下表：
数据来源：东方财富Choice数据
ST椰岛今日主力资金流向两市排名2580/4038，近五日内该股主力资金总体呈流出状态，五日共净流出215.58万元。
数据来源：东方财富Choice数据
【注】CHOICE资金流向指标定义：
超大单：大于等于50万股或者100万元的成交单
大单：大于等于10万股或者20万元且小于50万股和100万元的成交单
中单：大于等于2万股或者4万元且小于10万股和20万元的成交单
小单：小于2万股和4万元的成交单
主力流入：超大单加大单买入成交额之和
散户净流入：中单加小单买入成交额之和
净占比=(流入-流出)/总成交额
免责声明：本文基于大数据生产，仅供参考，不构成任何投资建议，据此操作风险自担。


展开阅读全文"
你不是说你有一个赛马小镇项目？你是随跌不随涨啊？酿酒起飞没你事，彩票概念没你事，,"https://guba.eastmoney.com/news,600238,968688516.html",2020-09-29 14:00:59,你不是说你有一个赛马小镇项目？你是随跌不随涨啊？酿酒起飞没你事，彩票概念没你事，现在赛马概念也没你啥事
还没被抓进去啊,"https://guba.eastmoney.com/news,600238,968589576.html",2020-09-29 10:05:59,还没被抓进去啊
我上车了。,"https://guba.eastmoney.com/news,600238,958225204.html",2020-08-24 14:45:34,我上车了。
北大仓君妃酒为你报时,"https://guba.eastmoney.com/news,600238,968620274.html",2020-09-29 10:52:01,北大仓君妃酒为你报时
干脆把黑龙江省的北大仓君妃酒收购了。北大仓君妃酒是酱香型白酒，前途广大，值得收购,"https://guba.eastmoney.com/news,600238,968610057.html",2020-09-29 10:35:44,干脆把黑龙江省的北大仓君妃酒收购了。北大仓君妃酒是酱香型白酒，前途广大，值得收购啊！
节日喜庆气氛的阴暗面,"https://guba.eastmoney.com/news,600238,968606895.html",2020-09-29 10:29:52,节日喜庆气氛的阴暗面
作死了,"https://guba.eastmoney.com/news,600238,968585913.html",2020-09-29 10:01:20,作死了
海口大曲真是难喝,"https://guba.eastmoney.com/news,600238,967807192.html",2020-09-25 11:38:38,海口大曲真是难喝
董秘您好，既然公司经营业绩这么差，为何不引进同行业优质公司来整合，或者增发并购一,"https://guba.eastmoney.com/news,600238,966913854.html",2020-09-22 20:02:13,董秘您好，既然公司经营业绩这么差，为何不引进同行业优质公司来整合，或者增发并购一些优质资产来改善上市公司的经营业绩。不要再搞什么跨业重组（前次和博克森重组夭折），亦或剥离一些不良资产，集中精力专注酒类、饮料等主业，开发出拳头产品、特色鲜明的主打海南风情来占领全国市场。在公司治理方面，要搞股权激励机制，和业绩及绩效考核挂钩，优胜劣汰。公司可通过聘请经理人制度进行改革，董事长就不要再逞能了，经过这么多年自己心里还没数吗？
太没人气了,"https://guba.eastmoney.com/news,600238,968434078.html",2020-09-28 16:19:39,太没人气了
ST椰岛：主力资金连续3天净流出累计103.68万元（09-28）,"https://guba.eastmoney.com/news,600238,968425739.html",2020-09-28 15:46:02,"ST椰岛2020年9月28日收报4.38元，涨跌幅-1.13%，换手率0.14%。当日该股主力资金流入0元，流出76.05万元，主力净流出76.05万元。其中，超大单流入0元，流出76.05万元，净流出76.05万元。当日散户资金流入270.04万元，流出193.99万元，散户净流入76.05万元。资金流向分布情况如下图：


ST椰岛近五日主力资金、超大单资金流向情况如下表：
数据来源：东方财富Choice数据
ST椰岛今日主力资金流向两市排名1566/4036，近五日内该股主力资金总体呈流出状态，五日共净流出103.72万元。
数据来源：东方财富Choice数据
【注】CHOICE资金流向指标定义：
超大单：大于等于50万股或者100万元的成交单
大单：大于等于10万股或者20万元且小于50万股和100万元的成交单
中单：大于等于2万股或者4万元且小于10万股和20万元的成交单
小单：小于2万股和4万元的成交单
主力流入：超大单加大单买入成交额之和
散户净流入：中单加小单买入成交额之和
净占比=(流入-流出)/总成交额
免责声明：本文基于大数据生产，仅供参考，不构成任何投资建议，据此操作风险自担。


展开阅读全文"
上星期出了3000手，今天又是4000手，哪个大佬退场了？,"https://guba.eastmoney.com/news,600238,968367273.html",2020-09-28 14:05:30,上星期出了3000手，今天又是4000手，哪个大佬退场了？
五块多的本，怎么搞啊,"https://guba.eastmoney.com/news,600238,967946388.html",2020-09-25 17:32:26,五块多的本，怎么搞啊
衡水老白干要入股吗,"https://guba.eastmoney.com/news,600238,967946275.html",2020-09-25 17:31:33,衡水老白干要入股吗
ST椰岛：主力资金净流出24.28万，净占比-4.95%（09-25）,"https://guba.eastmoney.com/news,600238,967922555.html",2020-09-25 15:45:10,"ST椰岛2020年9月25日收报4.43元，涨跌幅-0.89%，换手率0.25%。当日该股主力资金流入64.26万元，流出88.54万元，主力净流出24.28万元。其中，超大单流入0元，流出21.84万元，净流出21.84万元。当日散户资金流入422.51万元，流出398.23万元，散户净流入24.28万元。资金流向分布情况如下图：


ST椰岛近五日主力资金、超大单资金流向情况如下表：
数据来源：东方财富Choice数据
ST椰岛今日主力资金流向两市排名1254/4029，近五日内该股主力资金总体呈流出状态，五日共净流出23.63万元。
数据来源：东方财富Choice数据
【注】CHOICE资金流向指标定义：
超大单：大于等于50万股或者100万元的成交单
大单：大于等于10万股或者20万元且小于50万股和100万元的成交单
中单：大于等于2万股或者4万元且小于10万股和20万元的成交单
小单：小于2万股和4万元的成交单
主力流入：超大单加大单买入成交额之和
散户净流入：中单加小单买入成交额之和
净占比=(流入-流出)/总成交额
免责声明：本文基于大数据生产，仅供参考，不构成任何投资建议，据此操作风险自担。


展开阅读全文"
没救了,"https://guba.eastmoney.com/news,600238,967880253.html",2020-09-25 14:25:06,没救了
大胆干吧。外围一片大好,"https://guba.eastmoney.com/news,600238,967799165.html",2020-09-25 11:24:49,大胆干吧。外围一片大好
这个人是谁？,"https://guba.eastmoney.com/news,600238,967686199.html",2020-09-25 08:48:20,这个人是谁？
ST椰岛：主力资金净流出3.34万，净占比-1.02%（09-24）,"https://guba.eastmoney.com/news,600238,967563865.html",2020-09-24 15:39:33,"ST椰岛2020年9月24日收报4.47元，涨跌幅-2.83%，换手率0.16%。当日该股主力资金流入0元，流出3.34万元，主力净流出3.34万元。当日散户资金流入305.6万元，流出302.26万元，散户净流入3.34万元。资金流向分布情况如下图：


ST椰岛近五日主力资金、超大单资金流向情况如下表：
数据来源：东方财富Choice数据
ST椰岛今日主力资金流向两市排名688/4025，近五日内该股主力资金总体无进出，五日共净流入149元。
数据来源：东方财富Choice数据
【注】CHOICE资金流向指标定义：
超大单：大于等于50万股或者100万元的成交单
大单：大于等于10万股或者20万元且小于50股和100万元的成交单
中单：大于等于2万股或者4万元且小于10万股和20万股的成交单
小单：小于2万股和4万元的成交单
主力流入：超大单加大单买入成交额之和
散户净流入：中单加小单买入成交额之和
净占比=(流入-流出)/总成交额
免责声明：本文基于大数据生产，仅供参考，不构成任何投资建议，据此操作风险自担。


展开阅读全文"
消费板块耻辱的存在,"https://guba.eastmoney.com/news,600238,967533787.html",2020-09-24 14:41:17,基本上是酒类，消费品类唯一做成这个球样的
看看椰岛分时脉博。只有一个人在战斗。,"https://guba.eastmoney.com/news,600238,967460687.html",2020-09-24 12:08:32,看看椰岛分时脉博。只有一个人在战斗。
提个建议给椰岛！别做什么椰汁饮料了，你已经被椰树甩了几条街，永远干不过人家的。不,"https://guba.eastmoney.com/news,600238,967261906.html",2020-09-23 21:28:27,提个建议给椰岛！别做什么椰汁饮料了，你已经被椰树甩了几条街，永远干不过人家的。不如利用海岛地理优势养乌龟，龟甲，龟血，王8蛋都是大补药材，符合大健康理念，彪子就是龟头了。
一年多了，终于卖了一瓶海王酒！纪念一下！[胜利]业务员都不见了！劲酒都不知道卖了,"https://guba.eastmoney.com/news,600238,966902396.html",2020-09-22 18:40:35,一年多了，终于卖了一瓶海王酒！纪念一下！业务员都不见了！劲酒都不知道卖了多少！海王酒，价格贵，瓶子丑，设计太差了！
重大利好：中国中烟欲借壳椰岛上市，椰岛目前市值仅19亿，溢价5000倍以上,"https://guba.eastmoney.com/news,600238,967214992.html",2020-09-23 16:47:06,重大利好：中国中烟欲借壳椰岛上市，椰岛目前市值仅19亿，溢价5000倍以上
500箱鹿龟酒一抢而空,"https://guba.eastmoney.com/news,600238,967211049.html",2020-09-23 16:24:46,今天看晚了。。。。没抢到。。。。
针对椰岛保健酒市场的一些建议,"https://guba.eastmoney.com/news,600238,967213308.html",2020-09-23 16:38:28,"针对保健酒市场一些小的建议，班门弄斧 斗胆提出来希望能够和大家探讨一下，想到哪写到哪，请勿介意。
1、保健酒应该稳打稳扎以省会为中心　集中优势资源一个省一个省的攻陷，攻陷一个就要牢牢占稳一个，不要占一个丢一个，更不要想着一口吃下全国，那样反而一事无成。
　　启迪古汉（深A　000590）只做古汉养生精一个产品，其历年的年报都显示90%多的销量全部集中在湖南一个省，可见一斑。
　　首先海南本省的市场 天时地利人和 不占领说不过去，然后是湖南、江西、长三角等原有铁杆市场。记得十年前湖南是很流行鹿龟酒的，公交车身广告都经常见到，小店随处都可以买到，现在却很多不见了。


2、椰岛的保健酒产品线缺乏明确的市场定位。应针对餐饮快销、家庭自购自饮、药店渠道这三个市场分别开发制定合适的产品线：
　　a、餐饮快销线　　可向湖南的槟榔营销和无比古方酒等产品学习，采取开盖中奖再来一瓶　现场兑付等简单直接的方式，不要搞微信扫码中奖那些虚头巴脑的，用小包装（125ml）、比照竞品单价、大比例中奖等手段，挤占竞品的销售。
　　b、家庭自购自饮线　　可与社区团购电商加强合作，这个不多说，关键是培养中老年人家庭小酌鹿龟酒的习惯，让他们觉得即实惠 消费得起 又健康有点药效 而且是大品牌喝得放心，每周养成消费1-2瓶500ml的习惯。
　　c、　药店市场线　　应该重点耕耘！药店市场有个特点就是体制内的消费者刷医保卡消费，古汉养生精的大部分消费都是通过这个渠道产生的，体制内的中年消费者医保卡余额一般较为富余，他们也很注重保健养生，椰岛应针对这一消费群体单独开发价位略高 口感合适的保健酒单品，同时这一细分单品也可涵盖礼品保健酒和大型超商。（可以重点研究一下启迪古汉的古汉养生精）


3、另外有个题外话，椰岛不做啤酒实在太可惜了，做椰汁真不如做啤酒，首先啤酒在餐桌上的消费量椰汁没法比，其次　相比较保健酒而言　啤酒是餐桌上的刚需，尤其是在海南本地市场，十年前如果上啤酒线，椰岛的财务状况要比现在好得多。。。


欢迎大家参与讨论。。。。。。。。"
人中冯彪，酒中椰岛，王八鹿龟一相逢，便是祸害股民的杀猪刀。品牌酒和垃圾人应该分拆,"https://guba.eastmoney.com/news,600238,967156126.html",2020-09-23 14:20:06,人中冯彪，酒中椰岛，王八鹿龟一相逢，便是祸害股民的杀猪刀。品牌酒和垃圾人应该分拆，杜绝人为污染，禁止瞎编故事搞传销。酒类股票估值都高，自彪以来，椰岛毛利率同行最差，净利率奇迹般转负沦为笑料，股价阶梯下落，常被几个关系户倒爷搞差价，分红多年缈无踪迹，再不赶走吃里扒外的董事长公司前景不妙。
10分钟一根毛也没有，厉害了，再减持一会，减持100分钟,"https://guba.eastmoney.com/news,600238,967030842.html",2020-09-23 10:15:30,10分钟一根毛也没有，厉害了，再减持一会，减持100分钟
靠它了,"https://guba.eastmoney.com/news,600238,967003761.html",2020-09-23 09:43:52,靠它了
600238:ST椰岛关于诉讼进展公告,"https://guba.eastmoney.com/news,600238,966885669.html",2020-09-22 17:01:27,"公告日期：2020-09-23

股票简称：ST 椰岛 股票代码：600238 编号：2020-048 号
海南椰岛（集团）股份有限公司

关于诉讼进展公告

本公司董事会及全体董事保证本公告内容不存在任何虚假记载、误导性陈述或者重大遗漏，并对其内容的真实性、准确性和完整性承担个别及连带责任。
重要内容提示:

●案件所处的诉讼阶段：法院一审判决 。

●上市公司所处的当事人地位：原告。

●涉案的金额：3,000万元及相应违约金。

●是否会对上市公司损益产生负面影响：本案判决为一审判决，且被告方已向海南省海口市中级人民法院提出上诉，目前案件正在审理中，因此公司暂无法判断对公司本期利润或期后利润的影响。

近日，海南椰岛（集团）股份有限公司（以下简称“公司”）收到海南省海口市中级人民法院《民事判决书》[(2020)琼01民初1号]。具体情况如下：
一、本次诉讼的基本情况

（一）案件各方当事人

原告：海南椰岛（集团）股份有限公司

被告1：广州溢城贸易发展有限公司

住所地：广州市越秀区寺右新马路111号三十楼之一房

统一社会信用代码：91440104687692380T

法定代表人：陈湘云

被告2：海南长荣投资有限公司

住所地：海口市龙华区龙桥王廷村

统一社会信用代码：91460000665103039X

法定代表人：杨树坪

被告3：海口川池实业有限公司

住所地：海南省海口市美兰区琼山大道61号天鹅湾一期14#楼


统一社会信用代码：91460100557373314W

法定代表人：陈文立

（二）诉讼请求

1、判令三被告向原告返还保证金人民币3,000万元；

2、判令三被告按照保证金的一倍向原告支付人民币3,000万元；

3、判令三被告承担本案的诉讼费。

（三）事实与理由

2018年6月原、被告签订了《海南长荣投资有限公司合作意向书》（下称《意向书》）。根据《意向书》，被告长荣公司已与海口市人民政府签订了《海口青龙湖生态休闲旅游度假区项目合作框架协议》与《海口青龙湖生态休闲旅游度假区项目合作补充协议》并享有青龙湖项目的投资开发权益。因项目开发需要，长荣公司股东川池公司和溢城公司同意采取股权转让或增资扩股的方式与原告合作，共同推动青龙湖项目建设。合作采取原告预付保证金并由被告配合完成尽职调查（尽调期6个月），最终由原告根据尽职调查结果来确定是否签订正式合同的方式进行。2018年12月，合作各方签署《变更协议》，将前述尽调期延长至2019年6月30日。《意向书》约定，被告应以书面形式向原告充分、真实、完整披露长荣公司的全部信息。被告违反约定的，无论尽职调查是否已经结束，原告均有权以单方通知的形式解除《意向书》。被告应当在原告通知的日期内双倍返还保证金。

《意向书》签订后，原告已按照约定将3000万元保证金转入溢城公司账户。但是被告并未按照约定披露相关信息，已经披露的信息存在重大疑虑。因此，2019年8月26日原告向被告发出《关于补充尽调资料的通知》，督促履行合同义务，但被告未予反馈。2019年10月和11月原告方发出《关于退还保证金的通知函》及律师函，通知被告解除《意向书》并退还保证金，但被告既未退还保证金也未作任何反馈。因此，原告向法院提起债务纠纷诉讼。

二、 本次诉讼的判决结果

海口市中级人民法院于2020年1月2日立案受理公司诉上述被告债务纠纷一案。法院根据公司的申请对各被告相关财产采取了保全措施。

2020年3月31日，公司收到海口市中级人民法院下达的《民事裁定书》[(2020)琼01民初1号]，已对相关被告的银行账户（冻结期限一年）及股权（冻结期限三年）采取了保全措施。


近日，公司收到海口市中级人民法院《民事判决书》[(2020)琼01民初1号]，判决如下：

（一）确认原告海南椰岛（集团）股份有限公司与被告广州溢城贸易发展有限公司、海口川池实业有限公司、海南长荣投资有限公司之间签订的《海南长荣投资有限公司合作意向书》和变更协议于2019年10月11日解除。

（二）被告广州溢城贸易发展有限公司、海口川池实业有限公司、海南长荣投资有限公司于本判决生效之日起三十日内向原告海南椰岛（集团）股份有限公司返还3000万元和支付违约金600万元。

（三）驳回原告海南椰岛（集团）股份有限公司的其他诉讼请求。

如果未按本判决指定的期间履行给付金钱义务，应当依照《中华人民共和国民事诉讼法》第二百五十三条之规定，加倍支付延迟履行期间的债务利息。
本案诉讼费341800元，保全费50……
[点击查看PDF原文]
提示：本网不保证其真实性和客观性，一切有关该股的有效信息，以交易所的公告为准，敬请投资者注意风险。
展开阅读全文"
ST椰岛：主力资金净流出457，净占比-0.01%（09-22）,"https://guba.eastmoney.com/news,600238,966870953.html",2020-09-22 15:52:25,"ST椰岛2020年9月22日收报4.5元，涨跌幅-1.75%，换手率0.21%。当日该股主力资金流入0元，流出457元，主力净流出457元。当日散户资金流入411.1万元，流出411.06万元，散户净流入457元。资金流向分布情况如下图：


ST椰岛近五日主力资金、超大单资金流向情况如下表：
数据来源：东方财富Choice数据
ST椰岛今日主力资金流向两市排名972/4019，近五日内该股主力资金总体呈流入状态，五日共净流入350.35万元。
数据来源：东方财富Choice数据
【注】CHOICE资金流向指标定义：
超大单：大于等于50万股或者100万元的成交单
大单：大于等于10万股或者20万元且小于50股和100万元的成交单
中单：大于等于2万股或者4万元且小于10万股和20万股的成交单
小单：小于2万股和4万元的成交单
主力流入：超大单加大单买入成交额之和
散户净流入：中单加小单买入成交额之和
净占比=(流入-流出)/总成交额
免责声明：本文基于大数据生产，仅供参考，不构成任何投资建议，据此操作风险自担。


展开阅读全文"
这个股好垃圾,"https://guba.eastmoney.com/news,600238,966857776.html",2020-09-22 15:14:20,这个股好垃圾
堂堂上市公司，都不如椰风，椰树等牌子响亮，弄得倒像是它们的山寨产品，老彪子你真让,"https://guba.eastmoney.com/news,600238,966786031.html",2020-09-22 13:26:31,堂堂上市公司，都不如椰风，椰树等牌子响亮，弄得倒像是它们的山寨产品，老彪子你真让大家寒心！
“白白嫩嫩，我从小喝到大”，一一椰岛椰汁，上市公司荣誉产品，股票代码600238,"https://guba.eastmoney.com/news,600238,966771491.html",2020-09-22 12:51:23,“白白嫩嫩，我从小喝到大”，一一椰岛椰汁，上市公司荣誉产品，股票代码600238，购买前请认准“椰岛”商标哦！
这个股票操盘手每天九点半上班。每天只许弄点差价发二百四十元工资，可以不跟大盘自由,"https://guba.eastmoney.com/news,600238,966763967.html",2020-09-22 12:07:33,这个股票操盘手每天九点半上班。每天只许弄点差价发二百四十元工资，可以不跟大盘自由发挥，自然波动。庄家出国办事被什么缠住了，目前只能这样。
下跌趋势依然形成，待企稳后开始反弹再进,"https://guba.eastmoney.com/news,600238,966707777.html",2020-09-22 10:21:32,下跌趋势依然形成，待企稳后开始反弹再进
朋友都醒醒吧！彪子是欠光大兴陇800多万，之前还欠各路债主，那可不是什么小数目，,"https://guba.eastmoney.com/news,600238,962712508.html",2020-09-08 10:29:03,朋友都醒醒吧！彪子是欠光大兴陇800多万，之前还欠各路债主，那可不是什么小数目，不然它也不会被轮候冻结。轮候是什么意思？都懂吗？
5.8的本这辈子有没有机会？,"https://guba.eastmoney.com/news,600238,966463957.html",2020-09-21 13:41:31,5.8的本这辈子有没有机会？
如果ST椰岛也养驴和养猪，股价一定涨很高！,"https://guba.eastmoney.com/news,600238,966378714.html",2020-09-21 10:13:13,如果ST椰岛也养驴和养猪，股价一定涨很高！
ST椰岛：主力资金净流入4.05万，净占比1.17%（09-21）,"https://guba.eastmoney.com/news,600238,966520485.html",2020-09-21 15:34:48,"ST椰岛2020年9月21日收报4.58元，涨跌幅-0.65%，换手率0.17%。当日该股主力资金流入4.05万元，流出0元，主力净流入4.05万元。当日散户资金流入338万元，流出342.05万元，散户净流出4.05万元。资金流向分布情况如下图：


ST椰岛近五日主力资金、超大单资金流向情况如下表：
数据来源：东方财富Choice数据
ST椰岛今日主力资金流向两市排名1025/4015，近五日内该股主力资金总体呈流入状态，五日共净流入410.89万元。
数据来源：东方财富Choice数据
【注】CHOICE资金流向指标定义：
超大单：大于等于50万股或者100万元的成交单
大单：大于等于10万股或者20万元且小于50股和100万元的成交单
中单：大于等于2万股或者4万元且小于10万股和20万股的成交单
小单：小于2万股和4万元的成交单
主力流入：超大单加大单买入成交额之和
散户净流入：中单加小单买入成交额之和
净占比=(流入-流出)/总成交额
免责声明：本文基于大数据生产，仅供参考，不构成任何投资建议，据此操作风险自担。


展开阅读全文"
今天超市买一盒椰岛椰子9.9元！比椰树好感觉！,"https://guba.eastmoney.com/news,600238,966305959.html",2020-09-20 23:02:09,今天超市买一盒椰岛椰子9.9元！比椰树好感觉！
换到生益科技了,"https://guba.eastmoney.com/news,600238,966412313.html",2020-09-21 11:04:23,换到生益科技了
敢跌就买，敢涨就卖掉，哈哈！,"https://guba.eastmoney.com/news,600238,966405803.html",2020-09-21 10:52:55,敢跌就买，敢涨就卖掉，哈哈！
大厦比股，耽误我20％的利润。,"https://guba.eastmoney.com/news,600238,966393892.html",2020-09-21 10:34:32,大厦比股，耽误我20％的利润。
彪哥找到资源增发股份，搞起,"https://guba.eastmoney.com/news,600238,966351192.html",2020-09-21 09:37:37,彪哥找到资源增发股份，搞起
海南第五张免税牌发给椰岛了,"https://guba.eastmoney.com/news,600238,966055840.html",2020-09-18 15:02:35,海南第五张免税牌发给椰岛了
海南岛是最热的经济体。大量投资不断进场。,"https://guba.eastmoney.com/news,600238,966258438.html",2020-09-20 12:01:53,海南岛是最热的经济体。大量投资不断进场。
彪子卖货了,"https://guba.eastmoney.com/news,600238,966118686.html",2020-09-18 20:11:48,彪子卖货了
你好！请问冯彪先生公司连年亏和股价连年徘徊在低谷，所有投资者都亏损，你有何感想呢,"https://guba.eastmoney.com/news,600238,965724329.html",2020-09-17 16:02:01,"你好！请问冯彪先生公司连年亏和股价连年徘徊在低谷，所有投资者都亏损，你有何感想呢？ 
海南椰岛
ST椰岛：投资者您好：冯彪董事长本人因看好椰岛未来而投资椰岛。感谢您对椰岛的关注与支持。
(来自上证e互动)答复时间 2020-09-17 16:02:01"
江湖骗子的他，印证了，天在看！,"https://guba.eastmoney.com/news,600238,886349389.html",2019-11-14 08:27:46,江湖骗子的他，印证了，天在看！
[图片],"https://guba.eastmoney.com/news,600238,959919367.html",2020-08-28 15:53:57,[图片]
海王,"https://guba.eastmoney.com/news,600238,966036833.html",2020-09-18 14:38:27,海王
全是套路………,"https://guba.eastmoney.com/news,600238,890420860.html",2019-12-06 11:57:21,全是套路………
珍惜钱包，远离江湖骗子,"https://guba.eastmoney.com/news,600238,888115186.html",2019-11-23 17:08:01,珍惜钱包，远离江湖骗子
一个健康的灵魂里应该有有爱知识和勇气，相反从冯彪的一言一行看不见高贵的灵魂，处处,"https://guba.eastmoney.com/news,600238,941891492.html",2020-06-29 22:01:49,一个健康的灵魂里应该有有爱知识和勇气，相反从冯彪的一言一行看不见高贵的灵魂，处处谎话连篇，只有肮脏的骗局，贪婪的灵魂！上天会眷顾这样的人渣吗？
冯彪诈骗犯啊心里面虚啊,"https://guba.eastmoney.com/news,600238,946308344.html",2020-07-14 12:30:23,冯彪诈骗犯啊心里面虚啊
被二十日均线压的上不去。,"https://guba.eastmoney.com/news,600238,965931948.html",2020-09-18 11:12:37,被二十日均线压的上不去。
海王酒太甜了！,"https://guba.eastmoney.com/news,600238,966037226.html",2020-09-18 14:40:00,海王酒太甜了！
ST椰岛：主力资金净流出6426，净占比-0.14%（09-18）,"https://guba.eastmoney.com/news,600238,966072443.html",2020-09-18 15:34:59,"ST椰岛2020年9月18日收报4.61元，涨跌幅-1.07%，换手率0.23%。当日该股主力资金流入0元，流出6426元，主力净流出6426元。当日散户资金流入461.07万元，流出460.43万元，散户净流入6426元。资金流向分布情况如下图：


ST椰岛近五日主力资金、超大单资金流向情况如下表：
数据来源：东方财富Choice数据
ST椰岛今日主力资金流向两市排名1968/4010，近五日内该股主力资金总体呈流入状态，五日共净流入386.53万元。
数据来源：东方财富Choice数据
【注】CHOICE资金流向指标定义：
超大单：大于等于50万股或者100万元的成交单
大单：大于等于10万股或者20万元且小于50股和100万元的成交单
中单：大于等于2万股或者4万元且小于10万股和20万股的成交单
小单：小于2万股和4万元的成交单
主力流入：超大单加大单买入成交额之和
散户净流入：中单加小单买入成交额之和
净占比=(流入-流出)/总成交额
免责声明：本文基于大数据生产，仅供参考，不构成任何投资建议，据此操作风险自担。


展开阅读全文"
这个股票在玩1.2.3谁动谁是苟的游戏，来，都别买，4小时0成交,"https://guba.eastmoney.com/news,600238,966024759.html",2020-09-18 14:25:25,这个股票在玩1.2.3谁动谁是苟的游戏，来，都别买，4小时0成交
海王酒太甜了！,"https://guba.eastmoney.com/news,600238,966007295.html",2020-09-18 14:03:29,海王酒太甜了！
公司遲早會被玩死去！,"https://guba.eastmoney.com/news,600238,965989359.html",2020-09-18 13:37:47,公司遲早會被玩死去！
彪子身陷圈中，翻不过栏杆。,"https://guba.eastmoney.com/news,600238,965914640.html",2020-09-18 10:47:23,彪子身陷圈中，翻不过栏杆。
请问冯彪董事长，2020年还有几个月的时间，你有如何脱帽？,"https://guba.eastmoney.com/news,600238,965724310.html",2020-09-17 16:01:58,"请问冯彪董事长，2020年还有几个月的时间，你有如何脱帽？ 
海南椰岛
ST椰岛：投资者您好：未来是打拼出来的，希望我们都能做到不负努力不负卿。感谢您对椰岛的关注与支持！
(来自上证e互动)答复时间 2020-09-17 16:01:58"
新希望养猪挣了大钱啊！发了大财啊！,"https://guba.eastmoney.com/news,600238,965938876.html",2020-09-18 11:23:36,新希望养猪挣了大钱啊！发了大财啊！
ST椰岛应该和万科A一样养猪挣钱！,"https://guba.eastmoney.com/news,600238,965906229.html",2020-09-18 10:37:33,ST椰岛应该和万科A一样养猪挣钱！
此股已废！,"https://guba.eastmoney.com/news,600238,965897719.html",2020-09-18 10:27:18,此股已废！
涨,"https://guba.eastmoney.com/news,600238,965882013.html",2020-09-18 10:07:58,涨
快快跑主力再逃小心被套啊,"https://guba.eastmoney.com/news,600238,965873040.html",2020-09-18 09:58:28,快快跑主力再逃小心被套啊
听说最近贵公司和衡湖缘酒业签订战略协议为何不公告？具体内容是什么？,"https://guba.eastmoney.com/news,600238,965724411.html",2020-09-17 16:01:58,"听说最近贵公司和衡湖缘酒业签订战略协议为何不公告？具体内容是什么？ 
海南椰岛
ST椰岛：投资者您好：属于应当披露的公告公司都将及时进行披露。感谢您对椰岛的关注与支持！
(来自上证e互动)答复时间 2020-09-17 16:01:58"
ST椰岛：主力资金净流出20.05万，净占比-3.18%（09-17）,"https://guba.eastmoney.com/news,600238,965712387.html",2020-09-17 15:36:25,"ST椰岛2020年9月17日收报4.66元，涨跌幅-1.06%，换手率0.30%。当日该股主力资金流入1.82万元，流出21.88万元，主力净流出20.05万元。当日散户资金流入613.54万元，流出593.49万元，散户净流入20.05万元。资金流向分布情况如下图：


ST椰岛近五日主力资金、超大单资金流向情况如下表：
数据来源：东方财富Choice数据
ST椰岛今日主力资金流向两市排名1642/4008，近五日内该股主力资金总体呈流入状态，五日共净流入354万元。
数据来源：东方财富Choice数据
【注】CHOICE资金流向指标定义：
超大单：大于等于50万股或者100万元的成交单
大单：大于等于10万股或者20万元且小于50股和100万元的成交单
中单：大于等于2万股或者4万元且小于10万股和20万股的成交单
小单：小于2万股和4万元的成交单
主力流入：超大单加大单买入成交额之和
散户净流入：中单加小单买入成交额之和
净占比=(流入-流出)/总成交额
免责声明：本文基于大数据生产，仅供参考，不构成任何投资建议，据此操作风险自担。


展开阅读全文"
憨憨,"https://guba.eastmoney.com/news,600238,965655402.html",2020-09-17 14:03:53,憨憨
能像海马一样也发几个股价异动的公告吗，,"https://guba.eastmoney.com/news,600238,965652344.html",2020-09-17 13:59:55,能像海马一样也发几个股价异动的公告吗，
泄气了哟[撇嘴],"https://guba.eastmoney.com/news,600238,965631439.html",2020-09-17 13:30:56,泄气了哟
国资接手吧,"https://guba.eastmoney.com/news,600238,965521937.html",2020-09-17 10:03:59,国资接手吧
上蹦下窜的洗盘手法已经在椰岛上没反应了！基本上全是忠诚的钉子户！,"https://guba.eastmoney.com/news,600238,965559900.html",2020-09-17 10:49:40,上蹦下窜的洗盘手法已经在椰岛上没反应了！基本上全是忠诚的钉子户！
600238:ST椰岛第七届董事会第五十四次会议决议公告,"https://guba.eastmoney.com/news,600238,965360609.html",2020-09-16 15:39:30,"公告日期：2020-09-17

股票简称：ST 椰岛 股票代码：600238 编号：2020-046 号
海南椰岛（集团）股份有限公司

第七届董事会第五十四次会议决议公告

本公司董事会及全体董事保证本公告内容不存在任何虚假记载、误导性陈述或者重大遗漏，并对其内容的真实性、准确性和完整性承担个别及连带责任。

一、会议召开情况

海南椰岛（集团）股份有限公司（以下简称“公司”）董事会于 2020 年 9
月 14 日向全体董事、监事通过传真、电子邮件等方式发出了会议通知和会议材料。

本次会议于2020年9月16日在公司会议室以现场和通讯表决相结合的方式召开。

会议由公司董事长冯彪主持。会议应出席董事 9 人，实际出席董事 9 人。会
议的召集、召开符合法律、行政法规、部门规章、规范性文件和公司章程的有关规定。

二、董事会会议审议情况

（一）会议审议并通过了《关于聘任副总经理的议案》

（9 票同意，0 票反对，0 票弃权）

根据公司经营管理需要，经公司董事长兼总经理冯彪先生提名，同意公司聘任齐苗苗女士担任公司副总经理，任期与第七届董事会一致。

（二）会议审议并通过了《关于聘任财务总监的议案》

（9 票同意，0 票反对，0 票弃权）

根据公司经营管理需要，经公司董事长兼总经理冯彪先生提名，同意公司聘任符惠玲女士担任公司财务总监，任期与第七届董事会一致。

特此公告。

海南椰岛（集团）股份有限公司董事会
2020 年 9 月 16 日


[点击查看PDF原文]
提示：本网不保证其真实性和客观性，一切有关该股的有效信息，以交易所的公告为准，敬请投资者注意风险。"
别跌呀！岛民们还等着喝我的庆功酒呢,"https://guba.eastmoney.com/news,600238,965544435.html",2020-09-17 10:29:00,别跌呀！岛民们还等着喝我的庆功酒呢
我感觉是对倒,"https://guba.eastmoney.com/news,600238,965506004.html",2020-09-17 09:48:47,我感觉是对倒
饮酒话多。咋天涨了点，今天开盘竞价居然又有数据了。,"https://guba.eastmoney.com/news,600238,965486956.html",2020-09-17 09:27:40,饮酒话多。咋天涨了点，今天开盘竞价居然又有数据了。
女并俩娘们儿，彪子真不想弄好椰岛了。,"https://guba.eastmoney.com/news,600238,965375285.html",2020-09-16 16:49:09,女并俩娘们儿，彪子真不想弄好椰岛了。
十一之前能涨到六元，我就买一箱鹿龟酒赏给大家！,"https://guba.eastmoney.com/news,600238,965353227.html",2020-09-16 15:14:15,十一之前能涨到六元，我就买一箱鹿龟酒赏给大家！
ST椰岛财务总监高晓光宣布辞职,"https://guba.eastmoney.com/news,600238,965373321.html",2020-09-16 16:34:27,"来源：新京报
　　海南椰岛(集团)股份有限公司(以下简称“ST椰岛”)9月16日发布公告称，公司董事会近日收到财务总监高晓光递交的辞职报告。因个人原因，高晓光申请辞去财务总监职务，辞职后不再担任ST椰岛任何职务，辞职报告自送达公司董事会之日起生效。


　　与此同时，ST椰岛称，根据公司经营管理需要，聘任齐苗苗为公司副总经理，聘任符惠玲为公司财务总监，任期与第七届董事会一致。从这两人的履历来看，均在ST椰岛有过较长时间的任职经历，目前齐苗苗任海南椰岛(集团)股份有限公司董事长助理；符惠玲在海南椰岛食品饮料有限公司担任财务总监。


　　这已不是ST椰岛高级管理人员首次出现变动。就在8月中旬，其常务副总经理曲锋也递交了书面辞职申请，同样是称个人工作变动原因辞去所任职务。而更早前，2019年4月底，ST椰岛一位副总经理王锦江宣布离职；到2019年7月末，另一位副总经理陈曦递交了书面辞职报告。而这两人自2018年5月获聘担任副总经理职位，才刚一年。


　　有观点称，ST椰岛高管接连变动，与企业定位不清晰，战略不稳定有关。ST椰岛近几年业绩持续表现不佳，高管的频繁变动也正是业绩压力高企的直接体现。


　　 
（文章来源：新京报） [点击查看原文]"
600238:ST椰岛关于高级管理人员辞职及聘任高级管理人员的公告,"https://guba.eastmoney.com/news,600238,965360610.html",2020-09-16 15:39:39,"公告日期：2020-09-17

股票简称：ST 椰岛 股票代码：600238 编号：2020-047 号
海南椰岛（集团）股份有限公司

关于高级管理人员辞职及聘任高级管理人员的公告

本公司董事会及全体董事保证本公告内容不存在任何虚假记载、误导性陈述或者重大遗漏，并对其内容的真实性、准确性和完整性承担个别及连带责任。

海南椰岛（集团）股份有限公司（以下简称“公司”）董事会近日收到财务总监高晓光先生递交的辞职报告。因个人原因，高晓光先生申请辞去财务总监职务，辞职后不再担任公司任何职务，辞职报告自送达公司董事会之日起生效。公司对高晓光先生任职期间对公司做出的贡献表示感谢！

根据公司经营管理需要，经公司董事长兼总经理冯彪先生提名，并经董事会
提名委员会审核通过，公司于 2020 年 9 月 16 日召开第七届董事会第五十四次会
议，审议通过了《关于聘任副总经理的议案》及《关于聘任财务总监的议案》，同意聘任齐苗苗女士（简历见附件）为公司副总经理，聘任符惠玲女士（简历见附件）为公司财务总监，任期与第七届董事会一致。公司独立董事对齐苗苗女士、符惠玲女士的任职资格进行了审核，并发表了同意的独立意见。

特此公告。

海南椰岛（集团）股份有限公司董事会
2020 年 9 月 16 日


附件

高级管理人员简历

1、齐苗苗简历

齐苗苗，女，1981 年出生，中共党员，硕士研究生，具有董秘资格证书、期货从业资格、基金从业资格。曾任中国（海南）改革发展研究院国际合作中心项目官员、海南椰岛（集团）股份有限公司证券事务代表、海南椰岛（集团）股份有限公司董事会秘书、海南椰岛（集团）股份有限公司董事会办公室主任，现任海南椰岛（集团）股份有限公司董事长助理。

2、符惠玲简历

符惠玲，女，1970 年出生，大学本科，中共党员，中级审计师、中级管理会计师、税务信息管理师（DSTA）、国际注册管理会计师（CMAQ）、注册税务筹划师、注册土地估价师。

1990 年 12 月—2006 年 11 月在海南会计师事务所（1999 年 1 月改制成海南
从信会计师事务所）从事审计工作，担任项目经理；2006 年 12 月—2008 年 5
月在海南博泉土地房地产评估有限公司任项目经理；2008 年 6 月—2009 年 10
月在海南鹏林会计师事务所担任副所长，主管全面工作；2009 年 11 月-2011 年3 月就职海南新佳旅业发展有限公司，担任财务经理；2011 年 4 月入职海南椰岛
（集团）股份有限公司，担任审计部部长；2015 年 6 月—2019 年 3 月在海南椰
岛酒业发展有限公司担任财务总监；2019 年 4 月—至今在海南椰岛食品饮料有限公司担任财务总监。


[点击查看PDF原文]
提示：本网不保证其真实性和客观性，一切有关该股的有效信息，以交易所的公告为准，敬请投资者注意风险。"
600238:ST椰岛独立董事关于聘任高级管理人员的独立意见,"https://guba.eastmoney.com/news,600238,965360608.html",2020-09-16 15:39:30,"公告日期：2020-09-17

海南椰岛（集团）股份有限公司

独立董事关于聘任高级管理人员的独立意见

根据中国证监会《关于上市公司建立独立董事制度的指导意见》、《上市公司治理准则》、《上海证券交易所股票上市规则》和《公司章程》的有关规定，作为海南椰岛（集团）股份有限公司（以下简称“公司”）的独立董事，经对公司有关资料的认真阅读，我们本着认真、负责的态度，对公司聘任高级管理人员的独立意见如下：

1、本次公司聘任的副总经理、财务总监人选已经公司董事会提名委员会审查通过，本次聘任人员的提名和表决程序符合《公司法》、《公司章程》等有关法律法规的规定。

2、经审阅候选人个人履历，本次聘任人员的教育背景、任职经历、专业能力和职业素养等情况能够胜任岗位职责的要求，未发现有《公司法》及《公司章程》规定不得担任副总经理及财务总监的情况，以及被中国证监会确定为市场禁入者并且禁入尚未解除的情况。

3、本次董事会聘任的高级管理人员诚实信用、勤勉务实,具有较高的专业知识水平和丰富的管理经验,熟悉行业和公司情况，任职条件能胜任所聘任职务的要求。

海南椰岛（集团）股份有限公司

第七届董事会独立董事

崔万林、肖义南、刘向阳、张健

2020 年 9 月 16 日


[点击查看PDF原文]
提示：本网不保证其真实性和客观性，一切有关该股的有效信息，以交易所的公告为准，敬请投资者注意风险。"
今天放量了,"https://guba.eastmoney.com/news,600238,965338790.html",2020-09-16 14:47:11,的
定制酒,"https://guba.eastmoney.com/news,600238,965281189.html",2020-09-16 13:20:18,定制酒
椰岛大股东持600155五千多万股，市值6亿多，为何不卖点还债呢？,"https://guba.eastmoney.com/news,600238,964325140.html",2020-09-12 07:37:55,就欠几百万，有钱为何不还
没必要这么洗吧？都是亏损户或是钉子户了，谁会交出筹码？,"https://guba.eastmoney.com/news,600238,965204023.html",2020-09-16 10:29:08,没必要这么洗吧？都是亏损户或是钉子户了，谁会交出筹码？
五粮液多少钱抄底？向石墨烯看齐！,"https://guba.eastmoney.com/news,600238,965200146.html",2020-09-16 10:24:31,五粮液多少钱抄底？向石墨烯看齐！
过节啦！送父母，长辈养生酒,"https://guba.eastmoney.com/news,600238,965168621.html",2020-09-16 09:50:08,过节啦！送父母，长辈养生酒
养生酒，老品牌，信赖就好！,"https://guba.eastmoney.com/news,600238,965165003.html",2020-09-16 09:45:24,养生酒，老品牌，信赖就好！
今天在兴盛优选买了一件鹿龟酒,"https://guba.eastmoney.com/news,600238,965120154.html",2020-09-16 05:31:26,"今天在兴盛优选买了一件鹿龟酒，
几年没喝了　主要是这几年附近小超市没货　　到大超市购买不方便，
现在方便了，今天下单 明天直接到楼下的兴盛小超市提货，价格还很实惠。
以后希望能够稳定供货，不贪杯 每个月喝一箱。。。。。









展开阅读全文"
冯彪忽悠增持椰岛几年了，也不见履行承诺，却花7.5亿购买华创，这不是吃里扒的扎种,"https://guba.eastmoney.com/news,600238,962954275.html",2020-09-08 20:10:00,冯彪忽悠增持椰岛几年了，也不见履行承诺，却花7.5亿购买华创，这不是吃里扒的扎种吗？
感觉椰岛在河北衡湖缘酒业加工宝岛白和海王酒,"https://guba.eastmoney.com/news,600238,965017085.html",2020-09-15 15:22:52,减少运输成本
观察一个月了，发现原来都是散户在玩。,"https://guba.eastmoney.com/news,600238,964214900.html",2020-09-11 14:56:59,观察一个月了，发现原来都是散户在玩。
坐骄子干满仓啊,"https://guba.eastmoney.com/news,600238,964818443.html",2020-09-15 09:34:49,坐骄子干满仓啊
衡湖缘酒业,"https://guba.eastmoney.com/news,600238,965016704.html",2020-09-15 15:22:06,"衡湖缘酒业拥有国际先进的白酒酿造、检测和灌装设备，建有3000平米地下储酒库，现存原酒20000吨。年生产白酒达1300吨,产值达2亿元。公司拥有员工150人，其中高级工程技术人员12名，技术骨干23名，正高级酿酒师2人，国家级品酒师1人。经历41年的发展，河北衡湖缘酿酒有限公司已成为衡水两大白酒酿造基地之一，是衡湖湿地生态酿造的倡导者，是散酒品牌渠道化运作的领军企业，是散酒品牌连锁化运营的新生力量。 衡湖缘酿酒以独特的传统酿造工艺与现代高新技术相结合，精选东北优质高粱、小麦为原料，精心研制，酿造出品的白酒，醇香清雅，回味悠长，酒清而有香、醇而不淡。产品远销：河北、河南、山东、山西、陕西、宁夏、内蒙古、福建、东北三省及京津等地区。 自2009年企业改制后，企业取得了长足的发展，先后荣获：衡水市重点龙头企业、河北省市场信用评价AAA级单位、河北省用户满意示范单位、重合同守信誉先进单位、河北省科技型中小企业、3.15消费者权益日企业品牌推介单位、质量服务消费者满意诚信承诺单位，衡湖缘商标被评为中国著名品牌和2016年度衡水区域十大品牌等荣誉称号。近几年来产品销售收入逐年增长，在衡水本地及周边市场具有一定的市场影响力和产品美誉度，初步奠定了公司“立足本地、拓展全国”的发展格局。"
我在某猫上看了看保健酒，觉得吧！椰岛鹿龟酒还真是相比其它酒要便宜。坚定持有。坚定,"https://guba.eastmoney.com/news,600238,964806681.html",2020-09-15 09:10:10,我在某猫上看了看保健酒，觉得吧！椰岛鹿龟酒还真是相比其它酒要便宜。坚定持有。坚定买酒，坚定宣传。
衡湖缘酒业是干啥的,"https://guba.eastmoney.com/news,600238,964887183.html",2020-09-15 10:56:17,椰岛酒业与衡湖缘酒业战略合作签约仪式2020年9月2日在海口成功举行。
穷光蛋，破落户，欠债大王东方君盛妄想有人帮他抬轿子，每天400多万的成交额等着破,"https://guba.eastmoney.com/news,600238,964725441.html",2020-09-14 18:10:06,穷光蛋，破落户，欠债大王东方君盛妄想有人帮他抬轿子，每天400多万的成交额等着破产吧！
主力s了么？还是压根就没有主力？,"https://guba.eastmoney.com/news,600238,964874006.html",2020-09-15 10:38:55,主力s了么？还是压根就没有主力？
沪指即将最后的反攻至3286点后--瞬间变绿万股跌停,"https://guba.eastmoney.com/news,600238,964898635.html",2020-09-15 11:13:37,噎到噎不倒
有识之士共吸4.55--因为沪指要跳水了椰岛是跳水龙头,"https://guba.eastmoney.com/news,600238,964881893.html",2020-09-15 10:49:47,吸的就是龙头
沪指再次触及3263点后椰岛才不倒反而拉升,"https://guba.eastmoney.com/news,600238,964866566.html",2020-09-15 10:28:52,哈哈
前高后低，上午涨，下午暴跌,"https://guba.eastmoney.com/news,600238,964861540.html",2020-09-15 10:22:34,前高后低，上午涨，下午暴跌
这个股不拉到10元，成交量不会过千万,"https://guba.eastmoney.com/news,600238,964855067.html",2020-09-15 10:13:43,这个股不拉到10元，成交量不会过千万
别洗盘了，这股不拉到6块你根本买不到筹码,"https://guba.eastmoney.com/news,600238,964843668.html",2020-09-15 10:00:06,别洗盘了，这股不拉到6块你根本买不到筹码
空狗们出来，叫唤几声,"https://guba.eastmoney.com/news,600238,964838070.html",2020-09-15 09:55:04,空狗们出来，叫唤几声
200万子弹就打光了，要不要我拿低保卡支援一下？,"https://guba.eastmoney.com/news,600238,964834604.html",2020-09-15 09:51:32,200万子弹就打光了，要不要我拿低保卡支援一下？
昨晚做梦是大和证券借壳椰岛,"https://guba.eastmoney.com/news,600238,964819963.html",2020-09-15 09:36:31,真的哦
涨了好多了，能拉挺吗,"https://guba.eastmoney.com/news,600238,964831258.html",2020-09-15 09:47:51,涨了好多了，能拉挺吗
大和证券借壳的理由第一大股东北京的第二椰岛和贵州的华创有渊源并且华创这名这业务就是证券,"https://guba.eastmoney.com/news,600238,964822465.html",2020-09-15 09:38:52,关键是华创还没上市
竞价没人买,"https://guba.eastmoney.com/news,600238,964811833.html",2020-09-15 09:23:31,竞价没人买
椰岛的血亲老表康美已经登仙了，这破落户被穷光蛋牢牢把持住这辈子都不会起身了。,"https://guba.eastmoney.com/news,600238,964724991.html",2020-09-14 18:07:20,椰岛的血亲老表康美已经登仙了，这破落户被穷光蛋牢牢把持住这辈子都不会起身了。
椰岛最近利空出尽，碾压空狗,"https://guba.eastmoney.com/news,600238,964575998.html",2020-09-14 11:05:29,椰岛最近利空出尽，碾压空狗
停牌了停牌了--这次是卖壳,"https://guba.eastmoney.com/news,600238,964683064.html",2020-09-14 15:00:34,但愿啊
獐子岛进了局子--椰岛也快了,"https://guba.eastmoney.com/news,600238,964680989.html",2020-09-14 14:56:53,好玩
这最后一笔把狗托都全砸趴下了,"https://guba.eastmoney.com/news,600238,964686869.html",2020-09-14 15:08:14,这最后一笔把狗托都全砸趴下了
椰树牌椰汁是不是他家的？,"https://guba.eastmoney.com/news,600238,964432282.html",2020-09-13 14:55:33,椰树牌椰汁是不是他家的？
空狗们，踏空了吧，快来报到,"https://guba.eastmoney.com/news,600238,964677573.html",2020-09-14 14:51:26,空狗们，踏空了吧，快来报到
涨停啊,"https://guba.eastmoney.com/news,600238,964534466.html",2020-09-14 10:07:57,涨停啊
到六月三十号，公司有一万五千多股东，这些股东平时不喝酒吗？喝酒不买公司的洒试试吗,"https://guba.eastmoney.com/news,600238,964423686.html",2020-09-13 12:29:31,到六月三十号，公司有一万五千多股东，这些股东平时不喝酒吗？喝酒不买公司的洒试试吗？
这股死了，大家该干嘛干嘛去。别搁这死股身上浪费时间了！！！！！！！！！！！！！！,"https://guba.eastmoney.com/news,600238,964505192.html",2020-09-14 09:30:09,这股死了，大家该干嘛干嘛去。别搁这死股身上浪费时间了！！！！！！！！！！！！！！！！！！！！！！！！
同志们拿下4.59.阵地,"https://guba.eastmoney.com/news,600238,964058829.html",2020-09-11 10:27:09,同志们拿下4.59.阵地
600238:ST椰岛澄清公告,"https://guba.eastmoney.com/news,600238,963362515.html",2020-09-09 17:44:42,"公告日期：2020-09-10

证券代码：600238 证券简称：ST 椰岛 公告编号：2020-045 号
海南椰岛（集团）股份有限公司

澄清公告

本公司董事会及全体董事保证本公告内容不存在任何虚假记载、误导性陈述或者重大遗漏，并对其内容的真实性、准确性和完整性承担个别及连带责任。

近期，海南椰岛（集团）股份有限公司（以下简称“公司”）关注到相关媒体发布的《ST 椰岛董事长遭联营公司举报 被指占用资金和财务造假》报道。现就该事项澄清如下：

一、关于公司 2019 年度报告中浙银渝富报表事项

2020 年 3 月 17 日，根据公司 2020 年度报告编制计划及审计需求，广东德辰
投资管理有限公司向浙银渝富（杭州）资本管理有限公司（简称“浙银渝富”）发送了《关于提供财务报表的函》，经广东德辰多次索要，公司财务部门于 2020 年 4月通过快递收到浙银渝富盖章的 2019 年年度会计报表及 2020 年一季度报表。公司据此完成了《2019 年度报告》及《2020 年第一季度报告》的编制，并于 2020年 8 月 24 日提交公司董事会、监事会审议通过后进行披露。因此，公司不存在伪造浙银渝富经营状况、编造财务数据的行为。

二、关于公司 2020 半年度报告中浙银渝富报表事项

2020 年 8 月，公司按计划编制《2020 年半年度报告》，浙银渝富未能对公司
提供其 2020 半年度财务数据。因此公司在《2020 年半年度报告》关于“重要联营企业的主要财务信息”中进行提示：公司暂未取得浙银渝富（杭州）资本管理有限公司本年二季度财务报表，鉴于该公司规模较小，暂按该公司一季度财务报表列示。

鉴于此，公司认为，我司已对浙银渝富未能提供财务报表进行了合理的、谨慎性的披露，符合信息披露相关规定。

三、其他事项

2020 年 5 月 7 日，公司收到浙银渝富电子邮件发来的《告知函》，函件反映公
司大股东违规占用其资金。公司向大股东发函问询，大股东回函称不存在告知函
中指控的资金占用的行为。

2020 年 5 月 8 日，公司拟向浙银渝富复函回复核实情况，随即收到浙银渝富
邮件表示告知函系误发，要求上市公司勿予理会。

2020 年 8 月 27 日，公司再次收到第二次告知函（与第一次告知函内容基本一
致），浙银渝富将之前的说法推翻又重新提出指控。公司将告知函及核实内容及相关附件向全体董事、监事及高管人员做了通报，并向浙银渝富进行了书面回复，要求浙银渝富提供对外提供借款事项履行的决策程序的文件、管理层对该重大事项合理性的说明，广东德辰保留追究浙银渝富及管理层损害股东权益的法律责任的权利。

因广东德辰投资管理有限公司所投资项目与公司目前业务发展方向不符，投资项目回报周期较长，公司按已投资金额为对价对外转让广东德辰 100%股权。截止目前，已签订股权转让合同，并收到全部股权转让款。

四、必要提示

1、浙银渝富为公司非并表的参股子公司，投资金额占公司净资产约 2%，投资至今持续亏损，相关损益对公司影响较小。但有关媒体的不实报道，已经对我司声誉造成恶劣影响，公司在向监管机构完整汇报的同时，已就有关主体涉嫌损害商业信誉罪向公安机关报案。

2、公司董事会、监事会及董事、监事、高级管理人员保证《2019 年度报告》及《2020 年一季度报告》、《2020 年半年度报告》内容的真实、准确、完整，不存在虚假记载、误导性陈述或者重大遗漏，并承担个别和连带的法律责任。

3、公司将继续关注上述事态的发展，公司郑重提醒广大投资者，《上海证券报》、《中国证券报》及上海证券交易所网站（www.sse.com.cn）为公司指定的信息披露媒体，公司所有信息均以公司在上述媒体刊登的公告为准，敬请广大投资者理性投资，注意投资风险。

特此公告。

海南椰岛（集团）股份有限公司董事会

2020 年 9 月 9 日


[点击查看PDF原文]
提示：本网不保证其真实性和客观性，一切有关该股的有效信息，以交易所的公告为准，敬请投资者注意风险。
展开阅读全文"
好好的股票搞成这样醉了,"https://guba.eastmoney.com/news,600238,964213687.html",2020-09-11 14:54:57,好好的股票搞成这样醉了
椰岛收盘4.44，你s定了！,"https://guba.eastmoney.com/news,600238,964212196.html",2020-09-11 14:53:00,椰岛收盘4.44，你s定了！
想买没卖盘几手几手的买吧,"https://guba.eastmoney.com/news,600238,964173062.html",2020-09-11 14:01:12,想买没卖盘几手几手的买吧
各位大佬，能不能拉升一点再抛？,"https://guba.eastmoney.com/news,600238,964142666.html",2020-09-11 13:18:56,各位大佬，能不能拉升一点再抛？
这他么的半小时一根毛的成交都没有，一堆老铁干瞪眼,"https://guba.eastmoney.com/news,600238,964140998.html",2020-09-11 13:16:11,这他么的半小时一根毛的成交都没有，一堆老铁干瞪眼
退市,"https://guba.eastmoney.com/news,600238,963995287.html",2020-09-11 09:23:04,退市
