标题,链接,发布时间,内容
跌跌不休，这个操盘手就是一坨屎,"https://guba.eastmoney.com/news,600370,898977978.html",2020-01-17 13:20:45,跌跌不休，这个操盘手就是一坨屎
大好形势还继续跌，三房巷真是够贱的,"https://guba.eastmoney.com/news,600370,898943346.html",2020-01-17 11:17:25,跌跌不休，真没出息
有位股友说曹万清已经砸盘走人,"https://guba.eastmoney.com/news,600370,898775445.html",2020-01-16 16:30:49,我觉得不是这么考虑问题的，你现在作为股东的权益有可能被侵犯了，至于他人如何那自然是他人的选择，但你作为三房巷的股东不能这样被当成猴一样耍，炒股确实是为了求利而来，但如果你连眼前明显的个人权益被侵犯都不表达出自己的诉求，我以为你可能跟那个什么股侠差不多，也就不要怪别人嘲笑你的短浅了
刘格菘  基金第一名 一年121%收益,"https://guba.eastmoney.com/news,600370,898911868.html",2020-01-17 10:29:16,新基今日限额发售80亿
估价50亿，股价提到4元，3.6元增发，这个方案是不是对大家都有利，原来那方案要,"https://guba.eastmoney.com/news,600370,898904246.html",2020-01-17 10:17:26,估价50亿，股价提到4元，3.6元增发，这个方案是不是对大家都有利，原来那方案要尽力不让他通过，起码让人看到有实质性利好嘛
你会投反对票吗？,"https://guba.eastmoney.com/news,600370,898878477.html",2020-01-17 09:46:17,"做个调查。
我会"
评论里面的东西不要多看，记住一个点就好，你不想买就不要买，然后删自选看也不要来看,"https://guba.eastmoney.com/news,600370,898863673.html",2020-01-17 09:21:50,评论里面的东西不要多看，记住一个点就好，你不想买就不要买，然后删自选看也不要来看，你要买了就坚定你当初买的想法，任何非官方的观点和猜想都不能信
"要钱还是要命,大股东在选择中","https://guba.eastmoney.com/news,600370,898843997.html",2020-01-17 05:49:18,"2019年对于高负债民营企业,随时有破产危险,三房壳可以卖高价,为避免金融风险,大股东忍痛对自己重组,壳没有任何增值,但可以转移风险.理解大股东在市场要命与要钱中的选择."
太阳底下没有新鲜事！！,"https://guba.eastmoney.com/news,600370,898829638.html",2020-01-16 22:55:46,"作为三房巷的小股东，我希望得到的回复就是：
第一，曹万清和谭国平和集团到底什么关系？他们在二级市场的操作和这次的重组有着什么样的关联？
第二，为什么上市公司不公布此二人或者还有其他人和此次重组相关联的关系，是不知道还是不想让人知道？
第三，由这些被隐匿的信息可以合理地推断，此次公布的重组信息还有多少是值得可以信赖的？由此而被怀疑的相关中介机构的可信度又有多高？
没关系，这次不被重视也不要紧，所有的事情都是有痕迹的，不影响我今后的诉求，我有的是时间并且我懂得这里面的逻辑关系，会有验证的那一天的。法律还是应该有它的作用的"
大股东也好参股的也好，听我说,"https://guba.eastmoney.com/news,600370,898825496.html",2020-01-16 22:25:26,我是不会轻易妥协的，因为我质疑的都是因公开的信息而导致的不透明不公开。我所有的行为都是受法律保护的，除非你们能证明你们是清白的且让我相信你们也是清白的。否则，即使通过了这次股东大会，但依然阻止不了我会不断申诉的，你们应该知道，我只是为了维护自己的合法权益，不想当傻子。所以，删不删不要紧，我有的是时间，哪怕你们通过了投票
这是我的质疑之一,"https://guba.eastmoney.com/news,600370,898823394.html",2020-01-16 22:08:16,这是我最新的质疑问题，请股东们要关注自己的切身利益拓跋春雨:三房巷(600370)感谢及时的回答，但我以为如果不是我提出这些问题，公司不知晓吗?为什么在公布方案的时候没有如实告知？此外，还是没有解释曹万清在这期间所有操作的理由，如上面的答复里面，看来谭国平也是类似情形，那么我以为应该给出合理的解释，集团为何选择他们作为交易伙伴
"忠告:如果股东大会通过重组,公司是唯一重组前后股价表现最差的的,跑吧","https://guba.eastmoney.com/news,600370,898821382.html",2020-01-16 21:50:32,"重组成功通过对持有三房两年以上的就是恶梦,因为错过太多机会,一直赔钱"
我是真没办法，只好一次次重发，各位真的不在乎自己的权益吗？,"https://guba.eastmoney.com/news,600370,898813761.html",2020-01-16 20:50:37,由于法律规定的限制，达不到3%的持股是没有办法对股东大会提出临时提案的，并且时间上也存在问题。按照目前三房巷的股东情况，如果我们不能在股东大会前把这些质疑变成一个现实的问题的话，那估计那些提案有极大的可能会通过。你要知道的是既然公司隐瞒了这些问题，就可以合理地推测可能还有更多的问题隐藏在背后，那么小股东的权益被侵犯应该是一个合理的结果。所以，为了你自己的利益，各位股东也应该通过各种手段来表达我们的诉求
求教诸位，这里的帖子排序按什么原则的?,"https://guba.eastmoney.com/news,600370,898812516.html",2020-01-16 20:40:56,我以为是按回复量来的，所以做了几个重复回帖。如果不是，请明白人能不能帮忙指点一下，或者想办法把我的帖子放在上面可见？谢谢，我很无奈的
这是我最新的问题，未见回答,"https://guba.eastmoney.com/news,600370,898811446.html",2020-01-16 20:32:22,"这是我最新的质疑问题，请股东们要关注自己的切身利益
拓跋春雨:三房巷(600370)感谢及时的回答，但我以为如果不是我提出这些问题，公司不知晓吗?为什么在公布方案的时候没有如实告知？此外，还是没有解释曹万清在这期间所有操作的理由，如上面的答复里面，看来谭国平也是类似情形，那么我以为应该给出合理的解释，集团为何选择他们作为交易伙伴？"
诸位，替大家叫唤的，别因为你们的沉默被闷死,"https://guba.eastmoney.com/news,600370,898808589.html",2020-01-16 20:07:58,希望大家一起来发声。你一定要知道，就我质疑的内容而言，你不发声，你的损失一定会更大。原因无它，因为他们会以为你真的好骗
各位三房巷股东,"https://guba.eastmoney.com/news,600370,898805947.html",2020-01-16 19:47:22,由于法律规定的限制，达不到3%的持股是没有办法对股东大会提出临时提案的，并且时间上也存在问题。按照目前三房巷的股东情况，如果我们不能在股东大会前把这些质疑变成一个现实的问题的话，那估计那些提案有极大的可能会通过。你要知道的是既然公司隐瞒了这些问题，就可以合理地推测可能还有更多的问题隐藏在背后，那么小股东的权益被侵犯应该是一个合理的结果。所以，为了你自己的利益，各位股东也应该通过各种手段来表达我们的诉求
有位叫福而呆的网友评论里说我幼稚,"https://guba.eastmoney.com/news,600370,898805616.html",2020-01-16 19:44:50,好吧，既然我幼稚，那么请不要删除我的帖子，也不要屏蔽相关的信息。我幼稚，但我很开心，而且，我很固执。你懂的
我可以郑重地说，如果这个网站这样来删帖的话，我觉得你们一定要慎重,"https://guba.eastmoney.com/news,600370,898801697.html",2020-01-16 19:19:09,而且我也保留相应的法律权利，这实在太让人难以置信了，花了钱买了股还得这么被人欺负，而且是不知道什么人都在合谋，简直让人难以置信，我会想别的办法的
n1396908034fee57 网友，您说都洗出去了，没有几个散户了,"https://guba.eastmoney.com/news,600370,898798503.html",2020-01-16 18:57:42,我觉得您是不是能真正理解一下我在说什么？或者如果您如果对我的看法有别样的意见的话，请真诚对待，我不喜欢您这样的说法，只是在说理
各位朋友，请大家持续关注,"https://guba.eastmoney.com/news,600370,898795918.html",2020-01-16 18:41:14,我已经发现我的前几条帖子有被删掉的情况，不知道原因，但希望大家鼎力支持，为了我们合法的权益
那位网友说曹万清是江阴人且曾经持股江阴银行,"https://guba.eastmoney.com/news,600370,898794811.html",2020-01-16 18:33:10,这个跟我要质疑的没有多大关系。这位朋友，他作为个人投资者投资谁投资多少那都是他自己的选择，但是如果作为和三房巷相关联的投资人且在这么重大的资产重组中扮演了这样特别的角色，何况我质疑的是三房巷和三房巷集团，跟曹万清本人无关，那么你所提到的内容我以为没有什么法理上的关系，我是无由质疑曹先生本人的，假如真是一位先生的话
各位股东,"https://guba.eastmoney.com/news,600370,898784586.html",2020-01-16 17:28:40,由于我对这个股吧的游戏规则不是很清楚，在交易所的问答那里何时得到回复也取决于公司的回复情况，所以请熟悉这里规则的朋友能否想办法让这个话题成为一个更大的关注话题，以便让公司切实面对我们的这些质疑。感谢您的参与
各位股东,"https://guba.eastmoney.com/news,600370,898782512.html",2020-01-16 17:15:34,由于法律规定的限制，达不到3%的持股是没有办法对股东大会提出临时提案的，并且时间上也存在问题。按照目前三房巷的股东情况，如果我们不能在股东大会前把这些质疑变成一个现实的问题的话，那估计那些提案有极大的可能会通过。你要知道的是既然公司隐瞒了这些问题，就可以合理地推测可能还有更多的问题隐藏在背后，那么小股东的权益被侵犯应该是一个合理的结果。所以，为了你自己的利益，各位股东也应该通过各种手段来表达我们的诉求和质疑，我希望大家积极参与
上海优常的另外一个合伙人是谭国平，根据公开资料查询得知三房巷曾经的十大股东之一上,"https://guba.eastmoney.com/news,600370,898797381.html",2020-01-16 17:09:57,"上海优常的另外一个合伙人是谭国平，根据公开资料查询得知三房巷曾经的十大股东之一上海虹叶酒店管理公司的法人代表也是同一个名字。由曹万清的参与重组我有合理的理由怀疑这是同一个人，且存在和上述关于曹万清的质疑是同一类型，方案中仍然没有明确。 
三房巷
三房巷：尊敬的投资者您好。本次重大资产重组报告书草案中已明确未来上市公司召开股东大会审议本次交易相关议案时，关联股东将回避表决。虹叶酒店回避表决。感谢您的关注。(来自：上交所)
(来自全景·路演天下)答复时间 2020-01-16 17:09:57"
这是我最新的质疑问题，请股东们要关注自己的切身利益,"https://guba.eastmoney.com/news,600370,898780897.html",2020-01-16 17:07:42,"拓跋春雨
:三房巷(600370)感谢及时的回答，但我以为如果不是我提出这些问题，公司不知晓吗?为什么在公布方案的时候没有如实告知？此外，还是没有解释曹万清在这期间所有操作的理由，如上面的答复里面，看来谭国平也是类似情形，那么我以为应该给出合理的解释，集团为何选择他们作为交易伙伴？"
请看内容,"https://guba.eastmoney.com/news,600370,898779308.html",2020-01-16 16:57:22,"拓跋春雨
:三房巷(600370)上海优常的另外一个合伙人是谭国平，根据公开资料查询得知三房巷曾经的十大股东之一上海虹叶酒店管理公司的法人代表也是同一个名字。由曹万清的参与重组我有合理的理由怀疑这是同一个人，且存在和上述关于曹万清的质疑是同一类型，方案中仍然没有明确。
25分钟前　来自　网站
三房巷
尊敬的投资者您好。本次重大资产重组报告书草案中已明确未来上市公司召开股东大会审议本次交易相关议案时，关联股东将回避表决。虹叶酒店回避表决。感谢您的关注。"
各位股东请持续关注我对公司提出的质疑,"https://guba.eastmoney.com/news,600370,898778155.html",2020-01-16 16:48:45,目前已经证实上海优常的合伙人之一谭国平确如我怀疑的是流通股股东上海虹叶酒店集团的法人代表，公司明确表述虹叶方会不参与投票，但这种行为本身已经很值得怀疑了，如果没有追问这就会成为一个笑话。我觉得股东们应该持续发声，这次的重组方案实在让人无法信服。你如果不在意自己的权益，那必然会有人来骗你！
感谢及时的回答，但我以为如果不是我提出这些问题，公司不知晓吗?为什么在公布方案的,"https://guba.eastmoney.com/news,600370,899044510.html",2020-01-17 14:53:00,"感谢及时的回答，但我以为如果不是我提出这些问题，公司不知晓吗?为什么在公布方案的时候没有如实告知？此外，还是没有解释曹万清在这期间所有操作的理由，如上面的答复里面，看来谭国平也是类似情形，那么我以为应该给出合理的解释，集团为何选择他们作为交易伙伴？ 
三房巷
三房巷：尊敬的投资者您好。本公司按照相关法律法规对本次重大资产重组相关内容进行了信息披露。三房巷集团向上海优常及上海休玛转让部分海伦石化股权系为优化股权结构并经各方协商一致所达成的商业安排。请参阅本公司启动重大资产重组以来披露的相关公告。感谢您的关注。
(来自上证e互动)答复时间 2020-01-17 14:53:00"
大家猜猜看三房巷十大流通股东排名哪个是我[大笑]猜对的本帅哥送个香吻你[大笑][,"https://guba.eastmoney.com/news,600370,898747464.html",2020-01-16 14:47:07,大家猜猜看三房巷十大流通股东排名哪个是我猜对的本帅哥送个香吻你
如果公司不能在股东大会前给出合理的解释,"https://guba.eastmoney.com/news,600370,898767229.html",2020-01-16 15:40:51,个人建议诸位股东考虑您手中珍贵的投票权
曹万清在2018年第四季度进入公司前十大股东，2019年4月19日公司提出重组方,"https://guba.eastmoney.com/news,600370,898797380.html",2020-01-16 17:09:57,"曹万清在2018年第四季度进入公司前十大股东，2019年4月19日公司提出重组方案，4月23日曹万清就成为本次重组对价方上海优常的合伙人之一，这是否存在利益输送的嫌疑？本次交易的关联方是上海优常，但曹万清已经持有的三房巷股票参不参加投票，方案中没有明确。 
三房巷
三房巷：尊敬的投资者您好。本次重大资产重组报告书草案中已明确未来上市公司召开股东大会审议本次交易相关议案时，关联股东将回避表决。曹万清回避表决。感谢您的关注。(来自：上交所)
(来自全景·路演天下)答复时间 2020-01-16 17:09:57"
假如上述的质疑是合理且存在的，那么上市公司有义务公开上海优常和上海休玛这两家交易,"https://guba.eastmoney.com/news,600370,898797379.html",2020-01-16 17:09:57,"假如上述的质疑是合理且存在的，那么上市公司有义务公开上海优常和上海休玛这两家交易对方公司的合伙人到底与公司有无其它关联。 
三房巷
三房巷：尊敬的投资者您好，上海优常与上海休玛两家公司除有部分合伙人为上市公司持股2%以下的股东外，与上市公司无其他关联关系。感谢您的关注。(来自：上交所)
(来自全景·路演天下)答复时间 2020-01-16 17:09:57"
假如上述的质疑是合理且存在的，那么上市公司有义务公开上海优常和上海休玛这两家交易,"https://guba.eastmoney.com/news,600370,898781282.html",2020-01-16 16:30:28,"假如上述的质疑是合理且存在的，那么上市公司有义务公开上海优常和上海休玛这两家交易对方公司的合伙人到底与公司有无其它关联。 
三房巷
三房巷：尊敬的投资者您好，上海优常与上海休玛两家公司除有部分合伙人为上市公司持股2%以下的股东外，与上市公司无其他关联关系。感谢您的关注。
(来自上证e互动)答复时间 2020-01-16 16:30:28"
上海优常的另外一个合伙人是谭国平，根据公开资料查询得知三房巷曾经的十大股东之一上,"https://guba.eastmoney.com/news,600370,898781281.html",2020-01-16 16:33:28,"上海优常的另外一个合伙人是谭国平，根据公开资料查询得知三房巷曾经的十大股东之一上海虹叶酒店管理公司的法人代表也是同一个名字。由曹万清的参与重组我有合理的理由怀疑这是同一个人，且存在和上述关于曹万清的质疑是同一类型，方案中仍然没有明确。 
三房巷
三房巷：尊敬的投资者您好。本次重大资产重组报告书草案中已明确未来上市公司召开股东大会审议本次交易相关议案时，关联股东将回避表决。虹叶酒店回避表决。感谢您的关注。
(来自上证e互动)答复时间 2020-01-16 16:33:28"
曹万清在2018年第四季度进入公司前十大股东，2019年4月19日公司提出重组方,"https://guba.eastmoney.com/news,600370,898781283.html",2020-01-16 16:29:28,"曹万清在2018年第四季度进入公司前十大股东，2019年4月19日公司提出重组方案，4月23日曹万清就成为本次重组对价方上海优常的合伙人之一，这是否存在利益输送的嫌疑？本次交易的关联方是上海优常，但曹万清已经持有的三房巷股票参不参加投票，方案中没有明确。 
三房巷
三房巷：尊敬的投资者您好。本次重大资产重组报告书草案中已明确未来上市公司召开股东大会审议本次交易相关议案时，关联股东将回避表决。曹万清回避表决。感谢您的关注。
(来自上证e互动)答复时间 2020-01-16 16:29:28"
有充分的理由质疑重组方案,"https://guba.eastmoney.com/news,600370,898752961.html",2020-01-16 14:56:27,"由于在上交所网站在线提问，公司没有给出合理的解释，特意在此发帖质疑重组协议：
第一，曹万清在2018年第四季度进入公司前十大股东，2019年4月19日公司提出重组方案，4月23日曹万清就成为本次重组对价方上海优常的合伙人之一，这是否存在利益输送的嫌疑？本次交易的关联方是上海优常，但曹万清已经持有的三房巷股票参不参加投票，方案中没有明确。
第二，上海优常的另外一个合伙人是谭国平，根据公开资料查询得知三房巷曾经的十大股东之一上海虹叶酒店管理公司的法人代表也是同一个名字。由曹万清的参与重组我有合理的理由怀疑这是同一个人，且存在和上述关于曹万清的质疑是同一类型，方案中仍然没有明确。
第三，假如上述的质疑是合理且存在的，那么上市公司有义务公开上海优常和上海休玛这两家交易对方公司的合伙人到底与公司有无其它关联。
第四，假如公司没有给出明确的答复，建议股东们保留对公司的法律权利"
有充分的理由质疑重组协议,"https://guba.eastmoney.com/news,600370,898749895.html",2020-01-16 14:50:35,"由于在上交所网站在线提问，公司没有给出合理的解释，特意在此发帖质疑重组协议：
第一，曹万清在2018年第四季度进入公司前十大股东，2019年4月19日公司提出重组方案，4月23日曹万清就成为本次重组对价方上海优常的合伙人之一，这是否存在利益输送的嫌疑？本次交易的关联方是上海优常，但曹万清已经持有的三房巷股票参不参加投票，方案中没有明确。
第二，上海优常的另外一个合伙人是谭国平，根据公开资料查询得知三房巷曾经的十大股东之一上海虹叶酒店管理公司的法人代表也是同一个名字。由曹万清的参与重组我有合理的理由怀疑这是同一个人，且存在和上述关于曹万清的质疑是同一类型，方案中仍然没有明确。
第三，加入上述的质疑是合理且存在的，那么上市公司有义务公开上海优常和上海休玛这两家交易对方公司的合伙人到底与公司有无其它关联。
第四，假如公司没有给出明确的答复，建议股东们保留对公司的法律权利"
[大笑][大笑][大笑][大笑][大笑][大笑][大笑],"https://guba.eastmoney.com/news,600370,898735332.html",2020-01-16 14:26:04,
新材料是我国未来发展的关键所在,"https://guba.eastmoney.com/news,600370,898737990.html",2020-01-16 14:31:14,"新材料处于产业链上游，对下游形成制约，同时技术要求更高，
近期日韩贸易争端已经凸显出其战略地位，是我国未来发展的关键"
[大笑][大笑][大笑][大笑][大笑][大笑][大笑][大笑][大笑],"https://guba.eastmoney.com/news,600370,898735066.html",2020-01-16 14:25:41,
额，离2.9更远了[好困惑],"https://guba.eastmoney.com/news,600370,898715968.html",2020-01-16 13:53:00,额，离2.9更远了
太阳打西边出来了,"https://guba.eastmoney.com/news,600370,898717341.html",2020-01-16 13:56:11,太阳打西边出来了
你说奇怪不奇怪，我刚刚12:50年终奖几万到账，上来一看97了下面托单上万...,"https://guba.eastmoney.com/news,600370,898693970.html",2020-01-16 13:09:50,你说奇怪不奇怪，我刚刚12:50年终奖几万到账，上来一看97了 下面托单上万...前几天偏偏几千单狂砸，我现在钱一到不砸了 呵呵
你好董秘，上面所提的两个问题我以为在股东大会前应该有必要加以澄清，但公司的联系电,"https://guba.eastmoney.com/news,600370,898722014.html",2020-01-16 13:34:29,"你好董秘，上面所提的两个问题我以为在股东大会前应该有必要加以澄清，但公司的联系电话无人接听，这里提问又无人回复，所以本人准备向证监会实名举报。 
三房巷
三房巷：尊敬的投资者您好，近日准备股东大会相关事宜，回复有所怠慢，请见谅，感谢您的关注。
(来自上证e互动)答复时间 2020-01-16 13:34:29"
鳖不住了！,"https://guba.eastmoney.com/news,600370,898685006.html",2020-01-16 12:14:32,早晨忘买了靠
买买买,"https://guba.eastmoney.com/news,600370,898675198.html",2020-01-16 11:30:06,买买买
快要压不动了,"https://guba.eastmoney.com/news,600370,898674858.html",2020-01-16 11:29:27,快要压不动了
当心筹码都被骗去,"https://guba.eastmoney.com/news,600370,898664610.html",2020-01-16 11:09:09,当心筹码都被骗去
我特么的真的超级想买，但是老板今年工资拖一天算一天真的是气死了,"https://guba.eastmoney.com/news,600370,898656193.html",2020-01-16 10:55:43,我特么的真的超级想买，但是老板今年工资拖一天算一天真的是气死了
"对于高负债民营企业,资产装入上市公司可以避免破产","https://guba.eastmoney.com/news,600370,898555791.html",2020-01-15 22:39:58,"如果不搞重组,上市公司的银子咋归还?银行债务咋处理?资产证券化逃过一劫,自救,
可惜一个好壳了"
明天见2.90满仓干！现在5分之一仓位[大笑],"https://guba.eastmoney.com/news,600370,898537684.html",2020-01-15 20:15:28,明天见2.90满仓干！现在5分之一仓位
气运丹田时，只待云深处,"https://guba.eastmoney.com/news,600370,898510340.html",2020-01-15 16:34:24,8888888888....................................
彷彿停止呼吸了，不跳動了！死股殭屍！,"https://guba.eastmoney.com/news,600370,898475250.html",2020-01-15 14:34:05,彷彿停止呼吸了，不跳動了！死股殭屍！
很明显，打压股价，低吸筹码,"https://guba.eastmoney.com/news,600370,898481643.html",2020-01-15 14:44:18,继续逢低买入，期待重组，连续涨停
机会是跌出来的,"https://guba.eastmoney.com/news,600370,898471879.html",2020-01-15 14:27:34,继续跌，可以成本更低，
逢低买入,"https://guba.eastmoney.com/news,600370,898470206.html",2020-01-15 14:25:09,这段时间明显打压，机会来了，逢低买入
2.90给力点啊,"https://guba.eastmoney.com/news,600370,898442732.html",2020-01-15 13:32:14,2.90给力点啊
粗略的判断一下，估计这次重组会失败,"https://guba.eastmoney.com/news,600370,898411231.html",2020-01-15 11:23:26,粗略的判断一下，估计这次重组会失败
僵尸，,"https://guba.eastmoney.com/news,600370,898391391.html",2020-01-15 10:47:02,僵尸，
这次重组公告出来，至今证监会和上交所也没发问询函，应该通过没啥问题！,"https://guba.eastmoney.com/news,600370,898277684.html",2020-01-14 19:55:38,这次重组公告出来，至今证监会和上交所也没发问询函，应该通过没啥问题！
每天砸出筹码谁再接，散户吗？早就吓破胆了，大庄家洗盘，基本面把你破坏到无法想象,"https://guba.eastmoney.com/news,600370,898359649.html",2020-01-15 10:01:45,每天砸出筹码谁再接，散户吗？早就吓破胆了，大庄家洗盘，基本面把你破坏到无法想象
上个提问已经过去24小时了，没有回应。这里再提一个问题，希望能有回复，否则会向相,"https://guba.eastmoney.com/news,600370,898746784.html",2020-01-16 14:10:51,"上个提问已经过去24小时了，没有回应。这里再提一个问题，希望能有回复，否则会向相关方面进行投诉。跟曹万清类似的另外一个股东，也就是上海优常的合伙人之一谭国平，应该也是三房巷的股东，曾经出现在十大股东行列的上海虹叶酒店公司的法人代表，这样的关联关系该不该公布？ 
三房巷
三房巷：尊敬的投资者您好，谭国平为本次交易对方合伙人之一，本公司已根据相关法律法规履行了信息披露义务。感谢您的关注。
(来自上证e互动)答复时间 2020-01-16 14:10:51"
未来大股东持有88%的股份，流通12%的股份，净利润8亿，你们自己想想股价应该在,"https://guba.eastmoney.com/news,600370,898355943.html",2020-01-15 09:57:15,未来大股东持有88%的股份，流通12%的股份，净利润8亿，你们自己想想股价应该在多少，pta的股票都在10元以上，自己想想吧，这个价格只买不卖，今年翻不翻倍全靠三房巷千万别被大庄家骗去筹码，以后每年分红自己再想想。
600370:三房巷关于媒体报道的澄清公告,"https://guba.eastmoney.com/news,600370,898017741.html",2020-01-13 20:06:55,"公告日期：2020-01-14


证券代码：600370 证券简称：三房巷 公告编号：2020-001

江苏三房巷实业股份有限公司



关于媒体报道的澄清公告



本公司董事会及全体董事保证本公告内容不存在任何虚假记载、误导性陈述或者重大遗漏，并对其内容的真实性、准确性和完整性承担个别及连带责任。

一、澄清说明



江苏三房巷实业股份有限公司（以下简称“上市公司”或“公司”）近期关注到相关媒体发布了《三房巷“蛇吞象”式并购前景不乐观 标的公司业绩“逆袭”有疑点》（以下简称“媒体报道”）的文章。为了避免对投资者构成误导，公司关注到媒体报道后进行了认真核实，现对相关内容予以澄清及说明。



（一）关于“标的公司分析实际营收增长情况时引用同行业相关公司追溯调整后数据更合理”相关事宜的说明



媒体报道中提到“2017 年海伦石化营收增速仅为 10.08%（未经审计营收增速），2018 年攀升至 27.77%。对于该公司营收的大幅增长，其选取了恒逸石化、荣盛石化、恒力股份（即恒力石化）、桐昆股份、新凤鸣 5 家公司作为其同行业可比公司，而问题就出在恒力股份的数据提取上。其引用的 2018 年恒力股份的营收增长率为 169.5%，而 Wind 数据显示，其当年实际的营收增长率仅为 26.51%。

恒力股份在2019年4月10日发布了关于同一控制下企业合并对前期的财务报表进行追溯调整说明的公告，内容显示由于 2018 年收购同一控制下的企业，故对前期的财务数据进行了追溯调整，追溯后 2017 年其实际实现营收 474.81亿元，2018 年实现营收 600.67 亿元，因此营收增速为 26.51%，显然，如果分析公司实际营收增长情况，引用追溯调整后的数据才更加合理。”



经核实，公司前期披露的同行业可比上市公司营业收入数据如下：



单位：亿元



公司名称 2016年度 2017年度 2017年增长率 2018年度 2018年增长率



恒逸石化 324.19 642.84 98.29% 849.48 32.14%



荣盛石化 455.01 705.31 55.01% 914.25 29.62%



恒力石化 192.40 222.88 15.84% 600.67 169.50%



桐昆股份 255.82 328.14 28.27% 416.01 26.78%





公司名称 2016年度 2017年度 2017年增长率 2018年度 2018年增长率



新凤鸣 174.77 229.63 31.39% 326.59 42.22%



行业平均 280.44 425.76 51.82% 621.40 45.95%



标的公司 167.32 184.19 10.08% 251.01 36.28%



注：上表数据同行业可比公司为经审计数据，标的公司为未经审计数。



其中恒力石化 2016 年、2017 年营业收入 192.40 亿元、222.88 亿元分别为

恒力石化于 2017 年 2 月 28 日、2018 年 3 月 10 日披露的《2016 年年度报告》、

《2017 年年度报告》中的财务数据。2019 年 4 月 10 日恒力石化由于同一控制下

企业合并对 2016 年、2017 年财务数据进行了追溯调整，追溯调整后其 2016 年、

2017 年营业收入分别为 413.40、474.81 亿元。



考虑恒力石化 2016 年、2017 年营业收入数据追溯调整，海伦石化同行业可

比公司营业收入数据如下：



单位：亿元



公司名称 2016年度 2017年度 2017年增长率 2018年度 ……
[点击查看PDF原文]
提示：本网不保证其真实性和客观性，一切有关该股的有效信息，以交易所的公告为准，敬请投资者注意风险。
展开阅读全文"
macd需要调整,"https://guba.eastmoney.com/news,600370,898254701.html",2020-01-14 17:27:02,macd需要调整
5天线拐头向下，要调整了,"https://guba.eastmoney.com/news,600370,898254672.html",2020-01-14 17:26:49,5天线拐头向下，要调整了
发错了发错了，,"https://guba.eastmoney.com/news,600370,898254779.html",2020-01-14 17:26:58,发错了发错了，
进仓了。,"https://guba.eastmoney.com/news,600370,898231342.html",2020-01-14 15:11:24,进仓了。
看三房巷K线，这股该翻倍,"https://guba.eastmoney.com/news,600370,898072245.html",2020-01-14 09:24:31,不相信这股不会爆发，耐心等待
澄清了新闻报道，重大利好，开启连续涨停模式,"https://guba.eastmoney.com/news,600370,898204571.html",2020-01-14 14:19:55,逢低买入
今天红盘，看来有戏,"https://guba.eastmoney.com/news,600370,898203070.html",2020-01-14 14:17:06,逢低买入
未来钱越来越多，主力只能做业绩好的大盘股，只有靠流通多的股票才能满足,"https://guba.eastmoney.com/news,600370,898179709.html",2020-01-14 13:32:16,未来钱越来越多，主力只能做业绩好的大盘股，只有靠流通多的股票才能满足
美锦能源就是三房巷的师范,"https://guba.eastmoney.com/news,600370,898176518.html",2020-01-14 13:25:43,美锦能源就是三房巷的师范
40亿股本真业绩，月线都是这种走势，三房巷未来可期啊，人家以前也是跌的没人要,"https://guba.eastmoney.com/news,600370,898175134.html",2020-01-14 13:23:19,40亿股本真业绩，月线都是这种走势，三房巷未来可期啊，人家以前也是跌的没人要
一个个交出筹码，上机构得当,"https://guba.eastmoney.com/news,600370,898172901.html",2020-01-14 13:18:20,一个个交出筹码，上机构得当
真业绩来了以后上去还会下来吗？只有题材股上去打回原形,"https://guba.eastmoney.com/news,600370,898171988.html",2020-01-14 13:15:58,真业绩来了以后上去还会下来吗？只有题材股上去打回原形
重组成功，净利润7亿，加上本来自身盈利的，达到8亿，未来注册制靠的就是业绩啊,"https://guba.eastmoney.com/news,600370,898168483.html",2020-01-14 13:08:13,重组成功，净利润7亿，加上本来自身盈利的，达到8亿，未来注册制靠的就是业绩啊
澄清有什么用股价不会骗人,"https://guba.eastmoney.com/news,600370,898164698.html",2020-01-14 12:49:23,越描越黑
pat重组成功也不止这个价格吧,"https://guba.eastmoney.com/news,600370,898164738.html",2020-01-14 12:49:17,pat重组成功也不止这个价格吧
公司都澄清了，还打压，低价进来的人越来越多,"https://guba.eastmoney.com/news,600370,898147296.html",2020-01-14 11:23:31,公司都澄清了，还打压，低价进来的人越来越多
卖盘全是1111典型庄打压，坏家伙,"https://guba.eastmoney.com/news,600370,898128895.html",2020-01-14 10:51:33,卖盘全是1111典型庄打压，坏家伙
今天三房有量，价格跟上又是一波行情,"https://guba.eastmoney.com/news,600370,898106374.html",2020-01-14 10:15:23,今天三房有量，价格跟上又是一波行情
请问董秘：曹万清属于内幕交易吗？属于关联股东吗？会回避投票吗？,"https://guba.eastmoney.com/news,600370,898746781.html",2020-01-16 14:10:51,"请问董秘：曹万清属于内幕交易吗？属于关联股东吗？会回避投票吗？ 
三房巷
三房巷：尊敬的投资者您好，曹万清为本次交易对方合伙人之一，截至2019年9月30日，为本公司前十大股东之一。在股东大会审议相关事项时，关联股东将按照相关法律法规的规定回避表决。感谢您的关注。
(来自上证e互动)答复时间 2020-01-16 14:10:51"
总是在不合适的时机做不合适的事情，浪费一次又一次的机会和机遇，每次都走在市场的后,"https://guba.eastmoney.com/news,600370,898068069.html",2020-01-14 09:11:42,总是在不合适的时机做不合适的事情，浪费一次又一次的机会和机遇，每次都走在市场的后面，最终肯定会落得不幸的下场，不信，走着瞧
"市场真傻,三房大股东聪明","https://guba.eastmoney.com/news,600370,898055338.html",2020-01-14 07:27:19,"专业机构\私募\游资真傻,咋不买这个利润重组后一年几个亿利润的公司股票?
因为大股东太聪明,高溢价高负债转入传统资产后,股份达到80%以上了.绝对控制公司,我在想咋不私有化呢?"
三房巷专治不服，跌跌不休。,"https://guba.eastmoney.com/news,600370,897988272.html",2020-01-13 16:41:34,三房巷专治不服，跌跌不休。
尼玛浪费了大好时光,"https://guba.eastmoney.com/news,600370,898033534.html",2020-01-13 22:10:33,尼玛浪费了大好时光
增加营业收入10亿，净利润那么低，还好意思说,"https://guba.eastmoney.com/news,600370,898018821.html",2020-01-13 20:15:34,增加营业收入10亿，净利润那么低，还好意思说
600370:三房巷2020年第一次临时股东大会会议资料,"https://guba.eastmoney.com/news,600370,898000296.html",2020-01-13 17:59:35,"公告日期：2020-01-14

江苏三房巷实业股份有限公司

（600370）

二〇二〇年第一次临时股东大会

会议资料

江苏三房巷实业股份有限公司董事会

2020 年 1 月 22 日


江苏三房巷实业股份有限公司

2020 年第一次临时股东大会会议须知

为维护投资者的合法权益，保障股东在公司2020年第一次临时股东大会期间依法行使权利，确保股东大会的正常秩序和议事效率，根据《中华人民共和国公司法》、《股东大会议事规则》、《公司章程》等有关规定，特制定本须知：

一、请股东（或股东代表）按照本次股东大会会议通知（详见 2019 年 12 月 30 日刊登于上
海证券交易所网站（www.sse.com.cn）的《江苏三房巷实业股份有限公司关于召开 2020 年第一次临时股东大会的通知》）中规定的时间和登记方法办理参加会议手续，证明文件不齐或手续不全的，谢绝参会。

二、大会期间，全体出席人员应维护股东的合法权益、确保大会的正常秩序和议事效率，自觉履行法定义务，不得侵犯其他股东的权益，不得扰乱大会正常秩序。为保证会场秩序，会议开始后，请关闭手机铃声或调至振动状态。

三、股东（或股东代表）参加股东大会依法享有发言权、质询权、表决权等权利，同时也应履行法定义务，尊重其他股东的合法权益。股东（或股东代表）在大会上发言，应围绕本次大会所审议的议案，简明扼要。

四、现场会议采取记名投票表决方式。股东以其持有的有表决权的股份数额行使表决权，每一股份享有一票表决权。出席会议的股东（或股东代表）在投票表决时，应按照表决票中的要求在每项议案下设的“同意”、“反对”、“弃权”三项中 任选一项，未填、错填、字迹无法辨认的表决票均视为“ 弃权”。

五、本次股东大会由公司聘请律师事务所执业律师现场见证，并出具法律意见书。


2020年第一次临时股东大会会议议程

一、会议签到

二、主持人宣布会议开始，介绍出席会议股东人数、代表股份数及参会来宾

三、大会推选计票、监票人

四、宣读并逐项审议以下议案：

1、审议《关于公司发行股份购买资产并募集配套资金暨关联交易符合相关法律、法规规定的议案》；

2、逐项审议《关于公司发行股份购买资产具体方案的议案》；

3、逐项审议《关于公司募集配套资金具体方案的议案》

4、审议《关于<江苏三房巷实业股份有限公司发行股份购买资产并募集配套资金暨关联交易报告书（草案）>及其摘要的议案》；

5、审议《关于本次公司发行股份购买资产并募集配套资金构成关联交易的议案》；

6、审议《关于本次交易不构成<上市公司重大资产重组管理办法>第十三条规定的重组上市的议案》；

7、审议《关于本次交易符合<关于规范上市公司重大资产重组若干问题的规定>第四条规定的议案》；

8、审议《关于本次交易符合<上市公司重大资产重组管理办法>第十一条及第四十三条规定的议案》；

9、审议《关于公司股票价格波动未达到<关于规范上市公司信息披露及相关各方行为的通知>第五条相关标准的说明的议案》；

10、审议《关于签订附条件生效的<发行股份购买资产协议之补充协议（二）>的议案》；
11、审议《关于签订附条件生效的<业绩补偿协议>的议案》；

12、审议《关于本次交易履行法定程序的完备性、合规性及提交的法律文件的有效性的说明的议案》；

13、审议《关于本次交易相关主体不存在<关于加强与上市公司重大资产重组相关股票异常交易监管的暂行规定>第十三条情形的说明的议案》；

14、审议《关于资产评估机构的独立性、假设前提的合理性、评估方法与目的的相关性以及评估定价的公允性的议案》；

15、审议《关于公司发行股份购买资产定价的依据及公平合理性说明的议案》；

16、审议《关于本次交易相关审计报告、资产评估报告和备考审阅报告的议案》；

17、审议《关于提请股东大会授权董事全权办理本次交易相关事宜的议案》；

18、审议《关于公司发行股份购买资产并募集配套资金摊薄即期回报填补措施的议案》。
19、审议《关于<未来三年（2020 年-2022 年）股东回报规划>的议案》。


20、审议《关于修订<江苏三房巷实业股份有限公司募集资金管理制度>的议案》。

五、股东及股东代表提问、发言和董事、监事、高级管理人员解答

六、股东对大……
[点击查看PDF原文]
提示：本网不保证其真实性和客观性，一切有关该股的有效信息，以交易所的公告为准，敬请投资者注意风险。
展开阅读全文"
1月22号只能网上投票支持了[赞],"https://guba.eastmoney.com/news,600370,898028314.html",2020-01-13 21:28:13,1月22号只能网上投票支持了
低价发型29亿股，怎么玩？没的玩,"https://guba.eastmoney.com/news,600370,898018910.html",2020-01-13 20:16:19,低价发型29亿股，怎么玩？没的玩
三房巷70亿元关联收购“暗门”,"https://guba.eastmoney.com/news,600370,897980059.html",2020-01-13 15:50:54,"行业周期顶峰，关联方高价将资产转让给上市公司，三房巷收购标的持续盈利能力待考。
本刊记者 王东岳／文
2019年12月30日，三房巷（600370.SH）发布收购草案，拟以76.5亿元收购三房巷集团有限公司（下称“三房巷集团”）、江苏三房巷国际贸易有限公司(下称“三房巷国贸”)等4名股东合计持有的江苏海伦石化有限公司（下称“海伦石化”）100%股权。
海伦石化主要从事瓶级聚酯切片和精对苯二甲酸（PTA）产品的研发、生产和销售业务。
2017年起，PTA产业加速出清，产品价格持续走高。2018年，PTA及聚酯产品价格步入周期顶端，平均价格增幅接近30%。
受产品价格波动变化影响，2018年，海伦石化大幅扭亏为盈，实现超过7亿元的利润增长。
收购草案中，三房巷表示，本次交易有利于增强上市公司持续经营能力、提升上市公司盈利能力。
需要投资者注意的是，2019年7月以来，PTA及聚酯产品价格迅速回落，产品平均价格同比下滑幅度超过20%，海伦石化未来持续盈利能力有待观察。
此外，截至2019年8月末，海伦石化有接近70亿元的关联方占款未能收回，公司控股股东占款问题严重。
资产腾挪助“增长”
根据收购草案，三房巷本次拟以发行股份方式收购海伦石化100%股权，拟发行价格为2.6元/股，合计发行股份数为29.42亿股。
2018年年末，海伦石化净资产金额约为8.83亿元；2019年8月末，海伦石化净资产上升至37.93亿元，增加29.1亿元。以本次交易价格计，2018年和2019年8月末，海伦石化对应的市净率（P/B）分别约为8.66倍和2.02倍。
2017年，海伦石化实现营业收入176.77亿元，净利润-2086万元；2018年，海伦石化实现营业收入225.86亿元，实现净利润6.96亿元。
2017年和2018年，公司的非经常性损益金额分别为5785万元和6.68亿元。扣除非经常性损益影响后，海伦石化2017年和2018年的净利润分别为-7871万元和2839万元。
海伦石化的数据变化主要来自公司收购前的一系列资本运作。
2019年5月，海伦石化通过存续分立的方式分立为海伦石化和江阴市三伦化纤贸易有限公司（下称“三伦化纤”）。分立后三伦化纤实收资本为27亿元，海伦石化注册资本降至3亿元。其中，三房巷集团以货币形式出资2.97亿元，占注册资本的99%，三房巷国贸以货币形式出资300万元，占1%。
由于历史盈利不佳，2017年以前，海伦石化累计亏损严重。数据显示，截至2018年年末，海伦石化的未分配利润为-28.01亿元，公司所有者权益（合计数，关联收购前数据）为2.9亿元。
通过分立，海伦石化将历史形成的-26.9亿元未分配利润划至三伦化纤，即后者在确认实收资本27亿元的同时确认未分配利润-26.9亿元，最终确认的所有者权益为1000万元。
在完成累计亏损剥离后，2019年6月，海伦石化将注册资本重新由3亿元增至31亿元，三房巷集团、三房巷国贸分别持有海伦石化 93%、7%股权。
2019年7月，海伦石化分别以18.5亿元、9514万元、9514万元、6342万元和1000万元收购兴业塑化、兴宇新材料、兴泰新材料、兴佳塑化、三房巷储运等5家公司100%股权。
按照会计准则，同一控制下企业合并产生的子公司期初至合并日的当期净损益应计入非经常性损益。受此影响，2019年1-8月，海伦石化实现营业收入150.12亿元，实现净利润6.57亿元。
经统计，2018年和2019年1-8月，上述5家公司的并表使海伦石化净利润分别增加6.68亿元和4.24亿元，海伦石化的未分配利润由2018年的-28.01亿元增至4.19亿元，增加额为32.2亿元。
周期转换 业绩缩水
PTA是典型周期性行业，产品价格波动对行业盈利影响巨大。2017年起，PTA行业的低端产能出清，叠加下游需求增长，使行业供需关系持续改善，产品价格提升。
以海伦石化为例。2017年，海伦石化的瓶级聚酯切片产品的销售价格约为6558.84元/吨，公司PTA产品销售价格为4423.15元/吨。
2018年，海伦石化瓶级聚酯切片产品的销售价格为8091.66元/吨，同比增长23.37%；PTA产品销售价格为5712.05元/吨，同比增长29.14%。
而需要投资者注意的是，2019年，海伦石化PTA及聚酯切片价格步入下行周期，单纯以公司周期顶端的盈利水平评估公司价值，将难免产生误差。
2019年1-8月，海伦石化瓶级聚酯切片产品价格为7103.86元/吨，PTA产品销售价格为 5447.26元/吨。
与2018年相比，2019年1-8月，海伦石化瓶级聚酯切片和PTA产品平均售价分别下滑12.21%和4.64%。
Wind数据显示，截至2019年12月，瓶级聚酯切片的销售价格为6700元/吨，同比下滑17.28%；PTA产品销售价格为4838元/吨，同比下滑21.36%。与2019年1-8月相比，2019年12月，瓶级聚酯切片和PTA产品销售价格分别下滑5.69%和11.18%。
或许是受产品价格预期下降影响，本次收购中，海伦石化调低了公司2020年和2021年的盈利预期。
根据业绩补偿协议，若本次发行股份购买资产于2020年实施完毕，业绩承诺期限为2019 -2022年。
三房巷集团和三房巷国贸承诺，2019年，海伦石化实现的经审计净利润不低于7.09亿元，2019-2020 年累计不低于12.81亿元，2019-2021年累计不低于19.64亿元，2019-2022年累计不低于26.96亿元。
以上述数据计，2019-2022年，海伦石化各年度的净利润分别不低于7.09亿元、5.72亿元、6.83亿元和7.32亿元。
经计算可知，2020年和2021年，海伦石化的业绩承诺分别较2019年下滑19.32%和3.67%。
聚焦关联方占款
目前，海伦石化产品价格与2017年基本接近。根据财务数据，2017年，海伦石化的净利润为-2086万元。而按照业绩承诺，2020年，海伦石化承诺的净利润金额为5.72亿元，大幅高于公司2017年的净利润水平。
未来，海伦石化如何在产品价格低位实现超过5亿元的业绩承诺？
根据评估机构出具的评估报告，财务费用的大幅下降对海伦石化实现业绩承诺至关重要。
评估机构预计，2020-2022年，海伦石化的财务费用均为1.73亿元，分别占当期营业收入的0.9%、0.91%和0.89%。
2017年、2018年和2019年1-8月，海伦石化的财务费用分别为2.28亿元、8.45亿元和5.14亿元，分别占当期营业收入的1.29%、3.74%和2.79%。
以最近一个完整年度的2018年数据计，2020-2022年，海伦石化财务费用将减少6.72亿元，分别占净利润预测数的117.69%、98.39%和91.68%。评估机构指出，2019年，三房巷集团及其关联公司将归还对海伦石化相关款项，并用于偿付给银行借款等有息负债债权人。
根据收购草案，截至2019年8月末，海伦石化的资产负债率约为80.49%，公司货币资金为45.77亿元，其中包括受限资金27.63亿元；同期，海伦石化有息负债合计约为78.87亿元，主要包括短期借款56.49亿元。
与公司可动用的现金相比，海伦石化短期借款相对较多，公司资产负债率较高。
2017年、2018年和2019年8月末，海伦石化的其他应收款账面价值分别为58.97亿元、66.34亿元和55.52亿元，资金性质主要为关联方资金拆借。
同时，由于海伦石化存在较高比例的关联交易，公司账面还存在较大规模的关联方应收账款。
2018年和2019年1-8月，海伦石化分别向控股股东三房巷集团及其关联方销售商品77.12亿元和37.85亿元。截至2019年8月末，海伦石化应收账款账面余额约为17.83亿元。其中，公司对三房集团及其关联方的应收账款账面余额约为13.8亿元，占比77.4%。
经统计，截至2019年8月，三房巷集团及其关联方对海伦石化的合计欠款金额约为69.32亿元，占公司当期资产总额的35.66%。显然，三房巷集团对海伦石化的欠款是否能够如期偿还，将直接影响海伦石化未来的业绩表现。
根据Wind数据，截至2019年三季度末，三房巷集团合计持有三房巷4.36亿股股份，已累计质押4.36亿股，占其持有上市公司股份的100%。
三房集团是否有能力偿还对海伦石化的相关欠款？
针对文中所涉问题，《证券市场周刊》记者已向三房巷发送采访函，截至发稿未得到公司回复。

#笔记广场#
展开阅读全文"
以挂2.9，买的进吗[为什么],"https://guba.eastmoney.com/news,600370,897902370.html",2020-01-13 12:39:30,以挂2.9，买的进吗
其实我也想这垃圾能好一点，可是大股东太贪心，又没魄力，关键是还没脑，所以很难有好,"https://guba.eastmoney.com/news,600370,897894888.html",2020-01-13 11:47:08,其实我也想这垃圾能好一点，可是大股东太贪心，又没魄力，关键是还没脑，所以很难有好的发展
大盘涨了，三房巷这垃圾还是跌,"https://guba.eastmoney.com/news,600370,897879715.html",2020-01-13 11:08:30,
2.5以下再考虑。目前适合观望,"https://guba.eastmoney.com/news,600370,897869182.html",2020-01-13 10:48:11,2.5以下再考虑。目前适合观望
三房巷6元买的，到底什么时间能回本。,"https://guba.eastmoney.com/news,600370,897866448.html",2020-01-13 10:43:16,三房巷6元买的，到底什么时间能回本。
梦想彻底破灭,"https://guba.eastmoney.com/news,600370,897859247.html",2020-01-13 10:29:50,指望小三重组解套 TM的一点希望都没有了
大盘下跌，三房巷不跌才怪,"https://guba.eastmoney.com/news,600370,897843576.html",2020-01-13 10:04:36,
三房巷“蛇吞象”式并购前景不乐观 标的公司业绩“逆袭”有疑点,"https://guba.eastmoney.com/news,600370,897735631.html",2020-01-12 12:05:25,"证券市场红周刊
三房巷“蛇吞象”式并购前景不乐观 标的公司业绩“逆袭”有疑点
证券市场红周刊
01-12 11:00
阅读 4838
三房巷拟""蛇吞象""式的并购大股东控制的资产，短期内虽然能""促肥""公司营收，但并购前夕标的公司""逆袭""的业绩却惹人怀疑，参考历年业绩来看，其后续发展也难言乐观。此外，大股东曾大量占用上市公司大量资金并遭处罚，同样让人担忧。而标的公司采购数据出现的巨额勾稽差异，则直指其财务数据的真实性。



自2019年4月起三房巷便开始筹划重大资产重组，而几经修订后的草案仍然存在诸多问题。
据草案显示，三房巷拟通过发行股份并募集配套资金不超过8亿元购买其控股股东三房巷集团及三房巷国贸、上海优常、上海休玛合计持有的海伦石化100%股权，交易作价76.5亿元。而标的公司海伦石化不论是资产规模还是营收规模均是上市公司的十几倍，这就意味着本次并购是一次典型的“蛇吞象”式收购。
事实上，为了将海伦石化成功并入上市公司体系，三房巷集团可谓使出了浑身解数。据草案披露，其通过分立存续的方式，注资新设公司，化解了标的公司存在巨额“未分配利润”的问题，但原有巨额负债却依旧留在海伦石化，一旦并购完成，这些债务重担便会压在上市公司肩上。
此外，从草案内容来看，三房巷集团对海伦石化进行了增资，此举使得标的公司的净资产规模扩大，稀释了海伦石化资产的评估增值率，但由于标的公司体量庞大，整体评估增值额高达38.62亿元。由于此次交易为同一控制下的企业合并，因此并未给上市公司带来商誉的增加。
收购体量如此庞大的标的公司，上市公司内部结构将迎来翻天覆地的变化，因此，标的公司的“质地”就显得很关键了。然而，《红周刊》记者发现，标的公司海伦石化的业绩变化显得十分异常，2018年在同行业的营收增速大幅下降之时，其营收、净利润却逆势突增；更令人担忧的是，其草案中披露的采购数据存在巨额勾稽差异，财务数据的真实性待考。
并购前夕的业绩“逆袭”
事实上，三房巷集团大手笔向上市公司注入资产，恐怕与三房巷自身窘迫的经营状况不无关系。
据Wind数据显示，2012年至2016年，三房巷营业收入连续五年出现持续下滑，主业发展已然显现出疲乏的态势，2017年和2018年营业收入虽然略有增长，但利润规模仍然不大(详见表1)，到了2019年，其前三季度的营业收入再次出现12.75%的下滑，扣非归母净利润也同比下滑1.47%。
而一旦海伦石化成功并入上市公司体系，那么三房巷的资产规模、收入规模、净利润规模等都将得到大幅提升，其十亿左右的营收规模，将跃升至百亿级。可问题在于，此举虽然能够在规模上快速“催肥”上市公司，但是否能够给上市公司带来稳定的业绩增长才是问题的关键。
从历史状况来看，海伦石化的经营状况十分加令人担忧。
草案显示，并购前夕海伦石化经历了一次存续分立的内部调整，调整后分为存续公司海伦石化及新设公司三伦化纤，重组标的为分立后的存续公司海伦石化。分立前海伦石化的未分配利润金额为-27.10亿元，这意味着其以前年度应该大多处于亏损状态，否则又如何能造成如此规模的未分配利润负值呢？而这说明海伦石化过去的经营状态并不好。
2017年时，其营业收入为176.77亿元，净利率则亏损了2086.4万元，而到了2018年，其突然发力，营业收入达到了225.86亿元，同比增长27.77%，实现净利润6.96亿元。本来业绩亏损的公司，在即将注入上市公司前夕，业绩突然大幅增长，这岂不是很可疑吗？倘若并入上市公司后，其业绩突然“变脸”，受损的恐怕又是二级市场的投资者了。
其异常的业绩变化也引起了上交所的关注，于是上交所下发问询函要求其说明业绩波动的合理性。三房巷在回复中将海伦石化净利润的增长归功于营业收入、毛利率的大幅提升，以及汇率波动等因素的影响，并且其在草案中通过对比同行业公司的增长情况对此进行了论证，然而，《红周刊》记者发现，三房巷在可比公司数据的引用上却出现了问题。
具体来看，2017年海伦石化营收增速仅为10.08%（未经审计营收增速），2018年攀升至27.77%。对于该公司营收的大幅增长，其选取了恒逸石化、荣盛石化、恒力股份（即恒力石化）、桐昆股份、新凤鸣5家公司作为其同行业可比公司，而问题就出在恒力股份的数据提取上。其引用的2018年恒力股份的营收增长率为169.5%，而Wind数据显示，其当年实际的营收增长率仅为26.51%。
为何会出现如此巨大的差异呢？实际上，恒力股份在2019年4月10日发布了关于同一控制下企业合并对前期的财务报表进行追溯调整说明的公告，内容显示由于2018年收购同一控制下的企业，故对前期的财务数据进行了追溯调整，追溯后2017年其实际实现营收474.81亿元，2018年实现营收600.67亿元，因此营收增速为26.51%，显然，如果分析公司实际营收增长情况，引用追溯调整后的数据才更加合理。
如果引用追溯调整后的数据，2017年、2018年行业平均增速分别为51.82%、30.51%，其中2018年行业增速相较上年大幅下降21.31个百分点，而标的公司2018年的营业收入增速却与逆行业趋势相反，相比2017年，增速反而高出26.20个百分点。其中恒力股份追溯调整后的增速以及新凤鸣的增速虽然也有增加，但幅度并不大，而海伦石化逆势大幅增长就显得十分抢眼了，这不免让人对其营收突增的情况产生怀疑。
不仅如此，海伦石化的毛利率增长速度也远超同行。草案显示，其2017年、2018年的毛利率分别为2.27%、10.01%，同比增长了7.74个百分点，翻了3倍有余。然而同行业可比公司均呈小幅增长或下降趋势（详见下表3）。
除此之外，海伦石化的关联交易问题也不容忽视。
草案显示，报告期内海伦石化的第一大客户为三房巷集团及其关联方，2017年至2019年1-8月，海伦石化向第一大客户销售金额分别达64.54亿元、77.12亿元、37.85亿元，占营业收入的比重达36.51%、34.14%、25.22%。可见，海伦石化多年来三成左右的营业收入均由关联方贡献，而大量的关联交易是滋生利益输送的温床，倘若日后其未能严格遵守关联交易内部规范，而做出侵害中小股东利益的行为，后果将不堪设想。
大股东资金占用惹人忧
本次并购交易存在的另一问题为，控股股东三房巷集团曾多次非经营性占用标的公司海伦石化的资金。
据三房巷在给上交所问询函的回复资料显示，2017年及2018年，其累计占用海伦石化的资金分别高达170.91亿元、298.87亿元，直到并购草案披露时，三房巷集团仍未解决该问题，2019年8月末，海伦石化仍向关联方拆出资金55.42亿元，在上交所一再询问下，三房巷集团到2019年末才将拆借资金偿还完毕。
倘若控股股东缺钱，将手伸进上市公司的钱袋，无疑会影响上市公司的运营，甚至可能给上市公司带来灭顶之灾。这在A股市场中，并不鲜见，比如华泽退之所以走到退市的地步，就与大股东违规占用上市公司巨额资金有关，实际上，三房巷集团本身就曾有过占用上市公司资金而被处罚的“前科”。
2018年1月18日三房巷发布公告表示，2014年度至2015年度，控股股东三房巷集团及其子公司分别13次、18次占用上市公司资金3.78亿元、6.35亿元，并且三房巷故意隐瞒，未将上述关联方资金往来记账，由此导致三房巷股份2014年度、2015年度报告信息披露存在重大遗漏，为此三房巷遭到了中国证券监督管理委员会江苏监管局的处罚。
更为重要的是，此次拟收购的海伦石化也存在巨大的债务压力，草案显示，其短期债务压力极大，目前有56.49亿元的短期借款亟待偿还。近年来，海伦石化的负债一直处于较高水平，其中2017年和2018年的资产负债率分别高达98.36%和95.65%，虽然2019年8月末其资产负债率水平有所下降，但仍处于80.49%的高位。相反，上市公司目前的负债压力则小得多，截至2019年三季度，三房巷的资产负债率仅为11.97%，一旦并购完成，海伦石化并表后，上市公司恐怕会受到海伦石化高负债的拖累。
此外，海伦石化还存在巨额关联担保尚未完成的情形。
草案显示，报告期内海伦石化多次对控股股东及其关联方提供债务担保，大多数已于2019年完成，但尚存一笔金额为2.86亿元的担保将至2020年7月2日方能完成。按常理，股权转让后此类担保情况理应解除，但目前海伦石化却不得不在此项担保中继续承担风险，而这也意味着控股股东资金紧张的难题恐怕一时半会解决不了，一旦日后资金真的出现状况，风险爆发，上市公司恐怕也将牵连其中。
标的公司采购数据存疑
《红周刊》记者发现，此次并购的标的公司海伦石化的采购数据也存在勾稽异常。
并购草案显示，海伦石化2018年向前五大供应商采购金额为65.04亿元（详见表4），占采购总额的比重为33.72%，故可推算出其采购总额为192.88亿元，考虑到当年16%的增值税税率（自2018年5月增值税税率由17%下调至16%），按月平均计算采购后，可估算出其含税采购金额为224.38亿元。根据财务勾稽关系，该部分采购金额应体现为相关现金流的流出及经营性债务的增减。那么，海伦石化的相关财务数据是否符合该勾稽逻辑呢？
进一步来看，在海伦石化的合并现金流量表中，2018年其“购买商品、接受劳务支付的现金”金额为205.53亿元，剔除当期支付但不属于本期的预付款项增加额5269.17万元影响后，再与当期224.38亿元的含税材料采购金额相勾稽，则出现了19.37亿元的差额，这也就意味着海伦石化本期的采购款项尚未全部支付，理应体现为应付账款等经营性负债同等规模的增加。
可事实上，海伦石化2018年末应付票据及应付账款合计金额为59.56亿元，较2017年末的62.12亿元反而减少了2.56亿元，这一结果显然与上述推理相悖，一增一减下，两者差额达21.93亿元,这也就说明了海伦石化有21.93亿元的采购金额没有相关财务数据的支撑。
还需要注意的是，导致差异的原因可能是海伦石化使用票据背书的方式支付供应商货款所致，但倘若真存在几十亿元的背书或货款抵消，其又为何不在草案中进行披露呢，究竟是信息披露不完善，还是采购数据真存在问题，这就需要公司给出合理的解释了。
#笔记广场#
展开阅读全文"
慢性死亡之路,"https://guba.eastmoney.com/news,600370,897777269.html",2020-01-13 07:54:46,"理解一个寡妇有钱,嫁给一个负债累累身体又不健康的喜爱叔子的后果,分析三房的并购重组就豁然开朗了"
海伦石化真的不行，一塌糊涂,"https://guba.eastmoney.com/news,600370,897750892.html",2020-01-12 18:12:33,海伦石化真的不行，一塌糊涂
[赚大了][赚大了][赚大了][赚大了],"https://guba.eastmoney.com/news,600370,897740669.html",2020-01-12 14:17:03,
三房巷“蛇吞象”式并购前景不乐观 标的公司业绩“逆袭”有疑点,"https://guba.eastmoney.com/news,600370,897741118.html",2020-01-12 14:29:05,"红刊财经 刘杰
三房巷拟""蛇吞象""式的并购大股东控制的资产，短期内虽然能""促肥""公司营收，但并购前夕标的公司""逆袭""的业绩却惹人怀疑，参考历年业绩来看，其后续发展也难言乐观。此外，大股东曾大量占用上市公司大量资金并遭处罚，同样让人担忧。而标的公司采购数据出现的巨额勾稽差异，则直指其财务数据的真实性。


自2019年4月起三房巷便开始筹划重大资产重组，而几经修订后的草案仍然存在诸多问题。 
据草案显示，三房巷拟通过发行股份并募集配套资金不超过8亿元购买其控股股东三房巷集团及三房巷国贸、上海优常、上海休玛合计持有的海伦石化100%股权，交易作价76.5亿元。而标的公司海伦石化不论是资产规模还是营收规模均是上市公司的十几倍，这就意味着本次并购是一次典型的“蛇吞象”式收购。 
事实上，为了将海伦石化成功并入上市公司体系，三房巷集团可谓使出了浑身解数。据草案披露，其通过分立存续的方式，注资新设公司，化解了标的公司存在巨额“未分配利润”的问题，但原有巨额负债却依旧留在海伦石化，一旦并购完成，这些债务重担便会压在上市公司肩上。
此外，从草案内容来看，三房巷集团对海伦石化进行了增资，此举使得标的公司的净资产规模扩大，稀释了海伦石化资产的评估增值率，但由于标的公司体量庞大，整体评估增值额高达38.62亿元。由于此次交易为同一控制下的企业合并，因此并未给上市公司带来商誉的增加。
收购体量如此庞大的标的公司，上市公司内部结构将迎来翻天覆地的变化，因此，标的公司的“质地”就显得很关键了。然而，《红周刊》记者发现，标的公司海伦石化的业绩变化显得十分异常，2018年在同行业的营收增速大幅下降之时，其营收、净利润却逆势突增；更令人担忧的是，其草案中披露的采购数据存在巨额勾稽差异，财务数据的真实性待考。
并购前夕的业绩“逆袭”　
事实上，三房巷集团大手笔向上市公司注入资产，恐怕与三房巷自身窘迫的经营状况不无关系。
据Wind数据显示，2012年至2016年，三房巷营业收入连续五年出现持续下滑，主业发展已然显现出疲乏的态势，2017年和2018年营业收入虽然略有增长，但利润规模仍然不大(详见表1)，到了2019年，其前三季度的营业收入再次出现12.75%的下滑，扣非归母净利润也同比下滑1.47%。　
而一旦海伦石化成功并入上市公司体系，那么三房巷的资产规模、收入规模、净利润规模等都将得到大幅提升，其十亿左右的营收规模，将跃升至百亿级。可问题在于，此举虽然能够在规模上快速“催肥”上市公司，但是否能够给上市公司带来稳定的业绩增长才是问题的关键。　　
从历史状况来看，海伦石化的经营状况十分加令人担忧。
草案显示，并购前夕海伦石化经历了一次存续分立的内部调整，调整后分为存续公司海伦石化及新设公司三伦化纤，重组标的为分立后的存续公司海伦石化。分立前海伦石化的未分配利润金额为-27.10亿元，这意味着其以前年度应该大多处于亏损状态，否则又如何能造成如此规模的未分配利润负值呢？而这说明海伦石化过去的经营状态并不好。
2017年时，其营业收入为176.77亿元，净利率则亏损了2086.4万元，而到了2018年，其突然发力，营业收入达到了225.86亿元，同比增长27.77%，实现净利润6.96亿元。本来业绩亏损的公司，在即将注入上市公司前夕，业绩突然大幅增长，这岂不是很可疑吗？倘若并入上市公司后，其业绩突然“变脸”，受损的恐怕又是二级市场的投资者了。
其异常的业绩变化也引起了上交所的关注，于是上交所下发问询函要求其说明业绩波动的合理性。三房巷在回复中将海伦石化净利润的增长归功于营业收入、毛利率的大幅提升，以及汇率波动等因素的影响，并且其在草案中通过对比同行业公司的增长情况对此进行了论证，然而，《红周刊》记者发现，三房巷在可比公司数据的引用上却出现了问题。　　
具体来看，2017年海伦石化营收增速仅为10.08%（未经审计营收增速），2018年攀升至27.77%。对于该公司营收的大幅增长，其选取了恒逸石化、荣盛石化、恒力股份（即恒力石化）、桐昆股份、新凤鸣5家公司作为其同行业可比公司，而问题就出在恒力股份的数据提取上。其引用的2018年恒力股份的营收增长率为169.5%，而Wind数据显示，其当年实际的营收增长率仅为26.51%。　　
为何会出现如此巨大的差异呢？实际上，恒力股份在2019年4月10日发布了关于同一控制下企业合并对前期的财务报表进行追溯调整说明的公告，内容显示由于2018年收购同一控制下的企业，故对前期的财务数据进行了追溯调整，追溯后2017年其实际实现营收474.81亿元，2018年实现营收600.67亿元，因此营收增速为26.51%，显然，如果分析公司实际营收增长情况，引用追溯调整后的数据才更加合理。　　
如果引用追溯调整后的数据，2017年、2018年行业平均增速分别为51.82%、30.51%，其中2018年行业增速相较上年大幅下降21.31个百分点，而标的公司2018年的营业收入增速却与逆行业趋势相反，相比2017年，增速反而高出26.20个百分点。其中恒力股份追溯调整后的增速以及新凤鸣的增速虽然也有增加，但幅度并不大，而海伦石化逆势大幅增长就显得十分抢眼了，这不免让人对其营收突增的情况产生怀疑。　
不仅如此，海伦石化的毛利率增长速度也远超同行。草案显示，其2017年、2018年的毛利率分别为2.27%、10.01%，同比增长了7.74个百分点，翻了3倍有余。然而同行业可比公司均呈小幅增长或下降趋势（详见下表3）。　　
除此之外，海伦石化的关联交易问题也不容忽视。 
草案显示，报告期内海伦石化的第一大客户为三房巷集团及其关联方，2017年至2019年1-8月，海伦石化向第一大客户销售金额分别达64.54亿元、77.12亿元、37.85亿元，占营业收入的比重达36.51%、34.14%、25.22%。可见，海伦石化多年来三成左右的营业收入均由关联方贡献，而大量的关联交易是滋生利益输送的温床，倘若日后其未能严格遵守关联交易内部规范，而做出侵害中小股东利益的行为，后果将不堪设想。
大股东资金占用惹人忧　　
本次并购交易存在的另一问题为，控股股东三房巷集团曾多次非经营性占用标的公司海伦石化的资金。 
据三房巷在给上交所问询函的回复资料显示，2017年及2018年，其累计占用海伦石化的资金分别高达170.91亿元、298.87亿元，直到并购草案披露时，三房巷集团仍未解决该问题，2019年8月末，海伦石化仍向关联方拆出资金55.42亿元，在上交所一再询问下，三房巷集团到2019年末才将拆借资金偿还完毕。　　
倘若控股股东缺钱，将手伸进上市公司的钱袋，无疑会影响上市公司的运营，甚至可能给上市公司带来灭顶之灾。这在A股市场中，并不鲜见，比如华泽退之所以走到退市的地步，就与大股东违规占用上市公司巨额资金有关，实际上，三房巷集团本身就曾有过占用上市公司资金而被处罚的“前科”。　
2018年1月18日三房巷发布公告表示，2014年度至2015年度，控股股东三房巷集团及其子公司分别13次、18次占用上市公司资金3.78亿元、6.35亿元，并且三房巷故意隐瞒，未将上述关联方资金往来记账，由此导致三房巷股份2014年度、2015年度报告信息披露存在重大遗漏，为此三房巷遭到了中国证券监督管理委员会江苏监管局的处罚。　　
更为重要的是，此次拟收购的海伦石化也存在巨大的债务压力，草案显示，其短期债务压力极大，目前有56.49亿元的短期借款亟待偿还。近年来，海伦石化的负债一直处于较高水平，其中2017年和2018年的资产负债率分别高达98.36%和95.65%，虽然2019年8月末其资产负债率水平有所下降，但仍处于80.49%的高位。相反，上市公司目前的负债压力则小得多，截至2019年三季度，三房巷的资产负债率仅为11.97%，一旦并购完成，海伦石化并表后，上市公司恐怕会受到海伦石化高负债的拖累。　　
此外，海伦石化还存在巨额关联担保尚未完成的情形。 
草案显示，报告期内海伦石化多次对控股股东及其关联方提供债务担保，大多数已于2019年完成，但尚存一笔金额为2.86亿元的担保将至2020年7月2日方能完成。按常理，股权转让后此类担保情况理应解除，但目前海伦石化却不得不在此项担保中继续承担风险，而这也意味着控股股东资金紧张的难题恐怕一时半会解决不了，一旦日后资金真的出现状况，风险爆发，上市公司恐怕也将牵连其中。
标的公司采购数据存疑　　
《红周刊》记者发现，此次并购的标的公司海伦石化的采购数据也存在勾稽异常。　　
并购草案显示，海伦石化2018年向前五大供应商采购金额为65.04亿元（详见表4），占采购总额的比重为33.72%，故可推算出其采购总额为192.88亿元，考虑到当年16%的增值税税率（自2018年5月增值税税率由17%下调至16%），按月平均计算采购后，可估算出其含税采购金额为224.38亿元。根据财务勾稽关系，该部分采购金额应体现为相关现金流的流出及经营性债务的增减。那么，海伦石化的相关财务数据是否符合该勾稽逻辑呢？　
进一步来看，在海伦石化的合并现金流量表中，2018年其“购买商品、接受劳务支付的现金”金额为205.53亿元，剔除当期支付但不属于本期的预付款项增加额5269.17万元影响后，再与当期224.38亿元的含税材料采购金额相勾稽，则出现了19.37亿元的差额，这也就意味着海伦石化本期的采购款项尚未全部支付，理应体现为应付账款等经营性负债同等规模的增加。　　
可事实上，海伦石化2018年末应付票据及应付账款合计金额为59.56亿元，较2017年末的62.12亿元反而减少了2.56亿元，这一结果显然与上述推理相悖，一增一减下，两者差额达21.93亿元,这也就说明了海伦石化有21.93亿元的采购金额没有相关财务数据的支撑。　　
还需要注意的是，导致差异的原因可能是海伦石化使用票据背书的方式支付供应商货款所致，但倘若真存在几十亿元的背书或货款抵消，其又为何不在草案中进行披露呢，究竟是信息披露不完善，还是采购数据真存在问题，这就需要公司给出合理的解释了。








（本文已刊发于1月11日的《红周刊》） 



#公司研究#
展开阅读全文"
"全体中小股东认真阅读并购方案,否决还是支持理智选择","https://guba.eastmoney.com/news,600370,897752079.html",2020-01-12 18:39:20,"我坚信中国证监会和上海交易所的专业水平,走势已经给出了答案"
王八,"https://guba.eastmoney.com/news,600370,897735170.html",2020-01-12 11:53:44,王八
三房没戏,"https://guba.eastmoney.com/news,600370,897691695.html",2020-01-12 00:51:27,三房没戏
三房巷—投资者提问：“公司季报计提一笔五百万重组审计费用，请问海伦石化开始由瑞华,"https://guba.eastmoney.com/news,600370,897659778.html",2020-01-11 12:37:47,"三房巷—投资者提问：“公司季报计提一笔五百万重组审计费用，请问海伦石化开始由瑞华后改为大华，这笔费用是支付给谁的？如上会失败，海伦石化过会费用应该由谁来支付？”

Dword
21小时前
用户提问来自：Xsc600677
公司季报计提一笔五百万重组审计费用，请问海伦石化开始由瑞华后改为大华，这笔费用是支付给谁的？如上会失败，海伦石化过会费用应该由谁来支付？
董秘回复：
尊敬的投资者您好，公司季报计提费用为支付的本次重大资产重组中介机构费用，有关上市公司的信息请关注公司披露的相关公告。感谢您的关注。
2020年01月10日 15:25"
关注三房巷,"https://guba.eastmoney.com/news,600370,884252745.html",2019-11-03 22:38:53,按道理这种垃圾股我是不会关注的，今天偶然发现要定增购买海伦石化，又好好看了一遍。只是大股东问题太多，我确实不放心，不过大股东股票都被质押了，肯定不希望股票跌得太低或者退市的。没仔细看方案，应该是3.1元发行30亿股购买海伦全部股权吧？仔细研究过的麻烦回复一下，还有海伦石化18年营业收入250亿，负债和利润是多少？海伦石化确实是优质资产，利润应该是非常高的，前提是没有做假账的话。
请回本次公司重组费用按什么标准收费，华锋氨纶标的公司120亿资产收购支付四千多万,"https://guba.eastmoney.com/news,600370,898781498.html",2020-01-16 16:05:28,"请回本次公司重组费用按什么标准收费，华锋氨纶标的公司120亿资产收购支付四千多万，公司收购70多亿反要支付9千多万中介费用？ 
三房巷
三房巷：尊敬的投资者您好，中介费用是根据公司与各中介机构协商确定。感谢您的关注。
(来自上证e互动)答复时间 2020-01-16 16:05:28"
三房巷01月10日资金揭秘,"https://guba.eastmoney.com/news,600370,897576623.html",2020-01-10 16:06:07,"今日三房巷主力净流入额达90.14万元，净占比7.36%，
其中超大单净流入额0.00元,净占比0.00%，
大单净流入额90.14万元，净占比7.51%。







































三房巷资金流向数据

类型	流入(万元)	流出(万元)
超大	0.00	0.00
大单	130.31	-40.16
中单	500.75	-713.57
小单	569.95	-447.27




资金解读





三房巷收盘涨幅0.34%， 
其中，成交最活跃的价格分别为2.96、2.97、2.98，成交密集的手数区间分布于100-150、200-300、150-200手，小单介入居多。











成交活跃统计


9:30-15:00 成交均价 2.94






































成交价格	主买累计成交量	主卖累计成交量	主买占比	主卖占比
2.96	94600	1977800	2.29%	47.89%
2.97	746400	475000	18.07%	11.50%
2.98	636500	62500	15.41%	1.51%
2.99	98500	0	2.38%	0.00%












































成交手数分布	主买累计成交量	主卖累计成交量	主买估算笔数	主卖估算笔数
100-150	284700	290500	1898 	1937 
200-300	178100	259700	594 	866 
150-200	154600	263900	773 	1320 
300-500	72200	272200	144 	544 
500-700	104900	101300	150 	145 




左右拖动表格，可查看剩余表格内容


行业个股资金流

























































纺织服装成分股主力净流入排行
序号	代码	名称	涨幅	主力净流入
1	600070	浙江富润 	3.22%	5922.98万
2	603808	歌力思 	1.70%	936.69万
3	002029	七匹狼 	1.83%	878.88万
4	603587	地素时尚 	2.87%	677.81万
5	601566	九牧王 	1.49%	498.14万
18	600370	三房巷 	0.34%	90.14万


数据来源:东方财富






展开阅读全文"
尾盘直线拉升,"https://guba.eastmoney.com/news,600370,897557225.html",2020-01-10 14:53:12,
别看了，明年再来看吧，根本都没有成交，死股一只。,"https://guba.eastmoney.com/news,600370,897540238.html",2020-01-10 14:24:20,别看了，明年再来看吧，根本都没有成交，死股一只。
继续加仓,"https://guba.eastmoney.com/news,600370,897536415.html",2020-01-10 14:17:11,
涨才是硬道理,"https://guba.eastmoney.com/news,600370,897535992.html",2020-01-10 14:17:15,
三房巷的股民联合起来投反对票，网址：,"https://guba.eastmoney.com/news,600370,897509563.html",2020-01-10 13:27:43,http://vote.sseinfo.com/home/meetingListByName600370
想做个T96就是打不破，97又接回来了，主力你牛逼啊，我去加资金来抬轿子[牛][,"https://guba.eastmoney.com/news,600370,897509972.html",2020-01-10 13:28:28,想做个T 96就是打不破，97又接回来了，主力你牛逼啊，我去加资金来抬轿子
怎么否决，去哪否决，网址拿出来啊,"https://guba.eastmoney.com/news,600370,897482088.html",2020-01-10 11:31:36,怎么否决，去哪否决，网址拿出来啊
不到二块八坚持不入,"https://guba.eastmoney.com/news,600370,897502233.html",2020-01-10 13:11:39,不到二块八坚持不入
中小股东该捍卫自己的投票权了,"https://guba.eastmoney.com/news,600370,897497994.html",2020-01-10 13:00:03,装入高负债资产，盈利能够分红么？还债压力山大，没有专业机构介入，股票会涨么？即不能分红股票又不涨，只有两个决策：1：阻止方案通过，2：抛售股票不参与了
卧槽，不是一分完一天，是玩好几天,"https://guba.eastmoney.com/news,600370,897471784.html",2020-01-10 11:12:53,卧槽，不是一分完一天，是玩好几天
大股东有预谋 选在22日股东大会,"https://guba.eastmoney.com/news,600370,897458032.html",2020-01-10 10:50:44,乘广大股民过年麻木之时，悄悄通过方案
中小股东该捍卫自己的投票权了,"https://guba.eastmoney.com/news,600370,897382394.html",2020-01-10 07:36:58,装入高负债资产，盈利能够分红么？还债压力山大，没有专业机构介入，股票会涨么？即不能分红股票又不涨，只有两个决策：1：阻止方案通过，2：抛售股票不参与了
2、96万是手哥吗？,"https://guba.eastmoney.com/news,600370,897280934.html",2020-01-09 14:42:57,2、96万是手哥吗？
"中小股东必须团结:要求大股东换钱,阻止高溢价收购高负债资产方案","https://guba.eastmoney.com/news,600370,897369970.html",2020-01-09 23:54:56,"中国证券法很快实施,股市春天来了,正义虽然迟到,一定不会缺席"
买一点，22日股东大会，直接投反对票就行了,"https://guba.eastmoney.com/news,600370,897355853.html",2020-01-09 21:47:13,买一点，22日股东大会，直接投反对票就行了
按照欧美估值体系，市盈率不超过5倍，负债太高了,"https://guba.eastmoney.com/news,600370,897353946.html",2020-01-09 21:31:20,化工设备腐蚀很厉害，高负债企业，香港或欧美发行海伦石化，市盈率最多5倍。
溢价39亿收购，好的股本那么大干嘛呢,"https://guba.eastmoney.com/news,600370,897342195.html",2020-01-09 20:06:01,溢价39亿收购，好的股本那么大干嘛呢
稳稳的跌到2.90，别急的进[胜利],"https://guba.eastmoney.com/news,600370,897341861.html",2020-01-09 20:04:35,稳稳的跌到2.90，别急的进
走势说明一切,"https://guba.eastmoney.com/news,600370,897338773.html",2020-01-09 19:40:19,资金是聪明的，不涨一定有不涨的逻辑，猜测毫无疑义
舍印?,"https://guba.eastmoney.com/news,600370,897329786.html",2020-01-09 18:23:08,舍印?
三房巷01月09日资金揭秘,"https://guba.eastmoney.com/news,600370,897307574.html",2020-01-09 16:06:01,"今日三房巷主力净流入额达-88.92万元，净占比-5.77%，
其中超大单净流入额0.00元,净占比0.00%，
大单净流入额-88.92万元，净占比-5.91%。







































三房巷资金流向数据

类型	流入(万元)	流出(万元)
超大	0.00	0.00
大单	228.33	-317.25
中单	690.18	-577.94
小单	585.21	-608.52




资金解读





三房巷收盘涨幅0.00%， 
其中，成交最活跃的价格分别为2.97、2.98、2.99，成交密集的手数区间分布于300-500、200-300、700-1000手，中单介入居多。











成交活跃统计


9:30-15:00 成交均价 2.96













































成交价格	主买累计成交量	主卖累计成交量	主买占比	主卖占比
2.97	661312	1842738	12.75%	35.54%
2.98	615403	354697	11.87%	6.84%
2.99	376900	409200	7.27%	7.89%
2.96	0	782253	0.00%	15.09%
3.00	111900	0	2.16%	0.00%












































成交手数分布	主买累计成交量	主卖累计成交量	主买估算笔数	主卖估算笔数
300-500	252600	546847	505 	1094 
200-300	102953	270547	343 	902 
700-1000	0	322153	0 	322 
150-200	67900	240947	340 	1205 
500-700	0	151847	0 	217 




左右拖动表格，可查看剩余表格内容


行业个股资金流

























































纺织服装成分股主力净流入排行
序号	代码	名称	涨幅	主力净流入
1	002291	星期六 	9.99%	19647.13万
2	000158	常山北明 	5.60%	7192.03万
3	002083	孚日股份 	3.60%	2112.48万
4	300591	万里马 	10.05%	1861.99万
5	600232	金鹰股份 	10.02%	1798.17万
49	600370	三房巷 	0.00%	-88.92万


数据来源:东方财富






展开阅读全文"
"投资企业一定选行业,选团队,走吧韭菜","https://guba.eastmoney.com/news,600370,897305605.html",2020-01-09 15:57:37,"老板农民老头,没有进取心,只想占小股东便宜,借钱不还,还想装入高负债资产,把上市公司小股东玩弄团团转,韭菜,走吧该醒悟了"
哪里来的许多卖单,"https://guba.eastmoney.com/news,600370,897258559.html",2020-01-09 14:06:17,尼玛的好像筹码卖不完似
2.80等你,"https://guba.eastmoney.com/news,600370,897255654.html",2020-01-09 14:02:11,2.80等你
突然一下子涨停可不好哦,"https://guba.eastmoney.com/news,600370,897230766.html",2020-01-09 13:18:36,突然一下子涨停可不好哦
"江阴没有好的上市公司,都是农民企业家","https://guba.eastmoney.com/news,600370,897203243.html",2020-01-09 11:22:33,"农民企业家做大很难,可以理解,小农意识"
洗盘结束，准备拉升,"https://guba.eastmoney.com/news,600370,897198859.html",2020-01-09 11:15:32,
机会是跌出来的,"https://guba.eastmoney.com/news,600370,897189813.html",2020-01-09 11:00:28,逢低买入
开启002160模式,"https://guba.eastmoney.com/news,600370,897186539.html",2020-01-09 10:54:28,
开启002161模式,"https://guba.eastmoney.com/news,600370,897185373.html",2020-01-09 10:52:30,
暴涨在即，看好的赶快上车,"https://guba.eastmoney.com/news,600370,897182353.html",2020-01-09 10:48:32,
江阴市的到这里集合！一起把价格打上去开炮！！！开炮！！！开炮！！！！,"https://guba.eastmoney.com/news,600370,897172579.html",2020-01-09 10:33:43,"江阴市的到这里集合！
一起把价格打上去
开炮！！！开炮！！！开炮！！！！"
走了，浪费行情,"https://guba.eastmoney.com/news,600370,897172216.html",2020-01-09 10:33:06,走了，浪费行情
我是不可能坐以待毙的，你下跌我就T，你尽管跌，看谁成本低,"https://guba.eastmoney.com/news,600370,897168415.html",2020-01-09 10:26:44,我是不可能坐以待毙的，你下跌我就T，你尽管跌，看谁成本低
三房巷重大资产重组进入实质性阶段，暴涨在即,"https://guba.eastmoney.com/news,600370,897155517.html",2020-01-09 10:09:40,
加仓，今天补涨,"https://guba.eastmoney.com/news,600370,897150014.html",2020-01-09 10:02:43,
"2019年到2020年,最后悔就是持有三房了","https://guba.eastmoney.com/news,600370,897111607.html",2020-01-09 08:19:15,"公司不思进取,大股东还想占小股东各种便宜,也是醉了."
大股东聪明反被聪明误,"https://guba.eastmoney.com/news,600370,897059145.html",2020-01-08 19:46:56,"中国资本市场逐步规范公正公平,大股东不还钱装高负债资产,监管部门不会通过通过的,看看共达电声吧"
注销大股东股份，二股东当家,"https://guba.eastmoney.com/news,600370,897034467.html",2020-01-08 17:06:31,注销大股东股份，二股东当家
大股东不还钱真牛逼,"https://guba.eastmoney.com/news,600370,897026113.html",2020-01-08 16:33:20,5555
三房巷01月08日资金揭秘,"https://guba.eastmoney.com/news,600370,897019406.html",2020-01-08 16:06:15,"今日三房巷主力净流入额达-287.43万元，净占比-11.02%，
其中超大单净流入额21.81万元,净占比0.85%，
大单净流入额-309.24万元，净占比-12.02%。







































三房巷资金流向数据

类型	流入(万元)	流出(万元)
超大	21.81	0.00
大单	477.15	-786.40
中单	825.28	-914.76
小单	1248.05	-871.14




资金解读





三房巷收盘涨幅-2.30%， 
其中，成交最活跃的价格分别为3.00、3.01、3.02，成交密集的手数区间分布于200-300、300-500、500-700手，中单介入居多。











成交活跃统计


9:30-15:00 成交均价 2.95













































成交价格	主买累计成交量	主卖累计成交量	主买占比	主卖占比
3.00	226100	659100	2.58%	7.53%
3.01	296900	311700	3.39%	3.56%
3.02	2200	217100	0.03%	2.48%
3.03	45800	10100	0.52%	0.12%
3.04	13200	0	0.15%	0.00%












































成交手数分布	主买累计成交量	主卖累计成交量	主买估算笔数	主卖估算笔数
200-300	278750	557272	929 	1858 
300-500	148200	489128	296 	978 
500-700	118600	312650	169 	447 
700-1000	146000	162550	146 	163 
1000-1500	201700	0	134 	0 




左右拖动表格，可查看剩余表格内容


行业个股资金流

























































纺织服装成分股主力净流入排行
序号	代码	名称	涨幅	主力净流入
1	002015	协鑫能科 	2.03%	1196.95万
2	002083	孚日股份 	1.75%	1040.51万
3	300658	延江股份 	1.35%	442.26万
4	601339	百隆东方 	-0.47%	224.21万
5	603889	新澳股份 	0.17%	146.02万
35	600370	三房巷 	-2.30%	-287.43万


数据来源:东方财富






展开阅读全文"
趋势坏了，有的搞了,"https://guba.eastmoney.com/news,600370,897009141.html",2020-01-08 15:19:27,趋势坏了，有的搞了
下市是最好的选择,"https://guba.eastmoney.com/news,600370,897002689.html",2020-01-08 15:01:49,"对于大股东的不作为,公司下市最好的选择"
看到吧里又开始吠不止，我知道，到位了10个交易日内会新高的,"https://guba.eastmoney.com/news,600370,897000348.html",2020-01-08 14:57:00,看到吧里又开始吠不止，我知道，到位了 10个交易日内会新高的
历史有名的垃圾股，你为什么要选呢？垃圾永远是垃圾，简单的道理不懂就傻了。没跑尽快,"https://guba.eastmoney.com/news,600370,896991386.html",2020-01-08 14:41:52,历史有名的垃圾股，你为什么要选呢？垃圾永远是垃圾，简单的道理不懂就傻了。没跑尽快跑，估计要跌破增发价2.6。太黑了，都跑了就傻逼狗庄自淫吧
2.9马上到了[鼓掌],"https://guba.eastmoney.com/news,600370,896925944.html",2020-01-08 12:18:09,2.9马上到了
不要的的人还钱,"https://guba.eastmoney.com/news,600370,896925842.html",2020-01-08 12:17:34,大股东欠上市公司11亿，抓紧归还，这笔资金是所有股东的
垃圾啊,"https://guba.eastmoney.com/news,600370,896909294.html",2020-01-08 11:19:59,垃圾啊
