标题,链接,发布时间,内容
一个人物哪去了,"https://guba.eastmoney.com/news,600487,829597540.html",2019-05-13 09:35:58,整天自以为是
股吧中如果出现毫无理由的坚定唱多者肯定是大股东等的抢手维护股价。参加三聚环保暴跌,"https://guba.eastmoney.com/news,600487,829597691.html",2019-05-13 09:36:08,股吧中如果出现毫无理由的坚定唱多者肯定是大股东等的抢手维护股价。参加三聚环保暴跌前，吧内出现想雅芳斋之内的砖家坚定唱多，而且跟帖中高呼雅老师的一片
就想骂人,"https://guba.eastmoney.com/news,600487,829599025.html",2019-05-13 09:37:28,就想骂人
财务问题肯定小不了，要不怎么可能20万手封单，得什么时候才能打开跌停板,"https://guba.eastmoney.com/news,600487,829598821.html",2019-05-13 09:37:16,财务问题肯定小不了，要不怎么可能20万手封单，得什么时候才能打开跌停板
今天能开板不,"https://guba.eastmoney.com/news,600487,829597905.html",2019-05-13 09:36:32,今天能开板不
天雷滚滚,"https://guba.eastmoney.com/news,600487,829595781.html",2019-05-13 09:33:27,防不胜防
踩雷了,"https://guba.eastmoney.com/news,600487,829597489.html",2019-05-13 09:35:45,踩雷了
网上有文章质疑亨通资金去向，募资项目存在虚假,"https://guba.eastmoney.com/news,600487,829596907.html",2019-05-13 09:35:03,网上有文章质疑亨通资金去向，募资项目存在虚假
什么情况怎么跌停了，又踩雷了吗,"https://guba.eastmoney.com/news,600487,829596382.html",2019-05-13 09:34:08,什么情况怎么跌停了，又踩雷了吗
一个人物呢,"https://guba.eastmoney.com/news,600487,829596475.html",2019-05-13 09:34:28,一个人物呢
好吧，炒股第一次踩雷，上周五 刚刚进入的，唉,"https://guba.eastmoney.com/news,600487,829596580.html",2019-05-13 09:34:40,唉
又一颗地雷？,"https://guba.eastmoney.com/news,600487,829595954.html",2019-05-13 09:33:46,又一颗地雷？
垃圾公司，坑爹,"https://guba.eastmoney.com/news,600487,829595758.html",2019-05-13 09:33:32,垃圾公司，坑爹
怎么这么多暴雷的日哦,"https://guba.eastmoney.com/news,600487,829595489.html",2019-05-13 09:33:21,怎么这么多暴雷的日哦
马上开版,"https://guba.eastmoney.com/news,600487,829594065.html",2019-05-13 09:31:40,马上开版
多久之前就已经提醒增发新股是巨大利空，股价要跌倒10块附近才算稳。,"https://guba.eastmoney.com/news,600487,829595331.html",2019-05-13 09:33:10,多久之前就已经提醒增发新股是巨大利空，股价要跌倒10块附近才算稳。
这就是所谓的白马股，呵呵,"https://guba.eastmoney.com/news,600487,829595393.html",2019-05-13 09:33:19,这就是所谓的白马股，呵呵
天塌不下来，放心吧。但亨通不行，请早日立场换股。,"https://guba.eastmoney.com/news,600487,829163956.html",2019-05-12 08:20:18,天塌不下来，放心吧。但亨通不行，请早日立场换股。
这票怕是要出事，聪明的机构肯定偷偷出货了，但是可能要往上拉一下,"https://guba.eastmoney.com/news,600487,829594188.html",2019-05-13 09:31:50,这票怕是要出事，聪明的机构肯定偷偷出货了，但是可能要往上拉一下
我就觉得有问题 今年涨涨得不动 跌倒是一点不含糊 哎 幸好没踩上,"https://guba.eastmoney.com/news,600487,829594857.html",2019-05-13 09:32:32,我就觉得有问题 今年涨涨得不动 跌倒是一点不含糊 哎 幸好没踩上
TMD怎么跌停了，出啥事?,"https://guba.eastmoney.com/news,600487,829594113.html",2019-05-13 09:31:45,TMD怎么跌停了，出啥事?
之前机构拼命推荐这个股，是为了配合出货，所以你们对股评荐股得留点心，好的股票是从,"https://guba.eastmoney.com/news,600487,829594615.html",2019-05-13 09:32:07,之前机构拼命推荐这个股，是为了配合出货，所以你们对股评荐股得留点心，好的股票是从来都封锁消息的。这些股评暗中拿好处的。
这股害人啊,"https://guba.eastmoney.com/news,600487,829593630.html",2019-05-13 09:31:10,这股害人啊
我前面康德新就被坑了。难道又遇到亨通光电坑我？命苦呀！,"https://guba.eastmoney.com/news,600487,829592728.html",2019-05-13 09:29:57,我前面康德新就被坑了。难道又遇到亨通光电坑我？命苦呀！
靠！[哭]又爆雷了吗？,"https://guba.eastmoney.com/news,600487,829594103.html",2019-05-13 09:31:37,靠！又爆雷了吗？
什么情况？要人命？是有雷？,"https://guba.eastmoney.com/news,600487,829593372.html",2019-05-13 09:30:54,什么情况？要人命？是有雷？
它肿么了？？没道理呀，股友们说说,"https://guba.eastmoney.com/news,600487,829590177.html",2019-05-13 09:27:07,它肿么了？？没道理呀，股友们说说
跌停买点试试水,"https://guba.eastmoney.com/news,600487,829593248.html",2019-05-13 09:30:48,跌停买点试试水
没有准确消息，一个板就没了！,"https://guba.eastmoney.com/news,600487,829592814.html",2019-05-13 09:30:19,没有准确消息和判断，一个板就没了！
这个票暂时没有，想等调整到位准备出手的。今天这个跌停，有点莫名其妙，没有什么公告,"https://guba.eastmoney.com/news,600487,829590771.html",2019-05-13 09:28:03,这个票暂时没有，想等调整到位准备出手的。今天这个跌停，有点莫名其妙，没有什么公告，也没有什么大新闻啊，为何一字跌停？
康美第二！！！,"https://guba.eastmoney.com/news,600487,829589976.html",2019-05-13 09:27:03,康美第二！！！
什么情况？为啥跌停,"https://guba.eastmoney.com/news,600487,829591251.html",2019-05-13 09:28:29,什么情况？为啥跌停
为什么跌停,"https://guba.eastmoney.com/news,600487,829591934.html",2019-05-13 09:29:21,为什么跌停
星期五看他涨的太慢，完美躲雷[亏大了],"https://guba.eastmoney.com/news,600487,829591033.html",2019-05-13 09:28:14,星期五看他涨的太慢，完美躲雷
有多少上市公司没有猫腻？,"https://guba.eastmoney.com/news,600487,829591488.html",2019-05-13 09:28:48,有多少上市公司没有猫腻？
为啥跌停封这么死？上空？,"https://guba.eastmoney.com/news,600487,829588802.html",2019-05-13 09:25:50,为啥跌停封这么死？上空？
掏空上市公司,"https://guba.eastmoney.com/news,600487,829591714.html",2019-05-13 09:28:45,上市公司成了大股东的ATM
万幸啊,"https://guba.eastmoney.com/news,600487,829591713.html",2019-05-13 09:28:45,万幸啊
发什么神经啊，故意的吧,"https://guba.eastmoney.com/news,600487,829591375.html",2019-05-13 09:28:37,发什么神经啊，故意的吧
骗子公司,"https://guba.eastmoney.com/news,600487,829590769.html",2019-05-13 09:28:02,骗子公司
网上长文质疑亨通光电和凯乐科技不为人知的利益关系，以及亨通集团资金紧张，亨通光电,"https://guba.eastmoney.com/news,600487,829531467.html",2019-05-13 07:17:02,"网上长文质疑亨通光电和凯乐科技不为人知的利益关系，以及亨通集团资金紧张，亨通光电募投项目进展缓慢、擅自改变募投项目，有为募集资金而凭空想象项目之嫌疑、有抽取转移掏空上市公司资金嫌疑等等。
虽然是网文，但投资者不可不小心。亨通和凯乐今天会受此文影响而大跌吗？很有可能。"
信息落后了，又出啥状况了，没过对亨通制裁了吗？,"https://guba.eastmoney.com/news,600487,829590773.html",2019-05-13 09:28:03,信息落后了，又出啥状况了，没过对亨通制裁了吗？
跌停？？？？,"https://guba.eastmoney.com/news,600487,829590712.html",2019-05-13 09:27:46,跌停？？？？
小散是跑不过大户的,"https://guba.eastmoney.com/news,600487,829589644.html",2019-05-13 09:26:37,小散是跑不过大户的
连续跌停板开始了,"https://guba.eastmoney.com/news,600487,829590297.html",2019-05-13 09:27:24,暴跌好
没人出来聊几句吗,"https://guba.eastmoney.com/news,600487,829590292.html",2019-05-13 09:27:24,没人出来聊几句吗
什么事情 什么黑天鹅？知道的赶紧说,"https://guba.eastmoney.com/news,600487,829587273.html",2019-05-13 09:23:15,
财务问题星期天已经出消息了,"https://guba.eastmoney.com/news,600487,829589627.html",2019-05-13 09:26:29,财务问题星期天已经出消息了
怎么了,"https://guba.eastmoney.com/news,600487,829588793.html",2019-05-13 09:25:49,怎么了
踩雷了！,"https://guba.eastmoney.com/news,600487,829588037.html",2019-05-13 09:24:13,悲剧！
这票大概要高位减半吧，跌到11块左右,"https://guba.eastmoney.com/news,600487,829588136.html",2019-05-13 09:24:37,这票大概要高位减半吧，跌到11块左右
周五成功出逃，庆幸？,"https://guba.eastmoney.com/news,600487,829587623.html",2019-05-13 09:23:54,周五成功出逃，庆幸？
公司为什么不出来澄清？,"https://guba.eastmoney.com/news,600487,829588127.html",2019-05-13 09:24:35,公司为什么不出来澄清？
一个人物发几个利好,"https://guba.eastmoney.com/news,600487,829585447.html",2019-05-13 09:20:25,一个人物发几个利好
1200股完蛋了成本28,"https://guba.eastmoney.com/news,600487,829587715.html",2019-05-13 09:23:56,1200股完蛋了成本28
什么情况,"https://guba.eastmoney.com/news,600487,829587481.html",2019-05-13 09:23:27,什么情况
亨通出啥事了？,"https://guba.eastmoney.com/news,600487,829587015.html",2019-05-13 09:22:45,亨通出啥事了？
亨通光电应该出公告，,"https://guba.eastmoney.com/news,600487,829587017.html",2019-05-13 09:22:46,亨通光电应该出公告，
卧槽啊！跌停！,"https://guba.eastmoney.com/news,600487,829582881.html",2019-05-13 09:17:12,卧槽啊！跌停！
我艹，天雷滚滚啊,"https://guba.eastmoney.com/news,600487,829586903.html",2019-05-13 09:22:27,我艹，天雷滚滚啊
危险，为什么不跑，听不懂我说话吗，拯救你们咋就这么难。,"https://guba.eastmoney.com/news,600487,829546348.html",2019-05-13 07:55:06,危险，为什么不跑，听不懂我说话吗，拯救你们咋就这么难。
既来之则安之，看戏咯,"https://guba.eastmoney.com/news,600487,829583835.html",2019-05-13 09:18:30,既来之则安之，看戏咯
既没公告又没新闻，哪来的消息！？,"https://guba.eastmoney.com/news,600487,829587069.html",2019-05-13 09:23:01,既没公告又没新闻，哪来的消息！？
什么嘛跌停,"https://guba.eastmoney.com/news,600487,829586473.html",2019-05-13 09:21:59,什么嘛跌停
为啥跌停开盘？,"https://guba.eastmoney.com/news,600487,829585179.html",2019-05-13 09:20:18,为啥跌停开盘？
看凯乐科技的数据本身就很好。查了之前两年的公告，也没有相关的借款信息。估计是为了,"https://guba.eastmoney.com/news,600487,829584764.html",2019-05-13 09:19:58,看凯乐科技的数据本身就很好。查了之前两年的公告，也没有相关的借款信息。估计是为了打压股价的黑嘴所为吧
发生了什么？,"https://guba.eastmoney.com/news,600487,829584728.html",2019-05-13 09:19:43,发生了什么？
这是什么垃圾？财务造假嘛？,"https://guba.eastmoney.com/news,600487,829584257.html",2019-05-13 09:19:03,这是什么垃圾？财务造假嘛？
格格天天被人黑，各种黑，特别是专业黑！公司产品质量还是那么牛B！股东人数越来越多,"https://guba.eastmoney.com/news,600487,829579305.html",2019-05-13 09:10:48,格格天天被人黑，各种黑，特别是专业黑！公司产品质量还是那么牛B！股东人数越来越多，股价却屡创新高！优秀公司总在质疑中奋进；垃圾企业却在躲藏中消失！
反弹了！空狗慌了…踏空狗希望更低的价格买进，否则叫什么？？？,"https://guba.eastmoney.com/news,600487,829562346.html",2019-05-13 08:32:43,反弹了！空狗慌了…踏空狗希望更低的价格买进，否则叫什么？？？
谁知道亨通光电怎么回事？有雷吗跌成屎了,"https://guba.eastmoney.com/news,600487,829583784.html",2019-05-13 09:18:18,谁知道亨通光电怎么回事？有雷吗跌成屎了
故事完了。为募投而立项，有圈钱之嫌--证监会查证对象,"https://guba.eastmoney.com/news,600487,829575864.html",2019-05-13 09:03:30,亨通不知道多少个跌停了，以前的故事太多。反正故事太多就欲盖弥彰了。
司马昭之心：从通策医疗2018年2月的网文“暴雷”看今日之亨通光电,"https://guba.eastmoney.com/news,600487,829577143.html",2019-05-13 09:06:50,"通策医疗这支股票，近一年多来可谓是A股市场上的明星，从2017年9月启动以来，不到两年时间，股价已经翻了3倍多。但是，回头看，2018年1月底，通策医疗在完成第一波上涨，股价接近40元后，开始展开回调。就在此时，国内各大网站几乎同时转载一篇题为“隐瞒关联关系, 财务违规, 一家口腔医院撑起一家上市公司”的网文，对通策医疗的财务问题及关联交易提出强烈质疑。当日通策医疗股价出现剧烈波动，2月7日甚至一度触及跌停。


　　然而，随后的股价走势，证明了这篇黑文其实是主力用来洗盘的工具而已。在2月7日回调触底，完成从40元到30元的精准回踩之后，通策医疗股价一路走高，截止上周末，已经收在了77元的高位。


　　资本市场波谲云诡，主力为了实现利益最大化可谓是不择手段，释放出来的消息真真假假，作为小散，一定要擦亮眼睛，认真辨别，防止误入主力布下的圈套。


　　昨晚出现在各大网站的这篇关于亨通光电的黑文，其真实目的究竟如何，目前还很难判断。但是时间会给我们答案。半年以后，当我们回望股价走势，就可以明白，今天我们做出的买卖决定到底是否正确了"
我是全仓欧菲，向感觉不是很对劲，出了四分之一，看了篇捧亨通的文章就买了，现在发现,"https://guba.eastmoney.com/news,600487,829574963.html",2019-05-13 08:59:37,"我是全仓欧菲，向感觉不是很对劲，出了四分之一，看了篇捧亨通的文章就买了，现在发现这四分之一是逃出虎口进了狼窝。
朋友们都叫我不要进股市，现在明白了！所有你看到的听到的都是假的骗你的。中国股市没希望！任泽平的话我终于明白了：A股属文学范畴！现在的我是文艺愤青！"
人民日报钟声：中国不会屈服于任何极限施压中方一直以高度负责任的态度和最大的诚意推,"https://guba.eastmoney.com/news,600487,829537071.html",2019-05-13 07:31:52,人民日报钟声：中国不会屈服于任何极限施压中方一直以高度负责任的态度和最大的诚意推动中美经贸磋商，但决不会屈服于美方的极限施压，在原则问题上不会妥协。美方尤其应当选择顺势而为，与中方相向而行、共同努力，在平等协商中解决问题，在合作共赢大道上创造未来
"干一次,喘八年,股价50也值","https://guba.eastmoney.com/news,600487,807384642.html",2019-03-06 13:49:01,咋没有联战精神!
去年股东大会有人就提出质疑了 回答说是政府项目要保密？按照道理，公司需不需要发公,"https://guba.eastmoney.com/news,600487,829568895.html",2019-05-13 08:47:26,去年股东大会有人就提出质疑了 回答说是政府项目要保密？按照道理，公司需不需要发公告来澄清？不太懂 指教一下？还是停牌受检查？
这股有没有问题，节节攀高的股东人数和股价走势说明了一些问题。,"https://guba.eastmoney.com/news,600487,829565721.html",2019-05-13 08:40:17,这股有没有问题，节节攀高的股东人数和股价走势说明了一些问题。
苍蝇不叮无缝的蛋，各位小心吧，仓位不要太重,"https://guba.eastmoney.com/news,600487,829556245.html",2019-05-13 08:19:40,苍蝇不叮无缝的蛋，各位小心吧，仓位不要太重
苍蝇不叮无缝的蛋，其实我看好的是崔根良，没想到军人出身的公司也暴雷？真让人失望,"https://guba.eastmoney.com/news,600487,829554704.html",2019-05-13 08:16:44,苍蝇不叮无缝的蛋，其实我看好的是崔根良，没想到军人出身的公司也暴雷？真让人失望
今天起得早，抽空看了下股吧；感觉好多人在兴奋自己正在踩雷或已经踩到雷，还有的在幸,"https://guba.eastmoney.com/news,600487,829551872.html",2019-05-13 08:10:09,今天起得早，抽空看了下股吧；感觉好多人在兴奋自己正在踩雷或已经踩到雷，还有的在幸灾乐祸别人踩到雷或每天因为担心别人踩到雷而天天来签到！有没有雷我不知道，但每天那么勤快地跑到同一个地方签到，屎总是很有可能要拉一坨的，股吧那么窄的地方，这个雷可能更容易被踩到吧！
没想到你这浓眉大眼的白马股也暴雷啊！,"https://guba.eastmoney.com/news,600487,829535036.html",2019-05-13 07:26:59,没想到你这浓眉大眼的白马股也暴雷啊！
"从文章的长度及内容看，写作此文应该花了不少时间，提出来的所谓\""问题\""很多也是","https://guba.eastmoney.com/news,600487,829549300.html",2019-05-13 08:04:42,"从文章的长度及内容看，写作此文应该花了不少时间，提出来的所谓""问题""很多也是前两年年报中的信息，很显然写作者目的明确，但并不敢署名，而且选择周日晚上八点多发这种黑文，用心险恶，其心可诛！"
很久没来亨通吧，不知一个人物尚在否？是灰飞烟灭，还是打不死的小强？,"https://guba.eastmoney.com/news,600487,829543377.html",2019-05-13 07:46:33,很久没来亨通吧，不知一个人物尚在否？是灰飞烟灭，还是打不死的小强？
康得新大股东及实控人钟玉因涉嫌犯罪，已被张家港警方刑事控制。看来民企公司还是有一,"https://guba.eastmoney.com/news,600487,829417491.html",2019-05-12 23:06:16,康得新大股东及实控人钟玉因涉嫌犯罪，已被张家港警方刑事控制。看来民企公司还是有一个通病，基本上由实控人说了算，缺乏形之有效的监督机制，市场上爆雷的也绝大多数是民企公司，尽量不投少投民企公司也不失为一种避险措施。
士丶.,"https://guba.eastmoney.com/news,600487,829538812.html",2019-05-13 07:35:22,士丶.
论基本面没有比这个公司更好了！期待,"https://guba.eastmoney.com/news,600487,829536469.html",2019-05-13 07:30:18,论基本面没有比这个公司更好了！期待
恶意做空,"https://guba.eastmoney.com/news,600487,829529513.html",2019-05-13 07:06:24,恶意做空
中国电信已始2019年光缆集采项目资格预审工作,"https://guba.eastmoney.com/news,600487,828790331.html",2019-05-11 10:56:22,"C114讯 4月25日消息（岳明）据来自中国电信的官网信息显示，中国电信已于日前开始2019年光缆（室外光缆与引入光缆）集中采购项目资格预审工作，这也意味着正式集采将于近期启动。
从招标文件所透露的信息来看，室外光缆产品（不含省际一级光缆线路工程建设所需的室外光缆），包括GYTA、GYTS、GYDTA、GYDXTW等类型的室外光缆，预估采购量为5100万芯公里。引入光缆产品，包括蝶形引入光缆、圆形引入光缆、隐形光缆、室内外引入光缆等引入光缆，预估采购量为310万芯公里。
从预估采购量来看，中国电信2019年集采规模与2018年预估采购量基本上是持平的。但需要指出的是，2018年的实际采购量规模要比预估采购量大一些。
业内人士认为，中国电信此次集采将会给产业链带来一定的提振效果，改善当前市场的低迷环境。在过去的2018年，由于厂商新增产能集中释放，以及需求不振，国内光纤光缆行业在持续4年实现两位数增长后，开始陷入低迷。在3月份的中国移动光纤光缆集采中，更是上演了惨烈的价格大战，甚至出现了报价低于成本价的现象。"
好公司多的是，为啥在看不清的个股上心存侥幸？这股23进场，22.5就清了，当时好,"https://guba.eastmoney.com/news,600487,829520014.html",2019-05-13 06:21:53,好公司多的是，为啥在看不清的个股上心存侥幸？这股23进场，22.5就清了，当时好像是移动招标，根据招标情况，当时感觉就是它已经不是前两年的亨通了，便删自选。
已经跌到这个样，还在坚持，大脑是不是神经了。,"https://guba.eastmoney.com/news,600487,829508997.html",2019-05-13 05:32:59,已经跌到这个样，还在坚持，大脑是不是神经了。
据悉，宝源胜知的大股东朱琼，同时也是上海宝升科技的大股东。朱琼曾计划参与凯乐科技,"https://guba.eastmoney.com/news,600487,829476055.html",2019-05-13 03:17:30,"据悉，宝源胜知的大股东朱琼，同时也是上海宝升科技的大股东。朱琼曾计划参与凯乐科技2015年定增项目，后来该定增项目被终止。
资金需求较大，被其他应收款、预付款资金“占用”是否合理性呢？
集团层面，2018年报告期末，亨通集团595亿总资产仅有49．亿元的归母“净资产”，2019年3月，公司发新债用于偿还即将到期的旧债；上市公司层面，2019年4月，公司分别公告定增预案及可转债募集说明书，定增项目募集资金规模不超过52亿元，可转换债募集资金规模不超过17.3亿元。在资金需求较大的情况下，巨额的资金被其他应收款、预付款等“占用”是否合理呢？"
这个股和凯乐科技要暴雷了，周一核按钮,"https://guba.eastmoney.com/news,600487,829475775.html",2019-05-13 03:15:50,这个股和凯乐科技要暴雷了，周一核按钮
核按钮，早已挂单，放弃幻想。,"https://guba.eastmoney.com/news,600487,829457268.html",2019-05-13 02:21:17,核按钮，早已挂单，放弃幻想。
踩雷了，该来的还是来了，明天能出就尽量出多一点吧！我有部分仓位,"https://guba.eastmoney.com/news,600487,829429979.html",2019-05-12 23:46:19,踩雷了，该来的还是来了，明天能出就尽量出多一点吧！我有部分仓位
明天有见5%以上的价，收盘4%以上。会不会收在7%，要看主力有没有胆。,"https://guba.eastmoney.com/news,600487,829404782.html",2019-05-12 22:13:01,明天有见5%以上的价，收盘4%以上。会不会收在7%，要看主力有没有胆。
这个忧那个忧，预付几十亿忧不忧？其他应收69亿忧上忧！凯乐科技干什么的？明显是一,"https://guba.eastmoney.com/news,600487,829420603.html",2019-05-12 23:21:51,这个忧那个忧，预付几十亿忧不忧？其他应收69亿忧上忧！凯乐科技干什么的？明显是一家军工背景企业，我们不知道亨通和凯乐在搞什么鬼，可能是机密事项，赌嘛，你赌凯乐是正统军工，还是赌凯乐是骗子公司，再赌亨通到底是傍上了大腿，还是被骗得丢了底裤。赌一把，押定离手！赌一把，亨通凯乐后面还有大动作。赌嘛，能让你我知道的，就不叫赌了。跨国海缆项目，怎么会被亨通接手的？我以前一直以为这种项目是国家层面的大项目，亨通一家公司何德何能可以独吞下来？亨通已成迷，到底谁给他的迷之自信？人民大会堂代表发言，又是谁给他的荣耀？我不知道，赌一把再说。
一个人物  自我麻醉  每天发帖，点赞,"https://guba.eastmoney.com/news,600487,829395712.html",2019-05-12 21:40:05,放心持有“大好人＋大能人”股票—亨通光电。抗美药业十几年的白马，也是一地鸡毛。亨通光电 刚发债　　又增发，让人怀疑起资金链又问题，那天也像康美上百亿 突然记账错误
当亨通的持股者的意志被彻底摧毁时，一波漂亮的反转行情将让人们目瞪口呆、心惊肉跳…,"https://guba.eastmoney.com/news,600487,829372435.html",2019-05-12 20:15:50,"当亨通的持股者的意志被彻底摧毁时，一波漂亮的反转行情将让人们目瞪口呆、心惊肉跳……
不信？
试目以待！"
亨通光电业绩增长失速 一季度变更会计政策增厚业绩 新浪财经21分钟前  朗读文章,"https://guba.eastmoney.com/news,600487,829384674.html",2019-05-12 21:05:56,"亨通光电业绩增长失速 一季度变更会计政策增厚业绩
新浪财经21分钟前

朗读文章 (预计播放10分钟)

相关阅读：亨通光电33亿预付款与集团69亿其他应收款之谜
2018年年报显示，亨通光电报告期内实现营收338.66亿元，同比增长30.50%；归属于上市公司股东的净利润25.32亿元，同比增长20.27%；基本每股收益为1.33元，同比增长14.66%。与年报较快的增速相比，2019年第一季度季报略有落差。2019年第一季度季报显示，报告期内实现营67.99亿元，同比增长7.45%；归属于上市公司股东的净利润4.57亿元，同比下滑5.18%。
亨通光电是一家主要从事光纤光缆的生产与销售的公司，主要从海外进口预制棒，并自主拉丝生产光纤，然后制造成光缆出售。
亨通光电紧紧跟随中国信息基建25 年的高速发展，属于国内最早进入光缆制造领域的企业之一，上市后利用资本市场大力研发上游光棒，形成了具有自主知识产权的生产工艺，在光棒的进口替代和2015 年开始的反倾销政策保护下，享受了光纤光缆行业快速发展扩张期。具体到数据上，其营业收入从2014年的104.71亿元增长至2018年的338.66亿元，增长超过两倍；从行业排名看，在全国13省市和海外9个国家设立研发产业基地，在ODC‘2017年会上评为2016年-2017年全球光纤通信行业前3强。
亨通光电业绩增长失速
经历快速增长期后，公司业绩并未一直保持持续高速增长的势头，近期业绩增速放缓。2014年至2018年及2019年第一季度，其营收增长速度分别为21.89%、30.09%、41.74%、34.4%、30.5%及7.45%。以上数据可以看出，公司经历了2016年的增长顶峰后，其增速开始持续下滑。截止2019年3月31日，亨通光电的营业收入增速创近五年新低，增速仅为个位数。

除了营业增长失速，其扣非后归母净利增长也失速。2014年至2018年及2019年第一季度，其扣非后归母净利增速分别为26.79%、97.31%、109.97%、72.35%、21.88%及-8.78%。从数据看，2018年高速归母净利增速创五年新低，且2019年第一季度扣非后归母净利出现负增长。

在面临公司业绩失速时，亨通光电2019年是否有机会突围呢？
2019年或将面临行业需求疲软之大考？
根据wind数据分类，2018年年度，公司营业收入为338.66亿元，其中主要产品为光纤光缆及相关产品、光通信网络设计与系统集成、铜导体产品、商品贸易、海洋工程产品等，其对应的收入分别为119亿元、96亿元、63亿元、40亿元及12亿元，其占总收入之比分别为35%、28%、19%、12%及3%。从数据可以看出，光纤光缆及相关产品、光通信网络设计与系统集成的产品依然是亨通光电业绩主要贡献力量。

根据英国咨询机构CRU日前发布的研究报告显示，2018年全球光缆消费总量超过了5亿光纤公里等级，不过增速放缓至4%，为2003年以来的最低水平。这或说明行业需求放缓某种程度拖累了公司业绩增速。同时据CRU报告预测，2019年中国光纤光缆市场消费量将再次下滑，该地区市场已经进入转型期——三大运营商完成了4G和FTTH网络的大部分工作，而5G建设目前仅限于部分城市进行大规模外场试验。这说明在行业4G需求饱满5G需求未完全释放的情况下，公司在 2019年的业绩是否将面临需求疲软的大考呢？
一季度变更会计政策增厚业绩 公司应收增速高于营收增速
2019年4月30日，公司发布《关于2019年会计政策及会计估计变更的公告》，其中一则变更为坏账计提准备变更。公司将根据公司实际情况，将账龄分析组合按客户性质分组，属于电信运营商、电网公司等在国务院国有资产监督管理委员会公布的央企名录中的央企及下属子公司，公司将1年以内（含1年）的应收账款5%的坏账计提比例下降为1%，少计提四个百分点。该会计政策自2019年1月1日起执行。

根据2019年第一季度报告显示，公司营业收入增长仅为7.45%，而公司归母净利相比上一年出现了负增长，增幅为-5.18%。

为何变更央企等客户一年以内的坏账计提比例呢？
2018年公司应收账款账面余额为87.32亿元，其中大部分为一年以内客户，且前五大客户均为央企客户合计金额为26.94亿元，占应收账款比30.85%。这或说明按照新变更的会计政策执行将有利于公司增加账面利润。2019年第一季度报告显示，公司资产减值较去年大幅下降188.94%，主要系公司坏账政策调整所致。假使延续此前会计政策不变，其2019年第一季度业绩下滑幅度将会进一步扩大。

2018年公司应收账款较2017年增长28.03亿元，同比增幅为52.08%；而公司营业收入2018年的同比增速为30.50%。具体如下图所示：

值得一提的是，2015-2017年，公司应收账款余额随着各年营业收入的增加而增加，其增长幅度低于营业收入增长幅度，但是2018年出现应收增速快于公司营收增速的情况。
展开阅读全文"
亨通光电业绩影响,"https://guba.eastmoney.com/news,600487,829382268.html",2019-05-12 20:45:49,亨通光电业绩主要受光纤降价影响。5G的建设，量还会上去，所以业绩现在不好说
骗子和白痴，选一项还是两项？,"https://guba.eastmoney.com/news,600487,806684088.html",2019-03-02 08:19:02,"童言无忌666说：亨通光电“今年年报预告利润大幅下滑”。
这个骗子加白痴在胡说！
实际上，亨通光电2018年年报预告净利润增长10％～30％。利润不但没有“大幅下滑”，反而是高速增长。
捏造利空，这就是骗子行为。
如果不知道“利润下滑”（利润绝对数减少）和“利润增长速度下滑”的区别，那就是股市白痴！
请自选，“骗子”和“白痴”，选一项还是两项？"
揭露一个晒假账的拙劣骗局,"https://guba.eastmoney.com/news,600487,804431620.html",2019-02-15 08:11:33,"揭露一个晒假账的拙劣骗局
　　今年春晚最好的小品节目，我认为就是《“儿子”来了》。这个小品在笑声中揭露了卖天价伪劣保健品的骗局。
　　今天我来揭露一个晒假账的网络骗局。
　　在股吧发帖，是给人看的，与人交流的。
　　可是有这么一个叫“童言无忌666”的人，他每个月晒的账户，却是没有股数、没有金额的所谓账户。那上面显示的买卖没有股数，没有交易金额。上面显示的持股数和市值都空白，成本价、盈亏比例，更是让人啼笑皆非。比如《2019年1月春节前我的按市值排列2个账户持股明细》中的持股“光环新网”的参考成本价“-1.471”，盈亏比例（％）“0”；“亨通光电”，成本价“-392.148”，盈亏比例（％）“-104.633％”；“三聚环保”成本价“-0.209元”，盈亏比例（％）“-4217.929％”。
　　可是此人口口声声是实盘操作，是真实持仓。
　　交易的是零股、零金额，持有的是零股、零金额！可以“亏损42倍”！
　　我们谁能理解这样的账户？
　　难道他买卖的不是股票，只是股票的灵魂？难道他持有的不是市值，而是市值的魂魄？难道这是阴曹地府的账户？
　　难道此人不是地球人，而是外星人？他使用的是宇宙某个星系在使用的账户？
　　我想起一个童话故事，可以与此一比。
　　我们都读过安徒生童话《皇帝的新装》。那些骗子用看不见的纱织布，用看不见的美丽布料做衣服。然后，皇帝光着屁股，穿着看不见的华丽衣裳去全城炫耀。骗子能够得逞，是因为大家都相信了骗子的一个“道理”。骗子说，不诚实的人和愚蠢的人，是看不见他们的布料和衣裳的。
　　现在这个网络骗子说，我晒的账户，里面有好多好多的股票，有好大好大的交易金额，有天量级的持股市值，不过你们都看不见，因为你们太愚蠢！这与安徒生童话中的骗子何其相似乃尔。
　　骗子说，我这可是截图。
　　这是不是侮辱大家的智商？券商哪里会有交易灵魂的营业部？
　　骗子又反问说，我隐掉了股数、金额，难道你们想偷窥我的秘密？
　　把一个不真实的空白账户给人看，不是骗子是什么？谁稀罕一个骗子漏洞百出的鬼话？
　　那个持仓数据的“成本价”、“盈亏比例（％）”，矛盾百出，荒谬之极，估计是软件设计的漏洞。如果成本价是负数，理论上盈利无限，不会“亏损42倍”。假如你买入某股100万元，亏损1倍就亏光了，亏损42倍就倒欠券商4100万元，你是不是已经躲债去了？
　　用这样的假账户示人，只能认为是行骗！
　　为何要行骗？是为了赢得粉丝吗？此人经常炫耀有几千粉丝，看来网络上的行骗很容易。这与《皇帝的新装》中的环境很像。
　　可是为什么又晒一个“亏损42倍”的持股？这样子还能收获粉丝？
　　只能认定这是个拙劣的骗局，一个愚蠢的骗子！


　　该收场了！"
亨通光模超前，短期无法兑现利润,"https://guba.eastmoney.com/news,600487,829353261.html",2019-05-12 19:24:18,"C114讯 4月28日消息（水易）近日，在“OFweek 2019 中国5G通信技术及应用研讨会”上，，华为高级网络架构规划师谢耀辉从设备商的角度发表了对5G承载光模块的看法。
谢耀辉表示，5G承载主要面临着大带宽、低时延、高精度同步的3大核心诉求，而光模块是实现网络高速互连的基础组件，另外光互连对光模块提出了低成本、低功耗、易用可靠的诉求，而低成本的诉求可通过简洁架构和上量达成。
相较于4G时代，5G的频谱提升了5倍，频谱效率提升了3到5倍，典型5G单站承载峰值为4.84Gbps，在CRAN场景下要达到该速率，接入环带宽则需达到57.74Gbps，因而5G初期，接入环带宽需求，50GE是理想速率，按需再扩容至100GE。
对于为何50GE是理想解决方案，谢耀辉指出，在接入层组环中，如果采用N*10GE的组网方式，则光纤消耗量大；而如果采用100GE的组网方式则面临着高昂的成本。5G初期通过50GE组网，单bit成本可降低30%，未来可根据流量需求，可叠加50GE基于FlexE无缝捆绑为100GE，从而达到平滑升级的目的，另外50GE单纤双向光模块可节约大量光纤，此外，从国内三大运营商各自提出的5G设备技术规范中提到设备支持50GE接口为必选要求，综上，接入层升级50GE，是最佳建网选择。
在汇聚层，谢耀辉认为，设备业务接口将在2019/2020迎来升级节点，将向200GE升级，而50G SERDES将是最佳选择；而对于核心层的400GE光模块，谢耀辉则认为，采用50G SERDES通过LR8 QSFP-DD可共享平台的收益，共享底层光电器件。
据谢耀辉介绍，目前华为移动承载，接入、汇聚和核心设备全系列均支持50GE/200GE/400GE接口。"
妈妈送我上幼儿园时，大盘3000点；妈妈送我上中学时，大盘3000点；妈妈送我上,"https://guba.eastmoney.com/news,600487,829338258.html",2019-05-12 18:45:18,妈妈送我上幼儿园时，大盘3000点；妈妈送我上中学时，大盘3000点；妈妈送我上大学时，大盘3000点；现在混社会很多年了，大盘依旧是3000点；真希望妈妈能像股市一样，永远年轻。祝所有的母亲们永远年轻！
周期定位,"https://guba.eastmoney.com/news,600487,829309417.html",2019-05-12 16:45:05,任何事物的发展都是周期循环的，这是规律，是无法改变的，股票市场也一样。虽然我们不能改变这种周期循环，但是可以清醒地认识到当前我们所处在的市场周期的位置，做好周期定位，以此做出正确的操作策略，从而战胜市场，否则不顾市场周期的循环，盲目操作和持有，一定会被市场吞噬掉，成为市场的牺牲品
冰山一角,"https://guba.eastmoney.com/news,600487,829296004.html",2019-05-12 15:59:59,康得新和康美药业只是冰山一角
冠名权拍卖了啊 一个人物的九九 一个人的老吧 一个人物的老跌 一个人物的耶耶 只,"https://guba.eastmoney.com/news,600487,829281363.html",2019-05-12 15:06:51,"冠名权拍卖了啊
一个人物的九九
一个人的老吧
一个人物的老跌
一个人物的耶耶
只卖两毛一个"
赌，哪个股票不是赌？暴雷的有、暴富的有，有胆就上，亨通现在的价位，可以赌一把，不,"https://guba.eastmoney.com/news,600487,829279848.html",2019-05-12 15:02:12,赌，哪个股票不是赌？暴雷的有、暴富的有，有胆就上，亨通现在的价位，可以赌一把，不一定能赢，但至少也有赢的可能，我是觉得崔根良人还不错，国家还是支持他的，大胆去闯、大胆去搞，高科技不是那么容易就成功的，亨通干的事有难度，想好出成绩需要百倍努力，赌，老子就赌你崔根良不是孬种，能闯出一片天空。
亨通很疼的股民，大盘反弹是给你们换股的难得的机会机不可失时不再来。换持续赢利的股,"https://guba.eastmoney.com/news,600487,829243858.html",2019-05-12 13:14:45,亨通很疼的股民，大盘反弹是给你们换股的难得的机会机不可失时不再来。换持续赢利的股票对自己公司维护形象的股票。这些公司一般都是龙头一和龙头二。主营清晰现金流充裕。认为自己估值低了就进行回购自己公司的股票。比如平安保险美的三一重工等等……亨通很痛到现在一定做不到。一，亨通很痛现金流为负。二对自己公司现在估值没信心。三主营不好不断质押股票还在不断融资这需要付利息成本的。四股本不断扩大赢利又在不断下滑散户中户大户层层套牢，套牢筹码之多难以想象。五外部不理因素影响市场。大盘还有起伏。亨通很痛起伏会更大因为没有大主力关照原因。理性投资是投资股市的永远真理！
明天能涨停吗？亨通落后大盘几个马位了,"https://guba.eastmoney.com/news,600487,814010675.html",2019-04-03 19:00:11,明天能涨停吗？亨通落后大盘几个马位了
对于吧里某些无脑唱多的贴，奉劝大家不要顶不要看，你看看标题就行：亨通是正宗的华为,"https://guba.eastmoney.com/news,600487,829227128.html",2019-05-12 12:04:12,对于吧里某些无脑唱多的贴，奉劝大家不要顶不要看，你看看标题就行：亨通是正宗的华为概念股试问亨通和华为有关系吗?华为今年业绩增长超50%请问华为增长，你去华为网站唱赞歌啊，华为搞不好还送你个充电宝什么的，你来亨通吧唱什么。怎么感觉不靠谱呢
我以前持有万华，600309—他妈的就是给这些狗托给唱卖的。,"https://guba.eastmoney.com/news,600487,829175122.html",2019-05-12 09:04:57,我以前持有万华，600309—他妈的就是给这些狗托给唱卖的。
下周5.13~5.17投资策略,"https://guba.eastmoney.com/news,600487,829173749.html",2019-05-12 08:54:36,"大家好！本人是悬赏问答罕见一个敢晒实盘的答主，实战与股评完美二合一，欢迎持续关注，见证一个真正的高手是怎样市值越做越大的。咨询诊股可以使用手机app直接点击我的“恭喜发财”头像提问即可，建议设置允许偷看模式，谢谢合作！本人只接受定向提问。
这个周末资本市场主要消息如下：
一、周末磋商结果大家都知道了，话题敏感，不多说了，重点：一、双方同意继续磋商；二、中方理性对待。
二、周五美股三大股指探底回升，小幅收涨！道指收涨0.44%报25942.37点，纳指收涨0.08%报7916.94点，标普500指数收涨0.37%报2881.40点。
三、证监会核发3家企业IPO批文：广东松炀再生资源股份有限公司，山东元利科技股份有限公司，四川德恩精工科技股份有限公司。
查阅招股说明书，广东松炀再生资源股份有限公司拟募集资金45,621.06万元，山东元利科技股份有限公司拟募集资金11.3223亿元，四川德恩精工科技股份有限公司拟募集资金42,576.70万元。三公司合计募集资金20.14亿元。
四、深交所暂停乐视网信息技术（北京）股份有限公司、德奥通用航空股份有限公司、凯迪生态环境科技股份有限公司、山东龙力生物科技股份有限公司、甘肃皇台酒业股份有限公司、金亚科技股份有限公司、湖南千山制药机械股份有限公司7家公司股票上市。
本人炒股十多年来，闻所未闻，大快人心。新股发行常态化，大A小赢家希望退市也要常态化，真心希望监管层认真研究一下美股为什么常年10年？A股为什么10年还在原地踏步？
下周如何操作？
磋商结果揭晓，可以说意料之中。靴子既已落地，就没什么好担心了。可以说A股单边下跌走势暂时不会再现了，当然指望持续上涨也不太可能。
下周建议投资者关注一下芯片、军工板块，芯片每年进口超过石油，这个行业是真正摩擦受益行业。雅克科技、江丰电子、亨通光电、振芯科技、杨杰科技值得关注。
同时，下周要注意回避ST板块，毕竟一次退市7家，史无前例！昔日故事大王、创业板一哥乐视网沦落退市，投资者该醒醒了，珍惜人民币，远离ST股。
大A小赢家继续坚持每个交易日晚上为投资者精选1-2只短线股，有兴趣的投资者可以定向提问咨询。
温馨提醒：下周有2只新股申购高潮！周一惠城环保和福蓉科技，不排除还有加塞的可能。
免责声明：本财富号的内容和观点仅供参考，文中涉及个股不构成投资建议，投资者需独立判断，据此买入风险自担，股市有风险入市需谨慎！欢迎关注并免费订阅，更多精彩文章等着您！有问题可以及时定向提问哦！
（来源：大A小赢家的财富号 2019-05-12 08:54） [点击查看原文]
#市场热点#"
谁能技术分析一下？我好慌啊[哭],"https://guba.eastmoney.com/news,600487,828989132.html",2019-05-11 22:27:54,谁能技术分析一下？我好慌啊
以后评论不行的用一两个字代替。打字累。这个不行。跑,"https://guba.eastmoney.com/news,600487,828966720.html",2019-05-11 21:08:28,以后评论不行的用一两个字代替。打字累。这个不行。跑
越来越感觉到“投资就要看公司老板的操守”这话的真谛！一如既往地支持亨通。,"https://guba.eastmoney.com/news,600487,828799013.html",2019-05-11 11:25:08,越来越感觉到“投资就要看公司老板的操守”这话的真谛！一如既往地支持亨通。
此吧是不是要交钱取得啥资格才可以随便发帖？,"https://guba.eastmoney.com/news,600487,828522228.html",2019-05-10 22:27:46,此吧是不是要交钱取得啥资格才可以随便发帖？
对价值投资的一点想法,"https://guba.eastmoney.com/news,600487,828898644.html",2019-05-11 17:05:33,"有很多价值投资者喜欢长期持有一只股票，也不管市场的走势，嘴上常常挂着巴菲特的名言“不想持有一只股票十年，就一分钟也不要持有”，是的，巴菲特是持有美股几十年，那是因为他不但拥有那些公司的股票，还是那些公司的管理者和经营者，更是那些企业拥有者。他不但是一位投资家，还是一位企业家，这些公司的发展都是按照的思路进行着，也就是说他对公司经营状况了如指掌，自己的公司他当然要长期持有了，难道还要时不时的把手中的股票卖给别人吗？为别人打工吗？就是国内的上市公司大股东，有经常把自己手中的股票卖出去的吗？作为一个普通散户能做到这一点吗？巴菲特持有中国石油也没有多长时间，他为什么不按照他自己说的，持有中国石油十年呢？很简单，怕赚到的利润被回吐掉。
当前A股市场还不成熟，还是个散户市场，市场波动比较大，一根筋似的价值投资肯定不是最好的选择，不是最科学的。涨跌是市场的规律，当市场回调时不及时退出规避风险，即使你有几倍的浮盈，也会被回吐掉，这就是典型的坐过山车，做无用功。价值投资者都喜欢看“经营活动现金流”这个指标，现金流和利润相符就是好公司，实现的利润再多，现金流是负的，也不是个好公司。同样的道理，你的账户浮盈就是再多，没有实现现金流，也不是个好的投资！
所以说，在A股的价值投资者要学会灵活变通，做到价值投资和趋势操作相结合。不屑做短线可以做中期趋势，比如说目前各大指数（包括美股）周线级别都在从高点向下回调，当然个股也是如此，在这种状况下就应该及时出局，退出市场，规避风险，等大盘和个股周线底部调整到位时再进入，做中线级别的高抛低吸，这样才能成为股市的赢家，一句话就是价值选股、做中线级别的上升波段！"
600487:亨通光电2018年度股东大会会议材料公告之议案5的内容居然还是错的,"https://guba.eastmoney.com/news,600487,828894141.html",2019-05-11 16:45:17,"600487:亨通光电2018年度股东大会会议材料公告之议案5的内容居然还是错的
我也是醉了"
亨通还要下行调整大约一个半月,"https://guba.eastmoney.com/news,600487,828878651.html",2019-05-11 15:29:15,请大家看周线走势，亨通还要下行调整大约一个半月，很有可能到13元左右
过一段时间我会陆续的发一些之前机构对于亨通年报和一季报的看法的一些文章，韭菜们快,"https://guba.eastmoney.com/news,600487,828865392.html",2019-05-11 14:48:19,过一段时间我会陆续的发一些之前机构对于亨通年报和一季报的看法的一些文章，韭菜们快割肉吧，我还有1万块钱想在17块钱以下加仓
10年的时间从最低的8毛4涨到了33块钱，亨通光电最高涨了大约40倍,"https://guba.eastmoney.com/news,600487,828851787.html",2019-05-11 14:07:14,10年的时间从最低的8毛4涨到了33块钱，亨通光电最高涨了大约40倍
亨通光电企稳日年线，将有一波行情,"https://guba.eastmoney.com/news,600487,780306599.html",2018-08-27 17:30:28,"亨通光电的基本面很不错，相信大家都有所了解，特别是通过亨通加油和一个人物等吧友的介绍，基本上比较全面的了解了亨通的面目，在此不再细说。下面就亨通最近几年的技术形态及趋势做一个粗浅的分析，俺水平不高，千万不要笑话俺，只求抛砖引玉。
1、从年线上看，亨通从年03上市开始，走的趋势很牛，可以肯定是一只质地不错的长期大牛股，年K线反映了公司经营状况和业绩的变化，所以从长期角度看，股价与业绩是相向而行是真理，选股一定首先得寻找到可持续发展的公司，然后再谈技术趋势，一个人物推荐亨通光电，自然有他的道理。现在的问题就是讨论亨通连续大涨了多年后，会不会透支了它的股价，去年的股价涨幅大大超过了业绩涨幅，今年的大幅调整振荡，正是反映了这个担忧。亨通的天花板到顶了吗？这个问题是投资亨通的首要问题。根据对亨通的研究和跟踪，亨通的天花板应该还没有到顶，所以大幅回调后，应该是加码追进的好机会。
2、从周线看，亨通是沿着60周线波浪上升的，业绩涨，60周线同步上移。前一段时间下破60周线，反映了中美的恐怖威力，今天股价重新站上60周线，能不能站稳，只有问特朗普才知道。只要美国不再加码对芯片封锁，这个担忧才可免去，这个风险不在我，在別人手里控制。因此，我的策略是有机会，机会比风险大，但得控制仓位，不能满仓亨通。
3、从日线看，亨通已突破九个多月下降通道上轨，今天放量站上年线，这几天站稳年线后，应该有一波行情。风险隐忧还是特朗普的。
仅供参考，见笑见笑了。"
哪个是龙头一清二楚，一线大白马,"https://guba.eastmoney.com/news,600487,828764089.html",2019-05-11 09:47:21,哪个是龙头一清二楚，一线大白马
哪个是龙头，一清二楚,"https://guba.eastmoney.com/news,600487,828765023.html",2019-05-11 09:49:25,哪个是龙头，一清二楚
做什么事多要有信心，假如没有信心那做任何事多会一事无成。,"https://guba.eastmoney.com/news,600487,828759778.html",2019-05-11 09:38:12,做什么事多要有信心，假如没有信心那做任何事多会一事无成。
股票有涨有跌很正常，有的股友感觉亨通不怎么样可以换股啊几千家上市公司好的公司很的,"https://guba.eastmoney.com/news,600487,828758814.html",2019-05-11 09:35:55,股票有涨有跌很正常，有的股友感觉亨通不怎么样可以换股啊几千家上市公司好的公司很的啊。
垃圾股托不少,"https://guba.eastmoney.com/news,600487,828704929.html",2019-05-11 06:35:27,垃圾股托不少
亨通继续当5G领跌龙头,"https://guba.eastmoney.com/news,600487,828046228.html",2019-05-10 10:33:02,亨通继续当5G领跌龙头
童言无耻666自从你说长信科技三角形放量突破己经下跌20%多了，你也分析分析，不,"https://guba.eastmoney.com/news,600487,826405446.html",2019-05-08 19:17:19,童言无耻666自从你说长信科技三角形放量突破己经下跌20%多了，你也分析分析，不要真的呆若木鸡，在享通吧，你没有享通倒很活跃，是没脸说呢，还是准备补仓，你又可以一直补仓了，到时又可以吹了，哈哈哈。
大盘一轮高过一轮，亨通一波比一波低,"https://guba.eastmoney.com/news,600487,828546584.html",2019-05-10 23:13:27,大盘一轮高过一轮，亨通一波比一波低。这次反弹后还将创新低
连5g通信的平均涨幅都远没达到，太弱了,"https://guba.eastmoney.com/news,600487,828205920.html",2019-05-10 13:51:42,连5g通信的平均涨幅都远没达到，太弱了
2600点时亨通18，2900点时亨通还是18，果然穿越，一个人物和小散1115,"https://guba.eastmoney.com/news,600487,828436318.html",2019-05-10 19:49:49,2600点时亨通18，2900点时亨通还是18，果然穿越，一个人物和小散1115鼓吹的10年大牛股害人害己呀。
亨通是货真价实的穿越市场牛熊的熊股,"https://guba.eastmoney.com/news,600487,828048730.html",2019-05-10 10:35:36,亨通是货真价实的穿越市场牛熊的熊股
给一个人物点赞，如此狂跌还在每天置顶，精神可嘉,"https://guba.eastmoney.com/news,600487,828495005.html",2019-05-10 21:38:50,给一个人物点赞，如此狂跌还在每天置顶，精神可嘉
如果下跌再买点，看能不能赚顿虾子钱。,"https://guba.eastmoney.com/news,600487,828469411.html",2019-05-10 20:52:05,如果下跌再买点，看能不能赚顿虾子钱。
亨通近期有特大消息，但是要保密的。可以这么说亨通不是一般上市民企，持亨通股票的朋,"https://guba.eastmoney.com/news,600487,828449369.html",2019-05-10 20:13:12,亨通近期有特大消息，但是要保密的。可以这么说亨通不是一般上市民企，持亨通股票的朋友，亨通一定会给你丰厚的回报。
一个傻屌，请你消停会吧,"https://guba.eastmoney.com/news,600487,828408041.html",2019-05-10 18:55:02,一个傻屌，请你消停会吧
全仓买入亨通光电，成就精彩人生,"https://guba.eastmoney.com/news,600487,828369205.html",2019-05-10 17:41:40,全仓买入亨通光电，成就精彩人生
融资加仓，沪股通减仓！ 好现象。说明融资在自救。 小散可以逐步建仓。 ,"https://guba.eastmoney.com/news,600487,827981369.html",2019-05-10 09:29:00,"融资加仓，沪股通减仓！
好现象。说明融资在自救。
小散可以逐步建仓。"
没管住手,"https://guba.eastmoney.com/news,600487,827465624.html",2019-05-09 15:12:56,没管住手
怎么说也是5g啊，3个月合理价值应该20元,"https://guba.eastmoney.com/news,600487,828361587.html",2019-05-10 17:27:20,
童言无耻666的截图是实盘贴吗？它永远不会回答，使劲洗地，哈哈哈,"https://guba.eastmoney.com/news,600487,822819500.html",2019-05-03 19:51:08,童言无耻666的截图是实盘贴吗？它永远不会回答，使劲洗地，哈哈哈
亨通光电现金流有问题吗？,"https://guba.eastmoney.com/news,600487,828321081.html",2019-05-10 16:17:19,"亨通光电现金流有问题吗？
总有人拿经营现金流不好来诟病亨通光电。其实是因为他们看不懂报表，不知道分析企业特性。亨通光电经营活动产生的现金流量净额有季度特点，因为上半年采购支出现金多，所以一季度和上半年通常表现为负数，以后会逐渐销售产品回收现金，一般年底都会转为正数，最近几年都是这样。去年底经营活动产生的现金流量净额为18.5亿元。
还有一个类似的问题。
有人问：“2017年亨通为何预付凯乐科技20亿元？”
先普及一下常识。
采购付款，大体三种方式：“先款后货”（先付钱后发货）、“先货后款”（先发货后付钱，俗称“赊销”）和“当面两清”（交钱、发货同时）。

亨通预付给凯乐科技20亿元，只是“先款后货”方式。
这是正常的付款方式，很多人居然认为是问题，认为是不正常的，是因为不懂企业经营基本常识。
这个两年前的事情早就过去了，没有任何问题，一些人还在炒这碗两年前的冷饭。

我查了亨通光电2018年底预付款余额1.59亿元，2019年3月末预付款余额6656万元，充分说明，所谓“亨通预付给凯乐科技20亿元”的事情，早就钱货两清了，不算“预付款”了，没有出任何问题，那是正常采购付款。
现在很多人还拿这件事来说亨通的坏话，要么是外行，要么是别有用心！
所谓亨通光电应收账款和应收票据，也是正常现象。几乎所有企业都会有应收账款和应收票据，一点也不奇怪。我粗略看了，不觉得亨通光电有什么问题。"
亨通光电，穿越牛熊的好股，发自内心的感恩。再见！,"https://guba.eastmoney.com/news,600487,821030974.html",2019-04-29 14:05:26,2015年来，减持持有近4年，4年来为数不多的赚钱股。再见！
可能是我的炒股技术太烂，本不该在这里大放厥词，不过呢，我不是谈股票涨跌，只谈人生,"https://guba.eastmoney.com/news,600487,828343341.html",2019-05-10 16:53:51,可能是我的炒股技术太烂，本不该在这里大放厥词，不过呢，我不是谈股票涨跌，只谈人生和理想。人如果没有梦想，和咸鱼有什么区别。我很笨，只要有钱，就永远不会空仓，肯定会一锤子砸光，哈哈。现在亨通40%、另一个股60%。我现在的想法是只考虑公司有没有投资价值，股价和价值是否匹配，不考虑大盘几千点几万点，只要买的公司有价值、不跑路，那就一直拿着。大盘暴跌、亨通暴跌，可谓：行至山穷水尽处！但我还是不死心、不割肉、不放弃，我就坚定地：坐看风起云涌时！牛市总有一天会来的，就算不来，也没关系，只要你买的公司不断进步就可以，一样挣钱，只输时间不输钱！不急不急。
都是定增闹的，定增赶紧出消息吧。话说老主力就甘心股价就这样被打压吗？,"https://guba.eastmoney.com/news,600487,828306369.html",2019-05-10 15:52:17,都是定增闹的，定增赶紧出消息吧。话说老主力就甘心股价就这样被打压吗？
亨通与凯乐科技的采购付款正常,"https://guba.eastmoney.com/news,600487,821821687.html",2019-05-01 08:30:46,"亨通与凯乐科技的采购付款正常
有人问：“2017年亨通为何预付凯乐科技20亿元？”
先普及一下常识。
采购付款，大体三种方式：“先款后货”（先付钱后发货）、“先货后款”（先发货后付钱，俗称“赊销”）和“当面两清”（交钱、发货同时）。

亨通预付给凯乐科技20亿元，只是“先款后货”方式。这是正常的付款方式，很多人居然认为是问题，是不正常的。
这个两年前的事情早就过去了，没有任何问题。
现在很多人还拿这件事来说亨通的坏话，要么是外行，要么是别有用心！"
亨通光电05月10日资金揭秘,"https://guba.eastmoney.com/news,600487,828313714.html",2019-05-10 16:04:56,"今日亨通光电主力净流入额达-1200.31万元，净占比-1.35%，
其中超大单净流入额-641.11万元,净占比-0.73%，
大单净流入额-559.20万元，净占比-0.64%。







































亨通光电资金流向数据

类型	流入(万元)	流出(万元)
超大	3934.37	-4575.48
大单	21064.31	-21623.51
中单	35308.01	-35904.84
小单	27182.08	-25384.94




资金解读





亨通光电收盘涨幅3.62%， 
其中，成交最活跃的价格分别为18.05、18.08、18.07，成交密集的手数区间分布于200-300、300-500、500-700手，中单介入居多。











成交活跃统计


9:30-15:00 成交均价 17.68













































成交价格	主买累计成交量	主卖累计成交量	主买占比	主卖占比
18.05	913643	127020	1.83%	0.25%
18.08	258800	217600	0.52%	0.43%
18.07	139952	143848	0.28%	0.29%
18.06	139240	87080	0.28%	0.17%
18.09	105900	0	0.21%	0.00%












































成交手数分布	主买累计成交量	主卖累计成交量	主买估算笔数	主卖估算笔数
200-300	680380	810700	2268 	2702 
300-500	729120	401693	1458 	803 
500-700	383390	161800	548 	231 
1000-1500	110900	131300	74 	88 
700-1000	0	78100	0 	78 




左右拖动表格，可查看剩余表格内容


行业个股资金流

























































通讯行业成分股主力净流入排行
序号	代码	名称	涨幅	主力净流入
1	000063	中兴通讯 	9.12%	44159.24万
2	600677	航天通信 	10.02%	19545.86万
3	300353	东土科技 	9.97%	9988.92万
4	300768	迪普科技 	10.00%	9870.18万
5	300292	吴通控股 	10.07%	9306.54万
97	600487	亨通光电 	3.62%	-1200.31万


数据来源:东方财富






展开阅读全文"
真垃圾,"https://guba.eastmoney.com/news,600487,828290809.html",2019-05-10 15:24:21,真垃圾
5月6日的跌停，我都不敢看我的余额，头大。,"https://guba.eastmoney.com/news,600487,828281866.html",2019-05-10 15:08:27,"5月6日的跌停，我都不敢看我的资金，不知道还能回来吗，头都大，小学生也不敢做T,也不敢再买，没子弹了。"
大盘跌三个点，你早跌停了，大盘涨三个点，你就这样，连行业板块都不如？你是龙头吗？,"https://guba.eastmoney.com/news,600487,828245753.html",2019-05-10 14:30:31,大盘跌三个点，你早跌停了，大盘涨三个点，你就这样，连行业板块都不如？你是龙头吗？还是垃圾。
没有成交量起来来不了,"https://guba.eastmoney.com/news,600487,828244987.html",2019-05-10 14:29:48,
中兴真是好股,"https://guba.eastmoney.com/news,600487,828242639.html",2019-05-10 14:27:36,中兴真是好股
亨通光电非理性的下跌，再跌到17元卖房加仓[鼓掌][鼓掌][鼓掌],"https://guba.eastmoney.com/news,600487,828238293.html",2019-05-10 14:23:59,亨通光电非理性的下跌，再跌到17元卖房加仓
这种垃圾股好退市了，大盘涨了这么多 ，才涨了三个多点,"https://guba.eastmoney.com/news,600487,828231459.html",2019-05-10 14:17:31,这种垃圾股好退市了，大盘涨了这么多 ，才涨了三个多点
大盘涨一百点您老好有定力,"https://guba.eastmoney.com/news,600487,828242811.html",2019-05-10 14:27:35,大盘涨一百点您老好有定力
瞬间补了16.89，本来要等周末消息，好了，现在不用等了，老美比我们还着急！,"https://guba.eastmoney.com/news,600487,828201098.html",2019-05-10 13:46:08,瞬间补了16.89，本来要等周末消息，好了，现在不用等了，老美比我们还着急！
请向中兴通信鞠躬：大爷、你才是5G龙头,"https://guba.eastmoney.com/news,600487,828231950.html",2019-05-10 14:17:50,请向中兴通信鞠躬：大爷、你才是5G龙头
