标题,链接,发布时间,内容
增发的时间还有一个月了！,"https://guba.eastmoney.com/news,600401,709760510.html",2017-09-26 19:41:42,增发的时间还有一个月了！
明天有惊喜！,"https://guba.eastmoney.com/news,600401,709759772.html",2017-09-26 19:41:34,明天有惊喜！
华晨升幅扩至% 中金维持买入,"https://guba.eastmoney.com/news,600401,709729298.html",2017-09-26 19:03:27,华晨升幅扩至% 中金维持买入
感觉这周就得突破并一直向上,"https://guba.eastmoney.com/news,600401,709740188.html",2017-09-26 19:17:18,感觉这周就得突破并一直向上
人家跌你也跌，人家涨你也跌，出利空你跌，出利好你也跌，年报好也跌,"https://guba.eastmoney.com/news,600401,709738278.html",2017-09-26 19:14:12,人家跌你也跌，人家涨你也跌，出利空你跌，出利好你也跌，年报好也跌
真难道就是难道不是新能源,"https://guba.eastmoney.com/news,600401,702089352.html",2017-09-11 13:14:57,真难道就是难道不是新能源
这是一点一点往下摸，半路还误导人追，老是假回头，大家别被骗了,"https://guba.eastmoney.com/news,600401,709705624.html",2017-09-26 18:20:01,这是一点一点往下摸，半路还误导人追，老是假回头，大家别被骗了
其实主力连续四天流入资金,"https://guba.eastmoney.com/news,600401,709705574.html",2017-09-26 18:19:18,其实主力连续四天流入资金
又痿了,"https://guba.eastmoney.com/news,600401,709701040.html",2017-09-26 18:11:01,又痿了
你们要现钱，我们要股票，小四川。,"https://guba.eastmoney.com/news,600401,709695107.html",2017-09-26 18:00:46,你们要现钱，我们要股票，小四川。
海润，你们要现钱，我们要股票，小四川。,"https://guba.eastmoney.com/news,600401,709695605.html",2017-09-26 17:59:25,海润，你们要现钱，我们要股票，小四川。
上周末也是不家不不亿元的节,"https://guba.eastmoney.com/news,600401,709686317.html",2017-09-26 17:46:13,上周末也是不家不不亿元的节
妖师，老东等人语录：,"https://guba.eastmoney.com/news,600401,709675807.html",2017-09-26 17:34:24,妖师，老东等人语录：
淘股神股神工厂收评：市集体现震荡行情 锂电池、次新股活跃。,"https://guba.eastmoney.com/news,600401,709668709.html",2017-09-26 17:24:22,"？淘股神股神工厂收评：市集体现震荡行情 锂电池、次新股活跃。
截止今日收盘，本周股神工厂排行榜前三排名分别是“十二生肖”、“金碧辉煌”、“cb跑跑哥哥”，持仓主要集中在次新板块。#"
鼓浪屿申遗成功旳这些,"https://guba.eastmoney.com/news,600401,709648338.html",2017-09-26 16:52:48,鼓浪屿申遗成功旳这些
孟说了海润没什么可淘的，早成空架子。全体小散都落入10送20的陷阱被高位套牢了。,"https://guba.eastmoney.com/news,600401,709650952.html",2017-09-26 16:57:31,孟说了海润没什么可淘的，早成空架子。全体小散都落入10送20的陷阱被高位套牢了。四个月后海润就将巨亏暂停上市。
明天不涨停 我退市,"https://guba.eastmoney.com/news,600401,709648736.html",2017-09-26 16:54:00,吗对比
海润有一个希望自家公司退市的董事会，我也是醉了！,"https://guba.eastmoney.com/news,600401,709509093.html",2017-09-26 13:16:26,海润有一个希望自家公司退市的董事会，我也是醉了！
与石油脱钩了，美股现,"https://guba.eastmoney.com/news,600401,709644792.html",2017-09-26 16:50:03,与石油脱钩了，美股现
如何看2,"https://guba.eastmoney.com/news,600401,709642401.html",2017-09-26 16:43:46,"今曰收盘
主力流入多414万
3日多1074万
5曰多402万
10曰多468万"
涨上去，一分一分的压，等代放量在买，战时不动。,"https://guba.eastmoney.com/news,600401,705352121.html",2017-09-18 14:16:20,涨上去，一分一分的压，等代放量在买，战时不动。
16:22淘股神股神工厂收评：市集体现震荡行情 锂电池、次新股活跃。,"https://guba.eastmoney.com/news,600401,709627798.html",2017-09-26 16:21:59,"w股神工厂收评：市集体现震荡行情 锂电池、次新股活跃。
截止今日收盘，本周股神工厂排行榜前三排名分别是“十二生肖”、“金碧辉煌”、“cb泡泡哥哥”，持仓主要集中在次新板块。y"
16:13淘股神股神工厂收评：市集体现震荡行情 锂电池、次新股活跃。,"https://guba.eastmoney.com/news,600401,709622442.html",2017-09-26 16:16:04,"K股神工厂收评：市集体现震荡行情 锂电池、次新股活跃。
截止今日收盘，本周股神工厂排行榜前三排名分别是“十二生肖”、“金碧辉煌”、“cb泡泡哥哥”，持仓主要集中在次新板块。W"
主力资金，大资金一直在出，大资金赌可能退市的票风险太大，因为倘若宣布退市，它出不,"https://guba.eastmoney.com/news,600401,706375667.html",2017-09-20 10:20:51,主力资金，大资金一直在出，大资金赌可能退市的票风险太大，因为倘若宣布退市，它出不来。
构的住房按揭公司开始的。下一步，,"https://guba.eastmoney.com/news,600401,705281926.html",2017-09-18 12:20:51,构的住房按揭公司开始的。下一步，
坚决阻止,"https://guba.eastmoney.com/news,600401,705320384.html",2017-09-18 13:37:23,
两分也是赚,"https://guba.eastmoney.com/news,600401,709610540.html",2017-09-26 15:53:52,两分也是赚
沪股通月内净流入创年,"https://guba.eastmoney.com/news,600401,709606349.html",2017-09-26 15:49:04,沪股通月内净流入创年
今天明显有资金在1.47买,"https://guba.eastmoney.com/news,600401,709589345.html",2017-09-26 15:19:14,明天看涨了
股价在下跌，主力资金却在流入，谁能解释，谢谢！！,"https://guba.eastmoney.com/news,600401,709495721.html",2017-09-26 12:48:40,股价在下跌，主力资金却在流入，谁能解释，谢谢！！
赶紧停牌自查整改！,"https://guba.eastmoney.com/news,600401,709582869.html",2017-09-26 15:05:14,
自几买来卖去,"https://guba.eastmoney.com/news,600401,709578743.html",2017-09-26 15:00:59,自几买来卖去
走了那么久主力还没控盘u,"https://guba.eastmoney.com/news,600401,709572645.html",2017-09-26 14:50:34,走了那么久主力还没控盘u
海润光伏养着一帮蛀虫，大股东掏空利润，海润光伏必亏无疑，所有的中小投资者只能无助的企盼他变好吗,"https://guba.eastmoney.com/news,600401,709534376.html",2017-09-26 13:53:08,我们是不是应该拿起法律武器？
不会猜什么价格，会炒到什么价格。,"https://guba.eastmoney.com/news,600401,709565507.html",2017-09-26 14:39:54,不会猜什么价格，会炒到什么价格。
此股乃神胡也,"https://guba.eastmoney.com/news,600401,709566309.html",2017-09-26 14:39:16,此股乃神胡也
上涨下跌天天出货，没人买。,"https://guba.eastmoney.com/news,600401,709561592.html",2017-09-26 14:34:15,上涨下跌天天出货，没人买。
快跑，快跑，6毛钱我来收购！,"https://guba.eastmoney.com/news,600401,709559480.html",2017-09-26 14:33:02,快跑，快跑，6毛钱我来收购！
亏了50%，只有持仓，博一把，哈哈,"https://guba.eastmoney.com/news,600401,709558739.html",2017-09-26 14:29:16,
1，3元到1，4元，收三个月，股的股票，天天出货。,"https://guba.eastmoney.com/news,600401,709556088.html",2017-09-26 14:25:27,1，3元到1，4元，收三个月，股的股票，天天出货。
1，3元到1，4元，收三个股的股票，天天出货。,"https://guba.eastmoney.com/news,600401,709555771.html",2017-09-26 14:25:21,1，3元到1，4元，收三个股的股票，天天出货。
1，3元1，4元收的股票，天天出货。,"https://guba.eastmoney.com/news,600401,709554087.html",2017-09-26 14:22:27,1，3元1，4元收的股票，天天出货。
蕴藏~,"https://guba.eastmoney.com/news,600401,709544295.html",2017-09-26 14:07:21,
今天不买不卖，没下手，如果大趺要卖，如果上涨要买，小四川。,"https://guba.eastmoney.com/news,600401,709537965.html",2017-09-26 13:57:00,今天不买不卖，没下手，如果大趺要卖，如果上涨要买，小四川。
今天不买不卖，,"https://guba.eastmoney.com/news,600401,709536400.html",2017-09-26 13:54:52,今天不买不卖，
不会看季报，看股票价格，什么时后收股票，什么时后出股票，。,"https://guba.eastmoney.com/news,600401,709533819.html",2017-09-26 13:49:19,不会看季报，看股票价格，什么时后收股票，什么时后出股票，。
麻烦股真的麻烦,"https://guba.eastmoney.com/news,600401,709531600.html",2017-09-26 13:49:03,麻烦股真的麻烦
要赚钱，不在富文化，文化在高都是无用知财。,"https://guba.eastmoney.com/news,600401,709529443.html",2017-09-26 13:45:08,要赚钱，不在富文化，文化在高都是无用知财。
海润有一个希望自家股票跌的董事长！,"https://guba.eastmoney.com/news,600401,709468985.html",2017-09-26 11:46:25,海润有一个希望自家股票跌的董事长！
在那里找的高管，无用知财。,"https://guba.eastmoney.com/news,600401,709526327.html",2017-09-26 13:41:35,在那里找的高管，无用知财。
个人感觉海润猫腻大着,"https://guba.eastmoney.com/news,600401,709384067.html",2017-09-26 09:57:48,个人感觉海润猫腻大着
海润的股民有福了，孟广宝自曝发家史，是充当海润带头大哥的风范？,"https://guba.eastmoney.com/news,600401,709339673.html",2017-09-26 08:25:50,昨日老孟自曝发家史，100万买1亿卖，如今老孟1亿增持海润，难道充当带头大哥的风范？
在那里找的高管，无用知财。海润。,"https://guba.eastmoney.com/news,600401,709526637.html",2017-09-26 13:39:00,在那里找的高管，无用知财。海润。
中国第一股茅台和海润，两个极端,"https://guba.eastmoney.com/news,600401,709522514.html",2017-09-26 13:34:40,中国第一股茅台和海润，两个极端
完全是，植物人的脑电波，,"https://guba.eastmoney.com/news,600401,709519336.html",2017-09-26 13:30:07,完全是，植物人的脑电波，
股价在跌跌跌！大单机构在买入！！！,"https://guba.eastmoney.com/news,600401,709512526.html",2017-09-26 13:19:38,股价在跌跌跌！大单机构在买入！！！
善良的人真不能炒股,"https://guba.eastmoney.com/news,600401,709493322.html",2017-09-26 12:43:10,"你的心地认为不可能跌了
进去必死
套多少，套多深
和你的善良度成比例
你越善良套的越多
你越善良套的越深"
等着海润的好消息!,"https://guba.eastmoney.com/news,600401,709513100.html",2017-09-26 13:23:05,等着海润的好消息!
谁知道 江苏证监局的回复 几时出公告,"https://guba.eastmoney.com/news,600401,709513189.html",2017-09-26 13:22:33,有人吗
现在不买，等拉涨停的时抢不上,"https://guba.eastmoney.com/news,600401,709506497.html",2017-09-26 13:11:35,现在不买，等拉涨停的时抢不上
从今天起每跌2分补两千股，跌到1块大约要补2000x24=48000股,"https://guba.eastmoney.com/news,600401,709495500.html",2017-09-26 12:45:24,从今天起每跌2分补两千股，跌到1块大约要补2000x24=48000股
同志们，此股还能继续持有么？会不会有退市的风险？,"https://guba.eastmoney.com/news,600401,709498046.html",2017-09-26 12:52:31,同志们，此股还能继续持有么？会不会有退市的风险？
河北：建设雄安新区开放发展先行区 打造国际优质资源要素聚集区，光伏等在列,"https://guba.eastmoney.com/news,600401,709454739.html",2017-09-26 11:23:53,证券时报网（www.stcn.com）09月26日讯据河北日报报道，河北省副省长王晓东在河北省省委理论学习中心组学习会发言称，要主动融入“一带一路”建设，以推进国际产能合作为主攻方向，依托河钢等龙头企业，引导钢铁、水泥、玻璃、光伏、纺织等行业优势企业在“一带一路”重点国家布局。要建设雄安新区开放发展先行区，打造国际优质资源要素聚集区，成为引领河北新一轮对外开放的新标杆。
360说要再奋斗几年再上市。海润没戏啦！散了吧。,"https://guba.eastmoney.com/news,600401,707801770.html",2017-09-22 11:42:57,360说要再奋斗几年再上市。海润没戏啦！散了吧。
海润进军雄安新区光伏产业,"https://guba.eastmoney.com/news,600401,709442694.html",2017-09-26 11:10:56,
海润光伏（600401）：计划设立海润雄安新区区域分公司！,"https://guba.eastmoney.com/news,600401,709444545.html",2017-09-26 11:14:05,进军雄安新区，摇身一变成了雄安概念
机构内参发布：光伏、风电或将迎来重大利好！,"https://guba.eastmoney.com/news,600401,706289591.html",2017-09-20 07:22:58,本月重点布局新能源板块中的光伏、风电、核电、生物质能，或将在国庆后全面暴动，本月随哥提前埋伏该板块中的个股，目前都有盈利8-10个点了！机构内参提到下半年弹性最佳的品种为新能源板块，另外偏防御的券商板块也值得配置，近期主力资金大规模撤离黑色系，本月建议逢低配置新能源、券商、房地产、新零售!
捂住，大好行情，别人都在涨，海润也会涨得，别心急！,"https://guba.eastmoney.com/news,600401,709402181.html",2017-09-26 10:18:52,捂住，大好行情，别人都在涨，海润也会涨得，别心急！
下面托这么多单子有毛病,"https://guba.eastmoney.com/news,600401,709458655.html",2017-09-26 11:30:50,下面托这么多单子有毛病
还二十五万小散呢？出货是有群众基础的 收票很难了 小散很少卖股票的 大多时候是在,"https://guba.eastmoney.com/news,600401,709458138.html",2017-09-26 11:28:08,还二十五万小散呢？出货是有群众基础的 收票很难了 小散很少卖股票的 大多时候是在补货 死扛 只有股价高于成本10到20 时才会闹心大多这时候卖出。高了舍不得卖 还留着做电梯上下玩呢 低了就补 绝不割肉 绝不 绝不
对于散户来说，只能以时间换空间，否则无论如何玩不赢杨亿万,"https://guba.eastmoney.com/news,600401,709453967.html",2017-09-26 11:24:13,对于散户来说，只能以时间换空间，否则无论如何玩不赢杨亿万
拿他们12亿，来上海买房都能赚个百分之二百,"https://guba.eastmoney.com/news,600401,709447585.html",2017-09-26 11:17:22,拿他们12亿，来上海买房都能赚个百分之二百
现在快买下午拉升,"https://guba.eastmoney.com/news,600401,709448569.html",2017-09-26 11:16:34,现在快买下午拉升
死猪不怕开水烫,"https://guba.eastmoney.com/news,600401,709441389.html",2017-09-26 11:09:35,死猪不怕开水烫
技术分析：有0.000001%概率会上涨，支撑位为0.75元,"https://guba.eastmoney.com/news,600401,709440956.html",2017-09-26 11:08:11,技术分析：有0.000001%概率会上涨，支撑位为0.75元
海润看样子下午要反红,"https://guba.eastmoney.com/news,600401,709436016.html",2017-09-26 11:01:45,海润看样子下午要反红
如何看?,"https://guba.eastmoney.com/news,600401,709417083.html",2017-09-26 10:37:07,"资金流入
目前333万
3天939万
5天267万
10天333万"
海润从明天开始就开始慢牛了，看涨 立贴为证,"https://guba.eastmoney.com/news,600401,709435236.html",2017-09-26 10:59:30,海润从明天开始就开始慢牛了，看涨 立贴为证
海润的缝纫机还是不错的,"https://guba.eastmoney.com/news,600401,709427466.html",2017-09-26 10:51:36,海润的缝纫机还是不错的
海润，百个股民，看肾下来五个没有，要跑的找都跑了,"https://guba.eastmoney.com/news,600401,709427229.html",2017-09-26 10:51:03,海润，百个股民，看肾下来五个没有，要跑的找都跑了
海润，百个股民，看肾下来五个没有，要跑的找都跑了，肾下来的，风雨都建过,"https://guba.eastmoney.com/news,600401,709428740.html",2017-09-26 10:50:55,海润，百个股民，看肾下来五个没有，要跑的找都跑了，肾下来的，风雨都建过
再这么洗盘，套牢的散户都跑了，那就你庄家自己拉自己抬。,"https://guba.eastmoney.com/news,600401,707841729.html",2017-09-22 12:59:23,再这么洗盘，套牢的散户都跑了，那就你庄家自己拉自己抬。
站岗放哨的事情不干，抬轿子的事情更不干,"https://guba.eastmoney.com/news,600401,709423092.html",2017-09-26 10:44:14,要么跳水，要么坐轿子！
还期望这股能翻倍？,"https://guba.eastmoney.com/news,600401,709422023.html",2017-09-26 10:43:31,又来一批脑残啊
垃圾中的战机[大便][大便][大便][大便],"https://guba.eastmoney.com/news,600401,709423112.html",2017-09-26 10:43:23,垃圾中的战机[大便][大便][大便][大便]
看这趋势，节前天天要调整，节后估计可能会消息明朗化。,"https://guba.eastmoney.com/news,600401,709417418.html",2017-09-26 10:38:43,仍点小钱在里，以小搏大，亏了就亏了，如果脱星摘帽成功的话，收益远大于亏损，最坏的状况也就大不了退市。值得以小搏大。
不知道大家有没有空看澄清公告，公告说明了杨怀进确实存在掏空海润光伏的利润海润光伏外购组件2.55 元瓦，含税价在2.8元左右,"https://guba.eastmoney.com/news,600401,709395893.html",2017-09-26 10:12:12,这样的价格，海润光伏基本上是给别人打工，没有什么利润可言，而且外购量1个多亿元，存在明显掏空利润的情况，外购原材料也是同样的问题。
看盘面还是有资金在买入的，不要被忽悠了[献花][献花][献花],"https://guba.eastmoney.com/news,600401,709417103.html",2017-09-26 10:37:52,看盘面还是有资金在买入的，不要被忽悠了
孟广宝在职其间，给其他公司担保的贷款是多少亿？？,"https://guba.eastmoney.com/news,600401,709418775.html",2017-09-26 10:37:47,孟广宝在职其间，给其他公司担保的贷款是多少亿？？
看盘看到想睡觉，无印，又一分玩一天,"https://guba.eastmoney.com/news,600401,709417202.html",2017-09-26 10:37:20,看盘看到想睡觉，无印，又一分玩一天
如果没锐电撑着，此股可能早跌停了！,"https://guba.eastmoney.com/news,600401,709400052.html",2017-09-26 10:16:14,如果没锐电撑着，此股可能早跌停了！
昨天，1，5卖，27万股，今天1，48元收回来了。,"https://guba.eastmoney.com/news,600401,709391102.html",2017-09-26 10:07:45,昨天，1，5卖，27万股，今天1，48元收回来了。
魏韦新：K线图运用口诀二:倒锤头线、锤头线、平w,"https://guba.eastmoney.com/news,600401,709415448.html",2017-09-26 10:35:44,魏韦新：K线图运用口诀二:倒锤头线、锤头线、平w
有谁还感觉海润的价格高就快快出去，未来是属于你的，看看你自己的判断是正确还是失败.,"https://guba.eastmoney.com/news,600401,709414305.html",2017-09-26 10:32:15,.
这种公司退市好了象僵广,"https://guba.eastmoney.com/news,600401,709411797.html",2017-09-26 10:28:53,这种公司退市好了象僵广
海润，1，元多的股，没人出货，就事调整价格，小四川。调不动了，就上涨,"https://guba.eastmoney.com/news,600401,709409593.html",2017-09-26 10:27:49,海润，1，元多的股，没人出货，就事调整价格，小四川。调不动了，就上涨
海润，1，元多的股，没人出货，就事调整价格，小四川。,"https://guba.eastmoney.com/news,600401,709408026.html",2017-09-26 10:26:26,海润，1，元多的股，没人出货，就事调整价格，小四川。
下跌趋势也不能下跌的！上升又是不能上升的！只有横向发展了！,"https://guba.eastmoney.com/news,600401,708965417.html",2017-09-25 13:55:11,下跌趋势也不能下跌的！上升又是不能上升的！只有横向发展了！
公安部经侦总局表示反对意见,"https://guba.eastmoney.com/news,600401,709319898.html",2017-09-26 05:40:03,公安部经侦总局表示反对意见
海润光伏这些年为什么亏损，是不是因为有一大堆蛀虫，如果不把蛀虫挖出来，海润光伏还有没有救,"https://guba.eastmoney.com/news,600401,709197541.html",2017-09-25 20:29:00,无锡永兴新能源投资有限公司到底是谁的白手套，是不是某些人利用海润光伏赚钱，海润光伏之所以亏损就是因为有这些蛀虫。
据证券时报网报道，市场人士指出，按照过往经验，“脱星摘帽”行情通常从四季度持续至,"https://guba.eastmoney.com/news,600401,709252818.html",2017-09-25 22:22:08,据证券时报网报道，市场人士指出，按照过往经验，“脱星摘帽”行情通常从四季度持续至次年4月，加上若相关个股三季报业绩向好，那么该公司全年业绩将大概率延续这一态势，因此在三季报披露之初布局基本面有显著改善的相关标的，是参与“脱星摘帽”行情的最佳时间节点。25只ST股预告前三季度业绩情况，其中9股预计扭亏，分别是*ST墨龙、*ST三泰、*ST准油、*ST德力、*ST爱富、*ST大有、*ST锐电、*ST夏工、*ST郑煤。
老孟习惯性空手套白狼！,"https://guba.eastmoney.com/news,600401,709252852.html",2017-09-25 22:21:53,老孟习惯性空手套白狼！
谈及与海润光伏之间的恩怨纠葛，孟广宝如今的感受是“伤心了”。 9月18日，在大连,"https://guba.eastmoney.com/news,600401,709193675.html",2017-09-25 20:18:44,"谈及与海润光伏之间的恩怨纠葛，孟广宝如今的感受是“伤心了”。
9月18日，在大连市一家酒店客房内，“华君系”掌门孟广宝向记者总结从海润一事中得到的教训：今后若再涉足入股上市公司，“必须实现控股，否则不去。”
对于孟广宝而言，海润是自己经商史上的一次败绩。在此之前，孟广宝的多年商场生涯不仅顺利且屡现“传奇”。他创立了一个以华君集团为核心的企业大厦，业务遍及金融、工业、医疗、地产、能源、贸易六大产业集群，拥有员工10000余人，资产号称600亿元。
与此相对的是孟广宝本人的极尽低调，由于几乎未曾接受过媒体采访，公开信息中对其介绍寥寥，孟广宝的个人信息及其起家经历少为人知，这也让孟广宝获得“辽宁隐秘富豪”之称。"
辽宁隐秘富豪曝100万买股1亿卖 得香港多位大佬相助 新京报09-25 14:0,"https://guba.eastmoney.com/news,600401,709192791.html",2017-09-25 20:19:05,"辽宁隐秘富豪曝100万买股1亿卖 得香港多位大佬相助
新京报09-25 14:03
律师出身“白手”缔造华君系版图；自称与孙粗洪、刘銮雄交好，两次重大并购资产系“赊欠”而来"
当初为何要摘帽,"https://guba.eastmoney.com/news,600401,709092630.html",2017-09-25 17:01:27,五一在极度的痛苦中度过，现在看来十一中秋也好不到哪去！当初为何要摘帽？
唱空海润，年底把孟广宝的利益输送追回，2017年就盈利了。套路不浅，想吓出散户！,"https://guba.eastmoney.com/news,600401,709231474.html",2017-09-25 21:36:35,唱空海润，年底把孟广宝的利益输送追回，2017年就盈利了。套路不浅，想吓出散户！
海润，今天大户跑了千多万现金。,"https://guba.eastmoney.com/news,600401,709174059.html",2017-09-25 19:41:01,海润，今天大户跑了千多万现金。
保壳倒计时：ST族9股有望“摘星脱帽” 11股暂停上市风险高 09-25 20:,"https://guba.eastmoney.com/news,600401,709226453.html",2017-09-25 21:27:31,"保壳倒计时：ST族9股有望“摘星脱帽” 11股暂停上市风险高
09-25 20:08 来源 : 证券时报网17评论
摘要
保壳倒计时：ST族9股有望“摘星脱帽” 11股暂停上市风险高9月即将收官，留给ST公司扭亏的时间已经不多了。在2017年最后一个季度里，“焦虑”的ST股会否奋起直追呢？A股一直以来存在较为明显的“保壳”行情。统计数据显示，过去两年，ST概念指数均录得较大涨幅。
9月即将收官，留给ST公司扭亏的时间已经不多了。在2017年最后一个季度里，“焦虑”的ST股会否奋起直追呢？
过去两年ST概念指数表现不俗
保壳倒计时：ST族9股有望“摘星脱帽” 11股暂停上市风险高
A股一直以来存在较为明显的“保壳”行情。
统计数据显示，过去两年，ST概念指数均录得较大涨幅。其中2016年四季度ST概念指数延续前一季度的强势，单季度累计上涨11.76%，同期上证指数涨幅仅为3.29%；2015年，在三季度板块出现大幅回调的背景下，ST概念指数四季度大涨38.38%，不但收复三季度的跌幅，而且涨幅是同期上证指数15.93%涨幅的两倍以上。
市场人士指出，按照过往经验，ST板块中每年均跑出不少牛股，而“脱星摘帽”行情也通常从四季度持续至次年4月，加上若相关个股三季报业绩向好，那么该公司全年业绩将大概率延续这一态势，因此在三季报披露之初布局基本面有显著改善的相关标的，是参与“脱星摘帽”行情的最佳时间节点。
25只ST股预告前三季度业绩情况：9股预计扭亏
统计数据显示，截至9月25日，25只ST股已经披露了2017年前三季度业绩预告，整体来看，业绩表现不容乐观。
分类型来看，25只ST股中，1股预减、12股续亏、2股首亏、9股扭亏、1股不确定。扭亏的占比仅为36%。
保壳倒计时：ST族9股有望“摘星脱帽” 11股暂停上市风险高
具体来看，*ST三泰(002312)预计今年前三季度净利润变动区间为3.4亿元~4.1亿元，表现优异。*ST三泰称，公司实现扭亏主要是得益于系重大资产重组交割完成，转让我来啦公司部分股权确认投资收益，而去年同期公司亏损2.7亿元。
部分ST公司实现扭亏则是得益于行业景气回暖。以*ST墨龙(002490)为例，公司预计今年前三季度净利润变动区间为800万元~1200万元，而去年同期则大幅亏损2.19亿元。资料显示，*ST墨龙主要从事能源装备行业所需产品的研发、生产与销售，受益于2017 年市场需求回暖，产品订单增加，产品价格相对去年同期有所上涨，*ST墨龙扭亏在望。
保壳倒计时：ST族9股有望“摘星脱帽” 11股暂停上市风险高
有喜就有忧，15只ST股前三季度业绩预忧。从亏损金额来看，由于主要化工产品销售量价下滑，*ST三维(000755)预计今年前三季度净利润最大亏损金额为3.5亿元，暂成“预亏王”。除此以外，*ST东数(002248)、*ST华泽(000693)、*ST众和(002070)等3股预计前三季度最大亏损金额均超过1亿元。
25只ST股风险预测梳理
根据前三季度业绩预告情况，统计数据显示，*ST准油(002207)、*ST三泰、*ST德力(002571)等7股较大几率实现“摘帽”；*ST锐电(601558)、*ST厦工(600815)则有望实现“摘*”；*ST三维、*ST普林(002134)、*ST众和等11股或将暂停上市；ST成城(600247)、ST慧球(600556)或将“戴*”；*ST宏盛(600817)、*ST弘高(002504)或将不变。
保壳倒计时：ST族9股有望“摘星脱帽” 11股暂停上市风险高
国盛证券指出，ST板块是市场中风险最大板块，但同时也是经常 “乌鸡变凤凰”产生黑马股的板块，是大风险与大收益的矛盾统一体。如果通过仔细筛选，在风险可控或相对较小的 ST个股中进行投资，往往可以获得超额收益。对于ST个股选择的标准，国盛证券建议从以下四大路径进行筛选：存在强烈摘帽预期；经营业务发生根本性好转；存在明显的重组预期；大股东实力雄厚。
PS:咳咳，创业板公司没有ST，但不代表不会被退市哦！
小编发现，创业板中6股已连续两年亏损，其中天龙光电(300029)、龙源技术(300105)预计今年前三季度净利润续亏。
保壳倒计时：ST族9股有望“摘星脱帽” 11股暂停上市风险高
(原标题：保壳倒计时：ST族9股有望“摘星脱帽”，11股暂停上市风险高)
编辑：东方财富网"
看图:海润今天是净流入的[财力],"https://guba.eastmoney.com/news,600401,709221662.html",2017-09-25 21:17:02,看图:海润今天是净流入的
此股很好拉升，主力不想拉而已，每次有两个5000手哥出现一下，股价立马就起来了，,"https://guba.eastmoney.com/news,600401,709194327.html",2017-09-25 20:20:59,此股很好拉升，主力不想拉而已，每次有两个5000手哥出现一下，股价立马就起来了，连续几个5000手上万手，跟风盘立马起来了，最多20万手就可以轻松拉涨停。等待实力游资进场，这么低这么容易拉升的票，何不一起做多发财。
看到有人在吧里唱空，心里踏实多了,"https://guba.eastmoney.com/news,600401,709189210.html",2017-09-25 20:12:50,看到有人在吧里唱空，心里踏实多了
用煤，我就把煤炭给他（凌钢）”，孟广宝说。 凌钢即凌源钢铁集团有限责任公司，始建,"https://guba.eastmoney.com/news,600401,709194590.html",2017-09-25 20:23:47,"用煤，我就把煤炭给他（凌钢）”，孟广宝说。
凌钢即凌源钢铁集团有限责任公司，始建于1966年，位于辽宁省朝阳市，是以钢铁为主业的大型国有集团。
到了上大学时，孟广宝已赚了六七万块钱。“那时候是大腕儿”。
从哈尔滨工业大学法学专业毕业后，孟广宝回到营口老家，在一家名为“华君”的国有律所做起律师。
今年7月，记者曾前往华君律所的所在地、营口市老电视台大楼，尽管律师事务所已不在该地办公，但目前华君系部分企业还在这里。提及孟广宝，有人士称，“他在当地是能量很大的人”。"
有一次某上市公司首发，股票没人要，卖不出去，我去当保安，公司给了一百万股。我东凑,"https://guba.eastmoney.com/news,600401,709195453.html",2017-09-25 20:23:24,"有一次某上市公司首发，股票没人要，卖不出去，我去当保安，公司给了一百万股。我东凑西借找了100万。”
“10年后，媳妇从箱底找出来股票，那时候一百多万快翻到一个亿，后来就都卖了。”
生意场上初战告捷的孟广宝仍然在律所工作，其律师生涯至少延续至20世纪末。
据公开简历，孟广宝自1998年起担任辽宁华君律师事务所资深合伙人，获辽宁省司法厅2003年文明律师称号。
孟广宝以自己名义控制公司是在2007年。
据孟广宝称，华君集团前身即当时的沈阳天尔。自己的好友孙永亮斥资数百万，买下长城资产的不良打包（资产），涉及辽宁省七个地区不良资产。其中便"
股票，跌天天跌，。小四川，每天专业炒海润。炒两年了，说长不长，,"https://guba.eastmoney.com/news,600401,709184878.html",2017-09-25 20:04:06,股票，跌天天跌，。小四川，每天专业炒海润。炒两年了，说长不长，
哪来的小号在吧里唱空，是主力派你来的吗,"https://guba.eastmoney.com/news,600401,709193671.html",2017-09-25 20:20:25,哪来的小号在吧里唱空，是主力派你来的吗
股票，跌天天跌，。小四川，每天专业炒海润。,"https://guba.eastmoney.com/news,600401,709183884.html",2017-09-25 19:59:52,股票，跌天天跌，。小四川，每天专业炒海润。
其实孟没进来就是一盘散沙，为什么有前面的大抛盘，为什么，为什么，,"https://guba.eastmoney.com/news,600401,708947072.html",2017-09-25 13:28:46,其实孟没进来就是一盘散沙，为什么有前面的大抛盘，为什么，为什么，
今天此股本来要上扬反弹一下的，开盘走的很好，连我也1.50追进去了估计很多人也追,"https://guba.eastmoney.com/news,600401,709183081.html",2017-09-25 19:59:36,今天此股本来要上扬反弹一下的，开盘走的很好，连我也1.50追进去了估计很多人也追进去了，主力一看不对，无量竟然拉起来了，不行啊，我筹码还没收集够，先不拉了，然后大盘也不好，主力就趁机打压吸筹，拿到了不少廉价筹码。想想是不是这样，那么多卖单，主力资金流入223万，说明大家还是看好此股的。拿稳了，不要随便割肉了，等待十月份行情的到来。越跌越买，因为再也找不到这么便宜的股票了，大家都不要轻易卖出，没有量，看他怎么跌。可以融资的加紧融点，等到大盘企稳，我们一起拉涨停。大家一起搞死空狗
1.31是不是最低价？各位大神。,"https://guba.eastmoney.com/news,600401,709158197.html",2017-09-25 19:10:40,1.31是不是最低价？各位大神。
中国光伏，出口下滑九成，大户跑跑了，。,"https://guba.eastmoney.com/news,600401,709180078.html",2017-09-25 19:52:40,中国光伏，出口下滑九成，大户跑跑了，。
海润，今天大户跑了千多万现金。小四川,"https://guba.eastmoney.com/news,600401,709174445.html",2017-09-25 19:41:14,海润，今天大户跑了千多万现金。小四川
辣鸡大智慧搞实名制，都没人玩股吧了，过不了多久，销户的也来了！[想一下][想一下,"https://guba.eastmoney.com/news,600401,709169917.html",2017-09-25 19:32:41,辣鸡大智慧搞实名制，都没人玩股吧了，过不了多久，销户的也来了！
事情是这样滴 360找了孟和其他大户，要他们转让股份，孟说你拉到三十几按市价打八,"https://guba.eastmoney.com/news,600401,709161599.html",2017-09-25 19:16:12,"事情是这样滴
360找了孟和其他大户，要他们转让股份，孟说你拉到三十几按市价打八折给你！"
海润今天大户在跑跑跑跑,"https://guba.eastmoney.com/news,600401,709161814.html",2017-09-25 19:15:28,海润今天大户在跑跑跑跑
157家A股上市`公司无实控人，*ST海润举牌概念股，大家猜一猜谁是*ST海润实,"https://guba.eastmoney.com/news,600401,708763972.html",2017-09-25 08:09:53,157家A股上市`公司无实控人，*ST海润举牌概念股，大家猜一猜谁是*ST海润实控人。
是好事情中,"https://guba.eastmoney.com/news,600401,709137152.html",2017-09-25 18:29:38,是好事情中
银行股龙头,"https://guba.eastmoney.com/news,600401,709137436.html",2017-09-25 18:28:40,银行股龙头
海润管理层应该在网上向广大股民公开道歉，深刻反省，拿出具体措施和方案，重建股民信,"https://guba.eastmoney.com/news,600401,705053157.html",2017-09-17 19:12:08,海润管理层应该在网上向广大股民公开道歉，深刻反省，拿出具体措施和方案，重建股民信心，这样不黑不白的混下去，公司也只有被收购的份了，办成这样的公司，你们不觉得是人生最大的悲哀吗？你们也去看看天和光能是怎样的经营，一个天上一个地下，真是悲哀！
雄安第三波行情来临。,"https://guba.eastmoney.com/news,600401,709125086.html",2017-09-25 18:03:01,雄安第三波行情来临。
出了关注000582重组,"https://guba.eastmoney.com/news,600401,707273542.html",2017-09-21 14:14:44,出了关注000582重组
善恶之分,"https://guba.eastmoney.com/news,600401,707823631.html",2017-09-22 12:21:50,"锐电，海润同时在2.36横盘
同时下跌
锐电暴跌以后，人们加仓，反弹到2元，前期介入的只要加仓，反败为胜，或者全身而退
是为善

海润暴跌以后，看见大盘反弹，主动停牌，搞天知道的战略投资者
大盘反弹结束，他复牌

1.3拉到1.66
空涨
随之反手打压
2.36一线介入的散户
能够全身而退的是神"
股票价格天天都横行霸道胡作非为！,"https://guba.eastmoney.com/news,600401,708964176.html",2017-09-25 13:53:08,股票价格天天都横行霸道胡作非为！
出货股票才会见到一元钱股！,"https://guba.eastmoney.com/news,600401,708986683.html",2017-09-25 14:19:42,出货股票才会见到一元钱股！
连续多年巨亏，已经严重资不抵债了，无人敢重组，退市[大笑],"https://guba.eastmoney.com/news,600401,709102466.html",2017-09-25 17:19:29,连续多年巨亏，已经严重资不抵债了，无人敢重组，退市
出货的股票是一定的！见到股票价格就知道了！,"https://guba.eastmoney.com/news,600401,708987513.html",2017-09-25 14:20:32,出货的股票是一定的！见到股票价格就知道了！
大户的人都出光了！都割光了！,"https://guba.eastmoney.com/news,600401,708988233.html",2017-09-25 14:21:00,大户的人都出光了！都割光了！
什么样才能叫割肉出局了？,"https://guba.eastmoney.com/news,600401,708988858.html",2017-09-25 14:22:17,什么样才能叫割肉出局了？
光伏太阳能发电站中国是世界上第一大行业！中国世界第一大行业老大！,"https://guba.eastmoney.com/news,600401,709085012.html",2017-09-25 16:48:50,光伏太阳能发电站中国是世界上第一大行业！中国世界第一大行业老大！
王者即将归来 光伏能源，新兴产业，崛起中国的又一张名片。ST海润是中国光伏之父创,"https://guba.eastmoney.com/news,600401,708145563.html",2017-09-22 22:16:08,"王者即将归来
光伏能源，新兴产业，崛起中国的又一张名片。ST海润是中国光伏之父创建，产业链完整，只要加强内控整理，一定能够走出阴影，重迎曙光！请珍惜你手中廉价的筹码。让我们一起期待，即将到来的实控人！
海润理念--海纳百川 润泽万物
海润使命--为世界提供清洁能源 让天空更蓝
海润的使命--以全球领先的生产设备为基础，以知名技术专家组成的科研团队为依托，海润光伏专心致力于光伏产业发展，力求为客户提供高品质的光伏产品和服务，创造与常规能源有可比成本的绿色无污染太阳能电力，为人类开创一种惬意的自然生活。"
待宰的羔羊[献花][献花][献花][献花],"https://guba.eastmoney.com/news,600401,709089112.html",2017-09-25 16:56:12,待宰的羔羊
不过还是借了点钱投了股份,"https://guba.eastmoney.com/news,600401,709081173.html",2017-09-25 16:43:26,雄安概念股走向之我见
大家快看，5个唱多的，代表5个跌停板[亏大了],"https://guba.eastmoney.com/news,600401,709078313.html",2017-09-25 16:35:40,大家快看，5个唱多的，代表5个跌停板
你好，实控人变更协商的怎么样了，都差不多一个月了还没有进展，会不会像88亿合同一,"https://guba.eastmoney.com/news,600401,710906840.html",2017-09-28 09:42:18,【问】你好，实控人变更协商的怎么样了，都差不多一个月了还没有进展，会不会像88亿合同一样是个大忽悠！ 【答】*ST海润：您好，相关进展请关注公司的有关进展公告，感谢关注！¶¶2017-09-28 09:42:18 §
多晶硅全球第七全国第三的排名,"https://guba.eastmoney.com/news,600401,709076232.html",2017-09-25 16:34:12,多晶硅全球第七全国第三的排名
美国201 针对的就是光伏,"https://guba.eastmoney.com/news,600401,709060050.html",2017-09-25 16:05:44,美国201 针对的就是光伏
星期六应该开启上涨征程了   [微笑],"https://guba.eastmoney.com/news,600401,709010952.html",2017-09-25 14:49:24,星期六应该开启上涨征程了
今天又那么多三千，五千手的大单在砸盘？？？,"https://guba.eastmoney.com/news,600401,709054878.html",2017-09-25 15:59:26,今天又那么多三千，五千手的大单在砸盘？？？
联合一致行动人举牌！！！,"https://guba.eastmoney.com/news,600401,709027603.html",2017-09-25 15:12:57,联合一致行动人举牌！！！
这是打新股，买吧，,"https://guba.eastmoney.com/news,600401,709023826.html",2017-09-25 15:06:37,这是打新股，买吧，
20170925 新京报孟广宝9月18日接受的采访，9月25日才发表？3037个字的文章,"https://guba.eastmoney.com/news,600401,709023774.html",2017-09-25 15:05:05,"9月18日接受采访，
9月25日发表一篇文章，3037个字。
以新京报记者的文字功底，
3037个字需要7天来写和审稿吗？"
两市第一垃圾要被强退了,"https://guba.eastmoney.com/news,600401,709019688.html",2017-09-25 15:01:08,两市第一垃圾要被强退了
退市了,"https://guba.eastmoney.com/news,600401,709017937.html",2017-09-25 14:55:48,退市了
国庆节前不行，大户千万的跑跑跑跑跑跑跑跑跑,"https://guba.eastmoney.com/news,600401,709009889.html",2017-09-25 14:45:57,国庆节前不行，大户千万的跑跑跑跑跑跑跑跑跑
领悟到控股股东是谁了，再波动出货几天，控股股东就是广大小散了。,"https://guba.eastmoney.com/news,600401,709006588.html",2017-09-25 14:44:56,领悟到控股股东是谁了，再波动出货几天，控股股东就是广大小散了。
360举牌借壳600401，信不信随意！,"https://guba.eastmoney.com/news,600401,709006656.html",2017-09-25 14:42:28,360举牌借壳600401，信不信随意！
公安部公告,"https://guba.eastmoney.com/news,600401,709004060.html",2017-09-25 14:40:39,公安部公告
大家做意，大户上千万的跑跑跑跑跑跑跑跑跑跑跑跑跑跑跑跑跑跑跑跑，要退市,"https://guba.eastmoney.com/news,600401,709003289.html",2017-09-25 14:39:15,大家做意，大户上千万的跑跑跑跑跑跑跑跑跑跑跑跑跑跑跑跑跑跑跑跑，要退市
下午有量,"https://guba.eastmoney.com/news,600401,707062391.html",2017-09-21 09:37:33,下午有量
证监会处罚看多的，涨停板好几个的，透漏内幕光全家的，你们人呢？,"https://guba.eastmoney.com/news,600401,707239774.html",2017-09-21 13:35:29,证监会处罚看多的，涨停板好几个的，透漏内幕光全家的，你们人呢？
海润大户今日上千万的跑跑跑跑跑跑跑跑跑跑跑什么意思？？？？小四川。要退市了吗？？,"https://guba.eastmoney.com/news,600401,708996562.html",2017-09-25 14:30:29,海润大户今日上千万的跑跑跑跑跑跑跑跑跑跑跑什么意思？？？？小四川。要退市了吗？？？？？？？？？
