标题,链接,发布时间,内容
左手倒右手  有意思吗  个人感觉 虽然我没有持股,"https://guba.eastmoney.com/news,600764,580017992.html",2016-12-16 13:45:42,左手倒右手 有意思吗 个人感觉 虽然我没有持股
速度，速度，速度，抢进，抢进抢进，去挨套[大笑][大笑][大笑][大笑][大笑],"https://guba.eastmoney.com/news,600764,580008534.html",2016-12-16 13:30:29,速度，速度，速度，抢进，抢进抢进，去挨套
砸恭喜跌停,"https://guba.eastmoney.com/news,600764,579998950.html",2016-12-16 13:13:54,砸恭喜跌停
这股中船花三十亿买的是有极大的战略意图的，中间怎么折腾那都是过程，,"https://guba.eastmoney.com/news,600764,579918237.html",2016-12-16 10:11:05,这股中船花三十亿买的是有极大的战略意图的，中间怎么折腾那都是过程，
今日上午大盘一片红火，下午[大笑][大笑][大笑]就要一片绿油油了[大笑][大笑,"https://guba.eastmoney.com/news,600764,579938697.html",2016-12-16 10:41:06,今日上午大盘一片红火，下午就要一片绿油油了
这里小散基本没有什么了，要想吸引小散跟风就得拉高，不拉高就没有让小散跟的意思，看,"https://guba.eastmoney.com/news,600764,579953382.html",2016-12-16 11:03:36,这里小散基本没有什么了，要想吸引小散跟风就得拉高，不拉高就没有让小散跟的意思，看来主力也没有出的意思，慢慢的在这里潜着吧，
你大爷的天天出货,"https://guba.eastmoney.com/news,600764,579953177.html",2016-12-16 11:03:17,你大爷的天天出货
电广网络/拓维信息~~联合4家创业板公司成立保险公司有闲钱的可以适当关注~~底部低吸,"https://guba.eastmoney.com/news,600764,579930575.html",2016-12-16 10:29:01,电广网络/拓维信息~~联合4家创业板公司成立保险公司有闲钱的可以适当关注~~底部低吸
，今日又是白搞，以为会继续昨日行情谁知[哭][哭][哭]一日游[大便],"https://guba.eastmoney.com/news,600764,579928085.html",2016-12-16 10:25:27,，今日又是白搞，以为会继续昨日行情谁知一日游[大便]
“国改第一妖股来袭”遭资本大佬抢筹1.8亿，目标价38元,"https://guba.eastmoney.com/news,600764,579715213.html",2016-12-15 17:24:48,瞧瞧技术面，完美，简直找不到一点缺点，无论是趋势还是资金都是完美。上升回档都是非常到位，每次回踩就是一次暴涨的机会，怪咖已经操作2波了，今天是忍不住了，实在是想跟大家分享下这票，主力吸筹了1.8亿股，都是大资金买入，而且主力一般拉升没有达到40%以上是根本赚不到钱的，所以后市机会非常多，怪咖也是会在我博中持续更新这票的后期操作思路，介入机会，暴涨起点！大家喜欢这票的也可以跟怪咖一起拭目以待，下跌低吸，横盘不动，上涨不追，大涨就卖，现在依然有效，去按照我说的尝试吧。
说实话，此走势光看k线不太好，但是真的舍不得卖，我准备长期拿着了，实在是看好后期,"https://guba.eastmoney.com/news,600764,579523067.html",2016-12-15 10:23:43,说实话，此走势光看k线不太好，但是真的舍不得卖，我准备长期拿着了，实在是看好后期，超级看好，顶一下
有认为明天会下跌或者说大跌的吗？请举手[大笑][大笑][大笑],"https://guba.eastmoney.com/news,600764,579698680.html",2016-12-15 16:37:20,有认为明天会下跌或者说大跌的吗？请举手
等你半年  就这结果,"https://guba.eastmoney.com/news,600764,579775559.html",2016-12-15 20:30:01,等你半年 就这结果
m的，这股琢磨不透，昨天28.09出完了，怕今天再继续下跌，谁知道它上来了。跟盯,"https://guba.eastmoney.com/news,600764,579587344.html",2016-12-15 12:49:58,m的，这股琢磨不透，昨天28.09出完了，怕今天再继续下跌，谁知道它上来了。跟盯着我似的，说什么我也不买你了，害的我亏了两万多。
60日线下方有支撑，大盘开始震荡反抽。,"https://guba.eastmoney.com/news,600764,579567174.html",2016-12-15 11:35:08,60日线下方有支撑，大盘开始震荡反抽。
5个交易日内必有一个涨停,"https://guba.eastmoney.com/news,600764,579670956.html",2016-12-15 15:19:35,5个交易日内必有一个涨停
八分结束,"https://guba.eastmoney.com/news,600764,579656477.html",2016-12-15 14:51:18,八分结束
即将拉升,"https://guba.eastmoney.com/news,600764,579634266.html",2016-12-15 14:17:04,即将拉升
昨天买，今天冲高卖掉[大笑]一股赚三毛八，我已知足[大笑],"https://guba.eastmoney.com/news,600764,579496066.html",2016-12-15 09:45:53,昨天买，今天冲高卖掉一股赚三毛八，我已知足
小散曰关注首批混合所有制改革南北船合并和电改这两条主线,"https://guba.eastmoney.com/news,600764,579574125.html",2016-12-15 11:53:51,小散曰关注首批混合所有制改革南北船合并和电改这两条主线
[不屑][不屑]诱多,"https://guba.eastmoney.com/news,600764,579544353.html",2016-12-15 10:56:07,[不屑][不屑]诱多
看人家钢构工程同样中船旗下,"https://guba.eastmoney.com/news,600764,579526380.html",2016-12-15 10:28:36,看人家钢构工程同样中船旗下
没量，涨起来套人,"https://guba.eastmoney.com/news,600764,579541873.html",2016-12-15 10:52:00,没量，涨起来套人
中电的价值？,"https://guba.eastmoney.com/news,600764,579494679.html",2016-12-15 09:43:37,中电的价值？
[不屑][不屑]不妨量不买,"https://guba.eastmoney.com/news,600764,579527281.html",2016-12-15 10:29:56,[不屑][不屑]不妨量不买
全部唱多，又是暴跌！,"https://guba.eastmoney.com/news,600764,579479782.html",2016-12-15 09:10:40,
中电广通仃盘重组前涨多了，复盘后拉高出货，小散们追买深套站山头，今天忍痛割肉走吧,"https://guba.eastmoney.com/news,600764,579456883.html",2016-12-15 06:40:43,中电广通仃盘重组前涨多了，复盘后拉高出货，小散们追买深套站山头，今天忍痛割肉走吧，买什么重组股呢，是用小民的血汗钱起航，支援再支援起航
据了解，为了打造船舶电子行业的上市平台，中船重工首先花30多亿元巨资从中国电子手,"https://guba.eastmoney.com/news,600764,579418597.html",2016-12-14 23:06:48,据了解，为了打造船舶电子行业的上市平台，中船重工首先花30多亿元巨资从中国电子手上将中电广通买了过来，而下一步就是将集团电子信息类资产注入中电广通，如专注于舰船作战指挥系统的武汉数字工程研究所、汉光重工、海声科技等。张英岱透露，“中电广通新组建的董事会有两个董事是深大研究所的所长”。
要用“跨过命运的卢比孔河”的精神去炒广通,"https://guba.eastmoney.com/news,600764,578656305.html",2016-12-13 10:02:22,要用“跨过命运的卢比孔河”的精神去炒广通
怕什么呀，庄来回玩散户，我们就天天做T，都知道会重组，怕什么呀,"https://guba.eastmoney.com/news,600764,262414676.html",2016-02-26 09:54:41,我们就天天做T，都知道会重组，怕什么呀。庄不拉都难，天天就那点成交量
短期肯定回调了，大家注意风险，长线的朋友放心留着就是了！,"https://guba.eastmoney.com/news,600764,261250532.html",2016-02-23 10:50:54,最忠实的忠告，不喜勿喷！
764，明天开盘就买入，不要犹豫,"https://guba.eastmoney.com/news,600764,579382625.html",2016-12-14 21:22:41,
大盘下跌别反着干。我们不买股不割肉找好对冲标的物就行~跌再多也不怕跌了企稳的时候底部慢慢和社保一起加仓,"https://guba.eastmoney.com/news,600764,579272630.html",2016-12-14 16:16:07,大盘下跌别反着干。我们不买股不割肉找好对冲标的物就行~跌再多也不怕跌了企稳的时候底部慢慢和社保一起加仓
明天能不能涨停？,"https://guba.eastmoney.com/news,600764,579322025.html",2016-12-14 18:32:11,明天能不能涨停？
竞猜，今天是跌停还是涨停？[大笑][大笑][大笑],"https://guba.eastmoney.com/news,600764,579096587.html",2016-12-14 10:24:12,竞猜，今天是跌停还是涨停？
还是没干过冀凯，冀凯大热啊,"https://guba.eastmoney.com/news,600764,579296994.html",2016-12-14 17:25:38,还是没干过冀凯，冀凯大热啊
就这分时形态 今天死定了,"https://guba.eastmoney.com/news,600764,578727651.html",2016-12-13 12:11:49,收盘绿油油 明天继续砸
福兮祸所伏，祸兮福所依。中电抢了冀凯的彩头现在看来未必就是好事，但如果说重组成功,"https://guba.eastmoney.com/news,600764,579155851.html",2016-12-14 12:16:06,福兮祸所伏，祸兮福所依。中电抢了冀凯的彩头现在看来未必就是好事，但如果说重组成功的就应该要比失败的差，我看也未必，所以我还是更相信中电。
回来看下广通的小伙伴们,"https://guba.eastmoney.com/news,600764,579121896.html",2016-12-14 10:56:47,回来看下广通的小伙伴们
中电广通 全卖了,"https://guba.eastmoney.com/news,600764,579220567.html",2016-12-14 14:35:30,我35000股受不了了 神马东西 等了你半年 就这下场
刚接了点，跌停在加点，明天有高就卖,"https://guba.eastmoney.com/news,600764,578309084.html",2016-12-12 14:08:23,刚接了点，跌停在加点，明天有高就卖
今天有人说得跌4个点，验正一下看是不是骗子,"https://guba.eastmoney.com/news,600764,579185060.html",2016-12-14 13:40:33,今天有人说得跌4个点，验正一下看是不是骗子
还好30多元卖了，今天回吧里看看，一群没素质的人在骂街，庄家怎么会和如此没有素质,"https://guba.eastmoney.com/news,600764,579249278.html",2016-12-14 15:19:34,还好30多元卖了，今天回吧里看看，一群没素质的人在骂街，庄家怎么会和如此没有素质的人为伍呢？大跌在即！啥时候骂街的人都割肉了，此股才会重启升浪
最具讽刺意味的就是冀凯股份现在已经34.73元了，中电广通还在这里忽悠1,"https://guba.eastmoney.com/news,600764,579249051.html",2016-12-14 15:19:08,最具讽刺意味的就是冀凯股份现在已经34.73元了，中电广通还在这里忽悠1
幸亏30多卖了，今天回来看看，吧里一群没素质的人在骂街，庄家怎么能和这样的人为伍,"https://guba.eastmoney.com/news,600764,579245493.html",2016-12-14 15:12:03,幸亏30多卖了，今天回来看看，吧里一群没素质的人在骂街，庄家怎么能和这样的人为伍呢，大跌在即！
我在26，17挂单等你[大笑]前期赚了3000块卖了，就等你回调[大笑][大笑],"https://guba.eastmoney.com/news,600764,579225611.html",2016-12-14 14:42:58,我在26，17挂单等你前期赚了3000块卖了，就等你回调
物业出来了。时刻准备低吸，一路走低，尾盘进,"https://guba.eastmoney.com/news,600764,578638540.html",2016-12-13 09:39:05,物业出来了。时刻准备低吸，一路走低，尾盘进
真是你妈得坑比,"https://guba.eastmoney.com/news,600764,579216975.html",2016-12-14 14:30:28,真是你妈得坑比
妈的，废物！,"https://guba.eastmoney.com/news,600764,579191043.html",2016-12-14 13:50:16,妈的，废物！
这个重组方案太有利于中船了。,"https://guba.eastmoney.com/news,600764,572095596.html",2016-11-24 12:11:42,"现有方案：买壳35亿，卖资产7亿，实际拿28亿获得了1.7亿股，此部分平均每股成本约为15.8元。按现在这个增发方案，向大股东中船发行6200万股，实际最后持股约为2.4亿股，上市公司总股本为4亿股，大股东占60%。
如果厚道些，采用资产置换方案，差额部分采用发行股份就是另外一个结果：置入资产11亿-置出资产7亿=4亿，按16.1价格发行股份则只能获得2500万股。则上市公司总股本为3.6亿股，大股东持股约为2亿，占55%。
由此可看出，现有方案最有利于大股东。大股东一股独大，凭借优势，仅因方案不同，让自己多得4千万股。按停牌前的价格，市值约12亿。实际上大股东只出了16亿就获得了一个优势壳。太划算了，目前市场上哪去用16亿获得如此干净的壳？还是一个爹好。
如果后续继续注入资产，导致大股东持股比例过大，大股东不得不在市场上出售股份，以避免触发要约收购。大股东在出售股份获得资产又可支持公司海洋战略的快速发展，这就是大股东不惜代价借壳上市的根本。
除大股东以外的持股者，唯有抬高股价，让后续的资产资产注入股价高，间接使大股东再注入资产时获得较少的股份。也不会过分扩张总股本，尽管可能大股东也会从高价减持中获得更多资金。由此看来维持高股价是大股东与其他持股者共同的目标。昨天的说明会也提到大股东不会让股本扩的过大。这也是复牌后能维持高股价的缘由。除非市场环境或再有股灾这类的则另当别论了。"
冀凯重组失败都能涨，你他妈的真废物！,"https://guba.eastmoney.com/news,600764,579174363.html",2016-12-14 13:22:11,冀凯重组失败都能涨，你他妈的真废物！
狗庄升天啦,"https://guba.eastmoney.com/news,600764,579072128.html",2016-12-14 09:51:45,狗庄升天啦
一直在诱多，从未停止。,"https://guba.eastmoney.com/news,600764,579098905.html",2016-12-14 10:26:59,A
中电广通中国航海航空军工信息化元件生产商,"https://guba.eastmoney.com/news,600764,579080811.html",2016-12-14 10:04:06,虽然股价在高位，但蓝图板块的一角都不值这个股价。只要管理者没有问题，这股绝对越跌越抢筹。
重组成功都不涨，也是没谁了，这股票太垃圾了！,"https://guba.eastmoney.com/news,600764,579088122.html",2016-12-14 10:13:20,重组成功都不涨，也是没谁了，这股票太垃圾了！
按惯例，明天又是暴跌,"https://guba.eastmoney.com/news,600764,578944159.html",2016-12-13 21:06:59,按惯例，明天又是暴跌
广通主力好无能，看看冀凯！,"https://guba.eastmoney.com/news,600764,579058097.html",2016-12-14 09:27:32,广通主力好无能，看看冀凯！
广通干不过冀凯，为什么？,"https://guba.eastmoney.com/news,600764,579012014.html",2016-12-14 03:14:25,广通干不过冀凯，为什么？
央企国企改革重组谁是领头羊？,"https://guba.eastmoney.com/news,600764,579032816.html",2016-12-14 07:37:19,央企国企改革重组谁是领头羊？
明天预计还有一波涨势！！！[赞][赞][赞][赞],"https://guba.eastmoney.com/news,600764,578983224.html",2016-12-13 23:00:30,"
明天预计还有一波涨势！！！"
明天又是一场战役，今天的战局对我们并不利，没有取得像样的成果。想保存实力的还是早,"https://guba.eastmoney.com/news,600764,578959767.html",2016-12-13 21:49:13,明天又是一场战役，今天的战局对我们并不利，没有取得像样的成果。想保存实力的还是早走，也许这是一场没有退路的战争。不忘初心再做一回解放军，原本也是像带着小米加步枪的精神，就像曾经看到四川双马涨停板上众人拿着1手1手的买单赌卖单一样，团结向上…
600764:中电广通关于媒体报道的澄清公告,"https://guba.eastmoney.com/news,600764,578455892.html",2016-12-12 19:02:47,"公告日期：2016-12-13
股票代码：600764 股票简称：中电广通 编号：2016-087



中电广通股份有限公司



关于媒体报道的澄清公告



本公司董事会及全体董事保证本公告内容不存在任何虚假记载、误导性陈述或者重大遗漏，并对其内容的真实性、准确性和完整性承担个别及连带责任。



一、媒体报道简述



中电广通股份有限公司（以下简称“公司”）日前关注到，《证券日报》发布报道《中船重工十大产业板块分批上市》。报道涉及公司的主要内容如下：“12月9日，第十二届中国证券市场年会——创新引领增长改革激活市场在北京召开，在大会讨论环节上中船重工董事张英岱分享了集团创新思路。张英岱表示，集团涉足电子业务的研究所有13个，其中8个是以研究电子为主的研究所。按照国民经济统计分类列微电子类企业的有五户，目前有一户打算注入上市公司。据了解，为了打造船舶电子行业的上市平台，中船重工首先花30 多亿元巨资从中国电子手上将中电广通买了过来，而下一步就是将集团电子信息类资产注入中电广通，如专注于舰船作战指挥系统的武汉数字工程研究所、汉光重工、海声科技等。张英岱透露，‘中电广通新组建的董事会有两个董事是深大研究所的所长’。”



二、澄清说明



1、经公司与控股股东方及《证券日报》有关人员核实，报道提及的“按照国民经济统计分类列微电子类企业的有五户，目前有一户打算注入上市公司”，是指公司目前正在进行重大资产重组的标的公司北京长城电子装备有限责任公司。



2、中船重工董事张英岱并未在会议现场透露报道所提及的“下一步就是将集团电子信息类资产注入中电广通，如专注于舰船作战指挥系统的武汉数字工程研究所、汉光重工、海声科技等”，为记者根据网络媒体早期发布的信息所作出的主观判断。



3、由于该报道在多家媒体网站均有刊登及转载，为避免造成公众误读，公司特此澄清：截至本公告日，公司除本次重大资产重组拟注入资产外，中船重工无进一步资产注入的具体计划和安排。



公司指定的信息披露媒体为《中国证券报》、《上海证券报》及上海证券交易所网站（www.sse.com.cn）。公司所有信息均以在上述指定媒体刊登的信息为准，敬请广大投资者注意投资风险。



特此公告。



中电广通股份有限公司董事会



2016年12月13日




[点击查看PDF原文]
提示：本网不保证其真实性和客观性，一切有关该股的有效信息，以交易所的公告为准，敬请投资者注意风险。
展开阅读全文"
想什么呢又去啦涨停~不打5折社保会罢休么？双12一个9，5折谁会进啊~？,"https://guba.eastmoney.com/news,600764,578806822.html",2016-12-13 14:56:52,想什么呢又去啦涨停~不打5折社保会罢休么？双12一个9，5折谁会进啊~韭菜猪肉馅~
实在跑不掉的断后部队就对冲 别闲着，等底部确立社保入场在平掉空仓   用对冲盈利来低价吸筹不损失1分确多了低价买入股份的机会吧风险化为0。剩下的就是高收益。 对,"https://guba.eastmoney.com/news,600764,578546575.html",2016-12-12 23:09:00,"实在跑不掉的断后部队就对冲 别闲着，等底部确立社保入场在平掉空仓 用对冲盈利来低价吸筹不损失1分确多了低价买入股份的机会吧风险化为0。剩下的就是高收益。
对冲的标的不一定是妻子。只要反向指标都行，控制杠杆风险和过夜费率。最好是无杠杆对冲（默认就是不反对放向，反对就是快见底了）"
今天没有走的明天继续哭,"https://guba.eastmoney.com/news,600764,578810954.html",2016-12-13 15:03:53,今天涨4个点，还不够明天跌的，明天低开3个点再低走下，
中船为什么要花30亿元买广通，想想就知道为什么了，今天要是走低就是最好的抢筹码的,"https://guba.eastmoney.com/news,600764,578628006.html",2016-12-13 09:21:41,中船为什么要花30亿元买广通，想想就知道为什么了，今天要是走低就是最好的抢筹码的好时间，
上海贝岭停牌秘谋整合广通电子，应该就这两周的事,"https://guba.eastmoney.com/news,600764,578905154.html",2016-12-13 19:20:23,上海贝岭停牌秘谋整合广通电子，应该就这两周的事
171停牌了，764还有2周时间玩也快了,"https://guba.eastmoney.com/news,600764,578897197.html",2016-12-13 18:57:42,
中电广通，拿了6个月，一毛钱都没赚！！！还好新股中了一签，给我点安慰！,"https://guba.eastmoney.com/news,600764,578894875.html",2016-12-13 18:50:47,中电广通，拿了6个月，一毛钱都没赚！！！还好新股中了一签，给我点安慰！
庄股，尾盘杀入！！看看你咋整！！,"https://guba.eastmoney.com/news,600764,578840062.html",2016-12-13 16:15:53,庄股，尾盘杀入！！看看你咋整！！
广通的的散户真是一代新人换旧人，长江后浪推前浪，后浪把前浪拍在沙滩上啊[大笑][,"https://guba.eastmoney.com/news,600764,578686175.html",2016-12-13 10:46:31,广通的的散户真是一代新人换旧人，长江后浪推前浪，后浪把前浪拍在沙滩上啊
凤凰网：日本记者拍到的中国在建航母高清照 2016.12.13,"https://guba.eastmoney.com/news,600764,578825298.html",2016-12-13 15:35:37,"凤凰网：日本记者拍到的中国在建航母高清照
2016.12.13"
这股最近横盘比较好，如果上拉就有诱多之嫌，所以今天挣五个点走了，,"https://guba.eastmoney.com/news,600764,578661465.html",2016-12-13 10:09:31,这股最近横盘比较好，如果上拉就有诱多之嫌，所以今天挣五个点走了，
尔玛的还不如002691,"https://guba.eastmoney.com/news,600764,578800798.html",2016-12-13 14:47:27,尔玛的还不如002691
这股你也敢玩,"https://guba.eastmoney.com/news,600764,578768253.html",2016-12-13 13:55:34,"这股你也敢玩
"
如果更名中船电子，今天就涨停了。船舶股票大涨,"https://guba.eastmoney.com/news,600764,578781503.html",2016-12-13 14:17:28,如果更名中船电子，今天就涨停了。船舶股票大涨
看来今天只是反抽，明天继续大跌,"https://guba.eastmoney.com/news,600764,578768046.html",2016-12-13 13:55:19,
昨天亏了13点，今天翻红了，明天有机会继续红吗？,"https://guba.eastmoney.com/news,600764,578758114.html",2016-12-13 13:38:57,昨天亏了13点，今天翻红了，明天有机会继续红吗？
股债汇期 金油昨天才灭了3样而已。又不是全灭,"https://guba.eastmoney.com/news,600764,578743779.html",2016-12-13 13:12:39,股债汇期 金油昨天才灭了3样而已。又不是全灭
声纳探测及信息传输是海军核心技术，这种标的两市绝无仅有，没可比性,"https://guba.eastmoney.com/news,600764,578740543.html",2016-12-13 13:05:19,后面北船集团院所及信息资产注入只是时间问题。能涨哪儿主力说了算
这股我不买了，太恐怖了，几天跌了15%。,"https://guba.eastmoney.com/news,600764,578721200.html",2016-12-13 11:47:31,这股我不买了，太恐怖了，几天跌了15%。
跌停跌停,"https://guba.eastmoney.com/news,600764,578685150.html",2016-12-13 10:44:55,跌停跌停
出来一个涨停都没还在原地踏步,"https://guba.eastmoney.com/news,600764,578653868.html",2016-12-13 09:58:50,出来一个涨停都没还在原地踏步
昨天跌停板进的，五个点出了，大局不好走了，有跌停还去买,"https://guba.eastmoney.com/news,600764,578656733.html",2016-12-13 10:02:54,昨天跌停板进的，五个点出了，大局不好走了，有跌停还去买
消沉不是广通股民的精神常态，只要我们始终保持信心，构筑精神高地，就能冲出广通股价,"https://guba.eastmoney.com/news,600764,578579635.html",2016-12-13 04:20:06,消沉不是广通股民的精神常态，只要我们始终保持信心，构筑精神高地，就能冲出广通股价洼地、摆脱涨幅落后同类股票境地。
宝宝好苦,"https://guba.eastmoney.com/news,600764,578475913.html",2016-12-12 20:00:05,宝宝好苦
心态最重要！赌气伤身！,"https://guba.eastmoney.com/news,600764,578477298.html",2016-12-12 20:03:41,心态最重要！赌气伤身！
前期主力资金一味抬权重、拉股指，今日自食其果。后市应当聚焦中小盘股，出热点、聚人,"https://guba.eastmoney.com/news,600764,578429364.html",2016-12-12 17:44:17,前期主力资金一味抬权重、拉股指，今日自食其果。后市应当聚焦中小盘股，出热点、聚人气，才能使资金回流、稳中求进、重拾升势。
大盘猴市特征明显，关注宝通科技3000031加码手游业务海外市场。,"https://guba.eastmoney.com/news,600764,578611251.html",2016-12-13 08:34:26,大盘猴市特征明显，关注宝通科技3000031加码手游业务海外市场。
唱多帖越多，越觉得恐怖，再来个跌停吧！,"https://guba.eastmoney.com/news,600764,578599058.html",2016-12-13 07:34:23,唱多帖越多，越觉得恐怖，再来个跌停吧！
澄清什么，说出口不好收，也合乎重组实际呀，记者听错了还是加油加醋瞎编的，要追查原,"https://guba.eastmoney.com/news,600764,578578612.html",2016-12-13 04:05:18,澄清什么，说出口不好收，也合乎重组实际呀，记者听错了还是加油加醋瞎编的，要追查原因吗？小小散们追买进去损失严重，都是血汗钱哦
从深物业a出来后，我会无脑买进中电广通，现在价位够低了，也让我挣了23个点，是一,"https://guba.eastmoney.com/news,600764,578538198.html",2016-12-12 22:43:57,从深物业a出来后，我会无脑买进中电广通，现在价位够低了，也让我挣了23个点，是一个月来挣最多的股。总结过，让自己挣过的股，一般就是最好的，要做的就是随时准备回踩。驰宏锌锗是也，金轮股份是也
澄清公告： “截至本公告日”，中国文字耐人寻味，你懂的……,"https://guba.eastmoney.com/news,600764,578473873.html",2016-12-12 19:54:34,澄清公告： “截至本公告日”，中国文字耐人寻味，你懂的……
散户最好的操作就是赚了钱留下赚的股市价值拿回本钱找机会，然后复制此法。你就会有很多股额且都是赚的钱不用担心涨跌，持有3年也行,"https://guba.eastmoney.com/news,600764,577017279.html",2016-12-08 11:26:08,散户最好的操作就是赚了钱留下赚的股市价值拿回本钱找机会，然后复制此法。你就会有很多股额且因为都是赚的钱不用担心涨跌，持有3年也行。俗话说的赚了留底仓。补给大家负担~
我和谁有过节？（附图）,"https://guba.eastmoney.com/news,600764,549524581.html",2016-09-08 10:04:24,不断入场交易试探意图，开始每次100手月差价数万，后来逐月递减每次50、30、20手，到4月末只能每次10手，还经常不成交.表示浮筹清理干净洗盘即将结束，于是我在4月末5月初连续发帖告诫随时可能关门.
上中下三策，温乱停横四卦增与控盘断后等部。,"https://guba.eastmoney.com/news,600764,577987061.html",2016-12-11 15:46:10,"上中下三策，温乱停横四卦增与控盘断后等部。
三策以个股实际情况各分不同，各位上中下。
一策深，二策观，三策走. 对应各自控盘仓位和流通盘占比灵活选择。
一策深 看若控空实是被动加仓。
二策观 以外围形势对应股价波动灵活固定仓位压低成本。
三策走 走非走实为静，静者不动不变时为万变。吧价格交给市场。不用再做一分跌不入，涨不出。
但内有存力外有存源。风暴过后相机而动。
四挂：
一挂： 温卦强进强出/强出强进，杀敌一千自己损五百。（非张赵等不能用之）
二挂： 乱卦强震归零之术初为一日多次中为两日两个向。（循环往复一集合之力拨千斤只重）
三挂： 停卦看似以静制动却尽失去天机。如无利无主无实无虚。活则负天下。（后发先制实则无法无智）
四挂： 横卦横则强横以待时变，待确定性/息或大天机变化。不增不减强横于世间不受外力绕动。
（如停却远强于停。称活停）
三策四挂以时，不同仓不同股 可动 和换 可静。如已深者选其一。未深者可变法已用选其二灵活交替。
世间无绝境有绝思。（翻译成现代文：只有你想不到的没有人做不到的）"
好样的宝通科技300031拟现金加码游戏业务-。,"https://guba.eastmoney.com/news,600764,578445791.html",2016-12-12 18:29:47,好样的宝通科技300031拟现金加码游戏业务-。
中电广通的澄清公告真是贼不打自招，媒体报道的文章中并未提及自己爆料的三家公司啊，,"https://guba.eastmoney.com/news,600764,578486595.html",2016-12-12 20:28:17,中电广通的澄清公告真是贼不打自招，媒体报道的文章中并未提及自己爆料的三家公司啊，这下底牌漏了。
上午唱空贴发不出去，呵呵我是醉了，股吧真黑,"https://guba.eastmoney.com/news,600764,578460970.html",2016-12-12 19:18:45,[不赞]
明天涨停,"https://guba.eastmoney.com/news,600764,578450821.html",2016-12-12 18:46:35,后天涨停。
明天开始买入，越跌越买，请把握机会，这几天大盘会跌，正是加仓好时机，美国加息落地,"https://guba.eastmoney.com/news,600764,578495945.html",2016-12-12 20:52:18,明天开始买入，越跌越买，请把握机会，这几天大盘会跌，正是加仓好时机，美国加息落地后大盘止跌，下一轮热点在中小创，国企改革，军工。
3.77不见不散[大笑][鼓掌][微笑]换002761.002658,"https://guba.eastmoney.com/news,600764,578497068.html",2016-12-12 20:55:11,3.77不见不散换002761.002658
帝国，航天已经跑路了。留下一地鸡毛,"https://guba.eastmoney.com/news,600764,578491439.html",2016-12-12 20:40:41,帝国，航天已经跑路了。留下一地鸡毛
600760:*ST黑豹关于公司股票13日（明天）复牌的提示性公告,"https://guba.eastmoney.com/news,600764,578487839.html",2016-12-12 20:31:37,600760:*ST黑豹关于公司股票13日（明天）复牌的提示性公告
是截止本公告日，至于明天或者未来3到6个月有无资产注入计划，无可奉告。中国文字，,"https://guba.eastmoney.com/news,600764,578478387.html",2016-12-12 20:06:42,是截止本公告日，至于明天或者未来3到6个月有无资产注入计划，无可奉告。中国文字，耐人寻味……
中船重工将中电广通打造成为船舶电子行业的上市平台,"https://guba.eastmoney.com/news,600764,578218296.html",2016-12-12 11:25:07,"中船重工还打算将中电广通打造成为船舶电子行业的上市平台。“所谓电子行业是指原料的电子，电子部后来改组为企业信息单位一个中国电子，一个中国电科，行业电子指航空电子、船舶电子这是传统的说法。”张英岱表示，集团涉足电子业务的研究所有13个，其中8个是以研究电子为主的研究所。按照国民经济统计分类列微电子类企业的有五户，目前有一户打算注入上市公司。
　　据了解，为了打造船舶电子行业的上市平台，中船重工首先花30多亿元巨资从中国电子手上将中电广通买了过来，而下一步就是将集团电子信息类资产注入中电广通，如专注于舰船作战指挥系统的武汉数字工程研究所、汉光重工、海声科技等。张英岱透露，“中电广通新组建的董事会有两个董事是深大研究所的所长”。"
涨,"https://guba.eastmoney.com/news,600764,578461161.html",2016-12-12 19:19:14,
明天必涨，这桩太狠毒啦,"https://guba.eastmoney.com/news,600764,578430292.html",2016-12-12 17:46:33,明天必涨，这桩太狠毒啦
五告股友们 如果你们爱上中电广通，那么真心用自己的时间对待它，如同善待自己的爱人,"https://guba.eastmoney.com/news,600764,578066651.html",2016-12-11 21:20:27,"
五告股友们
如果你们爱上中电广通，那么真心用自己的时间对待它，如同善待自己的爱人一般，它必然会厚报你们。如果你们只想当作赚钱的工具，那么它的“亲属”另类人也会把你们当作工具，还有它的“父母”股市也会要你们加倍尝还的。"
说话算话，跌停板接盘五千股，呵呵不挣钱不会走，,"https://guba.eastmoney.com/news,600764,578345527.html",2016-12-12 14:53:37,说话算话，跌停板接盘五千股，呵呵不挣钱不会走，
我相信肯定到20以下[鼓掌],"https://guba.eastmoney.com/news,600764,577642971.html",2016-12-09 17:44:31,我相信肯定到20以下
跌停了，明天还要跌至少7%,"https://guba.eastmoney.com/news,600764,578339619.html",2016-12-12 14:46:52,
为什么没有人信我的呢？都说了要跌停，今天做样子红了一下，所以没有草底，此股已经弱,"https://guba.eastmoney.com/news,600764,578367046.html",2016-12-12 15:24:02,为什么没有人信我的呢？都说了要跌停，今天做样子红了一下，所以没有草底，此股已经弱了，懒得关注了。有反抽大伙跑吧
哪来这么多大湿？小三们，晕没？真够有意思的。[大笑][大笑][大笑],"https://guba.eastmoney.com/news,600764,577079477.html",2016-12-08 14:03:03,哪来这么多大湿？小三们，晕没？真够有意思的。
卧槽,"https://guba.eastmoney.com/news,600764,578204116.html",2016-12-12 11:05:03,"早盘下探是埋单29.45, 结果差5分没买到
快速上拉又埋了个31.5，草 差2分又没成交
今天这t+0"
还有没机会翻红？？？,"https://guba.eastmoney.com/news,600764,578213980.html",2016-12-12 11:19:08,还有没机会翻红？？？
早上竞价卖出中电广通，回了深物业。没有筹码了，只能看戏,"https://guba.eastmoney.com/news,600764,578180793.html",2016-12-12 10:33:09,早上竞价卖出中电广通，回了深物业。没有筹码了，只能看戏
做多的游资散户请注意从现在开始，不要看我此在股吧任何发帖，一心做多刺刀见红像周一一样拼上去不管我发什么图评论尽量不看。包括马上还要发的帖子。,"https://guba.eastmoney.com/news,600764,576525770.html",2016-12-07 08:54:59,"做多的游资散户请注意从现在开始，不要看我此在股吧任何发帖，一心做多刺刀见红像周一一样拼上去不管我发什么图评论尽量不看。包括马上还要发的帖子。
相信价值相信自己就行别人说什么不重要，怎么做也不重要重要的是你的目标向着他一直前进就行不要被任何人任何事情所牵绊达到目标再说其他的。不然一切都是 空 谈。
大家只需要努力向前不要看什么大盘不要被任何事情阻碍，如果哪天看见我成为阻碍直接从我身上压过去千万不要回头。"
此股小散很少了，看庄自己表演了,"https://guba.eastmoney.com/news,600764,578201171.html",2016-12-12 11:00:24,此股小散很少了，看庄自己表演了
这个市场确实很烂，广通和南洋科技比无论从自身题材，股本结构，后期注资预期等，都远,"https://guba.eastmoney.com/news,600764,578190471.html",2016-12-12 10:45:17,"这个市场确实很烂，广通和南洋科技比无论从自身题材，股本结构，后期注资预期等，都远远占优。但是市场走势却让人大跌眼镜。南洋科技复牌后连拉涨停至股价翻番，稍作震荡今日又拉涨停。反观广通，自复牌开始便一路震荡，甚至还出现了跌停。
究其深层次原因，无疑是市场黑幕在作祟。
广通在股权变更前后，都是央企大比例控股，大股东中没有私人资本的大小非股东，他们不需要操纵股价从股价大幅变动中获取直接经济收益。
而南洋科技这样的由私人企业变身过来的重组股就截然不同了。
2010年上市后，经过几年的讲故事，股价连年翻番，大小非达到了高位减持套现的目的，他们从当初控股比例高达近八成，减持或转让后仅剩下6000万左右不足总股本10％的股票，他们通过减持套现的资本高达数十亿，是IPO募集资金的六到八倍。他们完全有理由从自己减持套现的巨额资金里拿出一部分来委托理财，借助重组把自家的股票价格炒高。自家股票每上涨2元，自己就增加1.2亿的收益。如果南洋科技股价能从复牌前的12元多利用这次重组上涨到32元多，大小非手里的那6000多万股票就能获益12亿！这将是多么大的诱惑？这又会产生多么大的动力？
大小非通过讲故事推高股价，通过减持套现成为亿万级别的土豪，再使尽各种手段 搞重组或股权转让制造奇迹，让自己最后再大捞一把华丽退出。这些大小非获取的收益数以亿计，他们能不感谢让他们发财的恩人？这也正是现在快速IPO发新股的真正动力！
这一切都是zjh与企业老板们联手完成的。
中电广通却不具备这样的动力。"
早盘跌不买，涨时候跟风，以为来料涨停，又一次亏损无语[哭],"https://guba.eastmoney.com/news,600764,578192099.html",2016-12-12 10:47:21,早盘跌不买，涨时候跟风，以为来料涨停，又一次亏损无语
希望今天能收出002389昨天的k线,"https://guba.eastmoney.com/news,600764,578170912.html",2016-12-12 10:20:33,那明天有希望了
打压盘太多，庄有点累,"https://guba.eastmoney.com/news,600764,578165272.html",2016-12-12 10:14:26,打压盘太多，庄有点累
终于见红了,"https://guba.eastmoney.com/news,600764,578154037.html",2016-12-12 10:01:39,终于见红了
看看南洋科技 那叫龙头。你算个JB,"https://guba.eastmoney.com/news,600764,578140218.html",2016-12-12 09:45:44,看看南洋科技 那叫龙头。你算个JB
全是唱多，看来要大跌了，坚决清仓！,"https://guba.eastmoney.com/news,600764,578132660.html",2016-12-12 09:34:04,[不赞]
坚守和努力,"https://guba.eastmoney.com/news,600764,578101669.html",2016-12-12 04:34:34,坚守和努力
集团未来在资产证券化方面的计划 张英岱：中船重工是一个成型的上市公司，还会有一些,"https://guba.eastmoney.com/news,600764,578049177.html",2016-12-11 19:47:58,"集团未来在资产证券化方面的计划
张英岱：中船重工是一个成型的上市公司，还会有一些动作。中电广通刚刚购买复牌，打算作为船舶电子行业的上市平台，在军工电子行业和行业电子这一说，所谓电子行业是指原料的电子，电子部后来改组为企业信息单位一个中国电子，一个中国电科，行业电子指航空电子、船舶电子这是传统的说法。为了规避一些犯规动作，我想到集团的电子类情况大体说一说。集团涉足电子业务的研究所13个，其中8个作为电子内的研究所，以电子为主业研究所。按照国民经济统计分类列微电子类企业的有五户，目前有一户打算注入上市公司，这个动作还没有完结，长城电子，在北京。中电广通花钱买过来，从中国电子手上买过来。下一步我的资产注入，新组建的董事会有两个深大研究所的所长做董事，这些都是公开信息。从海洋强国的角度说，应该说网上过去说过我们海上尤其海底是国门洞开，无论海上的经济利益还是海上的国防需求，未来这一块的增长比舰艇的增长一定要快。"
中电广通猜想，是涨是跌呢？能否成为军工领头羊呢？,"https://guba.eastmoney.com/news,600764,578100992.html",2016-12-12 04:09:13,中电广通猜想，是涨是跌呢？能否成为军工领头羊呢？
一个字:等,"https://guba.eastmoney.com/news,600764,578096727.html",2016-12-12 01:36:24,一个字:等
兄弟们周一暴力低开底走，有票的赶紧割肉少亏，没票的赶紧准备子弹跌停板进货搏礼拜二,"https://guba.eastmoney.com/news,600764,577656110.html",2016-12-09 18:19:17,兄弟们周一暴力低开底走，有票的赶紧割肉少亏，没票的赶紧准备子弹跌停板进货搏礼拜二的反抽！我昨天高位跑了，今天忍住没进，嘿嘿礼拜一跌停板抢筹搏反抽啦，暴涨股就算回调很少超过3连阴的，礼拜二搏俩个点的反抽多少有点希望！
大鹏一日同风起，扶摇直上九万里。,"https://guba.eastmoney.com/news,600764,578085451.html",2016-12-11 23:01:24,大鹏一日同风起，扶摇直上九万里。
期待周一，八个涨停板!,"https://guba.eastmoney.com/news,600764,578070366.html",2016-12-11 21:38:53,期待周一，八个涨停板!
出完货了，周一跌停！,"https://guba.eastmoney.com/news,600764,577583353.html",2016-12-09 15:02:37,
空头们都是神经病吗？在这里疯狂唱空，我就纳闷了，你们既然这么不看好走人就是了，闲,"https://guba.eastmoney.com/news,600764,577876650.html",2016-12-10 17:20:13,空头们都是神经病吗？在这里疯狂唱空，我就纳闷了，你们既然这么不看好走人就是了，闲的蛋疼在这乱叫！想要筹码想赚钱得首先会做人！自己的资金自己掌握，买卖盈亏是自己的事，对了说明判断准确，错了买个教训。总之，不要被他人左右，一定要坚信自己的判断，这样才能提高！
转发的一条散户贴，大家转发顶起来 据我所知，主力也会关注股吧，而且有专门的公关在,"https://guba.eastmoney.com/news,600764,578031421.html",2016-12-11 18:26:17,"转发的一条散户贴，大家转发顶起来
据我所知，主力也会关注股吧，而且有专门的公关在股吧里发帖，就是所谓的庄托。
但是庄托并不像你们想的那样总是隐瞒主力意图。庄家并不关心股吧里散户的意见，因为那些都是看好的，不看好的不会呆在股吧里。庄家比较注意的是股吧‘热度’。
如果股吧里大家都发帖，不管是唱空还是唱多，庄家知道有很多人在等着坐直升机。那么庄家就会无休止地震荡，耐心地摊低成本。这种行情对散户来说简直是煎熬。等到企图短线获利的散户忍受不住出局，大家不再关注这只股票时，主力才会伺机拉起主升浪。
其实在股吧里根本得不到有用的东西，大家多去分析一下公司的经营情况，分析一下技术图形要有用得多。我劝大家不要再这么热衷发帖、回帖了吧里也跟大家说过，后来股吧里说话的人很少了，结果不久就大涨。当然我还没有愚蠢到认为东钽、金钼、宝钛、稀土大涨是我的功劳，但是少说话对大家都有好处。
作为一个散户，在分析、研究、资讯、资金上都不是庄家的对手，但庄家哪怕穿铁布衫，一样有不为人知的死穴。庄家最怕什么呢？我说出来的答案一定会让你感到可笑----庄家最怕你不看他！因为庄家深知你的贪婪与恐惧。庄家的阴谋通过操盘手传递给你，他让盘口别有洞天、风起云涌，他让K线图青面獠牙、天花乱坠。
只要你睁开眼睛看，你就会患得患失，你就会神魂颠倒，你就会惶惶不可终日……庄家就这样征服了你，因为他把这个交易市场当作戏院，将自己看成是卖座的大明星，而你心甘情愿地做个忠实的观众，他就没日没夜地尽情表演。当你不看他的时候，当他没有观众的时候，当他对牛弹琴的时候，他真的好怕，因为他的钱是贷款来的，他要付银行利息，他要付操盘手工资。面对一个不看、不闻、不问、不急的人，面对一个无知、无欲、无畏、无惧的人，他的一切表演都是徒劳的，这就是庄家的死穴，这样的股民就是庄家永远不可战胜的散户。
首先，我再次重申证券投资的一个重要原则：不要轻易暴露自己的仓位，不要谈论自己的成本，更不要暴露自己的想法。如果你认为是个好股，你就坚定地持有并保持缄默，不要给主力有充分了解你的机会，沉默是金！！！主力最怕的就是散户不看盘和散户不发表意见，得不到任何信息的主力操作起来就是闭门造车，无从下手！在云铝吧时我曾经说过同样的话，后来云铝冷清了许多。没过多久，云铝开始拉升，当然这是各种因素促成的。我看目前论坛过于热闹，唧唧喳喳的人太多。
试想一下，大家每天都在看，难道主力不看吗？主力了解了散户的想法，它会给散户抬轿吗？它只会反做，直到把散户震出为止！所以，不论什么股，都不要给主力以充分了解你的机会，沉默是金！！！请股各位切记！切记！！！
从现在开始，谁也不要讨论此股的未来走势如何。愿意卖的，就去卖。亏了钱，骂也没用，能骂起来，咱们都去骂它！反之，愿意持股的，就别嫌涨得慢，耐心等。从此不必在此吧发表任何意见。希望吧里所有的股友们，都给在下一个面子，每天把此帖顶上一次，让新来的股友吧看到，大家沉默是金！如果大家选择建仓，那么你就悄悄地建仓；如果你想获利了结，那么你就悄悄把股票卖出。没必要在论坛里大声宣传，搞得要想13 亿中国人都知道一样。
股市如战场，保护自己的持仓机密，和寻找一个股票的买卖点一样重要。"
张英岱在给中电做广告,"https://guba.eastmoney.com/news,600764,577889128.html",2016-12-10 18:52:21,张英岱在给中电做广告
广通重俎与中国船舶有无关糸,"https://guba.eastmoney.com/news,600764,577987488.html",2016-12-11 15:49:19,广通重俎与中国船舶有无关糸
中电广通！短线30元提前挂单买入！成交后33.5元卖出,"https://guba.eastmoney.com/news,600764,577948826.html",2016-12-11 09:20:56,嘎嘎嘎！妹妹我是超级美女股神！
挺住，永不言败,"https://guba.eastmoney.com/news,600764,577894958.html",2016-12-10 19:45:53,挺住，永不言败
对于中电广通，最好的策略是，涨也好跌也好，就是不动，如果还有钱就继续买进。,"https://guba.eastmoney.com/news,600764,577465781.html",2016-12-09 11:19:42,对于中电广通，最好的策略是，涨也好跌也好，就是不动，如果还有钱就继续买进。
中电广通走了，主力开始割韭菜了..,"https://guba.eastmoney.com/news,600764,577856973.html",2016-12-10 15:06:59,中电广通走了，主力开始割韭菜了..
园桌论坛：主持人：投资者的问题特别多，投资者问的问题都是比较贴近市场的，各位老总,"https://guba.eastmoney.com/news,600764,577893526.html",2016-12-10 19:33:06,"园桌论坛：主持人：投资者的问题特别多，投资者问的问题都是比较贴近市场的，各位老总看看在不违背信息披露原则的情况下回答一下。中船重工最近在资产证券化方面，提出中船重工动力平台重组完成之后通过重组中电广通打造了电子信息平台，集团未来在资产证券化方面还有哪些计划？
张英岱：中船重工是一个成型的上市公司，还会有一些动作。中电广通刚刚购买复牌，打算作为传播电子行业的上市平台，在军工电子行业和行业电子这一说，所谓电子行业是指原料的电子，电子部后来改组为企业信息单位一个中国电子，一个中国电科，行业电子指航空电子、船舶电子这是传统的说法。为了规避一些犯规动作，我想到集团的电子类情况大体说一说。集团涉足电子业务的研究所13个，其中8个作为电子内的研究所，以电子为主业研究所。按照国民经济统计分类列微电子类企业的有五户，目前有一户打算注入上市公司，这个动作还没有完结，长城电子，在北京。中电广通花钱买过来，从中国电子手上买过来。下一步我的资产注入，新组建的董事会有两个深大研究所的所长做董事，这些都是公开信息。从海洋强国的角度说，应该说网上过去说过我们海上尤其海底是国门洞开，无论海上的经济利益还是海上的国防需求，未来这一块的增长比舰艇的增长一定要快。"
高位见顶，昨天已经验证。,"https://guba.eastmoney.com/news,600764,577901741.html",2016-12-10 20:47:09,高位见顶，昨天已经验证。
周一跌停，低开跳水，封跌停板,"https://guba.eastmoney.com/news,600764,577640537.html",2016-12-09 17:38:07,周一跌停，低开跳水，封跌停板
周一直接破5日线,"https://guba.eastmoney.com/news,600764,577812884.html",2016-12-10 10:46:37,周一直接破5日线
双头已成，没跑的明天没机会了！,"https://guba.eastmoney.com/news,600764,576386735.html",2016-12-06 17:40:58,双头已成，没跑的明天没机会了！
重中之重转载自重中之重,"https://guba.eastmoney.com/news,600764,446878088.html",2016-07-12 20:33:47,在啧啧啧啧啧啧啧啧啧啧啧啧啧啧啧
又在中电广通坐了次电梯，房该卖出赚至少10℅，反而不卖还买真后悔，小小散只好势而,"https://guba.eastmoney.com/news,600764,577780357.html",2016-12-10 07:41:34,又在中电广通坐了次电梯，房该卖出赚至少10℅，反而不卖还买真后悔，小小散只好势而行吧，本人估计周一可能还是上下波动吸筹，主力进来不会赚那点小钱就走的，借广通国企重组成功者会来一波大行情。期待中
一地鸡毛，你们慢慢玩,"https://guba.eastmoney.com/news,600764,577714796.html",2016-12-09 21:24:33,一地鸡毛，你们慢慢玩
不像是要大跌的样子啊。 老玩家都离场了？,"https://guba.eastmoney.com/news,600764,577661389.html",2016-12-09 18:36:17,不像是要大跌的样子啊。 老玩家都离场了？
如果你坚信不是诱多那明天都不用看开盘9：15就知道了或者今晚新闻,"https://guba.eastmoney.com/news,600764,577112878.html",2016-12-08 14:51:09,如果你坚信不是诱多那明天都不用看开盘9：15就知道了或者今晚新闻
请多方千万不要再看此贴吧我的任何帖子（再次提醒）,"https://guba.eastmoney.com/news,600764,577045721.html",2016-12-08 13:07:02,请多方千万不要再看此贴吧我的任何帖子（再次提醒）
没股却天天来顶唱空贴，弱智？无聊？闲得蛋痛？,"https://guba.eastmoney.com/news,600764,577341580.html",2016-12-09 04:51:21,"
没股却天天来顶唱空贴，弱智？无聊？闲得蛋痛？
"
说了大盘是空头诱多信了没？或者明天开盘你再信（封笔结束）,"https://guba.eastmoney.com/news,600764,577111893.html",2016-12-08 14:49:57,说了大盘是空头诱多信了没？或者明天开盘你再信
下周最多涨停此股，估计暴涨40／45元信吗，老本看好中广：[赞],"https://guba.eastmoney.com/news,600764,577698220.html",2016-12-09 20:35:52,下周最多涨停此股，估计暴涨40／45元信吗，老本看好中广：
几百万从其他股下午全部撤出，抄底此股,"https://guba.eastmoney.com/news,600764,577588976.html",2016-12-09 15:12:29,玩玩这个傻庄没问题
股吧里好多新人啊，这个是不是说明点问题啊[大笑][大笑][大笑][大笑],"https://guba.eastmoney.com/news,600764,577655770.html",2016-12-09 18:18:22,股吧里好多新人啊，这个是不是说明点问题啊
今天跌4%是几个意思？莫非主力不干了？,"https://guba.eastmoney.com/news,600764,577666567.html",2016-12-09 18:53:22,今天跌4%是几个意思？莫非主力不干了？
中电广通又坐一次电梯，直上快下白费，今天又追补仑买进，不知对错？,"https://guba.eastmoney.com/news,600764,577645991.html",2016-12-09 17:52:27,很害怕一旦调头向丌，只好下一波拉升，决对不计划卖出，囯企重组广通是成功者，主升浪还没动，期待
