标题,链接,发布时间,内容
尤其是高价房已严重阻碍实体经济的发展,"https://guba.eastmoney.com/news,600848,659346966.html",2017-06-22 17:21:20,概念一线股600685中船防务和601611中国核建后
感觉新能源汽车题材风雨欲来：上海电气停牌、上海临港涨停，而阳光电源年度公告很清楚的提到：,"https://guba.eastmoney.com/news,600848,659345657.html",2017-06-22 17:19:30,阳光电源电机控制器的各类新能源汽车已平稳运行于北京、深圳、厦门、合肥、南昌、大连、杭州等地，应用车辆运行平稳高效、动力强劲，深受客户好评。自进入电动汽车产业以来，公司已获得“中国工业设计红星奖”、“2015电动车辆技术卓越奖”、全球顶尖工业设计大奖“红点最佳设计奖”等荣誉，并在历届新能源汽车TOP50评奖中，斩获“创新部件奖”、“新能源核心零部件先进企业”、“最佳创新新能源客车动力驱动企业”等桂冠。
下个时间周期来临,"https://guba.eastmoney.com/news,600848,659183649.html",2017-06-22 13:12:44,",收益，相信都满盆满载了，还有12号给出的创新股份也是非常不错的一个，目前我又发现一只做短线的强势股，现在已经回调到位了，相信这支股比前面两只更强！势，我很有信心这只股再短时间里创出新高"
什么,"https://guba.eastmoney.com/news,600848,658775588.html",2017-06-21 18:42:28,什么
今晚公告，落户上海临港[大笑][大笑][大笑],"https://guba.eastmoney.com/news,600848,659333197.html",2017-06-22 16:53:26,今晚公告，落户上海临港
是的 已经成功了 明天一子板？,"https://guba.eastmoney.com/news,600848,659324747.html",2017-06-22 16:37:17,是的 已经成功了 明天一子板？
上海临港 明日继续飞,"https://guba.eastmoney.com/news,600848,659299139.html",2017-06-22 15:51:10,明日多关注上海临港
现在就赌临港是不是能用土地资产获得参股权，哪怕是小股东也可以。,"https://guba.eastmoney.com/news,600848,659279825.html",2017-06-22 15:18:47,现在就赌临港是不是能用土地资产获得参股权，哪怕是小股东也可以。
有图有真相，特斯拉即将与上海签约,"https://guba.eastmoney.com/news,600848,659277936.html",2017-06-22 15:14:46,有图有真相，特斯拉即将与上海签约
尘埃落定，特斯拉在中国投资建厂成定局,"https://guba.eastmoney.com/news,600848,659309098.html",2017-06-22 16:09:39,近日针对特斯拉在中国上海临港投资建厂的消息不断，钛媒体也从多处获悉，这次的建厂事宜已经敲定。6月23日下午，腾讯科技报道称，上海市政府内部人士透露，建厂事宜属实，特斯拉和上海市政府于今早签约了投资意向协议。
还没定。。。广东一直在谈！落户机会很大的，大家到时候就知道了。。。。,"https://guba.eastmoney.com/news,600848,659270167.html",2017-06-22 15:04:22,还没定。。。广东一直在谈！落户机会很大的，大家到时候就知道了。。。。
正式签约了！明天一字板！迎接成为特斯拉国产化的股东！,"https://guba.eastmoney.com/news,600848,659298545.html",2017-06-22 15:50:56,正式签约了！明天一字板！迎接成为特斯拉国产化的股东！
这就是以前的自仪股份改变了名字就是牛。变上海临港了！,"https://guba.eastmoney.com/news,600848,659296531.html",2017-06-22 15:46:59,这就是以前的自仪股份改变了名字就是牛。变上海临港了！
上海临港：压力之下必将拉升！重大变动已经悄然发生！,"https://guba.eastmoney.com/news,600848,659204346.html",2017-06-22 13:44:35,
主力是真男人8484,"https://guba.eastmoney.com/news,600848,659274471.html",2017-06-22 15:09:46,主力是真男人8484
特斯拉龙头股[牛][牛][牛],"https://guba.eastmoney.com/news,600848,659036091.html",2017-06-22 09:34:10,特斯拉龙头股
明天大跌！,"https://guba.eastmoney.com/news,600848,659262018.html",2017-06-22 14:54:53,封板已无，明天大跌
管住你的手，出来就不要进了，看机构玩猴,"https://guba.eastmoney.com/news,600848,659264847.html",2017-06-22 14:57:29,1
明天低开,"https://guba.eastmoney.com/news,600848,659262083.html",2017-06-22 14:55:48,利即空
早盘24.2元回马枪老朋友，下午涨停25.93元又参与（另一个账户涨停,"https://guba.eastmoney.com/news,600848,659261390.html",2017-06-22 14:54:35,"早盘24.2元回马枪老朋友，下午涨停25.93元又参与（另一个账户涨停参与。


***【【【还有下跌股波段持有


或换股、、、"
速速撤退，不然后悔,"https://guba.eastmoney.com/news,600848,659262434.html",2017-06-22 14:55:06,1
上市公司高送转之所以沦为很重要的一点,"https://guba.eastmoney.com/news,600848,659259143.html",2017-06-22 14:51:32,但这只是说出了表象
600848主力涨停板成功派发，明天大幅低开,"https://guba.eastmoney.com/news,600848,659254563.html",2017-06-22 14:46:57,安信证券功不可没
上海电气H股狂涨，不会晚上出公告吧,"https://guba.eastmoney.com/news,600848,659252446.html",2017-06-22 14:44:53,特斯拉+上海临港
洒洒洒,"https://guba.eastmoney.com/news,600848,659252246.html",2017-06-22 14:44:19,洒洒洒
拉升指数，个股下跌。（歌尔股份 002241）最后机会,"https://guba.eastmoney.com/news,600848,659249665.html",2017-06-22 14:41:15,今天最大的大象起舞了，很多人却亏钱了，昨天抄了把小方，今天还算可以。歌尔股份（002241）主力还在吸，志在高远，不见历史新高不卖。今天最热闹的莫过于万达影院（002739）了，盘中跌停，首富难道出事了？ 看看能不能搞它一把。
300437怪了?,"https://guba.eastmoney.com/news,600848,659245004.html",2017-06-22 14:36:24,"一、万物若清，须上善如水，赖依生命之源，故为清水源。
二、人类的发展进步最终将把最廉价的阳光、水、空气变得最昂贵。
三、投资生命终将是投资的最佳选择，清水当然是选择之首。
四、清水源缺政策、资金、人才？不，缺对未来的共识。
五、万一要选择投机，24个月的横盘回调，180.85（除权64.46）至今的落差，筹码的高度集中………
六、难道公司前期再多的利好，证券基金永远都会选择沉默?你信吗?
七、在市场2/8裂变期，如此的小盘绩优股难道就不会被“核”一次?
从此300437将开户上升模式，时间会证明：信！则有！！你会懂的………."
今儿真热闹，万达闪崩后复星闪崩，连续跌停的英联更牛逼直接玩跌停到涨停。心脏不好的,"https://guba.eastmoney.com/news,600848,659243977.html",2017-06-22 14:36:15,今儿真热闹，万达闪崩后复星闪崩，连续跌停的英联更牛逼直接玩跌停到涨停。心脏不好的还是远离股市吧！
lllll法  fk ll l  l。lll l  lll   ll l,"https://guba.eastmoney.com/news,600848,659242859.html",2017-06-22 14:34:07,"
lllll法
fk ll l
l。lll
l
lll
ll lprxl
ll了
l l ll
l ll
llll
ll。
6"
回答了18个问题，涉及,"https://guba.eastmoney.com/news,600848,637241077.html",2017-05-05 03:01:54,2017年，即将来到的3月
临港怎么都是赚的。最好是以土地资产参股，不行的话卖土地也能赚一票，也能吸引下游企,"https://guba.eastmoney.com/news,600848,659231761.html",2017-06-22 14:20:24,临港怎么都是赚的。最好是以土地资产参股，不行的话卖土地也能赚一票，也能吸引下游企业进入园区。
可以出货了,"https://guba.eastmoney.com/news,600848,659076752.html",2017-06-22 10:24:53,可以出货了
明天给予特停打击,"https://guba.eastmoney.com/news,600848,659114240.html",2017-06-22 11:11:25,看你还涨不！
东方,"https://guba.eastmoney.com/news,600848,659220096.html",2017-06-22 14:04:12,
落户地是上海临港，合作伙伴是上海电气，配套企业除了美国的，还有浦东金桥，张江高科,"https://guba.eastmoney.com/news,600848,659217837.html",2017-06-22 14:02:08,落户地是上海临港，合作伙伴是上海电气，配套企业除了美国的，还有浦东金桥，张江高科的一些企业！
"上海,临港只是特斯拉的入驻地而合作方另有主，可能是紫江企业哦！","https://guba.eastmoney.com/news,600848,659208514.html",2017-06-22 13:49:41,"上海,临港只是特斯拉的入驻地而合作方另有主，可能是紫江企业哦！"
金发材料助力未来之车——Tesla Model X,"https://guba.eastmoney.com/news,600848,659207131.html",2017-06-22 13:47:19,"金发材料助力未来之车——Tesla Model X
金发科技股份有限公司
日前，该未来之车已来到金发科技广州总部。
从酷炫的鹰翼门，配备触控屏幕的未来主义仪表盘，到最让人惊叹的玻璃天窗， MODEL X Tesla 全新款SUV充满了科幻感，可谓是实用性和设计性的一次碰撞。
后侧鹰翼门可以像翅膀一样的展开，非常酷炫。虽然极力追求设计风格，但功能性始终排在首位。顶部和底部都装有感应器，可以检测到附近物体的距离，所以不会撞到房顶，鹰翼门在打开时不占空间，即使在最狭窄的停车场也能轻松应对，您可以轻易步入Model X而不用钻进去。不仅仅是鹰翼式的后车门，前车门也非常帅气。它可以感应到人的靠近，然后自动打开，在你坐进去之后，门又自动关上。特别当你手上拿了很多东西的时候，会感觉整个过程充满了人文关怀。
轻松入座，即使安装了儿童座椅，第二排也可以一直向前滑动。打开鹰翼门，您进入或走出汽车时可以完全战立。儿童不再从第二排跳起和滚落，成人进入第三排座椅如同进入其他乘客座位一样方便。
直升机视野的玻璃天窗，它不是一块单独的玻璃天窗，而是挡风玻璃一直上延到了车顶部分，也就是说，你坐在车里，就可以看到前方和头顶的景色——这是一种颠覆性的视觉效果，带来的是完全的视野冲击感。伊隆?马斯克自己都说，“你将不再觉得是被困在一个小盒子里，而是像在直升机里一样。”当然，它是遮阳的。
瞬间提速到96公里/小时，重心低于任何一款SUV,零排放、零妥协，不燃烧一滴油，Model X的设计满足最大限度的实用性，紧凑而高效。无论哪个角度，Model X都体现出完美的风格与强大的功能。
这款酷炫的特斯拉Model X使用金发科技的PC/ABS合金材料，我们参与了鹰翼门相关部品从材料开发、结构设计、CAE分析到模具、工艺的多个环节工作！在汽车轻量化方面，金发科技集中了团队的核心人才致力于全塑车门、后尾门乃至全塑车身技术的突破，而且，这已经成为公司级的战略。
金发科技已经将金发材料和科技结合，走上了酷炫之路，而且必将走得更远更精彩。"
贵州百灵：与云南省工,"https://guba.eastmoney.com/news,600848,659207053.html",2017-06-22 13:47:13,指数拉的太有技术含量了~~
002571周末公告重组,"https://guba.eastmoney.com/news,600848,659198952.html",2017-06-22 13:36:14,002571周末公告重组
这种消息多了去了，装什么大神？特斯拉落户要经过浦东规划局批准的，消息快的去年7月,"https://guba.eastmoney.com/news,600848,659172810.html",2017-06-22 12:53:22,这种消息多了去了，装什么大神？特斯拉落户要经过浦东规划局批准的，消息快的去年7月份就知道了，我10月份知道还算慢的，有个毛利好！还不如张江高科的硅谷呢！原先特斯拉求张江让它进院，张江高科还拒绝呢？张江说我是硅谷！这下倒好，临港市值反超张江高科了，奇葩！
云财经讯，6月22日媒体报道称，特斯拉与上海政府签署投资建厂协议，根据双方签署的,"https://guba.eastmoney.com/news,600848,659172808.html",2017-06-22 12:52:05,云财经讯，6月22日媒体报道称，特斯拉与上海政府签署投资建厂协议，根据双方签署的合作协议，特斯拉在中国的首家工厂将落户上海临港开发区。有消息称，临港集团、国盛集团和上海电气这三家企业正在争夺与特斯拉合资建厂的机会。（腾讯科技）（2017年06月22日 WWW.YUNCAIJING.COM摘于 云财经）
保利国际300135 爆发在即,"https://guba.eastmoney.com/news,600848,659197618.html",2017-06-22 13:34:23,保利国际300135 爆发在即
这家伙好像是领头的,"https://guba.eastmoney.com/news,600848,659190274.html",2017-06-22 13:23:40,[大便]
康隆达603665即将大涨！绩优极小盘潜力极大！即将井喷大涨！,"https://guba.eastmoney.com/news,600848,659057170.html",2017-06-22 10:01:15,康隆达603665即将大涨！绩优极小盘潜力极大！即将井喷大涨！
特斯拉的合资对象,"https://guba.eastmoney.com/news,600848,659166398.html",2017-06-22 12:39:05,合作方是上汽和华友钴业，与上汽合资生产和销售轻车熟路，与新能源汽车联合会牵头人华友钴业合资解决电池生产和关键原料钴的供应问题
跟张江高科合作的世界巨无霸世界500强远远超过临港，临港市值超张江高科就有问题！,"https://guba.eastmoney.com/news,600848,659182584.html",2017-06-22 13:10:43,跟张江高科合作的世界巨无霸世界500强远远超过临港，临港市值超张江高科就有问题！
今天会不会冲破25,"https://guba.eastmoney.com/news,600848,659037774.html",2017-06-22 09:37:26,今天会不会冲破25
成指,"https://guba.eastmoney.com/news,600848,659176935.html",2017-06-22 13:01:19,在这个时候刻意的拉升大盘股打压中小盘
短期涨幅过大，晚上要发澄清公告，又是套路,"https://guba.eastmoney.com/news,600848,659173559.html",2017-06-22 12:54:12,短期涨幅过大，晚上要发澄清公告，又是套路
上海临港和特斯拉合作的概率可能比上海电气大,"https://guba.eastmoney.com/news,600848,659171521.html",2017-06-22 12:50:22,我估计上海临港和特斯拉合作的概率可能比上海电气大一些，股价走势已经说明一切，大家怎么看？
主营园区开发建设 公司是国内唯一一家临空型园区类上市公司，公司立足北京临空经济核,"https://guba.eastmoney.com/news,600848,659171951.html",2017-06-22 12:50:19,"主营园区开发建设
公司是国内唯一一家临空型园区类上市公司，公司立足北京临空经济核心区，以园区开发建设为主营业务，形成了包括土地一级开发、工业地产开发、建筑工程施工、物业租赁和管理业务在内的园区开发建设产业链。公司在发展方向和定位上，以园区的开发建设为基础，通过加大房地产开发力度、不断优化产业结构、增持优质物业，实现土地资本、科技资本与金融资本相融合，保持土地开发业务稳定增长，促进建筑施工业务的规模增长，大力拓展优质物业增值业务，积极发展高附加值临空产业地产，从而全面推动公司的可持续发展，同时在临空地产的研究、开发、建设、运营各个环节积累了丰富的经验，在产业地产特别是在临空产业地产同行业中具备较强的竞争优势。
编辑人汪文彬
核心竞争力
公司充分挖掘、利用毗邻首都国际机场地缘优势，按照“规划高起点、建设高标准、管理高水平、开发高效率”的发展原则，推动旗下各园区及周边地区向“空港城”的迈进，协力顺义区城市化进程的加快发展。公司适时顺应临空地产发展动向，及时优化调整业务结构，目前已经形成土地一级开发、工业地产开发、建筑工程施工和物业租赁与管理四大业务模块。在发展方向和定位上，以园区的开发建设为基础，通过加大房地产开发力度、不断优化产业结构、增持优质物业，实现土地资本、科技资本与金融资本相融合，保持土地开发业务稳定增长，促进建筑施工业务的规模增长，大力拓展优质物业增值业务，积极发展高附加值临空产业地产，从而全面推动公司的可持续发展。
编辑人汪文彬
北京临空经济核心区
2014年3月25日，原北京天竺空港经济开发区、原北京空港物流基地和原北京国门商务区三个功能区组成北京临空经济核心区获北京市机构编制委员会批准整合。核心区是北京市重点建设的六大高端产业功能区之一临空经济区的核心区域，总规划面积178平方公里。起步规划区面积约56平方公里，组建后的核心区将叠加集成首都机场、天竺综合保税区、中关村国家自主创新示范区资源政策优势，大力发展航空运输、保税物流、总部商务、产业金融、文化创意、商务会展等国际化、高端化的临空型现代服务业，积极培育壮大战略性新兴产业，逐步实现“开放功能充分发挥、高端产业聚集和创新发展、城市功能建设水平全面提升、‘临空服务’品牌全方位塑造”的目标，公司作为园区开发建设类上市公司，已积累了较为丰富的经验，将充分利用当前良好的内外部发展环境，积极顺应上述产业园区建设转型升级大势。
编辑人栾慧
区位优势
公司经营的园区距离中国北京市中心仅十余公里，距中国最大的航空口岸—首都国际机场仅1公里左右，地处新兴20万人口空港城的核心地带，园区建有专用的货物通道直达首都国际机场，生产基地与机场货运库之间的运输只需十几分钟能完成，区位优势得天独厚。截至目前，已有来自20个国家和地区的300家中外高科技企业相继入驻空港经济开发区和出口加工区，投资总额近40亿美元，项目平均投资额达1亿元人民"
刚看到网上新闻，特斯拉上海临港建厂,"https://guba.eastmoney.com/news,600848,659170699.html",2017-06-22 12:47:42,刚看到网上新闻，特斯拉上海临港建厂
去年10月份就知道临港免土地免税收请特斯拉落户，有利好吗？有毛利好，周边都是工业,"https://guba.eastmoney.com/news,600848,659152304.html",2017-06-22 12:06:54,去年10月份就知道临港免土地免税收请特斯拉落户，有利好吗？有毛利好，周边都是工业用地，也不是旅游区，5年免税！还不如炒张江高科呢？盛大网络总部免费入住华夏东路！还有迪斯尼也在张江高科辐射区！
签了,"https://guba.eastmoney.com/news,600848,659166192.html",2017-06-22 12:37:50,签了
我叫老潘点股，我已经15天17%的收益了，我的组合名称是 财产增值，你们可以看，,"https://guba.eastmoney.com/news,600848,659164113.html",2017-06-22 12:33:22,我叫老潘点股，我已经15天17%的收益了，我的组合名称是 财产增值，你们可以看，也可以跟着买，赚钱概率都是比较高的。
今天才发现这只好股，哎，不知道会不会调几天？？？,"https://guba.eastmoney.com/news,600848,659158276.html",2017-06-22 12:19:55,大家说说看？？
[鼓掌][鼓掌][鼓掌],"https://guba.eastmoney.com/news,600848,659157475.html",2017-06-22 12:19:01,
特斯拉是新闻，但不是利好。组装工厂就是个大饼，别以为是蛋糕 。特斯拉总部自己还亏,"https://guba.eastmoney.com/news,600848,659157539.html",2017-06-22 12:17:59,"特斯拉是新闻，但不是利好。组装工厂就是个大饼，别以为是蛋糕 。特斯拉总部自己还亏本，绝不会向组装工厂输送一分钱利益，能收点加工费就不错了。
千万别合资，合资就是亏损
现在这个时候合资，就是向特斯拉输送利益，向美国输送利益，相见百日计划"
有股的的看过来！ 妖股榜就是害人榜！你们还在执迷不悟吗？想天天关灯吃大面吗？ 妖,"https://guba.eastmoney.com/news,600848,659149503.html",2017-06-22 12:01:22,"
有股的的看过来！
妖股榜就是害人榜！你们还在执迷不悟吗？想天天关灯吃大面吗？
妖股榜他流尽多少小散的血和泪
这个市场是可以被理解的。但是妖股榜里的游子鳖孙、猎鹰犊子、追踪孽畜是永远也参悟不了的，除了天生的愚钝，更重要的一点是它们心术不正。
追踪孽畜利用人心思板的心理，打造妖股榜平台，迅速集聚市场人气，先后成立了几大骗子团伙，网名“只怕色YOU”团伙，“妖股榜之李梦尘”团伙，现正活跃于当日涨停股吧：日前，追踪总妖头正以无厘头加分的形式塑造所谓的捉妖师（网名“我就是游资”）意欲培植第三支更大的骗子集团，让不知原委的散户入瓮，大规模骗取散户钱财。
看看它们的推出的妖榜，看看“我就是游资”=追踪，推荐的妖股，两个月来无一不是大面一碗，若依它推荐票买入，两月累计总亏损高达378%。 5月25，那厮顶部推荐中环装备，多少散户的账户两日内巨亏20余点。
大伙可以查看“A股小不懂”历史帖，曾开包房骗无数股民，这个祸害现在正以“股市热点追踪哥”网名开妖股榜行骗。
醒醒吧，可怜的朋友们！请提防这群孽畜！"
中小都泡沫，那些大白烂就没，呵呵，玩好,"https://guba.eastmoney.com/news,600848,659149198.html",2017-06-22 12:00:31,中小都泡沫，那些大白烂就没，呵呵，玩好
谁都不知道原来不关临港的事原来与上海紫江集团有合作意向,"https://guba.eastmoney.com/news,600848,659134066.html",2017-06-22 11:35:39,谁都不知道原来不关临港的事原来与上海紫江集团有合作意向
牛逼冲天啊,"https://guba.eastmoney.com/news,600848,659133868.html",2017-06-22 11:35:23,牛逼冲天啊
坚持了一个礼拜，终于花开见月明了，感恩主力，谢谢您[胜利][献花][大笑],"https://guba.eastmoney.com/news,600848,659132616.html",2017-06-22 11:35:03,坚持了一个礼拜，终于花开见月明了，感恩主力，谢谢您
明天全是出货的尼玛,"https://guba.eastmoney.com/news,600848,659122390.html",2017-06-22 11:22:13,尼玛
A股妖王回归：特斯拉迎政策利好起死回生？下一支煌上煌？,"https://guba.eastmoney.com/news,600848,659121672.html",2017-06-22 11:20:03,"开心一笑

演唱会上，一哥们激动的拿着话筒对台上的明星说：“我是你最忠实的粉丝，我几乎参加了你的每一场演唱会，今天终于等到了机会！您能和我女朋友和张影吗？”明星觉得很感动，毫不犹豫的答应了，然后这哥们听了高兴的对着台下问：“太好了，那么各位美女，谁愿意当我女朋友？”

没有不赚钱的行情，只有不赚钱的操作

没有绝对的优势和劣势，这一都取决于你如何对待它，稍稍偏转一下你的方向，逆风就会变成顺风。刻苦努力，坚持不懈，最耀眼的阳光就会跑出到你的身后。你生活的起点并不重要，重要的是最后你抵达了哪里。

每日一股

技术上，属于前期妖王，受主力抛压，连续下搓探底，近几日主力底部吸筹筑底完成，给出反弹趋势，量价配合完美，尤其是近期该股迎来利好，后市看涨。"
完了完了，15.88清仓，搞成了买入，现在持仓39000股，大家帮我看看，290,"https://guba.eastmoney.com/news,600848,659120206.html",2017-06-22 11:18:37,完了完了，15.88清仓，搞成了买入，现在持仓39000股，大家帮我看看，2900股值得卖掉吗？16.08
有毛用，临港土地免费提供特斯拉，前5年还免税！特斯拉还亏损，第6年税收交给南汇！,"https://guba.eastmoney.com/news,600848,659042073.html",2017-06-22 09:43:10,有毛用，临港土地免费提供特斯拉，前5年还免税！特斯拉还亏损，第6年税收交给南汇！有个毛利好！不如买入摩的五粮液！
002584西陇科学  从6月20日到6月27日基本是上涨最强的时期，目标预期3,"https://guba.eastmoney.com/news,600848,659117899.html",2017-06-22 11:16:04,"002584西陇科学从6月20日到6月27日基本是上涨最强的时期，目标预期30%涨幅，积极看多突破120日线的信号
DPO指标，DPO周线，MACD，MACD日线,MACD周线，以及RSI日线全部多头参数如下:
MACD14.29.22
DPO:60.15.18
RSI:8.15.50
以上为自己选择的周期参数进行了优化
过去3月30日002431棕榈股份发出涨40%左右
3月14日融捷股份发出，涨25%
3月2日宜宾纸业发出，涨12%
最近的是6月1号发出的天健集团涨幅7%
以上信号均出自120日之上的突破发出信号，前提条件:发出信号前10日涨幅低于6%形成震荡不动
6月20日西陇科学 再次发出信号，预计将会在6月26日周一和6月27日周二涨幅超过10%以上，目标看到30%涨幅
只有攻无不克，才能战无不胜！
攻防有备，才能击破所有流言蜚语的质疑，真金不怕火炼，涨停概率确定30%之间，高手上马买入评级
积极看好未来3个交易日涨停板概率"
烂板股[摊手],"https://guba.eastmoney.com/news,600848,659116737.html",2017-06-22 11:14:20,烂板股
庞大集团601258受益河北雄安新区长远与京津冀一体化概念融资标的河北本地低价土地升值潜力中国智能驾驶产业领军者股受益,"https://guba.eastmoney.com/news,600848,659115107.html",2017-06-22 11:12:22,庞大集团601258受益河北雄安新区长远与京津冀一体化概念融资标的河北本地低价土地升值潜力中国智能驾驶产业领军者股受益
价格很便宜，1000/月，加上水电物业不到1200吧,"https://guba.eastmoney.com/news,600848,659114266.html",2017-06-22 11:12:02,价格很便宜，1000/月，加上水电物业不到1200吧
走了，祝大家好运,"https://guba.eastmoney.com/news,600848,659113151.html",2017-06-22 11:10:35,祝大家好运
高铁建设助力京津冀协同发展 ——天津经济发展再提速 2017年5月16日,"https://guba.eastmoney.com/news,600848,642784388.html",2017-05-16 10:42:12,"高铁建设助力京津冀协同发展 ——天津经济发展再提速
2017年05月16日09:46 人民日报全媒体平台
武清：“京津之翼”华丽蜕变为“双城之城”
于家堡：用通达的交通进一步释放潜力
展望：列车带动经济，轨道描绘未来

交通一体化的逐步实现，无疑为整体的一体化提供了条件。首都北京拥有大量的人口和市场，天津和河北拥有资源和空间。一方面，天津、河北需要北京的输出以促进自身发展；另一方面，拥挤的北京也需要周边城市疏解一些功能，并转移部分产业。京津城际加快了双城一体化的速度，也加深了经济融合的程度。

除了即将开通的津保铁路及现有的京津城际、津秦高铁等线路外，未来京津冀地区还将规划新建城际线23条。搭载着机遇和发展的列车还会驶向京津冀更广大的地区，不同的地区必将在一体化战略的指导下结合自身的特色，在经济、文化和产业等方面做出创新和改变。"
一日行情，赶紧跑,"https://guba.eastmoney.com/news,600848,659109567.html",2017-06-22 11:06:02,一日行情，赶紧跑
目标39元,"https://guba.eastmoney.com/news,600848,659097825.html",2017-06-22 10:51:39,
祝福,"https://guba.eastmoney.com/news,600848,659104256.html",2017-06-22 10:59:24,祝福，持有该股的人。。。。可惜我是彻底错过。。。5月初我的判断终于实现。。。但却错过。。。
哎呀 主力冲动了   涨停太醒目了,"https://guba.eastmoney.com/news,600848,659097809.html",2017-06-22 10:52:07,哎呀 主力冲动了 涨停太醒目了
六根阳线之后微调整直接拉板，就服你[滴汗],"https://guba.eastmoney.com/news,600848,659103029.html",2017-06-22 10:57:56,六根阳线之后微调整直接拉板，就服你
下午还能守住么？,"https://guba.eastmoney.com/news,600848,659101595.html",2017-06-22 10:56:03,下午还能守住么？
机构基本上大货已经出的差不多了，差不多要封住涨停了吧,"https://guba.eastmoney.com/news,600848,659096857.html",2017-06-22 10:50:16,机构基本上大货已经出的差不多了，差不多要封住涨停了吧
这不是出货调整的节奏吗,"https://guba.eastmoney.com/news,600848,659093405.html",2017-06-22 10:46:41,这不是出货调整的节奏吗
炸板了，害怕被特停。,"https://guba.eastmoney.com/news,600848,659087116.html",2017-06-22 10:38:29,特停就是看不得上涨，用行政手段打。
什么情况,"https://guba.eastmoney.com/news,600848,659088248.html",2017-06-22 10:40:30,什么情况，不会中冲向下吧
靠，天地板[心碎],"https://guba.eastmoney.com/news,600848,659088079.html",2017-06-22 10:39:33,靠，天地板[心碎]
上海临港准备割韭菜,"https://guba.eastmoney.com/news,600848,659083959.html",2017-06-22 10:34:42,上海临港近期涨幅百分之五十，周末公布特斯拉建厂，周一开盘涨停，大量韭菜抢筹，下午跌停，大量韭菜被割。这就是韭菜的悲哀。近期传闻如此之多，管理层为什么不让公司澄清呢？就是为了给韭菜上课吗？
上海电气停牌 特斯拉卷土重来_财富号_东方财富网,"https://guba.eastmoney.com/news,600848,659079629.html",2017-06-22 10:28:40,上海电气停牌特斯拉卷土重来_财富号_东方财富网 http%3A%2F%2Fcaifuhao.eastmoney.com%2Fnews%2F20170622091312131210700%230-iguba-1-7494-8744205f5d3187db986b2ce0111fc63b
特斯拉龙头   明天一字板了,"https://guba.eastmoney.com/news,600848,659079079.html",2017-06-22 10:28:24,！
哈哈 发达了！1万股在手天下我有,"https://guba.eastmoney.com/news,600848,659077267.html",2017-06-22 10:26:04,
重仓了,"https://guba.eastmoney.com/news,600848,659076855.html",2017-06-22 10:25:22,重仓了
上海国资港口工业 龙头,"https://guba.eastmoney.com/news,600848,659076794.html",2017-06-22 10:25:00,rt
别去涨停啊，主力太冲动了，,"https://guba.eastmoney.com/news,600848,659075874.html",2017-06-22 10:24:54,别去涨停啊，主力太冲动了，
盘中掘金：深圳西部港口整合呼之欲出热度 在各地港口整合和粤港澳大湾区等因素影响下，,"https://guba.eastmoney.com/news,600848,659076152.html",2017-06-22 10:24:16,"盘中掘金：深圳西部港口整合呼之欲出热度
在各地港口整合和粤港澳大湾区等因素影响下，业界已将目光聚焦在广东沿海的港口类上市公司，特别是招商局集团旗下的招商局港口和深赤湾A，牵涉两者的化解同业竞争承诺函即将在2017年9月16日到期。6月20日，深赤湾A董秘办工作人员表示，截至目前，没有听说因其他外部因素的变化，从而导致承诺函出现调整或失效。


相关个股：300154.000022."
哈哈，漂亮,"https://guba.eastmoney.com/news,600848,659075964.html",2017-06-22 10:24:12,继续
上海临港：利好即将兑现,"https://guba.eastmoney.com/news,600848,659076229.html",2017-06-22 10:24:09,特斯拉即将落地上海临港！上海临港近期看涨！
哎哟，昨天被洗出去了,"https://guba.eastmoney.com/news,600848,659038309.html",2017-06-22 09:38:18,哎哟，昨天被洗出去了
棚改进入攻坚期：再开工600万套 或拉动近13万亿投资 2017年6月22日 2:51来源：证券日报,"https://guba.eastmoney.com/news,600848,659068572.html",2017-06-22 10:14:00,"棚改进入攻坚期：再开工600万套 或拉动近13万亿投资
2017年06月22日 02:51来源：证券日报编辑：东方财富网
摘要
【棚改进入攻坚期：再开工600万套 或拉动近13万亿投资】日前，国务院常务会议明确，针对目前一些地方棚改推进难度加大、配套建设滞后、融资困难等问题，进一步提高货币化安置比例，确保完成今年再开工改造600万套的棚改任务。此外，实施2018年到2020年3年棚改攻坚计划，再改造各类棚户区1500万套。
..."
每天半调子足以…,"https://guba.eastmoney.com/news,600848,659066516.html",2017-06-22 10:11:03,每天半调子足以…
还是特斯拉厉害,"https://guba.eastmoney.com/news,600848,659055393.html",2017-06-22 09:59:00,还是特斯拉厉害
短线注意回调,"https://guba.eastmoney.com/news,600848,656311638.html",2017-06-16 14:28:02,短线注意回调
为啥子不直接拉涨停呢？,"https://guba.eastmoney.com/news,600848,659048413.html",2017-06-22 09:51:14,为啥子不直接拉涨停呢？
这庄豪[献花][献花][献花][献花][献花],"https://guba.eastmoney.com/news,600848,659050590.html",2017-06-22 09:53:31,这庄豪
特斯拉在临港建厂  上海临港最少到50元,"https://guba.eastmoney.com/news,600848,659047675.html",2017-06-22 09:50:29,！
这走势不像与特斯拉合作,"https://guba.eastmoney.com/news,600848,659046741.html",2017-06-22 09:48:49,如果是的话基本都是一字板了，别提保密，保密是对我们小散说的
上海临港：特斯拉概念绝对龙头 目标50元,"https://guba.eastmoney.com/news,600848,659045375.html",2017-06-22 09:48:21,！
25压力位,"https://guba.eastmoney.com/news,600848,659045318.html",2017-06-22 09:47:44,25压力位
特斯拉要在上海临港建厂   目标50元,"https://guba.eastmoney.com/news,600848,659043712.html",2017-06-22 09:45:59,！
今天不会洗了，放心吧，稳稳的涨停,"https://guba.eastmoney.com/news,600848,659042395.html",2017-06-22 09:43:43,今天不会洗了，放心吧，稳稳的涨停
宜宾，上海维度推广,"https://guba.eastmoney.com/news,600848,659037226.html",2017-06-22 09:37:08,宜宾，上海维度推广
昨天就说了，快买还会涨，还说我骗人,"https://guba.eastmoney.com/news,600848,659035856.html",2017-06-22 09:34:34,昨天就说了，快买还会涨，还说我骗人
火箭是托，大家小心提,"https://guba.eastmoney.com/news,600848,659027704.html",2017-06-22 09:16:18,五穷，六绝，七翻身！到七月看看我的票票能否起
上海电气停牌！上海电气   上海临港  特斯拉     ！！！,"https://guba.eastmoney.com/news,600848,659024426.html",2017-06-22 09:08:37,上海电气停牌！上海电气上海临港特斯拉！！！
二十号的吊颈线太吓人了？,"https://guba.eastmoney.com/news,600848,659024282.html",2017-06-22 09:07:05,进入下跌通道了吗？
这么好的题材一个班都没有拉出来，可能是故意……,"https://guba.eastmoney.com/news,600848,659017906.html",2017-06-22 08:47:37,这么好的题材一个班都没有拉出来，可能是故意……
以往都要辟谣，今天难得不辟谣了,"https://guba.eastmoney.com/news,600848,658006413.html",2017-06-20 13:09:40,哈哈
2点半看戏,"https://guba.eastmoney.com/news,600848,659001152.html",2017-06-22 07:41:20,偷偷摸摸的竟然把双底做成了
而不是还傻乎乎的进行高位接盘,"https://guba.eastmoney.com/news,600848,658976983.html",2017-06-22 05:28:35,收于1986.27点
目前出台的规定只是,"https://guba.eastmoney.com/news,600848,646698822.html",2017-05-25 07:16:13,大概率的会在一季度的二月份大盘就要扬帆起航启动大行情
今天是出货的最好机会。别不信，到处发消息难道是做好人?只是忽悠小散接盘罢了,"https://guba.eastmoney.com/news,600848,657876317.html",2017-06-20 09:14:42,今天是出货的最好机会。别不信，到处发消息难道是做好人?只是忽悠小散接盘罢了
接总部通知：要求加仓上海建工！,"https://guba.eastmoney.com/news,600848,658067043.html",2017-06-20 14:42:48,我今天加仓了！
利好，走成这样？毫无道理。,"https://guba.eastmoney.com/news,600848,655728801.html",2017-06-15 14:14:57,利好，走成这样？毫无道理。
大股东撤退的公司究竟值多少价值,"https://guba.eastmoney.com/news,600848,654944581.html",2017-06-14 07:37:48,大股东撤退的公司究竟值多少价值
为何跌 [亏大了],"https://guba.eastmoney.com/news,600848,658457311.html",2017-06-21 09:24:17,"为何跌
"
应该是 假的 如果真的在临港建厂 这利好不拉涨停 还让散户进场？ 要是真的新闻,"https://guba.eastmoney.com/news,600848,658036282.html",2017-06-20 13:56:28,应该是 假的 如果真的在临港建厂 这利好不拉涨停 还让散户进场？ 要是真的新闻 股票市场提前反应的原理 这走势也算不上特大利好 于真于假 后市不看好
不是戏言,"https://guba.eastmoney.com/news,600848,656478271.html",2017-06-16 19:53:24,大盘自然变的弱不禁风
教育部出台义务教育督,"https://guba.eastmoney.com/news,600848,656968870.html",2017-06-18 07:54:03,曲海鹏持有一汽2000多
悲壮,"https://guba.eastmoney.com/news,600848,657995088.html",2017-06-20 12:41:00,↓第二个酥联
大家都上车了吧，准备接受停牌吧,"https://guba.eastmoney.com/news,600848,654979976.html",2017-06-14 09:45:07,大家都上车了吧，准备接受停牌吧
明天冲到25.22附近收22.8,"https://guba.eastmoney.com/news,600848,658195702.html",2017-06-20 18:42:45,明天冲到25.22附近收22.8
哈哈，加仓加的及时吧，创业环保,"https://guba.eastmoney.com/news,600848,632655173.html",2017-04-23 17:51:35,哈哈，加仓加的及时吧，创业环保
奔溃,"https://guba.eastmoney.com/news,600848,658598834.html",2017-06-21 13:20:09,奔溃
"今天收盘有多只房地产股涨停,该板块过去很长一","https://guba.eastmoney.com/news,600848,657719413.html",2017-06-19 22:06:48,此股十倍有可能
新大股东一定会为威华股份注入优质资产！,"https://guba.eastmoney.com/news,600848,658067038.html",2017-06-20 14:41:44,22出货成功。。第一波行情小赚17个点。。。
套昨天开盘买的,"https://guba.eastmoney.com/news,600848,658462648.html",2017-06-21 09:34:24,套昨天开盘买的
B做强做优做大，整合不断加快，关注“5合1”小盘央企重组,"https://guba.eastmoney.com/news,600848,656250810.html",2017-06-16 12:49:25,"做强做优做大，整合不断加快，关注“5合1”小盘央企重组

股市的永恒热点：重组，上升空间巨大，尤以低价抢手

超跌低价：上升动力充足

　　关注揭开国际并购、低价超跌小市值重大重组复盘暴跌的央企同业整合帷幕并逐步迈向国际领先的央企重组股风神股份(600469)

　　公司公布了控股股东旗下轮胎资产（包括倍耐力轮胎）重组预案，公司拟收购桂林倍力100%股权、“倍耐力工业胎”100%股权.复盘后，风神股份（600469）连续跌停，报复性反弹呼之欲出"
敲定上海临港，特斯拉来了,"https://guba.eastmoney.com/news,600848,658244102.html",2017-06-20 20:21:33,敲定上海临港，特斯拉来了
600848:上海临港独立董事关于第九届董事会第二十次会议相关事项的独立意见,"https://guba.eastmoney.com/news,600848,634829603.html",2017-04-27 21:06:48,"公告日期：2017-04-28
600848:上海临港独立董事关于第九届董事会第二十次会议相关事项的独立意见
[点击查看PDF原文]
提示：本网不保证其真实性和客观性，一切有关该股的有效信息，以交易所的公告为准，敬请投资者注意风险。"
后悔没买这只啊，真牛啊，比我界龙实业强啊[哭],"https://guba.eastmoney.com/news,600848,657387067.html",2017-06-19 11:58:37,后悔没买这只啊，真牛啊，比我界龙实业强啊
600628,"https://guba.eastmoney.com/news,600848,657940673.html",2017-06-20 10:56:01,600628
终于不护盘，天天拉高那几只股骗指数，也觉得没,"https://guba.eastmoney.com/news,600848,657328667.html",2017-06-19 10:32:54,说白点 银行保险 和 创业次新 那是十几年互相
如果说混改还可以看做是市场的一个热点的话,"https://guba.eastmoney.com/news,600848,657647503.html",2017-06-19 19:45:20,能有效地识别主力建仓
控油 ：５丶２３操作? 冀东装备，我还是看好,"https://guba.eastmoney.com/news,600848,658267836.html",2017-06-20 21:14:25,跳水开始了
照章办事,"https://guba.eastmoney.com/news,600848,657428250.html",2017-06-19 13:23:55,"为了家庭幸福
请安全使用安全套
"
最后一刻翻红 无耻,"https://guba.eastmoney.com/news,600848,656718831.html",2017-06-17 11:55:58,期待韩志国的结果
一出置顶，主力就开始出货，NND,"https://guba.eastmoney.com/news,600848,658537682.html",2017-06-21 11:16:42,RT
中午会停牌吗?,"https://guba.eastmoney.com/news,600848,657963256.html",2017-06-20 11:30:27,发达了
下半年策略：小盘央企+超跌+低价+实质性重组+并购国际制造名企,"https://guba.eastmoney.com/news,600848,657353934.html",2017-06-19 11:07:16,"下半年策略：小盘央企+超跌+低价+实质性重组+并购国际制造名企

小盘央企：央企乃国之命脉，一般无减持之优
超跌：必有报复性反弹
低价：群众基础好
实质性重组：爆发力足、上涨空间广阔
并购国际制造名企：一步到位，实现制造技术弯道超车，大幅提升产品价值空间

五合一，风神股份（600469）才是目前中短线最佳标的，更确定的是欧美80%的人士都知道“倍耐力”---品牌价值严重低估"
哈哈哈，跌死你们,"https://guba.eastmoney.com/news,600848,624087542.html",2017-04-02 17:27:00,哈哈哈，跌死你们
对于这类公司的高送转,"https://guba.eastmoney.com/news,600848,654870819.html",2017-06-13 23:43:53,要求披露高送转时必须披露业绩预告
此吧狗庄托太多，十分危险，,"https://guba.eastmoney.com/news,600848,658053251.html",2017-06-20 14:22:24,此吧狗庄托太多，十分危险，
漂亮，继续加油,"https://guba.eastmoney.com/news,600848,656161151.html",2017-06-16 10:09:57,
特斯拉落户临港预期加速，特斯拉国产化加速！特斯拉想要打开中国市场，成为汽车界的苹,"https://guba.eastmoney.com/news,600848,657327926.html",2017-06-19 10:32:54,特斯拉落户临港预期加速，特斯拉国产化加速！特斯拉想要打开中国市场，成为汽车界的苹果，那必须重视中国市场，必须国产化，正如苹果手机国产化一样！！！
18.61继续补仓！近期子弹打的差不多了！锁仓！,"https://guba.eastmoney.com/news,600848,633993839.html",2017-04-26 10:20:30,锁仓咯！
?,"https://guba.eastmoney.com/news,600848,657705712.html",2017-06-19 21:37:42,?
中国股市为什么不实行T+0，到底是保护谁？,"https://guba.eastmoney.com/news,600848,656099325.html",2017-06-16 05:48:02,我想说，我等他跌好久
当前指数虚假，对应2300点才是真正的,"https://guba.eastmoney.com/news,600848,656855966.html",2017-06-17 18:55:12,聊聊假设条件中的股市
国外报道预计最快本周披露设厂在上海临港,"https://guba.eastmoney.com/news,600848,658885981.html",2017-06-21 23:08:26,国外报道预计最快本周披露设厂在上海临港
好垃圾  好垃圾,"https://guba.eastmoney.com/news,600848,658633391.html",2017-06-21 14:14:47,好垃圾 好垃圾
雄安概念板块异动走强 创业环保涨逾4% 来源：证券时报网  2017年06月20日 10:07,"https://guba.eastmoney.com/news,600848,658045833.html",2017-06-20 14:11:59,"雄安概念板块异动走强创业环保涨逾4%
来源：证券时报网 编辑：东方财富网 2017年06月20日 10:07
今日早盘，雄安新区概念板块异动走强，截止发稿，创业环保涨4.25%，凌云股份...等股跟风上涨。
　　消息上，6月19日，在北京市第十二次代会开幕式上，北京市委书记蔡奇在代表十一届市委向大会作工作报告时提出，建设河北雄安新区是千年大计、国家大事，将与(北京城市)副中心，共同成为北京新的两翼，把支持河北雄安新区建设作为(北京)自己的事情。主动加强规划对接、政策对接、项目对接，全方面加强合作，雄安新区需要什么就支持什么，做到有求必应，积极配合，毫不含糊。
（来源：证券时报网 2017-06-20 10:07）"
板块大涨，你墨迹啥,"https://guba.eastmoney.com/news,600848,658512827.html",2017-06-21 10:44:09,板块大涨，你墨迹啥
也是为了避免上市公司将高送转拿来做人情,"https://guba.eastmoney.com/news,600848,656044797.html",2017-06-16 00:55:12,参照近两年格力电器的高分红
