标题,链接,发布时间,内容
华夏时报混淆视听寓意何为。媒体新闻尤其是标题是最为引人注目的，所以尊重事实是媒体,"https://guba.eastmoney.com/news,600810,611831981.html",2017-02-25 14:16:58,华夏时报混淆视听寓意何为。媒体新闻尤其是标题是最为引人注目的，所以尊重事实是媒体人的基本素养。4月有部分投资人起诉神马的案子将开庭，索赔金额为392万，华夏时报标题为4月起诉索赔千万。不知道是这篇文章的作者数学比小学生还差还是别有用心。但作为一位参与股市投资的散户，我非常鄙视这种不遗余力，极尽文字误导来来影响投资者的媒体人。华夏时报的水皮，我很敬佩，但一箩筐好苹果了有个烂苹果也不足为奇！
虽然减仓操作，但依旧看好600810神马股份和600830香溢融资通。,"https://guba.eastmoney.com/news,600810,611800160.html",2017-02-25 10:18:09,虽然减仓操作，但依旧看好600810神马股份和600830香溢融资通。
可惜了，刚刚没撤到单,"https://guba.eastmoney.com/news,600810,611732437.html",2017-02-24 21:28:17,可惜了，刚刚没撤到单
大单卖，小单买应该警惕了！,"https://guba.eastmoney.com/news,600810,611732118.html",2017-02-24 21:26:48,大单卖，小单买应该警惕了！
就是想看看前管理层会不会被追责……,"https://guba.eastmoney.com/news,600810,611731998.html",2017-02-24 21:26:00,就是想看看前管理层会不会被追责……
卖出了一半，11块以下接回,"https://guba.eastmoney.com/news,600810,611731638.html",2017-02-24 21:24:17,卖出了一半，11块以下接回
下午万手哥还来不来啊？追高了，已被套！,"https://guba.eastmoney.com/news,600810,611731598.html",2017-02-24 21:24:00,下午万手哥还来不来啊？追高了，已被套！
槽，害我10块多都没敢进，还好追了3877大鸟,"https://guba.eastmoney.com/news,600810,611731564.html",2017-02-24 21:23:58,槽，害我10块多都没敢进，还好追了3877大鸟
去年几匹马都上去了，今年就看你这匹神马了。,"https://guba.eastmoney.com/news,600810,611730650.html",2017-02-24 21:19:09,去年几匹马都上去了，今年就看你这匹神马了。
衡量是不是庄托很简单，第一就是看其恶毒的谩骂是否敢骂庄家，骂大股东，骂庄家和大股,"https://guba.eastmoney.com/news,600810,611727941.html",2017-02-24 21:04:54,衡量是不是庄托很简单，第一就是看其恶毒的谩骂是否敢骂庄家，骂大股东，骂庄家和大股东的母亲和祖宗们，而不只是骂和他们相反的发言者；还有一个点就是总不敢留注册的号，披着一个网络或手机号躲在暗处凶恶地谩骂。
别的不说  光看k  线  建仓和洗盘已经结束  剩下的    你懂的,"https://guba.eastmoney.com/news,600810,611681555.html",2017-02-24 17:18:50,别的不说 光看k 线 建仓和洗盘已经结束 剩下的 你懂的
下周必跌，凡是热闹了就是如此。蓝光发展也是这样,"https://guba.eastmoney.com/news,600810,611667215.html",2017-02-24 16:20:55,所以哭吧
卖房子买神马，跟主力一起飞,"https://guba.eastmoney.com/news,600810,610915063.html",2017-02-22 10:04:04,在打官司前冲向45元
今天太爽了11.28卖出，10.98买回。,"https://guba.eastmoney.com/news,600810,611575303.html",2017-02-24 11:37:09,爽的不想说话了哈哈哈哈。。。。。。。。。。。。。。。。。。。。。。。。。。。。。。。。。。
没人别马腿啊,"https://guba.eastmoney.com/news,600810,611650206.html",2017-02-24 15:12:35,没人别马腿啊
内幕消息：下午涨停。原因如下,"https://guba.eastmoney.com/news,600810,610649020.html",2017-02-21 11:20:32,"内幕消息：下午涨停。原因如下

因为有狗庄操盘
产品涨价狗庄下午发威直线涨停

快买

下午涨停"
今天满仓神马,"https://guba.eastmoney.com/news,600810,611607672.html",2017-02-24 13:39:08,
死马,"https://guba.eastmoney.com/news,600810,611601609.html",2017-02-24 13:25:28,死马
微利走人,"https://guba.eastmoney.com/news,600810,611596242.html",2017-02-24 13:13:00,微利走人
17万股，开心,"https://guba.eastmoney.com/news,600810,611541015.html",2017-02-24 10:29:41,谢谢主力，操盘思路反方向，欣赏
这走势也太恶心了吧！,"https://guba.eastmoney.com/news,600810,611564296.html",2017-02-24 11:13:04,这走势也太恶心了吧！
日线，周线都kdj金叉，还不买是有问题，看翻倍,"https://guba.eastmoney.com/news,600810,611547274.html",2017-02-24 10:40:55,日线，周线都kdj金叉，还不买是有问题，看翻倍
这图真好看！,"https://guba.eastmoney.com/news,600810,611539559.html",2017-02-24 10:27:08,这图真好看！
河南省人民政府,"https://guba.eastmoney.com/news,600810,611504703.html",2017-02-24 09:20:54,"河南省人民政府
关于省属国有工业企业发展混合所有制经济的
实　施　意　见 


豫政 〔2016〕47号 




各省辖市、省直管县(市)人民政府,省人民政府各部门:

　　为贯彻落实《国务院关于国有企业发展混合所有制经济的意见》(国发〔2015〕54号)精神,推进省属国有工业企业混合所有制改革,现结合我省实际,制定本实施意见。

　　一、总体目标

　　坚持完善社会主义基本经济制度,坚持市场化改革方向,着眼于夯实社会主义市场经济的微观基础,通过混合所有制改革,推动省属国有工业企业建立现代企业制度,完善法人治理结构,优化国有资本布局,实现国有资产保值增值,不断增强省属国有工业企业的经济影响力、市场竞争力、发展引领力。两年内基本完成省属国有工业企业混合所有制改革。

　　二、基本原则

　　——政府引导,市场运作。尊重市场经济规律和企业发展规律,以企业为主体,充分发挥市场机制作用,把引资本与转机制相结合,把产权多元化与完善企业法人治理结构相结合,探索省属国有工业企业混合所有制改革的有效途径。

　　——完善制度,保护产权。以保护产权、维护契约、统一市场、平等交换、公平竞争、有效监管为基本导向,切实保护混合所有制企业各类出资人的产权权益,调动各类资本参与发展混合所有制经济的积极性。

　　——严格程序,规范操作。坚持依法依规,健全国有产权流转程序,切实做到规则公开、过程公开、结果公开。强化交易主体和交易过程监管,防止暗箱操作、低价贱卖、利益输送、化公为私、逃废债务,杜绝国有资产流失。

　　——因企制宜,加快推进。区别不同层级,选择不同的改革实施路径,宜独则独、宜控则控、宜参则参,一企一策,加快推进省属国有工业企业混合所有制改革。

　　三、推进重点

　　(一)重点推进二级及以下子公司层面混合所有制改革。企业集团公司要精简管理层级,原则上控制在三级以内,重点推进二级及以下子公司层面混合所有制改革。处于充分竞争行业和领域的主业子公司,积极引入社会资本实现股权多元化,实现国有资本的优化配置。以煤炭为主业的子公司,要结合化解过剩产能、整合保留煤炭板块、优化布局,在保持国有资本控股的前提下,积极引入战略投资者,扩大非公有资本的持股比例。与主业相配套的辅业子公司,加快推进主辅分离辅业改制,实现国有资本全部退出或少量参股。对三级以下子公司要加强内部资源整合,通过兼并重组、产权转让、解散注销、关闭破产等方式,分类分批实现国有资本有序退出。

　　(二)加快集团公司层面股份制改革步伐。除国有资本投资、运营公司保持国有独资性质外,集团公司层面要加快股份制改革步伐,引进战略投资者,实现产权多元化。已实现股权多元化的集团公司,要加快实施资产证券化,积极推进改制上市,通过整体上市、增发配股、资产置换、并购重组、发行可转债等多种方式,引进各类投资者,调整国有股权比例,形成股权结构多元、股东行为规范、内部约束有效、运行高效灵活的经营机制。

　　四、正确引导

　　(一)鼓励非国有资本参与省属国有工业企业混合所有制改革。打破所有制界限,鼓励非公有资本、集体资本和外资等非国有资本投资主体按照市场规则,参与省属国有工业企业混合所有制改革。非公有资本投资主体可以货币出资或以实物、股权、土地使用权等法律、法规允许的方式出资。允许经确权认定的集体资本、资产和其他生产要素作价入股。在符合外商投资产业指导目录、外商投资项目核准和备案管理办法等前提下,积极引入外资参与省属国有工业企业改制重组、合资合作,鼓励外资参股省属国有工业企业投资项目。

　　(二)鼓励省属国有工业企业以多种方式入股非国有企业。积极推进国有资本投资、运营公司试点工作,充分发挥其资本运作平台作用,提高国有资本的流动性。推动国有资本通过市场化方式,以高新技术、生态环保和战略性新兴产业等重点领域,以市场选择为前提,以资本为纽带,对发展潜力大、成长性好、带动力强的非国有企业进行股权投资。支持省属国有工业企业与非国有资本共同设立股权投资基金,参与企业改制重组。

　　五、混改模式

　　(一)入股新建。对省属国有工业企业新上项目或新注册子公司,采取入股新建等方式,引导非国有资本与国有资本合资合作,共同发展。省属国有工业企业定期向社会公布符合产业政策、有利于转型升级的合资合作项目,吸引非国有资本进入,在资本、技术、市场、管理等方面开展合作。

　　(二)并购重组。省属国有工业企业要把并购重组作为搞活企业、盘活国有资产的重要途径。按照主业相近、产业相关的原则,与战略投资者实施并购重组,发挥资产、资源的集聚效应。支持非国有资本采用现金收购或股权收购支付方式,围绕核心主业实施产业板块关联性整合,发挥规模优势,提升核心竞争力。

　　(三)债务重组。对煤炭、钢铁等传统优势行业,鼓励采取债务重组等方式,减轻企业债务负担,使不同所有制资本结成利益共同体。推动国有金融机构将煤炭、钢铁等企业债权转为股权,降低企业资产负债率。本着降低企业成本、促进债务重组的原则,经双方协商一致可采取修改原定债务偿还条件、分期分批偿还债务或其他债权回购方式。

　　(四)股权置换。对产业链上下游和优势互补企业,采取股权置换等方式,实现不同投资主体之间的交叉持股,建立利益关联。推动煤化、煤电股权置换和重组,以资本为纽带,推动融合发展。

　　(五)员工持股。坚持激励和约束相结合原则,支持符合条件的省属国有工业企业通过试点稳步推进员工持股工作。对已完成或拟实施混合所有制改革的企业,允许经营管理层、核心技术人员和业务骨干人员出资入股;允许企业新上项目、新设企业与外部投资者、项目团队共同设立混合所有制企业,其中,创投或投资类新上项目、新设企业可以实行员工持股;允许人才资本和技术要素贡献占比较高的高新技术企业、科技服务型企业的管理层、核心技术人员持股。员工持股主要采取出资购股、奖励股权和技术折股等方式。

　　六、健全机制

　　(一)进一步确立企业的市场主体地位。政府不得干预企业自主经营,股东不得干预企业日常运营,确保企业治理规范、激励约束机制到位。落实董事会对企业高级经营管理人员选聘、业绩考核和薪酬管理等职权,法无授权任何政府部门和机构不得干预,切实维护企业的市场主体地位。坚持以资本为纽带完善混合所有制企业管理方式、分配激励机制,做好用工总量、工资总额、管理人员指数等三个总量控制工作,推动企业内部管理人员能上能下、员工能进能出、收入能增能减,转换经营机制,有效激发企业内在活力。

　　(二)健全混合所有制企业法人治理结构。混合所有制企业要建立健全现代企业制度,明晰产权,同股同权、同股同利、同股同责,依法保护股东权益,实现治理理念、利益诉求、责任承担、管理制度等方面的深度融合。规范企业股东(大)会、董事会、经理层、监事会和组织的权责关系,按照企业章程行使职权,依规则运行,形成定位清晰、权责对等、运转协调、制衡有效的法人治理结构。国资监管机构及国有企业董事会委派的股东代表参加股东会议,要按照委托人的指示提出提案、发表意见、行使表决权,并将履行结果及时上报委托人。

　　(三)完善混合所有制企业职业经理人制度。建立符合我省实际的资质评价体系,培育和完善职业经理人市场。鼓励现有混合所有制企业实施职业经理人制度,鼓励新设混合所有制企业自成立之日起实施职业经理人制度。按照建立现代企业制度的要求,建立市场导向的选人用人和激励约束机制,通过市场化方式选聘职业经理人依法负责企业经营管理,畅通现有经营管理者与职业经理人的身份转换渠道。职业经理人实行任期制和契约化管理,按照市场化原则决定薪酬,可以采取多种方式探索中长期激励机制。严格职业经理人任期管理和绩效考核,完善退出机制。

　　七、规范操作

　　(一)严格审批程序。省属国有工业企业实施混合所有制改革前应制定混合所有制改革方案。集团公司层面改革方案报省政府国资委批准;重要国有企业改制后国有资本不再控股的,报省政府批准。子公司层面改革方案,按产权归属报出资人批准。方案审批时,要加强对社会资本质量、合作方诚信与操守、债权债务关系等内容的审核。要充分保障企业职工对国有企业混合所有制改革的知情权和参与权,涉及职工切身利益的要做好评估工作,职工安置方案要经职代会审议通过。

　　(二)规范操作流程。在组建和注册混合所有制企业时,要依法依规,规范国有资产授权经营和产权交易等行为,健全清产核资、评估定价、转让交易、登记确权等国有产权流转程序。清产核资要按照“谁投资、谁所有、谁受益”的原则,核实和界定国有资本金及其权益,涉及资产损失认定与处理的,必须按有关规定履行批准程序,法定代表人和财务负责人对清产核资结果的真实性、准确性负责。评估定价必须聘请具备资格的资产评估事务所进行资产和土地使用权评估,评估结果由审批改革方案的单位进行核准备案。转让交易应当在依法设立的产权交易机构中公开进行,防止国有资产流失。登记确权要在国有产权发生变动后按照相关规定办理。

　　(三)健全定价机制。通过产权、股权、证券市场发现和合理确定资产价格,发挥专业化中介机构的作用,借助多种市场化定价手段,完善资产定价机制,实时公开信息,加强社会监督,防止利益输送。严格实施国有企业资产损失责任追究制度,对造成国有资产损失的责任人依法严肃追究责任。

　　(四)切实加强监管。政府有关部门要加强对省属国有工业企业混合所有制改革的监管,不断完善国有产权交易规则和监管制度。省政府国资委对改革中出现的违法转让和侵吞国有资产、化公为私、利益输送、暗箱操作、逃废债务等行为,要依法严肃处理。省审计厅要依法履行审计监督职能,加强对改制企业原国有企业法定代表人的离任审计。充分发挥第三方机构在清产核资、财务审计、资产定价、股权托管等方面的作用。加强企业内部职工监管,进一步做好信息公开工作,自觉接受社会监督。

　　八、营造环境

　　(一)加强产权保护。建立完善产权保护制度,健全严格的产权占有、使用、收益、处分等完整保护制度,依法保护混合所有制企业各类出资人的产权和知识产权权益。在立法、司法和行政执法过程中,坚持对各种所有制经济产权和合法利益给予同等法律地位。

　　(二)完善支持措施。省发展改革委要加强协调,统筹推动省属国有工业企业混合所有制改革。省政府国资委要研究出台省属国有工业企业混合所有制改革操作指引,简化省属国有工业企业混合所有制改革审批程序。省委组织部要根据不同类型混合所有制企业特点,明确组织的设置方式、职责定位和管理模式。省工业和信息化委要引导推动民营资本参与省属国有工业企业混合所有制改革。省财政厅要合理安排国有资本经营预算资金,加大对省属国有工业企业混合所有制改革的资金支持力度,妥善解决职工安置资金缺口弥补问题。省人力资源社会保障厅要进一步完善企业分流安置人员劳动关系调整及社会保险关系接续、职工安置费用预提等具体政策,确保企业职工队伍稳定。省国土资源厅要根据省属国有工业企业混合所有制改革的需要,支持企业采取出让、租赁、国家作价出资(入股)、授权经营和保留划拨用地等方式进行土地资产处置。省国税局、地税局要依法落实省属国有工业企业混合所有制改革涉及的企业重组所得税政策,增值税免征、契税减征或免征等税收优惠政策。省工商局要简化办事流程,开通“绿色”通道,为企业注册和变更登记提供便利。省政府金融办、各金融机构要切实帮助省属国有工业企业降低债务负担,不抽贷、不断贷。

　　(三)完善资本市场。加快建设服务功能完善、运营规范高效的区域股权交易市场,完善股权、债券、资产证券化等产品交易机制。推动区域股权交易市场与工商部门、银行等金融机构对接协同,发展区域股权市场的股权质押融资业务,促进优质挂牌企业发展壮大。推动我省股份制企业股权统一集中登记托管,加快资源整合集中,促进企业规范运作和长期发展。

　　(四)抓好改革实施。加大舆论引导和政策解读力度,营造锐意改革的浓厚氛围。因企制宜制定混合所有制改革方案,充分调动企业、职工、社会等各方积极性,形成改革合力。建立鼓励探索、实践、改革、创新的容错机制。

　　河南省人民政府

　　2016年7月6日
展开阅读全文"
11.60被套的人太多了，想冲过去太难了,"https://guba.eastmoney.com/news,600810,611272409.html",2017-02-23 12:09:27,11.60被套的人太多了，想冲过去太难了
今天解套没卖后悔中。。。。。,"https://guba.eastmoney.com/news,600810,611361232.html",2017-02-23 16:28:41,今天解套没卖后悔中。。。。。
上市公司与煤体勾结骗筹码,"https://guba.eastmoney.com/news,600810,611245433.html",2017-02-23 10:57:56,今天的走势说明一切，加速上涨，直冲45元
明天至少又是四个点的跌幅，低开低走中阴线，唉，追的太高了，已经套牢了,"https://guba.eastmoney.com/news,600810,611366541.html",2017-02-23 16:50:59,明天至少又是四个点的跌幅，低开低走中阴线，唉，追的太高了，已经套牢了
卖了,"https://guba.eastmoney.com/news,600810,611426918.html",2017-02-23 21:32:14,11.19
回头马,"https://guba.eastmoney.com/news,600810,611428705.html",2017-02-23 21:41:07,回头马
我已成功解套,"https://guba.eastmoney.com/news,600810,611253868.html",2017-02-23 11:15:33,我已成功解套
易成熄了，神马启动？求解。。。。。,"https://guba.eastmoney.com/news,600810,611393453.html",2017-02-23 18:51:40,易成熄了，神马启动？求解。。。。。
神马,"https://guba.eastmoney.com/news,600810,611326055.html",2017-02-23 14:36:16,神马
有点恶心！,"https://guba.eastmoney.com/news,600810,611315818.html",2017-02-23 14:14:16,有点恶心！
真的很可惜啊，这主力把11.60洗成了重压力区，真服了,"https://guba.eastmoney.com/news,600810,611312559.html",2017-02-23 14:07:17,真的很可惜啊，这主力把11.60洗成了重压力区，真服了
主力，果然号好的趋势要搞坏了，现在可好，又埋了一批，以后上去压力更大,"https://guba.eastmoney.com/news,600810,611311211.html",2017-02-23 14:05:00,主力，果然号好的趋势要搞坏了，现在可好，又埋了一批，以后上去压力更大
可惜了，刚刚没撤到单,"https://guba.eastmoney.com/news,600810,611308102.html",2017-02-23 13:58:32,可惜了，刚刚没撤到单
明天养老金入市，快买,"https://guba.eastmoney.com/news,600810,611303166.html",2017-02-23 13:48:17,明天养老金入市，快买
这么好的趋势，主力又想搞黄了，虽然半仓在手也不怕，可毕竟还是希望涨上去啊,"https://guba.eastmoney.com/news,600810,611301022.html",2017-02-23 13:43:44,这么好的趋势，主力又想搞黄了，虽然半仓在手也不怕，可毕竟还是希望涨上去啊
加仓,"https://guba.eastmoney.com/news,600810,611296177.html",2017-02-23 13:32:49,加仓
收盘价10.85,"https://guba.eastmoney.com/news,600810,611295708.html",2017-02-23 13:31:37,收盘价10.85
神马股份因虚增利润遭投资人索赔392.49万元,"https://guba.eastmoney.com/news,600810,610950881.html",2017-02-22 11:13:40,"来源：中国经济网 
　　神马股份21日晚间公告，公司收到郑州市中级人民法院邮寄送达的《应诉通知书》【(2017)豫01民初字第408号等15个案件】及相关法律文书。 
　　根据《应诉通知书》显示，郑州市中级人民法院已受理阮其云等15个自然人诉公司证券虚假陈述纠纷一案，索赔金额为3,924,936.10元人民币。 
　　公司表示，鉴于本次诉讼案件尚未开庭审理，目前暂无法判断对公司本期或期后利润的影响。
（来源：中国经济网 2017-02-22 11:10） [点击查看原文]"
大单卖，小单买应该警惕了！,"https://guba.eastmoney.com/news,600810,611286100.html",2017-02-23 13:10:01,大单卖，小单买应该警惕了！
，每个牛股都有散户坑。。。。,"https://guba.eastmoney.com/news,600810,610837451.html",2017-02-21 22:58:39,，每个牛股都有散户坑。。。。
卖出了一半，11块以下接回,"https://guba.eastmoney.com/news,600810,611259752.html",2017-02-23 11:27:43,卖出了一半，11块以下接回
下午万手哥还来不来啊？追高了，已被套！,"https://guba.eastmoney.com/news,600810,611271428.html",2017-02-23 12:04:56,下午万手哥还来不来啊？追高了，已被套！
去年几匹马都上去了，今年就看你这匹神马了。,"https://guba.eastmoney.com/news,600810,611239077.html",2017-02-23 10:45:06,去年几匹马都上去了，今年就看你这匹神马了。
买在了次高点，如何是好？,"https://guba.eastmoney.com/news,600810,611265501.html",2017-02-23 11:42:57,买在了次高点，如何是好？
好马一匹,"https://guba.eastmoney.com/news,600810,611223273.html",2017-02-23 10:15:29,好马一匹
涨停[赞][赞][赞],"https://guba.eastmoney.com/news,600810,611221909.html",2017-02-23 10:12:50,涨停
神马被起诉是好事,"https://guba.eastmoney.com/news,600810,611148158.html",2017-02-22 23:34:11,"神马被起诉是好事，不管官司输与赢，都显示了散户的力量。
神马不注入尼龙化工资产，散户无可奈何，但是不解决关联交易，只要散户坚持投反对票，大股东就必须解决。要解决此问题无非两种途径，1，大股东作出一定程度让步获取投票通过。2，将神马与尼龙化工变成互不相干的两个独立公司。这就需要一家公司控股权转让。
第二种可能性较小，第一种可能性较大。尼龙化工注入与否并不重要，关键是要解决关联交易合并会计报表。
持有神马不是对大股东有信心，而是因为化工品处于涨价大周期，以神马的销售收入，利润大幅度提高是可以期待的。
尤其看其一季度与四季度的环比增幅。"
涨停板节奏,"https://guba.eastmoney.com/news,600810,611207554.html",2017-02-23 09:46:38,牛，卖房买神马
看好11.3,"https://guba.eastmoney.com/news,600810,611204345.html",2017-02-23 09:40:27,看好11.3
"pa66,最新价25800,我又进了半仓，这样吸庄家血是不是不太好[大笑][大笑","https://guba.eastmoney.com/news,600810,610964272.html",2017-02-22 11:48:47,"pa66,最新价25800,我又进了半仓，这样吸庄家血是不是不太好"
这几个人老发神马利空不知是何居心！,"https://guba.eastmoney.com/news,600810,611054210.html",2017-02-22 16:04:44,这几个人老发神马利空不知是何居心！
"别喊人做T,T飞了损失可大了[大笑][大笑][大笑]","https://guba.eastmoney.com/news,600810,611030641.html",2017-02-22 14:52:58,"别喊人做T,T飞了损失可大了"
狗庄爱玩就陪他小玩玩不能玩大的，总之一点均线附近最好以下买入以上卖出。,"https://guba.eastmoney.com/news,600810,611010888.html",2017-02-22 14:12:54,挣个饭钱蛮好。。。。。。。。。。。。。。。。。。。。。。。。。。。。。。
帮同事买卖的，为啥在10.61卖，这地方应该是短线压力位，之所以之前说卖五单子一,"https://guba.eastmoney.com/news,600810,611008071.html",2017-02-22 14:07:20,帮同事买卖的，为啥在10.61卖，这地方应该是短线压力位，之所以之前说卖五单子一笔扫了不是没有理由的
卖出中签新股4毛8买入神马3100股，准备6毛8卖出3100股,"https://guba.eastmoney.com/news,600810,610913030.html",2017-02-22 10:00:21,今天开始换方法了。。。。。。。。。。。。。。。。。。。。。。。。。。。。。。。。。。。。。。。。
卖五单子一笔扫了[大笑],"https://guba.eastmoney.com/news,600810,610983377.html",2017-02-22 13:14:17,卖五单子一笔扫了
78亿造假案,"https://guba.eastmoney.com/news,600810,609578016.html",2017-02-16 21:17:53,尼玛审什么直接突突
庄家手法，一摸一样,"https://guba.eastmoney.com/news,600810,610980611.html",2017-02-22 13:07:26,庄家手法，一摸一样
小牛啊,"https://guba.eastmoney.com/news,600810,605529513.html",2017-02-10 13:32:17,小牛啊
神马神马，神一样的股票,"https://guba.eastmoney.com/news,600810,610876165.html",2017-02-22 07:15:38,神马神马，神一样的股票
抢筹∧钱江生化 祁连山 天原股份 神马股份,"https://guba.eastmoney.com/news,600810,583765638.html",2016-12-29 11:34:22,抢买：钱江生化 祁连山 天原股份神马股份
25800！又涨了,"https://guba.eastmoney.com/news,600810,610954866.html",2017-02-22 11:22:13,25800！又涨了
别做梦了，还要跌,"https://guba.eastmoney.com/news,600810,610940525.html",2017-02-22 10:52:29,别做梦了，还要跌
不忘初心，方得始终,"https://guba.eastmoney.com/news,600810,588360676.html",2017-01-15 23:45:00,不忘初心，方得始终
老子挂9.30居然还买到了。,"https://guba.eastmoney.com/news,600810,588560272.html",2017-01-16 14:19:55,老子挂9.30居然还买到了。
一个破公告发几次还每天搞出这么多重复的新闻完全是诱导我们投资者的投资情绪大家一起举报证监会,"https://guba.eastmoney.com/news,600810,610927661.html",2017-02-22 10:27:06,看看证监会到底重不重视我们中小投资者心声。。。。。。。。。。
不得不看的锦纶隔夜要闻（20170117）  纯苯：FOB韩国收跌3美元/吨至9,"https://guba.eastmoney.com/news,600810,590190996.html",2017-01-17 18:42:45,"不得不看的锦纶隔夜要闻（20170117）
纯苯：FOB韩国收跌3美元/吨至914.5-915.5元/吨；CFR中国收涨5美元至929-930美元/吨。
己内酰胺：人民币液体华东参考提至17600-17800元/吨承兑送到，报盘更高，惜售明显。
PA6：高速纺切片华东参考报价19500-20000元/吨承兑送到，实盘听闻有200-400元/吨不等让利；常规纺出货重心靠近19000-19500元/吨现金，江苏地区较高在20000-20500元/吨，高位成交一般。"
没量。主力出不来,"https://guba.eastmoney.com/news,600810,610921375.html",2017-02-22 10:16:07,没量。主力出不来
一个破公告发这么多天有病吧，业绩屁话不放。,"https://guba.eastmoney.com/news,600810,610918568.html",2017-02-22 10:10:40,每天小T一把挣个饭钱，风雨无阻。
说好的跌停呢，草,"https://guba.eastmoney.com/news,600810,610899890.html",2017-02-22 09:32:36,说好的跌停呢，草
要卖的快跑，别犹豫[大笑][大笑][大笑][大笑],"https://guba.eastmoney.com/news,600810,610896036.html",2017-02-22 09:21:37,要卖的快跑，别犹豫
明天涨停板,"https://guba.eastmoney.com/news,600810,610840720.html",2017-02-21 23:18:26,庄很强，利空都是涨停板突破
股价到12以上，才会撤诉,"https://guba.eastmoney.com/news,600810,610891560.html",2017-02-22 09:02:48,公司有授意打压股价就上诉到底，除非股价拉上12元以上
明天跌停开盘,"https://guba.eastmoney.com/news,600810,610825499.html",2017-02-21 21:54:53,明天跌停开盘
了吗,"https://guba.eastmoney.com/news,600810,610831896.html",2017-02-21 22:28:08,跑了吗
武汉“光谷”抢占科技创新制高点 来源：人民网,"https://guba.eastmoney.com/news,600810,610807870.html",2017-02-21 20:30:28,~据传湖南广电转让电广传媒股权
神马股份78亿元财务造假案将于4月14日首次开庭,"https://guba.eastmoney.com/news,600810,609391201.html",2017-02-16 11:51:43,"来源：证券时报网 
　　证券时报e公司记者从原告代理律师处获悉，今日收到河南郑州中级人民法院传票，神马股份78亿元财务造假案定于2017年4月14日首次开庭审理。2016年12月22日，神马股份公告收到证监会《行政处罚决定书》，认定公司2014年及2015年上半年共虚增营业收入78亿元。2017年1月9日，首批13位神马股份投资者递交起诉材料，共计索赔302万元。代理律师称，预计神马股份面临的索赔金额将达千万元级别。
（来源：证券时报网 2017-02-16 11:48） [点击查看原文]"
还有几批起诉的官司，你都会收到的,"https://guba.eastmoney.com/news,600810,610788206.html",2017-02-21 18:54:35,刘总监亲自过问
又看到买入机会了，还是那句话，10块等你哟，快下来吧[大笑][大笑][大笑][大,"https://guba.eastmoney.com/news,600810,610787733.html",2017-02-21 18:51:36,又看到买入机会了，还是那句话，10块等你哟，快下来吧
就是等这些公告，明天跌停买入，又有肉吃，庄家天天弄些报纸发些假报道，就等你下跌[,"https://guba.eastmoney.com/news,600810,610787363.html",2017-02-21 18:49:48,就是等这些公告，明天跌停买入，又有肉吃，庄家天天弄些报纸发些假报道，就等你下跌
明日下跌开始今日尾盘透多今日卖出好几百万神马都是浮云让我拿什么爱你?,"https://guba.eastmoney.com/news,600810,610760609.html",2017-02-21 16:57:29,明日下跌开始今日尾盘透多今日卖出好几百万神马都是浮云让我拿什么爱你?
请问截止2017年2月20日，股东人数是多少？,"https://guba.eastmoney.com/news,600810,610490401.html",2017-02-20 19:28:12,如题
凶悍昨天做T失败，今天还这样。,"https://guba.eastmoney.com/news,600810,610619061.html",2017-02-21 10:16:56,。。。。。。。。。。。。。。。。。。。。。。。。。。。。。。。。。。。。。。。。
明天涨停，连续涨停，大家都有肉吃,"https://guba.eastmoney.com/news,600810,610516512.html",2017-02-20 21:23:38,明天涨停，连续涨停，大家都有肉吃
10元小盘主板，凭这就可持仓,"https://guba.eastmoney.com/news,600810,610489568.html",2017-02-20 19:24:31,管他神马空即是色，色即是空
表面好象出现利空！背后一定潜藏的重大利好是什么？,"https://guba.eastmoney.com/news,600810,609952954.html",2017-02-18 05:33:03,此时公布了诉讼案件，其目的是什么？多年经验，重大利好就要来了，而且是相当级别的重大的。如一个月内有重大利好消息。那么公布的案件的媒体就是居心叵测！等着看吧
大部分股票都没大盘涨的多,"https://guba.eastmoney.com/news,600810,610339645.html",2017-02-20 13:13:57,大部分股票都没大盘涨的多
神马本就是一家无良公司，不是不报，时候未到,"https://guba.eastmoney.com/news,600810,610236137.html",2017-02-20 09:18:19,神马本就是一家无良公司，不是不报，时候未到
600810:神马股份澄清公告,"https://guba.eastmoney.com/news,600810,609874009.html",2017-02-17 18:52:07,"公告日期：2017-02-18
证券代码：600810 股票简称：神马股份 公告编号：临2017-003



神马实业股份有限公司



澄清公告



本公司董事会及全体董事保证本公告内容不存在任何虚假记载、误导性陈述或者重大遗漏，并对其内容的真实性、准确性和完整性承担个别及连带责任。







重要内容提示:



2017年2月17日,大众证券报、证券时报等媒体发布了一篇



题为“神马股份近期将开庭，公司曾否认被投资者起诉”的文章。



公司致电郑州市中级人民法院问询被投资者起诉事宜，郑州市



中级人民法院确认：已受理有关投资者起诉本公司证券虚假陈述纠纷案，同时已于近日向本公司发出应诉通知书。截至公告日公司尚未收到应诉通知书。



一、媒体报道简述



2017年2月17日,大众证券报、证券时报等媒体发布了一篇题



为“神马股份近期将开庭，公司曾否认被投资者起诉”的文章。该文章中提及“大众证券报和财信网记者从上海明伦律师事务所王智斌律师处了解到，他昨日刚刚收到郑州市中院发来的传票。传票上显示，法院通知阮其云等13人在4月14日到庭，法院将开庭审理神马股份证券虚假陈述纠纷案”事宜。



二、澄清声明



本公司对上述信息进行了核实，现澄清及说明如下：



公司致电郑州市中级人民法院问询被投资者起诉事宜，郑州市中级人民法院确认：已受理有关投资者起诉本公司证券虚假陈述纠纷案，同时已于近日向本公司发出应诉通知书。截至公告日公司尚未收到应诉通知书。



本公司将在收到郑州市中级人民法院书面应诉通知后，及时履行信息披露义务。



三、风险提示



本公司郑重提醒广大投资者：本公司的指定信息披露媒体为《中国证券报》、《上海证券报》、《证券日报》和上海证券交易所网站（www.sse.com.cn），本公司发布的信息以在上述指定信息披露媒体披露的公告为准，敬请广大投资者理性投资，注意投资风险。



特此公告。



神马实业股份有限公司董事会



2017年2月17日




[点击查看PDF原文]
提示：本网不保证其真实性和客观性，一切有关该股的有效信息，以交易所的公告为准，敬请投资者注意风险。
展开阅读全文"
请问公司PA66的总产能有多大？,"https://guba.eastmoney.com/news,600810,709680936.html",2017-09-26 17:31:05,【问】请问公司PA66的总产能有多大？ 【答】神马股份：14万吨。¶¶2017-09-26 17:31:05 §
怎么回事？跌跌不休了,"https://guba.eastmoney.com/news,600810,610250527.html",2017-02-20 09:54:28,怎么回事？跌跌不休了
上周五下午仅有的一点清仓换春兰股份,"https://guba.eastmoney.com/news,600810,610242933.html",2017-02-20 09:38:04,上周五下午仅有的一点清仓换春兰股份，果然好多了，垃圾不值得留恋，大家找机会撤退吧！
证监会融资新规对神马的影响。,"https://guba.eastmoney.com/news,600810,610013672.html",2017-02-18 14:32:53,百分之二十增发限制和增发价定价日按照这两点神马如注入资产会怎样大家分析分析。。。。。。。。。。。。。。。
关于法院开庭的理解,"https://guba.eastmoney.com/news,600810,609888898.html",2017-02-17 20:07:41,你还澄清公告个屁，都收到传票了，开庭的日子都定了，法院都受理了，你还澄清这不是脱了裤子发屁吗？欺骗广大投资者，就应该拿起法律的武器维权，这只是刚刚开始，你财务造假，利益输送，接二连三的违背承诺，中纪委要是介入一定有老虎，严查严打，追究前董事长王良的责任。财务造假罚公司的钱，法院开庭公司败诉又是公司出钱，这里面有我们广大投资者的利益，应该罚当事人，看谁敢造假。王良滚出公司，你有什么资格当董事？强烈要求中纪委查查王良
600810:神马股份澄清公告,"https://guba.eastmoney.com/news,600810,587590424.html",2017-01-12 15:35:34,"公告日期：2017-01-13
证券代码：600810 股票简称：神马股份 公告编号：临2017-002



神马实业股份有限公司



澄清公告



本公司董事会及全体董事保证本公告内容不存在任何虚假记载、误导性陈述或者重大遗漏，并对其内容的真实性、准确性和完整性承担个别及连带责任。







重要内容提示:



2017年1月9日,21世纪经济报道发布了一篇题为“神马股份



涉78亿财务造假，首批投资者起诉索赔获受理”的文章。



目前公司尚未收到郑州市中级人民法院相关应诉通知。



一、媒体报道简述



2017年1月9日,21世纪经济报道发布了一篇题为“神马股份涉



78 亿财务造假，首批投资者起诉索赔获受理”的文章。该文章中提



及“上海明伦律师事务所王智斌律师告诉21世纪经济报道记者，其



所代理的首批13位投资者的起诉材料已于2017年1月9日递交郑州



市中级人民法院并当场获得法院受理”及公司受到中国证监会河南监管局行政处罚情况。



二、澄清声明



本公司对上述信息进行了核实，现澄清及说明如下：



公司于2015年12月4日收到中国证监会河南监管局送达的《中国证券监督管理委员会调查通知书》(编号：豫调查字201519号)，详见公司于2015年12月8日在上交所网站(www.sse.com.cn)发布的《关于中国证券监督管理委员会对公司立案调查暨股票复牌的公告》(公告编号：2015-023)。



2016年12月6日，公司收到中国证监会河南监管局《行政处罚事先告知书》(编号：豫证监处罚字【2O16】2号），详见公司于2016年12月8日在上交所网站(www.sse.com.cn)发布的《关于收到<行政处罚事先告知书>的公告》(公告编号：2016-031)。



2016年12月20日，公司收到中国证监会河南监管局《行政处罚决定书》（编号：【2O16】1号）,《行政处罚决定书》对公司存在的违法事实进行了认定并决定对当事人进行行政处罚，详见公司于2016年12月22日在上交所网站(www.sse.com.cn)发布的《关于收到<行政处罚决定书>的公告》(公告编号：2016-044)。



目前公司尚未收到郑州市中级人民法院相关应诉通知。



三、风险提示



本公司郑重提醒广大投资者：本公司的指定信息披露媒体为《中国证券报》、《上海证券报》、《证券日报》和上海证券交易所网站（www.sse.com.cn），本公司发布的信息以在上述指定信息披露媒体披露的公告为准，敬请广大投资者理性投资，注意投资风险。



特此公告。



神马实业股份有限公司董事会



2017年1月13日




[点击查看PDF原文]
提示：本网不保证其真实性和客观性，一切有关该股的有效信息，以交易所的公告为准，敬请投资者注意风险。
展开阅读全文"
三川智慧NB-IOT物联网协议影响及与华为合作情况,"https://guba.eastmoney.com/news,600810,610071536.html",2017-02-18 22:09:39,一行三会再聚焦管理方向：稳定银行 风控保
郑州有管辖权吗，为什么不在平顶山起诉，知道有就白起诉。,"https://guba.eastmoney.com/news,600810,610006072.html",2017-02-18 13:33:49,郑州有管辖权吗，为什么不在平顶山起诉，知道有就白起诉。
这是忽悠消息，为什么在郑州起诉，平顶山的企业和郑州有一毛钱关系,"https://guba.eastmoney.com/news,600810,610005645.html",2017-02-18 13:30:19,这是忽悠消息，为什么在郑州起诉，平顶山的企业和郑州有一毛钱关系
神马股份：投资者诉公司证券虚假陈述案获法院受理,"https://guba.eastmoney.com/news,600810,609884214.html",2017-02-17 19:44:06,"来源：证券时报网 
　　神马股份(600810)2月17日晚公告，公司对媒体报道进行了核实。公司致电郑州市中级法院问询被投资者起诉事宜，郑州市中级法院确认，已受理有关投资者起诉公司证券虚假陈述纠纷案，同时已于近日向公司发出应诉通知书。截至公告日，公司尚未收到应诉通知书。 
　　
（来源：证券时报网 2017-02-17 19:41） [点击查看原文]"
这个庄真他娘的厉害，就是不知道他筹码收集到什么程度了。,"https://guba.eastmoney.com/news,600810,609912357.html",2017-02-17 21:58:56,这个庄真他娘的厉害，就是不知道他筹码收集到什么程度了。
人挪活，树挪死，不同时期要有不同的策略，咱不能总是抱残守缺，转变观念天地宽！！,"https://guba.eastmoney.com/news,600810,609892168.html",2017-02-17 20:22:01,人挪活，树挪死，不同时期要有不同的策略，咱不能总是抱残守缺，转变观念天地宽！！
公告是啥意思，变相承认？,"https://guba.eastmoney.com/news,600810,609885908.html",2017-02-17 19:52:39,公告是啥意思，变相承认？
哈哈哈哈哈哈这个公告牛掰,"https://guba.eastmoney.com/news,600810,609875993.html",2017-02-17 19:02:45,哈哈哈哈哈哈这个公告牛掰
出货中，偶有反弹请出局！,"https://guba.eastmoney.com/news,600810,609246370.html",2017-02-15 23:15:00,出货中，偶有反弹请出局！
神马股份 的 后势 分析！,"https://guba.eastmoney.com/news,600810,609107953.html",2017-02-15 15:38:42,"经研究，神马股份是一只还没有显山漏水的的大 黑 马！！！
每股净资产接近6元多，神马意思呢？市净率只有2倍多一点，远远低于市场平均市盈率。更可贵的是他的盘子小。
每股资本公积金4元多，神马意思呢？神马股份具有高送转能力！且必高送转！
小盘股效益怎么样？三季度每股所以0.16元 不错了吧！市盈率48 不算高。
走势图如何呢？更不用说 经过一年的夯实基础，到了快速拉升阶段了。经过这次小幅回调，神马要起飞了。高了不说，15轻松飞过。"
兄弟们，大家怎么看这个事情,"https://guba.eastmoney.com/news,600810,609740573.html",2017-02-17 12:06:55,兄弟们，大家怎么看这个事情
今天比较顺利6毛4卖出5毛2买入。,"https://guba.eastmoney.com/news,600810,609734150.html",2017-02-17 11:44:55,今天很满足舒服哈哈。。。。。。。。。。。。。。。。。。。。。。。。。。。。。。。。。。。。
神马主升浪开启,"https://guba.eastmoney.com/news,600810,609631288.html",2017-02-17 05:55:22,创新高，买入再买入
真搞不明白，各行各业都不太景气，我们车间生产的切片生意好的不能行，领导说一个月净,"https://guba.eastmoney.com/news,600810,609634811.html",2017-02-17 06:46:18,真搞不明白，各行各业都不太景气，我们车间生产的切片生意好的不能行，领导说一个月净利润2000万，各生产线开足马力生产还是供不应求，把工人累的要死，看来神马股票可以买了，今天打算买些看看啥情况。
加强监管有助于价值挖掘，坚定神马的持股信心。,"https://guba.eastmoney.com/news,600810,606716557.html",2017-02-12 12:10:52,"周末头条新闻是证券监管会议召开，总体基调是继续加强监管，依法治理，打击非法操纵内幕交易等等。市场的非法投机必然要受影响，对于热衷于消息和短线投机的资金来讲是有压力的。但对于本分投资，依据个人判断，不投机取巧的投资者来讲是机会。

本人投资选股都是依据自己的判断做出选择，就是有人推荐也是重新斟酌，如果和自己的判断不符还是不会投资。虽然自己一再告诫自己不要受市场气氛影响看好的坚定一些，看的远一些，但人的弱点还是占上风，会有一些短线的操作，希望基于T操作降成本，但实际都是出错的多，希望能够克服。具体的错误可以看看我的两个投资组合的买卖，是实际结果，中间错误不少。希望引以为戒。尤其在神马上的错误错失了利润提升的机会。

我们一般的投资者经常做梦于有一个妖股在手，或被借壳，或主力操控自如，你跟着赚钱，试问你何德何能有这样的能耐？我的工作和能源有关，经常有人问我油价后面怎么走？我说商品的价格趋势和股票市场一样，是很难判断的，虽然只有上下两个方向，但我说的正确度也是50%和不说没有两样，我说如果上帝给我能力能预见5分钟后的商品价格，我就有能力买下全世界了。所以别做不切实际的白日梦，逮住了，运气而已，不可强求，更不应该认为自己真的有能力找到妖股。新形势下，价值投资应该是王道。

我把上面的感受放在神马吧里，因为神马是我目前最重仓的股票，而且是准备长期持有的，虽然赚钱的速度没有我另一个组合里太钢不锈那么爽快，而且已经了结，但那也是个T失败的案例。回过头来讲神马。神马和黑猫一样是基于业务规模和基本面判断认为的一个被低估的公司，其实早期的黑猫更是这样，只是很快涨了，赚了个小钱就下车了。所以吸取黑猫的教训，神马的持仓就稳了一些，但其实在最初也是T出去过的，主要是大盘不稳吓的，好在追回来了。神马的基本面其实我们都是看得到的，但是没有基金介入，或很少，我不知道原因，但我相信自己的判断。我加大仓位是九月份，当时在一个新产品发布会上，我和一家国际轮胎公司的技术人员聊天的时候刻意询问了一下神马的产品和规模，确实如神马自己宣传的，他们的产品是国内一线产品，规模也是第一，这些坚定了我的持股信心。

神马的重组是个可有可无的题材，虽然大股东理顺关联交易是趋势，中国特色的上市公司总是和大股东有着分不清的关系，但这种关系不应该被大股东滥用来侵占上市公司的利益，随着监管的严厉，财务的透明，长远看是会得到合理解决的。

最后，本人还是坚决相信多数公司的股价是严重高估的，尤其是中小创，乐视已经是创业板的中石油，最后的结局会写入教科书的。蓝筹股和低价国企重组股是17年大盘指数不倒的支柱，在指数不倒的情况下，精心研究找找被低估的公司，或许会有一些黑马。"
涨5个点以上,"https://guba.eastmoney.com/news,600810,604405842.html",2017-02-09 10:51:05,涨5个点以上
4月14日法院开庭是真的吗？你们收到传票,"https://guba.eastmoney.com/news,600810,609560838.html",2017-02-16 20:05:15,"4月14日法院开庭是真的吗？你们收到传票了吗？ 
神马股份
神马股份：这方面的信息请关注公司披露的公告。
答复时间 2017-09-26 17:31:05"
有旱地拔葱的可能性！,"https://guba.eastmoney.com/news,600810,609555910.html",2017-02-16 19:43:42,有旱地拔葱的可能性！
你们收到法院的传票了吗？,"https://guba.eastmoney.com/news,600810,609549776.html",2017-02-16 19:15:31,你们收到法院的传票了吗？股吧里说的4月14开庭是真的吗？
2016年9月10日，河南能源集团宣布换帅，原商丘市委常委、永城市委书记马富国出,"https://guba.eastmoney.com/news,600810,609512214.html",2017-02-16 16:22:21,"2016年9月10日，河南能源集团宣布换帅，原商丘市委常委、永城市委书记马富国出任集团公司董事长、委书记；2017年1月25日，平煤股份董事刘银志辞职，现任中国平煤神马集团副总经理。
有煤炭行业分析师向记者表示，一般来说，人事调整意味着在酝酿下一步改革。今年国企改革将进入深水区，随着人事调整逐步完成，三大煤炭集团的改革也将拉开序幕。"
7毛卖的不会踏空了吧。,"https://guba.eastmoney.com/news,600810,609346565.html",2017-02-16 10:26:15,？？？？？？？？？？？？？？？？？？？？？？？？？？、、
神马：此股还有大涨劲  可补仓！,"https://guba.eastmoney.com/news,600810,583754968.html",2016-12-29 11:12:25,持股待涨，此股牛牛
今天看神马还是没有主力关注！,"https://guba.eastmoney.com/news,600810,609442331.html",2017-02-16 14:06:40,今天表现看神马是没有主力关注！还是走了，祝大家发财！
涨停已挂单，主力你自己看着办,"https://guba.eastmoney.com/news,600810,609412724.html",2017-02-16 13:11:19,涨停已挂单，主力你自己看着办
今天可以拉人下水。？,"https://guba.eastmoney.com/news,600810,609410048.html",2017-02-16 13:04:11,今天可以拉人下水。？
关于造假开庭,"https://guba.eastmoney.com/news,600810,609409676.html",2017-02-16 13:02:51,别忽悠人，请你晒晒法院的告知书，法院真受理了，请报道法院的庭审情况
快买，涨停就全给你[大笑][大笑][大笑],"https://guba.eastmoney.com/news,600810,609409129.html",2017-02-16 13:01:02,快买，涨停就全给你
下午开盘暴跌13%,"https://guba.eastmoney.com/news,600810,609392620.html",2017-02-16 11:56:12,下午开盘暴跌13%
日本人哦，大利空[哭][哭][哭][哭][哭][哭][哭][哭],"https://guba.eastmoney.com/news,600810,609397187.html",2017-02-16 12:11:17,日本人哦，大利空
快买 神马要奔50了,"https://guba.eastmoney.com/news,600810,609392313.html",2017-02-16 11:55:20,快买 神马要奔50了
为什么老是在这个位置,"https://guba.eastmoney.com/news,600810,609378154.html",2017-02-16 11:21:04,为什么老是在这个位置
奇怪了，无量涨的这么欢，开个涨停就服你,"https://guba.eastmoney.com/news,600810,609361979.html",2017-02-16 10:51:21,奇怪了，无量涨的这么欢，开个涨停就服你
今日至少5个点,"https://guba.eastmoney.com/news,600810,609343171.html",2017-02-16 10:20:54,今日至少5个点
专这节奏也太慢了吧，诱多还是出货，求大神指点！,"https://guba.eastmoney.com/news,600810,609348929.html",2017-02-16 10:29:46,专这节奏也太慢了吧，诱多还是出货，求大神指点！
小散的悲哀。,"https://guba.eastmoney.com/news,600810,609294758.html",2017-02-16 07:53:57,"我不是看很多的帖子，但神马吧里让我开了眼界。
前期有个中谦的，绝对看多，每天把自己几十个帖子顶上来，恨不得股价一飞冲天，后来据说出仓离场了，当然如果自己说的都是对的，神马还没到离场的时候，但已经走了。
近期又冒出一个辉臣的，绝对看空，不遗余力，要知道现在的股市是无法做空赚钱的，如此卖力吹空，真难为为神马投资者着想。世事无绝对，你的这番努力如果花在研究市场和低估的公司上面，也许就已经赚钱了。吧里有很多新的投资者，他们需要的是良好的土壤里慢慢培育良好的投资理念。"
今日必定涨停，立贴为证！！！！！,"https://guba.eastmoney.com/news,600810,608863167.html",2017-02-15 00:00:11,今日必定涨停，立贴为证！！！！！
无量上涨，非奸即盗，一定是干坏事。。,"https://guba.eastmoney.com/news,600810,609328450.html",2017-02-16 09:56:11,无量上涨，非奸即盗，一定是干坏事。。
今日涨停，立贴为证！,"https://guba.eastmoney.com/news,600810,609291512.html",2017-02-16 07:28:31,今日涨停，立贴为证！
加仓[大笑],"https://guba.eastmoney.com/news,600810,609316549.html",2017-02-16 09:34:38,加仓
神马变落马！,"https://guba.eastmoney.com/news,600810,609102640.html",2017-02-15 15:21:48,神马变落马！
下跌近坑底，上涨是正途,"https://guba.eastmoney.com/news,600810,609252258.html",2017-02-15 23:54:40,下跌近坑底，上涨是正途
600810:神马股份:上海神马工程塑料有限公司审计报告,"https://guba.eastmoney.com/news,600810,586502328.html",2017-01-09 16:10:36,"公告日期：2017-01-10


上海神马工程塑料有限公司2016年1-6月财务报表附注



上海神马工程塑料有限公司财务报表附注



2016年1-6月



一、企业的基本情况



（一）企业历史沿革、注册地、组织形式和总部地址。



上海神马工程塑料有限公司（以下简称“本公司”）成立于1992年，注册资



本1,500.00万元，实收资本为人民币1,500.00万元，公司注册地中国(上海)自



由贸易试验区金藏路258号2号楼，拥有6044.05平方米标准厂房的房产权。



（二）企业的业务性质和主要经营活动。



公司法定代表人为：郭峰。公司经营范围：工程塑料的科研、生产和销售，机电安装及维修装潢，工业用丝，产业用布，地毯丝，轮胎，橡胶制品，助剂类产品，电子安防产品的科研、生产、销售与安装，自有房屋租赁。



2002年，在房产出租和销售工程塑料产品业务外，公司又进行了“数字红外



线探测安全防范产品”的生产和研发，由于经营模式、产权结构、营销模式等方面存在多种问题，公司于2006年12月底停止了安防产品生产和经营。随着神马集团与平煤集团的合并重组，上海神马工程塑料有限公司于2009年8月1日起划归上海神马帘子布有限责任公司托管。



（三）母公司以及集团最终母公司的名称



本公司母公司是：中国平煤神马能源化工集团有限责任公司。



最终控制方是：河南省人民政府国有资产监督管理委员会。



所处行业：本公司属于塑料加工企业。



（四）本财务报告业经公司总经理办公会于2016年7月3日批准报出。



二、财务报表的编制基础



本公司财务报表以持续经营假设为基础，根据实际发生的交易和事项，按照财政部2006年2月15日颁布的《企业会计准则—基本准则》和41项具体会计准则、其后颁布的企业会计准则应用指南、企业会计准则解释以及其他相关规定。



三、遵循企业会计准则的声明



本公司编制的财务报表符合财政部颁布的《企业会计准则（2006年）》及



其应用指南和解释要求，真实、完整地反映了企业的财务状况、经营成果、股东 上海神马工程塑料有限公司2016年1-6月财务报表附注



权益变动和现金流量等有关信息。



四、重要会计政策和会计估计



重要会计政策的说明，包括财务报表项目的计量基础和在运用会计政策过程中所做的重要判断等。重要会计估计的说明，包括可能导致下一个会计期间内资产、负债账面价值重大调整的会计估计的确定依据等。



企业应当披露采用的重要会计政策和会计估计，并结合企业的具体实际披露其重要会计政策的确定依据和财务报表项目的计量基础，及其会计估计所采用的关键假设和不确定因素。



（一）会计期间



本公司会计年度自公历每年1月1日起至12月31日止。



（二）记账本位币



本公司采用以人民币为记账本位币。



除有特殊说明外，金额均以人民币元为单位表示。



（三）记账基础和计价原则



根据企业会计准则的相关规定，本公司会计核算以权责发生制为基础。除某些金融工具外，本财务报表均以历史成本为计量基础。资产如果发生减值，则按照相关规定计提相应的减值准备。



（四）现金及现金等价物的确定标准



在编制现金流量表时，本公司现金等价物是指持有的期限短（一般是指从购买日起3个月内到期）、流动性强、易于转换为已知金额的现金、价值变动风险很小的投资。



（五）外币业务和外币报表折算



1、外币业务



本公司外币业务在初始发生时，采用交易发生日的即期汇率将外币金额折算为记账本位币。



在资产负债表日，外币货币性项目余额采用资产负债表日即期汇率折算，因资产负债表日即期汇率与初始确认时或者前一资产负债表日即期汇率不同而产生的汇兑差额，除属于与购建符合资本化条件的资产相关的外币专门借款产生的 上海神马工程塑料有限公司2016年1-6月财务报表附注



汇兑差额按照借款费用资本化的原则处理外，均计入当期损益。以历史成本计量的外币非货币性项目，采用交易发生日的即期汇率折算，不改变其记账本位币金额。以公……
[点击查看PDF原文]
提示：本网不保证其真实性和客观性，一切有关该股的有效信息，以交易所的公告为准，敬请投资者注意风险。
展开阅读全文"
看来没救了！,"https://guba.eastmoney.com/news,600810,609086982.html",2017-02-15 14:49:23,看来没救了！
大家稳住，拿稳手中的筹码，私募机构已经发来短信，下午将会强势拉升涨停！现在只是洗,"https://guba.eastmoney.com/news,600810,608985302.html",2017-02-15 10:54:42,大家稳住，拿稳手中的筹码，私募机构已经发来短信，下午将会强势拉升涨停！现在只是洗盘，暴力洗盘！
拉大盘出小盘,"https://guba.eastmoney.com/news,600810,609062230.html",2017-02-15 14:08:13,拉大盘出小盘
狗庄真垃圾，有能耐就压下来，别吊着！,"https://guba.eastmoney.com/news,600810,609064230.html",2017-02-15 14:12:13,狗庄真垃圾，有能耐就压下来，别吊着！
发飙大涨股603186 华正新材业绩大幅提高！新股,"https://guba.eastmoney.com/news,600810,609063809.html",2017-02-15 14:11:13,兴业投资：美元维持相对强势 耶伦或助破局
3月美联储加息，要崩盘了,"https://guba.eastmoney.com/news,600810,609059477.html",2017-02-15 14:03:21,3月美联储加息，要崩盘了
什么玩意,"https://guba.eastmoney.com/news,600810,609059464.html",2017-02-15 14:03:18,什么玩意
今天转战神马！,"https://guba.eastmoney.com/news,600810,609021356.html",2017-02-15 12:30:46,今天转战神马！
全仓抄进,"https://guba.eastmoney.com/news,600810,608995006.html",2017-02-15 11:12:39,全仓抄进
老子就等你抬轿子，涨停全给你，不然打死不卖,"https://guba.eastmoney.com/news,600810,608989275.html",2017-02-15 11:01:59,老子就等你抬轿子，涨停全给你，不然打死不卖
我就看看你能把我洗出去,"https://guba.eastmoney.com/news,600810,608985207.html",2017-02-15 10:54:43,我就看看你能把我洗出去
8毛1卖的不会踏空了吧。,"https://guba.eastmoney.com/news,600810,608952515.html",2017-02-15 09:57:02,？？？？？？？？？？？？？？？？？？？？？？？？？？？？
今天崩盘,"https://guba.eastmoney.com/news,600810,608939789.html",2017-02-15 09:31:48,今天崩盘
好样的，大单猛砸,"https://guba.eastmoney.com/news,600810,608980079.html",2017-02-15 10:46:02,好样的，大单猛砸
白马何时发飙？,"https://guba.eastmoney.com/news,600810,608595772.html",2017-02-14 14:36:09,白马何时发飙？
神马股份大股东延期注资“碰壁”,"https://guba.eastmoney.com/news,600810,586030877.html",2017-01-07 02:54:05,"来源：华夏时报 
　　神马股份(600810.SH)的大股东遭遇到中小投资者的强力阻击。
　　近日，这家上市公司在上交所披露，平煤神马集团计划延迟3年再向上市公司注入尼龙化工股权的申请，未获得股东大会表决通过。
　　与此同时，公司《关于调整2016年日常关联交易的议案》亦遭否决。
　　《华夏时报》记者注意到，上一次，平煤神马集团承诺注资的最后期限为2016年底；旧的承诺未见履行，新的承诺又“胎死腹中”。
　　对于下一步的工作计划，1月3日、4日接到《华夏时报》记者来电后，神马股份相关负责人两度重申：“目前管理层正在讨论。”
　　不过，该公司的股价似乎并未受到上述事件影响。1月4日，神马股份开盘不久便封于涨停，这已是近1个月来该股收获的第三个涨停板。1月5日，神马股份股价盘中攀至12.52元新高，当日报收于11.39元。
　　延期注资申请被否
　　神马股份的这次股东大会在公司北一楼会议室举行，共有349位股东参加了会议。本次会议主要审议3项议案，其中，最受关注的莫过于大股东平煤神马集团申请变更注资承诺。
　　由于这项议案属于关联交易事项，平煤神马集团必须回避表决；结果显示，反对票数为2088.17万张，占比高达89.63%，议案被否。
　　大股东的这项议案未能获得通过，应在意料之中。
　　原来，他们打算延迟注入的尼龙化工成立于1996年12月，公司现有平煤神马集团、神马股份两位股东，双方的持股比例分别为51%、49%。
　　这家公司主要生产尼龙66盐，拥有着较为完整的产业链，产能约为30万吨/年。
　　“尼龙66盐用于生产尼龙纤维、工程塑料，所以，他们其实位于神马股份的上游，掌握着神马股份的命脉。”悟空投资化工研究员蔡晓生指出。
　　2010年5月，平煤神马集团吸收合并神马集团、平煤集团时，在《收购报告书》中，该集团便透露将向上市公司注入尼龙化工，以便使神马股份构建完整的尼龙产业链。
　　次年3月，上市公司为此还曾停过牌，5月推出过重组方案。然而，由于收购标的部分土地、房屋产权存在瑕疵，经营业绩也出现比较大的下滑；当年11月，本次重组宣告失败，注资时间被迫推迟至2014年。
　　2014年10月，平煤神马集团又以“尼龙化工历史遗留问题较多”为由，再度申请将注资时间延迟两年。当年11月，他们的这项申请在股东会上侥幸闯关，反对票比例就已达到23.96%。
　　蔡晓生透露，“那次股东会的参会人数是192人，其中通过网络投票的有186人，人数较少。这次就不一样了，投资者表现踊跃，也很齐心。当然，关键还在于大股东再一次违背了他们许下的承诺。”
　　平煤神马集团未能践诺，依旧给出了理由。
　　2016年8月，平顶山市政府办公室曾下发《平顶山市大气污染防治攻坚战7个实施方案的通知》，尼龙化工现有4台锅炉被列入整改范围，需要升级改造，以达到相关排放标准要求。
　　另外，该公司还存在与相邻企业防火间距不足的问题，这将影响安全生产许可证到期的换证工作，以及KA油品质提升技术改造、笑气等两个项目的验收。
　　关联交易议案一并“撂倒”
　　否决了大股东的延期注资申请后，股东会上，投资者还将神马股份的《关于调整2016年日常关联交易的议案》一并“撂倒”。
　　这项议案同样涉及关联交易事项，平煤神马集团也要回避表决；结果显示，反对票数为1397.66万张，占比为59.99%。
　　蔡晓生认为：“神马股份与大股东平煤神马集团之间每年都会存在一定的关联采购、销售。年初，上市公司会对这项金额进行估算，实际生产中若有超出，便要进行追加，但须股东大会审核通过。这种关联交易是历史形成的，短期内改变不了，投资者把议案否决，会对上市公司的生产经营构成影响。”
　　神马股份将议案提交股东会审核亦是遵循监管要求。
　　2014年这家上市公司曾预计，当年公司与大股东之间的日常关联交易金额为29.8亿元，实际发生金额却为33.92亿元。
　　对于超出预计的部分，公司未及时履行董事会、股东大会审议决策程序，违反了《上市公司信息披露管理办法》第48条规定。2015年12月，神马股份因此接到了河南证监局的《行政监管措施决定书》。
　　在与大股东平煤神马集团的这场对决中，中小投资者大获全胜，二级市场里，他们似乎亦小有斩获。1月4日，该股俨然复制了2016年12月16日、28日的走势，开盘不久便封于涨停。
　　神马股份的股价表现强劲，倒也不算奇怪。
　　《华夏时报》记者注意到，2014年平煤神马集团申请延期注资前，他们其实还曾申请过豁免注资；只是，这项申请在2014年6月举行的股东大会上遭到否决。
　　迫于无奈，平煤神马集团随后做出让步，决定先行向上市公司注入神马工塑51%的股权，以换取延期注入尼龙化工股权事项过会。
　　“现如今，他们的申请又一次被否决，投资者自然是憧憬大股东会再度让步。” 蔡晓生解释，“这项收购会不会重新提上议程，应该很快就有答案” .
　　2016年12月14日，神马股份宣布终止筹划享有尼龙化工10%的净损益时，确实曾预告一个月内不会重启，也就是说，截止日期为2017年1月14日。
（来源：华夏时报 2017-01-07 02:10） [点击查看原文]
展开阅读全文"
必须涨停,"https://guba.eastmoney.com/news,600810,608954431.html",2017-02-15 10:00:22,必须涨停
有技术支撑怕什么,"https://guba.eastmoney.com/news,600810,608940275.html",2017-02-15 09:33:01,有技术支撑怕什么
不站稳11基本没什么搞头,"https://guba.eastmoney.com/news,600810,608939839.html",2017-02-15 09:31:57,不站稳11基本没什么搞头
