标题,链接,发布时间,内容
公共卫生是未来最大利好领域。惠达卫浴今年看30,"https://guba.eastmoney.com/news,603385,901310443.html",2020-02-04 21:28:32,公共卫生是未来最大利好领域。惠达卫浴今年看30
明天开始涨停板反弹！,"https://guba.eastmoney.com/news,603385,901306899.html",2020-02-04 21:04:39,明天开始涨停板反弹！
这票明天怎么走势呢？是红盘还是继续震荡！,"https://guba.eastmoney.com/news,603385,901302991.html",2020-02-04 20:37:44,这票明天怎么走势呢？是红盘还是继续震荡！
能不能给点力呢？半死不活的,"https://guba.eastmoney.com/news,603385,901225629.html",2020-02-04 14:16:48,能不能给点力呢？半死不活的
9.6五千手压个鬼的压,"https://guba.eastmoney.com/news,603385,901217228.html",2020-02-04 14:03:25,"9.6
五千手压个鬼的压"
9.6五千手压个鬼的压,"https://guba.eastmoney.com/news,603385,901217195.html",2020-02-04 14:03:48,"9.6
五千手压个鬼的压"
主力真棒，，就是不给你红,"https://guba.eastmoney.com/news,603385,901214225.html",2020-02-04 13:58:47,主力真棒，，就是不给你红
只有狗鸡精和小游资都跑了，惠达才能真正拉升的春天。,"https://guba.eastmoney.com/news,603385,901205931.html",2020-02-04 13:45:31,只有狗鸡精和小游资都跑了，惠达才能真正拉升的春天。
防病毒，别忘了惠达有全自动免接触红外感应的洗手器以及智能马桶！,"https://guba.eastmoney.com/news,603385,901158456.html",2020-02-04 11:18:32,我看好后市的这概念
都耐心点，洗盘不彻底的股票都涨不了。洗干净了浮筹才能成腰鼓。,"https://guba.eastmoney.com/news,603385,901181789.html",2020-02-04 12:53:21,都耐心点，洗盘不彻底的股票都涨不了。洗干净了浮筹才能成腰鼓。
干到9块，明天可能还要再跌,"https://guba.eastmoney.com/news,603385,901164819.html",2020-02-04 11:29:41,干到9块，明天可能还要再跌
这成交天量了，主力庄家割肉跑路了！666,"https://guba.eastmoney.com/news,603385,901164897.html",2020-02-04 11:29:51,挂200手跌停，看能不能成交！
有狗比压盘不让涨[大笑],"https://guba.eastmoney.com/news,603385,901135376.html",2020-02-04 10:41:57,有狗比压盘不让涨
这次震盘很彻底，把鸡精小游资都震跑了。这样庄控盘高到27元解套有希望,"https://guba.eastmoney.com/news,603385,901128360.html",2020-02-04 10:31:02,这次震盘很彻底，把鸡精小游资都震跑了。这样庄控盘高到27元解套有希望
有不有庄家借势压盘吃货,"https://guba.eastmoney.com/news,603385,901113855.html",2020-02-04 10:10:47,
如果不是鸡精就是小游资走了。,"https://guba.eastmoney.com/news,603385,901112178.html",2020-02-04 10:08:32,
这么多大单，可能鸡精在抛,"https://guba.eastmoney.com/news,603385,901108530.html",2020-02-04 10:03:15,
这都放了天量了，依然打压不下去这帮看空的，可见其有多么的恐慌尿裤浑身打颤翻白眼吐,"https://guba.eastmoney.com/news,603385,901091314.html",2020-02-04 09:42:26,这都放了天量了，依然打压不下去这帮看空的，可见其有多么的恐慌尿裤浑身打颤翻白眼吐白沫
驴庄打穿自己的底,"https://guba.eastmoney.com/news,603385,901088289.html",2020-02-04 09:38:28,
跌起来没有任何底线，跟不要脸似的,"https://guba.eastmoney.com/news,603385,901081807.html",2020-02-04 09:28:51,跌起来没有任何底线，跟不要脸似的
今天会低开高走,"https://guba.eastmoney.com/news,603385,901080898.html",2020-02-04 09:27:02,今天会低开高走
今天的盘面充分说明了中国这个市场还要很长的路要走天台跳楼价天台没有位子！股票持有,"https://guba.eastmoney.com/news,603385,901044835.html",2020-02-03 23:51:58,今天的盘面充分说明了 中国这个市场还要很长的路要走 天台跳楼价 天台没有位子 ！股票持有的意义在于赚公司成长的钱，太多人追涨杀跌 然后回头骂 抱怨！惠达 典型的成长股 各方面都不错 这一次下跌在我看来就是买入良机 持有一年必定跑赢大盘。这一刻我相信很多持有的人很痛苦 我更相信 你卖了以后会更痛苦！信奉价值投资，有危才有机。资本市场是最聪明 也是最无情的 要想赢 绝对不是跑的快 也不会是追高追的快，而是一群愿意和公司成长 愿意相信公司的人
明天跌停一定买进,"https://guba.eastmoney.com/news,603385,901030880.html",2020-02-03 21:59:02,明天跌停一定买进
买惠达，价值投资，成功的可能很大。,"https://guba.eastmoney.com/news,603385,897341767.html",2020-01-09 20:04:00,买惠达，价值投资，成功的可能很大。
疫情过后，公共卫生是最有前途的股票。,"https://guba.eastmoney.com/news,603385,900909388.html",2020-02-03 12:37:28,疫情过后，公共卫生是最有前途的股票。
走不了，怎么办,"https://guba.eastmoney.com/news,603385,900844338.html",2020-02-03 10:14:10,走不了，怎么办
遇到这种大事件，庄也是借机震盘。赖的去看了。,"https://guba.eastmoney.com/news,603385,900841059.html",2020-02-03 10:10:16,遇到这种大事件，庄也是借机震盘。赖的去看了。
又要破净资产了，此股唯一的机会是送转股，靠分红不会有机构参与的。,"https://guba.eastmoney.com/news,603385,900838056.html",2020-02-03 10:07:04,又要破净资产了，此股唯一的机会是送转股，靠分红不会有机构参与的。
先买两成，下午说不定要开板,"https://guba.eastmoney.com/news,603385,900837678.html",2020-02-03 10:06:22,先买两成，下午说不定要开板
我也挂点单，压到3万手！哈哈,"https://guba.eastmoney.com/news,603385,900834117.html",2020-02-03 10:02:57,666
呵呵，主力还加单压盘，看来想更低位吃货了。,"https://guba.eastmoney.com/news,603385,900812106.html",2020-02-03 09:41:42,今天不能买！
利害了，，2万手挂单！,"https://guba.eastmoney.com/news,603385,900806681.html",2020-02-03 09:36:50,666
完蛋了,"https://guba.eastmoney.com/news,603385,900797128.html",2020-02-03 09:27:27,完蛋了
疫起战斗！惠达卫浴196小时火神山战地日记惠达卫浴今天“天天都到一两点。早上四五,"https://guba.eastmoney.com/news,603385,900743998.html",2020-02-02 18:34:20,"疫起战斗！惠达卫浴196小时火神山战地日记
惠达卫浴今天

“天天都到一两点。早上四五点，工地上一个电话，马上就赶过去！”
“不辛苦，辛苦啥啊。只要能搞定（疫情），怎么都值得。咱们惠达人，不会让大家失望的！”火神山工地上，带领惠达湖北志愿队忙碌了七天七夜的南冬云如是说！


大年初二日夜兼程24小时
首批5931件卫浴成功抵鄂
疫情来势汹汹，自武汉出现新型冠状病毒引起的肺炎疫情以来，整个中国都被牵动。被封困湖北家中的南冬云，1月23日，看到武汉筹备兴建火神山医院的消息后，再也坐不住，开始多方联系，希望自己惠达卫浴分销处负责人的身份，能够多少为武汉疫情防控工作提供一些帮助。
据了解，武汉火神山医院，1月23日下午筹备兴建，2月3日起投入使用！可容纳1000张床位，一直24小时不间断地紧张施工中。
满腔热情的南冬云，迅速对接武汉火神山医院，了解到医院急需大量的卫浴产品。这不是个人就能可以解决的，同时时间就是生命！所需物资必须迅速送达施工现场！
南冬云火速上报惠达卫浴总公司，总裁王彦庆第一时间表态：“全力支援武汉火神山医院施工建设！与病毒抢时间，早日建成医院，和全国人民一道，打赢这场疫情防控工作！”

1月25日大年初一13：20，惠达卫浴第一时间成立项目支援工作组，系卫浴行业首家响应党和国家疫情防控工作号召的，紧急部署捐赠支援工作！
1月26日上午9：00，惠达各部门紧急召回工作人员，积极调配产品物资，联系物流车辆，驰援武汉火神山医院！
1月26日下午2点，惠达卫浴捐赠的共计5931件首批卫浴产品成功发出，包含惠达坐便器、洗面盆、感应式免接触水龙头、蹲便器等，均为火神山医院建设的亟需物资！
1月27日下午2点，24小时日夜兼程，惠达捐赠物资顺利抵达武汉蔡甸区, 惠达成为捐赠物资首家抵达武汉的卫浴企业！

根据项目方安排，还需要等待一天一夜才能运到火神山施工现场。这场与时间赛跑的救援战中，惠达始终跑在前面！1月28日，南冬云带领湖北惠达志愿队，亲自开车送往工地，惠达物资成功送达火神山医院建设现场！

枕戈待旦七天七夜
惠达湖北凌晨指导安装
火神山医院的建设不同以往，一边搭建，一边就得安装卫浴产品。病房搭建完成具备卫浴产品安装条件后，便需要第一时间安装。毕竟，时间就是生命！但，这也给现场安装提出了两个难题：一是卸货难，二是安装难。
“我们得根据施工进度和要求，规定时间内，把产品精准地放到对应施工的卫生间中。“南冬云说，这活儿其实一点都不轻松。
南冬云亲自驱动叉车“小红”，保证物资精准送达
因为工地24小时2班倒不间断施工，得有人时刻盯着放置产品；同时，特殊时期，建筑工人多数是就近招募或者四面八方的志愿者，大多数都没有成熟的卫浴产品安装技术。这也就意味着，包括每个施工卫生间的卫浴产品装卸和分配，以及安装工作，都得需要惠达湖北志愿队员们现场指导。
”天天跟打仗似的，二十四小时的搞。夜里两点多也会打电话，早上五六点，接到电话就赶过去。“南冬云带领的惠达湖北志愿队，一天到晚连轴转，有时候根本就顾不上吃饭。
施工现场热火朝天，越是艰难险阻，惠达湖北志愿队越是众志成城！
他们亲自驱动叉车“小红”，分批次把惠达物资高效运送到合适的工地上；
他们手把手指导建筑工人安装，一个电话，半夜两点也会出现在最需要的工地上！
他们紧急联系空运，将临时短缺的配件火速补上，保证不影响工程进度，保证不拖累火神山医院正常封顶！
他们满腔激情，心里只有一个信念：一定要高速精准完成卸载和安装任务，保障武汉火神山医院项目及早交付投用，为抗击疫情出力！
毕竟，早一分将医院建成，就能早一分遏制疫情蔓延！
与时间赛跑，就是与死神抢夺患者生与康复的希望！
惠达湖北志愿队连夜指导安装
1月30日，惠达首批共计5931件卫浴产品，全部精准送达各施工卫生间，所负责的每个施工卫生间都含有立柱盆、马桶、感应式龙头、淋浴花洒、地漏等整套卫浴产品。


1月30日到2月2日，惠达湖北志愿队指导现场工人抢装，保障高质高速地完成建设并投入使用！

凌晨00:30急征物资
惠达抢装重病卫生间
疫情就是命令，现场就是战场！
在火神山医院建设这场验意志和信心的硬仗中，
随时都有可能出现突发状况！

1月31日凌晨00:30，惠达湖北志愿队接到紧急任务，要火速支援火神山医院重病卫生间的卫浴产品。
由于1月31日白天医院就要完成封顶工作，这就意味着，惠达必须在封顶之前将卫浴产品装卸并指导安装到位！
给惠达调配物资余留的时间只有十几个小时！
从惠达唐山总部紧急调配，显然来不及！

惠达卫浴总部得知消息后当机立断，安排惠达湖北志愿队直接从湖北经销商仓库紧急调货！
同时，惠达卫浴为满足重病卫生间的要求，候补物资中重点为火神山医院补充了几百套更卫生、更具高科技含量的感应式水龙头和智能类卫浴。
惠达紧急候补的智能类卫浴产品抵达火神山
惠达卫浴紧急调配的HDE3008T智能马桶，技术性能完全不逊色国际产品，不仅具备智能清洗、紫外线杀菌等清洁功能，而且具备脚踢冲水、感应翻盖等便捷功能，无需动手就可以完成卫生清洁，可以有效避免交叉感染，对被隔离的病人和医护人员的健康更有帮助。
1月31日，火神山医院顺利完成封顶！
2月2日还在火神山医院忙碌的南冬云说：“这边搞定了，我们马上转战雷神山！那边施工会晚一些，我们之前送去了一些物资（到雷神山）。这边结束，我们立马就能无缝衔接！全国人民都看着呢，我们不会让大家失望的！“

舍小家，为大家！
向奋斗前线的所有英雄们致敬！
这是一场没有硝烟的全民战“疫“！
惠达全体成员“疫”起战斗，有令必“达”！
惠达卫浴捐赠物资，湖北志愿队在现场日夜施工；
惠达服务中心保持24小时远程服务，尽心让用户放宽心；
惠达住工紧急复工生产，配合各地临建医院，
紧张安装，随时迎战！
惠达海外各分公司，协助政府
从马来西亚、土耳其、新西兰采购医疗物资!
“万众一心，共克时坚！
我们坚信，在这场全民战'疫'中，
大家万众一心，一定能够重获一片净土!”
——惠达卫浴总裁王彦庆
展开阅读全文"
这股要解禁了，大利好。。。。,"https://guba.eastmoney.com/news,603385,900747112.html",2020-02-02 19:17:21,这股要解禁了，大利好。。。。
这样的企业如果得不到机构资金的认可，这就是大A的悲哀，公共卫生领域的龙头，智能杀,"https://guba.eastmoney.com/news,603385,900759898.html",2020-02-02 22:09:57,这样的企业如果得不到机构资金的认可，这就是大A的悲哀，公共卫生领域的龙头，智能杀菌的卫生洁具，得到国家的认可，金子会发光的，加油惠达！加油武汉！加油中国！
牛了，马桶有紫外线消毒功能，哈哈，大利好,"https://guba.eastmoney.com/news,603385,900753967.html",2020-02-02 20:50:37,牛了，马桶有紫外线消毒功能，哈哈，大利好
疫起战斗！惠达卫浴196小时火神山战地日记惠达卫浴今天“天天都到一两点。早上四五,"https://guba.eastmoney.com/news,603385,900745494.html",2020-02-02 18:54:16,"疫起战斗！惠达卫浴196小时火神山战地日记
惠达卫浴今天

“天天都到一两点。早上四五点，工地上一个电话，马上就赶过去！”
“不辛苦，辛苦啥啊。只要能搞定（疫情），怎么都值得。咱们惠达人，不会让大家失望的！”火神山工地上，带领惠达湖北志愿队忙碌了七天七夜的南冬云如是说！


大年初二日夜兼程24小时
首批5931件卫浴成功抵鄂
疫情来势汹汹，自武汉出现新型冠状病毒引起的肺炎疫情以来，整个中国都被牵动。被封困湖北家中的南冬云，1月23日，看到武汉筹备兴建火神山医院的消息后，再也坐不住，开始多方联系，希望自己惠达卫浴分销处负责人的身份，能够多少为武汉疫情防控工作提供一些帮助。
据了解，武汉火神山医院，1月23日下午筹备兴建，2月3日起投入使用！可容纳1000张床位，一直24小时不间断地紧张施工中。
满腔热情的南冬云，迅速对接武汉火神山医院，了解到医院急需大量的卫浴产品。这不是个人就能可以解决的，同时时间就是生命！所需物资必须迅速送达施工现场！
南冬云火速上报惠达卫浴总公司，总裁王彦庆第一时间表态：“全力支援武汉火神山医院施工建设！与病毒抢时间，早日建成医院，和全国人民一道，打赢这场疫情防控工作！”

1月25日大年初一13：20，惠达卫浴第一时间成立项目支援工作组，系卫浴行业首家响应党和国家疫情防控工作号召的，紧急部署捐赠支援工作！
1月26日上午9：00，惠达各部门紧急召回工作人员，积极调配产品物资，联系物流车辆，驰援武汉火神山医院！
1月26日下午2点，惠达卫浴捐赠的共计5931件首批卫浴产品成功发出，包含惠达坐便器、洗面盆、感应式免接触水龙头、蹲便器等，均为火神山医院建设的亟需物资！
1月27日下午2点，24小时日夜兼程，惠达捐赠物资顺利抵达武汉蔡甸区, 惠达成为捐赠物资首家抵达武汉的卫浴企业！

根据项目方安排，还需要等待一天一夜才能运到火神山施工现场。这场与时间赛跑的救援战中，惠达始终跑在前面！1月28日，南冬云带领湖北惠达志愿队，亲自开车送往工地，惠达物资成功送达火神山医院建设现场！

枕戈待旦七天七夜
惠达湖北凌晨指导安装
火神山医院的建设不同以往，一边搭建，一边就得安装卫浴产品。病房搭建完成具备卫浴产品安装条件后，便需要第一时间安装。毕竟，时间就是生命！但，这也给现场安装提出了两个难题：一是卸货难，二是安装难。
“我们得根据施工进度和要求，规定时间内，把产品精准地放到对应施工的卫生间中。“南冬云说，这活儿其实一点都不轻松。
南冬云亲自驱动叉车“小红”，保证物资精准送达
因为工地24小时2班倒不间断施工，得有人时刻盯着放置产品；同时，特殊时期，建筑工人多数是就近招募或者四面八方的志愿者，大多数都没有成熟的卫浴产品安装技术。这也就意味着，包括每个施工卫生间的卫浴产品装卸和分配，以及安装工作，都得需要惠达湖北志愿队员们现场指导。
”天天跟打仗似的，二十四小时的搞。夜里两点多也会打电话，早上五六点，接到电话就赶过去。“南冬云带领的惠达湖北志愿队，一天到晚连轴转，有时候根本就顾不上吃饭。
施工现场热火朝天，越是艰难险阻，惠达湖北志愿队越是众志成城！
他们亲自驱动叉车“小红”，分批次把惠达物资高效运送到合适的工地上；
他们手把手指导建筑工人安装，一个电话，半夜两点也会出现在最需要的工地上！
他们紧急联系空运，将临时短缺的配件火速补上，保证不影响工程进度，保证不拖累火神山医院正常封顶！
他们满腔激情，心里只有一个信念：一定要高速精准完成卸载和安装任务，保障武汉火神山医院项目及早交付投用，为抗击疫情出力！
毕竟，早一分将医院建成，就能早一分遏制疫情蔓延！
与时间赛跑，就是与死神抢夺患者生与康复的希望！
惠达湖北志愿队连夜指导安装
1月30日，惠达首批共计5931件卫浴产品，全部精准送达各施工卫生间，所负责的每个施工卫生间都含有立柱盆、马桶、感应式龙头、淋浴花洒、地漏等整套卫浴产品。


1月30日到2月2日，惠达湖北志愿队指导现场工人抢装，保障高质高速地完成建设并投入使用！

凌晨00:30急征物资
惠达抢装重病卫生间
疫情就是命令，现场就是战场！
在火神山医院建设这场验意志和信心的硬仗中，
随时都有可能出现突发状况！

1月31日凌晨00:30，惠达湖北志愿队接到紧急任务，要火速支援火神山医院重病卫生间的卫浴产品。
由于1月31日白天医院就要完成封顶工作，这就意味着，惠达必须在封顶之前将卫浴产品装卸并指导安装到位！
给惠达调配物资余留的时间只有十几个小时！
从惠达唐山总部紧急调配，显然来不及！

惠达卫浴总部得知消息后当机立断，安排惠达湖北志愿队直接从湖北经销商仓库紧急调货！
同时，惠达卫浴为满足重病卫生间的要求，候补物资中重点为火神山医院补充了几百套更卫生、更具高科技含量的感应式水龙头和智能类卫浴。
惠达紧急候补的智能类卫浴产品抵达火神山
惠达卫浴紧急调配的HDE3008T智能马桶，技术性能完全不逊色国际产品，不仅具备智能清洗、紫外线杀菌等清洁功能，而且具备脚踢冲水、感应翻盖等便捷功能，无需动手就可以完成卫生清洁，可以有效避免交叉感染，对被隔离的病人和医护人员的健康更有帮助。
1月31日，火神山医院顺利完成封顶！
2月2日还在火神山医院忙碌的南冬云说：“这边搞定了，我们马上转战雷神山！那边施工会晚一些，我们之前送去了一些物资（到雷神山）。这边结束，我们立马就能无缝衔接！全国人民都看着呢，我们不会让大家失望的！“

舍小家，为大家！
向奋斗前线的所有英雄们致敬！
这是一场没有硝烟的全民战“疫“！
惠达全体成员“疫”起战斗，有令必“达”！
惠达卫浴捐赠物资，湖北志愿队在现场日夜施工；
惠达服务中心保持24小时远程服务，尽心让用户放宽心；
惠达住工紧急复工生产，配合各地临建医院，
紧张安装，随时迎战！
惠达海外各分公司，协助政府
从马来西亚、土耳其、新西兰采购医疗物资!
“万众一心，共克时坚！
我们坚信，在这场全民战'疫'中，
大家万众一心，一定能够重获一片净土!”
——惠达卫浴总裁王彦庆
展开阅读全文"
智能马桶灭菌洁具时代来临【美国首例新冠患者粪便检出病毒，提示新潜在感染路径】尽管,"https://guba.eastmoney.com/news,603385,900750224.html",2020-02-02 19:59:58,惠达卫浴紧急调配的HDE3008T智能马桶，技术性能完全不逊色国际产品，不仅具备智能清洗、紫外线杀菌等清洁功能，而且具备脚踢冲水、感应翻盖等便捷功能，无需动手就可以完成卫生清洁，可以有效避免交叉感染，对被隔离的病人和医护人员的健康更有帮助。这个是重点！
一次疫情造成的损失、恐慌、不可预见的后果！！！远远远远大于一次9级大地震。通过2,"https://guba.eastmoney.com/news,603385,900740147.html",2020-02-02 17:38:29,一次疫情造成的损失、恐慌、不可预见的后果！！！远远远远大于一次9级大地震。 通过2003年非典以及今年新型冠状病毒肺炎，告诉人们，预防永远好于亡羊补牢。我想，国家一定会在比较短时间内出台史上最严格立法法规和相关政策。一是食品安全，二是公共卫生，三是个人和家庭卫生。其实，欧美发达国家几十年前就把这几个问题解决了。中国目前有2.5亿个家庭在城市居住。如果绝大多数家庭更换智能马桶，感应水龙头，有灭菌功效洁具。按一家一万元计算，就是2万多亿市场。对中国卫浴企业是非常非常大利好和机遇，同时也是对中国卫生洁具企业的挑战。
没暴涨的股不会暴跌，旅游酒店跌停板无疑,"https://guba.eastmoney.com/news,603385,900738197.html",2020-02-02 17:09:26,没暴涨的股不会暴跌，旅游酒店跌停板无疑
唱空的肯定空仓，想低位进货。唱多的肯定重仓，想拉升出货！[大笑][大笑][大笑],"https://guba.eastmoney.com/news,603385,900737391.html",2020-02-02 16:57:02,唱空的肯定空仓，想低位进货。唱多的肯定重仓，想拉升出货！
估计周一开盘跌停，病毒有可能通过粪便传播，今后再没人敢用马桶了，除非惠达有自动消,"https://guba.eastmoney.com/news,603385,900736277.html",2020-02-02 16:39:25,估计周一开盘跌停，病毒有可能通过粪便传播，今后再没人敢用马桶了，除非惠达有自动消毒灭杀病毒的新型智能马桶发布。。。
智能马桶，卫生洁具肯定起一波了，公共卫生太重要了,"https://guba.eastmoney.com/news,603385,900735827.html",2020-02-02 16:32:30,智能马桶，卫生洁具肯定起一波了，公共卫生太重要了
惠达业绩优良，加上主力已经入驻，底部不断抬高，可以起飞了！,"https://guba.eastmoney.com/news,603385,900731225.html",2020-02-02 15:21:47,惠达业绩优良，加上主力已经入驻，底部不断抬高，可以起飞了！
想问问惠达卫浴生产的马桶是不是能杀毒？有谁知道吗？,"https://guba.eastmoney.com/news,603385,900715510.html",2020-02-02 10:37:19,想问问惠达卫浴生产的马桶是不是能杀毒？有谁知道吗？
智能马桶灭菌，卫生洁具，免触碰水龙头，必将迎来一大波炒作。龙头惠达卫浴！,"https://guba.eastmoney.com/news,603385,900718057.html",2020-02-02 11:23:02,智能马桶灭菌，卫生洁具，免触碰水龙头，必将迎来一大波炒作。龙头惠达卫浴！
深圳市三院在确诊患者粪便中检测出病毒RNA阳性，提示有粪口传播可能性深圳晚报28,"https://guba.eastmoney.com/news,603385,900698992.html",2020-02-01 22:48:57,"深圳市三院在确诊患者粪便中检测出病毒RNA阳性，提示有粪口传播可能性


深圳晚报
28分钟前 《深圳晚报》官方账号
2 月 1 日，深圳市第三人民医院透露，该院肝病研究所研究发现，在某些新型冠状病毒感染的肺炎确诊患者的粪便中检测出 2019-nCoV 核酸（新型冠状病毒）阳性，很有可能提示粪便中有活病毒存在。
第三人民医院研究人员表示，目前研究人员正在做进一步分离病毒的研究。提醒广大市民，戴口罩的同时，要勤洗手，注意个人卫生。
深圳晚报记者 周倩 通讯员 深三院"
跌停板我买三成[微笑],"https://guba.eastmoney.com/news,603385,900698070.html",2020-02-01 22:27:34,跌停板我买三成
智能马桶灭菌洁具时代来临【美国首例新冠患者粪便检出病毒，提示新潜在感染路径】尽管,"https://guba.eastmoney.com/news,603385,900692459.html",2020-02-01 20:26:10,智能马桶灭菌洁具时代来临【美国首例新冠患者粪便检出病毒，提示新潜在感染路径】尽管新冠病毒是否可以通过粪口传播或食物传播尚无定论，但病毒在呼吸道外的潜在影响值得关注，新的研究信息可能对我们设置预防新冠病毒感染的健康政策产生重大影响。对普通民众而言，也提供了重要的防护预警：除了佩戴口罩之外，免触碰洗手、非常重要！
感觉90%跌停封死,"https://guba.eastmoney.com/news,603385,900690522.html",2020-02-01 19:43:02,感觉90%跌停封死
麻烦问问各位，周一此股有暴跌的可能性吧,"https://guba.eastmoney.com/news,603385,900680134.html",2020-02-01 15:47:43,麻烦问问各位，周一此股有暴跌的可能性吧
下跌敢不敢买,"https://guba.eastmoney.com/news,603385,900676169.html",2020-02-01 14:25:04,下跌敢不敢买
暴跌就买三成仓位,"https://guba.eastmoney.com/news,603385,900671187.html",2020-02-01 12:41:50,暴跌就买三成仓位
通过2003年非典以及今年新型冠状病毒肺炎，国家一定会在比较短时间内出台史上最严,"https://guba.eastmoney.com/news,603385,900669158.html",2020-02-01 12:00:00,通过2003年非典以及今年新型冠状病毒肺炎，国家一定会在比较短时间内出台史上最严格立法法规和相关政策。一是食品安全，二是公共卫生，三是个人和家庭卫生。其实，欧美发达国家几十年前就把这几个问题解决了。中国目前有2.5亿个家庭在城市居住。如何按一半家庭更换智能马桶，感应水龙头，有灭菌功效洁具。按一家一万元计算，就是1.25万亿市场。对中国卫浴企业是非常非常大利好。特别是龙头企业。
周一，看空者卖，看好者买，卫生洁具龙头惠达。会让你有意想不到的惊喜！,"https://guba.eastmoney.com/news,603385,900668191.html",2020-02-01 11:38:49,周一，看空者卖，看好者买，卫生洁具龙头惠达。会让你有意想不到的惊喜！
惠达卫浴没暴涨也不会暴跌,"https://guba.eastmoney.com/news,603385,900665181.html",2020-02-01 10:41:37,惠达卫浴没暴涨也不会暴跌
中国目前有2.5亿个家庭在城市居住。如何按一半家庭更换智能马桶，感应水龙头，灭菌,"https://guba.eastmoney.com/news,603385,900624036.html",2020-01-31 16:43:51,中国目前有2.5亿个家庭在城市居住。如何按一半家庭更换智能马桶，感应水龙头，灭菌洁具。按一家一万元计算，就是1.25万亿市场。对中国卫浴企业是非常非常大利好。特别是龙头企业。
所有公共地方必须更换，免触碰水龙头。[大笑],"https://guba.eastmoney.com/news,603385,900609510.html",2020-01-31 11:33:36,所有公共地方必须更换，免触碰水龙头。
这次疫情对中国经济影响非常非常有限，并且是非常短暂的。疫情过后，国家投资会加大，,"https://guba.eastmoney.com/news,603385,900607982.html",2020-01-31 11:04:55,这次疫情对中国经济影响非常非常有限，并且是非常短暂的。疫情过后，国家投资会加大，税收部分减免，贷款利率下调，民生工程投资加大，食品安全，环境卫生，公共卫生投入加大，相关立法法规出台，，，，，，等等等等，，，，中国经济下半年会较大幅上涨。防疫情，稳经济是中国稳定之首。
周一暴跌，无悬念,"https://guba.eastmoney.com/news,603385,900536837.html",2020-01-29 23:41:42,周一暴跌，无悬念
惠达卫浴捐赠200万元物资驰援武汉,"https://guba.eastmoney.com/news,603385,900511864.html",2020-01-29 12:15:35,"来源：证券时报网
　　 1月26日，一辆装载着卫生洁具、五金配件等大量建筑物资的物流车从惠达卫浴股份有限公司出发，这批价值200万元的物资将发往武汉，驰援武汉火神山医院建设。

（文章来源：证券时报网） [点击查看原文]
#热点追踪#"
还会回到十元吗？,"https://guba.eastmoney.com/news,603385,900512604.html",2020-01-29 12:39:32,还会回到十元吗？
武汉疫情，卫生浴具属利好行业。龙头惠达卫浴！,"https://guba.eastmoney.com/news,603385,900481321.html",2020-01-28 19:11:39,"惠达卫浴


　　惠达卫浴武汉分销处与在建武汉火神山医院对接后了解到，目前该医院急需洗脸盆、浴室花洒、陶瓷坐便等卫生洁具及五金配件等物资。为此，惠达卫浴总公司快速决议捐赠行动并积极调配产品资源，联系物流车辆。据悉，捐赠物资物流车将于1月27日抵达武汉。通过此次疫情，公众的卫生意识必将大幅改观，对于卫浴产品的需求肯定也会大幅升级，智能马桶，免接触龙头，淋浴等产品肯定会需求暴增！这是国民卫生意识的深刻质变，也是智能卫浴产品时代的真正来临。"
昨晚美股华住酒店不跌反涨，华住酒店，本应该是这次肺炎疫情的影响大户，但为何外资没,"https://guba.eastmoney.com/news,603385,900462590.html",2020-01-28 10:05:13,昨晚美股华住酒店不跌反涨，华住酒店，本应该是这次肺炎疫情的影响大户，但为何外资没有大看空？华住集团旗下酒店包括：汉庭、桔子水晶、全季、星程、宜必思等品牌。资料显示，目前，华住酒店集团在中国超过280个城市里已经拥有2000多家自有酒店和40000多名员工。
昨晚美股开盘携程只跌了一个点哈哈哈，怕个屁,"https://guba.eastmoney.com/news,603385,900461861.html",2020-01-28 09:39:29,昨晚美股开盘携程只跌了一个点哈哈哈，怕个屁
武汉疫情，卫生浴具行业将迎来巨大炒作空间。惠达卫浴，第一时间向疫区医院送去，，，,"https://guba.eastmoney.com/news,603385,900442211.html",2020-01-27 20:15:39,武汉疫情，卫生浴具行业将迎来巨大炒作空间。惠达卫浴，第一时间向疫区医院送去，，，
火线驰援！唐山惠达卫浴全力支援武汉火神山医院建设！唐山印象01-2619:48关,"https://guba.eastmoney.com/news,603385,900413144.html",2020-01-27 05:04:51,"火线驰援！唐山惠达卫浴全力支援武汉火神山医院建设！
唐山印象
01-26 19:48
关注
目前，武汉市发生的新型冠状病毒感染的肺炎疫情防控形势严峻，牵动着全国人民的心。一方有难，八方支援！为支援新型肺炎防控工作，惠达卫浴支援武汉火神山医院建设用的卫浴产品于26日从唐山惠达卫浴总部出发，将于27日抵达武汉火神山医院施工现场。
""
目前，武汉市正在新建的火神山医院将专门用于集中收治新型冠状病毒感染的肺炎患者，对于当前的疫情防控工作具有重要的影响。在得知医院建设中的相关需求后，惠达卫浴第一时间成立项目支援工作组，调集所需产品物资，火速驰援火神山医院的建设。本次惠达卫浴支援武汉火神山医院建设用的卫浴产品包括坐便器、洗面盆、感应免接触水龙头、蹲便器等产品，这些产品将于27日抵达武汉，以最大限度地保障施工进度。
争分夺秒中的惠达人
整装待发的物资运输车
自疫情爆发以来，惠达卫浴密切关注疫情爆发的动态及各地区的具体防控工作，在企业内部做好防控工作的同时，也在积极寻求参与并支持更广泛地疫情防控工作的机会！
驰援武汉，你我有责。
众志成城，共渡难关！
让我们全力以赴，
齐心协力打赢这场硬仗！
武汉加油！
举报/反馈"
凡是用实实在在行动支持武汉的上市公司都会连续暴涨！原因很简单—正能量，大义担当！,"https://guba.eastmoney.com/news,603385,900435370.html",2020-01-27 17:28:09,凡是用实实在在行动支持武汉的上市公司都会连续暴涨！原因很简单—正能量，大义担当！
女排力挺惠达卫浴,"https://guba.eastmoney.com/news,603385,900433869.html",2020-01-27 16:43:58,女排力挺惠达卫浴
惠达卫浴有担当,"https://guba.eastmoney.com/news,603385,900433244.html",2020-01-27 16:23:00,惠达卫浴有担当
开盘涨停,"https://guba.eastmoney.com/news,603385,900432600.html",2020-01-27 16:02:38,开盘涨停
惠达卫浴支持武汉的物品到了,"https://guba.eastmoney.com/news,603385,900432582.html",2020-01-27 16:01:54,惠达卫浴支持武汉的物品到了
旅游酒店机场股票远离，卫浴这种的影响不会太大,"https://guba.eastmoney.com/news,603385,900425537.html",2020-01-27 12:37:43,旅游酒店机场股票远离，卫浴这种的影响不会太大
01-2416:27武汉协和医院发布最新治疗方案武汉协和医院发布最新治疗方案，若,"https://guba.eastmoney.com/news,603385,900289955.html",2020-01-24 16:35:02,"01-24 16:27
武汉协和医院发布最新治疗方案
武汉协和医院发布最新治疗方案，若确诊病毒性肺炎后，口服莫西沙星（拜复乐）0.4Qd或者左氧氟沙星（可乐必妥）0.5＋奥司他韦（达菲或可威）75毫克BID，5天。
这个鲁抗有没？"
A股最大的闷逼公司，跟个语障似的，最后还是死了，买它的股民倒霉死了。,"https://guba.eastmoney.com/news,603385,900243914.html",2020-01-23 19:49:20,A股最大的闷逼公司，跟个语障似的，最后还是死了，买它的股民倒霉死了。
吧友新年好，今天10.95建仓了惠达，希望能跟大家一起发财,"https://guba.eastmoney.com/news,603385,900216347.html",2020-01-23 15:06:36,吧友新年好，今天10.95建仓了惠达，希望能跟大家一起发财
快砸，震狠一点。洗的干干净了。庄好涨起来让我回本,"https://guba.eastmoney.com/news,603385,900184442.html",2020-01-23 14:12:01,快砸，震狠一点。洗的干干净了。庄好涨起来让我回本
一个病毒性感冒，让大家感觉到恐慌。,"https://guba.eastmoney.com/news,603385,900182975.html",2020-01-23 14:09:16,一个病毒性感冒，让大家感觉到恐慌。
要走也得等下午,"https://guba.eastmoney.com/news,603385,900065690.html",2020-01-23 10:00:47,要走也得等下午
使劲砸吧，我挂单10.5了[大笑][大笑],"https://guba.eastmoney.com/news,603385,900172096.html",2020-01-23 13:51:15,使劲砸吧，我挂单10.5了
惠达卫浴业绩起码1.40元以上，11元的股价。年报后爆发。,"https://guba.eastmoney.com/news,603385,900171572.html",2020-01-23 13:49:39,惠达卫浴业绩起码1.40元以上，11元的股价。年报后爆发。
四两拨千斤，砸出一皮恐慌失措的！,"https://guba.eastmoney.com/news,603385,900157783.html",2020-01-23 13:31:35,四两拨千斤，砸出一皮恐慌失措的！
高位为啥没量空跌？,"https://guba.eastmoney.com/news,603385,900124783.html",2020-01-23 11:38:11,高位为啥没量空跌？
你们都走，我留守站岗。,"https://guba.eastmoney.com/news,603385,900117468.html",2020-01-23 11:21:24,你们都走，我留守站岗。
惠达走势，实在让人太难捉摸了！,"https://guba.eastmoney.com/news,603385,900099488.html",2020-01-23 10:50:28,唯一好的，就高位缩量了！
空仓过节了！全清惠达了！886,"https://guba.eastmoney.com/news,603385,900053342.html",2020-01-23 09:43:02,886
窝囊庄，也属于狗庄,"https://guba.eastmoney.com/news,603385,899983902.html",2020-01-22 19:48:06,窝囊庄，也属于狗庄
2020年大范围改造老旧房，看来你的机会来了[大笑],"https://guba.eastmoney.com/news,603385,899965129.html",2020-01-22 17:48:01,2020年大范围改造老旧房，看来你的机会来了
十字星，结束调整行情。,"https://guba.eastmoney.com/news,603385,899932073.html",2020-01-22 14:54:46,十字星，结束调整行情。
业绩大幅度增长，为何公司不出公告？,"https://guba.eastmoney.com/news,603385,899906538.html",2020-01-22 14:11:57,业绩大幅度增长，为何公司不出公告？
老总,"https://guba.eastmoney.com/news,603385,899894927.html",2020-01-22 13:50:43,老总，你只有出气，没有进气吗？不会也传染了吧
比我前期预测的11.50的调整位还要低，今天应该是个机会。,"https://guba.eastmoney.com/news,603385,899861181.html",2020-01-22 11:49:58,比我前期预测的11.50的调整位还要低，今天应该是个机会。
明天准备建仓3000股，年后有肉吃不？[大笑][大笑][大笑][大笑],"https://guba.eastmoney.com/news,603385,899859169.html",2020-01-22 11:40:17,明天准备建仓3000股，年后有肉吃不？
好冷的冬天，飘飞的冠毒。绿绿的驴庄，瑟瑟发抖的惠达股民,"https://guba.eastmoney.com/news,603385,899855302.html",2020-01-22 11:29:14,好冷的冬天，飘飞的冠毒。绿绿的驴庄，瑟瑟发抖的惠达股民
小伞们跑了，把廉价筹码白菜价贡献给了鸡狗，可惜！,"https://guba.eastmoney.com/news,603385,899836337.html",2020-01-22 10:53:24,小伞们跑了，把廉价筹码白菜价贡献给了鸡狗，可惜！
看来都跑了，我只有坚持着等待回本。,"https://guba.eastmoney.com/news,603385,899811138.html",2020-01-22 10:11:24,看来都跑了，我只有坚持着等待回本。
你们都很给力，能让我在11.4以下多接了不少盘，我甘愿做接盘侠，噢耶！,"https://guba.eastmoney.com/news,603385,899798039.html",2020-01-22 09:54:46,你们都很给力，能让我在11.4以下多接了不少盘，我甘愿做接盘侠，噢耶！
红盘就别想了！大盘重挫，驴庄借机挖坑震盘。千载难逢的机会。,"https://guba.eastmoney.com/news,603385,899656765.html",2020-01-21 14:32:05,红盘就别想了！大盘重挫，驴庄借机挖坑震盘。千载难逢的机会。
预计2019年大概3.2亿利润左右！没超过50%所以不用预告,"https://guba.eastmoney.com/news,603385,899631073.html",2020-01-21 13:43:29,666
听说，主力今天要拉红盘，相信不！,"https://guba.eastmoney.com/news,603385,899626981.html",2020-01-21 13:36:03,666
看股价能否跌停，俺在停处等,"https://guba.eastmoney.com/news,603385,899624461.html",2020-01-21 13:30:44,看股价能否跌停，俺在停处等
今天砸盘的原因很简单，四季度多了5400万，也没有业绩预告，所以要一砸到底,"https://guba.eastmoney.com/news,603385,899620727.html",2020-01-21 13:23:05,今天砸盘的原因很简单，四季度多了5400万，也没有业绩预告，所以要一砸到底
这个股怎么这么熊,"https://guba.eastmoney.com/news,603385,899605016.html",2020-01-21 12:04:22,这个股怎么这么熊
阴包阳,"https://guba.eastmoney.com/news,603385,899574667.html",2020-01-21 10:47:00,阴包阳
完了，又震盘了。二十七的本，不知道要等到猴年马月了？,"https://guba.eastmoney.com/news,603385,899551094.html",2020-01-21 10:13:15,完了，又震盘了。二十七的本，不知道要等到猴年马月了？
《惠达》空仓过节，年后再战！高位了要减仓,"https://guba.eastmoney.com/news,603385,899544520.html",2020-01-21 10:04:36,高位了要减仓高位了要减仓
惠达没有自己的护城河，所以股价难以坚挺，扛不住大盘下跌,"https://guba.eastmoney.com/news,603385,899526057.html",2020-01-21 09:41:28,惠达没有自己的护城河，所以股价难以坚挺，扛不住大盘下跌
我跑了，你们随意。,"https://guba.eastmoney.com/news,603385,899401040.html",2020-01-20 14:35:02,我跑了，你们随意。
稳扎稳打目标天空的方向,"https://guba.eastmoney.com/news,603385,899433234.html",2020-01-20 16:34:12,稳扎稳打目标天空的方向
你们也不好好想想，过完年再过两个月就大解禁了，到时候大户拿什么跑，所以只能一直慢,"https://guba.eastmoney.com/news,603385,899432091.html",2020-01-20 16:26:30,你们也不好好想想，过完年再过两个月就大解禁了，到时候大户拿什么跑，所以只能一直慢慢出货
这股亏了两万多,"https://guba.eastmoney.com/news,603385,899432160.html",2020-01-20 16:26:35,这股亏了两万多
20元不见不散[拜神],"https://guba.eastmoney.com/news,603385,899378760.html",2020-01-20 13:52:11,20元不见不散
业绩股,"https://guba.eastmoney.com/news,603385,899324784.html",2020-01-20 11:06:10,业绩股
拉起来,"https://guba.eastmoney.com/news,603385,899298614.html",2020-01-20 10:26:09,拉起来
压单太多了。如何拉涨呢！跑路为好！,"https://guba.eastmoney.com/news,603385,899280153.html",2020-01-20 10:00:26,年底了
跟许多妖股很像是吧！,"https://guba.eastmoney.com/news,603385,899212695.html",2020-01-19 18:51:50,本来不想发，想想还是分享一下吧！就当是娱乐。。。
超燃！中国女排惠达卫浴品牌大片《致敬梦想，智净世界》全国首发！惠达卫浴前天流血、,"https://guba.eastmoney.com/news,603385,899020321.html",2020-01-17 14:33:24,"超燃！中国女排惠达卫浴品牌大片《致敬梦想，智净世界》全国首发！
惠达卫浴前天

流血、流汗，不流泪，
不怕，不躲，不言败！
2020大年初一，记忆重燃。
致敬女排精神的电影《中国女排》
大年初一将正式上映
振奋了几代中国人的“老女排”也将集体亮相！

惠达卫浴继官宣成为
中国国家女子排球队官方赞助商后，
联合中国女排拍摄的品牌励志宣传片
《致敬梦想 智净世界》
也将于大年初一正式亮相！
《致敬梦想 智净世界》 将紧随电影《中国女排》
以院线广告形式覆盖
1
全国256个城市
其中包括：北京、上海、广州、深圳、成都等256个城市。
2
1231家影院
其中包括：SFC上影影城、上海百丽宫影城等。
3
7254个影厅
其中包括：4k、imax等影厅。
中国女排从1981年改革开放初期首夺世界冠军，代表中华民族向国际社会展示中国力量；到2019年，成为“十冠王”，夺得13次亚锦赛冠军，8块亚运金牌，再次在国际社会发出中国声音。中国女排铿锵玫瑰们七连胜，五连冠，激情燃烧四十载；光辉史，英雄泪，振奋中国一代代，“打不垮、拖不烂”的精神不仅一次次让世界对中国瞩目，更激励着一代又一代国民不断拼搏！
电影《中国女排》演绎的正是一代代中国女排队员为国拼搏、为国争光的故事。这部《中国女排》是由中宣部与国家体育总局联合拍摄，陈可辛执导，巩俐、黄渤、吴刚、彭昱畅、白浪等实力派演员助阵，更有朱婷、惠若琪、丁霞、袁心玥等2016年里约奥运会冠军集体本色出演，阵容强、看点多、剧情硬核，被微博之夜誉为2020 “微博最受期待春节档电影”，可谓春节档票房冠军的有力争夺者。惠达品牌励志宣传片《致敬梦想 智净世界》，以《中国女排》广告贴片形式投放，无疑是增加惠达品牌关注度和美誉度的绝佳机会。

《致敬梦想 智净世界》是惠达联合中国女排姑娘袁心玥、刘晓彤、曾春蕾、刘宴含、王梦洁共同拍摄，助力中国女排全力冲刺东京奥运会的诚挚之作！宣传片通过女排玫瑰们和小女孩的视角，将中国女排对比赛的专注投入和坚韧拼搏精神，投射到小女孩对梦想的追逐和人们对美好生活的期盼之中，替大众发出“我的小世界，有个大梦想”的生活主张，也让惠达卫浴化身美好生活方式的品牌形象在消费者心中得到进一步深化。
大年初一，惠达与你，
记忆重燃，致敬传奇！

文章已于2020-01-16修改
阅读4311
在看50
展开阅读全文"
每次回调都是买点！,"https://guba.eastmoney.com/news,603385,898385082.html",2020-01-15 10:35:29,每次回调都是买点！
5G智能制造新时代！惠达卫浴携手华为打造中国智能卫浴新标杆2020-01-141,"https://guba.eastmoney.com/news,603385,899163117.html",2020-01-18 22:57:31,"5G智能制造新时代！惠达卫浴携手华为打造中国智能卫浴新标杆
2020-01-14 1129
1579053385602228.jpg
1月14日，惠达卫浴股份有限公司（以下简称“惠达卫浴”）与华为技术有限公司（以下简称“华为”）在唐山总部隆重签署深化合作协议。根据协议，双方将围绕惠达卫浴公司顶层咨询设计及“智慧工厂”项目建设等方面展开深化合作。
1579053426730956.jpg
惠达卫浴信息中心总经理刘赛光与华为河北唐山业务部总经理李方代表双方签约。华为河北企业业务总经理邓英尧、华为河北唐山大企业行业代表潘彬彬、华为河北云业务部副部长徐宁、华为河北云行业拓展代表程光，惠达卫浴执行总裁殷慷、惠达卫浴卫生陶瓷生产系统总经理冯涛、惠达卫浴信息中心信息管理部信息总监李鲲鹏，以及惠达卫浴员工代表齐聚一堂，共同出席了签约仪式。
惠达卫浴信息中心总经理刘赛光与华为河北唐山业务部总经理李方代表双方签约。华为河北企业业务总经理邓英尧、华为河北唐山大企业行业代表潘彬彬、华为河北云业务部副部长徐宁、华为河北云行业拓展代表程光，惠达卫浴执行总裁殷慷、惠达卫浴卫生陶瓷生产系统总经理冯涛、惠达卫浴信息中心信息管理部信息总监李鲲鹏，以及惠达卫浴员工代表齐聚一堂，共同出席了签约仪式。
1579053467852888.jpg
签约仪式上，殷慷表示，“智能化”是惠达长期执行的核心战略之一。近年来，惠达成立惠米科技，点火4号生产线，投资兴建重庆荣昌智能卫浴生产基地等，无不显示惠达已经在智能制造和智能产品打造方面走在了行业最前列。
随着5G技术的发展，智能卫浴等产业也将进一步升级。殷慷表示，非常期待与华为公司的深度合作，希望带动惠达卫浴的智能制造正式迈入5G时代，从“智能制造”向“智慧制造”升级；并期望双方合作，推动惠达由提供单个的智能卫浴产品，逐步向“卫浴制造 智慧服务”的模式转型，希望共同打造惠达智慧物联平台，为消费者提供智慧卫浴美好生活的全方位解决方案。
1579053536916490.jpg
“华为希望与惠达在公司顶层咨询设计及‘智慧工厂’项目建设中进一步深化并扩大合作。” 邓英尧表示，惠达是中国卫浴打造全球化品牌的推动者和实践者，在卫浴智能化领域的成绩有目共睹。而华为可以依托强大的研发和综合技术能力，为惠达提供全面、高效的ICT解决方案和服务，希望能在未来的合作中通过数字化、智能化助推惠达产业升级，提升惠达卫浴的全球竞争力与影响力。
据了解，根据协议，双方将围绕惠达卫浴公司顶层咨询设计及“智慧工厂”项目建设等，充分发挥人才、技术、市场等资源优势，将惠达打造成中国智慧卫浴新标杆企业，建立起长期稳定的合作关系。华为将发挥华为云、物联网、人工智能、大数据分析等方面的技术优势，与惠达一起推进惠达集团的智能生产系统，从消费者个性定制，到工厂生产定制，整个过程实现智能一体化同步。并且，双方的合作将逐步推进惠达走向“卫浴制造 智慧服务”的模式转型，打造惠达智慧物联平台，引领行业创新发展。
签约仪式结束后，华为高管在惠达高管陪同下，一起参观了惠达卫浴产品展厅、陶瓷博物馆和惠达4号生产线。高度集成化、智能化、绿色环保的4号生产线，赢得了华为高管一行的高度评价。

关注我们： 
Power By - 2017 惠达 致茂网络技术支持 冀ICP备12000786号-3"
庄家如今不是低调的年代了，再不要压着惠达股价不涨了，风气的时候猪都能飞上天，惠达,"https://guba.eastmoney.com/news,603385,899157377.html",2020-01-18 20:41:15,庄家如今不是低调的年代了，再不要压着惠达股价不涨了，风气的时候猪都能飞上天，惠达天时地利人和，万事俱备，而且公司互联网销售模式渐入佳境，你如果交出筹码你就输了
超燃！中国女排惠达卫浴品牌大片《致敬梦想，智净世界》全国首发！惠达卫浴前天流血、,"https://guba.eastmoney.com/news,603385,899014370.html",2020-01-17 14:22:39,"超燃！中国女排惠达卫浴品牌大片《致敬梦想，智净世界》全国首发！
惠达卫浴 前天
流血、流汗，不流泪，
不怕，不躲，不言败！
2020大年初一，记忆重燃。
致敬女排精神的电影《中国女排》
大年初一将正式上映
振奋了几代中国人的“老女排”也将集体亮相！
惠达卫浴继官宣成为
中国国家女子排球队官方赞助商后，
联合中国女排拍摄的品牌励志宣传片
《致敬梦想 智净世界》
也将于大年初一正式亮相！
《致敬梦想 智净世界》 将紧随电影《中国女排》
以院线广告形式覆盖
1
全国256个城市
其中包括：北京、上海、广州、深圳、成都等256个城市。
2
1231家影院
其中包括：SFC上影影城、上海百丽宫影城等。
3
7254个影厅
其中包括：4k、imax等影厅。
中国女排从1981年改革开放初期首夺世界冠军，代表中华民族向国际社会展示中国力量；到2019年，成为“十冠王”，夺得13次亚锦赛冠军，8块亚运金牌，再次在国际社会发出中国声音。中国女排铿锵玫瑰们七连胜，五连冠，激情燃烧四十载；光辉史，英雄泪，振奋中国一代代，“打不垮、拖不烂”的精神不仅一次次让世界对中国瞩目，更激励着一代又一代国民不断拼搏！
电影《中国女排》演绎的正是一代代中国女排队员为国拼搏、为国争光的故事。这部《中国女排》是由中宣部与国家体育总局联合拍摄，陈可辛执导，巩俐、黄渤、吴刚、彭昱畅、白浪等实力派演员助阵，更有朱婷、惠若琪、丁霞、袁心玥等2016年里约奥运会冠军集体本色出演，阵容强、看点多、剧情硬核，被微博之夜誉为2020 “微博最受期待春节档电影”，可谓春节档票房冠军的有力争夺者。惠达品牌励志宣传片《致敬梦想 智净世界》，以《中国女排》广告贴片形式投放，无疑是增加惠达品牌关注度和美誉度的绝佳机会。

《致敬梦想 智净世界》是惠达联合中国女排姑娘袁心玥、刘晓彤、曾春蕾、刘宴含、王梦洁共同拍摄，助力中国女排全力冲刺东京奥运会的诚挚之作！宣传片通过女排玫瑰们和小女孩的视角，将中国女排对比赛的专注投入和坚韧拼搏精神，投射到小女孩对梦想的追逐和人们对美好生活的期盼之中，替大众发出“我的小世界，有个大梦想”的生活主张，也让惠达卫浴化身美好生活方式的品牌形象在消费者心中得到进一步深化。
大年初一，惠达与你，
记忆重燃，致敬传奇！
文章已于2020-01-16修改
阅读 4311
在看50"
可以拉了,"https://guba.eastmoney.com/news,603385,899020936.html",2020-01-17 14:34:37,可以拉了
压不住了，可以看高一线。,"https://guba.eastmoney.com/news,603385,898989999.html",2020-01-17 13:40:05,压不住了，可以看高一线。
打卡放假过年。,"https://guba.eastmoney.com/news,603385,898947202.html",2020-01-17 11:22:50,打卡放假过年。
网红概念股里最优秀的,"https://guba.eastmoney.com/news,603385,898897339.html",2020-01-17 10:09:42,网红概念股里最优秀的
别拿蒙娜丽莎赤鸡这个驴庄，惹急了他，会尥蹶子,"https://guba.eastmoney.com/news,603385,898914171.html",2020-01-17 10:31:39,
蒙娜丽莎创了新高，快要涨停了!,"https://guba.eastmoney.com/news,603385,898903204.html",2020-01-17 10:16:51,蒙娜丽莎创了新高，快要涨停了!
惠达已经进入高端智能制造,"https://guba.eastmoney.com/news,603385,898821336.html",2020-01-16 21:50:09,惠达已经进入高端智能制造，一个马桶卖近万元，大家可以去抖音看一下就知道了，还是网红股
惠达庄家深度介入，但是这个庄比较低调，惠达这两天随大盘回调幅度十分小，显示庄家高,"https://guba.eastmoney.com/news,603385,898812661.html",2020-01-16 20:40:55,惠达庄家深度介入，但是这个庄比较低调，惠达这两天随大盘回调幅度十分小，显示庄家高度控盘，筹码收放自如，后续随着公司利好来袭，庄家即将大幅拉升
惠达庄家深度介入，但是这个庄比较低调，惠达这两天随大盘回调幅度十分小，显示庄家高,"https://guba.eastmoney.com/news,603385,898812660.html",2020-01-16 20:41:44,惠达庄家深度介入，但是这个庄比较低调，惠达这两天随大盘回调幅度十分小，显示庄家高度控盘，筹码收放自如，后续随着公司利好来袭，庄家即将大幅拉升
有狗比压盘不让涨[大笑][大笑],"https://guba.eastmoney.com/news,603385,898753928.html",2020-01-16 14:57:19,有狗比压盘不让涨
应该还需要二天调整，耐心等待。,"https://guba.eastmoney.com/news,603385,898753432.html",2020-01-16 14:57:13,应该还需要二天调整，耐心等待。
惠达高层，请帮我解决一下网购难题,"https://guba.eastmoney.com/news,603385,898159615.html",2020-01-14 12:09:03,"惠达领导，在贵公司天猫旗舰店买了两套卫浴。先发了一个浴室柜，元旦收货，俩大纸箱子包装完好未破损。联系师傅，安排了4号安装。装镜柜时，发现镜柜两处裂纹。联系旗舰店，问题来了，客服说收货超过24小时，卖家不负责。和客服解释，物品重的很，还有很多零碎，收货检查也只能看包装是否完好，师傅上门才可能一个个抬出来。况且和镜柜一个箱子的镜面完好，柜体却裂纹，显然不合理。客服却坚持原判。又多次打售后电话，说安排当地售后上面看看再说，一直也没回音。这个问题不解决，我们后续未发的货咋办都没法向下进行了，装修也只能搁置。只好通过这里反映一下。我们了解过了，现在类似大件网购都是必须安装人员才能拆封的。安装师傅超过24小时，却要消费者24小时内负责，合理么？作为一家老牌公司，我们对惠达产品还是比较认可的，但是贵公司网络售后这一块儿明显还有差距。基层人员未必有啥企业荣誉感也能理解，希望贵公司高层能换位思考，帮我们解决难题。
多谢！
2020年1月14日"
驴庄脾气不好，戴几天绿帽子让你们看着过年！,"https://guba.eastmoney.com/news,603385,898739636.html",2020-01-16 14:33:48,驴庄脾气不好，戴几天绿帽子让你们看着过年！
真他么垃圾透顶，跟做的产品一样臭气熏天！,"https://guba.eastmoney.com/news,603385,898724445.html",2020-01-16 14:08:46,不会资本运作的上市公司就是个卵子！
谁爱跑就快跑，我在二十七的高岗上站着，踢你们放哨。,"https://guba.eastmoney.com/news,603385,898711841.html",2020-01-16 13:45:08,谁爱跑就快跑，我在二十七的高岗上站着，踢你们放哨。
好像到顶啦，最近没量能涨起来没劲,"https://guba.eastmoney.com/news,603385,898659010.html",2020-01-16 10:59:46,好像到顶啦，最近没量能涨起来没劲
今天怎么回事,"https://guba.eastmoney.com/news,603385,898652204.html",2020-01-16 10:48:35,今天怎么回事
国产一线老牌卫浴惠达卫浴的突围之路,"https://guba.eastmoney.com/news,603385,898645980.html",2020-01-16 10:39:32,"声明：文章转载自市值风云，作者关尔 ，版权归于原作者。文章仅做参考和学习，不构成推荐！


提起陶瓷，大部分人首先想起的是江西景德镇。
实际上，在2003年以后，我国还有六个地方被授予“瓷都”称号：
福建德化：中国瓷都（2003）


浙江龙泉：中国青瓷之都


河南禹州：中国钧瓷之都


福建永春：中国陶瓷灯饰之都


河北唐山：中国北方瓷都


广东潮州：中国瓷都（2004）
今天要讲的主人公惠达卫浴（603385.SH），就与唐山陶瓷颇有渊源。前身为唐山惠达陶瓷（集团）厂的惠达股份，2012年正式更名为惠达卫浴股份有限公司，2017年4月于上交所上市。


一、家居卫浴主业


经过多年的整合，惠达卫浴的主营业务分为多个家居卫浴细分子业务，主要产品为卫生洁具与陶瓷砖，旗下拥有“惠达”和“杜菲尼”两大自有卫浴品牌。卫生洁具包含卫生瓷、五金洁具、浴缸、淋浴房、浴室柜等，陶瓷砖则包含墙砖和地砖。


同时，惠达卫浴部分参股公司业务范畴还涉及包装纸箱、成品油等其他行业领域。据最新的2018年财报数据，惠达卫浴的营业收入结构如下：
1、卫生洁具业务23亿元，在总营收中占比高达八成，是惠达卫浴的主要业务；


2、陶瓷砖业务3.78亿元，占总营收占比13.16%；


3、其他服务收入、跨行业务合计6.8亿元，在总营收中占比不足7%。
（公司产品，来源：惠达卫浴官网）


中国产业网将国内卫浴市场大致划分为三级格局：
以科勒（Kohler）、东陶（TOTO）、汉斯格雅（Hansgrohe）等国际一线品牌为第一梯队；


以九牧（JOMOO）、惠达（HUIDA）、箭牌（ARROW）、恒洁（HEGII）等国产一线品牌为第二梯队；


剩余中小品牌及小作坊为第三梯队。
与惠达卫浴处于同一梯队的国产卫浴公司九牧集团、乐华集团及恒洁卫浴目前均未上市。


二、智能卫浴VS整体卫浴


（一）智能卫浴


2015年智能概念在卫浴行业兴起，智能马桶盖、智能马桶迎来销售小高峰。


2015年起惠达卫浴智能卫浴产品外协加工金额大幅增加，该品类外协供应商2015年、2016年连续蝉联其他类别（除陶瓷砖、五金洁具以外）供应商第二~四名。主要供应商浙江怡和卫浴有限公司系深圳麦格米特电气股份有限公司（麦格米特，002851.SZ）的参股子公司：


（来源：天眼查）


2017年9月，惠达卫浴与麦格米特成立合资子公司唐山惠达麦格米特智能家居科技有限公司（以下简称“惠达智能家居”），惠达卫浴持股60%，将自制智能卫浴纳入经营范畴。


2018年国内建筑瓷砖行业整合速度加快，惠达卫浴索性将原投入陶瓷砖项目的募集资金用于转建智能卫浴产线，进一步扩大该品类产能。


在2018年国内最具竞争力的十大智能马桶品牌中惠达位列第五，前四名品牌分别是东陶、维卫ViVi、科勒及箭牌。其中，乐华集团旗下的三大品牌箭牌、法恩莎（FAENZA）和安华陶瓷（ANNWA）都在前十大名单中，综合实力不俗。




（二）整体卫浴


2016年2月，国家出台《关于进一步加强城市规划建设管理工作若干意见》，明确要大力推广装配式建筑，并在2017年《十三五装配式建筑行动方案》中提出“到2020年，全国装配式建筑占新建建筑的比例达到15%以上”的目标。 


直至2019年5月，强调推广、运用装配式建筑的政策文件仍在陆续发布。


装配式建筑指用预制部品部件在工地装配而成的建筑，包含整体卫浴（整装卫浴）。目前，国内整体卫浴主要应用在长租公寓、酒店等装修标准化程度较高的建筑上，在民用市场的推广及应用因项目施工难度较大而受限，主要集中在B端市场。


（整体卫浴示意图，图片来源：网络）


整体卫浴行业在国内属新兴行业，竞争格局分散，从2011年起不少中小品牌已开始着手布局整体卫浴产线。2016年，竞争对手科逸卫浴、海鸥卫浴（现已更名为海鸥住工，002084.SZ）纷纷涉足整体卫浴领域。2018年，东鹏卫浴也加入竞争队列。


就算赛道逐渐拥挤，惠达卫浴也不愿错过这个机会。2018年6月，惠达卫浴与关联方共同设立惠达住宅工业设备(唐山)有限公司，投入6700万元打造15万套整装卫浴产线，预计2019年底将形成5万套产能。


三、销售情况分析


确立好战略迈入新业务，就要看惠达卫浴的总体销售情况如何了。


（一）行业第四，联营子公司贡献投资收益


在最近几个财年里，惠达卫浴总营收以每年2%~20.69%的增幅缓慢增加，2016年以后工程渠道收入拉升总体业绩，2017年公司总营收突破25亿元，2018年增速放缓。


华经产业研究院数据显示，惠达卫浴以5%的市占率在2018年国内卫生洁具行业的TOP5中位列第四，前三名分别为科勒、东陶、箭牌，CR3为40%、CR7为52%。


相比小幅增长的营业收入，惠达卫浴的综合毛利率中规中矩，三费费用率基本维持在16%~17%的水平，净利率较低。2015年受联营子公司亏损影响，净利润仅为1.03亿元。2016年起，联营子公司持续盈利，由此带来的投资收益贡献了四分之一的净利润，净利润开始在2.5亿元左右徘徊。扣非后净利润与净利润之间的差距随之略有扩大。




这里的子公司，主要指唐山达丰焦化有限公司（以下简称“达丰焦化”）。一直以来，惠达卫浴向达丰焦化采购焦炉煤气作为生产能源。2014年~2016年，达丰焦化对惠达卫浴出售的煤气占其收入的30%左右，是惠达卫浴关联交易的主要对象之一。


2017年、2018年达丰焦化分别向惠达卫浴贡献了6162.56万元、5689.46万元的投资收益，分别占各期联营企业投资收益的88.93%和78.8%。


2019年达丰焦化经营情况迅速恶化，2019年前三季度业绩大幅下滑并出现亏损。惠达卫浴在继2017年3月宣称将择机剥离煤气业务2年多后，终于在2019年12月完成实质剥离。预计出售达丰焦化能给惠达卫浴带来0.54亿元的净处置收益。这样看来，达丰焦化也算“物尽其用”了。


（二）经销渠道建设符合预期


营销渠道方面，现阶段惠达卫浴有三种渠道：
1、零售渠道：在国内外均以经销（买断式经销）为主，门店类型包括标准专卖店、KA卖场、橱柜专营店等；


2、工程渠道：采用经销与直营相结合的模式，公司直接面对终端大客户，由经销商经手地方性房地产、公寓项目；


3、电商渠道：在天猫、京东上自营旗舰店，并在天猫、淘宝、京东和拼多多上授权第三方销售，由惠达卫浴提供售后服务。
招股说明书披露，惠达卫浴截至2016年12末国内经销数量为291家，门店数量为2904家，预计在2017、2018、2019年分别新建435、435、189家门店，经销商在省级、地级和县级市场的覆盖率分别为88.24%、86.20%和70.46%。




从后面两年半实际新建的门店数量来看，惠达卫浴的渠道建设符合当初预期。这与惠达卫浴投入1亿元募集资金为经销商提供新建专卖店装修费补贴有关。


同行业卫浴龙头帝欧家居（002798.SZ）在国内拥有800多家经销商、2400多家终端门店（截至2019.6），主要竞争对手之一的安华卫浴有3000多个销售网点。


与它们相比，现阶段惠达卫浴在门店渠道上具备一定优势。


（三）应收票据占比大


近两年，惠达卫浴工程渠道收入增长明显，2018、2019年上半年工程渠道收入的同比增幅分别为100.9%、57.21%。由于工程渠道客户多以应收票据结算，2018年起惠达卫浴应收票据占应收账款总额、总资产的占比都明显提高。




同时，针对2018、2019年下游房地产行业受政策持续调控影响的现状，惠达卫浴对客户放宽了信用期，导致2017年后应收账款周转率不断下降。2019年前三季度，惠达卫浴应收账款周转天数为122天，较去年同期增加了49天。




从同行业公司应收账款周转率均呈下降趋势能看出，应收账款周转变慢是行业共同现象。对比之下，惠达卫浴的应收账款周转效率介于海鸥住工、四通股份（603838.SH）和帝欧家居之间。


（四）短期偿债能力有所提升


与应收账款周转变缓相反，2017年起惠达卫浴的短期偿债能力有所提升。


惠达卫浴的融资渠道较为单一，基本为银行短期借款，其负债端主要由流动负债构成。2017年上市后，有募集资金作后盾，惠达卫浴的短期借款规模降至5亿元以下，短期借款占流动负债比例随之波动下降。公司的流动比率也从2016年的1.49提高至2019年前三季度的2.51。




惠达卫浴对部分种类产品采用外协加工取代自主生产，降低了固定资产投入的上限，对收缩融资规模有一定的作用。对于外协加工，风云君将在后文详细介绍。


资金方面，2013年~2016年惠达卫浴固定资产投入不多，自由现金流与净现比均为正。2018年、2019年前三季度惠达卫浴用于产线改造、扩产上的投入较2017年增加157.84%、66.67%，自由现金流转为负数，净现比降低。




同时，因收到的应收票据增多、放宽客户的信用期以刺激业绩，2017年起惠达卫浴营业收入转化为经营产生的现金流入的能力减弱，具体体现为现金收入比有所下降。


另外，若2017年12月公司与重庆市荣昌区人民政府签订的15亿元家居产业园项目如约落地，对于账面资金可用资金仅为5.65亿元（截至2019.9、含受限资金）、目前仅投入0.54亿元的惠达卫浴来说，还有8.8亿元的资金缺口需要杠杆支持。




至此，对惠达卫浴销售情况的介绍暂告一段落，接下来进入惠达卫浴的生产情况分析环节。


四、生产情况分析


（一）生产模式


惠达卫浴的生产模式包括OEM（代工生产）、ODM（只负责研发设计）及OBM（自主生产），针对不同地区不同客户分别采用不同的模式：
1、对国内市场，主要采用OBM模式，同时兼有对外采购部分业务成品；


2、对国外市场发达国家及地区，采用ODM和OEM相结合的模式，仅为客户提供研发设计服务或贴牌代工生产；


3、对国外市场发展中国家及地区，采用OBM模式，生产并销售自有品牌产品。
由于对国外客户惠达卫浴要给销售环节的客户让利，获取的利润有限，惠达卫浴国外销售毛利率低于国内销售毛利率。




此外，受产品结构及结算汇率波动影响，2017年、2018年境外毛利率略有下降。惠达卫浴国外的客户基本为经销商，无工程渠道客户，在近两年工程渠道收入增幅较大的情况下境内毛利率与境外毛利率差距略有扩大。


惠达卫浴的这种对外经营模式，与国际卫浴一线品牌科勒、汉斯格雅、东陶在全球设立生产基地、进行自有品牌推广及销售的经营模式不同，后者需要铺设销售渠道，对资金投入的要求更高。


（二）产能受限？


近五年来，惠达卫浴的境内收入在总营收占比中接近七成。虽说惠达卫浴在国内主要为自主生产，但一直以来，惠达卫浴的产能似乎都颇为受限。


在家居卫浴业务的五类主要产品中，除个别年份外，惠达卫浴2014年~2018年大部分类别产品的产销比都接近甚至超过1，尤其是陶瓷砖产品，2018年销量已超过公司自产与外采之和的五分之一。




这么看，惠达卫浴似乎产销两旺，产品十分抢手？


需要指出的是，这里的产销比计算方式有别于一般的产量/销量，是产量/（自产销量+外协采购量），这是由惠达卫浴下一个特点决定的。


（三）对外部采购依存度高


在家居行业中，将部分产品委外或者说直接向外协加工厂商采购成品较为常见，惠达卫浴也不例外。从已披露的数据看，惠达卫浴一直有对外采购的惯例。


对于五金洁具、浴缸浴房、陶瓷砖三项主要产品业务，惠达卫浴的外采规模逐年上升。2018年，惠达卫浴五金洁具、浴缸浴房、陶瓷砖的外采量分别已达到500.89万件、5.1万套和642.71万平米。此时五金洁具、陶瓷砖的外采量分别为自产量的1.1倍、2.4倍。


得益于扩产对自产量的提升，这个比例较2017年已有所下调。2014~2017年间惠达卫浴外采与自产的比例最高曾达到2014年的3倍。




如此高的比例，在家居卫浴行业并不多见。这意味着惠达卫浴放弃了部分产品（如陶瓷砖）的产能布局，对供应商、产品质量的管理有更高的要求。


（四）两类产品产能利用率偏低


2017年上市后惠达卫浴就不再披露产能利用率及各产品产能情况，在假设原产能不变的前提下，风云君发现惠达卫浴2017、2018年卫生陶瓷、浴缸浴房类产品的产能利用率仍旧偏低：




其中，2017年公司年产280万件卫生陶瓷生产线一期项目已投产，卫生陶瓷品类真实的产能利用率比上述预测值只低不高。惠达卫浴2017年、2018年在浴缸浴房品类的对外采购量分别为5.15和5.1万套，为啥要在该类产品产能利用率不足7成的前提下还大量采购委外成品？难道有啥特殊原因？


风云君扒拉了下公告信息，没找到答案。




（五）扩产情况


截至2019年6月，惠达卫浴主要的扩产项目主要有前文提及的智能卫浴产线募投项目、年产280万件卫生陶瓷募投项目及15万套整体卫浴产线项目。


（来源：2019年半年报）


其中，15万套整体卫浴产线项目系年产50万套整体卫浴产能建设的第一期，完工后将在整体卫浴行业总产能中占有一席之地。


按照计划，80万件智能卫浴产线项目将于2020年5月投产，达产后智能卫浴产品对外采购量将大幅下降。年产280万件卫生陶瓷项目二期项目已于2019年1月21日点火投产，预计2020年完工后将释放大量产能。


五、产品质量值得重视


上市初期，惠达卫浴的产品（水龙头、浴缸）曾因各种原因连续七年（2010~2016年）在北京、唐山、武汉等地工商局、质监局、消委会的抽检中质量不合格广受诟病。近两年惠达卫浴下定决心狠抓产品质量。


但在2019年12月31日国家质量总局公布的2019年51种产品抽查不合格名单中，惠达卫浴的陶瓷砖被南京市产品质量监督检验院检测出尺寸不合格。


（节选自2019年国家质量总局公示的童鞋等51种产品抽检不合格名单）


而有“史上最严”召回政策之称的《消费品召回管理暂行规定》（以下简称“召回新规”）于2020年1月1日起正式实施。


召回新规将“缺陷”产品重新定义为：存在因设计、制造、警示等原因，致使同一批次、型号或者类别的消费品中普遍存在的危及人身、财产安全的不合理危险的产品。只要是缺陷产品，不管是否符合标准，都被要求召回。


卫浴行业是质量安全多发的行业，以往很少出现召回现象。对产品质量要求更为严格的召回新规无疑将结束对卫浴行业的“宽松”监管。


一旦发生召回事件，将对品牌形象造成极大伤害。作为过去因各种产品质量问题花式上榜的惠达卫浴，即使最新报道的陶瓷砖产品出现的质量问题集中在尺寸标准上，产品的质量安全也依然值得重视。


六、上市后高管变动频繁


还有一个现象令风云君十分不解：2017年3月惠达卫浴上市迄今不到三年，却已经更换了2位副总经理、1位财务总监、2位董秘、4位董事（其中3位独董）和1名监事，高管变动十分频繁。


除实控人之一董化忠系退休离任，由前任董秘王佳接替其副总经理、财务总监一职，独立董事彭雪峰、张双才任职期满辞职属于正常人事变动外，原董秘肖铁山在上市后不到2个月即辞职，原副总经理张剑文在任时长未满一年，原独董沈义在2018年6月刚被提名1个月后就申请辞职。


不论是时间点还是频次都令人意外。


（截至2020.1.10惠达卫浴高管变动情况，市值风云整理）


按理说，公司上市成功，业绩也向上发展，为什么反而会有一拨高管接连辞职？




七、结语


2014年、2015年惠达卫浴股利支付率分别高达46.85%及74.56%，确实存在上市前突击分红的嫌疑。2017年上市后，惠达卫浴每年的股利支付率基本在33%左右。


上市2年以来，累计分红1.7亿元，累计股份支付率为33.16%，累计派息融资比为20.62%。


同行业公司帝欧家居和四通股份在累计股利支付率上的表现与惠达卫浴相差不大，前者上市两年累计股利支付率为34.69%，后者上市四年，同一指标为31.48%。


作为行业老四，惠达卫浴在并购频发的行业整合期下倾向于发展主力卫生瓷业务、智能卫浴及新的整体卫浴业务，为抢占新的业务市场可以预见公司的营销费用将有所增长。


选择性的产能布局帮助惠达卫浴节约了资金支出，但同时造成部分产品外协加工比例偏高。最后，公司品牌也应由产品质量来维护。

#公司研究#
展开阅读全文"
停牌了？,"https://guba.eastmoney.com/news,603385,898592225.html",2020-01-16 09:23:39,停牌了？
苹果也是代工...,"https://guba.eastmoney.com/news,603385,898574659.html",2020-01-16 07:04:37,代工有什么不好，可以减少库存，苹果也是代工。
惠达，陶瓷卫浴都是自产的。,"https://guba.eastmoney.com/news,603385,898555686.html",2020-01-15 22:39:07,惠达，陶瓷卫浴都是自产的。
惠达，陶瓷卫浴都是自产的。,"https://guba.eastmoney.com/news,603385,898555689.html",2020-01-15 22:39:08,惠达，陶瓷卫浴都是自产的。
会不会收盘在11.94[为什么][为什么],"https://guba.eastmoney.com/news,603385,898483987.html",2020-01-15 14:48:09,会不会收盘在11.94
这股完蛋了，不知道从哪里来了几个牛鬼蛇神。,"https://guba.eastmoney.com/news,603385,898432712.html",2020-01-15 13:10:54,这股完蛋了，不知道从哪里来了几个牛鬼蛇神。
补了前期下跌缺口后的调整，目前稳步上涨的走势。,"https://guba.eastmoney.com/news,603385,898357311.html",2020-01-15 09:59:00,补了前期下跌缺口后的调整，目前稳步上涨的走势。
股价回到11.50附近后，继续上涨。,"https://guba.eastmoney.com/news,603385,898352896.html",2020-01-15 09:53:17,股价回到11.50附近后，继续上涨。
明天还可以抢到吗，出了与华为合作这个消息,"https://guba.eastmoney.com/news,603385,898300334.html",2020-01-14 23:00:39,明天还可以抢到吗，出了与华为合作这个消息
和华为搭建智慧物联平台，是个什么东东？,"https://guba.eastmoney.com/news,603385,898294955.html",2020-01-14 22:10:25,和华为搭建智慧物联平台，是个什么东东？
今天有人在分批出货,"https://guba.eastmoney.com/news,603385,898207712.html",2020-01-14 14:26:10,今天有人在分批出货
惠达卫浴：目前会进行淘宝直播售卖商品,"https://guba.eastmoney.com/news,603385,897579755.html",2020-01-10 16:18:52,"来源：证券时报e公司
　　1月10日，惠达卫浴(603385)在互动平台表示，公司目前会在周一至周六10:00-16:00进行淘宝直播售卖商品。 
（文章来源：证券时报e公司） [点击查看原文]
#热点追踪#"
这是要回补缺口吗，没题材就是不行,"https://guba.eastmoney.com/news,603385,898260300.html",2020-01-14 18:01:00,这是要回补缺口吗，没题材就是不行
和这个狗篮子是整不明白了,"https://guba.eastmoney.com/news,603385,898194084.html",2020-01-14 14:00:53,和这个狗篮子是整不明白了
有狗比压盘不让涨[大笑][大笑],"https://guba.eastmoney.com/news,603385,898191876.html",2020-01-14 13:56:42,有狗比压盘不让涨
快跑啊，跳水了[大笑][大笑],"https://guba.eastmoney.com/news,603385,898146172.html",2020-01-14 11:21:29,快跑啊，跳水了
佛度有缘人，我觉的炒股更是如此！,"https://guba.eastmoney.com/news,603385,898125652.html",2020-01-14 10:45:50,佛度有缘人，我觉的炒股更是如此！
哪位高人能解释一下，这个逼样子主力到底要干什么？,"https://guba.eastmoney.com/news,603385,898122848.html",2020-01-14 10:41:17,哪位高人能解释一下，这个逼样子主力到底要干什么？
给个机会10块上车,"https://guba.eastmoney.com/news,603385,898117886.html",2020-01-14 10:32:56,给个机会10块上车
你们快跑。。昨天做t做飞了。。我今天接点。,"https://guba.eastmoney.com/news,603385,898092240.html",2020-01-14 09:55:10,你们快跑。。昨天做t做飞了。。我今天接点。
