标题,链接,发布时间,内容
恶庄，太狠了，今年没法过年了，亏了近30万，今晚中央二套基本澄清了，燕窝目前只有,"https://guba.eastmoney.com/news,603557,987172790.html",2020-12-15 23:20:34,恶庄，太狠了，今年没法过年了，亏了近30万，今晚中央二套基本澄清了，燕窝目前只有行业标准和团体标准，暂无国家标准，按这标准厂家产品符合燕窝生产资质，那说明辛巴只是涉及夸大宣传，这几天应该就有结果了，团队现在有机会都会顺带下童装，期待业绩突破早期回本，鸟庄惹不起，鄙视那个章 废物
【测试一下你的估算能力，不准用公式】假设一根绳子环绕地球赤道正好一圈，如果把绳子,"https://guba.eastmoney.com/news,603557,987987120.html",2020-12-18 07:29:58,"【测试一下你的估算能力，不准用公式】
假设一根绳子环绕地球赤道正好一圈，如果把绳子距地面全部抬高1米完成一个新闭合，问还需要多少米绳子？
可选答案：10米以下 10公里以下 100公里以下1000公里以下。误差不大于50%即视为正确"
起步股份今日热门盘点,"https://guba.eastmoney.com/news,603557,988285564.html",2020-12-18 21:12:11,"起步股份今日股吧人气排名两市第1278/4244。


今日热帖 TOP4
1 . 关于我个人购买此股票的分析（比较中立客观，不喜勿喷）：1、燕窝事件辛巴是确实不懂…
2 . 估值3400亿的快手平台计划在港股上市，每日活跃用户三亿以上。辛选的流量，粉丝，…
3 . 股友们，弯腰捡钱啊，我9.15建仓，现在加仓后成本8.9，我不信主力能忍住不拉，…
4 . 蛋蛋也被封了，二驴也被点名了，王海接受采访，开始出来演戏了
郑重声明：本文依据热度选取帖子资讯，不代表作者个人观点。

"
现在都服气了？和谐了？没人跳出来唱多了？？？,"https://guba.eastmoney.com/news,603557,988264464.html",2020-12-18 19:12:19,现在都服气了？和谐了？没人跳出来唱多了？？？
股友们，弯腰捡钱啊，我9.15建仓，现在加仓后成本8.9，我不信主力能忍住不拉，,"https://guba.eastmoney.com/news,603557,988123296.html",2020-12-18 12:29:33,股友们，弯腰捡钱啊，我9.15建仓，现在加仓后成本8.9，我不信主力能忍住不拉，一个涨停板就赚钱
跌倒8.5左右我进来接盘,"https://guba.eastmoney.com/news,603557,988250285.html",2020-12-18 17:44:44,跌倒8.5左右我进来接盘
603557:起步股份关于媒体报道的澄清公告,"https://guba.eastmoney.com/news,603557,987164731.html",2020-12-15 22:28:06,"公告日期：2020-12-16

证券代码：603557 证券简称：起步股份 公告编号：2020-091

起步股份有限公司

关于媒体报道的澄清公告

本公司董事会及全体董事保证本公告内容不存在任何虚假记载、误导性陈述或者重大遗漏，并对其内容的真实性、准确性和完整性承担个别及连带责任。

近日，起步股份有限公司（以下简称“公司”）关注到部分媒体关于《网红翻车背后：起步股份财务存疑》的报道，并被其他媒体转载。基于对投资者负责的态度，公司就相关报道内容进行了核实，认为该报道描述与事实不符。为避免对投资者构成误导，公司现予以澄清说明。

一、澄清说明

（一）报道中提及“公司在 IPO 期间对陕西鼎臻儿童用品有限公司的销售
金额的真实性存疑”。

公司主要的销售模式为两级经销模式，公司向经销商的销售为买断式销售。公司直接销售产品给一级经销商，一级经销商的销售渠道分为直营和经销两种模式：其中，直营是指经销商自行开设直营门店进行销售，经销是指一级经销商将产品销售给其客户，即二级经销商，并由二级经销商自行开设门店进行产品销售。陕西鼎臻儿童用品有限公司（以下简称“陕西鼎臻”）是公司一级经销商，主要通过二级经销商开设门店销售公司产品。经向陕西鼎臻询问，因其于 2014 年 10月发生火灾导致办公场所受损，当地工商部门将陕西鼎臻 2014 年度企业经营状态以“歇业”做登记处理，但其日常商业往来、经销的门店并未受到影响。根据国家企业信用信息公示系统显示，除 2014 年因上述原因导致工商年报填报为“歇业”外，陕西鼎臻自成立以来历年年报经营状态均填报为“开业”。

经公司自查与陕西鼎臻之间的销售合同、收发货记录、收款凭证等相关资料，公司对陕西鼎臻的销售数据真实、准确，公司招股说明书及相关公告不存在虚假描述。


（二）报道中提及“怀疑泉州起程电子商务有限公司很可能是起步股份隐藏的关联方”。

泉州起程电子商务有限公司（以下简称“泉州起程”）原为负责公司线上销售的经销商，2015 年 3 月份之前，公司将线上经销权授权给泉州起程负责，由其负责公司相关产品的线上销售、推广。由于电商业务的迅速发展和大众网上购物习惯的普及，为适应上述消费趋势的转变，公司开始逐步通过直营模式销售自身产品，故于 2015 年 3 月末收回了泉州起程线上渠道的经销权并与泉州起程约定在泉州起程运营的天猫、京东等线上门店的经营主体变更为起步股份之前，公司仍以泉州起程名义在相关线上门店进行产品销售。2016 年初，泉州起程运营的天猫门店和京东门店的运营主体逐步正式变更为起步股份。

由于泉州起程前期开展公司产品线上销售的需要，泉州起程分别在天猫、京东、唯品会等主要电商平台注册了以 ABCKIDS 旗舰店为店名的各类网店，这也就直接导致其在企查查网站上显示的官网网址为天猫 abckids 旗舰店网店的地址（https://abckids.tmall.com/）。同时经公司自查，泉州起程与公司不存在《上海证券交易所上市规则》、《上市公司关联关系实施指引》等相关规定的关联关系。
（三）报道中提及“公司与青田杰邦鞋服有限公司的关系可能并不寻常”。
根据《上市公司关联关系实施指引》第五十九条规定，关联自然人关系密切的家庭成员包括：配偶、年满十八周岁的子女及其配偶、父母及配偶的父母、兄弟姐妹及其配偶、配偶的兄弟姐妹、子女配偶的父母。青田杰邦鞋服有限公司（以下简称“青田杰邦”）的前法定代表人邹培暖为公司实际控制人章利民的姐夫邹培闹的弟弟，但不属于《上市公司关联关系实施指引》中规定的公司关联自然人关系密切的家庭成员，即不属于公司的关联方。经对照《上海证券交易所上市规则》、《上市公司关联关系实施指引》等相关规定，公司与青田杰邦不存在法律法规规定的关联关系。经公司自查与青田杰邦之间的采购合同、收发货记录、付款凭证等相关资料，公司对青田杰邦的采购交易真实存在，相关定价公允、合理，公司招股说明书及相关公告不存在虚假描述。

（四）报道中提及“在营收持续增长的背景下，起步股份的生产人员数量下降幅度太过异常，我们怀疑起步股份可能虚减了与人员有关的成本费用”。

公司采用自主生产和外协生产相结合的生产方式，随着公司业务重心逐步专
注于附加值较高的品牌运营和渠道建设管理，OEM 生产方式占比提高，公司自
产产能有所下降。因此公司在营业收入逐年增长的情况下，期末生产人员和研发
人员数量有所减少。

单位：万双、万件、万个

生产方式……
[点击查看PDF原文]
提示：本网不保证其真实性和客观性，一切有关该股的有效信息，以交易所的公告为准，敬请投资者注意风险。
展开阅读全文"
2,"https://guba.eastmoney.com/news,603557,988237930.html",2020-12-18 16:44:43,2
请问辛巴团队直播卖的婴儿奶粉计入公司和辛选合资的辛起新零售的营业额吗？,"https://guba.eastmoney.com/news,603557,988228394.html",2020-12-18 15:51:45,"请问辛巴团队直播卖的婴儿奶粉计入公司和辛选合资的辛起新零售的营业额吗？
ST起步
起步股份：尊敬的投资者您好！辛巴团队直播卖的婴儿奶粉和公司无关系，不计入合资公司辛起新零售的营业额，感谢您的关注！
(来自上证e互动)答复时间 2020-12-18 15:51:45"
买错了吗,"https://guba.eastmoney.com/news,603557,988232863.html",2020-12-18 16:20:48,买错了吗
起步股份二股东辛巴涉嫌虚假宣传、售卖假货及泄漏消费者隐私并打击报复，即将被网监封,"https://guba.eastmoney.com/news,603557,988214630.html",2020-12-18 15:23:53,起步股份二股东辛巴涉嫌虚假宣传、售卖假货及泄漏消费者隐私并打击报复，即将被网监封禁。周末两天给持有的投资者一个思考机会，下周是该行动的时候了
阴跌不止,"https://guba.eastmoney.com/news,603557,988214215.html",2020-12-18 15:22:40,阴跌不止
物极必反,"https://guba.eastmoney.com/news,603557,988230736.html",2020-12-18 16:12:12,物极必反
辛巴是旷世奇才,"https://guba.eastmoney.com/news,603557,988230054.html",2020-12-18 16:09:02,辛巴是旷世奇才
以后改名叫辛巴股份,"https://guba.eastmoney.com/news,603557,988229171.html",2020-12-18 16:04:52,以后改名叫辛巴股份
你真要去摸8.18吗,"https://guba.eastmoney.com/news,603557,988209204.html",2020-12-18 15:09:44,哎
快涨停开启呀准备子弹干哇,"https://guba.eastmoney.com/news,603557,988228719.html",2020-12-18 16:02:20,快涨停开启呀准备子弹干哇
起步股份：主力资金连续9天净流出累计1.07亿元（12-18）,"https://guba.eastmoney.com/news,603557,988227753.html",2020-12-18 15:59:27,"起步股份2020年12月18日收报8.74元，涨跌幅-1.69%，换手率1.18%。当日该股主力资金流入223.61万元，流出453.77万元，主力净流出230.16万元。当日散户资金流入4722.5万元，流出4492.34万元，散户净流入230.16万元。资金流向分布情况如下图：


起步股份近五日主力资金、超大单资金流向情况如下表：
日期	涨跌幅	主力资金	超大单资金
净流入(元)	净占比(%)	净流入(元)	净占比(%)
12-18	-1.69%	-230.16万	-4.48	0	0
12-17	1.37%	-663.81万	-7.24	0	0
12-16	-1.35%	-504.48万	-4.74	12.45万	0.12
12-15	-3.47%	-1508.63万	-12.3	-179.01万	-1.46
12-14	-2.13%	-23.47万	-0.2	-100.15万	-0.83
数据来源：东方财富Choice数据
起步股份今日主力资金流向两市排名2376/4113，近五日内该股主力资金总体呈流出状态，五日共净流出2930.54万元。
数据来源：东方财富Choice数据
【注】CHOICE资金流向指标定义：
超大单：大于等于50万股或者100万元的成交单
大单：大于等于10万股或者20万元且小于50万股和100万元的成交单
中单：大于等于2万股或者4万元且小于10万股和20万元的成交单
小单：小于2万股和4万元的成交单
主力流入：超大单加大单买入成交额之和
散户流入：中单加小单买入成交额之和
净占比=(流入-流出)/总成交额
免责声明：本文基于大数据生产，仅供参考，不构成任何投资建议，据此操作风险自担。

"
周一一字跌停，挖深坑埋散户，赌对了你们男的都没有。,"https://guba.eastmoney.com/news,603557,988219619.html",2020-12-18 15:38:42,周一一字跌停，挖深坑埋散户，赌对了你们男的都没有。
无所谓了，我五十个点都没了，还在乎涨跌嘛！赚点钱全赔起步了,"https://guba.eastmoney.com/news,603557,988112243.html",2020-12-18 11:46:17,无所谓了，我五十个点都没了，还在乎涨跌嘛！赚点钱全赔起步了
这股庄已经跑了,"https://guba.eastmoney.com/news,603557,988214060.html",2020-12-18 15:22:30,这股庄已经跑了
尾盘8.89买入5万股，合计25万股，成本9.29,"https://guba.eastmoney.com/news,603557,987071140.html",2020-12-15 15:17:31,尾盘8.89买入5万股，合计25万股，成本9.29
是跌不动了吗？,"https://guba.eastmoney.com/news,603557,988075885.html",2020-12-18 10:48:17,大家来讨论一下，今天来看是没量了，是不是没人砸盘了，从技术面来看是不是跌不动了啊？
辛巴凉了，这票也跟着凉,"https://guba.eastmoney.com/news,603557,988180004.html",2020-12-18 14:24:14,辛巴凉了，这票也跟着凉
第四季度报表是啥时候出的,"https://guba.eastmoney.com/news,603557,988135014.html",2020-12-18 13:13:06,第四季度报表是啥时候出的
今天这样了，都洗洗睡吧，去仁东看戏去,"https://guba.eastmoney.com/news,603557,988143089.html",2020-12-18 13:25:05,今天这样了，都洗洗睡吧，去仁东看戏去
深不见底，看看7.8RMB能不能止跌吧，目前技术面来看一点反弹的右侧交易都没有！,"https://guba.eastmoney.com/news,603557,988159377.html",2020-12-18 13:50:19,深不见底，看看7.8RMB能不能止跌吧，目前技术面来看一点反弹的右侧交易都没有！散户割散户！进来一批，被割了走了，又来一批接盘的接着被割！散户千万不要和趋势作对！
垃圾玩意,"https://guba.eastmoney.com/news,603557,988155911.html",2020-12-18 13:44:42,垃圾玩意
证监会好好查查绝对是个庄股,"https://guba.eastmoney.com/news,603557,988158041.html",2020-12-18 13:48:04,证监会好好查查绝对是个庄股
今年没行情了粉小散太多没庄进了股已烂割肉走了还是喝酒香！,"https://guba.eastmoney.com/news,603557,988154571.html",2020-12-18 13:42:38,今年没行情了 粉小散太多 没庄进了 股已烂 割肉走了 还是喝酒香！
没人看好了,"https://guba.eastmoney.com/news,603557,988043015.html",2020-12-18 10:06:27,没人看好了
估值3400亿的快手平台计划在港股上市，每日活跃用户三亿以上。辛选的流量，粉丝，,"https://guba.eastmoney.com/news,603557,988108521.html",2020-12-18 11:36:40,估值3400亿的快手平台计划在港股上市，每日活跃用户三亿以上。辛选的流量，粉丝，直播销售额均占到快手一半左右，保守按三分之一算，辛选集团估值是1100亿-1500亿，这也是辛巴唱挂在嘴边的背后千亿资本，以后随着抖音，快手平台上市，辛选集团也很水涨船高，东北的快手老板身价将超过赵本山。随着主播带货的监管政策出台，这个朝阳行业会越来越规范，辛选集团的未来不是谁都能高攀上的，起步现在和辛选合作将共同成长。
破八接盘，坐等！,"https://guba.eastmoney.com/news,603557,988151334.html",2020-12-18 13:37:25,破八接盘，坐等！
有个屁主力,"https://guba.eastmoney.com/news,603557,988134408.html",2020-12-18 13:12:11,有个屁主力
反弹在即！！起步很晚！！涨幅很大,"https://guba.eastmoney.com/news,603557,988115238.html",2020-12-18 11:56:25,反弹在即！！起步很晚！！涨幅很大
有完没完了,"https://guba.eastmoney.com/news,603557,988130607.html",2020-12-18 13:04:25,有完没完了
5日均线都过不去，可见基本没机构柚子进来了,"https://guba.eastmoney.com/news,603557,988126580.html",2020-12-18 12:46:16,5日均线都过不去，可见基本没机构柚子进来了
辛巴拉起步垫背了[捂脸],"https://guba.eastmoney.com/news,603557,988078986.html",2020-12-18 10:52:45,辛巴拉起步垫背了
洗洗更健康根基更稳！[大笑][大笑][大笑][拜神][拜神][拜神][胜利],"https://guba.eastmoney.com/news,603557,988124305.html",2020-12-18 12:34:27,洗洗更健康根基更稳！
明天又开始下跌模式，下周破8元！,"https://guba.eastmoney.com/news,603557,987876782.html",2020-12-17 17:50:08,明天又开始下跌模式，下周破8元！
有些转债跌下去，就涨不起来了：拉黑8只转债,"https://guba.eastmoney.com/news,603557,987939714.html",2020-12-17 22:33:36,"今天拉黑了8只转债。如果未来它们的价格不出现极高的性价比，以至到了我不能承受诱惑的地步，我将不再买入它们。
拉黑的原因是，这8只转债的正股有庄股的嫌疑，均曾经发生过诡异的暴跌。这8只转债名单如下：为首的国城矿业，曾在9月底10月初连续5个跌停，排第二位的孚日股份在4月份同样突然连续5个跌停，最近暴跌的是永鼎股份、今飞凯达，均在11月底暴跌，永鼎股份连续4个跌停，今飞凯达连续3个跌停。这些股票暴跌的共同点是：暴跌之后，公司均表示经营正常，找不到暴跌的原因。
起步股份或许不算庄股，但上市公司引进网红辛巴刺激股价，起步股份连续5涨停后暴跌，现已跌回炒作前的价格，前几天还出现跌停，性质与庄股差不多，故归为一类。
为什么庄股转债不能投呢？因为一旦打上了庄股的标签，无论是股票还是转债，跌下去就很难涨起来了。
以国城矿业为例，9月份暴跌前股价为23元，今天收盘仅为10.17元，要涨回去得翻一倍，得到何年何月？9月份暴跌时，国城转债从110元跌到90元，今天国城转债仅87.15元。若你在9月份抄底国城转债，整整三个月不但一无所获，可能还产生亏损。
孚日转债则更惨，从暴跌前130多元跌到110元才刹住车，随后继续阴跌至98元。今日收盘价仅93.805元。从 5月份以来，孚日转债最高到过113元，抄底者若未及时卖出，至今没有利润，白白错过机会。
不是有庄的股票更好吗？为什么跌下去转债难涨起来？
第一，庄股你无法判断庄家是否出货完毕，万一暴跌之后还有第二波暴跌呢？防不胜防。所以一只股票若被公认为庄股，大部分投资者都会远离，没有新资金进入，自然难涨。正裕工业就出现过两波下跌，9月底连续3个交易日触及跌停，12月9日再度毫无征兆暴跌，3个交易日跌去19.23%。第二，由于可转债有债底保护，跌到面值附近就难以往下跌了，这样当正股连持续猛跌，转债维持在100元左右的价格时，就会产生很高的溢价。高溢价会抑制正股与债券的联动效应，即使正股涨停，转债可能也没什么反应，投资这样的转债，可能相当长一段时间都不涨，付出巨大的机会成本。不仅庄股转债如此，100元附近的转债均有此毛病。
以亚太转债为例，正股亚太股份今天涨停，但亚太转债仅涨了1.75%。而同日涨停的盛屯矿业、天汽模、永兴材料则不同，盛屯转债涨了11.43%，汽模转2涨了14.88%、永兴转债涨了9.38%。
究其原因，就是盛屯转债、汽模转2、永兴转债没有什么溢价，跟正股关系密切。而亚太转债被59%的高溢价封印了，与正股已经貌合神离。
第三，庄股之所以成为庄股，很多时候是因为上市公司业绩差，股价上涨乏力，大股东为了拉升股价勾结外部游资联手做局。做局完成股价暴跌，股票被投资者送进垃圾堆，公司自身又无业绩促股价反弹，股票和转债将日趋丧失流动性，每况愈下。如孚日转债、维格转债，长期日成交量只有几百万元，奄奄一息。
而起步转债这种，正股连续3年业绩下降，上市公司本来想引入网红辛巴刺激一波股价，谁料辛巴直播售假弄得声名狼藉，如今公司业绩依旧不行，网红概念也蹭不到了，后续想再涨上去还有什么可倚靠呢？
实际上，不仅仅庄股转债，其他得到100元附近的转债都有流动性丧失的危险。因为这些转债，基本都是上市公司业绩不好等原因才沦落到100元的。低价入手这种转债可能不会亏损，但可能长期不涨，错失机会。只不过相比之下，有庄股嫌疑的转债风险更大而已。
截至今天收盘，100元以下的转债有以下26只：这26只转债，大股份溢价率都很高，最高的岩土转债溢价率高达147.95%。这些转债上涨的动力来自两方面：
第一，正股突发重大利好，连续几个涨停抹平溢价，从而带动转债上涨。去年的模塑转债，今年的小康转债就是这种，但发生的概率太小了。
第二，上市公司下修转股价，间接降低转债溢价率，刺激转债价格上涨。前两天宣布下修转股价的胜达转债属于这种。
第三，牛市来临，大盘暴涨，所有股票狂涨，带动转债上涨。
除此之外，100元附近的转债长期处于一潭死水的状态，一动不动。若你没有持有半年以上的耐心，那就要谨慎投资这些转债。因为不持有半年以上，基本上等不到重大利好和下修转股价这样的小概率事件发生，也等不到牛市。
毕竟便宜没好货，在哪个领域都一样。
以上所述为本人投资思想记录，非投资建议，请勿照此投资，否则亏损自负。文章所引数据可能有错漏，仅供参考，请以上市公司公告为准。延伸阅读：怎样利用钱公子，年赚200万？ 炒股、可转债投资，要关注哪些网站？
（来源：钱公子笔记的财富号 2020-12-17 22:31）[点击查看原文]
#笔记广场#
展开阅读全文"
跌到3元左右,"https://guba.eastmoney.com/news,603557,988119361.html",2020-12-18 12:12:18,跌到3元左右
洗洗更健康[大笑][大笑][鼓掌][鼓掌][胜利][胜利][胜利][胜利],"https://guba.eastmoney.com/news,603557,988124183.html",2020-12-18 12:33:38,洗洗更健康
不知你们发现没有，整个快手平台就是辛选团队始终在卖货。今天又轮到蛋蛋带货，而且都,"https://guba.eastmoney.com/news,603557,987970775.html",2020-12-18 03:27:03,不知你们发现没有，整个快手平台就是辛选团队始终在卖货。今天又轮到蛋蛋带货，而且都是奢饰品。这说明什么？
无所谓了已经没了'五十个点,"https://guba.eastmoney.com/news,603557,988111765.html",2020-12-18 11:44:46,无所谓了已经没了'五十个点
不管是看空还是看多，希望大家以后尽量少发帖或者发高质量的贴，让热度慢慢降下来，股,"https://guba.eastmoney.com/news,603557,988114811.html",2020-12-18 11:54:40,不管是看空还是看多，希望大家以后尽量少发帖或者发高质量的贴，让热度慢慢降下来，股吧清净了，也就有希望了。筑底是个过程，不要在意每一天的涨跌，有时间多研究研究基本面，技术面，
今天买了金种子真爽,"https://guba.eastmoney.com/news,603557,988109601.html",2020-12-18 11:37:55,今天买了金种子真爽
驴家军来看笑话了,"https://guba.eastmoney.com/news,603557,988101740.html",2020-12-18 11:25:01,驴家军来看笑话了
起步股份涉及辛巴的，有各种明雷暗雷，说不定哪个随时就爆了。拿着这股票就是捧着这些,"https://guba.eastmoney.com/news,603557,988078167.html",2020-12-18 10:51:40,起步股份涉及辛巴的，有各种明雷暗雷，说不定哪个随时就爆了。拿着这股票就是捧着这些地雷睡觉
世风日下骗子横行有再多不干净的钱也不值得人崇拜垃圾,"https://guba.eastmoney.com/news,603557,988109149.html",2020-12-18 11:37:56,世风日下骗子横行 有再多不干净的钱也不值得人崇拜 垃圾
晃晃悠悠，看样子穿了小鞋了，就算起步也是小碎步,"https://guba.eastmoney.com/news,603557,988108546.html",2020-12-18 11:35:26,晃晃悠悠，看样子穿了小鞋了，就算起步也是小碎步
我让套了三年最后以17.3的价格出完，挣了2万多,"https://guba.eastmoney.com/news,603557,988042908.html",2020-12-18 10:06:24,我让套了三年最后以17.3的价格出完，挣了2万多
辛巴2个亿，撬动了起步40个亿的下跌。等辛巴燕窝事件平息了，再回直播间，这股票回,"https://guba.eastmoney.com/news,603557,988081229.html",2020-12-18 10:56:02,辛巴2个亿，撬动了起步40个亿的下跌。等辛巴燕窝事件平息了，再回直播间，这股票回到15问题不大，只是时间问题。当年国美大光头出来时股票一样大涨。
下午见,"https://guba.eastmoney.com/news,603557,988092825.html",2020-12-18 11:11:18,下午见
辛巴事件可以告一段落了，辛巴即将复出。,"https://guba.eastmoney.com/news,603557,988007131.html",2020-12-18 09:11:09,辛巴事件可以告一段落了，辛巴即将复出。
今天的盘面貌似跌不动了啊？,"https://guba.eastmoney.com/news,603557,988071545.html",2020-12-18 10:41:08,量小了，也没了以前盘中的砸单了，懂技术面的来讨论一下啊！
辛巴不是才5%的股份嘛？起步你是卖啥的，还有95%股份吃软饭的呀，无语了,"https://guba.eastmoney.com/news,603557,988041851.html",2020-12-18 10:03:59,辛巴不是才5%的股份嘛？起步你是卖啥的，还有95%股份吃软饭的呀，无语了，主营就这么差吗？
明早一字停………………跌还是涨你们说？,"https://guba.eastmoney.com/news,603557,987102441.html",2020-12-15 17:12:33,明早一字停………………跌还是涨你们说？
这里没热度了，散户游资，机构都去仁东了,"https://guba.eastmoney.com/news,603557,988028212.html",2020-12-18 09:48:15,这里没热度了，散户游资，机构都去仁东了
已经跌不下去了,"https://guba.eastmoney.com/news,603557,988036195.html",2020-12-18 09:58:25,已经跌不下去了
徐老板买的次新股你们也敢买？,"https://guba.eastmoney.com/news,603557,987991004.html",2020-12-18 07:57:14,徐老板买的次新股你们也敢买？
说一说辛巴,"https://guba.eastmoney.com/news,603557,982205164.html",2020-11-27 08:51:02,说一说辛巴
卖那么多假货早晚抓去判刑，现在是网络时代，十分钟整个世界多知道了,"https://guba.eastmoney.com/news,603557,987968047.html",2020-12-18 02:12:24,卖那么多假货早晚抓去判刑，现在是网络时代，十分钟整个世界多知道了
满仓干起来，818的兄弟们，冲啊干就完了啊哈哈,"https://guba.eastmoney.com/news,603557,987770026.html",2020-12-17 13:36:20,满仓干起来，818的兄弟们，冲啊 干就完了啊 哈哈
起步今天又有股票解禁,"https://guba.eastmoney.com/news,603557,988007635.html",2020-12-18 09:14:23,起步今天又有股票解禁
此股低于9元就大胆买，别听兔子就不种黄豆了。,"https://guba.eastmoney.com/news,603557,988002975.html",2020-12-18 08:54:39,此股低于9元就大胆买，别听兔子就不种黄豆了。
尽点股东的义务，呼吁一下公司采取积极有效的措施，不能眼见股价被操纵，恶意打压而坐,"https://guba.eastmoney.com/news,603557,987571433.html",2020-12-17 01:09:28,尽点股东的义务，呼吁一下公司采取积极有效的措施，不能眼见股价被操纵，恶意打压而坐视不理，发几篇无用的安民告示不如采取实际行动
明天开始连续跌停,"https://guba.eastmoney.com/news,603557,987916842.html",2020-12-17 21:07:45,明天开始连续跌停
明天涨停！两个涨停就回本！[大笑][大笑][大笑][胜利][胜利][胜利],"https://guba.eastmoney.com/news,603557,987888053.html",2020-12-17 18:52:13,明天涨停！两个涨停就回本！
曝光一个五年股龄的害人虫，真是祸害一枚，建议大家合力斩除，为民除害！！！,"https://guba.eastmoney.com/news,603557,987536473.html",2020-12-16 21:28:20,曝光一个五年股龄的害人虫，真是祸害一枚，建议大家合力斩除，为民除害！！！
不知道是骗子的手法太高明，还是小镇姑娘的劝告不详细？就连央视的提醒都耳若旁闻，谁,"https://guba.eastmoney.com/news,603557,987731860.html",2020-12-17 11:46:32,不知道是骗子的手法太高明，还是小镇姑娘的劝告不详细？就连央视的提醒都耳若旁闻，谁都解放不了你。起步股份就如没落秋叶，留守着这只股票算是情怀吧
哈哈哈哈……明天一起数钱！,"https://guba.eastmoney.com/news,603557,987896112.html",2020-12-17 19:31:33,哈哈哈哈……明天一起数钱！
股市不欢迎网红,"https://guba.eastmoney.com/news,603557,987830137.html",2020-12-17 15:03:35,"作者 | 魏婕 编辑 | 黎明
直播带货风生水起，网红成了众人追捧的香饽饽。商家们争先恐后地拥抱网红，双手奉上自家的看家产品， 希望能被头部主播选中。网红，成了商家销量的保证。另一边，上市公司也跃跃欲试地想要搭上网红经济这班顺风车，他们不用网红带货，而是剑走偏锋——通过和网红进行股权上的合作，拉动股价疯狂涨停。
  从有望套现1个多亿的“原来是西门大嫂”，到冲击资本市场遇挫的罗永浩和吴晓波，从身陷“假燕窝“风波的辛巴，到撑不起上市公司的张大奕......资本市场拥抱网红已不是偶然，反而还形成了固定剧本：高溢价牵手网红—股价涨停再涨停—引发质疑—热潮退去—股价大幅回落。   在这出资本大戏中，谁是导演？谁是撑起这场戏的群演？他们在打什么算盘？他们会以什么方式出场并落幕？深燃带你看清背后的门道。
网红遇A股先牵手，后翻车
网红和股市就像一对眉来眼去、你有情我有意的恋人，总想找机会发生一些故事。股市每次向网红抛来橄榄枝的瞬间总能引发市场的关注。不过，根据过往合作案例来看，这两者的结合最后往往会翻车。   12月8日，主营业务为整合营销的A股上市公司元隆雅图发布公告称，拟斥资2.7亿元收购知名网红“原来是西门大嫂”背后的有花果传媒公司60%股权。此次交易溢价高达52倍，引发市场广泛质疑。该网红本名张馨心，在有花果传媒公司持股比例为45.8%，交易如果达成，张馨心将套现约1.24亿元。   消息放出的第二天，股市很给面子，元隆雅图股价全天飘红，涨幅最高达3.58%。不过从12月10日开始，股市仿佛回过神来一样，连跌不止。12月14日，跌幅最大达10.52%。   同样是在12月，互联网初代网红罗永浩冲击资本市场的尝试以失败告终。   12月3日晚间，上市公司尚纬股份发布公告称，终止收购星空野望40.27%股权事项，老罗的“真还传”剧本改写。此前，尚纬股份打算以28倍的溢价，花5.89亿元与老罗绑定。在《脱口秀大会》总决赛中，罗永浩透露，2018年底开始欠下的6亿元债务，已经偿还了近4亿元。如果不出意外的话，他应该能够在一年内还清欠款。随着收购终止，罗永浩的还款计划出现了新变数。  来源 / 《脱口秀大赛》   而在更早之前，和罗永浩命运相似的是财经网红吴晓波。2019年3月31日，全通教育发布公告称，拟作价15亿元收购吴晓波创办的杭州巴九灵文化创意股份有限公司96%股权。收购重组方案公布后，来自深交所的问询函甚至直接询问此次交易是否为“忽悠式”重组。半年后，此次并购以失败告终。   股市惦记网红，不是一天两天了，他们兴高采烈地牵手，又前赴后继地“翻车”。   近日，“快手一哥”辛巴售卖假燕窝事件持续升级。广州市白云区市场监督管理局称，正在对此次事件进行调查。受此消息影响，12月10日，与辛巴存在股权绑定的起步股份股价跌停。12月11日，起步股份股价跌出近半年的新低点——8.47元，较双方“联姻”时9月23日17.55元/股的高点，跌去51.7%。   成功上岸的公司日子也不好过。  微博图文时代的顶流网红张大奕与开淘宝女装店的冯敏合作，将这家名为如涵控股的公司推向纳斯达克，套上了“网红电商第一股”的光环。然而好景不长，如涵“上市即巅峰”，上市破发、连年亏损，市值从最高超过10亿美元缩水至2.41亿美元，蒸发了75%。在美股逗留了1年零7个月后，三位创始人提议将公司私有化。   而在今年上半年，上市公司与网红捧起对方的双手，上一秒还是“小甜甜”，下一秒就变成“牛夫人”的戏码更是频频上演。“直播一哥”李佳琦、“直播一姐”薇娅、“田园牧歌”派网红李子柒均出演过类似大戏。甚至都不需要绑定股权，股市疯狂到“沾薇娅就涨，贴李佳琦就飙”。   今年5月份，主业为家纺的梦洁股份宣布与谦寻文化签订战略合作协议，与旗下主播薇娅在消费者反馈、产品销售、薇娅肖像权、公益等方面开展合作。此消息一出，梦洁股份连续拉出7个涨停板，短短两周内，梦洁股份股价累计上涨幅度高达124.13%。但在此期间，梦洁股份大股东们却接连减持股份，引发监管部门关注，最终引发股票大跌。网友们调侃称，双方为股民们演示了一波教科书式“割韭菜”。   “直播一哥”李佳琦也没缺席。2020年1月15日晚，新文化发布公告，与李佳琦所在公司美腕达成合作。随后新文化股价上演5连板。不过和梦洁股份经历相似，新文化后因股价热炒引来深交所问询，1月23日股价跌停。   李子柒与女鞋上市公司星期六的故事更加“蜿蜒曲折”。星期六，辛苦卖鞋20年，不及搭乘网红概念20天。股权穿透图显示，星期六的实控人张泽民通过上市公司星期六的母公司——深圳市星期六投资控股有限公司持有广州琢石成长股权投资企业18.9%的股权。而广州琢石是微念科技的投资人，持股比例5.66%。因此，张泽民间接持有子柒文化0.55%的股权。   即便实控人资产并不属于上市公司，但就是因为这么一丁点关系，2019年12月12日，星期六迎来了第一个涨停。短短一个月，星期六股价从7.2元上涨至30.22元，市值上涨至223亿元，市盈率高达159倍。但随后股价暴跌。   一个愿意买，一个急着卖，不管面对多少质疑，也无法阻挡他们不顾一切相爱又翻车的脚步。
捞一笔就跑？网红加股市套路深
加倍！再加倍！这不是斗地主，而是上市公司收购网红所在公司时的真实状况。   在全通教育牵手吴晓波的案例中，3倍的溢价算是相当“保守”了。最近尚纬股份牵手老罗28倍的溢价、元隆雅图给“原来是西门大嫂”开出的52倍溢价，让人们渐渐看明白上市公司“迎娶”网红的一个重要规律——高溢价。   根据元隆雅图的公告，该公司拟以现金方式收购北京有花果文化传媒有限公司60%股权，交易对价2.7亿元。公告中展示了第三方机构出具的评估报告：截至2020年9月30日，有花果全部权益价值为4.54亿元，账面净资产为851.01万元，溢价率达到5230.07%。值得注意的是，收购方元隆雅图并不富裕，截至今年三季度，元隆雅图账面的货币现金仅为1.78亿元。另一则公告显示，元隆雅图拟向控股股东借款不超过2亿元。   尚纬股份同样大方地给罗永浩背后公司开出了5.89亿元的“彩礼钱”，数据显示，截至今年9月底，星空野望净资产为5192.48万元，若以尚纬股份5.89亿元收购40.27%的股权计算，其溢价率高达2819.13%。   为什么这些上市公司愿意花大价钱、甚至宁可举债也要“迎娶”网红呢？   其实，局外人看来这些公司似乎“人傻钱多”，但精心构建资本局的双方有厚利可图。   尚纬股份高溢价收购星空野望失败后，大股东的 “套现局”轮廓渐渐清晰。这笔交易一旦达成，甚至可能出现创始人“人在牢中坐，钱从天上来”的“魔幻套现戏码”。该公司创始人李广元在2016年因行贿罪被判11年，此次交易前持有尚纬股份28%的股份，且与其控股股东、实际控制人李广胜为兄弟关系。按照收购协议，如果要让尚纬股份实控人同意将星空野望注入上市公司，星空野望的股东就必须同意用转让款来承接尚纬股份实控人关联方李广元持有的股份。由此，这笔交易中尚纬股份支付的5.89亿元，将有3.4亿元间接流入公司实控人关联方李广元的“口袋”。   如果说通过收购套现的流程过于繁琐，还有另一种“简化版”方式——宣布与顶流网红合作，甚至曲线投资网红所在公司，拉动股价暴涨，大股东趁机套现。   星期六、梦洁股份、起步股份都曾有过类似操作。   仅仅是因为星期六实控人张泽民间接持有李子柒所在的子柒文化0.55%的股权，就引来游资疯狂炒作。同花顺数据显示，从2019年12月13日至2020年1月10日，星期六先后11次现身龙虎榜，席位基本上被各路营业部占领，各大游资接力推波助澜。2020年1月17日晚间，星期六发布公告称，公司董事李刚、董秘何建锋、副总经理李礼合计减持37.98万股，共套现约1251万元。1月16日至21日，控股股东深圳市星期六投资控股有限公司合计减持735.45万股，共套现约2.4亿元。  来源 / 星期六减持公告   今年5月11日，梦洁股份与薇娅所在的谦寻文化签署《战略合作协议》，消息发布后，梦洁股份在5月12日至20日连收7个涨停板。之后，公司股东武静于5月12日至18日期间，合计减持公司股份1.85%。今年3月-5月，该公司高管及股东团队成员累计减持金额过亿元。   9月16日，起步股份发布一则关于股份转让协议的公告，交易完成后，辛巴系将成为起步股份第二大股东。消息一出，起步股份股价立即大涨，9月17日-23日连续5个交易日涨停，累计涨幅达61.14%。9月30日，起步股份发布公告称，9月7日至23日，起步股份控股公司香港起步减持2.36%，减持总金额约1.15亿元。  总结来看，网红和股市的结合特点有——高溢价、通过收购套现，或股价拉升后有套现行为。  那么，从公司特征来看：什么样的上市公司格外青睐网红？   财报给你答案：财报数据显示，根据尚纬股份10月24日公布的2020年三季报，该公司归属于上市公司股东的净利润为4600万元，同比下降51.47%，基本每股收益比上年同期减少50%至0.09元/股。算上这次，这是尚纬股份上市以来第3次跨界并购失败了。   根据起步股份2020年三季报，2020年1-9月实现收入8.90亿元，同比下降16.13%，扣非归母净利润5505万元，同比下降56.13%，2018年、2019年这两年扣非归母净利润同比分别下滑了11.85%及19.85%。就在最近，起步股份还面临媒体对于其“隐藏关联方、虚减费用及虚增业绩”等质疑，12月16日发公告做出了澄清。   再看全通教育，12月7日，全通教育发布公告称，鉴于公司2019年净利润金额未达到公司层面业绩考核要求，决定减少总股本和注册资本。9月23日，证监会广东监管局公布，全通教育存在信披违规行为，2016年年报多计收入2316.93万元、占公司当年营业收入的2.37%，净利润多计164万元、占公司当年净利润的1.59%。2019年，全通教育实现营收7.18亿元，同比缩减14.51%；全年净亏损7.33亿元，较上年同期净亏损扩大了11.59%。  普遍来看，这些公司主营业务疲软，不被资本市场看好、备受质疑、命途多舛，因此想通过和网红牵线来逆天改命也就容易理解了。 “脆弱”的商业模式网红救不了上市公司
在为张大奕量身定制的纪录片《网红》中，配了一句英文，“Baby, you're firework”——主动将网红比作“绚烂又短暂”的烟花，冥冥之中暗示了网红经济的脆弱。   网红，在如今全民带货的时代，意味着关注度，意味着流量，在一定的条件下，还意味着产品的销量。卖淘宝女装出身的如涵创始人冯敏在上述纪录片中说道，“找一些适合当意见领袖的人，合作分工，有人格背书的店铺会起得更快”，总结出了网红经济的雏形。  来源 / 纪录片《网红》   然而，这种高度依靠个人的商业模式容易被质疑的一点就是可持续性。   在全通教育提出收购巴九灵后，深交所两度发函问询。第一次问询中，深交所要求全通教育结合巴九灵对吴晓波个人影响力的依赖度、吴晓波个人IP的价值变化及可持续性等，说明巴九灵业务模式的稳定性、业务经营的可持续性。换言之，深交所对于依靠个人IP而运作的商业模式可持续性提出了质疑。   深交所还特别提出，此次交易的实质是否为吴晓波个人IP证券化。全通教育回应称，实质为标的公司完整业务体系的证券化。不过，之后这桩收购告吹。   这种风险在张大奕及如涵身上体现地更为明显。今年4月，张大奕与天猫总裁蒋凡出现绯闻。在如涵2021财年Q1财报电话会议上，被问及张大奕在这个季度收入的贡献和增长时，如涵方面称，在产品销售收入方面，与上一财年同期相比，由张大奕产生的收入下降了约33%，主要原因之一是自2020年4月以来，出现的负面宣传影响了收入。   除了负面消息的影响，张大奕本身的影响力也大不如前。2016年，张大奕可以在镜头前骄傲地喊出“2016绝对是张大奕的时代”，但如今，论带货能力，人们首先会想到的是直播网红薇娅和李佳琦。  来源 / 纪录片《网红》   在《爱丽丝漫游奇境记》中，爱丽斯和红桃皇后手拉手一同出发，但不久之后，爱丽斯发现她们两个人处在与先前一模一样的起点上，红桃皇后告诉她，“以你现在的速度你只能逗留原地。如果你要抵达另一个地方，必须以双倍于现在的速度奔跑”。这便是残酷的红桃皇后定律。更残酷的是，如果这个定律用于形容网红的职业生涯，贴切极了。   直播带货的风口吹来，张大奕拍图-修图-发图就能涨粉的优势被稀释。在直播带货全面爆发的双11中，鲜见如涵旗下网红的身影。根据数据作战室的数据，在今年11月11日双11活动最后付款的前两小时，张大奕的店铺在女装热销店铺排行榜中仅列21名。   在上述电话会议中，如涵方面称，如涵将张大奕对于收入的贡献分为两部分——一部分是平台业务下的服务收入，另一部分是产品销售收入和自营业务。平台业务下的服务收入中，张大奕产生的服务收入，主要是电商直播产生的收入，占8%，占整个服务收入的不到10%。而在产品销售收入和自营业务下，张大奕服务的网店产生的产品销售收入在本季度和上一财年同季度均占总产品销售收入的70%左右。这透露了两个信息——张大奕依然给如涵贡献了大部分收入，如涵主要收入依然来源于开网店的收入，而非直播电商。   “在网红KOL这块踩中一个风口了，就像一条小船游在海里，没必要再去北冰洋，也许会翻船。”这是冯敏对于直播这一风口的态度。   如涵将自己定义为网红孵化器，然而2017、2018、2019财年前三季度，张大奕贡献了如涵50.8%、52.4%、53.5%的收入。如涵控股登陆美股破发时，王思聪就犀利点评称，如涵的网红孵化、网红电商、网红营销模式没有验证成功，也没有证明出自己可以培养出新的KOL。如涵董事长助理在接受媒体采访时曾略显无奈地表示，“我们不认为谁还能打造下一个张大奕，她目前占据红人电商赛道中的头部位置，要想突围不太现实。”   而从实质交易过程来看，尚纬股份牵手罗永浩，元隆雅图牵手“原来是西门大嫂”，全通教育牵手吴晓波，这些都是高溢价并购，会给资本市场带来实质的动荡可能性和风险。   与高溢价并购伴随而来的则是一把达摩克利斯之剑——商誉过高，埋下暴雷隐患。   银保监会主管的学术期刊《金融监管研究》的一篇名为《商誉、高溢价并购与股价崩盘风险》的论文曾指出，根据2007-2017年A股上市公司数据，并购溢价越高或者高溢价并购事件，均会显着增加收购方的商誉资产规模。并购中产生的巨额商誉，引爆投资者情绪形成股价泡沫，是商誉加剧股价崩盘风险的另一个重要原因。前期积累的股价泡沫在公司业绩无法维持时则更加容易破裂。   这篇论文特别提到——为了减少风险，要避免跨行业并购。因为行业差别太大，收购方对被并购方的业务不熟悉，很难深入参与其运营管理，也无法形成良好的协同效应，不利于并购后企业绩效的提升。   但上述上市公司中，主营业务为电线电缆的尚纬股份、卖童装的起步股份、主营业务为软件和信息服务的全通教育，均为跨行业合作或并购。  通过以往的案例，已然清晰明了地得出一条规律——股市不欢迎网红。不过，利益驱动之下，日后或许还会出现上市公司牵手网红的戏码，并以同样的方式谢幕。   借用电影《教父》中的一句台词：“This is a business”——谈生意，仅仅有流量是不够的，生意无法活在泡沫里，而是需要活在坚韧、牢固、可持续的商业模式里。
*题图来源于Pexels。


（来源：锌锐财经的财富号 2020-12-17 15:00）[点击查看原文]
#笔记广场#
展开阅读全文"
主力是脱了裤子跑了,"https://guba.eastmoney.com/news,603557,987111747.html",2020-12-15 17:57:58,主力是脱了裤子跑了
公司业绩逐渐恢复，第四季度快速增长，前景那么好，股价却一路下跌，又不涉及燕窝，那,"https://guba.eastmoney.com/news,603557,987544061.html",2020-12-16 21:59:48,公司业绩逐渐恢复，第四季度快速增长，前景那么好，股价却一路下跌，又不涉及燕窝，那就是数据中下游大客户存在好多过票走账还没暴雷，上市前各项指标都很牛，上市后一路下滑；同时大股东辛巴个人违法行为导致股价暴跌，董事会应起诉辛巴，因他作为大股东违法行为导致股价暴跌造成的损失！@董秘@证监会
起步股份今日热门盘点,"https://guba.eastmoney.com/news,603557,987917680.html",2020-12-17 21:09:40,"起步股份今日股吧人气排名两市第1255/4241。


今日热帖 TOP6
1 . 可怜的是手中无一股，还天天来乱叫的喷子，水军。十元以上买的，现在八元多不该加仓吗…
2 . 不是有7000多万粉丝吗，一场直播成交几十个亿，把股价拉到1000也就几场直播的…
3 . 非利益相关，盘子太小，我们大资金进不去。只是研究快手的时候注意到辛巴，注意到起步…
4 . 大利好啊辛巴周六要直播卖货了懂得打懂
5 . 起步股份自从上市以来从来没有被炒过，这是机会，不过也存在没有主力愿意来炒的可能。…
6 . 看图说话
郑重声明：本文依据热度选取帖子资讯，不代表作者个人观点。

"
只要辛巴不倒，这票上去是早晚的事，7千万粉丝头部主播流量多大想过吗？辛巴如果倒了,"https://guba.eastmoney.com/news,603557,987115079.html",2020-12-15 18:14:51,只要辛巴不倒，这票上去是早晚的事，7千万粉丝头部主播流量多大想过吗？辛巴如果倒了才解套无期。个人认为这只是辛巴的一个小挫折，只要重新开播巨大的流量和销售额就马上打脸所有看空的。
【淡定的蔡斯】请投资人一定小心注意这个人，据我判断，此人可能与起步股份公司有关。,"https://guba.eastmoney.com/news,603557,987873532.html",2020-12-17 17:33:21,"【淡定的蔡斯】请投资人一定小心注意这个人，据我判断，此人可能与起步股份公司有关。
狐狸尾巴早晚会露出来，大家拭目以待。"
明天涨停涨停涨停涨停涨停涨停涨停涨停涨停涨停涨停涨停涨停涨停涨停涨停涨停涨停涨停,"https://guba.eastmoney.com/news,603557,987886096.html",2020-12-17 18:40:36,明天涨停涨停涨停涨停涨停涨停涨停涨停涨停涨停涨停涨停涨停涨停涨停涨停涨停涨停涨停明天涨停涨停涨停涨停涨停涨停涨停涨停涨停涨停涨停涨停涨停涨停涨停涨停涨停涨停涨停
一起一天到晚的就是炒狮子说事，难道5%来左右剩余的95不成，就算嘎嘣了起步鞋,"https://guba.eastmoney.com/news,603557,987884992.html",2020-12-17 18:32:15,一起一天到晚的就是炒狮子说事，难道5%来左右剩余的95不成，就算嘎嘣了起步鞋子卖不掉了吗
成也辛巴败也辛巴！,"https://guba.eastmoney.com/news,603557,987886426.html",2020-12-17 18:41:42,成也辛巴败也辛巴！
明天涨停涨停涨停涨停涨停涨停涨停涨停涨停涨停涨停涨停涨停涨停涨停涨停涨停涨停涨停,"https://guba.eastmoney.com/news,603557,987885975.html",2020-12-17 18:39:35,明天涨停涨停涨停涨停涨停涨停涨停涨停涨停涨停涨停涨停涨停涨停涨停涨停涨停涨停涨停明天涨停涨停涨停涨停涨停涨停涨停涨停涨停涨停涨停涨停涨停涨停涨停涨停涨停涨停涨停明天涨停涨停涨停涨停涨停涨停涨停涨停涨停涨停涨停涨停涨停涨停涨停涨停涨停涨停涨停明天涨停涨停涨停涨停涨停涨停涨停涨停涨停涨停涨停涨停涨停涨停涨停涨停涨停涨停涨停明天涨停涨停涨停涨停涨停涨停涨停涨停涨停涨停涨停涨停涨停涨停涨停涨停涨停涨停涨停明天涨停涨停涨停涨停涨停涨停涨停涨停涨停涨停涨停涨停涨停涨停涨停涨停涨停涨停涨停
出现了一批害虫动不动拿辛巴9.16入股做比较，我想说的是：辛巴能给起步带来五个涨,"https://guba.eastmoney.com/news,603557,987848770.html",2020-12-17 15:48:22,出现了一批害虫动不动拿辛巴9.16入股做比较，我想说的是：辛巴能给起步带来五个涨停，17块多的新高，市值升了几十个亿，4亿股份白送都值吧，而且带来了这么多崭新的韭菜，大家说，假如你是辛巴，会花四个亿买这shazhu盘吗？？
我不信你会永远跌我也不割肉我就跟你耗着,"https://guba.eastmoney.com/news,603557,987652686.html",2020-12-17 10:04:04,我不信你会永远跌 我也不割肉 我就跟你耗着
双底形成，一个字就是干！[大笑][大笑][大笑][鼓掌][鼓掌][胜利][胜利],"https://guba.eastmoney.com/news,603557,987839216.html",2020-12-17 15:23:55,双底形成，一个字就是干！
起步股份自从上市以来从来没有被炒过，这是机会，不过也存在没有主力愿意来炒的可能。,"https://guba.eastmoney.com/news,603557,987870811.html",2020-12-17 17:20:46,起步股份自从上市以来从来没有被炒过，这是机会，不过也存在没有主力愿意来炒的可能。
庄家护盘早在预料之中，之前也提醒投资者利用庄家自救机会灵活操作，今天主力大量流出,"https://guba.eastmoney.com/news,603557,987863462.html",2020-12-17 16:46:56,庄家护盘早在预料之中，之前也提醒投资者利用庄家自救机会灵活操作，今天主力大量流出，东财数据664，其他机构数据超出1000 万。
跌幅太大又没人气的股还得再摸底一段时间，一个月后再来看看[微笑],"https://guba.eastmoney.com/news,603557,987871617.html",2020-12-17 17:25:12,跌幅太大又没人气的股还得再摸底一段时间，一个月后再来看看
又没有和我一样跌两个点抄底的[鼓掌][鼓掌][鼓掌][鼓掌][大笑][大笑],"https://guba.eastmoney.com/news,603557,987839687.html",2020-12-17 15:25:12,又没有和我一样跌两个点抄底的
我的交易我作主，请勿模仿，网上喷子，水军多，还有。今天我加了点，有人说是模拟,"https://guba.eastmoney.com/news,603557,987699938.html",2020-12-17 10:54:39,我的交易我作主，请勿模仿，网上喷子，水军多，还有。今天我加了点，有人说是模拟盘，我只能说多多，我有国联，东方财富，海通的帐户，以下是海通的交易，个人观点。
明显制造恐慌低吸,"https://guba.eastmoney.com/news,603557,985951274.html",2020-12-11 08:25:08,明显制造恐慌低吸
明天跌两个点,"https://guba.eastmoney.com/news,603557,987858612.html",2020-12-17 16:25:53,明天跌两个点
年前大盘问题应该不大了，就看这股能不能跟着一起了,"https://guba.eastmoney.com/news,603557,987854463.html",2020-12-17 16:06:55,年前大盘问题应该不大了，就看这股能不能跟着一起了，现在都已经回归平静了。再谈辛巴怎么怎么样 我觉得也没多大意义。恐慌只要结束剩下的就是起步自己的事了。
现在四层了，在下几个点，好在加一点，这个票没有多大的问题啊，利空也快出尽了，现在,"https://guba.eastmoney.com/news,603557,987854773.html",2020-12-17 16:08:01,现在四层了，在下几个点，好在加一点，这个票没有多大的问题啊，利空也快出尽了，现在就是磨时间了，后入的赚前人的钱不就是天经地义嘛！
起步股份：主力资金连续8天净流出累计1.04亿元（12-17）,"https://guba.eastmoney.com/news,603557,987851213.html",2020-12-17 15:54:01,"起步股份2020年12月17日收报8.89元，涨跌幅1.37%，换手率2.12%。当日该股主力资金流入655.63万元，流出1319.44万元，主力净流出663.81万元。当日散户资金流入8393.5万元，流出7729.69万元，散户净流入663.81万元。资金流向分布情况如下图：


起步股份近五日主力资金、超大单资金流向情况如下表：
日期	涨跌幅	主力资金	超大单资金
净流入(元)	净占比(%)	净流入(元)	净占比(%)
12-17	1.37%	-663.81万	-7.24	0	0
12-16	-1.35%	-504.48万	-4.74	12.45万	0.12
12-15	-3.47%	-1508.63万	-12.3	-179.01万	-1.46
12-14	-2.13%	-23.47万	-0.2	-100.15万	-0.83
12-11	2.95%	-3139.61万	-11.7	178.66万	0.67
数据来源：东方财富Choice数据
起步股份今日主力资金流向两市排名3340/4110，近五日内该股主力资金总体呈流出状态，五日共净流出5840万元。
数据来源：东方财富Choice数据
【注】CHOICE资金流向指标定义：
超大单：大于等于50万股或者100万元的成交单
大单：大于等于10万股或者20万元且小于50万股和100万元的成交单
中单：大于等于2万股或者4万元且小于10万股和20万元的成交单
小单：小于2万股和4万元的成交单
主力流入：超大单加大单买入成交额之和
散户流入：中单加小单买入成交额之和
净占比=(流入-流出)/总成交额
免责声明：本文基于大数据生产，仅供参考，不构成任何投资建议，据此操作风险自担。


展开阅读全文"
今天新华社人民网有最新报道，现在应该是某些人清醒的时候了。,"https://guba.eastmoney.com/news,603557,987736430.html",2020-12-17 12:00:35,今天新华社人民网有最新报道，现在应该是某些人清醒的时候了。
懂技术的分析一下这是几个意思？有行情吗？,"https://guba.eastmoney.com/news,603557,987731301.html",2020-12-17 11:45:39,懂技术的分析一下这是几个意思？有行情吗？
这个是谁，这么牛掰起袖子加油干,"https://guba.eastmoney.com/news,603557,987801295.html",2020-12-17 14:22:08,"这个是谁，这么牛掰
起袖子加油干"
辛巴不出局起步不止跌,"https://guba.eastmoney.com/news,603557,985992006.html",2020-12-11 09:54:00,辛巴不出局 起步不止跌
股价这样搞下去辛选另外5%的钱还会付款？,"https://guba.eastmoney.com/news,603557,987687882.html",2020-12-17 10:38:17,股价这样搞下去辛选另外5%的钱还会付款？
一周没看这股8元了，狗庄砸的够狠。,"https://guba.eastmoney.com/news,603557,987839853.html",2020-12-17 15:24:57,一周没看这股8元了，狗庄砸的够狠。
在股市里敢称大资金，我忍不住笑了[大笑]大资金操小盘可以化整为零，柔润有余啊。充,"https://guba.eastmoney.com/news,603557,987836164.html",2020-12-17 15:15:58,"在股市里敢称大资金，我忍不住笑了
大资金操小盘可以化整为零，柔润有余啊。充其量就一键盘侠"
今天跌两个点抄底实在是太爽了[胜利][胜利][胜利][胜利][献花][献花],"https://guba.eastmoney.com/news,603557,987839415.html",2020-12-17 15:24:37,今天跌两个点抄底实在是太爽了
做T的注意，别T飞了,"https://guba.eastmoney.com/news,603557,987792918.html",2020-12-17 14:09:26,做T的注意 ，别T飞了
明天还会继续吗？,"https://guba.eastmoney.com/news,603557,987830211.html",2020-12-17 15:04:00,明天还会继续吗？
最可怜的人是手中没一股，还天天来这股吧来指手划脚，不买，你来干嘛，浪费时间，傻啊,"https://guba.eastmoney.com/news,603557,987550933.html",2020-12-16 22:34:17,最可怜的人是手中没一股，还天天来这股吧来指手划脚，不买，你来干嘛，浪费时间，傻啊！
主力出逃的机会来了！,"https://guba.eastmoney.com/news,603557,987823334.html",2020-12-17 14:53:27,主力出逃的机会来了！
818的兄弟们满仓干啦干就完了啦,"https://guba.eastmoney.com/news,603557,987816561.html",2020-12-17 14:43:00,818的兄弟们满仓干啦 干就完了啦
捏到辛巴放出来，就不信了,"https://guba.eastmoney.com/news,603557,985899532.html",2020-12-10 22:01:05,
8.18满仓干,"https://guba.eastmoney.com/news,603557,987809913.html",2020-12-17 14:33:29,8.18满仓干
这个是谁，这么牛掰起袖子加油干,"https://guba.eastmoney.com/news,603557,987783286.html",2020-12-17 13:56:01,"这个是谁，这么牛掰
起袖子加油干"
仁东控股又起来了，你要是8.88都守不住，豁不起啊,"https://guba.eastmoney.com/news,603557,987805518.html",2020-12-17 14:27:51,仁东控股又起来了，你要是8.88都守不住，豁不起啊
8.2补两成仓7.7补两成仓7.2补2成仓6.6加满仓剩下交给时间,"https://guba.eastmoney.com/news,603557,987694355.html",2020-12-17 10:46:51,8.2补两成仓 7.7补两成仓 7.2补2成仓 6.6加满仓 剩下交给时间
现在的股价比辛有志的入股价格还要低，大家不要怕满仓干就完了,"https://guba.eastmoney.com/news,603557,987778311.html",2020-12-17 13:48:56,现在的股价 比辛有志的入股价格还要低，大家不要怕 满仓干就完了
辛有志都是9块多入股的，现在这个价格你有什么可担心的,"https://guba.eastmoney.com/news,603557,987750585.html",2020-12-17 13:01:27,辛有志都是9块多入股的，现在这个价格你有什么可担心的
没有王海会不不会涨价20多,"https://guba.eastmoney.com/news,603557,987744469.html",2020-12-17 12:34:28,没有王海会不不会涨价20多
818买买买买买,"https://guba.eastmoney.com/news,603557,987794853.html",2020-12-17 14:11:28,818买买买买买
跌5毛我就补2成仓，来吧！,"https://guba.eastmoney.com/news,603557,987692122.html",2020-12-17 10:42:53,跌5毛我就补2成仓，来吧！
喷子天天黑华为，只能说明华为太牛逼了,"https://guba.eastmoney.com/news,603557,987709027.html",2020-12-17 11:07:51,喷子天天黑华为，只能说明华为太牛逼了
股价这样搞下去辛选另外5%的钱还会付款？,"https://guba.eastmoney.com/news,603557,987687900.html",2020-12-17 10:38:28,股价这样搞下去辛选另外5%的钱还会付款？
真够狂的,"https://guba.eastmoney.com/news,603557,987740928.html",2020-12-17 12:17:51,真够狂的
大股东10.16元每股卖给辛选，目前是否回购一点。,"https://guba.eastmoney.com/news,603557,987757875.html",2020-12-17 13:17:05,大股东10.16元每股卖给辛选，目前是否回购一点。
居然有人说我股龄五年，是不是看我注册时间才五年多，本人股龄廿六年，我本人炒股时，,"https://guba.eastmoney.com/news,603557,987667110.html",2020-12-17 10:17:20,居然有人说我股龄五年，是不是看我注册时间才五年多，本人股龄廿六年，我本人炒股时，只怕是股吧中的大多数人还在流着鼻涕吧！哈哈！
看能不能和瑞幸一样，因祸得福，提高知名度,"https://guba.eastmoney.com/news,603557,987748251.html",2020-12-17 12:52:40,看能不能和瑞幸一样，因祸得福，提高知名度
辛巴在T+0到来之前，保佑别在跌破8.88了,"https://guba.eastmoney.com/news,603557,987760323.html",2020-12-17 13:20:30,辛巴在T+0到来之前 ，保佑别在跌破8.88了
主力继续打啊，仓没加满呢。[撇嘴],"https://guba.eastmoney.com/news,603557,987707199.html",2020-12-17 11:04:28,主力继续打啊，仓没加满呢。
恶心了，连跌两个月好意思吗,"https://guba.eastmoney.com/news,603557,987678275.html",2020-12-17 10:27:21,恶心了，连跌两个月好意思吗
818辛巴就来了！,"https://guba.eastmoney.com/news,603557,987690675.html",2020-12-17 10:41:06,818辛巴就来了！
老罗才真正属于售假，辛巴的最多就算夸大宣传！但是辛巴退一赔三，完全是可圈可点的负,"https://guba.eastmoney.com/news,603557,987275695.html",2020-12-16 10:17:11,老罗才真正属于售假，辛巴的最多就算夸大宣传！但是辛巴退一赔三，完全是可圈可点的负责任行为！
七元等你。买入,"https://guba.eastmoney.com/news,603557,987732863.html",2020-12-17 11:50:05,七元等你。买入
辛巴都转移资产了开始！,"https://guba.eastmoney.com/news,603557,987689762.html",2020-12-17 10:40:37,辛巴都转移资产了开始！
跌到5元果断跟庄,"https://guba.eastmoney.com/news,603557,987689754.html",2020-12-17 10:40:48,跌到5元果断跟庄
我不玩了[哭][哭][哭],"https://guba.eastmoney.com/news,603557,987677127.html",2020-12-17 10:27:05,我不玩了
下跌abc浪现在是3浪继续,"https://guba.eastmoney.com/news,603557,987647972.html",2020-12-17 09:59:24,下跌abc浪 现在是3浪 继续
里面有多少套住的老铁818！你们冷不冷,"https://guba.eastmoney.com/news,603557,987679167.html",2020-12-17 10:28:14,里面有多少套住的 老铁 818！你们冷不冷
继续加仓，摊低成本,"https://guba.eastmoney.com/news,603557,987651336.html",2020-12-17 10:02:14,
可怜的是手中无一股，还天天来乱叫的喷子，水军。十元以上买的，现在八元多不该加仓吗,"https://guba.eastmoney.com/news,603557,987557629.html",2020-12-16 23:14:48,可怜的是手中无一股，还天天来乱叫的喷子，水军。十元以上买的，现在八元多不该加仓吗？我买是因为我看好，所以这两天我加仓，我看起步六到十二个月股价能到二十元以上，个人观点，风险自负，请勿模仿！
资源股暴涨，这股有完了[哭][哭],"https://guba.eastmoney.com/news,603557,987713943.html",2020-12-17 11:14:19,资源股暴涨，这股有完了
这股成这样，辛巴和主力责任真没有股东减持大。一个劲减持，除了老总，其他谁不是5%,"https://guba.eastmoney.com/news,603557,987435546.html",2020-12-16 15:01:27,这股成这样，辛巴和主力责任真没有股东减持大。一个劲减持，除了老总，其他谁不是5%以下。。。非要把散户连根拔起。
周线是八连阴,"https://guba.eastmoney.com/news,603557,987706299.html",2020-12-17 11:03:47,砸得够狠的！
【复制本吧一网友的帖子：这个票的问题就是散户太多，不看财报，不读研报，不去调研，,"https://guba.eastmoney.com/news,603557,987550480.html",2020-12-16 22:32:17,"【复制本吧一网友的帖子：这个票的问题就是散户太多，不看财报，不读研报，不去调研，看新闻标题炒股，说看新闻炒股都是高估他们。上周二立案的消息就出来，周四砸一个跌停，中午白云区出来辟谣，周五下午大家才看到，股价才反弹。周一晚上说财务造假，简单读一下文章就知道在扯淡，没有任何实锤，周二又是下杀，服了他们。不割韭菜都对不起自己】
你说错了，其实很多事实已经摆在那里。但有些人喜欢听信辛粉谣言，有些媒体也不负责任，我举一个例子，没有任何监管职能的中国食品报为辛巴假燕窝事件定性，这不是在扯淡吗？但是有人就信，他们没想过这些无良媒体可能是拿过钱的。还有伪造人民网的事件，我已经告诉他们这是假的，而且我还贴出足可以证明的证据，他们有人信吗？"
没有最低只有更低,"https://guba.eastmoney.com/news,603557,987664015.html",2020-12-17 10:13:32,没有最低只有更低
我特么无语了,"https://guba.eastmoney.com/news,603557,987684200.html",2020-12-17 10:34:13,我特么无语了
隔了，,"https://guba.eastmoney.com/news,603557,987683820.html",2020-12-17 10:33:49,隔了，
这种行情1散户割肉空仓等待2放着不动躺到明年4月份3割肉去追高追白酒，反复割韭菜,"https://guba.eastmoney.com/news,603557,987680927.html",2020-12-17 10:30:40,这种行情1散户割肉空仓等待 2放着不动躺到明年4月份 3割肉去追高追白酒，反复割韭菜
[大哭],"https://guba.eastmoney.com/news,603557,987546093.html",2020-12-16 22:08:54,
大利好啊辛巴周六要直播卖货了懂得打懂,"https://guba.eastmoney.com/news,603557,987615898.html",2020-12-17 09:26:28,大利好啊 辛巴周六要直播卖货了 懂得打懂
早盘我就这么点单，都砸了差不多两个点。无论是个股还是大盘，都差到极点。收手了，明,"https://guba.eastmoney.com/news,603557,987666063.html",2020-12-17 10:16:17,早盘我就这么点单，都砸了差不多两个点。无论是个股还是大盘，都差到极点。收手了，明年见
能耗的起时间的拿着、耗不起时间反弹早点下车，上月上年都不算长获利才走,"https://guba.eastmoney.com/news,603557,987553816.html",2020-12-16 22:50:20,能耗的起时间的拿着、耗不起时间反弹早点下车，上月上年都不算长获利才走
明年4月份回到12到17区间,"https://guba.eastmoney.com/news,603557,987658644.html",2020-12-17 10:08:42,明年4月份回到12到17区间
大家不要慌现在股价比辛有志的还要低,"https://guba.eastmoney.com/news,603557,987650035.html",2020-12-17 10:01:10,大家不要慌 现在股价比辛有志的还要低
大盘走势不好，起步业绩再好也没用。,"https://guba.eastmoney.com/news,603557,987650967.html",2020-12-17 10:02:32,大盘走势不好，起步业绩再好也没用。
死的太难看了,"https://guba.eastmoney.com/news,603557,987649193.html",2020-12-17 10:01:11,死的太难看了
不是有7000多万粉丝吗，一场直播成交几十个亿，把股价拉到1000也就几场直播的,"https://guba.eastmoney.com/news,603557,987590551.html",2020-12-17 07:42:59,不是有7000多万粉丝吗，一场直播成交几十个亿，把股价拉到1000也就几场直播的事，哈巴出来抖几下啊，不是很狂吗
你大爷,"https://guba.eastmoney.com/news,603557,987644794.html",2020-12-17 09:57:28,你大爷
散户大量持有的它们狠砸，一直砸到忍受不了割肉去接它们无限拉高的酒票。在大数据面前,"https://guba.eastmoney.com/news,603557,987644841.html",2020-12-17 09:57:35,散户大量持有的它们狠砸，一直砸到忍受不了割肉去接它们无限拉高的酒票。在大数据面前散户的一切操作都是透明的。
买的少，不怕,"https://guba.eastmoney.com/news,603557,987642516.html",2020-12-17 09:54:45,603557看起来还可以，盘中走出反弹，短线超越，套牢盘较低。短期来看弱势下跌趋势，暂时不考虑买进
看图说话,"https://guba.eastmoney.com/news,603557,987588602.html",2020-12-17 07:29:50,"
"
说归说闹归闹，此股第一支撑位看8元，目前前三大股东联手清仓减持，张小双也没有付款,"https://guba.eastmoney.com/news,603557,987509878.html",2020-12-16 19:24:38,说归说闹归闹，此股第一支撑位看8元，目前前三大股东联手清仓减持，张小双也没有付款，这些都是未知，盘面看确实有资金在接筹码，当然清仓减持也很坚决，高位筹码也在不断掉落，慢慢磨吧，两周以后明朗了在看要不要做一吧。如果真如传闻低价增发收购辛选哪就是黑马了。主力资金也不会因为散户唱多唱空而改变操盘计划的。今年疫情影响主要炒作是内需，吃的都上天了，穿的也不会缺席的，而且是女人，小孩，最好赚的
辛选蛋蛋昨天ABC销量,"https://guba.eastmoney.com/news,603557,986406353.html",2020-12-13 01:33:49,辛选蛋蛋昨天ABC销量
