标题,链接,发布时间,内容
这么低还出货？,"https://guba.eastmoney.com/news,000413,803020999.html",2019-01-28 11:02:15,真服气 到底东旭有什么雷 爆了吧 备受煎熬
燃料电池汽车“十城千辆”推广计划或将于今年实施，知道为什么有人疯狂唱空了吧，东旭,"https://guba.eastmoney.com/news,000413,803033197.html",2019-01-28 11:45:07,燃料电池汽车“十城千辆”推广计划或将于今年实施，知道为什么有人疯狂唱空了吧，东旭集团前几年疯狂买地，现在肯定没钱，所以东旭短期内不会涨，但也跌不到哪去
这个股4.4到4.95之间来回做,"https://guba.eastmoney.com/news,000413,803010879.html",2019-01-28 10:33:27,这个股4.4到4.95之间来回做
燃料电池汽车“十城千辆”推广计划或将于今年实施 44分钟前 中国证券报 65评论,"https://guba.eastmoney.com/news,000413,803025094.html",2019-01-28 11:14:24,"燃料电池汽车“十城千辆”推广计划或将于今年实施
44分钟前
中国证券报
65评论
智能语音版
约3分钟
1月28日，有权威人士向中国证券报记者透露，氢燃料电池汽车有望在2019年正式实施“十城千辆”推广计划。目前，国内氢燃料电池产业基础较好的城市如北京、上海、张家口、成都、郑州、如皋、佛山、潍坊、苏州、大连等城市都有可能入选。“至于最后哪些城市入选还不能确定，要看各地政府之间的协调。”
此前，工业和信息化部装备工业司副司长瞿国春在2018天津泰达论坛上曾公开表示，下一步计划重点开展燃料电池汽车示范运行，选取政府有积极性和燃料电池产业基础较好的地区开展推广应用示范，打通产业链的关键环节，完善标准与体系。
据了解，此次燃料电池汽车推广计划如果实施，或将与十年前电动汽车的推广思路较为接近。2009年1月，工信部等四部委联合启动“十城千辆节能与新能源汽车示范推广应用工程”，在北京、上海、重庆、长春、大连、杭州、济南、武汉、深圳、合肥、长沙、昆明、南昌等13个城市进行私人购买新能源汽车示范。主要内容为，通过提供财政补贴，计划用3年左右的时间，每年发展10个城市，每个城市推出1000辆新能源汽车开展示范运行，涉及公交、出租、公务、市政、邮政等领域。2010年5月，《私人购买新能源汽车试点财政补助资金管理暂行办法》推出，新能源汽车补贴政策进入快速推广应用阶段。
专家称，氢燃料电池汽车相比纯电动汽车，具有高功率密度、续航里程长、加氢时间短的优点。未来产业化重点预计将向燃料电池汽车拓展，抢占汽车产业技术竞争的制高点。
（文章来源：中国证券报）
分享到
微信 朋友圈 微博"
今天收盘价444,"https://guba.eastmoney.com/news,000413,803026700.html",2019-01-28 11:19:30,今天收盘价444
都闭上你们的嘴吧，庄托在里面带节奏，散户不要去回应，你们越嚷嚷，庄更会压低洗盘,"https://guba.eastmoney.com/news,000413,803022894.html",2019-01-28 11:07:40,
说说东旭光电这7年：在高位和低位放量市值的重视的问题、、、股票哪有好坏就看筹码在谁手里,"https://guba.eastmoney.com/news,000413,803027336.html",2019-01-28 11:21:34,说说东旭光电这7年：最近不断打压股价就是抢夺筹码的表现，或许为亿华通的科创板做准备吧！总之股价在高位和低位放量市值的重视的问题、、、股票哪有好坏就看筹码在谁手里吧！申龙的最大竞争对手是比亚迪吧！
为啥东旭光电官方到现在不澄清，不开发布会，等着融资盘爆仓吗？,"https://guba.eastmoney.com/news,000413,803027116.html",2019-01-28 11:20:36,等着融资盘爆仓吗
每日一骂，mp,"https://guba.eastmoney.com/news,000413,803023615.html",2019-01-28 11:09:38,每日一骂，mp
靠 取消都取消不了4.5卖了 每股赚0.09元,"https://guba.eastmoney.com/news,000413,802983613.html",2019-01-28 09:27:46,唉
关注很久，再见东旭。,"https://guba.eastmoney.com/news,000413,803024786.html",2019-01-28 11:13:21,关注很久，再见东旭。
持有三年今天准备彻底清仓”留一百股做证据，天天打电话去证监会举报你,"https://guba.eastmoney.com/news,000413,802387855.html",2019-01-23 09:33:53,持有三年今天准备彻底清仓”留一百股做证据，天天打电话去证监会举报你
肥皂泡再绚丽也怕见阳光，市场抛弃肯定是有道理的,"https://guba.eastmoney.com/news,000413,803023998.html",2019-01-28 11:10:59,肥皂泡再绚丽也怕见阳光，市场抛弃肯定是有道理的
怪不到不涨，财务问题一大堆，雷雷雷,"https://guba.eastmoney.com/news,000413,803022470.html",2019-01-28 11:06:10,怪不到不涨，财务问题一大堆，雷雷雷
市场看低该股，就用好消息竭力稳股价！,"https://guba.eastmoney.com/news,000413,803022224.html",2019-01-28 11:05:37,市场看低该股，就用好消息竭力稳股价！
天天利空，东旭到底得失了谁？,"https://guba.eastmoney.com/news,000413,803011896.html",2019-01-28 10:36:21,你马太过分了吧
长期拖大盘后退，公司感觉很光荣吗？,"https://guba.eastmoney.com/news,000413,803018564.html",2019-01-28 10:54:59,长期拖大盘后退，公司感觉很光荣吗？
主力压盘意图明显！要涨了，手里的股别被骗6的起飞，融的后腿,"https://guba.eastmoney.com/news,000413,803021041.html",2019-01-28 11:02:14,
先出来了，看看再说！！！,"https://guba.eastmoney.com/news,000413,803003567.html",2019-01-28 10:14:08,先出来了，看看再说！！！
够傻叼的，不知道还有活人在里面吗,"https://guba.eastmoney.com/news,000413,803020583.html",2019-01-28 11:00:50,够傻叼的，不知道还有活人在里面吗
一只将故事的垃圾公司，康得新第二,"https://guba.eastmoney.com/news,000413,803020599.html",2019-01-28 11:00:57,一只将故事的垃圾公司，康得新第二
ST戴帽稳了！,"https://guba.eastmoney.com/news,000413,803020341.html",2019-01-28 11:00:13,ST戴帽稳了！
目测有大单出货，不好,"https://guba.eastmoney.com/news,000413,803019370.html",2019-01-28 10:57:18,目测有大单出货，不好
艹一早出货3000+,"https://guba.eastmoney.com/news,000413,803019493.html",2019-01-28 10:57:52,[大便]
全是小单买，大单卖，能涨吗？,"https://guba.eastmoney.com/news,000413,803010735.html",2019-01-28 10:33:13,全是小单买，大单卖，能涨吗？
评：交易无法活跃，进出两难！,"https://guba.eastmoney.com/news,000413,803012962.html",2019-01-28 10:39:19,远离！
你娘的天天出货,"https://guba.eastmoney.com/news,000413,803006203.html",2019-01-28 10:20:54,你娘的天天出货
买了就长期持有放心吧！前期新高定会去。因为大股东还有25亿要买。短期不会暴涨。庄,"https://guba.eastmoney.com/news,000413,803009661.html",2019-01-28 10:30:29,买了就长期持有放心吧！前期新高定会去。因为大股东还有25亿要买。短期不会暴涨。庄会慢慢洗建仓
大盘不好时，这垃圾绝对狂泄,"https://guba.eastmoney.com/news,000413,803006867.html",2019-01-28 10:22:49,大盘不好时，这垃圾绝对狂泄
成交量突然放大，想涨停的节奏[献花][献花][献花][俏皮][大笑][加油],"https://guba.eastmoney.com/news,000413,803004252.html",2019-01-28 10:15:46,成交量突然放大，想涨停的节奏
就看这股吧里的一堆死托，这个股票就好不了,"https://guba.eastmoney.com/news,000413,803005326.html",2019-01-28 10:18:34,就看这股吧里的一堆死托，这个股票就好不了
你妈的批的垃圾，全世界都涨了，你垃圾还在跌,"https://guba.eastmoney.com/news,000413,803006668.html",2019-01-28 10:22:17,你妈的批的垃圾，全世界都涨了，你垃圾还在跌
你,"https://guba.eastmoney.com/news,000413,803006392.html",2019-01-28 10:21:23,你
涨也不涨，跌也不跌，到底想干嘛！,"https://guba.eastmoney.com/news,000413,803003617.html",2019-01-28 10:14:15,涨也不涨，跌也不跌，到底想干嘛！
压盘，就是要把散户搞走，散户就是不走，呵呵,"https://guba.eastmoney.com/news,000413,803005498.html",2019-01-28 10:19:13,压盘，就是要把散户搞走，散户就是不走，呵呵
大盘轻舟己过万重山！,"https://guba.eastmoney.com/news,000413,802999731.html",2019-01-28 10:04:56,大盘轻舟己过万重山！
好帖，为了咱们散户的利益，请转发！ 一名离职操盘手的忠告 据我所知，主力也会关注,"https://guba.eastmoney.com/news,000413,803000237.html",2019-01-28 10:06:08,"好帖，为了咱们散户的利益，请转发！
一名离职操盘手的忠告 据我所知，主力也会关注股吧，而且有专门的公关在股吧里发帖，
一名离职操盘手的忠告
据我所知，主力也会关注股吧，而且有专门的公关在股吧里发帖，就是所谓的庄托。
但是庄托并不像你们想的那样总是隐瞒主力意图。庄家并不关心股吧里散户的意见，因为那些都是看好的，不看好的不会呆在股吧里。庄家比较注意的是股吧‘热度’。
如果股吧里大家都发帖，不管是唱空还是唱多，庄家知道有很多人在等着坐直升机。那么庄家就会无休止地震荡，耐心地摊低成本。这种行情对散户来说简直是煎熬。等到企图短线获利的散户忍受不住出局，大家不再关注这只股票时，主力才会伺机拉起主升浪。
其实在股吧里根本得不到有用的东西，大家多去分析一下公司的经营情况，分析一下技术图形要有用得多。我劝大家不要再这么热衷发帖、回帖了。去年五至七月份我在东钽、金钼、宝钛、稀土等金属吧里也跟大家说过，后来股吧里说话的人很少了，结果不久就大涨。当然我还没有愚蠢到认为东钽、金钼、宝钛、稀土大涨是我的功劳，但是少说话对大家都有好处。
作为一个散户，在分析、研究、资讯、资金上都不是庄家的对手，但庄家哪怕穿铁布衫，一样有不为人知的死穴。庄家最怕什么呢？我说出来的答案一定会让你感到可笑----庄家最怕你不看他！因为庄家深知你的贪婪与恐惧。庄家的阴谋通过操盘手传递给你，他让盘口别有洞天、风起云涌，他让K线图青面獠牙、天花乱坠。
只要你睁开眼睛看，你就会患得患失，你就会神魂颠倒，你就会惶惶不可终日……庄家就这样征服了你，因为他把这个交易市场当作戏院，将自己看成是卖座的大明星，而你心甘情愿地做个忠实的观众，他就没日没夜地尽情表演。当你不看他的时候，当他没有观众的时候，当他对牛弹琴的时候，他真的好怕，因为他的钱是贷款来的，他要付银行利息，他要付操盘手工资。面对一个不看、不闻、不问、不急的人，面对一个无知、无欲、无畏、无惧的人，他的一切表演都是徒劳的，这就是庄家的死穴，这样的股民就是庄家永远不可战胜的散户。
首先，我再次重申证券投资的一个重要原则：不要轻易暴露自己的仓位，不要谈论自己的成本，更不要暴露自己的想法。如果你认为是个好股，你就坚定地持有并保持缄默，不要给主力有充分了解你的机会，沉默是金！！！主力最怕的就是散户不看盘和散户不发表意见，得不到任何信息的主力操作起来就是闭门造车，无从下手！在云铝吧时我曾经说过同样的话，后来云铝冷清了许多。没过多久，云铝开始拉升，当然这是各种因素促成的。我看目前论坛过于热闹，唧唧喳喳的人太多。
试想一下，大家每天都在看，难道主力不看吗？主力了解了散户的想法，它会给散户抬轿吗？它只会反做，直到把散户震出为止！所以，不论什么股，都不要给主力以充分了解你的机会，沉默是金！！！请股各位切记！切记！！！
从现在开始，谁也不要讨论此股的未来走势如何。愿意卖的，就去卖。亏了钱，骂也没用，能骂起来，咱们都去骂它！反之，愿意持股的，就别嫌涨得慢，耐心等。从此不必在此吧发表任何意见。希望吧里所有的股友们，都给在下一个面子，每天把此帖顶上一次，让新来的股友吧看到，大家沉默是金！如果大家选择建仓，那么你就悄悄地建仓；如果你想获利了结，那么你就悄悄把股票卖出。没必要在论坛里大声宣传，搞得要想13 亿中国人都知道一样。
股市如战场，保护自己的持仓机密，和寻找一个股票的买卖点一样重要。"
机会是跌出来的，风险是涨出来的,"https://guba.eastmoney.com/news,000413,803005196.html",2019-01-28 10:18:16,想发财大家要实行买买买！
建议被套散户拿好不要拋，低吸，东旭正在吸筹。,"https://guba.eastmoney.com/news,000413,802998482.html",2019-01-28 10:02:00,建议被套散户拿好不要拋，低吸，东旭正在吸筹。
33万股东，可见是被机构抛弃的票，由散户持有的股票，不要奢望会涨，耐心等待吧,"https://guba.eastmoney.com/news,000413,803004106.html",2019-01-28 10:15:23,33万股东，可见是被机构抛弃的票，由散户持有的股票，不要奢望会涨，耐心等待吧
绝望就是希望,"https://guba.eastmoney.com/news,000413,803003750.html",2019-01-28 10:14:30,绝望就是希望
我挂4.4能买到就买 卖不到就算了,"https://guba.eastmoney.com/news,000413,803003091.html",2019-01-28 10:12:47,这只股票好邪....
这垃圾股，到底怎么回事,"https://guba.eastmoney.com/news,000413,803003144.html",2019-01-28 10:13:04,这垃圾股，到底怎么回事
墨烯电池虚头号码？和传统电池性能好不了多少 当然价格一样的话是有优势,"https://guba.eastmoney.com/news,000413,803001769.html",2019-01-28 10:09:40,墨烯电池虚头号码？和传统电池性能好不了多少 当然价格一样的话是有优势，炒作的东东你也信 不过股民都信，机构好操作 嘻嘻
000413（东旭光电）投资者不要每天恐惧与慌张（什么是价值）就是你懂得的票认为,"https://guba.eastmoney.com/news,000413,803001070.html",2019-01-28 10:07:58,000413（东旭光电）投资者不要每天恐惧与慌张（什么是价值）就是你懂得的票认为便宜就是（价值）但你的价值有错没？（别对自己不懂得事）那叫赌博
财务造假则见底，财务正常则超跌,"https://guba.eastmoney.com/news,000413,803000979.html",2019-01-28 10:07:46,财务造假则见底，财务正常则超跌
做空资金的目的很明显，在大幅破净的前提下就是想爆了大股东质押，东旭光电易主，望东,"https://guba.eastmoney.com/news,000413,803457283.html",2019-01-30 20:54:00,"做空资金的目的很明显，在大幅破净的前提下就是想爆了大股东质押，东旭光电易主，望东旭快速开始维护投资者利益 
ST旭电
东旭光电：您好，感谢您的关注！
(来自深交所互动易)答复时间 2019-01-30 20:54:00"
呵呵开始往下跑了,"https://guba.eastmoney.com/news,000413,802997341.html",2019-01-28 10:00:07,看着吧 联跟大盘走的
周五，百万哥吸筹砸盘，再吸筹！,"https://guba.eastmoney.com/news,000413,802996641.html",2019-01-28 09:57:44,周五，百万哥吸筹砸盘，再吸筹！
下行震荡继续，现在是考验散户的时候，庄家打压继续吸筹，4元是支撑点，起飞在眼前，,"https://guba.eastmoney.com/news,000413,802994873.html",2019-01-28 09:53:30,下行震荡继续，现在是考验散户的时候，庄家打压继续吸筹，4元是支撑点，起飞在眼前，个人建议。
能撬动股价的，肯定是主力。跌了一年多，而且一浪比一浪低，一旦被套，很难全身而退，,"https://guba.eastmoney.com/news,000413,802994044.html",2019-01-28 09:51:46,能撬动股价的，肯定是主力。跌了一年多，而且一浪比一浪低，一旦被套，很难全身而退，公司存在多大问题不知道，但是是否存在问题，不难判断。
誓将空头打成屎饼,"https://guba.eastmoney.com/news,000413,802991969.html",2019-01-28 09:47:41,誓将空头打成屎饼
一起痛打落水狗，啥都救不了你，死了算了，呸！,"https://guba.eastmoney.com/news,000413,802993101.html",2019-01-28 09:49:51,一起痛打落水狗，啥都救不了你，死了算了，呸！
惨不忍睹！惨绝人懁!悲！,"https://guba.eastmoney.com/news,000413,802992404.html",2019-01-28 09:48:33,惨不忍睹！惨绝人懁!悲！
原来是个烂,"https://guba.eastmoney.com/news,000413,802991583.html",2019-01-28 09:46:48,原来是个烂
大概要进科创板了,"https://guba.eastmoney.com/news,000413,802989402.html",2019-01-28 09:42:02,大概要进科创板了
瘟疫股,"https://guba.eastmoney.com/news,000413,802989413.html",2019-01-28 09:42:03,瘟疫股
逼[赞],"https://guba.eastmoney.com/news,000413,802989165.html",2019-01-28 09:41:32,逼
都看清楚了没有，这些唱多的托儿就是在帮主力找接盘侠,"https://guba.eastmoney.com/news,000413,802986503.html",2019-01-28 09:35:58,都看清楚了没有，这些唱多的托儿就是在帮主力找接盘侠
监管上市公司大股东占款 证券时报 大鱼号 6小时前  关注 皮海洲 最近，康得新,"https://guba.eastmoney.com/news,000413,802657234.html",2019-01-24 18:08:26,"监管上市公司大股东占款
证券时报
大鱼号
6小时前
关注
皮海洲
最近，康得新因为债券违约而被推向市场的风口浪尖。这只曾被誉为“新材料白马股”的股票，于1月23日被戴上了“ST”帽，当天股价也毫无悬念地“一”字跌停。
康得新其实并不差钱。该公司2018年三季报显示，截至2018年9月30日，康得新账面期末货币资金达150.14亿元，现金余额高达143.13亿元。面对如此充裕的货币资金，康得新怎么可能兑付不了15亿元到期的债券，并因此构成债券违约，进而导致公司主要银行账号被冻结，从而招致股票被ST处理呢？
问题就出在了大股东康得集团的身上。面对债券违约引发的市场质疑以及深交所的“问询”，1月20日深夜，康得新终于发公告承认公司存在被大股东占用资金的情况。而在1月22日召开的康得新债权人会议上，公司董事长钟玉就150亿资金的去向问题作出解释，其中有近100亿的资金被挪用做碳纤维业务，另外50亿的货币资金因为受限而无法挪用。钟玉还表示，上市公司的钱还被拿去用于股票质押补仓。
应该说，大股东违规占用上市公司款项问题是股市的老大难问题。由于大股东的身份，这就决定了大股东在上市公司有着绝对的话语权，上市公司的很多事务都由大股东说了算，在这种情况下，大股东要占用上市公司的款项，是有着得天独厚的优势的。所以，上市公司资金被大股东占用的事情在A股市场非常普遍，有的甚至因此被逼到了退市的困境之中。
大股东占款不仅严重损害了投资者的利益，也严重损害了上市公司的利益。对于大股东占款行为，不能听之任之，放任大股东为所欲为，而应将其纳入到监管的日程中来。
实际上，早在十几年前，股市管理层就曾高度重视过对大股东占款问题的监管。比如，早在2005年11月，国务院还批转了证监会《关于提高上市公司质量的意见》的26条意见。在这26条意见里，管理层将清理上市公司大股东占款问题列为了提高上市公司质量的重要途径之一。也正是根据该意见精神，当时在上市公司中掀起了轰轰烈烈的清欠活动。
但令人遗憾的是，这种对大股东占款的清欠活动并没有作为一项常规性的监管措施保留下来，以至当年的清欠过后，大股东的占款之风又日渐抬头，并最终愈刮愈烈。以至目前上市公司大股东占款不仅金额巨大，而且明目张胆，甚至公开耍无赖，硬拖着不还，并最终将上市公司拖向困境之中。在这方面*ST华泽显然是典型的案例。而这样的事情如今又在康得新的身上重演。
正是基于大股东占款给上市公司及投资者带来的严重伤害，笔者建议，大股东占款问题必须纳入到常规化监管中来。尤其是要对大股东占款问题进行专项的监管，并将此作为提高上市公司质量、保护投资者合法权益的重要措施。比如，要严禁大股东违规占款，要建立大股东占款的监管机制，以及在财务报表上对大股东占款问题进行单列处理，要对大股东占款进行问责，以及建立对大股东占款的追讨机制。同时，要尽快完善司法机制，鼓励蒙受损失的投资者向大股东索赔，以切实维护投资者的合法权益。"
石墨烯产业板块5支优势个股资料（D15-21）,"https://guba.eastmoney.com/news,000413,802919088.html",2019-01-26 11:09:32,"石墨烯产业板块5支优势个股资料（D15-21）
2019年1月24日
说明：本资料为信息类作品，主要依据公开统计数据对各类主题性概念板块个股进行五个纬度的筛选，选取其中具有明显优势的5支个股进行基本统计资料的整理。主要选取标准：
1、近期市盈率情况。将本行业个股按静态市盈率进行排序，优先选取静态市盈率较低的个股；
2、净利润总额同期对比情况。优先选取去年全年和前年同期对比、今年同期和去年同期对比，净利润总额均为增长状态的个股；
3、每股收益情况。优先选取由多个机构预测且2018-2020年每股收益预计呈增长状态的个股；
4、股东总人数变化情况。优先选取近四个季度股东人数呈持续减少状态且筹码集中度呈较集中（或非常集中）状态的个股；
5、主题性概念。优先选取主题性概念较为丰富且突出的个股。
注：带*号个股为同时符合以上5个条件的个股，值得考虑纳入股票池跟踪观察。
一、行业发展前景及相关概念股
1、相关概念基本资料：石墨烯作为新材料的代表，被誉为“新材料之王”，被许多科学家认为是革命性的新材料。2015年由中国石墨烯产业技术创新战略联盟首次发布的《2015全球石墨烯产业研究报告》显示,预计到2020年,石墨烯全球市场值1.49亿美元,2014-2020年年复合增长率是44%。业界专家认为国内石墨烯产业规模将达万亿元。
    
2、相关上市公司统计资料
1）涉及概念的上市公司共45家，其中沪A15家，深主板A8家，中小板13家，创业板9家。
2）按市盈率划分：30倍以下19家，31－40倍7家，41倍以上19家。
3）市盈率30倍以下，2018年1－9月净利润与去年同期相比为增加状态的个股数为14家，占比73.68%。5支优势个股主要从中选择。
 
二、5支优势个股基本资料整理
1、中泰化学（002092）
1）基本资料。近期市盈率（静态/动态）：6.53/5.85倍，总股本：21.46亿，总市值：158亿。
2）每股收益情况 
2017年每股收益/2016年每股收益:1.12/0.95元。
2018年1-9月每股收益/2017年1－9月每股收益：0.94/0.95元。
2018-2020年每股收益预计：1.21/1.34/1.51元。
3）净利润总额同期对比情况 
2017年1-12月比2016年1－12月：24.02亿/18.43亿。
2018年1-9月比2017年1－9月：20.11亿/20.45亿。 
4）股东总人数变化情况。2018年一季度末9.79万家，二季度末8.18万家，三季度末8.88万家。
5）主营业务：聚氯乙烯树脂、离子膜烧碱的生产和销售;粘胶纤维、纱线的生产和销售。
6）相关概念排序:脱硫脱硝，石墨烯，举牌，新疆振兴。
 
2、方大炭素（600516）
1）基本资料。近期市盈率（静态/动态）：9.59/5.75倍，总股本：17.89亿，总市值：348亿。
2）每股收益情况 
2017年每股收益/2016年每股收益:2.11/0.04元。
2018年1-9月每股收益/2017年1－9月每股收益：2.53/1.16元。
2018-2020年每股收益预计：2.91/2.56/2.47元。
3）净利润总额同期对比情况 
2017年1-12月比2016年1－12月：36.20亿/0.67亿。
2018年1-9月比2017年1－9月：45.25亿/20.19亿。
4）股东总人数变化情况。四季度末22.15万家，2018年一季度末23.86万家，二季度末21.38万家，三季度末23.28万家。
5）主营业务：石墨及炭素制品、铁矿粉的生产与销售。
6）相关概念排序：石墨电极，石墨烯，新材料概念，MSCI概念，核电，碳纤维，证金持股，锂电池。
 
3、东旭光电（000413）
1）基本资料。近期市盈率（静态/动态）：15.05/14.96倍，总股本：57.30亿，总市值：262亿。
2）每股收益情况 
2017年每股收益/2016年每股收益:0.33/0.28元。
2018年1-9月每股收益/2017年1－9月每股收益：0.23/0.21元。
2018-2020年每股收益预计：0.36/0.43/0.47元。
3）净利润总额同期对比情况 
2017年1-12月比2016年1－12月：17.44亿/13.04亿。
2018年1-9月比2017年1－9月：13.15亿/10.56亿。
4）股东总人数变化情况。四季度末37.69万家，2018年一季度末36.17万家，二季度末35.85万家，三季度末35.30万家。
5）主营业务：电真空玻璃器件及其配套电子元器件的生产与销售和平板显示玻璃基板及其装备的研发、生产与销售等。
6）相关概念排序：蓝宝石， 石墨烯，锂电池，MSCI概念，OLED，高端装备，华为概念，机器人概念，节能照明。
 
4、金洲管道（002443）
1）基本资料。近期市盈率（静态/动态）：17.67/19.67倍，总股本：5.21亿，总市值：28亿。
2）每股收益情况 
2017年每股收益/2016年每股收益:0.31/0.12元。
2018年1-9月每股收益/2017年1－9月每股收益：0.21/0.21元。
2018-2020年每股收益预计：0.36/0.39/0.41元。
3）净利润总额同期对比情况 
2017年1-12月比2016年1－12月：1.63亿/0.63亿。
2018年1-9月比2017年1－9月：1.10亿/1.07亿。 
4）股东总人数变化情况。四季度末5.41万家，2018年一季度末4.76万家，二季度末4.34万家,三季度末4.17万家。
5）主营业务：高等级石油天然气输送用螺旋焊管、镀锌钢管、钢塑复合管的研发、制造和销售。
6）相关概念排序: 石墨烯，天然气，能源互联网，地下管网。
 
5、金城医药（300233）
1）基本资料。近期市盈率（静态/动态）：20.53/18.75倍，总股本：3.93亿，总市值：58亿。
2）每股收益情况 
2017年每股收益/2016年每股收益:0.77/0.63元。
2018年1-9月每股收益/2017年1－9月每股收益：0.60/0.49元。
2018-2020年每股收益预计：0.93/1.16/1.41元。
3）净利润总额同期对比情况 
2017年1-12月比2016年1－12月：2.86亿/1.59亿。
2018年1-9月比2017年1－9月：2.35亿/1.77亿。
4）股东总人数变化情况。四季度末1.05万家，2018年一季度末1.04万家，二季度末1.25万家，三季度末1.03万家。
5）主营业务：抗菌素类医药化工产品生产、经营和销售。
6）相关概念排序：石墨烯。
 
（来源：项目化股市的财富号 2019-01-26 10:36） [点击查看原文]
展开阅读全文"
[哭][哭][哭]股东帐号忘记了 换了手机账号没了,"https://guba.eastmoney.com/news,000413,802983237.html",2019-01-28 09:25:24,股东帐号忘记了 换了手机账号没了
恶意黑东旭，必有大阴谋,"https://guba.eastmoney.com/news,000413,802673920.html",2019-01-24 22:06:22,"http://www.sohu.com/a/276724219_324659

公开数据显示，截至2018年6月末，东旭集团资产规模2000亿，经营现金净流量96.46亿，同比大幅度增加，产业造血功能持续加强。当前，除了华夏银行外，公司与国家开发银行、工商银行、中信银行、民生银行、甘肃银行、兴业银行等众多金融机构建立起了总对总战略合作，获得授信总额达到800亿元。

授信是要经过严格的程序，国开行是对国家战略发展项目的。这些事实说明东旭是很可靠的公司。
再从前几日的公告看出，新能源车今年开始放量，显示玻璃获奖。从去年季报看出，石墨烯路灯开始放量，石墨烯产量开始增加。
从多家银行授信800亿，可以看出东旭今年将是多项产品开始放量的第一年。银行授信是对企业的资金支持。没有产品的放量，东旭要那么多资金支持干什么。
银行授信对东旭的审核应该比网上发文的那个人专业和严格吧！
黑东旭此事必有阴谋！"
好帖，请转发，让更多人看到！ 一名离职操盘手的忠告 据我所知，主力也会关注股吧，,"https://guba.eastmoney.com/news,000413,802974886.html",2019-01-28 06:12:05,"好帖，请转发，让更多人看到！
一名离职操盘手的忠告
据我所知，主力也会关注股吧，而且有专门的公关在股吧里发帖，就是所谓的庄托。
但是庄托并不像你们想的那样总是隐瞒主力意图。庄家并不关心股吧里散户的意见，因为那些都是看好的，不看好的不会呆在股吧里。庄家比较注意的是股吧‘热度’。
如果股吧里大家都发帖，不管是唱空还是唱多，庄家知道有很多人在等着坐直升机。那么庄家就会无休止地震荡，耐心地摊低成本。这种行情对散户来说简直是煎熬。等到企图短线获利的散户忍受不住出局，大家不再关注这只股票时，主力才会伺机拉起主升浪。
其实在股吧里根本得不到有用的东西，大家多去分析一下公司的经营情况，分析一下技术图形要有用得多。我劝大家不要再这么热衷发帖、回帖了。去年五至七月份我在东钽、金钼、宝钛、稀土等金属吧里也跟大家说过，后来股吧里说话的人很少了，结果不久就大涨。当然我还没有愚蠢到认为东钽、金钼、宝钛、稀土大涨是我的功劳，但是少说话对大家都有好处。
作为一个散户，在分析、研究、资讯、资金上都不是庄家的对手，但庄家哪怕穿铁布衫，一样有不为人知的死穴。庄家最怕什么呢？我说出来的答案一定会让你感到可笑----庄家最怕你不看他！因为庄家深知你的贪婪与恐惧。庄家的阴谋通过操盘手传递给你，他让盘口别有洞天、风起云涌，他让K线图青面獠牙、天花乱坠。
只要你睁开眼睛看，你就会患得患失，你就会神魂颠倒，你就会惶惶不可终日……庄家就这样征服了你，因为他把这个交易市场当作戏院，将自己看成是卖座的大明星，而你心甘情愿地做个忠实的观众，他就没日没夜地尽情表演。当你不看他的时候，当他没有观众的时候，当他对牛弹琴的时候，他真的好怕，因为他的钱是贷款来的，他要付银行利息，他要付操盘手工资。面对一个不看、不闻、不问、不急的人，面对一个无知、无欲、无畏、无惧的人，他的一切表演都是徒劳的，这就是庄家的死穴，这样的股民就是庄家永远不可战胜的散户。
首先，我再次重申证券投资的一个重要原则：不要轻易暴露自己的仓位，不要谈论自己的成本，更不要暴露自己的想法。如果你认为是个好股，你就坚定地持有并保持缄默，不要给主力有充分了解你的机会，沉默是金！！！主力最怕的就是散户不看盘和散户不发表意见，得不到任何信息的主力操作起来就是闭门造车，无从下手！在云铝吧时我曾经说过同样的话，后来云铝冷清了许多。没过多久，云铝开始拉升，当然这是各种因素促成的。我看目前论坛过于热闹，唧唧喳喳的人太多。
试想一下，大家每天都在看，难道主力不看吗？主力了解了散户的想法，它会给散户抬轿吗？它只会反做，直到把散户震出为止！所以，不论什么股，都不要给主力以充分了解你的机会，沉默是金！！！请股各位切记！切记！！！
从现在开始，谁也不要讨论此股的未来走势如何。愿意卖的，就去卖。亏了钱，骂也没用，能骂起来，咱们都去骂它！反之，愿意持股的，就别嫌涨得慢，耐心等。从此不必在此吧发表任何意见。希望吧里所有的股友们，都给在下一个面子，每天把此帖顶上一次，让新来的股友吧看到，大家沉默是金！如果大家选择建仓，那么你就悄悄地建仓；如果你想获利了结，那么你就悄悄把股票卖出。没必要在论坛里大声宣传，搞得要想13 亿中国人都知道一样。
股市如战场，保护自己的持仓机密，和寻找一个股票的买卖点一样重要。
发表于:东旭光电吧"
往事不要再提！,"https://guba.eastmoney.com/news,000413,802981918.html",2019-01-28 09:18:54,
石墨烯研发成功在路上，留现金在帐上为了石墨烯吧，一旦成功，快速投入，商机不容你到,"https://guba.eastmoney.com/news,000413,802980968.html",2019-01-28 09:10:49,石墨烯研发成功在路上，留现金在帐上为了石墨烯吧，一旦成功，快速投入，商机不容你到时再融资。
银行今日的授信与借款给了别有用心的造谣者致命的一击，难道有问题银行还会借款吗？东,"https://guba.eastmoney.com/news,000413,802949335.html",2019-01-27 10:42:54,银行今日的授信与借款给了别有用心的造谣者致命的一击，难道有问题银行还会借款吗？东旭有群别有目的空头找黑媒配合疯狂造谣，现在无话可说了？利息数据也证明了这215亿真实存在也没有被挪用，A股该好好净化这种黑媒的造谣成本了，低成本的造谣导致上市公司以及投资者平白遭受巨大的损失！
如果你是一个家族的家长，大儿子做生意赚了两个亿，二儿子投资做生意借银行两个亿，等,"https://guba.eastmoney.com/news,000413,802975936.html",2019-01-28 07:25:26,如果你是一个家族的家长，大儿子做生意赚了两个亿，二儿子投资做生意借银行两个亿，等等等等，还有孙子，从孙子一大堆，你能不能让大儿子的现金给二儿子还银行贷款？某一个孙子会不会同意把自己的钱给另外一个孙子还银行贷款？
企业要发展要做事负点债奇怪吗,"https://guba.eastmoney.com/news,000413,802976031.html",2019-01-28 07:29:35,主要是想买便宜货，主要是想进入
康得新大股东用上市公司银行存款抵押贷款用于建设碳纤维项目(项目总投资500亿)变,"https://guba.eastmoney.com/news,000413,802975919.html",2019-01-28 07:24:13,康得新大股东用上市公司银行存款抵押贷款用于建设碳纤维项目(项目总投资500亿)变相挪用上市公司资金。如果大股东用碳纤维项目股权归还挪用的上市公司资金，结果会怎样?
财务异常，与ST康得新有得比。,"https://guba.eastmoney.com/news,000413,802975632.html",2019-01-28 07:08:32,财务异常，与ST康得新有得比。
33万股东最热的点击量只有3万人，说明没人了快跑吧，连股东数都是假的，用编造利空,"https://guba.eastmoney.com/news,000413,802975380.html",2019-01-28 06:49:54,33万股东最热的点击量只有3万人，说明没人了快跑吧，连股东数都是假的，用编造利空再磨你们，你们还不跑。
 一名离职操盘手的忠告 据我所知，主力也会关注股吧，而且有专门的公关在股吧里发帖,"https://guba.eastmoney.com/news,000413,802968241.html",2019-01-27 22:12:26,"一名离职操盘手的忠告
据我所知，主力也会关注股吧，而且有专门的公关在股吧里发帖，就是所谓的庄托。
但是庄托并不像你们想的那样总是隐瞒主力意图。庄家并不关心股吧里散户的意见，因为那些都是看好的，不看好的不会呆在股吧里。庄家比较注意的是股吧‘热度’。
如果股吧里大家都发帖，不管是唱空还是唱多，庄家知道有很多人在等着坐直升机。那么庄家就会无休止地震荡，耐心地摊低成本。这种行情对散户来说简直是煎熬。等到企图短线获利的散户忍受不住出局，大家不再关注这只股票时，主力才会伺机拉起主升浪。
其实在股吧里根本得不到有用的东西，大家多去分析一下公司的经营情况，分析一下技术图形要有用得多。我劝大家不要再这么热衷发帖、回帖了。去年五至七月份我在东钽、金钼、宝钛、稀土等金属吧里也跟大家说过，后来股吧里说话的人很少了，结果不久就大涨。当然我还没有愚蠢到认为东钽、金钼、宝钛、稀土大涨是我的功劳，但是少说话对大家都有好处。
作为一个散户，在分析、研究、资讯、资金上都不是庄家的对手，但庄家哪怕穿铁布衫，一样有不为人知的死穴。庄家最怕什么呢？我说出来的答案一定会让你感到可笑----庄家最怕你不看他！因为庄家深知你的贪婪与恐惧。庄家的阴谋通过操盘手传递给你，他让盘口别有洞天、风起云涌，他让K线图青面獠牙、天花乱坠。
只要你睁开眼睛看，你就会患得患失，你就会神魂颠倒，你就会惶惶不可终日……庄家就这样征服了你，因为他把这个交易市场当作戏院，将自己看成是卖座的大明星，而你心甘情愿地做个忠实的观众，他就没日没夜地尽情表演。当你不看他的时候，当他没有观众的时候，当他对牛弹琴的时候，他真的好怕，因为他的钱是贷款来的，他要付银行利息，他要付操盘手工资。面对一个不看、不闻、不问、不急的人，面对一个无知、无欲、无畏、无惧的人，他的一切表演都是徒劳的，这就是庄家的死穴，这样的股民就是庄家永远不可战胜的散户。
首先，我再次重申证券投资的一个重要原则：不要轻易暴露自己的仓位，不要谈论自己的成本，更不要暴露自己的想法。如果你认为是个好股，你就坚定地持有并保持缄默，不要给主力有充分了解你的机会，沉默是金！！！主力最怕的就是散户不看盘和散户不发表意见，得不到任何信息的主力操作起来就是闭门造车，无从下手！在云铝吧时我曾经说过同样的话，后来云铝冷清了许多。没过多久，云铝开始拉升，当然这是各种因素促成的。我看目前论坛过于热闹，唧唧喳喳的人太多。
试想一下，大家每天都在看，难道主力不看吗？主力了解了散户的想法，它会给散户抬轿吗？它只会反做，直到把散户震出为止！所以，不论什么股，都不要给主力以充分了解你的机会，沉默是金！！！请股各位切记！切记！！！
从现在开始，谁也不要讨论此股的未来走势如何。愿意卖的，就去卖。亏了钱，骂也没用，能骂起来，咱们都去骂它！反之，愿意持股的，就别嫌涨得慢，耐心等。从此不必在此吧发表任何意见。希望吧里所有的股友们，都给在下一个面子，每天把此帖顶上一次，让新来的股友吧看到，大家沉默是金！如果大家选择建仓，那么你就悄悄地建仓；如果你想获利了结，那么你就悄悄把股票卖出。没必要在论坛里大声宣传，搞得要想13 亿中国人都知道一样。
股市如战场，保护自己的持仓机密，和寻找一个股票的买卖点一样重要"
合理价格3元左右慢慢等！,"https://guba.eastmoney.com/news,000413,802968606.html",2019-01-27 22:24:55,合理价格3元左右慢慢等！
过年了,"https://guba.eastmoney.com/news,000413,802968503.html",2019-01-27 22:21:45,
好帖，请转发！ 一名离职操盘手的忠告 据我所知，主力也会关注股吧，而且有专门的公,"https://guba.eastmoney.com/news,000413,802968281.html",2019-01-27 22:13:11,"好帖，请转发！
一名离职操盘手的忠告 据我所知，主力也会关注股吧，而且有专门的公关在股吧里发帖，
一名离职操盘手的忠告
据我所知，主力也会关注股吧，而且有专门的公关在股吧里发帖，就是所谓的庄托。
但是庄托并不像你们想的那样总是隐瞒主力意图。庄家并不关心股吧里散户的意见，因为那些都是看好的，不看好的不会呆在股吧里。庄家比较注意的是股吧‘热度’。
如果股吧里大家都发帖，不管是唱空还是唱多，庄家知道有很多人在等着坐直升机。那么庄家就会无休止地震荡，耐心地摊低成本。这种行情对散户来说简直是煎熬。等到企图短线获利的散户忍受不住出局，大家不再关注这只股票时，主力才会伺机拉起主升浪。
其实在股吧里根本得不到有用的东西，大家多去分析一下公司的经营情况，分析一下技术图形要有用得多。我劝大家不要再这么热衷发帖、回帖了。去年五至七月份我在东钽、金钼、宝钛、稀土等金属吧里也跟大家说过，后来股吧里说话的人很少了，结果不久就大涨。当然我还没有愚蠢到认为东钽、金钼、宝钛、稀土大涨是我的功劳，但是少说话对大家都有好处。
作为一个散户，在分析、研究、资讯、资金上都不是庄家的对手，但庄家哪怕穿铁布衫，一样有不为人知的死穴。庄家最怕什么呢？我说出来的答案一定会让你感到可笑----庄家最怕你不看他！因为庄家深知你的贪婪与恐惧。庄家的阴谋通过操盘手传递给你，他让盘口别有洞天、风起云涌，他让K线图青面獠牙、天花乱坠。
只要你睁开眼睛看，你就会患得患失，你就会神魂颠倒，你就会惶惶不可终日……庄家就这样征服了你，因为他把这个交易市场当作戏院，将自己看成是卖座的大明星，而你心甘情愿地做个忠实的观众，他就没日没夜地尽情表演。当你不看他的时候，当他没有观众的时候，当他对牛弹琴的时候，他真的好怕，因为他的钱是贷款来的，他要付银行利息，他要付操盘手工资。面对一个不看、不闻、不问、不急的人，面对一个无知、无欲、无畏、无惧的人，他的一切表演都是徒劳的，这就是庄家的死穴，这样的股民就是庄家永远不可战胜的散户。
首先，我再次重申证券投资的一个重要原则：不要轻易暴露自己的仓位，不要谈论自己的成本，更不要暴露自己的想法。如果你认为是个好股，你就坚定地持有并保持缄默，不要给主力有充分了解你的机会，沉默是金！！！主力最怕的就是散户不看盘和散户不发表意见，得不到任何信息的主力操作起来就是闭门造车，无从下手！在云铝吧时我曾经说过同样的话，后来云铝冷清了许多。没过多久，云铝开始拉升，当然这是各种因素促成的。我看目前论坛过于热闹，唧唧喳喳的人太多。
试想一下，大家每天都在看，难道主力不看吗？主力了解了散户的想法，它会给散户抬轿吗？它只会反做，直到把散户震出为止！所以，不论什么股，都不要给主力以充分了解你的机会，沉默是金！！！请股各位切记！切记！！！
从现在开始，谁也不要讨论此股的未来走势如何。愿意卖的，就去卖。亏了钱，骂也没用，能骂起来，咱们都去骂它！反之，愿意持股的，就别嫌涨得慢，耐心等。从此不必在此吧发表任何意见。希望吧里所有的股友们，都给在下一个面子，每天把此帖顶上一次，让新来的股友吧看到，大家沉默是金！如果大家选择建仓，那么你就悄悄地建仓；如果你想获利了结，那么你就悄悄把股票卖出。没必要在论坛里大声宣传，搞得要想13 亿中国人都知道一样。
股市如战场，保护自己的持仓机密，和寻找一个股票的买卖点一样重要。"
财联社：河北2019年工业经济发展目标确定 推广应用新能源汽车3万辆标准车 财联,"https://guba.eastmoney.com/news,000413,802957766.html",2019-01-27 16:22:02,"财联社：河北2019年工业经济发展目标确定 推广应用新能源汽车3万辆标准车
财联社
01-27 13:58
河北2019年工业经济发展目标确定 推广应用新能源汽车3万辆标准车财联社1月27日讯，今年河北省工业经济发展的目标为：规模以上工业增加值同比增长4.5%左右；民营经济增加值占GDP比重达到68.5%以上；工业技改投资同比增长6%以上；新增规模以上工业企业800家以上，力争达到1000家；压减水泥产能100万吨、平板玻璃产能660万重量箱、焦炭产能300万吨；推广应用新能源汽车3万辆标准车。（河北日报）"
明天怎么走,"https://guba.eastmoney.com/news,000413,802961982.html",2019-01-27 18:55:47,明天大阴线可期
我已经倡议证监会把市场造谣者狠狠处置并报请人大列入刑法，最低处5--20年。并巨,"https://guba.eastmoney.com/news,000413,802963714.html",2019-01-27 19:55:29,我已经倡议证监会把市场造谣者狠狠处置并报请人大列入刑法，最低处5--20年。并巨额罚款。
应将名字更改为东旭科技！合情合理,"https://guba.eastmoney.com/news,000413,802946911.html",2019-01-27 09:14:09,应将名字更改为东旭科技！合情合理
应将名字更改为东旭科技！合情合理,"https://guba.eastmoney.com/news,000413,802946911.html",2019-01-27 09:14:09,应将名字更改为东旭科技！合情合理
还谣言止于智者，止于你MB，如果被ST了，股民的损失谁负责？,"https://guba.eastmoney.com/news,000413,802928731.html",2019-01-26 16:10:39,还谣言止于智者，止于你MB，如果被ST了，股民的损失谁负责？
上海：新投用公交车一律采用新能源车 01-27 10:22 来源:上观新闻 2 ,"https://guba.eastmoney.com/news,000413,802953045.html",2019-01-27 13:09:23,"上海：新投用公交车一律采用新能源车
01-27 10:22
来源:上观新闻
2 评论
摘要：上海：新投用公交车一律采用新能源车上海市市长应勇今天在作《政府工作报告》时表示，今年上海将全面推进新一轮清洁空气行动计划，新投入使用的公交车全部采用新能源汽车，推动空气质量持续改善。同时，上海将建设全国性碳排放交易系统，完成3600台燃油燃气锅炉低氮改造，强化重污染柴油货车综合整治等，以推动空气质量持续改善。(上观新闻)
上海市市长应勇今天在作《政府工作报告》时表示，今年上海将全面推进新一轮清洁空气行动计划，新投入使用的公交车全部采用新能源汽车，推动空气质量持续改善。同时，上海将建设全国性碳排放交易系统，完成3600台燃油燃气锅炉低氮改造，强化重污染柴油货车综合整治等，以推动空气质量持续改善。
（文章来源：上观新闻）"
我买了5个股.结果5个股都被吧里的人叫要ST.要退市,"https://guba.eastmoney.com/news,000413,802964488.html",2019-01-27 20:21:55,我就笑了.一年能有几个股补ST的.给让我给看中了
是金子总会发光的，东旭光电是中国的骄傲。,"https://guba.eastmoney.com/news,000413,802948911.html",2019-01-27 10:27:08,是金子总会发光的，东旭光电是中国的骄傲。
光电材料龙头地位稳固，新能源布局开始发力,"https://guba.eastmoney.com/news,000413,756723104.html",2018-04-23 19:53:23,
风起于青萍之末,"https://guba.eastmoney.com/news,000413,802962876.html",2019-01-27 19:27:56,风起于青萍之末
英国帝国理工学院：锂电池将是未来几十年最廉价储能方式  01-11 11:35 ,"https://guba.eastmoney.com/news,000413,802963703.html",2019-01-27 19:55:03,"英国帝国理工学院：锂电池将是未来几十年最廉价储能方式 
01-11 11:35
来源:第一财经
摘要：英国帝国理工学院日前发布的一项新研究预测，未来几十年，锂离子电池在多数应用场景中，都有望成为电力存储方面最廉价的选择。研究显示，当前最廉价的电力存储方式是抽水蓄能电站，但团队预测，随着时间推移，抽水蓄能电站的成本不会进一步下降，而锂离子电池的成本会持续降低，预计从2030年起在大多数应用场景中，后者都是最廉价的电力存储选择。到2050年，锂离子电池的成本优势会更明显。
英国帝国理工学院日前发布的一项新研究预测，未来几十年，锂离子电池在多数应用场景中，都有望成为电力存储方面最廉价的选择。研究显示，当前最廉价的电力存储方式是抽水蓄能电站，但团队预测，随着时间推移，抽水蓄能电站的成本不会进一步下降，而锂离子电池的成本会持续降低，预计从2030年起在大多数应用场景中，后者都是最廉价的电力存储选择。到2050年，锂离子电池的成本优势会更明显。
据前瞻产业研究院日前发布的《中国储能行业市场前瞻与投资预测分析报告》统计数据显示：2018年，我国电化学储能出现爆发式增长，其中电网侧储能新增装机比重更是首次超过用户侧，跃居第一位，占比达到42%。在地方层面，江苏、河南、湖南等地陆续开展了百兆瓦级别的电网侧储能项目建设。按技术类型分析，锂离子电池累计装机规模366.38兆瓦，所占比重近70%，应用覆盖发电侧、电网侧及用户侧全领域；铅蓄电池累计装机规模143.78兆瓦，占比27%，用户侧则是其主要应用场景。
2017年印发的《关于促进储能技术与产业发展指导意见》是我国储能行业第一个指导性政策，《意见》提出未来10年中国储能产业的发展目标，从技术创新、应用示范、市场发展、行业管理等方面对我国储能产业发展进行了明确部署。在可再生能源产业、电动汽车产业和能源互联网产业快速发展的推动下，储能产业有望呈现爆发性增长。"
第二个康得新,"https://guba.eastmoney.com/news,000413,802962912.html",2019-01-27 19:29:22,第二个康得新
唱空和唱多戏的都停下吧。最知内情的只有大股东和员工，大股东和员工在9元多买了30,"https://guba.eastmoney.com/news,000413,802958821.html",2019-01-27 16:58:21,唱空和唱多戏的都停下吧。最知内情的只有大股东和员工，大股东和员工在9元多买了30多亿元。什么爆，什么利都是白唱戏。股价是庄家说了算。还是一句话，长线买进可满仓，短线等放量上攻60线半仓，上攻120线满仓。
全国2019都在推广新能源汽车。客车优先。,"https://guba.eastmoney.com/news,000413,802961108.html",2019-01-27 18:21:18,全国2019都在推广新能源汽车。客车优先。
姜超：为什么市场底会先于经济底？ 来源：姜超 14:59 字数3740 阅读10,"https://guba.eastmoney.com/news,000413,802958369.html",2019-01-27 16:46:23,"姜超：为什么市场底会先于经济底？
来源：姜超
14:59
字数3740
阅读10分钟
摘要：点金石最佳宏观分析师姜超认为，虽然当前经济仍在继续下滑，但由于减税降费政策的落地，政策底已经出现。年初股市上涨或许意味着市场底已经出现，而经济底的出现也不会特别遥远。
为什么市场底会先于经济底？
一、经济下滑而股市反弹
经济继续下滑。
18年12月工业增速虽然小幅反弹至5.7%，但从需求来看，12月经济依旧偏弱，不仅代表外需的出口增速降至-4.4%，内需中的投资增速也回落至5.9%，仅消费增速从8.1%略升至8.2%。
进入1月份以来，主要34城市地产销量增速再度转负，乘用车销售依旧负增，6大集团发电耗煤增速下降，粗钢产量增速回落，诸多指标显示经济仍在继续减速。
股票资产领涨。
截止上周末，19年内上证指数上涨4.3%，深圳成指上涨4.9%，沪深300指数上涨5.8%，主要的股票指数涨幅均超过4%。而同期的中证综合债券指数上涨0.77%，货币基金收益率约为0.2%，股市表现在各类资产中遥遥领先。
二、市场底往往先于经济底
从理论上说，股市的涨跌应与经济的表现正相关，经济好股市上涨、经济不好股市下跌。但2001年以来的数据显示，中国工业增速和股市涨跌呈现微弱正相关。这意味着虽然大多数时候股市表现与经济走势一致，但也有不少时期两者走势背离，尤其是在经济处于拐点的时期。
市场先见底，经济再见底。
比如在全球金融危机的时期，股市的最低点发生于08年10月，上证指数一度跌至1664点，但从经济增速来看，最低点发生在09年1季度，GDP增速降至6.4%。中国股市领先于中国经济一个季度见底。
再比如说中国GDP增速从10年1季度见顶之后持续下滑，一直到16年1季度才触及6.7%的阶段性低点，此后的两年略有回升。但中国A股从14年3季度开始大幅上涨，虽然期间经历了15年股市的大幅波动，但从14年3季度到18年初的A股整体呈现上涨走势，这一轮股市的见底领先于经济见底1年半时间。
反过来也有类似的现象，也就是市场顶往往领先于经济顶。
在09年3季度，上证指数达到3478的反弹高点，而中国经济当时刚刚步入复苏的轨道，一直到10年1季度才见顶，那一轮股市见顶领先于中国经济3个季度。
而在最近这一轮中国股市的下跌过程中，18年1月份上证指数见顶下跌，而GDP增速在18年1季度以前一直维持6.8%的增速，在18年2季度以后才出现明显回落，股市领先于经济1个季度见顶。
只有在2005-2007年，在中国股市创下新低和新高的那一轮过程中，A股的表现相对比较迟钝。中国经济增速在04年4季度就见底了，但股市一直到05年2季度才见底回升。而在07年2季度中国经济见顶回落，而股市则是到07年4季度才开始下跌。
也就是说，在大多数的拐点上，股市的表现往往领先于经济的变化。为什么市场的表现会相对领先，我们认为有如下几种可能的原因：
三、政策变化最为领先
首先，往往先有政策变化，随后才有经济的变化。
08年：先有4万亿，后有经济复苏。
比如说在08年金融危机期间，中国经济快速回落，出现了硬着陆的风险。而为了应对经济下滑，国务院在08年11月初召开常务会议，研究部署进一步扩大内需、促进经济平稳较快增长的十项措施，包括棚改、“铁公机”等，初步匡算，实施上述工程建设，到2010年底约需投资4万亿元。
因此，虽然08年4季度的中国经济依然在大幅下滑，但是4万亿政策的出台激发了对中国经济未来复苏的信心，08年股市的见底与4万亿政策的出台基本同步，而远远领先于经济底。
14年：先有改革预期，后有股市上涨。
而在2014年，虽然中国经济依然在继续回落，但是当时出台了一系列改革的文件。在2013年末的十八届三中全会上，通过了《中共中央关于全面深化改革若干重大问题的决定》，提出深化经济、政治、文化、社会和生态文明体制五大改革。此后的14年政府两会报告提出“推动重要改革领域取得新突破”，着重强调了行政改革、财税改革、金融改革和国企改革四大领域。而14年的四中全会通过了《中共中央关于全面推进依法治国若干重大问题的决定》，明确提出全面推进依法治国，有助于维护公平正义。
正是这些关于改革的重要文件陆续出台，使得市场对中国经济潜在增速的提升开始恢复信心，而14年中国股市的上涨首先反映的其实是“改革牛”，只是因为后来投机过度才出现了变化。
07年：先有紧缩预期，后有经济股市回落。
而在07年3月的国务院常务会议上，明确提出货币信贷增长过快，固定资产投资存在反弹压力，贸易顺差继续增加等问题，提出要防止经济由偏快转为过热。与之相应，当时出台的政策要求继续加强固定资产投资调控，抓紧缓解流动性过剩矛盾，有效抑制贸易顺差过快增长，努力保持价格总水平基本稳定、遏制房价过快上涨。而在随后的07年2季度，经济增速就见顶回落。
因此，07年的政策变化也是领先于经济和股市的变化，只是由于股市的投机气氛过于浓烈，没有反映出政策的变化，使得市场底滞后于经济底。
四、货币融资先于经济变化
其次，货币是经济发展的血液，因此货币的变化也会影响经济的变化。
在经济的运行当中，居民企业的存款会形成货币，然后通过各种融资的方式进入经济运行。由于从货币融资投入经济到形成产出存在一定时滞，我们发现货币和融资的变化往往领先于中国经济变化。
08年：信贷领先于经济。
在2008年4万亿政策出台之后，11和12两月的新增信贷大幅回升，推动信贷增速从14%左右大幅上升至年末的19%，随后在09年6月最高升至34.3%。信贷增速的变化与政策的变化基本同步，但远远领先于经济的变化。而在09年6月份之后，信贷增速开始逐渐回落，其影响到10年1季度才体现为经济的再度下滑。
纵观那一轮的股市涨跌，其实与信贷增速的变化基本同步，而远远领先于经济变化。
15年：政府融资领先于经济。
最早的时候中国的社会融资的成分主要是信贷，但是在2014年之后，我国决定大规模发行地方政府债、来置换存量15.4万亿地方债务，因此15年之后政府融资开始产生显著的影响。
从15年3季度起，随着地方政府置换债的大规模发行，我们测算的社会加政府融资增速出现了大幅反弹，但实际上直到半年之后的16年1季度，经济才出现明显回升。
16年后：影子银行兴衰领先于经济。
而在2016年之后，影子银行的兴衰又成为影响中国社会融资总量的关键性因素，从16年到17年上半年，影子银行激增推动社会融资增速持续反弹。而从2017年下半年开始，随着金融去杠杆的大力推进，各项非标融资开始持续回落，到17年4季度社融增速出现了明显回落，而在半年以后的18年2季度，经济增速也开始明显下滑。
由此可见，虽然每一次导致社会融资增速变化的原因都不一样，最早在08年是信贷波动、在15年是政府融资激增、到16年以后是影子银行的兴衰，但结果都会导致社会融资总量的变化，进而影响到经济的变化。
五、股市有望领先经济见底
因此，综合来看，中国过去曾多次出现市场底领先于经济底的情况，其背后的两大重要原因在于：政策和货币融资变化均领先于经济变化。
展望未来，我们认为19年以来的股市反弹意味着本轮市场底或已出现，原因也在于政策和货币融资的变化。
政策底已现：积极财政减税降费。
首先从政策来看，18年积极的财政政策已经开始发力。由于经济增速继续下行，市场对本轮财政政策的效果存在疑虑。我们认为主要原因在于过去我们的财政政策以加大财政刺激为主，财政支出的加快会带来立竿见影的效果。而本轮财政政策以减税降费为主，而减税政策往往需要半年到1年的时滞才会陆续见效。由于去年的增值税和个税的减免主要发生在下半年，因此其见效需要等到19年上半年。
此外，去年末的中央经济工作会议提出，19年要实施更大规模的减税降费政策。此前财政部部长助理许宏才称，18年减税规模为1.3万亿，由此推算19年的减税规模不会少于1.3万亿。在19年初政府就推出了2000亿的小微企业减税计划，同时开始实施个人所得税的四项抵扣政策。我们预计在两会期间的政府工作报告或会推出万亿规模的增值税减税计划，而其影响或在19年下半年之后陆续体现。
融资底将现：直接融资发力，替代影子银行。
其次从货币融资来看，18年以来虽然央行已经多次实施定向和全面降准的政策，但这一步只是增加了银行间金融市场的资金供应，由于信贷传导不畅，加上影子银行的持续收缩，使得实体经济使用的全社会融资余额增速仍在下滑，这就意味着经济增长后续依旧承压。
我们知道，影子银行的监管是过去两年社融回落的主要原因。但我们需要思考的是，为什么会有影子银行？央行行长易纲在18年12月提出，影子银行是金融市场的必要补充，但要规范经营。这一说法并不是说要回到发展影子银行的老路，而是说影子银行的存在其实是有合理性的。
在我们看来，影子银行代表的是中国直接融资的萌芽。影子银行的很多融资活动来自于民营企业、房地产企业、融资平台，但是因为正规融资渠道满足不了，所以走向了影子银行。我们监管影子银行的行为肯定是对的，不然会有更大的风险。但是在关闭影子银行的偏门之后，我们需要给这些融资活动开一扇正门，这其实就是直接融资。
我们看到，18年发布了《地方政府隐性债务问责办法》，19年提出加大地方政府专项债券发行，这其实就是用地方政府专项债取代了以往融资平台的隐性债务。
而从18年4季度开始，央行提出引导设立民营企业债券融资支持工具，而信用风险缓释工具的大力发行帮助部分龙头民企缓释了信用风险，其结果是去年11月以后民企信用债净发行规模由负转正，而企业债净发行规模大幅井喷，在18年11月之后连续3个月维持在月均3000亿以上规模。
因此，19年企业债和地方政府专项债的放量有望弥补非标融资的萎缩，直接融资发展有望替代影子银行，从而使得社会融资总量余额增速在年初就开始见底企稳。
由于本轮社会融资增速的改善更多的是依靠企业债、地方政府专项债等直接融资，因此未来融资增速的见底更多的是呈现L型企稳，而非以往靠信贷和影子银行激增导致的V型反转，这反过来意味着未来的融资增速不会因为刺激过度而大幅回落，其稳定增长更可持续。
股市或已见底，领先经济见底。
总结来说，虽然当前经济仍在继续下滑，但是由于减税降费政策的逐步落地，政策底已经出现。此外随着打破刚性兑付以后，企业债、政府债等直接融资的发力，货币和融资的底也即将出现。那么年初以来的股市上涨或许意味着市场底已经出现，而经济底的出现也不会特别遥远。
而且这一轮中国经济见底伴随着出口、地产等的下滑，靠的是减税增加消费、直接融资改善企业和政府投资，这意味着未来经济的底部增速或许会更低，但增长更加可持续。
本文作者：姜超，来源：海通证券，原文标题：《为什么市场底会先于经济底？——兼论本轮股市反弹的原因》，文章有删减
展开阅读全文"
东旭玻璃基板项目的核心成果“五仓型”铂金通道技术，更是被鉴定为国际领先水平。,"https://guba.eastmoney.com/news,000413,800793968.html",2019-01-09 13:42:13,东旭玻璃基板项目的核心成果“五仓型”铂金通道技术，更是被鉴定为国际领先水平。
量子通信卫星升天，绝对保密的京沪量子通信主干线接通，沪杭线、沪宁线、安徽到武汉线,"https://guba.eastmoney.com/news,000413,801473646.html",2019-01-15 13:32:54,量子通信卫星升天，绝对保密的京沪量子通信主干线接通，沪杭线、沪宁线、安徽到武汉线连接，武汉全省干线、山东、广东量子城域网，量子通信正在军队、全国遍地开花，量子通信走进千家万户，必将火箭飞升。
股市神预测！！！美国股市科技股会在2019年3月至6月崩盘！中国股市目前属于筑底,"https://guba.eastmoney.com/news,000413,802954676.html",2019-01-27 14:16:43,股市神预测！！！美国股市科技股会在2019年3月至6月崩盘！中国股市目前属于筑底行情！底部盘整、磨底后进入波澜壮阔的漫漫牛市！时间持续达十年之久！！！关尔神预测！
牵涉国计民生！,"https://guba.eastmoney.com/news,000413,802951604.html",2019-01-27 12:07:48,牵涉国计民生！
公司参股亿华通5.5075%的股份，亿华通是首批科创板上市名单，亿华通主营业务是,"https://guba.eastmoney.com/news,000413,803273405.html",2019-01-29 18:28:00,"公司参股亿华通5.5075%的股份，亿华通是首批科创板上市名单，亿华通主营业务是燃料电池，对公司是否有影响？ 
ST旭电
东旭光电：您好！公司确有参股亿华通，感谢您的关注！
(来自深交所互动易)答复时间 2019-01-29 18:28:00"
东旭光电:中天国富证券有限公司关于公司发行股份及支付现金购买资产并募集配套资金暨关联交易之限售股解禁的核查意见,"https://guba.eastmoney.com/news,000413,799223654.html",2018-12-25 16:24:08,"公告日期：2018-12-26

中天国富证券有限公司

关于东旭光电科技股份有限公司

发行股份及支付现金购买资产并募集配套资金暨关联交易

之限售股解禁的核查意见

中天国富证券有限公司（以下简称“中天国富”或“独立财务顾问”）作为东旭光电科技股份有限公司（以下简称“东旭光电”、“上市公司”或“公司”）2017年发行股份及支付现金购买资产并募集配套资金暨关联交易（以下简称“本次交易”）的独立财务顾问，根据《上市公司重大资产重组管理办法》、《上市公司并购重组财务顾问业务管理办法》、《证券发行上市保荐业务管理办法》、《深圳证券交易所主板上市公司规范运作指引》、《深圳证券交易所股票上市规则》等有关法律、法规和规范性文件的要求，对本次交易所涉及限售股解禁事项进行了审慎核查，具体核查意见如下：

一、本次解除限售股份取得的基本情况

根据中国证券监督管理委员会证监许可[2017]1841号文《关于核准东旭光电科技股份有限公司向上海辉懋企业管理有限公司等发行股份购买资产并募集配套资金的批复》，核准公司向上海辉懋企业管理有限公司发行262,626,262股股份、向东旭集团有限公司发行106,326,446股股份、向绵阳科技城发展投资（集团）有限公司发行11,380,165股股份、向四川长虹电器股份有限公司发行5,020,661股股份购买相关资产；核准公司非公开发行股份募集配套资金不超过375,000万元，该等股份已分别于2017年11月30日、12月29日在深圳证券交易所上市。

本次非公开发行股票的发行对象及限售情况如下：

序号 发行对象 获配股数（股） 限售期（月）

发行股份购买资产部分

1 东旭集团有限公司 106,326,446 36


序号 发行对象 获配股数（股） 限售期（月）

发行股份购买资产部分

2 上海辉懋企业管理有限公司 262,626,262 36

3 绵阳科技城发展投资（集团）有限公司 11,380,165 12

4 四川长虹电器股份有限公司 5,020,661 12

配套募集资金部分

1 东旭集团有限公司 245,680,345 36

2 民生加银基金－平安银行－大业信托 97,192,224 12

－大业信托·增利2号单一资金信托

3 北信瑞丰基金－招商银行－大业信托 62,095,032 12

－大业信托·增利3号单一资金计划

合计 790,321,135 —

二、本次限售股份可上市流通安排

1、本次限售股份可上市流通时间为2019年1月2日（2018年12月29日为休息日，顺延至工作日）；

2、本次可上市流通股份的总数为175,688,082股，占公司总股本的3.07%；
3、本次申请解除股份限售的投资者为绵阳科技城发展投资（集团）有限公司、四川长虹电器股份有限公司、民生加银基金－平安银行－大业信托－大业信托·增利2号单一资金信托、北信瑞丰基金－招商银行－大业信托－大业信托·增利3号单一资金计划4家特定投资者；

4、本次解除限售股份上市流通情况如下：

本次解除限售 本次解除限售股
序 限售股份持有人名称 持有限售股份 本次解除限售股份 股份占公司无 份占公司总股本
号 数量（股） 数量（股） 限售条件股份 的比例
……
[点击查看PDF原文]
提示：本网不保证其真实性和客观性，一切有关该股的有效信息，以交易所的公告为准，敬请投资者注意风险。
展开阅读全文"
康波周期,"https://guba.eastmoney.com/news,000413,802947492.html",2019-01-27 09:38:15,康波周期
东旭光电正发力构建石墨烯产品体系，有望实现快速转型升级,"https://guba.eastmoney.com/news,000413,802639843.html",2019-01-24 15:47:04,东旭光电正发力构建石墨烯产品体系，有望实现快速转型升级
商誉减值和200多亿资金去向,"https://guba.eastmoney.com/news,000413,802915896.html",2019-01-26 09:37:04,个个都是雷
周一万股涨停，狗屁下台了管卖菜去了,"https://guba.eastmoney.com/news,000413,802935862.html",2019-01-26 19:45:59,周一万股涨停，狗屁下台了管卖菜去了
那些看多看空的:少到处吹牛了:用得着你们瞎写:报表谁不会看:信息谁不会分折:问题,"https://guba.eastmoney.com/news,000413,802941570.html",2019-01-26 22:55:34,那些看多看空的:少到处吹牛了:用得着你们瞎写:报表谁不会看:信息谁不会分折:问题就出在写报告之前先定性:再特意找对自己有利的证据:只要是投资的:无论个人机构:基本上没人公公共共讲句话:所以这些多空报告基本上可以定为妖言惑众
请问各位，周五，2点28分的急拉，是什么意思呢？,"https://guba.eastmoney.com/news,000413,802930423.html",2019-01-26 16:52:16,请问各位，周五，2点28分的急拉，是什么意思呢？
个人分析认为：大盘已经处于市场(不是政策)探底或筑底阶段，表现在白马股、绩优股纷,"https://guba.eastmoney.com/news,000413,802938336.html",2019-01-26 21:05:56,个人分析认为：大盘已经处于市场(不是政策)探底或筑底阶段，表现在白马股、绩优股纷纷释放利空(板块的、个股的，实际的或人为的)砸盘。大盘看，这个过程可能还会持续，但个股却有早有晚。个股看，近几年，东旭光电的年报营业额增长明显，与公司扩张和做大匹配，但利润率却没有同步（但仍然处于增长趋势中），可以理解为扩张过程中的问题，但现在是应该正视和解决这个问题的时候了：做大也要做强；另外，资金问题既是问题也不是问题：扩张过程中以及现在这个形势下，手握流动资金是很重要的(哪怕是合理利率的贷款或其它途径获取)，只要没有非法占用或变相转移(这个问题公司有回答，可以略向好的方向想)；个人稍有担忧的是大股东质押率太高，虽然这在牛市不是问题，但现在毕竟是熊市而且玩金蝉脱壳的也有先例。如果说投资看重未来，个人认为科技股最有潜力的，银行、电力、医药逐渐有长线投资价值但成长性有限(16年底在15元左右介入汇川技术，可惜后来做丢了，当时就判断这是A股为数不多的有良心和业绩的科技股。)。综上所述，个人认为，在大盘和个股利空叠加下，寻找有潜力的科技股是中长线布局的关键。如果大家有这方面的个股，欢迎推荐给我。
借壳是14年因此测15至18上半年数据货币资金收益率约等七天通知存款的收益率，证,"https://guba.eastmoney.com/news,000413,803457290.html",2019-01-30 20:53:00,"借壳是14年因此测15至18上半年数据货币资金收益率约等七天通知存款的收益率，证明了东电的货币资金是确实存在的。通过对股权融资的分析，发现东旭光电受限使用资金达23 55 11=89亿，这些一般情况下不能被挪用只能被用于专项，再考虑到23亿的原本受限资金，公司受限资金达112亿，那么215亿的货币资金扣除这些实际不受限资金只有103亿，而短期借款64亿一年期的非流动负债39亿合计103亿就是这么巧 
ST旭电
东旭光电：您好，感谢您的关注！
(来自深交所互动易)答复时间 2019-01-30 20:53:00"
我来证明东旭光电215亿货币资金真实存在且没有被挪用，因字数限制我在下个提问里全,"https://guba.eastmoney.com/news,000413,803457288.html",2019-01-30 20:53:00,"我来证明东旭光电215亿货币资金真实存在且没有被挪用，因字数限制我在下个提问里全面分析告知，按七天通知的存款准备收益率算，账上215亿现金真实存在。扣除受限资金实际不受限货币资金103=短期借款64亿 一年到期的非流动负债39亿，就是这么巧！印证了为什么东旭为何选择发债回购，因为不受限的流动资金是为这些借款准备的！东旭比那些还不起却还拼命借钱的企业强多了！别有用心的造谣者可以停止造谣了！ 
ST旭电
东旭光电：您好，感谢您的关注！
(来自深交所互动易)答复时间 2019-01-30 20:53:00"
东旭光电的前景非常好，希望公司宣传一下，比如和公司有关的两家最近即将上市的科创版,"https://guba.eastmoney.com/news,000413,803271652.html",2019-01-29 18:19:00,"东旭光电的前景非常好，希望公司宣传一下，比如和公司有关的两家最近即将上市的科创版上市公司，一个是刘鹤副总理关心的独角兽“深蓝科技”和东旭光电的申龙客车研制的熊猫人工智能客车即将上市，再就是控股的“亿华通”科创版即将上市。谢谢！ 
ST旭电
东旭光电：您好，感谢您的建议！
(来自深交所互动易)答复时间 2019-01-29 18:19:00"
几点看法，适合东旭,"https://guba.eastmoney.com/news,000413,802671900.html",2019-01-24 21:35:43,"1，低位利空，速度进兵，高位利好，撒腿就跑；
　　2017年高位时，庄家和公司发布了好多石墨烯的利好！
2，横有多长，竖有多高!
　　低位调整有好几个月了，大家比划一下
3，无利不起早
　　庄家请那么多托发布些牵强附会的利空，为的是散户手中的带血筹码；
4，价格便宜是最大的利好
　　都掉成渣渣了，还怕个啥子哦"
又担保，又讲故事，怎么还不破四啊，看来要等下周了，周四破四是大概率,"https://guba.eastmoney.com/news,000413,802850630.html",2019-01-25 23:03:47,又担保，又讲故事，怎么还不破四啊，看来要等下周了，周四破四是大概率
网络多篇报道传贵公司存在大股东资金占用、有大笔现金却发债回购有疑点、债务违约风险,"https://guba.eastmoney.com/news,000413,802844038.html",2019-01-25 21:36:00,"网络多篇报道传贵公司存在大股东资金占用、有大笔现金却发债回购有疑点、债务违约风险、被证监会调查等问题，可能成为第二个康得新，导致散户亏死。建议贵公司对这些疑团一一详细澄清，打消股东顾虑。 
ST旭电
东旭光电：您好！公司严格按照上市公司相关规定，不存在大股东占用上市公司资金的情况。公司正积极与包括中小投资者在内的各类股东进行沟通交流，感谢您的关注！
(来自深交所互动易)答复时间 2019-01-25 21:36:00"
石墨烯玩真的！我的天,"https://guba.eastmoney.com/news,000413,802928339.html",2019-01-26 16:02:11,石墨烯玩真的！我的天
乘着月黑风高编一个鬼故事吓人,"https://guba.eastmoney.com/news,000413,802928429.html",2019-01-26 16:03:55,还不到披露年报的时候，企业没有什么可申明的，清者自清嘛，再说资金也是要为科创企业保驾护航的，不然怎么叫做优化资源配置呢
都说这公司好，可是股票跌成狗，肯定有利空消息还没出来,"https://guba.eastmoney.com/news,000413,802922953.html",2019-01-26 13:31:40,都说这公司好，可是股票跌成狗，肯定有利空消息还没出来
即死有地雷都不止这个价'！,"https://guba.eastmoney.com/news,000413,802924345.html",2019-01-26 14:31:06,即死有地雷都不止这个价'！
一边唱空一边买买买,"https://guba.eastmoney.com/news,000413,802838253.html",2019-01-25 21:08:05,不然如都坚守怎么在底部吃货
为什么公司的网站很长时间没有更新了？为什么近期打公司的对外公布电话老是没有人接？,"https://guba.eastmoney.com/news,000413,802755042.html",2019-01-29 17:53:00,"为什么公司的网站很长时间没有更新了？为什么近期打公司的对外公布电话老是没有人接？ 
ST旭电
东旭光电：您好，公司网站运营良好，投资者咨询电话畅通，电话号码：010-63541061，感谢您的关注！
(来自深交所互动易)答复时间 2019-01-29 17:53:00"
东旭光电节前走势,"https://guba.eastmoney.com/news,000413,802817460.html",2019-01-25 16:46:40,
股市似海深难测,"https://guba.eastmoney.com/news,000413,802922392.html",2019-01-26 13:09:49,股市似海深难测
现在并购重组委真是神速呀,"https://guba.eastmoney.com/news,000413,802919377.html",2019-01-26 11:17:34,现在并购重组委真是神速呀
造谣的已经被抓了，给网警点个赞,"https://guba.eastmoney.com/news,000413,802722290.html",2019-01-25 10:24:41,造谣的已经被抓了，给网警点个赞
请问，新能源客车燃料电池是自主研发还是外购配套,"https://guba.eastmoney.com/news,000413,803271654.html",2019-01-29 18:19:00,"请问，新能源客车燃料电池是自主研发还是外购配套 
ST旭电
东旭光电：您好，公司氢燃料电池新能源客车完整覆盖8米到12米主流客车车型，客车所用燃料电池为外购，感谢您的关注！
(来自深交所互动易)答复时间 2019-01-29 18:19:00"
我们来分析下：那只股票出这么多利好，燃料电池这么火都把已量产燃料电池车的东旭光电股票拉不起,"https://guba.eastmoney.com/news,000413,802915050.html",2019-01-26 09:16:19,我们来分析下：那只股票出这么多利好，燃料电池这么火都把已量产燃料电池车的东旭光电股票拉不起来，庄家有这么好热点不拉是为什么？怕暴雷，庄家的消息永远比小散清楚，看看这几天净流出多少，这2天可能会往上拉点，一旦跟风的小散进来，庄家就又可以往外逃
估值千亿，严重低估，估价37～47之间,"https://guba.eastmoney.com/news,000413,802915877.html",2019-01-26 09:36:10,估值千亿，严重低估，估价37～47之间
一个阴谋,"https://guba.eastmoney.com/news,000413,802917510.html",2019-01-26 10:21:30,一个阴谋
这次事件背后的黑手无非就三个可能1.美帝康宁等同行（东旭打破垄断量大价优损害了他,"https://guba.eastmoney.com/news,000413,803271706.html",2019-01-29 17:56:00,"这次事件背后的黑手无非就三个可能1.美帝康宁等同行（东旭打破垄断量大价优损害了他们高额的利润，且最近才在中华地区设厂）2.想要廉价筹码的野蛮人入侵抢举牌（盘面种种迹象表明这次的目的是想压低股价而不是为了抛货）3.庄家要低价筹码。望东旭善待中小投资者，你们要是自始自终保护中小投资者，投资者也不会听信此无根无据谣言，说到底就是你们没有做到保护保护中小投资者，投资者心中愤懑难平 
ST旭电
东旭光电：您好，感谢您的关注！
(来自深交所互动易)答复时间 2019-01-29 17:56:00"
东旭集团的发展方向与我国整体经济布局紧密相连，与中国科学院大学具有广阔的合作空间,"https://guba.eastmoney.com/news,000413,802828011.html",2019-01-25 18:24:47,东旭集团的发展方向与我国整体经济布局紧密相连，与中国科学院大学具有广阔的合作空间。双方可以充分整合优势，在技术创新、人才培养方面展开立体合作，有效推进先进科学技术的产业化进程。
自主创新、实业报国 蓬勃发展的东旭集团,"https://guba.eastmoney.com/news,000413,802828186.html",2019-01-25 18:27:44,东旭集团是全球知名、国内领先的综合型科技企业，拥有东旭光电、东旭蓝天、嘉麟杰三家上市公司和两百余家全资及控股子公司
东旭在石墨烯材料产业化方面取得显著优势，形成石墨烯照明、石墨烯电热、石墨烯基锂电,"https://guba.eastmoney.com/news,000413,802829103.html",2019-01-25 18:41:23,东旭在石墨烯材料产业化方面取得显著优势，形成石墨烯照明、石墨烯电热、石墨烯基锂电池、石墨烯防腐涂料四大产品线，发展势头迅猛
东旭光电01月25日获深股通减仓48.76万股,"https://guba.eastmoney.com/news,000413,802912741.html",2019-01-26 08:15:29,"01月25日东旭光电深股通持仓数据
收盘价：	4.46	涨跌幅：	0.90%
持股量：	1935.73万股	持股变化：	-48.76万股





数据显示，截至01月25日东旭光电于深股通持股量为1935.73万股，占其A股股本比例为0.35%，比上一交易日减少48.76万股。据数据统计，该股近一个月内累计涨幅为-3.88%，深股通累计加仓236.15万，深股通持仓累计变化比例为13.89%，近三个月内累计涨幅为5.94%，深股通累计加仓344.28万，深股通持仓累计变化比例为21.63%。


数据来源:东方财富"
抄底吗?,"https://guba.eastmoney.com/news,000413,802698704.html",2019-01-25 09:31:06,抄底吗?
一条信息大把人接盘了呀历害呀。,"https://guba.eastmoney.com/news,000413,802723138.html",2019-01-25 10:27:03,一条信息大把人接盘了呀历害呀。
赚了200块，走了哈，等你回调我再回杀[大笑],"https://guba.eastmoney.com/news,000413,802761143.html",2019-01-25 13:20:05,赚了200块，走了哈，等你回调我再回杀
精彩，东旭系多空激烈的对攻战,"https://guba.eastmoney.com/news,000413,802807236.html",2019-01-25 15:32:32,"今天上午，多空双方按兵不动。下午一点半，东旭系的护盘资金突然开始在东旭蓝天发起上攻，空军方面不与理睬，两点半，东旭系护盘资金在东旭光电突然发起攻击，空军方面坚决镇压，东旭系护盘军开始心虚，股价止步于4，50元。大中小散个人投资者也纷纷趟浑水，看多的纷纷跟进买入，看空的赶快溜之大吉。客观的说最后半小时，个人投资者买入的比卖出的多。当然，在强大的空军目前，个人投资者的力量可以忽略不计。
从尾盘东旭光电的护盘资金才发起攻击来看，反映出护盘资金的虚弱。而空军方面力量强大，手中应该有一两千万的筹码，空军只攻击东旭光电，而置东旭蓝天于不顾。这可能是资金黑洞是东旭光电的软肋，动物捕获猎物也是追捕生病的个体。空军的力量都使用在一只股票上，而东旭系护盘资金分散使用在东旭光电和东旭蓝天上面，东旭系护盘资金出师就站在了下风。空军这次行动应该是作了比较长时间的准备，不急不躁，步步为营，信心坚定，一定要擒获东旭光电大股东这只被股市投资者的血汗钱喂肥了的猎物。"
今天刚割肉就出消息，周一看来要高价买回来了,"https://guba.eastmoney.com/news,000413,802834567.html",2019-01-25 20:10:30,今天刚割肉就出消息，周一看来要高价买回来了
帐上有215亿，比康得新多！,"https://guba.eastmoney.com/news,000413,802875673.html",2019-01-26 01:17:44,帐上有215亿，比康得新多！
公司最近负面消息不断，同时公司也为正面业绩和奖项以及前景做了不少工作，但紧靠口头,"https://guba.eastmoney.com/news,000413,803271709.html",2019-01-29 17:55:00,"公司最近负面消息不断，同时公司也为正面业绩和奖项以及前景做了不少工作，但紧靠口头宣传远远不够，拿点实际的行动现金回购公司股票，能做到吗？ 
ST旭电
东旭光电：您好！感谢您的建议！
(来自深交所互动易)答复时间 2019-01-29 17:55:00"
今天拉了一下是下午受蓝天的影响！别想太多了,"https://guba.eastmoney.com/news,000413,802865047.html",2019-01-26 00:29:57,今天拉了一下是下午受蓝天的影响！别想太多了
重点关注新能源汽车整车和供应链零部件相关的龙头企业，东旭光电值得信任！,"https://guba.eastmoney.com/news,000413,802813434.html",2019-01-25 16:17:30,重点关注新能源汽车整车和供应链零部件相关的龙头企业，东旭光电值得信任！
在互动平台上的回复没有法律效力。请东旭光电回复：2018年三季度215亿资金是分,"https://guba.eastmoney.com/news,000413,802838855.html",2019-01-25 21:08:00,"在互动平台上的回复没有法律效力。请东旭光电回复：2018年三季度215亿资金是分别存放在那几家银行，各银行季度末的存款余额是多少，以银行月末对账单为凭，由会计师事务所确认。有会计师事务所的确认，这样能避免如今日日暴跌的局面，投资者才能打消质疑，也才能平息投资者的愤怒。 
ST旭电
东旭光电：您好！公司作为主板上市企业，严格按照交易所相关要求定期聘请外部审计机构对公司财务数据进行审计与核查，确保公司财务数据真实、准确，感谢您的关注！
(来自深交所互动易)答复时间 2019-01-25 21:08:00"
公司股价严重和基本面和形象背离，是否拿出提高股价的实际措施，发债购股的事怎样啰？,"https://guba.eastmoney.com/news,000413,802844008.html",2019-01-25 22:06:00,"公司股价严重和基本面和形象背离，是否拿出提高股价的实际措施，发债购股的事怎样啰？公司应尽快采取行动。 
ST旭电
东旭光电：您好！基于公司股价被市场低估，公司多数员工已经通过员工持股计划持有公司股票，同时控股股东也通过增持、集团员工持股等方式共同维护公司市场价值。感谢您的关注！
(来自深交所互动易)答复时间 2019-01-25 22:06:00"
申龙客车与神力科技将在近期合作开发三款燃料电池客车，覆盖8米到12米主流客车车型,"https://guba.eastmoney.com/news,000413,802840551.html",2019-01-25 21:26:00,"申龙客车与神力科技将在近期合作开发三款燃料电池客车，覆盖8米到12米主流客车车型，双方将共同努力在2018年底前推广100台燃料电池客车。请问这一百台燃料电池客车实现了没有，还是只是纸上谈车。 
ST旭电
东旭光电：您好！公司燃料电池客车已经实现批量销售，感谢您的关注！
(来自深交所互动易)答复时间 2019-01-25 21:26:00"
最近关于贵公司的财务状况的说法有很多，我们不知道其真实性。假如不是谣言，贵公司就,"https://guba.eastmoney.com/news,000413,802844009.html",2019-01-25 21:56:00,"最近关于贵公司的财务状况的说法有很多，我们不知道其真实性。假如不是谣言，贵公司就不应该在互动平台说什么“谣言止于智者”之类的辟谣的话；假如的确是谣言，这些谣言影响到了股价，影响到了公司名声，影响到了投资者利益，贵公司为何不拿起法律的武器来制止呢？还有种可能就是造谣者、辟谣者是在表演双簧，迷惑投资者。 
ST旭电
东旭光电：您好！公司严格按照上市公司相关规定，不存在大股东占用上市公司资金的情况，感谢您的关注！
(来自深交所互动易)答复时间 2019-01-25 21:56:00"
聪明反被聪明误,"https://guba.eastmoney.com/news,000413,802834386.html",2019-01-25 20:07:55,聪明反被聪明误
看你还怎么从市场骗钱,"https://guba.eastmoney.com/news,000413,802851067.html",2019-01-25 23:05:40,看你还怎么从市场骗钱
贵公司三季报帐面现金超200亿而短期有息借款高达60多亿既然那么多现金还要短期借,"https://guba.eastmoney.com/news,000413,802838856.html",2019-01-25 21:04:00,"贵公司三季报帐面现金超200亿而短期有息借款高达60多亿既然那么多现金还要短期借款几十亿，这不符合起码的商业逻辑。请解释谢谢。 
ST旭电
东旭光电：您好！公司2018年三季度的资产负债率为51.78%，公司作为高端制造企业，目前负债状况合理稳健。感谢您的关注！
(来自深交所互动易)答复时间 2019-01-25 21:04:00"
好像雷过，天睛了,"https://guba.eastmoney.com/news,000413,802835868.html",2019-01-25 20:34:41,好像雷过，天睛了
东旭光电的专项资金托管公告依然没有说明另外100亿非专项资金的去向,"https://guba.eastmoney.com/news,000413,802848328.html",2019-01-25 22:52:03,媒体报道中，指明了215亿货币资金里，有一百亿增发募集的资金，公司托管专项资金的公告说明媒体的报道是正确的，问题在于另外一百亿非专项资金在哪里？东旭光电对这一百亿资金的去向至今躲躲闪闪。
实在没搞明白，这家公司怎么能戴那么多光环出来祸害人,"https://guba.eastmoney.com/news,000413,802843829.html",2019-01-25 22:17:33,实在没搞明白，这家公司怎么能戴那么多光环出来祸害人
不愧故事大王，不停讲故事，于股价无补,"https://guba.eastmoney.com/news,000413,802838287.html",2019-01-25 21:08:39,不愧故事大王，不停讲故事，于股价无补
钓鱼线又钓几条散户鱼。,"https://guba.eastmoney.com/news,000413,802844158.html",2019-01-25 22:22:19,钓鱼线又钓几条散户鱼。
111,"https://guba.eastmoney.com/news,000413,802849867.html",2019-01-25 22:58:19,11
11,"https://guba.eastmoney.com/news,000413,802849686.html",2019-01-25 22:57:52,11
东旭光电盘死你,"https://guba.eastmoney.com/news,000413,802665830.html",2019-01-24 20:08:34,东旭光电盘死你
亿华通被列入首批科创板名单,"https://guba.eastmoney.com/news,000413,802830894.html",2019-01-25 19:09:41,亿华通被列入首批科创板名单
2018年，东旭高端装备制造、光伏机器人、绿色建材等板块亦取得优异成绩，形成了多,"https://guba.eastmoney.com/news,000413,802829071.html",2019-01-25 18:40:59,2018年，东旭高端装备制造、光伏机器人、绿色建材等板块亦取得优异成绩，形成了多轨联动、深度拓展、全面突破的喜人态势。
买买买,"https://guba.eastmoney.com/news,000413,802843177.html",2019-01-25 22:04:41,买买买
横有多长，竖有多高？601010会有几个涨停板……,"https://guba.eastmoney.com/news,000413,802814819.html",2019-01-25 16:27:17,横有多长，竖有多高？601010会有几个涨停板……
你公司证券部有位男接线员态度很好很耐心，有位女接线员态度很差，望加强员工管理，投,"https://guba.eastmoney.com/news,000413,803271712.html",2019-01-29 17:55:00,"你公司证券部有位男接线员态度很好很耐心，有位女接线员态度很差，望加强员工管理，投资者是投资的，有权利也有义务了解情况，连态度耐心都做不到谈何保护中小投资者？况且这几年投资东旭光电的价值投资者早已亏损的伤痕累累了 
ST旭电
东旭光电：您好！我们每一个员工都把为投资者服务好做为首要职责，感谢您的宝贵意见，我们会努力改进我们的工作。
(来自深交所互动易)答复时间 2019-01-29 17:55:00"
衢州自动驾驶的熊猫公交车来啦！ 新蓝网&#183;浙江网络广播电视台 2019-01-15,"https://guba.eastmoney.com/news,000413,802061395.html",2019-01-20 01:42:21,"衢州自动驾驶的熊猫公交车来啦！
新蓝网·浙江网络广播电视台 2019-01-15 16:34:43
1月15日上午，在衢州市政府新闻办公室举行的春节期间系列活动新闻发布会上，首辆熊猫智能公交——“智慧号”正式发布。
车头顶部有一对圆圆的大耳朵，前大灯被设计成一双萌萌的黑眼睛，还有“鼻子“”嘴巴”，整车为黑白色调，造型酷似国宝熊猫……
这几天，一辆超萌的神秘车辆——“熊猫公交”亮相衢城。
这辆公交车的最大亮点，是车上搭载了自动驾驶技术、车载机器人、手脉生物识别技术、人车语音交互等多项先进的高科技技术。
1月13日，“熊猫公交”现身衢州市区水亭门历史文化街区，拍摄宣传片。
“熊猫”公交憨态可掬，萌力十足。周璀璇摄
（注：“熊猫公交”在水亭门历史文化街区出现仅是拍摄宣传片的需要，并非最终的行驶路段。）
“熊猫”公交研制团队的一位工作人员透露说，衢州的“熊猫”公交，目前是整个浙江省内的第一辆。全国的这个数字，大概在10辆左右。
智慧衢州又一次凭实力领跑全省了！
上车时，手脉信息已经录入的市民，可直接扫手脉购票。周璀璇摄
不过，萌只是这辆神秘车辆的属性之一。细心的市民还会发现，这辆车全身装有视频、雷达、红外线等探头，而且探头数量还挺多，科技感十足。
“这是一辆自动驾驶智能公交车，2018年12月底运抵衢州，目前我们正和厂家一起在进行设备调试，在市区对车辆进行实际道路测试。”衢州公交集团公交机务部技术负责人周峰介绍。
据了解，这种自动驾驶智能公交车由深兰科技（上海）有限公司研制，由上海申龙客车有限公司建造。该车车身长度约为12米，有22座，最大载客量为79人。
“熊猫”公交车内，扫手脉可自助购物。周璀璇摄
刷手购物，听起来有些科幻，实际上使用的是手脉生物识别技术。记者体验了整个过程，操作并不复杂，从注册到完成，2分钟之内就可以搞定。首次使用用户，需要录入手脉信息，并将手脉信息与个人的支付宝进行绑定。每次购物只需刷刷手，就能在车内的售货窗口自助买东西了。取出货品后，再无需任何操作，支付宝将会自动扣款。
自动驾驶
“比如通过自动驾驶技术，这辆公交车可根据智能系统和全车内外的各种探头，协助驾驶员在规划的公交线路上自动行驶，如遇到情况还会自动减速、安全避让或靠边停车。”衢州公交集团公交机务部技术负责人周峰说。
车上大大小小将近30块屏幕，这些屏幕会帮助许多智慧功能的落地。
同时，这辆公交车的续航能力较强，使用效率更好。周峰介绍，相比衢城正在运营的10米长纯电动公交车，该车的座位要少，最大载客量也差不多，但现有的纯电动公交车运营半天就要充电，而这辆公交车以磷酸铁锂电池为驱动，综合续航里程达200多公里，若投入正常运营，一天只需充一次电。
“熊猫”公交共有22个座位，最大载客量为79人。
此外，除了和一般公交车一样在车厢内装有多个广告显示屏外，这辆公交车在乘客座椅靠背的后面都安装了小显示屏，车厢里还装有显示公交站点运行情况的电子导程屏。在无障碍设计方面，该车比现有的纯电动公交车也有了很大改进，车辆底盘高度还能随时调节。
“几天的初步测试下来，我感觉这辆公交车的安全性较高，而且可以降低驾驶员的劳动强度，乘客的乘坐舒适性和科技服务感也很不错。”参与测试的衢州公交集团驾驶员孙友良说。
目前，熊猫智能公交仍处于安全测试阶段。衢州首辆熊猫智能公交——“智慧号”将于1月16日正式发车，开通测试并尝试分段自动驾驶；6月将开通试运营“美丽号”自动驾驶公交，实现双向双车对开，推动自动驾驶公交投入市场化运营。试运营期间将邀请人大代表、两会代表、荣誉市民等公众体验参观。届时，欢迎衢州市民和外地游客一同体验自动驾驶技术带来的安全运行、服务提升等方面的红利。"
