标题,链接,发布时间,内容
12.92元。难道是捡的钱。,"https://guba.eastmoney.com/news,000533,588234040.html",2017-01-14 20:23:14,12.92元。难道是捡的钱。
请上12块！,"https://guba.eastmoney.com/news,000533,588242898.html",2017-01-14 21:53:16,请上12块！
不知道要搁多久停牌,"https://guba.eastmoney.com/news,000533,588175724.html",2017-01-14 11:21:58,不知道要搁多久停牌
草根是什么啊，你们说的草根,"https://guba.eastmoney.com/news,000533,588181950.html",2017-01-14 12:16:58,草根是什么啊，你们说的草根
一周最后一个交易日全新计划：亚泰国际、青海春天、西部建设、海螺型材 全新复盘,"https://guba.eastmoney.com/news,000533,587680752.html",2017-01-12 20:58:55,"一周最后一个交易日全新计划：亚泰国际、青海春天、西部建设、海螺型材 全新复盘
盘面汇总市场历史一直在重复，复盘就是为了重复昨天的故事。
昨天比较大的消息就是联通被资金砸了跌停，这对于以混改这条线为主的改革路线是不小的打击。而通常大跌过后的表现为调整。竞价联通低开，基本上磨灭了反包的预期"
我被屏蔽了，大家记住10.9大胆买！！！,"https://guba.eastmoney.com/news,000533,587865765.html",2017-01-13 11:18:18,我被屏蔽了，大家记住10.9大胆买！！！
下降通道已形成， 散户买入须当心。 科大智能已金叉， 庄家抢筹乐哈哈!,"https://guba.eastmoney.com/news,000533,587689342.html",2017-01-12 21:31:36,"下降通道已形成，
散户买入须当心。
科大智能已金叉，
庄家抢筹乐哈哈!"
套了好多人[大笑]，贪字得个贫[胜利],"https://guba.eastmoney.com/news,000533,588108316.html",2017-01-13 22:32:17,套了好多人，贪字得个贫
万家乐 你就是2017年的一个笑话,"https://guba.eastmoney.com/news,000533,588068522.html",2017-01-13 19:59:55,有点钱就这样任性
不跌停。我直播吃翔,"https://guba.eastmoney.com/news,000533,587394385.html",2017-01-12 09:02:41,不跌停。我直播吃翔
昨天就说，能跑就快点跑！听庄托的让你买！套了吧！！今天跌停可以进多好！,"https://guba.eastmoney.com/news,000533,587903186.html",2017-01-13 13:15:40,昨天就说，能跑就快点跑！听庄托的让你买！套了吧！！今天跌停可以进多好！
别高兴太早，天量见天价,"https://guba.eastmoney.com/news,000533,94940583.html",2013-12-13 22:03:42,别高兴太早，天量见天价
谁能告诉我这个破股多少钱补仓合适,"https://guba.eastmoney.com/news,000533,587872158.html",2017-01-13 11:29:41,谁能告诉我这个破股多少钱补仓合适
000533 万家乐不起来 日线型态分析  摸前高后回探11附近支撑，技术形态还,"https://guba.eastmoney.com/news,000533,587760237.html",2017-01-13 07:12:35,000533 万家乐不起来 日线型态分析 摸前高后回探11附近支撑，技术形态还未走坏，昨日复牌后在11.7附近大幅换手，像换庄的感觉，由于昨日成交量释放过大，需要一个缩量的过程，很可能在前期11平台震荡筑底，理论上11元支撑比较强。逢低考虑买入....个人观点。
好奸诈的主力 估计周一还要折腾！,"https://guba.eastmoney.com/news,000533,587983840.html",2017-01-13 15:11:33,"最低价被主力打压到10.5，距离跌停只差8分。
尾盘又奋力拉到11.15，从最低价反弹0.65元。
为了迷惑散户，用心良苦。
此股主力爱逆向操作，昨天复盘反常打至跌停，今天把大家信心块磨灭时又尾盘拉回，所以下周一当你看见主力推高股价让你忍不住又要追高时，小心牠又要套你，切记！切记！"
全仓买入,"https://guba.eastmoney.com/news,000533,587863974.html",2017-01-13 11:15:09,
双11,"https://guba.eastmoney.com/news,000533,587975088.html",2017-01-13 14:58:45,
跌停节奏啊,"https://guba.eastmoney.com/news,000533,587966626.html",2017-01-13 14:47:45,跌停节奏啊
按公告上看，不应该跌那么惨，应在12元上方这个价位。看错他了。,"https://guba.eastmoney.com/news,000533,587964781.html",2017-01-13 14:45:25,按公告上看，不应该跌那么惨，应在12元上方这个价位。看错他了。
[牛],"https://guba.eastmoney.com/news,000533,587914704.html",2017-01-13 13:34:47,
止跌，翻红，是两步曲，坚信是有故事的。[兴奋],"https://guba.eastmoney.com/news,000533,587952409.html",2017-01-13 14:29:43,止跌，翻红，是两步曲，坚信是有故事的。
下午收盘跌止9.95%，复制昨天下午模式。下周一、周二继续跌停。年前最终8元左右,"https://guba.eastmoney.com/news,000533,587927654.html",2017-01-13 13:53:37,下午收盘跌止9.95%，复制昨天下午模式。下周一、周二继续跌停。年前最终8元左右。
装熊吧。庄主,"https://guba.eastmoney.com/news,000533,587937519.html",2017-01-13 14:07:45,装熊吧。庄主
下午收盘跌止9.95，复制昨天下午模式。下周一、周二、周三继续跌停。年前最终6元,"https://guba.eastmoney.com/news,000533,587925175.html",2017-01-13 13:50:06,下午收盘跌止9.95，复制昨天下午模式。下周一、周二、周三继续跌停。年前最终6元左右。
三大股指跳水比赛火热进行中！,"https://guba.eastmoney.com/news,000533,587933084.html",2017-01-13 14:01:36,三大股指跳水比赛火热进行中！
今天挂跌停！跌停就买，不跌停坚决不要,"https://guba.eastmoney.com/news,000533,587918522.html",2017-01-13 13:40:50,今天挂跌停！跌停就买，不跌停坚决不要
要涨了,"https://guba.eastmoney.com/news,000533,587909971.html",2017-01-13 13:27:26,要涨了
现在还不是时候…管住手,"https://guba.eastmoney.com/news,000533,587914861.html",2017-01-13 13:35:03,现在还不是时候…管住手
已挂跌停买入。,"https://guba.eastmoney.com/news,000533,587912875.html",2017-01-13 13:31:52,已挂跌停买入。
真是遇见鬼了买你这河南股，神经病,"https://guba.eastmoney.com/news,000533,587906773.html",2017-01-13 13:22:05,真是遇见鬼了买你这河南股，神经病
你有神经病啊？,"https://guba.eastmoney.com/news,000533,587904861.html",2017-01-13 13:18:44,你有神经病啊？
买万家乐是希望重组，现在结果出来了，不是太好，再买就没有意思了，预期没有了。,"https://guba.eastmoney.com/news,000533,587420964.html",2017-01-12 09:56:01,买万家乐是希望重组，现在结果出来了，不是太好，再买就没有意思了，预期没有了。
跌停,"https://guba.eastmoney.com/news,000533,587904475.html",2017-01-13 13:18:01,跌停
要多少有多少跌停/,"https://guba.eastmoney.com/news,000533,587903157.html",2017-01-13 13:15:37,要多少有多少跌停/
空仓就是好，今天少量介入点。,"https://guba.eastmoney.com/news,000533,587902458.html",2017-01-13 13:14:30,空仓就是好，今天少量介入点。
大家不要买进 现在是出逃阶段,"https://guba.eastmoney.com/news,000533,587901769.html",2017-01-13 13:12:59,大家不要买进 现在是出逃阶段 买多错多 这股还有的跌 应该明天还有个跌停板 跌玩大家应该差不多了吧 这狗东西
大家不要买进,"https://guba.eastmoney.com/news,000533,587900535.html",2017-01-13 13:10:20,现在买进都不算最低价 庄家和小散不是想跑么 我们不买给你们自己砸盘 到合适价位在接入 现在这价位不合适介入 别浪费钱
一买就跌，一卖就涨，了个八,"https://guba.eastmoney.com/news,000533,587892270.html",2017-01-13 12:40:02,一买就跌，一卖就涨，了个八
想骂人了,"https://guba.eastmoney.com/news,000533,587891933.html",2017-01-13 12:38:21,想骂人了
哈哈哈……哈哈哈……亏死了！,"https://guba.eastmoney.com/news,000533,587880928.html",2017-01-13 11:51:38,哈哈哈……哈哈哈……亏死了！
玩家乐,"https://guba.eastmoney.com/news,000533,587883902.html",2017-01-13 12:03:34,玩家乐
万家悲,"https://guba.eastmoney.com/news,000533,587882966.html",2017-01-13 11:59:17,万家悲
伐科油！,"https://guba.eastmoney.com/news,000533,587882810.html",2017-01-13 11:58:44,伐科油！
哈哈哈……，我要上吊！,"https://guba.eastmoney.com/news,000533,587876993.html",2017-01-13 11:40:16,哈哈哈……，我要上吊！
春节到、万家乐！,"https://guba.eastmoney.com/news,000533,587871886.html",2017-01-13 11:29:02,春节到、万家乐！
怎么都不说话了，都跑了[亏大了][亏大了][亏大了][亏大了][亏大了][亏大了,"https://guba.eastmoney.com/news,000533,587866093.html",2017-01-13 11:18:55,怎么都不说话了，都跑了
进来一个套一个，出去一个亏一个，全部关门闷死,"https://guba.eastmoney.com/news,000533,587867903.html",2017-01-13 11:22:11,进来一个套一个，出去一个亏一个，全部关门闷死
哪来狗配的恶庄?！,"https://guba.eastmoney.com/news,000533,587860878.html",2017-01-13 11:09:59,哪来狗配的恶庄?！
今天干万别涨停！[献花][献花][献花],"https://guba.eastmoney.com/news,000533,587829814.html",2017-01-13 10:23:55,今天干万别涨停！
现在的市场真TM好玩，乱了，只要复牌，不管好与不好，先找个爹再说。,"https://guba.eastmoney.com/news,000533,587857027.html",2017-01-13 11:03:29,现在的市场真TM好玩，乱了，只要复牌，不管好与不好，先找个爹再说。
这是假的万家乐超市，停牌停牌停牌停牌……,"https://guba.eastmoney.com/news,000533,587853024.html",2017-01-13 10:56:39,这是假的万家乐超市，停牌停牌停牌停牌……
侵害万家乐超市的名声，早知道你不是万家乐超市根本就不会买你,"https://guba.eastmoney.com/news,000533,587850987.html",2017-01-13 10:53:08,侵害万家乐超市的名声，早知道你不是万家乐超市根本就不会买你
10.9大胆,"https://guba.eastmoney.com/news,000533,587850776.html",2017-01-13 10:52:45,10.9大胆
都闭嘴！拿好钱10.9补进！1W年别再动！,"https://guba.eastmoney.com/news,000533,587846789.html",2017-01-13 10:46:28,都闭嘴！拿好钱10.9补进！1W年别再动！
叉手一算，今天还全是散户在补仓。还的来个跌停板。。。。,"https://guba.eastmoney.com/news,000533,587846701.html",2017-01-13 10:46:20,叉手一算，今天还全是散户在补仓。还的来个跌停板。。。。
手贱了，昨天11.95进来,"https://guba.eastmoney.com/news,000533,587787908.html",2017-01-13 09:27:19,手贱了，昨天11.95进来
老子还有5000块钱等着你补仓。继续跌有本事,"https://guba.eastmoney.com/news,000533,587840163.html",2017-01-13 10:37:25,老子还有5000块钱等着你补仓。继续跌有本事
呵呵今天应该继续跌停板。。。。。都说昨天全散户接的盘。。。还死命买套。。。,"https://guba.eastmoney.com/news,000533,587841566.html",2017-01-13 10:39:12,呵呵今天应该继续跌停板。。。。。都说昨天全散户接的盘。。。还死命买套。。。
太坑爹了，亏死人,"https://guba.eastmoney.com/news,000533,587839939.html",2017-01-13 10:37:10,太坑爹了，亏死人
调整之后继续上行，目标价25,"https://guba.eastmoney.com/news,000533,587806967.html",2017-01-13 09:56:58,调整之后继续上行，目标价25
10块7会有支撑,"https://guba.eastmoney.com/news,000533,587792075.html",2017-01-13 09:35:39,10块7会有支撑
主力疯狂出逃留下一地鸡毛！！,"https://guba.eastmoney.com/news,000533,587835216.html",2017-01-13 10:30:54,主力疯狂出逃留下一地鸡毛！！
自有资金，牛B哇！拉高到100然后10转20送15.,"https://guba.eastmoney.com/news,000533,587834245.html",2017-01-13 10:29:42,自有资金，牛B哇！拉高到100然后10转20送15.
了不起的,"https://guba.eastmoney.com/news,000533,587831177.html",2017-01-13 10:25:43,了不起的
拿股过年,"https://guba.eastmoney.com/news,000533,587821137.html",2017-01-13 10:12:57,拿股过年
烦死了烦死了，最近买啥啥跌，,"https://guba.eastmoney.com/news,000533,587820517.html",2017-01-13 10:12:19,烦死了烦死了，最近买啥啥跌，
今日买入的，过年必有一个小红包，如果打到跌停板，我买点更好,"https://guba.eastmoney.com/news,000533,587800442.html",2017-01-13 09:47:49,今日买入的，过年必有一个小红包，如果打到跌停板，我买点更好
下午大涨,"https://guba.eastmoney.com/news,000533,587796761.html",2017-01-13 09:42:29,下午大涨
撤的单，直接砸跌停板，不砸你是狗比，垃圾主力,"https://guba.eastmoney.com/news,000533,587793959.html",2017-01-13 09:38:30,撤的单，直接砸跌停板，不砸你是狗比，垃圾主力
跌停,"https://guba.eastmoney.com/news,000533,587792314.html",2017-01-13 09:36:00,跌停
天天跌停比较好，破股一支。,"https://guba.eastmoney.com/news,000533,587786617.html",2017-01-13 09:24:32,天天跌停比较好，破股一支。
反向竞价，撒单。要严查！,"https://guba.eastmoney.com/news,000533,587786223.html",2017-01-13 09:23:40,反向竞价，撒单。要严查！
严查不法交易！,"https://guba.eastmoney.com/news,000533,587765080.html",2017-01-13 07:42:46,严查不法交易！
人为打断上升通道！[好逊][好逊][好逊][好逊][好逊][好逊][好逊],"https://guba.eastmoney.com/news,000533,587754831.html",2017-01-13 06:23:17,人为打断上升通道！[好逊][好逊][好逊][好逊][好逊][好逊][好逊]
对万家乐剥离厨卫电器一点看法,"https://guba.eastmoney.com/news,000533,574154653.html",2016-11-30 07:20:01,"曾几何时，张明园选将换帅，将职业经理人杨印宝挖来，力图重振万家乐厨卫电器雄风，杨印宝大刀阔虎的对厨卫电器进行了一系列的公司治理，并且对厨卫电器研发新产品和扩大产能以及开辟销售渠道进行了大量的投入，其中：成立长沙热能科技公司以扩大“壁挂炉”“空气燃热水器”的生产；在生产配套方式上采用招投标制度以降低产品成本；购买南昌铁路局的“万家乐”动车组的冠名权以及在央视新闻作广告宣传；在天猫电商开辟“猫客”网购专栏；在北京新闻中心召开发布单项产品信息会；参加国际评选荣获某产品“红点子”奖的殊荣；在各省大力开拓各种销售渠道等等。可是尽管杨印宝竭尽全力，无奈而今厨卫电器市场的大壁江山已经被“老板”“华帝”“万和”“方太”还有一些国外进口产品占领，加上不断的又有国内知名大家电生产厂家进入到小家电的制造行列。尽管杨印宝措施得力，万家乐的厨卫电器这几年的盈利虽然也有所增长，但还是增长速度缓慢，盈利能力低下。如此下去，根本不能实现其百万主营业务收入的目标。所以，新的董事会将其剥离出去，也是势在必行，这也是毋容置疑的非常必要的明智措施。
仁者见仁，智者见智。以上是本人多年跟踪万家乐的看法，仅供参考。不喜者勿喷！骂人者自骂！"
[哭]接近跌停，还好我出了，留点钱过年吧，别沉浸了，刚复牌就跌停，还希望什么呢，,"https://guba.eastmoney.com/news,000533,587714694.html",2017-01-12 23:18:28,接近跌停，还好我出了，留点钱过年吧，别沉浸了，刚复牌就跌停，还希望什么呢，走吧，基金估计都没什么钱进的啦，年后再观望吧，希望各位过个好年！
停牌前明显有吸筹情况涉及内幕交易且不说，复牌后即使不算利好，你为何打压到跌停开盘,"https://guba.eastmoney.com/news,000533,587713014.html",2017-01-12 23:09:49,停牌前明显有吸筹情况涉及内幕交易且不说，复牌后即使不算利好，你为何打压到跌停开盘，即使你都不看好，为何今天还是不放量
看好的继续买入，看空的可以离场了。 估计今天已经很多离场了。那么剩下的都是比较坚,"https://guba.eastmoney.com/news,000533,587695604.html",2017-01-12 21:56:25,"看好的继续买入，看空的可以离场了。
估计今天已经很多离场了。那么剩下的都是比较坚定的。再往下也不会再有多少会离场的。
明天盘面会比较乐观。因为大盘估计也能暂时稳住。其实有没有发现下午后来的再次下跌也是给大盘拖累的？
明天开盘拭目以待吧！"
蚂蚁，快看，蚂蚁来了！[围观][围观][围观][围观][围观][围观][围观],"https://guba.eastmoney.com/news,000533,586910693.html",2017-01-10 21:30:16,蚂蚁，快看，蚂蚁来了！
万家乐个人浅见，欢迎探讨，请勿拍砖！,"https://guba.eastmoney.com/news,000533,587663574.html",2017-01-12 19:51:27,"因为今天本人全仓持股的万家文化今天开盘了，无意中注意到有一篇文章“ 涨停板预测：44只股票或涨停 附重大利好消息一览(名单) 
一、有重大利好消息的股票
　　长航凤凰：控股股东拟19亿元转让全部持股，1月12日起复牌

　　东土科技：参与收购科银京成，发展军品业务

　　宏达矿业：拟变更实际控制人

　　万家乐：拟4.56亿元收购及增资浙江翰晟，1月12日起复牌

　　赛摩电气：实际控制人提议年报每10股转增20股

　　万家文化：赵薇入主与“阿里系”无关联，1月12日起复牌

　　凯撒文化：控股股东提议年报每10股转增20股

　　北斗星通：终止筹划重大资产重组，12日复牌

　　闰土股份：终止重大资产重组，12日复牌

　　*ST星马：2016年预计扭亏为盈
留意到万家乐，因为其比较特殊的走势，有了些许兴趣，因为本人此前已经全仓万家文化，没有什么剩余资金了，所以尾盘以11.56元的价格买入500股。因为有了些微持股，所以与大家分享一下对此股看法，对此股后期短线走势提出个人浅见：明天此股大概率低开下杀，午盘有比较大的机会翻红，甚至可能上冲到12元一线。一旦翻红，是短线出局的好时机。下周一应该会继续杀跌可能性更大。个人小目标，明天赚100元就跑，呵呵。"
广州蕙富博衍投资合伙企业的背景,"https://guba.eastmoney.com/news,000533,295911362.html",2016-03-30 20:42:52,"有高手能挖出大股东蕙富博衍的深层背景吗？目前只查到蕙富博衍是广州汇垠澳丰股权投资基金管理有限公司的子公司。广州汇垠澳丰股权投资基金管理有限公司为广州产业投资基金管理有限公司(以下简称广州基金)旗下的基金管理公司，其主营业务包括私募股权基金、上市公司定向增发、并购基金、夹层基金等。而广州基金是广州市政府为推进产业转型升级、放大财政资金引导效应、激活社会投资、强化区域金融中心地位，专门成立的产业投融资平台，主要涉及城市基金管理业务、私募股权投资(PE)业务、风险投资(VC)业务和其他金融平台业务。广州基金的实际控制人是广州市国有资产监督管理委员会。

是不是可以这么理解：蕙富博衍只是股权代理人，真正的大佬隐藏在幕后，股权转让只是前奏，后面还有很多序曲，最终压轴戏是资产重组？"
重磅大家可以去看看002355,"https://guba.eastmoney.com/news,000533,587651751.html",2017-01-12 19:02:46,重磅大家可以去看看002355
玩不死你们！,"https://guba.eastmoney.com/news,000533,587634644.html",2017-01-12 17:45:34,玩不死你们！
妖蛾子,"https://guba.eastmoney.com/news,000533,587393166.html",2017-01-12 08:59:17,"停牌两年,出来这么一个妖蛾子!开盘看谁跑得快!"
老兔大哥呢，冒个泡吧！,"https://guba.eastmoney.com/news,000533,583776770.html",2016-12-29 12:27:13,老兔大哥呢，冒个泡吧！
重大事项就是亏钱,"https://guba.eastmoney.com/news,000533,587641135.html",2017-01-12 18:12:03,重大事项就是亏钱
没跌停就是好事，明天冲高我就撤了,"https://guba.eastmoney.com/news,000533,587635958.html",2017-01-12 17:50:26,没跌停就是好事，明天冲高我就撤了
经网上看到资料，一个劳动纠纷案件中法院认定的事实：弘信控股集团下属的浙江瀚晟携创,"https://guba.eastmoney.com/news,000533,587626999.html",2017-01-12 17:19:01,经网上看到资料，一个劳动纠纷案件中法院认定的事实：弘信控股集团下属的浙江瀚晟携创实业有限公司，是弘信集团公司的行政性总公司。万家乐收购了行政性总公司，然后呢？弘信控股怎么办？为什么今天复牌不受待见？
新《重组办法》落地：机构获内幕停牌前涨停进入，全获利难连涨！,"https://guba.eastmoney.com/news,000533,550487433.html",2016-09-11 11:46:10,新进大股东锁定36个月；向其他特定对象转让股份，36个月内不转让。新《重组办法》落地，打击投机和炒作壳，没大戏了。
大家详细看看回复深交所涵，开板是卖，是买自已决定，本人二十元以上才考虑卖。你呢？,"https://guba.eastmoney.com/news,000533,571863438.html",2016-11-23 19:20:40,大家详细看看回复深交所涵，开板是卖，是买自已决定，本人二十元以上才考虑卖。你呢？
万家乐:重大事项复牌公告,"https://guba.eastmoney.com/news,000533,587277236.html",2017-01-11 19:40:40,"公告日期：2017-01-12
证券代码：000533 证券简称：万家乐 公告编号：2017-004



广东万家乐股份有限公司



重大事项复牌公告



本公司及董事会全体成员保证公告内容的真实、准确和完整，没有虚假记载、误导性陈述或者重大遗漏，并对其内容的真实性、准确性和完整性承担个别及连带法律责任。



特别风险提示：



1、本次交易目前仅已签订《投资框架协议》，公司还须对标的资产进行审计、评估和尽职调查，并在此基础上确定《股权收购和增资协议》的签署。



本次重大事项存在最终因双方未达成一致意见而无法签署正式的《股权收购和增资协议》的风险。



本次重大事项需在完成有关审计评估后交由公司董事会审议和标的公司股东会审议通过，存在一定审批风险。



2、本次协议的签订不涉及关联交易，也不构成《上市公司重大资产重组管理办法》规定的上市公司重大资产重组。



广东万家乐股份有限公司（以下简称“公司”或“上市公司”）因筹划重大事项，鉴于该事项存在不确定性，为了维护投资者利益，避免对公司股价造成重大影响，经公司申请，公司股票（股票简称：万家乐，股票代码：000533）自2016年12月29日上午开市起停牌，已于2016年12月29日披露《重大事项停牌公告》（公告编号：2016-103）。此后于2017年1月6日披露《重大事项停牌进展公告》（公告编号：2017-002）。



2017年1月11日，广东万家乐股份有限公司与浙江翰晟携创实业有限公司



（以下简称“浙江翰晟”或“标的公司”）及其全体股东签订了《广东万家乐股份有限公司与浙江翰晟携创实业有限公司及其全体股东之投资框架协议》（以下简称“本协议”）。公司拟收购标的公司部分股权并向其增资，经评估机构预估，截至2016年11月30日的标的公司股东全部权益价值的预估值不高于人民币6.08亿元。本次交易将分两步进行，公司拟使用自有资金不超过人民币3.04亿



元现金收购标的公司的50%股权，并拟使用自有资金不超过人民币1.52亿元认



缴标的公司新增的1,250万元注册资本，收购股权和增资标的公司完成后万家乐



将持有标的公司 60%的股权（以下简称“本次交易”）。具体情况详见公司同日



披露的《广东万家乐股份有限公司关于拟收购和增资浙江翰晟携创实业有限公司的公告》（公告编号：2017-003）。



标的公司股东与上市公司及上市公司前十名股东之间不存在产权、业务、资产、债权债务、人员等方面的关系以及其他可能或已经造成上市公司对其利益倾斜的其他关系，本次收购事项不属于关联交易，也不属于《上市公司重大资产重组管理办法》规定的重大资产重组。



本次交易尚需提交公司董事会审议。根据《公司章程》的相关规定，本次交易涉及的金额在董事会决策权限范围内，无需提交公司股东大会审议。



根据相关规定，经公司申请，公司股票将于 2017年 1月12日（星期四）



上午开市起复牌。



截至本公告披露日，公司尚未就标的公司股权收购和增资事宜与相关方签署正式的《股权收购和增资协议》，公司已聘请大华会计师事务所（特殊普通合伙）和坤元资产评估有限公司为本次交易的审计机构和评估机构，对标的公司进行审计和评估，待相关审计报告和评估报告出具后，公司将召开董事会审议本次交易。



公司将根据相关事项后续进展情况及时履行审批程序和信息披露义务，敬请广大投资者谨慎决策，注意投资风险。



特此公告。



广东万家乐股份有限公司董事会



二〇一七年一月十一日




[点击查看PDF原文]
提示：本网不保证其真实性和客观性，一切有关该股的有效信息，以交易所的公告为准，敬请投资者注意风险。
展开阅读全文"
这只票我的分析是在，11.2元到12元左右盘整几天，前期15元2个月之内肯定能看,"https://guba.eastmoney.com/news,000533,587584270.html",2017-01-12 15:17:28,这只票我的分析是在，11.2元到12元左右盘整几天，前期15元2个月之内肯定能看到
补跌，至少跌到9.5元,"https://guba.eastmoney.com/news,000533,587598153.html",2017-01-12 15:55:57,补跌，至少跌到9.5元
好开心，成功被套。,"https://guba.eastmoney.com/news,000533,587594847.html",2017-01-12 15:47:15,好开心，成功被套。
万家乐，是中国日常生活中随处可见的百姓超市，业绩做的非常好，每位员工也很有责任心,"https://guba.eastmoney.com/news,000533,587561441.html",2017-01-12 14:40:13,万家乐，是中国日常生活中随处可见的百姓超市，业绩做的非常好，每位员工也很有责任心。
唱多的都是托，还没看出来么,"https://guba.eastmoney.com/news,000533,587550784.html",2017-01-12 14:25:12,唱多的都是托，还没看出来么
中国子民应该大力支持万家乐全国连锁百姓超市企业，买入万家乐我们也是万家乐的股东。,"https://guba.eastmoney.com/news,000533,587568631.html",2017-01-12 14:51:31,中国子民应该大力支持万家乐全国连锁百姓超市企业，买入万家乐我们也是万家乐的股东。无论是买家用电器、生活用品等、万家乐超市应有尽有，马上过年了超市营业额剧烈倍增，员工都很认真为每一位顾客服务，成为万家乐企业的股东应该感到自豪。
梦断万家乐,"https://guba.eastmoney.com/news,000533,587561611.html",2017-01-12 14:40:30,梦断万家乐
来一根光头光脚大阳线……,"https://guba.eastmoney.com/news,000533,587536495.html",2017-01-12 14:05:39,来一根光头光脚大阳线……
卖了这个赔货，真舒服，同志们明天还有低点，趋势已经形成，不要幻想，砸他。,"https://guba.eastmoney.com/news,000533,587557017.html",2017-01-12 14:33:41,卖了这个赔货，真舒服，同志们明天还有低点，趋势已经形成，不要幻想，砸他。
万家乐，一万家都会快乐！,"https://guba.eastmoney.com/news,000533,587559692.html",2017-01-12 14:37:38,万家乐，一万家都会快乐！
跌停我就买,"https://guba.eastmoney.com/news,000533,587559521.html",2017-01-12 14:37:23,。。。。。。
收购个做大宗商品贸易的企业，目的很明显，就是做高营业收入，让报表好看一点。毕竟做,"https://guba.eastmoney.com/news,000533,587553215.html",2017-01-12 14:28:23,收购个做大宗商品贸易的企业，目的很明显，就是做高营业收入，让报表好看一点。毕竟做一笔买卖，只需几个人搞合同，收付款之类的，用时不过几天，成交额几千万上亿，老老实实卖产品得费多大劲啊。
今早进就亏5个点，有谁比我惨？,"https://guba.eastmoney.com/news,000533,587552076.html",2017-01-12 14:26:51,今早进就亏5个点，有谁比我惨？
明天还会跌停,"https://guba.eastmoney.com/news,000533,587550095.html",2017-01-12 14:24:19,明天还会跌停
鉴定完毕，今天是大出货了,"https://guba.eastmoney.com/news,000533,587547473.html",2017-01-12 14:20:47,鉴定完毕，今天是大出货了
主力,"https://guba.eastmoney.com/news,000533,587544196.html",2017-01-12 14:16:18,主力
万手哥火速来援啊！,"https://guba.eastmoney.com/news,000533,587535469.html",2017-01-12 14:04:11,万手哥火速来援啊！
现在股市是朵奇葩，利好大跌，利空也大跌！,"https://guba.eastmoney.com/news,000533,587523669.html",2017-01-12 13:46:30,现在股市是朵奇葩，利好大跌，利空也大跌！
今年就是各种利好暴跌年啊,"https://guba.eastmoney.com/news,000533,587490314.html",2017-01-12 12:19:22,今年就是各种利好暴跌年啊
不急.慢来,"https://guba.eastmoney.com/news,000533,587521572.html",2017-01-12 13:43:14,吃了不少便宜货了...稳住就好。
大单流入不少，有戏,"https://guba.eastmoney.com/news,000533,587466926.html",2017-01-12 11:13:48,大单流入不少，有戏
11.95进来了,"https://guba.eastmoney.com/news,000533,587481772.html",2017-01-12 11:45:35,11.95进来了
真正的利好主力不会跌停开盘！你小散户买不进！！自己去想想！不要被庄托忽悠了,"https://guba.eastmoney.com/news,000533,587481897.html",2017-01-12 11:45:55,真正的利好主力不会跌停开盘！你小散户买不进！！自己去想想！不要被庄托忽悠了
万家乐！！！！乐万家！！！！！！！[为什么][哭][不说了][鼓掌][大笑][怒,"https://guba.eastmoney.com/news,000533,587505711.html",2017-01-12 13:16:44,万家乐！！！！乐万家！！！！！！！[不说了][不赞][好逊]
还是回到跌停板去吧！,"https://guba.eastmoney.com/news,000533,587502637.html",2017-01-12 13:10:11,还是回到跌停板去吧！
下午拉涨停啊，，，你们看着啊,"https://guba.eastmoney.com/news,000533,587474916.html",2017-01-12 11:28:47,下午拉涨停啊，，，你们看着啊
一年停三回，跌三回，你是来逗b的吗！,"https://guba.eastmoney.com/news,000533,587491053.html",2017-01-12 12:22:58,一年停三回，跌三回，你是来逗b的吗！
新股是新兴行业龙头，都难涨了，现在A股靠中字头硬撑，但是一日游，创业板是股市风向,"https://guba.eastmoney.com/news,000533,587488565.html",2017-01-12 12:11:27,新股是新兴行业龙头，都难涨了，现在A股靠中字头硬撑，但是一日游，创业板是股市风向标，股灾来临！
今天跌停买进了[拜神],"https://guba.eastmoney.com/news,000533,587456667.html",2017-01-12 10:54:42,今天跌停买进了
全是散户接的盘哈哈。。。。果断要跑路了。。。,"https://guba.eastmoney.com/news,000533,587473988.html",2017-01-12 11:27:01,全是散户接的盘哈哈。。。。果断要跑路了。。。
昨晚凌晨三点挂单今天跌停价成交。,"https://guba.eastmoney.com/news,000533,587405214.html",2017-01-12 09:30:42,昨晚凌晨三点挂单今天跌停价成交。
收盘肯定红，不敢买了,"https://guba.eastmoney.com/news,000533,587463455.html",2017-01-12 11:07:05,收盘肯定红，不敢买了
绝不是蚂蚁，也不是草根，跟杭州一点关系都没有。,"https://guba.eastmoney.com/news,000533,572333528.html",2016-11-24 21:48:05,讨论这个的可以歇歇了。
真有翻云复雨的可能,"https://guba.eastmoney.com/news,000533,587456940.html",2017-01-12 10:55:22,什么事情都是在想像中。越任为他不好的他却越涨.反之却跌。。。不是吗.似有吸货的表现。试目以待.走着瞧吧。
暴风雨,"https://guba.eastmoney.com/news,000533,587452109.html",2017-01-12 10:46:26,公告陆续有来，时间紧凑
垃圾 先走了,"https://guba.eastmoney.com/news,000533,587437215.html",2017-01-12 10:21:33,[不屑]
同是万家怎么差距这么大？万家乐筹划重组，万家文化股权转让……一个地，一个天！,"https://guba.eastmoney.com/news,000533,587448962.html",2017-01-12 10:41:05,同是万家怎么差距这么大？万家乐筹划重组，万家文化股权转让……一个地，一个天！
来,"https://guba.eastmoney.com/news,000533,587446832.html",2017-01-12 10:37:24,公告陆续有来、时间比较紧凑
万家乐拟4.56亿元收购及增资浙江翰晟,"https://guba.eastmoney.com/news,000533,587318936.html",2017-01-11 22:10:13,"来源：中国证券网 
　　万家乐11日晚间公告，公司与浙江翰晟携创实业有限公司及其全体股东签订了《广东万家乐股份有限公司与浙江翰晟携创实业有限公司及其全体股东之投资框架协议》。公司拟使用自有资金不超过人民币3.04亿元收购标的公司的50%股权，并拟使用自有资金不超过人民币1.52亿元认缴标的公司新增的1,250万元注册资本。收购股权和增资标的公司完成后万家乐将持有标的公司60%的股权。公司股票1月12日起复牌。
　　浙江翰晟是一家从事大宗商品贸易和供应链管理服务相结合的企业，主营石化、金属等大宗商品贸易和围绕大宗商品贸易项下的供应链管理服务。
　　公司表示，本次交易完成后，标的公司将纳入公司合并报表范围，公司业务规模将得以扩大，持续盈利能力将得到提高。
（来源：中国证券网 2017-01-11 22:08） [点击查看原文]"
沪深两市跌幅排名第一，还有什么好说的？？？？！！！,"https://guba.eastmoney.com/news,000533,587439340.html",2017-01-12 10:25:00,沪深两市跌幅排名第一，还有什么好说的？？？？！！！
万家乐这是什么情况[困顿],"https://guba.eastmoney.com/news,000533,587421934.html",2017-01-12 09:57:34,万家乐这是什么情况
买停牌股，从来没有一次是复牌涨停的，都特么跌停！？！！！！！！！！！！！！！！！,"https://guba.eastmoney.com/news,000533,587435615.html",2017-01-12 10:18:54,买停牌股，从来没有一次是复牌涨停的，都特么跌停！？！！！！！！！！！！！！！！！
双头[想一下],"https://guba.eastmoney.com/news,000533,587431876.html",2017-01-12 10:12:52,双头
我去，北斗星通眨眼涨停⋯⋯,"https://guba.eastmoney.com/news,000533,587426447.html",2017-01-12 10:04:23,我去，北斗星通眨眼涨停??
郁闷,"https://guba.eastmoney.com/news,000533,587415971.html",2017-01-12 09:48:19,跌停价居然卖出 卖了就涨起来了
万家乐今天要得奖，奥斯卡最佳编剧奖。,"https://guba.eastmoney.com/news,000533,587405980.html",2017-01-12 09:32:18,万家乐今天要得奖，奥斯卡最佳编剧奖。
快出来…明天还要跌停…等后天再入…,"https://guba.eastmoney.com/news,000533,587416248.html",2017-01-12 09:48:45,快出来…明天还要跌停…等后天再入…
小万今天顺利做T了，暴风雨来得更猛烈些吧？希望下午飘红！,"https://guba.eastmoney.com/news,000533,587417907.html",2017-01-12 09:51:33,小万今天顺利做T了，暴风雨来得更猛烈些吧？希望下午飘红！
一声叹息……不过如此！,"https://guba.eastmoney.com/news,000533,587298641.html",2017-01-11 20:54:31,一声叹息……不过如此！
天地板再现万家乐……,"https://guba.eastmoney.com/news,000533,587411386.html",2017-01-12 09:41:11,天地板再现万家乐……
看你们还买骗子公司的股票。,"https://guba.eastmoney.com/news,000533,587407986.html",2017-01-12 09:36:08,看你们还买骗子公司的股票。
明天开始数板……,"https://guba.eastmoney.com/news,000533,587326489.html",2017-01-11 22:43:09,明天开始数板……
老兔厉害呀！停牌前清仓！佩服！,"https://guba.eastmoney.com/news,000533,587405529.html",2017-01-12 09:31:19,老兔厉害呀！停牌前清仓！佩服！
万家乐乐万家,"https://guba.eastmoney.com/news,000533,587402412.html",2017-01-12 09:24:49,
跌停板等着。,"https://guba.eastmoney.com/news,000533,587402071.html",2017-01-12 09:24:02,跌停板等着。
没本事就别去发啥子重大资产重组的事，不是瞎编么。,"https://guba.eastmoney.com/news,000533,587400507.html",2017-01-12 09:20:36,没本事就别去发啥子重大资产重组的事，不是瞎编么。
叫你们瞎逼逼,"https://guba.eastmoney.com/news,000533,587400246.html",2017-01-12 09:19:58,叫你们瞎逼逼
好啊。大家拦着一起死,"https://guba.eastmoney.com/news,000533,587400224.html",2017-01-12 09:19:51,好啊。大家拦着一起死
卖卖卖，大家一起卖了。[鼓掌][哭][哭],"https://guba.eastmoney.com/news,000533,572002067.html",2016-11-24 09:32:32,卖卖卖，大家一起卖了。
不是草根！,"https://guba.eastmoney.com/news,000533,587379459.html",2017-01-12 07:39:47,不是草根！
大家不用猜来猜去了，以万家乐停牌前的走势，如果重组的结果会是这么简单，你相信吗？,"https://guba.eastmoney.com/news,000533,587337256.html",2017-01-11 23:43:20,大家不用猜来猜去了，以万家乐停牌前的走势，如果重组的结果会是这么简单，你相信吗？主力没有做过调研，有可能随随便便出手？自己发挥想象力！
大股东13元买的股票，壳资源，转型，搞金融，历次停牌，不就说明一切了,"https://guba.eastmoney.com/news,000533,587325482.html",2017-01-11 22:37:59,大股东13元买的股票，壳资源，转型，搞金融，历次停牌，不就说明一切了
草根系，一定是草根系，确定无疑的了！！！,"https://guba.eastmoney.com/news,000533,587350200.html",2017-01-12 01:31:39,草根系，一定是草根系，确定无疑的了！！！
下次停牌3月还是4月，股价13.8元还是15.8元,"https://guba.eastmoney.com/news,000533,587330910.html",2017-01-11 23:04:28,下次停牌3月还是4月，股价13.8元还是15.8元
发个公告人都这么少，散户手里还真没了，好事。就这样还要吸吗。,"https://guba.eastmoney.com/news,000533,587331731.html",2017-01-11 23:09:13,发个公告人都这么少，散户手里还真没了，好事。就这样还要吸吗。
摆了那么大阵，就下一个角的棋，可能吗？复牌再停,"https://guba.eastmoney.com/news,000533,587329841.html",2017-01-11 22:59:03,摆了那么大阵，就下一个角的棋，可能吗？复牌再停
通过收购，方可以把钱转走，一家便宜两家得益，最惨的就是人民群众。,"https://guba.eastmoney.com/news,000533,587317877.html",2017-01-11 22:05:59,通过收购，方可以把钱转走，一家便宜两家得益，最惨的就是人民群众。
收购公司二股东投资公司,"https://guba.eastmoney.com/news,000533,587318986.html",2017-01-11 22:10:24,陈环，舟山晟创实业有限公司 法人，注资1亿，浙江翰林环宇国际贸易有限公司注资5000万，林国平，上海辉翰贸易有限公司注资1000万法人，深圳翰晟商业保理有限公司注资5000万法人，厦门翰携创业实业有限公司1000万法人。
万家乐大股东和管理层贱卖核心资产，再购入垃圾公司，是不是有违法嫌疑.......,"https://guba.eastmoney.com/news,000533,587296887.html",2017-01-11 20:48:40,万家乐大股东和管理层贱卖核心资产，再购入垃圾公司，是不是有违法嫌疑.........。没人查吗？明天股价明显要跌，散户们一起起诉上市公司
