标题,链接,发布时间,内容
？？？[微笑][微笑][微笑][微笑][微笑][微笑]大A中这样的好公司有几家？,"https://guba.eastmoney.com/news,002179,1030729862.html",2021-05-03 19:43:43,？？？大A中这样的好公司有几家？？？一一一一一一一中航光电：连续4年扣非净利润增长在30%以上！！今年一季报：净利润同比增长近三倍达6.24亿无，每股收益0.58元。公司中报：预测利润同比增长70%以上11.27亿元。多家机构预测：中航光电今年净利润将突破20一23亿元，扣非净利润将继续保持30%以上高增长。
明天还跌不了,"https://guba.eastmoney.com/news,002179,1030853894.html",2021-05-05 09:11:30,明天还跌不了
peg在1以下,"https://guba.eastmoney.com/news,002179,1030829372.html",2021-05-04 23:40:55,peg在1以下
中航光电应合理调整业绩增速，平滑的业绩增长更有利于企业发展。,"https://guba.eastmoney.com/news,002179,1030726580.html",2021-05-03 18:44:59,中航光电应合理调整业绩增速，平滑的业绩增长更有利于企业发展。
透支二季度利润，下周如果冲高要跑了，那是机构给你们最后的机会，不然套山顶，看看0,"https://guba.eastmoney.com/news,002179,1030654879.html",2021-05-02 20:57:11,透支二季度利润，下周如果冲高要跑了，那是机构给你们最后的机会，不然套山顶，看看08年的煤炭钢铁那就是活生生的例子
形势相当不好，下周必将突破前期低点，只能自求多福了，波段性减仓，逐步清仓，待稳定,"https://guba.eastmoney.com/news,002179,1030683085.html",2021-05-03 09:02:51,形势相当不好，下周必将突破前期低点，只能自求多福了，波段性减仓，逐步清仓，待稳定后再找机会吧。
牛！！！一一一一一[微笑][微笑][微笑][微笑][微笑][微笑]中航光电扣非净,"https://guba.eastmoney.com/news,002179,1030778586.html",2021-05-04 11:44:40,牛！！！一一一一一中航光电扣非净利润连续4年复合增长30%以上。多家机构预测：2021年净利润突破20亿元到24亿元，将继续保持高增长！
中航光电的存货为什么这么多，现金流为负。,"https://guba.eastmoney.com/news,002179,1030767625.html",2021-05-04 09:17:25,中航光电的存货为什么这么多，现金流为负。
一季度超预期，但是二季度按最高净利润单季度还是下滑的，最低同比下降40%，业绩严,"https://guba.eastmoney.com/news,002179,1030558400.html",2021-05-01 15:14:31,一季度超预期，但是二季度按最高净利润单季度还是下滑的，最低同比下降40%，业绩严重有问题
跌停价买入一手底仓，-10%内止损出局。,"https://guba.eastmoney.com/news,002179,1030634361.html",2021-05-02 15:07:19,跌停价买入一手底仓，-10%内止损出局。
曾经沧海难为水,"https://guba.eastmoney.com/news,002179,1030677998.html",2021-05-03 07:24:34,曾经沧海难为水
断头铡刀,"https://guba.eastmoney.com/news,002179,1030710346.html",2021-05-03 15:07:27,断头铡刀
五月中旬差不多好转,"https://guba.eastmoney.com/news,002179,1030702053.html",2021-05-03 13:06:03,五月中旬差不多好转
净利毛利高的吓人，军工企业少有的赚钱机器，半年预报也大增，二季度pe能到20，周,"https://guba.eastmoney.com/news,002179,1030516398.html",2021-05-01 05:47:11,净利毛利高的吓人，军工企业少有的赚钱机器，半年预报也大增，二季度pe能到20，周五军工大跌被错杀，抄底成功，现在所有行业都轮动一遍了，就差军工了，黎明即将到来
短线看多，6-7号目标价75-80，中线看空,"https://guba.eastmoney.com/news,002179,1030676443.html",2021-05-03 06:43:57,短线看多，6-7号目标价75-80，中线看空
都他妈配合主力出货了还在这忽悠！良心大大的坏了。,"https://guba.eastmoney.com/news,002179,1030517976.html",2021-05-01 06:20:16,都他妈配合主力出货了还在这忽悠！良心大大的坏了。
一季度净利大幅预增 中航光电大单封涨停 机构上调其目标价,"https://guba.eastmoney.com/news,002179,1022231105.html",2021-04-09 14:52:52,"来源：证券时报网
　　中航光电(002179)9日开盘一字涨停，截至发稿，该股报75.27元，涨停板上封单超8.8万手。

　　4月8日晚间，中航光电发布2021年第一季度业绩预告。一季度，公司预计归属于上市公司股东的净利润为盈利6.06亿元-6.55亿元，比上年同期增长270%-300%。
　　对于业绩增长的原因，中航光电表示，一方面，2020年一季度受疫情影响，同期基数较低；另一方面，报告期内公司整体生产、经营情况良好，在手订单饱满，营业收入快速增长，毛利率水平较去年同期提升。
　　中信证券指出，考虑到公司在手订单充足经营生产顺利，2021Q1业绩预告大幅增长，全年高景气度或将持续，上调公司2021/22/23年净利润预测至24.5/30.6/37.9亿元，当前价68.43元，对应2021/22/23年PE分别为31/25/20倍。考虑到未来2-3年其军工、通信领域订单有望持续较快增长，高速背板连接器等新品有望逐步上量，公司业绩有望稳步快速增长，并结合市场估值水平，给予公司2021年40倍PE，对应1000亿市值，目标价90元。上调公司评级至“买入”。
（文章来源：证券时报网） [点击查看原文]
#热点追踪#"
提前透支了预期，利用利好出货,"https://guba.eastmoney.com/news,002179,1030632244.html",2021-05-02 14:32:26,提前透支了预期，利用利好出货
转发,"https://guba.eastmoney.com/news,002179,1030594329.html",2021-05-02 00:51:40,"转发
十五里红
很抱歉，您访问的帖子不存在
很抱歉，您访问的帖子不存在
2021-05-01 23:17:52贵绳股份吧"
今天为什么将近跌停有老铁发表下看法吗？我的看法是大家觉得中报不达预期？,"https://guba.eastmoney.com/news,002179,1030470194.html",2021-04-30 20:11:10,今天为什么将近跌停有老铁发表下看法吗？我的看法是大家觉得中报不达预期？
地天板！来吧！中航！,"https://guba.eastmoney.com/news,002179,1030123477.html",2021-04-30 09:56:10,地天板！来吧！中航！
中航光电不是军工？,"https://guba.eastmoney.com/news,002179,1022297218.html",2021-04-09 19:10:50,"昨天，中航光电预告一季度归母净利预增近300%，公司归母净利润和同比增速均创历史新高，净利润断层，毛利率提升，在手订单饱满，营业收入快速增长。


今天，中航光电一字涨停。真不愧是军中茅台，稳稳的幸福。


今天，中航光电获市场主力资金净流入1.91亿元，当天军工板块净流入资金1.61亿元。


此外，中航光电是今天均笔成交量相较前一交易日变化幅度最大的个股，变增加幅度为370.32%。这意味着中航光电被主力资金关注。


这波能创新高吗？期待着中航光电作为领头羊，带动整个军工上游元器件重回上升趋势通道。


作为2015股灾第一波反弹的龙头，中航光电是真正的军茅，国有体制，民营活力，外企激励。军工板块唯一用业绩说话的龙头，其他都是盲盒。


中航光电正在逐步印证军工大赛道的高景气。对比一下军费差，有很大的想象空间。军用电子在军工里受众面广，各个细分领域都用得到，比单吊一个模块的军工企业业绩更稳定。


中航光电预计关联交易额大幅增长体现下游高景气。除了军工防务领域，在新能源、5G领域应用更广泛。


年后对于持有军工的人是比较煎熬的，包括我在内，绝大多数军工股都低迷。


但中航光电不是军工，是军茅。


我坐等其他生肖的一季报，看看有谁能超越小蛇中航光电。




展开阅读全文"
跌停洗盘,"https://guba.eastmoney.com/news,002179,1030557011.html",2021-05-01 14:53:26,跌停洗盘
今天是中船防务带崩整个军工板块，中航光电借机洗盘，不信节后验证,"https://guba.eastmoney.com/news,002179,1030467829.html",2021-04-30 19:56:03,今天是中船防务带崩整个军工板块，中航光电借机洗盘，不信节后验证
开盘反包,"https://guba.eastmoney.com/news,002179,1030564579.html",2021-05-01 16:43:04,开盘反包；1严重错杀，2核心资产是不是不可以北上资金进。3应该北上资金撤出惹的。
昨天早盘放量跌停，被杀蒙了，割了31手，留了10手底仓，现在冷静下来，我想清楚了,"https://guba.eastmoney.com/news,002179,1030545857.html",2021-05-01 12:12:44,昨天早盘放量跌停，被杀蒙了，割了31手，留了10手底仓，现在冷静下来，我想清楚了，五一后开盘我会再买回来，因为午盘的时候，还有1.5万手封单，下午开盘后瞬间消失，这是强力洗盘，多杀多。
周五北向净卖出约一亿二千万元，妥妥的对手盘，加上跟风的基狗（目前90后的嫩鸟基狗,"https://guba.eastmoney.com/news,002179,1030529453.html",2021-05-01 08:41:32,周五北向净卖出约一亿二千万元，妥妥的对手盘，加上跟风的基狗（目前90后的嫩鸟基不少），跌停板明显有大资金吃货，资金流向自午盘流出一亿五千万到收盘流出四千八百万，足足回流了一亿多，玩东财的股友都明白意味着什么吧？这都是妥妥的吸筹，那是优秀的基本面决吸引了场外资金的逢低抄底，一句话，此股无忧。
业绩超预期，机构增持股票，基本面根本没问题又符合145规划，这是明显的诱空行为，,"https://guba.eastmoney.com/news,002179,1030529707.html",2021-05-01 08:44:38,业绩超预期，机构增持股票，基本面根本没问题 又符合145规划，这是明显的诱空行为，杀出恐慌盘，五月份一飞冲天
今天的跌停是因为二季度预告。,"https://guba.eastmoney.com/news,002179,1030453157.html",2021-04-30 18:28:34,今天的跌停是因为二季度预告。
中航光电：一季度净利同比增281%,"https://guba.eastmoney.com/news,002179,1029941252.html",2021-04-29 20:42:27,"来源：e公司
　　中航光电(002179)4月29日晚间公告，一季度营收33.86亿元，同比增长88.14%；净利6.24亿元，同比增长281.43%；基本每股收益0.58元。

（文章来源：e公司） [点击查看原文]
#热点追踪#"
为啥你跌停呢？为啥呢？为啥呢？,"https://guba.eastmoney.com/news,002179,1030291003.html",2021-04-30 13:14:08,为啥你跌停呢？为啥呢？为啥呢？
看看顺丰！！！,"https://guba.eastmoney.com/news,002179,1030339483.html",2021-04-30 14:02:05,看看顺丰！！！
在做头肩底吧？突破颈线再说,"https://guba.eastmoney.com/news,002179,1030535491.html",2021-05-01 09:58:25,在做头肩底吧？突破颈线再说
反人性，这样业绩还不行?,"https://guba.eastmoney.com/news,002179,1030517409.html",2021-05-01 06:11:59,反人性，这样业绩还不行?
中航光电（[微笑][微笑][微笑][微笑][微笑][微笑]全年利润突破20亿元毫,"https://guba.eastmoney.com/news,002179,1030452366.html",2021-04-30 18:24:00,中航光电（全年利润突破20亿元毫无悬念！！！）一一一一一一一A：//口口去年半年报利润6.63亿元，每股利润0.61元。预测：今年上半年利润9.28亿元~11.27亿元（去年全年利润是14.39亿元），每股利润0.84元-----1.05元（增长0.44元），增长40%~70%！半年利润绝对数增长2.65亿元----4.64亿元！B：//囗口中航光电连续多年高增长的光电龙头公司，今年一季度业绩增长近3倍！下半年：华南基地及子公司富士达扩产达产完成，军品高端光电连接器及民品新能源智能驾驶汽车车载配套连接器，组件，充电系统等产能将大幅增加！C：//口口目前：公司订单十分充足，生产任务饱满，业绩将继续保持高速增长！全年利润突破20亿元应毫无悬念！！！节前“高人“们欲多捞点头寸，吹毛求疵、瞎吵吵打压罢了。
下周重回50后[大笑][大笑][大笑],"https://guba.eastmoney.com/news,002179,1030482078.html",2021-04-30 21:25:33,下周重回50后
68.18,"https://guba.eastmoney.com/news,002179,1030517749.html",2021-05-01 06:16:12,68.18
55见！我等得起,"https://guba.eastmoney.com/news,002179,1030513887.html",2021-05-01 04:49:19,55见！我等得起
标准岛型反转，跳空开启下跌通道,"https://guba.eastmoney.com/news,002179,1030501096.html",2021-04-30 23:58:39,标准岛型反转，跳空开启下跌通道
什么鬼？？？一季度赚的钱就买来跌停？？,"https://guba.eastmoney.com/news,002179,1030506769.html",2021-05-01 01:16:37,什么鬼？？？一季度赚的钱就买来跌停？？
今天的暴跌很蹊跷诡异，不合逻辑，基本面年报一季报非常亮丽，动态市盈率30倍，RO,"https://guba.eastmoney.com/news,002179,1030501394.html",2021-05-01 00:02:09,今天的暴跌很蹊跷诡异，不合逻辑，基本面年报一季报非常亮丽，动态市盈率30倍，ROE16，股东户数持续减少，筹码集中，唯一能解释的是潜伏盘投机资金借利好出逃赚差价，不是长期资金所为，中航光电是军工板块中为数不多的基本面良好的品种，也很纯真，今天跌停期间承接盘踊跃，换手充分，看似巨阴很吓人，其实暗藏机会，果断小幅入手！观察后期走势再定夺，如下交易日出现部分阳包阴就大胆出手加仓！
中航光电 中航沈飞 航发动力，今天都跌停附近的，我基金竟然没跌多少？,"https://guba.eastmoney.com/news,002179,1030405080.html",2021-04-30 15:22:21,中航光电中航沈飞航发动力，今天都跌停附近的，我基金竟然没跌多少？ 才2.99个点？？？ 我以为奔着6个点去了
什么原因这样跌？,"https://guba.eastmoney.com/news,002179,1030423611.html",2021-04-30 16:22:50,什么原因这样跌？
中航光电一季报非常优秀超预期，半年报截至目前业绩优秀已经触发了业绩预增公告，再加,"https://guba.eastmoney.com/news,002179,1030484893.html",2021-04-30 21:43:18,中航光电一季报非常优秀超预期，半年报截至目前业绩优秀已经触发了业绩预增公告，再加上五六月份的业绩，大概率要出业绩上修公告，依然会超预期。现在军工企业已经把保产扩产上升到政治高度，军工产业业绩反转已经从上游开始了，坚定买入持有，把握市场错杀提供的绝佳机会！
量有点大啊？跌停板买了很多吧,"https://guba.eastmoney.com/news,002179,1030467620.html",2021-04-30 19:54:49,量有点大啊？跌停板买了很多吧
这公司股票只要持有半年就没一个亏的，回撤最大20%，温和上涨年年涨，全市场07年,"https://guba.eastmoney.com/news,002179,1029965047.html",2021-04-29 21:53:01,"这公司股票只要持有半年就没一个亏的，回撤最大20%，温和上涨年年涨，全市场07年以来维持8%年增的6家企业之一，我都是当股场理财产品买的，钱多出来就无脑买，什么困难日子都是中航奶下来的。
户均215万，这类行业顶层户均才30万不到，里面都是给儿子结婚的买房钱，有的估计密码都忘了……狙击财报，需要么…"
如果是新机构吃货建仓，一个跌停是不够的！没有利润空间,"https://guba.eastmoney.com/news,002179,1030429307.html",2021-04-30 16:43:52,如果是新机构吃货建仓，一个跌停是不够的！没有利润空间
明天跌停满仓杀入,"https://guba.eastmoney.com/news,002179,1030470800.html",2021-04-30 20:14:40,明天跌停满仓杀入
今天的跌停，莫名其妙！莫非是有巨大隐藏利空，导致某些大资金不顾一切出货？？,"https://guba.eastmoney.com/news,002179,1030250998.html",2021-04-30 11:38:56,今天的跌停，莫名其妙！莫非是有巨大隐藏利空，导致某些大资金不顾一切出货？？
今天只进了四分之一，有种接着再来一个跌停，我就进一半，如果你再来第三个跌停，我就,"https://guba.eastmoney.com/news,002179,1030422985.html",2021-04-30 16:20:26,今天只进了四分之一，有种接着再来一个跌停，我就进一半，如果你再来第三个跌停，我就满仓！
今天还要再开板[想一下],"https://guba.eastmoney.com/news,002179,1030182724.html",2021-04-30 10:35:27,今天还要再开板
中航光电打开跌停板！电子午后急挫跌逾1%，溢价频现，百万资金净申购！,"https://guba.eastmoney.com/news,002179,1030353030.html",2021-04-30 14:17:04,"午后电子板块走弱，电子ETF（515260）持仓的50只电子龙头股中超七成下跌。权重股涨跌参半，其中，“军工电茅”中航光电打开跌停板，而紫光国威早盘一度涨至8.67%，午后有所回落现涨4.07%；卓胜微涨超1%；海康威视跌1.62%，视源股份跌超2%。


电子ETF（515260）午后跌幅拉大，现跌超1%，场内成交额超1300万元。下挫期间电子ETF（515260）溢价频现，资金逆市涌入，Level-2实时数据显示，截至13:50，电子ETF（515260）获净申购近300万元。




截至当前，主力资金净流入电子指数近7亿元，位列申万28个一级行业第四位。拉长时间看，近一个月电子指数获主力资金286亿元加仓，在申万一级全行业中高居第二。截至4月29日，电子近一个月获北向资金增持95.32亿元，高居申万全行业榜首！
电子ETF（515260）成份股中航光电披露2021年一季度报显示，公司实现营收33.86亿元，同比增长88.14%；归母净利润6.24亿元，同比增长281.43%。万和证券认为，公司是A股市场上军用和高端互连技术解决方案的核心资产，首次覆盖给予“买入”评级。 




电子ETF（515260）前十重仓股紫光国威今日大涨或受业绩提振！紫光国微昨日晚间披露一季报，2021年第一季度营收约9.52亿元，同比增长47.44%；归母净利润约3.24亿元，同比增长70.31%。


此前披露的2020年年报显示，紫光国微2020 年度实现归母净利润8.06 亿元，同比大幅增长98.74%。新财富电子首席莫文宇点评，构建智慧芯片航母级平台，盈利能力再跃升，维持对公司的“买入”评级。


截至当前，电子ETF（515260）持有的50只电子龙头股一季报披露完毕，其中43只个股营收净利齐升，13只个股营收增幅翻倍。净利润增幅尤其亮眼！十大重仓股中京东方A净利增幅高达814.46%，卓胜微、歌尔股份净利翻2倍，韦尔股份净利同比增长100.84%。成份股通富微电净利暴涨14倍，华工科技涨10倍。


兴证策略认为，估值向下，盈利向上，波动加大，回归业绩基本面，更加注重短期业绩落地、兑现而非中长期故事，这是当前市场需要重视的特征之一。二季度经济环比与一季度相比仍有动能和韧性，可能也较难看到流动性短期进一步宽松的理由。整体而言，流动性仍处于温和震荡区间，对股市而言，更有利于在次期间围绕一季报景气方向布局的好时点


数据显示，电子ETF（515260）标的指数（中证电子50指数）2021年预测主营业务收入达1.27万亿元，同比增幅达22.25%，归母净利润达1.23万亿元，同比增幅高达41.39%。
【规避个股分化，借道ETF投资胜率更高】 
看好电子行业景气，想要分享行业发展红利，从长期投资角度来看，相对电子个股而言，借道电子ETF（515260）投资通常可以更好地把握板块整体行情，取得更高胜率。比如，从2020年9上旬低点到2021年1月中旬，电子ETF（515260）涨幅一度超过20.32%，跑赢同期64%的成份龙头个股（电子ETF密切跟踪中证电子50指数，同期50只成份股中，32只涨幅低于20.32%）。
从投资效率上看，电子ETF（515260）相对个股更简单便捷，每手交易门槛仅90元左右，卖出无印花税（股票收取千分之一）。 




 
展开阅读全文"
[微笑],"https://guba.eastmoney.com/news,002179,1030454580.html",2021-04-30 18:34:41,这股啥时候破年线呀？
业绩爆棚却被按在地板上摩擦！真金不怕火炼！买了拿三年,"https://guba.eastmoney.com/news,002179,1030449648.html",2021-04-30 18:11:44,业绩爆棚却被按在地板上摩擦！真金不怕火炼！买了拿三年
在68这个位置被吃了好多[滴汗],"https://guba.eastmoney.com/news,002179,1030449612.html",2021-04-30 18:11:27,在68这个位置被吃了好多
抄底最佳机会了，错过别怪没提醒,"https://guba.eastmoney.com/news,002179,1030348798.html",2021-04-30 14:12:18,抄底最佳机会了，错过别怪没提醒
只要不封板！过节就会涨回来！加油,"https://guba.eastmoney.com/news,002179,1030341554.html",2021-04-30 14:04:18,只要不封板！过节就会涨回来！加油
没有龙虎榜可以看么。,"https://guba.eastmoney.com/news,002179,1030430033.html",2021-04-30 16:46:52,不跌停就没得看？
感觉一季报出来本来券商该写一波猛吹的研报，结果稿子还没交跌停了，不知还该不该发,"https://guba.eastmoney.com/news,002179,1030415777.html",2021-04-30 15:55:15,感觉一季报出来本来券商该写一波猛吹的研报，结果稿子还没交跌停了，不知还该不该发
军工见底信号，业绩爆增股价爆跌，机构砸盘目的为什么?,"https://guba.eastmoney.com/news,002179,1030404537.html",2021-04-30 15:20:43,军工见底信号，业绩爆增股价爆跌，机构砸盘目的为什么?
割了，真TM恶心人，这也可以踩雷！！！！,"https://guba.eastmoney.com/news,002179,1030375194.html",2021-04-30 14:40:03,割了，真TM恶心人，这也可以踩雷！！！！
业绩好就得跌，……,"https://guba.eastmoney.com/news,002179,1030428471.html",2021-04-30 16:40:41,业绩好就得跌，……
中航光电：2021年第一季度净利润约6.24亿元，同比增长281.43%,"https://guba.eastmoney.com/news,002179,1029976337.html",2021-04-29 22:25:46,"来源：每日经济新闻
　　中航光电(SZ 002179，收盘价：75.4元)4月29日晚间发布一季度业绩公告称，2021年第一季度营收约33.86亿元，同比增长88.14%；净利润约6.24亿元，同比增长281.43%；基本每股收益0.5841元，同比增长279.04%。

　　2020年年报显示，中航光电的主营业务为连接器行业、其他行业，占营收比例分别为：98.7%、1.3%。
　　中航光电的董事长是郭泽义，男，54岁，中国国籍，硕士研究生，高级经济师。 中航光电的总经理是李森，男，48岁，中国国籍，硕士研究生，研究员级高级工程师。
（文章来源：每日经济新闻） [点击查看原文]
#热点追踪#"
有多少兄弟伙持股过节？？,"https://guba.eastmoney.com/news,002179,1030380008.html",2021-04-30 14:45:01,有多少兄弟伙持股过节？？
中航光电一度跌停，近日发布2021年一季报,"https://guba.eastmoney.com/news,002179,1030412193.html",2021-04-30 15:43:24,"4月30日，中航光电低开低走，一度跌停，当日报收68.18元，涨跌幅-9.58%，成交额21.79亿元，换手率3.00%。据最新收盘价计算，中航光电流通市值为728.15亿元。
消息面上，4月30日，中航光电发布一季报，2021年一季度实现营业总收入33.86亿元，同比增长88.14%；归属母公司股东净利润6.24亿元，同比增长281.43%；基本每股收益为0.5841元。
此外，4月30日，中航光电发布一季度报告，预计半年度归属于上市公司股东的净利润为9.28亿元至11.27亿元，同比增长40.00%至70.00%；每股收益为0.87元至1.05元。
免责声明：本文基于大数据生产，仅供参考，不构成任何投资建议，据此操作风险自担。"
看到你这几天的走势，我才发现这个月的操作是多么明智。下个月继续关注。,"https://guba.eastmoney.com/news,002179,1030405990.html",2021-04-30 15:24:51,看到你这几天的走势，我才发现这个月的操作是多么明智。下个月继续关注。
我买了，咋咋滴，呵呵，,"https://guba.eastmoney.com/news,002179,1030247204.html",2021-04-30 11:32:14,我买了，咋咋滴，呵呵，
放量大跌，大清洗，换庄。,"https://guba.eastmoney.com/news,002179,1030403043.html",2021-04-30 15:16:55,放量大跌，大清洗，换庄。
感觉在吓唬人，趁过节这个机会赶点人，过完节在猛拉。,"https://guba.eastmoney.com/news,002179,1030383471.html",2021-04-30 14:48:44,感觉在吓唬人，趁过节这个机会赶点人，过完节在猛拉。
扮演了一天的庄，你只能吓到新韭菜，对与看好光电的长期投资者来说，小把戏不值一,"https://guba.eastmoney.com/news,002179,1030396313.html",2021-04-30 15:03:49,扮演了一天的庄，你只能吓到新韭菜，对与看好光电的长期投资者来说，小把戏不值一提
还有一个跌停板才能到底,"https://guba.eastmoney.com/news,002179,1030394141.html",2021-04-30 15:00:45,还有一个跌停板才能到底
你是被错杀的，我割了别的票全仓买你了，相信你是好票，不要辜负我的期待！,"https://guba.eastmoney.com/news,002179,1030354515.html",2021-04-30 14:18:38,你是被错杀的，我割了别的票全仓买你了，相信你是好票，不要辜负我的期待！
先买三成仓，明天跌停加仓八成,"https://guba.eastmoney.com/news,002179,1030378307.html",2021-04-30 14:43:15,先买三成仓，明天跌停加仓八成
跌的理由就是庄家打压吸筹,"https://guba.eastmoney.com/news,002179,1030391251.html",2021-04-30 14:56:58,跌的理由就是庄家打压吸筹
真坏，不给龙虎榜看,"https://guba.eastmoney.com/news,002179,1030390051.html",2021-04-30 14:55:42,真坏，不给龙虎榜看
我觉得就跟去年一季度报不及预期跌停一个道理，这次也玩同样的花招，长线持有基本不用,"https://guba.eastmoney.com/news,002179,1030385533.html",2021-04-30 14:51:04,我觉得就跟去年一季度报不及预期跌停一个道理，这次也玩同样的花招，长线持有基本不用担心业绩问题。今年也是稳定增长的。
让砸盘的基金滚蛋吧，中航光电的散户团结一致，把阴暗的基金撵出去。,"https://guba.eastmoney.com/news,002179,1030355922.html",2021-04-30 14:20:02,让砸盘的基金滚蛋吧，中航光电的散户团结一致，把阴暗的基金撵出去。
成交量20亿了牛逼了,"https://guba.eastmoney.com/news,002179,1030346048.html",2021-04-30 14:09:12,成交量20亿了牛逼了
涨回点吧我亏太多了,"https://guba.eastmoney.com/news,002179,1030371198.html",2021-04-30 14:35:56,涨回点吧我亏太多了
新韭菜冲进来咯，大家好！,"https://guba.eastmoney.com/news,002179,1030368929.html",2021-04-30 14:33:34,新韭菜冲进来咯，大家好！
军用连接器景气高，民用业务值得期待,"https://guba.eastmoney.com/news,002179,1028781968.html",2021-04-27 17:12:49,
中航光电:2021年第一季度报告全文,"https://guba.eastmoney.com/news,002179,1029938937.html",2021-04-29 20:35:09,"公告日期：2021-04-30

中航光电科技股份有限公司

2021 年第一季度报告

2021 年 04 月


第一节 重要提示

公司董事会、监事会及董事、监事、高级管理人员保证季度报告内容的真实、准确、完整，不存在虚假记载、误导性陈述或者重大遗漏，并承担个别和连带的法律责任。

所有董事均已出席了审议本次季报的董事会会议。

公司负责人郭泽义、主管会计工作负责人刘阳及会计机构负责人(会计主管人员)王亚歌声明：保证季度报告中财务报表的真实、准确、完整。


第二节 公司基本情况

一、主要会计数据和财务指标
公司是否需追溯调整或重述以前年度会计数据
□ 是 √ 否

本报告期 上年同期 本报告期比上年同期增
减

营业收入（元） 3,386,317,418.82 1,799,899,184.80 88.14%

归属于上市公司股东的净利润（元） 624,400,541.35 163,700,268.34 281.43%

归属于上市公司股东的扣除非经常性

损益的净利润（元） 615,290,682.24 149,279,460.21 312.17%

经营活动产生的现金流量净额（元） -317,386,126.74 -256,025,497.37 -23.97%

基本每股收益（元/股） 0.5841 0.1541 279.04%

稀释每股收益（元/股） 0.5841 0.1501 289.14%

加权平均净资产收益率 6.20% 1.89% 4.31%

本报告期末 上年度末 本报告期末比上年度末
增减

总资产（元） 20,225,140,225.12 19,218,418,865.77 5.24%

归属于上市公司股东的净资产（元） 10,456,473,347.61 9,738,984,387.81 7.37%

非经常性损益项目和金额
√ 适用 □ 不适用

单位：元

项目 年初至报告期期末金额 说明

非流动资产处置损益（包括已计提资产减值准备的冲销部

分） -1,270,223.50

计入当期损益的政府补助（与企业业务密切相关，按照国家

统一标准定额或定量享受的政府补助除外） ……
[点击查看PDF原文]
提示：本网不保证其真实性和客观性，一切有关该股的有效信息，以交易所的公告为准，敬请投资者注意风险。
展开阅读全文"
军工是真正的高科技，是无底洞，多少钱都填不满。让国家去买单吧，就算是严重亏损国家,"https://guba.eastmoney.com/news,002179,1030367166.html",2021-04-30 14:31:45,"军工是真正的高科技，是无底洞，多少钱都填不满。让国家去买单吧，就算是严重亏损国家都照样全款买单。
打个比喻，就好像连长今天公费请大家吃饭，你非抢着去买单，连长怎么劝都不听，结帐时才知道傻眼。
我们散户没必要去炒军工，本来是自己贪心想赚钱，亏了钱硬说国家对不起你这种爱国人士。另外告诉大家，军工从来不缺钱，发展中的民企才真缺钱。"
到底发生了什么？看不懂啊,"https://guba.eastmoney.com/news,002179,1030365895.html",2021-04-30 14:30:28,到底发生了什么？看不懂啊
这要是涨停了就载入历史了,"https://guba.eastmoney.com/news,002179,1030335936.html",2021-04-30 13:58:13,这要是涨停了就载入历史了
中航光电今天为何跌停，哪位知道原因,"https://guba.eastmoney.com/news,002179,1030263960.html",2021-04-30 12:13:37,
今天接5千股试试,"https://guba.eastmoney.com/news,002179,1030317844.html",2021-04-30 13:39:42,今天接5千股试试
少买点就行,"https://guba.eastmoney.com/news,002179,1030352441.html",2021-04-30 14:16:22,少买点就行
还不拉，没吃饱[为什么],"https://guba.eastmoney.com/news,002179,1030351716.html",2021-04-30 14:15:34,还不拉，没吃饱
主力跑的厉害啊,"https://guba.eastmoney.com/news,002179,1030344744.html",2021-04-30 14:07:45,主力跑的厉害啊
这个是有大动作吗,"https://guba.eastmoney.com/news,002179,1030311679.html",2021-04-30 13:33:43,这个是有大动作吗
有人偷偷吸筹,"https://guba.eastmoney.com/news,002179,1030337930.html",2021-04-30 14:00:18,有人偷偷吸筹
买一手，小试身手。,"https://guba.eastmoney.com/news,002179,1030304519.html",2021-04-30 13:27:12,买一手，小试身手。
封死跌停，给看个龙虎榜啊。,"https://guba.eastmoney.com/news,002179,1030334812.html",2021-04-30 13:57:03,封死跌停，给看个龙虎榜啊。
第一次看到这么滑稽的盘面，你们买慢点，空头不够分了。,"https://guba.eastmoney.com/news,002179,1030306315.html",2021-04-30 13:28:56,第一次看到这么滑稽的盘面，你们买慢点，空头不够分了。
我来抄个底,"https://guba.eastmoney.com/news,002179,1030332897.html",2021-04-30 13:54:51,我来抄个底
今天有机构在拼命买，超大单成交量很大，部分机构乘中报业绩不及预期，提前获利减持,"https://guba.eastmoney.com/news,002179,1030331980.html",2021-04-30 13:53:56,今天有机构在拼命买，超大单成交量很大，部分机构乘中报业绩不及预期，提前获利减持
主力这是在疯狂对倒诱多？,"https://guba.eastmoney.com/news,002179,1030331285.html",2021-04-30 13:53:12,
预测2点，现在提前发动进攻，家人们，冲啊,"https://guba.eastmoney.com/news,002179,1030330746.html",2021-04-30 13:52:39,
前方没有敌人,"https://guba.eastmoney.com/news,002179,1030330271.html",2021-04-30 13:52:08,前方没有敌人
别装了，10%我认了，不要9.99,"https://guba.eastmoney.com/news,002179,1030302366.html",2021-04-30 13:24:59,别装了，10%我认了，不要9.99
这业绩不错吧，为啥跌停,"https://guba.eastmoney.com/news,002179,1030327860.html",2021-04-30 13:49:42,这业绩不错吧，为啥跌停
谢谢机构放我出来,"https://guba.eastmoney.com/news,002179,1030295171.html",2021-04-30 13:17:59,谢谢机构放我出来
为什么好好的药跌停啊？谁知道？弄的人心痒难耐，好想买进去……,"https://guba.eastmoney.com/news,002179,1030316319.html",2021-04-30 13:38:11,为什么好好的药跌停啊？谁知道？弄的人心痒难耐，好想买进去……
人为操作，目的就是打压吸筹,"https://guba.eastmoney.com/news,002179,1030314848.html",2021-04-30 13:36:46,人为操作，目的就是打压吸筹
又是黄伟之前提过的票,"https://guba.eastmoney.com/news,002179,1030113403.html",2021-04-30 09:50:10,又是黄伟之前提过的票
错杀，加一点[大哭],"https://guba.eastmoney.com/news,002179,1030313878.html",2021-04-30 13:35:47,错杀，加一点
中航光电，一个季报就把股价作死了一般二季度季报8月份，3季度报表11月份！等于今,"https://guba.eastmoney.com/news,002179,1030312976.html",2021-04-30 13:34:54,中航光电，一个季报就把股价作死了一般二季度季报8月份，3季度报表11月份！等于今天到11月份还玩啥？！获利资金不另寻新欢才怪！完全作死！
错杀！,"https://guba.eastmoney.com/news,002179,1030335432.html",2021-04-30 13:57:44,错杀！
弄啥? 刷屏么? 别弄了,"https://guba.eastmoney.com/news,002179,1030303677.html",2021-04-30 13:26:18,弄啥? 刷屏么? 别弄了
2点开始，加油,"https://guba.eastmoney.com/news,002179,1030325002.html",2021-04-30 13:46:54,
我也爱国加仓,"https://guba.eastmoney.com/news,002179,1030300427.html",2021-04-30 13:23:01,
给机会跑路啊,"https://guba.eastmoney.com/news,002179,1030299839.html",2021-04-30 13:22:27,给机会跑路啊
今天地天板,"https://guba.eastmoney.com/news,002179,1030294557.html",2021-04-30 13:17:23,今天地天板
暴雷了，这波回到40,"https://guba.eastmoney.com/news,002179,1030297765.html",2021-04-30 13:20:31,暴雷了，这波回到40
基金减仓了？！这要是连续三个跌停！基金践踏就开始了！军工业绩普遍不好！但是！但是,"https://guba.eastmoney.com/news,002179,1030296115.html",2021-04-30 13:18:56,基金减仓了？！这要是连续三个跌停！基金践踏就开始了！军工业绩普遍不好！但是！但是管光电什么事儿！！！简直是被系统性错杀！！！！基金真坏！！！！
马比的业绩暴增竟然跌停了,"https://guba.eastmoney.com/news,002179,1030287853.html",2021-04-30 13:10:53,马比的业绩暴增竟然跌停了
为什么跌停？,"https://guba.eastmoney.com/news,002179,1030282359.html",2021-04-30 13:04:39,为什么跌停？
为什么只有军工见光死？,"https://guba.eastmoney.com/news,002179,1030287446.html",2021-04-30 13:10:27,
的业绩暴增竟然跌停！,"https://guba.eastmoney.com/news,002179,1030286497.html",2021-04-30 13:09:29,的业绩暴增竟然跌停！
地天,"https://guba.eastmoney.com/news,002179,1030282517.html",2021-04-30 13:04:51,地天
收入确认节奏、董事会谨慎保守德短期数据而已,"https://guba.eastmoney.com/news,002179,1030281367.html",2021-04-30 13:03:23,收入确认节奏、董事会谨慎保守德短期数据而已
抄底的都是爱国人士,"https://guba.eastmoney.com/news,002179,1030282361.html",2021-04-30 13:04:37,抄底的都是爱国人士
2021年一季报航空装备行业排行榜（4-30）,"https://guba.eastmoney.com/news,002179,1030291581.html",2021-04-30 13:14:39,"截至4月30日午时，航空装备行业38家公司已全部披露一季报。2021年一季度，航空装备行业营业总收入均值为10.42亿元，同比增长47.84%；归母净利润均值为6663.97万元，同比增长163.10%；销售毛利率均值为34.72%，净资产收益率均值112.01%。
营收王：中航西飞
营收方面，有32家航空装备公司2021年一季度营收实现同比增长，占比84.21%。其中，中航西飞以66.79亿元总营收摘取营收榜桂冠，同比增长率1.13%；此外，营收榜前五名还有中航沈飞、航发动力、中航机电、中航光电。详情如下：
中航西飞：主营业务放量，内生增长稳健
中航沈飞：净利润短期下滑，资本开支进入高增长期
航发动力：净利润短期下滑，毛利率维稳
中航机电：营收、净利高速增长，成长动力强劲
中航光电：龙头业绩亮眼，成长动力强劲
2021年一季报航空装备营收TOP5
排名	证券代码	证券简称	营业总收入（元）	营收同比增长率（%）
1	000768	中航西飞	66.79亿	1.13
2	600760	中航沈飞	57.90亿	1.56
3	600893	航发动力	37.42亿	8.41
4	002013	中航机电	35.80亿	72.45
5	002179	中航光电	33.86亿	88.14
数据来源：Choice数据


盈利王：中航光电
盈利方面，有25家航空装备公司2021年一季度归母净利润实现同比增长，占比86.21%。其中，中航光电以6.24亿元归母净利润荣登榜首，同比增长率281.43%；此外，中航沈飞、中航高科、中航机电、中直股份也在盈利榜前五之列。详情如下：
中航光电：龙头业绩亮眼，成长动力强劲
中航沈飞：净利润短期下滑，资本开支进入高增长期
中航高科：Q1盈利边际改善，成长向好
中航机电：营收、净利高速增长，成长动力强劲
中直股份：营收、净利高速增长，成长动力强劲
2021年一季报航空装备盈利TOP5
排名	证券代码	证券简称	归母净利润（元）
1	002179	中航光电	6.24亿
2	600760	中航沈飞	3.45亿
3	600862	中航高科	2.37亿
4	002013	中航机电	2.11亿
5	600038	中直股份	1.64亿
数据来源：Choice数据


成长王：航新科技
盈利增速方面，有13家航空装备公司2021年一季度归母净利润同比增长率超100%。其中航新科技以33.8倍增长率位列第一；此外，新光光电、智明达、洪都航空、中航光电也榜上有名。详情如下：
航新科技：业绩高速增长，主营业务收益质量良好
新光光电：主业快速增长，强化费控增厚盈利
洪都航空：主业快速增长，成长向好
中航光电：龙头业绩亮眼，成长动力强劲
2021年一季报航空装备盈利增速TOP5
排名	证券代码	证券简称	归母净利润同比增长率（%）
1	300424	航新科技	3379.2
2	688011	新光光电	645.2
3	688636	智明达	489.24
4	600316	洪都航空	391.61
5	002179	中航光电	281.43
数据来源：Choice数据
免责声明：本文基于大数据生产，仅供参考，不构成任何投资建议，据此操作风险自担。


展开阅读全文"
预告半年业绩惹的祸,"https://guba.eastmoney.com/news,002179,1030252566.html",2021-04-30 11:41:57,预估半年报利润中值约10亿元，每股约0.95元，环比增速是下降的
主力在吸筹,"https://guba.eastmoney.com/news,002179,1030290636.html",2021-04-30 13:13:47,主力在吸筹
快逃,"https://guba.eastmoney.com/news,002179,1030290109.html",2021-04-30 13:13:16,快逃
军工股就这样，波动大,"https://guba.eastmoney.com/news,002179,1030256716.html",2021-04-30 11:51:56,军工股就这样，波动大，大开大合，没准五一后又大涨呢
涨多了借利好出货，这么难理解吗,"https://guba.eastmoney.com/news,002179,1030272610.html",2021-04-30 12:45:03,涨多了借利好出货，这么难理解吗
这只股和沈飞哪个好？,"https://guba.eastmoney.com/news,002179,1030258288.html",2021-04-30 11:56:00,这只股和沈飞哪个好？
奇怪，航发一季度利润下降60％跌停也就算了，你这上升280％也凑热闹？？？,"https://guba.eastmoney.com/news,002179,1030235610.html",2021-04-30 11:20:16,奇怪，航发一季度利润下降60％跌停也就算了，你这上升280％也凑热闹？？？
应该是利好出尽。主力憋了很久，今天终于可以跑了。,"https://guba.eastmoney.com/news,002179,1030250401.html",2021-04-30 11:37:45,应该是利好出尽。主力憋了很久，今天终于可以跑了。
这真的是跌的莫名其妙,"https://guba.eastmoney.com/news,002179,1030271056.html",2021-04-30 12:39:17,这真的是跌的莫名其妙
一季报告诉二季度业绩不能增长。还可能下滑。机构夺路而出,"https://guba.eastmoney.com/news,002179,1030270098.html",2021-04-30 12:35:32,龙头也不稳定
开除一个操盘手祭天？,"https://guba.eastmoney.com/news,002179,1030261154.html",2021-04-30 12:04:25,开除一个操盘手祭天？
火箭都升天了？你还不起来b,"https://guba.eastmoney.com/news,002179,1030268568.html",2021-04-30 12:30:19,火箭都升天了？你还不起来b
炒底好机会,"https://guba.eastmoney.com/news,002179,1030268668.html",2021-04-30 12:30:47,炒底好机会
中航光电：证券事务代表叶华辞职,"https://guba.eastmoney.com/news,002179,1029961181.html",2021-04-29 21:35:41,"来源：每日经济新闻
　　中航光电(SZ 002179，收盘价：75.4元)4月29日晚间发布公告称，中航光电科技股份有限公司董事会于近日收到证券事务代表叶华女士提交的书面辞职申请，叶华女士因工作变动原因申请辞去公司证券事务代表职务，辞去证券事务代表职务后，叶华女士仍在公司任职。截至本公告披露日，叶华女士持有公司股份约6.35万股，不存在应当履行而未履行的承诺事项。

　　2020年年报显示，中航光电的主营业务为连接器行业、其他行业，占营收比例分别为：98.7%、1.3%。
　　中航光电的董事长是郭泽义，男，54岁，中国国籍，硕士研究生，高级经济师。 中航光电的总经理是李森，男，48岁，中国国籍，硕士研究生，研究员级高级工程师。
（文章来源：每日经济新闻） [点击查看原文]"
只是中报业绩预测增长70%，不至于弄个跌停吧。,"https://guba.eastmoney.com/news,002179,1030238829.html",2021-04-30 11:23:21,只是中报业绩预测增长70%，不至于弄个跌停吧。
地板买1000，陪你磨磨[呲牙],"https://guba.eastmoney.com/news,002179,1030168911.html",2021-04-30 10:25:22,地板买1000，陪你磨磨
这个股票是怎么可能会这样，人为的吗？,"https://guba.eastmoney.com/news,002179,1030264735.html",2021-04-30 12:16:10,这个股票是怎么可能会这样，人为的吗？
咋回事？？！！,"https://guba.eastmoney.com/news,002179,1030268124.html",2021-04-30 12:28:48,咋回事？？！！
这NM是人干的事吗？,"https://guba.eastmoney.com/news,002179,1030262662.html",2021-04-30 12:09:02,这NM是人干的事吗？
黄金坑,"https://guba.eastmoney.com/news,002179,1030225077.html",2021-04-30 11:10:17,黄金坑
赶紧挂单排队卖,"https://guba.eastmoney.com/news,002179,1030256787.html",2021-04-30 11:52:05,赶紧挂单排队卖
这是给航发沈飞垫背，真真坑死,"https://guba.eastmoney.com/news,002179,1030256314.html",2021-04-30 11:50:49,这是给航发沈飞垫背，真真坑死
站起来吧，别这么跪着阿,"https://guba.eastmoney.com/news,002179,1030243999.html",2021-04-30 11:28:23,站起来吧，别这么跪着阿
莫名其妙,"https://guba.eastmoney.com/news,002179,1030253616.html",2021-04-30 11:44:15,莫名其妙
谁能解释一下吗？除了股灾，还有什么时候见过跌停？,"https://guba.eastmoney.com/news,002179,1030256348.html",2021-04-30 11:50:55,谁能解释一下吗？除了股灾，还有什么时候见过跌停？
获利盘出逃,"https://guba.eastmoney.com/news,002179,1030255701.html",2021-04-30 11:49:19,获利盘出逃
割了，其它板块都赚过钱，在军工上亏光，还到亏10万，走人，以后不碰军工。,"https://guba.eastmoney.com/news,002179,1030181966.html",2021-04-30 10:34:56,割了，其它板块都赚过钱，在军工上亏光，还到亏10万，走人，以后不碰军工。
一季度281%，中报预报40-70%，是这个原因？,"https://guba.eastmoney.com/news,002179,1030254465.html",2021-04-30 11:46:13,一季度281%，中报预报40-70%，是这个原因？
这也太逗了，为啥上赶着预报半年啊[晕],"https://guba.eastmoney.com/news,002179,1030254127.html",2021-04-30 11:45:27,这也太逗了，为啥上赶着预报半年啊
今天军工股全线暴跌，难道投降了,"https://guba.eastmoney.com/news,002179,1030252546.html",2021-04-30 11:41:53,今天军工股全线暴跌，难道投降了
为什么？？？？？？？？资本真的可以为所欲为啊,"https://guba.eastmoney.com/news,002179,1030252273.html",2021-04-30 11:41:16,为什么？？？？？？？？资本真的可以为所欲为啊
军工板块开盘走弱,"https://guba.eastmoney.com/news,002179,1030091696.html",2021-04-30 09:36:06,"来源：界面新闻
　　 军工板块开盘走弱，中航光电跌停，中船防务、航发动力、中航沈飞、久之洋等纷纷大幅走低。
（文章来源：界面新闻） [点击查看原文]
#热点追踪#"
对军工股怀有极大仇恨的人才直接砸停，有阴谋！,"https://guba.eastmoney.com/news,002179,1030250400.html",2021-04-30 11:37:44,对军工股怀有极大仇恨的人才直接砸停，有阴谋！
简单看了一下季报，配不上一个跌停啊,"https://guba.eastmoney.com/news,002179,1030222255.html",2021-04-30 11:07:49,应收微增，存货微增，成本微增，主营及利润等的其他指标还好。这样的报告不上涨也罢，吃一个跌停板，真是不可理喻。自选股而已，半年没有操作了。对A股的机构和大资金操盘手的素养，再添许多忧虑，不只是看着别扭而已
中航光电跌停，只能说明庄家的阴暗和中国资本市场対价值理解的扭曲，在次印证中国基金,"https://guba.eastmoney.com/news,002179,1030208649.html",2021-04-30 10:56:04,中航光电跌停，只能说明庄家的阴暗和中国资本市场対价值理解的扭曲，在次印证中国基金经理无德，中航光电的跌停对价值投资人影响的只是一时的心情，无法阻挡长期的收益！
军工板块有阴谋，看那跌停板上的大单,"https://guba.eastmoney.com/news,002179,1030217560.html",2021-04-30 11:03:39,军工板块有阴谋，看那跌停板上的大单
