标题,链接,发布时间,内容
今天谁买己套一批了，明天又套一批，3月31日前期10.48元的确囗等着,"https://guba.eastmoney.com/news,002205,629353294.html",2017-04-16 22:51:00,今天谁买己套一批了，明天又套一批，3月31日前期10.48元的确囗等着
1将野蛮炒高的概念拐交给庄家、果断潜伏利润倍增的超跌低价绝版股,"https://guba.eastmoney.com/news,002205,629343325.html",2017-04-16 21:58:45,1将野蛮炒高的概念拐交给庄家、果断潜伏利润倍增的超跌低价绝版股
明天准备主动出击，我要去各大论坛来宣传友阿股份和长沙银行上市，给主力找点麻烦。把,"https://guba.eastmoney.com/news,002205,629752334.html",2017-04-17 20:16:55,明天准备主动出击，我要去各大论坛来宣传友阿股份和长沙银行上市，给主力找点麻烦。把目标在7块，6块，5块，4块，3块，2块，1块的散户朋友们找来。看你是越洗越多，还是越洗越少。7块以下任何价位都是我们有票的友军啊！别以为只有你们托可以喊人割肉，明天我就要去宣传低价友阿股！
好戏：看各路机构如何借力发财，现在主要是机构,"https://guba.eastmoney.com/news,002205,629748476.html",2017-04-17 20:07:40,中融联储国际资本管理北京有限公司诈骗行为揭秘
只需要十几万股就能压盘，拐点要来了,"https://guba.eastmoney.com/news,002205,629349828.html",2017-04-16 22:31:56,只需要十几万股就能压盘，拐点要来了
主升浪来了,"https://guba.eastmoney.com/news,002205,629701982.html",2017-04-17 17:59:01,
丙烷脱氢方兴未艾丁烷深加工再起波澜,"https://guba.eastmoney.com/news,002205,629654459.html",2017-04-17 16:03:35,蓝牙.标准正式商用 芯片受益股有哪些？芯片受
不要开车，也不要唱多，老司机营养跟不上,"https://guba.eastmoney.com/news,002205,629641030.html",2017-04-17 15:33:28,不要开车，也不要唱多，老司机营养跟不上
拿青龙管业比，国统就是低估了！人家涨到天了！,"https://guba.eastmoney.com/news,002205,629618690.html",2017-04-17 14:56:06,拿青龙管业比，国统就是低估了！人家涨到天了！
逸家洁:重大事项停牌进展公告,"https://guba.eastmoney.com/news,002205,629352655.html",2017-04-16 22:46:57,逸家洁:重大事项停牌进展公告
难道不如青龙管业？看人家的基本面、市盈率，国统都好得多！,"https://guba.eastmoney.com/news,002205,629615278.html",2017-04-17 14:49:26,难道不如青龙管业？看人家的基本面、市盈率，国统都好得多！
洗的越狠潜力越大,"https://guba.eastmoney.com/news,002205,629607404.html",2017-04-17 14:40:03,洗的越狠潜力越大
抛压减-轻了好多！嘿！,"https://guba.eastmoney.com/news,002205,629591026.html",2017-04-17 14:15:51,抛压减-轻了好多！嘿！
获利盘.、套牢盘走了之后！拉起来就轻松！不需要那么大的量了！,"https://guba.eastmoney.com/news,002205,629589128.html",2017-04-17 14:12:52,获利盘.、套牢盘走了之后！拉起来就轻松！不需要那么大的量了！
震荡之后，上行更轻松了！不看好的基本上出局了！,"https://guba.eastmoney.com/news,002205,629587382.html",2017-04-17 14:10:09,震荡之后，上行更轻松了！不看好的基本上出局了！
盘子须小，庄家不强，又不是龙头。,"https://guba.eastmoney.com/news,002205,629573477.html",2017-04-17 13:48:54,盘子须小，庄家不强，又不是龙头。
"这价守到收盘,明天就有戏.","https://guba.eastmoney.com/news,002205,629573509.html",2017-04-17 13:47:59,明天新高.
换个铁汉生态，,"https://guba.eastmoney.com/news,002205,629571609.html",2017-04-17 13:45:52,换个铁汉生态，
别再火中取栗了，现价抓紧派发毫不犹豫。,"https://guba.eastmoney.com/news,002205,629565646.html",2017-04-17 13:36:20,别再火中取栗了，现价抓紧派发毫不犹豫。
F未来的海洋军事龙头股票真实价值100元金信诺民参军长跑健将 业绩持续高速增长目,"https://guba.eastmoney.com/news,002205,629560036.html",2017-04-17 13:27:05,"F未来的海洋军事龙头股票真实价值100元金信诺民参军长跑健将 业绩持续高速增长目前股价严重超低26元多点翻倍暴涨强烈推荐
方正证券 2017-04-01 10:26 查看原文
买入
公司近三年保持年均30%以上高增长，盈利能力长期有保障。公司积极开展符合公司战略设想的对外投资和收购以及混合所有制的合作，内生外延双轮驱动发展。
年报摘要：
公司2016年实现营业收入20.16亿元，同比增长31.57%；归母净利润1.95元，同比增长41.07%。通信线缆及光纤光缆收入10.24亿元，同比增12.75%，毛利率26.30%；通信组件收入5.04亿元，同比增54.32%，毛利率29.60%；PCB系列收入3.21亿元，同比增125.78%，毛利率21.43%。公司整体毛利率27.33%，同比略降1.14个百分点。
年报点评：
1、公司近三年保持年均30%以上高增长，盈利能力长期有保障。公司致力于为移动通信运营商、通信基础设备提供商、通信天线制造企业、航天航空及电子科技单位提供高性能、可设计定制的信号互联产品及一站式服务解决方案，践行“Design-In”业务模式，将研发环节前置到客户项目规划初期，与客户共同完成项目技术方案设计，提高了开发效率及客户粘性。同时公司还保持年收入10%左右的研发投入，坚持创新驱动产业发展，为未来继续保持增长提供了强有力的保障。
2、公司积极开展符合公司战略设想的对外投资和收购以及混合所有制的合作，内生外延双轮驱动发展。公司的投资战略紧紧围绕公司的主营业务与核心客户需求，致力于为客户提供复杂产品系列的一站式解决方案，并已将这一服务模式从通信、航天航空和电子科技，推广到海洋船舶、轨道交通、新能源汽车、工业控制、医疗等新的市场领域。公司在军工领域立志从元器件配套逐渐转变成集成化系统配套供应商，业务领域已从航天航空拓展到海洋防务。我们看好公司的战略眼光和执行能力，认为公司仍将根据战略布局及主营产业发展的趋势及需求继续进行投资并购，军工配套层级提升值得期待。
3、盈利预测与投资建议。我们预测公司2017-2019年的EPS分别为0.60/0.80/1.04元/股，对应的PE分别为45/34/26为倍，考虑到公司的长期高成长，我们维持对公司的推荐评级。"
这货中标好多河北项目，怎么没人当雄安股炒炒,"https://guba.eastmoney.com/news,002205,629542424.html",2017-04-17 12:49:16,这货中标好多河北项目，怎么没人当雄安股炒炒
收盘全部套你！以为低点买进去安全了。,"https://guba.eastmoney.com/news,002205,629502995.html",2017-04-17 11:22:42,收盘全部套你！以为低点买进去安全了。
妖魅,"https://guba.eastmoney.com/news,002205,629495222.html",2017-04-17 11:11:54,妖魅
今天估计有个涨停,"https://guba.eastmoney.com/news,002205,629464286.html",2017-04-17 10:29:03,今天估计有个涨停
min股不容小觑，爆发力还是蛮强的。,"https://guba.eastmoney.com/news,002205,629483639.html",2017-04-17 10:56:01,
年度股东大会，董事长都不出席，可想公司治理如何了。就我投了反对票,"https://guba.eastmoney.com/news,002205,629471095.html",2017-04-17 10:37:40,
pppydylxa,"https://guba.eastmoney.com/news,002205,629461487.html",2017-04-17 10:25:45,pppydylxa
今天又杀出去一批,"https://guba.eastmoney.com/news,002205,629460940.html",2017-04-17 10:24:43,今天又杀出去一批
开始拉升,"https://guba.eastmoney.com/news,002205,629460406.html",2017-04-17 10:23:59,开始拉升
K2017年业绩暴增9倍小盘绩优低价绝对估值安全股食品安全环保产业的强基；行业的,"https://guba.eastmoney.com/news,002205,629442555.html",2017-04-17 09:59:29,"K2017年业绩暴增9倍小盘绩优低价绝对估值安全股食品安全环保产业的强基；行业的翘楚——002637赞宇科技终于浮出水面！！未来10年高速成长
赞宇科技(002637)
业绩大增受益于棕榈价格上涨。 2016 年， 受益于公司表面活性剂和油脂化工品主要原材料棕榈油价格的大幅上涨（ 由年初的约 4,800元/吨上涨到年末的约 6,700 元/吨），公司产品价格均得到有效支撑，呈现不同幅度上涨，表面活性剂主要产品 AES 2015 年价格处于 7,000元以下水平， 2016 上半年回升至 7,500 元以上，此外， LOS、 MES 等产品价格较去年同期亦出现较大幅度上涨；油脂化工品中的硬脂酸、油酸价格也均保持较大幅度的上涨水平，公司的综合毛利率水平由去年的 10.02%一跃提升至前三季度的 12.11%，我们认为随着四季度棕榈油价格的二次上涨，公司产品价格和毛利率水平将环比三季度提高。 马来西亚棕榈油局 1 月 17 日表示， 2017 棕榈油产量预计较上年增长 12%至 1,940 万吨，但目前棕榈油还处于减产周期，同时国内库存处于 5年低位，因此我们预计一季度棕榈油价格还将处于高位，将有力支撑公司产品价格。
加速进行国内表面活性剂和油脂化工行业的整合工作。 公司拟以3,360 万元收购绿普化工 60%的股权，可以借助标的公司的产品及客户优势，拓展新的市场领域，扩大公司发展空间，标的公司承诺 2017年和 2018 年扣除非经常性损益的净利润分别不低于 1,200 万元和1,800 万元； 通过设立赞宇新材有助于公司在表面活性剂、日用化工、油脂化工领域拓展新业务，为公司创造新的利润增长点，有利于丰富公司的产品结构， 提升公司的综合竞争力。目前公司已经占据了国内1/3 以上的表面活性剂市场，通过先后并购杭州油化和双马化工旗下的南通凯塔、印尼杜库达，合计具备了 100 万吨的油脂化工品权益产能，未来将进一步整合国内表面活性剂和油脂化工品市场。
南通凯塔与杜库达并购完毕，员工持股计划锁定三年。公司在2016 年 6 月 3 日完成对南通凯塔的并购工作， 9 月 30 日实现了对印尼杜库达的并表工作。 按照业绩承诺计算公司应享有的净利润分别为0.60 亿元和 1.08 亿元，目前南通凯塔和杜库达分别具备 25 万吨和 45万吨产能，未来将逐步释放其产能。油脂化工品行业竞争格局较表面活性剂行业有序，公司未来将积极开拓下游市场，做大做强油脂化工业务，成为国内市场的领导者。同时此次并购增发资金全部来自公司大股东以员工持股计划，锁定期均为三年，彰显了公司大股东、管理层与核心员工对公司长期发展的坚定看好。
估值与评级。 我们上调公司 2016 和 2017 年摊薄后的 EPS 分别为0.43 元和 0.53 元，对应 2016 年 1 月 24 日收盘价(13.54 元)PE 分别为 32X 和 2X，我们认为一季度内棕榈油价格仍然将保持高位， 未来随着国际棕榈油恢复性生产但油价几乎不会出现大幅下降， 同时我们看好公司积极进行表面活性剂和油脂化工行业的整合工作，继续维持 “增持” 评级， 未来六个月目标价 22元。"
狂欢之后必然一地鸡毛,"https://guba.eastmoney.com/news,002205,629438800.html",2017-04-17 09:55:31,狂欢之后必然一地鸡毛
韩建河山 青龙管业都涨停，新疆乌鲁木齐地下管廊开建，你天津的公司也可以供应雄安新,"https://guba.eastmoney.com/news,002205,627106661.html",2017-04-11 09:40:18,韩建河山青龙管业都涨停，新疆乌鲁木齐地下管廊开建，你天津的公司也可以供应雄安新区，主力如果不涨停就太弱了
谁是最牛题材？科技板块将是下一个风口！,"https://guba.eastmoney.com/news,002205,629377257.html",2017-04-17 02:38:39,中医药法通过 利好产业发展
有点意思,"https://guba.eastmoney.com/news,002205,554144460.html",2016-09-26 08:34:00,你卖吗？
回踩充分后吃肉行情,"https://guba.eastmoney.com/news,002205,629367748.html",2017-04-17 00:38:16,回踩充分后吃肉行情
各种概念，各种利好，就是不涨，你能拿我怎么办，哈哈,"https://guba.eastmoney.com/news,002205,629353406.html",2017-04-16 22:51:46,各种概念，各种利好，就是不涨，你能拿我怎么办，哈哈
非常看好国统股份！我承诺二个月内不减持！,"https://guba.eastmoney.com/news,002205,629245656.html",2017-04-16 12:02:30,非常看好国统股份！我承诺二个月内不减持！
一般不太喜欢发帖。今天理发店等待，就国统股份聊聊。概念多，近期热门的一带一路，雄,"https://guba.eastmoney.com/news,002205,629289689.html",2017-04-16 17:04:04,一般不太喜欢发帖。今天理发店等待，就国统股份聊聊。概念多，近期热门的一带一路，雄安，ppp都有，但股价表现平平。大家都表示疑问？？？？个人观点～主力控盘明显，股价拉上去就砸下来。～各路游资不敢靠近。本来好好的题材怎么就没有资金青睐呢？答案是不敢。～那大家又问了，主力有病吗？有钱不赚，不拉升？等菜嘛？我说是的。主力一定在等一个更大的(＞＜）
热点涣散萎靡 紧盯周末消息面,"https://guba.eastmoney.com/news,002205,629320645.html",2017-04-16 19:59:08,热点涣散萎靡 紧盯周末消息面
这个股吧好冷清。[想一下],"https://guba.eastmoney.com/news,002205,629255364.html",2017-04-16 13:18:50,这个股吧好冷清。
我科学家首次实现“十光子纠缠”,"https://guba.eastmoney.com/news,002205,629251713.html",2017-04-16 12:45:24,震荡休整以后再上拉！
肯定是大基建概念！,"https://guba.eastmoney.com/news,002205,629245344.html",2017-04-16 12:01:15,肯定是大基建概念！
明天开始拉升了，你们看好了 今晚还有两只,"https://guba.eastmoney.com/news,002205,629152406.html",2017-04-15 18:31:52,明天开始拉升了，你们看好了 今晚还有两只
就是要将高送转与业绩匹配的问题落到实处,"https://guba.eastmoney.com/news,002205,629239840.html",2017-04-16 11:23:10,无疑是明智之举
周一大涨,"https://guba.eastmoney.com/news,002205,629226279.html",2017-04-16 09:22:25,周一大涨
格力电器之所以让投资者短线套牢,"https://guba.eastmoney.com/news,002205,629215591.html",2017-04-16 07:26:09,分析预测可以畅所欲言海阔天空随心所想无论对误
能有效判断股票的行情性质与趋势,"https://guba.eastmoney.com/news,002205,629169109.html",2017-04-15 20:50:57,石化双雄显得相当霸气
国家加大了对房地产的调控力度,"https://guba.eastmoney.com/news,002205,629108457.html",2017-04-15 14:36:46,但今年11月26日
下午不跌停老子吃一吨大便,"https://guba.eastmoney.com/news,002205,628238906.html",2017-04-13 11:39:23,下午不跌停老子吃一吨大便
请问贵公司现在最新股东人数是多少？,"https://guba.eastmoney.com/news,002205,629025390.html",2017-04-15 07:53:57,请问贵公司现在最新股东人数是多少？
星期一涨停[大笑],"https://guba.eastmoney.com/news,002205,628797212.html",2017-04-14 14:57:46,星期一涨停
即将暴涨的两只小牛股 后期走势已成定局！ 今晚还有两只,"https://guba.eastmoney.com/news,002205,628956714.html",2017-04-14 22:18:04,即将暴涨的两只小牛股 后期走势已成定局！ 今晚还有两只
国统股份:2016年度股东大会决议公告,"https://guba.eastmoney.com/news,002205,628856546.html",2017-04-14 17:12:41,"公告日期：2017-04-15
证券代码：002205 证券简称：国统股份 编号：2017－024



新疆国统管道股份有限公司



2016年度股东大会决议公告



本公司及董事会全体成员保证信息披露的内容真实、准确、完整，没有虚假记载、误导性陈述或重大遗漏。



一、重要提示：



本次股东大会无增加、变更、否决提案的情况；



二、会议的召开和出席情况：



1、会议召开情况



（1）召开时间：



现场会议时间：2017年4月14日上午12:00（星期五）



网络投票时间：2017年4月13日至2017年4月14日。其中，通过深圳证券交易所交易系统进行网络投票的具体时间为2017年4月14日上午9:30-11:30，下午13:00-15:00；通过深圳证券交易所互联网投票系统投票的具体时间为：2017年4月13日15:00至2017年4月14日15:00期间的任意时间。



（2）现场会议召开地点：公司三楼会议室



（3）会议召开方式：采取现场表决与网络投票相结合的方式召开



（4）召集人：公司董事会



（5）主持人：公司董事长徐永平先生因出差在外，无法出席本次会议。由半数以上的公司董事共同推荐一名董事主持。



（6）本次股东大会的召集、召开程序符合有关法律、行政法规、部门规章、规范性文件和公司章程的规定。本次股东大会的召开合法有效。



2、会议出席情况：



（1）总体出席情况：出席会议的股东及股东代表共计5人，代表有表决权的股份数额38,508,510股，占公司总股本116,152,018股的33.1535%。其中持股5%以下的中小股东4人，代表有表决权的股份数额3,421,560股，占公司总股本116,152,018股的2.9458%；



（2）现场出席股东和网络投票股东情况



现场出席股东大会的股东及股东代表4人，代表有表决权的股份数额38,493,510股，占公司总股本的33.1406%；通过网络投票的股东1人，代表有表决权的股份数额15,000股，占公司总股本的0.0129%。



（3）列席现场会议的人员：公司董事、监事、部分高管，见证律师。



三、议案的审议和表决情况



本次股东大会采取现场记名投票与网络投票相结合的方式审议通过了如下议案（以下议案的详细情况请参见公司已刊登在巨潮资讯网站http://www.cninfo.com.cn的相关内容）：



1、通过《新疆国统管道股份有限公司2016年度董事会工作报告》；



表决结果：同意38,493,510股，占出席本次会议有表决权股份总数的99.9610%；反对15,000股，占出席本次会议有表决权股份总数的0.0390%；弃权0股，占出席本次会议有表决权股份总数的0.0000%。



公司独立董事汤洋女士、陈彤先生、邓峰先生并在董事会报告后，向与会股东做了述职报告。



2、通过《新疆国统管道股份有限公司2016年度监事会工作报告》。



表决结果：同意38,493,510股，占出席本次会议有表决权股份总数的99.9610%；反对15,000股，占出席本次会议有表决权股份总数的0.0390%；弃权0股，占出席本次会议有表决权股份总数的0.0000%。



3、通过《新疆国统管道股份有限公司2016年度报告及其摘要》；



表决结果：同意38,493,510股，占出席本次会议有表决权股份总数的99.9610%；反对15,000股，占出席本次会议有表决权股份总数的0.0390%；弃权0股，占出席本次会议有表决权股份总数的0.0000%。



4、通过《新疆国统管道股份有限公司2016年度财务决算报告》。



表决结果：同意38,493,510股，占出席本次会议有表决权股份总数的99.9610%；反对15,000股，占出席本次会议有表决权股份总数的0.0390%；弃权0股，占出席本次会议有表决权股份总数的0.0000%。



5、通过《新疆国统管道股份有限公司2017年度财务预算报告》。



表决结果：同意38,493,510股，占出席本次会议有表决权股份总数的99.9610%；反对15,000股，占出席本次会议有表决权股份总数的0.0390%；弃权0股，占出席本次会议有表决权股份总数的0.0000%。



6、通过《新疆国统管道股份有限公……
[点击查看PDF原文]
提示：本网不保证其真实性和客观性，一切有关该股的有效信息，以交易所的公告为准，敬请投资者注意风险。
展开阅读全文"
.直播节前只管持股！节后等待丰收！,"https://guba.eastmoney.com/news,002205,628905708.html",2017-04-14 19:38:00,华锦股份：股价极其严重低估
好股要捏住！国统股份正宗雄安龙头！ 国统股份 雄安五大龙头股横空出世（附：最全龙,"https://guba.eastmoney.com/news,002205,628860288.html",2017-04-14 17:22:33,"好股要捏住！国统股份正宗雄安龙头！
国统股份
雄安五大龙头股横空出世（附：最全龙头股）
1雄安新区对各PCCP公司受益情况
1.1 PCCP各公司产能分析
PCCP管全称是预应力钢筒混凝土管，主要应用于大型水利工程的输配水管道，如南水北调管道工程、水源地管道建设工程等。
雄安新区起步区面积约100平方公里，中期发展区面积约200平方公里，远期控制区面积约2000平方公里。如此大型的区划建设将会有巨量的人口流入，其对于日均的输配水量要求将非常之高，而城市建设中最基础的就是供水、输配水管网建设，而PCCP管材主要应用于水源地的管道建设，将会首先受益于供配水管网建设。
PCCP产品具有管道体积大，质量重、运输不方便的特点，所以一般销售半径在300KM以内，超出范围之外的话，由于运输成本提升其盈利能力就会大大缩减，所以大多数PCCP企业多在其销售半径内建设新厂进行生产。
我们以雄安新区为起点作300KM半径分析，可知如果PCCP生产基地位于河北境内的话，其销售半径多在300KM以内。目前国内PCCP龙头企业有4家，分别是：
1、韩建河山（企业在北京，预计北京基地产能150KM/年）
2、青龙管业（企业在宁夏，天津基地产能50KM/年）
3、龙泉股份（企业在山东，河北邢台基地产能100KM/年）
4、国统股份（企业在新疆，天津基地产能160KM/年）
我们仅分析各PCCP企业在京津冀地区的产能基地与雄安新区距离分析，可以发现：韩建河山、国统股份、青龙管业的PCCP基地距离雄安新区较近，基本在100KM左右，而龙泉股份PCCP基地距离雄安新区达200KM以上，距离较远。
1.2 南水北调输配水需求
虽然雄安新区位于白洋淀，但是考虑到雄安新区人口规模可能达上千万，则白洋淀的水资源量可能不一定能满足其水资源需求，则需通过南水北调工程进行水资源补充。
南水北调东线工程距离雄安新区100公里左右，中线工程距离雄安新区50公里左右。如果考虑南水北调东、中线都会开建输配水工程对雄安新区进行输水。我们预计可能至少会有100-200公里左右的PCCP输配水工程需求。
1.3 雄安新区对地下管廊需求
我国自2015年开始鼓励各地区新建管道采用地下管廊模式，而2016年全国便完成2000公里的地下管廊建设。雄安新区作为国家级新区规划，预计地下管网建设将大概率会采用地下管廊模式，而PCCP管与地下管廊生产规格类似，未来将有望受益于雄安新区城市建设发展。
目前雄安新区地下管廊建设长度较难预计，仅对比长沙地区管网长度，截至2016年底，长沙城市供水管网总长3600余公里（但是包括干管及支管），覆盖区域约420平方公里。与雄安新区中远期城区面积规划类似。
徐州市城区面积450万平方公里，其热力管线共有200多公里、燃气管线总长300多公里、主城区6米宽以上街巷下的给水管线700多公里长，可进行一定对比。
考虑雄安新区如果规划面积在200-400万平方公里的话，地下管线全部采用管廊方式建设，我们预计至少有200-300公里左右的PCCP需求。
1.4 各PCCP公司竞争力对比
各公司均有其传统PCCP销售优势地区，这也与各公司所处地理位置有关。
由于PCCP多用于南水北调输配水工程中，观察河北段南水北调PCCP订单分布可知，韩建河山、青龙管业、国统股份、龙泉股份中标额依次递减。
分析PCCP各公司大股东背景可知，国统股份、韩建河山背后为中建材集团及韩建集团，均有国企背景，且二者都在北京，预计未来在雄安新区的项目竞争中会有一定优势，而青龙管业和龙泉股份为私企背景。
如果分析各类PCCP公司在雄安新区的竞争力，仅参考各类公司对于河北段南水北调工程订单获取能力分析的话，国统股份在河北区域竞争力排名第三，订单占比13%，与龙头韩建河山差距不大（其占比18%）。
1.5 推荐逻辑
我们预计雄安新区的成立将加大输配水管网的建设，国统股份在天津具有PCCP基地，产能约为160公里/年，同时地处天津，距离雄安新区最近，同时国统股份在河北段PCCP订单竞争力也能排名前三，与韩建河山、青龙管业差距较小。公司目前实际控制人变为中建材集团，央企背景预计将加大对雄安新区订单的竞争力。同时国统股份已经承接过地下管廊的建设项目：桐城市地下管廊建设项目等，如果雄安新区地下管网建设采用地下管廊模式的话，预计国统股份仍可受益于城市建设投资。
展开阅读全文"
国统股份:2016年度股东大会的法律意见书,"https://guba.eastmoney.com/news,002205,628856903.html",2017-04-14 17:13:23,"公告日期：2017-04-15
 北京市中伦（广州）律师事务所



关于新疆国统管道股份有限公司



2016年度股东大会的法律意见书



致：新疆国统管道股份有限公司



北京市中伦（广州）律师事务所（以下简称“本所”）受新疆国统管道股份有限公司（以下简称“公司”）委托，指派郭伟康律师、陈竞蓬律师（以下简称“本所律师”）对公司召开的2016年度股东大会（以下简称“本次股东大会”）进行见证。本所律师根据《中华人民共和国公司法》（以下简称“《公司法》”）、《上市公司股东大会规则》等法律法规及《公司章程》的规定，对公司本次股东大会的召集和召开程序、出席会议人员、召集人的资格、股东大会的表决程序、表决结果等事宜的合法有效性进行了核查和见证，并根据对事实的了解和法律的理解出具本法律意见书。



本所同意将本法律意见书作为公司本次股东大会的必备文件进行公告，并依法对本法律意见书承担相应的责任。



本所律师按照中国律师行业公认的业务标准，道德规范和勤勉尽责精神，出具法律意见如下：



北京Beijing上海Shanghai深圳Shenzhen广州Guangzhou武汉Wuhan成都Chengdu香港HongKong东京Tokyo纽约Newyork伦敦London



一、本次股东大会的召集、召开程序



（一）本次股东大会的召集



1．经核查，本次股东大会由公司第五届董事会召集。为召开本次股东大会，公司于2017年3月22日召开第五届董事会第五次会议，审议通过了于2017年4月14日召开公司2016年度股东大会的议案，并将第五届董事会第五次会议审议通过的《新疆国统管道股份有限公司2016年度董事会工作报告》、《新疆国统管道股份有限公司2016年度报告及其摘要》、《新疆国统管道股份有限公司2016年度财务决算报告》、《新疆国统管道股份有限公司2017年度财务预算报告》、《新疆国统管道股份有限公司2016年度利润分配议案》、《关于公司2017年度日常关联交易的议案》、《关于公司2017年度综合授信额度的议案》、《关于预计为子公司提供担保的议案》及第五届监事会第五次会议审议通过的《新疆国统管道股份有限公司2016年度监事会工作报告》提交给股东大会审议。



2．2017年3月24日，公司董事会在《证券时报》、《中国证券报》、巨



潮资讯网上刊登了召开本次股东大会的通知。根据上述公告，本次股东大会采取现场投票和网络投票相结合的方式，会议通知载明现场会议召开时间、地点、网络投票时间、网络投票程序、出席对象、审议事项、股权登记日等内容。



（二）本次股东大会的召开



本次股东大会现场会议于2017年4月14日上午12时在公司会议室如期召



开，会议由董事长徐永平主持。本次股东大会网络投票中通过深圳证券交易所交易系统实施的投票于2017年4月14日上午9：30—11：30，下午13：00—15：00进行，通过深圳证券交易所互联网系统投票于2017年4月13日下午15：00至2017年4月14日下午15：00期间的任意时间进行，本次股东大会已按照会议通知通过网络投票系统为相关股东提供了网络投票安排。



经核查，本次股东大会召开的实际时间、地点和会议内容与公告的内容一致。



本所律师认为，本次股东大会的召集和召开程序符合《公司法》、《上市公司股东大会规则》及《公司章程》的规定。



二、出席本次股东大会人员的资格、召集人的资格



（一）出席本次股东大会人员的资格



1．出席本次股东大会现场会议的股东及股东代理人



出席本次股东大会会议的股东及股东代理人共计4名，代表有效表决权股份



数38,493,510股。本所律师已核查了上述股东或股东代理人的身份证明、持股凭



证和授权委托书。



2.参加网络投票的股东



根据深圳证券信息有限公司提供的数据，本次股东大会参加网络投票的股东人数1名，代表股份15,000股，占公司有表决权股份总数0.0129%，通过网络系统参加表决的股东资格，其身份已经由深圳证券交易所交易系统进行认证。



3．列席人员



列席本次股东大会的人员有公司部分董事、监事、高级管理人员、董事会秘书和见证律师。



（二）本次股东大会的召集人



本次股东大会由公司第五届董事会负责召集。



经核查，本所律师认为，出席本次股东大会人员的资格和召集人的资格符合《公司法》、《上市公司股东大会规则》及《公司章程》的规定……
[点击查看PDF原文]
提示：本网不保证其真实性和客观性，一切有关该股的有效信息，以交易所的公告为准，敬请投资者注意风险。
展开阅读全文"
我依然爱着你,"https://guba.eastmoney.com/news,002205,628828521.html",2017-04-14 16:02:04,我依然爱着你
呆了。星期一也不会好哪去！,"https://guba.eastmoney.com/news,002205,628799600.html",2017-04-14 15:00:50,呆了。星期一也不会好哪去！
应该叫饭桶股份………草,"https://guba.eastmoney.com/news,002205,628793780.html",2017-04-14 14:52:00,应该叫饭桶股份………草
最好收绿色收盘。谢谢！,"https://guba.eastmoney.com/news,002205,628795922.html",2017-04-14 14:55:24,最好收绿色收盘。谢谢！
臭不要脸的两天了一直做高成本，臭不要脸的[哭],"https://guba.eastmoney.com/news,002205,628739431.html",2017-04-14 13:42:20,臭不要脸的两天了一直做高成本，臭不要脸的
废物,"https://guba.eastmoney.com/news,002205,628777757.html",2017-04-14 14:33:19,废物
R即将停牌重大资产重组，复牌15个一字涨停，50元！！！,"https://guba.eastmoney.com/news,002205,626792793.html",2017-04-10 15:26:08,"丰乐种业(000713 )：并购重组预期将成风口
纵观具有中国特色的A股证券交易背景，更能酝酿出重组套利的机会，并购重组预案公告后往往是连续涨停，并购重组的股票成为当前深沪两市牛股的摇蓝。
国企改革将带来大量的并购重组机会。而且当前的技术变革，市埸环境，政策走向都是有利于并购重组的。因此，可以预见未来更加波澜壮阔的并购行情将不断上演，进而形成上市公司和投资者共赢局面。
丰乐种业股本小，市值低，公司2014年11月28日宣布重组受挫，6个月内不谈重组之事。从公告之日至今年已过去2年，为重启重组埋下伏笔。丰乐种业国企改革，要实现种子产业快速做大规模，外延式并购重组不可少，聚合人才、市埸、资源的重组欲望强烈，2017年4月9日后停牌重组大概率。
基于上述概况：合肥丰乐种业将有经历国企改革并购重组概念；海南三亚荔枝沟与合肥城建合作激活存量土地资源，在企业内生外延促进推动下，资产质量获得迅猛提升，优良新品种种子产业迈入超常规规模状态，高送转概念。丰乐种业乌鸦变凤凰将不再似传说。"
今天天山里昂北新全出完了，只少进点188,"https://guba.eastmoney.com/news,002205,618902839.html",2017-03-20 11:19:36,1
也不用期望握住谁的手,"https://guba.eastmoney.com/news,002205,628712109.html",2017-04-14 13:05:44,也不用期望握住谁的手
大连控腔被举牌地方政府磋合:万达王总狂撒5000,"https://guba.eastmoney.com/news,002205,628709913.html",2017-04-14 13:01:30,罗氏宣布肺癌新药Tecentriq战胜化疗（附股）
这垃圾怎么天天都这样，[怒],"https://guba.eastmoney.com/news,002205,628695100.html",2017-04-14 12:15:43,这垃圾怎么天天都这样，
这走势，仍堵你有潜在利好，拭目以待。  今晚还有两只,"https://guba.eastmoney.com/news,002205,628682006.html",2017-04-14 11:42:02,这走势，仍堵你有潜在利好，拭目以待。 今晚还有两只
相信国统,"https://guba.eastmoney.com/news,002205,628675402.html",2017-04-14 11:25:46,相信国统
强，涨势强劲，大涨1个点,"https://guba.eastmoney.com/news,002205,628665739.html",2017-04-14 11:10:26,强，涨势强劲，大涨1个点
强,"https://guba.eastmoney.com/news,002205,628661668.html",2017-04-14 11:02:31,强
明天这个股涨停,"https://guba.eastmoney.com/news,002205,628359040.html",2017-04-13 15:34:22,明天这个股涨停
对投资各方持仓成本分析,"https://guba.eastmoney.com/news,002205,628646397.html",2017-04-14 10:44:05,龙轩在此拜上
市值不到100亿就没想到清掉，中间就看你怎么操作了。,"https://guba.eastmoney.com/news,002205,628459703.html",2017-04-13 20:24:41,市值不到100亿就没想到清掉，中间就看你怎么操作了。
碰碰运气,"https://guba.eastmoney.com/news,002205,628167930.html",2017-04-13 09:58:39,碰碰运气
买[微笑],"https://guba.eastmoney.com/news,002205,628629480.html",2017-04-14 10:21:27,买
中电环保，东方新星都放飞了[不屑]@股友hXpf4z,"https://guba.eastmoney.com/news,002205,628170289.html",2017-04-13 10:02:10,中电环保，东方新星都放飞了[不屑]@股友hXpf4z
国统涨幅严重滞后,"https://guba.eastmoney.com/news,002205,628619832.html",2017-04-14 10:10:16,"根据雄安新区发展规划，未来区域内基础建材需求将大幅增加，PCCP行业需求在区域内望迎来拐点。PCCP产品受限于运输半径，普遍存在产能利用率不高的现象，因为行业下游需求一般是输、调水工程，有一定区域性要求，而基建投资客观上受控于国家政策导向，存在高峰期和低谷期，例如2013年，多数南水北调工程落地华北地区，当地主要从事PCCP的上市公司当年区域内营收同比增幅明显。相比南水北调，雄安新区的规划和建设更为具体，需求增长有望落到实处。从雄安新区覆盖范围规划来看，城市地下管廊的铺设有望成为区域内未来发展的重点，行业产能利用率大概率将大幅提升，区域内行业业绩想象空间大。

区域内行业集中度高，但相关上市公司受益程度或有分歧

PCCP行业集中度较高，区域内产能主要集中在四家上市公司：韩建河山（150km/年）、国统股份（160km/年）、龙泉股份（100km/年）、青龙管业（50km/年）。从地里位臵来看，韩建河山生产基地位于北京（距雄安约100km），国统股份和青龙管业位于天津（距雄安约100km），龙泉股份位于邢台（距雄安约200km），龙泉股份的运输成本劣势较为明显。

从产能利用率角度看，国统股份2016年在华北地区PCCP营收为5801.64万元；青龙管业华北地区总营收为1.61亿元，根据测算其PCCP营收约为8000万元；韩建河山暂未披露2016年年报，其2015年的数据为3.58亿元，根据测算其PCCP营收约为1.5亿元。将区域产能和区域营收水平进行简单处理，得到国统股份、青龙管业、韩建河山的营收产能比为36.3万元/km、160万元/km、100万元/km（考虑到2016年PCCP行业整体较2015年提升30%-40%，预计韩建河山的2016年该数据约为135万元/km），国统股份在区域内的产能利用率提高空间最大。

从营收规模和市值角度看，以2015年的营收水平为基准，四家公司的市值营收比分别为国统股份10.03倍、韩建河山12.46倍、龙泉股份11.82倍、青龙管业8.33倍，在区域内营收齐增的情况下，青龙管业和国统股份的市值增长空间更大"
D2017年业绩暴增9倍小盘绩优低价目前价格才13.20元左右未来一年内目标价2,"https://guba.eastmoney.com/news,002205,628607849.html",2017-04-14 09:54:42,"D2017年业绩暴增9倍小盘绩优低价目前价格才13.20元左右未来一年内目标价22元绝对估值安全股食品安全环保产业的强基；行业的翘楚——002637赞宇科技终于浮出水面！！未来10年高速成长
赞宇科技(002637)
业绩大增受益于棕榈价格上涨。 2016 年， 受益于公司表面活性剂和油脂化工品主要原材料棕榈油价格的大幅上涨（ 由年初的约 4,800元/吨上涨到年末的约 6,700 元/吨），公司产品价格均得到有效支撑，呈现不同幅度上涨，表面活性剂主要产品 AES 2015 年价格处于 7,000元以下水平， 2016 上半年回升至 7,500 元以上，此外， LOS、 MES 等产品价格较去年同期亦出现较大幅度上涨；油脂化工品中的硬脂酸、油酸价格也均保持较大幅度的上涨水平，公司的综合毛利率水平由去年的 10.02%一跃提升至前三季度的 12.11%，我们认为随着四季度棕榈油价格的二次上涨，公司产品价格和毛利率水平将环比三季度提高。 马来西亚棕榈油局 1 月 17 日表示， 2017 棕榈油产量预计较上年增长 12%至 1,940 万吨，但目前棕榈油还处于减产周期，同时国内库存处于 5年低位，因此我们预计一季度棕榈油价格还将处于高位，将有力支撑公司产品价格。
加速进行国内表面活性剂和油脂化工行业的整合工作。 公司拟以3,360 万元收购绿普化工 60%的股权，可以借助标的公司的产品及客户优势，拓展新的市场领域，扩大公司发展空间，标的公司承诺 2017年和 2018 年扣除非经常性损益的净利润分别不低于 1,200 万元和1,800 万元； 通过设立赞宇新材有助于公司在表面活性剂、日用化工、油脂化工领域拓展新业务，为公司创造新的利润增长点，有利于丰富公司的产品结构， 提升公司的综合竞争力。目前公司已经占据了国内1/3 以上的表面活性剂市场，通过先后并购杭州油化和双马化工旗下的南通凯塔、印尼杜库达，合计具备了 100 万吨的油脂化工品权益产能，未来将进一步整合国内表面活性剂和油脂化工品市场。
南通凯塔与杜库达并购完毕，员工持股计划锁定三年。公司在2016 年 6 月 3 日完成对南通凯塔的并购工作， 9 月 30 日实现了对印尼杜库达的并表工作。 按照业绩承诺计算公司应享有的净利润分别为0.60 亿元和 1.08 亿元，目前南通凯塔和杜库达分别具备 25 万吨和 45万吨产能，未来将逐步释放其产能。油脂化工品行业竞争格局较表面活性剂行业有序，公司未来将积极开拓下游市场，做大做强油脂化工业务，成为国内市场的领导者。同时此次并购增发资金全部来自公司大股东以员工持股计划，锁定期均为三年，彰显了公司大股东、管理层与核心员工对公司长期发展的坚定看好。
估值与评级。 我们上调公司 2016 和 2017 年摊薄后的 EPS 分别为0.43 元和 0.53 元，对应 2016 年 1 月 24 日收盘价(13.54 元)PE 分别为 32X 和 2X，我们认为一季度内棕榈油价格仍然将保持高位， 未来随着国际棕榈油恢复性生产但油价几乎不会出现大幅下降， 同时我们看好公司积极进行表面活性剂和油脂化工行业的整合工作，继续维持 “增持” 评级， 未来六个月目标价 22元。"
今天看好你了。,"https://guba.eastmoney.com/news,002205,628596581.html",2017-04-14 09:39:50,
早上收到电话要涨，我果断给卖了！,"https://guba.eastmoney.com/news,002205,376392513.html",2016-05-06 17:47:11,还好机智，要不亏大发了
纵观今日行情,"https://guba.eastmoney.com/news,002205,628571250.html",2017-04-14 08:31:31,600050
国统明天有反弹。初来乍到只送牛股。,"https://guba.eastmoney.com/news,002205,628453657.html",2017-04-13 20:07:00,国统明天有反弹。 抓住机会吧。我不是常来，来了就只送干货！
还未涨的央企混改及粤港澳湾区概念白马绩优股002419天虹股份10派3.6元！高,"https://guba.eastmoney.com/news,002205,628522679.html",2017-04-14 00:08:43,还未涨的央企混改及粤港澳湾区概念白马绩优股002419天虹股份10派3.6元！高股息率！！！！！！！
股市短线、中期发展趋向,"https://guba.eastmoney.com/news,002205,628516462.html",2017-04-13 23:34:48,股市短线、中期发展趋向
明天长红准备走人的有多少,"https://guba.eastmoney.com/news,002205,628460821.html",2017-04-13 20:27:38,结伴同行
这支股后市算完.了！,"https://guba.eastmoney.com/news,002205,627831617.html",2017-04-12 15:30:37,这支股后市算完.了！
低开几个点?,"https://guba.eastmoney.com/news,002205,628029165.html",2017-04-12 23:15:47,低开几个点?
今天上涨缺量。,"https://guba.eastmoney.com/news,002205,628395562.html",2017-04-13 17:12:53,今天上涨缺量。
又要套一批,"https://guba.eastmoney.com/news,002205,628337668.html",2017-04-13 14:51:52,又要套一批
一冲动就套住了。,"https://guba.eastmoney.com/news,002205,628330396.html",2017-04-13 14:41:08,一冲动就套住了。
34.09跑了,"https://guba.eastmoney.com/news,002205,628313940.html",2017-04-13 14:16:33,34.09跑了。。。。。。。。
只要股吧活跃度升高，只要唱多的抬头，就是砸砸砸，老套路。,"https://guba.eastmoney.com/news,002205,627828334.html",2017-04-12 15:22:54,老母猪带胸罩，一套又一套
H2017年业绩暴增9倍小盘绩优低价绝对估值安全股食品安全环保产业的强基；行业的,"https://guba.eastmoney.com/news,002205,628281106.html",2017-04-13 13:28:28,"H2017年业绩暴增9倍小盘绩优低价绝对估值安全股食品安全环保产业的强基；行业的翘楚——002637赞宇科技终于浮出水面！！未来10年高速成长
赞宇科技(002637)
业绩大增受益于棕榈价格上涨。 2016 年， 受益于公司表面活性剂和油脂化工品主要原材料棕榈油价格的大幅上涨（ 由年初的约 4,800元/吨上涨到年末的约 6,700 元/吨），公司产品价格均得到有效支撑，呈现不同幅度上涨，表面活性剂主要产品 AES 2015 年价格处于 7,000元以下水平， 2016 上半年回升至 7,500 元以上，此外， LOS、 MES 等产品价格较去年同期亦出现较大幅度上涨；油脂化工品中的硬脂酸、油酸价格也均保持较大幅度的上涨水平，公司的综合毛利率水平由去年的 10.02%一跃提升至前三季度的 12.11%，我们认为随着四季度棕榈油价格的二次上涨，公司产品价格和毛利率水平将环比三季度提高。 马来西亚棕榈油局 1 月 17 日表示， 2017 棕榈油产量预计较上年增长 12%至 1,940 万吨，但目前棕榈油还处于减产周期，同时国内库存处于 5年低位，因此我们预计一季度棕榈油价格还将处于高位，将有力支撑公司产品价格。
加速进行国内表面活性剂和油脂化工行业的整合工作。 公司拟以3,360 万元收购绿普化工 60%的股权，可以借助标的公司的产品及客户优势，拓展新的市场领域，扩大公司发展空间，标的公司承诺 2017年和 2018 年扣除非经常性损益的净利润分别不低于 1,200 万元和1,800 万元； 通过设立赞宇新材有助于公司在表面活性剂、日用化工、油脂化工领域拓展新业务，为公司创造新的利润增长点，有利于丰富公司的产品结构， 提升公司的综合竞争力。目前公司已经占据了国内1/3 以上的表面活性剂市场，通过先后并购杭州油化和双马化工旗下的南通凯塔、印尼杜库达，合计具备了 100 万吨的油脂化工品权益产能，未来将进一步整合国内表面活性剂和油脂化工品市场。
南通凯塔与杜库达并购完毕，员工持股计划锁定三年。公司在2016 年 6 月 3 日完成对南通凯塔的并购工作， 9 月 30 日实现了对印尼杜库达的并表工作。 按照业绩承诺计算公司应享有的净利润分别为0.60 亿元和 1.08 亿元，目前南通凯塔和杜库达分别具备 25 万吨和 45万吨产能，未来将逐步释放其产能。油脂化工品行业竞争格局较表面活性剂行业有序，公司未来将积极开拓下游市场，做大做强油脂化工业务，成为国内市场的领导者。同时此次并购增发资金全部来自公司大股东以员工持股计划，锁定期均为三年，彰显了公司大股东、管理层与核心员工对公司长期发展的坚定看好。
估值与评级。 我们上调公司 2016 和 2017 年摊薄后的 EPS 分别为0.43 元和 0.53 元，对应 2016 年 1 月 24 日收盘价(13.54 元)PE 分别为 32X 和 2X，我们认为一季度内棕榈油价格仍然将保持高位， 未来随着国际棕榈油恢复性生产但油价几乎不会出现大幅下降， 同时我们看好公司积极进行表面活性剂和油脂化工行业的整合工作，继续维持 “增持” 评级， 未来六个月目标价 22元。"
哪来这么多3和6的单子。,"https://guba.eastmoney.com/news,002205,628252360.html",2017-04-13 12:12:58,哪来这么多3和6的单子。
海上丝绸之路龙头 + 粤港澳大湾区龙头 [爱心] 港珠澳大桥这条巨龙今年开通，强,"https://guba.eastmoney.com/news,002205,628223515.html",2017-04-13 11:14:08,海上丝绸之路龙头 + 粤港澳大湾区龙头 港珠澳大桥这条巨龙今年开通，强烈看好珠海港持续放量上攻
34抛不完的单子。[不赞],"https://guba.eastmoney.com/news,002205,628218503.html",2017-04-13 11:07:54,34抛不完的单子。[不赞]
上海方军：注意股市风险，继续下跌，开盘卖出,"https://guba.eastmoney.com/news,002205,628212785.html",2017-04-13 10:59:08,上海方军：注意股市风险，继续下跌，开盘卖出
强力支撑我又回来了,"https://guba.eastmoney.com/news,002205,628195561.html",2017-04-13 10:34:45,强力支撑我又回来了
1111111,"https://guba.eastmoney.com/news,002205,628178371.html",2017-04-13 10:11:33,
这么小的市值退市又如何？,"https://guba.eastmoney.com/news,002205,628168428.html",2017-04-13 09:59:26,这么小的市值退市又如何？
今天再跌,"https://guba.eastmoney.com/news,002205,628089943.html",2017-04-13 05:16:22,今天再跌
雄安新区让市场热度升温，我们坚定的认为这是为未来数年新一轮的体制改革做铺垫?,"https://guba.eastmoney.com/news,002205,628079200.html",2017-04-13 03:49:30,雄安新区让市场热度升温，我们坚定的认为这是为未来数年新一轮的体制改革做铺垫?
A股还有第三条道路吗？,"https://guba.eastmoney.com/news,002205,628067086.html",2017-04-13 02:18:06,A股还有第三条道路吗？
没有机会，明天,"https://guba.eastmoney.com/news,002205,628027390.html",2017-04-12 23:10:52,没有机会，明天
今天出局的请举手！,"https://guba.eastmoney.com/news,002205,627927179.html",2017-04-12 19:16:38,今天出局的请举手！
某某财经讯看到的 可惜 4月7日没关注，国统股份在投资者关系互动平台上表示，河北,"https://guba.eastmoney.com/news,002205,628065807.html",2017-04-13 02:10:29,"某某财经讯看到的 可惜 4月7日没关注，国统股份在投资者关系互动平台上表示，河北望都项目有关内容正在商讨中；唐山项目尚未进行公开的招投标，请您持续关注有关市场信息和公司公告。
免责声明：文章内容仅供参考，不构成投资建议"
雄安概念火热若牛市？开板后买不买,"https://guba.eastmoney.com/news,002205,628058395.html",2017-04-13 01:23:41,雄安概念火热若牛市？开板后买不买
我安心了,"https://guba.eastmoney.com/news,002205,628028161.html",2017-04-12 23:12:13,我安心了
其他雄安停牌自查，该你上了,"https://guba.eastmoney.com/news,002205,627971781.html",2017-04-12 20:56:52,其他雄安停牌自查，该你上了
真没料到今天能跌这么深？明天继续吧,"https://guba.eastmoney.com/news,002205,627810109.html",2017-04-12 14:53:28,真没料到今天能跌这么深？明天继续吧
已彻底走坏,"https://guba.eastmoney.com/news,002205,628051271.html",2017-04-13 00:43:20,已彻底走坏
走了   认输  亏3个多点   割肉出局   [看空][看空][看空],"https://guba.eastmoney.com/news,002205,627767103.html",2017-04-12 13:53:11,走了 认输 亏3个多点 割肉出局
这只是开始，一个,"https://guba.eastmoney.com/news,002205,628029524.html",2017-04-12 23:17:24,这只是开始，一个
该你上了,"https://guba.eastmoney.com/news,002205,628029807.html",2017-04-12 23:16:49,该你上了
理性对待！,"https://guba.eastmoney.com/news,002205,628028545.html",2017-04-12 23:14:36,理性对待！
走起，走起,"https://guba.eastmoney.com/news,002205,627752645.html",2017-04-12 13:32:40,红盘啊庄家
弹簧已被强行压缩等待释放,"https://guba.eastmoney.com/news,002205,628008205.html",2017-04-12 22:21:00,"谈笑古金：8.29超级非农周开局,抢钱行情请带好"
不是洗盘，绝对不是！是出货！,"https://guba.eastmoney.com/news,002205,627832290.html",2017-04-12 15:30:26,不是洗盘，绝对不是！是出货！
升浪开心,"https://guba.eastmoney.com/news,002205,628028860.html",2017-04-12 23:15:27,升浪开心
说明有戏,"https://guba.eastmoney.com/news,002205,628027908.html",2017-04-12 23:11:25,说明有戏
认命走人！,"https://guba.eastmoney.com/news,002205,628027744.html",2017-04-12 23:10:49,认命走人！
地震了！,"https://guba.eastmoney.com/news,002205,627856478.html",2017-04-12 16:25:39,地震了！
雄安概念股-正宗收益,"https://guba.eastmoney.com/news,002205,627360581.html",2017-04-11 16:50:56,$国统股份(SZ002205)$ 1、国统在河北保定有分公司、在天津有子公司，且为中材集团下属PCCP水泥管（地下管廊）重要生产商，全国各地签订多项ppp项目；2、国统的保定分公司，根据百度搜索，地址距离雄安新区仅一小时车程，近水楼台~3、国统2015年签有河北望都（图3）的2.5亿协议，合同还没谈好。4、河北望都是啥？望都是当年的河北保定的开发区，新区建设国统拿下了~现在雄安新区建设，国统自然少不了~5、对了，南水北调大工程中线京石段应急供水工程（北京段）惠南庄?大宁段PCCP管也是国统做的，还是国统的示范工程，可见国统在大工程上也拿得出手！6、节后涨幅22%，远远小于青龙管业、韩建河山的连续涨停~7、国统全流通，目前市值41亿，突破箱体，套牢盘少，本身收益ppp项目今年业绩毛毛估9千万对应pe45倍，估值也低。不涨没道理啊~哈哈
今天洗好了，明天可以高开高走了,"https://guba.eastmoney.com/news,002205,627817927.html",2017-04-12 15:05:17,今天洗好了，明天可以高开高走了
尔康制药磺苄西林钠工艺造假证据,"https://guba.eastmoney.com/news,002205,627836240.html",2017-04-12 15:39:52,黑龙江混改纲领性文件出台 本地股望享改革盛宴
明天千万不要补仓！,"https://guba.eastmoney.com/news,002205,627832597.html",2017-04-12 15:32:00,明天千万不要补仓！
全他吗的套进去了，公司你整天干嘛，能不能在自己股票上有所作为？股票是脸面。,"https://guba.eastmoney.com/news,002205,627828540.html",2017-04-12 15:22:39,全他吗的套进去了，公司你整天干嘛，能不能在自己股票上有所作为？股票是脸面。
昨天冲进去的21.2万手筹码全成了套牢盘！,"https://guba.eastmoney.com/news,002205,627828225.html",2017-04-12 15:22:13,昨天冲进去的21.2万手筹码全成了套牢盘！
.这么一搞，主力和散户筹码全部松动了！无心做多！昨天冲进去的全成了套牢盘！再涨上,"https://guba.eastmoney.com/news,002205,627825667.html",2017-04-12 15:16:36,.这么一搞，主力和散户筹码全部松动了！无心做多！昨天冲进去的全成了套牢盘！再涨上去，这些筹码肯定夺路先逃！
从今天走势看来，昨日诱多，今天出货,"https://guba.eastmoney.com/news,002205,627824607.html",2017-04-12 15:16:29,"从今天走势看来，昨日诱多，今天出货！！！不玩了，亏5个点撤了
认输"
有损止损！有盈止盈吧！西部建设龙头都倒了！国统就一跟屁虫！刚突破就又跌回来了！突,"https://guba.eastmoney.com/news,002205,627822710.html",2017-04-12 15:13:10,有损止损！有盈止盈吧！西部建设龙头都倒了！国统就一跟屁虫！刚突破就又跌回来了！突破失败！失败了！
刻意补缺口,"https://guba.eastmoney.com/news,002205,627800875.html",2017-04-12 14:40:23,刻意补缺口
人家又开始拉起来了。你饭桶到底干嘛呢？,"https://guba.eastmoney.com/news,002205,627761154.html",2017-04-12 13:44:49,人家又开始拉起来了。你饭桶到底干嘛呢？
走吧，别扛了。,"https://guba.eastmoney.com/news,002205,627783890.html",2017-04-12 14:17:07,走吧，别扛了。
以后假雄安玩不得了  [大笑][大笑][大笑],"https://guba.eastmoney.com/news,002205,627778650.html",2017-04-12 14:09:14,以后假雄安玩不得了
不容易起来,"https://guba.eastmoney.com/news,002205,627763029.html",2017-04-12 13:47:10,不容易起来
享受得了反弹 也要扛得住调整,"https://guba.eastmoney.com/news,002205,627754424.html",2017-04-12 13:35:23,享受得了反弹 也要扛得住调整
抄吧，下午拉红盘，,"https://guba.eastmoney.com/news,002205,627699992.html",2017-04-12 11:26:41,
难堪大任！刚突破就调整！后市一定难大涨！,"https://guba.eastmoney.com/news,002205,627742333.html",2017-04-12 13:17:46,难堪大任！刚突破就调整！后市一定难大涨！
一手都能砸盘？操！,"https://guba.eastmoney.com/news,002205,627736220.html",2017-04-12 13:05:42,一手都能砸盘？操！
这个庄鼠目寸光，错过新疆板块，天天玩高抛低吸，没想到假期雄安题材横空出世，措手不,"https://guba.eastmoney.com/news,002205,627722734.html",2017-04-12 12:23:18,这个庄鼠目寸光，错过新疆板块，天天玩高抛低吸，没想到假期雄安题材横空出世，措手不及！现在突破平台，高位整理，垃圾小庄左右为难，30左右出了大量筹码，现在高价压盘接回！持有的朋友不要被洗出 正宗雄安题材，后期利好多多！4.5月目标60 还有50%以上空间
有几天买的做短线的吗,"https://guba.eastmoney.com/news,002205,627697470.html",2017-04-12 11:23:26,有几天买的做短线的吗
饭桶股份，我来一碗[微笑],"https://guba.eastmoney.com/news,002205,627706866.html",2017-04-12 11:39:35,饭桶股份，我来一碗
青龙管业又涨停了！继续抄吧,"https://guba.eastmoney.com/news,002205,627698068.html",2017-04-12 11:23:34,青龙管业又涨停了！继续抄吧
筹码一旦不稳，庄家想托都未必托得住！,"https://guba.eastmoney.com/news,002205,627695048.html",2017-04-12 11:20:00,筹码一旦不稳，庄家想托都未必托得住！
一旦形成拋压力量！庄家都控制不住！,"https://guba.eastmoney.com/news,002205,627693921.html",2017-04-12 11:17:36,一旦形成拋压力量！庄家都控制不住！
垃圾,"https://guba.eastmoney.com/news,002205,627692101.html",2017-04-12 11:14:54,明天在低开，后天拉高34.5左右，这几天没机会了吧
找的操盘手不行。或是庄家的资金实力不足！,"https://guba.eastmoney.com/news,002205,627689764.html",2017-04-12 11:11:51,找的操盘手不行。或是庄家的资金实力不足！
成不了龙头了！没抓住机会！,"https://guba.eastmoney.com/news,002205,627687956.html",2017-04-12 11:10:28,成不了龙头了！没抓住机会！
庄家的操盘手水平太臭！,"https://guba.eastmoney.com/news,002205,627686389.html",2017-04-12 11:08:48,庄家的操盘手水平太臭！
真他妈的倒霉,"https://guba.eastmoney.com/news,002205,627683263.html",2017-04-12 11:03:40,[心碎]
严重低估 轻纺城,"https://guba.eastmoney.com/news,002205,627670176.html",2017-04-12 10:44:48,严重低估 轻纺城
垃圾中的垃圾垃圾之垃圾的垃圾。哈哈哈哈哈哈哈哈,"https://guba.eastmoney.com/news,002205,627650409.html",2017-04-12 10:19:28,垃圾中的垃圾垃圾之垃圾的垃圾。哈哈哈哈哈哈哈哈
确实比较弱势！,"https://guba.eastmoney.com/news,002205,627649439.html",2017-04-12 10:17:42,确实比较弱势！
今日操作（附股）,"https://guba.eastmoney.com/news,002205,548384842.html",2016-09-05 09:01:53,"600088 中视传媒
000637 茂华实业
300105 龙源技术
000559 万向钱潮
近期大盘有继续震荡下行的风险，逢低介入以上个股，仓位上一定要控制好，美不加息有一定的利好，但是不要期望过重"
青龙管业再次封板，6涨停！,"https://guba.eastmoney.com/news,002205,627634509.html",2017-04-12 09:58:20,国统的价值远胜于青龙管业，但走势却差的要命，里面的操盘手真是矬。
狗篮子庄又开始网下干了!,"https://guba.eastmoney.com/news,002205,627641727.html",2017-04-12 10:06:47,狗篮子庄又开始网下干了!
跌停,"https://guba.eastmoney.com/news,002205,627633871.html",2017-04-12 09:56:58,跌停
这庄太差了，已换青龙管业。,"https://guba.eastmoney.com/news,002205,627631646.html",2017-04-12 09:54:07,这庄太差了，已换青龙管业。
