标题,链接,发布时间,内容
这不又是尾盘买，早盘出的模式了吗？我想说的是模式一样那是不是主力还是一批人呀，这,"https://guba.eastmoney.com/news,002717,553260878.html",2016-09-22 16:09:20,这不又是尾盘买，早盘出的模式了吗？我想说的是模式一样那是不是主力还是一批人呀，这批人35高位不跑，为啥呢?
园林板块里最差的一个,"https://guba.eastmoney.com/news,002717,553552239.html",2016-09-23 14:09:20,看K线，园林板块里最差的一个，稍微比中毅达好一点点.
[卖出][卖出][卖出][卖出][卖出][卖出][卖出][卖出][卖出][卖出],"https://guba.eastmoney.com/news,002717,553500161.html",2016-09-23 11:45:28,[大便][大便][大便][大便]
呵呵都说了长线岭南可以，短线就累。等得起你就等到春暖花开，等不起买那些强势的股票,"https://guba.eastmoney.com/news,002717,553171819.html",2016-09-22 13:12:12,呵呵都说了长线岭南可以，短线就累。等得起你就等到春暖花开，等不起买那些强势的股票，别说市场不好就没有好股票了。次新股里那么多好股票，之前都说过了呀。
不绿割鸡鸡！！,"https://guba.eastmoney.com/news,002717,553531382.html",2016-09-23 13:31:41,不绿割鸡鸡！！
大盘不能补上缺口，说明还在下跌周期。现在量能也不配合。时间窗口还不到。控制仓位。,"https://guba.eastmoney.com/news,002717,553531624.html",2016-09-23 13:32:05,大盘不能补上缺口，说明还在下跌周期。现在量能也不配合。时间窗口还不到。控制仓位。
昨天买了300手，周一获利就跑。东方园林会涨停,"https://guba.eastmoney.com/news,002717,553751824.html",2016-09-24 09:30:49,昨天买了300手，周一获利就跑。东方园林会涨停
炒股还是得炒龙头，这种垃圾没用,"https://guba.eastmoney.com/news,002717,553592425.html",2016-09-23 15:16:22,炒股还是得炒龙头，这种垃圾没用
这贱人又要变绿啦,"https://guba.eastmoney.com/news,002717,553527456.html",2016-09-23 13:24:40,这贱人又要变绿啦
不想了，大家周末愉快,"https://guba.eastmoney.com/news,002717,553587561.html",2016-09-23 15:06:03,
大家暂时不要着急出  3P行情还没走完 坚持拿一拿 等等再看看,"https://guba.eastmoney.com/news,002717,553562958.html",2016-09-23 14:26:58,大家暂时不要着急出 3P行情还没走完 坚持拿一拿 等等再看看
31.11买入  求拉升,"https://guba.eastmoney.com/news,002717,553579932.html",2016-09-23 14:53:58,31.11买入 求拉升31.11买入 求拉升31.11买入 求拉升31.11买入 求拉升31.11买入 求拉升
不敢装逼涨1分钱了吧改跌1毛了吧装逼,"https://guba.eastmoney.com/news,002717,553575671.html",2016-09-23 14:47:31,还要装逼成个红色
还装逼园林。园林个逼，些的在装逼都没割鸟用,"https://guba.eastmoney.com/news,002717,553572160.html",2016-09-23 14:42:05,指数横盘，千股几分钱玩一天
就这压低的买盘你还要装逼,"https://guba.eastmoney.com/news,002717,553570420.html",2016-09-23 14:39:21,"看起来就是跌咯。装啥装。跌就跌被。。

装起来用几分钱玩一天"
见过无耻的，但是没见过新余长袖这么无耻的公司,"https://guba.eastmoney.com/news,002717,553552455.html",2016-09-23 14:09:45,见过无耻的，但是没见过新余长袖这么无耻的公司
如图，昨日借大盘上涨出货明显，今天继续……,"https://guba.eastmoney.com/news,002717,553541191.html",2016-09-23 13:49:26,如图，昨日借大盘上涨出货明显，今天继续……
不要追高！！要追底！！,"https://guba.eastmoney.com/news,002717,553528353.html",2016-09-23 13:26:23,不要追高！！要追底！！
紧急跑路！！！,"https://guba.eastmoney.com/news,002717,553530133.html",2016-09-23 13:29:39,紧急跑路！！！
绿色大树叶！！,"https://guba.eastmoney.com/news,002717,553529805.html",2016-09-23 13:29:05,绿色大树叶！！
打广告的最近聪敏了，不在是千篇一律的顶帖了，知道回复了，大家小心这些了键盘侠，交,"https://guba.eastmoney.com/news,002717,553528994.html",2016-09-23 13:27:38,打广告的最近聪敏了，不在是千篇一律的顶帖了，知道回复了，大家小心这些了键盘侠，交割单不敢晒，就知道吹牛逼的。小心这些拖，有拖长不了，相信这个事实，
收盘变绿，长上影线，习惯了。,"https://guba.eastmoney.com/news,002717,553528534.html",2016-09-23 13:26:44,收盘变绿，长上影线，习惯了。
你也配看我的交割单吗？和你客气客气还来劲了。,"https://guba.eastmoney.com/news,002717,553524064.html",2016-09-23 13:17:45,你也配看我的交割单吗？和你客气客气还来劲了。
砸到30元我要！！！,"https://guba.eastmoney.com/news,002717,553523820.html",2016-09-23 13:17:21,砸到30元我要！！！
紧急通知大盘下跌6个点了！下买入！等2点57分抄底！！买半仓！！[卖出][卖出],"https://guba.eastmoney.com/news,002717,553523110.html",2016-09-23 13:15:51,紧急通知大盘下跌6个点了！下买入！等2点57分抄底！！买半仓！！
垃圾，撤了,"https://guba.eastmoney.com/news,002717,553521107.html",2016-09-23 13:11:35,垃圾，撤了
摸到！002717股性了！[卖出][卖出][卖出][卖出][卖出],"https://guba.eastmoney.com/news,002717,553520885.html",2016-09-23 13:11:09,摸到！002717股性了！
跑啊1！！！！[卖出][卖出][卖出][卖出],"https://guba.eastmoney.com/news,002717,553519904.html",2016-09-23 13:08:57,跑啊1！！！！
[卖出][卖出][卖出][卖出][卖出][卖出][卖出],"https://guba.eastmoney.com/news,002717,553519359.html",2016-09-23 13:07:37,
火速青仓！跑！！大炮来了！跑！！[卖出][卖出][满仓][卖出][卖出][卖出],"https://guba.eastmoney.com/news,002717,553499940.html",2016-09-23 11:44:47,火速青仓！跑！！大炮来了！跑！！
先不说牛熊了，就是有人赚钱，有人亏钱还有人看个热闹不赚不亏。我觉得我是赚钱的，别,"https://guba.eastmoney.com/news,002717,553487974.html",2016-09-23 11:19:28,先不说牛熊了，就是有人赚钱，有人亏钱还有人看个热闹不赚不亏。我觉得我是赚钱的，别人我不知道。无论牛熊我在岭南园林上都可以赚钱。我觉得我赚的就是骂我的人的钱吧。既然来为了赚钱，你要骂就骂吧。我宝宝我就把你的钱揣兜就好。
新余长袖公司确实非常无耻，岭南这票完全被它搞坏了，这种公司就是中国市场上的毒瘤,"https://guba.eastmoney.com/news,002717,553464918.html",2016-09-23 10:42:08,新余长袖公司确实非常无耻，岭南这票完全被它搞坏了，这种公司就是中国市场上的毒瘤
跑！！！卖！,"https://guba.eastmoney.com/news,002717,553499387.html",2016-09-23 11:43:08,跑！！！卖！
没有大单吃进，上攻乏力，又完蛋啦。,"https://guba.eastmoney.com/news,002717,553491946.html",2016-09-23 11:26:25,没有大单吃进，上攻乏力，又完蛋啦。
垃圾，撤了,"https://guba.eastmoney.com/news,002717,553482638.html",2016-09-23 11:10:29,垃圾，撤了
收盘涨一分：30.97！,"https://guba.eastmoney.com/news,002717,553479002.html",2016-09-23 11:04:28,收盘涨一分：30.97！
每天的走势都恶心的让人看不下去,"https://guba.eastmoney.com/news,002717,553473100.html",2016-09-23 10:55:19,每天的走势都恶心的让人看不下去
长线投资就不可以摊成本，在熊市里等牛市来了多番几倍吗？短线岭南能和大杨创世那样,"https://guba.eastmoney.com/news,002717,553457176.html",2016-09-23 10:29:31,长线投资就不可以摊成本，在熊市里等牛市来了多番几倍吗？短线岭南能和大杨创世那样的比涨幅吗，能和金科股份那样的比速度吗？你不是来赚钱的吗?
岭南尾盘我不知道，不过昨天下午跌的狠的时候买的，早盘买了起码不亏钱了我对得起骂我,"https://guba.eastmoney.com/news,002717,553431298.html",2016-09-23 09:48:59,岭南尾盘我不知道，不过昨天下午跌的狠的时候买的，早盘买了起码不亏钱了我对得起骂我的人了。
新余长袖已经持续砸盘20分钟了,"https://guba.eastmoney.com/news,002717,553452991.html",2016-09-23 10:23:07,新余长袖已经持续砸盘20分钟了
洗盘结束了，进入vr板块爆发，岭南园林涨停。,"https://guba.eastmoney.com/news,002717,553407339.html",2016-09-23 08:34:27,洗盘结束了，进入vr板块爆发，岭南园林涨停。
今天完全是跟风 注意大哥走向  不要倍那些水货说什么长期股，做长期死都不知道怎么死,"https://guba.eastmoney.com/news,002717,553443502.html",2016-09-23 10:08:18,今天完全是跟风 注意大哥走向 不要倍那些水货说什么长期股，做长期死都不知道怎么死
新余长袖在减持，千万不能买，让新余长袖公司死绝户,"https://guba.eastmoney.com/news,002717,553434805.html",2016-09-23 09:54:07,新余长袖在减持，千万不能买，让新余长袖公司死绝户
大杨创世，还有金科股份不是都再涨吗，短线看岭南，呵呵。我算键盘侠吗？,"https://guba.eastmoney.com/news,002717,553424259.html",2016-09-23 09:37:40,大杨创世，还有金科股份不是都再涨吗，短线看岭南，呵呵。我算键盘侠吗？
岭南园林卖的不是股票，是大便纸，还是劣质的大便纸,"https://guba.eastmoney.com/news,002717,553424218.html",2016-09-23 09:37:37,岭南园林卖的不是股票，是大便纸，还是劣质的大便纸
图形滥的可以,"https://guba.eastmoney.com/news,002717,553101532.html",2016-09-22 10:16:51,图形滥的可以
提高技术吧，我看很多股票都有机会，找盘子小点的，多看看涨停的，刚启动的。万科这样,"https://guba.eastmoney.com/news,002717,553367919.html",2016-09-23 00:01:31,提高技术吧，我看很多股票都有机会，找盘子小点的，多看看涨停的，刚启动的。万科这样的容易日线顶背离，别站岗了。岭南月线级别不理想，周线级别看macd是否金叉还是要反身向下。资金面上整个市场老实说散户买的多主力买的少，想买强势的股票的，个股起码要缺口以上要不真么叫强势。我真不愿意和人撕逼，没意思。你拦不住我赚钱，我也拦不住你亏钱不是吗？大杨创世你们看下，前几天刚过缺口是不是后面就强势了。我自己做的002755东方更早就突破了。能不能赚钱就看运气了好吧。
高吸底抛！！！尾盘抄底！没抄到最底点！！明天早盘了！2点57分准时抄底！！！[满,"https://guba.eastmoney.com/news,002717,553326606.html",2016-09-22 20:37:53,高吸底抛！！！尾盘抄底！没抄到最底点！！明天早盘了！2点57分准时抄底！！！
紧急≤通知美股高开高走！中股底开底走！后天停盘！！！！！[满仓][满仓][空仓],"https://guba.eastmoney.com/news,002717,553355570.html",2016-09-22 22:44:45,紧急≤通知美股高开高走！中股底开底走！后天停盘！！！！！[大便][大便][大便][大便][大便][大便][大便][大便][大便][大便][大便][大便][大便][大便][大便][大便][大便][大便][大便][大便][大便][大便][大便][大便][大便][大便]
9月7号公告订单qqq！追到现在！天天高抛底吸逼股！累死了！[满仓][满仓][满,"https://guba.eastmoney.com/news,002717,553331404.html",2016-09-22 20:57:22,9月7号公告订单qqq！追到现在！天天高抛底吸逼股！累死了！
明天跌停，规律,"https://guba.eastmoney.com/news,002717,553338335.html",2016-09-22 21:26:46,明天跌停，规律
不绿割鸡鸡！[满仓][满仓][满仓],"https://guba.eastmoney.com/news,002717,553201566.html",2016-09-22 14:06:17,不绿割鸡鸡！
买买多多抄抄！！！,"https://guba.eastmoney.com/news,002717,553328635.html",2016-09-22 20:46:42,买买多多抄抄！！！
高吸底抛！包赚钱！！自已看！！！主力你好好看一下！有总明天底开！我做T十0!!！,"https://guba.eastmoney.com/news,002717,553328340.html",2016-09-22 20:45:28,高吸底抛！包赚钱！！自已看！！！主力你好好看一下！有总明天底开！我做T十0!!！！！！！
来个一字板吧！[满仓][满仓][满仓],"https://guba.eastmoney.com/news,002717,553321394.html",2016-09-22 20:16:36,来个一字板吧！
明又无一字板！！[哭][哭][哭][哭][哭],"https://guba.eastmoney.com/news,002717,553321242.html",2016-09-22 20:15:58,明又无一字板！！
明无一字板！！∞[满仓][满仓][满仓][空仓],"https://guba.eastmoney.com/news,002717,553315158.html",2016-09-22 19:51:47,明无一字板！！∞
这股要涨了，明天估计要拉了。,"https://guba.eastmoney.com/news,002717,553279102.html",2016-09-22 17:13:33,这股要涨了，明天估计要拉了。
今天一分钱折腾了一天,"https://guba.eastmoney.com/news,002717,553228571.html",2016-09-22 14:49:28,今天一分钱折腾了一天
调仓换股，持有了大半个月，还内幕消息，看来都他吗不靠谱,"https://guba.eastmoney.com/news,002717,553227387.html",2016-09-22 14:47:36,啊啊啊啊啊啊啊啊啊啊
看来要变天了,"https://guba.eastmoney.com/news,002717,553228521.html",2016-09-22 14:49:30,看来要变天了
房价绝对不算便宜了，股票人人都知道低买高卖，到地产市场就不会做了吗，有人一笔钱买,"https://guba.eastmoney.com/news,002717,553203509.html",2016-09-22 14:09:29,房价绝对不算便宜了，股票人人都知道低买高卖，到地产市场就不会做了吗，有人一笔钱买80套房子，那是买便宜去了吗？相对来说股票价值高吗?深圳的地产一年涨一倍，股票市场就我看到的万科一个月60个点，后来的双马翻倍了，再后来ppp50几个点的，最后最后次新股买东方也基本翻倍都是一个月完成，你说哪个好?我还是那句话会做股票100股就是一辈子了。不会做股票你多少钱都白搭。哪里，哪个行业都一样。别问我股票好还是买房子好。我就告诉你不加杠杆做得好股票一月50个点，复利36个月你自己算去。房子你可以吗?黎明前的黑暗，量力而行就好。
此股散户太多，主力歹du，先出还有新低,"https://guba.eastmoney.com/news,002717,553217334.html",2016-09-22 14:31:19,此股散户太多，主力歹du，先出还有新低
512手哪个逼砸的！！,"https://guba.eastmoney.com/news,002717,553215520.html",2016-09-22 14:28:25,512手哪个逼砸的！！
给我狠狠的跌,"https://guba.eastmoney.com/news,002717,553219285.html",2016-09-22 14:34:27,给我狠狠的跌
4挂单死死死！[卖出][卖出][满仓][满仓][满仓][满仓][满仓][满仓][,"https://guba.eastmoney.com/news,002717,553218203.html",2016-09-22 14:32:37,4挂单死死死！
发誓不再进入故屎，纯粹是骗小散的幸苦钱，各类鸡狗控盘，真正赚到钱的有吗？越馅越深,"https://guba.eastmoney.com/news,002717,553216056.html",2016-09-22 14:29:19,发誓不再进入故屎，纯粹是骗小散的幸苦钱，各类鸡狗控盘，真正赚到钱的有吗？越馅越深，血泪啊，我们小散该醒醒了，全部空仓吧
破位了快出吧！！5日线破！！！,"https://guba.eastmoney.com/news,002717,553214492.html",2016-09-22 14:26:46,破位了快出吧！！5日线破！！！
5日线跌破 那么还要下去找 什么时候是个头啊,"https://guba.eastmoney.com/news,002717,552869132.html",2016-09-21 14:52:39,5日线跌破 那么还要下去找 什么时候是个头啊
请买股票先去看大盘！！,"https://guba.eastmoney.com/news,002717,553211658.html",2016-09-22 14:22:31,请买股票先去看大盘！！
紧急通知先别买！还有新底！！！[满仓][满仓][满仓][护城河][护城河][护城,"https://guba.eastmoney.com/news,002717,553208698.html",2016-09-22 14:17:46,紧急通知先别买！还有新底！！！
果然好股，庄家要不要棺材？,"https://guba.eastmoney.com/news,002717,553208047.html",2016-09-22 14:16:41,果然好股，庄家要不要棺材？
先看大盘！[满仓][满仓][满仓],"https://guba.eastmoney.com/news,002717,553207579.html",2016-09-22 14:15:59,先看大盘！
空仓等着你！[胜利][胜利][胜利][满仓][满仓][满仓],"https://guba.eastmoney.com/news,002717,553205410.html",2016-09-22 14:12:35,空仓等着你！
随便砸！[满仓][满仓][满仓][胜利][胜利][胜利][胜利],"https://guba.eastmoney.com/news,002717,553205127.html",2016-09-22 14:12:07,随便砸！
跳楼了！！[满仓][满仓][满仓][满仓]全仓了！,"https://guba.eastmoney.com/news,002717,553199772.html",2016-09-22 14:03:20,跳楼了！！全仓了！
眼看下跌1个点！[满仓][满仓][满仓][满仓],"https://guba.eastmoney.com/news,002717,553203751.html",2016-09-22 14:09:55,眼看下跌1个点！
2点30分大跳水！中国牛逼！[满仓][满仓][满仓][满仓][满仓],"https://guba.eastmoney.com/news,002717,553203454.html",2016-09-22 14:09:22,2点30分大跳水！中国牛逼！
垃圾股，收盘收绿,"https://guba.eastmoney.com/news,002717,553203084.html",2016-09-22 14:08:48,垃圾股，收盘收绿
这走势，看不下去啦，睡觉去。,"https://guba.eastmoney.com/news,002717,553200430.html",2016-09-22 14:04:27,这走势，看不下去啦，睡觉去。
砸到30元算你狠毒！！！,"https://guba.eastmoney.com/news,002717,553200261.html",2016-09-22 14:04:11,砸到30元算你狠毒！！！
这股的庄好贱哦，阳痿的厉害,"https://guba.eastmoney.com/news,002717,553177877.html",2016-09-22 13:25:14,这股的庄好贱哦，阳痿的厉害
装死睡觉[大笑],"https://guba.eastmoney.com/news,002717,553176797.html",2016-09-22 13:23:04,装死睡觉
又是拉高套人的s货,"https://guba.eastmoney.com/news,002717,553172441.html",2016-09-22 13:13:35,又是拉高套人的s货
外围行情这么好 这股还是往下走，跌的莫名其妙，难道主力资金都去炒金科 万科这些房产啦？,"https://guba.eastmoney.com/news,002717,553108591.html",2016-09-22 10:27:58,外围行情这么好 这股还是往下走，跌的莫名其妙，难道主力资金都去炒金科 万科这些房产啦？
002717:用友iuap对外首次公开下一代企业级通用计算平台－AR／VR,"https://guba.eastmoney.com/news,002717,553119239.html",2016-09-22 10:44:49,":用友iuap对外首次公开下一代企业级通用计算平台－AR／VR
2016-08-13 用友iUAP
前言：2016年8月13日，在2016中国企业互联网大会上，用友iuap对公众展示了下一代企业级通用计算平台iuap mobile AR／VR。
继PC、Web、移动之后，AR／VR将成为下一代重要的计算平台。

根据Gartner预测，未来几年内虚拟现实行业将保持快速发展的势头，2017年设备出货量或将达到630万台。此外，虽然当前虚拟现实（VR）和增强现实（AR）行业主要面向C端消费者，到2018年，约有25％设备将由公司统一购买，意味着企业级市场将缓慢打开。虽然在 VR 方面消费者采用的速度超过企业，但一般预测 AR 将以商业应用优先。

区分AR和VR一个简单的方法是什么？

VR需要用一个不透明的头戴设备完成虚拟世界里的沉浸体验，而AR需要清晰的头戴设备看清真实世界和重叠在上面的信息和图像。
AR设备

VR设备

在2016中国企业互联网大会上，用友iuap率先发布下一代企业级通用计算平台iuap mobile AR／VR。

iuap mobile3.0 全面支持AR／VR技术开发，把虚拟现实以及增强现实的核心关键技术内置在平台里，有效屏蔽了技术难度，降低了AR／VR的技术开发难度，让企业开发者更多的去关注业务内容，加速了AR／VR在企业级应用中普及。

AR与VR究竟在技术的实现方式上有哪些不同？

VR更注重于沉浸式体验，关注内容制作与渲染，而AR则侧重于物体识别、场景增强、交互处理以及业务编程。为此用友iuap mobile为了帮助企业更加专注业务实现，提供了全面的技术支撑。
根据Digi-capital发布的报告预测，2020年增强现实（AR）市场收入规模有望达到1200亿美元，而虚拟现实（VR）市场收入规模约为300亿美元。目前来看，AR主要集中在工业制造和维修、医疗、军事、电视传播、娱乐、教育、数字化文化遗产和古迹复原、旅游展览、市政建设等领域。

在此次大会上，用友iuap以智能制造领域为例，通过旗下iuap mobile 模拟了车间生产的真实场景，通过移动AR技术，实现了实时监控车间的生产状况、环境参数、能源损耗、以及设备使用情况。平台内置了AR相关技术模块，比如物体识别跟踪、虚拟物体注册、控制单元、计算单元等多方面的内容，并且，AR技术与传统的企业级业务框架在平台层面做了很好的融合，使得AR技术将能更轻松、更好的服务于企业级应用。
用友iuap mobile AR/VR助力企业把握先机、赢得未来！"
大盘即将近期补缺口  002717怎么没有反应,"https://guba.eastmoney.com/news,002717,553124938.html",2016-09-22 10:53:51,如题
浮不起的阿斗,"https://guba.eastmoney.com/news,002717,553116357.html",2016-09-22 10:40:32,浮不起的阿斗
岭南园林一直以来没怎么像样的大涨过，看好你放这等你大涨,"https://guba.eastmoney.com/news,002717,553108958.html",2016-09-22 10:28:26,岭南园林一直以来没怎么像样的大涨过，看好你放这等你大涨
小游资天天拉高出货,"https://guba.eastmoney.com/news,002717,553105041.html",2016-09-22 10:22:18,小游资天天拉高出货
今天走势必跌,"https://guba.eastmoney.com/news,002717,553103107.html",2016-09-22 10:19:22,今天走势必跌
今天不好意思,"https://guba.eastmoney.com/news,002717,553094469.html",2016-09-22 10:05:33,今天不好意思
老规矩，开盘拉高，一会就开始猛砸，不能买,"https://guba.eastmoney.com/news,002717,553076001.html",2016-09-22 09:34:52,老规矩，开盘拉高，一会就开始猛砸，不能买
此股早上大涨卖出，做T的肯定发财。,"https://guba.eastmoney.com/news,002717,553086952.html",2016-09-22 09:54:01,此股早上大涨卖出，做T的肯定发财。
现在跑的都是小散！岭南这机会又有多少人看到了？,"https://guba.eastmoney.com/news,002717,543846878.html",2016-08-26 14:00:40,现在跑的都是小散！岭南现在底部支撑那么强烈，这是机会！
虚拟现实能否再次逆势启动？？？,"https://guba.eastmoney.com/news,002717,552205946.html",2016-09-19 14:31:10,"虚拟现实能否再次逆势启动
作为去年新提出的一个概念 经过连续的炒作，行业的发展，

各种大会的推动，炒作反而不如最初；像最初的 水晶光电，

之后接力的棕榈股份还有利达光电的反复炒作；行业发展推

动很快，但是个股的走势基本呈现下 跌状况。
记得以前看电子书网游文章时经常写到全息体验的操作，之

后虚拟现实的发展方向就是这样，可以说未来前 景是非常看

好的。大家也完全可以找到两只来反复操作。但是Ａ股本身

的尿性，多做波段　少做长线持有。

[献花

][献

花]

9.6号早盘提示蒙草生态，获利22点出局
9.7号推荐的杭萧钢构，获利13个点出局
9.12号盘中推荐哈空调，今日热点上涨，继续持有~

[

牛][

牛]

在我们的观点中看到的朋友收益都是比较稳健的，以上建议

性观点希望能够给大家提供帮助，后续可关注的几支也都会

结合实盘形态作以分享。当然还是稳健操作风格，切勿丧失

做单的心态！好票不断，惊喜连连。

[献花

][献

花]
展开阅读全文"
垃个板给你们看！是向下的！,"https://guba.eastmoney.com/news,002717,552814043.html",2016-09-21 13:04:30,垃个板给你们看！是向下的！
反对高管减持。两天减持百分之四，损破投资者利益。,"https://guba.eastmoney.com/news,002717,552958422.html",2016-09-21 20:03:11,反对高管减持。两天减持百分之四，损破投资者利益。
小赖里头,"https://guba.eastmoney.com/news,002717,552914918.html",2016-09-21 16:59:06,小赖里头
垃圾,"https://guba.eastmoney.com/news,002717,552902998.html",2016-09-21 16:22:40,垃圾
呼叫万手哥空袭！,"https://guba.eastmoney.com/news,002717,552773774.html",2016-09-21 10:56:57,呼叫万手哥空袭！
这个主力真是个怂货,"https://guba.eastmoney.com/news,002717,552864044.html",2016-09-21 14:44:11,这个主力真是个怂货
和买岭南园林的朋友说下吧，大盘如果一直下跌要等上海日量在1100亿以下连续出现几,"https://guba.eastmoney.com/news,002717,552858968.html",2016-09-21 14:35:05,和买岭南园林的朋友说下吧，大盘如果一直下跌要等上海日量在1100亿以下连续出现几天后有底部的成立可能。因为想休息所以就提前说下了。还是震荡阶段，轻易不要追，宁可买套等。3000点就算不是底部也不会很高还是要有耐心。其实选了岭南园林的基本就不算短线高手，都应该偏长线的。短线就算了吧。要不就换股了。
带个头，吧虚拟现实拉拉，大盘来点活力。,"https://guba.eastmoney.com/news,002717,552654682.html",2016-09-20 23:06:06,现在的大盘完全是没看头，也没搞头。不晓得往哪方变盘。
跟跌不跟涨的垃圾！,"https://guba.eastmoney.com/news,002717,552843878.html",2016-09-21 14:07:36,跟跌不跟涨的垃圾！
砸的嗨啊[哭],"https://guba.eastmoney.com/news,002717,552834199.html",2016-09-21 13:49:12,砸的嗨啊
拿不住的快滚.滚远点,"https://guba.eastmoney.com/news,002717,552836851.html",2016-09-21 13:54:18,卖你MB 啊
好久没遇到心电图走势了，是不是很难受呀?,"https://guba.eastmoney.com/news,002717,552827545.html",2016-09-21 13:35:29,好久没遇到心电图走势了，是不是很难受呀?
岭南里的大户确实极度无耻，股价就是他们蓄意打压的，蓄意破坏中国股票市场，证监会应当给予严惩,"https://guba.eastmoney.com/news,002717,552835193.html",2016-09-21 13:51:06,岭南里的大户确实极度无耻，股价就是他们蓄意打压的，蓄意破坏中国股票市场，证监会应当给予严惩
看见台基股份叫我想起来之前的百圆裤业了，股票真的是轮回呀。,"https://guba.eastmoney.com/news,002717,552832778.html",2016-09-21 13:46:19,看见台基股份叫我想起来之前的百圆裤业了，股票真的是轮回呀。
一字板！[满仓][满仓][满仓][满仓][满仓][满仓][满仓][满仓][满仓],"https://guba.eastmoney.com/news,002717,552611222.html",2016-09-20 19:34:46,一字板！
岭南园林真垃圾,"https://guba.eastmoney.com/news,002717,552762707.html",2016-09-21 10:36:45,岭南园林真垃圾
别演戏了，今天还会下跌，庄不要再骗人了,"https://guba.eastmoney.com/news,002717,552740231.html",2016-09-21 09:57:26,别演戏了，今天还会下跌，庄不要再骗人了
岭南园林:关于发行股份及支付现金购买资产并募集配套资金之标的资产过户完成的公告,"https://guba.eastmoney.com/news,002717,552559976.html",2016-09-20 16:14:49,"公告日期：2016-09-21
证券代码:002717 证券简称：岭南园林 公告编号：2016-115

岭南园林股份有限公司

关于发行股份及支付现金购买资产并募集配套资金之标的资产过户完成的公告

本公司及董事会全体成员保证信息披露的内容真实、准确、完整，没有虚假记载、误导性陈述或重大遗漏。

岭南园林股份有限公司（以下简称“公司”或“岭南园林”）发行股份及支付现金购买德马吉国际展览有限公司（以下简称“标的资产”或“德马吉”）100%股权并募集配套资金事项（以下简称“本次交易”）已获得中国证券监督管理委员会（以下简称“中国证监会”）的核准，并取得正式批复文件，具体详见公司于2016年9月1日刊登在指定信息披露媒体的《关于发行股份购买资产并募集配套资金事项获得中国证监会核准批文的公告》（公告编号：2016-110）。截至目前，本次交易已完成标的资产的股权过户手续及相关工商变更登记，德马吉已成为公司的全资子公司。

一、本次交易的实施情况

1、资产交付及过户

2016年9月19日，德马吉已就本次交易资产过户事宜办理完成了工商变更登记手续，并取得了上海市松江区市场监督管理局核发的《营业执照》（统一社会信用代码：9131011705297259XP），本次变更完成后，德马吉变更为法人独资的一人有限责任公司，岭南园林持有德马吉100%股权，德马吉已成为岭南园林的全资子公司。

2、后续事项

岭南园林尚需按照《岭南园林股份有限公司与樟树市帮林投资管理中心（有限合伙）及樟树市德亿投资管理中心（有限合伙）关于德马吉国际展览有限公司之发行股份及支付现金购买资产协议》、《岭南园林股份有限公司与樟树市帮林投资管理中心（有限合伙）及樟树市德亿投资管理中心（有限合伙）之盈利补偿协议》向樟树市德亿投资管理中心（有限合伙）分期支付现金对价，并向樟树市帮林投资管理中心（有限合伙）发行7,812,500股股份，以及向中国证券登记结算有限责任公司深圳分公司申请办理相关登记手续。

岭南园林尚需向工商行政管理部门申请办理注册资本、公司章程修订等事宜的变更登记手续；以及向深圳证券交易所申请办理上述新增股份的上市手续。

此外，岭南园林拟非公开发行不超过4,947,613股新股募集本次发行股份购买资产的配套资金，岭南园林有权在核准文件有效期内募集配套资金，但募集配套资金成功与否并不影响发行股份及支付现金购买资产的实施。

二、关于本次交易实施情况的中介机构结论意见

1、独立财务顾问核查意见

公司本次交易的独立财务顾问广发证券股份有限公司于2016年9月20日出具了《广发证券股份有限公司关于岭南园林股份有限公司发行股份及支付现金购买资产并募集配套资金实施情况之独立财务顾问核查意见（一）》，认为：岭南园林本次交易已获得的批准和核准程序符合法律、法规和规范性文件的规定，并按照有关法律、法规的规定履行了相关信息披露义务。目前，本次交易所涉及的资产过户手续已经办理完毕，岭南园林已合法取得标的资产的所有权。

2、律师意见

公司本次交易的法律顾问北京市君合律师事务所于2016年9月20日出具了《北京市君合律师事务所关于岭南园林股份有限公司发行股份及支付现金购买资产并募集配套资金实施情况的法律意见》，认为：

（1）截至本法律意见出具日，岭南园林就本次交易已经取得了必要的授权和批准，《发行股份及支付现金购买资产协议》和《盈利补偿协议》已经生效，已具备实施本次交易的法定条件。

（2）截至本法律意见出具日，帮林投资、德亿投资和岭南园林已按照《中华人民共和国公司法》、《中华人民共和国证券法》、《上市公司重大资产重组管理办法》及其他法律、法规和规范性法律文件的规定及相关协议的约定完成了标的资产过户手续。

（3）截至本法律意见出具日，就签署、履行本次交易协议情况各方不存在争议，亦未出现相关承诺方违反就本次交易所做有关主要承诺的情形。

（4）岭南园林和帮林投资、德亿投资需继续履行本次交易所涉协议，委托具备相关资质的会计师事务所进行验资及办理本次新发行股份登记、岭南园林工商变更登记和本次新发行股份上市等后续事宜，各方继续办理该等后续事项不存在可预见的实质性法律障碍和重大法律风险。

（5）岭南园林有权在中国证监会核准文件有效期内根据本次募集配套资金方案发行股份募集配套资金，但本次募集配套资金成功与否并不影响实施本次发行股份及支付现金购买资产。

三、备查文件

1、《广发证券股份有限公司关于岭南园林股份有限公司发行股份及支付现金购买资产并募集配套……
[点击查看PDF原文]
提示：本网不保证其真实性和客观性，一切有关该股的有效信息，以交易所的公告为准，敬请投资者注意风险。
展开阅读全文"
感觉又是腥风血雨的一天，半小时过去啦也没见有大单吃进，在这个危险的边缘晃悠，真是很揪心啊。,"https://guba.eastmoney.com/news,002717,552739860.html",2016-09-21 09:56:51,感觉又是腥风血雨的一天，半小时过去啦也没见有大单吃进，在这个危险的边缘晃悠，真是很揪心啊。
钢铁再涨呀，感觉不好。,"https://guba.eastmoney.com/news,002717,552735498.html",2016-09-21 09:48:53,钢铁再涨呀，感觉不好。
又是出货，垃圾股,"https://guba.eastmoney.com/news,002717,552731260.html",2016-09-21 09:40:56,又是出货，垃圾股
绿帽子王又来了，岭南庄特喜欢戴绿帽子,"https://guba.eastmoney.com/news,002717,552721450.html",2016-09-21 09:18:16,绿帽子王又来了，岭南庄特喜欢戴绿帽子
这是什么情况，还没开始就杀跌？,"https://guba.eastmoney.com/news,002717,552721012.html",2016-09-21 09:16:55,这是什么情况，还没开始就杀跌？
暴跌，暴跌！,"https://guba.eastmoney.com/news,002717,552720872.html",2016-09-21 09:16:22,暴跌，暴跌！
年内上35.5元！明天开盘就抢筹码！[满仓][满仓][满仓][满仓][满仓][满,"https://guba.eastmoney.com/news,002717,552597083.html",2016-09-20 18:27:30,年内上35.5元！明天开盘就抢筹码！
岭南园林:广发证券股份有限公司关于公司发行股份及支付现金购买资产并募集配套资金实施情况之独立财务顾问核查意见(一),"https://guba.eastmoney.com/news,002717,552559973.html",2016-09-20 16:14:49,"公告日期：2016-09-21


广发证券股份有限公司

关于岭南园林股份有限公司发行股份

及支付现金购买资产并募集配套资金实施情况

之

独立财务顾问核查意见（一）

二〇一六年九月

声明与承诺

广发证券股份有限公司（以下简称“广发证券”）接受委托，担任岭南园林股份有限公司（以下简称“岭南园林”或“上市公司”）本次发行股份及支付现金购买资产并募集配套资金的独立财务顾问（以下简称“本独立财务顾问”）。

本独立财务顾问核查意见是根据《中华人民共和国公司法》、《中华人民共和国证券法》、《上市公司重大资产重组管理办法》、《深圳证券交易所股票上市规则》等法律、法规的有关规定，按照证券行业公认的业务标准、道德规范和诚实信用、勤勉尽责精神，遵循客观、公正原则，在认真审阅相关资料和充分了解本次交易行为的基础上，发表独立财务顾问意见，旨在就本次交易行为实施情况做出独立、客观和公正的评价，以供岭南园林全体股东及有关各方参考。本独立财务顾问特作如下声明：

1、本独立财务顾问报告所依据的文件、材料由岭南园林、德马吉国际展览有限公司（以下简称“德马吉”）及帮林投资、德亿投资（以下合称“交易对方”）提供。岭南园林、德马吉和交易对方已向本独立财务顾问保证：其所提供和出具的所有文件、材料合法、真实、准确、完整、及时，不存在任何虚假记载、误导性陈述或重大遗漏，并对其合法性、真实性、准确性、完整性、及时性负责。本独立财务顾问不承担由此引起的任何风险责任。

2、本独立财务顾问已对出具核查意见所依据的事实进行了尽职调查，对本核查意见内容的真实性、准确性和完整性负有诚实信用、勤勉尽责义务。

3、本独立财务顾问提请投资者注意，本报告旨在就本次交易实施情况对岭南园林全体股东是否公平、合理作出客观、公正的评价并发表意见，本独立财务顾问的职责范围并不包括应由岭南园林董事会负责的对本次交易事项在商业上的可行性评论，不构成对岭南园林的任何投资建议，对投资者依据本报告所做出的任何投资决策可能产生的风险，本独立财务顾问不承担任何责任。

4、本财务顾问所表达的意见基于下述假设前提之上：国家现行法律、法规无重大变化，本次交易各方提供及中介机构出具的文件资料真实、准确、完整；

本次交易各方遵循诚实信用原则，各项合同协议得以顺利履行；本次交易能得到有权部门的批准/核准，不存在其它障碍，并能顺利完成。

5、本独立财务顾问未委托和授权任何其它机构和个人提供未在本独立财务顾问核查意见中列载的信息和对本报告做任何解释或者说明。

6、本独立财务顾问提请广大投资者认真阅读岭南园林董事会发布的关于《广东岭南园林文化股份有限公司发行股份及支付现金购买资产并募集配套资金报告书》和与本次交易有关的审计报告、备考审计报告、备考审阅报告、资产评估报告、法律意见书等文件全文。

本财务顾问特别承诺如下：

1、本独立财务顾问依据本意见书出具日前已经发生或存在的事实以及我国现行法律、法规及中国证监会的有关规定发表独立财务顾问意见。

2、本独立财务顾问已严格履行法定职责，遵循了勤勉尽责和诚实信用的原则，对发行人本次发行股份及支付现金购买资产并募集配套资金的合法、合规、真实和有效进行了充分核查验证，保证本独立财务顾问意见不存在虚假记载、误导性陈述及重大遗漏。

3、本独立财务顾问已经审阅了为出具本独立财务顾问意见所需的有关文件和资料，仅就与本次发行股份及支付现金购买资产并募集配套资金实施结果所涉的相关问题发表独立财务顾问意见，并不对有关会计审计、资产评估、投资决策、财产法律权属等专业事项发表意见，在本独立财务顾问意见中涉及该等内容时，均为严格按照有关中介机构出具的报告或发行人的文件引述。

4、本独立财务顾问意见仅供发行人本次发行股份及支付现金购买资产并募集配套资金之目的使用，不得用作任何其他用途。本独立财务顾问根据现行法律、法规及中国证监会发布的规范性文件的要求，按照独立财务顾问行业公认的业务标准、道德规范和勤勉尽责精神，对本次交易实施结果的相关文件和事实进行了核查和验证，出具独立财务顾问意见如下：

释义

在本核查意见中，除非文义载明，以下简称具有如下含义：

上市公司、公司、岭指 岭南园林股份有限公司

南园林

标的公司、德马吉、指 德马吉国际展览有限公司

评估对象

帮林投资 ……
[点击查看PDF原文]
提示：本网不保证其真实性和客观性，一切有关该股的有效信息，以交易所的公告为准，敬请投资者注意风险。
展开阅读全文"
早上开盘才30点0几的时候，怎么有人挂30.97买，突然挂那么高是下错单了吗？还是想拉高出货？,"https://guba.eastmoney.com/news,002717,552100181.html",2016-09-19 09:51:47,早上开盘才30点0几的时候，怎么有人挂30.97买，突然挂那么高是下错单了吗？还是想拉高出货？
岭南园林:北京市君合律师事务所关于公司发行股份及支付现金购买资产并募集配套资金实施情况的法律意见,"https://guba.eastmoney.com/news,002717,552559970.html",2016-09-20 16:14:48,"公告日期：2016-09-21
 北京市建国门北大街8号华润大厦20层

邮编：100005

电话：(86-10)8519-1300

传真：(86-10)8519-1350

junhebj@junhe.com

北京市君合律师事务所

关于岭南园林股份有限公司

发行股份及支付现金购买资产并募集配套资金实施情况的法律意见

致：岭南园林股份有限公司

北京市君合律师事务所（以下简称“本所”）接受岭南园林股份有限公司（以下简称“公司/岭南园林”）的委托，作为公司发行股份及支付现金购买资产并募集配套资金（以下简称“本次交易”）的专项法律顾问。根据《中华人民共和国公司法》、《中华人民共和国证券法》、《上市公司重大资产重组管理办法》（就本法律意见而言，指根据证监会令[第127号]《关于修改〈上市公司重大资产重组管理办法〉的决定》修改之前施行的《上市公司重大资产重组管理办法》）、《关于规范上市公司重大资产重组若干问题的规定》、《上市公司证券发行管理办法》等法律、行政法规、规章及规范性文件的有关规定，就本次交易实施情况出具本法律意见。

就本次交易事宜，本所已于2016年4月18日出具《北京市君合律师事务所关于岭南园林股份有限公司发行股份及支付现金购买资产并募集配套资金的法律意见》（以下简称“《法律意见》”）、于2016年6月15日出具《北京市君合律师事务所关于岭南园林股份有限公司发行股份及支付现金购买资产并募集配套资金的补充法律意见（一）》（以下简称“《补充法律意见（一）》”）、于2016年8月8日出具《北京市君合律师事务所关于岭南园林股份有限公司发行股份及支付现金购买资产并募集配套资金的补充法律意见（二）》（以下简称“《补充法律意见（二）》”）。本法律意见是对本所已出具的《法律意见》、《补充法律意见（一）》和《补充法律意见（二）》的补充和修改，并构成《法律意见》、《补充法律意见（一）》和《补充法律意见（二）》不可分割的一部分。

本所在《法律意见》、《补充法律意见（一）》和《补充法律意见（二）》中发表法律意见的前提和假设同样适用于本法律意见。对于本法律意见所说明的事项，以本法律意见的说明为准。

除非文义另有所指，本法律意见所使用简称的含义与《法律意见》、《补充法律意见（一）》和《补充法律意见（二）》中所使用简称的含义相同。

北京总部 电话:(86-10)8519-1300 深圳分所 电话:(86-755)2587-0765 大连分所 电话:(86-411)8250-7578 香港分所 电话:(852)2167-0000

传真:(86-10)8519-1350 传真:(86-755)2587-0780 传真:(86-411)8250-7579 传真:(852)2167-0050

上海分所 电话:(86-21)5298-5488 广州分所 电话:(86-20)2805-9088 海口分所 电话:(86-898)6851-2544 纽约分所 电话:(1-212)703-8702

传真:(86-21)5298-5492 传真:(86-20)2805-9099 传真:(86-898)6851-3514 传真:(1-212)703-8720

硅谷分所 电话:(1-888)886-8168

传真:(1-888)808-2168 ……
[点击查看PDF原文]
提示：本网不保证其真实性和客观性，一切有关该股的有效信息，以交易所的公告为准，敬请投资者注意风险。
展开阅读全文"
连垃5个板！购买成功！！[满仓][满仓][满仓][满仓][满仓][满仓][满仓,"https://guba.eastmoney.com/news,002717,552598121.html",2016-09-20 18:32:22,连垃5个板！购买成功！！
34.4元配套资金，还能顺利增发吗！,"https://guba.eastmoney.com/news,002717,552574172.html",2016-09-20 17:02:21,34.4元配套资金，还能顺利增发吗！！！！！！！！！！
明天补缺口后天涨价停版[满仓][满仓][满仓][满仓][满仓][满仓][满仓][,"https://guba.eastmoney.com/news,002717,552598904.html",2016-09-20 18:36:30,明天补缺口后天涨价停版
上午全抛！下午全买入！明天一字板！[满仓][满仓][满仓][满仓][满仓][满仓,"https://guba.eastmoney.com/news,002717,552598431.html",2016-09-20 18:34:08,上午全抛！下午全买入！明天一字板！
5年后上180元！[满仓][满仓][满仓][满仓][满仓][满仓],"https://guba.eastmoney.com/news,002717,552598205.html",2016-09-20 18:32:50,5年后上180元！
好公告！明天一字板！后天垃涨停板！[满仓][满仓][满仓][满仓][满仓][满仓,"https://guba.eastmoney.com/news,002717,552596380.html",2016-09-20 18:24:24,好公告！明天一字板！后天垃涨停板！
岭南园林:关于取得发明专利证书的公告,"https://guba.eastmoney.com/news,002717,552569018.html",2016-09-20 16:44:56,"公告日期：2016-09-21
 证券代码:002717 证券简称：岭南园林 公告编号：2016－116

岭南园林股份有限公司

关于取得发明专利证书的公告

本公司及董事会全体成员保证信息披露的内容真实、准确、完整，没有虚假记载、误导性陈述或重大遗漏。

岭南园林股份有限公司（以下简称“公司”）于近期取得两项发明专利，并获得了由国家知识产权局颁发的《发明专利证书》，具体情况如下：

专利

专利名称 专利申请日 授权公告日 专利号 专利期限 证书号

类型

一种木本植物

2014年08 2016年08月 发明 第2203641

原位纵切繁殖 ZL201410389130.9 二十年

月08日 24日 专利 号

方法

一种收集鳞翅

2014年10 2016年08月 发明 第2218354

目害虫虫卵集 ZL201410545077.7 二十年

月15日 31日 专利 号

中处理的方法

上述专利的专利权人为公司。上述专利的取得不会对公司经营产生重大影响，但有利于保护和发挥公司自主知识产权优势，形成持续创新机制，提升公司的核心竞争力。

特此公告。

岭南园林股份有限公司

董事会

二〇一六年九月二十日


[点击查看PDF原文]
提示：本网不保证其真实性和客观性，一切有关该股的有效信息，以交易所的公告为准，敬请投资者注意风险。"
割肉走了，这股他妈的就是垃圾,"https://guba.eastmoney.com/news,002717,552523538.html",2016-09-20 14:41:05,割肉走了，这股他妈的就是垃圾
上涨乏力 下跌无限,"https://guba.eastmoney.com/news,002717,552522971.html",2016-09-20 14:40:02,上涨乏力 下跌无限
岭南的顶背离共振基本消失了。,"https://guba.eastmoney.com/news,002717,552448054.html",2016-09-20 11:15:52,岭南的顶背离共振基本消失了。
上海15分钟的底背离有结束迹象。日级别的反抽可能有结束要求。,"https://guba.eastmoney.com/news,002717,552488027.html",2016-09-20 13:33:02,上海15分钟的底背离有结束迹象。日级别的反抽可能有结束要求。
园林工程里唯一的绿帽子，岭南的庄不知世上有羞耻二字,"https://guba.eastmoney.com/news,002717,552396162.html",2016-09-20 09:36:59,园林工程里唯一的绿帽子，岭南的庄不知世上有羞耻二字
涨的好辛苦啊，涨不上去就算了，主力别在勉强了，能力不行就要认,"https://guba.eastmoney.com/news,002717,552445408.html",2016-09-20 11:09:59,涨的好辛苦啊，涨不上去就算了，主力别在勉强了，能力不行就要认
没解禁，你们天天喊,"https://guba.eastmoney.com/news,002717,552433677.html",2016-09-20 10:46:45,没解禁，你们天天喊
不跑有你哭,"https://guba.eastmoney.com/news,002717,552423557.html",2016-09-20 10:27:48,不跑有你哭
卖,"https://guba.eastmoney.com/news,002717,552411095.html",2016-09-20 10:05:01,卖
又和前两天一样，开盘拉高，然后猛砸，套散户，庄的实力非常弱，穷得玩不起了,"https://guba.eastmoney.com/news,002717,552406032.html",2016-09-20 09:56:08,又和前两天一样，开盘拉高，然后猛砸，套散户，庄的实力非常弱，穷得玩不起了
800多万股待解禁,"https://guba.eastmoney.com/news,002717,552404933.html",2016-09-20 09:54:09,800多万股待解禁
跑喽,"https://guba.eastmoney.com/news,002717,552403796.html",2016-09-20 09:52:00,跑喽
zhege,"https://guba.eastmoney.com/news,002717,552393295.html",2016-09-20 09:30:05,啥时候减持呢〉登不上了
看看上周五那些空狗。我说周五可以买岭南。一帮蠢货和我谈日线破位。没有几个聪明的。,"https://guba.eastmoney.com/news,002717,552204738.html",2016-09-19 14:28:42,看看上周五那些空狗。我说周五可以买岭南。一帮蠢货和我谈日线破位。没有几个聪明的。信我的买了不是挣了。那些空狗不是抄底过早就是割在低点的傻逼而已。我岭南进出也不是一两天。了解得很。
我周五说下个交易日冲5日线一帮人出来喷。我简直感觉好笑哦。哎！,"https://guba.eastmoney.com/news,002717,552200512.html",2016-09-19 14:20:10,我周五说下个交易日冲5日线一帮人出来喷。我简直感觉好笑哦。哎！
岭南：两点看懂，就只明白为何涨不起！,"https://guba.eastmoney.com/news,002717,552080805.html",2016-09-19 08:51:44,一，炒股炒的是预期，去年暴涨是有恒润科技和德玛吉收购的预期，而且收购的公司是当时最热的虚拟现实，股价翻了几番，今年预期基本落实，也就是大家讲的见光死，包括今年增发收购德玛吉通过 股价都没有回光返照，可见去年股价透支严重。二，去年股价暴涨几倍，机构赚的盆满钵满，没有不走的理由，公司近两个季度显示机构大肆出逃，后面再寻机构坐庄估计是一个漫长的过程，后势弱势整理估计是主基调。
股票的上涨都是受外界因素影响          而不是股吧里评论的那样   没人,"https://guba.eastmoney.com/news,002717,552232346.html",2016-09-19 15:35:49,股票的上涨都是受外界因素影响 而不是股吧里评论的那样 没人敢说哪只股会上涨或下跌 要是今天美联储加息 确定涨得起来吗 所以说不要在股吧里叫涨叫跌
PPP清单马上发布，现在先挖个坑，能忍受的人自然赚钱,"https://guba.eastmoney.com/news,002717,551560904.html",2016-09-14 14:47:42,想着避险的只能节后追高
卖了给这些空狗。不要岭南了 。太多猪了,"https://guba.eastmoney.com/news,002717,552208560.html",2016-09-19 14:36:33,卖了给这些空狗。不要岭南了 。太多猪了
上周的空狗信了色。周五不坚持的哪里炒得来股。你意味我对岭南这股了解少哦！底部是个,"https://guba.eastmoney.com/news,002717,552178057.html",2016-09-19 13:30:12,上周的空狗信了色。周五不坚持的哪里炒得来股。你意味我对岭南这股了解少哦！底部是个人都明白色。还挣谁的钱
东财显示，每次都是大户在抛，打压股价。,"https://guba.eastmoney.com/news,002717,552193122.html",2016-09-19 14:04:38,东财显示，每次都是大户在抛，打压股价。
借利好，拉高出货,"https://guba.eastmoney.com/news,002717,552192113.html",2016-09-19 14:02:22,借利好，拉高出货
不被市场认可,"https://guba.eastmoney.com/news,002717,552189282.html",2016-09-19 13:56:11,不被市场认可
出货,"https://guba.eastmoney.com/news,002717,552178510.html",2016-09-19 13:31:15,出货
大家不要买，这庄每次拉伸后都猛砸，套散户,"https://guba.eastmoney.com/news,002717,552170339.html",2016-09-19 13:10:57,大家不要买，这庄每次拉伸后都猛砸，套散户
脏家没钱就急叫越叫越不行，有钱垃圾股涨停也跟,"https://guba.eastmoney.com/news,002717,552171842.html",2016-09-19 13:15:01,什么消息称口袋妖怪GO下一站登陆中国（涉恒信移动、佳创视讯、岭南园林等）
万般利好为减持！想靠散户拉，给股东减持，太可笑了。,"https://guba.eastmoney.com/news,002717,552170068.html",2016-09-19 13:10:12,万般利好为减持！想靠散户拉，给股东减持，太可笑了。
垃圾，跌破30补100股，降低降低成本！,"https://guba.eastmoney.com/news,002717,552147299.html",2016-09-19 11:30:01,垃圾，跌破30补100股，降低降低成本！
以后真的只能买善庄股，有实力，有魄力，不拘小节，不算计散户，再也不能碰烂B股了。,"https://guba.eastmoney.com/news,002717,552064966.html",2016-09-19 04:22:15,以后真的只能买善庄股，有实力，有魄力，不拘小节，不算计散户，再也不能碰烂B股了。
