标题,链接,发布时间,内容
我想静静,"https://guba.eastmoney.com/news,002729,246238913.html",2016-01-28 11:22:02,我想静静
好利来还能垃圾点吗。。我就问问你，。。,"https://guba.eastmoney.com/news,002729,246238316.html",2016-01-28 11:20:47,好利来还能垃圾点吗。。我就问问你，。。
这股都没人吗？？？？,"https://guba.eastmoney.com/news,002729,246222216.html",2016-01-28 10:47:19,这股都没人吗？？？？
怎么最近这么垃圾呢，。。。涨的，。。。,"https://guba.eastmoney.com/news,002729,246215247.html",2016-01-28 10:34:38,怎么最近这么垃圾呢，。。。涨的，。。。
好利来马上停牌重组，出利好！,"https://guba.eastmoney.com/news,002729,246075328.html",2016-01-27 15:48:47,
大家套多少呢？？？,"https://guba.eastmoney.com/news,002729,245918763.html",2016-01-27 10:28:18,大家套多少呢？？？
卡住了吗？？？52不动了，,"https://guba.eastmoney.com/news,002729,245925435.html",2016-01-27 10:38:19,卡住了吗？？？52不动了，
好利来(002729)龙虎榜数据(01-18),"https://guba.eastmoney.com/news,002729,243452217.html",2016-01-18 16:28:51,"来源：东方财富Choice数据
好利来(002729)2016-01-18因振幅值达15%的证券公布异常交易信息。公开信息显示，买入前5名营业部(机构)和卖出前5名营业部(机构)买入资金合计1019.76万元，占总成交比例34.89%；卖出资金合计875.41万元，占总成交比例29.95%。报收60.32元，涨幅5.05%，成交量50.09万股，成交金额2922.85万元。类型：振幅值达15%的证券
收盘价：60.32元 涨跌幅：5.05 成交量：50.09万股 成交金额：2922.85万元
买入金额最大的前5名
序号	交易营业部名称	买入金额(万)	占总成交比例	卖出金额(万)	占总成交比例	净额(万) 
1	机构专用	600.10	20.53%	0.00	0.00%	600.10
2	第一创业证券股份有限公司上海巨野路证券营业部	120.30	4.12%	0.00	0.00%	120.30
3	中泰证券股份有限公司杭州求是路证券营业部	107.06	3.66%	0.00	0.00%	107.06
4	机构专用	91.57	3.13%	0.00	0.00%	91.57
5	中信建投证券股份有限公司北京东直门南大街证券营业部	88.79	3.04%	0.00	0.00%	88.79
卖出金额最大的前5名
序号	交易营业部名称	买入金额(万)	占总成交比例	卖出金额(万)	占总成交比例	净额(万)
1	机构专用	0.00	0.00%	336.36	11.51%	-336.36
2	联讯证券股份有限公司常州太湖中路营业部	0.00	0.00%	256.55	8.78%	-256.55
3	华泰证券股份有限公司常州和平北路证券营业部	11.94	0.41%	95.81	3.28%	-83.87
4	招商证券股份有限公司北京北三环东路证券营业部	0.00	0.00%	95.48	3.27%	-95.48
5	方正证券股份有限公司岳阳东茅岭证券营业部	0.00	0.00%	91.20	3.12%	-91.20
数据来源：东方财富choice数据
沪深交易龙虎榜数据一览好利来龙虎榜数据一览
（来源：东方财富Choice数据 2016-01-18 16:27） [点击查看原文]"
妈D你就不能出点好的公告吗？,"https://guba.eastmoney.com/news,002729,244597871.html",2016-01-21 19:26:43,妈D你就不能出点好的公告吗？
我关注的几个次新，一半都预告除权送股了，好利来什么时候呢？,"https://guba.eastmoney.com/news,002729,244379259.html",2016-01-21 08:13:30,"这个吧好冷清。看来散户不多，主力也真是没力啊。
我关注的次新经常来回买进卖出的，也就四个，蓝晓科技，濮阳惠成，国恩股份，好利来。
好利来上市最早，盘子最小，就是收益差了些，怎么就是没动静呢？"
哎哟，吓死了,"https://guba.eastmoney.com/news,002729,244202446.html",2016-01-20 15:10:37,哎哟，吓死了
快买具备连续涨停板股票600116！养老金入市！,"https://guba.eastmoney.com/news,002729,243365687.html",2016-01-18 13:09:51,快买具备连续涨停板股票600116！养老金入市！
今天买了，明天涨停！,"https://guba.eastmoney.com/news,002729,242831864.html",2016-01-15 16:48:43,今天买了，明天涨停！
再次冲锋板子价节奏啊，主力加油 64.46 可以有 加油,"https://guba.eastmoney.com/news,002729,242608115.html",2016-01-15 09:40:36,V5
2729 今天会拉板吗？主力加油，我盘感要拉板 主力给我冲,"https://guba.eastmoney.com/news,002729,242375887.html",2016-01-14 13:43:38,
反弹有限：不跌破50元怎么企稳呢？不明白小散怎么会接受,"https://guba.eastmoney.com/news,002729,241884193.html",2016-01-13 11:08:40,反弹有限：不跌破50元怎么企稳呢？不明白小散怎么会接受----
好利来:关于使用闲置募集资金及自有资金购买银行理财产品的进展公告,"https://guba.eastmoney.com/news,002729,241415012.html",2016-01-12 11:46:37,"公告日期：2016-01-12
股票代码：002729 股票简称：好利来 公告编号：2016-003

好利来（中国）电子科技股份有限公司

关于使用闲置募集资金及自有资金购买银行理财产品的进展公告

本公司及董事会全体成员保证信息披露内容的真实、准确和完整，没有虚假记载、误导性陈述或重大遗漏。

好利来（中国）电子科技股份有限公司（以下简称“公司”）于2015年4月24日召开第二届董事会第十四次会议及2015年5月18日召开2014年度股东大会，审议通过《关于使用闲置募集资金及自有资金购买银行理财产品的议案》，同意公司及全资子公司使用不超过人民币18,500万元额度的闲置募集资金及自有资金（其中闲置募集资金5,000万元，闲置自有资金13,500万元）进行现金管理，选择适当的时机，阶段性购买安全性、流动性较高的商业银行保本型理财产品。

在上述额度内，资金可以滚动使用，有效期自股东大会审议通过之日起12个月内。同时，授权公司财务部负责具体实施现金管理工作，授权公司法定代表人全权代表公司签署上述现金管理业务的有关合同及文件。公司监事会、独立董事、保荐机构对此发表了同意或无异议的意见。具体内容详见2015年4月28日及2015年5月19日公司在《证券时报》、《证券日报》、《中国证券报》、《上海证券报》和巨潮资讯网（www.cninfo.com.cn）刊登的相关公告。

根据上述决议，公司于2016年1月11日与厦门农村商业银行股份有限公司签订了《厦门农商银行“丰泰”人民币理财计划产品协议》及其产品说明书，使用闲置募集资金及自有资金人民币7,000万元（其中闲置募集资金1,000万元，闲置自有资金6,000万元）购买厦门农商银行“丰泰”人民币理财计划产品。

具体内容如下：

一、理财产品基本情况

（一）产品名称：厦门农商银行丰泰人民币理财计划

（二）产品类型：保本浮动收益型

（三）投资币种：人民币

（四）投资范围：本理财计划主要投资于债券（包括但不限于国债、地方政府债、金融债、中央银行票据、短期融资券、超短期融资券、中期票据、非公开定向融资工具、公司债、企业债、交易所债券、可转债、资产支持证券等）及货币市场工具（现金、同业拆借、同业存款、同业借款、债券回购、票据质押式回购等低风险同业资金业务）、商业银行或其他符合资质的金融机构发行的固定收益类投资工具（信托计划、信托计划受益权、券商资产管理计划、公募基金、私募基金及专项资产管理计划等）和其他符合监管要求的投资品种。

（五）购买理财产品金额：人民币7,000万元

（六）预期最高年化收益率（扣除各项费用后）：4.35%/年

（七）产品起息日：2016年1月12日

（八）产品到期日：2016年4月12日

（九）期限：91天

（十）本金及理财收益支付：存续期满后2个工作日内一次性支付理财产品本金及收益

（十一）资金来源：闲置募集资金及自有资金

（十二）关联关系说明：公司与厦门农村商业银行股份有限公司无关联关系二、风险提示

（一）产品风险

1、信用风险：由于本理财产品资产组合包括货币市场工具、债券及投资于以上范围的信托计划、券商资产管理计划和基金专户理财等，投资者可能面临基础资产项下义务人出现违约的情形，产生收益损失甚至为零的情况。

2、市场风险：本理财产品可能会涉及到利率风险、流动性风险等多种市场风险。

3、流动性风险：投资者只能在合同约定时间获取到期兑付投资金额，可能导致投资者需要资金时不能随时变现，并可能使投资者丧失其他投资机会，或因物价指数的抬升导致收益率低于通货膨胀率，导致实际收益率为负的风险。

4、政策风险：本理财产品是针对当前的相关法规和政策设计的。如国家宏观政策以及市场相关法规政策发生变化，可能影响产品的受理、投资、偿还等的正常进行，甚至导致本理财产品收益降低甚至为零。

5、理财产品不成立风险：本理财产品募集期结束，如本理财产品募集总金额未达到规模下限，或市场发生剧烈波动且经厦门农商银行合理判断难以按照本理财产品说明书规定向客户提供本理财产品，则厦门农商银行有权宣布本理财产品募集失败。如不能起息，投资者的本金将于通告募集失败后3个银行工作日内返还。

6、再投资/提前终止风险：在投资期内，如厦门农商银行提前终止本理财产品，投资者可能面临不能按预期期限取得预期收益及不能进行再投资的风险。

7、不可抗力风险：指由于自然灾害、战争、交易平台系统性故障等不可抗力因素的出现，将严重影响金融市场的正常运行，从而导致本理……
[点击查看PDF原文]
提示：本网不保证其真实性和客观性，一切有关该股的有效信息，以交易所的公告为准，敬请投资者注意风险。
展开阅读全文"
指数都涨了，你还压着干啥,"https://guba.eastmoney.com/news,002729,240909994.html",2016-01-11 13:33:34,
这么压着，就没人敢买了，压单拿开，让散户进来，再杀他多好,"https://guba.eastmoney.com/news,002729,240912871.html",2016-01-11 13:37:14,
质押的意思就是变相表态不减持,"https://guba.eastmoney.com/news,002729,239974041.html",2016-01-08 12:06:09,质押的意思就是变相表态不减持
再卖点就跌停了，自己熔断完事下班。,"https://guba.eastmoney.com/news,002729,240824783.html",2016-01-11 11:01:42,
第一批先来5个板，休息几天，在打穿30,"https://guba.eastmoney.com/news,002729,240849862.html",2016-01-11 11:32:08,1月5号的公告就是告诉北京的孙子，吃了我的，您得给吐出来。不情愿也成，就擎好吧您呐。
好利来:关于股东股份被质押的公告,"https://guba.eastmoney.com/news,002729,239968890.html",2016-01-08 11:47:50,"公告日期：2016-01-08
 好利来

股票代码：002729 股票简称：好利来 公告编号：2016-001

好利来（中国）电子科技股份有限公司

关于股东股份被质押的公告

本公司及董事会全体成员保证信息披露内容的真实、准确和完整，没有虚假记载、误导性陈述或重大遗漏。

好利来（中国）电子科技股份有限公司（以下简称“公司”）近日接到公司股东旭昇亚洲投资有限公司函告，获悉旭昇亚洲投资有限公司所持有本公司的部分股份被质押，具体事项如下：

一、股东股份质押的基本情况

1、股东股份被质押基本情况

是否为第 本次质

一大股东 质押开始 质押 押占其

股东名称 质押股数 质权人 用途

及一致行 日期 到期日 所持股

动人 份比例

至申请解 重庆国际信

旭昇亚洲投 2016年1

是 13,125,000股 除质押登 托股份有限 75% 融资

资有限公司 月5日 记为止 公司

合计 - 13,125,000股 - - - 75% -

注：旭昇亚洲投资有限公司为公司实际控制人之一、董事长黄舒婷100%控制的企业，为公司第二大股东，公司控股股东好利来控股有限公司的一致行动人。

2、股东股份累计被质押的情况

截止公告披露日，旭昇亚洲投资有限公司持有公司股份17,500,000股，占公司股本总额的26.24%。其持有的公司股份累计质押13,125,000股，占公司股本总额的19.68%。

二、备查文件

1、股份质押登记证明；

2、中国证券登记结算有限责任公司股份冻结明细；

3、深交所要求的其他文件。

特此公告！

好利来

好利来（中国）电子科技股份有限公司董事会

2016年1月8日


[点击查看PDF原文]
提示：本网不保证其真实性和客观性，一切有关该股的有效信息，以交易所的公告为准，敬请投资者注意风险。
展开阅读全文"
我一直以为是做蛋糕的那个好利来！,"https://guba.eastmoney.com/news,002729,239694805.html",2016-01-07 19:52:20,如题，要不是熔断闹得我还以为是做蛋糕的！
不科学啊，熔断概念股。不涨停？？,"https://guba.eastmoney.com/news,002729,239593632.html",2016-01-07 14:53:12,不科学啊，熔断概念股。不涨停？？
好利来庄家真的没劲，要爆头了。,"https://guba.eastmoney.com/news,002729,239942963.html",2016-01-08 11:01:26,好利来庄家真的没劲，要爆头了。
好利来不要再做保险丝了，质量太差，老是熔断，改行吧,"https://guba.eastmoney.com/news,002729,239564195.html",2016-01-07 13:33:13,好利来不要再做保险丝了，质量太差，老是熔断，改行吧
看来保险丝的质量很好今天提前下班,"https://guba.eastmoney.com/news,002729,239517021.html",2016-01-07 11:45:23,看来保险丝的质量很好今天提前下班
风雨过后有彩虹,"https://guba.eastmoney.com/news,002729,239479086.html",2016-01-07 10:54:55,风雨过后有彩虹
A股上市公司都需要熔断器，这么大的利好，怎会跌停呢,"https://guba.eastmoney.com/news,002729,239449650.html",2016-01-07 10:25:20,A股上市公司都需要熔断器，这么大的利好，怎会跌停呢
大涨，大牛，牛,"https://guba.eastmoney.com/news,002729,239131176.html",2016-01-06 13:22:14,大涨，大牛，牛
技术性熔断  和物理熔断有什么毛线关系  求解读  在线等,"https://guba.eastmoney.com/news,002729,238595667.html",2016-01-04 22:04:47,技术性熔断 和物理熔断有什么毛线关系 求解读 在线等
熔断概念股  明天必涨,"https://guba.eastmoney.com/news,002729,238592234.html",2016-01-04 21:51:14,熔断概念股 明天必涨
体材虚构，纯属意淫！意淫快乐,"https://guba.eastmoney.com/news,002729,238701012.html",2016-01-05 10:19:28,体材虚构，纯属意淫！意淫快乐
熔断概念股 2市唯一  冲锋吧 收复失地再创新高  加油啊,"https://guba.eastmoney.com/news,002729,238678352.html",2016-01-05 09:43:30,
666666666666666666666666,"https://guba.eastmoney.com/news,002729,238664474.html",2016-01-05 09:21:52,666666666666666666666666
熔断受益概念股——好利来(002729.SZ)，国内产品线最齐全、销售规模最大的,"https://guba.eastmoney.com/news,002729,238497051.html",2016-01-04 15:56:03,熔断受益概念股——好利来(002729.SZ)，国内产品线最齐全、销售规模最大的全球知名熔断器生
熔断器生产龙头企业，明天买入必赚,"https://guba.eastmoney.com/news,002729,238621036.html",2016-01-05 00:22:02,熔断器生产龙头企业，明天买入必赚
明天小买一手纪念一下,"https://guba.eastmoney.com/news,002729,238594602.html",2016-01-04 22:00:28,明天小买一手纪念一下
明天开始，连续十个涨停！,"https://guba.eastmoney.com/news,002729,238589331.html",2016-01-04 21:39:10,明天开始，连续十个涨停！
涨,"https://guba.eastmoney.com/news,002729,238587502.html",2016-01-04 21:31:24,涨
002729,"https://guba.eastmoney.com/news,002729,238561066.html",2016-01-04 19:47:43,熔断受益概念股——好利来(002729.SZ)，国内产品线最齐全、销售规模最大的全球知名熔断器生产商
擦，明天能向上融不？ [围观][想一下],"https://guba.eastmoney.com/news,002729,238558180.html",2016-01-04 19:36:39,擦，明天能向上融不？
大家说说明天怎么走,"https://guba.eastmoney.com/news,002729,238513599.html",2016-01-04 16:48:14,大家说说明天怎么走
A股熔断概念股好利来（002729），主营业务： 熔断器、自复保险丝等过电流、过,"https://guba.eastmoney.com/news,002729,238546075.html",2016-01-04 18:49:58,A股熔断概念股好利来（002729），主营业务： 熔断器、自复保险丝等过电流、过热电路保护元器件的研发、生产和销售
我也来看看,"https://guba.eastmoney.com/news,002729,238544126.html",2016-01-04 18:42:37,我也来看看
明天买好利来,"https://guba.eastmoney.com/news,002729,238543397.html",2016-01-04 18:39:38,明天买好利来
我是来看熔断器的,"https://guba.eastmoney.com/news,002729,238542486.html",2016-01-04 18:35:37,我是来看熔断器的
选好利来熔断器，一熔就断，不断包退。,"https://guba.eastmoney.com/news,002729,238508690.html",2016-01-04 16:32:48,选好利来熔断器，一熔就断，不断包退。
熔断受益概念股——好利来(002729.SZ)，国内产品线最齐全、销售规模最大的,"https://guba.eastmoney.com/news,002729,238532682.html",2016-01-04 17:55:22,熔断受益概念股——好利来(002729.SZ)，国内产品线最齐全、销售规模最大的全球知名熔断器生产商。
明天一字涨停[兴奋][牛][大笑],"https://guba.eastmoney.com/news,002729,238515235.html",2016-01-04 16:53:40,明天一字涨停
明天买好利来，两市唯一熔断器上市公司。,"https://guba.eastmoney.com/news,002729,238511699.html",2016-01-04 16:42:25,明天买好利来，两市唯一熔断器上市公司。
这么大利好，翻倍可期[大笑],"https://guba.eastmoney.com/news,002729,238521436.html",2016-01-04 17:14:41,这么大利好，翻倍可期
建议买入好利来，2016大牛股,"https://guba.eastmoney.com/news,002729,238514456.html",2016-01-04 16:51:04,建议买入好利来，2016大牛股
好利来看好你哦，明天买100股,"https://guba.eastmoney.com/news,002729,238512699.html",2016-01-04 16:45:08,好利来看好你哦，明天买100股
全球熔断受益股  专业生产熔断器 明天备受资金关注了,"https://guba.eastmoney.com/news,002729,238510595.html",2016-01-04 16:38:53,全球熔断受益股 专业生产熔断器 明天备受资金关注了
熔断概念哈哈哈,"https://guba.eastmoney.com/news,002729,238508613.html",2016-01-04 16:32:51,熔断概念哈哈哈
这家公司完蛋了，害了多少散户。,"https://guba.eastmoney.com/news,002729,238503324.html",2016-01-04 16:16:18,这家公司完蛋了，害了多少散户。
熔断概念股，买买买！,"https://guba.eastmoney.com/news,002729,238501635.html",2016-01-04 16:11:06,熔断概念股，买买买！
没道理啊，这股不是做熔断器的么,"https://guba.eastmoney.com/news,002729,238480463.html",2016-01-04 15:07:06,应该是重大利好啊
好利来，名字是好，可惜股价不给力啊，期指大跳水，开门黑  真实不好不利,"https://guba.eastmoney.com/news,002729,238269837.html",2016-01-04 10:00:50,"主力雄起一把吧

杀一把75.36 

加油加油"
78.48 等期指稳定住 那么就突击78.48 主力沉住气,"https://guba.eastmoney.com/news,002729,237791925.html",2015-12-31 13:52:51,"莫着急

我看下午v反转是大概率case"
明天不会买不到了吧？,"https://guba.eastmoney.com/news,002729,190631328.html",2015-07-28 14:35:52,明天不会买不到了吧？
66.98杀入明天75抛,"https://guba.eastmoney.com/news,002729,227058730.html",2015-11-30 16:07:22,应该没问题吧
小庄:逆大势好玩吗？,"https://guba.eastmoney.com/news,002729,237916163.html",2015-12-31 22:14:07,小庄:逆大势好玩吗？
现在 对 就是现在 时点到了，主力冲锋 ！78.48 在招手,"https://guba.eastmoney.com/news,002729,237812260.html",2015-12-31 14:25:19,主力加油
洗盘洗过头了！白洗了。,"https://guba.eastmoney.com/news,002729,237538271.html",2015-12-30 19:01:55,洗盘洗过头了！白洗了。
小庄千万别洗到75.5元以下，否则你的筹码会丢掉的。白洗了！,"https://guba.eastmoney.com/news,002729,237261738.html",2015-12-30 00:08:38,小庄千万别洗到75.5元以下，否则你的筹码会丢掉的。白洗了！
今天短线客都走了，可以向上拉涨板了。,"https://guba.eastmoney.com/news,002729,237261472.html",2015-12-30 00:06:09,今天短线客都走了，可以向上拉涨板了。
明天高开直接上板[拜神][拜神][拜神][拜神],"https://guba.eastmoney.com/news,002729,237188550.html",2015-12-29 18:02:49,明天高开直接上板
2729 主力你搞毛啊 等啥 不飙一把 ，大家都散了啊 墨迹啥子,"https://guba.eastmoney.com/news,002729,237054465.html",2015-12-29 14:19:21,
主力你睡醒了吗？给我飙一把 收复失地！79.5 在招手！,"https://guba.eastmoney.com/news,002729,237002958.html",2015-12-29 13:27:11,
主力快快加油 收复失地 期指现在稳定了，你要起床干活啦 fight,"https://guba.eastmoney.com/news,002729,236917327.html",2015-12-29 10:14:36,"兔子你就冲吧
先拿下77.9 
再攻失地79.5"
此股就是摇钱树。！,"https://guba.eastmoney.com/news,002729,236935743.html",2015-12-29 10:41:20,此股就是摇钱树。！
我来了，尾盘抢入,"https://guba.eastmoney.com/news,002729,236725226.html",2015-12-28 15:45:13,
耶。！,"https://guba.eastmoney.com/news,002729,236926788.html",2015-12-29 10:28:11,耶。！
好股！,"https://guba.eastmoney.com/news,002729,236926195.html",2015-12-29 10:27:17,好股！
涨得好。！,"https://guba.eastmoney.com/news,002729,236925251.html",2015-12-29 10:25:48,涨得好。！
暴涨，名牌股。！,"https://guba.eastmoney.com/news,002729,236922822.html",2015-12-29 10:22:16,暴涨，名牌股。！
主力准备好了吗？开启一把逆势飙 秀秀存在感啊,"https://guba.eastmoney.com/news,002729,236915932.html",2015-12-29 10:12:37,主力加油 加油 看好你啊
暴涨了！,"https://guba.eastmoney.com/news,002729,236888350.html",2015-12-29 09:29:29,暴涨了！
此股是名牌！他让所有股民震惊和兴奋。！,"https://guba.eastmoney.com/news,002729,236870153.html",2015-12-29 07:57:08,此股是名牌！他让所有股民震惊和兴奋。！
没想到这庄敢逆市拉，有实力的雄庄！,"https://guba.eastmoney.com/news,002729,236712967.html",2015-12-28 15:13:04,没想到这庄敢逆市拉，有实力的雄庄！
尾盘大手笔出货 主力不封涨停 为什么？,"https://guba.eastmoney.com/news,002729,236707447.html",2015-12-28 15:03:56,尾盘大手笔出货 主力不封涨停 为什么？明天别来个低开哦
再大涨我一定交出筹码！,"https://guba.eastmoney.com/news,002729,236713947.html",2015-12-28 15:14:46,再大涨我一定交出筹码！
牛叉,"https://guba.eastmoney.com/news,002729,236713463.html",2015-12-28 15:13:54,牛叉
连续大涨是必须的！,"https://guba.eastmoney.com/news,002729,236522295.html",2015-12-28 08:38:12,连续大涨是必须的！
奥特曼准备  一级准备 二级准备 三级准备 火箭发射 板子价79.69 妥妥的 加油 主力加油！,"https://guba.eastmoney.com/news,002729,236679018.html",2015-12-28 14:20:01,"哥们
姐们
大大小小们

一鼓作气拿下板子价 
这个是可以有的"
此股是名牌。！,"https://guba.eastmoney.com/news,002729,236664659.html",2015-12-28 13:58:07,此股是名牌。！
板子价 79.69 在招手，主力同志 利索点 冲锋！,"https://guba.eastmoney.com/news,002729,236634688.html",2015-12-28 13:07:16,冲啊
洗盘结束，暴涨开始。！,"https://guba.eastmoney.com/news,002729,236606314.html",2015-12-28 11:24:17,洗盘结束，暴涨开始。！
好利来了。！,"https://guba.eastmoney.com/news,002729,236594247.html",2015-12-28 11:04:38,好利来了。！
目标价160元。！,"https://guba.eastmoney.com/news,002729,236585384.html",2015-12-28 10:50:59,目标价160元。！
拿好了！十个涨停。！,"https://guba.eastmoney.com/news,002729,236584217.html",2015-12-28 10:49:13,拿好了！十个涨停。！
涨停了。！,"https://guba.eastmoney.com/news,002729,236579968.html",2015-12-28 10:42:51,涨停了。！
一群唱空目光短浅的人真是可悲。,"https://guba.eastmoney.com/news,002729,235260402.html",2015-12-25 09:44:13,一群唱空目光短浅的人真是可悲。
今天好利来借势大幅洗盘，拿好了明天估计开涨。,"https://guba.eastmoney.com/news,002729,234554468.html",2015-12-23 19:13:34,今天好利来借势大幅洗盘，拿好了明天估计开涨。别被洗出局了
请问贵公司年报预约在何时,"https://guba.eastmoney.com/news,002729,915063611.html",2015-12-23 16:04:00,"请问贵公司年报预约在何时 
好利科技
好利来：您好！公司已与深交所预约，将于2016年4月25日披露2015年报。谢谢！
(来自深交所互动易)答复时间 2015-12-23 16:04:00"
下午拉红2%,"https://guba.eastmoney.com/news,002729,233633652.html",2015-12-21 11:15:49,蛋糕，会有的
很明显的拉高出货,"https://guba.eastmoney.com/news,002729,231501588.html",2015-12-14 13:33:05,大伙都散了吧
他唱随唱，好利来一直涨，每一百元不放[俏皮][俏皮][俏皮][大笑][大笑][大,"https://guba.eastmoney.com/news,002729,233406771.html",2015-12-19 23:22:44,他唱随唱，好利来一直涨，每一百元不放
好利来被两个小丑天天唱空，所以还会涨,"https://guba.eastmoney.com/news,002729,233393035.html",2015-12-19 21:39:11,"这两个小丑
我不不点名，大家都知道

庄托2个"
拉动股市，拉动实体经济，可行不？,"https://guba.eastmoney.com/news,002729,233373012.html",2015-12-19 19:20:49,拉动股市，全民炒股，全民赚钱，促进消费，拉动实体经济，可行不？
股本小。逐步买进。,"https://guba.eastmoney.com/news,002729,233028182.html",2015-12-18 11:37:12,业绩还好。但近来涨多了。建议仅少量买进，高抛低吸降低风险。
喊起来，好利来就是好运来,"https://guba.eastmoney.com/news,002729,233025351.html",2015-12-18 11:31:03,好运来就是好利来，买了好利来，过年到100.
好利来机构买单了，抢筹啊,"https://guba.eastmoney.com/news,002729,232962371.html",2015-12-18 10:09:39,刚才几万股压单，被吃掉了
好利来临界点来临，很可能随时随地涨停。抢筹抢筹,"https://guba.eastmoney.com/news,002729,232696236.html",2015-12-17 13:55:37,好利来临界点来临，很可能随时随地涨停。抢筹抢筹
庄家太不懂事了，这么好的行情不拉。简直是无耻啊让我们喊起来，，好利来好运来，,"https://guba.eastmoney.com/news,002729,232288887.html",2015-12-16 12:29:28,庄家太不懂事了，这么好的行情不拉。简直是无耻啊让我们喊起来，，好利来好运来，好运来就是好利来
666,"https://guba.eastmoney.com/news,002729,231401590.html",2015-12-14 10:00:15,
大家预备一起唱，好运来就是好利来，好利来买了好运来。过节前买了好利来，过节后大家,"https://guba.eastmoney.com/news,002729,230843324.html",2015-12-11 12:28:39,大家预备一起唱，好运来就是好利来，好利来买了好运来。过节前买了好利来，过节后大家好运来。买了好利来，过节到100。不买好利来，家家霉运来。
主动买套就是我，买了好利来，全家过节好运来,"https://guba.eastmoney.com/news,002729,230195540.html",2015-12-09 18:15:57,主动买套就是我，买了好利来，全家过节好运来
"天空发出柔和的光辉,澄清又缥缈,","https://guba.eastmoney.com/news,002729,230357552.html",2015-12-10 09:56:38,"天空发出柔和的光辉,澄清又缥缈,"
想听见一阵高飞的云雀的歌唱,"https://guba.eastmoney.com/news,002729,230346763.html",2015-12-10 09:43:01,想听见一阵高飞的云雀的歌唱
贵公司今年高送转是什么比例呢,"https://guba.eastmoney.com/news,002729,915087890.html",2015-12-14 13:23:00,"贵公司今年高送转是什么比例呢 
好利科技
好利来：您好！公司目前没有应披露而未披露的信息，请关注公司公告。谢谢！
(来自深交所互动易)答复时间 2015-12-14 13:23:00"
今年继续不送配!,"https://guba.eastmoney.com/news,002729,229215506.html",2015-12-07 10:18:25,今年继续不送配!
好利来:关于办公地址变更的公告,"https://guba.eastmoney.com/news,002729,229392662.html",2015-12-07 16:36:16,"公告日期：2015-12-08
好利来

股票代码： 002729 股票简称：好利来 公告编号： 2015-048

好利来（中国）电子科技股份有限公司

关于办公地址变更的公告

本公司及董事会全体成员保证信息披露内容的真实、准确和完整，没有虚

假记载、误导性陈述或重大遗漏。

好利来（中国）电子科技股份有限公司（以下简称“公司”） 位于厦门市翔

安区的新厂房已竣工，公司已于 2015 年 12 月 5 日（星期六） 整体搬迁至新厂

房办公，现将新的办公地址公告如下：

办公地址： 厦门市翔安区舫山东二路 829 号

邮政编码： 361101

公司迁入新办公地址后，联系电话、 传真、电子邮箱保持不变。 具体如下：

联系电话： 86-592-5772288

传 真： 86-592-5760888

电子邮箱： securities@hollyfuse.com

变更后的办公地址自 2015 年 12 月 7 日（星期一） 正式启用，敬请广大投

资者关注。

特此公告！

好利来（中国）电子科技股份有限公司董事会

2015 年 12 月 7 日
[点击查看PDF原文]
提示：本网不保证其真实性和客观性，一切有关该股的有效信息，以交易所的公告为准，敬请投资者注意风险。"
此乃“神票”，暴跌时立马介入！估计90%的人会被洗出去。,"https://guba.eastmoney.com/news,002729,226803619.html",2015-11-29 21:59:37,此乃“神票”，暴跌时立马介入！估计90%的人会被洗出去。
002729今日涨停,"https://guba.eastmoney.com/news,002729,228418070.html",2015-12-04 09:36:57,002729今日涨停
谁来说说好利来？,"https://guba.eastmoney.com/news,002729,227526079.html",2015-12-01 20:45:28,谁来说说好利来？
迟早到100块，盘子小的我都想做大股东了,"https://guba.eastmoney.com/news,002729,227296311.html",2015-12-01 11:00:45,迟早到100块，盘子小的我都想做大股东了
002705新宝股份--002板块复权后价格第一低,"https://guba.eastmoney.com/news,002729,227069821.html",2015-11-30 16:54:55,"新宝股份--002板块复权后价格第一低，低市盈率，业绩高增长，高含权，锂电池，电商，中金汇金概念！
0027XX今天涨停板的一大堆。主要集中在未送配过的，复权后价格偏低的
如002746仙坛股份，002724海洋王，002729好利来，002763汇洁股份，002676顺威股份，02738中矿资源，002759天际股份，002753永东股份。及近期除权填权的如002750龙津药业，002702海欣食品，002706良信电器。"
明天庄家继续疯狂出货好利来！！！,"https://guba.eastmoney.com/news,002729,201223984.html",2015-09-09 15:53:57,
大盘下来它比谁都跑的快,"https://guba.eastmoney.com/news,002729,202595763.html",2015-09-16 11:07:57,大盘下来它比谁都跑的快
交易互换就是鸡窝倒鸭窝吧，呵呵，把大盘倒的和断崖似的,"https://guba.eastmoney.com/news,002729,226816423.html",2015-11-29 23:51:09,瞎倒腾一阵，坑散户！
有资金在大肆出逃好利来,"https://guba.eastmoney.com/news,002729,205666361.html",2015-10-09 10:29:08,
砸盘出货,"https://guba.eastmoney.com/news,002729,200688691.html",2015-09-07 13:57:06,没人跟的结果
狗屎一堆的好利来,"https://guba.eastmoney.com/news,002729,204309669.html",2015-09-25 10:53:44,狗屎一堆的好利来
破40元,"https://guba.eastmoney.com/news,002729,226641706.html",2015-11-28 22:09:16,破40元
好利来:关于维护公司股价稳定的公告,"https://guba.eastmoney.com/news,002729,185248949.html",2015-07-10 16:30:50,"公告日期：2015-07-11
 好利来

股票代码：002729 股票简称：好利来 公告编号：2015-031

好利来（中国）电子科技股份有限公司

关于维护公司股价稳定的公告

本公司及董事会全体成员保证信息披露内容的真实、准确和完整，没有虚假记载、误导性陈述或重大遗漏。

为维护资本市场稳定，保护广大投资者尤其是中小投资者权益，促进公司持续、稳定、健康发展，好利来（中国）电子科技股份有限公司（以下简称“公司”）积极响应中国上市公司协会倡议，以实际行动稳定投资者对公司的市场预期，坚定对公司未来发展的信心。公司控股股东、实际控制人、董事会、管理层及董监高人员一致决定采取以下措施维护证券市场和公司股价的稳定。

1、公司实际控制人、控股股东及董事、监事、高级管理人员半年内不减持公司股票。

2、公司将在法律法规允许的范围内，根据公司实际情况，全力采取各种措施维护公司股价稳定。

3、公司将进一步加强信息披露工作，真实、准确、及时、完整地披露公司信息。

4、公司目前经营情况稳定，将坚持踏实做好企业、诚信经营、规范运作，持续推进转型升级，不断提升公司业绩，优化投资者回报，增加公司长期价值投资的吸引力。

5、公司将进一步加强投资者关系管理，坚定投资者信心。

特此公告！

好利来（中国）电子科技股份有限公司董事会

2015年7月10日


[点击查看PDF原文]
提示：本网不保证其真实性和客观性，一切有关该股的有效信息，以交易所的公告为准，敬请投资者注意风险。"
连续5天流出来！！！真没意思了,"https://guba.eastmoney.com/news,002729,207314332.html",2015-10-20 10:13:32,连续5天流出来！！！真没意思了
股吧里怎么,"https://guba.eastmoney.com/news,002729,226750857.html",2015-11-29 15:10:11,股吧里怎么
尊敬的董秘：请问截止11 月30日贵公司股东人数是多少？谢谢解答！,"https://guba.eastmoney.com/news,002729,915120901.html",2015-11-30 13:10:00,"尊敬的董秘：请问截止11 月30日贵公司股东人数是多少？谢谢解答！ 
好利科技
好利来：您好！公司将会在定期报告中披露公司股东人数信息，您也可持股东账户卡及身份证至公司查询相关股东信息。谢谢！
(来自深交所互动易)答复时间 2015-11-30 13:10:00"
拉高 诱多散户 圈套,"https://guba.eastmoney.com/news,002729,200717310.html",2015-09-07 14:54:55,rt
好利来近几日尾盘资金流出严重，中国俗话事不过三，已然3跌，明无起色，卖之。,"https://guba.eastmoney.com/news,002729,194419912.html",2015-08-12 22:10:09,好利来近几日尾盘资金流出严重，中国俗话事不过三，已然3跌，明无起色，卖之。
空仓了，跌吧,"https://guba.eastmoney.com/news,002729,194893715.html",2015-08-14 13:38:53,空仓了，跌吧
大资金疯狂出逃好利来 杀破40元,"https://guba.eastmoney.com/news,002729,202842333.html",2015-09-17 10:52:52,
"反弹就是逃命的机会,主力不会抬轿的,还是那句话,不作不死","https://guba.eastmoney.com/news,002729,186379625.html",2015-07-15 11:06:30,作死的节奏
小非在疯狂出逃好利来,"https://guba.eastmoney.com/news,002729,203452375.html",2015-09-21 10:56:05,
被骗的进来，我早都说了一次。这主力是有货出不了。,"https://guba.eastmoney.com/news,002729,196495199.html",2015-08-20 15:28:40,我说是不是，早跟你们说了，这股打着证金的口号来骗人，现在大家知道他是什么货了吧。都散了吧~
我的团队今天彻底清仓17.77万超级大肉股好利来,"https://guba.eastmoney.com/news,002729,201223787.html",2015-09-09 15:52:57,
近期庄家在大肆出货好利来第一目标砸破50元,"https://guba.eastmoney.com/news,002729,201223505.html",2015-09-09 15:51:33,
总算明白为何好利来跌了。有了大宗交易。是为了护盘。所以大盘涨它就跌，走势跟中国银,"https://guba.eastmoney.com/news,002729,203513058.html",2015-09-21 14:31:54,总算明白为何好利来跌了。有了大宗交易。是为了护盘。所以大盘涨它就跌，走势跟中国银行一样。
配资资金继续出逃好利来,"https://guba.eastmoney.com/news,002729,205666670.html",2015-10-09 10:29:57,
有超大资金在出货好利来啊  上面抛盘汹涌啊,"https://guba.eastmoney.com/news,002729,207124731.html",2015-10-19 11:26:01,赶快清仓好利来吧盆友们
抛盘汹涌的好利来蛋糕,"https://guba.eastmoney.com/news,002729,207124954.html",2015-10-19 11:26:36,
好利来应该离破产不远了吧？一路下跌,"https://guba.eastmoney.com/news,002729,203161696.html",2015-09-18 14:13:10,好利来应该离破产不远了吧？一路下跌
好利来:预计12月将完成整体搬迁工作,"https://guba.eastmoney.com/news,002729,226095616.html",2015-11-27 12:33:09,"好利来（002729）周五在全景网互动平台上表示，公司整体搬迁工作目前正在稳步推进中，预计将于12月完成整体搬迁工作。

　　好利来自设立以来一直致力于熔断器、自复保险丝等过电流、过热电路保护元器件的研发、生产和销售，并积极向过电压电路保护领域发展。（全景网）"
尊敬的董秘：贵公司发明专利只有一项，其它全是新型实用，为何没有新的发明专利？公司,"https://guba.eastmoney.com/news,002729,915125082.html",2015-11-27 10:16:00,"尊敬的董秘：贵公司发明专利只有一项，其它全是新型实用，为何没有新的发明专利？公司如何保证技术创新?有哪些措施？ 
好利科技
好利来：感谢您对公司的关注，公司会一直致力于产品及技术创新，增强企业核心竞争力。谢谢！
(来自深交所互动易)答复时间 2015-11-27 10:16:00"
价由到高了。卖出,"https://guba.eastmoney.com/news,002729,225962674.html",2015-11-27 08:18:14,高抛低吸
安全上涨,"https://guba.eastmoney.com/news,002729,225568015.html",2015-11-26 08:56:23,安全上涨
您好！请问公司有中文官方网站吗？公司主营业务涉及无线电领域吗?谢谢！,"https://guba.eastmoney.com/news,002729,915125025.html",2015-11-27 10:45:00,"您好！请问公司有中文官方网站吗？公司主营业务涉及无线电领域吗?谢谢！ 
好利科技
好利来：: 您好！公司网站地址为http://www.hollyfuse.com，如您登陆进去首页显示为英文，点击主页最上方“简体”即可浏览中文页面。公司主营电路保护元器件的研发、生产及销售，电路保护元器件的应用领域极其广阔，几乎涉及到所有用电的产品、设备都要用到电路保护元器件。谢谢！
(来自深交所互动易)答复时间 2015-11-27 10:45:00"
我看中了这货！！！,"https://guba.eastmoney.com/news,002729,221989856.html",2015-11-17 00:05:08,我看中了这货！！！
你好！公司搬迁工作进行的哪一步了？公司外延发展有何考虑？在新品研发方面有什么计划,"https://guba.eastmoney.com/news,002729,915125036.html",2015-11-27 10:34:00,"你好！公司搬迁工作进行的哪一步了？公司外延发展有何考虑？在新品研发方面有什么计划？谢谢！ 
好利科技
好利来：: 您好！公司整体搬迁工作目前正在稳步推进中，预计将于12月完成整体搬迁工作，搬迁至新厂房后公司会及时披露。公司目前暂无具体的收购兼并计划。但随着规模的扩大、实力的增强，公司将按照总体规划和业务发展战略，本着对股东有利、对公司发展有利的基本原则，围绕公司的核心业务，适时、稳妥地兼并收购国内外同行业企业，进行技术、市场资源的战略整合，实现公司的低成本快速扩张，增强公司的整体竞争力。谢谢！
(来自深交所互动易)答复时间 2015-11-27 10:34:00"
本周过7就满意，不期望再高了,"https://guba.eastmoney.com/news,002729,225430411.html",2015-11-25 15:03:17,
收盘来个66.66,"https://guba.eastmoney.com/news,002729,225423849.html",2015-11-25 14:53:56,今天就ok了
近日资金流入，持股待涨。,"https://guba.eastmoney.com/news,002729,225353054.html",2015-11-25 13:21:01,近日资金流入，持股待涨。
我以62.64元买入好利来  (002729)，理由是，不是我的钱,"https://guba.eastmoney.com/news,002729,224747022.html",2015-11-23 13:49:08,"我以62.64元买入好利来 (002729)，理由是，不是我的钱
HUULEBAA
用户4058094286278658创建了投资组合
组合 id:1063746
2015/8/6 0:14:57投资组合吧"
快速买入,"https://guba.eastmoney.com/news,002729,225074658.html",2015-11-24 14:38:15,快速买入
股价低估，买入。,"https://guba.eastmoney.com/news,002729,225043327.html",2015-11-24 13:47:53,股价低估，买入。
好利来:2014年年度权益分派实施公告,"https://guba.eastmoney.com/news,002729,181962124.html",2015-07-01 19:08:51,"公告日期：2015-07-02
 好利来

股票代码：002729 股票简称：好利来 公告编号：2015-028

好利来（中国）电子科技股份有限公司

2014年年度权益分派实施公告

本公司及董事会全体成员保证信息披露内容的真实、准确和完整，没有虚假记载、误导性陈述或重大遗漏。

好利来（中国）电子科技股份有限公司（以下简称“公司”或“本公司”），2014年年度权益分派方案已获2015年5月18日召开的2014年度股东大会审议通过，现将权益分派事宜公告如下：

一、权益分派方案

本公司2014年年度权益分派方案为：以公司现有总股本66,680,000股为基数，向全体股东每10股派2.000000元人民币现金（含税；扣税后，QFII、RQFII以及持有股改限售股、首发限售股的个人和证券投资基金每10股派1.800000元；持有非股改、非首发限售股及无限售流通股的个人、证券投资基金股息红利税实行差别化税率征收，先按每10股派1.900000元，权益登记日后根据投资者减持股票情况，再按实际持股期限补缴税款；对于QFII、RQFII外的其他非居民企业，本公司未代扣代缴所得税，由纳税人在所得发生地缴纳。）。

【注：根据先进先出的原则，以投资者证券账户为单位计算持股期限，持股1个月（含1个月）以内，每10股补缴税款0.300000元；持股1个月以上至1年（含1年）的，每10股补缴税款0.100000元；持股超过1年的，不需补缴税款。】

本次实施的分配方案与股东大会审议通过的分配方案一致。

二、股权登记日与除权除息日

本次权益分派股权登记日为：2015年7月8日，除权除息日为：2015年7月9日。

三、权益分派对象

本次分派对象为：截止2015年7月8日下午深圳证券交易所收市后，在中国证券登记结算有限责任公司深圳分公司（以下简称“中国结算深圳分公司”） 好利来

登记在册的本公司全体股东。

四、权益分派方法

1、本公司此次委托中国结算深圳分公司代派的现金红利将于2015年7月9日通过股东托管证券公司（或其他托管机构）直接划入其资金账户。

2、以下A股股东的现金红利由本公司自行派发：首发前机构类限售股 3、以下A股股东的现金红利由本公司自行派发：

序号 股东账号 股东名册

1 08*****423 好利来控股有限公司

2 08*****424 旭昇亚洲投资有限公司

3 08*****373 厦门乔彰投资咨询有限公司

4 08*****380 厦门衡明企业管理咨询有限公司

五、有关咨询方法

咨询机构：公司证券投资部

咨询地址：厦门市湖里区枋湖路9-19号

咨询联系人：林琼、胡传盛

咨询电话：86-592-5772288

传真电话：86-592-5760888

六、备查文件

1、《好利来（中国）电子科技股份有限公司2014年度股东大会决议》；

2、中国结算深圳分公司确认有关权益分派具体时间安排的文件；

3、深交所要求的其他文件。

特此公告！

好利来（中国）电子科技股份有限公司董事会

2015年7月1日


[点击查看PDF原文]
提示：本网不保证其真实性和客观性，一切有关该股的有效信息，以交易所的公告为准，敬请投资者注意风险。
展开阅读全文"
