标题,链接,发布时间,内容
董事长都跑了，股价还能上去吗？,"https://guba.eastmoney.com/news,002902,1016659292.html",2021-03-25 10:23:57,董事长都跑了，股价还能上去吗？
这公司业绩是王小二过年，一年不如一年，包装上市终会显原形，大股东疯狂减持跑路，退,"https://guba.eastmoney.com/news,002902,1016658020.html",2021-03-25 10:22:51,这公司业绩是王小二过年，一年不如一年，包装上市终会显原形，大股东疯狂减持跑路，退市是必然的！
哈哈，谁砸谁倒霉,"https://guba.eastmoney.com/news,002902,1016646260.html",2021-03-25 10:11:47,
这个确实猛,"https://guba.eastmoney.com/news,002902,1016632165.html",2021-03-25 10:00:20,这个确实猛
退市是肯定的，因为铭普光磁公司基本面已经严重恶化，公司股价还要大跌，大跌，大跌。,"https://guba.eastmoney.com/news,002902,1016618307.html",2021-03-25 09:50:55,退市是肯定的，因为铭普光磁公司基本面已经严重恶化，公司股价还要大跌，大跌，大跌。
一群由文肓和社会混混组成的铭普光磁垃圾公司，没有技术，没有产品，没有订单，更没有,"https://guba.eastmoney.com/news,002902,1016614301.html",2021-03-25 09:49:14,一群由文肓和社会混混组成的铭普光磁垃圾公司，没有技术，没有产品，没有订单，更没有业绩，去年全年严重亏损，现在公司基本面又严重恶化，绝对要退市的。
跌跌不休,"https://guba.eastmoney.com/news,002902,1016613984.html",2021-03-25 09:49:01,跌跌不休
跌停跌停,"https://guba.eastmoney.com/news,002902,1016610593.html",2021-03-25 09:45:55,跌停跌停
我撤了留下的兄弟发财去国联证券玩玩,"https://guba.eastmoney.com/news,002902,1016358550.html",2021-03-24 14:20:52,我撤了 留下的兄弟发财 去国联证券玩玩
明天赶紧买多点进货,"https://guba.eastmoney.com/news,002902,1016488706.html",2021-03-24 21:07:36,明天赶紧买多点进货
五个涨停板，,"https://guba.eastmoney.com/news,002902,1016395996.html",2021-03-24 15:03:05,五个涨停板，
尾盘有千手哥喔，明天向上突破！！！,"https://guba.eastmoney.com/news,002902,1016437280.html",2021-03-24 17:00:39,尾盘有千手哥喔，明天向上突破！！！
看到主力被禁言了,"https://guba.eastmoney.com/news,002902,1016393022.html",2021-03-24 14:58:55,看到主力被禁言了
不能这样洗盘呀，韭菜就这样被割了，前段时间刚刚割肉,"https://guba.eastmoney.com/news,002902,1016409992.html",2021-03-24 15:34:52,不能这样洗盘呀，韭菜就这样被割了，前段时间刚刚割肉
公司内部己经大乱了，退市，退市，退市！,"https://guba.eastmoney.com/news,002902,1016409854.html",2021-03-24 15:34:45,公司内部己经大乱了，退市，退市，退市！
公司股东对自己公司严重失望，公司绝对要完蛋了，公司内部乱套了。,"https://guba.eastmoney.com/news,002902,1016408519.html",2021-03-24 15:31:28,公司股东对自己公司严重失望，公司绝对要完蛋了，公司内部乱套了。
公司乱了,"https://guba.eastmoney.com/news,002902,1016407636.html",2021-03-24 15:28:50,公司乱了
2+1全部减持完，变相锁定额外2%，因为时间不允许了，若要坚持必再出公告！利空落,"https://guba.eastmoney.com/news,002902,1015984047.html",2021-03-23 17:44:34,2+1全部减持完，变相锁定额外2%，因为时间不允许了，若要坚持必再出公告！利空落地。 行家帮着分析下在理不？大家看看12月3日的公告，大盘不好，这票近期不要盲目看空。个人观点，大家留言
"看月线已经是大底了,不可能再创新低了,坐等下午反抽","https://guba.eastmoney.com/news,002902,1016299400.html",2021-03-24 13:10:45,"看月线已经是大底了,不可能再创新低了,坐等下午反抽"
这是肿么啦[为什么][为什么][为什么],"https://guba.eastmoney.com/news,002902,1016391519.html",2021-03-24 14:56:55,这是肿么啦
啥情况,"https://guba.eastmoney.com/news,002902,1016389874.html",2021-03-24 14:55:14,
威武,"https://guba.eastmoney.com/news,002902,1016390401.html",2021-03-24 14:55:56,威武
扬先进，你真垃，自己都不看好自己的公司，我机构还会看好你吗？,"https://guba.eastmoney.com/news,002902,1016361113.html",2021-03-24 14:24:12,扬先进，你真垃，自己都不看好自己的公司，我机构还会看好你吗？
锁仓,"https://guba.eastmoney.com/news,002902,1016269470.html",2021-03-24 11:48:25,锁仓
都死心吧，以为频发利好是为了拉升股价，配合大股东减持，谁知市场不认可，大股东却还,"https://guba.eastmoney.com/news,002902,1016085708.html",2021-03-24 08:23:48,都死心吧，以为频发利好是为了拉升股价，配合大股东减持，谁知市场不认可，大股东却还在如此低位进行减持。现在大股东90日内不能减持，股价涨跌已无所谓。只剩深套其中的韭菜在瑟瑟发抖。
你可真是一坨,"https://guba.eastmoney.com/news,002902,1016235370.html",2021-03-24 11:06:18,你可真是一坨
套路太深，我要回农村。为了减持，频发利好，进场未深套的及时离场。,"https://guba.eastmoney.com/news,002902,1016022950.html",2021-03-23 21:06:12,套路太深，我要回农村。为了减持，频发利好，进场未深套的及时离场。
我也在11.3减持了，[想一下][想一下][想一下]暂定10.7接回，最好有10,"https://guba.eastmoney.com/news,002902,1016020938.html",2021-03-23 20:56:06,我也在11.3减持了，暂定10.7接回，最好有10.5以下接回机会
大宗减持那么多么[哭][哭][哭][哭],"https://guba.eastmoney.com/news,002902,1015978588.html",2021-03-23 17:18:41,大宗减持那么多么
多部门：利用5G、大数据等新一代信息技术大力发展智能制造,"https://guba.eastmoney.com/news,002902,1015963092.html",2021-03-23 16:09:30,多部门：利用5G、大数据等新一代信息技术大力发展智能制造
铭普会即将起飞吗？,"https://guba.eastmoney.com/news,002902,1015876189.html",2021-03-23 13:52:29,铭普会即将起飞吗？
始终坚信；铭普光磁公司去年全年和四季度大幅亏损，公司基本面己经严重恶化，严重恶化,"https://guba.eastmoney.com/news,002902,1015853831.html",2021-03-23 13:24:23,始终坚信；铭普光磁公司去年全年和四季度大幅亏损，公司基本面己经严重恶化，严重恶化，公司股价还要大跌！公司股价还要大跌！大跌！大跌！
退市！退市！退市！退市！退市！退市！退市！退市！退市！退市！退市！退市！利用大宗,"https://guba.eastmoney.com/news,002902,1015850236.html",2021-03-23 13:19:23,退市！退市！退市！退市！退市！退市！退市！退市！退市！退市！退市！退市！利用大宗交易和发布假冒专利证书掩盖股东出逃，公司一直严重亏损，基本面严重恶化，股价还要大跌，退市是肯定的，只是等待时间。
5G大唐电信涨停了[兴奋][兴奋][兴奋][色][色][色][色][色],"https://guba.eastmoney.com/news,002902,1015767050.html",2021-03-23 10:47:41,5G大唐电信涨停了
听说马化腾越减持，qq越涨！这个属于底部价格确认！不看好，应该一次性全减。只是，,"https://guba.eastmoney.com/news,002902,1015608467.html",2021-03-22 23:45:53,"听说马化腾越减持，qq越涨！这个属于底部价格确认！不看好，应该一次性全减。
只是，他似乎不是热点现在。今天有个20厘米的厂，不知道会不会带一下这只票。
个人觉得这波应该有至少25个点。"
好多百手哥出货,"https://guba.eastmoney.com/news,002902,1015514667.html",2021-03-22 15:45:20,好多百手哥出货
今天有大宗交易10.07.明天还会涨吗？,"https://guba.eastmoney.com/news,002902,1015535415.html",2021-03-22 17:13:40,今天有大宗交易10.07.明天还会涨吗？
谢谢唱空！加油,"https://guba.eastmoney.com/news,002902,1015399063.html",2021-03-22 12:24:12,谢谢唱空！加油
坐等跌停,"https://guba.eastmoney.com/news,002902,1015237206.html",2021-03-22 09:06:44,坐等跌停
拉高出货了，有些人在里面等死,"https://guba.eastmoney.com/news,002902,1015466958.html",2021-03-22 14:18:33,拉高出货了，有些人在里面等死
专利都是假冒的，铭普骗子专利证书都是假冒的。大家千万千万千万不要相信。,"https://guba.eastmoney.com/news,002902,1015434819.html",2021-03-22 13:36:45,专利都是假冒的，铭普骗子专利证书都是假冒的。大家千万千万千万不要相信。
退市！退市！退市！退市！退市！退市！退市！退市！铭普光磁公司专利都是假冒的，确实,"https://guba.eastmoney.com/news,002902,1015433249.html",2021-03-22 13:35:05,退市！退市！退市！退市！退市！退市！退市！退市！铭普光磁公司专利都是假冒的，确实是假冒的，是用钱买的。
今天是假拉高，真出逃，因为铭普光磁公司2020年四季度严重亏损，全年更是严重亏损,"https://guba.eastmoney.com/news,002902,1015430124.html",2021-03-22 13:30:43,今天是假拉高，真出逃，因为铭普光磁公司2020年四季度严重亏损，全年更是严重亏损，4月23公布后，股价将暴跌，所有专利证书都也是假冒的，确实是假冒的，目的是掩盖股东出逃。
这个吧里很多人自以为聪明，以为抓到宝了，抄底炒的很爽，人家都要抄你家了，还自以为,"https://guba.eastmoney.com/news,002902,1015187230.html",2021-03-21 20:40:31,这个吧里很多人自以为聪明，以为抓到宝了，抄底炒的很爽，人家都要抄你家了，还自以为是，明天肯定跌停
明天看你们笑话，[大笑],"https://guba.eastmoney.com/news,002902,1015187306.html",2021-03-21 20:41:29,明天看你们笑话，
明天估计跌破10元，大家有筹码的砸一砸,"https://guba.eastmoney.com/news,002902,1015178508.html",2021-03-21 18:54:01,明天估计跌破10元，大家有筹码的砸一砸
从去年6月份开始至今，国内的磁芯厂，生意异常火爆，磁性元件公司会差吗？好好把握机,"https://guba.eastmoney.com/news,002902,1015185017.html",2021-03-21 20:16:16,从去年6月份开始至今，国内的磁芯厂，生意异常火爆，磁性元件公司会差吗？好好把握机会
大家赶紧买铭普，要发财了,"https://guba.eastmoney.com/news,002902,1015178684.html",2021-03-21 18:56:05,大家赶紧买铭普，要发财了
退市！退市！退市！退市！退市！退市！退市！退市！铭普光磁公司必须退市！,"https://guba.eastmoney.com/news,002902,1015171099.html",2021-03-21 17:11:48,退市！退市！退市！退市！退市！退市！退市！退市！铭普光磁公司必须退市！
己经证实；铭普光磁公司上市就是为了圈钱，公司大股东拼命的减持套现，他们赚的都是净,"https://guba.eastmoney.com/news,002902,1015166694.html",2021-03-21 16:10:48,己经证实；铭普光磁公司上市就是为了圈钱，公司大股东拼命的减持套现，他们赚的都是净利润。当初我是投入五十万元买入的，现在只剩下十三万元了，只要铭普光磁公司能退市，我不要一毛钱了。
退市！退市！退市！退市！退市！退市！退市！退市！唯一出路就是退市！,"https://guba.eastmoney.com/news,002902,1015156611.html",2021-03-21 14:17:55,退市！退市！退市！退市！退市！退市！退市！退市！唯一出路就是退市！
明天退市,"https://guba.eastmoney.com/news,002902,1015149234.html",2021-03-21 12:49:04,明天退市
退市！退市！退市！退市！退市！退市！退市！退市！铭普光磁公司股价随时大跌，最终必,"https://guba.eastmoney.com/news,002902,1015131815.html",2021-03-21 08:59:07,退市！退市！退市！退市！退市！退市！退市！退市！铭普光磁公司股价随时大跌，最终必将退市！退市！
己经反复调研分析证实；铭普光磁公司是由一群文盲和社会混混组成的垃圾公司，公司没有,"https://guba.eastmoney.com/news,002902,1015131244.html",2021-03-21 08:50:32,己经反复调研分析证实；铭普光磁公司是由一群文盲和社会混混组成的垃圾公司，公司没有产品，没有订单，更没有业绩，所以公司股价一直暴跌，退市只是退早的事。恳请广大投资者千万千万千万千万千万千万不要买入了，千万不要抄底，千万不要抄底了，退市就是底。
退市！，，，，，退市，，，，，退市，，，，，，，，,"https://guba.eastmoney.com/news,002902,1015131918.html",2021-03-21 09:00:46,退市！，，，，，退市，，，，，退市，，，，，，，，
韭菜们，下周一收割你们，哈哈,"https://guba.eastmoney.com/news,002902,1015090611.html",2021-03-20 19:11:37,韭菜们，下周一收割你们，哈哈
再郑重说一次；铭普光磁公司发布的专利证书是假的，是骗广大投资者接盘的，发明专利证,"https://guba.eastmoney.com/news,002902,1014963462.html",2021-03-19 20:58:01,再郑重说一次；铭普光磁公司发布的专利证书是假的，是骗广大投资者接盘的，发明专利证书谁有钱都能买到。铭普光磁公司为了掩盖大股东出逃，还有几个大股东也要假减持，真出逃，因为公司确实不好了，最终绝对要退市！绝对要退市！
己经证实；发明专利证书都是用钱买来的，,"https://guba.eastmoney.com/news,002902,1015130912.html",2021-03-21 08:44:28,己经证实；发明专利证书都是用钱买来的，
这货怎么不公布股东人数，从哪问它们,"https://guba.eastmoney.com/news,002902,1015103147.html",2021-03-20 22:00:06,这货怎么不公布股东人数，从哪问它们
何时退市？磨磨唧唧的,"https://guba.eastmoney.com/news,002902,1014977220.html",2021-03-19 22:11:54,何时退市？磨磨唧唧的
加油，大跌，加油，大跌，赶紧卖出，还有最后一个小时,"https://guba.eastmoney.com/news,002902,1014593827.html",2021-03-19 08:43:19,加油，大跌，加油，大跌，赶紧卖出，还有最后一个小时
A股最垃圾的股票非铭普光磁莫属，这股早晚跟乐视和暴风影音一样的结果，想抄底的请慎,"https://guba.eastmoney.com/news,002902,1015090476.html",2021-03-20 19:09:12,A股最垃圾的股票非铭普光磁莫属，这股早晚跟乐视和暴风影音一样的结果，想抄底的请慎重！
不知道为什么有些散户明知道铭普光磁公司要退市，还在买入。,"https://guba.eastmoney.com/news,002902,1014965813.html",2021-03-19 21:11:49,不知道为什么有些散户明知道铭普光磁公司要退市，还在买入。
退市！退市！退市！退市！退市！退市！退市！退市！铭普光磁必将退市！如果没退市，太,"https://guba.eastmoney.com/news,002902,1014966270.html",2021-03-19 21:13:44,"退市！退市！退市！退市！退市！退市！退市！退市！
铭普光磁必将退市！如果没退市，太阳从西边升起，太平洋海水枯干。"
有些人肯定觉得我是反向指标，笑死我了，这个公司没有任何核心技术，一个代工厂，你觉,"https://guba.eastmoney.com/news,002902,1014597084.html",2021-03-19 08:57:29,有些人肯定觉得我是反向指标，笑死我了，这个公司没有任何核心技术，一个代工厂，你觉得他有什么作为
退市！退市！退市！退市！退市！退市！退市！退市！铭普光磁公司2021年业绩更是大,"https://guba.eastmoney.com/news,002902,1014965443.html",2021-03-19 21:09:31,退市！退市！退市！退市！退市！退市！退市！退市！铭普光磁公司2021年业绩更是大幅亏损，公司股价还要大暴跌，绝对要跌到一元以下，实施退市处理。
退市！退市！退市！退市！铭普光磁公司必将实施退市。,"https://guba.eastmoney.com/news,002902,1014963889.html",2021-03-19 21:00:26,退市！退市！退市！退市！铭普光磁公司必将实施退市。
退市,"https://guba.eastmoney.com/news,002902,1014963725.html",2021-03-19 20:59:19,退市
这个垃圾，2021基本在5到8元来回震荡，可能到年底，业绩不好，结果你们知道的，,"https://guba.eastmoney.com/news,002902,1014961520.html",2021-03-19 20:47:45,这个垃圾，2021基本在5到8元来回震荡，可能到年底，业绩不好，结果你们知道的，长痛不如短痛，把筹码都还给他们，他们自己慢慢玩
专利发明多，股价就是不涨。,"https://guba.eastmoney.com/news,002902,1014961042.html",2021-03-19 20:44:57,专利发明多，股价就是不涨。
你看看这家公司的人气，你觉得会有人来接你盘吗？[呲牙][呲牙][呲牙][呲牙],"https://guba.eastmoney.com/news,002902,1014957931.html",2021-03-19 20:26:32,你看看这家公司的人气，你觉得会有人来接你盘吗？
这家公司上市就是圈钱的，你们不要送钱了！,"https://guba.eastmoney.com/news,002902,1014957653.html",2021-03-19 20:25:07,这家公司上市就是圈钱的，你们不要送钱了！
这个股把我害的绝望，希望你退市，2020年-21年直接爆仓，腊鸡,"https://guba.eastmoney.com/news,002902,1014886200.html",2021-03-19 14:58:07,这个股把我害的绝望，希望你退市，2020年-21年 直接爆仓，腊鸡
退市！铭普光磁退市！铭普光磁退市！铭普光磁退市！铭普光磁退市！铭普光磁,"https://guba.eastmoney.com/news,002902,1014947018.html",2021-03-19 19:20:29,"退市！铭普光磁
退市！铭普光磁
退市！铭普光磁
退市！铭普光磁
退市！铭普光磁"
铭普光磁垃圾公司赶快写申请退市！退市！退市！退市退市！退市！退市！退市！退市！退,"https://guba.eastmoney.com/news,002902,1014946596.html",2021-03-19 19:17:38,"铭普光磁垃圾公司赶快写申请退市！退市！退市！退市
退市！退市！退市！退市！退市！退市！退市！退市！"
赶快退市吧，伪科技，组装厂，退市吧！,"https://guba.eastmoney.com/news,002902,1014912213.html",2021-03-19 16:09:52,赶快退市吧，伪科技，组装厂，退市吧！
赶紧买入，为大股东送钱,"https://guba.eastmoney.com/news,002902,1014863049.html",2021-03-19 14:30:07,赶紧买入，为大股东送钱
临si前冲一下！垃圾,"https://guba.eastmoney.com/news,002902,1014876639.html",2021-03-19 14:46:30,临si前冲一下！垃圾
感觉要涨点的意思！跌的不好意思了,"https://guba.eastmoney.com/news,002902,1014834702.html",2021-03-19 13:59:13,感觉要涨点的意思！跌的不好意思了
这货抽冷子要大涨,"https://guba.eastmoney.com/news,002902,1014834401.html",2021-03-19 13:58:52,这货抽冷子要大涨
公司大股东还在继续减持出逃，铭普光磁公司管理层都知道自己公司要完蛋了，都想逃命，,"https://guba.eastmoney.com/news,002902,1014738743.html",2021-03-19 11:11:18,公司大股东还在继续减持出逃，铭普光磁公司管理层都知道自己公司要完蛋了，都想逃命，都想逃命。
快跑,"https://guba.eastmoney.com/news,002902,1014836396.html",2021-03-19 14:01:23,快跑
大股东在最低点减持，老板也太难了！,"https://guba.eastmoney.com/news,002902,1014789694.html",2021-03-19 13:09:15,大股东在最低点减持，老板也太难了！
羊杂低价减持没跌，看来低部形成，稳了！,"https://guba.eastmoney.com/news,002902,1014730225.html",2021-03-19 11:01:41,羊杂低价减持没跌，看来低部形成，稳了！
这垃圾必破十元,"https://guba.eastmoney.com/news,002902,1002552362.html",2021-02-03 13:17:11,
求救看到主力，一起来,"https://guba.eastmoney.com/news,002902,1014707027.html",2021-03-19 10:38:03,求救看到主力，一起来
赶紧跌,"https://guba.eastmoney.com/news,002902,1014703643.html",2021-03-19 10:34:47,赶紧跌
我就不信不跌呢,"https://guba.eastmoney.com/news,002902,1014700710.html",2021-03-19 10:32:04,我就不信不跌呢
跌,"https://guba.eastmoney.com/news,002902,1014658170.html",2021-03-19 09:57:03,跌
今天大跌,"https://guba.eastmoney.com/news,002902,1014593469.html",2021-03-19 08:42:08,今天大跌
我相信这公司最终破产，上市后业绩逐年下降，也就代工点电源小配件，有什么利润呢,"https://guba.eastmoney.com/news,002902,1014592608.html",2021-03-19 08:38:03,我相信这公司最终破产，上市后业绩逐年下降，也就代工点电源小配件，有什么利润呢
物极必反，否极泰来！小市值更利于炒作，机会需要耐心。,"https://guba.eastmoney.com/news,002902,1014504490.html",2021-03-18 19:42:02,物极必反，否极泰来！小市值更利于炒作，机会需要耐心。
今天大跌，下周第一步跌到8元，拭目以待,"https://guba.eastmoney.com/news,002902,1014591605.html",2021-03-19 08:31:26,今天大跌，下周第一步跌到8元，拭目以待
主要是铭普光磁公司自从上市以来一直严重亏损，一直严重亏损，公司没有任何核心竞争能,"https://guba.eastmoney.com/news,002902,1014584478.html",2021-03-19 07:48:44,主要是铭普光磁公司自从上市以来一直严重亏损，一直严重亏损，公司没有任何核心竞争能力，没有一点技术含量的小作坊，今后还要长期亏损，加之公司股东不断的减持、拼命的出逃，公司股价合后只有大跌！大跌！腰斩！腰斩！一元以下退市！退市！
铭普光磁公司现在最理智的办法是；申请退市，申请退市，公司股价已经连续腰斩，大股东,"https://guba.eastmoney.com/news,002902,1014586812.html",2021-03-19 07:59:34,铭普光磁公司现在最理智的办法是；申请退市，申请退市，公司股价已经连续腰斩，大股东还不断减持出逃，请不要坑害广大投资者了，大家更不要买入了。
退市！退市！退市！退市！退市！退市！退市！退市！铭普光磁公司绝对要退市，肯定要退,"https://guba.eastmoney.com/news,002902,1014542960.html",2021-03-18 22:39:23,退市！退市！退市！退市！退市！退市！退市！退市！铭普光磁公司绝对要退市，肯定要退市，退市才是唯一出路。
跪求广大投资者相信，铭普光磁公司就是一个没有任何技术含量的小作坊，公司没有订单，,"https://guba.eastmoney.com/news,002902,1014542399.html",2021-03-18 22:35:47,跪求广大投资者相信，铭普光磁公司就是一个没有任何技术含量的小作坊，公司没有订单，没有产品，更没有盈利和业绩，以前和今后还要大幅严重亏损，公司股价还要大暴跌，断崖式大暴跌，公司股价绝对肯定要跌到一元以下退市！任何人买入必将亏完，血夲无归，忠告广大投资者，千万千万千万切记不要抄底！不要抄底。
外面都是涨停你个傻炮还绿了牛批,"https://guba.eastmoney.com/news,002902,1014537360.html",2021-03-18 22:12:28,外面都是涨停 你个傻炮还绿了 牛批
铭普盘子小，在历史价位中属于低位，题材可操纵性多，历史波段可看出股价容易被控制。,"https://guba.eastmoney.com/news,002902,966319583.html",2020-09-21 04:42:58,铭普盘子小，在历史价位中属于低位，题材可操纵性多，历史波段可看出股价容易被控制。频繁公告利好可看出公司急切希望股价拉升，吸引资金。老板扬先进自锁股份以宽慰大众，可见管理层对股价的看重。想跌到15元的概率极小，上涨希望极大。所以半仓买入，希望这次不要亏钱！！！
请问你们怕不怕？静静的等花开,"https://guba.eastmoney.com/news,002902,1014505183.html",2021-03-18 19:46:34,请问你们怕不怕？静静的等花开
一群买这个股票，放在家里辟邪吗？绿的不够！！！,"https://guba.eastmoney.com/news,002902,1014504541.html",2021-03-18 19:42:13,一群买这个股票，放在家里辟邪吗？绿的不够！！！
这俩,"https://guba.eastmoney.com/news,002902,1014502001.html",2021-03-18 19:29:35,这俩
我相信新进的朋友肯定乐死了，便宜票，但是你忘记了跌到5元，你一样亏50%，所以不,"https://guba.eastmoney.com/news,002902,1014499942.html",2021-03-18 19:19:26,我相信新进的朋友肯定乐死了，便宜票，但是你忘记了跌到5元，你一样亏50%，所以不好随便接盘，没有止跌
再郑重说一次；铭普光磁公司内部己经大乱，公司股东都在拼命减持出逃，股东们都知道公,"https://guba.eastmoney.com/news,002902,1014439921.html",2021-03-18 15:06:22,再郑重说一次；铭普光磁公司内部己经大乱，公司股东都在拼命减持出逃，股东们都知道公司前景渺茫，专利是假的，公司今后还要连续严重亏损，退市是肯定的，公司最最最终必将绝对要退市！退市！退市！
静静的等着花开，请问你谁来帮你解套，没有热点谁来接，你是不是智商有点问题，谁那么,"https://guba.eastmoney.com/news,002902,1014497838.html",2021-03-18 19:08:54,静静的等着花开，请问你谁来帮你解套，没有热点谁来接，你是不是智商有点问题，谁那么好心帮你解套，除非有大利好，人家看好这个股票，才会在12，13，14来买，没人看好，即使反弹几个点，马上又跌下来，炒股要有点常识，做错股票还死抱不放，了
奉劝大家一句，四月底这个股肯定到5元，让那些看多的人打脸，立贴为证，能到13元，,"https://guba.eastmoney.com/news,002902,1014497034.html",2021-03-18 19:04:40,奉劝大家一句，四月底这个股肯定到5元，让那些看多的人打脸，立贴为证，能到13元，杨老板为什么那么急卖股票，因为他知道公司的经营状况！等季报出来，狂跌
主力再坚持一下，四月底不上13，清仓走人删自选。立贴为证！,"https://guba.eastmoney.com/news,002902,1014493017.html",2021-03-18 18:41:52,主力再坚持一下，四月底不上13，清仓走人删自选。立贴为证！
还有4%大宗交易，交易完又来砸盘，你们好好呆着，5元见,"https://guba.eastmoney.com/news,002902,1014491867.html",2021-03-18 18:35:54,还有4%大宗交易，交易完又来砸盘，你们好好呆着，5元见
我好纳闷，每天吼跌的人都是为了什么？而且队伍越来越庞大了,"https://guba.eastmoney.com/news,002902,1014420687.html",2021-03-18 14:43:15,
羊减持没完没了,"https://guba.eastmoney.com/news,002902,1014484904.html",2021-03-18 17:58:10,羊减持没完没了
退市！退市！公司应该申请退市！铭普光磁公司应该赶快申请退市！向证监会申请退市！申,"https://guba.eastmoney.com/news,002902,1014444480.html",2021-03-18 15:17:22,退市！退市！公司应该申请退市！铭普光磁公司应该赶快申请退市！向证监会申请退市！申请退市！申请退市！
退市！退市！公司前景渺茫！基本面业绩严重恶化，前几年巨亏，今后还是巨亏，退市！退,"https://guba.eastmoney.com/news,002902,1014443244.html",2021-03-18 15:14:17,退市！退市！公司前景渺茫！基本面业绩严重恶化，前几年巨亏，今后还是巨亏，退市！退市！退市！退市才是铭普光磁公司唯一出路。
看你什么时候来几个涨停板。,"https://guba.eastmoney.com/news,002902,1014244823.html",2021-03-18 10:24:54,看你什么时候来几个涨停板。
目标价5元，甚至3元，最终还是,"https://guba.eastmoney.com/news,002902,1014440476.html",2021-03-18 15:08:27,目标价5元，甚至3元，最终还是
竞价的涨停是骗人的啊,"https://guba.eastmoney.com/news,002902,1014413954.html",2021-03-18 14:36:49,竞价的涨停是骗人的啊
明天跌停，垃圾股还有人进，真服了你们了,"https://guba.eastmoney.com/news,002902,1014437327.html",2021-03-18 15:03:06,明天跌停，垃圾股还有人进，真服了你们了
垃圾还是垃圾、小心诱多！下跌趋势没有改变！,"https://guba.eastmoney.com/news,002902,1014398415.html",2021-03-18 14:18:16,垃圾还是垃圾、小心诱多！下跌趋势没有改变！
看到8元,"https://guba.eastmoney.com/news,002902,1014346639.html",2021-03-18 13:17:00,看到8元
卖,"https://guba.eastmoney.com/news,002902,1014335848.html",2021-03-18 13:02:53,卖
取得假发明专利证书，有屁用，公司股价都跌完了，跌到一元以下就要退市！跌到一元以下,"https://guba.eastmoney.com/news,002902,1014321264.html",2021-03-18 12:13:10,取得假发明专利证书，有屁用，公司股价都跌完了，跌到一元以下就要退市！跌到一元以下就要退市！专利证书有屁用，特别是假专利证书有用。
请公司不要取得假发明专利证书了，也不要公布了，公司股价都连续腰斩了，最终绝对要跌,"https://guba.eastmoney.com/news,002902,1014317521.html",2021-03-18 11:57:41,请公司不要取得假发明专利证书了，也不要公布了，公司股价都连续腰斩了，最终绝对要跌到一元以下退市。因为公司很垃圾，公司前景无限渺茫，退市才是唯一出路，发公告说专利证书有屁用。
铭普光磁“光功率监测方法、装置、设备及存储介质”获发明专利,"https://guba.eastmoney.com/news,002902,1014099389.html",2021-03-17 21:40:34,"来源：上海证券报中国证券网 作者：黄抒
　　铭普光磁3月17日晚间公告，公司发明“光功率监测方法、装置、设备及存储介质”近日取得国家知识产权局颁发的发明专利证书。


　　光功率监测方法包括：获取待监测光模块的校准参数，根据所述校准参数计算得所述待监测光模块的第一光功率偏差，根据所述校准参数、第一光功率偏差计算得到所述待监测光模块的参考光功率，根据所述参考光功率、所述校准参数、所述第一光功率偏差计算得到所述待监测光模块的当前光功率。


　　该专利能够实现对光模块的光功率监测的同时，还具有占用光模块运行资源少、成本低等优点。


　　该发明专利的取得，有利于充分发挥公司自主知识产权优势，完善知识产权保护体系，对公司开拓市场及推广产品产生积极影响，形成持续创新机制，提升公司核心竞争力。 
（文章来源：上海证券报中国证券网） [点击查看原文]"
5G传利好，后市行情怎么看？,"https://guba.eastmoney.com/news,002902,1014264687.html",2021-03-18 10:43:31,
看来有人故意要吃杨老板的货啊，杨老板血亏,"https://guba.eastmoney.com/news,002902,1014239063.html",2021-03-18 10:19:10,看来有人故意要吃杨老板的货啊，杨老板血亏
一分钟不到就破功了，真乃软小二,"https://guba.eastmoney.com/news,002902,1014204475.html",2021-03-18 09:53:22,一分钟不到就破功了，真乃软小二
你这个鸟毛一秒？,"https://guba.eastmoney.com/news,002902,1014167001.html",2021-03-18 09:26:32,你这个鸟毛一秒？
竞价交易减持完毕，主力可以放开手脚大干快上[呲牙],"https://guba.eastmoney.com/news,002902,1014087485.html",2021-03-17 21:43:57,竞价交易减持完毕，主力可以放开手脚大干快上
我就搞不懂，你们不害怕吗？非要把钱交给这家烂公司，4000多支股票非要守着这个垃,"https://guba.eastmoney.com/news,002902,1014096707.html",2021-03-17 22:28:49,我就搞不懂，你们不害怕吗？非要把钱交给这家烂公司，4000多支股票非要守着这个垃圾股
马上大宗交易了，要砸出一个深坑了，大家小心啊，大宗交易肯定要打折的，人家上来就卖,"https://guba.eastmoney.com/news,002902,1014092221.html",2021-03-17 22:05:31,马上大宗交易了，要砸出一个深坑了，大家小心啊，大宗交易肯定要打折的，人家上来就卖，我看你们顶得住，今天故意放一个利好，周四周五大跌，唉。。。。。。
唉，明天跌停了，你们有福享受了,"https://guba.eastmoney.com/news,002902,1014081860.html",2021-03-17 21:19:33,唉，明天跌停了，你们有福享受了
退市是铭普光磁公司最终唯一归宿，因为公司一直连续严重亏损，一直连续严重亏损，一直,"https://guba.eastmoney.com/news,002902,1014068293.html",2021-03-17 20:17:51,退市是铭普光磁公司最终唯一归宿，因为公司一直连续严重亏损，一直连续严重亏损，一直连续严重亏损，公司股价还要长期大跌，长期大跌！！！凭什么涨？？？
退市！退市！退市！铭普光磁公司应该赶快申请退市，因为公司一直是发布假发明专利，公,"https://guba.eastmoney.com/news,002902,1014063210.html",2021-03-17 19:52:36,退市！退市！退市！铭普光磁公司应该赶快申请退市，因为公司一直是发布假发明专利，公司根本没有任何产品，前几年严重亏损，今后几年还要连续大亏损。
减持完成了没有？,"https://guba.eastmoney.com/news,002902,1013965489.html",2021-03-17 14:23:42,减持完成了没有？
跌停啦,"https://guba.eastmoney.com/news,002902,1013897624.html",2021-03-17 12:43:05,跌停啦
退市,"https://guba.eastmoney.com/news,002902,1013886542.html",2021-03-17 11:51:39,退市
最新消息；铭普光磁公司所有股东不断减持出逃，公司内部己经大乱了，离退市不远了。,"https://guba.eastmoney.com/news,002902,1013844020.html",2021-03-17 10:48:54,最新消息；铭普光磁公司所有股东不断减持出逃，公司内部己经大乱了，离退市不远了。
问董秘；铭普光磁公司什么时候向证监会申请退市，恳请董秘说出时间表。,"https://guba.eastmoney.com/news,002902,1013887955.html",2021-03-17 11:56:54,问董秘；铭普光磁公司什么时候向证监会申请退市，恳请董秘说出时间表。
铭普光磁公司最最最最最最最最最最最最最最最最最最最最最最最最最最最最最最最最最最,"https://guba.eastmoney.com/news,002902,1013886957.html",2021-03-17 11:53:23,铭普光磁公司最最最最最最最最最最最最最最最最最最最最最最最最最最最最最最最最最最最最最最最终绝对要退市！退市！退市！恳请广大投资者相信。
10.88都减持，看来对公司多么不看好，哈哈,"https://guba.eastmoney.com/news,002902,1013732467.html",2021-03-17 09:13:47,10.88都减持，看来对公司多么不看好，哈哈
退市！退市！退市！退市！退市！退市！退市！退市！,"https://guba.eastmoney.com/news,002902,1013847324.html",2021-03-17 10:52:27,退市！退市！退市！退市！退市！退市！退市！退市！
退市！退市！退市！铭普光磁公司如果不退市，太阳,"https://guba.eastmoney.com/news,002902,1013850697.html",2021-03-17 10:55:38,退市！退市！退市！铭普光磁公司如果不退市，太阳
退市一一铭普光磁,"https://guba.eastmoney.com/news,002902,1013851111.html",2021-03-17 10:56:05,退市一一铭普光磁
铭普退,"https://guba.eastmoney.com/news,002902,1013847953.html",2021-03-17 10:53:10,铭普退
希望大家都卖掉，让大股东的票自己留着，不要接盘，大家好自为之,"https://guba.eastmoney.com/news,002902,1013631799.html",2021-03-16 19:08:41,希望大家都卖掉，让大股东的票自己留着，不要接盘，大家好自为之
最近唱空的托不少，反弹指日可待[偷笑][偷笑][偷笑][偷笑],"https://guba.eastmoney.com/news,002902,1013660235.html",2021-03-16 21:29:14,最近唱空的托不少，反弹指日可待
根据公司公众号信息，铭普光磁65WGaN充电器正式上架微信小店，上述充电器使用第,"https://guba.eastmoney.com/news,002902,1010343276.html",2021-03-08 17:49:09,"根据公司公众号信息，铭普光磁65WGaN充电器正式上架微信小店，上述充电器使用第3代氮化镓黑科技，体积更小，重量更轻，充电更快。请问公司推出的这款产品是否是两市首款第三代半导体技术的充电器？请问公司对该款充电器的市场销量有何预估？未来会否推出针对汽车或其他领域的充电器？ 
铭普光磁
铭普光磁：您好！目前公司这款65瓦氮化镓快充，整体ID设计及功能架构设计人性化，实用性强，符合市场的需求。基于目前乃至未来充电器独立化，市场化的趋势，越来越多的手机厂商不再配充电器，未来市场广阔。谢谢！
(来自深交所互动易)答复时间 2021-03-08 17:49:09"
铭普光磁后面开始腾飞,"https://guba.eastmoney.com/news,002902,996707308.html",2021-01-15 18:27:15,铭普光磁后面开始腾飞
杨董事长的减持，3.15减的已经公布，3.16的还没有[偷笑][偷笑]，我说怎么,"https://guba.eastmoney.com/news,002902,1013722743.html",2021-03-17 08:30:39,杨董事长的减持，3.15减的已经公布，3.16的还没有，我说怎么这个位置会有这么大的量，原来如此。竞价交易的减持应该差不多了，只剩大宗交易的了，那就和我等小散没有关系了。
换了鹏鼎科技,"https://guba.eastmoney.com/news,002902,1013704137.html",2021-03-17 05:37:55,换了鹏鼎科技
公司近日发布第3代氮化镓黑科技的轻小快速充电器，该充电器是否为两市首家，对公司的,"https://guba.eastmoney.com/news,002902,1010343277.html",2021-03-08 17:48:32,"公司近日发布第3代氮化镓黑科技的轻小快速充电器，该充电器是否为两市首家，对公司的产品线和业绩有何影响？ 
铭普光磁
铭普光磁：您好！目前公司这款65瓦氮化镓快充，整体ID设计及功能架构设计人性化，实用性强，符合市场的需求。基于目前乃至未来充电器独立化，市场化的趋势，越来越多的手机厂商不再配充电器，未来市场广阔。谢谢！
(来自深交所互动易)答复时间 2021-03-08 17:48:32"
明天必须卖，听我的，这票可能到3元止跌,"https://guba.eastmoney.com/news,002902,1013668480.html",2021-03-16 22:06:53,明天必须卖，听我的，这票可能到3元止跌
明天静静这个拖不得好si，赶紧明天都抛掉，砸跌停，他被套在里面难受死了，大家要听,"https://guba.eastmoney.com/news,002902,1013665225.html",2021-03-16 21:51:28,明天静静这个拖不得好si，赶紧明天都抛掉，砸跌停，他被套在里面难受死了，大家要听话，开盘就抛，放心，肯定会跌到5元的，大家相信我，我可是股市预测专家
明天跌停了，目前预测会有5个跌停板,"https://guba.eastmoney.com/news,002902,1013666766.html",2021-03-16 21:58:28,明天跌停了，目前预测会有5个跌停板
唉，明天跌停了，因为有个静静,"https://guba.eastmoney.com/news,002902,1013662975.html",2021-03-16 21:41:36,唉，明天跌停了，因为有个静静
下跌无止境，看不见主力，两只托吠，屏蔽很清静。[想一下][想一下][想一下],"https://guba.eastmoney.com/news,002902,1013661327.html",2021-03-16 21:33:57,下跌无止境，看不见主力，两只托吠，屏蔽很清静。
到八块可能性很大,"https://guba.eastmoney.com/news,002902,1013260720.html",2021-03-16 00:54:04,到八块可能性很大
为什么不涨停？,"https://guba.eastmoney.com/news,002902,1013341219.html",2021-03-16 09:48:47,为什么不涨停？
10.5-10.7还是需要再回踩一下，昨天回踩加仓的明天冲高11.2-11.4之,"https://guba.eastmoney.com/news,002902,1013605152.html",2021-03-16 16:58:56,10.5-10.7还是需要再回踩一下，昨天回踩加仓的明天冲高11.2-11.4之间出，然后再静等下一次回踩。回踩越充分，反弹越有力！
退市公司一一一铭普光磁垃圾公司，今天又是假拉高真出货，最最最终必将跌到一元以下退,"https://guba.eastmoney.com/news,002902,1013618920.html",2021-03-16 18:00:21,退市公司一一一铭普光磁垃圾公司，今天又是假拉高真出货，最最最终必将跌到一元以下退市，因为公司一直大亏损。
继续新低就进两手玩玩,"https://guba.eastmoney.com/news,002902,1013321958.html",2021-03-16 09:35:16,继续新低就进两手玩玩
