标题,链接,发布时间,内容
威帝股份,"https://guba.eastmoney.com/news,300037,659624545.html",2017-06-23 07:45:27,朕辇大众蔚来
而决定概率高低最重要因素龙轩认为便是大盘行情,"https://guba.eastmoney.com/news,300037,659610108.html",2017-06-23 06:38:45,充电桩
彬哥认为市场要想出现反弹甚至是反转必须要有很强的刺激才有可能出现,"https://guba.eastmoney.com/news,300037,659608238.html",2017-06-23 06:30:08,收于1986.27点
黎明前的黑暗是漫长而难熬,"https://guba.eastmoney.com/news,300037,659498106.html",2017-06-22 23:14:10,东北三省国企改革加速 40家企业有望成为混改试
还是当升是领头羊！！！,"https://guba.eastmoney.com/news,300037,659050793.html",2017-06-22 09:54:46,还是当升是领头羊！！！
我能骂不要脸吗？,"https://guba.eastmoney.com/news,300037,659301475.html",2017-06-22 15:55:38,我能骂不要脸吗？
看来0856没亏得300222要亏手续费了，可惜高层没放开T十o！！！,"https://guba.eastmoney.com/news,300037,659242171.html",2017-06-22 14:32:54,看来0856没亏得300222要亏手续费了，可惜高层没放开T十o！！！
现在电解液行业开始越来越多资本进入，贵公司如何保持竞争力，如何实现在行业里脱颖而,"https://guba.eastmoney.com/news,300037,659901432.html",2017-06-23 16:43:00,【问】现在电解液行业开始越来越多资本进入，贵公司如何保持竞争力，如何实现在行业里脱颖而出，深圳诞生了很多伟大的公司，希望贵公司能成新能源行业的佼佼者！ 【答】新宙邦：您好！公司会利用在研发和客户结构方面的先行优势，继续立足主业，深耕技术创新，使公司继续在新能源行业保持领先优势。谢谢！¶¶2017-06-23 16:43:00 §
股友gOGMR1[大便],"https://guba.eastmoney.com/news,300037,659116728.html",2017-06-22 11:15:36,股友gOGMR1[大便]
特斯拉 题材爆发开始 居然是一路下行  神经病啊,"https://guba.eastmoney.com/news,300037,659084227.html",2017-06-22 10:35:51,你他妈 要死啊
公司产品是否和LCD 有关,"https://guba.eastmoney.com/news,300037,659063893.html",2017-06-22 10:08:59,"公司产品是否和LCD 有关 
新宙邦
新宙邦：您好！公司半导体化学品相关产品，如蚀刻液和剥离液可应用于LCD面板、LED芯片等领域。谢谢！
答复时间 2017-06-22 19:21:00"
3185点以上大平台压力大,"https://guba.eastmoney.com/news,300037,659004297.html",2017-06-22 07:52:43,此前因为空头连续杀跌后有所衰竭
成指,"https://guba.eastmoney.com/news,300037,658883194.html",2017-06-21 23:01:47,能有效判断股票的行情性质与趋势
顶着最后几秒钟把指数拉活了，这操盘能力也是没,"https://guba.eastmoney.com/news,300037,658880592.html",2017-06-21 22:54:20,今天可能比昨天的暴击
三大定位以及,"https://guba.eastmoney.com/news,300037,658830796.html",2017-06-21 20:54:47,三大定位以及
基本面比当升好，却跑不过当升，能不能争气点呢？,"https://guba.eastmoney.com/news,300037,658495497.html",2017-06-21 10:20:57,基本面比“当升科技”好，却跑不过“当升科技”，能不能争气点呢？
如何当前实现超10%收益提示参考,"https://guba.eastmoney.com/news,300037,658761515.html",2017-06-21 18:04:47,市场特征明显，雄安概念集体回调
唯一剩下的特斯拉概念 强的几只全部翻红大涨 你他妈 放量继续砸,"https://guba.eastmoney.com/news,300037,658620431.html",2017-06-21 13:54:11,要死啊
宙帮与当升的比较。宙流通盘2亿，业绩1毛七。当升3亿，业绩1分7。一个23元，一,"https://guba.eastmoney.com/news,300037,658156705.html",2017-06-20 17:23:39,宙帮与当升的比较。宙流通盘2亿，业绩1毛七。当升3亿，业绩1分7。一个23元，一个24元。按市盈率，宙应价高才对，要补涨！
A国要发展汽车工业，米国就告诉A国传统汽车过时了，要发展电动汽车，结果A国上当了，米国退出气候条约抛弃电动车,"https://guba.eastmoney.com/news,300037,658454857.html",2017-06-21 09:17:38,A国要发展汽车工业，米国就告诉A国传统汽车过时了，要发展电动汽车，结果A国上当了，米国退出气候条约抛弃电动车
当升和新宙邦的成长具有确定性,"https://guba.eastmoney.com/news,300037,658455563.html",2017-06-21 09:19:23,2016年新能源汽车产量是50万台，2020年产量是200万台，2025年是500万台。当升和新邦宙一个做三元正极一个做电解液，都是一线品牌，地位几年内都是杠杠的。
股友gOGMR1不是托便是非人类,"https://guba.eastmoney.com/news,300037,658472951.html",2017-06-21 09:51:06,股友gOGMR1不是托便是非人类
准备起飞吧[鼓掌][鼓掌][鼓掌][鼓掌],"https://guba.eastmoney.com/news,300037,658458611.html",2017-06-21 09:26:16,准备起飞吧
说明市场做多力量十分有限；另外,"https://guba.eastmoney.com/news,300037,658439637.html",2017-06-21 08:24:20,上海自贸
答&#160;新宙邦：您好！公司生产经营正常，锂离子电池电解液客户基本实现了全球知名动力电,"https://guba.eastmoney.com/news,300037,658427498.html",2017-06-21 07:35:20,答 新宙邦：您好！公司生产经营正常，锂离子电池电解液客户基本实现了全球知名动力电池厂商的全覆盖。谢谢！
今天又去做个“体”[胜利][赚大了][胜利],"https://guba.eastmoney.com/news,300037,658424922.html",2017-06-21 07:22:26,今天又去做个“体”
宙邦是私企，随时会减持。当升是国企，不能随便减持。,"https://guba.eastmoney.com/news,300037,658398899.html",2017-06-21 05:07:31,宙邦是私企，随时会减持。当升是国企，不能随便减持。
看看名家汇的高管减持计划吧，,"https://guba.eastmoney.com/news,300037,658403145.html",2017-06-21 05:30:33,看看名家汇的高管减持计划吧，
充电桩,"https://guba.eastmoney.com/news,300037,658279047.html",2017-06-20 21:38:51,三个红小兵多头排列成立
特别是美联储进入到加息周期下,"https://guba.eastmoney.com/news,300037,658258798.html",2017-06-20 20:54:12,上证指数本月12日的那次穿越（10日线下穿20日线；当日沪指大跌了近80点）；再譬如
各大技术指标成功会大幅上升,"https://guba.eastmoney.com/news,300037,658226484.html",2017-06-20 19:46:52,k线系统呈现二个红小兵
创业板依然未能突破2000点的压力,"https://guba.eastmoney.com/news,300037,658226155.html",2017-06-20 19:46:28,短期内的大盘往往会走出一些意想不到的
技术上看,"https://guba.eastmoney.com/news,300037,658222185.html",2017-06-20 19:38:11,成指
股票的流通盘是固定的,"https://guba.eastmoney.com/news,300037,658207301.html",2017-06-20 19:08:41,现在经过反弹之后
为什么涨不过当升科技?,"https://guba.eastmoney.com/news,300037,658129501.html",2017-06-20 16:36:43,为什么涨不过当升科技?
傳聞特斯拉用的松下電池的原材料是你們提供的 請問真的嗎？ 问 傳聞特斯拉用的松下,"https://guba.eastmoney.com/news,300037,657993517.html",2017-06-20 12:36:50,"傳聞特斯拉用的松下電池的原材料是你們提供的 請問真的嗎？
问 傳聞特斯拉用的松下電池的原材料是你們提供的 請問真的嗎？
答 赣锋锂业：
谢谢您对公司的关注与支持，松下是公司重要的客户之一。
(来自互动易)答复时间 2017-06-03 10:12:00"
先别急拉，老孙还未勾住安全带,"https://guba.eastmoney.com/news,300037,658105478.html",2017-06-20 15:48:57,先别急拉，老孙还未勾住安全带
卖方没多少量， 居然? 津膜科技(300334)龙虎,"https://guba.eastmoney.com/news,300037,658086245.html",2017-06-20 15:12:34,明天千股涨停
差不多要回原点了，这是粤庄特色,"https://guba.eastmoney.com/news,300037,657945578.html",2017-06-20 11:02:13,差不多要回原点了，这是粤庄特色
唉，我昨天买的，集合进价就卖了[滴汗],"https://guba.eastmoney.com/news,300037,658061570.html",2017-06-20 14:34:24,唉，我昨天买的，集合进价就卖了
华友带头跳水了穿好泳衣了……,"https://guba.eastmoney.com/news,300037,658056117.html",2017-06-20 14:26:04,华友带头跳水了穿好泳衣了……
万手哥决定托底[鼓掌][鼓掌][鼓掌],"https://guba.eastmoney.com/news,300037,657885319.html",2017-06-20 09:34:27,万手哥决定托底
股指下来了站岗时刻准备着,"https://guba.eastmoney.com/news,300037,658011153.html",2017-06-20 13:17:07,股指下来了站岗时刻准备着
吃亏了，拿低价北新路桥换的高价新宙邦，哭死,"https://guba.eastmoney.com/news,300037,658036444.html",2017-06-20 13:57:36,吃亏了，拿低价北新路桥换的高价新宙邦，哭死
挺不住了,"https://guba.eastmoney.com/news,300037,658032279.html",2017-06-20 13:50:29,挺不住了
跟屁虫啊，,"https://guba.eastmoney.com/news,300037,658020475.html",2017-06-20 13:32:47,跟屁虫啊，
粤邻居港仔己翻绿一上午了，你还要它嗑药5个点[赞],"https://guba.eastmoney.com/news,300037,657966227.html",2017-06-20 11:36:02,粤邻居港仔己翻绿一上午了，你还要它嗑药5个点
短线调整已经完毕！成交量一旦进入5亿以上区间，震荡上行将成为主流,"https://guba.eastmoney.com/news,300037,657944766.html",2017-06-20 11:01:27,短线调整已经完毕！成交量一旦进入5亿以上区间，震荡上行将成为主流
低估值的新能源产业，给予买入评级,"https://guba.eastmoney.com/news,300037,657958513.html",2017-06-20 11:23:21,低估值的新能源产业，给予买入评级
昨天低位割肉今天追高买进，赌涨停,"https://guba.eastmoney.com/news,300037,657943842.html",2017-06-20 11:00:20,昨天低位割肉今天追高买进，赌涨停
别先开心，尾盘会砸回原点？？？？,"https://guba.eastmoney.com/news,300037,657951004.html",2017-06-20 11:10:42,别先开心，尾盘会砸回原点？？？？
靠，一买就跌,"https://guba.eastmoney.com/news,300037,657948154.html",2017-06-20 11:06:31,靠，一买就跌
快报！还是中小盘绩优股最受青睐！,"https://guba.eastmoney.com/news,300037,657944157.html",2017-06-20 11:01:09,"快报！还是中小盘绩优股最受青睐！

——权重股消耗资金大、盘大绩平、负债高、分红少，炒作的最终没有明确目的；概念股绩差、价高、只有名字好听，没有现成业绩支撑，安全性极低，炒作的最终也是目的不明朗，都是玩击鼓传花的高风险游戏。因此，只有老老实实的做有现成业绩的中小盘绩优股（加上有特色题材当然更好），才是最踏实的股市投资炒股之道——2007年的A股大牛市，就是以中小盘绩优股作为中流砥柱，不断推动大盘此起彼伏向上的！那时没有概念炒作只有业绩为王，更不会有权重股强出头扰市！而目前全球健康的股市、欧美不断创新高的领涨股市，也都是中小盘绩优股在心安理得的充当领涨先锋。因此，A股要与国家稳定的、领先世界前列的社会与经济发展同步和可持续上涨，就必须以业绩为上、必须让承上启下的主流的中小盘绩优股冲锋陷阵领涨大盘。摒开大盘股的呆滞和概念股的虚伪，找回中小盘绩优股的灵心与潜力！而事实上，这种格局与态势，已经都在不断的形成！许多有识之士已经共识到：还是中小盘绩优股获利最安全可靠容易、受青睐。初步强力推荐：
——（1）卫星石化（002648）、（2）中国重汽（000951）、（3）渤海轮渡（603167）、（4）穗恒运（000531）、（5）尖峰集团（600668）、（6）沧州明珠（002108）、（7）世龙实业（002748）、（8）顺鑫农业（000860）、（9）西泵股份（002536）、（10）福星股份（000928）等中小盘绩优股。这些股票的净利润每股收益、总股本与流通盘、净资产、资产负债、市盈率、市净率、特色题材等，具体可看公司财报和公司公开资料等。"
最近新能源有利好，大家赶紧上车,"https://guba.eastmoney.com/news,300037,657886946.html",2017-06-20 09:37:11,最近新能源有利好，大家赶紧上车
九十亿市值了，泡沫很小,"https://guba.eastmoney.com/news,300037,657935755.html",2017-06-20 10:49:00,九十亿市值了，泡沫很小
我就问问还有比你弱的吗？赣锋都上天了！你要入地？[怒][怒][怒][怒],"https://guba.eastmoney.com/news,300037,657904457.html",2017-06-20 10:02:58,我就问问还有比你弱的吗？赣锋都上天了！你要入地？
私募：2017年A股投资要,"https://guba.eastmoney.com/news,300037,657844766.html",2017-06-20 07:00:52,比特币ETF落空 后续产
如公司在赞比亚建冶炼厂，请问公司有无相关技术,"https://guba.eastmoney.com/news,300037,657842822.html",2017-06-20 06:47:54,使劲砸吧，让我好抄底
这股真有点萎,"https://guba.eastmoney.com/news,300037,657731709.html",2017-06-19 22:32:57,这股真有点萎
盘面上看,"https://guba.eastmoney.com/news,300037,657651545.html",2017-06-19 19:52:34,从市场本身来看
请问：公司收购巴斯夫电解液，所新增的10000吨产能是否立马使用？,"https://guba.eastmoney.com/news,300037,659406750.html",2017-06-22 19:17:00,【问】请问：公司收购巴斯夫电解液，所新增的10000吨产能是否立马使用？ 【答】新宙邦：您好！巴斯夫（苏州）目前电解液标准产能为7000吨，具备后续扩产的产能弹性。具体生产量将根据订单情况灵活安排。谢谢！¶¶2017-06-22 19:17:00 §
请问：公司收购巴斯夫电解液业务，该标的公司所转让的专利是发明专利还是实用专利呢？,"https://guba.eastmoney.com/news,300037,658197991.html",2017-06-20 18:36:00,【问】请问：公司收购巴斯夫电解液业务，该标的公司所转让的专利是发明专利还是实用专利呢？ 【答】新宙邦：您好！巴斯夫（苏州）拥有多年锂电池电解液相关产品的研发生产经验，在电解液配方等相关产品领域拥有多项发明专利。谢谢！¶¶2017-06-20 18:36:00 §
请问：公司与宁德时代是否有合作？最近六氟磷酸锂价格大幅下滑，是否电解液价格随之而,"https://guba.eastmoney.com/news,300037,658198082.html",2017-06-20 18:31:00,"【问】请问：公司与宁德时代是否有合作？最近六氟磷酸锂价格大幅下滑，是否电解液价格随之而下降？ 【答】新宙邦：您好！公司锂离子电池电解液客户基本实现了全球知名动力电池厂商的全覆盖,上游原材料例如六氟磷酸锂价格下跌，会对包括电解液在内的下游相关产品形成价格下调的压力。谢谢！¶¶2017-06-20 18:31:00 §"
收评2017.5.24 两市宽幅震荡???,"https://guba.eastmoney.com/news,300037,657590665.html",2017-06-19 17:54:35,大家看看这个新闻。。
一定要守住22.3，KDJ已经死叉,"https://guba.eastmoney.com/news,300037,657305390.html",2017-06-19 10:02:43,一定要守住22.3，KDJ已经死叉
一个涨停透支所有了吗,"https://guba.eastmoney.com/news,300037,657475070.html",2017-06-19 14:36:02,一个涨停透支所有了吗
要停盘了,"https://guba.eastmoney.com/news,300037,657371734.html",2017-06-19 11:30:50,要停盘了
走的很猥琐,"https://guba.eastmoney.com/news,300037,657357707.html",2017-06-19 11:11:22,走的很猥琐
怎么都感觉像出货[兴奋],"https://guba.eastmoney.com/news,300037,657347008.html",2017-06-19 10:56:51,怎么都感觉像出货
原来你是一个跟屁虫，当升不涨你就跌。,"https://guba.eastmoney.com/news,300037,657309246.html",2017-06-19 10:07:44,原来你是一个跟屁虫，当升不涨你就跌。
[好困惑],"https://guba.eastmoney.com/news,300037,657343014.html",2017-06-19 10:52:15,
要跌破22,"https://guba.eastmoney.com/news,300037,657327290.html",2017-06-19 10:30:51,要跌破22
草，没那么强势，看走眼了,"https://guba.eastmoney.com/news,300037,657325770.html",2017-06-19 10:29:24,草，没那么强势，看走眼了
正式鉴定这是瘟神股,"https://guba.eastmoney.com/news,300037,657305911.html",2017-06-19 10:03:31,正式鉴定这是瘟神股
当有人疯狂唱多时要小心,"https://guba.eastmoney.com/news,300037,657296674.html",2017-06-19 09:52:21,当有人疯狂唱多时要小心
石油大暴跌，电动汽车有个卵用，忽悠,"https://guba.eastmoney.com/news,300037,657294105.html",2017-06-19 09:47:31,石油大暴跌，电动汽车有个卵用，忽悠
今天这股没戏,"https://guba.eastmoney.com/news,300037,657293183.html",2017-06-19 09:46:24,今天这股没戏
锂电池 还要涨！氢氧化锂 更疯狂！赣峰锂业 王者归来！ 锂电池 还要涨！氢氧化锂,"https://guba.eastmoney.com/news,300037,656862442.html",2017-06-17 19:16:54,"锂电池 还要涨！氢氧化锂 更疯狂！赣峰锂业 王者归来！
锂电池 还要涨！氢氧化锂 更疯狂！赣峰锂业 王者归来！"
无耻的指数，真虚伪,"https://guba.eastmoney.com/news,300037,657259818.html",2017-06-19 07:57:09,老外打一巴掌 要跳起来了！
规避风险,"https://guba.eastmoney.com/news,300037,657256454.html",2017-06-19 07:28:31,规避风险
天量,"https://guba.eastmoney.com/news,300037,655118089.html",2017-06-14 13:31:11,今天放出近一年以来的天量，是好是坏，大家自己想。
一季报有看头3大高管买快2个亿,"https://guba.eastmoney.com/news,300037,631077848.html",2017-04-20 08:18:38,被套的今天加仓了
涨不过当升。看明天能否追上。,"https://guba.eastmoney.com/news,300037,651331764.html",2017-06-05 14:55:04,涨不过当升。看明天能否追上。
国内电解液龙头企业新宙邦（300037）正在加速其国际化战略步伐。 　　近日，G,"https://guba.eastmoney.com/news,300037,654687142.html",2017-06-13 16:45:30,"国内电解液龙头企业新宙邦（300037）正在加速其国际化战略步伐。
　　近日，G20锂电峰会成员企业新宙邦公告，公司已经签署协议收购巴斯夫电解液业务和苏州生产基地巴斯夫电池材料(苏州)有限公司100%股权，其中包括电解液品牌“诺莱特”(Novolyte)以及20多项核心专利，并于9月30日完成交割。
　　高工锂电获悉，巴斯夫电池材料(苏州)有限公司的前身为美国福禄(Ferro)公司的特殊化学品事业部，2008年被阿森纳资本合伙公司(ArsenalCapitalPartners)收购后更名为诺莱特科技(苏州)有限公司(NovolyteTechnologies)，并于2012年被巴斯夫(中国)并购后更名为巴斯夫电池材料(苏州)有限公司至今。
　　该公司在一次锂电池电解液，超级电容器电解液，锂离子电池电解液三大领域拥有长期的技术积累，目前拥有电解液相关专利群2000多个，包括VC等核心添加剂的多项专利授权，苏州基地经过升级改造后拥有10000吨电解液产能的先进全自动生产线。
　　事实上，在国内电解液行业，新宙邦已经位居龙头，高工产研锂电研究所(GGII)数据显示，2016年国内电解液产值和产量中，新宙邦和天赐材料（002709）、国泰华荣位居前三。
　　即便是在国际市场，新宙邦也连续多年综合排名世界第一，核心国外客户包括三星，索尼，松下，LG等，据悉，国际业务长期占新宙邦整体收入30%以上。
　　对于此次收购，新宙邦董事长覃九三向高工锂电表示：“与巴斯夫达成协议，是公司迈向国际化的重要一步，新宙邦目前是中国电解液市场的领导品牌，我们希望借助与国际一流企业合作的契机，将锂离子电池电解液，一次锂电池电解液，超级电容器电解液等产品方面的技术力量进一步加强，并在高能量密度长循环动力电池电解液和安全阻燃电解液等方面能有新的突破，把公司塑造成电解液领域的世界领导品牌。”
　　高工锂电获悉，并购巴斯夫电解液业务和基地后，新宙邦将继续保持原有客户和电解液业务不变，并通过集团公司规模优势和资源整合为客户提供更高品质和更高性价比的产品和服务，有利于公司技术创新和资源优势互补进一步提升技术实力，在三元动力电池长寿命高能量密度电解液和安全阻燃电解液等方面优势突出。
　　在收购之后的产能扩张上，新宙邦称，产能扩张可以在较短时间内实现，南通基地和苏州基地合计产能将达到25000吨，及时保证华东地区动力锂电池新中心大发展的供应安全。
　　与此同时，新宙邦还表示，并购巴斯夫电解液业务可以丰富新宙邦在电解液业务的专利布局，扩大在电解液业务领域的国际影响力，并成功引入了一批国际化先进人才，进一步巩固其在全球电解液领域的领导地位，为下一步的海外扩张做好了人才储备。"
跑，出货了，大盘不稳落袋为安,"https://guba.eastmoney.com/news,300037,650798514.html",2017-06-03 16:14:33,跑，出货了，大盘不稳落袋为安
因小时口吃,"https://guba.eastmoney.com/news,300037,650562772.html",2017-06-02 22:40:33,因小时口吃
有几个板？,"https://guba.eastmoney.com/news,300037,621654803.html",2017-03-27 20:18:59,"一、6年未送转，今年送转超预期10：10派5元
二、5%以上股东及董监高持股变动情况及未来减持计划
1、公司控股股东及一致行动人覃九三、周达文、郑仲天、钟美红、张桂文、邓永红六
人中的郑仲天在 2016 年 12 月 28-29 号合计减持公司股份 150 万股、张桂文在 2017 年 2 月
22 号减持公司股份 40 万股，公司监事毛玉华在 2017 年 1 月 17-19 号合计减持公司股份 4.3
万股，公司其余控股股东及一致行动人、董事、监事、高级管理人员在本预案披露前 6 个
月内持股情况未发生变动。
2、经向公司控股股东、实际控制人覃九三、周达文、郑仲天、钟美红、张桂文、邓永
红六人问询，六人计划在本预案披露后 6 个月内减持公司股份合计不超过分配方案实施后
公司总股份的 2.5%。
3、经向公司控股股东之外的董事、监事、高级管理人员问询，公司董事副总裁周艾平、
监事毛玉华、副总裁赵志明、副总裁姜希松计划在本预案披露后 6 个月内减持公司股份不
超过分配方案实施后其本人持有公司无限售流通股总数的 80%。除此之外，公司其他董事、
监事以及高级管理人员在本预案披露后 6 个月内均无减持计划。
合计减持大概600万股，相当于现在一天成交量，压力不大
三、一季报继续预增30%，行业景气较高
综上，按预测2017年每股收益1.8元，静态市盈率50倍，动态市盈率40倍，大概三个涨停板即到70元附近"
我就是不抛 就是不卖 就是不出手,"https://guba.eastmoney.com/news,300037,642645769.html",2017-05-15 23:55:26,此刻今天进的游资只能硬着头皮吃
涨不起来了,"https://guba.eastmoney.com/news,300037,656193158.html",2017-06-16 10:54:24,.
买了BASF不要的苏州厂，结果老员工们不服气,"https://guba.eastmoney.com/news,300037,654522887.html",2017-06-13 10:59:57,买了BASF不要的苏州厂，结果老员工们不服气
还是比当升科技差一点,"https://guba.eastmoney.com/news,300037,655911135.html",2017-06-15 19:09:34,
利君股份,"https://guba.eastmoney.com/news,300037,655590234.html",2017-06-15 10:39:52,近500家公司实施“股权质押”视为是个股下挫的
贵司投资收购巴斯夫电池材料（苏州）有限公司100%股权的交易是否也涵盖了巴斯夫公,"https://guba.eastmoney.com/news,300037,652380750.html",2017-06-07 18:16:00,【问】贵司投资收购巴斯夫电池材料（苏州）有限公司100%股权的交易是否也涵盖了巴斯夫公司电解质和添加剂的研发部门？建议：目前行业正遭遇三期叠加，重构业务链是关键，除了发挥双向延伸的业务价值链（从上月入股永晶到这次为扩大规模做出的收购巴斯夫电池材料交易，公司龙头雏形己跃然纸上）但还应在入股下游企业及通过采用技术创新、摊销费用等提升自身内功的方式来降低成本。望贵司每次投资前做足CDD、FDD、LDD的功课。 【答】新宙邦：您好！公司收购巴斯夫电池材料（苏州）有限公司100%股权，包括巴斯夫苏州电解液业务的全部生产技术、商标、知识产权等。另外，您的建议非常好，谢谢您的建议！¶¶2017-06-07 18:16:00 §
新宙邦，高位墓碑线？,"https://guba.eastmoney.com/news,300037,655122328.html",2017-06-14 13:36:59,新宙邦，高位墓碑线？
新宙邦:独立董事关于第四届董事会第一次会议相关事项的独立意见,"https://guba.eastmoney.com/news,300037,630872242.html",2017-04-19 18:43:15,"公告日期：2017-04-20
 深圳新宙邦科技股份有限公司独立董事



关于第四届董事会第一次会议相关事项的独立意见



根据《深圳证券交易所创业板上市公司规范运作指引》等相关法律法规及



深圳新宙邦科技股份有限公司（以下简称“公司”）《公司章程》、《独立董事工作制度》的有关规定，作为公司的独立董事，我们本着认真负责的态度，对于公司第四届董事会第一次会议审议的关于聘任公司高级管理人员的相关议案，发表如下独立意见：



1、本次董事会聘任公司高级管理人员的提名、聘任程序符合《公司法》、《深圳证券交易所创业板上市公司规范运作指引》和《公司章程》的有关规定，程序合法合规，不存在损害公司及其他股东利益的情形。



2、本次聘任的高级管理人员具备与其行使职权相适应的任职条件，其教育背景、工作经历及专业素养均能够胜任所聘岗位的职责要求；不存在《公司法》、《公司章程》中规定的不得担任公司高级管理人员的情形，未受过中国证监会及其他有关部门的处罚和深圳证券交易所惩戒，不存在《深圳证券交易所创业板上市公司规范运作指引》第3.2.3条所规定的情形。



综上，我们一致同意聘任周达文为公司总裁；聘任周艾平为公司常务副总裁；石桥为公司副总裁兼总工程师，谢伟东、姜希松、梁作、毛玉华、宋慧为公司副总裁；聘任梁作为公司董事会秘书；聘任曾云惠为公司财务总监。



独立董事：



罗和安 戴奉祥 石桐灵



2017年4月20日




[点击查看PDF原文]
提示：本网不保证其真实性和客观性，一切有关该股的有效信息，以交易所的公告为准，敬请投资者注意风险。"
爸爸懒得人,"https://guba.eastmoney.com/news,300037,652830994.html",2017-06-08 18:49:47,爸爸懒得人
这个。。。？？？,"https://guba.eastmoney.com/news,300037,651422117.html",2017-06-05 18:09:16,这个。。。？？？
明天还是低开低走,"https://guba.eastmoney.com/news,300037,655804242.html",2017-06-15 15:58:20,今天的回踩可能见底，明天进一步验证。只要你的
高管有增持意向没？,"https://guba.eastmoney.com/news,300037,655646022.html",2017-06-15 11:34:00,【问】高管有增持意向没？ 【答】新宙邦：您好！公司高管增减持股份将按相关规定履行信息披露义务，具体以巨潮资讯网发布的相关公告为准。谢谢！¶¶2017-06-15 11:34:00 §
锂电增长与宙邦,"https://guba.eastmoney.com/news,300037,645689408.html",2017-05-23 10:58:06,2016年锂电平均增长2-10倍，宙邦扣除收购后增长几乎为零，可见宙邦在倒退，原因是该公司不掌握基本材料，只是简单的混合配制，这是没有任何技术可言，就是农民工干的事，所以这公司业绩会不断下降
52.75的成本 心已死,"https://guba.eastmoney.com/news,300037,652627737.html",2017-06-08 11:06:01,52.75的成本 心已死
下午不对劲啊,"https://guba.eastmoney.com/news,300037,654597576.html",2017-06-13 13:47:41,有大单一直在跑。400手 500手。
大家要小心知足长乐24这个人，,"https://guba.eastmoney.com/news,300037,591900072.html",2017-01-19 10:18:05,删我的跟帖说明这个人是股托，好心提示大家现在摸伸手买入300037，一个月前提示037会跌到46附近，目前果然已经到达，从目前情况看还没有止跌，大盘凶险好心劝小散目前摸伸手，大概率这只会到30附近
今天果然是填权的天下，连新宙邦这种慢节奏股居然都参与其中,"https://guba.eastmoney.com/news,300037,652237016.html",2017-06-07 13:11:01,今天果然是填权的天下，连新宙邦这种慢节奏股居然都参与其中
从这些数据可以看出，IPO的速度与数量似乎与股市的二级市场之间并不存在严格的因果关系。,"https://guba.eastmoney.com/news,300037,654680398.html",2017-06-13 16:29:34,从这些数据可以看出，IPO的速度与数量似乎与股市的二级市场之间并不存在严格的因果关系。
会继续上涨,"https://guba.eastmoney.com/news,300037,654718372.html",2017-06-13 17:57:45,会继续上涨
跌惨了,"https://guba.eastmoney.com/news,300037,642798426.html",2017-05-16 11:02:35,从48一直到20元，爷们就不卖，只买不卖，不到30元不出手
无论用哪个角度衡量青春,"https://guba.eastmoney.com/news,300037,651266891.html",2017-06-05 13:09:14,无论用哪个角度衡量青春
由于当年救市措施一大堆,"https://guba.eastmoney.com/news,300037,654386086.html",2017-06-13 02:40:00,由于当年救市措施一大堆
天赐材料、石大胜华、多佛多和新宙邦那就最强,"https://guba.eastmoney.com/news,300037,652726389.html",2017-06-08 14:37:34,如题
能有效判断股票的行情性质与趋势,"https://guba.eastmoney.com/news,300037,654897475.html",2017-06-14 01:58:33,而在如此弱势下
这段冲击波领头羊是华友当升，其它全是渣渣,"https://guba.eastmoney.com/news,300037,656296272.html",2017-06-16 14:07:33,这段冲击波领头羊是华友当升，其它全是渣渣
我来告诉你是解液是什么,"https://guba.eastmoney.com/news,300037,645312448.html",2017-05-22 14:38:48,电解液简单来说是盐溶液，在电池中是最没技术含量的东西
特斯拉股价创新高，370多,"https://guba.eastmoney.com/news,300037,653859480.html",2017-06-11 22:41:12,特斯拉股价创新高，370多
主力又在吓唬人了,"https://guba.eastmoney.com/news,300037,654717383.html",2017-06-13 17:56:30,主力又在吓唬人了
耐心等着做双底不急着涨我是小散户主力资金们我有耐心看着你们画k线图玩,"https://guba.eastmoney.com/news,300037,652750312.html",2017-06-08 15:20:14,耐心等着做双底不急着涨我是小散户主力资金们我有耐心看着你们画k线图玩
请问收购的巴斯夫电解液产能达多少吨？,"https://guba.eastmoney.com/news,300037,652388472.html",2017-06-07 18:20:00,【问】请问收购的巴斯夫电解液产能达多少吨？ 【答】新宙邦：您好！巴斯夫苏州基地目前电解液的标准产能为7000吨，如果未来市场需求提升，该产能亦具备一定的弹性空间。谢谢！¶¶2017-06-07 18:20:00 §
而事实情况只是部分股票下跌,"https://guba.eastmoney.com/news,300037,654680197.html",2017-06-13 16:29:15,而事实情况只是部分股票下跌
至少要先站上并站稳60日线,"https://guba.eastmoney.com/news,300037,654744407.html",2017-06-13 18:48:09,在上涨过程中
看看北纬通讯的庄家,"https://guba.eastmoney.com/news,300037,645817150.html",2017-05-23 14:20:52,公司不熊 股价熊 好的不学狗屁庄
新宙邦:独立董事提名人声明(一),"https://guba.eastmoney.com/news,300037,621608045.html",2017-03-27 17:58:45,"公告日期：2017-03-28
 深圳新宙邦科技股份有限公司



独立董事提名人声明



提名人深圳新宙邦科技股份有限公司董事会现就提名 罗和安 为深圳新



宙邦科技股份有限公司第四 届董事会独立董事候选人发表公开声明。被提名人



已书面同意出任深圳新宙邦科技股份有限公司第四届董事会独立董事候选人。本次提名是在充分了解被提名人职业、学历、职称、详细的工作经历、全部兼职等情况后作出的，提名人认为被提名人符合相关法律、行政法规、部门规章、规范性文件和深圳证券交易所业务规则对独立董事候选人任职资格及独立性的要求，具体声明如下：



一、根据《公司法》等法律、行政法规及其他有关规定，被提名人具备担任上市公司董事的资格。



是 否



如否，请详细说明：______________________________



二、被提名人符合新宙邦科技股份有限公司章程规定的任职条件。



是 否



如否，请详细说明：______________________________



三、被提名人已经按照中国证监会《上市公司高级管理人员培训工作指引》的规定取得独立董事资格证书。



是 否



如否，请详细说明：______________________________



四、被提名人及其直系亲属、主要社会关系均不在深圳新宙邦科技股份有限公司及其附属企业任职。



是 否



如否，请说明具体情形_______________________________



五、被提名人及其直系亲属不是直接或间接持有深圳新宙邦科技股份有限公司已发行股份1%以上的股东，也不是该上市公司前十名股东中自然人股东。 是 否



如否，请说明具体情形_______________________________



六、被提名人及其直系亲属不在直接或间接持有深圳新宙邦科技股份有限公司已发行股份5%以上的股东单位任职，也不在该上市公司前五名股东单位任职。



是 否



如否，请说明具体情形_______________________________



七、被提名人及其直系亲属不在深圳新宙邦科技股份有限公司控股股东、实际控制人及其附属企业任职。



是 否



如否，请说明具体情形_______________________________



八、被提名人不是为深圳新宙邦科技股份有限公司或其附属企业、深圳新宙邦科技股份有限公司控股股东提供财务、法律、管理咨询、技术咨询等服务的人员。



是 否



如否，请说明具体情形_______________________________



九、被提名人不在与深圳新宙邦科技股份有限公司及其控股股东、实际控制人或者各自的附属企业有重大业务往来的单位任职，也不在有重大业务往来单位的控股股东单位任职。



是 否



如否，请说明具体情形_______________________________



十、被提名人在最近一年内不具有前六项所列情形。



是 否



如否，请详细说明：______________________________



十一、被提名人不是被中国证监会采取证券市场禁入措施，且仍处于禁入期的人员；



是 否



如否，请详细说明：______________________________



十二、被提名人未被证券交易所公开认定不适合担任上市公司董事、监事和高级管理人员；



是 否



如否，请详细说明：______________________________



十三、被提名人最近三年内未受到中国证监会处罚；



是 否



如否，请详细说明：______________________________



十四、被提名人最近三年未受到证券交……
[点击查看PDF原文]
提示：本网不保证其真实性和客观性，一切有关该股的有效信息，以交易所的公告为准，敬请投资者注意风险。
展开阅读全文"
明天低开五分然后强势涨停，阳包阴走势扶摇直上九万里！,"https://guba.eastmoney.com/news,300037,655365822.html",2017-06-14 20:54:18,明天低开五分然后强势涨停，阳包阴走势扶摇直上九万里！
贵司近一年股价的走势呈走跌腰斩之势，远未见有止跌企稳迹象，这与贵司一直承诺并倡导,"https://guba.eastmoney.com/news,300037,651425043.html",2017-06-05 17:57:00,【问】贵司近一年股价的走势呈走跌腰斩之势，远未见有止跌企稳迹象，这与贵司一直承诺并倡导的注重自身主营业绩并为股东创造良好投资回报率的价值成长蓝图存在明显的背离趋势。始吾于人也听其言而信其行；今吾于人也听其言而观其行。贵司连最起码的稳定股价措施都不创建，谈何为股东营建良好的投资回报率，这类纸上空谈画饼充饥己俨然成了贵司众多股东们内心深处永远挥之不去的梦魇，然而稳定股价恰恰是上市公司公司治理最重要的组成部分 【答】新宙邦：您好！二级市场股价目前受大盘整体行情影响较大，有时候与公司基本面并不一致，请注意投资风险。谢谢！¶¶2017-06-05 17:57:00 §
要爱就深爱，要套就深套！,"https://guba.eastmoney.com/news,300037,642442829.html",2017-05-15 15:11:31,要爱就深爱，要套就深套！
连中二新，补贴一点，分享一下，穷乐一番[微笑],"https://guba.eastmoney.com/news,300037,650568256.html",2017-06-02 22:56:37,连中二新，补贴一点，分享一下，穷乐一番
再涨会引发高管减持，大家小心。,"https://guba.eastmoney.com/news,300037,655917499.html",2017-06-15 19:21:32,再涨会引发高管减持，大家小心。
今天感谢穆迪下调信用等级,"https://guba.eastmoney.com/news,300037,656965420.html",2017-06-18 07:18:37,数据透露次新股进入重要时间窗口
给 300037里的主力资金一点建议,"https://guba.eastmoney.com/news,300037,634063374.html",2017-04-26 12:27:03,给 300037里的主力资金一点建议 如果 你们能看到 没必要来回跌来张去 每一你就一分钱来回波动吧 买了 半年了你为有几个人会出掉 要不你就直接 杀跌50% 你还没那尿性不是 还不如一分钱自己做差价玩 我看着你折腾
还没来得及整理凌乱的思绪,"https://guba.eastmoney.com/news,300037,652522239.html",2017-06-08 04:15:09,还没来得及整理凌乱的思绪
上证指数反弹到了下降趋势线顶部了。周线看的清,"https://guba.eastmoney.com/news,300037,620534719.html",2017-03-24 03:44:48,东方雨虹可适当跟进
垃圾，真正的垃圾,"https://guba.eastmoney.com/news,300037,653983380.html",2017-06-12 10:22:17,垃圾，真正的垃圾
有大单出逃，明天要套人,"https://guba.eastmoney.com/news,300037,654606055.html",2017-06-13 14:02:15,下午连续砸了好几个500.明天会套人啊。赶紧跑
散户太多，散户不出股价不升,"https://guba.eastmoney.com/news,300037,650331187.html",2017-06-02 14:31:36,散户太多，散户不出股价不升
对投资各方持仓成本分析,"https://guba.eastmoney.com/news,300037,650128325.html",2017-06-02 10:06:59,造成了一定的困难——有些个股今日涨停板
现在亏得真是寝食难安了啊，买了这破股活着好痛,"https://guba.eastmoney.com/news,300037,655841455.html",2017-06-15 16:57:27,凤凰涅槃。
9.86是巨力近期最后一,"https://guba.eastmoney.com/news,300037,655389135.html",2017-06-14 21:52:05,6124点不是顶
想问下覃九三，本来新宙邦2017年有2亿,"https://guba.eastmoney.com/news,300037,651072347.html",2017-06-04 20:36:31,"想问下覃九三，本来新宙邦2017年有2亿多利润这收购增加2亿债务，是想把新宙邦变成微利企业还是亏损企业？ 
新宙邦
新宙邦：您好！标的公司的负债和资产大抵相当，收购完成后，对公司的资产负债率不会产生大的影响，同时，标的企业9月30日交割之前的盈亏有交易对方承担，公司接收后，通过提升标的公司的管理效率和产能利用率，有信心实现标的企业扭亏，因此对公司2017年利润不会构成大的影响，谢谢。
答复时间 2017-06-07 18:19:00"
有个叫光波的天天抄袭，有完没完！！！,"https://guba.eastmoney.com/news,300037,623014383.html",2017-03-30 15:01:40,震撼！下跌原因找到 洗盘后巨变
雄安概念股纷纷反弹,"https://guba.eastmoney.com/news,300037,634287996.html",2017-04-26 20:16:20,雄安概念股纷纷反弹
怎么才涨9.99%，别的都涨40%多,"https://guba.eastmoney.com/news,300037,654560022.html",2017-06-13 12:18:50,怎么才涨9.99%，别的都涨40%多
一场梦,"https://guba.eastmoney.com/news,300037,652994250.html",2017-06-09 07:51:44,一场梦
600781辅仁药业：主力找人在股吧发利空，还用大单压盘。不然怎么可能有散户没赚,"https://guba.eastmoney.com/news,300037,654591840.html",2017-06-13 13:37:34,600781辅仁药业：主力找人在股吧发利空，还用大单压盘。不然怎么可能有散户没赚钱就跑呢？分红、并购重组临近，着急吸筹呢
跌的时候又继,"https://guba.eastmoney.com/news,300037,652965395.html",2017-06-09 04:18:07,拿了五个点，出货入袋为安，今天尾盘又有主力进
我们逢高就必须出局,"https://guba.eastmoney.com/news,300037,656850685.html",2017-06-17 18:38:43,彬哥认为市场要想出现反弹甚至是反转必须要有很强的刺激才有可能出现
跟风，明天你还能行不？,"https://guba.eastmoney.com/news,300037,654616049.html",2017-06-13 14:18:55,666
这个新宙邦是个什么情况？要不要把你收回麾下？,"https://guba.eastmoney.com/news,300037,656312125.html",2017-06-16 14:29:33,正在于大股东协议转让全部股份，届时新宙邦纳入阿里新能源汽车布局第一步！
带量的两阳夹一阴形态，后面该怎么走，不言自明！,"https://guba.eastmoney.com/news,300037,655799337.html",2017-06-15 15:51:04,带量的两阳夹一阴形态，后面该怎么走，不言自明！
此股绝对价太高，不参与。,"https://guba.eastmoney.com/news,300037,640832361.html",2017-05-11 14:48:36,此股绝对价太高，不参与。
少赔快走！,"https://guba.eastmoney.com/news,300037,641445315.html",2017-05-12 16:23:50,少赔快走！
美国5月份非农业人口就业数据预期持续向好,"https://guba.eastmoney.com/news,300037,656580232.html",2017-06-17 00:37:40,美国5月份非农业人口就业数据预期持续向好
多个“重大利好”来袭,"https://guba.eastmoney.com/news,300037,656535585.html",2017-06-16 22:08:06,多个“重大利好”来袭
请问公司现在满负荷生产吗？产品有没有供给,"https://guba.eastmoney.com/news,300037,656410108.html",2017-06-16 17:09:10,"请问公司现在满负荷生产吗？产品有没有供给CATL和比克？谢谢 
新宙邦
新宙邦：您好！公司生产经营正常，锂离子电池电解液客户基本实现了全球知名动力电池厂商的全覆盖。谢谢！
答复时间 2017-06-20 18:27:00"
跳水、在后三十分钟，老套路。,"https://guba.eastmoney.com/news,300037,656330110.html",2017-06-16 14:51:43,跳水、在后三十分钟，老套路。
唱多的来了，要跑的可以跑了,"https://guba.eastmoney.com/news,300037,656257306.html",2017-06-16 13:04:02,唱多的来了，要跑的可以跑了
德国大众企业战略： ? 永安药业未来什么时候,"https://guba.eastmoney.com/news,300037,656247748.html",2017-06-16 12:40:48,感觉跌不下去了
002846,"https://guba.eastmoney.com/news,300037,656197667.html",2017-06-16 11:01:30,赶紧买入002846
我买卖新宙邦的路径,"https://guba.eastmoney.com/news,300037,619783856.html",2017-03-22 12:58:10,"【2017.3.20】
这两天看了几部黑白老电影，小时候也看过的。可是不知为什么现在翻出来观看，仍觉津津有味，老片的艺术表现形式和电影语言内涵一点不次于当下。这几部老片名是：《松花江上》；《保国为家》；《特殊任务》；其中一部是七十年代后期带彩的《一号目标》。
前面三部黑白老片的剧情讲述的都是解放前的故事，朴实、当担、哲理、英勇、感人。演员里有位后来成为电影圈里闻名的影星：张瑞芳。我这时重新认知张瑞芳的形象和演技才发觉，成为一名人民认可的大艺术家，绝对不是三天两头的事，也不是拍了几部影片的事，容貌和外观只是一个基本条件，最重要的是演员的内在素养和艺术功力。
刘晓庆本是我最赞赏的名演员之一，她的《小花》和《武则天》都是我认为她出道高峰和艺术巅峰的浓缩造型，是她最成功的代表作。可惜刘晓庆后来的行事风格和过度张扬的个性，让其毁其名誉，毁其荣耀，毁其形象终生。现在刘晓庆再怎么努力，再怎么振奋，再怎么低调加尾巴做人都无济于事。
那么联系我们炒股的来说，这股票和艺术有关联吗？有！好比上市公司就是演员，公司的效绩和发展路径就是演员的演绎作品，上市公司的基本面就是演员的内在素质和演绎功力，而掌控上市公司流通股的股东们就是制片人和导演。 
而就目前几千家上市公司的发展比较，长期向好又能积极回馈股东的优异公司为数不多，能列举出来的恐怕只有贵州茅台（600519）最出色，非常稀有。而拿0037来说虽然有行业周期的特点，也有行业发展的不定期性，可是这几年的稳健发展和积累应当说，能成为新能源碳酸锂电行业的龙头是当之无愧的。
然而，它的制片人和导演究竟是怎样的一个团队？是用怎样的心思和导演手法？0037究竟会被导向哪条路径去？我相信很快就可以看到结果了。
这几个星期一直在0037上做加减法……"
还上车的赶紧哈，不上走了，后边还有涨停呢。,"https://guba.eastmoney.com/news,300037,655547839.html",2017-06-15 09:43:00,还上车的赶紧哈，不上走了，后边还有涨停呢。
新宙邦！大牛被套不需慌！！ 雄起啦！锂电新能源超级业绩大牛！！ 10转10派5元,"https://guba.eastmoney.com/news,300037,623434944.html",2017-03-31 11:21:30,"新宙邦！大牛被套不需慌！！
雄起啦！锂电新能源超级业绩大牛！！
10转10派5元！股市有句话叫:
先赚股票后赚钱！"
周晓明2016-9-5午评重点跟踪创业板,"https://guba.eastmoney.com/news,300037,639679951.html",2017-05-09 19:06:29,美国股市有高送转吗?
