标题,链接,发布时间,内容
要是星期一一字板就是上科创板,"https://guba.eastmoney.com/news,300014,795436513.html",2018-11-30 23:46:43,
亿纬锂能:300014亿纬锂能调研活动信息20181130,"https://guba.eastmoney.com/news,300014,795399360.html",2018-11-30 17:48:33,"公告日期：2018-11-30










证券代码： 300014 证券简称：亿纬锂能



惠州亿纬锂能股份有限公司

投资者关系活动记录表 

编号：2018-002

投资者关系活动类别



特定对象调研 分析师会议

媒体采访 业绩说明会

新闻发布会 路演活动

现场参观 

其他 （请文字说明其他活动内容）

参与单位名称及人员姓名 招商证券陈雁冰、华泰证券边文娇、国泰君安石岩等机构研究员。

时间 14：30-16：30

地点 惠州亿纬锂能股份有限公司52号会议室

上市公司接待人员姓名 副总经理：李沐芬女士

证券部：冉飞先生

投资者关系活动主要内容介绍



一、副总经理李沐芬女士介绍公司情况

二、总经理刘金成先生介绍公司未来展望

二、总经理刘金成先生、副总经理李沐芬女士与投资者互动交流



问题1：刘总您好，看到贵公司近期发布的2018年年度业绩预告，贵公司2018年业绩预计保持高增长，这个业绩还是非常亮眼的。贵公司的三元圆柱产线要转向非车用市场，现在的客户情况怎么样？

回复：你好！首先非常感谢大家对公司的认可。公司的三元圆柱产线在今年已经成功由车用市场转到非车用市场，应用于电动工具、园林工具、电动自行车等市场。公司已经通过全球最大的电动工具制造商TTI的审核，并达成合作，现在已经逐步开始给TTI供货，另外公司还拥有格力博、小牛等大客户。非车用市场的需求完全可以消化公司三元圆柱电池现有的产能。

问题2：刘总您好，请问您怎样看待公司磷酸铁锂电池在未来的发展？

回复：公司非常看好磷酸铁锂电池未来在储能市场的发展，公司目前在电力储能和通信储能都有业务布局，预计储能业务在2020年会是公司很大的一个增长点。

问题3：董事长您好，请问公司定增进展情况如何？

回复：公司在10月26日向证监会提交了申请本次非公开发行的资料，11月2日公司收到证监会出具的《中国证监会行政许可申请受理单》，证监会已决定对本次行政许可申请予以受理。

问题4：请问公司新的锂锰电池产线何时投产？

回复：公司在惠州的锂锰电池产线已经投产，湖北荆门的锂锰产线会在今年12月份投产。

问题5：董事长您好，请问公司在乘用车市场和戴姆勒的进展情况？

回复：公司在两年前已经开始布局软包电池，并引进了SK团队共同进行研发，经过两年多的建设，软包电池产线建设已经落地。戴姆勒的认证是在今年年初开始的，整个认证过程非常顺利，公司和戴姆勒签订了多年供货协议，并通过了戴姆勒的审核。戴姆勒的认证使公司的制造能力和技术能力有一个质的增长，目前公司已经向戴姆勒出样品。



接待过程中，与投资者进行了充分的交流与沟通，严格按照《信息披露事务管理制度》等规定，没有出现未公开重大信息泄露等情况，同时已按深圳证券交易所要求签署调研《承诺书》。

附件清单（如有） 无

日期 2018年11月28日





提示：本网不保证其真实性和客观性，一切有关该股的有效信息，以交易所的公告为准，敬请投资者注意风险。
展开阅读全文"
有谁能给解释一下公司存货和应收账款为什么这么高？,"https://guba.eastmoney.com/news,300014,795409544.html",2018-11-30 19:23:57,有谁能给解释一下公司存货和应收账款为什么这么高？
大盘不稳，个股如昙花一现,"https://guba.eastmoney.com/news,300014,795403819.html",2018-11-30 18:26:04,大盘不稳，个股如昙花一现
借利好出货中,"https://guba.eastmoney.com/news,300014,795403769.html",2018-11-30 18:25:33,借利好出货中
不得不服～～～,"https://guba.eastmoney.com/news,300014,795399041.html",2018-11-30 17:47:06,这是咋滴啦
从亿纬理能换到天齐锂业，漂亮！下周准备在天齐锂业收钱了！,"https://guba.eastmoney.com/news,300014,795398746.html",2018-11-30 17:45:02,从亿纬理能换到天齐锂业，漂亮！下周准备在天齐锂业收钱了！
麦克纬尔百分百上科创板了,"https://guba.eastmoney.com/news,300014,795396338.html",2018-11-30 17:30:17,麦克纬尔百分百上科创板了
亿纬锂能年报预告：全年业绩预告略超预期，麦克韦尔电子烟增长强劲,"https://guba.eastmoney.com/news,300014,794604442.html",2018-11-27 13:03:19,
点评报告：全年业绩略超预期，锂电池业务拐点来临,"https://guba.eastmoney.com/news,300014,794896699.html",2018-11-28 15:36:31,
工银精选金融地产,"https://guba.eastmoney.com/news,300014,795380059.html",2018-11-30 15:56:46,"工银精选金融地产拟任基金经理认为，结合可持续盈利能力和估值水平分析，金融地产类资产当前具有较好的投资价值，中长期绝对收益值得期待。据悉，工银瑞信的第二只金融地产主题基金工银精选金融地产目前正在发行，低位布局优势显著。
　　工银精选金融地产基金由鄢耀、王君正、甘宗卫三位基金经理共同打理。他们表示，现阶段看好银行的可持续盈利能力和保险的中长期行业发展趋势。回顾历史可以发现，正是市场认为涨不动的大盘银行股、保险股能够保持每年15%的净资产增长率或者15%至20%的内含价值增长率。即使考虑经济增长放缓、利率市场化冲击等影响，工银的盈利模型仍然显示中国的上市银行平均ROE水平有望保持在10%以上水平。
　　工银精选金融地产的基金经理表示，保险行业属于短中期边际增长向好且估值具有吸引力的板块。参考美国、日本等成熟市场保险行业的历史发展经验，中国保险行业仍处在快速增长的中段，高质量代理人增长、保险深度的提升空间仍较大。伴随近几年国内保险行业监管环境的改善，保险产品结构优化明显、保障类产品占比显著提升，保险行业的消费属性将进一步凸显，增长的可持续性更强。
　　对于地产和券商行业，工银精选金融地产的基金经理认为，虽然短期内各自面临一些问题，但从中长期看不乏亮点。未来城镇化仍有相当的提升空间，地产行业龙头集中度将持续提高，低估值优质公司仍值得长期持有。而券商板块股权质押风险仍在，ROE趋势性回升还未看到。但从中长期看，国内券商特别是龙头标的在财富管理、创新业务领域仍有发展空间，杠杆水平有提升潜力。"
前期高点，准备在下周一突破，今天加仓！,"https://guba.eastmoney.com/news,300014,795366844.html",2018-11-30 14:54:28,前期高点，准备在下周一突破，今天加仓！
涨停一回能死吗,"https://guba.eastmoney.com/news,300014,795363833.html",2018-11-30 14:47:24,涨停一回能死吗
这sb股,"https://guba.eastmoney.com/news,300014,795362697.html",2018-11-30 14:45:09,太傻比的股
该股盘子大，涨幅也大，很难涨上去，换股！！！,"https://guba.eastmoney.com/news,300014,795361222.html",2018-11-30 14:41:06,该股盘子大，涨幅也大，很难涨上去，换股！！！
这两天资金出货出得爽，不过有分歧才好。,"https://guba.eastmoney.com/news,300014,795345569.html",2018-11-30 14:05:28,这两天资金出货出得爽，不过有分歧才好。
它良的，大盘翻红`，这个股原地踏步，屎股啊，闪人了！！,"https://guba.eastmoney.com/news,300014,795350046.html",2018-11-30 14:16:23,它良的，大盘翻红`，这个股原地踏步，屎股啊，闪人了！！
一嘴猪毛,"https://guba.eastmoney.com/news,300014,795331466.html",2018-11-30 13:33:35,一嘴猪毛
胡求怼，天天,"https://guba.eastmoney.com/news,300014,795322993.html",2018-11-30 13:18:45,胡求怼，天天
上不去又下来了,"https://guba.eastmoney.com/news,300014,795293715.html",2018-11-30 11:08:50,上不去又下来了
等你们,"https://guba.eastmoney.com/news,300014,795305194.html",2018-11-30 11:41:36,“巴州人民政府与华孚控股有限公司投资协议签约
14.95难突破呀,"https://guba.eastmoney.com/news,300014,795282895.html",2018-11-30 10:42:58,14.95难突破呀
会走得跟昨天一样吗？早盘冲高后慢慢走低。,"https://guba.eastmoney.com/news,300014,795299509.html",2018-11-30 11:23:41,会走得跟昨天一样吗？早盘冲高后慢慢走低。
抢速度抢进,"https://guba.eastmoney.com/news,300014,795274620.html",2018-11-30 10:26:55,暴搓涨停
板块暴涨！高枕无忧！,"https://guba.eastmoney.com/news,300014,795259085.html",2018-11-30 09:55:26,板块暴涨！高枕无忧！
看来15块是重压力位啊！,"https://guba.eastmoney.com/news,300014,795276323.html",2018-11-30 10:30:20,看来15块是重压力位啊！
电子科技股票要敢于坚决建仓！！暴利利润就是这样来的，走常规思维你是赚不到钱的！！,"https://guba.eastmoney.com/news,300014,795262526.html",2018-11-30 10:02:16,电子科技股票要敢于坚决建仓！！暴利利润就是这样来的，走常规思维你是赚不到钱的！！这是重点，画圈啊，要考试的！！重要的事情只说一遍！
要敢于大胆建仓电子科技股！！,"https://guba.eastmoney.com/news,300014,795261206.html",2018-11-30 09:59:38,要敢于大胆建仓电子科技股！！
收购爱康吧,"https://guba.eastmoney.com/news,300014,795260305.html",2018-11-30 09:57:49,收购爱康吧
科创概念热度不减 上市公司新三板子公司成关注点      中国证券网  2018,"https://guba.eastmoney.com/news,300014,795254041.html",2018-11-30 09:46:04,"科创概念热度不减 上市公司新三板子公司成关注点 
中国证券网 2018-11-30 08:31:36
新三板共有139家上市公司子公司，其中信息技术类企业占35%。这些新三板公司基本面扎实，且业绩规模与成长性兼备，入选创新层的成长性尤为亮眼。代表性的公司有：中国宝安旗下贝特瑞、辽宁成大旗下成大生物、上海钢联参股的钢银电商、亿纬锂能参股的麦克韦尔、华谊兄弟参股的英雄互娱等。 由于科创板明年上半年推出的预期强烈，投资者开始挖空心思希望自己投资的公司和科创概念攀亲。在深交所互动易平台，投资者这几天都在问上市公司一个问题 旗下子公司有无科创板上市计划。 11月27日，深交所互动易平台，投资者 edgartang2017 问上市公司中国宝安： 请问公司，近期具体有哪些子公司进入科创板征集名单？比如：贝特瑞、万鑫石墨谷等。 其实，不止 edgartang2017 ，查看27日深交所互动易平台，几乎所有投资者都在问：旗下子公司有无科创板上市计划。 中国宝安不是第一次被投资者询问科创板的问题。11月15日，投资者 可爱的小猪 问中国宝安： 旗下有多少家公司符合科创板？ 中国宝安回答： 公司密切关注相关政策动向，并积极推动条件成熟的下属企业申请在其他证券交易场所挂牌转让。 投资者热衷的科创板来得突然，进展却快速。11月14日，上海证券交易所发行上市中心总经理魏刚在长三角资本市场服务基地揭牌仪式上表示，科创板争取在明年上半年 见到成效 。各地应声而动。有媒体报道称，上海市经信委迅速发布了《关于征集推荐上交所科创板企业名单的通知》，要求各有关部门及单位，梳理推荐拟挂牌上交所科创板的优质企业，名单于11月23日中午前上报。 科创板蓄势待发，于是投资者聚焦上市公司子公司的科创概念，新三板市场的上市公司子公司也被投资者关注。广证恒生最新研究显示，新三板共有139家上市公司子公司，其中信息技术类企业占35%。这些新三板公司基本面扎实，扣除非经常性损益后的净利润规模为其他新三板企业的4至5倍；且业绩规模与成长性兼备，其中创新层上市公司子公司成长性尤为亮眼。代表性的公司有：中国宝安旗下贝特瑞、辽宁成大旗下成大生物、上海钢联参股的钢银电商、亿纬锂能参股的麦克韦尔、华谊兄弟参股的英雄互娱等。 广证恒生研究还显示，新三板上市公司子公司的估值远低于同行业的上市公司估值，其中信息技术行业估值差距最大，新三板上市公司子公司的PE估值为8.61 倍，A股上市公司同行业的PE估值高达35.57倍，是前者的4倍。 不过，由于独立经营以及与上市公司利益关联等问题，目前暂无上市公司直接分拆新三板子公司成功A股上市的案例，仅有少数上市公司通过股权转让的方式逐渐减持让出实际控制权，将控股子公司变成参股子公司，实现 参股子公司分拆 A股上市，如佐力药业和国民技术就是通过这一途径分拆上市的。有投行期盼，在上市公司直接分拆控股子公司上市方面，科创板会有所创新。


免责声明：本资讯由第三方提供，仅供参考。最权威的资讯内容请至上海/深证证券交易所指定的资讯揭示平台或上市公司官网查阅。"
天齐锂业爆发了！,"https://guba.eastmoney.com/news,300014,795256811.html",2018-11-30 09:51:08,天齐锂业爆发了！
希望能站上上次的高点！打通上升通道！,"https://guba.eastmoney.com/news,300014,795251940.html",2018-11-30 09:41:57,希望能站上上次的高点！打通上升通道！
上海建工老庄股容易出问题，新庄股容易出机遇,"https://guba.eastmoney.com/news,300014,795249005.html",2018-11-30 09:36:22,又你妈完了
真龙头！本周确认反转！,"https://guba.eastmoney.com/news,300014,795248907.html",2018-11-30 09:35:29,真龙头！本周确认反转！
再磨叽都换当升了,"https://guba.eastmoney.com/news,300014,795247912.html",2018-11-30 09:33:06,再磨叽都换当升了
亿纬锂能11月29日获深股通减仓3.97万股,"https://guba.eastmoney.com/news,300014,795236133.html",2018-11-30 08:19:47,"11月29日亿纬锂能深股通持仓数据
收盘价：	14.20	涨跌幅：	0.14%
持股量：	624.89万股	持股变化：	-3.97万股





数据显示，截至11月29日亿纬锂能于深股通持股量为624.89万股，占其A股股本比例为0.73%，比上一交易日减少3.97万股。据数据统计，该股近一个月内累计涨幅为22.41%，深股通累计加仓384.10万，深股通持仓累计变化比例为159.52%，近三个月内累计涨幅为2.45%，深股通累计加仓402.50万，深股通持仓累计变化比例为180.99%。


数据来源:东方财富"
高速充电会占领市场。,"https://guba.eastmoney.com/news,300014,795229015.html",2018-11-30 07:03:26,高速充电会占领市场。
亿纬锂能:2018年11月28日投资者关系活动记录表,"https://guba.eastmoney.com/news,300014,795418708.html",2018-11-30 00:00:00,"证券代码： 300014 证券简称：亿纬锂能

惠州亿纬锂能股份有限公司
投资者关系活动记录表 
编号：2018-002
投资者关系活动类别

特定对象调研 分析师会议
媒体采访 业绩说明会
新闻发布会 路演活动
现场参观 
其他 （请文字说明其他活动内容）
参与单位名称及人员姓名 招商证券陈雁冰、华泰证券边文娇、国泰君安石岩等机构研究员。
时间 14：30-16：30
地点 惠州亿纬锂能股份有限公司52号会议室
上市公司接待人员姓名 副总经理：李沐芬女士
证券部：冉飞先生
投资者关系活动主要内容介绍

一、副总经理李沐芬女士介绍公司情况
二、总经理刘金成先生介绍公司未来展望
二、总经理刘金成先生、副总经理李沐芬女士与投资者互动交流

问题1：刘总您好，看到贵公司近期发布的2018年年度业绩预告，贵公司2018年业绩预计保持高增长，这个业绩还是非常亮眼的。贵公司的三元圆柱产线要转向非车用市场，现在的客户情况怎么样？
回复：你好！首先非常感谢大家对公司的认可。公司的三元圆柱产线在今年已经成功由车用市场转到非车用市场，应用于电动工具、园林工具、电动自行车等市场。公司已经通过全球最大的电动工具制造商TTI的审核，并达成合作，现在已经逐步开始给TTI供货，另外公司还拥有格力博、小牛等大客户。非车用市场的需求完全可以消化公司三元圆柱电池现有的产能。
问题2：刘总您好，请问您怎样看待公司磷酸铁锂电池在未来的发展？
回复：公司非常看好磷酸铁锂电池未来在储能市场的发展，公司目前在电力储能和通信储能都有业务布局，预计储能业务在2020年会是公司很大的一个增长点。
问题3：董事长您好，请问公司定增进展情况如何？
回复：公司在10月26日向证监会提交了申请本次非公开发行的资料，11月2日公司收到证监会出具的《中国证监会行政许可申请受理单》，证监会已决定对本次行政许可申请予以受理。
问题4：请问公司新的锂锰电池产线何时投产？
回复：公司在惠州的锂锰电池产线已经投产，湖北荆门的锂锰产线会在今年12月份投产。
问题5：董事长您好，请问公司在乘用车市场和戴姆勒的进展情况？
回复：公司在两年前已经开始布局软包电池，并引进了SK团队共同进行研发，经过两年多的建设，软包电池产线建设已经落地。戴姆勒的认证是在今年年初开始的，整个认证过程非常顺利，公司和戴姆勒签订了多年供货协议，并通过了戴姆勒的审核。戴姆勒的认证使公司的制造能力和技术能力有一个质的增长，目前公司已经向戴姆勒出样品。

接待过程中，与投资者进行了充分的交流与沟通，严格按照《信息披露事务管理制度》等规定，没有出现未公开重大信息泄露等情况，同时已按深圳证券交易所要求签署调研《承诺书》。
附件清单（如有） 无
日期 2018年11月28日


[点击下载原文]
展开阅读全文"
可以买入吗？,"https://guba.eastmoney.com/news,300014,795186167.html",2018-11-29 20:50:02,可以买入吗？
"出口汽车要被征税了,下午暴跌.","https://guba.eastmoney.com/news,300014,795056030.html",2018-11-29 11:23:33,"出口汽车要被征税了,下午暴跌."
请问，贵公司汽车电池毛利率不到20%，而宁德时代在30%，比他毛利率低的原因？,"https://guba.eastmoney.com/news,300014,795981802.html",2018-12-04 16:36:00,"请问，贵公司汽车电池毛利率不到20%，而宁德时代在30%，比他毛利率低的原因？ 
亿纬锂能
亿纬锂能：您好！随着动力电池业务快速发展，优质客户与市场的开拓，目前产能得到进一步释放，规模效应将有利于成本降低。具体请关注公司的定期报告，谢谢您的关注！
(来自深交所互动易)答复时间 2018-12-04 16:36:00"
只出不进，不管他们给你讲什么动听的故事，你都,"https://guba.eastmoney.com/news,300014,795165375.html",2018-11-29 18:10:54,只出不进，不管他们给你讲什么动听的故事，你都
哦弥陀佛,"https://guba.eastmoney.com/news,300014,795155484.html",2018-11-29 17:09:18,机器能玩的过人实时看盘吗，哈哈
这封单这么少，撤单啊，庄家要走就撤单,"https://guba.eastmoney.com/news,300014,795134088.html",2018-11-29 15:22:53,请问“逮住大黑马”套住多少了？今天加仓了吗？
涨了3天也该调调了,"https://guba.eastmoney.com/news,300014,795133113.html",2018-11-29 15:19:26,涨了3天也该调调了
马上绿了,"https://guba.eastmoney.com/news,300014,795124830.html",2018-11-29 14:57:05,马上绿了
外忧内患。。悄然将至。。[心碎][心碎][心碎],"https://guba.eastmoney.com/news,300014,795121602.html",2018-11-29 14:51:44,外忧内患。。悄然将至。。[心碎][心碎][心碎]
尾盘反杀当升科技？,"https://guba.eastmoney.com/news,300014,795112314.html",2018-11-29 14:33:49,尾盘反杀当升科技？
"嘿嘿,现在知道跑了,明天继续大跌","https://guba.eastmoney.com/news,300014,795107900.html",2018-11-29 14:24:59,"嘿嘿,现在知道跑了,明天继续大跌"
你怼不过当升吗，我不信,"https://guba.eastmoney.com/news,300014,795085382.html",2018-11-29 13:38:09,你怼不过当升吗，我不信
天线宝宝！！！呃呃呃,"https://guba.eastmoney.com/news,300014,795095910.html",2018-11-29 14:02:49,天线宝宝！！！呃呃呃
今天必须到15，没得商量,"https://guba.eastmoney.com/news,300014,795091311.html",2018-11-29 13:52:03,今天必须到15，没得商量
请问董秘，贵公司生产电动车吗？如果生产电动车进展情况如何？,"https://guba.eastmoney.com/news,300014,795069221.html",2018-11-29 17:15:00,"请问董秘，贵公司生产电动车吗？如果生产电动车进展情况如何？ 
亿纬锂能
亿纬锂能：您好！亿纬锂能专业聚焦锂电池，拥有锂原电池、消费类锂离子电池和动力储能电池，公司不生产电动车，具体信息请关注公司的定期报告，谢谢您的关注！
(来自深交所互动易)答复时间 2018-11-29 17:15:00"
新能源车销售火爆 主流锂电厂商满产运行 由于新能源车销售火爆，主流锂电池厂普遍供,"https://guba.eastmoney.com/news,300014,795072051.html",2018-11-29 13:03:43,"新能源车销售火爆 主流锂电厂商满产运行
由于新能源车销售火爆，主流锂电池厂普遍供货紧张。比亚迪位于惠州和深圳的两个主要工厂均是满产运行，青海工厂也正全力提升产能。给东风汽车进行深度配套的鹏辉能源也出现产能紧张。亿纬锂能目前订单充足，戴姆勒的订单将在2019年实现批量交付。
今年1至10月，我国新能源汽车产销分别完成87.9万辆和86万辆，同比分别增长70%和75.6%，年内突破百万台已毫无悬念。国开证券认为，从供需两端情况来看，龙头动力电池企业扩产仍有较强的内生动力。根据锂电大数据统计，仅国内15家主流电池企业2018-2020年扩产规模将达到166GWh，预计将拉动锂电池设备增量市场500亿至660亿元。A股上市公司中，宁德时代是全球领先的动力电池系统提供商，前三季扣非后净利同比增88.71%。先导智能是国内锂电池设备龙头，转型整线模式后已有大订单落地，具有较强的核心竞争力。"
只求一个涨停，求照顾,"https://guba.eastmoney.com/news,300014,795070273.html",2018-11-29 12:49:40,只求一个涨停，求照顾
有尼玛大利好早就一字板了还等你慢慢买入吗？狗托们,"https://guba.eastmoney.com/news,300014,795069896.html",2018-11-29 12:46:15,有尼玛大利好早就一字板了还等你慢慢买入吗？狗托们
定向增发一批试试！,"https://guba.eastmoney.com/news,300014,795066981.html",2018-11-29 12:20:49,定向增发一批试试！
锂电池绝对龙头！,"https://guba.eastmoney.com/news,300014,795038446.html",2018-11-29 10:38:57,锂电池绝对龙头！
来一波,"https://guba.eastmoney.com/news,300014,795053407.html",2018-11-29 11:16:04,来一波
到前期高点了黑周五韭菜开割了，扒皮抽筋割肉放大血活埋死翘翘了。,"https://guba.eastmoney.com/news,300014,795051971.html",2018-11-29 11:12:06,到前期高点了黑周五韭菜开割了，扒皮抽筋割肉放大血活埋死翘翘了。
不行了，走了，接回猛士，今天肯定拉升,"https://guba.eastmoney.com/news,300014,795041131.html",2018-11-29 10:45:13,不行了，走了，接回猛士，今天肯定拉升
已经获利30%，落袋为安，谢谢,"https://guba.eastmoney.com/news,300014,795032708.html",2018-11-29 10:26:12,已经获利30%，落袋为安，谢谢
明天一字板涨停,"https://guba.eastmoney.com/news,300014,794716909.html",2018-11-27 22:51:09,明天一字板涨停
以通用汽车为代表的汽车行业计划关闭5家传统汽车工厂，转投新能源和无人驾驶。锂电池,"https://guba.eastmoney.com/news,300014,795024718.html",2018-11-29 10:08:00,以通用汽车为代表的汽车行业计划关闭5家传统汽车工厂，转投新能源和无人驾驶。锂电池目前是主流电源。
漂亮的300014这几天17%的收入了，继续加油哦！,"https://guba.eastmoney.com/news,300014,795025726.html",2018-11-29 10:10:18,漂亮的300014这几天17%的收入了，继续加油哦！
没买的抓紧，直奔涨停,"https://guba.eastmoney.com/news,300014,795009324.html",2018-11-29 09:34:31,没买的抓紧，直奔涨停
才涨一点就迫不及待地出货，何苦呢？,"https://guba.eastmoney.com/news,300014,795019230.html",2018-11-29 09:55:32,才涨一点就迫不及待地出货，何苦呢？
此时不跑更待何时[亏大了],"https://guba.eastmoney.com/news,300014,795018976.html",2018-11-29 09:54:55,此时不跑更待何时
还真有卖的,"https://guba.eastmoney.com/news,300014,795019139.html",2018-11-29 09:55:14,还真有卖的
应该拉2个涨停板,"https://guba.eastmoney.com/news,300014,795010209.html",2018-11-29 09:36:40,应该拉2个涨停板
引进快速充电技术是电动业最最需求。,"https://guba.eastmoney.com/news,300014,795014036.html",2018-11-29 09:45:09,引进快速充电技术是电动业最最需求。
2000万今天必须全部拿出来。砸呀,"https://guba.eastmoney.com/news,300014,795007492.html",2018-11-29 09:30:01,2000万今天必须全部拿出来。砸呀
亿纬锂能11月28日获深股通加仓100.68万股,"https://guba.eastmoney.com/news,300014,794996109.html",2018-11-29 08:19:04,"11月28日亿纬锂能深股通持仓数据
收盘价：	14.18	涨跌幅：	2.38%
持股量：	628.86万股	持股变化：	100.68万股





数据显示，截至11月28日亿纬锂能于深股通持股量为628.86万股，占其A股股本比例为0.73%，比上一交易日增加100.68万股。据数据统计，该股近一个月内累计涨幅为20.37%，深股通累计加仓388.39万，深股通持仓累计变化比例为161.51%，近三个月内累计涨幅为0.93%，深股通累计加仓405.40万，深股通持仓累计变化比例为181.43%。


数据来源:东方财富"
新能源汽车卖得火 动力电池供货吃紧,"https://guba.eastmoney.com/news,300014,794987925.html",2018-11-29 06:57:31,"来源：上海证券报 作者：覃秘 


　　新能源汽车销售旺盛意味着对动力电池的需求量进一步增加，“据我们调研，动力电池一线厂商目前基本都处于满产状态。”有券商研究员告诉记者。宁德时代、国轩高科、亿纬锂能等龙头公司的财报，已经反映了行业的高景气度。但是，也有一些动力电池企业度日艰难，因为市场正快速向龙头企业集中
　　“公司现在的产能有些紧张，正在加紧扩产。”日前，鹏辉能源副董事长、财务负责人、董秘鲁宏力在接受上证报记者采访时表示。
　　据了解，鹏辉能源的动力电池目前主要向东风汽车供货，今年8月双方签署战略合作框架协议，在乘用车、物流车、商用车等领域进行深度沟通探讨，并研发适配的新能源汽车动力电池系统。
　　电池巨头比亚迪现阶段也是满产。“比亚迪目前有三个厂(动力电池)，惠州和深圳两地工厂现在都是满产的，青海工厂也在努力提升产能，预计明年可以满产。”比亚迪相关负责人向记者介绍。
　　据公开资料，比亚迪惠州工厂产能为2GWh，深圳工厂产能为14GWh，青海工厂规划产能为12GWh。另据长江证券统计，今年1月至9 月，比亚迪实现动力电池装机6.8GWh，市场份额为25%，与宁德时代合计占到国内市场的67%，基本形成双寡头的市场格局。
　　“新能源车销售特别好，然后就需要很多动力电池供应。”有动力电池厂家的相关负责人向记者解释。
　　比亚迪的新能源乘用车销售数据印证了市场的火爆程度。“今年1月至2月，新能源乘用车销量还在七八千辆，3月份开始过万辆，8月份开始过两万辆。”前述比亚迪负责人介绍。查询公告，比亚迪今年10月的新能源乘用车的销量为26066辆。
　　另据公告，今年10月份，比亚迪汽车总销量为48497辆，其中新能源汽车27667辆，占比约57%。
　　中国汽车工业协会数据显示，今年1月至10月，我国新能源汽车产销分别完成87.9万辆和86万辆，分别比去年同期增长70%和75.6%。在汽车市场整体微增长的大背景下，新能源汽车的表现依然强劲。
　　销售旺盛意味着对动力电池的需求量进一步增加，“据我们调研，动力电池一线厂商目前基本都处于满产状态。”有券商研究员告诉记者。
　　高工产业研究院最新发布的《动力电池字段数据库》显示，2018年1月至10月新能源乘用车动力电池装机数量约为61.9万台，同比增长88%；装机总电量21.63GWh，同比增长139%。
　　龙头公司的财报已经反映了行业的高景气度。如宁德时代，公司前三季度扣除非经常性损益后的净利润为19.85亿元，同比增长88.7%，第三季度单季扣非后净利12.88亿元，同比增长138%，装机量的增长速度超出此前市场的普遍预期。
　　光大证券根据财务数据推算宁德时代三季度出货量约7至8Gwh，并预计该公司四季度的装机量为8至8.5Gwh。
　　国轩高科三季报披露，随着新增产能逐步释放，预计今年全年实际出货量较去年有较大增长。该公司预计今年净利润在8.5亿元至9.5亿元，较去年同期实现小幅增长。
　　亿纬锂能近日披露业绩预告，预计2018年全年净利润5.4亿元至5.8亿元，同比增长33%至45%，超出此前市场的预期。记者采访了解到，公司今年动力电池出货量预计在2至2.2Gwh，较去年同期增长超过1倍。“小牛电动车、工具客户TTI等订单比较多，戴姆勒的订单要到2019年才会批量交付，明年产能会进一步释放。”亿纬锂能相关负责人介绍。
　　非车用市场对于锂电池的需求也出现大幅增长，“储能领域、电动工具领域都有新的需求，特别是电动自行车的替代，市场机会很多。”
　　然而，面对下游大幅增长的需求，也有一些动力电池企业度日艰难甚至不得不关门，“投资巨大，技术更新快，行业的规模效应特别明显，市场正快速向龙头企业集中，宁德和比亚迪的优势已经很明显，还有七八家公司在争夺第三，厮杀和出局都在所难免。”有接受记者采访的券商研究员分析。


（文章来源：上海证券报）
（来源：上海证券报 2018-11-29 06:49） [点击查看原文]
展开阅读全文"
亿纬锂能:关于获得政府补助的公告,"https://guba.eastmoney.com/news,300014,794933342.html",2018-11-28 19:28:19,"公告日期：2018-11-28

证券代码：300014 证券简称：亿纬锂能 公告编号：2018-135
惠州亿纬锂能股份有限公司

关于获得政府补助的公告

公司及董事会全体成员保证信息披露的内容真实、准确、完整，没有虚假记
载、误导性陈述或重大遗漏。

一、获取补助的基本情况

近日，惠州亿纬锂能股份有限公司（以下简称“公司”）收到惠州市财政局下发《关于下达2018年省级促进经济发展专项资金（企业技术改造用途）暨（珠江西岸先进装备制造业发展方向）的通知》(惠财工【2018】171号)，获得政府补助共计2971.24万元，具体情况如下：

序号 获得补助 获得补助 补助 金额 收到补助 补助依据

的主体 的项目 形式 （万元） 的时间

高性能锂离子电 《关于下达2018年省级
1 公司 池产业化及系统 现金 2,928.20 促进经济发展专项资金
集成项目 2018年11 （企业技术改造用途）暨
电池电容器 月26日 （珠江西岸先进装备制
2 公司 （SPC）自动化设 现金 43.04 造业发展方向）的通知》
备技术改造项目 (惠财工【2018】171号)
合计 2971.24

二、补助的类型及其对上市公司的影响

根据修订后的《企业会计准则第16号—政府补助》的相关规定，上述补助为与资产相关的政府补助。上述补助为事后奖补方式支持先进装备制造业项目引进和落地建设，公司将严格按照《企业会计准则第16号—政府补助》的相关规定对上述补助进行相应的会计处理，有关本次补助的具体会计处理及最终对公司损益的影响，以会计师
事务所审计确认后的结果为准。敬请广大投资者注意投资风险。

三、备查文件

1、《关于下达2018年省级促进经济发展专项资金（企业技术改造用途）暨（珠江西岸先进装备制造业发展方向）的通知》(惠财工【2018】171号)；

2、收款凭证。

特此公告。

惠州亿纬锂能股份有限公司董事会
2018年11月28日


[点击查看PDF原文]
提示：本网不保证其真实性和客观性，一切有关该股的有效信息，以交易所的公告为准，敬请投资者注意风险。"
电池快充，整个电池行业的死神。没有人在乎你能用多久，只会在乎你几分钟能充好。亿伟,"https://guba.eastmoney.com/news,300014,794716168.html",2018-11-27 22:45:14,"电池快充，整个电池行业的死神。没有人在乎你能用多久，只会在乎你几分钟能充好。亿伟理能这段时间开始给奔驰供应汽车动力电池是铁板钉钉的事，亿伟理能与以色列顶尖技术合作，同时也是世界顶尖技术快充，这个事情我也在等，没有多大把握，不敢胡说。 现在好了。何止是汽车动力电池，说个难听话，和奔驰合作算个屁。这个快充，在整个电池界就是一个死神的存在。保护着我大亿伟理能的路越走越宽，越走越长。高兴无语形容。 没有人会考虑充电能用多长时间， 只有社会会关心几分钟才能充完。 恭喜恭喜……恭喜恭喜……所有和亿伟理能有关系的人……亿伟理能 不光是一个优秀的企业问题 同时还是一个很有眼光的企业 再次恭喜恭喜……也同喜同喜……哈哈哈哈哈哈……新能源汽车龙头比亚迪50多倍市盈率
动力电池龙头宁德时代40多倍市盈率
动力电池供货商龙头当升科技40市盈率
电池多种供货商亿伟理能20出头的市盈率 我就弄不明白 怕啥 20出头的市盈率涨到很高很高的市盈率夸张吗？怕就别来 你们回家睡觉去……"
双鹤明天还有些麻烦……,"https://guba.eastmoney.com/news,300014,794981906.html",2018-11-29 05:24:50,双鹤明天还有些麻烦……
赶紧跑啊，看来今天要跌停,"https://guba.eastmoney.com/news,300014,794958693.html",2018-11-28 23:20:57,这股在干嘛？自己买自己卖？为什么要这么做？高人指点！
明天继续大涨！,"https://guba.eastmoney.com/news,300014,794892082.html",2018-11-28 15:10:45,明天继续大涨！
亿纬锂能11月27日整了个涨停板，走得有模有样的,"https://guba.eastmoney.com/news,300014,794947115.html",2018-11-28 21:28:22,2018年度的业绩已经预告了，还挺好的
亿纬锂能11月27日整了个涨停板，走得有模有样的,"https://guba.eastmoney.com/news,300014,794947115.html",2018-11-28 21:28:22,2018年度的业绩已经预告了，还挺好的
要先能够把心中理所当然的冰块移走,"https://guba.eastmoney.com/news,300014,794930926.html",2018-11-28 19:08:16,明天再跌满
下周连续7个涨停，不要问原因,"https://guba.eastmoney.com/news,300014,794918672.html",2018-11-28 17:34:11,下周连续7个涨停，不要问原因
我的华为手机充电快，说明电池量产了。充电快也就是充电电流大一些，学物理的都知道！,"https://guba.eastmoney.com/news,300014,794722051.html",2018-11-27 23:33:08,我的华为手机充电快，说明电池量产了。充电快也就是充电电流大一些，学物理的都知道！老生常谈的问题！
瞎扯淡---哪有这么短命的有效期,"https://guba.eastmoney.com/news,300014,794721311.html",2018-11-27 23:26:08,协议有效期：自本协议签署之日起至2019年3月31日。
亿纬锂能11月28日资金揭秘,"https://guba.eastmoney.com/news,300014,794913759.html",2018-11-28 17:04:48,"今日亿纬锂能主力净流入额达-2371.76万元，净占比-4.38%，
其中超大单净流入额-761.05万元,净占比-1.44%，
大单净流入额-1610.71万元，净占比-3.05%。







































亿纬锂能资金流向数据

类型	流入(万元)	流出(万元)
超大	2333.09	-3094.14
大单	12821.58	-14432.29
中单	20922.65	-19768.07
小单	16775.22	-15558.04




资金解读





亿纬锂能收盘涨幅2.38%， 
其中，成交最活跃的价格分别为14.36、14.37、14.38，成交密集的手数区间分布于300-500、200-300、500-700手，中单介入居多。











成交活跃统计


9:30-15:00 成交均价 13.90













































成交价格	主买累计成交量	主卖累计成交量	主买占比	主卖占比
14.36	134600	170200	0.35%	0.44%
14.37	157200	122900	0.41%	0.32%
14.38	189400	78800	0.49%	0.21%
14.39	115600	26900	0.30%	0.07%
14.40	90200	0	0.24%	0.00%












































成交手数分布	主买累计成交量	主卖累计成交量	主买估算笔数	主卖估算笔数
300-500	1031173	619600	2062 	1239 
200-300	844198	747900	2814 	2493 
500-700	219200	220923	313 	316 
1000-1500	213811	100000	143 	67 
700-1000	84800	75400	85 	75 




左右拖动表格，可查看剩余表格内容


行业个股资金流

























































电子元件成分股主力净流入排行
序号	代码	名称	涨幅	主力净流入
1	000725	京东方A 	3.66%	19440.79万
2	002129	中环股份 	8.06%	11290.77万
3	603386	广东骏亚 	10.00%	3328.33万
4	000823	超声电子 	6.97%	3118.31万
5	002049	紫光国微 	1.95%	2912.46万
203	300014	亿纬锂能 	2.38%	-2371.76万


数据来源:东方财富






展开阅读全文"
亿伟理能今天股价的表现 是由于从外界传来亿伟理能已经开始给戴姆勒旗下奔驰供货了 ,"https://guba.eastmoney.com/news,300014,794666271.html",2018-11-27 16:39:38,亿伟理能今天股价的表现 是由于从外界传来亿伟理能已经开始给戴姆勒旗下奔驰供货了 由于合同的限制亿伟理能暂不能公开
跑把，明天黑周四,"https://guba.eastmoney.com/news,300014,794853370.html",2018-11-28 13:27:02,跑把，明天黑周四
麻痹了的，主力跑完了。所以今天才涨不动,"https://guba.eastmoney.com/news,300014,794886888.html",2018-11-28 14:53:32,麻痹了的，主力跑完了。所以今天才涨不动
持续半年的一两手卖盘将把汇通砸向退市,"https://guba.eastmoney.com/news,300014,794901144.html",2018-11-28 16:00:48,虽然近期弱势不断
你说5块以上买的是不是傻哈哈哈,"https://guba.eastmoney.com/news,300014,794900083.html",2018-11-28 15:54:12,你说5块以上买的是不是傻哈哈哈
新能源车销售火爆主流锂电厂商满产运行 锂电池股走强,"https://guba.eastmoney.com/news,300014,794894653.html",2018-11-28 15:23:47,"由于新能源车销售火爆，主流锂电池厂普遍供货紧张。比亚迪位于惠州和深圳的两个主要工厂均是满产运行，青海工厂也正全力提升产能。给东风汽车进行深度配套的鹏辉能源也出现产能紧张。亿纬锂能目前订单充足，戴姆勒的订单将在2019年实现批量交付。
（来源：萝卜投研的财富号 2018-11-28 15:21） [点击查看原文]"
垃圾涨停呀,"https://guba.eastmoney.com/news,300014,794886382.html",2018-11-28 14:52:11,垃圾涨停呀
新宙帮涨停了，这垃圾货还在跌,"https://guba.eastmoney.com/news,300014,794886771.html",2018-11-28 14:53:11,去尼玛的
短期有点压力，获利盘打压。准备减仓止盈，这次反弹操作还可以。,"https://guba.eastmoney.com/news,300014,794872903.html",2018-11-28 14:19:01,短期有点压力，获利盘打压。准备减仓止盈，这次反弹操作还可以。
坚持住，冲到15方向的区域，就可以休息了,"https://guba.eastmoney.com/news,300014,794608199.html",2018-11-27 13:17:08,坚持住，冲到15方向的区域，就可以休息了
出货了！,"https://guba.eastmoney.com/news,300014,794885723.html",2018-11-28 14:50:17,出货了！
压是压不住的！买华北 一二三四 买,"https://guba.eastmoney.com/news,300014,794883530.html",2018-11-28 14:45:13,压是压不住的！买华北 一二三四 买
还有主力的吗？,"https://guba.eastmoney.com/news,300014,794882488.html",2018-11-28 14:42:33,还有主力的吗？
该不会拉完就要下套吧,"https://guba.eastmoney.com/news,300014,794880732.html",2018-11-28 14:38:08,该不会拉完就要下套吧
亿纬锂能携以色列5分钟充电巨头，领跑全人类！,"https://guba.eastmoney.com/news,300014,794849360.html",2018-11-28 13:15:16,"我赢了！






合作内容:　 
完成StoreDot标准化产品的测试，及样品的生产；StoreDot　FlashBattery产品的小批量生产；以及未来在中国设立合资企业，建立批量生产能力的评估。
　　2、合作范围：
　　第一阶段：生产消费电子产品快充电池，如手机、移动电源、笔记本或平板电脑；
　　第二阶段：侧重于生产电动交通工具产品的快充电池，如电动汽车、电动船、电动无人机、或其他电动水上、陆地及空中交通工具。
　　3、协议有效期：自本协议签署之日起至2019年3月31日。
　　三、协议对公司的影响
　　1、本协议的签署标志着公司与StoreDot之间战略合作和长期伙伴关系的开始，将进一步促进双方发挥各自优势，共同研制安全的“超高速可充电电池”，以更好地满足客户的多样化需求。
　　2、本协议的履行对公司的业务独立性不产生影响，对公司未来发展带来重大积极影响，对公司本年度财务状况影响尚不确定，如果对本年度财务状况影响确定时，公司将按照相关规定履行信息披露义务。
　　四、重大风险提示
　　1、本协议属于框架性协议，付诸实施和实施过程中均存在变动的可能性。公司届时将根据相关事项后续进展情况履行相应程序和信息披露义务，敬请广大投资者注意投资风险。
　　2、最近三年披露的战略合作协议进展情况
序号　　名称　　披露日期　　实质性进展
1　　 
公司与戴姆勒签订的《供货合同》　　2018年8月2日　　正在履行中
2　　 
公司与林洋能源签订《战略合作协议》　　2017年3月6日　　正在履行中
3　　 
公司与南京金龙签订《战略合作协议》　　2017年1月9日　　正在履行中
4　　 公司与硅宝科技签订的《战略合作协议》　　2016年1月26日　 
履行完毕
　　公司与欧鹏巴赫签订的《战略合作协议书》、
5　　 
2015年12月30日　履行完毕
　　公司与东宇欧鹏巴赫签订的《战略合作协议书》
　　3、未来三个月内，公司不存在控股股东、持股5%以上股东所持限售股份即将解除
　　2/3
限售情况；截至本公告披露日，公司未收到控股股东、持股5%以上股东拟在未来三个月内减持公司股份的通知。

展开阅读全文"
请问董秘，何时联手特斯拉？,"https://guba.eastmoney.com/news,300014,794872489.html",2018-11-28 14:17:50,同问
亿纬锂能5分钟闪冲，特斯拉马斯克跪求电池！,"https://guba.eastmoney.com/news,300014,794872073.html",2018-11-28 14:16:42,！免责声明个人看法不代表未来真实走势据此操作后果自负！
哈！跌停了，而且是疯狂卖单，目前为止差不多4,"https://guba.eastmoney.com/news,300014,794661015.html",2018-11-27 16:12:12,上涨通道中，长期持有必有厚报
增发股年报业绩摊薄，静资产增加！没错吧！,"https://guba.eastmoney.com/news,300014,794860247.html",2018-11-28 13:46:47,增发股年报业绩摊薄，静资产增加！没错吧！
在2018年全年业绩超预期的利好提振下，公司股价近期获得投资者的认可。公司对20,"https://guba.eastmoney.com/news,300014,794925542.html",2018-11-28 17:57:00,"在2018年全年业绩超预期的利好提振下，公司股价近期获得投资者的认可。公司对2019年的生产经营情况有什么样的目标？是否还会继续超预期？公司对股价再上一个台阶有无信心？ 
亿纬锂能
亿纬锂能：您好！公司会努力完成业绩持续的增长，谢谢您的关注！
(来自深交所互动易)答复时间 2018-11-28 17:57:00"
今天不上15吗，我艹,"https://guba.eastmoney.com/news,300014,794850791.html",2018-11-28 13:19:53,今天不上15吗，我艹
亿纬锂能将生产全球最快充电锂电池！5分钟！,"https://guba.eastmoney.com/news,300014,794849972.html",2018-11-28 13:17:06,"我上个厕所功夫，就充好了！


而且还是按照普通正常大便时间！
比一顿饭功夫，还短！"
股市必读：2018-11-28星期三重要信息汇总,"https://guba.eastmoney.com/news,300014,794767093.html",2018-11-28 08:52:25,"【今日导读】
>新能源车销售火爆、主流锂电厂商满产运行
>海外TDI装置临时停车、国内产品报价上调
>汉商集团获要约收购、横店东磁拟回购股份
>国立科技实控人获支持、梅轮电梯股份转让
【上证聚焦】
新能源车销售火爆、主流锂电厂商满产运行
——
上证报资讯调研获悉，由于新能源车销售火爆，主流锂电池厂普遍供货紧张。比亚迪位于惠州和深圳的两个主要工厂均是满产运行，青海工厂也正全力提升产能。给东风汽车进行深度配套的鹏辉能源也出现产能紧张。亿纬锂能目前订单充足，戴姆勒的订单将在2019年实现批量交付。
今年1至10月，我国新能源汽车产销分别完成87.9万辆和86万辆，同比分别增长70%和75.6%，年内突破百万台已毫无悬念。国开证券认为，从供需两端情况来看，龙头动力电池企业扩产仍有较强的内生动力。根据锂电大数据统计，仅国内15家主流电池企业2018-2020年扩产规模将达到166GWh，预计将拉动锂电池设备增量市场500亿至660亿元。
宁德时代（300750）是全球领先的动力电池系统提供商，前三季扣非后净利同比增88.71%；
先导智能（300450）是国内锂电池设备龙头，转型整线模式后已有大订单落地，具有较强的核心竞争力。
【上证精选】
《关于完善系统重要性金融机构监管的指导意见》印发，有助于防范系统性金融风险。
10月份全国规模以上工业企业利润同比增长3.6%，增速比9月份减缓0.5个百分点。
证监会公示第十八届发审委委员候选人，中介机构候选人占比超过半数。
上海市政府与百度公司签署战略合作框架协议，支持百度在上海设立创新中心和物联网总部。
《北京市高精尖产业登记指导目录(2018版）》公开征求意见，聚焦产业新兴领域、高端环节和创新业态。
【产业情报】
海外TDI装置临时停车、国内产品报价上调
——
受莱茵河水位过低影响，巴斯夫位于德国路德维希港的30万吨/年TDI装置26日起临时停车，暂未确定何时重启。国内市场方面，上海科思创最新指导价执行23000元/吨，较上周提涨1000元/吨，公司生产装置已于11月15日全线停车检修，持续45天左右。
2017年全球TDI产能约为289万吨/年，由于部分生产装置关停，TDI供应进入阶段性紧张状态。国泰君安认为，近期TDI现货供应非常紧张，工厂经过前期积极预售去库存，短期基本没有现货可供。在科思创装置停车以及雾霾天气影响下，预计TDI现货供应继续吃紧，TDI价格有望继续上涨。
相关公司方面，沧州大化（600230）主营TDI产品；万华化学（600309）旗下有TDI产能将投产。
能源局将多管齐下促地热产业发展
——
国家能源局官员27日表示，国家能源局今后将进一步推动地热资源勘探工作；继续加大科研支持力度；通过建设地热能高效利用示范区，因地制宜推动多种地热能形式的开发利用；建立完善地热能的管理和监管体制机制，多管齐下促进地热产业发展。
上证报资讯从当日举行的""2018中国地热国际论坛暨地热资源利用国际工程科技高端论坛""获悉，我国地热能整体开发利用规模稳居世界前列，地热能供暖面积保持世界首位。预计""十三五”时期，我国将新增地热能供暖（制冷）面积11亿平方米，相当于220个雄县的地热供暖面积，未来发展潜力巨大。
开山股份（300257）独创推出的""一井一站”地热发电全新技术路径得到了海外地热发电市场的认可；
汉钟精机（002158）开发出了最高出水温度达到120摄氏度，可应用于小区集中供暖、工业余热回收领域的高温热泵压缩机。
【公告解读】
汉商集团获股东要约收购
——
汉商集团（600774）股东阎志拟在2018年11月30日至2019年1月2日要约收购公司9.5%股份，要约价格为15.79元。实施后，阎志方面合计持股比例将达39.5%，可能导致控制权变化。公司最新股价为12.04元。
横店东磁等拟回购股份
——
横店东磁（002056）拟回购股份1.5亿至3亿元，回购价格不超过10元/股。
百润股份（002568）董事长提议回购股份1.5亿至3亿元，回购价格不超过13.28元/股。
鹏欣资源（600490）拟回购股份7500万至1.5亿元，回购价格不超过8元/股。
国立科技实控人将获资金支持
——
国立科技（300716）控股股东永绿实业及实控人邵鉴棠，与东莞市上市莞企发展投资合伙企业签署《投融资合作协议》，后者拟分批次向永绿实业、邵鉴棠提供投融资资金支持，其中11月底前将提供首批支持资金不低于1亿元。
梅轮电梯（603321）公告，余丽妹以6.4元/股，受让傅燕和朱建国持有的公司股份1535万股（占总股本的5%)。本次交易前，余丽妹未持有公司股份。
ST运盛拟向大股东定增补流
——
ST运盛（600767）拟向控股股东蓝润资产发行不超过6820万股，募资不超过3亿元全部用于补充流动资金。
一汽夏利拟清仓天津一汽丰田股权
——
一汽夏利（000927）拟以29.23亿元,将所持天津一汽丰田15%的股权转让给控股股东一汽股份。完成后，一汽夏利将不再持有天津一汽丰田股权。
【资金观潮】
四机构席位买入盈趣科技
——
27日交易公开信息显示，盈趣科技（002925）获四机构席位合计买入5113.73万元，占当日成交额的18%。另有一机构席位卖出630万元。
新一代IQOS产品日前在日本开售。国盛证券认为，相较于其他加热不燃烧产品，新一代IQOS口感、外观设计更好，改善了上一代便携度和使用时长不足的问题。盈趣科技是PMI电子烟IQOS的二级供应商，随着新一代产品上市，公司将持续受益。
（来源：李哥投资日志的财富号 2018-11-28 08:42） [点击查看原文]
展开阅读全文"
刘金城。起床出货啦,"https://guba.eastmoney.com/news,300014,794847548.html",2018-11-28 13:09:55,刘金城。起床出货啦
学习一下当升科技,"https://guba.eastmoney.com/news,300014,794808053.html",2018-11-28 10:37:41,学习一下当升科技
锂电最弱就是你,"https://guba.eastmoney.com/news,300014,794832541.html",2018-11-28 11:35:48,锂电最弱就是你
我日，起来呀,"https://guba.eastmoney.com/news,300014,794830992.html",2018-11-28 11:30:44,我日，起来呀
大盘起来你就出货,"https://guba.eastmoney.com/news,300014,794823730.html",2018-11-28 11:13:04,大盘起来你就出货
今天继续涨停板！,"https://guba.eastmoney.com/news,300014,794815881.html",2018-11-28 10:55:43,今天继续涨停板！
当升两天15点，新宙邦两天14点，亿伟两天14点，天剔两天8点，星源两天2点，它,"https://guba.eastmoney.com/news,300014,794813465.html",2018-11-28 10:50:05,当升两天15点，新宙邦两天14点，亿伟两天14点，天剔两天8点，星源两天2点，它们是星源材质的爹。
短线操作 先走了 愿留下的继续发财,"https://guba.eastmoney.com/news,300014,794811265.html",2018-11-28 10:44:58,挣了3个点
要绿了快跑,"https://guba.eastmoney.com/news,300014,794807967.html",2018-11-28 10:37:23,要绿了快跑
当升，新宙邦，亿纬，天赐是星源材质的爹。别人两天十多个点。,"https://guba.eastmoney.com/news,300014,794805393.html",2018-11-28 10:31:47,当升，新宙邦，亿纬，天赐是星源材质的爹。别人两天十多个点。
快快的回到20元以上。我要回本,"https://guba.eastmoney.com/news,300014,794805797.html",2018-11-28 10:32:30,快快的回到20元以上。我要回本
亿纬锂能，联手以色列storedot，5分钟充电！,"https://guba.eastmoney.com/news,300014,794778955.html",2018-11-28 09:42:08,免责声明个人看法不代表未来真实走势据此操作后果自负！
向上试探中，布局跟进！,"https://guba.eastmoney.com/news,300014,794801068.html",2018-11-28 10:23:00,向上试探中，布局跟进！
换股,"https://guba.eastmoney.com/news,300014,794798965.html",2018-11-28 10:19:21,前天进场的建议了结，为什么就不说了，换600030
每一次利好都是减仓的时候，该股很不正常，全年从20元到现在几乎下跌了40%左右，,"https://guba.eastmoney.com/news,300014,794795513.html",2018-11-28 10:11:18,每一次利好都是减仓的时候，该股很不正常，全年从20元到现在几乎下跌了40%左右，最高时达到50%以上，赶紧走人不跟你玩了！
爆仓、破净、ST……熊市不稀奇！,"https://guba.eastmoney.com/news,300014,794794336.html",2018-11-28 10:09:32,昨天尾盘进，今天拉高走的，拿一波分红，很爽，哈哈
委托12块跑了。曹尼玛，受不鸟了,"https://guba.eastmoney.com/news,300014,794306317.html",2018-11-26 09:12:01,委托12块跑了。曹尼玛，受不鸟了
"以色列不生产汽车,但却是世界上设计汽车技术领先的国家","https://guba.eastmoney.com/news,300014,794751260.html",2018-11-28 06:11:35,"以色列不生产汽车,但却是世界上设计汽车技术领先的国家,动力电池亦是汽车技术的一部分,所以洒家给亿纬锂能顶上!!哈哈哈哈哈"
有本事你再拉个涨停板,"https://guba.eastmoney.com/news,300014,794776741.html",2018-11-28 09:37:05,有本事你再拉个涨停板
已挂15.24买入希望能买进去,"https://guba.eastmoney.com/news,300014,794770685.html",2018-11-28 09:19:05,已挂15.24买入希望能买进去
"发个业绩预告发个框架协议就以为能上天啊,刘金成想多了,今天派发股票谁要砸给你.","https://guba.eastmoney.com/news,300014,794771601.html",2018-11-28 09:22:16,"发个业绩预告发个框架协议就以为能上天啊,刘金成想多了"
"昨天盘后利空没有骗大家,赶紧跑,看谁快","https://guba.eastmoney.com/news,300014,794770445.html",2018-11-28 09:17:58,"昨天盘后利空没有骗大家,赶紧跑,看谁快"
牛逼的黑纹,"https://guba.eastmoney.com/news,300014,794770230.html",2018-11-28 09:16:31,牛逼的黑纹
"接连两天的利好,再叠加潜在的科创板标的股,哈哈哈哈顶起,不能给追涨者机会","https://guba.eastmoney.com/news,300014,794769494.html",2018-11-28 09:11:24,"接连两天的利好,再叠加潜在的科创板标的股,哈哈哈哈顶起不能给追涨者机会"
今日硬菜:亿纬锂能、西安旅游、江南化工,"https://guba.eastmoney.com/news,300014,794769199.html",2018-11-28 09:09:09,今日硬菜:亿纬锂能、西安旅游、江南化工
重大利好，不知今天能否买到，如能买到全仓介入,"https://guba.eastmoney.com/news,300014,794768203.html",2018-11-28 09:01:09,重大利好，不知今天能否买到，如能买到全仓介入
股市奇才，分享的针尖解套法，学会的股民再也没被套！！,"https://guba.eastmoney.com/news,300014,794767957.html",2018-11-28 08:59:02,"主动解套的方法，是一种积极的方法，当然也需要一点技巧，主要有以下几种：
步骤/方法
1、向下差价法(前提是要判断准确后市是向下的)：
股票被套后，等反弹到一定的高度，估计见短线高点了，先卖出，待其下跌一段后再买回。通过这样不断地高卖低买来降低股票的成本，最后等总资金补回了亏损，完成解套，并有赢利，再全部卖出。
2、向上差价法(前提是要判断准确后市的向上走势)：
股票被套后，先在低点买入股票，等反弹到一定的高度，估计见短线高点了(不一定能够到第一次买入被套的价格)，再卖出。通过这样来回操作几次，降低股票的成本，弥补了亏损，完成解套。
3、降低均价法(前提是你还有大量现金)：
股票被套后，每跌一段，就加倍的买入同一只股票，降低平均的价格，这样等股票一个反弹或上涨，就解套出局。这种方法也有人称它为金子塔法。
4、单日T+0法：
因为股票的价格每天都有波动，我们就抓住这些波动来做文章。 比如，如果你昨天有100股被套，今天可以先买100股，然后等股价上了，再卖100股;也可以先卖100股，然后等股价下了。再买100股，等今天收盘，你还是100股，但已经买卖过一个或几个来回了。一进一出或几进几出，到收盘数量是和昨天相同的，但是现金增加了。这样就可以降低成本，直到解套。这个方法与向下差价法、向上差价法的区别在于它是当日就来回的做，而向下差价法、向上差价法不一定是当日就来回做，可以过几天做一个来回。
5、换股法：
就是当觉得自己的股票实在是没有什么机会了，就选一只与自己的股票价格差不多的，有机会上涨的股票来换，也就是等价(或基本等价)换入有上涨希望的股票，让后面买入的股票上涨后的利润来抵消前面买入的股票因下跌而产生的亏损。
6、半仓滚动操作法：
方法同向下差价法、向上差价法、单日T 0法相同。但不是全仓进出，而是半仓进出，好处在于可以防止出错。万一你的判断是错误的，则手中有半仓股票半仓现金，处理起来比较灵活，进退方便。总之，主动解套的方法多种多样，但它的关键或者说中心思路就是要千方百计的降低成本，补回损失，直至赚钱。
群兴玩具002575是在股价回踩的时候选出，当时股价到支撑位附近出现反转信号，主力进场，是绝佳的机会，果断选出讲解，果然之后股价连续上涨，截止目前股价大涨27个点涨幅！
金太阳300606前期该股筹码震荡吸筹，26号股价回踩支撑线，资金大幅流入，买点出现，根据我所讲选股法，及时选出讲解，轻松收获21%以上的涨幅，恭喜当时看到笔者选股思路文章的股友及时把握住了该股这波行情。
一直在讲思路，讲技巧，就是为了提高朋友们的选股和操作能力，更好的适应股市！像群兴玩具、金太阳这样的短期爆发股，本人在选股文章会持续讲解，接下来看看今天选出这只股，有望如上面的一样走出短线行情：
该股走势非常明显，上升回档形态，本周经过连续阴跌回调，主力洗盘彻底，吸筹完毕，回调结束转强，量价齐升，该股后期走势和买卖时机大家可以重点关注！
针尖解套法的核心就是买阴卖阳，怎么做到呢?
就拿众和股份来说，很多股民是在方框处的高位被套的。原先是轻仓被套，后来补仓，结果重仓被套，那么针对这样被套的情况应该如何处理呢?2连阴或者3连阴之后的分时急跌就进场低吸。
比如上图中的2连阴，在第二根阴线的低点中进场，如下图。
比亚迪、亿纬锂能、佐力药业、贝通信、吉大通信
展开阅读全文"
大盘盘整静待靴子落地,"https://guba.eastmoney.com/news,300014,794767121.html",2018-11-28 08:52:33,"大盘盘整静待靴子落地
昨天大盘最后一小时放量下跌，外围股市普遍上涨，消息面偏向平静。
今天大盘应该小幅高开或平开，上攻时关注2587点附近的压力，强压力在2600点附近；回落时关注2566点附近的支撑，强支撑在2550点附近。
消息面上，财政部：明年起取消百万千瓦级核电机组等装备免税政策；农业部：新疆伊宁县排查出一起O型口蹄疫疫情；第二批国资划转社保名单初步圈定，初步圈定5-10家竞争性、非上市国企；在岸人民币兑美元夜盘收跌120点；3家公司首发上会：2家获通过 1家被否；多家公司加入回购大军 回购金额超900亿；今年577只基金清盘 是过去19年两倍多；证券日报头版：A股迎来三大增量长期资金；亿纬锂能：拟与以色列公司合作 生产“超高速可充电电池”；木林森：拟发行可转债募资26.6亿元加码主业；美锦能源：预计全年净利同比增60%至88% 焦炭需求旺盛；西安旅游：红土公司累计投资项目10个 投资总额1亿元；国信证券：拟向深投控等定增募资不超150亿元；东方园林：拟非公开发行优先股募集不超40亿元 其中36亿元用于还债；汉商集团：阎志拟要约收购公司9.5%股份 或致控制权变化；德豪润达：起诉苹果孙公司等6个单位 要求赔偿5亿元；一汽夏利：逾29亿向控股股东出售天津一汽丰田15%股权；国立科技：控股股东、实控人获东莞市政府资金救助；美股低开高走 道指涨0.44%报24748.73点，标普500涨0.33%报2682.2点，纳指涨0.01%报7082.7点；中概股涨跌不一 拼多多涨近6%等。
证券日报头版刊文称，当前A股市场可期的长期增量资金主要来自三个方面：银行、保险和养老金。首先，陆续成立的银行理财子公司将为市场带来可观的增量资金。其次，保险资金不断松绑，增量资金入市可期。第三，养老金入市步伐加快，为股市再注入一剂强心针。这些资金都是长期资金，对股市长期稳定运行构成有力支撑，目前A股市场散户太多，市场稍有风吹草动就会引起大起大落，最终会打消大家的做多热情，这也是A股熊长牛短的重要原因，后期一旦增加了长期增量资金，这些状况都有望得到改观，A股慢牛行情也有望形成，让我们拭目以待吧。
技术上，大盘一根中阴以后，随后收出两根十字星，这两根十字星可以说是探底回升企稳，也可以说是下跌中继，关键还是看近两天的走势。如果大盘能收出中阳线，大盘可能就是短期止跌；如果收出中阴线，大盘前面两根十字星就是下跌中继，而就技术上，大盘中阳和中阴都有可能，目前关键还是看消息面，因为周末有很多不确定性，所以，大盘犹豫不决，一旦周末的消息面超出市场预期，大盘有望收出中阳线，否则，大盘还将继续探底，目前只有继续横盘等待靴子落地。
板块上，引起近期大盘走弱的主要还是银行、地产等蓝筹股走势不强，今天建议继续关注这两个板块的动态，如果今天银行和地产还是出工不出力，今天大盘还将以盘整为主，不排除今天大盘再收一根十字星；如果今天银行、地产能够启动上涨，今天大盘有望收出中阳线，否则，后期大盘还将以探底为主。
（来源：倩丽股鹰的财富号 2018-11-28 08:33） [点击查看原文]"
亿纬锂能11月27日获深股通加仓116.44万股,"https://guba.eastmoney.com/news,300014,794762888.html",2018-11-28 08:19:14,"11月27日亿纬锂能深股通持仓数据
收盘价：	13.85	涨跌幅：	9.92%
持股量：	528.18万股	持股变化：	116.44万股





数据显示，截至11月27日亿纬锂能于深股通持股量为528.18万股，占其A股股本比例为0.61%，比上一交易日增加116.44万股。据数据统计，该股近一个月内累计涨幅为17.57%，深股通累计加仓287.70万，深股通持仓累计变化比例为119.64%，近三个月内累计涨幅为1.61%，深股通累计加仓302.77万，深股通持仓累计变化比例为134.32%。


数据来源:东方财富"
定向增发快有结果了！谁知道该不该卖了？高手指点一下！,"https://guba.eastmoney.com/news,300014,794759990.html",2018-11-28 08:00:34,定向增发快有结果了！谁知道该不该卖了？高手指点一下！
再看油服板块的逻辑,"https://guba.eastmoney.com/news,300014,794760049.html",2018-11-28 08:00:55,"一、投资札记
把心态当做交易工具。
——《以交易为生Ⅱ》
你的情绪、期望和恐惧，会直接影响交易结果，过度的情绪波动会让你一败涂地。成功的交易者需要自己制定计划并坚定执行，当压力来临时，人们往往会随意或模仿他人交易，这很容易导致交易失败。
我要说的是，在制定和实施自己的交易计划时，必须和外界保持距离。当一次交易仍然在进行的时候，你不可能告诉他人你的交易计划，你需要与自己的交易一起保持孤独，学习你所能学习的，制定决策，记录计划，默默地实施计划。
二、每日复盘
大盘如打了霜的茄子，萎靡不振，上证指数四连阴，创投概念股等热点的褪去叠加的不确定，使得近期观望情绪浓厚、没有强烈的交易意愿，各大指数中创业板指强度最强，并在30日线附近徘徊。
最近一直在吹5G板块，这两天通信板块的大涨更进一步证明了资金的不断介入，不过今日的5G概念涨停股宜通世纪、新海宜等参与价值并不大，选股还是要集中于中兴通讯、沪电股份、深南电路、飞荣达、天孚通信、世嘉科技等。此外，超声电子被港资买不停，其特种PCB产品已有应用于5G产品，目前港资的持股市值已达7700万，可以多多关注，不过隐忧是三季度业绩增长主要靠汇率上升，具体产品放量还有待观察。
今日的亿纬锂能，因年报的业绩预告归属净利润约5.365亿至5.849亿元，超出全年净利润预期，接近涨停。看到亿纬锂能的涨势，突然想到同类型的超预期股票杰瑞股份，此前公司预计全年净利润为52875.89万元至56265.37万元，与上年同期相比变动680%至730%。杰瑞的业绩提升的主要原因就是布伦特原油的持续上涨，并在5月份首次触及80美元/桶大关，创近3年半以来新高，原油价格的上涨，带动国内外油田服务市场复苏，市场对于钻完井设备、油田技术服务等业务需求增加。
谁料，10月份以后风云突变，短短几周从86美元跌至60美元，油价回调30%，回调幅度和回调时间创多年罕见，年初至今的所有涨幅已经全部回吐。究其根源，一方面是地缘政治方面，市场对伊朗制裁预期过高打破持续上涨的预期，以及沙特“卡舒吉失踪事件”造成沙特全力增产石油换取美国支持，二是原油的金融属性放大波动，原油前期的上涨积累了大量的杠杆头寸，一旦油价行情回头，引发多杀多的踩踏；三是美股的大幅回调引发投资者对全球经济增长的担忧，全球避免情绪上升，对风险资产的配置情绪大幅降低。
因此，杰瑞的走势并不如年报超预期所期盼的一路高歌猛进，而是和原油价格息息相关，两月份的跌幅也有20%左右，故而搞清楚原油涨跌的逻辑对于油服板块的投资至关重要。至于明年原油价格走势，我想无外乎从需求与供给两方面进行分析。首先，需求端，鉴于主要研究机构对明年经济增速预期的悲观，预计原油消费存在放缓的趋势；其次，供给端，重点观察美国输油管道进展和OPEC减仓情况，目前来看，沙特、俄罗斯对减产方面并不积极，原油价格持续上升难度加大。但是，不排除地缘政治的影响，如伊朗制裁进一步加剧，将存在较大的不确定性。
股市如履薄冰，且行且珍惜。
（来源：中二君的交易室的财富号 2018-11-28 07:45） [点击查看原文]"
揭幕盘前必读2018.11.28 周三,"https://guba.eastmoney.com/news,300014,794757788.html",2018-11-28 07:37:19,"点击以上揭幕者关注我，资讯就是金钱，信息创造价值。声明：本人不推荐任何个股，不收会员，没有QQ群，也没有微信群，更没什么社群，也从不与任何人发生任何利益关系。所有信息不作为买卖依据，买者自负！卖者也自负！股市有风险，入市需谨慎。



龙虎榜分析每日发布在揭幕军团，请各位关注揭幕军团



【揭幕盘前必读】这个系列，已经制作13年了，虽有间断，但坚持不易。转发即支持。



【揭幕必读】11月28日《早盘信息》（附股）


一、【新股申购】


无



二、【产业掘金】


上证报调研获悉，由于新能源车销售火爆，主流锂电池厂普遍供货紧张。比亚迪位于惠州和深圳的两个主要工厂均是满产运行，青海工厂也正全力提升产能。给东风汽车进行深度配套的鹏辉能源也出现产能紧张。亿纬锂能目前订单充足，戴姆勒的订单将在2019年实现批量交付。宁德时代（300750） 是全球领先的动力电池系统提供商，前三季扣非后净利同比增88.71%；先导智能（300450）是国内锂电池设备龙头，转型整线模式后已有大订单落地，具有较强的核心竞争力。



据《钱江晚报》27日报道，自11月20日浙江省创投协会发文征集拟挂牌科创板的优质企业后，已有100多家企业申报。协会下一步将把名单送往相关科技部门和金融管理部门。江南化工（002226）表示，浙江如山创投推荐的17家参投企业中，公司直接以及通过如山汇盈创投基金（持股30%的）投资的有5家；盾安环境（002011）也持有如山汇盈创投基金16.67%股权；华海药业（600521）、贝达药业（300558） 别持有多禧生物10%和1.77%股权，多禧生物被科发资本董事长称为最具爆发力的项目。



国家能源局官员27日表示，国家能源局今后将进一步推动地热资源勘探工作；开山股份（300257）独创推出的""一井一站”地热发电全新技术路径得到了海外地热发电市场的认可；汉钟精机（002158）开发出了最高出水温度达到120摄氏度，可应用于小区集中供暖、工业余热回收领域的高温热泵压缩机。



据媒体报道，中国工程院院士、FuTURE推进委员会主席邬贺铨在27日举行的2018未来信息通信技术国际研讨会上表示，中国的5G商用会从6GHz以下频段开始。中国联通、中国电信将在3.5GHz频段各获得100MHz的频谱资源，通宇通讯（002792）国内天线龙头厂商，深度受益5G发展。太辰光（300570）是领先的光纤连接器厂商。此外，北京将新一代通信技术作为产业发展重点，北京本地5G概念股主要有耐威科技（300456）、瑞斯康达（603803）、恒泰实达（300513）等。



据媒体报道，今年北京车展上，宝马发布了首款纯电动SUV—iX3，并表示新车将于2020年国产上市。均胜电子（600699）是宝马新能源汽车BMS独家供应商。得润电子（002055） 公司新能源汽车车载充电机已为宝马供货。



三、【公司信息】



沧州大化（600230）万华化学（600309）：国内TDI产品报价上调


横店东磁（002056） 拟斥资1.5亿-3亿元回购公司股份，回购股份的价格为不超过10元/股。目前股价为5.82元。


复星医药（600196） 拟不超10亿元投建常德原料药基地。


东珠生态（603359） 联合预中标1.3亿元建设工程。公司2017年的营业总收入为12.24元。


银信科技（300231）拟1.12亿元收购大连银行0.44%股权。


雪浪环境（300385） 预中标1.76亿元设备采购项目，占公司2017年度营收的21.53%。


弘信电子（300657） 拟定增募资不超7.22亿元。


ST运盛（600767）拟向控股股东蓝润资产发行不超过6820万股，募资不超过3亿元全部用于补充流动资金。


一汽夏利（000927）拟以29.23亿元,将所持天津一汽丰田15%的股权转让给控股股东一汽股份。



回购公告：



汉商集团（600774）股东阎志拟在2018年11月30日至2019年1月2日要约收购公司9.5%股份，要约价格为15.79元。


横店东磁（002056）拟回购股份1.5亿至3亿元，回购价格不超过10元/股。


百润股份（002568）董事长提议回购股份1.5亿至3亿元，回购价格不超过13.28元/股。


鹏欣资源（600490）拟回购股份7500万至1.5亿元，回购价格不超过8元/股。



请认别以下二维码关注老揭的唯一服务号: 揭幕看盘 每个月发布策略总结及投资干货




以上内容为老揭独家整理，仅供参考，不作为买卖依据
（来源：金世佳人的财富号 2018-11-28 04:52） [点击查看原文]
展开阅读全文"
后面有非公开发行，还得等它，慢慢来吧,"https://guba.eastmoney.com/news,300014,794751653.html",2018-11-28 06:18:22,后面有非公开发行，还得等它，慢慢来吧
破股市远離,"https://guba.eastmoney.com/news,300014,794745136.html",2018-11-28 04:43:32,破股市远離
今天2567点是大盘的关键点位，收阳还是收阴就看这点位了,"https://guba.eastmoney.com/news,300014,794733146.html",2018-11-28 01:46:42,今天2567点是大盘的关键点位，收阳还是收阴就看这点位了
002020,"https://guba.eastmoney.com/news,300014,794730372.html",2018-11-28 01:09:26,烟火往事
亿纬锂能：拟与以色列公司合作亿纬锂能与以色列公司StoreDot签订合作协议，就,"https://guba.eastmoney.com/news,300014,794724357.html",2018-11-27 23:56:47,亿纬锂能：拟与以色列公司合作亿纬锂能与以色列公司StoreDot签订合作协议，就大规模生产安全的“超高速可充电电池”建立合作关系。合作内容包括：完成StoreDot标准化产品的测试及样品生产；“超高速可充电电池”的小批量生产；未来在中国设立合资企业等。
利好出来了，习惯性说几句。 有没有想过:一个利好，在股市能卖多少钱？ 一个板？两,"https://guba.eastmoney.com/news,300014,794697292.html",2018-11-27 20:23:26,"利好出来了，习惯性说几句。
有没有想过:一个利好，在股市能卖多少钱？
一个板？两个板？还是一波行情？或许，只是一根带长上引的k线。利好出货嘛～总能骗几个新手。
问题是，现在股价相当于17年股价的低位。
今年业绩明显更好，对比之下。
来个历史新高也是可以的。打个折扣，回到17年股价的中位，那么～这个利好能让股价上涨30%～
而事实上，近期成本是13元左右，会不会趁机在明天凶悍的买盘中大规模出货？然后封板～后天高开低走。完成一波操作，趁大盘杀跌打底股价后，再重新下次的主升？
当然，都是瞎猜～
但是请注意，一旦成交量放的很大，那么风险就要来咯。"
亏损股，趺跌不休，无卵法。,"https://guba.eastmoney.com/news,300014,794719455.html",2018-11-27 23:09:56,亏损股，趺跌不休，无卵法。
100元不是梦么。我只求16回本,"https://guba.eastmoney.com/news,300014,794710537.html",2018-11-27 22:00:43,100元不是梦么。我只求16回本
14都过不去的话，那只好5快见了,"https://guba.eastmoney.com/news,300014,794657274.html",2018-11-27 15:49:47,14都过不去的话，那只好5快见了
尾盘迅速把卖2的2.15万手卖单吃掉，回封8万多手封单，又迅速撤单打开涨停，继续,"https://guba.eastmoney.com/news,300014,794601174.html",2018-11-27 12:37:53,尾盘迅速把卖2的2.15万手卖单吃掉，回封8万多手封单，又迅速撤单打开涨停，继续封涨停，换手率确实太小，是筹码没吸够吗？不排除下午继续故技重演，好，就赌你吸筹。
新能源汽车龙头比亚迪50多倍市盈率 动力电池龙头宁德时代40多倍市盈率 动力电池,"https://guba.eastmoney.com/news,300014,794672649.html",2018-11-27 17:15:15,"新能源汽车龙头比亚迪50多倍市盈率
动力电池龙头宁德时代40多倍市盈率
动力电池供货商龙头当升科技40市盈率
电池多种供货商亿伟理能20出头的市盈率 我就弄不明白 怕啥 20出头的市盈率涨到40出头的市盈率夸张吗？怕就别来 你们回家睡觉去……"
希望能行吧,"https://guba.eastmoney.com/news,300014,794698699.html",2018-11-27 20:34:06,"营收/归母净利分别同增40.15%/-31.72%，基本符合预期。2018年前三季度实现营收30.09亿元，同比 51%；归母净利润3.79亿元，同比 17%；


扣非归母净利润3.10亿元，同比 21%。其中，第三季度实现营收11.25亿元，同比 75%，归母净利润为2.2亿元，同比 143%，扣非归母净利润为1.62亿元，同比 81%。公司第三季度业绩大幅增长的原因在于，锂原电池业务以及消费类锂电池业务保持较快增长。第三季度毛利率20.16%，同比下滑14.83pcts，环比下滑3.15pcts，主要系动力电池价格同比大幅下滑，以及毛利率较低的动力电池业务营收占比提升所致。"
亿纬锂能2018年度净利润预增33%-45%,"https://guba.eastmoney.com/news,300014,794462094.html",2018-11-26 19:07:10,"来源：中国证券网 
　　亿纬锂能披露2018年度业绩预告。公司预计2018年盈利53,647.52万元-58,487.89万元，比上年同期增长33.00%-45.00%。
（文章来源：中国证券网）
（来源：中国证券网 2018-11-26 19:06） [点击查看原文]"
资金流出三千多万,"https://guba.eastmoney.com/news,300014,794689620.html",2018-11-27 19:27:52,为什么中国重转让子公司股权可以成为投资收益，
2018年净利预增33%-45%！吹吧,"https://guba.eastmoney.com/news,300014,794676449.html",2018-11-27 17:39:27,@亿纬锂能：预计2018年净利为5.36亿元-5.85亿元，同比增长33%-45%。报告期，公司锂原电池业务基本稳定；动力电池和储能电池业务业绩实现增长；参股公司麦克韦尔业绩超预期，使得公司投资收益增加；非经常性损益对净利的影响金额预计在7000万元到8000万元之间。
能收到均价上方不,"https://guba.eastmoney.com/news,300014,794681027.html",2018-11-27 18:14:03,能收到均价上方不
封不停，跌不停,"https://guba.eastmoney.com/news,300014,794646341.html",2018-11-27 14:55:40,封不停，跌不停
麦克韦尔转版登陆科创    亿纬锂电提鞋都不配：麦克股价130元登陆后股价超过茅,"https://guba.eastmoney.com/news,300014,794673132.html",2018-11-27 17:17:56,麦克韦尔转版登陆科创 亿纬锂电提鞋都不配：麦克股价130元登陆后股价超过茅台 搞科技还不如喝酒的，全国酒鬼让国外打[好逊]
请问公司是否有跟华为合作，怎么有传闻与华为签约了？没见公告啊,"https://guba.eastmoney.com/news,300014,794925551.html",2018-11-28 17:56:00,"请问公司是否有跟华为合作，怎么有传闻与华为签约了？没见公告啊 
亿纬锂能
亿纬锂能：您好！公司在电池各领域，都会积极与优秀的大客户进行合作，谢谢您的关注！
(来自深交所互动易)答复时间 2018-11-28 17:56:00"
