标题,链接,发布时间,内容
前的一半涨幅,"https://guba.eastmoney.com/news,300058,677299819.html",2017-07-21 12:27:58,igerGlobal全部股本
为什么不能发言,"https://guba.eastmoney.com/news,300058,677256037.html",2017-07-21 11:38:05,为什么不能发言
下午还要跌，周一还跌，周二才起来，然后调整,"https://guba.eastmoney.com/news,300058,677237147.html",2017-07-21 11:17:54,下午还要跌，周一还跌，周二才起来，然后调整
就这成交量还是洗洗睡吧。烂标没有更烂只有最烂啊！,"https://guba.eastmoney.com/news,300058,677150399.html",2017-07-21 09:37:43,就这成交量还是洗洗睡吧。烂标没有更烂只有最烂啊！
这个公司能达到四百亿市值，骗谁,"https://guba.eastmoney.com/news,300058,667958303.html",2017-07-07 15:00:03,这个公司能达到四百亿市值，骗谁
皮包公司,"https://guba.eastmoney.com/news,300058,677184616.html",2017-07-21 10:19:52,这种公司会不会就是那种皮包公司
谁在中单抛？,"https://guba.eastmoney.com/news,300058,677186222.html",2017-07-21 10:20:50,谁在中单抛？
雷神牛熊日记0525：慢慢调整！周四收盘3048点。,"https://guba.eastmoney.com/news,300058,665031599.html",2017-07-03 16:07:31,太过想象，不就是低价
扩大直接融资吸血吃肉敲骨吸髓,"https://guba.eastmoney.com/news,300058,677145077.html",2017-07-21 09:28:38,今日五粮液不创新高下周必创新高
今天是周五，跌的行情。,"https://guba.eastmoney.com/news,300058,677135715.html",2017-07-21 09:14:50,今天是周五，跌的行情。
韦波：盘后股仙生008，十1点30敬请关注,"https://guba.eastmoney.com/news,300058,677133004.html",2017-07-21 09:10:40,下周市场主题热点在本周雄安高位股的修整后依然
可燃冰前景广阔 利好产业链上游公司（附股）,"https://guba.eastmoney.com/news,300058,677104981.html",2017-07-21 08:24:22,惠达卫浴有没有可能成超级大牛股，大家讨论 不
没什么做头了,"https://guba.eastmoney.com/news,300058,666722680.html",2017-07-05 20:39:36,000033的盘口有意思啊
涨停吧,"https://guba.eastmoney.com/news,300058,667185874.html",2017-07-06 14:32:00,涨停吧
国务院印发新一代人工智能发展规划，规划提出，到2020年人工智能总体技术和应用与,"https://guba.eastmoney.com/news,300058,676882990.html",2017-07-20 21:45:30,国务院印发新一代人工智能发展规划，规划提出，到2020年人工智能总体技术和应用与世界先进水平同步，人工智能产业成为新的重要经济增长点，人工智能技术应用成为改善民生的新途径，有力支撑进入创新型国家行列和实现全面建成小康社会的奋斗目标。初步建成人工智能技术标准、服务体系和产业生态链，培育若干全球领先的人工智能骨干企业，人工智能核心产业规模超过1500亿元，带动相关产业规模超过1万亿元。
短线操作策略，把握波段的节奏，跟随主力，跟随,"https://guba.eastmoney.com/news,300058,677046006.html",2017-07-21 04:52:37,中国恒大地产大涨15%连创新高 今年暴涨195% 201
别把人笑si了，2块钱? 主力找枪手发布利好研,"https://guba.eastmoney.com/news,300058,666747614.html",2017-07-05 21:22:38,"↓这次可以尽情的撕打李打消们的蛋蛋了,再让它"
臭马都在小伞小手，某人又支压了[大笑][大笑][大笑],"https://guba.eastmoney.com/news,300058,677033651.html",2017-07-21 03:51:36,臭马都在小伞小手，某人又支压了
雄安新区调整即将到位，蓝色光标将成为新一轮上涨的龙头,"https://guba.eastmoney.com/news,300058,664524075.html",2017-07-02 21:46:34,雄安新区调整即将到位，蓝色光标将成为新一轮上涨的龙头
金贵银业，和晶科技,"https://guba.eastmoney.com/news,300058,667009960.html",2017-07-06 10:18:41,保持指数红，工作很到位。
明天早上低开，可以进场做t,"https://guba.eastmoney.com/news,300058,676972139.html",2017-07-21 00:11:17,明天早上低开，可以进场做t
很明显故意的，一拉升，就大单在哪里等着，哎，爱怎么就怎么吧。我也等着,"https://guba.eastmoney.com/news,300058,667200685.html",2017-07-06 14:49:46,很明显故意的，一拉升，就大单在哪里等着，哎，爱怎么就怎么吧。我也等着
赵总，我支持你回购本公司股票，如果可以，推出员工持股，或兜底增持。[赞][赞][,"https://guba.eastmoney.com/news,300058,676880057.html",2017-07-20 21:38:39,赵总，我支持你回购本公司股票，如果可以，推出员工持股，或兜底增持。
上证指数连续四阳收涨 再回3100点 贵州茅台又创,"https://guba.eastmoney.com/news,300058,667437717.html",2017-07-06 20:59:43,
现在根本没有卖的，都是买，放心大胆的进,"https://guba.eastmoney.com/news,300058,667188588.html",2017-07-06 14:34:50,现在根本没有卖的，都是买，放心大胆的进
原来是涨前吓唬人砸的7.85呀，不怕不怕,"https://guba.eastmoney.com/news,300058,666493479.html",2017-07-05 14:41:09,原来是涨前吓唬人砸的7.85呀，不怕不怕
简简单单的三条线,"https://guba.eastmoney.com/news,300058,676727091.html",2017-07-20 17:59:15,简简单单的三条线
主力调整洗盘完毕，可以进场了，华发股份尾盘已,"https://guba.eastmoney.com/news,300058,658997530.html",2017-06-22 07:24:58,大部分板块个股在梦游
这股不能持有，只能看好一天进了隔天出！,"https://guba.eastmoney.com/news,300058,676679010.html",2017-07-20 17:00:40,这股不能持有，只能看好一天进了隔天出！
中国股市究竟给股民带来了什么？,"https://guba.eastmoney.com/news,300058,665058816.html",2017-07-03 16:37:33,预测本波反抽的高点为32120左右。
满仓融资不解释，走着瞧,"https://guba.eastmoney.com/news,300058,658007995.html",2017-06-20 13:12:15,
庄家不可能让小散跑了，所以，我们挂单的时候一定要挂低一些。我今天挂9.10，它冲,"https://guba.eastmoney.com/news,300058,676619836.html",2017-07-20 15:52:13,庄家不可能让小散跑了，所以，我们挂单的时候一定要挂低一些。我今天挂9.10，它冲到9.09，我挂9.12，它冲到9.11。说明庄家是有心眼的。我挂9.04卖了。明天6.8接回
华谊兄弟：业绩承诺补偿股份完成注销 证券时报2017-06-29 18:54:0,"https://guba.eastmoney.com/news,300058,662867755.html",2017-06-29 20:46:06,"华谊兄弟：业绩承诺补偿股份完成注销
证券时报2017-06-29 18:54:00
华谊兄弟(300027)6月29日晚间公告，2014年公司发行股份及支付现金收购了刘长菊、摩奇创意、腾讯计算机持有的银汉科技50.88%的股权。因2016年银汉科技未完成业绩承诺，按照约定，上述三位银汉科技售股股东对公司补偿了股份1118万股，公司以1元回购了该部分股份并予以注销，同时三位股东退还了现金分红收益117.79万元。"
见义勇为把大家骗进来，自己跑了，真牛逼,"https://guba.eastmoney.com/news,300058,666519911.html",2017-07-05 15:18:41,见义勇为把大家骗进来，自己跑了，真牛逼
以前有个“牛骨头”整天唱衰创业板唱衰蓝标，现在回过头看人家还是有一定道理的，很显,"https://guba.eastmoney.com/news,300058,676167207.html",2017-07-20 00:46:25,以前有个“牛骨头”整天唱衰创业板唱衰蓝标，现在回过头看人家还是有一定道理的，很显眼未来一段很长的时间市场都抛弃创业板，但是我坚信未来出大牛股的肯定也是在创业板，只不过这个时间会很长。蓝标我算是高位套牢了，16块的成本价估计没个两三年都难解套。8年的炒股经验经历千股跌停熔断我算是看明白一点点股市的门道。一句话“追涨不追跌”。意思是追处在上升趋势的股而回避下跌趋势的股，这是至理名言。一只股一旦处在上升趋势过程中那是不会轻调头的，同样处在下降趋势中也很难反转。所以说你认为创业板是处在什么趋势中？跌到底了吗？与其整天想着去抄底比如去寻找哪些股处在上升趋势中。所以我一直跟股友说不要抄底不要抄底。很多散户套在高位其实也有不少散户套在以为可以抄底的路上而且一套就是几年，我经历过。很痛苦很懊恼的。为什么痛苦，因为看着其它股在逐步上升而自己的股就不断探底横盘而且一横就横个一年多，很不是滋味。蓝标绝对还没见底，就算给你抄了底也要守一两年才逐步走出低谷，然后再花个一年两才创新高，前前后后给它搞了四五年。何苦？不如留着钱买几年理财等真正股价反转重回上升趋势再介入不更好？先不说9块10块的套一大批就连这个月初8块附近买进以为抄底的散户现在都又套一大批。换你是主力，你现在会去解放那些8块买进的散户？主力那么辛苦把股价打穿7块，接下来也是漫长的阴跌。肺腑之言，真不要以为现在可以拣便宜货，熊途漫漫啊。
东旭光电 行情正式启动， 看完没收获，你尽管打	,"https://guba.eastmoney.com/news,300058,667397034.html",2017-07-06 19:49:20,6月19日，“富时中国A50指数”发布最新清单，京
7.02买入一百手看看如何？,"https://guba.eastmoney.com/news,300058,676525622.html",2017-07-20 14:06:18,7.02买入一百手看看如何？
主力和庄家是一群被煽过的猪吗？！,"https://guba.eastmoney.com/news,300058,676535622.html",2017-07-20 14:16:44,主力和庄家是一群被煽过的猪吗？！
五穷六绝七翻身,"https://guba.eastmoney.com/news,300058,666751119.html",2017-07-05 21:28:08,有人说做多是傻子，那就该到傻子赚钱的时候了！
以前有个“牛骨头”整天唱衰创业板唱衰蓝标，现在回过头看人家还是有一定道理的，很显,"https://guba.eastmoney.com/news,300058,676501567.html",2017-07-20 13:37:20,以前有个“牛骨头”整天唱衰创业板唱衰蓝标，现在回过头看人家还是有一定道理的，很显眼未来一段很长的时间市场都抛弃创业板，但是我坚信未来出大牛股的肯定也是在创业板，只不过这个时间会很长。蓝标我算是高位套牢了，16块的成本价估计没个两三年都难解套。8年的炒股经验经历千股跌停熔断我算是看明白一点点股市的门道。一句话“追涨不追跌”。意思是追处在上升趋势的股而回避下跌趋势的股，这是至理名言。一只股一旦处在上升趋势过程中那是不会轻调头的，同样处在下降趋势中也很难反转。所以说你认为创业板是处在什么趋势中？跌到底了吗？与其整天想着去抄底比如去寻找哪些股处在上升趋势中。所以我一直跟股友说不要抄底不要抄底。很多散户套在高位其实也有不少散户套在以为可以抄底的路上而且一套就是几年，我经历过。很痛苦很懊恼的。为什么痛苦，因为看着其它股在逐步上升而自己的股就不断探底横盘而且一横就横个一年多，很不是滋味。蓝标绝对还没见底，就算给你抄了底也要守一两年才逐步走出低谷，然后再花个一年两才创新高，前前后后给它搞了四五年。何苦？不如留着钱买几年理财等真正股价反转重回上升趋势再介入不更好？先不说9块10块的套一大批就连这个月初8块附近买进以为抄底的散户现在都又套一大批。换你是主力，你现在会去解放那些8块买进的散户？主力那么辛苦把股价打穿7块，接下来也是漫长的阴跌。肺腑之言，真不要以为现在可以拣便宜货，熊途漫漫啊。
尾盘光标上8块,"https://guba.eastmoney.com/news,300058,667161393.html",2017-07-06 14:02:13,尾盘光标上8块
7.85好汉点，怕死的都跑了，我来占位,"https://guba.eastmoney.com/news,300058,667162492.html",2017-07-06 14:04:52,7.85好汉点，怕死的都跑了，我来占位
最近会有一根中阴线下穿几根均线套牢这几天的傻瓜，请小散注意，。,"https://guba.eastmoney.com/news,300058,667034803.html",2017-07-06 10:49:40,最近会有一根中阴线下穿几根均线套牢这几天的傻瓜，请小散注意，。
什么公司,"https://guba.eastmoney.com/news,300058,676336286.html",2017-07-20 10:06:52,什么公司
大盘短期必须回调，而光标下行急跌调整的机会好大，就等7.5一下大把机会,"https://guba.eastmoney.com/news,300058,664891304.html",2017-07-03 13:26:26,大盘短期必须回调，而光标下行急跌调整的机会好大，就等7.5一下大把机会
一 我是,"https://guba.eastmoney.com/news,300058,676331655.html",2017-07-20 10:01:16,一 我是
中国央行今日公开市场净投放600亿元,"https://guba.eastmoney.com/news,300058,676306737.html",2017-07-20 09:24:49,【中国央行今日公开市场净投放600亿元】中国央行公开市场将进行400亿元7天期逆回购操作，200亿元14天期逆回购操作。央行公开市场今日无逆回购到期。
明天涨停吧！大盘确立上涨了！可以入了,"https://guba.eastmoney.com/news,300058,666497210.html",2017-07-05 14:46:28,明天涨停吧！大盘确立上涨了！可以入了
蓝色光标与夏普签署大屏广告独家战略合作 证券时报2017-07-19 12:59,"https://guba.eastmoney.com/news,300058,675775680.html",2017-07-19 14:31:31,"蓝色光标与夏普签署大屏广告独家战略合作
证券时报2017-07-19 12:59:00
相关股票：蓝色光标 
2017年7月19日，蓝色光标传播集团与夏普举行大屏广告独家战略合作签约仪式，双方共同宣布从8月1日起，蓝色光标正式成为夏普智能电视大屏广告的独家战略合作伙伴，不仅将独家销售所有夏普智能电视的开机广告，还将与夏普在智能电视大屏广告运营深度开发和广告创新方面展开深度合作。
2016年富士康完成对夏普战略注资后，全面提升生产、供应链管理和研发制造等各环节效率和创新力度，使得夏普这一百年品牌重新焕发活力。在刚刚过去的“6.18”中，夏普以全渠道10亿元销量的成绩，重新登顶国内彩电市场第一阵营。相关数据显示，截至2017年6月，夏普智能电视累计激活终端超500万台，其客户群体市场主要集中分布在国内发达省份，其中北京、上海、广东、江苏和浙江5个省的量占62%，60英寸以上的大屏电视占比超过40%。
签约仪式上，蓝色光标传播集团总裁毛宇辉表示：“此次蓝色光标能够与夏普在智能电视大屏广告领域达成独家战略合作，双方在大屏广告层面展开的深度合作创新，不仅将进一步扩大蓝色光标在OTT行业内的资源优势和市场领先地位，全面覆盖目前高端和主流人群；而且双方在OTT行业首创的独家代理合作模式，从广告形式、售卖模式、联合推广以及广告产品创新等方面展开全面合作，将为高效运营大屏广告营销生态做出更加积极的有力尝试，为OTT行业发展开创一片新的天地。”
在富士康战略版图中，电视机将作为IOT智能家庭的核心所在，不仅承载庞大的内容输出，同时要肩负与其他智能产品的联动，所以如何让电视的使用价值最大化，同样成为夏普电视未来发展的重要方向。富士康科技集团首席行销长袁学智表示，""夏普作为富士康布局未来IOT智能家电领域最重要的环节之一、电视领域的积极创新者和引领者，不仅始终将用户完美体验放在首要条件，同时也愿意在更多的领域展开积极的尝试。此次选择与蓝色光标传播集团建立独家战略合作关系，希望凭借他们在OTT领域积累的优势和领先地位，共同努力，以营销创新为出发点，为用户创造新的价值，探索智能营销行业的新发展。”
此次签约夏普，是蓝色光标携手国内7大主流智能电视厂商之后，在高端智能电视大屏广告领域的一次重要突破，从而完成了蓝色光标OTT媒体资源对国内高端人群（夏普电视为代表）、主流人群（五大传统电视机品牌）和年轻互联网人群（两大互联网电视品牌）的全面覆盖， 进一步加强了“Blue-Max，智能电视营销第一屏”在市场中的领先地位。
(证券时报)"
不着急抄底，庄7.84撑着7.85继续出货呀，鉴定完毕,"https://guba.eastmoney.com/news,300058,666427505.html",2017-07-05 13:13:36,不着急抄底，庄7.84撑着7.85继续出货呀，鉴定完毕
散户亏钱原因，股票低位时不敢买，等庄家拉升了，再买进，追涨杀跌，等你进去时，往往,"https://guba.eastmoney.com/news,300058,675959250.html",2017-07-19 18:45:24,散户亏钱原因，股票低位时不敢买，等庄家拉升了，再买进，追涨杀跌，等你进去时，往往被套，300058现在低位，有几个人敢买，我只能呵呵
等太久了，涨停吧,"https://guba.eastmoney.com/news,300058,667186017.html",2017-07-06 14:31:38,等太久了，涨停吧
公司初步具有初级兑付能力,"https://guba.eastmoney.com/news,300058,666255701.html",2017-07-05 08:31:35,公司初步具有初级兑付能力
上面的排队好好等着别乱动，排直了,"https://guba.eastmoney.com/news,300058,654860693.html",2017-06-13 23:09:34,上面的排队好好等着别乱动，排直了
万科等中国财团约790亿元收购物流地产巨头普洛斯  2017年7月14日 14:02来源：中国网,"https://guba.eastmoney.com/news,300058,673008321.html",2017-07-14 17:54:02,"万科等中国财团约790亿元收购物流地产巨头普洛斯

2017年07月14日 14:02来源：中国网 编辑：东方财富网"
7.87进的点赞,"https://guba.eastmoney.com/news,300058,666499489.html",2017-07-05 14:49:19,7.87进的点赞
感受岁月葱茏的美好,"https://guba.eastmoney.com/news,300058,665281309.html",2017-07-03 21:32:07,感受岁月葱茏的美好
传统业务逐渐萎靡，蓝标各种事儿不断啊,"https://guba.eastmoney.com/news,300058,671694138.html",2017-07-13 09:22:32,传统业务逐渐萎靡，蓝标各种事儿不断啊
说话跟放屁一样，这个股月经不调，一次又一次的延时，希望怀孕成功，不是月经不调，目,"https://guba.eastmoney.com/news,300058,673184062.html",2017-07-15 00:47:39,说话跟放屁一样，这个股月经不调，一次又一次的延时，希望怀孕成功，不是月经不调，目前买了不少，步步为营，看能不能赚点
3天跌了10多点，股灾一直在继续！,"https://guba.eastmoney.com/news,300058,671081262.html",2017-07-12 13:22:00,3天跌了10多点，股灾一直在继续！
想钱想疯了,"https://guba.eastmoney.com/news,300058,674858037.html",2017-07-18 13:30:55,想钱想疯了
打倒烂标。,"https://guba.eastmoney.com/news,300058,671142940.html",2017-07-12 14:34:45,打倒烂标。
大部分股票几乎无人问津，失真的指数何用？谈牛,"https://guba.eastmoney.com/news,300058,664832268.html",2017-07-03 11:49:25,无量上升，诱多陷井！
一个3000手大单吓出来一大堆筹码。,"https://guba.eastmoney.com/news,300058,672787569.html",2017-07-14 13:40:18,主力真厉害。结果没有出来就故意制造恐慌。
消极抵抗的策略只会白白消耗宝贵的有生力量，恶,"https://guba.eastmoney.com/news,300058,675489061.html",2017-07-19 08:42:01,真正的牛市，全球牛，宇宙牛
平常创业版指跌了百分一点多，烂标至少跌百分三四点，大家快跑，烂标尾盘要跳水。,"https://guba.eastmoney.com/news,300058,672797490.html",2017-07-14 13:49:51,平常创业版指跌了百分一点多，烂标至少跌百分三四点，大家快跑，烂标尾盘要跳水。
梦谁到,"https://guba.eastmoney.com/news,300058,672062721.html",2017-07-13 16:24:07,梦谁到
竹园呢？,"https://guba.eastmoney.com/news,300058,675333956.html",2017-07-19 00:10:46,竹园呢？
一根大阳为两种慢牛奠基,"https://guba.eastmoney.com/news,300058,674706354.html",2017-07-18 10:28:18,保险有色板块午后双双发力 洛阳钼业涨停
沪指探底回升微涨0.07% 雄安概念股、次新股领涨,"https://guba.eastmoney.com/news,300058,671156188.html",2017-07-12 14:49:26,“变形”存掣肘
"一切上涨都是套人,套了人就不涨，先高价套，然","https://guba.eastmoney.com/news,300058,672089625.html",2017-07-13 16:57:14,兄弟的作品虽然没拿到最佳导演奖 有点小遗憾
五穷六绝是否“七翻身”？六大券商论剑下半年策略,"https://guba.eastmoney.com/news,300058,663774342.html",2017-07-01 10:52:14,"证券要闻金融投资报2017-07-01 08:30 
七月投资策略·趋势

在A股资本市场上，素来有着“五穷六绝七翻身”的说法。伴随着6月远去，7月踏步而来，今年市场上的“七翻身”是否有望实现呢？如果实现，那么，A股将靠着哪些行业、领域的投资机会“翻身”呢？对此，来自6家券商的分析人士纷纷发表他们的观点，并对下半年市场趋势做出研判。

长江证券张宇生：

7月的流动性预期不宜过于乐观

“市场对于七月份流动性的期待，主要是由于两个因素，其一是季末考核流动性紧张之后的季节性宽松，其二是对金融去杠杆阶段性趋缓的预期。”

长江证券分析师张宇生对于7月市场能否继续上行持相对谨慎态度。“6 月以来，主要指数均出现了一定程度的反弹，这也让市场对于‘五穷六绝七翻身’的七月市场有了一定的期待，但是我们认为，市场能否在七月份继续上行，主要取决于流动性能否超预期宽松，这一点我们目前持有相对谨慎的态度。”

在张宇生看来，市场对于七月份流动性的期待，主要是由于两个因素，其一是季末考核流动性紧张之后的季节性宽松，其二是对金融去杠杆阶段性趋缓的预期。“对于这两个因素，我们认为都值得讨论。”其表示道，根据历史情况，七月份之后并不存在着稳定的季节性宽松的规律。流动性往往和年度整体的货币政策基调相一致。同时，从中期整体的货币政策来看，年初的“稳健中性”的基调始终都没有变，即使出现了流动性的阶段性宽松，也仅仅是回到更加稳健的状态。而从近期的官方表述来看，未来金融去杠杆大概率将持续推行。

“因此，我们认为，对于七月份的流动性预期不宜过于乐观，我们对指数的判断仍然较为谨慎，预计市场中结构性机会仍然将强于指数机会。”张宇生表示。

行业配置来看，张宇生建议顺延两条主线：一、龙头整体仍然有持续的配置价值。推荐以价值型行业的龙头作为基础的配置底仓，包括金融、消费电子、零售。二、建议考虑提前布局一些目前具有待修正的预期的板块。可以考虑两条主线：第一条是周期品的估值与业绩错配的情况，重点关注产能持续去化、盈利持续性有望超预期的有色、化工和造纸行业；第二条是出口链，预计下半年外需仍然可以持续，将有利于出口链持续回暖，重点推荐关注受益于欧美经济复苏的机电类、机械类行业。

广发证券陈杰：

三季度前半段市场依旧承压

“待季末流动性紧张过去后，央行维稳放水行为或有所减速，机会可能在后半段，三四季度之交或迎来转机。”

广发证券策略组分析师陈杰等人认为，“预期差”带来了6月短期反弹，使三季度的走势变得复杂，三四季度之交或有转机。“4月以来，市场担心金融监管加强会导致短期利率大幅上行，预期悲观，市场下行。此前市场的一致预期是6月受到流动性紧张的影响继续‘最后一跌’，三季度迎来反弹的机会。而5-6月，证监会、央行等多渠道透露‘维稳’信号，金融监管进入喘息期，且6月季末资金紧张状况好于预期，‘钱荒’担忧环节，使市场迎来修复性反弹。而6月反弹的提前到来使得三季度走势变得复杂，三季度的前半段市场依旧承压。”陈杰等人表示，待季末流动性紧张过去后，央行维稳放水行为或有所减速，金融去杠杆进入实质性的督查阶段，对市场流动性的考验依然很大，“机会可能在后半段，三四季度之交或迎来转机。”

陈杰认为，“稳是主基调”下，一旦三季度利率上行动摇了经济维稳的根基，又可能在短期倒逼央行货币政策放松；金融监管自查、督查阶段依次完毕后会出现细则整改，“靴子落地”市场恐慌情绪将有所修复。

从行业配置思路来看，陈杰建议精选更高“性价比”的价值龙头如银行、汽车、房地产；从估值、盈利、现金以及分红角度综合评价，“性价比”较高的二级行业有机场、高速公路。同时，景气修复、机构配置不高的航空、新能源汽车仍具“性价比”。而从长期结构配置角度，建议关注白色家电、高端白酒、医药龙头。此外，还建议关注进口替代、制造业全球化、大众消费升级、服务业四个方向。

爱建证券朱志勇：

市场将依然维持震荡趋势

“在去杠杆和严监管的大背景下，市场风险偏好降低，市场的分化也将延续。未来的投资思路仍是需要以安全为首要原则。”

爱建证券分析师朱志勇指出，2017年下半年，市场依然维持震荡的趋势，整体上难以形成大的趋势。在去杠杆和严监管的大背景下，市场风险偏好降低，市场的分化也将延续。未来的投资思路仍是需要以安全为首要原则，在以价值为基础上稳中求进，适当参与主题性的投资。

在朱志勇看来，2017年上半年，市场延续大强小弱的格局，从整体市场指数来看市场基本稳定，但是分化严重。整体上估值和业绩增速成为市场关注的主要方向。市场整体上风险偏好较低，安全性成为资金考虑的首要原则。在市场监管趋严和去杠杆的大背景下，市场成交额延续下降趋势，市场活跃度降低。“未来市场以稳定为主，预计下半年GDP会较前期有所回落，但年GDP增速基本维持在6.5%左右，基本上呈低位徘徊的趋势。但短期看下半年预计会面临相对前期较宽松的局面，市场流动性也不宜过于悲观，在前期风险有较大释放之后，未来市场以稳定为主，上行动能和下行空间都有限。”

整体上看，朱志勇认为上市公司业绩增速有企稳回升迹象。“在风险偏好较低的市场环境下，业绩企稳增速的回升是一个乐观的现象，有利于市场的稳定。”

朱志勇提出了三条投资主线：1、低估值的安全品种。在前期一线蓝筹大幅上涨之后，市场的焦点将逐渐转向尚未挖掘的二线品种。2、中小创的战略配置。要从下至上寸照有成长确定的安全边际较高的公司。3、主题性投资可适当参与。如国企改革、军民融合、雄安新区等。

银河证券姚玭：

中期结构分化仍是主流行情

“A股下半年仍然将呈现出震荡市、结构市的特征，中小创的反弹持续时间将不会太长，抱团取暖行情的坍塌时点也尚需等待。”

银河证券分析师姚玭表示，随着价格与需求的变化，1季度将是今年企业盈利的高点，预计收入与净利润增速均将在二季度及以后逐步下滑。在盈利下滑过程中，分化将是主旋律，不同板块、行业的公司将呈现较大差异。

从市场趋势来看，姚玭认为，目前A股迎来全面反弹的概率不大，中期结构分化仍旧是主流行情。“盈利虽缓慢回落但经济远未跌出政策底线、6月底的关键时点过度后强监管将继续、内忧去杠杆外患美联储加息利率中枢距离顶部尚有距离。在这三个前提假设下，我们认为A股下半年仍然将呈现出震荡市、结构市的特征，中小创的反弹持续时间将不会太长，抱团取暖行情的坍塌时点也尚需等待。”大浪淘沙，砥砺前行，建议在结构市中不断寻找业绩好、估值低的新“漂亮50”。

姚玭认为，在“业绩为王”思路指导下，建议关注3条主线：1、有业绩支撑的白马成长龙头，如电子、机械等行业龙头；2、低估值业绩确定的大消费龙头，如一线白酒、白电及整车龙头股；3、低估值机构配置低的大金融，如银行、保险、券商龙头。

同时，当前内外环境下，震荡磨底期，市场以反弹震荡为主，短期内板块快速轮动，但很多都难以获得正收益。建议牢牢守住大消费，打好底仓；白酒、白电、医药、整车龙头今年业绩均出现明显改善，同时估值与历史高位相比尚有空间。

东吴证券丁文韬：

关注国企改革和粤港澳大湾区主题

“央企混改方案落地为地方国改提供了范本，有助于加速地方国企改革的推进。另外，粤港澳大湾区概念也值得关注。”

东吴证券分析师丁文韬建议，7月的主题投资关注政策变化，国改、大湾区热度不减。

从宏观环境来看，丁文韬指出，外需持续改善，成为需求端的重要支撑，金融去杠杆节奏阶段性放缓，对实体经济短周期回落冲击有限。非食品价格提升，预计6月份CPI同比1.65%左右，被动补库存周期的确立，需求端动力不足，上中游行业PPI回落，整体PPI回落压力加大，预计PPI三季度同比在5%左右。

从投资策略的角度出发，行业方面，丁文韬认为信贷质量以及净息差的边际好转利好银行盈利改善，A股成功纳入MSCI指数，金融行业权重最高，长线资金布局利好，建议关注保险、银行行业。而年报盈利更好的下游白马股值得关注，如食品饮料、汽车、医药、新能源汽车以及消费电子等行业。进入7月，消费电子产品步入行业旺季，苹果产业链预计会迎来业绩爆发期。另外，业绩优质的中小个股的估值修复行业有望继续。

主题方面，丁文韬认为政策仍然是主题投资最重要的影响因素，国企改革和粤港澳大湾区等主题是值得关注的热点主题。“央企混改方案落地为地方国改提供了范本，有助于加速地方国企改革的推进。地方上，天津确立一二三的国改思路，加速推进混改，披露了10家集团公司的混改目标和具体方案。并通过海河产业基金的方式灵活推进国企混改。”同时，他还表示：“粤港澳大湾区写进今年的政府工作报告，近期湾区城市群发展规划编制已启动。粤港澳大湾区概念值得关注，建议关注地产、旧工业区改造以及港口交运等行业相关个股。”

信达证券谷永涛：

大消费行业仍然有表现空间

“下半年大消费中的家用电器、食品饮料、医药生物行业依然有表现空间，且随着行情的发展，二线价值股也会逐渐被市场挖掘。”

在信达证券分析师谷永涛看来，经济增速回落压力渐增，进出口或是下半年亮点。利率期限结构有望回归常态，长期利率上行有顶。随着监管层对非公开增发、减持等行为的规范，市场的资金供给情况发生了变化。从长期影响来看，定增和减持的规模或呈现下降趋势，由此带来市场波动性下降，对于投资而言，价值策略有效性或进一步增强。“从影响A股的市场环境来看，经济下半年增速下行预期会给市场带来一定的压力，但是我们认为经济中仍有亮点，尤其是‘一带一路’的推进和国际市场环境改善，有望推动进出口数据的好转。市场利率期限结构化有望回归‘短低长高’的状态，不同期限的利率变化或出现结构上的差异，短端利率下行概率更高。从市场结构上看，资金面紧缩预期如果得以缓解，前期调整过程中被下跌幅度较大的行业和板块，向上的弹性有望恢复。但是从整体走势分析，我们认为在经济增速下行压力较大、货币政策偏紧预期仍存的市场中，应该拥抱价值，选择内生增长动力较强，盈利能力高的行业，同时结合估值情况进行配置。”谷永涛表示道。

从行业配置来看，谷永涛认为利率曲线主导力增强，价值风格依然占优。“我们认为下半年大消费中的家用电器、食品饮料、医药生物行业依然有表现空间，且随着行情的发展，二线价值股也会逐渐被市场挖掘。全球经济趋暖趋势如果能够持续，有利于有色行业市场表现。环保和新能源汽车受益于政策和市场发展，值得投资者关注。因此我们建议行业配置为：家用电器、食品饮料、医药生物、有色金属、环保、新能源。”返回腾讯网首页＞＞

责任编辑：fannyllwang
展开阅读全文"
赵犬就是爱吹牛的人，买烂标得小心了。,"https://guba.eastmoney.com/news,300058,672010371.html",2017-07-13 15:23:00,赵犬就是爱吹牛的人，买烂标得小心了。
明天又是跳空低开！跳空低开成常态！,"https://guba.eastmoney.com/news,300058,671698963.html",2017-07-13 09:28:55,跌多了同你弹一下。兴奋哦。
烂标貌似又要开始跳水了。,"https://guba.eastmoney.com/news,300058,672782427.html",2017-07-14 13:35:48,烂标貌似又要开始跳水了。
相信我说的话，这赵阿弟一看就是个爱吹牛的人，所以烂标不涨很正常。,"https://guba.eastmoney.com/news,300058,671923870.html",2017-07-13 13:53:37,相信我说的话，这赵阿弟一看就是个爱吹牛的人，所以烂标不涨很正常。
现在创业板指数全玩完了,"https://guba.eastmoney.com/news,300058,674690071.html",2017-07-18 10:13:26,现在创业板指数全玩完了
买了这票从来没挣过钱[心碎],"https://guba.eastmoney.com/news,300058,674721804.html",2017-07-18 10:42:41,买了这票从来没挣过钱[心碎]
明天直接封板上20,"https://guba.eastmoney.com/news,300058,666498749.html",2017-07-05 14:48:54,明天直接封板上20
你到底是个什么样的公司,"https://guba.eastmoney.com/news,300058,674673368.html",2017-07-18 09:57:49,你到底是个什么样的公司
激励价4.9元，还要跌，5元老子来抄底！记住了狗！,"https://guba.eastmoney.com/news,300058,671373460.html",2017-07-12 19:40:01,激励价4.9元，还要跌，5元老子来抄底！记住了狗！
国人除了吃酒，吃药，买保险，吹空调，基本没其它事可做，无可救药,"https://guba.eastmoney.com/news,300058,666457794.html",2017-07-05 13:54:39,国人除了吃酒，吃药，买保险，吹空调，基本没其它事可做，无可救药
这是怎么了,"https://guba.eastmoney.com/news,300058,671010756.html",2017-07-12 11:38:21,这是怎么了
黑木耳。一个11手的买，一个8手的砸。什么意思？,"https://guba.eastmoney.com/news,300058,675622866.html",2017-07-19 11:27:51,只有庄家在玩了。散户都走光了。
董伟，1930年生于上海，祖籍宁波。香港证券经纪业协会永久名誉主席、香港众利股票,"https://guba.eastmoney.com/news,300058,673578410.html",2017-07-16 11:17:17,"董伟，1930年生于上海，祖籍宁波。香港证券经纪业协会永久名誉主席、香港众利股票有限公司主席、香港上海总会副理事长。其人纵横股坛60年，是邵逸夫及三大船王包玉刚、董浩云、赵从衍的私人投资管理者，也是李达三、陈廷华、查良镛（金庸先生俗名）等宁波系富豪的御用经纪人。大慈善家余彭年不光让其帮做股票经纪，个人投资也往往咨询其意见。
总而言之，这位董老先生很牛，而且是开了挂的牛！
董老先生13岁丧父，15岁便入行在上海苏佩玿证券行做练习生。1952年初去香港投靠姐姐。靠着眼光和胆识，逐渐取得大佬们的信任。据说，1971年电影大亨邵逸夫把四千万元私人投资交予董伟管理，二话不说放下支票，从不过问。邵氏公司和电视广播有限公司先后上市，全部交给董老先生打理，其后邵逸夫名下基金的股票投资亦由董老先生负责。董伟形容，邵是最长情的客户，关系犹如家人。
董老先生年纪大了后便将证券行的生意交给长子打理，自己则白天穿梭中环、在交易大堂打趸（消磨时间），与老友谈股论金；夜晚则跳社交拉丁舞，生活优游。一直潇洒到2017年方才退休，妥妥的人生赢家。
谈及股票，这位老先生仿佛永远都有一颗大心脏：“我十六岁已经在上海当证券经纪，可谓见尽风浪。今次（2006年5月）港股调整，不过是场小风波。一九七三年那种跌市，才叫股灾。开始多散户炒股，有的甚至炒到过百万身家。好神气啦，故当年由一千七百点跌至百余点时，很多人都受不了刺激，入青山（香港精神病院）的、跳楼的都有。”
看看，见过风浪的人就是不一样，大佬就是大佬。这让笔者不由想到了自己曾经见过的一位投资者，这兄弟持有工商银行打新，结果跌了2个点就开始熬不住了......还是要多学习则个。
谈到股市经验，老先生有四大投资心得：
1：选实力股。他认为，选股最重要是看公司盈利表现、未来发展前景、派息政策，以及董事会上有「信得过」的董事；以5年、10年为长线投资目标，应该可以赚钱。
老先生有一个得意之作，1972年花8万元买下香港联合交易所一个交易席位。后来交易所上市，每位会员获得88万8千股，上市初始每股3元左右，绝大部分会员纷纷抛出变现，但是老先生安坐不动，现在$香港交易所(00388)$ 190元/股，价值1.7亿，
2：不要相信图表技术分析。 额，这话说出来很容易得罪人，因为我大A股股民有无数的图表狂热者，对图表的信仰几近狂热。这个时候说图表无用，简直是亵渎韭菜们的信仰。不过老先生说的还是有道理的，笔者自己也见过很多股民，但从没见过有一个靠图表技术分析发了财的。
老先生回忆：他早于16岁便在上海当股票经纪，当时一名英籍犹太人便这样教他，甚麽跌穿10天平均线、50天平均线，有钱的大户可以很轻易做出来。例如早上见升破10天平均线以为可以买入，下午它即日便可以跌穿10天平均线，即使没有消息配合都可以。
3：不沾手衍生工具。 这个很好懂，股票都做不好还玩衍生品？Too young！详情可参见股灾时加杠杆爆仓的股民。
4：不要卖空。 这个看看就行了，人家是香港市场可以沽空，大A股虽然部分可以，但基本于普通股民无关。道理也很简单，股票价格上升空间可以是无限，但沽空20元股票，股价若升至100元，便意味输了80元，「嗰时真係要破产！」
眼界开阔长远，方乃英雄本色。心怀大江大海，自然无惧风浪。学智者之言，行智者之路，共勉！@今日话题"
今天涨停，大家速买。,"https://guba.eastmoney.com/news,300058,672532449.html",2017-07-14 07:55:04,今天涨停，大家速买。
两点半过后烂标随时可能跳水，烂标一贯风格。,"https://guba.eastmoney.com/news,300058,672822898.html",2017-07-14 14:15:36,两点半过后烂标随时可能跳水，烂标一贯风格。
烂标还得继续跌，大家快跑。,"https://guba.eastmoney.com/news,300058,674649292.html",2017-07-18 09:25:30,烂标还得继续跌，大家快跑。
烂标股价未来几年都不会有好起色。,"https://guba.eastmoney.com/news,300058,671711536.html",2017-07-13 09:45:57,烂标股价未来几年都不会有好起色。
跌了两天，忙活一个月。,"https://guba.eastmoney.com/news,300058,671113966.html",2017-07-12 14:02:36,跌了两天，忙活一个月。
中国债券通有限公司网站北向通交易日历显示7月3	,"https://guba.eastmoney.com/news,300058,672219260.html",2017-07-13 19:53:51,2016年是潜伏京东方最好的年份。2017年是投资京
北京东西城将成&quot;政治中心&quot; 概念股成,"https://guba.eastmoney.com/news,300058,672103857.html",2017-07-13 17:15:28,本周上海综合指数承接上周3016的反击势头，一度
地量现地价，即使打压股价也没什么筹码！,"https://guba.eastmoney.com/news,300058,674676940.html",2017-07-18 10:01:02,地量现地价，即使打压股价也没什么筹码！
市场观望情绪进一步增强,"https://guba.eastmoney.com/news,300058,671415325.html",2017-07-12 20:38:54,“变形”存掣肘
无底洞,"https://guba.eastmoney.com/news,300058,673934392.html",2017-07-17 11:44:19,
看懂了，磨一天，尾盘一个极砸全破，持币持币，昨天7.88进的7分之一7.95出了,"https://guba.eastmoney.com/news,300058,665580123.html",2017-07-04 10:57:30,看懂了，磨一天，尾盘一个极砸全破，持币持币，昨天7.88进的7分之一7.95出了，继续空仓等着，有钱别怕买不回来，大盘造就光标跌个停
已经清仓了,"https://guba.eastmoney.com/news,300058,672022279.html",2017-07-13 15:36:39,已经清仓了
[为什么][好逊][加油],"https://guba.eastmoney.com/news,300058,674284323.html",2017-07-17 19:36:25,[好逊]
因此判断本轮短线反弹极有可能止步于20日线附近,"https://guba.eastmoney.com/news,300058,666002808.html",2017-07-04 20:33:45,收盘不在24.5，算我输，今天
只要反弹就撤了吧,"https://guba.eastmoney.com/news,300058,674679522.html",2017-07-18 10:03:29,只要反弹就撤了吧
在跌，在前低先整10万,"https://guba.eastmoney.com/news,300058,670940760.html",2017-07-12 10:25:55,在跌，在前低先整10万
筹这4股,"https://guba.eastmoney.com/news,300058,665514804.html",2017-07-04 09:42:53,上半年“漂亮50”飚升1
老股民股市总结“T+O”实操经验,"https://guba.eastmoney.com/news,300058,663691246.html",2017-07-01 06:29:03,宇峰解盘：端午小长假前的交易攻略
宫粉雕痕过分的发新股,"https://guba.eastmoney.com/news,300058,674863318.html",2017-07-18 13:35:57,什么样的突破形态值得买入？
我们的钱肯定要不回来了,"https://guba.eastmoney.com/news,300058,675051767.html",2017-07-18 17:06:44,我们的钱肯定要不回来了
本股东于2017年7月14日增持你公司100股，本人郑重承诺二年内不减持。,"https://guba.eastmoney.com/news,300058,672860345.html",2017-07-14 14:50:07,本股东于2017年7月14日增持你公司100股，本人郑重承诺二年内不减持。
不得不说，超大空间的操盘水平厉害,"https://guba.eastmoney.com/news,300058,636073041.html",2017-05-02 15:42:12,醋化还不错，蓝标今天可以买
明天宣布判决结果。怎么没有人敢赌一把？,"https://guba.eastmoney.com/news,300058,671943946.html",2017-07-13 14:14:38,如果判决结果有利会是怎么样？
住房公积金在促进房地产市场平稳健康发展,"https://guba.eastmoney.com/news,300058,673683780.html",2017-07-16 19:24:42,住房公积金在促进房地产市场平稳健康发展
无论如何，应该涨停一次吧？,"https://guba.eastmoney.com/news,300058,675716132.html",2017-07-19 13:25:23,无论如何，应该涨停一次吧？
此股中期能到多少,"https://guba.eastmoney.com/news,300058,674865340.html",2017-07-18 13:39:08,此股中期能到多少
7.85美滋滋的抄底,"https://guba.eastmoney.com/news,300058,667177766.html",2017-07-06 14:22:05,7.85美滋滋的抄底
美图爆涨，你爆跌[赞],"https://guba.eastmoney.com/news,300058,667918602.html",2017-07-07 14:16:09,美图爆涨，你爆跌
可惜没闲钱了，知道周五开始涨停潮,"https://guba.eastmoney.com/news,300058,666443009.html",2017-07-05 13:35:35,预计能碰碰12元。
这死垃圾！今年一年也冲不上8块，超级垃圾啊！,"https://guba.eastmoney.com/news,300058,666994129.html",2017-07-06 09:59:18,这死垃圾！今年一年也冲不上8块，超级垃圾啊！
持股1年多到现在也没有搞懂此股到底是什么板块？难不成真是黑木耳板块吗？,"https://guba.eastmoney.com/news,300058,666058491.html",2017-07-04 22:12:39,持股1年多到现在也没有搞懂此股到底是什么板块？难不成真是黑木耳板块吗？
买到了一只不会动的股票,"https://guba.eastmoney.com/news,300058,675381640.html",2017-07-19 02:10:17,有人说做多是傻子，那就该到傻子赚钱的时候了！
这种案件，一审败诉，基本定了二审还是败诉,"https://guba.eastmoney.com/news,300058,675178504.html",2017-07-18 20:00:56,这种案件，一审败诉，基本定了二审还是败诉
蓝色光标，下一轮雄安新区上涨的龙头，坚定持有。,"https://guba.eastmoney.com/news,300058,658868146.html",2017-06-21 22:23:43,蓝色光标，下一轮雄安新区上涨的龙头，坚定持有。
就生搬硬套地放进了自己的文章里,"https://guba.eastmoney.com/news,300058,666022604.html",2017-07-04 21:09:28,就生搬硬套地放进了自己的文章里
今天，谁还想砸一下盘啦,"https://guba.eastmoney.com/news,300058,666605897.html",2017-07-05 17:30:36,今天，谁还想砸一下盘啦
哥们不信我的，7.85居然还追进去了，卧槽,"https://guba.eastmoney.com/news,300058,666456361.html",2017-07-05 13:53:10,哥们不信我的，7.85居然还追进去了，卧槽
简单一句，增发价12.21元，机构持仓成本10元附近，怕个球啊！,"https://guba.eastmoney.com/news,300058,674893043.html",2017-07-18 14:08:57,简单一句，增发价12.21元，机构持仓成本10元附近，怕个球啊！
创业板4037点下降楔形有利多方反弹图,"https://guba.eastmoney.com/news,300058,659880970.html",2017-06-23 16:06:33,大北农老板增持什么意思？
大盘暴涨两点点下午,"https://guba.eastmoney.com/news,300058,665961246.html",2017-07-04 19:29:34,630
7.85补的可以算是低点了吧,"https://guba.eastmoney.com/news,300058,667161983.html",2017-07-06 14:03:10,7.85补的可以算是低点了吧
蓝色光标:关于股票期权激励计划限制性股票授予登记完成的公告,"https://guba.eastmoney.com/news,300058,674220369.html",2017-07-17 17:48:59,"公告日期：2017-07-17
证券代码：300058 证券简称：蓝色光标 公告编号：2017-101



北京蓝色光标品牌管理顾问股份有限公司



关于股票期权激励计划限制性股票授予登记完成的公告



本公司及董事会全体成员保证信息披露的内容真实、准确、完整，没有虚假记载、误导性陈述或重大遗漏。



北京蓝色光标品牌管理顾问股份有限公司（以下简称“公司”）已完成《限



制性股票激励计划（草案）》（以下简称“限制性股票激励计划”“激励计划”或“本激励计划”）所涉限制性股票的授予登记工作，本次授予的限制性股票上市日为2017年7月19日，现将有关情况公告如下：



一、限制性股票授予的具体情况



1、本激励计划的激励对象不存在《上市公司股权激励管理办法》第八条规定的不得成为激励对象的情形。激励对象中不包括公司现任监事、独立董事、单独或合计持有公司5%以上股份的股东或实际控制人及其配偶、父母、子女。2、本激励计划为限制性股票激励计划，其股票来源为蓝色光标向激励对象定向发行新股。



3、蓝色光标拟授予激励对象限制性股票，涉及的标的股票种类为人民币 A



股普通股，涉及的标的股票数量为8200 万股，标的股票数量占本计划签署时公



司股本总额193,116.95 万股的比例为4.25%，占截止2017年4月21 日总股



本的3.83%。



4、公司授予激励对象限制性股票的价格为4.90 元/股，系根据不低于本次



激励计划草案公告日前120 个交易日公司股票均价9.79 元/股的50%确定。



5、本激励计划有效期为自限制性股票授予日起36 个月。



本次授予的限制性股票自授予日起12 个月后，满足解锁条件的，激励对象



可以分两期解锁。具体解锁安排如下表所示：



解锁期 解锁时间 可解锁比例



第一个解锁期 自授予日起满12 个月后的首个交易日至授予日起 50%



24 个月内的最后一个交易日止



第二个解锁期 自授予日起满24 个月后的首个交易日至授予日起 50%



36 个月内的最后一个交易日止



6、本激励计划公告当日至激励对象完成限制性股票登记期间，若公司发生资本公积转增股本、派发股票红利、股份拆细、缩股、配股等事宜，限制性股票总数将做相应的调整。



7、自公司股东大会审议通过本激励计划之日起60日内，公司将按相关规定



召开董事会对激励对象进行首次授予，并完成登记、公告等相关程序。



8、本激励计划实施后将不会导致上市公司股权分布不符合股票上市条件的情形。



二、 激励对象获授的限制性股票与公示情况一致性的说明



鉴于近期公司已实施2016年度权益分派，且由于部分激励对象离职或因个



人原因放弃，公司对本期限制性股票自授予后登记前分别就授予价格及授予数量进行调整：



（1）授予价格调整：公司第四届董事会第二次会议审议通过《关于调整股 权激励限制性股票授予价格的议案》，依照2016年度分红情况对本期期权行权 价格进行调整，本次调整后，限制性股票每股授予价格由原4.90元/股变更为 4.83元/股。



（2）授予数量调整：公司第四届董事会第三次会议及第四届监事会第二次会议审议通过《关于调整股权激励限制性股票数量的议案》，鉴于部分获授激励对象离职及因个人原因自愿放弃情形，董事会对公司本期已授予未登记部分的限 制性股票数量进行调整，经本次调整，本期限制性股票总额由8200万股调整为 7081.11万股，授予激励对象人数由原1012位变更为729位。本次离职21人及 262人自愿放弃所授予的合计1118.89万股限制性股票，该部分限制性股票将不



再向中国证券登记结算公司进行申报登记。



三、本次授予股份认购资金的验资情况



亚太（集团）会计师事务所（特殊普通合伙）北京分所于2017年7月4日



出具了亚会（京）验字（2017）3011号验资报告，审验了截至2017年7月3日



止新增注册资本实收情况，认为：截至2017年7月3日止，贵公司已收到上述



729位激励对象限制性股票缴纳的股权款为人民币34……
[点击查看PDF原文]
提示：本网不保证其真实性和客观性，一切有关该股的有效信息，以交易所的公告为准，敬请投资者注意风险。
展开阅读全文"
恐慌割肉，底部不远 创业板大跌是历史必然，蓝标下跌赶底，底在何方？从16年2月的,"https://guba.eastmoney.com/news,300058,674940996.html",2017-07-18 15:02:08,"恐慌割肉，底部不远
创业板大跌是历史必然，蓝标下跌赶底，底在何方？从16年2月的9元到16年12月的11元，震荡了一年，指望有个探底回升，没想庄家就此继续深谈，下跌的导火索或者题材理由已经不可知，12月-17年1月18的再回9元可以看做下探的第一浪，再到5月25日的7元附近为第二浪，目前处于下探的第三浪，就第二浪看跌幅较大，第三浪本来应跌幅最大的，动能已经释放的差不多，应该不会超过第二浪了，再往下的空间不大。目前割肉的无非两种，一种是融资盘已经无力抵抗，另一种是不知就里，不明所以的小散朋友们，恐慌，不知底，或者不坚决，岂不知没有这些符码的抛售就找不到真正的底部。看好了股票就坚定的持有，如果有资金或者技术，适当做个T 0降低成本，也是挣钱的好方法。不用去理会什么牛啊，羊脸啊，狗骨头啊，看准的股票就拿住，想投机，就是赌。就公司本身而言，处于扩张上升期，收入放大，净利润率跟不上是市场占有战略的成本，可以理解，公司不会一直吃大象，否则胃口受不了，这个时间段忍受不了股票价格的暴涨暴跌，适当控盘也是有的。等市场分割的差不多了，回头整合资源，内部治理，利润会有回报，彼时股票价格就另一个光景了。一直在关注，不曾离开。一家之言，仅供参考，。喷子勿喷。
我砸5000万，你来操盘 赚多少送多少！"
价值发现的那一段已经结束,"https://guba.eastmoney.com/news,300058,674865884.html",2017-07-18 13:39:43,方大炭素大变动即将到来？是空是多一触即发！
不愧烂标称号，皮包公司现形,"https://guba.eastmoney.com/news,300058,674789497.html",2017-07-18 11:48:46,不愧烂标称号，皮包公司现形
这些对理财的误解，你有过吗？,"https://guba.eastmoney.com/news,300058,664892155.html",2017-07-03 13:26:54,如歌预测：3120出兑现至今单针探底3022，逢低补
银行股想尾盘拉高，拉不动，明天开始又一轮股灾,"https://guba.eastmoney.com/news,300058,667477757.html",2017-07-06 22:20:20,两市缩量翻红 创业板反弹逾1%
真是tm的黑木耳。没人鸟。,"https://guba.eastmoney.com/news,300058,666463671.html",2017-07-05 14:03:14,rt
蓝标股价近期内还会下滑至5.8元，拭目以待。,"https://guba.eastmoney.com/news,300058,674623365.html",2017-07-18 08:36:35,蓝标股价近期内还会下滑至5.8元，拭目以待。
没进的，可以观察一周，听说要开t+0，全部股票回归1块,"https://guba.eastmoney.com/news,300058,674274985.html",2017-07-17 19:23:18,没进的，可以观察一周，听说要开t+0，全部股票回归1块
七一必涨，只进不出[俏皮][俏皮][俏皮][俏皮][,"https://guba.eastmoney.com/news,300058,665965658.html",2017-07-04 19:35:43,果然红了，控制的真好
京东方：开启回报股东新时代 2017-04-26 宋中英,"https://guba.eastmoney.com/news,300058,674318829.html",2017-07-17 20:25:24,走时，真的说过
价值发现的那一段已经结束,"https://guba.eastmoney.com/news,300058,674313374.html",2017-07-17 20:18:38,这厮已有效跌破60日均线，元芳，你怎么看？
消息称贾跃亭下周回国 乐视称具体时间根据美国,"https://guba.eastmoney.com/news,300058,674312720.html",2017-07-17 20:17:11,这底抄得，恭喜你们
内部买才4.9！三个跌停！,"https://guba.eastmoney.com/news,300058,674221812.html",2017-07-17 17:51:12,内部买才4.9！三个跌停！
昨天收最高点，今天收最低点。怎的了	,"https://guba.eastmoney.com/news,300058,674062287.html",2017-07-17 14:31:28,筹码松动，抢筹的把戏！
7.89固若金汤7.9追进了,"https://guba.eastmoney.com/news,300058,666492224.html",2017-07-05 14:40:29,7.89固若金汤7.9追进了
赵某某经营无方，愧对江东父老，应引咎辞职！,"https://guba.eastmoney.com/news,300058,657359412.html",2017-06-19 11:13:57,赵某某经营无方，愧对江东父老，应引咎辞职！
补仓，准备好了跟你耗到直到盈利,"https://guba.eastmoney.com/news,300058,673949796.html",2017-07-17 12:07:15,补仓，准备好了跟你耗到直到盈利
不是7月14号吗！怎么还没有仲裁结果！,"https://guba.eastmoney.com/news,300058,673947160.html",2017-07-17 12:04:00,不是7月14号吗！怎么还没有仲裁结果！
保险全是骗人的，老子从不买保险，也不买险股,"https://guba.eastmoney.com/news,300058,673907687.html",2017-07-17 11:12:21,保险全是骗人的，老子从不买保险，也不买险股
新低新低新低，补仓补仓补仓，卖房卖车卖孩子，赚钱再买回来！,"https://guba.eastmoney.com/news,300058,673880149.html",2017-07-17 10:37:16,新低新低新低，补仓补仓补仓，卖房卖车卖孩子，赚钱再买回来！
血比红,"https://guba.eastmoney.com/news,300058,665049764.html",2017-07-03 16:26:53,害人不浅的双针探底
上周五没跌，今天补跌了，大家快跑。,"https://guba.eastmoney.com/news,300058,673826770.html",2017-07-17 09:28:07,上周五没跌，今天补跌了，大家快跑。
明天有望 ～反抽，反抽，上周的下半周那位拥有,"https://guba.eastmoney.com/news,300058,665121305.html",2017-07-03 17:42:09,要判断一个市场透明性的最好方法
卖黑木耳了，有人要吗？,"https://guba.eastmoney.com/news,300058,665835865.html",2017-07-04 16:28:42,要的速进。
今天集合竞价才成交了一手？就是说才成交了100股？没看错吧？什么烂鬼股票,"https://guba.eastmoney.com/news,300058,666287533.html",2017-07-05 09:35:23,今天集合竞价才成交了一手？就是说才成交了100股？没看错吧？什么烂鬼股票
38家游戏公司发布年报 3家净利超10亿元21家破亿,"https://guba.eastmoney.com/news,300058,664352861.html",2017-07-02 14:11:08,拿话来说
外盘显然没有内盘好赚，卖了回来增持么？,"https://guba.eastmoney.com/news,300058,664798522.html",2017-07-03 11:02:51,外盘显然没有内盘好赚，卖了回来增持么？
增量路漫漫，A股越做越小，回头是岸。,"https://guba.eastmoney.com/news,300058,665463123.html",2017-07-04 07:27:34,主力继续无量诱多，大家洗洗睡吧
大蓝筹暂时降温，明天开始次新股反弹，看好雄安				,"https://guba.eastmoney.com/news,300058,663745425.html",2017-07-01 09:53:12,大家别跑，，3块多的时候放肆买，现在才2.85又
100股诱惑机构跟我，砸跌停全进,"https://guba.eastmoney.com/news,300058,664815738.html",2017-07-03 11:24:52,100股诱惑机构跟我，砸跌停全进
7.9追进了，就算我t了1毛钱吧,"https://guba.eastmoney.com/news,300058,666484912.html",2017-07-05 14:31:03,7.9追进了，就算我t了1毛钱吧
1000股磨了这么多天真是累死了,"https://guba.eastmoney.com/news,300058,666500986.html",2017-07-05 14:50:58,1000股磨了这么多天真是累死了
破8块8短线可买,"https://guba.eastmoney.com/news,300058,666430460.html",2017-07-05 13:16:53,破8块8短线可买
