标题,链接,发布时间,内容
涨吧，涨到20就跑,"https://guba.eastmoney.com/news,300055,726194244.html",2017-11-08 10:55:25,涨吧，涨到20就跑
万邦达何时才能从王飘扬阴影中走出来?,"https://guba.eastmoney.com/news,300055,726112991.html",2017-11-08 01:54:44,"竹园居士3 影响力 吧龄 4.4年 
发表于 2017-11-08 01:36:51

北仑龙卷风 影响力 吧龄 4.4年 
发表于 2017-11-07 17:05:42
又来刷存在感啊，老兄！你这么不看好这主力，应该早走早心安啊！


哈哈,你这老弟说对了,这个存在感是一定要刷的!不管持不持有股票,一定要刷!要经常,长期刷!
不能让王飘扬以为恶劣坑害市场后,过一段时间就成了遗忘!毕竞恶有恶报是善恶轮回,不可逆转.
尽管曾被王坑得倾家荡产的损失早己挽回,但被坑之痛难以伤愈,更不愿他人蹈复辙.
并非对中信有看法,但他在二季度明显充当中吉金出逃的做手,就与王飘扬绑在了一起!
试想:为何雄安环保如此热门之际,万邦达股价表现如此之差?为何公司屡次请众多机构调研,至今仅一家基金少量持股?为何包括董事长在内的全部董监高无一人持股?仅有的内部管理持股者张建兴,昊天节能解禁12天内马上按新规顶格在19.50元附近出逃?并不是他们不看好万邦达环保业务前景,而是不看好王飘扬这个人!
乐视贾跃亭在美国还会回来吗?王飘扬携巨额套现会否成为贾第二?是市场共同的担心!也是无重量级资金介入的根本原因,因为王飘扬太流氓!
如果是中节能升格为控股大股东,万股达市场价一定翻三倍!
当然,从中节能挖过来,领着高薪的高春山,担任总经理,相信他还是有能力让万邦达逐步赢利向上的!
万邦达何时能从王飘扬阴影中走出来,股权变革恐怕才是一条快捷之道."
盘整差不多了吧，板等,"https://guba.eastmoney.com/news,300055,726152432.html",2017-11-08 09:42:48,盘整差不多了吧，板等
"穷庄玩对倒,富庄玩打板,中信应验了股谚!","https://guba.eastmoney.com/news,300055,725639818.html",2017-11-06 15:20:48,"有进步的是中信吸取了7月洗盘过头的教训!此次借大势回调,还是守住了自身成本19元一线.
没有给做差的穿底机会,包括本人在内的企望18.50元以下接盘的资金有所落空.
盘面看,中信也就2-3千万的机动资金在倒手,现价又保本了,可以再倒上好一阵了.
何必呢?就这实力还来充大头当减持搭档?每天费心费力不累吗?"
还有五千多万融资盘，洗不出去了，赶紧拉了，顺应趋势！,"https://guba.eastmoney.com/news,300055,726079311.html",2017-11-07 21:19:21,还有五千多万融资盘，洗不出去了，赶紧拉了，顺应趋势！
有能耐比比和上海环境明天谁涨幅大？,"https://guba.eastmoney.com/news,300055,726045175.html",2017-11-07 18:58:57,比较一下，就知道了
好吧，你随意吧，又挨套了，我加仓,"https://guba.eastmoney.com/news,300055,725939359.html",2017-11-07 13:22:05,好吧，你随意吧，又挨套了，我加仓
接着砸，我等着呢,"https://guba.eastmoney.com/news,300055,725886196.html",2017-11-07 10:57:33,接着砸，我等着呢
跟华大基因一比～感觉一个天一个他,"https://guba.eastmoney.com/news,300055,725947982.html",2017-11-07 13:40:47,跟华大基因一比～感觉一个天一个他
看对倒表演的好戏,"https://guba.eastmoney.com/news,300055,725933446.html",2017-11-07 13:08:06,看对倒表演的好戏
温股，清仓了,"https://guba.eastmoney.com/news,300055,725600495.html",2017-11-06 14:01:12,垃圾货
新进机构在打压吸筹,"https://guba.eastmoney.com/news,300055,725886049.html",2017-11-07 10:57:18,
给你，我也省心了，省的天天磨磨唧唧，就怕你没本事全吃掉[不赞],"https://guba.eastmoney.com/news,300055,725884198.html",2017-11-07 10:54:21,给你，我也省心了，省的天天磨磨唧唧，就怕你没本事全吃掉[不赞]
还是个没本事，没多少资金的狗庄,"https://guba.eastmoney.com/news,300055,725882850.html",2017-11-07 10:52:16,还是个没本事，没多少资金的狗庄
老换什么手，有本事你打个跌停，我把手里的股票全给你,"https://guba.eastmoney.com/news,300055,725881821.html",2017-11-07 10:50:32,老换什么手，有本事你打个跌停，我把手里的股票全给你
盘了半年了，还在这个位置磨叽，黑头发都等成白头发了，该结束了,"https://guba.eastmoney.com/news,300055,725847397.html",2017-11-07 09:58:12,
一点看法,"https://guba.eastmoney.com/news,300055,725785752.html",2017-11-06 23:39:20,这个股基础形态该是不错的，缺点是散户多，然后估计也是多个机构在里面，拉也没人原因干，砸盘也砸不下！只有时间消化或者突然性利好刺激！否则平时也就这样了
20171107盘前解读,"https://guba.eastmoney.com/news,300055,725813662.html",2017-11-07 08:10:21,"20171107盘前解读


大盘：刚刚复盘完毕，忍不住感慨几句。看到亨通光电，三安光电，青岛海尔，海康威视，恒瑞医药，双汇发展等股票的漂亮走势，真实的感觉到中国股市的春天来了，是金子总会发光的。20多年来，中国股市如此大规模的价值投资盛宴已经不可阻挡。优胜略汰，有价值的股票会不断攀升，三无垃圾股票将无人问津，失去价值，即使大股东想套现都难了。牛市的定义有很多种，目前就是个股的牛市！不是大多数人的狂欢，却是专业人士的盛宴。不多说了，继续说大盘，昨天的盘前解读已经说的比较清楚了，目前沪深两市是上升途中的震荡。如果指数继续拉升，则边拉边减，压力3400-3410。创业板指数1870-1880之间要卖出。


个股：601127小康股份加入自选跟踪。300055万邦达000756新华制药，300237美晨科技300549优德精密都有底部迹象。不同的是前两者是上升途中的调整到位。后两者是震荡行情的区间底部迹象。


操作：9.82卖出002065东华软件，19.5买进300055万邦达。继续持有300285 002139。"
感觉年底前要上30,"https://guba.eastmoney.com/news,300055,725190655.html",2017-11-03 18:31:12,感觉年底前要上30
中报公告是,"https://guba.eastmoney.com/news,300055,720730804.html",2017-10-23 16:03:00,中报公告是
干脆点到19元,"https://guba.eastmoney.com/news,300055,715688800.html",2017-10-10 13:20:30,[不屑]
补跌开始，赶紧卖。,"https://guba.eastmoney.com/news,300055,710217810.html",2017-09-27 11:07:13,补跌开始，赶紧卖。
笑着迎七一！,"https://guba.eastmoney.com/news,300055,717325889.html",2017-10-15 21:14:42,把指数拉上去，不要让盘面难看。
奇葩的市场,"https://guba.eastmoney.com/news,300055,716553522.html",2017-10-12 18:04:56,一个令人汗颜的事实！熔断、崩盘的巴西股市比A
集体出货,"https://guba.eastmoney.com/news,300055,721028894.html",2017-10-24 10:29:45,集体出货
退市能常态化,"https://guba.eastmoney.com/news,300055,711305611.html",2017-09-29 01:44:32,退市能常态化
猪都能坚强,"https://guba.eastmoney.com/news,300055,698690768.html",2017-09-02 10:23:42,猪都能坚强
真是没的说了，买啥啥跌，买啥啥套[哭],"https://guba.eastmoney.com/news,300055,718626262.html",2017-10-18 16:33:43,真是没的说了，买啥啥跌，买啥啥套
昨日回顾：在主板持续的出现资金净流出后来市场,"https://guba.eastmoney.com/news,300055,718821821.html",2017-10-18 23:36:26,每天跳水时间到了。
环保工程中唯一绿色的~！真环保啊！,"https://guba.eastmoney.com/news,300055,721604638.html",2017-10-25 10:54:12,哈哈！怎么说呢？
这破股 还要洗,"https://guba.eastmoney.com/news,300055,717967278.html",2017-10-17 14:35:16,这破股 还要洗
四季度市场风险与机会并存,"https://guba.eastmoney.com/news,300055,718365854.html",2017-10-18 07:35:19,短线三指：股票的突破，主升浪，或弱极反弹；
万邦达:关于2017年第三季度重大项目进展情况的公告,"https://guba.eastmoney.com/news,300055,711576745.html",2017-09-29 17:12:07,"公告日期：2017-09-29
证券代码：300055 证券简称：万邦达 公告编号：2017-060



北京万邦达环保技术股份有限公司



关于2017年第三季度重大项目进展情况的公告



本公司及董事会全体成员保证公告内容真实、准确、完整，没有虚假记载、误导性陈述或重大遗漏。



2017年第三季度，公司承建项目均持续推进，运营项目运行稳定。各项目在本季度的具体情况如下：



一、重大工程项目



（一）华北石化炼油质量升级与安全环保技术改造工程－供热、供风工程（除盐水站、凝结水站）PC 承包项目，供热、供风工程（余热回收站、制冷站）PC承包项目，污水处理厂PC 承包项目



1.工程概况



2013年8月7日，万邦达与华北石化签订了《炼油质量升级与安全环保技术改造工程PC承包－供热、供风工程（除盐水站、凝结水站）》工程采购施工承包合同，合同金额为：5,645.13万元；《炼油质量升级与安全环保技术改造工程PC承包-供热、供风工程（余热回收站、制冷站）》工程采购施工承包合同，合同金额为：4,201.58万元；《炼油质量升级与安全环保技术改造工程PC承包- 污水处理场》工程采购施工承包合同，合同金额为：19,849.38万元，三项合同总金额为：29,696.09万元。详情请见公司于2013年8月8日在中国证监会指定信息披露网站巨潮资讯网发布的《关于公司签订重大合同的公告》（公告编号：2013—024）。



2.进展情况



截至公告披露日，除盐水、凝结水项目合同范围内厂房施工完成100%，阳



床产水池主体施工完成 100%，中和水池施工完成100%，主厂房设备安装完成



99%，储罐基础施工完成100%，储罐制作完成100%，管道制作完成70%、电气



预埋完成90%，制冷站、余热回收项目土建桩基施工及检测完成，地面以下主体



基础施工全部完成,。



（二）昊天节能装备有限责任公司石家庄西柏坡电厂废热入市集中供热项目1.项目概况



2015年8月，公司全资子公司昊天节能装备有限责任公司（以下简称“昊天节能”）与石家庄西岭供热有限公司签订《高密度聚乙烯外护管聚氨酯泡沫预制直埋保温管采购合同》，合同总金额为91,867万元。详情请见2015年8月4日在中国证监会指定信息披露网站巨潮资讯网发布的《关于全资子公司签订重大合同的公告》（公告编号：2015-103）。



2.进展情况



截至公告披露日，完成保温管发货144,564米，保温管件11,886件，完成总合同的92%。



（三）碳五/碳九分离及综合利用项目



1.工程概况



2016年 8月 8 日，公司与中国石油集团东北炼化工程有限公司吉林设计



院作为总承包联合体，与惠州大亚湾伊科思新材料科技发展有限公司签订了《碳五/碳九分离及综合利用 EPC 项目总承包合同》，合同暂估价为 12.77 亿元（因项目需采用大量工艺包，涉及多种装置采购、安装及施工，合同金额为共同估价，具体结算金额将根据项目实际开展情况确定）。该合同详情请见公司于2016年8月8日在中国证监会指定信息披露网站巨潮资讯网发布的《关于公司签订重大合同的公告》（公告编号：2016—067）。



《碳五/碳九分离及综合利用EPC项目总承包合同》项目暂定金额为127,721万元，其中包括碳五分离、碳五石油树脂、苯乙烯抽提、碳九加氢、碳十深加工五套装置，由于碳十深加工专有技术选择尚未最终确定，2016年度内惠州伊科思与公司及吉化院签署补充协议，首先确定碳五分离、碳五石油树脂、苯乙烯抽提、碳九加氢四套装置的合同价格为99,761.34万元。



2.进展情况



截至公告披露日，公司该项目施工方面，碳五分离装置、碳五树脂装置、碳九加氢装置钢结构完成100%，压力罐操作平台施工完成，消防盘管完成40%，给排水管网施工完成100%，碳五分离装置、碳五树脂装置、碳九加氢装置安装完成85%，火炬基础及本体全部施工完成，机柜间、2号配电室土建施工完成100%，消防水站土建施工完成60%。



二、托管运营项目



2017年第三季度，公司（含控股子公司及全资子公司）运行的托管运营业务预计结算总收入约4,693.68万元，现有各项目结算情况如下：



（一）神华宁煤煤基烯烃项目水处理系统专业外委运营项目：本项目合同期为15年，本季度预计实现结算收入约938.90万元；



（二）神华宁夏煤业集团二甲醚项目水处理系统专业外……
[点击查看PDF原文]
提示：本网不保证其真实性和客观性，一切有关该股的有效信息，以交易所的公告为准，敬请投资者注意风险。
展开阅读全文"
计划十月突破20元，哈哈哈！,"https://guba.eastmoney.com/news,300055,710959953.html",2017-09-28 11:06:36,计划十月突破20元，哈哈哈！
专业的话就融～～[微笑]k,"https://guba.eastmoney.com/news,300055,702495338.html",2017-09-12 08:52:39,专业的话就融～～k
预告,"https://guba.eastmoney.com/news,300055,716987025.html",2017-10-13 17:09:08,预告
本周热点前瞻c,"https://guba.eastmoney.com/news,300055,706835529.html",2017-09-20 20:41:12,本周热点前瞻c
环保行业三重投资机会开启 刚性弹性并存，环保督察推进，创业板反弹，环保行业当前三,"https://guba.eastmoney.com/news,300055,718193380.html",2017-10-17 22:13:44,"环保行业三重投资机会开启
刚性弹性并存，环保督察推进，创业板反弹，环保行业当前三重投资机会展开。（1）环保PPP由于其环保效果属性，仍然保持着较强的刚性需求。（2）2017年国家加大了环保督查和执法的力度，9月1日起京津冀大气污染治理进入环保督查攻坚期，环保限产形成一个较热门板块。（3）创业板近期的反弹表现，也带来了环保行业的第三重机会，即风险偏好上升时个股类机会（这类机会目前多存在于工业节能里）。海绵城市、黑臭水体、乡镇污水、非电大气治理、工业节能、家电拆解等领域，最具投资价值。"
股市是你家,"https://guba.eastmoney.com/news,300055,717606711.html",2017-10-16 17:39:15,股市是你家
吃人啊,"https://guba.eastmoney.com/news,300055,711510802.html",2017-09-29 14:11:54,吃人啊
四季度市场风险与机会并存,"https://guba.eastmoney.com/news,300055,718652030.html",2017-10-18 17:41:24,过节了我不太用的人，我特意上，你是我
行情正式走完，追高的自己保佑自己吧,"https://guba.eastmoney.com/news,300055,721625922.html",2017-10-25 11:31:23,行情正式走完，追高的自己保佑自己吧
大盘指数已经毫无参考意义,"https://guba.eastmoney.com/news,300055,716556021.html",2017-10-12 18:15:28,大盘：分时在我计算的点之上运行不过黄线
太磨人了，卖了走人[大笑][卖出],"https://guba.eastmoney.com/news,300055,716935255.html",2017-10-13 14:38:09,太磨人了，卖了走人
环境税开征，中国首次，环保股价值无可估量,"https://guba.eastmoney.com/news,300055,717379084.html",2017-10-16 08:26:20,哈哈
哪个谁，再砸呀,"https://guba.eastmoney.com/news,300055,718545961.html",2017-10-18 14:19:58,哪个谁，再砸呀
连续出两份研报,"https://guba.eastmoney.com/news,300055,704390150.html",2017-09-15 13:17:58,价格未上涨 连续出两份年报 诱多？
手里有股心中无股,"https://guba.eastmoney.com/news,300055,714749500.html",2017-10-02 19:00:44,手里有股心中无股
小万的走势怎么跟大盘股差不多了，呵呵，只要一步一个脚印就好，比较踏实[献花][献,"https://guba.eastmoney.com/news,300055,721286665.html",2017-10-24 19:25:40,小万的走势怎么跟大盘股差不多了，呵呵，只要一步一个脚印就好，比较踏实
这个点位需要放量,"https://guba.eastmoney.com/news,300055,721013336.html",2017-10-24 10:06:55,买入
卖，现金，过节,"https://guba.eastmoney.com/news,300055,711062329.html",2017-09-28 14:32:33,卖，现金，过节
水环境整治即将开启 《方案》提出，围绕雄安新区及周边地区、白洋淀及其外延连通水系,"https://guba.eastmoney.com/news,300055,701478458.html",2017-09-09 10:40:41,"水环境整治即将开启
《方案》提出，围绕雄安新区及周边地区、白洋淀及其外延连通水系等重点区域，以实施工业生产、城镇生活、农业农村等方面污染源整治为重点，加大对入淀河流、黑臭水体、纳污坑塘等整治力度，大力削减入河入淀污染负荷，推进雄安新区及白洋淀流域水环境质量改善。
《方案》表示，到今年底，雄安新区乡(镇)及村庄生活垃圾无害化处理率达到100%，新区及白洋淀流域上游两侧城乡垃圾无害化处理率达到75%以上。
分析人士指出，雄安地区虽拥有华北地区最大淡水湖泊白洋淀，但总体上水资源匮乏，地下水超采问题严重，并且白洋淀污染严重，存在水治理刚需。《方案》符合预期，体现了源头治理与水体治理双管齐下的思路。
中国科学院报告显示，雄安新区所在的保定市，地下水资源开采率超过了150%，京津冀地区水资源呈现出明显低于全国平均水平的脆弱性。
白洋淀是雄安新区最重要的水源地，但白洋淀水体污染问题严重，水质常年处于V类。业内人士分析认为，上游高能耗企业以及居民生活污水排放成为白洋淀水污染的主要原因，而白洋淀本身属于平原封闭式浅水型湖泊的特性，导致其具备较弱的自身调节能力，白洋淀水生态治理需要兼顾源头治理与水体治理。
此前，河北省已出台了《白洋淀环境综合整治与生态修复规划(2015-2020)》和《河北省白洋淀和衡水湖综合整治专项行动方案》。其中，专项行动方案提出，到2019年白洋淀区除南刘庄点位水质达到地表水Ⅴ类标准外，淀区其他区域水质达到地表水Ⅲ类标准。规划中推出大力抓好河流整治、生态修复等10类156个项目，总投资近246亿元。"
着急了，这刚哪到哪，就着急抛，瘪货,"https://guba.eastmoney.com/news,300055,721016371.html",2017-10-24 10:11:35,着急了，这刚哪到哪，就着急抛，瘪货
以19.58纠正买回前天误卖出的万邦达。,"https://guba.eastmoney.com/news,300055,719001633.html",2017-10-19 09:58:12,以19.58纠正买回前天误卖出的万邦达。
惠州项目已建成部分预计达产年利润2亿，那么还未建成部分预计什么时候建成？建成后预,"https://guba.eastmoney.com/news,300055,726951709.html",2017-11-10 12:06:00,【问】惠州项目已建成部分预计达产年利润2亿，那么还未建成部分预计什么时候建成？建成后预计年利润多少？ 【答】万邦达：您好，按照目前的规划，二期建设将在一期投产后进行，预计建设期一年，效益情况需要根据最终的建设内容再进行测算。¶¶2017-11-10 12:06:00 §
牛市是从998点开始的。你没有感觉到，那是因为牛市的主角是蓝筹股。,"https://guba.eastmoney.com/news,300055,725701992.html",2017-11-06 18:31:20,牛市是从998点开始的。你没有感觉到，那是因为牛市的主角是蓝筹股。
趋势线已经跌破，各位只能跑了,"https://guba.eastmoney.com/news,300055,723772925.html",2017-10-31 07:23:48,趋势线已经跌破，各位只能跑了
我在16.5等你哦[鼓掌][鼓掌][鼓掌],"https://guba.eastmoney.com/news,300055,725560950.html",2017-11-06 12:13:20,我在16.5等你哦
拖而不买,"https://guba.eastmoney.com/news,300055,725620997.html",2017-11-06 14:40:32,拖而不买
500手500手抛，也该抛差不多了吧,"https://guba.eastmoney.com/news,300055,725601128.html",2017-11-06 14:02:23,500手500手抛，也该抛差不多了吧
没见过这么狗屎的,"https://guba.eastmoney.com/news,300055,725588805.html",2017-11-06 13:39:07,没见过这么狗屎的
技术形态已经坏了，出来为上策,"https://guba.eastmoney.com/news,300055,723401183.html",2017-10-30 11:10:34,意淫的永远亏钱
请问惠州项目如果明年顺利投产，以目前产品价格计算，预计年利润为多少？,"https://guba.eastmoney.com/news,300055,725697278.html",2017-11-06 16:55:00,【问】请问惠州项目如果明年顺利投产，以目前产品价格计算，预计年利润为多少？ 【答】万邦达：您好，惠州项目目前已经建成的部分，目前预计达产年利润接近2亿元，按公司目前的股比测算，公司预计年合并利润约8000万元，谢谢。¶¶2017-11-06 16:55:00 §
垃圾，一坨屎,"https://guba.eastmoney.com/news,300055,725388143.html",2017-11-05 16:10:45,垃圾，一坨屎
请董秘解答下万邦达公司与其他公司成立环保产业基金的进展情况？谢谢！,"https://guba.eastmoney.com/news,300055,725697342.html",2017-11-06 16:52:00,【问】请董秘解答下万邦达公司与其他公司成立环保产业基金的进展情况？谢谢！ 【答】万邦达：您好，公司目前除乌兰察布基金外未与其他公司成立环保产业基金，谢谢。¶¶2017-11-06 16:52:00 §
近3日来，我在上午9.0至下午6.0一直在拨打公司58800036想了解一些情况,"https://guba.eastmoney.com/news,300055,725167381.html",2017-11-03 16:30:00,【问】近3日来，我在上午9.0至下午6.0一直在拨打公司58800036想了解一些情况，但是贵公司无人接听，请问是什么情况？ 【答】万邦达：您好，公司投资者热线为58800036和58809232，您的来电情况已了解，公司欢迎投资者有效的咨询沟通，也希望能给您提供帮助。¶¶2017-11-03 16:30:00 §
明天再不作为，把30天确认破掉，又有得一段时间调整,"https://guba.eastmoney.com/news,300055,724481057.html",2017-11-01 23:38:51,"前几天是缩量跌，但今天没收阳已经危险边缘
看明天了

洗洗睡"
保持一份警惕看表演,"https://guba.eastmoney.com/news,300055,722607638.html",2017-10-27 10:30:09,"1,发电项目需两国政府部门批准.
2.万邦达有从事电力的经营许可和资质能力吗?
3,别忘了2015年套现时公布的与日本东丽的项目."
其实庄家利用大盘恐慌可以多吸一些筹码,"https://guba.eastmoney.com/news,300055,724760365.html",2017-11-02 16:57:16,其实庄家利用大盘恐慌可以多吸一些筹码
妈的，洗得这么厉害！妈的，洗得这么厉害！,"https://guba.eastmoney.com/news,300055,725113421.html",2017-11-03 14:41:38,妈的，洗得这么厉害！
7.17走势 感觉要复制了 上次也是ipo恐慌,"https://guba.eastmoney.com/news,300055,725065493.html",2017-11-03 13:22:20,7.17走势 感觉要复制了 上次也是ipo恐慌
我TM今天,"https://guba.eastmoney.com/news,300055,725128511.html",2017-11-03 15:08:06,我TM今天
收盘4毛,"https://guba.eastmoney.com/news,300055,725116183.html",2017-11-03 14:46:06,收盘4毛
好像不跑来不及了,"https://guba.eastmoney.com/news,300055,725096221.html",2017-11-03 14:16:06,好像不跑来不及了
大胆买，加仓！,"https://guba.eastmoney.com/news,300055,725087739.html",2017-11-03 14:02:08,主升啊！
老庄啊老庄,"https://guba.eastmoney.com/news,300055,725084487.html",2017-11-03 13:56:53,老庄啊老庄
来个加速跌吧！求你了。。。,"https://guba.eastmoney.com/news,300055,725065413.html",2017-11-03 13:22:13,来个加速跌吧！求你了。。。
又开始随波逐流了,"https://guba.eastmoney.com/news,300055,725000863.html",2017-11-03 10:50:04,最讨厌这种做法
完美期待下一次,"https://guba.eastmoney.com/news,300055,724928021.html",2017-11-03 07:38:09,完美期待下一次
有预感，今将大起大落,"https://guba.eastmoney.com/news,300055,724969141.html",2017-11-03 09:59:41,有预感，今将大起大落
董秘你看看哪里有这么一间上市公司的，和外,"https://guba.eastmoney.com/news,300055,701414916.html",2017-09-09 04:21:57,"董秘你看看哪里有这么一间上市公司的，和外面的【徐翔】人合伙做局欺骗拿身家性命投资自己间公司的小散户的，就你万邦达了，奇葩呀。。。 
万邦达
万邦达：？。。。。。。
答复时间 2017-09-11 13:35:00"
这是表面虚假繁荣的现象,"https://guba.eastmoney.com/news,300055,711136571.html",2017-09-28 17:02:43,请注明出处和相关链接
∵冰,"https://guba.eastmoney.com/news,300055,717190181.html",2017-10-14 18:50:01,∵冰
升创.点逼近雄安缺口下沿，,"https://guba.eastmoney.com/news,300055,710626723.html",2017-09-27 19:25:51,升创.点逼近雄安缺口下沿，
今天宁愿被套也要进货了,"https://guba.eastmoney.com/news,300055,719641793.html",2017-10-20 09:16:30,愿赌服输
南方理财：周三（）美式盘中最高触及美,"https://guba.eastmoney.com/news,300055,715721191.html",2017-10-10 14:23:37,小股民任任宰割没有还手之力可怜啊可怜
不是热点啊,"https://guba.eastmoney.com/news,300055,711519835.html",2017-09-29 14:24:58,不是热点啊
300055诱多反弹,"https://guba.eastmoney.com/news,300055,718532907.html",2017-10-18 14:00:09,即将跳水
谁家套用完了万却达免费发送，快抢,"https://guba.eastmoney.com/news,300055,716897742.html",2017-10-13 13:26:50,谁家套用完了万却达免费发送，快抢
关注,"https://guba.eastmoney.com/news,300055,718524161.html",2017-10-18 13:45:29,长势良好，但之前阳线过大，或会小区间震荡几日，可继续持有
今天没空看盘，明天高开清仓！,"https://guba.eastmoney.com/news,300055,709134326.html",2017-09-25 18:21:16,今天没空看盘，明天高开清仓！
比亚迪飞啊,"https://guba.eastmoney.com/news,300055,715220441.html",2017-10-09 10:10:56,比亚迪飞啊
公司整体服务养老金相关工作的人员超100人。,"https://guba.eastmoney.com/news,300055,700030355.html",2017-09-06 10:39:24,保险股上涨由五大逻辑支撑：
60分钟做右侧。,"https://guba.eastmoney.com/news,300055,718482781.html",2017-10-18 11:45:36,
每次拉升都是逃的机会，别装糊涂已告诉你了。,"https://guba.eastmoney.com/news,300055,709521475.html",2017-09-26 13:33:45,每次拉升都是逃的机会，别装糊涂已告诉你了。
不知道,"https://guba.eastmoney.com/news,300055,715471373.html",2017-10-09 20:27:49,不知道
刚刚20给机会跑了，没跑的等着挨套,"https://guba.eastmoney.com/news,300055,715628588.html",2017-10-10 10:37:08,刚刚20给机会跑了，没跑的等着挨套
出力护盘不该跌势,"https://guba.eastmoney.com/news,300055,717564227.html",2017-10-16 15:36:42,T+0？做梦？就咱这假股要T十0一周估计跌完玩
今天追高了,"https://guba.eastmoney.com/news,300055,709189396.html",2017-09-25 20:09:47,19.5元半仓追高被套了
资金天天都是流出 怎么涨,"https://guba.eastmoney.com/news,300055,720611744.html",2017-10-23 11:34:17,资金天天都是流出 怎么涨
"19.88先卖了,跌的多再进点儿","https://guba.eastmoney.com/news,300055,711399065.html",2017-09-29 10:16:20,"看下午是否有机会,轻仓参与"
账户内还是承德钒钛e,"https://guba.eastmoney.com/news,300055,704456312.html",2017-09-15 14:51:07,账户内还是承德钒钛e
今天算是我砸的，没办法对业绩下降的股，近期都是闪崩，减仓规避了，等过了时间窗口再,"https://guba.eastmoney.com/news,300055,709807791.html",2017-09-26 20:38:28,今天算是我砸的，没办法对业绩下降的股，近期都是闪崩，减仓规避了，等过了时间窗口再
我大a股为每位散户量身定制，来了就不会让你失望，总有一款套子适合你,"https://guba.eastmoney.com/news,300055,715215242.html",2017-10-09 10:02:20,我大a股为每位散户量身定制，来了就不会让你失望，总有一款套子适合你
今日必读股票内参,"https://guba.eastmoney.com/news,300055,718312070.html",2017-10-18 04:32:06,准备
亲爱的，你张张嘴，爱的花香会让你沉醉，,"https://guba.eastmoney.com/news,300055,724867774.html",2017-11-02 22:53:22,亲爱的，你跳个舞，爱的春天不会有天黑
此股跌破4.3就完全没救了,"https://guba.eastmoney.com/news,300055,718383520.html",2017-10-18 08:33:44,没有业绩，故事讲讲，第二个乐视！
终于开杀了吗？,"https://guba.eastmoney.com/news,300055,711074166.html",2017-09-28 14:53:20,小散只要不追涨才好啊
央企改革股,"https://guba.eastmoney.com/news,300055,716338028.html",2017-10-12 08:56:48,央企改革股
孙宏斌或比,"https://guba.eastmoney.com/news,300055,719279873.html",2017-10-19 17:17:30,孙宏斌或比
高管在重大合同公布之前就减持，小散还在往里钻，争着买套，今天不是主力在买，要不为,"https://guba.eastmoney.com/news,300055,716955845.html",2017-10-13 15:23:35,高管在重大合同公布之前就减持，小散还在往里钻，争着买套，今天不是主力在买，要不为何封不住板？今天终于跑了，谢谢！
主力在撤退？散户还在扛？,"https://guba.eastmoney.com/news,300055,716432247.html",2017-10-12 12:29:19,"融资融券余额14.54亿,比昨日下降0.16%,余额同行业排名4-9。这样一个数据，是不是说明，主力开始有撤退的意思了？散户还能不能继续坚守下去？"
日线，周线，月线，季线，非常完美，近期高位震荡洗融资盘正常，被主力洗了三成仓……,"https://guba.eastmoney.com/news,300055,711180026.html",2017-09-28 19:01:40,日线，周线，月线，季线，非常完美，近期高位震荡洗融资盘正常，被主力洗了三成仓……
过节都过不好了[大笑][大笑],"https://guba.eastmoney.com/news,300055,711519785.html",2017-09-29 14:24:04,过节都过不好了
下来了,"https://guba.eastmoney.com/news,300055,719773302.html",2017-10-20 13:07:58,
三天突破确认，等待长阳！,"https://guba.eastmoney.com/news,300055,710439731.html",2017-09-27 15:35:39,三天突破确认，等待长阳！
业绩每股一元 002007华兰生物 涨价新龙头：血液,"https://guba.eastmoney.com/news,300055,718652704.html",2017-10-18 17:43:06,机构论市：估值调整不改上行趋势 上攻主力军出
您好!东财网显示贵公司9月12日解禁股东,"https://guba.eastmoney.com/news,300055,698781135.html",2017-09-02 16:18:13,"您好!东财网显示贵公司9月12日解禁股东中有一家河北创智投资管理有限公司,解禁股份1626.16万股.但是公司资料中显示河北昊天能源投资管理有限公司持有公司1626.16万股.是同一家公司,还是东财网显示错误¶谢谢! 
万邦达
万邦达：您好，9月12日解禁的为河北昊天能源投资集团有限公司。更新后
答复时间 2017-09-04 15:58:00
万邦达：您好，9月12日解禁的为河北昊天能源投资集团有限公司。更新后
答复时间 2017-09-04 15:58:00"
除非有大利好旳不然难,"https://guba.eastmoney.com/news,300055,709632473.html",2017-09-26 16:31:10,除非有大利好旳不然难
全民价值,"https://guba.eastmoney.com/news,300055,709409516.html",2017-09-26 10:26:06,全民价值
大盘或以长阴补缺,"https://guba.eastmoney.com/news,300055,718783319.html",2017-10-18 22:18:43,大盘或以长阴补缺
快去买玲珑轮胎，要涨停了，不谢哈,"https://guba.eastmoney.com/news,300055,710926085.html",2017-09-28 10:19:52,快去买玲珑轮胎，要涨停了，不谢哈
万邦达:连续暴跌回调就要大胆买进来了，不要大涨了后悔又去追套..,"https://guba.eastmoney.com/news,300055,708973734.html",2017-09-25 14:05:21,万邦达:连续暴跌回调就要大胆买进来了，不要大涨了后悔又去追套..
低开，完蛋,"https://guba.eastmoney.com/news,300055,715585423.html",2017-10-10 09:25:28,低开，完蛋
明天是7月17日以来第二个建仓阶段，具体走势和717后一样横盘整理。这是最后的机,"https://guba.eastmoney.com/news,300055,724424623.html",2017-11-01 20:01:15,明天是7月17日以来第二个建仓阶段，具体走势和717后一样横盘整理。这是最后的机会。之后技术上全部完成均线穿越，股价一路走高。明天跌到18.5左右。到了这个阶段随意了。下探不会多，上涨可翻倍
公司子公司 江苏万邦达是一家什么样的公司，业务发展如何？我们关注到 这公司是生产,"https://guba.eastmoney.com/news,300055,709552063.html",2017-09-26 14:05:00,【问】公司子公司 江苏万邦达是一家什么样的公司，业务发展如何？我们关注到 这公司是生产 mbr膜的，请问生产能力和市场占有如何。当前，部分污水处理公司将膜作为重点。尤其是膜法提锂技术取得革命性成功之后，公司既然和日本东丽合作，何不加大投入和市场开发力度呢？ 【答】万邦达：您好，江苏万邦达主业为环保设备制造，主要生产公司业务中使用的非标设备和其他设备，目前与日本东丽合作生产MBR膜组件，这是一种平板膜，目前的市场占有率尚不能与反渗透膜相比，但也具备相关领域的优势，公司及东丽正合力积极推进，谢谢。¶¶2017-09-26 14:05:00 §
反抽不会成功,"https://guba.eastmoney.com/news,300055,715874871.html",2017-10-10 20:05:14,有谁跟我一样的 点分瞄一下 涨停 放心做别的
又是拉高低走的姿态[不赞]等待下午行情,"https://guba.eastmoney.com/news,300055,719676582.html",2017-10-20 10:07:42,又是拉高低走的姿态[不赞]等待下午行情
要涨停了涨停了涨停了,"https://guba.eastmoney.com/news,300055,711035599.html",2017-09-28 13:59:07,要涨停了涨停了涨停了
真墨迹，走了88,"https://guba.eastmoney.com/news,300055,719142443.html",2017-10-19 13:41:42,真墨迹，走了88
京盛华危废项目平均投资回报率预计为18.15%，所得税后静态投资回收期预计为4.54年,"https://guba.eastmoney.com/news,300055,707131463.html",2017-09-21 10:50:06,看好买入
散了，节前涨这一波儿到此结束,"https://guba.eastmoney.com/news,300055,715224781.html",2017-10-09 10:17:18,拿着利润离开还是值得的，88
真正的牛市，全球牛，宇宙牛,"https://guba.eastmoney.com/news,300055,718622373.html",2017-10-18 16:24:51,洗干净点，尾盘啦个板！！！
这贴吧就木大看到技术贴。股市除了分红是不会产生利润的，你赚钱肯定就有人亏钱，一茬,"https://guba.eastmoney.com/news,300055,710109259.html",2017-09-27 09:13:30,这贴吧就木大看到技术贴。股市除了分红是不会产生利润的，你赚钱肯定就有人亏钱，一茬一茬割韭菜就很好理解了。看好的就坚定的留下来，不看好早点走吧。
不管说什么，涨不上去都没用,"https://guba.eastmoney.com/news,300055,703791621.html",2017-09-14 12:02:10,不管说什么，涨不上去都没用
没事瞎卖什么，刚长点，就被砸下去，急什么。妈的,"https://guba.eastmoney.com/news,300055,719720191.html",2017-10-20 11:09:56,没事瞎卖什么，刚长点，就被砸下去，急什么。妈的
狂泻模式开启[胜利][胜利][胜利],"https://guba.eastmoney.com/news,300055,716035662.html",2017-10-11 10:35:18,狂泻模式开启
9月份此般有解禁！这时候出利好，又出来骗钱了，无耻！当年王家人联合徐翔利用大量的,"https://guba.eastmoney.com/news,300055,695846392.html",2017-08-25 07:49:53,9月份此般有解禁！这时候出利好，又出来骗钱了，无耻！当年王家人联合徐翔利用大量的假利好骗散户60亿，最后徐翔坐牢，王家人拿钱走人，假利好只是空头支票！
狗屎一坨,"https://guba.eastmoney.com/news,300055,720643114.html",2017-10-23 13:07:41,狗屎一坨
涨停来一个,"https://guba.eastmoney.com/news,300055,716935318.html",2017-10-13 14:38:14,涨停来一个
明天看资金就知道了，今天的走势和资金流入明显，这次会不会突破拉升就看明天了,"https://guba.eastmoney.com/news,300055,709168753.html",2017-09-25 19:28:57,明天看资金就知道了，今天的走势和资金流入明显，这次会不会突破拉升就看明天了
我在19元等你来相会,"https://guba.eastmoney.com/news,300055,715648770.html",2017-10-10 11:13:34,
跑路模式正式开启,"https://guba.eastmoney.com/news,300055,703739856.html",2017-09-14 10:56:08,跑路模式正式开启
东华科技今天冲高回落，落袋为安，贪得无厌会失,"https://guba.eastmoney.com/news,300055,717296998.html",2017-10-15 17:21:26,银行、煤碳、能源，逢低就大胆的买吧。这些才是
想急于得到所需的东西,"https://guba.eastmoney.com/news,300055,718962904.html",2017-10-19 08:41:29,600099:林海股份重大资产重组进展公告
暴跌开始,"https://guba.eastmoney.com/news,300055,709423632.html",2017-09-26 10:46:20,补
忽然有人和熟食店老板说话,"https://guba.eastmoney.com/news,300055,711533966.html",2017-09-29 14:51:19,不留转下一年度使用
你好董秘：请问9.15号股东数具体多少,"https://guba.eastmoney.com/news,300055,716523679.html",2017-10-12 16:02:00,【问】你好董秘：请问9.15号股东数具体多少 【答】万邦达：您好，公司的股东人数请参阅近期将发布的第三季度报告，或请您拨打咨询电话，公司将在核实您的股东身份后提供信息，谢谢。¶¶2017-10-12 16:02:00 §
30分钟和60分钟都有一线生机！希望放量直接上，别犹豫,"https://guba.eastmoney.com/news,300055,715684885.html",2017-10-10 13:11:08,30分钟和60分钟都有一线生机！希望放量直接上，别犹豫
理性看待万邦达短期的风险和中长期的机会，一切分析仅供参考，不作为操作依据,"https://guba.eastmoney.com/news,300055,701769997.html",2017-09-10 13:04:30,"从周线图上，明显看到这一年来有三档线对股价起关键左右，那就是红黄绿三档线，这9个月基本上围绕黄线上下5%做震荡。这里面有两次明显的下跌，分别发生在2017.5 和2017.7月，这两次下跌大家都非常清楚，就是创业板今年最大的两拨下跌，当时很多票短期下跌平均30%以上。而万邦达这两次跌了多少呢？10%，5月下跌10%, 6月收回； 7月跌10%，8月收回；
通过这极端行情下的表现，我们可以找到一个底线那就是5月和7月的低点，那是指数极端恐慌下跌打出来的低点，应该是具有可靠的支撑吧。那么目前离这个底线的空间有多大呢，经过上周4天的下跌，从高位下跌已经5%，那么目前如果破黄线回到底线还有多少空间呢？5%，没错！主力是否会故伎重施，9月再次跌回到底部来呢？理论上存在这种可能性。但是最多它也就5%！这是最坏的结果！
基于9月临近中秋国庆长假，从过往行情看，9月底大部分行情都是低迷期，这符合国人习惯，很多个股都是磨底阶段，长假之后回来再启动行情。基于这样的判断，我认为万邦达在9月份发动大行情的概率会偏小，10份后发动行情的概率偏大（惠州项目11月投产预期）。因此我的判断这里主力短期的确存在在下周初借”解禁“心理压力，通过快速再次下打5%左右阴线，让股价再次回到底部来吸筹的目的，快速打下来之后再复制7-8月的磨底走势，在接下来的2周时间做第二个坑，10月份后主升行情前的最后一个坑。"
上午窄幅震荡，下午拉起，节后大涨，想跟也跟不上了,"https://guba.eastmoney.com/news,300055,711373371.html",2017-09-29 09:38:05,上午窄幅震荡，下午拉起，节后大涨，想跟也跟不上了
主力，你的控盘度已经很高了，还想干嘛呢？,"https://guba.eastmoney.com/news,300055,721623439.html",2017-10-25 11:27:09,主力，你的控盘度已经很高了，还想干嘛呢？
万邦达——单季度业绩报告,"https://guba.eastmoney.com/news,300055,724736304.html",2017-11-02 15:46:13,万邦达——单季度业绩报告
现在走势跟7.14一样！不拉升就有个做T的机会,"https://guba.eastmoney.com/news,300055,724704600.html",2017-11-02 14:40:30,现在走势跟7.14一样！不拉升就有个做T的机会
在市场补量过程中，可以逢低关注高成长性的小盘股和低市盈率的大蓝筹。,"https://guba.eastmoney.com/news,300055,724700629.html",2017-11-02 14:33:44,在市场补量过程中，可以逢低关注高成长性的小盘股和低市盈率的大蓝筹。
来个大买单，出给你,"https://guba.eastmoney.com/news,300055,724690576.html",2017-11-02 14:15:55,
使生信雅达(600571)传统业务保持领先，金融科技稳步布局,"https://guba.eastmoney.com/news,300055,724662571.html",2017-11-02 13:30:02,"信雅达(600571)传统业务保持领先，金融科技稳步布局 
研报日期：2017-10-12
信雅达(600571)
公司近五年业绩基本稳定。公司 2017 年上半年营业收入为 5.72 亿元，同比增长 10.90%，归母净利润为 4,468.77 万元，同比下降 29.26%。 2016年公司营业收入为 13.85 亿元，同比增长 28.70%，近五年 CAGR 为 15.33%；归母净利润为 1.23 亿元，同比增长 1.30%，近五年 CAGR 为 18.28%。公司2016 年归母净利润增长显着低于营业收入增长，主要是因 2014 年、 2015年公司利用闲置资金进行了证券投资，而 2016 年该部分投资减少幅度较大，导致非经常性损益下降较多， 2016 年扣非后归母净利润为 1.12 亿，同比增长 25.56%。
以银行为主的金融 IT 市场有望继续快速增长。 根据 IDC 数据显示，2015 年我国银行业整体 IT 投资为 831.06 亿元，同比增长 11.92%，预计 2020年投资规模达到 1,351.3 亿元， 2015-2020 年 CAGR 为 10.21%。 银行业 IT解决方案的增长速度较快， IDC 数据显示， 2015 年我国银行业 IT 解决方案市场规模为 225.20 亿元，同比增长 23.5%，估计 2016 年市场规模为 277.20亿元，同比增长 23.1%，预计 2020 年市场规模有望达到 612.11 亿元，2016-2020 年 CAGR 为 21.9%。
公司传统业务领域继续保持领先优势。 公司在流程银行、影像系统、呼叫中心等市场保持领先优势。公司自 2008 年起开展流程银行业务，流程银行中标率在国内多年维持在 90%以上，同时流程银行的理念在保险行业也得到应用； IDC 数据显示， 公司影像系统业务目前市占率也保持领先。公司的流程银行业务与影像系统具有紧密的联系，公司能通过两种业务实现较好的协同； 根据 IDC 数据，公司 2014 年呼叫中心在银行市场的市占率约为 11.1%。公司的影像系统和呼叫中心业务均不限于银行业，在证券、保险等非银金融机构也具有广泛的应用。
内生发展和外延并购，持续加码金融科技。 公司用物识别、大数据、人工智能等技术， 从“银行业务流程优化”、“金融数据分析”、“风险预警”和“数字化营销”四个方面协助传统金融机构从电子化向智慧型转型。 同时，公司并购科匠信息实现金融业务的移动化；设立泛泰科技布局消费金融；参股趣链科技，积极探索区块链技术与金融的结合。
投资建议： 
在公司现有软件服务、硬件产品销售、系统维护以及环保产品等业务保持稳健增长的前提假设下，我们预计公司 2017、 2018 以及 2019 年的 EPS分别为 0.34、 0.41 和 0.48 元，对应 P/E 分别为 43.44 倍、 36.02 倍和 30.77倍。目前 IT 服务行业最新市盈率（ TTM，整体法，剔除负值）为 45.10 倍，考虑到公司在持续加码金融科技的同时， 积极拓展金融业务移动化、消费金融、供应链金融等领域，我们认为公司的估值仍具有一定的上升空间，因此首次给予其“增持”评级。
风险提示： 
市场竞争风险；坏账风险；新业务发展不及预期风险等。[长城国瑞证券有限公司]"
没不屑没给,"https://guba.eastmoney.com/news,300055,724596011.html",2017-11-02 10:43:42,没不屑没给
董秘好，请介绍一下公司的固废项目的进展情况和盈利预期。谢谢。,"https://guba.eastmoney.com/news,300055,724995729.html",2017-11-03 10:04:00,【问】董秘好，请介绍一下公司的固废项目的进展情况和盈利预期。谢谢。 【答】万邦达：您好，公司的危固废业务目前已经建成的是吉林固废，2016年已经正式投产，2017年进行了二期扩建，预计达产后年利润约7000万元，另外今年下半年公司在此业务板块进行了重点布局和投资，正在筹建黑龙江危固废项目预计2018年底至2019年上半年一期建成，盈利情况与吉林固废大致相当；拟投资的废酸处理霸州项目将于2018年下半年完成一期建设，按目前的可研测算，年利润1000多万元，一期建成后将开展二期扩产建设，预计盈利将较大提升；泰国5个垃圾发电项目目前签署了合作意向，正在进行各类的报批手续，预计将于2019年建成，盈利情况目前尚无准确测算，按照上网电价、垃圾处理费等条件，预计盈利能力将优于国内项目，感谢您的关注，详情请您查阅公司相关的公告。¶¶2017-11-03 10:04:00 §
今天再跌我接回来，差价挺大了[微笑][微笑][微笑],"https://guba.eastmoney.com/news,300055,724517939.html",2017-11-02 06:42:18,今天再跌我接回来，差价挺大了
