标题,链接,发布时间,内容
谁知道这股什么时候出中报？谢谢,"https://guba.eastmoney.com/news,300094,490003709.html",2016-07-28 13:13:10,谁知道这股什么时候出中报？谢谢
国联探底成功，没有卖了才是真，反正我是不会卖了，哈哈哈,"https://guba.eastmoney.com/news,300094,490882443.html",2016-07-28 22:02:22,国联探底成功，没有卖了才是真，反正我是不会卖了，哈哈哈
大盘3000点，国联应该是8元5的位置,"https://guba.eastmoney.com/news,300094,489778230.html",2016-07-28 10:39:34,"参照水产版块，国联应该是10元的位置

这货今天6.37横着又在T出了"
国联套住了主力，自救行情来了！,"https://guba.eastmoney.com/news,300094,489734512.html",2016-07-28 10:15:22,
昨天略亏出局，今天本ＩＤ又杀回来了！,"https://guba.eastmoney.com/news,300094,489724159.html",2016-07-28 10:11:13,
本人昨天说了，昨天最后的那1.2万手是拿来今天砸盘的！有人不相信！这下那说我的S,"https://guba.eastmoney.com/news,300094,487349087.html",2016-07-27 16:33:30,本人昨天说了，昨天最后的那1.2万手是拿来今天砸盘的！有人不相信！这下那说我的SB估计无语了吧……还我怎么样炒股可以回家种田了！哈哈哈……笑死人了！！！
明天该高开的继续走强，该低开的还是继续下跌,"https://guba.eastmoney.com/news,300094,490249404.html",2016-07-28 15:21:00,明天该高开的继续走强，该低开的还是继续下跌
既然这么多人不欢迎我，我只回帖不开贴，好人没好报,"https://guba.eastmoney.com/news,300094,487764099.html",2016-07-27 19:42:28,你们赢了
[献花][献花]热烈庆祝国联水产60亿人民币重大收购重组顺利完成！[买入][买入,"https://guba.eastmoney.com/news,300094,489929796.html",2016-07-28 12:23:52,热烈庆祝国联水产60亿人民币重大收购重组顺利完成！热烈庆祝国联水产60亿人民币重大收购重组顺利完成！热烈庆祝国联水产60亿人民币重大收购重组顺利完成！重要的力量说三遍：主力！主力！！主力！！！重要的力量说三遍：主力！主力！！主力！！！重要的力量说三遍：主力！主力！！主力！！！重要的力量说三遍：主力！主力！！主力！！！
国联水产散户操作必读,"https://guba.eastmoney.com/news,300094,489522523.html",2016-07-28 08:40:30,"从技术面分析国联水产都不是一个妖股和大牛股，而是一个慢牛股，对于一个慢牛的股票来说前期的吸筹洗盘是漫长的，并且会伴随大阴线，但是可以预见的是所有慢牛的股票的最后涨幅是非常可观的。随意短线和心里承受能力低者别碰这样的股票！因为你拿不住！
观点：这波下杀对国联水产后市中长线走势非常有利！

1.首先下杀有助于主力收敛送股后分散的筹码，洗出不坚定者，为后世拉升提供坚实的基础。
2.按均线理论来说，决定一直股票强弱的是年线，而国联水产的年线现在是向上的，这样的下跌可以更加的消化年线的压力，为以后的突破年线做准备.(年限指标向下时就是国联启动之日）。
3.对于基本面来说国联水产是个周期性行业，下半年比上半年的盈利预期不是好一点半点，这样对于国联在大趋势上的走势坐实了基础。"
短线和心里承受能力低者别碰这样的股票！因为你拿不住！,"https://guba.eastmoney.com/news,300094,490163789.html",2016-07-28 14:38:39,短线和心里承受能力低者别碰这样的股票！因为你拿不住！
好当家、百洋、中水渔业、武昌鱼，闭眼买一个也30%了,"https://guba.eastmoney.com/news,300094,486381386.html",2016-07-27 09:51:27,这烂股真是令人讨厌
国联虽然是水产板块，但不跟水产走，而是走的海洋经济板块,"https://guba.eastmoney.com/news,300094,489798329.html",2016-07-28 10:51:56,国联虽然是水产板块，但不跟水产走，而是走的海洋经济板块
庄家，洗好了赶紧上路，时间不多了！,"https://guba.eastmoney.com/news,300094,490051233.html",2016-07-28 13:44:57,FUCK
半年报大幅扭亏为盈，与思恋食品全面合作，高送转前没涨，高送转后没涨，员工持股价高,"https://guba.eastmoney.com/news,300094,489584346.html",2016-07-28 09:08:24,半年报大幅扭亏为盈，与思恋食品全面合作，高送转前没涨，高送转后没涨，员工持股价高高在上，现在这个价位请你珍惜筹码。当然，不看好的赶紧换，你可以去追强势股，效果怎么样过一月比一比。
李忠今天444,"https://guba.eastmoney.com/news,300094,489628878.html",2016-07-28 09:28:09,李忠今天444
尾盘这么猛，应该是有好消息了，收购国外公司要成功了吗？,"https://guba.eastmoney.com/news,300094,483382809.html",2016-07-26 15:01:48,不枉我一直守候！
本ＩＤ宣布：国联启动！,"https://guba.eastmoney.com/news,300094,486108485.html",2016-07-27 08:36:28,"昨日万手大单尾盘抢筹！今天坐收大红包！

洗盘到位，别再做短线了，主升就在脚下！"
看多有道德风险！,"https://guba.eastmoney.com/news,300094,488979339.html",2016-07-28 04:41:56,看多有道德风险！
水产价格疯涨！国联你会动一动吗,"https://guba.eastmoney.com/news,300094,483442203.html",2016-07-26 15:48:44,今年以下，涨价 概念从猪肉 到鸡肉 再到有色燃料等等，现在又出来一个新的，水产 价格暴涨会不会引起资本市场的关注呢？选了几个水产股！
5.5全仓杀入，春节卖出,"https://guba.eastmoney.com/news,300094,486921994.html",2016-07-27 13:32:28,5.5全仓杀入，春节卖出
6.3加买入4000股,"https://guba.eastmoney.com/news,300094,486868040.html",2016-07-27 13:11:15,套就套了，到5.5就再加大买入
青青稞酒  今天去2046的乘客 都只有一个目地~。。,"https://guba.eastmoney.com/news,300094,487654006.html",2016-07-27 18:42:12,"俺听说
就是找回失去的记忆~。。"
真怀疑是不是财务,"https://guba.eastmoney.com/news,300094,487587654.html",2016-07-27 18:05:38,真怀疑是不是财务
锁仓不看了，静等拉升。,"https://guba.eastmoney.com/news,300094,464730835.html",2016-07-22 11:26:07,主力总会拉升的。
舒服不舒服,"https://guba.eastmoney.com/news,300094,486642908.html",2016-07-27 11:26:39,舒服吗
这个领导很搞笑，大烂臭已垂垂老去，中小创是成长中的婴儿,"https://guba.eastmoney.com/news,300094,487408133.html",2016-07-27 16:51:58,"这个领导很搞笑，大烂臭已垂垂老去，中小创是成长中的婴儿
掐死婴儿，用人参续命快死的老头
人才，人才，人才。。。。"
上礼拜说过创业板要到2150附近，风险是有的,"https://guba.eastmoney.com/news,300094,486737510.html",2016-07-27 12:10:31,不是底的说过多少次
哈哈哈，只买8000股,"https://guba.eastmoney.com/news,300094,487239639.html",2016-07-27 15:56:05,哈哈哈，只买8000股
同样是渔业,"https://guba.eastmoney.com/news,300094,487227073.html",2016-07-27 15:51:47,大家看看600097，同样是渔业，这个垃圾！！！
横有多长竖有多高狗庄骗筹码各位抓紧了,"https://guba.eastmoney.com/news,300094,486544602.html",2016-07-27 10:51:51,横有多长竖有多高狗庄骗筹码各位抓紧了
跌太少了。不敢加,"https://guba.eastmoney.com/news,300094,487030701.html",2016-07-27 14:16:41,跌太少了。不敢加
千股跌停不可能出现，信不信由你,"https://guba.eastmoney.com/news,300094,486886202.html",2016-07-27 13:18:14,么么达，套我呀
万手大单尾盘抢筹！明天坐收大红包！洗盘到位，进入主升浪！,"https://guba.eastmoney.com/news,300094,483383753.html",2016-07-26 15:02:52,洗盘到位，进入主升浪！
基本上套死了,"https://guba.eastmoney.com/news,300094,486774291.html",2016-07-27 12:28:47,以后再也不能买这种没有热点、涨的慢跌的快的垃圾股！
25日深晨：此股正式进入我股池！跟踪介入！,"https://guba.eastmoney.com/news,300094,480216485.html",2016-07-25 22:18:49,25日深晨：此股正式进入我股池！跟踪介入！
我刚被太极集团洗出去了，我祝贺国联水产继续跌,"https://guba.eastmoney.com/news,300094,486465306.html",2016-07-27 10:19:11,跌停
尾盘买10000多手干啥？这个也叫拉高？砸吧我等着搞点货，多谢笨庄,"https://guba.eastmoney.com/news,300094,486555311.html",2016-07-27 10:55:18,尾盘买10000多手干啥？这个也叫拉高？砸吧我等着搞点货，多谢笨庄
买点来了,"https://guba.eastmoney.com/news,300094,486528031.html",2016-07-27 10:45:16,买点来了
跌死你的国联，离启动还久着,"https://guba.eastmoney.com/news,300094,486522550.html",2016-07-27 10:42:24,龟孙庄家，
买了等唔住傻庄,"https://guba.eastmoney.com/news,300094,486520100.html",2016-07-27 10:41:15,买了等唔住傻庄
最烂。没有之一,"https://guba.eastmoney.com/news,300094,486487791.html",2016-07-27 10:26:55,这东西没人气，坑惨了
罗非鱼涨价了，,"https://guba.eastmoney.com/news,300094,486455329.html",2016-07-27 10:15:35,公司主打产品涨价，助推股价
这货干嘛不退市？？去年的高送转亏了我那么多！现在还是这个死样子！,"https://guba.eastmoney.com/news,300094,486370711.html",2016-07-27 09:47:33,这货干嘛不退市？？去年的高送转亏了我那么多！现在还是这个死样子！
我去百洋股份吃海鲜去，烦死这货,"https://guba.eastmoney.com/news,300094,486370602.html",2016-07-27 09:47:28,
是吧，我都说了，这个是贱庄，不能用常规思维去思考它唉，死股，垃圾股是狗行千里改,"https://guba.eastmoney.com/news,300094,486361325.html",2016-07-27 09:43:58,是吧，我都说了，这个是贱庄，不能用常规思维去思考它唉，死股，垃圾股是狗行千里改不了吃翔的习惯。老子上你的当，套死我了，妈勒戈壁
26日中午：本人上午临收盘在6.60建仓555手！,"https://guba.eastmoney.com/news,300094,483047187.html",2016-07-26 12:22:05,26日中午：本人上午临收盘在6.60建仓555手！
国联水产:2016年半年度业绩预告,"https://guba.eastmoney.com/news,300094,448677888.html",2016-07-14 17:54:04,"公告日期：2016-07-14
证券代码:300094 证券简称:国联水产 公告编号: 2016-21

湛江国联水产开发股份有限公司

2016年半年度业绩预告

本公司及董事会全体成员保证信息披露的内容真实、准确、完整，没有虚假记载、误导性陈述或重大遗漏。

一、本期业绩预计情况

1、业绩预告期间：2016年1月1日- 2016年6月30日

2、预计的业绩:扭亏为盈

3、业绩预告情况表:

项目 本报告期 上年同期

比上年同期增长：117.43%-129.88%

归属于上市公司

亏损：4,015.96万元

股东的净利润 盈利：700万元—1200万元

二、业绩预告预审计情况：

本业绩预告未经过注册会计师审计。

三、业绩变动主要原因说明

1、报告期内，公司以海洋食品研发创新为驱动，不断优化产品和渠道，积极深耕、精耕国内市场，国内市场重点战略布局取得初步成效，销售收入同比大幅增长。

2、报告期内，公司继续巩固出口优势，优化客户结构和产品结构，提升客户质量和产品毛利水平，同时充分发挥SSC公司纽带作用和平台效应，增强协同经营效应。同时由于上年同期美国FDA对公司对虾产品实行柜柜扣检影响本期已经全部消除，公司出口业务同比大幅增长。

3、报告期内，公司持续加大自主研发及与国内外科研院校、机构技术合作力度，稳步推进健康养殖业务发展并初显成效。

4、报告期内，预计公司实现的净利润为700万元至1200万元之间，比上年同期增长117.43%至129.88%。

5、报告期内，预计公司非经常性损益对净利润影响金额约为755万元。

四、其他相关说明

本次业绩预告是公司财务部初步核算的结果，具体财务数据将在公司2016年半年度报告中详细披露，敬请投资者注意投资风险。

特此公告。

湛江国联水产开发股份有限公司董事会

2016年7月14日


[点击查看PDF原文]
提示：本网不保证其真实性和客观性，一切有关该股的有效信息，以交易所的公告为准，敬请投资者注意风险。
展开阅读全文"
涨你的头，去死，跌死你,"https://guba.eastmoney.com/news,300094,482774709.html",2016-07-26 10:24:27,呸
海螺水泥抛了，进国联水产的，我去那群里叫几个亿来买，下午拉起来！,"https://guba.eastmoney.com/news,300094,482912613.html",2016-07-26 11:19:11,海螺水泥抛了，进国联水产的，我去那群里叫几个亿来买，下午拉起来！
尼玛，我这两天已经懒得发帖了，垃圾主力，死守到底。,"https://guba.eastmoney.com/news,300094,483276782.html",2016-07-26 14:00:36,没见过这么贪心和没人性的垃圾主力。
那个佛山网友，不要以为查不到你，总发旧帖,"https://guba.eastmoney.com/news,300094,482535318.html",2016-07-26 08:58:56,大家投诉他，把她抓起来
业绩增长，股价滞涨，加上收购题材，想不涨都难,"https://guba.eastmoney.com/news,300094,483405239.html",2016-07-26 15:24:34,
重要的力量说三遍：主力！主力！！主力！！！重要的力量说三遍：主力！主力！！主力！,"https://guba.eastmoney.com/news,300094,483138150.html",2016-07-26 13:03:19,重要的力量说三遍：主力！主力！！主力！！！重要的力量说三遍：主力！主力！！主力！！！重要的力量说三遍：主力！主力！！主力！！！热烈庆祝国联水产60亿人民币重大收购重组顺利完成！热烈庆祝国联水产60亿人民币重大收购重组顺利完成！热烈庆祝国联水产60亿人民币重大收购重组顺利完成！
今日收盘价：6.66元。,"https://guba.eastmoney.com/news,300094,483348703.html",2016-07-26 14:28:38,
请教一下，这个垃圾是创业板的股票嘛，是不是代码错了[加油][傲],"https://guba.eastmoney.com/news,300094,483185689.html",2016-07-26 13:22:46,请教一下，这个垃圾是创业板的股票嘛，是不是代码错了
此股已死，没戏了，就算涨也涨不了多少，走吧别浪费今年最后的挣钱机会了。,"https://guba.eastmoney.com/news,300094,483010575.html",2016-07-26 12:03:36,此股已死，没戏了，就算涨也涨不了多少，走吧别浪费今年最后的挣钱机会了。
明天涨停，立帖为证,"https://guba.eastmoney.com/news,300094,480158627.html",2016-07-25 21:51:48,肯定会
拉稀了,"https://guba.eastmoney.com/news,300094,479777250.html",2016-07-25 18:39:18,此股卖的全是臭鱼烂虾，已经把主力吃的拉稀了，没有力气在拉升了，只能继续蹿稀。
下午再不拉升,"https://guba.eastmoney.com/news,300094,478643381.html",2016-07-25 12:49:11,送骨灰盒给主力
重要的力量说三遍：主力！主力！！主力！！！重要的力量说三遍：主力！主力！！主力！,"https://guba.eastmoney.com/news,300094,479091034.html",2016-07-25 15:00:36,重要的力量说三遍：主力！主力！！主力！！！重要的力量说三遍：主力！主力！！主力！！！重要的力量说三遍：主力！主力！！主力！！！热烈庆祝国联水产60亿人民币重大收购重组顺利完成！热烈庆祝国联水产60亿人民币重大收购重组顺利完成！热烈庆祝国联水产60亿人民币重大收购重组顺利完成！热烈庆祝国联水产60亿人民币重大收购重组顺利完成！
30、60分钟严重的底背离，就是趴着！,"https://guba.eastmoney.com/news,300094,479113601.html",2016-07-25 15:07:25,趴着成为这烂股一种常态。
这几吧股够垃圾的,"https://guba.eastmoney.com/news,300094,478960470.html",2016-07-25 14:23:37,这几吧股够垃圾的
呸，路边摊的货,"https://guba.eastmoney.com/news,300094,478907190.html",2016-07-25 14:07:31,呸，路边摊的货
啥消息都不能阻挡这贰逼股不涨,"https://guba.eastmoney.com/news,300094,478703131.html",2016-07-25 13:10:38,.
庄家利用除权 出去了手里为数不多的货,"https://guba.eastmoney.com/news,300094,478817964.html",2016-07-25 13:42:28,庄家利用除权 出去了手里为数不多的货
谁接盘呢,"https://guba.eastmoney.com/news,300094,457605104.html",2016-07-20 14:14:09,2l8已经N次了谁接的盘呢
这个大盘还有救吗，没了，自己不好还唱衰美国,"https://guba.eastmoney.com/news,300094,478355141.html",2016-07-25 11:17:59,什么心态
国联水产:关于签订《战略合作协议》的公告,"https://guba.eastmoney.com/news,300094,465517790.html",2016-07-22 15:43:14,"公告日期：2016-07-22
证券代码：300094 证券简称：国联水产 公告编号：2016-22

湛江国联水产开发股份有限公司

关于签订《战略合作协议》的公告

本公司及董事会全体成员保证公告内容真实、准确和完整，没有虚假记载、误导性陈述或者重大遗漏。

特别提示：

1、本次签订的仅为战略合作协议，属于双方合作意愿和基本原则的框架性、意向性约定，协议相关约定具体的实施内容和进度存在不确定性。

2、本次协议签订不构成关联交易，也不构成《上市公司重大资产重组管理办法》规定的重大资产重组。

一、协议基本情况

1、湛江国联水产开发股份有限公司（以下简称“公司”、“国联水产”）与郑州思念食品有限公司（以下简称“思念食品”）于2016年7月21日在湛江签订《战略合作协议》，经双方友好协商，本着自愿、平等、互利、守信的原则，以共同发展和长期合作为目标，双方拟建立战略合作伙伴关系。

2、思念食品法定代表人为李伟，注册资本6,600万美元，为中国最大的专业速冻食品生产企业之一，产品涵盖速冻汤圆、速冻水饺、速冻面点、速冻休闲食品、速冻西点、速冻调理制品等六大系列、300多个单品，主要产品在国内市场占有率达20%以上，品牌影响力、生产能力、销售总量均位居全国同行业前列。

3、本次签订协议为战略合作协议，不涉及具体交易金额，无需提交公司董事会、 股东大会审议通过。

4、本次签订的战略合作协议不构成关联交易，也不构成《上市公司重大资产重组管理办法》规定的上市公司重大资产重组情形。

二、协议主要内容

双方拟在原料供应、产品研发、生产加工、渠道合作、品牌建设等方面进行全方位的业务合作，主要内容如下：

1、原料供应：国联水产即时启动对思念食品现有虾仁水饺和虾仁云吞产品所需的基础海鲜原料的供应；未来思念食品将利用国联水产全球优质采购平台进行更多品类的海鲜原料采购合作。

2、产品合作研发：借助双方研发优势，面向中高端消费人群，进行优质冷冻水产、调理休闲类食品等高附加值产品的深度研发合作。

3、生产加工：双方利用各自国内外研发团队及高标准生产设施，为对方提供针对性的产品研发和代加工服务，满足对方特定产品研发生产需求。

4、渠道合作：充分利用各自海内外销售渠道资源及品牌影响力，实现双方渠道互补以及双方海外子公司资源共享，扩大双方产品在全球的市场覆盖。

5、品牌建设合作：在研发、生产、渠道等深入合作基础上，合力打造优质中高端食品品牌。

三、对公司的影响

本次合作有利于充分发掘双方在各自领域的资源优势，实现优势互补，合作共赢，有利于优化公司产品销售渠道和产品结构，提升公司产品的研发能力，完善公司品牌建设，尤其是优质中高端食品品牌，符合公司未来发展战略。

四、风险提示

上述协议属于战略合作协议，具体的实施内容和进度存在不确定性。公司将按照《深圳证券交易所上市规则》、《深圳证券交易所中小板上市公司规范运作指引》等有关要求，在今后的定期报告或临时公告中持续披露该协议的后续进展情况，敬请投资者注意投资风险。

五、备查文件

《战略合作协议》

特此公告。

湛江国联水产开发股份有限公司董事会

2016年7月22日


[点击查看PDF原文]
提示：本网不保证其真实性和客观性，一切有关该股的有效信息，以交易所的公告为准，敬请投资者注意风险。
展开阅读全文"
前期涨太多，跑不过板块,"https://guba.eastmoney.com/news,300094,478391695.html",2016-07-25 11:29:18,涨的时候又受板块拖累，上不去
下来吧，你还能怎么样,"https://guba.eastmoney.com/news,300094,478384678.html",2016-07-25 11:27:10,下来撒
下来，不要装了,"https://guba.eastmoney.com/news,300094,478371058.html",2016-07-25 11:23:00,装什么呢
恭喜大家，托单又来了,"https://guba.eastmoney.com/news,300094,478367778.html",2016-07-25 11:22:04,恭喜恭喜发大财，下午跌是肯定的
主力是活雷峰吗，这股只有散户撑，,"https://guba.eastmoney.com/news,300094,478352170.html",2016-07-25 11:17:10,什么时候跌到散户的心理价位也就止跌反转
换你是主力，你会拉起来让别人跑，自己站岗吗,"https://guba.eastmoney.com/news,300094,478346998.html",2016-07-25 11:15:34,真是的
无敌恶庄，,"https://guba.eastmoney.com/news,300094,478342282.html",2016-07-25 11:14:06,全是散户买的，统统套套套
没买的不要下水了。今天没大涨说明很长时间内没戏,"https://guba.eastmoney.com/news,300094,478192685.html",2016-07-25 10:32:22,在股市浪费时间就是浪费金钱
洗盘,"https://guba.eastmoney.com/news,300094,478225575.html",2016-07-25 10:40:59,"上星期在洗盘,这星期必拉升"
坚持就是胜利，别被洗出去了，即将爆发,"https://guba.eastmoney.com/news,300094,478173289.html",2016-07-25 10:26:52,垃圾庄洗不了多久的，肯定要拉升。
看了一点欲望也没有[不屑][不屑][不屑][不屑],"https://guba.eastmoney.com/news,300094,478108800.html",2016-07-25 10:09:36,看了一点欲望也没有[不屑][不屑][不屑][不屑]
垃圾公告，战略合作，重大利空，下周一字跌停5个板。,"https://guba.eastmoney.com/news,300094,468851718.html",2016-07-23 14:22:34,垃圾公告，战略合作，重大利空，下周一字跌停5个板。
300%的低位换手率，接下来该怎么表演？,"https://guba.eastmoney.com/news,300094,473691410.html",2016-07-24 21:31:53,庄家被散户洗出去了
换手率已达300%多,"https://guba.eastmoney.com/news,300094,473685357.html",2016-07-24 21:30:22,恶庄小心被散户洗出吧！筹码没了时间还赔了一大把
周一高开一个点，拉到3个点，尾盘变绿。还是出货,"https://guba.eastmoney.com/news,300094,469465794.html",2016-07-23 18:44:50,周一高开一个点，拉到3个点，尾盘变绿。还是出货
各位可以多观察观察，多考虑考虑，此股如果按除权前的价格计算。对应价格在14.54,"https://guba.eastmoney.com/news,300094,473010225.html",2016-07-24 18:42:03,各位可以多观察观察，多考虑考虑，此股如果按除权前的价格计算。对应价格在14.54左右。那么目前主力不借此利好出货。什么时候出货？
利好一出，空狗们慌了。,"https://guba.eastmoney.com/news,300094,473055918.html",2016-07-24 18:55:45,利好一出，空狗们慌了。
360即将借壳300094,"https://guba.eastmoney.com/news,300094,471704239.html",2016-07-24 07:45:31,360即将借壳300094
主力用500手吓唬人呢,"https://guba.eastmoney.com/news,300094,468084998.html",2016-07-23 07:11:19,控的一手好盘
国联水产唱空的，请看看周K线，趋势未变，该股要做趋势不适合做波段。6.8以下都是,"https://guba.eastmoney.com/news,300094,465286843.html",2016-07-22 14:29:10,国联水产唱空的，请看看周K线，趋势未变，该股要做趋势不适合做波段。6.8以下都是建仓良机！
周一再不拉,"https://guba.eastmoney.com/news,300094,472543788.html",2016-07-24 15:56:57,这么个利好要是都不启动的话，叫我们这些小散怎么问候你们公司与主力！
涨得时候一次没涨过，跌的时候一次没错过，说你呢 中毅达，醒醒吧！,"https://guba.eastmoney.com/news,300094,468415988.html",2016-07-23 11:09:32,涨得时候一次没涨过，跌的时候一次没错过，说你呢 中毅达，醒醒吧！
下周6.3买，买完锁个月，专心对付601186,"https://guba.eastmoney.com/news,300094,465440337.html",2016-07-22 15:17:33,下周6.3买，买完锁个月，专心对付601186
流出资金从100多万到现在的600多万，一直在跑路[大笑]涨？！你骗鬼呢～[大笑,"https://guba.eastmoney.com/news,300094,466779905.html",2016-07-22 23:11:03,流出资金从100多万到现在的600多万，一直在跑路涨？！你骗鬼呢～[大笑
黑庄黑券商这种爱诜黑钱只有青岛人洗钱真本领。下三坑人黑色庄家券商干黑[大便][大,"https://guba.eastmoney.com/news,300094,466381110.html",2016-07-22 20:49:39,黑庄黑券商这种爱诜黑钱只有青岛人洗钱真本领。下三坑人黑色庄家券商干黑[大便][大
证券时报网 鲁商置业二季度签约22.54亿元同比增51%  证券时报网,"https://guba.eastmoney.com/news,300094,466243740.html",2016-07-22 20:01:00,证券时报网 鲁商置业二季度签约22.54亿元同比增51% 证券时报网
已挣500万，随便你跌，跌到负零元都可以[鼓掌][鼓掌][鼓掌][鼓掌][鼓掌],"https://guba.eastmoney.com/news,300094,466055512.html",2016-07-22 18:55:50,已挣500万，随便你跌，跌到负零元都可以
获利的人太多，看空到二毛[减仓][减仓][减仓][减仓][减仓][减仓][减仓],"https://guba.eastmoney.com/news,300094,466032287.html",2016-07-22 18:47:08,获利的人太多，看空到二毛[大便][大便][大便][大便][大便][大便][大便][大便]
遭了，6.59都被套了,"https://guba.eastmoney.com/news,300094,465351579.html",2016-07-22 14:49:28,我卖了，尾盘再买回来
速度砸啊！！[不屑][不屑][不屑][不屑],"https://guba.eastmoney.com/news,300094,465576520.html",2016-07-22 16:03:00,速度砸啊！！[不屑][不屑][不屑][不屑]
6.57，被主力吃了一大口！TNND,"https://guba.eastmoney.com/news,300094,465394972.html",2016-07-22 15:03:01,6.57，被主力吃了一大口！TNND
我卖了，尾盘再买回来,"https://guba.eastmoney.com/news,300094,464537159.html",2016-07-22 10:37:53,我卖了，尾盘再买回来
下周唱中国铁建空，唱衰大烂臭,"https://guba.eastmoney.com/news,300094,465433762.html",2016-07-22 15:15:27,下周唱中国铁建空，唱衰大烂臭
除权放量,"https://guba.eastmoney.com/news,300094,465432552.html",2016-07-22 15:15:02,除权放量就是不涨，垃圾中的战斗机！！！操操操！！！
创业板到2150，这个是要的,"https://guba.eastmoney.com/news,300094,465428864.html",2016-07-22 15:13:53,创业板到2150，这个是要的
肯定要跌破6.5滴，嘻嘻嘻,"https://guba.eastmoney.com/news,300094,465424126.html",2016-07-22 15:12:24,肯定要跌破6.5滴，嘻嘻嘻
下周二左右买点，嘻嘻,"https://guba.eastmoney.com/news,300094,465418597.html",2016-07-22 15:10:23,下周二左右买点，嘻嘻
两个153谁的。。机构，散户们，估计是场外不上网的散户乱扔！,"https://guba.eastmoney.com/news,300094,465388447.html",2016-07-22 15:00:53,两个153谁的。。机构，散户们，估计是场外不上网的散户乱扔！
亏得不多，亏了30元,"https://guba.eastmoney.com/news,300094,465362564.html",2016-07-22 14:52:54,我卖了，尾盘再买回来
磨磨唧唧不赶紧下来，大阴线快来,"https://guba.eastmoney.com/news,300094,465248263.html",2016-07-22 14:17:29,磨磨唧唧不赶紧下来，大阴线快来
大盘撑不住了，下来吧,"https://guba.eastmoney.com/news,300094,465269013.html",2016-07-22 14:24:08,大盘撑不住了，下来吧
6.59买了2000股,"https://guba.eastmoney.com/news,300094,465332158.html",2016-07-22 14:43:18,我卖了，尾盘再买回来
6.5以下才买,"https://guba.eastmoney.com/news,300094,465322689.html",2016-07-22 14:40:17,我卖了，尾盘再买回来
哈哈，快跳水了,"https://guba.eastmoney.com/news,300094,465200564.html",2016-07-22 14:03:30,我卖了，尾盘再买回来
每天跳水都习惯了，哈哈,"https://guba.eastmoney.com/news,300094,465309958.html",2016-07-22 14:36:28,我卖了，尾盘再买回来
每一次反抽都是离场的机会,"https://guba.eastmoney.com/news,300094,465303573.html",2016-07-22 14:34:33,我卖了，尾盘再买回来
尾盘6.5再买回来,"https://guba.eastmoney.com/news,300094,465165615.html",2016-07-22 13:52:44,尾盘6.5见
尾盘6.5见,"https://guba.eastmoney.com/news,300094,465163872.html",2016-07-22 13:52:11,尾盘6.5见
我卖了，尾盘再买回来,"https://guba.eastmoney.com/news,300094,465158783.html",2016-07-22 13:50:34,我卖了，尾盘再买回来
反抽完成，6.5以下大胆买,"https://guba.eastmoney.com/news,300094,465283624.html",2016-07-22 14:28:34,我卖了，尾盘再买回来
准备抄底,"https://guba.eastmoney.com/news,300094,465266571.html",2016-07-22 14:23:21,我卖了，尾盘再买回来
就这样洗盘？大阴线连续比较快,"https://guba.eastmoney.com/news,300094,465257951.html",2016-07-22 14:20:46,就这样洗盘？大阴线连续比较快
已是大底，大胆进，会让你们惊喜,"https://guba.eastmoney.com/news,300094,266018328.html",2016-03-05 13:46:30,已是大底，大胆进，会让你们惊喜
重要的力量说三遍：主力！主力！！主力！！！重要的力量说三遍：主力！主力！！主力！,"https://guba.eastmoney.com/news,300094,465136338.html",2016-07-22 13:43:55,重要的力量说三遍：主力！主力！！主力！！！重要的力量说三遍：主力！主力！！主力！！！重要的力量说三遍：主力！主力！！主力！！！热烈庆祝国联水产60亿人民币重大收购重组顺利完成！
届时 800元 一股都不是问题（分红 10送 80）,"https://guba.eastmoney.com/news,300094,464785107.html",2016-07-22 11:40:14,届时 800元 一股都不是问题（分红 10送 80）
33000手，我一口吃掉，么么哒！,"https://guba.eastmoney.com/news,300094,465108451.html",2016-07-22 13:35:28,
".想买的，下午6,5元下方，大量放筹，可怜的小散我会一直减到5元左右仓，我意图己","https://guba.eastmoney.com/news,300094,464746549.html",2016-07-22 11:30:05,".想买的，下午6,5元下方，大量放筹，可怜的小散我会一直减到5元左右仓，我意图己明！请配后我！"
华数明显是头部了,"https://guba.eastmoney.com/news,300094,464934220.html",2016-07-22 12:33:48,华数明显是头部了
个人感觉高管已经增持完毕，区区2400万元，成交量上很难看出，只是待合适法定时间,"https://guba.eastmoney.com/news,300094,464929820.html",2016-07-22 12:31:26,个人感觉高管已经增持完毕，区区2400万元，成交量上很难看出，只是待合适法定时间
涨几分，就是为了吸点筹码，更好打压下跌到5元左右，折磨小散，不怕吸不到筹码！！！,"https://guba.eastmoney.com/news,300094,464697492.html",2016-07-22 11:17:51,涨几分，就是为了吸点筹码，更好打压下跌到5元左右，折磨小散，不怕吸不到筹码！！！
做T的拿不住的忽悠空的，终将被一根大阳所淹没！,"https://guba.eastmoney.com/news,300094,464475590.html",2016-07-22 10:22:42,做T的拿不住的忽悠空的，终将被一根大阳所淹没！
就两分？？？能干脆点么？那么低还不拉？想啥呢,"https://guba.eastmoney.com/news,300094,464514036.html",2016-07-22 10:31:59,就两分？？？能干脆点么？那么低还不拉？想啥呢
庄，我还可以买这么多！你把我套起啊！,"https://guba.eastmoney.com/news,300094,464504896.html",2016-07-22 10:29:49,庄，我还可以买这么多！你把我套起啊！
还亏14块钱，这狗庄！,"https://guba.eastmoney.com/news,300094,464491478.html",2016-07-22 10:26:31,狗庄这一天天的！
你们就放心吧，有的是时间抄它底，,"https://guba.eastmoney.com/news,300094,464384886.html",2016-07-22 09:59:56,安心等待
忠儿：马上跌，跌，跌，,"https://guba.eastmoney.com/news,300094,464412628.html",2016-07-22 10:06:53,忠儿：马上跌，跌，跌，
6.5以下有的是机会哦！,"https://guba.eastmoney.com/news,300094,464383127.html",2016-07-22 09:59:26,6.5以下有的是机会哦！
有和我一样特烦托单的么？买就买啊倒就倒啊，天天托天天跌特烦人,"https://guba.eastmoney.com/news,300094,464353483.html",2016-07-22 09:52:06,动机太不纯了。
国联水产亏了20块钱，明天忍痛割了！,"https://guba.eastmoney.com/news,300094,461363723.html",2016-07-21 14:33:43,
“同达失业”应该就是机构派来的庄家了,"https://guba.eastmoney.com/news,300094,464233275.html",2016-07-22 09:21:01,“同达失业”应该就是机构派来的庄家了
明天要是不跌！我把黄河水喝光,"https://guba.eastmoney.com/news,300094,448497314.html",2016-07-14 14:32:28,明天要是不跌！我把黄河水喝光
8.70以下可以加仓50%，,"https://guba.eastmoney.com/news,300094,463946421.html",2016-07-22 07:59:32,8.70以下可以加仓50%，
[卖出][卖出][卖出][卖出][卖出][空仓][空仓][空仓][空仓][空仓],"https://guba.eastmoney.com/news,300094,463850072.html",2016-07-22 07:30:19,
昨天的机构爸爸去哪了  就等你火车头带动了,"https://guba.eastmoney.com/news,300094,463829642.html",2016-07-22 07:22:49,昨天的机构爸爸去哪了 就等你火车头带动了
360结壳,"https://guba.eastmoney.com/news,300094,462503859.html",2016-07-21 23:34:47,360结壳
明天跌3个点,"https://guba.eastmoney.com/news,300094,462200041.html",2016-07-21 22:13:32,明天跌3个点
看来今天无忧，整理完毕，开始反转,"https://guba.eastmoney.com/news,300094,456535132.html",2016-07-19 23:54:05,看来今天无忧，整理完毕，开始反转
去死吧，该死的庄，今天为什么不跌停？？？？？？？？？害得额跟朋友打赌输了500元,"https://guba.eastmoney.com/news,300094,461669702.html",2016-07-21 18:21:31,去死吧，该死的庄，今天为什么不跌停？？？？？？？？？害得额跟朋友打赌输了500元人民币
海外收购预期只是个骗局，大道自然来是派来骗大家的,"https://guba.eastmoney.com/news,300094,461462011.html",2016-07-21 15:36:04,连续4个交易日主力疯狂出货套人，没有任何有力反弹
国联水产7.21早盘盘口语言解密 今日,"https://guba.eastmoney.com/news,300094,461109054.html",2016-07-21 11:48:28,"国联水产7.21早盘盘口语言解密
今日早盘国联水产盘口语言紧接上一交易日再度呈现，今日出得最多的是176，其次是177，175，173，174等17为代表的盘口数字。现直接解读分享给诸位散户，了解风险。

1. 警告，以1开头的数字大多带警告意味。
警告---包含，主庄对和主庄合作的结构，与主庄不相干的大小机构，大户的警告。

警告的目的有，不要砸盘，不要再买进等。这些警告一般是对与主庄不相干的大小机构，大户的警告。约定，约定是主庄对和主庄合作的结构之间的约定。或者说是同一机构在不同地方操盘的操盘手之间的约定。约定的内用有：见到特殊数字挂单挂就怎样怎样，今天谁拉或者谁出，拉到什么价位或者打低到什么价位等等。迷惑，肯定是迷惑与主庄不相干的大小机构，大户，普通投资者了。他要出货就会迷惑你以为主力想做多，或者迷惑令你看不明白主力的意图。引诱和恐吓就不用说了。这是笔者在看盘时对特殊数字的单子判断该特殊数字挂单意义的一点个人思考思路。对于盘口特殊数字挂单，我们不能不闻不问，但以不能一看到盘口特殊数字挂单就轻易主观盲目妄下结论。

2，176 一起溜。这个数字代表的内涵大家都懂吧？

3，1代表你、依、意、要等；111（1111）：代表""要要要""，如果压在卖单处，那代表该股可能下跌,将还有更低的卖点，如果是压在主动买盘处，那就预示该股可能即将拉升,需要注意的是，如果是在历史高位,拉升波段可能结束。
7代表弃、气、急、起、欺、启等；777（7777）：代表""吃吃吃""，表明主力要吃货，手中筹码不够的一种表现，也是多家机构共同买股的信号。
6代表留、了、聊、溜等；666：代表""溜溜溜""和""留留留""，如果出现在卖单，则可判断是主力要出货的一种暗示，而出现在买单，是一种叫各大机构留住股票的暗示。


总结，庄家太弱，今天盘口语言是警告其他投资者包括中户大户散户不要吃筹，这股还要跌，要一起溜，一起杀跌，不然谁敢抢筹的就来试试看，不磨死你不叫老庄。

176啊176，你敢吃筹我就溜；176啊176，大家一起溜。股价寻底吸筹的阶段还在继续，各位看官，碰上恶庄了，各自保重，自求多福，生死祸福，各安天命。"
公司高管增持了，为1000股。好气派啊,"https://guba.eastmoney.com/news,300094,461769867.html",2016-07-21 19:35:45,公司高管增持了，为1000股。好气派啊
中报盈利明确，底部，风险不大。维持月底7元目标价。,"https://guba.eastmoney.com/news,300094,461777760.html",2016-07-21 19:41:38,中报盈利明确，底部，风险不大。维持月底7元目标价。
半年报为什么迟迟不报？,"https://guba.eastmoney.com/news,300094,461547534.html",2016-07-21 16:48:02,现在两市也没有几支股没出半年报了
明天你敢买吗？呵呵！哈哈！,"https://guba.eastmoney.com/news,300094,461726902.html",2016-07-21 19:03:09,明天你敢买吗？呵呵！哈哈！
真是印证了一句股谚：想炒老庄的大底，不死都要脱层皮,"https://guba.eastmoney.com/news,300094,461516373.html",2016-07-21 16:23:21,"只有等趋势出来了才能跟着喝点汤

本来除权前不涨的股，除权后必涨

好好的涨了半天，就被打得脚断手残

内盘4亿资金出逃

难道全是散户接走了？


连续大单托盘，连续尾盘撤掉大单猛砸
是疯狂出货还是疯狂砸低股价?

这曲戏变得复杂了

没股，看戏。有股，6块5以下也没必要割了。
看了几天盘面，如果此股没有巨大的利空或退市

必将有一曲大戏，只是不知道导演是谁

何时高潮"
猪周期，鸡周期，还有tm主力闺女的经期，唯独没有国联上涨期[加油],"https://guba.eastmoney.com/news,300094,461509163.html",2016-07-21 16:14:35,猪周期，鸡周期，还有tm主力闺女的经期，唯独没有国联上涨期
40块的本,"https://guba.eastmoney.com/news,300094,461284747.html",2016-07-21 13:45:17,40块的本
这股的反弹空间非常大，庄非常猥琐狠，我不是只会黑,"https://guba.eastmoney.com/news,300094,461673343.html",2016-07-21 18:24:49,他也是有优点的，我不是只会黑
贪便宜是炒这股犯的大忌，本来3块的股，先拉到18再压到7块,"https://guba.eastmoney.com/news,300094,461645435.html",2016-07-21 18:03:36,所以大家觉得便宜了，其实7块还贵了一倍
明天超跌反弹，力度不大,"https://guba.eastmoney.com/news,300094,461452064.html",2016-07-21 15:28:47,压力位：6.9 撑力位6.50
对倒出货迹象越来越明显。,"https://guba.eastmoney.com/news,300094,461668430.html",2016-07-21 18:20:23,上下都是大单，夹板出货法。
