标题,链接,发布时间,内容
相对于高送转前的股本来说,"https://guba.eastmoney.com/news,300116,616440811.html",2017-03-12 13:35:42,对再融资新发行的股份数量不进行一刀切
尚如坚瑞沃能一段时间就有16亿左右的合作订单的话，50元是否不是梦？,"https://guba.eastmoney.com/news,300116,614964136.html",2017-03-07 21:50:04,企业效益大大的超预期的前提下，上50元一点不过分，50元左右的锂电池股很多的
争取周光头！,"https://guba.eastmoney.com/news,300116,615964489.html",2017-03-10 12:32:21,说不准六、日还有利好。
成交量同比昨日小幅萎缩,"https://guba.eastmoney.com/news,300116,616380588.html",2017-03-12 00:30:46,但盘中几乎难于扑捉到热点
定向增发新发行的股份就必须锁定三年,"https://guba.eastmoney.com/news,300116,616378792.html",2017-03-12 00:12:05,而所采取的措施也是对症下药
坚瑞沃能总经理兼沃特玛董事长李瑶一鸣惊人！,"https://guba.eastmoney.com/news,300116,573319467.html",2016-11-28 02:31:05,"2016年11月16日，坚瑞沃能（300116）在北京举办了“为锂想携手”主题新闻发布会，发布会主要有两个内容，首先是从坚瑞消防更名为坚瑞沃能的更名仪式，另一个则是坚瑞沃能此次停牌筹划的认购澳洲上市公司ura 矿业19.9%股权的事项。
会上坚瑞沃能总经理兼沃特玛董事长李瑶发表了自己的见解，“中国新能源汽车产业进入2.0时代，从政策驱动转向市场拉动，没有达到市场要求的车，靠政府补助是不行的，我们就是要不依赖于国家补贴，我也建议国家尽量不要补”。
在新能源汽车骗补案例屡屡发生下，李瑶的观点的确较为大胆和自信。"
新能源汽车领导者！！！,"https://guba.eastmoney.com/news,300116,616278779.html",2017-03-11 12:26:12,要是这样，30元低估，45元不高，60元合理
跌破五日线 调整开始,"https://guba.eastmoney.com/news,300116,441572916.html",2016-07-07 15:28:34,可以休息了
经鉴定 尖锐湿疣已沦为垃圾股,"https://guba.eastmoney.com/news,300116,442931181.html",2016-07-08 10:36:34,擦
赶上股灾了,"https://guba.eastmoney.com/news,300116,488041019.html",2016-07-27 22:05:37,30%跌幅
碳酸锂暴跌 新能源洗车销售不如预期。,"https://guba.eastmoney.com/news,300116,487425920.html",2016-07-27 16:58:51,拐点已现 调整将是长期的
下周有重大利好快进！！！！！！！！！,"https://guba.eastmoney.com/news,300116,616222154.html",2017-03-11 06:53:21,下周有重大利好快进！！！！！！！！！
量能俱佳，下周继续,"https://guba.eastmoney.com/news,300116,616193689.html",2017-03-11 00:31:56,量能俱佳，下周继续
21.5全部清仓，,"https://guba.eastmoney.com/news,300116,615937378.html",2017-03-10 11:16:24,21.5全部清仓，
两周以来的强势拉升，下周如何？,"https://guba.eastmoney.com/news,300116,616089453.html",2017-03-10 16:56:22,半年多来的做T终于解套了，下周是走是留啊，拭目以待
坚瑞沃能-》50-65.是幻想还是理想,"https://guba.eastmoney.com/news,300116,616154366.html",2017-03-10 21:06:02,"假如一季度实现净利润能大幅超预期达到3亿上，半年报达到7亿左右就不是没有可能的
拭目以待吧"
反弹到位，不可留恋,"https://guba.eastmoney.com/news,300116,615990513.html",2017-03-10 13:38:37,此股累积涨幅过大，宜换股操作
要跌了快跑,"https://guba.eastmoney.com/news,300116,616005737.html",2017-03-10 14:04:55,要跌了快跑
坚瑞沃能子公司再签战略协议 近期多利好叠加,"https://guba.eastmoney.com/news,300116,616096121.html",2017-03-10 17:17:23,"坚瑞沃能（300116）的股价自2月底开始似乎“开了挂”，在股价大幅上涨的同时，公司在消息面上也是利好不断。

3月9日下午，公司发布的公告显示，以公司子公司深圳市沃特玛电池有限公司（以下简称沃特玛）为理事长的中国沃特玛新能源汽车产业创新联盟（以下简称创新联盟）与安徽星凯龙客车有限公司（以下简称星凯龙客车）签订了合作的意向性约定。

预计创收1.37亿元

根据公告内容，星凯龙客车将根据创新联盟及联盟成员企业的纯电动汽车需求，在合法的经营范围之内为创新联盟生产制造纯电动汽车（含零配件）；创新联盟按照其与星凯龙客车签订的合同约定采购其生产的纯电动汽车。

同时，创新联盟成员向星凯龙客车采购的新能源汽车，其核心零部件应在符合产品公告一致性的基础上，星凯龙客车优先从创新联盟成员单位采购（电池、电机、电控必须向创新联盟成员单位采购），具体以技术协议为准。创新联盟成员每向星凯龙客车采购1辆纯电动汽车，星凯龙客车需向沃特玛创新联盟成员购买3组电池，按照1：3比例以此类推。2017年星凯龙客车向创新联盟成员采购不低于450套电池及150套电机，150套电控，创新联盟成员共需向星凯龙客车采购不低于150台纯电动客车。

小编注意到，创新联盟是由坚瑞沃能全资子公司沃特玛联合电机、电控驱动系统、动力总成、充电设备、运营平台等企业、大专院校及科研机构组成的企业联盟，沃特玛是创新联盟的理事长单位，也是创新联盟的核心成员。

虽然公告显示，此次战略合作协议的实施预计为公司带来1.37亿元以上的收入，但是公告同时提示，该战略协议付诸实施过程中仍存在变动的可能性，能否最终完成以及最终完成的时间均存在不确定性。

近期披露多个利好

值得一提的是，除了上述战略协议以外，公司近期的好消息可谓不断。
3月7日，公司发布公告称，旗下全资子公司沃特玛从中国恒天集团有限公司（以下简称恒天集团）旗下的湖北新楚风汽车股份有限公司获得2万套动力电池订单，总价款超过13.48亿元。

小编了解到，与一汽、东风以及长安情况较为相似，恒天集团也是以汽车为主业的央企，不过，恒天集团进入汽车领域较晚，2009年才开始发展汽车产业。
3月6日晚间，公司发布2016年年报显示，去年实现归属净利润4.25亿元，同比增长11倍；同时，公司董事长提议进行“10转10”的年度利润分配方案；另外，公司预计今年一季度实现归属净利润2.48亿元~2.53亿元，相比去年同期实现扭亏。

2月20日晚间，公司发布的公告显示，创新联盟与中通客车（000957）签署了《战略合作协议》，预计将为公司创收逾20亿元。



操盘必读

1.金桥信息（603918）：举牌方文心1号更正权益变动书，明确还要增持不低于5000万元。

航美传媒交叉持股愿望很强烈。

2.景兴纸业（002067）：全资子公司上海景兴拟减持莎普爱思不超过300万股，价格不低于37元。

去年22倍业绩增速就是这么来的。

3.北京利尔（002392）：8650万元转让上海利尔获利3650万元。

地产才能兴家。

4.威创股份（002308）：控股股东向安赐资管转让股权。

这让我想起2年前的“PE+上市公司”浪潮。

此文为火眼财经原创内容，特此声明 。
展开阅读全文"
提示，尾盘买进。,"https://guba.eastmoney.com/news,300116,615630861.html",2017-03-09 14:42:49,今天迫于主力的压力，只能唱空。尾盘我进来拉盘子了。
哈哈，一群大神都出来了，有意思。。。,"https://guba.eastmoney.com/news,300116,615505262.html",2017-03-09 10:15:40,短线调整。
媒体再吹也没用，还不如没有吹的赣风锂业上涨幅度一半,"https://guba.eastmoney.com/news,300116,616073942.html",2017-03-10 16:10:43,媒体再吹也没用，还不如没有吹的赣风锂业上涨幅度一半
感觉套人开始…个人看法,"https://guba.eastmoney.com/news,300116,615970940.html",2017-03-10 12:58:53,感觉套人开始…个人看法
这位置在不出就要下来了,"https://guba.eastmoney.com/news,300116,615973449.html",2017-03-10 13:06:40,这位置在不出就要下来了
庄啊你厉害啊！一出手3500手厉害啊！护盘啊！,"https://guba.eastmoney.com/news,300116,616040270.html",2017-03-10 14:57:11,庄啊你厉害啊！一出手3500手厉害啊！护盘啊！
呵呵 垃圾股 多亏换上2460 领头羊就是领头羊,"https://guba.eastmoney.com/news,300116,616039531.html",2017-03-10 14:55:44,呵呵 垃圾股 多亏换上2460 领头羊就是领头羊
跌了，看不到22喽。不争气啊,"https://guba.eastmoney.com/news,300116,616012135.html",2017-03-10 14:14:30,跌了，看不到22喽。不争气啊
21.4买了。21没希望,"https://guba.eastmoney.com/news,300116,616023212.html",2017-03-10 14:31:23,21.4买了。21没希望
跌啊，快跌停。,"https://guba.eastmoney.com/news,300116,616017862.html",2017-03-10 14:23:54,跌啊，快跌停。
21.7全出，等22今天没希望了,"https://guba.eastmoney.com/news,300116,616013387.html",2017-03-10 14:16:43,21.7全出，等22今天没希望了
挂21买420手,"https://guba.eastmoney.com/news,300116,616013728.html",2017-03-10 14:17:12,挂21买420手
介入正当时，锂电池行情未完！,"https://guba.eastmoney.com/news,300116,616013600.html",2017-03-10 14:17:10,介入正当时，锂电池行情未完！
002460涨停出货了,"https://guba.eastmoney.com/news,300116,616009560.html",2017-03-10 14:10:44,002460涨停出货了
快跑要跌了、内参,"https://guba.eastmoney.com/news,300116,616006543.html",2017-03-10 14:06:16,快跑要跌了、内参
太不争气了，跟人家差了一半,"https://guba.eastmoney.com/news,300116,616005481.html",2017-03-10 14:04:39,太不争气了，跟人家差了一半
赣锋锂业涨停，天齐锂业，亿纬锂能，多氟多厚爱居上,"https://guba.eastmoney.com/news,300116,616004600.html",2017-03-10 14:03:18,坚瑞沃能确实差
300116 入股澳洲上市公司AJM19.9%已经成功，市场没发觉这个亮点啊,"https://guba.eastmoney.com/news,300116,616003186.html",2017-03-10 14:00:58,300116 入股澳洲上市公司AJM19.9%已经成功，市场没发觉这个亮点啊，尖锐我能也是有锂矿矿资源的
天齐锂业要涨停了,"https://guba.eastmoney.com/news,300116,616003051.html",2017-03-10 14:00:36,天齐锂业要涨停了
新高了,"https://guba.eastmoney.com/news,300116,615991212.html",2017-03-10 13:40:15,新高了
坚瑞看赣锋涨停！,"https://guba.eastmoney.com/news,300116,616001138.html",2017-03-10 13:57:06,坚瑞看赣锋涨停！
赣锋锂业涨停啦[大笑][大笑][大笑],"https://guba.eastmoney.com/news,300116,616000485.html",2017-03-10 13:56:27,赣锋锂业涨停啦
今天要创新高,"https://guba.eastmoney.com/news,300116,615995645.html",2017-03-10 13:47:55,今天要创新高
坚瑞沃能是涨不赢赣锋锂业，赣锋锂业要涨停的了,"https://guba.eastmoney.com/news,300116,615989648.html",2017-03-10 13:37:06,确实上涨能量不如赣锋锂业
难怪，赣锋锂业换手10%上，坚瑞沃能换手5%都不到,"https://guba.eastmoney.com/news,300116,615994360.html",2017-03-10 13:45:40,上涨动能就肯定不如赣锋锂业的了撒
坚瑞沃能汽车股份有限公司成立！恭喜恭喜啦,"https://guba.eastmoney.com/news,300116,615961323.html",2017-03-10 12:19:18,坚瑞沃能汽车股份有限公司成立！恭喜恭喜啦
这位置差不多了，测可以出了,"https://guba.eastmoney.com/news,300116,615980716.html",2017-03-10 13:20:18,这位置差不多了，测可以出了
狼来了,"https://guba.eastmoney.com/news,300116,615975815.html",2017-03-10 13:11:41,狼来了
还有新高，但也需要深蹲回调,"https://guba.eastmoney.com/news,300116,615966531.html",2017-03-10 12:41:23,还有新高，但也需要深蹲回调
好多几千手的大单=,"https://guba.eastmoney.com/news,300116,615934359.html",2017-03-10 11:10:43,有点看不明白，还有前几天天天拉高下来
快涨停快涨停，21块又追回来了，白亏几千块,"https://guba.eastmoney.com/news,300116,615967398.html",2017-03-10 12:44:46,快涨停快涨停，21块又追回来了，白亏几千块
坚瑞沃能:关于创新联盟签署战略合作协议的公告,"https://guba.eastmoney.com/news,300116,615663555.html",2017-03-09 15:49:33,"公告日期：2017-03-09
证券代码：300116 股票简称：坚瑞沃能 公告编号：2017-029

陕西坚瑞沃能股份有限公司

关于创新联盟签署战略合作协议的公告

本公司及监事会全体成员保证公告内容真实、准确和完整，没有虚假记载、误导性陈述或重大遗漏。

特别提示：

1、本次签署的《战略合作协议》属于中国沃特玛新能源汽车产业创新联盟与安徽星凯龙客车有限公司合作的意向性约定，不涉及具体的交易金额，付诸实施过程中仍存在变动的可能性，本次签署战略合作协议能否最终完成以及最终完成的时间均存在不确定性，无需提交董事会和股东大会审议。

2、本次签署《战略合作协议》不构成关联交易，也不构成《上市公司重大资产重组管理办法》规定的重大资产重组。

一、签署合作协议的基本情况

中国沃特玛新能源汽车产业创新联盟（以下简称“创新联盟”或“甲方”）是由陕西坚瑞沃能股份有限公司（以下简称“公司”）全资子公司深圳市沃特玛电池有限公司（以下简称“沃特玛”）联合电机、电控驱动系统、动力总成、充电设备、运营平台等企业、大专院校及科研机构组成的企业联盟，沃特玛作为创新联盟的理事长单位，也是创新联盟的核心成员。

创新联盟与安徽星凯龙客车有限公司（以下简称“星凯龙客车”或“乙方”）为进一步提升双方整体合作力度，建立长期的、具有建设性的战略合作伙伴关系，于近日签署《战略合作协议》，协议主要内容如下：

乙方将根据甲方及其联盟成员企业的纯电动汽车需求，在合法和乙方的经营范围之内为甲方及其联盟成员企业生产制造纯电动汽车（含零配件）；甲方及其联盟成员企业按照其与乙方签订的合同约定采购乙方生产的纯电动汽车。在合法和甲方的业务范围之内为乙方提供纯电动汽车生产技术支持。

甲方联盟成员向乙方采购的新能源汽车，其核心零部件应在符合产品公告一致性的基础上，乙方优先从甲方联盟成员单位采购（电池、电机、电控必须向甲方联盟成员单位采购），具体以技术协议为准。乙方应配合甲方电池、电机、电控等核心零部件上公告。甲方联盟成员每向乙方采购1辆纯电动汽车，乙方需向沃特玛创新联盟成员购买3组电池，按照1：3比例以此类推。2017年乙方向甲方联盟成员采购不低于450套电池及150套电机，150套电控，甲方联盟成员共需向乙方采购不低于150台纯电动客车。

二、签署协议对公司的影响

1、本次战略合作协议的签署主体为创新联盟，沃特玛作为创新联盟的核心成员，本次协议的签署将促进公司动力电池的销售，战略合作协议的实施预计为公司带来1.37亿元以上的收入，有利于公司主营业务的发展。

2、上述战略合作协议的签署对公司业务的独立性无重大影响。

三、风险提示

1、本次签署的《战略合作协议》仅为创新联盟与星凯龙客车根据合作意向，经友好协商达成的意向性约定，能否最终完成以及最终完成的时间均存在不确定性，协议约定的采购事宜尚需与公司另行签订相关合作合同，请投资者注意投资风险。

2、本协议涉及的事项尚具有不确定性，关于本协议涉及的各项后续事宜，公司将按照《公司章程》及相关法律、法规、规范性文件的规定，履行相应的审议程序和信息披露义务。

四、备查文件

创新联盟与星凯龙客车签署的《战略合作协议》

特此公告。

陕西坚瑞沃能股份有限公司董事会

二〇一七年三月九日


[点击查看PDF原文]
提示：本网不保证其真实性和客观性，一切有关该股的有效信息，以交易所的公告为准，敬请投资者注意风险。
展开阅读全文"
10送10才11元。可能吗！也得18吧！,"https://guba.eastmoney.com/news,300116,615955902.html",2017-03-10 11:58:05,10送10才11元。可能吗！也得18吧！
继续套[大笑],"https://guba.eastmoney.com/news,300116,615672749.html",2017-03-09 16:17:13,继续套
请问这个价抛掉能买回来吗？求高手指点。,"https://guba.eastmoney.com/news,300116,615944661.html",2017-03-10 11:29:02,请问这个价抛掉能买回来吗？求高手指点。
多亏没买  不创新高不买 继续20.5等,"https://guba.eastmoney.com/news,300116,615934345.html",2017-03-10 11:11:05,多亏没买 不创新高不买 继续20.5等
很缺德的走势,"https://guba.eastmoney.com/news,300116,615919844.html",2017-03-10 10:46:45,不可思议
下午还要涨，不涨停涨不停,"https://guba.eastmoney.com/news,300116,615945700.html",2017-03-10 11:31:18,下午还要涨，不涨停涨不停
今天出了。谢谢主力,"https://guba.eastmoney.com/news,300116,615941312.html",2017-03-10 11:23:05,今天出了。谢谢主力
扶不起的阿斗，等了它一年！真是够了,"https://guba.eastmoney.com/news,300116,615940876.html",2017-03-10 11:22:35,扶不起的阿斗，等了它一年！真是够了
绩优坚瑞短线修正一下乖离率，后市还看好！,"https://guba.eastmoney.com/news,300116,615496231.html",2017-03-09 10:02:50,绩优坚瑞短线修正一下乖离率，后市还看好！
不玩他了 换龙头002460 赣锋锂业,"https://guba.eastmoney.com/news,300116,615937220.html",2017-03-10 11:15:47,不玩他了 换龙头002460 赣锋锂业
我靠 刚说等就上去了 不创本周新高不买,"https://guba.eastmoney.com/news,300116,615934824.html",2017-03-10 11:11:53,我靠 刚说等就上去了 不创本周新高不买
气，被洗了出来,"https://guba.eastmoney.com/news,300116,615932789.html",2017-03-10 11:08:33,气，被洗了出来
我靠 去趟洗手间回来上去了,"https://guba.eastmoney.com/news,300116,615932075.html",2017-03-10 11:07:09,我靠 去趟洗手间回来上去了
21元挂了500股卖点来看，没想到一晃没得了,"https://guba.eastmoney.com/news,300116,615930828.html",2017-03-10 11:05:23,这主力台阴险的了
多亏昨天逢低买回 今天21.14跑了 没再次创今天新高所以跑了 等20.5买回,"https://guba.eastmoney.com/news,300116,615918825.html",2017-03-10 10:45:18,多亏昨天逢低买回 今天21.14跑了 没再次创今天新高所以跑了 等20.5买回
这么大的利好，不涨停说不过去了！,"https://guba.eastmoney.com/news,300116,615926859.html",2017-03-10 10:58:49,这么大的利好，不涨停说不过去了！
主力太弱,"https://guba.eastmoney.com/news,300116,615917974.html",2017-03-10 10:43:30,主力太弱
这是高转送和加锂电吗,"https://guba.eastmoney.com/news,300116,615915709.html",2017-03-10 10:39:13,不信这个能力
在利好信息满天飞情况下，走势如此平淡，说明什么？,"https://guba.eastmoney.com/news,300116,615913964.html",2017-03-10 10:37:03,有阴谋？
下周进去调整模式，目测周线绿4点，,"https://guba.eastmoney.com/news,300116,615882260.html",2017-03-10 09:47:59,下周进去调整模式，目测周线绿4点，
看大抛单就是机构明里唱多暗里做空吧,"https://guba.eastmoney.com/news,300116,615899248.html",2017-03-10 10:13:26,有这样的感觉
又是出货,"https://guba.eastmoney.com/news,300116,615889095.html",2017-03-10 09:58:22,又是出货
看坚瑞沃能涨跌，媒体的力量不行的,"https://guba.eastmoney.com/news,300116,615888944.html",2017-03-10 09:58:20,所以还是不能相信媒体大力唱多的
没见千手大资金抢筹，力度能量还差点,"https://guba.eastmoney.com/news,300116,615884813.html",2017-03-10 09:52:08,害的像赣锋锂业学习
事实证明昨天洗白白。,"https://guba.eastmoney.com/news,300116,615884330.html",2017-03-10 09:51:47,事实证明昨天洗白白。
又是愉快的出货日,"https://guba.eastmoney.com/news,300116,615883514.html",2017-03-10 09:49:45,简简单单出货的感觉真好
尖瑞涨停,"https://guba.eastmoney.com/news,300116,615882540.html",2017-03-10 09:48:47,尖瑞涨停
坚瑞沃能，赣锋锂业持续关注,"https://guba.eastmoney.com/news,300116,615880992.html",2017-03-10 09:46:27,坚瑞沃能，赣锋锂业持续关注
公告！很快（沃能汽车股份有限公司）牌照下来了！,"https://guba.eastmoney.com/news,300116,615859454.html",2017-03-10 08:52:28,公告！很快（沃能汽车股份有限公司）牌照下来了！
一步一台阶看上海莱士交易单，,"https://guba.eastmoney.com/news,300116,615680491.html",2017-03-09 16:39:46,一步一台阶看上海莱士交易单，
弄多新闻看好！没机构大户抢筹不涨停就是怪事！,"https://guba.eastmoney.com/news,300116,615864498.html",2017-03-10 09:10:38,实事求是的说
开始涨板行情了。散筹码就3.5千万。大牛妖蛊！,"https://guba.eastmoney.com/news,300116,615858672.html",2017-03-10 08:49:55,开始涨板行情了。散筹码就3.5千万。大牛妖蛊！
业绩这么好！上100指日可待了。快进货！,"https://guba.eastmoney.com/news,300116,615858149.html",2017-03-10 08:48:28,业绩这么好！上100指日可待了。快进货！
看来我真不适合炒股，涨了追跌了割，唉,"https://guba.eastmoney.com/news,300116,615524015.html",2017-03-09 10:46:13,看来我真不适合炒股，涨了追跌了割，唉
明天要是开盘在21元以上，是否。。。,"https://guba.eastmoney.com/news,300116,615775881.html",2017-03-09 21:47:14,庄家和大户说了算，我们小散只能看或是随机应变
连续订单合同，业绩再超预期已经是不争的事实，买！,"https://guba.eastmoney.com/news,300116,615728224.html",2017-03-09 19:15:04,明天有可能大涨或是涨停！
今天跑的，明天23买吧,"https://guba.eastmoney.com/news,300116,615226919.html",2017-03-08 14:51:17,今天跑的，明天23买吧
问一下：坚瑞业绩可佳，为什么可抵押担保证劵为0.00%,"https://guba.eastmoney.com/news,300116,615731836.html",2017-03-09 19:27:22,搞不懂
买点,"https://guba.eastmoney.com/news,300116,615636281.html",2017-03-09 14:51:17,买点
大家再看看原来我分批出300116，鱼尾我都不要的。,"https://guba.eastmoney.com/news,300116,615709675.html",2017-03-09 18:07:47,大家再看看原来我分批出300116，鱼尾我都不要的。
重仓赚了18个点   中长线波段操作   看好未来   看好翻倍      不喜,"https://guba.eastmoney.com/news,300116,615711064.html",2017-03-09 18:12:51,重仓赚了18个点 中长线波段操作 看好未来 看好翻倍 不喜欢无喷
坚瑞沃能连续重大利好，主力在不拉个涨停对不起沃特玛的,"https://guba.eastmoney.com/news,300116,615700813.html",2017-03-09 17:40:03,事实如此的说
丝毫都没有考虑到前次融资后的募资使用情况,"https://guba.eastmoney.com/news,300116,615658729.html",2017-03-09 15:37:25,但这是不是意味着20%的硬性规定就不能突破了呢？当然并非如此
垃圾庄都是按照技术指标价格操盘走势的，所以,"https://guba.eastmoney.com/news,300116,615629520.html",2017-03-09 14:40:23,所以今天不管怎么都收盘站不上20.73的
刚才判断有误，明天会整跌停了，快跑！,"https://guba.eastmoney.com/news,300116,615518040.html",2017-03-09 10:36:29,跑，，，，，，，，，
科姮要涨追查5%上或是涨停，坚瑞差的远,"https://guba.eastmoney.com/news,300116,615611356.html",2017-03-09 14:09:12,科姮即将涨停，坚瑞一看就是垃圾庄股的
科姮今天牛逼，坚瑞今天开盘就是最高价的啊！,"https://guba.eastmoney.com/news,300116,615601306.html",2017-03-09 13:51:10,是吗？
"坚瑞说我刚装老大,1,2天，你们就来砸我盘，别逼着我动手啊","https://guba.eastmoney.com/news,300116,615592498.html",2017-03-09 13:35:51,"坚瑞说我刚装老大,1,2天，你们就来砸我盘，别逼着我动手啊"
听说有人今天卖了，然后呢，静待后续,"https://guba.eastmoney.com/news,300116,615585310.html",2017-03-09 13:21:50,听说有人今天卖了，然后呢，静待后续
这主力太坏了,"https://guba.eastmoney.com/news,300116,615590535.html",2017-03-09 13:31:53,这主力太坏了
坚瑞会垃红盘，可能吗？假打！,"https://guba.eastmoney.com/news,300116,615586041.html",2017-03-09 13:23:19,如题
今天收盘感觉不会超过20.73元,"https://guba.eastmoney.com/news,300116,615577307.html",2017-03-09 13:05:20,只是估计的哈
很久没见过丰林集团涨停的了，今天会呢？,"https://guba.eastmoney.com/news,300116,615583406.html",2017-03-09 13:18:16,如题
谁借我几百个亿，我不打算把它炒上天，我自己慢慢花......,"https://guba.eastmoney.com/news,300116,615539075.html",2017-03-09 11:11:08,谁借我几百个亿，我不打算把它炒上天，我自己慢慢花......
这股到位了，再见,"https://guba.eastmoney.com/news,300116,615462515.html",2017-03-09 09:26:02,这股到位了，再见
贴吧股神，现实都是挫逼 真这么牛，还有时间和大家叽歪，闷声赚钱去啦。不就是手上有,"https://guba.eastmoney.com/news,300116,615565411.html",2017-03-09 12:18:51,"贴吧股神，现实都是挫逼
真这么牛，还有时间和大家叽歪，闷声赚钱去啦。不就是手上有个万把股把自己当股神了，就算涨跌停算上本金，也没人家0.1个点波动的资金大。
觉得好就持有，觉得不好就抛，输赢在自己
真以为一两个帖子能引导股民？傻透了"
真的到头了，牛逼,"https://guba.eastmoney.com/news,300116,615480933.html",2017-03-09 09:44:21,真的到头了，牛逼
300116与今日锂电板块领涨服002340格林美对比 格林美每股收益0.09元,"https://guba.eastmoney.com/news,300116,615550859.html",2017-03-09 11:31:32,"300116与今日锂电板块领涨服002340格林美对比
格林美每股收益0.09元，净利润2.6亿。总股本29.35亿股，流通股达23.34亿股。
2.11号增发5亿，总股本达34亿多。目前价8.3元
300116除权后每股收益0.29元，净利4.25亿（四个月）。总股本24.36亿，流通6-8亿（含上半年解禁）按当前价除权后价10.2元。
再对比其它知名度，商誊值，公积净，净资产，市场份额....
对比之下，大家吃个定心丸。"
昨天大部分追涨抛，今天部分人杀跌去买,"https://guba.eastmoney.com/news,300116,615548914.html",2017-03-09 11:27:49,不要跟那些只会追涨杀跌的亏货为伍，你就能赚钱
鲁信创投 持有山东省国际信托百分之.,"https://guba.eastmoney.com/news,300116,615546587.html",2017-03-09 11:23:21,最大白菜价黑马必*钢宏兴惊天低价低
这幺快就跌。,"https://guba.eastmoney.com/news,300116,615526230.html",2017-03-09 10:50:27,这幺快就跌。
20.60 止赢，上不去就还得下来，择机再进,"https://guba.eastmoney.com/news,300116,615526441.html",2017-03-09 10:50:25,主力真恶毒！
正常调整，慌个锤子，不到19.5不出手,"https://guba.eastmoney.com/news,300116,615492552.html",2017-03-09 09:57:46,就看主力有没有良心了
看看吧，。全部是机构大资金在抛售，拉高出货一目了然,"https://guba.eastmoney.com/news,300116,615500180.html",2017-03-09 10:08:34,正常就是跌都是中小散户抛的
谁借我几个亿，我把这货炒上天！！！,"https://guba.eastmoney.com/news,300116,615513816.html",2017-03-09 10:29:30,谁借我几个亿，我把这货炒上天！！！
跟着我买丰林集团的没有？自个看看吧,"https://guba.eastmoney.com/news,300116,615506797.html",2017-03-09 10:18:08,会上涨到15元左右的
真要大涨或是连续上涨的股，不会这样跌的，如黑豹,"https://guba.eastmoney.com/news,300116,615498351.html",2017-03-09 10:06:03,如题
果然，这波到位了，昨天必须卖,"https://guba.eastmoney.com/news,300116,615470393.html",2017-03-09 09:34:20,果然，这波到位了，昨天必须卖
价值投资的话，今日坚瑞沃能还的上涨,"https://guba.eastmoney.com/news,300116,615487345.html",2017-03-09 09:50:43,因为价值严重低估
坚瑞沃能子公司获13亿元大单,"https://guba.eastmoney.com/news,300116,615009846.html",2017-03-08 02:28:42,"来源：中国证券报 
　　坚瑞沃能3月7日晚公告称，公司全资子公司深圳沃特玛电池有限公司近日与恒天集团子公司湖北新楚风汽车股份有限公司签订合作协议，新楚风汽车2017年度拟向沃特玛电池采购约2万套动力电池，总价款超过13.48亿元。
　　坚瑞沃能称，该采购合同限定于2017年执行完毕，将对公司当年业绩产生积极影响，有助于进一步巩固沃特玛在汽车动力锂电池行业的优势地位。
　　根据双方签定协议，2017年沃特玛创新联盟和恒天集团共同组建经营团队，联合开展整车设计和纯电动物流车开发，共同向市场推广销售2万辆搭载沃特玛创新联盟成员企业电池系统的纯电动商用车，涉及金额38亿元。
　　双方还约定，沃特玛创新联盟成员企业应优先采购、使用和推广恒天集团搭载沃特玛创新联盟成员企业电池系统的纯电动商用车产品，自2017年5月起每月采购、使用和推广纯电动商用车不少于2000辆。
　　坚瑞沃能总经理、沃特玛创新联盟理事长李瑶表示，恒天集团在纯电动汽车领域的研发与制造、生态运营方面独具优势，沃特玛创新联盟经过3年多时间的纯电动公交和物流市场推广探索，先后与一汽、东风、中通客车等国内领先的大型车企展开合作，积累了丰富的技术研发与运营推广经验。恒天集团与沃特玛创新联盟的战略合作，将实现优势互补，创造新的产业增长点，拓展出更为广阔的市场。
　　“针对新能源汽车产业发展面临的电池能量密度、续航里程等问题，我们创新合作模式，建立了司机网、需求网、充电网、支付网、货物网、监控网、车联网七大网络，构建了物流车业务生态圈，推动传统物流运输模式的变革，打造绿色物流体系。此外，还打通了国内首条千公里以上电动车干线充电线路，让1000公里以上的纯电动物流车干线运输成为现实。”沃特玛创新联盟副理事长单位、深圳新沃运力汽车有限公司董事长赵乐介绍说。
（来源：中国证券报 2017-03-08 02:24） [点击查看原文]"
跌到20我继续买入,"https://guba.eastmoney.com/news,300116,615469506.html",2017-03-09 09:33:13,跌到20我继续买入
高位唱空股价下跌，跌下来唱多股价继续下跌，下跌到底继续唱空股价上涨。,"https://guba.eastmoney.com/news,300116,556024770.html",2016-09-30 12:50:21,估计这股的最低位在15元附近，见证吧。
ST黑豹才算是重组股价上涨的典范，坚瑞消防差远了,"https://guba.eastmoney.com/news,300116,615460474.html",2017-03-09 09:23:58,黑豹从去年8月开始复盘9元上涨到目前34元的了，坚瑞消防从11.5上涨到如今才20出头，非一般的垃圾重组股的
最权威的分析:合理估价32元智能网联+电动+大数据和互联网+三轮驱动新格局,"https://guba.eastmoney.com/news,300116,615439655.html",2017-03-09 07:55:42,"最权威的分析:合理估价32元智能网联+电动+大数据和互联网+三轮驱动新格局
最权威的分析:合理估价32元智能网联+电动+大数据和互联网+三轮驱动新格局

长信科技2017年业绩12.57亿 智能网联+电动+大数据和互联网+三轮驱动新格局

首先感谢最牛B方案设计者和公司.急规避了借壳本次交易构成重大资产重组,但本次交易不构成重组上市(巧妙设计股权容易通过)

更可喜的是大盘已经盘出底部.OLD和电池已经率先走强板块指数早已经超越创业板的2200点.

长信科技2017年业绩=(传统业务产能如期递增产销两旺净利润将保持50%的复合增长3.5亿*150%)5.25亿+增加6000万的减税+(2017年业绩8亿*84%)6.72亿=12.57亿 智能网联+电动+大数据和互联网+”三大业务板块彼此协同的战略布局
增发后按总股本15.7亿计算(已含5人询价定增） 每股0.8元高成长创业板同行按40倍算合理估价32元.

本次重组交易后，上市公司将与标的公司将形成“智能网联+电动”相互协 调发展的格局，共享未来汽车的电动化、智能化趋势，共同推进汽车产业转型升级。 完善业务布局，实现车载显示、车联网、新能源电池三核驱动增长 ，目前已初步形成“平板显示材料和电子 元器件、动力电池、大数据和互联网+”三大业务板块彼此协同的战略布局 

亮点1.本次交易预计向交易对方支付现金对价28.91亿元，由上市公司根据《购买 资产协议》约定分期支付，其中首期支付的16.91亿元拟通过募集配套资金解决， 利润补偿期间分期支付的12亿元拟通过自筹方式解决。拟以询价方式向不超过5名特定投资者募集不超过175,600万元配套资金.交易对方陈奇、高前文作出承诺：因本次交易所取得的上市公司股份的限售 期为36个月，

亮点2.上市公司拟通过保留比克电池持有的比克动力16%股权的方式，更好地将魏 宪菊、李向前与比克动力的长期利益绑定一致。该安排有利于比克动力长期经营 发展，更好地保护上市公司及中小股东的利益。根据《购买资产协议》，交易各方约定，本次交易完成期满1年起至本次交 易完成期满5年期间，长信科技可根据比克动力的累积承诺净利润数的完成情况 适时启动对比克动力剩余16%股权的收购.

亮点3.本次交易构成重大资产重组,但本次交易不构成重组上市(巧妙设计股权容易通过)

亮点4.产能如期递增产销两旺 深圳德普特电子的高新技术企业证书已于2016年12月30日正式领取(可以增加6000万的减税).东莞德普特是公司""中小尺寸轻型触控显示一体化项目""的主要实施主体，现已完成设备阶段性安装调试工作，达到预期设计要求，将于9月份进入量产阶段。预计东莞德普特9月份产量将达到2.5kk，10月份产量达到4.6kk,，东莞德普特2016年度出货量共计达到16kk。到2016年4季度，深圳市德普特电子有限公司和东莞市德普特电子有限公司的产能合计达到10kk/月以上。

亮点5.公司传统业务持续回暖。公司传统业务触控显示基础材料主要包括：1、ITO 导电玻璃，公司属于该领域的龙头企业；2、触控sensor，公司前期针对这部分产品的结构调整的效果逐渐显现，目前公司这部分产品供不应求，现有5 条2.5 代线，6 条3 代线，月产能18 万片，正在扩建三条生产线；3、TFT 减业务，这部分业务订单2016 年有较大的反弹，2017年有望延续这种趋势。
2、中小尺寸一体化产品销售额持续超出公司预期。由深圳和东莞德普特生产的中小尺寸一体化产品下游客户包括华为、OPPO，根据IHSTechnology 公布数据，华为和OPPO 位居2016 年智能手机出货量第一、二位。公司通过JDI 间接供货华为，直接供货OPPO，公司产品在华为部分机型中占有率超过90%。长期下游需求旺盛，未来三年归母净利润将保持50%的复合增长率.
3、参股比克动力切入国内动力锂电池。1 月5 日，比克电池发布其2016年营收业绩，在动力电池领域，装载新能源汽车超过50,000 辆，国家统计局数据显示，2016 年新增新能源汽车45.5 万辆，比克电池市场份额超过10%，而在三元动力电池领域，比克电池占据了约30%的市场份额。公司通过参股比克电池不仅可以帮助其进入动力锂电池领域，而且可以和原有车载触控显示屏形成协同效应。
公司2016-2018年营收分别为80.8亿、118.6亿、亿元，净利润分别为3.45亿、6.29亿、8.05亿，EPS分别为0.35元、0.60元.

亮点6.比克电池2016年业绩超预期的4亿达4.5亿.目前比克电池2017年业绩承诺7亿是很保守的.肯定可以达8亿多.

亮点7.云度新能源将于本年度向比克电池采购超过4000万颗电芯，涵盖H18650CIL-2.4Ah及N18650CL-2.75Ah等多个型号，装载于本次新发布的中型SUV3和小型SUV1等多款车型中。
加快车联网产业链垂直整合，协同主业齐头并进。公司参股智能后视镜企业智行畅联25%股权，成立长信智控布局大数据业务，打造公司未来车联网硬件接口。2016 年三季度参股新三板公司宏景电子，致力于打造互联智能汽车电子领域的领先方案，进一步加快公司在智能汽车电子和车联网产业链的垂直整合。

长信科技2017年业绩=(传统业务产能如期递增产销两旺净利润将保持50%的复合增长3.5亿*150%)5.25亿+增加6000万的减税+(2017年业绩8亿*84%)6.72亿=12.57亿 每股0.8元高成长创业板同行按40倍算合理估价32元
展开阅读全文"
千手买盘什么时候捡货啊，现在冒出来的都是肉啊,"https://guba.eastmoney.com/news,300116,609777709.html",2017-02-17 13:53:53,快捡啊，我小单捡了。
20块跑了,"https://guba.eastmoney.com/news,300116,614821326.html",2017-03-07 14:35:31,20块跑了
看来是真要跌了,"https://guba.eastmoney.com/news,300116,615365213.html",2017-03-08 22:11:22,看来是真要跌了
明天低开大跌基本确定,"https://guba.eastmoney.com/news,300116,615089875.html",2017-03-08 10:09:50,今天买的人无疑幸免
上市资格都保不住,"https://guba.eastmoney.com/news,300116,615348990.html",2017-03-08 21:20:04,最近召开的中央工作会议明确表示
自由活动时间，谁跑到护栏下面去了啊。,"https://guba.eastmoney.com/news,300116,615123395.html",2017-03-08 11:01:37,跑到护栏外面去的都是想不开的，老师管不了。
还是跟着我买丰林集团，站上12很稳的,"https://guba.eastmoney.com/news,300116,615130790.html",2017-03-08 11:13:44,坚瑞连21元都稳不起
东方空狗在哪∽还在关注坚瑞吗?,"https://guba.eastmoney.com/news,300116,615250571.html",2017-03-08 15:43:38,东方空狗在哪∽还在关注坚瑞吗?
300116节前节后猜想。   过会前庄家筹码不足，过会后，庄家抢筹建仓，成本颇,"https://guba.eastmoney.com/news,300116,615261584.html",2017-03-08 16:16:42,"300116节前节后猜想。 
过会前庄家筹码不足，过会后，庄家抢筹建仓，成本颇高。再往上做，空间不大，获利乃散户，所以选择打压股价会一路震荡走低，一直没有象样的回调。大家一致认为的恶庄都在每天开盘冲高时或开盘价卖出，收尾或盘中接回，自买自卖，把不稳定的散户割肉出局。庄家除对敲成本外，股票上几乎不用亏。坚定的散户在股价上亏了5-11元不等.庄家在不亏的情况下目的达到了，成功低价建仓。 12月份，1月，2.21号和2.23号，3月7号，中信建投，华创，华鑫证券等分批买入，增持，使流通筹码不断减少，户数减少，户均持股增加，筹码更集中了，基金和机构一般半一年不会轻易出局，配合年报时间节点，业绩成长等利好，逐步推升股价，站稳20元牛熊分界线后，庄家不可能也不会再象从前那样打压了，因为要从散户手中抢到筹码必须让散户获利或解套。还有不少调研过的机构在虎视眈耽。以后股价更只会涨多跌少。除权后股价10元多，2017年业绩还会超预期增长，不抢权，就必填权。番倍空间可期。
后知后觉说了这么些，捂股待涨。"
21块追的，以为会涨停,"https://guba.eastmoney.com/news,300116,615146054.html",2017-03-08 11:47:35,21块追的，以为会涨停
无量都会上涨，可能吗？,"https://guba.eastmoney.com/news,300116,615166996.html",2017-03-08 13:08:09,是假的
牛筋牛角牛骨，牛牛牛骨啊,"https://guba.eastmoney.com/news,300116,615269287.html",2017-03-08 16:41:27,牛筋牛角牛骨，牛牛牛骨啊
今天才买入，虽然有些晚，但总算是上车了，,"https://guba.eastmoney.com/news,300116,615183395.html",2017-03-08 13:38:24,今天才买入，虽然有些晚，但总算是上车了，
这么急吼吼的先出高送转紧接着出利好，莫非是要公告减持了,"https://guba.eastmoney.com/news,300116,615116916.html",2017-03-08 10:51:20,这也太心急了吧，细水长流的道理不懂吗？
早上一把，横盘到收盘。庄再吸货哦。,"https://guba.eastmoney.com/news,300116,615228242.html",2017-03-08 14:53:24,早上一把，横盘到收盘。庄再吸货哦。
牛哦股！上100的大牛大牛。快进货,"https://guba.eastmoney.com/news,300116,615225902.html",2017-03-08 14:49:21,牛哦股！上100的大牛大牛。快进货
今天不买、明天开盘价涨停！涨停,"https://guba.eastmoney.com/news,300116,615225071.html",2017-03-08 14:48:02,今天不买、明天开盘价涨停！涨停
绩优利好多多坚瑞近期成为锂电池板块龙头！,"https://guba.eastmoney.com/news,300116,615215280.html",2017-03-08 14:31:24,绩优利好多多坚瑞近期成为锂电池板块龙头！
17年的300116，大牛之一！！,"https://guba.eastmoney.com/news,300116,614654782.html",2017-03-07 08:59:06,
尖锐湿疣股喔草,"https://guba.eastmoney.com/news,300116,615200483.html",2017-03-08 14:07:46,尖锐湿疣股喔草
把火烧旺起来,"https://guba.eastmoney.com/news,300116,429838987.html",2016-06-29 14:43:43,"一人拾柴火不旺,众人拾柴火焰高。"
坚瑞沃能:关于签署采购合同的公告,"https://guba.eastmoney.com/news,300116,614925562.html",2017-03-07 19:42:44,"公告日期：2017-03-07
证券代码：300116 股票简称：坚瑞沃能 公告编号：2017-028

陕西坚瑞沃能股份有限公司

关于签署采购合同的公告

本公司及监事会全体成员保证公告内容真实、准确和完整，没有虚假记载、误导性陈述或重大遗漏。

特别提示：

本次签署的《采购合同》，在付诸实施过程中需要双方另行签订销售合同，产品的销售数量及销售时间存在不确定性，本次签署《采购合同》无需提交董事会和股东大会审议。

一、签署采购合同的基本情况

陕西坚瑞沃能股份有限公司（以下简称“公司”）全资子公司深圳市沃特玛电池有限公司（以下简称“沃特玛”或“乙方”）于近日与湖北新楚风汽车股份有限公司（以下简称“新楚风汽车”或“甲方”）本着长期合作、互惠互利的原则，经友好协商，就产品采购事宜签署《采购合同》（以下简称“合同”）。现将本次签署采购合同的主要情况公告如下：

1、合作对方基本情况

新楚风汽车成立于2007年3月，注册资金4.6亿元，新楚风汽车于2010年

6月，经中国恒天集团有限公司（以下简称“恒天集团”）和随州市政府鼎力合

作，由恒天集团旗下经纬纺织机械股份有限公司完成对其战略重组，目前新楚风汽车主要以专用车底盘和新能源底盘及整车的研发、生产和销售服务为主，产品范围涵盖了轻型、中型、重型三类专用车底盘以及新能源从0.5T-11T物流车，是一家集专用车、新能源车、底盘和整车生产资质的厂家。

新楚风汽车作为恒天集团旗下子公司，具有良好的社会信誉，资金实力较强，经营情况良好，具有较强的履约能力。

2、合同主要内容

（一）产品名称、价格、交货

产品名称 含税单价（元/台）计划供货数量（组） 交货期

甲方以供货通知单形式告知乙方

电池组总成 67,415 20,000 交货数量、交货日期，甲、乙方

共同协商确认后按确认时间交货

在合同有效期内，如因产品原材料、经济状况、法律规制发生大幅度变更、变动，或上述产品的技术规格发生变更或改进，经双方友好协商一致，可对上述价格进行调整。另双方如追加合作其他产品，商务条款以本合同为主，供货价格以双方共同协商确认的价格为准。

（二）结算方式

（1）经双方友好协商，货物验收合格后（货到7个工作日内验收完成），乙

方向甲方开具17%增值税发票，甲方挂账60天后支付乙方货款或按照双方签订

的《销售合同》的约定进行货款的支付；

（2）货款支付方式：可采用电汇、汇票 、承兑。

(三)交货

（1）乙方每月供货数量及交货日期以双方签订的《销售合同》为准，甲方下达书面“物料供货通知单”给乙方，告知乙方交货的数量及交货日期。乙方送货时必须提供“送货清单”，详细填写所供产品的图号/型号、产品名称、数量/箱数、出厂日期等，并附材质报告、产品检验报告及合格证。若未按要求履行，须按每批次10,000元向甲方承担违约金。

（2）乙方负责货物的运输安全（含各种托运），因运输造成的零部件损坏或丢失，乙方应负责退换、修复、补发并赔偿甲方因此而造成的损失。

（3）甲方收到乙方货物时，如发现错装、缺件，可要求乙方无偿更换、补齐，由此产生的一切费用由乙方承担。

（4）乙方电池组以整车5年或30万公里作为免费维修保障，以先到为准；

甲方在验收过程中发现电池存在有任何不良品时，应及时以书面形式通知乙方，乙方收到通知后，要在24小时内予以修复或更换，并达到质量要求，所需的一切费用由乙方承担。不良品乙方应在收到甲方通知书7个工作日内给予收回，逾期将收取每天1,000元/平米的场地占用费。

（5）乙方须赔偿因逾期供货而给甲方造成的直接损失，装配线停线的直接损失按2,000元/小时计，每逾期供货一日，乙方须按应供货金额的万分之五赔账甲方的损失。因供货质量问题导致迟延供货，不免除乙方的违约责任。

（6）乙方必须按甲方的“物料供货通知单”（双方协商确认）规定的时间和数量提供符合质量标准的售后服务配件，如乙方未能按规定执行，造成用户抱怨或迫使甲方采用其他……
[点击查看PDF原文]
提示：本网不保证其真实性和客观性，一切有关该股的有效信息，以交易所的公告为准，敬请投资者注意风险。
展开阅读全文"
嫌贵的来买002176，一样的题材,"https://guba.eastmoney.com/news,300116,615191303.html",2017-03-08 13:51:47,嫌贵的来买002176，一样的题材
吹坚瑞是大牛股的人，都是在忽悠或是在做梦，哈哈,"https://guba.eastmoney.com/news,300116,615124363.html",2017-03-08 11:03:23,实话
证监会出台的再融资新政对于抑制上市公司的圈钱行为,"https://guba.eastmoney.com/news,300116,615180454.html",2017-03-08 13:33:10,从再融资新政来看
下午我10亿拉涨停,"https://guba.eastmoney.com/news,300116,615165094.html",2017-03-08 13:03:32,下午我10亿拉涨停
坚瑞沃能、巨星科技、拓斯达，三只股票潜力巨大       坚瑞沃能：电动物流车发,"https://guba.eastmoney.com/news,300116,615164767.html",2017-03-08 13:02:39,"坚瑞沃能、巨星科技、拓斯达，三只股票潜力巨大
坚瑞沃能：电动物流车发展飞速。巨星科技：主营业务良好，小行业龙头，同时开发机器人业务和激光雷达，激光雷达已获海外订单。拓斯达：锂电池生产流水线的机器人业务，超小盘易爆发，市盈率远低于其它机器人概念股。"
我来分析下坚锐沃能的价格,"https://guba.eastmoney.com/news,300116,615163249.html",2017-03-08 12:57:44,"首先是最近年报公布的 主营收入 净利润同比超大幅度增加。 6.68倍 和11倍，这幅度开始看了吓了一跳。 

其次说说 收入44亿元的含金量， 根据现金流量2016年实际现金流出20多亿。报表备注是应收帐大幅度增加。 简单说就是先货后钱，钱还未收齐。

再次是商誉这个会计问题， 48亿元的商誉。 如果从每股净资产里扣除后，则净资产每股大概为 2.5元。

风险提示

短期配合高送转的公布，不排除短期冲高的可能。 按10倍市净率来算股价为25元，这个可以横向比较行业平均值。

第一季度公告公布日期在4月，密切关注应收款状况。 以及管理层后招。"
19元附近的散户，昨天今天基本洗完了！向前期高点前进！上30,"https://guba.eastmoney.com/news,300116,615161264.html",2017-03-08 12:49:36,19元附近的散户，昨天今天基本洗完了！向前期高点前进！上30
呵呵，已经变成大资金净流出的了，出货快跑！！！,"https://guba.eastmoney.com/news,300116,615127664.html",2017-03-08 11:08:58,提示
资金从拉高流进千万到目前只有130万，不是拉高出货是什么？,"https://guba.eastmoney.com/news,300116,615121425.html",2017-03-08 10:58:15,不是吗？
今晚该出澳矿了，又是大利好！,"https://guba.eastmoney.com/news,300116,615148603.html",2017-03-08 11:56:27,今晚该出澳矿了，又是大利好！
20.83再买，就一个字,"https://guba.eastmoney.com/news,300116,615129428.html",2017-03-08 11:12:17,20.83再买，就一个字
27的本割肉,"https://guba.eastmoney.com/news,300116,615142360.html",2017-03-08 11:37:04,27的本割肉
坚瑞沃能好强,"https://guba.eastmoney.com/news,300116,615083304.html",2017-03-08 09:59:39,坚瑞沃能好强
