标题,链接,发布时间,内容
垃圾不愧是垃圾！,"https://guba.eastmoney.com/news,300116,633485529.html",2017-04-25 10:26:50,垃圾不愧是垃圾！
24日，300116坚锐瑞沃能涨停！,"https://guba.eastmoney.com/news,300116,646197682.html",2017-05-24 09:59:33,24日，300116坚锐瑞沃能涨停！
傻子坐庄，能涨才怪,"https://guba.eastmoney.com/news,300116,646195378.html",2017-05-24 09:57:01,傻子坐庄，能涨才怪
散户吓跑了！好！快跑！股东数到15000户！涨到160,"https://guba.eastmoney.com/news,300116,646194894.html",2017-05-24 09:56:40,散户吓跑了！好！快跑！股东数到15000户！涨到160
要涨3年！高速增长！大牛股啊116！,"https://guba.eastmoney.com/news,300116,646193195.html",2017-05-24 09:55:18,要涨3年！高速增长！大牛股啊116！
要大涨了！新闻公共交通2020前都要换锂电公交车！,"https://guba.eastmoney.com/news,300116,646192564.html",2017-05-24 09:54:50,要大涨了！新闻公共交通2020前都要换锂电公交车！
快跑，主力资金流出了,"https://guba.eastmoney.com/news,300116,646192504.html",2017-05-24 09:52:38,快跑，主力资金流出了
地图开疆，合同开业绩，终于量变产生质变了，如期拉了，讲故事的笑了，希望故事能落地,"https://guba.eastmoney.com/news,300116,646180889.html",2017-05-24 09:44:18,地图开疆，合同开业绩，终于量变产生质变了，如期拉了，讲故事的笑了，希望故事能落地吧
新能源电池中的茅台[献花],"https://guba.eastmoney.com/news,300116,646175573.html",2017-05-24 09:36:18,新能源电池中的茅台
小利好连起来！变成大力好了！连续的合同！构建一个锂电池帝国！销售总额已超过100,"https://guba.eastmoney.com/news,300116,646175339.html",2017-05-24 09:36:17,小利好连起来！变成大力好了！连续的合同！构建一个锂电池帝国！销售总额已超过100亿人民币了！不排除后期还有大合同！！按照毛利20%算也实打实的业绩保障！！再按照纯利润10%计算！也贡献10亿以上的利润！！折合每股也有0.4元左右的收益！！在不确定的市场，持股有确定业绩的公司是最安全的，仅供参考！电池企业地面单多！说明需要碳酸锂价格会坚挺！！或者稳步前进！
短期风险太大了，,"https://guba.eastmoney.com/news,300116,632901424.html",2017-04-24 09:52:41,太吓人了，这大盘
这庄太菜了，连个一字板都不敢拉，老是指望游资来抬轿，你觉得就你聪明，那游资还害怕,"https://guba.eastmoney.com/news,300116,646169252.html",2017-05-24 09:26:25,这庄太菜了，连个一字板都不敢拉，老是指望游资来抬轿，你觉得就你聪明，那游资还害怕你趁机出货呢，这么大的一个利好，让这怂庄浪费了。
擦下来了，想的美,"https://guba.eastmoney.com/news,300116,646168749.html",2017-05-24 09:24:53,擦下来了，想的美
哦，还是假打涨停的，我说嘛这垃圾庄会怎么会涨停开盘的哦,"https://guba.eastmoney.com/news,300116,646167907.html",2017-05-24 09:22:47,如题
哎！空欢喜一场！,"https://guba.eastmoney.com/news,300116,646167718.html",2017-05-24 09:22:35,哎！空欢喜一场！
集合竞价那个2手是逗逼吗，还真二,"https://guba.eastmoney.com/news,300116,646167723.html",2017-05-24 09:22:25,集合竞价那个2手是逗逼吗，还真二
涨停开盘，不会吧！？,"https://guba.eastmoney.com/news,300116,646166255.html",2017-05-24 09:19:37,如题
不撤单能一字板,"https://guba.eastmoney.com/news,300116,646166600.html",2017-05-24 09:21:38,不撤单能一字板
9点20分后就知道真假开盘涨停的了,"https://guba.eastmoney.com/news,300116,646166845.html",2017-05-24 09:20:32,不敢相信
晕我还没上车啊。,"https://guba.eastmoney.com/news,300116,646166473.html",2017-05-24 09:18:24,晕我还没上车啊。
简直不敢相信！又出合同了！我靠明天股价跌！晚上再出个30亿合同！厉害啊！妖孽重出,"https://guba.eastmoney.com/news,300116,646165165.html",2017-05-24 09:15:31,简直不敢相信！又出合同了！我靠明天股价跌！晚上再出个30亿合同！厉害啊！妖孽重出江湖！
坚瑞沃能:关于签署销售合同的公告(2017/5/23),"https://guba.eastmoney.com/news,300116,645999349.html",2017-05-23 20:02:17,"公告日期：2017-05-23
证券代码：300116 股票简称：坚瑞沃能 公告编号：2017-063

陕西坚瑞沃能股份有限公司

关于签署销售合同的公告

本公司及监事会全体成员保证公告内容真实、准确和完整，没有虚假记载、误导性陈述或重大遗漏。

陕西坚瑞沃能股份有限公司（以下简称“公司”）全资子公司深圳市沃特玛电池有限公司（以下简称“沃特玛”或“供方”）今日与荣成华泰汽车有限公司（以下简称“华泰汽车”或“需方”）签署《销售合同》，合同金额为人民币782,724,800元，现将相关情况公告如下：

一、合同风险提示

1、合同的生效条件及履行期限

合同自双方授权代表签字并盖章后即生效，至双方权利义务履行完毕后终止。

2、合同的重大风险及重大不确定性

合同的履行存在受不可抗力影响造成的风险。

二、合同当事人介绍

1、交易对方基本情况

交易对方：荣成华泰汽车有限公司

注册资本：10080万人民币

法定代表人：杨树枝

主营业务：华泰圣达菲牌汽车，华泰特拉卡牌汽车,华泰元田牌汽车制造销售，汽车配件（不含发动机）制造、销售，进出口业务。(有效期限以许可证为准，依法须经批准的项目，经相关部门批准后方可开展经营活动)。

住所：荣成市观海中路111号

关联关系：与公司不存在关联关系

2、最近三个会计年度华泰汽车与公司未发生业务。

3、履约能力分析

华泰汽车具有良好的社会信誉，资金实力较强，经营情况良好，具有较强的履约能力。

三、合同的主要内容

1、产品名称、数量、单价

产品名称 单位 数量 含税总价（元）

电池包 套 10000 782,724,800

2、质量、验收标准及方法

（1）质量、验收标准：本合同产品应符合供需双方签字或盖章确认的《技术协议》规定，验收标准以《技术协议》为准，如双方未签订《技术协议》，质量和验收标准以供方的产品标准为准。

（2）需方在收到产品之日起七日内未向供方提出书面质量异议的，视为产品质量最终验收合格。如在前述期限内供方产品不符合验收标准，供方负责退换。

本合同产品经需方验收合格或视为验收合格后，需方不能以产品质量问题为由拒绝支付供方货款，验收合格后如出现产品问题，由供方按本合同有关产品维修条款进行处理。

3、产品交付地点、运输方式及费用：

（1）产品交付地点：天津市滨海高新区滨海科技园日新道188号

（2）运输方式及费用：普通货运，供方负担费用并负责办理产品的托运手续（仅含一次搬运费用）。

（3）供方提供之产品包装应保证经过通常运输途径运输后产品质量完好无损。

（4）需方在收到供方产品时，必须在签收前仔细确认产品外观情况，清点物料数据。如有外观损坏、物料数量不符，立即与供方发货人员或销售人员联系，沟通确认后再根据双方沟通结果给予签收。需方无正当理由拒绝收货须向供方支付本合同总货款20%的违约金；若需方无正当理由拒绝收货给供方造成的损失（包括但不限于物料费、待料费、人工费、保管产品费用、运输人员差旅费等费用）高于前述违约金的，不足部分仍应赔偿供方。

(5) 需方在签收供方产品后及时清点、查看，如确有与送货清单不符或外观

问题，必须在收到产品三天内反馈至供方，如若逾期，视为无异议，供方将不再受理此类问题（需方在清点产品时，如有供方售后人员在需方处，需方必须通知供方售后人员一起配合清点。）

(6) 产品交付需方后，产品的毁损、灭失的风险由需方承担。

4、产品交付时间：供方在本合同和技术协议签订后30工作日内发货。需方不能无故拒收货物，否则供方卸货至交付地点后即视为供方按约交付。产品毁损灭失的风险自供方卸货时转移至需方承担。

5、产品维修期：自到货之日起8年或安装本合同产品的汽车行驶路程达十二万公里止（前述时间以先到为准），产品出现质量问题供方负责免费维修。

以下五种情况产生的产品问题，不属于供方的责任，供方提供有偿维修服务：(1)需方或使用本合同约定产品的第三方未按照《产品使用说明书》规定使用……
[点击查看PDF原文]
提示：本网不保证其真实性和客观性，一切有关该股的有效信息，以交易所的公告为准，敬请投资者注意风险。
展开阅读全文"
这订单一下就快70亿了，抢钱啊,"https://guba.eastmoney.com/news,300116,646158652.html",2017-05-24 08:57:43,这订单一下就快70亿了，抢钱啊
后复权从7元多涨到现在84元，你有什么资本支持你涨了十多倍能挺住,"https://guba.eastmoney.com/news,300116,646035801.html",2017-05-23 21:28:00,后复权从7元多涨到现在84元，你有什么资本支持你涨了十多倍能挺住
看样子今天出去的人不少，明天有没有机会回来，那是大资金说了算的。 很多话不想说，,"https://guba.eastmoney.com/news,300116,646073263.html",2017-05-23 23:28:00,"看样子今天出去的人不少，明天有没有机会回来，那是大资金说了算的。
很多话不想说，但既然公司一直发订单公告支持，我也没理由不帮公司顶。最近关于锂电的调研密密麻麻，大都那沃能与国轩亿纬比毛利率，比电池技术，真没想到现在的投顾水平如此之低。锂电讲了几年的故事，前两年除了下游整车厂没炒过，上中游基本第一轮都炒过了，如果沃能只是一个电池厂，那确实已没有太多的投资价值，真正看好的是类互联网的商业模式，如今这个高竞争的快时代，好的商业模式才能有预期的想象空间。看看ofo.摩拜，一个真正能推动行业和社会进步的模式不会缺资本的关注。
同时，大家应该感谢沃能，让大家能有在二级市场发现和挖掘它的机会。如果像宁德，已经经过一级的疯狂扩张，再上市，等你能买到的时候，可能已不是价值投资，而是接飞刀了。学会感恩吧！"
妈的又出利好了，来啊。,"https://guba.eastmoney.com/news,300116,646012795.html",2017-05-23 20:31:29,妈的又出利好了，来啊。
曙光股份股权转让趋近落幕 华泰汽车将入主发力新能源。昨天公告7.8亿合同就是和华,"https://guba.eastmoney.com/news,300116,646128967.html",2017-05-24 06:38:29,曙光股份股权转让趋近落幕 华泰汽车将入主发力新能源。昨天公告7.8亿合同就是和华泰汽车签的吧！
同为15000组，为什么卖山东5.28亿，卖成都却28亿？,"https://guba.eastmoney.com/news,300116,644224467.html",2017-05-19 09:21:00,同为15000组，为什么卖山东5.28亿，卖成都却28亿？
利好又来了，明天又大跌,"https://guba.eastmoney.com/news,300116,646021568.html",2017-05-23 20:53:43,利好又来了，明天又大跌
今晚又是16亿合同！天天有合同！,"https://guba.eastmoney.com/news,300116,645852260.html",2017-05-23 15:01:19,今晚又是16亿合同！天天有合同！
中国新能源汽车产业投资机遇与趋势论坛在沪圆满召开 2017-05-23 沃特玛电,"https://guba.eastmoney.com/news,300116,646049723.html",2017-05-23 22:08:32,"中国新能源汽车产业投资机遇与趋势论坛在沪圆满召开
2017-05-23 沃特玛电池
导语
5月23日，由华创证券与中国沃特玛新能源汽车产业创新联盟共同举办的“中国新能源汽车产业投资机遇与趋势论坛”在上海举行。多位新能源汽车行业资深专家、十余家联盟上市公司董事长、百余家机构投资者齐聚一堂，共同探讨中国新能源汽车产业的发展战略和投资机遇。
联盟创新模式受热捧
在本次会议上，联盟旗下18家共同发起的上市公司首次集体亮相，包括坚瑞沃能、蓝海华腾、英威腾、赢合科技、华友钴业、上海电驱动、雪莱特、松芝股份、长园集团、华菱星马、达刚路机、赛为智能等龙头企业。
沃特玛创新联盟理事长李瑶分享创新联盟运营模式
沃特玛创新联盟理事长李瑶在会上介绍，在产业集群布局层面，目前联盟采取以省为单位，建立“6大园区 1大中心”的政企合作新模式，在每个省打造节能环保的千亿级绿色产业生态圈，促进产业结构转型升级和区域经济发展。在市场运营层面，由联盟4个运营平台公司（民富、新沃、中沃、九州众享） 1个充维服务共享平台公司（九州通充维）作为推广运营主体，协助地方政府制定新能源汽车5年推广应用计划，在未来5年，把签约城市传统汽车保有量的30%，由联盟新能源汽车进行替代。
李瑶理事长
“目前这一创新模式已得到多个省市政府积极响应，联盟已与河南安阳、江西抚州等签订合作协议。预计联盟企业订单或在去年高增长基础上继续大幅增长。”
长期跟踪研究新能源汽车产业的华创证券研究员欧子辰认为，短期看，创新联盟这些公司通过优势互补，将受益于联盟整体战略推进，为相关上市公司带来向上的业绩弹性。长期来看，创新联盟给升级服务创造真实需求，拉动行业成长，形成环节龙头。
新能源汽车产业将前低后高稳中向好
论坛上，多位行业专家和研究机构人士表示，新能源汽车产业下半年景气度将回升，近期市场调整给长线资金提供了良好建仓期。相关公司的投资逻辑将切换成业绩驱动，优质个股将脱颖而出。
论坛会现场
欧子辰在报告中表示，2017年1-5月，新能源汽车尤其是新能源商用车市场受政策变化影响，销量未看到明显向上，加速市场担忧，板块整体估值水平处于底部。不过，历史经验表明，新能源整车销量连续三年年底爆发，保持着前低后高的态势。由此预计下半年上游出货会相对平滑，下游景气度向上游靠拢。
中国化学与物理电源行业协会秘书长刘彦龙介绍，2015年中国新能源汽车销量超过33万辆。2016年新能源汽车产量达到51.7万辆，到2020年产量有望达到200万辆，累计量达到500万辆。预计2020年动力电池的市场需求达到1000亿瓦时。
他指出，在中国宏观经济进入新常态的大趋势下，锂离子电池行业的整合正在持续进行中，只有那些拥有雄厚技术积累、足够资金支撑、理性市场定位和对市场快速反应的厂商才能在未来激烈的市场竞争中占得先机，赢得市场。
北京恒天工程院智电汽车研究院院长汪先锋认为，在能源环境、科技变革、产业重构的背景下，全球汽车产业呈现低碳化、信息化、智能化三大发展趋势，具体技术体现为电动化、智能化和轻量化。特别是电动化方面，随着电池、电机、电控三大技术稳步推进，国产化进程加速。企业做好前瞻布局，既要在电动化、智能化、轻量化技术上做好布局，也要在共享、融合的新商业模式上做好布局。
2017年上半年以来，沃特玛创新联盟先后接到了来自东风、湖北新楚风、申龙客车、中通客车等车企的采购订单。2月与中通客车达成战略合作，双方预计在2017年共同向市场推广销售23000辆新能源汽车；3月与中国恒天牵手，计划2017年推广2万辆新能源车。这些合作充分表明联盟订单增速在加快，对联盟企业未来营业额将产生正面贡献。
本次论坛会的顺利召开，有助于加深资本论坛及业界对中国新能源汽车市场潜力和空间的挖掘，同时也进一步加强各界对沃特玛创新联盟的认识及肯定。未来，沃特玛创新联盟将继续整合行业资源，提升技术能力，创新发展模式，全面推动新能源汽车产业的技术创新与进步，共同描绘中国新能源汽车产业的宏伟蓝图！"
专扒裤子，也歇歇吧，你是高手，应藏而不漏,"https://guba.eastmoney.com/news,300116,634044250.html",2017-04-26 11:35:34,专扒裤子，也歇歇吧，你是高手，应藏而不漏
订单多多益善！！,"https://guba.eastmoney.com/news,300116,646032780.html",2017-05-23 21:21:38,订单多多益善！！
下午又变软蛋的了,"https://guba.eastmoney.com/news,300116,639494819.html",2017-05-09 14:08:05,下午又变软蛋的了
幸亏忍住了没买,"https://guba.eastmoney.com/news,300116,639996648.html",2017-05-10 10:47:29,幸亏忍住了没买
518是沃特玛成立15周年庆典，近期密集大单有献礼的味道,"https://guba.eastmoney.com/news,300116,646025828.html",2017-05-23 21:03:46,今天的合同标志沃特玛正式向乘用车提供动力电池，市场不好，量变累积总会质变的，至少今年业绩无需担忧了，超越去年是2倍还是3倍的区别了，坚持就是胜利！
尖锐近来欠股民几个板未兑现?,"https://guba.eastmoney.com/news,300116,646026223.html",2017-05-23 21:02:27,尖锐近来欠股民几个板未兑现?
星期一开始3个涨停板！,"https://guba.eastmoney.com/news,300116,632535425.html",2017-04-23 11:26:48,星期一开始3个涨停板！
今天不涨停妹子站街去,"https://guba.eastmoney.com/news,300116,645648804.html",2017-05-23 10:02:22,今天不涨停妹子站街去
看清楚了，说我忽悠人的。,"https://guba.eastmoney.com/news,300116,640341592.html",2017-05-10 19:36:06,看清楚了，说我忽悠人的。
暴跌了！10元上买的孙子！等套吧,"https://guba.eastmoney.com/news,300116,634514766.html",2017-04-27 10:36:56,暴跌了！10元上买的孙子！等套吧
射击之星？,"https://guba.eastmoney.com/news,300116,645932768.html",2017-05-23 17:36:02,射击之星？
欢迎明天来珠海港玩玩,"https://guba.eastmoney.com/news,300116,634323813.html",2017-04-26 21:36:21,雄安第二波起，没逮住熊头，顺便抓了个芋头
该公司并无保壳之忧,"https://guba.eastmoney.com/news,300116,632254407.html",2017-04-22 14:42:44,报告期内收入及净利润增长率等经营业绩增长情况、未来发展战略等的情况下
坚瑞消防:发行股份及支付现金购买资产并募集配套资金实施情况暨新增股份上市公告书,"https://guba.eastmoney.com/news,300116,546527380.html",2016-08-30 17:31:20,"公告日期：2016-08-31

陕西坚瑞消防股份有限公司
发行股份及支付现金购买资产
并募集配套资金实施情况
暨新增股份上市公告书
独立财务顾问
二〇一六年八月
公司声明
1、本公司及董事会全体成员保证本公告书内容的真实性、准确性、完整性，承诺本公告书不存在虚假记载、误导性陈述或者重大遗漏，并承担个别和连带的法律责任。
2、本公司财务负责人和主管会计工作的负责人、会计机构负责人保证本公告书中财务会计资料真实、完整。
3、本次交易完成后，公司经营与收益的变化，由本公司自行负责；因本次交易引致的投资风险，由投资者自行负责。
4、中国证监会、其他政府机关对本次现金及发行股份购买资产并募集配套资金所作的任何决定或意见，均不表明其对本公司股票价值或投资者收益的实质性判断或保证。任何与之相反的声明均属虚假不实陈述。
5、请全体股东及其他公众投资者认真阅读有关本次交易的全部信息披露文件，以做出谨慎的投资决策。公司将根据本次交易的进展情况，及时披露相关信息提请股东及其他投资者注意。
6、本公司提醒广大投资者注意：本公告书的目的仅为向公众提供有关本次交易的实施情况，投资者如欲了解更多信息，请仔细阅读《坚瑞消防发行股份及支付现金购买资产并募集配套资金暨关联交易报告书》全文及其他相关文件，该等文件已刊载于巨潮资讯网（www.cninfo.com.cn）。
特别提示
1、新增股份数量及价格
本次发行新增股份716,024,672股，其中向李瑶、李金林、耿德先等13名自然人股东及长园盈佳、德联恒丰、京道天枫和天瑞达发行人民币普通股463,499,420股购买相关资产，每股发行价格为人民币8.63元；向君彤基金、兴业财富、郁泰登硕、水投投资及坚瑞新能源发行人民币普通股股票252,525,252股，每股发行价格为人民币9.90元。募集配套资金总额为2,499,999,994.80元，扣除与发行有关的费用人民币47,075,471.70元（不含税），募集资金净额为人民币2,452,924,523.10元。
2、新增股份登记情况
根据《中国证券登记结算有限责任公司深圳分公司上市公司非公开发行股票登记业务指南》的有关规定，公司本次发行新增股份于2016年8月23日取得了登记结算公司出具的《股份登记申请受理确认书》。
3、新增股份上市安排
公司本次发行新增股份的股票上市已经获得深圳证券交易所批准，新增股份上市日为2016年9月2日。
根据深交所相关业务规则，公司股票价格在上市首日不除权，股票交易设涨跌幅限制。
4、新增股份限售安排
（1）发行股份购买资产交易对方的股份锁定期限
1）不参与业绩承诺的交易对方股份锁定安排
不参与业绩承诺的交易对方李金林、耿德先、刘坚、朱金玲、李飞、董丹舟、陈曦、史晓霞、蔡俊强、李细妹、钟向荣、长园盈佳、德联恒丰以及天瑞达通过本次交易获得的坚瑞消防股份自该等股份上市之日起12个月内不得转让。
不参与业绩承诺的交易对方佘静和京道天枫通过本次交易获得的坚瑞消防
股份自该等股份上市之日起36个月内不得转让。
2）参与业绩承诺的交易对方李瑶股份锁定安排
参与业绩承诺的交易对方李瑶通过本次交易获得的坚瑞消防股份自该等股份上市之日起12个月内不得转让。同时，李瑶作为本次交易业绩承诺的补偿义务人，为保证本次重组盈利预测补偿承诺的可实现性，李瑶于本次交易中所获股份自上述12个月锁定期届满后，分三期解禁完毕，具体安排如下：
① 上述12个月锁定期届满且业绩承诺期间第一年应补偿金额确定后，锁定
股份可解禁25%，于业绩承诺期间第二年应补偿金额确定后，锁定股份可再解禁30%，于业绩承诺期间第三年应补偿金额确定后，45%的剩余锁定股份可全部解禁。
在业绩承诺期各年度内，如果标的公司当年实际实现的净利润达到承诺净利润的，则补偿义务人所持坚瑞消防股份可以分批解除锁定；补偿义务人股份解除锁定的进度不得先于业绩承诺的完成进度。
② 补偿义务人解禁股份数量应扣除依据补偿义务人按《发行股份及支付现
金购买资产协议》及《发行股份及支付现金购买资产协议之补充协议》中关于“业绩承诺和补偿”及“期末减值测试与补偿”的约定应向坚瑞消防补偿金额及本次交易中坚瑞消防向沃特玛股东发行股份的价格计算得出的股份数量。扣除后当期可解禁股份数量无……
[点击查看PDF原文]
提示：本网不保证其真实性和客观性，一切有关该股的有效信息，以交易所的公告为准，敬请投资者注意风险。
展开阅读全文"
明天大盘正常应该涨    有点仙人指路的感觉,"https://guba.eastmoney.com/news,300116,645980920.html",2017-05-23 19:21:48,明天大盘正常应该涨 有点仙人指路的感觉
好公司，现在业绩好，未来前景更好，汽车跟新换代迟早要来临！,"https://guba.eastmoney.com/news,300116,634073132.html",2017-04-26 13:01:15,好公司，现在业绩好，未来前景更好，汽车跟新换代迟早要来临！
我回来了，买空头的砸盘血啊。,"https://guba.eastmoney.com/news,300116,636850155.html",2017-05-04 10:27:03,空头啊，你杀哪个啊。
卖了的就恶意唱空，可悲可叹！,"https://guba.eastmoney.com/news,300116,645684826.html",2017-05-23 10:51:31,卖了的就恶意唱空，可悲可叹！
感觉仙人指路   明天收阳,"https://guba.eastmoney.com/news,300116,638941540.html",2017-05-08 16:39:57,感觉仙人指路 明天收阳
怎么样，赣锋锂业即将涨停,"https://guba.eastmoney.com/news,300116,634129938.html",2017-04-26 14:33:14,坚瑞很垃圾的
新型经营主体已成为“三农”中的重要组成部分，但还没有形成主要的经营力量,"https://guba.eastmoney.com/news,300116,633492709.html",2017-04-25 10:37:29,新型经营主体已成为“三农”中的重要组成部分，但还没有形成主要的经营力量
如何看待上市公司扎堆卖房以及卖房保壳？目前市场是存在争议的,"https://guba.eastmoney.com/news,300116,639907209.html",2017-05-10 08:28:55,即要求这类公司提供相应的业绩预测数据、测算过程、相关指标选择及依据等
上午收盘能站在10.5左右才有点看头,"https://guba.eastmoney.com/news,300116,634015940.html",2017-04-26 10:51:07,指标说明
赣锋锂业可能要涨停,"https://guba.eastmoney.com/news,300116,634006979.html",2017-04-26 10:37:13,如题
这票就不要抱希望了，多少次了，利好都是出货时机,"https://guba.eastmoney.com/news,300116,645788361.html",2017-05-23 13:45:52,这票就不要抱希望了，多少次了，利好都是出货时机
卖了吧，填权得6月份。金钱是有时间成本的。,"https://guba.eastmoney.com/news,300116,633972155.html",2017-04-26 09:50:52,卖了吧，填权得6月份。金钱是有时间成本的。
今年9月2日要解禁的33%的股票里有李瑶持有的份额吗？,"https://guba.eastmoney.com/news,300116,645912030.html",2017-05-23 16:32:39,今年9月2日要解禁的33%的股票里有李瑶持有的份额吗？
够狠，跌破9元加杠杆补。,"https://guba.eastmoney.com/news,300116,630133198.html",2017-04-18 14:50:46,够狠，跌破9元加杠杆补。
去杠杆只去了20%,"https://guba.eastmoney.com/news,300116,633517699.html",2017-04-25 11:18:42,去杠杆只去了20%
在这方面东睦股份可算是其中的代表,"https://guba.eastmoney.com/news,300116,645913855.html",2017-05-23 16:37:48,如何将高送转与业绩匹配的问题落到实处呢？关键有两点
妈的霍建华19.52已经跑了,"https://guba.eastmoney.com/news,300116,645908516.html",2017-05-23 16:23:06,妈的霍建华19.52已经跑了
这股价走的，真想去看下你们公司的财务账本,"https://guba.eastmoney.com/news,300116,633983401.html",2017-04-26 10:05:49,不知道作为一个散户股东能否看的到，审计是我的职业，真想看下你们账本的账是怎么做的，业绩报表怎么会这么好？
无疑是明智之举,"https://guba.eastmoney.com/news,300116,645890733.html",2017-05-23 15:49:17,一是基于但由于业绩下滑
生不逄时的尖锐!,"https://guba.eastmoney.com/news,300116,645856508.html",2017-05-23 15:04:25,生不逄时的尖锐!
砸了,"https://guba.eastmoney.com/news,300116,633101466.html",2017-04-24 14:54:10,砸了
恶庄借大盘弱势强洗，老散们不吃这套！,"https://guba.eastmoney.com/news,300116,645796184.html",2017-05-23 13:54:47,恶庄借大盘弱势强洗，老散们不吃这套！
搭载沃特码电池乘用车，华泰圣达菲已过目录,"https://guba.eastmoney.com/news,300116,630215352.html",2017-04-18 17:01:55,搭载沃特码电池乘用车，华泰圣达菲已过目录
哪些人又被洗走了啊，难道是主力。,"https://guba.eastmoney.com/news,300116,645867481.html",2017-05-23 15:15:30,大盘明天看你的脸色了。
坚瑞沃能:关于签署销售合同的公告(2017/5/22),"https://guba.eastmoney.com/news,300116,645452270.html",2017-05-22 19:14:42,"公告日期：2017-05-22
证券代码：300116 股票简称：坚瑞沃能 公告编号：2017-062

陕西坚瑞沃能股份有限公司

关于签署销售合同的公告

本公司及监事会全体成员保证公告内容真实、准确和完整，没有虚假记载、误导性陈述或重大遗漏。

陕西坚瑞沃能股份有限公司（以下简称“公司”）全资子公司深圳市沃特玛电池有限公司（以下简称“沃特玛”或“供方”）今日与湖北世纪中远车辆有限公司（以下简称“世纪中远”或“需方”）签署三份《销售合同》，合同合计金额为人民币2,538,000,000元，现将相关情况公告如下：

一、合同风险提示

1、合同的生效条件及履行期限

合同自双方授权代表签字并盖章后即生效，至双方权利义务履行完毕后终止。

2、合同的重大风险及重大不确定性

合同的履行存在受不可抗力影响造成的风险。

二、合同当事人介绍

1、交易对方基本情况

交易对方：湖北世纪中远车辆有限公司

法定代表人：王涛

注册资本：5000万人民币

主营业务：改装汽车、环卫、环保专用车辆生产、销售；环保、环卫设施、环卫车厢生产、销售；新能源专用车整车（自制底盘自用）生产、销售；农业机械生产、销售；汽车零部件生产、销售；汽车、建材、钢材经营；货物进出口、技术进出口、进料加工、三来一补业务。（涉及许可经营项目，应取得相关部门许可后方可经营）

注册地：十堰经济开发区滨河东路65号

关联关系：与公司不存在关联关系

2、最近三个会计年度世纪中远与公司未发生业务。

3、履约能力分析

世纪中远具有良好的社会信誉，资金实力较强，经营情况良好，具有较强的履约能力。

三、合同的主要内容

1、货物名称、数量、单价

货物名称 单位 数量 含税总价（元）

磷酸铁锂电池组 组 41500 2,538,000,000

*公司签署的三份销售合同货物相同，因此合并列示。

2、质量、验收标准及方法

（1）质量、验收标准：供方所供货物必须符合双方签字或盖章确认的技术协议的规定，验收标准以《技术协议》为准，如双方未签订技术协议，质量和验收标准以供方的货物标准为准。

（2）需方在收到货物之日起，需方对货物外观情况进行确认，3日内未向供方提出书面品质异议的，视为验收合格。如在前述验收期限内供方产品不符合验收标准，供方负责调换。调换期间造成的停工费、物料呆滞费等由供方承担，需方提供合理的费用依据；若存在无法发现的内在问题，质保期内按质保约定进行处理，供方免费维修或更换。

（3）如需方在使用过程中由于操作不当、人为故意或其他非供方原因造成的产品品质下降或易碎标贴损毁，责任由需方自负。

3、货物交付地点、运输方式及费用：

（1）货物交付地点：湖北省十堰市茅箭区白浪街道滨河东路65号。

（2）运输方式及费用：按双方约定时间交付的普通货运，供方负担费用并负责办理产品的托运手续（仅含一次搬运费用）特殊情况的紧急发运，供方承担普通货物运费外，增加费用由需方承担。

（3）供方提供之产品包装应保证经过通常运输途径运输后产品质量完好无损。

（4）需方在收到供方货物时，必须在签收前仔细确认货物外观情况，清点物料数据。如有外观损坏、物料少数，请及时与供方发货人员或销售人员联系，沟通确认后再根据双方沟通结果给予签收。

(5) 需方在签收供方货物后及时清点、查看，如确有与送货清单不符或外观

问题，必须在收到货物三天内反馈至供方，如若逾期，视为无异议，供方将不再受理此类问题。（需方在清点货物时，如有供方售后人员在需方处，需方必须通知供方售后人员一起配合清点。）其他无法直接发现的内在问题，需方在质保期内发现后及时与供方沟通解决，属于供方责任的，供方免费予以维修。

(6) 货物交付需方后，货物的毁损、灭失的风险由需方承担。

4、货物交付时间：双方合同签订后，其中1500组产品不超过30个工作日交货；其中40000组产品，需方按40000组给供方下达采购计划，供方分批交付，分批交付的具体数量和时间按需方每月下达的实际需求订单为准……
[点击查看PDF原文]
提示：本网不保证其真实性和客观性，一切有关该股的有效信息，以交易所的公告为准，敬请投资者注意风险。
展开阅读全文"
跌停跌停！,"https://guba.eastmoney.com/news,300116,645612480.html",2017-05-23 08:56:24,"不要问哥为什么？
常在江湖飘，哪能不挨刀！
连着3个跌停，开盘就清仓，一股不留！
下周5元，倾家荡产，砸锅卖铁买入买入买入！！[不说了][不说了][不说了]"
利好不涨停、尖锐无能、成长股不举、敢死队宫刑、,"https://guba.eastmoney.com/news,300116,645833851.html",2017-05-23 14:42:13,利好不涨停、尖锐无能、成长股不举、敢死队宫刑、游资吃伟哥、庄家吃鳖精、国家队疲软、股市走熊。
这票不是新能源，是一炮shi,"https://guba.eastmoney.com/news,300116,634165482.html",2017-04-26 15:30:11,这票不是新能源，是一炮shi
典型的快速反弹持续阴跌走势，这跟基本面没关系，下半年要解禁了，都是沃特码赚了十几,"https://guba.eastmoney.com/news,300116,645800609.html",2017-05-23 14:01:08,典型的快速反弹持续阴跌走势，这跟基本面没关系，下半年要解禁了，都是沃特码赚了十几倍的原始股东，比流通盘都大的潜在抛盘，哪个主力敢做哦。
趋势要跌到8.5，才会反弹，反弹也无力，先撤为妙，熊路慢慢，不是尖锐自己的事，我,"https://guba.eastmoney.com/news,300116,639373336.html",2017-05-09 10:47:01,趋势要跌到8.5，才会反弹，反弹也无力，先撤为妙，熊路慢慢，不是尖锐自己的事，我破十的时候就清仓了，近期不进股市。这种时候休息比较靠谱。
10元龙头不敢买，还敢买啥？,"https://guba.eastmoney.com/news,300116,634109310.html",2017-04-26 14:01:51,未来新能源车的发展zf已经打名牌了。2020前行业平均复合增长过30%。动力锂电池前三，比亚迪太大，宁德时代买不到（没上市），坚瑞你不买，买啥？扣掉重组前的老股消防140亿，装入沃特玛实际才250-140=110亿。沃特玛才值110亿？白菜价还有唱空的，不明智了。
业绩还可以股价这么低想不通,"https://guba.eastmoney.com/news,300116,645797679.html",2017-05-23 13:56:38,业绩还可以股价这么低想不通
建仓完毕  可以拉升了[买入][买入][买入][买入],"https://guba.eastmoney.com/news,300116,645795546.html",2017-05-23 13:54:00,建仓完毕 可以拉升了
生不逢时啊[摊手][摊手][摊手],"https://guba.eastmoney.com/news,300116,645760633.html",2017-05-23 13:15:15,生不逢时啊
额，今天没有大单砸，还是跌啊,"https://guba.eastmoney.com/news,300116,640042854.html",2017-05-10 11:56:44,额，今天没有大单砸，还是跌啊
看清楚了,"https://guba.eastmoney.com/news,300116,640341922.html",2017-05-10 19:37:21,看清楚了
能硬点么呵呵,"https://guba.eastmoney.com/news,300116,645788633.html",2017-05-23 13:45:50,能硬点么呵呵
发现吧里弱智比较多，论者反话都听不懂。,"https://guba.eastmoney.com/news,300116,645303462.html",2017-05-22 14:26:25,持仓唱空，空仓唱多的道路都不懂。
千古跌停,"https://guba.eastmoney.com/news,300116,645759346.html",2017-05-23 13:15:19,千古跌停
关键价格还是月线10.8上,"https://guba.eastmoney.com/news,300116,634021734.html",2017-04-26 10:59:04,强势就会站在10.8上，弱势就在10.8以下的了
不会又是个过山车吧。,"https://guba.eastmoney.com/news,300116,645712486.html",2017-05-23 11:31:58,不会又是个过山车吧。
好股护不住K线就说明里面是穷庄，强庄在哪里！？,"https://guba.eastmoney.com/news,300116,640768270.html",2017-05-11 13:38:10,好股护不住K线就说明里面是穷庄，强庄在哪里！？
我若是主力，此时关门正合时！,"https://guba.eastmoney.com/news,300116,645519072.html",2017-05-22 21:56:12,"拉也好，砸也罢，涨也好，跌也罢，涨板跌停均是主力审时度势，利已害散的控盘行为。

时至此时，大盘下跌空间已有限，坚瑞吧中铁杆越来越多，持筹应是越来越大，唯有其他不明小散乐做小差尚有些小浮筹，17年已近过半，新能源产业已清淡半年有多，如今正是重拾正道之时，坚瑞大道更是先人一步，及早布局，18基地正是紧锣密鼓，60城运营计划，也已按部就班，从今往后，利好消息，更是应接不暇。

是金子终会发光，能看到亮光的机构未必只有三几家，我等虽为小散，但尚有远见，宁折股价而不丢筹码，关不关门尔等主力自便！"
何时才有板的希望? 没有板的基因?,"https://guba.eastmoney.com/news,300116,645752498.html",2017-05-23 13:02:18,"何时才有板的希望?
没有板的基因?"
合情理吗,"https://guba.eastmoney.com/news,300116,645606069.html",2017-05-23 08:31:49,查了一下，湖北世纪中远车辆有限公司年销售额2个亿，这次电池合同就25个亿，合理吗
25亿合同。估计大部分是地方保护主义。公共交通车辆。国家补贴政策。！买到就是赚到,"https://guba.eastmoney.com/news,300116,645609543.html",2017-05-23 08:46:22,25亿合同。估计大部分是地方保护主义。公共交通车辆。国家补贴政策。！买到就是赚到。大牛股再现江湖！长期持有。
2017，2018年都是100%增长以上，17元今年解套有希望吗？,"https://guba.eastmoney.com/news,300116,633467484.html",2017-04-25 09:59:16,2017，2018年都是100%增长以上，17元今年解套有希望吗？
报告:我已清仓，拉升吧！,"https://guba.eastmoney.com/news,300116,627303207.html",2017-04-11 14:52:38,报告:我已清仓，拉升吧！
周二，坚瑞沃能，上了涨幅排行榜，会被众多资金盯上，让恶庄与场外资金缠斗去，他不是,"https://guba.eastmoney.com/news,300116,645682667.html",2017-05-23 10:48:23,"周二，坚瑞沃能，上了涨幅排行榜，会被众多资金盯上，让恶庄与场外资金缠斗去，他不是喜欢砸盘么，被资金盯上的好处是：时刻有人在盘中盯坑，一见坑，就有买单垫。
还记得当初在9.50放量巨震不？那就是新资金介入的底部开始，坚瑞的底部在8.81~9.50之间，也就是说：9.50元仍属于底部。真被资金盯上了，庄不会让在自己底部拿筹码的。"
又萎了。,"https://guba.eastmoney.com/news,300116,645700871.html",2017-05-23 11:14:45,又萎了。
坚瑞沃能公司确实赚了钱了，公司前景和目前增长率不该只有这个价格,"https://guba.eastmoney.com/news,300116,645645734.html",2017-05-23 09:59:47,坚瑞沃能公司确实赚了钱了，公司前景和目前增长率不该只有这个价格
这么赚钱的公司的股票都有人砸盘，不是傻子就是瞎子！,"https://guba.eastmoney.com/news,300116,645667487.html",2017-05-23 10:26:58,坚瑞沃能巨额合同连中三元，就这个价格，新能源电车未来前景何等广阔就这死气沉沉，市场瞎子多！这么好的公司都抛盘的，不是瞎子就是弱智！
今日有望涨停！,"https://guba.eastmoney.com/news,300116,645661608.html",2017-05-23 10:18:38,再不济的电动车也是大公共a
放量不跑？等被套,"https://guba.eastmoney.com/news,300116,645688449.html",2017-05-23 10:57:03,放量不跑？等被套
8个字的炒股方法让我一生富裕。对于坚瑞目前两个字，操底，另外6个字，等鸡，逃顶，,"https://guba.eastmoney.com/news,300116,632345940.html",2017-04-22 20:36:16,8个字的炒股方法让我一生富裕。对于坚瑞目前两个字，操底，另外6个字，等鸡，逃顶，潜伏。
千亿沃能,"https://guba.eastmoney.com/news,300116,645683583.html",2017-05-23 10:49:53,千亿沃能
9.8是强阻力，拿下才能扭转颓势！,"https://guba.eastmoney.com/news,300116,645674364.html",2017-05-23 10:38:22,主力要想做多，就得先站在9.8元之上才能给技术面的大资金大户给予信心
抛压太重，拉不动，鉴定完毕！,"https://guba.eastmoney.com/news,300116,645666399.html",2017-05-23 10:26:34,抛压太重，拉不动，鉴定完毕！
我靠都不抢筹码啊！现在相当于19元！20以上套的多了去了！,"https://guba.eastmoney.com/news,300116,645665486.html",2017-05-23 10:25:38,我靠都不抢筹码啊！现在相当于19元！20以上套的多了去了！
庄家在等游资抬轿？,"https://guba.eastmoney.com/news,300116,645665721.html",2017-05-23 10:25:26,庄家在等游资抬轿？
阳痿坚瑞沃能！,"https://guba.eastmoney.com/news,300116,645619704.html",2017-05-23 09:17:20,阳痿坚瑞沃能！
涨停，快点。,"https://guba.eastmoney.com/news,300116,645663086.html",2017-05-23 10:21:47,涨停，快点。
死叉了、上不去了,"https://guba.eastmoney.com/news,300116,645658212.html",2017-05-23 10:15:39,死叉了、上不去了
今天主力资金大幅流入，不会跌了。,"https://guba.eastmoney.com/news,300116,645656925.html",2017-05-23 10:12:32,今天主力资金大幅流入，不会跌了。
妖怪在里面作怪，洗出主力好控盘。,"https://guba.eastmoney.com/news,300116,639359142.html",2017-05-09 10:30:48,妖怪每次都是撤开买拆开卖。
这么大的订单，交付周期是多久？一年还是五年内交付完毕。需要确认。,"https://guba.eastmoney.com/news,300116,645649718.html",2017-05-23 10:03:34,这么大的订单，交付周期是多久？一年还是五年内交付完毕。需要确认。
狗庄今天不吃货！散户一起吃！不给逼庄留口粮,"https://guba.eastmoney.com/news,300116,645641598.html",2017-05-23 09:53:53,狗庄今天不吃货！散户一起吃！不给逼庄留口粮
高开低走…妥妥的~,"https://guba.eastmoney.com/news,300116,645626663.html",2017-05-23 09:33:05,高开低走…妥妥的~
妈的不能硬一下么。,"https://guba.eastmoney.com/news,300116,645637330.html",2017-05-23 09:47:15,妈的不能硬一下么。
几百亿的合同是真的么。,"https://guba.eastmoney.com/news,300116,645635316.html",2017-05-23 09:45:25,几百亿的合同是真的么。
果然软了哈哈,"https://guba.eastmoney.com/news,300116,645631991.html",2017-05-23 09:41:57,果然软了哈哈
又会是高开低走吗?先跑一半吧,"https://guba.eastmoney.com/news,300116,645631330.html",2017-05-23 09:41:01,又会是高开低走吗?先跑一半吧
垃圾永远是垃圾,"https://guba.eastmoney.com/news,300116,645621149.html",2017-05-23 09:21:02,草
又是熟悉的冲高回落继续下跌,"https://guba.eastmoney.com/news,300116,645632427.html",2017-05-23 09:40:25,又是熟悉的冲高回落继续下跌
垃圾呵呵,"https://guba.eastmoney.com/news,300116,645626281.html",2017-05-23 09:30:36,垃圾呵呵
能否涨停啊，老子套牢了？,"https://guba.eastmoney.com/news,300116,645625076.html",2017-05-23 09:30:27,能否涨停啊，老子套牢了？
估计散户不多了！再恶洗一把。来个10个板板！,"https://guba.eastmoney.com/news,300116,645610886.html",2017-05-23 08:51:05,估计散户不多了！再恶洗一把。来个10个板板！
22天--77亿,"https://guba.eastmoney.com/news,300116,645616601.html",2017-05-23 09:08:05,22天之内，连签4单达77。73亿销售合同，联盟的广告效应出来了！好聪明的股东！
100亿订单了！一个涨停都没有吗？？今天挂涨停板。,"https://guba.eastmoney.com/news,300116,645610229.html",2017-05-23 08:48:44,100亿订单了！一个涨停都没有吗？？今天挂涨停板。
小股民以为要枪权，现在知道这垃圾庄家是拉高出货的了吧,"https://guba.eastmoney.com/news,300116,628678806.html",2017-04-14 11:31:08,大资金有瞬间拉高流进600多到目前净流出50万
李宗松还有筹码砸吗，缺棺材本的，不过可能他还有点，一季度跌下来他不可能不进点筹码,"https://guba.eastmoney.com/news,300116,632219850.html",2017-04-22 12:43:50,李宗松还有筹码砸吗，缺棺材本的，不过可能他还有点，一季度跌下来他不可能不进点筹码。
一出利好就跌的股票，看着吧,"https://guba.eastmoney.com/news,300116,645596784.html",2017-05-23 07:36:27,一出利好就跌的股票，看着吧
坚瑞沃能签署25.38亿元磷酸铁锂电池组销售合同,"https://guba.eastmoney.com/news,300116,645524909.html",2017-05-22 22:15:25,"来源：中国证券网 
　　坚瑞沃能22日晚间公告，公司全资子公司深圳市沃特玛电池有限公司与湖北世纪中远车辆有限公司签署三份《销售合同》，合同销售货物为磷酸铁锂电池组41500组，合同合计金额为人民币2,538,000,000元。
（来源：中国证券网 2017-05-22 22:12） [点击查看原文]"
今晚重磅消息：        汽车中长期发展规划发布：以新能源与智能网联为突破口,"https://guba.eastmoney.com/news,300116,634322671.html",2017-04-26 21:32:23,"今晚重磅消息：
汽车中长期发展规划发布：以新能源与智能网联为突破口
04-26 07:35 来源 : 21世纪经济报道
加码智能驾驶
中国目前拥有全世界最大的汽车市场，工信部等三部委公布的《汽车产业中长期发展规划》提出力争经过十年持续努力，迈入世界汽车强国行列。而不得不说，智能汽车是其中最大产业机会之一。智能驾驶在技术的突破、技术的产品化以及大众的接受程度等方面，都大幅超市场预期。各国政府也在纷纷推出相关支持政策占领这个制高点。中国也提出将以新能源汽车和智能网联汽车为突破口，引领产业转型升级，进而可能实现“弯道超车”。企业层面上，不管是科技巨头苹果、腾讯、百度，还是传统车企，在今年以来的投入都有加码的趋势。随着技术的更新迭代，智能驾驶时代正在到来。
苗圩透露，国家智能网联汽车创新中心以及汽车领域的多个省级创新中心也在紧锣密鼓的筹备当中。
工信部等三部委4月25日公布了《汽车产业中长期发展规划》(下称规划)，提出力争经过十年持续努力，迈入世界汽车强国行列。
规划提出，到2020年，中国将打造若干家世界知名汽车品牌，若干家超过1000亿规模的汽车零部件企业集团，培育形成若干家进入世界前十的新能源汽车企业，汽车后市场及服务业在价值链中的比例达到45%以上；到2025年，中国将培育若干家产销量进入世界前十强的汽车品牌企业，培育若干家进入全球前十的汽车零部件企业集团。
中国将以新能源汽车和智能网联汽车为突破口，引领产业转型升级，进而可能实现“弯道超车”。同时，汽车产业的边界正在渐趋模糊，随着汽车消费趋势、制造过程、商业模式的变革，整个汽车产业生态正在重塑之中。
2025年若干中国车企抢占前十
工信部部长苗圩表示，“力争经过十年努力，迈入世界汽车强国行列”这一总目标是规划的核心，该规划预测，2020年中国汽车产量将达到3000万辆左右，2025年将达到3500万辆左右。
苗圩表示，2016年，中国汽车产销已突破2800万辆，连续8年位居全球第一，其中中国品牌汽车超过1400万辆。然而，中国汽车产业大而不强的问题依然突出，这主要体现在关键核心技术掌握不足，产业链条存在短板，国际品牌建设滞缓等方面，也是规划需要解决的主要问题。
“中国汽车发展到今天已具有一定基础和条件：中国品牌汽车市场地位不断提高，占有半壁江山，总规模位列世界第四。建设汽车强国一直是中国汽车产业的梦想，也是规划的制高点。”中国汽车工业协会常务副会长董扬向21世纪经济报道记者表示。
工信部装备工业司一位负责人指出，核心技术、企业品牌、国际市场份额等是汽车强国的基本要素，规划对应提出了关键技术取得重大突破、中国汽车品牌全面发展、国际发展能力明显提升三个目标。
技术方面，未来十年中国将在动力系统、高效传动系统、汽车电子等方面达到国际先进水平，动力电池、驱动电机等关键核心技术将处于国际领先水平。同时，要突破车用传感器、车载芯片等先进汽车电子以及轻量化新材料、高端制造装备等产业链短板，形成从零部件到整车的完整产业体系。
规划提出的创新中心建设工程要求，到2020年，完成动力电池、智能网联汽车等汽车领域制造业创新中心建设。值得注意的是，作为《中国制造2025》五大工程之首，制造业创新中心建设的第一站就选在了动力电池领域，苗圩透露，国家智能网联汽车创新中心以及汽车领域的多个省级创新中心也在紧锣密鼓的筹备当中。
关键零部件突破工程则要求，到2020年，形成若干家超过1000亿规模的汽车零部件企业集团；到2025年，形成若干家进入全球前十的汽车零部件企业集团。
品牌方面，规划要求到2020年，打造若干世界知名汽车品牌；到2025年，若干中国品牌汽车企业产销量进入世界前十。
规划强调，支持开展国内外有序重组整合、企业并购和战略合作，支持优势企业以相互持股、战略联盟等方式强强联合，不断提升产业集中度。同时，推动产业集聚向产业集群转型升级。
“未来十年是中国品牌汽车向上走的最佳时期”，长安汽车总裁朱华荣在上述会议上称，根据其已制定的长安汽车“2025”愿景规划，到2025年，其产销量将达600万辆。
根据规划的海外发展工程，中国将在重点国家布局汽车产业园和开展国际产能合作，推动中国品牌商用车与国际工程项目“协同出海”。到2020年，中国品牌汽车实现向发达国家市场的批量出口；到2025年，中国品牌汽车国际市场占有率大幅提高，实现全球化发展布局。
私人领域新能源汽车将成下个“爆点”
规划认为，新能源汽车和智能网联汽车有望成为两大重要突破口。
所谓突破，一方面是指中国汽车产业转型升级的契机。另一方面则是抢占先机、赶超发展的一个机会：中国互联网产业在全球占有一定优势，信息通信领域的国际话语权大幅提高，北斗卫星导航系统即将实现全球组网，中国新能源汽车技术也实现大幅提升，中国有机会在这两大领域“后来居上”。
“我国在发展新能源汽车和智能网联汽车方面具备优势，在过去几十年的汽车发展历程中，这是我们所不具备的，这为我们抓住新一轮汽车技术变革的历史性机遇、实现在这两大领域的赶超奠定了基础。”中国汽车工程学会常务副理事长兼秘书长张进华向21世纪经济报道记者表示。
规划设置了新能源汽车研发和推广工程，其目标是到2020年，新能源汽车年产销达到200万辆，动力电池单体比能量达到300瓦时/公斤以上，系统比能量力争达到260瓦时/公斤、成本降至1元/瓦时以下。到2025年，新能源汽车占汽车产销20%以上，动力电池系统比能量达到350瓦时/公斤。
根据工信部的数据，中国新能源汽车2016年达到51.7万辆，连续两年产销量居世界第一，累计推广超过100万辆，占全球市场保有量50%以上。截至2016年底，动力电池单体能量密度达220瓦时/公斤、价格1.5元/瓦时，较2012年能量密度提高1.7倍、价格下降60%。
中国新能源汽车企业正在快速成长：2016年，比亚迪、吉利、北汽等企业已进入全球新能源乘用车销量前十名；宁德时代、精进电动等电池电机企业也成为全球知名的供应商。
比亚迪董事长兼总裁王传福在会议上表示，中国新能源汽车已经从产品导入期进入成长期，电动化的趋势已经不可逆转，除了公交领域，私家车极有可能成为下一个“爆发点”。
规划要求提高公共服务领域新能源汽车使用比例，扩大私人领域新能源汽车应用规模，加快充电基础设施建设，构建便利高效、适度超前的充电网络体系。
智能网联汽车或成“超车”突破口
“随着新一代信息通信、新能源、新材料等技术与汽车产业的加快融合，智能网联汽车已是大势所趋。”王传福说。
上述工信部装备司官员表示，智能网联汽车为破解巨大汽车保有量带来的能源、环境及交通等难题，构建面向未来的健康汽车社会提供了全新可能，代表未来汽车产业技术的发展方向和战略制高点。
规划设置的智能网联汽车推进工程提出，重点支持传感器、控制芯片、北斗高精度定位、车载终端、操作系统等核心技术研发及产业化；到2020年，汽车DA(驾驶辅助)、PA(部分自动驾驶)、CA(有条件自动驾驶)系统新车装配率超过50%，网联式驾驶辅助系统装配率达到10%，满足智慧交通城市建设需求。到2025年，汽车DA、PA、CA新车装配率达80%，其中PA、CA级新车装配率达25%，高度和完全自动驾驶汽车开始进入市场。
上述官员表示，智能网联汽车下一步将重点攻克环境感知、智能决策、协同控制等核心关键技术，探索制定自动驾驶汽车道路行驶的法律法规。
该官员表示，当前汽车正从交通工具转变为移动智能终端、储能单元和数字空间，个性化定制生产模式已成为重要趋势；消费需求的多元化特征日趋明显，共享出行、个性化服务成为重要方向。因而规划设置了“汽车 ”跨界融合工程，推动汽车企业向生产服务型转变。
展开阅读全文"
300116：确定这60亿合同不是越南盾或者津巴布韦币，4个交易日签三个合同金额,"https://guba.eastmoney.com/news,300116,645548660.html",2017-05-22 23:50:40,300116：确定这60亿合同不是越南盾或者津巴布韦币，4个交易日签三个合同金额尽60亿，股价倒跌4%，这是什么鬼！确定金额是人民币，不是津巴布韦币吧！
不涨主因:9月份大解禁，如果主力拉上去你跑了，到时谁给主力扛8.1亿原始股，再加,"https://guba.eastmoney.com/news,300116,645528489.html",2017-05-22 22:25:33,不涨主因:9月份大解禁，如果主力拉上去你跑了，到时谁给主力扛8.1亿原始股，再加上十送十的。请问这16.2亿股能那么容易消化吗?
一只股在当天走势涨不涨，看买卖交易就知道,"https://guba.eastmoney.com/news,300116,645540609.html",2017-05-22 23:11:47,其实很简单，盘中大盘跌它会跟着跌，而且跌幅远超大盘，大盘盘中上涨回升中，它反而不跟着回升上涨，显示买盘无力，此时大盘盘中又开始回跌时，它却又开始下跌或是创新低走势，坚瑞沃能目前近几天就是这样的走势的，主力想干什么，这样走势有什么动机，只有主力知道！
近期锂电池没随大盘下跌反而逐步上涨的或是除权没跌的是：,"https://guba.eastmoney.com/news,300116,645538981.html",2017-05-22 23:05:16,"000049德赛电池，300037新宇邦，300014亿纬锂能,002108沧州明珠，002466天齐锂业.300432富临精工.002460赣锋锂业等，坚瑞沃能不算除权前下跌的25%，除权后已经下跌了20左右的了，为此结论，坚瑞沃能虽然在转型后行业景气度搞业绩上在逐步向好，但是还没有被大机构看好，从买盘量能看目前是这样的，相反目前还有大资金在抛售，着实难以理解大资金的所为和动机的，我这人炒股多年是不追高的，基本在股价偏低位进入持有，我深信公司基本面是好的，业绩再增长的公司股票是最安全的，早迟都会合乎基本面而股价上涨的
---老股民"
谁说明天一字板啊，谁说的？你大爷的，不一字板对不起3天60亿合同。,"https://guba.eastmoney.com/news,300116,645460020.html",2017-05-22 19:34:44,谁说明天一字板啊，谁说的？你大爷的，不一字板对不起3天60亿合同。
德国率先出台法规：2030年将淘汰燃油汽车，看好中国新能源朝阳产业！,"https://guba.eastmoney.com/news,300116,638486505.html",2017-05-07 20:58:07,德国率先出台法规：2030年将淘汰燃油汽车，看好中国新能源朝阳产业！
越跌越买！！大胆地买！！,"https://guba.eastmoney.com/news,300116,645529156.html",2017-05-22 22:30:01,越跌越买！！大胆地买！！
坚瑞沃能正在步入绩优股蓝筹时代，价值低估坚决持有和买进,"https://guba.eastmoney.com/news,300116,645526599.html",2017-05-22 22:21:23,"目前不涨是暂时的，是金子会有发光的
实事求是"
这么多订单还是不涨，难道是一季报里的银行委外出逃导致下跌？？,"https://guba.eastmoney.com/news,300116,645502725.html",2017-05-22 21:05:06,这么多订单还是不涨，难道是一季报里的银行委外出逃导致下跌？？
请贵公司详细列出入选式信部批准车型的各个厂家数量。,"https://guba.eastmoney.com/news,300116,634500137.html",2017-04-27 10:19:46,沃特玛电池进入工信部批准车型总数75款。其中客车31款，专用车44款。比如：中通10款，东风多少款，
明天游资来搞一字板,"https://guba.eastmoney.com/news,300116,645491206.html",2017-05-22 20:36:18,明天游资来搞一字板
又接大单了，接着忽悠，,"https://guba.eastmoney.com/news,300116,645496466.html",2017-05-22 20:48:00,这公告不会是文员在办公室自说自话的吧，有了解情况的说一下呀，买方这家公司是真的存在吗？公告里提到的信息有几成是真？
又来了二十多亿的大订单，算算到目前为止，半年时间营收较去年整年翻倍还多。股价就是,"https://guba.eastmoney.com/news,300116,645493046.html",2017-05-22 20:42:01,又来了二十多亿的大订单，算算到目前为止，半年时间营收较去年整年翻倍还多。股价就是不涨，看不懂了。难到真是怕解禁？老实说，这么好的业绩，就算解禁也应该是走大宗，多得是机构要。要说合同造假，更不可能，现在监管这么严，上百亿的订单太引人注意了。再说造假的目的通常是为了拉高出货，这票造假为什么啊？营收造假很多公司都是在国外建立分厂，国内很难监管，营收利润都是自己说了算。在国内造假，而且就这几个大单，这几个客户，证监会打几个电话就能查出来，所以合同造假应该可以排除。股价不涨原因个人只分析出这几个原因1过几个月有解禁，加上大盘不好，机构不敢进，主力不敢拉。2公司的高成长不被认可，或者认为不可持续。3产品品质不如其它友商。4打压吸筹(通过这几天的观察，只发现打压，没看到吸筹，可能个人能力有限)。有不同观点的欢迎补充指正，纯讨论贴，水军喷子勿入。
最近几天60亿大单了   股票来6个涨停不可以啊    TMD,"https://guba.eastmoney.com/news,300116,645465820.html",2017-05-22 19:47:59,最近几天60亿大单了 股票来6个涨停不可以啊 TMD
这公司财报不会真有问题吧？怎么跌的一点抵抗都没有,"https://guba.eastmoney.com/news,300116,645317843.html",2017-05-22 14:45:31,你们有谁了解这家公司，我也是看财报进来的，一直没动过呀，大伙有谁了解这家公司的说下呀！多谢了
沃特玛就玩虛的，内部一片混乱,"https://guba.eastmoney.com/news,300116,640580726.html",2017-05-11 09:50:05,沃特玛就玩虛的，内部一片混乱
中国新能源汽车产业高峰论坛4月18日将在郴开幕   郴州新闻网 7小时前 沃特玛,"https://guba.eastmoney.com/news,300116,629672859.html",2017-04-17 16:48:10,"中国新能源汽车产业高峰论坛4月18日将在郴开幕

郴州新闻网
7小时前
沃特玛工业园生产车间一角。
郴州新闻网4月17日讯（记者 何一航）4月18日，中国新能源汽车产业高峰论坛将在我市开幕。数十名权威专家及数百名嘉宾客商将齐聚郴州，共话新能源产业发展。与此同时，我市目前规模最大的新能源汽车产业园——沃特玛工业园也将于当天正式投入运行。
高峰论坛以“绿色交通、一脉湘郴”为主题，将持续到4月19日，包括开幕式、沃特玛工业园投产仪式、新能源汽车产业展、高峰论坛、招商推介会等系列活动。
4月14日，记者走访了位于苏仙区五里牌镇苏仙工业集中区的沃特玛工业园。记者看到，工业园里首家企业——沃特玛电池公司已经全面投入试生产。
“目前一线有100多名员工，配档、点焊、包膜、锁模、组装、测试、打包入库等6个工序的全部机器已经到位，试生产一切顺利。”沃特玛电池公司经理助理邓芳平说。
“我们生产线自动化程度非常高，生产过程基本由机器自动完成。”沃特玛电池公司点焊组生产组长邓涛说。
来自深圳翔讯通讯公司的计算机工程师李汉国在车间里席地而坐，对车间监控系统进行最后调试。“车间里共有18个监控终端，对每条生产线进行全生产周期的智能监测，并实时提示每天的产品不良率，以便及时调整。”李汉国介绍。
沃特玛电池公司现日产电池10万枚，销售火爆、供不应求。“我们生产设备还处于调试期，没有全开马力。”沃特玛电池公司技术经理杨敏说，“我们将加快进度，争取尽快实现日产60万枚的达产产能。”
“非常欢迎高峰论坛的嘉宾们来我厂参观。”杨敏告诉记者，“这是我们展示自我的好机会。”
记者还从中国新能源汽车产业高峰论坛会务组了解到，本届论坛活动组织、会务安排等筹备工作已全部就绪。“业内权威专家将如期而至，沃特玛新能源汽车产业创新联盟400多个成员企业的负责人也将来到郴州，参加相关活动、进行商务考察。”会务组一位负责人介绍，“论坛期间，沃特玛创新联盟的多家配套企业还将与我市苏仙工业集中区签订入园协议，进驻郴州。”
链接：
中国新能源汽车产业高峰论坛精彩活动一览
4月18日（星期二）
8:30：2017中国新能源汽车产业高峰论坛开幕式
10:18：沃特玛工业园投产仪式
15:00：2017中国新能源汽车产业高峰论坛
4月19日（星期三）
8:30：2017年郴州市新能源产业招商推介会
4月18日至19日
郴州国际会展中心新能源汽车产业展（全天）
运营人员： 唐骏 MX002"
你爷爷挂了1000手10买,"https://guba.eastmoney.com/news,300116,634471304.html",2017-04-27 09:48:18,你爷爷挂了1000手10买
股市冰火两重天，绩优股大幅上涨，垃圾股连绵阴跌！美的，格力，康美，茅台纷纷创出历,"https://guba.eastmoney.com/news,300116,645328028.html",2017-05-22 14:57:48,股市冰火两重天，绩优股大幅上涨，垃圾股连绵阴跌！美的，格力，康美，茅台纷纷创出历史新高！
超大单卖出的多，看来是要换庄家了。,"https://guba.eastmoney.com/news,300116,637499117.html",2017-05-05 13:55:19,超大单卖出的多，看来是要换庄家了。
[图片],"https://guba.eastmoney.com/news,300116,645468581.html",2017-05-22 19:51:54,[图片]
没个股票吧里都能看见恶心的狗托,"https://guba.eastmoney.com/news,300116,640327544.html",2017-05-10 19:04:04,没个股票吧里都能看见恶心的狗托
耐心持有静心观望,"https://guba.eastmoney.com/news,300116,633980132.html",2017-04-26 10:02:15,耐心持有静心观望
我太了解这个公司了，所以被套了。,"https://guba.eastmoney.com/news,300116,645426653.html",2017-05-22 18:09:51,我太了解这个公司了，所以被套了。
收盘10元,"https://guba.eastmoney.com/news,300116,634137803.html",2017-04-26 14:45:36,收盘10元
今天收盘9.89元,"https://guba.eastmoney.com/news,300116,633995265.html",2017-04-26 10:22:30,今天收盘9.89元
300116：跌吧！看见他下跌我真的感觉又是捡钱的机会！,"https://guba.eastmoney.com/news,300116,645168605.html",2017-05-22 10:34:45,300116：跌吧！看见他下跌我真的感觉又是捡钱的机会！
300116：一年10几个亿净利，200亿多一点市值，怕球啊！越跌越买！,"https://guba.eastmoney.com/news,300116,645167161.html",2017-05-22 10:32:50,300116：一年10几个亿净利，200亿多一点市值，怕球啊！越跌越买！
除权后17年动态市盈率27倍左右,"https://guba.eastmoney.com/news,300116,629360930.html",2017-04-16 23:39:50,在创业板中市盈率应属较低的。且机构预测，18年还会有较大的业绩增长，市盈率将低于20.
如此高的业绩，必然暗藏非常高的风险隐患，理性看待，不要被表面业绩所迷惑,"https://guba.eastmoney.com/news,300116,634138792.html",2017-04-26 14:46:02,如此高的业绩，必然暗藏非常高的风险隐患，理性看待，不要被表面业绩所迷惑
新型经营主体已成为“三农”中的重要组成部分，但还没有形成主要的经营力量 大盘都已,"https://guba.eastmoney.com/news,300116,634522983.html",2017-04-27 10:45:03,"新型经营主体已成为“三农”中的重要组成部分，但还没有形成主要的经营力量
大盘都已跌成这样，一只票还能连续3天利好，加上今天高点跑出也是受益20多个点，真是跟着魏哥吃喝不愁啊"
