标题,链接,发布时间,内容
雷氏精投—给出估值在2.1元可以满仓参与！,"https://guba.eastmoney.com/news,300198,776389672.html",2018-08-03 10:52:45,雷氏精投—给出估值在2.1元可以满仓参与！
两天了，这么大的卖单挂在那里，却没有多少成交量，应该说这些挂单中散户们不多，也没,"https://guba.eastmoney.com/news,300198,776376360.html",2018-08-03 10:31:35,两天了，这么大的卖单挂在那里，却没有多少成交量，应该说这些挂单中散户们不多，也没耐心这么挂，这说明什么？虽然重组没成，但纳川在这事件中还是赚了大钱的，在一定程度上讲还应该是利好。可是发盘就被这样无量狂砸，两天了散户们没能逃出一股，全部被锁在里面缩水20%，而且还将继续没完没了地持续下跌。谁在这样的价位上出逃都是没钱赚的，为什么却有这么大的卖单压盘狠砸，究竟是谁在这么干，大家说说，有没有纳川的家贼在兴风作浪...
巨单跌停板上压盘的真相,"https://guba.eastmoney.com/news,300198,776407511.html",2018-08-03 11:32:21,就是不让出货，明明是上亿的收入利好再加增持利好，为何不让出货？明显有人想要陈老板平仓，巧夺控股权，那么问题来了，为什么大股东不报案？
为什么深交所不进行问询，复牌前几天还在说在推进重组，怎么没过几天就来了一个几万度,"https://guba.eastmoney.com/news,300198,776432869.html",2018-08-03 13:39:36,为什么深交所不进行问询，复牌前几天还在说在推进重组，怎么没过几天就来了一个几万度的大转变，把股份卖了，停牌这么久的目的其实是批着重组的外衣行密谋卖股份之实，这不是典型的欺诈吗?小散的巨大损失谁来承担，难道就没机构来管管，任由大股东忽悠?
"信誉尽毁遭报应,票子成垃圾,为何,&quot;成“垃圾?一文不值,,,","https://guba.eastmoney.com/news,300198,776423709.html",2018-08-03 13:12:36,"信誉尽毁遭报应,票子成垃圾,为何,""成“垃圾?一文不值,,,"
陈老板的增持是远水解不了近渴 最早也得等到中报披露之后,"https://guba.eastmoney.com/news,300198,776063752.html",2018-08-02 08:33:14,"陈老板的增持是远水解不了近渴
最早也得等到中报披露之后"
停牌当天跌停    说明了什么,"https://guba.eastmoney.com/news,300198,776417096.html",2018-08-03 12:32:07,停牌当天跌停 说明了什么
虚！！！！拟增持！5000-10000/万！少写了一个字,"https://guba.eastmoney.com/news,300198,776413226.html",2018-08-03 12:02:06,虚！！！！拟增持！5000-10000/万！少写了一个字
200多万的封单有几个跌停,"https://guba.eastmoney.com/news,300198,776282942.html",2018-08-02 19:25:43,.........
纳川股份三元见,"https://guba.eastmoney.com/news,300198,776410014.html",2018-08-03 11:43:12,纳川股份三元见
137w怨气，大家好好忍受吧，停牌也到极线，那怨气跌停也要到极致……………,"https://guba.eastmoney.com/news,300198,776400586.html",2018-08-03 11:14:00,137w怨气，大家好好忍受吧，停牌也到极线，那怨气跌停也要到极致……………
大家计算一下陈老板质押平仓价格是多少？齐心协力把价格打破！争取更换第一大股东！,"https://guba.eastmoney.com/news,300198,776404658.html",2018-08-03 11:24:02,大家计算一下陈老板质押平仓价格是多少？齐心协力把价格打破！争取更换第一大股东！
致少要跌到3.5元，不然真不解气……………,"https://guba.eastmoney.com/news,300198,776406113.html",2018-08-03 11:28:03,致少要跌到3.5元，不然真不解气……………
老陈你说的增持呢！！！圈钱俱乐部一员！维信上有中央督察组举报电话！下午我给大家发,"https://guba.eastmoney.com/news,300198,776386830.html",2018-08-03 10:47:49,老陈你说的增持呢！！！圈钱俱乐部一员！维信上有中央督察组举报电话！下午我给大家发出来！集体举报
纳川复牌没有踩到个好时机，如果时机好会好很多，今天行情太差了，大盘和创业板走势都不好,"https://guba.eastmoney.com/news,300198,776109339.html",2018-08-02 10:16:53,纳川复牌没有踩到个好时机，如果时机好会好很多，今天行情太差了，大盘和创业板走势都不好
这就是大股东坑害股民的报应，坚决上大股爆仓,"https://guba.eastmoney.com/news,300198,776397254.html",2018-08-03 11:06:53,这就是大股东坑害股民的报应，坚决上大股爆仓
记住2元！,"https://guba.eastmoney.com/news,300198,776390403.html",2018-08-03 10:54:13,记住2元！
散户别挂单了，挂了也卖不掉啊，集体扯单才是,"https://guba.eastmoney.com/news,300198,776390191.html",2018-08-03 10:53:48,散户别挂单了，挂了也卖不掉啊，集体扯单才是
要破产就早点说，让我们有个心理准备,"https://guba.eastmoney.com/news,300198,776388570.html",2018-08-03 10:50:37,要破产就早点说，让我们有个心理准备
陈志江，你坑害散户，你太坏了，这是你仇家在让你爆仓呢！,"https://guba.eastmoney.com/news,300198,776359869.html",2018-08-03 10:03:43,陈志江，你坑害散户，你太坏了，这是你仇家在让你爆仓呢！
拿着吧，股价不久就会反转上去的,"https://guba.eastmoney.com/news,300198,776385001.html",2018-08-03 10:44:27,拿着吧，股价不久就会反转上去的
按兵不动，找准时机再说,"https://guba.eastmoney.com/news,300198,776372800.html",2018-08-03 10:26:01,按兵不动，找准时机再说
不涨不撒手，和纳川共进退！,"https://guba.eastmoney.com/news,300198,776196773.html",2018-08-02 13:31:59,不涨不撒手，和纳川共进退！
年初A股市场跌这么惨，纳川复牌补跌也正常,"https://guba.eastmoney.com/news,300198,776382019.html",2018-08-03 10:39:59,年初A股市场跌这么惨，纳川复牌补跌也正常
盈科资本入股惠州亿鹏，纳川肯定要跟着受益的啊，明天起涨,"https://guba.eastmoney.com/news,300198,776207269.html",2018-08-02 13:49:14,盈科资本入股惠州亿鹏，纳川肯定要跟着受益的啊，明天起涨
上有中央督察组举报电话！等下午我给大家截图！大家一定要集体举报,"https://guba.eastmoney.com/news,300198,776372847.html",2018-08-03 10:26:03,上有中央督察组举报电话！等下午我给大家截图！大家一定要集体举报
其实结合前段时间大盘下杀来看，纳川已经好太多了，现在补跌也正常,"https://guba.eastmoney.com/news,300198,776110779.html",2018-08-02 10:18:58,其实结合前段时间大盘下杀来看，纳川已经好太多了，现在补跌也正常
让它震荡吧，我要拿到股价涨上去,"https://guba.eastmoney.com/news,300198,776116335.html",2018-08-02 10:27:07,让它震荡吧，我要拿到股价涨上去
"十个跌停退市,鼓掌","https://guba.eastmoney.com/news,300198,776357613.html",2018-08-03 09:59:39,
纳川股份懂秘罗靖惠州艺鹏法定代表人，那他们之间关系是关联关系？,"https://guba.eastmoney.com/news,300198,776324656.html",2018-08-03 05:58:39,纳川股份懂秘罗靖惠州艺鹏法定代表人，那他们之间关系是关联关系？
没事，还有个老兄弟惠州亿鹏，快充锂离子动力电池是在国际主流的锰酸锂电池技术的基础上研发的高性能锂离子电池。,"https://guba.eastmoney.com/news,300198,775520575.html",2018-07-30 14:42:28,没事，还有个老兄弟惠州亿鹏，快充锂离子动力电池是在国际主流的锰酸锂电池技术的基础上研发的高性能锂离子电池。
跌死去，最好跌成一毛钱含税……………………………纳妹,"https://guba.eastmoney.com/news,300198,776345917.html",2018-08-03 09:38:46,跌死去，最好跌成一毛钱含税……………………………纳妹
mmp这吧托真多，这么看好自己悄悄发财呗,"https://guba.eastmoney.com/news,300198,776342143.html",2018-08-03 09:29:28,mmp这吧托真多，这么看好自己悄悄发财呗
圈钱俱乐部一员,"https://guba.eastmoney.com/news,300198,776365092.html",2018-08-03 10:12:50,圈钱俱乐部一员
回头来看，这个公司是一个玩套路且极端稀烂公司，在停牌前一天的大跌就己说明主力事先,"https://guba.eastmoney.com/news,300198,776334385.html",2018-08-03 08:40:13,回头来看，这个公司是一个玩套路且极端稀烂公司，在停牌前一天的大跌就己说明主力事先知道重组方案是不会成功的而抛售筹码。
唉！估计要到四元,"https://guba.eastmoney.com/news,300198,776339076.html",2018-08-03 09:19:42,唉！估计要到四元
真要爆仓啊[胜利],"https://guba.eastmoney.com/news,300198,776338228.html",2018-08-03 09:16:23,真要爆仓啊
公告：300198于8月2日异动跌停，8月3号起停牌核查,"https://guba.eastmoney.com/news,300198,776248746.html",2018-08-02 15:38:44,呼吁深交所。300198停牌半年异动跌停，应特停核查
我说必须跌到2.5元附近有人信吗？！立贴为证，以上接盘者亡……,"https://guba.eastmoney.com/news,300198,776327351.html",2018-08-03 07:11:30,我说必须跌到2.5元附近有人信吗？！立贴为证，以上接盘者亡……
不要异想天开了，什么惠州亿鹏，到时自淫到无法自拔，要是有能力收购万科也是一两天就,"https://guba.eastmoney.com/news,300198,776322745.html",2018-08-03 04:56:31,不要异想天开了，什么惠州亿鹏，到时自淫到无法自拔，要是有能力收购万科也是一两天就办好的事………………
福建公司多忽悠。个人公司更不能买,"https://guba.eastmoney.com/news,300198,776318102.html",2018-08-03 01:58:23,福建公司多忽悠。个人公司更不能买
人气股炸板透惊天异象 震荡市一类股成奇兵,"https://guba.eastmoney.com/news,300198,776315494.html",2018-08-03 01:03:38,人气股炸板透惊天异象 震荡市一类股成奇兵
停了半年了，是这结果无语,"https://guba.eastmoney.com/news,300198,776308065.html",2018-08-02 23:06:41,停了半年了，是这结果无语
5个板爆仓,"https://guba.eastmoney.com/news,300198,776303700.html",2018-08-02 22:18:21,5个板爆仓，增持1亿远远不够。
矢志不移，有所取舍，很正常。,"https://guba.eastmoney.com/news,300198,775525723.html",2018-07-30 14:53:36,矢志不移，有所取舍，很正常。
老板这招，也许才是非常明智的选择,"https://guba.eastmoney.com/news,300198,775523598.html",2018-07-30 14:48:55,老板这招声东击西和明修栈道、暗渡陈仓之举，也许才是非常明智的选择。陈老板一个月前以新能源企业当家人身份在深圳新能源电池专业会上的发言，对自己公司的新能源概念是胸有成竹的，但他并没指明就是星恒，而在这期间纳川的并购重组方案与现在的结局肯定已经是明确了的，他是有的放矢。
踏踏实实做企业，这样的公司值得信赖！,"https://guba.eastmoney.com/news,300198,776194541.html",2018-08-02 13:28:20,踏踏实实做企业，这样的公司值得信赖！
庄家拿不到筹码都是大单在卖，没有小单无量，庄家你傻啊，停牌前被套牢了，谁会跌停割,"https://guba.eastmoney.com/news,300198,776267524.html",2018-08-02 17:17:49,庄家拿不到筹码都是大单在卖，没有小单无量，庄家你傻啊，停牌前被套牢了，谁会跌停割肉，你不把停牌头一天被套的放出来谁会给你筹码，股价就那么多，你不拉升不卖，你打压大不了一起死，等你爆仓。谁怕谁。
明天开板,"https://guba.eastmoney.com/news,300198,776301165.html",2018-08-02 21:52:36,明天开板
增持！还拟！？？买股票一不过山海关！二不买福建的股票！,"https://guba.eastmoney.com/news,300198,776287701.html",2018-08-02 20:07:14,增持！还拟！？？买股票一不过山海关！二不买福建的股票！
总之套路还是套路，只是你们爱不爱听,"https://guba.eastmoney.com/news,300198,776278586.html",2018-08-02 18:47:02,总之套路还是套路，只是你们爱不爱听
为什么明天一定跌停？大股承诺增持，增收利润1.5个亿。,"https://guba.eastmoney.com/news,300198,776033819.html",2018-08-01 23:09:16,为什么明天一定跌停？大股承诺增持，增收利润1.5个亿..甩掉包袱是个最好的结局！停盘指数与现在相差无几。请大家不要过度悲观！！
完蛋！！！至少还要3个跌停板，好爽！！！,"https://guba.eastmoney.com/news,300198,776249446.html",2018-08-02 15:42:20,完蛋！！！至少还要3个跌停板，好爽！！！
三到五个跌停！,"https://guba.eastmoney.com/news,300198,776267827.html",2018-08-02 17:20:28,三到五个跌停！
今天成交量很小，老陈没有增持,"https://guba.eastmoney.com/news,300198,776260252.html",2018-08-02 16:37:58,看来他的心理价位还没到，反正有货的也卖不出去，不如筹点钱，等合适时机补仓吧。
老陈今天增持了！请公布一下,"https://guba.eastmoney.com/news,300198,776266424.html",2018-08-02 17:09:43,老陈今天增持了！请公布一下
玩人者必被玩,"https://guba.eastmoney.com/news,300198,776266242.html",2018-08-02 17:08:12,玩人者必被玩
开盘吧    要放暑假了   等钱去旅游呢。。。。,"https://guba.eastmoney.com/news,300198,771929511.html",2018-07-10 15:09:25,开盘吧 要放暑假了 等钱去旅游呢。。。。
明天是涨停板,"https://guba.eastmoney.com/news,300198,776256709.html",2018-08-02 16:20:47,明天是涨停板
大家收到分红了吗？我看连一毛含税钱自己都拿不出来发，是否等万通拨款才有钱？？？,"https://guba.eastmoney.com/news,300198,776250937.html",2018-08-02 15:50:59,大家收到分红了吗？我看连一毛含税钱自己都拿不出来发，是否等万通拨款才有钱？？？
都停牌半年了，tm 一定要今天复牌，做死啊！,"https://guba.eastmoney.com/news,300198,776249341.html",2018-08-02 15:41:39,都停牌半年了，tm 一定要今天复牌，做死啊！
纳川股份:关于公司股票复牌的公告,"https://guba.eastmoney.com/news,300198,776008498.html",2018-08-01 19:31:57,"公告日期：2018-08-02

关于公司股票复牌的公告
证券代码：300198 证券简称：纳川股份 公告编号：2018-124
福建纳川管材科技股份有限公司

关于公司股票复牌的公告

本公司及董事会全体成员保证信息披露内容的真实、准确和完整，没有虚假记载、误导性陈述或重大遗漏。

特别提示：

1、公司股票（股票简称：纳川股份，股票代码：300198）将于2018年8月2日（星期四）开市起复牌。

福建纳川管材科技股份有限公司（以下简称“公司”）因在筹划可能对公司股票交易价格产生影响的重大事项已于2018年2月2日（星期五）开始起停牌，由于该事项为关联交易，且过于重大和复杂，并需要市场第三方进行评估，短期内无法完成,公司原预计2018年2月23日复牌，但因筹划收购其他资产（星恒电源股份有限公司）构成重大资产重组，公司申请于2018年2月23日开市起继续停牌，详情见公司同日披露的《关于重大资产重组事项停牌公告》（公告编号：2018-035）。2018年3月3日披露了《关于重大资产重组进展暨延期复牌的公告》（公告编号：2018-040），2018年3月9日、3月16日、3月23日披露了《关于重大资产重组事项进展的公告》（公告编号：2018-041、2018-042、2018-044）。
公司于2018年3月28日召开了第四届董事会第二次会议，审议通过了《关于重大资产重组进展暨延期复牌的议案》。经公司向深圳证券交易所申请，公司股票继续停牌，并于2018年3月30日披露了《关于重大资产重组进展暨延期复牌的公告》（公告编号：2018-046）。以上具体内容详见公司刊登在中国证监会指定的创业板信息披露网上的相关公告。

2018年4月10日，公司披露了《关于重大资产重组事项进展的公告》（公告编号：2018-049）。

公司于2018年4月10日召开了第四届董事会第三次会议，审议通过了《关于重大资产重组停牌期届满申请延期复牌的议案》，2018年4月11日披露了《关于变更独立财务顾问的公告》（公告编号：2018-052），公司已与华泰联合证券有福建纳川管材科技股份有限公司


关于公司股票复牌的公告
限责任公司（以下简称“华泰联合证券”）签订财务顾问协议，聘请华泰联合证券作为本次重大资产重组的独立财务顾问继续推进相关工作。2018年4月17日、4月24日、5月3日、5月10日、5月17日、5月24日、5月31日、6月7日、6月14日、6月21日、6月28日、7月5日、7月12日、7月19日、7月26日公司披露了《关于重大资产重组事项进展的公告》（公告编号：2018-055、2018-057、2018-097、2018-098、2018-102、2018-103、2018-105、2018-108、2018-110、2018-111、2018-112、2018-114、2018-117、2018-119、2018-120）。2018年4月27日公司召开2018年第二次临时股东大会审议《关于重大资产重组停牌期届满申请延期复牌的议案》，并披露了《关于重大资产重组停牌期满申请延期复牌的公告》（公告编号：2018-094）。停牌期间，公司根据相关法律法规的规定每五个交易日发布一次重大资产重组事项进展公告，及时履行相关信息披露义务，并向投资者提示本次重大资产重组事项的相关风险。

2018年7月30日，公司披露了《关于终止重大资产重组事项的公告》（公告编号：2018-121）、《关于公司参股基金出售星恒电源股份有限公司股权的公告》（公告编号：2018-122）。根据《上市公司重大资产重组管理办法》、《创业板信息披露业务备忘录第13号：重大资产重组相关事项》、《创业板信息披露业务备忘录第22号：上市公司停复牌业务》等相关法律法规规定，本公司承诺：自本次终止重大资产重组的公告发布之日起至少2个月内不再筹划重大资产重组事项。

根据《深圳证券交易所创业板股票上市规则》、《创业板信息披露业务备忘录第22号：上市公司停复牌业务》等相关法律法规规定，经公司向深圳证券交易所申请，公司股票将于2018年8月2日（星期四）上午开市起复牌，公司对本次停牌给广大投资者带来的不便深表歉意。

特此公告！

……
[点击查看PDF原文]
提示：本网不保证其真实性和客观性，一切有关该股的有效信息，以交易所的公告为准，敬请投资者注意风险。
展开阅读全文"
股市谚语！买股北不过山海关！南不买福建,"https://guba.eastmoney.com/news,300198,776246682.html",2018-08-02 15:28:21,股市谚语！买股北不过山海关！南不买福建
行业整体向上，新能源汽车景气度高,"https://guba.eastmoney.com/news,300198,775240365.html",2018-07-27 15:48:54,截止18年7月15日，电力设备行业已有107家上市公司披露18年半年报业绩预告，其中：55家业绩预增，占比51.4%。从细分板块相关公司看，电动车板块42家发布业绩预告的企业中，17家预增；新能源板块业绩预告的19企业中，13家预增。
大股东都增持了，有利于股价的稳定,"https://guba.eastmoney.com/news,300198,776118417.html",2018-08-02 10:30:24,大股东都增持了，有利于股价的稳定
继续做大做强新能源汽车产业，支持纳川！,"https://guba.eastmoney.com/news,300198,776023992.html",2018-08-01 21:52:45,纳川将加快在新能源汽车领域的升级转型，加强现有动力总成技术的研发，继续保持在市场的核心竞争优势，促进公司经营的可持续发展，支持！
纳川转型新能源无疑是选择了一条非常正确的道路,"https://guba.eastmoney.com/news,300198,774002891.html",2018-07-20 13:21:20,纳川转型新能源无疑是选择了一条非常正确的道路
骗子公司,"https://guba.eastmoney.com/news,300198,776244910.html",2018-08-02 15:19:19,骗子公司
对亿鹏的收购也许才是纳川陈老板的真正动机，亿鹏的产品与规模及地理位置才是真与纳川原有新能源车产业相匹配的，真正形成纳川自己的新能源车全产业链与闭环，,"https://guba.eastmoney.com/news,300198,775523240.html",2018-07-30 14:48:10,对亿鹏的收购也许才是纳川陈老板的真正动机，亿鹏的产品与规模及地理位置才是真与纳川原有新能源车产业相匹配的，真正形成纳川自己的新能源车全产业链与闭环，
纳川股份:关于终止重大资产重组事项投资者说明会召开情况的公告,"https://guba.eastmoney.com/news,300198,776008499.html",2018-08-01 19:31:57,"公告日期：2018-08-02
 一、本次投资者说明会召开情况



公司董事长、总经理陈志江先生，副总经理、董事会秘书罗靖先生，法律顾问国浩律师（福州）事务所余文群先生，泉州市启源纳川新能源产业股权投资合伙企业（有限合伙）GP王翔先生参加了本次说明会。公司在本次说明会上与投资者进行互动交流和沟通，就投资者普遍关注的问题进行了回答。



二、本次说明会投资者提出的主要问题及公司回复情况

……


[点击查看PDF原文]
提示：本网不保证其真实性和客观性，一切有关该股的有效信息，以交易所的公告为准，敬请投资者注意风险。"
跌到什么位置陈老板就暴仓了？,"https://guba.eastmoney.com/news,300198,776181880.html",2018-08-02 13:10:17,有朋友知道吗，请教一下。
这次庄一定要给老陈打爆仓！,"https://guba.eastmoney.com/news,300198,776226168.html",2018-08-02 14:29:47,这次庄一定要给老陈打爆仓！
8个亿的封单！老陈你才增持5000万到一个亿！还是一年以内！这回不给你打爆仓没有,"https://guba.eastmoney.com/news,300198,776228554.html",2018-08-02 14:35:13,8个亿的封单！老陈你才增持5000万到一个亿！还是一年以内！这回不给你打爆仓没有完
老陈你这次怎么赚的！！这几天就要给你打爆仓！怎么回去！,"https://guba.eastmoney.com/news,300198,776225234.html",2018-08-02 14:27:48,老陈你这次怎么赚的！！这几天就要给你打爆仓！怎么回去！
我己派出天兵天降，阵魔降妖！今天必须开扳！[大笑][大笑][大笑],"https://guba.eastmoney.com/news,300198,776083490.html",2018-08-02 09:45:18,我己派出天兵天降，阵魔降妖！今天必须开扳！
封单额8亿,"https://guba.eastmoney.com/news,300198,776090452.html",2018-08-02 09:54:29,封单额8亿，托们，陈老板，上啊，这么筹码，都是财富，赶快买，晚了就买不到了。
纳川能算基建股吗,"https://guba.eastmoney.com/news,300198,776198354.html",2018-08-02 13:34:36,纳川能算基建股吗
陈老板大手笔拿出将近一亿增持,"https://guba.eastmoney.com/news,300198,776113735.html",2018-08-02 10:23:21,陈老板大手笔拿出将近一亿增持
最少还有三到五个跌停板。,"https://guba.eastmoney.com/news,300198,776208798.html",2018-08-02 13:52:08,最少还有三到五个跌停板。
至少三个一字跌停,"https://guba.eastmoney.com/news,300198,776174972.html",2018-08-02 12:44:07,至少三个一字跌停
恋爱不成被甩,"https://guba.eastmoney.com/news,300198,776177738.html",2018-08-02 13:01:39,1
内部交易严查    停牌当天大跌   太黑了,"https://guba.eastmoney.com/news,300198,776175435.html",2018-08-02 12:47:12,内部交易严查 停牌当天大跌 太黑了
明天涨停,"https://guba.eastmoney.com/news,300198,776174861.html",2018-08-02 12:43:14,明天涨停
长你的前妻张她停牌期间大批量的减持公司股票！主力停牌前盘中跌停！难道她们知 陈懂,"https://guba.eastmoney.com/news,300198,776164946.html",2018-08-02 11:51:30,"长你的前妻张她停牌期间大批量的减持公司股票！主力停牌前盘中跌停！难道她们知
陈懂事长你的前妻张她停牌期间大批量的减持公司股票！主力停牌前盘中跌停！难道她们知道重组失败么！请回答！！！！你说增持股票！难道还要一年么！！！"
陈老板的一亿有毛用。,"https://guba.eastmoney.com/news,300198,776117114.html",2018-08-02 10:28:13,https://gbres.dfcfw.com/Files/picture/20180802/size100/22CAA37D641CD02AAC25CFEF5E4142DF.jpg
明天地天板,"https://guba.eastmoney.com/news,300198,776168365.html",2018-08-02 12:05:15,明天地天板
看看人家青岛海尔！,"https://guba.eastmoney.com/news,300198,776165739.html",2018-08-02 11:54:16,看看人家青岛海尔！
这样跌下去，会变ST的啊,"https://guba.eastmoney.com/news,300198,776092560.html",2018-08-02 09:56:47,这样跌下去，会变ST的啊
跌到2元附近100%,"https://guba.eastmoney.com/news,300198,776163976.html",2018-08-02 11:48:07,
那些天天嚷着要复牌的，今天笑了吗？,"https://guba.eastmoney.com/news,300198,776163020.html",2018-08-02 11:45:07,那些天天嚷着要复牌的，今天笑了吗？
陈懂事长你的前妻张她停牌期间大批量的减持公司股票！主力停牌前盘中跌停！难道她们知,"https://guba.eastmoney.com/news,300198,776136351.html",2018-08-02 10:56:39,陈懂事长你的前妻张她停牌期间大批量的减持公司股票！主力停牌前盘中跌停！难道她们知道重组失败么！请回答！！！！你说增持股票！难道还要一年么！！！
目前上市公司都不好好的经营企业！上市就是玩资本市场！圈钱！看谁玩的好！质押！假重,"https://guba.eastmoney.com/news,300198,776133589.html",2018-08-02 10:52:31,目前上市公司都不好好的经营企业！上市就是玩资本市场！圈钱！看谁玩的好！质押！假重组！圈完钱后！海外购置房产！把圈的钱流出到国外！
质押，质押，质押，套路啊,"https://guba.eastmoney.com/news,300198,776130092.html",2018-08-02 10:47:54,质押，质押，质押，套路啊
陈志江大智慧！试想如果纳川收购.被否概率很高？,"https://guba.eastmoney.com/news,300198,775360271.html",2018-07-29 19:18:41,试想如果纳川收购.被否概率很高？不如卖个好价格，公司来个大收获！
一个成交都没有，还有至少五个跌停,"https://guba.eastmoney.com/news,300198,776108199.html",2018-08-02 10:15:16,一个成交都没有，还有至少五个跌停
尼玛什么情况,"https://guba.eastmoney.com/news,300198,776099135.html",2018-08-02 10:03:46,尼玛什么情况
这是有人成心要爆老陈的仓哟！,"https://guba.eastmoney.com/news,300198,776096615.html",2018-08-02 10:01:08,这是有人成心要爆老陈的仓哟！
我也没喊多，但持有的只想能涨，这也是愿望吧，踏错船上错车，认倒霉吧。,"https://guba.eastmoney.com/news,300198,776095398.html",2018-08-02 09:59:48,我也没喊多，但持有的只想能涨，这也是愿望吧，踏错船上错车，认倒霉吧。
今天有没有打开地板的可能？[为什么][为什么][为什么],"https://guba.eastmoney.com/news,300198,776077147.html",2018-08-02 09:37:48,今天有没有打开地板的可能？
喊多的人呢？快超底啊？,"https://guba.eastmoney.com/news,300198,776078940.html",2018-08-02 09:40:08,喊多的人呢？快超底啊？
小陈同志就等着爆仓吧，4亿是不够的,"https://guba.eastmoney.com/news,300198,776090082.html",2018-08-02 09:54:04,
重组不成，那就离退司就不远啦。,"https://guba.eastmoney.com/news,300198,776088432.html",2018-08-02 09:51:51,重组不成，那就离退司就不远啦。
神经病啊，一复牌跌成这样子啊,"https://guba.eastmoney.com/news,300198,776086369.html",2018-08-02 09:49:18,神经病啊，一复牌跌成这样子啊
补跌,"https://guba.eastmoney.com/news,300198,776085591.html",2018-08-02 09:48:05,补跌
有没有病？？？停这么久，开盘一字跌停？,"https://guba.eastmoney.com/news,300198,776076013.html",2018-08-02 09:36:09,有没有病？？？停这么久，开盘一字跌停？
大家猜猜几个板，,"https://guba.eastmoney.com/news,300198,776071443.html",2018-08-02 09:26:13,大家猜猜几个板，
我们又踩雷了[鼓掌][鼓掌][鼓掌],"https://guba.eastmoney.com/news,300198,776072433.html",2018-08-02 09:28:44,我们又踩雷了
纳妹开盘5.5元，再封跌停,"https://guba.eastmoney.com/news,300198,776065353.html",2018-08-02 08:51:31,纳妹开盘5.5元，再封跌停
今天这是补跌吗？,"https://guba.eastmoney.com/news,300198,776069867.html",2018-08-02 09:21:06,今天这是补跌吗？
你们这些看好的，快来抄底啊。,"https://guba.eastmoney.com/news,300198,776069425.html",2018-08-02 09:19:31,一群托，速度来抄底啊，纳川的希望在你们身上。
好嘛,"https://guba.eastmoney.com/news,300198,776068949.html",2018-08-02 09:17:38,好嘛
五个跌停，大股东开始增持,"https://guba.eastmoney.com/news,300198,776063186.html",2018-08-02 08:25:03,五个跌停，大股东开始增持
大家数板吧，不是天板而是地板，嘻,"https://guba.eastmoney.com/news,300198,776063127.html",2018-08-02 08:24:01,大家数板吧，不是天板而是地板，嘻
今天铁定一字板，不过不是天板，而是地板，恭喜买入的票友。,"https://guba.eastmoney.com/news,300198,776062927.html",2018-08-02 08:20:37,今天铁定一字板，不过不是天板，而是地板，恭喜买入的票友。
理智的看待这次复牌,"https://guba.eastmoney.com/news,300198,776014306.html",2018-08-01 20:30:19,公告中性偏好，收购成功也不一定是好事，（看万通的走势）新能源电池的市场竞争越来越激烈，补贴滑坡，国外巨头也要进入中国，高增长已经是过去式了，而且星恒的电池不是主流，及时收手落袋为安，在现有经济形势下收缩扩张，现金为王是公司规避风险理智的决定，个人认为对公司的长久发展有利。但是市场投资者预期没有达到，市盈率太高，而且大盘这鸟样，明天一字跌停几乎没有悬念，估计有3个跌停至少
今日终于迎来了复牌，涨跌就听天由命吧。总比关在里面暗无天日煎熬要好，既然当初选择,"https://guba.eastmoney.com/news,300198,776054196.html",2018-08-02 06:20:01,今日终于迎来了复牌，涨跌就听天由命吧。总比关在里面暗无天日煎熬要好，既然当初选择了就无悔，愿与纳川共进退。承诺我的2000股3个月内不减持，并伺机近期增持5000股。
回笼约1.5亿现金，增加公司现金流，增强资金流动性，纳川今年业绩稳了,"https://guba.eastmoney.com/news,300198,776024233.html",2018-08-01 21:54:53,回笼约1.5亿现金，增加公司现金流，增强资金流动性，纳川今年业绩稳了
明天一字板就证明老陈还行！不是就完蛋去,"https://guba.eastmoney.com/news,300198,776034196.html",2018-08-01 23:14:03,明天一字板就证明老陈还行！不是就完蛋去
明天不跌停全面增持才是良心企业家！,"https://guba.eastmoney.com/news,300198,776029582.html",2018-08-01 22:31:17,明天不跌停全面增持才是良心企业家！否则有作秀嫌疑！
纳川股份实控人拟增持5000万至1亿元 8月2日起复牌,"https://guba.eastmoney.com/news,300198,776024362.html",2018-08-01 21:55:54,8月1日晚间，纳川股份（300198）发布公告称，公司控股股东、实际控制人陈志江基于对公司未来发展前景的信心以及内在价值的认可，拟增持5000万至1亿元公司股份，更好地支持公司未来持续、稳定、健康的发展。公司股票将于8月2日开市起复牌。
今年利润大增,"https://guba.eastmoney.com/news,300198,775666076.html",2018-07-31 10:24:38,今年利润大增
回笼大笔现金，纳川今年的业绩有保障了,"https://guba.eastmoney.com/news,300198,775518377.html",2018-07-30 14:38:10,回笼大笔现金，纳川今年的业绩有保障了
公司眼光好,"https://guba.eastmoney.com/news,300198,775530946.html",2018-07-30 15:07:05,眼光真好，直接拿回收益
纳川抛弃星恒应该是明智之举，在市场上，一下赚到上亿元就是高手。万通公告拿到星恒后,"https://guba.eastmoney.com/news,300198,775986437.html",2018-08-01 16:40:12,纳川抛弃星恒应该是明智之举，在市场上，一下赚到上亿元就是高手。万通公告拿到星恒后，股价从开盘涨停一直下跌到现在，股价最能说明一切，万通收购星恒后，股价为什么会出现不涨反跌的现象，并且股价还比公告前还低。说明市场并没有非常看好他收购星恒，最多只是一个中性事件而已。所以纳川放弃收购还有钱赚应该是好事。
亿元增持，老板良心！,"https://guba.eastmoney.com/news,300198,776024585.html",2018-08-01 21:57:26,亿元增持，老板良心！
一个说明会，只那俩人放了一通没味的圈屁，打了一通太极推手应付了那么多实质性提问，,"https://guba.eastmoney.com/news,300198,775988731.html",2018-08-01 16:51:18,一个说明会，只那俩人放了一通没味的圈屁，打了一通太极推手应付了那么多实质性提问，几乎一句具体明确的答复也没有，全是虚里冒套的话，董事长的答复根本就不是他本人，不知是那个替身在帮他填写那些提前准备的一段车轱辘话。真是够不要脸的公司！良心实在是太坏了，老天会劈了你们！
请继续你的表演,"https://guba.eastmoney.com/news,300198,776018323.html",2018-08-01 21:11:32,请继续你的表演
我看增持只是嘴巴上安慰等了一年多的追梦者，让他们心里更有远大梦想，意淫的牛散又会,"https://guba.eastmoney.com/news,300198,776017992.html",2018-08-01 21:08:44,我看增持只是嘴巴上安慰等了一年多的追梦者，让他们心里更有远大梦想，意淫的牛散又会增多讲未来……，我猜分红一毛钱含税……………这两天也是好事多磨不尽人意…………
开始了，哭吧,"https://guba.eastmoney.com/news,300198,776017723.html",2018-08-01 21:06:51,开始了，哭吧
破4,"https://guba.eastmoney.com/news,300198,776014883.html",2018-08-01 20:36:06,破4
一字板跌停吧还说你个鸡儿呦,"https://guba.eastmoney.com/news,300198,776013709.html",2018-08-01 20:24:00,一字板跌停吧还说你个鸡儿呦
说的再好不如做的好,"https://guba.eastmoney.com/news,300198,775987044.html",2018-08-01 16:43:23,福建万润要是今年再没有突破的话公司的长远发展将堪忧
纳妹丝粉们：大家不要互相意淫了，如果你还在发秋梦，你就天天意淫吧。看好未来的明天,"https://guba.eastmoney.com/news,300198,775997777.html",2018-08-01 17:59:11,纳妹丝粉们：大家不要互相意淫了，如果你还在发秋梦，你就天天意淫吧。看好未来的明天涨停我都送给意淫未来的牛散，如明天跌停我就蹲着看表演不出了…………………
8月2号复牌，一下子多出的1.5亿收入，大家看能涨多少,"https://guba.eastmoney.com/news,300198,775681275.html",2018-07-31 11:03:09,8月2号复牌，一下子多出的1.5亿收入，大家看能涨多少
我的提问是～停牌期间陈总的妻子减持股票！和停牌前一天跌停！是不是机构和您的妻子知,"https://guba.eastmoney.com/news,300198,775980576.html",2018-08-01 16:13:09,我的提问是～停牌期间陈总的妻子减持股票！和停牌前一天跌停！是不是机构和您的妻子知道重组会失败！高管会不会增持股票！这次卖给万通获利那么多！
陈老板已经做好准备了，反正明天跌停的话谁都跑不了,"https://guba.eastmoney.com/news,300198,775980140.html",2018-08-01 16:11:07,
这股如果说能让人稍微安心一点，就是前十股东全个人持股。,"https://guba.eastmoney.com/news,300198,775617426.html",2018-07-31 05:58:40,这股如果说能让人稍微安心一点，就是前十股东全个人持股。
静观其变,"https://guba.eastmoney.com/news,300198,775799171.html",2018-07-31 22:09:20,静观其变
纳川占比最高！应该纳川受益最大！！,"https://guba.eastmoney.com/news,300198,775359425.html",2018-07-29 18:54:41,"万通地产关于
星恒电源股份有限公司78.284%股权的公告.本次交易的目标公司100%股权的估值人民币40.5亿元左右.福建纳川管材科技股份有限公司 45.35%"
资金回流，重新起航,"https://guba.eastmoney.com/news,300198,775525460.html",2018-07-30 14:53:01,资金回流，重新起航
2017年利润7118万，纳川重组拿到3个亿，难道还会跌吗？,"https://guba.eastmoney.com/news,300198,775615343.html",2018-07-31 05:00:40,2017年利润7118万，纳川重组拿到3个亿，难道还会跌吗？
公司明天说明会有增持计划那8月2日复牌兴许好点,"https://guba.eastmoney.com/news,300198,775581466.html",2018-07-30 20:23:32,公司明天说明会有增持计划那8月2日复牌兴许好点，其他说法都扯犊子，重组终止就是利空，创业板在停牌期间大幅下跌，就是成功都难保上涨，更何况是没有成功，至于卖出股份的钱怎么处置公司也没有公告。
我觉得此事利大于弊,"https://guba.eastmoney.com/news,300198,775521224.html",2018-07-30 14:43:52,我觉得此事利大于弊
纳川甩了星恒另购亿鹏，不仅甩掉了包袱和潜在风险，而且还大赚了一笔盘活公司的资金，有何重组失败之说？,"https://guba.eastmoney.com/news,300198,775523969.html",2018-07-30 14:49:43,纳川甩了星恒另购亿鹏，不仅甩掉了包袱和潜在风险，而且还大赚了一笔盘活公司的资金，有何重组失败之说？
为啥我说找中央巡视组的帖子被秒删，纳川肯定有鬼,"https://guba.eastmoney.com/news,300198,775835513.html",2018-08-01 09:23:41,为啥我说找中央巡视组的帖子被秒删，纳川肯定有鬼
只想问有人2号会想买这个票吗？,"https://guba.eastmoney.com/news,300198,775805522.html",2018-07-31 23:14:09,只想问有人2号会想买这个票吗？
万通地产欲32亿控股星恒电源 纳川股份清仓退出,"https://guba.eastmoney.com/news,300198,775380422.html",2018-07-30 05:01:21,"来源：证券时报 作者：唐强 
　　近年来，新能源汽车是国家大力支持和培育的战略新兴产业，各路资金纷纷涌入新能源汽车产业链之中，宝能、恒大、华夏幸福等地产商也开启了向新能源汽车的转型之路。


　　7月29日晚间，万通地产(600246)正式宣布，拟耗资32亿元拿下锂电池企业星恒电源股份有限公司(星恒电源)控股权。证券时报·e公司记者还注意到，2017年9月，纳川股份(300198)旗下股权投资企业才获得星恒电源逾6成股权，其实控人陈志江还个人入股标的约7%股权。如今，仅11个月之后，陈志江或携纳川股份清仓退出。


　　证券时报·e公司记者注意到，此次交易标的星恒电源100%股权估值为40.5亿元，万通地产收购其合计78.284%股权的交易总价款为31.7亿元左右。万通地产指出，此次交易尚需提交上市公司股东大会审议，尚需通过政府相关主管部门的反垄断审查。


　　待上述交易完成后，星恒电源现控股股东启源纳川、第三大股东苏州晟迈以及最大个人股东陈志江不再持股，而万通地产则将直接晋升为标的第一大股东之位，拥有绝对的控股权。


　　资料显示，星恒电源成立于2003年12月，注册资本达到2.63亿元。自成立以来，星恒电源一直致力于动力锂电池的研发、生产、销售，在国内率先实现了电池的二次寿命和梯次利用，其主要瞄准新能源汽车和轻型车市场。 


　　针对此次并购，万通地产指出，公司将紧紧围绕战略思想和发展目标，优化战略布局，创新业务收入结构。此次收购是顺应新时代交通工具环保型发展趋势，抓住动力电池产业需求提升的发展机遇，积极响应国家相关政策号召。


　　证券时报·e公司记者注意到，若上述交易顺利完成，入股星恒电源尚不足一年的纳川股份将清仓退出，标的星恒电源估值则在一买一卖之间增值数亿元。


　　回溯到2017年8月31日晚间，纳川股份发布公告，其参股的启源纳川以支付现金18.64亿元的方式，获得星恒电源61.59%的股权。据悉，启源纳川由1名普通合伙人和11名有限合伙人共同设立，纳川股份对启源纳川的持股比例为45.35%；此外，星恒电源个人股东陈志江亦是纳川股份实控人、董事长。


　　从估值角度来看，11个月时间里，星恒电源估值从38.25亿元增长到40.5亿元，增值金额为2.25亿元。但若以启源纳川获取股权的实际价格计算，那么当时星恒电源100%股权对应价值则为30.26亿元，与此番万通地产收购价格差异巨大。


　　此次交易完成后，星恒电源将纳入万通地产合并财务报表范围，万通地产将增加新能源电池业务。


　　根据财务数据显示，因销售收入比2016年有较大幅度增加，因而2017年星恒电源业绩大幅增长。2016年-2017年，星恒电源营业收入分别为10.18亿元、14.36亿元，净利润则分别达到1.04亿元和2.02亿元。


　　但证券时报·e公司记者注意到，万通地产上述股权交易对方并未给出标的业绩承诺，而在11个月之前则是另一番表述。在启源纳川收购星恒电源61.59%的股权之时，该标的公司经营团队曾承诺，星恒电源2017年-2019年度经审计的扣非净利润，将分别不低于2亿元、3亿元和4亿元。


　　值得关注的是，近期，从多家A股新能源汽车产业链公司发布的业绩来看，补贴退坡引发的连锁反应在产业链上下游之间持续发酵，中下游公司业绩普遍预降，变革“阵痛”效应持续。


　　实际上，下游的补贴退坡、销售业绩下降，传导到中游就是对动力电池的需求减少，在已发布了2018年中报业绩预告的80多家锂电概念股中，有20余家企业预计上半年利润同比大幅下滑。
（来源：证券时报 2018-07-30 04:53） [点击查看原文]
展开阅读全文"
纳妹粉丝们：你们不要自我意淫了，股票都要跌死了，你们还意淫未来，我真为你们“自豪,"https://guba.eastmoney.com/news,300198,775892233.html",2018-08-01 11:25:31,纳妹粉丝们：你们不要自我意淫了，股票都要跌死了，你们还意淫未来，我真为你们“自豪”………………，等消灭一批散户…………又来一批韭菜吧………………
纳川股份:关于终止重大资产重组事项的公告,"https://guba.eastmoney.com/news,300198,775574204.html",2018-07-30 19:17:25,"公告日期：2018-07-30


证券代码：300198 证券简称：纳川股份 公告编号：2018-121

福建纳川管材科技股份有限公司



关于终止重大资产重组事项的公告



本公司及董事会全体成员保证信息披露内容的真实、准确和完整，没有虚假记载、误导性陈述或重大遗漏。



特别提示：



1、公司终止本次重大资产重组，公司承诺自披露本次终止重大资产重组公告之日起至少2个月内，不再筹划重大资产重组事项。



福建纳川管材科技股份有限公司（以下简称“公司”）因筹划可能对公司股票交易价格产生影响的重大事项，公司股票（证券简称：纳川股份，证券代码：300198）自2018年2月2日开市起停牌。由于该事项为关联交易，且过于重大和复杂，并需要市场第三方进行评估，短期内无法完成,公司原预计2018年2月23日复牌，但因筹划收购其他资产（星恒电源股份有限公司）构成重大资产重组，经向深圳证券交易所申请，公司股票于2018年2月23日开市起继续停牌。

自筹划本次重大资产重组事项以来，上市公司积极与交易对方就本次收购事项进行了沟通和协商。同时，上市公司与财务顾问对标的公司进行了尽职调查，就标的公司的主营业务、经营战略与公司的发展战略协同效应等方面进行了充分的讨论。经过充分的论证分析后，交易双方认为目前本次重大资产重组条件尚未成熟。为维护广大投资者及公司利益，经与交易对方友好协商，交易双方决定终止筹划本次重大资产重组。



一、本次筹划的重大资产重组基本情况



（一）标的公司情况



标的公司自成立以来一直致力于动力电池的研发、生产、销售。在国内，其主要瞄准新能源专用车和轻型车市场；在国外，其市场主要分布于欧洲，客户群体偏中高端。标的公司在售的锂电池产品在国内率先实现了电池的梯次利用，在新能源专用车领域和轻型车领域，市场占有率领先。标的公司的控股股东为泉州福建纳川管材科技股份有限公司



市启源纳川新能源产业股权投资合伙企业（有限合伙）（以下简称“启源纳川”）。

1、标的公司基本情况



星恒电源的基本情况如下



公司中文名称： 星恒电源股份有限公司



公司英文名称： SuzhouPhylionBatteryCo.Ltd



企业性质： 股份有限公司（非上市）



公司住所 苏州高新区科技城金沙江路181号



法定代表人： 冯笑



注册资本： 26,250万人民币



成立日期： 2003年12月18日



营业期限： 2003年12月18日至无固定期限



统一社会信用代码： 9132050075643006XA



经营范围： 研发、生产、销售：锂电池、动力电池。（依法须经批准的项目，

经相关部门批准后方可开展经营活动）



本次重大资产重组的标的资产星恒电源股份有限公司自2003年成立以来一直致力于动力锂电池的研发、生产、销售，在国内率先实现了电池的二次寿命和梯次利用，其主要瞄准新能源汽车和轻型车市场。在新能源汽车领域，星恒电源自2014年起开始布局切入，其具有极高性价比优势的超级锰酸锂产品使其快速成为国内众多新能源物流车制造商的第一供应商。,星恒电源未来将以新一代更高性价比的产品快速打开新能源乘用车市场并站稳脚跟。在轻型电动车领域，星恒电源精耕细作了15年，已经为全球超过500万终端客户提供电池和服务，稳居国内电动两轮车市场占有率第一，同时在欧洲长期保持稳定增长态势，在欧洲电动两轮车市场占有率第二。



启源纳川的基本情况如下：



公司名称 泉州市启源纳川新能源产业股权投资合伙企业（有限合伙）



企业性质 有限合伙企业



注册地 福建省泉州市泉港区普安工业区



主要办公地点 福建省泉州市泉港区普安工业区



法定代表人 北京启源厚积投资管理有限公司



实缴资本： 44,100.00万元



成立日期 2017年5月16日



营业期限 2017年5月16日至2020年5月15日



福建纳川管材科技股份有限公司





统一社会信用代码 91350505MA2Y8FK70Q

……
[点击查看PDF原文]
提示：本网不保证其真实性和客观性，一切有关该股的有效信息，以交易所的公告为准，敬请投资者注意风险。
展开阅读全文"
纳川清仓了星恒，还有福建万润和惠州亿鹏，谁能告诉我陈到底想怎样？,"https://guba.eastmoney.com/news,300198,775560048.html",2018-07-30 17:17:39,纳川清仓了星恒，还有福建万润和惠州亿鹏，谁能告诉我陈到底想怎样？
对2018 年利润表税后净利润的影响数为 1.28 亿元至 1.33 亿元左右,"https://guba.eastmoney.com/news,300198,775629303.html",2018-07-31 08:56:45,"对2018 年利润表税后净利润的影响数为 1.28 亿元至 1.33 亿元左右
纳川辛辛苦苦做两年也就这点净利，现在倒腾一下星恒的股权就有了，但愿陈老板别倒腾上瘾就行"
历时一年，使出浑身解数的纳川股份也没有将其纳入麾下。7月29日晚，纳川股份宣布终,"https://guba.eastmoney.com/news,300198,775814163.html",2018-08-01 02:52:13,历时一年，使出浑身解数的纳川股份也没有将其纳入麾下。7月29日晚，纳川股份宣布终止此次重组。同时，万通地产公布收购这个资产的消息。对于收购和放弃收购星恒电源的原因，
他们就会意淫，自我陶醉。看看海特高新002023今天业绩这么好也跌停………,"https://guba.eastmoney.com/news,300198,775773297.html",2018-07-31 17:35:10,他们就会意淫，自我陶醉。看看海特高新002023今天业绩这么好也跌停………
每股分一毛钱,"https://guba.eastmoney.com/news,300198,775807355.html",2018-07-31 23:36:40,每股分一毛钱
纳川股份:关于终止重大资产重组事项召开投资者说明会的公告,"https://guba.eastmoney.com/news,300198,775574243.html",2018-07-30 19:17:46,"公告日期：2018-07-30


关于终止重大资产重组事项召开投资者说明会的公告

证券代码：300198 证券简称：纳川股份 公告编号：2018-123

福建纳川管材科技股份有限公司



关于终止重大资产重组事项召开投资者说明会的公告



本公司及董事会全体成员保证信息披露内容的真实、准确和完整，没有虚假记载、误导性陈述或重大遗漏。



福建纳川管材科技股份有限公司（以下简称“公司”）于2018年7月30日发布了《关于终止重大资产重组事项的公告》（公告编号：2018-121），公司将于2018年8月1日（星期三）下午15:00-16:00在全景网“全景 路演天下（”http://rs.p5w.net）召开关于终止重大资产重组事项召开投资者说明会，与投资者进行互动交流和沟通，就投资者普遍关注的问题进行回答，现将有关安排公告如下：



一、说明会类型



本次投资者说明会以网络远程互动方式召开，就公司关于终止本次重大资产重组事项与投资者进行沟通和交流，在信息披露允许的范围内就投资者普遍关注的问题进行回答。



二、说明会召开的时间、方式



1、召开时间：2018年8月1日下午15:00-16:00；



2、方式：以网络远程互动方式在“全景·路演天下”（http://rs.p5w.net）召开。



三、出席说明会的人员



公司董事长、总经理陈志江先生，副总经理、董事会秘书罗靖先生，法律顾问国浩律师（福州）事务所余文群先生，泉州市启源纳川新能源产业股权投资合伙企业（有限合伙）GP王翔先生将出席本次投资者说明会（如有特殊情况，参会人员会有调整）。



四、参会方式



1、 投资者可在上述会议召开时间登录“全景·路演天下”

（http://rs.p5w.net）参与本次说明会，与公司进行互动交流和沟通，公司及福建纳川管材科技股份有限公司





关于终止重大资产重组事项召开投资者说明会的公告

相关人员将及时回答投资者提问，欢迎广大投资者积极参与。



2、为充分利用会议时间，提高会议效率，公司欢迎投资者在说明会召开前通过电话、传真、电子邮件等形式将需要了解的情况和关注的问题预先提供给公司，公司将在说明会上就投资者普遍关注的问题进行回答。



五、联系人及联系方式



联系人：姚俊宾



电话：0595-87770616



传真：0595-87962111



邮箱：yaojunbin@nachuan.com



特此公告。



福建纳川管材科技股份有限公司

董 事 会



二○一八年七月三十日



福建纳川管材科技股份有限公司




[点击查看PDF原文]
提示：本网不保证其真实性和客观性，一切有关该股的有效信息，以交易所的公告为准，敬请投资者注意风险。
展开阅读全文"
希望大家8月2号都能笑的出来,"https://guba.eastmoney.com/news,300198,775585251.html",2018-07-30 21:00:55,希望大家8月2号都能笑的出来
这个交易可别让上交所给搅和黄了,"https://guba.eastmoney.com/news,300198,775672393.html",2018-07-31 10:39:07,"万通地产收到上海证券交易所《关于对北京万通地产股份有限公司收购星恒电源股份有限公司股权有关事项的问询函》的公告


二、关于无法控制标的公司的风险

2、前次收购时，业绩承诺由经营团队提供，且收购方陈志江等入股不足一年后退出，请公司补充披露：（1）标的公司是否由经营团队控制；（2）纳川股份不再收购标的资产的原因，并说明交易对方是否存在无法控制标的资产情形；
（3）结合前述原因、公司缺少相关行业经验的情况、本次交易后公司拟向标的资产派出董事及管理团队的情况等，充分说明公司是否存在无法控制标的资产的风险。

三、关于标的资产的估值

3、2017年9月，前次收购时标的公司100%股权估值为30.26亿元，本次估值为40.5亿元，明显高于前次估值。请公司充分说明标的公司估值大幅增加的原因和合理性。

4、前次收购时，经营团队承诺三年利润不低于9亿元。本次估值明显高于前次估值，且需支付大额现金，但交易对方及经营团队均未提供业绩承诺。请公司说明未提供业绩承诺的原因及合理性，并充分揭示重大投资风险。"
怪不得前期停牌的几处放大阴，走了这么多知情的………，所以不知道的散户，要到最后才,"https://guba.eastmoney.com/news,300198,775625852.html",2018-07-31 08:20:54,怪不得前期停牌的几处放大阴，走了这么多知情的………，所以不知道的散户，要到最后才发现，放量阴早就有预谋…………，黑暗的角落…………
纳川股份:关于重大资产重组事项进展的公告,"https://guba.eastmoney.com/news,300198,774842309.html",2018-07-25 19:14:12,"公告日期：2018-07-26


关于重大资产重组事项进展的公告

证券代码：300198 证券简称：纳川股份 公告编号：2018-120

福建纳川管材科技股份有限公司



关于重大资产重组事项进展的公告



本公司及董事会全体成员保证信息披露内容的真实、准确和完整，没有虚假记载、误导性陈述或重大遗漏。



福建纳川管材科技股份有限公司（以下简称“公司”）正在筹划可能对公司股票交易价格产生影响的重大事项于2018年2月2日（星期五）开始起停牌，由于该事项为关联交易，且过于重大和复杂，并需要市场第三方进行评估，短期内无法完成,公司原预计2018年2月23日复牌，但因筹划收购其他资产（星恒电源股份有限公司）构成重大资产重组，公司申请于2018年2月23日开市起继续停牌，详情见公司同日披露的《关于重大资产重组事项停牌公告》（公告编号：2018-035）。2018年3月3日披露了《关于重大资产重组进展暨延期复牌的公告》（公告编号：2018-040），2018年3月9日、3月16日、3月23日披露了《关于重大资产重组事项进展的公告》（公告编号：2018-041、2018-042、2018-044）。

公司于2018年3月28日召开了第四届董事会第二次会议，审议通过了《关于重大资产重组进展暨延期复牌的议案》。经公司向深圳证券交易所申请，公司股票继续停牌，并于2018年3月30日披露了《关于重大资产重组进展暨延期复牌的公告》（公告编号：2018-046）。以上具体内容详见公司刊登在中国证监会指定的创业板信息披露网上的相关公告。



2018年4月10日，公司披露了《关于重大资产重组事项进展的公告》（公告编号：2018-049）。



公司于2018年4月10日召开了第四届董事会第三次会议，审议通过了《关于重大资产重组停牌期届满申请延期复牌的议案》，2018年4月11日披露了《关于变更独立财务顾问的公告》（公告编号：2018-052），公司已与华泰联合证券有限责任公司（以下简称“华泰联合证券”）签订财务顾问协议，聘请华泰联合证券作为本次重大资产重组的独立财务顾问继续推进相关工作。2018年4月17日、4月24日、5月3日、5月10日、5月17日、5月24日、5月31日、6月7日、福建纳川管材科技股份有限公司





关于重大资产重组事项进展的公告



6月14日、6月21日、6月28日、7月5日、7月12日、7月19日公司披露了《关于重大资产重组事项进展的公告》（公告编号：2018-055、2018-057、2018-097、2018-098、2018-102、2018-103、2018-105、2018-108、2018-110、2018-111、2018-112、2018-114、2018-117、2018-119）。2018年4月27日公司召开2018年第二次临时股东大会审议《关于重大资产重组停牌期届满申请延期复牌的议案》，并披露了《关于重大资产重组停牌期满申请延期复牌的公告》（公告编号：2018-094）。



截止目前，公司以及有关各方正在积极推动本次重组各项工作，公司与交易对手方、相关中介机构在进一步论证并购方案的可行性，具体方案在谨慎探讨，该重组事项目前处于进一步论证和磋商过程中。公司本次筹划重大资产重组事项，尚存在不确定性，为了维护投资者利益，根据深圳证券交易所的相关规定，公司股票将继续停牌，公司将每五个交易日披露一次关于重大资产重组事项进展公告，敬请投资者关注公司后续公告。



上述重大资产重组交易方案尚未最终确定，仍存在一定的不确定性，且本次重组最终方案能否取得证监会等相关部门必要的审批、许可、备案手续，仍存在一定的不确定性。因此，敬请广大投资者注意投资风险。



特此公告！



福建纳川管材科技股份有限公司



董 事 会



二○一八年七月二十六日



福建纳川管材科技股份有限公司




[点击查看PDF原文]
提示：本网不保证其真实性和客观性，一切有关该股的有效信息，以交易所的公告为准，敬请投资者注意风险。
展开阅读全文"
这都是不负责任的，即然看好何为丢袍，可能市场没想像空间了，快出手。,"https://guba.eastmoney.com/news,300198,775619029.html",2018-07-31 06:45:05,这都是不负责任的，即然看好何为丢袍，可能市场没想像空间了，快出手。
