标题,链接,发布时间,内容
即将爆发：9股暗藏暴涨因子，其中有易华录,"https://guba.eastmoney.com/news,300212,176537797.html",2015-06-12 09:35:47,即将爆发：9股暗藏暴涨因子，其中有易华录
被洗出去的肯定会后悔,"https://guba.eastmoney.com/news,300212,176600492.html",2015-06-12 10:58:12,被洗出去的肯定会后悔
放心，此股机构认为是印钞机，重头股，大胆抄底,"https://guba.eastmoney.com/news,300212,176533417.html",2015-06-12 09:24:49,放心，此股机构认为是印钞机，重头股，大胆抄底
易华录:关于实施2014年度权益分派方案后调整非公开股票发行价格及发行数量的公告,"https://guba.eastmoney.com/news,300212,176393297.html",2015-06-11 18:28:39,"公告日期：2015-06-11
证券代码：300212 证券简称：易华录 公告编号：2015-037

北京易华录信息技术股份有限公司

关于实施2014年度权益分派方案后调整非公开股票发行价格及发行数量的公告

本公司及董事会全体成员保证信息披露内容的真实、准确和完整，没有虚假记载、误导性陈述或重大遗漏。

重要内容提示：

1、由于公司实施2014年度权益分派方案，本次非公开发行股票发行价格由29.00元/股调整为28.90元/股。

2、本次非公开发行股票数量调整为不超过55,190,309股。

北京易华录信息技术股份有限公司（以下简称“公司”）分别于2014年10月20日、2014年11月30日、2014年12月18日召开第二届董事会第二十八次会议、第二届董事会第三十一次会议、2014年第三次临时股东大会，审议通过了《关于审议公司符合非公开发行股票条件的议案》、《关于审议公司非公开发行股票预案（修订稿）的议案》等议案，公司拟以29.00元/股的价格非公开发行A股股票数量不超过55,000,000股，募集资金总额不超过159,500万元，扣除发行费用后，75,000万元用于偿还公司借款，剩余部分全部用于补充公司流动资金。

根据该非公开发行股票预案，若公司股票在定价基准日至发行日期间发生派息、送股、资本公积金转增股本等除权、除息事项，本次发行价格及股票发行数量随之进行调整。

公司于2015年4月20日召开2014年度股东大会，审议通过了《2014年度利润分配预案》。公司2014年度利润分派方案为：以2014年12月31日公司总股本32,160万股为基数，按每10股派发现金红利1元（含税），共分配现金股利3,216万元（含税），剩余未分配利润结转以后年度。

2015年6月3日，公司披露了《2014年年度权益分派实施公告》（公告编号：2015-033），本次权益分派的股权登记日为2015年6月9日，除权除息日为2015年6月10日。

鉴于公司已实施完毕上述除权除息事项，现对本次非公开发行股票的发行价格、发行数量作如下调整：

一、发行价格

根据公司第二届董事会第三十一次会议决议，公司本次非公开发行股票发行价格确定为29.00元/股，定价基准日为第二届董事会第三十一次会议决议公告日（2014年12月2日），该发行价格不低于定价基准日前一个交易日公司股票均价的90%。

2015年6月10日，公司实施2014年度权益分派后，本次非公开发行股票的价格调整为28.90元/股，具体计算过程如下：

调整后的发行价=调整前的发行价-现金红利=29.00元/股-0.1元/股=28.90元/股

因此本次除权除息调整后的发行价格为28.90元/股。

二、发行数量

公司2014年年度权益分派方案实施后，本次非公开发行股票的数量调整为不超过55,190,309股，具体计算过程如下：

调整后的发行数量=计划募集资金总额调整后的发行价格=1,595,000,000元28.90元/股=55,190,309股（按各发行对象认购股数取整数位合并计算）因此本次除权除息调整后的发行数量为不超过55,190,309股。

除以上调整外，本次非公开发行的其他事项均无变化。

特此公告。

北京易华录信息技术股份有限公司董事会

2015年6月11日


[点击查看PDF原文]
提示：本网不保证其真实性和客观性，一切有关该股的有效信息，以交易所的公告为准，敬请投资者注意风险。
展开阅读全文"
公告点评：出资设立华录光存储研究院，信息安全战略重要布局,"https://guba.eastmoney.com/news,300212,176113195.html",2015-06-11 08:44:24,
买入时机已到,"https://guba.eastmoney.com/news,300212,175436411.html",2015-06-09 14:22:01,"只要牛市未终结，易华录就是抄底时。
买了3000股易华录，77.4元。
如果千方科技有买盘，我就倒腾一下，再加易华录。"
不封板，你这不是浪费题材么？,"https://guba.eastmoney.com/news,300212,176340281.html",2015-06-11 15:40:22,互联网+，大数据，还不能封住板，筹码还不够吗？我不过想跟住主力大哥喝口汤而已。
今天把小易努坏了  强撑着往上走,"https://guba.eastmoney.com/news,300212,176323067.html",2015-06-11 15:00:37,今天把小易努坏了 强撑着往上走
明天应该还行,"https://guba.eastmoney.com/news,300212,176189141.html",2015-06-11 11:01:28,明天应该还行
今天早上只预测到涨7个点,"https://guba.eastmoney.com/news,300212,176188359.html",2015-06-11 11:00:24,今天早上只预测到涨7个点
卖单的有后悔的吗？,"https://guba.eastmoney.com/news,300212,176166272.html",2015-06-11 10:30:04,卖单的有后悔的吗？
卖单的那些人想不通你们啊,"https://guba.eastmoney.com/news,300212,176147771.html",2015-06-11 10:04:33,卖单的那些人想不通你们啊
今天会涨到7个点,"https://guba.eastmoney.com/news,300212,176129026.html",2015-06-11 09:37:39,今天会涨到7个点
今天会涨到7%,"https://guba.eastmoney.com/news,300212,175782272.html",2015-06-10 10:57:09,今天会涨到7%
期待华录集团旗下优质资产注入易华录，把易华录打造成国际化的大公司，,"https://guba.eastmoney.com/news,300212,175562050.html",2015-06-09 18:16:42,"期待华录集团旗下优质资产注入易华录，把易华录打造成国际化的大公司，
易华录资讯
易华录:关于与关联方共同投资设立华录光存储研究院有限公司暨关联交易的公告
公告日期：2015-06-09 证券代码：300212 证券简称：易华录 公告编号：2015-036 北京易华录信息技术股份有限公司 关于与关联方共同投资设立华录光存储研究院有限公司暨关联交易的公告 本公司及董事会全体成员保证信息披露内容的真实、准确和完整，没有虚假记载、误...
2015/6/9 17:40:24易华录吧"
[鼓掌],"https://guba.eastmoney.com/news,300212,175825185.html",2015-06-10 12:50:44,"//@我是股僧人 :期待华录集团旗下优质资产注入易华录，把易华录打造成国际化的大公司，
易华录资讯
易华录:关于与关联方共同投资设立华录光存储研究院有限公司暨关联交易的公告
公告日期：2015-06-09 证券代码：300212 证券简称：易华录 公告编号：2015-036 北京易华录信息技术股份有限公司 关于与关联方共同投资设立华录光存储研究院有限公司暨关联交易的公告 本公司及董事会全体成员保证信息披露内容的真实、准确和完整，没有虚假记载、误...
2015/6/9 17:40:24易华录吧"
再赌一次？,"https://guba.eastmoney.com/news,300212,174099894.html",2015-06-05 10:34:25,"买点易华录，昨天买1900，今天买900，小本生意。
仔细看看交易情况，买卖盘。"
你好，天津制定公交信息化建设三年规划，不知易华录有没有参与其中。,"https://guba.eastmoney.com/news,300212,915435462.html",2015-06-16 17:42:00,"你好，天津制定公交信息化建设三年规划，不知易华录有没有参与其中。 
易华录
易华录：感谢您对公司的关注！公司将密切跟踪规划落实情况，积极参与天津公交信息化建设，未来若获取金额过亿的大额订单，公司将及时发布公告，请届时关注。
(来自深交所互动易)答复时间 2015-06-16 17:42:00"
20150608-五连阴能做成双头吗？很久没有连阴多日，讨论一下吧，该怎么弄。,"https://guba.eastmoney.com/news,300212,175470389.html",2015-06-09 15:04:31,20150608-五连阴能做成双头吗？很久没有连阴多日，讨论一下吧，该怎么弄。
今晚宣布停牌,"https://guba.eastmoney.com/news,300212,175401897.html",2015-06-09 13:36:24,今晚停牌
易华录:独立董事关于关联交易事项的事前认可意见,"https://guba.eastmoney.com/news,300212,175546774.html",2015-06-09 17:40:24,"公告日期：2015-06-09
 北京易华录信息技术股份有限公司

北京易华录信息技术股份有限公司

独立董事关于关联交易事项的事前认可意见

根据《关于在上市公司建立独立董事制度的指导意见》、《深圳证券交易所创业板股票上市规则》及《北京易华录信息技术股份有限公司章程》（以下简称“公司章程”）等有关规定，我们作为北京易华录信息技术股份有限公司（以下简称“公司”）的独立董事，本着认真、负责的态度，基于独立、审慎、客观的立场，对公司与关联方共同投资设立华录光存储研究院有限公司暨关联交易的事项进行了认真审阅，在公司董事会审议此次交易事项前发表如下意见：

经审阅公司提交的《关于审议与关联方共同投资设立华录光存储研究院有限公司暨关联交易的议案》，询问公司有关人员关于此次关联交易的背景情况，认为上述关联交易符合公司及全体股东的利益，没有损害公司中小股东的利益，同意公司将此项议案提交公司第三届董事会第六次会议审议。

独立董事：梁云凤 杨晓光 马朝松

二〇一五年六月九日


[点击查看PDF原文]
提示：本网不保证其真实性和客观性，一切有关该股的有效信息，以交易所的公告为准，敬请投资者注意风险。"
易华录:独立董事关于关联交易事项的独立意见,"https://guba.eastmoney.com/news,300212,175546770.html",2015-06-09 17:40:24,"公告日期：2015-06-09
 北京易华录信息技术股份有限公司

北京易华录信息技术股份有限公司

独立董事关于关联交易事项的独立意见

根据《关于在上市公司建立独立董事制度的指导意见》、《深圳证券交易所创业板股票上市规则》及《北京易华录信息技术股份有限公司章程》（以下简称“公司章程”）等有关规定，我们作为北京易华录信息技术股份有限公司（以下简称“公司”）的独立董事，本着实事求是的态度，对公司与关联方共同投资设立华录光存储研究院有限公司暨关联交易的事项发表独立意见如下：

董事会关于公司与关联方共同对外投资的决策程序符合《公司法》、《深圳证券交易所股票上市规则》等法律、法规和规范性文件以及《公司章程》的有关规定，关联董事对此议案回避了表决，其余6名非关联董事一致通过了该议案，董事会的审议程序符合相关法律法规与公司章程的规定。该项关联交易遵循自愿、平等、公允的原则，没有损害公司和股东的利益，同意公司本次董事会审议的与关联方共同投资设立华录光存储研究院有限公司事项。

因此，我们同意与关联方共同投资设立华录光存储研究院有限公司暨关联交易的事项。

独立董事：梁云凤 杨晓光 马朝松

二〇一五年六月九日


[点击查看PDF原文]
提示：本网不保证其真实性和客观性，一切有关该股的有效信息，以交易所的公告为准，敬请投资者注意风险。"
易华录:第三届董事会第六次会议决议公告,"https://guba.eastmoney.com/news,300212,175546692.html",2015-06-09 17:40:12,"公告日期：2015-06-09
证券代码：300212 证券简称：易华录 公告编号：2015-035

北京易华录信息技术股份有限公司

第三届董事会第六次会议决议公告

本公司及董事会全体成员保证信息披露内容的真实、准确和完整，没有虚假记载、误导性陈述或重大遗漏。

北京易华录信息技术股份有限公司（下称“公司”）第三届董事会第六次会议于2015年6月9日（星期二）以现场会议的方式在公司十楼会议室召开，会议通知已于2015年6月4日以专人送达、邮件等方式送达全体董事和监事。本次会议应出席董事9名，实际出席会议董事9名，会议由公司董事长韩建国先生主持，公司监事及其他高级管理人员列席了会议。本次会议的召集和召开符合《公司法》和《公司章程》的有关规定。

经与会的董事充分讨论与审议，会议形成以下决议：

关于审议与关联方共同投资设立华录光存储研究院有限公司暨关联交易的议案

为响应国家的信息安全战略号召，积极利用云计算、大数据时代下对数据安全、低耗、长期存储的技术需求，充分发挥中国华录集团有限公司（以下简称“华录集团”）及旗下相关公司在光存储领域的技术和渠道优势，打造我国光存储产业的龙头企业，成为大数据时代光存储产业的领动者，北京易华录信息技术股份有限公司（以下简称“公司”或“易华录”）拟与中国华录松下电子信息有限公司（以下简称“华录松下”）、中国华录信息产业有限公司（以下简称“华录信产”）、管理团队（郭文健、刘劲松、钟将、周传辉）共同出资设立华录光存储研究院有限公司（以下简称“新设公司”），注册资本2000万元人民币，易华录以货币出资780万元人民币，占39%股份；华录松下以货币出资820万元人民币，占新设公司41%股份；管理团队出资300万元人民币，占新设公司15%股份，华录信产出资100万元人民币，占新设公司5%股份。交易各方将在按照相关法律法规履行相关审议程序后签订《出资协议书》。

本次投资款项易华录出资部分来源于自有资金。根据《公司章程》规定，本次对外投资项目的批准权限在公司董事会对外投资权限内，不需提交股东大会审议。

中国华录·松下电子信息有限公司、中国华录信息产业有限公司是公司控股股东中国华录集团有限公司的控股子公司，因此，公司上述对外投资构成关联交易，本次关联交易不属于《上市公司重大资产重组管理办法》规定的重大资产重组。公司独立董事对该项事项出具了事前认可意见，并发表了独立董事意见。该事项无需提交公司股东大会审议。

具体内容详见公司同日披露于中国证监会创业板指定信息披露网站的相关公告。

由于本项议案涉及关联交易，关联董事韩建国先生、王力先生、杜江先生回避表决。

表决结果：同意6票，反对0票，弃权0票获得通过。

特此公告。

北京易华录信息技术股份有限公司董事会

2015年6月9日


[点击查看PDF原文]
提示：本网不保证其真实性和客观性，一切有关该股的有效信息，以交易所的公告为准，敬请投资者注意风险。"
感觉易华录跌不动了,"https://guba.eastmoney.com/news,300212,175456344.html",2015-06-09 14:45:43,"感觉易华录跌不动了
股道行天下
今晚宣布停牌
今晚停牌 
2015/6/9 13:36:24易华录吧"
吧里咋那么平静啊  高手指点 易华录还跌吗,"https://guba.eastmoney.com/news,300212,174894703.html",2015-06-08 12:50:20,吧里咋那么平静啊 高手指点 易华录还跌吗
截止2015年6月9日，股东人数多少？,"https://guba.eastmoney.com/news,300212,915452841.html",2015-06-09 14:40:00,"截止2015年6月9日，股东人数多少？ 
易华录
易华录：感谢您对公司的关注！公司无法获取每个交易日的股东人数，仅可获悉月中及月末的股东人数信息。截至5月29日，公司股东总户数为9,436，请参考。
(来自深交所互动易)答复时间 2015-06-09 14:40:00"
先胖不是胖，后胖压塌了炕。,"https://guba.eastmoney.com/news,300212,167874589.html",2015-05-21 10:17:59,"75。127元
20。84元
易华怂，77元
还是得谢谢数字银江为212的高点彻底打开了空间
不然迷茫的他，怎么能知道自己要去哪儿？"
易华录是熊市牛股牛市熊股吗？,"https://guba.eastmoney.com/news,300212,174486256.html",2015-06-06 12:27:10,"1、易华录现价的后复权价是80.98元*2*2*1.2=388.70元（未计算现金分配除权），上市的发行价是30.46元，上市至今4年1个月，能有接近13倍的涨幅，相当不错。
2、易华录股价在2014年3月20日曾达到45.83元（后复权价219.98元），现价较之涨幅76.70%。
3、2014年3月20日上证指数1993点，现在（2015年6月5日）5023点，涨幅152.03%。
4、2014年3月20日深证成指6998点，现在（2015年6月5日）17649点，涨幅152.20%。
5、2014年3月20日创业板指数1417点，现在（2015年6月5日）3885点，涨幅174.17%。
6、2014年3月20日钱龙502029IT指数1996点，现在（2015年6月5日）7496点，涨幅275.56%。
7、2011年5月5日易华录上市当天，开盘价28.01元，按前复权价为5.84元，收盘价27.70元，前复权价5.77元。无论开盘价还是收盘价都跌破发行价30.46元，前复权价为6.35元。
8、2011年5月5日上证指数2827点；深成指12085点；创业板指914点；钱龙502029指数1407点。"
政府资源优势整合资源我们上调目标价，长期看到150 元。,"https://guba.eastmoney.com/news,300212,174542097.html",2015-06-06 17:13:07,"云计算大会将召开 相关概念股爆发在即
2015年06月02日 16:07来源：
字体：大中小|共29273人参与讨论|用手机讨论
　　易华录：智慧城市又一垂直领域

　　事件：

　　公司5 月15 日公告：与全国老龄工作委员会办公室信息中心签署《关于共同发展智慧养老服务合作协议》，双方成立合资公司“华录健康有限公司”，围绕智慧养老服务，重点研发互联网、移动互联网、物联网、大数据等技术在以老年健康管理服务为代表的养老服务领域的应用，推动智慧养老服务相关创新成果的产业化。双方共同支持、扶持合资公司在相关城市开展智慧养老服务的市场化运营，向社会推广智慧养老、智慧健康服务理念，扶持合资公司将相关研发成果、经验上升为我国智慧养老服务领域的技术标准及应用标准；支持合资公司联合相关城市打造智慧养老服务的产业孵化基地、项目运营总部、行业标准检测中心和集采中心。

　　点评：

　　1、依托政府资源，开展智慧养老。全国老龄工作委员会办公室信息中心是经中编办批准设立的直属全国老龄工作委员会办公室的事业单位，主要承担全国老龄办委托的全国老龄信息化建设、老龄统计、发展智慧养老、老龄信息监测报送等工作。我们认为，一、公司与信息中心合作，可以获取最一线的养老需求以及目标用户数据，便于开展养老服务。二、国家对养老产业给予极大政策支持，目前各地方政府态度非常积极，通过老龄委的牵线，便于易华录养老服务进行落地以及获得政府财政支持，推广成本低。三、养老产业非常大，公司在养老方面可以以平台做为发展目标，与社会优质养老服务机构进行对接，进行资源整合。

　　2、重申推荐逻辑：政府+互联网已经启动，转型智慧城市运营商。我们重申此前的推荐逻辑，在整个社会向互联网+转型的大背景下，政府也开始释放资源，政府购买服务、政府开放数据已经成为大势所趋，公司借此良机，正在从一个传统的智慧城市项目、工程类公司向政府数据运营商转型，不仅运营模式发生变化，客户也由原来的2B 变为2C。交通和养老行业作为最先落地的两个垂直行业，通过和政府合作，获取政府数据等资源，先是以小而美的产品或服务吸引用户，进而通过内生和合作的方式打造行业服务平台，重度运营。我们认为，无论交通还是养老产业都有巨大市场空间，而要想在这两方面做大做强，没有政府资源是很难的，公司的央企身份无疑是最大保证。

　　3、“互联网+央企”国家队身份应给予足够重视。我们看到，公司过往已经和20 多个城市签订智慧城市合作协议、与辽宁公安部合作运营互联网交通安全服务平台、设立两岸信息消费研究院有限公司、发起设立 “中国互联网发展基金会”、与白俄罗斯共和国BN 公司签署合作备忘录、与全国老龄工作委员会办公室信息中心签署合作协议。这一系列举措已经将公司与政府的紧密关系体现无疑，我们认为，公司作为A 股央企+互联网的稀缺标的，有望在未来获得更多与智慧城市有关的项目、数据、渠道资源，借助资本市场的资金优势，在解决了激励机制后，可以在各个垂直领域进行深度运营，打造互联网+智慧城市的运营平台。

　　4、大数据+云计算+信息安全，为智慧城市带来新机会，公司提早布局。数据成为智慧城市建设中的重要纬度，大数据将遍布智慧交通、智慧医疗、智慧社区等智慧城市建设的各个方面，帮助城市管理从“粗放型治理”转向“精细化治理”。公司签约能力极强，过去以及未来在数十个城市拿下的智慧城市建设项目，通过项目运行中沉淀的大量数据，做大数据运营，公司已经在大数据产品上有了阶段性成果。

　　云计算技术以其虚拟化、可扩展、可靠性等优势，在推动电子政务基础设施共建共享和共用，提高资源利用率，减少重复建设等方面，发挥着越来越重要的作用。根据国家电子政务“十二五”规划，政务部门业务应用系统必然向云计算模式的电子政务公共平台迁移和深化。2014 年公司与阿里云成为重点合作伙伴，共同为客户提供基于阿里云计算平台的智慧城市咨询、设计、建设、运营、应用开发等相关服务。

　　网络与信息安全也在《“十二五”国家政务信息化工程建设规划》中的四项重点任务之一明确提及，在信息安全已经被提升为国家战略的背景下，电子政务云平台更要实现自主可控、安全可靠。公司智慧城市的实施战略为一体两翼，一体即智慧城市，两翼即信息安全和网络支付。

　　5、维持买入评级

　　预计2015-2017 年EPS 分别为0.90 元、1.48 元、2.35 元，对应当前股价的PE 分别为84.7 倍、51.1 倍、32.3倍，维持“买入”评级。由于股价已经超过我们此前的第一目标价位68 元，鉴于公司的政府资源优势以及近期一系列举措展现出的整合资源的强大能力，我们上调目标价，长期看到150 元。

　　6、风险提示

　　PPP 模式未形成完整的法律框架体系。各地政府在落实PPP 模式过程中推进不到位等风险。企业在运营方面形成成熟模式的速度低于预期。创业板大幅下跌风险。(国海证券)
展开阅读全文"
京津冀发展轨道交通规划已经发布，易华录能做点什么？,"https://guba.eastmoney.com/news,300212,915452838.html",2015-06-09 14:41:00,"京津冀发展轨道交通规划已经发布，易华录能做点什么？ 
易华录
易华录：: 感谢您对公司的关注！公司目前在轨道交通领域已经积累了一定的技术能力和项目经验，并建立了良好的合作伙伴关系，京津冀区域是公司重点业务区域之一，在京津冀协同发展规划指引下，公司将积极谋求全方位、深度参与京津冀的交通及智慧城市建设。
(来自深交所互动易)答复时间 2015-06-09 14:41:00"
三只乌鸦站枝头,"https://guba.eastmoney.com/news,300212,174246354.html",2015-06-05 14:49:29,三只乌鸦站枝头
你好，听说易华录六月份还要融资，增发还没通过。这样是不是有损股东权益。谢谢。,"https://guba.eastmoney.com/news,300212,915452829.html",2015-06-09 14:42:00,"你好，听说易华录六月份还要融资，增发还没通过。这样是不是有损股东权益。谢谢。 
易华录
易华录：: 感谢您对公司的关注！公司非公开发行方案目前正等待证监会上会审批，具体时间安排请关注后续公司披露信息。公司本次非公开发行方案实施后不排除未来继续融资的可能，我们认为资金是支撑公司发展的重要因素，公司的快速发展有利于保障股东权益、实现股东利益。
(来自深交所互动易)答复时间 2015-06-09 14:42:00"
你好，最近公司是不是在研发老人可以穿戴的智能设备，如果是，公司有没有准备量产，推,"https://guba.eastmoney.com/news,300212,915452830.html",2015-06-09 14:42:00,"你好，最近公司是不是在研发老人可以穿戴的智能设备，如果是，公司有没有准备量产，推向市场。 
易华录
易华录：: 感谢您对公司的关注！公司近期与国家老龄委签署了战略合作协议，布局健康养老业务领域。可穿戴设备是智慧养老的重要环节之一，公司目前一方面利用自身已有的资源进行研发生产，另一方面也在与外部的优质资源进行合作，关于量产、推广等事宜尚待未来市场情况而定，请届时关注。
(来自深交所互动易)答复时间 2015-06-09 14:42:00"
易华录：收到中标通知书,"https://guba.eastmoney.com/news,300212,174162347.html",2015-06-05 12:28:55,"易华录(300212)6月5日公告， 易华录于近日收到德宏傣族景颇族自治州人民政府签发的《中标通知书》，公司成为“‘平安德宏’高清视频监控系统建设项目”的中标人。 


　　中标总价：206,976,000.00 元人民币


　　中标标的：新建 3200 路高清视频监控系统。 (来源:证券时报网) [点击查看原文]"
津翼承接八大重点产业，其中就有健康养老产业，不知易华录有没有参与其中。,"https://guba.eastmoney.com/news,300212,915452825.html",2015-06-09 14:43:00,"津翼承接八大重点产业，其中就有健康养老产业，不知易华录有没有参与其中。 
易华录
易华录：: 感谢您对公司的关注！公司近期与国家老龄委签署了战略合作协议，布局健康养老业务领域。京津冀区域是公司重点业务区域之一，在京津冀协同发展规划指引下，公司将积极谋求全方位、深度参与京津冀的交通、健康养老及智慧城市建设，具体项目的落地情况请关注公司后续的披露信息。
(来自深交所互动易)答复时间 2015-06-09 14:43:00"
你好，我一直是易华录坚定的持有者。辽宁省交通运营平台，是九月份建成，还是九月份才,"https://guba.eastmoney.com/news,300212,915452816.html",2015-06-09 14:44:00,"你好，我一直是易华录坚定的持有者。辽宁省交通运营平台，是九月份建成，还是九月份才开始建。我们有大数据，怎么盈利呢，每年能提供多少利润呢？听说林总说今年还会签十个这样的项目。不知道是真的还是假的。 
易华录
易华录：: 感谢您对公司的关注！（1）我们预计今年能够搭建完成辽宁省交通运营平台，经测试、调试、试运营后正式全面上线。（2）在数据的变现方面，互联网交通管理平台对政府和群众是免费的，后期运营收益主要来源于一是罚没款手续费收取；二是与机构合作，如与保险公司、银行、汽车厂、4S店、广告公司、维修厂等机构进行合作，公司目前正在商谈合作的商业模式，尚难预计具体的利润数据。（3）公司极其重视并看好辽宁交通互联网模式，当竭力将辽宁交通互联网模式拓展到其他省市，其他省市合作协议的具体签订情况请关注公司后续的信息披露。
(来自深交所互动易)答复时间 2015-06-09 14:44:00"
三只乌鸦站枝头，这是很少出现的现象。警惕！,"https://guba.eastmoney.com/news,300212,174247196.html",2015-06-05 14:50:31,三只乌鸦站枝头，这是很少出现的现象。警惕！
每天下一元一个台阶，有意思。,"https://guba.eastmoney.com/news,300212,173934363.html",2015-06-04 20:08:08,每天下一元一个台阶，有意思。
中报预告什么时间出呢？预增多少才会出呢？,"https://guba.eastmoney.com/news,300212,915452811.html",2015-06-09 14:45:00,"中报预告什么时间出呢？预增多少才会出呢？ 
易华录
易华录：感谢您对公司的关注！根据深交所有关规定，半年度报告业绩预告不应晚于报告期当年的7月15日。
(来自深交所互动易)答复时间 2015-06-09 14:45:00"
易华录:2014年年度权益分派实施公告,"https://guba.eastmoney.com/news,300212,173392328.html",2015-06-03 16:40:14,"公告日期：2015-06-04
证券代码：300212 证券简称：易华录 公告编号：2015-033

北京易华录信息技术股份有限公司

2014年年度权益分派实施公告

本公司及董事会全体成员保证信息披露内容的真实、准确和完整，没有虚假记载、误导性陈述或重大遗漏。

一、通过分派方案的股东大会届次和时间

1、北京易华录信息技术股份有限公司（以下简称“公司”）2014年年度权益分派方案已获2015年4月20日召开的2014年度股东大会审议通过，2014年度股东大会决议公告（公告编号：2015-025）已于2015年4月20日刊登在中国证监会指定的创业板信息披露网站上。

2、本次权益分派的实施时间距离股东大会通过2014年度利润分配方案时间未超过两个月。

二、权益分派方案

公司2014年年度权益分派方案为：以公司现有总股本32,160万股为基数，向全体股东每10股派1元人民币现金（含税；扣税后，QFII、RQFII以及持有股改限售股、新股限售股的个人和证券投资基金每10股派0.9元；持有非股改、非新股限售股及无限售流通股的个人、证券投资基金股息红利税实行差别化税率征收，先按每10股派0.95元，权益登记日后根据投资者减持股票情况，再按实际持股期限补缴税款；对于QFII、RQFII外的其他非居民企业，本公司未代扣代缴所得税，由纳税人在所得发生地缴纳。）。

【注：根据先进先出的原则，以投资者证券账户为单位计算持股期限，持股1个月（含1个月）以内，每10股补缴税款0.15元；持股1个月以上至1年（含1年）的，每10股补缴税款0.05元；持股超过1年的，不需补缴税款。】

三、股权登记日与除权除息日

本次权益分派股权登记日为：2015年6月9日，除权除息日为：2015年6月10日。

四、权益分派对象

本次分派对象为：截止2015年6月9日下午深圳证券交易所收市后，在中国证券登记结算有限责任公司深圳分公司（以下简称“中国结算深圳分公司”）登记在册的本公司全体股东。

五、权益分派方法

1、公司此次委托中国结算深圳分公司代派的现金红利将于2015年6月10日通过股东托管证券公司（或其他托管机构）直接划入其资金账户。

2、以下A股股东的现金红利由本公司自行派发：

序号 股东账号 股东名称

1 08*****429 中国华录集团有限公司

2 01*****238 林拥军

3 01*****113 甄爱武

六、有关咨询方法

咨询机构：公司证券与投资管理部

咨询地址：北京市石景山区阜石路165号中国华录大厦B座

咨询电话：010-52281160

传真电话：010-52281188

咨询联系人：颜芳

七、备查文件

1、公司2014年度股东大会决议；

2、中国结算深圳分公司确认有关权益分派具体时间安排的文件。

特此公告。

北京易华录信息技术股份有限公司

董事会

2015年6月3日


[点击查看PDF原文]
提示：本网不保证其真实性和客观性，一切有关该股的有效信息，以交易所的公告为准，敬请投资者注意风险。
展开阅读全文"
今天把银江卖了，复权价突破100元了，真有点舍不得，毕竟抱了三四年了！,"https://guba.eastmoney.com/news,300212,173780521.html",2015-06-04 14:05:31,今天把银江卖了，复权价突破100元了，真有点舍不得，毕竟抱了三四年了！
先胖的不一定是真胖 小易好好表现 超过它们,"https://guba.eastmoney.com/news,300212,173771623.html",2015-06-04 13:54:30,先胖的不一定是真胖 小易好好表现 超过它们
易华录愧对智能交通龙头之称,"https://guba.eastmoney.com/news,300212,173528567.html",2015-06-03 23:17:49,300020银江股份今日连续第二个涨停，报收47.39元，复权价104.26元，连创历史新高；002373千方科技涨停收报76.77元，创历史新高。易华录今日跌幅1.30%，收报84.00元，离前期高点还有4.17%的涨幅。
可怕的双头,"https://guba.eastmoney.com/news,300212,173176522.html",2015-06-03 10:12:39,可怕的双头
强烈抗议，我的帖子发出就被删，难道只能发忽悠买进的帖子，就能嘛！我也是个老股民，,"https://guba.eastmoney.com/news,300212,173200965.html",2015-06-03 10:39:02,强烈抗议，我的帖子发出就被删，难道只能发忽悠买进的帖子，就能嘛！我也是个老股民，看着行情发表观点在这里不行也罢，只是希望多多提醒小散，就不行嘛！
央企始终玩不过民企，智慧城市已被银江垄断，易华录基本吃不到肉,"https://guba.eastmoney.com/news,300212,173196758.html",2015-06-03 10:34:17,银江股份戴维斯双击，易华录跟屁虫被动上涨，抛弃，全部抛掉，换入银江股份
打个点，关注，准备调仓换股！,"https://guba.eastmoney.com/news,300212,166138856.html",2015-05-15 11:57:08,打个点，关注，准备调仓换股！
撤、快撤，走人。,"https://guba.eastmoney.com/news,300212,172815389.html",2015-06-02 12:52:47,撤、快撤，走人。
连创业板指数都涨不过，一定是有利好，压盘,"https://guba.eastmoney.com/news,300212,172760104.html",2015-06-02 10:52:59,疯狂买入，买买买，压压压，买买买，涨涨涨
央企背景，智慧城市龙头，为什么不能做人？,"https://guba.eastmoney.com/news,300212,172743463.html",2015-06-02 10:30:11,央企背景，智慧城市龙头，为什么不能做人？
你好，最近阿里云和天津交通委合作，不知易华录有没有参与其中。,"https://guba.eastmoney.com/news,300212,915466968.html",2015-06-02 16:28:00,"你好，最近阿里云和天津交通委合作，不知易华录有没有参与其中。 
易华录
易华录：感谢您对公司的关注！公司与阿里云是战略合作伙伴，同时公司在天津智能交通市场有较强的业务基础，由于天津交通委云平台的搭建也需要智能交通企业的参与，因此公司将参与到阿里云和天津交通委的合作当中。
(来自深交所互动易)答复时间 2015-06-02 16:28:00"
300212全仓买入:博通股份600455移动办公平台+远程教育启动=500美元。,"https://guba.eastmoney.com/news,300212,172275911.html",2015-06-01 08:52:06,"全仓买入:博通股份600455移动办公平台+远程教育启动=500美元。
1：600455博通股份，深沪2市总股本主板排名最少只有6200万。
2：博通股份软件是中国优秀的国土资源信息化服务提供商.今年加大力度全国安装。
3：控股师生资质陕西第一的西安交通大学城市学院.4月7号正式开通15门课程在线教育招生中。
第一季度增长1221%。
最新大宗交易价为55元/股同比2千七百只股票最低价！总市值才30亿元！未来成长无可匹敌！"
请问截止5月29日公司流通股东总户数是多少？,"https://guba.eastmoney.com/news,300212,915466961.html",2015-06-02 16:29:00,"请问截止5月29日公司流通股东总户数是多少？ 
易华录
易华录：感谢您对公司的关注！截至5月29日，公司股东总户数为9,436，目前除公司在职高管林拥军、甄爱武持有高管锁定股（占其所持股份的25%）外，公司其余股份均为流通股。
(来自深交所互动易)答复时间 2015-06-02 16:29:00"
招商证券太差了,"https://guba.eastmoney.com/news,300212,171762651.html",2015-05-29 11:00:39,"登陆了无数次，半小时以后勉强进了系统。转出30万，到现在也没成功，钱找不到了，银行查不到，证券公司没有了
20150529 10:05:06 交易完成 转出 300000.00 050002213 已处理
20150529 10:46:22 转出 300000.00 050002247 转账已报，等待银行处理"
请问，截至五月29日，公司的股东人数是多少？谢谢,"https://guba.eastmoney.com/news,300212,915466960.html",2015-06-02 16:29:00,"请问，截至五月29日，公司的股东人数是多少？谢谢 
易华录
易华录：感谢您对公司的关注！截至5月29日，公司股东总户数为9,436。
(来自深交所互动易)答复时间 2015-06-02 16:29:00"
感谢郭姐分享如此有价值的信息。从评论看，当下每天几百只涨停板的环境下，大部分人已,"https://guba.eastmoney.com/news,300212,172034092.html",2015-05-30 08:39:23,"感谢郭姐分享如此有价值的信息。从评论看，当下每天几百只涨停板的环境下，大部分人已经下意识地把短期股价当成了基本面。主要诟病集中在画大饼，试问，那些靠着跨行业并购收获连续一字板的哪个不是画大饼。相比较而言，易华录的并购集中发生在上市初期，并未迎合市场炒作，且多发生在产业链内。往大了说，炒作最热的互联网+是不是画大饼呢？哪个几百倍估值的公司不是靠大饼支撑市值的呢？
从另一个角度看，易华录是已经成功完成体制改革的央企，曾受到过中央表扬；也通过产业转型和互联网让华录领先的摄录技术在智慧城市建设中发挥作用，一个是国企改革，一个是互联网+，这两个当下最热门的大饼，易华录都画好做出来了，其他画了就能翻好几倍的公司呢？
相对来说，易华录是熊市牛股，牛市熊股，不过这波从去年底部起涨最高超三倍，诸位如果没魄力在跌破增发价的多个交易日里大笔建仓，你惨淡的收益和公司和任何人都无关，妄想追高就数个涨板的牛市幻想不建议施加在易华录身上。
我跟踪郭姐近三年，吧里老人想必都对郭姐为人有所了解。在此感谢郭姐数年如一日的坚守，为我们树立了长期投资的榜样，你的财富自由是应得的。
郭徽_慎买快卖
再加易华录
2015年5月28日，我去易华录公司，看在5年老股东的份上，受到公司领导接待，并对有些问题进行了耐心的解答。按自己的理解整理如下，可能会有出入，甚至谬误，并且肯定有遗漏 1. 增发，中介机构已经接到电话，不需要再沟通，估计6月份能得到批文。增发完成后，会有许多进一步工作。 2. ...
2015/5/29 20:56:39易华录吧"
垃圾，垃圾,"https://guba.eastmoney.com/news,300212,170407712.html",2015-05-27 13:47:57,垃圾，垃圾
今天没有跌停就算是好票了。下周打新的影响力太大了。,"https://guba.eastmoney.com/news,300212,171443115.html",2015-05-28 15:10:44,今天没有跌停就算是好票了。下周打新的影响力太大了。
2014年第一季度IT涨幅榜易华录排名第五,"https://guba.eastmoney.com/news,300212,106134798.html",2014-04-01 08:25:45,"一、2014年第一季度IT涨幅榜排名1、002195海隆软件126.75%；2、300245天玑科技96.80%；3、600446金证股份77.93%；4、600149廊坊发展73.26%；5、300212易华录66.55%。
二、2014年连续三个月月K线收阳线的四只股票是：1、300212易华录；2、300245天玑科技；3、002421达实智能；4、002544杰赛科技。"
截止5月29日，股东人数为多少？希望得到答复，非常感谢！,"https://guba.eastmoney.com/news,300212,915466950.html",2015-06-02 16:30:00,"截止5月29日，股东人数为多少？希望得到答复，非常感谢！ 
易华录
易华录：感谢您对公司的关注！截至5月29日，公司股东总户数为9,436。
(来自深交所互动易)答复时间 2015-06-02 16:30:00"
各位股友好！！本人想办理国泰君安的微融资，就是不太清楚划为担保品的股票融资后还能,"https://guba.eastmoney.com/news,300212,172004806.html",2015-05-29 22:55:57,各位股友好！！本人想办理国泰君安的微融资，就是不太清楚划为担保品的股票融资后还能不能交易，期盼办理过此业务的易友能帮我解惑，不甚感激！
请问定增证监会反馈意见公司回复内容是否可以公开，或者在互动易平台上公开，谢谢！,"https://guba.eastmoney.com/news,300212,915466944.html",2015-06-02 16:30:00,"请问定增证监会反馈意见公司回复内容是否可以公开，或者在互动易平台上公开，谢谢！ 
易华录
易华录：感谢您对公司的关注！公司对证监会反馈意见的回复内容我们将根据证监会的要求履行披露义务。
(来自深交所互动易)答复时间 2015-06-02 16:30:00"
不错哈@DirkZhao [怒][怒],"https://guba.eastmoney.com/news,300212,171867547.html",2015-05-29 14:22:35,不错哈@DirkZhao
做个短68买入75.5卖出 跌了那么多，找找盘面感觉！,"https://guba.eastmoney.com/news,300212,171829217.html",2015-05-29 13:32:56,做个短68买入75.5卖出，跌了那么多，找找盘面感觉！
20150529-冲不破5日线压制短期还得调整，深度难测。,"https://guba.eastmoney.com/news,300212,171824739.html",2015-05-29 13:26:24,20150529-冲不破5日线压制短期还得调整，深度难测。
你好，易华录一上市我就开始关注到现在。我觉得易华录的前景不错，国家现在开始大力投,"https://guba.eastmoney.com/news,300212,915466940.html",2015-06-02 16:31:00,"你好，易华录一上市我就开始关注到现在。我觉得易华录的前景不错，国家现在开始大力投资智慧城市，现在也推了ppp，公私合营。我觉的世界级的公司都是从并购开始，像微软一上市就是并购上百个公司成为了现在世界级的公司。现在公司在并购方面有什么动作吗。如果并购公司贵公司怎么考虑并购公司呢。 
易华录
易华录：: 感谢您对公司的关注！（1）公司一直将并购重组作为发展壮大的重要途径，也在寻找合适的标的和适当的时机。（2）公司已形成“以智慧城市产业为核心，以智能交通产业为基础，以公共安全产业为方向”的产业发展战略，目前探索将PPP、数据运营、互联网与智慧城市相结合，利用PPP模式获取智慧城市建设和运营项目，通过政府数据开放及自身数据沉淀，做大数据运营，进而利用互联网模式提供应用服务；与此同时，为保障数据安全、形成业务闭环，公司将实施“一体两翼”战略，在智慧城市产业主体下，布局信息安全和金融支付平台两大相关板块。因此，除在传统行业外，公司目前对在信息安全、金融支付、互联网应用等方面的创新公司都非常有兴趣。
(来自深交所互动易)答复时间 2015-06-02 16:31:00"
发展改革委集中向社会公开推介PPP项目，项目库显示本次发布的PPP项目共计104,"https://guba.eastmoney.com/news,300212,915466939.html",2015-06-02 16:31:00,"发展改革委集中向社会公开推介PPP项目，项目库显示本次发布的PPP项目共计1043个，总投资1.97万亿元.公司可有参与？谢谢 
易华录
易华录：感谢您对公司的关注！PPP模式是公司目前正在积极探索的建设模式之一，若各方面资源条件吻合，公司不排除参与的可能。
(来自深交所互动易)答复时间 2015-06-02 16:31:00"
今天拉个涨停吧,"https://guba.eastmoney.com/news,300212,170705075.html",2015-05-28 09:20:12,今天拉个涨停吧
主力啊，洗的差不多了吧？,"https://guba.eastmoney.com/news,300212,170877514.html",2015-05-28 11:23:05,主力啊，洗的差不多了吧？
投资者互动平台的消息：感谢您对公司的关注！（1）公司与阿里的合作进展顺利，阿里,"https://guba.eastmoney.com/news,300212,170541749.html",2015-05-27 17:45:30,"投资者互动平台的消息：
感谢您对公司的关注！（1）公司与阿里的合作进展顺利，阿里已经开放其签署的全国七个省份的智慧城市项目，由易华录直接面向政府提供云平台之上的智慧城市应用解决方案。合作一方面继续在阿里签约省份按照易华录为业务集成商、阿里云为IT基础服务提供商联合面对客户的模式，寻求试点推进项目落地；另外一方面探索由易华录实施政府服务资源整合，由阿里负责线上推广服务的全方位合作路线，谋求轻应用资源在支付宝、高德、淘宝等多种服务中的嵌入式展现。（2）公司与阿里的合作目前并未从根本上影响公司的盈利模式，但预计随着未来运营及线上业务的增多，公司的盈利模式或将产生重大变化。（3）公司北美分公司目前仍在筹备中，待设立后公司将及时发布相关公告。"
今天刚买的，明天涨了就卖了吧,"https://guba.eastmoney.com/news,300212,170342018.html",2015-05-27 11:38:49,有没有大神指点下。
所持有的单一证券市值占信用账户证券总市值的比例不得超过70%,"https://guba.eastmoney.com/news,300212,170248687.html",2015-05-27 09:45:59,"，“投资者有未到期的融资融券负债，所持有的单一证券市值占信用账户证券总市值的比例不得超过70%，达到指标控制上限时，由交易系统实时限制该只证券的新增融资买入、担保品买入

易华录高管都信用账户持有！
与这有关系吗？"
养老概念股。河南省安全监管局网站消息，5月25日20时左右平顶山市鲁山县城西,"https://guba.eastmoney.com/news,300212,169941262.html",2015-05-26 11:36:49,"养老概念股。

河南省安全监管局网站消息，5月25日20时左右平顶山市鲁山县城西琴台办事处三里河村一老年康复中心发生火灾。截至26日凌晨4时30分，抢险人员共抢救出44人，其中：38人死亡、4人轻伤、2人重伤，伤者已送医院救治。


记者进入失火现场时，有几位老人还留在那里。有老人说，火灾原因是电路出问题了。整个敬老院有100多位老人。能够自由行动和丧失行动能力的老人被安排在不同区域。起火时可能有几十位偏瘫老人被困在房间里。截止2点左右，现场还有少量余火没熄灭。救援人员正在使用铲车清理。"
尼玛，主力你啥时拉啊？,"https://guba.eastmoney.com/news,300212,169930325.html",2015-05-26 11:21:22,尼玛，主力你啥时拉啊？
今天亏损就因为这个票，郁闷,"https://guba.eastmoney.com/news,300212,169671361.html",2015-05-25 14:54:27,希望明天大反弹
易华录不仅仅是养老概念，还有PPP概念,"https://guba.eastmoney.com/news,300212,169416573.html",2015-05-24 16:52:28,国家大力发展PPP业务，万亿资金，易华录与多个城市有合作，对2015年财政部将大力推广PPP模式，而总体而言易华录方面对此模式的态度算得上是“喜闻乐见”，PPP运作模式效率较高，相比招投标模式完全依赖政府资金，PPP模式将有效利用政府资金撬动社会资金，易华录可以在论证、立项、可行性研究阶段就参与进去，围绕运营问题推动项目的落地；另一方面，由于PPP项目的主体是多元化组成的，各方共同判定可行性，一旦论证可行将尽快落地，有助于推动项目进展，加快建设，尤其对于大项目而言更是如此
有望成为下一个万达信息吗？,"https://guba.eastmoney.com/news,300212,169261854.html",2015-05-23 11:36:03,有望成为下一个万达信息吗？
30块还走过大宗，挺有意思,"https://guba.eastmoney.com/news,300212,169411014.html",2015-05-24 15:45:26,"30块还走过大宗，挺有意思//@财神到了好 :怎么看易华录？
股友0CQ2213738
从银江管理层连续增持中说明什么？一直被删帖，请管理出来澄清，为何？
自从4月30日银江年报说明会上，吴越董事长听起来一句戏言（我愿意增持），到现在变成了，吴越带领管理层接二连三的增持股份，戏言变成了实实在在的行动，言必信，行必果，也是浙江商人的准则！管理层不怕价高，不怕创业板调整的风险密集增持背后有什么故事支持。我个人看法，同仁们可积极讨论，第一...
2015/5/16 10:24:01*ST银江吧"
白俄罗斯派全权代表来考察易华录啦！顺便签几个单！！[俏皮][俏皮][俏皮],"https://guba.eastmoney.com/news,300212,169323213.html",2015-05-23 18:15:51,白俄罗斯派全权代表来考察易华录啦！顺便签几个单！！
近期阿里巴巴签订数个智慧城市协议，公司有无参与其中？两家公司从签订协议以来有无成,"https://guba.eastmoney.com/news,300212,915484599.html",2015-05-26 17:52:00,"近期阿里巴巴签订数个智慧城市协议，公司有无参与其中？两家公司从签订协议以来有无成功的合作案例？盈利模式与公司之前的独立业务相比有何区别？公司美国分公司进展如何？ 
易华录
易华录：: 感谢您对公司的关注！（1）公司与阿里的合作进展顺利，阿里已经开放其签署的全国七个省份的智慧城市项目，由易华录直接面向政府提供云平台之上的智慧城市应用解决方案。合作一方面继续在阿里签约省份按照易华录为业务集成商、阿里云为IT基础服务提供商联合面对客户的模式，寻求试点推进项目落地；另外一方面探索由易华录实施政府服务资源整合，由阿里负责线上推广服务的全方位合作路线，谋求轻应用资源在支付宝、高德、淘宝等多种服务中的嵌入式展现。（2）公司与阿里的合作目前并未从根本上影响公司的盈利模式，但预计随着未来运营及线上业务的增多，公司的盈利模式或将产生重大变化。（3）公司北美分公司目前仍在筹备中，待设立后公司将及时发布相关公告。
(来自深交所互动易)答复时间 2015-05-26 17:52:00"
你好。据我了解，创业板公司定增价基准现变更为证监会批文下发日股价，鉴于公司股价近,"https://guba.eastmoney.com/news,300212,915484600.html",2015-05-26 17:52:00,"你好。据我了解，创业板公司定增价基准现变更为证监会批文下发日股价，鉴于公司股价近期大幅拉升，而批文尚未下发，公司定增价格是否会因为远高于29元而遭遇诸如参与方退出等突发情况导致定增无法顺利实施？该种情况下，公司如何应对？ 
易华录
易华录：: 感谢您对公司的关注！根据《上市公司非公开发行股票实施细则》的有关规定，“定价基准日”是指计算发行底价的基准日，定价基准日可以为关于本次非公开发行股票的董事会决议公告日、股东大会决议公告日，也可以为发行期的首日。因此，公司非公开发行价格的基准日定为董事会决议公告日符合相关规定，在当前法律法规框架下不需要调整。
(来自深交所互动易)答复时间 2015-05-26 17:52:00"
昨晚顿悟，养老是个大手笔。今天出量了，好事！,"https://guba.eastmoney.com/news,300212,168380034.html",2015-05-22 11:00:56,"昨晚顿悟，养老是个大手笔。

今天出量了，好事！"
科普,"https://guba.eastmoney.com/news,300212,166427463.html",2015-05-16 15:17:05,"新概念：创蓝筹。长城证券将其定义为：

　　创业板和中小板中的龙头，成长迅速，业绩有保障，市值增长空间大，且在本轮牛市中迅速成长，获得资本市场的青睐，未来有望接替主板中的旧蓝筹成为未来中国股票市场和中国企业的中坚力量。
创蓝筹就是本轮行情的生命线，而不久的将来注册制后正式推出后，届时创蓝筹将接替新蓝筹成为市场新的中流砥柱。"
压的漂亮！！！任何不符合常理的压盘，都会再绷紧的弹簧下强力弹射出去！3周到8,"https://guba.eastmoney.com/news,300212,163520452.html",2015-05-06 14:01:37,"压的漂亮！！！

任何不符合常理的压盘，都会再绷紧的弹簧下强力弹射出去！3周到80！"
做死能不能这样~~痛快拉升 痛快杀跌~~~,"https://guba.eastmoney.com/news,300212,168387466.html",2015-05-22 11:10:25,操盘太猥琐了~~
比银江弱多了,"https://guba.eastmoney.com/news,300212,167850182.html",2015-05-21 09:49:00,比银江弱多了
老郭也高兴下，祝贺易华的投资者，深港通首选标的！,"https://guba.eastmoney.com/news,300212,167513227.html",2015-05-20 13:05:15,老郭也高兴下，祝贺易华的投资者，深港通首选标的！
2015年5月20日—21日，2015华为网络大会（HNC2015）在北京国家会,"https://guba.eastmoney.com/news,300212,167940767.html",2015-05-21 11:46:04,"2015年5月20日—21日，2015华为网络大会（HNC2015）在北京国家会议中心举行，此次网络大会以物联网为主角，以“从敏捷，到无尽可能”为主题，从战略、方案、应用等角度展示了敏捷物联的新技术和应用，为业界打开一个“无尽可能”网络。
北京易华录受邀参加了此次盛会并发表了题为“基于敏捷网络的智能交通运维管控系统”的主题演讲，受到了与会代表的一致好评。与华为公司联合研发的新型产品“智能管控器”及“基于敏捷网络的智能交通运维管控系统”首次在此次大会中亮相，受到了国内外代表的一致认可，同时也证明了易华录公司在智能交通领域的产品研发实力。
易华录公司将继续加强与华为的合作，积极拥抱互联网，为加速实现物联网创新成果的应用落地而积极努力。"
看样子明天还要画个十字星，到了震仓的时候了,"https://guba.eastmoney.com/news,300212,167183767.html",2015-05-19 14:44:46,看样子明天还要画个十字星，到了震仓的时候了
2015年5月20日—21日，2015华为网络大会（HNC2015）在北京国家会,"https://guba.eastmoney.com/news,300212,168201291.html",2015-05-21 21:25:43,"2015年5月20日—21日，2015华为网络大会（HNC2015）在北京国家会议中心举行，此次网络大会以物联网为主角，以“从敏捷，到无尽可能”为主题，从战略、方案、应用等角度展示了敏捷物联的新技术和应用，为业界打开一个“无尽可能”网络。
北京易华录受邀参加了此次盛会并发表了题为“基于敏捷网络的智能交通运维管控系统”的主题演讲，受到了与会代表的一致好评。与华为公司联合研发的新型产品“智能管控器”及“基于敏捷网络的智能交通运维管控系统”首次在此次大会中亮相，受到了国内外代表的一致认可，同时也证明了易华录公司在智能交通领域的产品研发实力。
易华录公司将继续加强与华为的合作，积极拥抱互联网，为加速实现物联网创新成果的应用落地而积极努力。"
2000多手的单子都能拉这么高 真无语了,"https://guba.eastmoney.com/news,300212,168036170.html",2015-05-21 14:37:10,"现在的易华录就是一个月前的银江股份，控盘超高，筹码锁定良好。
反观银江强弩之末而已，大家拭目以待！"
先休息两天吧,"https://guba.eastmoney.com/news,300212,167906195.html",2015-05-21 10:57:37,先休息两天吧，主力前两天累着了，没起床吧
为什么超大单都在出啊？[怒],"https://guba.eastmoney.com/news,300212,167882192.html",2015-05-21 10:27:28,为什么超大单都在出啊？
今天要站上80了！,"https://guba.eastmoney.com/news,300212,167379341.html",2015-05-20 08:47:37,今天要站上80了！
深成指扩容或为深港通铺路。,"https://guba.eastmoney.com/news,300212,167508204.html",2015-05-20 12:48:38,"深圳证券交易所和深圳证券信息有限公司今日宣布，于20日对深证成份指数（简称：深证成指，代码：399001）正式实施样本股扩容。扩容后，指数样本数量将从现有的40只扩大到500只，指数代码、指数简称、选样规则保持不变。

　　经过本次扩容，深证成指的市场代表性大幅提升。新深证成指的总市值约13万亿元，市值覆盖率接近60%，与国内外市场标尺性指数的覆盖率水平相当。

　　深证成指的板块分布更趋均衡合理。扩容后，主板、中小板、创业板公司权重分别为48%、35%、17%，与三类公司在深圳市场的市值占比较为接近。扩容后，金融地产行业权重从31%下降到14%；同时，信息技术行业权重从14%提升至20%，成为第一大权重行业。新深证成指行业结构与上证综指及沪深300指数形成明显差异，凸显了深圳市场的结构特征。

值得注意的是，部分机构表示，深成指扩容很大可能是在为深港通的开通做准备，新深成指大部分甚至全部股票都有可能成为深港通标的。"
神创板危险，主板就安全吗？,"https://guba.eastmoney.com/news,300212,166390840.html",2015-05-16 10:46:29,"很多观点已经强调过很多次，不妨再次重复。几十亿市值的股票高喊高估，几千上万亿市值的股票却说低估；（请问，那些市值几千上万亿的公司如果亏损，那该如何估值？）
　　神创高增长却天天喊危险，难道主板负增长就安全了？
　　他们喜欢谈低股价却不敢说高市值，他们喜欢谈低市盈率却不敢提及负增长，他们喜欢谈过去的辉煌却不敢展望未来。
　　为什么2015年一季度神创高增长，主板主营净利润双双负增长却少有人提及包括媒体，难道他们不知道这个数据的重要性。理由只有一个，他们怕。
　　他们怕什么？他们怕主板暴跌，他们怕神创继续暴涨。
　　他们为什么怕主板暴跌？因为主板暴跌他们无法顺利脱身。他们为什么怕神创暴涨？因为他们还没有上车，他们在找机会上车啊。
　　当今的中国，神创走牛才是符合中国的经济基本面，神创才是中国经济的未来。很多人喜欢把中国股市看着是政策市，其实如果你仔细梳理过去几次牛市的主线，你会发现，中国的股市每一次牛市的主线其实和当时的经济发展情况高度的一致，股市是经济的晴雨表在中国没有失效。
　　任何一个国家的股市各种现象，只有从成长发展的角度去诠释、去理解，多数的怪现象都会得到合理的解释。当然，任何一个股市，都不可避免地出现大资金操纵某只股票的现象，但如果你抛弃那些人为的操作行为而把目光聚集在市场主线，你会发现，其实多数的股票上涨其背后是有其合理的逻辑在支撑的，这个逻辑就是成长。
　　很多人刻舟求剑，总是喜欢去研究过去牛市走牛的个股，希望他们再次走牛，可惜的是，现在整个经济结构已经悄然发生了重大的变化，你怎么还可能期待他们花开二次呢？研究过去走牛的个股的作用是让我们理解当时这些个股为什么会走牛，从而为我们寻找未来的牛股提供一些有用的线索，而不是死板地买入过去的牛股。
　　再次重申，成长才是价值投资的精髓，其它的都是扯淡。有价值不见得就有投资价值，没价值就不见得没有投资价值。从小到大、从有瑕疵到完美，才是我们投资者应该追求的。"
为什么不涨,"https://guba.eastmoney.com/news,300212,167629064.html",2015-05-20 15:59:02,"散户比主力更有信心，有底气，成本更低
盘子轻如鹅毛
主力心虚了，咱们自己把整上去，到时候弄个并购什么的，让主力眼红"
此股主力还没意识小易的价值，低位洗筹会越洗越少[微笑][微笑],"https://guba.eastmoney.com/news,300212,167494687.html",2015-05-20 11:58:40,此股主力还没意识小易的价值，低位洗筹会越洗越少
尼玛，高位接盘，不是吧,"https://guba.eastmoney.com/news,300212,167477623.html",2015-05-20 11:24:01,尼玛，高位接盘，不是吧
创业板涨成这样我都不敢做212的T了,"https://guba.eastmoney.com/news,300212,167436823.html",2015-05-20 10:30:00,创业板涨成这样我都不敢做212的T了
智慧养老项目不成熟，基本扯淡。多数公司都亏损不堪！,"https://guba.eastmoney.com/news,300212,167000402.html",2015-05-19 09:08:50,智慧养老项目不成熟，基本扯淡。多数公司都亏损不堪！不要被忽悠！
请问截至到5月19日，公司的股东人数是多少？谢谢！,"https://guba.eastmoney.com/news,300212,915491929.html",2015-05-22 17:29:00,"请问截至到5月19日，公司的股东人数是多少？谢谢！ 
易华录
易华录：感谢您对公司的关注！公司无法获取每个交易日的股东人数，仅可获悉月中及月末的股东人数信息。截至5月15日，公司股东人数为8,470，请参考。
(来自深交所互动易)答复时间 2015-05-22 17:29:00"
今天杀一批割肉，杀一批追高的，明天低开接着调整，最快下午拉升。,"https://guba.eastmoney.com/news,300212,167267209.html",2015-05-19 18:38:45,今天杀一批割肉，杀一批追高的，明天低开接着调整，最快下午拉升。
封盘力度不够，会有麻烦。,"https://guba.eastmoney.com/news,300212,166726004.html",2015-05-18 13:16:50,封盘力度不够，会有麻烦。
公司2015年在手的未完成的订单任务有多少？另外全年是否有季度差异？,"https://guba.eastmoney.com/news,300212,915491928.html",2015-05-22 17:29:00,"公司2015年在手的未完成的订单任务有多少？另外全年是否有季度差异？ 
易华录
易华录：: 感谢您对公司的关注！（1）2014年底，公司累计新增项目金额为19.67亿元（包括已中标未签订合同的金额），同比增长了23.17%，剩余未结转收入的项目金额为13.88亿元。公司2015年新增订单情况良好，相关信息请参阅公司后续的定期报告。（2）公司订单分布有一定的季度差异，三、四季度的订单一般比一、二季度的订单量大。
(来自深交所互动易)答复时间 2015-05-22 17:29:00"
定增到哪一步了？,"https://guba.eastmoney.com/news,300212,915491925.html",2015-05-22 17:30:00,"定增到哪一步了？ 
易华录
易华录：感谢您对公司的关注！公司非公开发行事项已得到证监会的初次反馈意见，公司联合中介机构进行了认真分析和梳理，回复意见也已上报证监会，整体工作有序开展，但尚不能预计确切的完成时间，请耐心等待。
(来自深交所互动易)答复时间 2015-05-22 17:30:00"
对外发布的《中国制造2015》，对该公司今后的发展有什么影响？,"https://guba.eastmoney.com/news,300212,915491909.html",2015-05-22 17:32:00,"对外发布的《中国制造2015》，对该公司今后的发展有什么影响？ 
易华录
易华录：: 感谢您对公司的关注！国家对新一代信息技术产业的重视和支持将有利于整个软件和信息技术板块的发展，对公司互联网、云计算、大数据等技术的研发应用也具有相应的促进作用；未来智能交通工具、智能汽车的研发制造将改变现有的智能交通管理体系，对公司是重大的机遇和挑战；随着未来智能化设施设备的增多，对公司智慧城市系统的建设和运营也将带来深刻影响。
(来自深交所互动易)答复时间 2015-05-22 17:32:00"
大盘不妙，先出来透透气！主力可以拉了,"https://guba.eastmoney.com/news,300212,167092280.html",2015-05-19 11:29:08,大盘不妙，先出来透透气！主力可以拉了
易华录正准备收购凯达尔,"https://guba.eastmoney.com/news,300212,122061041.html",2014-09-02 20:01:01,两个老总快谈成了，就等着易华录坐上智能交通头把交椅。
郭姐在吗？估个值？你认为这一波易华如果市场给出溢价的话，能看高到多少？谢谢。,"https://guba.eastmoney.com/news,300212,166937243.html",2015-05-18 22:23:41,"郭姐在吗？

估个值？你认为这一波易华如果市场给出溢价的话，能看高到多少？谢谢。"
感觉此票是全国人民全会买的票,"https://guba.eastmoney.com/news,300212,166954963.html",2015-05-18 23:52:12,感觉此票是全国人民全会买的票
知道什么叫粘停板出货不？,"https://guba.eastmoney.com/news,300212,166887801.html",2015-05-18 19:28:38,知道什么叫粘停板出货不？
盘子洗得还不够干净 涨停还这么多卖单,"https://guba.eastmoney.com/news,300212,166649062.html",2015-05-18 10:29:36,盘子洗得还不够干净 涨停还这么多卖单
涨停价挂着的那一千多卖单 你就不能干脆点便宜一分钱卖了吗？,"https://guba.eastmoney.com/news,300212,166728571.html",2015-05-18 13:21:08,涨停价挂着的那一千多卖单 你就不能干脆点便宜一分钱卖了吗？
14，14，14，14。。。14手，请注意14手！,"https://guba.eastmoney.com/news,300212,166760038.html",2015-05-18 14:07:01,"14，14，14，14。。。

14手，请注意14手！"
@被忽视的智能车联网+智能控制芯片+智能穿戴芯片=盈方微000670,"https://guba.eastmoney.com/news,300212,166710011.html",2015-05-18 12:37:31,"@被忽视的智能车联网+智能控制芯片+智能穿戴芯片=盈方微000670

盈方微(000670)的主业是对移动互联网终端主处理器芯片的设计，在控制芯片设计方面尚未涉足。而此次竞购的宇芯科技是一家专注于便携式移动互联网多媒体设备（MID）、家庭网络多媒体与信息终端、多模（GPS/北斗）导航设备等移动互联网终端的核心控制芯片和相关系统方案开发的专业集成电路设计公司。我们认为，此次对宇芯的竞购将进一步加强公司在移动智能终端、智慧家庭及车联网等领域的芯片设计与软件开发方面的研发实力，助力公司在控制芯片设计方面的布局，未来将与公司主业产生较好的协同效应。
竞购宇芯仅是公司产业链布局的第一步，打造“芯片设计到终端客户应用垂直一体化产业平台”的战略布局将逐渐展开
公司前期定增23 亿元，拟投入资金强化公司在IC 设计领域的技术与市场优势。同时，公司在定增方案中明确表示将以主控芯片设计为基础，借助资本强化软件开发和系统集成能力，同时融合配套芯片设计，建立“从芯片设计到终端客户应用的垂直一体化产业平台”。我们认为，虽然此次竞购体量较小，但表明公司已在未来产业链布局上迈出了第一步，这一步也仅仅是公司开展“产业链布局蓝图”的一步，后续公司将借助资本运作，继续围绕主控芯片进行布局，打造芯片设计到终端客户应用垂直一体化产业平台。

展望15 年,公司除了继续在平板市场发力之外，继平板电脑芯片之后的四核OTT 机顶盒终端芯片目前均已启动全面的量产导入。另外，公司目前新品储备丰富，已全面布局针对未来个人、家庭、汽车等智能系统的芯片。公司的W10 系列穿戴芯片,Q3 系列芯片,以及公司第一颗64 位处理器架构芯片均是明年的主要看点，有望带来业绩的大幅改善。"
关注以下地区进展,"https://guba.eastmoney.com/news,300212,160943245.html",2015-04-25 10:04:15,西安、厦门、苏州、淮北、鹤壁、贵州、宁夏、山东、山西，关注最新进展。
研报大利好，小散还不快。我们要出货,"https://guba.eastmoney.com/news,300212,166696161.html",2015-05-18 11:45:14,研报大利好，小散还不快。我们要出货
这股很马叉虫、出利好一般都会暴跌,"https://guba.eastmoney.com/news,300212,166578443.html",2015-05-17 23:59:57,这股很骚、出利好一般都会暴跌
能否借风而起,"https://guba.eastmoney.com/news,300212,166494599.html",2015-05-17 09:51:47,易华录能否借风而起
公司各位领导：你们好！近期公司签署如此多的订单协议，你们辛苦了！怎样保证产品的同,"https://guba.eastmoney.com/news,300212,915502194.html",2015-05-19 13:50:00,"公司各位领导：你们好！近期公司签署如此多的订单协议，你们辛苦了！怎样保证产品的同步，随时满足客户需求？怎样解决资金问题（靠增发偿还债务后显然不以以应对,财报来看资金显得严重不足？怎样应对智能产品的快速升级，更新换代，并领先于同行？研发经费占比是多少？谢谢！ 
易华录
易华录：: 感谢您对公司的关注！（1）公司2014年研发投入为1.1亿元，占当期营业收入的7%，具体可参阅公司2014年年度报告的相关内容。公司始终紧随社会发展趋势，根据市场需求制定科学的技术研发规划，在充足的资金支持下，保障了公司的产品、软件技术水平在业内处于领先水平。另外，公司在互联网转型背景下，不排除积极利用资本运作收购优秀的公司，根据公司发展的需要完善技术和产品体系。（2）关于资金问题，公司将在强化项目回款管理工作的基础上，做好各项融资计划，借助易华录及华录集团的优势，不断拓展新的融资渠道，优化资本结构。同时加快再融资的实施，积极探索公司债、融资租赁等融资形式，为公司业务发展提供资金支持和保障。
(来自深交所互动易)答复时间 2015-05-19 13:50:00"
请问截止5月15日易华录股东总户数是多少？,"https://guba.eastmoney.com/news,300212,915504632.html",2015-05-18 16:26:00,"请问截止5月15日易华录股东总户数是多少？ 
易华录
易华录：感谢您对公司的关注！截止5月15日，公司股东人数为8,470。
(来自深交所互动易)答复时间 2015-05-18 16:26:00"
截止5月15日，公司的股东人数是多少？谢谢,"https://guba.eastmoney.com/news,300212,915504607.html",2015-05-18 16:28:00,"截止5月15日，公司的股东人数是多少？谢谢 
易华录
易华录：感谢您对公司的关注！截至5月15日，公司股东人数为8,470。
(来自深交所互动易)答复时间 2015-05-18 16:28:00"
央企优势凸显，“一带一路”海外初落地,"https://guba.eastmoney.com/news,300212,165669809.html",2015-05-14 08:29:24,
冲高回落？,"https://guba.eastmoney.com/news,300212,165039232.html",2015-05-12 11:08:10,这种情况既可能出现在长期上涨之后的高位区，也可能出现在上涨的初期或者中途等阶段。现在的小易是啥位置？
热烈祝贺我的东富龙成功超越易华录！,"https://guba.eastmoney.com/news,300212,157940652.html",2015-04-13 20:18:05,等我出了东富龙再来抄易华录的底！易华录还需要修复，在这里面纯粹浪费牛市的光阴。
20150514今天上面抛盘很厉害,"https://guba.eastmoney.com/news,300212,165698698.html",2015-05-14 09:53:10,20150514今天上面抛盘很厉害
智慧城市：万亿市场空间大，巨大蛋糕谁来享,"https://guba.eastmoney.com/news,300212,165710272.html",2015-05-14 10:09:20,"核心投资逻辑：
1、 为了解决当前城市的发展难题，李克强总理在两会上提出了发展智慧城市的要求，指明了未来发展的方向，智慧城市行业将得到高速的发展。
2、 目前我国规划中的193个试点城市中目前大部分处于规划阶段，智慧城市建设行业投资增速将明显提升，预计未来10年我国智慧城市建设相关投资有望超过2万亿元，涵盖智能交通、公共安全、数字城管、智慧医疗等。2010-2014年以来智慧城市年投资增速14%，未来将持续上升。
3、 看好业务进展迅速，估值较低，智慧医疗和智慧交通双轮驱动的银江股份；同时关注易华录、数字政通、汉鼎股份。。。。。。。（更多内容，请关注六耳官网）"
关于T字线。如果今天收出T字线，回调的概率比较大。,"https://guba.eastmoney.com/news,300212,165093921.html",2015-05-12 13:37:08,关于T字线。如果今天收出T字线，回调的概率比较大。
如果看市盈率买股，你会买易华录？你的逻辑何在？,"https://guba.eastmoney.com/news,300212,165420947.html",2015-05-13 11:58:18,"如果看市盈率买股，你会买易华录？你的逻辑何在？
老有价值了
易华录出了，立马换成南京银行，理由
南京银行601009，是两市最小市值银行股，动态市盈率仅7倍，2015年一季报更是高达0.6元，预计2015年每股收益2.6元以上，绝对价值洼地，价值投资及调仓换股首选。 
2015/5/13 11:16:45易华录吧"
利好出来了,"https://guba.eastmoney.com/news,300212,165148380.html",2015-05-12 14:59:32,下面怎么走？
易发緑,"https://guba.eastmoney.com/news,300212,141668649.html",2015-01-15 12:34:31,好股！第二个飞理性'有钱就买做长线：
今日银江股份公布与河北省黄骅市签订“智慧黄骅”框架协议书，是否说明母公司与河北省,"https://guba.eastmoney.com/news,300212,915502193.html",2015-05-19 13:51:00,"今日银江股份公布与河北省黄骅市签订“智慧黄骅”框架协议书，是否说明母公司与河北省签订的框架协议已不具法律效力，河北省内项目公司已不具备优先中标权？望如实回答。 
易华录
易华录：感谢您对公司的关注！公司河北项目是省级智能交通项目，银江股份与黄骅市签署的框架协议不会影响公司河北省框架协议的法律效力和落地速度。
(来自深交所互动易)答复时间 2015-05-19 13:51:00"
不要信什么听谁谁谁的，炒股要自己去看各种数据找感觉。你一旦入了谁的套，以后让你深,"https://guba.eastmoney.com/news,300212,165155025.html",2015-05-12 15:13:09,不要信什么听谁谁谁的，炒股要自己去看各种数据找感觉。你一旦入了谁的套，以后让你深入其中无法自拔。炒股久了的老手从来都是藏着掖着的。你们要是盲目去跟从，到时死伤一片就不要怨股市无情。
有新进的吗？报到一下,"https://guba.eastmoney.com/news,300212,165066092.html",2015-05-12 12:16:08,今天套住不少，
300212全仓买入：6200万股在线教育博通股份600455互联网＋手机应用全球启动！,"https://guba.eastmoney.com/news,300212,165040204.html",2015-05-12 11:09:47,"全仓买入：6200万股在线教育博通股份600455互联网＋手机应用全球启动！
注：互联网十博通股份十在线教育十手机APP国土系统信息十业绩暴升十小市值大成长十陕西国资委注入资产=500美元／股。

理由1：600455搏通股份，总股本只有6200万。深沪2市主板排名第一名的稀缺性股本才20亿元！
理由2：博通股份是中国优秀的国土资源信息化服务提供商.今年加大力度全国安装。
理由3:第三次资产注入6月可能启动！！！
理由4:2015年积极研究资本层面工作，适时对公司业务、资产和资源等进行整合、重组，提升持续盈利能力。
理由5：持股70%师生资质陕西第一的西安交通大学城市学院.4月7号正式开通15门课程在线教育招生中。
开设专业（共15个）：计算机科学与技术、会计学、金融学、工商管理、护理学、法学、管理科学（项目管理方向）、管理科学（商务管理方向）、经济学（财政金融方向）、电力系统及其自动化、热能与动力工程、环境工程、土木工程、药学、机械工程及自动化。 
荣获2014年中国金软件智慧国土领域最佳解决方案奖
荣获陕西省、西安市著名商标
煤炭行业产品列为国家火炬计划产品
翻十倍翻一百倍，博通股份，成长性是别的股票不能比拟的。耐心持股其他的不要想。比创业版股本更小！
公司精神：（博通股份 博大精通 博于外而尤贵精于内 通诸理而尤贵达于事）"
我来发个内幕消息。,"https://guba.eastmoney.com/news,300212,164820278.html",2015-05-11 15:35:16,小易总裁正在一带一路签约现场。
李艳东竟然还增持了股票,"https://guba.eastmoney.com/news,300212,164952124.html",2015-05-12 07:41:27,闲来无事，去问了一下董秘，本以为李应该减持完了吧。不曾想是这么个答案。各自去理解吧。
见光死！撤！,"https://guba.eastmoney.com/news,300212,164917654.html",2015-05-11 22:18:10,见光死！撤！
指数牛市阶段亏钱冤不冤？,"https://guba.eastmoney.com/news,300212,140755334.html",2015-01-10 15:08:25,"2010开始连续5年，每年收益都达到50%以上，但是单2014年四季度，市值下降了20%多，感到很迷惑，是我错了？错过了大盘股行情，还要不要坚持成长性股票，什么是价值投资？因为融资、贷款高杠杆，不得不小心求证。通过收集资料、观察了解、分析，验证了广东、山东、湖南、厦门朋友的反馈信息，消除了对公司的疑虑。
持仓易华录60%，千方科技40%，满仓，融资比率80%。2014年总收益162%。

1易华录现在的经营情况很好，了解公司的人对股价的低迷觉得不可理解，觉得严重低估。
2现在易华录分为智慧城市、智能交通、平安城市等几部分，独立运作，互相协作、支撑。包括智能交通指挥系统、智能公交，平安城市智慧安防，智慧城市管理运营、智能政务；智能健康管理、智能教育、智能家居等。
3大股东华录集团。华录集团生产前景黯淡，但是他有钱有技术，它的技术正好是对易华录的补充。华录未来发展，已经定位于信息产业，易华录是他对外的窗口，华录的各个子公司都围着易华录转，华录集团老总经常到各地去为易华录拉生意。华录集团几十个子公司孙公司，许多公司技术是易华录需要的，有注入上市公司的可能。华录集团没有减持的的打算，不计较股份值多少钱，而是关心可以控股多少市值，可以使国资增值多少。
4增发，本次增发大股东华录集团全额现金认购，总经理及公司骨干大量参与。公司引进中再公司是为了参与中再公司的项目。引进成功系，是为了借用其资本运作经验，为以后的资本市场运作做准备。另外易华录以后还会再次增发，大股东为保控股，将旗下优质资产注入上市公司是必然的选择。
5一般上市公司，有个项目赶紧公告利好唯恐天下人不知。而易华录则不然，吸取河北协议拖延三年的教训，有些地区细节没有敲定的，或短期没有精力执行，但为了圈地盘不得不签个协议，都由大股东出面签约，易华录不需公告。有几处华录集团签约经媒体报道出来，而易华录不予表态，我当时还误以为是大股东给当地签的面子项目呢。2014年公告签约了7个智慧城市，实际上签了21个！再如，前两天湖南郴州华录签了一个智能交通项目，郴州华录是华录集团的子公司，是易华录的兄弟，他签合同，直接由易华录去做。顺藤摸瓜，湖南朋友谣传，郴州与华录签了智慧城市大协议，不止十亿。公司低调做事的风格，虽然值得尊敬和佩服，却坑苦了我们不明真相的小散。
6河北项目，已经列入河北省财政预算，不久即将签合同，不过不是一个大合同，而是一系列的细分小合同；数额也有可能变化，经过三年的时间物价已经有所上涨，因为京津冀概念提出交通一体化，内容多了，总额相应会变化。这是个大事，三年的利润有保障了。
7经过反腐人事变动，现在华录智达正与北京公交深层次合作。北京申办冬运会，对公司是个机会。智能公交项目成本低、利润大，北京智能公交项目，就是子公司华录智达的聚宝盆。
8高增长无疑，只考虑智能交通行业一个板块，就可以保证连续10年的高增长（复合30%以上）没有问题，现在智慧城市和安防两个大热点，增长加倍无悬念。3季度增长率就很高，年报估计不错，营业收入肯定大幅增加，希望业务大幅扩张的财务费用不要增长太快。
9易华录保持高市盈率的原因肯定不是现有业绩，而是已经签订的大量合同。合同的累积是未来业绩的保障，其实就是未来的利润，这点不需多说。
10易华录连续几年高送转，今年毫无意外。不知道高送转能否带来股价回暖。
11智慧城市运营取得进展，华录云亭已经制作完成试点，即将批量生产。除乐山、泉州几百个网点外，各地已经批准、或正在审批的很多，如厦门1000个，青岛1200个等。华录云亭为什么重要：需要政府审批，是许可经营，具有唯一排他性，跑马圈地，比以前风行一时的充电桩强多了。内容不断充实，包括银行ATM，快递、大量信息下载、无线网等，将成为社区中心，产生大量数据，成为新业务资源。
12智慧临朐，树立了一个标杆，许多项目就按照这个模式做。遗憾的传闻是，来临朐考察智慧城市项目的人太多，招待费大增，不知道账算在谁的头上，最终肯定体现在我们小散的股价上。
13尚易德：安防产品，虽然赶不上大华、海康，但发展超预期，原来想的太保守了。尚易德的产品生产制造由华录集团进行，华录集团的音像产品制造能力处于世界领先水平，尚易德只负责产品设计和市场营销，比那些自己投资生产线省多少钱？所以2013年林拥军说：三年如果不超过十亿营销，就不算成功。
14近期市场热点转换，基金蜂拥而走，踩踏导致股价雪崩。想走的基本都走净了，没有了基金砸盘，该企稳了。
15轨道交通，从无到有，由于南海项目的实施，不光带来了项目收入，还锻炼了人才，聚集了一个具有相当水平的轨道交通团队。公司这步棋比那些花大价钱并购轨道交通的公司高明多了。这个联合体有继续承接业务的能力。
16航空领域，市场发展也很快。包括千方科技也已经进入这个领域。
17与松下在智能交通领域合作。在智慧城市与阿里合作，互相开放自己签约市场。在海外市场与华为长期合作，已经有十来个国家。
18华录集团有自己的卫星，信息传递交流更快捷、更安全、更经济。有自己的蓝光低能耗存储设备，在注重信息安全的时代，也显得很重要。

以上信息或见解，纯属自己总结归纳，有夸大缩小的可能，也有错误的可能。
现在选股原则：只选北京股；只选行业龙头；尽量选择小市值公司；不选食品医药等进口的东西；不选有违纪记录的公司；不选尖端科技股；不选没有科技含量的股票；不选大股东大幅减持的公司。
主要股票东方园林、易华录、千方科技、东方国信、尤洛卡、北京文化、包钢稀土、飞利信。曾经少量参与立思辰、安控股份、高鸿股份、三聚环保、雪迪龙、拓尔思、舒泰神、邦讯技术、东土科技。历史零星参与海信电器、浩物股份、大华股份、通威股份、内蒙君正、广田股份、中福实业、宝利沥青、海宁皮城、首航节能、美盛文化、银江股份、华业地产、广晟有色、标准股份、空港股份、万鸿股份、辽源得亨等。
展开阅读全文"
24亿利空出尽了，坐等起步吧,"https://guba.eastmoney.com/news,300212,114918562.html",2014-07-08 09:30:35,这几吧大利空终于出了。
去参加投资者交流会,"https://guba.eastmoney.com/news,300212,156878875.html",2015-04-08 18:52:47,"明天下午2:00-3：00华录大厦
有去参加的吗？"
机构担忧的是什么？,"https://guba.eastmoney.com/news,300212,164177455.html",2015-05-08 11:05:47,"郭巍，你对这支股颇有研究，你觉得机构的担忧是什么
是不是鉴于易华录与相关部门的关系，跟反腐有关"
不用大合同，定增赶快审核通过就好了,"https://guba.eastmoney.com/news,300212,164127498.html",2015-05-08 09:54:17,不用大合同，定增赶快审核通过就好了
创业板调整一步到位,"https://guba.eastmoney.com/news,300212,156984922.html",2015-04-09 10:04:20,"有券商说“当前希望在大盘指标股，应当警惕创业板短期风险加大，4月16日中证500股指期货上市可能带来做空博弈，创业板的高融资杠杆问题，创业板的高估值。关注券商股、银行、保险等大盘股，参与一路一带，铁路、基建等。”

中证500如果做空，看空的应该是中证500指数股吧？怎么专门强调创业板
融资杠杆是大盘股比例高，做为担保品大盘股折算率高，作为融资标的大盘股融资保证金低，怎么创业板就是高融资了？
创业板高估值只是个别，券商等涨幅不小，大盘股业绩下滑，估值更高。

前阶段创业板突飞猛进，涨多了就是大风险，随着这两日惨烈下跌，半个月的成果所剩无几，估计再盘整几天就可以了。

我不相信大盘股健康向上，小盘股一直萎靡不振。"
智能交通智慧城市龙头股,"https://guba.eastmoney.com/news,300212,163818102.html",2015-05-07 11:13:44,智能交通智慧城市龙头股即将腾飞
交通部制定智能交通互通互联发展规划,"https://guba.eastmoney.com/news,300212,163479135.html",2015-05-06 12:30:42,交通部制定到2018年智能交通互通互联发展规划，利好智能交通龙头股易华录，爆发在即。
死庄,"https://guba.eastmoney.com/news,300212,163549168.html",2015-05-06 14:44:15,这个股的庄真他妈的熊啊！！
易华录现在还是龙头吗？一瘟,"https://guba.eastmoney.com/news,300212,163492342.html",2015-05-06 13:15:05,"易华录现在还是龙头吗？一瘟
股友90U22U7128
交通部制定智能交通互通互联发展规划
交通部制定到2018年智能交通互通互联发展规划，利好智能交通龙头股易华录，爆发在即。 
2015/5/6 12:30:42易华录吧"
对于李艳东的持股，不知此人是否有减持计划？或者已减持完毕？到四月底他还持有公司多,"https://guba.eastmoney.com/news,300212,915525206.html",2015-05-08 14:02:00,"对于李艳东的持股，不知此人是否有减持计划？或者已减持完毕？到四月底他还持有公司多少股份啊？ 
易华录
易华录：感谢您对公司的关注！李艳东先生近期增持了公司股票。
(来自深交所互动易)答复时间 2015-05-08 14:02:00"
最近公司股价表现及不正常，无伦跟创业板还是跟同行300075.300287.30,"https://guba.eastmoney.com/news,300212,915525239.html",2015-05-08 13:43:00,"最近公司股价表现及不正常，无伦跟创业板还是跟同行300075.300287.300020等等相比，股价相差及大，请问公司最近有什么大的利空消息没有公布吗？ 
易华录
易华录：感谢您对公司的关注！公司近期无应披露而未披露信息。
(来自深交所互动易)答复时间 2015-05-08 13:43:00"
华录产品拉产品,"https://guba.eastmoney.com/news,300212,163376225.html",2015-05-06 09:10:51,华录产品拉级了，我购买了N8蓝光DVD一年多（新买时就不出仓），经常弹不仓，以前是机器内要放一张DVD，现放了还是弹不出，打电话4006500406解决不了。
两点五十几拉一把是怎么回事呢？,"https://guba.eastmoney.com/news,300212,163295336.html",2015-05-05 20:39:15,两点五十几拉一把是怎么回事呢？
成了牛市得垃圾尾巴了,"https://guba.eastmoney.com/news,300212,163105565.html",2015-05-05 11:21:42,成了牛市得垃圾尾巴了
明天会咋走？,"https://guba.eastmoney.com/news,300212,162914328.html",2015-05-04 17:19:06,"今天52元捡了一点，主力有意思向上做的话应该差不多了，明天不向上拐就跑
走的太难看了，跟去年四月如出一辙，"
解放军？,"https://guba.eastmoney.com/news,300212,163200756.html",2015-05-05 14:52:31,来了
那个日本动漫头像的哥们，去年造谣的收购还记得吗？,"https://guba.eastmoney.com/news,300212,163147559.html",2015-05-05 13:26:21,那个日本动漫头像的哥们，去年造谣的收购还记得吗？
公司河北项目进展情况怎么样了，都这么多年了，不要以为我们小股民忘记了啊,"https://guba.eastmoney.com/news,300212,915533820.html",2015-05-05 16:59:00,"公司河北项目进展情况怎么样了，都这么多年了，不要以为我们小股民忘记了啊 
易华录
易华录：感谢您对公司的关注！河北项目目前仍在有序推进中，近期具体进展请参阅公司定期报告披露的相关内容。
(来自深交所互动易)答复时间 2015-05-05 16:59:00"
大家可知道，小易非公开发行股票有效期吗？,"https://guba.eastmoney.com/news,300212,163011917.html",2015-05-05 07:16:34,大家可知道，小易非公开发行股票有效期吗？
《京津冀协同发展规划纲要》落地后对公司的发展有哪些影响？公司有哪些优势抓住这次机,"https://guba.eastmoney.com/news,300212,915525253.html",2015-05-08 13:36:00,"《京津冀协同发展规划纲要》落地后对公司的发展有哪些影响？公司有哪些优势抓住这次机遇？谢谢 
易华录
易华录：: 答：感谢您对公司的关注！津冀协同规划作为高层力推的国家级区域规划，将带来大量投资，也将有可能改变目前京津冀三省市的产业格局，京津冀地区的协同发展的基础在于整个区域的互联互通，这无疑会给智慧城市和智能交通建设带来大空间和机遇。公司智能交通及智慧城市业务在三地都有覆盖，基于公司十多年的业务经验及良好的合作基础，我们有信心抓住即将到来的重大机遇。
(来自深交所互动易)答复时间 2015-05-08 13:36:00"
