标题,链接,发布时间,内容
常山药业成创业板股价最低的股票，严重低估！！！！！,"https://guba.eastmoney.com/news,300255,620729408.html",2017-03-24 13:44:18,常山药业成创业板股价最低的股票，严重低估！！！！！
病得不轻啊！！！！！002419天虹商场价值严重低估！！！！！,"https://guba.eastmoney.com/news,300255,620754607.html",2017-03-24 14:21:51,病得不轻啊！！！！！002419天虹商场价值严重低估！！！！！
谁买常山谁被套,"https://guba.eastmoney.com/news,300255,617758556.html",2017-03-16 09:51:56,谁买常山谁被套
猪头，起来涨吧，别人都红了，你还绿着爬地下,"https://guba.eastmoney.com/news,300255,620728121.html",2017-03-24 13:42:08,猪头，起来涨吧，别人都红了，你还绿着爬地下
逼股每天来回1毛钱倒腾差价接盘亏的死翘翘了。,"https://guba.eastmoney.com/news,300255,620712898.html",2017-03-24 13:19:55,逼股每天来回1毛钱倒腾差价接盘亏的死翘翘了。
跌死你们，不服跌到你们服！,"https://guba.eastmoney.com/news,300255,620687925.html",2017-03-24 12:08:33,跌死你们，不服跌到你们服！
中国伟哥,"https://guba.eastmoney.com/news,300255,620692604.html",2017-03-24 12:25:24,中国伟哥
如此重大利好，竟然也不拉？,"https://guba.eastmoney.com/news,300255,620612614.html",2017-03-24 10:06:12,如此重大利好，竟然也不拉？
起飞吧,"https://guba.eastmoney.com/news,300255,620583499.html",2017-03-24 09:23:27,起飞吧
一文看懂货币流通之谜！这才是买不起房的真实原,"https://guba.eastmoney.com/news,300255,620568466.html",2017-03-24 08:30:47,"最重要的是他不要,什么报酬的！最近不少朋友问"
已经买入，坐等拉升,"https://guba.eastmoney.com/news,300255,620188465.html",2017-03-23 11:11:18,已经买入，坐等拉升
垃圾逼股均线已破，杀跌暴跌死翘翘,"https://guba.eastmoney.com/news,300255,620258626.html",2017-03-23 13:27:52,垃圾逼股均线已破，杀跌暴跌死翘翘
等着吧，拉升可以有，但是明年差不多,"https://guba.eastmoney.com/news,300255,620192736.html",2017-03-23 11:17:42,等着吧，拉升可以有，但是明年差不多
每天大单压盘，去死呀,"https://guba.eastmoney.com/news,300255,620170154.html",2017-03-23 10:43:03,每天大单压盘，去死呀
暴涨启动就差一根大阳线！！！！！！！！！！！,"https://guba.eastmoney.com/news,300255,620129264.html",2017-03-23 09:44:17,暴涨启动就差一根大阳线！！！！！！！！！！！
跌死你们，不服跌到你们服！,"https://guba.eastmoney.com/news,300255,620128351.html",2017-03-23 09:43:02,跌死你们，不服跌到你们服！
"预计2016年1-12月归属于上市公司股东的净利润盈利:15,629.73万元-","https://guba.eastmoney.com/news,300255,620122622.html",2017-03-23 09:33:12,"预计2016年1-12月归属于上市公司股东的净利润盈利:15,629.73万元-18,755.68万元,同比上年增长:0%-20%。"
停牌了？,"https://guba.eastmoney.com/news,300255,620120895.html",2017-03-23 09:30:06,没公告的？
10元到,"https://guba.eastmoney.com/news,300255,620116353.html",2017-03-23 09:19:09,
002419天虹商场,"https://guba.eastmoney.com/news,300255,619689406.html",2017-03-22 10:08:35,002419天虹商场
这个股9块买的没套住，你说我骂不骂呢，算了，从自选股删除了，6块我会回来瞅一眼的,"https://guba.eastmoney.com/news,300255,619774413.html",2017-03-22 12:34:29,[大便]
常山药业监事会主席林深辞职乔维接任 前者现任四星玻璃独董 2017-03-13,"https://guba.eastmoney.com/news,300255,619745693.html",2017-03-22 11:25:44,"常山药业监事会主席林深辞职乔维接任 前者现任四星玻璃独董
2017-03-13 21:35 来源: 和讯股票

常山药业高管列表
　　和讯股票（号：istocknews）消息 常山药业3月13日晚间公告，近日收到公司监事林深女士的书面辞职报告。林深女士因工作原因申请辞去公司监事及监事会主席职务，辞职后不在公司任职。
　　常山药业表示，由于林深女士辞去监事会主席职务后，公司监事会人数不足三名。根据《公司章程》的有关规定，选举乔维先生为公司第三届监事会监事。
　　和讯股票(号：istocknews)上市公司数据库显示，林深,女,中国国籍,无境外居留权,1962年8月出生,大专学历,金融经济中级职称。林女士具有多年项目管理和企业管理经验。曾任职于国家能源投资公司、国投电力(600886,股吧)实业开发公司和国投药业投资有限公司;2002年10月至2006年4月,先后任国投创业投资有限公司综合部业务主管、计财部业务主管;2006年5月至今,在国投高科技投资有限公司工作,现任高级项目经理。目前从事国家创业风险投资受托业务管理工作,同时兼任青岛东海药业有限公司、四川飞亚新材料有限公司和沧州四星玻璃制管有限公司监事;融银黄海创业投资有限公司、青岛静远创业投资有限公司、贵阳工投生物医药产业创业投资有限公司及南通国信君安创业投资有限公司董事等职务;2009年11月至2012年11月,任本公司监事;2012年11月至今,任本公司监事会主席。2016年1月至今任沧州四星玻璃股份有限公司独立董事。
　　常山药业公告乔维个人简历：
　　乔维，男，中国国籍，无境外居留权，1981年8月出生，研究生学历，法律职业资格。2007年7月至2015年12月任职北京天达共和律师事务所，2016年1月至2016年9月任职中国国投高新产业投资公司，2016年10月至今任职国投创合（北京）基金管理有限公司，目前从事国家创业风险投资受托业务管理工作。"
7.8,"https://guba.eastmoney.com/news,300255,619723151.html",2017-03-22 10:54:24,000000000
不服跌到你们服，耗尽你们一生,"https://guba.eastmoney.com/news,300255,619723357.html",2017-03-22 10:54:18,不服跌到你们服，耗尽你们一生
热点追踪券商股大显神威 沪指走强,"https://guba.eastmoney.com/news,300255,619615663.html",2017-03-22 03:41:13,强势涨停机构游资敢死队疯狂抢筹高送转次新大黑
哥不等8块3了，8块，要就拿去，挂了，要不回去7块哥再来看你,"https://guba.eastmoney.com/news,300255,617487205.html",2017-03-15 14:13:42,
垃圾逼股你买进就是送钱给别人等待被割韭菜的苦命。上涨无量，暴跌缩量。横盘僵尸股三,"https://guba.eastmoney.com/news,300255,617852718.html",2017-03-16 13:13:35,垃圾逼股你买进就是送钱给别人等待被割韭菜的苦命。上涨无量，暴跌缩量。横盘僵尸股三年无行情。
垃圾逼股要暴跌割韭菜了，接盘死翘翘了。,"https://guba.eastmoney.com/news,300255,619278506.html",2017-03-21 09:52:21,垃圾逼股要暴跌割韭菜了，接盘死翘翘了。
内资改变港股套路？ 港股通新兵美图周黑鸭连创,"https://guba.eastmoney.com/news,300255,618055900.html",2017-03-16 21:59:25,日本 2月国内企业商品物价指数(月率)
掘金新股有新招：新股开板首日能不能买、怎么买,"https://guba.eastmoney.com/news,300255,619052079.html",2017-03-20 17:13:32,中普达拟募资1.29亿元 补充公司流动资金
五粮液60周年纪念收藏版：52度 五粮液 十二生肖酿神 500ml*12瓶,"https://guba.eastmoney.com/news,300255,619297238.html",2017-03-21 10:20:46,五粮液60周年纪念收藏版：52度 五粮液 十二生肖酿神 500ml*12瓶 298000元
常山药业核心产品纳入医保目录,"https://guba.eastmoney.com/news,300255,616655244.html",2017-03-13 12:17:55,"来源：中国证券网 
　　常山药业今日午间发布公告称，公司核心产品低分子肝素注射剂、肝素注射剂、达肝素钠注射剂、那屈肝素钙(那曲肝素钙)注射剂等均已纳入《国家基本医疗保险、工伤保险和生育保险药品目录(2017 年版)》中。


　　公司表示，核心产品纳入“医保目录2017年版”，有利于公司产品市场布局的拓展以及市场份额的扩大，对公司长远发展具有积极作用。
（来源：中国证券网 2017-03-13 12:16） [点击查看原文]"
我知道你要涨了，8块3等你,"https://guba.eastmoney.com/news,300255,619424782.html",2017-03-21 14:48:49,
目前行情为吃药喝酒逛商场！！！！！！！！！,"https://guba.eastmoney.com/news,300255,619341628.html",2017-03-21 11:35:24,目前行情为吃药喝酒逛商场！！！！！！！！！
常山药业接棒白云山 国产伟哥生产等待审批 据了解，常山药业是除白云山外进展最快的,"https://guba.eastmoney.com/news,300255,619073205.html",2017-03-20 18:15:11,"常山药业接棒白云山 国产伟哥生产等待审批
据了解，常山药业是除白云山外进展最快的企业之一，事实上，该公司是首个申报西地那非（“伟哥”主要成份）生产批件的上市公司，并于2003年1月即获西地那非工艺专利。常山药业董秘张威告诉《投资时报》记者，“目前，常山药业已拥有西地那非的新药证书和工艺专利，之前的临床试验等环节早已经完成，仅差生产许可证。早先国家核发生产许可证并不需要专家现场核查，现在开始要现场核查，导致生产许可证核发时间变长，拿到批文，我们可以立即进行生产。”
公开消息显示，辉瑞旗下万艾可产品的2013年度销售额达到16亿美元，同比增长4.7%。利润额为4.32亿美元，同比增长3.3%，利润率约为27%。辉瑞万艾可在国内的售价为每粒128元，但在国外售价约为8美元，折合人民币不到50元。
讯医药分析师赵镇则表示，在2012年年初丢掉全球ED市场老大地位之后，万艾可仅在中国市场仍处龙头地位。而其他国家仿制药的成功，也给中国药企提供了信心和经验。目前专利到期药物是全球医药市场增长最快的领域之一，国内仿制药已经占据中国药品市场的90%。仿制药的投资风险小、周期短、回报丰厚，在新兴市场尤其如此。仿制药市场不用培育，疗效也都知道，因此只要专利没有问题，并拿到批文，就可以参与市场竞争。
史立臣认为，对于公司而言，谁先获得全部批文进行生产，谁在渠道和品牌等方面将会获得先机，最可能成为国产“伟哥”老大，但门槛降低，竞争也会因此变得激烈，最后能做得出色的，也就一两家。"
白云山的伟哥上市已两年了，为白云山的业绩贡献巨大！！！！,"https://guba.eastmoney.com/news,300255,618906730.html",2017-03-20 11:26:18,白云山的伟哥上市已两年了，为白云山的业绩贡献巨大！！！！
价格早知道8月29日价格报道,"https://guba.eastmoney.com/news,300255,619276724.html",2017-03-21 09:49:50,← 核 心 内 参 看 大 国 牛 事 →
大盘涨他它跌，大盘跌它大跌。,"https://guba.eastmoney.com/news,300255,619275928.html",2017-03-21 09:49:10,大盘涨他它跌，大盘跌它大跌。
垃圾企业，赶快倒闭吧,"https://guba.eastmoney.com/news,300255,619275377.html",2017-03-21 09:47:06,垃圾企业，赶快倒闭吧
创业板的药业股不是都上百元的吗？？？？？？？,"https://guba.eastmoney.com/news,300255,619273044.html",2017-03-21 09:44:29,创业板的药业股不是都上百元的吗？？？？？？？
金科娱乐(300459)在股票交易异常波动公告中说要,"https://guba.eastmoney.com/news,300255,619198645.html",2017-03-21 02:20:55,算命：茅台股价上人民币破.
3.12市场消息：高检将严惩“老鼠仓”等证券期货,"https://guba.eastmoney.com/news,300255,619184685.html",2017-03-21 00:54:06,马光远：我为什么反对“着急”出台房地产税？
你对金钱的态度里 藏着你女儿的未来,"https://guba.eastmoney.com/news,300255,619166605.html",2017-03-20 23:16:09,新华社：外资撤离潮不是事实
常山药业生产伟哥吗？？？？？？？？？,"https://guba.eastmoney.com/news,300255,618878887.html",2017-03-20 10:38:37,常山药业生产伟哥吗？？？？？？？？？
常山药业：国产伟哥将进入药品生产现场检查阶段 2017-02-27 来源：金融界,"https://guba.eastmoney.com/news,300255,619133286.html",2017-03-20 21:23:29,"常山药业：国产伟哥将进入药品生产现场检查阶段
2017-02-27 来源：金融界
常山药业：国产伟哥将进入药品生产现场检查阶段
公司控股子公司常山生化药业（江苏）有限公司收到了国家食品药品监督管理总局药品审评中心寄发的枸橼酸西地那非片“申请药品生产现场检查通知书”。通知告知申报的枸橼酸西地那非片已完成技术审评，将进入药品生产现场检查阶段。江苏子公司正积极安排并准备该产品的生产现场检查，并尽快获得生产批件。小财注：枸橼酸西地那非片，适应症为西地那非适用于治疗勃起功能障碍。"
如果常山药业生产的伟哥能获批上市，后市就可看好！！！！,"https://guba.eastmoney.com/news,300255,618898476.html",2017-03-20 11:12:17,如果常山药业生产的伟哥能获批上市，后市就可看好！！！！
愿常山越来越红火！步入十元时代！,"https://guba.eastmoney.com/news,300255,618996504.html",2017-03-20 14:52:55,愿常山越来越红火！步入十元时代！
谁没事买伟哥吃？？？跟老鼠药一样害人,"https://guba.eastmoney.com/news,300255,618936273.html",2017-03-20 13:08:01,此类药厂该倒闭
"600572年线强支撑,必须补涨","https://guba.eastmoney.com/news,300255,618846072.html",2017-03-20 09:45:09,"600572年线强支撑,必须补涨"
第一次玩股套在沃森生物.亏了1万5，第二又直接上套常山药业目前亏1万3，这药股你,"https://guba.eastmoney.com/news,300255,617965983.html",2017-03-16 16:56:06,第一次玩股套在沃森生物.亏了1万5，第二又直接上套常山药业目前亏1万3，这药股你太吗我是不是真的踫不了
有破位向下迹象,"https://guba.eastmoney.com/news,300255,618731440.html",2017-03-19 16:36:47,
8.18吃  8.08吃   8.00吃  哈哈,"https://guba.eastmoney.com/news,300255,581500032.html",2016-12-21 15:24:09,11111111
周一暴跌,"https://guba.eastmoney.com/news,300255,618680428.html",2017-03-19 07:59:58,周一暴跌
特一药业入医保目录后再涨停 游资扫货特一药业?常山药业入医保目录后黑鸭连创,"https://guba.eastmoney.com/news,300255,618544627.html",2017-03-18 10:18:35,特一药业入医保目录后再涨停 游资扫货特一药业?常山药业入医保目录后黑鸭连创
新版小程序蓄势待发,"https://guba.eastmoney.com/news,300255,618441996.html",2017-03-17 21:26:18,修改证券、期货投资咨询管理暂行办法
你天天那么忙 才是你做不成大事的原因,"https://guba.eastmoney.com/news,300255,618436724.html",2017-03-17 21:07:08,千合资本调研路线曝光 王亚伟接连造访钢铁企业
电子元器件作为电子信息制造业基础性产品,"https://guba.eastmoney.com/news,300255,618360036.html",2017-03-17 16:29:50,腾讯LBS+AR红包方案出台 “终极核武”引爆春节
跌停算逑,"https://guba.eastmoney.com/news,300255,618349979.html",2017-03-17 15:56:55,你妈的 别磨叽了 跌停老子好满仓
用力吧，我在等你补仓,"https://guba.eastmoney.com/news,300255,618318271.html",2017-03-17 14:49:35,用力吧，我在等你补仓
跌吧！狠一点,"https://guba.eastmoney.com/news,300255,618313544.html",2017-03-17 14:42:26,跌吧！狠一点
睇来病的不轻阿，睇下行心电图都知道了,"https://guba.eastmoney.com/news,300255,618308843.html",2017-03-17 14:35:21,睇来病的不轻阿，睇下行心电图都知道了
[好困惑][好困惑][好困惑]我去白银有色转了一圈了，你TM还是这个鸟样？,"https://guba.eastmoney.com/news,300255,618271486.html",2017-03-17 13:35:04,我去白银有色转了一圈了，你TM还是这个鸟样？
这样的垃圾股票真是世间少有。,"https://guba.eastmoney.com/news,300255,617868602.html",2017-03-16 13:39:28,自从15年股灾以后，一直跌，没有涨过。操！！
医药行业都是有钱人，看好公司核心产品的核心竟争力。大量资金坚定持股做长线。,"https://guba.eastmoney.com/news,300255,618228878.html",2017-03-17 11:31:10,医药行业都是有钱人，看好公司核心产品的核心竟争力。大量资金坚定持股做长线。
庄家很难办，大量锁仓盘持股不动？,"https://guba.eastmoney.com/news,300255,618226912.html",2017-03-17 11:27:36,庄家很难办，大量锁仓盘持股不动？
热烈庆祝垃圾逼股使用洪荒之力涨了3分钱。[鼓掌][鼓掌][鼓掌][鼓掌][鼓掌],"https://guba.eastmoney.com/news,300255,618192272.html",2017-03-17 10:33:40,热烈庆祝垃圾逼股使用洪荒之力涨了3分钱。
加速下跌趋势，反弹卖出。暂不考虑买进。,"https://guba.eastmoney.com/news,300255,618171488.html",2017-03-17 10:02:15,加速下跌趋势，反弹卖出。暂不考虑买进。
常山病了，无药可救！,"https://guba.eastmoney.com/news,300255,618160794.html",2017-03-17 09:46:27,常山病了，无药可救！
这公司股票千万别买，恶心死，我都怀疑这公司要倒闭了,"https://guba.eastmoney.com/news,300255,618052377.html",2017-03-16 21:48:23,这公司股票千万别买，恶心死，我都怀疑这公司要倒闭了
公司被查？？？？,"https://guba.eastmoney.com/news,300255,618052199.html",2017-03-16 21:48:09,公司被查？？？？
从9.79一路下杀，套牢盘层层叠叠，庄家洗一年盘也拿不到几个筹码.从周k月k线上,"https://guba.eastmoney.com/news,300255,617875675.html",2017-03-16 13:50:27,从9.79一路下杀，套牢盘层层叠叠，庄家洗一年盘也拿不到几个筹码.从周k月k线上看都跌到地板上谁会卖。
任泽平：站在新周期的起点上 主攻方向在周期股,"https://guba.eastmoney.com/news,300255,617934372.html",2017-03-16 15:30:30,高收入 都是睡出来的!
这个烂货 拖累板块,"https://guba.eastmoney.com/news,300255,617811887.html",2017-03-16 11:13:11,这个烂货 拖累板块
这个垃圾股再买十次都买不上.买双色球都没这运气.我服了我自己,"https://guba.eastmoney.com/news,300255,617810666.html",2017-03-16 11:11:20,这个垃圾股再买十次都买不上.买双色球都没这运气.我服了我自己
300255等着涨，看好常山药业.,"https://guba.eastmoney.com/news,300255,617024711.html",2017-03-14 11:25:32,买了的股友就偷着乐吧，，
怎么这么多卖呀，压盘也太他妈厉害了，还能耍不？,"https://guba.eastmoney.com/news,300255,617793120.html",2017-03-16 10:43:47,怎么这么多卖呀，压盘也太他妈厉害了，还能耍不？
收进医保目录，特大利好不炒吗？,"https://guba.eastmoney.com/news,300255,617621201.html",2017-03-15 20:19:20,收进医保目录，特大利好不炒吗？
垃圾逼股买进无赚钱机会随时无里头暴跌被割韭菜。,"https://guba.eastmoney.com/news,300255,617753334.html",2017-03-16 09:45:22,垃圾逼股买进无赚钱机会随时无里头暴跌被割韭菜。
上午红盘诱多，下午暴跌割韭菜。,"https://guba.eastmoney.com/news,300255,617745709.html",2017-03-16 09:31:47,上午红盘诱多，下午暴跌割韭菜。
垃圾逼股均线全部死叉，机构狂逃，接盘大虾亏的死翘翘，大空头趋势向下。,"https://guba.eastmoney.com/news,300255,617742828.html",2017-03-16 09:25:58,垃圾逼股均线全部死叉，机构狂逃，接盘大虾亏的死翘翘，大空头趋势向下。
证券法草案或不会放行证券从业人员炒股 股权激,"https://guba.eastmoney.com/news,300255,617737760.html",2017-03-16 09:12:58,商务部部长钟山谈中美经贸：贸易战有百害而无一
豆粕期权合约月份及最后交易日设计,"https://guba.eastmoney.com/news,300255,617733757.html",2017-03-16 08:58:44,高收入 都是睡出来的!
创业板企业代表委员：创新需要资本支持,"https://guba.eastmoney.com/news,300255,617689198.html",2017-03-16 01:05:29,新版小程序蓄势待发
常山药业:关于控股股东进行股票质押式回购交易的公告,"https://guba.eastmoney.com/news,300255,617557637.html",2017-03-15 16:43:52,"公告日期：2017-03-16
证券号码：300255 证券简称：常山药业 公告编号：2017-20



河北常山生化药业股份有限公司



关于控股股东进行股票质押式回购交易的公告



本公司及董事会全体成员保证信息披露内容的真实、准确和完整，没有虚假记载、误导性陈述或重大遗漏。



河北常山生化药业股份有限公司（以下简称“公司”）近日接到控股股东高树华先生函告，获悉高树华先生将其所持有本公司的部分股份进行质押，具体事项如下：



一、股东股份质押的基本情况



1、股东股份被质押基本情况



高树华先生将其所持有的本公司无限售条件流通股质押与中银国际证券有限公司办理股票质押式回购业务，本次质押股份占公司股份总数的 1.79%,占其所持有公司股份总数的4.67%。详情如下：



是否为



股东 第一大 质押 质押 本次质押



名称 股东及 质押股数 开始日期 到期日 质权人 占其所持 用途



一致行 股份比例



动人



2017年 2018年 中银国际



高树华 是 16,710,000股 3月7日 3月7日 证券有限 4.67% 融资



公司



合计 16,710,000股 4.67%



2、股东股份累计被质押的情况



截至公告披露日，高树华先生持有公司股份357,874,728股，占公司总股本



的38.28%；其所持有上市公司股份累计被质押219,804,000股，占公司总股本的



23.51%。



二、备查文件



1、《中银国际证券股票质押式回购交易协议书》



2、《中国证券登记结算有限责任公司股份冻结明细》



特此公告。



河北常山生化药业股份有限公司董事会



2017年3月15日




[点击查看PDF原文]
提示：本网不保证其真实性和客观性，一切有关该股的有效信息，以交易所的公告为准，敬请投资者注意风险。
展开阅读全文"
几年都没抄了，医药股也该暴发了,"https://guba.eastmoney.com/news,300255,617620817.html",2017-03-15 20:17:56,几年都没抄了，医药股也该暴发了
到底有机构进入没有？,"https://guba.eastmoney.com/news,300255,617438903.html",2017-03-15 12:29:18,到底有机构进入没有？
烂股,"https://guba.eastmoney.com/news,300255,617484632.html",2017-03-15 14:09:54,太烂了
大单抛售，小单托，接盘大虾死翘翘。,"https://guba.eastmoney.com/news,300255,617484305.html",2017-03-15 14:09:21,大单抛售，小单托，接盘大虾死翘翘。
PPP第三批示范项目清单公布在即,"https://guba.eastmoney.com/news,300255,617458915.html",2017-03-15 13:26:48,养老金入市蓄势待发：证券股必将大涨，龙头东北
这股没有人气庄家要拉不用多少弹药！要跌都不用多小弹药！要走要留自已决定,"https://guba.eastmoney.com/news,300255,617386405.html",2017-03-15 10:33:07,这股没有人气庄家要拉不用多少弹药！要跌都不用多小弹药！要走要留自已决定
跑啊逼股诱多割韭菜，买进亏的死翘翘。河南河北的都是垃圾骗子股。,"https://guba.eastmoney.com/news,300255,617375239.html",2017-03-15 10:14:32,跑啊逼股诱多割韭菜，买进亏的死翘翘。河南河北的都是垃圾骗子股。
垃圾逼股既无投资价值也无投机价值买进亏的死翘翘。看低到3元。,"https://guba.eastmoney.com/news,300255,617390846.html",2017-03-15 10:40:06,垃圾逼股既无投资价值也无投机价值买进亏的死翘翘。看低到3元。
上证春节红包涨势初期，大胆干大胆买，别碰强势,"https://guba.eastmoney.com/news,300255,617380611.html",2017-03-15 10:23:29,万达已进军南宁城市改造，借壳ST南化。
以后再也不买他了,"https://guba.eastmoney.com/news,300255,617374127.html",2017-03-15 10:13:21,以后再也不买他了
托们又开始忽悠了，业绩不错，有上升之势，给机构当托，不少挣吧！,"https://guba.eastmoney.com/news,300255,617362408.html",2017-03-15 09:54:33,托们又开始忽悠了，业绩不错，有上升之势，给机构当托，不少挣吧！
垃圾逼股接盘死翘翘,"https://guba.eastmoney.com/news,300255,617352243.html",2017-03-15 09:38:33,垃圾逼股接盘死翘翘
两会结束之日拉开暴跌序幕。,"https://guba.eastmoney.com/news,300255,617350822.html",2017-03-15 09:35:53,两会结束之日拉开暴跌序幕。
垃圾逼股均线死叉要暴跌了。接盘死翘翘。,"https://guba.eastmoney.com/news,300255,617350392.html",2017-03-15 09:35:04,垃圾逼股均线死叉要暴跌了。接盘死翘翘。
明天继续叫跌，资金天天流出,"https://guba.eastmoney.com/news,300255,617280837.html",2017-03-15 00:06:03,明天继续叫跌，资金天天流出
这票会突然连续跌停，拭目以待！！！,"https://guba.eastmoney.com/news,300255,617227084.html",2017-03-14 20:46:25,这票会突然连续跌停，拭目以待！！！
崩盘啦，大家快逃命啊，此股最少要横五年！,"https://guba.eastmoney.com/news,300255,617098875.html",2017-03-14 14:32:55,崩盘啦，大家快逃命啊，此股最少要横五年！最新消息
常山药业:第三届董事会第十二次会议决议公告,"https://guba.eastmoney.com/news,300255,616821570.html",2017-03-13 19:48:21,"公告日期：2017-03-14
证券代码：300255 证券简称：常山药业 公告编号：2017-18



河北常山生化药业股份有限公司



第三届董事会第十二次会议决议公告



本公司及董事会全体成员保证信息披露内容的真实、准确和完整，没有虚假记载、误导性陈述或重大遗漏。



河北常山生化药业股份有限公司（以下简称“公司”）第三届董事会第十二次会议于2017年3月13日以通讯方式召开。本次会议于2017年3月1日以邮件或直接送达的方式确保每一位董事收到本次会议通知。与会的各位董事均已知悉与所议事项相关的必要信息。会议应参与表决董事8名，实际参与表决董事8名。本次会议由公司董事长高树华先生主持，符合《公司法》及《公司章程》等规定。



会议以记名投票方式对各项议案进行表决，审议通过如下议案：



一、审议《关于向银行申请综合授信额度的议案》



根据公司2017年总体经营战略需要，公司拟向兴业银行股份有限公司石家



庄分行申请4.5亿元人民币的综合授信额度，授信期限为24个月。以上综合授



信额度不等于公司的实际融资金额，实际融资金额应在综合授信额度内，以银行与公司实际发生的融资金额为准，具体的融资金额将视公司运营资金的实际需求来合理确定。本次申请授信额度未超过公司最近一期经审计净资产的30%，根据《公司章程》规定无需提交公司股东大会审议。



上述有关申请授信事项，公司董事会授权公司董事长签署相关法律文件（包括但不限于授信、借款、担保、抵押、融资等有关的申请书、合同、协议等）。



表决结果：8票赞同、0票反对、0票弃权，审议通过。



特此公告。



河北常山生化药业股份有限公司董事会



2017年3月13日




[点击查看PDF原文]
提示：本网不保证其真实性和客观性，一切有关该股的有效信息，以交易所的公告为准，敬请投资者注意风险。
展开阅读全文"
命不好的才买常山药业,"https://guba.eastmoney.com/news,300255,617076090.html",2017-03-14 13:53:00,命不好的才买常山药业
机构来电,"https://guba.eastmoney.com/news,300255,617129431.html",2017-03-14 15:32:43,明天拉升300255 不知是不是忽悠
现在尽量少玩新股，有的新股一玩就要割肉血淋淋,"https://guba.eastmoney.com/news,300255,617122542.html",2017-03-14 15:15:30,09月02日(周五)大盘前瞻:当前做空不具有持续性
资金天天流出，准备好子弹七块进,"https://guba.eastmoney.com/news,300255,617105298.html",2017-03-14 14:44:53,资金天天流出，准备好子弹七块进
程序化操作，每单400手，大举进攻开始,"https://guba.eastmoney.com/news,300255,617091928.html",2017-03-14 14:21:03,程序化操作，每单400手，大举进攻开始
压的死死的，今天没套路！却睡吧，让机构打下来，都接货！,"https://guba.eastmoney.com/news,300255,617077796.html",2017-03-14 13:56:27,压的死死的，今天没套路！却睡吧，让机构打下来，都接货！
唱空的越多越好，看空的不会驻足半步,"https://guba.eastmoney.com/news,300255,617082170.html",2017-03-14 14:04:35,看多，唱空+做空
接盘亏的死翘翘机构清仓大摔卖散户扎堆接盘死翘翘,"https://guba.eastmoney.com/news,300255,617066816.html",2017-03-14 13:32:53,接盘亏的死翘翘机构清仓大摔卖散户扎堆接盘死翘翘
风力好打压洗盘好手法,"https://guba.eastmoney.com/news,300255,617065211.html",2017-03-14 13:28:53,大家看看2012年12月6日通过GMP的公告和2013年走势，就会明白常山药业老庄的操作手法，封利好反手打压，利好越大打压月厉害，接下来就是一波行情的开始。
说好的拉屎呢,"https://guba.eastmoney.com/news,300255,617053170.html",2017-03-14 13:03:15,说好的拉屎呢
午后黑马!,"https://guba.eastmoney.com/news,300255,617025913.html",2017-03-14 11:28:09,300255 常山药业，建议持有投资者午后拉高出货！不追高！
长山药业  午盘拉升 关注即可！！勿追！！！,"https://guba.eastmoney.com/news,300255,617023889.html",2017-03-14 11:24:24,长山药业 午盘拉升 关注即可！！勿追！！！
进去了会赚？,"https://guba.eastmoney.com/news,300255,617023518.html",2017-03-14 11:23:31,300255 常山药业 反正我是进去了
以经挂单8.3兄弟解放军来了听说.给我恨恨的砸,"https://guba.eastmoney.com/news,300255,617032451.html",2017-03-14 11:41:55,以经挂单8.3兄弟解放军来了听说.给我恨恨的砸
都是利好消息，压盘这么厉害，是为了走货，还是克意打压？,"https://guba.eastmoney.com/news,300255,617011554.html",2017-03-14 11:03:25,都是利好消息，压盘这么厉害，是为了走货，还是克意打压？
下午涨不涨,"https://guba.eastmoney.com/news,300255,617021522.html",2017-03-14 11:20:18,下午涨不涨
$常山药业(SZ300255)$出利好是为了跑路呀[大便][大便][大便],"https://guba.eastmoney.com/news,300255,617025676.html",2017-03-14 11:26:53,$常山药业(SZ300255)$出利好是为了跑路呀[大便][大便][大便]
常山下午上飞机 赶紧滴,"https://guba.eastmoney.com/news,300255,617024551.html",2017-03-14 11:25:14,常山下午上飞机 赶紧滴
以上飙升黑马，只做研究作用，据此操作盈亏自负，建议持有投资者午后拉高出货!,"https://guba.eastmoney.com/news,300255,617022832.html",2017-03-14 11:22:23,"300255 常山药业
免责声明：以上飙升黑马，只做研究作用，据此操作盈亏自负，建议持有投资者午后拉高出货!"
什么时候起飞！慢慢等待,"https://guba.eastmoney.com/news,300255,617022281.html",2017-03-14 11:21:40,什么时候起飞！慢慢等待
垃圾逼股进入僵尸模式，买进就被割韭菜死翘翘。机构使劲出货。,"https://guba.eastmoney.com/news,300255,616966628.html",2017-03-14 09:49:21,垃圾逼股进入僵尸模式，买进就被割韭菜死翘翘。机构使劲出货。
跑阿垃圾逼股韭菜割好了三个月无行情进入僵尸状态。,"https://guba.eastmoney.com/news,300255,616959557.html",2017-03-14 09:37:23,跑阿垃圾逼股韭菜割好了三个月无行情进入僵尸状态。
垃圾逼股昨天诱多买进全线套住，今天杀跌割韭菜。,"https://guba.eastmoney.com/news,300255,616954984.html",2017-03-14 09:27:30,垃圾逼股昨天诱多买进全线套住，今天杀跌割韭菜。
股市2017年最大机会出现了,"https://guba.eastmoney.com/news,300255,616905796.html",2017-03-14 02:44:32,股市2017年最大机会出现了
常山药业:2017年第一次临时股东大会的法律意见书,"https://guba.eastmoney.com/news,300255,616821487.html",2017-03-13 19:48:03,"公告日期：2017-03-14
 北京国枫（深圳）律师事务所



关于河北常山生化药业股份有限公司



2017年第一次临时股东大会的



法律意见书



国枫律股字[2017]C0027号



致：河北常山生化药业股份有限公司



北京国枫（深圳）律师事务所（以下简称“本所”）接受河北常山生化药业股份有限公司（以下简称“贵公司”）的委托，指派律师出席了贵公司召开的2017年第一次临时股东大会现场会议，并出具法律意见书。



本所律师根据《中华人民共和国公司法》（以下简称“《公司法》”）、《中华人民共和国证券法》、《上市公司股东大会规则》等法律、法规和规范性文件以及《河北常山生化药业股份有限公司章程》（以下简称“《公司章程》”）的有关规定，出具本法律意见书。



为出具本法律意见书，本所律师审查了贵公司提供的有关召开本次股东大会相关文件的原件或影印件，包括但不限于：



1、贵公司于2017年2月17日刊载在中国证监会指定信息披露网站的《河



北常山生化药业股份有限公司第三届监事会第九次会议决议公告》（以下简称“《监事会决议》”）；



2、贵公司于2017年2月25日刊载在中国证监会指定信息披露网站的《河



北常山生化药业股份有限公司第三届董事会第十一次会议决议公告》（以下简称“《董事会决议》”）；



3、贵公司于2017年2月25日刊载在中国证监会指定信息披露网站的《河



北常山生化药业股份有限公司关于召开 2017 年第一次临时股东大会通知的公



告》（以下简称“《股东大会通知》”）；



4、贵公司于2017年2月28日刊载在中国证监会指定信息披露网站的《河



北常山生化药业股份有限公司关于召开2017年第一次临时股东大会补充通知公



告》（以下简称“《股东大会补充通知》”）



5、股东名册、股东身份证明文件及授权委托书等。



本法律意见书仅作为贵公司本次股东大会公告的法定文件使用，非经本所律师书面同意不得用于其他用途。



本所律师现根据有关法律、法规及规范性文件的要求，按照律师行业公认的业务标准、道德规范和勤勉尽责的精神，对本次股东大会出具如下法律意见：一、本次股东大会的召集与召开程序



（一）本次股东大会的召集



根据贵公司于2017年2月17日刊载的《监事会决议》，于2017年2月25



日刊载的《董事会决议》、《股东大会通知》，于2017年2月28日刊载的《股



东大会补充通知》，本次股东大会由贵公司董事会召集。本所律师认为，贵公司本次股东大会的召集方式符合《公司法》等法律、法规及规范性文件的规定，符合《公司章程》的有关规定。



（二）本次股东大会的召开



1. 根据《董事会决议》、《监事会决议》、《股东大会通知》和《股东大



会补充通知》，贵公司召开本次股东大会的通知已提前十五日以公告方式做出，临时提案已提前十日提出审议并以公告方式作出，符合《公司法》及《公司章程》的有关规定。



2. 根据《董事会决议》、《监事会决议》、《股东大会通知》和《股东大



会补充通知》，贵公司有关本次股东大会会议通知的主要内容有：会议召集人、会议投票方式、会议时间、会议地点、会议审议事项、出席会议的对象、会议登记方法及其他事项等，该会议通知的内容符合《公司章程》的有关规定。



3. 本次股东大会以现场投票及网络投票相结合方式召开，现场会议于2017



年3月13日（星期一）下午14:30在河北省石家庄市正定新区银川大街北首，



河北常山生化药业股份有限公司新厂区办公楼会议室如期举行。现场会议召开的实际时间、地点与会议通知中所告知的时间、地点一致。



4. 除现场会议外，公司还通过深圳证券交易所交易系统向股东提供了网络



形式的投票平台。其中，通过深圳证券交易所交易系统投票平台进行网络投票的时间为2017年3月13日上午9:30至11:30，下午13:00至15:00；通过深圳证券交易所互联网投票平台进行投票的时间为2017年3月12日15:00至2017年3月13日15:00的任意时间。



5. 本次股东大会由贵公司董事长高树华先生主持。



本所律师认为，贵公司本次股东大会召集、召开的程序符合《公司法》等法律、法规及《公司章程》的规定。



二、关于出席本……
[点击查看PDF原文]
提示：本网不保证其真实性和客观性，一切有关该股的有效信息，以交易所的公告为准，敬请投资者注意风险。
展开阅读全文"
常山药业:2017年第一次临时股东大会决议公告,"https://guba.eastmoney.com/news,300255,616821398.html",2017-03-13 19:47:49,"公告日期：2017-03-14
证券代码：300255 证券简称：常山药业 公告编号：2017-16



河北常山生化药业股份有限公司



2017年第一次临时股东大会决议公告



本公司及董事会全体成员保证信息披露的内容真实、准确和完整，没有虚假记载、误导性陈述或者重大遗漏。



重要提示：



1. 本次会议无否决或修改提案的情况



2. 本次股东大会不涉及变更以往股东大会已通过的决议



一、会议召开和出席情况



河北常山生化药业股份有限公司（以下简称“公司”）于2017年2月24日



以公告方式向全体股东发出召开2017年第一次临时股东大会的通知。本次股东



大会采取现场投票和网络投票相结合的方式召开。其中现场会议于2017年3月



13日下午 14:30在河北省石家庄市正定新区银川大街北首公司新厂区办公楼会



议室召开，本次会议由董事会召集、董事长高树华主持；通过深圳证券交易所交易系统进行网络投票的具体时间为2017年3月13日上午9:30至11:30，下午13:00至15:00；通过深圳证券交易所互联网投票的具体时间为2017年3月12日15:00至2017年3月13日15:00期间的任意时间。



出席本次股东大会的股东及股东授权代表共 6 名，代表有表决权股份共计



550,282,836股，占公司股份总数的58.8559%。其中：参加现场会议的股东及股



东授权代表共5人，代表有表决权股份550,278,036股，占公司总股本的58.8554%；



参加网络投票的股东共 1人，代表有表决权股份 4,800股，占公司股份总数的



0.0005％。出席本次会议中小股东共2名，代表有表决权股份36,815,200股，占



公司股份总数的3.9376％。公司部分董事、监事、高级管理人员及律师出席或列



席了本次会议。会议的召集、召开与表决程序符合《公司法》、《公司章程》和《股东大会议事规则》的相关规定。



二、议案审议表决情况



本次会议以现场投票和网络投票相结合的方式对各项议案进行了表决，审议通过了如下议案：



（一）审议《关于选举乔维先生为公司第三届监事会监事的议案》



表决结果：同意票550,282,836股，占出席会议股东所持有效表决权的100%；



反对票0股；弃权票0股，审议通过。



其中中小股东投票情况为：同意36,815,200股，占出席会议中小股东所持有



效表决权的100%；反对0股；弃权0股。



（二）审议《关于办理工商变更登记的议案》



表决结果：同意票550,282,836股，占出席会议股东所持有效表决权的100%；



反对票0股；弃权票0股，审议通过。



其中中小股东投票情况为：同意36,815,200股，占出席会议中小股东所持有



效表决权的100%；反对0股；弃权0股。



三、律师出具的法律意见



本次股东大会由北京国枫（深圳）律师事务所指派的律师现场见证，并出具了2017年第一次临时股东大会的法律意见书。律师认为：公司2017年第一次临时股东大会召集和召开的程序、出席本次股东大会现场会议人员和召集人的资格以及表决程序等事宜，符合法律、法规及《公司章程》的有关规定。本次股东大会的表决结果合法、有效。



四、备查文件



1、公司2017年第一次临时股东大会决议



2、北京国枫（深圳）律师事务所关于公司2017年第一次临时股东大会的法



律意见书



特此公告。



河北常山生化药业股份有限公司董事会



2017年3月13日




[点击查看PDF原文]
提示：本网不保证其真实性和客观性，一切有关该股的有效信息，以交易所的公告为准，敬请投资者注意风险。
展开阅读全文"
常山药业:关于变更公司监事的公告,"https://guba.eastmoney.com/news,300255,616821397.html",2017-03-13 19:47:49,"公告日期：2017-03-14
证券号码：300255 证券简称：常山药业 公告编号：2017-17



河北常山生化药业股份有限公司



关于变更公司监事的公告



本公司及监事会全体成员保证信息披露内容的真实、准确和完整，没有虚假记载、误导性陈述或重大遗漏。



河北常山生化药业股份有限公司（下称“公司”）监事会于近日收到公司监事林深女士的书面辞职报告。林深女士因工作原因申请辞去公司监事及监事会主席职务，辞职后不在公司任职。林深女士未持有公司股份。



公司监事会接受林深女士的辞职请求，由于林深女士辞去监事会主席职务后，公司监事会人数不足三名。根据《公司章程》的有关规定，该辞职申请将自公司股东大会选举产生新任监事填补其空缺后生效。



公司监事会提名乔维先生为公司第三届监事会监事候选人，并于2017年2月17日召开的第三届监事会第九次会议审议通过了《关于选举乔维先生为公司第三届监事会监事的议案》。



公司于2017年3月13日召开2017年第一次临时股东大会审议通过了《关于选举乔维先生为公司第三届监事会监事的议案》，乔维先生正式出任公司监事，任职期限至本届监事会期满之日止。



乔维先生简历详见附件。



公司及公司监事会对林深女士在公司担任监事期间为公司所做出的贡献表示衷心的感谢！



特此公告。



河北常山生化药业股份有限公司监事会



2017年3月13日



附件：



乔维先生简历



乔维，男，中国国籍，无境外居留权，1981年8月出生，研究生学历，法



律职业资格。2007年7月至2015年12月任职北京天达共和律师事务所，2016



年1月至2016年9月任职中国国投高新产业投资公司，2016年10月至今任职



国投创合（北京）基金管理有限公司，目前从事国家创业风险投资受托业务管理工作。



截至目前，乔维先生未持有常山药业股份，任国投创合（北京）基金管理有限公司合规风控部副总裁，除此之外，与公司控股股东、实际控制人、持有公司5%以上股份的股东及其他董事、监事和高级管理人员不存在关联关系，不存在受到中国证监会及其他有关部门的处罚和证券交易所惩戒的情形，不存在《公司法》、《深圳证券交易所创业板上市公司规范运作指引》及《公司章程》中规定的不得担任公司监事的情形。




[点击查看PDF原文]
提示：本网不保证其真实性和客观性，一切有关该股的有效信息，以交易所的公告为准，敬请投资者注意风险。
展开阅读全文"
常山药业:关于向银行申请授信额度的公告,"https://guba.eastmoney.com/news,300255,616821151.html",2017-03-13 19:46:56,"公告日期：2017-03-14
证券号码：300255 证券简称：常山药业 公告编号：2017-19



河北常山生化药业股份有限公司



关于向银行申请授信额度的公告



本公司及董事会全体成员保证信息披露内容的真实、准确和完整，没有虚假记载、误导性陈述或重大遗漏。



2017年3月13日，河北常山生化药业股份有限公司（以下简称“公司”）



第三届董事会第十二次会议审议通过了《关于向银行申请授信额度的议案》，具体情况如下：



根据公司2017年总体经营战略需要，公司拟向兴业银行股份有限公司石家



庄分行申请不超过4.5亿元人民币的综合授信额度，授信期限为24个月。以上



综合授信额度不等于公司的实际融资金额，实际融资金额应在综合授信额度内，以银行与公司实际发生的融资金额为准，具体的融资金额将视公司运营资金的实际需求来合理确定。本次申请授信额度未超过公司最近一期经审计净资产的30%，根据《公司章程》规定无需提交公司股东大会审议。



上述有关申请授信事项，公司董事会授权公司董事长签署相关法律文件（包括但不限于授信、借款、担保、抵押、融资等有关的申请书、合同、协议等）。



特此公告。



河北常山生化药业股份有限公司董事会



2017年3月13日




[点击查看PDF原文]
提示：本网不保证其真实性和客观性，一切有关该股的有效信息，以交易所的公告为准，敬请投资者注意风险。
展开阅读全文"
主力借机出货1118万,"https://guba.eastmoney.com/news,300255,616724365.html",2017-03-13 14:49:06,主力借机出货1118万
常山加油！！！,"https://guba.eastmoney.com/news,300255,616716727.html",2017-03-13 14:37:03,常山加油！！！
恭喜今天下午买进的朋友你被套了,"https://guba.eastmoney.com/news,300255,616692382.html",2017-03-13 13:54:41,恭喜今天下午买进的朋友你被套了
是谁在压盘？是庄家，还是散户？,"https://guba.eastmoney.com/news,300255,616711870.html",2017-03-13 14:28:31,是谁在压盘？是庄家，还是散户？
傻瓜还在抛,"https://guba.eastmoney.com/news,300255,616673400.html",2017-03-13 13:21:19,傻瓜还在抛
明天正式步入8元以上，小股利好就是涨！,"https://guba.eastmoney.com/news,300255,616704861.html",2017-03-13 14:16:13,明天正式步入8元以上，小股利好就是涨！
圣莱下午一路走红，千万别追套，下支见至尊宝。,"https://guba.eastmoney.com/news,300255,616656352.html",2017-03-13 12:23:08,圣莱下午一路走红，千万别追套，下支见至尊宝。
小单拉大单逃诱割了把韭菜。接盘死翘翘了。,"https://guba.eastmoney.com/news,300255,616676574.html",2017-03-13 13:26:53,小单拉大单逃诱割了把韭菜。接盘死翘翘了。
垃圾逼股跌多涨少，接盘的死翘翘了。,"https://guba.eastmoney.com/news,300255,616644566.html",2017-03-13 11:38:50,垃圾逼股跌多涨少，接盘的死翘翘了。
早上暴力割韭菜，下午开盘暴力拉升。,"https://guba.eastmoney.com/news,300255,616668075.html",2017-03-13 13:10:10,早上暴力割韭菜，下午开盘暴力拉升。
600572,"https://guba.eastmoney.com/news,300255,616669204.html",2017-03-13 13:12:25,
敢提前发公告，就不怕被你赚钱解套,"https://guba.eastmoney.com/news,300255,616668198.html",2017-03-13 13:10:11,敢发公告，股价必跌，这是股市铁律！
哇靠这股票套路深，散户被玩的死翘翘了。,"https://guba.eastmoney.com/news,300255,616666470.html",2017-03-13 13:05:38,哇靠这股票套路深，散户被玩的死翘翘了。
大盘继续缩量调整，弱势行情延续,"https://guba.eastmoney.com/news,300255,616652857.html",2017-03-13 12:07:41,周末有大事！广发也涨停！深港通了 降准
你妈的,"https://guba.eastmoney.com/news,300255,616641004.html",2017-03-13 11:29:58,狗屎 是不是鸡胜利每天在出货
牛股的基因永远是：业绩暴增 盘小 成长 行业（,"https://guba.eastmoney.com/news,300255,616609916.html",2017-03-13 10:35:06,【价格早知道】8月29日价格报道
连续十几天资金流出，泥马逼搞什么鬼？,"https://guba.eastmoney.com/news,300255,616607592.html",2017-03-13 10:30:44,连续十几天资金流出，泥马逼搞什么鬼？
垃圾逼股暴跌割韭菜了谁接盘亏的死翘翘了。,"https://guba.eastmoney.com/news,300255,616576846.html",2017-03-13 09:41:36,垃圾逼股暴跌割韭菜了谁接盘亏的死翘翘了。
停牌了?,"https://guba.eastmoney.com/news,300255,616569864.html",2017-03-13 09:27:35,停牌了?
600823中报0.52元净资产7.43元、现价7元,"https://guba.eastmoney.com/news,300255,616568718.html",2017-03-13 09:24:17,午评：地产利空打压，A股继续震荡
北京CBD地区有望率先试用5G,"https://guba.eastmoney.com/news,300255,616543947.html",2017-03-13 06:26:07,马云最想获的资源——浙江铁路！！！
《23家电视台: 9月6日或出现大跳水》,"https://guba.eastmoney.com/news,300255,616341239.html",2017-03-11 19:22:19,反弹曙光已现，最强新主线 航天通信 鲁信
下周一复牌举牌方与鲜言方抢筹，看谁能做大股东,"https://guba.eastmoney.com/news,300255,616173050.html",2017-03-10 22:26:13,公司中报每10股送15股＋中标博世西门子，约为13
大数据产业十三五规划年内发布（附概念股）,"https://guba.eastmoney.com/news,300255,616268437.html",2017-03-11 11:20:07,秋林：大股东成本近元/股 商业价值含元！
主力终于拉了，怒涨两分。,"https://guba.eastmoney.com/news,300255,616042443.html",2017-03-10 15:00:35,主力终于拉了，怒涨两分。
涨一分,"https://guba.eastmoney.com/news,300255,616039007.html",2017-03-10 14:55:16,涨一分
7.82准备卖了，亏点交易税。,"https://guba.eastmoney.com/news,300255,616037744.html",2017-03-10 14:52:57,7.82准备卖了，亏点交易税。
守了一年半的常山，绝望了！,"https://guba.eastmoney.com/news,300255,616005036.html",2017-03-10 14:03:31,天天半死不活的5分钱波动，换手率天天低于1，今天终于绝望了！再也不见了300255！
垃圾逼股典型僵尸股5分钱差价玩一天。。谁接盘套的死翘翘了,"https://guba.eastmoney.com/news,300255,615992933.html",2017-03-10 13:43:10,垃圾逼股典型僵尸股5分钱差价玩一天。。谁接盘套的死翘翘了
跌停算了，压的吗人！,"https://guba.eastmoney.com/news,300255,615981207.html",2017-03-10 13:21:45,跌停算了，压的吗人！
