标题,链接,发布时间,内容
主力出不了货，只能自己搞个大拖单慢慢出，现在这行情每人想做多，慢慢跌。,"https://guba.eastmoney.com/news,300264,319040620.html",2016-04-12 14:13:59,主力出不了货，只能自己搞个大拖单慢慢出，现在这行情每人想做多，慢慢跌。
洗牌结束，明天高开高走,"https://guba.eastmoney.com/news,300264,319103908.html",2016-04-12 14:59:55,洗牌结束，明天高开高走
上午买的全套。,"https://guba.eastmoney.com/news,300264,319033522.html",2016-04-12 14:09:12,RT
这段时间主力建仓，肯定没有赚钱，难不成割肉了……,"https://guba.eastmoney.com/news,300264,319083658.html",2016-04-12 14:45:55,这段时间主力建仓，肯定没有赚钱，难不成割肉了……
高位整理，后市可期！！,"https://guba.eastmoney.com/news,300264,319352219.html",2016-04-12 18:41:51,高位整理，后市可期！！
探底神针？,"https://guba.eastmoney.com/news,300264,319302354.html",2016-04-12 17:51:26,探底神针？
佳创的最新看法,"https://guba.eastmoney.com/news,300264,318896598.html",2016-04-12 12:13:40,高位滞涨，顶部特征明显，赶快出货吧。
明天先拉一板！,"https://guba.eastmoney.com/news,300264,319258972.html",2016-04-12 17:14:01,[不说了]
每天拉高出货，看这今天的换手率，应该出得差不多了，我就先走了[心碎],"https://guba.eastmoney.com/news,300264,319088593.html",2016-04-12 14:49:18,每天拉高出货，看这今天的换手率，应该出得差不多了，我就先走了[心碎]
悄悄告诉你们，这股跟众合股份一个主力[大笑][大笑][大笑],"https://guba.eastmoney.com/news,300264,319092004.html",2016-04-12 14:51:38,悄悄告诉你们，这股跟众合股份一个主力
明天在十日线上面极速反弹！,"https://guba.eastmoney.com/news,300264,319119567.html",2016-04-12 15:12:31,明天在十日线上面极速反弹！
主力有出不完的货[大笑][大笑][大笑],"https://guba.eastmoney.com/news,300264,319077819.html",2016-04-12 14:41:42,主力有出不完的货
变绿可加仓,"https://guba.eastmoney.com/news,300264,318814785.html",2016-04-12 11:12:59,变绿可加仓
不管怎么说，我还是持股了,"https://guba.eastmoney.com/news,300264,319058338.html",2016-04-12 14:26:23,不管怎么说，我还是持股了
不看好，出坟丘子了……,"https://guba.eastmoney.com/news,300264,318985558.html",2016-04-12 13:36:01,庄家进去了……
周二开始,"https://guba.eastmoney.com/news,300264,316974088.html",2016-04-11 20:33:39,惊喜不断
这走势让我失望了,"https://guba.eastmoney.com/news,300264,316450394.html",2016-04-11 14:01:23,这走势让我失望了
264你的龙头暴风已经飞了,"https://guba.eastmoney.com/news,300264,318800813.html",2016-04-12 11:03:12,你还不赶紧跟上 还压什么盘
我是中国股市接班人,"https://guba.eastmoney.com/news,300264,318947853.html",2016-04-12 13:08:46,我是中国股市接班人
佳创视讯会不会被ST？,"https://guba.eastmoney.com/news,300264,318789278.html",2016-04-12 10:54:47,佳创视讯会不会被ST？
今天如果不能收在均线以上，那就要跑。虽然压盘者凶旱,"https://guba.eastmoney.com/news,300264,318765684.html",2016-04-12 10:39:22,今天如果不能收在均线以上，那就要跑。虽然压盘者凶旱
建议大家减仓,"https://guba.eastmoney.com/news,300264,318749952.html",2016-04-12 10:28:55,建议大家减仓
佳创视讯：多项合同签订，“VR+广电”战略迈出首步,"https://guba.eastmoney.com/news,300264,318712750.html",2016-04-12 10:05:17,"维持“增持”评级，上调目标价至29元。公司此前与虚拟现实国家重点实验室等四家重量级机构签署战略合作框架协议，市场担心公司的“VR+广电”战略难以落地；此次与合作机构签订多项技术开发和服务合同，研究VR直播三维重建及高速解码、裸眼3D直播和VR在有线网络的传输，表明“VR+广电”战略正在紧锣密鼓的落地中。维持公司2015-2017年EPS预测为0.04、0.14、0.26元，考虑到战略落地预期强化及市场风险偏好回暖，上调目标价至29元（+15%），对应近66亿元市值。

　　“VR+广电”战略迈出首步，后续落地望持续。市场担心公司“VR+广电”战略难以落地，我们则认为公司有望持续开展动作，受益于VR行业的快速发展，理由：广电体系积极拥抱VR：市场认为广电对技术反应迟缓，然而我们发现近期从总局、央视到地方广电公司均表现出对VR的极大热情，有望不断推出VR内容；据中国新闻出版广电报报道，央视网已经将VR技术用于两会报道，并得到广电总局蔡局长的关注。研究适用于广电内容和网络的VR技术，与广电体系有望开展广泛合作：公司目前研究的方向无不与广电内容和网络高度相关，如VR直播拼接重建技术与体育赛事、综艺演出等广电节目形式高度契合，VR直播高速解码及有线网络传输技术与广电网络直接相关，裸眼3D直播技术可更好服务于家庭共同观看；广电体系对公司的技术需求很强，有望开展广泛合作，为公司提供内容和网络。"
快跑啦，别多想，大盘要崩[大笑],"https://guba.eastmoney.com/news,300264,318838508.html",2016-04-12 11:28:27,快跑啦，别多想，大盘要崩
加仓,"https://guba.eastmoney.com/news,300264,318651704.html",2016-04-12 09:22:43,加仓
只要收在26.10元以上，是要创新高的！,"https://guba.eastmoney.com/news,300264,318771455.html",2016-04-12 10:43:04,看我的计算准不准………
坚决持股，目前满仓，待到30以上再减仓，我不唱多也不唱空，趋势投资，后期必有所为,"https://guba.eastmoney.com/news,300264,316660166.html",2016-04-11 16:18:13,坚决持股，目前满仓，待到30以上再减仓，我不唱多也不唱空，趋势投资，后期必有所为
今天早盘走的不强，说明这个位置主力准备长时间震仓，，，也说明公告内容利好还不够大,"https://guba.eastmoney.com/news,300264,316171858.html",2016-04-11 09:44:16,今天早盘走的不强，说明这个位置主力准备长时间震仓，，，也说明公告内容利好还不够大，看来需要其中一个实验室开发出一个革命性产品让佳创推向市场才行
"和一所985一所211工程大学签订重大合同,我们还有什么可以不放心的呢.","https://guba.eastmoney.com/news,300264,318484840.html",2016-04-12 07:53:22,"北航是985大学,北邮是211大学.这两所大学都是全国重点大学,佳创和他们合作开发虚拟现实项目,难道两市还有比他更好的虚拟现实题材吗.佳创不到60亿的市值.后期大有可为啊.市值涨到150亿到200亿都有可能的."
25块换手3.5亿，1500万股，下周只要大盘不崩，还是有很大的机会反弹涨停的,"https://guba.eastmoney.com/news,300264,312140939.html",2016-04-08 16:15:38,25块换手3.5亿，1500万股，下周只要大盘不崩，还是有很大的机会反弹涨停的
佳创视讯:关于签署多项技术开发及服务合同的公告,"https://guba.eastmoney.com/news,300264,314787359.html",2016-04-10 17:10:15,"公告日期：2016-04-11
证券代码：300264 证券简称：佳创视讯 公告编号：2016-013

深圳市佳创视讯技术股份有限公司

关于签署多项技术开发及服务合同的公告

本公司及董事会全体成员保证信息披露内容的真实、准确和完整，没有虚假记载、误导性陈述或重大遗漏。

深圳市佳创视讯技术股份有限公司(以下简称“公司”)于3月18日与虚拟现实技术及系统国家重点实验室、信息光子学与光通信国家重点实验室、国家广播电视网工程技术研究中心、数字电视国家工程实验室共同签订了《“虚拟现实 广播电视”产业化发展战略合作框架协议》（公告编号：2016-008）。

日前公司与以上相关机构签署了技术开发服务合同，现将相关情况公告如下：

公司与北京航空航天大学虚拟现实技术及系统国家重点实验室签署了《摄像机位视频的虚拟现实切换技术研究》的技术开发合同。针对目前在体育赛事、歌舞表演等大型会场直播等情况下，由于不同摄像机位视频之间进行虚拟现实切换过程中导致的场景不自然、临场感不佳等情况，研究实现基于场景解析的交互式对象建模技术，利用虚拟现实场景进行精确三维重建，计算最优轨迹路线，为广电行业提供一种新型的转播效果。

公司与北京航空航天大学虚拟现实技术及系统国家重点实验室签署了《VR全景视频直播高速解码技术研究》的技术开发合同。针对在利用虚拟现实场景进行全景直播时通常需要多路摄像机同时采集视频数据，但多路摄像机采集的高清视频数据量巨大，且因计算资源与存储资源有限，导致视频解码速度变慢，视频播放延迟增大等情况，无法满足VR全景视频的实时直播需求。研究利用软件优化方法实现VR全景高清实时解码技术，完成对位流解析、熵解码、反量化、反变换、运动补偿和图像重建等各个模块的软件实现，实现对VR全景视频直播的高清实时解码，为广电行业及视频行业的发展创造更良好的条件。

公司与北京邮电大学信息光子学与光通信国家重点实验室签署了《裸眼3D视频显示直播技术开发》的技术开发合同。技术目标是基于光学原理和信息处理的技术，进行3D视频获取、裸眼3D视频播放和裸眼3D显示技术的开发，可以实现3D视频裸眼直播示范应用。

能够实现3D视频的裸眼3D直播，实现视觉立体感、裸眼3D显示观看视角超过80度。

公司与国家新闻出版广电总局广播科学研究院国家广播电视网工程技术研究中心签署了《VR业务在有线网络的传输技术支持服务》的技术服务合同。根据公司业务需求，分析

有线网络的现有传输能力，研究服务平台的结构与部署办法，分析对应的网络组网与优化方法，配合公司在指定区域的网络进行规划，并配合协调网络资源调度，对网络实际传输能力进行测试验证。

风险提示

1、本公告中的相关合同在执行过程中可能存在履约能力、技术、产能等方面存在不确定性和风险；

2、本次委托开发的成果是否在未来产生收益存在不确定性；

3、目前VR技术仍处于初级阶段，在传输硬件以及其他配套制度、行业标准方面仍然存在一定的限制，需要时间和方法进一步解决，因此存在VR发展速度存在低于预期的风险；

4、协议的履行存在受不可抗力影响造成的风险；

5、本公司郑重提醒广大投资者详细阅读公司在指定媒体巨潮资讯网（www.cninfo.com.cn）上发布的公告内容，并关注公告中的风险提示；

6、本公司郑重提醒广大投资者：《中国证券报》、《证券时报》和巨潮资讯网为本公司指定信息披露媒体，公司所有信息均以在上述指定媒体刊登的信息为准。

本公司郑重提醒广大投资者，应当切实提高风险意识，强化价值投资理念，注意投资风险。

特此公告！

深圳市佳创视讯技术股份有限公司

董事会

2016年4月10日


[点击查看PDF原文]
提示：本网不保证其真实性和客观性，一切有关该股的有效信息，以交易所的公告为准，敬请投资者注意风险。
展开阅读全文"
今天看似大涨，但其实赚钱难度很大。,"https://guba.eastmoney.com/news,300264,317165930.html",2016-04-11 22:19:47,今天大盘看似大涨，但其实赚钱难度很大，因为在早上买入大部分标的都是错的。今日尽管大量概念非常活跃，但真心的基本只有精准医疗一个；大量个股今日出现拉抬、但随后冲高回落，而且涨停家数少，活跃度不合格。
此股不宜久留。溜人!……,"https://guba.eastmoney.com/news,300264,316969107.html",2016-04-11 20:30:28,此股不宜久留。溜人!……
不涨停我吃死,"https://guba.eastmoney.com/news,300264,316390233.html",2016-04-11 13:08:57,不涨停我吃死
4月16日出年报，估计年报前不会涨！,"https://guba.eastmoney.com/news,300264,316599781.html",2016-04-11 15:38:24,长期投资还是看好。短期顺势而为。
谈谈我的个人看法！,"https://guba.eastmoney.com/news,300264,310477569.html",2016-04-07 10:18:51,佳创视讯，近期一直持续横盘整理，盘中时不时上下洗盘，资金暗地吸筹加仓！前期的暴风雨过后七色彩虹即将来临！在这个时候，任何过分看空市场的行动，已经说明你跟不上市场的变化。还在场外观望的已经可以开始部分仓位先布局，如果下跌了还有资金可以加仓，而上涨则有仓位，也不怕踏空！你还在怀疑什么？有下来就赶快买进，还是那句话，波段持有。不会买股票的离远一点，赚了钱不会孝敬父母的离远一点。
佳创视讯,"https://guba.eastmoney.com/news,300264,312232846.html",2016-04-08 18:29:33,佳创视讯
这票下跌应该结束了！,"https://guba.eastmoney.com/news,300264,316535800.html",2016-04-11 14:59:31,后面应该是逐渐往上拉抬，高抛低吸做中线，看能不能突破！
第二天在10日线之下，明天第三天。,"https://guba.eastmoney.com/news,300264,316584771.html",2016-04-11 15:28:25,若第三天不能上10天线，这票完了。准备长期下跌、横盘了。
感觉每天都适合早上高抛，尾盘买回[滴汗],"https://guba.eastmoney.com/news,300264,316552656.html",2016-04-11 15:08:29,感觉每天都适合早上高抛，尾盘买回
今天加仓9998手[微笑],"https://guba.eastmoney.com/news,300264,316477247.html",2016-04-11 14:24:04,今天加仓9998手
不说了，今天表现一般般,"https://guba.eastmoney.com/news,300264,316519388.html",2016-04-11 14:50:52,不说了，今天表现一般般
下午没动静,"https://guba.eastmoney.com/news,300264,316495261.html",2016-04-11 14:38:32,下午没动静
又套了一批，恭喜啊，来看你们了,"https://guba.eastmoney.com/news,300264,316470024.html",2016-04-11 14:17:39,又套了一批，恭喜啊，来看你们了
散户小心，不要轻易根据公告就进仓,"https://guba.eastmoney.com/news,300264,316458086.html",2016-04-11 14:07:42,散户小心，不要轻易根据公告就进仓
软了，起不来了,"https://guba.eastmoney.com/news,300264,316439236.html",2016-04-11 13:51:46,软了，起不来了
居然卵了,"https://guba.eastmoney.com/news,300264,316448297.html",2016-04-11 13:59:37,居然卵了
主力你继续砸吧，我看你能砸到哪里，没盈利不走，虚拟现实都调整这么多天了，还能跌到,"https://guba.eastmoney.com/news,300264,311875543.html",2016-04-08 11:31:44,主力你继续砸吧，我看你能砸到哪里，没盈利不走，虚拟现实都调整这么多天了，还能跌到哪里去？就算你不是龙头了，跟着涨点也行
主力在等换手率上来,"https://guba.eastmoney.com/news,300264,316405610.html",2016-04-11 13:22:46,主力在等换手率上来
大单忽悠开始了；逼庄,"https://guba.eastmoney.com/news,300264,316409612.html",2016-04-11 13:26:10,大单忽悠开始了
出不完的货,"https://guba.eastmoney.com/news,300264,316408481.html",2016-04-11 13:25:08,出不完的货
现在是主力之间的较量,"https://guba.eastmoney.com/news,300264,316400962.html",2016-04-11 13:18:49,现在是主力之间的较量
封板！,"https://guba.eastmoney.com/news,300264,316391476.html",2016-04-11 13:10:09,封板！
倡议书：强烈要求佳创视讯年报10送10。如果满足投资者愿望，全体投资者将评选佳创,"https://guba.eastmoney.com/news,300264,316188381.html",2016-04-11 09:58:32,倡议书：强烈要求佳创视讯年报10送10。如果满足投资者愿望，全体投资者将评选佳创视讯为2016年最佳上市公司。
俺们的操盘方式很厉害的，11点准时泛绿，套牢亦有以一批,"https://guba.eastmoney.com/news,300264,316218559.html",2016-04-11 10:21:50,俺们的操盘方式很厉害的，11点准时泛绿，套牢亦有以一批
佳创视讯,"https://guba.eastmoney.com/news,300264,316381073.html",2016-04-11 12:56:52,佳创视讯 虚拟现实板块龙头之一，今日放量强势拉升，短期压力在26.75元附近，但若连续上冲不能突破则可减仓操作。
佳创很有可能被阿里巴巴的马云收购,"https://guba.eastmoney.com/news,300264,316150698.html",2016-04-11 09:24:53,佳创是虚拟与现实转换端口的龙头，一但成功，要改变世界。中央二套介绍，百度，阿里将投巨资开发………
公告解读：《合作框架协议》升级为《技术开发（服务）合同》。就是说，已经从纸上谈兵,"https://guba.eastmoney.com/news,300264,314945301.html",2016-04-10 20:49:16,"公告解读：《合作框架协议》升级为《技术开发（服务）合同》。就是说，已经从纸上谈兵发展为真枪实弹开战。 
并且合作的对象是‘北京邮电大学’‘北京航空大学’‘广电总局’，这几家都是泰山北斗级别，国家战略的参与者，后面可能还会有更多国字号合作开发者进场--vr的权威者诞生！"
千万不要买业绩亏损的股票，否则，套牢无疑,"https://guba.eastmoney.com/news,300264,316197455.html",2016-04-11 10:05:43,千万不要买业绩亏损的股票，否则，套牢无疑
我走了，俺们撤退，大家继续意淫,"https://guba.eastmoney.com/news,300264,316226698.html",2016-04-11 10:28:41,我走了，俺们撤退，大家继续意淫
江湖牛股神 算哪根葱！！,"https://guba.eastmoney.com/news,300264,314860601.html",2016-04-10 18:30:33,江湖牛股神 算哪根葱！！
25左右可以抄底做把短线反弹,"https://guba.eastmoney.com/news,300264,311781471.html",2016-04-08 09:51:31,等跌到25左右可以抄底做把短线反弹，有10-15%左右短线获利空间。
今天如果在平台上方，那么有戏。反之，就会跌,"https://guba.eastmoney.com/news,300264,316285946.html",2016-04-11 11:17:39,今天如果在平台上方，那么有戏。反之，就会跌
25号换手50%，第二天33%，谁接？,"https://guba.eastmoney.com/news,300264,316209994.html",2016-04-11 10:15:20,25号换手50%，第二天33%，谁接，短期涨的太多了，套的也太多了
这股怎么走的这么累啊！,"https://guba.eastmoney.com/news,300264,316249524.html",2016-04-11 10:47:32,看的真累
哈哈，来一批，套一批，玩玩的,"https://guba.eastmoney.com/news,300264,316222185.html",2016-04-11 10:24:47,哈哈，来一批，套一批，玩玩的
买了的在等吗，没有买的再准备吗。俺们可是刽子手,"https://guba.eastmoney.com/news,300264,316220259.html",2016-04-11 10:23:13,买了的在等吗，没有买的再准备吗。俺们可是刽子手
俺们不会让你们获利的，俺们是吸血鬼，刽子手,"https://guba.eastmoney.com/news,300264,316215217.html",2016-04-11 10:19:07,俺们不会让你们获利的，俺们是吸血鬼
即使想投资虚拟现实也要关注爱施德和恒信移动啊,"https://guba.eastmoney.com/news,300264,316208430.html",2016-04-11 10:14:05,即使想投资虚拟现实也要关注爱施德和恒信移动啊
龙头还是爱施德。,"https://guba.eastmoney.com/news,300264,316205315.html",2016-04-11 10:11:38,牛。
散户不要上当，诱多，套牢你们的，因为俺们是柚子,"https://guba.eastmoney.com/news,300264,316200623.html",2016-04-11 10:08:13,散户不要上当，诱多，套牢你们的，因为俺们是柚子
未买的散户，自己看去，连续出现托单，分时，诱多,"https://guba.eastmoney.com/news,300264,316198744.html",2016-04-11 10:06:45,未买的散户，自己看去，连续出现托单，分时，诱多
散户来一个套一个，来一个割一个,"https://guba.eastmoney.com/news,300264,316195277.html",2016-04-11 10:04:03,散户来一个套一个，来一个割一个
俺们是庄家，俺们自己玩，收盘跌-3，明天继续课题,"https://guba.eastmoney.com/news,300264,316193503.html",2016-04-11 10:02:41,俺们是庄家，俺们自己玩，收盘跌-3
诱多，我是庄家，看看大智慧的资金，大幅流出，为什么,"https://guba.eastmoney.com/news,300264,316191572.html",2016-04-11 10:01:10,诱多，我是庄家，看看大智慧的资金，大幅流出，为什么
创业板今天收盘5%，该股收盘-4左右，开启加速下跌模式,"https://guba.eastmoney.com/news,300264,316189826.html",2016-04-11 09:59:43,创业板今天收盘5%，该股收盘-7左右
11点准时翻绿色，高位派发，千万不要买,"https://guba.eastmoney.com/news,300264,316187996.html",2016-04-11 09:58:13,11点准时翻绿色，高位派发，千万不要买
今日分时均线下，诱多，11点准时泛绿到跌停板,"https://guba.eastmoney.com/news,300264,316186425.html",2016-04-11 09:56:49,今日分时均线下，诱多，11点准时泛绿到跌停板
如何，利用利好派发10元的筹码，11点准时跌停板,"https://guba.eastmoney.com/news,300264,316184272.html",2016-04-11 09:54:58,如何，利用利好派发10元的筹码，11点准时跌停板
诱多如何，暴风影音跌停板，该股大跌,"https://guba.eastmoney.com/news,300264,316181366.html",2016-04-11 09:52:29,诱多如何，暴风影音跌停板，该股大跌
跌停板,"https://guba.eastmoney.com/news,300264,316153163.html",2016-04-11 09:24:28,跌停板
合同含糊不清，没有投资金额，为股东高位减持，10元见底。,"https://guba.eastmoney.com/news,300264,316117279.html",2016-04-11 09:01:59,合同含糊不清，没有投资金额，为股东高位减持，10元见底。
又开始忽悠散户接盘，不过是一个垃圾的公司。,"https://guba.eastmoney.com/news,300264,315970629.html",2016-04-11 07:40:57,又开始忽悠散户接盘，不过是一个垃圾的公司。
佳佳出年报的时候会不会有高送转呢？[想一下]如002431棕榈园林一样。佳佳多少,"https://guba.eastmoney.com/news,300264,315889112.html",2016-04-11 06:56:00,佳佳出年报的时候会不会有高送转呢？如002431棕榈园林一样。佳佳多少年没分配了，市值跟棕榈园林比较明显太偏小，值得期待！
都说是高位出利好，这些人都被回调吓破胆了，，，暴风这样才能说是高位，，，就这样暴,"https://guba.eastmoney.com/news,300264,315877287.html",2016-04-11 06:49:27,都说是高位出利好，这些人都被回调吓破胆了，，，暴风这样才能说是高位，，，就这样暴风还能放量，，，说明后市vr题材还能炒作解套，，，，
今天操盘很漂亮，来个假诱多，，，现在缺少个真诱空，，把股价打压到26到25一线才,"https://guba.eastmoney.com/news,300264,310524109.html",2016-04-07 11:02:12,今天操盘很漂亮，来个假诱多，，，现在缺少个真诱空，，把股价打压到26到25一线才能让一些死多缴枪，，
周一早上抢消息的同胞，想想，为什么延迟发布，其目的何在,"https://guba.eastmoney.com/news,300264,314989758.html",2016-04-10 21:29:05,周一早上抢消息的同胞，想想，为什么延迟发布，其目的何在
延迟发布的目的不单纯啊，啊哈哈哈，又是三重顶，,"https://guba.eastmoney.com/news,300264,314981706.html",2016-04-10 21:22:43,延迟发布的目的不单纯啊，啊哈哈哈，又是三重顶，
明天低开-5，势必执行，,"https://guba.eastmoney.com/news,300264,314944271.html",2016-04-10 20:47:19,明天低开-5，势必执行，
佳创视讯从明天开始正式开启杀跌之旅，高位利好，你懂的,"https://guba.eastmoney.com/news,300264,314994307.html",2016-04-10 21:32:57,佳创视讯从明天开始正式开启杀跌之旅，高位利好，你懂的
每一拉就大单扔下来,"https://guba.eastmoney.com/news,300264,310728027.html",2016-04-07 14:49:04,每一拉就大单扔下来
目标市值1000亿！广电总局的VR端口开发技术！抢占先机！,"https://guba.eastmoney.com/news,300264,315194427.html",2016-04-11 00:21:44,目标市值1000亿！广电总局的VR端口开发技术！抢占先机！
怎么办啊怎么办,"https://guba.eastmoney.com/news,300264,315079855.html",2016-04-10 22:48:50,妈的，周五被洗出来了，本来等周一低开再进的，不知道还有没有机会，太可恶了，如果不给我进的机会我就要去告发他们。
要飞了，高歌猛进，多钱卖好呢[想一下][买入],"https://guba.eastmoney.com/news,300264,315069694.html",2016-04-10 22:39:35,要飞了，高歌猛进，多钱卖好呢
散户记住：低位发是利好，高位发是利空（派发筹码）,"https://guba.eastmoney.com/news,300264,314991766.html",2016-04-10 21:30:46,散户记住：低位发是利好，高位发是利空（派发筹码）
一句话说明公告的内容。,"https://guba.eastmoney.com/news,300264,315042290.html",2016-04-10 22:14:05,各大实验室开发的VR技术通过佳创的整合和实用化以后最终服务于广电系统。对否？
周五破位断头铡刀，横盘出货完毕开启砸盘模式,"https://guba.eastmoney.com/news,300264,314998801.html",2016-04-10 21:36:36,周五破位断头铡刀，横盘出货完毕开启砸盘模式
康德新是佳创的，16亿股/2.3亿股=6.9倍！！！35元X6.9＝243元！！,"https://guba.eastmoney.com/news,300264,314993591.html",2016-04-10 21:32:26,康德新是佳创的，16亿股/2.3亿股=6.9倍！！！35元X6.9＝243元！！！佳创现也发展各类VR！假设分红送股到16亿股，股价市值也应243元！佳创现价24.6X10＝246元正好！所以佳创与康德新相比还有10倍的升值空间！！！加油佳创！！！
明天不知道内情的散户，以为是利好，要着到了,"https://guba.eastmoney.com/news,300264,314976126.html",2016-04-10 21:18:19,明天不知道内情的散户，以为是利好，要着到了
每天开盘10分钟封跌停板，散的大逃亡时刻到了，,"https://guba.eastmoney.com/news,300264,314622940.html",2016-04-10 13:50:08,每天开盘10分钟封跌停板，散的大逃亡时刻到了，
明天开始，高位能哄一个是一个，明天抛光最后的筹码,"https://guba.eastmoney.com/news,300264,314952416.html",2016-04-10 20:57:49,明天开始，高位能哄一个是一个，明天抛光最后的筹码
明天不知内情的新散户，势必买入，骗一批再说,"https://guba.eastmoney.com/news,300264,314950175.html",2016-04-10 20:55:40,明天不知内情的新散户，势必买入，骗一批再说
此消息，延迟发布就是为了我们游子最后出光，,"https://guba.eastmoney.com/news,300264,314945894.html",2016-04-10 20:50:21,此消息，延迟发布就是为了我们游子最后出光，
公告出现，每天跌停板可以期待，开盘低开-5.5,"https://guba.eastmoney.com/news,300264,314943291.html",2016-04-10 20:45:14,公告出现，每天跌停板可以期待，开盘低开-5.5
不小心买了10万股，是福吗,"https://guba.eastmoney.com/news,300264,314924792.html",2016-04-10 20:06:02,不小心买了10万股，是福吗
断头铡刀，后的结局不是仁慈，而是加速跌，然后我们抄底,"https://guba.eastmoney.com/news,300264,314616343.html",2016-04-10 13:40:19,断头铡刀，后的结局不是仁慈，而是加速跌，然后我们抄底
转眼回头看！原来春天已来到！！！大盘正悄悄的沐浴在春天里！！！,"https://guba.eastmoney.com/news,300264,267541309.html",2016-03-08 15:36:26,转眼回头看！原来春天已来到！！！大盘正悄悄的沐浴在春天里！！！
调整仓位，择机而行 封底加仓 封高做T 不低于5成仓位,"https://guba.eastmoney.com/news,300264,314878313.html",2016-04-10 18:49:38,"对于佳佳今晚发表的公告我的如下看法：
1.佳佳在3月份中旬签署的合作，并且在4月初就公告说明现在遇到的各类难题和问题，可以体现
a 公司积极参与合作，在短短的半月就基本完成初步试验；属于积极型公司
b 对于新领域，佳佳积极探索，总结经验，分析问题；属于努力型公司
c 对于新领域，公司采取风险提醒；属于责任性公司
d 目前虚拟现实初步发展，未来谁会领导该行业，前途无量，属于潜力型公司
e 遇到问题积极分析解决，未来迎接技术突破，并购重组该行业其他潜力公司，属于未来有故事性公司
f 合作单位有能力有科研，未来技术突破可能性很大，属于未来有领导性公司
g 一个公告合作，前期拉6个涨停板，有重大资金在外部关注，几天还手200%，属于资金潜力型公司
h 最重要 我看上的公司 未来有迎接新的突破 一路上行 个人感觉 虚拟现实年内还有暴力炒作的可能性，一个垃圾暴风科技炒那么高，此股有妖股潜力

总结
调整仓位，择机而行 封底加仓 封高做T 不低于5成仓位"
佳创重上上涨之路,"https://guba.eastmoney.com/news,300264,314903856.html",2016-04-10 19:25:18,公告显示佳创的股价30.28不是顶
周线三重顶，下周回箱体，暴跌,"https://guba.eastmoney.com/news,300264,314590158.html",2016-04-10 12:57:43,周线三重顶，下周回箱体，暴跌
这几天高位横盘出货，俺们出的好爽啊,"https://guba.eastmoney.com/news,300264,310690915.html",2016-04-07 14:15:50,这几天高位横盘出货，俺们出的好爽啊
80%的股民看不懂的技术指标,"https://guba.eastmoney.com/news,300264,314714882.html",2016-04-10 15:52:04,"强弱指数是透过买卖双方每日收市价波动累积计算出市场动力的相对强势或相对弱势，对于市场价格当日的波幅是忽略的，从实际价格走势图上分析，单凭收市价分析后市仍嫌不足，当日所成交的最高价及最低价往往对后市也有决定性的影响力，尤其是压力线或支持线被突破的时刻，因此，对市场价格作整体性的分析，动向指数(DMI)无疑是一个理想工具。
一、DMI的基本认识
DMI根据每日的最高价、最低价及收市价来逐日相互比较，主要是寻求在此期间内上升动力和下降动力谁大谁小或相等，以透视出市场内部力量是买家强或卖家强。
与DMI有关的定义：
１．真实波幅(TR)：以下面三种情况计算差额，其最大值为TR
．今日最高价与今日最低价的差额绝对值。
．今日最低价与昨日收市价的差额绝对值。
．今日最高价与昨日收市价的差额绝对值。
２．无动向日：无动向日可分为内移日和两力均衡日
内移日：今日最高价等于或低于昨日最高价且今日最低价高于或等于昨日最低价，则今日动向值为0，“＋DM＝0”，“－DM＝0”。
两力均衡日：今日最高价较昨日最高价更高，其差额绝对值刚好等于今日最低价较昨日最低价更低的差额绝对值，形成两力均衡走势，则今日动向值为0，“＋DM＝0”，“－DM＝0”。
３．上升动向(＋DM)：
上升动向的定义是今日最高价较昨日最高价更高，相对的今日最低价不低于昨日最低价，＋DM为今日最价减昨日最高价，或今日最高价较昨日最高价更高，同时最低较昨日最低价低，且最高价差值的绝对值大于最低价差值大于最高价差值的绝对值，则－DM为今日最高价减昨日最高价。
４．下降动向(－DM)：
下降动向的定义是今日最低价低于昨日最低价，相对的今日最高价不高于昨日最高价，－DM为昨日最低减今日最低，或今日最高价较昨日最高价高，同时最低价较昨日最低价低，且最低价差值的绝对值大于最高价差值的绝对值，则－DM为昨日最低价减今日最低价。
二、DMI的运用
DMI一般是以14日采样作为运算的基础天数，计算程序是难于在短期间掌握的分析工具，但在运用上是简单而明确的，由于DMI是一趋势定义系统，其运用受到市场波动的限制，市场价格波动的“有趋势”市道及“无趋势”市道是决定此系统效果的大前提，即是说，动向指数确定市势为“有趋势”市道时，那么DMI发出的买空或卖空讯号可收到预期效果；但当动向指数确定市势为“无趋势”市道时，那么DMI发出的买空或卖空讯号效果则不大理想。因此,在运用DMI作预测时，需先了解目前市况是“有趋势”或“无趋势”。
１．上升指标＋DI14与下降指标－DI14
当上升指标＋DI14从下向上递增（向右向上）突破，－DI14递减（向右向下）时，为买入讯号。当下降指标－DI14从下相上递增突破，＋DI14递减（向右向下）时，为卖出讯号。
２．应用ADX判断“有趋势”与“无趋势”
当ADX值较前面的ADX值为高时，可以确定市势为“有趋势”市道，这时可以根据＋DI14和－DI14的讯号入市，当ADX值较前面的值低时，可以确定市势为“无趋势”市道，这时，若根据＋DI14和－DI14的讯号入市，将会得不偿失。
３．应用ADX预测趋势走向
当ADX持续上升时，表示当前趋向将会维持（市势上升或下降ADX都会上升），如果＋DI14与ADX向同一方向上升，则表示趋向将持续上升，如果－DI14与ADX向同一方向上升，则表示趋向将持续下降。
当市场反复升降时，ADX值将会出现递减，原因是价格虽有新高点，但同时亦出现新低点，因而ADX越来越小，所以当ADX减幅缓慢呈向横向走时，反映市势牛皮无一定方向，此时的DMI不应作买卖的依据。
当价格上升时，“＋DI14”递减，当市势转向时，－DI14上升而＋DI14下降，两者差距收窄，经过一段时间影响，ADX从上升转向横行而下跌，则显示市势将转升为跌；相反，当价格下降时，－DI14递增而＋DI14递减，ADX将随－DI14与＋DI14差距扩大而向上递增，直到ADX倾向横行而下跌，则显示市势将转跌为升。"
不要忽悠别人，个好？,"https://guba.eastmoney.com/news,300264,314662467.html",2016-04-10 14:45:54,几个SB，天天在这忽悠，高位换手，大阴线下跌，还让人买，你当庄是傻子是吧，已经破位，还在痴人说梦！
死定了，断头铡刀啊，包青天来了，看你价值投资不,"https://guba.eastmoney.com/news,300264,314621543.html",2016-04-10 13:47:57,死定了，断头铡刀啊，包青天来了，看你价值投资不
俺们出货完毕后，当然要砸盘啊，因为俺们是老鼠仓提前千伏,"https://guba.eastmoney.com/news,300264,314611115.html",2016-04-10 13:32:08,俺们出货完毕后，当然要砸盘啊，因为俺们是老鼠仓提前千伏
断头铡刀，加速赶顶，你懂的,"https://guba.eastmoney.com/news,300264,314609027.html",2016-04-10 13:28:43,断头铡刀，加速赶顶，你懂的
俺们已经出货完毕，留下一地鸡毛,"https://guba.eastmoney.com/news,300264,314608578.html",2016-04-10 13:27:59,俺们已经出货完毕，留下一地鸡毛
明天快速跌停板，封死周五抄底的，我们已经出货完毕，,"https://guba.eastmoney.com/news,300264,314607906.html",2016-04-10 13:26:51,明天快速跌停板，封死周五抄底的，我们已经出货完毕，
周五的断头铡刀，开启连续破位加速下跌,"https://guba.eastmoney.com/news,300264,314605249.html",2016-04-10 13:22:46,周五的断头铡刀，开启连续破位加速下跌
下周大盘暴涨，该股，低开-3，几秒钟封跌停板，快速开启价值回归,"https://guba.eastmoney.com/news,300264,314603414.html",2016-04-10 13:19:48,下周大盘暴涨，该股，低开-3，几秒钟封跌停板，快速开启价值回归
3-17开始，几天就翻一倍，不跑的真实傻子，哈,"https://guba.eastmoney.com/news,300264,314597105.html",2016-04-10 13:09:41,3-17开始，几天就翻一倍，不跑的真实傻子，哈
macd死叉，最少跌15天，连续跌，无论大盘如何暴涨,"https://guba.eastmoney.com/news,300264,314593894.html",2016-04-10 13:04:11,macd死叉，最少跌15天，连续跌，无论大盘如何暴涨
周五k线为断头铡刀，套死一批，至少15天,"https://guba.eastmoney.com/news,300264,314593128.html",2016-04-10 13:02:47,周五k线为断头铡刀，套死一批，至少15天
周一中阴连续跌，开启价值回归模式，,"https://guba.eastmoney.com/news,300264,314592484.html",2016-04-10 13:01:37,周一中阴连续跌，开启价值回归模式，
周线三重顶，切记，切记，小心，小心,"https://guba.eastmoney.com/news,300264,314588682.html",2016-04-10 12:55:27,周线三重顶，切记，切记，小心，小心
周一跌-6左右，开启价值回归模式，老鼠仓尽情出逃,"https://guba.eastmoney.com/news,300264,314587249.html",2016-04-10 12:53:17,周一跌-6左右，开启价值回归模式，老鼠仓尽情出逃
周一大盘中阳，该股继续中阴,"https://guba.eastmoney.com/news,300264,313725730.html",2016-04-10 00:20:48,周一大盘中阳，该股继续中阴
周一开始补跌，第一目标价22，第二价12,"https://guba.eastmoney.com/news,300264,314574013.html",2016-04-10 12:32:57,周一开始补跌，第一目标价22，第二价12
macd死叉，不要碰。下午封跌停板,"https://guba.eastmoney.com/news,300264,311967839.html",2016-04-08 13:27:31,macd死叉，不要碰。下午封跌停板
俺们最近高位横盘出货，出的好爽啊,"https://guba.eastmoney.com/news,300264,310693802.html",2016-04-07 14:18:21,俺们最近高位横盘出货，出的好爽啊
赶紧割肉，今天破位后，和一字板一样怎么上怎么下,"https://guba.eastmoney.com/news,300264,311830645.html",2016-04-08 10:43:46,赶紧割肉，今天破位后，和一字板一样怎么上怎么下
俺是柚子，来看大家，劝退大家不要买，要价值投资,"https://guba.eastmoney.com/news,300264,310686501.html",2016-04-07 14:11:55,俺是柚子，来看大家，劝退大家不要买
264量度跌幅在23左右，计算方法如下,"https://guba.eastmoney.com/news,300264,311816265.html",2016-04-08 10:28:02,"幅度：最高价30.28-起涨点15.3=15
量度跌幅：最高价-（幅度÷2）=30.28-7.5=22.8"
俺们明天低开后，再也不反弹，套牢追高的,"https://guba.eastmoney.com/news,300264,310698043.html",2016-04-07 14:22:10,明天低开后，再也不反弹，套牢追高的
牡丹内参 周K线十字星暗藏玄机，敏感期关注哪些板块？  牡丹-复盘解析 回探拉升,"https://guba.eastmoney.com/news,300264,313642306.html",2016-04-09 22:51:36,"牡丹内参 周K线十字星暗藏玄机，敏感期关注哪些板块？ 
牡丹-复盘解析
回探拉升无意外，静待下周定方向：
大盘全天低位震荡，牡丹早上就告知大家，今天是震荡调整态势，市场仍然处于低位震荡，创业板 中小板 主板三板调整，似乎市场已经达成共识，3000点附近需要调整，震荡，主力洗盘意图明显，3050点附近主力有诱多嫌疑，这是我们昨天早盘提示的观点，不幸言中，但是目前的调整不可怕，要有耐心，一旦企稳，我们昨天高抛的完全可以杀回来，做股票其实很简单，波浪形态，波段操作！下午触及2960点迅速拉升，完全符合我的判断，到了这个点位会有分时反弹，大盘很听话，一点不差，天天都是这么精准的预测，全部是提前预测，提前告知你，大盘的趋势方向，粉丝们真是太幸福了。板块方面，黄金个股集体拉升，原因是美联储3月会议纪要显示似乎不太可能在6月前加息，对黄金构成利好；新能源板块仍有几只个股表现比较活跃，其它无明显热点。我们维持原有判断，2950点左右有一定支撑，密切关注成交量的变化，同时关注市场明星个股的人气效应，细心的朋友可以复盘掌趣科技和苏宁云商的走势。只要市场持续有热点板块出现，持续有资金大举做多个股，市场人气就不会散，静待下周大盘方向性的选择。刚刚，证监会又出利好政策，下周大盘创新高的可能性更大了。
这种行情之下部分个股将会有机会，也会有一部分个股面临风险。
一、风险板块出现
本周市场最大的一个变化就在于周四晚间国际市场的下跌。这次下跌当中以铜为首的大宗商品期货价格大幅下滑。这次大宗商品价格下跌的主要原因是全球经济爆发出一定的不确定性。作为对于需求依赖最强的大宗商品，对全球经济的不确定性反应最为直接。同时，大宗商品的价格下跌也很可能是下游需求减少的提前反应。前一阶段包括石油在内的大宗商品价格反弹实际上只能够界定为价格跌幅比较大过后的反弹。
从经济的角度来说一旦大宗商品价格继续大幅反弹，那么通胀爆发的概率就会增加，因此各国的调控措施都会对大宗商品价格产生影响，未来一段时间煤炭以及黑色金属相关的板块预计会遭遇一定的风险。
二、黄金机会重现
从大宗商品价格的走势来看全球金融市场再度陷入避险模式，经过大跌之后短期大宗商品价格复苏的困难较大。一旦大宗商品价格波动，又会反过来对全球资本市场有所影响。
在避险模式之下预计黄金板块又会迎来机会。在经历了一个阶段的大涨之后黄金价格已经调整了几周，就目前的金价来看距离开采成本并不远。在货币保值的大环境之下黄金的需求预计会再次被刺激。因此一旦全球市场出现动荡，国际金价以及国内黄金股的机会又会重现。避险行情之下，黄金的机会不小。
牡丹-心得分享
所有人都知道，在股市中要赚大钱，一定要低买高卖，也就是说，要在大熊市里大量买入，在大牛市大量卖出。但为什么股市大跌之后，我们明明知道股票非常便宜，就是迟迟不出手买入呢？如果你技术还不够硬，那么跟对人很重要，牡丹愿意跟大家共同分享12年的实战经验！帮助更多有缘的朋友！
这5支精选股，送给有缘人：
·蓝帆医疗：拟推年报10股转10股派4元
·掌趣科技：一季报业绩预增170%至190%
·光环新网：一季报业绩同比增长172%
·东方证券：母公司3月净利环比增逾10倍
·西部证券：3月实现净利1.5亿元 环比增长超3倍
炒股成功之“四心”：
1、等待机会出现的耐心；
2、机会出现时有辨别机会真假细心；
3、确认机会降临后能果断出击的决心；
4、判断出错后敢于迅速改正错误的狠心。
-----与君共勉。"
10元以下黄金底,"https://guba.eastmoney.com/news,300264,202700526.html",2015-09-16 16:46:44,几个月后验证。
不影响主力的话---我准备持股佳创5年,"https://guba.eastmoney.com/news,300264,313627975.html",2016-04-09 22:36:33,我准备持股佳创5年： 1. 主力以为我在说昏话。 2. 极大极大多数人做不到的，学不了的。所以不影响主力的。
佳创快要拉升了+,"https://guba.eastmoney.com/news,300264,309776118.html",2016-04-06 21:20:36,1.佳创今天是一假阳十字星线。尾市3分钟集合竞价以前是一阴十字星。 2.昨天是一根中阳线。 3.昨天的中阳线和今天的截至尾市集合竞价前的阴十字星，这两根K线是先中阳，后阴十字星。典型的阴孕阳母子线。 4. 通常这种阴孕阳母子线预示后市会有一波中级行情的。
下周佳创视讯迎来大涨，不涨的话，回帖的我记着，每个人都送一只涨停版，说到做到！,"https://guba.eastmoney.com/news,300264,313142272.html",2016-04-09 13:04:13,送一只涨停版，说到做到！
三月恒生，金固捞46个点，四月继续努力，及时根住,"https://guba.eastmoney.com/news,300264,299331008.html",2016-03-31 22:13:35,三月恒生，金固捞46个点，四月继续努力，及时根住
炒股只为龙头而生，好票不需要太多，有一两只足矣！,"https://guba.eastmoney.com/news,300264,313348732.html",2016-04-09 17:22:18,上午帖子不见了，现在补一贴，，，光阴似箭，一眨眼一周又过去了，老高祝大家周末愉快！在此又与大家碰面，就在5分钟前，有朋友看我之前的帖子说老高之前说看好多氟多，后悔死了，老高想说，既然已经错过就不要可惜，错过一只多氟多没有错过棒杰股份，那也是值得高兴地事，炒股要有一个平和的心态！我们回顾一下近期的操作，上月的科大智能56个点就不说了，像科 大智能这样的票还有大连港吧，大连港也只有5连扳也 不低于40%只是股价太低，老高节前说的中信重工也只有4个版还是没有打破6个版的魔 咒！（这些票之前都有说的）！下面老高关于新股强 势股点评：300491通和科技：毋庸置疑市场上最为强势的个股，3月份以来的上涨幅度 几乎翻倍。而大家可以看到，在通合科技超强走势的 带动下，今日的盘面有不少次新股 开始活跃了，比如盘中的002788路演医药，连续新 高的601020.这也是市场资金在前面主题强势股集体 回落的情况下对于流动性进行的选择，因为次新股每天20%以上的换手率可以很便于投机 资金进出，所以在市场第一次回调，尤其是主题投 资集体熄火的市场环境下，市场找不到好的投机机会往往会去选择次新股。如果你以前的 交易结果不好，那就没必要学别人打涨停板，抢 帽子，可以找适合自己的方法，适合自己的买点，那种让你更容易赚钱的方法，那种让你感 到心中有底的买点就是适合你的。
鸡肋？鸡肋！忽悠？接着忽悠……,"https://guba.eastmoney.com/news,300264,313468423.html",2016-04-09 19:37:50,鸡肋？鸡肋！忽悠？接着忽悠……
股东数两万，单个东方财富关注人数92万，加上其他券商关注自选，此股还有很大潜力[,"https://guba.eastmoney.com/news,300264,313167795.html",2016-04-09 13:34:41,股东数两万，单个东方财富关注人数92万，加上其他券商关注自选，此股还有很大潜力
佳创什么都没有，股价应跌回10元。,"https://guba.eastmoney.com/news,300264,312913871.html",2016-04-09 09:17:11,佳创什么都没有，股价应跌回10元。
连拉5个板、不过画了个饼而已、还要继续自欺欺人吗？有的可以抱死不卖、可是没有的、,"https://guba.eastmoney.com/news,300264,312496633.html",2016-04-09 01:05:55,连拉5个板、不过画了个饼而已、还要继续自欺欺人吗？有的可以抱死不卖、可是没有的、你要顶着危险而上吗？
"大家有没有想过:1，为什么大股东选择在这个时间节点上解陈除股票质押，2,前几日3","https://guba.eastmoney.com/news,300264,312924633.html",2016-04-09 09:27:48,"大家有没有想过:1，为什么大股东选择在这个时间节点上解陈除股票质押，2,前几日30.28抢进的华泰系为什么在这个价位把到手的“肥肉”割掉，灰溜溜的逃窜呢？个人观点:短期选择向下震荡洗盘，等待大的利好消息的刺激，不过，大股东此时的动作确实引人忧虑"
佳创是只危险股各位你们怎么样看呢,"https://guba.eastmoney.com/news,300264,312098522.html",2016-04-08 15:23:12,
有能力的下周大量买进！,"https://guba.eastmoney.com/news,300264,312176893.html",2016-04-08 17:05:08,还有3元左右的空间能跌。搭建的平台今天瞬间破位。希望20天线止跌，21.5是底线。跌破就大家都不要玩了，主力都不玩了，散户玩啥玩。
周一又要配资加仓了,"https://guba.eastmoney.com/news,300264,312010519.html",2016-04-08 14:05:25,周一又要配资加仓了
已经成庄股了，，，不过今天就是个真诱空，，，昨天是假诱多，，，，一整套广播体操都,"https://guba.eastmoney.com/news,300264,312011657.html",2016-04-08 14:06:01,已经成庄股了，，，不过今天就是个真诱空，，，昨天是假诱多，，，，一整套广播体操都做完了，，，课间休息结束了，下周该上课了
明天跌仃速度快速跑,"https://guba.eastmoney.com/news,300264,311146650.html",2016-04-07 22:23:29,明天跌仃速度快速跑
"创业板反弹了这么多,佳创连反弹都没有,太弱了.","https://guba.eastmoney.com/news,300264,312076790.html",2016-04-08 15:00:36,"感觉盘中游资有太多的分岐,盘中一有大单托低,就会有大单砸下来."
佳创视讯:董事长鼓励内部员工增持公司股票倡议书的公告,"https://guba.eastmoney.com/news,300264,249386842.html",2016-02-02 16:29:35,"公告日期：2016-02-03
 证券代码：300264 证券简称：佳创视讯 公告编号：2016-006

深圳市佳创视讯技术股份有限公司董事长

鼓励内部员工增持公司股票倡议书的公告

本公司及董事会全体成员保证信息披露的内容真实、准确、完整，没有虚假记载、误导性陈述或重大遗漏。

近日，深圳市佳创视讯技术股份有限公司(以下简称“公司”或“佳创视讯”)董事会办公室收到公司控股股东、董事长陈坤江先生提交的《关于公司内部员工增持公司股票的倡议书》，具体内容如下：

“近期国内股票市场出现了一定程度的市场调整，公司股票也出现非理性下跌的情况，基于对公司未来持续发展以及本人对公司管理团队的信心，并对公司股票长期投资价值的认同，为维护市场稳定，在此我倡议：在坚持自愿、合规的前提下，鼓励佳创视讯及全资子公司、控股子公司全体员工积极买入佳创视讯（股票代码：300264）股票。本人在此郑重承诺，按照本倡议的相关内部细则，凡于2016年2月3日至2月16日期间净买入的佳创视讯股票，且连续持有12个月以上并在职的员工，若因在前述时间期间增持佳创视讯股票并在特定期间内减持造成的损失，本人将以个人资金予以补偿；若有股票增值收益则归员工个人所有。

具体执行及补偿办法按照相关内部管理细则执行。”

本次倡议仅代表陈坤江先生的个人意见，并非董事会决议，敬请广大投资者注意投资风险。

特此公告。

深圳市佳创视讯技术股份有限公司 董事会

2016年2月2日


[点击查看PDF原文]
提示：本网不保证其真实性和客观性，一切有关该股的有效信息，以交易所的公告为准，敬请投资者注意风险。"
300264为什么升这么多今天应该跌停才对的呀。,"https://guba.eastmoney.com/news,300264,312095980.html",2016-04-08 15:20:25,
操作明示,"https://guba.eastmoney.com/news,300264,299255007.html",2016-03-31 21:37:41,操作明示
4月8日国内四大证券报纸头版头条内容精华摘要,"https://guba.eastmoney.com/news,300264,312062609.html",2016-04-08 14:48:54,"中国证券报(专区)

　　汇率短期企稳 3月外储由降转升　

　　中国人民银行7日公布的数据显示，3月末我国外汇储备为3.21万亿美元，较2月增加102亿美元。同时，3月末以SDR计值的外汇储备规模为2.28万亿SDR，这是中国首次以国际货币基金组织(IMF)储备货币单位SDR计值公布外汇储备规模。民生银行(8.990,0.00,0.00%)首席研究员温彬认为，今年春节以后，人民币对美元汇率逐步企稳回升，人民币贬值预期消退，企业和居民结售汇行为趋于正常，令外汇储备自去年11月以来首现正增长。

　　地方国企改革驶入快车道 六路径寻找投资机会　　

　　随着国企改革步入落地实施年，地方国企改革正加速推进。中国企业研究院首席研究员李锦认为，各地相继出台的政策对于股权多元化、资产证券化、落后产能清退方面有许多新尝试，以混合所有制为导向的市场化兼并重组将加速，整体上市及整合重组是地方国企改革的主要方式，地方国企改革有望盘活超万亿的国企存量资产。

　　四信号凸显H股投资价值　　

　　尽管近期港股大市表现平平，恒生指数今年以来累计下跌7.52%，但业内人士表示，受多重利好因素推动，港股中的H股投资价值已然显现。第一，恒生AH溢价指数逼近140点高位，H股的比价优势凸显；第二，“港股通”已经连续106个交易日吸引资金净流入，创史上最长，显示内地资金持续布局H股；第三，恒生国企指数市盈率达到6.5左右，处于历史底部区域；第四，H股股东增持频现。"
[哭][哭][哭][哭][哭],"https://guba.eastmoney.com/news,300264,312058690.html",2016-04-08 14:44:56,
封板不干脆，谁在底部不停的吃货,"https://guba.eastmoney.com/news,300264,312046521.html",2016-04-08 14:35:41,封板不干脆，有人在底部吃货，这不是下跌趋势的手法，下周还有戏唱
继续加仓，目前19998手[胜利][赚大了][牛],"https://guba.eastmoney.com/news,300264,311990886.html",2016-04-08 13:48:27,继续加仓，目前19998手
缩量洗盘  加仓,"https://guba.eastmoney.com/news,300264,312034593.html",2016-04-08 14:26:11,缩量洗盘 加仓
