标题,链接,发布时间,内容
不错，今天收盘涨了2.67%[看多],"https://guba.eastmoney.com/news,300223,658092681.html",2017-06-20 15:23:43,不错，今天收盘涨了2.67%
最后上车的机会，27不到我吃一吨翔，买到就是赚到,"https://guba.eastmoney.com/news,300223,656188625.html",2017-06-16 10:47:46,最后上车的机会，27不到我吃一吨翔，买到就是赚到
唉，我买的全是600打头的股，深股打新是零，好不容易买了君正。又要卖出,"https://guba.eastmoney.com/news,300223,658089312.html",2017-06-20 15:17:12,唉，我买的全是600打头的股，深股打新是零，好不容易买了君正。又要卖出
无力上攻，全部T出，明天低位再接回,"https://guba.eastmoney.com/news,300223,657942752.html",2017-06-20 10:59:03,无力上攻，全部T出，明天低位再接回
上午还在犹豫还没跑的，抓紧时间,"https://guba.eastmoney.com/news,300223,658060345.html",2017-06-20 14:32:49,上午还在犹豫还没跑的，抓紧时间，后面还要跌回起涨点
技术没用，我让你们知,"https://guba.eastmoney.com/news,300223,658000410.html",2017-06-20 12:55:11,双针，，插住，，
速驅大牛股：水平真臭！這樣帖也敢發。去死吧！,"https://guba.eastmoney.com/news,300223,657669665.html",2017-06-19 20:26:51,速驅大牛股：水平真臭！這樣帖也敢發。去死吧！
真他妈垃圾,"https://guba.eastmoney.com/news,300223,656216233.html",2017-06-16 11:31:37,真他妈垃圾
就这个价格，还有赚头的，快点跑,"https://guba.eastmoney.com/news,300223,657913236.html",2017-06-20 10:15:50,就这个价格，还有赚头的，快点跑，主力明显的诱多，快点跑
因此筑底的行情将不会持续太久,"https://guba.eastmoney.com/news,300223,657913233.html",2017-06-20 10:15:36,市场流动性将更捉襟见附
不要听人糊说，劝大家有挣快点跑。,"https://guba.eastmoney.com/news,300223,657910724.html",2017-06-20 10:12:13,不要听人糊说，劝大家有挣快点跑。
减半仓,"https://guba.eastmoney.com/news,300223,657905544.html",2017-06-20 10:04:24,减半仓
23.9全部出掉,"https://guba.eastmoney.com/news,300223,657514136.html",2017-06-19 15:35:36,23.9全部出掉
快跑了，让庄家接,"https://guba.eastmoney.com/news,300223,657900617.html",2017-06-20 09:56:49,快跑了，让庄家接
今天竞价与往有些不同[围观],"https://guba.eastmoney.com/news,300223,657879945.html",2017-06-20 09:23:20,今天竞价与往有些不同
卖盘太多，主力力量太小,"https://guba.eastmoney.com/news,300223,657891667.html",2017-06-20 09:45:13,卖盘太多，主力力量太小
今日涨停,"https://guba.eastmoney.com/news,300223,657884774.html",2017-06-20 09:34:08,今日涨停
27触手可及，前几天就说了买到就是赚到,"https://guba.eastmoney.com/news,300223,657884513.html",2017-06-20 09:32:43,27触手可及，前几天就说了买到就是赚到
而业绩亏损或业绩大幅下滑的公司之所以加入到高,"https://guba.eastmoney.com/news,300223,657869229.html",2017-06-20 08:54:20,光通信、半导体、军工多领域需求驱动，拓展加工
有人说我格力电器垃圾，真的吗？哈,"https://guba.eastmoney.com/news,300223,657684331.html",2017-06-19 20:54:51,有人说我格力电器垃圾，真的吗？哈
而通过卖掉北京的两套房产,"https://guba.eastmoney.com/news,300223,657750321.html",2017-06-19 23:16:56,有一种观点认为卖房保壳
明天该涨了吧,"https://guba.eastmoney.com/news,300223,657711188.html",2017-06-19 21:48:53,明天该涨了吧
小样的,"https://guba.eastmoney.com/news,300223,657660754.html",2017-06-19 20:09:29,小样的
收盘不在24.5，算我输，今天,"https://guba.eastmoney.com/news,300223,657412886.html",2017-06-19 12:57:02,
强势涨停机构游资敢死队疯狂抢筹雄安概念暴涨大,"https://guba.eastmoney.com/news,300223,657560776.html",2017-06-19 16:55:11,如何把握投资中的大机会？
3000点看来，保不住了,"https://guba.eastmoney.com/news,300223,657523471.html",2017-06-19 15:49:32,真变态
27那是妥妥的！买到就是赚到,"https://guba.eastmoney.com/news,300223,657289576.html",2017-06-19 09:41:20,27那是妥妥的！买到就是赚到
有托单就死,"https://guba.eastmoney.com/news,300223,657468066.html",2017-06-19 14:26:09,有托单就死
天真啊，拿走了一群鸡还你一个蛋就把你们高兴成,"https://guba.eastmoney.com/news,300223,657464131.html",2017-06-19 14:20:24,机构做的对天天跌就逼它们出来认错要不就滚蛋
走了 赚了10个点 也不贪心了,"https://guba.eastmoney.com/news,300223,657459903.html",2017-06-19 14:13:10,走了 赚了10个点 也不贪心了
不跑没戏了,"https://guba.eastmoney.com/news,300223,657452768.html",2017-06-19 14:03:18,不跑没戏了
[卖出][空仓],"https://guba.eastmoney.com/news,300223,657451253.html",2017-06-19 14:00:50,
快跑了,"https://guba.eastmoney.com/news,300223,657450226.html",2017-06-19 13:59:13,快跑了
今日众多板块发力，大盘回暖迹象明显。,"https://guba.eastmoney.com/news,300223,657102822.html",2017-06-18 18:53:53,下来吧！别墨迹了！
不死不活,"https://guba.eastmoney.com/news,300223,657073483.html",2017-06-18 17:20:23,双底成立
绿了一天，收前盘一分钟翻红，呵呵,"https://guba.eastmoney.com/news,300223,657060173.html",2017-06-18 16:33:15,昨日暴涨今日暴跌，必
我在14:19发起了直播，快来看看吧！,"https://guba.eastmoney.com/news,300223,657038853.html",2017-06-18 15:01:08,凡是低量反弹都是耍流氓
评级下调，不好,"https://guba.eastmoney.com/news,300223,657024945.html",2017-06-18 13:49:20,为了明天的出逃尾盘拉升，明天千股跌停
金股奇侠：风雨过后终见彩虹！,"https://guba.eastmoney.com/news,300223,656957279.html",2017-06-18 05:44:48,顺丰又玩逆天了！
周末出利好？有没听说的，我这边有个消息不知准不,"https://guba.eastmoney.com/news,300223,656370714.html",2017-06-16 15:56:11,周末出利好？有没听说的，我这边有个消息不知准不
A股供给短缺，部分资金得以报团取暖,"https://guba.eastmoney.com/news,300223,656885013.html",2017-06-17 20:40:59,【妖股榜】文明交流区（5月19日）
反抽不会成功,"https://guba.eastmoney.com/news,300223,656791814.html",2017-06-17 15:29:10,今天真会玩啊，上证！
往往比较隐蔽,"https://guba.eastmoney.com/news,300223,656620887.html",2017-06-17 04:36:20,不是戏言
便于长期投资,"https://guba.eastmoney.com/news,300223,656463204.html",2017-06-16 19:21:02,报告期内收入及净利润增长率等经营业绩增长情况、未来发展战略等的情况下
北京君正:关于控股股东股份解除质押的公告,"https://guba.eastmoney.com/news,300223,656399100.html",2017-06-16 16:47:40,"公告日期：2017-06-16
证券代码：300223 证券简称：北京君正 公告编号：2017-061



北京君正集成电路股份有限公司



关于控股股东股份解除质押的公告



本公司及董事会全体成员保证信息披露内容的真实、准确和完整，没有虚假记载、误导性陈述或重大遗漏。



北京君正集成电路股份有限公司（以下简称“公司”）于近日收到控股股东李杰先生的通知，因有质押合同到期，李杰先生办理了部分股权解除质押手续。



现将其股份解除质押的有关情况公告如下：



一、股东股份解除质押的基本情况



2016年12月15日，李杰先生将其所持有的本公司高管锁定股1,750,000股



质押给齐鲁证券（上海）资产管理有限公司，并通过中国证券登记结算有限责任公司深圳分公司办理了股权质押登记手续。2017年6月15日，因股权质押合同到期，李杰先生办理了解除质押登记手续。



截至本公告日，李杰先生共持有本公司股份22,560,000股，占本公司总股本



的13.56%；李杰先生所持有的本公司股份累计被质押17,420,000股，占本公司



总股本的10.47%。



二、备查文件



1、中国证券登记结算有限责任公司股份冻结明细；



2、深交所要求的其他文件。



特此公告。



北京君正集成电路股份有限公司



董事会



二一七年六月十六日




[点击查看PDF原文]
提示：本网不保证其真实性和客观性，一切有关该股的有效信息，以交易所的公告为准，敬请投资者注意风险。
展开阅读全文"
北京君正:关于控股股东股份质押和解除质押的公告,"https://guba.eastmoney.com/news,300223,655794285.html",2017-06-15 15:43:11,"公告日期：2017-06-15
证券代码：300223 证券简称：北京君正 公告编号：2017-060



北京君正集成电路股份有限公司



关于控股股东股份质押和解除质押的公告



本公司及董事会全体成员保证信息披露内容的真实、准确和完整，没有虚假记载、误导性陈述或重大遗漏。



北京君正集成电路股份有限公司（以下简称“公司”）于近日收到控股股东李杰先生的通知，李杰先生因资金需要再次质押部分股权；同时，因有质押合同到期，李杰先生办理了部分股权解除质押手续。现将其股份质押和解除质押的有关情况公告如下：



一、股东股份质押的基本情况



股东 是否为第一 质押 质押开 质押到期 本次质押



名称 大股东及一 股数 始日期 日 质权人 占其所持 用途



致行动人 股份比例



2017年6 办理解除 中泰证券股 个人资



李杰 是 420,000月12日 质押登记 份有限公司 1.86% 金需求



手续之日



2017年6 办理解除 中泰证券股 个人资



李杰 是 2,530,000月12日 质押登记 份有限公司 11.22% 金需求



手续之日



2017年6 办理解除 中泰证券股 个人资



李杰 是 2,550,000月14日 质押登记 份有限公司 11.30% 金需求



手续之日



合计 5,500,000 24.38%



二、股东股份解除质押的基本情况



2016年12月13日，李杰先生将其所持有的本公司流通股1,430,000股质押



给齐鲁证券（上海）资产管理有限公司，并通过中国证券登记结算有限责任公司深圳分公司办理了股权质押登记手续。2017年6月13日，因股权质押合同到期，



李杰先生办理了解除质押登记手续。



截至本公告日，李杰先生共持有本公司股份22,560,000股，占本公司总股本



的13.56%；李杰先生所持有的本公司股份累计被质押19,170,000股，占本公司



总股本的11.52%。



三、备查文件



1、中国证券登记结算有限责任公司股份冻结明细；



2、深交所要求的其他文件。



特此公告。



北京君正集成电路股份有限公司



董事会



二一七年六月十五日




[点击查看PDF原文]
提示：本网不保证其真实性和客观性，一切有关该股的有效信息，以交易所的公告为准，敬请投资者注意风险。
展开阅读全文"
垃圾公司,"https://guba.eastmoney.com/news,300223,656336502.html",2017-06-16 15:00:19,垃圾公司
就没人举报牡丹投资吗,"https://guba.eastmoney.com/news,300223,656322338.html",2017-06-16 14:42:17,就没人举报牡丹投资吗
天津滨海新区“海陆空”对接京津冀  经济日报 时间：2017年6月16日,"https://guba.eastmoney.com/news,300223,656196429.html",2017-06-16 10:59:35,"天津滨海新区“海陆空”对接京津冀 
来源：经济日报 发布时间：2017年06月16日
从天津滨海新区获悉:今年天津滨海新区从“海陆空”全面对接京津冀交通网络，建设“枢纽型功能引领、网络化设施支撑、多方式紧密衔接”的复合交通网络，打造对接京津冀、辐射环渤海、通达西部腹地的对外大交通体系，让交通成为京津冀协同发展先行者。

　　记者了解到，天津滨海新区已与河北唐山市、沧州市分别签署合作协议，按照协议内容，三方将共同加快京津冀交通一体化建设。其中，将推进滨（津）石高速、环渤海城际铁路、工农大道拓宽、沿海高速等瓶颈路、断头路建设，滨海公路、高大公路、沿海高速与滨保高速互通支线、芦台开发区及汉沽管理区与滨海新区道路连接线等重点路网建设项目。

　　滨（津）石高速公路是滨海新区直达石家庄的一条高速公路，将于年内启建。滨石高速公路起于天津港南部港区，终点至长深高速青泊洼，途经大港、静海，线路长度约30.4公里，沟通荣乌高速、唐津高速、海景大道、海滨大道等。按照计划，滨石高速公路预计2019年建成。

　　天津滨海新区努力打造“海陆空”立体大交通体系，形成与北京、河北等周边省市一小时交通圈，服务京津冀协同发展。在推进公路交通协同发展方面，滨海新区将推动滨石、塘承等高速公路建设，建成环线高速、京津高速辅道、疏港联络线、西中环南延线等道路，实施津滨高速收费站改造、京津高速收费站改造和津晋高速港塘路卡口改造工程，打通京津冀道路瓶颈和拥堵节点。

　　同时，天津滨海新区加强唐山港和天津港之间港口协同发展的顶层规划设计，推进天津港散货向唐山港转移。加强天津港与唐山港在内陆无水港方面的合作，拓展港口腹地资源，延伸自由贸易、口岸功能，推动电子口岸互通互联。

　　天津滨海新区还将加强疏港货运铁路建设，着眼于交通运输结构性调整，加快货运铁路建设，全面提升铁路货运运能。货运铁路进港三线、南港一线、西南环线已全面开建，建成后将初步形成滨海新区货运铁路环线，实现与周边铁路的有效衔接。远期将继续加强港口与内陆腹地的铁路联系。

　　此外，深化与京冀机场群合作，拓展国际国内航线，将天津滨海国际机场建成区域门户枢纽机场和国际航空物流中心。到2020年，机场旅客吞吐量达到2500万人次，货邮吞吐量60万吨。"
今天一穿三是大概率事件，幸亏昨天走了,"https://guba.eastmoney.com/news,300223,656169082.html",2017-06-16 10:20:40,今天一穿三是大概率事件，幸亏昨天走了
呵呵呵,"https://guba.eastmoney.com/news,300223,656109414.html",2017-06-16 07:08:51,无耻的翻红，说好的破3000呢？[俏
特别是那些涨幅巨大类个股,"https://guba.eastmoney.com/news,300223,655983036.html",2017-06-15 21:40:58,估计大盘在3100点附近还将会折腾一段时间
在这方面东睦股份可算是其中的代表,"https://guba.eastmoney.com/news,300223,655901667.html",2017-06-15 18:49:34,毕竟对于上市公司来说
高送转与公司业绩的增长并不匹配,"https://guba.eastmoney.com/news,300223,655758668.html",2017-06-15 14:53:17,机构看盘：委外规模收缩风险不容小觑
君正庄家天天如此,"https://guba.eastmoney.com/news,300223,655753094.html",2017-06-15 14:45:29,踏准节奏T
还有9分钟，马上开启掉链子模式,"https://guba.eastmoney.com/news,300223,655733294.html",2017-06-15 14:20:47,还有9分钟，马上开启掉链子模式
又开始打压,"https://guba.eastmoney.com/news,300223,655735927.html",2017-06-15 14:25:10,又开始打压
今日沪指收了一根小阳线,"https://guba.eastmoney.com/news,300223,655722384.html",2017-06-15 14:07:25,但存量博弈的态势很明显！且此类个股在走势上面
下午会不会故伎重演呢？,"https://guba.eastmoney.com/news,300223,655688962.html",2017-06-15 13:19:02,下午会不会故伎重演呢？
截至6月15日股东人数多少，谢谢,"https://guba.eastmoney.com/news,300223,655559643.html",2017-06-15 09:59:26,截至6月15日股东人数多少，谢谢
2015年8&#183;11汇改之后，,"https://guba.eastmoney.com/news,300223,655517050.html",2017-06-15 08:11:03,币政策进一步正常化的暗示都可能带动美元保持升势。
特别是那些涨幅巨大类个股,"https://guba.eastmoney.com/news,300223,655514446.html",2017-06-15 07:59:18,投资需谨慎
这是很有必要的,"https://guba.eastmoney.com/news,300223,655476372.html",2017-06-15 03:29:58,或未足额进行高送转股的
就没有什么不可以,"https://guba.eastmoney.com/news,300223,655450409.html",2017-06-15 01:00:58,或与公司业绩相匹配
明天来个涨停，你不是亏大了,"https://guba.eastmoney.com/news,300223,655440029.html",2017-06-15 00:22:47,明天来个涨停，你不是亏大了
明天继续跌开跌走，弱势改不了,"https://guba.eastmoney.com/news,300223,655373564.html",2017-06-14 21:15:01,该跑的早上早点跑
最后几分钟,"https://guba.eastmoney.com/news,300223,655160730.html",2017-06-14 14:33:25,你妹懂麽
大家准备，福利要来了,"https://guba.eastmoney.com/news,300223,655153904.html",2017-06-14 14:23:00,按前两天的模式，下午2点30分后，223会大幅下跌，在第二天11点左右在卖出，都有收益
君正割肉的理由,"https://guba.eastmoney.com/news,300223,629320281.html",2017-04-16 19:57:24,"300223日线跌穿MA5,10,20,60。持续站稳布林带中轨线下方，虽KDJ触及超卖区有反弹迹象，但MACD空头动能持续放量，从日线来看，可能有小幅反弹，然后持续下跌，下方支撑在20.17的位置！周线来说就更不看好了，KDJ死叉向下，MACD多头动能缩减即将形成死叉~！K线有中轨线上方直接跌穿，从K线的形态来看，一根阴柱切断3条均线，改变均线为空头排列，形成“断头铡刀”形态，后市也继续看空~！"
主力你着你吗急啊,"https://guba.eastmoney.com/news,300223,655054888.html",2017-06-14 11:27:22,好说好商量，赶紧回去 22.7给个机会
尾盘大单猛咋，最后一分钟3个500的单子挂买，想干啥的？,"https://guba.eastmoney.com/news,300223,654642651.html",2017-06-13 15:02:56,尾盘大单猛咋，最后一分钟3个500的单子挂买，想干啥的？
新一轮反攻冲锋号吹响 3120点是第一目标,"https://guba.eastmoney.com/news,300223,654939810.html",2017-06-14 07:07:44,上证指数分时再次跌出空间.快枪手的梦想
彻底完了  跑了,"https://guba.eastmoney.com/news,300223,654972761.html",2017-06-14 09:32:03,[不屑]
垃圾中的战斗机——北京君正,"https://guba.eastmoney.com/news,300223,654633032.html",2017-06-13 14:46:38,温水煮青蛙
君正可能要退市啦！,"https://guba.eastmoney.com/news,300223,654603285.html",2017-06-13 13:57:15,君正可能要退市啦！
而且这种调控在明年还会继续下去,"https://guba.eastmoney.com/news,300223,654717792.html",2017-06-13 17:56:28,分析预测可以畅所欲言海阔天空随心所想无论对误
中国保监会召开紧急会议,"https://guba.eastmoney.com/news,300223,654699943.html",2017-06-13 17:14:06,规定上市公司每年高送转股的比例不得超过公司业绩增长的幅度
NMD 纯散户行情！撤了。,"https://guba.eastmoney.com/news,300223,654079836.html",2017-06-12 13:35:25,NMD 纯散户行情！撤了。
揭开骗子叶荣添的面皮！他选股就是靠瞎蒙、猜测，看看他的牡丹投资所推荐的股票：中兵,"https://guba.eastmoney.com/news,300223,629987933.html",2017-04-18 11:02:43,揭开骗子叶荣添的面皮！他选股就是靠瞎蒙、猜测，看看他的牡丹投资所推荐的股票：中兵红箭、中金黄金、广宇发展、威龙股份、美晨科技、长春一东、湖南天雁、宁夏建材、蓝思科技、贝因美、、、、、、烂的一逼！而他的收费实盘高手出招就是瞎蒙瞎撞！每天开盘时选8-10支高开六七个点的热门股票！遇到一个接近涨停的就在公众平台大嘶鼓吹，事实上很多又大幅回落了，他就只字不提装傻！
明天一把t,"https://guba.eastmoney.com/news,300223,654641867.html",2017-06-13 15:01:54,明天一把t
猜到会有这一出[微笑],"https://guba.eastmoney.com/news,300223,654640133.html",2017-06-13 14:58:30,猜到会有这一出
银行同业存单借新还旧 今年蓄势待发超14万亿,"https://guba.eastmoney.com/news,300223,654556481.html",2017-06-13 12:08:42,FOMC声明称，预计2017
抗跌走势有乾坤,"https://guba.eastmoney.com/news,300223,654114157.html",2017-06-12 14:33:02,300223：优秀的芯片公司，抗跌走势有乾坤，关注
北京君正:关于取得专利证书的公告,"https://guba.eastmoney.com/news,300223,630185587.html",2017-04-18 16:02:43,"公告日期：2017-04-18
证券代码：300223 证券简称：北京君正 公告编号：2017-053



北京君正集成电路股份有限公司



关于取得专利证书的公告



本公司及董事会全体成员保证信息披露内容的真实、准确和完整，没有虚假记载、误导性陈述或重大遗漏。



北京君正集成电路股份有限公司（以下简称“公司”）于近期收到国家知识产权局颁发的一项发明专利证书，具体内容如下：



发明名称：一种四线电阻触摸屏两点触控手势识别的方法



专利号：ZL201310269850.7



专利申请日：2013年06月28日



专利权人：北京君正集成电路股份有限公司



专利权期限：二十年



授权公告日：2017年02月15日



证书号：第2377535号



该发明通过对四线电阻屏施加电压，测量电压的变化趋势来判断单点和两点，并进行两点触控的手势识别，具有很好的推广使用价值。目前上述专利技术已应用于公司相关产品方案中，专利的取得不会对公司目前生产经营情况产生重大影响，但将有利于公司发挥自主知识产权优势，形成持续创新机制，提升公司核心竞争力。



特此公告。



北京君正集成电路股份有限公司



董事会



二一七年四月十八日




[点击查看PDF原文]
提示：本网不保证其真实性和客观性，一切有关该股的有效信息，以交易所的公告为准，敬请投资者注意风险。
展开阅读全文"
君正的芯片现在和360合作的摄像头，和华米合作的智能手表，已经是市场上同类产品的,"https://guba.eastmoney.com/news,300223,652845562.html",2017-06-08 19:34:26,"君正的芯片现在和360合作的摄像头，和华米合作的智能手表，已经是市场上同类产品的销售冠军，足以说明了君正芯片的巨大潜力，一但新一代芯片如T30,T01推出，君正将统领智能摄像市场，并进入更高端的智能机器人，视觉识别，智能家居，汽车自动驾驶等市场，物联网时代将是会是君正的时代！"
或为公司控股股东等重要股东的减持套现保驾护航,"https://guba.eastmoney.com/news,300223,654322454.html",2017-06-12 22:26:36,若这一建议能够得以实施
君正王八蛋,"https://guba.eastmoney.com/news,300223,654020654.html",2017-06-12 11:21:17,君正王八蛋
君正骗子,"https://guba.eastmoney.com/news,300223,654009373.html",2017-06-12 11:01:17,君正骗子
Kdj指标的继续低位上行,"https://guba.eastmoney.com/news,300223,653889674.html",2017-06-12 01:58:06,走势上面不是很流畅！而一些八部分的小票中
最基本的技术常识：一个标准的下降通道 ,"https://guba.eastmoney.com/news,300223,653885682.html",2017-06-12 01:32:06,割肉用快刀 不易被套
新的雄安龙头，过几天就会公告,"https://guba.eastmoney.com/news,300223,653799682.html",2017-06-11 18:08:44,新的雄安龙头，过几天就会公告
房贷月供利息或被纳入个税改革专项扣除,"https://guba.eastmoney.com/news,300223,653771476.html",2017-06-11 15:49:54,周期股走弱 中小创或存补涨机会
不妨拭目以待,"https://guba.eastmoney.com/news,300223,653745440.html",2017-06-11 13:27:00,跌停股近期持续不断
2016年上半年亏损达到2110.91万元,"https://guba.eastmoney.com/news,300223,653667501.html",2017-06-11 06:08:59,与此同时日前
从中国证监会通报的情况来看,"https://guba.eastmoney.com/news,300223,653633413.html",2017-06-11 00:45:31,房子是用来住的、不是用来炒的
哎彻底崩溃了，每天都被拉一刀。,"https://guba.eastmoney.com/news,300223,653602335.html",2017-06-10 21:42:38,杭州园林(300649)龙虎
统坡僖越来越乱这个市场，股票涨停必查，股票跌成狗不查，不看看两市上市从没涨过的,"https://guba.eastmoney.com/news,300223,653533756.html",2017-06-10 16:23:07,统坡僖越来越乱这个市场，股票涨停必查，股票跌成狗不查，不看看两市上市从没涨过的
双底确立，关注买入,"https://guba.eastmoney.com/news,300223,653424273.html",2017-06-10 07:14:38,双底确立，关注买入
北京君正目标价28元朋友们赶紧砸锅卖铁买啊！发财的机会来了。,"https://guba.eastmoney.com/news,300223,653191542.html",2017-06-09 14:55:17,北京君正目标价28元朋友们赶紧砸锅卖铁买啊！发财的机会来了。
不跑没戏了,"https://guba.eastmoney.com/news,300223,653187953.html",2017-06-09 14:49:42,不跑没戏了
快跑了,"https://guba.eastmoney.com/news,300223,653187656.html",2017-06-09 14:49:17,快跑了
下一个雄安龙头，如北京利尔然后北京科锐，然后就好北京君正,"https://guba.eastmoney.com/news,300223,653107126.html",2017-06-09 12:03:54,下一个雄安龙头，如北京利尔然后北京科锐，然后就好北京君正
大家不要等了，快跑了。,"https://guba.eastmoney.com/news,300223,653132046.html",2017-06-09 13:16:32,大家不要等了，快跑了。
不改短线反弹趋势,"https://guba.eastmoney.com/news,300223,652912453.html",2017-06-08 23:05:39,短期内的大盘往往会走出一些意想不到的
重启并购时机又到,"https://guba.eastmoney.com/news,300223,653099713.html",2017-06-09 11:44:23,300223重启并购时机又到，关注股价动向
老衲我泣血相告！,"https://guba.eastmoney.com/news,300223,647405003.html",2017-05-26 10:44:04,此股不到18千万别接飞刀啊！目前只能搞搞反抽，有赚就走，等跌到18附近可以满仓插入拿波段..泣血相告！
这股是梧桐的黑旋风3号，忽悠在里面的人不割肉干净主力是不会拉升的。,"https://guba.eastmoney.com/news,300223,652814104.html",2017-06-08 18:01:35,这股是梧桐的黑旋风3号，忽悠在里面的人不割肉干净主力是不会拉升的。
别怪没提醒，快跑。又在忽悠接盘了……,"https://guba.eastmoney.com/news,300223,653077865.html",2017-06-09 11:05:21,别怪没提醒，快跑。又在忽悠接盘了……
A股重组审核6月乍暖：上会数量增加 典型案例频出,"https://guba.eastmoney.com/news,300223,653083872.html",2017-06-09 11:15:15,"A股重组审核6月乍暖：上会数量增加 典型案例频出 来源：上海证券报 编辑：东方财_*ST东数(002248)股吧_东方财富网股吧 http://guba.eastmoney.com/news,002248,652925817.html

A股重组审核6月乍暖：上会数量增加 典型案例频出 来源：上海证券报 编辑：东方财
A股重组审核6月乍暖：上会数量增加 典型案例频出
来源：上海证券报 编辑：东方财富网
进入6月份，并购重组委似乎忙碌起来了。据上证报资讯统计，6月份仅第1周，即有6家公司并购重组上会；此外，本周还有4家待审。半个月的审核数量已经超过此前整月的数量，量变趋势乍现。
与此相应的是，央企重组停牌近期频出，借壳A股预案亦重现市场，个别跨界并购方案迅速过会。有迹象表明，经过整饬的A股并购重组市场有望逐步回归本源。
重组案例开始放量
据上证报记者统计，今年前5个月，每月并购重组上会公司总数分别为10家、6家、14家、11家和11家，每周上会数量在2至4家不等。而这一数字在6月份悄然生变。本月仅前两周就有10家上会，按此趋势，若不出意外，整个6月份并购重组审核数量应该远超前5月平均数量。
从另一层面看，近期停牌筹划重大事项的上市公司数量亦明显增多。“在经济转型时期，并购重组是企业进行新陈代谢的重要方式，也是企业做大做强的重要手段。很多公司都有并购重组需求。”有上市公司高管如此表示。
据choice统计，截至7日，今年以来已发布筹划重组事宜的A股公司共有154家；前4个月分别为18家、22家、32家、45家，呈现递增态势。而5月份明确是重组的有34家，还有36家公司在该月停牌但尚未明确是否涉及重大资产重组。进入6月份仅7天，便有33家公司因重要事项停牌。
除了案例的逐月放量，在官方口径上，并购重组的重要性也被重新确认。证监会副主席姜洋近日在中投论坛上发表演讲时表示，并购重组是资本市场支持企业开展跨境投资、技术对接的重要方式，未来将继续深化并购重组的市场化改革。“并购重组已成为资本市场最具效率和活力的一环，交易规模持续攀升，市场透明度不断提高。以发行股份购买资产类并购重组项目的审核为例，已经实现审核标准、反馈意见、审核进度等全流程公开。”但姜洋亦指出，去年9月，中国证监会修订发布了《上市公司重大资产重组管理办法》。这个新规旨在治理并购重组中的乱象，抑制各种形式的盲目跨界重组，引导上市公司专注主业，防止资金“脱实向虚”。
与此同时，国资委方面也在力推央企并购重组。国资委副秘书长彭华岗6月2日公开表示，下一步，将沿三路径加快深度调整重组步伐，稳妥推进煤电、重型装备制造、钢铁等领域中央企业重组，争取年内调整到百家以内。余音未散，以中国神华、国电电力便双双停牌。
从通过率看，今年前5个月总计52家企业上会，仅4家未能通过审核。
标志性方案频出
除了案例的增长，近期一些颇具标志性的重组动作亦似乎散发出并购重组的回暖趋势。
先看央企及国企层面，4月初，中国联通停牌筹划“混改”；5月初，中信海直停牌筹划重组；6月初，中国神华及国电电力双双停牌。而就在7日，万科亦宣布停牌，大股东正筹划受让公司股份事项。
再看重组上市现象。时隔7个月后，A股市场又浮现借壳上市身影。6月5日，ST云维披露了新三板公司深装总拟借壳上市之预案。而上一次有“胆色”闯关的企业还要追溯到7个月前的新疆城建。
除了筹划重组的案例，审核方面亦不乏具有风向标意义的案例——国创高新携跨界并购深圳云房的方案火速过会，颇让并购界惊讶。国创高新从发布预案到过会仅仅用了5个月有余。5月17日，国创高新公告称，公司发行股份及支付现金购买资产并募集配套资金暨关联交易事项获得证监会并购重组委有条件通过。
除此之外，还有几家因并购方案设计巧妙而无需过会，从而涉险过关。比如，南洋科技易主航天科技集团时，拟作价逾31亿元收购后者旗下军工资产。标的资产精准避开了认定重组上市的五条红线(总资产、净资产、营收、净利润、新增股份)。与之类似，“海航系”近期耗资26.5亿元入主海越股份后，拟置入旗下北方石油，标的资产亦未“踩线”，从而未构成借壳。
寻迹重组概念股
事实上，近期二级市场的资金已开始介入有重组预期的个股。
“押宝重组概念股，更容易获得超额收益。”一位私募人士表示，总市值、流通市值小，有过重组失败前科的公司往往是资金追逐的目标，而承诺窗口期是重要介入时间点。根据历史经验，重组流产的公司在3到6个月的不重组承诺期后，往往会择机重新启动。
据上证报记者统计，自2016年1月1日至今，A股市场共有355家公司终止重大资产重组或者非公开发行事宜，其中319家已经渡过窗口期。此外，在重组新规出台后，借壳上市大幅减少，取而代之的是“易主”而不重组。这些易主公司，其实往往蕴含后招。
据统计，今年以来发生过股权转让事宜的公司共有240家，上证报记者梳理后发现，具有“重组失败”、“股权转让”双重基因的公司目前共有12家，分别为奥维通信、双良节能、鑫科材料、通达动力、金洲管道、长航凤凰、长春经开、胜利股份、万家文化、长园集团、东方银星、神农基因。上述公司除双良节能外，均已过窗口期。其中，奥维通信、通达动力、金洲管道、长春经开、东方银星、神农基因各自的总市值均不足50亿元，目前通达动力已经处于停牌状态，启动新一轮重组方案。
“此前抛出过借壳方案，但又被迫中止的公司，卷土重来的动力更为强劲。”上述私募人士如是说。上证报资讯统计发现，此前铜峰电子、扬子新材、长航凤凰、文山电力、宏达新材、英特集团、恒基达鑫、鞍重股份、*ST万里、辅仁药业等10家公司均抛出过借壳方案但均未果。除鞍重股份尚未过窗口期外，其余均已经过承诺窗口期。
（来源：上海证券报 2017-06-08 07:51）
展开阅读全文"
又开启砸了,"https://guba.eastmoney.com/news,300223,653058276.html",2017-06-09 10:33:50,又开启砸了
没人懂君正，三年内君正上200！,"https://guba.eastmoney.com/news,300223,624938965.html",2017-04-05 19:20:37,今天试探性地问了几个问题，佐证我之前的判断：起步于16年2季度的君正T系列，在视频监控领域已经所向无敌。
垃圾公司,"https://guba.eastmoney.com/news,300223,652721886.html",2017-06-08 14:29:57,垃圾公司
北京君正:关于取得专利证书的公告,"https://guba.eastmoney.com/news,300223,652356147.html",2017-06-07 17:18:35,"公告日期：2017-06-07
证券代码：300223 证券简称：北京君正 公告编号：2017-059



北京君正集成电路股份有限公司



关于取得专利证书的公告



本公司及董事会全体成员保证信息披露内容的真实、准确和完整，没有虚假记载、误导性陈述或重大遗漏。



北京君正集成电路股份有限公司（以下简称“公司”）于近期收到国家知识产权局颁发的一项发明专利证书，具体内容如下：



发明名称：一种系统休眠状态下的信息显示方法与装置



专利号：ZL201410085249.7



专利申请日：2014年03月10日



专利权人：北京君正集成电路股份有限公司



专利权期限：二十年



授权公告日：2017年02月15日



证书号：第2378049号



该发明可实现在系统休眠状态下的信息显示，与现有技术中唤醒系统后显示信息相比，可以降低系统运行功耗。目前该专利技术已应用于公司相关产品方案中，专利的取得不会对公司目前生产经营情况产生重大影响，但将有利于公司发挥自主知识产权优势，形成持续创新机制，提升公司核心竞争力。



特此公告。



北京君正集成电路股份有限公司



董事会



二一七年六月七日




[点击查看PDF原文]
提示：本网不保证其真实性和客观性，一切有关该股的有效信息，以交易所的公告为准，敬请投资者注意风险。
展开阅读全文"
明天21见[大笑][大笑][大笑],"https://guba.eastmoney.com/news,300223,652708279.html",2017-06-08 14:08:21,明天21见
昨天已说，无量诱多,"https://guba.eastmoney.com/news,300223,652685099.html",2017-06-08 13:26:59,"今天再出一个专利的消息，看似利好，其实是配合利好再出货，昨天追的人全部套牢。
庄的成本很低，任何时候出货都有利润，庄最怕出不了货，没人接手。"
都快卖，今天大跌。。速度卖。[大笑][大笑],"https://guba.eastmoney.com/news,300223,652674746.html",2017-06-08 13:06:34,都快卖，今天大跌。。速度卖。
小君呀我来了,"https://guba.eastmoney.com/news,300223,652678419.html",2017-06-08 13:14:17,"股票名称(代码) 证券数量 可卖数量 成本价 浮动盈亏 盈亏比例(%) 最新市值 当前价 成本金额
北京君正(300223) 
15900 15900 22.783 -361.88 -0.10% 361884 22.76 362,245.88"
连续四个阳线,"https://guba.eastmoney.com/news,300223,652644102.html",2017-06-08 11:37:03,应该回荡了，做好T。
这股没主力,"https://guba.eastmoney.com/news,300223,652628975.html",2017-06-08 11:08:39,这股没主力
去年经常拉直线的庄呢？去哪儿了，今年要死不活，跌直线倒是经常有,"https://guba.eastmoney.com/news,300223,652621657.html",2017-06-08 10:55:48,去年经常拉直线的庄呢？去哪儿了，今年要死不活，跌直线倒是经常有！！！
真他妈垃圾,"https://guba.eastmoney.com/news,300223,652615429.html",2017-06-08 10:44:27,远离大股东不敢兜底股
刘强 请少发明“ 伪专利”以免股价暴跌！,"https://guba.eastmoney.com/news,300223,652620510.html",2017-06-08 10:52:38,"刘强 请少发明“ 伪专利”以免股价暴跌！
北京 君正 请少发明“ 伪专利”以免股价暴跌！
该公司一天尽他妈的，整些无用 的 垃圾伪专利！对公司 业绩没有一点点 提升！简直是在 浪费 广大投资者的金钱！！刘强 李杰 请你尊重 广大投资者 ，请高管们 大量增 持 公司股票，如果你们 不敢增 持 公司股票 ，你们他妈的，以前整的这些“ 伪专利”都是 欺骗广大投资者的！最终目的，你们好大量套现！！人在做，天在看！！小心 因果报应！！"
他妈的今天追高了23.25,"https://guba.eastmoney.com/news,300223,652620144.html",2017-06-08 10:52:16,他妈的今天追高了23.25
明天黑周四，君正反弹结束了,"https://guba.eastmoney.com/news,300223,652263155.html",2017-06-07 13:57:01,明天黑周四，君正反弹结束了
公司与豪威科技无关了,"https://guba.eastmoney.com/news,300223,652211299.html",2017-06-07 11:43:17,公司与豪威科技无关了
北京君正名副其实的大熊股发行价43.8今天已经跌破！,"https://guba.eastmoney.com/news,300223,650565664.html",2017-06-02 22:48:21,"该股2011年5月31日 上市，当天就 跌破 发行价，43.8元，上市6年整今天，又他妈的，跌破发行价20元《复权价42.78元》刘强，李杰，你二个，垃圾公司 上市6年整，你们给 广大 投资者带来了什么？你们上市 就是为了 减持 套现！人在做，天在看！你二个 学学 002236 大华股份！

什么叫价值投资？“漂亮50”的投资价值比中小板股票更有投资价值吗？请看事实——以2001年上市的国企大盘蓝筹股贵州茅台（600519）、2007年上市的商业银行股兴业银行（601166）、2008年上市的中小板个股大华股份（002236）为例做一个比较，可以得出什么样的股票更有投资价值的客观结论——贵州茅台发行价买入100股持有至今，16年来合计送转401股，红利总计17403.18元，年均增值53.28%；兴业银行发行价买入100股持有至今，10年来合计送转170股、红利949.7元，年均增值18.83%；中小板成长股大华股份发行价买入100股持有至今，9年来合计送转3340股，红利总计1391.16元，年均增值191.95%。"
垃圾,"https://guba.eastmoney.com/news,300223,652601642.html",2017-06-08 10:19:45,垃圾
满仓追高死得快,"https://guba.eastmoney.com/news,300223,652601290.html",2017-06-08 10:18:18,满仓追高死得快
但是他的霸气犹如古时候的将军一样是一将功名无故枯,"https://guba.eastmoney.com/news,300223,652526722.html",2017-06-08 04:54:12,或许此时此刻耐心才是最好的策略
无量诱多！,"https://guba.eastmoney.com/news,300223,652273082.html",2017-06-07 14:15:49,涨7个点，才多少成交量，庄家对倒出货，赶紧卖
满仓追高了，套住了啊,"https://guba.eastmoney.com/news,300223,651673146.html",2017-06-06 10:00:00,满仓追高了，套住了啊
好，抄底成功,"https://guba.eastmoney.com/news,300223,652269331.html",2017-06-07 14:08:02,好，抄底成功
妈的，满仓10000股追高了,"https://guba.eastmoney.com/news,300223,652245354.html",2017-06-07 13:26:25,妈的，满仓10000股追高了
最应该补涨停的确不涨停,"https://guba.eastmoney.com/news,300223,652253231.html",2017-06-07 13:39:56,最应该补涨停的确不涨停
北京君正目标价25元朋友们不到25千万别卖。,"https://guba.eastmoney.com/news,300223,652227446.html",2017-06-07 12:42:38,北京君正目标价25元朋友们不到25千万别卖。
中国重汽12元 一季报0.25元 小盘绩优拉升在即,"https://guba.eastmoney.com/news,300223,652212792.html",2017-06-07 11:47:59,"中国重汽12元 一季报0.25元 小盘绩优拉升在即

——中国重汽（000951）：两市最稀缺的超小盘中字头绩优国企股！其国资委与港股共同控股的特殊股权，混改创新可能独树一帜，随时触发停牌！公司第一季度净利润比增50.14%；每股收益高达0.25元（2016末期每股收益0.62元）；总股本仅总盘67108万股；作为小盘绩优的中字头国企，中国重汽是国内15吨级以上载重汽车规模最大和重卡技术质量最好的企业之一，连同集团在产销规模上已进入世界重卡行业最前列。目前拥有国内最完善的卡车整车产品系列型谱，可生产牵引、载货、自卸等各类型重型汽车。今年以来，公司依旧保持增长势头，且受国家政策行业景气度影响，以及受益和一带一路建设、新区自贸区建设等，产销量较去年同期又有较大增长。如中国重汽(03808)发布附属公司济南卡车2017年第一季度业绩，营业总收入同比增长84.7%至71.37亿元人民币，净利润同比增长3.71倍。又如，公司的工程车继续保持绝对优势，牵引车实现逆势上扬，目前公司产品中公路运输车辆占比已达到50%左右，产品结构更加科学合理。天然气重卡伴随着重卡市场的复苏，从去年四季度至今一路狂飙猛进，持续升温“高烧不退”。 同时，公司产品出口也实现大幅增长，公司SINOTRUK品牌已经成为国际市场知名重卡品牌，产品已经出口到96个国家和地区，国际市场营销网络体系基本覆盖非洲、中东、南美、中亚及俄罗斯和东南亚等发展中国家和主要新兴经济体，以及部分发达地区市场。2016年公司整车出口依旧占据国内重卡企业出口首位。其采用的德国曼技术为代表的重卡产品进入新西兰、香港、台湾等发达国家和地区，实现了中国高端重卡出口新的突破。公司拥有概念题材:汽车制造、 深证成指、 预盈预增、 增持回购、 中字头。在中小盘超跌行情和价值投资开始回升的市道，该股题材独特、股价严重超跌低估！随时可能被机构挖掘拉升！"
商业银行资本充足率在,"https://guba.eastmoney.com/news,300223,652182547.html",2017-06-07 10:47:53,储备政策许多还没有用
又闹，整天吓唬人[滴汗][滴汗][滴汗][滴汗][滴汗][滴汗],"https://guba.eastmoney.com/news,300223,652131406.html",2017-06-07 09:15:41,又闹，整天吓唬人
大商所调整玉米品种指定交割仓库,"https://guba.eastmoney.com/news,300223,652114792.html",2017-06-07 08:10:08,基金新动向 知名私募心仪化工机械
自复盘以来，已经跌的不像样，为什么大股东不来兜底增持，让股价稳定，难道大股东也不,"https://guba.eastmoney.com/news,300223,651990717.html",2017-06-06 20:07:11,自复盘以来，已经跌的不像样，为什么大股东不来兜底增持，让股价稳定，难道大股东也不看好自家股票吗？
成交量同比昨日小幅萎缩,"https://guba.eastmoney.com/news,300223,652014065.html",2017-06-06 21:13:12,跌停股近期持续不断
周线年内首现“两连阴” 震荡市自下而上选择优,"https://guba.eastmoney.com/news,300223,651859236.html",2017-06-06 14:59:20,险 三年期定增投资者将何
主力且站且退，兄弟们小心主力再次砸盘哦！,"https://guba.eastmoney.com/news,300223,651678987.html",2017-06-06 10:09:48,主力且站且退，兄弟们小心主力再次砸盘哦！
垃圾,"https://guba.eastmoney.com/news,300223,651676051.html",2017-06-06 10:05:15,垃圾
重组可能放开了，今天好多公司停牌[不说了],"https://guba.eastmoney.com/news,300223,651516342.html",2017-06-05 22:29:40,重组可能放开了，今天好多公司停牌[不说了]
开户3个月免佣 美股开户,"https://guba.eastmoney.com/news,300223,651604063.html",2017-06-06 05:35:47,先来回顾一下历史，看
[山西汾酒吧] 山西汾酒年报及一季报点评：省内,"https://guba.eastmoney.com/news,300223,651564227.html",2017-06-06 01:44:00,辛辛苦苦拉起来的指数，过后为什么又让它回调？
北京君正目标价24元，明天开盘赶紧买入。中小创修复性行情还在延续。,"https://guba.eastmoney.com/news,300223,650926995.html",2017-06-04 06:58:46,北京君正目标价24元，明天开盘赶紧买入。中小创修复性行情还在延续。
妈的，跳水了,"https://guba.eastmoney.com/news,300223,651329341.html",2017-06-05 14:52:45,妈的，跳水了
满仓抄底15000股，20.6,"https://guba.eastmoney.com/news,300223,651300124.html",2017-06-05 14:04:50,满仓抄底15000股，20.6
截止5月31日的股东人数？ 谢谢！,"https://guba.eastmoney.com/news,300223,651278236.html",2017-06-05 13:31:11,截止5月31日的股东人数？ 谢谢！
下午放量上冲[鼓掌][鼓掌][鼓掌][鼓掌][鼓掌][鼓掌],"https://guba.eastmoney.com/news,300223,651249422.html",2017-06-05 12:25:32,下午放量上冲
跳水了，满仓追高套牢，妈的,"https://guba.eastmoney.com/news,300223,651225993.html",2017-06-05 11:29:41,跳水了，满仓追高套牢，妈的
满仓追高了,"https://guba.eastmoney.com/news,300223,651221506.html",2017-06-05 11:22:35,满仓追高了
速騎大牛股：他長期在吧里造谣！不知他有無臉皮！一點點水平都沒有！還出什麼风頭，整,"https://guba.eastmoney.com/news,300223,649922771.html",2017-06-01 21:29:47,速騎大牛股：他長期在吧里造谣！不知他有無臉皮！一點點水平都沒有！還出什麼风頭，整天囉里啰嗦！
险资加强监管丝毫都不影响格力电器的基本面,"https://guba.eastmoney.com/news,300223,651170065.html",2017-06-05 09:59:17,享受了大牛市几倍的利润家族
拉黑成功一，别敷演自己，alwalys888，这三人只会随波逐流。空头行情你想涨,"https://guba.eastmoney.com/news,300223,650148366.html",2017-06-02 10:30:36,拉黑成功一，别敷演自己，alwalys888，这三人只会随波逐流。空头行情你想涨上天？不会看盘面看指数只会怨天犹人
买a股真是种爱行为，为捐躯奋不顾身,"https://guba.eastmoney.com/news,300223,651052878.html",2017-06-04 19:03:26,买a股真是种爱行为，为捐躯奋不顾身
300223,"https://guba.eastmoney.com/news,300223,650968034.html",2017-06-04 11:55:00,300223
如000759,"https://guba.eastmoney.com/news,300223,650925592.html",2017-06-04 06:42:26,上周两市开户数仅34.34万持续处于低位
