标题,链接,发布时间,内容
放量长上影 扯呼！,"https://guba.eastmoney.com/news,300220,147004082.html",2015-02-05 14:39:17,扯呼！
37.33  俺卖滴,"https://guba.eastmoney.com/news,300220,146896863.html",2015-02-05 10:18:15,清完了 谢谢善庄发红包
盘子大，难操控，关注的人多，所以不涨,"https://guba.eastmoney.com/news,300220,146887080.html",2015-02-05 10:01:34,111
假突破  真出货,"https://guba.eastmoney.com/news,300220,146601883.html",2015-02-04 10:10:39,抛
操盘日记二百一十一————如何拿降准红包？,"https://guba.eastmoney.com/news,300220,146834447.html",2015-02-04 22:15:02,"操作亏损在于技术不精、更在于心态浮躁。写博客的唯一目的就是和大家一起共勉，警钟长鸣！ 一、01.20~02.21捕捉结构性机会 

下午收盘还在和同事商讨如果降准市场会怎么走。晚间，央妈就宣布降准！真是鬼使神差啊！消息面的重磅题材势必造成目前摇摇欲坠的指数得到了一个救命稻草，从而改变短期市场弱势格局。


那么，在降准的利好下，市场哪些板块能够收益呢？首先，一定是以银行板块为核心的金融板块；其次，是参股银行个股；第三，三农和村镇银行个股。那么，我们如何拿到降准红包呢？答案是眼疾手快，遇到这种突发利好，要锁定目标快速建仓，一旦犹豫，势必造成机会错失或者大幅追高。如果一旦错失，要耐心不要急躁，市场冲动后趋于稳定之时再择机入场。


今日操作：金运激光4000股继续持有 


二、经验教训 少操作，少亏钱，管住心，管住手，耐心等待主力折腾，与庄共舞。
[点击查看博客原文]"
呵呵，17多买的，呵呵。,"https://guba.eastmoney.com/news,300220,146621672.html",2015-02-04 10:46:00,呵呵，17多买的，呵呵。
今日量价齐飞，给散户长脸了,"https://guba.eastmoney.com/news,300220,146788879.html",2015-02-04 19:01:48,感谢猪力，再接再厉
看来是板不上了，撤,"https://guba.eastmoney.com/news,300220,146390449.html",2015-02-03 13:56:12,看来是板不上了，撤
3D后起之秀！！,"https://guba.eastmoney.com/news,300220,77716963.html",2013-05-27 14:24:18,看好理由：1.3D打印世界重量级会议将于本周末在北京召开。。对涉足激光业个股业务发展机会巨大！2.公司技术储备雄厚。。业绩良好。。未来发展空间巨大。。3.高送配填权个股近期龙头。。4.庄家拉高建仓迹象明显。。目前离其成本不远。。5.流通盘极小有进一步送配扩展股本需求。。现价积极买入。。
买买买,"https://guba.eastmoney.com/news,300220,146646568.html",2015-02-04 11:31:06,买买买
创业板创新高，300220什么时候创新高？,"https://guba.eastmoney.com/news,300220,146404906.html",2015-02-03 14:20:41,今天跟主力买了5000股。
快给我卖点了，呵呵。,"https://guba.eastmoney.com/news,300220,146586904.html",2015-02-04 09:43:29,快给我卖点了，呵呵。
关于网上留言的回复，梁总，你说“会认真对待”，我信以为真，“我的心在等待，永远在,"https://guba.eastmoney.com/news,300220,915680373.html",2015-02-06 17:11:00,"关于网上留言的回复，梁总，你说“会认真对待”，我信以为真，“我的心在等待，永远在等待”，可如今“我等到花儿也谢了”，“你知不知道？我等到花儿也谢了”。“无所谓，我无所谓”，我知道，你的转型，对我来说“只是一个美丽的传说”。对你，我“最后的爱，是手放开”，因为，“这次我真的受伤了”…… 
金运激光
金运激光：: 阳光总在风雨后！
(来自深交所互动易)答复时间 2015-02-06 17:11:00"
等涨停。,"https://guba.eastmoney.com/news,300220,146290159.html",2015-02-03 10:12:46,等涨停。
继续持有,"https://guba.eastmoney.com/news,300220,146092664.html",2015-02-02 14:57:41,量上去，就能涨，目标33以上，依旧看好！
28买的，呵呵。,"https://guba.eastmoney.com/news,300220,146289847.html",2015-02-03 10:12:17,28买的，呵呵。
建议意造网进入上网导航.让全国人知道更好,"https://guba.eastmoney.com/news,300220,144087535.html",2015-01-25 11:44:01,金运激光意造网万一成功的话...就不得了啦.....该公司股票上100元没商量.另有云工厂，3D打印技术，020平台运作模式.也是中国未来发展大方向
开一间小店年赚几百万.何况一个大公司呢,"https://guba.eastmoney.com/news,300220,145632931.html",2015-01-30 17:40:48,真的看不懂
这么多SB天天发着垃圾信息，,"https://guba.eastmoney.com/news,300220,146087387.html",2015-02-02 14:48:35,什么时候这些SB闭嘴就涨了
强烈建议将金运激光划到上证股票中，跌都跟上证指数！[加油],"https://guba.eastmoney.com/news,300220,146078665.html",2015-02-02 14:34:22,强烈建议将金运激光划到上证股票中，跌都跟上证指数！
我赶脚着，公司改名就叫金运3D激光股份有限公司，简称“3D激光”，金运这名字好是,"https://guba.eastmoney.com/news,300220,915687346.html",2015-02-03 14:32:00,"我赶脚着，公司改名就叫金运3D激光股份有限公司，简称“3D激光”，金运这名字好是好，但是就像孩子名字太硬的话不好养活一个道理，企业名字太硬也不利于综合发展，这是中国最朴素的哲学，建议梁总考虑一下，谢谢。 
金运激光
金运激光：: 感谢您对公司的关注和建议。
(来自深交所互动易)答复时间 2015-02-03 14:32:00"
周一涨停,"https://guba.eastmoney.com/news,300220,145844691.html",2015-02-01 12:37:39,周一涨停
发公告的意思是，减利没超过50%，真是垃圾！,"https://guba.eastmoney.com/news,300220,145809138.html",2015-01-31 19:18:03,发公告就不跌了吗垃圾，下周一跌停，周二至周五十字星横盘，下下周继续破位下跌，垃圾！定向增发发不出去才发给儿子，增发价29.76，跌死你们，垃圾！
金运激光:2014年度业绩预告,"https://guba.eastmoney.com/news,300220,145619976.html",2015-01-30 16:35:38,"公告日期：2015-01-30
证券代码：300220 证券简称：金运激光 公告编号：2015-004
武汉金运激光股份有限公司
2014 年度业绩预告
本公司及董事会全体成员保证信息披露内容的真实、准确和完整，没有虚假记载、误导性陈述或重大遗漏。
一、本期业绩预计情况
1、业绩预告期间：2014年01月01日——2014年12月31日
2、预计的业绩：同向下降
项目 本报告期 上年同期
归属于上市公司 比上年同期下降：下降幅度约为
股东的净利润 37%—7% 盈利：709万元
盈利：约446.67万元–659.37万元
基本每股收益 盈利：约0.0355元/股-0.0523元/股 盈利：0.1013元/股
二、业绩预告预审计情况
业绩预告未经注册会计师审计。
三、业绩变动原因说明
1、报告期内公司3D打印业务在不断推进中，其中线上平台部分因仍处于投入开发期，则当期的亏损对报告期业绩有较大的影响。
3、因在2014年实施资本公积金转增股本，公司总股本由7000万股增加至1.26亿股，摊薄了每股收益。
四、其他相关说明
1、公司预计本期非经常性损益对净利润影响金额在505万元左右。
2、本次业绩预告是公司初步测算结果，有关2014年度业绩的具体情况，公司将在2014年度报告中予以详细披露。敬请广大投资者谨慎决策，注意投资风险。
特此公告！
武汉金运激光股份有限公司董事会
二O一五年一月三十日

[点击查看PDF原文]
提示：本网不保证其真实性和客观性，一切有关该股的有效信息，以交易所的公告为准，敬请投资者注意风险。"
研发,"https://guba.eastmoney.com/news,300220,145766808.html",2015-01-31 14:41:56,研发
现在买进正当时,"https://guba.eastmoney.com/news,300220,145575217.html",2015-01-30 14:36:40,现在买进正当时
"希望先不涨,等我三月补发工资","https://guba.eastmoney.com/news,300220,145574529.html",2015-01-30 14:35:27,"希望先不涨,等我三月补发工资"
四季度、年报数据如何？3D业务如何发展的？公司应该有相关公告了啊,"https://guba.eastmoney.com/news,300220,143646598.html",2015-01-23 07:04:23,一点消息没有，很沉闷。有股友给点消息伐
倘若加盟商发展到全国每县一家.就不得了啦,"https://guba.eastmoney.com/news,300220,144243530.html",2015-01-26 12:26:23,人像业务方面，3D 记梦馆通过线上和线下加盟
这庄家忒稳了,"https://guba.eastmoney.com/news,300220,144524458.html",2015-01-27 10:45:28,0.0.0.0.0.
建议十送六,"https://guba.eastmoney.com/news,300220,144420884.html",2015-01-26 21:04:39,建议十送六
不得了啊..金运更名意造网,"https://guba.eastmoney.com/news,300220,144033231.html",2015-01-24 16:28:29,建议意造网进入上网导航.让全国人知道更好...接下来要打广告
金运激光:非公开发行股票募集资金使用的可行性分析报告,"https://guba.eastmoney.com/news,300220,136054402.html",2014-12-15 21:08:43,"公告日期：2014-12-16
互联网时代的C2B商业模式将是对用户需求的全方位响应，面对形式各异的创意设计和3D打印需求，公司必须拥有多材料、精细化的快速打印能力以提供优质的打印服务从而为用户带来创意实现的成就感和满足感。云工厂可以应对3D打印产品订单的快速加工需求，其特点在于能够对线上线下的所有产品进行大批量集中式订制加工。因此，云工厂是整个3D打印产业链的基础，是各式各样创意产品和个性化设计理念得以最终展现的关键。 
云工厂的集中式大规模处理能力与C2B分布式个性化需求相辅相成，是增材制造的订制化理念与传统规模化工业生产的完美融合，既能发挥规模经济优势、逐步降低成本，又能满足个性化创意产品的制造需求。未来，公司将逐步投入资金引进世界先进的3D打印设备，包括桌面级和工业级3D打印机、大运算量计算设备、软件以及后续处理工艺设备，可实现塑料、沙岩、尼龙、金属等多种材料的打印，满足用户的多样化需求。云工厂还将持续关注技术更新趋势，加强与优秀企业合作，提高自主研发能力，在材料和设备方面尽可能实现国产化，以进一步降低打印成本，拉动市场需求。
2、优化云平台，增强线上服务能力 
3D打印的订制化特性与互联网的信息化渠道相结合可以释放出巨大的市场需求，不仅改变工业制造的方式，也改变人们的生活方式。互联网将线下商务的机会转移到线上，让互联网成为线下交易的前台，这一商业创新成功培育出全新+
的购物模式和消费体验，创造出千亿级的市场。公司致力于构建“金运3D平台”，始终高度重视网上平台运营为业务发展带来的巨大推动力，一直将功能完善、结构合理和运行流畅的线上云平台视为核心能力。
云平台是将设计师、客户，以及3D打印、激光等加工手段连接起来的一个O2O电商服务平台，包括线上网站以及整个信息化系统，公司将以自营和开放平台接口的方式运营在线平台。作为公司线上网站之一的“意造网”（www.3deazer.com）于2014年6月正式上线。“意造网”的定位是“3D打印个性化私人订制电商平台”，它是以激光、3D打印等数字化技术为加工手段，以文化创意为核心，以个人消费为对象（C2B模式），并通过网络作为推广手段的线上交易平台。
意造网的成功上线标志着公司3D打印云平台初步搭建完成，未来，公司还将开发基于B2B商业模式的网上平台，以满足一些工业级客户的需求。因此，云平台将被打造成一个既能够实现C2B价值链，又能够实现B2B价值链的O2O线上平台。公司未来对云平台的建设投入主要聚焦于主系统及界面优化升级、周边系统整合以及基础支持架构等多个方向，将逐步完善云平台的信息流动功能，为创意沟通、产品设计、用户管理、销售、生产、仓储以及财务管理等提供支撑和保障，进一步增强公司的核心竞争力。 ……
[点击查看PDF原文]
提示：本网不保证其真实性和客观性，一切有关该股的有效信息，以交易所的公告为准，敬请投资者注意风险。"
真实自我人像产品,"https://guba.eastmoney.com/news,300220,143933923.html",2015-01-23 22:17:31,好
70周年大庆，大量新武器展示，激光武器等一系列亮相,"https://guba.eastmoney.com/news,300220,144113290.html",2015-01-25 18:34:55,70周年大庆，大量新武器展示，激光武器等一系列亮相
单独一个.意造网品牌价值几十亿元,"https://guba.eastmoney.com/news,300220,143939422.html",2015-01-23 22:48:38,不得了啊
最新消息...不得了啦,"https://guba.eastmoney.com/news,300220,143757746.html",2015-01-23 12:59:39,该公司【记梦馆】倘若在全中国范围内铺开.加上【意造网】万一成功的话...公司股票上100元..没商量啊；要打广告全国人知道就好了
金运滞涨了？那就来买大族吧！有稳定的盈利，又已经研发出针对医疗和珠宝的3D打印机,"https://guba.eastmoney.com/news,300220,143456373.html",2015-01-22 14:06:54,金运滞涨了？那就来买大族吧！有稳定的盈利，又已经研发出针对医疗和珠宝的3D打印机，更加务实、更加靠谱！
请看看开元投资改名国际医学后的股价走势，就知道改名对公司有多么好？,"https://guba.eastmoney.com/news,300220,915693007.html",2015-01-30 15:40:00,"请看看开元投资改名国际医学后的股价走势，就知道改名对公司有多么好？ 
金运激光
金运激光：谢谢您的关注和建议。公司将根据发展定位和相关规定，认真审慎处理公司名称。
(来自深交所互动易)答复时间 2015-01-30 15:40:00"
32还会到的！,"https://guba.eastmoney.com/news,300220,143430235.html",2015-01-22 13:19:30,买入不急！呵呵。
即将暴风雨袭击金运激光啦.重磅消息,"https://guba.eastmoney.com/news,300220,114876609.html",2014-07-07 19:01:28,将来是该公司3D打印.020平台的天下.例如每个人想一个产品出来交给金运激光020平台就可以....就把你的模具到家
跑了的去买大族激光吧！今天涨幅一定能超金运！,"https://guba.eastmoney.com/news,300220,143413466.html",2015-01-22 12:17:32,跑了的去买大族激光吧！今天涨幅一定能超金运！
很好,"https://guba.eastmoney.com/news,300220,143402362.html",2015-01-22 11:34:39,很好
金运被高估了，都不盈利，买大族吧，业绩增长这么好,"https://guba.eastmoney.com/news,300220,142631243.html",2015-01-20 10:32:33,金运被高估了，都不盈利，买大族吧，业绩增长这么好
金运激光，26.9买入了，买早了，看来要栽了！,"https://guba.eastmoney.com/news,300220,141815685.html",2015-01-15 21:33:16,明天感觉还会继续跌，买早了[好逊][失望]
没有理由不涨,"https://guba.eastmoney.com/news,300220,140765255.html",2015-01-10 17:24:12,"1、3D概念
2、大股东父子全额认购增发——前景可盼
3、公司积极寻求相关产业合作机会"
会否一口气直冲幸运52,"https://guba.eastmoney.com/news,300220,142795946.html",2015-01-20 18:24:10,希望如此!
请问截止1月15日的股东人数是多少？,"https://guba.eastmoney.com/news,300220,915692998.html",2015-01-30 15:42:00,"请问截止1月15日的股东人数是多少？ 
金运激光
金运激光：尊敬的投资者，您好。根据规定，公司在定期报告中披露股东包括人数等情况。请您支持和理解。谢谢
(来自深交所互动易)答复时间 2015-01-30 15:42:00"
全运意造网即将成为第=个淘宝网啦,"https://guba.eastmoney.com/news,300220,118085707.html",2014-08-12 16:30:19,金运激光股票上100元设商量
买不进的小散别泄气，买中粮地产，今天买入明天涨停,"https://guba.eastmoney.com/news,300220,142700159.html",2015-01-20 13:55:24,买不进的小散别泄气，买中粮地产，今天买入明天涨停
000980中国兵器发起的上市公司,"https://guba.eastmoney.com/news,300220,142699700.html",2015-01-20 13:54:33,000980中国兵器发起的上市公司
哥们 这次真正受益的3D打印是亚夏股份，3D打印建筑,"https://guba.eastmoney.com/news,300220,142699743.html",2015-01-20 13:54:09,哥们 这次真正受益的3D打印是亚夏股份!亚夏股份直接持有盈创26%的股权!
买不进金运就来买大族吧，今天也要拉停,"https://guba.eastmoney.com/news,300220,142693991.html",2015-01-20 13:43:27,买不进金运就来买大族吧，今天也要拉停
年报出来了，金运的估值肯定会回落的，看好激光和3D打印，就买大族吧！,"https://guba.eastmoney.com/news,300220,142633426.html",2015-01-20 10:36:59,年报出来了，金运的估值肯定会回落的，看好激光和3D打印，就买大族吧！
金运激光消息,"https://guba.eastmoney.com/news,300220,115611163.html",2014-07-15 22:39:00,"金运激光有云工厂，3D打印技术，020平台运作模式。该公司将来一定成为世界级大公司。（別小看是小产品大市埸场）例如每个人想一个有创意产品出来，交给金运激光云工厂就可以了。就将你的产品模具到家生产的...
在现在生活当中，电商一军突起，需求各行各业的产品越来越多。对于3D打印也越来越多，未来发展大方向"
大族3D打印机开始销售啦，快来买大族吧，金运估值太高了，很危险！,"https://guba.eastmoney.com/news,300220,142322397.html",2015-01-19 10:34:33,大族3D打印机开始销售啦，快来买大族吧，金运估值太高了，很危险！
小心明天补跌,"https://guba.eastmoney.com/news,300220,142442177.html",2015-01-19 15:21:42,早盘拉高后，开始无量下跌，支撑较弱，尾盘回拉，明天要是低开可能高走，高开低走
主力听着，我40的成本，跟你耗时间，绝不输钱！！,"https://guba.eastmoney.com/news,300220,141592005.html",2015-01-15 06:39:40,主力听着，我40的成本，跟你耗时间，绝不输钱！！
Mb 涨了近一百点这个垃圾动都不动,"https://guba.eastmoney.com/news,300220,141719339.html",2015-01-15 14:48:09,Mb 涨了近一百点这个垃圾动都不动
您好！请问贵公司的3D打印有没有兴趣切入工业领域？谢谢！,"https://guba.eastmoney.com/news,300220,915692986.html",2015-01-30 15:46:00,"您好！请问贵公司的3D打印有没有兴趣切入工业领域？谢谢！ 
金运激光
金运激光：您好，公司通过搭建3D打印云平台构建3D打印生态圈，从应用领域看，将逐步切入到工业领域。
(来自深交所互动易)答复时间 2015-01-30 15:46:00"
您好！请问贵公司的3D打印都设计到那些行业？麻烦介绍一下！谢谢！,"https://guba.eastmoney.com/news,300220,915692969.html",2015-01-30 15:51:00,"您好！请问贵公司的3D打印都设计到那些行业？麻烦介绍一下！谢谢！ 
金运激光
金运激光：目前，公司3D打印已涉足到消费、服装、灯具及火药制造等行业，此外，公司还有自我研发的桌面级3D打印机。具体情况，请您关注公司的定期和临时公告。谢谢！
(来自深交所互动易)答复时间 2015-01-30 15:51:00"
您好！请问贵公司什么时候能让广大投资者见证公司的实力，让业绩腾飞起来？谢谢,"https://guba.eastmoney.com/news,300220,915692938.html",2015-01-30 16:01:00,"您好！请问贵公司什么时候能让广大投资者见证公司的实力，让业绩腾飞起来？谢谢 
金运激光
金运激光：: 公司迅速切入的3D行业，在国内外均是有着广阔发展前景的，正处于发展期的行业，在新行业中创造独特的商业模式需要我们付出努力和时间，磨刀不误砍柴工，在做好经营投资，抓好投入开发期建设及业务管理的基础上，公司业绩会逐步释放和腾飞。谢谢。
(来自深交所互动易)答复时间 2015-01-30 16:01:00"
公司认为当前的股价便宜吗？如果一季报还是这价，公司会回购吗？回购是一种态度，给自,"https://guba.eastmoney.com/news,300220,915692882.html",2015-01-30 16:07:00,"公司认为当前的股价便宜吗？如果一季报还是这价，公司会回购吗？回购是一种态度，给自己定增给人传递了每人参与定增的讯息！ 
金运激光
金运激光：您好。价格由市场决定。回购等重大事项，如果公司有考虑，会按规定进行信息披露。请您关注公告。感谢您对公司的关注！
(来自深交所互动易)答复时间 2015-01-30 16:07:00"
我一直在等待意造网给我打电话，我多次在网站留言时填了手机号码，信息表明会随后和我,"https://guba.eastmoney.com/news,300220,915692933.html",2015-01-30 16:02:00,"我一直在等待意造网给我打电话，我多次在网站留言时填了手机号码，信息表明会随后和我联系，这是要等到什么年月啊？请问梁总您知道这种情况吗？执行力，没有执行力，什么都是乌托邦！人家小米怎么干成的？用户体验啊，只有不断提升客户体验，从客户的角度理解、尊重客户，才是发展王道。市场终将唾弃那些靠故事糊弄的公司！希望公司戒之！建议公司也弄个“意聊”吧（和腾讯合伙也行）！接地气是必须的！另外，3D打印人像不靠谱！ 
金运激光
金运激光：: 您好，谢谢您提的意见。公司会认真处理。
(来自深交所互动易)答复时间 2015-01-30 16:02:00"
公司转型就得有个转型的样，建议公司改名：意造网云或3D意造。君不见，人家”开元投,"https://guba.eastmoney.com/news,300220,915692923.html",2015-01-30 16:03:00,"公司转型就得有个转型的样，建议公司改名：意造网云或3D意造。君不见，人家”开元投资”都改名“国际医学”，碳烯新材也是改来的。名字是最明确的转型！（中科云网除外） 
金运激光
金运激光：对于公司更名，将结合相关规定和发展方向综合考虑。谢谢您的建议
(来自深交所互动易)答复时间 2015-01-30 16:03:00"
请问贵公司2014年业绩预告什么时候出？可否给出准确时间，谢谢,"https://guba.eastmoney.com/news,300220,915720934.html",2015-01-14 14:15:00,"请问贵公司2014年业绩预告什么时候出？可否给出准确时间，谢谢 
金运激光
金运激光：尊敬的投资者，您好！公司2014年年度业绩预告将在2015年1月31日前做出，具体的，请您时时关注我司的信息披露。谢谢。
(来自深交所互动易)答复时间 2015-01-14 14:15:00"
金运激光：3D打印网上平台销售火爆，月销增速超50%,"https://guba.eastmoney.com/news,300220,140729107.html",2015-01-10 10:11:16,金运激光：3D打印网上平台销售火爆，月销增速超50%
金运真的比大族好？,"https://guba.eastmoney.com/news,300220,140579741.html",2015-01-09 13:17:13,金运真的比大族好？
觉得金运估值高了？那就卖了买大族！,"https://guba.eastmoney.com/news,300220,141224236.html",2015-01-13 14:00:04,觉得金运估值高了？那就卖了买大族！
大族激光还没起来，快来买啊,"https://guba.eastmoney.com/news,300220,141168512.html",2015-01-13 10:45:13,大族激光还没起来，快来买啊
大族比金运更棒！快来买！,"https://guba.eastmoney.com/news,300220,141216649.html",2015-01-13 13:41:22,大族比金运更棒！快来买！
该去买大族了！,"https://guba.eastmoney.com/news,300220,141212875.html",2015-01-13 13:31:34,该去买大族了！
逢低关注这几大潜力股,"https://guba.eastmoney.com/news,300220,141128600.html",2015-01-13 08:56:46,"金运激光(300220)3D打印网上平台销售火爆，月销增速超50%
　　乐普医疗(300003)重磅新品双腔起搏器预计本月内申报注册
　　科伦药业(002422)伊犁川宁项目年内进入试生产
　　大连港(002204)大连自贸区方案申报至商务部
　　三湘股份(000863)在燕郊有542亩土地，受益京津冀一体化交通率先提速
　　无人机及车联网产品纷纷亮相CES，市场空间巨大。无人机概念股：中航机电(002013)、山东矿机(002526)、通裕重工(300185)、山河智能(002097)；车联网概念股：盛路通信(002446)、天泽信息(300209)、东风科技(600081)、航天科技(000901).
　　可再生能源配额制已上报，风电光伏将显着受益。风电概念股：银星能源(000862)、金风科技(002202)、泰胜风能(300129)、湘电股份(600416)；光伏概念股：拓日新能(002218)、林洋电子(601222)、爱康科技(002610)、阳光电源(300274).


[点击查看博客原文]"
公司的3D打印云工厂并没有太多的创意，你知道，只要是涉足的绝大部分企业都声言或打,"https://guba.eastmoney.com/news,300220,915720776.html",2015-01-14 15:00:00,"公司的3D打印云工厂并没有太多的创意，你知道，只要是涉足的绝大部分企业都声言或打算要发展云制造工厂，对于公司发展3D云打印,请问梁总，您认为确保您成功的护城河在哪里？如果没有足够宽的护城河，我就要为你捏一把汗，毕竟，光韵达的赛车也打了，3D业务也开始盈利了，那么公司下步有什么打算？要快啊，快快布局，做出产品，形成规模，从某种意义上说，也算是一种护城河吧！加油啊！我投资您，赔完了，给我些信心吧！ 
金运激光
金运激光：: 公司搭建3D云平台，构建3D生态圈，其内容丰富。公司规划系统，落实推进有计划。谢谢您的意见，公司将在您的关注中发展。
(来自深交所互动易)答复时间 2015-01-14 15:00:00"
据说今年CES上有30家企业展示自己的3D打印技术，不知公司参加了没有？,"https://guba.eastmoney.com/news,300220,915692910.html",2015-01-30 16:04:00,"据说今年CES上有30家企业展示自己的3D打印技术，不知公司参加了没有？ 
金运激光
金运激光：未参加。谢谢
(来自深交所互动易)答复时间 2015-01-30 16:04:00"
感觉《美匠网》比《意造网》还要好，公司收购了去。不拓宽思路，不力争上游，公司的转,"https://guba.eastmoney.com/news,300220,915720899.html",2015-01-14 14:25:00,"感觉《美匠网》比《意造网》还要好，公司收购了去。不拓宽思路，不力争上游，公司的转型就会面临失败的风险。求公司收购 美匠网。谢谢！ 
金运激光
金运激光：感谢您对公司发展的关心和关注。《意造网》将不断改进和提升。对符合公司发展规划的优质项目，公司都积极关注，并会负责任地选择合适的投资标的，以增强公司实力，加快发展。
(来自深交所互动易)答复时间 2015-01-14 14:25:00"
就是一垃圾股,"https://guba.eastmoney.com/news,300220,141099338.html",2015-01-12 23:01:53,就是一垃圾股
意造网推出半年了，说实话，体验不佳，创新的路上，我们任重而道远啊！我已在网站留言,"https://guba.eastmoney.com/news,300220,915720889.html",2015-01-14 14:26:00,"意造网推出半年了，说实话，体验不佳，创新的路上，我们任重而道远啊！我已在网站留言。 
金运激光
金运激光：谢谢您给予的良好建议。
(来自深交所互动易)答复时间 2015-01-14 14:26:00"
金运激光:关于董事会秘书辞职的公告,"https://guba.eastmoney.com/news,300220,140645253.html",2015-01-09 16:21:43,"公告日期：2015-01-09
证券代码：300220 证券简称：金运激光 公告编号：2015-003 
武汉金运激光股份有限公司 
关于董事会秘书辞职的公告 
本公司及董事会全体成员保证信息披露内容的真实、准确和完整，没有虚假记载、误导性陈述或重大遗漏。
武汉金运激光股份限公司（以下简称“公司”）董事会日前收到艾骏先生的书面辞职报告，艾骏先生因个人原因自2015年1月9日辞去公司董事会秘书职务，其辞职报告自送达董事会之日起生效。在辞去公司董事会秘书职务后，将不在公司担任任何职务。
根据《深圳证券交易所上市公司董事会秘书管理办法》、《公司章程》等相关法律、法规的规定，公司在未正式聘任新的董事会秘书期间，暂由公司董事长梁伟先生代行董事会秘书职责，公司将按照相关规定尽快聘任新的董事会秘书。
公司及董事会对艾骏先生在公司董事会秘书期间所做的贡献表示忠心感谢！特此公告。
武汉金运激光股份有限公司 
董事会 
2015年1月9日 

[点击查看PDF原文]
提示：本网不保证其真实性和客观性，一切有关该股的有效信息，以交易所的公告为准，敬请投资者注意风险。"
和Stratasys战略联盟固然好，但相互参股或引入其作为战略投资者才是王道！公,"https://guba.eastmoney.com/news,300220,915720791.html",2015-01-14 14:50:00,"和Stratasys战略联盟固然好，但相互参股或引入其作为战略投资者才是王道！公司会公司会在资本层面做如何运做，希望有新的举措打开上升通道。赔完了? 
金运激光
金运激光：公司在目标明确的战略规划框架内，会加快布局落实，过程中，投资合作及资本运作等都将有合理的安排。谢谢。
(来自深交所互动易)答复时间 2015-01-14 14:50:00"
请问贵公司：    公司近日更换董事会秘书，并由梁总先行兼任，是不是公司证券人员,"https://guba.eastmoney.com/news,300220,915720841.html",2015-01-14 14:40:00,"请问贵公司： 公司近日更换董事会秘书，并由梁总先行兼任，是不是公司证券人员有泄密事件发生，或者涉嫌和庄家联合操纵公司股价？请予及时答复谢谢！ 
金运激光
金运激光：您好，谢谢对公司的关心，不存在您所担心的问题。公司经营正常，公司及高管均无任何违反相关规定的行为。
(来自深交所互动易)答复时间 2015-01-14 14:40:00"
未来的阿里，买后锁仓。每个人都是孙正义,"https://guba.eastmoney.com/news,300220,140558937.html",2015-01-09 11:27:02,未来的阿里，买后锁仓。每个人都是孙正义
引入马云等战略投资者，可以得到：1.资金；2.理念；3.知名度4.认同度；5.平,"https://guba.eastmoney.com/news,300220,915720822.html",2015-01-14 14:45:00,"引入马云等战略投资者，可以得到：1.资金；2.理念；3.知名度4.认同度；5.平台支持。总之，公司3D云打印平台，只有马云等大佬说你好，你才真的好！最主要的就是，要有自己的真技术，Shapways有自己的技术，你有吗？不管软硬件，拿的出手的技术是硬保障。公司能不能引入Shapways一起玩？亚厦股份正在3D打印房子，过去看看，能不能搞个合作？要成为3D台主，梁老板必须是一呼百应的3D界“扛把子”！ 
金运激光
金运激光：: 谢谢您的意见！
(来自深交所互动易)答复时间 2015-01-14 14:45:00"
公司瞄准前沿谋转型，很好！但在布局上应该注意以下几点：1，紧抓主业不放松，在线上,"https://guba.eastmoney.com/news,300220,915720862.html",2015-01-14 14:31:00,"公司瞄准前沿谋转型，很好！但在布局上应该注意以下几点：1，紧抓主业不放松，在线上线下3D云平台没有赚到真金白银前，确保主业不掉队；2，云平台以面向行业解决方案为主，阿里当年不也是先发展B2B平台吗？所以公司一定要和行业用户紧密联系起来，如今最大的应该是数字医学，强强联合，赶紧滴；3，引入马云、Shapways、孙正义、亚马逊等战略投资者（不要自己给自己定增），他们最理解“云”；4，加强广告推广！ 
金运激光
金运激光：: 建议值得参考，非常感谢！公司在发展战略和战术上，都在认真研究，全面考虑，在有其特色模式的基础上，根据市场将不断优化。
(来自深交所互动易)答复时间 2015-01-14 14:31:00"
买金运不买大族？,"https://guba.eastmoney.com/news,300220,140554054.html",2015-01-09 11:14:57,买金运不买大族？
金运激光:关于控股子公司签署战略合作框架协议的公告,"https://guba.eastmoney.com/news,300220,140381767.html",2015-01-08 16:10:57,"公告日期：2015-01-08
证券代码：300220 证券简称：金运激光 公告编号：2015-002 
武汉金运激光股份有限公司 
关于控股子公司签署战略合作框架协议的公告 
本公司及董事会全体成员保证信息披露内容的真实、准确和完整，没有虚假记载、误导性陈述或重大遗漏。
2015年1月8日，武汉金运激光股份限公司控股子公司武汉落地创意文化传播有限公司（以下简称“落地创意”）与遨杰贸易（上海）有限公司（以下简称“遨杰贸易”）签署合作协议，将充分利用各自的技术及资源优势强强联合，紧密合作为广大企业用户提供先进的3D打印技术，设备及相关服务；双方将通过业务合作与创新，扩大3D打印在先进制造领域的应用范围。
一、遨杰贸易基本情况 
名称：遨杰贸易（上海）有限公司 
地址：上海市闸北广中西路757号122室 
法定代表人：JonathanJaglom 
经营范围：三维打印机及其配件、耗材的批发，佣金代理（拍卖除外），进出口及其他相关配套业务（不涉及国营贸易管理商品，涉及配额、许可证管理商品的按照国家有关规定办理申请）。
二、协议的主要内容 
1、遨杰贸易授予落地创意在中国大陆地区相应区域代理其产品销售及售后服务的资质；
2、遨杰贸易将为落地创意提供代理其旗下相关设备的销售及售前，售后技术支持和服务的培训；
3、遨杰贸易愿与落地创意积极分享其全球化3D打印示范工厂创建经验，努力协助落地创意在中国打造先进的3D打印客户体验应用和示范基地；
4、遨杰贸易将为落地创意实现3D打印解决方案提供必要的支持和协助； 
5、遨杰贸易为落地创意在DDM现代化生产及管理体系的建设方面提供必要的支持和管理指导；
6、遨杰贸易将与落地创意在3D打印产品加工及后制处理展开深度交流与协作；
7、遨杰贸易将积极协助落地创意扩展3D打印的市场应用渠道； 
8、遨杰贸易将向落地创意提供相关市场推广活动的指导和支持。 
三、风险提示 
本协议属于意向性合作协议，具体的实施内容和进度尚存在不确定性，实施内容和进度另行签署有关协议。
特此公告。 
武汉金运激光股份有限公司 
董事会 
2015年1月8日 

[点击查看PDF原文]
提示：本网不保证其真实性和客观性，一切有关该股的有效信息，以交易所的公告为准，敬请投资者注意风险。"
1月09金财赢yy 牛股分享 涨停直播,"https://guba.eastmoney.com/news,300220,140503589.html",2015-01-09 08:42:26,"金财赢y y为了回馈广大朋友一如既往的支持，独家原创的股市直播将横空出世！直播主张快，准，狠，内容多姿多彩，消息，内幕，实盘，应有尽有！金财嬴yy将全力打造一个全新，而且一切为广大投资者利益的新型博客！


股市有风险，投资需谨慎，博中内容只代表个人意见，不做为买卖依据，据此操作，风险自担！！ 如果您喜欢金财赢y y，请将金财赢y y加入收藏！
个股利好：金运激光子公司签3D打印合作协议，海格通信获1.25亿北斗导航订货合同，道明光学产品获英国VCA签发ECE104证书，同力水泥获天瑞集团三度举牌，持股比例达15%，华丽家族拟投资4.8亿元涉足临近空间飞行器领域，
[点击查看博客原文]"
1月8日晚间两市公司利好公告,"https://guba.eastmoney.com/news,300220,140443631.html",2015-01-08 20:44:40,"1月8日晚间两市公司利好公告
金运激光[0.80%资金研报]子公司签3D打印合作协议
金运激光（300220）1月8日晚间公告，公司控股子公司落地创意1月8日与遨杰贸易（上海）有限公司（简称“遨杰贸易”）签署合作协议。双方将通过业务合作与创新，扩大3D打印在先进制造领域的应用范围。
根据协议，遨杰贸易授予落地创意在中国大陆地区相应区域代理其产品销售及售后服务的资质，并将为落地创意提供代理其旗下相关设备的销售及售前，售后技术支持和服务的培训。同时，遨杰贸易努力协助落地创意在中国打造先进的3D打印客户体验应用和示范基地，为落地创意实现3D打印解决方案提供必要的支持和协助等。
海王生物[1.11%资金研报]控股子公司拟申请转板上市
海王生物（000078）1月8日晚间公告，公司控股子公司深圳市海王英特龙[5.63%]生物技术股份有限公司，拟申请从香港联合交易所创业板上市转为主板上市，并拟召开股东大会审议转板上市事宜。
海王英特龙公司认为，转板上市将会增加其H股的交易流通量，提升企业形象及公众投资者的认可度，有利于其未来的业务发展。
据介绍，海王英特龙于2005年9月12日在香港联交所创业板上市，证券代码为8329，证券简称为海王英特龙。海王生物目前直接和间接合并持有海王英特龙71.67%的股份。
海王生物表示，海王英特龙如能成功实施转板上市，预计将会提升公司及海王英特龙的企业形象及公众认可度，并对企业未来发展带来积极影响。由于海王英特龙此次拟申请转板上市不涉及发行新股，公司在海王英特龙的持股比例及股东权益不会受到影响，公司所持海王英特龙股份的性质也不会发生变化。
海王英特龙此次申请转板上市事项尚需经海王英特龙股东大会及联交所等有关方面批准。
鸿路钢构[-2.23%资金研报]获江中集团1.5亿元合同
鸿路钢构(002541)8日晚间公告，公司近日收到江中集团建筑钢结构制作安装合同，合同暂估价为1.5亿元，占公司2013年度经审计的主营业务收入的3.61%。
上述项目分二期完成，一期3万平方米钢结构厂房为2500万元，为工程包干价。二期13.5万平方米钢结构厂房为1.25亿元，除原材料变化外，其它均不做调整，二期的付款方式另议。此外，项目一期工期110天，根据项目进度可能会对部分工期进行调整。项目二期根据江中集团指令开工，总工期1年。
海格通信[0.61%资金研报]再获1.25亿北斗导航订货合同
海格通信（002465）8日晚间公告，公司近日收到与特殊机构客户签订的订货合同，合同总金额约1.25亿元，占公司2013年营业总收入的7.42%。
该合同标的主要为北斗导航及电台等项目合同，供货时间为2015年相应月份，具体时间按照合同规定。
值得一提的是，作为北斗导航设备的主要供货商，海格通信2013年北斗导航营业收入为1.74亿元；2014年累计已签订的北斗导航合同约4.6亿元，呈现大幅增长态势。
海格通信表示，北斗导航处于爆发式增长窗口期，发展前景广阔。据了解，北斗卫星导航系统正按照国家“三步走”的发展战略稳步推进，第一步，2000年建成了北斗卫星导航试验系统；第二步，建设北斗卫星导航系统，2012年已形成覆盖亚太大部分地区的服务能力；第三步，2020年左右，北斗卫星导航系统形成全球覆盖能力。
此外，参考发达国家的发展经验，北斗导航产业的发展将沿着国防应用、行业应用、大众应用逐步展开。2014年11月，北斗卫星导航系统获得国际海事机构认可，成为全球无线电导航系统的组成部分，取得面向海事应用的国际合法地位。
红豆股份[1.07%资金研报]获董监高合计增持150万股
红豆股份（600400）1月8日晚间公告，1月6日至8日，公司董事、监事及高级管理人员以个人自筹资金从二级市场购入公司股票共计150万股，增持均价为5.50元至5.56元。
其中，公司董事、副总经理周向东增持50万股；董事、副总经理叶薇增持40万股；副总经理顾金龙、董事会秘书孟晓平均增持20万股；监事顾燕春、财务负责人谭晓霞均增持10万股。
上述公司董事、高级管理人员均表示，买入公司股票属个人行为，系基于看好公司目前发展状况和对未来持续发展的信心。
四川路桥[-3.12%资金研报]2014年累计项目中标额超百亿
四川路桥(600039)8日晚间公告，据公司经营部门初步统计，公司及子公司2014年第四季度新中标项目23个，中标合同金额为35.62亿元。
其中，重大工程包括泸州市沱江四桥及连接线工程，中标价82279.61万元，工期656天；省道209线若尔盖县城至红原瓦切段改建工程施工SG2标段，中标价12551.23万元，工期24个月；省道103线戳豁觉至美姑大桥段改建工程B合同段，中标价10517万元，工期730天；广安环城公路（小平大道）省道304线改线工程第二合同段（官盛渠江大桥），中标价11860.1万元，工期990天。
截至2014年12月31日，公司本年度累计新中标项目54个，累计中标金额约106.99亿元，剩余合同金额328.93亿元（含BOT项目134.97亿元）。

[点击查看博客原文]
展开阅读全文"
用时间——换空间,"https://guba.eastmoney.com/news,300220,138977421.html",2014-12-30 13:29:26,"用时间——换空间
如此下跌确实未曾预料到
大象起舞、小盘股断崖下跌
被套的别补仓
没有至只涨不跌的股票
同样也没有只跌不涨的股票
所以金运激光——锁仓"
追进去就套妈的,"https://guba.eastmoney.com/news,300220,140123969.html",2015-01-07 15:58:49,追进去就套妈的
请问贵公司：    上次股东大会，公告说梁总因出差未参会，请问梁总出差是要筹划收,"https://guba.eastmoney.com/news,300220,915733068.html",2015-01-08 11:37:00,"请问贵公司： 上次股东大会，公告说梁总因出差未参会，请问梁总出差是要筹划收购事项吗？ 
金运激光
金运激光：首先感谢您对公司的关心和支持。作为公司的董事长、总经理，梁总的工作非常繁忙，经常出差，其主要职责是从事公司全局性、战略性的工作。谢谢！
(来自深交所互动易)答复时间 2015-01-08 11:37:00"
太爽了！涨停价27.5元卖出！,"https://guba.eastmoney.com/news,300220,139232761.html",2014-12-31 14:12:37,"昨天最低到25元，亏死，今天一下子涨停价卖出，小赚了一点，下周可能还会继续上涨吧，不过，也不会后悔了，金运激光，我记得是买了3次，每次都赚到了，这就够了，来日方长！

再会，祝大家赚大钱！"
金运估值好高，来买大族吧！,"https://guba.eastmoney.com/news,300220,139852137.html",2015-01-06 14:25:24,金运估值好高，来买大族吧！
金运激光:关于收到政府补贴的公告,"https://guba.eastmoney.com/news,300220,139646005.html",2015-01-05 16:35:10,"公告日期：2015-01-05
证券代码：300220 证券简称：金运激光 公告编号：2015-001 
武汉金运激光股份有限公司 
关于收到政府补贴的公告 
本公司及董事会全体成员保证信息披露内容的真实、准确和完整，没有虚假记载、误导性陈述或重大遗漏。
2014年12月，武汉金运激光股份有限公司（以下简称“公司”）陆续收到了政府补贴，确认合计收到280.75万元，具体情况如下：
1、根据武汉市科技局、市财政局下发的《关于下达2014年第二批高新技术产业化贷款贴息项目的通知》（武科计[2014]214号），公司获得了100万元的补贴。
2、根据武汉市商务局、市财政局下发的《关于2014年武汉市经贸发展促进资金项目（第二期）安排的通知》（武商务[2014]239号），公司获得了50万元的补贴。
3、公司申请了关于“黄鹤英才计划”人才项目的计划，公司获得50元的补贴。 
4、根据武汉市江岸区科学技术局、江岸区财务局下发的《关于下达2014年技术成果转化类科技计划项目的通知》（岸科[2014]17号）公司获得40万元的补贴。
5、武汉市江岸区工商行政管理局奖励公司驰名商标奖15万元。 
6、公司获得武汉市经济和信息化委员会补贴的2014年展会补贴18.16万元。 
7、公司获得武汉知识产权局专利奖外观设计优秀奖等补贴7.59万 
公司将严格按照《企业会计准则》的规定对上述补贴进行相应的会计处理，有关本次补贴的最终会计处理以审计机构年度审计确认后的结果为准。敬请广大投资者注意投资风险。
特此公告。 
武汉金运激光股份有限公司 
董事会
2015年1月4日 

[点击查看PDF原文]
提示：本网不保证其真实性和客观性，一切有关该股的有效信息，以交易所的公告为准，敬请投资者注意风险。"
最好是跌倒20，一次调整到位，那么2015年就看你金运表演了,"https://guba.eastmoney.com/news,300220,139741837.html",2015-01-06 06:41:47,年报应该不差。静观其变吧，散户只能跟机会，而不是创造机会
25.1是今日极限低价，26是极限高价，做T的注意,"https://guba.eastmoney.com/news,300220,138934635.html",2014-12-30 10:59:28,RT
看到有很多成本都很高跌下来一直沒动说明没有制定操作纪律这样会很被动好的票还能涨上,"https://guba.eastmoney.com/news,300220,139671237.html",2015-01-05 19:12:04,看到有很多成本都很高跌下来一直沒动说明没有制定操作纪律这样会很被动好的票还能涨上去不好的票就难说了
2015预防踩踏事件,"https://guba.eastmoney.com/news,300220,139428039.html",2015-01-04 13:09:54,"进入2015前半小时上海发生了踩踏事件。对在这样欢乐的时间发生这样的事情表示伤痛。2014年央行降息之后资金大举进入股市，借助融资放大杠杆，股指一路疯狂，急功近利表现的淋漓尽致，股指再上涨，股票之中也要防踩踏事件发生，融资是要成本的，股市不可能一路上涨上去，到了融入速度下降不足以支付成本之时，先知先觉或先融入都认为要撤离之时必会发生股市的踩踏事件，香港的BYD股票的单日大跌是个测试，外资借沪港通进入内地理单是为了赚钱，还有一部分是有政治目的的。2015年融资融券会让大家见识到什么叫调整，融资融券会加大踩踏现象。现在的市场只要撤出一半，撤出50%，很多股票会瞬间跌停。
从14年7月的单边上涨过渡到大震荡年份，虽然热钱还在流入之中，但增量已不可能太多了，年前还有机会向上冲，对15年的股指从年初走到年底可能只在上下5%范围之内，但中间的波动也许有二三个会回，做做股指期货的波段会比做个股机会大的多，大资金将从股指期货波动之中赚大钱。
15年还是做做题材股的机会，3D,比如调整近50%的金运激光这样的，从46元跌到23元一线可关注，机器人方面的，军工改制方面的个股。
[点击查看博客原文]"
底部旭日东升,"https://guba.eastmoney.com/news,300220,139336985.html",2015-01-02 13:02:48,底部旭日东升
请问贵公司是否参加2015年国际电子展,"https://guba.eastmoney.com/news,300220,915742806.html",2015-01-05 12:50:00,"请问贵公司是否参加2015年国际电子展 
金运激光
金运激光：首先感谢您对公司的关心和支持。请详细说明问题中所涉及的展览的基本情况，我们好予以确认。谢谢！
(来自深交所互动易)答复时间 2015-01-05 12:50:00"
金运激光:关于2014年第四次临时股东大会决议的公告,"https://guba.eastmoney.com/news,300220,139275642.html",2014-12-31 18:14:51,"公告日期：2014-12-31
证券代码：300220 证券简称：金运激光 公告编号：2014-066 
武汉金运激光股份有限公司 
关于2014年第四次临时股东大会决议的公告 
本公司及董事会全体成员保证信息披露内容的真实、准确和完整，没有虚假记载、误导性陈述或重大遗漏。
特别提示： 
本次股东大会无增加、变更、否决提案的情况。 
本次股东大会以现场会议、网络投票相结合的方式召开。 
一、会议召开和出席情况 
1、现场会议召开时间：2014年12月31日下午2:30 
2、网络投票时间：通过深圳证券交易所交易系统进行网络投票的具体时间为2014年12月31日9：30-11：30，13：00-15：00；通过深圳证券交易所互联网投票系统投票的具体时间为2014年12月30日15：00至2014年12月31日15：00期间的任意时间
3、现场会议召开地点：武汉市江岸区石桥一路金运激光大楼会议室 
4、会议出席情况 
参加本次会议的股东及授权代表人数21人，代表股份15,585,299股，占公司总股本的12.3693%。
其中参加现场会议的股东及股东代表（或代理人）共4人，代表公司股份4,490,775股，占公司总股本的比例为3.5641%。本次股东大会通过网络投票系统进行投票表决的股东共计17人，代表公司股份数11,094,524股，占公司总股本的比例为8.8052%。
本次股东大会由公司董事会召集，因公司董事长梁伟先生因公出差未能参加本次会议，为确保会议顺利召开，根据《公司章程》和《股东大会议事规则》中的相关规定，经半数以上董事共同推举，本次会议由独立董事龚正刚先生主持。公司董事、监事、高级管理人员及见证律师等相关人士出席了本次会议。会议的召集、召开与表决程序符合《公司法》和《公司章程》等的规定。
二、议案审议表决情况 
本次股东大会采用现场表决和网络投票表决方式。表决情况如下： 
1．审议通过了《关于修订<公司章程>的议案》 
同意15,581,399股，占出席会议有表决权股份总数的99.9750%；反对0股； 
弃权3,900股，占出席会议有表决权股份总数的0.0250% 
除单独或者合并持有公司5%以上股份的股东以外的其他股东出席会议并具有效表决的股份为15,585,299股，表决情况为：同意15,581,399股，占其出席会议有表决权股份总数的99.9750%；反对0股；弃权3,900股，占出席会议有表决权股份总数的0.0250%。
2.审议通过了《关于修订<股东大会议事规则>的议案》； 
同意15,581,399股，占出席会议有表决权股份总数的99.9750%；反对0股； 
弃权3,900股，占出席会议有表决权股份总数的0.0250% 
除单独或者合并持有公司5%以上股份的股东以外的其他股东出席会议并具有效表决的股份为15,585,299股，表决情况为：同意15,581,399股，占其出席会议有表决权股份总数的99.9750%；反对0股；弃权3,900股，占出席会议有表决权股份总数的0.0250%。
3.审议通过了《关于制定<股东大会网络投票实施细则>的议案》； 
同意15,581,399股，占出席会议有表决权股份总数的99.9750%；反对0股； 
弃权3,900股，占出席会议有表决权股份总数的0.0250% 
除单独或者合并持有公司5%以上股份的股东以外的其他股东出席会议并具有效表决的股份为15,585,299股，表决情况为：同意15,581,399股，占其出席会议有表决权股份总数的99.9750%；反对0股；弃权3,900股，占出席会议有表决权股份总数的0.0250%。
4.审议通过了《关于修订<募集资金专户存储与使用管理制度>的议案》； 
同意15,581,399股，占出席会议有表决权股份总数的99.9750%；反对0股；……
[点击查看PDF原文]
提示：本网不保证其真实性和客观性，一切有关该股的有效信息，以交易所的公告为准，敬请投资者注意风险。"
请问，截至12月31日，公司的股东人数是多少？,"https://guba.eastmoney.com/news,300220,915742803.html",2015-01-05 12:51:00,"请问，截至12月31日，公司的股东人数是多少？ 
金运激光
金运激光：谢谢您对公司的关心和支持。请向相关部门咨询。谢谢！
(来自深交所互动易)答复时间 2015-01-05 12:51:00"
全仓！待涨！,"https://guba.eastmoney.com/news,300220,136560423.html",2014-12-17 19:11:29,"全仓！待涨！
3D龙头
工业4.0
工业机器人"
金运激光:2014年第四次临时股东大会的法律意见书,"https://guba.eastmoney.com/news,300220,139275641.html",2014-12-31 18:14:51,"公告日期：2014-12-31
 中国深圳福田区深南大道4019号航天大厦16层/24层邮政编码：518048 
16F/24F.,AEROSPACESKYSCRAPER,NO.4019SHENNANROAD,SHENZHEN,P.R.CHINA 电话(Tel.)：(0755)88265288 传真(Fax.)：(0755)83243108
网址（Website）：http://www.shujin.cn
广东信达律师事务所 
关于武汉金运激光股份有限公司 
2014年第四次临时股东大会的 
法律意见书 
信达会字[2014]第0139号 
致：武汉金运激光股份有限公司 
广东信达律师事务所（以下简称“信达”）接受武汉金运激光股份有限公司（以下简称“贵公司”）的委托，指派律师参加了贵公司2014年第四次临时股东大会（以下简称“本次股东大会”），并进行了必要的验证工作。现根据《中华人民共和国公司法》（以下简称“《公司法》”）、《上市公司股东大会规则》（以下简称“《股东大会规则》”）以及贵公司《公司章程》等规定，按照律师业公认的业务标准、道德规范和勤勉尽责精神，对本次股东大会的召集和召开程序、出席会议人员和召集人的资格、表决程序和表决结果等事项发表如下法律意见。
一、关于本次股东大会的召集与召开 
2014年12月16日，贵公司董事会在巨潮资讯网站（http://www.cninfo.com.cn）上刊登了《武汉金运激光股份有限公司关于召开2014年第四次临时股东大会的通知》。2014年12月31日下午14:30，贵公司本次股东大会现场会议依照前述公告在武汉市江岸区石桥一路金运激光大楼会议室如期召开。本次股东大会采取现场投票与网络投票相结合的方式，通过深圳证券交易所交易系统和互联网投票系统向股东提供网络形式的投票平台。股东通过深圳证券交易所交易系统进行网络投票的具体时间为：2014年12月31日上午9:30－11:30，下午13:00－15:00；通过深圳证券交易所互联网投票系统投票的具体时间为：2014年12月30日15:00至2014年12月31日15:00期间的任意时间。
经信达律师审验，本次股东大会的召集和召开程序符合《公司法》、《股东大会规则》和《公司章程》等有关规定。
二、关于出席本次股东大会的人员资格 
1、出席本次股东大会的股东及委托代理人 
出席本次股东大会现场会议的股东及股东委托的代理人共4名，持有贵公司股份4,490,775股，占贵公司有表决权股份总数的3.5641%。
经信达律师验证，上述股东及委托代理人出席本次股东大会现场会议并行使投票表决权的资格合法有效。
根据深圳证券交易所提供的数据，本次股东大会通过深圳证券交易所交易系统和互联网投票系统进行有效表决的股东17共名，持有贵公司股份11,094,524股，占贵公司有表决权股份总数的8.8052%。
以上通过网络投票系统进行投票的股东资格，由网络投票系统提供机构深圳证券交易所验证其身份。
2、出席本次股东大会的其他人员 
出席本次股东大会现场会议的其他人员为贵公司的董事、高级管理人员以及信达律师。
信达律师认为，上述人员均有资格出席本次股东大会。 
3、本次股东大会的召集人 
经信达律师验证，本次股东大会的召集人为贵公司董事会。 
信达律师认为，本次股东大会召集人的资格合法有效。 
三、关于本次股东大会的表决程序和表决结果 
经信达律师验证，本次股东大会现场会议采取记名投票的方式进行表决，并按《股东大会规则》与《公司章程》规定的程序进行计票、监票。根据深圳证券交易所向贵公司提供的本次会议网络投票的资料，贵公司合并统计了现场投票和网络投票的表决结果，当场公布表决结果，审议通过了以下议案：
1.《关于修订<公司章程>的议案》； 
2.《关于……
[点击查看PDF原文]
提示：本网不保证其真实性和客观性，一切有关该股的有效信息，以交易所的公告为准，敬请投资者注意风险。"
涨了，高兴吗，当然高兴了,"https://guba.eastmoney.com/news,300220,139251121.html",2014-12-31 14:54:41,"涨了高兴，但是要做几种准备，一是回到上个平台的顶部，32元附近，看能否放量突破，站稳，否则仍然处于弱势
二是突破了37了，直接配合消息等刺激，直接飞过去了，那就可以继续持股，否则仍然是下跌5浪形态。
跌了就说不好，涨了就说好的，全是散户心态，一辈子都在亏"
金运都涨停了，买不进的来买大族吧,"https://guba.eastmoney.com/news,300220,139237402.html",2014-12-31 14:23:12,金运都涨停了，买不进的来买大族吧
002689.建造环保机器人，主营收入，113086万元,"https://guba.eastmoney.com/news,300220,139232375.html",2014-12-31 14:11:54,002689.建造环保机器人，主营收入，113086万元
002689.主营收入，113086万元，,"https://guba.eastmoney.com/news,300220,139231473.html",2014-12-31 14:09:40,002689.主营收入，113086万元，
ZM 怎么投反对票？,"https://guba.eastmoney.com/news,300220,139215185.html",2014-12-31 13:30:31,告诉我。
7　　非公开发行A股股票预案  怎么投反对票,"https://guba.eastmoney.com/news,300220,139146477.html",2014-12-31 09:49:02,7　　　《非公开发行A股股票预案》
散户的优势：每日小仓位做T，每天降低2毛成本，T飞了卖早了也不怕，你总是要跌的，庄,"https://guba.eastmoney.com/news,300220,138719733.html",2014-12-29 13:23:13,"来吧，狗庄，我们耗上，看触底的时候，是你的代价高还是我，每天做T，每天降低2毛成本，小仓位T，T飞了也不怕，你总是要跌的，跌了我再买，哈哈
这是你的劣势，却是我的优势"
年度最佳表现奖,"https://guba.eastmoney.com/news,300220,139163973.html",2014-12-31 10:29:56,年度最佳表现奖
年度最佳表现奖  年度最佳表现奖,"https://guba.eastmoney.com/news,300220,139163623.html",2014-12-31 10:29:06,是霉运亏光吗？大家评比一下。
创业板开始,"https://guba.eastmoney.com/news,300220,139141950.html",2014-12-31 09:37:18,创业板开始
请问贵公司：    梁家既然愿意以29.76元作为增发价，为何现在股价到了25元,"https://guba.eastmoney.com/news,300220,914996615.html",2014-12-31 15:35:00,"请问贵公司： 梁家既然愿意以29.76元作为增发价，为何现在股价到了25元了却不见梁家在二级市场增持呢？梁家是不是也被股价给跌晕了啊哈哈哈，赶快增持吧，不增持就意味着增发价是假的！！ 
金运激光
金运激光：谢谢您对公司的关心。您的建议我们一定转告相关人员。谢谢！
(来自深交所互动易)答复时间 2014-12-31 15:35:00"
金运激光:光大证券证券股份有限公司关于公司非公开发行股票涉及关联交易事项的核查意见,"https://guba.eastmoney.com/news,300220,138172607.html",2014-12-25 16:42:31,"公告日期：2014-12-25
 光大证券证券股份有限公司 
关于武汉金运激光股份有限公司 
非公开发行股票涉及关联交易事项的核查意见 
一、关联交易基本情况 
1、金运激光本次拟非公开发行1,008万股股票，发行价格为29.76元/股。 
在本次非公开发行中，公司总计向2名特定对象非公开发行股票，发行对象分别为梁伟和梁浩东。其中梁伟为公司控股股东和实际控制人，梁浩东为梁伟之子，上述关系构成关联关系，因此本次非公开发行亦为关联交易。
2、2014年12月12日，公司第二届董事会第二十一次会议审议通过了《关于公司本次非公开发行股票涉及关联交易事项的议案》、《关于向特定对象非公开发行股票方案的议案》、《关于公司与特定发行对象签订附条件生效股份认购合同的议案》等与关联交易有关的议案，关联董事在相关议案审议时回避表决，相关议案经非关联董事表决通过。
3、公司独立董事已对上述涉及关联交易的事项发表了事前认可意见，并于公司第二届董事会第二十一次会议后发表了独立意见。
4、本次关联交易尚需提交公司2014年度第四次临时股东大会审议通过和中国证券监督管理委员会的核准。
二、关联方基本情况 
1、梁伟 
住所：武汉市江岸区 
简历：梁伟先生，1967年出生，中国国籍，无境外永久居留权，大学学历。 
2001年至2005年期间先后创立武汉金运机电设备制造有限公司及武汉金运光电产业有限公司并任总经理；2005年至2011年5月，任本公司执行董事、总经理；
2008年10月至2014年8月，任武汉盛兴业软件技术有限公司执行董事；2011年5月至今，任本公司董事长兼总经理。
2、梁浩东 
住所：武汉市江岸区 
简历：梁浩东先生，1993年出生，中国国籍，无境外永久居留权，现就读于美国的UniversityofArizona。梁伟与梁浩东为父子关系。
三、交易标的基本情况 
1、交易标的 
本次关联交易的交易标的为公司本次非公开发行1,008万股的股份。本次非公开发行股票的认购价格为29.76元/股，本次非公开发行股票募集资金总额为29,998.08万元，扣除发行费用后，全部用于补充公司流动资金。
2、关联交易价格确定的原则 
本次非公开发行股票的认购价格为29.76元/股，不低于定价基准日前1个交易日公司股票交易均价的90%（定价基准日前一个交易日股票交易均价=定价基准日前一个交易日股票交易总额÷定价基准日前一个交易日股票交易总量）。
若公司股票在定价基准日至发行日期间发生派息、送股、资本公积金转增股本等除权除息事项，本次发行价格将作相应调整。
四、附条件生效股份认购合同的主要内容 
2014年12月11日，公司与梁伟、梁浩东分别签订了附条件生效股份认购合同。上述合同主要内容如下：
（一）认购主体和签订时间 
认购人（乙方）：梁伟、梁浩东 
发行人（甲方）：金运激光 
签订日期：2014年12月11日 
（二）认购方式、认购价格、支付方式 
1、认购价格 
本次非公开发行股票的定价基准日为公司第二届董事会第二十一次会议决议公告日（即2014年12月15日）。本次非公开发行股票的认购价格为定价基准日前一个交易日甲方A股股票交易均价（定价基准日前一个交易日A股股票交易均价=定价基准日前一个交易日A股股票交易总额/定价基准日前一个交易日A股股票交易总量）的90%，即每股29.76元。
如果甲方股票在定价基准日至本次非公开发行的股份发行日期间发生派送股息、送股、资本公积金转增股份等除权、除息事项，上述发行价格将作相应的调整。调整方式如下：
派发现金股利：P1=P0-D 
送红股或转增股本：P1=P0/(1+N) 
派发现金同时送红股或转增股本：P1=(P0-D)/(1+N) 
其中，P0为调整前发行价格，D为每股派发现金股利，N为每股送红股或转增股本数，调整后发行价格为P1。
2、认购方式及认购数量 
本次非公开发行股票的发行数量为1,008万股。其中：梁伟……
[点击查看PDF原文]
提示：本网不保证其真实性和客观性，一切有关该股的有效信息，以交易所的公告为准，敬请投资者注意风险。
展开阅读全文"
打到19元，创业板挤泡泡,"https://guba.eastmoney.com/news,300220,138886405.html",2014-12-30 08:47:44,1
求求公司推出高送转，赔光了！,"https://guba.eastmoney.com/news,300220,915001344.html",2014-12-31 09:13:00,"求求公司推出高送转，赔光了！ 
金运激光
金运激光：谢谢您的建议，我们会认真对待的。谢谢！
(来自深交所互动易)答复时间 2014-12-31 09:13:00"
好像一天不往下跌，那些高管就没钱化疗一样,"https://guba.eastmoney.com/news,300220,138918207.html",2014-12-30 10:23:48,好像一天不往下跌，那些高管就没钱化疗一样
这垃圾股亏了我30%啊 之前41。3买的 复牌那天卖了,"https://guba.eastmoney.com/news,300220,138897184.html",2014-12-30 09:37:21,没想到还在跌
金运激光39.59元卖出了，落袋为安走人！,"https://guba.eastmoney.com/news,300220,127779044.html",2014-10-29 13:44:54,"金运激光真是支好股啊，不枉我买它，39.59卖出，赚一笔落袋为安走人！

再涨也不遗憾了，祝大家多赚钱！

再会！"
有我在你们不用怕，我陪你们亏，300万的资金，随便他砸,"https://guba.eastmoney.com/news,300220,138672058.html",2014-12-29 10:37:58,"各位散户朋友不用怕，这个形态也就是下跌5浪而已，现在已走3浪，最低也就是22，然后平台整理，需要点时间而已，不要听别人忽悠你时间成本，那会让你亏更多，明年的高价必然通过上升5浪完成，最低也是66元，不含高送转。我陪你们战斗到底，不要交筹码给庄，让他砸个够，我成本37元。
当然了，如果回到35元我会考虑出手，留20万底，到22元再来战斗。
如果不到直接下跌，我陪你们战斗到底。不要去听信庄托给你们说的时间成本，公司发布什么消息，梁伟后面有的是大作为，德隆系的标准手法。感谢大家的支持。我可以时不时截图告诉你们，我还在。不要看新闻，不要看股吧，不要听任何东西影响你的判断。唯一的做法就是死捏"
所收购资产完成了过户手续 2014年的业绩要大增100%以上,"https://guba.eastmoney.com/news,300220,138823751.html",2014-12-29 19:42:18,"低价、绩优、成长股 黄金坑底部腾飞在即 

600203福日电子在12月27日出了正式的公告，在12月26日收到证监会下发的定向增发的核准批文后，在当天日就完成被收购资产的过户工作，保证了在年底财务报表可以合并被收购资产所产生的盈利。

2014年盈利增加额因此会超过一亿元以上，总股本才3亿多，现价还是9元，兼具低价、绩优、成长性，上升空间巨大。"
成本37，不到35不割肉，随便你了，8900股,"https://guba.eastmoney.com/news,300220,138552372.html",2014-12-28 00:12:20,死耗，真正的底最多也就是22，要么到35割肉，要么拿一年。
可以申请调查有没有恶意操控股价呀！,"https://guba.eastmoney.com/news,300220,138757276.html",2014-12-29 14:49:40,可以申请调查有没有恶意操控股价呀！
请看指标：尽晕鸡光 又没戏了，多亏昨日清盘,"https://guba.eastmoney.com/news,300220,136682496.html",2014-12-18 10:56:52,"尽晕鸡光 又没戏了，多亏昨日清盘，利好消息还是被套
2014.12.18 10:56
技术面评测
您查询的个股：金运激光300220
决策参考：目前又再展跌势，离场为妙。
今日该股资金流入比为-72%，主力资金疯狂出逃，谨防再度下杀风险，建议回避。"
这些基金互相砸盘，为了排名打压对手的独门股！,"https://guba.eastmoney.com/news,300220,138669126.html",2014-12-29 10:31:59,这些基金互相砸盘，为了排名打压对手的独门股！
没有事的，该轮到小盘股了，野百合也有春天！,"https://guba.eastmoney.com/news,300220,137850427.html",2014-12-24 10:20:38,没有事的，该轮到小盘股了，野百合也有春天！
能不能跌至23元,"https://guba.eastmoney.com/news,300220,137819414.html",2014-12-24 07:59:49,能不能跌至23元
我已无奈满仓,"https://guba.eastmoney.com/news,300220,137776201.html",2014-12-23 20:35:13,"我已无奈满仓
坚信牛市不套人
3D风起云涌时必然解套看涨"
这公司也是，怎么不护盘？,"https://guba.eastmoney.com/news,300220,137619083.html",2014-12-23 10:21:35,还要不要脸了！
打到19元，每次拉高都是出货机会,"https://guba.eastmoney.com/news,300220,137628291.html",2014-12-23 10:44:09,1
砸盘的是人吗,"https://guba.eastmoney.com/news,300220,137598687.html",2014-12-23 09:32:05,垃圾！
跌吧，到15，才进,"https://guba.eastmoney.com/news,300220,137582901.html",2014-12-23 07:33:00,嘎嘎嘎
这个时候去封跌停的，除了主力还有谁，送钱的坑比,"https://guba.eastmoney.com/news,300220,137438281.html",2014-12-22 14:40:36,散户该割的都割了，亏多了不想割的也不看了，只有庄自己在玩，跌停，还给别人送钱
请问贵公司：    公司今日股价跌停28.35元，已经跌破定增价，明日依然会大幅,"https://guba.eastmoney.com/news,300220,915033653.html",2014-12-23 11:58:00,"请问贵公司： 公司今日股价跌停28.35元，已经跌破定增价，明日依然会大幅下挫，怎么样？梁家吃独食儿就能筹措到利于贵公司发展的资金了？？？ 
金运激光
金运激光：感谢您对公司的关心和支持。希望您继续关心和支持。谢谢！
(来自深交所互动易)答复时间 2014-12-23 11:58:00"
晕。光韵达和金运二选一选了金运。。,"https://guba.eastmoney.com/news,300220,137436120.html",2014-12-22 14:35:27,光韵达20时，激光29时选了金运。。。。。好的不灵坏的灵。。晕死。
不要脸的走法，建议调查这些交易数据！,"https://guba.eastmoney.com/news,300220,137408929.html",2014-12-22 13:35:49,不要脸的走法，建议调查这些交易数据！
下跌目标19元，别买创业板了，此股已无庄,"https://guba.eastmoney.com/news,300220,137411845.html",2014-12-22 13:42:23,1
大盘股跌，小盘股就开始涨了。,"https://guba.eastmoney.com/news,300220,137400581.html",2014-12-22 13:16:12,大盘股跌，小盘股就开始涨了。机会来了
明天还得继续跌,"https://guba.eastmoney.com/news,300220,137398763.html",2014-12-22 13:10:58,此股还没跌到位 跌到26.7左右短线反弹
今日跌停，月底到23,"https://guba.eastmoney.com/news,300220,136982301.html",2014-12-19 13:04:22,地对地导弹
贵公司：    我还是第一次遇到非公开发行股份只针对自己和儿子的，非常奇葩！请问,"https://guba.eastmoney.com/news,300220,915038144.html",2014-12-22 11:18:00,"贵公司： 我还是第一次遇到非公开发行股份只针对自己和儿子的，非常奇葩！请问：1、为何不给别的股东或战略投资者分一杯羹，为何要吃独食儿？2、梁家人吃独食儿，有哪家机构会心甘情愿只为梁家抬轿子？3、梁家吃独食儿是因为别的股东不看好发不出去，所以才发给自己人吗？请客观答复谢谢！ 
金运激光
金运激光：: 首先感谢您对公司的关心和支持。公司重点关注的是筹措到公司战略发展所需要的资金，以利于公司的发展。谢谢！
(来自深交所互动易)答复时间 2014-12-22 11:18:00"
此股无庄，阴跌到26，机构都跑完了,"https://guba.eastmoney.com/news,300220,137052623.html",2014-12-19 16:15:11,1
这股票TM亏了我30%,"https://guba.eastmoney.com/news,300220,136923875.html",2014-12-19 10:16:41,我41.4的成本 之前陆陆续续卖了 复牌那天全卖了
不看好此股，有利好都不涨，有猫腻！,"https://guba.eastmoney.com/news,300220,137007270.html",2014-12-19 14:04:14,不看好此股，有利好都不涨，有猫腻！
金运激光将是下一个成飞,"https://guba.eastmoney.com/news,300220,136982557.html",2014-12-19 13:05:19,金运的实际成本不过10元，现在被炒到30多，有可能连跌3板。我们都被骗了！！！
增发价能买到吗,"https://guba.eastmoney.com/news,300220,136974992.html",2014-12-19 12:22:08,
ddd,"https://guba.eastmoney.com/news,300220,136973696.html",2014-12-19 12:13:23,
金运激光:关于签署战略合作框架协议的公告,"https://guba.eastmoney.com/news,300220,136536499.html",2014-12-17 17:19:59,"公告日期：2014-12-17
证券代码：300220 证券简称：金运激光 公告编号：2014-065 
武汉金运激光股份有限公司 
关于签署战略合作框架协议的公告 
本公司及董事会全体成员保证信息披露内容的真实、准确和完整，没有虚假记载、误导性陈述或重大遗漏。
鉴于南京理工大学系长期从事国防教学与科研的全国重点高等院校，在火药研究领域具有国内领先水平；武汉金运激光股份有限公司（以下简称“公司”）为高速成长的民营上市公司，在3D打印方面已经有很好的开端，拥有较强成套装备制造技术能力，能够为南京理工大学提供较为雄厚的设备制造技术支持，双方秉承共同发展、诚信合作的宗旨就3D打印技术在火药领域应用技术研究形成战略合作伙伴关系。
双方于2014年12月17日签署《战略合作协议》（以下简称“协议”）。于协议签署前，南京理工大学与公司及公司控股股东均不存在关联关系。相关情况如下：
一、南京理工大学基本情况 
名称：南京理工大学 
地址：南京市玄武区孝陵卫200号 
法定代表人：王晓锋 
二、协议的主要内容 
1、合作宗旨和目标 
通过双方的战略合作，实现优势互补，加快3D打印技术在火药领域应用的研究开发进度，增强南京理工大学在增材制造方面的技术水平和行业影响力，提升公司在3D打印技术方面的行业地位和未来市场的核心竞争力。
2、合作主要内容 
2.1开展双基及高能改性双基推进剂的3D打印成型技术研究； 
2.2开展复合推进剂的3D打印成型技术研究； 
2.3开展3D打印技术在发射药领域的相关技术研究； 
2.4开展3D打印技术在火药包覆领域的相关技术研究。 
3、主要合作方式 
3.1在双方充分技术交流基础上，以南京理工大学的研发力量为主要依托，共同在甲方成立“含能材料增材制造技术联合实验室”。公司为联合实验室提供必要的日常运行费、科研合作费并提供设备制造方面的技术支持，并可派有关技术人员参与在甲方开展的研究，研究形成的技术成果双方共有。
3.2联合实验室主要从事含能材料包括双基推进剂、发射药、包覆材料等3D打印成型技术。南京理工工大学在军工和民用研发平台建设过程中优先采购公司制造的3D打印装备。
3.3双方合作开展的研究开发项目实行合同制管理，由公司同意确认并提供相应的研发经费。
4、南京理工大学的权利与义务 
4.1组建由含能材料、机械制造、自动控制等专业的研究人员组成的团队，与乙方的装备制造团队开展经常性的技术交流；
4.2负责提供开展火药3D打印试验的固定场所，并在公司参与的基础上开展原理样机的改进研究；
4.3协助公司解决装备制造方面的关键技术问题； 
4.4协助公司在行业领域推广乙方制造的成套装备，如有收益由双方协商分配；
4.5在研究条件建设过程中优先采购公司制造的专用设备。 
5、公司的权利与义务 
5.1委派专业人员参与、展合作研究； 
5.2在原理样机基础上开发满足工程应用的工程样机； 
5.3有权监督所投入资金的日常管理和使用； 
5.4有权将合作期间形成的成果应用推广到其他民用领域，如有收益需由双方协商分配。
三、风险提示 
本协议属于意向性合作协议，具体的实施内容和进度尚存在不确定性，实施内容和进度另行签署有关协议。
特此公告。 
武汉金运激光股份有限公司 
董事会 
2014年12月17日 

[点击查看PDF原文]
提示：本网不保证其真实性和客观性，一切有关该股的有效信息，以交易所的公告为准，敬请投资者注意风险。"
就这样，金运激光步入军工领域了……,"https://guba.eastmoney.com/news,300220,136594199.html",2014-12-17 21:27:33,我就说嘛，哈哈，必有阴谋，哈哈哈哈哈，恭喜没割肉的朋友们了~
今日走势:低开的可能性比较高，继续横盘整理，尾盘拉升。[想一下][想一下][想一,"https://guba.eastmoney.com/news,300220,136893778.html",2014-12-19 08:44:27,今日走势:低开的可能性比较高，继续横盘整理，尾盘拉升。
收购“华为、联想两大品牌生产智能手机的ODM生产商”的申请已经得到了审核通过,"https://guba.eastmoney.com/news,300220,136422284.html",2014-12-17 10:52:51,"600203福日电子定向增发收购为华为、联想等众多著名品牌智能手机提供ODM服务的深圳中诺通讯有限公司的申请已经获得证监会审核通过，被收购方中诺通讯承诺并签署了业绩不达标将要补偿福日电子的协议，因此福日电子明年业绩飞涨，2015年净利润增收1亿以上，预测每股税后盈利0.6元/股以上，市盈率<15倍。

刻意打压形成了黄金坑后，在坑里正在伸出第二只脚-----中期上升行情即将正式开始！"
股价是高还是低？,"https://guba.eastmoney.com/news,300220,136709392.html",2014-12-18 12:46:57,看看复权后的价格就知道了！125了
这个狗庄阳寿不多了，在挣扎,"https://guba.eastmoney.com/news,300220,136712450.html",2014-12-18 13:05:17,
连成飞集成，獐子岛都不如，哈哈,"https://guba.eastmoney.com/news,300220,136673758.html",2014-12-18 10:37:00,
没什么了不起，两市军工票多得是[大笑],"https://guba.eastmoney.com/news,300220,136631282.html",2014-12-18 08:10:37,没什么了不起，两市军工票多得是
联手南京理工大学 金运激光推进3D打印应用,"https://guba.eastmoney.com/news,300220,136625005.html",2014-12-18 03:38:28,"金运激光 12月17日晚间公告称，公司与南京理工大学签署战略合作协议，双方拟加快3D打印技术在火药领域应用的研究开发。


　　根据协议，合作内容包括：开展双基及高能改性双基推进剂的3D打印成型技术研究；复合推进剂的3D打印成型技术研究；3D打印技术在发射药领域、火药包覆领域的相关技术研究。同时成立含能材料增材制造技术联合实验室。


　　金运激光表示，南京理工大学系长期从事国防教学与科研的全国重点高等院校，在火药研究领域具有国内领先水平。此次合作有利于增强南京理工大学在增材制造方面的技术水平和行业影响力，并提升公司在3D打印技术方面的行业地位和未来市场的核心竞争力。(来源:中国证券报) [点击查看原文]"
金运激光与南京理工签署3D打印战略合作协议,"https://guba.eastmoney.com/news,300220,136606289.html",2014-12-17 22:17:34,"金运激光(300220)17日晚间公告称，公司于12月17日与南京理工大学签署《战略合作协议》，双方拟加快3D打印技术在火药领域应用的研究开发进度等方面进行合作。
　　根据战略协议，双方合作内容包括：开展双基及高能改性双基推进剂的3D打印成型技术研究；开展复合推进剂的3D打印成型技术研究；开展3D打印技术在发射药领域、火药包覆领域的相关技术研究。
　　双方以南京理工大学的研发力量为主要依托，共同成立“含能材料增材制造技术联合实验室”。金运激光为联合实验室提供必要的日常运行费、科研合作费并提供设备制造方面的技术支持等，研究形成的技术成果双方共有。联合实验室主要从事含能材料包括双基推进剂、发射药、包覆材料等3D打印成型技术。南京理工工大学在军工和民用研发平台建设过程中优先采购公司制造的3D打印装备。
　　金运激光表示，南京理工大学系长期从事国防教学与科研的全国重点高等院校，在火药研究领域具有国内领先水平；公司为高速成长的民营上市公司，在3D打印方面已经有很好的开端，拥有较强成套装备制造技术能力，能够为南京理工大学提供较为雄厚的设备制造技术支持，双方秉承共同发展、诚信合作的宗旨就3D打印技术在火药领域应用技术研究形成战略合作伙伴关系。(来源:证券时报网) [点击查看原文]"
尾盘拉升，明天暴跌是一定的,"https://guba.eastmoney.com/news,300220,136495735.html",2014-12-17 14:39:38,
