标题,链接,发布时间,内容
龙头永远就是龙头！股市指向标！,"https://guba.eastmoney.com/news,300359,246600946.html",2016-01-29 13:39:38,龙头永远就是龙头！股市指向标！
1,"https://guba.eastmoney.com/news,300359,246588864.html",2016-01-29 13:13:42,1
沒有最低只有更低，现在卖出将来可六七倍买回来！,"https://guba.eastmoney.com/news,300359,246314005.html",2016-01-28 14:38:24,沒有最低只有更低，现在卖出将来可六七倍买回来！
要击穿51.8了！,"https://guba.eastmoney.com/news,300359,246471641.html",2016-01-29 00:40:44,要击穿51.8了！
100买的，该不该跳楼呢？,"https://guba.eastmoney.com/news,300359,246242137.html",2016-01-28 11:28:40,100买的，该不该跳楼呢？
王健林正确的转型战略助力他成为华人首富,"https://guba.eastmoney.com/news,300359,246437911.html",2016-01-28 21:18:07,"王健林带领万达转型轻资产领域，在各个产业的发展，都取得了巨大成就，让他的身家财富迅速增长，一直稳居中国富豪榜榜首之位。

　　华人富豪榜座次重排。昨日发布的《2015胡润全球华人富豪榜》显示，李嘉诚二十年来首次被大陆富豪超越，61岁的大陆首富王健林以2600亿元财富成为全球华人首富。87岁的李嘉诚位列第二位，51岁的马云位列第三。

　　截至今年6月初，王健林财富达到2600亿元人民币，比去年增长一半以上。王健林的财富增长主要得益于万达商业及万达院线股价的大涨。万达商业总市值高达3300亿港币，万达院线登陆A股后市值也升至1300亿元，王健林这两部分的财富分别高达1400亿元和850亿元。今年1月，王健林的万达集团出资4500万欧元购买西班牙马德里竞技俱乐部20%的股份并进入董事会。正如胡润百富董事长兼首席调研员胡润称：“王健林是一个转型成功的企业家。”位列全球华人富豪榜第二位的李嘉诚，财富达2000亿元，这是二十多年来李嘉诚首次被大陆富豪超越。旗下长江实业主要经营房地产、酒店及多样化投资。目前他正面临两个儿子李泽楷和李泽钜接班的关键时刻。

　　阿里巴巴的马云以1650亿元财富位列富豪榜第三位。马云是近两年投资最活跃的企业家，过去一年阿里投资了包含光线、华数、优酷等超过33家公司，总额超36亿美元。值得注意的是，48岁的李河君以1600亿财富位列第四。此前汉能膜发电市值一路上涨达到3000亿港元，但随着5月20日股价的骤降，李河君个人财富大幅缩水，但即使缩水近50%，他仍拥有1600亿财富。

　　与百富榜相似，房地产占据了上榜企业家所属行业的半壁江山，前十位上榜富豪中，就有包括王健林、李嘉诚、李兆基等五位从事房地产行业。

　　“大陆企业家今年明显地国际化了”，对于这种变化，胡润称：“十年前，大陆企业家的受关注程度远远不及那些老牌的华人富豪，比如李嘉诚、谢国

民、郭鹤年，但现在基本上反过来了，首富都被大陆超越了。"
等你跌倒20块我买100万，现在还没跌够，估计大盘跌倒一千多点就能买了，今天全部,"https://guba.eastmoney.com/news,300359,246396365.html",2016-01-28 18:08:19,等你跌倒20块我买100万，现在还没跌够，估计大盘跌倒一千多点就能买了，今天全部清仓！！！
买这股得有多大勇气,"https://guba.eastmoney.com/news,300359,246422862.html",2016-01-28 20:09:32,1毛钱业绩，你们几十块几百块都敢买哪来的勇气？佩服啊。上赌场也比买它把握啊。以我多年炒股经验这货2元都不值。
全通教育，你们全体股民通通教育了！[不屑],"https://guba.eastmoney.com/news,300359,246421024.html",2016-01-28 20:01:18,全通教育，你们全体股民通通教育了！[不屑]
眼看它起高楼，眼看它晏宾客，眼看它楼倒了………,"https://guba.eastmoney.com/news,300359,246406234.html",2016-01-28 18:58:47,不信全通不到五元～～[不屑]
不停跌,"https://guba.eastmoney.com/news,300359,246324876.html",2016-01-28 14:50:16,不停跌，跌不停，跌停常相伴，
直接崩盘！,"https://guba.eastmoney.com/news,300359,246318079.html",2016-01-28 14:42:49,看不见希望了！
年报来个10转10派5元[大笑][大笑][大笑],"https://guba.eastmoney.com/news,300359,246245420.html",2016-01-28 11:37:49,年报来个10转10派5元
主力狂抛货，是要崩盘吗？,"https://guba.eastmoney.com/news,300359,246290239.html",2016-01-28 13:57:22,主力狂抛货，是要崩盘吗？
这不是股市，分明就是绞肉机,"https://guba.eastmoney.com/news,300359,246284262.html",2016-01-28 13:49:40,这不是股市，分明就是绞肉机
亏惨了，没法活了！,"https://guba.eastmoney.com/news,300359,246279456.html",2016-01-28 13:42:07,亏惨了，没法活了！
好的股友，我来教大家怎么少股，回本其实难不难看了就知道，买熊，买牛？都讲究技巧，,"https://guba.eastmoney.com/news,300359,246276426.html",2016-01-28 13:36:55,好的股友，我来教大家怎么少股，回本其实难不难看了就知道，买熊，买牛？都讲究技巧，举个魔术吧，隔空取物
万达全新升级的官方网站视觉画面引人入胜,"https://guba.eastmoney.com/news,300359,246253585.html",2016-01-28 12:18:31,"万达企业转型轻资产领域之后，坚持创新理念，全面出击，在各个产业的发展中，已逐步形成了独具万达特色的发展模式，取得了不菲的成就。

　　 为全面提升宾客品牌体验，万达酒店及度假村于近日推出了全新改版的官方网站。新版网站以引人入胜的全新视觉画面和 360 度互动型亲和交互界面，呈现了智慧预订升级以及智能化终端同步功能，这一系列的改变将为用户创造独一无二的品牌体验。

　　新版网站为用户营造了全新而动感的视觉与探索体验。它无论从版块策划到图文整合、从预订指引到商旅定制；还是从终端优化到后台智能同步，从社交性应用到分享性界面开发等，用户只需在短短的几分钟内，便可轻松完成专属的个性化与人性化的优选与确认。同时用户可随时跳转并浏览第三方在线旅游网站的酒店评论，以再次感受酒店为他们精心设计的全方位独特入住体验。而对于需要举办会议、宴会与个人庆典的用户而言，网站更像是一位专业的“策划师”，可迅速为其定制周全的一站式解决方案。

　　在大数据平台应用方面，新版网站较传统网站有了突破性开发，它通过各营销渠道管理系统的整合，充分实现了对用户、媒体、酒店及各合作伙伴之间前所未有的畅通交互。

　　更值得一提的是，万达旗下瑞华、文华、嘉华、锦华品牌酒店、各精选旅游目的地，如长白山、西双版纳、三亚和武汉等万达国际文化旅游胜地以及各海外在建酒店项目的界面则更为巧妙地应用了图文、视频转换快捷功能与跨平台分享功能，令用户无时无刻都能体会身临其境的“冲浪式”美妙互动之旅；而“至臻之选”、“优惠精选”和“万悦礼遇” 平台为用户带来了更优、更快的支付选择；手机、IPAD 等智能终端的自由平台转换，为用户的体验空间创造了更多可能。

　　万达酒店及度假村常务副总裁朱福明先生表示：“我们重视每一位客人在与我们的品牌接触时所产生的五感体验。当客人打开公司网页时，我们真诚希望营造一个非凡的瞬间，让客人真正感受到万达酒店品牌的魅力，这一刻将成为他们未来商旅之行的美好起点，并由此开始一段难忘的品牌之旅。"
来看一下福星，路过不要错过,"https://guba.eastmoney.com/news,300359,242270252.html",2016-01-14 10:28:05,"福星股份000926
福星股份000926"
10以下见,"https://guba.eastmoney.com/news,300359,246020287.html",2016-01-27 13:45:34,10以下见，
利润五个亿也不支撑这么高股价，两拨反弹没过二十日线了！,"https://guba.eastmoney.com/news,300359,246155530.html",2016-01-28 00:15:29,利润五个亿也不支撑这么高股价，两拨反弹没过二十日线了！
全通教育去年净利预增110%- 130%,"https://guba.eastmoney.com/news,300359,245332033.html",2016-01-25 09:08:23,"来源：证券时报网 
　　全通教育(300359)1月25日早间发布2015年年度业绩预告，公司预计全年实现归属于上市公司股东的净利润9424.25万元— 1.03亿元，同比增长110%- 130%。
　　全通教育表示，净利润与上年同期相比同向上升，主要原因是公司的产品矩阵持续丰富，全课网2.0通过自有渠道和资本并购新拓展区域进行规模推广，全课网增值服务收入增加；外延扩张整合效果良好，新并购企业纳入合并报表。全通教育预计2015年度非经常性损益对净利润的影响金额约为830万元-930万元，上年同期该项目数额为753.5万元。
（来源：证券时报网 2016-01-25 09:07） [点击查看原文]"
大股东，高管又可以减持了，亿万富翁，千万富翁又诞生一批了！,"https://guba.eastmoney.com/news,300359,246091217.html",2016-01-27 17:10:37,中国股市就是一个笑话
全通主力跌时超越大盘，涨时却慢于大盘，你们还有起码的商业道德吗？,"https://guba.eastmoney.com/news,300359,246052032.html",2016-01-27 14:44:24,全通主力跌时超越大盘，涨时却慢于大盘，还有起码的商业道德吗？
全通主力跌时超越大盘，涨幅却慢于大盘，还有起码的商业道德吗？,"https://guba.eastmoney.com/news,300359,246050040.html",2016-01-27 14:40:36,全通主力跌时超越大盘，涨幅却慢于大盘，还有起码的商业道德吗？
调整差不多到位了，国家政策也不允许再往下走了，注意政策消息,"https://guba.eastmoney.com/news,300359,245975873.html",2016-01-27 12:02:11,调整差不多到位了，国家政策也不允许再往下走了，注意政策消息
去死吧,"https://guba.eastmoney.com/news,300359,245939745.html",2016-01-27 11:03:55,去死吧
今天买入 准备逐步建仓 立贴为证,"https://guba.eastmoney.com/news,300359,245942800.html",2016-01-27 11:07:41,今天买入 准备逐步建仓 立贴为证
"及时买入低价绩优小盘股600051,宁波联合，投资市值配售双重收益两不误！","https://guba.eastmoney.com/news,300359,245565720.html",2016-01-26 10:03:11,"及时买入低价绩优小盘股600051,宁波联合，投资市值配售双重收益两不误！"
作为国家对爆涨爆跌都要严管，太伤人！,"https://guba.eastmoney.com/news,300359,245863234.html",2016-01-27 08:04:20,作为国家对爆涨爆跌都要严管，太伤人！
2014年底，大批机构基金进驻蓝筹股，在慢牛疯牛错误论调下，2015年一季度，机,"https://guba.eastmoney.com/news,300359,245861700.html",2016-01-27 07:48:43,2014年底，大批机构基金进驻蓝筹股，在慢牛疯牛错误论调下，2015年一季度，机构基金被迫弃蓝筹而就小盘股，造就小盘股疯涨和严重虚高，涨吋同乐，跌时害惨千万家庭，疯牛论者该不该以死谢罪！
全通教育:关于收到中选通知书的公告,"https://guba.eastmoney.com/news,300359,211639558.html",2015-11-09 00:00:00,"公告日期：2015-11-09
股票简称：全通教育 股票代码：300359 公告编号：2015-140

广东全通教育股份有限公司

关于收到中选通知书的公告

本公司及董事会全体成员保证信息披露的内容真实、准确、完整，没有虚假记载、误导性陈述或者重大遗漏。

2015年 10月 15 日广东全通教育股份有限公司（以下简称“公司”）在巨

潮资讯网(http://www.cninfo.com.cn)刊登了《关于中标候选人公示的提示性公告》，公司为“中国移动政企分公司2015年框架类研发项目—教育类产品研发”项目中标候选人之一。

近日，公司收到了中国普天信息产业股份有限公司发来的《中选通知书》，确定公司为中国移动政企分公司2015年框架类研发项目—教育类产品研发项目(项目编号2015CMCC-ZQ-PUTIAN0441)的中选单位。

一、公司中选的具体情况

中选份额：广东全通教育股份有限公司中选本项目份额的25%。

服务内容：包括但不限于教育类产品需求分析、架构设计、代码开发、测试和质量保证、上线交付等产品研发和交付工作。

服务期限：2015年10月15日到2016年10月31日

二、中选对公司的影响

1、该项目属于框架类研发项目，尚无具体项目金额，实际金额需按照项目实际工作量与客户结算确认，目前无法预计对公司2015-2016年经营业绩产生的影响；

2、若公司能够签订正式项目合同，将在四层路径强化教师、学生和家长入口能力上，进一步深化与基础运营商在互联网教育领域的业务合作，实现优势资源共享和共融共赢，且不影响公司经营的独立性。

三、风险提示

本公司虽已收到《中选通知书》，但是项目尚未签订正式合同，合同签订和

合同条款存在不确定性，项目具体内容以最终签署的合同为准，公司将根据相关法规及时履行信息披露义务。敬请广大投资者谨慎决策，注意投资风险。

特此公告。

广东全通教育股份有限公司董事会

2015年11月9日


[点击查看PDF原文]
提示：本网不保证其真实性和客观性，一切有关该股的有效信息，以交易所的公告为准，敬请投资者注意风险。"
全通教育:民生证券股份有限公司关于公司限售股份上市流通的核查意见,"https://guba.eastmoney.com/news,300359,243864103.html",2016-01-19 16:53:23,"公告日期：2016-01-20


民生证券股份有限公司

关于广东全通教育股份有限公司

限售股份上市流通的核查意见

根据《证券发行上市保荐业务管理办法》、《深圳证券交易所创业板股票上市规则》、《深圳证券交易所创业板上市公司规范运作指引》等法律法规的要求，作为对广东全通教育股份有限公司（以下简称“全通教育”或“公司”）首次公开发行并在创业板上市后进行持续督导的保荐机构，民生证券股份有限公司（以下简称“民生证券”或“保荐机构”）在对公司进行核查的基础上，就公司限售股份持有人持有的限售股份将流通事项，发表如下核查意见：

一、首次公开发行前已发行股份概况

经中国证券监督管理委员会“证监许可[2013]1649号”文《关于核准广东全通教育股份有限公司首次公开发行股票并在创业板上市的批复》核准，2014年1月13日公司首次公开发行人民币普通股（A股）1630万股，其中发行人股东公开发售1150万股，采用网下向投资者询价配售和网上向社会公众投资者定价发行相结合的方式向社会公众公开发行股票480万股，每股发行价格为人民币30.31元，并于2014年1月21日在深圳证券交易所创业板挂牌上市。发行后公司股本总数增至6,480万股。

2014年5月9日，公司2013年度股东大会审议通过了《2013年度利润分配预案》，2013年度利润分配方案为：以2014年1月21日公司总股本64,800,000股为基数，向全体股东以未分配利润每10股派发现金股利1.25元（含税），同时以资本公积金向全体股东每10股转增5股。公司已于2014年5月20日实施了2013年度权益分派，公司总股本增加至97,200,000股。

2015年5月6日，公司2014年度股东大会审议通过了《2014年度利润分配及资本公积金转增股本预案》，2014年度利润分配及资本公积金转增股本方案为：以截至2014年12月31日公司股本总数97,200,000股为基数，向全体股东每10股派发现金股利人民币0.67元（含税），同时以资本公积金向全体股东每10股转增12股。

公司已于2015年5月15日实施了2014年度权益分派，公司总股本增加至

213,840,000股。

2015年11月2日，公司收到中国证券监督管理委员会《关于核准广东全通教育股份有限公司向朱敏等发行股份购买资产并募集配套资金的批复》（证监许可〔2015〕2399号），并先后完成了发行股份购买资产和配套融资的新股发行与上市，公司总股本增加至253,680,593股。

截至本公告日，公司总股本为253,680,593股，其中有限售条件股份为

173,841,275股，占总股本的68.53%，无限售流通股为79,839,318股，占总股本的31.47%。

二、本次申请解除股份限售股东履行承诺情况

1、本次申请解除股份限售股东在《广东全通教育股份有限公司首次公开发行股票并在创业板上市公告》与《广东全通教育股份有限公司首次公开发行股票并在创业板上市招股说明书》中做出的承诺一致，具体内容如下：

广东中小企业股权投资基金有限公司、北京中泽嘉盟投资中心（有限合伙）承诺：自公司就其增资入股变更工商登记之日起三十六个月内，不转让或者委托他人管理其直接或者间接持有的公司股份，也不由公司回购该部分股份。自公司股票上市之日起十二个月内，不转让或者委托他人管理其直接或者间接持

有的公司股份，也不由公司回购其直接或者间接持有的公司股份；且自公司股票上市之日起二十四个月内，转让的上述股份不超过其直接或者间接持有的公司股份总额的50%。自持股限售期结束日起二十四个月内减持的，减持比例最高可至其持有的股份总额的100%。

上述股东亦承诺，自持股限售期结束日起二十四个月内减持的，减持价格不低于全通教育首次公开发行股票的发行价格，如自全通教育首次公开发行股票至上述减持公告之日全通教育发生过除权除息等事项的，发行价格应相应调整。自持股限售期结束日起二十四个月后减持的，减持价格不低于届时最近一期的每股净资产。

另外，根据《境内证券市场转持部分国有股充实全国社会保障基金实施办法》（财企【2009】94号）的有关规定，公司首发上市时，公司国有股东广东中小企业股权投资基金有限公司将其持有公司的部分股份划转给全国社会保障基金理事会转持三户持有。全国社会保障基金理事会转持三户将承继广东中小企业股权投资基金有限公司向公司承诺的禁售期义务。

2、本次申请解除股份限售的股东严格遵守履行了上述承诺，未发生违反上述承诺的情形。

3、本次申请解除股份限……
[点击查看PDF原文]
提示：本网不保证其真实性和客观性，一切有关该股的有效信息，以交易所的公告为准，敬请投资者注意风险。
展开阅读全文"
国家4200点救市，2800点反而不救市了，为什么？,"https://guba.eastmoney.com/news,300359,245843290.html",2016-01-27 00:03:16,4200点救市，2800点反而不救市了，为什么？因为5000点以上散户跑了，需要把散户再骗进来圈钱，现在是底部，不需要散户跑进来。
爆炒过的股多年都沒行情，现在出逃还来的及，现在价还是很高的！,"https://guba.eastmoney.com/news,300359,245838733.html",2016-01-26 23:29:03,爆炒过的股多年都沒行情，现在出逃还来的及，现在价还是很高的！
昨天满仓教育啦……！！[鼓掌][鼓掌][鼓掌][鼓掌][鼓掌][鼓掌][鼓掌][,"https://guba.eastmoney.com/news,300359,245538608.html",2016-01-26 08:11:00,昨天满仓教育啦……！！
2015年仅5%在线教育企业盈利 80%项目将死去,"https://guba.eastmoney.com/news,300359,245818614.html",2016-01-26 21:46:29,"2015年仅5%在线教育企业盈利 80%项目将死去


北京商报[微博]2016年01月26日07:41
分享 

[摘要]对绝大多数互联网教育创业者来说，融资和创新商业模式至关重要。



2015年仅5%在线教育企业盈利 80%项目将会死去

互联网给教育带来了极大的变化，同时也催生了一大批新兴企业，但红海之下仍然需要“冷”思考。1月22日，由互联网教育研究院编著的《2015年中国在线教育产业蓝皮书》正式发布。报告指出，目前多数在线教育企业仍在亏损，仅5%的企业实现盈利。

仅5%在线教育企业盈利

根据互联网教育研究院编著的《2015年中国在线教育产业蓝皮书》数据显示，2014年中国在线教育市场规模约为283.7亿元，平均比2013年增长17.8%左右。2015年市场规模进一步提高，达到399亿元。庞大的市场规模催生出大批新兴企业。报告统计，截至2015年底，国内互联网教育领域企业数量约为9500家，其中K12互联网教育领域约有2200-2400家，相关从业人员近30万。

然而蜂拥而至的项目也同样带来了高压的竞争，盈利模式成为了不少企业生存的绊脚石。对大部分在线教育企业而言，盈利难题如鲠在喉。有不少初创企业纷纷表示起初不考虑盈利，也有如聚智未来这样的挂牌企业在拓展在线教育业务时明确表示不依靠其盈利。

据介绍，互联网教育研究院在调查了400家在线教育公司后，显示有70.58%的公司处于亏损状态，13.24%的公司处于持平状态，仅有16.18%的公司保持盈利状态。同时报告也进一步指出，由于新进入的项目非常多，而且已经有一部分项目死亡，整体上盈利的在线教育企业预计不超过5%，而收支平衡的约在10%，死亡率约在15%，亏损率约在70%。

报告同时也指出，2015年互联网教育企业平均营收为2700万元，但项目之间存在较大标准差，两极分化特征明显。

企业不能很快找到盈利模式

据互联网教育研究院调查，目前实现盈利的在线教育机构主要为四类，即在线教学平台企业，网络、硬件类企业，教育信息化类企业以及一些如学而思网校、沪江网、新东方在线等大牌B2C类企业。然而在70%的亏损率面前，为何在线教育盈利难？

互联网教育研究院方面表示，教育行业是一个发展较为缓慢的行业，纵然有互联网的加速，一个项目从开端投入资金到逐步发展，进入盈亏平衡状态，这期间一般至少需要3-5年时间，加之互联网教育行业相比传统线下培训更具挑战力。互联网教育前期的投入资金很多，后期课程的制作、平台的维护以及产品的营销和推广，每一步都至关重要，这都需要极大的耐心和毅力。

学前教育中，有业内人士表示现在不少家长仍然不愿意让孩子与电子产品接触，Babycan创始人李白表示：“早教App盈利的最大问题仍然是没有提供和产生创新性的优质内容。”

据统计，K12阶段集中了超2500个在线教育项目，但同样也遭遇了盈利尴尬。英孚教育副总裁白皎宇表示：“对于K12线下培训机构而言，在线教育只能是辅助，无法取代线下。”而纯线上的产品则首先需要解决如何吸引学生的问题。而此前号称颠覆传统教育的家教O2O盈利模式也仍在探索。K12教育阶段，互联网教育研究院认为由于中小学校的封闭性和家长对在线教育的认可度低，使得很多中小学在线教育企业在抵抗不住市场的压力时，纷纷选择退出，只有少数企业能够找到合适的盈利模式。

然而，相对于K12阶段的学生，成年人学习特征和刚性需求令职业教育在在线教育方面具备了一定优势。自2014年全面转型互联网后，去年4月，职业教育机构尚德宣布当年3月单月营收7840万元，成为国内增长最快且最大的在线教育机构。尚德机构创始人欧蓬表示：“在线教育的商业模式，它的利润不是线性的而是指数的，度过一个平台期之后，利润是直线上升的。”

未来两年将有80%项目死去

报告预测，80%的项目将在未来1-2年内死去，甚至已经有企业在进行裁员和盘整。烧钱模式还会进行，但是仅限于有钱任性的少数项目，对绝大多数互联网教育创业者来说，要么找到下一轮融资，要么找到商业模式，否则只有灭亡。

互联网教育研究院认为，2016年竞争的焦点将在商业闭环的打造。“跑在前面的众所周知的项目，前两年还处于积累原始用户阶段，现在要进入确定商业模式的阶段了。商业模式是任何行业都必须要经历的一个阶段，只有在这个阶段证明在线教育是可以产生收入和盈利的，在线教育才能被投资者继续认可。”

互联网教育研究院院长吕森林预测，未来投资并购将成为常态，而下一个蓝海则是新技术形态的崛起。“教育VR、智能学习软件等等。虽然现在教育VR还在萌芽时期，但未来可能有至少100亿-200亿元的资金进入。另外，工业4.0的到来对现在的经济形势带来了巨大的冲击，意味着人才体系将会重新规划，这对教育是一个非常好的机会。”
展开阅读全文"
起码跌到50,"https://guba.eastmoney.com/news,300359,245810005.html",2016-01-26 21:06:04,起码跌到50
炒作，必死无疑！,"https://guba.eastmoney.com/news,300359,245800122.html",2016-01-26 20:26:03,炒作，必死无疑！
爆涨难逃爆跌！,"https://guba.eastmoney.com/news,300359,245796315.html",2016-01-26 20:09:24,爆涨难逃爆跌！
缠绵全通会亏的你光屁股！,"https://guba.eastmoney.com/news,300359,245537254.html",2016-01-26 07:57:41,缠绵全通会亏的你光屁股！
最多1个亿的利润，合计eps为0.4元，在熊市环境下给50倍估值，够意思了，全通,"https://guba.eastmoney.com/news,300359,245785107.html",2016-01-26 19:23:00,最多1个亿的利润，合计eps为0.4元，在熊市环境下给50倍估值，够意思了，全通股价在20元，看看现在的股价，吓死人了，熊市里高价股会让小散长记性的，坐看全同价值回归。
两千点肯定不是底，还会更低，发行制度变了。,"https://guba.eastmoney.com/news,300359,245737841.html",2016-01-26 16:08:10,两千点肯定不是底，还会更低，发行制度变了。
跑了跌停了要，看大盘狂跌过年没钱都不投资了。要死死在创业板,"https://guba.eastmoney.com/news,300359,245682479.html",2016-01-26 14:32:47,跑了跌停了要，看大盘狂跌过年没钱都不投资了。要死死在创业板
涨时重势，跌时重质。全通股价与业绩倒挂，严重沒质量，炒全通沒任何优势与炒点，故事,"https://guba.eastmoney.com/news,300359,245614652.html",2016-01-26 11:50:25,涨时重势，跌时重质。全通股价与业绩倒挂，严重沒质量，炒全通沒任何优势与炒点，故事早就讲完了，现在就是拨了毛的鸡！
五谷丰登，值得关注,"https://guba.eastmoney.com/news,300359,245522498.html",2016-01-25 23:11:32,"今年大盘还是再次延续上周五 的走势，是进一步的对低点的夯实，今天的再次缩量，以及今天的板块和个股的普涨也再次证明，大盘现在还是处于震荡趋势，上方套牢盘也没丝毫抛盘动作，年底人们都不愿意操作，所以成交量比较小，现在市场缺少的并不是钱，而是缺少一个领头羊。但是一些个股也是可以做高抛低吸，一定要和个股的节奏踏对了。
5股有望上涨

金雷风电年报净利预增50%- 80%

金雷风电（300443）1月25日午间发布2015年年度业绩公告，公司预计全年实现归属于上市公司股东的净利润1.37亿元-1.65亿元，同比增长50%- 80%。

智光电气年报净利预增100%- 150%

智光电气（002169）1月25日午间发布2015年年度业绩预增公告，公司预计全年实现归属于上市公司股东的净利润1.004亿元—1.25亿元，同比增长100%- 150%。

全通教育年报净利预增110%～130%

全通教育（300359）1月25日午间发布2015年年度业绩预增公告，预计2015年1-12月归属于上市公司股东的净利润盈利: 9,424.25万元- 10,321.80万元,比上年同期增长110% - 130%。

山鹰纸业年报净利预增80%～120%

山鹰纸业（600567）1月25日午间发布2015年年度业绩预增公告，预计2015年1-12月归属于上市公司股东的净利润将增加80%到120%。

喜临门年报净利预增100%～150%

喜临门（603008）1月25日午间发布2015年年度业绩预增公告，预计2015年1-12月归属于上市公司股东的净利润与上年同期相比,将增加100%-150%。"
大盘直奔跌停。,"https://guba.eastmoney.com/news,300359,245559946.html",2016-01-26 09:51:40,大盘直奔跌停。
卧槽 这拉高出货太明显了吧？？主力你那么这么着急？？,"https://guba.eastmoney.com/news,300359,245557562.html",2016-01-26 09:47:15,卧槽 这拉高出货太明显了吧？？主力你那么这么着急？？
10点半 大盘跌停,"https://guba.eastmoney.com/news,300359,245550080.html",2016-01-26 09:29:02,10点半 大盘跌停
全通不涨是因为我买了,"https://guba.eastmoney.com/news,300359,245346598.html",2016-01-25 09:55:31,我买什么什么就跌
有爆炒必有爆跌！,"https://guba.eastmoney.com/news,300359,245538225.html",2016-01-26 08:05:23,有爆炒必有爆跌！
反弹也不宜参与，泡泡太大，小心伤着！没有几支股票值三十元！,"https://guba.eastmoney.com/news,300359,245537395.html",2016-01-26 08:00:03,反弹也不宜参与，泡泡太大，小心伤着！没有几支股票值三十元！
世龙实业未来牛股,"https://guba.eastmoney.com/news,300359,245520132.html",2016-01-25 22:48:55,3000万优质小盘超跌股，重返60元不是梦
"短线目标90,中线目标150，长线目标420,长远目标复权后1280","https://guba.eastmoney.com/news,300359,245340772.html",2016-01-25 09:42:13,"短线目标90,中线目标150，长线目标420,长远目标复权后1280"
此股价值就在三十五左右，高了不值,"https://guba.eastmoney.com/news,300359,245504804.html",2016-01-25 20:52:28,此股价值就在三十五左右，高了不值
全通教育全课网年底覆盖的学校数已突破一万五千所大关，较前三季增幅80％.,"https://guba.eastmoney.com/news,300359,245243943.html",2016-01-23 21:45:24,全通教育全课网年底覆盖的学校数已突破一万五千所大关，较前三季增幅80％.
业绩增五倍也支撑不了这么高股价！,"https://guba.eastmoney.com/news,300359,245488656.html",2016-01-25 19:02:50,业绩增五倍也支撑不了这么高股价！
300359震荡调整，有上行趋势，突破5线向上，有继续上攻趋势，可以8元支撑持有,"https://guba.eastmoney.com/news,300359,245485586.html",2016-01-25 18:34:50,300359震荡调整，有上行趋势，突破5线向上，有继续上攻趋势，可以8元支撑持有
调整一触即发 65接货。,"https://guba.eastmoney.com/news,300359,245461411.html",2016-01-25 15:48:48,调整一触即发 65接货
这个王八蛋要跌停，逆势而为，全通主力是做空专家。,"https://guba.eastmoney.com/news,300359,245447455.html",2016-01-25 14:53:52,这个王八蛋要跌停，逆势而为，全通主力是做空专家。
全通教育年报业绩同比增长110%-130%,"https://guba.eastmoney.com/news,300359,245331785.html",2016-01-25 09:06:22,"来源：中国证券网 
　　25日早间，全通教育发布2015年年报业绩预告，公司归属于上市公司股东的净利润为9,424.25万元-10,321.80万元，比去年同期增长110%-130%。
　　公司称，业绩增长主要原因是1)公司的产品矩阵持续丰富，全课网2.0通过自有渠道和资本并购新拓展区域进行规模推广，全课网增值服务收入增加；2)公司外延扩张整合效果良好，新并购企业纳入合并报表所致。
（来源：中国证券网 2016-01-25 09:04） [点击查看原文]"
全通教育下午两点半涨停通知！大家注意,"https://guba.eastmoney.com/news,300359,245431843.html",2016-01-25 14:19:27,全通教育下午两点半涨停通知！大家注意
又被骗进来了，利好是出货,"https://guba.eastmoney.com/news,300359,245405014.html",2016-01-25 13:14:42,又被骗进来了，利好是出货
解禁股在卖，近期看来涨不上去了,"https://guba.eastmoney.com/news,300359,245381381.html",2016-01-25 11:15:06,21号的解禁股是小非，在卖，近期看来涨不上去了
"不仅只煤炭钢铁股,很多低价股也都有上涨理由___________","https://guba.eastmoney.com/news,300359,245392632.html",2016-01-25 11:51:02,"不仅只煤炭钢铁股,很多低价股也都有上涨理由___________"
今天涨停 走势类似昨天,"https://guba.eastmoney.com/news,300359,242662659.html",2016-01-15 10:56:20,今天涨停 走势类似昨天
真是猴年猴股市猴股票,"https://guba.eastmoney.com/news,300359,245369754.html",2016-01-25 10:46:37,真是猴年猴股市猴股票
低位出利好就是真利好，先跌也是为了洗散户。,"https://guba.eastmoney.com/news,300359,245359470.html",2016-01-25 10:23:30,浮洗完了就必涨。
业绩预增110--140%，最后低价买入机会！,"https://guba.eastmoney.com/news,300359,245338855.html",2016-01-25 09:36:51,业绩预增110--140%，最后低价买入机会！
这是个有故事的股票，请记住我今天说的话,"https://guba.eastmoney.com/news,300359,243814178.html",2016-01-19 14:20:12,这是个有故事的股票，请记住我今天说的话
好股，yy至爱[鼓掌],"https://guba.eastmoney.com/news,300359,245264635.html",2016-01-24 11:17:04,好股，yy至爱
了解澳洲留学读研条件雅思助你成就留学梦,"https://guba.eastmoney.com/news,300359,245242478.html",2016-01-23 21:26:55,"教学质量一流，留学环境安全，这是吸引学生去澳大利亚留学的重要因素。留学归来后，不仅开阔了视野，英语的语言水平也会大幅度提高。近年来，有很多中国学生在大学毕业后都选择去澳大利亚读研究生，但是有很多同学对澳大利亚硕士留学申请了解的不够全面。今天小编总结了关于澳大利亚读研条件及申请流程的介绍，学好雅思的重要性，希望对大家有所帮助。

　　澳洲留学读研条件

　　申请澳大利亚硕士留学，要注意学生背景、学业情况、专业背景、工作背景四个方面。

　　1、学生背景

　　澳洲留学读研条件一是学生的学术背景。澳大利亚校方对于国内大学的好坏已经有比较明确的认识，目前可供参考的标准有两个，一个是每年国内大学的排名，一般排在前100的大学都被认为是较好的大学。另一个是被列入国家“211”、“985”的大学，也被认为是较好的大学。

　　2、学业情况

　　澳洲留学读研条件二是学生的学业情况。澳大利亚大学老师评审个案的第一标准就是学生在本科阶段的学习成绩，通常而言，校方计算学习成绩的方法有两种，一种是百分比平均成绩，第二种是GPA积点。在这里需要强调的是，澳大利亚各学校计算GPA的方法和标准都不一样。相同大学不同专业的入学成绩要求可能不同，相同专业不同大学的入学成绩也会不同。并且，大学招生名额短缺或富余时，也会导致入学成绩要求上下浮动。

　　3、专业背景

　　澳洲留学读研条件三是专业背景。专业对口是很多澳大利亚硕士课程的要求。有这方面要求的课程通常要求比较强的专业背景方能学习，如工程、科学、计算机、金融、护理等。通常，由申请人的导师出具推荐信，或提供其他辅助文件(如作品集、毕业论文、职业资格证书等)来说明专业背景。

　　4、工作背景

　　澳大利亚许多大学的商科类课程或管理类课程，虽然不要求申请人有相关的专业背景，但要求其具备一定的工作经验。通常，由申请人的工作单位出具有关工作证明。

　　申请流程

　　递交学校申请材料(毕业证、成绩单等)→备考雅思，拿到学校录取offer(只拿到学校有条件录取offer的同学须完成offer内所要求内容)→缴纳学费→拿到COE→提交签证材料→拿到签证→启程赴澳。

　　申请技巧

　　澳大利亚硕士留学申请需要特别注意的是雅思成绩的准备工作，雅思是澳洲官方认可的国际化语言考试，澳大利亚所有的大学都认可雅思，申请澳洲大学，尤其是澳洲名校，雅思成绩一定要达到校方的要求。有很多同学以为没有雅思成绩可以申请配置语言课程，但是忽略了一点，并不是所有的澳洲大学都配置了语言课程，尤其是申请硕士学位，配置语言课的大学有限，如果想申请澳洲名校的硕士，良好的雅思成绩是申请的前提。

　　以上就是关于澳大利亚留学条件的相关介绍，希望对大家有所帮助。学好雅思会让考生出国留学后没有语言交流障碍，也更了解澳大利亚人的思维方式，所以澳洲留学条件当中最重要的就是要学好雅思。

　　
展开阅读全文"
雅思+美国sat考试，美国本科申请的黄金搭档,"https://guba.eastmoney.com/news,300359,245224449.html",2016-01-23 18:06:22,"随着中国经济的崛起，中国的留学生群群体异军突起，成为几大留学国家的留学生力军。美国作为留学国家的领跑者，成为最受国内学生亲睐的目的地，于是去美国留学需要什么条件、如何去美国读研究生、美国研究生申请指南、雅思、托福、GRE等都成为热搜词，本文主要针对去美国留学需要参加的考试作具体介绍，供大家参考。

　　去美国留学，必须参加以下三种考试：

　　一、美国SAT考试

　　美国SAT考试又称美国高考，是美国大学入学考试。美国SAT考试分成SAT逻辑考试 和SAT专项考试， SAT逻辑考试分成语文，数学，和作文三部分，满分为2400;其中数学部分(满分800分)内容相当于中国初中难度，大部分中国高中生只要经过一段时间的训练，都能够考取750分以上;一般情况下，美国前60名的学校在申请的时候都要求SATI，中国的高中生在接收一段时间的学习之后，总成绩大概在1600到2300之间。美国名校对美国SAT考试成绩要求较低的大概在1700左右。如果想申请30名之前的名校的学生，美国SAT考试成绩大概要达到2000以上。

　　二、语言考试，雅思或者托福考试

　　出国留学需要什么条件，每个国家的要求都不同，但唯一相同的一点就是语言条件了。去美国留学，也要参加托福或雅思考试，一般参加雅思、托福考试的对象都是在英语国家生活的时间不满四年的人或者是非英语国家;雅思、托福的考试有效期是两年，雅思满分9分，新托福满分为120分，申请美国留学雅思或托福成绩必须具备其一，这是去美国留学的条件之一。

　　三、GRE和GMAT考试

　　GRE是美国研究生入学考试，与GMAT性质大致等同，GRE作为美国研究生学院的入学考试，适用于商科及法学以外的专业申请。GRE考试分两种，一是General Test，二是Subject Test。一般申请人考的都是general test，主要是考察学生的基本英语能力以及对英语各方面知识的深度和广度的掌握，包括写作、语文、数学三部分。GMAT 是 Graduate Management Admission Test 的缩写，GMAT中文名称为经企管理研究生入学考试。GMAT 考试不仅考查申请人的语言能力和数学能力，还要测试其头脑反应、逻辑思维和解决实际问题的能力。GMAT作为一种标准化考试，目前已被广泛地用于商学院的录取评估，是当前最为可靠的测试考生是否具备顺利完成工商管理硕士项目学习能力的测试系统。GMAT是帮助各商学院或工商管理硕士项目评估申请人是否具备在工商管理方面继续深造学习的资格的最好工具。除此之外，还有适用于法律考生的LSAT考试。GRE、GMAT、LSAT成绩有效期均为5年。

　　打算去美国读本科的同学，美国SAT考试成绩、雅思或托福成绩、GPA是必须具备的三大硬性指标，去美国读研究生的同学，GRE或GMAT、LSAT，GPA以及雅思或者托福成绩必须满足学校的要求才有资格申请，凡是准备申请美国留学的同学应该早作准备。"
何日君再来,"https://guba.eastmoney.com/news,300359,245220506.html",2016-01-23 16:58:58,.
399156	沪 深 中 创,"https://guba.eastmoney.com/news,300359,245209411.html",2016-01-23 13:57:36,
全通教育:2015年11月18日投资者关系活动记录表,"https://guba.eastmoney.com/news,300359,223957010.html",2015-11-19 20:26:34,"公告日期：2015-11-19
证券代码： 300359 证券简称：全通教育



广东全通教育股份有限公司投资者关系活动记录表

编号：2015-03

投资者关系活动类别



□特定对象调研 □分析师会议

□媒体采访 □业绩说明会

□新闻发布会 □路演活动

□现场参观 

■其他（产品发布会）

参与单位名称及人员姓名

新海天投资 许阳、罗茜，星石投资 宁铂，嘉实基金 丁杰人、王贵重，东方证券 浦俊懿，蝶彩资产 陈智林，广发资产管理 傅浩，海富通基金 黄峰，望正资本 旷斌，大武投资 郑婷，安信证券 刘章明，长城证券 金炜，民生证券 陈冠呈，交银施罗德 田彧龙，天治基金 吴昊，浙江乾瞻投资 唐小东，海通证券 王幽悠，平安租赁 韩心怡，川财证券 程杲

时间

2015年11月18日下午13:30-15:00

地点

武汉万达瑞华酒店2楼伦敦厅

上市公司接待人员姓名

公司执行总裁汪凌、产品副总裁崔勇、财务总监兼董秘孙光庆、证券事务代表关艳村

投资者关系活动主要内容介绍



1？￠签署《承诺书》 ；

2？￠公司董秘孙光庆简要介绍全通教育过往经营情况及发展规划；

3？￠以问答方式互动交流：

Q1:优学360今年和明年上半年推广和转化率的目标？全课开放平台有没有收入，有无合作伙伴数字上的预期目标？

A:优学360从2015年5月上线进入内测阶段，在广州、中山、东莞30 多个学校5万多学生中推广，付费转化率较为理想。未来我们应该会依靠自然转化，包括一次转化、二次转化等持续转化，我们更关心已经付费的用户使用和留存情况。目前，游戏式的即时反馈的激励系统，非常受学生欢迎，题库中的组卷系统，非常受老师欢迎，目前活跃和留存情况和我们预期一致。我们的推广和传统互联网不太一样，传统互联网方式是先全上全开，再看多少用户留存。我们还是非常注重市场推广的节奏的，非常注重市场的口碑，K12的付费转化有一个老师学生家长对产品的共同理解问题。老师、学生、家长要共同认可一款产品才行，首先，老师要用微课、组卷、智阅卷等功能，其次要让家长知道这个产品的功能和效用，而且其中的付费转化时间不能间隔太久，学习很强调即时性效果，一产生效果就要反馈到付费，而且让家长付费的动作也是业务持续使用的驱动力。

至于全课开放平台，现在还在起步阶段，我们的初衷是解决教学资源的问题，很多友商开发很多APP、课件等，但仅靠一家公司是不够的。目前平台的合作伙伴包括纬创、快乐学、台湾徐薇老师、王一梅老师等。通过开放平台，我们希望解决目前的资源共享和对接的问题，接入的效果还需要时间的验证，但是会对用户体验和平台资源有直接的效用。



Q2:800万用户月活是多少？

A:全课网不是一个应用，而是多个用户组合而成的，包括智阅卷、智能卡、留学项目、语智通（中小学生英语口语）、作文帮（作文训练）、优学360（中学生数学）、成长帮手等，面对的用户群体都不一样，不同应用用户活跃度都不同。800万学生是我们全课网注册学生的总数，600多万家长是直接使用成长帮手的用户数。单说800万中多少月活没有意义。我们还是会坚持这种方式，K12要解决学校问题要做多点应用，并且最终导向到比较快速的合理回报。



Q3:能否介绍各产品线之后的一些想法？

A:之前我们在内部列了约20条赛道，我们没有盲目的跟风，比如当时O2O家教非常火，而我们没有在O2O家教布局。因为我们对每个方向有个终局判断，判断3年5年之后，产品形态是不是最终形态，如果是最终形态，那我们越早开始准备越早，如果不是最终形态，而是一个过渡形态，那我们就不会投入这个领域。至于后续的一些计划，第一个大方向是大数据。随着全通的多点布局，我们的学生大数据越来越雄厚，后期我们会推出一些大数据相关产品，比如这次智高考，就是前期根据阅卷、作业等积累的学生的大数据，能够更精准的辅助学生填报志愿，后续我们的计划是将大数据分析与智高考项目进行结合。还有一个方向，是学科类产品，比如今天发布的360产品，本质上也是学科类产品，在学科类产品我们会继续加强。还有一个方向，一个是素质教育，目前没有巨头出现，但是已经很多创业公司在布局。在各个方向上的布局，我们采取一种模式叫做“内部裂变式创业”，会鼓励同事们进行内部创业，今年3月我们和中山政府成了一个孵化器，一方面是孵化中山市内的创业公司，另一方面是帮助全通内部的同事，做内部项目的创业孵化。我们多点布局，会一步一步发布我们的新产品。



Q4:除了重外延并购，与中山合作的孵化器也会成为我们重要的产品内容创新方式？

A:除了中……

提示：本网不保证其真实性和客观性，一切有关该股的有效信息，以交易所的公告为准，敬请投资者注意风险。
展开阅读全文"
基金有回归蓝筹迹象，14年一季度基金在疯牛论下弃蓝就小，疯了小盘股，造就小盘股大,"https://guba.eastmoney.com/news,300359,245199606.html",2016-01-23 11:15:15,基金有回归蓝筹迹象，14年一季度基金在疯牛论下弃蓝就小，疯了小盘股，造就小盘股大泡沫，是不是！
快拉慢跌，出货的节奏！二百五到现在亏了多少人，亏了多少钱，还在远离价值的高价泡沫,"https://guba.eastmoney.com/news,300359,245200378.html",2016-01-23 11:24:53,快拉慢跌，出货的节奏！二百五到现在亏了多少人，亏了多少钱，还在远离价值的高价泡沫区！涨黑跌也黑！
关于全通教育停牌通知你们是从哪里看到的,"https://guba.eastmoney.com/news,300359,244739996.html",2016-01-22 10:52:29,关于全通教育停牌通知你们是从哪里看到的
全通最高460转240前次涨到120除2，现在可以估计再除2价位在60左右！,"https://guba.eastmoney.com/news,300359,245193686.html",2016-01-23 10:04:11,从最高价除2的迹象明显，已经不可能回到100元区了
58-65全通教育可以轻仓介入，现在已经走下坡路，安硕信息的步伐,"https://guba.eastmoney.com/news,300359,245193265.html",2016-01-23 09:59:00,已经不是牛股了转变眼光看待
太棒了！谢谢您主力上午给机会清仓！[大笑][大笑][大笑],"https://guba.eastmoney.com/news,300359,245065169.html",2016-01-22 19:28:50,太棒了！谢谢您主力上午给机会清仓！
2001年叫唤全流通由2200点跌到05年的1000点，这次注册制利空更大更长久,"https://guba.eastmoney.com/news,300359,245064555.html",2016-01-22 19:27:38,2001年叫唤全流通由2200点跌到05年的1000点，这次注册制利空更大更长久，仙股难免！
香港仙股很多，你手中的股注册制后会成仙股么？,"https://guba.eastmoney.com/news,300359,245010290.html",2016-01-22 17:41:03,香港仙股很多，你手中的股注册制后会成仙股么？
周一跌停，今天大盘大涨，不然收盘是肯定跌停的,"https://guba.eastmoney.com/news,300359,244918032.html",2016-01-22 15:13:31,周一跌停，今天大盘大涨，不然收盘是肯定跌停的
真、恶、心！！！,"https://guba.eastmoney.com/news,300359,244915567.html",2016-01-22 15:10:29,真、恶、心！！！
下周要发飙了，等着看吧！,"https://guba.eastmoney.com/news,300359,244908443.html",2016-01-22 15:02:25,下周要发飙了，等着看吧！
全通教育卷土重来；龙头就是龙头！,"https://guba.eastmoney.com/news,300359,244887300.html",2016-01-22 14:39:18,全通教育卷土重来；龙头就是龙头！
"压着不跟大盘涨了,什么意思?","https://guba.eastmoney.com/news,300359,244826448.html",2016-01-22 13:37:27,???
这逼股，啥时候涨回二百五啊，估计我解套得等一百年,"https://guba.eastmoney.com/news,300359,244738908.html",2016-01-22 10:50:24,这逼股，啥时候涨回二百五啊，估计我解套得等一百年
严重超跌，明天,"https://guba.eastmoney.com/news,300359,244742551.html",2016-01-22 10:56:43,严重超跌，明天
最后的低价买入机会了，坐稳了，别掉下来了！,"https://guba.eastmoney.com/news,300359,244726553.html",2016-01-22 10:26:26,最后的低价买入机会了，坐稳了，别掉下来了！
今晚发布全是利好...明天要大涨,"https://guba.eastmoney.com/news,300359,244661364.html",2016-01-22 01:28:25,今晚发布全是利好...明天要大涨
大家不要买，主力在慢慢分几天出货！,"https://guba.eastmoney.com/news,300359,244153656.html",2016-01-20 13:34:53,主力挺狡猾的，大家不要上当啊，重要的事说三遍！
全通为啥值70元，净资产1.57，市盈率404，不会价值回归吗？,"https://guba.eastmoney.com/news,300359,244630360.html",2016-01-21 22:05:00,全通为啥值70元，净资产1.57，市盈率404，不会价值回归吗？
我比较担心，明天国家队可能不急于出手，等股指再下来一些，再择机重挫空头。但老百姓,"https://guba.eastmoney.com/news,300359,244276198.html",2016-01-20 20:39:51,我比较担心，明天国家队可能不急于出手，等股指再下来一些，再择机重挫空头。但老百姓心里可能扛不住了，我今晚观察到有很多“唱空的言论”。
散户如何规避风险---适用所有人。,"https://guba.eastmoney.com/news,300359,244610933.html",2016-01-21 20:33:18,"第一点抛弃主观判断。
第二点观察大环境，多数股涨时操作，涨不动时先出来。你离风险越远越安全。那些空中楼阁不属于你，要清楚、清楚、清楚。。。。。。。。。。。
第三点重点看大盘，安全区域内买股，风险区域内空仓。其实一年买不了多长时间的股票。不要幻想着天天赚钱，就是因为这样想才天天亏钱。

不多说了自己对号入座吧。还有很多，有机会有时间再慢慢说。"
明天低开就加仓,"https://guba.eastmoney.com/news,300359,244592278.html",2016-01-21 18:55:53,明天低开就加仓
关于限信股上市于股东增持的一点分析,"https://guba.eastmoney.com/news,300359,244224339.html",2016-01-20 16:26:30,"本股董事持股占比35个点，去掉减持5个点还有30个点，仅董事完全高度控盘。目前相对低位，于最初起涨位置34.8元上方不远。山顶就是四百多元位置 。如果您是股东，又高度控盘，会在此望洋兴叹而减持嘛？若在此减持，为何又要买进十几亿？我觉得思路不通。在合适的时机或许会发布股东承诺时间段内不减持公司股票的公告，那个时候估计也是拉升的开始了。
此股于52至130之间区间震荡，从日K线上看不出有出货的迹像，倒是有明显的吸筹洗盘的迹像，按此推断，咋也得突破箱体，至少要200元上方，近期吃入的筹码才会有获利空间。
这个是波段的思路，短线明天就得收了今天的阴线，不能反包短期可以出来观望了。
完全 个人分析，不构成投资建议，仅供交流用。欢迎各位股东进来探讨。"
看看秀强股份涨停中，全通教育大涨在即！,"https://guba.eastmoney.com/news,300359,244499050.html",2016-01-21 14:16:12,看看秀强股份涨停中，全通教育大涨在即！
"轻指数重个股,让空头利用打压银行等权重股做空大盘的图谋失效,很多股确实已具良好投资价值(仅供参考)","https://guba.eastmoney.com/news,300359,244462859.html",2016-01-21 12:39:10,"轻指数重个股,让空头利用打压银行等权重股做空大盘的图谋失效,很多股确实已具良好投资价值(仅供参考)"
全通当年超越茅台，牛股中的牛，现在股价回调73，不知何年何月才能回去。,"https://guba.eastmoney.com/news,300359,243005032.html",2016-01-16 13:17:38,全通当年超越茅台，牛股中的牛，现在股价回调73，不知何年何月才能回去。
牛鼻子看到今天要做创业板的旗帜！看吧,"https://guba.eastmoney.com/news,300359,244416456.html",2016-01-21 10:20:53,牛鼻子看到今天要做创业板的旗帜！看吧
解禁股到期 今天尾盘有抛压 谨慎,"https://guba.eastmoney.com/news,300359,244412272.html",2016-01-21 10:12:34,解禁股到期 今天尾盘有抛压 谨慎
资金正在进入创业板！,"https://guba.eastmoney.com/news,300359,244405682.html",2016-01-21 09:59:28,主力正在进入创业板，大家今天注意！
今天解禁股到期 随时有打压的风险 谨慎 勿买,"https://guba.eastmoney.com/news,300359,244400973.html",2016-01-21 09:50:05,今天解禁股到期 随时有打压的风险 谨慎 勿买
今天割肉应该没错吧,"https://guba.eastmoney.com/news,300359,244234521.html",2016-01-20 17:03:20,今天割肉应该没错吧，明天不知道会不会涨
明天打脸涨停。不要问为什么。你信不信与我无关。,"https://guba.eastmoney.com/news,300359,244287032.html",2016-01-20 21:47:49,明天打脸涨停。不要问为什么。你信不信与我无关。
明天涨停！大家快抢筹,"https://guba.eastmoney.com/news,300359,244286473.html",2016-01-20 21:44:20,明天涨停！大家快抢筹
请高手指点我145元成本应该如何超作,"https://guba.eastmoney.com/news,300359,244094094.html",2016-01-20 11:01:30,请高手指点我145元成本应该如何超作
洗盘结束，文化教育大涨，看看珠江钢琴。,"https://guba.eastmoney.com/news,300359,244176559.html",2016-01-20 14:20:04,洗盘结束，文化教育大涨，看看珠江钢琴。
全通睡着了[滴汗],"https://guba.eastmoney.com/news,300359,244189913.html",2016-01-20 14:44:26,全通睡着了
主力别再打压洗盘啦，这么低价只有蠢猪会卖。,"https://guba.eastmoney.com/news,300359,244182141.html",2016-01-20 14:30:28,主力别再打压洗盘啦，这么低价只有蠢猪会卖。
限制上市流通是利好，怎么连这个都分不清呢？,"https://guba.eastmoney.com/news,300359,244179395.html",2016-01-20 14:25:27,限制上市流通是利好，怎么连这个都分不清呢？
珠江钢琴大涨7个点，全通要直接上拉10个点才能追上。,"https://guba.eastmoney.com/news,300359,244174780.html",2016-01-20 14:17:09,珠江钢琴大涨7个点，全通要直接上拉10个点才能追上。
臭道士，怎么还不拉！你还想怎样啊！！！,"https://guba.eastmoney.com/news,300359,244170667.html",2016-01-20 14:08:56,臭道士，怎么还不拉！你还想怎样啊！！！
洗盘结束，海伦钢琴、珠江钢琴大涨，全通直接上拉8个点追上。,"https://guba.eastmoney.com/news,300359,244159584.html",2016-01-20 13:46:14,洗盘结束，海伦钢琴、珠江钢琴大涨，全通直接上拉8个点追上。
真的坑爹,"https://guba.eastmoney.com/news,300359,244144611.html",2016-01-20 13:15:46,真的坑爹
马上要跌停喽[鼓掌],"https://guba.eastmoney.com/news,300359,244139507.html",2016-01-20 13:04:50,马上要跌停喽
下午68炒底，准备好,"https://guba.eastmoney.com/news,300359,244114406.html",2016-01-20 11:35:40,下午68炒底，准备好
将会跌停,"https://guba.eastmoney.com/news,300359,244036717.html",2016-01-20 09:22:34,将会跌停
跑吧 否则又要杀了,"https://guba.eastmoney.com/news,300359,244078868.html",2016-01-20 10:35:45,跑吧 否则又要杀了
见利润就收了[大笑]买入苏州实验。马上涨停[赞],"https://guba.eastmoney.com/news,300359,244081620.html",2016-01-20 10:40:36,见利润就收了买入苏州实验。马上涨停
快跑吧！解禁了这么多，还有散户进来送死！,"https://guba.eastmoney.com/news,300359,244058242.html",2016-01-20 10:01:58,快跑吧！解禁了这么多，还有散户进来送死！
低位解禁，特大利好！,"https://guba.eastmoney.com/news,300359,244033644.html",2016-01-20 09:11:31,手中的票得自由了，意味着持股者追求增值的积极性被大大的激活了。现在的二次大底区间，人家怎么会傻到立马套现呢？！
选贤择友，不分贵贱。全通日后必成大器,"https://guba.eastmoney.com/news,300359,243949417.html",2016-01-20 00:16:27,买股票买的就是未来，市盈率不是问题
全通教育计算机强势股，明天是会继续涨的！,"https://guba.eastmoney.com/news,300359,243892409.html",2016-01-19 19:26:11,公告是利好，别以为是利空，股东跌蛋疼了舍不得卖了！
原来你拉高是为了减持啊,"https://guba.eastmoney.com/news,300359,243878919.html",2016-01-19 18:06:02,原来你拉高是为了减持啊
高价股不敢碰了，到时候也来个为了改善生活怎么办,"https://guba.eastmoney.com/news,300359,243877312.html",2016-01-19 17:57:44,高价股不敢碰了，到时候也来个为了改善生活怎么办
我来抬骄,"https://guba.eastmoney.com/news,300359,243865938.html",2016-01-19 17:02:46,"大股东你敢增持,我来抬骄又何防,值得!"
去年股灾以来，每一次操作全通都是获利出局[鼓掌],"https://guba.eastmoney.com/news,300359,243860492.html",2016-01-19 16:35:51,去年股灾以来，每一次操作全通都是获利出局
持有,"https://guba.eastmoney.com/news,300359,243838507.html",2016-01-19 15:05:56,轻仓持有
坐稳，会突然拉升3个点的。,"https://guba.eastmoney.com/news,300359,243824045.html",2016-01-19 14:39:22,坐稳，会突然拉升3个点的。
红盘都没有,"https://guba.eastmoney.com/news,300359,243821873.html",2016-01-19 14:35:38,红盘都没有
行情那么好 你一动不动装死,"https://guba.eastmoney.com/news,300359,243821730.html",2016-01-19 14:35:22,行情那么好 你一动不动装死
全通教育 第二轮启动即将开始，200元目标位！,"https://guba.eastmoney.com/news,300359,243817857.html",2016-01-19 14:27:07,全通教育 第二轮启动即将开始，200元目标位！
倒萨,"https://guba.eastmoney.com/news,300359,243796328.html",2016-01-19 13:45:47,我也是醉了涨了一百个点现在还跌着呢，究竟是陷阱还是圈套
尽快上车，新一轮上涨启动。,"https://guba.eastmoney.com/news,300359,243793761.html",2016-01-19 13:41:00,尽快上车，新一轮上涨启动。
全通教育 肯定会跑赢大盘，杠杠的,"https://guba.eastmoney.com/news,300359,243788860.html",2016-01-19 13:31:46,全通教育 肯定会跑赢大盘，杠杠的
最近好垃圾，跑不赢大盘,"https://guba.eastmoney.com/news,300359,243749368.html",2016-01-19 11:33:02,最近好垃圾，跑不赢大盘
不追高，小跌小买，大跌大买，难得机会，年内应该能赚50%[鼓掌][鼓掌][鼓掌],"https://guba.eastmoney.com/news,300359,243705244.html",2016-01-19 10:18:58,不追高，小跌小买，大跌大买，难得机会，年内应该能赚50%
涨停在即，重回百元行列。,"https://guba.eastmoney.com/news,300359,243367304.html",2016-01-18 13:13:32,涨停在即，重回百元行列。
赴美留学，还不用雅思申请美国研究生吗？,"https://guba.eastmoney.com/news,300359,243568041.html",2016-01-18 23:37:28,"众所周知，申请美国研究生需要具备一定的条件，分别是软实力和硬条件。软实力主要通过申请文书来体现，而硬条件必须提供相应的证明的，比如语言成绩（托福或雅思），GRE或者GMAT或LSAT、GPA、科研\实习成果、毕业院校和推荐人情况等5类。由于这几种条件不同于文书，而通常又与申请人直接相关并且不能修饰或者更改的，因此被称为硬件条件。下面将详细分析这5类硬件条件的作用以及其重要程度。

　　

　　语言成绩——托福、雅思

　　申请美国研究生，托福或雅思成绩对于绝大部分申请人来说应该是最重要或者最不重要的一项了(没有中间状态)。道理非常简单，美国大学对于这项标准的衡量只有合格或者不合格(同样没有中间状态)。根据美国大学的审批流程，这部分工作主要由研究生院的工作人员负责。也就是说在这个环节申请人的学术成果并不能影响工作人员对于语言能力的评定，而一旦被认定语言能力不达标，申请往往以失败告终。如果语言不达标一切免谈，这也就是说托福、雅思最重要的理由。然而，如果申请人学术能力牛到暴的话，就完全可以通过套瓷来争取到名额，这个时候教授就可以直接从研究生院调取申请人的材料从而绕过托福、雅思这一关，这也就是语言成绩无用论的来源了。

　　申请美国研究生对托福、雅思有什么要求？

　　申请美国研究生多数专业，托福要求比较低的学校最低分数线一般在79分或者80分；雅思6分或者6.5分；而多数要求高的学校最低分数线会卡在100分，少部分会要求比100分高；雅思6.5分到7分。如果托福能考到100以上或者雅思7分以上，基本选择学校不会因为托福、雅思受到什么阻碍，其它条件都不错的情况下申请结果会比较理想。文科类专业一般对托福、雅思成绩要求比较高，比如传媒等专业，不仅前50的学校，50到100之间很多学校也要求达到100分的托福成绩或是7分的雅思成绩。

　　如果托福低于90分，雅思低于6.5分可能申请美国研究生文科类排名靠前的学校就很有难度了。商科类如果希望申请前50的学校，托福低于100、雅思低于6.5成功的可能性很低，如果申请50到100的学校，最低要有托福90分或者雅思6.5分左右比较好。理工类要求可以稍微降低，一般其它条件都不错，托福在90分左右，雅思6.5分左右，申请到前50学校的把握就比较大。

　　

　　申请美国研究生对GRE\GMAT\LSAT成绩要求？

　　在这几类里面，GRE的成绩应该是最讨广大申请人喜欢的，因为除了类似新闻或者教育这种社 会科学专业之外，GRE基本不会成为申请美国研究生的短板。因为大多数专业仅仅对于其中的数学部分有要求（这一点在理工科专业中尤为明显，据说美国大学认为Q部分可以反应申请人的智商）。这对于中国绝大多数的申请人来说都不是问题。

　　与GRE相反，GMAT等专业考试成绩往往是阻碍申请人通往美国名校的绊脚石。简单地说就是成绩高不能证明申请人优秀，但是成绩低可以证明申请人不够优秀。这是因为申请7大商学院MBA的申请人基本都拥有750以上的GMAT而申请14大法学院JD的申请人基本都拥有165以上的LSAT，而如果在其他方面差距不大的情况下，此项成绩低往往会成为被拒的理由。

　　一般而言，我们说GRE320以上算是不错的分数。不过根据要申请专业的不同，GRE的要求也不完全一样。申请美国研究生传媒、教育等文科专业的学生尽量要把 Verbal和写作部分考到好的成绩。Verbal部分尽量考到152以上，写作最好有4以上。申请美国研究生理工科的学生要把数学部分分数保持住。一般情况下，数学部分对于中国学生比较好拿分，理工科的学生即使不拿满分，尽量不要低于168分。

　　申请美国研究生对GPA的要求？

　　一般情况下，申请美国研究生GPA3.5以上算是不错的分数，折合百分制85以上。如果希望申请到不错的学校，最低要求要有3.0以上，即80以上，否则选择学校的时候会受到局限。如果在校平均分低于75分，那么申请美国研究生的选校会受到极大的局限。如果分数低于70分，可能申请美国研究生就会遇到很大的困难。绝大多数美国学校还是很看重学生的GPA成绩的。所以有出国打算的学生一定要注意自己的大学成绩，避免因为成绩不理想而影响研究生的申请。

　　当然，以上只是宽泛的标准，根据学生其它各种条件的不同，并不能一概而论。另外，国内一些学校的部分专业本身给分就低，即使是非常优秀的学生，也很难取得非常高的分数。这种情况下，如果有可能，我们可以利用排名证明自己是很优秀的。比如学生的GPA是3.0，但是年级100个学生中排名第10，这也能证明学生的学习能力是很强的，只不过学校打分比较低。

　　申请美国研究生对实习\科研成果，就读院校\推荐人的要求？

　　由于这两项实在过于相似，我们将一并论之。申请人提供实习经历必然意在提高自身竞争优势，因此提供具有独特性的经历往往会事半功倍。类似地，美国大学对于申请人的就读院校的评价只有三种：中国著名大学(基本上指的是北清科交南复浙等)、专业学科领先的大学(类似中国农大的农业经济，天津大学的化工或者人民大学的新闻)和不知道的大学。而对于推荐人的评价就更加简单：知道的和不知道的。当然这不意味申请人都一定要有本专业的牛人写推荐信才好，但是如果确实和相关的学术名人有紧密联系的科研经历确实对于申请有很大帮助。

　　
展开阅读全文"
全通教育：教育大数据画像隐现,"https://guba.eastmoney.com/news,300359,204573401.html",2015-09-28 08:59:23,
[大笑],"https://guba.eastmoney.com/news,300359,243479755.html",2016-01-18 18:21:15,
垃圾呀，今天才涨一个多点，创业板指数都涨三个点了。[大便],"https://guba.eastmoney.com/news,300359,243475676.html",2016-01-18 18:03:11,垃圾呀，今天才涨一个多点，创业板指数都涨三个点了。[大便]
积极做多,"https://guba.eastmoney.com/news,300359,243432865.html",2016-01-18 15:15:48,积极做多
坚决不给做空者回补的机会， 同意赞。 [抄底],"https://guba.eastmoney.com/news,300359,243408732.html",2016-01-18 14:29:36,"坚决不给做空者回补的机会，
同意赞。"
西部矿业601168比肩中国远洋，都是从70跌到7元！换000960锡业股份从6,"https://guba.eastmoney.com/news,300359,243379230.html",2016-01-18 13:36:46,西部矿业601168比肩中国远洋，都是从70跌到7元！换000960锡业股份从63跌到9元严重错杀，因近一个月内上期所锡价涨了20%开始盈利了从8万涨到9万7估计是金属中涨得最好的。
即将起飞,"https://guba.eastmoney.com/news,300359,243332616.html",2016-01-18 11:16:10,即将起飞
最后上车机会，踏空的懊悔去吧。,"https://guba.eastmoney.com/news,300359,243331401.html",2016-01-18 11:13:46,最后上车机会，踏空的懊悔去吧。
解放军主力开始近来啦，今天会涨停吗？,"https://guba.eastmoney.com/news,300359,243325101.html",2016-01-18 11:01:59,解放军主力开始近来啦，今天会涨停吗？
马上起飞[鼓掌],"https://guba.eastmoney.com/news,300359,243299891.html",2016-01-18 10:20:04,马上起飞
须配备 把握未来的环保龙头－先河环保300137，盘小绩优，潜力无限！,"https://guba.eastmoney.com/news,300359,240164067.html",2016-01-08 21:30:38,把握未来的环保龙头－先河环保300137，盘小绩优，潜力无限！
mad，越T越高，真失败了啊！我由75，T到78了。想想都想哭。,"https://guba.eastmoney.com/news,300359,243281082.html",2016-01-18 09:51:01,mad，越T越高，真失败了啊！我由75，T到78了。想想都想哭。
全通教育 今日收盘在77快上方 不到 78 我忘了价格了,"https://guba.eastmoney.com/news,300359,243277987.html",2016-01-18 09:45:56,嗯呢 就是这样
大盘仍看不出有止跌迹象,"https://guba.eastmoney.com/news,300359,243161220.html",2016-01-17 22:50:54,观望
明天继续冲击涨停。熊市不跌就是牛股,"https://guba.eastmoney.com/news,300359,243150022.html",2016-01-17 21:41:28,明天继续冲击涨停。熊市不跌就是牛股
反弹龙头，强烈建议关注此股。,"https://guba.eastmoney.com/news,300359,242821910.html",2016-01-15 16:14:07,反弹龙头，强烈建议关注此股。
主力240本，咱怕啥？,"https://guba.eastmoney.com/news,300359,199594334.html",2015-09-01 10:36:47,船小好掉头啊。
