标题,链接,发布时间,内容
不必担心华自科技的业绩， 17年年报 一定是预增，18年则一定是爆表预增。 为啥,"https://guba.eastmoney.com/news,300490,727840077.html",2017-11-14 06:28:58,不必担心华自科技的业绩， 17年年报 一定是预增，18年则一定是爆表预增。 为啥，宁德时代要上市了，肯定要突击收入和利润的，作为上游的华自科技（精实机电）自然也会加班加点干活。
还没减持完毕吗？,"https://guba.eastmoney.com/news,300490,727801144.html",2017-11-14 00:44:17,还没减持完毕吗？
公司已经完成过户，是否表示两家并购的企业已经重组成功,"https://guba.eastmoney.com/news,300490,727733790.html",2017-11-13 21:11:20,"公司已经完成过户，是否表示两家并购的企业已经重组成功 
华自科技
华自科技：您好！本次重组涉及标的资产的过户手续已经办理完毕，但仍需按照法律法规的要求和中国证监会的核准实施后续事项，公司将根据进展情况及时履行信息披露义务。感谢您的关注！
答复时间 2017-11-20 13:04:00"
最高45.8元现价7.56元发行价9.5元流通盘2.1亿股上海本地股拥有5亿元的理财资金这就是300126锐奇股份,"https://guba.eastmoney.com/news,300490,727686740.html",2017-11-13 18:55:27,300126
又在骗资金,"https://guba.eastmoney.com/news,300490,727608384.html",2017-11-13 15:06:12,又在骗资金
垃圾,"https://guba.eastmoney.com/news,300490,727557862.html",2017-11-13 13:37:00,垃圾
17.01成交1000股,"https://guba.eastmoney.com/news,300490,727450366.html",2017-11-13 09:29:15,同上
跌停价大口,"https://guba.eastmoney.com/news,300490,727527610.html",2017-11-13 12:01:52,跌停价大口
死股一个，好后悔买了你，mad,"https://guba.eastmoney.com/news,300490,727503759.html",2017-11-13 11:05:38,死股一个，好后悔买了你，mad
沪指中阳线,"https://guba.eastmoney.com/news,300490,727361692.html",2017-11-12 18:24:29,沪指中阳线
谁去问下董秘股东减持完没？都过去3个月了。,"https://guba.eastmoney.com/news,300490,726927332.html",2017-11-10 11:19:21,谁去问下董秘股东减持完没？都过去3个月了。
创业板马上过1900,"https://guba.eastmoney.com/news,300490,726864610.html",2017-11-10 09:38:51,
香江控股(600162)融资融券信息(07-18),"https://guba.eastmoney.com/news,300490,726799416.html",2017-11-10 01:05:29,特斯拉再度传闻“被国产” 这次是在广东
当大家都以为双脚时，能否给我一举击穿直逼2950,"https://guba.eastmoney.com/news,300490,726778468.html",2017-11-09 23:09:31,如果能够象恒大或者象华润那样
购买资产发行价格23.36元，二个公司亏大了。现在潜伏必有厚报。,"https://guba.eastmoney.com/news,300490,726371499.html",2017-11-08 20:23:29,购买资产发行价格23.36元，二个公司亏大了。现在潜伏必有厚报。
FIRE,"https://guba.eastmoney.com/news,300490,726551383.html",2017-11-09 11:26:50,如图
有点火的游资来一把,"https://guba.eastmoney.com/news,300490,726549930.html",2017-11-09 11:24:22,RT
反正不涨就是不卖，等着吧！,"https://guba.eastmoney.com/news,300490,726522627.html",2017-11-09 10:37:59,反正不涨就是不卖，等着吧！
主力不拉，就耗着吧！,"https://guba.eastmoney.com/news,300490,726522270.html",2017-11-09 10:37:23,主力不拉，就耗着吧！
垃圾就是瘟疫,"https://guba.eastmoney.com/news,300490,726509880.html",2017-11-09 10:15:55,垃圾就是瘟疫
现在千万不要涨，再等其它票赚了回来你再涨，两不误，谢庄家。,"https://guba.eastmoney.com/news,300490,726372567.html",2017-11-08 20:28:18,现在千万不要涨，再等其它票赚了回来你再涨，两不误，谢庄家。
熬得受不了了,"https://guba.eastmoney.com/news,300490,726260633.html",2017-11-08 13:54:49,想换股，大家给个建议。
散了吧,"https://guba.eastmoney.com/news,300490,726262421.html",2017-11-08 13:58:28,主力又要压回去了
谁知道收购锂电池检测设备厂商和环保公司业绩如何?,"https://guba.eastmoney.com/news,300490,726234469.html",2017-11-08 12:40:59,谁知道收购锂电池检测设备厂商和环保公司业绩如何?
300490,"https://guba.eastmoney.com/news,300490,726232637.html",2017-11-08 12:29:16,300490你个B和庄家B就一直装死吧。同志们卧倒进行。
狗庄你卖完了吗？赶紧那个呀，爷爷没筹码了，就等你跌停买,"https://guba.eastmoney.com/news,300490,726231654.html",2017-11-08 12:22:36,狗庄你卖完了吗？赶紧那个呀，爷爷没筹码了，就等你跌停买
只管买，不涨不卖！,"https://guba.eastmoney.com/news,300490,726174311.html",2017-11-08 10:21:04,只管买，不涨不卖！
明天看涨,"https://guba.eastmoney.com/news,300490,725744807.html",2017-11-06 21:03:43,明天看涨
这个跌法，没完没了的跌，谁去发个文章给证监会，让证监会立案调查一下，肯定有违法的,"https://guba.eastmoney.com/news,300490,725980429.html",2017-11-07 14:50:40,这个跌法，没完没了的跌，谁去发个文章给证监会，让证监会立案调查一下，肯定有违法的事情在里面。
通知，本股东自2017年11月8日上午9时30分至2018年2月4日止，计划减持,"https://guba.eastmoney.com/news,300490,725974056.html",2017-11-07 14:37:39,通知，本股东自2017年11月8日上午9时30分至2018年2月4日止，计划减持一万股，占流通盘0.00001%，特此通告。
这个股是完了，减持,"https://guba.eastmoney.com/news,300490,725956507.html",2017-11-07 13:59:08,这个股是完了，减持
老大调离了,"https://guba.eastmoney.com/news,300490,725924640.html",2017-11-07 12:25:46,老大调离了
我们就看狗庄自己表演,"https://guba.eastmoney.com/news,300490,725893578.html",2017-11-07 11:09:04,我们就看狗庄自己表演
这走法要有大阴谋，不然就是欺诈上市欺诈重组，有关部门真该彻查了。,"https://guba.eastmoney.com/news,300490,725854104.html",2017-11-07 10:07:40,这走法要有大阴谋，不然就是欺诈上市欺诈重组，有关部门真该彻查了。
垃圾公司，两市第一垃圾股,"https://guba.eastmoney.com/news,300490,725853812.html",2017-11-07 10:07:13,垃圾公司，两市第一垃圾股
380借壳华自,"https://guba.eastmoney.com/news,300490,725638481.html",2017-11-06 15:17:03,380借壳华自
难道不用手续费,"https://guba.eastmoney.com/news,300490,725524988.html",2017-11-06 10:54:17,一手一手成交
都你哪的这样了，还打压股价，有病,"https://guba.eastmoney.com/news,300490,725488562.html",2017-11-06 09:57:23,都你哪的这样了，还打压股价，有病
死股一个，大家不要被迷惑，坚决出货！,"https://guba.eastmoney.com/news,300490,725004596.html",2017-11-03 10:56:04,死股一个，大家不要被迷惑，坚决出货！
要想低价增发，必须打压股价，这就是黑呀！,"https://guba.eastmoney.com/news,300490,724683729.html",2017-11-02 14:04:38,11
那行情就能,"https://guba.eastmoney.com/news,300490,725150090.html",2017-11-03 16:05:52,那行情就能
380合并,"https://guba.eastmoney.com/news,300490,725112292.html",2017-11-03 14:39:57,380合并
任何利好对这只烂股来说都没有什么意义，死猪不怕开水烫,"https://guba.eastmoney.com/news,300490,724672404.html",2017-11-02 13:47:07,任何利好对这只烂股来说都没有什么意义，死猪不怕开水烫
准备创新低,"https://guba.eastmoney.com/news,300490,725105097.html",2017-11-03 14:29:43,准备创新低
快逃,"https://guba.eastmoney.com/news,300490,724555877.html",2017-11-02 09:47:19,利好不涨就是灾难
华自科技:关于发行股份及支付现金购买资产并募集配套资金暨关联交易之标的资产过户完成的公告,"https://guba.eastmoney.com/news,300490,724418469.html",2017-11-01 19:39:40,"公告日期：2017-11-01
证券代码：300490 证券简称：华自科技 公告编号：2017-124



华自科技股份有限公司



关于发行股份及支付现金购买资产并募集配套资金



暨关联交易之标的资产过户完成的公告



本公司及董事会全体成员保证信息披露的内容真实、准确、完整，没有虚假记载、误导性陈述或重大遗漏。



华自科技股份有限公司（以下简称“华自科技”或“公司”）发行股份及支付现金购买资产并募集配套资金暨关联交易事项(以下简称“本次交易”)已获得中国证券监督管理委员会（以下简称“中国证监会”）核准，详见公司于 2017年10月23日刊登在巨潮资讯网(www.cninfo.com.cn）的《关于发行股份及支付现金购买资产并募集配套资金暨关联交易事项获得中国证监会核准批文的公告》（公告编号：2017-118）。



截至本公告日，本次交易之标的资产深圳市精实机电科技有限公司（以下简称“精实机电”）及北京格兰特膜分离设备有限公司（以下简称“格兰特”）100%股权均已完成过户，精实机电和格兰特成为公司的全资子公司。具体情况如下：一、本次交易的资产过户情况



精实机电已办理完毕本次交易标的资产股权转让的工商变更登记手续。2017年10月27日，深圳市市场监督管理局核准了精实机电股东变更等事宜并核发了新的《营业执照》（统一信用代码：914403007634994445）。本次变更完成后，华自科技持有精实机电100%的股权，精实机电已成为公司的全资子公司。



格兰特已办理完毕本次交易标的资产股权转让的工商变更登记手续。2017年10月27日，北京市工商行政管理局密云分局核准了格兰特股东变更等事宜并核发了新的《营业执照》（统一信用代码：911102287000082228）。本次变更完成后，华自科技持有格兰特100%的股权，格兰特已成为公司的全资子公司。



二、本次交易的后续事项



1、公司尚需按本次交易相关协议约定向交易对方发行股份，并向中国证券登记结算有限公司深圳分公司申请办理新增股份的相关登记手续；尚需按协议约定向交易对方支付现金对价。



2、公司尚需在新增股份登记完成后，向深圳证券交易所申请办理该等股份上市的手续。



3、公司尚需就本次交易涉及的注册资本等事宜修改公司章程并办理工商变更登记备案手续。



4、公司尚需在中国证监会核准的有效期内根据募集配套资金方案实施配套融资，但发行股份募集配套资金成功与否并不影响本次发行股份及支付现金购买资产的实施。



5、公司尚需根据相关法律法规的要求就本次交易涉及的新增股份发行及上市等情况继续履行信息披露义务。



6、本次交易相关各方需继续履行本次交易涉及的协议及承诺等相关事项。



三、关于本次发行股份及支付现金购买资产并募集配套资金暨关联交易之标的资产过户情况的独立财务顾问核查意见



公司本次交易的独立财务顾问东兴证券股份有限公司出具了《东兴证券股份有限公司关于华自科技股份有限公司发行股份及支付现金购买资产并募集配套资金暨关联交易资产过户情况之独立财务顾问核查意见》，认为：



本次交易已获得了必要的审批程序，本次交易的实施符合《公司法》、《证券法》和《上市公司重大资产重组管理办法》等相关法律法规及规范性文件的规定，本次交易涉及标的资产的过户手续已经办理完毕，过户手续合法有效。本次交易实施后续事项在合规性方面不存在实质性障碍，对公司本次重组的实施不构成重大影响。



四、关于本次发行股份及支付现金购买资产并募集配套资金暨关联交易之标的资产过户的法律意见书



本次交易的法律顾问湖南启元律师事务所出具了《湖南启元律师事务所关于华自科技股份有限公司发行股份及支付现金购买资产并募集配套资金暨关联交易之标的资产过户的法律意见书》，认为：



本次交易方案的内容符合法律、行政法规、规范性文件的规定；本次交易已取得必要的批准和授权，本次发行已经中国证监会核准，本次交易各方有权实施本次交易；本次交易项下标的资产股权过户的工商登记手续已办理完毕；公司尚需依照相关法律、法规和规范性文件的要求办理本次发行的工商变更登记、股份登记和上市及募集配套资金等事宜。



五、备查文件



1、《东兴证券股份有限公司关于华自科技股份有限公司发行股份及支付现金购买资产并募集配套资金暨关联交易资产过户情况之独立财务顾问核查意见》；2、《湖南启元律师事务所关于华自科技股份有……
[点击查看PDF原文]
提示：本网不保证其真实性和客观性，一切有关该股的有效信息，以交易所的公告为准，敬请投资者注意风险。
展开阅读全文"
收于你开你,"https://guba.eastmoney.com/news,300490,724757402.html",2017-11-02 16:48:06,收于你开你
300490,"https://guba.eastmoney.com/news,300490,724712788.html",2017-11-02 14:54:28,丑陋的华自和华自的丑陋。
这股要是在主板就好了,"https://guba.eastmoney.com/news,300490,724704848.html",2017-11-02 14:40:55,跟市盈率没关系，涨跌跟板块有关系，这股要是在主板就好了
来个大单瞬间涨停！,"https://guba.eastmoney.com/news,300490,724568684.html",2017-11-02 10:03:31,来个大单瞬间涨停！
反正是不涨不卖！,"https://guba.eastmoney.com/news,300490,724566930.html",2017-11-02 10:01:24,反正是不涨不卖！
今天主力不拉吗？,"https://guba.eastmoney.com/news,300490,724566233.html",2017-11-02 10:00:37,今天主力不拉吗？
明天满仓，前提是等庄把价再往下砸一把。,"https://guba.eastmoney.com/news,300490,724473456.html",2017-11-01 22:57:47,明天满仓，前提是等庄把价再往下砸一把。
华自科技:湖南启元律师事务所关于公司发行股份及支付现金购买资产并募集配套资金暨关联交易之标的资产过户的法律意见书,"https://guba.eastmoney.com/news,300490,724418764.html",2017-11-01 19:40:41,"公告日期：2017-11-01
 湖南启元律师事务所关于



华自科技股份有限公司发行股份及支付现金购买资产并募集配套资金暨关联交易



之标的资产过户的



法律意见书



二O一七年十月



致：华自科技股份有限公司



湖南启元律师事务所（以下简称“本所”）接受华自科技股份有限公司（以下简称 “华自科技”或“公司”）的委托，担任华自科技本次发行股份及支付现金购买资产并募集配套资金（以下简称“本次交易”）的专项法律顾问。



本所根据《中华人民共和国公司法》、《中华人民共和国证券法》、《上市公司重大资产重组管理办法》、《创业板上市公司证券发行管理暂行办法》、《公开发行证券的公司信息披露内容与格式准则第26号—上市公司重大资产重组申请文件》等法律、行政法规及中国证监会相关文件的规定，按照律师行业公认的业务标准、道德规范和勤勉尽责精神，就本次交易标的资产过户情况，出具本法律意见书。



本法律意见书所使用的简称术语，除另有定义或注明外，与本所出具的《湖南启元律师事务所关于华自科技股份有限公司发行股份及支付现金购买资产并募集配套资金暨关联交易之法律意见书》（以下简称“《法律意见书》”）所使用的简称术语或定义具有完全相同的含义，本所在《法律意见书》中的声明也同样适用于本法律意见书。



本所及本所律师同意华自科技将本法律意见书作为华自科技本次交易申请所必备的法律文件，随同其他材料一同上报，并承担相应的法律责任。



本补充法律意见书仅供华自科技本次交易目的使用，不得用作其他任何目的。



本所及本所律师按照律师行业公认的业务标准、道德规范和勤勉尽责精神，现出具法律意见如下：



一、本次交易方案概述



根据华自科技就本次重大资产重组事宜召开的董事会、股东大会，华自科技与交易对方签署相关协议及《华自科技股份有限公司发行股份及支付现金购买资产并募集配套资金暨关联交易报告书（草案）（修订稿）》等文件，本次交易方案如下：1、华自科技拟通过发行股份及支付现金方式购买李洪波、毛秀红、共青城尚坤合计持有的精实机电100%股权以及湖州格然特、华自集团、格莱特投资合计持有的格兰特100%股权；2、华自科技拟向不超过5名（含5名）特定投资者非公开发行股票募集配套资金，拟募集配套资金总额不超过57,000.00万元。综上，本所认为，本次交易方案的内容符合法律、行政法规、规范性文件的规定。



二、本次交易的批准与授权



经本所律师核查，截至本法律意见书出具日，本次交易已经取得以下批准与授权：



（一）华自科技的批准和授权



2017年5月26日，华自科技第二届董事会第十七次会议审议通过《关于公



司本次发行股份及支付现金购买资产并募集配套资金暨关联交易方案的议案》、《关于<华自科技股份有限公司发行股份及支付现金购买资产并募集配套资金暨关联交易报告书（草案）>及其摘要的议案》等与本次交易相关的议案；华自科技关联董事在上述董事会进行了回避表决且独立董事就本次交易事宜发表了独立意见。



2017年6月15日，华自科技第二届董事会第十八次会议审议通过《关于调



整公司本次发行股份及支付现金购买资产并募集配套资金暨关联交易方案的议案》、《关于与交易对方签署附生效条件的<发行股份及支付现金购买资产协议之补充协议一>的议案》等与本次交易相关的议案；关联董事在上述董事会进行了回避表决且独立董事就本次交易事宜发表了独立意见。



2017年7月3日，华自科技2017年第二次临时股东大会审议通过了《关于



公司符合上市公司重大资产重组条件的议案》、《关于调整公司本次发行股份及支付现金购买资产并募集配套资金暨关联交易方案的议案》等与本次交易相关的议案，关联股东回避了对相关关联议案的表决。



2017年8月14日，华自科技第二届董事会第二十次会议审议通过了《关于



取消<公司发行股份及支付现金购买资产并募集配套资金暨关联交易方案>中发行股份价格调整机制的议案》、《关于与交易对方签署<附条件生效的发行股份及支付现金购买资产协议之补充协议（二）>的议案》、《关于公司本次交易方案调整不构成重大调整的议案》等与本次交易方案调整相关的议案；关联董事在上述董事会进行了回避表决且独立董事就本次交易事宜发表了独立意见。



（二）交易对方的批准和授权



经本所律师核查，本次交易对方中的非自然人主体共青城尚坤、湖州格然特、华自集团、……
[点击查看PDF原文]
提示：本网不保证其真实性和客观性，一切有关该股的有效信息，以交易所的公告为准，敬请投资者注意风险。
展开阅读全文"
华自科技:东兴证券股份有限公司关于公司发行股份及支付现金购买资产并募集配套资金暨关联交易资产过户情况之独立财务顾问核查意见,"https://guba.eastmoney.com/news,300490,724418763.html",2017-11-01 19:40:41,"公告日期：2017-11-01
华自科技:东兴证券股份有限公司关于公司发行股份及支付现金购买资产并募集配套资金暨关联交易资产过户情况之独立财务顾问核查意见


[点击查看PDF原文]
提示：本网不保证其真实性和客观性，一切有关该股的有效信息，以交易所的公告为准，敬请投资者注意风险。"
糊里糊涂又返回到华自科技,"https://guba.eastmoney.com/news,300490,722809481.html",2017-10-27 16:42:17,糊里糊涂又返回到华自科技
一个公司没有自己的抄盘手真可悲，都已经地量那么多天了，居然不懂得拉起，脑袋在想什么？,"https://guba.eastmoney.com/news,300490,723869500.html",2017-10-31 11:22:58,[不赞]
E下半年策略：小盘央企+超跌+低价+实质性重组+并购国际制造名企,"https://guba.eastmoney.com/news,300490,663256622.html",2017-06-30 13:45:53,"下半年策略：小盘央企+超跌+低价+实质性重组+并购国际制造名企

小盘央企：央企乃国之命脉，一般无减持之优
超跌：必有报复性反弹
低价：群众基础好
实质性重组：爆发力足、上涨空间广阔
并购国际制造名企：一步到位，实现制造技术弯道超车，大幅提升产品价值空间

五合一，风神股份（600469）才是目前中短线最佳标的，更确定的是欧美80%的人士都知道“倍耐力”---品牌价值严重低估"
不论分析如何,"https://guba.eastmoney.com/news,300490,724016704.html",2017-10-31 16:58:45,盘面上并无强势热点出现
高转送板块优质个股回落就是机会,"https://guba.eastmoney.com/news,300490,723965772.html",2017-10-31 14:54:24,10.10午间述评：沪指如期调整，窄幅整理趋势不
有赚钱效应,"https://guba.eastmoney.com/news,300490,723911779.html",2017-10-31 13:18:34,才会有跟风盘
亏了半仓，全抛了，不玩了，死心了,"https://guba.eastmoney.com/news,300490,723870808.html",2017-10-31 11:25:07,[不赞]
股东要是没有能力就换股东呀，萎靡给谁看，对的起信任你们的股民吗？,"https://guba.eastmoney.com/news,300490,723866048.html",2017-10-31 11:17:21,[不赞]
垃圾中的垃圾股，股东死光了吗？,"https://guba.eastmoney.com/news,300490,723863549.html",2017-10-31 11:13:16,[不赞]
妈逼得，垃圾股，没有人买,"https://guba.eastmoney.com/news,300490,723840518.html",2017-10-31 10:34:45,妈逼得，垃圾股，没有人买
希望今天千股跌停，明天继续。,"https://guba.eastmoney.com/news,300490,721863818.html",2017-10-25 21:02:59,95%散户销户不玩了，才会被重视 ！
创业板下午翻红,"https://guba.eastmoney.com/news,300490,723405195.html",2017-10-30 11:18:40,创业板下午翻红
华自科技:2017年第三季度报告全文,"https://guba.eastmoney.com/news,300490,723196810.html",2017-10-29 16:34:51,"公告日期：2017-10-30
华自科技股份有限公司



2017年第三季度报告



2017-123



2017年10月



第一节 重要提示



公司董事会、监事会及董事、监事、高级管理人员保证季度报告内容的真实、准确、完整，不存在虚假记载、误导性陈述或者重大遗漏，并承担个别和连带的法律责任。



所有董事均已出席了审议本次季报的董事会会议。



公司负责人黄文宝、主管会计工作负责人陈红飞及会计机构负责人(会计主管人员)邓红霞声明：保证季度报告中财务报表的真实、准确、完整。



第二节 公司基本情况



一、主要会计数据和财务指标



公司是否需追溯调整或重述以前年度会计数据



□是√否



本报告期末 上年度末 本报告期末比上年度末增减



总资产（元） 952,754,813.46 912,622,978.52 4.40%



归属于上市公司股东的净资产



（元） 639,591,040.02 580,253,514.05 10.23%



本报告期 本报告期比上年同期 年初至报告期末 年初至报告期末比上



增减 年同期增减



营业收入（元） 111,673,499.82 -0.96% 341,805,231.18 1.29%



归属于上市公司股东的净利润



（元） 7,379,451.29 -0.32% 25,608,765.97 -7.52%



归属于上市公司股东的扣除非经



常性损益的净利润（元） 4,381,240.53 -24.06% 20,331,794.29 -8.71%



经营活动产生的现金流量净额



（元） -- -- -37,452,356.20 27.51%



基本每股收益（元/股） 0.037 0.00% 0.128 -7.25%



稀释每股收益（元/股） 0.037 0.00% 0.128 -7.25%



加权平均净资产收益率 1.25% -0.08% 4.36% -0.64%



非经常性损益项目和金额



√适用□不适用



单位：元



项目 年初至报告期期末金额 说明



非流动资产处置损益（包括已计提资产减值准备的冲销部分） -766.33



计入当期损益的政府补助（与企业业务密切相关，按照国家统 5,321,296.65主要系财政补助



一标准定额或定量享受的政府补助除外）



委托他人投资或管理资产的损益 852,595.76系购买银行理财产品的收益



除同公司正常经营业务相关的有效套期保值……
[点击查看PDF原文]
提示：本网不保证其真实性和客观性，一切有关该股的有效信息，以交易所的公告为准，敬请投资者注意风险。
展开阅读全文"
站上黄线,"https://guba.eastmoney.com/news,300490,723410399.html",2017-10-30 11:28:45,站上黄线
为移动端CRM提供了一套全新的模式信雅达(600571)传统业务保持领先，金融科技稳步布局,"https://guba.eastmoney.com/news,300490,723403521.html",2017-10-30 11:15:12,"信雅达(600571)传统业务保持领先，金融科技稳步布局 
研报日期：2017-10-12
信雅达(600571)
公司近五年业绩基本稳定。公司 2017 年上半年营业收入为 5.72 亿元，同比增长 10.90%，归母净利润为 4,468.77 万元，同比下降 29.26%。 2016年公司营业收入为 13.85 亿元，同比增长 28.70%，近五年 CAGR 为 15.33%；归母净利润为 1.23 亿元，同比增长 1.30%，近五年 CAGR 为 18.28%。公司2016 年归母净利润增长显着低于营业收入增长，主要是因 2014 年、 2015年公司利用闲置资金进行了证券投资，而 2016 年该部分投资减少幅度较大，导致非经常性损益下降较多， 2016 年扣非后归母净利润为 1.12 亿，同比增长 25.56%。
以银行为主的金融 IT 市场有望继续快速增长。 根据 IDC 数据显示，2015 年我国银行业整体 IT 投资为 831.06 亿元，同比增长 11.92%，预计 2020年投资规模达到 1,351.3 亿元， 2015-2020 年 CAGR 为 10.21%。 银行业 IT解决方案的增长速度较快， IDC 数据显示， 2015 年我国银行业 IT 解决方案市场规模为 225.20 亿元，同比增长 23.5%，估计 2016 年市场规模为 277.20亿元，同比增长 23.1%，预计 2020 年市场规模有望达到 612.11 亿元，2016-2020 年 CAGR 为 21.9%。
公司传统业务领域继续保持领先优势。 公司在流程银行、影像系统、呼叫中心等市场保持领先优势。公司自 2008 年起开展流程银行业务，流程银行中标率在国内多年维持在 90%以上，同时流程银行的理念在保险行业也得到应用； IDC 数据显示， 公司影像系统业务目前市占率也保持领先。公司的流程银行业务与影像系统具有紧密的联系，公司能通过两种业务实现较好的协同； 根据 IDC 数据，公司 2014 年呼叫中心在银行市场的市占率约为 11.1%。公司的影像系统和呼叫中心业务均不限于银行业，在证券、保险等非银金融机构也具有广泛的应用。
内生发展和外延并购，持续加码金融科技。 公司使用生物识别、大数据、人工智能等技术， 从“银行业务流程优化”、“金融数据分析”、“风险预警”和“数字化营销”四个方面协助传统金融机构从电子化向智慧型转型。 同时，公司并购科匠信息实现金融业务的移动化；设立泛泰科技布局消费金融；参股趣链科技，积极探索区块链技术与金融的结合。
投资建议： 
在公司现有软件服务、硬件产品销售、系统维护以及环保产品等业务保持稳健增长的前提假设下，我们预计公司 2017、 2018 以及 2019 年的 EPS分别为 0.34、 0.41 和 0.48 元，对应 P/E 分别为 43.44 倍、 36.02 倍和 30.77倍。目前 IT 服务行业最新市盈率（ TTM，整体法，剔除负值）为 45.10 倍，考虑到公司在持续加码金融科技的同时， 积极拓展金融业务移动化、消费金融、供应链金融等领域，我们认为公司的估值仍具有一定的上升空间，因此首次给予其“增持”评级。
风险提示： 
市场竞争风险；坏账风险；新业务发展不及预期风险等。[长城国瑞证券有限公司]"
涨停,"https://guba.eastmoney.com/news,300490,723271514.html",2017-10-29 23:58:14,涨停
请问那一年今天不跌？,"https://guba.eastmoney.com/news,300490,723208908.html",2017-10-29 17:51:30,养老金投资已在路上！
华自科技:第三届监事会第二次会议决议公告,"https://guba.eastmoney.com/news,300490,723196912.html",2017-10-29 16:35:21,"公告日期：2017-10-30
证券代码：300490 证券简称：华自科技 公告编号：2017-120



华自科技股份有限公司



第三届监事会第二次会议决议公告



本公司及监事会全体成员保证信息披露的内容真实、准确、完整，没有虚假记载、误导性陈述或重大遗漏。



一、监事会会议召开情况



1、本次监事会会议由监事会主席邓海军先生召集，会议通知于2017年10



月21日以电话、电子邮件等形式送达各位监事，监事会会议通知中包括会议的



相关材料，同时列明了会议的召开时间、地点、内容和方式。



2、会议于2017年10月26日在公司主楼五楼会议室召开，采取现场投票方



式进行表决。



3、本次会议由监事会主席邓海军先生主持，会议应到3人，实际出席会议



的人数3人。



4、本次会议的召开和表决程序符合《中华人民共和国公司法》等法律法规和《华自科技股份有限公司章程》的有关规定。会议召开的方式、程序及作出的决议合法有效。



二、监事会会议审议情况



（一）审议通过了《关于公司2017年第三季度报告的议案》



与会监事认真阅读了董事会编制的《华自科技股份有限公司2017年第三季



度报告》，并围绕报告中的相关内容进行了审核和分析。经认真审核，监事会认为，公司2017年第三季度报告的编制和审核程序符合法律、行政法规和中国证监会的规定，报告内容真实、准确、完整地反映了公司的实际情况，不存在任何虚假记载、误导性陈述或者重大遗漏。



《华自科技股份有限公司2017年第三季度报告》详见公司同日在巨潮资讯



网（www.cninfo.com.cn）披露的公告。



表决情况：3票同意，0票反对，0票弃权。



三、备查文件



1、经全体与会监事签署的《华自科技股份有限公司第三届监事会第二次会议决议》。



特此公告。



华自科技股份有限公司监事会



2017年10月27日




[点击查看PDF原文]
提示：本网不保证其真实性和客观性，一切有关该股的有效信息，以交易所的公告为准，敬请投资者注意风险。
展开阅读全文"
华自科技:第三届董事会第二次会议决议公告,"https://guba.eastmoney.com/news,300490,723196905.html",2017-10-29 16:35:21,"公告日期：2017-10-30
证券代码：300490 证券简称：华自科技 公告编号：2017-121



华自科技股份有限公司



第三届董事会第二次会议决议公告



本公司及董事会全体成员保证信息披露的内容真实、准确、完整，没有虚假记载、误导性陈述或重大遗漏。



一、董事会会议召开情况



1、本次董事会会议由董事长黄文宝先生召集，会议通知于2017年10月21



日以电话、电子邮件等形式传达各位董事。董事会会议通知中包括会议的相关材料，同时列明了会议的召开时间、地点、内容和方式。



2、会议于2017年10月26日在公司主楼五楼会议室召开，采取现场投票和



通讯表决相结合的方式进行表决。



3、会议应到9人，实际出席会议的人数9人，其中现场出席会议的人数5



人，董事白云，独立董事凌志雄、柴艺娜、曾祥君以通讯表决（视频会议）的方式出席会议。



4、本次会议由董事长黄文宝先生主持，部分监事和高管列席了会议。



5、本次会议的召开和表决程序符合《中华人民共和国公司法》等法律法规和《华自科技股份有限公司章程》的有关规定。会议召开的方式、程序及作出的决议合法有效。



二、董事会会议审议情况



（一）审议通过了《关于公司2017年第三季度报告的议案》



《华自科技股份有限公司2017年第三季度报告》具体内容详见公司同日在



巨潮资讯网（www.cninfo.com.cn）披露的公告。



表决情况：9票同意，0票反对，0票弃权。



（二）审议通过了《关于变更公司注册资本并修订<公司章程>的议案》 公司完成2017年限制性股票激励计划首次授予登记工作后，注册资本和总股本发生变更，注册资本由人民币20,000万元变更为人民币20,363.8万元，总股本由20,000万股变更为20,363.8万股。



根据上述事宜，公司董事会同意对公司《公司章程》中有关注册资本、股份总数的相关内容作相应修订并办理相应工商变更登记。具体修订详见同日披露于巨潮资讯网（www.cninfo.com.cn）的《公司章程修订对照表》、《公司章程（2017年10月）》。



根据公司2017年第三次临时股东大会的授权，本议案无需再提交股东大会



审议。



表决情况：9票同意，0票反对，0票弃权。



三、备查文件



1、经全体与会董事签署的《华自科技股份有限公司第三届董事会第二次会议决议》。



特此公告。



华自科技股份有限公司董事会



2017年10月27日




[点击查看PDF原文]
提示：本网不保证其真实性和客观性，一切有关该股的有效信息，以交易所的公告为准，敬请投资者注意风险。
展开阅读全文"
华自科技:公司章程修订对照表,"https://guba.eastmoney.com/news,300490,723196888.html",2017-10-29 16:35:15,"公告日期：2017-10-30
 华自科技股份有限公司



章程修订对照表



华自科技股份有限公司（以下简称“公司”）2017 年限制性股票激励计划



首次授予登记已完成，公司的注册资本和股份总数发生变动。根据公司2017年



第三次临时股东大会的授权，并经公司第三届董事会第二次会议审议通过，对《公司章程》相应条款修订如下：



条款 原章程内容 修订后章程内容



第六条公司注册资本为人民币 20000公司注册资本为人民币



万元。 20363.8万元。



第十九条 公司股份总数为 20000 万股，公司股份总数为 20363.8万



均为普通股。 股，均为普通股。



除上述修订外，《公司章程》其他内容不变。



华自科技股份有限公司董事会



2017年10月27日




[点击查看PDF原文]
提示：本网不保证其真实性和客观性，一切有关该股的有效信息，以交易所的公告为准，敬请投资者注意风险。
展开阅读全文"
华自科技:公司章程(2017年10月),"https://guba.eastmoney.com/news,300490,723196885.html",2017-10-29 16:35:15,"公告日期：2017-10-30
华自科技股份有限公司



章 程



二〇一七年十月



目录



第一章 总则...... 1



第二章 经营宗旨和范围...... 2



第三章 股份...... 2



第一节 股份发行......2



第二节 股份增减和回购......3



第三节 股份转让......4



第四章 股东和股东大会...... 5



第一节股东......5



第二节 股东大会的一般规定......8



第三节 股东大会的召集......10



第四节 股东大会的提案与通知......12



第五节 股东大会的召开......13



第六节 股东大会的表决和决议......16



第五章 董事会...... 20



第一节 董事......20



第二节 董事会......23



第六章 总经理及其他高级管理人员...... 28



第七章 监事会...... 30



第一节 监事......30



第二节 监事会......30



第八章 财务会计制度、利润分配和审计...... 32



第一节 财务会计制度......32



第二节 内部审计......36



第三节 会计师事务所的聘任......36



第九章 通知...... 37



第一节 通知......37



第二节 公告......38



第十章 合并、分立、增资、减资、解散和清算...... 38



第一节 合并、分立、增资和减资......38



第二节 解散和清算......39



第十一章 修改章程...... 40



第十二章 附则...... 41



第一章 总则



第一条 为维护公司、股东和债权人的合法权益，规范公司的组织和行为，



根据《中华人民共和国公司法》（以下简称“《公司法》”）、《中华人民共和国证券法》（以下简称“《证券法》”）和其他有关规定，制订本章程。



第二条 华自科技股份有限公司（以下简称“公司”）系依照《公司法》和



其他有关规定成立的股份有限公司。



公司由湖南华自科技有限公司整体变更股份有限公司，在湖南省工商行政管理局注册登记并取得证号为430193000024057的营业执照。发起人为湖南华自科技有限公司的全体股东，包括长沙华能自控集团有限公司、广州诚信创业投资有限公司、湖南华鸿景甫创业投资企业（有限合伙）、上海乐洋创业投资中心（有限合伙）、长沙华自投资管理有限公司、黄文宝、汪晓兵、郭旭东、邓海军、喻江南、张为民、胡浩、周艾、刘利国、熊兰、宋辉、苗洪雷、廖建文。



第三条 公司于2015年6月24日经中国证券监督管理委员会核准，首次向



社会公众发行人民币普通股2500万股，于2015年12月31日在深圳证券交易所



创业板上市。



第四条 公司注册名称：华自科技股份有限公司



英文名称：HNACTechnologyCo.,Ltd.



第五条 公司住所：长沙高新开发区麓谷麓松路609号。



邮政编码：410205。



第六条 公司注册资本为人民币20363.8万元。



第七条 公司经营期限为永久。



第八条 董事长为公司法定代表人。



第九条 公司全部资产分为等额股份，股东以其认购的股份为限对公司承担



责任，公司以其全部资产对公司的债务承担责任。



第十条 本公司章程自生效之日起，即成为规范公司的组织与行为、公司与



股东、股东与股东之间权利义务关系的具有法律约束力的文件，对公司、股东、董事、监事、高级管理人员具有法律约束力的文件。依据本章程，股东可以起诉股东，股东可以起诉公司董事、监事、总经理和其他高级管理人员，股东可以起诉公司，公司可以起诉股东、董事、监事、总经理和其他高级管理人员。



第十一条 本章程所称其他高级管理人员是指公司的副总经理、财务总监、



董事会秘书以及董事会认定的其他高级管理人员。



第二章 经营宗旨和范围



第十二条 公司的经营宗旨：以质取信、以信取胜。



第……
[点击查看PDF原文]
提示：本网不保证其真实性和客观性，一切有关该股的有效信息，以交易所的公告为准，敬请投资者注意风险。
展开阅读全文"
华自科技:2017年第三季度报告披露提示性公告,"https://guba.eastmoney.com/news,300490,723196749.html",2017-10-29 16:34:35,"公告日期：2017-10-30
证券代码：300490 证券简称：华自科技 公告编号：2017-122



华自科技股份有限公司



2017年第三季度报告披露提示性公告



本公司及董事会全体成员保证信息披露的内容真实、准确、完整，没有虚假记载、误导性陈述或重大遗漏。



华自科技股份有限公司（以下简称“公司”）于2017年10月26日召开了第



三届董事会第二次会议和第三届监事会第二次会议，审议通过了《关于公司2017



年第三季度报告的议案》。



为使投资者全面了解公司2017年第三季度的经营成果、财务状况及未来发



展规划，公司《2017年第三季度报告全文》将于2017年10月30日在中国证监



会指定的创业板信息披露网站巨潮资讯网（www.cninfo.com.cn）上披露，敬请投资者注意查阅。



特此公告。



华自科技股份有限公司董事会



2017年10月27日




[点击查看PDF原文]
提示：本网不保证其真实性和客观性，一切有关该股的有效信息，以交易所的公告为准，敬请投资者注意风险。
展开阅读全文"
主要是没钱,"https://guba.eastmoney.com/news,300490,722629828.html",2017-10-27 11:04:34,主要是没钱
两个市场估值的接轨这只是很表面的东西,"https://guba.eastmoney.com/news,300490,723135853.html",2017-10-29 07:04:30,她的做法比我原来的做法更细
必康股份：如东县中医院医养融合 PPP一期项目启,"https://guba.eastmoney.com/news,300490,723086756.html",2017-10-28 20:45:39,台湾地区高铁财务困局的启示
垃圾[不赞],"https://guba.eastmoney.com/news,300490,722954263.html",2017-10-28 01:34:28,垃圾[不赞]
十六令字 惊 快马加鞭未下鞍 惊回首 离天三尺三,"https://guba.eastmoney.com/news,300490,722920990.html",2017-10-27 22:23:50,华为 Mate10 全球发布！
盘中涨停股数量为21只,"https://guba.eastmoney.com/news,300490,722846177.html",2017-10-27 18:12:51,两市三百亿逃命去了
今晚会出季报？？？,"https://guba.eastmoney.com/news,300490,722817596.html",2017-10-27 17:00:35,今晚会出季报？？？
情绪低落,"https://guba.eastmoney.com/news,300490,722732265.html",2017-10-27 14:27:39,
大盘下跌之日就是你雄起之日,"https://guba.eastmoney.com/news,300490,722602848.html",2017-10-27 10:23:28,大盘下跌之日就是你雄起之日
太没劲了这股,"https://guba.eastmoney.com/news,300490,722598384.html",2017-10-27 10:16:41,太没劲了这股
洗盘基本结束了,"https://guba.eastmoney.com/news,300490,722560312.html",2017-10-27 08:57:33,洗盘基本结束了
不能再坚持,"https://guba.eastmoney.com/news,300490,722195795.html",2017-10-26 14:16:16,不能再坚持
买了此股感觉好无奈啊，今天大盘走这么好，庄家有病吗,"https://guba.eastmoney.com/news,300490,722192758.html",2017-10-26 14:11:44,买了此股感觉好无奈啊，今天大盘走这么好，庄家有病吗
490,"https://guba.eastmoney.com/news,300490,722186085.html",2017-10-26 14:01:25,300490怎么里面那么多卖BING ZI的。
市市净率和市盈,"https://guba.eastmoney.com/news,300490,722102555.html",2017-10-26 11:01:32,市市净率和市盈
飘忽,"https://guba.eastmoney.com/news,300490,721891149.html",2017-10-25 22:06:35,只是在实战过程中
603727盘小绩优超跌，你69敢买，跌到28元你不敢,"https://guba.eastmoney.com/news,300490,721852524.html",2017-10-25 20:32:13,也带动了其它锂电股。第二块是区域地图
阶段性的调整仍在进行时,"https://guba.eastmoney.com/news,300490,721837053.html",2017-10-25 19:53:19,该平台下沿有支撑；而上方3145~3165点小平台上沿有压力
看好后期走势，一比八配资跟进操作哈哈,"https://guba.eastmoney.com/news,300490,720824057.html",2017-10-23 20:24:32,"看好后期走势，一比八配资跟进操作哈哈

不错哈哈"
垃圾,"https://guba.eastmoney.com/news,300490,721685453.html",2017-10-25 13:52:53,垃圾
说了这死股买不得的，一买就跌的,"https://guba.eastmoney.com/news,300490,721000799.html",2017-10-24 09:48:56,说了这死股买不得的，一买就跌的
扛得住狗的洗么,"https://guba.eastmoney.com/news,300490,720997517.html",2017-10-24 09:44:05,扛得住狗的洗么
散户别买了，买进就套的,"https://guba.eastmoney.com/news,300490,720990994.html",2017-10-24 09:33:35,散户别买了，买进就套的
发行价格是多少啊？,"https://guba.eastmoney.com/news,300490,720876976.html",2017-10-23 23:02:45,发行价格是多少啊？
华自科技收到重组核准文件，明天涨停！,"https://guba.eastmoney.com/news,300490,720850887.html",2017-10-23 21:48:19,华自科技收到重组核准文件，明天涨停！
只吃不拉早晚要撑死,"https://guba.eastmoney.com/news,300490,720906050.html",2017-10-24 01:00:14,只吃不拉早晚要撑死
华自科技:关于取得军工二级保密资格的公告,"https://guba.eastmoney.com/news,300490,721318473.html",2017-10-24 20:50:55,"公告日期：2017-10-24
证券代码：300490 证券简称：华自科技 公告编号：2017-119



华自科技股份有限公司



关于取得军工二级保密资格的公告



本公司及董事会全体成员保证信息披露的内容真实、准确、完整，没有虚假记载、误导性陈述或重大遗漏。



近日，华自科技股份有限公司（以下简称“公司”）收到湖南省国家保密局、湖南省国防科技工业局联合下发的《关于批准华自科技股份有限公司为军工二级保密资格单位的通知》（湘政保[2017]60号），通知具体内容如下：



“依据《武器装备科研生产单位保密资格认定办法》的规定，经湖南省军工保密资格审查认证机构审查和省军工保密资格认证委员会审议，批准你单位为军工二级保密资格单位，并报请国家军工认定委将你单位列入二级保密资格单位名录，有效期为2017年9月30日至2022年9月29日。”



取得军工保密资格认证是公司承担机密级科研生产任务的必要前提。本次公司取得二级军工保密资格，进一步完善了公司的资质体系，为公司开拓军工市场以及未来在军工领域的发展奠定了良好的基础。



本公告仅为公司取得保密资格情况的说明，敬请广大投资者理性投资，注意投资风险。



特此公告。



华自科技股份有限公司董事会



2017年10月24日




[点击查看PDF原文]
提示：本网不保证其真实性和客观性，一切有关该股的有效信息，以交易所的公告为准，敬请投资者注意风险。"
18.18成交500股,"https://guba.eastmoney.com/news,300490,721561816.html",2017-10-25 09:46:43,同上
中报业绩怎么样？,"https://guba.eastmoney.com/news,300490,721653001.html",2017-10-25 12:40:38,至少要先站上并站稳60日线
金叉、进场也不怕,"https://guba.eastmoney.com/news,300490,720671729.html",2017-10-23 14:00:22,金叉、进场也不怕
2017.10.13日分时图大致一样，然后就四连阴，今日亦是如此，可怜的烂股啊…,"https://guba.eastmoney.com/news,300490,720699420.html",2017-10-23 14:51:27,2017.10.13日分时图大致一样，然后就四连阴，今日亦是如此，可怜的烂股啊……然后就没有然后了……卖光卖光！
华自科技:东兴证券股份有限公司关于公司发行股份及支付现金购买资产并募集配套资金暨关联交易之独立财务顾问报告,"https://guba.eastmoney.com/news,300490,720811000.html",2017-10-23 19:43:32,"公告日期：2017-10-23
 东兴证券股份有限公司



关于



华自科技股份有限公司



发行股份及支付现金购买资产



并募集配套资金暨关联交易



之



独立财务顾问报告



独立财务顾问



二零一七年十月



目录



目录......2



释义......5



一、一般释义......5



二、行业释义......8



重大事项提示......11



一、本次交易方案概述......11



二、标的资产估值及作价......12



三、本次发行股份情况......13



四、本次交易相关业绩补偿及奖励安排......22



五、本次重组相关方做出的重要承诺......27



六、本次交易的协议签署情况......35



七、本次交易构成关联交易......36



八、本次交易构成重大资产重组......36



九、本次交易未导致上市公司控制权的变化亦不构成借壳上市......37



十、本次重组对上市公司的影响......37



十一、本次交易已履行的批准或核准......43



十二、本次重组对中小投资者权益保护的安排......45



十三、独立财务顾问的保荐机构资格......50



重大风险提示......52



一、本次交易相关的风险......52



二、标的公司业务和经营相关的风险......54



三、其他风险......59



第一节 声明与承诺......60



一、独立财务顾问声明......60



二、独立财务顾问承诺......61



第二节 本次交易概况......63



一、本次交易的背景及目的......63



二、本次交易的决策过程和批准情况......69



三、本次交易具体方案......69



四、本次交易构成关联交易......82



五、本次交易构成重大资产重组......82



六、本次交易未导致上市公司控制权的变化亦不构成借壳上市......82



七、本次交易对上市公司的影响......83



第三节 交易标的基本情况......93



一、精实机电......93



二、格兰特......134



三、会计政策及会计处理......224



第四节 交易标的评估情况......233



一、标的资产评估基本情况......233



二、精实机电100%股权的评估情况......233



三、格兰特100%股权的评估情况......263



四、关于收益法评估 Beta 系数、特有风险收益法、所得税率的补充说明



......297



五、董事会东本次交易标的评估合理性及定价公允性分析......304



六、董事会对本次股份发行定价合理性的分析......311



七、独立董事对评估机构的独立性、评估假设前提的合理性和评估定价的公允性发表意见......311第五节 独立财务顾问意见......313一、基本假设....................................................................................................313



二、本次重组交易合法合规分析......313



三、本次交易不构成借壳上市......328



四、关于本次交易所涉及的资产定价合理性的意见......329



五、关于评估方法的适当性、评估假设前提的合理性、预期未来收入增长率、折现率等重要评估参数取值的合理性、预期收益的可实现性的核查意见........330



六、本次交易……
[点击查看PDF原文]
提示：本网不保证其真实性和客观性，一切有关该股的有效信息，以交易所的公告为准，敬请投资者注意风险。
展开阅读全文"
明天开始四连阴……,"https://guba.eastmoney.com/news,300490,720716349.html",2017-10-23 15:29:35,明天开始四连阴……
华自科技:关于发行股份及支付现金购买资产并募集配套资金暨关联交易事项获得中国证监会核准批文的公告,"https://guba.eastmoney.com/news,300490,720811001.html",2017-10-23 19:43:32,"公告日期：2017-10-23
证券代码：300490 证券简称：华自科技 公告编号：2017-118



华自科技股份有限公司



关于发行股份及支付现金购买资产并募集配套资金



暨关联交易事项获得中国证监会核准批文的公告



本公司及董事会全体成员保证信息披露的内容真实、准确、完整，没有虚假记载、误导性陈述或重大遗漏。



华自科技股份有限公司（以下简称“公司”）于2017年10月23日收到中国



证券监督管理委员会（以下简称“中国证监会”）《关于核准华自科技股份有限公司向李洪波等发行股份购买资产并募集配套资金的批复》（证监许可[2017]1842号）。现将批复主要内容公告如下：



一、核准你公司向李洪波发行6,991,609股股份，向毛秀红发行3,094,006



股股份，向格然特科技（湖州）有限公司发行7,765,924股股份，向长沙华能自



控集团有限公司发行6,353,938股股份，向北京格莱特投资管理中心（有限合伙）



发行743,150股股份购买相关资产。



二、核准你公司非公开发行股份募集配套资金不超过57,000万元。



三、你公司本次发行股份购买资产并募集配套资金应当严格按照报送我会的方案及有关申请文件进行。



四、你公司应当按照有关规定及时履行信息披露义务。



五、你公司应当按照有关规定办理本次发行股份的相关手续。



六、本批复自下发之日起12个月内有效。



七、你公司在实施过程中，如发生法律、法规要求披露的重大事项或遇重大问题，应当及时报告我会。



公司董事会将按照相关法律法规和上述核准文件的要求及股东大会的授权尽快办理本次发行股份及支付现金购买资产并募集配套资金暨关联交易事项有关的后续实施事宜，并将根据进展情况及时履行信息披露义务，敬请广大投资者关注公司公告并注意投资风险。



有关本次发行股份及支付现金购买资产并募集配套资金暨关联交易事宜的联系人和联系方式如下：



1、发行人：华自科技股份有限公司



联系人：宋辉



电话：0731-88238888转8612



传真：0731-88907777



2、独立财务顾问：东兴证券股份有限公司



独立财务顾问主办人：王伟洲、袁科



联系人：王伟洲、袁科



电话：0755-83268152



传真：0755-83256571



特此公告。



华自科技股份有限公司董事会



2017年10月23日




[点击查看PDF原文]
提示：本网不保证其真实性和客观性，一切有关该股的有效信息，以交易所的公告为准，敬请投资者注意风险。
展开阅读全文"
华自科技:发行股份及支付现金购买资产并募集配套资金暨关联交易报告书(草案)(修订稿)摘要,"https://guba.eastmoney.com/news,300490,720811003.html",2017-10-23 19:43:32,"公告日期：2017-10-23
股票代码：300490 股票简称：华自科技 上市地点：深圳证券交易所



华自科技股份有限公司



HNACTECHNOLOGYCO.,LTD.



发行股份及支付现金购买资产并募集配套资金



暨关联交易报告书（草案）（修订稿）摘要



购买资产的交易对方 通讯地址/住所



李洪波先生 深圳市南山区沙河西路英伦名苑



毛秀红女士 深圳市南山区沙河西路英伦名苑



共青城尚坤投资管理合伙企业（有限 江西省九江市共青城市共青大道90号私募基金创新



合伙） 园内



格然特科技（湖州）有限公司 浙江省湖州市红丰路1366号3幢12层1210-6



长沙华能自控集团有限公司 长沙高新开发区桐梓坡西路408号保利.麓谷林语A1



栋3004号



北京格莱特投资管理中心（有限合 北京市顺义区仁和镇怡馨家园29号104室



伙）



募集配套资金的认购方



不超过5名（含5名）符合条件的特定对象



独立财务顾问



签署日期：二零一七年十月



公司声明



上市公司及全体董事、监事、高级管理人员承诺保证重组报告书的真实、准确、完整，保证重大资产重组的信息披露和申请文件不存在虚假记载、误导性陈述或者重大遗漏，对报告书的虚假记载、误导性陈述或重大遗漏负连带责任；同时承诺如本次交易因涉嫌所提供或者披露的信息存在虚假记载、误导性陈述或者重大遗漏，被司法机关立案侦查或者被中国证监会立案调查的，在案件调查结论明确之前，将暂停转让其在该上市公司拥有权益的股份。



上市公司财务负责人和主管会计工作负责人、会计机构负责人保证重组报告书中财务会计资料真实、准确、完整。



本次发行股份及支付现金购买资产并募集配套资金的生效和完成尚待取得有关审批机关的批准或核准。审批机关对于本次交易相关事项所做出的任何决定或意见，均不表明其对上市公司股票的价值或投资者的收益作出实质性判断或保证。任何与之相反的声明均属虚假不实陈述。



本次交易完成后，公司经营与收益的变化，由公司自行负责；因本次交易引致的投资风险，由投资者自行负责。投资者在评价公司本次交易时，除重组报告书内容以及与重组报告书同时披露的相关文件外，还应认真地考虑重组报告书披露的各项风险因素。



投资者若对重组报告书存在任何疑问，应咨询自己的股票经纪人、律师、专业会计师或其他专业顾问。



本报告书所述的本次发行股份及支付现金购买资产并募集配套资金的相关事项已经取得中国证监会的核准。



交易对方声明



本次发行股份及支付现金购买资产的交易对方李洪波先生、毛秀红女士、共青城尚坤投资管理合伙企业（有限合伙）、格然特科技（湖州）有限公司、长沙华能自控集团有限公司均已出具承诺函，保证其为本次交易所提供的有关信息真实、准确和完整，不存在虚假记载、误导性陈述或者重大遗漏，并对所提供信息的真实性、准确性和完整性承担个别和连带的法律责任。同时承诺如本次交易因涉嫌所提供或者披露的信息存在虚假记载、误导性陈述或者重大遗漏，被司法机关立案侦查或者被中国证监会立案调查的，在案件调查结论明确之前，将暂停转让其在该上市公司拥有权益的股份。



中介机构承诺



根据中国证监会《进一步优化审核流程提高审核效率推动并购重组市场快速发展》及2015年11月11日发布的《关于并购重组申报文件相关问题与解答》中的规定，本次发行股份及支付现金购买资产并募集配套资金的独立财务顾问东兴证券股份有限公司、法律顾问湖南启元律师事务所、审计机构天职国际会计师事务所（特殊普通合伙）、评估机构开元资产评估有限公司等证券服务机构均已出具如下承诺：……
[点击查看PDF原文]
提示：本网不保证其真实性和客观性，一切有关该股的有效信息，以交易所的公告为准，敬请投资者注意风险。
展开阅读全文"
华自科技:发行股份及支付现金购买资产并募集配套资金暨关联交易报告书(草案)(修订稿),"https://guba.eastmoney.com/news,300490,720810967.html",2017-10-23 19:43:26,"公告日期：2017-10-23
股票代码：300490 股票简称：华自科技 上市地点：深圳证券交易所



华自科技股份有限公司



HNACTECHNOLOGYCO.,LTD.



发行股份及支付现金购买资产并募集配套资金



暨关联交易报告书（草案）（修订稿）



购买资产的交易对方 通讯地址/住所



李洪波先生 深圳市南山区沙河西路英伦名苑



毛秀红女士 深圳市南山区沙河西路英伦名苑



共青城尚坤投资管理合伙企业（有限 江西省九江市共青城市共青大道90号私募基金创新



合伙） 园内



格然特科技（湖州）有限公司 浙江省湖州市红丰路1366号3幢12层1210-6



长沙华能自控集团有限公司 长沙高新开发区桐梓坡西路408号保利.麓谷林语A1



栋3004号



北京格莱特投资管理中心（有限合 北京市顺义区仁和镇怡馨家园29号104室



伙）



募集配套资金的认购方



不超过5名（含5名）符合条件的特定对象



独立财务顾问



签署日期：二零一七年十月



公司声明



上市公司及全体董事、监事、高级管理人员承诺保证重组报告书的真实、准确、完整，保证重大资产重组的信息披露和申请文件不存在虚假记载、误导性陈述或者重大遗漏，对报告书的虚假记载、误导性陈述或重大遗漏负连带责任；同时承诺如本次交易因涉嫌所提供或者披露的信息存在虚假记载、误导性陈述或者重大遗漏，被司法机关立案侦查或者被中国证监会立案调查的，在案件调查结论明确之前，将暂停转让其在该上市公司拥有权益的股份。



上市公司财务负责人和主管会计工作负责人、会计机构负责人保证重组报告书中财务会计资料真实、准确、完整。



本次发行股份及支付现金购买资产并募集配套资金的生效和完成尚待取得有关审批机关的批准或核准。审批机关对于本次交易相关事项所做出的任何决定或意见，均不表明其对上市公司股票的价值或投资者的收益作出实质性判断或保证。任何与之相反的声明均属虚假不实陈述。



本次交易完成后，公司经营与收益的变化，由公司自行负责；因本次交易引致的投资风险，由投资者自行负责。投资者在评价公司本次交易时，除重组报告书内容以及与重组报告书同时披露的相关文件外，还应认真地考虑重组报告书披露的各项风险因素。



投资者若对重组报告书存在任何疑问，应咨询自己的股票经纪人、律师、专业会计师或其他专业顾问。



本报告书所述的本次发行股份及支付现金购买资产并募集配套资金的相关事项已经取得中国证监会的核准。



交易对方声明



本次发行股份及支付现金购买资产的交易对方李洪波先生、毛秀红女士、共青城尚坤投资管理合伙企业（有限合伙）、格然特科技（湖州）有限公司、长沙华能自控集团有限公司均已出具承诺函，保证其为本次交易所提供的有关信息真实、准确和完整，不存在虚假记载、误导性陈述或者重大遗漏，并对所提供信息的真实性、准确性和完整性承担个别和连带的法律责任。同时承诺如本次交易因涉嫌所提供或者披露的信息存在虚假记载、误导性陈述或者重大遗漏，被司法机关立案侦查或者被中国证监会立案调查的，在案件调查结论明确之前，将暂停转让其在该上市公司拥有权益的股份。



中介机构承诺



根据中国证监会《进一步优化审核流程提高审核效率推动并购重组市场快速发展》及2015年11月11日发布的《关于并购重组申报文件相关问题与解答》中的规定，本次发行股份及支付现金购买资产并募集配套资金的独立财务顾问东兴证券股份有限公司、法律顾问湖南启元律师事务所、审计机构天职国际会计师事务所（特殊普通合伙）、评估机构开元资产评估有限公司等证券服务机构均已出具如下承……
[点击查看PDF原文]
提示：本网不保证其真实性和客观性，一切有关该股的有效信息，以交易所的公告为准，敬请投资者注意风险。
展开阅读全文"
金 叉已现 要雄起咯！,"https://guba.eastmoney.com/news,300490,720683994.html",2017-10-23 14:22:46,金 叉已现 要雄起咯！
北大荒龙头下午封板带动农业,"https://guba.eastmoney.com/news,300490,720657228.html",2017-10-23 13:35:00,北大荒龙头下午封板带动农业
别追进去了，追进去你们就要套了，,"https://guba.eastmoney.com/news,300490,720657142.html",2017-10-23 13:34:50,别追进去了，追进去你们就要套了，
17.38成交2000股中国股市遍地黄金,"https://guba.eastmoney.com/news,300490,720650855.html",2017-10-23 13:23:10,同上
当心股友们，不要被这公司骗了，别买,"https://guba.eastmoney.com/news,300490,720650847.html",2017-10-23 13:23:08,当心股友们，不要被这公司骗了，别买
二次冲封,"https://guba.eastmoney.com/news,300490,720650570.html",2017-10-23 13:22:37,第二次冲封中
一千万能封涨停不[想一下],"https://guba.eastmoney.com/news,300490,720648296.html",2017-10-23 13:18:13,一千万能封涨停不
一不小心就闹涨停,"https://guba.eastmoney.com/news,300490,720648192.html",2017-10-23 13:18:01,一不小心就闹涨停
目送涨停,"https://guba.eastmoney.com/news,300490,720647943.html",2017-10-23 13:17:30,目送涨停
主力在路上,"https://guba.eastmoney.com/news,300490,720640902.html",2017-10-23 13:02:07,RT
今天主力不在，震荡！跌多了买点，涨多了有票的卖点！,"https://guba.eastmoney.com/news,300490,720588400.html",2017-10-23 10:54:01,今天主力不在，震荡！跌多了买点，涨多了有票的卖点！
什么玩意公司，真是穷疯了,"https://guba.eastmoney.com/news,300490,720578685.html",2017-10-23 10:38:31,一个劲的往外抛，变现，tmd高管都穷疯了
真的不要买了,"https://guba.eastmoney.com/news,300490,720555616.html",2017-10-23 10:02:36,真的不要买了
股友们不要在买这个股了，,"https://guba.eastmoney.com/news,300490,720555478.html",2017-10-23 10:02:21,股友们不要在买这个股了，
充电桩,"https://guba.eastmoney.com/news,300490,720171156.html",2017-10-21 12:45:38,日线沪指收出小阴线
你好东有点,"https://guba.eastmoney.com/news,300490,720179106.html",2017-10-21 13:28:46,你好东有点
这样的垃圾,"https://guba.eastmoney.com/news,300490,719881980.html",2017-10-20 16:24:47,这样的垃圾
这死逼又绿了！,"https://guba.eastmoney.com/news,300490,719832745.html",2017-10-20 14:42:41,二是作出明确的规定
当格力的老,"https://guba.eastmoney.com/news,300490,719835197.html",2017-10-20 14:46:34,当格力的老
放屁,"https://guba.eastmoney.com/news,300490,441227586.html",2016-07-07 11:26:08,放屁
明天必开版大跌,"https://guba.eastmoney.com/news,300490,719827873.html",2017-10-20 14:35:05,日经被拖下水了
心情很平静,"https://guba.eastmoney.com/news,300490,719823544.html",2017-10-20 14:28:59,买股票要有计划，打有准备的仗。任何时候，买股
辛辛苦苦回到8月份,"https://guba.eastmoney.com/news,300490,719828535.html",2017-10-20 14:36:04,这股最大的特点是涨不动，跌很快
华哥你睡着了吗？,"https://guba.eastmoney.com/news,300490,719780678.html",2017-10-20 13:21:32,华哥你睡着了吗？
那些天天不满挂跌停的200手估计这两天吓跑了吧都不挂了,"https://guba.eastmoney.com/news,300490,719643026.html",2017-10-20 09:19:13,那些天天不满挂跌停的200手估计这两天吓跑了吧都不挂了
今天跌停……,"https://guba.eastmoney.com/news,300490,719652572.html",2017-10-20 09:36:52,今天跌停……
个股普跌之际，保险股强力护盘，指数平稳运行。,"https://guba.eastmoney.com/news,300490,719620219.html",2017-10-20 08:10:48,国家的操盘手好猛，地成交量，就是不跌，好大的
尽管创业板下跌。我仍然认为，作为完全投机的中,"https://guba.eastmoney.com/news,300490,719579564.html",2017-10-20 05:58:50,上涨中所有人都忘记了疼痛
主板市场资源类股票经过今天的普跌之后,"https://guba.eastmoney.com/news,300490,719561730.html",2017-10-20 05:10:44,又灾了
反正老子没打算活，拼了，烧死一帮人值得，,"https://guba.eastmoney.com/news,300490,719430665.html",2017-10-19 22:52:01,反正老子没打算活，拼了，烧死一帮人值得，
吹牛逼啊  收购都是在骗人的,"https://guba.eastmoney.com/news,300490,719432267.html",2017-10-19 22:56:00,吹牛逼啊 收购都是在骗人的
跌成这个样，是不是购买资产要吹啊？,"https://guba.eastmoney.com/news,300490,719211729.html",2017-10-19 15:15:36,跌成这个样，是不是购买资产要吹啊？
非公开发行股票的价格是几个交易日的平均价,"https://guba.eastmoney.com/news,300490,719359628.html",2017-10-19 20:23:45,所以故意压低股价
我感觉公司为了非公开发行股票，才走成这样。,"https://guba.eastmoney.com/news,300490,719356048.html",2017-10-19 20:15:01,降低发行股价，以便成功融资
今天自选股的股票都没什么买盘，你们的是不是也一样？,"https://guba.eastmoney.com/news,300490,718520271.html",2017-10-18 13:38:30,今天自选股的股票都没什么买盘，你们的是不是也一样？
创业板马上翻红,"https://guba.eastmoney.com/news,300490,719039952.html",2017-10-19 10:37:48,创业板马上翻红
每次锂电板块跌你TM的都带头...,"https://guba.eastmoney.com/news,300490,719187912.html",2017-10-19 14:44:19,每次锂电板块跌你TM的都带头...
实话实说东,"https://guba.eastmoney.com/news,300490,719207438.html",2017-10-19 15:09:04,实话实说东
我们关注到华自科技和山东矿机同时过会，也是同样有条件通过。但有个细节是9月5日山,"https://guba.eastmoney.com/news,300490,719206430.html",2017-10-19 15:01:00,【问】我们关注到华自科技和山东矿机同时过会，也是同样有条件通过。但有个细节是9月5日山东矿机已经提交了补充资料。请问华自科技是不需要提交补充材料吗？还是还没有准备完？这个直接关系到何时能拿到正式批文，请尽快回答，谢谢！ 【答】华自科技：您好！公司重大资产重组项目正在顺利推进中，目前已获证监会审核有条件通过，尚未取得正式核准文件，如拿到正式批文，公司将及时履行信息披露义务，感谢您的关注。¶¶2017-10-19 15:01:00 §
草，啥意思,"https://guba.eastmoney.com/news,300490,718520473.html",2017-10-18 13:38:47,草，啥意思
该股票的价值完全被破坏。,"https://guba.eastmoney.com/news,300490,719171900.html",2017-10-19 14:23:18,该股票的价值完全被破坏。
勿知道该票能炒底？？还足垃圾遍地！！！看来没怎么希望了……,"https://guba.eastmoney.com/news,300490,719135382.html",2017-10-19 13:29:30,勿知道该票能炒底？？还足垃圾遍地！！！看来没怎么希望了……
垃圾股，庒都死没了,"https://guba.eastmoney.com/news,300490,719132518.html",2017-10-19 13:24:54,垃圾股，庒都死没了
破10块的节奏，好垃圾啊,"https://guba.eastmoney.com/news,300490,719124742.html",2017-10-19 13:10:04,破10块的节奏，好垃圾啊
华自的大股东减持完没有？都减持二个月了，减持完了就可以大涨了。,"https://guba.eastmoney.com/news,300490,719080845.html",2017-10-19 11:26:59,华自的大股东减持完没有？都减持二个月了，减持完了就可以大涨了。
公司名称不伦不类，建议更改名字！,"https://guba.eastmoney.com/news,300490,719062431.html",2017-10-19 11:02:36,根据主要业务及发展方向
走了，垃圾,"https://guba.eastmoney.com/news,300490,719002905.html",2017-10-19 09:59:38,走了，垃圾
