标题,链接,发布时间,内容
这样的走势胆小的吓死，胆大的赚死,"https://guba.eastmoney.com/news,601028,464696109.html",2016-07-22 11:17:27,昨天一个大阴线不可怕，可怕的是今天的走势，幸好目前为止，玉龙的走势还不错，今天只要涨，或者平都行，下周会来一波，但今天收阴，那就只有离场，等待机会再进，今天那些离场人也没错，炒股嘛每个人的思维不同，但不需要说别人傻之类的，互相交流，共同赚钱才是王道
直接涨停,"https://guba.eastmoney.com/news,601028,478868503.html",2016-07-25 13:56:27,明天一字板
涨停板下午！,"https://guba.eastmoney.com/news,601028,478378152.html",2016-07-25 11:25:07,涨停板下午！
最低涨至17元，立贴为证。,"https://guba.eastmoney.com/news,601028,468385086.html",2016-07-23 10:21:37,最低涨至17元，立贴为证。
不小心又买入了,"https://guba.eastmoney.com/news,601028,478287086.html",2016-07-25 10:58:14,9块钱还是买入了一半，突然发现大盘好像出现背离。希望自已判断是错的。
玉龙转型时间还早，管理层还没换，资产未剥离，王剩余表决权未买入。,"https://guba.eastmoney.com/news,601028,471834013.html",2016-07-24 08:29:52,玉龙转型时间还早，管理层还没换，资产未剥离，王剩余表决权未买入。
12块再说，稍安勿躁,"https://guba.eastmoney.com/news,601028,478278581.html",2016-07-25 10:56:06,12块再说，稍安勿躁
今天有冲涨停的趋势,"https://guba.eastmoney.com/news,601028,478272725.html",2016-07-25 10:54:15,今天有冲涨停的趋势
未来妖股？长期持有？别跌一点就瓜瓜叫？,"https://guba.eastmoney.com/news,601028,478251080.html",2016-07-25 10:47:52,自己决定
竟然是洗盘，晕,"https://guba.eastmoney.com/news,601028,478145474.html",2016-07-25 10:19:21,竟然是洗盘，晕
这个月底上10块,"https://guba.eastmoney.com/news,601028,478110905.html",2016-07-25 10:10:04,这个月底上10块
故意打压,"https://guba.eastmoney.com/news,601028,478101115.html",2016-07-25 10:07:39,故意打压
今天不会跌停了吧[滴汗][滴汗][滴汗],"https://guba.eastmoney.com/news,601028,478061792.html",2016-07-25 09:56:45,今天不会跌停了吧
玩t的朋友可以考虑逢高出,"https://guba.eastmoney.com/news,601028,478092513.html",2016-07-25 10:05:16,玩t的朋友可以考虑逢高出
可以买入玩t,"https://guba.eastmoney.com/news,601028,478008017.html",2016-07-25 09:41:50,可以买入玩t
近期剧烈震荡，长期走势看好_0722,"https://guba.eastmoney.com/news,601028,464470023.html",2016-07-22 10:21:16,"声明：非庄托，喷子闭嘴。

此股不分析基本面，主要看王学文资本运作及后续资产注入类型，黑牛食品基本上已经定位IT信息类，后续注入资产先不猜想。不过从当前借壳重组监管日趋严格的情况下，还能继续进行此类运作的，没有十足的把握是不敢玩儿的。
从其操作黑牛食品来看，操作方式比较谨慎娴熟，剥离原业务资产，成立科技子公司，通过自家资产启动业务。

王旗下优质资产不少，现在手上有两个壳资源，黑牛和玉龙装什么应该也有计划（逐步运作公司后续偏向既定行业）。假设仅仅是为了倒手卖壳，那想象空间会更大。

总之，在重组监管日益趋严的情况，还能继续这样折腾不是天才就是疯子，如果你不认为王是疯子的话，那就清仓出出局。如果不是话，就用存银行银子留好筹码，技术好的可以做T，技术不好尽量少折腾，一年以后相信肯定比定期储蓄收益好很多。

下面是转过来，可以想象下别当真，呵呵呵呵

转自银眼：市场分析指出，奇虎360私有化成本为93亿美元，回归A股估值应不会低于900亿元，其借壳对象的散户市值应不低于100亿元；考虑到散户市值一般不超过总市值的65%，则被借壳公司总市值不应低于153亿元，否则就达不到“借壳后新公司散户持股比例高于10%”的上市标准。

同理，以安全业务1500亿元的估值上限计算，借壳对象的公众持股市值应不低于其1/9，约167亿元；再按照散户市值占总市值的65%计算，被借壳公司的总市值应不低于257亿元。因此，奇虎360选择壳的市值要在150亿元至257亿元之间。出于借壳方价值最大化的需求，奇虎360当然倾向于选择可能范围内市值较小的壳。

另外，以360安全和搜索业务的整体估值1800亿元计算，壳公司的市值将不低于300亿元。两市中满足这些条件的公司通常已具规模，成为“壳”的可能性极小。"
来看看大家,"https://guba.eastmoney.com/news,601028,461707302.html",2016-07-21 18:46:16,"那个湖北佬呢？就会到处放炮。
我为什么今天一大早出货，理由。
1、人家老总7块都出得我9块4为什么不出？
2、湖北佬说什么360，可是360到处股吧都是而且一直叫别人封板，不叫还好，叫了我必走；前段时间中央天天叫，什么全民救市，如果叫有用还在就因该叫牛市了，但大家说现在股市牛了吗？
3、人不贪就好，大盘有回调表现。玉龙不就是换了个主人，业绩没涨，钱没多，合同该签的也签了，短期看也就是这个价了。
所以作为散户你们看着办吧。"
王文学这个名字就是上涨的理由，玉龙，黑牛真不敢想象能涨到多少？,"https://guba.eastmoney.com/news,601028,468454454.html",2016-07-23 11:39:31,王文学这个名字就是上涨的理由，玉龙，黑牛真不敢想象能涨到多少？
[鼓掌][鼓掌][鼓掌],"https://guba.eastmoney.com/news,601028,472857007.html",2016-07-24 17:48:04,
360的菜，我猜的,"https://guba.eastmoney.com/news,601028,470224034.html",2016-07-23 23:24:28,
逆势操作有谁能赚，顺势操作不赚也难,"https://guba.eastmoney.com/news,601028,470822995.html",2016-07-24 02:41:10,逆势操作有谁能赚，顺势操作不赚也难
玉龙开盘这几天吧里好像多了很多SB砖家发贴，然后就用小号回贴，说什么老尸辛苦了，,"https://guba.eastmoney.com/news,601028,470132718.html",2016-07-23 22:56:40,玉龙开盘这几天吧里好像多了很多SB砖家发贴，然后就用小号回贴，说什么老尸辛苦了，支持老尸之类的，要不要脸了？自己玩股能赚到钱就不会到处骗了，SB才会信你们所谓的砖家，啪啪啪…
现在，借壳和跨特定行业并购都被收紧，直接减少了‘黑马’的产生，想抓就更难了。但是,"https://guba.eastmoney.com/news,601028,469994418.html",2016-07-23 22:12:36,现在，借壳和跨特定行业并购都被收紧，直接减少了‘黑马’的产生，想抓就更难了。但是一些公告过产业转型升级方向但暂时步伐不大，或者实际控制人变更但还没进行下一步动作，或者注入的资产质地很好但没被市场认可等类型的公司还是有不少的，我们把这类股票称为‘斑马’。”钟志锋透露说，他们现在的持仓中有不少就是之前逢低配置的“斑马”股。
有谁要卖？,"https://guba.eastmoney.com/news,601028,469729058.html",2016-07-23 20:14:18,有谁要卖？
七月妖股排行榜 600119 长江投资，000413 东旭光电，601028 玉龙股份。,"https://guba.eastmoney.com/news,601028,469215354.html",2016-07-23 17:17:46,【七月妖股排行榜】（更新至7月22日 晚上23：00） 600119 长江投资，000413 东旭光电，601028 玉龙股份。
英雄是时代的产物，龙头是后市的需要,"https://guba.eastmoney.com/news,601028,465692960.html",2016-07-22 16:46:34,"从整个盘面运行情况看，前期涨幅过大的品种大都出现了明显的向下杀跌走势，其实，就是获利盘的落袋为安。这其中，以次新股为最甚。这个板块前期炒作最猛，目前接市场攀升到高位选择出货，当属正常。提醒投资者小心谨慎，对这类近期涨幅已经严重偏离基本面的个股要果断离场。对市场来说，你要知道主线是什么。其实本来行情伊始，主线就是围绕供给侧改革和真正业绩改善两条线展开的。供给侧基本就是有色为代表的概念股，而业绩改善就是以新能源为代表的个股。两条主线在前期的炒作中已经被市场反复挖掘，或者说，已经濒临炒作的末端。所以，这个时候对这类品种也要小心[不屑]，即便后期再有行情，很大程度上也是在筑造顶部过程。

我想朋友们也看到了玉龙股份怎么样？我也在关注，近期走势不是很给力，但是还是可
以拿一拿的，至于何时进出我会在第一时间告诉朋友们。"
601028:玉龙股份关于筹划其他重大事项进展暨延期复牌的公告,"https://guba.eastmoney.com/news,601028,449633526.html",2016-07-15 18:27:50,"公告日期：2016-07-16
证券代码：601028 证券简称：玉龙股份 公告编号：2016-040

江苏玉龙钢管股份有限公司

关于筹划其他重大事项进展暨延期复牌的公告

本公司董事会及全体董事保证本公告内容不存在任何虚假记载、误导性陈述或者重大遗漏，并对其内容的真实性、准确性和完整性承担个别及连带责任。

江苏玉龙钢管股份有限公司（以下简称“公司”或“玉龙股份”）于2016年7月9日发布了《玉龙股份停牌公告》（公告编号：2016-039），披露了因公司正在商议重要事项，鉴于该事项存在重大不确定性，经向上海证券交易所申请，公司股票自2016年7月11日起连续停牌。

一、本次筹划其他重大事项的进展情况

停牌期间，公司已初步确认此次重大事项系实际控制人转让股份，此次股份转让可能导致实际控制人变更。目前，相关各方正在就交易方案具体事宜进行沟通和磋商。

二、关于延期复牌的董事会审议情况

2016年7月15日，公司第三届董事会第二十一次（临时）会议以通讯表决方式召开，会议应出席董事7名，实际出席董事7名。会议以7票同意、0票反对、0票弃权审议通过了《关于筹划其他重大事项延期复牌的议案》。鉴于交易方案具体事宜尚在沟通中，该重大事项仍存在不确定性，董事会同意公司向上海证券交易所申请延期复牌，公司股票自2016年7月18日至2016年7月22日继续停牌。若公司在2016年7月22日之前披露交易方案，公司将申请提前复牌。

三、申请继续停牌时间及继续停牌期间的工作安排

为保证公平信息披露，维护投资者利益，避免造成公司股价异常波动，根据《上市公司筹划重大事项停复牌业务指引》的要求，公司已向上海证券交易所申请股票自2016年7月18日至2016年7月22日继续停牌。若公司在2016年7月22日之前披露交易方案，公司将申请提前复牌。

公司股票继续停牌期间，相关各方将加快推进股份转让相关工作，并严格按照相关法律法规的要求履行信息披露义务。

鉴于上述相关事项尚存在不确定性，敬请广大投资者及时关注本公司刊登在上海证券交易所网站和本公司指定信息披露媒体的相关公告，注意投资风险。

特此公告。

江苏玉龙钢管股份有限公司

2015年7月16日


[点击查看PDF原文]
提示：本网不保证其真实性和客观性，一切有关该股的有效信息，以交易所的公告为准，敬请投资者注意风险。"
快速跑啊主力出货啊…今天不跌停…都来砍我头,"https://guba.eastmoney.com/news,601028,464438840.html",2016-07-22 10:13:29,快速跑啊主力出货啊…今天不跌停…都来砍我头
收的真棒！7.16！假阴十字星！,"https://guba.eastmoney.com/news,601028,432770862.html",2016-07-01 15:01:52,收的真棒！7.16！假阴十字星！
华夏幸福从11年最低点2分涨至最高35.46，居然翻了1773倍。玉龙涨到17不,"https://guba.eastmoney.com/news,601028,468440716.html",2016-07-23 11:33:17,华夏幸福从11年最低点2分涨至最高35.46，居然翻了1773倍。玉龙涨到17不算高
601028:玉龙股份关于按期收回理财产品本金和收益的公告,"https://guba.eastmoney.com/news,601028,465697271.html",2016-07-22 16:47:51,"公告日期：2016-07-23
证券代码：601028 证券简称：玉龙股份 公告编号：2016-044

江苏玉龙钢管股份有限公司

关于按期收回理财产品本金和收益的公告

本公司董事会及全体董事保证本公告内容不存在任何虚假记载、误导性陈述或者重大遗漏，并对其内容的真实性、准确性和完整性承担个别及连带责任。

江苏玉龙钢管股份有限公司（以下简称“公司”）于2016年1月12日召开的第三届董事会第十七次会议、第三届监事会第十四次会议审议通过了《关于继续使用部分闲置募集资金和自有资金购买保本理财产品的议案》，同意公司自董事会审议通过后一年之内，使用合计不超过人民币4亿元的闲置募集资金和自有资金(其中暂时闲置的募集资金最高额度不超过2亿元，自有资金最高额度不超过2亿元），适时购买安全性、流动性较高的保本型理财产品。以上资金额度在决议有效期内可以滚动使用，并授权公司经营层在上述额度范围内具体实施和办理有关事项。(详细内容见上海证券交易所网站www.sse.com.cn(公告编号:2016-005)及《证券时报》、《中国证券报》、《上海证券报》)

根据上述决议，公司于2016年1月19日使用闲置募集资金5,000万元及自有资金5,000万元向无锡农村商业银行购买保本理财产品。目前该理财产品已到期，本金100,000,000元及利息1,804,931.50元已经全部收回。

截至本公告日，公司剩余的可供委托理财的资金共计2.5亿元，其中闲置募集资金额度为5,000万元，自有资金额度为2亿元。

特此公告。

江苏玉龙钢管股份有限公司

2016年7月23日


[点击查看PDF原文]
提示：本网不保证其真实性和客观性，一切有关该股的有效信息，以交易所的公告为准，敬请投资者注意风险。"
玉龙股份最新动向已明，一个不可忽视的点位,"https://guba.eastmoney.com/news,601028,464849543.html",2016-07-22 11:57:39,
哈哈哈…牛逼…还好我早上全部9.50出了…看到跌成这样～我都笑哭了～希望今天跌停,"https://guba.eastmoney.com/news,601028,465018276.html",2016-07-22 13:08:27,哈哈哈…牛逼…还好我早上全部9.50出了…看到跌成这样～我都笑哭了～希望今天跌停，哈哈哈
有能力的，想做长线或者对重组股有兴趣研究的，近期可以关注黑牛食品的运作方法对玉龙,"https://guba.eastmoney.com/news,601028,457786345.html",2016-07-20 15:41:14,有能力的，想做长线或者对重组股有兴趣研究的，近期可以关注黑牛食品的运作方法对玉龙股分有参考价值，建议从黑牛去年十一月左右控制人变更的公告开始看，对王老板的资本运作手法了解一些，才好做好他的股，另外，不知道王文学的，查一下华夏幸福复权涨幅，相信你们会对这个人感兴趣的
要大涨还得看俺们散户是否追涨，周一小投100手参与到多头。,"https://guba.eastmoney.com/news,601028,466101898.html",2016-07-22 19:12:54,要大涨还得看俺们散户是否追涨，周一小投100手参与到多头。
开盘9.55减仓，但仍开好后市，待调整完再入！,"https://guba.eastmoney.com/news,601028,464521300.html",2016-07-22 10:33:53,开盘9.55减仓，但仍开好后市，待调整完再入！
快到收盘了  怎么掉了那么多,"https://guba.eastmoney.com/news,601028,465372076.html",2016-07-22 14:55:50,快到收盘了 怎么掉了那么多
两点半冲刺,"https://guba.eastmoney.com/news,601028,465255027.html",2016-07-22 14:19:53,两点半冲刺
累死老夫了终于爬上来了,"https://guba.eastmoney.com/news,601028,465207382.html",2016-07-22 14:05:38,
这股应该涨停的，被大盘拉低了，此股后市应该不错,"https://guba.eastmoney.com/news,601028,465069592.html",2016-07-22 13:23:55,这股应该涨停的，被大盘拉低了，此股后市应该不错
收盘不突破9.35留底的也交出来给你,"https://guba.eastmoney.com/news,601028,464674146.html",2016-07-22 11:11:53,收盘不突破9.35留底的也交出来给你
还有100股怎么办？,"https://guba.eastmoney.com/news,601028,465032245.html",2016-07-22 13:12:22,
硬一天. 软几天。没的玩。,"https://guba.eastmoney.com/news,601028,465020093.html",2016-07-22 13:08:41,硬一天. 软几天。没的玩。
玉龙股份周线已经出现历史天量,"https://guba.eastmoney.com/news,601028,465007799.html",2016-07-22 13:05:07,
昨天收盘价888，8号停牌价是777。,"https://guba.eastmoney.com/news,601028,464521346.html",2016-07-22 10:33:29,昨天收盘价888，8号停牌价是777。
玉龙股份实际控制人发生变动,"https://guba.eastmoney.com/news,601028,456892667.html",2016-07-20 04:30:46,"来源：中国证券报 
　　玉龙股份7月19日晚公告称，公司实际控制人唐志毅、唐永清、唐柯君、唐维君将其合计持有的上市公司16.91%股份协议转让给知合科技发展有限公司；本次权益变动完成后，唐永清、唐柯君将其持有的公司12.77%股份的表决权委托给知合科技行使。
　　本次转让后，知合科技合计拥有玉龙股份29.68%的表决权，成为公司拥有最多表决权的单一大股东，王文学将成为公司实际控制人。
　　公司实际控制人与知合科技不存在关联关系，并未签署一致行动人协议，不构成一致行动人。
　　知合科技发展有限公司注册地为西藏拉萨市，注册资本5亿元，经营范围包括计算机技术服务、网络科技、医药生物技术研发等。(王维波)
（来源：中国证券报 2016-07-20 04:23） [点击查看原文]"
短线涨幅过大，已卖出。转战调整充份的读者传媒[鼓掌],"https://guba.eastmoney.com/news,601028,464569549.html",2016-07-22 10:45:56,短线涨幅过大，已卖出。转战调整充份的读者传媒
横这么久是干嘛？,"https://guba.eastmoney.com/news,601028,464682383.html",2016-07-22 11:13:51,横这么久是干嘛？
快跑啊！研报一处！必定跌停…套牢散户啊！快跑啊…不然都来割我头,"https://guba.eastmoney.com/news,601028,464541601.html",2016-07-22 10:38:57,快跑啊！研报一处！必定跌停…套牢散户啊！快跑啊…不然都来割我头
快跑,"https://guba.eastmoney.com/news,601028,464359288.html",2016-07-22 09:53:29,快跑
狗刨，为啥压盘,"https://guba.eastmoney.com/news,601028,464476509.html",2016-07-22 10:22:33,[不说了]
追高了，握草,"https://guba.eastmoney.com/news,601028,464420438.html",2016-07-22 10:08:43,追高了，握草
今天买方卖方争夺较为激烈。,"https://guba.eastmoney.com/news,601028,464399525.html",2016-07-22 10:03:47,今天买方卖方争夺较为激烈。
牛啊,"https://guba.eastmoney.com/news,601028,464292260.html",2016-07-22 09:36:57,牛啊
来几个涨停吧[微笑],"https://guba.eastmoney.com/news,601028,464301523.html",2016-07-22 09:39:26,来几个涨停吧
看来今天不涨,"https://guba.eastmoney.com/news,601028,464283830.html",2016-07-22 09:34:45,
按理说如此利好，怎么样都应该有两个一字板加一个上涨回落，却第二天就上不去，盘中冲,"https://guba.eastmoney.com/news,601028,461476854.html",2016-07-21 15:45:57,按理说如此利好，怎么样都应该有两个一字板加一个上涨回落，却第二天就上不去，盘中冲到中部还是下来了，还放如此天量，说明主力拼命砸盘，大概率是要回补缺口，回到7.77附近之后再看是否企稳。我也是没办法，不陪能庄家玩这游戏，好票很多，先走再说。
"22日起, 连拉三颗十字星!!!","https://guba.eastmoney.com/news,601028,464102135.html",2016-07-22 08:43:33,"22日起, 连拉三颗十字星!!!"
一批傻蛋冲进去套上了,"https://guba.eastmoney.com/news,601028,463801330.html",2016-07-22 07:12:53,后知后觉者怎么能赚大钱
怎么没有成交回报？,"https://guba.eastmoney.com/news,601028,463615435.html",2016-07-22 06:08:02,怎么没有成交回报？
先走了,"https://guba.eastmoney.com/news,601028,460669206.html",2016-07-21 09:37:19,落袋为安，那么多人说不卖的我就先卖了，不多1000股。等7至8块我再买回来。
明天不知道还会不会涨,"https://guba.eastmoney.com/news,601028,461621142.html",2016-07-21 17:45:18,明天不知道还会不会涨
华夏幸福为主！左一头黑牛，右一条玉龙，还有一只奇虎在飞翔![鼓掌],"https://guba.eastmoney.com/news,601028,462525050.html",2016-07-21 23:41:52,华夏幸福为主！左一头黑牛，右一条玉龙，还有一只奇虎在飞翔!
死得好惨，涨停板买的[牛],"https://guba.eastmoney.com/news,601028,460675237.html",2016-07-21 09:39:05,死得好惨，涨停板买的
华夏幸福为主！左一头黑牛，右一条真龙！[胜利],"https://guba.eastmoney.com/news,601028,462501619.html",2016-07-21 23:34:01,华夏幸福为主！左一头黑牛，右一条真龙！
下车的朋友明天早盘还有上车机会,"https://guba.eastmoney.com/news,601028,461801041.html",2016-07-21 19:56:37,下车的朋友明天早盘还有上车机会
明天要注意三点。,"https://guba.eastmoney.com/news,601028,458045595.html",2016-07-20 17:47:16,明天要注意三点。
黑牛，玉龙，奇虎……巧合吗？,"https://guba.eastmoney.com/news,601028,461747136.html",2016-07-21 19:18:49,黑牛，玉龙，奇虎……巧合吗？
这个走势说明机构并不看好否则不会这样走了,"https://guba.eastmoney.com/news,601028,461239053.html",2016-07-21 13:17:22,这个走势说明机构并不看好否则不会这样走了
不求涨停，只求天天涨不停[拜神][拜神][拜神],"https://guba.eastmoney.com/news,601028,461710135.html",2016-07-21 18:47:43,不求涨停，只求天天涨不停
涨停买入的，有跟我一样站岗的吗？,"https://guba.eastmoney.com/news,601028,461213368.html",2016-07-21 12:59:13,涨停买入的，有跟我一样站岗的吗？
我进来就没板了吗[不赞],"https://guba.eastmoney.com/news,601028,460758512.html",2016-07-21 10:03:45,我进来就没板了吗[不赞]
下午主力要是封涨停，是不是清了一部分散户和中户？既然王家还有打算增持的话，庄家何,"https://guba.eastmoney.com/news,601028,461110333.html",2016-07-21 11:48:48,下午主力要是封涨停，是不是清了一部分散户和中户？既然王家还有打算增持的话，庄家何必便宜卖给他呢？要知道庄家更愿意吃大户
888意头倒是不错,"https://guba.eastmoney.com/news,601028,461507528.html",2016-07-21 16:13:11,888意头倒是不错
明天跌停,"https://guba.eastmoney.com/news,601028,461437437.html",2016-07-21 15:18:08,明天跌停
发发发[微笑],"https://guba.eastmoney.com/news,601028,461440508.html",2016-07-21 15:20:25,发发发
这收盘价好,"https://guba.eastmoney.com/news,601028,461431280.html",2016-07-21 15:13:40,这收盘价好
看好王老板，王老板是俺的福星[胜利],"https://guba.eastmoney.com/news,601028,461302068.html",2016-07-21 13:55:58,看好王老板，王老板是俺的福星
量大  会停牌吗,"https://guba.eastmoney.com/news,601028,461366887.html",2016-07-21 14:35:10,猜猜
目前看，老庄出货有度，新庄纳筹有节。只要大盘稳住，此股封板还是有希望的。感谢新庄,"https://guba.eastmoney.com/news,601028,461243275.html",2016-07-21 13:20:16,目前看，老庄出货有度，新庄纳筹有节。只要大盘稳住，此股封板还是有希望的。感谢新庄家，感谢持股的小散，一起努力，把这票抬上去吧。
玉龙股份：华夏幸福实控人入主新大股东 　　华夏幸福(600340)王文学入主实际,"https://guba.eastmoney.com/news,601028,461364181.html",2016-07-21 14:33:43,"玉龙股份：华夏幸福实控人入主新大股东
　　华夏幸福(600340)王文学入主实际控制人，转型预期更为强烈。公司新控股股东知合科技实控人为华夏幸福王文学，其旗下核心资产涉及房地产、园区、文化娱乐、教育、生物医药等领域，拥有两家上市公司华夏幸福以及黑牛食品(002387)。根据公司，知合科技不排除在未来十二个月内尝试对上市公司资产、业务进行调整的可能性。我们认为，新大股东在资本运作方面经验丰富，未来想象空间巨大。(国金证券买入)
（来源：中国证券网 2016-07-21 13:30）"
你厉害我投降,"https://guba.eastmoney.com/news,601028,461353305.html",2016-07-21 14:27:04,你厉害我投降
总有大单往外跑,"https://guba.eastmoney.com/news,601028,461329735.html",2016-07-21 14:12:42,总有大单往外跑
放量是个顶还是卖了。安全。,"https://guba.eastmoney.com/news,601028,461329405.html",2016-07-21 14:12:09,放量是个顶还是卖了。安全。
2点涨停板。,"https://guba.eastmoney.com/news,601028,461271242.html",2016-07-21 13:36:34,2点涨停板。
今天钢铁领涨大盘，沙钢和华联矿业午前就已经封板了。目前，玉龙紧随其后，主力还在等,"https://guba.eastmoney.com/news,601028,461317436.html",2016-07-21 14:05:03,今天钢铁领涨大盘，沙钢和华联矿业午前就已经封板了。目前，玉龙紧随其后，主力还在等什么呀，赶快来封板吧！
这么好的机会，主力出毛啊,"https://guba.eastmoney.com/news,601028,461300481.html",2016-07-21 13:54:41,这么好的机会，主力出毛啊
常驻黑牛吧的来这个吧看看，有这股的可以做长线了，王老板靠谱,"https://guba.eastmoney.com/news,601028,457764870.html",2016-07-20 15:30:32,常驻黑牛吧的来这个吧看看，有这股的可以做长线了，王老板靠谱
筹码被骗了,"https://guba.eastmoney.com/news,601028,461267859.html",2016-07-21 13:35:01,筹码被骗了
新官上任三把火，更何,"https://guba.eastmoney.com/news,601028,461265795.html",2016-07-21 13:34:01,新官上任三把火，更何
套人的把戏,"https://guba.eastmoney.com/news,601028,461264665.html",2016-07-21 13:32:26,套人的把戏
2点涨停,"https://guba.eastmoney.com/news,601028,461239437.html",2016-07-21 13:17:33,哈哈
今天卖玉龙的今天明天后天大后天，大后后后后天都会后悔！,"https://guba.eastmoney.com/news,601028,461233142.html",2016-07-21 13:13:48,信不信由你
这抛单，估计是唐维君，在清仓！（个人观点，仅供参考！）,"https://guba.eastmoney.com/news,601028,460901577.html",2016-07-21 10:45:23,这抛单，估计是唐维君，在清仓！（个人观点，仅供参考！）
狗屎，我以为坐上飞机了，没想到他妈一个板就开了[大便][大便][大便],"https://guba.eastmoney.com/news,601028,461041653.html",2016-07-21 11:26:23,狗屎，我以为坐上飞机了，没想到他妈一个板就开了[大便][大便][大便]
点赞的下午涨停[大笑][大笑][微笑][微笑][胜利][胜利][胜利][看多][,"https://guba.eastmoney.com/news,601028,461222227.html",2016-07-21 13:06:31,点赞的下午涨停
什么股？一个板就开始出货，垃圾！,"https://guba.eastmoney.com/news,601028,460945315.html",2016-07-21 10:58:06,什么股？一个板就开始出货，垃圾！
抢筹手段极为凶悍[赞],"https://guba.eastmoney.com/news,601028,461218746.html",2016-07-21 13:03:34,抢筹手段极为凶悍
赶紧跑吧 玉龙不破7元不能接盘,"https://guba.eastmoney.com/news,601028,461212482.html",2016-07-21 12:58:08,赶紧跑吧 玉龙不破7元不能接盘
估计是大股东买基金没多货,"https://guba.eastmoney.com/news,601028,461083255.html",2016-07-21 11:39:06,估计是大股东买基金没多货
虫都不如,"https://guba.eastmoney.com/news,601028,461068370.html",2016-07-21 11:34:26,虫都不如
今天调仓去拉券商了，主力说明天他们还会杀回来，哈哈哈。。,"https://guba.eastmoney.com/news,601028,461044805.html",2016-07-21 11:27:16,今天调仓去拉券商了，主力说明天他们还会杀回来，哈哈哈。。
杀啊。。。[傲][傲][傲],"https://guba.eastmoney.com/news,601028,461022761.html",2016-07-21 11:20:39,杀啊。。。
抢啊。。。[怒][怒][怒],"https://guba.eastmoney.com/news,601028,461018408.html",2016-07-21 11:19:29,抢啊。。。
主力在拉高出货,"https://guba.eastmoney.com/news,601028,460976863.html",2016-07-21 11:06:59,主力在拉高出货
360借壳！,"https://guba.eastmoney.com/news,601028,460837849.html",2016-07-21 10:26:39,360借壳！
玉龙是国投基金砸死的，国投基金建仓成本6.80左右,"https://guba.eastmoney.com/news,601028,460934341.html",2016-07-21 10:54:52,玉龙是国投基金砸死的，国投基金建仓成本6.80左右
大侠么高位买的会被套死多久,"https://guba.eastmoney.com/news,601028,460930200.html",2016-07-21 10:53:06,大侠么高位买的会被套死多久
今天居然开板了，不给力啊,"https://guba.eastmoney.com/news,601028,460850770.html",2016-07-21 10:30:19,今天居然开板了，不给力啊
卖的没完没了了！,"https://guba.eastmoney.com/news,601028,460926229.html",2016-07-21 10:52:18,卖的没完没了了！
两个板都保持不住,"https://guba.eastmoney.com/news,601028,460906786.html",2016-07-21 10:46:47,两个板都保持不住，真是好笑！！！！
九头鸟今天不说话了,"https://guba.eastmoney.com/news,601028,460881378.html",2016-07-21 10:39:20,[不屑]
[加仓][加仓][加仓][买入][买入][买入][满仓][满仓][满仓][大笑],"https://guba.eastmoney.com/news,601028,460838899.html",2016-07-21 10:26:43,
加仓,"https://guba.eastmoney.com/news,601028,460775126.html",2016-07-21 10:08:20,加仓
山顶被套，靠,"https://guba.eastmoney.com/news,601028,460787521.html",2016-07-21 10:11:51,山顶被套，靠
彪啊，都卖什么？！！！,"https://guba.eastmoney.com/news,601028,460748174.html",2016-07-21 10:00:03,彪啊，都卖什么？！！！
完了,"https://guba.eastmoney.com/news,601028,460730899.html",2016-07-21 09:55:39,完了
今天估计收在9.00附近,"https://guba.eastmoney.com/news,601028,460702073.html",2016-07-21 09:46:55,今天估计收在9.00附近
真快开版,"https://guba.eastmoney.com/news,601028,460650550.html",2016-07-21 09:31:27,真快开版
据可靠消息，王文学的华夏幸福足球俱乐部将注入上市公司,"https://guba.eastmoney.com/news,601028,460614823.html",2016-07-21 09:20:59,据可靠消息，王文学的华夏幸福足球俱乐部将注入上市公司
明天开板,"https://guba.eastmoney.com/news,601028,457339023.html",2016-07-20 11:07:34,明天开板
玉龙还有两个涨停板！,"https://guba.eastmoney.com/news,601028,460358643.html",2016-07-21 08:00:28,昨天玉龙一字涨停，是补涨的，玉龙停牌期间大盘涨了1.6个点。今明两天涨停才是真正的受利好事件驱动！王文学是谁？华夏幸福的控制人！华夏幸福700多个亿的盘子，这次收购玉龙必定整合资源，未来向金融、计算机等服务业领域转型，持续看好！不要给庄家把筹码骗走了
先卖半仓压压惊。。。[大笑][大笑][大笑],"https://guba.eastmoney.com/news,601028,457177490.html",2016-07-20 09:37:57,先卖半仓压压惊。。。
玉龙主业还不错，却7远折价卖掉自己的大部分股份，除非市傻，可是傻子能把公司搞上市,"https://guba.eastmoney.com/news,601028,458679333.html",2016-07-20 21:23:41,玉龙主业还不错，却7远折价卖掉自己的大部分股份，除非市傻，可是傻子能把公司搞上市？绝对更深层次的原因，好戏在后头。
玉龙股份控股权拟易主华夏幸福实控人王文学,"https://guba.eastmoney.com/news,601028,456122938.html",2016-07-19 21:24:57,"来源：中国证券网 
　　玉龙股份7月19日晚间公告称，公司实际控制人拟向拉萨市知合科技发展有限公司(简称“知合科技”)转让股权及让渡部分表决权，使得知合科技成为上市公司拥有最多表决权的单一大股东，公司实际控制人将变更为王文学。值得一提的是，王文学同时还为另外两家上市公司华夏幸福(600340)、黑牛食品(002387)的实际控制人。
　　公告称，公司实际控制人唐志毅、唐永清、唐柯君、唐维君与知合科技于7月19日签署《股份转让协议》和《表决权委托协议》。其中，公司实际控制人将其合计持有的上市公司13296.66万股股份(占公司总股本的16.91%)，以7元/股协议转让给知合科技，转让总价为93076.60万元。
　　同时，实际控制人中唐永清、唐柯君将其持有的10037.56万股股份(占公司总股本的12.77%)的表决权委托给知合科技行使，自《股份转让协议》项下的转让股份过户至知合科技名下之日起开始实施，直至唐永清、唐柯君不再持有授权股份为止。
　　上述转让及表决权委托后，知合科技将持有上市公司股份13296.66万股，占公司总股本的16.91%；合计拥有上市公司23334.21万股股份所对应的表决权，占公司总股本的29.68%，成为公司拥有最多表决权的单一大股东，王文学将成为公司的实际控制人。
　　权益变动书显示，王文学，男，1967年出生，现任华夏幸福基业控股股份公司董事长、鼎基资本管理有限公司执行董事、华夏幸福基业股份有限公司董事长、知合控股有限公司执行董事兼总经理、廊坊幸福基业投资有限公司执行董事。此外，王文学还实际控制另外两家上市公司华夏幸福(600340)、黑牛食品(002387)，对应持股比例分别为62.37%和29.82%。
　　对于此次入主目的，知合科技表示，其未来不排除将借助上市公司平台，整合优质资产，增强上市公司的盈利能力，提升上市公司价值。同时在未来十二个月，知合科技将在合适时机继续增持玉龙股份，增持价格将以不低于大宗交易的价格，对应金额不少于1亿元。
　　后续计划方面，知合科技称，其不排除在未来十二个月内尝试对上市公司资产、业务进行调整的可能性，并可能筹划针对上市公司或其子公司的资产和业务进行出售、合并、与他人合资或合作的事项，或上市公司拟购买或置换资产的重组事项。
（来源：中国证券网 2016-07-19 21:23） [点击查看原文]"
最后一天卖出九成，明天抢不到决不再买，看着办吧。。。[怒][怒][怒],"https://guba.eastmoney.com/news,601028,458155358.html",2016-07-20 18:36:38,最后一天卖出九成，明天抢不到决不再买，看着办吧。。。
玉龙又到买进时,"https://guba.eastmoney.com/news,601028,372059773.html",2016-05-04 09:57:34,前一阶段，玉龙走出了一个漂亮的圆弧底，中线操作斩获一波成果。近前的回调又现机会，中长线持有的不可再次错过！
老唐家里不平静呀,"https://guba.eastmoney.com/news,601028,457000876.html",2016-07-20 07:13:21,王老板霸王硬上弓，唐家的小辈们心思不齐，起码女儿和儿子不是一条心，女儿干脆将表决权让给外人，而不是交给兄弟，豪门内不平静。王老板还发话，未来一年内继续增持，这股份从哪里来？三个小唐后背里面各个击破，堪比TBV的豪门剧呀。
老删我贴,"https://guba.eastmoney.com/news,601028,456465647.html",2016-07-19 23:27:18,"1、华夏幸福(华夏幸福实控人2015年11月入主黑牛食品)的人力总裁跳槽到360当高级总裁，被市场认为存在360借壳上市的预期。
2、周鸿祎说过360借壳的是上海主板。
3、按照360私有化路线图显示，360在准备VIE构架的拆除，并拟在A股借壳上市。360预计在2016年12月末通过A股审批，并在2017年3月完成股权交割
4、难道…………"
我就是个普通人，但是我希望我能出人头地。你刚才说的话当真吗？你会爱一个普通人？,"https://guba.eastmoney.com/news,601028,457721627.html",2016-07-20 15:06:37,我就是个普通人，但是我希望我能出人头地。你刚才说的话当真吗？你会爱一个普通人？
到了公园门口，女孩从那辆白色小轿车旁走了过去，横穿马路，走进一家小饭馆，打了卡，,"https://guba.eastmoney.com/news,601028,457694448.html",2016-07-20 14:53:59,到了公园门口，女孩从那辆白色小轿车旁走了过去，横穿马路，走进一家小饭馆，打了卡，然后换上侍应生的制服，开始工作。
002079,"https://guba.eastmoney.com/news,601028,457590203.html",2016-07-20 14:06:57,002079
【讨论】实际控制人易主 玉龙股份有望迎来一波大行情？,"https://guba.eastmoney.com/news,601028,457500704.html",2016-07-20 13:09:28,"整合贴
导语：通过资本运作平台，以股份受让、获取表决权的方式，华夏幸福及黑牛食品共同的实际控制人王文学又将玉龙股份收入囊中。该股今日复牌后一字涨停，后市是否酝酿着一波大行情？大家不妨来讨论一下~
相关阅读：
玉龙股份控股权拟易主华夏幸福实控人王文学

股友观点：
难以开心 : 老唐家里不平静呀王老板霸王硬上弓，唐家的小辈们心思不齐，起码女儿和儿子不是一条心，女儿干脆将表决权让给外人，而不是交给兄弟，豪门内不平静。王老板还发话，未来一年内继续增持，这股份从哪里来？三个小唐后背里面各个击破，堪比TBV的豪门剧呀。7月8日冲高时本想减持，但考虑各路数据中长线趋势向好，因此坚守阵地。结合今天各方资讯，除非受大盘严重影响，否则玉龙必定腾飞，必有一波上涨！

湖北武汉网友 : 实际控制人的定义以及可能情况的猜测关于实际控制人的定义：（一）投资者为上市公司持股50%以上的控股股东；（二）投资者可以实际支配上市公司股份表决权超过30%；（三）投资者通过实际支配上市公司股份表决权能够决定公司董事会半数以上成员选任；（四）投资者依其可实际支配的上市公司股份表决权足以对公司股东大会的决议产生重大影响；依据第四条，老唐和三小唐为公司的实际控制人。控制人发生变更，有以下可能：1.老唐要死了，把股份转让给子女，实际控制人由四人变更为三人；2.家族内斗，三兄妹有一人被踢出局，跟公司说拜拜了；3.唐家兄妹不成器，有某个败家子卖掉了绝大部分股份；4.利好以上皆有可能，从开始停牌那天上午的表现看，可能是3，某个不成器的要卖股票，想买个高价又没钱拉抬。
延伸阅读:
股民学校
干货合集
核心内参
新股资讯"
16.8的依然站岗！,"https://guba.eastmoney.com/news,601028,457431724.html",2016-07-20 12:13:03,16.8的依然站岗！
玉龙股份控股权易主 王文学实控三家上市公司,"https://guba.eastmoney.com/news,601028,457025768.html",2016-07-20 07:43:23,"来源：上海证券报 
　　通过资本运作平台，以股份受让、获取表决权的方式，华夏幸福及黑牛食品共同的实际控制人王文学又将玉龙股份收入囊中。
　　玉龙股份今日公告称，接到公司实际控制人唐志毅等人的通知，唐志毅、唐永清、唐柯君、唐维君与拉萨市知合科技发展有限公司(下称“知合科技”)达成共识，于7月19日签署《股份转让协议》和《表决权委托协议》。唐志毅等人将其合计持有的上市公司13296.66万股股份协议转让给知合科技，占公司总股本的16.91%；权益变动完成后，唐永清、唐柯君将其持有的10037.56万股股份的表决权委托给知合科技行使，占总股本的12.77%。
　　据股份转让协议，本次转让总价为93076.6万元，折算成每股的价格为7元，较上市公司最新股价7.76元略有折让。收购资金来源于知合科技的自有资金及股东借款。
　　上述股权转让及表决权委托完成后，玉龙股份实际控制人将发生变更。据公告，知合科技将持有上市公司股份13296.66万股，占公司总股本的16.91%；知合科技合计拥有上市公司23334.21万股股份所对应的表决权，占公司总股本的29.68%，成为公司拥有最多表决权的单一大股东，王文学将成为公司的实际控制人。
　　王文学是谁？据公司披露的权益变动报告书显示，王文学现任华夏幸福基业控股股份公司董事长、鼎基资本管理有限公司执行董事、华夏幸福董事长、知合控股有限公司执行董事兼总经理、廊坊幸福基业投资有限公司执行董事。王文学现为两家上市公司华夏幸福、黑牛食品的实际控制人。
　　值得一提的是，王文学此番入主玉龙股份是有备而来。对于此次入主目的，知合科技表示，未来不排除将借助上市公司平台，整合优质资产，增强上市公司的盈利能力，提升上市公司价值。同时，在未来十二个月，知合科技将在合适时机继续增持玉龙股份，增持价格将以不低于大宗交易的价格，对应金额不少于1亿元。
　　记者注意到，在后续计划方面，知合科技透露，不排除在未来十二个月内筹划针对上市公司或其子公司的资产和业务进行出售、合并、与他人合资或合作的事项，或上市公司拟购买或置换资产的重组事项。公开资料显示，玉龙股份是一家大型民营焊接钢管生产商，主要产品包括直缝埋弧焊管、螺旋埋弧焊管、直缝高频焊管、方矩形焊管四类，可用作输送用钢管、结构用钢管，下游市场覆盖面广。
（来源：上海证券报 2016-07-20 07:30） [点击查看原文]"
现在都流行星座了...还动物动物的!!!,"https://guba.eastmoney.com/news,601028,457151137.html",2016-07-20 09:11:50,"你根个猴一样, 是提前要来闹春啊????"
公司易主，想象空间打开,"https://guba.eastmoney.com/news,601028,457351008.html",2016-07-20 11:14:47,
8个涨停必须的,"https://guba.eastmoney.com/news,601028,457242149.html",2016-07-20 10:14:40,因为1，消息封闭很好，没有多少老鼠仓 2.市盈率低业绩好 3，技术指标 好 MACD周线 双底 日线底背离
怎么突然放出来了？,"https://guba.eastmoney.com/news,601028,457249256.html",2016-07-20 10:18:31,怎么突然放出来了？
谢谢，谢谢,"https://guba.eastmoney.com/news,601028,457238079.html",2016-07-20 10:12:24,恭喜发财，大发特发，各位股友。我也发个小财，谢谢，谢谢！
600680,"https://guba.eastmoney.com/news,601028,457227054.html",2016-07-20 10:06:06,600680
看着有点封不住啊，估计明天就要开板了。,"https://guba.eastmoney.com/news,601028,457205181.html",2016-07-20 09:54:33,看着有点封不住啊，估计明天就要开板了。
不是说继续停牌到22号吗？怎么开出来了？,"https://guba.eastmoney.com/news,601028,457165000.html",2016-07-20 09:26:05,不是说继续停牌到22号吗？怎么开出来了？
7月8日冲高时本想减持，但考虑各路数据中长线趋势向好，因此坚守阵地。结合今天各方,"https://guba.eastmoney.com/news,601028,457216768.html",2016-07-20 10:00:33,7月8日冲高时本想减持，但考虑各路数据中长线趋势向好，因此坚守阵地。结合今天各方资讯，除非受大盘严重影响，否则玉龙必定腾飞，必有一波上涨！
还想再来1万手啊,"https://guba.eastmoney.com/news,601028,457216524.html",2016-07-20 10:00:28,还想再来1万手啊
是转型成功吗,"https://guba.eastmoney.com/news,601028,457172972.html",2016-07-20 09:33:42,招商证券】601028玉龙股份：实际控制人唐志毅等将公司13296.657万股协议转让给知合科技，王文学成为公司实际控制人。今复牌。仅供参考，以沪深交易所公告为准
终于守得云开见月明！,"https://guba.eastmoney.com/news,601028,457162719.html",2016-07-20 09:24:07,终于守得云开见月明！
601028:玉龙股份关于实际控制人拟变更的提示性公告,"https://guba.eastmoney.com/news,601028,455994084.html",2016-07-19 20:36:20,"公告日期：2016-07-20
 证券代码：601028 证券简称：玉龙股份 公告编号：2016-042

江苏玉龙钢管股份有限公司

关于实际控制人拟变更的提示性公告

本公司董事会及全体董事保证本公告内容不存在任何虚假记载、误导性陈述或者重大遗漏，并对其内容的真实性、准确性和完整性承担个别及连带责任。

重要内容提示：

本次权益变动属于减持，不触及要约收购

本次权益变动将导致公司控股股东及实际控制人发生变化

一、本次权益变动基本情况

江苏玉龙钢管股份有限公司(以下简称“玉龙股份”或“本公司”)接到公司 实际控制人唐志毅、唐永清、唐维君、唐柯君（以下合称“信息披露义务人”）的通知，公司实际控制人唐志毅、唐永清、唐柯君、唐维君与拉萨市知合科技发展有限公司（以下简称“知合科技”）达成共识，于2016年7月19日签署《股份转让协议》和《表决权委托协议》。信息披露义务人将其合计持有的上市公司132,966,570股股份协议转让给知合科技，转让股份总数占本公司总股本的16.91%；本次权益变动完成后，唐永清、唐柯君将其持有的100,375,562股股份的表决权委托给知合科技行使，占上市公司总股本的12.77%。

信息披露义务人与知合科技都已声明，双方之间不存在关联关系，并未签署一致行动人协议，不构成一致行动人。

1、本次股份变动情况

本次股份出让前 本次出让 本次股份出让后

股东 占总股本

占总股本 占总股本

股数（股）

股数（股） 股数（股）

比例（%）

比例（%） 比例（%）

唐志毅 189,200,000 24.06% 47,300,000 6.02% 141,900,000 18.05%

唐永清 94,761,000 12.05% 23,690,250 3.01% 71,070,750 9.04%

唐柯君 59,745,642 7.60% 14,437,500 1.84% 45,308,142 5.76%

唐维君 49,515,223 6.30% 47,538,820 6.05% 1,976,403 0.25%

合计 393,221,865 50.01% 132,966,570 16.91% 260,255,295 33.10%

本次股份受让前 本次受让 本次股份受让后

占总股本

占总股本 占总股本

股东 股数（股）

股数（股） 股数（股）

比例（%）

比例（%） 比例（%）

知合

0 0 132,966,570 16.91% 132,966,570 1……
[点击查看PDF原文]
提示：本网不保证其真实性和客观性，一切有关该股的有效信息，以交易所的公告为准，敬请投资者注意风险。
展开阅读全文"
买不上了？,"https://guba.eastmoney.com/news,601028,457159031.html",2016-07-20 09:20:35,买不上了？
黑牛来祝贺。,"https://guba.eastmoney.com/news,601028,456393456.html",2016-07-19 23:00:20,黑牛来祝贺。
7月20日早间必看消息,"https://guba.eastmoney.com/news,601028,457143375.html",2016-07-20 09:05:53,"【今日导读】
绩优基金强调确定性投资 热捧新能源车及军工
发改委推进充电设施建设 甲乙酮报价继续上行
广宇发展收购房地产 龙洲股份购沥青物流企业
歌力思控股法国轻奢品牌 三机构席位买和而泰
【上证聚焦】
绩优基金强调确定性投资 热捧新能源车及军工
随着基金二季报陆续披露，其对三季度的投资策略逐渐浮出水面。据资讯统计，绩优基金对三季度行情看法整体偏谨慎，普遍选择防守反击的“确定性”打法。新能源汽车业绩成长性确定，能够创造新的消费领域；军工板块国企改革预期较为明确，且频频得到事件驱动。这两个具备确定性的板块受到多只基金看好。
仓位方面，不少偏股混合型基金的仓位都维持在八成左右，处于中性水平。仓位分化现象同样存在，如兴全社会责任季末仓位高达90.38%，同样由明星基金经理执掌的兴全新视野，仓位仅有42.72%。
【上证精选】
李克强18日主持召开促进社会投资健康发展会议，要求吸引社会投资更多进入教育、医疗、养老等社会服务领域。
发改委副主任连维良19日表示276个工作日制度将是煤炭行业新常态，要加大淘汰落后产能的力度。
环保部表示今年首批8个中央环保督察组已全部完成进驻，将推动被督察地区生态文明建设和环保工作。
上周证券保证金为连续第4周净转出，持仓投资者比例降至年内新低。
万科19日发布报告向监管层举报宝能，称钜盛华控制的9个资管计划平均持股成本为18.89元。
【产业情报】
发改委推进充电设施建设 运营企业或大有可为
发改委网站显示，日前基础产业司组织召开协调会，与地方发改委、充电基础设施服务企业和国家电网公司进行交流座谈。会议听取了全国充电设施建设情况，充电设施建设需求，研究结合停车场建设推进充电设施建设的措施。下一步，将针对停车场与充电基础设施一体化建设的实际情况和存在问题，特别是大城市、特大城市存在的停车位资源紧张、社会停车场投资主体多、充电设施企业盈利模式相对单一等问题，进一步推进相关工作。
点评：机构认为，充电桩产业下半年市场需求会进一步放大，运营环节的投资确定性更强。若未来出现新颖、可盈利的充电桩运营模式，考虑到未来巨大的充电服务市场，相关企业将大有可为。北巴传媒(600386)大股东为北京公交集团，有望通过旗下充电桩运营公司，主导北京的公交车和出租车充电业务；特锐德(300001)今年来持续加码充电桩运营业务。
甲乙酮报价继续上行 创近一年新高
受货源紧张推动，19日甲乙酮市场价格再次集体调涨，幅度在每吨100至200元不等，近一月累计涨幅逾24%，主流报价已创出近一年新高。其中抚顺石化、兰州石化报价，在每吨5500至5800元不等。目前市场库存偏低，贸易商货源有限。
点评：由于企业生产装置检修以及开工负荷不高，市场整体库存较小，甲乙酮价格或存进一步上涨空间。上市公司中，齐翔腾达(002408)拥有18万吨甲乙酮产能，占国内份额近一半，2015年报显示该业务占主营比例近30%；海越股份(600387)一期4万吨甲乙酮装置已投产。
【公告解读】
广宇发展拟87亿收购房地产资产
广宇发展(000537)拟以6.81元每股定增购买大股东旗下的重庆鲁能34.5%股权、宜宾鲁能65%股权、鲁能亘富100%股权、顺义新城100%股权以及世纪恒美持有的重庆鲁能英大30%股权，初定交易作价为87.29亿元；同时，公司拟以不低于6.94元每股定增配套募资87.29亿元。
重庆鲁能、宜宾鲁能、鲁能亘富、顺义新城均是具有国家一级开发资质的房地产企业，重庆鲁能英大则是具有国家二级开发资质的房地产企业。公司因2008年起实控人变为国家电网，故本次交易构成借壳上市。
龙洲股份拟购沥青物流企业 自家人揽九成配套募资
龙洲股份(002682)拟作价12.42亿元，以定增及支付现金相结合的方式收购兆华领先100%股权，定增发行价为12.06元每股；同时，公司拟以10.58元每股定增募集5.8亿元配套资金，其中，公司控股股东交通国投、上市公司员工资管计划拟分别斥资4亿元、1.2亿元参与认购。
兆华领先主营沥青物流及贸易、改性沥青加工，2016至2018年承诺的净利润分别达8500万元、1.05亿元、1.25亿元。
歌力思控股法国轻奢品牌IRO 推进高级时装战略
歌力思(603808)拟支付7900万元购买复星长歌持有的前海上林16%股份，收购完成后，歌力思将持有前海上林65%股权，并通过控股前海上林间接取得IRO公司的控股权。法国“IRO”品牌创立于2004年，定位于轻奢领域的设计师品牌，目前已进入美国、德国、丹麦、韩国等多个国家和地区。本次收购是歌力思布局“中国高级时装集团”的重要战略。
天龙光电实控人生变
天龙光电(300029)大股东常州诺亚之大股东北京灵光的股东上海晶美、胡小星，于7月18日分别与陈华签订了《股权转让协议》，陈华共出资1亿元收购北京灵光50%股权，间接控制上市公司4045.72万股（持股比例20.23%），成为上市公司新的实控人。陈华称其看好光伏产业中长期发展前景，且不排除未来一年内继续增持的可能。
东易日盛定增拓展智能物流仓储
东易日盛(002713)拟25.78元每股定增2715万股，募资7亿元，投向家装行业供需链智能物流仓储管理平台建设项目、数字化家装体验系统建设项目。
【财报快递】
保千里预增
保千里(600074)半年报预增225%-250%，主因是汽车视像类业务量大增。方大特钢(600507)半年报预增75%，主因是成本降幅高于收入降幅。
【资金观潮】
三机构席位买入和而泰
19日龙虎榜显示，和而泰(002402)获三机构席位合计买入1.49亿元，占当日成交额的34.74%。
点评：公司日前公告与深圳航天科技创新研究院联合成立研究中心，从事ARM体系芯片及其应用、物联网传感技术、物联网通讯与组网技术、物联网智能硬件等领域的技术攻关、产品研发、既有科研成果转化、产业化运营。机构认为，软银日前宣布巨资收购ARM，与公司战略不谋而合，创新业务前景广阔。
【交易闹铃】
新股江苏银行20日发行
江苏银行(730919)发行价格6.27元，申购上限34.6万股，该发行价相当于发行前的每股净资产，对应市盈率7.64倍。
展开阅读全文"
玉龙股份（601028）：易主 王文学成为实控人,"https://guba.eastmoney.com/news,601028,457138155.html",2016-07-20 09:02:28,"玉龙股份（601028）：易主 王文学成为实控人
7月19日晚间公告，公司实际控制人唐志毅、唐永清、唐柯君、唐维君与拉萨市知合科技发展有限公司达成共识，于2016年7月19日签署《股份转让协议》和《表决权委托协议》。知合科技将通过受让股权及受托行使表决权，成为拥有最多表决权的单一大股东。而知合科技的实际控制人正是华夏幸福董事长王文学。公司股票自2016年7月20日开市起复牌"
吧友，孝感的、MQ、身体不适、作为吧友，希望大家送来关心的祝福。,"https://guba.eastmoney.com/news,601028,453255919.html",2016-07-18 15:02:19,吧友，孝感的、MQ、身体不适、作为吧友，希望大家送来关心的祝福。
什么时候开盘？,"https://guba.eastmoney.com/news,601028,457031483.html",2016-07-20 07:50:00,什么时候开盘？
601028:玉龙股份关于公司股票复牌的提示性公告,"https://guba.eastmoney.com/news,601028,455994095.html",2016-07-19 20:36:20,"公告日期：2016-07-20
证券代码：601028 证券简称：玉龙股份 公告编号：2016-041

江苏玉龙钢管股份有限公司

关于公司股票复牌的提示性公告

本公司董事会及全体董事保证本公告内容不存在任何虚假记载、误导性陈述或者重大遗漏，并对其内容的真实性、准确性和完整性承担个别及连带责任。

江苏玉龙钢管股份有限公司（以下简称“公司”或“玉龙股份”）于2016年7月9日发布了《玉龙股份停牌公告》（公告编号：2016-039），披露了因公司正在商议重要事项，鉴于该事项存在重大不确定性，经向上海证券交易所申请，公司股票自2016年7月11日起连续停牌。公司又于2016年7月16日发布《玉龙股份关于筹划其他重大事项进展暨延期复牌的公告》（公告编号：2016-040），披露已初步确认此次重大事项系实际控制人转让股份，此次股份转让可能导致实际控制人变更。鉴于交易方案具体事宜尚在沟通中，该重大事项仍存在不确定性，经公司第三届董事会第二十一次会议同意，公司向上海证券交易所申请公司股票自2016年7月18日至2016年7月22日继续停牌。若公司在2016年7月22日之前披露交易方案，公司将申请提前复牌。

停牌期间，公司实际控制人唐志毅、唐永清、唐柯君、唐维君与拉萨市知合科技发展有限公司（以下简称“知合科技”）达成共识，并于2016年7月19日签署《股份转让协议》、《表决权委托协议》。本次交易将使知合科技成为公司拥有最多表决权的单一大股东。鉴于公司实际控制人拟变更，公司发展战略上将发生较大转变，对公司将产生较大影响。详细内容参阅与本公告同日发布的《江苏玉龙钢管股份有限公司关于实际控制人拟变更的提示性公告》（公告编号：2016-042）。

根据上海证券交易所的相关规定，经公司申请，公司股票自2016年7月20日开市起复牌。本公司郑重提醒广大投资者,《中国证券报》、《上海证券报》、《证券时报》及上海证券交易所网站（www.sse.com.cn）是本公司指定的信息披露报纸和网站，本公司发布的信息以公告为准，敬请投资者关注相关公告并注意投资风险。



特此公告。

江苏玉龙钢管股份有限公司

2016年7月20日


[点击查看PDF原文]
提示：本网不保证其真实性和客观性，一切有关该股的有效信息，以交易所的公告为准，敬请投资者注意风险。"
妈的，剩的没多少了，停盘的前一天还卖了一部分。,"https://guba.eastmoney.com/news,601028,456146990.html",2016-07-19 21:33:17,妈的，剩的没多少了，停盘的前一天还卖了一部分。
360如何不晓得，但是这股两月内翻翻没问题,"https://guba.eastmoney.com/news,601028,457004647.html",2016-07-20 07:18:05,以王老板财大气粗的样子来看，他绝对不满足现状，这股这回要火了
601028:玉龙股份关于签订合作框架协议的补充公告,"https://guba.eastmoney.com/news,601028,278191271.html",2016-03-23 17:20:37,"公告日期：2016-03-24
证券代码：601028 证券简称：玉龙股份 公告编号：2016-017

江苏玉龙钢管股份有限公司

关于签订合作框架协议的补充公告

本公司董事会及全体董事保证本公告内容不存在任何虚假记载、误导性陈述或者重大遗漏，并对其内容的真实性、准确性和完整性承担个别及连带责任。

江苏玉龙钢管股份有限公司（以下简称“玉龙股份”或“公司”）于2016年3月23日披露了《江苏玉龙钢管股份有限公司关于签订合作框架协议的公告》（公告编号：2016-016），公告阐明，公司于2016年3月22日与无锡市朴新股权投资基金中心（有限合伙）（以下简称“朴新资本”）签订了设立教育基金的协议。现根据上海证券交易所要求以及《上市公司与私募基金合作投资事项信息披露业务指引》等文件规定，对上述公告补充如下:

重要内容提示：

投资标的名称：无锡市朴文股权投资基金中心（有限合伙）（暂定名，以基金备案名称为准，下称“教育基金”或“基金”）；

投资金额：不超过人民币20,000万元；

重要风险提示：本次签署的《协议书》仅为协议双方根据合作意向，经友好协商达成的基础性、框架性约定，该协议所涉及的具体事宜需另行签订相关合作协议。

最终协议能否签订及能否通过公司相关审议程序存在不确定性，敬请投资者注意投资风险。

本次出资设立教育基金是公司正常的投资经营行为，对公司主营业务的独立性无重大影响。

一、对外投资概述

为有效开展并购业务，抓住教育行业的并购机会，联合产业优势资源，公司拟以自有资金与朴新资本共同发起设立教育基金，由朴新资本作为教育基金的基金管

理公司。教育基金规模为不超过人民币20亿元，其中公司认购份额为不超过人民币2亿元，剩余份额向其他出资人募集。

基金投资方向为教育相关产业，主要投向为每个地区内知名度较高的私立小学、初中、高中及幼儿园。根据合作协议，目前已拟定基金的大致框架，但合伙协议尚未最后签订。本公司对后续基金的投资将依照法定程序和公司章程的规定进行审议，并及时公告。

本次交易不构成《上市公司重大资产重组管理办法》规定的重大资产重组，亦不构成《上海证券交易所股票上市规则》等规定的关联交易。

二、共同投资方的基本情况

公司名称：无锡市朴新股权投资基金中心（有限合伙）

公司类型：有限合伙企业

主要经营场所：江阴市砂山路85号A座1110-1室

注册资本：100万元人民币

成立时间：2016年3月21日

主要合伙人：黄欣、陈浩、张天、何荣

经营范围：利用自有资金对外投资、创业投资、股权投资。（依法须经批准的项目，经相关部门批准后方可开展经营活动）。

近一年经营状况：朴新资本于 2016年 3 月成立，由于成立时间较短，尚无

实际经营业绩。

在基金业协会的备案登记情况：目前，朴新资本在基金业协会备案登记工作正在进行中。

截至目前，朴新资本与公司不存在产权、业务、资产、债权债务、人员等方面关系，未持有公司股份，也未有增持公司股份的计划。朴新资本与公司不存在相关利益安排，不存在其他影响公司利益的安排。

三、对外投资的主要内容

（一）基金基本情况

1、基金名称及组织形式：无锡市朴文股权投资基金中心（有限合伙），基金组

织形式为有限合伙。

2、基金规模及出资：基金规模20亿元，公司意向认购教育基金的份额为不超过人民币2亿元，剩余份额向其他出资人募集，实际出资时点根据项目需求确定。

3、基金募集及设立安排：基金拟注册在无锡。目前基金尚未设立，公司将根据基金进展情况及时履行信息披露义务。

4、基金期限：基金拟设立期限为5年，其中投资期2年，退出期3年（有限合伙人有权选择在退出期届满时退出）；投资期自基金初始募集完成之日起开始计算，投资期结束后至基金存续期限届满之间3年为退出期。

5、本次参与设立基金的其他合伙人暂未最终确定，具体的投资人及投资比例、出资进度等事项公司将根据基金进展情况及时履行信息披露义务。

（二）基金的管理模式

1、基金的运行方式：朴新资本作为基金的普通合伙人及基金管理人。在基金管理公司层面设立投资管理委员会，进行项目推进与投资决策。投资管理委员会的决议须经超过半数以上委员同意方可通过。

2、目前交易双方正在就基金具体的管理和决策模式、各方的主要权利义务、管理费用及收益分成方式等细节问题进行磋商，公司将根据具体的进展情况及时履行信息披露义务。

……
[点击查看PDF原文]
提示：本网不保证其真实性和客观性，一切有关该股的有效信息，以交易所的公告为准，敬请投资者注意风险。
展开阅读全文"
601028:玉龙股份关于签订合作框架协议的公告,"https://guba.eastmoney.com/news,601028,276491755.html",2016-03-22 18:42:41,"公告日期：2016-03-23
证券代码：601028 证券简称：玉龙股份 公告编号：2016-016

江苏玉龙钢管股份有限公司

关于签订合作框架协议的公告

本公司董事会及全体董事保证本公告内容不存在任何虚假记载、误导性陈述或者重大遗漏，并对其内容的真实性、准确性和完整性承担个别及连带责任。

重要内容提示

风险及不确定性：本协议为双方合作的框架性协议，具体合作事宜将依

照相关法律、法规规定程序，另行商议和约定。

对上市公司当年业绩的影响：本协议的签署及履行对公司当年业绩不构

成重大影响。

一、 协议签订的基本情况

（一） 交易对方的基本情况

公司名称：无锡市朴新股权投资基金中心（有限合伙）（简称“朴新资本”）公司类型：有限合伙企业

主要经营场所：江阴市砂山路85号A座1110-1室

注册资本：100万元人民币

经营范围：利用自有资金对外投资、创业投资、股权投资。（依法须经批准的项目，经相关部门批准后方可开展经营活动）。

截至目前，朴新资本与公司不存在产权、业务、资产、债权债务、人员等方面关系，未持有公司股份，也未有增持公司股份的计划。朴新资本与公司不存在相关利益安排，不存在其他影响公司利益的安排。

（二）协议签署的时间、地点

2016年 3月 22日， 公司与朴新资本在无锡签订了《合作协议书》。

（三）签订协议已履行的审议决策程序、审批或备案程序

本协议由董事长根据《公司章程》授权签署，仅为协议双方根据合作意向达成的基础性、原则性约定，不作为最终确定的合作协议，双方签订教育基金正式合伙协议由公司有权机构批准后生效。

二、 协议的主要内容

为有效开展并购业务，抓住教育行业的并购机会，联合产业优势资源，公司拟以自有资金与朴新资本共同发起设立无锡市朴文股权投资基金中心（有限合伙）（暂定名，以下简称“教育基金”或“基金”），具体合作内容如下：

1、教育基金规模为不超过人民币20亿元；

2、公司意向教育基金的份额为不超过人民币2亿元，剩余份额向其他出资人募集，实际出资时点根据项目需求确定；

3、朴新资本作为教育基金的基金管理公司；

4、基金投资方向为教育相关产业。

目前交易双方正在就基金的投资管理模式及双方的权利义务等具体事项进行磋商，该协议不作为最终确定的合作协议。

三、对上市公司的影响

通过与专业投资机构合作设立教育产业并购基金，一方面能取得并购基金的投资收益，为股东创造合理回报。另一方面，能不断提高公司在教育行业的投资并购水平，推动公司并购业务的有效开展，增强公司对教育行业的整合能力，最终实现公司转型升级。

公司本次拟投资2亿元人民币，占公司2014年度经审计的净资产的7.78%，占公司2014年度经审计的总资产的5.01%。基于目前公司的财务及经营状况，对上市公司未来的资金状况及当年业绩不会构成重大影响。

四、重大风险提示

本次签订的《合作协议书》仅为协议双方根据合作意向，经友好协商达成的基础性、框架性约定，该协议所涉及的具体合作事宜需另行签订相关合作协议。

最终协议能否签订及相关审议程序能否完成存在较大不确定性，敬请投资者注意投资风险。

公司将按照《公司章程》及相关法律、法规、规范性文件的规定，履行相应的决策和审批程序。根据《上海证券交易所股票上市规则》等文件要求，及时做好信息披露工作。



特此公告。

江苏玉龙钢管股份有限公司

2016年3月23日


[点击查看PDF原文]
提示：本网不保证其真实性和客观性，一切有关该股的有效信息，以交易所的公告为准，敬请投资者注意风险。
展开阅读全文"
玉龙股份拟合作设立教育产业并购基金,"https://guba.eastmoney.com/news,601028,276512130.html",2016-03-22 19:07:48,"来源：中国证券网 
　　玉龙股份3月22日晚间公告称，公司于3月22日与朴新资本签订合作协议书，双方拟共同发起设立无锡市朴文股权投资基金中心(有限合伙)(暂定名，简称“教育基金”)。该教育基金规模为不超过20亿元，公司意向教育基金的份额为不超过2亿元。
　　根据协议，基金投资方向为教育相关产业。目前交易双方正在就基金的投资管理模式及双方的权利义务等具体事项进行磋商，该协议不作为最终确定的合作协议。
　　玉龙股份表示，通过与专业投资机构合作设立教育产业并购基金，一方面能取得并购基金的投资收益，为股东创造合理回报。另一方面，能不断提高公司在教育行业的投资并购水平，推动公司并购业务的有效开展，增强公司对教育行业的整合能力，最终实现公司转型升级。
（来源：中国证券网 2016-03-22 19:06） [点击查看原文]"
