标题,链接,发布时间,内容
狗庄。,"https://guba.eastmoney.com/news,601311,242385173.html",2016-01-14 13:57:15,狗庄。
601311:骆驼股份关于公司股东股权质押的公告,"https://guba.eastmoney.com/news,601311,242052518.html",2016-01-13 16:09:03,"公告日期：2016-01-14
证券代码：601311 证券简称：骆驼股份 公告编号：临2016-001

骆驼集团股份有限公司

关于公司股东股权质押的公告

本公司董事会及全体董事保证本公告内容不存在任何虚假记载、误导性陈述或者重大遗漏，并对其内容的真实性、准确性和完整性承担个别及连带责任。

骆驼集团股份有限公司（以下简称“公司”）接到公司股东湖北驼铃投资有限责任公司（以下简称“驼铃投资”）通知，驼铃投资将其持有的公司无限售流通股8,930,000股（占公司总股本的1.05%）质押给太平洋证券股份有限公司，用于办理股票质押式回购交易业务。

上述质押登记手续已于2016年1月12日办理完毕。

驼铃投资质押的股份为无限售流通股，质押期限自2016年1月12日至2017年1月11日。

截至目前，驼铃投资共持有公司股份69,272,388股，占公司总股本的8.13%。本次质押后，累计质押股份数量为16,730,000股,占其持有的公司股份总数的24.15%，占公司总股本的1.96%。

特此公告。

骆驼集团股份有限公司

董事会

2016年1月14日


[点击查看PDF原文]
提示：本网不保证其真实性和客观性，一切有关该股的有效信息，以交易所的公告为准，敬请投资者注意风险。"
石油，石化，银行，券商，保险在领跌，中石油盘口才那么几手单子，操作股市的资金随便,"https://guba.eastmoney.com/news,601311,242345121.html",2016-01-14 12:46:56,石油，石化，银行，券商，保险在领跌，中石油盘口才那么几手单子，操作股市的资金随便就能让大盘大跌，主力资金要大赚就是要下打，买入，拉升，派发，再用权重股打压指数，过低的成本让他们游刃有余，管理部门顾头不顾腚，我始终感觉A股由那么一个团伙在操纵，所以说炒作垃圾股，做短线才是正道，A股逼大家这么做的，这也代表我们的社会风气和国家的价值观。
主力天天减持，反而控盘比例上升10个点，说明什么，说明集团大股东暗地里大幅度减持,"https://guba.eastmoney.com/news,601311,242272211.html",2016-01-14 10:30:58,主力天天减持，反而控盘比例上升10个点，说明什么，说明集团大股东暗地里大幅度减持。
骆驼股份(601311)融资融券信息(01-13),"https://guba.eastmoney.com/news,601311,242195020.html",2016-01-14 07:40:13,"来源：东方财富网
骆驼股份(601311)2016-01-13融资融券信息显示，骆驼股份融资余额710,489,794元，融券余额14,940元，融资买入额20,313,221元，融资偿还额55,086,372元，融资净买额-34,773,151元，融券余量1,000股，融券卖出量0股，融券偿还量0股，融资融券余额710,504,734元。骆驼股份融资融券详细信息如下表：
交易日期	代码	简称	融资余额(元)	融券余额(元)	融资买入额(元)	融资偿还额(元)	融资净买额(元)	融券余量(股)	融券卖出量(股)	融券偿还量(股)	融资融券余额(元)
2016-01-13	601311	骆驼股份	710,489,794	14,940	20,313,221	55,086,372	-34,773,151	1,000	0	0	710,504,734
沪市全部融资融券数据一览骆驼股份融资融券数据
（来源：东方财富网 2016-01-14 07:38） [点击查看原文]"
大盘要创新低了，骆驼也好不到哪儿去，也要破新低了,"https://guba.eastmoney.com/news,601311,242243068.html",2016-01-14 09:54:19,大盘要创新低了，骆驼也好不到哪儿去，也要破新低了
各位散户记着，庄家拉高是利用手段在出货，等到上高位基本出完，暴跌是散户在高位接盘,"https://guba.eastmoney.com/news,601311,242202560.html",2016-01-14 08:36:54,各位散户记着，庄家拉高是利用手段在出货，等到上高位基本出完，暴跌是散户在高位接盘的股票要你在低位拿出来，请以后不要上当。
今天大盘尾盘杀跌什么原因造成的？,"https://guba.eastmoney.com/news,601311,242043416.html",2016-01-13 15:46:04,个股都是被大盘拖累否则不会跌这么多，关键搞清楚尾盘大跌原因
上周末推荐，本周爆发6股有骆驼，就这么爆发？,"https://guba.eastmoney.com/news,601311,240925007.html",2016-01-11 13:53:51,你们都看到新闻和研报了 都有骆驼 ，要爆发的。
昨日借8w，没敢动！今日买300股试试，股市瞬间狂跌！股友们把我当成了反向指标！,"https://guba.eastmoney.com/news,601311,242068394.html",2016-01-13 16:57:30,昨日借8w，没敢动！今日买300股试试，股市瞬间狂跌！股友们把我当成了反向指标！
谁能说说这是咋的了？,"https://guba.eastmoney.com/news,601311,242063606.html",2016-01-13 16:42:27,谁能说说这是咋的了？
骆驼 13年，14年也就在10元横着再跌4元也就放心了。,"https://guba.eastmoney.com/news,601311,242048713.html",2016-01-13 15:59:24,骆驼 13年，14年也就在10元横着再跌4元也就放心了。
一跌 起来  是不落下风的  涨的时候就跟猪一样,"https://guba.eastmoney.com/news,601311,242007396.html",2016-01-13 14:52:32,
昨天涨3分，今天跌3毛。。。,"https://guba.eastmoney.com/news,601311,241968743.html",2016-01-13 14:04:05,昨天涨3分，今天跌3毛。。。
骆驼股份名不附实,"https://guba.eastmoney.com/news,601311,241342627.html",2016-01-12 10:08:32,鉴于骆驼股份近期的跳水表现，散户董事会决定将骆驼股份更名为鸭子股份，特请各散户董事表决，同意的点右下角。谢谢各散户董事大力支持！
骆驼啊骆驼,"https://guba.eastmoney.com/news,601311,241890248.html",2016-01-13 11:17:11,电池板块涨你不涨，电池板块跌，你领先。真有本事。。。
昨日15W，卖出赚3000，已出,"https://guba.eastmoney.com/news,601311,241889805.html",2016-01-13 11:16:34,昨日15W，卖出赚3000，已出
13块就那么难冲上去么？,"https://guba.eastmoney.com/news,601311,241854327.html",2016-01-13 10:24:05,想不通，各大基本面来看，13块冲上去是妥妥的呀，怎么回事。
好象这个股人气很差啊，换手底而且么人啊,"https://guba.eastmoney.com/news,601311,241825174.html",2016-01-13 09:45:14,好象这个股人气很差啊，换手底而且么人啊，只有庄和大股东自己玩了。
拉不上去啊，一拉就有大单砸啊,"https://guba.eastmoney.com/news,601311,241819745.html",2016-01-13 09:37:57,拉不上去啊，一拉就有大单砸啊，这是为哪般？
你们要搞明白：不能怨机构（庄稼），也不能怨公司！,"https://guba.eastmoney.com/news,601311,241144779.html",2016-01-11 21:32:56,找包鲜升给你们解释
爽了，增发个毛，明天停牌再调低一次吧，好几个股都再次调低了呢，你们家的股票咋就只,"https://guba.eastmoney.com/news,601311,238849335.html",2016-01-05 15:13:47,爽了，增发个毛，明天停牌再调低一次吧，好几个股都再次调低了呢，你们家的股票咋就只能让人失望。
今日15W全买入,"https://guba.eastmoney.com/news,601311,241387442.html",2016-01-12 11:01:56,
几分钱玩一天,"https://guba.eastmoney.com/news,601311,241505599.html",2016-01-12 14:46:39,几分钱玩一天
告诉你，明天绝对不停牌,"https://guba.eastmoney.com/news,601311,241479200.html",2016-01-12 14:09:13,明天绝对不会停牌调整增发价的，因为20天均价个90%是19.02左右。要调整，也得横盘一段时间或涨上去。
骆驼股份是环保股,"https://guba.eastmoney.com/news,601311,241382483.html",2016-01-12 10:55:32,骆驼股份是环保股，天天绿啊。估计接下来国家要发给它环保奖励资金10000亿。
抄底驼驼,"https://guba.eastmoney.com/news,601311,241325790.html",2016-01-12 09:47:03,抄底驼驼
给人民一个交代！,"https://guba.eastmoney.com/news,601311,239473763.html",2016-01-07 10:48:36,给人民一个交代！
请问蒸发掉的七万多亿元到那儿去了呢,"https://guba.eastmoney.com/news,601311,240567643.html",2016-01-10 17:21:48,请问蒸发掉的七万多亿元到那儿去了呢
即使继续下调增发，也没人参与，慢慢在二级市场买就行了[赞][赞][赞][赞]！,"https://guba.eastmoney.com/news,601311,241103666.html",2016-01-11 19:38:38,即使继续下调增发，也没人参与，慢慢在二级市场买就行了！
现在弄的不敢洗澡洗衣服，只要洗澡洗衣服第二天股市必跌！,"https://guba.eastmoney.com/news,601311,240782377.html",2016-01-11 10:04:14,现在弄的不敢洗澡洗衣服，只要洗澡洗衣服第二天股市必跌！
大吃一惊，最后一天！明年我骑骆驼上青藏高原玩。,"https://guba.eastmoney.com/news,601311,237637325.html",2015-12-31 08:33:13,大吃一惊，最后一天！明年我骑骆驼上青藏高原玩。
必破前低，老刘估计的去地下来完成那500亿了，恭喜天天搞调研发研报的机构你们又成,"https://guba.eastmoney.com/news,601311,240998472.html",2016-01-11 15:17:13,必破前低，老刘估计的去地下来完成那500亿了，恭喜天天搞调研发研报的机构你们又成功的跑掉了
差一分钱就跌停了你这破庄家也太小气了,"https://guba.eastmoney.com/news,601311,240948972.html",2016-01-11 14:24:25,差一分钱就跌停了你这破庄家也太小气了
恭喜你骆驼有添了一笔,"https://guba.eastmoney.com/news,601311,240948976.html",2016-01-11 14:24:04,恭喜你骆驼有添了一笔
正式步入熊市！,"https://guba.eastmoney.com/news,601311,240943728.html",2016-01-11 14:17:14,正式步入熊市！
发往各股吧，北方创业的主力已弹尽粮绝，股价已跌到低谷，望有胆识的私募抓紧抄底，定能发大财。,"https://guba.eastmoney.com/news,601311,240512930.html",2016-01-10 12:17:47,赶快，赶快，赶快。
骆驼估计多少才止跌？,"https://guba.eastmoney.com/news,601311,240922275.html",2016-01-11 13:50:34,骆驼估计多少才止跌？ 上次是12 元，这次呢？
主力机构明显控盘，小散惜售，成交稀少，白马股，长线持有。,"https://guba.eastmoney.com/news,601311,240783383.html",2016-01-11 10:05:45,主力机构明显控盘，小散惜售，成交稀少，白马股，长线持有。
骆驼太挫，当人人都认为他是龙头时，那他还是龙头吗？可笑哈。建议大家不要碰此股！,"https://guba.eastmoney.com/news,601311,240365212.html",2016-01-09 20:10:39,骆驼太挫，当人人都认为他是龙头时，那他还是龙头吗？可笑哈。建议大家不要碰此股！
开始地量企稳反弹,"https://guba.eastmoney.com/news,601311,240781631.html",2016-01-11 10:03:15,开始地量企稳反弹
任何价格卖出，都是对的。,"https://guba.eastmoney.com/news,601311,240860080.html",2016-01-11 11:48:54,任何价格卖出，都是对的。
13快了，垃圾股,"https://guba.eastmoney.com/news,601311,240846379.html",2016-01-11 11:27:41,13快了，垃圾股
看来13快了,"https://guba.eastmoney.com/news,601311,240838301.html",2016-01-11 11:18:20,看来13快了
哈哈，看笑话,"https://guba.eastmoney.com/news,601311,240818205.html",2016-01-11 10:52:39,
真的很菜啊,"https://guba.eastmoney.com/news,601311,240760144.html",2016-01-11 09:33:01,真的很菜啊
股市的狂跌，留给我们的沉重心情与质疑！多么可悲阿,"https://guba.eastmoney.com/news,601311,240466978.html",2016-01-10 07:28:10,"悲伤的曲调，沉重的心情，哀悼那埋葬着我无数幻想和希望的股市。股市的狂跌，留给我们的沉重心情与质疑！多么可悲阿。最近股市又多在亏钱，心情比较沉重!股市疯跌已经让人心情沉重烦闷了，不炒股不能感同身受就算了，留点口德好不好，很多股评人不买股票的，涨跌跟他实时账户的亏损没有一毛钱关系，他体会不到那种切肤之痛，体会不了那种灼心的煎熬！在其他人悲观绝望的时候，在其他人落荒而逃的时候，还是选择了坚持。坚信，曙光就在前面，太阳总会出来的。只要是好股票，天塌不下来的。3191.43点是沪指2016年最低点！3189.6第2个底部出现，要以辩证的角度来看熔断机制，设定5%-7%的熔断线意味着将后只要跌到3%就会主动的向5%靠拢，而15分钟之后就会向7%靠拢。这15分钟的时间其实是给市场传递明确的单边信号，15分钟后应该继续向同一方向前进。而将后只要市场上涨到3%就必然会上涨到7%。因此熔断机制和慢牛格局是违背的，暴涨暴跌将成为常态。散户心理是不是到最后折磨够了 会跑路？逆向思维 我就不走！横有多长竖有多高！不要在黎明前倒下，也许这段日子就是今年黎明前的黑暗。非理性下跌的结果只有一个那就非理性暴涨！！！每一次的暴利无不在暴跌之后。别杀跌，你们现在手里的筹码都是黄金！只是你们现在不知道！几个月几年后回头看！！股票一跌再跌，银行利息一降再降，余额宝一天不如一天，没有什么不是时间可以改变的，一切都会变的。无论你在股市的下跌中受多大创伤，心情多么沉重，甚至因为杠杠融资而一贫如洗也好，都要坚持住。太阳落了还会升起，不幸的日子总有尽头，过去是这样，将来也是这样。人在股海，希望就在。

继续提示大家强烈关注002128露天煤业 600677航天信息 的爆涨机会。"
无奈,"https://guba.eastmoney.com/news,601311,240059254.html",2016-01-08 14:52:35,"几天来能跑的都跑了，心存侥幸的都套牢了，比如我。接下来只能慢慢等吧，6个月？也许时间更长。
理由：
1、只有完成增发，以后的五年规划才能实施，现在看前途迷茫。
2、只有于美加州锂电公司合资办厂，才能有炒作题材，遥遥无期。
3、只有10几个小鸡小狗分出胜负，股价才能向上走。
综上：能走的先走吧，我在这站岗了！"
骆驼这回是真的要被搞死了。,"https://guba.eastmoney.com/news,601311,238662547.html",2016-01-05 09:18:29,骆驼这回是真的要被搞死了。
500亿营业收入净利润会是多少？,"https://guba.eastmoney.com/news,601311,239977276.html",2016-01-08 12:19:31,去年52亿营业收入，10倍的增长啊。
骆驼股份(601311)融资融券信息(01-08),"https://guba.eastmoney.com/news,601311,240221022.html",2016-01-09 07:38:15,"来源：东方财富网
骆驼股份(601311)2016-01-08融资融券信息显示，骆驼股份融资余额778,921,043元，融券余额17,620元，融资买入额32,775,390元，融资偿还额83,107,870元，融资净买额-50,332,480元，融券余量1,000股，融券卖出量0股，融券偿还量0股，融资融券余额778,938,663元。骆驼股份融资融券详细信息如下表：
交易日期	代码	简称	融资余额(元)	融券余额(元)	融资买入额(元)	融资偿还额(元)	融资净买额(元)	融券余量(股)	融券卖出量(股)	融券偿还量(股)	融资融券余额(元)
2016-01-08	601311	骆驼股份	778,921,043	17,620	32,775,390	83,107,870	-50,332,480	1,000	0	0	778,938,663
沪市全部融资融券数据一览骆驼股份融资融券数据
（来源：东方财富网 2016-01-09 07:37） [点击查看原文]"
汽车起动电池龙头积极拓展新增长极,"https://guba.eastmoney.com/news,601311,239898589.html",2016-01-08 09:59:34,
砸绿收盘,"https://guba.eastmoney.com/news,601311,240062627.html",2016-01-08 14:57:27,[好逊]
这孙子,"https://guba.eastmoney.com/news,601311,240057961.html",2016-01-08 14:51:22,
庄家，想不想冲？小散们，听兄长的，不要卖啦！,"https://guba.eastmoney.com/news,601311,240040164.html",2016-01-08 14:25:51,庄家，想不想冲？小散们，听兄长的，不要卖啦！
关于股东完成增持股份计划的公告,"https://guba.eastmoney.com/news,601311,240030505.html",2016-01-08 14:10:59,"关于股东完成增持股份计划的公告 查看PDF原文



公告日期：2016-01-08

证券代码：601311 证券简称：骆驼股份 公告编号： 2016-001
本人保证公告内容真实，不存在虚假陈述。
2016.1.8本人通过上证交易竞价系统增持骆驼股份4000股，增持价格17.90元，增持后持股比例占总股本比例为0.000006%，本人保证在下一交易日内不减持所持股份。"
好不容易跳空一次，还带着绿帽子！,"https://guba.eastmoney.com/news,601311,240017167.html",2016-01-08 13:50:34,好不容易跳空一次，还带着绿帽子！
真你妈的 垃圾,"https://guba.eastmoney.com/news,601311,240007752.html",2016-01-08 13:35:48,
垃圾股，都是小散做了接盘侠,"https://guba.eastmoney.com/news,601311,239984480.html",2016-01-08 12:48:07,垃圾股，都是小散做了接盘侠
来大金所走好投资的第一步,"https://guba.eastmoney.com/news,601311,239978471.html",2016-01-08 12:24:19,值得拥有
破增数次说明骆驼在证券圈人际关系极差,"https://guba.eastmoney.com/news,601311,239914090.html",2016-01-08 10:20:04,破增数次说明骆驼在证券圈人际关系极差
打跌停啊！有种,"https://guba.eastmoney.com/news,601311,239879791.html",2016-01-08 09:37:06,
1111,"https://guba.eastmoney.com/news,601311,239602208.html",2016-01-07 15:18:05,都是注册制和熔断机制惹的祸
意思是不是现在可以下班了？,"https://guba.eastmoney.com/news,601311,239428709.html",2016-01-07 10:10:24,意思是不是现在可以下班了？
哈哈，看你跑,"https://guba.eastmoney.com/news,601311,239385146.html",2016-01-07 09:44:49,断了吧，玩死你。
你好牛逼,"https://guba.eastmoney.com/news,601311,239373868.html",2016-01-07 09:33:03,你好牛逼
骆驼股份（601311）股份变动公告：,"https://guba.eastmoney.com/news,601311,239371207.html",2016-01-07 09:27:55,2016年1月6日，超级自然人通过二级市场购入骆驼股份（601311）1000股，本人保证事实的真实性、完整性。请广大投资者注意投资风险，理性投资！
骆驼股份(601311)融资融券信息(01-06),"https://guba.eastmoney.com/news,601311,239351266.html",2016-01-07 07:39:50,"来源：东方财富网
骆驼股份(601311)2016-01-06融资融券信息显示，骆驼股份融资余额827,306,256元，融券余额29,085元，融资买入额20,876,641元，融资偿还额39,205,708元，融资净买额-18,329,067元，融券余量1,500股，融券卖出量0股，融券偿还量0股，融资融券余额827,335,341元。骆驼股份融资融券详细信息如下表：
交易日期	代码	简称	融资余额(元)	融券余额(元)	融资买入额(元)	融资偿还额(元)	融资净买额(元)	融券余量(股)	融券卖出量(股)	融券偿还量(股)	融资融券余额(元)
2016-01-06	601311	骆驼股份	827,306,256	29,085	20,876,641	39,205,708	-18,329,067	1,500	0	0	827,335,341
沪市全部融资融券数据一览骆驼股份融资融券数据
（来源：东方财富网 2016-01-07 07:37） [点击查看原文]"
高管大股东在减持，可以向证监会报告,"https://guba.eastmoney.com/news,601311,239223981.html",2016-01-06 16:31:51,高管大股东在减持，可以向证监会报告
被游资全天吃掉1W多手，就问你爽不爽,"https://guba.eastmoney.com/news,601311,239202276.html",2016-01-06 15:11:07,"被游资全天吃掉1W多手，就问你爽不爽。
当心游资玩死你"
垃圾庄家,"https://guba.eastmoney.com/news,601311,239196356.html",2016-01-06 14:58:35,"股价一高就自己挂大卖盘，全天换手率1%,，大盘狂飙你却打压，良心何在。大盘跌的时候跑的贼快"
增发19.03早盘19.35现7000多手压单诱空,"https://guba.eastmoney.com/news,601311,239093440.html",2016-01-06 11:23:42,增发19.03早盘19.35现7000多手压单诱空
庄家玩的好嗨皮,"https://guba.eastmoney.com/news,601311,239146265.html",2016-01-06 13:46:14,庄家自己挂的8000手自己一口吃掉了，结果没引来跟风的。。。。经过这几天这么个震荡，不坚定的小散基本都跑了，庄家别玩了，配合大盘拉涨停吧。。坚定的小散再洗也洗不了多少了，大实话
烂股，留不得,"https://guba.eastmoney.com/news,601311,239132573.html",2016-01-06 13:24:23,烂股，留不得
讨论,"https://guba.eastmoney.com/news,601311,239091912.html",2016-01-06 11:20:55,目前看：增发难以实现，那么按10：2的比例，以净资产价格配股可好？
今天可能争气涨停,"https://guba.eastmoney.com/news,601311,239029927.html",2016-01-06 09:50:16,今天可能争气涨停
未来的二百元牛股，独一无二的海上信息霸主－马云夜思梦想的中海网络科技002401！,"https://guba.eastmoney.com/news,601311,239028553.html",2016-01-06 09:48:20,未来的二百元牛股，独一无二的海上信息霸主－马云夜思梦想的中海网络科技002401！
进仓了快点,"https://guba.eastmoney.com/news,601311,238333086.html",2016-01-04 11:23:34,进仓了快点
骆驼股份(601311)融资融券信息(01-05),"https://guba.eastmoney.com/news,601311,238997691.html",2016-01-06 07:38:43,"来源：东方财富网
骆驼股份(601311)2016-01-05融资融券信息显示，骆驼股份融资余额845,635,323元，融券余额28,380元，融资买入额36,956,380元，融资偿还额107,851,934元，融资净买额-70,836,030元，融券余量1,500股，融券卖出量0股，融券偿还量0股，融资融券余额845,663,703元。骆驼股份融资融券详细信息如下表：
交易日期	代码	简称	融资余额(元)	融券余额(元)	融资买入额(元)	融资偿还额(元)	融资净买额(元)	融券余量(股)	融券卖出量(股)	融券偿还量(股)	融资融券余额(元)
2016-01-05	601311	骆驼股份	845,635,323	28,380	36,956,380	107,851,934	-70,836,030	1,500	0	0	845,663,703
沪市全部融资融券数据一览骆驼股份融资融券数据
（来源：东方财富网 2016-01-06 07:37） [点击查看原文]"
2016年2016点不是梦！！！！,"https://guba.eastmoney.com/news,601311,238993425.html",2016-01-06 07:02:48,2016年2016点不是梦！！！！
穆维华 2016-01-05 17:00 17:00 •策略•穆维华异动板块解析,"https://guba.eastmoney.com/news,601311,238898990.html",2016-01-05 18:37:53,"穆维华
2016-01-05 17:00
17:00 ?策略?穆维华异动板块解析:锂电池
近两日，锂电池板块大幅下挫，总体而言头部形态确立，后市虽然会有反弹，但是趋势已向下。
由此，可以得出自去年国庆以来的行情告一段落。
后市是否会有新的行情重新开启，需密切关注新的龙头板块的诞生和形成。
（以上内容仅代表个人观点，市场有风险，投资需谨慎。）"
明天更不乐观，离岸人民币跌破6.65！今晚没有实质性利好，明天看主力不玩死A股！,"https://guba.eastmoney.com/news,601311,238892284.html",2016-01-05 18:03:56,明天更不乐观，离岸人民币跌破6.65！今晚没有实质性利好，明天看主力不玩死A股！主力要的是降印花，不需要国家队救市！！！！！
20买的，不行，明割肉,"https://guba.eastmoney.com/news,601311,238889449.html",2016-01-05 17:50:25,20买的，不行，明割肉
看来这钱是圈不成了，老刘头失策了，不保护股价就的付出代价！,"https://guba.eastmoney.com/news,601311,238846751.html",2016-01-05 15:08:15,看来这钱是圈不成了，老刘头失策了，不保护股价就的付出代价！
每10股派发现金红利1元,"https://guba.eastmoney.com/news,601311,157171068.html",2015-04-09 19:15:06,因公司拟办理部分股权激励限制性股票回购注销，公司总股本可能发生变化，公司决定以2014年度利润分配实施方案确定的股权登记日的总股本为基数向全体股东每10股派发现金红利1元（含税），剩余未分配利润结转以后年度分配。本年度不进行送股及资本公积金转增股本。
今天又是跌停板，垃圾股没救了跑吧,"https://guba.eastmoney.com/news,601311,238808568.html",2016-01-05 14:14:25,今天又是跌停板，垃圾股没救了跑吧
大股东连股价都不保护，说明自己都不看好自家公司，还想骗別人增发。,"https://guba.eastmoney.com/news,601311,238783534.html",2016-01-05 13:39:28,大股东连股价都不保护，说明自己都不看好自家公司，还想骗別人增发。
又破了增发价。,"https://guba.eastmoney.com/news,601311,238779981.html",2016-01-05 13:34:23,又破了增发价。
这下好了，安心做股东。,"https://guba.eastmoney.com/news,601311,238746730.html",2016-01-05 11:53:47,有钱的股东越做越大，
没事操什么心，能不能增发？难道你参与增发？,"https://guba.eastmoney.com/news,601311,238723530.html",2016-01-05 11:00:08,
要增发不抓紧时间什么事就怕拖一拖准黄,"https://guba.eastmoney.com/news,601311,238730249.html",2016-01-05 11:12:08,要增发不抓紧时间什么事就怕拖一拖准黄
又到熔断了^_^,"https://guba.eastmoney.com/news,601311,238670344.html",2016-01-05 09:30:06,又到熔断了^_^
骆驼股份(601311)融资融券信息(01-04),"https://guba.eastmoney.com/news,601311,238643553.html",2016-01-05 07:38:05,"来源：东方财富网
骆驼股份(601311)2016-01-04融资融券信息显示，骆驼股份融资余额916,471,353元，融券余额29,475元，融资买入额42,301,099元，融资偿还额48,623,656元，融资净买额-6,322,557元，融券余量1,500股，融券卖出量0股，融券偿还量0股，融资融券余额916,500,828元。骆驼股份融资融券详细信息如下表：
交易日期	代码	简称	融资余额(元)	融券余额(元)	融资买入额(元)	融资偿还额(元)	融资净买额(元)	融券余量(股)	融券卖出量(股)	融券偿还量(股)	融资融券余额(元)
2016-01-04	601311	骆驼股份	916,471,353	29,475	42,301,099	48,623,656	-6,322,557	1,500	0	0	916,500,828
沪市全部融资融券数据一览骆驼股份融资融券数据
（来源：东方财富网 2016-01-05 07:36） [点击查看原文]"
骆驼新的增发价好像是19.09元,"https://guba.eastmoney.com/news,601311,238580328.html",2016-01-04 21:03:03,骆驼新的增发价好像是19.09元，明天继续跌，破19元，越低越买，骆驼的底线就是19.09，除非再次调低增发价。骆驼就搞笑了。
死骆驼跌停算了,"https://guba.eastmoney.com/news,601311,238328340.html",2016-01-04 11:16:35,死骆驼跌停算了
骆驼股份,"https://guba.eastmoney.com/news,601311,238521877.html",2016-01-04 17:16:10,骆驼股份，跌破60线支撑位置建议逢高减仓，等待低位接回。
熔断了！,"https://guba.eastmoney.com/news,601311,238378895.html",2016-01-04 13:16:24,来真的啊！
1111,"https://guba.eastmoney.com/news,601311,238460066.html",2016-01-04 14:27:21,中国股市暴涨暴跌根源何在
你爸妈还好么？,"https://guba.eastmoney.com/news,601311,238426218.html",2016-01-04 13:49:04,你爸妈还好么？
今天在不用担心下跌了,"https://guba.eastmoney.com/news,601311,238401328.html",2016-01-04 13:33:15,总算放心了
哀鸿片野,"https://guba.eastmoney.com/news,601311,238372168.html",2016-01-04 13:11:29,大家怎么看
看来周一要买点了,"https://guba.eastmoney.com/news,601311,237988079.html",2016-01-01 15:56:18,看来周一要买点了
被套了   怎么办？,"https://guba.eastmoney.com/news,601311,238272508.html",2016-01-04 10:04:33,被套了 怎么办？
22开始建仓，跌多少卖多少,"https://guba.eastmoney.com/news,601311,237751023.html",2015-12-31 12:10:48,22已经破了布林线中轨，21.2是布林线下轨，来吧主力，使劲砸，低于22有多少我买多少，有本事你能砸出下降通道来
受大盘影响的骆驼,"https://guba.eastmoney.com/news,601311,238319823.html",2016-01-04 11:03:41,今日开盘 大盘就大跳水 搞得伦家都不知道咋办了 还是继续坚挺吧 做男人 怎么能不行呢 即使是熊市 我也要熬到大牛出来
111,"https://guba.eastmoney.com/news,601311,238288492.html",2016-01-04 10:18:23,大盘奔熔断机制去了
新能源汽车：“配角”转正 痛点亟待解决 中国经营报&#160;&#160;&#160;&#160;&#160;01-01 16:4,"https://guba.eastmoney.com/news,601311,237998614.html",2016-01-01 18:38:11,"新能源汽车：“配角”转正 痛点亟待解决
中国经营报     01-01 16:44
1评论
 
 
相关股票： 汽车行业 国新能源 比亚迪 能源行业
　　2015年，随着我国经济进入新常态，汽车行业也已进入平缓期，整体销量呈“环比有所下降，同比呈小幅增长”状况，但新能源市场却已然进入生机勃勃的“春天”，并保持着迅猛发展态势，成为了推动我国汽车工业继续向前的中坚力量。
　　根据工业和信息化部统计的数据显示，2015年1~11月，我国新能源汽车累计生产27.92万辆，同比增长4倍。另据全国乘用车市场信息联席会(以下简称“乘联会”)最新公布的数据，2015年前11个月，我国新能源乘用车累计销量已达13.9万辆，同比增长213%。而为保持新能源汽车的发展势头，我国政府亦于本年度积极出台多元政策进行辅助。业内专家也纷纷预测，2016年乃至今后数年，新能源或将迎来更好的“收成”。
　　然而越是此番盛况空前，车企就越应小心谨慎。2015年前半年频发的电动车“起火事件”、新车快速推出带来的隐忧等问题，都不得不引起业内重视。一位不愿具名的业内专家对《中国经营报》记者表示：“以往我国对新能源汽车‘鼓励有余而约束不足’，个别法规的发布只在一定程度上实现了‘奖罚平衡’但为使行业实现长远发展，车企还需谨慎自律，国家政策亦应恩威并施。”
　　逆势暴涨
　　在近日商务部召开的新闻发布会上，商务部发言人沈丹阳在谈到新能源汽车的市场规模时，用“快速发展，形势喜人”这八个字来概括。如其所言，2015年新能源汽车经历的飞跃式发展，可谓史无前例——
　　来自乘联会统计显示，在乘用车市场仅保持个位数微增之时，2015年1~11月，我国新能源乘用车累计销量已达13.9万辆，同比增长213%。其中，纯电动车型达8.5万辆，插电式车型达5.4万辆。
　　销量飞速走高，让诸多企业看见了传统燃油车市场放缓后的一线生机，于是纷纷把目光投向新能源板块。在自主品牌板块，一直专注于新能源汽车的比亚迪汽车将车型重点放在SUV并发布“74”全市场战略布局，力图逐步实现全市场产品布局；北汽新能源汽车则大力着手充电设施建设并许下2015年销量突破2万辆的目标；江淮发布“iEV”战略，称10年后其新能源车将占集团整体销量30%以上；吉利则展开疯狂扩张计划，称2020年其新能源车型占比将达到90%。
　　与此同时，外资品牌亦在2015年动作频频，除既有的丰田汽车继续在混合动力车领域开疆扩土之外，宝马的新能源汽车国产、大众汽车的加入亦十分夺人眼球，虽然宝马更倾向于以高端车型切入，而大众计划从中低端市场做起，但二者突然加快的产品布局均代表对中国新能源车市的看好。
　　在众多车企的共同发力之下，我国新能源的产量增长步伐较销量更为惊人——工信部统计数据显示，2015年前11个月，我国新能源汽车累计生产27.92万辆，同比增长4倍。其中，纯电动乘用车生产11.72万辆，同比增长3.5倍，插电式混合动力乘用车生产5.30万辆，同比增长3倍；纯电动商用车生产9.01万辆，同比增长11倍，插电式混合动力商用车生产1.89万辆，同比增长90%。
　　在产销量快速增长的情况下，大多业内人士都对今后的新能源车市发展抱有极大信心。中国汽车工业协会副秘书长许艳华在近日召开的“2015中国新能源汽车企业领袖峰会”上表示：“未来，中国新能源汽车销量全球占比将超过40%，高于美国、欧洲和日本，在全球新能源汽车市场处于主导地位。”
　　“多元”政策利好
　　新能源迅速增长的原因实际早已不言自明，国家政策补贴和支持在其中扮演着至关重要的角色，尤其在2015年，多项政策的出台不仅弥补了“补贴退坡”带来的缺口，更为新能源的长远发展提供了更优路径。
　　2015年12月16日，财政部等五部门发布《关于“十三五”新能源汽车充电设施奖励政策及加强新能源汽车推广应用的通知(征求意见稿)》。该《通知》明确，奖励标准主要根据各地新能源汽车推广数量确定，推广量越大，奖励资金获得的越多。
　　而在此前，政策利好也一直纷至沓来——如《新建纯电动乘用车企业管理规定》，降低纯电动车制造门槛；《关于电动汽车用电价格政策有关问题的通知》，规定2020年前免收基本电费；财政部、国家税务总局、工业和信息化部发布联合公告，决定自2014年9月1日到2017年12月31日，对购置的新能源汽车免征车辆购置税等。
　　此外，各地政府的积极响应亦对新能源汽车发展贡献不小。2015年7月1日，上海市交通委发布《上海市电动汽车充电设施建设管理暂行规定》，要求新建住宅小区、交通枢纽等相关停车场应按照不低于总停车位10%的比例预留充电设施安装条件。无独有偶，广州市政府也出台相关政策，明确为充电设施预留的停车位比例为18%，北京市政府亦于10月起暂停对购买新能源汽车实施摇号，以上种种皆为地方政府对中央政府推广新能源汽车号召的积极相应。
　　不仅如此，对于新晋企业，政府亦放低门槛。2015年年中，发改委、工信部联合发布《新建纯电动乘用车企业管理规定》(以下简称《规定》)，自7月10日起，新建企业投资项目的投资总额和生产规模将不受《汽车产业发展政策》有关最低要求限制，可由投资主体自行决定。而对比此前《新建纯电动乘用车生产企业投资项目和生产准入管理规定》(征求意见稿)，《规定》也放宽了对企业研发基础的要求。
　　由此，虽然财政补贴连年退坡，但更加多元化政策的即时加入，却为新能源汽车业的发展再添动力。“多元化政策将对补贴的逐日‘断奶’进行缓冲，二者此消彼长的局面，将为新能源的长远发展提供更多蓄力。”上海交通大学汽车工程研究院副院长殷承良表示。
　　痛点隐现
　　新生事物向来具有两面性，新能源汽车也不例外。近几年，我国新能源汽车业迎来突破式发展，增速远远超过行业整体水平，但随之而来的问题也不容小觑。
　　2015年，我国厦门、深圳等地已发生数起新能源客车起火事件频发并造成人员伤亡，引起了全社会极大的关注，此前几年，亦屡有乘用车起火事件见诸报端。飞速增长的背后，新能源汽车的质量问题成为了业内一大忧虑。
　　国家863节能与新能源汽车重大项目监理咨询专家组组长王秉刚表示：“这种情况在一定程度上反映出：近几年来，在新能源市场的快速发展当中，各地方政府和汽车企业都忙于推广，在安全管理上有些疏忽，所以就出现了安全问题的苗头。对车企而言，其也应该在产品推出时更加谨慎，真正质量过硬的好产品还不够，这是首先要解决的问题。”
　　如其所言，我国新能源汽车正处于产业化发展初期，也是产业发展的关键时期，新能源汽车推广应用的安全问题不仅涉及人民群众的生命财产安全，也关系到战略性新兴产业的发展大局。若只顾快速发展、忽视维持稳定的话，新能源行业的未来可能会面临不可持续的困境。
　　而除产品质量问题之外，另外一个迟迟不能突破的瓶颈即为基础设施建设问题。目前，大部分新能源车企已在建设充电桩领域有所发力，但大多局限于“入户式”充电设施，对公共充电桩的建设广度仍待提高。诚然，车企本身制造公共充电设施的精力有限，于是国家与地方政策一直都在鼓励社会资本的加入，但在充电收费价格与油价拉不开距离的前提下，有意筹建公共充电设施的企业亦是有口难言。“向消费者收费的盈利模式如果能够暂缓实行，可能更利于我们前期的发展，目前阶段，我们非常希望政府能给予更多财政支持。”万帮充电设备有限公司内部人士表示。
　　眼下，新的一年已经开始，以上难题在2016年仍将存在。但究其根本，还是产品本身的问题更为关键。在政策监管不甚严格的情况下，企业唯有自律，才能长久立于不败之地，我国新能源汽车行业才能继续维持快速增长，与之相应的，基础设施也会在“倒逼”之下更加完善。“从根本上来说，产品是整个行业的基础，除国家政策和社会帮助之外，真正承担行业发展使命的仍然是个大企业。今后，企业还需在保证质量的前提下，针对热门市场推出更多满足消费者需求的产品，如此才能为整个行业提供持久动力。”王秉刚说。
编辑：东方财富网
展开阅读全文"
会涨了周一买点冲高点,"https://guba.eastmoney.com/news,601311,237988427.html",2016-01-01 16:01:26,会涨了周一买点冲高点
越跌越买,"https://guba.eastmoney.com/news,601311,237710976.html",2015-12-31 10:54:05,让主力使劲砸，越跌越买，逢低介入，相信我，没错的！
"操,此股冲高必出货,补仓就上套","https://guba.eastmoney.com/news,601311,237333059.html",2015-12-30 10:16:38,"操,此股冲高必出货,补仓就上套"
骆驼看主板脸色，主板看老美脸色[不赞],"https://guba.eastmoney.com/news,601311,237736003.html",2015-12-31 11:30:18,骆驼看主板脸色，主板看老美脸色[不赞]
真是一朵奇葩,"https://guba.eastmoney.com/news,601311,237733401.html",2015-12-31 11:26:19,真是一朵奇葩
最后一天，跌停！,"https://guba.eastmoney.com/news,601311,237534082.html",2015-12-30 18:39:15,最后一天，跌停！
尾盘拉升,"https://guba.eastmoney.com/news,601311,237430545.html",2015-12-30 13:45:58,尾盘拉升
拥有骆驼电池，何惧沙漠行舟？,"https://guba.eastmoney.com/news,601311,215889997.html",2015-11-14 11:25:49,拥有骆驼电池，何惧沙漠行舟？
垃圾公司垃圾股,"https://guba.eastmoney.com/news,601311,237359327.html",2015-12-30 10:53:50,垃圾公司垃圾股
这股明天强势拉升，请各位拉升离场,"https://guba.eastmoney.com/news,601311,237216137.html",2015-12-29 20:13:10,这股明天强势拉升，请各位拉升离场
骆驼股份签署战略合作 拓展新能源汽车业务,"https://guba.eastmoney.com/news,601311,237237122.html",2015-12-29 21:43:34,"来源：中国证券网 
　　骆驼股份12月29日晚间公告称，公司于12月29日与东风扬子江汽车(武汉)有限责任公司(简称“东风扬子江”)签订了《战略合作框架协议书》，双方拟在新能源汽车研发、生产等方面展开合作，协议有效期至2018年12月29日。
　　据介绍，东风扬子江是一家专门从事各类客车、特种专用车整车以及新能源关键零部件的研发、生产和销售的公司。公司表示，此次协议的签订有利于公司及各子公司新能源汽车业务的发展，如双方合作事项能顺利展开，将对公司未来经营业绩增长带来积极影响。
　　同日骆驼股份公告称，公司控股子公司骆驼租赁于12月29日与北京菜篮子配送有限公司(简称“菜篮子公司”)签订了《战略合作协议》，双方拟在金融服务领域和新能源电动汽车相关领域达成战略合作，协议有效期至2020年12月29日止。据介绍，菜篮子公司计划五年投放1万辆新能源电动汽车，替换原有的燃油车辆。
（来源：中国证券网 2015-12-29 21:41） [点击查看原文]"
看来只有我一个人踢了增发价格反对票！其实我是最忠实的骆驼粉,"https://guba.eastmoney.com/news,601311,237233347.html",2015-12-29 21:27:00,看来只有我一个人踢了增发价格反对票！其实我是最忠实的骆驼粉
601311:骆驼股份关于子公司签订战略框架协议公告,"https://guba.eastmoney.com/news,601311,237214128.html",2015-12-29 20:04:09,"公告日期：2015-12-30
证券代码：601311 证券简称：骆驼股份 公告编号：临2015-092

骆驼集团股份有限公司

关于子公司签订战略框架协议公告

本公司董事会及全体董事保证本公告内容不存在任何虚假记载、误导性陈述或者重大遗漏，并对其内容的真实性、准确性和完整性承担个别及连带责任。

重要内容提示:

本协议为双方进行全面战略合作的指导性文件，是基于双方合作意愿的框架性约定，协议的履行不存在重大风险。

本协议履行对公司2015年度的总资产、净资产和净利润等不构成重大影响。

骆驼集团股份有限公司（以下简称“公司”）控股子公司湖北骆驼融资租赁有限公司（以下简称“骆驼租赁”或“乙方”，公司控股70%）与北京菜篮子配送有限公司（以下简称“菜篮子公司”或“甲方”）于2015年12月29日签订了《战略合作协议》（以下简称“本协议”），双方拟在金融服务领域和新能源电动汽车相关领域达成战略合作。

一、框架协议签订的基本情况

（一）交易对方的基本情况

公司名称：北京菜篮子配送有限公司

公司类型：其他有限责任公司

－1－

法定代表人：吴国营

注册资本：1000万元

公司住所：北京市丰台区新发地168号北京农产品中央批发市场A区1厅第3008号

经营范围：物业管理；普通货运（有效期至2016年9月25日）；销售预包装食品、食用农产品（含水产品、含冷鲜畜禽产品）（食品流通许可证有效期至2017年04月28日）；销售新鲜水果、新鲜蔬菜、针纺织品、服装、日用品、化妆品、卫生间用具、五金交电、家用电器、计算机及辅助设备、文具用品、体育用品、工艺品、粮食、饲料；经济信息咨询；技术开发、技术转让、技术推广、技术咨询、技术服务；种植蔬菜、水果、坚果；货物进出口、代理进出口、技术进出口；市场调查；家庭服务；清洁服务；货运代理；会议服务；票务服务（不含飞机票）；劳务服务；劳务派遣；设计广告。

本协议对方与公司及子公司之间不存在关联关系。

（二）协议签署的时间、地点、方式。

本协议由骆驼租赁与菜篮子公司于2015年12月29日在湖北省襄阳市签署。

（三）签订协议已履行的审议决策程序。

本协议仅为协议双方根据合作意向达成的战略性、原则性约定，根据《公司章程》及相关规定，无需提交董事会和股东大会审议。

二、框架合作协议的主要内容

甲方：北京菜篮子配送有限公司

乙方：湖北骆驼融资租赁有限公司

（一） 合作价值

－2－

甲乙双方基于各自行业内的领先优势，以及甲乙双方产业板块的互通互融，甲乙双方拟在金融服务领域和新能源电动汽车相关领域达成战略合作，合作的达成具有盘活资产、提高现金流动率、加速产业发展等益处。

（二） 合作基础

1、甲方作为推广平台，具有强大的资源整合和信息管理优势，可从场地、推介、渠道、客户等方面对乙方的业务推广做支撑。

2、乙方作为新能源电动汽车配件产品的提供商，拟采用“三电 租赁”新型商业模式，为用户提供新能源电动汽车购买和售后服务等融资租赁系统解决方案。

3、甲乙双方本着资源共享、共同发展、合作双赢的原则，经充分协商，确立互为战略合作伙伴关系，并予以长期保持。

4、甲方对于自用车辆的三电（电池、电控、电机）采购，在同等条件下，首选由乙方直接或间接提供的产品，如三电及相关技术等不能满足甲方的需求，甲方有权选择别的合作主体；甲方也可以选择负责牵线让乙方与其他满足需求的生产厂家进行三电的对接和合作，由乙方配合办理相关公告及免税的一切手续，直至乙方与甲方选择的厂家合作成功后，甲方可再进行选购。

5、乙方须根据甲方需求并承担寻求甲方满意、合格、适用的车型及厂家供甲方选择，如甲方对车辆有其他功能的要求，乙方主动为甲方协调车辆生产厂家以便满足甲方的要求，且乙方承诺针对甲方要求与第三方厂家对接达成共识，减少不必要的麻烦和损失。

6、针对甲方的自用车辆，乙方为甲方提供的车辆价格、融资租－3－

赁利息及融资手续费用保证为市场合……
[点击查看PDF原文]
提示：本网不保证其真实性和客观性，一切有关该股的有效信息，以交易所的公告为准，敬请投资者注意风险。
展开阅读全文"
601311:骆驼股份2015年第三次临时股东大会的法律意见,"https://guba.eastmoney.com/news,601311,237214122.html",2015-12-29 20:04:09,"公告日期：2015-12-30


北京德恒律师事务所

关于骆驼集团股份有限公司

2015年第三次临时股东大会的

法律意见

北京市西城区金融街19号富凯大厦B座12层

电话:010-66575888传真:010-65232181邮编:100033

北京德恒律师事务所

关于骆驼集团股份有限公司

2015年第三次临时股东大会的

法律意见

编号:德恒D201512173252320055BJ号

致: 骆驼集团股份有限公司

北京德恒律师事务所受骆驼集团股份有限公司（以下简称“骆驼股份”或“公司”）委托，指派黄侦武律师、王瑞杰律师（以下简称“本所律师”）出席骆驼股份2015年第三次临时股东大会（以下简称“本次股东大会”），并对本次股东大会的合法性进行见证并出具法律意见。

本法律意见根据《中华人民共和国公司法》(以下简称“《公司法》”)、《中华人民共和国证券法》、《上市公司股东大会规则》以及《骆驼集团股份有限公司章程》（以下简称“《公司章程》”）等有关法律、法规和规范性文件而出具。

为出具本法律意见，本所律师审查了骆驼股份本次股东大会的有关文件和材料。本所律师得到骆驼股份如下保证，即其已提供了本所律师认为出具本法律意见所必需的材料，所提供的原始材料、副本、复印件等材料、口头证言均符合真实、准确、完整的要求，有关副本、复印件等材料与原始材料一致。

在本法律意见中，本所律师仅对本次股东大会的召集、召开程序、出席会议人员资格、召集人资格及会议表决程序、表决结果是否符合《公司法》、《上市公司股东大会规则》等法律、法规、规范性文件及《公司章程》的规定发表意见，不对会议审议的议案内容以及这些议案所表述的事实或数据的真实性及准确性发表意见。

本法律意见书仅供骆驼股份本次股东大会相关事项的合法性之目的使用，不得用作任何其他目的。

本所律师根据法律的要求，按照律师行业公认的业务标准、道德规范和勤勉尽责的精神，对骆驼股份所提供的相关文件和有关事实进行了核查和验证，现出

具法律意见如下：

一、本次股东大会的召集程序

公司董事会于2015年12月12日在《中国证券报》、《证券时报》、《上海证券报》及上海证券交易所指定网站上刊登了《骆驼集团股份有限公司关于召开2015年第三次临时股东大会的通知》，以公告形式通知召开本次股东大会。上述公告载明了本次股东大会的现场会议召开时间、现场会议召开地点、会议召开方式、会议审议事项、参会人员等。

本所律师认为，本次股东大会的召集程序符合法律、法规和《公司章程》的规定。

二、本次股东大会的召开

本次股东大会的召开采用现场投票与网络投票相结合的方式。现场会议于2015年12月29日上午10:00在襄阳市樊城区长虹北路11号万达皇冠假日酒店召开，会议的时间、地点及其他事项与会议通知披露一致。网络投票采用上海证券交易所网络投票系统，通过交易系统投票平台的投票时间为12月29日的交易时间段，即 9:15-9:25，9:30-11:30，13:00-15:00；通过互联网投票平台的投票时间为12月29日的 9:15-15:00。本次股东大会完成了全部会议议程。

本次股东大会的召开情况由董事会秘书制作了会议记录，并由参加会议的全体股东或股东代理人、董事、董事会秘书签名存档。

本所律师认为，本次股东大会的召开程序符合法律、法规和《公司章程》的规定。

三、出席本次股东大会人员及会议召集人资格

（一）出席本次股东大会的股东及其代理人

本所律师依据中国证券登记结算有限责任公司上海分公司提供的《股东名册》，对公司出席本次股东大会的股东之股东账户卡、身份证明、营业执照复印件、单位证明或法定代表人授权证明及代理人个人身份证明等资料进行了核对与

查验。经核查，出席本次股东大会的普通股股东或股东代理人共计【44】人，均为公司董事会确定的股权登记日在中国证券登记结算有限责任公司上海分公司登记在册的公司股东或其合法授权的委托代理人，代表股份【511……
[点击查看PDF原文]
提示：本网不保证其真实性和客观性，一切有关该股的有效信息，以交易所的公告为准，敬请投资者注意风险。
展开阅读全文"
601311:骆驼股份签订战略框架协议公告,"https://guba.eastmoney.com/news,601311,237213996.html",2015-12-29 20:03:38,"公告日期：2015-12-30
证券代码：601311 证券简称：骆驼股份 公告编号：临2015-093

骆驼集团股份有限公司签订战略框架协议公告

本公司董事会及全体董事保证本公告内容不存在任何虚假记载、误导性陈述或者重大遗漏，并对其内容的真实性、准确性和完整性承担个别及连带责任。

重要内容提示:

本次签订的仅为战略合作框架协议，具体的实施内容和进度尚存在不确定性，本次战略合作不存在重大风险。

本协议的履行对公司2015年度的资产总额、净资产和净利润等不构成重大影响。

骆驼集团股份有限公司（以下简称“公司”或“乙方”）与东风扬子江汽车（武汉）有限责任公司（以下简称“东风扬子江”或“甲方”）于2015年12月29日签订了《战略合作框架协议书》（以下简称“本协议”），双方拟在新能源汽车研发、生产等方面展开合作。

一、框架协议签订的基本情况

（一）交易对方的基本情况

公司名称：东风扬子江汽车（武汉）有限责任公司

公司性质：有限责任公司

法定代表人：吴天才

注册资本：6122万元

－1－

经营范围：客车及其底盘和专用汽车的制造及销售；货物进出口（不含国家禁止或限制进出口的货物或技术）；汽车相关总成及零部件的研制、开发、生产、销售；车辆售后服务、技术咨询与培训；橡胶密封制品制造；大型游乐设施（观光车类）的制造、销售；送变电工程专业总承包；载货汽车的制造及销售。

本协议对方与公司及子公司之间不存在关联关系。

（二）协议签署的时间、地点、方式。

本协议由公司与东风扬子江于2015年12月29日在湖北省襄阳市签署。

（三）签订协议已履行的审议决策程序。

本协议仅为协议双方根据合作意向，经友好协商达成的战略性、框架性约定，根据《公司章程》及相关规定，无需提交董事会和股东大会审议。

二、框架合作协议的主要内容

（一）合作基础

甲方是研发、制造、销售新能源车辆的公司，拥有完善的销售配套体系和较强的生产经营能力；乙方拥有良好的动力锂离子电池、电机、电控研发基础和市场开拓能力，能够为甲方提供较好的产品配套、市场技术支持等服务。

（二）合作宗旨

1、甲、乙双方在合作中建立的互信、惯例与默契是商业合作战略伙伴关系的基础，提高效率与共同发展是双方合作的目标和根本宗旨。

－2－

2、本协议的基本原则是自愿、双赢、互惠互利、相互促进、共同发展、保守秘密、相互协作。

3、充分发挥双方优势，优势互补，提高竞争力，共同合作，共同开拓市场。

4、本协议为框架协议，是甲、乙双方今后长期合作的指导性文件，也是双方签订相关合同业务的基础。

（三）合作方式

1、乙方依据甲方生产过程中的实际情况，提供适合甲方的动力锂离子电池、电机、电控产品以满足甲方新能源车辆研发、生产中的性能要求。

2、开发过程中，乙方根据甲方需求及技术要求提供锂电池、电机、电控以配合其共同开发；甲方批量生产时，乙方为其提供产品供货，以满足其销售需求。

3、甲、乙方双方根据后期发展需要，确定共同开发及量产的车型、电池及电机电控型号并签订正式供货协议。

4、甲乙双方根据实际合作情况，约定合作开发期间的知识产权所有权、车辆公告、相关车型量产后的配套份额等事项。

（四）甲方主要义务

1、甲方负责组织分析内部需要并反馈至乙方，沟通合作开发或量产的产品型号、技术要求、合作方式等。

－3－

2、甲方负责对乙方提供的产品进行性能验证工作，如样品检测、批量抽检、产品性能实验、试车验证等。

3、甲方应保障提供给乙方的产品技术、质量要求、检测标准等文件精确，无异议。

4、甲方向乙方提供所需的公告信息、产品样件、公司简介等资料。

5、甲方应保证与乙方合作开发的车型，其生产所需的电池组、电机、电控全部由乙方提供（另行协商的除外）

（五）乙……
[点击查看PDF原文]
提示：本网不保证其真实性和客观性，一切有关该股的有效信息，以交易所的公告为准，敬请投资者注意风险。
展开阅读全文"
601311:骆驼股份2015年第三次临时股东大会决议公告,"https://guba.eastmoney.com/news,601311,237213990.html",2015-12-29 20:03:37,"公告日期：2015-12-30
证券代码：601311 证券简称：骆驼股份 公告编号：2015-091

骆驼集团股份有限公司

2015年第三次临时股东大会决议公告

本公司董事会及全体董事保证本公告内容不存在任何虚假记载、误导性陈述或者重大遗漏，并对其内容的真实性、准确性和完整性承担个别及连带责任。

重要内容提示：

本次会议是否有否决议案：无

一、 会议召开和出席情况

(一) 股东大会召开的时间：2015年12月29日

(二) 股东大会召开的地点：襄阳市樊城区长虹北路11号万达皇冠假日酒店

(三) 出席会议的普通股股东及其持有股份情况：

1、出席会议的股东和代理人人数 44

2、出席会议的股东所持有表决权的股份总数（股） 511,626,771

3、出席会议的股东所持有表决权股份数占公司有表决权股

份总数的比例（%） 60.07

(四) 表决方式是否符合《公司法》及《公司章程》的规定，大会主持情况等。

会议由公司董事会召集，董事长刘国本先生主持，采取现场投票及网络投票相结合的方式召开并表决。会议的召集和召开符合《公司法》、《公司章程》等相关法律法规的规定。

(五) 公司董事、监事和董事会秘书的出席情况

1、公司在任董事9人，出席9人；

2、公司在任监事3人，出席3人；

3、董事会秘书王从强先生出席了本次会议；全部高级管理人员列席了本次会议。

二、 议案审议情况

(一) 非累积投票议案

1、议案名称：关于公司符合非公开发行A股股票条件的议案

审议结果：通过

表决情况：

股东类型 同意 反对 弃权

票数 比例 票数 比例 票数 比例

（%） （%） （%）

A股 511,607,071 99.99 5,900 0.00 13,800 0.01

2.01、议案名称：发行价格与定价原则

审议结果：通过

表决情况：

股东类型 同意 反对 弃权

票数 比例 票数 比例 票数 比例

（%） （%） （%）

A股 511,545,071 99.98 67,900 0.01 13,800 0.01

2.02、议案名称：发行股票的数量

审议结果：通过

表决情况：

股东类型 同意 反对 弃权

票数 比例 票数 比例 票数 比例

（%） （%） （%）

A股 511,545,071 99.98 67,900 0.01 13,800 0.01

2.03、议案名称：募集资金投资项目

审议结果：通过

表决情况：

股东类型 同意 反对 弃权

票数 比例 票数 比例 票数 比例

（%） （%） （%）

A股 12,558,811 99.8……
[点击查看PDF原文]
提示：本网不保证其真实性和客观性，一切有关该股的有效信息，以交易所的公告为准，敬请投资者注意风险。
展开阅读全文"
安静,"https://guba.eastmoney.com/news,601311,236526839.html",2015-12-28 09:03:34,安静
走了，兄弟们，照以住的经验，我一走会有一波，希望兄弟们能抓住，发财哈,"https://guba.eastmoney.com/news,601311,235366987.html",2015-12-25 11:59:12,走了，兄弟们，照以住的经验，我一走会有一波，希望兄弟们能抓住！发财哈！
骆驼，你跌破定增价格后怎么办？继续下调定增价格？,"https://guba.eastmoney.com/news,601311,235308799.html",2015-12-25 10:39:06,这股票已经没意思了
股票的好坏与股票的产地有密切关系，你同意吗？,"https://guba.eastmoney.com/news,601311,235462546.html",2015-12-25 14:39:11,股票的好坏与股票的产地有密切关系，你同意吗？
今天不跑，怕是没机会了！,"https://guba.eastmoney.com/news,601311,235253523.html",2015-12-25 09:36:06,今天不跑，怕是没机会了！
今天见底！你们认为呢？,"https://guba.eastmoney.com/news,601311,235325640.html",2015-12-25 10:59:08,奇葩股的春天快到了！你们再坚守一会···！！！
垃圾别天天一副痿样！！,"https://guba.eastmoney.com/news,601311,235307859.html",2015-12-25 10:38:18,垃圾别天天一副痿样！！
看九洲电器都涨了,"https://guba.eastmoney.com/news,601311,235251037.html",2015-12-25 09:32:26,看九洲电器都涨了
看看人家风帆股份多牛逼，在看看骆驼真是一驼啊！,"https://guba.eastmoney.com/news,601311,235000653.html",2015-12-24 17:03:42,看看人家风帆股份多牛逼，在看看骆驼真是一驼啊！
昨天瞎眼了，买了这个破逼股，早上跳空下跌，赶紧出！,"https://guba.eastmoney.com/news,601311,234997962.html",2015-12-24 16:55:00,昨天瞎眼了，买了这个破逼股，早上跳空下跌，赶紧出！
为什么会这样呀？,"https://guba.eastmoney.com/news,601311,234836575.html",2015-12-24 11:23:56,为什么会这样呀？
今天收盘22.13元没有，那就玩完了！,"https://guba.eastmoney.com/news,601311,234776558.html",2015-12-24 10:10:32,今天收盘22.13元没有，那就玩完了！
骆驼是要打才会转的，恨不得打死它！才会涨！要么打到19元蒸发价算了！,"https://guba.eastmoney.com/news,601311,234884742.html",2015-12-24 13:22:13,骆驼是要打才会转的，恨不得打死它！才会涨！要么打到19元蒸发价算了！
转发3评论7赞4阅读8352举报本帖 中美科学家合作研获单原子厚度“硼烯” 光明,"https://guba.eastmoney.com/news,601311,234853459.html",2015-12-24 11:52:27,"转发3评论7赞4阅读8352举报本帖
中美科学家合作研获单原子厚度“硼烯”
光明日报天津12月23日电(记者陈建强 通讯员吴军辉)一个困扰世界凝聚态物理和材料物理界多年的难题近日被攻克。南开大学和美国阿贡国家实验室、纽约州立大学石溪分校、美国西北大学的科学家合作，首次获得了只有单原子厚度的二维硼材料——“硼烯”。该材料因其优越的电学、力学、热学属性，被科学界寄予厚望，或将成为继石墨烯之后又一种“神奇纳米材料”。相关研究发表在18日出版的《科学》杂志上并被重点推荐。"
他跑他的你做你的巧取豪夺，不要怨气伤身，看好了就做一下。打得赢就打，打不赢就跑，,"https://guba.eastmoney.com/news,601311,234757089.html",2015-12-24 09:45:34,他跑他的你做你的巧取豪夺，不要怨气伤身，看好了就做一下。打得赢就打，打不赢就跑，相信是好股就多做几次！
关于骆驼股份，就看明天22.08分能不能站考牢，2:49分破了就卖掉。没有破可以,"https://guba.eastmoney.com/news,601311,234589996.html",2015-12-23 21:14:31,关于骆驼股份，就看明天22.08分能不能站考牢，2:49分破了就卖掉。没有破可以拿的。
大盘即将大跌，逃啦！,"https://guba.eastmoney.com/news,601311,234345268.html",2015-12-23 11:05:05,大盘即将大跌，逃啦！
主力还在出货吗？,"https://guba.eastmoney.com/news,601311,234501750.html",2015-12-23 15:49:24,主力还在出货吗？
出货明显,"https://guba.eastmoney.com/news,601311,234433282.html",2015-12-23 14:05:08,出货明显
这几天流出多少钱了，还想涨，做梦吧。,"https://guba.eastmoney.com/news,601311,234399040.html",2015-12-23 13:15:40,这几天流出多少钱了，还想涨，做梦吧。
垃圾,"https://guba.eastmoney.com/news,601311,234394456.html",2015-12-23 13:06:46,垃圾
猛料,"https://guba.eastmoney.com/news,601311,234307388.html",2015-12-23 10:15:40,飞流直下三千尺
tmd,"https://guba.eastmoney.com/news,601311,234336436.html",2015-12-23 10:54:09,tmd
601311新能源股,"https://guba.eastmoney.com/news,601311,234328557.html",2015-12-23 10:43:27,今天肯定涨~
如能顺利冲破前期新高23.8，将成为潜力最牛股之一！[赞][赞][赞],"https://guba.eastmoney.com/news,601311,234289323.html",2015-12-23 09:54:07,如能顺利冲破前期新高23.8，将成为潜力最牛股之一！
看好你的题材，怎能每天这点动静呢,"https://guba.eastmoney.com/news,601311,234205945.html",2015-12-22 22:10:59,看好你的题材，怎能每天这点动静呢
明天估计要涨停了,"https://guba.eastmoney.com/news,601311,234104543.html",2015-12-22 15:09:33,明天估计要涨停了
[赞][赞] 股票	         机构       	评级	   变动,"https://guba.eastmoney.com/news,601311,234148332.html",2015-12-22 17:57:22,"股票 机构 评级 变动 目标价 预期空间
骆驼股份国泰君安 买入 维持 37.00 67%"
此股基金扎堆，除非重大利好，不然一直会震荡上行。 期待发疯的同志可以歇歇啦！,"https://guba.eastmoney.com/news,601311,234003636.html",2015-12-22 11:49:34,"此股基金扎堆，除非重大利好，不然一直会震荡上行。
期待发疯的同志可以歇歇啦！"
看看风帆,"https://guba.eastmoney.com/news,601311,233953665.html",2015-12-22 10:25:09,看看风帆
来，到20来。,"https://guba.eastmoney.com/news,601311,233970802.html",2015-12-22 10:49:55,来，到20来。
一拉高，主力就出货，为何？何解？22的本,"https://guba.eastmoney.com/news,601311,233953939.html",2015-12-22 10:25:22,一拉高，主力就出货，为何？何解？22的本
601311:骆驼股份2015年第三次临时股东大会会议资料,"https://guba.eastmoney.com/news,601311,233774840.html",2015-12-21 16:13:07,"公告日期：2015-12-22


骆驼集团股份有限公司

2015年第三次临时股东大会

会议资料

中国· 襄阳

二〇一五年十二月

目录

骆驼集团股份有限公司2015年第三次临时股东大会会议须知......2

骆驼集团股份有限公司2015年第三次临时股东大会通知......4

骆驼集团股份有限公司2015年第三次临时股东大会会议议程......6

议案一:关于公司符合非公开发行A股股票条件的议案......7

议案二:关于调整公司非公开发行股票方案的议案......10

议案三:关于调整公司非公开发行A股股票预案的议案......14

附：骆驼集团股份有限公司2015年度非公开发行A股股票预案（修订稿）......15

议案四:关于调整公司非公开发行股票募集资金使用可行性分析报告的议案......57

附：骆驼集团股份有限公司非公开发行股票募集资金使用可行性分析报告（修订稿）..58

议案五:关于调整公司非公开发行股票后填补被摊薄即期回报措施的议案......78

附：关于非公开发行股票后填补被摊薄即期回报措施的说明（修订稿）......79

议案六:关于收购襄阳驼龙新能源有限公司全部股权的议案......83

议案七:关于收购襄阳宇清传动科技有限公司新能源汽车电驱动相关资产负债的议案..90

议案八:关于与戴瑞米克襄阳电池隔膜有限公司日常性关联交易的议案......96

议案九:关于与戴瑞米克襄阳电池隔膜有限公司偶发性关联交易的议案......98

议案十:关于公司五年（2016-2020）发展战略规划的议案......100

议案十一:关于湖北驼峰投资有限公司对公司经销商实施股权激励的议案......105

附表一：骆驼集团股份有限公司2015年第三次临时股东大会议案表决票......107

附表二：授权委托书......109

附表三：参加股东大会报名表......111

附表四：法人代表资格证明......112

骆驼集团股份有限公司

2015年第三次临时股东大会会议须知

各位股东及股东代表：

为维护投资者的合法权益，确保股东大会的正常秩序和议事效率，根据《公司法》、《骆驼集团股份有限公司章程》的有关规定，特制定本次股东大会会议须知：

1、为保证股东大会的严肃性和正常秩序，切实维护股东的合法权益，务请出席本次股东大会的相关人员准时签到参会，参会资格未得到确认的人员不得进入会场。

2、股东参加股东大会，依法享有发言权、表决权等各项权利，并履行法定义务和遵守有关规定，对于扰乱股东大会秩序和侵犯其他股东合法权益的，将报告有关部门处理。

3、股东大会召开期间，股东可以发言。股东要求发言时应先举手示意，经大会主持人许可后，方可发言或提出问题，股东要求发言时不得打断会议报告人的报告或其他股东的发言，不得提出与本次股东大会议案无关的问题。

4、公司召开股东大会按如下程序进行：首先由报告人向大会做各项议案的报告，之后股东对各项报告进行审议讨论，股东在审议过

程中提出的建议、意见或问题，由大会主持人或其指定的有关人员予以回答，最后股东对各项议案进行表决。

5、与本次股东大会议题无关或将泄露公司商业秘密或有损公司、股东利益的质询，大会主持人或相关负责人有权拒绝回答。

6、本次股东大会采取记名投票方式逐项进行表决，股东按其持有本公司的每一份股份享有一份表决权，特请各位股东、股东代表或其委托代理人准确填写表决票：必须填写股东姓名或委托股东姓名，同意在“同意”栏内打“√”，不同意在“反对” 栏内打“√”，放弃表决权时在“弃权” 栏内打“√”。投票时按秩序投入表决箱内，由一名股东代表和一名监事参加监票和清点。

骆驼集团股份有限公司2015年第三次临时股东大会通知

各位股东及股东代表：

骆驼集团股份有限公司（以下简称“公司”）2015年第三次临时股东大会拟于2015年12月29日（星期二）上午10:00在襄阳市樊城区长虹北路11号万达皇冠假日酒店召开，本次股东大会采取现场投票与网络投票相结合的方式。网络投票采用上海证券交易所网络投票系统，通过交易系统投票平台的投票时间为12月29日的交易时间段，即 9:15-9:25，9:30-11:30，13:00-15:00；通过互联网投票平台的投票时间为12月29日的 9:15-15:00。会议审议和表决议题如下：

……
[点击查看PDF原文]
提示：本网不保证其真实性和客观性，一切有关该股的有效信息，以交易所的公告为准，敬请投资者注意风险。
展开阅读全文"
明天会涨点个,"https://guba.eastmoney.com/news,601311,233741260.html",2015-12-21 14:46:55,明天会涨点个
醒醒吧 广东的那个网友 涨停个鸟,"https://guba.eastmoney.com/news,601311,233689885.html",2015-12-21 13:36:50,[不屑]
敢不敢硬挺！,"https://guba.eastmoney.com/news,601311,233621155.html",2015-12-21 10:56:51,敢不敢硬挺！
