标题,链接,发布时间,内容
蛋炒饭、502股神、悦来散仙、青铜宝剑在吗？出来给我点赞,"https://guba.eastmoney.com/news,601800,615334549.html",2017-03-08 20:31:52,蛋炒饭、502股神、悦来散仙、青铜宝剑在吗？出来给我点赞
事一件都办不好，花样还挺多，一个股市搞了二十年还这样，故意这样就恶心啦,"https://guba.eastmoney.com/news,601800,615334426.html",2017-03-08 20:31:36,事一件都办不好，花样还挺多，一个股市搞了二十年还这样，故意这样就恶心啦
18.7本什么时候能回本,"https://guba.eastmoney.com/news,601800,614273218.html",2017-03-06 10:00:22,18.7本什么时候能回本
"比蜗牛还稳的增长,睡大觉吧！","https://guba.eastmoney.com/news,601800,615304053.html",2017-03-08 18:46:54,"比蜗牛还稳的增长,睡大觉吧！"
短中线淘金：周三操作参考（.）,"https://guba.eastmoney.com/news,601800,615262869.html",2017-03-08 16:21:03,周晓明2016-9-1等风来与乘风去
明天继续绿,"https://guba.eastmoney.com/news,601800,614855805.html",2017-03-07 15:43:26,明天继续绿
明天应该涨了吧,"https://guba.eastmoney.com/news,601800,614912458.html",2017-03-07 18:55:35,明天应该涨了吧
我怎么买哪个哪个就不是龙头了啊,"https://guba.eastmoney.com/news,601800,615073168.html",2017-03-08 09:45:09,我怎么买哪个哪个就不是龙头了啊
呼之欲出且看周三 市场表现 根据66个行业指数分类，其中53个行业指数上涨，但仅,"https://guba.eastmoney.com/news,601800,614989304.html",2017-03-07 23:37:55,"呼之欲出且看周三
市场表现
根据66个行业指数分类，其中53个行业指数上涨，但仅有5个行业指数涨幅超过1%。呈现出普涨态势，但上涨幅度相对不大。
观察涨停的股票，剔除次新股来看，还是部分复牌的股票出现连涨现象，而诸如国风塑业的一字板则是受到塑料钱币的刺激，国中水务则是因为参与万达商业私有化所致，还有深赤湾、广州发展等个股的涨停则是在粤港澳大湾区的刺激下发力。
如此来看，除了次新之外，则大多数都是受到某些消息刺激所带来的涨停行为。若非如此，虽有冲板，则就被捅，打开回落，这也表明分歧尚大。比如科迪乳业、科大讯飞、中科创达等个股，虽然也都上了涨停板，但还是打开回落。这些股票都有一个典型特征，即趋势上偏跌，所以容易产生分歧而互相捅刀子。
今天跌幅较多的则是资源型的股票，如煤炭、有色、化工等板块，相对而言，前期涨幅也较大，所以出现了技术性的回调。但这里面的多数个股并非转入跌势，而呈现出回调整理的态势，或许压低后再创造波段式的交易机会。但也需要针对具体的个股，做出合理的判断。
盘面中还有一个现象则是中国交建的止跌回稳，这也是一个较为典型的代表，具有一定的引导作用。就如同上周发力起来的联通，带动了混改个股的预期，所以相关股票也近日十分活跃。但也因为联通冲高回落而带来混改类股票的回调，甚至下跌，这就是事由同源的结果。
而近日中国交建的稳定，甚至一定程度的作价动作，会否引发同源性质股票的共振行为，也是值得进一步观察的。不过，就其他大型股票的作价行为来讲，其力度相对不大，比如中国建筑、中国电建等等，但这些股票共同产生的缩量修整过程，倒是越发值得肯定。
市场走到今天，许多大型股票经过了充分的调整，时间和空间都已经不短，在量能沉淀充分的情况下，也的确要留意是否会一跃而上。而一些中小票的反弹结构，一旦折返，也不会是立马能够结束的，这个位置也需要主动防范。
3、市场展望
今日继续向上推高了几个点收盘，虽然幅度不大，力度也不强，但无论是对哪一个周期而言，都是进一步夯实了其上行基础，对各周期均价线涨势的延展就是这一上涨行为所带来的最好结果。
成交量小幅扩增，这是一个非常好的现象，虽然增量幅度不大，但在震荡中的缩量控制，是结构性修整的最好表现。这对于进一步扩增大量推升，产生了积极的预期。
60日周期在当前较低量能和价格区域的扣减，已经确立了未来不短时间的上涨格局，这同步于120日周期的涨势格局，构成了行情的中长多涨势。
4、投资建议
连续两日的小幅回升，得以促使各周期的优势增强，技术性推升或将延续。同时，周K线的推升预期也得到确立，那么下半周的进攻概率提高，尤其是周三，一旦攻势起，量能增，则短期攻势可望维持数日。所以，周三如何演变，值得密切关注。
股票的选择仍是以下几个思路，一是大型蓝筹股票的低位优势，可以大胆布局；二是进入明确的多头涨势结构的白马类股票，可以等待回调时低买的机会；三是选取周K线完成底部构建，且在日K线上呈现积极换手行为的股票，进行低位布局。"
002827 603928 000563 300417 000631 00232,"https://guba.eastmoney.com/news,601800,609567682.html",2017-02-16 20:35:08,002827 603928 000563 300417 000631 002321 002251 002237今日大盘再次收阳线，市场赚钱效应放大，银行，证券，有色，稀土，煤炭齐齐发力，市场再现“眉飞色舞”的现象，国家队是铁了心要把这一轮小牛市做出来，所以大家把握好机会！大盘后期的行情会在大家看不懂的猜测中继续向上，直接涨到大家都不敢信才会开始回调！ 节后撸袖子干就是没有错，需要将仓位配置到有业绩支撑或主力深耕其中等安全边际较高的个股上，保持原有看多做多态势， 争取更大收益！
高送转不再是,"https://guba.eastmoney.com/news,601800,614938449.html",2017-03-07 20:22:55,无疑是明智之举
超级主力必抢黑马快*惊天低价低估酒,"https://guba.eastmoney.com/news,601800,614930069.html",2017-03-07 19:56:49,最大悲哀：卖在地板上，死在黎明前。大盘会永远
大胆买入17的交建,"https://guba.eastmoney.com/news,601800,614792419.html",2017-03-07 13:45:10,大胆买入17的交建
601800的机构心态要阳光,"https://guba.eastmoney.com/news,601800,614833749.html",2017-03-07 14:56:28,不要太恶心！一味打压算什么！
中国交建：我来抄底,"https://guba.eastmoney.com/news,601800,614697649.html",2017-03-07 10:22:08,
一带一路是中长期利好拿着别放,"https://guba.eastmoney.com/news,601800,614783432.html",2017-03-07 13:28:44,
能否来个中阳,"https://guba.eastmoney.com/news,601800,614782747.html",2017-03-07 13:27:43,能否来个中阳
小娘省、捏句股！跌跌不休！,"https://guba.eastmoney.com/news,601800,614668249.html",2017-03-07 09:33:44,小娘省、捏句股！跌跌不休！
后市靠权重拉升，瞬间冲一下这个位置再回落是大概率的事情,"https://guba.eastmoney.com/news,601800,614726214.html",2017-03-07 11:07:58,后市靠权重拉升，瞬间冲一下这个位置再回落是大概率的事情
中建何时可以买入？很简单，当macd开始见红时候，就是满仓杀入的时候,"https://guba.eastmoney.com/news,601800,614763355.html",2017-03-07 12:37:52,中建何时可以买入？很简单，当macd开始见红时候，就是满仓杀入的时候
300498温氏股份连年高分红，股息远超银行，养老扩QFII第一受益股!!,"https://guba.eastmoney.com/news,601800,614698181.html",2017-03-07 10:23:13,连年高分红，股息远超银行，养老扩QFII第一受益股!!
"300498温氏股份深港通开通第一受益股,有望与国际同类消费股比肩抬升股价!","https://guba.eastmoney.com/news,601800,614699239.html",2017-03-07 10:25:00,"深港通开通第一受益股,有望与国际同类消费股比肩抬升股价!"
300498温氏股份高成长民营公司，农业大蓝筹，10倍市盈率的唯一消费股!,"https://guba.eastmoney.com/news,601800,614699112.html",2017-03-07 10:24:49,高成长民营公司，农业大蓝筹，10倍市盈率的唯一消费股!
300498温氏股份远期预期明确的猪禽养殖商，后市机构首选投机投资品种！,"https://guba.eastmoney.com/news,601800,614698283.html",2017-03-07 10:23:15,远期预期明确的猪禽养殖商，后市机构首选投机投资品种！
抄底和稳健的机构换股300498温氏股份，10倍市盈率绩优历史低点成长猪肉股!!,"https://guba.eastmoney.com/news,601800,614698034.html",2017-03-07 10:22:45,换股300498温氏股份，10倍市盈率绩优历史低点成长猪肉股!!
使劲跌我来抄底,"https://guba.eastmoney.com/news,601800,614692415.html",2017-03-07 10:13:50,使劲跌我来抄底
草还没有出现过，五连跌！挨球得很哦！,"https://guba.eastmoney.com/news,601800,614672239.html",2017-03-07 09:40:41,草还没有出现过，五连跌！挨球得很哦！
频频向股市再融资,"https://guba.eastmoney.com/news,601800,614671185.html",2017-03-07 09:38:53,高送转已成了上市公司攻无不克的战斗武器
再跌真成狗了，,"https://guba.eastmoney.com/news,601800,614664422.html",2017-03-07 09:25:33,再跌真成狗了，
次新小盘银行股常熟银行是黑马 巨大的比价空间 常熟银行连续上涨会上20元左右 机会来了,"https://guba.eastmoney.com/news,601800,614389157.html",2017-03-06 14:01:01,"次新小盘银行股常熟银行601128是黑马 巨大的比价空间 常熟银行连续上涨会上20元左右
国元证券000728——券商中的战斗机和龙头股，蓄势待发！会上30元左右"
拟出售三处非生产性房产,"https://guba.eastmoney.com/news,601800,614618605.html",2017-03-07 03:59:03,未来可能会有更多上市公司加入到卖房队伍中来
本周行情展望及板块关注,"https://guba.eastmoney.com/news,601800,614610251.html",2017-03-07 02:12:38,本周行情展望及板块关注
不知跌7%时有割的没？估计哭晕在厕所了。,"https://guba.eastmoney.com/news,601800,588597374.html",2017-01-16 14:50:58,不知跌7%时有割的没？估计哭晕在厕所了。
大量追高韭菜割肉，明天轻松拉起稳定股指。,"https://guba.eastmoney.com/news,601800,614518228.html",2017-03-06 20:01:57,大量追高韭菜割肉，明天轻松拉起稳定股指。
前期涨太多了,"https://guba.eastmoney.com/news,601800,614531223.html",2017-03-06 20:45:16,前期涨太多了
此股听说只有天上有，主力还快拉呀,"https://guba.eastmoney.com/news,601800,614391978.html",2017-03-06 14:06:39,此股听说只有天上有，主力还快拉呀
尾盘拉高肯定就是套人的，没说的,"https://guba.eastmoney.com/news,601800,614513906.html",2017-03-06 19:47:04,尾盘拉高肯定就是套人的，没说的
跌破12，补仓2000股，每跌1块补2000股，我看你,"https://guba.eastmoney.com/news,601800,614513831.html",2017-03-06 19:47:02,跌破12，补仓2000股，每跌1块补2000股，我看你
还有人忽悠大家买吗？哈哈,"https://guba.eastmoney.com/news,601800,614513754.html",2017-03-06 19:46:43,还有人忽悠大家买吗？哈哈
恶庄还不让人好好过个好年吗,"https://guba.eastmoney.com/news,601800,614513786.html",2017-03-06 19:46:39,恶庄还不让人好好过个好年吗
中国交建连跌两周为那般,"https://guba.eastmoney.com/news,601800,614505590.html",2017-03-06 19:17:46,请问做空机构黄金坑挖好了吗？
601800飞流直下三千尺为那般,"https://guba.eastmoney.com/news,601800,614503798.html",2017-03-06 19:10:41,连续下跌两周挖深坑埋谁呢？请问做空的所谓的主力！
中国交建不如中国银河,"https://guba.eastmoney.com/news,601800,614412927.html",2017-03-06 14:44:53,"中国银河，次新券商股
小盘低流通市值，主力深度介入，上行趋势良好。
公司实力强悍，发展前景光明
目前调整到位，加速上行一触即发。"
"看来明天还有一阴跌！基建里的孙子,","https://guba.eastmoney.com/news,601800,614442254.html",2017-03-06 15:49:09,"看来明天还有一阴跌！基建里的孙子,"
短期探底为主,"https://guba.eastmoney.com/news,601800,614462478.html",2017-03-06 16:43:37,目前看来，该股短期以探底为主，不会有太大的起势，能否有大庄家来底部抬轿上涨，还的看最近能否有大的利好消息。3月目前能预测的利好消息只有3-29日的年报
赶紧跌，我还有300万子弹没有打呢,"https://guba.eastmoney.com/news,601800,614433028.html",2017-03-06 15:25:23,赶紧跌，我还有300万子弹没有打呢
16.70   等到花儿都谢了.,"https://guba.eastmoney.com/news,601800,614397203.html",2017-03-06 14:16:14,16.70 等到花儿都谢了.
每天下午跳水，今天也不例外，大家排队一个一个来,"https://guba.eastmoney.com/news,601800,614364036.html",2017-03-06 13:14:28,每天下午跳水，今天也不例外，大家排队一个一个来
大道至简风向轮换       获利资金流入券商股！昨日有资金尾盘抢广发中信申万？近期券商发力狂飙迎两会！关注新券商法出台利好股市健康与制度健全        全,"https://guba.eastmoney.com/news,601800,609309194.html",2017-02-16 09:15:14,大道至简风向轮换 获利资金流入券商股！昨日有资金尾盘抢广发中信申万？近期券商发力狂飙迎两会！关注新券商法出台利好股市健康与制度健全 全球量化宽松股市要涨券商必飞
16.7元左右进吧,"https://guba.eastmoney.com/news,601800,614318339.html",2017-03-06 11:06:28,16.7元左右进吧
17可以大胆进,"https://guba.eastmoney.com/news,601800,614306221.html",2017-03-06 10:46:48,17可以大胆进
以17.18成交买入前以18.67卖出的中国交建，现在又已经开始建仓进货了，跌就,"https://guba.eastmoney.com/news,601800,613608339.html",2017-03-03 14:19:59,以17.18成交买入前以18.67卖出的中国交建，现在又已经开始建仓进货了，跌就跌个痛快吧。
最烂不过是交溅，草[大便][大便][大便],"https://guba.eastmoney.com/news,601800,614273704.html",2017-03-06 10:01:10,最烂不过是交溅，草[大便][大便][大便]
怎么回事啊[哭][哭][哭][哭][哭],"https://guba.eastmoney.com/news,601800,614272975.html",2017-03-06 09:59:29,怎么回事啊
这股开始下跌模式了,"https://guba.eastmoney.com/news,601800,614266664.html",2017-03-06 09:51:48,这股开始下跌模式了
不排除利益输送或内幕交易的可能,"https://guba.eastmoney.com/news,601800,614243749.html",2017-03-06 09:12:18,如果前次募资使用效率差
300231是IT和大数据龙头 美国最牛的股就是大数据,"https://guba.eastmoney.com/news,601800,613059472.html",2017-03-02 09:11:17,300231是IT和大数据龙头 美国最牛的股就是大数据
分化走势下如何选赚钱好股?,"https://guba.eastmoney.com/news,601800,614215642.html",2017-03-06 04:12:09,分化走势下如何选赚钱好股?
但再融资新政丝毫没有“按照上市公司质量来”,"https://guba.eastmoney.com/news,601800,614211783.html",2017-03-06 02:46:54,此举对于优化A股市场的资源配置将起着积极的作用
短期趋势逆转是什么性质的逆转,"https://guba.eastmoney.com/news,601800,614211367.html",2017-03-06 02:37:21,短期趋势逆转是什么性质的逆转
明天有快速拉升需要,"https://guba.eastmoney.com/news,601800,614202129.html",2017-03-06 00:03:34,这两天洗盘基本到位，主力可能快速拉升突破上次高点的需求。
同时,"https://guba.eastmoney.com/news,601800,614170300.html",2017-03-05 21:27:39,近年来
支持居民自住和进城人员购房需求 扎实推进新型城镇化 深化户籍制度改革 支持中小城市和特色小城镇发展  支持居民自住和进城人员2017年03月05日 0,"https://guba.eastmoney.com/news,601800,614158838.html",2017-03-05 20:39:30,"支持居民自住和进城人员购房需求 扎实推进新型城镇化 深化户籍制度改革 支持中小城市和特色小城镇发展

支持居民自住和进城人员购房需求 2017年03月05日 09:58 来源：新华网

支持中小城市和特色小城镇发展 2017年03月05日 10:16来源：中国新闻网

今年完成棚户区住房改造600万套2017年03月05日 10:08 来源：地产中国网"
融资规模甚至超过了公司本身的规模,"https://guba.eastmoney.com/news,601800,614016581.html",2017-03-05 02:49:46,从再融资新政来看
这算是利好吗,"https://guba.eastmoney.com/news,601800,613672125.html",2017-03-03 17:06:48,"德银发表报告称，近日到中国内地考察及分析PPP项目后，重申对内地基建行业正面看法，首选中交建(01800)及中国建筑(03311) ，前者目标价由12.08元升至13.71港元，后者由14.97港元升至16.06港元，评级均为“买入”。

该行看好中交建是因为该行认为，该公司中期可受惠一带一路发展，加上其估值较同业吸引;在三大基建股中，中交建PPP项目占比最高;同时，潜在国企改革利好其资产负债表。

德银提到，1月份国内基建项目订单仍然稳健，受到PPP项目(主要是高速公路及政府项目)发展加快的支持，该行认为强劲动力会在未来数月持续。

该行引述管理层估计今年新增订单将胜预期，上调2017-2018年内地基建支出2%至4%，并上调升中交建、中国建筑、中铁建(01186) 及中铁(00390) 2016-2018年盈测4%至7%，中铁建目标价由11.84港元升至13.36港元;中铁目标价由6.93港元升至7.92港元。"
沪指仍在3110~3135点平台上方,"https://guba.eastmoney.com/news,601800,613687123.html",2017-03-03 18:04:45,大盘延续弱势分化是不可能避免的
中国交建应挺直胸膛做有担当的责任公司,"https://guba.eastmoney.com/news,601800,613639049.html",2017-03-03 15:19:55,连读下跌13个文易曰为那般！要知耻而后勇！
天天这样走，有意思吗？,"https://guba.eastmoney.com/news,601800,613626282.html",2017-03-03 14:52:34,天天这样走，有意思吗？
这逼没涨一天，这段天天趺？为什么？,"https://guba.eastmoney.com/news,601800,613623879.html",2017-03-03 14:48:13,这逼没涨一天，这段天天趺？为什么？
今年最失败的一次操作，卖掉富春，买进这个，差了十个点一万块,"https://guba.eastmoney.com/news,601800,613599872.html",2017-03-03 14:05:05,今年最失败的一次操作，卖掉富春，买进这个，差了十个点一万块
还有的上市公司在融资的时候,"https://guba.eastmoney.com/news,601800,613601518.html",2017-03-03 14:07:48,这一次证监会向再融资出手
这种无门槛设置的做法,"https://guba.eastmoney.com/news,601800,613399111.html",2017-03-03 04:48:48,概括说来
大盘四周连阳啥意思？,"https://guba.eastmoney.com/news,601800,565372886.html",2016-11-04 15:04:40,"自见低2638点
10个月以来，
首次出现
四周连阳。

啥意思？"
牛股来了 本股的走势和分析 必看会发财的！,"https://guba.eastmoney.com/news,601800,613446023.html",2017-03-03 09:17:26,"300231是IT和大数据龙头 美国最牛的股就是大数据
国元证券000728——券商中的战斗机和龙头股，蓄势待发！会上30元左右"
H股的都涨疯了，你几把不涨,"https://guba.eastmoney.com/news,601800,612820249.html",2017-03-01 14:01:53,H股的都涨疯了，你几把不涨
真正让上市公司高送转与业绩成长性相匹配,"https://guba.eastmoney.com/news,601800,613235244.html",2017-03-02 15:23:09,而格力电器目前的回调
H股升7个点，这鸟股,"https://guba.eastmoney.com/news,601800,612891833.html",2017-03-01 17:14:18,H股升7个点，这鸟股
草还没有涨过就开始跌！蛋疼,"https://guba.eastmoney.com/news,601800,613094665.html",2017-03-02 10:16:54,草还没有涨过就开始跌！蛋疼
什么原因天天跌？,"https://guba.eastmoney.com/news,601800,613093242.html",2017-03-02 10:14:47,什么原因天天跌？
草耍流氓,"https://guba.eastmoney.com/news,601800,613083684.html",2017-03-02 10:00:07,草耍流氓
抵制乐天玛特，抵制部署萨德，我是红心买华联综超，行动起来吧！,"https://guba.eastmoney.com/news,601800,613068750.html",2017-03-02 09:35:04,抵制乐天玛特，抵制部署萨德，我是红心买华联，行动起来吧！
明天走势,"https://guba.eastmoney.com/news,601800,612983439.html",2017-03-01 23:31:11,不大涨，，就离开吧，，小心了，，，，，，，
美国实施相当于7万亿人民帀的基建投资，意味着什么？,"https://guba.eastmoney.com/news,601800,612953949.html",2017-03-01 21:20:50,建材提价，铜及相关金属必涨，基建龙头中国交建必涨。
明天继续熊样！,"https://guba.eastmoney.com/news,601800,612946529.html",2017-03-01 20:53:06,明天继续熊样！
特朗普寻求国会支持万亿美元基建计划,"https://guba.eastmoney.com/news,601800,612904865.html",2017-03-01 18:04:36,特朗普寻求国会支持万亿美元基建计划
"神算,明日涨4个点","https://guba.eastmoney.com/news,601800,612880972.html",2017-03-01 16:34:07,"神算,明日涨4个点"
今天能收红不错了 昨天融卷卖出60多万 今天不赶紧还吗  所以涨不起,"https://guba.eastmoney.com/news,601800,612847597.html",2017-03-01 14:52:35,。。。。看明天港股行情了 明天港股继续大涨百分8以上 不还的就找死了 行情得看明天港股是否继续 没继续就涨不起
什么东东？天天这样走，有意思吗？,"https://guba.eastmoney.com/news,601800,612842623.html",2017-03-01 14:44:10,什么东东？天天这样走，有意思吗？
天天出公告没人接盘是吗,"https://guba.eastmoney.com/news,601800,612843581.html",2017-03-01 14:45:46,天天出公告没人接盘是吗
草还亏2个点,"https://guba.eastmoney.com/news,601800,612825573.html",2017-03-01 14:12:14,草还亏2个点
草铁二局天天涨！都是中字头一带一路,"https://guba.eastmoney.com/news,601800,612814778.html",2017-03-01 13:50:57,草铁二局天天涨！都是中字头一带一路
草，今天不拉还等毛,"https://guba.eastmoney.com/news,601800,612802572.html",2017-03-01 13:27:50,草，今天不拉还等毛
草！还要洗盘？垃圾,"https://guba.eastmoney.com/news,601800,612798288.html",2017-03-01 13:19:54,草！还要洗盘？垃圾
我就不明白，涨的时候港股动不动就是3个点以上，大A就一点一点涨，跌的时候大A又跌,"https://guba.eastmoney.com/news,601800,612787104.html",2017-03-01 12:44:08,我就不明白，涨的时候港股动不动就是3个点以上，大A就一点一点涨，跌的时候大A又跌的快，什么破玩意。。交建、中铁、灵车都一个样
601800可能小区间还得整理。,"https://guba.eastmoney.com/news,601800,612782513.html",2017-03-01 12:21:55,可能。但000768还会上。
600690,"https://guba.eastmoney.com/news,601800,612781313.html",2017-03-01 12:15:40,600690
中 寻找中油资本和顺丰控股的共同点---St油工,"https://guba.eastmoney.com/news,601800,612781242.html",2017-03-01 12:15:19,"中 寻找中油资本和顺丰控股的共同点---St油工

2月10日，中油资本借壳*ST济柴挂牌A股市场。仅隔了一周，2月17日，中石油工程建设资产注入*ST天利上市也宣布圆满收官，st油工重组更名暨上市仪式在上海证券交易所举行。至此，中石油集团初步形成中国石油、中油资本和中油工程三大上市平台。
同样近日顺丰控股的连续涨停让我们找到了又一板块--小流通市值对应总市值较大的蓝筹股，截至昨日，两市最新流通市值占总市值比例低于11%有顺丰控股、中油资本、st油工、世纪游轮、中国银河、供销大集、蓝思科技、华钰矿业，通过进一步梳理发现实施定增重组、资产置换等注入大额资产最容易成为黑马，主要包括：顺丰控股(原鼎泰新材)、中油资本(原石油济柴)、**ST油工(中油工程，原*ST天利)、海航基础(原海岛建设)。
同样亚星化学的连续涨停也为st板块摘帽行情提供了参考。今日在亚星，顺丰，中油，供销大集均涨停的情况下，拥有上述三大题材于一身的st油工必将出现的爆发行情。"
暂时走了,"https://guba.eastmoney.com/news,601800,612737754.html",2017-03-01 10:36:15,我还会再回来的。
彭博：特朗普强调道路、桥梁、隧道、机场和铁路建设,"https://guba.eastmoney.com/news,601800,612728300.html",2017-03-01 10:21:29,中字头要大涨！
不走还买呢 山顶买准备跌回9块割肉？,"https://guba.eastmoney.com/news,601800,612724200.html",2017-03-01 10:15:09,
不板一个？咋对得起这一屏的公告嘛,"https://guba.eastmoney.com/news,601800,612718874.html",2017-03-01 10:06:57,不板一个？咋对得起这一屏的公告嘛
交建利好消息越多，跌的越狠！,"https://guba.eastmoney.com/news,601800,612711229.html",2017-03-01 09:54:14,交建利好消息越多，跌的越狠！
昨日发言会对券商寓言惊天利好     他的内心讲话透露大底气维稳大战略：券商保险无缝对接是股市定海神针你懂吗？是保险支持券商做大做强的集结号      券,"https://guba.eastmoney.com/news,601800,612113152.html",2017-02-27 10:45:24,昨日发言会对券商寓言惊天利好 他的内心讲话透露大底气维稳大战略：券商保险无缝对接是股市定海神针你懂吗？是保险支持券商做大做强的集结号 券商能有几个板 认可16年券商工作改善，129家券商重组兼并戏启动，高层支持上市大券商整合资产开启大投行国际化之路。广发中信申万招商将飞上天
股市自有黄金屋 个股自有颜如玉,"https://guba.eastmoney.com/news,601800,593083540.html",2017-01-22 15:23:16,"做空挖出黄金矿 多空博弈机会来
一、曹行虎再放狂言；东旭光电明年中旬将到26元/股 
2016年上半年，东旭光电的股价平均还只有6元左右，曹行虎先生就敢讲‘东旭光电年内将突破17元’，当时似乎很少有人相信，甚至谩骂；同年9月14号，该股确实到了17.47,元/股。之后，证监会勒令其停牌，机构开始做空至今。
今天他又说，‘东旭光电明年的中下旬必定突破26元/股、、、’，同样，这的确是令人难以置信而且胆寒的事。
根据东旭光电在建的偏光片、滤光片、8.5代大屏幕玻璃基板、石墨烯电池这四个项目将有三个项目将在6月份以后相继投产的情况看，该公司的股价在6月份后又很有可能到26元。曹先生的观点是：‘偏光片、滤光片、8.5代大屏幕玻璃基板这三项是中日合资项目，东旭光电去年已经投资了数十亿元在建，今年中旬将相继试车生产，中日合资产品性能可靠，完全取代目前国内进口无疑，其利润增长将会十分惊人、、、’他说：“东旭光电正在建设中的石墨烯电池预计2017年底试车生产，在该生产线建设的周期内，“稀王”石墨烯电池在满意的情况下还在不但地优化、改进、完善和提高，从而达到提高单位体积或kg内的电量容量，这是一个极具进取性的好现象，到时该石墨烯电池将会是名副其实的‘稀王’电池。”他说：“东旭光电在建即将投产的产品将在下游产业中供不应求、、、”他说:“东旭光电又和国内外顶级研究机构建立起了强大的战略合作关系，不定又有新的高科技项目立项投资，公司以后爆炸性的利好将会不但出现、、、”
对于东旭光电的进退，多日前我一直在模棱两可之间，但在事实面前我昨天进了80000股，一则定然看升；二则以利新股申购配号。
这次机构大举做空东旭光电赚了钱，不日机构将做多东旭光电又将赚大钱。
我相信曹先生的说法，也相信自己的判断。
东旭光电生产线不但升级换代，产品层次不但提高，在紧跟时代步伐的同时又不但创新；近年在石墨烯领域不但的拓展，又与国内外研发机构合作，该公司不但进取的精神代表了中国经济结构的转型。
放眼黑科技产业经久不衰 多空博弈将横扫乌合之众！东旭光电——旭日东升！

二、通信行业见实惠 两大黑科技应用都占有 

曹行虎先生一直认为；别看中天科技只是量子通信的概念股，但却是量子通信及目前的光纤通信中最得实惠的公司。
量子通信首先离不开光纤光缆、预制棒、接头传输增益设备等，不仅如此，中天科技还在开发量子通信领域中的一些重要部件；另外，提供海军之需求产品也在渐进，为我国广大海域提供电缆、特种电缆、舰船之特种电缆之设备等等、、、
中国电信和中国联通首先中天科技产品也是其实力的展示。
现在，中天科技又在石墨烯新型金属基石墨烯符合材料项目中取得重大的进展，其反复实验的成功结果令人非常满意，这预示着中天科技在新领域中又获得了很好的成功，为未来的业绩奠定了坚实而可靠的保证。
中天科技在量子通信和石墨烯这两大黑科技应用领域中都占有实实在在的实惠。随着公司的业务拓展，业绩超预期很正常。中天科技目前的市盈率很低，2016年报同比又是大涨70%—80%，预计2017年股价将突破22元至26元。中天科技将在21世纪立于不败之地！"
哈哈 绿了绿了 好开心，套死一批是一批,"https://guba.eastmoney.com/news,601800,612166526.html",2017-02-27 13:29:35,哈哈 绿了绿了 好开心，套死一批是一批
估计要跌回16去，回避！换股新澳,"https://guba.eastmoney.com/news,601800,612324750.html",2017-02-27 23:25:23,603889新澳股份
这个股市已经神经病了,"https://guba.eastmoney.com/news,601800,612204329.html",2017-02-27 14:51:45,这个股市已经神经病了
今天又逮了不少啊,"https://guba.eastmoney.com/news,601800,612203377.html",2017-02-27 14:49:18,今天又逮了不少啊
有意思么,"https://guba.eastmoney.com/news,601800,612188056.html",2017-02-27 14:17:34,凶狠砸盘你有意思么
股价有点高了,"https://guba.eastmoney.com/news,601800,610415972.html",2017-02-20 15:10:26,高位滞涨，很难突破了，不如看看其他一带一路没长的如中国化学，中国电建
中国交建起吗比中国建筑强多了吧,"https://guba.eastmoney.com/news,601800,612176613.html",2017-02-27 13:52:56,中国交建起吗比中国建筑强多了吧
国务院：加大政策扶持力度 加快建筑业企业“走出去”,"https://guba.eastmoney.com/news,601800,611752539.html",2017-02-24 23:33:20,"中国证券网讯 据中国政府网24日消息，为进一步深化建筑业“放管服”改革，加快产业升级，促进建筑业持续健康发展，为新型城镇化提供支撑，国务院办公厅印发关于促进建筑业持续健康发展的意见。

意见从七个方面对促进建筑业持续健康发展提出具体措施。一是深化建筑业简政放权改革，优化资质资格管理，强化个人执业资格制度；完善招标投标制度，缩小必须招标的工程建设项目范围，将依法必须招标的工程建设项目纳入统一的公共资源交易平台。二是完善工程建设组织模式，加快推行工程总承包，培育全过程工程咨询，发挥建筑师的主导作用。三是加强工程质量安全管理，全面落实各方主体的责任，强化政府对工程质量安全的监管，提升工程质量安全水平。四是优化建筑市场环境，建立统一开放的建筑市场，健全建筑市场信用体系；加强承包履约管理，规范工程价款结算，通过工程预付款、业主支付担保等经济和法律手段规范建设单位行为，预防拖欠工程款。五是提高从业人员素质，加快培养建筑人才，改革建筑用工制度，大力发展以作业为主的专业企业；全面落实劳动合同制度，建立健全与建筑业相适应的社会保险参保缴费方式，保护工人合法权益。六是推进建筑产业现代化，大力推广智能和装配式建筑，推动建造方式创新；提升建筑设计水平，加强技术研发应用，完善工程建设标准。七是加快建筑业企业“走出去”，加强中外标准衔接，提高对外承包能力，鼓励建筑企业积极有序开拓国际市场；加大政策扶持力度，重点支持对外经济合作战略项目。"
卖出这个垃圾股!换000640西安旅游！[鼓掌][鼓掌][鼓掌],"https://guba.eastmoney.com/news,601800,612167063.html",2017-02-27 13:30:42,卖出这个垃圾股!换000640西安旅游！
完了！今天又是唱衰,"https://guba.eastmoney.com/news,601800,612166374.html",2017-02-27 13:29:12,完了！今天又是唱衰
2000多亿啊,"https://guba.eastmoney.com/news,601800,612130978.html",2017-02-27 11:23:15,2000多亿的市值，竟然几手几手地成交，没咬头，主力增仓占比竟然排到前1000名，
601800可以适当关注有回抽前高可能,"https://guba.eastmoney.com/news,601800,611616076.html",2017-02-24 13:56:29,提示
中交集团被确定为国有资本投资公司试点单位，试点的初步方案已经拿出来了，正在向国资委报备，我们在全力推动,"https://guba.eastmoney.com/news,601800,611882372.html",2017-02-25 21:20:47,"华夏时报（公众号：chinatimes）记者 陈岩鹏 北京报道

　　“中交集团被确定为国有资本投资公司试点单位，试点的初步方案已经拿出来了，正在向国资委报备，我们在全力推动。”2月23日，中国交通建设集团董事长刘起涛在首届中国企业改革发展论坛上表示。

　　国资委已明确在神华集团、宝钢、武钢、中国五矿、招商局、中交集团和保利集团7家央企开展国有资本投资公司试点。与会的一位不具姓名的国资委人士向《华夏时报（公众号：chinatimes）》记者透露，上述试点单位均已提交改革方案，“成熟一家，批准一家。”

　　《华夏时报（公众号：chinatimes）》记者获得的最新消息是，神华集团正在牵头做煤炭行业兼并重组方案，提交的国有资本投资公司试点方案获批之后，今年就会实施。另外6家央企的试点方案今年也会陆续落地，央企的重组整合将驶入快车道。

　　试点方案已上报

　　在第二批国有资本投资公司试点单位当中，中交集团特点鲜明，它不仅是基础设施领域的唯一一家试点企业，同时也是在整体上市的基础上试点的。

　　至于试点方式，刘起涛曾表示，中交集团要从目前的管资产为主转向管资本为主，将来以管理若干个产业集团的资本来实现做大做强或做小退出，通过资本的增持和减持来调节，而不是在市场一线管资产。

　　记者从中国企业改革发展论坛上获悉，招商局集团也已上报“招商局集团改组为国有资本投资公司试点工作方案”。

　　根据方案，招商局集团未来将按照“总部主导、做实平台、提高能力、整合资源”的总体思路，充实完善集团作为资本投资运营平台的执行主体，通过资本运营优化现有业务组合，实现保值增值。

　　上述国资委人士告诉《华夏时报（公众号：chinatimes）》记者，不仅是中交集团和招商局，神华、宝武、五矿、保利的试点方案均涉及“重塑总部职能”相关内容。

　　这并非偶然。作为首批国有资本投资公司试点单位的中粮集团，其在去年出台的试点改革总体方案也重点“关照”了总部建设。按照“集团总部资本层-专业化公司资产层-生产单位执行层”三级架构，中粮集团瘦身健体，压缩管理层级，构建“小总部、大产业”体系。

　　依据精简高效原则，中粮集团将职能部门从13个压缩到7个，人员从610人调整至240人之内。

　　“去年总部的改革把职能部门从14个部门减到9个，处室从56个减到32个，管理人员控制在230人以内，实现了小总部、大产业的构架。”国家开发投资公司董事长王会生说。国投与中粮同时被纳入首批国有资本投资公司试点。

　　在各家的试点方案中，金融板块成为不可或缺的部分。目前，宝武集团已设立产业和金融业结合发展中心，承担金融板块的资本投资运营功能，对资产总量、结构和效率负责，推进资本投资项目的“投、融、管、退”。此外，招商局集团正在积极推进从三大主业到三大平台的重大战略性转换，实现实业经营、金融服务和投资与资本运营的有机结合。

　　据王会生介绍，国投先后成立了国投创新、国投创意等5家资本基金管理公司，先后发起设立了国家先进制造业产业投资基金、国家科技成果转化基金、国家新兴产业创意投资引导基金等等，目前我们管理的各类基金已经接近1500亿元，在战略新兴产业发展当中发挥着积极的作用。

　　“这有助于解决国企改革、供给侧改革过程中‘钱从哪里来’的问题。”中国企业研究院首席研究员李锦说。

　　重组或驶入快车道

　　国资委主任肖亚庆23日强调，要围绕服务国家战略，不断优化国有资本重点投资方向，充分发挥国有资本投资、运营公司的作用，促进国有资本合理流动优化配置。

　　在王会生看来，国有资本投资公司要通过投融资产业培育、资本整合推动国有资本向关系到国家安全、国民经济命脉和国计民生的重要领域和行业集中，特别是要向战略新兴产业集中发挥国有资本在供给侧结构性改革中的引领作用。

　　过去的14年，国投集团通过市场化的机制退出了1800多个项目，回收了2600多亿元重点保证国家新兴产业的投入。

　　“国投发挥资本投资公司市场化、专业化运作的平台作用，先后整合了5家中央企业，在结构调整中发挥了重要的作用。”王会生说。其中不乏“大手笔”：2014年把航运板块全部化转给中海中远集团，2016年主动将500多亿元煤炭资产全部整体移交给中煤公司。

　　无独有偶。中粮集团推进整合组建了18个专业化公司，从内部整合走向外部整合。去年7月，中纺集团整体并入中粮集团，成为其全资子企业。





　　据了解，重组以来，双方覆盖全球主要产区和销区的经营网络对接，进一步完善了中粮的全球布局，使之在粮油领域具备更强的上游掌控能力、物流保障能力、综合加工能力和市场覆盖能力。

　　上述试点方案提道：下一步中粮将对旗下粮贸、油脂、饲料、棉花等业务实施深度整合，持续做强做优做大，打造“世界一流企业”。

　　值得一提的是，国有资本投资公司在央企重组整合中发挥越来越重要的作用。过去3年中，央企近一半的重组由国有资本投资公司主导。李锦注意到，《中央关于深化国企改革的指导意见》把“三个一批”的事交给国有资本投资公司。

　　所谓“三个一批”是指“创新发展一批、重组整合一批、清理退出一批”。记者获悉，7家央企的试点方案今年会陆续落地，央企的重组整合将驶入快车道。

　　肖亚庆表示，要加快深度调整重组步伐，稳步推动企业集团层面兼并重组，加快推进钢铁、煤炭、电力业务整合，进一步实施专业化重组。
展开阅读全文"
顶部成立，中线下趺！,"https://guba.eastmoney.com/news,601800,612030388.html",2017-02-27 00:44:30,顶部成立，中线下趺！
2017年上海本地股国企改革的最大牛股花落谁家？,"https://guba.eastmoney.com/news,601800,612063429.html",2017-02-27 08:51:19,"上海开开实业600272是上海国改和重组大龙头 具有新零售 服装 金融 药业四大题材 臂比深特力A和上海风凰A
上海本地老字号是稀缺标的 因为物以稀为贵，稀有的是长期看好的 上海开开600272控股的雷允上是有三百年历史的老了号 时机一到 上海开开会一飞冲天
错过深圳国改龙头的百元牛股深特力A和上海风凰A是我的错，但不能一错再错 错过上海国改和重组龙头的大牛股上海开开实业
第三批上海自贸区挂牌在即 资金掘金概念股上海开开实业
融资股盘子大 套牢盘多 亏的机会多且每天要交利息 融资股的时代已经结束 不如上海小盘股升得快"
温水煮青蛙式下趺！顶部成立！,"https://guba.eastmoney.com/news,601800,612030458.html",2017-02-27 00:45:29,温水煮青蛙式下趺！顶部成立！
交建趋势，，，,"https://guba.eastmoney.com/news,601800,612015459.html",2017-02-26 22:05:18,卷土重来，，大势一定，，加大仓位，，，，22元，出
干脆跌停好了..,"https://guba.eastmoney.com/news,601800,579106096.html",2016-12-14 10:36:00,[大便]
强烈建议 ： 中国交建更名为五商中交！,"https://guba.eastmoney.com/news,601800,569122906.html",2016-11-15 18:42:14,"强烈建议 ：
中国交建更名为五商中交！
刘起涛：
“你们记住我的话，随着时间推移，中国交建的价值将会越来越高。”　
而且现在的资本市场，估值方法还是传统的估值方法，我们被列在建筑板块中，但中国交建从承包商到发展商到运营商再到投资商，业务已经发生很大变化，我们的资产结构、业务结构、商业模式，特别是海外业务，都有别于其他的建筑企业。"
绝无仅有：最具妖股潜质的股,"https://guba.eastmoney.com/news,601800,605811102.html",2017-02-11 00:12:36,"ST兴化（002109）
一，感觉这股绝无仅有! 16亿流通市值，比新股还小，随便一个游资就可以，成为妖股，尤其价位8元，同样的景谷林业36元，会眼睁睁出现一骑绝尘！
二，妖股典型气质，形态即将爆发：K线三个多月密谋协商，火力悄然在集中：蓄势待发准备，
三，即将摘帽：3月份公布年报，刚刚摘星没摘帽的景谷林业，跌势中从25涨到36元
四，重大事项没有公告：第四桶油入主 ，即延长石油，（中国石油，中国石化，目前最强势）
五，今年四季度以来，成功摘帽的ST股均迎来不同程度的上涨，“ST 春天”股票简称于11月21日变更为“青海春天”，该股四季度以来累计涨幅高达67.55%。此外，于10月27日摘帽的上海科技，四季度以来涨幅也高达73.73%，今年累计已经翻两番
2017年的第一摘帽股，开启每年一波的春季摘帽行情！"
七大央企资本投资试点方案上报 重组整合驶入快车道,"https://guba.eastmoney.com/news,601800,611792843.html",2017-02-25 09:26:12,“中交集团被确定为国有资本投资公司试点单位，试点的初步方案已经拿出来了，正在向国资委报备，我们在全力推动。”2月23日，中国交通建设集团董事长刘起涛在首届中国企业改革发展论坛上表示。
300409道氏股份国内石墨烯导电剂的龙头，拥有天然石墨类材料完整产业链！！,"https://guba.eastmoney.com/news,601800,609159313.html",2017-02-15 18:01:46,国内石墨烯导电剂的龙头，拥有天然石墨类材料完整产业链！！
300409道氏股份传统陶瓷墨水业务新增产能即将释放，业绩保持高速增长！！,"https://guba.eastmoney.com/news,601800,609159778.html",2017-02-15 18:03:07,传统陶瓷墨水业务新增产能即将释放，业绩保持高速增长！！
603798康普顿新产品供不应求，新增一倍产能即将释放，业绩保持高速增长！！,"https://guba.eastmoney.com/news,601800,610650065.html",2017-02-21 11:22:57,新产品供不应求，新增一倍产能即将释放，业绩保持高速增长！！
抄底的机构可以建仓603798康普顿，超小盘低市盈率高档润滑油高成长股！！！,"https://guba.eastmoney.com/news,601800,610649252.html",2017-02-21 11:20:51,建仓603798康普顿，超小盘低市盈率高档润滑油高成长股！！！
如何加入行进中的趋势分一杯羹,"https://guba.eastmoney.com/news,601800,611757421.html",2017-02-25 00:22:26,如何加入行进中的趋势分一杯羹
"谁有中国交建总公司经理电话,我家里人在他公司工作出了工伤人也死了,没人管,在南京","https://guba.eastmoney.com/news,601800,611620295.html",2017-02-24 14:05:37,"谁有中国交建总公司经理电话,我家里人在他公司工作出了工伤人也死了,没人管,在南京中交三航局,第三工程公司.谢谢啦"
两会行情预热,"https://guba.eastmoney.com/news,601800,611673587.html",2017-02-24 16:45:45,"下午航空股异动，表面看是消息影响，实质是混改行情启动，联通带东航
混改再启动，导火线就是两会，混改和一带一路就是两会概念股"
主力是个傻子，有种拉5个点以上啊，这样散户才会追，你以为现在散户还和以前一样吗,"https://guba.eastmoney.com/news,601800,611568285.html",2017-02-24 11:20:42,主力是个傻子，有种拉5个点以上啊，这样散户才会追，你以为现在散户还和以前一样吗
国家队每天都利用优势做t,"https://guba.eastmoney.com/news,601800,611601744.html",2017-02-24 13:25:53,国家队每天都利用优势做t
瘟！继续瘟死庄！,"https://guba.eastmoney.com/news,601800,611535858.html",2017-02-24 10:21:01,瘟！继续瘟死庄！
2017年上海本地股国企改革的最大牛股花落谁家？机会要把握,"https://guba.eastmoney.com/news,601800,611429424.html",2017-02-23 21:44:53,"上海开开实业600272是上海国改和重组大龙头 具有新零售 服装 金融 药业四大题材 臂比深特力A和上海风凰A
上海本地老字号是稀缺标的 因为物以稀为贵，稀有的是长期看好的 上海开开600272控股的雷允上是有三百年历史的老了号 时机一到 上海开开会一飞冲天
错过深圳国改龙头的百元牛股深特力A和上海风凰A是我的错，但不能一错再错 错过上海国改和重组龙头的大牛股上海开开实业
第三批上海自贸区挂牌在即 资金掘金概念股上海开开实业
融资股盘子大 套牢盘多 亏的机会多且每天要交利息 融资股的时代已经结束 不如上海小盘股升得快"
自作孽不可活,"https://guba.eastmoney.com/news,601800,611309039.html",2017-02-23 14:00:42,自作孽不可活。等到老夫投靠外国时。再把你们这些害人的家伙赶尽杀绝。
下午狂拉6%,"https://guba.eastmoney.com/news,601800,611270200.html",2017-02-23 11:59:36,下午狂拉6%
港珠澳大桥即将通车！1、主体桥梁钢结构部分： CB01合同段施工单位：武船重工有,"https://guba.eastmoney.com/news,601800,611249924.html",2017-02-23 11:07:09,"港珠澳大桥即将通车！1、主体桥梁钢结构部分：
CB01合同段施工单位：武船重工有限公司
CB02合同段施工单位：中铁山桥有限公司
CB03合同段施工单位：中交第一航务工程局有限公司与中交第二公路工程局有限公司组成的联合体
CB04合同段施工单位：广东省长大公路工程有限公司
CB05合同段施工单位：中铁大桥局股份有限公司
2、沉管隧道的施工图设计和施工：
以中国交通建设股份有限公司为牵头人的联合体（中国交通建设股份有限公司、艾奕康有限公司和上海城建(集团)公司）；设计团队由中交公路规划设计院有限公司、丹麦科威国际咨询公司(COWI A/S)、上海市隧道工程轨道交通设计研究院及中交第四航务工程勘察设计院有限公司组成
3、人工岛
中交一航局、中交四航局、天津航务局、广州航务局"
[肯尼亚]蒙内铁路将由中国交通建设集团负责运营维护 时间:2017-02-22,"https://guba.eastmoney.com/news,601800,611244820.html",2017-02-23 10:57:02,"[肯尼亚]蒙内铁路将由中国交通建设集团负责运营维护
时间:2017-02-22 13:52 来源:未知 作者:wdll 点击:62次
近日，肯尼亚铁路局首次公开表示，将由中国交通建设集团负责蒙内铁路项目的运营和维护，运营团队包括中交建集团管理人员和3000多名肯当地员工。目前，铁路运营需要的当地员工正在肯尼亚铁道学院接受培训，培训合格后将从事机车驾驶、站台操作、信号、监控等方面的工作。蒙内铁路通车后，肯尼亚铁路货运量将由目前的150万吨增加到2200万吨，肯制造业成本有望降低50%。"
中国交建：明天起飞,"https://guba.eastmoney.com/news,601800,611236010.html",2017-02-23 10:39:18,
主力连续五天净流入，今天流入量先高后减，明显在拉升出货，大家有获利的或者小亏的赶,"https://guba.eastmoney.com/news,601800,590873760.html",2017-01-18 10:09:20,主力连续五天净流入，今天流入量先高后减，明显在拉升出货，大家有获利的或者小亏的赶紧出了！
瞧见没，散户不好骗了。就会使劲拉。尾盘抄，一天一卖，看他怎么割,"https://guba.eastmoney.com/news,601800,611207807.html",2017-02-23 09:47:08,瞧见没，散户不好骗了。就会使劲拉。尾盘抄，一天一卖，看他怎么割
瞧见没，散户不好骗了。就会使劲拉。一天一卖，看他怎么割,"https://guba.eastmoney.com/news,601800,611207143.html",2017-02-23 09:45:46,瞧见没，散户不好骗了。就会使劲拉。一天一卖，看他怎么割
草卖了铁二局，卖了交建破股,"https://guba.eastmoney.com/news,601800,611033854.html",2017-02-22 14:59:46,草卖了铁二局，卖了交建破股
中国交建一带一路的领头羊年内股价必上50元,"https://guba.eastmoney.com/news,601800,610883628.html",2017-02-22 08:18:35,中国交建一带一路的领头羊年内股价必上50元
应验了那句话，中字开头的票是垃圾,"https://guba.eastmoney.com/news,601800,610902883.html",2017-02-22 09:39:51,应验了那句话，中字开头的票是垃圾
今日趋势,"https://guba.eastmoney.com/news,601800,610887049.html",2017-02-22 08:42:12,"周二大盘继续上行,上证50指数与预计的压力位误差一个点停止上行,而周一减仓等待方向选择的创业板大幅上涨.周二的十点多当创业板确定上行成立后的起涨点提示了机会,但如此稳健的操作有人却不理解舍弃一点点后突破才继续介入的意义也没法:佛渡有缘人! 

周一的高抛减仓创业板纯粹是因为创业板破位后回抽到达压力位不过,万一选择下行,将是连续性地下跌,还好目前选择了突破向上.但周二强势突破后目前上方即将又遇压力,短线应是冲高后回落的态势,周三切忌追高只能高抛后低吸.

大盘,趋势向上没变,由于上证50遇到强压区,选线围绕这里震荡一下正常.创业板强势突破后上方压力已经过近,也有冲高后回落整理需要,故计划短线高抛后低吸思维.

周二早盘及时补仓创业板继续获利,计划周三择机高抛后低吸的思维为主."
002321 002827 603928 300589 300417 00225,"https://guba.eastmoney.com/news,601800,610811359.html",2017-02-21 20:47:43,002321 002827 603928 300589 300417 002251 002237 300391养老金入市在即、再融资新政抑制大股东疯狂圈钱、'两会'窗口期新股上市数量明显减少等多重利好交织让A股频吹暖风，一场春季攻势也在如火如荼的进行。向上趋势一旦形成，中期震荡上行的节奏将不会改变。节后撸袖子干就是没有错，我们需要将仓位配置到有业绩支撑或主力深耕其中、有成交量较活跃等安全边际较高的个股上，保持原有看多做多态势， 争取更大利益！
45万亿概念股,"https://guba.eastmoney.com/news,601800,610806362.html",2017-02-21 20:24:14,603018
严以律已，赢在执行！！,"https://guba.eastmoney.com/news,601800,609928302.html",2017-02-17 23:30:51,严以律已，赢在执行！！
明日大盘需要有回踩动作才能更好向上,"https://guba.eastmoney.com/news,601800,610769236.html",2017-02-21 17:29:04,明日大盘需要有回踩动作才能更好向上
601800:中国交建关于对外投资的关联交易公告,"https://guba.eastmoney.com/news,601800,583504503.html",2016-12-28 17:03:28,"公告日期：2016-12-29
证券代码：601800 证券简称：中国交建 公告编号：临2016-052



中国交通建设股份有限公司



关于对外投资的关联交易公告



中国交通建设股份有限公司（以下简称本公司或公司）董事会及全体董事保证本公告内容不存在任何虚假记载、误导性陈述或者重大遗漏，并对其内容的真实性、准确性和完整性承担个别及连带责任。



重要内容提示：



本次关联交易的预计金额为10,593万美元，未导致上市公司主营业务、



资产、收入发生重大变化的比例，不构成《上市公司重大资产重组办法》中规定的重大资产重组。



过去12个月内，根据《上海证券交易所上市规则》及《关联交易实施指



引》，需要累计计算的本公司与同一关联人进行的关联交易为41,345万美元。



过去12个月内，公司与关联人发生的关联交易涉及需累计计算的金额为



51,938万美元（约合34.24亿人民币），未超过公司最近一期经审计净资产值的



5%，该等关联交易议案无需提交股东大会审议。



一、关联交易的概述



（一）关于中交南美区域公司各股东方对其增资的关联交易



公司第三届董事会第三十次会议审议通过了《关于中交南美区域公司各股东方对其增资及所涉关联交易的议案》，同意公司及下属子公司中国港湾工程有限责任公司（以下简称中国港湾）、中国路桥工程有限责任公司（以下简称中国路桥）、上海振华重工（集团）股份有限公司（以下简称振华重工）、中交疏浚（集团）股份有限公司（以下简称中交疏浚）分别向中交南部拉美区域公司（以下简称中交南美区域公司）增资1,860万美元、1,674万美元、1,488万美元、1,488万美元、1,395万美元。中国交通建设集团有限公司（以下简称中交集团）下属子公司中交海外房地产有限公司（以下简称中交海外地产）本次向中交南美区域公司增资1,395万美元。



中交海外地产为公司控股股东中交集团通过中交房地产集团有限公司控制的公司，根据《上海证券交易所股票上市规则》和《关联交易实施指引》的相关规定，中交海外地产属于本公司的关联法人。因此，上述交易构成公司的关联交易。



（二）关于中国路桥投资建设尼日尔水泥厂的关联交易



公司第三届董事会第三十次会议审议通过了《关于中国路桥投资建设尼日尔水泥厂及所涉关联交易的议案》，同意公司下属子公司中国路桥与中交集团下属全资子公司中交产业投资控股有限公司（以下简称中交产投）和尼日尔政府合作投资建设尼日尔水泥厂项目。该项目拟设立项目公司中尼水泥股份有限公司，注册资金为200万美元，注册地为尼日尔首都尼亚美市，股权结构为：中国路桥持股占60%，出资2,688万美元；中交产投持股占20%，出资896万美元；尼日尔政府持股占20%，出资398万美元（根据尼日尔现行《矿业法》规定，尼日尔政府应在合营公司中获得 10%的干股，享有 10%的免出资权，相应部分出资由其他股东按照出资比例承担）。



中交产投为公司控股股东中交集团的全资子公司，根据《上海证券交易所股票上市规则》和《关联交易实施指引》的相关规定，中交产投为本公司的关联法人，因此，上述交易构成公司的关联交易。



二、关联方介绍



（一）中交海外房地产有限公司



1. 公司名称：中交海外房地产有限公司



2. 注册资本：1亿美元



3. 注册地：新加坡



4. 成立日期：2015年9月14日



5. 主要股东：中交房地产集团有限公司持股 51%，中国港湾持股 24.5%，



中国路桥持股 24.5%。



6. 控股股东财务情况：截至2016年6月 30 日，中交房地产集团有限公司



未经审计总资产为人民币20,712,338万元，负债合计16,210,840万元，股东权益



为4,501,496万元，净利润为32,969万元。



（二）中交产业投资控股有限公司



1. 公司名称：中交产业投资控股有限公司



2. 注册资本：6亿元人民币



3. 法定代表人：陈重



4. 注册地址：广州市南沙区海滨路171号9层903室



5. 成立日期：2016年10月13日



6. 经营范围：资产管理（不含许可审批项目），企业管理服务（涉及许可经



营项目的除外）；投资管理服务；工程项目管理服务；能源技术研究、技术开发服务；房地产开发经营；企业自有资……
[点击查看PDF原文]
提示：本网不保证其真实性和客观性，一切有关该股的有效信息，以交易所的公告为准，敬请投资者注意风险。
展开阅读全文"
601800:中国交建独立董事关于关联交易事项的独立意见,"https://guba.eastmoney.com/news,601800,583504505.html",2016-12-28 17:03:28,"公告日期：2016-12-29
 中国交通建设股份有限公司



独立董事关于关联交易事项的独立意见



作为中国交通建设股份有限公司（以下简称公司）的独立董事，我们根据《上海证券交易所股票上市规则》、《上海证券交易所上市公司关联交易实施指引》以及《中国交通建设股份有限公司章程》等有关规定，经审阅和查询相关材料，基于独立判断，对公司第三届董事会第三十次会议审议的《关于中交南美区域公司各股东方对其增资及所涉关联交易的议案》、《关于中国路桥投资建设尼日尔水泥厂及所涉关联交易的议案》和《关于调整2016年度日常性关联（连）交易金额的议案》发表独立意见如下：



一、上述关联交易决策程序合法公正，符合《公司法》、《证券法》等有关法律、法规和公司章程的规定；



二、上述关联交易遵循了公平、公正、自愿、诚信的原则，不存在损害公司或股东利益，特别是非关联中小股东利益的情形。



（以下无正文）



（此页无正文，为《中国交通建设股份有限公司独立董事关于关联交易事项的独立意见》之签字页）



独立董事签字：



________________



刘章民 梁创顺



黄龙



2016年12月28日




[点击查看PDF原文]
提示：本网不保证其真实性和客观性，一切有关该股的有效信息，以交易所的公告为准，敬请投资者注意风险。
展开阅读全文"
此股已经高位，已进入危险区域，明天转战,"https://guba.eastmoney.com/news,601800,610755025.html",2017-02-21 16:38:24,此股已经高位，已进入危险区域，明天转战
幸好昨天冲高走了，要不然又被闷在里面了,"https://guba.eastmoney.com/news,601800,610729929.html",2017-02-21 15:10:32,里面的兄弟你们还好吗
牛来了 2017年市场最热门的题材是上海本地股的国改,"https://guba.eastmoney.com/news,601800,610274616.html",2017-02-20 10:41:22,"上海梅林600073:加速整合聚焦，肉类航母起航
上海梅林成交量持续放大，显示大机构入场。启动前总会洗盘，清理跟风者，不足为奇。先有量，后有价。目前上海梅林在等均线系统起来，向上趋势明显，成交配合，重要的是远远强于春节前！从月线看，有理由在3月份站上13元以上。
同时还可以重点关注国改龙头600272 上海本地老字号是稀缺标的 因为物以稀为贵，稀有的是长期看好的 上海开开600272控股的雷允上是有三百年历史的老了号 时机一到 上海开开会一飞冲天"
呼唤万手哥和国家队。,"https://guba.eastmoney.com/news,601800,610715199.html",2017-02-21 14:36:36,呼唤万手哥和国家队。
走人，不玩了。,"https://guba.eastmoney.com/news,601800,610712623.html",2017-02-21 14:32:50,走人，不玩了。
赚钱的公司不会上市 赔钱的公司才上市,"https://guba.eastmoney.com/news,601800,610689927.html",2017-02-21 13:42:25,"赚钱的公司不会上市
赔钱的公司才上市"
